race_date,stadium_number,race_number,race_closed_at,race_grade_number,race_title,boat_number,racer_number,racer_name,racer_class_number,racer_age,racer_weight,racer_flying_count,racer_late_count,racer_average_start_timing,racer_national_top_1_percent,racer_national_top_2_percent,racer_national_top_3_percent,racer_local_top_1_percent,racer_local_top_2_percent,racer_local_top_3_percent,racer_assigned_motor_top_2_percent,racer_assigned_motor_top_3_percent,racer_assigned_boat_top_2_percent,racer_assigned_boat_top_3_percent
2025-10-19,2,1,2025-10-19 10:47:00,5,日本財団会長賞,1,3647,伊藤 雄二,3,52,51,1,0,0.15,3.98,18.18,32.95,4.4,12.7,38.1,35.85,56.6,52.27,75
2025-10-19,2,1,2025-10-19 10:47:00,5,日本財団会長賞,2,4145,小澤 学,3,43,53.7,0,0,0.26,3.77,11.83,30.11,4.94,19.44,44.44,20.83,50,29.55,52.27
2025-10-19,2,1,2025-10-19 10:47:00,5,日本財団会長賞,3,4023,柴田 友和,3,48,52,0,0,0.17,4.53,23.4,39.36,4.81,25,37.5,52.08,70.83,23.33,50
2025-10-19,2,1,2025-10-19 10:47:00,5,日本財団会長賞,4,4835,橋本 明,3,37,54.1,0,0,0.15,4.91,22.73,47.27,4.29,14.29,42.86,9.38,21.88,26.32,44.74
2025-10-19,2,1,2025-10-19 10:47:00,5,日本財団会長賞,5,5293,眞崎 武蔵,3,23,52,2,0,0.16,1.96,3.64,10.91,1.52,0,0,33.33,50.98,30.95,42.86
2025-10-19,2,1,2025-10-19 10:47:00,5,日本財団会長賞,6,3726,桂林 寛,3,54,55,2,0,0.16,3.7,18.6,32.56,6.5,50,70,39.53,53.49,41.67,68.75
2025-10-19,2,2,2025-10-19 11:16:00,5,日本財団会長賞,1,5266,石田 勇斗,4,25,53.4,0,0,0.25,3.66,12.2,25.61,2,5.88,8.82,14.29,38.1,39.58,47.92
2025-10-19,2,2,2025-10-19 11:16:00,5,日本財団会長賞,2,3930,岸本 隆,2,49,54.3,0,0,0.16,5.45,36.61,50.89,0,0,0,27.45,41.18,39.13,63.04
2025-10-19,2,2,2025-10-19 11:16:00,5,日本財団会長賞,3,4786,佐藤 博亮,1,37,52.4,0,0,0.14,6.3,47.06,58.82,6.35,47.83,69.57,44.19,55.81,30.56,52.78
2025-10-19,2,2,2025-10-19 11:16:00,5,日本財団会長賞,4,4375,照屋 厚仁,2,41,52.5,0,0,0.16,5.56,39.47,55.26,5.12,23.53,58.82,23.26,46.51,20,28.57
2025-10-19,2,2,2025-10-19 11:16:00,5,日本財団会長賞,5,3832,下田 哲也,3,51,56.2,0,0,0.17,4.85,28.57,45.92,4.89,33.33,44.44,6.06,24.24,37.5,47.92
2025-10-19,2,2,2025-10-19 11:16:00,5,日本財団会長賞,6,3246,星野 政彦,3,61,52.9,2,0,0.16,3.89,15.38,29.23,5.39,21.74,52.17,22.5,32.5,23.68,36.84
2025-10-19,2,3,2025-10-19 11:45:00,5,日本財団会長賞,1,5290,坂本 一真,3,24,51.5,0,0,0.18,2.65,10,15,1.36,0,3.03,20,25.71,48.94,63.83
2025-10-19,2,3,2025-10-19 11:45:00,5,日本財団会長賞,2,3905,天野 友和,2,48,52,0,0,0.16,6.24,45.69,63.79,5.76,29.73,67.57,20.45,40.91,29.27,51.22
2025-10-19,2,3,2025-10-19 11:45:00,5,日本財団会長賞,3,4377,濱本 優一,2,41,50,0,0,0.17,6.98,58.4,76.8,7.06,66.67,77.78,36.54,57.69,44.19,62.79
2025-10-19,2,3,2025-10-19 11:45:00,5,日本財団会長賞,4,3885,久田 武,2,51,52.8,1,0,0.17,4.81,28.09,47.19,4.75,25,40.63,26.83,34.15,33.33,42.86
2025-10-19,2,3,2025-10-19 11:45:00,5,日本財団会長賞,5,3327,野長瀬 正孝,1,58,52,1,0,0.16,5.98,39.29,61.9,6.4,50,73.81,21.21,39.39,30.3,39.39
2025-10-19,2,3,2025-10-19 11:45:00,5,日本財団会長賞,6,4327,加藤 翔,3,42,52,0,0,0.2,4.13,18.18,33.33,2.63,0,12.5,59.57,68.09,34.09,52.27
2025-10-19,2,4,2025-10-19 12:14:00,5,日本財団会長賞,1,5280,廣瀬 凜,3,22,52,0,0,0.21,6.05,39.64,63.06,0,0,0,25.64,46.15,22.86,48.57
2025-10-19,2,4,2025-10-19 12:14:00,5,日本財団会長賞,2,4852,川原 祐明,1,30,52,0,0,0.17,6.48,46.02,65.49,5.8,30,60,18.75,43.75,52.27,65.91
2025-10-19,2,4,2025-10-19 12:14:00,5,日本財団会長賞,3,4607,鶴田 勇雄,2,36,52,1,0,0.17,5.63,35.64,59.41,6.82,47.06,88.24,30,52.5,38.3,48.94
2025-10-19,2,4,2025-10-19 12:14:00,5,日本財団会長賞,4,5349,宮崎 奏磨,4,21,54.2,0,0,0.22,1.39,1.3,1.3,1,0,0,36,48,22.86,45.71
2025-10-19,2,4,2025-10-19 12:14:00,5,日本財団会長賞,5,3303,渡辺 豊,2,58,54.1,1,0,0.18,4.65,25.77,43.3,5.05,31.58,57.89,47.27,65.45,48.78,60.98
2025-10-19,2,4,2025-10-19 12:14:00,5,日本財団会長賞,6,4211,村田 敦,3,42,61.4,0,0,0.15,3.99,16,33.33,4.47,17.65,38.24,11.76,17.65,37.78,53.33
2025-10-19,2,5,2025-10-19 12:44:00,5,日本財団会長賞,1,4330,奈須 啓太,2,42,52,1,0,0.12,6.25,44.58,62.65,6.55,45.45,63.64,44.44,59.26,22.86,37.14
2025-10-19,2,5,2025-10-19 12:44:00,5,日本財団会長賞,2,4837,酒井 陽祐,3,36,51.5,0,0,0.19,4.63,28.89,42.22,4.06,25,31.25,18.75,37.5,40.91,59.09
2025-10-19,2,5,2025-10-19 12:44:00,5,日本財団会長賞,3,4374,永田 義紘,3,41,52.4,0,0,0.17,4.71,22.55,42.16,3.43,14.29,28.57,34,50,30.95,38.1
2025-10-19,2,5,2025-10-19 12:44:00,5,日本財団会長賞,4,5042,畑田 汰一,1,26,52,0,0,0.11,7,51.94,72.09,6.25,49.64,62.04,46.34,63.41,43.75,58.33
2025-10-19,2,5,2025-10-19 12:44:00,5,日本財団会長賞,5,3911,鈴木 猛,3,51,53.7,0,0,0.17,5.45,36.97,52.1,4.61,25,38.89,33.33,47.62,28.89,40
2025-10-19,2,5,2025-10-19 12:44:00,5,日本財団会長賞,6,5293,眞崎 武蔵,3,23,52,2,0,0.16,1.96,3.64,10.91,1.52,0,0,33.33,50.98,30.95,42.86
2025-10-19,2,6,2025-10-19 13:14:00,5,日本財団会長賞,1,3940,飯山 泰,1,47,52,0,0,0.15,6.33,44.78,66.42,7.39,58.7,80.43,62.71,69.49,26.32,44.74
2025-10-19,2,6,2025-10-19 13:14:00,5,日本財団会長賞,2,3659,藤生 雄人,2,51,53.8,1,0,0.18,5.16,32.53,54.22,4.47,21.28,40.43,27.27,48.48,26.47,35.29
2025-10-19,2,6,2025-10-19 13:14:00,5,日本財団会長賞,3,4835,橋本 明,3,37,54.1,0,0,0.15,4.91,22.73,47.27,4.29,14.29,42.86,9.38,21.88,26.32,44.74
2025-10-19,2,6,2025-10-19 13:14:00,5,日本財団会長賞,4,3300,川崎 智幸,2,58,53.4,1,0,0.14,6.31,48.18,61.82,6.31,37.5,62.5,21.95,39.02,34.88,55.81
2025-10-19,2,6,2025-10-19 13:14:00,5,日本財団会長賞,5,4750,井上 尚悟,3,38,52.2,1,0,0.17,4.71,26.25,43.75,3.76,17.65,29.41,48.15,72.22,10,22.5
2025-10-19,2,6,2025-10-19 13:14:00,5,日本財団会長賞,6,3251,平石 和男,2,59,50.5,0,0,0.2,5.85,40.91,57.58,5.87,36.94,61.78,37.5,50,21.95,39.02
2025-10-19,2,7,2025-10-19 13:44:00,5,日本財団会長賞,1,3327,野長瀬 正孝,1,58,52,1,0,0.16,5.98,39.29,61.9,6.4,50,73.81,21.21,39.39,30.3,39.39
2025-10-19,2,7,2025-10-19 13:44:00,5,日本財団会長賞,2,3832,下田 哲也,3,51,56.2,0,0,0.17,4.85,28.57,45.92,4.89,33.33,44.44,6.06,24.24,37.5,47.92
2025-10-19,2,7,2025-10-19 13:44:00,5,日本財団会長賞,3,5266,石田 勇斗,4,25,53.4,0,0,0.25,3.66,12.2,25.61,2,5.88,8.82,14.29,38.1,39.58,47.92
2025-10-19,2,7,2025-10-19 13:44:00,5,日本財団会長賞,4,4327,加藤 翔,3,42,52,0,0,0.2,4.13,18.18,33.33,2.63,0,12.5,59.57,68.09,34.09,52.27
2025-10-19,2,7,2025-10-19 13:44:00,5,日本財団会長賞,5,4023,柴田 友和,3,48,52,0,0,0.17,4.53,23.4,39.36,4.81,25,37.5,52.08,70.83,23.33,50
2025-10-19,2,7,2025-10-19 13:44:00,5,日本財団会長賞,6,5315,浅井 翼,3,25,50.5,1,0,0.17,2.69,6.67,18.67,1.75,3.08,4.62,37.5,45.83,40.91,61.36
2025-10-19,2,8,2025-10-19 14:15:00,5,日本財団会長賞,1,3860,松本 浩貴,3,52,52.9,0,0,0.19,4.53,24.49,41.84,3.96,15.56,31.11,35.42,62.5,18.42,47.37
2025-10-19,2,8,2025-10-19 14:15:00,5,日本財団会長賞,2,4607,鶴田 勇雄,2,36,52,1,0,0.17,5.63,35.64,59.41,6.82,47.06,88.24,30,52.5,38.3,48.94
2025-10-19,2,8,2025-10-19 14:15:00,5,日本財団会長賞,3,4145,小澤 学,3,43,53.7,0,0,0.26,3.77,11.83,30.11,4.94,19.44,44.44,20.83,50,29.55,52.27
2025-10-19,2,8,2025-10-19 14:15:00,5,日本財団会長賞,4,4594,谷川 祐一,2,43,52.4,1,0,0.16,6.04,42.72,59.22,5.45,45.45,45.45,38.1,57.14,20.51,38.46
2025-10-19,2,8,2025-10-19 14:15:00,5,日本財団会長賞,5,5349,宮崎 奏磨,4,21,54.2,0,0,0.22,1.39,1.3,1.3,1,0,0,36,48,22.86,45.71
2025-10-19,2,8,2025-10-19 14:15:00,5,日本財団会長賞,6,3499,市川 哲也,2,57,52,1,0,0.14,6.1,41.86,60.47,0,0,0,16.13,35.48,23.08,35.9
2025-10-19,2,9,2025-10-19 14:46:00,5,日本財団会長賞,1,3303,渡辺 豊,2,58,54.1,1,0,0.18,4.65,25.77,43.3,5.05,31.58,57.89,47.27,65.45,48.78,60.98
2025-10-19,2,9,2025-10-19 14:46:00,5,日本財団会長賞,2,4374,永田 義紘,3,41,52.4,0,0,0.17,4.71,22.55,42.16,3.43,14.29,28.57,34,50,30.95,38.1
2025-10-19,2,9,2025-10-19 14:46:00,5,日本財団会長賞,3,5290,坂本 一真,3,24,51.5,0,0,0.18,2.65,10,15,1.36,0,3.03,20,25.71,48.94,63.83
2025-10-19,2,9,2025-10-19 14:46:00,5,日本財団会長賞,4,4852,川原 祐明,1,30,52,0,0,0.17,6.48,46.02,65.49,5.8,30,60,18.75,43.75,52.27,65.91
2025-10-19,2,9,2025-10-19 14:46:00,5,日本財団会長賞,5,4330,奈須 啓太,2,42,52,1,0,0.12,6.25,44.58,62.65,6.55,45.45,63.64,44.44,59.26,22.86,37.14
2025-10-19,2,9,2025-10-19 14:46:00,5,日本財団会長賞,6,5332,村松 遥輝,3,21,52.5,1,0,0.16,3.32,13.98,24.73,3.43,28.57,28.57,22.86,40,23.08,43.59
2025-10-19,2,10,2025-10-19 15:18:00,5,日本財団会長賞,1,4750,井上 尚悟,3,38,52.2,1,0,0.17,4.71,26.25,43.75,3.76,17.65,29.41,48.15,72.22,10,22.5
2025-10-19,2,10,2025-10-19 15:18:00,5,日本財団会長賞,2,5042,畑田 汰一,1,26,52,0,0,0.11,7,51.94,72.09,6.25,49.64,62.04,46.34,63.41,43.75,58.33
2025-10-19,2,10,2025-10-19 15:18:00,5,日本財団会長賞,3,3905,天野 友和,2,48,52,0,0,0.16,6.24,45.69,63.79,5.76,29.73,67.57,20.45,40.91,29.27,51.22
2025-10-19,2,10,2025-10-19 15:18:00,5,日本財団会長賞,4,3659,藤生 雄人,2,51,53.8,1,0,0.18,5.16,32.53,54.22,4.47,21.28,40.43,27.27,48.48,26.47,35.29
2025-10-19,2,10,2025-10-19 15:18:00,5,日本財団会長賞,5,4375,照屋 厚仁,2,41,52.5,0,0,0.16,5.56,39.47,55.26,5.12,23.53,58.82,23.26,46.51,20,28.57
2025-10-19,2,10,2025-10-19 15:18:00,5,日本財団会長賞,6,5280,廣瀬 凜,3,22,52,0,0,0.21,6.05,39.64,63.06,0,0,0,25.64,46.15,22.86,48.57
2025-10-19,2,11,2025-10-19 15:51:00,5,日本財団会長賞,1,3251,平石 和男,2,59,50.5,0,0,0.2,5.85,40.91,57.58,5.87,36.94,61.78,37.5,50,21.95,39.02
2025-10-19,2,11,2025-10-19 15:51:00,5,日本財団会長賞,2,4377,濱本 優一,2,41,50,0,0,0.17,6.98,58.4,76.8,7.06,66.67,77.78,36.54,57.69,44.19,62.79
2025-10-19,2,11,2025-10-19 15:51:00,5,日本財団会長賞,3,3940,飯山 泰,1,47,52,0,0,0.15,6.33,44.78,66.42,7.39,58.7,80.43,62.71,69.49,26.32,44.74
2025-10-19,2,11,2025-10-19 15:51:00,5,日本財団会長賞,4,4786,佐藤 博亮,1,37,52.4,0,0,0.14,6.3,47.06,58.82,6.35,47.83,69.57,44.19,55.81,30.56,52.78
2025-10-19,2,11,2025-10-19 15:51:00,5,日本財団会長賞,5,3930,岸本 隆,2,49,54.3,0,0,0.16,5.45,36.61,50.89,0,0,0,27.45,41.18,39.13,63.04
2025-10-19,2,11,2025-10-19 15:51:00,5,日本財団会長賞,6,4837,酒井 陽祐,3,36,51.5,0,0,0.19,4.63,28.89,42.22,4.06,25,31.25,18.75,37.5,40.91,59.09
2025-10-19,2,12,2025-10-19 16:25:00,5,日本財団会長賞,1,4136,江夏 満,1,45,52,0,0,0.16,6.83,51.67,74.17,0,0,0,37.5,54.17,27.5,45
2025-10-19,2,12,2025-10-19 16:25:00,5,日本財団会長賞,2,4516,野口 勝弘,1,38,49.5,0,0,0.15,6.07,41.98,65.65,6.15,46.15,61.54,30.77,48.72,28.13,34.38
2025-10-19,2,12,2025-10-19 16:25:00,5,日本財団会長賞,3,5141,大澤 風葵,1,24,52.5,1,0,0.12,5.95,40.71,60.18,7,55.17,72.41,21.62,40.54,27.03,40.54
2025-10-19,2,12,2025-10-19 16:25:00,5,日本財団会長賞,4,4099,吉永 則雄,1,46,52.6,0,0,0.16,6.35,50,69,4.6,33.33,40,35.29,52.94,18.92,27.03
2025-10-19,2,12,2025-10-19 16:25:00,5,日本財団会長賞,5,4144,石塚 久也,1,44,52,1,0,0.16,5.9,43.18,63.64,6.55,49.67,67.32,50,78.85,25.71,42.86
2025-10-19,2,12,2025-10-19 16:25:00,5,日本財団会長賞,6,4471,新田 泰章,1,38,52,0,0,0.16,7.25,58.2,80.33,6.86,28.57,85.71,21.88,46.88,30.95,45.24
2025-10-19,3,1,2025-10-19 10:54:00,3,江戸川634杯 モーターボート大賞,1,4086,寺本 重宣,2,45,50,1,0,0.16,6.27,42.72,66.02,5.98,35.94,62.5,32.61,46.74,41.35,61.54
2025-10-19,3,1,2025-10-19 10:54:00,3,江戸川634杯 モーターボート大賞,2,3983,須藤 博倫,1,48,52.1,0,0,0.16,5.82,37.88,55.3,6.3,41.27,57.14,26.8,42.27,28.72,53.19
2025-10-19,3,1,2025-10-19 10:54:00,3,江戸川634杯 モーターボート大賞,3,5029,中 亮太,2,28,52.5,0,0,0.15,5.92,44.95,55.96,5.48,40,56,38.46,54.95,34.69,51.02
2025-10-19,3,1,2025-10-19 10:54:00,3,江戸川634杯 モーターボート大賞,4,4809,外崎 悟,2,36,52,0,0,0.16,5.7,40,54.29,6.64,46.43,67.86,45.45,54.55,33.7,51.09
2025-10-19,3,1,2025-10-19 10:54:00,3,江戸川634杯 モーターボート大賞,5,3482,金子 猛志,3,54,55.8,0,0,0.16,5.75,39.69,61.07,5.75,38.96,57.14,26.32,43.16,26.67,49.33
2025-10-19,3,1,2025-10-19 10:54:00,3,江戸川634杯 モーターボート大賞,6,4826,井上 一輝,1,31,52,0,0,0.14,7.18,55.97,71.64,7.61,59.04,74.7,45.78,62.65,31.07,42.72
2025-10-19,3,2,2025-10-19 11:21:00,3,江戸川634杯 モーターボート大賞,1,4089,妹尾 忠幸,2,45,53.4,0,0,0.16,6.14,40,68.89,6.63,48.15,70.37,32.61,48.91,36.7,54.13
2025-10-19,3,2,2025-10-19 11:21:00,3,江戸川634杯 モーターボート大賞,2,4401,小林 泰,2,40,53.8,0,0,0.15,5.95,44.44,58.59,6.49,46.15,61.54,43.56,66.34,27.85,50.63
2025-10-19,3,2,2025-10-19 11:21:00,3,江戸川634杯 モーターボート大賞,3,4748,渡邉 雄朗,1,39,52,0,0,0.13,6.31,52.42,66.13,6.86,49.7,72.73,44.66,66.99,40.66,60.44
2025-10-19,3,2,2025-10-19 11:21:00,3,江戸川634杯 モーターボート大賞,4,3839,川合 理司,3,50,61.7,0,0,0.17,4.61,25.44,45.61,4.95,30.43,52.17,25.56,50,27.66,41.49
2025-10-19,3,2,2025-10-19 11:21:00,3,江戸川634杯 モーターボート大賞,5,4420,津久井 拓也,2,37,52.3,0,0,0.17,5.74,38.4,56.8,6.39,46.43,67.86,34.41,47.31,32.14,50
2025-10-19,3,2,2025-10-19 11:21:00,3,江戸川634杯 モーターボート大賞,6,4296,岡崎 恭裕,1,38,52.1,0,0,0.13,7.19,54.84,76.34,7.1,46.34,63.41,29.07,48.84,37.21,58.14
2025-10-19,3,3,2025-10-19 11:48:00,3,江戸川634杯 モーターボート大賞,1,4824,松井 洪弥,2,32,52,0,0,0.13,6.61,47.24,69.29,6.72,55.81,72.09,32.97,51.65,34.07,41.76
2025-10-19,3,3,2025-10-19 11:48:00,3,江戸川634杯 モーターボート大賞,2,4407,鹿島 敏弘,3,39,55.3,0,0,0.19,5.13,33.85,50.77,5.2,30.69,51.49,26.6,39.36,25.53,45.74
2025-10-19,3,3,2025-10-19 11:48:00,3,江戸川634杯 モーターボート大賞,3,5110,杉山 喜一,2,26,51.5,0,0,0.16,5.2,34.23,52.25,5.23,36.84,49.12,29.59,41.84,32.93,51.22
2025-10-19,3,3,2025-10-19 11:48:00,3,江戸川634杯 モーターボート大賞,4,4688,永井 彪也,1,32,53,1,0,0.13,6.82,47.97,65.85,6.41,44.83,57.47,41.57,52.81,32.61,51.09
2025-10-19,3,3,2025-10-19 11:48:00,3,江戸川634杯 モーターボート大賞,5,4266,長田 頼宗,1,40,52.2,0,0,0.15,7.41,55.26,68.42,7.68,61.7,70.21,35.56,45.56,37.23,52.13
2025-10-19,3,3,2025-10-19 11:48:00,3,江戸川634杯 モーターボート大賞,6,4718,北川 太一,2,32,51,1,0,0.16,5.82,42.34,57.66,5.79,33.33,54.55,37.23,57.45,30.34,40.45
2025-10-19,3,4,2025-10-19 12:15:00,3,江戸川634杯 モーターボート大賞,1,5096,上原 崚,2,30,52,0,0,0.13,5.95,43.2,57.6,5.92,44,62,32.97,51.65,37.08,50.56
2025-10-19,3,4,2025-10-19 12:15:00,3,江戸川634杯 モーターボート大賞,2,3783,瓜生 正義,1,49,53.4,0,0,0.15,7.63,56.36,69.09,5.21,21.43,35.71,35.42,58.33,34.04,45.74
2025-10-19,3,4,2025-10-19 12:15:00,3,江戸川634杯 モーターボート大賞,3,5166,仲道 大輔,2,25,52,0,0,0.17,6.16,41.12,67.29,7.53,80,80,32.26,49.46,35.87,53.26
2025-10-19,3,4,2025-10-19 12:15:00,3,江戸川634杯 モーターボート大賞,4,3848,川上 聡介,3,48,54.9,0,0,0.14,5.41,33.05,56.78,6.14,48.57,60,27.38,40.48,26.21,41.75
2025-10-19,3,4,2025-10-19 12:15:00,3,江戸川634杯 モーターボート大賞,5,4430,永田 秀二,2,39,54.8,0,0,0.17,5.7,35.66,55.81,6.39,47.14,65,30.3,48.48,31.96,45.36
2025-10-19,3,4,2025-10-19 12:15:00,3,江戸川634杯 モーターボート大賞,6,4682,大上 卓人,1,35,52.3,1,0,0.13,6.88,45.93,66.67,7.29,45.83,75,29.21,46.07,53.49,69.77
2025-10-19,3,5,2025-10-19 12:43:00,3,江戸川634杯 モーターボート大賞,1,4608,荒井 翔伍,2,36,52.4,0,0,0.14,6.05,41.67,63.33,6.63,46,68,30.21,47.92,34.83,41.57
2025-10-19,3,5,2025-10-19 12:43:00,3,江戸川634杯 モーターボート大賞,2,3482,金子 猛志,3,54,55.8,0,0,0.16,5.75,39.69,61.07,5.75,38.96,57.14,26.32,43.16,26.67,49.33
2025-10-19,3,5,2025-10-19 12:43:00,3,江戸川634杯 モーターボート大賞,3,4649,和田 操拓,2,41,52,0,0,0.14,5.65,36.13,52.1,5.43,30.95,45.24,42.11,58.95,32.58,48.31
2025-10-19,3,5,2025-10-19 12:43:00,3,江戸川634杯 モーターボート大賞,4,4928,栗城 匠,1,30,52.5,0,0,0.17,7.06,54.46,76.79,6.82,49.5,69.31,26.88,41.94,40.54,51.35
2025-10-19,3,5,2025-10-19 12:43:00,3,江戸川634杯 モーターボート大賞,5,4388,是澤 孝宏,2,40,52,1,0,0.16,5.94,46.3,60.19,6.3,40.24,63.41,38.14,62.89,39.08,56.32
2025-10-19,3,5,2025-10-19 12:43:00,3,江戸川634杯 モーターボート大賞,6,5191,飛田 江己,1,24,52,1,0,0.13,6.26,42.73,62.73,6.54,52.08,64.58,29.47,51.58,31.96,49.48
2025-10-19,3,6,2025-10-19 13:12:00,3,江戸川634杯 モーターボート大賞,1,3686,鳥居塚 孝博,2,50,51.5,0,0,0.14,6.06,48.15,65.74,6.17,38.96,62.34,30.93,42.27,40,51.11
2025-10-19,3,6,2025-10-19 13:12:00,3,江戸川634杯 モーターボート大賞,2,3839,川合 理司,3,50,61.7,0,0,0.17,4.61,25.44,45.61,4.95,30.43,52.17,25.56,50,27.66,41.49
2025-10-19,3,6,2025-10-19 13:12:00,3,江戸川634杯 モーターボート大賞,3,4652,酒見 峻介,2,40,52,1,0,0.15,5.54,36.54,62.5,5.93,36,60,46.34,67.07,30.39,48.04
2025-10-19,3,6,2025-10-19 13:12:00,3,江戸川634杯 モーターボート大賞,4,5029,中 亮太,2,28,52.5,0,0,0.15,5.92,44.95,55.96,5.48,40,56,38.46,54.95,34.69,51.02
2025-10-19,3,6,2025-10-19 13:12:00,3,江戸川634杯 モーターボート大賞,5,4337,平本 真之,1,41,53.6,1,0,0.12,7.12,51.54,60.77,7.31,56.25,68.75,30,48.89,33.33,54.17
2025-10-19,3,6,2025-10-19 13:12:00,3,江戸川634杯 モーターボート大賞,6,4084,杉山 正樹,1,46,53,0,0,0.16,6.85,50.79,69.05,6.66,43.1,55.17,44.83,58.62,31.17,45.45
2025-10-19,3,7,2025-10-19 13:42:00,3,江戸川634杯 モーターボート大賞,1,4452,松尾 祭,2,37,52.3,0,0,0.17,5.59,36.22,58.27,6.43,48.57,74.29,39.33,52.81,37.23,51.06
2025-10-19,3,7,2025-10-19 13:42:00,3,江戸川634杯 モーターボート大賞,2,4420,津久井 拓也,2,37,52.3,0,0,0.17,5.74,38.4,56.8,6.39,46.43,67.86,34.41,47.31,32.14,50
2025-10-19,3,7,2025-10-19 13:42:00,3,江戸川634杯 モーターボート大賞,3,4809,外崎 悟,2,36,52,0,0,0.16,5.7,40,54.29,6.64,46.43,67.86,45.45,54.55,33.7,51.09
2025-10-19,3,7,2025-10-19 13:42:00,3,江戸川634杯 モーターボート大賞,4,4095,福来 剛,1,44,52,1,0,0.15,6.73,52.17,65.22,6.76,49.48,62.89,28.26,51.09,30.93,49.48
2025-10-19,3,7,2025-10-19 13:42:00,3,江戸川634杯 モーターボート大賞,5,5110,杉山 喜一,2,26,51.5,0,0,0.16,5.2,34.23,52.25,5.23,36.84,49.12,29.59,41.84,32.93,51.22
2025-10-19,3,7,2025-10-19 13:42:00,3,江戸川634杯 モーターボート大賞,6,4370,山口 達也,1,39,52,0,0,0.17,6.79,54.69,63.28,7.61,60.64,77.66,31.18,46.24,30.21,41.67
2025-10-19,3,8,2025-10-19 14:13:00,3,江戸川634杯 モーターボート大賞,1,4583,古田 祐貴,2,36,52,0,0,0.16,5.65,35.25,59.02,6,39.34,62.3,36.84,50.53,32.56,44.19
2025-10-19,3,8,2025-10-19 14:13:00,3,江戸川634杯 モーターボート大賞,2,3848,川上 聡介,3,48,54.9,0,0,0.14,5.41,33.05,56.78,6.14,48.57,60,27.38,40.48,26.21,41.75
2025-10-19,3,8,2025-10-19 14:13:00,3,江戸川634杯 モーターボート大賞,3,4826,井上 一輝,1,31,52,0,0,0.14,7.18,55.97,71.64,7.61,59.04,74.7,45.78,62.65,31.07,42.72
2025-10-19,3,8,2025-10-19 14:13:00,3,江戸川634杯 モーターボート大賞,4,4824,松井 洪弥,2,32,52,0,0,0.13,6.61,47.24,69.29,6.72,55.81,72.09,32.97,51.65,34.07,41.76
2025-10-19,3,8,2025-10-19 14:13:00,3,江戸川634杯 モーターボート大賞,5,4748,渡邉 雄朗,1,39,52,0,0,0.13,6.31,52.42,66.13,6.86,49.7,72.73,44.66,66.99,40.66,60.44
2025-10-19,3,8,2025-10-19 14:13:00,3,江戸川634杯 モーターボート大賞,6,5064,品川 二千翔,2,27,52.4,1,0,0.16,5.64,38.46,56.04,5.74,26.32,63.16,28.09,47.19,37.38,56.07
2025-10-19,3,9,2025-10-19 14:43:00,3,江戸川634杯 モーターボート大賞,1,4614,石倉 洋行,1,45,53.8,1,0,0.13,6.84,53.06,67.35,7.06,50,83.33,34.69,54.08,28.57,51.19
2025-10-19,3,9,2025-10-19 14:43:00,3,江戸川634杯 モーターボート大賞,2,4388,是澤 孝宏,2,40,52,1,0,0.16,5.94,46.3,60.19,6.3,40.24,63.41,38.14,62.89,39.08,56.32
2025-10-19,3,9,2025-10-19 14:43:00,3,江戸川634杯 モーターボート大賞,3,5096,上原 崚,2,30,52,0,0,0.13,5.95,43.2,57.6,5.92,44,62,32.97,51.65,37.08,50.56
2025-10-19,3,9,2025-10-19 14:43:00,3,江戸川634杯 モーターボート大賞,4,4407,鹿島 敏弘,3,39,55.3,0,0,0.19,5.13,33.85,50.77,5.2,30.69,51.49,26.6,39.36,25.53,45.74
2025-10-19,3,9,2025-10-19 14:43:00,3,江戸川634杯 モーターボート大賞,5,4401,小林 泰,2,40,53.8,0,0,0.15,5.95,44.44,58.59,6.49,46.15,61.54,43.56,66.34,27.85,50.63
2025-10-19,3,9,2025-10-19 14:43:00,3,江戸川634杯 モーターボート大賞,6,4586,磯部 誠,1,35,53.9,0,0,0.13,7.21,50.49,64.08,5.79,29.41,41.18,29,47,30.26,43.42
2025-10-19,3,10,2025-10-19 15:16:00,3,江戸川634杯 モーターボート大賞,1,4084,杉山 正樹,1,46,53,0,0,0.16,6.85,50.79,69.05,6.66,43.1,55.17,44.83,58.62,31.17,45.45
2025-10-19,3,10,2025-10-19 15:16:00,3,江戸川634杯 モーターボート大賞,2,4266,長田 頼宗,1,40,52.2,0,0,0.15,7.41,55.26,68.42,7.68,61.7,70.21,35.56,45.56,37.23,52.13
2025-10-19,3,10,2025-10-19 15:16:00,3,江戸川634杯 モーターボート大賞,3,4928,栗城 匠,1,30,52.5,0,0,0.17,7.06,54.46,76.79,6.82,49.5,69.31,26.88,41.94,40.54,51.35
2025-10-19,3,10,2025-10-19 15:16:00,3,江戸川634杯 モーターボート大賞,4,5166,仲道 大輔,2,25,52,0,0,0.17,6.16,41.12,67.29,7.53,80,80,32.26,49.46,35.87,53.26
2025-10-19,3,10,2025-10-19 15:16:00,3,江戸川634杯 モーターボート大賞,5,3983,須藤 博倫,1,48,52.1,0,0,0.16,5.82,37.88,55.3,6.3,41.27,57.14,26.8,42.27,28.72,53.19
2025-10-19,3,10,2025-10-19 15:16:00,3,江戸川634杯 モーターボート大賞,6,4089,妹尾 忠幸,2,45,53.4,0,0,0.16,6.14,40,68.89,6.63,48.15,70.37,32.61,48.91,36.7,54.13
2025-10-19,3,11,2025-10-19 15:50:00,3,江戸川634杯 モーターボート大賞,1,4296,岡崎 恭裕,1,38,52.1,0,0,0.13,7.19,54.84,76.34,7.1,46.34,63.41,29.07,48.84,37.21,58.14
2025-10-19,3,11,2025-10-19 15:50:00,3,江戸川634杯 モーターボート大賞,2,4337,平本 真之,1,41,53.6,1,0,0.12,7.12,51.54,60.77,7.31,56.25,68.75,30,48.89,33.33,54.17
2025-10-19,3,11,2025-10-19 15:50:00,3,江戸川634杯 モーターボート大賞,3,4688,永井 彪也,1,32,53,1,0,0.13,6.82,47.97,65.85,6.41,44.83,57.47,41.57,52.81,32.61,51.09
2025-10-19,3,11,2025-10-19 15:50:00,3,江戸川634杯 モーターボート大賞,4,4649,和田 操拓,2,41,52,0,0,0.14,5.65,36.13,52.1,5.43,30.95,45.24,42.11,58.95,32.58,48.31
2025-10-19,3,11,2025-10-19 15:50:00,3,江戸川634杯 モーターボート大賞,5,3783,瓜生 正義,1,49,53.4,0,0,0.15,7.63,56.36,69.09,5.21,21.43,35.71,35.42,58.33,34.04,45.74
2025-10-19,3,11,2025-10-19 15:50:00,3,江戸川634杯 モーターボート大賞,6,4452,松尾 祭,2,37,52.3,0,0,0.17,5.59,36.22,58.27,6.43,48.57,74.29,39.33,52.81,37.23,51.06
2025-10-19,3,12,2025-10-19 16:25:00,3,江戸川634杯 モーターボート大賞,1,3716,石渡 鉄兵,1,50,52.2,0,0,0.12,6.16,37.61,54.13,8.05,68.07,84.03,53.01,74.7,38.64,56.82
2025-10-19,3,12,2025-10-19 16:25:00,3,江戸川634杯 モーターボート大賞,2,4459,片岡 雅裕,1,39,52.8,0,0,0.12,6.79,42.86,62.7,7.03,50,65,34.74,50.53,29.79,48.94
2025-10-19,3,12,2025-10-19 16:25:00,3,江戸川634杯 モーターボート大賞,3,4610,佐藤 大佑,2,35,52.3,0,0,0.17,5.52,42.61,53.04,6.01,42.04,57.96,42.86,60.44,34.09,48.86
2025-10-19,3,12,2025-10-19 16:25:00,3,江戸川634杯 モーターボート大賞,4,4847,佐藤 隆太郎,1,31,52.1,1,0,0.12,6.61,40.59,56.44,7.53,66.1,74.58,33.33,47.13,38.05,52.21
2025-10-19,3,12,2025-10-19 16:25:00,3,江戸川634杯 モーターボート大賞,5,3959,坪井 康晴,1,48,52.4,1,0,0.13,6.91,44.83,67.24,7.66,52.54,74.58,31.46,51.69,31.71,51.22
2025-10-19,3,12,2025-10-19 16:25:00,3,江戸川634杯 モーターボート大賞,6,4769,馬場 剛,2,33,51.5,0,0,0.12,5.88,40,60,6.52,49.55,62.16,45.35,53.49,40.91,59.09
2025-10-19,5,1,2025-10-19 10:24:00,5,創刊50周年第20回日刊ゲンダイ杯,1,2538,高橋 二朗,3,76,52.2,0,0,0.21,3.3,9.88,22.22,3.97,16.95,27.12,29.66,50.85,29.66,50
2025-10-19,5,1,2025-10-19 10:24:00,5,創刊50周年第20回日刊ゲンダイ杯,2,3748,小黒 竜吾,3,50,55.1,0,0,0.18,4.01,14.81,37.04,3.82,16.33,34.69,27.41,41.48,30.17,50.86
2025-10-19,5,1,2025-10-19 10:24:00,5,創刊50周年第20回日刊ゲンダイ杯,3,3976,内田 圭,3,48,53.7,0,0,0.17,3.92,20.83,34.38,4.06,23.53,35.29,20.17,32.77,33.06,47.11
2025-10-19,5,1,2025-10-19 10:24:00,5,創刊50周年第20回日刊ゲンダイ杯,4,4958,溝口 海義也,2,30,55.2,0,0,0.15,5.82,36.44,59.32,5.86,28.57,71.43,26.47,47.06,36.59,55.28
2025-10-19,5,1,2025-10-19 10:24:00,5,創刊50周年第20回日刊ゲンダイ杯,5,4706,三浦 洋次朗,2,36,51,0,0,0.17,5.49,34.23,54.05,6.06,45.71,60,33.87,54.84,30.33,52.46
2025-10-19,5,1,2025-10-19 10:24:00,5,創刊50周年第20回日刊ゲンダイ杯,6,3226,浦田 信義,3,60,51.5,0,0,0.2,4.4,23.21,40.18,4.7,18.18,39.39,18,34,35.43,51.97
2025-10-19,5,2,2025-10-19 10:53:00,5,創刊50周年第20回日刊ゲンダイ杯,1,3566,川添 英正,3,55,52.3,0,0,0.19,4.94,29,49,3.8,13.33,20,30.41,47.3,27.18,45.63
2025-10-19,5,2,2025-10-19 10:53:00,5,創刊50周年第20回日刊ゲンダイ杯,2,4538,笠置 博之,2,35,53.6,1,0,0.15,5.63,40.91,51.52,5.92,50,55.56,12.5,29.69,25.69,42.2
2025-10-19,5,2,2025-10-19 10:53:00,5,創刊50周年第20回日刊ゲンダイ杯,3,3362,間嶋 仁志,2,56,54.5,0,0,0.19,5.25,35.14,49.55,5.46,40,48,31.06,51.52,32.26,47.58
2025-10-19,5,2,2025-10-19 10:53:00,5,創刊50周年第20回日刊ゲンダイ杯,4,5068,前田 滉,1,25,51,0,0,0.15,7.56,62.5,81.25,6.68,44.74,78.95,26.95,39.72,41.03,53.85
2025-10-19,5,2,2025-10-19 10:53:00,5,創刊50周年第20回日刊ゲンダイ杯,5,4980,佐々木 完太,1,29,52,0,0,0.15,7.08,51.26,73.11,0,0,0,41.73,53.54,34.96,49.59
2025-10-19,5,2,2025-10-19 10:53:00,5,創刊50周年第20回日刊ゲンダイ杯,6,4818,伏見 俊介,3,34,56.4,0,0,0.12,4.25,37.5,37.5,5.46,32.14,53.57,30.51,45.76,35.54,55.37
2025-10-19,5,3,2025-10-19 11:23:00,5,創刊50周年第20回日刊ゲンダイ杯,1,3277,齋藤 勇,3,59,52,0,0,0.16,4.42,21,38,4.24,17.65,31.37,23.62,37.8,27.27,43.64
2025-10-19,5,3,2025-10-19 11:23:00,5,創刊50周年第20回日刊ゲンダイ杯,2,4239,竹田 辰也,1,41,52.5,0,0,0.17,6.28,45.95,62.16,5.4,40,60,44.66,61.17,33.87,53.23
2025-10-19,5,3,2025-10-19 11:23:00,5,創刊50周年第20回日刊ゲンダイ杯,3,3699,富永 正人,3,52,52.1,0,0,0.2,4.82,31.11,43.33,5.08,36,48,27,38,35.51,51.4
2025-10-19,5,3,2025-10-19 11:23:00,5,創刊50周年第20回日刊ゲンダイ杯,4,5104,山田 丈,2,27,52,1,0,0.17,5.85,42.27,55.67,6.73,36.36,81.82,26.28,48.18,44.92,61.02
2025-10-19,5,3,2025-10-19 11:23:00,5,創刊50周年第20回日刊ゲンダイ杯,5,3548,室田 泰史,2,55,53.7,0,0,0.14,5.81,35.71,61.9,4.89,36.84,42.11,30.94,46.04,34.48,44.83
2025-10-19,5,3,2025-10-19 11:23:00,5,創刊50周年第20回日刊ゲンダイ杯,6,4033,伊藤 将吉,1,47,52,0,0,0.14,6.46,49.28,68.12,6.21,47.37,57.89,38.97,57.35,32.48,47.01
2025-10-19,5,4,2025-10-19 11:55:00,5,創刊50周年第20回日刊ゲンダイ杯,1,3681,山谷 央,3,52,52,0,0,0.16,5.45,37.76,52.04,5.23,30.99,52.11,22.83,41.3,26.4,40
2025-10-19,5,4,2025-10-19 11:55:00,5,創刊50周年第20回日刊ゲンダイ杯,2,3581,加木 郁,3,52,53,1,0,0.2,4.83,26.73,43.56,4,12.5,37.5,20,36.19,28.45,44.83
2025-10-19,5,4,2025-10-19 11:55:00,5,創刊50周年第20回日刊ゲンダイ杯,3,4466,南 佑典,2,39,51,0,0,0.18,6.1,35.24,63.81,7.14,42.86,85.71,44.55,58.18,33.33,50
2025-10-19,5,4,2025-10-19 11:55:00,5,創刊50周年第20回日刊ゲンダイ杯,4,4736,高倉 和士,2,34,53.2,0,0,0.12,7.24,56.88,74.31,6.5,33.33,72.22,30.34,48.97,33.33,42.74
2025-10-19,5,4,2025-10-19 11:55:00,5,創刊50周年第20回日刊ゲンダイ杯,5,5005,石田 貴洋,3,29,52,1,0,0.15,5.09,24.49,51.02,5.28,27.78,55.56,28.79,50,27.83,46.09
2025-10-19,5,4,2025-10-19 11:55:00,5,創刊50周年第20回日刊ゲンダイ杯,6,4415,下出 卓矢,1,38,54.5,1,0,0.13,6.17,42.11,59.21,7.53,52.94,76.47,20.83,31.25,40.34,57.98
2025-10-19,5,5,2025-10-19 12:21:00,5,創刊50周年第20回日刊ゲンダイ杯,1,4508,野間 大樹,3,37,52.2,1,0,0.18,4.84,32,49.33,4.74,23.53,41.18,28.03,41.67,25.86,45.69
2025-10-19,5,5,2025-10-19 12:21:00,5,創刊50周年第20回日刊ゲンダイ杯,2,4232,笠 雅雄,3,42,59.5,1,0,0.17,3.49,15.85,26.83,3.67,16.67,16.67,30.08,45.86,43.33,58.33
2025-10-19,5,5,2025-10-19 12:21:00,5,創刊50周年第20回日刊ゲンダイ杯,3,3158,島川 光男,2,60,53.2,0,0,0.15,5.9,41.32,59.5,5.46,35.14,45.95,29.9,40.21,34.96,52.85
2025-10-19,5,5,2025-10-19 12:21:00,5,創刊50周年第20回日刊ゲンダイ杯,4,4297,山田 哲也,1,43,52.2,1,0,0.1,6.49,50.49,63.11,7.46,55.93,71.19,31.01,47.29,33.06,53.72
2025-10-19,5,5,2025-10-19 12:21:00,5,創刊50周年第20回日刊ゲンダイ杯,5,4505,島田 賢人,1,37,52.2,0,0,0.16,6.05,42.06,64.29,6.82,53.57,78.57,25.2,42.28,37.29,55.08
2025-10-19,5,5,2025-10-19 12:21:00,5,創刊50周年第20回日刊ゲンダイ杯,6,3769,佐竹 恒彦,2,52,52.2,1,0,0.17,5.01,25.56,48.89,0,0,0,30.77,42.74,33.61,47.06
2025-10-19,5,6,2025-10-19 12:49:00,5,創刊50周年第20回日刊ゲンダイ杯,1,3973,崎 利仁,3,49,54.2,0,0,0.2,4.37,20,38.52,4.08,21.57,37.25,42,60,41.67,62.5
2025-10-19,5,6,2025-10-19 12:49:00,5,創刊50周年第20回日刊ゲンダイ杯,2,4053,芦澤 望,2,47,55.8,0,0,0.18,5.99,40.37,59.63,5.53,36.84,45.61,39.71,52.94,42.15,58.68
2025-10-19,5,6,2025-10-19 12:49:00,5,創刊50周年第20回日刊ゲンダイ杯,3,4967,中村 魁生,2,27,52,0,0,0.15,6.51,47.69,66.15,5.06,36.36,45.45,34.68,56.45,25.53,45.74
2025-10-19,5,6,2025-10-19 12:49:00,5,創刊50周年第20回日刊ゲンダイ杯,4,4343,村岡 賢,3,41,52.5,0,0,0.18,3.54,9.71,24.27,5,33.33,55.56,43.12,62.39,33.9,52.54
2025-10-19,5,6,2025-10-19 12:49:00,5,創刊50周年第20回日刊ゲンダイ杯,5,4477,篠崎 仁志,1,37,55,0,0,0.14,6.82,46.96,66.96,4.29,0,14.29,26.67,44.17,37.93,49.14
2025-10-19,5,6,2025-10-19 12:49:00,5,創刊50周年第20回日刊ゲンダイ杯,6,5385,鈴木 柊介,4,20,55.5,0,0,0.19,2,1.32,9.21,1.29,0,0,23.6,37.08,31.03,44.83
2025-10-19,5,7,2025-10-19 13:17:00,5,創刊50周年第20回日刊ゲンダイ杯,1,3548,室田 泰史,2,55,53.7,0,0,0.14,5.81,35.71,61.9,4.89,36.84,42.11,30.94,46.04,34.48,44.83
2025-10-19,5,7,2025-10-19 13:17:00,5,創刊50周年第20回日刊ゲンダイ杯,2,4437,中田 元泰,1,39,53.6,0,0,0.15,6.23,47.66,61.68,7,62.5,75,34.38,50.78,49.17,59.17
2025-10-19,5,7,2025-10-19 13:17:00,5,創刊50周年第20回日刊ゲンダイ杯,3,3566,川添 英正,3,55,52.3,0,0,0.19,4.94,29,49,3.8,13.33,20,30.41,47.3,27.18,45.63
2025-10-19,5,7,2025-10-19 13:17:00,5,創刊50周年第20回日刊ゲンダイ杯,4,3960,菊地 孝平,1,47,54.4,0,0,0.11,7.33,62.59,74.83,7.29,50,67.86,29.46,46.51,30.77,52.99
2025-10-19,5,7,2025-10-19 13:17:00,5,創刊50周年第20回日刊ゲンダイ杯,5,4270,岸本 雄貴,3,43,64.1,0,0,0.18,3.93,21.88,32.29,4.38,25,25,38.02,61.16,38.6,61.4
2025-10-19,5,7,2025-10-19 13:17:00,5,創刊50周年第20回日刊ゲンダイ杯,6,5371,早川 颯太,4,23,53.6,1,0,0.19,1.52,0,4.48,1.68,0,8,19.79,36.46,28.7,40
2025-10-19,5,8,2025-10-19 13:45:00,5,創刊50周年第20回日刊ゲンダイ杯,1,5104,山田 丈,2,27,52,1,0,0.17,5.85,42.27,55.67,6.73,36.36,81.82,26.28,48.18,44.92,61.02
2025-10-19,5,8,2025-10-19 13:45:00,5,創刊50周年第20回日刊ゲンダイ杯,2,5301,岩下 巧斗,3,23,52,0,0,0.18,4.19,21.43,35.71,2.53,5,12.5,32.26,46.77,30.08,46.34
2025-10-19,5,8,2025-10-19 13:45:00,5,創刊50周年第20回日刊ゲンダイ杯,3,4706,三浦 洋次朗,2,36,51,0,0,0.17,5.49,34.23,54.05,6.06,45.71,60,33.87,54.84,30.33,52.46
2025-10-19,5,8,2025-10-19 13:45:00,5,創刊50周年第20回日刊ゲンダイ杯,4,5344,谷口 丞,3,22,53.5,1,0,0.16,2.44,7.41,14.81,2.33,0,11.11,45.05,61.26,30.95,48.41
2025-10-19,5,8,2025-10-19 13:45:00,5,創刊50周年第20回日刊ゲンダイ杯,5,4818,伏見 俊介,3,34,56.4,0,0,0.12,4.25,37.5,37.5,5.46,32.14,53.57,30.51,45.76,35.54,55.37
2025-10-19,5,8,2025-10-19 13:45:00,5,創刊50周年第20回日刊ゲンダイ杯,6,4466,南 佑典,2,39,51,0,0,0.18,6.1,35.24,63.81,7.14,42.86,85.71,44.55,58.18,33.33,50
2025-10-19,5,9,2025-10-19 14:20:00,5,創刊50周年第20回日刊ゲンダイ杯,1,3362,間嶋 仁志,2,56,54.5,0,0,0.19,5.25,35.14,49.55,5.46,40,48,31.06,51.52,32.26,47.58
2025-10-19,5,9,2025-10-19 14:20:00,5,創刊50周年第20回日刊ゲンダイ杯,2,3277,齋藤 勇,3,59,52,0,0,0.16,4.42,21,38,4.24,17.65,31.37,23.62,37.8,27.27,43.64
2025-10-19,5,9,2025-10-19 14:20:00,5,創刊50周年第20回日刊ゲンダイ杯,3,4958,溝口 海義也,2,30,55.2,0,0,0.15,5.82,36.44,59.32,5.86,28.57,71.43,26.47,47.06,36.59,55.28
2025-10-19,5,9,2025-10-19 14:20:00,5,創刊50周年第20回日刊ゲンダイ杯,4,3701,大西 隆洋,3,52,55.9,1,0,0.16,3.97,16.67,34.31,0,0,0,43.62,58.51,33.62,49.14
2025-10-19,5,9,2025-10-19 14:20:00,5,創刊50周年第20回日刊ゲンダイ杯,5,3581,加木 郁,3,52,53,1,0,0.2,4.83,26.73,43.56,4,12.5,37.5,20,36.19,28.45,44.83
2025-10-19,5,9,2025-10-19 14:20:00,5,創刊50周年第20回日刊ゲンダイ杯,6,4505,島田 賢人,1,37,52.2,0,0,0.16,6.05,42.06,64.29,6.82,53.57,78.57,25.2,42.28,37.29,55.08
2025-10-19,5,10,2025-10-19 14:58:00,5,創刊50周年第20回日刊ゲンダイ杯,1,4980,佐々木 完太,1,29,52,0,0,0.15,7.08,51.26,73.11,0,0,0,41.73,53.54,34.96,49.59
2025-10-19,5,10,2025-10-19 14:58:00,5,創刊50周年第20回日刊ゲンダイ杯,2,4736,高倉 和士,2,34,53.2,0,0,0.12,7.24,56.88,74.31,6.5,33.33,72.22,30.34,48.97,33.33,42.74
2025-10-19,5,10,2025-10-19 14:58:00,5,創刊50周年第20回日刊ゲンダイ杯,3,3293,宮内 由紀英,3,60,52,0,0,0.2,4.4,16.3,43.48,4.19,16.13,35.48,30,43.08,35.71,55.56
2025-10-19,5,10,2025-10-19 14:58:00,5,創刊50周年第20回日刊ゲンダイ杯,4,3699,富永 正人,3,52,52.1,0,0,0.2,4.82,31.11,43.33,5.08,36,48,27,38,35.51,51.4
2025-10-19,5,10,2025-10-19 14:58:00,5,創刊50周年第20回日刊ゲンダイ杯,5,3158,島川 光男,2,60,53.2,0,0,0.15,5.9,41.32,59.5,5.46,35.14,45.95,29.9,40.21,34.96,52.85
2025-10-19,5,10,2025-10-19 14:58:00,5,創刊50周年第20回日刊ゲンダイ杯,6,4967,中村 魁生,2,27,52,0,0,0.15,6.51,47.69,66.15,5.06,36.36,45.45,34.68,56.45,25.53,45.74
2025-10-19,5,11,2025-10-19 15:36:00,5,創刊50周年第20回日刊ゲンダイ杯,1,4437,中田 元泰,1,39,53.6,0,0,0.15,6.23,47.66,61.68,7,62.5,75,34.38,50.78,49.17,59.17
2025-10-19,5,11,2025-10-19 15:36:00,5,創刊50周年第20回日刊ゲンダイ杯,2,5005,石田 貴洋,3,29,52,1,0,0.15,5.09,24.49,51.02,5.28,27.78,55.56,28.79,50,27.83,46.09
2025-10-19,5,11,2025-10-19 15:36:00,5,創刊50周年第20回日刊ゲンダイ杯,3,3297,藤丸 光一,3,58,49.5,0,0,0.19,4.61,20,42.22,0,0,0,42,59,34.75,57.63
2025-10-19,5,11,2025-10-19 15:36:00,5,創刊50周年第20回日刊ゲンダイ杯,4,4239,竹田 辰也,1,41,52.5,0,0,0.17,6.28,45.95,62.16,5.4,40,60,44.66,61.17,33.87,53.23
2025-10-19,5,11,2025-10-19 15:36:00,5,創刊50周年第20回日刊ゲンダイ杯,5,4053,芦澤 望,2,47,55.8,0,0,0.18,5.99,40.37,59.63,5.53,36.84,45.61,39.71,52.94,42.15,58.68
2025-10-19,5,11,2025-10-19 15:36:00,5,創刊50周年第20回日刊ゲンダイ杯,6,4538,笠置 博之,2,35,53.6,1,0,0.15,5.63,40.91,51.52,5.92,50,55.56,12.5,29.69,25.69,42.2
2025-10-19,5,12,2025-10-19 16:14:00,5,創刊50周年第20回日刊ゲンダイ杯,1,3960,菊地 孝平,1,47,54.4,0,0,0.11,7.33,62.59,74.83,7.29,50,67.86,29.46,46.51,30.77,52.99
2025-10-19,5,12,2025-10-19 16:14:00,5,創刊50周年第20回日刊ゲンダイ杯,2,4297,山田 哲也,1,43,52.2,1,0,0.1,6.49,50.49,63.11,7.46,55.93,71.19,31.01,47.29,33.06,53.72
2025-10-19,5,12,2025-10-19 16:14:00,5,創刊50周年第20回日刊ゲンダイ杯,3,4477,篠崎 仁志,1,37,55,0,0,0.14,6.82,46.96,66.96,4.29,0,14.29,26.67,44.17,37.93,49.14
2025-10-19,5,12,2025-10-19 16:14:00,5,創刊50周年第20回日刊ゲンダイ杯,4,4033,伊藤 将吉,1,47,52,0,0,0.14,6.46,49.28,68.12,6.21,47.37,57.89,38.97,57.35,32.48,47.01
2025-10-19,5,12,2025-10-19 16:14:00,5,創刊50周年第20回日刊ゲンダイ杯,5,4415,下出 卓矢,1,38,54.5,1,0,0.13,6.17,42.11,59.21,7.53,52.94,76.47,20.83,31.25,40.34,57.98
2025-10-19,5,12,2025-10-19 16:14:00,5,創刊50周年第20回日刊ゲンダイ杯,6,5068,前田 滉,1,25,51,0,0,0.15,7.56,62.5,81.25,6.68,44.74,78.95,26.95,39.72,41.03,53.85
2025-10-19,6,1,2025-10-19 10:58:00,5,BTS玉川27周年記念 Wave21杯,1,3690,河合 三弘,3,55,52.5,0,0,0.18,4.36,25.51,34.69,5.47,37.29,55.93,40.46,61.07,50,80
2025-10-19,6,1,2025-10-19 10:58:00,5,BTS玉川27周年記念 Wave21杯,2,4203,小倉 康典,3,43,51.5,0,0,0.15,3.97,20.31,31.25,4.61,30.56,41.67,34.68,52.42,37.5,50
2025-10-19,6,1,2025-10-19 10:58:00,5,BTS玉川27周年記念 Wave21杯,3,3800,牧 宏次,2,51,53.3,0,0,0.16,5.25,39.78,48.39,5.46,34.62,61.54,29.25,50.94,0,0
2025-10-19,6,1,2025-10-19 10:58:00,5,BTS玉川27周年記念 Wave21杯,4,3175,渡辺 千草,3,61,48.1,0,0,0.17,4.77,22.97,45.95,3.94,11.76,35.29,38.89,51.59,44.44,66.67
2025-10-19,6,1,2025-10-19 10:58:00,5,BTS玉川27周年記念 Wave21杯,5,5316,村松 将平,3,24,51.5,0,0,0.17,4.1,20.59,33.33,3.07,6.82,25,31.97,50.82,0,22.22
2025-10-19,6,1,2025-10-19 10:58:00,5,BTS玉川27周年記念 Wave21杯,6,4782,浜崎 準也,3,38,52,2,0,0.17,4.57,23.38,41.56,5.55,36.84,47.37,45.45,65.29,90,90
2025-10-19,6,2,2025-10-19 11:26:00,5,BTS玉川27周年記念 Wave21杯,1,4268,和合 俊介,3,40,60,1,0,0.16,3.56,15.56,27.78,3.79,20.83,29.17,34.45,52.1,80,100
2025-10-19,6,2,2025-10-19 11:26:00,5,BTS玉川27周年記念 Wave21杯,2,3863,海老澤 泰行,3,51,56,1,0,0.16,3.86,15.38,28.21,4.8,30,50,45.86,63.16,0,0
2025-10-19,6,2,2025-10-19 11:26:00,5,BTS玉川27周年記念 Wave21杯,3,4172,森定 晃史,1,43,52,1,0,0.15,6.27,46.72,63.11,6.44,50,61.11,33.9,54.24,33.33,55.56
2025-10-19,6,2,2025-10-19 11:26:00,5,BTS玉川27周年記念 Wave21杯,4,4808,松尾 拓,2,37,51,0,0,0.17,6.53,48.57,66.43,7.79,65.52,86.21,18,33,50,70
2025-10-19,6,2,2025-10-19 11:26:00,5,BTS玉川27周年記念 Wave21杯,5,4486,野村 誠,1,39,52.1,2,0,0.16,5.15,39.64,50.45,5.69,40,54.29,34.45,57.98,0,0
2025-10-19,6,2,2025-10-19 11:26:00,5,BTS玉川27周年記念 Wave21杯,6,3470,新田 芳美,3,55,47,0,0,0.17,5.35,33.73,49.4,4,22.22,33.33,31.01,48.06,0,0
2025-10-19,6,3,2025-10-19 12:01:00,5,BTS玉川27周年記念 Wave21杯,1,4680,後藤 美翼,3,35,47,0,0,0.2,5.12,28.72,50,4.86,31.03,44.83,33.33,48.41,11.11,22.22
2025-10-19,6,3,2025-10-19 12:01:00,5,BTS玉川27周年記念 Wave21杯,2,4036,金田 諭,2,46,52,0,0,0.17,6.67,52.78,72.22,5.09,27.27,54.55,44.35,65.32,22.22,44.44
2025-10-19,6,3,2025-10-19 12:01:00,5,BTS玉川27周年記念 Wave21杯,3,3812,山崎 聖司,3,49,52.1,0,0,0.17,4.63,29.13,43.69,4.44,20.59,44.12,29.66,47.46,33.33,33.33
2025-10-19,6,3,2025-10-19 12:01:00,5,BTS玉川27周年記念 Wave21杯,4,3957,大谷 直弘,3,48,53,0,0,0.19,4.8,25.23,41.12,5.82,39.29,53.57,37.01,51.18,0,0
2025-10-19,6,3,2025-10-19 12:01:00,5,BTS玉川27周年記念 Wave21杯,5,4961,西橋 奈未,1,29,47,0,0,0.15,7.34,54.92,68.85,6.68,46.43,60.71,29.57,48.7,0,0
2025-10-19,6,3,2025-10-19 12:01:00,5,BTS玉川27周年記念 Wave21杯,6,4348,宮崎 奨,2,40,52.6,0,0,0.18,6.14,43.22,66.95,0,0,0,30.58,48.76,11.11,22.22
2025-10-19,6,4,2025-10-19 12:30:00,5,BTS玉川27周年記念 Wave21杯,1,4100,松田 隆司,3,46,52.8,0,0,0.17,4.66,25,46,5.03,27.03,45.95,35.66,53.49,0,0
2025-10-19,6,4,2025-10-19 12:30:00,5,BTS玉川27周年記念 Wave21杯,2,4434,田中 辰彦,1,39,52.8,0,0,0.16,6.52,46.21,71.21,0,0,0,48.87,68.42,25,25
2025-10-19,6,4,2025-10-19 12:30:00,5,BTS玉川27周年記念 Wave21杯,3,4710,福田 宗平,2,35,52.1,0,0,0.16,6.54,49.26,69.85,6.42,47.92,66.67,32.5,49.17,0,0
2025-10-19,6,4,2025-10-19 12:30:00,5,BTS玉川27周年記念 Wave21杯,4,5009,大賀 龍之介,2,28,53.6,1,0,0.15,4.5,30,40,5.25,28.57,60.71,35.11,48.09,0,0
2025-10-19,6,4,2025-10-19 12:30:00,5,BTS玉川27周年記念 Wave21杯,5,3611,岩崎 芳美,2,53,47.4,0,0,0.15,6.18,45.12,58.54,6.53,52.63,60.53,44.44,66.67,11.11,22.22
2025-10-19,6,4,2025-10-19 12:30:00,5,BTS玉川27周年記念 Wave21杯,6,3302,谷川 里江,3,58,46.5,1,0,0.17,4.34,21.54,38.46,4.25,31.25,31.25,35.16,51.56,22.22,44.44
2025-10-19,6,5,2025-10-19 13:05:00,5,BTS玉川27周年記念 Wave21杯,1,3966,作間 章,1,46,53.6,0,0,0.19,6.38,45.65,67.39,7.38,54.17,87.5,36.84,51.88,0,0
2025-10-19,6,5,2025-10-19 13:05:00,5,BTS玉川27周年記念 Wave21杯,2,4635,峰重 力也,3,35,52.1,0,0,0.15,4.38,21.54,44.62,5.17,31.03,44.83,40,68.8,0,0
2025-10-19,6,5,2025-10-19 13:05:00,5,BTS玉川27周年記念 Wave21杯,3,3741,松尾 基成,3,51,56.7,0,0,0.19,3.46,13.58,29.63,4.12,17.65,29.41,25.26,43.16,40,40
2025-10-19,6,5,2025-10-19 13:05:00,5,BTS玉川27周年記念 Wave21杯,4,3690,河合 三弘,3,55,52.5,0,0,0.18,4.36,25.51,34.69,5.47,37.29,55.93,40.46,61.07,50,80
2025-10-19,6,5,2025-10-19 13:05:00,5,BTS玉川27周年記念 Wave21杯,5,4277,金田 大輔,3,42,50.5,0,0,0.17,4.63,28.85,42.31,4.22,33.33,44.44,42.75,63.36,22.22,55.56
2025-10-19,6,5,2025-10-19 13:05:00,5,BTS玉川27周年記念 Wave21杯,6,4175,川尻 泰輔,3,42,55.9,0,0,0.16,4.67,30.38,43.04,4.88,28,44,34.56,48.53,33.33,33.33
2025-10-19,6,6,2025-10-19 13:31:00,5,BTS玉川27周年記念 Wave21杯,1,5046,松山 裕基,3,31,54.6,0,0,0.17,4.31,18.52,40.74,0,0,0,31.75,47.62,33.33,44.44
2025-10-19,6,6,2025-10-19 13:31:00,5,BTS玉川27周年記念 Wave21杯,2,5161,登玉 隼百,2,26,53.2,0,0,0.13,5.46,36.61,50,5.8,40,60,25.41,38.52,11.11,11.11
2025-10-19,6,6,2025-10-19 13:31:00,5,BTS玉川27周年記念 Wave21杯,3,3372,加藤 雅之,3,58,52.6,0,0,0.22,3.78,14.1,30.77,4,33.33,33.33,29.41,52.94,0,0
2025-10-19,6,6,2025-10-19 13:31:00,5,BTS玉川27周年記念 Wave21杯,4,3849,中岡 正彦,1,47,52,0,0,0.14,7.41,60.87,78.26,7.44,66.67,72.22,51.8,68.35,22.22,44.44
2025-10-19,6,6,2025-10-19 13:31:00,5,BTS玉川27周年記念 Wave21杯,5,4808,松尾 拓,2,37,51,0,0,0.17,6.53,48.57,66.43,7.79,65.52,86.21,18,33,50,70
2025-10-19,6,6,2025-10-19 13:31:00,5,BTS玉川27周年記念 Wave21杯,6,4509,平見 真彦,1,36,52.6,1,0,0.18,5.22,29.31,50,5.87,40,56.67,29.84,45.16,44.44,55.56
2025-10-19,6,7,2025-10-19 14:02:00,5,BTS玉川27周年記念 Wave21杯,1,4154,森安 弘雅,2,45,53.2,0,0,0.18,5.17,32.23,51.24,5.79,42.86,57.14,35.94,48.44,0,0
2025-10-19,6,7,2025-10-19 14:02:00,5,BTS玉川27周年記念 Wave21杯,2,3800,牧 宏次,2,51,53.3,0,0,0.16,5.25,39.78,48.39,5.46,34.62,61.54,29.25,50.94,0,0
2025-10-19,6,7,2025-10-19 14:02:00,5,BTS玉川27周年記念 Wave21杯,3,4630,岩永 雅人,1,38,52,1,0,0.17,5.77,41.73,58.27,5.68,36.36,54.55,37.96,58.39,33.33,44.44
2025-10-19,6,7,2025-10-19 14:02:00,5,BTS玉川27周年記念 Wave21杯,4,5156,坂野 さくら,3,28,46,1,0,0.17,4.07,25,30.26,3.19,7.41,22.22,40.91,50.76,44.44,44.44
2025-10-19,6,7,2025-10-19 14:02:00,5,BTS玉川27周年記念 Wave21杯,5,4528,黒井 達矢,1,37,52.4,0,0,0.16,7.07,52.07,70.25,6.84,44.74,63.16,39.39,59.09,0,0
2025-10-19,6,7,2025-10-19 14:02:00,5,BTS玉川27周年記念 Wave21杯,6,3156,金子 良昭,3,60,53.3,1,0,0.17,4.03,19.15,30.85,5.58,39.1,52.63,33.87,51.61,0,0
2025-10-19,6,8,2025-10-19 14:33:00,5,BTS玉川27周年記念 Wave21杯,1,4961,西橋 奈未,1,29,47,0,0,0.15,7.34,54.92,68.85,6.68,46.43,60.71,29.57,48.7,0,0
2025-10-19,6,8,2025-10-19 14:33:00,5,BTS玉川27周年記念 Wave21杯,2,4710,福田 宗平,2,35,52.1,0,0,0.16,6.54,49.26,69.85,6.42,47.92,66.67,32.5,49.17,0,0
2025-10-19,6,8,2025-10-19 14:33:00,5,BTS玉川27周年記念 Wave21杯,3,4797,中山 将,2,33,52.5,1,0,0.15,6.07,40.91,60.91,5.62,30.77,57.69,38.81,55.22,11.11,33.33
2025-10-19,6,8,2025-10-19 14:33:00,5,BTS玉川27周年記念 Wave21杯,4,4358,松本 庸平,3,41,50.5,0,0,0.21,4.4,27.88,37.5,4.38,23.64,43.64,43.31,60.63,0,0
2025-10-19,6,8,2025-10-19 14:33:00,5,BTS玉川27周年記念 Wave21杯,5,4203,小倉 康典,3,43,51.5,0,0,0.15,3.97,20.31,31.25,4.61,30.56,41.67,34.68,52.42,37.5,50
2025-10-19,6,8,2025-10-19 14:33:00,5,BTS玉川27周年記念 Wave21杯,6,4512,高野 哲史,1,36,52,0,0,0.15,6.78,49.31,69.44,5.56,22.22,44.44,26.13,45.05,0,0
2025-10-19,6,9,2025-10-19 15:02:00,5,BTS玉川27周年記念 Wave21杯,1,3611,岩崎 芳美,2,53,47.7,0,0,0.15,6.18,45.12,58.54,6.53,52.63,60.53,44.44,66.67,11.11,22.22
2025-10-19,6,9,2025-10-19 15:02:00,5,BTS玉川27周年記念 Wave21杯,2,3957,大谷 直弘,3,48,52.6,0,0,0.19,4.8,25.23,41.12,5.82,39.29,53.57,37.01,51.18,0,0
2025-10-19,6,9,2025-10-19 15:02:00,5,BTS玉川27周年記念 Wave21杯,3,4635,峰重 力也,3,35,52.7,0,0,0.15,4.38,21.54,44.62,5.17,31.03,44.83,40,68.8,0,0
2025-10-19,6,9,2025-10-19 15:02:00,5,BTS玉川27周年記念 Wave21杯,4,4486,野村 誠,1,39,52,2,0,0.16,5.15,39.64,50.45,5.69,40,54.29,34.45,57.98,0,0
2025-10-19,6,9,2025-10-19 15:02:00,5,BTS玉川27周年記念 Wave21杯,5,4346,前田 健太郎,3,40,55.6,0,0,0.19,4.13,27.84,37.11,5.27,36.36,36.36,32.5,42.5,22.22,44.44
2025-10-19,6,9,2025-10-19 15:02:00,5,BTS玉川27周年記念 Wave21杯,6,5283,植木 美帆,4,21,49,1,0,0.23,3.36,13.64,24.24,2.05,5,5,29.82,45.61,0,0
2025-10-19,6,10,2025-10-19 15:29:00,5,BTS玉川27周年記念 Wave21杯,1,5161,登玉 隼百,2,26,53.2,0,0,0.13,5.46,36.61,50,5.8,40,60,25.41,38.52,11.11,11.11
2025-10-19,6,10,2025-10-19 15:29:00,5,BTS玉川27周年記念 Wave21杯,2,5009,大賀 龍之介,2,28,53.6,1,0,0.15,4.5,30,40,5.25,28.57,60.71,35.11,48.09,0,0
2025-10-19,6,10,2025-10-19 15:29:00,5,BTS玉川27周年記念 Wave21杯,3,3966,作間 章,1,46,53.6,0,0,0.19,6.38,45.65,67.39,7.38,54.17,87.5,36.84,51.88,0,0
2025-10-19,6,10,2025-10-19 15:29:00,5,BTS玉川27周年記念 Wave21杯,4,5316,村松 将平,3,24,51.5,0,0,0.17,4.1,20.59,33.33,3.07,6.82,25,31.97,50.82,0,22.22
2025-10-19,6,10,2025-10-19 15:29:00,5,BTS玉川27周年記念 Wave21杯,5,3470,新田 芳美,3,55,47,0,0,0.17,5.35,33.73,49.4,4,22.22,33.33,31.01,48.06,0,0
2025-10-19,6,10,2025-10-19 15:29:00,5,BTS玉川27周年記念 Wave21杯,6,4025,山本 隆幸,1,48,52,0,0,0.18,6.42,45.03,66.89,6.22,39.66,62.07,49.65,59.57,0,0
2025-10-19,6,11,2025-10-19 16:01:00,5,BTS玉川27周年記念 Wave21杯,1,5196,鰐部 太空海,2,24,52.2,0,0,0.16,6.37,41.86,65.12,5.74,37.14,60,44.6,56.83,0,0
2025-10-19,6,11,2025-10-19 16:01:00,5,BTS玉川27周年記念 Wave21杯,2,3849,中岡 正彦,1,47,52,0,0,0.14,7.41,60.87,78.26,7.44,66.67,72.22,51.8,68.35,22.22,44.44
2025-10-19,6,11,2025-10-19 16:01:00,5,BTS玉川27周年記念 Wave21杯,3,4036,金田 諭,2,46,52,0,0,0.17,6.67,52.78,72.22,5.09,27.27,54.55,44.35,65.32,22.22,44.44
2025-10-19,6,11,2025-10-19 16:01:00,5,BTS玉川27周年記念 Wave21杯,4,4277,金田 大輔,3,42,50.5,0,0,0.17,4.63,28.85,42.31,4.22,33.33,44.44,42.75,63.36,22.22,55.56
2025-10-19,6,11,2025-10-19 16:01:00,5,BTS玉川27周年記念 Wave21杯,5,3863,海老澤 泰行,3,51,56,1,0,0.16,3.86,15.38,28.21,4.8,30,50,45.86,63.16,0,0
2025-10-19,6,11,2025-10-19 16:01:00,5,BTS玉川27周年記念 Wave21杯,6,4434,田中 辰彦,1,39,52.8,0,0,0.16,6.52,46.21,71.21,0,0,0,48.87,68.42,25,25
2025-10-19,6,12,2025-10-19 16:28:00,5,BTS玉川27周年記念 Wave21杯,1,4528,黒井 達矢,1,37,52.4,0,0,0.16,7.07,52.07,70.25,6.84,44.74,63.16,39.39,59.09,0,0
2025-10-19,6,12,2025-10-19 16:28:00,5,BTS玉川27周年記念 Wave21杯,2,4509,平見 真彦,1,36,52.6,1,0,0.18,5.22,29.31,50,5.87,40,56.67,29.84,45.16,44.44,55.56
2025-10-19,6,12,2025-10-19 16:28:00,5,BTS玉川27周年記念 Wave21杯,3,4175,川尻 泰輔,3,42,55.9,0,0,0.16,4.67,30.38,43.04,4.88,28,44,34.56,48.53,33.33,33.33
2025-10-19,6,12,2025-10-19 16:28:00,5,BTS玉川27周年記念 Wave21杯,4,3302,谷川 里江,3,58,46.5,1,0,0.17,4.34,21.54,38.46,4.25,31.25,31.25,35.16,51.56,22.22,44.44
2025-10-19,6,12,2025-10-19 16:28:00,5,BTS玉川27周年記念 Wave21杯,5,4172,森定 晃史,1,43,52,1,0,0.15,6.27,46.72,63.11,6.44,50,61.11,33.9,54.24,33.33,55.56
2025-10-19,6,12,2025-10-19 16:28:00,5,BTS玉川27周年記念 Wave21杯,6,4797,中山 将,2,33,52.5,1,0,0.15,6.07,40.91,60.91,5.62,30.77,57.69,38.81,55.22,11.11,33.33
2025-10-19,7,1,2025-10-19 15:21:00,5,幸田町長杯争奪 秋の美味 筆柿レース,1,4246,喜多 那由夏,3,43,48.2,0,0,0.18,4.41,22.99,41.38,2.2,0,6.67,5.88,17.65,23.08,30.77
2025-10-19,7,1,2025-10-19 15:21:00,5,幸田町長杯争奪 秋の美味 筆柿レース,2,4395,下河 雅史,2,39,54.7,1,0,0.17,4.53,22.92,41.67,4.9,19.05,47.62,14.81,37.04,32.14,57.14
2025-10-19,7,1,2025-10-19 15:21:00,5,幸田町長杯争奪 秋の美味 筆柿レース,3,3268,森 竜也,3,60,52.5,0,0,0.19,4.57,27.63,40.79,4.5,25,38.24,11.76,17.65,35,40
2025-10-19,7,1,2025-10-19 15:21:00,5,幸田町長杯争奪 秋の美味 筆柿レース,4,3589,西村 勝,3,52,55.4,0,0,0.17,4.32,23.38,37.66,3.25,25,25,24.14,55.17,16.67,44.44
2025-10-19,7,1,2025-10-19 15:21:00,5,幸田町長杯争奪 秋の美味 筆柿レース,5,3580,水口 由紀,3,52,48.8,0,0,0.19,5.48,31.52,53.26,4.54,17.86,39.29,29.63,44.44,34.62,38.46
2025-10-19,7,1,2025-10-19 15:21:00,5,幸田町長杯争奪 秋の美味 筆柿レース,6,5345,牧村 俊輝,4,22,52,1,0,0.23,2.18,4.84,8.06,2.09,2.94,8.82,35.71,53.57,37.93,62.07
2025-10-19,7,2,2025-10-19 15:48:00,5,幸田町長杯争奪 秋の美味 筆柿レース,1,4129,宇野 博之,3,45,53.2,1,0,0.16,3.86,18.64,35.59,4.86,26.19,47.62,41.38,62.07,61.54,73.08
2025-10-19,7,2,2025-10-19 15:48:00,5,幸田町長杯争奪 秋の美味 筆柿レース,2,4936,戸敷 晃美,2,29,47,1,0,0.16,5.34,32.39,52.11,0,0,0,39.29,50,37.5,62.5
2025-10-19,7,2,2025-10-19 15:48:00,5,幸田町長杯争奪 秋の美味 筆柿レース,3,5292,佐藤 右京,3,23,54.5,0,0,0.21,3.26,9.9,23.76,2.43,0,8.7,40,66.67,30,43.33
2025-10-19,7,2,2025-10-19 15:48:00,5,幸田町長杯争奪 秋の美味 筆柿レース,4,4138,中井 俊祐,3,45,52.4,0,0,0.18,4.46,23.88,43.28,0,0,0,21.05,42.11,59.09,77.27
2025-10-19,7,2,2025-10-19 15:48:00,5,幸田町長杯争奪 秋の美味 筆柿レース,5,4672,守屋 大地,3,39,52.3,0,0,0.19,4.68,25.77,47.42,4.65,23.53,52.94,65.52,86.21,13.64,40.91
2025-10-19,7,2,2025-10-19 15:48:00,5,幸田町長杯争奪 秋の美味 筆柿レース,6,5268,山本 幸也,3,24,56.3,1,0,0.18,2.48,7.81,15.63,0,0,0,25,45,42.11,68.42
2025-10-19,7,3,2025-10-19 16:15:00,5,幸田町長杯争奪 秋の美味 筆柿レース,1,4555,富永 大一,3,36,53.9,0,0,0.19,5.41,32.97,50.55,4.25,20.83,41.67,17.65,23.53,23.08,46.15
2025-10-19,7,3,2025-10-19 16:15:00,5,幸田町長杯争奪 秋の美味 筆柿レース,2,3907,村越 篤,3,47,53.7,0,0,0.17,5.73,41.27,58.73,5.38,33.33,52.38,40,63.33,22.22,59.26
2025-10-19,7,3,2025-10-19 16:15:00,5,幸田町長杯争奪 秋の美味 筆柿レース,3,5090,生方 靖亜,3,24,52.5,0,0,0.18,5.27,33.06,52.42,5,30,45,44.44,66.67,40,46.67
2025-10-19,7,3,2025-10-19 16:15:00,5,幸田町長杯争奪 秋の美味 筆柿レース,4,5358,増本 杏珠,3,20,48.3,0,0,0.2,3.34,8.47,20.34,0,0,0,18.52,33.33,6.67,13.33
2025-10-19,7,3,2025-10-19 16:15:00,5,幸田町長杯争奪 秋の美味 筆柿レース,5,4746,大豆生田 蒼,2,30,47,0,0,0.18,6.45,45.24,64.29,4.61,21.21,36.36,23.08,26.92,29.03,45.16
2025-10-19,7,3,2025-10-19 16:15:00,5,幸田町長杯争奪 秋の美味 筆柿レース,6,4298,宮下 元胤,2,42,52,0,0,0.18,6.24,38.74,66.67,6.33,48.19,65.06,40.91,54.55,28.57,39.29
2025-10-19,7,4,2025-10-19 16:40:00,5,幸田町長杯争奪 秋の美味 筆柿レース,1,4432,黄金井 力良,2,39,55.7,0,0,0.17,5.06,25.6,48,4.35,17.65,35.29,8.33,41.67,18.18,45.45
2025-10-19,7,4,2025-10-19 16:40:00,5,幸田町長杯争奪 秋の美味 筆柿レース,2,3922,菅沼 佳昭,3,50,51.5,0,0,0.18,3.7,15.52,29.31,4,19.05,38.1,60.71,71.43,15.38,15.38
2025-10-19,7,4,2025-10-19 16:40:00,5,幸田町長杯争奪 秋の美味 筆柿レース,3,4105,松下 直也,2,46,52.6,0,0,0.18,5.3,33.86,48.82,5.6,39.29,54.76,28,44,47.83,65.22
2025-10-19,7,4,2025-10-19 16:40:00,5,幸田町長杯争奪 秋の美味 筆柿レース,4,4601,森野 正弘,1,40,54.3,0,0,0.14,6.09,42.59,65.74,6.86,53.57,78.57,33.33,38.1,35.48,45.16
2025-10-19,7,4,2025-10-19 16:40:00,5,幸田町長杯争奪 秋の美味 筆柿レース,5,3568,木村 光宏,3,54,54.1,0,0,0.18,5.01,29.55,48.86,6.4,53.33,66.67,54.17,66.67,52.78,77.78
2025-10-19,7,4,2025-10-19 16:40:00,5,幸田町長杯争奪 秋の美味 筆柿レース,6,5254,羽田 妃希,4,22,47,1,0,0.22,4.21,19.05,34.92,2.29,3.57,10.71,33.33,47.62,8.33,29.17
2025-10-19,7,5,2025-10-19 17:10:00,5,幸田町長杯争奪 秋の美味 筆柿レース,1,4983,前田 篤哉,1,28,52.4,0,0,0.17,6.55,52.07,66.12,5.98,41.86,59.3,23.08,42.31,16.67,33.33
2025-10-19,7,5,2025-10-19 17:10:00,5,幸田町長杯争奪 秋の美味 筆柿レース,2,3580,水口 由紀,3,52,48.8,0,0,0.19,5.48,31.52,53.26,4.54,17.86,39.29,29.63,44.44,34.62,38.46
2025-10-19,7,5,2025-10-19 17:10:00,5,幸田町長杯争奪 秋の美味 筆柿レース,3,3582,吉川 昭男,2,52,52.6,0,0,0.17,6.09,47.37,62.28,7.15,66.67,78.79,31.03,51.72,45.71,60
2025-10-19,7,5,2025-10-19 17:10:00,5,幸田町長杯争奪 秋の美味 筆柿レース,4,4260,中越 博紀,2,41,52,0,0,0.17,5.62,40.57,54.72,5.27,36.36,54.55,7.69,26.92,6.25,6.25
2025-10-19,7,5,2025-10-19 17:10:00,5,幸田町長杯争奪 秋の美味 筆柿レース,5,4244,鈴木 成美,3,38,46,0,0,0.14,4.26,25.27,35.16,5.05,21.05,52.63,46.88,62.5,16.67,33.33
2025-10-19,7,5,2025-10-19 17:10:00,5,幸田町長杯争奪 秋の美味 筆柿レース,6,5063,大塚 雅治,3,27,52.1,0,0,0.19,5.1,33.33,51.04,0,0,0,12,24,33.33,33.33
2025-10-19,7,6,2025-10-19 17:37:00,5,幸田町長杯争奪 秋の美味 筆柿レース,1,3792,田中 豪,1,53,52.9,0,0,0.18,6.21,45.65,67.39,5.47,35.56,60,33.33,44.44,38.71,64.52
2025-10-19,7,6,2025-10-19 17:37:00,5,幸田町長杯争奪 秋の美味 筆柿レース,2,4672,守屋 大地,3,39,52.3,0,0,0.19,4.68,25.77,47.42,4.65,23.53,52.94,65.52,86.21,13.64,40.91
2025-10-19,7,6,2025-10-19 17:37:00,5,幸田町長杯争奪 秋の美味 筆柿レース,3,4063,市橋 卓士,1,46,52.9,0,0,0.14,6.48,46.56,69.47,7.12,63.64,69.7,35.48,61.29,60,80
2025-10-19,7,6,2025-10-19 17:37:00,5,幸田町長杯争奪 秋の美味 筆柿レース,4,5345,牧村 俊輝,4,22,52,1,0,0.23,2.18,4.84,8.06,2.09,2.94,8.82,35.71,53.57,37.93,62.07
2025-10-19,7,6,2025-10-19 17:37:00,5,幸田町長杯争奪 秋の美味 筆柿レース,5,5292,佐藤 右京,3,23,54.5,0,0,0.21,3.26,9.9,23.76,2.43,0,8.7,40,66.67,30,43.33
2025-10-19,7,6,2025-10-19 17:37:00,5,幸田町長杯争奪 秋の美味 筆柿レース,6,4977,馬野 耀,2,31,54.5,0,0,0.18,5.75,38.32,60.75,6.41,52.94,70.59,30.77,38.46,51.85,66.67
2025-10-19,7,7,2025-10-19 18:04:00,5,幸田町長杯争奪 秋の美味 筆柿レース,1,4732,堀本 和也,1,36,53.7,0,0,0.12,6.22,47.46,61.02,6.25,50,60,33.33,51.85,20.83,45.83
2025-10-19,7,7,2025-10-19 18:04:00,5,幸田町長杯争奪 秋の美味 筆柿レース,2,4746,大豆生田 蒼,2,30,47,0,0,0.18,6.45,45.24,64.29,4.61,21.21,36.36,23.08,26.92,29.03,45.16
2025-10-19,7,7,2025-10-19 18:04:00,5,幸田町長杯争奪 秋の美味 筆柿レース,3,4138,中井 俊祐,3,45,52.4,0,0,0.18,4.46,23.88,43.28,0,0,0,21.05,42.11,59.09,77.27
2025-10-19,7,7,2025-10-19 18:04:00,5,幸田町長杯争奪 秋の美味 筆柿レース,4,4551,三川 昂暁,2,36,53.6,0,0,0.18,5.98,35.77,62.6,5.93,42.86,60.71,48.15,70.37,0,18.75
2025-10-19,7,7,2025-10-19 18:04:00,5,幸田町長杯争奪 秋の美味 筆柿レース,5,4129,宇野 博之,3,45,53.2,1,0,0.16,3.86,18.64,35.59,4.86,26.19,47.62,41.38,62.07,61.54,73.08
2025-10-19,7,7,2025-10-19 18:04:00,5,幸田町長杯争奪 秋の美味 筆柿レース,6,5358,増本 杏珠,3,20,48.3,0,0,0.2,3.34,8.47,20.34,0,0,0,18.52,33.33,6.67,13.33
2025-10-19,7,8,2025-10-19 18:33:00,5,幸田町長杯争奪 秋の美味 筆柿レース,1,4066,東本 勝利,1,45,52.4,1,0,0.15,6.2,39.82,64.6,5.55,25,70,16.67,27.78,40,73.33
2025-10-19,7,8,2025-10-19 18:33:00,5,幸田町長杯争奪 秋の美味 筆柿レース,2,3568,木村 光宏,3,54,54.1,0,0,0.18,5.01,29.55,48.86,6.4,53.33,66.67,54.17,66.67,52.78,77.78
2025-10-19,7,8,2025-10-19 18:33:00,5,幸田町長杯争奪 秋の美味 筆柿レース,3,4395,下河 雅史,2,39,54.7,1,0,0.17,4.53,22.92,41.67,4.9,19.05,47.62,14.81,37.04,32.14,57.14
2025-10-19,7,8,2025-10-19 18:33:00,5,幸田町長杯争奪 秋の美味 筆柿レース,4,3907,村越 篤,3,47,53.7,0,0,0.17,5.73,41.27,58.73,5.38,33.33,52.38,40,63.33,22.22,59.26
2025-10-19,7,8,2025-10-19 18:33:00,5,幸田町長杯争奪 秋の美味 筆柿レース,5,3268,森 竜也,3,60,52.5,0,0,0.19,4.57,27.63,40.79,4.5,25,38.24,11.76,17.65,35,40
2025-10-19,7,8,2025-10-19 18:33:00,5,幸田町長杯争奪 秋の美味 筆柿レース,6,4264,長尾 章平,1,40,53.9,0,0,0.16,6.59,52.86,70,6.8,50,73.33,20,30,36.36,59.09
2025-10-19,7,9,2025-10-19 19:04:00,5,幸田町長杯争奪 秋の美味 筆柿レース,1,4601,森野 正弘,1,40,54.3,0,0,0.14,6.09,42.59,65.74,6.86,53.57,78.57,33.33,38.1,35.48,45.16
2025-10-19,7,9,2025-10-19 19:04:00,5,幸田町長杯争奪 秋の美味 筆柿レース,2,4260,中越 博紀,2,41,52,0,0,0.17,5.62,40.57,54.72,5.27,36.36,54.55,7.69,26.92,6.25,6.25
2025-10-19,7,9,2025-10-19 19:04:00,5,幸田町長杯争奪 秋の美味 筆柿レース,3,4244,鈴木 成美,3,38,46,0,0,0.14,4.26,25.27,35.16,5.05,21.05,52.63,46.88,62.5,16.67,33.33
2025-10-19,7,9,2025-10-19 19:04:00,5,幸田町長杯争奪 秋の美味 筆柿レース,4,4246,喜多 那由夏,3,43,48.2,0,0,0.18,4.41,22.99,41.38,2.2,0,6.67,5.88,17.65,23.08,30.77
2025-10-19,7,9,2025-10-19 19:04:00,5,幸田町長杯争奪 秋の美味 筆柿レース,5,3589,西村 勝,3,52,55.4,0,0,0.17,4.32,23.38,37.66,3.25,25,25,24.14,55.17,16.67,44.44
2025-10-19,7,9,2025-10-19 19:04:00,5,幸田町長杯争奪 秋の美味 筆柿レース,6,4105,松下 直也,2,46,52.6,0,0,0.18,5.3,33.86,48.82,5.6,39.29,54.76,28,44,47.83,65.22
2025-10-19,7,10,2025-10-19 19:36:00,5,幸田町長杯争奪 秋の美味 筆柿レース,1,4977,馬野 耀,2,31,54.5,0,0,0.18,5.75,38.32,60.75,6.41,52.94,70.59,30.77,38.46,51.85,66.67
2025-10-19,7,10,2025-10-19 19:36:00,5,幸田町長杯争奪 秋の美味 筆柿レース,2,4983,前田 篤哉,1,28,52.4,0,0,0.17,6.55,52.07,66.12,5.98,41.86,59.3,23.08,42.31,33.33,54.55
2025-10-19,7,10,2025-10-19 19:36:00,5,幸田町長杯争奪 秋の美味 筆柿レース,3,4555,富永 大一,3,36,53.9,0,0,0.19,5.41,32.97,50.55,4.25,20.83,41.67,17.65,23.53,23.08,46.15
2025-10-19,7,10,2025-10-19 19:36:00,5,幸田町長杯争奪 秋の美味 筆柿レース,4,3922,菅沼 佳昭,3,50,51.5,0,0,0.18,3.7,15.52,29.31,4,19.05,38.1,60.71,71.43,15.38,15.38
2025-10-19,7,10,2025-10-19 19:36:00,5,幸田町長杯争奪 秋の美味 筆柿レース,5,3582,吉川 昭男,2,52,52.6,0,0,0.17,6.09,47.37,62.28,7.15,66.67,78.79,31.03,51.72,45.71,60
2025-10-19,7,10,2025-10-19 19:36:00,5,幸田町長杯争奪 秋の美味 筆柿レース,6,3792,田中 豪,1,53,52.9,0,0,0.18,6.21,45.65,67.39,5.47,35.56,60,33.33,44.44,38.71,64.52
2025-10-19,7,11,2025-10-19 20:05:00,5,幸田町長杯争奪 秋の美味 筆柿レース,1,4298,宮下 元胤,2,42,52,0,0,0.18,6.24,38.74,66.67,6.33,48.19,65.06,40.91,54.55,28.57,39.29
2025-10-19,7,11,2025-10-19 20:05:00,5,幸田町長杯争奪 秋の美味 筆柿レース,2,4432,黄金井 力良,2,39,55.7,0,0,0.17,5.06,25.6,48,4.35,17.65,35.29,8.33,41.67,18.18,45.45
2025-10-19,7,11,2025-10-19 20:05:00,5,幸田町長杯争奪 秋の美味 筆柿レース,3,4066,東本 勝利,1,45,52.4,1,0,0.15,6.2,39.82,64.6,5.55,25,70,16.67,27.78,40,73.33
2025-10-19,7,11,2025-10-19 20:05:00,5,幸田町長杯争奪 秋の美味 筆柿レース,4,4063,市橋 卓士,1,46,52.9,0,0,0.14,6.48,46.56,69.47,7.12,63.64,69.7,35.48,61.29,60,80
2025-10-19,7,11,2025-10-19 20:05:00,5,幸田町長杯争奪 秋の美味 筆柿レース,5,4732,堀本 和也,1,36,53.7,0,0,0.12,6.22,47.46,61.02,6.25,50,60,33.33,51.85,20.83,45.83
2025-10-19,7,11,2025-10-19 20:05:00,5,幸田町長杯争奪 秋の美味 筆柿レース,6,4936,戸敷 晃美,2,29,47,1,0,0.16,5.34,32.39,52.11,0,0,0,39.29,50,37.5,62.5
2025-10-19,7,12,2025-10-19 20:38:00,5,幸田町長杯争奪 秋の美味 筆柿レース,1,4787,椎名 豊,1,37,52,0,0,0.15,6.84,45.9,63.93,5.43,42.86,42.86,41.94,51.61,40,53.33
2025-10-19,7,12,2025-10-19 20:38:00,5,幸田町長杯争奪 秋の美味 筆柿レース,2,4042,丸岡 正典,1,46,51.5,1,0,0.16,5.86,35.96,51.75,7.18,54.55,81.82,40.74,70.37,29.63,44.44
2025-10-19,7,12,2025-10-19 20:38:00,5,幸田町長杯争奪 秋の美味 筆柿レース,3,4584,村岡 賢人,1,35,52,0,0,0.12,7.1,57.39,74.78,6.97,53.33,80,46.43,64.29,16.67,22.22
2025-10-19,7,12,2025-10-19 20:38:00,5,幸田町長杯争奪 秋の美味 筆柿レース,4,4743,木村 仁紀,1,33,52.8,0,0,0.14,6.49,46.36,62.73,6.36,42.86,64.29,43.33,70,37.93,65.52
2025-10-19,7,12,2025-10-19 20:38:00,5,幸田町長杯争奪 秋の美味 筆柿レース,5,4823,中村 桃佳,3,32,45,0,0,0.15,6.59,45,70,6.78,44.44,55.56,55.56,70.37,15.38,23.08
2025-10-19,7,12,2025-10-19 20:38:00,5,幸田町長杯争奪 秋の美味 筆柿レース,6,4119,泥谷 一毅,2,44,52,1,0,0.18,5.86,38.04,58.7,6.16,41.94,64.52,28,32,28.13,50
2025-10-19,8,1,2025-10-19 10:30:00,5,デイリースポーツ杯,1,4076,杉田 篤光,2,47,52,0,0,0.2,5.64,38.32,53.27,5.4,33.33,50,32.57,50.46,44.12,63.24
2025-10-19,8,1,2025-10-19 10:30:00,5,デイリースポーツ杯,2,3964,宮地 博士,3,46,52,0,0,0.21,4.27,22.22,33.33,4.15,19.23,34.62,36.52,53.48,41.67,63.33
2025-10-19,8,1,2025-10-19 10:30:00,5,デイリースポーツ杯,3,3948,大町 利克,3,49,52.7,0,0,0.2,3.84,18.18,32.47,4.35,21.74,39.13,33.91,49.79,39.13,50.72
2025-10-19,8,1,2025-10-19 10:30:00,5,デイリースポーツ杯,4,3955,眞田 英二,3,48,52.5,0,0,0.19,5.52,39.13,52.17,6.27,26.67,80,38.2,54.08,37.14,60
2025-10-19,8,1,2025-10-19 10:30:00,5,デイリースポーツ杯,5,4113,木村 浩士,3,45,55.9,0,0,0.19,4.91,30.11,45.16,3.9,25,30,40,56.44,28.57,44.29
2025-10-19,8,1,2025-10-19 10:30:00,5,デイリースポーツ杯,6,5405,竹内 来,4,21,52.3,0,0,,1.39,0,4.69,1.19,0,0,28.5,44.56,16.98,26.42
2025-10-19,8,2,2025-10-19 11:08:00,5,デイリースポーツ杯,1,4449,中嶋 達也,3,38,52.1,0,0,0.16,3.88,16.36,31.82,4.05,13.64,22.73,34.26,49.54,39.29,55.36
2025-10-19,8,2,2025-10-19 11:08:00,5,デイリースポーツ杯,2,4195,前川 守嗣,2,43,57.9,1,0,0.13,4.41,22.83,39.13,6.47,40,73.33,29.33,47.6,25.81,40.32
2025-10-19,8,2,2025-10-19 11:08:00,5,デイリースポーツ杯,3,5114,小林 孝彰,2,25,52,0,0,0.17,5.82,38.73,60.56,4.29,21.43,38.1,35.9,58.12,39.73,54.79
2025-10-19,8,2,2025-10-19 11:08:00,5,デイリースポーツ杯,4,5377,鳥居塚 嶺王,4,21,50,0,0,0.16,2.86,8.45,15.49,0,0,0,34.65,48.68,41.54,58.46
2025-10-19,8,2,2025-10-19 11:08:00,5,デイリースポーツ杯,5,5058,前原 大道,1,29,52.5,0,0,0.15,6.93,55.22,70.15,5.35,30,50,29.29,49.49,37.31,50.75
2025-10-19,8,2,2025-10-19 11:08:00,5,デイリースポーツ杯,6,3350,藤本 佳史,3,57,54,1,0,0.16,5.89,41.41,58.59,4.93,30,46.67,34.03,49.58,2.94,17.65
2025-10-19,8,3,2025-10-19 11:39:00,5,デイリースポーツ杯,1,4140,梶野 学志,1,44,52,0,0,0.16,6.42,43.96,70.33,6.2,50,62.5,33.62,51.53,33.33,45.45
2025-10-19,8,3,2025-10-19 11:39:00,5,デイリースポーツ杯,2,4231,鈴木 裕隆,3,42,54.3,0,0,0.17,5.71,39.81,57.28,5.11,33.33,44.44,46.86,70.71,35.71,47.14
2025-10-19,8,3,2025-10-19 11:39:00,5,デイリースポーツ杯,3,3931,黒崎 竜也,4,49,51,1,0,0.18,5.31,32.14,54.76,7.69,73.08,84.62,27.44,44.19,25.4,46.03
2025-10-19,8,3,2025-10-19 11:39:00,5,デイリースポーツ杯,4,3730,塩崎 優司,3,53,52.1,0,0,0.18,4.28,22.64,33.02,4.53,22.34,34.04,34.82,50,47.89,66.2
2025-10-19,8,3,2025-10-19 11:39:00,5,デイリースポーツ杯,5,4052,興津 藍,1,44,50.5,0,0,0.18,5.79,38.78,57.14,5.09,54.55,54.55,26.51,46.98,32.31,50.77
2025-10-19,8,3,2025-10-19 11:39:00,5,デイリースポーツ杯,6,5356,長谷川 暖,3,20,51.5,0,0,0.18,4.82,22.78,49.37,3,0,33.33,37.85,55.78,32.35,52.94
2025-10-19,8,4,2025-10-19 12:12:00,5,デイリースポーツ杯,1,3567,吉岡 誠,3,55,55.5,0,0,0.19,3.92,18.18,27.27,3.81,18.75,28.13,35.04,49.15,25.42,45.76
2025-10-19,8,4,2025-10-19 12:12:00,5,デイリースポーツ杯,2,3687,花田 和明,3,55,52,1,0,0.17,4.95,25.88,45.88,5.01,29.85,47.76,33.98,55.83,20,33.33
2025-10-19,8,4,2025-10-19 12:12:00,5,デイリースポーツ杯,3,4128,川口 貴久,3,45,55,0,0,0.15,4.12,16.67,35,4.93,37.93,51.72,38.57,57.4,33.87,51.61
2025-10-19,8,4,2025-10-19 12:12:00,5,デイリースポーツ杯,4,4654,篠田 優也,1,39,53.3,1,0,0.14,6.13,45.05,62.64,6.25,46.88,75,30.48,44.76,16.98,35.85
2025-10-19,8,4,2025-10-19 12:12:00,5,デイリースポーツ杯,5,4581,吉村 誠,2,36,52,0,0,0.14,6.39,46.67,65,5.71,42.86,57.14,39.57,56.17,45.83,66.67
2025-10-19,8,4,2025-10-19 12:12:00,5,デイリースポーツ杯,6,5128,坪井 爽佑,4,28,52.2,0,0,0.2,3.75,24.56,31.58,3.39,22.58,25.81,40.89,56,32.43,47.3
2025-10-19,8,5,2025-10-19 12:42:00,5,デイリースポーツ杯,1,3891,谷口 健一,3,49,55.2,0,0,0.18,3.89,18.81,32.67,3.91,17.14,28.57,43.03,54.51,26.47,44.12
2025-10-19,8,5,2025-10-19 12:42:00,5,デイリースポーツ杯,2,4640,山ノ内 雅人,2,34,52.3,0,0,0.16,5.92,41.86,62.02,5.73,46.67,66.67,36.44,52.44,40.91,60.61
2025-10-19,8,5,2025-10-19 12:42:00,5,デイリースポーツ杯,3,3107,平岡 重典,3,61,52,0,0,0.19,3.94,12.79,31.4,3.91,9.09,22.73,41.18,58.82,27.59,43.1
2025-10-19,8,5,2025-10-19 12:42:00,5,デイリースポーツ杯,4,5256,中山 翔太,2,21,52,0,0,0.16,6.4,44.53,67.88,4.58,25,41.67,38.5,55.31,32.84,49.25
2025-10-19,8,5,2025-10-19 12:42:00,5,デイリースポーツ杯,5,4840,鈴木 秀茉,3,34,52,0,0,0.17,5.07,31.73,50.96,4.62,29.73,45.95,30.14,47.37,31.75,49.21
2025-10-19,8,5,2025-10-19 12:42:00,5,デイリースポーツ杯,6,3944,山口 裕二,1,46,52.1,0,0,0.16,5.71,39.56,58.24,6.86,57.14,71.43,45.61,60.09,34.72,52.78
2025-10-19,8,6,2025-10-19 13:09:00,5,デイリースポーツ杯,1,3621,天野 晶夫,2,51,54.1,0,0,0.17,5,28,46,6.05,42.17,59.04,35.27,48.96,32.86,50
2025-10-19,8,6,2025-10-19 13:09:00,5,デイリースポーツ杯,2,4917,岩橋 裕馬,3,37,52,0,0,0.19,4.39,21.74,38.04,4.55,20,40,43.21,61.73,21.54,40
2025-10-19,8,6,2025-10-19 13:09:00,5,デイリースポーツ杯,3,3955,眞田 英二,3,48,52.5,0,0,0.19,5.52,39.13,52.17,6.27,26.67,80,38.2,54.08,37.14,60
2025-10-19,8,6,2025-10-19 13:09:00,5,デイリースポーツ杯,4,4218,吉川 喜継,1,44,52,0,0,0.16,6.69,53.47,70.83,6.27,40,73.33,36.36,51.78,29.51,47.54
2025-10-19,8,6,2025-10-19 13:09:00,5,デイリースポーツ杯,5,3964,宮地 博士,3,46,52,0,0,0.21,4.27,22.22,33.33,4.15,19.23,34.62,36.52,53.48,41.67,63.33
2025-10-19,8,6,2025-10-19 13:09:00,5,デイリースポーツ杯,6,5377,鳥居塚 嶺王,4,21,50,0,0,0.16,2.86,8.45,15.49,0,0,0,34.65,48.68,41.54,58.46
2025-10-19,8,7,2025-10-19 13:37:00,5,デイリースポーツ杯,1,3777,樋口 亮,2,50,52.9,1,0,0.19,5.73,35.35,57.58,0,0,0,29.36,45.41,35,46.67
2025-10-19,8,7,2025-10-19 13:37:00,5,デイリースポーツ杯,2,3730,塩崎 優司,3,53,52.1,0,0,0.18,4.28,22.64,33.02,4.53,22.34,34.04,34.82,50,47.89,66.2
2025-10-19,8,7,2025-10-19 13:37:00,5,デイリースポーツ杯,3,4449,中嶋 達也,3,38,52.1,0,0,0.16,3.88,16.36,31.82,4.05,13.64,22.73,34.26,49.54,39.29,55.36
2025-10-19,8,7,2025-10-19 13:37:00,5,デイリースポーツ杯,4,4195,前川 守嗣,2,43,57.9,1,0,0.13,4.41,22.83,39.13,6.47,40,73.33,29.33,47.6,25.81,40.32
2025-10-19,8,7,2025-10-19 13:37:00,5,デイリースポーツ杯,5,5405,竹内 来,4,21,52.3,0,0,,1.39,0,4.69,1.19,0,0,28.5,44.56,16.98,26.42
2025-10-19,8,7,2025-10-19 13:37:00,5,デイリースポーツ杯,6,5217,藤原 碧生,1,25,52,1,0,0.15,6.78,49.52,74.29,0,0,0,38.67,60,38.24,51.47
2025-10-19,8,8,2025-10-19 14:05:00,5,デイリースポーツ杯,1,3629,浅見 昌克,2,55,51.5,0,0,0.15,6.12,44.72,62.6,6.84,61.36,70.45,32,53.33,33.82,55.88
2025-10-19,8,8,2025-10-19 14:05:00,5,デイリースポーツ杯,2,4439,近藤 友宝,3,39,54.4,0,0,0.17,3.75,20.9,28.36,4.06,18.75,37.5,35.53,53.95,35.19,44.44
2025-10-19,8,8,2025-10-19 14:05:00,5,デイリースポーツ杯,3,3687,花田 和明,3,55,52,1,0,0.17,4.95,25.88,45.88,5.01,29.85,47.76,33.98,55.83,20,33.33
2025-10-19,8,8,2025-10-19 14:05:00,5,デイリースポーツ杯,4,5128,坪井 爽佑,4,28,52.2,0,0,0.2,3.75,24.56,31.58,3.39,22.58,25.81,40.89,56,32.43,47.3
2025-10-19,8,8,2025-10-19 14:05:00,5,デイリースポーツ杯,5,5356,長谷川 暖,3,20,51.5,0,0,0.18,4.82,22.78,49.37,3,0,33.33,37.85,55.78,32.35,52.94
2025-10-19,8,8,2025-10-19 14:05:00,5,デイリースポーツ杯,6,4483,北野 輝季,1,36,52.4,1,0,0.15,6.84,55.04,65.89,6.86,51.88,66.92,32.3,51.33,27.59,53.45
2025-10-19,8,9,2025-10-19 14:32:00,5,デイリースポーツ杯,1,3406,中里 英夫,2,57,53.2,0,0,0.18,5.99,41.59,63.72,5.55,31.58,52.63,41.01,61.75,32.84,49.25
2025-10-19,8,9,2025-10-19 14:32:00,5,デイリースポーツ杯,2,3931,黒崎 竜也,4,49,51,1,0,0.18,5.31,32.14,54.76,7.69,73.08,84.62,27.44,44.19,25.4,46.03
2025-10-19,8,9,2025-10-19 14:32:00,5,デイリースポーツ杯,3,4640,山ノ内 雅人,2,34,52.3,0,0,0.16,5.92,41.86,62.02,5.73,46.67,66.67,36.44,52.44,40.91,60.61
2025-10-19,8,9,2025-10-19 14:32:00,5,デイリースポーツ杯,4,4231,鈴木 裕隆,3,42,54.3,0,0,0.17,5.71,39.81,57.28,5.11,33.33,44.44,46.86,70.71,35.71,47.14
2025-10-19,8,9,2025-10-19 14:32:00,5,デイリースポーツ杯,5,3948,大町 利克,3,49,52.7,0,0,0.2,3.84,18.18,32.47,4.35,21.74,39.13,33.91,49.79,39.13,50.72
2025-10-19,8,9,2025-10-19 14:32:00,5,デイリースポーツ杯,6,3635,石田 政吾,2,54,52.1,0,0,0.18,5.13,29.46,54.46,6.13,48.15,68.52,34.15,53.17,44.78,61.19
2025-10-19,8,10,2025-10-19 15:08:00,5,デイリースポーツ杯,1,3944,山口 裕二,1,46,52,0,0,0.16,5.71,39.56,58.24,6.86,57.14,71.43,45.61,60.09,34.72,52.78
2025-10-19,8,10,2025-10-19 15:08:00,5,デイリースポーツ杯,2,4581,吉村 誠,2,36,52,0,0,0.14,6.39,46.67,65,5.71,42.86,57.14,39.57,56.17,45.83,66.67
2025-10-19,8,10,2025-10-19 15:08:00,5,デイリースポーツ杯,3,4218,吉川 喜継,1,44,51,0,0,0.16,6.69,53.47,70.83,6.27,40,73.33,36.36,51.78,29.51,47.54
2025-10-19,8,10,2025-10-19 15:08:00,5,デイリースポーツ杯,4,5114,小林 孝彰,2,25,52.3,0,0,0.17,5.82,38.73,60.56,4.29,21.43,38.1,35.9,58.12,39.73,54.79
2025-10-19,8,10,2025-10-19 15:08:00,5,デイリースポーツ杯,5,4128,川口 貴久,3,45,55.5,0,0,0.15,4.12,16.67,35,4.93,37.93,51.72,38.57,57.4,33.87,51.61
2025-10-19,8,10,2025-10-19 15:08:00,5,デイリースポーツ杯,6,3621,天野 晶夫,2,51,54,0,0,0.17,5,28,46,6.05,42.17,59.04,35.27,48.96,32.86,50
2025-10-19,8,11,2025-10-19 15:40:00,5,デイリースポーツ杯,1,5217,藤原 碧生,1,25,52,1,0,0.15,6.78,49.52,74.29,0,0,0,38.67,60,38.24,51.47
2025-10-19,8,11,2025-10-19 15:40:00,5,デイリースポーツ杯,2,4052,興津 藍,1,44,50.5,0,0,0.18,5.79,38.78,57.14,5.09,54.55,54.55,26.51,46.98,32.31,50.77
2025-10-19,8,11,2025-10-19 15:40:00,5,デイリースポーツ杯,3,4654,篠田 優也,1,39,53.3,1,0,0.14,6.13,45.05,62.64,6.25,46.88,75,30.48,44.76,16.98,35.85
2025-10-19,8,11,2025-10-19 15:40:00,5,デイリースポーツ杯,4,3107,平岡 重典,3,61,52,0,0,0.19,3.94,12.79,31.4,3.91,9.09,22.73,41.18,58.82,27.59,43.1
2025-10-19,8,11,2025-10-19 15:40:00,5,デイリースポーツ杯,5,4076,杉田 篤光,2,47,52,0,0,0.2,5.64,38.32,53.27,5.4,33.33,50,32.57,50.46,44.12,63.24
2025-10-19,8,11,2025-10-19 15:40:00,5,デイリースポーツ杯,6,3777,樋口 亮,2,50,52.9,1,0,0.19,5.73,35.35,57.58,0,0,0,29.36,45.41,35,46.67
2025-10-19,8,12,2025-10-19 16:12:00,5,デイリースポーツ杯,1,4483,北野 輝季,1,36,52.4,1,0,0.15,6.84,55.04,65.89,6.86,51.88,66.92,32.3,51.33,27.59,53.45
2025-10-19,8,12,2025-10-19 16:12:00,5,デイリースポーツ杯,2,5058,前原 大道,1,29,52.5,0,0,0.15,6.93,55.22,70.15,5.35,30,50,29.29,49.49,37.31,50.75
2025-10-19,8,12,2025-10-19 16:12:00,5,デイリースポーツ杯,3,5256,中山 翔太,2,21,52,0,0,0.16,6.4,44.53,67.88,4.58,25,41.67,38.5,55.31,32.84,49.25
2025-10-19,8,12,2025-10-19 16:12:00,5,デイリースポーツ杯,4,4140,梶野 学志,1,44,52,0,0,0.16,6.42,43.96,70.33,6.2,50,62.5,33.62,51.53,33.33,45.45
2025-10-19,8,12,2025-10-19 16:12:00,5,デイリースポーツ杯,5,4917,岩橋 裕馬,3,37,52,0,0,0.19,4.39,21.74,38.04,4.55,20,40,43.21,61.73,21.54,40
2025-10-19,8,12,2025-10-19 16:12:00,5,デイリースポーツ杯,6,3629,浅見 昌克,2,55,51.5,0,0,0.15,6.12,44.72,62.6,6.84,61.36,70.45,32,53.33,33.82,55.88
2025-10-19,10,1,2025-10-19 08:47:00,5,日本MB選手会会長杯 第33回たけふ菊人形賞,1,3826,村田 修次,2,52,52.3,1,0,0.16,6.04,41.49,63.83,5.11,22.22,55.56,26.97,43.42,30.46,50.99
2025-10-19,10,1,2025-10-19 08:47:00,5,日本MB選手会会長杯 第33回たけふ菊人形賞,2,3664,鈴木 賢一,3,55,57.5,0,0,0.18,5.28,41.18,48.04,4.97,37.14,51.43,36.94,52.87,36.13,52.26
2025-10-19,10,1,2025-10-19 08:47:00,5,日本MB選手会会長杯 第33回たけふ菊人形賞,3,4902,山川 雄大,3,32,52,0,0,0.18,4.5,29.31,43.1,4.64,26.39,41.67,26.8,41.18,35.71,48.7
2025-10-19,10,1,2025-10-19 08:47:00,5,日本MB選手会会長杯 第33回たけふ菊人形賞,4,3620,信濃 由行,3,51,53.6,0,0,0.19,4.71,29.67,42.86,4.3,23.08,41.76,29.68,50.32,22.15,37.58
2025-10-19,10,1,2025-10-19 08:47:00,5,日本MB選手会会長杯 第33回たけふ菊人形賞,5,5078,山川 波乙,3,28,46.5,0,0,0.2,4.99,30.38,46.84,0,0,0,27.52,44.3,33.78,49.32
2025-10-19,10,1,2025-10-19 08:47:00,5,日本MB選手会会長杯 第33回たけふ菊人形賞,6,4011,堀之内 紀代子,3,46,47,1,0,0.17,6.69,53.13,70.83,4.52,20.69,37.93,23.24,38.03,36.42,55.63
2025-10-19,10,2,2025-10-19 09:13:00,5,日本MB選手会会長杯 第33回たけふ菊人形賞,1,3679,飯島 昌弘,1,52,52.5,0,0,0.16,6.73,48.03,73.23,7.42,66.67,83.33,39.74,56.41,32.26,49.68
2025-10-19,10,2,2025-10-19 09:13:00,5,日本MB選手会会長杯 第33回たけふ菊人形賞,2,4816,村松 修二,2,34,55.7,0,0,0.16,5.61,36.47,52.94,6.45,45.45,72.73,38,57.33,27.81,47.02
2025-10-19,10,2,2025-10-19 09:13:00,5,日本MB選手会会長杯 第33回たけふ菊人形賞,3,4988,牟田 奨太,3,28,55.5,0,0,0.15,3.61,22.68,29.9,4.87,33.33,40,31.82,51.3,25.17,44.37
2025-10-19,10,2,2025-10-19 09:13:00,5,日本MB選手会会長杯 第33回たけふ菊人形賞,4,3696,白井 友晴,3,53,52.6,0,0,0.19,4.92,27.52,48.62,5,30.77,53.85,32.47,43.51,40.13,56.58
2025-10-19,10,2,2025-10-19 09:13:00,5,日本MB選手会会長杯 第33回たけふ菊人形賞,5,4443,津田 裕絵,3,39,49.6,0,0,0.21,6.13,40,66.32,6.57,52.38,76.19,35.33,58,30.46,46.36
2025-10-19,10,2,2025-10-19 09:13:00,5,日本MB選手会会長杯 第33回たけふ菊人形賞,6,5391,出穂 和鼓,4,17,51.3,1,0,0.22,1.71,1.79,5.36,0,0,0,28.66,47.13,31.37,47.06
2025-10-19,10,3,2025-10-19 09:39:00,5,日本MB選手会会長杯 第33回たけふ菊人形賞,1,3872,岡田 憲行,2,49,53.6,0,0,0.21,5.37,33.85,53.85,4.91,27.91,51.16,36.49,55.41,24.48,39.86
2025-10-19,10,3,2025-10-19 09:39:00,5,日本MB選手会会長杯 第33回たけふ菊人形賞,2,5335,森 陽多,3,20,47,0,0,0.19,2.78,13.33,20.95,0,0,0,28.76,46.41,38.56,54.9
2025-10-19,10,3,2025-10-19 09:39:00,5,日本MB選手会会長杯 第33回たけふ菊人形賞,3,3854,吉川 元浩,1,53,51.5,0,0,0.14,7.19,50.96,68.27,8.44,61.76,79.41,32.05,48.72,43.23,66.45
2025-10-19,10,3,2025-10-19 09:39:00,5,日本MB選手会会長杯 第33回たけふ菊人形賞,4,3538,菊池 峰晴,3,57,52.8,0,0,0.18,5.26,29.49,51.28,5.5,37.5,54.17,34.21,51.32,37.25,56.86
2025-10-19,10,3,2025-10-19 09:39:00,5,日本MB選手会会長杯 第33回たけふ菊人形賞,5,3474,松瀬 弘美,3,55,46,1,0,0.17,5.18,34.69,54.08,5.63,26.67,63.33,39.47,57.24,30.67,44.67
2025-10-19,10,3,2025-10-19 09:39:00,5,日本MB選手会会長杯 第33回たけふ菊人形賞,6,5187,小坂 風太,3,25,54.1,0,0,0.19,4.27,26.79,40.18,5.11,32.16,52.05,54.48,72.41,39.07,56.29
2025-10-19,10,4,2025-10-19 10:05:00,5,日本MB選手会会長杯 第33回たけふ菊人形賞,1,4356,長岡 良也,1,41,52,0,0,0.16,6.58,48.7,72.17,0,0,0,36.05,58.5,32.24,53.29
2025-10-19,10,4,2025-10-19 10:05:00,5,日本MB選手会会長杯 第33回たけふ菊人形賞,2,3981,今坂 晃広,3,48,53.6,0,0,0.19,4.34,25.78,36.72,3.06,9.38,12.5,21.62,37.16,26.85,48.32
2025-10-19,10,4,2025-10-19 10:05:00,5,日本MB選手会会長杯 第33回たけふ菊人形賞,3,4202,浮田 圭浩,3,43,53.7,0,0,0.18,4.29,19.64,38.39,4.21,21.43,32.14,28.37,48.23,33.77,50.65
2025-10-19,10,4,2025-10-19 10:05:00,5,日本MB選手会会長杯 第33回たけふ菊人形賞,4,4191,赤羽 克也,2,44,54.1,0,0,0.18,5.4,37.61,52.99,5.75,45,60,34.04,51.77,34.42,48.05
2025-10-19,10,4,2025-10-19 10:05:00,5,日本MB選手会会長杯 第33回たけふ菊人形賞,5,4488,小山 勉,1,39,52.5,1,0,0.15,6.53,51.11,67.78,6.91,54.55,72.73,29.93,47.62,21.23,37.67
2025-10-19,10,4,2025-10-19 10:05:00,5,日本MB選手会会長杯 第33回たけふ菊人形賞,6,5416,龍田 真白,4,19,44,0,0,,1.45,0,1.79,0,0,0,31.13,52.32,38.82,59.21
2025-10-19,10,5,2025-10-19 10:32:00,5,日本MB選手会会長杯 第33回たけふ菊人形賞,1,4159,向後 龍一,2,44,52,0,0,0.17,5.98,44.17,54.17,6.18,45.45,54.55,32.88,45.89,37.91,56.21
2025-10-19,10,5,2025-10-19 10:32:00,5,日本MB選手会会長杯 第33回たけふ菊人形賞,2,3997,北村 征嗣,1,46,52,0,0,0.15,6.83,47.83,74.78,6.12,39.39,60.61,37.01,47.4,34.46,50
2025-10-19,10,5,2025-10-19 10:32:00,5,日本MB選手会会長杯 第33回たけふ菊人形賞,3,3620,信濃 由行,3,51,53.6,0,0,0.19,4.71,29.67,42.86,4.3,23.08,41.76,29.68,50.32,22.15,37.58
2025-10-19,10,5,2025-10-19 10:32:00,5,日本MB選手会会長杯 第33回たけふ菊人形賞,4,3578,塩田 雄一,3,52,51.5,0,0,0.18,4.25,26.37,38.46,4.6,26.67,33.33,38.71,53.55,28.38,45.95
2025-10-19,10,5,2025-10-19 10:32:00,5,日本MB選手会会長杯 第33回たけふ菊人形賞,5,4526,池田 雄祐,2,37,51.5,1,0,0.16,5.68,38.83,57.28,6.87,48.72,76.92,32.45,52.32,34.44,50.99
2025-10-19,10,5,2025-10-19 10:32:00,5,日本MB選手会会長杯 第33回たけふ菊人形賞,6,4494,河合 佑樹,1,38,51.5,1,0,0.14,6.83,41.13,63.71,7,41.67,69.44,38.19,53.47,37.33,50.67
2025-10-19,10,6,2025-10-19 11:05:00,5,日本MB選手会会長杯 第33回たけふ菊人形賞,1,4499,滝川 真由子,3,38,47,1,0,0.16,6.11,44.64,57.14,5.57,38.1,57.14,39.74,56.41,35.48,50.32
2025-10-19,10,6,2025-10-19 11:05:00,5,日本MB選手会会長杯 第33回たけふ菊人形賞,2,3554,仲口 博崇,1,53,51.5,0,0,0.17,6.56,51.82,70.07,5.35,30.77,42.31,28.19,42.95,22.76,42.76
2025-10-19,10,6,2025-10-19 11:05:00,5,日本MB選手会会長杯 第33回たけふ菊人形賞,3,4693,松下 誉士,3,41,53.7,0,0,0.19,4.46,23.4,40.43,4.79,30.3,48.48,43.51,65.58,33.12,54.55
2025-10-19,10,6,2025-10-19 11:05:00,5,日本MB選手会会長杯 第33回たけふ菊人形賞,4,4247,齊藤 優,2,43,52.6,0,0,0.16,4.74,23.73,38.14,4.86,27.59,48.28,37.82,51.92,28.86,46.98
2025-10-19,10,6,2025-10-19 11:05:00,5,日本MB選手会会長杯 第33回たけふ菊人形賞,5,4513,河野 真也,2,36,52.1,0,0,0.17,5.16,29.03,51.61,5.88,46.15,57.69,34.01,49.66,33.33,55.56
2025-10-19,10,6,2025-10-19 11:05:00,5,日本MB選手会会長杯 第33回たけふ菊人形賞,6,3696,白井 友晴,3,53,52.6,0,0,0.19,4.92,27.52,48.62,5,30.77,53.85,32.47,43.51,40.13,56.58
2025-10-19,10,7,2025-10-19 11:36:00,5,日本MB選手会会長杯 第33回たけふ菊人形賞,1,3233,小畑 実成,3,58,54.3,0,0,0.15,5.04,29.25,51.89,3.96,14.29,35.71,36.13,50.97,32.68,45.1
2025-10-19,10,7,2025-10-19 11:36:00,5,日本MB選手会会長杯 第33回たけふ菊人形賞,2,4443,津田 裕絵,3,39,49.6,0,0,0.21,6.13,40,66.32,6.57,52.38,76.19,35.33,58,30.46,46.36
2025-10-19,10,7,2025-10-19 11:36:00,5,日本MB選手会会長杯 第33回たけふ菊人形賞,3,4685,島村 隆幸,1,34,51.5,1,0,0.13,6.93,52.17,73.91,7.63,50,68.75,32.21,46.31,39.33,54.67
2025-10-19,10,7,2025-10-19 11:36:00,5,日本MB選手会会長杯 第33回たけふ菊人形賞,4,4902,山川 雄大,3,32,52,0,0,0.18,4.5,29.31,43.1,4.64,26.39,41.67,26.8,41.18,35.71,48.7
2025-10-19,10,7,2025-10-19 11:36:00,5,日本MB選手会会長杯 第33回たけふ菊人形賞,5,3872,岡田 憲行,2,49,53.6,0,0,0.21,5.37,33.85,53.85,4.91,27.91,51.16,36.49,55.41,24.48,39.86
2025-10-19,10,7,2025-10-19 11:36:00,5,日本MB選手会会長杯 第33回たけふ菊人形賞,6,3333,丸尾 義孝,2,57,52.3,0,0,0.16,5.8,38.14,63.56,7.36,68.18,77.27,32.64,53.47,38.46,52.99
2025-10-19,10,8,2025-10-19 12:06:00,5,日本MB選手会会長杯 第33回たけふ菊人形賞,1,3434,松尾 宣邦,3,56,52.5,0,0,0.18,4.85,30.1,44.66,0,0,0,39.22,56.21,35.48,47.74
2025-10-19,10,8,2025-10-19 12:06:00,5,日本MB選手会会長杯 第33回たけふ菊人形賞,2,4488,小山 勉,1,39,52.5,1,0,0.15,6.53,51.11,67.78,6.91,54.55,72.73,29.93,47.62,21.23,37.67
2025-10-19,10,8,2025-10-19 12:06:00,5,日本MB選手会会長杯 第33回たけふ菊人形賞,3,5078,山川 波乙,3,28,46.5,0,0,0.2,4.99,30.38,46.84,0,0,0,27.52,44.3,33.78,49.32
2025-10-19,10,8,2025-10-19 12:06:00,5,日本MB選手会会長杯 第33回たけふ菊人形賞,4,3655,本橋 克洋,2,51,52.9,0,0,0.19,5.44,35.59,55.93,5.87,35.48,61.29,37.09,49.67,33.11,49.67
2025-10-19,10,8,2025-10-19 12:06:00,5,日本MB選手会会長杯 第33回たけふ菊人形賞,5,3024,西島 義則,1,63,53.9,0,0,0.16,6.88,58.76,67.01,6.5,58.33,66.67,38.71,50.97,39.73,54.79
2025-10-19,10,8,2025-10-19 12:06:00,5,日本MB選手会会長杯 第33回たけふ菊人形賞,6,3538,菊池 峰晴,3,57,52.8,0,0,0.18,5.26,29.49,51.28,5.5,37.5,54.17,34.21,51.32,37.25,56.86
2025-10-19,10,9,2025-10-19 12:40:00,5,日本MB選手会会長杯 第33回たけふ菊人形賞,1,5085,中村 栄治,3,26,52,0,0,0.19,4.68,26.32,45.61,4.33,23.57,38.22,29.68,48.39,40.13,59.21
2025-10-19,10,9,2025-10-19 12:40:00,5,日本MB選手会会長杯 第33回たけふ菊人形賞,2,4526,池田 雄祐,2,37,51.5,1,0,0.16,5.68,38.83,57.28,6.87,48.72,76.92,32.45,52.32,34.44,50.99
2025-10-19,10,9,2025-10-19 12:40:00,5,日本MB選手会会長杯 第33回たけふ菊人形賞,3,4776,竹田 和哉,1,31,52,0,0,0.17,6.72,44.2,68.84,7.63,50,62.5,32.65,52.38,30.92,46.05
2025-10-19,10,9,2025-10-19 12:40:00,5,日本MB選手会会長杯 第33回たけふ菊人形賞,4,4988,牟田 奨太,3,28,55.5,0,0,0.15,3.61,22.68,29.9,4.87,33.33,40,31.82,51.3,25.17,44.37
2025-10-19,10,9,2025-10-19 12:40:00,5,日本MB選手会会長杯 第33回たけふ菊人形賞,5,3826,村田 修次,2,52,52.3,1,0,0.16,6.04,41.49,63.83,5.11,22.22,55.56,26.97,43.42,30.46,50.99
2025-10-19,10,9,2025-10-19 12:40:00,5,日本MB選手会会長杯 第33回たけふ菊人形賞,6,4191,赤羽 克也,2,44,54.1,0,0,0.18,5.4,37.61,52.99,5.75,45,60,34.04,51.77,34.42,48.05
2025-10-19,10,10,2025-10-19 13:18:00,5,日本MB選手会会長杯 第33回たけふ菊人形賞,1,4355,小川 広大,3,41,59.9,0,0,0.2,3.56,16.13,25.81,3.54,12.5,29.17,28.21,43.59,30.41,49.32
2025-10-19,10,10,2025-10-19 13:18:00,5,日本MB選手会会長杯 第33回たけふ菊人形賞,2,4494,河合 佑樹,1,38,51.5,1,0,0.14,6.83,41.13,63.71,7,41.67,69.44,38.19,53.47,37.33,50.67
2025-10-19,10,10,2025-10-19 13:18:00,5,日本MB選手会会長杯 第33回たけふ菊人形賞,3,3474,松瀬 弘美,3,55,46,1,0,0.17,5.18,34.69,54.08,5.63,26.67,63.33,39.47,57.24,30.67,44.67
2025-10-19,10,10,2025-10-19 13:18:00,5,日本MB選手会会長杯 第33回たけふ菊人形賞,4,4587,木田 峰由季,2,34,52.6,0,0,0.16,5.72,43.3,58.76,6.02,41.6,60,36.94,57.32,30.2,48.32
2025-10-19,10,10,2025-10-19 13:18:00,5,日本MB選手会会長杯 第33回たけふ菊人形賞,5,3679,飯島 昌弘,1,52,52.5,0,0,0.16,6.73,48.03,73.23,7.42,66.67,83.33,39.74,56.41,32.26,49.68
2025-10-19,10,10,2025-10-19 13:18:00,5,日本MB選手会会長杯 第33回たけふ菊人形賞,6,4247,齊藤 優,2,43,52.6,0,0,0.16,4.74,23.73,38.14,4.86,27.59,48.28,37.82,51.92,28.86,46.98
2025-10-19,10,11,2025-10-19 13:49:00,5,日本MB選手会会長杯 第33回たけふ菊人形賞,1,3854,吉川 元浩,1,53,51,0,0,0.14,7.19,50.96,68.27,8.44,61.76,79.41,32.05,48.72,43.23,66.45
2025-10-19,10,11,2025-10-19 13:49:00,5,日本MB選手会会長杯 第33回たけふ菊人形賞,2,4011,堀之内 紀代子,3,46,46.5,1,0,0.17,6.69,53.13,70.83,4.52,20.69,37.93,23.24,38.03,36.42,55.63
2025-10-19,10,11,2025-10-19 13:49:00,5,日本MB選手会会長杯 第33回たけふ菊人形賞,3,4356,長岡 良也,1,41,52,0,0,0.16,6.58,48.7,72.17,0,0,0,36.05,58.5,32.24,53.29
2025-10-19,10,11,2025-10-19 13:49:00,5,日本MB選手会会長杯 第33回たけふ菊人形賞,4,4499,滝川 真由子,3,38,46,1,0,0.16,6.11,44.64,57.14,5.57,38.1,57.14,39.74,56.41,35.48,50.32
2025-10-19,10,11,2025-10-19 13:49:00,5,日本MB選手会会長杯 第33回たけふ菊人形賞,5,4159,向後 龍一,2,44,52,0,0,0.17,5.98,44.17,54.17,6.18,45.45,54.55,32.88,45.89,37.91,56.21
2025-10-19,10,11,2025-10-19 13:49:00,5,日本MB選手会会長杯 第33回たけふ菊人形賞,6,4816,村松 修二,2,34,54.9,0,0,0.16,5.61,36.47,52.94,6.45,45.45,72.73,38,57.33,27.81,47.02
2025-10-19,10,12,2025-10-19 14:27:00,5,日本MB選手会会長杯 第33回たけふ菊人形賞,1,3554,仲口 博崇,1,53,51.5,0,0,0.17,6.56,51.82,70.07,5.35,30.77,42.31,28.19,42.95,22.76,42.76
2025-10-19,10,12,2025-10-19 14:27:00,5,日本MB選手会会長杯 第33回たけふ菊人形賞,2,4685,島村 隆幸,1,34,51.5,1,0,0.13,6.93,52.17,73.91,7.63,50,68.75,32.21,46.31,39.33,54.67
2025-10-19,10,12,2025-10-19 14:27:00,5,日本MB選手会会長杯 第33回たけふ菊人形賞,3,3655,本橋 克洋,2,51,52.9,0,0,0.19,5.44,35.59,55.93,5.87,35.48,61.29,37.09,49.67,33.11,49.67
2025-10-19,10,12,2025-10-19 14:27:00,5,日本MB選手会会長杯 第33回たけふ菊人形賞,4,5187,小坂 風太,3,25,54.1,0,0,0.19,4.27,26.79,40.18,5.11,32.16,52.05,54.48,72.41,39.07,56.29
2025-10-19,10,12,2025-10-19 14:27:00,5,日本MB選手会会長杯 第33回たけふ菊人形賞,5,3664,鈴木 賢一,3,55,57.5,0,0,0.18,5.28,41.18,48.04,4.97,37.14,51.43,36.94,52.87,36.13,52.26
2025-10-19,10,12,2025-10-19 14:27:00,5,日本MB選手会会長杯 第33回たけふ菊人形賞,6,3997,北村 征嗣,1,46,52,0,0,0.15,6.83,47.83,74.78,6.12,39.39,60.61,37.01,47.4,34.46,50
2025-10-19,11,1,2025-10-19 10:35:00,4,つるやパン提供 第10回みんな大好き!サラダパン賞,1,4633,森 智也,3,36,52.5,0,0,0.16,5.75,34.09,62.5,5.71,34.29,65.71,37.98,57.36,36.13,52.1
2025-10-19,11,1,2025-10-19 10:35:00,4,つるやパン提供 第10回みんな大好き!サラダパン賞,2,4382,高山 智至,3,41,54.4,0,0,0.17,4.14,20.72,36.04,4.21,17.24,35.86,27.83,45.22,28.93,43.8
2025-10-19,11,1,2025-10-19 10:35:00,4,つるやパン提供 第10回みんな大好き!サラダパン賞,3,5004,河野 主樹,4,29,52,1,0,0.16,4.67,25.84,43.82,6.71,57.14,71.43,32.8,50.4,35.16,49.22
2025-10-19,11,1,2025-10-19 10:35:00,4,つるやパン提供 第10回みんな大好き!サラダパン賞,4,5023,久永 祥平,3,30,52.4,0,0,0.15,5.36,30.3,54.55,5.07,30,50,29.29,43.43,31.45,56.45
2025-10-19,11,1,2025-10-19 10:35:00,4,つるやパン提供 第10回みんな大好き!サラダパン賞,5,5000,岡本 翔太郎,3,31,51.5,0,0,0.13,4.54,22.81,38.6,4.67,22.22,33.33,31.65,53.96,34.45,46.22
2025-10-19,11,1,2025-10-19 10:35:00,4,つるやパン提供 第10回みんな大好き!サラダパン賞,6,4318,桑原 将光,2,41,52.7,1,0,0.16,5.2,31.78,50.47,4.5,10,50,25,39.58,19.64,39.29
2025-10-19,11,2,2025-10-19 11:01:00,4,つるやパン提供 第10回みんな大好き!サラダパン賞,1,4834,浜本 裕己,3,38,51.5,0,0,0.17,5.8,41.07,56.25,4.74,25.93,48.15,37.31,55.22,30.17,54.31
2025-10-19,11,2,2025-10-19 11:01:00,4,つるやパン提供 第10回みんな大好き!サラダパン賞,2,3563,堤 昇,3,55,53.2,1,0,0.17,5.44,40,51.43,5.42,39.53,51.16,22.68,41.24,37.1,54.03
2025-10-19,11,2,2025-10-19 11:01:00,4,つるやパン提供 第10回みんな大好き!サラダパン賞,3,4992,廣瀬 篤哉,3,28,57,0,0,0.17,3.9,18.69,27.1,5.16,35.2,48,32.79,45.9,35.66,44.96
2025-10-19,11,2,2025-10-19 11:01:00,4,つるやパン提供 第10回みんな大好き!サラダパン賞,4,3502,渡邉 英児,3,56,52.6,0,0,0.17,5.39,34.86,57.8,6.32,45,61.67,33.6,49.6,31.86,53.98
2025-10-19,11,2,2025-10-19 11:01:00,4,つるやパン提供 第10回みんな大好き!サラダパン賞,5,4062,後藤 陽介,2,46,56.5,1,0,0.16,3.87,19.19,29.29,3.87,13.33,33.33,37.3,53.97,35.29,52.1
2025-10-19,11,2,2025-10-19 11:01:00,4,つるやパン提供 第10回みんな大好き!サラダパン賞,6,3616,中村 真,3,52,53.7,0,0,0.17,5.14,32.97,50.55,6,45.45,63.64,27.78,50,38.58,59.06
2025-10-19,11,3,2025-10-19 11:29:00,4,つるやパン提供 第10回みんな大好き!サラダパン賞,1,4890,石川 諒,3,36,52.1,0,0,0.15,5.05,32.74,49.56,5.8,40,60,31.71,45.53,35.48,50.81
2025-10-19,11,3,2025-10-19 11:29:00,4,つるやパン提供 第10回みんな大好き!サラダパン賞,2,4146,柳橋 宏紀,3,43,53.3,0,0,0.16,4.45,20.95,41.9,5.34,35.62,52.74,33.33,45.61,30.95,46.03
2025-10-19,11,3,2025-10-19 11:29:00,4,つるやパン提供 第10回みんな大好き!サラダパン賞,3,4114,深澤 達徳,2,45,52.3,2,0,0.17,5.05,27.17,47.83,4.8,23.91,39.13,24.78,41.59,36.22,56.69
2025-10-19,11,3,2025-10-19 11:29:00,4,つるやパン提供 第10回みんな大好き!サラダパン賞,4,3809,吉田 光,3,50,52.8,1,0,0.16,4.65,16.67,40.28,0,0,0,38.33,52.5,36.36,55.37
2025-10-19,11,3,2025-10-19 11:29:00,4,つるやパン提供 第10回みんな大好き!サラダパン賞,5,4287,今井 貴士,1,41,57.1,1,0,0.15,6.36,44.57,65.22,6.37,52.63,68.42,31.58,46.49,24.35,33.04
2025-10-19,11,3,2025-10-19 11:29:00,4,つるやパン提供 第10回みんな大好き!サラダパン賞,6,3888,山本 英志,3,50,52,0,0,0.16,5.79,36.07,59.02,5.44,35.42,52.08,54.11,67.81,36.21,50
2025-10-19,11,4,2025-10-19 11:57:00,4,つるやパン提供 第10回みんな大好き!サラダパン賞,1,4122,安東 幸治,2,43,53.7,0,0,0.18,6.19,47.9,63.87,6.59,44.44,74.07,40.77,65.38,21.1,44.95
2025-10-19,11,4,2025-10-19 11:57:00,4,つるやパン提供 第10回みんな大好き!サラダパン賞,2,4665,加藤 啓太,3,42,52,1,0,0.18,3.77,15.19,25.32,3.46,23.08,23.08,45.21,64.38,49.25,65.67
2025-10-19,11,4,2025-10-19 11:57:00,4,つるやパン提供 第10回みんな大好き!サラダパン賞,3,3977,山本 兼士,3,48,53.1,0,0,0.18,4.45,21.43,37.76,4.07,28.57,35.71,38.46,51.54,23.48,40.87
2025-10-19,11,4,2025-10-19 11:57:00,4,つるやパン提供 第10回みんな大好き!サラダパン賞,4,4440,萩原 知哉,3,39,53.7,0,0,0.17,4.33,18.75,34.38,3.52,13.04,34.78,36.09,55.64,36.89,55.74
2025-10-19,11,4,2025-10-19 11:57:00,4,つるやパン提供 第10回みんな大好き!サラダパン賞,5,3857,阿波 勝哉,4,52,54,0,0,0.19,4.82,33.33,42.11,3.6,0,30,33.57,47.55,33.87,43.55
2025-10-19,11,4,2025-10-19 11:57:00,4,つるやパン提供 第10回みんな大好き!サラダパン賞,6,3747,國崎 良春,3,50,52.3,1,0,0.15,4.63,31.03,44.83,6.12,40,64,36.57,58.96,38.58,51.97
2025-10-19,11,5,2025-10-19 12:24:00,4,つるやパン提供 第10回みんな大好き!サラダパン賞,1,5000,岡本 翔太郎,3,31,51.5,0,0,0.13,4.54,22.81,38.6,4.67,22.22,33.33,31.65,53.96,34.45,46.22
2025-10-19,11,5,2025-10-19 12:24:00,4,つるやパン提供 第10回みんな大好き!サラダパン賞,2,4641,磯村 匠,3,34,52,1,0,0.19,4.34,25.25,36.36,5.89,33.33,55.56,35.77,48.78,33.33,48.33
2025-10-19,11,5,2025-10-19 12:24:00,4,つるやパン提供 第10回みんな大好き!サラダパン賞,3,3256,三角 哲男,1,58,52.4,1,0,0.15,6.28,46.61,66.95,6.62,52.38,66.67,21.62,33.78,28.93,47.93
2025-10-19,11,5,2025-10-19 12:24:00,4,つるやパン提供 第10回みんな大好き!サラダパン賞,4,5082,一色 凌雅,3,26,56.7,0,0,0.19,4.86,29.41,47.06,6.3,40,80,36.36,53.03,29.17,42.5
2025-10-19,11,5,2025-10-19 12:24:00,4,つるやパン提供 第10回みんな大好き!サラダパン賞,5,4133,高橋 正男,2,45,52.6,0,0,0.17,6.39,45.45,67.42,5.79,42.11,60.53,30.51,44.07,38.71,54.84
2025-10-19,11,5,2025-10-19 12:24:00,4,つるやパン提供 第10回みんな大好き!サラダパン賞,6,3935,岩津 徹郎,3,48,55.6,0,0,0.17,4.4,19.79,37.5,5,28.57,42.86,20.65,34.78,37.6,55.2
2025-10-19,11,6,2025-10-19 12:54:00,4,つるやパン提供 第10回みんな大好き!サラダパン賞,1,4470,平田 健之佑,2,38,52,0,0,0.15,6.6,50,70.97,5.98,43.48,63.04,28.83,51.35,43.55,53.23
2025-10-19,11,6,2025-10-19 12:54:00,4,つるやパン提供 第10回みんな大好き!サラダパン賞,2,4457,神田 達也,3,39,52.6,0,0,0.17,4.72,27.96,38.71,3.33,11.11,22.22,41.22,61.07,40,56.8
2025-10-19,11,6,2025-10-19 12:54:00,4,つるやパン提供 第10回みんな大好き!サラダパン賞,3,5023,久永 祥平,3,30,52.4,0,0,0.15,5.36,30.3,54.55,5.07,30,50,29.29,43.43,31.45,56.45
2025-10-19,11,6,2025-10-19 12:54:00,4,つるやパン提供 第10回みんな大好き!サラダパン賞,4,4382,高山 智至,3,41,54.4,0,0,0.17,4.14,20.72,36.04,4.21,17.24,35.86,27.83,45.22,28.93,43.8
2025-10-19,11,6,2025-10-19 12:54:00,4,つるやパン提供 第10回みんな大好き!サラダパン賞,5,4992,廣瀬 篤哉,3,28,57,0,0,0.17,3.9,18.69,27.1,5.16,35.2,48,32.79,45.9,35.66,44.96
2025-10-19,11,6,2025-10-19 12:54:00,4,つるやパン提供 第10回みんな大好き!サラダパン賞,6,4067,永井 源,1,45,53,1,0,0.17,6.72,57.04,72.54,6.04,44.44,51.85,35.25,58.27,34.38,57.03
2025-10-19,11,7,2025-10-19 13:23:00,4,つるやパン提供 第10回みんな大好き!サラダパン賞,1,4366,前沢 丈史,1,40,56.4,0,0,0.15,6.25,43.59,63.25,5.2,20,50,47.89,64.08,31.71,49.59
2025-10-19,11,7,2025-10-19 13:23:00,4,つるやパン提供 第10回みんな大好き!サラダパン賞,2,3893,汐崎 正則,3,49,53.2,0,0,0.18,4.47,23.26,43.02,0,0,0,43.71,61.59,39.84,53.66
2025-10-19,11,7,2025-10-19 13:23:00,4,つるやパン提供 第10回みんな大好き!サラダパン賞,3,3563,堤 昇,3,55,53.2,1,0,0.17,5.44,40,51.43,5.42,39.53,51.16,22.68,41.24,37.1,54.03
2025-10-19,11,7,2025-10-19 13:23:00,4,つるやパン提供 第10回みんな大好き!サラダパン賞,4,4114,深澤 達徳,2,45,52.3,2,0,0.17,5.05,27.17,47.83,4.8,23.91,39.13,24.78,41.59,36.22,56.69
2025-10-19,11,7,2025-10-19 13:23:00,4,つるやパン提供 第10回みんな大好き!サラダパン賞,5,4146,柳橋 宏紀,3,43,53.3,0,0,0.16,4.45,20.95,41.9,5.34,35.62,52.74,33.33,45.61,30.95,46.03
2025-10-19,11,7,2025-10-19 13:23:00,4,つるやパン提供 第10回みんな大好き!サラダパン賞,6,3502,渡邉 英児,3,56,52.6,0,0,0.17,5.39,34.86,57.8,6.32,45,61.67,33.6,49.6,31.86,53.98
2025-10-19,11,8,2025-10-19 13:52:00,4,つるやパン提供 第10回みんな大好き!サラダパン賞,1,4318,桑原 将光,2,41,52.7,1,0,0.16,5.2,31.78,50.47,4.5,10,50,25,39.58,19.64,39.29
2025-10-19,11,8,2025-10-19 13:52:00,4,つるやパン提供 第10回みんな大好き!サラダパン賞,2,4440,萩原 知哉,3,39,53.7,0,0,0.17,4.33,18.75,34.38,3.52,13.04,34.78,36.09,55.64,36.89,55.74
2025-10-19,11,8,2025-10-19 13:52:00,4,つるやパン提供 第10回みんな大好き!サラダパン賞,3,4062,後藤 陽介,2,46,56.5,1,0,0.16,3.87,19.19,29.29,3.87,13.33,33.33,37.3,53.97,35.29,52.1
2025-10-19,11,8,2025-10-19 13:52:00,4,つるやパン提供 第10回みんな大好き!サラダパン賞,4,4943,八木 治樹,3,34,53.3,0,0,0.15,4.66,25.51,41.84,5.6,30,60,22.45,34.69,20.39,39.81
2025-10-19,11,8,2025-10-19 13:52:00,4,つるやパン提供 第10回みんな大好き!サラダパン賞,5,5004,河野 主樹,4,29,52,1,0,0.16,4.67,25.84,43.82,6.71,57.14,71.43,32.8,50.4,35.16,49.22
2025-10-19,11,8,2025-10-19 13:52:00,4,つるやパン提供 第10回みんな大好き!サラダパン賞,6,3977,山本 兼士,3,48,53.1,0,0,0.18,4.45,21.43,37.76,4.07,28.57,35.71,38.46,51.54,23.48,40.87
2025-10-19,11,9,2025-10-19 14:22:00,4,つるやパン提供 第10回みんな大好き!サラダパン賞,1,4133,高橋 正男,2,45,52.6,0,0,0.17,6.39,45.45,67.42,5.79,42.11,60.53,30.51,44.07,38.71,54.84
2025-10-19,11,9,2025-10-19 14:22:00,4,つるやパン提供 第10回みんな大好き!サラダパン賞,2,5082,一色 凌雅,3,26,56.7,0,0,0.19,4.86,29.41,47.06,6.3,40,80,36.36,53.03,29.17,42.5
2025-10-19,11,9,2025-10-19 14:22:00,4,つるやパン提供 第10回みんな大好き!サラダパン賞,3,3888,山本 英志,3,50,52,0,0,0.16,5.79,36.07,59.02,5.44,35.42,52.08,54.11,67.81,36.21,50
2025-10-19,11,9,2025-10-19 14:22:00,4,つるやパン提供 第10回みんな大好き!サラダパン賞,4,3857,阿波 勝哉,4,52,54,0,0,0.19,4.82,33.33,42.11,3.6,0,30,33.57,47.55,33.87,43.55
2025-10-19,11,9,2025-10-19 14:22:00,4,つるやパン提供 第10回みんな大好き!サラダパン賞,5,4665,加藤 啓太,3,42,52,1,0,0.18,3.77,15.19,25.32,3.46,23.08,23.08,45.21,64.38,49.25,65.67
2025-10-19,11,9,2025-10-19 14:22:00,4,つるやパン提供 第10回みんな大好き!サラダパン賞,6,3965,北中 元樹,2,46,54.2,1,0,0.15,5.75,38,59,5.85,42.17,60.84,41.04,57.46,41.6,57.6
2025-10-19,11,10,2025-10-19 14:56:00,4,つるやパン提供 第10回みんな大好き!サラダパン賞,1,3616,中村 真,3,52,53.7,0,0,0.17,5.14,32.97,50.55,6,45.45,63.64,27.78,50,38.58,59.06
2025-10-19,11,10,2025-10-19 14:56:00,4,つるやパン提供 第10回みんな大好き!サラダパン賞,2,4287,今井 貴士,1,41,57.1,1,0,0.15,6.36,44.57,65.22,6.37,52.63,68.42,31.58,46.49,24.35,33.04
2025-10-19,11,10,2025-10-19 14:56:00,4,つるやパン提供 第10回みんな大好き!サラダパン賞,3,4633,森 智也,3,36,52.5,0,0,0.16,5.75,34.09,62.5,5.71,34.29,65.71,37.98,57.36,36.13,52.1
2025-10-19,11,10,2025-10-19 14:56:00,4,つるやパン提供 第10回みんな大好き!サラダパン賞,4,4122,安東 幸治,2,43,53.7,0,0,0.18,6.19,47.9,63.87,6.59,44.44,74.07,40.77,65.38,21.1,44.95
2025-10-19,11,10,2025-10-19 14:56:00,4,つるやパン提供 第10回みんな大好き!サラダパン賞,5,4457,神田 達也,3,39,52.6,0,0,0.17,4.72,27.96,38.71,3.33,11.11,22.22,41.22,61.07,40,56.8
2025-10-19,11,10,2025-10-19 14:56:00,4,つるやパン提供 第10回みんな大好き!サラダパン賞,6,4641,磯村 匠,3,34,52,1,0,0.19,4.34,25.25,36.36,5.89,33.33,55.56,35.77,48.78,33.33,48.33
2025-10-19,11,11,2025-10-19 15:32:00,4,つるやパン提供 第10回みんな大好き!サラダパン賞,1,3747,國崎 良春,3,50,52.3,1,0,0.15,4.63,31.03,44.83,6.12,40,64,36.57,58.96,38.58,51.97
2025-10-19,11,11,2025-10-19 15:32:00,4,つるやパン提供 第10回みんな大好き!サラダパン賞,2,4470,平田 健之佑,2,38,52,0,0,0.15,6.6,50,70.97,5.98,43.48,63.04,28.83,51.35,43.55,53.23
2025-10-19,11,11,2025-10-19 15:32:00,4,つるやパン提供 第10回みんな大好き!サラダパン賞,3,3809,吉田 光,3,50,52.8,1,0,0.16,4.65,16.67,40.28,0,0,0,38.33,52.5,36.36,55.37
2025-10-19,11,11,2025-10-19 15:32:00,4,つるやパン提供 第10回みんな大好き!サラダパン賞,4,4834,浜本 裕己,3,38,51.5,0,0,0.17,5.8,41.07,56.25,4.74,25.93,48.15,37.31,55.22,30.17,54.31
2025-10-19,11,11,2025-10-19 15:32:00,4,つるやパン提供 第10回みんな大好き!サラダパン賞,5,3256,三角 哲男,1,58,52.4,1,0,0.15,6.28,46.61,66.95,6.62,52.38,66.67,21.62,33.78,28.93,47.93
2025-10-19,11,11,2025-10-19 15:32:00,4,つるやパン提供 第10回みんな大好き!サラダパン賞,6,4366,前沢 丈史,1,40,56.4,0,0,0.15,6.25,43.59,63.25,5.2,20,50,47.89,64.08,31.71,49.59
2025-10-19,11,12,2025-10-19 16:09:00,4,つるやパン提供 第10回みんな大好き!サラダパン賞,1,4856,豊田 健士郎,1,29,51.5,0,0,0.14,6.42,45.99,60.58,7.05,52.63,73.68,31.39,51.82,32.23,53.72
2025-10-19,11,12,2025-10-19 16:09:00,4,つるやパン提供 第10回みんな大好き!サラダパン賞,2,4537,渡邉 和将,1,35,52,0,0,0.12,6.14,36.04,54.05,6.59,44.44,62.96,36.36,51.52,30.63,45.05
2025-10-19,11,12,2025-10-19 16:09:00,4,つるやパン提供 第10回みんな大好き!サラダパン賞,3,5139,大場 恒季,3,25,52.1,0,0,0.19,6.12,42.86,63.81,7,57.14,71.43,46.41,59.48,35.71,56.35
2025-10-19,11,12,2025-10-19 16:09:00,4,つるやパン提供 第10回みんな大好き!サラダパン賞,4,4822,百武 翔,2,32,52,0,0,0.18,5.76,39.37,56.69,3.22,11.11,11.11,43.2,66.4,43.9,61.79
2025-10-19,11,12,2025-10-19 16:09:00,4,つるやパン提供 第10回みんな大好き!サラダパン賞,5,3557,太田 和美,1,52,54.5,0,0,0.16,6.89,51.06,70.92,6.93,51.11,62.22,26.05,36.97,36.59,47.97
2025-10-19,11,12,2025-10-19 16:09:00,4,つるやパン提供 第10回みんな大好き!サラダパン賞,6,3422,服部 幸男,1,54,54.8,0,0,0.15,6.88,54.37,66.02,7.33,66.67,80.95,35.11,53.44,36.97,56.3
2025-10-19,12,1,2025-10-19 15:19:00,4,オールレディース第36回アクアクイーンカップ,1,5264,登 みひ果,3,26,45.5,1,0,0.16,3.87,21.35,28.09,5,34.48,48.28,36.36,48.76,33.91,50.43
2025-10-19,12,1,2025-10-19 15:19:00,4,オールレディース第36回アクアクイーンカップ,2,4414,大澤 真菜,3,39,46,0,0,0.17,4.35,23.94,38.03,0,0,0,47.06,69.75,38.14,48.45
2025-10-19,12,1,2025-10-19 15:19:00,4,オールレディース第36回アクアクイーンカップ,3,4317,木村 紗友希,3,41,47,1,0,0.19,4.49,26.67,43.33,5.23,42.31,50,29.75,50.41,30.83,47.5
2025-10-19,12,1,2025-10-19 15:19:00,4,オールレディース第36回アクアクイーンカップ,4,4300,加藤 綾,3,42,50.5,1,0,0.21,4.44,21.43,38.57,3.86,14.29,42.86,47.06,59.66,26.89,44.54
2025-10-19,12,1,2025-10-19 15:19:00,4,オールレディース第36回アクアクイーンカップ,5,3289,高橋 淳美,4,62,45.5,0,0,0.21,4.06,14.06,32.81,4.47,24.32,39.19,31.58,53.51,31.3,41.74
2025-10-19,12,1,2025-10-19 15:19:00,4,オールレディース第36回アクアクイーンカップ,6,5052,赤井 星璃菜,4,30,50.9,1,0,,4,33.33,33.33,4.1,30,30,26.05,42.02,31.67,44.17
2025-10-19,12,2,2025-10-19 15:46:00,4,オールレディース第36回アクアクイーンカップ,1,4941,孫崎 百世,4,36,46,1,0,0.21,4.1,20,35,3.07,7.14,21.43,36.67,60.83,26.05,46.22
2025-10-19,12,2,2025-10-19 15:46:00,4,オールレディース第36回アクアクイーンカップ,2,3334,角 ひとみ,3,57,45.5,0,0,0.2,5.53,34.31,54.9,5.33,33.33,53.33,40.34,62.18,31.75,44.44
2025-10-19,12,2,2025-10-19 15:46:00,4,オールレディース第36回アクアクイーンカップ,3,4447,深川 麻奈美,2,38,49.5,1,0,0.16,6.85,53.85,69.23,7,55.56,66.67,41.03,58.97,21.14,33.33
2025-10-19,12,2,2025-10-19 15:46:00,4,オールレディース第36回アクアクイーンカップ,4,4738,清埜 翔子,2,34,47,0,0,0.16,5.93,42.11,57.89,5.79,34.04,61.7,26.27,45.76,43.8,59.5
2025-10-19,12,2,2025-10-19 15:46:00,4,オールレディース第36回アクアクイーンカップ,5,4373,若狭 奈美子,2,37,46,0,0,0.19,6.34,50,66.67,5.38,31.03,55.17,33.9,49.15,36.04,54.05
2025-10-19,12,2,2025-10-19 15:46:00,4,オールレディース第36回アクアクイーンカップ,6,5397,寺田 夢生,4,23,47,0,0,,1.17,0,0,0,0,0,29.66,46.61,29.57,45.22
2025-10-19,12,3,2025-10-19 16:20:00,4,オールレディース第36回アクアクイーンカップ,1,5144,中尾 彩香,3,24,47,0,0,0.2,3.88,21.11,34.44,0,0,0,36.75,53.85,28.81,45.76
2025-10-19,12,3,2025-10-19 16:20:00,4,オールレディース第36回アクアクイーンカップ,2,4927,関野 文,2,31,45.5,0,0,0.16,5.83,41.51,51.89,6.02,45.28,62.26,43.7,68.07,32.73,57.27
2025-10-19,12,3,2025-10-19 16:20:00,4,オールレディース第36回アクアクイーンカップ,3,3232,山川 美由紀,3,58,47,0,0,0.17,5.93,34.74,60,0,0,0,36.36,55.37,28.97,41.12
2025-10-19,12,3,2025-10-19 16:20:00,4,オールレディース第36回アクアクイーンカップ,4,4536,喜井 つかさ,2,35,47,0,0,0.17,5.56,33,52,6.2,40,60,16.38,31.9,30.77,42.74
2025-10-19,12,3,2025-10-19 16:20:00,4,オールレディース第36回アクアクイーンカップ,5,4372,原田 佑実,3,38,46,1,0,0.16,5.88,37.33,61.33,5.74,40.91,54.55,38.02,52.89,30.83,50
2025-10-19,12,3,2025-10-19 16:20:00,4,オールレディース第36回アクアクイーンカップ,6,4994,山本 梨菜,2,27,47,1,0,0.19,6.28,40.87,66.96,5.48,34.78,60.87,24.79,46.15,46.22,62.18
2025-10-19,12,4,2025-10-19 16:51:00,4,オールレディース第36回アクアクイーンカップ,1,3778,安達 美帆,3,50,47.1,0,0,0.19,3.59,14.81,25.93,4.42,21.05,36.84,26.5,41.88,32.48,52.14
2025-10-19,12,4,2025-10-19 16:51:00,4,オールレディース第36回アクアクイーンカップ,2,4825,倉持 莉々,2,32,47.3,0,0,0.14,7.13,57.3,70.79,0,0,0,36.97,50.42,33.05,48.31
2025-10-19,12,4,2025-10-19 16:51:00,4,オールレディース第36回アクアクイーンカップ,3,4117,廣中 智紗衣,2,44,46,1,0,0.19,6.67,52.38,67.86,5.83,33.33,66.67,36.75,57.26,27.43,40.71
2025-10-19,12,4,2025-10-19 16:51:00,4,オールレディース第36回アクアクイーンカップ,4,4974,安井 瑞紀,3,32,47,0,0,0.16,6.23,42.86,66.33,4.24,23.53,41.18,23.77,45.08,28.57,45.38
2025-10-19,12,4,2025-10-19 16:51:00,4,オールレディース第36回アクアクイーンカップ,5,5163,清水 愛海,1,25,46.5,1,0,0.18,6.48,47.06,61.18,0,0,0,26.05,43.7,37.5,50.83
2025-10-19,12,4,2025-10-19 16:51:00,4,オールレディース第36回アクアクイーンカップ,6,4098,赤澤 文香,3,43,48.4,0,0,0.22,4.84,22.67,46.67,4.89,11.11,44.44,36.97,57.14,34.68,53.23
2025-10-19,12,5,2025-10-19 17:19:00,4,オールレディース第36回アクアクイーンカップ,1,4456,鎌倉 涼,1,36,45.5,0,0,0.17,6.82,48.28,68.97,9.1,90,100,36.97,52.94,32.38,42.86
2025-10-19,12,5,2025-10-19 17:19:00,4,オールレディース第36回アクアクイーンカップ,2,3579,中里 優子,3,52,47,0,0,0.16,5.26,35.71,48.57,4.6,20,40,20.51,29.06,30.58,48.76
2025-10-19,12,5,2025-10-19 17:19:00,4,オールレディース第36回アクアクイーンカップ,3,5140,吉田 彩乃,3,25,47.4,0,0,0.19,4.08,18.48,32.61,3.53,13.33,33.33,34.19,52.14,33.64,50.91
2025-10-19,12,5,2025-10-19 17:19:00,4,オールレディース第36回アクアクイーンカップ,4,4484,稲生 夏季,3,35,49.2,0,0,0.2,5.13,27.27,50,3.65,11.76,29.41,24.79,37.61,31.97,51.64
2025-10-19,12,5,2025-10-19 17:19:00,4,オールレディース第36回アクアクイーンカップ,5,4534,坂 咲友理,3,36,44.5,1,0,0.19,3.58,13.33,31.67,3.85,16.18,30.88,34.75,58.47,29.41,47.9
2025-10-19,12,5,2025-10-19 17:19:00,4,オールレディース第36回アクアクイーンカップ,6,4884,勝浦 真帆,1,29,47.5,1,0,0.13,5.44,35.19,50.93,5.28,38.89,47.22,37.61,53.85,42.11,57.02
2025-10-19,12,6,2025-10-19 17:46:00,4,オールレディース第36回アクアクイーンカップ,1,4900,中田 夕貴,2,33,46.5,1,0,0.17,5.64,37.25,53.92,5.68,42.11,47.37,35.9,50.43,30.28,44.95
2025-10-19,12,6,2025-10-19 17:46:00,4,オールレディース第36回アクアクイーンカップ,2,3994,小野 桜,3,46,46.5,0,0,0.18,5.13,26.92,50,6,33.33,66.67,37.19,52.89,34.45,54.62
2025-10-19,12,6,2025-10-19 17:46:00,4,オールレディース第36回アクアクイーンカップ,3,4764,小池 礼乃,2,35,47,1,0,0.17,5.07,32.58,48.31,0,0,0,42.86,60.5,36.67,49.17
2025-10-19,12,6,2025-10-19 17:46:00,4,オールレディース第36回アクアクイーンカップ,4,3289,高橋 淳美,4,62,45.5,0,0,0.21,4.06,14.06,32.81,4.47,24.32,39.19,31.58,53.51,31.3,41.74
2025-10-19,12,6,2025-10-19 17:46:00,4,オールレディース第36回アクアクイーンカップ,5,4243,西村 歩,2,39,47.4,0,0,0.16,5.75,36.54,59.62,5,29.82,52.63,38.79,50,34.62,45.19
2025-10-19,12,6,2025-10-19 17:46:00,4,オールレディース第36回アクアクイーンカップ,6,5397,寺田 夢生,4,23,47,0,0,,1.17,0,0,0,0,0,29.66,46.61,29.57,45.22
2025-10-19,12,7,2025-10-19 18:13:00,4,オールレディース第36回アクアクイーンカップ,1,5155,内山 七海,3,28,46,0,0,0.17,5.55,40.63,58.33,0,0,0,19.27,36.7,21.62,40.54
2025-10-19,12,7,2025-10-19 18:13:00,4,オールレディース第36回アクアクイーンカップ,2,4478,櫻本 あゆみ,2,37,47.6,0,0,0.16,5.53,36.67,53.33,6.4,55,65,28.57,38.66,41.88,57.26
2025-10-19,12,7,2025-10-19 18:13:00,4,オールレディース第36回アクアクイーンカップ,3,4045,佐々木 裕美,3,46,47,0,0,0.16,5.11,34.31,49.02,4.13,12.5,50,41.03,54.7,27.12,44.92
2025-10-19,12,7,2025-10-19 18:13:00,4,オールレディース第36回アクアクイーンカップ,4,4317,木村 紗友希,3,41,47,1,0,0.19,4.49,26.67,43.33,5.23,42.31,50,29.75,50.41,30.83,47.5
2025-10-19,12,7,2025-10-19 18:13:00,4,オールレディース第36回アクアクイーンカップ,5,4843,深尾 巴恵,3,33,47,0,0,0.18,6.27,43.33,66.67,5.11,37.14,45.71,31.93,49.58,22.88,38.14
2025-10-19,12,7,2025-10-19 18:13:00,4,オールレディース第36回アクアクイーンカップ,6,5088,高憧 四季,1,25,44.5,0,0,0.16,7.04,52.85,74.8,6.1,40.68,61.02,31.9,49.14,32.46,47.37
2025-10-19,12,8,2025-10-19 18:43:00,4,オールレディース第36回アクアクイーンカップ,1,5165,小林 愛実,3,25,47,0,0,0.19,5.17,23.91,53.26,6,27.78,66.67,22.31,33.88,26.23,40.16
2025-10-19,12,8,2025-10-19 18:43:00,4,オールレディース第36回アクアクイーンカップ,2,3871,池田 紫乃,3,49,44.5,0,0,0.18,5.17,36.21,44.83,4.5,12.5,37.5,42.98,59.5,26.72,42.24
2025-10-19,12,8,2025-10-19 18:43:00,4,オールレディース第36回アクアクイーンカップ,3,4941,孫崎 百世,4,36,46,1,0,0.21,4.1,20,35,3.07,7.14,21.43,36.67,60.83,26.05,46.22
2025-10-19,12,8,2025-10-19 18:43:00,4,オールレディース第36回アクアクイーンカップ,4,4117,廣中 智紗衣,2,44,46,1,0,0.19,6.67,52.38,67.86,5.83,33.33,66.67,36.75,57.26,27.43,40.71
2025-10-19,12,8,2025-10-19 18:43:00,4,オールレディース第36回アクアクイーンカップ,5,4289,落合 直子,3,40,47,0,0,0.13,5.93,40.2,58.82,6.75,52.63,68.42,37.29,51.69,41.53,58.47
2025-10-19,12,8,2025-10-19 18:43:00,4,オールレディース第36回アクアクイーンカップ,6,4963,實森 美祐,1,29,47,0,0,0.15,6.65,46.85,64.86,5.32,47.37,47.37,49.58,70.59,27.27,52.73
2025-10-19,12,9,2025-10-19 19:14:00,4,オールレディース第36回アクアクイーンカップ,1,4536,喜井 つかさ,2,35,47,0,0,0.17,5.56,33,52,6.2,40,60,16.38,31.9,30.77,42.74
2025-10-19,12,9,2025-10-19 19:14:00,4,オールレディース第36回アクアクイーンカップ,2,4611,今井 美亜,2,35,47.2,0,0,0.16,6.04,45.28,56.6,6.07,50,64.29,42.98,58.68,42.28,61.79
2025-10-19,12,9,2025-10-19 19:14:00,4,オールレディース第36回アクアクイーンカップ,3,4300,加藤 綾,3,42,50.5,1,0,0.21,4.44,21.43,38.57,3.86,14.29,42.86,47.06,59.66,26.89,44.54
2025-10-19,12,9,2025-10-19 19:14:00,4,オールレディース第36回アクアクイーンカップ,4,3778,安達 美帆,3,50,47.1,0,0,0.19,3.59,14.81,25.93,4.42,21.05,36.84,26.5,41.88,32.48,52.14
2025-10-19,12,9,2025-10-19 19:14:00,4,オールレディース第36回アクアクイーンカップ,5,4447,深川 麻奈美,2,38,49.5,1,0,0.16,6.85,53.85,69.23,7,55.56,66.67,41.03,58.97,21.14,33.33
2025-10-19,12,9,2025-10-19 19:14:00,4,オールレディース第36回アクアクイーンカップ,6,4456,鎌倉 涼,1,36,45.5,0,0,0.17,6.82,48.28,68.97,9.1,90,100,36.97,52.94,32.38,42.86
2025-10-19,12,10,2025-10-19 19:47:00,4,オールレディース第36回アクアクイーンカップ,1,5163,清水 愛海,1,25,46.5,1,0,0.18,6.48,47.06,61.18,0,0,0,26.05,43.7,37.5,50.83
2025-10-19,12,10,2025-10-19 19:47:00,4,オールレディース第36回アクアクイーンカップ,2,4738,清埜 翔子,2,34,47,0,0,0.16,5.93,42.11,57.89,5.79,34.04,61.7,26.27,45.76,43.8,59.5
2025-10-19,12,10,2025-10-19 19:47:00,4,オールレディース第36回アクアクイーンカップ,3,4984,森下 愛梨,3,28,49.4,1,0,0.17,5.55,30.49,54.88,4.71,23.53,47.06,43.59,55.56,31.09,53.78
2025-10-19,12,10,2025-10-19 19:47:00,4,オールレディース第36回アクアクイーンカップ,4,4414,大澤 真菜,3,39,46,0,0,0.17,4.35,23.94,38.03,0,0,0,47.06,69.75,38.14,48.45
2025-10-19,12,10,2025-10-19 19:47:00,4,オールレディース第36回アクアクイーンカップ,5,4900,中田 夕貴,2,33,46.5,1,0,0.17,5.64,37.25,53.92,5.68,42.11,47.37,35.9,50.43,30.28,44.95
2025-10-19,12,10,2025-10-19 19:47:00,4,オールレディース第36回アクアクイーンカップ,6,4534,坂 咲友理,3,36,44.5,1,0,0.19,3.58,13.33,31.67,3.85,16.18,30.88,34.75,58.47,29.41,47.9
2025-10-19,12,11,2025-10-19 20:16:00,4,オールレディース第36回アクアクイーンカップ,1,5088,高憧 四季,1,25,44.5,0,0,0.16,7.04,52.85,74.8,6.1,40.68,61.02,31.9,49.14,32.46,47.37
2025-10-19,12,11,2025-10-19 20:16:00,4,オールレディース第36回アクアクイーンカップ,2,4243,西村 歩,2,39,47.5,0,0,0.16,5.75,36.54,59.62,5,29.82,52.63,38.79,50,34.62,45.19
2025-10-19,12,11,2025-10-19 20:16:00,4,オールレディース第36回アクアクイーンカップ,3,5264,登 みひ果,3,26,45.5,1,0,0.16,3.87,21.35,28.09,5,34.48,48.28,36.36,48.76,33.91,50.43
2025-10-19,12,11,2025-10-19 20:16:00,4,オールレディース第36回アクアクイーンカップ,4,4825,倉持 莉々,2,32,47.2,0,0,0.14,7.13,57.3,70.79,0,0,0,36.97,50.42,33.05,48.31
2025-10-19,12,11,2025-10-19 20:16:00,4,オールレディース第36回アクアクイーンカップ,5,5144,中尾 彩香,3,24,46.5,0,0,0.2,3.88,21.11,34.44,0,0,0,36.75,53.85,28.81,45.76
2025-10-19,12,11,2025-10-19 20:16:00,4,オールレディース第36回アクアクイーンカップ,6,5140,吉田 彩乃,3,25,47.5,0,0,0.19,4.08,18.48,32.61,3.53,13.33,33.33,34.19,52.14,33.64,50.91
2025-10-19,12,12,2025-10-19 20:45:00,4,オールレディース第36回アクアクイーンカップ,1,4963,實森 美祐,1,29,47,0,0,0.15,6.65,46.85,64.86,5.32,47.37,47.37,49.58,70.59,27.27,52.73
2025-10-19,12,12,2025-10-19 20:45:00,4,オールレディース第36回アクアクイーンカップ,2,4373,若狭 奈美子,2,37,46,0,0,0.19,6.34,50,66.67,5.38,31.03,55.17,33.9,49.15,36.04,54.05
2025-10-19,12,12,2025-10-19 20:45:00,4,オールレディース第36回アクアクイーンカップ,3,4884,勝浦 真帆,1,29,47.5,1,0,0.13,5.44,35.19,50.93,5.28,38.89,47.22,37.61,53.85,42.11,57.02
2025-10-19,12,12,2025-10-19 20:45:00,4,オールレディース第36回アクアクイーンカップ,4,4478,櫻本 あゆみ,2,37,47.6,0,0,0.16,5.53,36.67,53.33,6.4,55,65,28.57,38.66,41.88,57.26
2025-10-19,12,12,2025-10-19 20:45:00,4,オールレディース第36回アクアクイーンカップ,5,4764,小池 礼乃,2,35,47,1,0,0.17,5.07,32.58,48.31,0,0,0,42.86,60.5,36.67,49.17
2025-10-19,12,12,2025-10-19 20:45:00,4,オールレディース第36回アクアクイーンカップ,6,4927,関野 文,2,31,45.5,0,0,0.16,5.83,41.51,51.89,6.02,45.28,62.26,43.7,68.07,32.73,57.27
2025-10-19,14,1,2025-10-19 08:35:00,5,第9回徳島ヴォルティスカップ競走,1,4292,麻生 慎介,2,40,53.4,1,0,0.14,6.24,43.52,64.81,5.83,38.89,50,43.69,66.99,23.48,38.26
2025-10-19,14,1,2025-10-19 08:35:00,5,第9回徳島ヴォルティスカップ競走,2,4200,早川 尚人,3,43,53.8,0,0,0.18,4.39,18.52,37.96,5.15,28.85,51.92,20.91,36.36,37.62,56.44
2025-10-19,14,1,2025-10-19 08:35:00,5,第9回徳島ヴォルティスカップ競走,3,3867,松浦 勝,3,50,51,0,0,0.17,4.26,26.32,37.89,3.8,20,30,33.64,49.53,36.04,52.25
2025-10-19,14,1,2025-10-19 08:35:00,5,第9回徳島ヴォルティスカップ競走,4,5164,森田 梨湖,3,25,48.1,0,0,0.24,2.37,0,9.3,3.2,0,30,37.04,53.7,32.11,47.71
2025-10-19,14,1,2025-10-19 08:35:00,5,第9回徳島ヴォルティスカップ競走,5,5069,山崎 小葉音,3,25,43.5,1,0,0.15,5.23,34.57,51.85,4.78,26.09,43.48,42.99,57.94,23.89,35.4
2025-10-19,14,1,2025-10-19 08:35:00,5,第9回徳島ヴォルティスカップ競走,6,5417,小柳 勝希,4,19,50.5,1,0,,1.74,0,5.17,0,0,0,44.44,60.19,34.82,50.89
2025-10-19,14,2,2025-10-19 09:01:00,5,第9回徳島ヴォルティスカップ競走,1,4302,西野 翔太,1,42,52,0,0,0.15,6.09,43.75,62.5,6.6,55.56,66.67,27.88,41.35,39.64,55.86
2025-10-19,14,2,2025-10-19 09:01:00,5,第9回徳島ヴォルティスカップ競走,2,5203,神里 琴音,3,21,44.5,1,0,0.16,4.43,26.19,38.1,3.55,13.79,31.03,35.85,51.89,30.97,59.29
2025-10-19,14,2,2025-10-19 09:01:00,5,第9回徳島ヴォルティスカップ競走,3,3990,芹澤 克彦,3,47,52.7,1,0,0.15,4.72,26.74,40.7,4.67,33.33,33.33,39.09,49.09,31.09,42.86
2025-10-19,14,2,2025-10-19 09:01:00,5,第9回徳島ヴォルティスカップ競走,4,3921,川村 正輝,3,50,51.5,1,0,0.21,4.54,20.25,46.84,0,0,0,40.54,59.46,37.74,50.94
2025-10-19,14,2,2025-10-19 09:01:00,5,第9回徳島ヴォルティスカップ競走,5,3838,伊藤 啓三,2,50,52.8,1,0,0.13,4.97,29.17,44.79,6.4,40,68,24.74,41.24,28.87,55.67
2025-10-19,14,2,2025-10-19 09:01:00,5,第9回徳島ヴォルティスカップ競走,6,4704,河野 大,1,37,52,0,0,0.16,6.04,39.67,56.2,6.66,49.18,68.03,23.96,39.58,25.42,43.22
2025-10-19,14,3,2025-10-19 09:27:00,5,第9回徳島ヴォルティスカップ競走,1,4798,浜先 真範,1,32,52,1,0,0.13,6.71,48.18,70.91,7.69,76.92,92.31,22,37,33.33,56.76
2025-10-19,14,3,2025-10-19 09:27:00,5,第9回徳島ヴォルティスカップ競走,2,4204,柴田 大輔,4,43,51.5,0,0,0.26,4.88,27.36,47.17,3.71,14.29,14.29,31.63,51.02,29.41,46.08
2025-10-19,14,3,2025-10-19 09:27:00,5,第9回徳島ヴォルティスカップ競走,3,5312,川辺 郭人,4,25,53.4,0,0,0.21,2.62,4.94,12.35,1.17,0,0,29.06,41.88,28.8,49.6
2025-10-19,14,3,2025-10-19 09:27:00,5,第9回徳島ヴォルティスカップ競走,4,5340,樋江井 舞,3,24,44.5,0,0,0.21,3.59,13.4,30.93,0,0,0,40,57.27,28.71,50.5
2025-10-19,14,3,2025-10-19 09:27:00,5,第9回徳島ヴォルティスカップ競走,5,4083,福島 勇樹,2,46,52,0,0,0.15,6.55,53.49,69.77,6.33,46.67,60,34.23,54.05,28.74,41.38
2025-10-19,14,3,2025-10-19 09:27:00,5,第9回徳島ヴォルティスカップ競走,6,3874,山本 寛久,1,49,52,1,0,0.15,6.31,49.07,63.89,5.22,27.78,33.33,43.69,59.22,31.68,53.47
2025-10-19,14,4,2025-10-19 09:53:00,5,第9回徳島ヴォルティスカップ競走,1,4711,前出 達吉,2,35,52,1,0,0.14,5.28,28.92,55.42,5.71,28.57,57.14,44,58,40.19,59.81
2025-10-19,14,4,2025-10-19 09:53:00,5,第9回徳島ヴォルティスカップ競走,2,5249,三木 晴斗,3,23,53.1,1,0,0.15,4.42,24,42,4.23,23.46,34.57,31.36,44.92,28.57,40.18
2025-10-19,14,4,2025-10-19 09:53:00,5,第9回徳島ヴォルティスカップ競走,3,4010,越智 照浩,4,46,56.7,0,0,0.19,3.69,13.1,25,3.94,16.13,25.81,25.86,43.97,25.89,45.54
2025-10-19,14,4,2025-10-19 09:53:00,5,第9回徳島ヴォルティスカップ競走,4,4314,青木 幸太郎,2,41,51,1,0,0.14,5.98,44.83,59.48,4.4,20,45,33.02,56.6,29.17,47.92
2025-10-19,14,4,2025-10-19 09:53:00,5,第9回徳島ヴォルティスカップ競走,5,5142,常住 蓮,1,24,51.5,0,0,0.13,7.46,62.25,78.81,6.31,37.5,68.75,23.47,43.88,37.61,55.96
2025-10-19,14,4,2025-10-19 09:53:00,5,第9回徳島ヴォルティスカップ競走,6,4675,井手 良太,3,37,51.5,1,0,0.14,5.24,32.93,48.78,4.41,22.22,40.74,26.42,47.17,32.46,47.37
2025-10-19,14,5,2025-10-19 10:20:00,5,第9回徳島ヴォルティスカップ競走,1,4966,田川 大貴,2,27,53.4,0,0,0.14,5.43,35,52.5,5.46,35.42,54.17,37.61,60.55,43.75,59.82
2025-10-19,14,5,2025-10-19 10:20:00,5,第9回徳島ヴォルティスカップ競走,2,4283,石井 裕美,3,41,49.9,0,0,0.18,4.91,25.64,44.87,4.1,20,30,26.67,41.9,38.1,54.29
2025-10-19,14,5,2025-10-19 10:20:00,5,第9回徳島ヴォルティスカップ競走,3,4950,高岡 竜也,3,32,52,0,0,0.19,5.61,38.46,54.81,5.65,38.46,57.69,39.39,57.58,39.47,59.65
2025-10-19,14,5,2025-10-19 10:20:00,5,第9回徳島ヴォルティスカップ競走,4,5306,河内 悠利杏,3,22,47.5,1,0,0.22,2.57,5.06,8.86,2.23,0,4.55,35.19,50,40.91,58.18
2025-10-19,14,5,2025-10-19 10:20:00,5,第9回徳島ヴォルティスカップ競走,5,3543,福田 雅一,2,57,54,1,0,0.16,5.16,31.76,51.76,5.54,34.15,53.66,32.69,49.04,32.2,50.85
2025-10-19,14,5,2025-10-19 10:20:00,5,第9回徳島ヴォルティスカップ競走,6,5121,定松 勇樹,1,24,52.2,1,0,0.14,6.68,47.78,57.78,8.58,73.68,84.21,36.45,50.47,41.67,60.19
2025-10-19,14,6,2025-10-19 10:50:00,5,第9回徳島ヴォルティスカップ競走,1,3587,武田 信一,3,52,57.9,0,0,0.17,4.38,25.56,38.89,4.35,22.33,37.86,41.44,56.76,26.36,38.18
2025-10-19,14,6,2025-10-19 10:50:00,5,第9回徳島ヴォルティスカップ競走,2,3867,松浦 勝,3,50,51,0,0,0.17,4.26,26.32,37.89,3.8,20,30,33.64,49.53,36.04,52.25
2025-10-19,14,6,2025-10-19 10:50:00,5,第9回徳島ヴォルティスカップ競走,3,4659,木下 翔太,1,34,53.6,0,0,0.14,7.09,48.67,71.68,5.97,38.71,61.29,30.97,47.79,38.32,53.27
2025-10-19,14,6,2025-10-19 10:50:00,5,第9回徳島ヴォルティスカップ競走,4,4817,渡邉 翼,2,34,50.5,0,0,0.17,5.67,41.49,57.45,6.4,50,50,31.78,43.93,38.74,54.95
2025-10-19,14,6,2025-10-19 10:50:00,5,第9回徳島ヴォルティスカップ競走,5,4074,柳沢 一,1,44,52,0,0,0.14,6.91,52.9,75.36,7.9,60,90,22,40,33.33,51.35
2025-10-19,14,6,2025-10-19 10:50:00,5,第9回徳島ヴォルティスカップ競走,6,4349,犬童 千秋,3,40,48.6,1,0,0.15,5.21,33.7,47.83,5.97,37.5,59.38,50,59.8,27.36,41.51
2025-10-19,14,7,2025-10-19 11:18:00,5,第9回徳島ヴォルティスカップ競走,1,3906,飯山 晃三,3,47,58.4,0,0,0.19,4.05,26.88,35.48,3.48,6.9,31.03,25.25,42.42,31.31,45.45
2025-10-19,14,7,2025-10-19 11:18:00,5,第9回徳島ヴォルティスカップ競走,2,3990,芹澤 克彦,3,47,52.7,1,0,0.15,4.72,26.74,40.7,4.67,33.33,33.33,39.09,49.09,31.09,42.86
2025-10-19,14,7,2025-10-19 11:18:00,5,第9回徳島ヴォルティスカップ競走,3,4204,柴田 大輔,4,43,51.5,0,0,0.26,4.88,27.36,47.17,3.71,14.29,14.29,31.63,51.02,29.41,46.08
2025-10-19,14,7,2025-10-19 11:18:00,5,第9回徳島ヴォルティスカップ競走,4,5312,川辺 郭人,4,25,53.4,0,0,0.21,2.62,4.94,12.35,1.17,0,0,29.06,41.88,28.8,49.6
2025-10-19,14,7,2025-10-19 11:18:00,5,第9回徳島ヴォルティスカップ競走,5,3489,大場 敏,2,58,52,0,0,0.15,5.78,36.36,59.85,5.49,37.84,56.76,31.71,44.72,41.59,51.33
2025-10-19,14,7,2025-10-19 11:18:00,5,第9回徳島ヴォルティスカップ競走,6,4230,濱崎 直矢,1,42,52.9,2,0,0.14,6.46,47.86,60.68,0,0,0,31.53,43.24,29.91,45.79
2025-10-19,14,8,2025-10-19 11:53:00,5,第9回徳島ヴォルティスカップ競走,1,3784,中島 友和,3,49,53.1,0,0,0.16,5.12,30.3,51.52,4.19,31.25,43.75,41.67,57.41,29.29,43.43
2025-10-19,14,8,2025-10-19 11:53:00,5,第9回徳島ヴォルティスカップ競走,2,4010,越智 照浩,4,46,56.7,0,0,0.19,3.69,13.1,25,3.94,16.13,25.81,25.86,43.97,25.89,45.54
2025-10-19,14,8,2025-10-19 11:53:00,5,第9回徳島ヴォルティスカップ競走,3,3921,川村 正輝,3,50,51.5,1,0,0.21,4.54,20.25,46.84,0,0,0,40.54,59.46,37.74,50.94
2025-10-19,14,8,2025-10-19 11:53:00,5,第9回徳島ヴォルティスカップ競走,4,5249,三木 晴斗,3,23,53.1,1,0,0.15,4.42,24,42,4.23,23.46,34.57,31.36,44.92,28.57,40.18
2025-10-19,14,8,2025-10-19 11:53:00,5,第9回徳島ヴォルティスカップ競走,5,4580,長谷川 雅和,2,36,52,0,0,0.16,5.41,38.37,48.84,7.1,50,70,26.67,53.33,33.03,49.54
2025-10-19,14,8,2025-10-19 11:53:00,5,第9回徳島ヴォルティスカップ競走,6,3541,三嶌 誠司,1,57,53.1,0,0,0.14,6.45,47.22,67.59,6.58,46.67,62.22,42.2,60.55,38.94,56.64
2025-10-19,14,9,2025-10-19 12:26:00,5,第9回徳島ヴォルティスカップ競走,1,5272,松田 真実,3,24,46.5,1,0,0.16,3.65,17.46,33.33,2.54,8.33,20.83,29.81,42.31,31.48,44.44
2025-10-19,14,9,2025-10-19 12:26:00,5,第9回徳島ヴォルティスカップ競走,2,5069,山崎 小葉音,3,25,43.5,1,0,0.15,5.23,34.57,51.85,4.78,26.09,43.48,42.99,57.94,23.89,35.4
2025-10-19,14,9,2025-10-19 12:26:00,5,第9回徳島ヴォルティスカップ競走,3,5334,樫葉 新心,3,21,45.5,0,0,0.2,3.09,8.54,18.29,2.75,9.72,16.67,36.45,44.86,26.73,51.49
2025-10-19,14,9,2025-10-19 12:26:00,5,第9回徳島ヴォルティスカップ競走,4,5203,神里 琴音,3,21,44.5,1,0,0.16,4.43,26.19,38.1,3.55,13.79,31.03,35.85,51.89,30.97,59.29
2025-10-19,14,9,2025-10-19 12:26:00,5,第9回徳島ヴォルティスカップ競走,5,4283,石井 裕美,3,41,49.9,0,0,0.18,4.91,25.64,44.87,4.1,20,30,26.67,41.9,38.1,54.29
2025-10-19,14,9,2025-10-19 12:26:00,5,第9回徳島ヴォルティスカップ競走,6,5340,樋江井 舞,3,24,44.5,0,0,0.21,3.59,13.4,30.93,0,0,0,40,57.27,28.71,50.5
2025-10-19,14,10,2025-10-19 13:00:00,5,第9回徳島ヴォルティスカップ競走,1,4074,柳沢 一,1,44,51.5,0,0,0.14,6.91,52.9,75.36,7.9,60,90,22,40,33.33,51.35
2025-10-19,14,10,2025-10-19 13:00:00,5,第9回徳島ヴォルティスカップ競走,2,5121,定松 勇樹,1,24,52,1,0,0.14,6.68,47.78,57.78,8.58,73.68,84.21,36.45,50.47,41.67,60.19
2025-10-19,14,10,2025-10-19 13:00:00,5,第9回徳島ヴォルティスカップ競走,3,4292,麻生 慎介,2,40,53.4,1,0,0.14,6.24,43.52,64.81,5.83,38.89,50,43.69,66.99,23.48,38.26
2025-10-19,14,10,2025-10-19 13:00:00,5,第9回徳島ヴォルティスカップ競走,4,4704,河野 大,1,37,52,0,0,0.16,6.04,39.67,56.2,6.66,49.18,68.03,23.96,39.58,25.42,43.22
2025-10-19,14,10,2025-10-19 13:00:00,5,第9回徳島ヴォルティスカップ競走,5,4711,前出 達吉,2,35,51.5,1,0,0.14,5.28,28.92,55.42,5.71,28.57,57.14,44,58,40.19,59.81
2025-10-19,14,10,2025-10-19 13:00:00,5,第9回徳島ヴォルティスカップ競走,6,3587,武田 信一,3,52,57.9,0,0,0.17,4.38,25.56,38.89,4.35,22.33,37.86,41.44,56.76,26.36,38.18
2025-10-19,14,11,2025-10-19 13:33:00,5,第9回徳島ヴォルティスカップ競走,1,4230,濱崎 直矢,1,42,52.9,2,0,0.14,6.46,47.86,60.68,0,0,0,31.53,43.24,29.91,45.79
2025-10-19,14,11,2025-10-19 13:33:00,5,第9回徳島ヴォルティスカップ競走,2,4314,青木 幸太郎,2,41,51,1,0,0.14,5.98,44.83,59.48,4.4,20,45,33.02,56.6,29.17,47.92
2025-10-19,14,11,2025-10-19 13:33:00,5,第9回徳島ヴォルティスカップ競走,3,3874,山本 寛久,1,49,52,1,0,0.15,6.31,49.07,63.89,5.22,27.78,33.33,43.69,59.22,31.68,53.47
2025-10-19,14,11,2025-10-19 13:33:00,5,第9回徳島ヴォルティスカップ競走,4,4966,田川 大貴,2,27,53.4,0,0,0.14,5.43,35,52.5,5.46,35.42,54.17,37.61,60.55,43.75,59.82
2025-10-19,14,11,2025-10-19 13:33:00,5,第9回徳島ヴォルティスカップ競走,5,4798,浜先 真範,1,32,52,1,0,0.13,6.71,48.18,70.91,7.69,76.92,92.31,22,37,33.33,56.76
2025-10-19,14,11,2025-10-19 13:33:00,5,第9回徳島ヴォルティスカップ競走,6,3906,飯山 晃三,3,47,58.4,0,0,0.19,4.05,26.88,35.48,3.48,6.9,31.03,25.25,42.42,31.31,45.45
2025-10-19,14,12,2025-10-19 14:10:00,5,第9回徳島ヴォルティスカップ競走,1,5142,常住 蓮,1,24,51.5,0,0,0.13,7.46,62.25,78.81,6.31,37.5,68.75,23.47,43.88,37.61,55.96
2025-10-19,14,12,2025-10-19 14:10:00,5,第9回徳島ヴォルティスカップ競走,2,4083,福島 勇樹,2,46,52,0,0,0.15,6.55,53.49,69.77,6.33,46.67,60,34.23,54.05,28.74,41.38
2025-10-19,14,12,2025-10-19 14:10:00,5,第9回徳島ヴォルティスカップ競走,3,3543,福田 雅一,2,57,54,1,0,0.16,5.16,31.76,51.76,5.54,34.15,53.66,32.69,49.04,32.2,50.85
2025-10-19,14,12,2025-10-19 14:10:00,5,第9回徳島ヴォルティスカップ競走,4,4659,木下 翔太,1,34,53.6,0,0,0.14,7.09,48.67,71.68,5.97,38.71,61.29,30.97,47.79,38.32,53.27
2025-10-19,14,12,2025-10-19 14:10:00,5,第9回徳島ヴォルティスカップ競走,5,4302,西野 翔太,1,42,52,0,0,0.15,6.09,43.75,62.5,6.6,55.56,66.67,27.88,41.35,39.64,55.86
2025-10-19,14,12,2025-10-19 14:10:00,5,第9回徳島ヴォルティスカップ競走,6,3784,中島 友和,3,49,53.1,0,0,0.16,5.12,30.3,51.52,4.19,31.25,43.75,41.67,57.41,29.29,43.43
2025-10-19,15,1,2025-10-19 15:17:00,5,BTS西予開設10周年記念,1,4331,三好 勇人,3,42,53.9,0,0,0.16,5.8,34.69,58.16,5.82,37.23,54.74,38.71,64.52,27.87,45.9
2025-10-19,15,1,2025-10-19 15:17:00,5,BTS西予開設10周年記念,2,4281,大澤 大夢,3,41,53.5,0,0,0.16,4.88,24.1,42.17,6.56,38.89,72.22,39.29,57.14,38.6,61.4
2025-10-19,15,1,2025-10-19 15:17:00,5,BTS西予開設10周年記念,3,4487,三原 司,3,39,52.1,0,0,0.18,4.86,27.59,44.83,4.6,16,40,11.76,29.41,45.31,65.63
2025-10-19,15,1,2025-10-19 15:17:00,5,BTS西予開設10周年記念,4,3982,福田 理,3,48,55,0,0,0.17,5.08,32.95,47.73,4.31,19.23,34.62,33.33,42.86,21.05,33.33
2025-10-19,15,1,2025-10-19 15:17:00,5,BTS西予開設10周年記念,5,4164,岩永 節也,3,43,52.6,0,0,0.18,3.65,9.41,24.71,3.63,16.67,26.67,29.63,51.85,27.59,43.1
2025-10-19,15,1,2025-10-19 15:17:00,5,BTS西予開設10周年記念,6,5363,山本 凱立,4,25,52.3,1,0,0.23,1.07,0,0,1.07,0,0,75,78.57,40,56.67
2025-10-19,15,2,2025-10-19 15:41:00,5,BTS西予開設10周年記念,1,4213,重富 伸也,3,41,52.6,0,0,0.17,4.88,31.31,44.44,3,11.76,17.65,26.67,36.67,33.87,51.61
2025-10-19,15,2,2025-10-19 15:41:00,5,BTS西予開設10周年記念,2,4872,山下 流心,3,32,52,0,0,0.19,5.04,31.48,48.15,5.11,20.75,47.17,35.71,53.57,21.67,43.33
2025-10-19,15,2,2025-10-19 15:41:00,5,BTS西予開設10周年記念,3,4441,末永 由楽,1,39,54,1,0,0.13,5.84,38.26,56.52,0,0,0,27.59,55.17,42.62,60.66
2025-10-19,15,2,2025-10-19 15:41:00,5,BTS西予開設10周年記念,4,4896,花本 剛,3,34,57.1,0,0,0.19,4.23,21.74,40,4.31,17.95,43.59,42.86,60.71,38.6,59.65
2025-10-19,15,2,2025-10-19 15:41:00,5,BTS西予開設10周年記念,5,5393,藤原 駿,4,24,56.3,1,0,,1.41,0,1.69,0,0,0,40.74,51.85,32.79,39.34
2025-10-19,15,2,2025-10-19 15:41:00,5,BTS西予開設10周年記念,6,3605,中村 守成,3,54,53.2,0,0,0.18,4.38,27.85,35.44,3.79,20.83,29.17,59.38,68.75,25,50
2025-10-19,15,3,2025-10-19 16:06:00,5,BTS西予開設10周年記念,1,4558,宮野 仁,3,35,54.8,1,0,0.19,3.48,11.11,25.93,3.6,13.33,33.33,52.94,73.53,30,50
2025-10-19,15,3,2025-10-19 16:06:00,5,BTS西予開設10周年記念,2,4176,樋口 喜彦,3,42,54.2,0,0,0.15,4.14,20.88,36.26,5.43,42.86,57.14,47.83,56.52,34.92,58.73
2025-10-19,15,3,2025-10-19 16:06:00,5,BTS西予開設10周年記念,3,4759,今泉 友吾,1,35,52,0,0,0.16,7.22,55.24,76.19,8.14,71.43,71.43,33.33,48.15,29.09,56.36
2025-10-19,15,3,2025-10-19 16:06:00,5,BTS西予開設10周年記念,4,5219,森口 和紀,4,25,52,0,0,0.17,4.89,29.55,45.45,3.1,10,20,15,40,38.98,62.71
2025-10-19,15,3,2025-10-19 16:06:00,5,BTS西予開設10周年記念,5,4431,石塚 裕介,3,39,52.2,0,0,0.16,5.41,29.89,49.43,4.7,20,50,35.48,54.84,22.81,31.58
2025-10-19,15,3,2025-10-19 16:06:00,5,BTS西予開設10周年記念,6,4683,向井田 直弥,3,35,45,1,0,0.12,4.41,25.86,41.38,3.62,14.29,28.57,27.27,45.45,31.67,46.67
2025-10-19,15,4,2025-10-19 16:32:00,5,BTS西予開設10周年記念,1,4978,山田 和佐,3,31,53.7,0,0,0.18,4.11,18.85,36.89,3.73,20,30.91,34.48,55.17,32.73,50.91
2025-10-19,15,4,2025-10-19 16:32:00,5,BTS西予開設10周年記念,2,3842,星野 太郎,3,49,52.1,1,0,0.19,4.93,29.47,45.26,5.04,34.62,46.15,35.71,50,43.1,65.52
2025-10-19,15,4,2025-10-19 16:32:00,5,BTS西予開設10周年記念,3,4376,藤田 靖弘,2,41,52.1,0,0,0.17,5.76,40.5,52.89,4.58,26.92,42.31,22.22,40.74,28.33,43.33
2025-10-19,15,4,2025-10-19 16:32:00,5,BTS西予開設10周年記念,4,4041,小林 基樹,3,46,52.6,0,0,0.22,4.73,30.3,42.42,4.03,26.47,38.24,21.05,42.11,50,63.79
2025-10-19,15,4,2025-10-19 16:32:00,5,BTS西予開設10周年記念,5,3623,深川 真二,1,51,51,1,0,0.14,7.42,70.09,78.5,6.07,44.44,62.96,26.32,42.11,37.93,56.9
2025-10-19,15,4,2025-10-19 16:32:00,5,BTS西予開設10周年記念,6,3945,橋口 真樹,3,49,52,0,0,0.2,3.73,12.12,25.76,0,0,0,50,65,42.37,69.49
2025-10-19,15,5,2025-10-19 17:01:00,5,BTS西予開設10周年記念,1,5106,山崎 祥,3,26,52,0,0,0.21,5.08,31.13,49.06,3.89,11.11,33.33,45.16,64.52,36.51,52.38
2025-10-19,15,5,2025-10-19 17:01:00,5,BTS西予開設10周年記念,2,4169,多田 有佑,3,43,53.6,1,0,0.2,4.27,19.48,32.47,2.85,7.69,15.38,44.44,66.67,12.73,30.91
2025-10-19,15,5,2025-10-19 17:01:00,5,BTS西予開設10周年記念,3,4060,島田 一生,3,46,54.1,0,0,0.15,5.17,35.71,54.46,5.31,42.31,50,28.57,42.86,36.67,58.33
2025-10-19,15,5,2025-10-19 17:01:00,5,BTS西予開設10周年記念,4,4294,古賀 繁輝,2,39,57.7,0,0,0.17,7.03,56.19,71.43,8.75,87.5,100,55.17,65.52,29.31,37.93
2025-10-19,15,5,2025-10-19 17:01:00,5,BTS西予開設10周年記念,5,4398,船岡 洋一郎,1,38,52.2,0,0,0.14,6.79,52.89,69.42,8,66.67,88.89,23.81,33.33,25.42,45.76
2025-10-19,15,5,2025-10-19 17:01:00,5,BTS西予開設10周年記念,6,3497,後藤 浩,3,57,51,0,0,0.18,4.85,31.82,47.73,5.44,32.35,52.94,70.97,80.65,37.29,47.46
2025-10-19,15,6,2025-10-19 17:28:00,5,BTS西予開設10周年記念,1,5044,渡邉 健,2,26,56.7,1,0,0.17,5.29,36.51,49.21,0,0,0,41.94,54.84,26.79,44.64
2025-10-19,15,6,2025-10-19 17:28:00,5,BTS西予開設10周年記念,2,4803,飯田 庄吾,3,31,55.9,0,0,0.18,3.48,10.59,23.53,3.43,0,28.57,40.91,50,43.1,65.52
2025-10-19,15,6,2025-10-19 17:28:00,5,BTS西予開設10周年記念,3,4281,大澤 大夢,3,41,53.5,0,0,0.16,4.88,24.1,42.17,6.56,38.89,72.22,39.29,57.14,38.6,61.4
2025-10-19,15,6,2025-10-19 17:28:00,5,BTS西予開設10周年記念,4,5221,竹間 隆晟,1,24,52.4,0,0,0.16,6.61,47.19,65.17,0,0,0,42.86,71.43,37.5,57.14
2025-10-19,15,6,2025-10-19 17:28:00,5,BTS西予開設10周年記念,5,4156,浜野 孝志,2,44,54.6,0,0,0.18,5.35,32.11,53.21,6.05,41.46,65.85,40.63,59.38,27.27,41.82
2025-10-19,15,6,2025-10-19 17:28:00,5,BTS西予開設10周年記念,6,5420,吉原 快誓,4,19,52.2,1,0,,1.38,0,0,0,0,0,60,60,30.36,46.43
2025-10-19,15,7,2025-10-19 17:55:00,5,BTS西予開設10周年記念,1,4403,木下 大將,3,40,52.2,0,0,0.15,5.56,38.3,58.51,8,66.67,100,48.28,65.52,35.71,39.29
2025-10-19,15,7,2025-10-19 17:55:00,5,BTS西予開設10周年記念,2,4772,石丸 海渡,1,32,55.7,1,0,0.11,6.38,49.11,64.29,6.57,51.43,65.71,34.48,48.28,14.81,35.19
2025-10-19,15,7,2025-10-19 17:55:00,5,BTS西予開設10周年記念,3,5060,数原 魁,2,28,51.5,1,0,0.17,5.12,28.89,52.22,0,0,0,15.79,21.05,36.21,50
2025-10-19,15,7,2025-10-19 17:55:00,5,BTS西予開設10周年記念,4,4164,岩永 節也,3,43,52.6,0,0,0.18,3.65,9.41,24.71,3.63,16.67,26.67,29.63,51.85,27.59,43.1
2025-10-19,15,7,2025-10-19 17:55:00,5,BTS西予開設10周年記念,5,4207,松下 一也,1,42,54.2,1,0,0.13,6.17,46.96,66.96,6.67,44.44,77.78,19.23,42.31,32.2,42.37
2025-10-19,15,7,2025-10-19 17:55:00,5,BTS西予開設10周年記念,6,4896,花本 剛,3,34,57.1,0,0,0.19,4.23,21.74,40,4.31,17.95,43.59,42.86,60.71,38.6,59.65
2025-10-19,15,8,2025-10-19 18:23:00,5,BTS西予開設10周年記念,1,3952,中澤 和志,1,49,52,1,0,0.13,7.12,58.46,76.92,6.75,52.5,65,15.79,36.84,37.7,57.38
2025-10-19,15,8,2025-10-19 18:23:00,5,BTS西予開設10周年記念,2,3811,石田 章央,2,49,54.3,1,0,0.15,6.08,46.21,62.12,5.74,34.78,47.83,37.93,44.83,37.29,50.85
2025-10-19,15,8,2025-10-19 18:23:00,5,BTS西予開設10周年記念,3,3982,福田 理,3,48,55,0,0,0.17,5.08,32.95,47.73,4.31,19.23,34.62,33.33,42.86,21.05,33.33
2025-10-19,15,8,2025-10-19 18:23:00,5,BTS西予開設10周年記念,4,4049,荒川 健太,2,45,55.9,0,0,0.17,5.97,35.14,61.26,5.65,40,60,41.38,62.07,41.38,56.9
2025-10-19,15,8,2025-10-19 18:23:00,5,BTS西予開設10周年記念,5,4176,樋口 喜彦,3,42,54.2,0,0,0.15,4.14,20.88,36.26,5.43,42.86,57.14,47.83,56.52,34.92,58.73
2025-10-19,15,8,2025-10-19 18:23:00,5,BTS西予開設10周年記念,6,5393,藤原 駿,4,24,56.3,1,0,,1.41,0,1.69,0,0,0,40.74,51.85,32.79,39.34
2025-10-19,15,9,2025-10-19 18:54:00,5,BTS西予開設10周年記念,1,4376,藤田 靖弘,2,41,52.1,0,0,0.17,5.76,40.5,52.89,4.58,26.92,42.31,22.22,40.74,28.33,43.33
2025-10-19,15,9,2025-10-19 18:54:00,5,BTS西予開設10周年記念,2,4472,尾嶋 一広,1,38,54.7,1,0,0.15,6.45,49.59,68.29,7.07,53.33,70,37.93,65.52,44.83,62.07
2025-10-19,15,9,2025-10-19 18:54:00,5,BTS西予開設10周年記念,3,5027,重冨 勇哉,3,29,55.2,1,0,0.16,4.3,20.83,39.58,0,0,0,30,45,36.67,43.33
2025-10-19,15,9,2025-10-19 18:54:00,5,BTS西予開設10周年記念,4,4872,山下 流心,3,32,52,0,0,0.19,5.04,31.48,48.15,5.11,20.75,47.17,35.71,53.57,21.67,43.33
2025-10-19,15,9,2025-10-19 18:54:00,5,BTS西予開設10周年記念,5,4487,三原 司,3,39,52.1,0,0,0.18,4.86,27.59,44.83,4.6,16,40,11.76,29.41,45.31,65.63
2025-10-19,15,9,2025-10-19 18:54:00,5,BTS西予開設10周年記念,6,4431,石塚 裕介,3,39,52.2,0,0,0.16,5.41,29.89,49.43,4.7,20,50,35.48,54.84,22.81,31.58
2025-10-19,15,10,2025-10-19 19:25:00,5,BTS西予開設10周年記念,1,4288,永田 啓二,1,41,52.9,0,0,0.13,6.63,52.67,70.23,7.46,58.97,84.62,35.71,42.86,37.29,47.46
2025-10-19,15,10,2025-10-19 19:25:00,5,BTS西予開設10周年記念,2,4156,浜野 孝志,2,44,54.6,0,0,0.18,5.35,32.11,53.21,6.05,41.46,65.85,40.63,59.38,27.27,41.82
2025-10-19,15,10,2025-10-19 19:25:00,5,BTS西予開設10周年記念,3,5106,山崎 祥,3,26,52,0,0,0.21,5.08,31.13,49.06,3.89,11.11,33.33,45.16,64.52,36.51,52.38
2025-10-19,15,10,2025-10-19 19:25:00,5,BTS西予開設10周年記念,4,4683,向井田 直弥,3,35,45,1,0,0.12,4.41,25.86,41.38,3.62,14.29,28.57,27.27,45.45,31.67,46.67
2025-10-19,15,10,2025-10-19 19:25:00,5,BTS西予開設10周年記念,5,3945,橋口 真樹,3,49,52,0,0,0.2,3.73,12.12,25.76,0,0,0,50,65,42.37,69.49
2025-10-19,15,10,2025-10-19 19:25:00,5,BTS西予開設10周年記念,6,4925,森 悠稀,2,32,53.3,0,0,0.13,5.93,34.92,60.32,5.33,33.33,52.38,17.39,56.52,25,46.43
2025-10-19,15,11,2025-10-19 19:58:00,5,BTS西予開設10周年記念,1,4441,末永 由楽,1,39,54,1,0,0.13,5.84,38.26,56.52,0,0,0,27.59,55.17,42.62,60.66
2025-10-19,15,11,2025-10-19 19:58:00,5,BTS西予開設10周年記念,2,5044,渡邉 健,2,26,56.7,1,0,0.17,5.29,36.51,49.21,0,0,0,41.94,54.84,26.79,44.64
2025-10-19,15,11,2025-10-19 19:58:00,5,BTS西予開設10周年記念,3,3842,星野 太郎,3,49,52.1,1,0,0.19,4.93,29.47,45.26,5.04,34.62,46.15,35.71,50,43.1,65.52
2025-10-19,15,11,2025-10-19 19:58:00,5,BTS西予開設10周年記念,4,4207,松下 一也,1,42,54.2,1,0,0.13,6.17,46.96,66.96,6.67,44.44,77.78,19.23,42.31,32.2,42.37
2025-10-19,15,11,2025-10-19 19:58:00,5,BTS西予開設10周年記念,5,5219,森口 和紀,4,25,52,0,0,0.17,4.89,29.55,45.45,3.1,10,20,15,40,38.98,62.71
2025-10-19,15,11,2025-10-19 19:58:00,5,BTS西予開設10周年記念,6,4294,古賀 繁輝,2,39,57.7,0,0,0.17,7.03,56.19,71.43,8.75,87.5,100,55.17,65.52,29.31,37.93
2025-10-19,15,12,2025-10-19 20:30:00,5,BTS西予開設10周年記念,1,3623,深川 真二,1,51,51,1,0,0.14,7.42,70.09,78.5,6.07,44.44,62.96,26.32,42.11,37.93,56.9
2025-10-19,15,12,2025-10-19 20:30:00,5,BTS西予開設10周年記念,2,4398,船岡 洋一郎,1,38,51.5,0,0,0.14,6.79,52.89,69.42,8,66.67,88.89,23.81,33.33,25.42,45.76
2025-10-19,15,12,2025-10-19 20:30:00,5,BTS西予開設10周年記念,3,3952,中澤 和志,1,49,51.5,1,0,0.13,7.12,58.46,76.92,6.75,52.5,65,15.79,36.84,37.7,57.38
2025-10-19,15,12,2025-10-19 20:30:00,5,BTS西予開設10周年記念,4,4772,石丸 海渡,1,32,55.1,1,0,0.11,6.38,49.11,64.29,6.57,51.43,65.71,34.48,48.28,14.81,35.19
2025-10-19,15,12,2025-10-19 20:30:00,5,BTS西予開設10周年記念,5,4759,今泉 友吾,1,35,51.5,0,0,0.16,7.22,55.24,76.19,8.14,71.43,71.43,33.33,48.15,29.09,56.36
2025-10-19,15,12,2025-10-19 20:30:00,5,BTS西予開設10周年記念,6,5221,竹間 隆晟,1,24,52.1,0,0,0.16,6.61,47.19,65.17,0,0,0,42.86,71.43,37.5,57.14
2025-10-19,17,1,2025-10-19 10:17:00,5,第16回サクラオB&D杯,1,4603,谷川 将太,2,37,52.3,1,0,0.14,5.37,31.68,55.45,4.13,21.88,34.38,0,0,0,0
2025-10-19,17,1,2025-10-19 10:17:00,5,第16回サクラオB&D杯,2,3411,池上 隆行,3,56,52,0,0,0.18,3.65,15.46,23.71,4.21,21.1,26.61,0,0,0,0
2025-10-19,17,1,2025-10-19 10:17:00,5,第16回サクラオB&D杯,3,4182,吉田 和仁,3,42,56.1,1,0,0.16,4.13,15.66,34.94,4.05,16.22,29.73,0,0,0,0
2025-10-19,17,1,2025-10-19 10:17:00,5,第16回サクラオB&D杯,4,3381,滝沢 芳行,3,57,53.4,0,0,0.16,5.05,28.18,45.45,5.43,42.86,57.14,0,0,0,0
2025-10-19,17,1,2025-10-19 10:17:00,5,第16回サクラオB&D杯,5,4965,福岡 泉水,3,28,51.5,0,0,0.19,4.25,23.33,40,4.45,27.27,36.36,0,0,0,0
2025-10-19,17,1,2025-10-19 10:17:00,5,第16回サクラオB&D杯,6,5338,香月 大輝,3,25,53.3,1,0,0.16,2.79,5.48,17.81,0,0,0,0,0,0,0
2025-10-19,17,2,2025-10-19 10:45:00,5,第16回サクラオB&D杯,1,3663,木山 和幸,3,55,51.5,0,0,0.17,5.4,34.71,54.55,5.45,38.46,55.38,0,0,0,0
2025-10-19,17,2,2025-10-19 10:45:00,5,第16回サクラオB&D杯,2,4592,小林 孝弘,3,44,52,0,0,0.17,4.71,23.4,44.68,4.58,26.32,42.11,0,0,0,0
2025-10-19,17,2,2025-10-19 10:45:00,5,第16回サクラオB&D杯,3,4429,豊田 泰洋,3,40,57.7,0,0,0.19,4.13,17.8,37.29,4.52,25.18,36.69,0,0,0,0
2025-10-19,17,2,2025-10-19 10:45:00,5,第16回サクラオB&D杯,4,3989,熊本 英一,3,47,59.5,0,0,0.21,3.92,15.91,32.95,4.42,8.33,58.33,0,0,0,0
2025-10-19,17,2,2025-10-19 10:45:00,5,第16回サクラオB&D杯,5,4404,岸蔭 亮,3,40,52.7,0,0,0.2,3.91,22.86,37.14,4.21,26.32,36.84,0,0,0,0
2025-10-19,17,2,2025-10-19 10:45:00,5,第16回サクラオB&D杯,6,3602,奥平 拓也,3,55,52.7,0,0,0.17,4.96,32.22,45.56,5.05,35,50,0,0,0,0
2025-10-19,17,3,2025-10-19 11:14:00,5,第16回サクラオB&D杯,1,4953,尾上 雅也,1,30,52,0,0,0.16,6.79,52,68.8,5.59,27.59,48.28,0,0,0,0
2025-10-19,17,3,2025-10-19 11:14:00,5,第16回サクラオB&D杯,2,5299,西丸 敦基,3,23,52,1,0,0.16,4.72,23.08,46.15,3.64,16.67,27.78,0,0,0,0
2025-10-19,17,3,2025-10-19 11:14:00,5,第16回サクラオB&D杯,3,3841,佐々木 和伸,2,49,53,0,0,0.17,6.05,46.92,63.08,4.93,28.57,42.86,0,0,0,0
2025-10-19,17,3,2025-10-19 11:14:00,5,第16回サクラオB&D杯,4,4286,平田 さやか,2,41,47.9,0,0,0.16,5.55,33.33,53.62,5.4,40,52,0,0,0,0
2025-10-19,17,3,2025-10-19 11:14:00,5,第16回サクラオB&D杯,5,4055,吉田 俊彦,2,47,52,0,0,0.15,6.78,53.54,70.87,6.3,50,70,0,0,0,0
2025-10-19,17,3,2025-10-19 11:14:00,5,第16回サクラオB&D杯,6,3508,久富 政弘,3,54,54.8,0,0,0.21,4.55,26.96,42.61,5.78,44.44,55.56,0,0,0,0
2025-10-19,17,4,2025-10-19 11:43:00,5,第16回サクラオB&D杯,1,3442,宮武 英司,3,56,55.6,0,0,0.17,5.03,29.06,47.01,6.55,45.45,72.73,0,0,0,0
2025-10-19,17,4,2025-10-19 11:43:00,5,第16回サクラオB&D杯,2,4496,内堀 学,1,38,52,0,0,0.18,5.81,43.18,62.5,0,0,0,0,0,0,0
2025-10-19,17,4,2025-10-19 11:43:00,5,第16回サクラオB&D杯,3,3995,重野 哲之,1,46,53.6,0,0,0.13,6.57,50.86,70.69,7.2,60,70,0,0,0,0
2025-10-19,17,4,2025-10-19 11:43:00,5,第16回サクラオB&D杯,4,4435,服部 達哉,3,39,53.6,1,0,0.19,5.14,30.11,49.46,4.11,22.22,33.33,0,0,0,0
2025-10-19,17,4,2025-10-19 11:43:00,5,第16回サクラオB&D杯,5,5259,野田 昇吾,3,32,56.6,1,0,0.18,3.5,15.31,27.55,0,0,0,0,0,0,0
2025-10-19,17,4,2025-10-19 11:43:00,5,第16回サクラオB&D杯,6,3661,柳瀬 興志,2,56,57.7,0,0,0.18,4.9,25.22,46.09,5.17,30.56,50,0,0,0,0
2025-10-19,17,5,2025-10-19 12:13:00,5,第16回サクラオB&D杯,1,4778,堤 啓輔,3,39,52,1,0,0.17,4.87,33.33,42.86,4.37,15.79,36.84,0,0,0,0
2025-10-19,17,5,2025-10-19 12:13:00,5,第16回サクラオB&D杯,2,4278,藤岡 俊介,1,42,52,0,0,0.12,7.02,51.13,73.68,7.17,55.56,72.22,0,0,0,0
2025-10-19,17,5,2025-10-19 12:13:00,5,第16回サクラオB&D杯,3,3896,上田 洋平,3,49,51,0,0,0.17,5.03,30.65,48.39,5.45,30,60,0,0,0,0
2025-10-19,17,5,2025-10-19 12:13:00,5,第16回サクラオB&D杯,4,3711,江本 真治,2,51,53.3,0,0,0.16,6.24,45.38,65.38,6.37,47.37,78.95,0,0,0,0
2025-10-19,17,5,2025-10-19 12:13:00,5,第16回サクラオB&D杯,5,3265,今村 暢孝,1,60,52,0,0,0.15,6.41,50,68.18,6.47,49.09,69.09,0,0,0,0
2025-10-19,17,5,2025-10-19 12:13:00,5,第16回サクラオB&D杯,6,5365,石村 日奈那,4,24,46,0,0,0.24,2.1,0,4.76,0,0,0,0,0,0,0
2025-10-19,17,6,2025-10-19 12:39:00,5,第16回サクラオB&D杯,1,4450,平高 奈菜,1,38,47.1,1,0,0.15,5.99,34.48,56.32,6.64,40,80,0,0,0,0
2025-10-19,17,6,2025-10-19 12:39:00,5,第16回サクラオB&D杯,2,4965,福岡 泉水,3,28,51.5,0,0,0.19,4.25,23.33,40,4.45,27.27,36.36,0,0,0,0
2025-10-19,17,6,2025-10-19 12:39:00,5,第16回サクラオB&D杯,3,4347,魚谷 香織,2,40,46,1,0,0.16,5.95,43.75,64.58,6.52,41.38,68.97,0,0,0,0
2025-10-19,17,6,2025-10-19 12:39:00,5,第16回サクラオB&D杯,4,4758,富樫 麗加,3,35,53,0,0,0.19,6.1,42.17,63.86,6.35,41.18,64.71,0,0,0,0
2025-10-19,17,6,2025-10-19 12:39:00,5,第16回サクラオB&D杯,5,4947,間庭 菜摘,3,33,47.8,0,0,0.19,4.74,21.21,45.45,4.8,25,45,0,0,0,0
2025-10-19,17,6,2025-10-19 12:39:00,5,第16回サクラオB&D杯,6,4473,藤堂 里香,2,38,46,2,0,0.15,5.84,41.46,57.32,6.38,48.65,67.57,0,0,0,0
2025-10-19,17,7,2025-10-19 13:11:00,5,第16回サクラオB&D杯,1,4404,岸蔭 亮,3,40,52.7,0,0,0.2,3.91,22.86,37.14,4.21,26.32,36.84,0,0,0,0
2025-10-19,17,7,2025-10-19 13:11:00,5,第16回サクラオB&D杯,2,3654,武田 光史,1,52,51.5,1,0,0.17,7.11,56.73,75.96,8.12,76.47,88.24,0,0,0,0
2025-10-19,17,7,2025-10-19 13:11:00,5,第16回サクラオB&D杯,3,3998,冨成 謙児,3,46,52.8,0,0,0.17,4.1,19.59,38.14,4.41,17.95,43.59,0,0,0,0
2025-10-19,17,7,2025-10-19 13:11:00,5,第16回サクラオB&D杯,4,5299,西丸 敦基,3,23,52,1,0,0.16,4.72,23.08,46.15,3.64,16.67,27.78,0,0,0,0
2025-10-19,17,7,2025-10-19 13:11:00,5,第16回サクラオB&D杯,5,4182,吉田 和仁,3,42,56.1,1,0,0.16,4.13,15.66,34.94,4.05,16.22,29.73,0,0,0,0
2025-10-19,17,7,2025-10-19 13:11:00,5,第16回サクラオB&D杯,6,4345,西舘 健,2,40,54.6,1,0,0.16,5.71,36.14,57.83,5.63,33.33,63.33,0,0,0,0
2025-10-19,17,8,2025-10-19 13:35:00,5,第16回サクラオB&D杯,1,4359,横川 聖志,3,41,56.1,1,0,0.13,5.69,38.89,57.78,4.77,30,53.33,0,0,0,0
2025-10-19,17,8,2025-10-19 13:35:00,5,第16回サクラオB&D杯,2,5026,安河内 健,1,30,54.6,1,0,0.15,6.05,42.73,58.18,5.13,46.67,46.67,0,0,0,0
2025-10-19,17,8,2025-10-19 13:35:00,5,第16回サクラオB&D杯,3,4055,吉田 俊彦,2,47,52,0,0,0.15,6.78,53.54,70.87,6.3,50,70,0,0,0,0
2025-10-19,17,8,2025-10-19 13:35:00,5,第16回サクラオB&D杯,4,3602,奥平 拓也,3,55,52.7,0,0,0.17,4.96,32.22,45.56,5.05,35,50,0,0,0,0
2025-10-19,17,8,2025-10-19 13:35:00,5,第16回サクラオB&D杯,5,5338,香月 大輝,3,25,53.3,1,0,0.16,2.79,5.48,17.81,0,0,0,0,0,0,0
2025-10-19,17,8,2025-10-19 13:35:00,5,第16回サクラオB&D杯,6,3212,亀本 勇樹,3,63,58.1,0,0,0.17,4.53,20.55,41.1,4.85,30.23,40.7,0,0,0,0
2025-10-19,17,9,2025-10-19 14:01:00,5,第16回サクラオB&D杯,1,4648,木村 亮太,3,41,52.5,0,0,0.15,4.66,20,45.26,4.47,26.67,40,0,0,0,0
2025-10-19,17,9,2025-10-19 14:01:00,5,第16回サクラオB&D杯,2,4286,平田 さやか,2,41,48.1,0,0,0.16,5.55,33.33,53.62,5.4,40,52,0,0,0,0
2025-10-19,17,9,2025-10-19 14:01:00,5,第16回サクラオB&D杯,3,3989,熊本 英一,3,47,59.1,0,0,0.21,3.92,15.91,32.95,4.42,8.33,58.33,0,0,0,0
2025-10-19,17,9,2025-10-19 14:01:00,5,第16回サクラオB&D杯,4,3661,柳瀬 興志,2,56,57.6,0,0,0.18,4.9,25.22,46.09,5.17,30.56,50,0,0,0,0
2025-10-19,17,9,2025-10-19 14:01:00,5,第16回サクラオB&D杯,5,4369,丹下 将,1,39,56.6,0,0,0.17,5.79,43.24,54.95,6.33,46.51,62.79,0,0,0,0
2025-10-19,17,9,2025-10-19 14:01:00,5,第16回サクラオB&D杯,6,3411,池上 隆行,3,56,51.5,0,0,0.18,3.65,15.46,23.71,4.21,21.1,26.61,0,0,0,0
2025-10-19,17,10,2025-10-19 14:30:00,5,第16回サクラオB&D杯,1,3711,江本 真治,2,51,53.3,0,0,0.16,6.24,45.38,65.38,6.37,47.37,78.95,0,0,0,0
2025-10-19,17,10,2025-10-19 14:30:00,5,第16回サクラオB&D杯,2,3508,久富 政弘,3,54,54.8,0,0,0.21,4.55,26.96,42.61,5.78,44.44,55.56,0,0,0,0
2025-10-19,17,10,2025-10-19 14:30:00,5,第16回サクラオB&D杯,3,3381,滝沢 芳行,3,57,53.4,0,0,0.16,5.05,28.18,45.45,5.43,42.86,57.14,0,0,0,0
2025-10-19,17,10,2025-10-19 14:30:00,5,第16回サクラオB&D杯,4,4171,榎 幸司,1,43,52.5,0,0,0.17,6.14,42.97,60.94,6.75,52.08,62.5,0,0,0,0
2025-10-19,17,10,2025-10-19 14:30:00,5,第16回サクラオB&D杯,5,3663,木山 和幸,3,55,51.5,0,0,0.17,5.4,34.71,54.55,5.45,38.46,55.38,0,0,0,0
2025-10-19,17,10,2025-10-19 14:30:00,5,第16回サクラオB&D杯,6,4435,服部 達哉,3,39,53.6,1,0,0.19,5.14,30.11,49.46,4.11,22.22,33.33,0,0,0,0
2025-10-19,17,11,2025-10-19 14:55:00,5,第16回サクラオB&D杯,1,3265,今村 暢孝,1,60,52,0,0,0.15,6.41,50,68.18,6.47,49.09,69.09,0,0,0,0
2025-10-19,17,11,2025-10-19 14:55:00,5,第16回サクラオB&D杯,2,4163,山崎 裕司,2,43,52,0,0,0.18,5.95,43.17,61.87,5.99,45.83,63.33,0,0,0,0
2025-10-19,17,11,2025-10-19 14:55:00,5,第16回サクラオB&D杯,3,4473,藤堂 里香,2,38,46,2,0,0.15,5.84,41.46,57.32,6.38,48.65,67.57,0,0,0,0
2025-10-19,17,11,2025-10-19 14:55:00,5,第16回サクラオB&D杯,4,3841,佐々木 和伸,2,49,53,0,0,0.17,6.05,46.92,63.08,4.93,28.57,42.86,0,0,0,0
2025-10-19,17,11,2025-10-19 14:55:00,5,第16回サクラオB&D杯,5,4603,谷川 将太,2,37,52.3,1,0,0.14,5.37,31.68,55.45,4.13,21.88,34.38,0,0,0,0
2025-10-19,17,11,2025-10-19 14:55:00,5,第16回サクラオB&D杯,6,4496,内堀 学,1,38,52,0,0,0.18,5.81,43.18,62.5,0,0,0,0,0,0,0
2025-10-19,17,12,2025-10-19 15:27:00,5,第16回サクラオB&D杯,1,3654,武田 光史,1,52,51.5,1,0,0.17,7.11,56.73,75.96,8.12,76.47,88.24,0,0,0,0
2025-10-19,17,12,2025-10-19 15:27:00,5,第16回サクラオB&D杯,2,3995,重野 哲之,1,46,53.6,0,0,0.13,6.57,50.86,70.69,7.2,60,70,0,0,0,0
2025-10-19,17,12,2025-10-19 15:27:00,5,第16回サクラオB&D杯,3,4278,藤岡 俊介,1,42,52,0,0,0.12,7.02,51.13,73.68,7.17,55.56,72.22,0,0,0,0
2025-10-19,17,12,2025-10-19 15:27:00,5,第16回サクラオB&D杯,4,4450,平高 奈菜,1,38,47.1,1,0,0.15,5.99,34.48,56.32,6.64,40,80,0,0,0,0
2025-10-19,17,12,2025-10-19 15:27:00,5,第16回サクラオB&D杯,5,4953,尾上 雅也,1,30,52,0,0,0.16,6.79,52,68.8,5.59,27.59,48.28,0,0,0,0
2025-10-19,17,12,2025-10-19 15:27:00,5,第16回サクラオB&D杯,6,5026,安河内 健,1,30,54.6,1,0,0.15,6.05,42.73,58.18,5.13,46.67,46.67,0,0,0,0
2025-10-19,22,1,2025-10-19 11:03:00,5,A1チャレンジカップ マンスリーBOATRACE杯,1,4899,占部 一真,3,33,52,0,0,0.17,4.52,28.26,38.04,4.92,32.65,44.9,28.99,44.2,42.86,54.62
2025-10-19,22,1,2025-10-19 11:03:00,5,A1チャレンジカップ マンスリーBOATRACE杯,2,5133,堀越 雄貴,3,26,52.4,0,0,0.17,4.83,26.67,47.62,0,0,0,26.47,36.76,35.66,54.26
2025-10-19,22,1,2025-10-19 11:03:00,5,A1チャレンジカップ マンスリーBOATRACE杯,3,4715,村上 遼,1,33,52,0,0,0.13,6.73,51.43,62.86,7,56.25,71.88,28.07,42.98,34.92,50.79
2025-10-19,22,1,2025-10-19 11:03:00,5,A1チャレンジカップ マンスリーBOATRACE杯,4,5212,西川 拓利,3,27,53.6,0,0,0.16,5.22,33.33,54.55,3.46,15.56,28.89,34.97,54.55,43.61,59.4
2025-10-19,22,1,2025-10-19 11:03:00,5,A1チャレンジカップ マンスリーBOATRACE杯,5,5294,豊田 祥生,3,23,50.5,0,0,0.17,3.7,19.05,25.71,0,0,0,29.46,43.75,42.52,58.27
2025-10-19,22,1,2025-10-19 11:03:00,5,A1チャレンジカップ マンスリーBOATRACE杯,6,5409,宮本 琉正,4,20,55.2,1,0,,1.43,0,1.59,1.44,0,0,30.36,42.86,23.64,44.55
2025-10-19,22,2,2025-10-19 11:33:00,5,A1チャレンジカップ マンスリーBOATRACE杯,1,4567,上村 慎太郎,3,37,51.5,0,0,0.23,3.47,10.17,23.73,3.64,10.71,17.86,30.37,47.41,35.07,50.75
2025-10-19,22,2,2025-10-19 11:33:00,5,A1チャレンジカップ マンスリーBOATRACE杯,2,5179,藤本 元輝,3,28,53.3,0,0,0.17,4.61,29.35,41.3,2.8,20,20,32.6,49.17,39.37,57.48
2025-10-19,22,2,2025-10-19 11:33:00,5,A1チャレンジカップ マンスリーBOATRACE杯,3,4727,安部 慎一,3,38,54.1,0,0,0.16,4.86,27.78,42.22,4.74,31.82,42.42,31.5,49.61,22.33,35.92
2025-10-19,22,2,2025-10-19 11:33:00,5,A1チャレンジカップ マンスリーBOATRACE杯,4,3908,重成 一人,1,47,55.4,0,0,0.14,6.89,46.62,63.91,7.86,51.72,86.21,41.61,54.01,34.91,51.89
2025-10-19,22,2,2025-10-19 11:33:00,5,A1チャレンジカップ マンスリーBOATRACE杯,5,5223,森清 友翔,3,24,54.1,0,0,0.2,4.3,21.21,34.34,3.4,11.32,18.87,30,46.43,32.52,49.59
2025-10-19,22,2,2025-10-19 11:33:00,5,A1チャレンジカップ マンスリーBOATRACE杯,6,5076,石原 光,3,29,53.9,0,0,0.18,5.3,34.48,48.28,0,0,0,30.94,46.76,26.96,45.22
2025-10-19,22,3,2025-10-19 12:03:00,5,A1チャレンジカップ マンスリーBOATRACE杯,1,4723,寺島 吉彦,3,39,50,1,0,0.17,4.65,26.09,43.48,5.5,30,60,37.3,58.73,28.81,46.61
2025-10-19,22,3,2025-10-19 12:03:00,5,A1チャレンジカップ マンスリーBOATRACE杯,2,5127,沼田 大都,3,29,51.5,0,0,0.19,4.66,19.82,46.85,3.9,20,30,29.45,45.89,34.23,51.35
2025-10-19,22,3,2025-10-19 12:03:00,5,A1チャレンジカップ マンスリーBOATRACE杯,3,4638,小林 遼太,3,35,53.8,0,0,0.19,4.83,28.44,43.12,4.51,25.32,43.04,29.57,51.3,36.07,57.38
2025-10-19,22,3,2025-10-19 12:03:00,5,A1チャレンジカップ マンスリーBOATRACE杯,4,4864,小川 日紀太,3,36,52.5,0,0,0.16,4.36,26.32,36.84,4.64,24,42,35.66,52.45,30.36,45.54
2025-10-19,22,3,2025-10-19 12:03:00,5,A1チャレンジカップ マンスリーBOATRACE杯,5,4064,原田 篤志,1,45,52,0,0,0.17,7.27,58.54,79.67,0,0,0,30.59,47.65,31.62,47.01
2025-10-19,22,3,2025-10-19 12:03:00,5,A1チャレンジカップ マンスリーBOATRACE杯,6,5352,西岡 蒼志,3,21,53.5,0,0,0.18,4.28,15.79,33.68,3,0,11.11,31.88,45.65,25.64,41.88
2025-10-19,22,4,2025-10-19 12:33:00,5,A1チャレンジカップ マンスリーBOATRACE杯,1,4952,吉武 真也,3,31,52.8,0,0,0.19,4.28,20.22,41.57,4.47,14.55,43.64,26.57,43.36,28.44,39.45
2025-10-19,22,4,2025-10-19 12:33:00,5,A1チャレンジカップ マンスリーBOATRACE杯,2,5034,若林 義人,1,27,54.2,0,0,0.14,6.63,50.37,68.15,7.65,70.59,82.35,40.6,59.4,28.23,41.13
2025-10-19,22,4,2025-10-19 12:33:00,5,A1チャレンジカップ マンスリーBOATRACE杯,3,4747,山戸 信二,3,40,51.5,0,0,0.17,3.99,17.17,31.31,3.63,17.5,20,45.45,61.54,41.98,61.83
2025-10-19,22,4,2025-10-19 12:33:00,5,A1チャレンジカップ マンスリーBOATRACE杯,4,4982,中村 将隆,3,29,54.4,0,0,0.17,5.09,32.47,50.65,0,0,0,17.86,40.18,33.88,47.93
2025-10-19,22,4,2025-10-19 12:33:00,5,A1チャレンジカップ マンスリーBOATRACE杯,5,5307,富永 夏哉人,3,22,50,1,0,0.18,4.96,29.41,48.24,3.8,20,30,30,48.33,33.33,50.88
2025-10-19,22,4,2025-10-19 12:33:00,5,A1チャレンジカップ マンスリーBOATRACE杯,6,5337,出畑 孝成,3,19,54,0,0,0.17,2.58,4.76,10.71,2.54,8.89,16.67,32.17,48.25,36.13,49.58
2025-10-19,22,5,2025-10-19 13:00:00,5,A1チャレンジカップ マンスリーBOATRACE杯,1,4918,川島 拓郎,3,36,53,0,0,0.15,4.81,25.22,46.09,5.05,25,55,29.09,44.24,32.31,50
2025-10-19,22,5,2025-10-19 13:00:00,5,A1チャレンジカップ マンスリーBOATRACE杯,2,5131,江藤 敦宏,3,26,52.4,0,0,0.18,3.8,16.3,26.09,3.78,18.06,23.61,31.78,55.81,38.39,56.25
2025-10-19,22,5,2025-10-19 13:00:00,5,A1チャレンジカップ マンスリーBOATRACE杯,3,5178,成貞 琳平,3,29,53.1,0,0,0.21,3.75,13.56,29.66,4.21,21.43,32.14,15.45,37.27,33.87,46.77
2025-10-19,22,5,2025-10-19 13:00:00,5,A1チャレンジカップ マンスリーBOATRACE杯,4,4932,新開 航,1,29,52,0,0,0.15,6.7,44.35,58.26,7.13,58.97,69.23,31.88,50,42.86,55.56
2025-10-19,22,5,2025-10-19 13:00:00,5,A1チャレンジカップ マンスリーBOATRACE杯,5,5071,野見山 拓己,3,31,52.1,0,0,0.16,4.88,25.58,48.84,5.44,35.62,54.79,12.09,26.37,30.77,46.92
2025-10-19,22,5,2025-10-19 13:00:00,5,A1チャレンジカップ マンスリーBOATRACE杯,6,5407,中岡 駿,4,20,52.5,1,0,,1.62,1.67,5,0,0,0,37.41,53.24,33.9,50.85
2025-10-19,22,6,2025-10-19 13:27:00,5,A1チャレンジカップ マンスリーBOATRACE杯,1,5237,永松 良教,3,26,54.9,0,0,0.18,4.47,24.36,43.59,3.48,19.72,33.8,27.91,39.53,29.63,46.3
2025-10-19,22,6,2025-10-19 13:27:00,5,A1チャレンジカップ マンスリーBOATRACE杯,2,4497,桑原 悠,1,38,52.3,2,0,0.13,6.41,42.05,62.5,7.39,55.56,66.67,22.81,41.23,26.72,45.69
2025-10-19,22,6,2025-10-19 13:27:00,5,A1チャレンジカップ マンスリーBOATRACE杯,3,5262,鈴木 章司,3,27,52.1,1,0,0.19,3.85,13.1,32.14,4.4,20,43.33,35.15,48.48,36.72,56.25
2025-10-19,22,6,2025-10-19 13:27:00,5,A1チャレンジカップ マンスリーBOATRACE杯,4,4438,森作 雄大,3,39,52.9,1,0,0.13,5.73,44.79,57.29,4.74,26.32,47.37,44.78,61.94,35.61,56.82
2025-10-19,22,6,2025-10-19 13:27:00,5,A1チャレンジカップ マンスリーBOATRACE杯,5,5270,小玉 啓太,3,24,52.4,1,0,0.16,3.52,10.39,27.27,2.23,3.13,9.38,21.78,32.67,26.61,50.81
2025-10-19,22,6,2025-10-19 13:27:00,5,A1チャレンジカップ マンスリーBOATRACE杯,6,4684,楠原 翔太,3,34,54.2,0,0,0.18,5.44,33.65,51.92,5.59,37.5,52.5,30.95,49.21,44.72,62.6
2025-10-19,22,7,2025-10-19 13:55:00,5,A1チャレンジカップ マンスリーBOATRACE杯,1,5186,遠藤 圭吾,3,25,53.8,1,0,0.17,4,18.18,35.23,0,0,0,35.76,49.01,24.56,44.74
2025-10-19,22,7,2025-10-19 13:55:00,5,A1チャレンジカップ マンスリーBOATRACE杯,2,5223,森清 友翔,3,24,54.1,0,0,0.2,4.3,21.21,34.34,3.4,11.32,18.87,30,46.43,32.52,49.59
2025-10-19,22,7,2025-10-19 13:55:00,5,A1チャレンジカップ マンスリーBOATRACE杯,3,5011,高木 圭大,4,28,53,0,0,0.2,3.85,16.47,31.76,4.23,7.69,38.46,25.17,38.41,30.65,45.16
2025-10-19,22,7,2025-10-19 13:55:00,5,A1チャレンジカップ マンスリーBOATRACE杯,4,4269,杉山 裕也,1,40,52.8,0,0,0.15,7.09,57.26,72.58,6.19,32.26,61.29,35.04,50.36,31.09,46.22
2025-10-19,22,7,2025-10-19 13:55:00,5,A1チャレンジカップ マンスリーBOATRACE杯,5,5409,宮本 琉正,4,20,55.2,1,0,,1.43,0,1.59,1.44,0,0,30.36,42.86,23.64,44.55
2025-10-19,22,7,2025-10-19 13:55:00,5,A1チャレンジカップ マンスリーBOATRACE杯,6,4148,枝尾 賢,4,43,52,1,0,0.17,5.38,33.98,52.43,7.47,55.81,86.05,40.91,54.55,40.32,54.03
2025-10-19,22,8,2025-10-19 14:23:00,5,A1チャレンジカップ マンスリーBOATRACE杯,1,4875,大塚 康雅,3,31,51.5,1,0,0.18,4.71,31.63,39.8,5.22,40.74,48.15,27.33,44.72,22,43
2025-10-19,22,8,2025-10-19 14:23:00,5,A1チャレンジカップ マンスリーBOATRACE杯,2,4715,村上 遼,1,33,52,0,0,0.13,6.73,51.43,62.86,7,56.25,71.88,28.07,42.98,34.92,50.79
2025-10-19,22,8,2025-10-19 14:23:00,5,A1チャレンジカップ マンスリーBOATRACE杯,3,4864,小川 日紀太,3,36,52.5,0,0,0.16,4.36,26.32,36.84,4.64,24,42,35.66,52.45,30.36,45.54
2025-10-19,22,8,2025-10-19 14:23:00,5,A1チャレンジカップ マンスリーBOATRACE杯,4,5033,藤原 孝斗,3,27,55.4,0,0,0.18,3.79,17.65,28.24,3.89,21.05,21.05,32.09,50.75,29.84,50.81
2025-10-19,22,8,2025-10-19 14:23:00,5,A1チャレンジカップ マンスリーBOATRACE杯,5,5244,黒田 剛,3,25,52,0,0,0.17,3.64,11.11,28.89,2.85,9.26,20.37,32.89,51.97,30.63,42.34
2025-10-19,22,8,2025-10-19 14:23:00,5,A1チャレンジカップ マンスリーBOATRACE杯,6,5179,藤本 元輝,3,28,53.3,0,0,0.17,4.61,29.35,41.3,2.8,20,20,32.6,49.17,39.37,57.48
2025-10-19,22,9,2025-10-19 14:52:00,5,A1チャレンジカップ マンスリーBOATRACE杯,1,4638,小林 遼太,3,35,53.8,0,0,0.19,4.83,28.44,43.12,4.51,25.32,43.04,29.57,51.3,36.07,57.38
2025-10-19,22,9,2025-10-19 14:52:00,5,A1チャレンジカップ マンスリーBOATRACE杯,2,5321,一色 颯輝,3,23,55,0,0,0.18,4.85,31.51,42.47,0,0,0,34.18,52.53,36.89,52.46
2025-10-19,22,9,2025-10-19 14:52:00,5,A1チャレンジカップ マンスリーBOATRACE杯,3,4567,上村 慎太郎,3,37,51.5,0,0,0.23,3.47,10.17,23.73,3.64,10.71,17.86,30.37,47.41,35.07,50.75
2025-10-19,22,9,2025-10-19 14:52:00,5,A1チャレンジカップ マンスリーBOATRACE杯,4,4899,占部 一真,3,33,52,0,0,0.17,4.52,28.26,38.04,4.92,32.65,44.9,28.99,44.2,42.86,54.62
2025-10-19,22,9,2025-10-19 14:52:00,5,A1チャレンジカップ マンスリーBOATRACE杯,5,5337,出畑 孝成,3,19,54,0,0,0.17,2.58,4.76,10.71,2.54,8.89,16.67,32.17,48.25,36.13,49.58
2025-10-19,22,9,2025-10-19 14:52:00,5,A1チャレンジカップ マンスリーBOATRACE杯,6,4295,小坂 尚哉,1,39,53.2,1,0,0.13,6.46,50,67.46,0,0,0,31.69,45.77,31.2,48.8
2025-10-19,22,10,2025-10-19 15:22:00,5,A1チャレンジカップ マンスリーBOATRACE杯,1,3908,重成 一人,1,47,55.4,0,0,0.14,6.89,46.62,63.91,7.86,51.72,86.21,41.61,54.01,34.91,51.89
2025-10-19,22,10,2025-10-19 15:22:00,5,A1チャレンジカップ マンスリーBOATRACE杯,2,5307,富永 夏哉人,3,22,50,1,0,0.18,4.96,29.41,48.24,3.8,20,30,30,48.33,33.33,50.88
2025-10-19,22,10,2025-10-19 15:22:00,5,A1チャレンジカップ マンスリーBOATRACE杯,3,4723,寺島 吉彦,3,39,50,1,0,0.17,4.65,26.09,43.48,5.5,30,60,37.3,58.73,28.81,46.61
2025-10-19,22,10,2025-10-19 15:22:00,5,A1チャレンジカップ マンスリーBOATRACE杯,4,5237,永松 良教,3,26,54.9,0,0,0.18,4.47,24.36,43.59,3.48,19.72,33.8,27.91,39.53,29.63,46.3
2025-10-19,22,10,2025-10-19 15:22:00,5,A1チャレンジカップ マンスリーBOATRACE杯,5,4918,川島 拓郎,3,36,53,0,0,0.15,4.81,25.22,46.09,5.05,25,55,29.09,44.24,32.31,50
2025-10-19,22,10,2025-10-19 15:22:00,5,A1チャレンジカップ マンスリーBOATRACE杯,6,5212,西川 拓利,3,27,53.6,0,0,0.16,5.22,33.33,54.55,3.46,15.56,28.89,34.97,54.55,43.61,59.4
2025-10-19,22,11,2025-10-19 15:55:00,5,A1チャレンジカップ マンスリーBOATRACE杯,1,4064,原田 篤志,1,45,52,0,0,0.17,7.27,58.54,79.67,0,0,0,30.59,47.65,31.62,47.01
2025-10-19,22,11,2025-10-19 15:55:00,5,A1チャレンジカップ マンスリーBOATRACE杯,2,5071,野見山 拓己,3,31,52.1,0,0,0.16,4.88,25.58,48.84,5.44,35.62,54.79,12.09,26.37,30.77,46.92
2025-10-19,22,11,2025-10-19 15:55:00,5,A1チャレンジカップ マンスリーBOATRACE杯,3,4684,楠原 翔太,3,34,54.2,0,0,0.18,5.44,33.65,51.92,5.59,37.5,52.5,30.95,49.21,44.72,62.6
2025-10-19,22,11,2025-10-19 15:55:00,5,A1チャレンジカップ マンスリーBOATRACE杯,4,4661,中島 昂章,3,33,52,0,0,0.21,4.4,22.08,38.96,5.61,28.57,53.57,29.03,49.19,34.38,46.88
2025-10-19,22,11,2025-10-19 15:55:00,5,A1チャレンジカップ マンスリーBOATRACE杯,5,5133,堀越 雄貴,3,26,52.4,0,0,0.17,4.83,26.67,47.62,0,0,0,26.47,36.76,35.66,54.26
2025-10-19,22,11,2025-10-19 15:55:00,5,A1チャレンジカップ マンスリーBOATRACE杯,6,4727,安部 慎一,3,38,54.1,0,0,0.16,4.86,27.78,42.22,4.74,31.82,42.42,31.5,49.61,22.33,35.92
2025-10-19,22,12,2025-10-19 16:30:00,5,A1チャレンジカップ マンスリーBOATRACE杯,1,4932,新開 航,1,29,51.5,0,0,0.15,6.7,44.35,58.26,7.13,58.97,69.23,31.88,50,42.86,55.56
2025-10-19,22,12,2025-10-19 16:30:00,5,A1チャレンジカップ マンスリーBOATRACE杯,2,4982,中村 将隆,3,29,54.8,0,0,0.17,5.09,32.47,50.65,0,0,0,17.86,40.18,33.88,47.93
2025-10-19,22,12,2025-10-19 16:30:00,5,A1チャレンジカップ マンスリーBOATRACE杯,3,4148,枝尾 賢,4,43,51.5,1,0,0.17,5.38,33.98,52.43,7.47,55.81,86.05,40.91,54.55,40.32,54.03
2025-10-19,22,12,2025-10-19 16:30:00,5,A1チャレンジカップ マンスリーBOATRACE杯,4,5076,石原 光,3,29,53.7,0,0,0.18,5.3,34.48,48.28,0,0,0,30.94,46.76,26.96,45.22
2025-10-19,22,12,2025-10-19 16:30:00,5,A1チャレンジカップ マンスリーBOATRACE杯,5,5127,沼田 大都,3,29,51,0,0,0.19,4.66,19.82,46.85,3.9,20,30,29.45,45.89,36.59,52.85
2025-10-19,22,12,2025-10-19 16:30:00,5,A1チャレンジカップ マンスリーBOATRACE杯,6,4438,森作 雄大,3,39,52.9,1,0,0.13,5.73,44.79,57.29,4.74,26.32,47.37,44.78,61.94,32.03,53.91
