race_date,stadium_number,race_number,race_closed_at,race_grade_number,race_title,boat_number,racer_number,racer_name,racer_class_number,racer_age,racer_weight,racer_flying_count,racer_late_count,racer_average_start_timing,racer_national_top_1_percent,racer_national_top_2_percent,racer_national_top_3_percent,racer_local_top_1_percent,racer_local_top_2_percent,racer_local_top_3_percent,racer_assigned_motor_top_2_percent,racer_assigned_motor_top_3_percent,racer_assigned_boat_top_2_percent,racer_assigned_boat_top_3_percent
2025-09-29,2,1,2025-09-29 10:47:00,5,第6回日刊大衆杯,1,3928,林 恵祐,3,49,60.4,0,0,0.18,3.47,14.77,23.86,3.61,12.9,32.26,32.56,60.47,41.18,50
2025-09-29,2,1,2025-09-29 10:47:00,5,第6回日刊大衆杯,2,4203,小倉 康典,3,43,51.5,0,0,0.15,4.05,21.52,32.91,4.69,26.23,45.9,25,39.29,37.5,56.25
2025-09-29,2,1,2025-09-29 10:47:00,5,第6回日刊大衆杯,3,4457,神田 達也,3,39,52,0,0,0.17,4.35,22.55,34.31,3.83,16.67,16.67,22.86,31.43,17.39,52.17
2025-09-29,2,1,2025-09-29 10:47:00,5,第6回日刊大衆杯,4,4952,吉武 真也,3,31,52.5,0,0,0.19,4.23,21.43,39.29,4.15,23.08,42.31,40,57.14,25,40.63
2025-09-29,2,1,2025-09-29 10:47:00,5,第6回日刊大衆杯,5,5273,山下 拓巳,3,24,52,0,0,0.18,4.01,27.62,31.43,5.38,31.25,50,48.57,74.29,32.26,58.06
2025-09-29,2,1,2025-09-29 10:47:00,5,第6回日刊大衆杯,6,5385,鈴木 柊介,4,20,54.4,0,0,0.19,1.99,1.19,8.33,1.77,0,0,27.59,48.28,22.58,32.26
2025-09-29,2,2,2025-09-29 11:16:00,5,第6回日刊大衆杯,1,5301,岩下 巧斗,3,22,52,0,0,0.18,4.08,19.51,35.77,3.76,13.16,34.21,31.43,42.86,54.29,77.14
2025-09-29,2,2,2025-09-29 11:16:00,5,第6回日刊大衆杯,2,4346,前田 健太郎,3,40,56.6,0,0,0.19,3.97,28.85,34.62,0,0,0,26.67,50,28.57,42.86
2025-09-29,2,2,2025-09-29 11:16:00,5,第6回日刊大衆杯,3,5135,仲 航太,2,25,53.2,0,0,0.15,5.32,35.14,50.45,3.33,33.33,33.33,28.13,46.88,33.33,51.52
2025-09-29,2,2,2025-09-29 11:16:00,5,第6回日刊大衆杯,4,4918,川島 拓郎,3,36,52,0,0,0.15,4.82,26.4,44.8,3.96,23.4,25.53,39.39,51.52,39.29,60.71
2025-09-29,2,2,2025-09-29 11:16:00,5,第6回日刊大衆杯,5,3741,松尾 基成,3,51,57,0,0,0.19,3.33,14.12,28.24,5.36,28.57,57.14,20.69,24.14,50,73.53
2025-09-29,2,2,2025-09-29 11:16:00,5,第6回日刊大衆杯,6,5345,牧村 俊輝,4,22,52.9,1,0,0.23,2.04,4.05,6.76,0,0,0,23.08,46.15,35.29,47.06
2025-09-29,2,3,2025-09-29 11:45:00,5,第6回日刊大衆杯,1,4035,杉江 浩明,3,46,52,0,0,0.2,3.62,18.49,29.41,3.64,22.22,31.11,55.26,78.95,37.5,50
2025-09-29,2,3,2025-09-29 11:45:00,5,第6回日刊大衆杯,2,4958,溝口 海義也,2,30,54.8,0,0,0.15,5.92,37.98,60.47,6.44,55.56,70.37,31.03,48.28,37.5,59.38
2025-09-29,2,3,2025-09-29 11:45:00,5,第6回日刊大衆杯,3,5242,高山 弘斗,3,25,53.2,0,0,0.2,3.47,15.46,26.8,2.69,13.56,16.95,47.22,75,25,43.75
2025-09-29,2,3,2025-09-29 11:45:00,5,第6回日刊大衆杯,4,3605,中村 守成,3,53,53.7,0,0,0.18,4.43,27.27,36.36,4.15,14.81,40.74,48.84,65.12,29.03,48.39
2025-09-29,2,3,2025-09-29 11:45:00,5,第6回日刊大衆杯,5,3286,坂東 満,3,57,52.4,0,0,0.17,4.51,24.36,43.59,4.43,32.14,35.71,14.29,37.14,44.12,61.76
2025-09-29,2,3,2025-09-29 11:45:00,5,第6回日刊大衆杯,6,3664,鈴木 賢一,3,55,55.7,0,0,0.18,4.98,39.47,46.49,5.52,42.28,51.22,54.76,64.29,30,36.67
2025-09-29,2,4,2025-09-29 12:14:00,5,第6回日刊大衆杯,1,5304,井田 涼介,4,22,59.1,0,0,0.24,1.54,2.9,2.9,1,0,0,35.14,56.76,20.69,31.03
2025-09-29,2,4,2025-09-29 12:14:00,5,第6回日刊大衆杯,2,3948,大町 利克,3,49,52.2,0,0,0.2,4.06,20.99,35.8,5.07,40,46.67,12,20,26.47,41.18
2025-09-29,2,4,2025-09-29 12:14:00,5,第6回日刊大衆杯,3,4297,山田 哲也,1,42,52,1,0,0.1,6.48,48.96,65.63,7.33,63.64,66.67,15.15,33.33,28.57,42.86
2025-09-29,2,4,2025-09-29 12:14:00,5,第6回日刊大衆杯,4,4056,小西 英輝,3,47,52,0,0,0.15,4.73,26.17,42.99,0,0,0,11.11,18.52,34.62,61.54
2025-09-29,2,4,2025-09-29 12:14:00,5,第6回日刊大衆杯,5,4769,馬場 剛,2,33,52,0,0,0.12,5.82,39.37,59.06,6.42,48.89,62.22,33.33,46.67,29.03,48.39
2025-09-29,2,4,2025-09-29 12:14:00,5,第6回日刊大衆杯,6,4439,近藤 友宝,3,39,54.8,0,0,0.17,3.93,22.39,28.36,4.96,30.38,45.57,23.33,43.33,29.03,48.39
2025-09-29,2,5,2025-09-29 12:44:00,5,第6回日刊大衆杯,1,5222,津田 陸翔,2,24,52.3,0,0,0.17,5.93,38.89,58.33,5.8,20,70,48.72,61.54,48.57,65.71
2025-09-29,2,5,2025-09-29 12:44:00,5,第6回日刊大衆杯,2,3293,宮内 由紀英,3,60,52,0,0,0.2,4.24,14.29,37.76,4.42,23.08,36.54,31.71,46.34,23.33,30
2025-09-29,2,5,2025-09-29 12:44:00,5,第6回日刊大衆杯,3,4952,吉武 真也,3,31,52.5,0,0,0.19,4.23,21.43,39.29,4.15,23.08,42.31,40,57.14,25,40.63
2025-09-29,2,5,2025-09-29 12:44:00,5,第6回日刊大衆杯,4,4549,小林 文彦,2,37,52.9,1,0,0.2,5.23,28.44,50.46,4.93,20,46.67,39.29,42.86,38.71,58.06
2025-09-29,2,5,2025-09-29 12:44:00,5,第6回日刊大衆杯,5,5234,塚越 海斗,3,27,52,0,0,0.18,5.77,42.53,60.92,4.63,20.83,37.5,16.22,37.84,48.39,64.52
2025-09-29,2,5,2025-09-29 12:44:00,5,第6回日刊大衆杯,6,5157,市川 健太,3,27,52.9,0,0,0.17,4.51,26.09,38.04,5.4,40,50,30.77,53.85,37.5,58.33
2025-09-29,2,6,2025-09-29 13:14:00,5,第6回日刊大衆杯,1,5054,佐々木 大河,3,29,52,0,0,0.15,5.74,39.77,60.23,4.31,23.08,38.46,48.65,72.97,29.03,61.29
2025-09-29,2,6,2025-09-29 13:14:00,5,第6回日刊大衆杯,2,3741,松尾 基成,3,51,57,0,0,0.19,3.33,14.12,28.24,5.36,28.57,57.14,20.69,24.14,50,73.53
2025-09-29,2,6,2025-09-29 13:14:00,5,第6回日刊大衆杯,3,3362,間嶋 仁志,2,56,53.8,0,0,0.19,5.17,33.33,47.75,5.71,28.57,57.14,45.16,58.06,45.45,57.58
2025-09-29,2,6,2025-09-29 13:14:00,5,第6回日刊大衆杯,4,5385,鈴木 柊介,4,20,54.4,0,0,0.19,1.99,1.19,8.33,1.77,0,0,27.59,48.28,22.58,32.26
2025-09-29,2,6,2025-09-29 13:14:00,5,第6回日刊大衆杯,5,4203,小倉 康典,3,43,51.5,0,0,0.15,4.05,21.52,32.91,4.69,26.23,45.9,25,39.29,37.5,56.25
2025-09-29,2,6,2025-09-29 13:14:00,5,第6回日刊大衆杯,6,4376,藤田 靖弘,2,41,52.4,0,0,0.17,6.02,43.18,58.33,5.88,38.78,67.35,52.38,64.29,21.21,42.42
2025-09-29,2,7,2025-09-29 13:45:00,5,第6回日刊大衆杯,1,5135,仲 航太,2,25,53.2,0,0,0.15,5.32,35.14,50.45,3.33,33.33,33.33,28.13,46.88,33.33,51.52
2025-09-29,2,7,2025-09-29 13:45:00,5,第6回日刊大衆杯,2,4457,神田 達也,3,39,52,0,0,0.17,4.35,22.55,34.31,3.83,16.67,16.67,22.86,31.43,17.39,52.17
2025-09-29,2,7,2025-09-29 13:45:00,5,第6回日刊大衆杯,3,3605,中村 守成,3,53,53.7,0,0,0.18,4.43,27.27,36.36,4.15,14.81,40.74,48.84,65.12,29.03,48.39
2025-09-29,2,7,2025-09-29 13:45:00,5,第6回日刊大衆杯,4,3850,小川 知行,3,53,52,0,0,0.15,4.67,18.49,46.22,4.13,26.67,30,50,56.67,50,60
2025-09-29,2,7,2025-09-29 13:45:00,5,第6回日刊大衆杯,5,4035,杉江 浩明,3,46,52,0,0,0.2,3.62,18.49,29.41,3.64,22.22,31.11,55.26,78.95,37.5,50
2025-09-29,2,7,2025-09-29 13:45:00,5,第6回日刊大衆杯,6,4346,前田 健太郎,3,40,56.6,0,0,0.19,3.97,28.85,34.62,0,0,0,26.67,50,28.57,42.86
2025-09-29,2,8,2025-09-29 14:16:00,5,第6回日刊大衆杯,1,5273,山下 拓巳,3,24,52,0,0,0.18,4.01,27.62,31.43,5.38,31.25,50,48.57,74.29,32.26,58.06
2025-09-29,2,8,2025-09-29 14:16:00,5,第6回日刊大衆杯,2,4439,近藤 友宝,3,39,54.8,0,0,0.17,3.93,22.39,28.36,4.96,30.38,45.57,23.33,43.33,29.03,48.39
2025-09-29,2,8,2025-09-29 14:16:00,5,第6回日刊大衆杯,3,4958,溝口 海義也,2,30,54.8,0,0,0.15,5.92,37.98,60.47,6.44,55.56,70.37,31.03,48.28,37.5,59.38
2025-09-29,2,8,2025-09-29 14:16:00,5,第6回日刊大衆杯,4,5304,井田 涼介,4,22,59.1,0,0,0.24,1.54,2.9,2.9,1,0,0,35.14,56.76,20.69,31.03
2025-09-29,2,8,2025-09-29 14:16:00,5,第6回日刊大衆杯,5,3928,林 恵祐,3,49,60.4,0,0,0.18,3.47,14.77,23.86,3.61,12.9,32.26,32.56,60.47,41.18,50
2025-09-29,2,8,2025-09-29 14:16:00,5,第6回日刊大衆杯,6,5216,長谷川 晴哉,2,25,52,1,0,0.16,5.85,43.2,55.2,4,21.88,31.25,56.25,78.13,25,35.71
2025-09-29,2,9,2025-09-29 14:48:00,5,第6回日刊大衆杯,1,4549,小林 文彦,2,37,52.9,1,0,0.2,5.23,28.44,50.46,4.93,20,46.67,39.29,42.86,38.71,58.06
2025-09-29,2,9,2025-09-29 14:48:00,5,第6回日刊大衆杯,2,3286,坂東 満,3,57,52.4,0,0,0.17,4.51,24.36,43.59,4.43,32.14,35.71,14.29,37.14,44.12,61.76
2025-09-29,2,9,2025-09-29 14:48:00,5,第6回日刊大衆杯,3,4056,小西 英輝,3,47,52,0,0,0.15,4.73,26.17,42.99,0,0,0,11.11,18.52,34.62,61.54
2025-09-29,2,9,2025-09-29 14:48:00,5,第6回日刊大衆杯,4,5345,牧村 俊輝,4,22,52.9,1,0,0.23,2.04,4.05,6.76,0,0,0,23.08,46.15,35.29,47.06
2025-09-29,2,9,2025-09-29 14:48:00,5,第6回日刊大衆杯,5,5222,津田 陸翔,2,24,52.3,0,0,0.17,5.93,38.89,58.33,5.8,20,70,48.72,61.54,48.57,65.71
2025-09-29,2,9,2025-09-29 14:48:00,5,第6回日刊大衆杯,6,3948,大町 利克,3,49,52.2,0,0,0.2,4.06,20.99,35.8,5.07,40,46.67,12,20,26.47,41.18
2025-09-29,2,10,2025-09-29 15:21:00,5,第6回日刊大衆杯,1,3664,鈴木 賢一,3,55,55.7,0,0,0.18,4.98,39.47,46.49,5.52,42.28,51.22,54.76,64.29,30,36.67
2025-09-29,2,10,2025-09-29 15:21:00,5,第6回日刊大衆杯,2,5234,塚越 海斗,3,27,52,0,0,0.18,5.77,42.53,60.92,4.63,20.83,37.5,16.22,37.84,48.39,64.52
2025-09-29,2,10,2025-09-29 15:21:00,5,第6回日刊大衆杯,3,4918,川島 拓郎,3,36,52,0,0,0.15,4.82,26.4,44.8,3.96,23.4,25.53,39.39,51.52,39.29,60.71
2025-09-29,2,10,2025-09-29 15:21:00,5,第6回日刊大衆杯,4,3362,間嶋 仁志,2,56,53.8,0,0,0.19,5.17,33.33,47.75,5.71,28.57,57.14,45.16,58.06,45.45,57.58
2025-09-29,2,10,2025-09-29 15:21:00,5,第6回日刊大衆杯,5,3293,宮内 由紀英,3,60,52,0,0,0.2,4.24,14.29,37.76,4.42,23.08,36.54,31.71,46.34,23.33,30
2025-09-29,2,10,2025-09-29 15:21:00,5,第6回日刊大衆杯,6,5301,岩下 巧斗,3,22,52,0,0,0.18,4.08,19.51,35.77,3.76,13.16,34.21,31.43,42.86,54.29,77.14
2025-09-29,2,11,2025-09-29 15:55:00,5,第6回日刊大衆杯,1,5157,市川 健太,3,27,52.9,0,0,0.17,4.51,26.09,38.04,5.4,40,50,30.77,53.85,37.5,58.33
2025-09-29,2,11,2025-09-29 15:55:00,5,第6回日刊大衆杯,2,4769,馬場 剛,2,33,52,0,0,0.12,5.82,39.37,59.06,6.42,48.89,62.22,33.33,46.67,29.03,48.39
2025-09-29,2,11,2025-09-29 15:55:00,5,第6回日刊大衆杯,3,3850,小川 知行,3,53,52,0,0,0.15,4.67,18.49,46.22,4.13,26.67,30,50,56.67,50,60
2025-09-29,2,11,2025-09-29 15:55:00,5,第6回日刊大衆杯,4,4297,山田 哲也,1,42,52,1,0,0.1,6.48,48.96,65.63,7.33,63.64,66.67,15.15,33.33,28.57,42.86
2025-09-29,2,11,2025-09-29 15:55:00,5,第6回日刊大衆杯,5,5242,高山 弘斗,3,25,53.2,0,0,0.2,3.47,15.46,26.8,2.69,13.56,16.95,47.22,75,25,43.75
2025-09-29,2,11,2025-09-29 15:55:00,5,第6回日刊大衆杯,6,5054,佐々木 大河,3,29,52,0,0,0.15,5.74,39.77,60.23,4.31,23.08,38.46,48.65,72.97,29.03,61.29
2025-09-29,2,12,2025-09-29 16:30:00,5,第6回日刊大衆杯,1,4337,平本 真之,1,41,52.9,1,0,0.12,6.74,45.65,57.25,7.22,40.63,53.13,32.35,41.18,40.63,53.13
2025-09-29,2,12,2025-09-29 16:30:00,5,第6回日刊大衆杯,2,4262,馬場 貴也,1,41,52.5,0,0,0.15,7.27,50.39,62.79,6.21,29.41,35.29,17.65,29.41,28.13,53.13
2025-09-29,2,12,2025-09-29 16:30:00,5,第6回日刊大衆杯,3,3548,室田 泰史,2,55,52.2,0,0,0.14,5.64,34.82,58.93,5.79,33.33,58.33,41.38,55.17,20.69,31.03
2025-09-29,2,12,2025-09-29 16:30:00,5,第6回日刊大衆杯,4,3854,吉川 元浩,1,53,51.5,0,0,0.14,6.79,45.54,60.71,7.16,32.26,58.06,22.58,32.26,24.24,45.45
2025-09-29,2,12,2025-09-29 16:30:00,5,第6回日刊大衆杯,5,5039,倉田 茂将,3,27,55.1,0,0,0.17,5.3,37.17,53.1,5.72,43.59,61.54,25.71,40,35.48,41.94
2025-09-29,2,12,2025-09-29 16:30:00,5,第6回日刊大衆杯,6,4505,島田 賢人,1,37,52.1,0,0,0.16,5.85,39.84,62.6,6.9,53.47,71.53,35.48,51.61,27.59,37.93
2025-09-29,3,1,2025-09-29 11:20:00,5,第49回デイリースポーツ杯,1,5292,佐藤 右京,3,23,54.9,0,0,0.21,3.14,9.09,22.22,3.11,10.61,22.73,30,47.5,43.28,53.73
2025-09-29,3,1,2025-09-29 11:20:00,5,第49回デイリースポーツ杯,2,5100,栗原 一馬,4,29,55.1,0,0,0.2,3.75,20.83,33.33,3.71,14.29,25,31.58,46.05,34.29,45.71
2025-09-29,3,1,2025-09-29 11:20:00,5,第49回デイリースポーツ杯,3,5307,富永 夏哉人,3,22,50,1,0,0.18,4.69,26.32,46.32,0,0,0,27.27,39.39,33.33,53.76
2025-09-29,3,1,2025-09-29 11:20:00,5,第49回デイリースポーツ杯,4,4574,東 潤樹,3,37,52,0,0,0.19,4.62,25.2,41.73,4.75,20.83,41.67,21.25,43.75,41.33,64
2025-09-29,3,1,2025-09-29 11:20:00,5,第49回デイリースポーツ杯,5,5236,小宮 涼雅,3,26,53.2,0,0,0.19,3.44,11.11,25.93,2.73,3.33,16.67,32.1,44.44,32.98,50
2025-09-29,3,1,2025-09-29 11:20:00,5,第49回デイリースポーツ杯,6,5341,山道 諄也,4,24,54.3,1,0,0.26,1.58,1.05,1.05,1.59,0,0,36.14,56.63,37.04,45.68
2025-09-29,3,2,2025-09-29 11:46:00,5,第49回デイリースポーツ杯,1,4491,田中 堅,3,38,52.3,1,0,0.19,4.48,20.37,37.04,5.61,34.21,60.53,47.44,55.13,34.52,52.38
2025-09-29,3,2,2025-09-29 11:46:00,5,第49回デイリースポーツ杯,2,5263,花田 凱成,4,26,52,0,0,0.19,3.29,13.79,24.14,0,0,0,28.95,46.05,37.04,49.38
2025-09-29,3,2,2025-09-29 11:46:00,5,第49回デイリースポーツ杯,3,4233,亀山 雅幸,2,42,52,0,0,0.17,5.84,37.69,59.23,5.5,40,60,23.38,35.06,22.08,42.86
2025-09-29,3,2,2025-09-29 11:46:00,5,第49回デイリースポーツ杯,4,4603,谷川 将太,2,37,53.1,1,0,0.14,5.64,36.54,58.65,5.88,38.46,57.69,35.44,58.23,32.5,46.25
2025-09-29,3,2,2025-09-29 11:46:00,5,第49回デイリースポーツ杯,5,4403,木下 大將,3,40,52,0,0,0.15,5.7,39.05,59.05,6.18,47.06,70.59,35,62.5,25.86,48.28
2025-09-29,3,2,2025-09-29 11:46:00,5,第49回デイリースポーツ杯,6,4683,向井田 直弥,3,34,45.5,1,0,0.12,4.51,25.35,43.66,5.19,42.86,52.38,45.78,60.24,28.05,42.68
2025-09-29,3,3,2025-09-29 12:12:00,5,第49回デイリースポーツ杯,1,4245,高橋 直哉,3,43,52.6,0,0,0.18,4.91,30.08,43.9,5.04,30.86,48.15,35.8,60.49,43.06,56.94
2025-09-29,3,3,2025-09-29 12:12:00,5,第49回デイリースポーツ杯,2,5046,松山 裕基,3,31,53.9,0,0,0.17,4.21,18.69,39.25,3.61,22.22,33.33,32.5,46.25,40.74,55.56
2025-09-29,3,3,2025-09-29 12:12:00,5,第49回デイリースポーツ杯,3,4128,川口 貴久,3,45,55.1,0,0,0.15,3.95,18.03,34.43,7.2,50,80,45,55,18.99,36.71
2025-09-29,3,3,2025-09-29 12:12:00,5,第49回デイリースポーツ杯,4,4508,野間 大樹,3,37,51.5,1,0,0.18,4.73,32.14,46.43,4,28.57,33.33,27.27,51.95,30,46.25
2025-09-29,3,3,2025-09-29 12:12:00,5,第49回デイリースポーツ杯,5,5131,江藤 敦宏,3,26,52,0,0,0.18,3.84,16.51,26.61,4,33.33,33.33,30.14,49.32,40,56.25
2025-09-29,3,3,2025-09-29 12:12:00,5,第49回デイリースポーツ杯,6,4500,山田 康二,1,37,52.8,0,0,0.15,7.84,55.56,72.22,6.95,47.5,65,40,55,20.78,46.75
2025-09-29,3,4,2025-09-29 12:38:00,5,第49回デイリースポーツ杯,1,3989,熊本 英一,3,47,58.1,0,0,0.21,4.03,17.53,32.99,3.24,11.76,23.53,43.04,60.76,30.49,41.46
2025-09-29,3,4,2025-09-29 12:38:00,5,第49回デイリースポーツ杯,2,5095,小原 聡将,2,31,52.3,0,0,0.15,6.3,43.9,68.29,6.23,50,59.15,37.04,54.32,33.73,40.96
2025-09-29,3,4,2025-09-29 12:38:00,5,第49回デイリースポーツ杯,3,4000,松本 博昭,2,48,54.5,0,0,0.17,5.98,37.09,60.93,5.84,39.53,53.49,43.59,55.13,27.96,43.01
2025-09-29,3,4,2025-09-29 12:38:00,5,第49回デイリースポーツ杯,4,4382,高山 智至,3,40,54.5,0,0,0.17,4.05,20,34.78,0,0,0,43.04,58.23,36.36,50.65
2025-09-29,3,4,2025-09-29 12:38:00,5,第49回デイリースポーツ杯,5,3893,汐崎 正則,3,49,52.7,0,0,0.18,4.32,21.21,41.41,0,0,0,46.75,62.34,28.21,50
2025-09-29,3,4,2025-09-29 12:38:00,5,第49回デイリースポーツ杯,6,5007,近藤 雄一郎,3,28,53.5,0,0,0.18,4.46,21.82,42.73,5.14,31.88,53.75,41.18,64.71,28.13,42.19
2025-09-29,3,5,2025-09-29 13:04:00,5,第49回デイリースポーツ杯,1,4693,松下 誉士,3,41,52.6,0,0,0.19,4.5,23.42,39.64,4.65,23.53,43.14,29.27,46.34,57.14,71.43
2025-09-29,3,5,2025-09-29 13:04:00,5,第49回デイリースポーツ杯,2,5270,小玉 啓太,3,24,51.5,1,0,0.16,3.31,9.3,20.93,0,0,0,37.18,50,26.25,52.5
2025-09-29,3,5,2025-09-29 13:04:00,5,第49回デイリースポーツ杯,3,3711,江本 真治,2,51,52.2,0,0,0.16,6.23,45.39,65.25,4.36,35.71,35.71,33.75,47.5,42.55,61.7
2025-09-29,3,5,2025-09-29 13:04:00,5,第49回デイリースポーツ杯,4,4102,益田 啓司,2,46,52,1,0,0.15,6.49,48.55,65.22,8.25,75,87.5,46.59,65.91,37.08,55.06
2025-09-29,3,5,2025-09-29 13:04:00,5,第49回デイリースポーツ杯,5,3982,福田 理,3,48,55.1,0,0,0.17,4.78,29.17,42.71,5.92,30.77,76.92,30.67,46.67,29.63,43.21
2025-09-29,3,5,2025-09-29 13:04:00,5,第49回デイリースポーツ杯,6,5341,山道 諄也,4,24,54.3,1,0,0.26,1.58,1.05,1.05,1.59,0,0,36.14,56.63,37.04,45.68
2025-09-29,3,6,2025-09-29 13:30:00,5,第49回デイリースポーツ杯,1,4665,加藤 啓太,3,41,52,1,0,0.18,3.85,12.79,27.91,5.11,33.33,44.44,33.77,46.75,22.73,45.45
2025-09-29,3,6,2025-09-29 13:30:00,5,第49回デイリースポーツ杯,2,5244,黒田 剛,3,25,52,0,0,0.17,3.68,12.87,27.72,3.82,17.65,29.41,51.85,69.14,36.25,53.75
2025-09-29,3,6,2025-09-29 13:30:00,5,第49回デイリースポーツ杯,3,4381,田路 朋史,1,41,52,0,0,0.15,5.69,36.36,56.2,6.53,53.33,73.33,20.78,35.06,38.2,59.55
2025-09-29,3,6,2025-09-29 13:30:00,5,第49回デイリースポーツ杯,4,4407,鹿島 敏弘,3,39,53.3,0,0,0.19,5.13,31.2,52,5.1,28.26,51.09,26.25,40,35.05,49.48
2025-09-29,3,6,2025-09-29 13:30:00,5,第49回デイリースポーツ杯,5,3929,杢野 誓良,3,49,52,0,0,0.15,4.57,23.48,41.74,5.63,40,56.67,48.05,70.13,33.33,55.07
2025-09-29,3,6,2025-09-29 13:30:00,5,第49回デイリースポーツ杯,6,5236,小宮 涼雅,3,26,53.2,0,0,0.19,3.44,11.11,25.93,2.73,3.33,16.67,32.1,44.44,32.98,50
2025-09-29,3,7,2025-09-29 13:56:00,5,第49回デイリースポーツ杯,1,4951,新田 洋一,2,32,55.2,1,0,0.15,5.06,27.27,51.14,0,0,0,28.95,40.79,41.46,52.44
2025-09-29,3,7,2025-09-29 13:56:00,5,第49回デイリースポーツ杯,2,4509,平見 真彦,1,36,53,1,0,0.18,5.22,28.1,50.41,6.88,50.98,78.43,29.87,45.45,32,48
2025-09-29,3,7,2025-09-29 13:56:00,5,第49回デイリースポーツ杯,3,5285,若林 麗,3,26,52,0,0,0.19,2.31,2.78,4.63,2.06,2.9,8.7,28.4,43.21,33.75,43.75
2025-09-29,3,7,2025-09-29 13:56:00,5,第49回デイリースポーツ杯,4,4683,向井田 直弥,3,34,45.5,1,0,0.12,4.51,25.35,43.66,5.19,42.86,52.38,45.78,60.24,28.05,42.68
2025-09-29,3,7,2025-09-29 13:56:00,5,第49回デイリースポーツ杯,5,5100,栗原 一馬,4,29,55.1,0,0,0.2,3.75,20.83,33.33,3.71,14.29,25,31.58,46.05,34.29,45.71
2025-09-29,3,7,2025-09-29 13:56:00,5,第49回デイリースポーツ杯,6,4508,野間 大樹,3,37,51.5,1,0,0.18,4.73,32.14,46.43,4,28.57,33.33,27.27,51.95,30,46.25
2025-09-29,3,8,2025-09-29 14:24:00,5,第49回デイリースポーツ杯,1,5263,花田 凱成,4,26,52,0,0,0.19,3.29,13.79,24.14,0,0,0,28.95,46.05,37.04,49.38
2025-09-29,3,8,2025-09-29 14:24:00,5,第49回デイリースポーツ杯,2,4245,高橋 直哉,3,43,52.6,0,0,0.18,4.91,30.08,43.9,5.04,30.86,48.15,35.8,60.49,43.06,56.94
2025-09-29,3,8,2025-09-29 14:24:00,5,第49回デイリースポーツ杯,3,5292,佐藤 右京,3,23,54.9,0,0,0.21,3.14,9.09,22.22,3.11,10.61,22.73,30,47.5,43.28,53.73
2025-09-29,3,8,2025-09-29 14:24:00,5,第49回デイリースポーツ杯,4,3813,佐藤 大介,1,49,52.2,0,0,0.15,6.34,46.67,65,6.68,51.35,75.68,31.25,53.75,34.83,51.69
2025-09-29,3,8,2025-09-29 14:24:00,5,第49回デイリースポーツ杯,5,4382,高山 智至,3,40,54.5,0,0,0.17,4.05,20,34.78,0,0,0,43.04,58.23,36.36,50.65
2025-09-29,3,8,2025-09-29 14:24:00,5,第49回デイリースポーツ杯,6,5377,鳥居塚 嶺王,4,21,49,0,0,0.16,2.79,7.35,13.24,3,11.11,11.11,21.79,37.18,22.5,41.25
2025-09-29,3,9,2025-09-29 14:52:00,5,第49回デイリースポーツ杯,1,3711,江本 真治,2,51,52.2,0,0,0.16,6.23,45.39,65.25,4.36,35.71,35.71,33.75,47.5,42.55,61.7
2025-09-29,3,9,2025-09-29 14:52:00,5,第49回デイリースポーツ杯,2,5007,近藤 雄一郎,3,28,53.5,0,0,0.18,4.46,21.82,42.73,5.14,31.88,53.75,41.18,64.71,28.13,42.19
2025-09-29,3,9,2025-09-29 14:52:00,5,第49回デイリースポーツ杯,3,4500,山田 康二,1,37,52.8,0,0,0.15,7.84,55.56,72.22,6.95,47.5,65,40,55,20.78,46.75
2025-09-29,3,9,2025-09-29 14:52:00,5,第49回デイリースポーツ杯,4,4079,出畑 孝典,2,46,51.5,0,0,0.16,5.94,42.59,62.04,8.63,87.5,87.5,32.93,42.68,36.71,54.43
2025-09-29,3,9,2025-09-29 14:52:00,5,第49回デイリースポーツ杯,5,4491,田中 堅,3,38,52.3,1,0,0.19,4.48,20.37,37.04,5.61,34.21,60.53,47.44,55.13,34.52,52.38
2025-09-29,3,9,2025-09-29 14:52:00,5,第49回デイリースポーツ杯,6,4875,大塚 康雅,3,31,51.5,1,0,0.18,4.75,30.17,41.38,4.87,31.07,43.69,20.27,31.08,42.35,63.53
2025-09-29,3,10,2025-09-29 15:22:00,5,第49回デイリースポーツ杯,1,4000,松本 博昭,2,48,54.5,0,0,0.17,5.98,37.09,60.93,5.84,39.53,53.49,43.59,55.13,27.96,43.01
2025-09-29,3,10,2025-09-29 15:22:00,5,第49回デイリースポーツ杯,2,4403,木下 大將,3,40,52,0,0,0.15,5.7,39.05,59.05,6.18,47.06,70.59,35,62.5,25.86,48.28
2025-09-29,3,10,2025-09-29 15:22:00,5,第49回デイリースポーツ杯,3,4574,東 潤樹,3,37,52,0,0,0.19,4.62,25.2,41.73,4.75,20.83,41.67,21.25,43.75,41.33,64
2025-09-29,3,10,2025-09-29 15:22:00,5,第49回デイリースポーツ杯,4,4650,中山 雄太,1,41,52.3,0,0,0.15,5.95,39.69,55.73,5.24,35.29,52.94,51.32,75,26.39,47.22
2025-09-29,3,10,2025-09-29 15:22:00,5,第49回デイリースポーツ杯,5,4102,益田 啓司,2,46,52,1,0,0.15,6.49,48.55,65.22,8.25,75,87.5,46.59,65.91,37.08,55.06
2025-09-29,3,10,2025-09-29 15:22:00,5,第49回デイリースポーツ杯,6,3696,白井 友晴,3,53,52.6,0,0,0.19,4.81,26.36,45.45,5.56,27.87,50.82,24.05,37.97,30.59,37.65
2025-09-29,3,11,2025-09-29 15:53:00,5,第49回デイリースポーツ杯,1,4381,田路 朋史,1,41,52,0,0,0.15,5.69,36.36,56.2,6.53,53.33,73.33,20.78,35.06,38.2,59.55
2025-09-29,3,11,2025-09-29 15:53:00,5,第49回デイリースポーツ杯,2,5131,江藤 敦宏,3,26,52,0,0,0.18,3.84,16.51,26.61,4,33.33,33.33,30.14,49.32,40,56.25
2025-09-29,3,11,2025-09-29 15:53:00,5,第49回デイリースポーツ杯,3,4077,品田 直樹,3,46,50.5,0,0,0.19,4.87,28.69,47.54,5.4,35.09,53.22,32.05,46.15,36.36,59.74
2025-09-29,3,11,2025-09-29 15:53:00,5,第49回デイリースポーツ杯,4,4233,亀山 雅幸,2,42,52,0,0,0.17,5.84,37.69,59.23,5.5,40,60,23.38,35.06,22.08,42.86
2025-09-29,3,11,2025-09-29 15:53:00,5,第49回デイリースポーツ杯,5,4318,桑原 将光,2,41,52,1,0,0.16,5.14,30.47,51.56,6.05,41.62,60.91,24.69,43.21,36.25,51.25
2025-09-29,3,11,2025-09-29 15:53:00,5,第49回デイリースポーツ杯,6,3893,汐崎 正則,3,49,52.7,0,0,0.18,4.32,21.21,41.41,0,0,0,46.75,62.34,28.21,50
2025-09-29,3,12,2025-09-29 16:25:00,5,第49回デイリースポーツ杯,1,4172,森定 晃史,1,42,52,1,0,0.15,6.53,49.62,67.18,6.09,40.91,50,26.03,39.73,35.44,58.23
2025-09-29,3,12,2025-09-29 16:25:00,5,第49回デイリースポーツ杯,2,3989,熊本 英一,3,47,58.1,0,0,0.21,4.03,17.53,32.99,3.24,11.76,23.53,43.04,60.76,30.49,41.46
2025-09-29,3,12,2025-09-29 16:25:00,5,第49回デイリースポーツ杯,3,4693,松下 誉士,3,41,52.6,0,0,0.19,4.5,23.42,39.64,4.65,23.53,43.14,29.27,46.34,57.14,71.43
2025-09-29,3,12,2025-09-29 16:25:00,5,第49回デイリースポーツ杯,4,4951,新田 洋一,2,32,55.2,1,0,0.15,5.06,27.27,51.14,0,0,0,28.95,40.79,41.46,52.44
2025-09-29,3,12,2025-09-29 16:25:00,5,第49回デイリースポーツ杯,5,4603,谷川 将太,2,37,53.1,1,0,0.14,5.64,36.54,58.65,5.88,38.46,57.69,35.44,58.23,32.5,46.25
2025-09-29,3,12,2025-09-29 16:25:00,5,第49回デイリースポーツ杯,6,4128,川口 貴久,3,45,55.1,0,0,0.15,3.95,18.03,34.43,7.2,50,80,45,55,18.99,36.71
2025-09-29,5,1,2025-09-29 10:30:00,2,ウェイキーカップ開設71周年記念,1,4095,福来 剛,1,44,52,1,0,0.15,6.75,54.22,65.06,7.39,61.11,80.56,38.61,52.48,30.28,50.46
2025-09-29,5,1,2025-09-29 10:30:00,2,ウェイキーカップ開設71周年記念,2,4002,古結 宏,1,47,52,1,0,0.14,6.83,50,71.67,6.84,61.29,70.97,40.16,58.27,36.61,56.25
2025-09-29,5,1,2025-09-29 10:30:00,2,ウェイキーカップ開設71周年記念,3,4734,安河内 将,1,35,52,0,0,0.16,6.95,52.42,70.16,0,0,0,50,69.23,32.41,45.37
2025-09-29,5,1,2025-09-29 10:30:00,2,ウェイキーカップ開設71周年記念,4,4398,船岡 洋一郎,1,38,52.9,0,0,0.14,6.35,48.03,65.35,7.5,50,83.33,26.27,48.31,33.03,46.79
2025-09-29,5,1,2025-09-29 10:30:00,2,ウェイキーカップ開設71周年記念,5,4762,藤原 啓史朗,1,35,51.5,1,0,0.13,7.71,62.81,77.69,6.78,44.44,66.67,40.94,54.33,50.5,61.39
2025-09-29,5,1,2025-09-29 10:30:00,2,ウェイキーカップ開設71周年記念,6,4427,秦 英悟,1,40,52,0,0,0.14,7.6,60.32,75.4,7.9,70,85,28.44,47.71,41.58,62.38
2025-09-29,5,2,2025-09-29 10:57:00,2,ウェイキーカップ開設71周年記念,1,3978,齊藤 仁,1,48,50.5,0,0,0.14,6.72,41.13,59.57,6.4,47.62,61.9,31.13,51.89,36.11,50.93
2025-09-29,5,2,2025-09-29 10:57:00,2,ウェイキーカップ開設71周年記念,2,4907,小池 修平,1,30,52,1,0,0.14,7.25,60,73.1,8.14,57.14,71.43,43.53,57.65,32.63,46.32
2025-09-29,5,2,2025-09-29 10:57:00,2,ウェイキーカップ開設71周年記念,3,3744,徳増 秀樹,1,50,52.6,1,0,0.13,6.83,53.06,63.27,8.13,76.32,86.84,30,47.69,32.69,48.08
2025-09-29,5,2,2025-09-29 10:57:00,2,ウェイキーカップ開設71周年記念,4,4571,菅 章哉,1,37,52,0,0,0.17,6.87,49.5,56.44,6.5,41.67,41.67,40.86,59.14,31.48,48.15
2025-09-29,5,2,2025-09-29 10:57:00,2,ウェイキーカップ開設71周年記念,5,4682,大上 卓人,1,35,52.1,0,0,0.13,6.97,46.26,69.39,7.57,66.67,76.19,34.45,50.42,37.5,53.41
2025-09-29,5,2,2025-09-29 10:57:00,2,ウェイキーカップ開設71周年記念,6,4566,塩田 北斗,1,37,53.6,0,0,0.15,6.78,48.87,68.42,6.57,42.86,76.19,28.57,41.9,41.18,57.84
2025-09-29,5,3,2025-09-29 11:25:00,2,ウェイキーカップ開設71周年記念,1,4760,山崎 郡,1,35,52,0,0,0.12,7.04,50.42,65.55,6.71,46.43,57.14,33.05,52.54,37.61,55.05
2025-09-29,5,3,2025-09-29 11:25:00,2,ウェイキーカップ開設71周年記念,2,4468,大池 佑来,1,38,51,0,0,0.14,7.63,60.17,72.88,7.21,52.08,75,44.03,60.45,33.65,52.88
2025-09-29,5,3,2025-09-29 11:25:00,2,ウェイキーカップ開設71周年記念,3,4445,宮地 元輝,1,38,54.2,0,0,0.12,7.03,43.44,61.48,7.94,50,81.25,30,46.36,40.91,58.18
2025-09-29,5,3,2025-09-29 11:25:00,2,ウェイキーカップ開設71周年記念,4,4547,中田 竜太,1,37,52,1,0,0.16,7.11,56.49,70.99,7.67,53.49,74.42,29.82,45.61,33.94,44.04
2025-09-29,5,3,2025-09-29 11:25:00,2,ウェイキーカップ開設71周年記念,5,3721,守田 俊介,1,50,52.2,0,0,0.13,7.67,62.6,76.42,6.96,52,64,27.55,47.96,43.56,59.41
2025-09-29,5,3,2025-09-29 11:25:00,2,ウェイキーカップ開設71周年記念,6,3908,重成 一人,1,47,55.7,0,0,0.14,6.94,47.95,65.75,6.78,44.44,77.78,41.53,53.39,34.95,58.25
2025-09-29,5,4,2025-09-29 11:53:00,2,ウェイキーカップ開設71周年記念,1,4166,吉田 拡郎,1,43,53,0,0,0.14,7.44,51.43,70,8.31,62.5,75,28.32,43.36,45.87,62.39
2025-09-29,5,4,2025-09-29 11:53:00,2,ウェイキーカップ開設71周年記念,2,4227,安達 裕樹,1,42,52.1,1,0,0.17,6.56,46.48,66.2,6.44,44.19,72.09,32.14,46.43,39.05,56.19
2025-09-29,5,4,2025-09-29 11:53:00,2,ウェイキーカップ開設71周年記念,3,4075,中野 次郎,1,44,54.2,0,0,0.13,6.64,47.76,60.45,7.02,51.94,72.09,28.09,39.33,49.11,59.82
2025-09-29,5,4,2025-09-29 11:53:00,2,ウェイキーカップ開設71周年記念,4,4908,上田 龍星,1,30,52,0,0,0.15,7.45,62.31,76.92,6.13,50,62.5,35,53.33,26.8,44.33
2025-09-29,5,4,2025-09-29 11:53:00,2,ウェイキーカップ開設71周年記念,5,4504,前田 将太,1,37,53.1,0,0,0.14,6.94,47.59,67.59,0,0,0,36.75,52.99,33.98,57.28
2025-09-29,5,4,2025-09-29 11:53:00,2,ウェイキーカップ開設71周年記念,6,4444,桐生 順平,1,38,52,0,0,0.14,7.61,50,69.49,7.52,40.74,74.07,33.33,52.38,37.04,54.63
2025-09-29,5,5,2025-09-29 12:22:00,2,ウェイキーカップ開設71周年記念,1,4512,高野 哲史,1,36,52,0,0,0.15,6.86,53.15,70.63,6.56,43.59,71.79,36.89,55.74,37.14,53.33
2025-09-29,5,5,2025-09-29 12:22:00,2,ウェイキーカップ開設71周年記念,2,4659,木下 翔太,1,34,54,0,0,0.14,7,46.77,70.97,7.67,66.67,90.48,29.82,50.88,30.39,43.14
2025-09-29,5,5,2025-09-29 12:22:00,2,ウェイキーカップ開設71周年記念,3,3422,服部 幸男,1,54,55.2,0,0,0.15,6.48,48.74,59.66,6.44,44.44,52.78,43.48,61.96,42.2,55.96
2025-09-29,5,5,2025-09-29 12:22:00,2,ウェイキーカップ開設71周年記念,4,4237,大峯 豊,1,41,52,0,0,0.16,7.33,50.75,71.64,0,0,0,31.48,44.44,33.64,47.66
2025-09-29,5,5,2025-09-29 12:22:00,2,ウェイキーカップ開設71周年記念,5,3716,石渡 鉄兵,1,50,53.1,0,0,0.12,6.57,42.98,61.16,6.46,45.9,59.02,45,66,30.28,52.29
2025-09-29,5,5,2025-09-29 12:22:00,2,ウェイキーカップ開設71周年記念,6,4320,峰 竜太,1,40,52,1,0,0.11,8.04,56.48,75,7.2,48,60,27.64,47.15,39.81,49.51
2025-09-29,5,6,2025-09-29 12:52:00,2,ウェイキーカップ開設71周年記念,1,4397,西村 拓也,1,38,52,0,0,0.13,7.2,57.24,74.34,6.83,55.17,68.97,32.5,49.17,32.08,49.06
2025-09-29,5,6,2025-09-29 12:52:00,2,ウェイキーカップ開設71周年記念,2,4848,仲谷 颯仁,1,31,52,0,0,0.15,7.13,51.35,69.37,0,0,0,29.17,45.83,33.02,50.94
2025-09-29,5,6,2025-09-29 12:52:00,2,ウェイキーカップ開設71周年記念,3,4573,佐藤 翼,1,37,52,0,0,0.14,7.51,49.14,68.97,7.4,48.94,70.21,37.6,60,34.86,57.8
2025-09-29,5,6,2025-09-29 12:52:00,2,ウェイキーカップ開設71周年記念,4,4278,藤岡 俊介,1,42,51.5,0,0,0.12,7,52.42,73.39,8,66.67,88.89,31.19,44.95,33.96,48.11
2025-09-29,5,6,2025-09-29 12:52:00,2,ウェイキーカップ開設71周年記念,5,4688,永井 彪也,1,32,52.8,1,0,0.13,6.91,50.75,66.42,6.9,48,70,55.36,68.75,39.81,60.19
2025-09-29,5,6,2025-09-29 12:52:00,2,ウェイキーカップ開設71周年記念,6,4776,竹田 和哉,1,31,52.4,0,0,0.17,6.89,47.1,72.26,7.3,60,60,26.17,44.86,27.36,41.51
2025-09-29,5,7,2025-09-29 13:27:00,2,ウェイキーカップ開設71周年記念,1,4256,渡辺 浩司,1,41,52,1,0,0.13,7.13,55.56,70.37,3.5,12.5,12.5,43.96,61.54,31.13,46.23
2025-09-29,5,7,2025-09-29 13:27:00,2,ウェイキーカップ開設71周年記念,2,4847,佐藤 隆太郎,1,31,52.5,1,0,0.12,6.69,44.07,57.63,6.55,46.97,69.7,29.46,48.21,31.07,43.69
2025-09-29,5,7,2025-09-29 13:27:00,2,ウェイキーカップ開設71周年記念,3,4066,東本 勝利,1,45,52.1,0,0,0.15,6.49,43.65,69.84,6.47,44.44,69.44,38.1,50,37.76,57.14
2025-09-29,5,7,2025-09-29 13:27:00,2,ウェイキーカップ開設71周年記念,4,4739,中村 晃朋,1,33,51,0,0,0.15,6.83,50,60.48,6,43.75,68.75,33.33,57.84,29.91,42.99
2025-09-29,5,7,2025-09-29 13:27:00,2,ウェイキーカップ開設71周年記念,5,3744,徳増 秀樹,1,50,52.6,1,0,0.13,6.83,53.06,63.27,8.13,76.32,86.84,30,47.69,32.69,48.08
2025-09-29,5,7,2025-09-29 13:27:00,2,ウェイキーカップ開設71周年記念,6,4002,古結 宏,1,47,52,1,0,0.14,6.83,50,71.67,6.84,61.29,70.97,40.16,58.27,36.61,56.25
2025-09-29,5,8,2025-09-29 14:03:00,2,ウェイキーカップ開設71周年記念,1,4324,海野 康志郎,1,37,54.7,0,0,0.14,7.17,56.44,70.55,7.17,50,66.67,31.58,54.74,32.98,50
2025-09-29,5,8,2025-09-29 14:03:00,2,ウェイキーカップ開設71周年記念,2,3822,平尾 崇典,1,52,50,0,0,0.17,7.06,54.61,75.66,5.87,36.36,56.36,29.31,44.83,33.33,53.33
2025-09-29,5,8,2025-09-29 14:03:00,2,ウェイキーカップ開設71周年記念,3,4686,丸野 一樹,1,34,53.3,0,0,0.16,7.7,53.28,71.53,5.53,17.65,41.18,41.59,53.1,36.54,46.15
2025-09-29,5,8,2025-09-29 14:03:00,2,ウェイキーカップ開設71周年記念,4,4760,山崎 郡,1,35,52,0,0,0.12,7.04,50.42,65.55,6.71,46.43,57.14,33.05,52.54,37.61,55.05
2025-09-29,5,8,2025-09-29 14:03:00,2,ウェイキーカップ開設71周年記念,5,4095,福来 剛,1,44,52,1,0,0.15,6.75,54.22,65.06,7.39,61.11,80.56,38.61,52.48,30.28,50.46
2025-09-29,5,8,2025-09-29 14:03:00,2,ウェイキーカップ開設71周年記念,6,4571,菅 章哉,1,37,52,0,0,0.17,6.87,49.5,56.44,6.5,41.67,41.67,40.86,59.14,31.48,48.15
2025-09-29,5,9,2025-09-29 14:40:00,2,ウェイキーカップ開設71周年記念,1,4682,大上 卓人,1,35,52.1,0,0,0.13,6.97,46.26,69.39,7.57,66.67,76.19,34.45,50.42,37.5,53.41
2025-09-29,5,9,2025-09-29 14:40:00,2,ウェイキーカップ開設71周年記念,2,4266,長田 頼宗,1,40,52,0,0,0.15,7.16,51.88,66.17,6.76,50,65.71,29.6,49.6,33.02,51.89
2025-09-29,5,9,2025-09-29 14:40:00,2,ウェイキーカップ開設71周年記念,3,4504,前田 将太,1,37,53.1,0,0,0.14,6.94,47.59,67.59,0,0,0,36.75,52.99,33.98,57.28
2025-09-29,5,9,2025-09-29 14:40:00,2,ウェイキーカップ開設71周年記念,4,4427,秦 英悟,1,40,52,0,0,0.14,7.6,60.32,75.4,7.9,70,85,28.44,47.71,41.58,62.38
2025-09-29,5,9,2025-09-29 14:40:00,2,ウェイキーカップ開設71周年記念,5,4757,山田 祐也,1,36,52.4,0,0,0.14,6.71,52.14,63.57,6.35,41.18,64.71,49.58,69.75,33.94,52.29
2025-09-29,5,9,2025-09-29 14:40:00,2,ウェイキーカップ開設71周年記念,6,4445,宮地 元輝,1,38,54.2,0,0,0.12,7.03,43.44,61.48,7.94,50,81.25,30,46.36,40.91,58.18
2025-09-29,5,10,2025-09-29 15:17:00,2,ウェイキーカップ開設71周年記念,1,3721,守田 俊介,1,50,52.2,0,0,0.13,7.67,62.6,76.42,6.96,52,64,27.55,47.96,43.56,59.41
2025-09-29,5,10,2025-09-29 15:17:00,2,ウェイキーカップ開設71周年記念,2,4237,大峯 豊,1,41,52,0,0,0.16,7.33,50.75,71.64,0,0,0,31.48,44.44,33.64,47.66
2025-09-29,5,10,2025-09-29 15:17:00,2,ウェイキーカップ開設71周年記念,3,4444,桐生 順平,1,38,52,0,0,0.14,7.61,50,69.49,7.52,40.74,74.07,33.33,52.38,37.04,54.63
2025-09-29,5,10,2025-09-29 15:17:00,2,ウェイキーカップ開設71周年記念,4,4762,藤原 啓史朗,1,35,51.5,1,0,0.13,7.71,62.81,77.69,6.78,44.44,66.67,40.94,54.33,50.5,61.39
2025-09-29,5,10,2025-09-29 15:17:00,2,ウェイキーカップ開設71周年記念,5,4907,小池 修平,1,30,52,1,0,0.14,7.25,60,73.1,8.14,57.14,71.43,43.53,57.65,32.63,46.32
2025-09-29,5,10,2025-09-29 15:17:00,2,ウェイキーカップ開設71周年記念,6,4848,仲谷 颯仁,1,31,52,0,0,0.15,7.13,51.35,69.37,0,0,0,29.17,45.83,33.02,50.94
2025-09-29,5,11,2025-09-29 15:54:00,2,ウェイキーカップ開設71周年記念,1,4075,中野 次郎,1,44,54.2,0,0,0.13,6.64,47.76,60.45,7.02,51.94,72.09,28.09,39.33,49.11,59.82
2025-09-29,5,11,2025-09-29 15:54:00,2,ウェイキーカップ開設71周年記念,2,4566,塩田 北斗,1,37,53.6,0,0,0.15,6.78,48.87,68.42,6.57,42.86,76.19,28.57,41.9,41.18,57.84
2025-09-29,5,11,2025-09-29 15:54:00,2,ウェイキーカップ開設71周年記念,3,4320,峰 竜太,1,40,52,1,0,0.11,8.04,56.48,75,7.2,48,60,27.64,47.15,39.81,49.51
2025-09-29,5,11,2025-09-29 15:54:00,2,ウェイキーカップ開設71周年記念,4,4787,椎名 豊,1,37,52,0,0,0.15,6.86,46.04,64.03,6.09,37.5,53.13,43.62,60.64,31.53,52.25
2025-09-29,5,11,2025-09-29 15:54:00,2,ウェイキーカップ開設71周年記念,5,4397,西村 拓也,1,38,52,0,0,0.13,7.2,57.24,74.34,6.83,55.17,68.97,32.5,49.17,32.08,49.06
2025-09-29,5,11,2025-09-29 15:54:00,2,ウェイキーカップ開設71周年記念,6,4547,中田 竜太,1,37,52,1,0,0.16,7.11,56.49,70.99,7.67,53.49,74.42,29.82,45.61,33.94,44.04
2025-09-29,5,12,2025-09-29 16:36:00,2,ウェイキーカップ開設71周年記念,1,4418,茅原 悠紀,1,38,53.9,0,0,0.14,8.1,60,79.29,7.97,50,81.25,28.46,40.65,32.08,43.4
2025-09-29,5,12,2025-09-29 16:36:00,2,ウェイキーカップ開設71周年記念,2,3590,濱野谷 憲吾,1,51,53.8,0,0,0.14,7.07,52.89,69.42,7.35,51.69,73.03,35.29,52.94,30.91,44.55
2025-09-29,5,12,2025-09-29 16:36:00,2,ウェイキーカップ開設71周年記念,3,4851,関 浩哉,1,30,50.5,0,0,0.14,7.48,49,70,7.68,54.39,78.95,43.01,56.99,27.88,50.96
2025-09-29,5,12,2025-09-29 16:36:00,2,ウェイキーカップ開設71周年記念,4,4719,上條 暢嵩,1,31,51.5,0,0,0.14,7.47,50.38,66.17,6.81,46.15,53.85,48.84,62.79,36.54,51.92
2025-09-29,5,12,2025-09-29 16:36:00,2,ウェイキーカップ開設71周年記念,5,4030,森高 一真,1,47,50,0,0,0.15,6.71,36.46,58.33,7.12,41.18,58.82,51.49,67.33,30.61,45.92
2025-09-29,5,12,2025-09-29 16:36:00,2,ウェイキーカップ開設71周年記念,6,4350,篠崎 元志,1,39,52.2,0,0,0.13,6.99,44.85,58.82,6,12.5,12.5,26.98,45.24,28.16,48.54
2025-09-29,6,1,2025-09-29 11:13:00,5,スポーツニッポン 菊花杯,1,4360,庄司 孝輔,3,40,52.3,0,0,0.18,4.9,31.03,47.41,5.59,35.92,54.37,33.01,47.57,37.55,55.9
2025-09-29,6,1,2025-09-29 11:13:00,5,スポーツニッポン 菊花杯,2,4846,佐藤 駿介,3,32,52.1,1,0,0.17,3.6,16.47,31.76,5.97,48.28,62.07,38.05,52.21,38.93,56.15
2025-09-29,6,1,2025-09-29 11:13:00,5,スポーツニッポン 菊花杯,3,3602,奥平 拓也,3,55,52,0,0,0.17,5.08,32.04,46.6,3,16.67,25,36.36,53.64,30.67,51.11
2025-09-29,6,1,2025-09-29 11:13:00,5,スポーツニッポン 菊花杯,4,5357,田中 瀬里奈,4,20,54.9,0,0,0.22,1.68,1.39,2.78,1,0,0,33.33,51.67,38.52,54.51
2025-09-29,6,1,2025-09-29 11:13:00,5,スポーツニッポン 菊花杯,5,5152,丸山 祐也,3,30,51,0,0,0.25,3.6,15.58,22.08,3.82,9.09,45.45,35.78,55.96,36.44,54.24
2025-09-29,6,1,2025-09-29 11:13:00,5,スポーツニッポン 菊花杯,6,4106,坂井 康嗣,3,45,52,0,0,0.2,3.62,13.48,24.72,5.35,29.41,52.94,30,55.45,30.87,43.48
2025-09-29,6,2,2025-09-29 11:38:00,5,スポーツニッポン 菊花杯,1,5310,土屋 蘭,3,20,47.5,0,0,0.22,3.72,12.66,29.11,0,0,0,46.9,69.03,39.67,56.61
2025-09-29,6,2,2025-09-29 11:38:00,5,スポーツニッポン 菊花杯,2,5081,篠原 飛翔,2,26,52.3,0,0,0.19,5.71,38.4,60,5.76,37.93,58.62,33.03,48.62,37.73,53.18
2025-09-29,6,2,2025-09-29 11:38:00,5,スポーツニッポン 菊花杯,3,3951,石川 吉鎬,2,49,56.3,0,0,0.18,6.18,43.31,63.78,6.89,44.44,77.78,34.75,48.31,37.76,58.51
2025-09-29,6,2,2025-09-29 11:38:00,5,スポーツニッポン 菊花杯,4,3973,崎 利仁,3,49,54.3,0,0,0.2,4.24,20,36.15,4.1,19.35,35.48,42.24,70.69,33.48,45.65
2025-09-29,6,2,2025-09-29 11:38:00,5,スポーツニッポン 菊花杯,5,5410,今泉 澪,4,20,47.9,0,0,,1.24,0,0,0,0,0,38.33,57.5,30.59,51.14
2025-09-29,6,2,2025-09-29 11:38:00,5,スポーツニッポン 菊花杯,6,4771,下寺 秀和,1,32,52,1,0,0.15,6.57,47.14,62.86,6,47.37,63.16,23.81,38.1,37.45,51.85
2025-09-29,6,3,2025-09-29 12:03:00,5,スポーツニッポン 菊花杯,1,4423,坂口 貴彦,3,36,53.5,0,0,0.19,5.28,32.79,50.82,6,33.33,66.67,33.64,52.34,36.82,56.07
2025-09-29,6,3,2025-09-29 12:03:00,5,スポーツニッポン 菊花杯,2,3747,國崎 良春,3,50,52.4,1,0,0.15,4.92,33.66,48.51,5.75,37.5,62.5,25,38.39,39.75,53.97
2025-09-29,6,3,2025-09-29 12:03:00,5,スポーツニッポン 菊花杯,3,3960,菊地 孝平,1,47,53.7,0,0,0.11,7.57,66.2,78.87,7.56,61.48,77.87,30.63,46.85,32.51,48.15
2025-09-29,6,3,2025-09-29 12:03:00,5,スポーツニッポン 菊花杯,4,4906,鈴木 雅希,2,30,52.6,0,0,0.16,5.47,34.33,57.46,5.6,40,60,32.14,44.64,36.18,48.78
2025-09-29,6,3,2025-09-29 12:03:00,5,スポーツニッポン 菊花杯,5,3987,後藤 正宗,2,47,53.8,1,0,0.15,5.33,36.84,53.95,5.8,37.98,57.36,42.11,61.4,34.89,57.45
2025-09-29,6,3,2025-09-29 12:03:00,5,スポーツニッポン 菊花杯,6,3579,中里 優子,3,52,48.8,0,0,0.16,5.55,37.68,53.62,5.03,27.59,41.38,32.43,46.85,34.75,50.85
2025-09-29,6,4,2025-09-29 12:29:00,5,スポーツニッポン 菊花杯,1,4361,柳生 泰二,1,40,52.9,1,0,0.14,7.15,54.74,73.72,6.37,52.63,57.89,50.85,66.1,32.05,45.73
2025-09-29,6,4,2025-09-29 12:29:00,5,スポーツニッポン 菊花杯,2,4176,樋口 喜彦,3,42,54.1,0,0,0.15,4.03,20.2,34.34,3.33,33.33,33.33,38.74,52.25,34.73,51.05
2025-09-29,6,4,2025-09-29 12:29:00,5,スポーツニッポン 菊花杯,3,5212,西川 拓利,3,26,52.7,0,0,0.16,5.02,29.25,51.89,3.68,10.53,31.58,28.04,47.66,31,47.6
2025-09-29,6,4,2025-09-29 12:29:00,5,スポーツニッポン 菊花杯,4,4281,大澤 大夢,3,41,53.6,0,0,0.16,5.15,27.37,47.37,6.78,55.56,66.67,28.57,50.48,34.75,49.58
2025-09-29,6,4,2025-09-29 12:29:00,5,スポーツニッポン 菊花杯,5,4317,木村 紗友希,3,41,47.1,1,0,0.19,4.24,25,39.58,4.56,23.44,46.88,50.81,70.16,33.91,52.79
2025-09-29,6,4,2025-09-29 12:29:00,5,スポーツニッポン 菊花杯,6,5414,中澤 英里,4,19,47,1,0,,1.16,0,0,1.25,0,0,38.53,55.96,33.63,51.57
2025-09-29,6,5,2025-09-29 12:57:00,5,スポーツニッポン 菊花杯,1,4145,小澤 学,3,43,54.2,0,0,0.26,3.47,8.82,24.51,0,0,0,35.51,58.88,34.04,48.51
2025-09-29,6,5,2025-09-29 12:57:00,5,スポーツニッポン 菊花杯,2,3505,山田 竜一,2,54,52.2,0,0,0.15,5.26,33.88,53.72,5.65,40,50,42.98,63.16,39.33,53.56
2025-09-29,6,5,2025-09-29 12:57:00,5,スポーツニッポン 菊花杯,3,4448,青木 玄太,1,38,53,0,0,0.19,7.26,54.46,81.19,7.97,71.88,84.38,26.55,42.48,31.91,47.23
2025-09-29,6,5,2025-09-29 12:57:00,5,スポーツニッポン 菊花杯,4,5269,山口 晃朋,3,24,52,1,0,0.15,5.36,31.73,52.88,3.97,21.99,33.33,45.3,66.67,33.93,53.57
2025-09-29,6,5,2025-09-29 12:57:00,5,スポーツニッポン 菊花杯,5,4276,鈴木 勝博,1,42,52.4,1,0,0.15,6.25,47.37,63.16,6,33.33,44.44,36.36,54.55,33.33,48.48
2025-09-29,6,5,2025-09-29 12:57:00,5,スポーツニッポン 菊花杯,6,4846,佐藤 駿介,3,32,52.1,1,0,0.17,3.6,16.47,31.76,5.97,48.28,62.07,38.05,52.21,38.93,56.15
2025-09-29,6,6,2025-09-29 13:23:00,5,スポーツニッポン 菊花杯,1,4723,寺島 吉彦,3,39,50.5,1,0,0.17,4.74,27.03,45.05,4.9,30,50,34.26,50.93,31.74,50.87
2025-09-29,6,6,2025-09-29 13:23:00,5,スポーツニッポン 菊花杯,2,3915,繁野谷 圭介,2,51,52,0,0,0.18,5.29,29.01,53.44,5.5,27.78,55.56,44.23,62.5,41.26,56.05
2025-09-29,6,6,2025-09-29 13:23:00,5,スポーツニッポン 菊花杯,3,4137,君島 秀三,1,45,52,1,0,0.14,6.87,52.67,74,6.38,45.83,54.17,43.59,59.83,41.38,58.19
2025-09-29,6,6,2025-09-29 13:23:00,5,スポーツニッポン 菊花杯,4,3576,白水 勝也,1,52,52,1,0,0.17,6.54,52.75,71.43,6.18,36.36,72.73,39.66,57.76,39.57,56.52
2025-09-29,6,6,2025-09-29 13:23:00,5,スポーツニッポン 菊花杯,5,3684,清水 攻二,2,51,52.3,0,0,0.18,5.67,36.29,58.06,4.61,26.09,39.13,26.67,47.62,34.1,48.39
2025-09-29,6,6,2025-09-29 13:23:00,5,スポーツニッポン 菊花杯,6,5410,今泉 澪,4,20,47.9,0,0,,1.24,0,0,0,0,0,38.33,57.5,30.59,51.14
2025-09-29,6,7,2025-09-29 14:08:00,5,スポーツニッポン 菊花杯,1,5296,永田 楽,3,23,46.5,0,0,0.21,4.68,29.06,40.17,4,27.78,33.33,32.74,52.21,28.93,49.24
2025-09-29,6,7,2025-09-29 14:08:00,5,スポーツニッポン 菊花杯,2,3983,須藤 博倫,1,47,51.5,0,0,0.16,5.94,40,57.14,0,0,0,49.59,58.68,35.65,53.91
2025-09-29,6,7,2025-09-29 14:08:00,5,スポーツニッポン 菊花杯,3,4069,山本 修一,1,45,53.2,1,0,0.17,6.49,50.44,69.91,6.5,53.57,75,36.45,47.66,34.58,52.92
2025-09-29,6,7,2025-09-29 14:08:00,5,スポーツニッポン 菊花杯,4,4228,吉田 慎二郎,2,42,54.4,0,0,0.18,5.24,32.46,50.88,5.74,42.86,51.43,38.39,50.89,40,60.42
2025-09-29,6,7,2025-09-29 14:08:00,5,スポーツニッポン 菊花杯,5,5357,田中 瀬里奈,4,20,54.9,0,0,0.22,1.68,1.39,2.78,1,0,0,33.33,51.67,38.52,54.51
2025-09-29,6,7,2025-09-29 14:08:00,5,スポーツニッポン 菊花杯,6,4709,岡村 将也,2,36,54.1,0,0,0.18,5.76,39.84,57.72,5.7,30,60,41.59,61.95,31.49,48.51
2025-09-29,6,8,2025-09-29 14:35:00,5,スポーツニッポン 菊花杯,1,3655,本橋 克洋,2,51,52.7,0,0,0.19,5.71,39.34,59.84,6.82,54.55,63.64,33.64,56.36,35.06,53.68
2025-09-29,6,8,2025-09-29 14:35:00,5,スポーツニッポン 菊花杯,2,3993,永井 聖美,3,46,48.6,0,0,0.16,5.63,38.46,53.85,7.1,60,60,45.79,67.29,31.62,44.44
2025-09-29,6,8,2025-09-29 14:35:00,5,スポーツニッポン 菊花杯,3,5310,土屋 蘭,3,20,47.5,0,0,0.22,3.72,12.66,29.11,0,0,0,46.9,69.03,39.67,56.61
2025-09-29,6,8,2025-09-29 14:35:00,5,スポーツニッポン 菊花杯,4,3960,菊地 孝平,1,47,53.7,0,0,0.11,7.57,66.2,78.87,7.56,61.48,77.87,30.63,46.85,32.51,48.15
2025-09-29,6,8,2025-09-29 14:35:00,5,スポーツニッポン 菊花杯,5,4360,庄司 孝輔,3,40,52.3,0,0,0.18,4.9,31.03,47.41,5.59,35.92,54.37,33.01,47.57,37.55,55.9
2025-09-29,6,8,2025-09-29 14:35:00,5,スポーツニッポン 菊花杯,6,4374,永田 義紘,3,41,52.1,0,0,0.17,4.55,20,39.09,3.39,16.67,27.78,38.6,51.75,36.1,52.28
2025-09-29,6,9,2025-09-29 15:10:00,5,スポーツニッポン 菊花杯,1,4276,鈴木 勝博,1,42,52.4,1,0,0.15,6.25,47.37,63.16,6,33.33,44.44,36.36,54.55,33.33,48.48
2025-09-29,6,9,2025-09-29 15:10:00,5,スポーツニッポン 菊花杯,2,4113,木村 浩士,3,45,55.4,0,0,0.19,4.93,30.48,45.71,5.06,34.38,46.88,41.59,52.21,36.36,48.35
2025-09-29,6,9,2025-09-29 15:10:00,5,スポーツニッポン 菊花杯,3,3987,後藤 正宗,2,47,53.8,1,0,0.15,5.33,36.84,53.95,5.8,37.98,57.36,42.11,61.4,34.89,57.45
2025-09-29,6,9,2025-09-29 15:10:00,5,スポーツニッポン 菊花杯,4,5081,篠原 飛翔,2,26,52.3,0,0,0.19,5.71,38.4,60,5.76,37.93,58.62,33.03,48.62,37.73,53.18
2025-09-29,6,9,2025-09-29 15:10:00,5,スポーツニッポン 菊花杯,5,4361,柳生 泰二,1,40,52.9,1,0,0.14,7.15,54.74,73.72,6.37,52.63,57.89,50.85,66.1,32.05,45.73
2025-09-29,6,9,2025-09-29 15:10:00,5,スポーツニッポン 菊花杯,6,3602,奥平 拓也,3,55,52,0,0,0.17,5.08,32.04,46.6,3,16.67,25,36.36,53.64,30.67,51.11
2025-09-29,6,10,2025-09-29 15:39:00,5,スポーツニッポン 菊花杯,1,4515,藤田 浩人,2,39,52.6,0,0,0.17,5.79,38.69,56.93,5.65,30,50,45.83,57.5,38.05,53.98
2025-09-29,6,10,2025-09-29 15:39:00,5,スポーツニッポン 菊花杯,2,3576,白水 勝也,1,52,52,1,0,0.17,6.54,52.75,71.43,6.18,36.36,72.73,39.66,57.76,39.57,56.52
2025-09-29,6,10,2025-09-29 15:39:00,5,スポーツニッポン 菊花杯,3,4906,鈴木 雅希,2,30,52.6,0,0,0.16,5.47,34.33,57.46,5.6,40,60,32.14,44.64,36.18,48.78
2025-09-29,6,10,2025-09-29 15:39:00,5,スポーツニッポン 菊花杯,4,5152,丸山 祐也,3,30,51,0,0,0.25,3.6,15.58,22.08,3.82,9.09,45.45,35.78,55.96,36.44,54.24
2025-09-29,6,10,2025-09-29 15:39:00,5,スポーツニッポン 菊花杯,5,4176,樋口 喜彦,3,42,54.1,0,0,0.15,4.03,20.2,34.34,3.33,33.33,33.33,38.74,52.25,34.73,51.05
2025-09-29,6,10,2025-09-29 15:39:00,5,スポーツニッポン 菊花杯,6,4448,青木 玄太,1,38,53,0,0,0.19,7.26,54.46,81.19,7.97,71.88,84.38,26.55,42.48,31.91,47.23
2025-09-29,6,11,2025-09-29 16:10:00,5,スポーツニッポン 菊花杯,1,4653,小野 達哉,1,39,52,0,0,0.16,6.19,47.62,61.9,6.83,41.67,83.33,25,44,35.27,49.38
2025-09-29,6,11,2025-09-29 16:10:00,5,スポーツニッポン 菊花杯,2,3951,石川 吉鎬,2,49,56.2,0,0,0.18,6.18,43.31,63.78,6.89,44.44,77.78,34.75,48.31,37.76,58.51
2025-09-29,6,11,2025-09-29 16:10:00,5,スポーツニッポン 菊花杯,3,4145,小澤 学,3,43,53.6,0,0,0.26,3.47,8.82,24.51,0,0,0,35.51,58.88,34.04,48.51
2025-09-29,6,11,2025-09-29 16:10:00,5,スポーツニッポン 菊花杯,4,3684,清水 攻二,2,51,52,0,0,0.18,5.67,36.29,58.06,4.61,26.09,39.13,26.67,47.62,34.1,48.39
2025-09-29,6,11,2025-09-29 16:10:00,5,スポーツニッポン 菊花杯,5,4281,大澤 大夢,3,41,53.4,0,0,0.16,5.15,27.37,47.37,6.78,55.56,66.67,28.57,50.48,34.75,49.58
2025-09-29,6,11,2025-09-29 16:10:00,5,スポーツニッポン 菊花杯,6,4069,山本 修一,1,45,52.9,1,0,0.17,6.49,50.44,69.91,6.5,53.57,75,36.45,47.66,34.58,52.92
2025-09-29,6,12,2025-09-29 16:51:00,5,スポーツニッポン 菊花杯,1,3983,須藤 博倫,1,47,51.5,0,0,0.16,5.94,40,57.14,0,0,0,49.59,58.68,35.65,53.91
2025-09-29,6,12,2025-09-29 16:51:00,5,スポーツニッポン 菊花杯,2,4771,下寺 秀和,1,32,52,1,0,0.15,6.57,47.14,62.86,6,47.37,63.16,23.81,38.1,37.45,51.85
2025-09-29,6,12,2025-09-29 16:51:00,5,スポーツニッポン 菊花杯,3,3505,山田 竜一,2,54,52.2,0,0,0.15,5.26,33.88,53.72,5.65,40,50,42.98,63.16,39.33,53.56
2025-09-29,6,12,2025-09-29 16:51:00,5,スポーツニッポン 菊花杯,4,4423,坂口 貴彦,3,36,53.5,0,0,0.19,5.28,32.79,50.82,6,33.33,66.67,33.64,52.34,36.82,56.07
2025-09-29,6,12,2025-09-29 16:51:00,5,スポーツニッポン 菊花杯,5,5212,西川 拓利,3,26,52.7,0,0,0.16,5.02,29.25,51.89,3.68,10.53,31.58,28.04,47.66,31,47.6
2025-09-29,6,12,2025-09-29 16:51:00,5,スポーツニッポン 菊花杯,6,3915,繁野谷 圭介,2,51,52,0,0,0.18,5.29,29.01,53.44,5.5,27.78,55.56,44.23,62.5,41.26,56.05
2025-09-29,8,1,2025-09-29 10:23:00,5,ウィンボとこなめ開設16周年記念常滑市長杯,1,4928,栗城 匠,1,30,52.2,0,0,0.17,6.97,53,76,7.33,66.67,80,38.35,55.34,30.43,47.83
2025-09-29,8,1,2025-09-29 10:23:00,5,ウィンボとこなめ開設16周年記念常滑市長杯,2,3156,金子 良昭,3,60,52.7,0,0,0.17,4.06,19.59,32.99,4.3,26.67,33.33,30.41,44.33,35.19,51.85
2025-09-29,8,1,2025-09-29 10:23:00,5,ウィンボとこなめ開設16周年記念常滑市長杯,3,4268,和合 俊介,3,40,59.8,1,0,0.16,3.47,13.68,26.32,3.32,3.57,28.57,34.18,49.49,24,52
2025-09-29,8,1,2025-09-29 10:23:00,5,ウィンボとこなめ開設16周年記念常滑市長杯,4,3075,中村 裕将,3,63,54.9,0,0,0.16,4.59,20.91,41.82,4.09,21.21,30.3,33.51,55.85,34,50
2025-09-29,8,1,2025-09-29 10:23:00,5,ウィンボとこなめ開設16周年記念常滑市長杯,5,5400,高村 諒,4,23,53.4,0,0,,1.04,0,0,0,0,0,27.67,49.03,20.45,43.18
2025-09-29,8,1,2025-09-29 10:23:00,5,ウィンボとこなめ開設16周年記念常滑市長杯,6,5259,野田 昇吾,3,32,57.2,0,0,0.18,3.25,13.68,23.16,1.9,0,6.67,38.79,54.21,28,40
2025-09-29,8,2,2025-09-29 10:52:00,5,ウィンボとこなめ開設16周年記念常滑市長杯,1,3202,三品 隆浩,3,60,51.5,0,0,0.2,4.54,25.26,42.11,0,0,0,33.17,53.37,34,48
2025-09-29,8,2,2025-09-29 10:52:00,5,ウィンボとこなめ開設16周年記念常滑市長杯,2,3581,加木 郁,3,52,52,1,0,0.2,4.93,27.93,44.14,5.46,30.77,53.85,25.41,38.12,37.74,47.17
2025-09-29,8,2,2025-09-29 10:52:00,5,ウィンボとこなめ開設16周年記念常滑市長杯,3,5145,島川 海輝,2,22,52.3,0,1,0.15,5.45,38.18,52.73,6.14,57.14,57.14,47,72.35,14.29,46.43
2025-09-29,8,2,2025-09-29 10:52:00,5,ウィンボとこなめ開設16周年記念常滑市長杯,4,5323,香川 陽太,4,22,57.1,1,0,0.19,4.19,19.23,39.74,2.33,0,5.56,34.88,51.16,30.36,51.79
2025-09-29,8,2,2025-09-29 10:52:00,5,ウィンボとこなめ開設16周年記念常滑市長杯,5,4528,黒井 達矢,1,37,52.8,0,0,0.16,7.34,56.9,74.14,7,55.56,66.67,33.17,49.5,30.19,41.51
2025-09-29,8,2,2025-09-29 10:52:00,5,ウィンボとこなめ開設16周年記念常滑市長杯,6,3957,大谷 直弘,3,48,53,0,0,0.19,5.04,28.44,44.95,4.98,27.5,45,35.41,48.8,37.5,52.08
2025-09-29,8,3,2025-09-29 11:19:00,5,ウィンボとこなめ開設16周年記念常滑市長杯,1,4782,浜崎 準也,3,38,52,1,0,0.17,4.36,20.78,36.36,5.74,41.94,51.61,41.29,57.21,36.54,57.69
2025-09-29,8,3,2025-09-29 11:19:00,5,ウィンボとこなめ開設16周年記念常滑市長杯,2,3662,大庭 元明,2,55,55.1,0,0,0.16,5.18,36.89,50,4.06,23.53,35.29,29.95,48.22,42.86,57.14
2025-09-29,8,3,2025-09-29 11:19:00,5,ウィンボとこなめ開設16周年記念常滑市長杯,3,3896,上田 洋平,3,49,50.5,0,0,0.17,5.37,30.51,57.63,5.41,35.29,50,35.62,51.07,36.84,50.88
2025-09-29,8,3,2025-09-29 11:19:00,5,ウィンボとこなめ開設16周年記念常滑市長杯,4,5419,櫻井 隼,4,19,52,0,0,,1.53,0,2.78,0,0,0,23,39,38.78,57.14
2025-09-29,8,3,2025-09-29 11:19:00,5,ウィンボとこなめ開設16周年記念常滑市長杯,5,4051,清水 敦揮,1,44,54,0,0,0.17,6.73,51.24,72.73,7.56,66.67,77.78,39.02,59.51,23.4,46.81
2025-09-29,8,3,2025-09-29 11:19:00,5,ウィンボとこなめ開設16周年記念常滑市長杯,6,4247,齊藤 優,2,43,52.3,0,0,0.16,4.69,23.15,37.04,5.43,14.29,57.14,35.81,50.23,53.23,72.58
2025-09-29,8,4,2025-09-29 11:48:00,5,ウィンボとこなめ開設16周年記念常滑市長杯,1,4041,小林 基樹,3,46,52,0,0,0.22,4.37,24.39,39.02,0,0,0,40.89,52.44,31.25,43.75
2025-09-29,8,4,2025-09-29 11:48:00,5,ウィンボとこなめ開設16周年記念常滑市長杯,2,4596,葛原 大陽,1,42,52.5,1,0,0.16,6.37,45.04,70.99,6.36,50,77.27,28.88,48.66,36.36,52.73
2025-09-29,8,4,2025-09-29 11:48:00,5,ウィンボとこなめ開設16周年記念常滑市長杯,3,3566,川添 英正,3,55,52,0,0,0.19,4.98,26.13,50.45,4.43,27.5,37.5,32.86,50.23,30.19,58.49
2025-09-29,8,4,2025-09-29 11:48:00,5,ウィンボとこなめ開設16周年記念常滑市長杯,4,4436,渋谷 明憲,2,39,52.2,0,0,0.16,6.23,46.09,66.41,5.14,14.29,42.86,34.86,47.25,23.91,32.61
2025-09-29,8,4,2025-09-29 11:48:00,5,ウィンボとこなめ開設16周年記念常滑市長杯,5,4356,長岡 良也,1,41,52,0,0,0.16,6.67,49.54,74.31,6.41,40.91,77.27,33.97,52.15,33.33,43.75
2025-09-29,8,4,2025-09-29 11:48:00,5,ウィンボとこなめ開設16周年記念常滑市長杯,6,5371,早川 颯太,4,23,52,1,0,0.19,1.48,0,4.76,1.25,0,0,29.89,46.74,20.83,37.5
2025-09-29,8,5,2025-09-29 12:18:00,5,ウィンボとこなめ開設16周年記念常滑市長杯,1,4319,三宅 潤,2,40,53.5,0,0,0.16,6.04,43.88,61.87,5.86,42.86,57.14,34.72,49.07,27.08,43.75
2025-09-29,8,5,2025-09-29 12:18:00,5,ウィンボとこなめ開設16周年記念常滑市長杯,2,5071,野見山 拓己,3,31,52.3,0,0,0.16,4.72,23.16,44.21,3.57,0,28.57,45.16,59.45,46,68
2025-09-29,8,5,2025-09-29 12:18:00,5,ウィンボとこなめ開設16周年記念常滑市長杯,3,4138,中井 俊祐,3,44,52,0,0,0.18,4.33,22.89,39.76,5,23.53,47.06,31,47,37.04,55.56
2025-09-29,8,5,2025-09-29 12:18:00,5,ウィンボとこなめ開設16周年記念常滑市長杯,4,4684,楠原 翔太,3,34,53.4,0,0,0.18,5.36,33.64,49.53,5.44,40,50,38.5,56.81,27.45,37.25
2025-09-29,8,5,2025-09-29 12:18:00,5,ウィンボとこなめ開設16周年記念常滑市長杯,5,4570,前田 聖文,1,37,52,0,0,0.13,6.69,50.7,75.35,6.88,54.65,76.74,41.95,58.05,31.37,47.06
2025-09-29,8,5,2025-09-29 12:18:00,5,ウィンボとこなめ開設16周年記念常滑市長杯,6,4469,土山 卓也,2,38,54,0,0,0.18,5.4,33.01,50.49,4.23,27.27,45.45,30.3,47.98,30.91,41.82
2025-09-29,8,6,2025-09-29 12:48:00,5,ウィンボとこなめ開設16周年記念常滑市長杯,1,4588,田中 京介,2,34,54,0,0,0.16,5.99,38.97,61.76,0,0,0,43.5,62.78,30.61,42.86
2025-09-29,8,6,2025-09-29 12:48:00,5,ウィンボとこなめ開設16周年記念常滑市長杯,2,2538,高橋 二朗,3,76,52,0,0,0.21,3.24,10,22.5,3.74,18.52,29.63,38.79,57.33,38.78,61.22
2025-09-29,8,6,2025-09-29 12:48:00,5,ウィンボとこなめ開設16周年記念常滑市長杯,3,3726,桂林 寛,3,54,54.5,2,0,0.16,4,18.6,37.21,3.63,21.05,31.58,32.86,48.57,38.78,59.18
2025-09-29,8,6,2025-09-29 12:48:00,5,ウィンボとこなめ開設16周年記念常滑市長杯,4,5400,高村 諒,4,23,53.4,0,0,,1.04,0,0,0,0,0,27.67,49.03,20.45,43.18
2025-09-29,8,6,2025-09-29 12:48:00,5,ウィンボとこなめ開設16周年記念常滑市長杯,5,4748,渡邉 雄朗,1,39,52,0,0,0.13,6.26,48.91,64.96,6.53,57.14,65.31,40,57.14,29.31,48.28
2025-09-29,8,6,2025-09-29 12:48:00,5,ウィンボとこなめ開設16周年記念常滑市長杯,6,3581,加木 郁,3,52,52,1,0,0.2,4.93,27.93,44.14,5.46,30.77,53.85,25.41,38.12,37.74,47.17
2025-09-29,8,7,2025-09-29 13:18:00,5,ウィンボとこなめ開設16周年記念常滑市長杯,1,4375,照屋 厚仁,2,41,52.3,0,0,0.16,5.63,41.96,55.36,6.7,56.67,73.33,40,56.74,25.49,43.14
2025-09-29,8,7,2025-09-29 13:18:00,5,ウィンボとこなめ開設16周年記念常滑市長杯,2,3896,上田 洋平,3,49,50.5,0,0,0.17,5.37,30.51,57.63,5.41,35.29,50,35.62,51.07,36.84,50.88
2025-09-29,8,7,2025-09-29 13:18:00,5,ウィンボとこなめ開設16周年記念常滑市長杯,3,5259,野田 昇吾,3,32,57.2,0,0,0.18,3.25,13.68,23.16,1.9,0,6.67,38.79,54.21,28,40
2025-09-29,8,7,2025-09-29 13:18:00,5,ウィンボとこなめ開設16周年記念常滑市長杯,4,3156,金子 良昭,3,60,52.7,0,0,0.17,4.06,19.59,32.99,4.3,26.67,33.33,30.41,44.33,35.19,51.85
2025-09-29,8,7,2025-09-29 13:18:00,5,ウィンボとこなめ開設16周年記念常滑市長杯,5,4544,松田 大志郎,1,37,52,0,0,0.17,7.85,69.23,81.2,6.13,47.83,69.57,32.08,55.66,23.53,43.14
2025-09-29,8,7,2025-09-29 13:18:00,5,ウィンボとこなめ開設16周年記念常滑市長杯,6,3662,大庭 元明,2,55,55.1,0,0,0.16,5.18,36.89,50,4.06,23.53,35.29,29.95,48.22,42.86,57.14
2025-09-29,8,8,2025-09-29 13:47:00,5,ウィンボとこなめ開設16周年記念常滑市長杯,1,4552,杉山 勝匡,2,36,51.5,0,0,0.15,4.98,32.74,48.67,5.86,35.71,57.14,36.02,53.08,24.49,44.9
2025-09-29,8,8,2025-09-29 13:47:00,5,ウィンボとこなめ開設16周年記念常滑市長杯,2,3566,川添 英正,3,55,52,0,0,0.19,4.98,26.13,50.45,4.43,27.5,37.5,32.86,50.23,30.19,58.49
2025-09-29,8,8,2025-09-29 13:47:00,5,ウィンボとこなめ開設16周年記念常滑市長杯,3,3075,中村 裕将,3,63,54.9,0,0,0.16,4.59,20.91,41.82,4.09,21.21,30.3,33.51,55.85,34,50
2025-09-29,8,8,2025-09-29 13:47:00,5,ウィンボとこなめ開設16周年記念常滑市長杯,4,3105,内山 文典,3,62,52.3,0,0,0.17,5.08,31.96,49.48,4.08,23.08,38.46,34.3,55.56,48.15,61.11
2025-09-29,8,8,2025-09-29 13:47:00,5,ウィンボとこなめ開設16周年記念常滑市長杯,5,3941,池田 浩二,1,47,52,0,0,0.13,7.88,54.62,74.62,8.16,72.15,87.34,34.48,47.29,42.86,55.1
2025-09-29,8,8,2025-09-29 13:47:00,5,ウィンボとこなめ開設16周年記念常滑市長杯,6,5419,櫻井 隼,4,19,52,0,0,,1.53,0,2.78,0,0,0,23,39,38.78,57.14
2025-09-29,8,9,2025-09-29 14:20:00,5,ウィンボとこなめ開設16周年記念常滑市長杯,1,5166,仲道 大輔,2,25,52,0,0,0.17,6.19,42.22,66.67,5.34,34.48,48.28,30.15,46.73,32.73,49.09
2025-09-29,8,9,2025-09-29 14:20:00,5,ウィンボとこなめ開設16周年記念常滑市長杯,2,4684,楠原 翔太,3,34,53.4,0,0,0.18,5.36,33.64,49.53,5.44,40,50,38.5,56.81,27.45,37.25
2025-09-29,8,9,2025-09-29 14:20:00,5,ウィンボとこなめ開設16周年記念常滑市長杯,3,3957,大谷 直弘,3,48,53,0,0,0.19,5.04,28.44,44.95,4.98,27.5,45,35.41,48.8,37.5,52.08
2025-09-29,8,9,2025-09-29 14:20:00,5,ウィンボとこなめ開設16周年記念常滑市長杯,4,4138,中井 俊祐,3,44,52,0,0,0.18,4.33,22.89,39.76,5,23.53,47.06,31,47,37.04,55.56
2025-09-29,8,9,2025-09-29 14:20:00,5,ウィンボとこなめ開設16周年記念常滑市長杯,5,3863,海老澤 泰行,3,51,55,1,0,0.16,3.92,15.91,29.55,4.75,25,46.43,36.84,55.02,22.45,30.61
2025-09-29,8,9,2025-09-29 14:20:00,5,ウィンボとこなめ開設16周年記念常滑市長杯,6,4879,山崎 鉄平,2,30,52,1,0,0.15,4.98,32.71,47.66,5.79,35.71,57.14,43.35,65.02,40.91,54.55
2025-09-29,8,10,2025-09-29 14:55:00,5,ウィンボとこなめ開設16周年記念常滑市長杯,1,4051,清水 敦揮,1,44,54,0,0,0.17,6.73,51.24,72.73,7.56,66.67,77.78,39.02,59.51,23.4,46.81
2025-09-29,8,10,2025-09-29 14:55:00,5,ウィンボとこなめ開設16周年記念常滑市長杯,2,4528,黒井 達矢,1,37,52.8,0,0,0.16,7.34,56.9,74.14,7,55.56,66.67,33.17,49.5,30.19,41.51
2025-09-29,8,10,2025-09-29 14:55:00,5,ウィンボとこなめ開設16周年記念常滑市長杯,3,4928,栗城 匠,1,30,52.2,0,0,0.17,6.97,53,76,7.33,66.67,80,38.35,55.34,30.43,47.83
2025-09-29,8,10,2025-09-29 14:55:00,5,ウィンボとこなめ開設16周年記念常滑市長杯,4,4588,田中 京介,2,34,54,0,0,0.16,5.99,38.97,61.76,0,0,0,43.5,62.78,30.61,42.86
2025-09-29,8,10,2025-09-29 14:55:00,5,ウィンボとこなめ開設16周年記念常滑市長杯,5,4596,葛原 大陽,1,42,52.5,1,0,0.16,6.37,45.04,70.99,6.36,50,77.27,28.88,48.66,36.36,52.73
2025-09-29,8,10,2025-09-29 14:55:00,5,ウィンボとこなめ開設16周年記念常滑市長杯,6,4319,三宅 潤,2,40,53.5,0,0,0.16,6.04,43.88,61.87,5.86,42.86,57.14,34.72,49.07,27.08,43.75
2025-09-29,8,11,2025-09-29 15:31:00,5,ウィンボとこなめ開設16周年記念常滑市長杯,1,4544,松田 大志郎,1,37,52,0,0,0.17,7.85,69.23,81.2,6.13,47.83,69.57,32.08,55.66,23.53,43.14
2025-09-29,8,11,2025-09-29 15:31:00,5,ウィンボとこなめ開設16周年記念常滑市長杯,2,4748,渡邉 雄朗,1,39,52,0,0,0.13,6.26,48.91,64.96,6.53,57.14,65.31,40,57.14,29.31,48.28
2025-09-29,8,11,2025-09-29 15:31:00,5,ウィンボとこなめ開設16周年記念常滑市長杯,3,4436,渋谷 明憲,2,39,52.2,0,0,0.16,6.23,46.09,66.41,5.14,14.29,42.86,34.86,47.25,23.91,32.61
2025-09-29,8,11,2025-09-29 15:31:00,5,ウィンボとこなめ開設16周年記念常滑市長杯,4,5071,野見山 拓己,3,31,52.3,0,0,0.16,4.72,23.16,44.21,3.57,0,28.57,45.16,59.45,46,68
2025-09-29,8,11,2025-09-29 15:31:00,5,ウィンボとこなめ開設16周年記念常滑市長杯,5,4782,浜崎 準也,3,38,52,1,0,0.17,4.36,20.78,36.36,5.74,41.94,51.61,41.29,57.21,36.54,57.69
2025-09-29,8,11,2025-09-29 15:31:00,5,ウィンボとこなめ開設16周年記念常滑市長杯,6,4375,照屋 厚仁,2,41,52.3,0,0,0.16,5.63,41.96,55.36,6.7,56.67,73.33,40,56.74,25.49,43.14
2025-09-29,8,12,2025-09-29 16:08:00,5,ウィンボとこなめ開設16周年記念常滑市長杯,1,3941,池田 浩二,1,47,51.5,0,0,0.13,7.88,54.62,74.62,8.16,72.15,87.34,34.48,47.29,42.86,55.1
2025-09-29,8,12,2025-09-29 16:08:00,5,ウィンボとこなめ開設16周年記念常滑市長杯,2,4570,前田 聖文,1,37,52,0,0,0.13,6.69,50.7,75.35,6.88,54.65,76.74,41.95,58.05,31.37,47.06
2025-09-29,8,12,2025-09-29 16:08:00,5,ウィンボとこなめ開設16周年記念常滑市長杯,3,4356,長岡 良也,1,41,52,0,0,0.16,6.67,49.54,74.31,6.41,40.91,77.27,33.97,52.15,33.33,43.75
2025-09-29,8,12,2025-09-29 16:08:00,5,ウィンボとこなめ開設16周年記念常滑市長杯,4,5145,島川 海輝,2,22,52.3,0,1,0.15,5.45,38.18,52.73,6.14,57.14,57.14,47,72.35,14.29,46.43
2025-09-29,8,12,2025-09-29 16:08:00,5,ウィンボとこなめ開設16周年記念常滑市長杯,5,4041,小林 基樹,3,46,52.3,0,0,0.22,4.37,24.39,39.02,0,0,0,40.89,52.44,31.25,43.75
2025-09-29,8,12,2025-09-29 16:08:00,5,ウィンボとこなめ開設16周年記念常滑市長杯,6,3202,三品 隆浩,3,60,51,0,0,0.2,4.54,25.26,42.11,0,0,0,33.17,53.37,34,48
2025-09-29,10,1,2025-09-29 08:40:00,5,福井ブローウィンズ杯,1,4314,青木 幸太郎,2,41,52,0,0,0.14,6,44.35,61.29,4.57,14.29,42.86,27.69,46.15,30.3,47.73
2025-09-29,10,1,2025-09-29 08:40:00,5,福井ブローウィンズ杯,2,4641,磯村 匠,3,34,52.2,1,0,0.19,4.31,23.64,36.36,4.06,18.75,31.25,28.36,47.01,29.32,44.36
2025-09-29,10,1,2025-09-29 08:40:00,5,福井ブローウィンズ杯,3,4982,中村 将隆,3,29,54.2,0,0,0.17,4.94,29.89,47.13,2.41,0,0,27.14,43.57,35.34,54.14
2025-09-29,10,1,2025-09-29 08:40:00,5,福井ブローウィンズ杯,4,5194,大久保 佑香,3,24,46,0,0,0.16,4.35,26.92,34.62,0,0,0,43.88,67.63,28.17,48.59
2025-09-29,10,1,2025-09-29 08:40:00,5,福井ブローウィンズ杯,5,5241,門田 栞,3,25,48.3,1,0,0.16,4.54,27.17,43.48,0,0,0,23.53,39.71,35.61,51.52
2025-09-29,10,1,2025-09-29 08:40:00,5,福井ブローウィンズ杯,6,5268,山本 幸也,3,24,56.9,1,0,0.18,2.94,12.31,20,0,0,0,34.03,45.83,40.14,56.34
2025-09-29,10,2,2025-09-29 09:06:00,5,福井ブローウィンズ杯,1,4483,北野 輝季,1,36,52.9,1,0,0.15,7.08,58.87,73.05,6.36,50,66.67,29.85,40.3,31.43,44.29
2025-09-29,10,2,2025-09-29 09:06:00,5,福井ブローウィンズ杯,2,4210,松村 康太,2,42,52.2,1,0,0.19,5.3,30.15,53.68,6.48,45.56,67.46,22.48,36.43,42.47,58.9
2025-09-29,10,2,2025-09-29 09:06:00,5,福井ブローウィンズ杯,3,4023,柴田 友和,3,48,52,0,0,0.17,4.48,22.12,38.46,3.38,12.5,18.75,36.11,47.22,38.41,55.8
2025-09-29,10,2,2025-09-29 09:06:00,5,福井ブローウィンズ杯,4,4100,松田 隆司,3,46,53.1,0,0,0.17,4.91,25.96,50.96,4.88,25,50,34.81,48.89,40.6,57.89
2025-09-29,10,2,2025-09-29 09:06:00,5,福井ブローウィンズ杯,5,3509,池 千夏,3,53,51.5,0,0,0.15,4.09,18.67,36,0,0,0,33.33,44.93,37.86,52.14
2025-09-29,10,2,2025-09-29 09:06:00,5,福井ブローウィンズ杯,6,5350,網代 良芽,3,21,52,1,0,0.18,2.99,7.89,18.42,1.85,0,15,30.34,47.59,29.77,47.33
2025-09-29,10,3,2025-09-29 09:32:00,5,福井ブローウィンズ杯,1,4150,山田 雄太,2,43,57.4,1,0,0.13,4.96,26.88,53.76,6.93,55.56,70.37,38.03,56.34,39.06,55.47
2025-09-29,10,3,2025-09-29 09:32:00,5,福井ブローウィンズ杯,2,5156,坂野 さくら,3,28,46,1,0,0.17,4.59,29.67,39.56,4.45,22.73,39.39,33.58,47.01,34.27,55.24
2025-09-29,10,3,2025-09-29 09:32:00,5,福井ブローウィンズ杯,3,5012,加倉 侑征,2,28,52.4,0,0,0.12,5.61,36.03,55.88,4.53,21.05,42.11,36.36,48.95,35.51,56.52
2025-09-29,10,3,2025-09-29 09:32:00,5,福井ブローウィンズ杯,4,5373,諏訪 玲奈,4,22,47.2,1,0,0.21,1.77,0,8.45,0,0,0,30.83,49.62,36.03,53.68
2025-09-29,10,3,2025-09-29 09:32:00,5,福井ブローウィンズ杯,5,4343,村岡 賢,3,41,53.3,0,0,0.18,3.4,8.49,21.7,2.33,0,16.67,34.75,56.03,36.11,48.61
2025-09-29,10,3,2025-09-29 09:32:00,5,福井ブローウィンズ杯,6,5298,水谷 理人,3,23,51.5,0,0,0.17,6,39.81,59.22,2.44,0,11.11,38.46,52.45,30.43,51.45
2025-09-29,10,4,2025-09-29 09:58:00,5,福井ブローウィンズ杯,1,4575,戸塚 邦好,2,37,52,1,0,0.14,6.44,45.12,67.07,6.83,60,73.33,35.25,51.8,27.41,43.7
2025-09-29,10,4,2025-09-29 09:58:00,5,福井ブローウィンズ杯,2,3852,澤 大介,3,53,52.4,0,0,0.17,5.17,32.81,48.44,4.77,27.27,43.18,25.87,39.16,36.57,50.75
2025-09-29,10,4,2025-09-29 09:58:00,5,福井ブローウィンズ杯,3,5010,宇留田 翔平,2,28,53.5,1,0,0.15,5.96,46.15,58.24,4.86,28.57,35.71,34.04,51.06,42.66,65.03
2025-09-29,10,4,2025-09-29 09:58:00,5,福井ブローウィンズ杯,4,4477,篠崎 仁志,1,37,54,0,0,0.14,7,48.8,70.4,3.25,0,12.5,26.9,44.14,28.68,47.29
2025-09-29,10,4,2025-09-29 09:58:00,5,福井ブローウィンズ杯,5,4020,川上 清人,3,45,64.1,1,0,0.17,3.93,19.1,31.46,3.57,17.39,34.78,35.42,56.94,23.08,38.46
2025-09-29,10,4,2025-09-29 09:58:00,5,福井ブローウィンズ杯,6,5123,福山 恵里奈,3,29,47.8,0,0,0.17,3.88,19.57,34.78,3.95,26.32,36.84,36.64,54.2,36.84,53.38
2025-09-29,10,5,2025-09-29 10:26:00,5,福井ブローウィンズ杯,1,5106,山崎 祥,3,26,52,0,0,0.21,5.07,30,49,5.33,33.33,50,31.39,51.82,40.14,57.04
2025-09-29,10,5,2025-09-29 10:26:00,5,福井ブローウィンズ杯,2,4076,杉田 篤光,2,47,52.3,0,0,0.2,5.74,39.62,54.72,6.5,50,75,31.69,47.89,24.62,40
2025-09-29,10,5,2025-09-29 10:26:00,5,福井ブローウィンズ杯,3,3891,谷口 健一,3,49,55.2,0,0,0.18,3.73,17.59,30.56,3.73,16.67,27.27,29.29,46.43,21.8,37.59
2025-09-29,10,5,2025-09-29 10:26:00,5,福井ブローウィンズ杯,4,4604,岩瀬 裕亮,1,37,52.1,0,0,0.14,7.26,54.61,76.97,6.88,50,64.71,27.14,42.86,26.12,46.27
2025-09-29,10,5,2025-09-29 10:26:00,5,福井ブローウィンズ杯,5,4641,磯村 匠,3,34,52.2,1,0,0.19,4.31,23.64,36.36,4.06,18.75,31.25,28.36,47.01,29.32,44.36
2025-09-29,10,5,2025-09-29 10:26:00,5,福井ブローウィンズ杯,6,3388,今垣 光太郎,1,56,52,1,0,0.17,6.55,38.83,55.34,8.02,70.19,80.12,33.09,46.76,40.15,55.3
2025-09-29,10,6,2025-09-29 10:54:00,5,福井ブローウィンズ杯,1,5194,大久保 佑香,3,24,46,0,0,0.16,4.35,26.92,34.62,0,0,0,43.88,67.63,28.17,48.59
2025-09-29,10,6,2025-09-29 10:54:00,5,福井ブローウィンズ杯,2,5073,上原 健次郎,3,30,52.6,0,0,0.18,5.54,34.26,60.19,4.56,22.22,44.44,37.24,55.17,31.85,46.67
2025-09-29,10,6,2025-09-29 10:54:00,5,福井ブローウィンズ杯,3,3509,池 千夏,3,53,51.5,0,0,0.15,4.09,18.67,36,0,0,0,33.33,44.93,37.86,52.14
2025-09-29,10,6,2025-09-29 10:54:00,5,福井ブローウィンズ杯,4,4049,荒川 健太,2,45,55.5,0,0,0.17,6.14,39.82,62.83,6.74,48.39,61.29,40,58.62,26.28,47.45
2025-09-29,10,6,2025-09-29 10:54:00,5,福井ブローウィンズ杯,5,5268,山本 幸也,3,24,56.9,1,0,0.18,2.94,12.31,20,0,0,0,34.03,45.83,40.14,56.34
2025-09-29,10,6,2025-09-29 10:54:00,5,福井ブローウィンズ杯,6,4459,片岡 雅裕,1,39,52.3,0,0,0.12,6.69,41.41,59.38,7.04,48,52,39.13,55.8,38.57,53.57
2025-09-29,10,7,2025-09-29 11:28:00,5,福井ブローウィンズ杯,1,5350,網代 良芽,3,21,52,1,0,0.18,2.99,7.89,18.42,1.85,0,15,30.34,47.59,29.77,47.33
2025-09-29,10,7,2025-09-29 11:28:00,5,福井ブローウィンズ杯,2,4343,村岡 賢,3,41,53.3,0,0,0.18,3.4,8.49,21.7,2.33,0,16.67,34.75,56.03,36.11,48.61
2025-09-29,10,7,2025-09-29 11:28:00,5,福井ブローウィンズ杯,3,5241,門田 栞,3,25,48.3,1,0,0.16,4.54,27.17,43.48,0,0,0,23.53,39.71,35.61,51.52
2025-09-29,10,7,2025-09-29 11:28:00,5,福井ブローウィンズ杯,4,5185,加藤 優弥,3,25,53.2,1,0,0.15,5.06,28.7,50.93,4.68,23.01,46.02,37.41,50.36,36.03,56.62
2025-09-29,10,7,2025-09-29 11:28:00,5,福井ブローウィンズ杯,5,4023,柴田 友和,3,48,52,0,0,0.17,4.48,22.12,38.46,3.38,12.5,18.75,36.11,47.22,38.41,55.8
2025-09-29,10,7,2025-09-29 11:28:00,5,福井ブローウィンズ杯,6,3967,鈴木 茂高,3,46,56.6,0,0,0.21,4.42,23.71,41.24,4.4,17.14,42.86,33.33,53.97,37.06,49.65
2025-09-29,10,8,2025-09-29 11:59:00,5,福井ブローウィンズ杯,1,5123,福山 恵里奈,3,29,47.8,0,0,0.17,3.88,19.57,34.78,3.95,26.32,36.84,36.64,54.2,36.84,53.38
2025-09-29,10,8,2025-09-29 11:59:00,5,福井ブローウィンズ杯,2,5037,田頭 虎親,3,27,52.1,1,0,0.19,4.66,28.57,45.71,6.67,50,75,29.66,45.52,37.23,49.64
2025-09-29,10,8,2025-09-29 11:59:00,5,福井ブローウィンズ杯,3,4150,山田 雄太,2,43,57.4,1,0,0.13,4.96,26.88,53.76,6.93,55.56,70.37,38.03,56.34,39.06,55.47
2025-09-29,10,8,2025-09-29 11:59:00,5,福井ブローウィンズ杯,4,4314,青木 幸太郎,2,41,52,0,0,0.14,6,44.35,61.29,4.57,14.29,42.86,27.69,46.15,30.3,47.73
2025-09-29,10,8,2025-09-29 11:59:00,5,福井ブローウィンズ杯,5,4210,松村 康太,2,42,52.2,1,0,0.19,5.3,30.15,53.68,6.48,45.56,67.46,22.48,36.43,42.47,58.9
2025-09-29,10,8,2025-09-29 11:59:00,5,福井ブローウィンズ杯,6,5373,諏訪 玲奈,4,22,47.2,1,0,0.21,1.77,0,8.45,0,0,0,30.83,49.62,36.03,53.68
2025-09-29,10,9,2025-09-29 12:32:00,5,福井ブローウィンズ杯,1,4020,川上 清人,3,45,64.1,1,0,0.17,3.93,19.1,31.46,3.57,17.39,34.78,35.42,56.94,23.08,38.46
2025-09-29,10,9,2025-09-29 12:32:00,5,福井ブローウィンズ杯,2,4524,深谷 知博,1,37,52,0,0,0.12,7.49,49.25,68.66,5.47,23.53,41.18,32.37,51.8,31.72,45.52
2025-09-29,10,9,2025-09-29 12:32:00,5,福井ブローウィンズ杯,3,4100,松田 隆司,3,46,53.1,0,0,0.17,4.91,25.96,50.96,4.88,25,50,34.81,48.89,40.6,57.89
2025-09-29,10,9,2025-09-29 12:32:00,5,福井ブローウィンズ杯,4,5012,加倉 侑征,2,28,52.4,0,0,0.12,5.61,36.03,55.88,4.53,21.05,42.11,36.36,48.95,35.51,56.52
2025-09-29,10,9,2025-09-29 12:32:00,5,福井ブローウィンズ杯,5,3891,谷口 健一,3,49,55.2,0,0,0.18,3.73,17.59,30.56,3.73,16.67,27.27,29.29,46.43,21.8,37.59
2025-09-29,10,9,2025-09-29 12:32:00,5,福井ブローウィンズ杯,6,4575,戸塚 邦好,2,37,52,1,0,0.14,6.44,45.12,67.07,6.83,60,73.33,35.25,51.8,27.41,43.7
2025-09-29,10,10,2025-09-29 13:05:00,5,福井ブローウィンズ杯,1,5298,水谷 理人,3,23,51.5,0,0,0.17,6,39.81,59.22,2.44,0,11.11,38.46,52.45,30.43,51.45
2025-09-29,10,10,2025-09-29 13:05:00,5,福井ブローウィンズ杯,2,4604,岩瀬 裕亮,1,37,52.1,0,0,0.14,7.26,54.61,76.97,6.88,50,64.71,27.14,42.86,26.12,46.27
2025-09-29,10,10,2025-09-29 13:05:00,5,福井ブローウィンズ杯,3,4049,荒川 健太,2,45,55.5,0,0,0.17,6.14,39.82,62.83,6.74,48.39,61.29,40,58.62,26.28,47.45
2025-09-29,10,10,2025-09-29 13:05:00,5,福井ブローウィンズ杯,4,4982,中村 将隆,3,29,54.2,0,0,0.17,4.94,29.89,47.13,2.41,0,0,27.14,43.57,35.34,54.14
2025-09-29,10,10,2025-09-29 13:05:00,5,福井ブローウィンズ杯,5,3852,澤 大介,3,53,52.4,0,0,0.17,5.17,32.81,48.44,4.77,27.27,43.18,25.87,39.16,36.57,50.75
2025-09-29,10,10,2025-09-29 13:05:00,5,福井ブローウィンズ杯,6,4483,北野 輝季,1,36,52.9,1,0,0.15,7.08,58.87,73.05,6.36,50,66.67,29.85,40.3,31.43,44.29
2025-09-29,10,11,2025-09-29 13:40:00,5,福井ブローウィンズ杯,1,4459,片岡 雅裕,1,39,52.3,0,0,0.12,6.69,41.41,59.38,7.04,48,52,39.13,55.8,38.57,53.57
2025-09-29,10,11,2025-09-29 13:40:00,5,福井ブローウィンズ杯,2,5010,宇留田 翔平,2,28,53.5,1,0,0.15,5.96,46.15,58.24,4.86,28.57,35.71,34.04,51.06,42.66,65.03
2025-09-29,10,11,2025-09-29 13:40:00,5,福井ブローウィンズ杯,3,4477,篠崎 仁志,1,37,54,0,0,0.14,7,48.8,70.4,3.25,0,12.5,26.9,44.14,28.68,47.29
2025-09-29,10,11,2025-09-29 13:40:00,5,福井ブローウィンズ杯,4,4076,杉田 篤光,2,47,52.3,0,0,0.2,5.74,39.62,54.72,6.5,50,75,31.69,47.89,24.62,40
2025-09-29,10,11,2025-09-29 13:40:00,5,福井ブローウィンズ杯,5,5156,坂野 さくら,3,28,46,1,0,0.17,4.59,29.67,39.56,4.45,22.73,39.39,33.58,47.01,34.27,55.24
2025-09-29,10,11,2025-09-29 13:40:00,5,福井ブローウィンズ杯,6,5073,上原 健次郎,3,30,52.6,0,0,0.18,5.54,34.26,60.19,4.56,22.22,44.44,37.24,55.17,31.85,46.67
2025-09-29,10,12,2025-09-29 14:18:00,5,福井ブローウィンズ杯,1,4044,湯川 浩司,1,46,52.3,0,0,0.14,7.25,53.17,68.25,6.69,37.5,56.25,39.29,57.14,19.85,39.69
2025-09-29,10,12,2025-09-29 14:18:00,5,福井ブローウィンズ杯,2,4083,福島 勇樹,2,46,52,0,0,0.15,6.48,52.5,70,7.14,58.62,75.86,30.94,48.2,31.21,52.48
2025-09-29,10,12,2025-09-29 14:18:00,5,福井ブローウィンズ杯,3,4243,西村 歩,2,39,47.8,0,0,0.16,5.53,34.02,56.7,2.89,22.22,22.22,26.67,41.48,29.03,43.55
2025-09-29,10,12,2025-09-29 14:18:00,5,福井ブローウィンズ杯,4,4168,石野 貴之,1,43,52.6,0,0,0.16,6.71,51.64,63.93,0,0,0,29.86,46.53,36.43,58.57
2025-09-29,10,12,2025-09-29 14:18:00,5,福井ブローウィンズ杯,5,3158,島川 光男,2,60,52.1,0,0,0.15,5.75,38.71,58.06,6.46,50,71.74,38.13,55.4,29.1,45.52
2025-09-29,10,12,2025-09-29 14:18:00,5,福井ブローウィンズ杯,6,4430,永田 秀二,2,39,55.4,0,0,0.17,5.47,33.59,52.67,5.44,33.33,55.56,37.5,58.09,35.82,51.49
2025-09-29,11,1,2025-09-29 10:32:00,5,第2回浪乃音酒造杯,1,4625,渡邊 裕貴,3,39,52,0,0,0.15,4.66,25.93,40.74,4.7,20,50,22.83,35.87,36.75,56.41
2025-09-29,11,1,2025-09-29 10:32:00,5,第2回浪乃音酒造杯,2,3869,井芹 大志,3,50,55,0,0,0.17,4.08,20.18,37.72,4.37,29.63,37.04,37.17,53.1,37.27,57.27
2025-09-29,11,1,2025-09-29 10:32:00,5,第2回浪乃音酒造杯,3,3731,高濱 芳久,2,52,52.4,0,0,0.17,5.32,38.14,52.54,5.44,27.78,55.56,20.93,36.05,34.21,50.88
2025-09-29,11,1,2025-09-29 10:32:00,5,第2回浪乃音酒造杯,4,5086,本村 大,3,26,52.3,0,0,0.19,4.48,21.1,41.28,0,0,0,26.97,41.57,33.64,45.45
2025-09-29,11,1,2025-09-29 10:32:00,5,第2回浪乃音酒造杯,5,4550,石岡 将太,3,36,55.4,0,0,0.16,5.44,35.58,53.85,4.17,13.33,26.67,30.91,50,22.45,41.84
2025-09-29,11,1,2025-09-29 10:32:00,5,第2回浪乃音酒造杯,6,4441,末永 由楽,1,39,54.3,1,0,0.13,5.65,35.9,53.85,6.07,44.64,60.71,46.62,57.14,36.11,53.7
2025-09-29,11,2,2025-09-29 10:58:00,5,第2回浪乃音酒造杯,1,3945,橋口 真樹,3,49,52.3,0,0,0.2,3.73,13.33,25.33,4.22,20,40,39.52,53.23,28.18,50.91
2025-09-29,11,2,2025-09-29 10:58:00,5,第2回浪乃音酒造杯,2,4348,宮崎 奨,2,40,53.1,0,0,0.18,6.2,44.09,67.72,5.35,39.13,52.17,33.04,48.21,34.58,53.27
2025-09-29,11,2,2025-09-29 10:58:00,5,第2回浪乃音酒造杯,3,5060,数原 魁,2,28,51.5,1,0,0.17,5.14,29.76,53.57,6.05,50,65,32.81,53.13,37.38,52.34
2025-09-29,11,2,2025-09-29 10:58:00,5,第2回浪乃音酒造杯,4,4824,松井 洪弥,2,32,52,0,0,0.13,6.47,42.45,66.91,7.25,55,75,34.31,49.02,33.33,48.15
2025-09-29,11,2,2025-09-29 10:58:00,5,第2回浪乃音酒造杯,5,3584,佐々木 英樹,3,52,52.4,0,0,0.18,4.78,28.97,45.79,4.77,33.33,39.58,36.97,52.94,27.45,39.22
2025-09-29,11,2,2025-09-29 10:58:00,5,第2回浪乃音酒造杯,6,5390,高橋 涼夏,4,18,45,0,0,0.19,1.56,0,0,0,0,0,31.07,55.34,21.88,41.67
2025-09-29,11,3,2025-09-29 11:24:00,5,第2回浪乃音酒造杯,1,5090,生方 靖亜,3,24,52.7,0,0,0.18,5.3,32.33,52.63,4.42,31.58,36.84,33.63,50.44,27.62,53.33
2025-09-29,11,3,2025-09-29 11:24:00,5,第2回浪乃音酒造杯,2,4331,三好 勇人,3,42,54.3,0,0,0.16,5.87,33.9,59.32,5.69,34.38,56.25,30.77,46.15,36.45,57.94
2025-09-29,11,3,2025-09-29 11:24:00,5,第2回浪乃音酒造杯,3,5295,田上 凜,3,23,46.5,1,0,0.22,3.37,9.52,26.98,2.07,2.44,9.76,23.53,36.76,31.43,47.62
2025-09-29,11,3,2025-09-29 11:24:00,5,第2回浪乃音酒造杯,4,3801,五反田 忍,3,51,51.1,0,1,0.16,5.67,46.3,55.56,4.37,25.93,33.33,44.93,63.77,35.34,56.9
2025-09-29,11,3,2025-09-29 11:24:00,5,第2回浪乃音酒造杯,5,4345,西舘 健,2,40,54.2,1,0,0.16,6.16,43.48,63.04,7,50,83.33,37.5,48.21,41.23,57.89
2025-09-29,11,3,2025-09-29 11:24:00,5,第2回浪乃音酒造杯,6,4594,谷川 祐一,2,43,52,1,0,0.16,6.04,41.32,59.5,6.31,48.91,62.04,47.79,63.97,20.41,38.78
2025-09-29,11,4,2025-09-29 11:50:00,5,第2回浪乃音酒造杯,1,3647,伊藤 雄二,3,52,50.5,1,0,0.15,3.86,16.35,30.77,4.9,24.14,44.83,32.52,54.47,33.9,51.69
2025-09-29,11,4,2025-09-29 11:50:00,5,第2回浪乃音酒造杯,2,4146,柳橋 宏紀,3,43,53.1,0,0,0.16,4.45,20.37,42.59,5.35,36.69,53.24,29.57,51.3,33.94,48.62
2025-09-29,11,4,2025-09-29 11:50:00,5,第2回浪乃音酒造杯,3,4447,深川 麻奈美,2,38,49.1,1,0,0.16,6.81,51.69,68.64,6.65,54.84,70.97,29.25,49.06,35.65,53.91
2025-09-29,11,4,2025-09-29 11:50:00,5,第2回浪乃音酒造杯,4,4672,守屋 大地,3,39,52.3,0,0,0.19,4.6,27.1,46.73,3.65,14.71,32.35,26.17,42.99,21,39
2025-09-29,11,4,2025-09-29 11:50:00,5,第2回浪乃音酒造杯,5,4773,中川 りな,2,32,49,0,0,0.18,5.5,35,52.86,0,0,0,39.66,64.66,13.86,29.7
2025-09-29,11,4,2025-09-29 11:50:00,5,第2回浪乃音酒造杯,6,4019,笠原 亮,1,45,52.4,0,0,0.17,7.2,52.63,71.93,6.94,41.18,58.82,30.21,43.75,34.26,44.44
2025-09-29,11,5,2025-09-29 12:20:00,5,第2回浪乃音酒造杯,1,4164,岩永 節也,3,43,52,0,0,0.18,3.69,9.89,25.27,0,0,0,34.75,50.85,30.09,49.56
2025-09-29,11,5,2025-09-29 12:20:00,5,第2回浪乃音酒造杯,2,3731,高濱 芳久,2,52,52.4,0,0,0.17,5.32,38.14,52.54,5.44,27.78,55.56,20.93,36.05,34.21,50.88
2025-09-29,11,5,2025-09-29 12:20:00,5,第2回浪乃音酒造杯,3,4034,西原 明生,3,46,54.6,0,0,0.19,4.3,18.52,40.74,4.4,15,40,39.29,60.71,40,60
2025-09-29,11,5,2025-09-29 12:20:00,5,第2回浪乃音酒造杯,4,3994,小野 桜,3,46,46.5,0,0,0.18,5.04,24.18,48.35,6.16,44,66,45.74,64.34,31.07,54.37
2025-09-29,11,5,2025-09-29 12:20:00,5,第2回浪乃音酒造杯,5,4754,松尾 充,1,37,50,1,0,0.15,6.35,46.32,65.44,6.27,43.18,61.36,35.71,57.14,34.55,47.27
2025-09-29,11,5,2025-09-29 12:20:00,5,第2回浪乃音酒造杯,6,3414,加瀬 智宏,3,55,54.8,0,0,0.15,4.57,27.16,38.27,1,0,0,32.11,45.87,37.11,52.58
2025-09-29,11,6,2025-09-29 12:50:00,5,第2回浪乃音酒造杯,1,4635,峰重 力也,3,35,52.5,0,0,0.15,4.37,23.29,42.47,5.15,30,55,26.6,42.55,38.79,56.9
2025-09-29,11,6,2025-09-29 12:50:00,5,第2回浪乃音酒造杯,2,3944,山口 裕二,1,46,52.3,0,0,0.16,5.88,40.82,61.22,5.71,33.33,52.38,41.88,52.99,37.72,47.37
2025-09-29,11,6,2025-09-29 12:50:00,5,第2回浪乃音酒造杯,3,4550,石岡 将太,3,36,55.4,0,0,0.16,5.44,35.58,53.85,4.17,13.33,26.67,30.91,50,22.45,41.84
2025-09-29,11,6,2025-09-29 12:50:00,5,第2回浪乃音酒造杯,4,3246,星野 政彦,3,61,52,1,0,0.16,3.64,12.5,28.13,3.88,18.75,31.25,32,48,35.71,50.89
2025-09-29,11,6,2025-09-29 12:50:00,5,第2回浪乃音酒造杯,5,3945,橋口 真樹,3,49,52.3,0,0,0.2,3.73,13.33,25.33,4.22,20,40,39.52,53.23,28.18,50.91
2025-09-29,11,6,2025-09-29 12:50:00,5,第2回浪乃音酒造杯,6,5390,高橋 涼夏,4,18,45,0,0,0.19,1.56,0,0,0,0,0,31.07,55.34,21.88,41.67
2025-09-29,11,7,2025-09-29 13:20:00,5,第2回浪乃音酒造杯,1,5086,本村 大,3,26,52.3,0,0,0.19,4.48,21.1,41.28,0,0,0,26.97,41.57,33.64,45.45
2025-09-29,11,7,2025-09-29 13:20:00,5,第2回浪乃音酒造杯,2,3584,佐々木 英樹,3,52,52.4,0,0,0.18,4.78,28.97,45.79,4.77,33.33,39.58,36.97,52.94,27.45,39.22
2025-09-29,11,7,2025-09-29 13:20:00,5,第2回浪乃音酒造杯,3,5045,平川 香織,3,25,47,1,0,0.18,5.24,30.34,51.69,5.33,33.33,44.44,19.51,37.8,28.95,42.11
2025-09-29,11,7,2025-09-29 13:20:00,5,第2回浪乃音酒造杯,4,5295,田上 凜,3,23,46.5,1,0,0.22,3.37,9.52,26.98,2.07,2.44,9.76,23.53,36.76,31.43,47.62
2025-09-29,11,7,2025-09-29 13:20:00,5,第2回浪乃音酒造杯,5,3869,井芹 大志,3,50,55,0,0,0.17,4.08,20.18,37.72,4.37,29.63,37.04,37.17,53.1,37.27,57.27
2025-09-29,11,7,2025-09-29 13:20:00,5,第2回浪乃音酒造杯,6,4218,吉川 喜継,1,44,52,0,0,0.16,6.65,52,72,6.58,47.4,72.08,26.47,44.12,44.63,68.6
2025-09-29,11,8,2025-09-29 13:49:00,5,第2回浪乃音酒造杯,1,4672,守屋 大地,3,39,52.3,0,0,0.19,4.6,27.1,46.73,3.65,14.71,32.35,26.17,42.99,21,39
2025-09-29,11,8,2025-09-29 13:49:00,5,第2回浪乃音酒造杯,2,4824,松井 洪弥,2,32,52,0,0,0.13,6.47,42.45,66.91,7.25,55,75,34.31,49.02,33.33,48.15
2025-09-29,11,8,2025-09-29 13:49:00,5,第2回浪乃音酒造杯,3,4625,渡邊 裕貴,3,39,52,0,0,0.15,4.66,25.93,40.74,4.7,20,50,22.83,35.87,36.75,56.41
2025-09-29,11,8,2025-09-29 13:49:00,5,第2回浪乃音酒造杯,4,4345,西舘 健,2,40,54.2,1,0,0.16,6.16,43.48,63.04,7,50,83.33,37.5,48.21,41.23,57.89
2025-09-29,11,8,2025-09-29 13:49:00,5,第2回浪乃音酒造杯,5,3647,伊藤 雄二,3,52,50.5,1,0,0.15,3.86,16.35,30.77,4.9,24.14,44.83,32.52,54.47,33.9,51.69
2025-09-29,11,8,2025-09-29 13:49:00,5,第2回浪乃音酒造杯,6,3950,石川 哲秀,3,49,56.1,1,0,0.15,3.68,15.94,30.43,3.84,14.75,31.15,23.08,41.76,23.71,30.93
2025-09-29,11,9,2025-09-29 14:22:00,5,第2回浪乃音酒造杯,1,3801,五反田 忍,3,51,51.1,0,1,0.16,5.67,46.3,55.56,4.37,25.93,33.33,44.93,63.77,35.34,56.9
2025-09-29,11,9,2025-09-29 14:22:00,5,第2回浪乃音酒造杯,2,4447,深川 麻奈美,2,38,49.1,1,0,0.16,6.81,51.69,68.64,6.65,54.84,70.97,29.25,49.06,35.65,53.91
2025-09-29,11,9,2025-09-29 14:22:00,5,第2回浪乃音酒造杯,3,4164,岩永 節也,3,43,52,0,0,0.18,3.69,9.89,25.27,0,0,0,34.75,50.85,30.09,49.56
2025-09-29,11,9,2025-09-29 14:22:00,5,第2回浪乃音酒造杯,4,4146,柳橋 宏紀,3,43,53.1,0,0,0.16,4.45,20.37,42.59,5.35,36.69,53.24,29.57,51.3,33.94,48.62
2025-09-29,11,9,2025-09-29 14:22:00,5,第2回浪乃音酒造杯,5,4034,西原 明生,3,46,54.6,0,0,0.19,4.3,18.52,40.74,4.4,15,40,39.29,60.71,40,60
2025-09-29,11,9,2025-09-29 14:22:00,5,第2回浪乃音酒造杯,6,4635,峰重 力也,3,35,52.5,0,0,0.15,4.37,23.29,42.47,5.15,30,55,26.6,42.55,38.79,56.9
2025-09-29,11,10,2025-09-29 14:58:00,5,第2回浪乃音酒造杯,1,4441,末永 由楽,1,39,54.3,1,0,0.13,5.65,35.9,53.85,6.07,44.64,60.71,46.62,57.14,36.11,53.7
2025-09-29,11,10,2025-09-29 14:58:00,5,第2回浪乃音酒造杯,2,4773,中川 りな,2,32,49,0,0,0.18,5.5,35,52.86,0,0,0,39.66,64.66,13.86,29.7
2025-09-29,11,10,2025-09-29 14:58:00,5,第2回浪乃音酒造杯,3,3994,小野 桜,3,46,46.5,0,0,0.18,5.04,24.18,48.35,6.16,44,66,45.74,64.34,31.07,54.37
2025-09-29,11,10,2025-09-29 14:58:00,5,第2回浪乃音酒造杯,4,5060,数原 魁,2,28,51.5,1,0,0.17,5.14,29.76,53.57,6.05,50,65,32.81,53.13,37.38,52.34
2025-09-29,11,10,2025-09-29 14:58:00,5,第2回浪乃音酒造杯,5,3944,山口 裕二,1,46,52.3,0,0,0.16,5.88,40.82,61.22,5.71,33.33,52.38,41.88,52.99,37.72,47.37
2025-09-29,11,10,2025-09-29 14:58:00,5,第2回浪乃音酒造杯,6,4331,三好 勇人,3,42,54.3,0,0,0.16,5.87,33.9,59.32,5.69,34.38,56.25,30.77,46.15,36.45,57.94
2025-09-29,11,11,2025-09-29 15:34:00,5,第2回浪乃音酒造杯,1,4019,笠原 亮,1,45,52.4,0,0,0.17,7.2,52.63,71.93,6.94,41.18,58.82,30.21,43.75,34.26,44.44
2025-09-29,11,11,2025-09-29 15:34:00,5,第2回浪乃音酒造杯,2,4754,松尾 充,1,37,50,1,0,0.15,6.35,46.32,65.44,6.27,43.18,61.36,35.71,57.14,34.55,47.27
2025-09-29,11,11,2025-09-29 15:34:00,5,第2回浪乃音酒造杯,3,3246,星野 政彦,3,61,52,1,0,0.16,3.64,12.5,28.13,3.88,18.75,31.25,32,48,35.71,50.89
2025-09-29,11,11,2025-09-29 15:34:00,5,第2回浪乃音酒造杯,4,5090,生方 靖亜,3,24,52.7,0,0,0.18,5.3,32.33,52.63,4.42,31.58,36.84,33.63,50.44,27.62,53.33
2025-09-29,11,11,2025-09-29 15:34:00,5,第2回浪乃音酒造杯,5,4348,宮崎 奨,2,40,53.1,0,0,0.18,6.2,44.09,67.72,5.35,39.13,52.17,33.04,48.21,34.58,53.27
2025-09-29,11,11,2025-09-29 15:34:00,5,第2回浪乃音酒造杯,6,5045,平川 香織,3,25,47,1,0,0.18,5.24,30.34,51.69,5.33,33.33,44.44,19.51,37.8,28.95,42.11
2025-09-29,11,12,2025-09-29 16:19:00,5,第2回浪乃音酒造杯,1,4460,後藤 翔之,1,39,54.4,0,0,0.14,5.97,42.11,59.21,7,56.52,67.39,51.56,64.84,50.85,67.8
2025-09-29,11,12,2025-09-29 16:19:00,5,第2回浪乃音酒造杯,2,4369,丹下 将,1,39,55.3,0,0,0.17,5.6,39.83,53.39,6.21,34.21,65.79,32.46,46.49,34.55,51.82
2025-09-29,11,12,2025-09-29 16:19:00,5,第2回浪乃音酒造杯,3,4188,久田 敏之,1,44,52,0,0,0.14,7.94,68.1,82.76,7.26,51.28,71.79,18.75,31.25,27.78,44.44
2025-09-29,11,12,2025-09-29 16:19:00,5,第2回浪乃音酒造杯,4,4953,尾上 雅也,1,30,52,0,0,0.16,6.66,49.24,67.42,6.37,44.44,66.67,33.62,52.59,24.73,37.63
2025-09-29,11,12,2025-09-29 16:19:00,5,第2回浪乃音酒造杯,5,4936,戸敷 晃美,2,29,47,1,0,0.16,5.04,30.91,47.27,5.5,40,50,28.87,44.33,31.82,52.73
2025-09-29,11,12,2025-09-29 16:19:00,5,第2回浪乃音酒造杯,6,4351,里岡 右貴,1,39,53,1,0,0.15,6.63,48.44,68.75,0,0,0,28.09,37.08,28.95,48.25
2025-09-29,14,1,2025-09-29 08:48:00,5,松茂町ほか二町ボートレース事業組合開設57周年記念,1,4384,鶴本 崇文,1,40,52.3,0,0,0.16,6.79,50,75.37,5.67,33.33,52.38,43.43,62.63,26.58,44.3
2025-09-29,14,1,2025-09-29 08:48:00,5,松茂町ほか二町ボートレース事業組合開設57周年記念,2,5334,樫葉 新心,3,21,45.5,0,0,0.2,3.2,7.69,19.23,2.7,7.81,15.63,23.33,45.56,30.56,50
2025-09-29,14,1,2025-09-29 08:48:00,5,松茂町ほか二町ボートレース事業組合開設57周年記念,3,5358,増本 杏珠,3,20,48.2,0,0,0.2,2.68,5.88,14.71,0,0,0,40,52.38,31.96,43.3
2025-09-29,14,1,2025-09-29 08:48:00,5,松茂町ほか二町ボートレース事業組合開設57周年記念,4,3372,加藤 雅之,3,58,52.2,0,0,0.22,3.64,13.19,28.57,3.66,18.75,34.38,43.16,61.05,34.31,48.04
2025-09-29,14,1,2025-09-29 08:48:00,5,松茂町ほか二町ボートレース事業組合開設57周年記念,5,4465,大西 賢,3,39,52.2,1,0,0.18,3.65,14.29,24.18,3.58,8.33,16.67,26.53,47.96,42.42,61.62
2025-09-29,14,1,2025-09-29 08:48:00,5,松茂町ほか二町ボートレース事業組合開設57周年記念,6,4917,岩橋 裕馬,3,37,52.5,0,0,0.19,4.6,24.75,40.59,4.16,19.35,35.48,22.83,38.04,48.96,64.58
2025-09-29,14,2,2025-09-29 09:14:00,5,松茂町ほか二町ボートレース事業組合開設57周年記念,1,3232,山川 美由紀,3,58,47,0,0,0.17,5.96,37.11,58.76,7.42,58.06,80.65,44.68,65.96,29.2,48.67
2025-09-29,14,2,2025-09-29 09:14:00,5,松茂町ほか二町ボートレース事業組合開設57周年記念,2,4434,田中 辰彦,1,39,54.1,0,0,0.16,6.9,52.45,75.52,6.54,41.46,70.73,31.58,48.42,43.43,60.61
2025-09-29,14,2,2025-09-29 09:14:00,5,松茂町ほか二町ボートレース事業組合開設57周年記念,3,4308,河村 了,2,41,52,0,0,0.17,6.58,46.02,66.37,6.13,37.5,50,30.34,50.56,35.29,51.96
2025-09-29,14,2,2025-09-29 09:14:00,5,松茂町ほか二町ボートレース事業組合開設57周年記念,4,3977,山本 兼士,3,48,52.5,0,0,0.18,4.32,19.81,35.85,4.57,22.86,40,44.68,60.64,32.38,47.62
2025-09-29,14,2,2025-09-29 09:14:00,5,松茂町ほか二町ボートレース事業組合開設57周年記念,5,3686,鳥居塚 孝博,2,50,51,0,0,0.14,6,46.55,64.66,5.21,36.84,47.37,48.39,59.14,23.66,34.41
2025-09-29,14,2,2025-09-29 09:14:00,5,松茂町ほか二町ボートレース事業組合開設57周年記念,6,4727,安部 慎一,3,38,53.5,0,0,0.16,4.79,26.53,41.84,0,0,0,25.27,43.96,41.24,60.82
2025-09-29,14,3,2025-09-29 09:40:00,5,松茂町ほか二町ボートレース事業組合開設57周年記念,1,4241,大串 重幸,2,40,52,0,0,0.16,5.6,37.19,55.37,0,0,0,23.86,39.77,33.66,52.48
2025-09-29,14,3,2025-09-29 09:40:00,5,松茂町ほか二町ボートレース事業組合開設57周年記念,2,4939,宮之原 輝紀,1,27,50.5,0,0,0.15,6.81,55.08,68.64,5.69,37.5,56.25,41.57,56.18,18.95,40
2025-09-29,14,3,2025-09-29 09:40:00,5,松茂町ほか二町ボートレース事業組合開設57周年記念,3,3470,新田 芳美,3,55,47,0,0,0.17,5.22,31.25,46.88,4.99,27.66,44.68,32.38,48.57,25.88,41.18
2025-09-29,14,3,2025-09-29 09:40:00,5,松茂町ほか二町ボートレース事業組合開設57周年記念,4,5117,冨名腰 桃奈,3,25,48.4,1,0,0.21,3.71,18.84,27.54,5.11,33.33,44.44,34.62,64.42,30.77,47.12
2025-09-29,14,3,2025-09-29 09:40:00,5,松茂町ほか二町ボートレース事業組合開設57周年記念,5,4015,前野 竜一,2,45,58,0,0,0.16,5.79,37.36,59.34,5.59,32.35,61.76,32.71,53.27,31.43,58.1
2025-09-29,14,3,2025-09-29 09:40:00,5,松茂町ほか二町ボートレース事業組合開設57周年記念,6,3701,大西 隆洋,3,52,56.9,1,0,0.16,4.1,18.02,35.14,3.88,17.07,34.15,31.63,44.9,22.68,36.08
2025-09-29,14,4,2025-09-29 10:06:00,5,松茂町ほか二町ボートレース事業組合開設57周年記念,1,3473,石川 真二,1,55,52,0,0,0.15,6.42,48.91,65.69,6.98,55,72.5,26.04,42.71,33.68,46.32
2025-09-29,14,4,2025-09-29 10:06:00,5,松茂町ほか二町ボートレース事業組合開設57周年記念,2,3745,橋本 年光,2,50,53.3,1,0,0.17,5.59,36.63,53.47,5.46,21.43,60.71,32.29,48.96,17.48,32.04
2025-09-29,14,4,2025-09-29 10:06:00,5,松茂町ほか二町ボートレース事業組合開設57周年記念,3,4177,萬 正嗣,3,42,55.4,0,0,0.17,4.21,20.99,35.8,3.71,14.29,28.57,27.68,53.57,34.65,49.5
2025-09-29,14,4,2025-09-29 10:06:00,5,松茂町ほか二町ボートレース事業組合開設57周年記念,4,4118,宇佐見 淳,1,44,52,0,0,0.15,6.3,45.52,62.76,6.15,41.03,66.67,33.33,51.43,27.27,48.48
2025-09-29,14,4,2025-09-29 10:06:00,5,松茂町ほか二町ボートレース事業組合開設57周年記念,5,5388,佐野 優都,3,19,52.8,1,0,0.17,2.9,7.35,19.12,2.83,6.67,23.33,23.81,42.86,37.62,56.44
2025-09-29,14,4,2025-09-29 10:06:00,5,松茂町ほか二町ボートレース事業組合開設57周年記念,6,3563,堤 昇,3,55,53,1,0,0.17,5.47,39.34,53.28,4.3,20,50,39.22,55.88,31.31,44.44
2025-09-29,14,5,2025-09-29 10:35:00,5,松茂町ほか二町ボートレース事業組合開設57周年記念,1,4890,石川 諒,3,36,52.5,0,0,0.15,5.03,31.5,48.03,5.33,33.33,50,34,47,30.91,42.73
2025-09-29,14,5,2025-09-29 10:35:00,5,松茂町ほか二町ボートレース事業組合開設57周年記念,2,4790,柳内 敬太,2,36,51.5,0,0,0.16,5.59,36.28,57.52,5.87,40,60,25.51,43.88,40,54.74
2025-09-29,14,5,2025-09-29 10:35:00,5,松茂町ほか二町ボートレース事業組合開設57周年記念,3,3159,江口 晃生,1,60,52.2,1,0,0.16,6.96,51.49,76.24,6.83,55.56,72.22,25.53,39.36,24.69,40.74
2025-09-29,14,5,2025-09-29 10:35:00,5,松茂町ほか二町ボートレース事業組合開設57周年記念,4,5334,樫葉 新心,3,21,45.5,0,0,0.2,3.2,7.69,19.23,2.7,7.81,15.63,23.33,45.56,30.56,50
2025-09-29,14,5,2025-09-29 10:35:00,5,松茂町ほか二町ボートレース事業組合開設57周年記念,5,4796,春園 功太,2,34,52,0,0,0.15,6.02,39.47,57.02,6.6,60,60,18.68,37.36,38.24,54.9
2025-09-29,14,5,2025-09-29 10:35:00,5,松茂町ほか二町ボートレース事業組合開設57周年記念,6,4213,重富 伸也,3,41,52.7,0,0,0.17,4.75,29.91,43.93,4.93,33.33,46.67,32.32,47.47,35.79,52.63
2025-09-29,14,6,2025-09-29 11:03:00,5,松茂町ほか二町ボートレース事業組合開設57周年記念,1,4129,宇野 博之,3,45,53.6,1,0,0.16,3.88,19.23,32.05,4.5,28.57,35.71,22.55,37.25,26,41
2025-09-29,14,6,2025-09-29 11:03:00,5,松茂町ほか二町ボートレース事業組合開設57周年記念,2,4812,西野 雄貴,2,35,52,0,0,0.17,7.09,63.29,69.62,7.04,55.32,69.5,27.52,39.45,39.39,58.59
2025-09-29,14,6,2025-09-29 11:03:00,5,松茂町ほか二町ボートレース事業組合開設57周年記念,3,4727,安部 慎一,3,38,53.5,0,0,0.16,4.79,26.53,41.84,0,0,0,25.27,43.96,41.24,60.82
2025-09-29,14,6,2025-09-29 11:03:00,5,松茂町ほか二町ボートレース事業組合開設57周年記念,4,4784,向井田 真紀,3,37,49.8,0,0,0.19,4.54,26.92,41.03,4.64,31.82,45.45,30.11,45.16,40,58.95
2025-09-29,14,6,2025-09-29 11:03:00,5,松茂町ほか二町ボートレース事業組合開設57周年記念,5,5141,大澤 風葵,1,24,52,0,0,0.12,6,40.38,60.58,6.38,50,62.5,31,49,37.76,53.06
2025-09-29,14,6,2025-09-29 11:03:00,5,松茂町ほか二町ボートレース事業組合開設57周年記念,6,4156,浜野 孝志,2,44,54.6,0,0,0.18,5.38,34.62,52.88,6.27,50,68.18,38.24,54.9,30.61,43.88
2025-09-29,14,7,2025-09-29 11:35:00,5,松茂町ほか二町ボートレース事業組合開設57周年記念,1,4308,河村 了,2,41,52,0,0,0.17,6.58,46.02,66.37,6.13,37.5,50,30.34,50.56,35.29,51.96
2025-09-29,14,7,2025-09-29 11:35:00,5,松茂町ほか二町ボートレース事業組合開設57周年記念,2,4809,外崎 悟,2,36,52,0,0,0.16,5.85,41.03,56.41,7,55.56,77.78,22.22,39.51,38.95,54.74
2025-09-29,14,7,2025-09-29 11:35:00,5,松茂町ほか二町ボートレース事業組合開設57周年記念,3,4917,岩橋 裕馬,3,37,52.5,0,0,0.19,4.6,24.75,40.59,4.16,19.35,35.48,22.83,38.04,48.96,64.58
2025-09-29,14,7,2025-09-29 11:35:00,5,松茂町ほか二町ボートレース事業組合開設57周年記念,4,5231,寺田 空詩,3,21,46,0,0,0.21,4.85,31.82,46.59,2.52,4.35,17.39,40.66,59.34,39.36,55.32
2025-09-29,14,7,2025-09-29 11:35:00,5,松茂町ほか二町ボートレース事業組合開設57周年記念,5,5144,中尾 彩香,3,24,46.5,0,0,0.2,3.91,22.45,33.67,3.86,16.22,29.73,33.33,44.44,42.72,59.22
2025-09-29,14,7,2025-09-29 11:35:00,5,松茂町ほか二町ボートレース事業組合開設57周年記念,6,4033,伊藤 将吉,1,47,52.1,0,0,0.14,6.45,49.32,66.89,6.24,47.37,68.42,25.47,42.45,25,41.67
2025-09-29,14,8,2025-09-29 12:05:00,5,松茂町ほか二町ボートレース事業組合開設57周年記念,1,4015,前野 竜一,2,45,58,0,0,0.16,5.79,37.36,59.34,5.59,32.35,61.76,32.71,53.27,31.43,58.1
2025-09-29,14,8,2025-09-29 12:05:00,5,松茂町ほか二町ボートレース事業組合開設57周年記念,2,4465,大西 賢,3,39,52.2,1,0,0.18,3.65,14.29,24.18,3.58,8.33,16.67,26.53,47.96,42.42,61.62
2025-09-29,14,8,2025-09-29 12:05:00,5,松茂町ほか二町ボートレース事業組合開設57周年記念,3,5277,井上 未都,3,23,46.5,1,0,0.17,4.99,29.59,46.94,2.44,11.11,11.11,44.57,59.78,41.9,52.38
2025-09-29,14,8,2025-09-29 12:05:00,5,松茂町ほか二町ボートレース事業組合開設57周年記念,4,4685,島村 隆幸,1,34,51.5,1,0,0.13,6.78,47.56,71.95,7.46,61.39,76.24,28.87,53.61,22.09,38.37
2025-09-29,14,8,2025-09-29 12:05:00,5,松茂町ほか二町ボートレース事業組合開設57周年記念,5,3232,山川 美由紀,3,58,47,0,0,0.17,5.96,37.11,58.76,7.42,58.06,80.65,44.68,65.96,29.2,48.67
2025-09-29,14,8,2025-09-29 12:05:00,5,松茂町ほか二町ボートレース事業組合開設57周年記念,6,4177,萬 正嗣,3,42,55.4,0,0,0.17,4.21,20.99,35.8,3.71,14.29,28.57,27.68,53.57,34.65,49.5
2025-09-29,14,9,2025-09-29 12:38:00,5,松茂町ほか二町ボートレース事業組合開設57周年記念,1,4529,嶋 義信,2,37,55,1,0,0.14,5.24,32.74,50.44,5.95,47.37,55.26,30.69,48.51,39,55
2025-09-29,14,9,2025-09-29 12:38:00,5,松茂町ほか二町ボートレース事業組合開設57周年記念,2,4118,宇佐見 淳,1,44,51.5,0,0,0.15,6.3,45.52,62.76,6.15,41.03,66.67,33.33,51.43,27.27,48.48
2025-09-29,14,9,2025-09-29 12:38:00,5,松茂町ほか二町ボートレース事業組合開設57周年記念,3,4336,松田 竜馬,2,41,54.2,0,0,0.15,5.11,29.84,49.19,6.78,53.13,75,25,40.91,37.5,62.5
2025-09-29,14,9,2025-09-29 12:38:00,5,松茂町ほか二町ボートレース事業組合開設57周年記念,4,4890,石川 諒,3,36,52,0,0,0.15,5.03,31.5,48.03,5.33,33.33,50,34,47,30.91,42.73
2025-09-29,14,9,2025-09-29 12:38:00,5,松茂町ほか二町ボートレース事業組合開設57周年記念,5,5005,石田 貴洋,3,29,52,1,0,0.15,4.89,22.81,46.49,5,28.57,57.14,29.36,41.28,29.25,46.23
2025-09-29,14,9,2025-09-29 12:38:00,5,松茂町ほか二町ボートレース事業組合開設57周年記念,6,3470,新田 芳美,3,55,47,0,0,0.17,5.22,31.25,46.88,4.99,27.66,44.68,32.38,48.57,25.88,41.18
2025-09-29,14,10,2025-09-29 13:17:00,5,松茂町ほか二町ボートレース事業組合開設57周年記念,1,3977,山本 兼士,3,48,52.5,0,0,0.18,4.32,19.81,35.85,4.57,22.86,40,44.68,60.64,32.38,47.62
2025-09-29,14,10,2025-09-29 13:17:00,5,松茂町ほか二町ボートレース事業組合開設57周年記念,2,3563,堤 昇,3,55,53,1,0,0.17,5.47,39.34,53.28,4.3,20,50,39.22,55.88,31.31,44.44
2025-09-29,14,10,2025-09-29 13:17:00,5,松茂町ほか二町ボートレース事業組合開設57周年記念,3,4116,川田 正人,2,44,52,0,0,0.18,5.23,33.6,50.4,5.16,33.08,53.85,30.19,50.94,35.23,53.41
2025-09-29,14,10,2025-09-29 13:17:00,5,松茂町ほか二町ボートレース事業組合開設57周年記念,4,5141,大澤 風葵,1,24,52,0,0,0.12,6,40.38,60.58,6.38,50,62.5,31,49,37.76,53.06
2025-09-29,14,10,2025-09-29 13:17:00,5,松茂町ほか二町ボートレース事業組合開設57周年記念,5,5358,増本 杏珠,3,20,48.2,0,0,0.2,2.68,5.88,14.71,0,0,0,40,52.38,31.96,43.3
2025-09-29,14,10,2025-09-29 13:17:00,5,松茂町ほか二町ボートレース事業組合開設57周年記念,6,4790,柳内 敬太,2,36,51.5,0,0,0.16,5.59,36.28,57.52,5.87,40,60,25.51,43.88,40,54.74
2025-09-29,14,11,2025-09-29 13:51:00,5,松茂町ほか二町ボートレース事業組合開設57周年記念,1,3686,鳥居塚 孝博,2,50,51,0,0,0.14,6,46.55,64.66,5.21,36.84,47.37,48.39,59.14,23.66,34.41
2025-09-29,14,11,2025-09-29 13:51:00,5,松茂町ほか二町ボートレース事業組合開設57周年記念,2,4796,春園 功太,2,34,52,0,0,0.15,6.02,39.47,57.02,6.6,60,60,18.68,37.36,38.24,54.9
2025-09-29,14,11,2025-09-29 13:51:00,5,松茂町ほか二町ボートレース事業組合開設57周年記念,3,4241,大串 重幸,2,40,52,0,0,0.16,5.6,37.19,55.37,0,0,0,23.86,39.77,33.66,52.48
2025-09-29,14,11,2025-09-29 13:51:00,5,松茂町ほか二町ボートレース事業組合開設57周年記念,4,3473,石川 真二,1,55,52,0,0,0.15,6.42,48.91,65.69,6.98,55,72.5,26.04,42.71,33.68,46.32
2025-09-29,14,11,2025-09-29 13:51:00,5,松茂町ほか二町ボートレース事業組合開設57周年記念,5,4809,外崎 悟,2,36,52,0,0,0.16,5.85,41.03,56.41,7,55.56,77.78,22.22,39.51,38.95,54.74
2025-09-29,14,11,2025-09-29 13:51:00,5,松茂町ほか二町ボートレース事業組合開設57周年記念,6,4812,西野 雄貴,2,35,52,0,0,0.17,7.09,63.29,69.62,7.04,55.32,69.5,27.52,39.45,39.39,58.59
2025-09-29,14,12,2025-09-29 14:29:00,5,松茂町ほか二町ボートレース事業組合開設57周年記念,1,4685,島村 隆幸,1,34,51.5,1,0,0.13,6.78,47.56,71.95,7.46,61.39,76.24,28.87,53.61,22.09,38.37
2025-09-29,14,12,2025-09-29 14:29:00,5,松茂町ほか二町ボートレース事業組合開設57周年記念,2,3159,江口 晃生,1,60,52.2,1,0,0.16,6.96,51.49,76.24,6.83,55.56,72.22,25.53,39.36,24.69,40.74
2025-09-29,14,12,2025-09-29 14:29:00,5,松茂町ほか二町ボートレース事業組合開設57周年記念,3,4033,伊藤 将吉,1,47,52.1,0,0,0.14,6.45,49.32,66.89,6.24,47.37,68.42,25.47,42.45,25,41.67
2025-09-29,14,12,2025-09-29 14:29:00,5,松茂町ほか二町ボートレース事業組合開設57周年記念,4,4939,宮之原 輝紀,1,27,50.5,0,0,0.15,6.81,55.08,68.64,5.69,37.5,56.25,41.57,56.18,18.95,40
2025-09-29,14,12,2025-09-29 14:29:00,5,松茂町ほか二町ボートレース事業組合開設57周年記念,5,4384,鶴本 崇文,1,40,52.3,0,0,0.16,6.79,50,75.37,5.67,33.33,52.38,43.43,62.63,26.58,44.3
2025-09-29,14,12,2025-09-29 14:29:00,5,松茂町ほか二町ボートレース事業組合開設57周年記念,6,4434,田中 辰彦,1,39,54.1,0,0,0.16,6.9,52.45,75.52,6.54,41.46,70.73,31.58,48.42,43.43,60.61
2025-09-29,15,1,2025-09-29 15:23:00,4,マスターズリーグ第6戦 マクール杯,1,3784,中島 友和,3,49,53.3,0,0,0.16,5.06,29.7,51.49,4.41,31.82,40.91,25,55,32.61,54.35
2025-09-29,15,1,2025-09-29 15:23:00,4,マスターズリーグ第6戦 マクール杯,2,3430,角浜 修,3,57,52,0,0,0.18,4.11,27.55,35.71,3.28,19.44,25,30,40,44.19,60.47
2025-09-29,15,1,2025-09-29 15:23:00,4,マスターズリーグ第6戦 マクール杯,3,3508,久富 政弘,3,54,53.3,0,0,0.21,4.78,28.32,45.13,4.67,33.33,33.33,28.57,42.86,25.58,32.56
2025-09-29,15,1,2025-09-29 15:23:00,4,マスターズリーグ第6戦 マクール杯,4,3825,宮嵜 隆太郎,3,52,59.9,0,0,0.13,3.85,21.37,31.62,0,0,0,10,50,30.56,61.11
2025-09-29,15,1,2025-09-29 15:23:00,4,マスターズリーグ第6戦 マクール杯,5,4010,越智 照浩,4,46,56.8,0,0,0.19,3.65,13.04,25,4.17,16.67,38.89,12.5,25,35.71,54.76
2025-09-29,15,1,2025-09-29 15:23:00,4,マスターズリーグ第6戦 マクール杯,6,3514,山一 鉄也,4,58,52,0,0,0.16,5.7,40.63,50,6.5,42.86,78.57,44.44,66.67,32.56,48.84
2025-09-29,15,2,2025-09-29 16:01:00,4,マスターズリーグ第6戦 マクール杯,1,3434,松尾 宣邦,3,56,52,0,0,0.18,4.97,31.82,44.55,0,0,0,0,40,28.57,42.86
2025-09-29,15,2,2025-09-29 16:01:00,4,マスターズリーグ第6戦 マクール杯,2,3912,川原 正明,2,51,52.6,0,0,0.14,5.56,41.94,56.45,4.67,27.78,38.89,28.57,57.14,40.43,63.83
2025-09-29,15,2,2025-09-29 16:01:00,4,マスターズリーグ第6戦 マクール杯,3,3556,田中 信一郎,1,52,54.2,0,0,0.15,6.78,50.71,70,7.46,53.85,84.62,33.33,66.67,36.36,54.55
2025-09-29,15,2,2025-09-29 16:01:00,4,マスターズリーグ第6戦 マクール杯,4,3777,樋口 亮,2,50,52,1,0,0.19,5.94,38.53,59.63,6.1,45.24,64.29,45.45,72.73,38.78,53.06
2025-09-29,15,2,2025-09-29 16:01:00,4,マスターズリーグ第6戦 マクール杯,5,3381,滝沢 芳行,3,57,52.3,0,0,0.16,5.15,31.15,46.72,0,0,0,10,40,37.78,51.11
2025-09-29,15,2,2025-09-29 16:01:00,4,マスターズリーグ第6戦 マクール杯,6,3964,宮地 博士,3,46,52.1,0,0,0.21,4.24,20.75,32.08,5.8,40,50,37.5,37.5,28.26,41.3
2025-09-29,15,3,2025-09-29 16:28:00,4,マスターズリーグ第6戦 マクール杯,1,4036,金田 諭,2,46,52,0,0,0.17,6.6,51.05,71.33,6.32,46.43,64.29,44.44,44.44,40.48,57.14
2025-09-29,15,3,2025-09-29 16:28:00,4,マスターズリーグ第6戦 マクール杯,2,3906,飯山 晃三,3,47,60,0,0,0.19,4.23,26.51,37.35,5,33.33,55.56,36.36,36.36,30.95,42.86
2025-09-29,15,3,2025-09-29 16:28:00,4,マスターズリーグ第6戦 マクール杯,3,3934,鋤柄 貴俊,3,48,52.4,0,0,0.16,4.89,25.25,48.48,0,0,0,20,20,27.66,40.43
2025-09-29,15,3,2025-09-29 16:28:00,4,マスターズリーグ第6戦 マクール杯,4,3746,岡瀬 正人,2,50,52,0,0,0.17,5.84,40.29,60.43,5.4,46.67,53.33,50,75,36.73,42.86
2025-09-29,15,3,2025-09-29 16:28:00,4,マスターズリーグ第6戦 マクール杯,5,3981,今坂 晃広,3,48,54,0,0,0.19,4.51,26.67,39.17,4.52,17.39,43.48,44.44,55.56,38.3,57.45
2025-09-29,15,3,2025-09-29 16:28:00,4,マスターズリーグ第6戦 マクール杯,6,4024,井口 佳典,1,48,52,0,0,0.15,7.1,46.09,59.38,7.33,38.89,44.44,63.64,72.73,30.23,34.88
2025-09-29,15,4,2025-09-29 16:55:00,4,マスターズリーグ第6戦 マクール杯,1,3612,馬袋 義則,1,52,52,0,0,0.14,6.24,44.22,62.59,0,0,0,20,20,46.67,75.56
2025-09-29,15,4,2025-09-29 16:55:00,4,マスターズリーグ第6戦 マクール杯,2,3907,村越 篤,3,47,54,0,0,0.17,5.79,42.4,59.2,5.64,40.88,52.83,50,70,26.09,43.48
2025-09-29,15,4,2025-09-29 16:55:00,4,マスターズリーグ第6戦 マクール杯,3,3922,菅沼 佳昭,3,50,51.5,0,0,0.18,3.7,17.36,28.93,4.84,31.58,42.11,46.15,61.54,29.27,41.46
2025-09-29,15,4,2025-09-29 16:55:00,4,マスターズリーグ第6戦 マクール杯,4,3966,作間 章,1,46,54.7,0,0,0.19,6.4,46.21,68.97,5,26.67,51.11,53.85,61.54,37.5,58.33
2025-09-29,15,4,2025-09-29 16:55:00,4,マスターズリーグ第6戦 マクール杯,5,3730,塩崎 優司,3,53,53,0,0,0.18,4.44,22.64,34.91,3.86,28.57,28.57,27.27,54.55,25.64,38.46
2025-09-29,15,4,2025-09-29 16:55:00,4,マスターズリーグ第6戦 マクール杯,6,3406,中里 英夫,2,57,53,0,0,0.18,5.81,38.66,62.18,6.91,63.64,81.82,30,60,48.98,59.18
2025-09-29,15,5,2025-09-29 17:22:00,4,マスターズリーグ第6戦 マクール杯,1,3997,北村 征嗣,1,46,52,0,0,0.15,6.82,46.02,74.34,6.97,54.1,67.21,0,14.29,37.5,55
2025-09-29,15,5,2025-09-29 17:22:00,4,マスターズリーグ第6戦 マクール杯,2,3809,吉田 光,3,50,52.5,1,0,0.16,4.51,17.07,40.24,4.2,25,25,44.44,77.78,37.21,48.84
2025-09-29,15,5,2025-09-29 17:22:00,4,マスターズリーグ第6戦 マクール杯,3,3613,角谷 健吾,2,52,52,0,0,0.15,6.49,52.17,62.61,5.36,27.27,54.55,22.22,66.67,26.83,53.66
2025-09-29,15,5,2025-09-29 17:22:00,4,マスターズリーグ第6戦 マクール杯,4,3876,中辻 崇人,2,48,52.1,0,0,0.16,8.12,71.43,78.99,7.57,65.71,80,14.29,28.57,33.33,58.33
2025-09-29,15,5,2025-09-29 17:22:00,4,マスターズリーグ第6戦 マクール杯,5,3911,鈴木 猛,3,51,53.3,0,0,0.17,5.43,36.89,52.46,4.83,33.33,44.44,100,100,26.53,34.69
2025-09-29,15,5,2025-09-29 17:22:00,4,マスターズリーグ第6戦 マクール杯,6,4061,萩原 秀人,1,46,52.3,0,0,0.13,7.09,51.15,70.23,7.72,65.63,81.25,25,37.5,28.26,39.13
2025-09-29,15,6,2025-09-29 17:51:00,4,マスターズリーグ第6戦 マクール杯,1,3853,岩崎 正哉,2,53,54.1,0,0,0.18,5.16,30.89,47.97,6.44,44.44,66.67,36.36,54.55,35.56,46.67
2025-09-29,15,6,2025-09-29 17:51:00,4,マスターズリーグ第6戦 マクール杯,2,3616,中村 真,3,52,53.1,0,0,0.17,5.3,33.64,52.34,5.69,38.46,61.54,10,30,26.09,45.65
2025-09-29,15,6,2025-09-29 17:51:00,4,マスターズリーグ第6戦 マクール杯,3,4025,山本 隆幸,1,47,52.8,0,0,0.18,6.36,44.16,64.94,5.97,43.59,56.41,44.44,66.67,44.68,70.21
2025-09-29,15,6,2025-09-29 17:51:00,4,マスターズリーグ第6戦 マクール杯,4,3508,久富 政弘,3,54,53.3,0,0,0.21,4.78,28.32,45.13,4.67,33.33,33.33,28.57,42.86,25.58,32.56
2025-09-29,15,6,2025-09-29 17:51:00,4,マスターズリーグ第6戦 マクール杯,5,3849,中岡 正彦,1,47,52,0,0,0.14,7.25,60.5,74.79,6.21,49.57,61.54,42.11,52.63,22.5,37.5
2025-09-29,15,6,2025-09-29 17:51:00,4,マスターズリーグ第6戦 マクール杯,6,3502,渡邉 英児,3,56,52.6,0,0,0.17,5.22,32.54,54.76,2.45,9.09,18.18,12.5,50,30.43,50
2025-09-29,15,7,2025-09-29 18:18:00,4,マスターズリーグ第6戦 マクール杯,1,3412,鈴木 博,1,56,53,0,0,0.17,6.24,41.67,65,5.41,37.84,56.76,16.67,66.67,11.36,27.27
2025-09-29,15,7,2025-09-29 18:18:00,4,マスターズリーグ第6戦 マクール杯,2,3921,川村 正輝,3,50,51.5,1,0,0.21,4.69,21.43,50,3.75,25,37.5,40,60,17.07,26.83
2025-09-29,15,7,2025-09-29 18:18:00,4,マスターズリーグ第6戦 マクール杯,3,3825,宮嵜 隆太郎,3,52,59.9,0,0,0.13,3.85,21.37,31.62,0,0,0,10,50,30.56,61.11
2025-09-29,15,7,2025-09-29 18:18:00,4,マスターズリーグ第6戦 マクール杯,4,4028,田村 隆信,1,47,55,0,0,0.14,6.41,45.61,61.4,7.09,43.75,59.38,0,0,13.64,34.09
2025-09-29,15,7,2025-09-29 18:18:00,4,マスターズリーグ第6戦 マクール杯,5,3392,小森 信雄,3,60,52,0,0,0.19,4.23,17,31,0,0,0,28.57,42.86,45.24,69.05
2025-09-29,15,7,2025-09-29 18:18:00,4,マスターズリーグ第6戦 マクール杯,6,3779,原田 幸哉,1,49,52.1,0,0,0.12,7.04,48.53,63.97,7.38,37.5,68.75,30,30,28.57,40.48
2025-09-29,15,8,2025-09-29 18:46:00,4,マスターズリーグ第6戦 マクール杯,1,4012,中村 有裕,2,46,53.9,0,0,0.15,6.41,49.63,67.41,6.41,45.45,63.64,17.65,35.29,26.19,40.48
2025-09-29,15,8,2025-09-29 18:46:00,4,マスターズリーグ第6戦 マクール杯,2,3746,岡瀬 正人,2,50,52,0,0,0.17,5.84,40.29,60.43,5.4,46.67,53.33,50,75,36.73,42.86
2025-09-29,15,8,2025-09-29 18:46:00,4,マスターズリーグ第6戦 マクール杯,3,3514,山一 鉄也,4,58,52,0,0,0.16,5.7,40.63,50,6.5,42.86,78.57,44.44,66.67,32.56,48.84
2025-09-29,15,8,2025-09-29 18:46:00,4,マスターズリーグ第6戦 マクール杯,4,3381,滝沢 芳行,3,57,52.3,0,0,0.16,5.15,31.15,46.72,0,0,0,10,40,37.78,51.11
2025-09-29,15,8,2025-09-29 18:46:00,4,マスターズリーグ第6戦 マクール杯,5,3578,塩田 雄一,3,52,51.5,0,0,0.18,4.55,28.13,39.58,4.3,20.83,37.5,33.33,41.67,38.78,42.86
2025-09-29,15,8,2025-09-29 18:46:00,4,マスターズリーグ第6戦 マクール杯,6,3635,石田 政吾,2,54,52,0,0,0.18,5.37,32.23,55.37,6.18,48.21,67.86,44.44,66.67,43.75,62.5
2025-09-29,15,9,2025-09-29 19:16:00,4,マスターズリーグ第6戦 マクール杯,1,3406,中里 英夫,2,57,53,0,0,0.18,5.81,38.66,62.18,6.91,63.64,81.82,30,60,48.98,59.18
2025-09-29,15,9,2025-09-29 19:16:00,4,マスターズリーグ第6戦 マクール杯,2,3997,北村 征嗣,1,46,52,0,0,0.15,6.82,46.02,74.34,6.97,54.1,67.21,0,14.29,37.5,55
2025-09-29,15,9,2025-09-29 19:16:00,4,マスターズリーグ第6戦 マクール杯,3,3777,樋口 亮,2,50,52,1,0,0.19,5.94,38.53,59.63,6.1,45.24,64.29,45.45,72.73,38.78,53.06
2025-09-29,15,9,2025-09-29 19:16:00,4,マスターズリーグ第6戦 マクール杯,4,3613,角谷 健吾,2,52,52,0,0,0.15,6.49,52.17,62.61,5.36,27.27,54.55,22.22,66.67,26.83,53.66
2025-09-29,15,9,2025-09-29 19:16:00,4,マスターズリーグ第6戦 マクール杯,5,3556,田中 信一郎,1,52,54.2,0,0,0.15,6.78,50.71,70,7.46,53.85,84.62,33.33,66.67,36.36,54.55
2025-09-29,15,9,2025-09-29 19:16:00,4,マスターズリーグ第6戦 マクール杯,6,4036,金田 諭,2,46,52,0,0,0.17,6.6,51.05,71.33,6.32,46.43,64.29,44.44,44.44,40.48,57.14
2025-09-29,15,10,2025-09-29 19:48:00,4,マスターズリーグ第6戦 マクール杯,1,4061,萩原 秀人,1,46,52.3,0,0,0.13,7.09,51.15,70.23,7.72,65.63,81.25,25,37.5,28.26,39.13
2025-09-29,15,10,2025-09-29 19:48:00,4,マスターズリーグ第6戦 マクール杯,2,4024,井口 佳典,1,48,52,0,0,0.15,7.1,46.09,59.38,7.33,38.89,44.44,63.64,72.73,30.23,34.88
2025-09-29,15,10,2025-09-29 19:48:00,4,マスターズリーグ第6戦 マクール杯,3,3966,作間 章,1,46,54.7,0,0,0.19,6.4,46.21,68.97,5,26.67,51.11,53.85,61.54,37.5,58.33
2025-09-29,15,10,2025-09-29 19:48:00,4,マスターズリーグ第6戦 マクール杯,4,3912,川原 正明,2,51,52.6,0,0,0.14,5.56,41.94,56.45,4.67,27.78,38.89,28.57,57.14,40.43,63.83
2025-09-29,15,10,2025-09-29 19:48:00,4,マスターズリーグ第6戦 マクール杯,5,3616,中村 真,3,52,53.1,0,0,0.17,5.3,33.64,52.34,5.69,38.46,61.54,10,30,26.09,45.65
2025-09-29,15,10,2025-09-29 19:48:00,4,マスターズリーグ第6戦 マクール杯,6,3612,馬袋 義則,1,52,52,0,0,0.14,6.24,44.22,62.59,0,0,0,20,20,46.67,75.56
2025-09-29,15,11,2025-09-29 20:16:00,4,マスターズリーグ第6戦 マクール杯,1,3779,原田 幸哉,1,49,52.1,0,0,0.12,7.04,48.53,63.97,7.38,37.5,68.75,30,30,28.57,40.48
2025-09-29,15,11,2025-09-29 20:16:00,4,マスターズリーグ第6戦 マクール杯,2,3849,中岡 正彦,1,47,52,0,0,0.14,7.25,60.5,74.79,6.21,49.57,61.54,42.11,52.63,22.5,37.5
2025-09-29,15,11,2025-09-29 20:16:00,4,マスターズリーグ第6戦 マクール杯,3,3876,中辻 崇人,2,48,52.1,0,0,0.16,8.12,71.43,78.99,7.57,65.71,80,14.29,28.57,33.33,58.33
2025-09-29,15,11,2025-09-29 20:16:00,4,マスターズリーグ第6戦 マクール杯,4,3412,鈴木 博,1,56,53,0,0,0.17,6.24,41.67,65,5.41,37.84,56.76,16.67,66.67,11.36,27.27
2025-09-29,15,11,2025-09-29 20:16:00,4,マスターズリーグ第6戦 マクール杯,5,3907,村越 篤,3,47,54,0,0,0.17,5.79,42.4,59.2,5.64,40.88,52.83,50,70,26.09,43.48
2025-09-29,15,11,2025-09-29 20:16:00,4,マスターズリーグ第6戦 マクール杯,6,3853,岩崎 正哉,2,53,54.1,0,0,0.18,5.16,30.89,47.97,6.44,44.44,66.67,36.36,54.55,35.56,46.67
2025-09-29,15,12,2025-09-29 20:45:00,4,マスターズリーグ第6戦 マクール杯,1,4025,山本 隆幸,1,47,52.8,0,0,0.18,6.36,44.16,64.94,5.97,43.59,56.41,44.44,66.67,44.68,70.21
2025-09-29,15,12,2025-09-29 20:45:00,4,マスターズリーグ第6戦 マクール杯,2,3981,今坂 晃広,3,48,54,0,0,0.19,4.51,26.67,39.17,4.52,17.39,43.48,44.44,55.56,38.3,57.45
2025-09-29,15,12,2025-09-29 20:45:00,4,マスターズリーグ第6戦 マクール杯,3,4028,田村 隆信,1,47,55,0,0,0.14,6.41,45.61,61.4,7.09,43.75,59.38,0,0,13.64,34.09
2025-09-29,15,12,2025-09-29 20:45:00,4,マスターズリーグ第6戦 マクール杯,4,3964,宮地 博士,3,46,52.1,0,0,0.21,4.24,20.75,32.08,5.8,40,50,37.5,37.5,28.26,41.3
2025-09-29,15,12,2025-09-29 20:45:00,4,マスターズリーグ第6戦 マクール杯,5,3809,吉田 光,3,50,52.5,1,0,0.16,4.51,17.07,40.24,4.2,25,25,44.44,77.78,37.21,48.84
2025-09-29,15,12,2025-09-29 20:45:00,4,マスターズリーグ第6戦 マクール杯,6,4012,中村 有裕,2,46,53.9,0,0,0.15,6.41,49.63,67.41,6.41,45.45,63.64,17.65,35.29,26.19,40.48
2025-09-29,19,1,2025-09-29 15:19:00,5,BTS山口あじすオープン14周年記念,1,4567,上村 慎太郎,3,37,52,0,0,0.23,3.54,12.86,25.71,4.18,19.79,40.63,31.9,53.45,33.33,52.94
2025-09-29,19,1,2025-09-29 15:19:00,5,BTS山口あじすオープン14周年記念,2,4789,古賀 智之,3,36,53.4,0,0,0.17,5.04,29.79,50,4.79,21.05,47.37,35.58,52.88,25.69,41.28
2025-09-29,19,1,2025-09-29 15:19:00,5,BTS山口あじすオープン14周年記念,3,4097,貫地谷 直人,3,43,56.6,0,0,0.21,4.07,16.67,33.33,4.19,15.63,31.25,34.34,54.55,35.24,52.38
2025-09-29,19,1,2025-09-29 15:19:00,5,BTS山口あじすオープン14周年記念,4,4009,小林 一樹,2,46,56,0,0,0.13,5.87,39.6,53.47,6.2,42.34,64.23,46.08,65.69,27.1,44.86
2025-09-29,19,1,2025-09-29 15:19:00,5,BTS山口あじすオープン14周年記念,5,4840,鈴木 秀茉,3,34,51,0,0,0.17,5.22,34.86,53.21,5.4,20,60,24.56,42.11,35.24,45.71
2025-09-29,19,1,2025-09-29 15:19:00,5,BTS山口あじすオープン14周年記念,6,3722,西村 秀樹,3,55,52.3,0,0,0.18,3.7,12.75,26.47,4.14,14.29,35.71,29.25,45.28,27.62,52.38
2025-09-29,19,2,2025-09-29 15:43:00,5,BTS山口あじすオープン14周年記念,1,3233,小畑 実成,3,58,54,0,0,0.15,5,27.12,50,5.3,32.61,50,33.03,46.79,39.62,50.94
2025-09-29,19,2,2025-09-29 15:43:00,5,BTS山口あじすオープン14周年記念,2,3268,森 竜也,3,60,52.5,0,0,0.19,4.47,26.67,40,0,0,0,32.67,43.56,43.4,63.21
2025-09-29,19,2,2025-09-29 15:43:00,5,BTS山口あじすオープン14周年記念,3,5200,筒井 美琴,4,23,47.1,0,0,0.18,2.43,2.7,8.11,2.2,0,0,31.87,52.75,42.99,58.88
2025-09-29,19,2,2025-09-29 15:43:00,5,BTS山口あじすオープン14周年記念,4,3617,竹田 広樹,3,52,52.6,0,0,0.19,3.58,23.47,26.53,3.81,30.77,34.62,33.98,44.66,36.79,52.83
2025-09-29,19,2,2025-09-29 15:43:00,5,BTS山口あじすオープン14周年記念,5,3687,花田 和明,3,55,52.2,1,0,0.17,4.93,26.37,46.15,5.55,45.45,54.55,37.84,54.05,37.25,53.92
2025-09-29,19,2,2025-09-29 15:43:00,5,BTS山口あじすオープン14周年記念,6,4073,大橋 純一郎,2,44,52.3,1,0,0.14,5.97,38.05,65.49,6.31,50,65.38,44.34,58.49,36.19,57.14
2025-09-29,19,3,2025-09-29 16:06:00,5,BTS山口あじすオープン14周年記念,1,4404,岸蔭 亮,3,40,53.3,0,0,0.2,4.02,24.79,37.19,4.08,15.38,38.46,37.76,59.18,39.05,54.29
2025-09-29,19,3,2025-09-29 16:06:00,5,BTS山口あじすオープン14周年記念,2,4254,川島 圭司,2,42,52,0,0,0.14,6.21,44.83,63.79,5.56,33.33,61.11,34.91,50.94,29.81,49.04
2025-09-29,19,3,2025-09-29 16:06:00,5,BTS山口あじすオープン14周年記念,3,4119,泥谷 一毅,2,44,52,1,0,0.18,5.91,37.8,60.98,5.5,33.33,55.56,34.55,52.73,26.42,56.6
2025-09-29,19,3,2025-09-29 16:06:00,5,BTS山口あじすオープン14周年記念,4,4708,半田 尚也,3,36,53.8,0,0,0.19,4.39,18.95,41.05,3.42,10.53,28.95,30.1,46.6,36.45,54.21
2025-09-29,19,3,2025-09-29 16:06:00,5,BTS山口あじすオープン14周年記念,5,5389,恵良 琴美,4,18,43.5,0,0,0.19,1.19,0,0,1.1,0,0,39.62,56.6,26.42,44.34
2025-09-29,19,3,2025-09-29 16:06:00,5,BTS山口あじすオープン14周年記念,6,3833,中辻 博訓,1,51,52,0,0,0.13,6.86,52.22,71.11,4,25,25,32.32,38.38,43.81,61.9
2025-09-29,19,4,2025-09-29 16:32:00,5,BTS山口あじすオープン14周年記念,1,3620,信濃 由行,3,51,52.6,0,0,0.19,4.56,29.17,41.67,4.94,32.26,38.71,31.25,45.54,35.78,47.71
2025-09-29,19,4,2025-09-29 16:32:00,5,BTS山口あじすオープン14周年記念,2,4514,上條 嘉嗣,1,35,52,1,0,0.17,6.71,51.8,69.78,0,0,0,24.73,47.31,43.4,64.15
2025-09-29,19,4,2025-09-29 16:32:00,5,BTS山口あじすオープン14周年記念,3,4808,松尾 拓,2,37,51,0,0,0.17,6.33,46.1,62.41,6.33,50,66.67,34.51,52.21,36.7,50.46
2025-09-29,19,4,2025-09-29 16:32:00,5,BTS山口あじすオープン14周年記念,4,5000,岡本 翔太郎,3,31,52.5,0,0,0.13,4.54,22.76,39.02,4.3,21.05,37.59,29.41,47.06,20.18,37.61
2025-09-29,19,4,2025-09-29 16:32:00,5,BTS山口あじすオープン14周年記念,5,3909,佐々木 康幸,2,52,54.7,0,0,0.11,6.79,50.35,65.96,6.04,52.17,56.52,37.37,52.53,24.3,40.19
2025-09-29,19,4,2025-09-29 16:32:00,5,BTS山口あじすオープン14周年記念,6,3604,武藤 綾子,3,54,48.4,0,0,0.22,4.02,22.47,28.09,3.75,18.75,18.75,36.45,49.53,30.19,48.11
2025-09-29,19,5,2025-09-29 17:01:00,5,BTS山口あじすオープン14周年記念,1,4470,平田 健之佑,2,38,52,0,0,0.15,6.66,51.7,71.43,0,0,0,23.81,38.1,24.53,39.62
2025-09-29,19,5,2025-09-29 17:01:00,5,BTS山口あじすオープン14周年記念,2,4737,竹井 貴史,1,34,52.4,0,0,0.16,6.72,51.35,71.62,0,0,0,33.64,56.36,33.65,45.19
2025-09-29,19,5,2025-09-29 17:01:00,5,BTS山口あじすオープン14周年記念,3,4417,服部 剛,3,38,52.7,0,0,0.2,4.61,25.56,42.22,0,0,0,37.5,60.58,36.79,64.15
2025-09-29,19,5,2025-09-29 17:01:00,5,BTS山口あじすオープン14周年記念,4,5376,吉田 一心,3,21,52,1,0,0.17,3.74,15.38,21.79,0,0,0,28.07,43.86,25.23,44.86
2025-09-29,19,5,2025-09-29 17:01:00,5,BTS山口あじすオープン14周年記念,5,5113,黒明 花夢,4,25,45,0,0,0.2,3.14,9.52,22.22,3.8,20,30,42.45,60.38,29.25,49.06
2025-09-29,19,5,2025-09-29 17:01:00,5,BTS山口あじすオープン14周年記念,6,3499,市川 哲也,2,56,52,0,0,0.14,6.18,41.43,62.14,6.09,44.12,61.76,27.72,42.57,38.32,54.21
2025-09-29,19,6,2025-09-29 17:29:00,5,BTS山口あじすオープン14周年記念,1,4840,鈴木 秀茉,3,34,51,0,0,0.17,5.22,34.86,53.21,5.4,20,60,24.56,42.11,35.24,45.71
2025-09-29,19,6,2025-09-29 17:29:00,5,BTS山口あじすオープン14周年記念,2,4903,吉田 凌太朗,1,32,51.5,0,0,0.15,6.51,47.89,66.9,5.63,37.5,43.75,43.97,61.21,42.59,58.33
2025-09-29,19,6,2025-09-29 17:29:00,5,BTS山口あじすオープン14周年記念,3,4828,松山 将吾,1,31,52,1,0,0.14,6.4,44.44,66.67,6.32,44,60,33.94,47.71,28.18,47.27
2025-09-29,19,6,2025-09-29 17:29:00,5,BTS山口あじすオープン14周年記念,4,5317,長尾 萌加,3,24,45.5,0,0,0.21,4.68,21.9,46.67,3.3,7.41,18.52,51.89,67.92,40.91,55.45
2025-09-29,19,6,2025-09-29 17:29:00,5,BTS山口あじすオープン14周年記念,5,5200,筒井 美琴,4,23,47.1,0,0,0.18,2.43,2.7,8.11,2.2,0,0,31.87,52.75,42.99,58.88
2025-09-29,19,6,2025-09-29 17:29:00,5,BTS山口あじすオープン14周年記念,6,3623,深川 真二,1,51,51,1,0,0.14,7.59,72.03,77.97,7.79,71.43,78.57,20.21,36.17,28.3,46.23
2025-09-29,19,7,2025-09-29 17:57:00,5,BTS山口あじすオープン14周年記念,1,3562,山下 和彦,2,56,52,1,0,0.17,6.11,42.28,61.74,4.89,22.22,33.33,28.7,48.7,31.73,54.81
2025-09-29,19,7,2025-09-29 17:57:00,5,BTS山口あじすオープン14周年記念,2,3687,花田 和明,3,55,52.2,1,0,0.17,4.93,26.37,46.15,5.55,45.45,54.55,37.84,54.05,37.25,53.92
2025-09-29,19,7,2025-09-29 17:57:00,5,BTS山口あじすオープン14周年記念,3,3942,寺田 祥,1,47,52,0,0,0.16,6.47,38.89,55.56,7.66,63.48,78.26,38.89,49.07,36.79,51.89
2025-09-29,19,7,2025-09-29 17:57:00,5,BTS山口あじすオープン14周年記念,4,4679,植田 太一,2,36,56.4,0,0,0.18,6.44,48.41,63.49,5.19,31.25,46.88,33.64,61.82,34.55,51.82
2025-09-29,19,7,2025-09-29 17:57:00,5,BTS山口あじすオープン14周年記念,5,3717,立間 充宏,2,50,55.3,0,0,0.15,5.39,36.84,55.26,7.39,61.11,77.78,40.57,50.94,33.64,46.73
2025-09-29,19,7,2025-09-29 17:57:00,5,BTS山口あじすオープン14周年記念,6,5412,久保田 凪紗,4,20,44,0,0,,1.39,1.56,1.56,0,0,0,33.94,47.71,28.57,49.52
2025-09-29,19,8,2025-09-29 18:25:00,5,BTS山口あじすオープン14周年記念,1,4446,和田 兼輔,1,38,52,0,0,0.14,6,41.6,57.6,5.11,22.22,55.56,43.36,58.41,26.42,39.62
2025-09-29,19,8,2025-09-29 18:25:00,5,BTS山口あじすオープン14周年記念,2,3617,竹田 広樹,3,52,52.6,0,0,0.19,3.58,23.47,26.53,3.81,30.77,34.62,33.98,44.66,36.79,52.83
2025-09-29,19,8,2025-09-29 18:25:00,5,BTS山口あじすオープン14周年記念,3,5064,品川 二千翔,2,27,53,0,0,0.16,5.33,33.33,51.52,5.19,29.91,53.27,35.09,53.51,23.58,42.45
2025-09-29,19,8,2025-09-29 18:25:00,5,BTS山口あじすオープン14周年記念,4,4409,坂元 浩仁,2,39,54.1,0,0,0.14,6.38,52.82,64.08,7.44,55.56,77.78,29.06,41.88,25,37
2025-09-29,19,8,2025-09-29 18:25:00,5,BTS山口あじすオープン14周年記念,5,4567,上村 慎太郎,3,37,52,0,0,0.23,3.54,12.86,25.71,4.18,19.79,40.63,31.9,53.45,33.33,52.94
2025-09-29,19,8,2025-09-29 18:25:00,5,BTS山口あじすオープン14周年記念,6,4708,半田 尚也,3,36,53.8,0,0,0.19,4.39,18.95,41.05,3.42,10.53,28.95,30.1,46.6,36.45,54.21
2025-09-29,19,9,2025-09-29 18:54:00,5,BTS山口あじすオープン14周年記念,1,5118,野田 なづき,3,25,45.5,1,0,0.2,5.23,31.08,54.05,3.06,0,27.78,38.89,59.26,39.62,55.66
2025-09-29,19,9,2025-09-29 18:54:00,5,BTS山口あじすオープン14周年記念,2,3604,武藤 綾子,3,54,48.4,0,0,0.22,4.02,22.47,28.09,3.75,18.75,18.75,36.45,49.53,30.19,48.11
2025-09-29,19,9,2025-09-29 18:54:00,5,BTS山口あじすオープン14周年記念,3,5113,黒明 花夢,4,25,45,0,0,0.2,3.14,9.52,22.22,3.8,20,30,42.45,60.38,29.25,49.06
2025-09-29,19,9,2025-09-29 18:54:00,5,BTS山口あじすオープン14周年記念,4,5203,神里 琴音,3,21,43.5,1,0,0.16,4.41,23.33,37.78,3.22,22.22,25.93,34.21,50.88,35.92,54.37
2025-09-29,19,9,2025-09-29 18:54:00,5,BTS山口あじすオープン14周年記念,5,4974,安井 瑞紀,3,32,47,0,0,0.16,6.19,43.16,66.32,5.13,30.77,48.72,47.75,57.66,28.97,45.79
2025-09-29,19,9,2025-09-29 18:54:00,5,BTS山口あじすオープン14周年記念,6,5389,恵良 琴美,4,18,43.5,0,0,0.19,1.19,0,0,1.1,0,0,39.62,56.6,26.42,44.34
2025-09-29,19,10,2025-09-29 19:24:00,5,BTS山口あじすオープン14周年記念,1,3909,佐々木 康幸,2,52,54.7,0,0,0.11,6.79,50.35,65.96,6.04,52.17,56.52,37.37,52.53,24.3,40.19
2025-09-29,19,10,2025-09-29 19:24:00,5,BTS山口あじすオープン14周年記念,2,3623,深川 真二,1,51,51,1,0,0.14,7.59,72.03,77.97,7.79,71.43,78.57,20.21,36.17,28.3,46.23
2025-09-29,19,10,2025-09-29 19:24:00,5,BTS山口あじすオープン14周年記念,3,4470,平田 健之佑,2,38,52,0,0,0.15,6.66,51.7,71.43,0,0,0,23.81,38.1,24.53,39.62
2025-09-29,19,10,2025-09-29 19:24:00,5,BTS山口あじすオープン14周年記念,4,3233,小畑 実成,3,58,54,0,0,0.15,5,27.12,50,5.3,32.61,50,33.03,46.79,39.62,50.94
2025-09-29,19,10,2025-09-29 19:24:00,5,BTS山口あじすオープン14周年記念,5,4097,貫地谷 直人,3,43,56.6,0,0,0.21,4.07,16.67,33.33,4.19,15.63,31.25,34.34,54.55,35.24,52.38
2025-09-29,19,10,2025-09-29 19:24:00,5,BTS山口あじすオープン14周年記念,6,4254,川島 圭司,2,42,52,0,0,0.14,6.21,44.83,63.79,5.56,33.33,61.11,34.91,50.94,29.81,49.04
2025-09-29,19,11,2025-09-29 19:57:00,5,BTS山口あじすオープン14周年記念,1,4828,松山 将吾,1,31,52,1,0,0.14,6.4,44.44,66.67,6.32,44,60,33.94,47.71,28.18,47.27
2025-09-29,19,11,2025-09-29 19:57:00,5,BTS山口あじすオープン14周年記念,2,3499,市川 哲也,2,56,52,0,0,0.14,6.18,41.43,62.14,6.09,44.12,61.76,27.72,42.57,38.32,54.21
2025-09-29,19,11,2025-09-29 19:57:00,5,BTS山口あじすオープン14周年記念,3,4073,大橋 純一郎,2,44,52.3,1,0,0.14,5.97,38.05,65.49,6.31,50,65.38,44.34,58.49,36.19,57.14
2025-09-29,19,11,2025-09-29 19:57:00,5,BTS山口あじすオープン14周年記念,4,4404,岸蔭 亮,3,40,53.3,0,0,0.2,4.02,24.79,37.19,4.08,15.38,38.46,37.76,59.18,39.05,54.29
2025-09-29,19,11,2025-09-29 19:57:00,5,BTS山口あじすオープン14周年記念,5,4808,松尾 拓,2,37,51,0,0,0.17,6.33,46.1,62.41,6.33,50,66.67,34.51,52.21,36.7,50.46
2025-09-29,19,11,2025-09-29 19:57:00,5,BTS山口あじすオープン14周年記念,6,4789,古賀 智之,3,36,53.4,0,0,0.17,5.04,29.79,50,4.79,21.05,47.37,35.58,52.88,25.69,41.28
2025-09-29,19,12,2025-09-29 20:30:00,5,BTS山口あじすオープン14周年記念,1,3942,寺田 祥,1,47,52,0,0,0.16,6.47,38.89,55.56,7.66,63.48,78.26,38.89,49.07,36.79,51.89
2025-09-29,19,12,2025-09-29 20:30:00,5,BTS山口あじすオープン14周年記念,2,3833,中辻 博訓,1,51,52,0,0,0.13,6.86,52.22,71.11,4,25,25,32.32,38.38,43.81,61.9
2025-09-29,19,12,2025-09-29 20:30:00,5,BTS山口あじすオープン14周年記念,3,4446,和田 兼輔,1,38,52,0,0,0.14,6,41.6,57.6,5.11,22.22,55.56,43.36,58.41,26.42,39.62
2025-09-29,19,12,2025-09-29 20:30:00,5,BTS山口あじすオープン14周年記念,4,4514,上條 嘉嗣,1,35,52,1,0,0.17,6.71,51.8,69.78,0,0,0,24.73,47.31,43.4,64.15
2025-09-29,19,12,2025-09-29 20:30:00,5,BTS山口あじすオープン14周年記念,5,4737,竹井 貴史,1,34,52.4,0,0,0.16,6.72,51.35,71.62,0,0,0,33.64,56.36,33.65,45.19
2025-09-29,19,12,2025-09-29 20:30:00,5,BTS山口あじすオープン14周年記念,6,4903,吉田 凌太朗,1,32,51.5,0,0,0.15,6.51,47.89,66.9,5.63,37.5,43.75,43.97,61.21,42.59,58.33
2025-09-29,20,1,2025-09-29 15:20:00,5,東龍軒カップ,1,3714,梶原 正,3,50,54.7,0,0,0.17,4.3,21.93,34.21,4.93,33.33,46.67,33.02,52.36,28.41,47.73
2025-09-29,20,1,2025-09-29 15:20:00,5,東龍軒カップ,2,3787,天野 誠,3,54,52.7,0,0,0.19,3.88,16.47,32.94,2.7,5,5,30.14,43.84,21.18,36.47
2025-09-29,20,1,2025-09-29 15:20:00,5,東龍軒カップ,3,3860,松本 浩貴,3,52,52.6,0,0,0.19,4.21,20.19,37.5,2.93,14.29,21.43,44.44,60.1,35.37,46.34
2025-09-29,20,1,2025-09-29 15:20:00,5,東龍軒カップ,4,5370,日隈 茜,4,23,49,1,0,0.22,1.49,2.2,3.3,1,0,0,35.5,61,24.68,38.96
2025-09-29,20,1,2025-09-29 15:20:00,5,東龍軒カップ,5,4811,向井田 佑紀,3,36,49,0,0,0.17,4.97,27.78,46.83,5.08,25.64,46.15,38.38,51.01,32.43,52.7
2025-09-29,20,1,2025-09-29 15:20:00,5,東龍軒カップ,6,3477,近藤 稔也,3,55,52.5,0,0,0.19,3.65,11.96,26.09,3.58,6.45,29.03,33.66,54.63,40.74,64.2
2025-09-29,20,2,2025-09-29 15:46:00,5,東龍軒カップ,1,4648,木村 亮太,3,41,52,0,0,0.15,4.77,20,46.67,4.82,41.18,47.06,25.96,40.38,36.05,56.98
2025-09-29,20,2,2025-09-29 15:46:00,5,東龍軒カップ,2,5208,屋良 龍紀,3,27,51.5,1,0,0.14,3.97,19.33,34.45,2.78,5.41,16.22,27.23,43.07,27.71,48.19
2025-09-29,20,2,2025-09-29 15:46:00,5,東龍軒カップ,3,4506,稗田 聖也,2,37,52,0,0,0.14,5.58,40.6,57.14,5.45,40.48,52.38,35.38,53.3,41.18,57.65
2025-09-29,20,2,2025-09-29 15:46:00,5,東龍軒カップ,4,4877,鈴谷 一平,1,31,55.1,0,0,0.14,6.33,51.64,65.57,0,0,0,31.79,48.21,42.68,53.66
2025-09-29,20,2,2025-09-29 15:46:00,5,東龍軒カップ,5,3497,後藤 浩,3,57,51,0,0,0.18,4.67,27.96,47.31,4.69,37.5,43.75,36.65,52.36,35.8,50.62
2025-09-29,20,2,2025-09-29 15:46:00,5,東龍軒カップ,6,3842,星野 太郎,3,49,52.1,1,0,0.19,5.02,31.48,47.22,6.73,45.45,63.64,27.84,42.27,32.1,56.79
2025-09-29,20,3,2025-09-29 16:16:00,5,東龍軒カップ,1,3587,武田 信一,3,52,60.1,0,0,0.17,4.18,23.86,37.5,4,12.5,37.5,50.24,65.37,21.69,44.58
2025-09-29,20,3,2025-09-29 16:16:00,5,東龍軒カップ,2,4793,金子 萌,2,35,52.3,0,0,0.16,5.86,42.42,58.33,6.46,41.67,75,38.73,57.84,27.78,43.33
2025-09-29,20,3,2025-09-29 16:16:00,5,東龍軒カップ,3,4765,野田部 宏子,3,35,50.7,0,0,0.14,5.31,36.46,54.17,5.69,41.43,58.57,36.27,59.07,44.58,66.27
2025-09-29,20,3,2025-09-29 16:16:00,5,東龍軒カップ,4,3715,倉尾 大介,3,50,53.4,0,0,0.17,5.43,39.36,54.26,5.64,44,52,49.02,65.2,23.17,40.24
2025-09-29,20,3,2025-09-29 16:16:00,5,東龍軒カップ,5,4062,後藤 陽介,2,46,56.7,1,0,0.16,4.08,20.83,32.29,6,43.48,65.22,25.59,41.71,41.77,56.96
2025-09-29,20,3,2025-09-29 16:16:00,5,東龍軒カップ,6,4043,桐本 康臣,1,46,52.9,0,0,0.16,6.23,44.14,62.07,6.85,47.83,67.39,35.23,49.74,27.91,47.67
2025-09-29,20,4,2025-09-29 16:41:00,5,東龍軒カップ,1,3699,富永 正人,3,52,52.5,0,0,0.2,4.74,31.25,42.5,4.26,25.93,40.74,35.42,55.21,26.83,43.9
2025-09-29,20,4,2025-09-29 16:41:00,5,東龍軒カップ,2,4651,佐藤 大騎,3,40,52,0,0,0.17,4.39,23.53,37.25,5,37.5,50,30.73,43.9,29.63,49.38
2025-09-29,20,4,2025-09-29 16:41:00,5,東龍軒カップ,3,4772,石丸 海渡,1,32,56.8,1,0,0.11,6.32,47.66,63.55,7,51.43,62.86,35.61,55.61,35,52.5
2025-09-29,20,4,2025-09-29 16:41:00,5,東龍軒カップ,4,3811,石田 章央,2,49,54.1,0,0,0.15,6.1,45.45,63.64,7.3,70,70,28.35,48.45,35.9,50
2025-09-29,20,4,2025-09-29 16:41:00,5,東龍軒カップ,5,4117,廣中 智紗衣,2,44,46.5,1,0,0.19,6.54,47.25,69.23,7.9,80,80,47.06,62.25,40.48,52.38
2025-09-29,20,4,2025-09-29 16:41:00,5,東龍軒カップ,6,4359,横川 聖志,3,41,55.5,1,0,0.13,5.48,35.71,54.08,5.07,34.78,52.17,35.24,48.1,39.24,56.96
2025-09-29,20,5,2025-09-29 17:08:00,5,東龍軒カップ,1,4171,榎 幸司,1,43,52.1,0,0,0.17,6.3,45.77,62.68,6.38,44.87,66.67,30.2,46.53,26.51,45.78
2025-09-29,20,5,2025-09-29 17:08:00,5,東龍軒カップ,2,4260,中越 博紀,2,41,52,0,0,0.17,5.58,41.53,55.08,5.71,39.47,60.53,43.35,62.07,21.62,35.14
2025-09-29,20,5,2025-09-29 17:08:00,5,東龍軒カップ,3,4202,浮田 圭浩,3,43,53.5,0,0,0.18,4.26,21.09,38.28,4.72,27.78,44.44,42.35,55.1,29.07,41.86
2025-09-29,20,5,2025-09-29 17:08:00,5,東龍軒カップ,4,4873,蒲原 健太,2,31,52,0,0,0.2,6.03,38.33,60,4.46,20.83,33.33,37.86,54.85,39.53,52.33
2025-09-29,20,5,2025-09-29 17:08:00,5,東龍軒カップ,5,4747,山戸 信二,3,40,51.5,0,0,0.17,3.71,15.09,27.36,3.52,20.69,24.14,33.68,51.81,27.59,41.38
2025-09-29,20,5,2025-09-29 17:08:00,5,東龍軒カップ,6,5397,寺田 夢生,4,23,47.6,0,0,,1.18,0,0,0,0,0,37.8,54.55,35.53,48.68
2025-09-29,20,6,2025-09-29 17:37:00,5,東龍軒カップ,1,4303,牧原 崇,2,42,52,0,0,0.19,5.49,37.5,50,5.6,35,62.5,31.1,51.2,33.73,44.58
2025-09-29,20,6,2025-09-29 17:37:00,5,東龍軒カップ,2,4703,森永 隆,1,37,52,1,0,0.15,6.09,43.8,62.81,6.47,29.41,70.59,32.69,45.67,42.53,65.52
2025-09-29,20,6,2025-09-29 17:37:00,5,東龍軒カップ,3,4093,吉田 宗弘,3,44,50.5,0,0,0.22,4.23,23,35,4.38,31.25,50,46.31,66.01,38.75,56.25
2025-09-29,20,6,2025-09-29 17:37:00,5,東龍軒カップ,4,4120,柘植 政浩,2,44,52,0,0,0.19,5.88,40.28,61.81,6.15,50,60,33.64,49.07,27.27,40.91
2025-09-29,20,6,2025-09-29 17:37:00,5,東龍軒カップ,5,3860,松本 浩貴,3,52,52.6,0,0,0.19,4.21,20.19,37.5,2.93,14.29,21.43,44.44,60.1,35.37,46.34
2025-09-29,20,6,2025-09-29 17:37:00,5,東龍軒カップ,6,5044,渡邉 健,2,26,57.3,1,0,0.17,5.41,38.14,52.54,5.29,42.86,57.14,33.02,48.11,35.56,55.56
2025-09-29,20,7,2025-09-29 18:04:00,5,東龍軒カップ,1,3963,原田 秀弥,2,46,54.9,1,0,0.16,5.26,33.96,51.89,4.96,33.33,41.67,25.65,49.74,20,40
2025-09-29,20,7,2025-09-29 18:04:00,5,東龍軒カップ,2,3435,寺田 千恵,1,56,46,0,0,0.15,6.47,44.78,67.91,6.96,53.06,77.55,52.48,69.8,23.08,41.03
2025-09-29,20,7,2025-09-29 18:04:00,5,東龍軒カップ,3,3477,近藤 稔也,3,55,52.5,0,0,0.19,3.65,11.96,26.09,3.58,6.45,29.03,33.66,54.63,40.74,64.2
2025-09-29,20,7,2025-09-29 18:04:00,5,東龍軒カップ,4,3976,内田 圭,3,48,52.9,0,0,0.17,4.05,24.04,36.54,3.8,22.86,34.29,35.27,49.76,29.89,44.83
2025-09-29,20,7,2025-09-29 18:04:00,5,東龍軒カップ,5,4649,和田 操拓,2,41,51.5,0,0,0.14,5.73,36.03,54.41,6.43,42.86,57.14,23.98,39.8,35.29,52.94
2025-09-29,20,7,2025-09-29 18:04:00,5,東龍軒カップ,6,4506,稗田 聖也,2,37,52,0,0,0.14,5.58,40.6,57.14,5.45,40.48,52.38,35.38,53.3,41.18,57.65
2025-09-29,20,8,2025-09-29 18:32:00,5,東龍軒カップ,1,4413,水摩 敦,1,39,51.5,1,0,0.17,6.07,44.07,60.17,6.52,45.67,65.35,33.17,51.44,31.76,49.41
2025-09-29,20,8,2025-09-29 18:32:00,5,東龍軒カップ,2,4302,西野 翔太,1,42,52.3,0,0,0.15,6.13,42.97,62.5,6.07,42.86,57.14,38.43,56.48,29.07,45.35
2025-09-29,20,8,2025-09-29 18:32:00,5,東龍軒カップ,3,4062,後藤 陽介,2,46,56.7,1,0,0.16,4.08,20.83,32.29,6,43.48,65.22,25.59,41.71,41.77,56.96
2025-09-29,20,8,2025-09-29 18:32:00,5,東龍軒カップ,4,5208,屋良 龍紀,3,27,51.5,1,0,0.14,3.97,19.33,34.45,2.78,5.41,16.22,27.23,43.07,27.71,48.19
2025-09-29,20,8,2025-09-29 18:32:00,5,東龍軒カップ,5,3787,天野 誠,3,54,52.7,0,0,0.19,3.88,16.47,32.94,2.7,5,5,30.14,43.84,21.18,36.47
2025-09-29,20,8,2025-09-29 18:32:00,5,東龍軒カップ,6,3998,冨成 謙児,3,46,52,0,0,0.17,4.03,19.61,35.29,4.7,29.55,45.45,28.05,50.23,30,46.25
2025-09-29,20,9,2025-09-29 19:02:00,5,東龍軒カップ,1,4642,松尾 夏海,1,33,46.5,0,0,0.15,6.7,48.91,65.22,8,66.67,77.78,26.98,42.33,24.68,46.75
2025-09-29,20,9,2025-09-29 19:02:00,5,東龍軒カップ,2,5198,奥村 明日香,3,23,45,0,0,0.19,3.98,13.79,34.48,4.4,21.43,38.1,41.41,57.58,17.11,27.63
2025-09-29,20,9,2025-09-29 19:02:00,5,東龍軒カップ,3,4117,廣中 智紗衣,2,44,46.5,1,0,0.19,6.54,47.25,69.23,7.9,80,80,47.06,62.25,40.48,52.38
2025-09-29,20,9,2025-09-29 19:02:00,5,東龍軒カップ,4,4765,野田部 宏子,3,35,50.7,0,0,0.14,5.31,36.46,54.17,5.69,41.43,58.57,36.27,59.07,44.58,66.27
2025-09-29,20,9,2025-09-29 19:02:00,5,東龍軒カップ,5,4627,藤原 菜希,2,39,47,1,0,0.15,5.58,37.66,54.55,6.18,40.91,72.73,35.55,52.13,28.74,45.98
2025-09-29,20,9,2025-09-29 19:02:00,5,東龍軒カップ,6,5370,日隈 茜,4,23,49,1,0,0.22,1.49,2.2,3.3,1,0,0,35.5,61,24.68,38.96
2025-09-29,20,10,2025-09-29 19:32:00,5,東龍軒カップ,1,3811,石田 章央,2,49,54.1,0,0,0.15,6.1,45.45,63.64,7.3,70,70,28.35,48.45,35.9,50
2025-09-29,20,10,2025-09-29 19:32:00,5,東龍軒カップ,2,4873,蒲原 健太,2,31,52,0,0,0.2,6.03,38.33,60,4.46,20.83,33.33,37.86,54.85,39.53,52.33
2025-09-29,20,10,2025-09-29 19:32:00,5,東龍軒カップ,3,3497,後藤 浩,3,57,51,0,0,0.18,4.67,27.96,47.31,4.69,37.5,43.75,36.65,52.36,35.8,50.62
2025-09-29,20,10,2025-09-29 19:32:00,5,東龍軒カップ,4,4303,牧原 崇,2,42,52,0,0,0.19,5.49,37.5,50,5.6,35,62.5,31.1,51.2,33.73,44.58
2025-09-29,20,10,2025-09-29 19:32:00,5,東龍軒カップ,5,3714,梶原 正,3,50,54.7,0,0,0.17,4.3,21.93,34.21,4.93,33.33,46.67,33.02,52.36,28.41,47.73
2025-09-29,20,10,2025-09-29 19:32:00,5,東龍軒カップ,6,4793,金子 萌,2,35,52.3,0,0,0.16,5.86,42.42,58.33,6.46,41.67,75,38.73,57.84,27.78,43.33
2025-09-29,20,11,2025-09-29 20:04:00,5,東龍軒カップ,1,4877,鈴谷 一平,1,31,55.1,0,0,0.14,6.33,51.64,65.57,0,0,0,31.79,48.21,42.68,53.66
2025-09-29,20,11,2025-09-29 20:04:00,5,東龍軒カップ,2,4811,向井田 佑紀,3,36,49,0,0,0.17,4.97,27.78,46.83,5.08,25.64,46.15,38.38,51.01,32.43,52.7
2025-09-29,20,11,2025-09-29 20:04:00,5,東龍軒カップ,3,5044,渡邉 健,2,26,57.3,1,0,0.17,5.41,38.14,52.54,5.29,42.86,57.14,33.02,48.11,35.56,55.56
2025-09-29,20,11,2025-09-29 20:04:00,5,東龍軒カップ,4,3699,富永 正人,3,52,52.5,0,0,0.2,4.74,31.25,42.5,4.26,25.93,40.74,35.42,55.21,26.83,43.9
2025-09-29,20,11,2025-09-29 20:04:00,5,東龍軒カップ,5,3963,原田 秀弥,2,46,54.9,1,0,0.16,5.26,33.96,51.89,4.96,33.33,41.67,25.65,49.74,20,40
2025-09-29,20,11,2025-09-29 20:04:00,5,東龍軒カップ,6,4260,中越 博紀,2,41,52,0,0,0.17,5.58,41.53,55.08,5.71,39.47,60.53,43.35,62.07,21.62,35.14
2025-09-29,20,12,2025-09-29 20:35:00,5,東龍軒カップ,1,3435,寺田 千恵,1,56,46,0,0,0.15,6.47,44.78,67.91,6.96,53.06,77.55,52.48,69.8,23.08,41.03
2025-09-29,20,12,2025-09-29 20:35:00,5,東龍軒カップ,2,4043,桐本 康臣,1,46,52.9,0,0,0.16,6.23,44.14,62.07,6.85,47.83,67.39,35.23,49.74,27.91,47.67
2025-09-29,20,12,2025-09-29 20:35:00,5,東龍軒カップ,3,4171,榎 幸司,1,43,52.1,0,0,0.17,6.3,45.77,62.68,6.38,44.87,66.67,30.2,46.53,26.51,45.78
2025-09-29,20,12,2025-09-29 20:35:00,5,東龍軒カップ,4,4413,水摩 敦,1,39,51.5,1,0,0.17,6.07,44.07,60.17,6.52,45.67,65.35,33.17,51.44,31.76,49.41
2025-09-29,20,12,2025-09-29 20:35:00,5,東龍軒カップ,5,4772,石丸 海渡,1,32,56.8,1,0,0.11,6.32,47.66,63.55,7,51.43,62.86,35.61,55.61,35,52.5
2025-09-29,20,12,2025-09-29 20:35:00,5,東龍軒カップ,6,4703,森永 隆,1,37,52,1,0,0.15,6.09,43.8,62.81,6.47,29.41,70.59,32.69,45.67,42.53,65.52
2025-09-29,21,1,2025-09-29 08:32:00,5,福岡ソフトバンクホークス杯,1,4053,芦澤 望,2,47,55.8,0,0,0.18,6.25,44.14,61.26,5.64,35.71,53.57,37.66,58.44,33.7,54.35
2025-09-29,21,1,2025-09-29 08:32:00,5,福岡ソフトバンクホークス杯,2,5023,久永 祥平,3,30,52,0,0,0.15,5.38,30.93,54.64,0,0,0,44.57,60.87,34.74,40
2025-09-29,21,1,2025-09-29 08:32:00,5,福岡ソフトバンクホークス杯,3,3832,下田 哲也,3,51,54.4,0,0,0.17,4.89,27.88,45.19,4.29,25,33.33,38.24,51.96,42.86,54.29
2025-09-29,21,1,2025-09-29 08:32:00,5,福岡ソフトバンクホークス杯,4,4440,萩原 知哉,3,39,53.3,0,0,0.17,4.37,18.45,34.95,4.18,13.64,27.27,54,72,37.76,52.04
2025-09-29,21,1,2025-09-29 08:32:00,5,福岡ソフトバンクホークス杯,5,3828,明石 正之,3,52,52,1,0,0.18,4.89,25.81,43.55,5.43,38.1,47.62,40.7,50,36,56
2025-09-29,21,1,2025-09-29 08:32:00,5,福岡ソフトバンクホークス杯,6,5243,三馬 崇史,3,25,53.9,0,0,0.17,5.47,37.93,50,5.67,38.89,55.56,17.98,31.46,36,57
2025-09-29,21,2,2025-09-29 08:58:00,5,福岡ソフトバンクホークス杯,1,4411,沢田 昭宏,2,39,52.8,1,0,0.17,5.7,39.2,60.8,4.5,11.11,33.33,42.45,57.55,28.26,50
2025-09-29,21,2,2025-09-29 08:58:00,5,福岡ソフトバンクホークス杯,2,5290,坂本 一真,3,24,51.5,0,0,0.18,2.27,8.47,11.86,0,0,0,32.35,48.04,36.79,52.83
2025-09-29,21,2,2025-09-29 08:58:00,5,福岡ソフトバンクホークス杯,3,3297,藤丸 光一,3,58,50.5,0,0,0.19,4.53,19.61,42.16,5,30,50,29.59,44.9,39.81,57.41
2025-09-29,21,2,2025-09-29 08:58:00,5,福岡ソフトバンクホークス杯,4,4759,今泉 友吾,1,35,52,0,0,0.16,7.04,52.21,73.45,6.69,64.1,71.79,32.38,44.76,32.98,43.62
2025-09-29,21,2,2025-09-29 08:58:00,5,福岡ソフトバンクホークス杯,5,4039,村上 功祐,3,46,56.6,0,0,0.16,5.85,40.54,60.36,6.22,50,61.11,32.99,52.58,26.32,52.63
2025-09-29,21,2,2025-09-29 08:58:00,5,福岡ソフトバンクホークス杯,6,5264,登 みひ果,3,25,46,1,0,0.16,4.26,26.04,35.42,2.92,12,20,33.94,44.95,20.65,41.3
2025-09-29,21,3,2025-09-29 09:24:00,5,福岡ソフトバンクホークス杯,1,4689,豊田 結,2,32,51,0,0,0.17,5.84,41.94,59.14,0,0,0,30.28,43.12,30.77,52.75
2025-09-29,21,3,2025-09-29 09:24:00,5,福岡ソフトバンクホークス杯,2,5352,西岡 蒼志,3,21,53.3,0,0,0.18,4.04,13.68,29.47,3.31,6.25,25,29.17,47.92,42.06,55.14
2025-09-29,21,3,2025-09-29 09:24:00,5,福岡ソフトバンクホークス杯,3,5217,藤原 碧生,1,25,52.1,1,0,0.15,6.93,50.53,76.84,7.06,53.13,78.13,31.63,51.02,39.42,58.65
2025-09-29,21,3,2025-09-29 09:24:00,5,福岡ソフトバンクホークス杯,4,5311,小林 京平,3,27,52,0,0,0.21,4.03,16.67,33.33,0,0,0,52.22,68.89,36.84,45.26
2025-09-29,21,3,2025-09-29 09:24:00,5,福岡ソフトバンクホークス杯,5,4966,田川 大貴,2,27,53.6,0,0,0.14,5.35,33.07,51.18,4.74,25.93,44.44,36,54,35.78,55.05
2025-09-29,21,3,2025-09-29 09:24:00,5,福岡ソフトバンクホークス杯,6,5297,南 彩寧,4,23,46,0,0,0.22,2.65,7.14,14.29,0,0,0,37.62,57.43,26.32,42.11
2025-09-29,21,4,2025-09-29 09:50:00,5,福岡ソフトバンクホークス杯,1,3946,赤岩 善生,1,49,54,0,0,0.16,7.2,59.88,76.05,8.22,78.26,91.3,31.13,45.28,35.85,54.72
2025-09-29,21,4,2025-09-29 09:50:00,5,福岡ソフトバンクホークス杯,2,5140,吉田 彩乃,3,25,47.8,0,0,0.19,4.09,17.89,32.63,2.67,11.11,11.11,27.88,46.15,26.09,34.78
2025-09-29,21,4,2025-09-29 09:50:00,5,福岡ソフトバンクホークス杯,3,5031,渡辺 空依,3,28,52.9,1,0,0.19,3.92,13.56,35.59,3.08,8.33,33.33,48,58,41.12,57.94
2025-09-29,21,4,2025-09-29 09:50:00,5,福岡ソフトバンクホークス杯,4,4402,乙藤 智史,2,40,52.7,0,0,0.18,5.68,42.73,59.09,6.15,43.62,67.02,37.62,52.48,34.09,54.55
2025-09-29,21,4,2025-09-29 09:50:00,5,福岡ソフトバンクホークス杯,5,4472,尾嶋 一広,1,38,53.9,1,0,0.15,6.82,57.98,73.11,7.39,61.11,77.78,52.56,76.92,31.87,43.96
2025-09-29,21,4,2025-09-29 09:50:00,5,福岡ソフトバンクホークス杯,6,5245,倉富 大誠,3,23,52,1,0,0.18,5.45,35.42,51.04,0,0,0,38.46,59.34,32.98,46.81
2025-09-29,21,5,2025-09-29 10:18:00,5,福岡ソフトバンクホークス杯,1,3737,上平 真二,1,51,52.4,1,0,0.17,6.64,48.91,67.39,7.64,64.29,71.43,33.65,48.08,37.76,54.08
2025-09-29,21,5,2025-09-29 10:18:00,5,福岡ソフトバンクホークス杯,2,3845,中谷 朋子,2,48,45,1,0,0.19,5.83,41.98,53.09,6.29,38.1,66.67,39,52,24.47,46.81
2025-09-29,21,5,2025-09-29 10:18:00,5,福岡ソフトバンクホークス杯,3,4947,間庭 菜摘,3,33,47.1,0,0,0.19,4.84,23,49,3.84,8.11,27.03,33.33,50,40.21,54.64
2025-09-29,21,5,2025-09-29 10:18:00,5,福岡ソフトバンクホークス杯,4,5186,遠藤 圭吾,3,25,53.5,1,0,0.17,3.55,15.07,28.77,1.67,0,0,31.13,53.77,38.46,51.92
2025-09-29,21,5,2025-09-29 10:18:00,5,福岡ソフトバンクホークス杯,5,5232,樅山 拓馬,3,28,52,1,0,0.13,4.7,27.1,47.66,0,0,0,36.54,50.96,22.83,38.04
2025-09-29,21,5,2025-09-29 10:18:00,5,福岡ソフトバンクホークス杯,6,4199,北川 潤二,1,43,54.2,0,0,0.13,5.93,41.91,63.24,7.1,54.84,74.19,40.63,59.38,31.82,46.59
2025-09-29,21,6,2025-09-29 10:49:00,5,福岡ソフトバンクホークス杯,1,4274,長畑 友輔,3,43,52,1,0,0.15,4.41,23.91,42.39,3.78,11.11,33.33,28.44,44.95,28.26,42.39
2025-09-29,21,6,2025-09-29 10:49:00,5,福岡ソフトバンクホークス杯,2,3988,古川 誠之,2,47,53.5,0,0,0.16,5.68,42.19,54.69,0,0,0,31.25,48.96,40.82,54.08
2025-09-29,21,6,2025-09-29 10:49:00,5,福岡ソフトバンクホークス杯,3,5321,一色 颯輝,3,23,54.6,0,0,0.18,4.85,30.59,40,5.83,66.67,66.67,55.06,76.4,32.61,46.74
2025-09-29,21,6,2025-09-29 10:49:00,5,福岡ソフトバンクホークス杯,4,4614,石倉 洋行,1,45,53.7,1,0,0.13,6.53,50,64,7.71,62.5,87.5,32.65,50,20.62,36.08
2025-09-29,21,6,2025-09-29 10:49:00,5,福岡ソフトバンクホークス杯,5,3297,藤丸 光一,3,58,50,0,0,0.19,4.53,19.61,42.16,5,30,50,29.59,44.9,39.81,57.41
2025-09-29,21,6,2025-09-29 10:49:00,5,福岡ソフトバンクホークス杯,6,3024,西島 義則,1,63,53.1,0,0,0.16,6.71,56.25,65,6.29,53.57,64.29,34.62,48.72,32.61,44.57
2025-09-29,21,7,2025-09-29 11:20:00,5,福岡ソフトバンクホークス杯,1,5356,長谷川 暖,3,20,50.5,0,0,0.18,4.17,14.29,39.29,3.84,16,28,32.67,41.58,39.45,59.63
2025-09-29,21,7,2025-09-29 11:20:00,5,福岡ソフトバンクホークス杯,2,5265,大廣 咲季,3,25,46,1,0,0.16,3.43,17.05,28.41,2.47,5.56,16.67,42.39,59.78,32.97,49.45
2025-09-29,21,7,2025-09-29 11:20:00,5,福岡ソフトバンクホークス杯,3,3805,高橋 英之,3,51,52.9,0,0,0.14,5.77,42.55,56.38,7.16,60,76,46.67,64.44,38.68,54.72
2025-09-29,21,7,2025-09-29 11:20:00,5,福岡ソフトバンクホークス杯,4,3828,明石 正之,3,52,52,1,0,0.18,4.89,25.81,43.55,5.43,38.1,47.62,40.7,50,36,56
2025-09-29,21,7,2025-09-29 11:20:00,5,福岡ソフトバンクホークス杯,5,5352,西岡 蒼志,3,21,53.3,0,0,0.18,4.04,13.68,29.47,3.31,6.25,25,29.17,47.92,42.06,55.14
2025-09-29,21,7,2025-09-29 11:20:00,5,福岡ソフトバンクホークス杯,6,5290,坂本 一真,3,24,51.5,0,0,0.18,2.27,8.47,11.86,0,0,0,32.35,48.04,36.79,52.83
2025-09-29,21,8,2025-09-29 11:51:00,5,福岡ソフトバンクホークス杯,1,4440,萩原 知哉,3,39,53.3,0,0,0.17,4.37,18.45,34.95,4.18,13.64,27.27,54,72,37.76,52.04
2025-09-29,21,8,2025-09-29 11:51:00,5,福岡ソフトバンクホークス杯,2,3661,柳瀬 興志,2,56,57.2,0,0,0.18,4.95,24.11,48.21,4.49,20,34.29,18.75,34.38,40.2,54.9
2025-09-29,21,8,2025-09-29 11:51:00,5,福岡ソフトバンクホークス杯,3,5009,大賀 龍之介,2,28,54,1,0,0.15,4.82,32.31,44.62,4.57,26.67,40,23.33,48.89,39.29,55.36
2025-09-29,21,8,2025-09-29 11:51:00,5,福岡ソフトバンクホークス杯,4,3107,平岡 重典,3,61,52,0,0,0.19,4.13,15.22,34.78,4.26,17.39,39.13,38.46,56.04,25.81,45.16
2025-09-29,21,8,2025-09-29 11:51:00,5,福岡ソフトバンクホークス杯,5,4295,小坂 尚哉,1,39,52.7,1,0,0.13,6.81,55.65,70.97,7.62,67.57,83.78,42.42,58.59,35.51,57.01
2025-09-29,21,8,2025-09-29 11:51:00,5,福岡ソフトバンクホークス杯,6,5140,吉田 彩乃,3,25,47.8,0,0,0.19,4.09,17.89,32.63,2.67,11.11,11.11,27.88,46.15,26.09,34.78
2025-09-29,21,9,2025-09-29 12:25:00,5,福岡ソフトバンクホークス杯,1,4966,田川 大貴,2,27,53.6,0,0,0.14,5.35,33.07,51.18,4.74,25.93,44.44,36,54,35.78,55.05
2025-09-29,21,9,2025-09-29 12:25:00,5,福岡ソフトバンクホークス杯,2,5031,渡辺 空依,3,28,52.9,1,0,0.19,3.92,13.56,35.59,3.08,8.33,33.33,48,58,41.12,57.94
2025-09-29,21,9,2025-09-29 12:25:00,5,福岡ソフトバンクホークス杯,3,4526,池田 雄祐,2,37,51,1,0,0.16,5.88,40.95,60.95,5.81,33.33,61.9,32.29,50,37.76,59.18
2025-09-29,21,9,2025-09-29 12:25:00,5,福岡ソフトバンクホークス杯,4,4411,沢田 昭宏,2,39,52.8,1,0,0.17,5.7,39.2,60.8,4.5,11.11,33.33,42.45,57.55,28.26,50
2025-09-29,21,9,2025-09-29 12:25:00,5,福岡ソフトバンクホークス杯,5,5311,小林 京平,3,27,52,0,0,0.21,4.03,16.67,33.33,0,0,0,52.22,68.89,36.84,45.26
2025-09-29,21,9,2025-09-29 12:25:00,5,福岡ソフトバンクホークス杯,6,4347,魚谷 香織,2,40,46,1,0,0.16,6.28,47.37,69.47,6.33,37.7,68.85,38.04,58.7,28.74,40.23
2025-09-29,21,10,2025-09-29 13:00:00,5,福岡ソフトバンクホークス杯,1,4759,今泉 友吾,1,35,52,0,0,0.16,7.04,52.21,73.45,6.69,64.1,71.79,32.38,44.76,32.98,43.62
2025-09-29,21,10,2025-09-29 13:00:00,5,福岡ソフトバンクホークス杯,2,3737,上平 真二,1,51,52.4,1,0,0.17,6.64,48.91,67.39,7.64,64.29,71.43,33.65,48.08,37.76,54.08
2025-09-29,21,10,2025-09-29 13:00:00,5,福岡ソフトバンクホークス杯,3,4053,芦澤 望,2,47,55.8,0,0,0.18,6.25,44.14,61.26,5.64,35.71,53.57,37.66,58.44,33.7,54.35
2025-09-29,21,10,2025-09-29 13:00:00,5,福岡ソフトバンクホークス杯,4,5217,藤原 碧生,1,25,52.1,1,0,0.15,6.93,50.53,76.84,7.06,53.13,78.13,31.63,51.02,39.42,58.65
2025-09-29,21,10,2025-09-29 13:00:00,5,福岡ソフトバンクホークス杯,5,5186,遠藤 圭吾,3,25,53.5,1,0,0.17,3.55,15.07,28.77,1.67,0,0,31.13,53.77,38.46,51.92
2025-09-29,21,10,2025-09-29 13:00:00,5,福岡ソフトバンクホークス杯,6,3988,古川 誠之,2,47,53.5,0,0,0.16,5.68,42.19,54.69,0,0,0,31.25,48.96,40.82,54.08
2025-09-29,21,11,2025-09-29 13:36:00,5,福岡ソフトバンクホークス杯,1,4199,北川 潤二,1,43,54.2,0,0,0.13,5.93,41.91,63.24,7.1,54.84,74.19,40.63,59.38,31.82,46.59
2025-09-29,21,11,2025-09-29 13:36:00,5,福岡ソフトバンクホークス杯,2,3946,赤岩 善生,1,49,54,0,0,0.16,7.2,59.88,76.05,8.22,78.26,91.3,31.13,45.28,35.85,54.72
2025-09-29,21,11,2025-09-29 13:36:00,5,福岡ソフトバンクホークス杯,3,4614,石倉 洋行,1,45,53.7,1,0,0.13,6.53,50,64,7.71,62.5,87.5,32.65,50,20.62,36.08
2025-09-29,21,11,2025-09-29 13:36:00,5,福岡ソフトバンクホークス杯,4,5356,長谷川 暖,3,20,50.5,0,0,0.18,4.17,14.29,39.29,3.84,16,28,32.67,41.58,39.45,59.63
2025-09-29,21,11,2025-09-29 13:36:00,5,福岡ソフトバンクホークス杯,5,5023,久永 祥平,3,30,52,0,0,0.15,5.38,30.93,54.64,0,0,0,44.57,60.87,34.74,40
2025-09-29,21,11,2025-09-29 13:36:00,5,福岡ソフトバンクホークス杯,6,3845,中谷 朋子,2,48,45,1,0,0.19,5.83,41.98,53.09,6.29,38.1,66.67,39,52,24.47,46.81
2025-09-29,21,12,2025-09-29 14:13:00,5,福岡ソフトバンクホークス杯,1,3024,西島 義則,1,63,53.1,0,0,0.16,6.71,56.25,65,6.29,53.57,64.29,34.62,48.72,32.61,44.57
2025-09-29,21,12,2025-09-29 14:13:00,5,福岡ソフトバンクホークス杯,2,4039,村上 功祐,3,46,56.6,0,0,0.16,5.85,40.54,60.36,6.22,50,61.11,32.99,52.58,26.32,52.63
2025-09-29,21,12,2025-09-29 14:13:00,5,福岡ソフトバンクホークス杯,3,4295,小坂 尚哉,1,39,52.7,1,0,0.13,6.81,55.65,70.97,7.62,67.57,83.78,42.42,58.59,35.51,57.01
2025-09-29,21,12,2025-09-29 14:13:00,5,福岡ソフトバンクホークス杯,4,4472,尾嶋 一広,1,38,53.9,1,0,0.15,6.82,57.98,73.11,7.39,61.11,77.78,52.56,76.92,31.87,43.96
2025-09-29,21,12,2025-09-29 14:13:00,5,福岡ソフトバンクホークス杯,5,3805,高橋 英之,3,51,52.9,0,0,0.14,5.77,42.55,56.38,7.16,60,76,46.67,64.44,38.68,54.72
2025-09-29,21,12,2025-09-29 14:13:00,5,福岡ソフトバンクホークス杯,6,4402,乙藤 智史,2,40,52.7,0,0,0.18,5.68,42.73,59.09,6.15,43.62,67.02,37.62,52.48,34.09,54.55
2025-09-29,24,1,2025-09-29 15:27:00,4,オールレディース競走,1,3871,池田 紫乃,3,49,44.5,0,0,0.18,5.18,35.29,45.59,5.5,39.8,54.08,33.33,46.67,36.36,57.58
2025-09-29,24,1,2025-09-29 15:27:00,4,オールレディース競走,2,4844,村上 奈穂,3,32,48.8,0,0,0.18,4.45,16.96,41.96,4.39,12.12,39.39,49.15,67.8,40.91,51.52
2025-09-29,24,1,2025-09-29 15:27:00,4,オールレディース競走,3,4300,加藤 綾,3,42,49.9,1,0,0.21,4.26,17.14,32.86,0,0,0,40.3,53.73,42.86,62.5
2025-09-29,24,1,2025-09-29 15:27:00,4,オールレディース競走,4,5283,植木 美帆,4,21,48.1,0,0,0.23,3.39,15.25,23.73,0,0,0,36.84,47.37,50,63.79
2025-09-29,24,1,2025-09-29 15:27:00,4,オールレディース競走,5,4372,原田 佑実,3,38,46.5,1,0,0.16,5.67,36.14,59.04,7.27,54.55,90.91,33.82,47.06,33.33,49.12
2025-09-29,24,1,2025-09-29 15:27:00,4,オールレディース競走,6,4720,西澤 日花里,3,31,47,0,0,0.2,4.82,25.32,48.1,5.91,42.03,65.22,45.9,59.02,41.38,67.24
2025-09-29,24,2,2025-09-29 15:50:00,4,オールレディース競走,1,4924,中北 涼,3,32,48.6,0,0,0.18,4.36,18.81,36.63,4.02,17.36,31.4,42.59,57.41,30.16,44.44
2025-09-29,24,2,2025-09-29 15:50:00,4,オールレディース競走,2,4502,遠藤 エミ,1,37,44.5,0,0,0.14,7.31,43.75,65.18,6.8,36,56,30.88,47.06,32.76,44.83
2025-09-29,24,2,2025-09-29 15:50:00,4,オールレディース競走,3,4590,渡邉 優美,1,33,47.9,0,0,0.15,7.44,57.02,76.03,6.27,33.33,54.55,37.68,55.07,30.51,44.07
2025-09-29,24,2,2025-09-29 15:50:00,4,オールレディース競走,4,5326,三嶌 さらら,3,21,47,0,0,0.2,2.74,4.12,10.31,1.88,0,0,57.14,64.29,51.72,74.14
2025-09-29,24,2,2025-09-29 15:50:00,4,オールレディース競走,5,4714,喜多須 杏奈,3,34,48.8,0,0,0.18,4.83,26.09,47.83,4.68,28.57,39.29,47.17,56.6,38.03,52.11
2025-09-29,24,2,2025-09-29 15:50:00,4,オールレディース競走,6,5155,内山 七海,3,28,46,0,0,0.17,5.47,39.39,56.57,5.3,35.14,48.65,41.79,59.7,33.33,47.37
2025-09-29,24,3,2025-09-29 16:13:00,4,オールレディース競走,1,5151,山下 奈緒,3,30,47,0,0,0.24,4.05,13.64,30.91,3.53,11.76,29.41,44.07,61.02,42.19,56.25
2025-09-29,24,3,2025-09-29 16:13:00,4,オールレディース競走,2,5250,嶋田 有里,3,23,45,1,0,0.23,4,22.86,28.57,3.12,13.58,19.75,29.41,33.82,32.2,49.15
2025-09-29,24,3,2025-09-29 16:13:00,4,オールレディース競走,3,4387,平山 智加,1,40,46.5,0,0,0.16,6.93,47.66,70.09,0,0,0,54.39,70.18,31.82,42.42
2025-09-29,24,3,2025-09-29 16:13:00,4,オールレディース競走,4,4208,三浦 永理,1,42,47,0,0,0.15,6.68,46.15,69.23,7.5,59.09,72.73,30.3,46.97,39.34,55.74
2025-09-29,24,3,2025-09-29 16:13:00,4,オールレディース競走,5,5195,北村 寧々,3,23,44.5,1,0,0.17,5.33,26.83,54.88,4.39,23.4,41.84,28,48,38.03,50.7
2025-09-29,24,3,2025-09-29 16:13:00,4,オールレディース競走,6,4548,篠木 亜衣花,4,37,50.4,1,0,0.25,3.36,10.26,25.64,0,0,0,33.85,53.85,36.54,59.62
2025-09-29,24,4,2025-09-29 16:45:00,4,オールレディース競走,1,4014,片岡 恵里,2,45,47.7,0,0,0.19,5.88,41.58,62.38,5.45,34.48,55.17,34.38,48.44,35.71,55.36
2025-09-29,24,4,2025-09-29 16:45:00,4,オールレディース競走,2,3580,水口 由紀,3,52,49.2,0,0,0.19,5.4,30.3,52.53,5.22,22.22,61.11,46.15,67.69,35.71,48.21
2025-09-29,24,4,2025-09-29 16:45:00,4,オールレディース競走,3,4927,関野 文,2,31,45.5,0,0,0.16,5.93,43.09,55.28,5.81,38.89,52.78,50.82,63.93,33.33,57.58
2025-09-29,24,4,2025-09-29 16:45:00,4,オールレディース競走,4,5192,中尾 優香,3,24,47.7,1,0,0.19,5.35,34.83,52.81,3.58,19.35,25.81,32.84,46.27,41.43,52.86
2025-09-29,24,4,2025-09-29 16:45:00,4,オールレディース競走,5,3618,海野 ゆかり,2,51,44.5,0,0,0.17,6.33,41.74,62.61,7.83,61.11,88.89,35.71,48.21,38.18,54.55
2025-09-29,24,4,2025-09-29 16:45:00,4,オールレディース競走,6,4349,犬童 千秋,3,40,48.7,0,0,0.15,5.26,33.33,49.46,4.89,22.22,50,30.38,50.63,37.29,62.71
2025-09-29,24,5,2025-09-29 17:15:00,4,オールレディース競走,1,4408,仁科 さやか,4,39,47.9,0,0,0.17,3.96,23.75,32.5,5.26,34.21,57.89,31.43,41.43,33.33,44.44
2025-09-29,24,5,2025-09-29 17:15:00,4,オールレディース競走,2,4938,小芦 るり華,2,28,48,0,0,0.19,6.24,41.67,62.96,4.81,18.75,37.5,39.71,64.71,38.18,54.55
2025-09-29,24,5,2025-09-29 17:15:00,4,オールレディース競走,3,5335,森 陽多,3,20,47,0,0,0.19,2.64,11.02,18.64,2.63,10.13,18.99,38.71,51.61,37.88,56.06
2025-09-29,24,5,2025-09-29 17:15:00,4,オールレディース競走,4,3289,高橋 淳美,4,62,46.5,0,0,0.21,4.26,18.18,36.36,4.38,31.25,37.5,36.92,44.62,33.33,46.38
2025-09-29,24,5,2025-09-29 17:15:00,4,オールレディース競走,5,5283,植木 美帆,4,21,48.1,0,0,0.23,3.39,15.25,23.73,0,0,0,36.84,47.37,50,63.79
2025-09-29,24,5,2025-09-29 17:15:00,4,オールレディース競走,6,4804,高田 ひかる,2,31,49.3,1,0,0.2,6.32,43,60,5.8,35,55,37.88,71.21,43.94,51.52
2025-09-29,24,6,2025-09-29 17:44:00,4,オールレディース競走,1,3518,倉田 郁美,3,57,48.6,0,0,0.21,3.78,14.29,29.87,5.06,22.22,55.56,34.85,57.58,35.94,71.88
2025-09-29,24,6,2025-09-29 17:44:00,4,オールレディース競走,2,5173,谷口 佳蓮,3,23,47,0,0,0.17,4.64,28.38,41.89,4.74,31.43,42.86,36.07,47.54,36.07,52.46
2025-09-29,24,6,2025-09-29 17:44:00,4,オールレディース競走,3,5188,武井 莉里佳,2,25,44.5,0,0,0.19,5.58,36.84,54.39,2.83,16.67,16.67,32.35,54.41,37.5,50
2025-09-29,24,6,2025-09-29 17:44:00,4,オールレディース競走,4,4286,平田 さやか,2,41,47.4,0,0,0.16,5.39,31.76,52.7,5.73,34.15,53.66,51.72,75.86,50,65.15
2025-09-29,24,6,2025-09-29 17:44:00,4,オールレディース競走,5,4499,滝川 真由子,3,37,46,1,0,0.16,5.62,40.58,55.07,6.39,50.48,65.71,35.71,58.93,36.51,41.27
2025-09-29,24,6,2025-09-29 17:44:00,4,オールレディース競走,6,4482,守屋 美穂,1,36,46,0,0,0.15,6.89,55.8,68.84,6.24,36,60,29.03,46.77,44.44,57.14
2025-09-29,24,7,2025-09-29 18:11:00,4,オールレディース競走,1,5205,刑部 亜里紗,2,28,47.3,1,0,0.17,5.88,42.48,54.87,6.47,58.82,70.59,39.71,50,50.77,70.77
2025-09-29,24,7,2025-09-29 18:11:00,4,オールレディース競走,2,4372,原田 佑実,3,38,46.5,1,0,0.16,5.67,36.14,59.04,7.27,54.55,90.91,33.82,47.06,33.33,49.12
2025-09-29,24,7,2025-09-29 18:11:00,4,オールレディース競走,3,4733,赤井 睦,3,36,47,1,0,0.16,5.28,31.71,50,0,0,0,33.33,44.44,30.77,46.15
2025-09-29,24,7,2025-09-29 18:11:00,4,オールレディース競走,4,4502,遠藤 エミ,1,37,44.5,0,0,0.14,7.31,43.75,65.18,6.8,36,56,30.88,47.06,32.76,44.83
2025-09-29,24,7,2025-09-29 18:11:00,4,オールレディース競走,5,4764,小池 礼乃,2,35,46.5,1,0,0.17,5.49,35.96,53.93,4.82,27.27,36.36,32.76,46.55,37.88,54.55
2025-09-29,24,7,2025-09-29 18:11:00,4,オールレディース競走,6,5250,嶋田 有里,3,23,45,1,0,0.23,4,22.86,28.57,3.12,13.58,19.75,29.41,33.82,32.2,49.15
2025-09-29,24,8,2025-09-29 18:39:00,4,オールレディース競走,1,4714,喜多須 杏奈,3,34,48.8,0,0,0.18,4.83,26.09,47.83,4.68,28.57,39.29,47.17,56.6,38.03,52.11
2025-09-29,24,8,2025-09-29 18:39:00,4,オールレディース競走,2,4530,小野 生奈,1,36,46,0,0,0.16,7.26,62.3,71.31,5.57,25.71,48.57,29.23,46.15,31.58,49.12
2025-09-29,24,8,2025-09-29 18:39:00,4,オールレディース競走,3,3357,福島 陽子,3,56,48.1,1,0,0.2,4.07,19.74,36.84,3.88,16,36,30.77,52.31,36.67,50
2025-09-29,24,8,2025-09-29 18:39:00,4,オールレディース競走,4,5151,山下 奈緒,3,30,47,0,0,0.24,4.05,13.64,30.91,3.53,11.76,29.41,44.07,61.02,42.19,56.25
2025-09-29,24,8,2025-09-29 18:39:00,4,オールレディース競走,5,4433,川野 芽唯,1,39,46.5,0,0,0.18,6.74,49.62,70.68,6.66,45.28,66.04,29.69,48.44,31.03,43.1
2025-09-29,24,8,2025-09-29 18:39:00,4,オールレディース競走,6,4300,加藤 綾,3,42,49.9,1,0,0.21,4.26,17.14,32.86,0,0,0,40.3,53.73,42.86,62.5
2025-09-29,24,9,2025-09-29 19:09:00,4,オールレディース競走,1,4927,関野 文,2,31,45.5,0,0,0.16,5.93,43.09,55.28,5.81,38.89,52.78,50.82,63.93,33.33,57.58
2025-09-29,24,9,2025-09-29 19:09:00,4,オールレディース競走,2,5218,山田 理央,2,25,47,1,0,0.15,5.99,40.35,61.4,4.65,26.92,38.46,34.78,55.07,30.43,37.68
2025-09-29,24,9,2025-09-29 19:09:00,4,オールレディース競走,3,4844,村上 奈穂,3,32,48.8,0,0,0.18,4.45,16.96,41.96,4.39,12.12,39.39,49.15,67.8,40.91,51.52
2025-09-29,24,9,2025-09-29 19:09:00,4,オールレディース競走,4,4548,篠木 亜衣花,4,37,50.4,1,0,0.25,3.36,10.26,25.64,0,0,0,33.85,53.85,36.54,59.62
2025-09-29,24,9,2025-09-29 19:09:00,4,オールレディース競走,5,3528,笠野 友紀恵,3,54,47,0,0,0.22,4.1,15.96,36.17,4.5,16.67,38.89,39.29,57.14,35.59,44.07
2025-09-29,24,9,2025-09-29 19:09:00,4,オールレディース競走,6,4050,田口 節子,1,44,46.5,0,0,0.15,7.57,66.67,78.16,7.5,56.67,76.67,32.73,47.27,35.29,50
2025-09-29,24,10,2025-09-29 19:40:00,4,オールレディース競走,1,4208,三浦 永理,1,42,47,0,0,0.15,6.68,46.15,69.23,7.5,59.09,72.73,30.3,46.97,39.34,55.74
2025-09-29,24,10,2025-09-29 19:40:00,4,オールレディース競走,2,4349,犬童 千秋,3,40,48.8,0,0,0.15,5.26,33.33,49.46,4.89,22.22,50,30.38,50.63,37.29,62.71
2025-09-29,24,10,2025-09-29 19:40:00,4,オールレディース競走,3,3611,岩崎 芳美,2,53,47.8,0,0,0.15,6.38,48.11,63.21,0,0,0,46.3,66.67,42.19,65.63
2025-09-29,24,10,2025-09-29 19:40:00,4,オールレディース競走,4,5335,森 陽多,3,20,46.5,0,0,0.19,2.64,11.02,18.64,2.63,10.13,18.99,38.71,51.61,37.88,56.06
2025-09-29,24,10,2025-09-29 19:40:00,4,オールレディース競走,5,3175,渡辺 千草,3,61,48.5,0,0,0.17,4.52,24.14,41.38,4.11,22.22,22.22,51.56,71.88,32.79,47.54
2025-09-29,24,10,2025-09-29 19:40:00,4,オールレディース競走,6,5193,米丸 乃絵,2,24,47,0,0,0.17,6.58,50,68.75,6.13,37.5,62.5,34.67,52,32.31,49.23
2025-09-29,24,11,2025-09-29 20:10:00,4,オールレディース競走,1,4590,渡邉 優美,1,33,47.9,0,0,0.15,7.44,57.02,76.03,6.27,33.33,54.55,37.68,55.07,30.51,44.07
2025-09-29,24,11,2025-09-29 20:10:00,4,オールレディース競走,2,4733,赤井 睦,3,36,47,1,0,0.16,5.28,31.71,50,0,0,0,33.33,44.44,30.77,46.15
2025-09-29,24,11,2025-09-29 20:10:00,4,オールレディース競走,3,4804,高田 ひかる,2,31,49.3,1,0,0.2,6.32,43,60,5.8,35,55,37.88,71.21,43.94,51.52
2025-09-29,24,11,2025-09-29 20:10:00,4,オールレディース競走,4,3871,池田 紫乃,3,49,44.5,0,0,0.18,5.18,35.29,45.59,5.5,39.8,54.08,33.33,46.67,36.36,57.58
2025-09-29,24,11,2025-09-29 20:10:00,4,オールレディース競走,5,4014,片岡 恵里,2,45,47.7,0,0,0.19,5.88,41.58,62.38,5.45,34.48,55.17,34.38,48.44,35.71,55.36
2025-09-29,24,11,2025-09-29 20:10:00,4,オールレディース競走,6,5173,谷口 佳蓮,3,23,47,0,0,0.17,4.64,28.38,41.89,4.74,31.43,42.86,36.07,47.54,36.07,52.46
2025-09-29,24,12,2025-09-29 20:40:00,4,オールレディース競走,1,4387,平山 智加,1,40,46.5,0,0,0.16,6.93,47.66,70.09,0,0,0,54.39,70.18,31.82,42.42
2025-09-29,24,12,2025-09-29 20:40:00,4,オールレディース競走,2,4764,小池 礼乃,2,35,46.5,1,0,0.17,5.49,35.96,53.93,4.82,27.27,36.36,32.76,46.55,37.88,54.55
2025-09-29,24,12,2025-09-29 20:40:00,4,オールレディース競走,3,4408,仁科 さやか,4,39,47.9,0,0,0.17,3.96,23.75,32.5,5.26,34.21,57.89,31.43,41.43,33.33,44.44
2025-09-29,24,12,2025-09-29 20:40:00,4,オールレディース競走,4,3580,水口 由紀,3,52,49.2,0,0,0.19,5.4,30.3,52.53,5.22,22.22,61.11,46.15,67.69,35.71,48.21
2025-09-29,24,12,2025-09-29 20:40:00,4,オールレディース競走,5,4924,中北 涼,3,32,48.6,0,0,0.18,4.36,18.81,36.63,4.02,17.36,31.4,42.59,57.41,30.16,44.44
2025-09-29,24,12,2025-09-29 20:40:00,4,オールレディース競走,6,4286,平田 さやか,2,41,47.4,0,0,0.16,5.39,31.76,52.7,5.73,34.15,53.66,51.72,75.86,50,65.15
