race_date,stadium_number,race_number,race_closed_at,race_grade_number,race_title,boat_number,racer_number,racer_name,racer_class_number,racer_age,racer_weight,racer_flying_count,racer_late_count,racer_average_start_timing,racer_national_top_1_percent,racer_national_top_2_percent,racer_national_top_3_percent,racer_local_top_1_percent,racer_local_top_2_percent,racer_local_top_3_percent,racer_assigned_motor_top_2_percent,racer_assigned_motor_top_3_percent,racer_assigned_boat_top_2_percent,racer_assigned_boat_top_3_percent
2025-11-04,1,1,2025-11-04 15:22:00,5,第11回太田双葉CCカップ D・S開設12周年記念,1,4562,阪本 勇介,3,37,53.1,0,0,0.2,4.07,17.36,35.54,4.05,15.79,36.84,27.84,43.18,33.16,54.21
2025-11-04,1,1,2025-11-04 15:22:00,5,第11回太田双葉CCカップ D・S開設12周年記念,2,3544,豊田 訓靖,4,56,52.9,0,0,0.16,3.12,9.09,21.21,0,0,0,34.36,52.76,32.63,54.74
2025-11-04,1,1,2025-11-04 15:22:00,5,第11回太田双葉CCカップ D・S開設12周年記念,3,4128,川口 貴久,3,45,54.7,0,0,0.15,4.28,18.84,39.13,5.64,40.91,56.82,26.84,42.63,30.73,45.31
2025-11-04,1,1,2025-11-04 15:22:00,5,第11回太田双葉CCカップ D・S開設12周年記念,4,5126,山下 大輝,2,29,52,0,0,0.18,6.4,50.69,68.06,4.63,0,62.5,36.27,56.86,25,40.96
2025-11-04,1,1,2025-11-04 15:22:00,5,第11回太田双葉CCカップ D・S開設12周年記念,5,4071,古賀 千晶,3,44,46.5,0,0,0.19,4.81,29.85,46.27,5.76,34.48,58.62,30.81,49.19,39.15,56.08
2025-11-04,1,1,2025-11-04 15:22:00,5,第11回太田双葉CCカップ D・S開設12周年記念,6,4888,金児 隆太,2,38,52,0,0,0.17,4.72,26.13,42.34,5.59,34.18,53.16,41.61,57.05,34.41,49.46
2025-11-04,1,2,2025-11-04 15:48:00,5,第11回太田双葉CCカップ D・S開設12周年記念,1,4639,雑賀 勇貴,3,34,54.8,0,0,0.18,4.36,25,39.42,3.38,12.5,25,42.71,58.85,33.68,48.95
2025-11-04,1,2,2025-11-04 15:48:00,5,第11回太田双葉CCカップ D・S開設12周年記念,2,4809,外崎 悟,2,36,52,0,0,0.16,5.58,36.25,51.25,5.6,30,60,41.85,55.98,32.11,50
2025-11-04,1,2,2025-11-04 15:48:00,5,第11回太田双葉CCカップ D・S開設12周年記念,3,4679,植田 太一,2,36,57.7,0,0,0.18,6.37,46.83,61.9,4.6,30,40,37.91,52.75,37.1,52.15
2025-11-04,1,2,2025-11-04 15:48:00,5,第11回太田双葉CCカップ D・S開設12周年記念,4,4317,木村 紗友希,3,41,47.4,0,0,0.19,4.38,24.24,41.41,0,0,0,35.52,56.83,27.81,49.73
2025-11-04,1,2,2025-11-04 15:48:00,5,第11回太田双葉CCカップ D・S開設12周年記念,5,3869,井芹 大志,3,50,55.6,0,0,0.17,4.08,20,38.26,3.71,20,31.43,48.11,62.7,37.7,53.93
2025-11-04,1,2,2025-11-04 15:48:00,5,第11回太田双葉CCカップ D・S開設12周年記念,6,4580,長谷川 雅和,2,36,52,0,0,0.16,5.46,39.58,50,6.4,46.67,60,41.92,59.28,31.18,39.25
2025-11-04,1,3,2025-11-04 16:17:00,5,第11回太田双葉CCカップ D・S開設12周年記念,1,3635,石田 政吾,2,55,52.4,0,0,0.18,5.02,28.57,52.94,5.25,27.78,55.56,42.86,60.32,29.32,41.36
2025-11-04,1,3,2025-11-04 16:17:00,5,第11回太田双葉CCカップ D・S開設12周年記念,2,3159,江口 晃生,1,60,52,0,0,0.16,6.76,46.88,71.88,7.58,62.4,78.4,36.18,54.61,33.51,52.43
2025-11-04,1,3,2025-11-04 16:17:00,5,第11回太田双葉CCカップ D・S開設12周年記念,3,4730,土屋 実沙希,3,36,47.3,0,0,0.2,5.73,37.8,58.54,4.88,25,50,28.22,46.63,31.22,50.79
2025-11-04,1,3,2025-11-04 16:17:00,5,第11回太田双葉CCカップ D・S開設12周年記念,4,5248,本田 愛,3,23,47.1,0,0,0.18,3.47,19.18,30.14,4.11,22.22,33.33,37.78,54.44,30.6,43.72
2025-11-04,1,3,2025-11-04 16:17:00,5,第11回太田双葉CCカップ D・S開設12周年記念,5,3627,井上 恵一,3,56,53,0,0,0.18,5.62,39.53,58.91,5.25,37.5,54.17,33.49,49.08,34.92,52.38
2025-11-04,1,3,2025-11-04 16:17:00,5,第11回太田双葉CCカップ D・S開設12周年記念,6,4991,宗行 治哉,2,28,52,0,0,0.18,5.58,32.2,55.08,5.5,37.5,50,33.18,50.45,32.09,50.8
2025-11-04,1,4,2025-11-04 16:46:00,5,第11回太田双葉CCカップ D・S開設12周年記念,1,4163,山崎 裕司,2,43,52.9,0,0,0.18,5.83,40.94,59.73,4.1,20,35,32.35,47.65,36.6,57.22
2025-11-04,1,4,2025-11-04 16:46:00,5,第11回太田双葉CCカップ D・S開設12周年記念,2,4301,関 裕也,3,42,53.7,0,0,0.16,4.69,25,42.5,4.25,37.5,37.5,33.33,52.74,26.06,47.87
2025-11-04,1,4,2025-11-04 16:46:00,5,第11回太田双葉CCカップ D・S開設12周年記念,3,5091,為本 智也,2,24,52,0,0,0.18,5.2,32.18,49.43,5.29,33.33,45.83,32.1,45.06,28.95,47.37
2025-11-04,1,4,2025-11-04 16:46:00,5,第11回太田双葉CCカップ D・S開設12周年記念,4,5051,松本 純平,1,30,52.6,0,0,0.16,6.45,47.79,64.6,6.15,40,67.27,39.36,53.72,38.54,52.6
2025-11-04,1,4,2025-11-04 16:46:00,5,第11回太田双葉CCカップ D・S開設12周年記念,5,4200,早川 尚人,3,43,54.8,0,0,0.18,4.32,17.95,36.75,5.8,30,60,35.33,52.17,28.8,44.02
2025-11-04,1,4,2025-11-04 16:46:00,5,第11回太田双葉CCカップ D・S開設12周年記念,6,4544,松田 大志郎,1,37,52,0,0,0.17,8,71.23,81.51,7.22,58,72,29.17,52.38,34.92,52.91
2025-11-04,1,5,2025-11-04 17:11:00,5,第11回太田双葉CCカップ D・S開設12周年記念,1,3872,岡田 憲行,2,49,52.6,0,0,0.21,5.4,34.04,53.9,6.87,52.63,73.68,43.58,61.45,44.09,60.22
2025-11-04,1,5,2025-11-04 17:11:00,5,第11回太田双葉CCカップ D・S開設12周年記念,2,4071,古賀 千晶,3,44,46.5,0,0,0.19,4.81,29.85,46.27,5.76,34.48,58.62,30.81,49.19,39.15,56.08
2025-11-04,1,5,2025-11-04 17:11:00,5,第11回太田双葉CCカップ D・S開設12周年記念,3,5302,秋末 秦悟,4,22,52,0,0,0.29,2.89,8.64,19.75,1.88,0,12.5,31.87,47.8,39.47,60
2025-11-04,1,5,2025-11-04 17:11:00,5,第11回太田双葉CCカップ D・S開設12周年記念,4,3613,角谷 健吾,2,52,52,0,0,0.15,6.35,47.69,61.54,6.81,57.14,71.43,32.47,50.65,36.22,53.51
2025-11-04,1,5,2025-11-04 17:11:00,5,第11回太田双葉CCカップ D・S開設12周年記念,5,4486,野村 誠,1,39,52.1,0,0,0.16,5.17,38.66,50.42,5.67,37.96,54.74,31.58,51.46,32.09,50.27
2025-11-04,1,5,2025-11-04 17:11:00,5,第11回太田双葉CCカップ D・S開設12周年記念,6,4140,梶野 学志,1,44,52.6,0,0,0.16,6.37,43,69,6.82,47.06,82.35,33.33,50.54,38.46,54.36
2025-11-04,1,6,2025-11-04 17:38:00,5,第11回太田双葉CCカップ D・S開設12周年記念,1,4748,渡邉 雄朗,1,39,52,0,0,0.13,6.37,52.24,66.42,6.29,52.94,67.65,40.35,55.56,30.85,44.68
2025-11-04,1,6,2025-11-04 17:38:00,5,第11回太田双葉CCカップ D・S開設12周年記念,2,3825,宮嵜 隆太郎,3,52,60.1,0,0,0.13,3.8,21.43,30.36,3.96,25,29.17,33.85,51.79,31.72,50
2025-11-04,1,6,2025-11-04 17:38:00,5,第11回太田双葉CCカップ D・S開設12周年記念,3,3305,小野 信樹,3,57,52.2,0,0,0.18,4.33,24.49,35.71,5.86,42.86,57.14,34.76,50.8,36.65,56.54
2025-11-04,1,6,2025-11-04 17:38:00,5,第11回太田双葉CCカップ D・S開設12周年記念,4,3353,前田 光昭,4,57,52,0,0,0.19,4.52,27.27,43.18,4.16,24,36,38.33,53.33,33.33,54.5
2025-11-04,1,6,2025-11-04 17:38:00,5,第11回太田双葉CCカップ D・S開設12周年記念,5,4317,木村 紗友希,3,41,47.4,0,0,0.19,4.38,24.24,41.41,0,0,0,35.52,56.83,27.81,49.73
2025-11-04,1,6,2025-11-04 17:38:00,5,第11回太田双葉CCカップ D・S開設12周年記念,6,5362,中嶋 世奈,4,18,48.9,0,0,0.19,1.78,1.22,6.1,0,0,0,30.23,51.16,30.65,41.4
2025-11-04,1,7,2025-11-04 18:04:00,5,第11回太田双葉CCカップ D・S開設12周年記念,1,4543,重木 輝彦,1,37,52,0,0,0.19,6.5,47.65,69.13,6.52,47.83,69.57,33.54,51.22,34.76,50.27
2025-11-04,1,7,2025-11-04 18:04:00,5,第11回太田双葉CCカップ D・S開設12周年記念,2,4730,土屋 実沙希,3,36,47.3,0,0,0.2,5.73,37.8,58.54,4.88,25,50,28.22,46.63,31.22,50.79
2025-11-04,1,7,2025-11-04 18:04:00,5,第11回太田双葉CCカップ D・S開設12周年記念,3,4580,長谷川 雅和,2,36,52,0,0,0.16,5.46,39.58,50,6.4,46.67,60,41.92,59.28,31.18,39.25
2025-11-04,1,7,2025-11-04 18:04:00,5,第11回太田双葉CCカップ D・S開設12周年記念,4,3627,井上 恵一,3,56,53,0,0,0.18,5.62,39.53,58.91,5.25,37.5,54.17,33.49,49.08,34.92,52.38
2025-11-04,1,7,2025-11-04 18:04:00,5,第11回太田双葉CCカップ D・S開設12周年記念,5,3544,豊田 訓靖,4,56,52.9,0,0,0.16,3.12,9.09,21.21,0,0,0,34.36,52.76,32.63,54.74
2025-11-04,1,7,2025-11-04 18:04:00,5,第11回太田双葉CCカップ D・S開設12周年記念,6,4844,村上 奈穂,3,32,48.8,0,0,0.18,4.27,17.14,39.05,3.61,5.56,33.33,33.33,49.77,30.16,43.39
2025-11-04,1,8,2025-11-04 18:32:00,5,第11回太田双葉CCカップ D・S開設12周年記念,1,4679,植田 太一,2,36,57.7,0,0,0.18,6.37,46.83,61.9,4.6,30,40,37.91,52.75,37.1,52.15
2025-11-04,1,8,2025-11-04 18:32:00,5,第11回太田双葉CCカップ D・S開設12周年記念,2,4200,早川 尚人,3,43,54.8,0,0,0.18,4.32,17.95,36.75,5.8,30,60,35.33,52.17,28.8,44.02
2025-11-04,1,8,2025-11-04 18:32:00,5,第11回太田双葉CCカップ D・S開設12周年記念,3,5248,本田 愛,3,23,47.1,0,0,0.18,3.47,19.18,30.14,4.11,22.22,33.33,37.78,54.44,30.6,43.72
2025-11-04,1,8,2025-11-04 18:32:00,5,第11回太田双葉CCカップ D・S開設12周年記念,4,3869,井芹 大志,3,50,55.6,0,0,0.17,4.08,20,38.26,3.71,20,31.43,48.11,62.7,37.7,53.93
2025-11-04,1,8,2025-11-04 18:32:00,5,第11回太田双葉CCカップ D・S開設12周年記念,5,3635,石田 政吾,2,55,52.4,0,0,0.18,5.02,28.57,52.94,5.25,27.78,55.56,42.86,60.32,29.32,41.36
2025-11-04,1,8,2025-11-04 18:32:00,5,第11回太田双葉CCカップ D・S開設12周年記念,6,5340,樋江井 舞,3,24,45.5,0,0,0.21,3.58,13.08,28.97,0,0,0,35.29,53.92,40.64,57.75
2025-11-04,1,9,2025-11-04 19:10:00,5,第11回太田双葉CCカップ D・S開設12周年記念,1,3619,長谷川 充,3,51,52.6,0,0,0.2,5.17,31.9,48.28,5.12,30.7,50,35.41,52.63,24.86,38.67
2025-11-04,1,9,2025-11-04 19:10:00,5,第11回太田双葉CCカップ D・S開設12周年記念,2,3589,西村 勝,3,52,55.2,0,0,0.17,4.31,22.09,37.21,4.94,33.33,41.67,34.69,50.51,36.46,49.48
2025-11-04,1,9,2025-11-04 19:10:00,5,第11回太田双葉CCカップ D・S開設12周年記念,3,4140,梶野 学志,1,44,52.6,0,0,0.16,6.37,43,69,6.82,47.06,82.35,33.33,50.54,38.46,54.36
2025-11-04,1,9,2025-11-04 19:10:00,5,第11回太田双葉CCカップ D・S開設12周年記念,4,4888,金児 隆太,2,38,52,0,0,0.17,4.72,26.13,42.34,5.59,34.18,53.16,41.61,57.05,34.41,49.46
2025-11-04,1,9,2025-11-04 19:10:00,5,第11回太田双葉CCカップ D・S開設12周年記念,5,4729,佐藤 謙史朗,3,36,54.8,0,0,0.17,4.67,30.43,47.83,0,0,0,36.6,54.12,31.75,46.03
2025-11-04,1,9,2025-11-04 19:10:00,5,第11回太田双葉CCカップ D・S開設12周年記念,6,5126,山下 大輝,2,29,52,0,0,0.18,6.4,50.69,68.06,4.63,0,62.5,36.27,56.86,25,40.96
2025-11-04,1,10,2025-11-04 19:42:00,5,第11回太田双葉CCカップ D・S開設12周年記念,1,4991,宗行 治哉,2,28,52,0,0,0.18,5.58,32.2,55.08,5.5,37.5,50,33.18,50.45,32.09,50.8
2025-11-04,1,10,2025-11-04 19:42:00,5,第11回太田双葉CCカップ D・S開設12周年記念,2,5091,為本 智也,2,24,52,0,0,0.18,5.2,32.18,49.43,5.29,33.33,45.83,32.1,45.06,28.95,47.37
2025-11-04,1,10,2025-11-04 19:42:00,5,第11回太田双葉CCカップ D・S開設12周年記念,3,5051,松本 純平,1,30,52.6,0,0,0.16,6.45,47.79,64.6,6.15,40,67.27,39.36,53.72,38.54,52.6
2025-11-04,1,10,2025-11-04 19:42:00,5,第11回太田双葉CCカップ D・S開設12周年記念,4,3872,岡田 憲行,2,49,52.6,0,0,0.21,5.4,34.04,53.9,6.87,52.63,73.68,43.58,61.45,44.09,60.22
2025-11-04,1,10,2025-11-04 19:42:00,5,第11回太田双葉CCカップ D・S開設12周年記念,5,3159,江口 晃生,1,60,52,0,0,0.16,6.76,46.88,71.88,7.58,62.4,78.4,36.18,54.61,33.51,52.43
2025-11-04,1,10,2025-11-04 19:42:00,5,第11回太田双葉CCカップ D・S開設12周年記念,6,4748,渡邉 雄朗,1,39,52,0,0,0.13,6.37,52.24,66.42,6.29,52.94,67.65,40.35,55.56,30.85,44.68
2025-11-04,1,11,2025-11-04 20:12:00,5,第11回太田双葉CCカップ D・S開設12周年記念,1,4544,松田 大志郎,1,37,52,0,0,0.17,8,71.23,81.51,7.22,58,72,29.17,52.38,34.92,52.91
2025-11-04,1,11,2025-11-04 20:12:00,5,第11回太田双葉CCカップ D・S開設12周年記念,2,4486,野村 誠,1,39,52.1,0,0,0.16,5.17,38.66,50.42,5.67,37.96,54.74,31.58,51.46,32.11,52.11
2025-11-04,1,11,2025-11-04 20:12:00,5,第11回太田双葉CCカップ D・S開設12周年記念,3,3613,角谷 健吾,2,52,52,0,0,0.15,6.35,47.69,61.54,6.81,57.14,71.43,32.47,50.65,36.22,53.51
2025-11-04,1,11,2025-11-04 20:12:00,5,第11回太田双葉CCカップ D・S開設12周年記念,4,4809,外崎 悟,2,36,52,0,0,0.16,5.58,36.25,51.25,5.6,30,60,41.85,55.98,32.11,50
2025-11-04,1,11,2025-11-04 20:12:00,5,第11回太田双葉CCカップ D・S開設12周年記念,5,4163,山崎 裕司,2,43,52.9,0,0,0.18,5.83,40.94,59.73,4.1,20,35,32.35,47.65,36.6,57.22
2025-11-04,1,11,2025-11-04 20:12:00,5,第11回太田双葉CCカップ D・S開設12周年記念,6,4543,重木 輝彦,1,37,52,0,0,0.19,6.5,47.65,69.13,6.52,47.83,69.57,33.54,51.22,34.76,50.27
2025-11-04,1,12,2025-11-04 20:41:00,5,第11回太田双葉CCカップ D・S開設12周年記念,1,4528,黒井 達矢,1,37,52,0,0,0.16,6.97,51.94,68.99,5.45,35,55,47.65,63.53,30.65,46.24
2025-11-04,1,12,2025-11-04 20:41:00,5,第11回太田双葉CCカップ D・S開設12周年記念,2,4033,伊藤 将吉,1,47,52,0,0,0.14,6.52,50,68.92,6.37,54.24,64.41,31.9,44.29,36.9,55.61
2025-11-04,1,12,2025-11-04 20:41:00,5,第11回太田双葉CCカップ D・S開設12周年記念,3,5156,坂野 さくら,3,28,45.5,0,0,0.17,4.2,26.19,32.14,3.92,24,32,42.41,55.7,42.86,57.67
2025-11-04,1,12,2025-11-04 20:41:00,5,第11回太田双葉CCカップ D・S開設12周年記念,4,2878,富山 弘幸,3,67,53.1,0,0,0.18,5.34,33.04,52.68,5.75,40,55,35.35,50.51,33.86,46.56
2025-11-04,1,12,2025-11-04 20:41:00,5,第11回太田双葉CCカップ D・S開設12周年記念,5,4209,藤田 竜弘,2,42,54.7,0,0,0.15,5.08,30.51,50,5.59,37.84,54.05,41.95,61.95,24.21,40.53
2025-11-04,1,12,2025-11-04 20:41:00,5,第11回太田双葉CCカップ D・S開設12周年記念,6,4060,島田 一生,3,46,53.3,0,0,0.15,5.1,33.87,54.03,4.72,25,46.88,33.64,53,30.21,46.35
2025-11-04,2,1,2025-11-04 10:45:00,5,第14回マスターズVSルーキーズ・マンスリーBR杯,1,3306,武田 正紀,3,57,54.1,0,0,0.18,3.92,14.67,29.33,4.73,21.7,44.34,29.82,45.61,54,66
2025-11-04,2,1,2025-11-04 10:45:00,5,第14回マスターズVSルーキーズ・マンスリーBR杯,2,5262,鈴木 章司,3,27,52.4,0,0,0.19,4.11,18.06,31.94,2.61,8.7,13.04,48.39,72.58,25,39.58
2025-11-04,2,1,2025-11-04 10:45:00,5,第14回マスターズVSルーキーズ・マンスリーBR杯,3,5131,江藤 敦宏,3,26,52.5,0,0,0.18,3.82,18.18,28.57,3.89,14.81,25.93,22,38,22.22,48.89
2025-11-04,2,1,2025-11-04 10:45:00,5,第14回マスターズVSルーキーズ・マンスリーBR杯,4,5133,堀越 雄貴,3,26,52,0,0,0.17,4.94,28.89,46.67,4.87,22.22,42.22,26.67,35.56,25,34.09
2025-11-04,2,1,2025-11-04 10:45:00,5,第14回マスターズVSルーキーズ・マンスリーBR杯,5,3392,小森 信雄,3,60,53.9,0,0,0.19,4.24,15.79,32.89,4.56,26.47,41.18,16.07,37.5,36,50
2025-11-04,2,1,2025-11-04 10:45:00,5,第14回マスターズVSルーキーズ・マンスリーBR杯,6,3839,川合 理司,3,50,60.9,0,0,0.17,4.62,24.32,45.05,4.83,27.78,50,32.76,51.72,36,52
2025-11-04,2,2,2025-11-04 11:12:00,5,第14回マスターズVSルーキーズ・マンスリーBR杯,1,3587,武田 信一,3,52,60,0,0,0.17,4.47,26.88,39.78,2.75,0,25,43.08,56.92,37.04,48.15
2025-11-04,2,2,2025-11-04 11:12:00,5,第14回マスターズVSルーキーズ・マンスリーBR杯,2,5102,原田 雄次,2,27,52.1,0,0,0.21,4.27,24.55,39.09,4.58,22.22,50,25,35.42,36.36,58.18
2025-11-04,2,2,2025-11-04 11:12:00,5,第14回マスターズVSルーキーズ・マンスリーBR杯,3,4934,佐々木 翔斗,1,29,53.3,0,0,0.16,5.8,40,57.6,4.43,14.29,42.86,20.75,41.51,30.61,42.86
2025-11-04,2,2,2025-11-04 11:12:00,5,第14回マスターズVSルーキーズ・マンスリーBR杯,4,3866,木山 誠一,3,50,54.6,0,0,0.15,2.86,8.16,14.29,0,0,0,40.98,60.66,38.78,48.98
2025-11-04,2,2,2025-11-04 11:12:00,5,第14回マスターズVSルーキーズ・マンスリーBR杯,5,3630,黒田 誠司,4,55,53.6,0,0,0.15,3.28,10.26,20.51,3.33,13.33,20,50,68.52,32.61,41.3
2025-11-04,2,2,2025-11-04 11:12:00,5,第14回マスターズVSルーキーズ・マンスリーBR杯,6,5368,宮崎 心之介,3,23,52,0,0,0.17,2.36,1.69,11.86,1.33,0,5.56,18.92,37.84,36.54,51.92
2025-11-04,2,3,2025-11-04 11:39:00,5,第14回マスターズVSルーキーズ・マンスリーBR杯,1,5063,大塚 雅治,3,27,52,0,0,0.19,4.74,30.59,44.71,5.29,38.1,52.38,26.92,48.08,32.69,50
2025-11-04,2,3,2025-11-04 11:39:00,5,第14回マスターズVSルーキーズ・マンスリーBR杯,2,3107,平岡 重典,3,61,52,0,0,0.19,3.92,14.12,31.76,5.07,26.67,46.67,20,34.55,27.66,38.3
2025-11-04,2,3,2025-11-04 11:39:00,5,第14回マスターズVSルーキーズ・マンスリーBR杯,3,3412,鈴木 博,1,56,52.4,0,0,0.17,6.04,40.15,62.12,6.66,48.05,69.48,33.85,53.85,49.02,70.59
2025-11-04,2,3,2025-11-04 11:39:00,5,第14回マスターズVSルーキーズ・マンスリーBR杯,4,5103,芝田 京介,3,27,53,0,0,0.19,4.51,25.35,39.44,3.95,21.92,31.51,29.09,50.91,53.85,67.31
2025-11-04,2,3,2025-11-04 11:39:00,5,第14回マスターズVSルーキーズ・マンスリーBR杯,5,3876,中辻 崇人,2,48,53.1,0,0,0.16,7.52,64.37,72.41,8.3,70,80,34.48,44.83,21.57,39.22
2025-11-04,2,3,2025-11-04 11:39:00,5,第14回マスターズVSルーキーズ・マンスリーBR杯,6,5337,出畑 孝成,3,19,54.2,0,0,0.17,2.73,8.11,13.51,0,0,0,62.32,69.57,33.33,50.98
2025-11-04,2,4,2025-11-04 12:06:00,5,第14回マスターズVSルーキーズ・マンスリーBR杯,1,3616,中村 真,3,52,53.9,0,0,0.17,5.29,34.83,52.81,5.05,31.58,52.63,36.73,48.98,40,54.55
2025-11-04,2,4,2025-11-04 12:06:00,5,第14回マスターズVSルーキーズ・マンスリーBR杯,2,3746,岡瀬 正人,2,50,52.8,0,0,0.17,5.54,34.82,56.25,6.4,42.86,77.14,23.91,45.65,20.41,38.78
2025-11-04,2,4,2025-11-04 12:06:00,5,第14回マスターズVSルーキーズ・マンスリーBR杯,3,5076,石原 光,3,29,53.8,0,0,0.18,4.77,27.27,41.56,4.92,25,33.33,45.1,50.98,37.5,46.43
2025-11-04,2,4,2025-11-04 12:06:00,5,第14回マスターズVSルーキーズ・マンスリーBR杯,4,5132,中野 希一,1,26,52.4,0,0,0.15,6.79,51.2,72,6.58,52.83,66.98,26.92,51.92,22.64,43.4
2025-11-04,2,4,2025-11-04 12:06:00,5,第14回マスターズVSルーキーズ・マンスリーBR杯,5,5350,網代 良芽,3,21,52,0,0,0.18,3.63,13.89,29.17,0,0,0,19.51,41.46,24.49,42.86
2025-11-04,2,4,2025-11-04 12:06:00,5,第14回マスターズVSルーキーズ・マンスリーBR杯,6,3686,鳥居塚 孝博,2,50,51.5,0,0,0.14,5.9,44.92,60.17,5.16,34.38,56.25,22.81,29.82,26.09,41.3
2025-11-04,2,5,2025-11-04 12:33:00,5,第14回マスターズVSルーキーズ・マンスリーBR杯,1,5237,永松 良教,3,26,54.4,0,0,0.18,4.67,27.71,45.78,3.56,22.22,22.22,38.33,56.67,38.46,53.85
2025-11-04,2,5,2025-11-04 12:33:00,5,第14回マスターズVSルーキーズ・マンスリーBR杯,2,4036,金田 諭,2,46,52,0,0,0.17,6.46,49.25,69.4,6.48,47.96,68.37,38.89,53.7,30.77,40.38
2025-11-04,2,5,2025-11-04 12:33:00,5,第14回マスターズVSルーキーズ・マンスリーBR杯,3,3612,馬袋 義則,1,53,52.7,0,0,0.14,6.28,46.51,64.34,6.12,47.06,61.76,37.04,44.44,32.08,47.17
2025-11-04,2,5,2025-11-04 12:33:00,5,第14回マスターズVSルーキーズ・マンスリーBR杯,4,3554,仲口 博崇,1,53,51.5,0,0,0.17,6.6,52.8,70.4,5.67,40.74,51.85,45.16,62.9,16.67,33.33
2025-11-04,2,5,2025-11-04 12:33:00,5,第14回マスターズVSルーキーズ・マンスリーBR杯,5,5175,島崎 丈一朗,4,21,51,0,0,0.25,3.56,15.63,28.13,3.51,12.24,30.61,29.31,44.83,33.33,52.94
2025-11-04,2,5,2025-11-04 12:33:00,5,第14回マスターズVSルーキーズ・マンスリーBR杯,6,5229,吉川 晴人,2,22,54.3,0,0,0.16,5.98,41.96,61.61,5.29,28.57,57.14,31.48,42.59,20,32
2025-11-04,2,6,2025-11-04 13:00:00,5,第14回マスターズVSルーキーズ・マンスリーBR杯,1,5220,青木 蓮,2,25,51.5,0,0,0.14,6.29,47.62,63.81,5.51,37.96,48.15,31.58,42.11,37.04,62.96
2025-11-04,2,6,2025-11-04 13:00:00,5,第14回マスターズVSルーキーズ・マンスリーBR杯,2,5015,高橋 竜矢,1,27,52,0,0,0.14,6.69,50,70.75,7.21,64.29,85.71,42.31,61.54,23.81,50
2025-11-04,2,6,2025-11-04 13:00:00,5,第14回マスターズVSルーキーズ・マンスリーBR杯,3,3587,武田 信一,3,52,60,0,0,0.17,4.47,26.88,39.78,2.75,0,25,43.08,56.92,37.04,48.15
2025-11-04,2,6,2025-11-04 13:00:00,5,第14回マスターズVSルーキーズ・マンスリーBR杯,4,3976,内田 圭,3,48,53.7,0,0,0.17,4.08,21.98,37.36,0,0,0,42.03,60.87,45.28,62.26
2025-11-04,2,6,2025-11-04 13:00:00,5,第14回マスターズVSルーキーズ・マンスリーBR杯,5,4066,東本 勝利,1,45,52.4,0,0,0.15,6.14,37.96,65.74,5.91,44.44,62.22,10.2,18.37,34.62,59.62
2025-11-04,2,6,2025-11-04 13:00:00,5,第14回マスターズVSルーキーズ・マンスリーBR杯,6,5053,山口 広樹,2,29,53.7,0,0,0.17,5.09,36.96,48.91,3.76,14.71,29.41,40,58,22.22,38.89
2025-11-04,2,7,2025-11-04 13:28:00,5,第14回マスターズVSルーキーズ・マンスリーBR杯,1,4000,松本 博昭,2,48,55.5,0,0,0.17,5.84,39.52,58.06,5.75,50,60.71,22.45,40.82,25.49,33.33
2025-11-04,2,7,2025-11-04 13:28:00,5,第14回マスターズVSルーキーズ・マンスリーBR杯,2,3567,吉岡 誠,3,55,55.6,0,0,0.19,4.1,19.35,30.65,3.86,28.57,42.86,39.29,50,32,50
2025-11-04,2,7,2025-11-04 13:28:00,5,第14回マスターズVSルーキーズ・マンスリーBR杯,3,5221,竹間 隆晟,1,24,52.8,0,0,0.16,6.44,45.12,63.41,6.05,45,55,31.03,43.1,25,51.92
2025-11-04,2,7,2025-11-04 13:28:00,5,第14回マスターズVSルーキーズ・マンスリーBR杯,4,5077,滝沢 崚,4,28,52.5,0,0,0.14,2.68,6.45,9.68,4.17,18.95,35.79,34.33,55.22,29.41,45.1
2025-11-04,2,7,2025-11-04 13:28:00,5,第14回マスターズVSルーキーズ・マンスリーBR杯,5,3874,山本 寛久,1,49,52.5,0,0,0.15,6.42,50.49,66.02,6.09,40,54.29,21.62,48.65,25.49,35.29
2025-11-04,2,7,2025-11-04 13:28:00,5,第14回マスターズVSルーキーズ・マンスリーBR杯,6,5131,江藤 敦宏,3,26,52.5,0,0,0.18,3.82,18.18,28.57,3.89,14.81,25.93,22,38,22.22,48.89
2025-11-04,2,8,2025-11-04 13:57:00,5,第14回マスターズVSルーキーズ・マンスリーBR杯,1,5009,大賀 龍之介,2,28,53.5,0,0,0.15,4.94,35.35,45.45,6.08,46.15,69.23,40.32,58.06,36.54,48.08
2025-11-04,2,8,2025-11-04 13:57:00,5,第14回マスターズVSルーキーズ・マンスリーBR杯,2,3306,武田 正紀,3,57,54.1,0,0,0.18,3.92,14.67,29.33,4.73,21.7,44.34,29.82,45.61,54,66
2025-11-04,2,8,2025-11-04 13:57:00,5,第14回マスターズVSルーキーズ・マンスリーBR杯,3,3686,鳥居塚 孝博,2,50,51.5,0,0,0.14,5.9,44.92,60.17,5.16,34.38,56.25,22.81,29.82,26.09,41.3
2025-11-04,2,8,2025-11-04 13:57:00,5,第14回マスターズVSルーキーズ・マンスリーBR杯,4,5294,豊田 祥生,3,23,51,0,0,0.17,3.91,21.88,29.17,1.42,0,0,40.63,59.38,42.11,61.4
2025-11-04,2,8,2025-11-04 13:57:00,5,第14回マスターズVSルーキーズ・マンスリーBR杯,5,5235,岩田 凌,3,26,56.1,0,0,0.19,2.6,11.43,14.29,0,0,0,28.81,44.07,48.08,65.38
2025-11-04,2,8,2025-11-04 13:57:00,5,第14回マスターズVSルーキーズ・マンスリーBR杯,6,4063,市橋 卓士,1,46,53.3,0,0,0.14,6.36,46.92,66.92,6.48,48.48,54.55,39.58,58.33,26,52
2025-11-04,2,9,2025-11-04 14:27:00,5,第14回マスターズVSルーキーズ・マンスリーBR杯,1,4036,金田 諭,2,46,52,0,0,0.17,6.46,49.25,69.4,6.48,47.96,68.37,38.89,53.7,30.77,40.38
2025-11-04,2,9,2025-11-04 14:27:00,5,第14回マスターズVSルーキーズ・マンスリーBR杯,2,3740,大澤 普司,1,51,55.7,0,0,0.17,6.6,51.95,68.83,5.4,32,56,33.85,56.92,36.84,45.61
2025-11-04,2,9,2025-11-04 14:27:00,5,第14回マスターズVSルーキーズ・マンスリーBR杯,3,5063,大塚 雅治,3,27,52,0,0,0.19,4.74,30.59,44.71,5.29,38.1,52.38,26.92,48.08,32.69,50
2025-11-04,2,9,2025-11-04 14:27:00,5,第14回マスターズVSルーキーズ・マンスリーBR杯,4,5262,鈴木 章司,3,27,52.4,0,0,0.19,4.11,18.06,31.94,2.61,8.7,13.04,48.39,72.58,25,39.58
2025-11-04,2,9,2025-11-04 14:27:00,5,第14回マスターズVSルーキーズ・マンスリーBR杯,5,5102,原田 雄次,2,27,52.1,0,0,0.21,4.27,24.55,39.09,4.58,22.22,50,25,35.42,36.36,58.18
2025-11-04,2,9,2025-11-04 14:27:00,5,第14回マスターズVSルーキーズ・マンスリーBR杯,6,3746,岡瀬 正人,2,50,52.8,0,0,0.17,5.54,34.82,56.25,6.4,42.86,77.14,23.91,45.65,20.41,38.78
2025-11-04,2,10,2025-11-04 14:57:00,5,第14回マスターズVSルーキーズ・マンスリーBR杯,1,4934,佐々木 翔斗,1,29,53.5,0,0,0.16,5.8,40,57.6,4.43,14.29,42.86,20.75,41.51,30.61,42.86
2025-11-04,2,10,2025-11-04 14:57:00,5,第14回マスターズVSルーキーズ・マンスリーBR杯,2,4066,東本 勝利,1,45,52.7,0,0,0.15,6.14,37.96,65.74,5.91,44.44,62.22,10.2,18.37,34.62,59.62
2025-11-04,2,10,2025-11-04 14:57:00,5,第14回マスターズVSルーキーズ・マンスリーBR杯,3,3616,中村 真,3,52,53.8,0,0,0.17,5.29,34.83,52.81,5.05,31.58,52.63,36.73,48.98,40,54.55
2025-11-04,2,10,2025-11-04 14:57:00,5,第14回マスターズVSルーキーズ・マンスリーBR杯,4,5229,吉川 晴人,2,22,54.3,0,0,0.16,5.98,41.96,61.61,5.29,28.57,57.14,31.48,42.59,20,32
2025-11-04,2,10,2025-11-04 14:57:00,5,第14回マスターズVSルーキーズ・マンスリーBR杯,5,3684,清水 攻二,2,51,52.2,0,0,0.18,5.86,38.83,60.19,5.96,38.46,61.54,32.73,61.82,28,50
2025-11-04,2,10,2025-11-04 14:57:00,5,第14回マスターズVSルーキーズ・マンスリーBR杯,6,5103,芝田 京介,3,27,52.9,0,0,0.19,4.51,25.35,39.44,3.95,21.92,31.51,29.09,50.91,53.85,67.31
2025-11-04,2,11,2025-11-04 15:28:00,5,第14回マスターズVSルーキーズ・マンスリーBR杯,1,3874,山本 寛久,1,49,52.5,0,0,0.15,6.42,50.49,66.02,6.09,40,54.29,21.62,48.65,25.49,35.29
2025-11-04,2,11,2025-11-04 15:28:00,5,第14回マスターズVSルーキーズ・マンスリーBR杯,2,5076,石原 光,3,29,53.8,0,0,0.18,4.77,27.27,41.56,4.92,25,33.33,45.1,50.98,33.93,53.57
2025-11-04,2,11,2025-11-04 15:28:00,5,第14回マスターズVSルーキーズ・マンスリーBR杯,3,3876,中辻 崇人,2,48,53.1,0,0,0.16,7.52,64.37,72.41,8.3,70,80,34.48,44.83,21.57,39.22
2025-11-04,2,11,2025-11-04 15:28:00,5,第14回マスターズVSルーキーズ・マンスリーBR杯,4,5220,青木 蓮,2,25,51.5,0,0,0.14,6.29,47.62,63.81,5.51,37.96,48.15,31.58,42.11,37.04,62.96
2025-11-04,2,11,2025-11-04 15:28:00,5,第14回マスターズVSルーキーズ・マンスリーBR杯,5,3612,馬袋 義則,1,53,52.7,0,0,0.14,6.28,46.51,64.34,6.12,47.06,61.76,37.04,44.44,32.08,47.17
2025-11-04,2,11,2025-11-04 15:28:00,5,第14回マスターズVSルーキーズ・マンスリーBR杯,6,5133,堀越 雄貴,3,26,52,0,0,0.17,4.94,28.89,46.67,4.87,22.22,42.22,26.67,35.56,25,34.09
2025-11-04,2,12,2025-11-04 16:00:00,5,第14回マスターズVSルーキーズ・マンスリーBR杯,1,3554,仲口 博崇,1,53,51.5,0,0,0.17,6.6,52.8,70.4,5.67,40.74,51.85,45.16,62.9,16.67,33.33
2025-11-04,2,12,2025-11-04 16:00:00,5,第14回マスターズVSルーキーズ・マンスリーBR杯,2,5132,中野 希一,1,26,52.4,0,0,0.15,6.79,51.2,72,6.58,52.83,66.98,26.92,51.92,22.64,43.4
2025-11-04,2,12,2025-11-04 16:00:00,5,第14回マスターズVSルーキーズ・マンスリーBR杯,3,4063,市橋 卓士,1,46,53.3,0,0,0.14,6.36,46.92,66.92,6.48,48.48,54.55,39.58,58.33,26,52
2025-11-04,2,12,2025-11-04 16:00:00,5,第14回マスターズVSルーキーズ・マンスリーBR杯,4,5015,高橋 竜矢,1,27,52,0,0,0.14,6.69,50,70.75,7.21,64.29,85.71,42.31,61.54,23.81,50
2025-11-04,2,12,2025-11-04 16:00:00,5,第14回マスターズVSルーキーズ・マンスリーBR杯,5,3412,鈴木 博,1,56,52.4,0,0,0.17,6.04,40.15,62.12,6.66,48.05,69.48,33.85,53.85,49.02,70.59
2025-11-04,2,12,2025-11-04 16:00:00,5,第14回マスターズVSルーキーズ・マンスリーBR杯,6,5221,竹間 隆晟,1,24,52.8,0,0,0.16,6.44,45.12,63.41,6.05,45,55,31.03,43.1,25,51.92
2025-11-04,6,1,2025-11-04 10:29:00,2,浜名湖賞 開設72周年記念,1,5034,若林 義人,1,27,54.6,0,0,0.14,6.66,52.46,68.85,6.21,42.98,63.64,37.5,51.97,29.41,47.06
2025-11-04,6,1,2025-11-04 10:29:00,2,浜名湖賞 開設72周年記念,2,4337,平本 真之,1,41,53.5,0,0,0.12,7.04,48.39,60.48,7.5,60,73.33,33.79,48.97,55,75
2025-11-04,6,1,2025-11-04 10:29:00,2,浜名湖賞 開設72周年記念,3,5042,畑田 汰一,1,27,52,0,0,0.11,6.71,48.76,70.25,6.22,33.33,44.44,33.33,44.2,43.75,62.5
2025-11-04,6,1,2025-11-04 10:29:00,2,浜名湖賞 開設72周年記念,4,4497,桑原 悠,1,38,52.1,0,0,0.13,6.26,40.58,59.42,5.38,33.33,50,48.59,67.61,27.27,31.82
2025-11-04,6,1,2025-11-04 10:29:00,2,浜名湖賞 開設72周年記念,5,4477,篠崎 仁志,1,37,55.7,0,0,0.14,6.65,46.46,66.67,7.14,57.14,76.19,31.54,46.92,50,61.11
2025-11-04,6,1,2025-11-04 10:29:00,2,浜名湖賞 開設72周年記念,6,4856,豊田 健士郎,1,29,52.2,0,0,0.14,6.53,48.09,61.83,6.9,50,65.38,28,50.4,47.06,70.59
2025-11-04,6,2,2025-11-04 10:55:00,2,浜名湖賞 開設72周年記念,1,4397,西村 拓也,1,38,52,0,0,0.13,6.72,48.74,67.23,7.84,60,84,36.88,53.9,28.57,52.38
2025-11-04,6,2,2025-11-04 10:55:00,2,浜名湖賞 開設72周年記念,2,3590,濱野谷 憲吾,1,51,54,0,0,0.14,6.86,50.83,67.5,7.78,59.26,77.78,46.1,62.41,35.29,47.06
2025-11-04,6,2,2025-11-04 10:55:00,2,浜名湖賞 開設72周年記念,3,4571,菅 章哉,1,37,52.2,0,0,0.17,6.78,48.15,55.56,7.55,60,75,36.99,50.68,31.58,36.84
2025-11-04,6,2,2025-11-04 10:55:00,2,浜名湖賞 開設72周年記念,4,4019,笠原 亮,1,45,52,0,0,0.17,6.97,50.43,68.7,7.43,57.66,77.48,32.85,54.74,53.33,60
2025-11-04,6,2,2025-11-04 10:55:00,2,浜名湖賞 開設72周年記念,5,3779,原田 幸哉,1,50,52.3,0,0,0.12,7.21,50,66.07,6.33,40,53.33,45.58,57.82,30.77,50
2025-11-04,6,2,2025-11-04 10:55:00,2,浜名湖賞 開設72周年記念,6,4168,石野 貴之,1,43,52.8,0,0,0.16,6.57,50,63.41,0,0,0,35.92,49.3,44.44,55.56
2025-11-04,6,3,2025-11-04 11:21:00,2,浜名湖賞 開設72周年記念,1,4468,大池 佑来,1,38,51,0,0,0.14,7.41,60.61,71.72,7.86,71.43,85.71,53.06,68.71,24,36
2025-11-04,6,3,2025-11-04 11:21:00,2,浜名湖賞 開設72周年記念,2,4759,今泉 友吾,1,35,52,0,0,0.16,6.99,50.53,72.63,5.46,30.77,38.46,28.15,45.19,41.18,58.82
2025-11-04,6,3,2025-11-04 11:21:00,2,浜名湖賞 開設72周年記念,3,4547,中田 竜太,1,37,51,0,0,0.16,6.79,46.6,61.17,0,0,0,43.84,66.44,38.1,61.9
2025-11-04,6,3,2025-11-04 11:21:00,2,浜名湖賞 開設72周年記念,4,4044,湯川 浩司,1,46,52,0,0,0.14,7.02,50,65.74,7.56,68.75,68.75,33.33,51.06,30,45
2025-11-04,6,3,2025-11-04 11:21:00,2,浜名湖賞 開設72周年記念,5,3557,太田 和美,1,52,53.9,0,0,0.16,6.85,52.67,68.7,7.48,62.96,81.48,28.26,41.3,38.89,38.89
2025-11-04,6,3,2025-11-04 11:21:00,2,浜名湖賞 開設72周年記念,6,4418,茅原 悠紀,1,38,53.3,0,0,0.14,7.53,50.89,72.32,8.7,75,85,30.34,46.9,26.32,52.63
2025-11-04,6,4,2025-11-04 11:49:00,2,浜名湖賞 開設72周年記念,1,3422,服部 幸男,1,54,54.5,0,0,0.15,6.63,51.85,62.96,6.99,54.64,72.68,37.96,66.42,55,75
2025-11-04,6,4,2025-11-04 11:49:00,2,浜名湖賞 開設72周年記念,2,4686,丸野 一樹,1,34,52.9,0,0,0.16,7.38,44.23,66.35,7.63,54.29,68.57,41.72,60.26,31.58,52.63
2025-11-04,6,4,2025-11-04 11:49:00,2,浜名湖賞 開設72周年記念,3,4539,金子 賢志,1,35,52,0,0,0.13,6.54,51.65,65.93,6.23,51.06,59.57,34.81,50.37,47.06,58.82
2025-11-04,6,4,2025-11-04 11:49:00,2,浜名湖賞 開設72周年記念,4,4932,新開 航,1,29,52,0,0,0.15,6.57,42.71,52.08,7.53,63.16,73.68,31.39,48.18,39.13,56.52
2025-11-04,6,4,2025-11-04 11:49:00,2,浜名湖賞 開設72周年記念,5,4075,中野 次郎,1,44,54.3,0,0,0.13,6.44,47.9,57.98,7.64,63.64,81.82,35.92,49.3,48,56
2025-11-04,6,4,2025-11-04 11:49:00,2,浜名湖賞 開設72周年記念,6,3783,瓜生 正義,1,49,52.8,0,0,0.15,7.41,52.17,64.13,0,0,0,33.59,50.38,33.33,40.74
2025-11-04,6,5,2025-11-04 12:18:00,2,浜名湖賞 開設72周年記念,1,4732,堀本 和也,1,36,53.5,0,0,0.12,6.04,42.86,58.04,7.63,62.96,77.78,28.24,40.46,47.37,78.95
2025-11-04,6,5,2025-11-04 12:18:00,2,浜名湖賞 開設72周年記念,2,4524,深谷 知博,1,37,52,0,0,0.12,7.36,47.41,68.97,7.47,63.79,75,41.61,60.4,44,64
2025-11-04,6,5,2025-11-04 12:18:00,2,浜名湖賞 開設72周年記念,3,4604,岩瀬 裕亮,1,37,52.2,0,0,0.14,7.2,50.39,74.02,7.41,59.26,62.96,39.74,50.99,61.9,80.95
2025-11-04,6,5,2025-11-04 12:18:00,2,浜名湖賞 開設72周年記念,4,3978,齊藤 仁,1,48,51.5,0,0,0.14,6.78,42.37,61.86,5.81,40.74,48.15,28.24,46.56,42.86,50
2025-11-04,6,5,2025-11-04 12:18:00,2,浜名湖賞 開設72周年記念,5,4398,船岡 洋一郎,1,38,52.9,0,0,0.14,7.09,55.34,72.82,7.65,50,80,31.43,51.43,35.29,52.94
2025-11-04,6,5,2025-11-04 12:18:00,2,浜名湖賞 開設72周年記念,6,4772,石丸 海渡,1,32,55.3,0,0,0.11,6.69,52.73,70,6.41,40.74,59.26,28.91,41.41,27.27,54.55
2025-11-04,6,6,2025-11-04 12:48:00,2,浜名湖賞 開設72周年記念,1,4503,上野 真之介,1,37,52,0,0,0.12,7.31,54.24,69.49,9.59,82.35,94.12,40.28,60.42,33.33,66.67
2025-11-04,6,6,2025-11-04 12:48:00,2,浜名湖賞 開設72周年記念,2,5042,畑田 汰一,1,27,52,0,0,0.11,6.71,48.76,70.25,6.22,33.33,44.44,33.33,44.2,43.75,62.5
2025-11-04,6,6,2025-11-04 12:48:00,2,浜名湖賞 開設72周年記念,3,5121,定松 勇樹,1,24,52.3,0,0,0.14,6.98,54.65,66.28,7.1,56.67,76.67,40,58.67,23.81,38.1
2025-11-04,6,6,2025-11-04 12:48:00,2,浜名湖賞 開設72周年記念,4,3556,田中 信一郎,1,52,53.8,0,0,0.15,6.87,54.92,72.95,7.45,63.64,72.73,26.21,45.63,38.1,66.67
2025-11-04,6,6,2025-11-04 12:48:00,2,浜名湖賞 開設72周年記念,5,5217,藤原 碧生,1,25,52,0,0,0.15,6.69,49,74,7.62,62.07,82.76,28.91,48.44,35,65
2025-11-04,6,6,2025-11-04 12:48:00,2,浜名湖賞 開設72周年記念,6,4494,河合 佑樹,1,38,52,0,0,0.14,6.82,40,62.86,7.23,58.27,77.17,28.57,50.38,38.89,55.56
2025-11-04,6,7,2025-11-04 13:20:00,2,浜名湖賞 開設72周年記念,1,3959,坪井 康晴,1,48,53,0,0,0.13,6.8,42.57,64.36,6.85,47.83,71.43,33.82,51.47,26.32,42.11
2025-11-04,6,7,2025-11-04 13:20:00,2,浜名湖賞 開設72周年記念,2,4477,篠崎 仁志,1,37,55.7,0,0,0.14,6.65,46.46,66.67,7.14,57.14,76.19,31.54,46.92,50,61.11
2025-11-04,6,7,2025-11-04 13:20:00,2,浜名湖賞 開設72周年記念,3,4908,上田 龍星,1,30,52,0,0,0.15,7.5,64.42,77.88,7.63,68.75,81.25,34.13,50,31.58,68.42
2025-11-04,6,7,2025-11-04 13:20:00,2,浜名湖賞 開設72周年記念,4,4168,石野 貴之,1,43,52.8,0,0,0.16,6.57,50,63.41,0,0,0,35.92,49.3,44.44,55.56
2025-11-04,6,7,2025-11-04 13:20:00,2,浜名湖賞 開設72周年記念,5,3541,三嶌 誠司,1,57,52.2,0,0,0.14,6.33,44.23,65.38,6.78,55,70,34.69,47.62,88.89,100
2025-11-04,6,7,2025-11-04 13:20:00,2,浜名湖賞 開設72周年記念,6,4024,井口 佳典,1,48,52.3,0,0,0.15,6.79,42.11,57.89,7.56,55.56,77.78,38.82,53.95,50,57.14
2025-11-04,6,8,2025-11-04 13:52:00,2,浜名湖賞 開設72周年記念,1,4370,山口 達也,1,39,53,0,0,0.17,6.8,52.99,63.25,7.57,56.67,90,44.7,65.15,31.58,42.11
2025-11-04,6,8,2025-11-04 13:52:00,2,浜名湖賞 開設72周年記念,2,4418,茅原 悠紀,1,38,53.3,0,0,0.14,7.53,50.89,72.32,8.7,75,85,30.34,46.9,26.32,52.63
2025-11-04,6,8,2025-11-04 13:52:00,2,浜名湖賞 開設72周年記念,3,4933,板橋 侑我,1,29,52.8,0,0,0.15,7.11,51.06,72.34,5.8,41.94,51.61,34.48,47.13,52.63,73.68
2025-11-04,6,8,2025-11-04 13:52:00,2,浜名湖賞 開設72周年記念,4,3779,原田 幸哉,1,50,52.3,0,0,0.12,7.21,50,66.07,6.33,40,53.33,45.58,57.82,30.77,50
2025-11-04,6,8,2025-11-04 13:52:00,2,浜名湖賞 開設72周年記念,5,3716,石渡 鉄兵,1,50,53,0,0,0.12,6.53,41.82,58.18,6.22,22.22,55.56,40.38,60.26,31.58,57.89
2025-11-04,6,8,2025-11-04 13:52:00,2,浜名湖賞 開設72周年記念,6,4497,桑原 悠,1,38,52.1,0,0,0.13,6.26,40.58,59.42,5.38,33.33,50,48.59,67.61,27.27,31.82
2025-11-04,6,9,2025-11-04 14:25:00,2,浜名湖賞 開設72周年記念,1,3388,今垣 光太郎,1,56,52,0,0,0.17,6.06,30,46.25,5.86,28.57,57.14,30.22,46.76,35.29,52.94
2025-11-04,6,9,2025-11-04 14:25:00,2,浜名湖賞 開設72周年記念,2,4397,西村 拓也,1,38,52,0,0,0.13,6.72,48.74,67.23,7.84,60,84,36.88,53.9,28.57,52.38
2025-11-04,6,9,2025-11-04 14:25:00,2,浜名湖賞 開設72周年記念,3,4856,豊田 健士郎,1,29,52.2,0,0,0.14,6.53,48.09,61.83,6.9,50,65.38,28,50.4,47.06,70.59
2025-11-04,6,9,2025-11-04 14:25:00,2,浜名湖賞 開設72周年記念,4,3783,瓜生 正義,1,49,52.8,0,0,0.15,7.41,52.17,64.13,0,0,0,33.59,50.38,33.33,40.74
2025-11-04,6,9,2025-11-04 14:25:00,2,浜名湖賞 開設72周年記念,5,4468,大池 佑来,1,38,51,0,0,0.14,7.41,60.61,71.72,7.86,71.43,85.71,53.06,68.71,24,36
2025-11-04,6,9,2025-11-04 14:25:00,2,浜名湖賞 開設72周年記念,6,4573,佐藤 翼,1,37,52,0,0,0.14,7.02,38.04,59.78,6.83,50,71.74,29.1,50.75,36.36,36.36
2025-11-04,6,10,2025-11-04 15:02:00,2,浜名湖賞 開設72周年記念,1,3721,守田 俊介,1,50,52,0,0,0.13,7.56,57.84,72.55,7.58,75,83.33,41.91,61.03,30,45
2025-11-04,6,10,2025-11-04 15:02:00,2,浜名湖賞 開設72周年記念,2,4932,新開 航,1,29,52,0,0,0.15,6.57,42.71,52.08,7.53,63.16,73.68,31.39,48.18,39.13,56.52
2025-11-04,6,10,2025-11-04 15:02:00,2,浜名湖賞 開設72周年記念,3,3590,濱野谷 憲吾,1,51,54,0,0,0.14,6.86,50.83,67.5,7.78,59.26,77.78,46.1,62.41,35.29,47.06
2025-11-04,6,10,2025-11-04 15:02:00,2,浜名湖賞 開設72周年記念,4,4337,平本 真之,1,41,53.5,0,0,0.12,7.04,48.39,60.48,7.5,60,73.33,33.79,48.97,55,75
2025-11-04,6,10,2025-11-04 15:02:00,2,浜名湖賞 開設72周年記念,5,4524,深谷 知博,1,37,52,0,0,0.12,7.36,47.41,68.97,7.47,63.79,75,41.61,60.4,44,64
2025-11-04,6,10,2025-11-04 15:02:00,2,浜名湖賞 開設72周年記念,6,4044,湯川 浩司,1,46,52,0,0,0.14,7.02,50,65.74,7.56,68.75,68.75,33.33,51.06,30,45
2025-11-04,6,11,2025-11-04 15:35:00,2,浜名湖賞 開設72周年記念,1,4686,丸野 一樹,1,34,53.3,0,0,0.16,7.38,44.23,66.35,7.63,54.29,68.57,41.72,60.26,31.58,52.63
2025-11-04,6,11,2025-11-04 15:35:00,2,浜名湖賞 開設72周年記念,2,4772,石丸 海渡,1,32,55.1,0,0,0.11,6.69,52.73,70,6.41,40.74,59.26,28.91,41.41,27.27,54.55
2025-11-04,6,11,2025-11-04 15:35:00,2,浜名湖賞 開設72周年記念,3,4759,今泉 友吾,1,35,52,0,0,0.16,6.99,50.53,72.63,5.46,30.77,38.46,28.15,45.19,41.18,58.82
2025-11-04,6,11,2025-11-04 15:35:00,2,浜名湖賞 開設72周年記念,4,5121,定松 勇樹,1,24,52,0,0,0.14,6.98,54.65,66.28,7.1,56.67,76.67,40,58.67,23.81,38.1
2025-11-04,6,11,2025-11-04 15:35:00,2,浜名湖賞 開設72周年記念,5,4188,久田 敏之,1,44,52,0,0,0.14,7.84,64.65,77.78,6.29,41.18,76.47,30.07,45.45,38.89,50
2025-11-04,6,11,2025-11-04 15:35:00,2,浜名湖賞 開設72周年記念,6,4571,菅 章哉,1,37,52.4,0,0,0.17,6.78,48.15,55.56,7.55,60,75,36.99,50.68,31.58,36.84
2025-11-04,6,12,2025-11-04 16:10:00,2,浜名湖賞 開設72周年記念,1,3960,菊地 孝平,1,47,52.9,0,0,0.11,7.07,60.83,70.83,7.4,60.45,76.12,35.71,52.86,35.29,47.06
2025-11-04,6,12,2025-11-04 16:10:00,2,浜名湖賞 開設72周年記念,2,3941,池田 浩二,1,47,52,0,0,0.13,8,53.04,75.65,7.67,59.26,66.67,51.68,61.74,28.57,42.86
2025-11-04,6,12,2025-11-04 16:10:00,2,浜名湖賞 開設72周年記念,3,4205,山口 剛,1,43,53,0,0,0.12,6.96,45.54,60.4,5.45,40.91,45.45,30.08,45.86,50,61.11
2025-11-04,6,12,2025-11-04 16:10:00,2,浜名湖賞 開設72周年記念,4,4444,桐生 順平,1,39,52,0,0,0.14,7.47,45,65,8.44,72.22,94.44,28.46,49.59,25,25
2025-11-04,6,12,2025-11-04 16:10:00,2,浜名湖賞 開設72周年記念,5,4013,中島 孝平,1,45,52,0,0,0.14,7.52,55.93,70.34,4.89,11.11,22.22,33.86,57.48,31.25,62.5
2025-11-04,6,12,2025-11-04 16:10:00,2,浜名湖賞 開設72周年記念,6,4831,羽野 直也,1,30,54.6,0,0,0.12,6.64,38.16,63.16,7,33.33,66.67,32.14,50,33.33,48.15
2025-11-04,7,1,2025-11-04 15:19:00,5,日刊スポーツ杯争奪 第55回蒲郡大賞典,1,5319,近藤 颯斗,3,24,51.5,0,0,0.17,5.4,32.22,56.67,3.15,17.07,24.39,45.24,69.05,14.81,40.74
2025-11-04,7,1,2025-11-04 15:19:00,5,日刊スポーツ杯争奪 第55回蒲郡大賞典,2,3156,金子 良昭,3,61,53.2,0,0,0.17,3.68,15.19,25.32,4.36,28,32,51.28,69.23,27.91,41.86
2025-11-04,7,1,2025-11-04 15:19:00,5,日刊スポーツ杯争奪 第55回蒲郡大賞典,3,4568,廣瀬 真也,2,37,51.5,0,0,0.14,5.94,34.65,61.39,4.85,29.63,40.74,16.22,29.73,20.69,37.93
2025-11-04,7,1,2025-11-04 15:19:00,5,日刊スポーツ杯争奪 第55回蒲郡大賞典,4,3538,菊池 峰晴,3,57,52.7,0,0,0.18,5.24,31.33,51.81,4.47,29.41,41.18,35.14,43.24,22.22,46.3
2025-11-04,7,1,2025-11-04 15:19:00,5,日刊スポーツ杯争奪 第55回蒲郡大賞典,5,5113,黒明 花夢,4,25,45,0,0,0.2,3.14,8.47,22.03,3.78,22.22,33.33,42.11,60.53,28,44
2025-11-04,7,1,2025-11-04 15:19:00,5,日刊スポーツ杯争奪 第55回蒲郡大賞典,6,5444,林 風音,4,17,49.4,0,0,,0,0,0,0,0,0,33.33,58.97,23.68,28.95
2025-11-04,7,2,2025-11-04 15:44:00,5,日刊スポーツ杯争奪 第55回蒲郡大賞典,1,3977,山本 兼士,3,48,52.7,0,0,0.18,4.73,25.26,42.11,3.88,16.67,25,14.29,14.29,34.38,53.13
2025-11-04,7,2,2025-11-04 15:44:00,5,日刊スポーツ杯争奪 第55回蒲郡大賞典,2,4062,後藤 陽介,2,46,56.3,0,0,0.16,4.02,18.56,30.93,4.83,33.33,46.67,25.93,40.74,51.02,77.55
2025-11-04,7,2,2025-11-04 15:44:00,5,日刊スポーツ杯争奪 第55回蒲郡大賞典,3,3863,海老澤 泰行,3,51,56,0,0,0.16,3.82,16.42,26.87,5.45,36.36,59.09,22.86,45.71,48.65,62.16
2025-11-04,7,2,2025-11-04 15:44:00,5,日刊スポーツ杯争奪 第55回蒲郡大賞典,4,5357,田中 瀬里奈,4,20,55.3,0,0,0.22,1.65,1.41,2.82,1.31,0,0,30.77,51.28,38.89,52.78
2025-11-04,7,2,2025-11-04 15:44:00,5,日刊スポーツ杯争奪 第55回蒲郡大賞典,5,4786,佐藤 博亮,1,37,52.1,0,0,0.14,6.07,40.21,59.79,6.31,46.55,60.34,44.74,57.89,42.5,52.5
2025-11-04,7,2,2025-11-04 15:44:00,5,日刊スポーツ杯争奪 第55回蒲郡大賞典,6,4987,島倉 都,3,28,47.3,0,0,0.19,4.03,12.16,37.84,2.67,0,22.22,27.59,48.28,30.43,30.43
2025-11-04,7,3,2025-11-04 16:12:00,5,日刊スポーツ杯争奪 第55回蒲郡大賞典,1,4789,古賀 智之,3,36,53,0,0,0.17,5.47,36.84,57.89,6,37.5,75,32.56,46.51,25,50
2025-11-04,7,3,2025-11-04 16:12:00,5,日刊スポーツ杯争奪 第55回蒲郡大賞典,2,4440,萩原 知哉,3,39,54.4,0,0,0.17,4.16,15.12,33.72,3.71,0,28.57,57.89,65.79,59.52,76.19
2025-11-04,7,3,2025-11-04 16:12:00,5,日刊スポーツ杯争奪 第55回蒲郡大賞典,3,4233,亀山 雅幸,2,42,52,0,0,0.17,5.42,34.29,58.1,5.27,26.67,53.33,21.62,40.54,42.5,47.5
2025-11-04,7,3,2025-11-04 16:12:00,5,日刊スポーツ杯争奪 第55回蒲郡大賞典,4,3381,滝沢 芳行,3,57,52.4,0,0,0.16,4.78,22.83,41.3,4.57,27.03,37.84,17.86,35.71,33.33,38.89
2025-11-04,7,3,2025-11-04 16:12:00,5,日刊スポーツ杯争奪 第55回蒲郡大賞典,5,4974,安井 瑞紀,3,32,47.2,0,0,0.16,6.35,45.45,67.05,0,0,0,30,54,38.24,58.82
2025-11-04,7,3,2025-11-04 16:12:00,5,日刊スポーツ杯争奪 第55回蒲郡大賞典,6,3532,柴田 光,1,53,52,0,0,0.16,7.04,51.49,74.26,6.58,50,75,11.11,33.33,34.88,48.84
2025-11-04,7,4,2025-11-04 16:39:00,5,日刊スポーツ杯争奪 第55回蒲郡大賞典,1,3948,大町 利克,3,49,52,0,0,0.2,3.85,18.33,33.33,4.19,20.83,37.5,28.95,52.63,44.74,57.89
2025-11-04,7,4,2025-11-04 16:39:00,5,日刊スポーツ杯争奪 第55回蒲郡大賞典,2,4346,前田 健太郎,3,40,55.1,0,0,0.19,4.2,26.14,37.5,3.39,17.86,28.57,60.53,71.05,32.43,48.65
2025-11-04,7,4,2025-11-04 16:39:00,5,日刊スポーツ杯争奪 第55回蒲郡大賞典,3,3606,川北 浩貴,2,53,52.2,0,0,0.18,5.47,38.1,53.33,4.87,33.33,46.67,13.16,42.11,42.42,54.55
2025-11-04,7,4,2025-11-04 16:39:00,5,日刊スポーツ杯争奪 第55回蒲郡大賞典,4,5139,大場 恒季,3,25,52,0,0,0.19,6.21,43,64,4.72,28.57,46.22,40.48,59.52,40.91,61.36
2025-11-04,7,4,2025-11-04 16:39:00,5,日刊スポーツ杯争奪 第55回蒲郡大賞典,5,4133,高橋 正男,2,45,52.3,0,0,0.17,6.25,42.4,66.4,6.08,46.15,57.69,32.35,50,33.33,51.11
2025-11-04,7,4,2025-11-04 16:39:00,5,日刊スポーツ杯争奪 第55回蒲郡大賞典,6,4734,安河内 将,1,36,52,0,0,0.16,6.87,51.49,69.31,6.83,56.67,70,34.29,42.86,11.11,27.78
2025-11-04,7,5,2025-11-04 17:06:00,5,日刊スポーツ杯争奪 第55回蒲郡大賞典,1,3696,白井 友晴,3,53,52.4,0,0,0.19,4.63,21.98,46.15,4,10,30,43.48,60.87,47.83,60.87
2025-11-04,7,5,2025-11-04 17:06:00,5,日刊スポーツ杯争奪 第55回蒲郡大賞典,2,4236,松村 敏,1,42,53,0,0,0.12,7.75,64.91,81.58,0,0,0,51.52,63.64,40.54,56.76
2025-11-04,7,5,2025-11-04 17:06:00,5,日刊スポーツ杯争奪 第55回蒲郡大賞典,3,3987,後藤 正宗,2,47,53.7,0,0,0.15,5.1,33.87,50,5.98,40.48,59.52,37.78,62.22,36.67,46.67
2025-11-04,7,5,2025-11-04 17:06:00,5,日刊スポーツ杯争奪 第55回蒲郡大賞典,4,4330,奈須 啓太,2,42,52,0,0,0.12,6.13,43.33,62.22,5.9,30,80,8.57,20,21.28,44.68
2025-11-04,7,5,2025-11-04 17:06:00,5,日刊スポーツ杯争奪 第55回蒲郡大賞典,5,4203,小倉 康典,3,43,51.5,0,0,0.15,4.03,21.67,33.33,2.23,7.69,7.69,20.59,35.29,31.71,53.66
2025-11-04,7,5,2025-11-04 17:06:00,5,日刊スポーツ杯争奪 第55回蒲郡大賞典,6,5444,林 風音,4,17,49.4,0,0,,0,0,0,0,0,0,33.33,58.97,23.68,28.95
2025-11-04,7,6,2025-11-04 17:32:00,5,日刊スポーツ杯争奪 第55回蒲郡大賞典,1,5049,松井 友汰,2,30,52,0,0,0.17,6.17,38.95,69.47,4.61,33.33,44.44,32.35,55.88,33.33,37.5
2025-11-04,7,6,2025-11-04 17:32:00,5,日刊スポーツ杯争奪 第55回蒲郡大賞典,2,4973,栗原 直也,3,33,52,0,0,0.19,5.53,32.99,57.73,4.33,27.78,27.78,25,46.88,36.36,54.55
2025-11-04,7,6,2025-11-04 17:32:00,5,日刊スポーツ杯争奪 第55回蒲郡大賞典,3,4906,鈴木 雅希,2,30,52.4,0,0,0.16,5.2,31.9,54.31,4.58,29.03,48.39,36.11,38.89,34.04,46.81
2025-11-04,7,6,2025-11-04 17:32:00,5,日刊スポーツ杯争奪 第55回蒲郡大賞典,4,5319,近藤 颯斗,3,24,51.5,0,0,0.17,5.4,32.22,56.67,3.15,17.07,24.39,45.24,69.05,14.81,40.74
2025-11-04,7,6,2025-11-04 17:32:00,5,日刊スポーツ杯争奪 第55回蒲郡大賞典,5,5357,田中 瀬里奈,4,20,55.3,0,0,0.22,1.65,1.41,2.82,1.31,0,0,30.77,51.28,38.89,52.78
2025-11-04,7,6,2025-11-04 17:32:00,5,日刊スポーツ杯争奪 第55回蒲郡大賞典,6,4238,毒島 誠,1,41,52.4,0,0,0.13,6.19,25.81,48.39,7.67,33.33,66.67,11.36,31.82,15.56,42.22
2025-11-04,7,7,2025-11-04 17:59:00,5,日刊スポーツ杯争奪 第55回蒲郡大賞典,1,4228,吉田 慎二郎,2,42,53.8,0,0,0.18,5.61,36.04,55.86,6.08,44.44,62.5,16.22,24.32,34.21,47.37
2025-11-04,7,7,2025-11-04 17:59:00,5,日刊スポーツ杯争奪 第55回蒲郡大賞典,2,3538,菊池 峰晴,3,57,52.7,0,0,0.18,5.24,31.33,51.81,4.47,29.41,41.18,35.14,43.24,22.22,46.3
2025-11-04,7,7,2025-11-04 17:59:00,5,日刊スポーツ杯争奪 第55回蒲郡大賞典,3,4446,和田 兼輔,1,38,52.1,0,0,0.14,6.46,49.53,64.49,4.88,31.25,43.75,19.23,23.08,16.67,30
2025-11-04,7,7,2025-11-04 17:59:00,5,日刊スポーツ杯争奪 第55回蒲郡大賞典,4,4424,松尾 昂明,2,40,52,0,0,0.16,5.84,41.41,57.03,5.97,41.38,62.07,27.03,37.84,15.63,28.13
2025-11-04,7,7,2025-11-04 17:59:00,5,日刊スポーツ杯争奪 第55回蒲郡大賞典,5,4789,古賀 智之,3,36,53,0,0,0.17,5.47,36.84,57.89,6,37.5,75,32.56,46.51,25,50
2025-11-04,7,7,2025-11-04 17:59:00,5,日刊スポーツ杯争奪 第55回蒲郡大賞典,6,5296,永田 楽,3,23,45.5,0,0,0.21,4.76,27.78,39.81,2.44,11.11,14.81,32.26,45.16,23.53,39.22
2025-11-04,7,8,2025-11-04 18:26:00,5,日刊スポーツ杯争奪 第55回蒲郡大賞典,1,4062,後藤 陽介,2,46,56.3,0,0,0.16,4.02,18.56,30.93,4.83,33.33,46.67,25.93,40.74,51.02,77.55
2025-11-04,7,8,2025-11-04 18:26:00,5,日刊スポーツ杯争奪 第55回蒲郡大賞典,2,4491,田中 堅,3,38,50.5,0,0,0.19,4.39,20.24,35.71,4.89,11.11,44.44,33.33,51.28,51.11,73.33
2025-11-04,7,8,2025-11-04 18:26:00,5,日刊スポーツ杯争奪 第55回蒲郡大賞典,3,4710,福田 宗平,2,35,52.6,0,0,0.16,6.62,51.67,71.67,6.5,50,62.5,17.86,32.14,30,42.5
2025-11-04,7,8,2025-11-04 18:26:00,5,日刊スポーツ杯争奪 第55回蒲郡大賞典,4,4440,萩原 知哉,3,39,54.4,0,0,0.17,4.16,15.12,33.72,3.71,0,28.57,57.89,65.79,59.52,76.19
2025-11-04,7,8,2025-11-04 18:26:00,5,日刊スポーツ杯争奪 第55回蒲郡大賞典,5,4364,池永 太,1,40,52.4,0,0,0.14,6.97,56.78,72.03,7.89,63.16,84.21,55.56,72.22,52.78,63.89
2025-11-04,7,8,2025-11-04 18:26:00,5,日刊スポーツ杯争奪 第55回蒲郡大賞典,6,5439,志賀 美優,4,20,48.6,0,0,,0,0,0,0,0,0,31.58,55.26,25.71,28.57
2025-11-04,7,9,2025-11-04 18:58:00,5,日刊スポーツ杯争奪 第55回蒲郡大賞典,1,4120,柘植 政浩,2,44,51.5,0,0,0.19,6.4,46.15,69.23,5.47,36.73,55.1,22.22,33.33,28.26,50
2025-11-04,7,9,2025-11-04 18:58:00,5,日刊スポーツ杯争奪 第55回蒲郡大賞典,2,4072,森永 淳,1,44,52,0,0,0.14,6.79,57.39,71.3,6.11,42.11,63.16,37.5,55,25.81,35.48
2025-11-04,7,9,2025-11-04 18:58:00,5,日刊スポーツ杯争奪 第55回蒲郡大賞典,3,4098,赤澤 文香,3,43,48.6,0,0,0.22,5,25,50,5.06,35.29,41.18,38.3,59.57,18.75,46.88
2025-11-04,7,9,2025-11-04 18:58:00,5,日刊スポーツ杯争奪 第55回蒲郡大賞典,4,4734,安河内 将,1,36,51.5,0,0,0.16,6.87,51.49,69.31,6.83,56.67,70,34.29,42.86,11.11,27.78
2025-11-04,7,9,2025-11-04 18:58:00,5,日刊スポーツ杯争奪 第55回蒲郡大賞典,5,3381,滝沢 芳行,3,57,52.4,0,0,0.16,4.78,22.83,41.3,4.57,27.03,37.84,17.86,35.71,33.33,38.89
2025-11-04,7,9,2025-11-04 18:58:00,5,日刊スポーツ杯争奪 第55回蒲郡大賞典,6,4568,廣瀬 真也,2,37,52,0,0,0.14,5.94,34.65,61.39,4.85,29.63,40.74,16.22,29.73,20.69,37.93
2025-11-04,7,10,2025-11-04 19:36:00,5,日刊スポーツ杯争奪 第55回蒲郡大賞典,1,4786,佐藤 博亮,1,37,52.1,0,0,0.14,6.07,40.21,59.79,6.31,46.55,60.34,44.74,57.89,42.5,52.5
2025-11-04,7,10,2025-11-04 19:36:00,5,日刊スポーツ杯争奪 第55回蒲郡大賞典,2,5113,黒明 花夢,4,25,45,0,0,0.2,3.14,8.47,22.03,3.78,22.22,33.33,42.11,60.53,28,44
2025-11-04,7,10,2025-11-04 19:36:00,5,日刊スポーツ杯争奪 第55回蒲郡大賞典,3,4549,小林 文彦,2,37,52,0,0,0.2,4.94,30.68,44.32,5.6,40,40,24.14,34.48,32.56,51.16
2025-11-04,7,10,2025-11-04 19:36:00,5,日刊スポーツ杯争奪 第55回蒲郡大賞典,4,4236,松村 敏,1,42,53,0,0,0.12,7.75,64.91,81.58,0,0,0,51.52,63.64,40.54,56.76
2025-11-04,7,10,2025-11-04 19:36:00,5,日刊スポーツ杯争奪 第55回蒲郡大賞典,5,5139,大場 恒季,3,25,52,0,0,0.19,6.21,43,64,4.72,28.57,46.22,40.48,59.52,40.91,61.36
2025-11-04,7,10,2025-11-04 19:36:00,5,日刊スポーツ杯争奪 第55回蒲郡大賞典,6,4906,鈴木 雅希,2,30,52.4,0,0,0.16,5.2,31.9,54.31,4.58,29.03,48.39,36.11,38.89,34.04,46.81
2025-11-04,7,11,2025-11-04 20:07:00,5,日刊スポーツ杯争奪 第55回蒲郡大賞典,1,4446,和田 兼輔,1,38,52.1,0,0,0.14,6.46,49.53,64.49,4.88,31.25,43.75,19.23,23.08,16.67,30
2025-11-04,7,11,2025-11-04 20:07:00,5,日刊スポーツ杯争奪 第55回蒲郡大賞典,2,3977,山本 兼士,3,48,52.7,0,0,0.18,4.73,25.26,42.11,3.88,16.67,25,14.29,14.29,34.38,53.13
2025-11-04,7,11,2025-11-04 20:07:00,5,日刊スポーツ杯争奪 第55回蒲郡大賞典,3,4238,毒島 誠,1,41,52.4,0,0,0.13,6.19,25.81,48.39,7.67,33.33,66.67,11.36,31.82,15.56,42.22
2025-11-04,7,11,2025-11-04 20:07:00,5,日刊スポーツ杯争奪 第55回蒲郡大賞典,4,4974,安井 瑞紀,3,32,47.2,0,0,0.16,6.35,45.45,67.05,0,0,0,30,54,33.93,55.36
2025-11-04,7,11,2025-11-04 20:07:00,5,日刊スポーツ杯争奪 第55回蒲郡大賞典,5,3606,川北 浩貴,2,53,52.2,0,0,0.18,5.47,38.1,53.33,4.87,33.33,46.67,13.16,42.11,42.42,54.55
2025-11-04,7,11,2025-11-04 20:07:00,5,日刊スポーツ杯争奪 第55回蒲郡大賞典,6,4330,奈須 啓太,2,42,52,0,0,0.12,6.13,43.33,62.22,5.9,30,80,8.57,20,21.28,44.68
2025-11-04,7,12,2025-11-04 20:36:00,5,日刊スポーツ杯争奪 第55回蒲郡大賞典,1,4364,池永 太,1,40,52.4,0,0,0.14,6.97,56.78,72.03,7.89,63.16,84.21,55.56,72.22,52.78,63.89
2025-11-04,7,12,2025-11-04 20:36:00,5,日刊スポーツ杯争奪 第55回蒲郡大賞典,2,3987,後藤 正宗,2,47,53.7,0,0,0.15,5.1,33.87,50,5.98,40.48,59.52,37.78,62.22,36.67,46.67
2025-11-04,7,12,2025-11-04 20:36:00,5,日刊スポーツ杯争奪 第55回蒲郡大賞典,3,3532,柴田 光,1,53,52,0,0,0.16,7.04,51.49,74.26,6.58,50,75,11.11,33.33,34.88,48.84
2025-11-04,7,12,2025-11-04 20:36:00,5,日刊スポーツ杯争奪 第55回蒲郡大賞典,4,5049,松井 友汰,2,30,52,0,0,0.17,6.17,38.95,69.47,4.61,33.33,44.44,32.35,55.88,33.33,37.5
2025-11-04,7,12,2025-11-04 20:36:00,5,日刊スポーツ杯争奪 第55回蒲郡大賞典,5,3863,海老澤 泰行,3,51,56,0,0,0.16,3.82,16.42,26.87,5.45,36.36,59.09,22.86,45.71,48.65,62.16
2025-11-04,7,12,2025-11-04 20:36:00,5,日刊スポーツ杯争奪 第55回蒲郡大賞典,6,4424,松尾 昂明,2,40,52,0,0,0.16,5.84,41.41,57.03,5.97,41.38,62.07,27.03,37.84,15.63,28.13
2025-11-04,8,1,2025-11-04 10:20:00,5,銀杯争奪戦,1,3505,山田 竜一,2,54,52.4,0,0,0.15,5.07,31.36,49.15,5.13,28.21,48.72,32.35,48.74,25.97,41.56
2025-11-04,8,1,2025-11-04 10:20:00,5,銀杯争奪戦,2,3643,米田 隆弘,3,53,53.2,0,0,0.17,5.06,28.45,48.28,5.61,34.78,43.48,39.29,55.95,31.34,44.78
2025-11-04,8,1,2025-11-04 10:20:00,5,銀杯争奪戦,3,3986,沖島 広和,3,47,56.2,0,0,0.17,5,28.04,50.47,4.74,22.86,45.71,28.25,42.15,40,56.25
2025-11-04,8,1,2025-11-04 10:20:00,5,銀杯争奪戦,4,4902,山川 雄大,3,32,51,0,0,0.18,4.66,30.71,45.67,3.8,20,25,34.43,53.69,31.71,54.88
2025-11-04,8,1,2025-11-04 10:20:00,5,銀杯争奪戦,5,3772,一柳 和孝,3,51,52.5,0,0,0.17,5.42,36.45,56.07,5.81,38.89,58.33,35.06,56.57,20.9,29.85
2025-11-04,8,1,2025-11-04 10:20:00,5,銀杯争奪戦,6,3859,多羅尾 達之,4,52,51,0,0,0.15,4.47,24.05,39.24,2.9,5,15,34.01,52.23,40.26,55.84
2025-11-04,8,2,2025-11-04 10:47:00,5,銀杯争奪戦,1,3994,小野 桜,3,46,46.5,0,0,0.18,4.99,25.29,47.13,5.83,38.89,55.56,29.17,51.85,43.04,62.03
2025-11-04,8,2,2025-11-04 10:47:00,5,銀杯争奪戦,2,5203,神里 琴音,3,21,44,0,0,0.16,4.33,24.47,36.17,5.28,27.78,50,38.43,60.33,26.67,41.33
2025-11-04,8,2,2025-11-04 10:47:00,5,銀杯争奪戦,3,4246,喜多 那由夏,3,43,48.9,0,0,0.18,4.31,22.92,39.58,4.4,0,40,37.1,53.23,34.72,47.22
2025-11-04,8,2,2025-11-04 10:47:00,5,銀杯争奪戦,4,4680,後藤 美翼,3,35,47,0,0,0.2,5.05,26.47,49.02,5.56,27.78,55.56,33.2,46.72,32.56,47.67
2025-11-04,8,2,2025-11-04 10:47:00,5,銀杯争奪戦,5,4891,寺島 美里,3,36,46,0,0,0.16,4.86,26.61,46.79,5,21.05,52.63,40.08,55.79,18.84,31.88
2025-11-04,8,2,2025-11-04 10:47:00,5,銀杯争奪戦,6,4447,深川 麻奈美,2,38,49.2,0,0,0.16,6.69,49.61,67.72,6.86,57.14,57.14,26.67,40.48,32.84,58.21
2025-11-04,8,3,2025-11-04 11:16:00,5,銀杯争奪戦,1,4527,高野 心吾,3,37,52,0,0,0.18,3.84,17.05,30.68,4.41,26.03,42.47,34.5,48.84,38.67,53.33
2025-11-04,8,3,2025-11-04 11:16:00,5,銀杯争奪戦,2,4089,妹尾 忠幸,2,45,53.5,0,0,0.16,6.16,38.67,68.67,6.25,41.67,66.67,32.16,48.9,31.94,52.78
2025-11-04,8,3,2025-11-04 11:16:00,5,銀杯争奪戦,3,4660,宇田川 信一,3,34,52,0,0,0.2,3.18,5.88,11.76,4.17,16.67,33.33,45.9,60.25,23.38,42.86
2025-11-04,8,3,2025-11-04 11:16:00,5,銀杯争奪戦,4,4472,尾嶋 一広,1,38,54.2,0,0,0.15,6.39,49.26,66.91,7.14,57.14,71.43,31.65,47.26,32.05,51.28
2025-11-04,8,3,2025-11-04 11:16:00,5,銀杯争奪戦,5,4883,岡部 大輝,3,29,52.2,0,0,0.14,5.39,34.52,52.38,5.22,29.73,51.35,32.34,49.79,42.17,56.63
2025-11-04,8,3,2025-11-04 11:16:00,5,銀杯争奪戦,6,5381,有山 望,4,21,51.5,0,0,0.16,2.07,5.41,8.11,0,0,0,39.83,56.02,33.33,59.65
2025-11-04,8,4,2025-11-04 11:46:00,5,銀杯争奪戦,1,3769,佐竹 恒彦,2,52,52,0,0,0.17,4.97,24.49,48.98,5,30.77,46.15,34.84,54.1,37.5,54.17
2025-11-04,8,4,2025-11-04 11:46:00,5,銀杯争奪戦,2,4626,伊藤 紘章,3,39,52,0,0,0.2,4.41,23.08,39.56,4.62,30.99,43.66,31.39,47.09,37.35,56.63
2025-11-04,8,4,2025-11-04 11:46:00,5,銀杯争奪戦,3,5045,平川 香織,3,25,46.5,0,0,0.18,5.72,38,59,5.88,47.06,52.94,27.04,47.64,35.14,54.05
2025-11-04,8,4,2025-11-04 11:46:00,5,銀杯争奪戦,4,4369,丹下 将,1,40,56.2,0,0,0.17,5.92,45.08,56.56,6.93,52,73.33,32.9,47.62,30.88,51.47
2025-11-04,8,4,2025-11-04 11:46:00,5,銀杯争奪戦,5,4904,松本 一毅,3,31,52,0,0,0.18,5.61,33,53,5,17.65,35.29,31.4,53.31,33.75,52.5
2025-11-04,8,4,2025-11-04 11:46:00,5,銀杯争奪戦,6,4094,中島 真二,3,44,52,0,0,0.19,4.57,20.18,40.37,0,0,0,38.2,55.43,28.57,53.25
2025-11-04,8,5,2025-11-04 12:16:00,5,銀杯争奪戦,1,4106,坂井 康嗣,3,46,51.5,0,0,0.2,3.65,14.29,24.18,6.77,61.54,69.23,39.26,55.37,34.25,46.58
2025-11-04,8,5,2025-11-04 12:16:00,5,銀杯争奪戦,2,4989,石原 翼,2,28,52,0,0,0.15,5.86,40.38,63.46,6.42,51.61,61.29,35.46,50.2,31.51,46.58
2025-11-04,8,5,2025-11-04 12:16:00,5,銀杯争奪戦,3,4689,豊田 結,2,32,51.7,0,0,0.17,5.58,38.82,56.47,5.43,42.86,42.86,29.03,46.54,29.85,47.76
2025-11-04,8,5,2025-11-04 12:16:00,5,銀杯争奪戦,4,3643,米田 隆弘,3,53,53.2,0,0,0.17,5.06,28.45,48.28,5.61,34.78,43.48,39.29,55.95,31.34,44.78
2025-11-04,8,5,2025-11-04 12:16:00,5,銀杯争奪戦,5,3502,渡邉 英児,3,56,52.8,0,0,0.17,5.37,34.45,57.14,6.51,52.83,66.04,43.46,62.69,44.74,61.84
2025-11-04,8,5,2025-11-04 12:16:00,5,銀杯争奪戦,6,4532,秋元 哲,1,36,52.1,0,0,0.15,7.31,55.14,72.9,7.17,50,83.33,34.53,55.61,25.33,38.67
2025-11-04,8,6,2025-11-04 12:45:00,5,銀杯争奪戦,1,4515,藤田 浩人,2,39,52.8,0,0,0.17,5.94,40.88,56.93,5.67,33.33,61.9,42.15,53.26,26.92,41.03
2025-11-04,8,6,2025-11-04 12:45:00,5,銀杯争奪戦,2,4902,山川 雄大,3,32,51,0,0,0.18,4.66,30.71,45.67,3.8,20,25,34.43,53.69,31.71,54.88
2025-11-04,8,6,2025-11-04 12:45:00,5,銀杯争奪戦,3,4891,寺島 美里,3,36,46,0,0,0.16,4.86,26.61,46.79,5,21.05,52.63,40.08,55.79,18.84,31.88
2025-11-04,8,6,2025-11-04 12:45:00,5,銀杯争奪戦,4,4769,馬場 剛,2,33,52,0,0,0.12,5.96,40.54,60.81,6.3,43.33,66.67,35.54,49.59,33.33,50.72
2025-11-04,8,6,2025-11-04 12:45:00,5,銀杯争奪戦,5,3986,沖島 広和,3,47,56.2,0,0,0.17,5,28.04,50.47,4.74,22.86,45.71,28.25,42.15,40,56.25
2025-11-04,8,6,2025-11-04 12:45:00,5,銀杯争奪戦,6,5379,廣部 大明,4,21,52.3,0,0,0.23,1.76,0,3.95,1.82,0,0,33.61,48.96,33.33,48.72
2025-11-04,8,7,2025-11-04 13:12:00,5,銀杯争奪戦,1,4092,岡部 大輔,3,44,52.4,0,0,0.15,5.26,27.52,54.13,3.83,16.67,25,41.42,59,43.75,53.75
2025-11-04,8,7,2025-11-04 13:12:00,5,銀杯争奪戦,2,4447,深川 麻奈美,2,38,49.2,0,0,0.16,6.69,49.61,67.72,6.86,57.14,57.14,26.67,40.48,32.84,58.21
2025-11-04,8,7,2025-11-04 13:12:00,5,銀杯争奪戦,3,3772,一柳 和孝,3,51,52.5,0,0,0.17,5.42,36.45,56.07,5.81,38.89,58.33,35.06,56.57,20.9,29.85
2025-11-04,8,7,2025-11-04 13:12:00,5,銀杯争奪戦,4,3859,多羅尾 達之,4,52,51,0,0,0.15,4.47,24.05,39.24,2.9,5,15,34.01,52.23,40.26,55.84
2025-11-04,8,7,2025-11-04 13:12:00,5,銀杯争奪戦,5,4527,高野 心吾,3,37,52,0,0,0.18,3.84,17.05,30.68,4.41,26.03,42.47,34.5,48.84,38.67,53.33
2025-11-04,8,7,2025-11-04 13:12:00,5,銀杯争奪戦,6,4335,若林 将,1,41,52.6,0,0,0.13,6.87,51.24,68.6,7.1,45,75,33.2,48.36,31.58,50
2025-11-04,8,8,2025-11-04 13:42:00,5,銀杯争奪戦,1,4246,喜多 那由夏,3,43,48.9,0,0,0.18,4.31,22.92,39.58,4.4,0,40,37.1,53.23,34.72,47.22
2025-11-04,8,8,2025-11-04 13:42:00,5,銀杯争奪戦,2,4094,中島 真二,3,44,52,0,0,0.19,4.57,20.18,40.37,0,0,0,38.2,55.43,28.57,53.25
2025-11-04,8,8,2025-11-04 13:42:00,5,銀杯争奪戦,3,5203,神里 琴音,3,21,44,0,0,0.16,4.33,24.47,36.17,5.28,27.78,50,38.43,60.33,26.67,41.33
2025-11-04,8,8,2025-11-04 13:42:00,5,銀杯争奪戦,4,4709,岡村 将也,2,36,53.5,0,0,0.18,5.8,41.13,57.26,6.03,41.94,64.52,31.58,46.05,37.66,55.84
2025-11-04,8,8,2025-11-04 13:42:00,5,銀杯争奪戦,5,3769,佐竹 恒彦,2,52,52,0,0,0.17,4.97,24.49,48.98,5,30.77,46.15,34.84,54.1,37.5,54.17
2025-11-04,8,8,2025-11-04 13:42:00,5,銀杯争奪戦,6,4186,小川 時光,4,44,55,0,0,0.16,3.35,10.13,24.05,3.5,18.75,21.88,46.88,70.31,37.18,55.13
2025-11-04,8,9,2025-11-04 14:09:00,5,銀杯争奪戦,1,4369,丹下 将,1,40,56.2,0,0,0.17,5.92,45.08,56.56,6.93,52,73.33,32.9,47.62,30.88,51.47
2025-11-04,8,9,2025-11-04 14:09:00,5,銀杯争奪戦,2,3502,渡邉 英児,3,56,52.8,0,0,0.17,5.37,34.45,57.14,6.51,52.83,66.04,43.46,62.69,44.74,61.84
2025-11-04,8,9,2025-11-04 14:09:00,5,銀杯争奪戦,3,4883,岡部 大輝,3,29,52.2,0,0,0.14,5.39,34.52,52.38,5.22,29.73,51.35,32.34,49.79,42.17,56.63
2025-11-04,8,9,2025-11-04 14:09:00,5,銀杯争奪戦,4,4689,豊田 結,2,32,51.7,0,0,0.17,5.58,38.82,56.47,5.43,42.86,42.86,29.03,46.54,29.85,47.76
2025-11-04,8,9,2025-11-04 14:09:00,5,銀杯争奪戦,5,3505,山田 竜一,2,54,52.4,0,0,0.15,5.07,31.36,49.15,5.13,28.21,48.72,32.35,48.74,25.97,41.56
2025-11-04,8,9,2025-11-04 14:09:00,5,銀杯争奪戦,6,4660,宇田川 信一,3,34,52,0,0,0.2,3.18,5.88,11.76,4.17,16.67,33.33,45.9,60.25,23.38,42.86
2025-11-04,8,10,2025-11-04 14:42:00,5,銀杯争奪戦,1,4532,秋元 哲,1,36,52.1,0,0,0.15,7.31,55.14,72.9,7.17,50,83.33,34.53,55.61,25.33,38.67
2025-11-04,8,10,2025-11-04 14:42:00,5,銀杯争奪戦,2,3994,小野 桜,3,46,46.5,0,0,0.18,4.99,25.29,47.13,5.83,38.89,55.56,29.17,51.85,43.04,62.03
2025-11-04,8,10,2025-11-04 14:42:00,5,銀杯争奪戦,3,4904,松本 一毅,3,31,52,0,0,0.18,5.61,33,53,5,17.65,35.29,31.4,53.31,33.75,52.5
2025-11-04,8,10,2025-11-04 14:42:00,5,銀杯争奪戦,4,5045,平川 香織,3,25,46.5,0,0,0.18,5.72,38,59,5.88,47.06,52.94,27.04,47.64,35.14,54.05
2025-11-04,8,10,2025-11-04 14:42:00,5,銀杯争奪戦,5,4472,尾嶋 一広,1,38,54.2,0,0,0.15,6.39,49.26,66.91,7.14,57.14,71.43,31.65,47.26,32.05,51.28
2025-11-04,8,10,2025-11-04 14:42:00,5,銀杯争奪戦,6,4089,妹尾 忠幸,2,45,53.5,0,0,0.16,6.16,38.67,68.67,6.25,41.67,66.67,32.16,48.9,31.94,52.78
2025-11-04,8,11,2025-11-04 15:12:00,5,銀杯争奪戦,1,4335,若林 将,1,41,52.6,0,0,0.13,6.87,51.24,68.6,7.1,45,75,33.2,48.36,31.58,50
2025-11-04,8,11,2025-11-04 15:12:00,5,銀杯争奪戦,2,4092,岡部 大輔,3,44,52.4,0,0,0.15,5.26,27.52,54.13,3.83,16.67,25,41.42,59,43.75,53.75
2025-11-04,8,11,2025-11-04 15:12:00,5,銀杯争奪戦,3,4680,後藤 美翼,3,35,47,0,0,0.2,5.05,26.47,49.02,5.56,27.78,55.56,33.2,46.72,32.56,47.67
2025-11-04,8,11,2025-11-04 15:12:00,5,銀杯争奪戦,4,4989,石原 翼,2,28,52,0,0,0.15,5.86,40.38,63.46,6.42,51.61,61.29,35.46,50.2,31.51,46.58
2025-11-04,8,11,2025-11-04 15:12:00,5,銀杯争奪戦,5,4769,馬場 剛,2,33,52,0,0,0.12,5.96,40.54,60.81,6.3,43.33,66.67,35.54,49.59,33.33,50.72
2025-11-04,8,11,2025-11-04 15:12:00,5,銀杯争奪戦,6,4626,伊藤 紘章,3,39,52,0,0,0.2,4.41,23.08,39.56,4.62,30.99,43.66,31.39,47.09,32.5,46.25
2025-11-04,8,12,2025-11-04 15:57:00,5,銀杯争奪戦,1,3946,赤岩 善生,1,49,54.4,0,0,0.16,7.19,58.79,74.55,6.62,50.54,74.19,30.94,45.29,25,47.22
2025-11-04,8,12,2025-11-04 15:57:00,5,銀杯争奪戦,2,4925,森 悠稀,2,32,53,0,0,0.13,5.99,36.69,60.43,5.83,40,60,38.56,53.81,46.67,67.78
2025-11-04,8,12,2025-11-04 15:57:00,5,銀杯争奪戦,3,4199,北川 潤二,1,43,56.1,0,0,0.13,5.87,39.26,62.96,6.56,51.06,70.21,39.66,59.48,32.91,56.96
2025-11-04,8,12,2025-11-04 15:57:00,5,銀杯争奪戦,4,5026,安河内 健,1,30,53.4,0,0,0.15,6.23,45.83,60.83,7.03,50,76.67,36.78,53.31,22.58,40.32
2025-11-04,8,12,2025-11-04 15:57:00,5,銀杯争奪戦,5,4069,山本 修一,1,45,52.5,0,0,0.17,6.28,46.79,67.89,7.63,62.5,87.5,37.41,53.33,39.51,50.62
2025-11-04,8,12,2025-11-04 15:57:00,5,銀杯争奪戦,6,4079,出畑 孝典,2,46,51.5,0,0,0.16,6.08,43.64,64.55,6.14,42.86,71.43,30.88,47.47,37.04,51.85
2025-11-04,12,1,2025-11-04 15:17:00,5,第8回auじぶん銀行賞,1,5285,若林 麗,3,26,52,0,0,0.19,2.41,2.94,5.88,2.17,0,5.56,35.94,57.03,31.25,42.97
2025-11-04,12,1,2025-11-04 15:17:00,5,第8回auじぶん銀行賞,2,4327,加藤 翔,3,42,52.2,0,0,0.2,4.23,20.59,33.33,3.13,13.33,20,35.11,56.49,38.33,57.5
2025-11-04,12,1,2025-11-04 15:17:00,5,第8回auじぶん銀行賞,3,4836,大谷 健太,3,36,51.5,0,0,0.17,4.06,20.75,30.19,4.22,27.78,33.33,36.43,50.39,36.44,52.54
2025-11-04,12,1,2025-11-04 15:17:00,5,第8回auじぶん銀行賞,4,4081,樋口 範政,3,46,55.6,0,0,0.19,3.84,15.58,31.17,6,60,60,29.55,47.73,42.52,57.48
2025-11-04,12,1,2025-11-04 15:17:00,5,第8回auじぶん銀行賞,5,5273,山下 拓巳,3,24,52,0,0,0.18,4.02,23.4,32.98,2.11,11.11,11.11,26.12,47.76,31.62,45.59
2025-11-04,12,1,2025-11-04 15:17:00,5,第8回auじぶん銀行賞,6,3652,森下 勇,3,52,55.3,0,0,0.21,3.18,13.51,20.27,3,6.67,26.67,37.21,51.94,27.07,42.11
2025-11-04,12,2,2025-11-04 15:51:00,5,第8回auじぶん銀行賞,1,5310,土屋 蘭,3,20,47.3,0,0,0.22,3.76,13.75,28.75,5.63,37.5,62.5,29.23,46.92,40.83,60
2025-11-04,12,2,2025-11-04 15:51:00,5,第8回auじぶん銀行賞,2,4976,金山 立樹,2,31,52.4,0,0,0.16,4.35,19.57,43.48,4.78,33.33,44.44,34.62,49.23,26.72,40.46
2025-11-04,12,2,2025-11-04 15:51:00,5,第8回auじぶん銀行賞,3,4903,吉田 凌太朗,1,32,52,0,0,0.15,6.35,43.55,65.32,7.09,59.09,72.73,48.46,68.46,35.09,45.61
2025-11-04,12,2,2025-11-04 15:51:00,5,第8回auじぶん銀行賞,4,5107,松本 真広,3,26,50,0,0,0.17,4.53,20,36.67,2.88,0,12.5,36.43,59.69,35.2,50.4
2025-11-04,12,2,2025-11-04 15:51:00,5,第8回auじぶん銀行賞,5,5008,羽野 諒,3,28,52.6,0,0,0.14,5.05,29.63,49.38,3.33,0,33.33,41.22,58.02,37.9,51.61
2025-11-04,12,2,2025-11-04 15:51:00,5,第8回auじぶん銀行賞,6,5390,高橋 涼夏,4,18,45,0,0,0.19,1.62,0,1.59,0,0,0,21.88,39.84,36.92,50.77
2025-11-04,12,3,2025-11-04 16:23:00,5,第8回auじぶん銀行賞,1,5251,沼田 七華,3,23,52.3,0,0,0.19,2.59,0,6.9,1.71,0,0,44.19,68.99,45.38,60
2025-11-04,12,3,2025-11-04 16:23:00,5,第8回auじぶん銀行賞,2,5065,伊久間 陽優,3,27,52,0,0,0.16,4.46,29.58,42.25,5.06,35.29,41.18,37.3,53.17,28.68,45.74
2025-11-04,12,3,2025-11-04 16:23:00,5,第8回auじぶん銀行賞,3,4713,白神 優,1,35,52.5,0,0,0.15,6.71,49.15,69.49,6.63,41.67,72.92,42.64,61.24,32.81,48.44
2025-11-04,12,3,2025-11-04 16:23:00,5,第8回auじぶん銀行賞,4,4220,深川 和仁,2,44,53.4,0,0,0.16,5.39,39.6,52.48,0,0,0,30.23,40.31,27.27,42.42
2025-11-04,12,3,2025-11-04 16:23:00,5,第8回auじぶん銀行賞,5,3692,竹腰 正樹,3,54,54.8,0,0,0.16,5.2,36.36,50,4.32,21.43,35.71,29.13,47.24,32.79,55.74
2025-11-04,12,3,2025-11-04 16:23:00,5,第8回auじぶん銀行賞,6,5380,野田 亜湖,4,21,51.7,0,0,0.23,0.97,0,0,0,0,0,24.24,42.42,30.08,45.53
2025-11-04,12,4,2025-11-04 16:50:00,5,第8回auじぶん銀行賞,1,4924,中北 涼,3,33,48,0,0,0.18,4.07,15.66,33.73,4.8,20,40,31.54,46.92,31.71,52.85
2025-11-04,12,4,2025-11-04 16:50:00,5,第8回auじぶん銀行賞,2,4702,三浦 敬太,1,38,52,0,0,0.14,7.1,56.31,75.73,6.82,63.64,66.67,30.08,45.86,42.97,58.59
2025-11-04,12,4,2025-11-04 16:50:00,5,第8回auじぶん銀行賞,3,3568,木村 光宏,3,54,54.4,0,0,0.18,5.47,37.84,56.76,4.81,27.91,41.86,28.24,38.17,25.37,39.55
2025-11-04,12,4,2025-11-04 16:50:00,5,第8回auじぶん銀行賞,4,4962,畑 竜生,2,29,52,0,0,0.18,5.88,42.39,58.7,5.25,35,50,40.77,56.92,26.02,43.09
2025-11-04,12,4,2025-11-04 16:50:00,5,第8回auじぶん銀行賞,5,4672,守屋 大地,3,39,52,0,0,0.19,4.79,25.84,49.44,3.6,16,36,26.52,46.97,32.81,52.34
2025-11-04,12,4,2025-11-04 16:50:00,5,第8回auじぶん銀行賞,6,4057,松井 賢治,2,46,52,0,0,0.16,5.85,37.96,59.26,5.8,40,50,31.3,51.15,38.02,52.89
2025-11-04,12,5,2025-11-04 17:16:00,5,第8回auじぶん銀行賞,1,4042,丸岡 正典,1,46,52.1,0,0,0.16,5.92,36.79,54.72,6.29,42.95,56.38,25.95,41.98,32.03,43.75
2025-11-04,12,5,2025-11-04 17:16:00,5,第8回auじぶん銀行賞,2,4234,野相 弘司,3,42,56.5,0,0,0.16,4.12,22.73,36.36,4.55,27.59,37.93,28.79,44.7,31.25,47.66
2025-11-04,12,5,2025-11-04 17:16:00,5,第8回auじぶん銀行賞,3,4725,佐竹 太一,3,39,52,0,0,0.2,4.53,21.62,39.19,5.26,31.58,52.63,36.64,49.62,33.88,57.85
2025-11-04,12,5,2025-11-04 17:16:00,5,第8回auじぶん銀行賞,4,3652,森下 勇,3,52,55.3,0,0,0.21,3.18,13.51,20.27,3,6.67,26.67,37.21,51.94,27.07,42.11
2025-11-04,12,5,2025-11-04 17:16:00,5,第8回auじぶん銀行賞,5,3801,五反田 忍,3,51,50.3,0,0,0.16,5.6,45,55,4.54,40,42.86,31.82,47.73,31.3,49.62
2025-11-04,12,5,2025-11-04 17:16:00,5,第8回auじぶん銀行賞,6,4570,前田 聖文,1,37,52.3,0,0,0.13,6.83,55.04,75.19,6.59,41.38,75.86,34.65,47.24,34.17,59.17
2025-11-04,12,6,2025-11-04 17:44:00,5,第8回auじぶん銀行賞,1,5012,加倉 侑征,2,28,52.2,0,0,0.12,5.62,36.94,54.95,6.17,50,66.67,28.46,45.38,26.92,52.31
2025-11-04,12,6,2025-11-04 17:44:00,5,第8回auじぶん銀行賞,2,5245,倉富 大誠,3,24,52.3,0,0,0.18,5.19,34.38,54.69,7,66.67,83.33,25,43.18,36.36,53.72
2025-11-04,12,6,2025-11-04 17:44:00,5,第8回auじぶん銀行賞,3,5306,河内 悠利杏,3,22,47.5,0,0,0.22,2.43,4.29,8.57,2.41,0,5.88,40,56.15,27.68,41.07
2025-11-04,12,6,2025-11-04 17:44:00,5,第8回auじぶん銀行賞,4,4760,山崎 郡,1,35,52,0,0,0.12,7.12,53.72,67.77,6.81,47.31,65.27,29.85,40.3,36,51.2
2025-11-04,12,6,2025-11-04 17:44:00,5,第8回auじぶん銀行賞,5,4274,長畑 友輔,3,43,52.5,0,0,0.15,4.42,23.46,43.21,3.59,17.65,23.53,23.66,36.64,32.56,51.94
2025-11-04,12,6,2025-11-04 17:44:00,5,第8回auじぶん銀行賞,6,3965,北中 元樹,2,46,53.6,0,0,0.15,5.73,40.95,57.14,4.89,22.22,44.44,30.53,49.62,40.6,60.9
2025-11-04,12,7,2025-11-04 18:10:00,5,第8回auじぶん銀行賞,1,4796,春園 功太,2,34,51,0,0,0.15,6.19,42.59,61.11,7.87,63.33,83.33,43.18,56.06,35.83,54.17
2025-11-04,12,7,2025-11-04 18:10:00,5,第8回auじぶん銀行賞,2,5107,松本 真広,3,26,50,0,0,0.17,4.53,20,36.67,2.88,0,12.5,36.43,59.69,35.2,50.4
2025-11-04,12,7,2025-11-04 18:10:00,5,第8回auじぶん銀行賞,3,4714,喜多須 杏奈,3,35,48.6,0,0,0.18,5.13,33.75,53.75,0,0,0,39.06,54.69,34.78,46.96
2025-11-04,12,7,2025-11-04 18:10:00,5,第8回auじぶん銀行賞,4,4061,萩原 秀人,1,46,53.1,0,0,0.13,7.07,48.57,65.71,6.51,38.78,59.18,33.33,47.73,33.61,52.94
2025-11-04,12,7,2025-11-04 18:10:00,5,第8回auじぶん銀行賞,5,4327,加藤 翔,3,42,52.2,0,0,0.2,4.23,20.59,33.33,3.13,13.33,20,35.11,56.49,38.33,57.5
2025-11-04,12,7,2025-11-04 18:10:00,5,第8回auじぶん銀行賞,6,3811,石田 章央,2,49,53.9,0,0,0.15,5.95,46.88,58.59,4.41,18.18,31.82,31.25,48.44,26.56,46.09
2025-11-04,12,8,2025-11-04 18:44:00,5,第8回auじぶん銀行賞,1,3984,坂口 周,1,47,52.4,0,0,0.15,5.89,37.93,57.47,5.07,28.57,35.71,27.69,48.46,33.83,53.38
2025-11-04,12,8,2025-11-04 18:44:00,5,第8回auじぶん銀行賞,2,4436,渋谷 明憲,2,39,52,0,0,0.16,6.11,44.35,66.09,6.28,46.27,64.93,35.38,55.38,39.45,54.13
2025-11-04,12,8,2025-11-04 18:44:00,5,第8回auじぶん銀行賞,3,4702,三浦 敬太,1,38,52,0,0,0.14,7.1,56.31,75.73,6.82,63.64,66.67,30.08,45.86,42.97,58.59
2025-11-04,12,8,2025-11-04 18:44:00,5,第8回auじぶん銀行賞,4,5065,伊久間 陽優,3,27,52,0,0,0.16,4.46,29.58,42.25,5.06,35.29,41.18,37.3,53.17,28.68,45.74
2025-11-04,12,8,2025-11-04 18:44:00,5,第8回auじぶん銀行賞,5,4218,吉川 喜継,1,44,52,0,0,0.16,6.97,57.14,73.81,7.31,57.14,69.39,39.53,62.02,29.37,44.44
2025-11-04,12,8,2025-11-04 18:44:00,5,第8回auじぶん銀行賞,6,4081,樋口 範政,3,46,55.6,0,0,0.19,3.84,15.58,31.17,6,60,60,29.55,47.73,42.52,57.48
2025-11-04,12,9,2025-11-04 19:16:00,5,第8回auじぶん銀行賞,1,3679,飯島 昌弘,1,52,52.1,0,0,0.16,6.55,44.76,70.48,6.87,43.33,73.33,35.38,50.77,21.88,39.84
2025-11-04,12,9,2025-11-04 19:16:00,5,第8回auじぶん銀行賞,2,5273,山下 拓巳,3,24,52,0,0,0.18,4.02,23.4,32.98,2.11,11.11,11.11,26.12,47.76,31.62,45.59
2025-11-04,12,9,2025-11-04 19:16:00,5,第8回auじぶん銀行賞,3,4976,金山 立樹,2,31,52.4,0,0,0.16,4.35,19.57,43.48,4.78,33.33,44.44,34.62,49.23,26.72,40.46
2025-11-04,12,9,2025-11-04 19:16:00,5,第8回auじぶん銀行賞,4,4057,松井 賢治,2,46,52,0,0,0.16,5.85,37.96,59.26,5.8,40,50,31.3,51.15,38.02,52.89
2025-11-04,12,9,2025-11-04 19:16:00,5,第8回auじぶん銀行賞,5,4042,丸岡 正典,1,46,52.1,0,0,0.16,5.92,36.79,54.72,6.29,42.95,56.38,25.95,41.98,32.03,43.75
2025-11-04,12,9,2025-11-04 19:16:00,5,第8回auじぶん銀行賞,6,4367,山口 修路,3,40,52.1,0,0,0.22,4.59,23.86,35.23,5.09,28.13,53.13,35.82,55.97,30.23,48.06
2025-11-04,12,10,2025-11-04 19:49:00,5,第8回auじぶん銀行賞,1,4760,山崎 郡,1,35,52,0,0,0.12,7.12,53.72,67.77,6.81,47.31,65.27,29.85,40.3,36,51.2
2025-11-04,12,10,2025-11-04 19:49:00,5,第8回auじぶん銀行賞,2,4521,小池 公生,2,38,50.5,0,0,0.17,6.47,47.87,70.21,6,28.57,71.43,35.34,54.14,32.56,55.04
2025-11-04,12,10,2025-11-04 19:49:00,5,第8回auじぶん銀行賞,3,5285,若林 麗,3,26,51.5,0,0,0.19,2.41,2.94,5.88,2.17,0,5.56,35.94,57.03,31.25,42.97
2025-11-04,12,10,2025-11-04 19:49:00,5,第8回auじぶん銀行賞,4,3742,宮地 秀祈,3,51,52,0,0,0.18,4.61,20.9,46.27,5.32,36.84,57.89,39.23,54.62,31.01,47.29
2025-11-04,12,10,2025-11-04 19:49:00,5,第8回auじぶん銀行賞,5,4713,白神 優,1,35,52.1,0,0,0.15,6.71,49.15,69.49,6.63,41.67,72.92,42.64,61.24,32.81,48.44
2025-11-04,12,10,2025-11-04 19:49:00,5,第8回auじぶん銀行賞,6,4962,畑 竜生,2,29,52,0,0,0.18,5.88,42.39,58.7,5.25,35,50,40.77,56.92,26.02,43.09
2025-11-04,12,11,2025-11-04 20:17:00,5,第8回auじぶん銀行賞,1,4061,萩原 秀人,1,46,53.1,0,0,0.13,7.07,48.57,65.71,6.51,38.78,59.18,33.33,47.73,33.61,52.94
2025-11-04,12,11,2025-11-04 20:17:00,5,第8回auじぶん銀行賞,2,3905,天野 友和,2,48,52,0,0,0.16,5.95,41.44,60.36,5.6,33.96,62.26,27.82,45.86,24.26,38.24
2025-11-04,12,11,2025-11-04 20:17:00,5,第8回auじぶん銀行賞,3,3965,北中 元樹,2,46,53.6,0,0,0.15,5.73,40.95,57.14,4.89,22.22,44.44,30.53,49.62,40.6,60.9
2025-11-04,12,11,2025-11-04 20:17:00,5,第8回auじぶん銀行賞,4,4836,大谷 健太,3,36,51.5,0,0,0.17,4.06,20.75,30.19,4.22,27.78,33.33,36.43,50.39,36.44,52.54
2025-11-04,12,11,2025-11-04 20:17:00,5,第8回auじぶん銀行賞,5,4903,吉田 凌太朗,1,32,52,0,0,0.15,6.35,43.55,65.32,7.09,59.09,72.73,48.46,68.46,35.09,45.61
2025-11-04,12,11,2025-11-04 20:17:00,5,第8回auじぶん銀行賞,6,4220,深川 和仁,2,44,53.4,0,0,0.16,5.39,39.6,52.48,0,0,0,30.23,40.31,27.27,42.42
2025-11-04,12,12,2025-11-04 20:45:00,5,第8回auじぶん銀行賞,1,3801,五反田 忍,3,51,50.3,0,0,0.16,5.6,45,55,4.54,40,42.86,31.82,47.73,31.3,49.62
2025-11-04,12,12,2025-11-04 20:45:00,5,第8回auじぶん銀行賞,2,4714,喜多須 杏奈,3,35,48.6,0,0,0.18,5.13,33.75,53.75,0,0,0,39.06,54.69,34.78,46.96
2025-11-04,12,12,2025-11-04 20:45:00,5,第8回auじぶん銀行賞,3,5251,沼田 七華,3,23,52.3,0,0,0.19,2.59,0,6.9,1.71,0,0,44.19,68.99,45.38,60
2025-11-04,12,12,2025-11-04 20:45:00,5,第8回auじぶん銀行賞,4,5306,河内 悠利杏,3,22,47.5,0,0,0.22,2.43,4.29,8.57,2.41,0,5.88,40,56.15,27.68,41.07
2025-11-04,12,12,2025-11-04 20:45:00,5,第8回auじぶん銀行賞,5,4924,中北 涼,3,33,48,0,0,0.18,4.07,15.66,33.73,4.8,20,40,31.54,46.92,31.71,52.85
2025-11-04,12,12,2025-11-04 20:45:00,5,第8回auじぶん銀行賞,6,5310,土屋 蘭,3,20,47.3,0,0,0.22,3.76,13.75,28.75,5.63,37.5,62.5,29.23,46.92,40.83,60
2025-11-04,18,1,2025-11-04 08:35:00,5,中日スポーツ杯争奪戦,1,3582,吉川 昭男,2,52,53.4,0,0,0.17,6.05,47.75,62.16,7,57.14,85.71,54.81,69.23,0,0
2025-11-04,18,1,2025-11-04 08:35:00,5,中日スポーツ杯争奪戦,2,3350,藤本 佳史,3,57,53.4,0,0,0.16,5.61,36.59,52.44,5.43,33.78,55.41,26.97,43.82,0,0
2025-11-04,18,1,2025-11-04 08:35:00,5,中日スポーツ杯争奪戦,3,3891,谷口 健一,3,50,55.8,0,0,0.18,3.88,18.68,32.97,4,17.65,29.41,28.18,47.27,0,0
2025-11-04,18,1,2025-11-04 08:35:00,5,中日スポーツ杯争奪戦,4,3955,眞田 英二,3,48,51.5,0,0,0.19,5.13,33.33,47.62,4.9,20.69,44.83,21.43,38.78,0,0
2025-11-04,18,1,2025-11-04 08:35:00,5,中日スポーツ杯争奪戦,5,4727,安部 慎一,3,38,54.4,0,0,0.16,4.99,30.43,44.57,4.68,21.43,39.29,34.86,49.54,0,0
2025-11-04,18,1,2025-11-04 08:35:00,5,中日スポーツ杯争奪戦,6,4940,白石 有美,3,27,55.3,0,0,0.17,2.75,5.97,17.91,4.11,22.22,33.33,27.66,44.68,0,0
2025-11-04,18,2,2025-11-04 09:01:00,5,中日スポーツ杯争奪戦,1,4926,吉川 貴仁,1,32,52,0,0,0.16,7,62.67,70.67,6.81,57.14,66.67,23.81,40,0,0
2025-11-04,18,2,2025-11-04 09:01:00,5,中日スポーツ杯争奪戦,2,3745,橋本 年光,2,50,53.4,0,0,0.17,5.46,39.34,55.74,5.96,39.47,63.16,36.36,53.64,0,0
2025-11-04,18,2,2025-11-04 09:01:00,5,中日スポーツ杯争奪戦,3,4823,中村 桃佳,3,32,45,0,0,0.15,6.65,46.07,69.66,0,0,0,29.2,40.71,0,0
2025-11-04,18,2,2025-11-04 09:01:00,5,中日スポーツ杯争奪戦,4,4171,榎 幸司,1,43,52.6,0,0,0.17,6.17,42.24,61.21,5.93,43.33,56.67,32.77,46.22,0,0
2025-11-04,18,2,2025-11-04 09:01:00,5,中日スポーツ杯争奪戦,5,4336,松田 竜馬,2,41,54.1,0,0,0.15,5.18,30.83,50.83,5.13,25,56.25,50.51,64.65,0,0
2025-11-04,18,2,2025-11-04 09:01:00,5,中日スポーツ杯争奪戦,6,4146,柳橋 宏紀,3,43,53.4,0,0,0.16,4.81,25.51,47.96,3,10,10,35.35,58.59,0,0
2025-11-04,18,3,2025-11-04 09:27:00,5,中日スポーツ杯争奪戦,1,3333,丸尾 義孝,2,57,52.9,0,0,0.16,5.85,36.67,62.5,4.95,30.77,51.28,31.43,48.57,0,0
2025-11-04,18,3,2025-11-04 09:27:00,5,中日スポーツ杯争奪戦,2,4864,小川 日紀太,3,36,52.8,0,0,0.16,4.64,29.63,39.51,4.13,6.25,43.75,22.55,39.22,0,0
2025-11-04,18,3,2025-11-04 09:27:00,5,中日スポーツ杯争奪戦,3,4112,大久保 信一郎,3,45,52,0,0,0.19,5.33,35.71,57.14,5.94,36,66,21.88,42.71,0,0
2025-11-04,18,3,2025-11-04 09:27:00,5,中日スポーツ杯争奪戦,4,3661,柳瀬 興志,2,56,57.6,0,0,0.18,5.08,26.21,49.51,5.52,31.97,56.56,30.56,50.93,0,0
2025-11-04,18,3,2025-11-04 09:27:00,5,中日スポーツ杯争奪戦,5,3964,宮地 博士,3,46,53.1,0,0,0.21,4.3,23.81,32.14,3.7,15.91,25,24.49,36.73,0,0
2025-11-04,18,3,2025-11-04 09:27:00,5,中日スポーツ杯争奪戦,6,4043,桐本 康臣,1,46,54.1,0,0,0.16,6.19,42.62,62.3,6.04,42.31,69.23,24.3,42.06,0,0
2025-11-04,18,4,2025-11-04 09:53:00,5,中日スポーツ杯争奪戦,1,4877,鈴谷 一平,1,31,55.6,0,0,0.14,6.48,53,67,6.67,46.67,60,22.77,36.63,0,0
2025-11-04,18,4,2025-11-04 09:53:00,5,中日スポーツ杯争奪戦,2,4298,宮下 元胤,2,42,53.7,0,0,0.18,6.42,41.18,70.59,6.36,36.36,72.73,33.64,48.18,0,0
2025-11-04,18,4,2025-11-04 09:53:00,5,中日スポーツ杯争奪戦,3,3566,川添 英正,3,55,52.1,0,0,0.19,4.97,28.09,51.69,4.83,27.59,44.83,38.54,52.08,0,0
2025-11-04,18,4,2025-11-04 09:53:00,5,中日スポーツ杯争奪戦,4,4950,高岡 竜也,3,32,52.3,0,0,0.19,5.6,36.36,55.68,5.54,36.44,53.39,49.04,67.31,0,0
2025-11-04,18,4,2025-11-04 09:53:00,5,中日スポーツ杯争奪戦,5,3911,鈴木 猛,3,51,53.5,0,0,0.17,5.47,38.46,50.96,5.4,33.33,53.33,40,55,0,0
2025-11-04,18,4,2025-11-04 09:53:00,5,中日スポーツ杯争奪戦,6,4343,村岡 賢,3,41,53.3,0,0,0.18,3.87,12.22,28.89,4.22,26.47,35.29,19.59,34.02,0,0
2025-11-04,18,5,2025-11-04 10:23:00,5,中日スポーツ杯争奪戦,1,4804,高田 ひかる,2,31,47.6,0,0,0.2,6.47,47.25,63.74,7.09,54.55,81.82,34,49,0,0
2025-11-04,18,5,2025-11-04 10:23:00,5,中日スポーツ杯争奪戦,2,4758,富樫 麗加,3,35,53.3,0,0,0.19,6.04,42.68,62.2,0,0,0,28.07,43.86,0,0
2025-11-04,18,5,2025-11-04 10:23:00,5,中日スポーツ杯争奪戦,3,5188,武井 莉里佳,2,25,44.5,0,0,0.19,5.68,37.93,56.03,1.75,0,0,30.09,50.44,0,0
2025-11-04,18,5,2025-11-04 10:23:00,5,中日スポーツ杯争奪戦,4,5013,山下 夏鈴,3,28,45,0,0,0.16,5.78,36.99,61.64,2.11,11.11,11.11,45,58,0,0
2025-11-04,18,5,2025-11-04 10:23:00,5,中日スポーツ杯争奪戦,5,5218,山田 理央,2,25,47,0,0,0.15,6.36,49.33,68,4.39,16.67,33.33,32.35,54.9,0,0
2025-11-04,18,5,2025-11-04 10:23:00,5,中日スポーツ杯争奪戦,6,4990,田中 博子,4,28,48.4,0,0,0.23,2.76,0,13.79,3.83,16.67,33.33,27.19,39.47,0,0
2025-11-04,18,6,2025-11-04 10:52:00,5,中日スポーツ杯争奪戦,1,3372,加藤 雅之,3,58,52.7,0,0,0.22,3.44,12.86,25.71,3.65,6.45,29.03,27.62,44.76,0,0
2025-11-04,18,6,2025-11-04 10:52:00,5,中日スポーツ杯争奪戦,2,4336,松田 竜馬,2,41,54.1,0,0,0.15,5.18,30.83,50.83,5.13,25,56.25,50.51,64.65,0,0
2025-11-04,18,6,2025-11-04 10:52:00,5,中日スポーツ杯争奪戦,3,4531,武富 智亮,2,37,52.5,0,0,0.15,6.34,47.12,63.46,5.52,29.03,54.84,28.83,42.34,0,0
2025-11-04,18,6,2025-11-04 10:52:00,5,中日スポーツ杯争奪戦,4,5187,小坂 風太,3,25,54.5,0,0,0.19,4.23,23.3,39.81,4.61,19.44,41.67,41.67,57.41,0,0
2025-11-04,18,6,2025-11-04 10:52:00,5,中日スポーツ杯争奪戦,5,4653,小野 達哉,1,39,52,0,0,0.16,6.51,51.56,67.19,0,0,0,19.18,30.14,0,0
2025-11-04,18,6,2025-11-04 10:52:00,5,中日スポーツ杯争奪戦,6,3350,藤本 佳史,3,57,53.4,0,0,0.16,5.61,36.59,52.44,5.43,33.78,55.41,26.97,43.82,0,0
2025-11-04,18,7,2025-11-04 11:25:00,5,中日スポーツ杯争奪戦,1,3964,宮地 博士,3,46,53.1,0,0,0.21,4.3,23.81,32.14,3.7,15.91,25,24.49,36.73,0,0
2025-11-04,18,7,2025-11-04 11:25:00,5,中日スポーツ杯争奪戦,2,3885,久田 武,2,51,52.2,0,0,0.17,4.9,30,48.89,5.9,38.71,58.06,24.73,41.94,0,0
2025-11-04,18,7,2025-11-04 11:25:00,5,中日スポーツ杯争奪戦,3,4614,石倉 洋行,1,45,52.9,0,0,0.13,6.73,50,65.31,7.22,44.44,66.67,33.67,46.94,0,0
2025-11-04,18,7,2025-11-04 11:25:00,5,中日スポーツ杯争奪戦,4,3499,市川 哲也,2,57,52.2,0,0,0.14,5.96,37.93,59.48,5.3,33.33,44.44,32.46,47.37,0,0
2025-11-04,18,7,2025-11-04 11:25:00,5,中日スポーツ杯争奪戦,5,4404,岸蔭 亮,3,40,52.7,0,0,0.2,3.86,22.92,36.46,3.5,18.75,25,31.36,47.46,0,0
2025-11-04,18,7,2025-11-04 11:25:00,5,中日スポーツ杯争奪戦,6,4823,中村 桃佳,3,32,45,0,0,0.15,6.65,46.07,69.66,0,0,0,29.2,40.71,0,0
2025-11-04,18,8,2025-11-04 11:57:00,5,中日スポーツ杯争奪戦,1,3284,渡邊 伸太郎,3,58,53.6,0,0,0.18,5.34,29.58,52.11,6.17,33.33,66.67,29.36,46.79,0,0
2025-11-04,18,8,2025-11-04 11:57:00,5,中日スポーツ杯争奪戦,2,4384,鶴本 崇文,1,40,52.6,0,0,0.16,6.78,48,73.6,6.33,47.22,63.89,25.96,39.42,0,0
2025-11-04,18,8,2025-11-04 11:57:00,5,中日スポーツ杯争奪戦,3,4940,白石 有美,3,27,55.3,0,0,0.17,2.75,5.97,17.91,4.11,22.22,33.33,27.66,44.68,0,0
2025-11-04,18,8,2025-11-04 11:57:00,5,中日スポーツ杯争奪戦,4,4298,宮下 元胤,2,42,53.7,0,0,0.18,6.42,41.18,70.59,6.36,36.36,72.73,33.64,48.18,0,0
2025-11-04,18,8,2025-11-04 11:57:00,5,中日スポーツ杯争奪戦,5,4864,小川 日紀太,3,36,52.8,0,0,0.16,4.64,29.63,39.51,4.13,6.25,43.75,22.55,39.22,0,0
2025-11-04,18,8,2025-11-04 11:57:00,5,中日スポーツ杯争奪戦,6,3745,橋本 年光,2,50,53.4,0,0,0.17,5.46,39.34,55.74,5.96,39.47,63.16,36.36,53.64,0,0
2025-11-04,18,9,2025-11-04 12:29:00,5,中日スポーツ杯争奪戦,1,3955,眞田 英二,3,48,51.5,0,0,0.19,5.13,33.33,47.62,4.9,20.69,44.83,21.43,38.78,0,0
2025-11-04,18,9,2025-11-04 12:29:00,5,中日スポーツ杯争奪戦,2,3661,柳瀬 興志,2,56,57.6,0,0,0.18,5.08,26.21,49.51,5.52,31.97,56.56,30.56,50.93,0,0
2025-11-04,18,9,2025-11-04 12:29:00,5,中日スポーツ杯争奪戦,3,4171,榎 幸司,1,43,52.6,0,0,0.17,6.17,42.24,61.21,5.93,43.33,56.67,32.77,46.22,0,0
2025-11-04,18,9,2025-11-04 12:29:00,5,中日スポーツ杯争奪戦,4,4254,川島 圭司,2,42,52,0,0,0.14,6.01,44.25,58.41,5.13,32.26,48.39,28.09,44.94,0,0
2025-11-04,18,9,2025-11-04 12:29:00,5,中日スポーツ杯争奪戦,5,4804,高田 ひかる,2,31,47.6,0,0,0.2,6.47,47.25,63.74,7.09,54.55,81.82,34,49,0,0
2025-11-04,18,9,2025-11-04 12:29:00,5,中日スポーツ杯争奪戦,6,3566,川添 英正,3,55,52.1,0,0,0.19,4.97,28.09,51.69,4.83,27.59,44.83,38.54,52.08,0,0
2025-11-04,18,10,2025-11-04 13:02:00,5,中日スポーツ杯争奪戦,1,4950,高岡 竜也,3,32,52.3,0,0,0.19,5.6,36.36,55.68,5.54,36.44,53.39,49.04,67.31,0,0
2025-11-04,18,10,2025-11-04 13:02:00,5,中日スポーツ杯争奪戦,2,4146,柳橋 宏紀,3,43,53.4,0,0,0.16,4.81,25.51,47.96,3,10,10,35.35,58.59,0,0
2025-11-04,18,10,2025-11-04 13:02:00,5,中日スポーツ杯争奪戦,3,4737,竹井 貴史,1,34,53,0,0,0.16,6.69,51.25,70,6.87,48.39,70.97,16.49,34.02,0,0
2025-11-04,18,10,2025-11-04 13:02:00,5,中日スポーツ杯争奪戦,4,4818,伏見 俊介,3,34,56.8,0,0,0.12,5.38,50,50,5.84,48,56,32.74,53.1,0,0
2025-11-04,18,10,2025-11-04 13:02:00,5,中日スポーツ杯争奪戦,5,3333,丸尾 義孝,2,57,52.9,0,0,0.16,5.85,36.67,62.5,4.95,30.77,51.28,31.43,48.57,0,0
2025-11-04,18,10,2025-11-04 13:02:00,5,中日スポーツ杯争奪戦,6,5188,武井 莉里佳,2,25,44.5,0,0,0.19,5.68,37.93,56.03,1.75,0,0,30.09,50.44,0,0
2025-11-04,18,11,2025-11-04 13:37:00,5,中日スポーツ杯争奪戦,1,4982,中村 将隆,3,29,53.8,0,0,0.17,5.11,33.8,50.7,4.83,27.78,50,17.44,33.72,0,0
2025-11-04,18,11,2025-11-04 13:37:00,5,中日スポーツ杯争奪戦,2,4343,村岡 賢,3,41,53.3,0,0,0.18,3.87,12.22,28.89,4.22,26.47,35.29,19.59,34.02,0,0
2025-11-04,18,11,2025-11-04 13:37:00,5,中日スポーツ杯争奪戦,3,3885,久田 武,2,51,52.2,0,0,0.17,4.9,30,48.89,5.9,38.71,58.06,24.73,41.94,0,0
2025-11-04,18,11,2025-11-04 13:37:00,5,中日スポーツ杯争奪戦,4,4926,吉川 貴仁,1,32,52,0,0,0.16,7,62.67,70.67,6.81,57.14,66.67,23.81,40,0,0
2025-11-04,18,11,2025-11-04 13:37:00,5,中日スポーツ杯争奪戦,5,4363,大野 芳顕,2,40,54,0,0,0.16,5.72,34.78,56.52,6.5,50,71.43,18.6,34.88,0,0
2025-11-04,18,11,2025-11-04 13:37:00,5,中日スポーツ杯争奪戦,6,4758,富樫 麗加,3,35,53.3,0,0,0.19,6.04,42.68,62.2,0,0,0,28.07,43.86,0,0
2025-11-04,18,12,2025-11-04 14:13:00,5,中日スポーツ杯争奪戦,1,4614,石倉 洋行,1,45,52.9,0,0,0.13,6.73,50,65.31,7.22,44.44,66.67,33.67,46.94,0,0
2025-11-04,18,12,2025-11-04 14:13:00,5,中日スポーツ杯争奪戦,2,4043,桐本 康臣,1,46,54.1,0,0,0.16,6.19,42.62,62.3,6.04,42.31,69.23,24.3,42.06,0,0
2025-11-04,18,12,2025-11-04 14:13:00,5,中日スポーツ杯争奪戦,3,3582,吉川 昭男,2,52,53.4,0,0,0.17,6.05,47.75,62.16,7,57.14,85.71,54.81,69.23,0,0
2025-11-04,18,12,2025-11-04 14:13:00,5,中日スポーツ杯争奪戦,4,4384,鶴本 崇文,1,40,52.6,0,0,0.16,6.78,48,73.6,6.33,47.22,63.89,25.96,39.42,0,0
2025-11-04,18,12,2025-11-04 14:13:00,5,中日スポーツ杯争奪戦,5,4877,鈴谷 一平,1,31,55.6,0,0,0.14,6.48,53,67,6.67,46.67,60,22.77,36.63,0,0
2025-11-04,18,12,2025-11-04 14:13:00,5,中日スポーツ杯争奪戦,6,4531,武富 智亮,2,37,52.5,0,0,0.15,6.34,47.12,63.46,5.52,29.03,54.84,28.83,42.34,0,0
2025-11-04,20,1,2025-11-04 17:22:00,5,ミッドナイトボートレースBOATBoyカップ,1,5138,村本 大成,3,25,53.3,0,0,0.21,2.67,4.35,10.87,3.22,8.11,21.62,33.17,49.76,45.45,64.77
2025-11-04,20,1,2025-11-04 17:22:00,5,ミッドナイトボートレースBOATBoyカップ,2,3722,西村 秀樹,3,55,52.1,0,0,0.18,3.8,13.27,29.59,3.39,8.16,24.49,51.89,69.81,36.05,50
2025-11-04,20,1,2025-11-04 17:22:00,5,ミッドナイトボートレースBOATBoyカップ,3,4390,松本 弓雄,3,39,52.3,0,0,0.17,3.45,12.94,23.53,4.11,18.52,37.04,27.01,42.18,27.27,45.45
2025-11-04,20,1,2025-11-04 17:22:00,5,ミッドナイトボートレースBOATBoyカップ,4,4681,太田 潮,3,35,55.7,0,0,0.18,3.84,15.71,28.57,3.86,0,28.57,37.21,56.74,28.42,43.16
2025-11-04,20,1,2025-11-04 17:22:00,5,ミッドナイトボートレースBOATBoyカップ,5,3967,鈴木 茂高,3,46,57,0,0,0.21,4.62,24,42,0,0,0,39.49,52.31,30.61,50
2025-11-04,20,1,2025-11-04 17:22:00,5,ミッドナイトボートレースBOATBoyカップ,6,5369,岡崎 凪汰,4,23,52,0,0,0.2,2.16,5.97,8.96,0,0,0,48.84,66.05,36.96,50
2025-11-04,20,2,2025-11-04 17:50:00,5,ミッドナイトボートレースBOATBoyカップ,1,4747,山戸 信二,3,40,52,0,0,0.17,4.22,20,35.45,3.71,21.05,26.32,33.03,51.58,31.11,48.89
2025-11-04,20,2,2025-11-04 17:50:00,5,ミッドナイトボートレースBOATBoyカップ,2,4051,清水 敦揮,1,44,55.1,0,0,0.17,6.73,48.06,74.42,7.59,66.18,79.41,32.11,45.87,47.44,65.38
2025-11-04,20,2,2025-11-04 17:50:00,5,ミッドナイトボートレースBOATBoyカップ,3,5234,塚越 海斗,3,27,52.1,0,0,0.18,6.03,42.71,65.63,3,6.25,18.75,36.04,53.6,42.39,65.22
2025-11-04,20,2,2025-11-04 17:50:00,5,ミッドナイトボートレースBOATBoyカップ,4,3072,西田 靖,3,64,53,0,0,0.18,4.45,26.85,37.04,3.33,13.33,13.33,28.57,51.08,36.96,47.83
2025-11-04,20,2,2025-11-04 17:50:00,5,ミッドナイトボートレースBOATBoyカップ,5,4395,下河 雅史,2,39,54.5,0,0,0.17,4.39,20.95,40,5.63,38.36,57.53,45.28,65.09,38.2,55.06
2025-11-04,20,2,2025-11-04 17:50:00,5,ミッドナイトボートレースBOATBoyカップ,6,4514,上條 嘉嗣,1,35,52,0,0,0.17,6.73,51.75,69.23,6,37.5,62.5,37.67,55.35,34.74,54.74
2025-11-04,20,3,2025-11-04 18:14:00,5,ミッドナイトボートレースBOATBoyカップ,1,3889,須藤 隆雄,3,50,55,0,0,0.2,4.71,28.97,42.06,0,0,0,35.61,50.24,36.05,48.84
2025-11-04,20,3,2025-11-04 18:14:00,5,ミッドナイトボートレースBOATBoyカップ,2,4979,中野 夢斗,3,29,52.2,0,0,0.19,5.48,39.42,55.77,0,0,0,35.87,53.36,48.1,65.82
2025-11-04,20,3,2025-11-04 18:14:00,5,ミッドナイトボートレースBOATBoyカップ,3,4294,古賀 繁輝,2,39,56.4,0,0,0.17,7,55.93,72.03,6.32,47.37,57.89,29.72,42.45,20.21,35.11
2025-11-04,20,3,2025-11-04 18:14:00,5,ミッドナイトボートレースBOATBoyカップ,4,4895,門間 雄大,3,34,52.7,0,0,0.16,4.94,24.19,46.77,5.47,33.33,60,47.91,62.33,21.74,43.48
2025-11-04,20,3,2025-11-04 18:14:00,5,ミッドナイトボートレースBOATBoyカップ,5,3952,中澤 和志,1,49,52.1,0,0,0.13,7.2,59.15,77.46,8.14,42.86,71.43,41.46,55.12,24.71,38.82
2025-11-04,20,3,2025-11-04 18:14:00,5,ミッドナイトボートレースBOATBoyカップ,6,4352,下條 雄太郎,1,39,52,0,0,0.13,6.86,51.82,70,7.92,56.76,78.38,31.31,43.46,32.18,44.83
2025-11-04,20,4,2025-11-04 18:38:00,5,ミッドナイトボートレースBOATBoyカップ,1,4533,峰重 侑治,2,36,51.5,0,0,0.16,4.76,26.98,39.68,6.09,53.85,60,28.92,48.53,35.11,46.81
2025-11-04,20,4,2025-11-04 18:38:00,5,ミッドナイトボートレースBOATBoyカップ,2,4273,佐藤 旭,3,43,52,0,0,0.19,4.63,28.75,47.5,5.97,36.67,60,25.87,49.75,37.08,55.06
2025-11-04,20,4,2025-11-04 18:38:00,5,ミッドナイトボートレースBOATBoyカップ,3,5060,数原 魁,2,28,51,0,0,0.17,5.1,29.13,52.43,6.2,40,80,32.88,47.3,34.48,52.87
2025-11-04,20,4,2025-11-04 18:38:00,5,ミッドナイトボートレースBOATBoyカップ,4,4718,北川 太一,2,32,51,0,0,0.16,5.85,41.32,57.85,6.22,55.56,55.56,39.65,57.27,38.2,52.81
2025-11-04,20,4,2025-11-04 18:38:00,5,ミッドナイトボートレースBOATBoyカップ,5,5036,福田 翔吾,3,27,52.7,0,0,0.16,4.24,28.41,37.5,5.05,36.84,52.63,32.24,53.27,41.57,50.56
2025-11-04,20,4,2025-11-04 18:38:00,5,ミッドナイトボートレースBOATBoyカップ,6,3623,深川 真二,1,51,51.5,0,0,0.14,7.36,68.33,78.33,6.29,37.5,41.67,29.39,42.98,43.16,53.68
2025-11-04,20,5,2025-11-04 19:04:00,5,ミッドナイトボートレースBOATBoyカップ,1,4073,大橋 純一郎,2,44,52.1,0,0,0.14,6.06,40,65.22,6.77,53.85,76.92,34.42,48.37,37.93,56.32
2025-11-04,20,5,2025-11-04 19:04:00,5,ミッドナイトボートレースBOATBoyカップ,2,4496,内堀 学,1,38,52,0,0,0.18,5.81,42.86,62.24,5.17,37.5,50,35,47.73,32.93,57.32
2025-11-04,20,5,2025-11-04 19:04:00,5,ミッドナイトボートレースBOATBoyカップ,3,4054,福嶋 智之,3,47,53.1,0,0,0.17,4.12,22.11,32.63,4.6,30,35,29.86,47.39,36.36,50
2025-11-04,20,5,2025-11-04 19:04:00,5,ミッドナイトボートレースBOATBoyカップ,4,5278,田中 駿兵,2,23,52,0,0,0.17,6.44,49.06,67.92,4.17,24.14,37.93,37.13,51.98,26.97,40.45
2025-11-04,20,5,2025-11-04 19:04:00,5,ミッドナイトボートレースBOATBoyカップ,5,4258,関根 彰人,3,41,52.3,0,0,0.18,5.24,32.77,48.74,5.3,20,60,39.25,57.94,27.17,44.57
2025-11-04,20,5,2025-11-04 19:04:00,5,ミッドナイトボートレースBOATBoyカップ,6,5363,山本 凱立,4,25,52,1,0,0.23,1.25,1.41,1.41,1.17,0,0,26.77,39.9,34.88,56.98
2025-11-04,20,6,2025-11-04 19:31:00,5,ミッドナイトボートレースBOATBoyカップ,1,4261,岡 祐臣,2,41,55.5,0,0,0.15,6.23,43.7,63.7,7,75,75,33.17,50.99,27.17,45.65
2025-11-04,20,6,2025-11-04 19:31:00,5,ミッドナイトボートレースBOATBoyカップ,2,3820,樫葉 次郎,4,53,61,0,0,0.15,3.19,6.25,25,3.29,4.17,20.83,28.36,40.8,40,50.59
2025-11-04,20,6,2025-11-04 19:31:00,5,ミッドナイトボートレースBOATBoyカップ,3,4103,山崎 善庸,3,46,53.3,0,0,0.22,3.97,13.33,31.43,3.36,18.18,27.27,43.46,62.15,17.65,29.41
2025-11-04,20,6,2025-11-04 19:31:00,5,ミッドナイトボートレースBOATBoyカップ,4,4156,浜野 孝志,2,44,55.2,0,0,0.18,5.52,34.43,55.74,5.31,23.08,53.85,28,43.56,36.67,60
2025-11-04,20,6,2025-11-04 19:31:00,5,ミッドナイトボートレースBOATBoyカップ,5,3663,木山 和幸,3,55,51,0,0,0.17,5.45,35.11,55.73,5.38,40.63,53.13,36.24,52.29,39.33,50.56
2025-11-04,20,6,2025-11-04 19:31:00,5,ミッドナイトボートレースBOATBoyカップ,6,5028,原田 才一郎,1,29,52,0,0,0.16,6.7,51.72,65.52,6.7,54.87,62.83,44.71,60.1,43.18,57.95
2025-11-04,20,7,2025-11-04 19:56:00,5,ミッドナイトボートレースBOATBoyカップ,1,4376,藤田 靖弘,2,41,52.2,0,0,0.17,5.7,38.81,53.73,3.71,0,14.29,33.49,48.84,21.11,41.11
2025-11-04,20,7,2025-11-04 19:56:00,5,ミッドナイトボートレースBOATBoyカップ,2,3072,西田 靖,3,64,53,0,0,0.18,4.45,26.85,37.04,3.33,13.33,13.33,28.57,51.08,36.96,47.83
2025-11-04,20,7,2025-11-04 19:56:00,5,ミッドナイトボートレースBOATBoyカップ,3,4674,池田 剛規,2,38,52,0,0,0.16,5.53,37.5,56.67,5.21,32.14,42.86,31.82,51.82,25.81,45.16
2025-11-04,20,7,2025-11-04 19:56:00,5,ミッドナイトボートレースBOATBoyカップ,4,3748,小黒 竜吾,3,50,54.5,0,0,0.18,3.99,15.52,36.21,0,0,0,34.76,53.81,26.09,47.83
2025-11-04,20,7,2025-11-04 19:56:00,5,ミッドナイトボートレースBOATBoyカップ,5,4390,松本 弓雄,3,39,52.3,0,0,0.17,3.45,12.94,23.53,4.11,18.52,37.04,27.01,42.18,27.27,45.45
2025-11-04,20,7,2025-11-04 19:56:00,5,ミッドナイトボートレースBOATBoyカップ,6,4509,平見 真彦,1,36,52.9,0,0,0.18,5.26,29.6,50.4,6.09,36.36,54.55,26.56,41.67,42.17,62.65
2025-11-04,20,8,2025-11-04 20:25:00,5,ミッドナイトボートレースBOATBoyカップ,1,4395,下河 雅史,2,39,54.5,0,0,0.17,4.39,20.95,40,5.63,38.36,57.53,45.28,65.09,38.2,55.06
2025-11-04,20,8,2025-11-04 20:25:00,5,ミッドナイトボートレースBOATBoyカップ,2,4161,黒柳 浩孝,2,43,55.4,0,0,0.16,5.54,35.58,54.81,6.38,43.75,65.63,38.94,51.44,31.11,55.56
2025-11-04,20,8,2025-11-04 20:25:00,5,ミッドナイトボートレースBOATBoyカップ,3,5086,本村 大,3,26,51.5,0,0,0.19,4.3,18.63,39.22,4.69,30.77,38.46,36.45,52.22,39.53,55.81
2025-11-04,20,8,2025-11-04 20:25:00,5,ミッドナイトボートレースBOATBoyカップ,4,4637,中田 友也,3,35,56.4,0,0,0.16,5.69,37.84,58.56,4.18,17.65,35.29,40.58,57,22.09,34.88
2025-11-04,20,8,2025-11-04 20:25:00,5,ミッドナイトボートレースBOATBoyカップ,5,3722,西村 秀樹,3,55,52.1,0,0,0.18,3.8,13.27,29.59,3.39,8.16,24.49,51.89,69.81,36.05,50
2025-11-04,20,8,2025-11-04 20:25:00,5,ミッドナイトボートレースBOATBoyカップ,6,5382,山下 心一,4,21,52.2,0,0,0.19,2.43,7.32,15.85,2.56,6.25,25,32.88,52.05,27.59,49.43
2025-11-04,20,9,2025-11-04 20:58:00,5,ミッドナイトボートレースBOATBoyカップ,1,4718,北川 太一,2,32,51,0,0,0.16,5.85,41.32,57.85,6.22,55.56,55.56,39.65,57.27,38.2,52.81
2025-11-04,20,9,2025-11-04 20:58:00,5,ミッドナイトボートレースBOATBoyカップ,2,4352,下條 雄太郎,1,39,52,0,0,0.13,6.86,51.82,70,7.92,56.76,78.38,31.31,43.46,32.18,44.83
2025-11-04,20,9,2025-11-04 20:58:00,5,ミッドナイトボートレースBOATBoyカップ,3,3952,中澤 和志,1,49,52.1,0,0,0.13,7.2,59.15,77.46,8.14,42.86,71.43,41.46,55.12,24.71,38.82
2025-11-04,20,9,2025-11-04 20:58:00,5,ミッドナイトボートレースBOATBoyカップ,4,5234,塚越 海斗,3,27,52.1,0,0,0.18,6.03,42.71,65.63,3,6.25,18.75,36.04,53.6,42.39,65.22
2025-11-04,20,9,2025-11-04 20:58:00,5,ミッドナイトボートレースBOATBoyカップ,5,4533,峰重 侑治,2,36,51.5,0,0,0.16,4.76,26.98,39.68,6.09,53.85,60,28.92,48.53,35.11,46.81
2025-11-04,20,9,2025-11-04 20:58:00,5,ミッドナイトボートレースBOATBoyカップ,6,4051,清水 敦揮,1,44,55.1,0,0,0.17,6.73,48.06,74.42,7.59,66.18,79.41,32.11,45.87,47.44,65.38
2025-11-04,20,10,2025-11-04 21:24:00,5,ミッドナイトボートレースBOATBoyカップ,1,3623,深川 真二,1,51,51.5,0,0,0.14,7.36,68.33,78.33,6.29,37.5,41.67,29.39,42.98,43.16,53.68
2025-11-04,20,10,2025-11-04 21:24:00,5,ミッドナイトボートレースBOATBoyカップ,2,4514,上條 嘉嗣,1,35,52,0,0,0.17,6.73,51.75,69.23,6,37.5,62.5,37.67,55.35,34.74,54.74
2025-11-04,20,10,2025-11-04 21:24:00,5,ミッドナイトボートレースBOATBoyカップ,3,4895,門間 雄大,3,34,52.7,0,0,0.16,4.94,24.19,46.77,5.47,33.33,60,47.91,62.33,21.74,43.48
2025-11-04,20,10,2025-11-04 21:24:00,5,ミッドナイトボートレースBOATBoyカップ,4,4294,古賀 繁輝,2,39,56.4,0,0,0.17,7,55.93,72.03,6.32,47.37,57.89,29.72,42.45,20.21,35.11
2025-11-04,20,10,2025-11-04 21:24:00,5,ミッドナイトボートレースBOATBoyカップ,5,4073,大橋 純一郎,2,44,52.1,0,0,0.14,6.06,40,65.22,6.77,53.85,76.92,34.42,48.37,37.93,56.32
2025-11-04,20,10,2025-11-04 21:24:00,5,ミッドナイトボートレースBOATBoyカップ,6,4496,内堀 学,1,38,52,0,0,0.18,5.81,42.86,62.24,5.17,37.5,50,35,47.73,32.93,57.32
2025-11-04,20,11,2025-11-04 21:51:00,5,ミッドナイトボートレースBOATBoyカップ,1,5028,原田 才一郎,1,29,52,0,0,0.16,6.7,51.72,65.52,6.7,54.87,62.83,44.71,60.1,43.18,57.95
2025-11-04,20,11,2025-11-04 21:51:00,5,ミッドナイトボートレースBOATBoyカップ,2,5278,田中 駿兵,2,23,52,0,0,0.17,6.44,49.06,67.92,4.17,24.14,37.93,37.13,51.98,26.97,40.45
2025-11-04,20,11,2025-11-04 21:51:00,5,ミッドナイトボートレースBOATBoyカップ,3,4261,岡 祐臣,2,41,55.5,0,0,0.15,6.23,43.7,63.7,7,75,75,33.17,50.99,27.17,45.65
2025-11-04,20,11,2025-11-04 21:51:00,5,ミッドナイトボートレースBOATBoyカップ,4,5060,数原 魁,2,28,51,0,0,0.17,5.1,29.13,52.43,6.2,40,80,32.88,47.3,34.48,52.87
2025-11-04,20,11,2025-11-04 21:51:00,5,ミッドナイトボートレースBOATBoyカップ,5,4273,佐藤 旭,3,43,52,0,0,0.19,4.63,28.75,47.5,5.97,36.67,60,25.87,49.75,37.08,55.06
2025-11-04,20,11,2025-11-04 21:51:00,5,ミッドナイトボートレースBOATBoyカップ,6,4979,中野 夢斗,3,29,52.2,0,0,0.19,5.48,39.42,55.77,0,0,0,35.87,53.36,48.1,65.82
2025-11-04,20,12,2025-11-04 22:18:00,5,ミッドナイトボートレースBOATBoyカップ,1,4156,浜野 孝志,2,44,55.2,0,0,0.18,5.52,34.43,55.74,5.31,23.08,53.85,28,43.56,36.67,60
2025-11-04,20,12,2025-11-04 22:18:00,5,ミッドナイトボートレースBOATBoyカップ,2,4258,関根 彰人,3,41,52.2,0,0,0.18,5.24,32.77,48.74,5.3,20,60,39.25,57.94,27.17,44.57
2025-11-04,20,12,2025-11-04 22:18:00,5,ミッドナイトボートレースBOATBoyカップ,3,4747,山戸 信二,3,40,51.5,0,0,0.17,4.22,20,35.45,3.71,21.05,26.32,33.03,51.58,31.11,48.89
2025-11-04,20,12,2025-11-04 22:18:00,5,ミッドナイトボートレースBOATBoyカップ,4,4103,山崎 善庸,3,46,53.6,0,0,0.22,3.97,13.33,31.43,3.36,18.18,27.27,43.46,62.15,17.65,29.41
2025-11-04,20,12,2025-11-04 22:18:00,5,ミッドナイトボートレースBOATBoyカップ,5,4376,藤田 靖弘,2,41,52,0,0,0.17,5.7,38.81,53.73,3.71,0,14.29,33.49,48.84,21.11,41.11
2025-11-04,20,12,2025-11-04 22:18:00,5,ミッドナイトボートレースBOATBoyカップ,6,4674,池田 剛規,2,38,52,0,0,0.16,5.53,37.5,56.67,5.21,32.14,42.86,31.82,51.82,25.81,45.16
2025-11-04,21,1,2025-11-04 08:47:00,5,KBCラジオ杯,1,3837,秋山 広一,2,50,52.4,0,0,0.15,5.91,43.3,60.82,6.79,58.62,62.07,24.32,35.14,43.65,60.32
2025-11-04,21,1,2025-11-04 08:47:00,5,KBCラジオ杯,2,4724,吉田 祐貴,3,39,53.9,0,0,0.2,2.93,0,20.69,4.5,19.23,42.31,34.11,50.39,30.43,53.91
2025-11-04,21,1,2025-11-04 08:47:00,5,KBCラジオ杯,3,4656,大崎 翔,3,38,55.7,0,0,0.16,4.59,24.42,39.53,5.56,38.89,50,29.41,42.86,34.86,45.87
2025-11-04,21,1,2025-11-04 08:47:00,5,KBCラジオ杯,4,3226,浦田 信義,3,60,51.5,0,0,0.2,4.35,23.08,41.35,3.82,20.59,29.41,26.02,37.4,26.36,40.91
2025-11-04,21,1,2025-11-04 08:47:00,5,KBCラジオ杯,5,3687,花田 和明,3,55,52.6,0,0,0.17,4.7,21.92,41.1,4.2,40,40,31.78,44.96,28.83,46.85
2025-11-04,21,1,2025-11-04 08:47:00,5,KBCラジオ杯,6,5219,森口 和紀,4,25,52,0,0,0.17,4.52,26.19,42.86,3.03,11.86,18.64,38.74,56.76,33.05,54.24
2025-11-04,21,2,2025-11-04 09:13:00,5,KBCラジオ杯,1,4506,稗田 聖也,2,37,52,0,0,0.14,5.41,37.5,53.57,6.56,52.46,67.21,21.6,35.2,30.28,48.62
2025-11-04,21,2,2025-11-04 09:13:00,5,KBCラジオ杯,2,3888,山本 英志,3,50,52,0,0,0.16,5.63,37.04,55.56,6.09,45.45,72.73,22.03,40.68,35.34,55.17
2025-11-04,21,2,2025-11-04 09:13:00,5,KBCラジオ杯,3,5105,富田 恕生,3,27,52.9,0,0,0.18,4.87,27.94,48.53,5.11,31.41,51.31,31.62,47.01,33.06,49.19
2025-11-04,21,2,2025-11-04 09:13:00,5,KBCラジオ杯,4,4451,松崎 祐太郎,1,37,52,0,0,0.16,6.51,46.9,69.03,6.2,38.14,58.76,32.54,47.62,36.97,57.14
2025-11-04,21,2,2025-11-04 09:13:00,5,KBCラジオ杯,5,4782,浜崎 準也,3,38,52,0,0,0.17,4.55,24.64,43.48,4.63,26.32,36.84,40.4,60.61,33.61,44.54
2025-11-04,21,2,2025-11-04 09:13:00,5,KBCラジオ杯,6,4425,大井 清貴,3,40,53.3,0,0,0.17,5.01,26.83,50,5.18,27.27,54.55,26.4,44.8,34.4,54.4
2025-11-04,21,3,2025-11-04 09:39:00,5,KBCラジオ杯,1,3853,岩崎 正哉,2,53,55.8,0,0,0.18,5.44,36.79,49.06,6.43,47.83,65.22,32.17,53.91,39.34,52.46
2025-11-04,21,3,2025-11-04 09:39:00,5,KBCラジオ杯,2,5330,安河内 鈴之介,3,21,52,0,0,0.16,5.78,41.46,53.66,5.16,31.03,50,27.2,44.8,35.78,50.46
2025-11-04,21,3,2025-11-04 09:39:00,5,KBCラジオ杯,3,4771,下寺 秀和,1,32,52.1,0,0,0.15,6.43,43.52,62.04,6.23,41.86,55.81,28.1,47.11,41.53,61.86
2025-11-04,21,3,2025-11-04 09:39:00,5,KBCラジオ杯,4,3563,堤 昇,3,55,53.4,0,0,0.17,5.44,38.37,51.16,3.52,8.7,34.78,38.28,51.56,33.88,49.59
2025-11-04,21,3,2025-11-04 09:39:00,5,KBCラジオ杯,5,4430,永田 秀二,2,40,55,0,0,0.17,5.96,37.04,57.41,7.15,60,75,38.74,57.66,36,50.4
2025-11-04,21,3,2025-11-04 09:39:00,5,KBCラジオ杯,6,5426,甲斐 貴大,4,23,53.7,0,0,,0,0,0,0,0,0,33.86,47.24,23.85,41.28
2025-11-04,21,4,2025-11-04 10:05:00,5,KBCラジオ杯,1,4441,末永 由楽,1,39,53.3,0,0,0.13,6.04,42.42,58.59,4.79,21.05,47.37,24.78,49.56,32.69,47.12
2025-11-04,21,4,2025-11-04 10:05:00,5,KBCラジオ杯,2,4365,盛本 真輔,3,40,51.5,0,0,0.19,5.47,36.89,57.28,5.33,27.78,61.11,45.37,62.96,31.58,43.86
2025-11-04,21,4,2025-11-04 10:05:00,5,KBCラジオ杯,3,4109,谷津 幸宏,1,45,52.3,0,0,0.12,6.19,44.23,59.62,6.06,38.89,63.89,24.56,42.98,30.77,45.19
2025-11-04,21,4,2025-11-04 10:05:00,5,KBCラジオ杯,4,4040,廣瀬 将亨,2,46,56,0,0,0.14,6.11,43.44,63.93,8,60,80,33.33,50,30.7,51.75
2025-11-04,21,4,2025-11-04 10:05:00,5,KBCラジオ杯,5,5035,櫻井 優,3,27,52.8,0,0,0.21,5.31,34.02,53.61,3.89,16.67,27.78,40.34,57.14,27.03,35.14
2025-11-04,21,4,2025-11-04 10:05:00,5,KBCラジオ杯,6,5429,吉川 颯汰,4,22,58.4,0,0,,0,0,0,0,0,0,22.41,37.93,36.84,55.64
2025-11-04,21,5,2025-11-04 10:35:00,5,KBCラジオ杯,1,4311,岡村 仁,1,41,52.8,0,0,0.17,6.75,49.46,74.19,7.56,66.67,77.78,55.56,78.79,36.13,51.26
2025-11-04,21,5,2025-11-04 10:35:00,5,KBCラジオ杯,2,5307,富永 夏哉人,3,22,50,0,0,0.18,5.23,33.78,50,2.18,2.22,11.11,38.33,55,37.4,55.73
2025-11-04,21,5,2025-11-04 10:35:00,5,KBCラジオ杯,3,4428,有賀 達也,2,40,52,0,0,0.13,6.37,45.54,61.39,5.77,38.46,65.38,37.29,57.63,35.04,49.57
2025-11-04,21,5,2025-11-04 10:35:00,5,KBCラジオ杯,4,4793,金子 萌,2,35,52.1,0,0,0.16,5.99,44.86,60.75,5.17,38.89,44.44,16.81,31.86,37.31,52.99
2025-11-04,21,5,2025-11-04 10:35:00,5,KBCラジオ杯,5,3838,伊藤 啓三,2,50,53.2,0,0,0.13,4.54,24.14,39.08,6.73,43.33,73.33,31.15,51.64,35.71,50.79
2025-11-04,21,5,2025-11-04 10:35:00,5,KBCラジオ杯,6,4656,大崎 翔,3,38,55.7,0,0,0.16,4.59,24.42,39.53,5.56,38.89,50,29.41,42.86,34.86,45.87
2025-11-04,21,6,2025-11-04 11:05:00,5,KBCラジオ杯,1,4226,村田 浩司,3,43,53.3,0,0,0.15,4.73,24.44,46.67,3.92,18.92,24.32,34.71,47.93,39.17,50.83
2025-11-04,21,6,2025-11-04 11:05:00,5,KBCラジオ杯,2,4099,吉永 則雄,1,46,52.8,0,0,0.16,6.39,51.81,69.88,7.48,61.9,90.48,33.33,51.59,18.18,35.45
2025-11-04,21,6,2025-11-04 11:05:00,5,KBCラジオ杯,3,4189,川上 剛,2,44,54,0,0,0.17,5.92,37.6,60,6.22,44.03,60.38,30.25,47.06,41.18,61.03
2025-11-04,21,6,2025-11-04 11:05:00,5,KBCラジオ杯,4,4010,越智 照浩,4,46,56.7,0,0,0.19,3.6,12.86,24.29,4,11.11,27.78,37.88,54.55,30.19,43.4
2025-11-04,21,6,2025-11-04 11:05:00,5,KBCラジオ杯,5,3888,山本 英志,3,50,52,0,0,0.16,5.63,37.04,55.56,6.09,45.45,72.73,22.03,40.68,35.34,55.17
2025-11-04,21,6,2025-11-04 11:05:00,5,KBCラジオ杯,6,4174,赤坂 俊輔,1,43,52.1,0,0,0.15,6.4,41.41,67.68,7,50,70,38.84,52.07,28.57,48.57
2025-11-04,21,7,2025-11-04 11:36:00,5,KBCラジオ杯,1,4449,中嶋 達也,3,38,52,0,0,0.16,3.95,18.37,31.63,3.46,14.29,28.57,44.04,63.3,37.6,52.8
2025-11-04,21,7,2025-11-04 11:36:00,5,KBCラジオ杯,2,3687,花田 和明,3,55,52.6,0,0,0.17,4.7,21.92,41.1,4.2,40,40,31.78,44.96,28.83,46.85
2025-11-04,21,7,2025-11-04 11:36:00,5,KBCラジオ杯,3,4705,吉川 勇作,3,37,54.2,0,0,0.14,3.78,18.18,27.27,3.18,11.76,23.53,40.38,50.96,34.17,53.33
2025-11-04,21,7,2025-11-04 11:36:00,5,KBCラジオ杯,4,4782,浜崎 準也,3,38,52,0,0,0.17,4.55,24.64,43.48,4.63,26.32,36.84,40.4,60.61,33.61,44.54
2025-11-04,21,7,2025-11-04 11:36:00,5,KBCラジオ杯,5,5014,梶山 涼斗,3,27,52.4,0,0,0.13,5.07,30.67,46.67,4.48,18.52,40.74,11.3,23.48,40,57.78
2025-11-04,21,7,2025-11-04 11:36:00,5,KBCラジオ杯,6,5426,甲斐 貴大,4,23,53.7,0,0,,0,0,0,0,0,0,33.86,47.24,23.85,41.28
2025-11-04,21,8,2025-11-04 12:09:00,5,KBCラジオ杯,1,3226,浦田 信義,3,60,51.5,0,0,0.2,4.35,23.08,41.35,3.82,20.59,29.41,26.02,37.4,26.36,40.91
2025-11-04,21,8,2025-11-04 12:09:00,5,KBCラジオ杯,2,3951,石川 吉鎬,2,49,56.2,0,0,0.18,5.88,39.45,56.88,6.6,48.57,74.29,38.46,56.15,38.52,51.64
2025-11-04,21,8,2025-11-04 12:09:00,5,KBCラジオ杯,3,3523,寳田 亮治,3,56,52,0,0,0.17,4,14.29,33.77,5,27.96,48.39,38.71,54.84,38.89,52.38
2025-11-04,21,8,2025-11-04 12:09:00,5,KBCラジオ杯,4,3572,安田 政彦,2,54,52.5,0,0,0.2,5.67,35.71,58.33,5.7,35,65,33.59,45.31,41.41,53.91
2025-11-04,21,8,2025-11-04 12:09:00,5,KBCラジオ杯,5,3563,堤 昇,3,55,53.4,0,0,0.17,5.44,38.37,51.16,3.52,8.7,34.78,38.28,51.56,33.88,49.59
2025-11-04,21,8,2025-11-04 12:09:00,5,KBCラジオ杯,6,4239,竹田 辰也,1,41,52.2,0,0,0.17,6.34,47.01,63.25,6.44,55.56,66.67,30.77,46.15,27.27,50
2025-11-04,21,9,2025-11-04 12:41:00,5,KBCラジオ杯,1,3838,伊藤 啓三,2,50,53.2,0,0,0.13,4.54,24.14,39.08,6.73,43.33,73.33,31.15,51.64,35.71,50.79
2025-11-04,21,9,2025-11-04 12:41:00,5,KBCラジオ杯,2,4430,永田 秀二,2,40,55,0,0,0.17,5.96,37.04,57.41,7.15,60,75,38.74,57.66,36,50.4
2025-11-04,21,9,2025-11-04 12:41:00,5,KBCラジオ杯,3,5219,森口 和紀,4,25,52,0,0,0.17,4.52,26.19,42.86,3.03,11.86,18.64,38.74,56.76,33.05,54.24
2025-11-04,21,9,2025-11-04 12:41:00,5,KBCラジオ杯,4,5105,富田 恕生,3,27,52.9,0,0,0.18,4.87,27.94,48.53,5.11,31.41,51.31,31.62,47.01,33.06,49.19
2025-11-04,21,9,2025-11-04 12:41:00,5,KBCラジオ杯,5,4409,坂元 浩仁,2,39,53.6,0,0,0.14,6.34,52.21,61.95,5.69,41.38,55.17,26.67,40.83,30.43,52.17
2025-11-04,21,9,2025-11-04 12:41:00,5,KBCラジオ杯,6,4109,谷津 幸宏,1,45,52.3,0,0,0.12,6.19,44.23,59.62,6.06,38.89,63.89,24.56,42.98,30.77,45.19
2025-11-04,21,10,2025-11-04 13:14:00,5,KBCラジオ杯,1,4040,廣瀬 将亨,2,46,56.6,0,0,0.14,6.11,43.44,63.93,8,60,80,33.33,50,30.7,51.75
2025-11-04,21,10,2025-11-04 13:14:00,5,KBCラジオ杯,2,4311,岡村 仁,1,41,53.1,0,0,0.17,6.75,49.46,74.19,7.56,66.67,77.78,55.56,78.79,36.13,51.26
2025-11-04,21,10,2025-11-04 13:14:00,5,KBCラジオ杯,3,4174,赤坂 俊輔,1,43,52,0,0,0.15,6.4,41.41,67.68,7,50,70,38.84,52.07,28.57,48.57
2025-11-04,21,10,2025-11-04 13:14:00,5,KBCラジオ杯,4,5330,安河内 鈴之介,3,21,51,0,0,0.16,5.78,41.46,53.66,5.16,31.03,50,27.2,44.8,35.78,50.46
2025-11-04,21,10,2025-11-04 13:14:00,5,KBCラジオ杯,5,4226,村田 浩司,3,43,53.2,0,0,0.15,4.73,24.44,46.67,3.92,18.92,24.32,34.71,47.93,39.17,50.83
2025-11-04,21,10,2025-11-04 13:14:00,5,KBCラジオ杯,6,4793,金子 萌,2,35,52.1,0,0,0.16,5.99,44.86,60.75,5.17,38.89,44.44,16.81,31.86,37.31,52.99
2025-11-04,21,11,2025-11-04 13:47:00,5,KBCラジオ杯,1,4189,川上 剛,2,44,54,0,0,0.17,5.92,37.6,60,6.22,44.03,60.38,30.25,47.06,41.18,61.03
2025-11-04,21,11,2025-11-04 13:47:00,5,KBCラジオ杯,2,4449,中嶋 達也,3,38,52,0,0,0.16,3.95,18.37,31.63,3.46,14.29,28.57,44.04,63.3,37.6,52.8
2025-11-04,21,11,2025-11-04 13:47:00,5,KBCラジオ杯,3,4506,稗田 聖也,2,37,52,0,0,0.14,5.41,37.5,53.57,6.56,52.46,67.21,21.6,35.2,30.28,48.62
2025-11-04,21,11,2025-11-04 13:47:00,5,KBCラジオ杯,4,4099,吉永 則雄,1,46,52.8,0,0,0.16,6.39,51.81,69.88,7.48,61.9,90.48,33.33,51.59,18.18,35.45
2025-11-04,21,11,2025-11-04 13:47:00,5,KBCラジオ杯,5,4428,有賀 達也,2,40,52,0,0,0.13,6.37,45.54,61.39,5.77,38.46,65.38,37.29,57.63,35.04,49.57
2025-11-04,21,11,2025-11-04 13:47:00,5,KBCラジオ杯,6,4365,盛本 真輔,3,40,51.5,0,0,0.19,5.47,36.89,57.28,5.33,27.78,61.11,45.37,62.96,31.58,43.86
2025-11-04,21,12,2025-11-04 14:21:00,5,KBCラジオ杯,1,4771,下寺 秀和,1,32,52.1,0,0,0.15,6.43,43.52,62.04,6.23,41.86,55.81,28.1,47.11,41.53,61.86
2025-11-04,21,12,2025-11-04 14:21:00,5,KBCラジオ杯,2,4441,末永 由楽,1,39,53.3,0,0,0.13,6.04,42.42,58.59,4.79,21.05,47.37,24.78,49.56,32.69,47.12
2025-11-04,21,12,2025-11-04 14:21:00,5,KBCラジオ杯,3,4239,竹田 辰也,1,41,52.2,0,0,0.17,6.34,47.01,63.25,6.44,55.56,66.67,30.77,46.15,27.27,50
2025-11-04,21,12,2025-11-04 14:21:00,5,KBCラジオ杯,4,3853,岩崎 正哉,2,53,55.8,0,0,0.18,5.44,36.79,49.06,6.43,47.83,65.22,32.17,53.91,39.34,52.46
2025-11-04,21,12,2025-11-04 14:21:00,5,KBCラジオ杯,5,3837,秋山 広一,2,50,52.4,0,0,0.15,5.91,43.3,60.82,6.79,58.62,62.07,24.32,35.14,43.65,60.32
2025-11-04,21,12,2025-11-04 14:21:00,5,KBCラジオ杯,6,4451,松崎 祐太郎,1,37,52,0,0,0.16,6.51,46.9,69.03,6.2,38.14,58.76,32.54,47.62,36.97,57.14
2025-11-04,24,1,2025-11-04 15:15:00,5,BTSオラレ志布志開設16周年記念,1,4241,大串 重幸,2,40,52,0,0,0.16,5.63,33.68,55.79,5.93,42.26,61.31,41.38,59.77,34.04,47.87
2025-11-04,24,1,2025-11-04 15:15:00,5,BTSオラレ志布志開設16周年記念,2,5263,花田 凱成,4,27,52,0,0,0.19,3.6,14.29,28.57,3.81,19.35,38.71,18.82,35.29,43.42,52.63
2025-11-04,24,1,2025-11-04 15:15:00,5,BTSオラレ志布志開設16周年記念,3,3981,今坂 晃広,3,48,53.7,0,0,0.19,4.12,22.41,36.21,4.86,23.81,57.14,46.59,63.64,23.53,41.18
2025-11-04,24,1,2025-11-04 15:15:00,5,BTSオラレ志布志開設16周年記念,4,4184,渡邊 雄一郎,1,39,52.2,0,0,0.17,6.54,47.3,68.92,7,63.83,72.34,39.33,52.81,35.53,46.05
2025-11-04,24,1,2025-11-04 15:15:00,5,BTSオラレ志布志開設16周年記念,5,4567,上村 慎太郎,3,37,52,0,0,0.23,3.96,16.36,30.91,2.38,0,4.76,25,30.68,40.63,64.58
2025-11-04,24,1,2025-11-04 15:15:00,5,BTSオラレ志布志開設16周年記念,6,3906,飯山 晃三,3,48,57.5,0,0,0.19,3.92,25.84,33.71,4.47,27.12,40.68,37.76,57.14,23.26,39.53
2025-11-04,24,2,2025-11-04 15:42:00,5,BTSオラレ志布志開設16周年記念,1,3578,塩田 雄一,3,52,51,0,0,0.18,4.23,25.61,37.8,4.19,14.29,33.33,53.26,68.48,35.44,43.04
2025-11-04,24,2,2025-11-04 15:42:00,5,BTSオラレ志布志開設16周年記念,2,4382,高山 智至,3,41,53.1,0,0,0.17,4.11,20.54,34.82,4.79,21.43,42.86,38.3,48.94,20.83,42.71
2025-11-04,24,2,2025-11-04 15:42:00,5,BTSオラレ志布志開設16周年記念,3,3998,冨成 謙児,3,46,52.5,0,0,0.17,4.1,18.07,39.76,3.61,14.63,26.83,33.7,50,30.77,52.75
2025-11-04,24,2,2025-11-04 15:42:00,5,BTSオラレ志布志開設16周年記念,4,4413,水摩 敦,1,39,52,0,0,0.17,5.71,39.13,55.43,6.24,48.28,62.07,35.71,47.96,25,45.65
2025-11-04,24,2,2025-11-04 15:42:00,5,BTSオラレ志布志開設16周年記念,5,5033,藤原 孝斗,3,27,54.6,0,0,0.18,3.64,14.47,25,4.4,30,40,25,38.54,34.44,48.89
2025-11-04,24,2,2025-11-04 15:42:00,5,BTSオラレ志布志開設16周年記念,6,4603,谷川 将太,2,37,52.3,0,0,0.14,5.39,32.63,53.68,5.46,36.99,55.49,29.07,41.86,36.08,54.64
2025-11-04,24,3,2025-11-04 16:07:00,5,BTSオラレ志布志開設16周年記念,1,4442,松竹 大輔,2,39,52.6,0,0,0.16,5.11,31.87,49.45,5.65,41.94,54.84,17.5,28.75,30.86,40.74
2025-11-04,24,3,2025-11-04 16:07:00,5,BTSオラレ志布志開設16周年記念,2,4890,石川 諒,3,36,52,0,0,0.15,5.04,31.82,49.09,5.59,40.74,57.41,25.3,50.6,37.5,52.5
2025-11-04,24,3,2025-11-04 16:07:00,5,BTSオラレ志布志開設16周年記念,3,4649,和田 操拓,2,41,52,0,0,0.14,5.66,34.71,49.59,6,33.33,33.33,25.27,41.76,34.07,52.75
2025-11-04,24,3,2025-11-04 16:07:00,5,BTSオラレ志布志開設16周年記念,4,4124,池田 雄一,1,43,52.4,0,0,0.16,6.48,50,67.65,5.89,32.14,60.71,37.65,51.76,48.15,69.14
2025-11-04,24,3,2025-11-04 16:07:00,5,BTSオラレ志布志開設16周年記念,5,5384,八戸 琉楓,4,20,53.2,0,0,0.24,2.18,3.33,8.33,1.22,0,0,20.22,41.57,36.26,50.55
2025-11-04,24,3,2025-11-04 16:07:00,5,BTSオラレ志布志開設16周年記念,6,3812,山崎 聖司,3,49,52,0,0,0.17,4.43,26.42,43.4,5.58,31.58,52.63,37.5,52.08,37.11,49.48
2025-11-04,24,4,2025-11-04 16:35:00,5,BTSオラレ志布志開設16周年記念,1,5048,眞鳥 康太,3,31,53.7,0,0,0.19,4.92,28.92,46.99,4.79,28.07,46.49,22.34,44.68,32.94,63.53
2025-11-04,24,4,2025-11-04 16:35:00,5,BTSオラレ志布志開設16周年記念,2,4052,興津 藍,1,44,50.5,0,0,0.18,5.83,38.68,56.6,5.82,38.24,52.94,33.33,57.47,38.75,43.75
2025-11-04,24,4,2025-11-04 16:35:00,5,BTSオラレ志布志開設16周年記念,3,5270,小玉 啓太,3,24,52,0,0,0.16,3.78,11.76,30.88,3.16,12.73,23.64,36.36,56.82,35,48.75
2025-11-04,24,4,2025-11-04 16:35:00,5,BTSオラレ志布志開設16周年記念,4,4155,長野 壮志郎,2,44,54.1,0,0,0.17,6.58,52.38,69.05,6.63,51.85,59.26,40,63.16,23.38,38.96
2025-11-04,24,4,2025-11-04 16:35:00,5,BTSオラレ志布志開設16周年記念,5,4635,峰重 力也,3,35,52.4,0,0,0.15,4.24,22.22,39.68,4.88,32,48,29.03,44.09,33.33,48.96
2025-11-04,24,4,2025-11-04 16:35:00,5,BTSオラレ志布志開設16周年記念,6,3741,松尾 基成,3,51,55.1,0,0,0.19,3.55,15,30,4.19,20.31,35.94,41.76,64.84,40.74,54.32
2025-11-04,24,5,2025-11-04 17:01:00,5,BTSオラレ志布志開設16周年記念,1,4588,田中 京介,2,34,54.2,0,0,0.16,5.9,37.5,59.17,5.72,32.61,56.52,36.46,55.21,36.05,51.16
2025-11-04,24,5,2025-11-04 17:01:00,5,BTSオラレ志布志開設16周年記念,2,4567,上村 慎太郎,3,37,52,0,0,0.23,3.96,16.36,30.91,2.38,0,4.76,25,30.68,40.63,64.58
2025-11-04,24,5,2025-11-04 17:01:00,5,BTSオラレ志布志開設16周年記念,3,3990,芹澤 克彦,3,47,52.7,0,0,0.15,4.34,23.68,35.53,0,0,0,40.86,69.89,38.27,53.09
2025-11-04,24,5,2025-11-04 17:01:00,5,BTSオラレ志布志開設16周年記念,4,3303,渡辺 豊,2,58,52,0,0,0.18,4.27,21.28,38.3,6,40,53.33,36.36,53.41,43.9,57.32
2025-11-04,24,5,2025-11-04 17:01:00,5,BTSオラレ志布志開設16周年記念,5,3576,白水 勝也,1,53,52.1,0,0,0.17,6.4,47.62,67.86,5.94,45.16,54.84,36.67,55.56,41.67,59.52
2025-11-04,24,5,2025-11-04 17:01:00,5,BTSオラレ志布志開設16周年記念,6,5443,西村 仁吾,4,18,54.3,0,0,,0,0,0,0,0,0,24.72,41.57,40.51,51.9
2025-11-04,24,6,2025-11-04 17:27:00,5,BTSオラレ志布志開設16周年記念,1,3747,國崎 良春,3,50,52.2,0,0,0.15,5.16,40.54,51.35,0,0,0,43.16,55.79,23.61,51.39
2025-11-04,24,6,2025-11-04 17:27:00,5,BTSオラレ志布志開設16周年記念,2,4788,小池 哲也,1,36,52.9,0,0,0.15,5.77,38.26,54.78,5.88,40.63,53.13,28.26,43.48,41.98,54.32
2025-11-04,24,6,2025-11-04 17:27:00,5,BTSオラレ志布志開設16周年記念,3,4374,永田 義紘,3,41,51,0,0,0.17,4.56,20.21,42.55,4.04,21.74,34.78,35.48,50.54,26.44,41.38
2025-11-04,24,6,2025-11-04 17:27:00,5,BTSオラレ志布志開設16周年記念,4,4931,木谷 賢太,2,29,52.3,0,0,0.16,6.34,41.74,64.35,6.03,36.84,57.89,46.15,58.24,27.47,46.15
2025-11-04,24,6,2025-11-04 17:27:00,5,BTSオラレ志布志開設16周年記念,5,3981,今坂 晃広,3,48,53.7,0,0,0.19,4.12,22.41,36.21,4.86,23.81,57.14,46.59,63.64,23.53,41.18
2025-11-04,24,6,2025-11-04 17:27:00,5,BTSオラレ志布志開設16周年記念,6,4560,庄司 樹良々,1,34,52.9,0,0,0.14,5.48,34.52,53.57,5.65,42.31,50,22.11,43.16,23.71,38.14
2025-11-04,24,7,2025-11-04 17:54:00,5,BTSオラレ志布志開設16周年記念,1,4523,中村 辰也,2,37,52.8,0,0,0.13,5.55,37.84,55.41,5.94,44.44,60,26.09,36.96,30.43,51.09
2025-11-04,24,7,2025-11-04 17:54:00,5,BTSオラレ志布志開設16周年記念,2,4600,井内 将太郎,2,40,52.6,0,0,0.13,5.72,34.91,56.6,5.74,33.33,60.61,35.79,51.58,27.37,45.26
2025-11-04,24,7,2025-11-04 17:54:00,5,BTSオラレ志布志開設16周年記念,3,4184,渡邊 雄一郎,1,39,52.2,0,0,0.17,6.54,47.3,68.92,7,63.83,72.34,39.33,52.81,35.53,46.05
2025-11-04,24,7,2025-11-04 17:54:00,5,BTSオラレ志布志開設16周年記念,4,3578,塩田 雄一,3,52,51,0,0,0.18,4.23,25.61,37.8,4.19,14.29,33.33,53.26,68.48,35.44,43.04
2025-11-04,24,7,2025-11-04 17:54:00,5,BTSオラレ志布志開設16周年記念,5,4438,森作 雄大,3,39,52.4,0,0,0.13,5.25,37.5,51.25,4.36,25,39.29,35.16,50.55,26.6,46.81
2025-11-04,24,7,2025-11-04 17:54:00,5,BTSオラレ志布志開設16周年記念,6,5384,八戸 琉楓,4,20,53.2,0,0,0.24,2.18,3.33,8.33,1.22,0,0,20.22,41.57,36.26,50.55
2025-11-04,24,8,2025-11-04 18:20:00,5,BTSオラレ志布志開設16周年記念,1,4214,林 祐介,2,41,56.2,0,0,0.16,5.38,32.79,55.74,5.85,44.44,55.56,39.13,54.35,35.53,53.95
2025-11-04,24,8,2025-11-04 18:20:00,5,BTSオラレ志布志開設16周年記念,2,5033,藤原 孝斗,3,27,54.6,0,0,0.18,3.64,14.47,25,4.4,30,40,25,38.54,34.44,48.89
2025-11-04,24,8,2025-11-04 18:20:00,5,BTSオラレ志布志開設16周年記念,3,5000,岡本 翔太郎,3,31,52.1,0,0,0.13,4.53,23.58,37.74,4.32,13.64,45.45,23.75,41.25,33.73,48.19
2025-11-04,24,8,2025-11-04 18:20:00,5,BTSオラレ志布志開設16周年記念,4,3812,山崎 聖司,3,49,52,0,0,0.17,4.43,26.42,43.4,5.58,31.58,52.63,37.5,52.08,37.11,49.48
2025-11-04,24,8,2025-11-04 18:20:00,5,BTSオラレ志布志開設16周年記念,5,4344,新田 雄史,1,40,52.8,0,0,0.14,7.56,51.06,65.96,7.78,44.44,88.89,25.56,45.56,34.62,48.72
2025-11-04,24,8,2025-11-04 18:20:00,5,BTSオラレ志布志開設16周年記念,6,4116,川田 正人,2,44,52,0,0,0.18,5.15,33.06,47.93,4.11,22.22,44.44,40,58.89,15.29,27.06
2025-11-04,24,9,2025-11-04 18:51:00,5,BTSオラレ志布志開設16周年記念,1,4124,池田 雄一,1,43,52.4,0,0,0.16,6.48,50,67.65,5.89,32.14,60.71,37.65,51.76,48.15,69.14
2025-11-04,24,9,2025-11-04 18:51:00,5,BTSオラレ志布志開設16周年記念,2,4593,小坂 宗司,2,44,52,0,0,0.18,5.84,37.36,57.14,5.75,35,50,33.7,47.83,20.88,41.76
2025-11-04,24,9,2025-11-04 18:51:00,5,BTSオラレ志布志開設16周年記念,3,5263,花田 凱成,4,27,52,0,0,0.19,3.6,14.29,28.57,3.81,19.35,38.71,18.82,35.29,43.42,52.63
2025-11-04,24,9,2025-11-04 18:51:00,5,BTSオラレ志布志開設16周年記念,4,3842,星野 太郎,3,49,53.4,0,0,0.19,4.76,26.25,41.25,5.33,53.33,53.33,34.74,54.74,25.32,48.1
2025-11-04,24,9,2025-11-04 18:51:00,5,BTSオラレ志布志開設16周年記念,5,3998,冨成 謙児,3,46,52.5,0,0,0.17,4.1,18.07,39.76,3.61,14.63,26.83,33.7,50,30.77,52.75
2025-11-04,24,9,2025-11-04 18:51:00,5,BTSオラレ志布志開設16周年記念,6,4215,吉島 祥之,2,41,52.5,0,0,0.15,5.52,35.2,54.4,5.17,25.53,48.94,38.14,55.67,37.04,50.62
2025-11-04,24,10,2025-11-04 19:23:00,5,BTSオラレ志布志開設16周年記念,1,3576,白水 勝也,1,53,52.1,0,0,0.17,6.4,47.62,67.86,5.94,45.16,54.84,36.67,55.56,41.67,59.52
2025-11-04,24,10,2025-11-04 19:23:00,5,BTSオラレ志布志開設16周年記念,2,4148,枝尾 賢,4,43,52.1,0,0,0.17,5.56,36.26,54.95,7,47.62,64.29,37.36,53.85,20,45.26
2025-11-04,24,10,2025-11-04 19:23:00,5,BTSオラレ志布志開設16周年記念,3,4382,高山 智至,3,41,53.1,0,0,0.17,4.11,20.54,34.82,4.79,21.43,42.86,38.3,48.94,20.83,42.71
2025-11-04,24,10,2025-11-04 19:23:00,5,BTSオラレ志布志開設16周年記念,4,4442,松竹 大輔,2,39,52.6,0,0,0.16,5.11,31.87,49.45,5.65,41.94,54.84,17.5,28.75,30.86,40.74
2025-11-04,24,10,2025-11-04 19:23:00,5,BTSオラレ志布志開設16周年記念,5,4931,木谷 賢太,2,29,52.3,0,0,0.16,6.34,41.74,64.35,6.03,36.84,57.89,46.15,58.24,27.47,46.15
2025-11-04,24,10,2025-11-04 19:23:00,5,BTSオラレ志布志開設16周年記念,6,4052,興津 藍,1,44,50.5,0,0,0.18,5.83,38.68,56.6,5.82,38.24,52.94,33.33,57.47,38.75,43.75
2025-11-04,24,11,2025-11-04 20:02:00,5,BTSオラレ志布志開設16周年記念,1,4413,水摩 敦,1,39,52,0,0,0.17,5.71,39.13,55.43,6.24,48.28,62.07,35.71,47.96,25,45.65
2025-11-04,24,11,2025-11-04 20:02:00,5,BTSオラレ志布志開設16周年記念,2,4560,庄司 樹良々,1,34,52.9,0,0,0.14,5.48,34.52,53.57,5.65,42.31,50,22.11,43.16,23.71,38.14
2025-11-04,24,11,2025-11-04 20:02:00,5,BTSオラレ志布志開設16周年記念,3,4600,井内 将太郎,2,40,52.6,0,0,0.13,5.72,34.91,56.6,5.74,33.33,60.61,35.79,51.58,27.37,45.26
2025-11-04,24,11,2025-11-04 20:02:00,5,BTSオラレ志布志開設16周年記念,4,4241,大串 重幸,2,40,52,0,0,0.16,5.63,33.68,55.79,5.93,42.26,61.31,41.38,59.77,34.04,47.87
2025-11-04,24,11,2025-11-04 20:02:00,5,BTSオラレ志布志開設16周年記念,5,5270,小玉 啓太,3,24,52,0,0,0.16,3.78,11.76,30.88,3.16,12.73,23.64,36.36,56.82,35,48.75
2025-11-04,24,11,2025-11-04 20:02:00,5,BTSオラレ志布志開設16周年記念,6,3303,渡辺 豊,2,58,52,0,0,0.18,4.27,21.28,38.3,6,40,53.33,36.36,53.41,43.9,57.32
2025-11-04,24,12,2025-11-04 20:31:00,5,BTSオラレ志布志開設16周年記念,1,4788,小池 哲也,1,36,52.8,0,0,0.15,5.77,38.26,54.78,5.88,40.63,53.13,28.26,43.48,41.98,54.32
2025-11-04,24,12,2025-11-04 20:31:00,5,BTSオラレ志布志開設16周年記念,2,4649,和田 操拓,2,41,51.5,0,0,0.14,5.66,34.71,49.59,6,33.33,33.33,25.27,41.76,34.07,52.75
2025-11-04,24,12,2025-11-04 20:31:00,5,BTSオラレ志布志開設16周年記念,3,4344,新田 雄史,1,40,52.4,0,0,0.14,7.56,51.06,65.96,7.78,44.44,88.89,25.56,45.56,34.62,48.72
2025-11-04,24,12,2025-11-04 20:31:00,5,BTSオラレ志布志開設16周年記念,4,4588,田中 京介,2,34,54,0,0,0.16,5.9,37.5,59.17,5.72,32.61,56.52,36.46,55.21,36.05,51.16
2025-11-04,24,12,2025-11-04 20:31:00,5,BTSオラレ志布志開設16周年記念,5,4523,中村 辰也,2,37,53,0,0,0.13,5.55,37.84,55.41,5.94,44.44,60,26.09,36.96,30.43,51.09
2025-11-04,24,12,2025-11-04 20:31:00,5,BTSオラレ志布志開設16周年記念,6,4155,長野 壮志郎,2,44,54.1,0,0,0.17,6.58,52.38,69.05,6.63,51.85,59.26,40,63.16,23.38,38.96
