race_date,stadium_number,race_number,race_closed_at,race_grade_number,race_title,boat_number,racer_number,racer_name,racer_class_number,racer_age,racer_weight,racer_flying_count,racer_late_count,racer_average_start_timing,racer_national_top_1_percent,racer_national_top_2_percent,racer_national_top_3_percent,racer_local_top_1_percent,racer_local_top_2_percent,racer_local_top_3_percent,racer_assigned_motor_top_2_percent,racer_assigned_motor_top_3_percent,racer_assigned_boat_top_2_percent,racer_assigned_boat_top_3_percent
2025-06-30,1,1,2025-06-30 15:17:00,5,第58回サンケイスポーツ杯,1,3790,佐口 達也,3,53,52.3,0,0,0.15,3.91,22.81,29.82,5,25.45,50,29.9,48.45,33.9,45.76
2025-06-30,1,1,2025-06-30 15:17:00,5,第58回サンケイスポーツ杯,2,4346,前田 健太郎,3,40,55.3,0,0,0.15,4.2,34.74,40,4.83,44.44,50,41.18,57.84,48.72,65.81
2025-06-30,1,1,2025-06-30 15:17:00,5,第58回サンケイスポーツ杯,3,3934,鋤柄 貴俊,3,48,52.4,0,0,0.15,4.45,24.14,40.52,4.67,22.22,44.44,24.14,42.53,40,53.33
2025-06-30,1,1,2025-06-30 15:17:00,5,第58回サンケイスポーツ杯,4,5175,島崎 丈一朗,3,21,53,0,0,0.2,3.24,10,23.75,0,0,0,40.96,57.83,30.83,51.67
2025-06-30,1,1,2025-06-30 15:17:00,5,第58回サンケイスポーツ杯,5,4644,山田 亮太,2,46,52,0,0,0.17,5.07,31.25,50,5.2,26.67,46.67,45.45,65.66,40.87,59.13
2025-06-30,1,1,2025-06-30 15:17:00,5,第58回サンケイスポーツ杯,6,4934,佐々木 翔斗,2,28,53.1,0,0,0.16,5.77,37.89,56.84,6.4,33.33,66.67,33.33,53.66,34.75,45.76
2025-06-30,1,2,2025-06-30 15:40:00,5,第58回サンケイスポーツ杯,1,5006,久保原 秀人,3,28,53.8,0,0,0.16,4.45,26.04,37.5,4.41,24.39,39.02,28.16,47.57,37.82,52.1
2025-06-30,1,2,2025-06-30 15:40:00,5,第58回サンケイスポーツ杯,2,5095,小原 聡将,2,31,52,0,0,0.14,5.73,38.94,56.64,5.28,33.33,55.56,39.78,55.91,24.78,48.67
2025-06-30,1,2,2025-06-30 15:40:00,5,第58回サンケイスポーツ杯,3,4253,西川 真人,3,42,56,0,0,0.18,4.12,19.09,32.73,4.56,33.33,33.33,27.96,44.09,30.09,42.48
2025-06-30,1,2,2025-06-30 15:40:00,5,第58回サンケイスポーツ杯,4,5016,宮田 龍馬,2,27,52,0,0,0.15,6.41,43.16,68.42,6.22,22.22,55.56,32.35,48.04,32.35,48.04
2025-06-30,1,2,2025-06-30 15:40:00,5,第58回サンケイスポーツ杯,5,4380,鈴木 峻佑,3,40,52.3,0,0,0.16,4.58,23.97,38.84,3.83,27.78,27.78,39.06,53.91,33.88,52.07
2025-06-30,1,2,2025-06-30 15:40:00,5,第58回サンケイスポーツ杯,6,4296,岡崎 恭裕,1,38,51.5,0,0,0.13,6.78,49.45,69.23,0,0,0,38.46,58.12,21.37,40.17
2025-06-30,1,3,2025-06-30 16:03:00,5,第58回サンケイスポーツ杯,1,4440,萩原 知哉,3,38,52.7,0,0,0.17,4.24,18.1,32.38,4.41,25.49,37.25,40.91,56.82,27.36,44.34
2025-06-30,1,3,2025-06-30 16:03:00,5,第58回サンケイスポーツ杯,2,4706,三浦 洋次朗,2,36,50,0,0,0.15,5.58,33.04,55.36,4.57,14.29,28.57,45.19,66.35,35.65,55.65
2025-06-30,1,3,2025-06-30 16:03:00,5,第58回サンケイスポーツ杯,3,4327,加藤 翔,3,42,52.1,0,0,0.2,4.07,18.87,33.96,0,0,0,29.31,40.52,29.75,46.28
2025-06-30,1,3,2025-06-30 16:03:00,5,第58回サンケイスポーツ杯,4,4122,安東 幸治,1,43,54.7,0,0,0.17,5.6,38.33,55.83,5.3,30,40,34.29,49.52,31.93,47.06
2025-06-30,1,3,2025-06-30 16:03:00,5,第58回サンケイスポーツ杯,5,4448,青木 玄太,4,38,52.4,0,0,,5.93,41.33,61.33,7.76,61.9,85.71,29.03,41.94,35,58.33
2025-06-30,1,3,2025-06-30 16:03:00,5,第58回サンケイスポーツ杯,6,4723,寺島 吉彦,2,39,50.5,1,0,0.15,4.71,28.57,49.11,5.31,41.38,58.62,49.54,64.22,29.07,43.02
2025-06-30,1,4,2025-06-30 16:32:00,5,第58回サンケイスポーツ杯,1,4813,宮内 直哉,3,35,52,0,0,0.18,3.9,22.58,34.41,4.81,29.63,48.15,28.36,40.3,16.36,25.45
2025-06-30,1,4,2025-06-30 16:32:00,5,第58回サンケイスポーツ杯,2,4404,岸蔭 亮,3,40,52.6,0,0,0.22,4.44,28.21,37.61,4.69,34.62,42.31,28.57,48.35,32.48,49.57
2025-06-30,1,4,2025-06-30 16:32:00,5,第58回サンケイスポーツ杯,3,4918,川島 拓郎,3,36,52,0,0,0.16,4.99,31.17,46.75,3.71,14.29,14.29,34.86,52.29,34.19,53.85
2025-06-30,1,4,2025-06-30 16:32:00,5,第58回サンケイスポーツ杯,4,3572,安田 政彦,3,53,52.5,0,0,0.2,5.97,45,60,4.29,28.57,28.57,29.75,47.93,27.88,47.12
2025-06-30,1,4,2025-06-30 16:32:00,5,第58回サンケイスポーツ杯,5,4329,小松 卓司,3,41,51.5,0,0,0.16,3.67,13.46,30.77,0,0,0,36.61,53.57,39.32,52.14
2025-06-30,1,4,2025-06-30 16:32:00,5,第58回サンケイスポーツ杯,6,3772,一柳 和孝,2,51,52.4,1,0,0.15,5.27,33.63,51.33,5.37,31.71,48.78,32.5,49.17,36.07,53.28
2025-06-30,1,5,2025-06-30 17:01:00,5,第58回サンケイスポーツ杯,1,5077,滝沢 崚,3,28,52,0,0,0.15,3.08,5.41,21.62,3.9,13.33,26.67,38.68,55.66,30.09,39.82
2025-06-30,1,5,2025-06-30 17:01:00,5,第58回サンケイスポーツ杯,2,3475,橋本 久和,2,55,52,1,0,0.17,5.71,41.8,55.74,5.68,37.62,60.4,50,65,33.87,44.35
2025-06-30,1,5,2025-06-30 17:01:00,5,第58回サンケイスポーツ杯,3,4793,金子 萌,2,35,52,0,0,0.16,5.93,42.52,58.27,5.07,39.29,50,36.22,52.76,35.09,50
2025-06-30,1,5,2025-06-30 17:01:00,5,第58回サンケイスポーツ杯,4,4067,永井 源,1,45,53.1,0,0,0.17,6.28,49.33,64,7.73,70,83.33,30.91,46.36,35.83,55
2025-06-30,1,5,2025-06-30 17:01:00,5,第58回サンケイスポーツ杯,5,3934,鋤柄 貴俊,3,48,52.4,0,0,0.15,4.45,24.14,40.52,4.67,22.22,44.44,24.14,42.53,40,53.33
2025-06-30,1,5,2025-06-30 17:01:00,5,第58回サンケイスポーツ杯,6,3294,野中 義生,3,59,52.3,0,0,0.14,4.55,23.53,43.53,3.85,11.54,30.77,38.14,57.73,18.18,39.09
2025-06-30,1,6,2025-06-30 17:29:00,5,第58回サンケイスポーツ杯,1,5161,登玉 隼百,2,26,53.1,0,0,0.13,6,46.9,63.72,6.27,45.45,72.73,43.22,56.78,24.11,39.29
2025-06-30,1,6,2025-06-30 17:29:00,5,第58回サンケイスポーツ杯,2,5110,杉山 喜一,3,25,51,0,0,0.17,5.34,31.3,52.17,5.67,44.44,44.44,29,40,34.78,46.96
2025-06-30,1,6,2025-06-30 17:29:00,5,第58回サンケイスポーツ杯,3,3790,佐口 達也,3,53,52.3,0,0,0.15,3.91,22.81,29.82,5,25.45,50,29.9,48.45,33.9,45.76
2025-06-30,1,6,2025-06-30 17:29:00,5,第58回サンケイスポーツ杯,4,4252,松下 哲也,3,42,52,0,0,0.16,4.35,25.27,38.46,0,0,0,36.7,58.72,27.12,47.46
2025-06-30,1,6,2025-06-30 17:29:00,5,第58回サンケイスポーツ杯,5,5303,土井 歩夢,3,22,52.3,0,0,0.15,4.45,22.73,45.45,4.33,16.67,33.33,41,54,37.5,54.17
2025-06-30,1,6,2025-06-30 17:29:00,5,第58回サンケイスポーツ杯,6,4380,鈴木 峻佑,3,40,52.3,0,0,0.16,4.58,23.97,38.84,3.83,27.78,27.78,39.06,53.91,33.88,52.07
2025-06-30,1,7,2025-06-30 17:57:00,5,第58回サンケイスポーツ杯,1,4298,宮下 元胤,2,42,52.4,0,0,0.14,6.02,40,63.16,5.5,32.14,48.21,32.48,54.7,38.66,54.62
2025-06-30,1,7,2025-06-30 17:57:00,5,第58回サンケイスポーツ杯,2,5175,島崎 丈一朗,3,21,53,0,0,0.2,3.24,10,23.75,0,0,0,40.96,57.83,30.83,51.67
2025-06-30,1,7,2025-06-30 17:57:00,5,第58回サンケイスポーツ杯,3,4706,三浦 洋次朗,2,36,50,0,0,0.15,5.58,33.04,55.36,4.57,14.29,28.57,45.19,66.35,35.65,55.65
2025-06-30,1,7,2025-06-30 17:57:00,5,第58回サンケイスポーツ杯,4,4253,西川 真人,3,42,56,0,0,0.18,4.12,19.09,32.73,4.56,33.33,33.33,27.96,44.09,30.09,42.48
2025-06-30,1,7,2025-06-30 17:57:00,5,第58回サンケイスポーツ杯,5,4327,加藤 翔,3,42,52.1,0,0,0.2,4.07,18.87,33.96,0,0,0,29.31,40.52,29.75,46.28
2025-06-30,1,7,2025-06-30 17:57:00,5,第58回サンケイスポーツ杯,6,5341,山道 諄也,4,23,54.6,0,0,0.17,1.28,0,0,1.55,0,7.89,39.2,57.6,41.74,58.26
2025-06-30,1,8,2025-06-30 18:25:00,5,第58回サンケイスポーツ杯,1,4644,山田 亮太,2,46,52,0,0,0.17,5.07,31.25,50,5.2,26.67,46.67,45.45,65.66,40.87,59.13
2025-06-30,1,8,2025-06-30 18:25:00,5,第58回サンケイスポーツ杯,2,4329,小松 卓司,3,41,51.5,0,0,0.16,3.67,13.46,30.77,0,0,0,36.61,53.57,39.32,52.14
2025-06-30,1,8,2025-06-30 18:25:00,5,第58回サンケイスポーツ杯,3,3572,安田 政彦,3,53,52.5,0,0,0.2,5.97,45,60,4.29,28.57,28.57,29.75,47.93,27.88,47.12
2025-06-30,1,8,2025-06-30 18:25:00,5,第58回サンケイスポーツ杯,4,4440,萩原 知哉,3,38,52.7,0,0,0.17,4.24,18.1,32.38,4.41,25.49,37.25,40.91,56.82,27.36,44.34
2025-06-30,1,8,2025-06-30 18:25:00,5,第58回サンケイスポーツ杯,5,4122,安東 幸治,1,43,54.7,0,0,0.17,5.6,38.33,55.83,5.3,30,40,34.29,49.52,31.93,47.06
2025-06-30,1,8,2025-06-30 18:25:00,5,第58回サンケイスポーツ杯,6,5377,鳥居塚 嶺王,4,21,50,0,0,,2.4,2.33,6.98,2.32,4.55,9.09,34.78,51.09,34.19,46.15
2025-06-30,1,9,2025-06-30 18:54:00,5,第58回サンケイスポーツ杯,1,4918,川島 拓郎,3,36,52,0,0,0.16,4.99,31.17,46.75,3.71,14.29,14.29,34.86,52.29,34.19,53.85
2025-06-30,1,9,2025-06-30 18:54:00,5,第58回サンケイスポーツ杯,2,4296,岡崎 恭裕,1,38,51.5,0,0,0.13,6.78,49.45,69.23,0,0,0,38.46,58.12,21.37,40.17
2025-06-30,1,9,2025-06-30 18:54:00,5,第58回サンケイスポーツ杯,3,4346,前田 健太郎,3,40,55.3,0,0,0.15,4.2,34.74,40,4.83,44.44,50,41.18,57.84,48.72,65.81
2025-06-30,1,9,2025-06-30 18:54:00,5,第58回サンケイスポーツ杯,4,4934,佐々木 翔斗,2,28,53.1,0,0,0.16,5.77,37.89,56.84,6.4,33.33,66.67,33.33,53.66,34.75,45.76
2025-06-30,1,9,2025-06-30 18:54:00,5,第58回サンケイスポーツ杯,5,4813,宮内 直哉,3,35,52,0,0,0.18,3.9,22.58,34.41,4.81,29.63,48.15,28.36,40.3,16.36,25.45
2025-06-30,1,9,2025-06-30 18:54:00,5,第58回サンケイスポーツ杯,6,4067,永井 源,1,45,53.1,0,0,0.17,6.28,49.33,64,7.73,70,83.33,30.91,46.36,35.83,55
2025-06-30,1,10,2025-06-30 19:24:00,5,第58回サンケイスポーツ杯,1,3294,野中 義生,3,59,52.3,0,0,0.14,4.55,23.53,43.53,3.85,11.54,30.77,38.14,57.73,18.18,39.09
2025-06-30,1,10,2025-06-30 19:24:00,5,第58回サンケイスポーツ杯,2,4448,青木 玄太,4,38,52.4,0,0,,5.93,41.33,61.33,7.76,61.9,85.71,29.03,41.94,35,58.33
2025-06-30,1,10,2025-06-30 19:24:00,5,第58回サンケイスポーツ杯,3,5016,宮田 龍馬,2,27,52,0,0,0.15,6.41,43.16,68.42,6.22,22.22,55.56,32.35,48.04,32.35,48.04
2025-06-30,1,10,2025-06-30 19:24:00,5,第58回サンケイスポーツ杯,4,4793,金子 萌,2,35,52,0,0,0.16,5.93,42.52,58.27,5.07,39.29,50,36.22,52.76,35.09,50
2025-06-30,1,10,2025-06-30 19:24:00,5,第58回サンケイスポーツ杯,5,5095,小原 聡将,2,31,52,0,0,0.14,5.73,38.94,56.64,5.28,33.33,55.56,39.78,55.91,24.78,48.67
2025-06-30,1,10,2025-06-30 19:24:00,5,第58回サンケイスポーツ杯,6,5161,登玉 隼百,2,26,53.1,0,0,0.13,6,46.9,63.72,6.27,45.45,72.73,43.22,56.78,24.11,39.29
2025-06-30,1,11,2025-06-30 19:57:00,5,第58回サンケイスポーツ杯,1,5303,土井 歩夢,3,22,52.3,0,0,0.15,4.45,22.73,45.45,4.33,16.67,33.33,41,54,37.5,54.17
2025-06-30,1,11,2025-06-30 19:57:00,5,第58回サンケイスポーツ杯,2,4252,松下 哲也,3,42,52,0,0,0.16,4.35,25.27,38.46,0,0,0,36.7,58.72,27.12,47.46
2025-06-30,1,11,2025-06-30 19:57:00,5,第58回サンケイスポーツ杯,3,3475,橋本 久和,2,55,52,1,0,0.17,5.71,41.8,55.74,5.68,37.62,60.4,50,65,33.87,44.35
2025-06-30,1,11,2025-06-30 19:57:00,5,第58回サンケイスポーツ杯,4,4404,岸蔭 亮,3,40,52.6,0,0,0.22,4.44,28.21,37.61,4.69,34.62,42.31,28.57,48.35,32.48,49.57
2025-06-30,1,11,2025-06-30 19:57:00,5,第58回サンケイスポーツ杯,5,5006,久保原 秀人,3,28,53.8,0,0,0.16,4.45,26.04,37.5,4.41,24.39,39.02,28.16,47.57,37.82,52.1
2025-06-30,1,11,2025-06-30 19:57:00,5,第58回サンケイスポーツ杯,6,4298,宮下 元胤,2,42,52.4,0,0,0.14,6.02,40,63.16,5.5,32.14,48.21,32.48,54.7,38.66,54.62
2025-06-30,1,12,2025-06-30 20:30:00,5,第58回サンケイスポーツ杯,1,5216,長谷川 晴哉,3,25,51.5,0,0,0.18,5.92,43.88,62.24,5.71,35.4,56.64,33.63,48.67,33.04,49.57
2025-06-30,1,12,2025-06-30 20:30:00,5,第58回サンケイスポーツ杯,2,4401,小林 泰,1,40,53,0,0,0.15,6.31,47.93,61.16,6.76,52.38,71.43,26.47,39.71,33.62,56.9
2025-06-30,1,12,2025-06-30 20:30:00,5,第58回サンケイスポーツ杯,3,4384,鶴本 崇文,2,40,52,0,0,0.18,6.73,48.82,72.44,6.13,41.03,69.23,32.91,45.57,38.02,57.02
2025-06-30,1,12,2025-06-30 20:30:00,5,第58回サンケイスポーツ杯,4,3687,花田 和明,3,55,52.5,1,0,0.18,5.28,31.68,51.49,3.87,13.33,26.67,46.67,63.81,36.52,53.04
2025-06-30,1,12,2025-06-30 20:30:00,5,第58回サンケイスポーツ杯,5,4535,北山 康介,1,35,53.1,0,0,0.14,7.41,65.91,78.41,6.29,42.86,66.67,30.23,48.84,35.83,54.17
2025-06-30,1,12,2025-06-30 20:30:00,5,第58回サンケイスポーツ杯,6,4076,杉田 篤光,3,46,52,0,0,0.19,5.95,43.9,58.54,5.47,29.41,55.88,46.53,60.4,34.21,50
2025-06-30,5,1,2025-06-30 12:30:00,5,第58回報知新聞社賞静波まつり杯,1,5253,藤井 太雅,3,22,53.1,0,0,0.17,4.2,16.67,36.67,2.82,8.93,17.86,23.91,41.3,31.37,49.02
2025-06-30,5,1,2025-06-30 12:30:00,5,第58回報知新聞社賞静波まつり杯,2,5127,沼田 大都,3,28,51,0,0,0.19,4.89,25.44,49.12,4.1,17.24,34.48,25,37.5,35.85,41.51
2025-06-30,5,1,2025-06-30 12:30:00,5,第58回報知新聞社賞静波まつり杯,3,4436,渋谷 明憲,1,39,52,0,0,0.15,6.05,45.08,63.93,5.55,32.26,45.16,36.07,47.54,30.43,52.17
2025-06-30,5,1,2025-06-30 12:30:00,5,第58回報知新聞社賞静波まつり杯,4,3912,川原 正明,2,51,52,0,0,0.14,5.6,42.97,55.47,5.8,40,50,25.58,41.86,26.92,38.46
2025-06-30,5,1,2025-06-30 12:30:00,5,第58回報知新聞社賞静波まつり杯,5,3642,大塚 浩二,3,54,52,0,0,0.17,3.93,18.89,31.11,4.71,20,48.57,21.67,38.33,41.51,50.94
2025-06-30,5,1,2025-06-30 12:30:00,5,第58回報知新聞社賞静波まつり杯,6,5318,河内 一馬,4,24,54.1,1,0,0.19,2.46,1.75,11.4,2.7,0,20,15.15,27.27,11.11,22.22
2025-06-30,5,2,2025-06-30 12:56:00,5,第58回報知新聞社賞静波まつり杯,1,4750,井上 尚悟,3,37,52,1,0,0.17,4.58,27.5,40.83,3.86,14.29,21.43,25.45,52.73,18.18,36.36
2025-06-30,5,2,2025-06-30 12:56:00,5,第58回報知新聞社賞静波まつり杯,2,3563,堤 昇,2,55,52.5,0,0,0.15,5.5,36,56.67,5.17,37.5,54.17,37.5,56.25,37.04,57.41
2025-06-30,5,2,2025-06-30 12:56:00,5,第58回報知新聞社賞静波まつり杯,3,3965,北中 元樹,2,46,56.4,0,0,0.15,5.82,39.47,60.53,0,0,0,29.09,52.73,30.61,46.94
2025-06-30,5,2,2025-06-30 12:56:00,5,第58回報知新聞社賞静波まつり杯,4,4520,高倉 孝太,3,38,50.5,0,0,0.15,5.24,29.9,50.52,5.39,25,58.33,40.48,50,40.74,46.3
2025-06-30,5,2,2025-06-30 12:56:00,5,第58回報知新聞社賞静波まつり杯,5,4560,庄司 樹良々,3,34,52.8,0,0,0.15,6.39,46.23,65.09,6.14,45.24,64.29,27.03,45.95,30.77,44.23
2025-06-30,5,2,2025-06-30 12:56:00,5,第58回報知新聞社賞静波まつり杯,6,3940,飯山 泰,2,47,52,0,0,0.15,6.37,44.37,64.08,6.34,45.07,69.01,24.19,41.94,24.44,37.78
2025-06-30,5,3,2025-06-30 13:33:00,5,第58回報知新聞社賞静波まつり杯,1,3246,星野 政彦,3,60,52,0,0,0.16,3.96,18.57,28.57,2.62,9.52,9.52,30.43,50,35.19,48.15
2025-06-30,5,3,2025-06-30 13:33:00,5,第58回報知新聞社賞静波まつり杯,2,3467,森 弘行,3,56,52.6,0,0,0.18,3.47,14.1,24.36,2.66,6.38,14.89,30.77,50,40.43,65.96
2025-06-30,5,3,2025-06-30 13:33:00,5,第58回報知新聞社賞静波まつり杯,3,4540,相原 利章,3,37,52,0,0,0.12,5.8,40.7,55.81,5.63,38.67,54.67,15.63,25,29.41,47.06
2025-06-30,5,3,2025-06-30 13:33:00,5,第58回報知新聞社賞静波まつり杯,4,4276,鈴木 勝博,2,42,52,0,0,0.13,6.62,53.54,65.35,0,0,0,15.15,30.3,31.82,63.64
2025-06-30,5,3,2025-06-30 13:33:00,5,第58回報知新聞社賞静波まつり杯,5,4218,吉川 喜継,1,43,52,0,0,0.15,6.14,43.17,65.47,6.71,52.94,64.71,35.71,62.5,16.22,43.24
2025-06-30,5,3,2025-06-30 13:33:00,5,第58回報知新聞社賞静波まつり杯,6,3686,鳥居塚 孝博,2,50,50.5,0,0,0.13,5.85,38.46,61.54,5.44,29.63,51.85,19.23,26.92,18.6,37.21
2025-06-30,5,4,2025-06-30 14:05:00,5,第58回報知新聞社賞静波まつり杯,1,3445,加藤 高史,3,55,52,0,0,0.18,4.94,28.75,48.75,4.9,33.33,46.15,11.76,20.59,41.18,62.75
2025-06-30,5,4,2025-06-30 14:05:00,5,第58回報知新聞社賞静波まつり杯,2,4047,吉永 浩則,3,45,53.6,0,0,0.15,3.46,13.16,26.32,5.17,33.33,45.83,3.45,34.48,31.71,43.9
2025-06-30,5,4,2025-06-30 14:05:00,5,第58回報知新聞社賞静波まつり杯,3,3641,一瀬 明,2,54,52,0,0,0.16,5.88,39.17,59.17,6.36,39.53,68.6,61.11,72.22,20,36
2025-06-30,5,4,2025-06-30 14:05:00,5,第58回報知新聞社賞静波まつり杯,4,3461,渡邊 哲也,3,58,56.5,1,0,0.19,3.74,15.73,32.58,2.72,5.56,11.11,32.79,47.54,34.69,59.18
2025-06-30,5,4,2025-06-30 14:05:00,5,第58回報知新聞社賞静波まつり杯,5,5304,井田 涼介,4,22,57,0,0,0.24,1.31,0,0,1.13,0,0,17.95,33.33,32.73,50.91
2025-06-30,5,4,2025-06-30 14:05:00,5,第58回報知新聞社賞静波まつり杯,6,4654,篠田 優也,1,39,52.7,1,0,0.12,6.22,41.49,64.89,5.6,40,60,39.34,52.46,22.22,38.89
2025-06-30,5,5,2025-06-30 14:37:00,5,第58回報知新聞社賞静波まつり杯,1,5201,村上 宗太郎,3,22,52,1,0,0.16,4.81,32.26,45.16,4.87,34.43,42.62,36.07,54.1,30.77,42.31
2025-06-30,5,5,2025-06-30 14:37:00,5,第58回報知新聞社賞静波まつり杯,2,4381,田路 朋史,2,40,52,0,0,0.16,6.13,42.5,61.67,5.89,33.33,55.56,18.75,31.25,26.67,44.44
2025-06-30,5,5,2025-06-30 14:37:00,5,第58回報知新聞社賞静波まつり杯,3,3642,大塚 浩二,3,54,52,0,0,0.17,3.93,18.89,31.11,4.71,20,48.57,21.67,38.33,41.51,50.94
2025-06-30,5,5,2025-06-30 14:37:00,5,第58回報知新聞社賞静波まつり杯,4,3952,中澤 和志,1,48,52.6,0,0,0.13,6.9,50.36,70.5,7.05,52.27,65.91,17.65,41.18,38.89,59.26
2025-06-30,5,5,2025-06-30 14:37:00,5,第58回報知新聞社賞静波まつり杯,5,3353,前田 光昭,4,57,52.1,1,0,0.14,5.1,35.48,51.61,3.85,22.92,31.25,34.48,50,40.38,53.85
2025-06-30,5,5,2025-06-30 14:37:00,5,第58回報知新聞社賞静波まつり杯,6,3909,佐々木 康幸,1,51,54.6,0,0,0.12,6.58,49.28,59.42,6.1,60,60,40,52.31,25.49,33.33
2025-06-30,5,6,2025-06-30 15:08:00,5,第58回報知新聞社賞静波まつり杯,1,4303,牧原 崇,3,42,52,0,0,0.17,5.34,35.29,52.94,4.62,23.08,46.15,47.17,67.92,20,40
2025-06-30,5,6,2025-06-30 15:08:00,5,第58回報知新聞社賞静波まつり杯,2,4933,板橋 侑我,2,29,52,0,0,0.16,7.17,57.86,75,6.05,36.84,73.68,44.44,59.26,20.45,31.82
2025-06-30,5,6,2025-06-30 15:08:00,5,第58回報知新聞社賞静波まつり杯,3,3912,川原 正明,2,51,52,0,0,0.14,5.6,42.97,55.47,5.8,40,50,25.58,41.86,26.92,38.46
2025-06-30,5,6,2025-06-30 15:08:00,5,第58回報知新聞社賞静波まつり杯,4,4560,庄司 樹良々,3,34,52.8,0,0,0.15,6.39,46.23,65.09,6.14,45.24,64.29,27.03,45.95,30.77,44.23
2025-06-30,5,6,2025-06-30 15:08:00,5,第58回報知新聞社賞静波まつり杯,5,2878,富山 弘幸,2,67,53,0,0,0.17,5.26,26.77,50.39,4.33,6.67,46.67,20,33.33,7.69,30.77
2025-06-30,5,6,2025-06-30 15:08:00,5,第58回報知新聞社賞静波まつり杯,6,4245,高橋 直哉,3,43,52,0,0,0.17,5.04,32.14,50.89,4.83,31.91,44.68,34.62,53.85,35.14,51.35
2025-06-30,5,7,2025-06-30 15:40:00,5,第58回報知新聞社賞静波まつり杯,1,3563,堤 昇,2,55,52.5,0,0,0.15,5.5,36,56.67,5.17,37.5,54.17,37.5,56.25,37.04,57.41
2025-06-30,5,7,2025-06-30 15:40:00,5,第58回報知新聞社賞静波まつり杯,2,4133,高橋 正男,2,45,52.5,0,0,0.16,6.08,38.26,61.74,5.81,41.51,60.38,8.7,34.78,40.74,55.56
2025-06-30,5,7,2025-06-30 15:40:00,5,第58回報知新聞社賞静波まつり杯,3,5318,河内 一馬,4,24,54.1,1,0,0.19,2.46,1.75,11.4,2.7,0,20,15.15,27.27,11.11,22.22
2025-06-30,5,7,2025-06-30 15:40:00,5,第58回報知新聞社賞静波まつり杯,4,5178,成貞 琳平,3,28,53.5,0,0,0.17,3.63,11.34,28.87,2.44,3.13,9.38,37.5,54.69,32.65,51.02
2025-06-30,5,7,2025-06-30 15:40:00,5,第58回報知新聞社賞静波まつり杯,5,3602,奥平 拓也,3,55,52,0,0,0.16,5.36,34.58,54.21,4.69,28.81,42.37,13.95,27.91,26.67,35.56
2025-06-30,5,7,2025-06-30 15:40:00,5,第58回報知新聞社賞静波まつり杯,6,4218,吉川 喜継,1,43,52,0,0,0.15,6.14,43.17,65.47,6.71,52.94,64.71,35.71,62.5,16.22,43.24
2025-06-30,5,8,2025-06-30 16:17:00,5,第58回報知新聞社賞静波まつり杯,1,4276,鈴木 勝博,2,42,52,0,0,0.13,6.62,53.54,65.35,0,0,0,15.15,30.3,31.82,63.64
2025-06-30,5,8,2025-06-30 16:17:00,5,第58回報知新聞社賞静波まつり杯,2,4654,篠田 優也,1,39,52.7,1,0,0.12,6.22,41.49,64.89,5.6,40,60,39.34,52.46,22.22,38.89
2025-06-30,5,8,2025-06-30 16:17:00,5,第58回報知新聞社賞静波まつり杯,3,5127,沼田 大都,3,28,51,0,0,0.19,4.89,25.44,49.12,4.1,17.24,34.48,25,37.5,35.85,41.51
2025-06-30,5,8,2025-06-30 16:17:00,5,第58回報知新聞社賞静波まつり杯,4,4809,外崎 悟,3,36,52,0,0,0.14,6.14,48.05,61.04,5.69,35.56,57.78,26.32,50.88,23.4,38.3
2025-06-30,5,8,2025-06-30 16:17:00,5,第58回報知新聞社賞静波まつり杯,5,4077,品田 直樹,3,46,51.5,0,0,0.18,4.77,25,47.5,4.55,17.65,43.14,19.44,47.22,14.81,37.04
2025-06-30,5,8,2025-06-30 16:17:00,5,第58回報知新聞社賞静波まつり杯,6,5364,金子 怜央,4,25,51.5,0,0,,1.29,0,0,1.14,0,0,23.08,33.33,15.79,26.32
2025-06-30,5,9,2025-06-30 16:46:00,5,第58回報知新聞社賞静波まつり杯,1,4436,渋谷 明憲,1,39,52,0,0,0.15,6.05,45.08,63.93,5.55,32.26,45.16,36.07,47.54,30.43,52.17
2025-06-30,5,9,2025-06-30 16:46:00,5,第58回報知新聞社賞静波まつり杯,2,3940,飯山 泰,2,47,52,0,0,0.15,6.37,44.37,64.08,6.34,45.07,69.01,24.19,41.94,24.44,37.78
2025-06-30,5,9,2025-06-30 16:46:00,5,第58回報知新聞社賞静波まつり杯,3,4752,西尾 亮輔,3,37,52,0,0,0.16,4.36,21.36,42.72,3.96,16,32,35.38,52.31,46,58
2025-06-30,5,9,2025-06-30 16:46:00,5,第58回報知新聞社賞静波まつり杯,4,3909,佐々木 康幸,1,51,54.6,0,0,0.12,6.58,49.28,59.42,6.1,60,60,40,52.31,25.49,33.33
2025-06-30,5,9,2025-06-30 16:46:00,5,第58回報知新聞社賞静波まつり杯,5,3246,星野 政彦,3,60,52,0,0,0.16,3.96,18.57,28.57,2.62,9.52,9.52,30.43,50,35.19,48.15
2025-06-30,5,9,2025-06-30 16:46:00,5,第58回報知新聞社賞静波まつり杯,6,4047,吉永 浩則,3,45,53.6,0,0,0.15,3.46,13.16,26.32,5.17,33.33,45.83,3.45,34.48,31.71,43.9
2025-06-30,5,10,2025-06-30 17:18:00,5,第58回報知新聞社賞静波まつり杯,1,3641,一瀬 明,2,54,52,0,0,0.16,5.88,39.17,59.17,6.36,39.53,68.6,61.11,72.22,20,36
2025-06-30,5,10,2025-06-30 17:18:00,5,第58回報知新聞社賞静波まつり杯,2,4540,相原 利章,3,37,52,0,0,0.12,5.8,40.7,55.81,5.63,38.67,54.67,15.63,25,29.41,47.06
2025-06-30,5,10,2025-06-30 17:18:00,5,第58回報知新聞社賞静波まつり杯,3,4381,田路 朋史,2,40,52,0,0,0.16,6.13,42.5,61.67,5.89,33.33,55.56,18.75,31.25,26.67,44.44
2025-06-30,5,10,2025-06-30 17:18:00,5,第58回報知新聞社賞静波まつり杯,4,4973,栗原 直也,3,32,52,0,0,0.19,4.97,25.53,51.06,4.88,25,56.25,35.48,53.23,25.49,49.02
2025-06-30,5,10,2025-06-30 17:18:00,5,第58回報知新聞社賞静波まつり杯,5,4933,板橋 侑我,2,29,52,0,0,0.16,7.17,57.86,75,6.05,36.84,73.68,44.44,59.26,20.45,31.82
2025-06-30,5,10,2025-06-30 17:18:00,5,第58回報知新聞社賞静波まつり杯,6,4520,高倉 孝太,3,38,50.5,0,0,0.15,5.24,29.9,50.52,5.39,25,58.33,40.48,50,40.74,46.3
2025-06-30,5,11,2025-06-30 17:48:00,5,第58回報知新聞社賞静波まつり杯,1,4492,本多 宏和,1,38,51.5,0,0,0.16,5.83,39.42,57.69,0,0,0,34.62,51.92,26.92,36.54
2025-06-30,5,11,2025-06-30 17:48:00,5,第58回報知新聞社賞静波まつり杯,2,2878,富山 弘幸,2,67,53,0,0,0.17,5.26,26.77,50.39,4.33,6.67,46.67,20,33.33,7.69,30.77
2025-06-30,5,11,2025-06-30 17:48:00,5,第58回報知新聞社賞静波まつり杯,3,3686,鳥居塚 孝博,2,50,50.5,0,0,0.13,5.85,38.46,61.54,5.44,29.63,51.85,19.23,26.92,18.6,37.21
2025-06-30,5,11,2025-06-30 17:48:00,5,第58回報知新聞社賞静波まつり杯,4,3445,加藤 高史,3,55,52,0,0,0.18,4.94,28.75,48.75,4.9,33.33,46.15,11.76,20.59,41.18,62.75
2025-06-30,5,11,2025-06-30 17:48:00,5,第58回報知新聞社賞静波まつり杯,5,5201,村上 宗太郎,3,22,52,1,0,0.16,4.81,32.26,45.16,4.87,34.43,42.62,36.07,54.1,30.77,42.31
2025-06-30,5,11,2025-06-30 17:48:00,5,第58回報知新聞社賞静波まつり杯,6,5178,成貞 琳平,3,28,53.5,0,0,0.17,3.63,11.34,28.87,2.44,3.13,9.38,37.5,54.69,32.65,51.02
2025-06-30,5,12,2025-06-30 18:21:00,5,第58回報知新聞社賞静波まつり杯,1,4083,福島 勇樹,1,45,52,0,0,0.13,5.02,32.2,44.07,6.02,47.46,57.63,15.91,40.91,40.38,59.62
2025-06-30,5,12,2025-06-30 18:21:00,5,第58回報知新聞社賞静波まつり杯,2,3952,中澤 和志,1,48,52.6,0,0,0.13,6.9,50.36,70.5,7.05,52.27,65.91,17.65,41.18,38.89,59.26
2025-06-30,5,12,2025-06-30 18:21:00,5,第58回報知新聞社賞静波まつり杯,3,4303,牧原 崇,3,42,52,0,0,0.17,5.34,35.29,52.94,4.62,23.08,46.15,47.17,67.92,20,40
2025-06-30,5,12,2025-06-30 18:21:00,5,第58回報知新聞社賞静波まつり杯,4,4133,高橋 正男,2,45,52.5,0,0,0.16,6.08,38.26,61.74,5.81,41.51,60.38,8.7,34.78,40.74,55.56
2025-06-30,5,12,2025-06-30 18:21:00,5,第58回報知新聞社賞静波まつり杯,5,4809,外崎 悟,3,36,52,0,0,0.14,6.14,48.05,61.04,5.69,35.56,57.78,26.32,50.88,23.4,38.3
2025-06-30,5,12,2025-06-30 18:21:00,5,第58回報知新聞社賞静波まつり杯,6,3965,北中 元樹,2,46,56.4,0,0,0.15,5.82,39.47,60.53,0,0,0,29.09,52.73,30.61,46.94
2025-06-30,6,1,2025-06-30 11:32:00,5,中日スポーツシルバーカップ,1,4988,牟田 奨太,3,28,54.7,0,0,0.14,4.1,28.13,35.42,5.07,35.71,51.79,33.33,54.17,32.68,50.98
2025-06-30,6,1,2025-06-30 11:32:00,5,中日スポーツシルバーカップ,2,3434,松尾 宣邦,3,56,51.5,0,0,0.16,4.86,30,42.5,3.76,16,32,13.79,27.59,36.88,57.5
2025-06-30,6,1,2025-06-30 11:32:00,5,中日スポーツシルバーカップ,3,4039,村上 功祐,3,46,56.2,0,0,0.15,5.63,36.9,60.71,4.5,37.5,50,44.44,57.41,34.97,52.76
2025-06-30,6,1,2025-06-30 11:32:00,5,中日スポーツシルバーカップ,4,5100,栗原 一馬,3,28,54.6,0,0,0.16,3.1,17.65,23.53,3.88,17.65,32.35,24.24,51.52,33.94,53.33
2025-06-30,6,1,2025-06-30 11:32:00,5,中日スポーツシルバーカップ,5,4390,松本 弓雄,3,39,52.1,1,0,0.16,4.12,18.63,35.29,4.85,22.22,44.44,11.11,27.78,34.36,50.31
2025-06-30,6,1,2025-06-30 11:32:00,5,中日スポーツシルバーカップ,6,5386,米玉利 大悟,4,19,52.5,0,0,,1.36,0,3.13,0,0,0,18.42,42.11,32.73,45.45
2025-06-30,6,2,2025-06-30 11:58:00,5,中日スポーツシルバーカップ,1,4169,多田 有佑,3,42,52,1,0,0.15,4.12,20.65,35.87,4.33,33.33,33.33,15,20,35.06,50
2025-06-30,6,2,2025-06-30 11:58:00,5,中日スポーツシルバーカップ,2,3286,坂東 満,3,56,52.2,0,0,0.15,4.34,22.54,40.85,5.23,29.73,50,6.25,37.5,34.38,47.5
2025-06-30,6,2,2025-06-30 11:58:00,5,中日スポーツシルバーカップ,3,4919,吉田 翔悟,3,34,52,0,0,0.14,5.06,32.53,48.19,5.09,30.43,52.17,22.73,43.18,33.54,49.07
2025-06-30,6,2,2025-06-30 11:58:00,5,中日スポーツシルバーカップ,4,4096,石橋 道友,1,43,52.1,1,0,0.12,6.72,51.3,66.96,7.33,66.67,88.89,23.53,35.29,29.87,49.35
2025-06-30,6,2,2025-06-30 11:58:00,5,中日スポーツシルバーカップ,5,4318,桑原 将光,2,40,52,1,0,0.16,5.62,36.43,56.43,6.36,54.55,72.73,56.86,66.67,42.24,59.01
2025-06-30,6,2,2025-06-30 11:58:00,5,中日スポーツシルバーカップ,6,4058,野末 智一,3,46,52,0,0,0.2,5.38,34.59,56.39,4.92,33.33,50,26.47,58.82,38.79,62.42
2025-06-30,6,3,2025-06-30 12:24:00,5,中日スポーツシルバーカップ,1,5300,横田 海人,4,22,52.5,0,0,0.17,2.39,9.47,13.68,2.22,5.45,10.91,17.86,21.43,33.54,55.49
2025-06-30,6,3,2025-06-30 12:24:00,5,中日スポーツシルバーカップ,2,3904,森 貴洋,2,48,52.8,0,0,0.16,5.36,34.51,53.98,4.42,25,41.67,30,50,42.51,61.08
2025-06-30,6,3,2025-06-30 12:24:00,5,中日スポーツシルバーカップ,3,4022,待鳥 雄紀,2,45,55.7,0,0,0.15,5.06,28.83,47.75,6.53,52.94,64.71,24.24,48.48,40.49,56.44
2025-06-30,6,3,2025-06-30 12:24:00,5,中日スポーツシルバーカップ,4,3614,谷 勝幸,3,52,54.6,0,0,0.17,4.51,25.69,38.53,5.33,33.33,55.56,40,48,36.02,49.07
2025-06-30,6,3,2025-06-30 12:24:00,5,中日スポーツシルバーカップ,5,4407,鹿島 敏弘,3,39,54.4,0,0,0.17,5.1,30.3,50.76,3.85,23.08,30.77,26.19,35.71,35.33,51.5
2025-06-30,6,3,2025-06-30 12:24:00,5,中日スポーツシルバーカップ,6,3898,平田 忠則,1,48,52.7,0,0,0.13,7.27,58.96,76.12,7.41,52.94,82.35,42.55,59.57,28.13,45
2025-06-30,6,4,2025-06-30 12:53:00,5,中日スポーツシルバーカップ,1,4342,谷野 錬志,1,40,52.7,0,0,0.13,6.45,49.28,63.77,7.03,53.47,75.69,18.92,32.43,32.93,54.49
2025-06-30,6,4,2025-06-30 12:53:00,5,中日スポーツシルバーカップ,2,4550,石岡 将太,3,36,54.7,0,0,0.16,5.48,36.45,51.4,3.25,18.75,25,26.09,50,37.95,53.61
2025-06-30,6,4,2025-06-30 12:53:00,5,中日スポーツシルバーカップ,3,4811,向井田 佑紀,3,36,50.5,0,0,0.16,4.77,22.95,44.26,4.8,26.67,46.67,38.3,53.19,43.21,61.73
2025-06-30,6,4,2025-06-30 12:53:00,5,中日スポーツシルバーカップ,4,5190,大月 遊雅,3,24,51.5,0,0,0.17,3.71,19.77,30.23,1.33,0,0,31.25,41.67,33.75,54.38
2025-06-30,6,4,2025-06-30 12:53:00,5,中日スポーツシルバーカップ,5,5376,吉田 一心,4,21,52.6,1,0,,2.5,4.55,9.09,1.17,0,0,50.82,67.21,36.14,56.02
2025-06-30,6,4,2025-06-30 12:53:00,5,中日スポーツシルバーカップ,6,5319,近藤 颯斗,3,24,52,0,0,0.21,4.03,21.05,34.21,3,0,11.11,20.41,46.94,34.94,50
2025-06-30,6,5,2025-06-30 13:25:00,5,中日スポーツシルバーカップ,1,4815,伏島 祐介,3,34,53.2,0,0,0.18,5.22,34.78,54.35,0,0,0,36.17,55.32,36.36,50.3
2025-06-30,6,5,2025-06-30 13:25:00,5,中日スポーツシルバーカップ,2,4888,金児 隆太,2,37,52.1,1,0,0.16,5.78,37.59,58.16,6.6,48,64,40.82,51.02,32.73,48.48
2025-06-30,6,5,2025-06-30 13:25:00,5,中日スポーツシルバーカップ,3,4700,金子 和之,1,38,52.1,0,0,0.14,6.33,45.45,66.67,6.62,48.65,64.86,14.71,26.47,39.74,56.95
2025-06-30,6,5,2025-06-30 13:25:00,5,中日スポーツシルバーカップ,4,3517,高橋 勲,3,57,54.8,0,0,0.15,5.83,40.91,58.33,5.79,42.11,63.16,26.67,31.11,45.4,59.51
2025-06-30,6,5,2025-06-30 13:25:00,5,中日スポーツシルバーカップ,5,5386,米玉利 大悟,4,19,52.5,0,0,,1.36,0,3.13,0,0,0,18.42,42.11,32.73,45.45
2025-06-30,6,5,2025-06-30 13:25:00,5,中日スポーツシルバーカップ,6,4581,吉村 誠,2,35,52,0,0,0.14,6.21,43.44,67.21,6.07,42.48,59.29,21.74,39.13,35.58,49.08
2025-06-30,6,6,2025-06-30 13:57:00,5,中日スポーツシルバーカップ,1,4097,貫地谷 直人,3,43,55.2,0,0,0.21,3.74,13.58,28.4,4.71,28.57,42.86,25.64,38.46,38.41,51.22
2025-06-30,6,6,2025-06-30 13:57:00,5,中日スポーツシルバーカップ,2,4390,松本 弓雄,3,39,52.1,1,0,0.16,4.12,18.63,35.29,4.85,22.22,44.44,11.11,27.78,34.36,50.31
2025-06-30,6,6,2025-06-30 13:57:00,5,中日スポーツシルバーカップ,3,4318,桑原 将光,2,40,52,1,0,0.16,5.62,36.43,56.43,6.36,54.55,72.73,56.86,66.67,32.19,50
2025-06-30,6,6,2025-06-30 13:57:00,5,中日スポーツシルバーカップ,4,4513,河野 真也,2,36,53.2,0,0,0.17,5.25,29.41,54.62,3.67,33.33,33.33,21.74,36.96,29.11,43.67
2025-06-30,6,6,2025-06-30 13:57:00,5,中日スポーツシルバーカップ,5,4521,小池 公生,3,38,52.1,0,0,0.19,5.93,38.1,63.81,5.94,44.44,55.56,29.17,41.67,35.42,47.22
2025-06-30,6,6,2025-06-30 13:57:00,5,中日スポーツシルバーカップ,6,4084,杉山 正樹,1,45,52.2,0,0,0.15,6.53,47.06,63.24,5.67,36.67,53.33,28.95,60.53,34.76,51.22
2025-06-30,6,7,2025-06-30 14:32:00,5,中日スポーツシルバーカップ,1,5179,藤本 元輝,4,28,52.7,0,0,0.19,3.91,17.58,27.47,3.07,6.9,24.14,8,16,36.88,53.13
2025-06-30,6,7,2025-06-30 14:32:00,5,中日スポーツシルバーカップ,2,3898,平田 忠則,1,48,52.7,0,0,0.13,7.27,58.96,76.12,7.41,52.94,82.35,42.55,59.57,28.13,45
2025-06-30,6,7,2025-06-30 14:32:00,5,中日スポーツシルバーカップ,3,3685,荒井 輝年,2,51,55.6,0,0,0.16,5.31,34.58,50.47,0,0,0,47.92,62.5,39.02,57.93
2025-06-30,6,7,2025-06-30 14:32:00,5,中日スポーツシルバーカップ,4,4727,安部 慎一,3,37,53.5,0,0,0.14,4.44,26.88,39.78,4.81,26.92,42.31,31.91,55.32,36.02,54.04
2025-06-30,6,7,2025-06-30 14:32:00,5,中日スポーツシルバーカップ,5,3717,立間 充宏,2,50,54.8,0,0,0.14,5.36,39.47,52.63,5.91,39.53,55.81,21.28,38.3,32.72,48.15
2025-06-30,6,7,2025-06-30 14:32:00,5,中日スポーツシルバーカップ,6,4919,吉田 翔悟,3,34,52,0,0,0.14,5.06,32.53,48.19,5.09,30.43,52.17,22.73,43.18,33.54,49.07
2025-06-30,6,8,2025-06-30 15:05:00,5,中日スポーツシルバーカップ,1,3955,眞田 英二,2,48,52,0,0,0.18,5.35,33.33,50.48,6.67,58.33,66.67,32.56,37.21,29.56,50.31
2025-06-30,6,8,2025-06-30 15:05:00,5,中日スポーツシルバーカップ,2,5319,近藤 颯斗,3,24,52,0,0,0.21,4.03,21.05,34.21,3,0,11.11,20.41,46.94,34.94,50
2025-06-30,6,8,2025-06-30 15:05:00,5,中日スポーツシルバーカップ,3,3434,松尾 宣邦,3,56,51.5,0,0,0.16,4.86,30,42.5,3.76,16,32,13.79,27.59,36.88,57.5
2025-06-30,6,8,2025-06-30 15:05:00,5,中日スポーツシルバーカップ,4,4102,益田 啓司,1,46,51.5,0,0,0.13,6.27,46.02,59.29,0,0,0,42.86,57.14,34.97,44.17
2025-06-30,6,8,2025-06-30 15:05:00,5,中日スポーツシルバーカップ,5,4169,多田 有佑,3,42,52,1,0,0.15,4.12,20.65,35.87,4.33,33.33,33.33,15,20,35.06,50
2025-06-30,6,8,2025-06-30 15:05:00,5,中日スポーツシルバーカップ,6,5368,宮崎 心之介,4,23,51.5,1,0,,2.41,4.11,12.33,2.4,0,10,26.19,57.14,29.75,51.9
2025-06-30,6,9,2025-06-30 15:32:00,5,中日スポーツシルバーカップ,1,4052,興津 藍,3,44,51,0,0,0.17,6.5,50.48,69.52,7.12,60,76,18.18,34.09,32.69,53.85
2025-06-30,6,9,2025-06-30 15:32:00,5,中日スポーツシルバーカップ,2,4581,吉村 誠,2,35,52,0,0,0.14,6.21,43.44,67.21,6.07,42.48,59.29,21.74,39.13,35.58,49.08
2025-06-30,6,9,2025-06-30 15:32:00,5,中日スポーツシルバーカップ,3,4096,石橋 道友,1,43,52.1,1,0,0.12,6.72,51.3,66.96,7.33,66.67,88.89,23.53,35.29,29.87,49.35
2025-06-30,6,9,2025-06-30 15:32:00,5,中日スポーツシルバーカップ,4,4988,牟田 奨太,3,28,54.7,0,0,0.14,4.1,28.13,35.42,5.07,35.71,51.79,33.33,54.17,32.68,50.98
2025-06-30,6,9,2025-06-30 15:32:00,5,中日スポーツシルバーカップ,5,4550,石岡 将太,3,36,54.7,0,0,0.16,5.48,36.45,51.4,3.25,18.75,25,26.09,50,37.95,53.61
2025-06-30,6,9,2025-06-30 15:32:00,5,中日スポーツシルバーカップ,6,3904,森 貴洋,2,48,52.8,0,0,0.16,5.36,34.51,53.98,4.42,25,41.67,30,50,42.51,61.08
2025-06-30,6,10,2025-06-30 16:07:00,5,中日スポーツシルバーカップ,1,4888,金児 隆太,2,37,52.2,1,0,0.16,5.78,37.59,58.16,6.6,48,64,40.82,51.02,32.73,48.48
2025-06-30,6,10,2025-06-30 16:07:00,5,中日スポーツシルバーカップ,2,4084,杉山 正樹,1,45,52.4,0,0,0.15,6.53,47.06,63.24,5.67,36.67,53.33,28.95,60.53,34.76,51.22
2025-06-30,6,10,2025-06-30 16:07:00,5,中日スポーツシルバーカップ,3,4058,野末 智一,3,46,51.5,0,0,0.2,5.38,34.59,56.39,4.92,33.33,50,26.47,58.82,38.79,62.42
2025-06-30,6,10,2025-06-30 16:07:00,5,中日スポーツシルバーカップ,4,4124,池田 雄一,2,43,52.2,0,0,0.15,6.56,51.45,65.94,6.33,50.49,65.05,22.22,29.63,32.72,46.3
2025-06-30,6,10,2025-06-30 16:07:00,5,中日スポーツシルバーカップ,5,3614,谷 勝幸,3,52,54.3,0,0,0.17,4.51,25.69,38.53,5.33,33.33,55.56,40,48,36.02,49.07
2025-06-30,6,10,2025-06-30 16:07:00,5,中日スポーツシルバーカップ,6,4039,村上 功祐,3,46,56.7,0,0,0.15,5.63,36.9,60.71,4.5,37.5,50,44.44,57.41,34.97,52.76
2025-06-30,6,11,2025-06-30 16:36:00,5,中日スポーツシルバーカップ,1,3685,荒井 輝年,2,51,55.6,0,0,0.16,5.31,34.58,50.47,0,0,0,47.92,62.5,39.02,57.93
2025-06-30,6,11,2025-06-30 16:36:00,5,中日スポーツシルバーカップ,2,4025,山本 隆幸,2,47,52,0,0,0.17,6.33,44.93,62.32,6.1,37.5,62.5,48,60,34.36,53.37
2025-06-30,6,11,2025-06-30 16:36:00,5,中日スポーツシルバーカップ,3,3286,坂東 満,3,56,52.2,0,0,0.15,4.34,22.54,40.85,5.23,29.73,50,6.25,37.5,34.38,47.5
2025-06-30,6,11,2025-06-30 16:36:00,5,中日スポーツシルバーカップ,4,4022,待鳥 雄紀,2,45,55.7,0,0,0.15,5.06,28.83,47.75,6.53,52.94,64.71,24.24,48.48,40.49,56.44
2025-06-30,6,11,2025-06-30 16:36:00,5,中日スポーツシルバーカップ,5,4700,金子 和之,1,38,52.1,0,0,0.14,6.33,45.45,66.67,6.62,48.65,64.86,14.71,26.47,39.74,56.95
2025-06-30,6,11,2025-06-30 16:36:00,5,中日スポーツシルバーカップ,6,4811,向井田 佑紀,3,36,50.5,0,0,0.16,4.77,22.95,44.26,4.8,26.67,46.67,38.3,53.19,43.21,61.73
2025-06-30,6,12,2025-06-30 17:06:00,5,中日スポーツシルバーカップ,1,4102,益田 啓司,1,46,51.5,0,0,0.13,6.27,46.02,59.29,0,0,0,42.86,57.14,34.97,44.17
2025-06-30,6,12,2025-06-30 17:06:00,5,中日スポーツシルバーカップ,2,4815,伏島 祐介,3,34,53.2,0,0,0.18,5.22,34.78,54.35,0,0,0,36.17,55.32,36.36,50.3
2025-06-30,6,12,2025-06-30 17:06:00,5,中日スポーツシルバーカップ,3,3717,立間 充宏,2,50,54.8,0,0,0.14,5.36,39.47,52.63,5.91,39.53,55.81,21.28,38.3,32.72,48.15
2025-06-30,6,12,2025-06-30 17:06:00,5,中日スポーツシルバーカップ,4,4407,鹿島 敏弘,3,39,54.4,0,0,0.17,5.1,30.3,50.76,3.85,23.08,30.77,26.19,35.71,35.33,51.5
2025-06-30,6,12,2025-06-30 17:06:00,5,中日スポーツシルバーカップ,5,4342,谷野 錬志,1,40,52.7,0,0,0.13,6.45,49.28,63.77,7.03,53.47,75.69,18.92,32.43,32.93,54.49
2025-06-30,6,12,2025-06-30 17:06:00,5,中日スポーツシルバーカップ,6,4513,河野 真也,2,36,53.2,0,0,0.17,5.25,29.41,54.62,3.67,33.33,33.33,21.74,36.96,29.11,43.67
2025-06-30,8,1,2025-06-30 10:25:00,5,第29回ドラゴン大賞,1,3838,伊藤 啓三,2,50,52.5,0,0,0.14,5.74,36.09,55.64,5.22,25.93,40.74,17.12,27.93,0,0
2025-06-30,8,1,2025-06-30 10:25:00,5,第29回ドラゴン大賞,2,4557,松尾 光広,3,35,54.7,0,0,0.19,4.89,30.68,45.45,4.8,20,60,28.46,40,0,0
2025-06-30,8,1,2025-06-30 10:25:00,5,第29回ドラゴン大賞,3,5064,品川 二千翔,3,26,52.4,0,0,0.16,5.4,34.44,57.78,4.08,16.67,33.33,33.58,47.76,0,0
2025-06-30,8,1,2025-06-30 10:25:00,5,第29回ドラゴン大賞,4,3831,安藤 裕貴,4,50,52,0,0,0.15,4.14,25,32.89,4.29,25.49,35.29,28.47,40.88,0,0
2025-06-30,8,1,2025-06-30 10:25:00,5,第29回ドラゴン大賞,5,4277,金田 大輔,3,41,51,0,0,0.16,4.99,33.33,44.09,4.38,23.08,38.46,38,52,0,0
2025-06-30,8,1,2025-06-30 10:25:00,5,第29回ドラゴン大賞,6,4306,畔柳 俊吾,3,41,51.5,0,0,0.18,5.04,22.61,46.09,5.33,31.58,50.88,25.18,41.01,0,0
2025-06-30,8,2,2025-06-30 10:53:00,5,第29回ドラゴン大賞,1,3889,須藤 隆雄,3,50,54.7,0,0,0.15,3.82,20.88,27.47,4.38,26.47,44.12,49.04,73.89,0,0
2025-06-30,8,2,2025-06-30 10:53:00,5,第29回ドラゴン大賞,2,4251,川崎 誠志,3,42,52,0,0,0.2,4.48,23.39,39.52,5.38,34.62,50,43.33,61.33,0,0
2025-06-30,8,2,2025-06-30 10:53:00,5,第29回ドラゴン大賞,3,4377,濱本 優一,2,41,50,0,0,0.18,6.25,44.44,69.23,7.13,46.67,86.67,27.89,44.9,0,0
2025-06-30,8,2,2025-06-30 10:53:00,5,第29回ドラゴン大賞,4,4861,田中 宏樹,3,37,52,0,0,0.17,5.57,37.93,53.45,5.21,28.57,60.71,32.26,45.81,0,0
2025-06-30,8,2,2025-06-30 10:53:00,5,第29回ドラゴン大賞,5,4015,前野 竜一,2,45,57.8,0,0,0.16,6.22,44.44,66.67,5.93,33.33,60,30.61,44.22,0,0
2025-06-30,8,2,2025-06-30 10:53:00,5,第29回ドラゴン大賞,6,4140,梶野 学志,1,44,52.6,0,0,0.15,6.02,43.21,60.49,6.23,51.61,64.52,39.58,54.86,0,0
2025-06-30,8,3,2025-06-30 11:20:00,5,第29回ドラゴン大賞,1,4229,市川 美宏,3,42,52.6,0,0,0.18,4.5,19.23,37.5,4.46,16.67,41.67,44.08,57.24,0,0
2025-06-30,8,3,2025-06-30 11:20:00,5,第29回ドラゴン大賞,2,3661,柳瀬 興志,3,55,57.9,0,0,0.16,5.34,27.88,56.73,5.43,14.29,64.29,32.39,50,0,0
2025-06-30,8,3,2025-06-30 11:20:00,5,第29回ドラゴン大賞,3,4114,深澤 達徳,2,44,52,1,0,0.17,5.67,32.48,60.68,5.43,28.57,42.86,35.57,61.74,0,0
2025-06-30,8,3,2025-06-30 11:20:00,5,第29回ドラゴン大賞,4,5371,早川 颯太,4,22,55.1,0,0,,1.33,0,2.99,0,0,0,35.37,53.74,0,0
2025-06-30,8,3,2025-06-30 11:20:00,5,第29回ドラゴン大賞,5,3502,渡邉 英児,2,55,52.4,0,0,0.17,5.32,33.09,51.47,6.73,54.55,68.18,29.71,42.75,0,0
2025-06-30,8,3,2025-06-30 11:20:00,5,第29回ドラゴン大賞,6,4391,松田 祐季,1,39,52,0,0,0.15,7.01,52.8,69.6,6.28,40.63,59.38,29.66,43.45,0,0
2025-06-30,8,4,2025-06-30 11:48:00,5,第29回ドラゴン大賞,1,3787,天野 誠,3,53,52.2,0,0,0.19,4.06,21.15,32.69,4.69,23.08,38.46,28.21,42.74,0,0
2025-06-30,8,4,2025-06-30 11:48:00,5,第29回ドラゴン大賞,2,4516,野口 勝弘,1,38,50,0,0,0.15,6.31,43.08,65.38,6.88,48.53,73.53,36.94,56.69,0,0
2025-06-30,8,4,2025-06-30 11:48:00,5,第29回ドラゴン大賞,3,4382,高山 智至,3,40,54.4,0,0,0.15,4.45,19.05,41.67,5.13,29.17,45.83,24.46,46.04,0,0
2025-06-30,8,4,2025-06-30 11:48:00,5,第29回ドラゴン大賞,4,4111,奥田 誠,3,45,54.4,0,0,0.19,5.1,28.57,51.59,5.25,33.33,50,36.81,51.39,0,0
2025-06-30,8,4,2025-06-30 11:48:00,5,第29回ドラゴン大賞,5,4173,岡谷 健吾,3,42,55.1,0,0,0.18,4.88,30.56,45.37,5.46,32.14,60.71,35,45,0,0
2025-06-30,8,4,2025-06-30 11:48:00,5,第29回ドラゴン大賞,6,4105,松下 直也,2,45,52,0,0,0.17,5.53,33.09,56.12,6.57,57.14,85.71,29.29,49.29,0,0
2025-06-30,8,5,2025-06-30 12:18:00,5,第29回ドラゴン大賞,1,4538,笠置 博之,2,34,52.8,0,0,0.15,5.8,40.68,58.47,4.68,27.5,40,35.62,50.68,0,0
2025-06-30,8,5,2025-06-30 12:18:00,5,第29回ドラゴン大賞,2,3804,中渡 修作,3,51,52.1,0,0,0.16,4.3,25,35.53,4.17,16.67,16.67,36.65,54.66,0,0
2025-06-30,8,5,2025-06-30 12:18:00,5,第29回ドラゴン大賞,3,3024,西島 義則,1,63,55.6,0,0,0.16,6.94,57.75,70.42,6.87,60.87,69.57,41.61,58.39,0,0
2025-06-30,8,5,2025-06-30 12:18:00,5,第29回ドラゴン大賞,4,5344,谷口 丞,4,22,52.7,0,0,0.15,2.63,8.96,16.42,1.84,5.26,5.26,41.72,55.63,0,0
2025-06-30,8,5,2025-06-30 12:18:00,5,第29回ドラゴン大賞,5,4120,柘植 政浩,2,43,51,0,0,0.15,5.55,33.64,58.18,5.6,30,60,31.08,51.35,0,0
2025-06-30,8,5,2025-06-30 12:18:00,5,第29回ドラゴン大賞,6,5039,倉田 茂将,3,27,54.8,0,0,0.16,5.01,31.82,48.18,4.27,27.03,32.43,34.72,51.39,0,0
2025-06-30,8,6,2025-06-30 12:47:00,5,第29回ドラゴン大賞,1,4290,稲田 浩二,1,40,52,0,0,0.12,7.11,47.48,66.19,4.67,0,44.44,20.33,30.89,0,0
2025-06-30,8,6,2025-06-30 12:47:00,5,第29回ドラゴン大賞,2,5154,村松 栄太,3,29,52.9,0,0,0.17,4.74,30.11,46.24,3.17,0,16.67,18.84,36.96,0,0
2025-06-30,8,6,2025-06-30 12:47:00,5,第29回ドラゴン大賞,3,4306,畔柳 俊吾,3,41,51.5,0,0,0.18,5.04,22.61,46.09,5.33,31.58,50.88,25.18,41.01,0,0
2025-06-30,8,6,2025-06-30 12:47:00,5,第29回ドラゴン大賞,4,4708,半田 尚也,3,36,54.4,0,0,0.19,4.59,21.9,45.71,3.07,0,21.43,31.33,48.67,0,0
2025-06-30,8,6,2025-06-30 12:47:00,5,第29回ドラゴン大賞,5,3889,須藤 隆雄,3,50,54.7,0,0,0.15,3.82,20.88,27.47,4.38,26.47,44.12,49.04,73.89,0,0
2025-06-30,8,6,2025-06-30 12:47:00,5,第29回ドラゴン大賞,6,3692,竹腰 正樹,3,54,52,0,0,0.17,5.58,39.82,57.52,4.59,31.82,40.91,38.46,53.85,0,0
2025-06-30,8,7,2025-06-30 13:15:00,5,第29回ドラゴン大賞,1,4031,飯島 誠,3,46,53.4,0,0,0.19,4.47,18.95,41.05,5.48,38.1,54.76,35.25,50.36,0,0
2025-06-30,8,7,2025-06-30 13:15:00,5,第29回ドラゴン大賞,2,4293,鈴木 智啓,2,39,58.7,0,0,0.17,6,45.1,58.82,6.19,46.15,61.54,32.65,48.98,0,0
2025-06-30,8,7,2025-06-30 13:15:00,5,第29回ドラゴン大賞,3,3831,安藤 裕貴,4,50,52,0,0,0.15,4.14,25,32.89,4.29,25.49,35.29,28.47,40.88,0,0
2025-06-30,8,7,2025-06-30 13:15:00,5,第29回ドラゴン大賞,4,4336,松田 竜馬,2,41,52.7,0,0,0.14,5.07,32.73,48.18,5.6,30,55,33.33,52.67,0,0
2025-06-30,8,7,2025-06-30 13:15:00,5,第29回ドラゴン大賞,5,4287,今井 貴士,1,40,56.2,1,0,0.14,6.6,50.34,65.52,5.79,41.67,50,14.05,33.06,0,0
2025-06-30,8,7,2025-06-30 13:15:00,5,第29回ドラゴン大賞,6,3661,柳瀬 興志,3,55,57.9,0,0,0.16,5.34,27.88,56.73,5.43,14.29,64.29,32.39,50,0,0
2025-06-30,8,8,2025-06-30 13:45:00,5,第29回ドラゴン大賞,1,4111,奥田 誠,3,45,54.4,0,0,0.19,5.1,28.57,51.59,5.25,33.33,50,36.81,51.39,0,0
2025-06-30,8,8,2025-06-30 13:45:00,5,第29回ドラゴン大賞,2,3158,島川 光男,1,60,52,0,0,0.15,5.69,41.38,54.31,6,42.11,57.89,28.78,43.17,0,0
2025-06-30,8,8,2025-06-30 13:45:00,5,第29回ドラゴン大賞,3,4277,金田 大輔,3,41,51,0,0,0.16,4.99,33.33,44.09,4.38,23.08,38.46,38,52,0,0
2025-06-30,8,8,2025-06-30 13:45:00,5,第29回ドラゴン大賞,4,4391,松田 祐季,1,39,52,0,0,0.15,7.01,52.8,69.6,6.28,40.63,59.38,29.66,43.45,0,0
2025-06-30,8,8,2025-06-30 13:45:00,5,第29回ドラゴン大賞,5,5041,荒牧 凪沙,3,26,52,0,0,0.15,4.7,22.89,44.58,6.33,40,60,26.32,43.61,0,0
2025-06-30,8,8,2025-06-30 13:45:00,5,第29回ドラゴン大賞,6,4377,濱本 優一,2,41,50,0,0,0.18,6.25,44.44,69.23,7.13,46.67,86.67,27.89,44.9,0,0
2025-06-30,8,9,2025-06-30 14:16:00,5,第29回ドラゴン大賞,1,4173,岡谷 健吾,3,42,55.1,0,0,0.18,4.88,30.56,45.37,5.46,32.14,60.71,35,45,0,0
2025-06-30,8,9,2025-06-30 14:16:00,5,第29回ドラゴン大賞,2,4420,津久井 拓也,2,37,52,0,0,0.16,5.66,40.6,60.15,5.76,42.11,60.53,27.07,54.14,0,0
2025-06-30,8,9,2025-06-30 14:16:00,5,第29回ドラゴン大賞,3,4229,市川 美宏,3,42,52.6,0,0,0.18,4.5,19.23,37.5,4.46,16.67,41.67,44.08,57.24,0,0
2025-06-30,8,9,2025-06-30 14:16:00,5,第29回ドラゴン大賞,4,4140,梶野 学志,1,44,52.6,0,0,0.15,6.02,43.21,60.49,6.23,51.61,64.52,39.58,54.86,0,0
2025-06-30,8,9,2025-06-30 14:16:00,5,第29回ドラゴン大賞,5,3905,天野 友和,2,47,52,0,0,0.16,5.93,43.24,60.81,5.9,37.5,60,34.04,54.61,0,0
2025-06-30,8,9,2025-06-30 14:16:00,5,第29回ドラゴン大賞,6,3804,中渡 修作,3,51,52.1,0,0,0.16,4.3,25,35.53,4.17,16.67,16.67,36.65,54.66,0,0
2025-06-30,8,10,2025-06-30 14:51:00,5,第29回ドラゴン大賞,1,4114,深澤 達徳,2,44,52,1,0,0.17,5.67,32.48,60.68,5.43,28.57,42.86,35.57,61.74,0,0
2025-06-30,8,10,2025-06-30 14:51:00,5,第29回ドラゴン大賞,2,4180,上野 秀和,3,42,56.8,0,0,0.17,4.37,24.24,40.4,4.3,30,35,35.46,58.87,0,0
2025-06-30,8,10,2025-06-30 14:51:00,5,第29回ドラゴン大賞,3,4120,柘植 政浩,2,43,51,0,0,0.15,5.55,33.64,58.18,5.6,30,60,31.08,51.35,0,0
2025-06-30,8,10,2025-06-30 14:51:00,5,第29回ドラゴン大賞,4,5064,品川 二千翔,3,26,52.4,0,0,0.16,5.4,34.44,57.78,4.08,16.67,33.33,33.58,47.76,0,0
2025-06-30,8,10,2025-06-30 14:51:00,5,第29回ドラゴン大賞,5,4516,野口 勝弘,1,38,50,0,0,0.15,6.31,43.08,65.38,6.88,48.53,73.53,36.94,56.69,0,0
2025-06-30,8,10,2025-06-30 14:51:00,5,第29回ドラゴン大賞,6,4251,川崎 誠志,3,42,52,0,0,0.2,4.48,23.39,39.52,5.38,34.62,50,43.33,61.33,0,0
2025-06-30,8,11,2025-06-30 15:26:00,5,第29回ドラゴン大賞,1,3502,渡邉 英児,2,55,51.5,0,0,0.17,5.32,33.09,51.47,6.73,54.55,68.18,29.71,42.75,0,0
2025-06-30,8,11,2025-06-30 15:26:00,5,第29回ドラゴン大賞,2,5039,倉田 茂将,3,27,55.4,0,0,0.16,5.01,31.82,48.18,4.27,27.03,32.43,34.72,51.39,0,0
2025-06-30,8,11,2025-06-30 15:26:00,5,第29回ドラゴン大賞,3,3838,伊藤 啓三,2,50,52.4,0,0,0.14,5.74,36.09,55.64,5.22,25.93,40.74,17.12,27.93,0,0
2025-06-30,8,11,2025-06-30 15:26:00,5,第29回ドラゴン大賞,4,3787,天野 誠,3,53,52.4,0,0,0.19,4.06,21.15,32.69,4.69,23.08,38.46,28.21,42.74,0,0
2025-06-30,8,11,2025-06-30 15:26:00,5,第29回ドラゴン大賞,5,4290,稲田 浩二,1,40,52,0,0,0.12,7.11,47.48,66.19,4.67,0,44.44,20.33,30.89,0,0
2025-06-30,8,11,2025-06-30 15:26:00,5,第29回ドラゴン大賞,6,4293,鈴木 智啓,2,39,58.2,0,0,0.17,6,45.1,58.82,6.19,46.15,61.54,32.65,48.98,0,0
2025-06-30,8,12,2025-06-30 16:02:00,5,第29回ドラゴン大賞,1,4287,今井 貴士,1,40,56.2,1,0,0.14,6.6,50.34,65.52,5.79,41.67,50,14.05,33.06,0,0
2025-06-30,8,12,2025-06-30 16:02:00,5,第29回ドラゴン大賞,2,3024,西島 義則,1,63,55.6,0,0,0.16,6.94,57.75,70.42,6.87,60.87,69.57,41.61,58.39,0,0
2025-06-30,8,12,2025-06-30 16:02:00,5,第29回ドラゴン大賞,3,3692,竹腰 正樹,3,54,52,0,0,0.17,5.58,39.82,57.52,4.59,31.82,40.91,38.46,53.85,0,0
2025-06-30,8,12,2025-06-30 16:02:00,5,第29回ドラゴン大賞,4,5041,荒牧 凪沙,3,26,52,0,0,0.15,4.7,22.89,44.58,6.33,40,60,26.32,43.61,0,0
2025-06-30,8,12,2025-06-30 16:02:00,5,第29回ドラゴン大賞,5,4105,松下 直也,2,45,52,0,0,0.17,5.53,33.09,56.12,6.57,57.14,85.71,29.29,49.29,0,0
2025-06-30,8,12,2025-06-30 16:02:00,5,第29回ドラゴン大賞,6,4015,前野 竜一,2,45,57.8,0,0,0.16,6.22,44.44,66.67,5.93,33.33,60,30.61,44.22,0,0
2025-06-30,9,1,2025-06-30 10:29:00,5,マンスリーBOATRACE杯,1,4177,萬 正嗣,2,42,55.4,0,0,0.14,4.14,21.25,36.25,4.38,30.77,46.15,37.25,60.78,30.59,47.06
2025-06-30,9,1,2025-06-30 10:29:00,5,マンスリーBOATRACE杯,2,3361,岡部 浩,3,56,52,0,0,0.18,3.78,17.44,27.91,4.6,20,40,27.47,42.86,34.41,49.46
2025-06-30,9,1,2025-06-30 10:29:00,5,マンスリーBOATRACE杯,3,5007,近藤 雄一郎,3,28,53.5,0,0,0.18,4.39,20.79,42.57,4.06,11.76,38.24,17.89,35.79,33,48
2025-06-30,9,1,2025-06-30 10:29:00,5,マンスリーBOATRACE杯,4,4116,川田 正人,3,44,51,0,0,0.2,5.6,36.27,57.84,3.33,22.22,22.22,34.96,47.15,38.18,54.55
2025-06-30,9,1,2025-06-30 10:29:00,5,マンスリーBOATRACE杯,5,5366,塩嶋 泰空,4,23,55.3,1,0,,1.1,0,0,1,0,0,33.72,46.51,37.96,54.63
2025-06-30,9,1,2025-06-30 10:29:00,5,マンスリーBOATRACE杯,6,4574,東 潤樹,3,36,52,0,0,0.18,4.61,24.78,38.94,5,29.63,51.85,32.04,59.22,33.63,51.33
2025-06-30,9,2,2025-06-30 10:56:00,5,マンスリーBOATRACE杯,1,3105,内山 文典,3,61,52.3,0,0,0.17,5.18,32.73,50.91,5.1,29.03,54.84,33.06,53.72,33.94,49.54
2025-06-30,9,2,2025-06-30 10:56:00,5,マンスリーBOATRACE杯,2,4890,石川 諒,3,36,52.1,0,0,0.13,5.17,33.33,48.41,5.64,36.36,45.45,30.85,36.17,30.91,44.55
2025-06-30,9,2,2025-06-30 10:56:00,5,マンスリーBOATRACE杯,3,4899,占部 一真,3,33,52.1,0,0,0.18,4.79,29.41,43.53,3,12.5,25,27.64,48.78,46.74,68.48
2025-06-30,9,2,2025-06-30 10:56:00,5,マンスリーBOATRACE杯,4,4010,越智 照浩,3,45,55.8,0,0,0.17,3.84,12.24,30.61,3.87,6.67,33.33,31.43,44.76,28.74,48.28
2025-06-30,9,2,2025-06-30 10:56:00,5,マンスリーBOATRACE杯,5,3855,大熊 辰弥,3,52,53.8,0,0,0.23,3.44,11.29,29.03,5.33,22.22,55.56,39.77,61.36,34.69,46.94
2025-06-30,9,2,2025-06-30 10:56:00,5,マンスリーBOATRACE杯,6,5354,渡邊 雄斗,4,20,51,1,0,0.18,1.53,0,0,1.41,0,0,33.91,46.09,27.93,47.75
2025-06-30,9,3,2025-06-30 11:24:00,5,マンスリーBOATRACE杯,1,5063,大塚 雅治,3,27,52.5,0,0,0.17,4.48,25,40,3.31,6.25,25,28.72,50,41.41,58.59
2025-06-30,9,3,2025-06-30 11:24:00,5,マンスリーBOATRACE杯,2,5066,鈴木 孝明,3,26,52.9,0,0,0.18,5.45,36.17,51.06,0,0,0,28.97,45.79,35.4,50.44
2025-06-30,9,3,2025-06-30 11:24:00,5,マンスリーBOATRACE杯,3,3915,繁野谷 圭介,2,51,52,0,0,0.18,5.4,32.26,54.84,6.18,31.82,63.64,48.78,69.51,25.53,37.23
2025-06-30,9,3,2025-06-30 11:24:00,5,マンスリーBOATRACE杯,4,4735,角山 雄哉,3,34,53.7,0,0,0.17,4.57,27.37,37.89,4.06,17.65,35.29,38.38,53.54,28.85,46.15
2025-06-30,9,3,2025-06-30 11:24:00,5,マンスリーBOATRACE杯,5,3340,池田 雷太,3,59,52.7,0,0,0.18,4.7,29.32,39.85,4.31,12.82,43.59,37.3,47.62,27.1,47.66
2025-06-30,9,3,2025-06-30 11:24:00,5,マンスリーBOATRACE杯,6,5143,常盤 海心,3,24,53,0,0,0.22,4.61,20,45,0,0,0,25.42,44.92,50,67.78
2025-06-30,9,4,2025-06-30 11:52:00,5,マンスリーBOATRACE杯,1,4376,藤田 靖弘,3,41,52.3,0,0,0.16,5.35,33.63,51.33,6.1,43.55,62.9,32.23,47.93,41.77,53.16
2025-06-30,9,4,2025-06-30 11:52:00,5,マンスリーBOATRACE杯,2,4416,三宅 健太,3,38,54.1,0,0,0.18,5.3,31.48,54.63,0,0,0,30.28,49.54,31.19,49.54
2025-06-30,9,4,2025-06-30 11:52:00,5,マンスリーBOATRACE杯,3,4145,小澤 学,3,43,52,0,0,0.25,3.66,8.33,26.04,4.07,6.9,34.48,27.27,37.5,43.88,60.2
2025-06-30,9,4,2025-06-30 11:52:00,5,マンスリーBOATRACE杯,4,3745,橋本 年光,1,50,52.3,0,0,0.16,5.81,40.68,57.63,6.61,43.48,69.57,26.92,42.31,30.69,43.56
2025-06-30,9,4,2025-06-30 11:52:00,5,マンスリーBOATRACE杯,5,4438,森作 雄大,2,38,52,1,0,0.13,5.48,39.26,54.07,5.15,35,45,38.79,57.76,25.93,38.89
2025-06-30,9,4,2025-06-30 11:52:00,5,マンスリーBOATRACE杯,6,5378,鈴木 結平太,4,21,51,1,0,,1.37,0,1.92,0.88,0,0,23.53,46.08,39.45,59.63
2025-06-30,9,5,2025-06-30 12:21:00,5,マンスリーBOATRACE杯,1,3350,藤本 佳史,2,57,52,0,0,0.16,4.95,30.91,49.09,5.5,40,60,33.33,47.92,49.3,63.38
2025-06-30,9,5,2025-06-30 12:21:00,5,マンスリーBOATRACE杯,2,3921,川村 正輝,3,50,52,0,0,0.17,4.42,20.27,36.49,5.1,35,50,35.44,46.84,36.9,47.62
2025-06-30,9,5,2025-06-30 12:21:00,5,マンスリーBOATRACE杯,3,4527,高野 心吾,3,37,52,0,0,0.17,3.63,15.38,26.92,4,20.45,34.09,33.85,49.23,13.11,24.59
2025-06-30,9,5,2025-06-30 12:21:00,5,マンスリーBOATRACE杯,4,5249,三木 晴斗,3,23,52.5,0,0,0.15,4.79,29.47,44.21,2.22,0,0,33.33,49.55,46.94,64.29
2025-06-30,9,5,2025-06-30 12:21:00,5,マンスリーBOATRACE杯,5,5007,近藤 雄一郎,3,28,53.5,0,0,0.18,4.39,20.79,42.57,4.06,11.76,38.24,17.89,35.79,33,48
2025-06-30,9,5,2025-06-30 12:21:00,5,マンスリーBOATRACE杯,6,5366,塩嶋 泰空,4,23,55.3,1,0,,1.1,0,0,1,0,0,33.72,46.51,37.96,54.63
2025-06-30,9,6,2025-06-30 12:50:00,5,マンスリーBOATRACE杯,1,4910,中村 泰平,3,29,52,0,0,0.17,6.09,37.08,66.29,6.15,46.15,69.23,33.01,48.54,25,37.5
2025-06-30,9,6,2025-06-30 12:50:00,5,マンスリーBOATRACE杯,2,4693,松下 誉士,3,41,52.5,0,0,0.17,4.41,22.22,38.1,4.15,7.69,38.46,39.64,57.66,32,44
2025-06-30,9,6,2025-06-30 12:50:00,5,マンスリーBOATRACE杯,3,4175,川尻 泰輔,2,42,55.9,0,0,0.14,5.07,31.36,51.69,6.82,54.55,81.82,38.33,53.33,29.63,37.96
2025-06-30,9,6,2025-06-30 12:50:00,5,マンスリーBOATRACE杯,4,4574,東 潤樹,3,36,52,0,0,0.18,4.61,24.78,38.94,5,29.63,51.85,32.04,59.22,33.63,51.33
2025-06-30,9,6,2025-06-30 12:50:00,5,マンスリーBOATRACE杯,5,4650,中山 雄太,1,40,52.6,0,0,0.14,6.23,43.84,60.96,6.49,45.45,61.82,27.71,38.55,35.24,56.19
2025-06-30,9,6,2025-06-30 12:50:00,5,マンスリーBOATRACE杯,6,4890,石川 諒,3,36,52.1,0,0,0.13,5.17,33.33,48.41,5.64,36.36,45.45,30.85,36.17,30.91,44.55
2025-06-30,9,7,2025-06-30 13:20:00,5,マンスリーBOATRACE杯,1,3842,星野 太郎,2,49,53.3,1,0,0.17,5.26,33.88,53.72,5.89,41.35,61.65,25,33,40.82,62.24
2025-06-30,9,7,2025-06-30 13:20:00,5,マンスリーBOATRACE杯,2,3855,大熊 辰弥,3,52,53.8,0,0,0.23,3.44,11.29,29.03,5.33,22.22,55.56,39.77,61.36,34.69,46.94
2025-06-30,9,7,2025-06-30 13:20:00,5,マンスリーBOATRACE杯,3,3340,池田 雷太,3,59,52.7,0,0,0.18,4.7,29.32,39.85,4.31,12.82,43.59,37.3,47.62,27.1,47.66
2025-06-30,9,7,2025-06-30 13:20:00,5,マンスリーBOATRACE杯,4,3361,岡部 浩,3,56,52,0,0,0.18,3.78,17.44,27.91,4.6,20,40,27.47,42.86,34.41,49.46
2025-06-30,9,7,2025-06-30 13:20:00,5,マンスリーBOATRACE杯,5,3740,大澤 普司,2,51,53.4,0,0,0.16,6.28,45.83,64.58,7.25,60,70,35.64,52.48,30.1,41.75
2025-06-30,9,7,2025-06-30 13:20:00,5,マンスリーBOATRACE杯,6,5066,鈴木 孝明,3,26,52.9,0,0,0.18,5.45,36.17,51.06,0,0,0,28.97,45.79,35.4,50.44
2025-06-30,9,8,2025-06-30 13:52:00,5,マンスリーBOATRACE杯,1,4437,中田 元泰,1,39,54,0,0,0.15,6.23,48.94,63.83,6.6,60,70,37.62,58.42,35.29,54.9
2025-06-30,9,8,2025-06-30 13:52:00,5,マンスリーBOATRACE杯,2,4145,小澤 学,3,43,52,0,0,0.25,3.66,8.33,26.04,4.07,6.9,34.48,27.27,37.5,43.88,60.2
2025-06-30,9,8,2025-06-30 13:52:00,5,マンスリーBOATRACE杯,3,4116,川田 正人,3,44,51,0,0,0.2,5.6,36.27,57.84,3.33,22.22,22.22,34.96,47.15,38.18,54.55
2025-06-30,9,8,2025-06-30 13:52:00,5,マンスリーBOATRACE杯,4,4899,占部 一真,3,33,52.1,0,0,0.18,4.79,29.41,43.53,3,12.5,25,27.64,48.78,46.74,68.48
2025-06-30,9,8,2025-06-30 13:52:00,5,マンスリーBOATRACE杯,5,4010,越智 照浩,3,45,55.8,0,0,0.17,3.84,12.24,30.61,3.87,6.67,33.33,31.43,44.76,28.74,48.28
2025-06-30,9,8,2025-06-30 13:52:00,5,マンスリーBOATRACE杯,6,3848,川上 聡介,2,47,56.2,0,0,0.15,5.53,34.35,55.73,6.81,47.62,66.67,30.63,45.05,27.08,40.63
2025-06-30,9,9,2025-06-30 14:24:00,5,マンスリーBOATRACE杯,1,3745,橋本 年光,1,50,52,0,0,0.16,5.81,40.68,57.63,6.61,43.48,69.57,26.92,42.31,30.69,43.56
2025-06-30,9,9,2025-06-30 14:24:00,5,マンスリーBOATRACE杯,2,4177,萬 正嗣,2,42,56.2,0,0,0.14,4.14,21.25,36.25,4.38,30.77,46.15,37.25,60.78,30.59,47.06
2025-06-30,9,9,2025-06-30 14:24:00,5,マンスリーBOATRACE杯,3,4416,三宅 健太,3,38,53.8,0,0,0.18,5.3,31.48,54.63,0,0,0,30.28,49.54,31.19,49.54
2025-06-30,9,9,2025-06-30 14:24:00,5,マンスリーBOATRACE杯,4,3921,川村 正輝,3,50,51.5,0,0,0.17,4.42,20.27,36.49,5.1,35,50,35.44,46.84,36.9,47.62
2025-06-30,9,9,2025-06-30 14:24:00,5,マンスリーBOATRACE杯,5,3105,内山 文典,3,61,52.1,0,0,0.17,5.18,32.73,50.91,5.1,29.03,54.84,33.06,53.72,33.94,49.54
2025-06-30,9,9,2025-06-30 14:24:00,5,マンスリーBOATRACE杯,6,4735,角山 雄哉,3,34,53.2,0,0,0.17,4.57,27.37,37.89,4.06,17.65,35.29,38.38,53.54,28.85,46.15
2025-06-30,9,10,2025-06-30 15:00:00,5,マンスリーBOATRACE杯,1,5143,常盤 海心,3,24,53,0,0,0.22,4.61,20,45,0,0,0,25.42,44.92,50,67.78
2025-06-30,9,10,2025-06-30 15:00:00,5,マンスリーBOATRACE杯,2,4650,中山 雄太,1,40,52.6,0,0,0.14,6.23,43.84,60.96,6.49,45.45,61.82,27.71,38.55,35.24,56.19
2025-06-30,9,10,2025-06-30 15:00:00,5,マンスリーBOATRACE杯,3,4910,中村 泰平,3,29,52,0,0,0.17,6.09,37.08,66.29,6.15,46.15,69.23,33.01,48.54,25,37.5
2025-06-30,9,10,2025-06-30 15:00:00,5,マンスリーBOATRACE杯,4,3915,繁野谷 圭介,2,51,52,0,0,0.18,5.4,32.26,54.84,6.18,31.82,63.64,48.78,69.51,25.53,37.23
2025-06-30,9,10,2025-06-30 15:00:00,5,マンスリーBOATRACE杯,5,3842,星野 太郎,2,49,53.3,1,0,0.17,5.26,33.88,53.72,5.89,41.35,61.65,25,33,40.82,62.24
2025-06-30,9,10,2025-06-30 15:00:00,5,マンスリーBOATRACE杯,6,3350,藤本 佳史,2,57,52,0,0,0.16,4.95,30.91,49.09,5.5,40,60,33.33,47.92,49.3,63.38
2025-06-30,9,11,2025-06-30 15:36:00,5,マンスリーBOATRACE杯,1,4438,森作 雄大,2,38,52,1,0,0.13,5.48,39.26,54.07,5.15,35,45,38.79,57.76,25.93,38.89
2025-06-30,9,11,2025-06-30 15:36:00,5,マンスリーBOATRACE杯,2,4376,藤田 靖弘,3,41,52.3,0,0,0.16,5.35,33.63,51.33,6.1,43.55,62.9,32.23,47.93,41.77,53.16
2025-06-30,9,11,2025-06-30 15:36:00,5,マンスリーBOATRACE杯,3,3740,大澤 普司,2,51,53.4,0,0,0.16,6.28,45.83,64.58,7.25,60,70,35.64,52.48,30.1,41.75
2025-06-30,9,11,2025-06-30 15:36:00,5,マンスリーBOATRACE杯,4,4175,川尻 泰輔,2,42,55.9,0,0,0.14,5.07,31.36,51.69,6.82,54.55,81.82,38.33,53.33,29.63,37.96
2025-06-30,9,11,2025-06-30 15:36:00,5,マンスリーBOATRACE杯,5,4437,中田 元泰,1,39,54,0,0,0.15,6.23,48.94,63.83,6.6,60,70,37.62,58.42,35.29,54.9
2025-06-30,9,11,2025-06-30 15:36:00,5,マンスリーBOATRACE杯,6,5063,大塚 雅治,3,27,52.5,0,0,0.17,4.48,25,40,3.31,6.25,25,28.72,50,41.41,58.59
2025-06-30,9,12,2025-06-30 16:15:00,5,マンスリーBOATRACE杯,1,5043,中村 日向,1,26,52,0,0,0.15,7.3,61.11,74.6,0,0,0,29.25,41.51,21.88,33.33
2025-06-30,9,12,2025-06-30 16:15:00,5,マンスリーBOATRACE杯,2,4579,中嶋 健一郎,1,36,52,0,0,0.15,6.86,49.55,72.07,6.75,47.73,67.42,27.62,48.57,28.97,44.86
2025-06-30,9,12,2025-06-30 16:15:00,5,マンスリーBOATRACE杯,3,4907,小池 修平,1,30,52,0,0,0.14,7.12,59.84,66.93,7.75,75,75,31.19,48.62,30.84,45.79
2025-06-30,9,12,2025-06-30 16:15:00,5,マンスリーBOATRACE杯,4,4121,富永 修一,2,43,52.2,0,0,0.14,5.85,35.46,58.87,6.65,50,75,43.01,62.37,29.81,48.08
2025-06-30,9,12,2025-06-30 16:15:00,5,マンスリーBOATRACE杯,5,4230,濱崎 直矢,1,42,53.1,1,0,0.14,7.19,54.9,72.55,7.47,73.68,84.21,16.25,35,25.53,47.87
2025-06-30,9,12,2025-06-30 16:15:00,5,マンスリーBOATRACE杯,6,4682,大上 卓人,1,34,52,0,0,0.15,7.21,52.05,73.29,7.14,52.38,76.19,36.26,53.85,27,45
2025-06-30,11,1,2025-06-30 10:39:00,5,第9回西日本スポーツ杯,1,3489,大場 敏,2,58,52.2,0,0,0.15,5.69,32.12,59.12,5.71,42.86,64.29,24,46,38,62
2025-06-30,11,1,2025-06-30 10:39:00,5,第9回西日本スポーツ杯,2,4394,永嶋 裕一,3,39,52,0,0,0.15,5.14,28.07,50.88,4.53,21.88,40.63,36,64,6,24
2025-06-30,11,1,2025-06-30 10:39:00,5,第9回西日本スポーツ杯,3,4274,長畑 友輔,3,42,51.5,0,0,0.14,4.53,26.09,42.39,3.81,6.25,37.5,29.55,54.55,14.29,35.71
2025-06-30,11,1,2025-06-30 10:39:00,5,第9回西日本スポーツ杯,4,5167,小川 竜太朗,3,25,52,1,0,0.17,4.25,22.83,36.96,3.73,13.33,26.67,35.56,57.78,37.5,55
2025-06-30,11,1,2025-06-30 10:39:00,5,第9回西日本スポーツ杯,5,3820,樫葉 次郎,3,53,58.4,0,0,0.16,3.43,6.38,29.79,3,0,14.29,59.65,77.19,40,48
2025-06-30,11,1,2025-06-30 10:39:00,5,第9回西日本スポーツ杯,6,3562,山下 和彦,1,56,52,0,0,0.16,5.98,41.72,61.59,5.21,28.57,50,26.83,36.59,35,50
2025-06-30,11,2,2025-06-30 11:07:00,5,第9回西日本スポーツ杯,1,3775,泉 啓文,3,50,58.3,0,0,0.17,4.27,24.56,33.33,0,0,0,24.32,37.84,10.53,15.79
2025-06-30,11,2,2025-06-30 11:07:00,5,第9回西日本スポーツ杯,2,3878,胡本 悟志,3,48,52.4,0,0,0.17,4.16,15.84,34.65,2.5,14.29,14.29,30,52.5,37.78,51.11
2025-06-30,11,2,2025-06-30 11:07:00,5,第9回西日本スポーツ杯,3,4000,松本 博昭,2,48,55.2,0,0,0.17,5.81,34.44,59.6,5.53,30,50,20,37.5,38,52
2025-06-30,11,2,2025-06-30 11:07:00,5,第9回西日本スポーツ杯,4,4368,山口 隆史,3,39,53.2,0,0,0.17,4.52,23.14,39.67,4.97,27.03,45.95,47.83,76.09,33.33,40
2025-06-30,11,2,2025-06-30 11:07:00,5,第9回西日本スポーツ杯,5,4202,浮田 圭浩,3,42,53.1,0,0,0.2,4.37,26.61,41.94,4,15,30,40,64.44,40.54,48.65
2025-06-30,11,2,2025-06-30 11:07:00,5,第9回西日本スポーツ杯,6,3966,作間 章,1,45,52.8,0,0,0.16,5.99,42.11,62.5,6.66,40.91,59.09,36.36,56.82,42.86,61.9
2025-06-30,11,3,2025-06-30 11:35:00,5,第9回西日本スポーツ杯,1,3896,上田 洋平,3,48,51,0,0,0.17,5.22,28.41,52.27,5.74,36.52,61.74,15.22,34.78,43.75,68.75
2025-06-30,11,3,2025-06-30 11:35:00,5,第9回西日本スポーツ杯,2,4366,前沢 丈史,1,39,56,0,0,0.16,6.51,44.2,66.67,5.88,25,62.5,17.5,25,29.79,44.68
2025-06-30,11,3,2025-06-30 11:35:00,5,第9回西日本スポーツ杯,3,4485,楠原 正剛,2,39,54.7,0,0,0.15,5.53,36.84,50,5.73,35.29,60.78,44.9,59.18,38.6,45.61
2025-06-30,11,3,2025-06-30 11:35:00,5,第9回西日本スポーツ杯,4,3812,山崎 聖司,3,49,51,0,0,0.17,4.41,26.13,42.34,4.73,9.09,54.55,37.5,66.67,56,70
2025-06-30,11,3,2025-06-30 11:35:00,5,第9回西日本スポーツ杯,5,4729,佐藤 謙史朗,3,36,54.2,2,0,0.14,4.43,25.25,40.4,5.09,31.82,54.55,51.72,68.97,25,39.58
2025-06-30,11,3,2025-06-30 11:35:00,5,第9回西日本スポーツ杯,6,5383,中村 楓,4,20,53.7,0,0,,1.47,2.33,4.65,0,0,0,30.56,38.89,24.39,34.15
2025-06-30,11,4,2025-06-30 12:01:00,5,第9回西日本スポーツ杯,1,3859,多羅尾 達之,3,52,51,1,0,0.17,3.91,20,33.33,3.33,0,33.33,37.84,59.46,31.25,40.63
2025-06-30,11,4,2025-06-30 12:01:00,5,第9回西日本スポーツ杯,2,4691,水原 慎,3,42,50.5,0,0,0.16,4.72,22.69,46.22,4.29,17.65,29.41,27.03,51.35,28.57,54.76
2025-06-30,11,4,2025-06-30 12:01:00,5,第9回西日本スポーツ杯,3,4239,竹田 辰也,2,41,53.6,0,0,0.14,6.34,46.46,63.64,6.61,48.48,63.64,25,42.5,27.27,29.55
2025-06-30,11,4,2025-06-30 12:01:00,5,第9回西日本スポーツ杯,4,4902,山川 雄大,3,32,52,0,0,0.17,4.86,28.69,45.9,4.5,28.79,39.39,27.91,32.56,48.78,73.17
2025-06-30,11,4,2025-06-30 12:01:00,5,第9回西日本スポーツ杯,5,4036,金田 諭,1,46,52,0,0,0.16,6.21,44.44,63.25,7.32,63.16,73.68,40.35,47.37,33.33,52.78
2025-06-30,11,4,2025-06-30 12:01:00,5,第9回西日本スポーツ杯,6,3514,山一 鉄也,2,58,52.4,0,0,0.16,5.5,34.78,47.83,5.9,48.28,55.17,43.24,56.76,29.79,44.68
2025-06-30,11,5,2025-06-30 12:41:00,5,第9回西日本スポーツ杯,1,4375,照屋 厚仁,2,41,52,0,0,0.16,5.62,40.98,54.92,5.77,38.71,58.06,40,53.33,30.43,45.65
2025-06-30,11,5,2025-06-30 12:41:00,5,第9回西日本スポーツ杯,2,4204,柴田 大輔,3,42,52,0,0,0.19,4.06,17.74,35.48,4.29,21.43,35.71,16.67,36.67,28.95,50
2025-06-30,11,5,2025-06-30 12:41:00,5,第9回西日本スポーツ杯,3,3930,岸本 隆,3,49,54.2,0,0,0.15,5.78,43.9,54.88,5.83,38.89,50,32.14,46.43,23.68,39.47
2025-06-30,11,5,2025-06-30 12:41:00,5,第9回西日本スポーツ杯,4,4596,葛原 大陽,1,42,52.1,0,0,0.15,6.34,42.06,69.05,0,0,0,23.4,36.17,48.78,68.29
2025-06-30,11,5,2025-06-30 12:41:00,5,第9回西日本スポーツ杯,5,3662,大庭 元明,2,55,54.8,0,0,0.15,5.52,39.52,53.23,5.39,34.21,50,65.31,73.47,12.9,32.26
2025-06-30,11,5,2025-06-30 12:41:00,5,第9回西日本スポーツ杯,6,5356,長谷川 暖,3,20,52,0,0,0.13,2.81,4.82,15.66,2.1,0,0,32.5,37.5,45.65,65.22
2025-06-30,11,6,2025-06-30 13:08:00,5,第9回西日本スポーツ杯,1,5054,佐々木 大河,3,29,52,0,0,0.14,4.83,30.26,46.05,4.58,22.22,41.67,36.73,69.39,37.14,62.86
2025-06-30,11,6,2025-06-30 13:08:00,5,第9回西日本スポーツ杯,2,4195,前川 守嗣,3,43,58.6,1,0,0.14,4.55,28,44,3.71,17.65,23.53,55.81,69.77,28.21,51.28
2025-06-30,11,6,2025-06-30 13:08:00,5,第9回西日本スポーツ杯,3,4012,中村 有裕,1,45,57.2,0,0,0.14,5.68,37.86,59.22,6.07,45.4,63.19,30.95,42.86,31.58,57.89
2025-06-30,11,6,2025-06-30 13:08:00,5,第9回西日本スポーツ杯,4,3872,岡田 憲行,2,49,53,0,0,0.18,5.91,35.71,64.29,4.82,26.32,36.84,38.3,68.09,21.57,33.33
2025-06-30,11,6,2025-06-30 13:08:00,5,第9回西日本スポーツ杯,5,4274,長畑 友輔,3,42,51.5,0,0,0.14,4.53,26.09,42.39,3.81,6.25,37.5,29.55,54.55,14.29,35.71
2025-06-30,11,6,2025-06-30 13:08:00,5,第9回西日本スポーツ杯,6,4191,赤羽 克也,2,43,54.3,0,0,0.16,5.57,41,53,6.09,36.36,54.55,37.5,52.5,23.91,45.65
2025-06-30,11,7,2025-06-30 13:39:00,5,第9回西日本スポーツ杯,1,4000,松本 博昭,2,48,55.2,0,0,0.17,5.81,34.44,59.6,5.53,30,50,20,37.5,38,52
2025-06-30,11,7,2025-06-30 13:39:00,5,第9回西日本スポーツ杯,2,3812,山崎 聖司,3,49,51,0,0,0.17,4.41,26.13,42.34,4.73,9.09,54.55,37.5,66.67,56,70
2025-06-30,11,7,2025-06-30 13:39:00,5,第9回西日本スポーツ杯,3,3820,樫葉 次郎,3,53,58.4,0,0,0.16,3.43,6.38,29.79,3,0,14.29,59.65,77.19,40,48
2025-06-30,11,7,2025-06-30 13:39:00,5,第9回西日本スポーツ杯,4,5275,松田 淳平,3,23,52.1,0,0,0.16,4.81,27.84,42.27,3.13,10,20,18.92,32.43,27.66,42.55
2025-06-30,11,7,2025-06-30 13:39:00,5,第9回西日本スポーツ杯,5,3882,新田 智彰,2,52,54.7,0,0,0.16,5.44,39.58,52.08,4.14,16.28,37.21,19.23,28.85,22.73,40.91
2025-06-30,11,7,2025-06-30 13:39:00,5,第9回西日本スポーツ杯,6,4594,谷川 祐一,1,43,52,0,0,0.14,5.99,42.28,60.16,6.24,48,60.8,25,39.58,41.86,51.16
2025-06-30,11,8,2025-06-30 14:11:00,5,第9回西日本スポーツ杯,1,4625,渡邊 裕貴,3,39,52,0,0,0.15,4.36,24.78,39.82,0,0,0,24.39,34.15,41.67,60.42
2025-06-30,11,8,2025-06-30 14:11:00,5,第9回西日本スポーツ杯,2,3966,作間 章,1,45,52.8,0,0,0.16,5.99,42.11,62.5,6.66,40.91,59.09,36.36,56.82,42.86,61.9
2025-06-30,11,8,2025-06-30 14:11:00,5,第9回西日本スポーツ杯,3,4449,中嶋 達也,3,38,53.7,0,0,0.17,3.44,10.58,30.77,4.05,17.95,35.9,40.82,61.22,38.64,54.55
2025-06-30,11,8,2025-06-30 14:11:00,5,第9回西日本スポーツ杯,4,3771,折下 寛法,2,51,52,0,0,0.14,4.91,26.21,44.66,6,33.33,66.67,15.91,29.55,47.73,61.36
2025-06-30,11,8,2025-06-30 14:11:00,5,第9回西日本スポーツ杯,5,3713,伊藤 誠二,2,50,53.3,0,0,0.14,5.66,38.94,55.75,0,0,0,58.7,65.22,45.45,63.64
2025-06-30,11,8,2025-06-30 14:11:00,5,第9回西日本スポーツ杯,6,5383,中村 楓,4,20,53.7,0,0,,1.47,2.33,4.65,0,0,0,30.56,38.89,24.39,34.15
2025-06-30,11,9,2025-06-30 14:55:00,5,第9回西日本スポーツ杯,1,4355,小川 広大,3,41,57.2,0,0,0.18,3.57,15.38,25,3.8,20,30,22.73,47.73,26.09,45.65
2025-06-30,11,9,2025-06-30 14:55:00,5,第9回西日本スポーツ杯,2,3662,大庭 元明,2,55,54.8,0,0,0.15,5.52,39.52,53.23,5.39,34.21,50,65.31,73.47,12.9,32.26
2025-06-30,11,9,2025-06-30 14:55:00,5,第9回西日本スポーツ杯,3,3562,山下 和彦,1,56,52,0,0,0.16,5.98,41.72,61.59,5.21,28.57,50,26.83,36.59,35,50
2025-06-30,11,9,2025-06-30 14:55:00,5,第9回西日本スポーツ杯,4,4366,前沢 丈史,1,39,56,0,0,0.16,6.51,44.2,66.67,5.88,25,62.5,17.5,25,29.79,44.68
2025-06-30,11,9,2025-06-30 14:55:00,5,第9回西日本スポーツ杯,5,4691,水原 慎,3,42,50.5,0,0,0.16,4.72,22.69,46.22,4.29,17.65,29.41,27.03,51.35,28.57,54.76
2025-06-30,11,9,2025-06-30 14:55:00,5,第9回西日本スポーツ杯,6,4896,花本 剛,3,33,57.9,0,0,0.19,4.36,20.18,40.35,4.52,19.05,33.33,35.29,56.86,21.05,28.95
2025-06-30,11,10,2025-06-30 15:29:00,5,第9回西日本スポーツ杯,1,4596,葛原 大陽,1,42,52.1,0,0,0.15,6.34,42.06,69.05,0,0,0,23.4,36.17,48.78,68.29
2025-06-30,11,10,2025-06-30 15:29:00,5,第9回西日本スポーツ杯,2,5167,小川 竜太朗,3,25,52,1,0,0.17,4.25,22.83,36.96,3.73,13.33,26.67,35.56,57.78,37.5,55
2025-06-30,11,10,2025-06-30 15:29:00,5,第9回西日本スポーツ杯,3,4191,赤羽 克也,2,43,54.3,0,0,0.16,5.57,41,53,6.09,36.36,54.55,37.5,52.5,23.91,45.65
2025-06-30,11,10,2025-06-30 15:29:00,5,第9回西日本スポーツ杯,4,3896,上田 洋平,3,48,51,0,0,0.17,5.22,28.41,52.27,5.74,36.52,61.74,15.22,34.78,43.75,68.75
2025-06-30,11,10,2025-06-30 15:29:00,5,第9回西日本スポーツ杯,5,3878,胡本 悟志,3,48,52.4,0,0,0.17,4.16,15.84,34.65,2.5,14.29,14.29,30,52.5,37.78,51.11
2025-06-30,11,10,2025-06-30 15:29:00,5,第9回西日本スポーツ杯,6,4239,竹田 辰也,2,41,53.6,0,0,0.14,6.34,46.46,63.64,6.61,48.48,63.64,25,42.5,27.27,29.55
2025-06-30,11,11,2025-06-30 15:59:00,5,第9回西日本スポーツ杯,1,4012,中村 有裕,1,45,57.2,0,0,0.14,5.68,37.86,59.22,6.07,45.4,63.19,30.95,42.86,31.58,57.89
2025-06-30,11,11,2025-06-30 15:59:00,5,第9回西日本スポーツ杯,2,3882,新田 智彰,2,52,54.7,0,0,0.16,5.44,39.58,52.08,4.14,16.28,37.21,19.23,28.85,22.73,40.91
2025-06-30,11,11,2025-06-30 15:59:00,5,第9回西日本スポーツ杯,3,3514,山一 鉄也,2,58,52.4,0,0,0.16,5.5,34.78,47.83,5.9,48.28,55.17,43.24,56.76,29.79,44.68
2025-06-30,11,11,2025-06-30 15:59:00,5,第9回西日本スポーツ杯,4,3775,泉 啓文,3,50,58.3,0,0,0.17,4.27,24.56,33.33,0,0,0,24.32,37.84,10.53,15.79
2025-06-30,11,11,2025-06-30 15:59:00,5,第9回西日本スポーツ杯,5,4375,照屋 厚仁,2,41,52,0,0,0.16,5.62,40.98,54.92,5.77,38.71,58.06,40,53.33,30.43,45.65
2025-06-30,11,11,2025-06-30 15:59:00,5,第9回西日本スポーツ杯,6,4394,永嶋 裕一,3,39,52,0,0,0.15,5.14,28.07,50.88,4.53,21.88,40.63,36,64,6,24
2025-06-30,11,12,2025-06-30 16:32:00,5,第9回西日本スポーツ杯,1,4036,金田 諭,1,46,52,0,0,0.16,6.21,44.44,63.25,7.32,63.16,73.68,40.35,47.37,33.33,52.78
2025-06-30,11,12,2025-06-30 16:32:00,5,第9回西日本スポーツ杯,2,3713,伊藤 誠二,2,50,52.6,0,0,0.14,5.66,38.94,55.75,0,0,0,58.7,65.22,45.45,63.64
2025-06-30,11,12,2025-06-30 16:32:00,5,第9回西日本スポーツ杯,3,4202,浮田 圭浩,3,42,52.8,0,0,0.2,4.37,26.61,41.94,4,15,30,40,64.44,40.54,48.65
2025-06-30,11,12,2025-06-30 16:32:00,5,第9回西日本スポーツ杯,4,3489,大場 敏,2,58,51.5,0,0,0.15,5.69,32.12,59.12,5.71,42.86,64.29,24,46,38,62
2025-06-30,11,12,2025-06-30 16:32:00,5,第9回西日本スポーツ杯,5,4195,前川 守嗣,3,43,58.1,1,0,0.14,4.55,28,44,3.71,17.65,23.53,55.81,69.77,28.21,51.28
2025-06-30,11,12,2025-06-30 16:32:00,5,第9回西日本スポーツ杯,6,4485,楠原 正剛,2,39,53.7,0,0,0.15,5.53,36.84,50,5.73,35.29,60.78,44.9,59.18,38.6,45.61
2025-06-30,12,1,2025-06-30 15:18:00,5,VS第7戦2025モーターボートレディスカップ,1,5230,石原 凪紗,3,21,44,0,0,0.16,3.57,16.22,27.03,1.05,0,0,36.36,54.55,30,45
2025-06-30,12,1,2025-06-30 15:18:00,5,VS第7戦2025モーターボートレディスカップ,2,3175,渡辺 千草,3,61,48.1,0,0,0.17,4.7,26.76,47.89,3.94,18.75,37.5,42.86,64.29,30.43,52.17
2025-06-30,12,1,2025-06-30 15:18:00,5,VS第7戦2025モーターボートレディスカップ,3,4781,西舘 果里,3,38,50.6,1,0,0.19,4.79,24.68,48.05,2.27,0,9.09,34.69,46.94,34.78,54.35
2025-06-30,12,1,2025-06-30 15:18:00,5,VS第7戦2025モーターボートレディスカップ,4,4853,前原 哉,3,30,45,0,0,0.19,4.58,26.42,41.51,5.21,41.67,50,39.13,56.52,31.71,48.78
2025-06-30,12,1,2025-06-30 15:18:00,5,VS第7戦2025モーターボートレディスカップ,5,5367,赤松 咲香,4,23,49.3,0,0,,1.22,0,0,0,0,0,21.95,31.71,25.58,53.49
2025-06-30,12,1,2025-06-30 15:18:00,5,VS第7戦2025モーターボートレディスカップ,6,5389,恵良 琴美,4,18,45,0,0,,1.09,0,0,0,0,0,46.34,65.85,24.49,44.9
2025-06-30,12,2,2025-06-30 15:43:00,5,VS第7戦2025モーターボートレディスカップ,1,5189,藤原 早菜,3,24,46,1,0,0.21,4.77,26,44,5.2,28,52,35.56,46.67,29.79,42.55
2025-06-30,12,2,2025-06-30 15:43:00,5,VS第7戦2025モーターボートレディスカップ,2,4909,薮内 瑞希,3,29,44.5,0,0,0.15,5.47,35.92,51.46,6.21,41.67,70.83,30.43,50,17.39,34.78
2025-06-30,12,2,2025-06-30 15:43:00,5,VS第7戦2025モーターボートレディスカップ,3,5164,森田 梨湖,4,25,48.8,0,0,0.21,2.95,6.67,13.33,1.44,0,0,42.22,66.67,40.91,59.09
2025-06-30,12,2,2025-06-30 15:43:00,5,VS第7戦2025モーターボートレディスカップ,4,5291,三嶌 こころ,3,23,49.7,0,0,0.2,2.69,9.26,17.59,3.56,11.11,22.22,39.13,58.7,31.82,50
2025-06-30,12,2,2025-06-30 15:43:00,5,VS第7戦2025モーターボートレディスカップ,5,5357,田中 瀬里奈,4,20,54.6,0,0,0.24,1.56,1.23,2.47,1.5,0,0,25.58,51.16,34.09,59.09
2025-06-30,12,2,2025-06-30 15:43:00,5,VS第7戦2025モーターボートレディスカップ,6,5069,山崎 小葉音,2,24,44,1,0,0.13,4.92,31.19,48.62,4.33,22.22,44.44,31.82,59.09,33.33,44.44
2025-06-30,12,3,2025-06-30 16:10:00,5,VS第7戦2025モーターボートレディスカップ,1,3289,高橋 淳美,4,62,46.5,0,0,0.2,4.33,23.53,39.22,4.86,32.65,42.86,10.64,23.4,33.33,61.11
2025-06-30,12,3,2025-06-30 16:10:00,5,VS第7戦2025モーターボートレディスカップ,2,4984,森下 愛梨,3,28,50.4,0,0,0.21,5.31,28.69,50,4.75,12.5,50,16.67,27.08,28.57,45.71
2025-06-30,12,3,2025-06-30 16:10:00,5,VS第7戦2025モーターボートレディスカップ,3,5335,森 陽多,3,20,47.5,0,0,0.18,2.65,8.26,17.43,3.25,25,25,52.27,77.27,24.44,40
2025-06-30,12,3,2025-06-30 16:10:00,5,VS第7戦2025モーターボートレディスカップ,4,5297,南 彩寧,4,22,46,0,0,0.17,2.05,2.86,8.57,1.48,0,0,40.82,48.98,39.13,63.04
2025-06-30,12,3,2025-06-30 16:10:00,5,VS第7戦2025モーターボートレディスカップ,5,4501,樋口 由加里,3,37,46.5,0,0,0.14,5.49,40,56.52,0,0,0,36.17,65.96,46.67,60
2025-06-30,12,3,2025-06-30 16:10:00,5,VS第7戦2025モーターボートレディスカップ,6,5272,松田 真実,4,23,46,1,0,0.19,3.4,18.18,27.27,4.22,33.33,33.33,26.09,45.65,11.63,30.23
2025-06-30,12,4,2025-06-30 16:39:00,5,VS第7戦2025モーターボートレディスカップ,1,5213,湯淺 紀香,3,26,46,0,0,0.18,5.36,36.7,53.21,3.82,11.76,35.29,50,58.7,39.47,52.63
2025-06-30,12,4,2025-06-30 16:39:00,5,VS第7戦2025モーターボートレディスカップ,2,3509,池 千夏,3,53,50.8,0,0,0.15,4.36,24.24,39.39,0,0,0,28.57,44.9,31.11,48.89
2025-06-30,12,4,2025-06-30 16:39:00,5,VS第7戦2025モーターボートレディスカップ,3,5140,吉田 彩乃,3,24,47.7,0,0,0.21,4.04,18.07,30.12,1.5,0,0,43.18,65.91,39.53,65.12
2025-06-30,12,4,2025-06-30 16:39:00,5,VS第7戦2025モーターボートレディスカップ,4,4730,土屋 実沙希,3,36,46.5,0,0,0.18,5.25,35.23,54.55,5.88,41.18,52.94,18.75,27.08,38.1,47.62
2025-06-30,12,4,2025-06-30 16:39:00,5,VS第7戦2025モーターボートレディスカップ,5,4744,伊藤 玲奈,3,32,46,0,0,0.22,4.92,23.16,50.53,4.82,29.41,41.18,44.19,62.79,25.58,39.53
2025-06-30,12,4,2025-06-30 16:39:00,5,VS第7戦2025モーターボートレディスカップ,6,5387,戸田 海咲音,4,19,50,0,0,,1.2,0,0,0,0,0,41.46,60.98,28.89,42.22
2025-06-30,12,5,2025-06-30 17:08:00,5,VS第7戦2025モーターボートレディスカップ,1,4891,寺島 美里,2,35,46.5,0,0,0.15,5.23,33.59,51.15,5.49,37.14,48.57,35.56,51.11,57.78,68.89
2025-06-30,12,5,2025-06-30 17:08:00,5,VS第7戦2025モーターボートレディスカップ,2,4317,木村 紗友希,3,40,47.4,0,0,0.17,3.79,17.65,32.35,4.94,37.5,43.75,38.3,61.7,28.26,50
2025-06-30,12,5,2025-06-30 17:08:00,5,VS第7戦2025モーターボートレディスカップ,3,5151,山下 奈緒,3,30,47,0,0,0.21,4.28,16.67,32.22,2.15,3.85,7.69,36.84,50,12.5,22.92
2025-06-30,12,5,2025-06-30 17:08:00,5,VS第7戦2025モーターボートレディスカップ,4,5281,井上 遥妃,3,22,46.5,0,0,0.15,5.85,40,58.67,3.24,0,29.41,36.96,50,42.22,55.56
2025-06-30,12,5,2025-06-30 17:08:00,5,VS第7戦2025モーターボートレディスカップ,5,5230,石原 凪紗,3,21,44,0,0,0.16,3.57,16.22,27.03,1.05,0,0,36.36,54.55,30,45
2025-06-30,12,5,2025-06-30 17:08:00,5,VS第7戦2025モーターボートレディスカップ,6,5174,川井 萌,1,23,45.5,1,0,0.15,6.58,48.46,63.08,0,0,0,58.7,65.22,35.9,61.54
2025-06-30,12,6,2025-06-30 17:37:00,5,VS第7戦2025モーターボートレディスカップ,1,5019,柴田 百恵,3,25,44.5,0,0,0.17,5.3,36.51,50.79,4.6,25,50,26.09,43.48,15.91,20.45
2025-06-30,12,6,2025-06-30 17:37:00,5,VS第7戦2025モーターボートレディスカップ,2,4373,若狭 奈美子,2,37,46.5,0,0,0.17,6.55,48.25,71.05,5.21,31.58,47.37,41.03,53.85,29.55,45.45
2025-06-30,12,6,2025-06-30 17:37:00,5,VS第7戦2025モーターボートレディスカップ,3,4791,黒澤 めぐみ,2,35,47,0,0,0.16,5.9,42.62,60.66,5,26.32,42.11,20.45,29.55,50,65.91
2025-06-30,12,6,2025-06-30 17:37:00,5,VS第7戦2025モーターボートレディスカップ,4,3175,渡辺 千草,3,61,48.1,0,0,0.17,4.7,26.76,47.89,3.94,18.75,37.5,42.86,64.29,30.43,52.17
2025-06-30,12,6,2025-06-30 17:37:00,5,VS第7戦2025モーターボートレディスカップ,5,4784,向井田 真紀,3,37,48.7,0,0,0.17,4.46,27.38,39.29,4.19,11.54,38.46,27.91,48.84,32.61,52.17
2025-06-30,12,6,2025-06-30 17:37:00,5,VS第7戦2025モーターボートレディスカップ,6,4781,西舘 果里,3,38,50.6,1,0,0.19,4.79,24.68,48.05,2.27,0,9.09,34.69,46.94,34.78,54.35
2025-06-30,12,7,2025-06-30 18:04:00,5,VS第7戦2025モーターボートレディスカップ,1,5079,大石 真央,3,27,45.5,0,0,0.2,4.5,22.52,38.74,5.5,38.89,50,28.89,53.33,32.61,54.35
2025-06-30,12,7,2025-06-30 18:04:00,5,VS第7戦2025モーターボートレディスカップ,2,5057,上田 紗奈,2,28,46,0,0,0.14,5.34,36.99,45.21,5.56,39.8,57.14,54.55,68.18,27.27,47.73
2025-06-30,12,7,2025-06-30 18:04:00,5,VS第7戦2025モーターボートレディスカップ,3,5165,小林 愛実,3,25,46.5,0,0,0.18,4.81,26.51,46.99,6.6,30,80,27.66,51.06,26,36
2025-06-30,12,7,2025-06-30 18:04:00,5,VS第7戦2025モーターボートレディスカップ,4,4909,薮内 瑞希,3,29,44.5,0,0,0.15,5.47,35.92,51.46,6.21,41.67,70.83,30.43,50,17.39,34.78
2025-06-30,12,7,2025-06-30 18:04:00,5,VS第7戦2025モーターボートレディスカップ,5,5297,南 彩寧,4,22,46,0,0,0.17,2.05,2.86,8.57,1.48,0,0,40.82,48.98,39.13,63.04
2025-06-30,12,7,2025-06-30 18:04:00,5,VS第7戦2025モーターボートレディスカップ,6,5367,赤松 咲香,4,23,49.3,0,0,,1.22,0,0,0,0,0,21.95,31.71,25.58,53.49
2025-06-30,12,8,2025-06-30 18:32:00,5,VS第7戦2025モーターボートレディスカップ,1,5291,三嶌 こころ,3,23,49.7,0,0,0.2,2.69,9.26,17.59,3.56,11.11,22.22,39.13,58.7,31.82,50
2025-06-30,12,8,2025-06-30 18:32:00,5,VS第7戦2025モーターボートレディスカップ,2,5140,吉田 彩乃,3,24,47.7,0,0,0.21,4.04,18.07,30.12,1.5,0,0,43.18,65.91,39.53,65.12
2025-06-30,12,8,2025-06-30 18:32:00,5,VS第7戦2025モーターボートレディスカップ,3,4730,土屋 実沙希,3,36,46.5,0,0,0.18,5.25,35.23,54.55,5.88,41.18,52.94,18.75,27.08,38.1,47.62
2025-06-30,12,8,2025-06-30 18:32:00,5,VS第7戦2025モーターボートレディスカップ,4,5164,森田 梨湖,4,25,48.8,0,0,0.21,2.95,6.67,13.33,1.44,0,0,42.22,66.67,40.91,59.09
2025-06-30,12,8,2025-06-30 18:32:00,5,VS第7戦2025モーターボートレディスカップ,5,5335,森 陽多,3,20,47.5,0,0,0.18,2.65,8.26,17.43,3.25,25,25,52.27,77.27,24.44,40
2025-06-30,12,8,2025-06-30 18:32:00,5,VS第7戦2025モーターボートレディスカップ,6,4589,塩崎 桐加,2,33,49.8,1,0,0.14,5.74,43.08,55.38,5.95,47.62,66.67,34.04,44.68,27.27,47.73
2025-06-30,12,9,2025-06-30 19:02:00,5,VS第7戦2025モーターボートレディスカップ,1,5188,武井 莉里佳,3,24,44.5,0,0,0.2,5.05,27.27,42.86,5.34,27.59,55.17,47.83,69.57,46.51,55.81
2025-06-30,12,9,2025-06-30 19:02:00,5,VS第7戦2025モーターボートレディスカップ,2,4853,前原 哉,3,30,45,0,0,0.19,4.58,26.42,41.51,5.21,41.67,50,39.13,56.52,31.71,48.78
2025-06-30,12,9,2025-06-30 19:02:00,5,VS第7戦2025モーターボートレディスカップ,3,5281,井上 遥妃,3,22,46.5,0,0,0.15,5.85,40,58.67,3.24,0,29.41,36.96,50,42.22,55.56
2025-06-30,12,9,2025-06-30 19:02:00,5,VS第7戦2025モーターボートレディスカップ,4,3509,池 千夏,3,53,50.8,0,0,0.15,4.36,24.24,39.39,0,0,0,28.57,44.9,31.11,48.89
2025-06-30,12,9,2025-06-30 19:02:00,5,VS第7戦2025モーターボートレディスカップ,5,4984,森下 愛梨,3,28,50.4,0,0,0.21,5.31,28.69,50,4.75,12.5,50,16.67,27.08,28.57,45.71
2025-06-30,12,9,2025-06-30 19:02:00,5,VS第7戦2025モーターボートレディスカップ,6,4746,大豆生田 蒼,2,30,46.5,0,0,0.17,6.11,40.96,61.45,7.6,70,90,25.58,41.86,34.09,50
2025-06-30,12,10,2025-06-30 19:32:00,5,VS第7戦2025モーターボートレディスカップ,1,4744,伊藤 玲奈,3,32,46,0,0,0.22,4.92,23.16,50.53,4.82,29.41,41.18,44.19,62.79,25.58,39.53
2025-06-30,12,10,2025-06-30 19:32:00,5,VS第7戦2025モーターボートレディスカップ,2,4891,寺島 美里,2,35,46.5,0,0,0.15,5.23,33.59,51.15,5.49,37.14,48.57,35.56,51.11,57.78,68.89
2025-06-30,12,10,2025-06-30 19:32:00,5,VS第7戦2025モーターボートレディスカップ,3,5019,柴田 百恵,3,25,44.5,0,0,0.17,5.3,36.51,50.79,4.6,25,50,26.09,43.48,15.91,20.45
2025-06-30,12,10,2025-06-30 19:32:00,5,VS第7戦2025モーターボートレディスカップ,4,4791,黒澤 めぐみ,2,35,47,0,0,0.16,5.9,42.62,60.66,5,26.32,42.11,20.45,29.55,50,65.91
2025-06-30,12,10,2025-06-30 19:32:00,5,VS第7戦2025モーターボートレディスカップ,5,4317,木村 紗友希,3,40,47.4,0,0,0.17,3.79,17.65,32.35,4.94,37.5,43.75,38.3,61.7,28.26,50
2025-06-30,12,10,2025-06-30 19:32:00,5,VS第7戦2025モーターボートレディスカップ,6,3289,高橋 淳美,4,62,46.5,0,0,0.2,4.33,23.53,39.22,4.86,32.65,42.86,10.64,23.4,33.33,61.11
2025-06-30,12,11,2025-06-30 20:04:00,5,VS第7戦2025モーターボートレディスカップ,1,5174,川井 萌,1,23,45.5,1,0,0.15,6.58,48.46,63.08,0,0,0,58.7,65.22,35.9,61.54
2025-06-30,12,11,2025-06-30 20:04:00,5,VS第7戦2025モーターボートレディスカップ,2,4501,樋口 由加里,3,37,46.5,0,0,0.14,5.49,40,56.52,0,0,0,36.17,65.96,46.67,60
2025-06-30,12,11,2025-06-30 20:04:00,5,VS第7戦2025モーターボートレディスカップ,3,5057,上田 紗奈,2,28,46,0,0,0.14,5.34,36.99,45.21,5.56,39.8,57.14,54.55,68.18,27.27,47.73
2025-06-30,12,11,2025-06-30 20:04:00,5,VS第7戦2025モーターボートレディスカップ,4,5213,湯淺 紀香,3,26,46,0,0,0.18,5.36,36.7,53.21,3.82,11.76,35.29,50,58.7,39.47,52.63
2025-06-30,12,11,2025-06-30 20:04:00,5,VS第7戦2025モーターボートレディスカップ,5,5079,大石 真央,3,27,45.5,0,0,0.2,4.5,22.52,38.74,5.5,38.89,50,28.89,53.33,32.61,54.35
2025-06-30,12,11,2025-06-30 20:04:00,5,VS第7戦2025モーターボートレディスカップ,6,4373,若狭 奈美子,2,37,46.5,0,0,0.17,6.55,48.25,71.05,5.21,31.58,47.37,41.03,53.85,29.55,45.45
2025-06-30,12,12,2025-06-30 20:35:00,5,VS第7戦2025モーターボートレディスカップ,1,4289,落合 直子,2,40,47,0,0,0.14,5.71,40,57.27,6.38,46.81,61.7,32.61,60.87,24.32,37.84
2025-06-30,12,12,2025-06-30 20:35:00,5,VS第7戦2025モーターボートレディスカップ,2,4927,関野 文,1,31,45.5,0,0,0.17,5.87,41.03,58.97,5.7,40.91,61.36,20.41,42.86,43.18,61.36
2025-06-30,12,12,2025-06-30 20:35:00,5,VS第7戦2025モーターボートレディスカップ,3,4556,竹井 奈美,4,35,47,0,0,,5.64,40.48,54.76,5.31,37.5,50,30,48,25.49,47.06
2025-06-30,12,12,2025-06-30 20:35:00,5,VS第7戦2025モーターボートレディスカップ,4,5088,高憧 四季,3,25,45,0,0,0.16,6.62,46.96,67.83,5.78,36,58,28.89,53.33,22.5,32.5
2025-06-30,12,12,2025-06-30 20:35:00,5,VS第7戦2025モーターボートレディスカップ,5,4478,櫻本 あゆみ,2,37,47.1,0,0,0.15,6.05,45.69,58.62,6.09,54.55,63.64,38.64,59.09,40,62.22
2025-06-30,12,12,2025-06-30 20:35:00,5,VS第7戦2025モーターボートレディスカップ,6,4443,津田 裕絵,2,38,48.3,0,0,0.19,5.04,24.56,50.88,6.75,37.5,75,40.91,56.82,22.5,35
2025-06-30,13,1,2025-06-30 10:47:00,5,サンケイスポーツ旗争奪第57回尼崎選手権競走,1,4020,川上 清人,3,45,63.4,0,0,0.16,4.21,22.35,36.47,3.89,21.05,31.58,31.94,48.61,27.27,54.55
2025-06-30,13,1,2025-06-30 10:47:00,5,サンケイスポーツ旗争奪第57回尼崎選手権競走,2,3901,松田 憲幸,3,48,53.1,0,0,0.2,4.13,20.65,32.61,4.2,30,50,31.51,43.84,24.29,40
2025-06-30,13,1,2025-06-30 10:47:00,5,サンケイスポーツ旗争奪第57回尼崎選手権競走,3,3853,岩崎 正哉,2,52,54.4,0,0,0.19,5.57,34.71,53.72,5.33,22.22,44.44,19.12,44.12,42.25,59.15
2025-06-30,13,1,2025-06-30 10:47:00,5,サンケイスポーツ旗争奪第57回尼崎選手権競走,4,4529,嶋 義信,3,36,55,0,0,0.15,4.88,30.59,44.71,5.55,36.36,54.55,35.71,50,23.08,38.46
2025-06-30,13,1,2025-06-30 10:47:00,5,サンケイスポーツ旗争奪第57回尼崎選手権競走,5,5353,草川 壮良,4,20,51.5,0,0,0.18,1.95,2.5,5,1.65,0,0,22.06,33.82,35.38,52.31
2025-06-30,13,1,2025-06-30 10:47:00,5,サンケイスポーツ旗争奪第57回尼崎選手権競走,6,3313,本吉 正樹,3,59,52.7,0,0,0.18,3.77,14.29,25.89,4.75,25,25,38.03,53.52,28.57,42.86
2025-06-30,13,2,2025-06-30 11:15:00,5,サンケイスポーツ旗争奪第57回尼崎選手権競走,1,3535,渡 修平,3,52,52.3,0,0,0.19,4.56,28.05,43.9,4.74,24.62,44.62,25,40.28,30,44.29
2025-06-30,13,2,2025-06-30 11:15:00,5,サンケイスポーツ旗争奪第57回尼崎選手権競走,2,3075,中村 裕将,3,62,54.6,0,0,0.15,4.7,20.79,43.56,3.22,11.11,22.22,37.84,55.41,30.43,40.58
2025-06-30,13,2,2025-06-30 11:15:00,5,サンケイスポーツ旗争奪第57回尼崎選手権競走,3,5032,谷口 知優,3,27,52.7,0,0,0.15,5.17,33,46,0,0,0,49.23,60,43.1,60.34
2025-06-30,13,2,2025-06-30 11:15:00,5,サンケイスポーツ旗争奪第57回尼崎選手権競走,4,4158,木場 雄二郎,3,44,56.5,0,0,0.16,4.46,25,39.29,2.71,0,14.29,33.33,54.67,33.33,46.38
2025-06-30,13,2,2025-06-30 11:15:00,5,サンケイスポーツ旗争奪第57回尼崎選手権競走,5,5374,木山 大聖,4,22,51.5,0,0,,1.3,0,0,1.43,0,0,28.77,49.32,35.71,47.14
2025-06-30,13,2,2025-06-30 11:15:00,5,サンケイスポーツ旗争奪第57回尼崎選手権競走,6,4772,石丸 海渡,1,32,56.1,0,0,0.11,6.1,42.86,55.84,7.88,58.82,88.24,37.68,53.62,21.43,37.14
2025-06-30,13,3,2025-06-30 11:43:00,5,サンケイスポーツ旗争奪第57回尼崎選手権競走,1,5000,岡本 翔太郎,3,30,52,0,0,0.14,4.47,19.09,41.82,0,0,0,23.53,33.82,34.38,48.44
2025-06-30,13,3,2025-06-30 11:43:00,5,サンケイスポーツ旗争奪第57回尼崎選手権競走,2,3907,村越 篤,2,47,52.7,0,0,0.17,5.32,36.5,50.36,3.63,0,25,25.37,43.28,37.31,53.73
2025-06-30,13,3,2025-06-30 11:43:00,5,サンケイスポーツ旗争奪第57回尼崎選手権競走,3,3712,淺香 文武,3,50,54.6,0,0,0.14,5.2,31,54,4.44,22.22,44.44,34.29,54.29,42.03,63.77
2025-06-30,13,3,2025-06-30 11:43:00,5,サンケイスポーツ旗争奪第57回尼崎選手権競走,4,4431,石塚 裕介,3,39,52,0,0,0.15,5.09,23.53,50.98,5.55,25,65,23.73,37.29,36.62,50.7
2025-06-30,13,3,2025-06-30 11:43:00,5,サンケイスポーツ旗争奪第57回尼崎選手権競走,5,5036,福田 翔吾,3,27,52.3,1,0,0.16,4.61,28.28,41.41,5.03,41.18,52.94,27.4,36.99,34.85,57.58
2025-06-30,13,3,2025-06-30 11:43:00,5,サンケイスポーツ旗争奪第57回尼崎選手権競走,6,5401,谷 海夏人,4,22,53.1,0,0,,1.38,0,0,0,0,0,38.89,52.78,51.52,63.64
2025-06-30,13,4,2025-06-30 12:11:00,5,サンケイスポーツ旗争奪第57回尼崎選手権競走,1,3715,倉尾 大介,3,50,52.4,0,0,0.13,5.32,30.77,48.72,4.64,23.81,40.48,45.83,58.33,34.38,57.81
2025-06-30,13,4,2025-06-30 12:11:00,5,サンケイスポーツ旗争奪第57回尼崎選手権競走,2,3442,宮武 英司,3,55,54.5,0,0,0.17,5.11,30.1,45.63,5.33,33.33,44.44,40.58,63.77,25,45.59
2025-06-30,13,4,2025-06-30 12:11:00,5,サンケイスポーツ旗争奪第57回尼崎選手権競走,3,3906,飯山 晃三,3,47,60.1,0,0,0.2,4.34,25.49,42.16,4.71,21.43,50,38.03,56.34,37.5,51.56
2025-06-30,13,4,2025-06-30 12:11:00,5,サンケイスポーツ旗争奪第57回尼崎選手権競走,4,3773,津留 浩一郎,3,51,55.1,0,0,0.16,5.46,38.61,50.5,0,0,0,42.86,54.29,14.71,33.82
2025-06-30,13,4,2025-06-30 12:11:00,5,サンケイスポーツ旗争奪第57回尼崎選手権競走,5,4051,清水 敦揮,1,44,54.3,0,0,0.15,6.59,52.24,65.67,7.41,59.38,87.5,28.57,41.43,48.44,59.38
2025-06-30,13,4,2025-06-30 12:11:00,5,サンケイスポーツ旗争奪第57回尼崎選手権競走,6,5023,久永 祥平,3,30,52.2,0,0,0.16,4.96,29.27,48.78,6.26,42.11,63.16,34.78,50.72,34.48,50
2025-06-30,13,5,2025-06-30 12:37:00,5,サンケイスポーツ旗争奪第57回尼崎選手権競走,1,4511,中岡 健人,3,36,56.9,0,0,0.15,3.68,20,32.5,3.39,10.71,21.43,31.08,45.95,20.59,41.18
2025-06-30,13,5,2025-06-30 12:37:00,5,サンケイスポーツ旗争奪第57回尼崎選手権競走,2,3527,中嶋 誠一郎,3,54,52,0,0,0.17,5.23,27.59,51.72,5.8,25,75,26.39,48.61,32.69,40.38
2025-06-30,13,5,2025-06-30 12:37:00,5,サンケイスポーツ旗争奪第57回尼崎選手権競走,3,4118,宇佐見 淳,2,44,52,0,0,0.14,6.07,45.61,59.65,0,0,0,19.4,35.82,35.94,43.75
2025-06-30,13,5,2025-06-30 12:37:00,5,サンケイスポーツ旗争奪第57回尼崎選手権競走,4,3901,松田 憲幸,3,48,53.1,0,0,0.2,4.13,20.65,32.61,4.2,30,50,31.51,43.84,24.29,40
2025-06-30,13,5,2025-06-30 12:37:00,5,サンケイスポーツ旗争奪第57回尼崎選手権競走,5,4425,大井 清貴,3,39,54.9,0,0,0.18,4.63,26.73,46.53,4.29,23.53,35.29,35.62,54.79,45.45,63.64
2025-06-30,13,5,2025-06-30 12:37:00,5,サンケイスポーツ旗争奪第57回尼崎選手権競走,6,5353,草川 壮良,4,20,51.5,0,0,0.18,1.95,2.5,5,1.65,0,0,22.06,33.82,35.38,52.31
2025-06-30,13,6,2025-06-30 13:05:00,5,サンケイスポーツ旗争奪第57回尼崎選手権競走,1,3606,川北 浩貴,2,53,52.1,0,0,0.15,5.53,36.7,55.96,6.36,45.45,63.64,39.44,67.61,25,47.06
2025-06-30,13,6,2025-06-30 13:05:00,5,サンケイスポーツ旗争奪第57回尼崎選手権競走,2,3313,本吉 正樹,3,59,52.5,0,0,0.18,3.77,14.29,25.89,4.75,25,25,38.03,53.52,28.57,42.86
2025-06-30,13,6,2025-06-30 13:05:00,5,サンケイスポーツ旗争奪第57回尼崎選手権競走,3,4158,木場 雄二郎,3,44,56.2,0,0,0.16,4.46,25,39.29,2.71,0,14.29,33.33,54.67,33.33,46.38
2025-06-30,13,6,2025-06-30 13:05:00,5,サンケイスポーツ旗争奪第57回尼崎選手権競走,4,4543,重木 輝彦,1,37,52,0,0,0.16,6.94,52.13,74.47,6.03,41.75,59.22,44.59,58.11,32.43,51.35
2025-06-30,13,6,2025-06-30 13:05:00,5,サンケイスポーツ旗争奪第57回尼崎選手権競走,5,5032,谷口 知優,3,27,52,0,0,0.15,5.17,33,46,0,0,0,49.23,60,43.1,60.34
2025-06-30,13,6,2025-06-30 13:05:00,5,サンケイスポーツ旗争奪第57回尼崎選手権競走,6,3663,木山 和幸,3,55,50.5,0,0,0.16,5.19,32.87,48.95,4.05,12.5,35,25.71,40,44.78,64.18
2025-06-30,13,7,2025-06-30 13:32:00,5,サンケイスポーツ旗争奪第57回尼崎選手権競走,1,4040,廣瀬 将亨,2,46,54.8,0,0,0.15,5.65,36.11,58.33,5.68,40.86,56.99,37.84,56.76,35.38,50.77
2025-06-30,13,7,2025-06-30 13:32:00,5,サンケイスポーツ旗争奪第57回尼崎選手権競走,2,5036,福田 翔吾,3,27,52.3,1,0,0.16,4.61,28.28,41.41,5.03,41.18,52.94,27.4,36.99,34.85,57.58
2025-06-30,13,7,2025-06-30 13:32:00,5,サンケイスポーツ旗争奪第57回尼崎選手権競走,3,4431,石塚 裕介,3,39,52,0,0,0.15,5.09,23.53,50.98,5.55,25,65,23.73,37.29,36.62,50.7
2025-06-30,13,7,2025-06-30 13:32:00,5,サンケイスポーツ旗争奪第57回尼崎選手権競走,4,4020,川上 清人,3,45,63.4,0,0,0.16,4.21,22.35,36.47,3.89,21.05,31.58,31.94,48.61,27.27,54.55
2025-06-30,13,7,2025-06-30 13:32:00,5,サンケイスポーツ旗争奪第57回尼崎選手権競走,5,3075,中村 裕将,3,62,54.6,0,0,0.15,4.7,20.79,43.56,3.22,11.11,22.22,37.84,55.41,30.43,40.58
2025-06-30,13,7,2025-06-30 13:32:00,5,サンケイスポーツ旗争奪第57回尼崎選手権競走,6,5374,木山 大聖,4,22,51.5,0,0,,1.3,0,0,1.43,0,0,28.77,49.32,35.71,47.14
2025-06-30,13,8,2025-06-30 14:10:00,5,サンケイスポーツ旗争奪第57回尼崎選手権競走,1,4488,小山 勉,1,39,52,1,0,0.16,6.42,50,65.87,7,62.5,75,37.14,50,22.86,38.57
2025-06-30,13,8,2025-06-30 14:10:00,5,サンケイスポーツ旗争奪第57回尼崎選手権競走,2,3773,津留 浩一郎,3,51,55.1,0,0,0.16,5.46,38.61,50.5,0,0,0,42.86,54.29,14.71,33.82
2025-06-30,13,8,2025-06-30 14:10:00,5,サンケイスポーツ旗争奪第57回尼崎選手権競走,3,4529,嶋 義信,3,36,55,0,0,0.15,4.88,30.59,44.71,5.55,36.36,54.55,35.71,50,23.08,38.46
2025-06-30,13,8,2025-06-30 14:10:00,5,サンケイスポーツ旗争奪第57回尼崎選手権競走,4,3906,飯山 晃三,3,47,60.1,0,0,0.2,4.34,25.49,42.16,4.71,21.43,50,38.03,56.34,37.5,51.56
2025-06-30,13,8,2025-06-30 14:10:00,5,サンケイスポーツ旗争奪第57回尼崎選手権競走,5,5401,谷 海夏人,4,22,53.1,0,0,,1.38,0,0,0,0,0,38.89,52.78,51.52,63.64
2025-06-30,13,8,2025-06-30 14:10:00,5,サンケイスポーツ旗争奪第57回尼崎選手権競走,6,5220,青木 蓮,2,24,52,1,0,0.16,6.08,46.21,60.61,5.75,37.5,62.5,44.59,64.86,34.78,52.17
2025-06-30,13,9,2025-06-30 14:48:00,5,サンケイスポーツ旗争奪第57回尼崎選手権競走,1,4772,石丸 海渡,1,32,56.1,0,0,0.11,6.1,42.86,55.84,7.88,58.82,88.24,37.68,53.62,21.43,37.14
2025-06-30,13,9,2025-06-30 14:48:00,5,サンケイスポーツ旗争奪第57回尼崎選手権競走,2,5023,久永 祥平,3,30,52.2,0,0,0.16,4.96,29.27,48.78,6.26,42.11,63.16,34.78,50.72,34.48,50
2025-06-30,13,9,2025-06-30 14:48:00,5,サンケイスポーツ旗争奪第57回尼崎選手権競走,3,4425,大井 清貴,3,39,54.9,0,0,0.18,4.63,26.73,46.53,4.29,23.53,35.29,35.62,54.79,45.45,63.64
2025-06-30,13,9,2025-06-30 14:48:00,5,サンケイスポーツ旗争奪第57回尼崎選手権競走,4,3712,淺香 文武,3,50,54.6,0,0,0.14,5.2,31,54,4.44,22.22,44.44,34.29,54.29,42.03,63.77
2025-06-30,13,9,2025-06-30 14:48:00,5,サンケイスポーツ旗争奪第57回尼崎選手権競走,5,3442,宮武 英司,3,55,54.5,0,0,0.17,5.11,30.1,45.63,5.33,33.33,44.44,40.58,63.77,25,45.59
2025-06-30,13,9,2025-06-30 14:48:00,5,サンケイスポーツ旗争奪第57回尼崎選手権競走,6,4118,宇佐見 淳,2,44,52,0,0,0.14,6.07,45.61,59.65,0,0,0,19.4,35.82,35.94,43.75
2025-06-30,13,10,2025-06-30 15:16:00,5,サンケイスポーツ旗争奪第57回尼崎選手権競走,1,4051,清水 敦揮,1,44,54.3,0,0,0.15,6.59,52.24,65.67,7.41,59.38,87.5,28.57,41.43,48.44,59.38
2025-06-30,13,10,2025-06-30 15:16:00,5,サンケイスポーツ旗争奪第57回尼崎選手権競走,2,3853,岩崎 正哉,2,52,54.4,0,0,0.19,5.57,34.71,53.72,5.33,22.22,44.44,19.12,44.12,42.25,59.15
2025-06-30,13,10,2025-06-30 15:16:00,5,サンケイスポーツ旗争奪第57回尼崎選手権競走,3,4040,廣瀬 将亨,2,46,54.8,0,0,0.15,5.65,36.11,58.33,5.68,40.86,56.99,37.84,56.76,35.38,50.77
2025-06-30,13,10,2025-06-30 15:16:00,5,サンケイスポーツ旗争奪第57回尼崎選手権競走,4,5000,岡本 翔太郎,3,30,52,0,0,0.14,4.47,19.09,41.82,0,0,0,23.53,33.82,34.38,48.44
2025-06-30,13,10,2025-06-30 15:16:00,5,サンケイスポーツ旗争奪第57回尼崎選手権競走,5,4511,中岡 健人,3,36,56.9,0,0,0.15,3.68,20,32.5,3.39,10.71,21.43,31.08,45.95,20.59,41.18
2025-06-30,13,10,2025-06-30 15:16:00,5,サンケイスポーツ旗争奪第57回尼崎選手権競走,6,3606,川北 浩貴,2,53,52.1,0,0,0.15,5.53,36.7,55.96,6.36,45.45,63.64,39.44,67.61,25,47.06
2025-06-30,13,11,2025-06-30 15:51:00,5,サンケイスポーツ旗争奪第57回尼崎選手権競走,1,4543,重木 輝彦,1,37,52,0,0,0.16,6.94,52.13,74.47,6.03,41.75,59.22,44.59,58.11,32.43,51.35
2025-06-30,13,11,2025-06-30 15:51:00,5,サンケイスポーツ旗争奪第57回尼崎選手権競走,2,4488,小山 勉,1,39,52,1,0,0.16,6.42,50,65.87,7,62.5,75,37.14,50,22.86,38.57
2025-06-30,13,11,2025-06-30 15:51:00,5,サンケイスポーツ旗争奪第57回尼崎選手権競走,3,3907,村越 篤,2,47,52.7,0,0,0.17,5.32,36.5,50.36,3.63,0,25,25.37,43.28,37.31,53.73
2025-06-30,13,11,2025-06-30 15:51:00,5,サンケイスポーツ旗争奪第57回尼崎選手権競走,4,3535,渡 修平,3,52,52.3,0,0,0.19,4.56,28.05,43.9,4.74,24.62,44.62,25,40.28,30,44.29
2025-06-30,13,11,2025-06-30 15:51:00,5,サンケイスポーツ旗争奪第57回尼崎選手権競走,5,3715,倉尾 大介,3,50,52.4,0,0,0.13,5.32,30.77,48.72,4.64,23.81,40.48,45.83,58.33,34.38,57.81
2025-06-30,13,11,2025-06-30 15:51:00,5,サンケイスポーツ旗争奪第57回尼崎選手権競走,6,3527,中嶋 誠一郎,3,54,52,0,0,0.17,5.23,27.59,51.72,5.8,25,75,26.39,48.61,32.69,40.38
2025-06-30,13,12,2025-06-30 16:30:00,5,サンケイスポーツ旗争奪第57回尼崎選手権競走,1,3721,守田 俊介,1,49,53.5,0,0,0.12,7.58,64.49,73.83,7.1,66.67,76.67,39.73,56.16,43.66,67.61
2025-06-30,13,12,2025-06-30 16:30:00,5,サンケイスポーツ旗争奪第57回尼崎選手権競走,2,4776,竹田 和哉,1,31,52,0,0,0.16,6.59,44.14,63.96,0,0,0,13.89,25,35.71,51.43
2025-06-30,13,12,2025-06-30 16:30:00,5,サンケイスポーツ旗争奪第57回尼崎選手権競走,3,3613,角谷 健吾,2,52,51.5,0,0,0.14,6.54,51.75,65.79,8.36,72.73,90.91,47.14,67.14,38.81,67.16
2025-06-30,13,12,2025-06-30 16:30:00,5,サンケイスポーツ旗争奪第57回尼崎選手権競走,4,4604,岩瀬 裕亮,1,37,52,0,0,0.14,7.3,51.47,76.47,5.83,33.33,50,27.4,47.95,31.43,44.29
2025-06-30,13,12,2025-06-30 16:30:00,5,サンケイスポーツ旗争奪第57回尼崎選手権競走,5,4857,加藤 翔馬,2,28,54.4,0,0,0.18,6.89,58.82,74.51,6.64,57.38,70.49,17.46,39.68,24.64,40.58
2025-06-30,13,12,2025-06-30 16:30:00,5,サンケイスポーツ旗争奪第57回尼崎選手権競走,6,4553,坪口 竜也,1,36,51.5,0,0,0.15,6.44,47.83,67.83,5.96,37.5,70.83,41.43,57.14,31.75,52.38
2025-06-30,18,1,2025-06-30 08:44:00,5,すなっち波乗り王決定戦,1,4027,松江 秀徳,2,47,55.1,0,0,0.14,5.9,40.74,57.04,5,23.81,47.62,27.5,45,37.58,52.23
2025-06-30,18,1,2025-06-30 08:44:00,5,すなっち波乗り王決定戦,2,4226,村田 浩司,3,42,53.1,0,0,0.16,4.26,26.21,37.86,4.35,24.64,34.78,26.47,47.06,34,50.67
2025-06-30,18,1,2025-06-30 08:44:00,5,すなっち波乗り王決定戦,3,3580,水口 由紀,3,52,48.8,0,0,0.18,4.58,19.78,40.66,2.75,12.5,25,31.11,44.44,39.49,55.41
2025-06-30,18,1,2025-06-30 08:44:00,5,すなっち波乗り王決定戦,4,4339,平瀬 城啓,3,41,55.2,0,0,0.17,4.1,17.39,34.78,4.68,28.57,46.43,42.22,46.67,45.86,63.69
2025-06-30,18,1,2025-06-30 08:44:00,5,すなっち波乗り王決定戦,5,3596,河上 年昭,3,55,53.8,0,0,0.17,4.54,18.87,41.51,0,0,0,31.11,44.44,32.48,51.59
2025-06-30,18,1,2025-06-30 08:44:00,5,すなっち波乗り王決定戦,6,5264,登 みひ果,3,25,46,0,0,0.19,4.19,22.52,31.53,3.11,0,22.22,15,30,35.48,56.77
2025-06-30,18,2,2025-06-30 09:10:00,5,すなっち波乗り王決定戦,1,4305,金子 拓矢,1,41,52.1,0,0,0.13,6.95,55.86,74.77,5.83,33.33,83.33,30.77,51.28,36.13,57.42
2025-06-30,18,2,2025-06-30 09:10:00,5,すなっち波乗り王決定戦,2,4257,古川 健,3,41,52,0,0,0.15,5.2,32.29,47.92,6.52,47.62,66.67,33.33,56.41,33.97,47.44
2025-06-30,18,2,2025-06-30 09:10:00,5,すなっち波乗り王決定戦,3,4324,海野 康志郎,1,37,58,0,0,0.14,7.28,55.08,75.42,0,0,0,22.22,40,33.77,48.7
2025-06-30,18,2,2025-06-30 09:10:00,5,すなっち波乗り王決定戦,4,4435,服部 達哉,2,39,55.2,0,0,0.16,5.11,27.83,51.3,4.93,42.86,42.86,41.3,52.17,33.33,50.98
2025-06-30,18,2,2025-06-30 09:10:00,5,すなっち波乗り王決定戦,5,4649,和田 操拓,2,41,52,0,0,0.14,5.78,36.05,58.5,4.44,27.78,33.33,18.52,29.63,33.12,55.19
2025-06-30,18,2,2025-06-30 09:10:00,5,すなっち波乗り王決定戦,6,5206,梅原 祥平,3,27,52.3,0,0,0.14,4.84,26.36,47.29,3.08,8.33,16.67,36.17,55.32,32,47.33
2025-06-30,18,3,2025-06-30 09:36:00,5,すなっち波乗り王決定戦,1,4060,島田 一生,3,46,54.5,0,0,0.16,4.93,31.63,48.98,4.39,26.32,39.47,29.79,46.81,30.77,43.59
2025-06-30,18,3,2025-06-30 09:36:00,5,すなっち波乗り王決定戦,2,4078,渡辺 史之,3,46,51.5,0,0,0.18,3.46,15.63,25,2.46,0,7.69,36.17,48.94,40.13,56.69
2025-06-30,18,3,2025-06-30 09:36:00,5,すなっち波乗り王決定戦,3,4771,下寺 秀和,1,32,53.1,0,0,0.15,6.68,48.03,66.14,5.89,38.89,61.11,23.4,48.94,33.33,51.57
2025-06-30,18,3,2025-06-30 09:36:00,5,すなっち波乗り王決定戦,4,3892,草場 康幸,3,49,52.8,0,0,0.15,5.23,34.29,51.43,5.43,34.29,42.86,26.67,48.89,38.85,54.78
2025-06-30,18,3,2025-06-30 09:36:00,5,すなっち波乗り王決定戦,5,4995,田邉 亮蔵,3,34,54.2,0,0,0.19,4.31,28.57,37.5,4.05,20,35,30,52.5,32.08,49.06
2025-06-30,18,3,2025-06-30 09:36:00,5,すなっち波乗り王決定戦,6,5317,長尾 萌加,3,24,46,0,0,0.21,3.6,10.53,28.42,2.39,0,16.67,36.17,61.7,31.21,49.04
2025-06-30,18,4,2025-06-30 10:02:00,5,すなっち波乗り王決定戦,1,4264,長尾 章平,1,40,53.1,0,0,0.16,7.05,58.13,77.5,6.46,44.35,69.35,32.56,48.84,28.21,44.87
2025-06-30,18,4,2025-06-30 10:02:00,5,すなっち波乗り王決定戦,2,3635,石田 政吾,2,54,52.5,0,0,0.16,5.45,38.52,55.74,0,0,0,20,45,38.03,57.75
2025-06-30,18,4,2025-06-30 10:02:00,5,すなっち波乗り王決定戦,3,3778,安達 美帆,3,49,48.2,0,0,0.21,3.41,12.68,26.76,2.63,12.5,12.5,18.75,31.25,40,61.54
2025-06-30,18,4,2025-06-30 10:02:00,5,すなっち波乗り王決定戦,4,3701,大西 隆洋,3,52,57,0,0,0.15,3.97,19,30,2.57,14.29,14.29,14.29,45.24,28.13,43.75
2025-06-30,18,4,2025-06-30 10:02:00,5,すなっち波乗り王決定戦,5,5035,櫻井 優,3,27,52,0,0,0.17,5.36,34.34,56.57,4.14,21.43,35.71,15.63,18.75,22.15,36.91
2025-06-30,18,4,2025-06-30 10:02:00,5,すなっち波乗り王決定戦,6,5333,山下 智己,3,21,52,0,0,0.19,3.03,11.34,20.62,1.78,0,0,19.51,31.71,33.55,50.32
2025-06-30,18,5,2025-06-30 10:31:00,5,すなっち波乗り王決定戦,1,3837,秋山 広一,2,50,52.8,0,0,0.15,6.27,45.24,62.7,6.16,48.39,67.74,23.08,35.9,30.32,47.1
2025-06-30,18,5,2025-06-30 10:31:00,5,すなっち波乗り王決定戦,2,3070,山室 展弘,3,64,52,0,0,0.17,4.44,20,40,5.16,34.88,55.81,34.69,46.94,38.46,58.97
2025-06-30,18,5,2025-06-30 10:31:00,5,すなっち波乗り王決定戦,3,3814,金子 貴志,3,49,51,0,0,0.19,4.51,26.85,40.74,4,30,30,20.45,29.55,22.78,39.24
2025-06-30,18,5,2025-06-30 10:31:00,5,すなっち波乗り王決定戦,4,4845,前田 紗希,1,32,47,0,0,0.15,6.41,47.96,65.31,6.45,44.83,72.41,22.73,36.36,38.61,55.06
2025-06-30,18,5,2025-06-30 10:31:00,5,すなっち波乗り王決定戦,5,4023,柴田 友和,3,47,52,0,0,0.15,4.49,17.76,39.25,4.42,31.58,36.84,22.22,46.67,30.07,42.48
2025-06-30,18,5,2025-06-30 10:31:00,5,すなっち波乗り王決定戦,6,5323,香川 陽太,3,22,56.5,0,0,0.16,3.75,17.89,34.74,1,0,0,22.58,48.39,37.82,50.64
2025-06-30,18,6,2025-06-30 10:59:00,5,すなっち波乗り王決定戦,1,3580,水口 由紀,3,52,48.8,0,0,0.18,4.58,19.78,40.66,2.75,12.5,25,31.11,44.44,39.49,55.41
2025-06-30,18,6,2025-06-30 10:59:00,5,すなっち波乗り王決定戦,2,5187,小坂 風太,3,25,53.1,0,0,0.16,4.22,20.16,37.21,4.15,11.54,34.62,40,50,28.03,44.59
2025-06-30,18,6,2025-06-30 10:59:00,5,すなっち波乗り王決定戦,3,3612,馬袋 義則,2,52,53.7,0,0,0.14,6.62,45.89,67.81,6.59,53.06,65.31,29.41,38.24,43.31,57.32
2025-06-30,18,6,2025-06-30 10:59:00,5,すなっち波乗り王決定戦,4,2538,高橋 二朗,3,76,52,0,0,0.19,3.1,9.76,18.29,0,0,0,23.26,48.84,37.18,49.36
2025-06-30,18,6,2025-06-30 10:59:00,5,すなっち波乗り王決定戦,5,5246,楠 将太郎,3,23,52,0,0,0.16,4.43,22.22,41.98,0,0,0,34.78,54.35,46.1,60.39
2025-06-30,18,6,2025-06-30 10:59:00,5,すなっち波乗り王決定戦,6,3792,田中 豪,2,52,53,0,0,0.16,6.21,45.79,71.03,6.91,56.52,78.26,15.91,25,23.81,44.22
2025-06-30,18,7,2025-06-30 11:29:00,5,すなっち波乗り王決定戦,1,4078,渡辺 史之,3,46,51.5,0,0,0.18,3.46,15.63,25,2.46,0,7.69,36.17,48.94,40.13,56.69
2025-06-30,18,7,2025-06-30 11:29:00,5,すなっち波乗り王決定戦,2,5264,登 みひ果,3,25,46,0,0,0.19,4.19,22.52,31.53,3.11,0,22.22,15,30,35.48,56.77
2025-06-30,18,7,2025-06-30 11:29:00,5,すなっち波乗り王決定戦,3,4257,古川 健,3,41,52,0,0,0.15,5.2,32.29,47.92,6.52,47.62,66.67,33.33,56.41,33.97,47.44
2025-06-30,18,7,2025-06-30 11:29:00,5,すなっち波乗り王決定戦,4,4112,大久保 信一郎,4,45,51.5,0,0,,4.78,24.62,52.31,6.08,37.5,67.5,39.47,52.63,29.03,45.16
2025-06-30,18,7,2025-06-30 11:29:00,5,すなっち波乗り王決定戦,5,5181,森 智哉,3,27,52,1,0,0.16,5.14,32,52,3,11.11,18.52,26.19,47.62,31.41,48.08
2025-06-30,18,7,2025-06-30 11:29:00,5,すなっち波乗り王決定戦,6,3473,石川 真二,1,55,52.6,0,0,0.14,6.37,48.48,59.85,7.95,65,95,40.43,65.96,32.69,48.72
2025-06-30,18,8,2025-06-30 12:03:00,5,すなっち波乗り王決定戦,1,3973,崎 利仁,3,48,53.6,0,0,0.2,4.2,16.67,33.33,3.17,16.67,16.67,17.65,26.47,35.06,49.35
2025-06-30,18,8,2025-06-30 12:03:00,5,すなっち波乗り王決定戦,2,4361,柳生 泰二,1,40,53.9,0,0,0.14,6.93,53.27,71.03,6.72,45.35,63.95,23.4,40.43,28.39,45.16
2025-06-30,18,8,2025-06-30 12:03:00,5,すなっち波乗り王決定戦,3,5206,梅原 祥平,3,27,52.3,0,0,0.14,4.84,26.36,47.29,3.08,8.33,16.67,36.17,55.32,32,47.33
2025-06-30,18,8,2025-06-30 12:03:00,5,すなっち波乗り王決定戦,4,4027,松江 秀徳,2,47,55.1,0,0,0.14,5.9,40.74,57.04,5,23.81,47.62,27.5,45,37.58,52.23
2025-06-30,18,8,2025-06-30 12:03:00,5,すなっち波乗り王決定戦,5,5320,岩崎 麗子,4,23,51.3,0,0,0.19,1.93,2.2,5.49,1.13,0,0,20.51,33.33,30.13,42.31
2025-06-30,18,8,2025-06-30 12:03:00,5,すなっち波乗り王決定戦,6,3701,大西 隆洋,3,52,57,0,0,0.15,3.97,19,30,2.57,14.29,14.29,14.29,45.24,28.13,43.75
2025-06-30,18,9,2025-06-30 12:38:00,5,すなっち波乗り王決定戦,1,5035,櫻井 優,3,27,52,0,0,0.17,5.36,34.34,56.57,4.14,21.43,35.71,15.63,18.75,22.15,36.91
2025-06-30,18,9,2025-06-30 12:38:00,5,すなっち波乗り王決定戦,2,4995,田邉 亮蔵,3,34,54.2,0,0,0.19,4.31,28.57,37.5,4.05,20,35,30,52.5,32.08,49.06
2025-06-30,18,9,2025-06-30 12:38:00,5,すなっち波乗り王決定戦,3,4649,和田 操拓,2,41,52,0,0,0.14,5.78,36.05,58.5,4.44,27.78,33.33,18.52,29.63,33.12,55.19
2025-06-30,18,9,2025-06-30 12:38:00,5,すなっち波乗り王決定戦,4,3654,武田 光史,1,51,52.5,0,0,0.18,6.73,52.82,69.72,6.5,44.44,72.22,37.5,62.5,34.38,52.5
2025-06-30,18,9,2025-06-30 12:38:00,5,すなっち波乗り王決定戦,5,5184,飯塚 響,4,26,43,0,0,0.16,3.38,13.33,21.67,2.42,4.17,4.17,21.21,27.27,35.67,52.87
2025-06-30,18,9,2025-06-30 12:38:00,5,すなっち波乗り王決定戦,6,4226,村田 浩司,3,42,53.1,0,0,0.16,4.26,26.21,37.86,4.35,24.64,34.78,26.47,47.06,34,50.67
2025-06-30,18,10,2025-06-30 13:12:00,5,すなっち波乗り王決定戦,1,3814,金子 貴志,3,49,51,0,0,0.19,4.51,26.85,40.74,4,30,30,20.45,29.55,22.78,39.24
2025-06-30,18,10,2025-06-30 13:12:00,5,すなっち波乗り王決定戦,2,4060,島田 一生,3,46,54.5,0,0,0.16,4.93,31.63,48.98,4.39,26.32,39.47,29.79,46.81,30.77,43.59
2025-06-30,18,10,2025-06-30 13:12:00,5,すなっち波乗り王決定戦,3,3596,河上 年昭,3,55,53.8,0,0,0.17,4.54,18.87,41.51,0,0,0,31.11,44.44,32.48,51.59
2025-06-30,18,10,2025-06-30 13:12:00,5,すなっち波乗り王決定戦,4,5333,山下 智己,3,21,52,0,0,0.19,3.03,11.34,20.62,1.78,0,0,19.51,31.71,33.55,50.32
2025-06-30,18,10,2025-06-30 13:12:00,5,すなっち波乗り王決定戦,5,4324,海野 康志郎,1,37,58,0,0,0.14,7.28,55.08,75.42,0,0,0,22.22,40,33.77,48.7
2025-06-30,18,10,2025-06-30 13:12:00,5,すなっち波乗り王決定戦,6,4997,濱崎 寿里矢,4,32,49.7,0,0,0.19,3.4,15.52,25.86,0,0,0,31.11,51.11,30.92,46.71
2025-06-30,18,11,2025-06-30 13:48:00,5,すなっち波乗り王決定戦,1,4023,柴田 友和,3,47,52,0,0,0.15,4.49,17.76,39.25,4.42,31.58,36.84,22.22,46.67,30.07,42.48
2025-06-30,18,11,2025-06-30 13:48:00,5,すなっち波乗り王決定戦,2,4339,平瀬 城啓,3,41,55.2,0,0,0.17,4.1,17.39,34.78,4.68,28.57,46.43,42.22,46.67,45.86,63.69
2025-06-30,18,11,2025-06-30 13:48:00,5,すなっち波乗り王決定戦,3,4305,金子 拓矢,1,41,52.1,0,0,0.13,6.95,55.86,74.77,5.83,33.33,83.33,30.77,51.28,36.13,57.42
2025-06-30,18,11,2025-06-30 13:48:00,5,すなっち波乗り王決定戦,4,5317,長尾 萌加,3,24,46,0,0,0.21,3.6,10.53,28.42,2.39,0,16.67,36.17,61.7,31.21,49.04
2025-06-30,18,11,2025-06-30 13:48:00,5,すなっち波乗り王決定戦,5,4789,古賀 智之,3,35,54,0,0,0.15,4.15,15.19,37.97,3.11,11.11,16.67,26.19,47.62,27.52,44.97
2025-06-30,18,11,2025-06-30 13:48:00,5,すなっち波乗り王決定戦,6,3635,石田 政吾,2,54,52.5,0,0,0.16,5.45,38.52,55.74,0,0,0,20,45,38.03,57.75
2025-06-30,18,12,2025-06-30 14:27:00,5,すなっち波乗り王決定戦,1,4361,柳生 泰二,1,40,53.8,0,0,0.14,6.93,53.27,71.03,6.72,45.35,63.95,23.4,40.43,28.39,45.16
2025-06-30,18,12,2025-06-30 14:27:00,5,すなっち波乗り王決定戦,2,3473,石川 真二,1,55,52.2,0,0,0.14,6.37,48.48,59.85,7.95,65,95,40.43,65.96,32.69,48.72
2025-06-30,18,12,2025-06-30 14:27:00,5,すなっち波乗り王決定戦,3,4264,長尾 章平,1,40,53.4,0,0,0.16,7.05,58.13,77.5,6.46,44.35,69.35,32.56,48.84,28.21,44.87
2025-06-30,18,12,2025-06-30 14:27:00,5,すなっち波乗り王決定戦,4,3612,馬袋 義則,2,52,54,0,0,0.14,6.62,45.89,67.81,6.59,53.06,65.31,29.41,38.24,43.31,57.32
2025-06-30,18,12,2025-06-30 14:27:00,5,すなっち波乗り王決定戦,5,3837,秋山 広一,2,50,52.4,0,0,0.15,6.27,45.24,62.7,6.16,48.39,67.74,23.08,35.9,30.32,47.1
2025-06-30,18,12,2025-06-30 14:27:00,5,すなっち波乗り王決定戦,6,4771,下寺 秀和,1,32,52.6,0,0,0.15,6.68,48.03,66.14,5.89,38.89,61.11,23.4,48.94,33.33,51.57
2025-06-30,20,1,2025-06-30 15:26:00,5,ルーキーS10戦植木通彦C25回スカパー!JLC杯,1,5081,篠原 飛翔,3,26,52,0,0,0.17,5.37,31.33,53.01,5.69,33.33,63.89,32.35,42.65,42.86,66.67
2025-06-30,20,1,2025-06-30 15:26:00,5,ルーキーS10戦植木通彦C25回スカパー!JLC杯,2,5239,上野 俊樹,3,25,51,0,0,0.16,5.42,27.16,59.26,4.47,15.79,47.37,26.23,39.34,45,60
2025-06-30,20,1,2025-06-30 15:26:00,5,ルーキーS10戦植木通彦C25回スカパー!JLC杯,3,5270,小玉 啓太,3,24,52.4,1,0,0.16,3.03,10.81,17.57,2.15,7.41,14.81,29.79,42.55,38.89,66.67
2025-06-30,20,1,2025-06-30 15:26:00,5,ルーキーS10戦植木通彦C25回スカパー!JLC杯,4,5351,齊藤 廉,4,20,52,0,0,0.16,2.86,7.29,18.75,2.58,5.26,15.79,21.97,41.67,31.58,63.16
2025-06-30,20,1,2025-06-30 15:26:00,5,ルーキーS10戦植木通彦C25回スカパー!JLC杯,5,5137,川原 涼,3,25,53,1,0,0.16,5.35,35.78,49.54,0,0,0,29.91,48.72,22.22,33.33
2025-06-30,20,1,2025-06-30 15:26:00,5,ルーキーS10戦植木通彦C25回スカパー!JLC杯,6,5082,一色 凌雅,3,26,56.5,0,0,0.21,5.1,35.35,54.55,0,0,0,26.83,39.84,36.84,63.16
2025-06-30,20,2,2025-06-30 15:52:00,5,ルーキーS10戦植木通彦C25回スカパー!JLC杯,1,5238,笹木 香吾,3,25,53,0,0,0.16,5.06,31.73,49.04,2.68,5.26,10.53,35.56,48.89,5.88,35.29
2025-06-30,20,2,2025-06-30 15:52:00,5,ルーキーS10戦植木通彦C25回スカパー!JLC杯,2,5104,山田 丈,2,26,52,0,0,0.18,6.31,44.78,64.93,5.6,38.29,57.14,28.23,41.13,36.84,68.42
2025-06-30,20,2,2025-06-30 15:52:00,5,ルーキーS10戦植木通彦C25回スカパー!JLC杯,3,5211,高井 駿弥,3,26,50,0,0,0.18,3.94,17.44,26.74,3,12.5,12.5,38.58,55.12,40,50
2025-06-30,20,2,2025-06-30 15:52:00,5,ルーキーS10戦植木通彦C25回スカパー!JLC杯,4,5328,井上 慧人,4,21,54.6,0,0,0.17,3.14,7.92,19.8,2.41,5.88,5.88,40.3,62.69,0,23.53
2025-06-30,20,2,2025-06-30 15:52:00,5,ルーキーS10戦植木通彦C25回スカパー!JLC杯,5,5139,大場 恒季,2,25,52.1,0,0,0.14,6.27,42.47,67.12,5.27,27.27,54.55,25.2,47.24,22.22,33.33
2025-06-30,20,2,2025-06-30 15:52:00,5,ルーキーS10戦植木通彦C25回スカパー!JLC杯,6,5073,上原 健次郎,3,29,52.5,0,0,0.16,5.51,31.31,57.58,4.92,19.23,50,33.85,54.62,22.22,27.78
2025-06-30,20,3,2025-06-30 16:23:00,5,ルーキーS10戦植木通彦C25回スカパー!JLC杯,1,5093,浦野 海,3,23,52,0,0,0.18,5.48,27.06,52.94,4.28,22.22,38.89,27.13,54.26,42.11,63.16
2025-06-30,20,3,2025-06-30 16:23:00,5,ルーキーS10戦植木通彦C25回スカパー!JLC杯,2,5015,高橋 竜矢,1,27,52.2,0,0,0.13,6.78,53.85,69.23,6.8,51.43,74.29,25.98,38.58,22.22,48.15
2025-06-30,20,3,2025-06-30 16:23:00,5,ルーキーS10戦植木通彦C25回スカパー!JLC杯,3,5018,竹下 大樹,2,26,52,0,0,0.16,6.11,42.66,62.94,5.44,33.87,48.39,43.61,64.66,21.43,42.86
2025-06-30,20,3,2025-06-30 16:23:00,5,ルーキーS10戦植木通彦C25回スカパー!JLC杯,4,5284,嘉手苅 徹哉,4,26,52,1,0,0.15,2.25,3.53,12.94,1.29,0,0,28.23,38.71,26.32,42.11
2025-06-30,20,3,2025-06-30 16:23:00,5,ルーキーS10戦植木通彦C25回スカパー!JLC杯,5,5120,山本 稔太朗,3,24,54.8,0,0,0.16,4.68,24.05,49.37,4.57,28.57,42.86,26.72,40.46,36.84,47.37
2025-06-30,20,3,2025-06-30 16:23:00,5,ルーキーS10戦植木通彦C25回スカパー!JLC杯,6,5301,岩下 巧斗,3,22,52,0,0,0.18,3.27,7.96,23.89,0,0,0,27.34,41.01,50,61.11
2025-06-30,20,4,2025-06-30 16:54:00,5,ルーキーS10戦植木通彦C25回スカパー!JLC杯,1,5157,市川 健太,3,27,53.7,0,0,0.16,5.29,32.53,50.6,1.5,0,0,32.87,49.65,25,31.25
2025-06-30,20,4,2025-06-30 16:54:00,5,ルーキーS10戦植木通彦C25回スカパー!JLC杯,2,5252,荒木 颯斗,3,22,52,0,0,0.14,5.33,30.86,53.09,3,0,33.33,38.24,56.62,55.56,61.11
2025-06-30,20,4,2025-06-30 16:54:00,5,ルーキーS10戦植木通彦C25回スカパー!JLC杯,3,5256,中山 翔太,2,21,52,0,0,0.15,6.31,46.53,65.35,0,0,0,35.88,49.62,33.33,66.67
2025-06-30,20,4,2025-06-30 16:54:00,5,ルーキーS10戦植木通彦C25回スカパー!JLC杯,4,5311,小林 京平,3,27,52,0,0,0.17,3.59,7.53,25.81,2.4,10,20,32.64,45.83,44.44,72.22
2025-06-30,20,4,2025-06-30 16:54:00,5,ルーキーS10戦植木通彦C25回スカパー!JLC杯,5,5132,中野 希一,2,26,52,0,0,0.15,6.32,47.73,64.39,3.33,13.33,26.67,29.46,50.39,21.43,50
2025-06-30,20,4,2025-06-30 16:54:00,5,ルーキーS10戦植木通彦C25回スカパー!JLC杯,6,5098,大江 純,3,29,52,0,0,0.15,4.89,26.6,42.55,4.31,23.08,38.46,36.43,57.86,14.29,21.43
2025-06-30,20,5,2025-06-30 17:22:00,5,ルーキーS10戦植木通彦C25回スカパー!JLC杯,1,5075,中島 秀治,1,29,53.2,0,0,0.16,6.57,45.54,66.07,8.11,66.67,77.78,28.57,50,36.84,52.63
2025-06-30,20,5,2025-06-30 17:22:00,5,ルーキーS10戦植木通彦C25回スカパー!JLC杯,2,5087,佐藤 航,2,25,53,0,0,0.19,5.96,43.86,58.77,8.3,70,100,27.48,42.75,38.89,55.56
2025-06-30,20,5,2025-06-30 17:22:00,5,ルーキーS10戦植木通彦C25回スカパー!JLC杯,3,5183,中野 孝二,3,26,54.5,0,0,0.16,4.81,28.42,47.37,0,0,0,31.54,50.77,22.22,27.78
2025-06-30,20,5,2025-06-30 17:22:00,5,ルーキーS10戦植木通彦C25回スカパー!JLC杯,4,5257,西丸 侑太朗,2,21,52,0,0,0.15,6.23,42.31,65.38,4.64,28,40,41.54,59.23,17.65,23.53
2025-06-30,20,5,2025-06-30 17:22:00,5,ルーキーS10戦植木通彦C25回スカパー!JLC杯,5,5312,川辺 郭人,4,24,52.7,0,0,0.18,2.07,3.33,8.33,1.31,2.78,2.78,34.71,59.5,50,60
2025-06-30,20,5,2025-06-30 17:22:00,5,ルーキーS10戦植木通彦C25回スカパー!JLC杯,6,5351,齊藤 廉,4,20,52,0,0,0.16,2.86,7.29,18.75,2.58,5.26,15.79,21.97,41.67,31.58,63.16
2025-06-30,20,6,2025-06-30 17:51:00,5,ルーキーS10戦植木通彦C25回スカパー!JLC杯,1,5134,大原 祥昌,3,25,53.3,1,0,0.13,5.41,35.45,51.82,6.13,50,75,29.84,49.19,47.06,76.47
2025-06-30,20,6,2025-06-30 17:51:00,5,ルーキーS10戦植木通彦C25回スカパー!JLC杯,2,5286,坂井 滉哉,3,25,50.5,0,0,0.14,3.95,18.35,30.28,3.23,9.38,23.44,22.14,39.69,13.33,20
2025-06-30,20,6,2025-06-30 17:51:00,5,ルーキーS10戦植木通彦C25回スカパー!JLC杯,3,5239,上野 俊樹,3,25,51,0,0,0.16,5.42,27.16,59.26,4.47,15.79,47.37,26.23,39.34,45,60
2025-06-30,20,6,2025-06-30 17:51:00,5,ルーキーS10戦植木通彦C25回スカパー!JLC杯,4,5247,大森 翼,3,23,52,0,0,0.19,4.1,14.71,37.25,4.53,20,40,37.23,61.31,35,60
2025-06-30,20,6,2025-06-30 17:51:00,5,ルーキーS10戦植木通彦C25回スカパー!JLC杯,5,5185,加藤 優弥,2,25,52.5,1,0,0.16,5.29,32.56,52.71,4.3,22.22,40.74,33.81,52.52,27.78,50
2025-06-30,20,6,2025-06-30 17:51:00,5,ルーキーS10戦植木通彦C25回スカパー!JLC杯,6,5191,飛田 江己,1,24,52.1,1,0,0.13,6.68,50.72,63.04,0,0,0,33.85,47.69,11.76,23.53
2025-06-30,20,7,2025-06-30 18:18:00,5,ルーキーS10戦植木通彦C25回スカパー!JLC杯,1,5298,水谷 理人,2,22,52,0,0,0.15,5.2,32.31,46.15,2.73,0,27.27,35.04,53.28,35,55
2025-06-30,20,7,2025-06-30 18:18:00,5,ルーキーS10戦植木通彦C25回スカパー!JLC杯,2,5114,小林 孝彰,3,25,52.5,0,0,0.16,5.8,38,57,0,0,0,35.92,51.41,42.11,57.89
2025-06-30,20,7,2025-06-30 18:18:00,5,ルーキーS10戦植木通彦C25回スカパー!JLC杯,3,5028,原田 才一郎,1,28,52,0,0,0.14,6.52,45.06,62.35,6.59,53.01,60.24,25.18,39.57,16.67,27.78
2025-06-30,20,7,2025-06-30 18:18:00,5,ルーキーS10戦植木通彦C25回スカパー!JLC杯,4,5236,小宮 涼雅,3,26,52.8,0,0,0.16,2.97,8.42,16.84,3,0,33.33,43.51,58.02,23.53,29.41
2025-06-30,20,7,2025-06-30 18:18:00,5,ルーキーS10戦植木通彦C25回スカパー!JLC杯,5,5126,山下 大輝,2,28,52,0,0,0.14,6.29,48.72,62.39,4.88,36,48,34.09,50,42.86,76.19
2025-06-30,20,7,2025-06-30 18:18:00,5,ルーキーS10戦植木通彦C25回スカパー!JLC杯,6,5211,高井 駿弥,3,26,50,0,0,0.18,3.94,17.44,26.74,3,12.5,12.5,38.58,55.12,40,50
2025-06-30,20,8,2025-06-30 18:46:00,5,ルーキーS10戦植木通彦C25回スカパー!JLC杯,1,5015,高橋 竜矢,1,27,52.2,0,0,0.13,6.78,53.85,69.23,6.8,51.43,74.29,25.98,38.58,22.22,48.15
2025-06-30,20,8,2025-06-30 18:46:00,5,ルーキーS10戦植木通彦C25回スカパー!JLC杯,2,5234,塚越 海斗,2,26,52.2,0,0,0.16,5.59,40.24,52.44,2.8,0,10,22.66,41.41,27.78,50
2025-06-30,20,8,2025-06-30 18:46:00,5,ルーキーS10戦植木通彦C25回スカパー!JLC杯,3,5139,大場 恒季,2,25,52.1,0,0,0.14,6.27,42.47,67.12,5.27,27.27,54.55,25.2,47.24,22.22,33.33
2025-06-30,20,8,2025-06-30 18:46:00,5,ルーキーS10戦植木通彦C25回スカパー!JLC杯,4,5082,一色 凌雅,3,26,56.5,0,0,0.21,5.1,35.35,54.55,0,0,0,26.83,39.84,36.84,63.16
2025-06-30,20,8,2025-06-30 18:46:00,5,ルーキーS10戦植木通彦C25回スカパー!JLC杯,5,5311,小林 京平,3,27,52,0,0,0.17,3.59,7.53,25.81,2.4,10,20,32.64,45.83,44.44,72.22
2025-06-30,20,8,2025-06-30 18:46:00,5,ルーキーS10戦植木通彦C25回スカパー!JLC杯,6,5090,生方 靖亜,3,24,52,0,0,0.16,4.79,29.41,47.06,0,0,0,30.71,43.57,16.67,27.78
2025-06-30,20,9,2025-06-30 19:16:00,5,ルーキーS10戦植木通彦C25回スカパー!JLC杯,1,5112,砂長 知輝,2,25,52.1,0,0,0.16,6.94,54.81,73.33,7.56,55.56,100,26.77,41.73,50,65
2025-06-30,20,9,2025-06-30 19:16:00,5,ルーキーS10戦植木通彦C25回スカパー!JLC杯,2,5098,大江 純,3,29,52,0,0,0.15,4.89,26.6,42.55,4.31,23.08,38.46,36.43,57.86,14.29,21.43
2025-06-30,20,9,2025-06-30 19:16:00,5,ルーキーS10戦植木通彦C25回スカパー!JLC杯,3,5207,高山 敬悟,3,27,52.5,0,0,0.15,3.95,21.05,29.82,3.81,29.03,32.26,28.36,45.52,11.76,17.65
2025-06-30,20,9,2025-06-30 19:16:00,5,ルーキーS10戦植木通彦C25回スカパー!JLC杯,4,5217,藤原 碧生,1,25,52,0,0,0.13,6.99,52.59,74.14,5.12,44,48,32.35,51.47,27.78,55.56
2025-06-30,20,9,2025-06-30 19:16:00,5,ルーキーS10戦植木通彦C25回スカパー!JLC杯,5,5150,坂本 雄紀,2,30,52.2,0,0,0.15,5.92,39.83,61.86,5.82,41.18,58.82,27.42,40.32,15.79,31.58
2025-06-30,20,9,2025-06-30 19:16:00,5,ルーキーS10戦植木通彦C25回スカパー!JLC杯,6,5270,小玉 啓太,3,24,52.4,1,0,0.16,3.03,10.81,17.57,2.15,7.41,14.81,29.79,42.55,38.89,66.67
2025-06-30,20,10,2025-06-30 19:48:00,5,ルーキーS10戦植木通彦C25回スカパー!JLC杯,1,5256,中山 翔太,2,21,52,0,0,0.15,6.31,46.53,65.35,0,0,0,35.88,49.62,33.33,66.67
2025-06-30,20,10,2025-06-30 19:48:00,5,ルーキーS10戦植木通彦C25回スカパー!JLC杯,2,5301,岩下 巧斗,3,22,52,0,0,0.18,3.27,7.96,23.89,0,0,0,27.34,41.01,50,61.11
2025-06-30,20,10,2025-06-30 19:48:00,5,ルーキーS10戦植木通彦C25回スカパー!JLC杯,3,5257,西丸 侑太朗,2,21,52,0,0,0.15,6.23,42.31,65.38,4.64,28,40,41.54,59.23,17.65,23.53
2025-06-30,20,10,2025-06-30 19:48:00,5,ルーキーS10戦植木通彦C25回スカパー!JLC杯,4,5104,山田 丈,2,26,52,0,0,0.18,6.31,44.78,64.93,5.6,38.29,57.14,28.23,41.13,36.84,68.42
2025-06-30,20,10,2025-06-30 19:48:00,5,ルーキーS10戦植木通彦C25回スカパー!JLC杯,5,5134,大原 祥昌,3,25,53.3,1,0,0.13,5.41,35.45,51.82,6.13,50,75,29.84,49.19,47.06,76.47
2025-06-30,20,10,2025-06-30 19:48:00,5,ルーキーS10戦植木通彦C25回スカパー!JLC杯,6,5137,川原 涼,3,25,53,1,0,0.16,5.35,35.78,49.54,0,0,0,29.91,48.72,22.22,33.33
2025-06-30,20,11,2025-06-30 20:16:00,5,ルーキーS10戦植木通彦C25回スカパー!JLC杯,1,5018,竹下 大樹,2,26,52,0,0,0.16,6.11,42.66,62.94,5.44,33.87,48.39,43.61,64.66,21.43,42.86
2025-06-30,20,11,2025-06-30 20:16:00,5,ルーキーS10戦植木通彦C25回スカパー!JLC杯,2,5132,中野 希一,2,26,52,0,0,0.15,6.32,47.73,64.39,3.33,13.33,26.67,29.46,50.39,21.43,50
2025-06-30,20,11,2025-06-30 20:16:00,5,ルーキーS10戦植木通彦C25回スカパー!JLC杯,3,5191,飛田 江己,1,24,52.1,1,0,0.13,6.68,50.72,63.04,0,0,0,33.85,47.69,11.76,23.53
2025-06-30,20,11,2025-06-30 20:16:00,5,ルーキーS10戦植木通彦C25回スカパー!JLC杯,4,5073,上原 健次郎,3,29,52.5,0,0,0.16,5.51,31.31,57.58,4.92,19.23,50,33.85,54.62,22.22,27.78
2025-06-30,20,11,2025-06-30 20:16:00,5,ルーキーS10戦植木通彦C25回スカパー!JLC杯,5,5298,水谷 理人,2,22,52,0,0,0.15,5.2,32.31,46.15,2.73,0,27.27,35.04,53.28,35,55
2025-06-30,20,11,2025-06-30 20:16:00,5,ルーキーS10戦植木通彦C25回スカパー!JLC杯,6,5183,中野 孝二,3,26,54.5,0,0,0.16,4.81,28.42,47.37,0,0,0,31.54,50.77,22.22,27.78
2025-06-30,20,12,2025-06-30 20:45:00,5,ルーキーS10戦植木通彦C25回スカパー!JLC杯,1,5028,原田 才一郎,1,28,51,0,0,0.14,6.52,45.06,62.35,6.59,53.01,60.24,25.18,39.57,16.67,27.78
2025-06-30,20,12,2025-06-30 20:45:00,5,ルーキーS10戦植木通彦C25回スカパー!JLC杯,2,5185,加藤 優弥,2,25,52.7,1,0,0.16,5.29,32.56,52.71,4.3,22.22,40.74,33.81,52.52,27.78,50
2025-06-30,20,12,2025-06-30 20:45:00,5,ルーキーS10戦植木通彦C25回スカパー!JLC杯,3,5120,山本 稔太朗,3,24,54.8,0,0,0.16,4.68,24.05,49.37,4.57,28.57,42.86,26.72,40.46,36.84,47.37
2025-06-30,20,12,2025-06-30 20:45:00,5,ルーキーS10戦植木通彦C25回スカパー!JLC杯,4,5087,佐藤 航,2,25,53,0,0,0.19,5.96,43.86,58.77,8.3,70,100,27.48,42.75,38.89,55.56
2025-06-30,20,12,2025-06-30 20:45:00,5,ルーキーS10戦植木通彦C25回スカパー!JLC杯,5,5157,市川 健太,3,27,53.1,0,0,0.16,5.29,32.53,50.6,1.5,0,0,32.87,49.65,25,31.25
2025-06-30,20,12,2025-06-30 20:45:00,5,ルーキーS10戦植木通彦C25回スカパー!JLC杯,6,5234,塚越 海斗,2,26,52.4,0,0,0.16,5.59,40.24,52.44,2.8,0,10,22.66,41.41,27.78,50
2025-06-30,23,1,2025-06-30 08:32:00,5,日本モーターボート選手会会長杯,1,4981,牧山 敦也,2,28,51.5,0,0,0.15,5.63,39.42,52.88,5.37,33.05,55.08,33.18,47.27,40.51,48.1
2025-06-30,23,1,2025-06-30 08:32:00,5,日本モーターボート選手会会長杯,2,3911,鈴木 猛,3,51,53.4,0,0,0.17,5.33,31.68,52.48,0,0,0,29.3,45.58,25.35,36.62
2025-06-30,23,1,2025-06-30 08:32:00,5,日本モーターボート選手会会長杯,3,4247,齊藤 優,3,43,53.3,0,0,0.16,5.4,32.67,49.5,4.68,28,40,26.44,43.1,28.99,47.83
2025-06-30,23,1,2025-06-30 08:32:00,5,日本モーターボート選手会会長杯,4,4567,上村 慎太郎,3,37,52,0,0,0.22,3.29,12.36,23.6,3.75,11.11,22.22,34.8,52.45,38.96,49.35
2025-06-30,23,1,2025-06-30 08:32:00,5,日本モーターボート選手会会長杯,5,5404,内田 壮,4,21,52.7,0,0,,1.59,0,4.55,0,0,0,29.06,50.74,36,61.33
2025-06-30,23,1,2025-06-30 08:32:00,5,日本モーターボート選手会会長杯,6,3708,岡部 貴司,3,51,54.2,0,0,0.16,5.17,28.7,49.07,5.1,33.33,42.86,34.05,52.97,40,53.85
2025-06-30,23,2,2025-06-30 08:58:00,5,日本モーターボート選手会会長杯,1,3746,岡瀬 正人,2,50,52,0,0,0.17,6.1,45.95,64.86,5.06,28.13,50,22.03,41.24,23.38,44.16
2025-06-30,23,2,2025-06-30 08:58:00,5,日本モーターボート選手会会長杯,2,4415,下出 卓矢,1,38,54.1,0,0,0.14,6.38,42.96,59.86,6.53,42.11,68.42,27.72,41.58,32.91,48.1
2025-06-30,23,2,2025-06-30 08:58:00,5,日本モーターボート選手会会長杯,3,4778,堤 啓輔,3,39,52,0,0,0.16,4.82,28.92,48.19,5.3,37.74,52.83,27.18,46.15,24.66,43.84
2025-06-30,23,2,2025-06-30 08:58:00,5,日本モーターボート選手会会長杯,4,4866,橋本 英一,3,35,52.8,0,0,0.15,4.15,21.9,31.43,5.18,28.95,50,48.77,64.53,32,50.67
2025-06-30,23,2,2025-06-30 08:58:00,5,日本モーターボート選手会会長杯,5,3660,長谷川 親王,3,55,57.5,1,0,0.2,3.69,15.04,29.2,4.06,11.11,22.22,39.58,52.08,39.44,52.11
2025-06-30,23,2,2025-06-30 08:58:00,5,日本モーターボート選手会会長杯,6,3566,川添 英正,3,55,52,0,0,0.19,4.55,21.1,41.28,5.07,23.91,56.52,40.57,57.08,50.68,68.49
2025-06-30,23,3,2025-06-30 09:24:00,5,日本モーターボート選手会会長杯,1,4207,松下 一也,2,42,53.3,0,0,0.13,6.4,50.81,67.74,6.06,43.75,62.5,35.1,50.48,30.14,43.84
2025-06-30,23,3,2025-06-30 09:24:00,5,日本モーターボート選手会会長杯,2,4325,新出 浩司,3,42,52.5,0,0,0.14,4.85,28.57,42.86,6.11,44.44,55.56,37.14,50.95,40.54,51.35
2025-06-30,23,3,2025-06-30 09:24:00,5,日本モーターボート選手会会長杯,3,4393,田中 孝明,3,39,57.4,0,0,0.18,4.17,18.37,38.78,2.27,0,20,41,52.5,33.33,39.39
2025-06-30,23,3,2025-06-30 09:24:00,5,日本モーターボート選手会会長杯,4,4734,安河内 将,1,35,51.5,0,0,0.15,6.59,43.55,62.9,6.82,50,71.09,25.37,43.78,21.13,35.21
2025-06-30,23,3,2025-06-30 09:24:00,5,日本モーターボート選手会会長杯,5,4552,杉山 勝匡,3,36,51.5,0,0,0.13,5.63,40.18,55.36,4.82,30.77,44.62,30.52,43.51,27.54,44.93
2025-06-30,23,3,2025-06-30 09:24:00,5,日本モーターボート選手会会長杯,6,4164,岩永 節也,3,43,52,0,0,0.17,3.67,12.15,24.3,3.77,6.67,26.67,28.87,45.36,22.99,34.48
2025-06-30,23,4,2025-06-30 09:50:00,5,日本モーターボート選手会会長杯,1,3928,林 恵祐,3,49,59.1,0,0,0.16,3.71,17.02,24.47,4.17,16.67,33.33,36.07,54.1,26.58,44.3
2025-06-30,23,4,2025-06-30 09:50:00,5,日本モーターボート選手会会長杯,2,4003,表 憲一,2,47,52.4,0,0,0.16,5.24,27.17,50,5,35,45,38.03,58.69,26.92,44.87
2025-06-30,23,4,2025-06-30 09:50:00,5,日本モーターボート選手会会長杯,3,4119,泥谷 一毅,1,44,52,1,0,0.15,5.5,32.35,60.29,5.62,37.93,58.62,32.85,49.76,29.17,40.28
2025-06-30,23,4,2025-06-30 09:50:00,5,日本モーターボート選手会会長杯,4,4636,赤池 修平,3,35,52,0,0,0.19,4.07,24.32,33.78,3.42,12.5,29.17,31.34,49.25,24.32,47.3
2025-06-30,23,4,2025-06-30 09:50:00,5,日本モーターボート選手会会長杯,5,4619,伏田 裕隆,3,42,52,0,0,0.18,4.9,30.3,47.47,0,0,0,40.28,61.11,35.06,54.55
2025-06-30,23,4,2025-06-30 09:50:00,5,日本モーターボート選手会会長杯,6,4442,松竹 大輔,2,38,52,0,0,0.15,5.75,40.14,56.34,6.8,70,70,41.59,56.54,48.65,68.92
2025-06-30,23,5,2025-06-30 10:18:00,5,日本モーターボート選手会会長杯,1,4363,大野 芳顕,2,40,53.1,0,0,0.16,5.65,35.04,53.28,4.72,20.69,51.72,30.85,43.62,44,64
2025-06-30,23,5,2025-06-30 10:18:00,5,日本モーターボート選手会会長杯,2,4567,上村 慎太郎,3,37,52,0,0,0.22,3.29,12.36,23.6,3.75,11.11,22.22,34.8,52.45,38.96,49.35
2025-06-30,23,5,2025-06-30 10:18:00,5,日本モーターボート選手会会長杯,3,5091,為本 智也,2,24,52.4,0,0,0.14,5.16,35.58,50,5.22,33.33,44.44,27.1,49.07,44.44,58.33
2025-06-30,23,5,2025-06-30 10:18:00,5,日本モーターボート選手会会長杯,4,3743,林 美憲,1,50,52.3,0,0,0.14,7.1,53.27,72.9,7.56,77.78,77.78,39.36,54.26,27.5,37.5
2025-06-30,23,5,2025-06-30 10:18:00,5,日本モーターボート選手会会長杯,5,3834,細川 明人,3,50,55.3,0,0,0.17,3.92,27.27,33.77,4.5,28.57,42.86,26.84,45.79,24.64,39.13
2025-06-30,23,5,2025-06-30 10:18:00,5,日本モーターボート選手会会長杯,6,5014,梶山 涼斗,3,27,52.7,0,0,0.13,4.76,26.32,42.11,4.94,24.21,46.32,37,53.5,49.3,66.2
2025-06-30,23,6,2025-06-30 10:50:00,5,日本モーターボート選手会会長杯,1,4314,青木 幸太郎,3,41,51,0,0,0.14,5.35,34.41,48.39,5.61,32.61,54.35,33.66,53.96,10.96,31.51
2025-06-30,23,6,2025-06-30 10:50:00,5,日本モーターボート選手会会長杯,2,4216,星 栄爾,2,40,52.8,0,0,0.15,5.49,32.89,56.58,5.11,29.63,51.85,34.82,54.02,33.33,47.44
2025-06-30,23,6,2025-06-30 10:50:00,5,日本モーターボート選手会会長杯,3,4034,西原 明生,3,46,55.2,0,0,0.18,4.63,22.12,43.27,4.04,16.67,37.5,32.86,50.48,31.46,51.69
2025-06-30,23,6,2025-06-30 10:50:00,5,日本モーターボート選手会会長杯,4,4364,池永 太,1,40,52.5,0,0,0.14,6.87,50,68.09,7.04,48,60,43.72,60.3,28.17,43.66
2025-06-30,23,6,2025-06-30 10:50:00,5,日本モーターボート選手会会長杯,5,3590,濱野谷 憲吾,2,51,54.1,0,0,0.13,7.31,60.17,72.88,8.47,66.67,80,40.49,56.59,35.53,51.32
2025-06-30,23,6,2025-06-30 10:50:00,5,日本モーターボート選手会会長杯,6,5404,内田 壮,4,21,52.7,0,0,,1.59,0,4.55,0,0,0,29.06,50.74,36,61.33
2025-06-30,23,7,2025-06-30 11:22:00,5,日本モーターボート選手会会長杯,1,4196,田中 太一郎,3,43,52.1,0,0,0.18,5.09,37.78,44.44,5.24,36.75,48.72,26.8,42.27,28,46.67
2025-06-30,23,7,2025-06-30 11:22:00,5,日本モーターボート選手会会長杯,2,3660,長谷川 親王,3,55,57.5,1,0,0.2,3.69,15.04,29.2,4.06,11.11,22.22,39.58,52.08,39.44,52.11
2025-06-30,23,7,2025-06-30 11:22:00,5,日本モーターボート選手会会長杯,3,4210,松村 康太,2,42,52,0,0,0.17,6.08,38.14,67.8,5.53,35.29,52.94,41.51,54.25,49.25,65.67
2025-06-30,23,7,2025-06-30 11:22:00,5,日本モーターボート選手会会長杯,4,3911,鈴木 猛,3,51,53.4,0,0,0.17,5.33,31.68,52.48,0,0,0,29.3,45.58,25.35,36.62
2025-06-30,23,7,2025-06-30 11:22:00,5,日本モーターボート選手会会長杯,5,4143,浦田 晃嗣,3,43,54.8,0,0,0.14,4.64,29.25,41.51,4.96,28.57,46.43,30.22,45.05,36.62,52.11
2025-06-30,23,7,2025-06-30 11:22:00,5,日本モーターボート選手会会長杯,6,5055,眞鳥 章太,2,29,52.8,0,0,0.15,5.85,40.88,55.47,5.47,33.82,52.94,24.75,39.11,25.64,43.59
2025-06-30,23,8,2025-06-30 11:55:00,5,日本モーターボート選手会会長杯,1,4778,堤 啓輔,3,39,52,0,0,0.16,4.82,28.92,48.19,5.3,37.74,52.83,27.18,46.15,24.66,43.84
2025-06-30,23,8,2025-06-30 11:55:00,5,日本モーターボート選手会会長杯,2,3708,岡部 貴司,3,51,54.2,0,0,0.16,5.17,28.7,49.07,5.1,33.33,42.86,34.05,52.97,40,53.85
2025-06-30,23,8,2025-06-30 11:55:00,5,日本モーターボート選手会会長杯,3,3928,林 恵祐,3,49,59.1,0,0,0.16,3.71,17.02,24.47,4.17,16.67,33.33,36.07,54.1,26.58,44.3
2025-06-30,23,8,2025-06-30 11:55:00,5,日本モーターボート選手会会長杯,4,3176,長谷川 巌,3,61,52.4,0,0,0.18,4.18,22.22,36.36,4.68,26.39,43.06,43.56,63.86,26.03,45.21
2025-06-30,23,8,2025-06-30 11:55:00,5,日本モーターボート選手会会長杯,5,4256,渡辺 浩司,1,41,52.2,0,0,0.12,7.14,56.16,71.23,7.59,69.23,79.49,36.87,55.56,40.68,59.32
2025-06-30,23,8,2025-06-30 11:55:00,5,日本モーターボート選手会会長杯,6,5395,日高 龍之介,4,23,51.5,1,0,,1.1,0,0,1.17,0,0,37.32,53.11,14.71,33.82
2025-06-30,23,9,2025-06-30 12:27:00,5,日本モーターボート選手会会長杯,1,4393,田中 孝明,3,39,57.8,0,0,0.18,4.17,18.37,38.78,2.27,0,20,41,52.5,33.33,39.39
2025-06-30,23,9,2025-06-30 12:27:00,5,日本モーターボート選手会会長杯,2,4119,泥谷 一毅,1,44,52,1,0,0.15,5.5,32.35,60.29,5.62,37.93,58.62,32.85,49.76,29.17,40.28
2025-06-30,23,9,2025-06-30 12:27:00,5,日本モーターボート選手会会長杯,3,4981,牧山 敦也,2,28,51,0,0,0.15,5.63,39.42,52.88,5.37,33.05,55.08,33.18,47.27,40.51,48.1
2025-06-30,23,9,2025-06-30 12:27:00,5,日本モーターボート選手会会長杯,4,3566,川添 英正,3,55,52,0,0,0.19,4.55,21.1,41.28,5.07,23.91,56.52,40.57,57.08,50.68,68.49
2025-06-30,23,9,2025-06-30 12:27:00,5,日本モーターボート選手会会長杯,5,5014,梶山 涼斗,3,27,52.3,0,0,0.13,4.76,26.32,42.11,4.94,24.21,46.32,37,53.5,49.3,66.2
2025-06-30,23,9,2025-06-30 12:27:00,5,日本モーターボート選手会会長杯,6,5384,八戸 琉楓,4,20,52.7,0,0,,1.56,0,2,1.32,0,0,32.7,48.82,51.67,66.67
2025-06-30,23,10,2025-06-30 12:59:00,5,日本モーターボート選手会会長杯,1,4866,橋本 英一,3,35,52.8,0,0,0.15,4.15,21.9,31.43,5.18,28.95,50,48.77,64.53,32,50.67
2025-06-30,23,10,2025-06-30 12:59:00,5,日本モーターボート選手会会長杯,2,3590,濱野谷 憲吾,2,51,54.1,0,0,0.13,7.31,60.17,72.88,8.47,66.67,80,40.49,56.59,35.53,51.32
2025-06-30,23,10,2025-06-30 12:59:00,5,日本モーターボート選手会会長杯,3,4199,北川 潤二,1,43,57.9,0,0,0.14,6.7,53.13,68.75,0,0,0,29.81,45.67,23.61,36.11
2025-06-30,23,10,2025-06-30 12:59:00,5,日本モーターボート選手会会長杯,4,4363,大野 芳顕,2,40,53.1,0,0,0.16,5.65,35.04,53.28,4.72,20.69,51.72,30.85,43.62,44,64
2025-06-30,23,10,2025-06-30 12:59:00,5,日本モーターボート選手会会長杯,5,4636,赤池 修平,3,35,52,0,0,0.19,4.07,24.32,33.78,3.42,12.5,29.17,31.34,49.25,24.32,47.3
2025-06-30,23,10,2025-06-30 12:59:00,5,日本モーターボート選手会会長杯,6,4247,齊藤 優,3,43,53.3,0,0,0.16,5.4,32.67,49.5,4.68,28,40,26.44,43.1,28.99,47.83
2025-06-30,23,11,2025-06-30 13:36:00,5,日本モーターボート選手会会長杯,1,4364,池永 太,1,40,52.5,0,0,0.14,6.87,50,68.09,7.04,48,60,43.72,60.3,28.17,43.66
2025-06-30,23,11,2025-06-30 13:36:00,5,日本モーターボート選手会会長杯,2,4631,新井 英孝,2,38,52.6,0,0,0.16,5.86,41.3,59.78,0,0,0,30.23,50.7,40.79,55.26
2025-06-30,23,11,2025-06-30 13:36:00,5,日本モーターボート選手会会長杯,3,3746,岡瀬 正人,2,50,52,0,0,0.17,6.1,45.95,64.86,5.06,28.13,50,22.03,41.24,23.38,44.16
2025-06-30,23,11,2025-06-30 13:36:00,5,日本モーターボート選手会会長杯,4,4003,表 憲一,2,47,52.4,0,0,0.16,5.24,27.17,50,5,35,45,38.03,58.69,26.92,44.87
2025-06-30,23,11,2025-06-30 13:36:00,5,日本モーターボート選手会会長杯,5,3743,林 美憲,1,50,52.3,0,0,0.14,7.1,53.27,72.9,7.56,77.78,77.78,39.36,54.26,27.5,37.5
2025-06-30,23,11,2025-06-30 13:36:00,5,日本モーターボート選手会会長杯,6,4325,新出 浩司,3,42,52.5,0,0,0.14,4.85,28.57,42.86,6.11,44.44,55.56,37.14,50.95,40.54,51.35
2025-06-30,23,12,2025-06-30 14:19:00,5,日本モーターボート選手会会長杯,1,4256,渡辺 浩司,1,41,52.2,0,0,0.12,7.14,56.16,71.23,7.59,69.23,79.49,36.87,55.56,40.68,59.32
2025-06-30,23,12,2025-06-30 14:19:00,5,日本モーターボート選手会会長杯,2,4442,松竹 大輔,2,38,52,0,0,0.15,5.75,40.14,56.34,6.8,70,70,41.59,56.54,48.65,68.92
2025-06-30,23,12,2025-06-30 14:19:00,5,日本モーターボート選手会会長杯,3,4314,青木 幸太郎,3,41,51,0,0,0.14,5.35,34.41,48.39,5.61,32.61,54.35,33.66,53.96,10.96,31.51
2025-06-30,23,12,2025-06-30 14:19:00,5,日本モーターボート選手会会長杯,4,4207,松下 一也,2,42,53.3,0,0,0.13,6.4,50.81,67.74,6.06,43.75,62.5,35.1,50.48,30.14,43.84
2025-06-30,23,12,2025-06-30 14:19:00,5,日本モーターボート選手会会長杯,5,4196,田中 太一郎,3,43,52.1,0,0,0.18,5.09,37.78,44.44,5.24,36.75,48.72,26.8,42.27,28,46.67
2025-06-30,23,12,2025-06-30 14:19:00,5,日本モーターボート選手会会長杯,6,5091,為本 智也,2,24,52.4,0,0,0.14,5.16,35.58,50,5.22,33.33,44.44,27.1,49.07,44.44,58.33
2025-06-30,24,1,2025-06-30 15:21:00,5,BTS長洲開設16周年記念〜ながす金魚杯〜,1,4213,重富 伸也,3,41,52,0,0,0.2,5.1,33.94,47.71,4.7,28.13,40.63,0,0,33.33,33.33
2025-06-30,24,1,2025-06-30 15:21:00,5,BTS長洲開設16周年記念〜ながす金魚杯〜,2,4358,松本 庸平,3,40,51,0,0,0.21,4.45,29.57,40,4.78,44.44,44.44,0,0,0,0
2025-06-30,24,1,2025-06-30 15:21:00,5,BTS長洲開設16周年記念〜ながす金魚杯〜,3,4211,村田 敦,3,42,60.2,0,0,0.17,4.48,23.71,37.11,4.67,23.81,40.48,57.14,71.43,71.43,85.71
2025-06-30,24,1,2025-06-30 15:21:00,5,BTS長洲開設16周年記念〜ながす金魚杯〜,4,3578,塩田 雄一,3,52,52,0,0,0.19,4.52,27.88,38.46,3.93,13.33,26.67,42.86,85.71,16.67,16.67
2025-06-30,24,1,2025-06-30 15:21:00,5,BTS長洲開設16周年記念〜ながす金魚杯〜,5,4113,木村 浩士,3,44,54.4,0,0,0.18,4.32,22.02,39.45,4.84,36.84,36.84,0,0,16.67,16.67
2025-06-30,24,1,2025-06-30 15:21:00,5,BTS長洲開設16周年記念〜ながす金魚杯〜,6,3482,金子 猛志,3,54,55.9,0,0,0.15,5.15,31.62,51.28,3.82,11.76,35.29,0,33.33,0,0
2025-06-30,24,2,2025-06-30 15:48:00,5,BTS長洲開設16周年記念〜ながす金魚杯〜,1,4005,瀬川 公則,3,47,56.1,0,0,0.15,2.97,10.39,18.18,3.81,15.38,34.62,0,0,33.33,50
2025-06-30,24,2,2025-06-30 15:48:00,5,BTS長洲開設16周年記念〜ながす金魚杯〜,2,5037,田頭 虎親,2,27,52,0,0,0.16,4.74,26.03,46.58,5.07,33.33,46.67,0,0,37.5,37.5
2025-06-30,24,2,2025-06-30 15:48:00,5,BTS長洲開設16周年記念〜ながす金魚杯〜,3,4069,山本 修一,1,44,53.2,0,0,0.16,6.72,50.98,73.53,5.31,30.77,53.85,33.33,50,66.67,66.67
2025-06-30,24,2,2025-06-30 15:48:00,5,BTS長洲開設16周年記念〜ながす金魚杯〜,4,3471,赤峰 和也,3,55,52.7,0,0,0.18,4.2,19.32,31.82,5.25,37.5,50,66.67,66.67,0,0
2025-06-30,24,2,2025-06-30 15:48:00,5,BTS長洲開設16周年記念〜ながす金魚杯〜,5,5412,久保田 凪紗,4,19,43.5,0,0,,1.14,0,0,0,0,0,42.86,57.14,28.57,42.86
2025-06-30,24,2,2025-06-30 15:48:00,5,BTS長洲開設16周年記念〜ながす金魚杯〜,6,3849,中岡 正彦,2,47,52,0,0,0.13,7.08,58.33,75.93,4.5,28.57,42.86,0,0,0,0
2025-06-30,24,3,2025-06-30 16:13:00,5,BTS長洲開設16周年記念〜ながす金魚杯〜,1,3776,横井 健太,3,50,54.5,0,0,0.18,3.68,14.29,25.71,2.69,3.45,10.34,71.43,100,0,16.67
2025-06-30,24,3,2025-06-30 16:13:00,5,BTS長洲開設16周年記念〜ながす金魚杯〜,2,4694,高田 綾,4,40,45.5,0,0,0.2,4.42,25.35,40.85,0,0,0,50,62.5,0,0
2025-06-30,24,3,2025-06-30 16:13:00,5,BTS長洲開設16周年記念〜ながす金魚杯〜,3,4259,真庭 明志,2,41,52,0,0,0.14,5.37,38.56,51.63,6,43.4,62.26,0,0,0,0
2025-06-30,24,3,2025-06-30 16:13:00,5,BTS長洲開設16周年記念〜ながす金魚杯〜,4,4151,下河 誉史,2,42,54.1,0,0,0.19,5.59,34.09,56.82,5.42,35,53.33,0,50,0,0
2025-06-30,24,3,2025-06-30 16:13:00,5,BTS長洲開設16周年記念〜ながす金魚杯〜,5,4794,和田 拓也,1,34,52.1,1,0,0.12,6.87,55.17,67.59,6,33.33,66.67,0,0,0,0
2025-06-30,24,3,2025-06-30 16:13:00,5,BTS長洲開設16周年記念〜ながす金魚杯〜,6,3357,福島 陽子,3,56,48.1,1,0,0.2,4.33,25,44.05,4.21,15.79,42.11,50,50,42.86,57.14
2025-06-30,24,4,2025-06-30 16:43:00,5,BTS長洲開設16周年記念〜ながす金魚杯〜,1,4424,松尾 昂明,2,40,52,0,0,0.15,5.96,42.98,57.85,0,0,0,0,0,0,0
2025-06-30,24,4,2025-06-30 16:43:00,5,BTS長洲開設16周年記念〜ながす金魚杯〜,2,5170,佐藤 太亮,3,24,51.5,0,0,0.15,4.8,30.26,46.05,4.85,20,52.5,0,0,0,0
2025-06-30,24,4,2025-06-30 16:43:00,5,BTS長洲開設16周年記念〜ながす金魚杯〜,3,4421,森作 広大,3,36,55.3,0,0,0.19,4.26,18.92,37.84,3.38,12.5,12.5,42.86,57.14,42.86,57.14
2025-06-30,24,4,2025-06-30 16:43:00,5,BTS長洲開設16周年記念〜ながす金魚杯〜,4,5118,野田 なづき,4,24,45.5,1,0,0.17,5,30.16,47.62,3.13,13.33,33.33,50,66.67,16.67,50
2025-06-30,24,4,2025-06-30 16:43:00,5,BTS長洲開設16周年記念〜ながす金魚杯〜,5,4174,赤坂 俊輔,1,42,52,0,0,0.15,6.34,45.36,64.95,6.31,44.17,63.8,0,0,16.67,50
2025-06-30,24,4,2025-06-30 16:43:00,5,BTS長洲開設16周年記念〜ながす金魚杯〜,6,4009,小林 一樹,2,46,55.8,0,0,0.14,5.69,34.23,52.25,6.29,46.43,60.71,0,0,0,0
2025-06-30,24,5,2025-06-30 17:15:00,5,BTS長洲開設16周年記念〜ながす金魚杯〜,1,4215,吉島 祥之,2,40,52.6,0,0,0.17,5.07,30.33,46.72,4.83,21.95,43.9,16.67,50,42.86,85.71
2025-06-30,24,5,2025-06-30 17:15:00,5,BTS長洲開設16周年記念〜ながす金魚杯〜,2,4938,小芦 るり華,3,27,48.9,0,0,0.17,6.42,41.84,64.29,4.7,20,30,0,16.67,0,0
2025-06-30,24,5,2025-06-30 17:15:00,5,BTS長洲開設16周年記念〜ながす金魚杯〜,3,4113,木村 浩士,3,44,54.4,0,0,0.18,4.32,22.02,39.45,4.84,36.84,36.84,0,0,16.67,16.67
2025-06-30,24,5,2025-06-30 17:15:00,5,BTS長洲開設16周年記念〜ながす金魚杯〜,4,3576,白水 勝也,1,52,52,0,0,0.16,6.3,45.9,68.03,5.58,37.5,50,0,0,0,0
2025-06-30,24,5,2025-06-30 17:15:00,5,BTS長洲開設16周年記念〜ながす金魚杯〜,5,4769,馬場 剛,2,32,52,0,0,0.12,5.48,33.33,56.67,0,0,0,42.86,57.14,16.67,33.33
2025-06-30,24,5,2025-06-30 17:15:00,5,BTS長洲開設16周年記念〜ながす金魚杯〜,6,4330,奈須 啓太,4,41,52,0,0,0.1,6,41.35,58.65,5.25,45,45,33.33,50,0,16.67
2025-06-30,24,6,2025-06-30 17:44:00,5,BTS長洲開設16周年記念〜ながす金魚杯〜,1,3578,塩田 雄一,3,52,52,0,0,0.19,4.52,27.88,38.46,3.93,13.33,26.67,42.86,85.71,16.67,16.67
2025-06-30,24,6,2025-06-30 17:44:00,5,BTS長洲開設16周年記念〜ながす金魚杯〜,2,3813,佐藤 大介,1,49,52.5,0,0,0.17,6.36,45.38,66.39,0,0,0,33.33,33.33,0,0
2025-06-30,24,6,2025-06-30 17:44:00,5,BTS長洲開設16周年記念〜ながす金魚杯〜,3,4624,高田 明,2,40,50.5,0,0,0.15,6.17,42.86,65.08,5.6,38.3,55.32,0,0,42.86,57.14
2025-06-30,24,6,2025-06-30 17:44:00,5,BTS長洲開設16周年記念〜ながす金魚杯〜,4,4005,瀬川 公則,3,47,56.1,0,0,0.15,2.97,10.39,18.18,3.81,15.38,34.62,0,0,33.33,50
2025-06-30,24,6,2025-06-30 17:44:00,5,BTS長洲開設16周年記念〜ながす金魚杯〜,5,4765,野田部 宏子,3,35,50.2,0,0,0.14,5.27,36.46,52.08,4.97,29.73,48.65,71.43,100,0,0
2025-06-30,24,6,2025-06-30 17:44:00,5,BTS長洲開設16周年記念〜ながす金魚杯〜,6,3333,丸尾 義孝,2,57,52.2,0,0,0.15,5.35,33.77,54.55,5.81,33.33,57.14,28.57,42.86,0,0
2025-06-30,24,7,2025-06-30 18:11:00,5,BTS長洲開設16周年記念〜ながす金魚杯〜,1,4259,真庭 明志,2,41,52,0,0,0.14,5.37,38.56,51.63,6,43.4,62.26,0,0,0,0
2025-06-30,24,7,2025-06-30 18:11:00,5,BTS長洲開設16周年記念〜ながす金魚杯〜,2,4211,村田 敦,3,42,60.2,0,0,0.17,4.48,23.71,37.11,4.67,23.81,40.48,57.14,71.43,71.43,85.71
2025-06-30,24,7,2025-06-30 18:11:00,5,BTS長洲開設16周年記念〜ながす金魚杯〜,3,4514,上條 嘉嗣,1,35,52,1,0,0.18,6.69,52.38,68.71,6.31,38.46,65.38,0,0,0,0
2025-06-30,24,7,2025-06-30 18:11:00,5,BTS長洲開設16周年記念〜ながす金魚杯〜,4,4017,向井 美鈴,1,45,45.5,0,0,0.16,5.68,38.14,52.54,5.5,25,56.25,0,0,0,0
2025-06-30,24,7,2025-06-30 18:11:00,5,BTS長洲開設16周年記念〜ながす金魚杯〜,5,4200,早川 尚人,3,42,52,0,0,0.17,4.59,19.39,39.8,4.71,20.83,37.5,0,0,0,50
2025-06-30,24,7,2025-06-30 18:11:00,5,BTS長洲開設16周年記念〜ながす金魚杯〜,6,5406,小畑 楓夏,4,20,53.9,0,0,,1.13,0,0,0,0,0,0,0,0,0
2025-06-30,24,8,2025-06-30 18:39:00,5,BTS長洲開設16周年記念〜ながす金魚杯〜,1,3841,佐々木 和伸,2,49,54,0,0,0.19,6.19,44.09,69.29,5.41,29.41,47.06,71.43,71.43,0,0
2025-06-30,24,8,2025-06-30 18:39:00,5,BTS長洲開設16周年記念〜ながす金魚杯〜,2,4794,和田 拓也,1,34,52.1,1,0,0.12,6.87,55.17,67.59,6,33.33,66.67,0,0,0,0
2025-06-30,24,8,2025-06-30 18:39:00,5,BTS長洲開設16周年記念〜ながす金魚杯〜,3,4007,榮田 将彦,3,46,51.5,0,0,0.14,4.53,26.32,37.89,4.2,20,25,0,0,28.57,42.86
2025-06-30,24,8,2025-06-30 18:39:00,5,BTS長洲開設16周年記念〜ながす金魚杯〜,4,4009,小林 一樹,2,46,55.8,0,0,0.14,5.69,34.23,52.25,6.29,46.43,60.71,0,0,0,0
2025-06-30,24,8,2025-06-30 18:39:00,5,BTS長洲開設16周年記念〜ながす金魚杯〜,5,4367,山口 修路,3,39,52,0,0,0.22,4.5,20.24,36.9,4.84,26.32,42.11,0,40,71.43,100
2025-06-30,24,8,2025-06-30 18:39:00,5,BTS長洲開設16周年記念〜ながす金魚杯〜,6,3471,赤峰 和也,3,55,52.7,0,0,0.18,4.2,19.32,31.82,5.25,37.5,50,66.67,66.67,0,0
2025-06-30,24,9,2025-06-30 19:09:00,5,BTS長洲開設16周年記念〜ながす金魚杯〜,1,4069,山本 修一,1,44,53.2,0,0,0.16,6.72,50.98,73.53,5.31,30.77,53.85,33.33,50,66.67,66.67
2025-06-30,24,9,2025-06-30 19:09:00,5,BTS長洲開設16周年記念〜ながす金魚杯〜,2,4864,小川 日紀太,3,35,52.6,0,0,0.14,4.03,20.45,36.36,3.57,13.33,30,37.5,87.5,50,66.67
2025-06-30,24,9,2025-06-30 19:09:00,5,BTS長洲開設16周年記念〜ながす金魚杯〜,3,4633,森 智也,3,36,52,0,0,0.16,5.24,34.94,50.6,5.69,34.38,56.25,0,0,0,0
2025-06-30,24,9,2025-06-30 19:09:00,5,BTS長洲開設16周年記念〜ながす金魚杯〜,4,4330,奈須 啓太,4,41,52,0,0,0.1,6,41.35,58.65,5.25,45,45,33.33,50,0,16.67
2025-06-30,24,9,2025-06-30 19:09:00,5,BTS長洲開設16周年記念〜ながす金魚杯〜,5,4618,乃村 康友,3,42,52,0,0,0.15,4.73,23.33,45.56,5.8,50,50,0,50,0,0
2025-06-30,24,9,2025-06-30 19:09:00,5,BTS長洲開設16周年記念〜ながす金魚杯〜,6,4151,下河 誉史,2,42,54.1,0,0,0.19,5.59,34.09,56.82,5.42,35,53.33,0,50,0,0
2025-06-30,24,10,2025-06-30 19:40:00,5,BTS長洲開設16周年記念〜ながす金魚杯〜,1,3576,白水 勝也,1,52,52,0,0,0.16,6.3,45.9,68.03,5.58,37.5,50,0,0,0,0
2025-06-30,24,10,2025-06-30 19:40:00,5,BTS長洲開設16周年記念〜ながす金魚杯〜,2,4724,吉田 祐貴,3,39,53.2,1,0,0.17,3.87,15.85,32.93,3.53,16.67,20,0,0,0,0
2025-06-30,24,10,2025-06-30 19:40:00,5,BTS長洲開設16周年記念〜ながす金魚杯〜,3,4174,赤坂 俊輔,1,42,52,0,0,0.15,6.34,45.36,64.95,6.31,44.17,63.8,0,0,16.67,50
2025-06-30,24,10,2025-06-30 19:40:00,5,BTS長洲開設16周年記念〜ながす金魚杯〜,4,3849,中岡 正彦,2,47,52,0,0,0.13,7.08,58.33,75.93,4.5,28.57,42.86,0,0,0,0
2025-06-30,24,10,2025-06-30 19:40:00,5,BTS長洲開設16周年記念〜ながす金魚杯〜,5,4624,高田 明,2,40,50.5,0,0,0.15,6.17,42.86,65.08,5.6,38.3,55.32,0,0,42.86,57.14
2025-06-30,24,10,2025-06-30 19:40:00,5,BTS長洲開設16周年記念〜ながす金魚杯〜,6,5086,本村 大,3,26,52.2,0,0,0.15,4.25,22.94,39.45,5.32,34.71,51.76,0,0,33.33,50
2025-06-30,24,11,2025-06-30 20:10:00,5,BTS長洲開設16周年記念〜ながす金魚杯〜,1,4514,上條 嘉嗣,1,35,52,1,0,0.18,6.69,52.38,68.71,6.31,38.46,65.38,0,0,0,0
2025-06-30,24,11,2025-06-30 20:10:00,5,BTS長洲開設16周年記念〜ながす金魚杯〜,2,4421,森作 広大,3,36,55.3,0,0,0.19,4.26,18.92,37.84,3.38,12.5,12.5,42.86,57.14,42.86,57.14
2025-06-30,24,11,2025-06-30 20:10:00,5,BTS長洲開設16周年記念〜ながす金魚杯〜,3,5037,田頭 虎親,2,27,52,0,0,0.16,4.74,26.03,46.58,5.07,33.33,46.67,0,0,37.5,37.5
2025-06-30,24,11,2025-06-30 20:10:00,5,BTS長洲開設16周年記念〜ながす金魚杯〜,4,4215,吉島 祥之,2,40,52.6,0,0,0.17,5.07,30.33,46.72,4.83,21.95,43.9,16.67,50,42.86,85.71
2025-06-30,24,11,2025-06-30 20:10:00,5,BTS長洲開設16周年記念〜ながす金魚杯〜,5,4358,松本 庸平,3,40,51,0,0,0.21,4.45,29.57,40,4.78,44.44,44.44,0,0,0,0
2025-06-30,24,11,2025-06-30 20:10:00,5,BTS長洲開設16周年記念〜ながす金魚杯〜,6,3813,佐藤 大介,1,49,52.5,0,0,0.17,6.36,45.38,66.39,0,0,0,33.33,33.33,0,0
2025-06-30,24,12,2025-06-30 20:40:00,5,BTS長洲開設16周年記念〜ながす金魚杯〜,1,4017,向井 美鈴,1,45,45.5,0,0,0.16,5.68,38.14,52.54,5.5,25,56.25,0,0,0,0
2025-06-30,24,12,2025-06-30 20:40:00,5,BTS長洲開設16周年記念〜ながす金魚杯〜,2,5118,野田 なづき,4,24,44.5,1,0,0.17,5,30.16,47.62,3.13,13.33,33.33,50,66.67,16.67,50
2025-06-30,24,12,2025-06-30 20:40:00,5,BTS長洲開設16周年記念〜ながす金魚杯〜,3,4765,野田部 宏子,3,35,49.8,0,0,0.14,5.27,36.46,52.08,4.97,29.73,48.65,71.43,100,0,0
2025-06-30,24,12,2025-06-30 20:40:00,5,BTS長洲開設16周年記念〜ながす金魚杯〜,4,4694,高田 綾,4,40,45,0,0,0.2,4.42,25.35,40.85,0,0,0,50,62.5,0,0
2025-06-30,24,12,2025-06-30 20:40:00,5,BTS長洲開設16周年記念〜ながす金魚杯〜,5,4938,小芦 るり華,3,27,49,0,0,0.17,6.42,41.84,64.29,4.7,20,30,0,16.67,0,0
2025-06-30,24,12,2025-06-30 20:40:00,5,BTS長洲開設16周年記念〜ながす金魚杯〜,6,5412,久保田 凪紗,4,19,43.5,0,0,,1.14,0,0,0,0,0,42.86,57.14,28.57,42.86
