race_date,stadium_number,race_number,race_closed_at,race_grade_number,race_title,boat_number,racer_number,racer_name,racer_class_number,racer_age,racer_weight,racer_flying_count,racer_late_count,racer_average_start_timing,racer_national_top_1_percent,racer_national_top_2_percent,racer_national_top_3_percent,racer_local_top_1_percent,racer_local_top_2_percent,racer_local_top_3_percent,racer_assigned_motor_top_2_percent,racer_assigned_motor_top_3_percent,racer_assigned_boat_top_2_percent,racer_assigned_boat_top_3_percent
2025-12-11,3,1,2025-12-11 10:59:00,5,スカパー!・JLC杯ルーキーシリーズ第23戦,1,5070,中島 航,3,31,52,1,0,0.18,4.98,26.51,45.78,4.59,25.23,39.25,24.6,40.48,28.23,52.42
2025-12-11,3,1,2025-12-11 10:59:00,5,スカパー!・JLC杯ルーキーシリーズ第23戦,2,5271,杉山 太陽,3,24,52,0,0,0.17,3.9,19.44,34.72,3.67,22.22,33.33,32.81,49.22,35.94,47.66
2025-12-11,3,1,2025-12-11 10:59:00,5,スカパー!・JLC杯ルーキーシリーズ第23戦,3,5083,柳瀬 幹太,3,27,54.5,0,0,0.15,5.07,27.63,47.37,2.91,9.09,27.27,28.33,50,26.98,48.41
2025-12-11,3,1,2025-12-11 10:59:00,5,スカパー!・JLC杯ルーキーシリーズ第23戦,4,5298,水谷 理人,3,23,52,0,0,0.17,6.72,47.75,72.07,6.28,44,68,45.38,56.3,30.19,54.72
2025-12-11,3,1,2025-12-11 10:59:00,5,スカパー!・JLC杯ルーキーシリーズ第23戦,5,5349,宮崎 奏磨,4,21,54.3,0,0,0.22,1.34,0,0,1.13,0,0,31.25,51.56,35.54,56.2
2025-12-11,3,1,2025-12-11 10:59:00,5,スカパー!・JLC杯ルーキーシリーズ第23戦,6,5411,木下 虎之輔,4,20,57.8,0,0,,1.52,0,3.7,0,0,0,40.32,57.26,48.62,63.3
2025-12-11,3,2,2025-12-11 11:43:00,5,スカパー!・JLC杯ルーキーシリーズ第23戦,1,5167,小川 竜太朗,3,25,52,0,0,0.15,4.57,18.57,41.43,4.25,22.64,35.85,44.72,56.91,32.54,48.41
2025-12-11,3,2,2025-12-11 11:43:00,5,スカパー!・JLC杯ルーキーシリーズ第23戦,2,5134,大原 祥昌,2,26,53.4,0,0,0.13,5.06,31.13,49.06,0,0,0,43.65,56.35,27.36,48.11
2025-12-11,3,2,2025-12-11 11:43:00,5,スカパー!・JLC杯ルーキーシリーズ第23戦,3,5226,藤田 俊祐,2,23,52,0,0,0.16,5.71,37.65,55.29,5.7,38.64,56.82,40.83,61.67,38.57,57.14
2025-12-11,3,2,2025-12-11 11:43:00,5,スカパー!・JLC杯ルーキーシリーズ第23戦,4,5138,村本 大成,3,25,52.9,0,0,0.21,3,12.2,14.63,3,5.88,23.53,35,55,30.53,45.04
2025-12-11,3,2,2025-12-11 11:43:00,5,スカパー!・JLC杯ルーキーシリーズ第23戦,5,5279,石渡 翔一郎,3,23,52.3,0,0,0.15,5.84,36.84,61.05,5.21,33.9,51.98,30.51,46.61,42.61,53.91
2025-12-11,3,2,2025-12-11 11:43:00,5,スカパー!・JLC杯ルーキーシリーズ第23戦,6,5377,鳥居塚 嶺王,4,21,49,1,0,0.16,3.32,13.85,21.54,3.06,11.11,16.67,39.06,56.25,32.81,47.66
2025-12-11,3,3,2025-12-11 12:08:00,5,スカパー!・JLC杯ルーキーシリーズ第23戦,1,5240,高橋 龍治,3,25,53.8,0,0,0.17,3.64,15.15,28.79,3.76,23.53,35.29,43.8,60.33,30.83,45
2025-12-11,3,3,2025-12-11 12:08:00,5,スカパー!・JLC杯ルーキーシリーズ第23戦,2,5075,中島 秀治,2,30,52.4,0,0,0.17,6.08,38.58,62.99,6.18,39.39,69.7,24,36.8,34.87,55.92
2025-12-11,3,3,2025-12-11 12:08:00,5,スカパー!・JLC杯ルーキーシリーズ第23戦,3,5256,中山 翔太,2,21,52.1,0,0,0.16,6.47,45.24,67.46,3.85,15.15,36.36,39.06,50,33.61,55.74
2025-12-11,3,3,2025-12-11 12:08:00,5,スカパー!・JLC杯ルーキーシリーズ第23戦,4,5293,眞崎 武蔵,3,24,52.1,0,0,0.16,2.12,6.9,13.79,2.41,3.7,14.81,34.13,56.35,22.69,43.7
2025-12-11,3,3,2025-12-11 12:08:00,5,スカパー!・JLC杯ルーキーシリーズ第23戦,5,5152,丸山 祐也,3,30,51,0,0,0.25,3.97,19.72,28.17,4.93,26.67,40,32.54,49.21,31.69,51.41
2025-12-11,3,3,2025-12-11 12:08:00,5,スカパー!・JLC杯ルーキーシリーズ第23戦,6,5343,小林 礼央,3,23,52,0,0,0.19,3.45,12.2,30.49,0,0,0,31.5,51.97,34.97,54.55
2025-12-11,3,4,2025-12-11 12:36:00,5,スカパー!・JLC杯ルーキーシリーズ第23戦,1,5311,小林 京平,3,27,52,0,0,0.21,4.29,21.43,39.29,3,0,10,40.15,55.3,30.08,43.9
2025-12-11,3,4,2025-12-11 12:36:00,5,スカパー!・JLC杯ルーキーシリーズ第23戦,2,5255,藤原 仙二,2,22,53.4,1,0,0.16,6.61,54.72,70.75,5.69,43.75,56.25,38.89,56.35,37.67,52.74
2025-12-11,3,4,2025-12-11 12:36:00,5,スカパー!・JLC杯ルーキーシリーズ第23戦,3,5359,佐藤 世那,3,19,53.8,0,0,0.21,2.82,9.86,15.49,3.05,7.32,17.07,31.15,48.36,30,45.45
2025-12-11,3,4,2025-12-11 12:36:00,5,スカパー!・JLC杯ルーキーシリーズ第23戦,4,5112,砂長 知輝,1,26,52.3,0,0,0.16,6.58,51.3,65.22,4.76,26.47,38.24,30.47,46.09,39.2,55.2
2025-12-11,3,4,2025-12-11 12:36:00,5,スカパー!・JLC杯ルーキーシリーズ第23戦,5,5354,渡邊 雄斗,4,21,52.7,0,0,0.21,1.88,0,3.45,2.04,0,7.69,27.35,38.46,36.79,56.6
2025-12-11,3,4,2025-12-11 12:36:00,5,スカパー!・JLC杯ルーキーシリーズ第23戦,6,5294,豊田 祥生,3,23,51,0,0,0.17,3.96,20.83,29.17,3,6.25,15.63,38.4,53.6,34.38,46.09
2025-12-11,3,5,2025-12-11 13:01:00,5,スカパー!・JLC杯ルーキーシリーズ第23戦,1,5325,澁川 夏,3,22,52.2,0,0,0.14,3.95,10.71,30.95,2,0,11.11,27.97,45.76,34.19,47.01
2025-12-11,3,5,2025-12-11 13:01:00,5,スカパー!・JLC杯ルーキーシリーズ第23戦,2,5220,青木 蓮,2,25,52,0,0,0.14,6.47,49.52,65.71,6.8,50,80,32.28,49.61,39.29,55.36
2025-12-11,3,5,2025-12-11 13:01:00,5,スカパー!・JLC杯ルーキーシリーズ第23戦,3,5318,河内 一馬,3,24,54,0,0,0.19,2.53,7.35,11.76,2.68,3.33,16.67,31.25,47.66,27.87,44.26
2025-12-11,3,5,2025-12-11 13:01:00,5,スカパー!・JLC杯ルーキーシリーズ第23戦,4,5376,吉田 一心,3,21,52.2,0,0,0.17,4.61,24.59,37.7,0,0,0,24.19,37.9,30.53,47.33
2025-12-11,3,5,2025-12-11 13:01:00,5,スカパー!・JLC杯ルーキーシリーズ第23戦,5,5224,西岡 顕心,1,24,51.5,0,0,0.16,7,47.75,68.47,4.67,22.22,44.44,20,37.5,35.48,54.03
2025-12-11,3,5,2025-12-11 13:01:00,5,スカパー!・JLC杯ルーキーシリーズ第23戦,6,5411,木下 虎之輔,4,20,57.8,0,0,,1.52,0,3.7,0,0,0,40.32,57.26,48.62,63.3
2025-12-11,3,6,2025-12-11 13:30:00,5,スカパー!・JLC杯ルーキーシリーズ第23戦,1,5157,市川 健太,3,28,54.3,0,0,0.17,4.53,23.08,37.5,4.46,21.62,37.84,30.47,50,38.33,57.5
2025-12-11,3,6,2025-12-11 13:30:00,5,スカパー!・JLC杯ルーキーシリーズ第23戦,2,4983,前田 篤哉,1,29,52.4,0,0,0.17,6.77,53.45,66.38,6,50,75,41.8,59.84,26.67,52.5
2025-12-11,3,6,2025-12-11 13:30:00,5,スカパー!・JLC杯ルーキーシリーズ第23戦,3,5147,田中 勇輔,3,31,52,0,0,0.14,3.02,0,18.18,5.09,32.61,45.65,22.81,36.84,46.83,62.7
2025-12-11,3,6,2025-12-11 13:30:00,5,スカパー!・JLC杯ルーキーシリーズ第23戦,4,5269,山口 晃朋,3,24,52,0,0,0.15,5.55,34.94,51.81,3.55,17.24,27.59,40.8,61.6,37.82,51.26
2025-12-11,3,6,2025-12-11 13:30:00,5,スカパー!・JLC杯ルーキーシリーズ第23戦,5,5377,鳥居塚 嶺王,4,21,49,1,0,0.16,3.32,13.85,21.54,3.06,11.11,16.67,39.06,56.25,32.81,47.66
2025-12-11,3,6,2025-12-11 13:30:00,5,スカパー!・JLC杯ルーキーシリーズ第23戦,6,5249,三木 晴斗,3,23,52.7,0,0,0.15,4.52,24.69,43.21,4.06,11.11,38.89,37.01,59.06,29.58,45.07
2025-12-11,3,7,2025-12-11 13:55:00,5,スカパー!・JLC杯ルーキーシリーズ第23戦,1,5083,柳瀬 幹太,3,27,54.5,0,0,0.15,5.07,27.63,47.37,2.91,9.09,27.27,28.33,50,26.98,48.41
2025-12-11,3,7,2025-12-11 13:55:00,5,スカパー!・JLC杯ルーキーシリーズ第23戦,2,5154,村松 栄太,3,29,53.1,0,0,0.17,4.68,26.58,44.3,4,16.67,33.33,38.81,59.7,20.95,35.24
2025-12-11,3,7,2025-12-11 13:55:00,5,スカパー!・JLC杯ルーキーシリーズ第23戦,3,5075,中島 秀治,2,30,52.4,0,0,0.17,6.08,38.58,62.99,6.18,39.39,69.7,24,36.8,34.87,55.92
2025-12-11,3,7,2025-12-11 13:55:00,5,スカパー!・JLC杯ルーキーシリーズ第23戦,4,5139,大場 恒季,3,25,52,0,0,0.19,6.43,47.87,63.83,5.84,42.11,63.16,32.26,46.77,40.91,50.76
2025-12-11,3,7,2025-12-11 13:55:00,5,スカパー!・JLC杯ルーキーシリーズ第23戦,5,5388,佐野 優都,3,19,52.9,0,0,0.17,3.71,11.29,29.03,4.11,11.11,33.33,38.71,54.03,40,59.2
2025-12-11,3,7,2025-12-11 13:55:00,5,スカパー!・JLC杯ルーキーシリーズ第23戦,6,5333,山下 智己,3,21,52,0,0,0.21,4.29,26.92,35.9,2.14,0,0,36.29,47.58,32.54,48.41
2025-12-11,3,8,2025-12-11 14:22:00,5,スカパー!・JLC杯ルーキーシリーズ第23戦,1,5152,丸山 祐也,3,30,51,0,0,0.25,3.97,19.72,28.17,4.93,26.67,40,32.54,49.21,31.69,51.41
2025-12-11,3,8,2025-12-11 14:22:00,5,スカパー!・JLC杯ルーキーシリーズ第23戦,2,5133,堀越 雄貴,3,26,52.4,1,0,0.17,4.79,28.87,44.33,5.46,34.65,51.49,33.86,49.61,38.4,52
2025-12-11,3,8,2025-12-11 14:22:00,5,スカパー!・JLC杯ルーキーシリーズ第23戦,3,5276,大島 隆乃介,3,23,50.5,0,0,0.17,5.04,28.09,47.19,4.61,16.67,50,46.72,69.34,34.11,56.59
2025-12-11,3,8,2025-12-11 14:22:00,5,スカパー!・JLC杯ルーキーシリーズ第23戦,4,5311,小林 京平,3,27,52,0,0,0.21,4.29,21.43,39.29,3,0,10,40.15,55.3,30.08,43.9
2025-12-11,3,8,2025-12-11 14:22:00,5,スカパー!・JLC杯ルーキーシリーズ第23戦,5,5226,藤田 俊祐,2,23,52,0,0,0.16,5.71,37.65,55.29,5.7,38.64,56.82,40.83,61.67,38.57,57.14
2025-12-11,3,8,2025-12-11 14:22:00,5,スカパー!・JLC杯ルーキーシリーズ第23戦,6,5280,廣瀬 凜,3,23,50.5,0,0,0.21,6.65,48.39,68.82,5.34,31.03,51.72,25.98,49.61,34.96,55.28
2025-12-11,3,9,2025-12-11 14:50:00,5,スカパー!・JLC杯ルーキーシリーズ第23戦,1,5112,砂長 知輝,1,26,52.3,0,0,0.16,6.58,51.3,65.22,4.76,26.47,38.24,30.47,46.09,39.2,55.2
2025-12-11,3,9,2025-12-11 14:50:00,5,スカパー!・JLC杯ルーキーシリーズ第23戦,2,5279,石渡 翔一郎,3,23,52.3,0,0,0.15,5.84,36.84,61.05,5.21,33.9,51.98,30.51,46.61,42.61,53.91
2025-12-11,3,9,2025-12-11 14:50:00,5,スカパー!・JLC杯ルーキーシリーズ第23戦,3,5229,吉川 晴人,2,22,54.5,0,0,0.16,5.88,40.35,61.4,6.3,55,65,28.1,43.8,31.71,39.84
2025-12-11,3,9,2025-12-11 14:50:00,5,スカパー!・JLC杯ルーキーシリーズ第23戦,4,5325,澁川 夏,3,22,52.2,0,0,0.14,3.95,10.71,30.95,2,0,11.11,27.97,45.76,34.19,47.01
2025-12-11,3,9,2025-12-11 14:50:00,5,スカパー!・JLC杯ルーキーシリーズ第23戦,5,5343,小林 礼央,3,23,52,0,0,0.19,3.45,12.2,30.49,0,0,0,31.5,51.97,34.97,54.55
2025-12-11,3,9,2025-12-11 14:50:00,5,スカパー!・JLC杯ルーキーシリーズ第23戦,6,5271,杉山 太陽,3,24,52,0,0,0.17,3.9,19.44,34.72,3.67,22.22,33.33,32.81,49.22,35.94,47.66
2025-12-11,3,10,2025-12-11 15:16:00,5,スカパー!・JLC杯ルーキーシリーズ第23戦,1,5018,竹下 大樹,1,26,54.1,0,0,0.18,6.6,51.88,69.17,6.77,53.62,69.57,23.08,41.88,35.48,47.58
2025-12-11,3,10,2025-12-11 15:16:00,5,スカパー!・JLC杯ルーキーシリーズ第23戦,2,5298,水谷 理人,3,23,52,0,0,0.17,6.72,47.75,72.07,6.28,44,68,45.38,56.3,30.19,54.72
2025-12-11,3,10,2025-12-11 15:16:00,5,スカパー!・JLC杯ルーキーシリーズ第23戦,3,5255,藤原 仙二,2,22,53.4,1,0,0.16,6.61,54.72,70.75,5.69,43.75,56.25,38.89,56.35,37.67,52.74
2025-12-11,3,10,2025-12-11 15:16:00,5,スカパー!・JLC杯ルーキーシリーズ第23戦,4,5147,田中 勇輔,3,31,52,0,0,0.14,3.02,0,18.18,5.09,32.61,45.65,22.81,36.84,46.83,62.7
2025-12-11,3,10,2025-12-11 15:16:00,5,スカパー!・JLC杯ルーキーシリーズ第23戦,5,5350,網代 良芽,3,21,52,0,0,0.18,3.56,14.08,28.17,4.14,14.29,42.86,27.78,40.48,35.34,52.59
2025-12-11,3,10,2025-12-11 15:16:00,5,スカパー!・JLC杯ルーキーシリーズ第23戦,6,5318,河内 一馬,3,24,54,0,0,0.19,2.53,7.35,11.76,2.68,3.33,16.67,31.25,47.66,27.87,44.26
2025-12-11,3,11,2025-12-11 15:55:00,5,スカパー!・JLC杯ルーキーシリーズ第23戦,1,5224,西岡 顕心,1,24,51.5,0,0,0.16,7,47.75,68.47,4.67,22.22,44.44,20,37.5,35.48,54.03
2025-12-11,3,11,2025-12-11 15:55:00,5,スカパー!・JLC杯ルーキーシリーズ第23戦,2,5240,高橋 龍治,3,25,53.8,0,0,0.17,3.64,15.15,28.79,3.76,23.53,35.29,43.8,60.33,30.83,45
2025-12-11,3,11,2025-12-11 15:55:00,5,スカパー!・JLC杯ルーキーシリーズ第23戦,3,5085,中村 栄治,3,26,52,0,0,0.19,4.9,30.3,49.49,5.95,42.86,57.14,25.6,40.8,37.5,48.53
2025-12-11,3,11,2025-12-11 15:55:00,5,スカパー!・JLC杯ルーキーシリーズ第23戦,4,5359,佐藤 世那,3,19,53.8,0,0,0.21,2.82,9.86,15.49,3.05,7.32,17.07,31.15,48.36,30,45.45
2025-12-11,3,11,2025-12-11 15:55:00,5,スカパー!・JLC杯ルーキーシリーズ第23戦,5,5134,大原 祥昌,2,26,53.4,0,0,0.13,5.06,31.13,49.06,0,0,0,43.65,56.35,27.36,48.11
2025-12-11,3,11,2025-12-11 15:55:00,5,スカパー!・JLC杯ルーキーシリーズ第23戦,6,5269,山口 晃朋,3,24,52,0,0,0.15,5.55,34.94,51.81,3.55,17.24,27.59,40.8,61.6,37.82,51.26
2025-12-11,3,12,2025-12-11 16:18:00,5,スカパー!・JLC杯ルーキーシリーズ第23戦,1,4983,前田 篤哉,1,29,52.4,0,0,0.17,6.77,53.45,66.38,6,50,75,41.8,59.84,26.67,52.5
2025-12-11,3,12,2025-12-11 16:18:00,5,スカパー!・JLC杯ルーキーシリーズ第23戦,2,5256,中山 翔太,2,21,52.1,0,0,0.16,6.47,45.24,67.46,3.85,15.15,36.36,39.06,50,33.61,55.74
2025-12-11,3,12,2025-12-11 16:18:00,5,スカパー!・JLC杯ルーキーシリーズ第23戦,3,5138,村本 大成,3,25,52.9,0,0,0.21,3,12.2,14.63,3,5.88,23.53,35,55,30.53,45.04
2025-12-11,3,12,2025-12-11 16:18:00,5,スカパー!・JLC杯ルーキーシリーズ第23戦,4,5220,青木 蓮,2,25,52,0,0,0.14,6.47,49.52,65.71,6.8,50,80,32.28,49.61,43.18,56.06
2025-12-11,3,12,2025-12-11 16:18:00,5,スカパー!・JLC杯ルーキーシリーズ第23戦,5,5185,加藤 優弥,3,26,52.1,0,0,0.15,4.92,22.37,51.32,4.83,30,46.67,24.59,38.52,36.07,53.28
2025-12-11,3,12,2025-12-11 16:18:00,5,スカパー!・JLC杯ルーキーシリーズ第23戦,6,5154,村松 栄太,3,29,53.1,0,0,0.17,4.68,26.58,44.3,4,16.67,33.33,38.81,59.7,20.95,35.24
2025-12-11,5,1,2025-12-11 10:25:00,5,第36回日本モーターボート選手会会長賞,1,4104,木下 陽介,3,46,56,0,0,0.17,4.61,28.99,42.03,6.11,33.33,66.67,38.1,55.36,37.01,57.14
2025-12-11,5,1,2025-12-11 10:25:00,5,第36回日本モーターボート選手会会長賞,2,4139,丹下 健,3,45,53,0,0,0.16,4.59,24.36,42.31,3.88,31.25,31.25,28.22,44.17,28.77,45.89
2025-12-11,5,1,2025-12-11 10:25:00,5,第36回日本モーターボート選手会会長賞,3,5128,坪井 爽佑,4,28,53.8,1,0,0.2,4.65,32.73,45.45,0,0,0,27.81,42.78,30.82,47.95
2025-12-11,5,1,2025-12-11 10:25:00,5,第36回日本モーターボート選手会会長賞,4,3797,岩井 繁,3,52,60.2,0,0,0.22,4.16,18.52,38.27,3.58,20.83,29.17,20.54,32.14,29.77,45.8
2025-12-11,5,1,2025-12-11 10:25:00,5,第36回日本モーターボート選手会会長賞,5,3641,一瀬 明,2,54,52.2,0,0,0.15,5.59,37.96,52.78,6.5,43.93,69.16,36.69,57.4,46.05,59.87
2025-12-11,5,1,2025-12-11 10:25:00,5,第36回日本モーターボート選手会会長賞,6,5364,金子 怜央,4,26,52.1,0,0,0.2,1.64,1.72,5.17,1.38,0,6.25,33.53,54.12,34.21,52.63
2025-12-11,5,2,2025-12-11 10:53:00,5,第36回日本モーターボート選手会会長賞,1,5092,篠原 晟弥,3,25,52,0,0,0.14,6.41,46.81,64.89,0,0,0,30.91,46.67,31.69,48.59
2025-12-11,5,2,2025-12-11 10:53:00,5,第36回日本モーターボート選手会会長賞,2,4439,近藤 友宝,3,39,54.7,0,0,0.17,3.93,23.61,30.56,3.98,19.23,30.77,19.83,35.34,32.47,49.35
2025-12-11,5,2,2025-12-11 10:53:00,5,第36回日本モーターボート選手会会長賞,3,3392,小森 信雄,3,60,52.1,0,0,0.19,4.31,17.91,35.82,4.33,6.67,40,40.33,58.56,35.71,55.19
2025-12-11,5,2,2025-12-11 10:53:00,5,第36回日本モーターボート選手会会長賞,4,3377,塚田 修二,4,58,55,0,0,0.2,2.75,9.8,11.76,4.46,24,42,32.2,47.46,25.71,39.29
2025-12-11,5,2,2025-12-11 10:53:00,5,第36回日本モーターボート選手会会長賞,5,4097,貫地谷 直人,3,43,56.2,0,0,0.21,3.99,14.86,32.43,4.33,11.11,33.33,31.93,53.01,37.91,52.94
2025-12-11,5,2,2025-12-11 10:53:00,5,第36回日本モーターボート選手会会長賞,6,3944,山口 裕二,1,46,52.1,0,0,0.16,6.39,50.98,65.69,6.7,50,70,26.27,37.29,31.13,50.99
2025-12-11,5,3,2025-12-11 11:20:00,5,第36回日本モーターボート選手会会長賞,1,4729,佐藤 謙史朗,3,36,53.6,0,0,0.17,4.19,22.22,25.93,5.25,37.5,50,40.88,60.38,34.87,47.37
2025-12-11,5,3,2025-12-11 11:20:00,5,第36回日本モーターボート選手会会長賞,2,3790,佐口 達也,3,53,53.9,0,0,0.18,3.89,16.67,31.82,4.4,20.93,39.53,28.32,45.13,34.93,50
2025-12-11,5,3,2025-12-11 11:20:00,5,第36回日本モーターボート選手会会長賞,3,3339,泉 具巳,3,60,55,0,0,0.16,4.34,25.97,40.26,4.72,31.25,40.63,36.25,50,28.67,43.33
2025-12-11,5,3,2025-12-11 11:20:00,5,第36回日本モーターボート選手会会長賞,4,4956,齊藤 大将,3,30,54.6,0,0,0.18,4.2,16,48,3.55,22.73,27.27,40.11,61.58,38.96,55.84
2025-12-11,5,3,2025-12-11 11:20:00,5,第36回日本モーターボート選手会会長賞,5,5053,山口 広樹,2,30,53.1,0,0,0.17,4.92,35.42,46.88,4.11,11.11,44.44,15.2,32.8,32.14,52.14
2025-12-11,5,3,2025-12-11 11:20:00,5,第36回日本モーターボート選手会会長賞,6,4562,阪本 勇介,3,38,53.8,0,0,0.2,3.94,13.59,30.1,3.88,12.5,25,24.67,40.67,29.3,42.04
2025-12-11,5,4,2025-12-11 11:46:00,5,第36回日本モーターボート選手会会長賞,1,4315,山崎 昂介,3,41,52.6,0,0,0.18,4.35,18.31,43.66,0,0,0,32.7,51.57,29.41,42.48
2025-12-11,5,4,2025-12-11 11:46:00,5,第36回日本モーターボート選手会会長賞,2,4218,吉川 喜継,1,44,52,0,0,0.16,7.01,56.06,75,7.07,60.71,71.43,21.74,34.06,29.53,48.99
2025-12-11,5,4,2025-12-11 11:46:00,5,第36回日本モーターボート選手会会長賞,3,5286,坂井 滉哉,3,26,50.5,0,0,0.16,4.53,28.09,43.82,0,0,0,28.57,47.83,28.03,47.73
2025-12-11,5,4,2025-12-11 11:46:00,5,第36回日本モーターボート選手会会長賞,4,5245,倉富 大誠,3,24,52,0,0,0.18,4.7,29.73,45.95,5.06,37.5,43.75,32.9,52.26,25.96,47.12
2025-12-11,5,4,2025-12-11 11:46:00,5,第36回日本モーターボート選手会会長賞,5,5161,登玉 隼百,2,26,53,1,0,0.13,5.86,42.74,57.26,5.95,42.86,66.67,32.52,48.47,28.76,45.75
2025-12-11,5,4,2025-12-11 11:46:00,5,第36回日本モーターボート選手会会長賞,6,5405,竹内 来,4,21,52,0,0,,1.57,0,5.36,0,0,0,36.21,50.57,28.68,44.85
2025-12-11,5,5,2025-12-11 12:14:00,5,第36回日本モーターボート選手会会長賞,1,3507,藤井 徹,3,54,52.5,0,0,0.19,4.1,17.65,33.82,2.17,0,0,38.24,58.82,40.27,50.34
2025-12-11,5,5,2025-12-11 12:14:00,5,第36回日本モーターボート選手会会長賞,2,4966,田川 大貴,2,28,53.2,0,0,0.14,5.57,34.91,55.66,0,0,0,27.91,49.42,31.61,52.9
2025-12-11,5,5,2025-12-11 12:14:00,5,第36回日本モーターボート選手会会長賞,3,4364,池永 太,1,40,52.3,0,0,0.14,7.07,57.85,76.03,5.13,25,25,26.74,43.02,38.82,58.55
2025-12-11,5,5,2025-12-11 12:14:00,5,第36回日本モーターボート選手会会長賞,4,4110,小澤 和也,3,45,54.6,0,0,0.17,3.94,20.83,36.11,4.11,19.44,33.33,34.87,55.92,24.19,40.32
2025-12-11,5,5,2025-12-11 12:14:00,5,第36回日本モーターボート選手会会長賞,5,3797,岩井 繁,3,52,60.2,0,0,0.22,4.16,18.52,38.27,3.58,20.83,29.17,20.54,32.14,29.77,45.8
2025-12-11,5,5,2025-12-11 12:14:00,5,第36回日本モーターボート選手会会長賞,6,3643,米田 隆弘,3,53,53.6,0,0,0.17,5,25.29,48.28,5.33,27.27,48.48,27.11,48.19,33.99,55.56
2025-12-11,5,6,2025-12-11 12:46:00,5,第36回日本モーターボート選手会会長賞,1,4731,間野 兼礼,3,36,52,0,0,0.15,4.87,27.54,46.38,5.49,37.14,57.14,28.4,40.12,36.84,56.58
2025-12-11,5,6,2025-12-11 12:46:00,5,第36回日本モーターボート選手会会長賞,2,5128,坪井 爽佑,4,28,53.8,1,0,0.2,4.65,32.73,45.45,0,0,0,27.81,42.78,30.82,47.95
2025-12-11,5,6,2025-12-11 12:46:00,5,第36回日本モーターボート選手会会長賞,3,4757,山田 祐也,1,36,52,0,0,0.14,6.41,44.35,61.74,6.23,38.46,61.54,19.35,34.68,27.12,47.46
2025-12-11,5,6,2025-12-11 12:46:00,5,第36回日本モーターボート選手会会長賞,4,4380,鈴木 峻佑,3,41,52.5,0,0,0.17,4.29,23.26,38.37,4.52,26.09,32.61,28.57,43.41,30.46,50.33
2025-12-11,5,6,2025-12-11 12:46:00,5,第36回日本モーターボート選手会会長賞,5,3377,塚田 修二,4,58,55,0,0,0.2,2.75,9.8,11.76,4.46,24,42,32.2,47.46,25.71,39.29
2025-12-11,5,6,2025-12-11 12:46:00,5,第36回日本モーターボート選手会会長賞,6,5058,前原 大道,1,29,52,1,0,0.15,7.05,51.59,73.02,6.67,51.85,66.67,29.63,45.06,30.92,45.39
2025-12-11,5,7,2025-12-11 13:15:00,5,第36回日本モーターボート選手会会長賞,1,5239,上野 俊樹,2,25,51.5,0,0,0.17,5.06,32.04,50.49,5,22.22,55.56,25.77,38.04,24.64,44.2
2025-12-11,5,7,2025-12-11 13:15:00,5,第36回日本モーターボート選手会会長賞,2,3613,角谷 健吾,2,52,51,0,0,0.15,6.32,47.27,62.73,6.52,49.41,72.94,38.95,59.3,27.63,44.08
2025-12-11,5,7,2025-12-11 13:15:00,5,第36回日本モーターボート選手会会長賞,3,4097,貫地谷 直人,3,43,56.2,0,0,0.21,3.99,14.86,32.43,4.33,11.11,33.33,31.93,53.01,37.91,52.94
2025-12-11,5,7,2025-12-11 13:15:00,5,第36回日本モーターボート選手会会長賞,4,4104,木下 陽介,3,46,56,0,0,0.17,4.61,28.99,42.03,6.11,33.33,66.67,38.1,55.36,37.01,57.14
2025-12-11,5,7,2025-12-11 13:15:00,5,第36回日本モーターボート選手会会長賞,5,4650,中山 雄太,1,41,52.3,0,0,0.15,5.84,41.18,57.84,6.1,44.83,55.17,37.5,58.33,34.44,50.33
2025-12-11,5,7,2025-12-11 13:15:00,5,第36回日本モーターボート選手会会長賞,6,3339,泉 具巳,3,60,55,0,0,0.16,4.34,25.97,40.26,4.72,31.25,40.63,36.25,50,28.67,43.33
2025-12-11,5,8,2025-12-11 13:46:00,5,第36回日本モーターボート選手会会長賞,1,3606,川北 浩貴,2,54,52.2,0,0,0.18,5.34,35.64,51.49,6.03,44.44,61.9,24.18,38.56,26.43,36.43
2025-12-11,5,8,2025-12-11 13:46:00,5,第36回日本モーターボート選手会会長賞,2,4934,佐々木 翔斗,1,29,53.4,0,0,0.16,6.04,43.64,61.82,5.75,37.5,58.33,30.29,46.29,31.79,47.02
2025-12-11,5,8,2025-12-11 13:46:00,5,第36回日本モーターボート選手会会長賞,3,4956,齊藤 大将,3,30,54.6,0,0,0.18,4.2,16,48,3.55,22.73,27.27,40.11,61.58,38.96,55.84
2025-12-11,5,8,2025-12-11 13:46:00,5,第36回日本モーターボート選手会会長賞,4,3392,小森 信雄,3,60,52.1,0,0,0.19,4.31,17.91,35.82,4.33,6.67,40,40.33,58.56,35.71,55.19
2025-12-11,5,8,2025-12-11 13:46:00,5,第36回日本モーターボート選手会会長賞,5,5364,金子 怜央,4,26,52.1,0,0,0.2,1.64,1.72,5.17,1.38,0,6.25,33.53,54.12,34.21,52.63
2025-12-11,5,8,2025-12-11 13:46:00,5,第36回日本モーターボート選手会会長賞,6,4218,吉川 喜継,1,44,52,0,0,0.16,7.01,56.06,75,7.07,60.71,71.43,21.74,34.06,29.53,48.99
2025-12-11,5,9,2025-12-11 14:16:00,5,第36回日本モーターボート選手会会長賞,1,3641,一瀬 明,2,54,52.2,0,0,0.15,5.59,37.96,52.78,6.5,43.93,69.16,36.69,57.4,46.05,59.87
2025-12-11,5,9,2025-12-11 14:16:00,5,第36回日本モーターボート選手会会長賞,2,3944,山口 裕二,1,46,52.1,0,0,0.16,6.39,50.98,65.69,6.7,50,70,26.27,37.29,31.13,50.99
2025-12-11,5,9,2025-12-11 14:16:00,5,第36回日本モーターボート選手会会長賞,3,4110,小澤 和也,3,45,54.6,0,0,0.17,3.94,20.83,36.11,4.11,19.44,33.33,34.87,55.92,24.19,40.32
2025-12-11,5,9,2025-12-11 14:16:00,5,第36回日本モーターボート選手会会長賞,4,4562,阪本 勇介,3,38,53.8,0,0,0.2,3.94,13.59,30.1,3.88,12.5,25,24.67,40.67,29.3,42.04
2025-12-11,5,9,2025-12-11 14:16:00,5,第36回日本モーターボート選手会会長賞,5,3930,岸本 隆,2,49,55,0,0,0.16,5.27,33.05,50.85,5.12,34.62,50,26.54,45.68,30.2,42.95
2025-12-11,5,9,2025-12-11 14:16:00,5,第36回日本モーターボート選手会会長賞,6,5245,倉富 大誠,3,24,52,0,0,0.18,4.7,29.73,45.95,5.06,37.5,43.75,32.9,52.26,25.96,47.12
2025-12-11,5,10,2025-12-11 14:44:00,5,第36回日本モーターボート選手会会長賞,1,5053,山口 広樹,2,30,53.1,0,0,0.17,4.92,35.42,46.88,4.11,11.11,44.44,15.2,32.8,32.14,52.14
2025-12-11,5,10,2025-12-11 14:44:00,5,第36回日本モーターボート選手会会長賞,2,3614,谷 勝幸,3,52,54,0,0,0.16,3.95,22.62,33.33,3.81,13.51,32.43,37.72,62.28,33.33,49.31
2025-12-11,5,10,2025-12-11 14:44:00,5,第36回日本モーターボート選手会会長賞,3,4163,山崎 裕司,2,43,52,0,0,0.18,5.84,42.42,60.61,5.58,36.84,57.89,29.32,42.11,30.92,50
2025-12-11,5,10,2025-12-11 14:44:00,5,第36回日本モーターボート選手会会長賞,4,3507,藤井 徹,3,54,52.5,0,0,0.19,4.1,17.65,33.82,2.17,0,0,38.24,58.82,40.27,50.34
2025-12-11,5,10,2025-12-11 14:44:00,5,第36回日本モーターボート選手会会長賞,5,3333,丸尾 義孝,2,57,52,0,0,0.16,6.18,42.62,65.57,5,40,50,32.3,48.45,36.84,55.92
2025-12-11,5,10,2025-12-11 14:44:00,5,第36回日本モーターボート選手会会長賞,6,4757,山田 祐也,1,36,52,0,0,0.14,6.41,44.35,61.74,6.23,38.46,61.54,19.35,34.68,27.12,47.46
2025-12-11,5,11,2025-12-11 15:13:00,5,第36回日本モーターボート選手会会長賞,1,4650,中山 雄太,1,41,52.3,0,0,0.15,5.84,41.18,57.84,6.1,44.83,55.17,37.5,58.33,34.44,50.33
2025-12-11,5,11,2025-12-11 15:13:00,5,第36回日本モーターボート選手会会長賞,2,5058,前原 大道,1,29,52,1,0,0.15,7.05,51.59,73.02,6.67,51.85,66.67,29.63,45.06,30.92,45.39
2025-12-11,5,11,2025-12-11 15:13:00,5,第36回日本モーターボート選手会会長賞,3,3489,大場 敏,2,58,52.3,0,0,0.15,5.53,34.71,58.68,5.69,34.62,50,29.7,43.64,32.41,47.59
2025-12-11,5,11,2025-12-11 15:13:00,5,第36回日本モーターボート選手会会長賞,4,4729,佐藤 謙史朗,3,36,53.6,0,0,0.17,4.19,22.22,25.93,5.25,37.5,50,40.88,60.38,34.87,47.37
2025-12-11,5,11,2025-12-11 15:13:00,5,第36回日本モーターボート選手会会長賞,5,4439,近藤 友宝,3,39,54.7,0,0,0.17,3.93,23.61,30.56,3.98,19.23,30.77,19.83,35.34,32.47,49.35
2025-12-11,5,11,2025-12-11 15:13:00,5,第36回日本モーターボート選手会会長賞,6,4521,小池 公生,2,38,52,1,0,0.17,6.04,45.16,63.44,5.89,33.33,44.44,23.77,38.52,25,42.19
2025-12-11,5,12,2025-12-11 15:48:00,5,第36回日本モーターボート選手会会長賞,1,4364,池永 太,1,40,52.3,0,0,0.14,7.07,57.85,76.03,5.13,25,25,26.74,43.02,38.82,58.55
2025-12-11,5,12,2025-12-11 15:48:00,5,第36回日本モーターボート選手会会長賞,2,5161,登玉 隼百,2,26,53,1,0,0.13,5.86,42.74,57.26,5.95,42.86,66.67,32.52,48.47,28.76,45.75
2025-12-11,5,12,2025-12-11 15:48:00,5,第36回日本モーターボート選手会会長賞,3,5239,上野 俊樹,2,25,51.5,0,0,0.17,5.06,32.04,50.49,5,22.22,55.56,25.77,38.04,24.64,44.2
2025-12-11,5,12,2025-12-11 15:48:00,5,第36回日本モーターボート選手会会長賞,4,3790,佐口 達也,3,53,53.9,0,0,0.18,3.89,16.67,31.82,4.4,20.93,39.53,28.32,45.13,34.93,50
2025-12-11,5,12,2025-12-11 15:48:00,5,第36回日本モーターボート選手会会長賞,5,4934,佐々木 翔斗,1,29,53.4,0,0,0.16,6.04,43.64,61.82,5.75,37.5,58.33,30.29,46.29,31.79,47.02
2025-12-11,5,12,2025-12-11 15:48:00,5,第36回日本モーターボート選手会会長賞,6,4380,鈴木 峻佑,3,41,52.5,0,0,0.17,4.29,23.26,38.37,4.52,26.09,32.61,28.57,43.41,30.46,50.33
2025-12-11,6,1,2025-12-11 10:27:00,5,SUZUKIスピードカップ,1,3591,後藤 孝義,3,57,52,0,0,0.18,2.55,7.89,13.16,3.98,19.17,28.33,37.24,64.83,11.54,23.08
2025-12-11,6,1,2025-12-11 10:27:00,5,SUZUKIスピードカップ,2,5103,芝田 京介,3,27,53,0,0,0.19,4.17,22.22,35.8,3.29,14.29,20,42.68,61.59,50,63.33
2025-12-11,6,1,2025-12-11 10:27:00,5,SUZUKIスピードカップ,3,4942,柴田 朋哉,3,35,54.4,0,0,0.16,5.64,32.05,60.26,4.83,16.67,50,32.28,48.1,37.93,62.07
2025-12-11,6,1,2025-12-11 10:27:00,5,SUZUKIスピードカップ,4,4253,西川 真人,3,42,56,0,0,0.18,4.17,16.67,36.67,4.18,17.65,23.53,31.33,42.67,30,53.33
2025-12-11,6,1,2025-12-11 10:27:00,5,SUZUKIスピードカップ,5,3370,坪内 実,3,59,53.1,0,0,0.2,3.76,16.42,28.36,4.41,18.75,40.63,36.88,50.63,33.33,37.04
2025-12-11,6,1,2025-12-11 10:27:00,5,SUZUKIスピードカップ,6,5394,福西 広太郎,4,24,52,0,0,,2.41,1.79,12.5,0,0,0,34.42,49.35,23.33,40
2025-12-11,6,2,2025-12-11 10:52:00,5,SUZUKIスピードカップ,1,4485,楠原 正剛,3,39,54.1,0,0,0.16,5.33,40.48,55.95,6,40,56,39.52,58.08,17.24,37.93
2025-12-11,6,2,2025-12-11 10:52:00,5,SUZUKIスピードカップ,2,4752,西尾 亮輔,3,37,52,0,0,0.18,3.99,18.68,35.16,5.36,35.71,50,31.51,46.58,41.18,58.82
2025-12-11,6,2,2025-12-11 10:52:00,5,SUZUKIスピードカップ,3,4580,長谷川 雅和,2,36,52,0,0,0.16,5.33,37.38,50.47,4.5,25,37.5,36.54,56.41,28.57,40
2025-12-11,6,2,2025-12-11 10:52:00,5,SUZUKIスピードカップ,4,3771,折下 寛法,3,51,51,0,0,0.13,5.64,33.68,57.89,6.32,45.45,63.64,31.21,47.52,28.57,46.43
2025-12-11,6,2,2025-12-11 10:52:00,5,SUZUKIスピードカップ,5,4395,下河 雅史,2,39,55.3,0,0,0.17,4.55,24.49,42.86,5.46,34.29,51.43,33.13,45.63,43.33,63.33
2025-12-11,6,2,2025-12-11 10:52:00,5,SUZUKIスピードカップ,6,4369,丹下 将,1,40,56.4,0,0,0.17,6.17,48.8,60,6.56,61.11,72.22,48.48,63.64,14.81,33.33
2025-12-11,6,3,2025-12-11 11:17:00,5,SUZUKIスピードカップ,1,4692,酒井 俊弘,3,41,52,0,0,0.14,5,33.33,48.15,5.18,36.36,54.55,33.77,51.3,29.17,62.5
2025-12-11,6,3,2025-12-11 11:17:00,5,SUZUKIスピードカップ,2,4066,東本 勝利,1,45,53.1,0,0,0.15,5.94,34.34,65.66,5.85,39.39,54.55,27.21,42.18,30,50
2025-12-11,6,3,2025-12-11 11:17:00,5,SUZUKIスピードカップ,3,4793,金子 萌,2,35,52,0,0,0.16,5.92,44.86,58.88,6.2,44.7,62.12,32.5,52.5,31.25,43.75
2025-12-11,6,3,2025-12-11 11:17:00,5,SUZUKIスピードカップ,4,4327,加藤 翔,3,42,52.3,0,0,0.2,4.32,22.45,35.71,5.34,37.86,50.49,36.11,52.08,7.41,18.52
2025-12-11,6,3,2025-12-11 11:17:00,5,SUZUKIスピードカップ,5,4506,稗田 聖也,2,37,52.1,0,0,0.14,5.83,41.96,60.71,5.1,35,50,33.33,46.88,24.24,30.3
2025-12-11,6,3,2025-12-11 11:17:00,5,SUZUKIスピードカップ,6,5331,佐藤 永梧,4,21,54.4,0,0,0.15,3.49,18.06,29.17,2.14,0,9.52,31.54,51.01,35.29,52.94
2025-12-11,6,4,2025-12-11 11:43:00,5,SUZUKIスピードカップ,1,4128,川口 貴久,3,45,54.9,0,0,0.15,4.18,18.06,37.5,6.22,33.33,66.67,29.66,51.72,28.13,46.88
2025-12-11,6,4,2025-12-11 11:43:00,5,SUZUKIスピードカップ,2,4251,川崎 誠志,3,42,52,0,0,0.2,4.21,21.9,35.24,3.17,22.22,22.22,46.67,67.88,15.38,19.23
2025-12-11,6,4,2025-12-11 11:43:00,5,SUZUKIスピードカップ,3,4260,中越 博紀,2,41,52,1,0,0.17,5.9,43.59,58.97,6.43,52.38,57.14,31.25,53.13,25,32.14
2025-12-11,6,4,2025-12-11 11:43:00,5,SUZUKIスピードカップ,4,4298,宮下 元胤,2,43,53.2,0,0,0.18,6.47,42.45,72.64,5.6,28.89,60,45.64,62.42,43.33,63.33
2025-12-11,6,4,2025-12-11 11:43:00,5,SUZUKIスピードカップ,5,4743,木村 仁紀,1,33,53.4,0,0,0.14,6.89,52.17,73.04,6.87,56.67,70,34.42,49.35,30.77,42.31
2025-12-11,6,4,2025-12-11 11:43:00,5,SUZUKIスピードカップ,6,5236,小宮 涼雅,3,26,52,0,0,0.19,3.5,13.86,30.69,5.5,50,50,37.8,50,42.86,57.14
2025-12-11,6,5,2025-12-11 12:12:00,5,SUZUKIスピードカップ,1,5299,西丸 敦基,3,23,53.3,0,0,0.16,4.73,27.03,44.59,4.33,0,44.44,28.48,48.34,41.67,58.33
2025-12-11,6,5,2025-12-11 12:12:00,5,SUZUKIスピードカップ,2,4396,大田 直弥,3,39,52.7,0,0,0.2,5.47,32.18,60.92,0,0,0,39.62,58.49,23.53,38.24
2025-12-11,6,5,2025-12-11 12:12:00,5,SUZUKIスピードカップ,3,3661,柳瀬 興志,2,56,58,0,0,0.18,5.19,27.27,51.82,5.13,34.21,47.37,35.76,48.34,27.59,62.07
2025-12-11,6,5,2025-12-11 12:12:00,5,SUZUKIスピードカップ,4,3905,天野 友和,2,48,52,0,0,0.16,5.9,38.94,61.95,5.79,36.84,63.16,44.37,63.58,29.03,41.94
2025-12-11,6,5,2025-12-11 12:12:00,5,SUZUKIスピードカップ,5,3352,小川 晃司,3,57,51,0,0,0.15,4.15,10.29,36.76,4.65,15,45,36.24,53.69,25.71,42.86
2025-12-11,6,5,2025-12-11 12:12:00,5,SUZUKIスピードカップ,6,3898,平田 忠則,1,49,54.3,0,0,0.14,6.52,50.54,66.67,7.61,57.14,85.71,42.25,60.56,9.52,38.1
2025-12-11,6,6,2025-12-11 12:38:00,5,SUZUKIスピードカップ,1,4357,田中 和也,1,41,52.4,0,0,0.17,6.72,52.94,67.65,5.33,26.67,60,28.67,45.33,50,55.88
2025-12-11,6,6,2025-12-11 12:38:00,5,SUZUKIスピードカップ,2,3807,岡部 哲,3,51,51,0,0,0.18,4.25,18.67,37.33,4.37,20.37,37.04,33.79,51.72,51.72,68.97
2025-12-11,6,6,2025-12-11 12:38:00,5,SUZUKIスピードカップ,3,4735,角山 雄哉,3,35,53.8,0,0,0.17,5.12,35.37,48.78,5.43,34.04,53.19,31.29,49.08,37.14,54.29
2025-12-11,6,6,2025-12-11 12:38:00,5,SUZUKIスピードカップ,4,3591,後藤 孝義,3,57,52,0,0,0.18,2.55,7.89,13.16,3.98,19.17,28.33,37.24,64.83,11.54,23.08
2025-12-11,6,6,2025-12-11 12:38:00,5,SUZUKIスピードカップ,5,5054,佐々木 大河,3,29,52.1,0,0,0.15,5.99,43.62,59.57,6.37,44.44,74.07,51.19,63.1,30.3,42.42
2025-12-11,6,6,2025-12-11 12:38:00,5,SUZUKIスピードカップ,6,5427,港 理樹,4,23,52.1,0,0,,1.88,0,6.25,0,0,0,25.89,44.64,42.86,57.14
2025-12-11,6,7,2025-12-11 13:07:00,5,SUZUKIスピードカップ,1,3620,信濃 由行,3,51,54.2,0,0,0.19,4.42,27.16,39.51,4.08,15.38,38.46,46.91,64.81,28.57,42.86
2025-12-11,6,7,2025-12-11 13:07:00,5,SUZUKIスピードカップ,2,4467,渡邉 俊介,2,39,50.5,0,0,0.14,6.03,41.35,60.58,5.24,29.41,58.82,32.48,50.32,34.48,58.62
2025-12-11,6,7,2025-12-11 13:07:00,5,SUZUKIスピードカップ,3,3771,折下 寛法,3,51,51,0,0,0.13,5.64,33.68,57.89,6.32,45.45,63.64,31.21,47.52,28.57,46.43
2025-12-11,6,7,2025-12-11 13:07:00,5,SUZUKIスピードカップ,4,4958,溝口 海義也,2,30,54.9,0,0,0.15,5.99,38.89,61.11,5.6,28,56,32.5,47.5,46.67,56.67
2025-12-11,6,7,2025-12-11 13:07:00,5,SUZUKIスピードカップ,5,5394,福西 広太郎,4,24,52,0,0,,2.41,1.79,12.5,0,0,0,34.42,49.35,23.33,40
2025-12-11,6,7,2025-12-11 13:07:00,5,SUZUKIスピードカップ,6,4066,東本 勝利,1,45,53.1,0,0,0.15,5.94,34.34,65.66,5.85,39.39,54.55,27.21,42.18,30,50
2025-12-11,6,8,2025-12-11 13:45:00,5,SUZUKIスピードカップ,1,4793,金子 萌,2,35,52,0,0,0.16,5.92,44.86,58.88,6.2,44.7,62.12,32.5,52.5,31.25,43.75
2025-12-11,6,8,2025-12-11 13:45:00,5,SUZUKIスピードカップ,2,3370,坪内 実,3,59,53.1,0,0,0.2,3.76,16.42,28.36,4.41,18.75,40.63,36.88,50.63,33.33,37.04
2025-12-11,6,8,2025-12-11 13:45:00,5,SUZUKIスピードカップ,3,4298,宮下 元胤,2,43,53.2,0,0,0.18,6.47,42.45,72.64,5.6,28.89,60,45.64,62.42,43.33,63.33
2025-12-11,6,8,2025-12-11 13:45:00,5,SUZUKIスピードカップ,4,3679,飯島 昌弘,1,52,52,0,0,0.16,6.5,44.44,68.38,5.82,27.27,63.64,35.98,50,44.44,59.26
2025-12-11,6,8,2025-12-11 13:45:00,5,SUZUKIスピードカップ,5,4461,安田 吉宏,3,39,57.4,0,0,0.17,4.15,14.75,36.07,4.53,22.22,37.78,33.1,57.24,7.41,29.63
2025-12-11,6,8,2025-12-11 13:45:00,5,SUZUKIスピードカップ,6,4752,西尾 亮輔,3,37,52,0,0,0.18,3.99,18.68,35.16,5.36,35.71,50,31.51,46.58,41.18,58.82
2025-12-11,6,9,2025-12-11 14:19:00,5,SUZUKIスピードカップ,1,3572,安田 政彦,2,54,52.1,0,0,0.2,5.16,27.59,47.13,4.89,33.33,33.33,34.87,50.66,26.09,56.52
2025-12-11,6,9,2025-12-11 14:19:00,5,SUZUKIスピードカップ,2,4692,酒井 俊弘,3,41,52,0,0,0.14,5,33.33,48.15,5.18,36.36,54.55,33.77,51.3,29.17,62.5
2025-12-11,6,9,2025-12-11 14:19:00,5,SUZUKIスピードカップ,3,4743,木村 仁紀,1,33,53.4,0,0,0.14,6.89,52.17,73.04,6.87,56.67,70,34.42,49.35,30.77,42.31
2025-12-11,6,9,2025-12-11 14:19:00,5,SUZUKIスピードカップ,4,5103,芝田 京介,3,27,53,0,0,0.19,4.17,22.22,35.8,3.29,14.29,20,42.68,61.59,50,63.33
2025-12-11,6,9,2025-12-11 14:19:00,5,SUZUKIスピードカップ,5,4580,長谷川 雅和,2,36,52,0,0,0.16,5.33,37.38,50.47,4.5,25,37.5,36.54,56.41,28.57,40
2025-12-11,6,9,2025-12-11 14:19:00,5,SUZUKIスピードカップ,6,3352,小川 晃司,3,57,51,0,0,0.15,4.15,10.29,36.76,4.65,15,45,36.24,53.69,25.71,42.86
2025-12-11,6,10,2025-12-11 14:50:00,5,SUZUKIスピードカップ,1,3833,中辻 博訓,1,51,52.6,0,0,0.13,6.7,51.94,66.67,7.19,59.46,67.57,32.47,48.05,48.57,65.71
2025-12-11,6,10,2025-12-11 14:50:00,5,SUZUKIスピードカップ,2,3895,堀本 裕也,4,49,48.5,0,0,0.18,4.19,26.92,34.62,4.67,11.11,33.33,33.12,53.9,40.63,62.5
2025-12-11,6,10,2025-12-11 14:50:00,5,SUZUKIスピードカップ,3,5186,遠藤 圭吾,3,25,53.5,0,0,0.17,4.53,22.86,41.43,2.86,4.55,9.09,26.76,42.96,25.81,45.16
2025-12-11,6,10,2025-12-11 14:50:00,5,SUZUKIスピードカップ,4,3161,古場 輝義,2,65,53.3,0,0,0.19,5.23,30.61,57.14,0,0,0,39.63,59.15,28.57,46.43
2025-12-11,6,10,2025-12-11 14:50:00,5,SUZUKIスピードカップ,5,4735,角山 雄哉,3,35,53.8,0,0,0.17,5.12,35.37,48.78,5.43,34.04,53.19,31.29,49.08,37.14,54.29
2025-12-11,6,10,2025-12-11 14:50:00,5,SUZUKIスピードカップ,6,4942,柴田 朋哉,3,35,54.4,0,0,0.16,5.64,32.05,60.26,4.83,16.67,50,32.28,48.1,37.93,62.07
2025-12-11,6,11,2025-12-11 15:20:00,5,SUZUKIスピードカップ,1,4506,稗田 聖也,2,37,52.1,0,0,0.14,5.83,41.96,60.71,5.1,35,50,33.33,46.88,24.24,30.3
2025-12-11,6,11,2025-12-11 15:20:00,5,SUZUKIスピードカップ,2,5054,佐々木 大河,3,29,52.1,0,0,0.15,5.99,43.62,59.57,6.37,44.44,74.07,51.19,63.1,30.3,42.42
2025-12-11,6,11,2025-12-11 15:20:00,5,SUZUKIスピードカップ,3,3898,平田 忠則,1,49,54.3,0,0,0.14,6.52,50.54,66.67,7.61,57.14,85.71,42.25,60.56,9.52,38.1
2025-12-11,6,11,2025-12-11 15:20:00,5,SUZUKIスピードカップ,4,4369,丹下 将,1,40,56.4,0,0,0.17,6.17,48.8,60,6.56,61.11,72.22,48.48,63.64,14.81,33.33
2025-12-11,6,11,2025-12-11 15:20:00,5,SUZUKIスピードカップ,5,4251,川崎 誠志,3,42,52,0,0,0.2,4.21,21.9,35.24,3.17,22.22,22.22,46.67,67.88,15.38,19.23
2025-12-11,6,11,2025-12-11 15:20:00,5,SUZUKIスピードカップ,6,4467,渡邉 俊介,2,39,50.5,0,0,0.14,6.03,41.35,60.58,5.24,29.41,58.82,32.48,50.32,34.48,58.62
2025-12-11,6,12,2025-12-11 15:59:00,5,SUZUKIスピードカップ,1,3679,飯島 昌弘,1,52,52.2,0,0,0.16,6.5,44.44,68.38,5.82,27.27,63.64,35.98,50,44.44,59.26
2025-12-11,6,12,2025-12-11 15:59:00,5,SUZUKIスピードカップ,2,3905,天野 友和,2,48,52,0,0,0.16,5.9,38.94,61.95,5.79,36.84,63.16,44.37,63.58,29.03,41.94
2025-12-11,6,12,2025-12-11 15:59:00,5,SUZUKIスピードカップ,3,4128,川口 貴久,3,45,55.3,0,0,0.15,4.18,18.06,37.5,6.22,33.33,66.67,29.66,51.72,28.13,46.88
2025-12-11,6,12,2025-12-11 15:59:00,5,SUZUKIスピードカップ,4,4485,楠原 正剛,3,39,54,0,0,0.16,5.33,40.48,55.95,6,40,56,39.52,58.08,33.33,36.11
2025-12-11,6,12,2025-12-11 15:59:00,5,SUZUKIスピードカップ,5,4357,田中 和也,1,41,52,0,0,0.17,6.72,52.94,67.65,5.33,26.67,60,28.67,45.33,50,55.88
2025-12-11,6,12,2025-12-11 15:59:00,5,SUZUKIスピードカップ,6,4958,溝口 海義也,2,30,54.7,0,0,0.15,5.99,38.89,61.11,5.6,28,56,32.5,47.5,46.67,56.67
2025-12-11,7,1,2025-12-11 15:22:00,5,蒲郡柑橘組合 蒲郡みかん杯,1,4325,新出 浩司,3,42,52.6,1,0,0.16,4.78,24.39,46.34,5.57,33.33,63.33,17.54,40.35,24.44,35.56
2025-12-11,7,1,2025-12-11 15:22:00,5,蒲郡柑橘組合 蒲郡みかん杯,2,5061,中村 駿平,3,28,52,0,0,0.17,4.2,26.67,33.33,3.46,17.14,20,32.5,51.25,33.33,56.52
2025-12-11,7,1,2025-12-11 15:22:00,5,蒲郡柑橘組合 蒲郡みかん杯,3,4917,岩橋 裕馬,3,37,52.7,0,0,0.19,4.61,23.94,40.85,3.89,11.43,28.57,23.21,37.5,46.05,65.79
2025-12-11,7,1,2025-12-11 15:22:00,5,蒲郡柑橘組合 蒲郡みかん杯,4,5371,早川 颯太,4,23,52,0,0,0.19,1.59,0,3.57,1.53,0,6.67,21.28,34.04,31.82,40.91
2025-12-11,7,1,2025-12-11 15:22:00,5,蒲郡柑橘組合 蒲郡みかん杯,5,3911,鈴木 猛,3,52,52.4,0,0,0.17,5.49,39.29,50,4,20.83,33.33,17.65,41.18,37.18,53.85
2025-12-11,7,1,2025-12-11 15:22:00,5,蒲郡柑橘組合 蒲郡みかん杯,6,4422,永井 亮次,3,37,52.4,0,0,0.19,4.8,30.86,48.15,4.28,22.22,38.89,31.43,48.57,24.66,46.58
2025-12-11,7,2,2025-12-11 15:50:00,5,蒲郡柑橘組合 蒲郡みかん杯,1,4563,齋藤 真之,3,38,52.6,0,0,0.19,3.68,14.81,28.4,4.42,23.08,42.31,35.9,56.41,26.53,48.98
2025-12-11,7,2,2025-12-11 15:50:00,5,蒲郡柑橘組合 蒲郡みかん杯,2,3284,渡邊 伸太郎,3,58,52.2,0,0,0.18,4.82,22.54,45.07,5.18,35.29,47.06,25.76,39.39,37.93,50
2025-12-11,7,2,2025-12-11 15:50:00,5,蒲郡柑橘組合 蒲郡みかん杯,3,4962,畑 竜生,2,29,52,0,0,0.18,5.98,40.43,62.77,5.53,34.04,55.32,24.56,49.12,21.57,27.45
2025-12-11,7,2,2025-12-11 15:50:00,5,蒲郡柑橘組合 蒲郡みかん杯,4,4423,坂口 貴彦,3,36,53.9,0,0,0.19,5.14,33,47,4.3,20,40,31.88,53.62,34.52,54.76
2025-12-11,7,2,2025-12-11 15:50:00,5,蒲郡柑橘組合 蒲郡みかん杯,5,4009,小林 一樹,2,46,55.4,0,0,0.13,5.51,32.18,50.57,4.85,25.64,43.59,26.58,43.04,34.88,51.16
2025-12-11,7,2,2025-12-11 15:50:00,5,蒲郡柑橘組合 蒲郡みかん杯,6,5433,米本 圭佑,4,20,51,0,0,,1.22,0,0,0,0,0,33.33,48.33,25.86,41.38
2025-12-11,7,3,2025-12-11 16:15:00,5,蒲郡柑橘組合 蒲郡みかん杯,1,5006,久保原 秀人,3,29,54.5,0,0,0.16,3.42,15.79,22.81,4.32,21.05,36.84,20.45,34.09,32.76,51.72
2025-12-11,7,3,2025-12-11 16:15:00,5,蒲郡柑橘組合 蒲郡みかん杯,2,4888,金児 隆太,2,38,52,0,0,0.17,5,28.09,43.82,4.78,22.22,33.33,26.47,42.65,21.28,36.17
2025-12-11,7,3,2025-12-11 16:15:00,5,蒲郡柑橘組合 蒲郡みかん杯,3,3527,中嶋 誠一郎,3,54,52.6,0,0,0.17,5.59,34.69,56.12,0,0,0,21.15,34.62,46.43,51.79
2025-12-11,7,3,2025-12-11 16:15:00,5,蒲郡柑橘組合 蒲郡みかん杯,4,4109,谷津 幸宏,1,45,53,0,0,0.12,5.94,43.22,59.32,5.92,40,64,36.11,47.22,19.51,24.39
2025-12-11,7,3,2025-12-11 16:15:00,5,蒲郡柑橘組合 蒲郡みかん杯,5,3542,清水 紀克,3,57,56,0,0,0.18,3.97,17.95,37.18,3.79,21.28,31.91,26.67,48.33,38.27,58.02
2025-12-11,7,3,2025-12-11 16:15:00,5,蒲郡柑橘組合 蒲郡みかん杯,6,5419,櫻井 隼,4,19,52,0,0,,1.93,0,8.93,1.5,0,0,21.15,30.77,45.78,66.27
2025-12-11,7,4,2025-12-11 16:44:00,5,蒲郡柑橘組合 蒲郡みかん杯,1,3445,加藤 高史,4,56,52.1,0,0,0.22,6.04,35.71,64.29,4.31,23.08,34.62,33.33,49.21,26.92,42.31
2025-12-11,7,4,2025-12-11 16:44:00,5,蒲郡柑橘組合 蒲郡みかん杯,2,5261,岡 暢祐,3,27,52.3,0,0,0.17,3.61,8.47,32.2,0,0,0,32.89,48.68,23.91,43.48
2025-12-11,7,4,2025-12-11 16:44:00,5,蒲郡柑橘組合 蒲郡みかん杯,3,3842,星野 太郎,3,49,53.3,0,0,0.19,4.66,26.56,37.5,6.32,44.12,64.71,20.75,39.62,35.44,55.7
2025-12-11,7,4,2025-12-11 16:44:00,5,蒲郡柑橘組合 蒲郡みかん杯,4,4345,西舘 健,2,40,53.1,0,0,0.16,5.4,36.84,53.68,5.61,38.89,50,9.76,14.63,50,67.95
2025-12-11,7,4,2025-12-11 16:44:00,5,蒲郡柑橘組合 蒲郡みかん杯,5,3502,渡邉 英児,3,56,52,0,0,0.17,5.13,31.76,51.76,5.64,42.86,50,35,52.5,34.62,50
2025-12-11,7,4,2025-12-11 16:44:00,5,蒲郡柑橘組合 蒲郡みかん杯,6,3256,三角 哲男,1,58,52,0,0,0.15,6,46.74,61.96,7.08,63.16,71.05,35.48,50,41.25,58.75
2025-12-11,7,5,2025-12-11 17:11:00,5,蒲郡柑橘組合 蒲郡みかん杯,1,3742,宮地 秀祈,3,51,52,0,0,0.18,4.45,19.74,43.42,5.45,35,65,23.26,34.88,20.83,35.42
2025-12-11,7,5,2025-12-11 17:11:00,5,蒲郡柑橘組合 蒲郡みかん杯,2,3605,中村 守成,3,54,53.2,0,0,0.18,4.38,25,35,3.39,5.56,22.22,31.65,45.57,22.73,52.27
2025-12-11,7,5,2025-12-11 17:11:00,5,蒲郡柑橘組合 蒲郡みかん杯,3,4441,末永 由楽,1,39,53.4,0,0,0.13,6.01,44.55,60.4,0,0,0,17.86,33.93,20,23.64
2025-12-11,7,5,2025-12-11 17:11:00,5,蒲郡柑橘組合 蒲郡みかん杯,4,3686,鳥居塚 孝博,2,50,51.5,0,0,0.14,5.8,41.46,59.35,4.48,19.05,38.1,31.17,51.95,32.05,55.13
2025-12-11,7,5,2025-12-11 17:11:00,5,蒲郡柑橘組合 蒲郡みかん杯,5,3909,佐々木 康幸,2,52,54.1,0,0,0.11,6.53,47.17,64.15,5.29,28.57,46.43,21.67,43.33,25,46.67
2025-12-11,7,5,2025-12-11 17:11:00,5,蒲郡柑橘組合 蒲郡みかん杯,6,4211,村田 敦,3,42,60.8,0,0,0.15,3.48,11.11,26.98,4.04,20.83,29.17,34.67,61.33,33.33,47.06
2025-12-11,7,6,2025-12-11 17:38:00,5,蒲郡柑橘組合 蒲郡みかん杯,1,4917,岩橋 裕馬,3,37,52.7,0,0,0.19,4.61,23.94,40.85,3.89,11.43,28.57,23.21,37.5,46.05,65.79
2025-12-11,7,6,2025-12-11 17:38:00,5,蒲郡柑橘組合 蒲郡みかん杯,2,4570,前田 聖文,1,37,52.9,1,0,0.13,6.48,48.48,69.7,6.38,45.61,70.18,35.29,42.65,31.67,43.33
2025-12-11,7,6,2025-12-11 17:38:00,5,蒲郡柑橘組合 蒲郡みかん杯,3,5066,鈴木 孝明,3,27,52.3,0,0,0.17,5.74,35,63.75,3.7,10,20,24.24,39.39,31.08,47.3
2025-12-11,7,6,2025-12-11 17:38:00,5,蒲郡柑橘組合 蒲郡みかん杯,4,4401,小林 泰,2,41,54.3,0,0,0.15,5.25,30.34,46.07,4.56,23.53,41.18,21.05,36.84,43.42,59.21
2025-12-11,7,6,2025-12-11 17:38:00,5,蒲郡柑橘組合 蒲郡みかん杯,5,4898,菊地 敬介,3,34,55.5,0,0,0.19,4.47,23.38,36.36,4.56,16.67,50,27.27,45.45,32.31,40
2025-12-11,7,6,2025-12-11 17:38:00,5,蒲郡柑橘組合 蒲郡みかん杯,6,3505,山田 竜一,2,54,52,0,0,0.15,5.15,31.07,48.54,6.22,50,66.67,34.78,49.28,22.54,39.44
2025-12-11,7,7,2025-12-11 18:06:00,5,蒲郡柑橘組合 蒲郡みかん杯,1,3081,岡本 慎治,2,62,52.1,0,0,0.17,4.61,26.79,42.86,5.06,35.29,47.06,35.06,51.95,24.59,45.9
2025-12-11,7,7,2025-12-11 18:06:00,5,蒲郡柑橘組合 蒲郡みかん杯,2,3361,岡部 浩,3,56,52.1,0,0,0.19,3.37,11.11,22.22,4,23.53,29.41,23.44,40.63,32.14,41.07
2025-12-11,7,7,2025-12-11 18:06:00,5,蒲郡柑橘組合 蒲郡みかん杯,3,4351,里岡 右貴,1,39,52,0,0,0.15,6.75,50.44,71.68,7,52.63,84.21,25,41.67,19.44,41.67
2025-12-11,7,7,2025-12-11 18:06:00,5,蒲郡柑橘組合 蒲郡みかん杯,4,4679,植田 太一,2,36,56.2,0,0,0.18,6.25,47.06,60.78,3.42,15.79,31.58,28,45.33,38.89,47.22
2025-12-11,7,7,2025-12-11 18:06:00,5,蒲郡柑橘組合 蒲郡みかん杯,5,4422,永井 亮次,3,37,52.4,0,0,0.19,4.8,30.86,48.15,4.28,22.22,38.89,31.43,48.57,24.66,46.58
2025-12-11,7,7,2025-12-11 18:06:00,5,蒲郡柑橘組合 蒲郡みかん杯,6,5246,楠 将太郎,3,23,52,0,0,0.18,4.71,26.25,43.75,6,36.36,63.64,32.05,44.87,40.26,57.14
2025-12-11,7,8,2025-12-11 18:34:00,5,蒲郡柑橘組合 蒲郡みかん杯,1,4209,藤田 竜弘,2,42,55.9,0,0,0.15,5.19,31.36,50.85,5.71,37.29,59.32,11.76,14.71,24.64,39.13
2025-12-11,7,8,2025-12-11 18:34:00,5,蒲郡柑橘組合 蒲郡みかん杯,2,4423,坂口 貴彦,3,36,53.9,0,0,0.19,5.14,33,47,4.3,20,40,31.88,53.62,34.52,54.76
2025-12-11,7,8,2025-12-11 18:34:00,5,蒲郡柑橘組合 蒲郡みかん杯,3,3623,深川 真二,1,51,51,0,0,0.14,7.33,65.71,78.1,6.35,37.5,70,25.61,46.34,17.39,34.78
2025-12-11,7,8,2025-12-11 18:34:00,5,蒲郡柑橘組合 蒲郡みかん杯,4,3911,鈴木 猛,3,52,52.4,0,0,0.17,5.49,39.29,50,4,20.83,33.33,17.65,41.18,37.18,53.85
2025-12-11,7,8,2025-12-11 18:34:00,5,蒲郡柑橘組合 蒲郡みかん杯,5,5419,櫻井 隼,4,19,52,0,0,,1.93,0,8.93,1.5,0,0,21.15,30.77,45.78,66.27
2025-12-11,7,8,2025-12-11 18:34:00,5,蒲郡柑橘組合 蒲郡みかん杯,6,4345,西舘 健,2,40,53.1,0,0,0.16,5.4,36.84,53.68,5.61,38.89,50,9.76,14.63,50,67.95
2025-12-11,7,9,2025-12-11 19:04:00,5,蒲郡柑橘組合 蒲郡みかん杯,1,4116,川田 正人,2,44,51.5,0,0,0.18,5.09,33.33,48.33,4.24,20,40,27.12,44.07,18,42
2025-12-11,7,9,2025-12-11 19:04:00,5,蒲郡柑橘組合 蒲郡みかん杯,2,3542,清水 紀克,3,57,56,0,0,0.18,3.97,17.95,37.18,3.79,21.28,31.91,26.67,48.33,38.27,58.02
2025-12-11,7,9,2025-12-11 19:04:00,5,蒲郡柑橘組合 蒲郡みかん杯,3,3909,佐々木 康幸,2,52,54.1,0,0,0.11,6.53,47.17,64.15,5.29,28.57,46.43,21.67,43.33,25,46.67
2025-12-11,7,9,2025-12-11 19:04:00,5,蒲郡柑橘組合 蒲郡みかん杯,4,4325,新出 浩司,3,42,52.6,1,0,0.16,4.78,24.39,46.34,5.57,33.33,63.33,17.54,40.35,24.44,35.56
2025-12-11,7,9,2025-12-11 19:04:00,5,蒲郡柑橘組合 蒲郡みかん杯,5,4543,重木 輝彦,1,38,52,0,0,0.19,6.01,39.25,63.55,4.69,24.14,48.28,30.99,50.7,17.5,30
2025-12-11,7,9,2025-12-11 19:04:00,5,蒲郡柑橘組合 蒲郡みかん杯,6,3842,星野 太郎,3,49,53.3,0,0,0.19,4.66,26.56,37.5,6.32,44.12,64.71,20.75,39.62,35.44,55.7
2025-12-11,7,10,2025-12-11 19:34:00,5,蒲郡柑橘組合 蒲郡みかん杯,1,4239,竹田 辰也,1,41,52,0,0,0.17,6.39,49.58,62.18,0,0,0,33.77,42.86,25.71,48.57
2025-12-11,7,10,2025-12-11 19:34:00,5,蒲郡柑橘組合 蒲郡みかん杯,2,4009,小林 一樹,2,46,55.4,0,0,0.13,5.51,32.18,50.57,4.85,25.64,43.59,26.58,43.04,40.26,63.64
2025-12-11,7,10,2025-12-11 19:34:00,5,蒲郡柑橘組合 蒲郡みかん杯,3,5061,中村 駿平,3,28,52,0,0,0.17,4.2,26.67,33.33,3.46,17.14,20,32.5,51.25,33.33,56.52
2025-12-11,7,10,2025-12-11 19:34:00,5,蒲郡柑橘組合 蒲郡みかん杯,4,3346,宮本 裕之,3,58,52,0,0,0.17,4.26,22.58,38.71,3.42,15.38,23.08,27.94,54.41,30.88,47.06
2025-12-11,7,10,2025-12-11 19:34:00,5,蒲郡柑橘組合 蒲郡みかん杯,5,4888,金児 隆太,2,38,52,0,0,0.17,5,28.09,43.82,4.78,22.22,33.33,26.47,42.65,21.28,36.17
2025-12-11,7,10,2025-12-11 19:34:00,5,蒲郡柑橘組合 蒲郡みかん杯,6,4441,末永 由楽,1,39,53.4,0,0,0.13,6.01,44.55,60.4,0,0,0,17.86,33.93,20,23.64
2025-12-11,7,11,2025-12-11 20:05:00,5,蒲郡柑橘組合 蒲郡みかん杯,1,4351,里岡 右貴,1,39,52,0,0,0.15,6.75,50.44,71.68,7,52.63,84.21,25,41.67,19.44,41.67
2025-12-11,7,11,2025-12-11 20:05:00,5,蒲郡柑橘組合 蒲郡みかん杯,2,3742,宮地 秀祈,3,51,52,0,0,0.18,4.45,19.74,43.42,5.45,35,65,23.26,34.88,20.83,35.42
2025-12-11,7,11,2025-12-11 20:05:00,5,蒲郡柑橘組合 蒲郡みかん杯,3,3502,渡邉 英児,3,56,52,0,0,0.17,5.13,31.76,51.76,5.64,42.86,50,35,52.5,34.62,50
2025-12-11,7,11,2025-12-11 20:05:00,5,蒲郡柑橘組合 蒲郡みかん杯,4,3505,山田 竜一,2,54,52,0,0,0.15,5.15,31.07,48.54,6.22,50,66.67,34.78,49.28,22.54,39.44
2025-12-11,7,11,2025-12-11 20:05:00,5,蒲郡柑橘組合 蒲郡みかん杯,5,4109,谷津 幸宏,1,45,53,0,0,0.12,5.94,43.22,59.32,5.92,40,64,36.11,47.22,19.51,24.39
2025-12-11,7,11,2025-12-11 20:05:00,5,蒲郡柑橘組合 蒲郡みかん杯,6,4962,畑 竜生,2,29,52,0,0,0.18,5.98,40.43,62.77,5.53,34.04,55.32,24.56,49.12,21.57,27.45
2025-12-11,7,12,2025-12-11 20:38:00,5,蒲郡柑橘組合 蒲郡みかん杯,1,3623,深川 真二,1,51,51,0,0,0.14,7.33,65.71,78.1,6.35,37.5,70,25.61,46.34,17.39,34.78
2025-12-11,7,12,2025-12-11 20:38:00,5,蒲郡柑橘組合 蒲郡みかん杯,2,3686,鳥居塚 孝博,2,50,51.5,0,0,0.14,5.8,41.46,59.35,4.48,19.05,38.1,31.17,51.95,32.05,55.13
2025-12-11,7,12,2025-12-11 20:38:00,5,蒲郡柑橘組合 蒲郡みかん杯,3,5261,岡 暢祐,3,27,52.3,0,0,0.17,3.61,8.47,32.2,0,0,0,32.89,48.68,23.91,43.48
2025-12-11,7,12,2025-12-11 20:38:00,5,蒲郡柑橘組合 蒲郡みかん杯,4,4570,前田 聖文,1,37,52.9,1,0,0.13,6.48,48.48,69.7,6.38,45.61,70.18,35.29,42.65,31.67,43.33
2025-12-11,7,12,2025-12-11 20:38:00,5,蒲郡柑橘組合 蒲郡みかん杯,5,3284,渡邊 伸太郎,3,58,52.2,0,0,0.18,4.82,22.54,45.07,5.18,35.29,47.06,25.76,39.39,37.93,50
2025-12-11,7,12,2025-12-11 20:38:00,5,蒲郡柑橘組合 蒲郡みかん杯,6,4679,植田 太一,2,36,56.2,0,0,0.18,6.25,47.06,60.78,3.42,15.79,31.58,28,45.33,38.89,47.22
2025-12-11,9,1,2025-12-11 10:29:00,5,津PR第3戦津王者決定戦,1,4989,石原 翼,2,28,52,0,0,0.15,5.68,37.23,60.64,7,56.52,69.57,38.15,55.82,35.11,53.33
2025-12-11,9,1,2025-12-11 10:29:00,5,津PR第3戦津王者決定戦,2,5077,滝沢 崚,4,28,52,0,0,0.14,3.33,12.5,20.83,2,0,0,29.82,47.71,40.89,59.61
2025-12-11,9,1,2025-12-11 10:29:00,5,津PR第3戦津王者決定戦,3,4173,岡谷 健吾,3,43,56.6,0,0,0.2,5.2,36.47,51.76,3.11,11.11,22.22,33.33,46.93,34.04,54.04
2025-12-11,9,1,2025-12-11 10:29:00,5,津PR第3戦津王者決定戦,4,4945,上村 宏太,3,33,53.2,0,0,0.17,3.79,14.13,29.35,5.29,29.41,64.71,29.22,45.68,33.12,47.13
2025-12-11,9,1,2025-12-11 10:29:00,5,津PR第3戦津王者決定戦,5,4358,松本 庸平,3,41,51,0,0,0.21,4.44,24,38.67,4.45,30.23,39.53,34.62,51.92,38.42,55.17
2025-12-11,9,1,2025-12-11 10:29:00,5,津PR第3戦津王者決定戦,6,4904,松本 一毅,3,31,52,0,0,0.18,5.36,32.56,51.16,5.59,35.29,52.94,37.13,58.65,34.19,52.56
2025-12-11,9,2,2025-12-11 10:56:00,5,津PR第3戦津王者決定戦,1,4565,西村 豪洋,3,37,53.4,0,0,0.17,4.7,28.57,45.71,4.5,23.81,42.86,33.48,48.5,37.39,52.25
2025-12-11,9,2,2025-12-11 10:56:00,5,津PR第3戦津王者決定戦,2,5304,井田 涼介,4,22,58.9,1,0,0.24,1.74,5.26,5.26,1.23,0,4.55,24.46,40.22,39.47,55.7
2025-12-11,9,2,2025-12-11 10:56:00,5,津PR第3戦津王者決定戦,3,3934,鋤柄 貴俊,3,48,53.3,0,0,0.16,5.42,31.33,60.24,5.2,24.49,46.94,37.83,58.7,29.7,48.02
2025-12-11,9,2,2025-12-11 10:56:00,5,津PR第3戦津王者決定戦,4,4003,表 憲一,3,48,53,0,0,0.19,5.32,31.58,53.95,5.67,44.44,66.67,31.18,46.24,34.72,49.54
2025-12-11,9,2,2025-12-11 10:56:00,5,津PR第3戦津王者決定戦,5,3516,吉原 聖人,3,58,51.5,0,0,0.18,4.61,27.03,45.95,3.29,13.16,28.95,39.01,61.43,30.43,46.09
2025-12-11,9,2,2025-12-11 10:56:00,5,津PR第3戦津王者決定戦,6,5175,島崎 丈一朗,4,21,52.4,0,0,0.25,3.5,22.22,22.22,0,0,0,37.07,55.6,30.09,45.83
2025-12-11,9,3,2025-12-11 11:23:00,5,津PR第3戦津王者決定戦,1,4342,谷野 錬志,3,41,52.4,0,0,0.19,7.82,69.05,85.71,6.59,47.06,76.47,32.63,54.24,29.76,48.78
2025-12-11,9,3,2025-12-11 11:23:00,5,津PR第3戦津王者決定戦,2,4436,渋谷 明憲,2,39,52.2,0,0,0.16,6.22,46.67,65.71,6.32,48,70,38.77,57.71,37.71,51.69
2025-12-11,9,3,2025-12-11 11:23:00,5,津PR第3戦津王者決定戦,3,3563,堤 昇,3,55,52.7,0,0,0.17,5.28,33.78,47.3,5.45,35.85,58.49,36.2,51.13,32.91,51.28
2025-12-11,9,3,2025-12-11 11:23:00,5,津PR第3戦津王者決定戦,4,4257,古川 健,3,42,52,0,0,0.15,4.53,28.57,42.86,4.5,33.33,38.89,44.74,67.89,38.1,58.01
2025-12-11,9,3,2025-12-11 11:23:00,5,津PR第3戦津王者決定戦,5,3872,岡田 憲行,2,49,53.4,0,0,0.21,5.23,35,50.83,6.53,43.33,76.67,37.38,53.27,27.67,43.2
2025-12-11,9,3,2025-12-11 11:23:00,5,津PR第3戦津王者決定戦,6,3656,伯母 芳恒,3,52,55.6,0,0,0.18,5.34,36.14,56.63,5.3,37.04,59.26,40.91,54.55,33.78,48.65
2025-12-11,9,4,2025-12-11 11:50:00,5,津PR第3戦津王者決定戦,1,4572,渡部 悟,3,37,55.3,0,0,0.15,5.75,44.64,60.71,5.15,35,50,40.08,54.55,34.82,51.34
2025-12-11,9,4,2025-12-11 11:50:00,5,津PR第3戦津王者決定戦,2,4007,榮田 将彦,3,46,50.5,0,0,0.12,4.58,26.58,41.77,3.79,15.79,31.58,42.33,58.14,31.39,44.39
2025-12-11,9,4,2025-12-11 11:50:00,5,津PR第3戦津王者決定戦,3,3777,樋口 亮,2,50,52.9,0,0,0.19,6.19,43.3,63.92,7.11,66.67,66.67,31.85,52.02,33.33,53.95
2025-12-11,9,4,2025-12-11 11:50:00,5,津PR第3戦津王者決定戦,4,3834,細川 明人,3,50,55.3,0,0,0.21,4.15,17.65,38.24,5.48,33.33,55.56,43.4,62.26,28.57,46.8
2025-12-11,9,4,2025-12-11 11:50:00,5,津PR第3戦津王者決定戦,5,3621,天野 晶夫,2,51,53.8,0,0,0.17,5.04,25.56,46.67,5.82,35.29,58.82,39.11,60,33.03,50.23
2025-12-11,9,4,2025-12-11 11:50:00,5,津PR第3戦津王者決定戦,6,5366,塩嶋 泰空,4,24,54.8,1,0,0.21,1.08,0,0,1,0,0,33.33,52.11,34.82,54.25
2025-12-11,9,5,2025-12-11 12:18:00,5,津PR第3戦津王者決定戦,1,4278,藤岡 俊介,1,42,51.5,0,0,0.12,6.98,50.83,72.5,7.59,63.41,80.49,33.85,50.38,31.4,51.65
2025-12-11,9,5,2025-12-11 12:18:00,5,津PR第3戦津王者決定戦,2,3831,安藤 裕貴,3,51,52.6,0,0,0.16,5.35,34.72,51.39,5,28.57,42.86,30.25,50.84,32.76,50.43
2025-12-11,9,5,2025-12-11 12:18:00,5,津PR第3戦津王者決定戦,3,3436,柏野 幸二,3,56,51,0,0,0.13,5.73,40.51,53.16,4.69,31.25,43.75,36.22,51.89,35.74,50.21
2025-12-11,9,5,2025-12-11 12:18:00,5,津PR第3戦津王者決定戦,4,3793,高橋 真吾,3,53,57.7,1,0,0.16,4.49,24.68,40.26,0,0,0,30.62,40.31,31.53,49.1
2025-12-11,9,5,2025-12-11 12:18:00,5,津PR第3戦津王者決定戦,5,4945,上村 宏太,3,33,53.2,0,0,0.17,3.79,14.13,29.35,5.29,29.41,64.71,29.22,45.68,33.12,47.13
2025-12-11,9,5,2025-12-11 12:18:00,5,津PR第3戦津王者決定戦,6,4177,萬 正嗣,3,43,58.3,0,0,0.17,4.79,29.31,44.83,4.77,27.27,54.55,34.3,49.76,37.13,53.59
2025-12-11,9,6,2025-12-11 12:48:00,5,津PR第3戦津王者決定戦,1,4466,南 佑典,2,39,51,0,0,0.18,5.94,35.63,62.07,5.77,38.74,54.95,34.45,50.84,26.86,38.29
2025-12-11,9,6,2025-12-11 12:48:00,5,津PR第3戦津王者決定戦,2,4630,岩永 雅人,1,38,52,0,0,0.17,5.39,38.3,53.19,5.58,40,60,39.91,53.99,32.61,45.65
2025-12-11,9,6,2025-12-11 12:48:00,5,津PR第3戦津王者決定戦,3,5077,滝沢 崚,4,28,52,0,0,0.14,3.33,12.5,20.83,2,0,0,29.82,47.71,40.89,59.61
2025-12-11,9,6,2025-12-11 12:48:00,5,津PR第3戦津王者決定戦,4,3516,吉原 聖人,3,58,51.5,0,0,0.18,4.61,27.03,45.95,3.29,13.16,28.95,39.01,61.43,30.43,46.09
2025-12-11,9,6,2025-12-11 12:48:00,5,津PR第3戦津王者決定戦,5,3934,鋤柄 貴俊,3,48,53.3,0,0,0.16,5.42,31.33,60.24,5.2,24.49,46.94,37.83,58.7,29.7,48.02
2025-12-11,9,6,2025-12-11 12:48:00,5,津PR第3戦津王者決定戦,6,4520,高倉 孝太,3,38,51.5,0,0,0.16,5.02,24.42,50,4.17,8.7,43.48,45.81,59.11,34.27,49.3
2025-12-11,9,7,2025-12-11 13:20:00,5,津PR第3戦津王者決定戦,1,4516,野口 勝弘,1,39,50,0,0,0.15,6.13,40.5,67.77,6.81,59.52,66.67,40,57.83,38.43,55.37
2025-12-11,9,7,2025-12-11 13:20:00,5,津PR第3戦津王者決定戦,2,3872,岡田 憲行,2,49,53.4,0,0,0.21,5.23,35,50.83,6.53,43.33,76.67,37.38,53.27,27.67,43.2
2025-12-11,9,7,2025-12-11 13:20:00,5,津PR第3戦津王者決定戦,3,3497,後藤 浩,3,57,51.5,0,0,0.18,4.63,26.47,44.12,5.5,40,53.33,30.62,42.25,42.53,63.35
2025-12-11,9,7,2025-12-11 13:20:00,5,津PR第3戦津王者決定戦,4,4173,岡谷 健吾,3,43,56.6,0,0,0.2,5.2,36.47,51.76,3.11,11.11,22.22,33.33,46.93,34.04,54.04
2025-12-11,9,7,2025-12-11 13:20:00,5,津PR第3戦津王者決定戦,5,4003,表 憲一,3,48,53,0,0,0.19,5.32,31.58,53.95,5.67,44.44,66.67,31.18,46.24,34.72,49.54
2025-12-11,9,7,2025-12-11 13:20:00,5,津PR第3戦津王者決定戦,6,4133,高橋 正男,2,45,52.4,0,0,0.17,6.33,46.09,67.83,0,0,0,31.06,50.76,33.2,51.45
2025-12-11,9,8,2025-12-11 13:52:00,5,津PR第3戦津王者決定戦,1,4179,広次 修,2,42,52,0,0,0.15,5.32,30.77,51.65,5.1,10,70,32.17,50.43,31.84,52.91
2025-12-11,9,8,2025-12-11 13:52:00,5,津PR第3戦津王者決定戦,2,3777,樋口 亮,2,50,52.9,0,0,0.19,6.19,43.3,63.92,7.11,66.67,66.67,31.85,52.02,33.33,53.95
2025-12-11,9,8,2025-12-11 13:52:00,5,津PR第3戦津王者決定戦,3,4358,松本 庸平,3,41,51,0,0,0.21,4.44,24,38.67,4.45,30.23,39.53,34.62,51.92,38.42,55.17
2025-12-11,9,8,2025-12-11 13:52:00,5,津PR第3戦津王者決定戦,4,5175,島崎 丈一朗,4,21,52.4,0,0,0.25,3.5,22.22,22.22,0,0,0,37.07,55.6,30.09,45.83
2025-12-11,9,8,2025-12-11 13:52:00,5,津PR第3戦津王者決定戦,5,4257,古川 健,3,42,52,0,0,0.15,4.53,28.57,42.86,4.5,33.33,38.89,44.74,67.89,38.1,58.01
2025-12-11,9,8,2025-12-11 13:52:00,5,津PR第3戦津王者決定戦,6,4261,岡 祐臣,2,41,55.2,0,0,0.15,6.32,44.55,66.34,6.29,45.83,63.1,35,50.77,34.85,50.62
2025-12-11,9,9,2025-12-11 14:24:00,5,津PR第3戦津王者決定戦,1,3826,村田 修次,2,52,52,1,0,0.16,5.92,38.36,58.9,5.55,36.36,48.48,34.51,53.1,34.32,52.97
2025-12-11,9,9,2025-12-11 14:24:00,5,津PR第3戦津王者決定戦,2,3621,天野 晶夫,2,51,53.8,0,0,0.17,5.04,25.56,46.67,5.82,35.29,58.82,39.11,60,33.03,50.23
2025-12-11,9,9,2025-12-11 14:24:00,5,津PR第3戦津王者決定戦,3,4436,渋谷 明憲,2,39,52.2,0,0,0.16,6.22,46.67,65.71,6.32,48,70,38.77,57.71,37.71,51.69
2025-12-11,9,9,2025-12-11 14:24:00,5,津PR第3戦津王者決定戦,4,4565,西村 豪洋,3,37,53.4,0,0,0.17,4.7,28.57,45.71,4.5,23.81,42.86,33.48,48.5,37.39,52.25
2025-12-11,9,9,2025-12-11 14:24:00,5,津PR第3戦津王者決定戦,5,3563,堤 昇,3,55,52.7,0,0,0.17,5.28,33.78,47.3,5.45,35.85,58.49,36.2,51.13,32.91,51.28
2025-12-11,9,9,2025-12-11 14:24:00,5,津PR第3戦津王者決定戦,6,4430,永田 秀二,2,40,55.2,0,0,0.17,5.82,37.72,55.26,5.32,35.71,50,23.89,41.67,33.85,50.77
2025-12-11,9,10,2025-12-11 14:58:00,5,津PR第3戦津王者決定戦,1,3656,伯母 芳恒,3,52,55.6,0,0,0.18,5.34,36.14,56.63,5.3,37.04,59.26,40.91,54.55,33.78,48.65
2025-12-11,9,10,2025-12-11 14:58:00,5,津PR第3戦津王者決定戦,2,4342,谷野 錬志,3,41,52.4,0,0,0.19,7.82,69.05,85.71,6.59,47.06,76.47,32.63,54.24,29.76,48.78
2025-12-11,9,10,2025-12-11 14:58:00,5,津PR第3戦津王者決定戦,3,4278,藤岡 俊介,1,42,51.5,0,0,0.12,6.98,50.83,72.5,7.59,63.41,80.49,33.85,50.38,31.4,51.65
2025-12-11,9,10,2025-12-11 14:58:00,5,津PR第3戦津王者決定戦,4,4989,石原 翼,2,28,52,0,0,0.15,5.68,37.23,60.64,7,56.52,69.57,38.15,55.82,35.11,53.33
2025-12-11,9,10,2025-12-11 14:58:00,5,津PR第3戦津王者決定戦,5,4630,岩永 雅人,1,38,52,0,0,0.17,5.39,38.3,53.19,5.58,40,60,39.91,53.99,32.61,45.65
2025-12-11,9,10,2025-12-11 14:58:00,5,津PR第3戦津王者決定戦,6,4007,榮田 将彦,3,46,50.5,0,0,0.12,4.58,26.58,41.77,3.79,15.79,31.58,42.33,58.14,31.39,44.39
2025-12-11,9,11,2025-12-11 15:33:00,5,津PR第3戦津王者決定戦,1,4520,高倉 孝太,3,38,51.5,0,0,0.16,5.02,24.42,50,4.17,8.7,43.48,45.81,59.11,34.27,49.3
2025-12-11,9,11,2025-12-11 15:33:00,5,津PR第3戦津王者決定戦,2,4179,広次 修,2,42,52,0,0,0.15,5.32,30.77,51.65,5.1,10,70,32.17,50.43,31.84,52.91
2025-12-11,9,11,2025-12-11 15:33:00,5,津PR第3戦津王者決定戦,3,4466,南 佑典,2,39,51,0,0,0.18,5.94,35.63,62.07,5.77,38.74,54.95,34.45,50.84,26.86,38.29
2025-12-11,9,11,2025-12-11 15:33:00,5,津PR第3戦津王者決定戦,4,4516,野口 勝弘,1,39,50,0,0,0.15,6.13,40.5,67.77,6.81,59.52,66.67,40,57.83,38.43,55.37
2025-12-11,9,11,2025-12-11 15:33:00,5,津PR第3戦津王者決定戦,5,4572,渡部 悟,3,37,55.3,0,0,0.15,5.75,44.64,60.71,5.15,35,50,40.08,54.55,34.82,51.34
2025-12-11,9,11,2025-12-11 15:33:00,5,津PR第3戦津王者決定戦,6,3831,安藤 裕貴,3,51,52.6,0,0,0.16,5.35,34.72,51.39,5,28.57,42.86,30.25,50.84,32.76,50.43
2025-12-11,9,12,2025-12-11 16:12:00,5,津PR第3戦津王者決定戦,1,4939,宮之原 輝紀,1,28,52.4,0,0,0.15,6.89,58.24,72.53,7.07,46.67,73.33,39.34,60.11,39.57,56.96
2025-12-11,9,12,2025-12-11 16:12:00,5,津PR第3戦津王者決定戦,2,4398,船岡 洋一郎,1,38,52,0,0,0.14,7,54.46,72.32,6.9,40,90,39.09,58.88,37.21,52.91
2025-12-11,9,12,2025-12-11 16:12:00,5,津PR第3戦津王者決定戦,3,4748,渡邉 雄朗,1,39,52.1,0,0,0.13,6.66,55.2,69.6,4.96,39.13,43.48,33.33,52.44,36.55,48.74
2025-12-11,9,12,2025-12-11 16:12:00,5,津PR第3戦津王者決定戦,4,4656,大崎 翔,3,38,53.5,0,0,0.16,4.71,25.3,37.35,6.74,65.22,69.57,39.01,56.59,31.47,50.43
2025-12-11,9,12,2025-12-11 16:12:00,5,津PR第3戦津王者決定戦,5,4578,藤山 雅弘,2,36,52.6,0,0,0.16,6.47,48.84,65.12,5.88,43.14,56.86,43.02,59.3,37.17,50.88
2025-12-11,9,12,2025-12-11 16:12:00,5,津PR第3戦津王者決定戦,6,4086,寺本 重宣,2,45,51,0,0,0.16,5.37,32,56,6.04,38.89,62.96,30.87,48.7,42.38,61.9
2025-12-11,13,1,2025-12-11 10:37:00,5,ヴィーナスシリーズ第18戦 尼崎プリンセスカップ,1,5264,登 みひ果,3,26,45.5,0,0,0.16,4.34,26.44,37.93,3.42,16.78,22.38,28.57,41.27,16.39,34.43
2025-12-11,13,1,2025-12-11 10:37:00,5,ヴィーナスシリーズ第18戦 尼崎プリンセスカップ,2,4964,土屋 南,4,28,45.5,0,0,,7.47,58.82,82.35,6.17,46.67,63.33,28.46,49.23,51.67,64.17
2025-12-11,13,1,2025-12-11 10:37:00,5,ヴィーナスシリーズ第18戦 尼崎プリンセスカップ,3,4963,實森 美祐,1,29,45.5,0,0,0.15,6.3,43.56,59.41,6.32,54.55,61.36,39.26,56.3,36.36,54.55
2025-12-11,13,1,2025-12-11 10:37:00,5,ヴィーナスシリーズ第18戦 尼崎プリンセスカップ,4,4844,村上 奈穂,3,32,48.4,0,0,0.18,4.46,22.22,42.42,3.67,11.11,22.22,25.38,39.23,30.08,46.34
2025-12-11,13,1,2025-12-11 10:37:00,5,ヴィーナスシリーズ第18戦 尼崎プリンセスカップ,5,5306,河内 悠利杏,3,22,47.5,0,0,0.22,2.59,5.13,12.82,2.27,0,13.33,30.08,41.46,26.45,47.11
2025-12-11,13,1,2025-12-11 10:37:00,5,ヴィーナスシリーズ第18戦 尼崎プリンセスカップ,6,4283,石井 裕美,3,41,49.4,0,0,0.18,4.62,18.92,40.54,3.85,10,30,37.21,58.91,37.6,54.4
2025-12-11,13,2,2025-12-11 11:03:00,5,ヴィーナスシリーズ第18戦 尼崎プリンセスカップ,1,5129,山口 真喜子,2,28,47.8,0,0,0.17,5.31,31.48,48.15,0,0,0,46.09,64.84,31.71,49.59
2025-12-11,13,2,2025-12-11 11:03:00,5,ヴィーナスシリーズ第18戦 尼崎プリンセスカップ,2,4974,安井 瑞紀,3,32,47,1,0,0.16,6.1,41.46,65.85,6.29,52.38,66.67,28.68,41.86,33.06,49.19
2025-12-11,13,2,2025-12-11 11:03:00,5,ヴィーナスシリーズ第18戦 尼崎プリンセスカップ,3,5173,谷口 佳蓮,3,24,47,0,0,0.17,4.86,31.58,44.74,0,0,0,33.87,52.42,19.35,40.32
2025-12-11,13,2,2025-12-11 11:03:00,5,ヴィーナスシリーズ第18戦 尼崎プリンセスカップ,4,5194,大久保 佑香,3,24,45.5,0,0,0.16,4.56,29.49,42.31,4.22,11.11,44.44,24.03,41.86,34.19,50.43
2025-12-11,13,2,2025-12-11 11:03:00,5,ヴィーナスシリーズ第18戦 尼崎プリンセスカップ,5,5188,武井 莉里佳,2,25,45,1,0,0.19,5.71,38.46,58.12,4.69,29.63,43.7,26.02,36.59,26.98,46.83
2025-12-11,13,2,2025-12-11 11:03:00,5,ヴィーナスシリーズ第18戦 尼崎プリンセスカップ,6,4990,田中 博子,4,28,48.5,0,0,0.23,2.67,0,13.33,0,0,0,31.34,46.27,21.49,36.36
2025-12-11,13,3,2025-12-11 11:30:00,5,ヴィーナスシリーズ第18戦 尼崎プリンセスカップ,1,3618,海野 ゆかり,2,52,45,0,0,0.17,6.29,44.04,62.39,6.97,56.25,75,30.08,47.37,37.82,54.62
2025-12-11,13,3,2025-12-11 11:30:00,5,ヴィーナスシリーズ第18戦 尼崎プリンセスカップ,2,4733,赤井 睦,3,36,47.5,0,0,0.16,4.99,27.63,46.05,6.05,54.55,63.64,24.35,46.96,36.67,48.33
2025-12-11,13,3,2025-12-11 11:30:00,5,ヴィーナスシリーズ第18戦 尼崎プリンセスカップ,3,3435,寺田 千恵,1,56,46,0,0,0.15,6.56,45.05,65.77,8.23,70,90,22.4,45.6,41.46,60.98
2025-12-11,13,3,2025-12-11 11:30:00,5,ヴィーナスシリーズ第18戦 尼崎プリンセスカップ,4,4758,富樫 麗加,3,36,53.1,0,0,0.19,6.02,43.37,59.04,0,0,0,33.59,51.15,31.45,48.39
2025-12-11,13,3,2025-12-11 11:30:00,5,ヴィーナスシリーズ第18戦 尼崎プリンセスカップ,5,5295,田上 凜,3,23,46.5,0,0,0.22,3.57,11.11,26.98,1.28,0,4,44.44,54.81,30.08,43.09
2025-12-11,13,3,2025-12-11 11:30:00,5,ヴィーナスシリーズ第18戦 尼崎プリンセスカップ,6,5357,田中 瀬里奈,4,20,53.8,0,0,0.22,1.75,1.67,5,0,0,0,40.94,55.12,26.05,42.86
2025-12-11,13,4,2025-12-11 11:56:00,5,ヴィーナスシリーズ第18戦 尼崎プリンセスカップ,1,3611,岩崎 芳美,2,53,47,0,0,0.15,5.58,35.42,51.04,5.4,20,60,37.59,60.15,35.54,50.41
2025-12-11,13,4,2025-12-11 11:56:00,5,ヴィーナスシリーズ第18戦 尼崎プリンセスカップ,2,5265,大廣 咲季,3,26,46,0,0,0.16,2.92,10.81,18.92,0,0,0,33.85,55.38,32.52,52.03
2025-12-11,13,4,2025-12-11 11:56:00,5,ヴィーナスシリーズ第18戦 尼崎プリンセスカップ,3,4738,清埜 翔子,2,34,47,0,0,0.16,5.82,42.45,56.6,6.91,53.13,75,20.63,34.13,33.33,48.33
2025-12-11,13,4,2025-12-11 11:56:00,5,ヴィーナスシリーズ第18戦 尼崎プリンセスカップ,4,4071,古賀 千晶,3,45,46,0,0,0.19,4.63,25,53.57,4.94,30.21,45.83,36,51.2,33.87,54.03
2025-12-11,13,4,2025-12-11 11:56:00,5,ヴィーナスシリーズ第18戦 尼崎プリンセスカップ,5,5195,北村 寧々,3,24,47,0,0,0.17,5.22,26.09,52.17,2.43,0,14.29,39.06,56.25,33.33,49.21
2025-12-11,13,4,2025-12-11 11:56:00,5,ヴィーナスシリーズ第18戦 尼崎プリンセスカップ,6,5326,三嶌 さらら,3,22,47,0,0,0.2,3.18,6.32,15.79,2.38,6.25,18.75,31.3,51.91,28.57,43.7
2025-12-11,13,5,2025-12-11 12:24:00,5,ヴィーナスシリーズ第18戦 尼崎プリンセスカップ,1,4884,勝浦 真帆,1,29,48.9,0,0,0.13,5.5,33.64,50,6.5,50,81.82,42.19,58.59,27.64,43.09
2025-12-11,13,5,2025-12-11 12:24:00,5,ヴィーナスシリーズ第18戦 尼崎プリンセスカップ,2,5281,井上 遥妃,3,22,47,0,0,0.14,6.58,49.35,70.13,4.62,23.08,42.31,44.27,61.83,36.89,51.64
2025-12-11,13,5,2025-12-11 12:24:00,5,ヴィーナスシリーズ第18戦 尼崎プリンセスカップ,3,5088,高憧 四季,1,26,45,0,0,0.16,7.34,61.31,75.91,7.4,70,80,31.45,45.97,43.09,56.1
2025-12-11,13,5,2025-12-11 12:24:00,5,ヴィーナスシリーズ第18戦 尼崎プリンセスカップ,4,4941,孫崎 百世,4,37,47,0,0,0.21,4.39,22.37,36.84,4.18,18.18,36.36,37.5,57.03,30.83,45.83
2025-12-11,13,5,2025-12-11 12:24:00,5,ヴィーナスシリーズ第18戦 尼崎プリンセスカップ,5,5003,来田 衣織,3,29,47.9,0,0,0.19,3.93,24.42,33.72,3.65,17.98,30.34,44.03,59.7,22.76,37.4
2025-12-11,13,5,2025-12-11 12:24:00,5,ヴィーナスシリーズ第18戦 尼崎プリンセスカップ,6,5327,西田 和加,4,22,49.2,0,0,0.21,1.55,0,2.9,1.22,0,0,35.11,57.25,36,60.8
2025-12-11,13,6,2025-12-11 12:55:00,5,ヴィーナスシリーズ第18戦 尼崎プリンセスカップ,1,4900,中田 夕貴,2,33,46.5,0,0,0.17,6.09,45.3,60.68,5.43,33.33,57.14,37.3,49.21,36.07,56.56
2025-12-11,13,6,2025-12-11 12:55:00,5,ヴィーナスシリーズ第18戦 尼崎プリンセスカップ,2,5118,野田 なづき,3,25,45,0,0,0.2,5.47,34.57,58.02,2.33,0,0,39.85,58.65,38.4,57.6
2025-12-11,13,6,2025-12-11 12:55:00,5,ヴィーナスシリーズ第18戦 尼崎プリンセスカップ,3,5297,南 彩寧,4,23,48.4,0,0,0.22,2.22,3.13,9.38,1.59,0.91,2.73,40.3,53.73,33.33,46.34
2025-12-11,13,6,2025-12-11 12:55:00,5,ヴィーナスシリーズ第18戦 尼崎プリンセスカップ,4,4450,平高 奈菜,1,38,47,0,0,0.15,5.68,36.36,55.68,6.14,45.45,72.73,29.77,49.62,32.23,52.89
2025-12-11,13,6,2025-12-11 12:55:00,5,ヴィーナスシリーズ第18戦 尼崎プリンセスカップ,5,5231,寺田 空詩,3,22,46,0,0,0.21,5.23,33.77,49.35,4.6,20,30,27.27,43.94,42.62,53.28
2025-12-11,13,6,2025-12-11 12:55:00,5,ヴィーナスシリーズ第18戦 尼崎プリンセスカップ,6,4987,島倉 都,3,28,48.1,0,0,0.19,4.22,14.86,39.19,3.32,5.26,21.05,20,39.13,37.9,62.1
2025-12-11,13,7,2025-12-11 13:30:00,5,ヴィーナスシリーズ第18戦 尼崎プリンセスカップ,1,5163,清水 愛海,1,26,45.5,0,0,0.18,6.67,53.41,67.05,4.88,18.75,56.25,20.63,31.75,33.06,47.93
2025-12-11,13,7,2025-12-11 13:30:00,5,ヴィーナスシリーズ第18戦 尼崎プリンセスカップ,2,5295,田上 凜,3,23,46.5,0,0,0.22,3.57,11.11,26.98,1.28,0,4,44.44,54.81,30.08,43.09
2025-12-11,13,7,2025-12-11 13:30:00,5,ヴィーナスシリーズ第18戦 尼崎プリンセスカップ,3,4844,村上 奈穂,3,32,48.4,0,0,0.18,4.46,22.22,42.42,3.67,11.11,22.22,25.38,39.23,30.08,46.34
2025-12-11,13,7,2025-12-11 13:30:00,5,ヴィーナスシリーズ第18戦 尼崎プリンセスカップ,4,5173,谷口 佳蓮,3,24,47,0,0,0.17,4.86,31.58,44.74,0,0,0,33.87,52.42,19.35,40.32
2025-12-11,13,7,2025-12-11 13:30:00,5,ヴィーナスシリーズ第18戦 尼崎プリンセスカップ,5,4791,黒澤 めぐみ,2,36,47.4,1,0,0.16,5.84,43.9,58.54,5.82,40.82,53.06,35.71,61.9,32.26,46.77
2025-12-11,13,7,2025-12-11 13:30:00,5,ヴィーナスシリーズ第18戦 尼崎プリンセスカップ,6,5342,原村 百那,4,24,47.2,0,0,0.2,1.82,0,3.28,1.47,0,0,32.54,51.59,31.45,52.42
2025-12-11,13,8,2025-12-11 14:07:00,5,ヴィーナスシリーズ第18戦 尼崎プリンセスカップ,1,4286,平田 さやか,2,41,48,0,0,0.16,5.28,30.08,47.97,5.43,39.29,53.57,29.01,45.04,35.2,46.4
2025-12-11,13,8,2025-12-11 14:07:00,5,ヴィーナスシリーズ第18戦 尼崎プリンセスカップ,2,4965,福岡 泉水,3,28,50.4,1,0,0.19,3.88,22.39,32.84,4.4,24,38,36.09,48.87,29.17,45
2025-12-11,13,8,2025-12-11 14:07:00,5,ヴィーナスシリーズ第18戦 尼崎プリンセスカップ,3,5195,北村 寧々,3,24,47,0,0,0.17,5.22,26.09,52.17,2.43,0,14.29,39.06,56.25,33.33,49.21
2025-12-11,13,8,2025-12-11 14:07:00,5,ヴィーナスシリーズ第18戦 尼崎プリンセスカップ,4,4456,鎌倉 涼,1,36,45.5,0,0,0.17,6.84,52.78,70.37,6.95,52.63,73.68,48.48,66.67,38.33,53.33
2025-12-11,13,8,2025-12-11 14:07:00,5,ヴィーナスシリーズ第18戦 尼崎プリンセスカップ,5,5241,門田 栞,3,25,47.3,1,0,0.16,4.21,25.86,37.93,2.14,0,14.29,40.91,60.61,31.67,50
2025-12-11,13,8,2025-12-11 14:07:00,5,ヴィーナスシリーズ第18戦 尼崎プリンセスカップ,6,5192,中尾 優香,3,24,47.9,0,0,0.19,5.32,35.8,50.62,3.67,18.52,25.93,23.66,34.35,30.83,57.5
2025-12-11,13,9,2025-12-11 14:38:00,5,ヴィーナスシリーズ第18戦 尼崎プリンセスカップ,1,5188,武井 莉里佳,2,25,45,1,0,0.19,5.71,38.46,58.12,4.69,29.63,43.7,26.02,36.59,26.98,46.83
2025-12-11,13,9,2025-12-11 14:38:00,5,ヴィーナスシリーズ第18戦 尼崎プリンセスカップ,2,4941,孫崎 百世,4,37,47,0,0,0.21,4.39,22.37,36.84,4.18,18.18,36.36,37.5,57.03,30.83,45.83
2025-12-11,13,9,2025-12-11 14:38:00,5,ヴィーナスシリーズ第18戦 尼崎プリンセスカップ,3,4758,富樫 麗加,3,36,53.1,0,0,0.19,6.02,43.37,59.04,0,0,0,33.59,51.15,31.45,48.39
2025-12-11,13,9,2025-12-11 14:38:00,5,ヴィーナスシリーズ第18戦 尼崎プリンセスカップ,4,5198,奥村 明日香,3,24,45.5,0,0,0.19,4.74,22.37,42.11,3.58,7.69,23.08,49.22,63.28,30.08,47.97
2025-12-11,13,9,2025-12-11 14:38:00,5,ヴィーナスシリーズ第18戦 尼崎プリンセスカップ,5,4964,土屋 南,4,28,45.5,0,0,,7.47,58.82,82.35,6.17,46.67,63.33,28.46,49.23,51.67,64.17
2025-12-11,13,9,2025-12-11 14:38:00,5,ヴィーナスシリーズ第18戦 尼崎プリンセスカップ,6,4738,清埜 翔子,2,34,47,0,0,0.16,5.82,42.45,56.6,6.91,53.13,75,20.63,34.13,33.33,48.33
2025-12-11,13,10,2025-12-11 15:09:00,5,ヴィーナスシリーズ第18戦 尼崎プリンセスカップ,1,4450,平高 奈菜,1,38,47,0,0,0.15,5.68,36.36,55.68,6.14,45.45,72.73,29.77,49.62,32.23,52.89
2025-12-11,13,10,2025-12-11 15:09:00,5,ヴィーナスシリーズ第18戦 尼崎プリンセスカップ,2,5129,山口 真喜子,2,28,47.8,0,0,0.17,5.31,31.48,48.15,0,0,0,46.09,64.84,31.71,49.59
2025-12-11,13,10,2025-12-11 15:09:00,5,ヴィーナスシリーズ第18戦 尼崎プリンセスカップ,3,5264,登 みひ果,3,26,45.5,0,0,0.16,4.34,26.44,37.93,3.42,16.78,22.38,28.57,41.27,16.39,34.43
2025-12-11,13,10,2025-12-11 15:09:00,5,ヴィーナスシリーズ第18戦 尼崎プリンセスカップ,4,5281,井上 遥妃,3,22,47,0,0,0.14,6.58,49.35,70.13,4.62,23.08,42.31,44.27,61.83,36.89,51.64
2025-12-11,13,10,2025-12-11 15:09:00,5,ヴィーナスシリーズ第18戦 尼崎プリンセスカップ,5,4733,赤井 睦,3,36,47.5,0,0,0.16,4.99,27.63,46.05,6.05,54.55,63.64,24.35,46.96,36.67,48.33
2025-12-11,13,10,2025-12-11 15:09:00,5,ヴィーナスシリーズ第18戦 尼崎プリンセスカップ,6,5265,大廣 咲季,3,26,46,0,0,0.16,2.92,10.81,18.92,0,0,0,33.85,55.38,32.52,52.03
2025-12-11,13,11,2025-12-11 15:42:00,5,ヴィーナスシリーズ第18戦 尼崎プリンセスカップ,1,4963,實森 美祐,1,29,45.5,0,0,0.15,6.3,43.56,59.41,6.32,54.55,61.36,39.26,56.3,36.36,54.55
2025-12-11,13,11,2025-12-11 15:42:00,5,ヴィーナスシリーズ第18戦 尼崎プリンセスカップ,2,3618,海野 ゆかり,2,52,45,0,0,0.17,6.29,44.04,62.39,6.97,56.25,75,30.08,47.37,37.82,54.62
2025-12-11,13,11,2025-12-11 15:42:00,5,ヴィーナスシリーズ第18戦 尼崎プリンセスカップ,3,4974,安井 瑞紀,3,32,47,1,0,0.16,6.1,41.46,65.85,6.29,52.38,66.67,28.68,41.86,33.06,49.19
2025-12-11,13,11,2025-12-11 15:42:00,5,ヴィーナスシリーズ第18戦 尼崎プリンセスカップ,4,5163,清水 愛海,1,26,46,0,0,0.18,6.67,53.41,67.05,4.88,18.75,56.25,20.63,31.75,33.06,47.93
2025-12-11,13,11,2025-12-11 15:42:00,5,ヴィーナスシリーズ第18戦 尼崎プリンセスカップ,5,5118,野田 なづき,3,25,45.5,0,0,0.2,5.47,34.57,58.02,2.33,0,0,39.85,58.65,38.4,57.6
2025-12-11,13,11,2025-12-11 15:42:00,5,ヴィーナスシリーズ第18戦 尼崎プリンセスカップ,6,5088,高憧 四季,1,26,44.5,0,0,0.16,7.34,61.31,75.91,7.4,70,80,31.45,45.97,43.09,56.1
2025-12-11,13,12,2025-12-11 16:19:00,5,ヴィーナスシリーズ第18戦 尼崎プリンセスカップ,1,4456,鎌倉 涼,1,36,45.5,0,0,0.17,6.84,52.78,70.37,6.95,52.63,73.68,48.48,66.67,38.33,53.33
2025-12-11,13,12,2025-12-11 16:19:00,5,ヴィーナスシリーズ第18戦 尼崎プリンセスカップ,2,4900,中田 夕貴,2,33,46.5,0,0,0.17,6.09,45.3,60.68,5.43,33.33,57.14,37.3,49.21,36.07,56.56
2025-12-11,13,12,2025-12-11 16:19:00,5,ヴィーナスシリーズ第18戦 尼崎プリンセスカップ,3,5194,大久保 佑香,3,24,45.5,0,0,0.16,4.56,29.49,42.31,4.22,11.11,44.44,24.03,41.86,34.19,50.43
2025-12-11,13,12,2025-12-11 16:19:00,5,ヴィーナスシリーズ第18戦 尼崎プリンセスカップ,4,4884,勝浦 真帆,1,29,48.9,0,0,0.13,5.5,33.64,50,6.5,50,81.82,42.19,58.59,27.64,43.09
2025-12-11,13,12,2025-12-11 16:19:00,5,ヴィーナスシリーズ第18戦 尼崎プリンセスカップ,5,3435,寺田 千恵,1,56,46,0,0,0.15,6.56,45.05,65.77,8.23,70,90,22.4,45.6,41.46,60.98
2025-12-11,13,12,2025-12-11 16:19:00,5,ヴィーナスシリーズ第18戦 尼崎プリンセスカップ,6,3611,岩崎 芳美,2,53,47,0,0,0.15,5.58,35.42,51.04,5.4,20,60,37.59,60.15,35.54,50.41
2025-12-11,14,1,2025-12-11 08:35:00,5,サンマックアワライズ杯競走,1,4936,戸敷 晃美,2,29,46.5,0,0,0.16,5.94,41.94,60.22,4.47,11.76,47.06,25.55,37.96,30.71,47.14
2025-12-11,14,1,2025-12-11 08:35:00,5,サンマックアワライズ杯競走,2,3454,井川 大作,3,54,56.5,0,0,0.16,5.58,33.75,57.5,4.85,28.21,48.72,24.49,44.22,29.32,54.89
2025-12-11,14,1,2025-12-11 08:35:00,5,サンマックアワライズ杯競走,3,4792,杉村 賢也,3,35,52,0,0,0.18,5.41,32.65,53.06,4.21,10.34,34.48,25.19,45.19,42.86,59.86
2025-12-11,14,1,2025-12-11 08:35:00,5,サンマックアワライズ杯競走,4,4747,山戸 信二,3,40,52,0,0,0.17,4.49,26.8,41.24,0,0,0,31.69,43.66,39.58,54.86
2025-12-11,14,1,2025-12-11 08:35:00,5,サンマックアワライズ杯競走,5,5410,今泉 澪,4,20,48.8,0,0,,1.22,0,0,0,0,0,34.51,45.77,45.21,64.38
2025-12-11,14,1,2025-12-11 08:35:00,5,サンマックアワライズ杯競走,6,5243,三馬 崇史,3,25,54.2,0,0,0.17,5.56,37.93,50.57,2.68,13.64,18.18,34.57,49.38,35.62,49.32
2025-12-11,14,2,2025-12-11 09:04:00,5,サンマックアワライズ杯競走,1,5228,若林 樹蘭,2,23,52,0,0,0.16,6,38.1,59.52,5.62,47.62,52.38,25.56,39.1,40.54,58.11
2025-12-11,14,2,2025-12-11 09:04:00,5,サンマックアワライズ杯競走,2,3642,大塚 浩二,3,54,52.5,1,0,0.19,3.91,16.22,29.73,2.5,5,15,38.19,53.47,38.1,57.14
2025-12-11,14,2,2025-12-11 09:04:00,5,サンマックアワライズ杯競走,3,4112,大久保 信一郎,3,45,51.5,0,0,0.19,5.56,36.84,61.05,5.93,46.43,53.57,47.1,57.25,38.62,51.72
2025-12-11,14,2,2025-12-11 09:04:00,5,サンマックアワライズ杯競走,4,3619,長谷川 充,3,51,52.1,0,0,0.2,5.24,33.71,48.31,4.33,18.52,33.33,35.86,53.79,24.1,43.98
2025-12-11,14,2,2025-12-11 09:04:00,5,サンマックアワライズ杯競走,5,4053,芦澤 望,2,47,55.5,0,0,0.18,5.49,34.04,51.06,5.88,50,62.5,22.3,37.84,36.84,52.63
2025-12-11,14,2,2025-12-11 09:04:00,5,サンマックアワライズ杯競走,6,5296,永田 楽,3,23,45.5,0,0,0.21,4.63,27.1,41.12,3.5,14.71,23.53,30.28,47.89,40.69,52.41
2025-12-11,14,3,2025-12-11 09:30:00,5,サンマックアワライズ杯競走,1,4197,渥美 卓郎,3,43,53.6,0,0,0.18,3.16,6.33,20.25,4.52,13.04,43.48,28.26,44.93,37.84,55.41
2025-12-11,14,3,2025-12-11 09:30:00,5,サンマックアワライズ杯競走,2,4832,権藤 俊光,2,38,52,0,0,0.16,6.59,46.81,65.96,7.6,60,90,41.38,57.93,35.92,54.23
2025-12-11,14,3,2025-12-11 09:30:00,5,サンマックアワライズ杯競走,3,4610,佐藤 大佑,2,35,54.1,0,0,0.17,5.61,40.82,53.06,0,0,0,39.57,58.99,27.74,47.45
2025-12-11,14,3,2025-12-11 09:30:00,5,サンマックアワライズ杯競走,4,3920,正木 聖賢,3,51,55.7,0,0,0.19,5.71,39.76,60.24,5.4,40,46.67,36.55,53.1,26.8,44.44
2025-12-11,14,3,2025-12-11 09:30:00,5,サンマックアワライズ杯競走,5,4848,仲谷 颯仁,1,31,51.5,0,0,0.15,7.08,47.83,62.61,7.06,56.25,81.25,25.9,39.57,31.54,46.31
2025-12-11,14,3,2025-12-11 09:30:00,5,サンマックアワライズ杯競走,6,5019,柴田 百恵,3,26,44.5,0,0,0.17,5.69,41.56,59.74,5.28,31.25,50,30.32,43.23,31.43,48.57
2025-12-11,14,4,2025-12-11 09:56:00,5,サンマックアワライズ杯競走,1,4861,田中 宏樹,3,37,51.5,0,0,0.17,4.68,28.42,44.21,0,0,0,33.1,47.59,46.04,62.59
2025-12-11,14,4,2025-12-11 09:56:00,5,サンマックアワライズ杯競走,2,3915,繁野谷 圭介,2,51,52.1,0,0,0.18,5.62,35.85,56.6,5.59,40.74,51.85,20.44,35.04,34,50.67
2025-12-11,14,4,2025-12-11 09:56:00,5,サンマックアワライズ杯競走,3,3257,田頭 実,3,58,51.5,1,0,0.12,6.16,52.44,60.98,5.8,40,60,40.85,57.04,38.78,53.06
2025-12-11,14,4,2025-12-11 09:56:00,5,サンマックアワライズ杯競走,4,3105,内山 文典,3,62,52.7,0,0,0.17,4.42,19.18,39.73,4.8,13.33,53.33,28.57,45.71,31.25,47.22
2025-12-11,14,4,2025-12-11 09:56:00,5,サンマックアワライズ杯競走,5,5423,高橋 嗣穏,4,23,50.5,0,0,,0,0,0,0,0,0,28.28,47.59,32.35,47.06
2025-12-11,14,4,2025-12-11 09:56:00,5,サンマックアワライズ杯競走,6,4732,堀本 和也,1,36,52.2,0,0,0.12,6.16,45,61.67,6.13,43.4,61.64,35.1,49.01,28.37,55.32
2025-12-11,14,5,2025-12-11 10:22:00,5,サンマックアワライズ杯競走,1,4082,濱崎 誠,3,46,52,0,0,0.18,5.19,35.29,49.41,3.82,23.53,35.29,28.89,48.15,29.53,48.32
2025-12-11,14,5,2025-12-11 10:22:00,5,サンマックアワライズ杯競走,2,4039,村上 功祐,3,46,56,0,0,0.16,5.81,41.11,56.67,4.65,23.53,41.18,35.46,57.45,26.49,41.06
2025-12-11,14,5,2025-12-11 10:22:00,5,サンマックアワライズ杯競走,3,3159,江口 晃生,1,60,52.4,0,0,0.16,6.63,51.25,66.25,6.68,53.57,67.86,47.1,60.14,36.49,52.7
2025-12-11,14,5,2025-12-11 10:22:00,5,サンマックアワライズ杯競走,4,4359,横川 聖志,3,41,55.4,0,0,0.13,5.4,38.27,50.62,5.45,34.25,53.42,46.1,69.5,33.56,51.68
2025-12-11,14,5,2025-12-11 10:22:00,5,サンマックアワライズ杯競走,5,4370,山口 達也,1,39,53.3,0,0,0.17,7.18,54.96,67.94,7.75,68.75,87.5,33.81,42.45,22.89,34.94
2025-12-11,14,5,2025-12-11 10:22:00,5,サンマックアワライズ杯競走,6,5410,今泉 澪,4,20,48.8,0,0,,1.22,0,0,0,0,0,34.51,45.77,45.21,64.38
2025-12-11,14,6,2025-12-11 10:50:00,5,サンマックアワライズ杯競走,1,4902,山川 雄大,3,32,51.5,0,0,0.18,4.3,28.16,42.72,2,0,0,29.56,43.4,32.64,47.22
2025-12-11,14,6,2025-12-11 10:50:00,5,サンマックアワライズ杯競走,2,4053,芦澤 望,2,47,55.5,0,0,0.18,5.49,34.04,51.06,5.88,50,62.5,22.3,37.84,36.84,52.63
2025-12-11,14,6,2025-12-11 10:50:00,5,サンマックアワライズ杯競走,3,4747,山戸 信二,3,40,52,0,0,0.17,4.49,26.8,41.24,0,0,0,31.69,43.66,39.58,54.86
2025-12-11,14,6,2025-12-11 10:50:00,5,サンマックアワライズ杯競走,4,4694,高田 綾,3,40,45.5,0,0,0.18,4.7,25.58,44.19,0,0,0,32.62,49.65,30.87,46.98
2025-12-11,14,6,2025-12-11 10:50:00,5,サンマックアワライズ杯競走,5,4624,高田 明,2,40,52,0,0,0.18,6.88,56.76,74.77,8,60,70,29.58,48.59,29.79,44.68
2025-12-11,14,6,2025-12-11 10:50:00,5,サンマックアワライズ杯競走,6,3579,中里 優子,3,52,48.9,1,0,0.16,4.63,26.15,40,5.27,32.69,51.92,34.9,52.35,33.33,55.33
2025-12-11,14,7,2025-12-11 11:19:00,5,サンマックアワライズ杯競走,1,4390,松本 弓雄,3,39,52.4,0,0,0.17,3.18,9.84,19.67,4.23,20.13,39.6,30.34,44.14,36.55,55.17
2025-12-11,14,7,2025-12-11 11:19:00,5,サンマックアワライズ杯競走,2,5193,米丸 乃絵,2,24,47,0,0,0.17,6.77,51.35,74.77,5.5,38.89,44.44,24.24,41.67,38.36,56.85
2025-12-11,14,7,2025-12-11 11:19:00,5,サンマックアワライズ杯競走,3,5243,三馬 崇史,3,25,54.2,0,0,0.17,5.56,37.93,50.57,2.68,13.64,18.18,34.57,49.38,35.62,49.32
2025-12-11,14,7,2025-12-11 11:19:00,5,サンマックアワライズ杯競走,4,4792,杉村 賢也,3,35,52,0,0,0.18,5.41,32.65,53.06,4.21,10.34,34.48,25.19,45.19,42.86,59.86
2025-12-11,14,7,2025-12-11 11:19:00,5,サンマックアワライズ杯競走,5,4610,佐藤 大佑,2,35,54.1,0,0,0.17,5.61,40.82,53.06,0,0,0,39.57,58.99,27.74,47.45
2025-12-11,14,7,2025-12-11 11:19:00,5,サンマックアワライズ杯競走,6,4477,篠崎 仁志,1,38,54.1,0,0,0.14,6.4,42.42,61.62,8.14,71.43,100,45.7,62.25,33.33,46.26
2025-12-11,14,8,2025-12-11 11:49:00,5,サンマックアワライズ杯競走,1,5019,柴田 百恵,3,26,44.5,0,0,0.17,5.69,41.56,59.74,5.28,31.25,50,30.32,43.23,31.43,48.57
2025-12-11,14,8,2025-12-11 11:49:00,5,サンマックアワライズ杯競走,2,4504,前田 将太,1,37,52.8,1,0,0.14,6.44,39.71,57.35,6.73,53.33,60,38.26,53.69,32.64,47.22
2025-12-11,14,8,2025-12-11 11:49:00,5,サンマックアワライズ杯競走,3,3642,大塚 浩二,3,54,52.5,1,0,0.19,3.91,16.22,29.73,2.5,5,15,38.19,53.47,38.1,57.14
2025-12-11,14,8,2025-12-11 11:49:00,5,サンマックアワライズ杯競走,4,3454,井川 大作,3,54,56.5,0,0,0.16,5.58,33.75,57.5,4.85,28.21,48.72,24.49,44.22,29.32,54.89
2025-12-11,14,8,2025-12-11 11:49:00,5,サンマックアワライズ杯競走,5,5126,山下 大輝,2,29,52,0,0,0.18,6.16,45.97,64.52,5.2,33.33,46.67,36.99,59.59,25,41.45
2025-12-11,14,8,2025-12-11 11:49:00,5,サンマックアワライズ杯競走,6,5423,高橋 嗣穏,4,23,50.5,0,0,,0,0,0,0,0,0,28.28,47.59,32.35,47.06
2025-12-11,14,9,2025-12-11 12:28:00,5,サンマックアワライズ杯競走,1,5145,島川 海輝,2,22,52.5,0,0,0.15,6.01,43.24,60.36,5.16,32,52,23.87,43.87,39.73,55.48
2025-12-11,14,9,2025-12-11 12:28:00,5,サンマックアワライズ杯競走,2,3105,内山 文典,3,62,52.7,0,0,0.17,4.42,19.18,39.73,4.8,13.33,53.33,28.57,45.71,31.25,47.22
2025-12-11,14,9,2025-12-11 12:28:00,5,サンマックアワライズ杯競走,3,5296,永田 楽,3,23,45.5,0,0,0.21,4.63,27.1,41.12,3.5,14.71,23.53,30.28,47.89,40.69,52.41
2025-12-11,14,9,2025-12-11 12:28:00,5,サンマックアワライズ杯競走,4,4977,馬野 耀,2,31,55.8,0,0,0.18,5.7,40.4,55.56,0,0,0,21.48,34.81,39.73,59.59
2025-12-11,14,9,2025-12-11 12:28:00,5,サンマックアワライズ杯競走,5,4112,大久保 信一郎,3,45,51.5,0,0,0.19,5.56,36.84,61.05,5.93,46.43,53.57,47.1,57.25,38.62,51.72
2025-12-11,14,9,2025-12-11 12:28:00,5,サンマックアワライズ杯競走,6,4082,濱崎 誠,3,46,52,0,0,0.18,5.19,35.29,49.41,3.82,23.53,35.29,28.89,48.15,29.53,48.32
2025-12-11,14,10,2025-12-11 13:03:00,5,サンマックアワライズ杯競走,1,4848,仲谷 颯仁,1,31,51.5,0,0,0.15,7.08,47.83,62.61,7.06,56.25,81.25,25.9,39.57,31.54,46.31
2025-12-11,14,10,2025-12-11 13:03:00,5,サンマックアワライズ杯競走,2,4624,高田 明,2,40,52,0,0,0.18,6.88,56.76,74.77,8,60,70,29.58,48.59,29.79,44.68
2025-12-11,14,10,2025-12-11 13:03:00,5,サンマックアワライズ杯競走,3,3920,正木 聖賢,3,51,55.7,0,0,0.19,5.71,39.76,60.24,5.4,40,46.67,36.55,53.1,26.8,44.44
2025-12-11,14,10,2025-12-11 13:03:00,5,サンマックアワライズ杯競走,4,4902,山川 雄大,3,32,51.5,0,0,0.18,4.3,28.16,42.72,2,0,0,29.56,43.4,32.64,47.22
2025-12-11,14,10,2025-12-11 13:03:00,5,サンマックアワライズ杯競走,5,3257,田頭 実,3,58,51.5,1,0,0.12,6.16,52.44,60.98,5.8,40,60,40.85,57.04,38.78,53.06
2025-12-11,14,10,2025-12-11 13:03:00,5,サンマックアワライズ杯競走,6,3159,江口 晃生,1,60,52.4,0,0,0.16,6.63,51.25,66.25,6.68,53.57,67.86,47.1,60.14,36.49,52.7
2025-12-11,14,11,2025-12-11 13:38:00,5,サンマックアワライズ杯競走,1,4370,山口 達也,1,39,53.2,0,0,0.17,7.18,54.96,67.94,7.75,68.75,87.5,33.81,42.45,22.89,34.94
2025-12-11,14,11,2025-12-11 13:38:00,5,サンマックアワライズ杯競走,2,4732,堀本 和也,1,36,52.6,0,0,0.12,6.16,45,61.67,6.13,43.4,61.64,35.1,49.01,28.37,55.32
2025-12-11,14,11,2025-12-11 13:38:00,5,サンマックアワライズ杯競走,3,3619,長谷川 充,3,51,51.5,0,0,0.2,5.24,33.71,48.31,4.33,18.52,33.33,35.86,53.79,24.1,43.98
2025-12-11,14,11,2025-12-11 13:38:00,5,サンマックアワライズ杯競走,4,4039,村上 功祐,3,46,56.3,0,0,0.16,5.81,41.11,56.67,4.65,23.53,41.18,35.46,57.45,26.49,41.06
2025-12-11,14,11,2025-12-11 13:38:00,5,サンマックアワライズ杯競走,5,4390,松本 弓雄,3,39,52,0,0,0.17,3.18,9.84,19.67,4.23,20.13,39.6,30.34,44.14,36.55,55.17
2025-12-11,14,11,2025-12-11 13:38:00,5,サンマックアワライズ杯競走,6,4197,渥美 卓郎,3,43,53.6,0,0,0.18,3.16,6.33,20.25,4.52,13.04,43.48,28.26,44.93,37.84,55.41
2025-12-11,14,12,2025-12-11 14:13:00,5,サンマックアワライズ杯競走,1,4477,篠崎 仁志,1,38,54.1,0,0,0.14,6.4,42.42,61.62,8.14,71.43,100,45.7,62.25,33.33,46.26
2025-12-11,14,12,2025-12-11 14:13:00,5,サンマックアワライズ杯競走,2,4694,高田 綾,3,40,45.5,0,0,0.18,4.7,25.58,44.19,0,0,0,32.62,49.65,30.87,46.98
2025-12-11,14,12,2025-12-11 14:13:00,5,サンマックアワライズ杯競走,3,4359,横川 聖志,3,41,55.4,0,0,0.13,5.4,38.27,50.62,5.45,34.25,53.42,46.1,69.5,33.56,51.68
2025-12-11,14,12,2025-12-11 14:13:00,5,サンマックアワライズ杯競走,4,4832,権藤 俊光,2,38,52,0,0,0.16,6.59,46.81,65.96,7.6,60,90,41.38,57.93,35.92,54.23
2025-12-11,14,12,2025-12-11 14:13:00,5,サンマックアワライズ杯競走,5,4936,戸敷 晃美,2,29,46.5,0,0,0.16,5.94,41.94,60.22,4.47,11.76,47.06,25.55,37.96,30.71,47.14
2025-12-11,14,12,2025-12-11 14:13:00,5,サンマックアワライズ杯競走,6,4861,田中 宏樹,3,37,51.5,0,0,0.17,4.68,28.42,44.21,0,0,0,33.1,47.59,46.04,62.59
2025-12-11,15,1,2025-12-11 15:17:00,5,トランスワードトロフィー2025,1,4020,川上 清人,3,45,63.3,0,0,0.17,3.59,13.51,28.38,4.14,20.48,33.73,35.09,54.39,32.32,50.51
2025-12-11,15,1,2025-12-11 15:17:00,5,トランスワードトロフィー2025,2,4550,石岡 将太,3,37,56,0,0,0.16,5.21,36.25,55,4.1,10,30,39.66,55.17,28.57,48.35
2025-12-11,15,1,2025-12-11 15:17:00,5,トランスワードトロフィー2025,3,3539,金子 順一,3,57,52,0,0,0.17,3.95,20.45,32.95,4.3,30.43,43.48,15.38,32.69,12.94,29.41
2025-12-11,15,1,2025-12-11 15:17:00,5,トランスワードトロフィー2025,4,4245,高橋 直哉,3,44,52.9,0,0,0.18,4.77,27.47,40.66,6.33,40,73.33,47.62,63.49,42.05,56.82
2025-12-11,15,1,2025-12-11 15:17:00,5,トランスワードトロフィー2025,5,5417,小柳 勝希,4,19,51.5,0,0,,1.95,1.72,6.9,0,0,0,39.06,60.94,39.18,58.76
2025-12-11,15,1,2025-12-11 15:17:00,5,トランスワードトロフィー2025,6,4894,原村 拓也,3,34,51.5,0,0,0.18,4.14,19.48,38.96,4.77,21.05,45.11,28.79,59.09,32.32,46.46
2025-12-11,15,2,2025-12-11 15:43:00,5,トランスワードトロフィー2025,1,3843,上之 晃弘,3,49,55,0,0,0.17,4.79,30.59,47.06,3.18,11.76,17.65,47.76,64.18,39,51
2025-12-11,15,2,2025-12-11 15:43:00,5,トランスワードトロフィー2025,2,4891,寺島 美里,3,36,46.5,0,0,0.16,4.25,18.18,38.96,5.32,31.58,57.89,41.54,55.38,26.8,41.24
2025-12-11,15,2,2025-12-11 15:43:00,5,トランスワードトロフィー2025,3,5328,井上 慧人,3,22,54.7,1,0,0.18,2.75,7.55,16.98,2.42,5.26,15.79,18.64,35.59,26.44,48.28
2025-12-11,15,2,2025-12-11 15:43:00,5,トランスワードトロフィー2025,4,3769,佐竹 恒彦,2,52,52,0,0,0.17,4.96,22.89,50.6,5.72,44.44,55.56,21.82,49.09,28.87,41.24
2025-12-11,15,2,2025-12-11 15:43:00,5,トランスワードトロフィー2025,5,4090,中村 尊,2,45,54.6,1,0,0.13,6.52,51.61,66.67,6.43,39.13,69.57,26.87,40.3,24.73,44.09
2025-12-11,15,2,2025-12-11 15:43:00,5,トランスワードトロフィー2025,6,3532,柴田 光,1,54,52,1,0,0.16,6.64,47.22,68.52,7,83.33,83.33,50.79,68.25,29.47,43.16
2025-12-11,15,3,2025-12-11 16:08:00,5,トランスワードトロフィー2025,1,3871,池田 紫乃,3,50,44.5,0,0,0.18,4.62,26.23,37.7,4.67,20.83,45.83,34.92,49.21,40,60
2025-12-11,15,3,2025-12-11 16:08:00,5,トランスワードトロフィー2025,2,3509,池 千夏,3,54,51.8,0,0,0.15,4.02,17.65,31.37,4.62,26.47,42.65,22.41,43.1,37.89,55.79
2025-12-11,15,3,2025-12-11 16:08:00,5,トランスワードトロフィー2025,3,4017,向井 美鈴,2,45,45.5,0,0,0.17,5.31,36.14,46.99,4.44,20,36,43.75,54.69,39.39,56.57
2025-12-11,15,3,2025-12-11 16:08:00,5,トランスワードトロフィー2025,4,5146,野田 彩加,3,22,49.3,0,0,0.17,5.05,26.92,48.72,0,0,0,33.33,50.79,32.29,50
2025-12-11,15,3,2025-12-11 16:08:00,5,トランスワードトロフィー2025,5,3551,藤田 美代,3,54,45.5,0,0,0.18,4.45,23.19,40.58,3.9,0,10,37.68,65.22,22.47,40.45
2025-12-11,15,3,2025-12-11 16:08:00,5,トランスワードトロフィー2025,6,4433,川野 芽唯,1,39,46.5,0,0,0.18,6.98,50,73.33,6.45,41.94,70.97,53.97,71.43,31.91,51.06
2025-12-11,15,4,2025-12-11 16:35:00,5,トランスワードトロフィー2025,1,4691,水原 慎,3,42,50.5,0,0,0.17,4.76,23.96,45.83,5.71,50,57.14,29.85,43.28,40.59,54.46
2025-12-11,15,4,2025-12-11 16:35:00,5,トランスワードトロフィー2025,2,5263,花田 凱成,4,27,52,0,0,0.19,3.69,13.86,30.69,2,0,0,43.55,61.29,40.4,58.59
2025-12-11,15,4,2025-12-11 16:35:00,5,トランスワードトロフィー2025,3,4625,渡邊 裕貴,3,39,52,0,0,0.15,4.39,25.56,36.67,4.67,22.22,40.74,41.94,61.29,31.25,51.04
2025-12-11,15,4,2025-12-11 16:35:00,5,トランスワードトロフィー2025,4,5089,前田 翔,1,25,52,0,0,0.16,6.92,57.25,73.28,6.95,47.62,76.19,41.27,53.97,30.85,47.87
2025-12-11,15,4,2025-12-11 16:35:00,5,トランスワードトロフィー2025,5,4210,松村 康太,2,42,52.2,0,0,0.19,5.1,30.68,50,5.29,33.33,57.14,48.48,63.64,30.53,47.37
2025-12-11,15,4,2025-12-11 16:35:00,5,トランスワードトロフィー2025,6,4191,赤羽 克也,2,44,53.6,0,0,0.18,5.74,39.64,59.46,5.3,40,50,45.31,51.56,30.77,43.96
2025-12-11,15,5,2025-12-11 17:02:00,5,トランスワードトロフィー2025,1,4883,岡部 大輝,3,29,52,0,0,0.14,5.73,40.32,56.45,5.5,40,40,37.88,56.06,41.24,60.82
2025-12-11,15,5,2025-12-11 17:02:00,5,トランスワードトロフィー2025,2,4581,吉村 誠,2,36,52,0,0,0.14,6.27,45.45,61.36,5.76,35.29,64.71,26.56,50,43.75,59.38
2025-12-11,15,5,2025-12-11 17:02:00,5,トランスワードトロフィー2025,3,4389,伊藤 喜智,3,40,51.5,0,0,0.18,4.86,28.95,44.74,4.89,32.08,47.17,30.88,50,32.63,47.37
2025-12-11,15,5,2025-12-11 17:02:00,5,トランスワードトロフィー2025,4,5282,中本 大樹,3,22,52,0,0,0.19,3.5,15.12,24.42,2.88,12.5,12.5,43.08,63.08,29.17,37.5
2025-12-11,15,5,2025-12-11 17:02:00,5,トランスワードトロフィー2025,5,4348,宮崎 奨,2,40,53.6,0,0,0.18,5.84,40.71,57.52,5.9,39.83,56.78,29.85,41.79,31.25,50
2025-12-11,15,5,2025-12-11 17:02:00,5,トランスワードトロフィー2025,6,4761,山田 晃大,1,35,52.1,0,0,0.13,5.3,28.44,52.29,7.37,52.63,84.21,27.69,41.54,32,51
2025-12-11,15,6,2025-12-11 17:29:00,5,トランスワードトロフィー2025,1,4797,中山 将,2,33,52.7,0,0,0.15,6.26,45.45,60,0,0,0,18.33,38.33,21.98,34.07
2025-12-11,15,6,2025-12-11 17:29:00,5,トランスワードトロフィー2025,2,5335,森 陽多,3,20,47,0,0,0.19,2.8,13.1,20.24,2.95,10.53,26.32,39.68,60.32,33.33,46.46
2025-12-11,15,6,2025-12-11 17:29:00,5,トランスワードトロフィー2025,3,3997,北村 征嗣,1,46,52.1,0,0,0.15,6.64,47.14,72.86,7.04,54.17,69.44,38.46,56.92,21.98,36.26
2025-12-11,15,6,2025-12-11 17:29:00,5,トランスワードトロフィー2025,4,5214,田中 宏典,3,26,53.2,0,0,0.2,5.3,26.14,54.55,2.21,0,8.82,41.54,66.15,38.14,54.64
2025-12-11,15,6,2025-12-11 17:29:00,5,トランスワードトロフィー2025,5,4055,吉田 俊彦,2,47,52,0,0,0.15,6.91,56.03,72.41,5.91,42.42,57.58,39.06,46.88,27.66,42.55
2025-12-11,15,6,2025-12-11 17:29:00,5,トランスワードトロフィー2025,6,3690,河合 三弘,3,55,52.3,0,0,0.18,4.38,24.47,34.04,6.31,42.31,69.23,31.75,49.21,33.33,54.55
2025-12-11,15,7,2025-12-11 17:57:00,5,トランスワードトロフィー2025,1,3362,間嶋 仁志,2,56,54.2,0,0,0.19,6.12,47.83,59.13,6.32,47.17,66.04,20,40,36.17,53.19
2025-12-11,15,7,2025-12-11 17:57:00,5,トランスワードトロフィー2025,2,4002,古結 宏,1,48,53.4,0,0,0.14,6.47,44.55,72.28,7.5,60,70,46.77,69.35,43.88,64.29
2025-12-11,15,7,2025-12-11 17:57:00,5,トランスワードトロフィー2025,3,3837,秋山 広一,2,50,52.1,0,0,0.15,5.79,39.58,60.42,6.16,42.47,62.33,48.48,71.21,38.38,56.57
2025-12-11,15,7,2025-12-11 17:57:00,5,トランスワードトロフィー2025,4,4550,石岡 将太,3,37,56,0,0,0.16,5.21,36.25,55,4.1,10,30,39.66,55.17,28.57,48.35
2025-12-11,15,7,2025-12-11 17:57:00,5,トランスワードトロフィー2025,5,4891,寺島 美里,3,36,46.5,0,0,0.16,4.25,18.18,38.96,5.32,31.58,57.89,41.54,55.38,26.8,41.24
2025-12-11,15,7,2025-12-11 17:57:00,5,トランスワードトロフィー2025,6,4158,木場 雄二郎,3,44,56.2,0,0,0.19,4.69,32.56,43.02,4.85,35,45,35.48,50,45.45,64.65
2025-12-11,15,8,2025-12-11 18:25:00,5,トランスワードトロフィー2025,1,4174,赤坂 俊輔,1,43,52,0,0,0.15,6.49,44.63,67.77,6.37,44.44,62.96,15.52,27.59,26.09,41.3
2025-12-11,15,8,2025-12-11 18:25:00,5,トランスワードトロフィー2025,2,3769,佐竹 恒彦,2,52,52,0,0,0.17,4.96,22.89,50.6,5.72,44.44,55.56,21.82,49.09,28.87,41.24
2025-12-11,15,8,2025-12-11 18:25:00,5,トランスワードトロフィー2025,3,5047,國分 将太郎,3,31,53.3,0,0,0.17,4.71,27.59,44.83,5.25,37.5,50,36.36,48.48,38.61,58.42
2025-12-11,15,8,2025-12-11 18:25:00,5,トランスワードトロフィー2025,4,4319,三宅 潤,2,40,54.3,0,0,0.16,5.93,40.16,59.84,6.38,44.83,75.86,58.46,70.77,29.21,49.44
2025-12-11,15,8,2025-12-11 18:25:00,5,トランスワードトロフィー2025,5,5146,野田 彩加,3,22,49.3,0,0,0.17,5.05,26.92,48.72,0,0,0,33.33,50.79,32.29,50
2025-12-11,15,8,2025-12-11 18:25:00,5,トランスワードトロフィー2025,6,5417,小柳 勝希,4,19,51.5,0,0,,1.95,1.72,6.9,0,0,0,39.06,60.94,39.18,58.76
2025-12-11,15,9,2025-12-11 18:54:00,5,トランスワードトロフィー2025,1,4090,中村 尊,2,45,54.6,1,0,0.13,6.52,51.61,66.67,6.43,39.13,69.57,26.87,40.3,24.73,44.09
2025-12-11,15,9,2025-12-11 18:54:00,5,トランスワードトロフィー2025,2,4210,松村 康太,2,42,52.2,0,0,0.19,5.1,30.68,50,5.29,33.33,57.14,48.48,63.64,30.53,47.37
2025-12-11,15,9,2025-12-11 18:54:00,5,トランスワードトロフィー2025,3,4581,吉村 誠,2,36,52,0,0,0.14,6.27,45.45,61.36,5.76,35.29,64.71,26.56,50,43.75,59.38
2025-12-11,15,9,2025-12-11 18:54:00,5,トランスワードトロフィー2025,4,5307,富永 夏哉人,3,22,51,0,0,0.18,4.9,28.09,47.19,3.42,10.53,26.32,21.43,30.36,38.14,57.73
2025-12-11,15,9,2025-12-11 18:54:00,5,トランスワードトロフィー2025,5,4894,原村 拓也,3,34,51.5,0,0,0.18,4.14,19.48,38.96,4.77,21.05,45.11,28.79,59.09,32.32,46.46
2025-12-11,15,9,2025-12-11 18:54:00,5,トランスワードトロフィー2025,6,3551,藤田 美代,3,54,45.5,0,0,0.18,4.45,23.19,40.58,3.9,0,10,37.68,65.22,22.47,40.45
2025-12-11,15,10,2025-12-11 19:24:00,5,トランスワードトロフィー2025,1,4348,宮崎 奨,2,40,53.6,0,0,0.18,5.84,40.71,57.52,5.9,39.83,56.78,29.85,41.79,31.25,50
2025-12-11,15,10,2025-12-11 19:24:00,5,トランスワードトロフィー2025,2,4191,赤羽 克也,2,44,53.6,0,0,0.18,5.74,39.64,59.46,5.3,40,50,45.31,51.56,30.77,43.96
2025-12-11,15,10,2025-12-11 19:24:00,5,トランスワードトロフィー2025,3,3871,池田 紫乃,3,50,44.5,0,0,0.18,4.62,26.23,37.7,4.67,20.83,45.83,34.92,49.21,40,60
2025-12-11,15,10,2025-12-11 19:24:00,5,トランスワードトロフィー2025,4,4797,中山 将,2,33,52.7,0,0,0.15,6.26,45.45,60,0,0,0,18.33,38.33,21.98,34.07
2025-12-11,15,10,2025-12-11 19:24:00,5,トランスワードトロフィー2025,5,5328,井上 慧人,3,22,54.7,1,0,0.18,2.75,7.55,16.98,2.42,5.26,15.79,18.64,35.59,26.44,48.28
2025-12-11,15,10,2025-12-11 19:24:00,5,トランスワードトロフィー2025,6,4245,高橋 直哉,3,44,52.9,0,0,0.18,4.77,27.47,40.66,6.33,40,73.33,47.62,63.49,42.05,56.82
2025-12-11,15,11,2025-12-11 19:55:00,5,トランスワードトロフィー2025,1,5089,前田 翔,1,25,52,0,0,0.16,6.92,57.25,73.28,6.95,47.62,76.19,41.27,53.97,30.85,47.87
2025-12-11,15,11,2025-12-11 19:55:00,5,トランスワードトロフィー2025,2,4055,吉田 俊彦,2,47,52,0,0,0.15,6.91,56.03,72.41,5.91,42.42,57.58,39.06,46.88,27.66,42.55
2025-12-11,15,11,2025-12-11 19:55:00,5,トランスワードトロフィー2025,3,3843,上之 晃弘,3,49,55,0,0,0.17,4.79,30.59,47.06,3.18,11.76,17.65,47.76,64.18,39,51
2025-12-11,15,11,2025-12-11 19:55:00,5,トランスワードトロフィー2025,4,4883,岡部 大輝,3,29,52,0,0,0.14,5.73,40.32,56.45,5.5,40,40,37.88,56.06,41.24,60.82
2025-12-11,15,11,2025-12-11 19:55:00,5,トランスワードトロフィー2025,5,3837,秋山 広一,2,50,52.1,0,0,0.15,5.79,39.58,60.42,6.16,42.47,62.33,48.48,71.21,38.38,56.57
2025-12-11,15,11,2025-12-11 19:55:00,5,トランスワードトロフィー2025,6,4017,向井 美鈴,2,45,45.5,0,0,0.17,5.31,36.14,46.99,4.44,20,36,43.75,54.69,39.39,56.57
2025-12-11,15,12,2025-12-11 20:30:00,5,トランスワードトロフィー2025,1,3997,北村 征嗣,1,46,52.1,0,0,0.15,6.64,47.14,72.86,7.04,54.17,69.44,38.46,56.92,21.98,36.26
2025-12-11,15,12,2025-12-11 20:30:00,5,トランスワードトロフィー2025,2,4433,川野 芽唯,1,39,46.5,0,0,0.18,6.98,50,73.33,6.45,41.94,70.97,53.97,71.43,31.91,51.06
2025-12-11,15,12,2025-12-11 20:30:00,5,トランスワードトロフィー2025,3,3532,柴田 光,1,54,52,1,0,0.16,6.64,47.22,68.52,7,83.33,83.33,50.79,68.25,29.47,43.16
2025-12-11,15,12,2025-12-11 20:30:00,5,トランスワードトロフィー2025,4,4174,赤坂 俊輔,1,43,52,0,0,0.15,6.49,44.63,67.77,6.37,44.44,62.96,15.52,27.59,26.09,41.3
2025-12-11,15,12,2025-12-11 20:30:00,5,トランスワードトロフィー2025,5,4761,山田 晃大,1,35,52.1,0,0,0.13,5.3,28.44,52.29,7.37,52.63,84.21,27.69,41.54,32,51
2025-12-11,15,12,2025-12-11 20:30:00,5,トランスワードトロフィー2025,6,4002,古結 宏,1,48,53.4,0,0,0.14,6.47,44.55,72.28,7.5,60,70,46.77,69.35,43.88,64.29
2025-12-11,17,1,2025-12-11 10:16:00,5,BTS呉開設33周年記念富士通フロンテックカップ,1,5111,三村 岳人,2,26,51.5,0,0,0.16,3.71,21.43,32.14,5.7,40,55,32.43,45.95,39.22,60.78
2025-12-11,17,1,2025-12-11 10:16:00,5,BTS呉開設33周年記念富士通フロンテックカップ,2,5219,森口 和紀,4,25,52,0,0,0.17,4.63,25.49,43.14,6.3,50,70,25.53,46.81,40,47.5
2025-12-11,17,1,2025-12-11 10:16:00,5,BTS呉開設33周年記念富士通フロンテックカップ,3,5127,沼田 大都,3,29,52,0,0,0.19,4.82,21.59,47.73,4.5,25,39.29,31.58,36.84,29.27,46.34
2025-12-11,17,1,2025-12-11 10:16:00,5,BTS呉開設33周年記念富士通フロンテックカップ,4,3212,亀本 勇樹,3,63,58.2,0,0,0.17,4.68,23.81,36.51,4.8,28.13,39.58,19.44,33.33,31.58,44.74
2025-12-11,17,1,2025-12-11 10:16:00,5,BTS呉開設33周年記念富士通フロンテックカップ,5,3775,泉 啓文,3,51,58.4,0,0,0.18,3.99,14.74,31.58,4.79,32.14,50,5.41,16.22,15.38,23.08
2025-12-11,17,1,2025-12-11 10:16:00,5,BTS呉開設33周年記念富士通フロンテックカップ,6,4714,喜多須 杏奈,3,35,49.1,0,0,0.18,5.09,31.71,51.22,5,23.21,48.21,31.58,57.89,18.75,31.25
2025-12-11,17,2,2025-12-11 10:46:00,5,BTS呉開設33周年記念富士通フロンテックカップ,1,4409,坂元 浩仁,2,39,54,0,0,0.14,6.27,50.89,64.29,5.2,30,40,15.79,28.95,38.3,51.06
2025-12-11,17,2,2025-12-11 10:46:00,5,BTS呉開設33周年記念富士通フロンテックカップ,2,4779,伊倉 光,3,39,52.1,0,0,0.16,4.48,21.92,39.73,5.63,37.5,62.5,50,60.53,29.41,41.18
2025-12-11,17,2,2025-12-11 10:46:00,5,BTS呉開設33周年記念富士通フロンテックカップ,3,4596,葛原 大陽,1,42,52.2,0,0,0.16,6.54,46.36,71.82,6.3,45,65,27.03,40.54,34.09,45.45
2025-12-11,17,2,2025-12-11 10:46:00,5,BTS呉開設33周年記念富士通フロンテックカップ,4,3455,谷本 幸司,3,54,51.5,0,0,0.18,5.04,29.27,50,5.32,39.29,60.71,60.98,78.05,42.86,69.39
2025-12-11,17,2,2025-12-11 10:46:00,5,BTS呉開設33周年記念富士通フロンテックカップ,5,4776,竹田 和哉,1,31,52.5,0,0,0.17,6.86,48.78,72.36,6,33.33,66.67,38.46,53.85,39.58,50
2025-12-11,17,2,2025-12-11 10:46:00,5,BTS呉開設33周年記念富士通フロンテックカップ,6,4113,木村 浩士,3,45,55.9,0,0,0.19,5.4,35.96,51.69,5.73,36.36,63.64,29.79,59.57,29.55,54.55
2025-12-11,17,3,2025-12-11 11:13:00,5,BTS呉開設33周年記念富士通フロンテックカップ,1,4145,小澤 学,3,44,52.7,0,0,0.26,3.96,13.1,30.95,3.32,5.26,26.32,29.73,40.54,29.03,41.94
2025-12-11,17,3,2025-12-11 11:13:00,5,BTS呉開設33周年記念富士通フロンテックカップ,2,4600,井内 将太郎,2,40,52.2,0,0,0.13,5.73,35.16,57.14,6.88,51.92,71.15,28.21,38.46,32.69,53.85
2025-12-11,17,3,2025-12-11 11:13:00,5,BTS呉開設33周年記念富士通フロンテックカップ,3,5248,本田 愛,3,23,47,0,0,0.18,4.11,22.73,39.39,0,0,0,20,45.71,26.83,39.02
2025-12-11,17,3,2025-12-11 11:13:00,5,BTS呉開設33周年記念富士通フロンテックカップ,4,4711,前出 達吉,2,35,51.5,0,0,0.14,5.38,34.88,53.49,4.39,17.86,42.86,22.5,37.5,43.9,60.98
2025-12-11,17,3,2025-12-11 11:13:00,5,BTS呉開設33周年記念富士通フロンテックカップ,5,5078,山川 波乙,3,28,46,0,0,0.2,4.28,24.36,38.46,0,0,0,54.76,69.05,21.62,40.54
2025-12-11,17,3,2025-12-11 11:13:00,5,BTS呉開設33周年記念富士通フロンテックカップ,6,4124,池田 雄一,1,43,52,0,0,0.16,6.31,47.12,67.31,6.37,51.85,66.67,43.59,58.97,26.32,50
2025-12-11,17,4,2025-12-11 11:40:00,5,BTS呉開設33周年記念富士通フロンテックカップ,1,5074,大澤 誠也,3,30,55.2,0,0,0.18,4.29,20.78,41.56,6.86,42.86,85.71,50,71.43,22.22,31.11
2025-12-11,17,4,2025-12-11 11:40:00,5,BTS呉開設33周年記念富士通フロンテックカップ,2,4560,庄司 樹良々,1,34,52.5,0,0,0.14,5.36,31.33,53.01,4.89,22.22,55.56,31.43,54.29,41.86,55.81
2025-12-11,17,4,2025-12-11 11:40:00,5,BTS呉開設33周年記念富士通フロンテックカップ,3,5109,川崎 智稔,3,26,52,0,0,0.14,4.68,25.27,47.25,5.47,34.04,53.19,24.32,35.14,32.65,55.1
2025-12-11,17,4,2025-12-11 11:40:00,5,BTS呉開設33周年記念富士通フロンテックカップ,4,4588,田中 京介,2,34,54.3,0,0,0.16,5.72,37.19,57.85,3,0,27.27,17.5,55,10.34,37.93
2025-12-11,17,4,2025-12-11 11:40:00,5,BTS呉開設33周年記念富士通フロンテックカップ,5,4724,吉田 祐貴,3,39,53.2,0,0,0.2,2.65,3.85,19.23,3.33,0,22.22,56.1,70.73,47.5,65
2025-12-11,17,4,2025-12-11 11:40:00,5,BTS呉開設33周年記念富士通フロンテックカップ,6,4246,喜多 那由夏,3,43,48.9,0,0,0.18,4.25,26.67,40,0,0,0,47.5,70,31.25,52.08
2025-12-11,17,5,2025-12-11 12:04:00,5,BTS呉開設33周年記念富士通フロンテックカップ,1,5079,大石 真央,3,27,45,0,0,0.2,4.44,23.81,39.68,4.67,22.22,44.44,31.11,37.78,33.33,45.24
2025-12-11,17,5,2025-12-11 12:04:00,5,BTS呉開設33周年記念富士通フロンテックカップ,2,3543,福田 雅一,2,57,54.1,0,0,0.16,5.06,29.69,48.44,5.39,33.33,52.78,35,50,14.29,28.57
2025-12-11,17,5,2025-12-11 12:04:00,5,BTS呉開設33周年記念富士通フロンテックカップ,3,3988,古川 誠之,2,47,54.7,0,0,0.16,5.88,42.31,59.62,4.94,27.78,38.89,47.37,57.89,27.78,44.44
2025-12-11,17,5,2025-12-11 12:04:00,5,BTS呉開設33周年記念富士通フロンテックカップ,4,4394,永嶋 裕一,3,39,52.2,0,0,0.17,6.05,34.88,63.95,5.67,38.1,61.9,45.24,50,33.33,53.33
2025-12-11,17,5,2025-12-11 12:04:00,5,BTS呉開設33周年記念富士通フロンテックカップ,5,4905,土井 祥伍,3,31,53.3,0,0,0.19,3.58,13.7,26.03,4.42,23.08,42.31,16.22,43.24,47.5,62.5
2025-12-11,17,5,2025-12-11 12:04:00,5,BTS呉開設33周年記念富士通フロンテックカップ,6,3556,田中 信一郎,1,53,53.2,0,0,0.15,6.63,50,68.55,7.47,56.25,81.25,34.21,47.37,35.71,53.57
2025-12-11,17,6,2025-12-11 12:36:00,5,BTS呉開設33周年記念富士通フロンテックカップ,1,4529,嶋 義信,2,37,54.8,0,0,0.14,5.82,34.69,57.14,6.37,46.51,74.42,23.68,44.74,33.33,52.38
2025-12-11,17,6,2025-12-11 12:36:00,5,BTS呉開設33周年記念富士通フロンテックカップ,2,4714,喜多須 杏奈,3,35,49.1,0,0,0.18,5.09,31.71,51.22,5,23.21,48.21,31.58,57.89,18.75,31.25
2025-12-11,17,6,2025-12-11 12:36:00,5,BTS呉開設33周年記念富士通フロンテックカップ,3,4073,大橋 純一郎,2,44,52.1,0,0,0.14,6.2,40,69.17,6.79,59.52,66.67,35,47.5,20.69,27.59
2025-12-11,17,6,2025-12-11 12:36:00,5,BTS呉開設33周年記念富士通フロンテックカップ,4,3514,山一 鉄也,4,58,52,0,0,0.16,6.02,46.34,54.88,5.33,36.73,48.98,28.26,39.13,39.58,64.58
2025-12-11,17,6,2025-12-11 12:36:00,5,BTS呉開設33周年記念富士通フロンテックカップ,5,4079,出畑 孝典,2,46,51,0,0,0.16,5.96,40.71,62.83,6.02,47.62,66.67,25,37.5,28.21,48.72
2025-12-11,17,6,2025-12-11 12:36:00,5,BTS呉開設33周年記念富士通フロンテックカップ,6,5170,佐藤 太亮,3,24,51,0,0,0.16,4.17,21.13,38.03,2.88,8.33,16.67,47.62,64.29,33.33,58.33
2025-12-11,17,7,2025-12-11 13:01:00,5,BTS呉開設33周年記念富士通フロンテックカップ,1,3212,亀本 勇樹,3,63,58.2,0,0,0.17,4.68,23.81,36.51,4.8,28.13,39.58,19.44,33.33,31.58,44.74
2025-12-11,17,7,2025-12-11 13:01:00,5,BTS呉開設33周年記念富士通フロンテックカップ,2,4313,西村 美智子,4,41,48.6,0,0,,6.06,43.75,68.75,6.43,42.86,57.14,51.22,68.29,42.55,48.94
2025-12-11,17,7,2025-12-11 13:01:00,5,BTS呉開設33周年記念富士通フロンテックカップ,3,3615,横田 茂,3,52,52,0,0,0.15,4.79,31.46,44.94,4.89,31.62,41.88,16.22,35.14,41.67,58.33
2025-12-11,17,7,2025-12-11 13:01:00,5,BTS呉開設33周年記念富士通フロンテックカップ,4,4113,木村 浩士,3,45,55.9,0,0,0.19,5.4,35.96,51.69,5.73,36.36,63.64,29.79,59.57,29.55,54.55
2025-12-11,17,7,2025-12-11 13:01:00,5,BTS呉開設33周年記念富士通フロンテックカップ,5,4145,小澤 学,3,44,52.7,0,0,0.26,3.96,13.1,30.95,3.32,5.26,26.32,29.73,40.54,29.03,41.94
2025-12-11,17,7,2025-12-11 13:01:00,5,BTS呉開設33周年記念富士通フロンテックカップ,6,5270,小玉 啓太,3,24,52,0,0,0.16,4.39,21.43,40,2.76,11.76,11.76,41.03,58.97,32.65,51.02
2025-12-11,17,8,2025-12-11 13:28:00,5,BTS呉開設33周年記念富士通フロンテックカップ,1,4711,前出 達吉,2,35,51.5,0,0,0.14,5.38,34.88,53.49,4.39,17.86,42.86,22.5,37.5,43.9,60.98
2025-12-11,17,8,2025-12-11 13:28:00,5,BTS呉開設33周年記念富士通フロンテックカップ,2,4724,吉田 祐貴,3,39,53.2,0,0,0.2,2.65,3.85,19.23,3.33,0,22.22,56.1,70.73,47.5,65
2025-12-11,17,8,2025-12-11 13:28:00,5,BTS呉開設33周年記念富士通フロンテックカップ,3,3455,谷本 幸司,3,54,51.5,0,0,0.18,5.04,29.27,50,5.32,39.29,60.71,60.98,78.05,42.86,69.39
2025-12-11,17,8,2025-12-11 13:28:00,5,BTS呉開設33周年記念富士通フロンテックカップ,4,5219,森口 和紀,4,25,52,0,0,0.17,4.63,25.49,43.14,6.3,50,70,25.53,46.81,40,47.5
2025-12-11,17,8,2025-12-11 13:28:00,5,BTS呉開設33周年記念富士通フロンテックカップ,5,4233,亀山 雅幸,2,42,52,0,0,0.17,5.54,37.08,58.43,4.96,32.14,53.57,35,47.5,10,33.33
2025-12-11,17,8,2025-12-11 13:28:00,5,BTS呉開設33周年記念富士通フロンテックカップ,6,4300,加藤 綾,3,42,49.5,0,0,0.21,4.25,23.44,31.25,5.16,32.26,48.39,29.73,48.65,32.65,44.9
2025-12-11,17,9,2025-12-11 13:59:00,5,BTS呉開設33周年記念富士通フロンテックカップ,1,3775,泉 啓文,3,51,58.4,0,0,0.18,3.99,14.74,31.58,4.79,32.14,50,5.41,16.22,15.38,23.08
2025-12-11,17,9,2025-12-11 13:59:00,5,BTS呉開設33周年記念富士通フロンテックカップ,2,4394,永嶋 裕一,3,39,52.2,0,0,0.17,6.05,34.88,63.95,5.67,38.1,61.9,45.24,50,33.33,53.33
2025-12-11,17,9,2025-12-11 13:59:00,5,BTS呉開設33周年記念富士通フロンテックカップ,3,4600,井内 将太郎,2,40,52.2,0,0,0.13,5.73,35.16,57.14,6.88,51.92,71.15,28.21,38.46,32.69,53.85
2025-12-11,17,9,2025-12-11 13:59:00,5,BTS呉開設33周年記念富士通フロンテックカップ,4,4246,喜多 那由夏,3,43,48.9,0,0,0.18,4.25,26.67,40,0,0,0,47.5,70,31.25,52.08
2025-12-11,17,9,2025-12-11 13:59:00,5,BTS呉開設33周年記念富士通フロンテックカップ,5,3422,服部 幸男,1,54,54.7,0,0,0.15,6.9,57.39,66.96,4.5,20,40,19.15,46.81,29.17,54.17
2025-12-11,17,9,2025-12-11 13:59:00,5,BTS呉開設33周年記念富士通フロンテックカップ,6,4779,伊倉 光,3,39,52.1,0,0,0.16,4.48,21.92,39.73,5.63,37.5,62.5,50,60.53,29.41,41.18
2025-12-11,17,10,2025-12-11 14:23:00,5,BTS呉開設33周年記念富士通フロンテックカップ,1,5078,山川 波乙,3,28,46,0,0,0.2,4.28,24.36,38.46,0,0,0,54.76,69.05,21.62,40.54
2025-12-11,17,10,2025-12-11 14:23:00,5,BTS呉開設33周年記念富士通フロンテックカップ,2,3514,山一 鉄也,4,58,52,0,0,0.16,6.02,46.34,54.88,5.33,36.73,48.98,28.26,39.13,39.58,64.58
2025-12-11,17,10,2025-12-11 14:23:00,5,BTS呉開設33周年記念富士通フロンテックカップ,3,4409,坂元 浩仁,2,39,54.3,0,0,0.14,6.27,50.89,64.29,5.2,30,40,15.79,28.95,38.3,51.06
2025-12-11,17,10,2025-12-11 14:23:00,5,BTS呉開設33周年記念富士通フロンテックカップ,4,4905,土井 祥伍,3,31,54.1,0,0,0.19,3.58,13.7,26.03,4.42,23.08,42.31,16.22,43.24,47.5,62.5
2025-12-11,17,10,2025-12-11 14:23:00,5,BTS呉開設33周年記念富士通フロンテックカップ,5,4674,池田 剛規,2,38,51.5,0,0,0.16,5.71,37.72,59.65,6.11,48.15,55.56,31.58,44.74,28.21,43.59
2025-12-11,17,10,2025-12-11 14:23:00,5,BTS呉開設33周年記念富士通フロンテックカップ,6,5127,沼田 大都,3,29,51,0,0,0.19,4.82,21.59,47.73,4.5,25,39.29,31.58,36.84,29.27,46.34
2025-12-11,17,11,2025-12-11 14:57:00,5,BTS呉開設33周年記念富士通フロンテックカップ,1,4073,大橋 純一郎,2,44,52.1,0,0,0.14,6.2,40,69.17,6.79,59.52,66.67,35,47.5,20.69,27.59
2025-12-11,17,11,2025-12-11 14:57:00,5,BTS呉開設33周年記念富士通フロンテックカップ,2,3556,田中 信一郎,1,53,53.2,0,0,0.15,6.63,50,68.55,7.47,56.25,81.25,34.21,47.37,35.71,53.57
2025-12-11,17,11,2025-12-11 14:57:00,5,BTS呉開設33周年記念富士通フロンテックカップ,3,4776,竹田 和哉,1,31,52.5,0,0,0.17,6.86,48.78,72.36,6,33.33,66.67,38.46,53.85,39.58,50
2025-12-11,17,11,2025-12-11 14:57:00,5,BTS呉開設33周年記念富士通フロンテックカップ,4,4313,西村 美智子,4,41,48.6,0,0,,6.06,43.75,68.75,6.43,42.86,57.14,51.22,68.29,42.55,48.94
2025-12-11,17,11,2025-12-11 14:57:00,5,BTS呉開設33周年記念富士通フロンテックカップ,5,5111,三村 岳人,2,26,51.5,0,0,0.16,3.71,21.43,32.14,5.7,40,55,32.43,45.95,39.22,60.78
2025-12-11,17,11,2025-12-11 14:57:00,5,BTS呉開設33周年記念富士通フロンテックカップ,6,4588,田中 京介,2,34,54.3,0,0,0.16,5.72,37.19,57.85,3,0,27.27,17.5,55,10.34,37.93
2025-12-11,17,12,2025-12-11 15:25:00,5,BTS呉開設33周年記念富士通フロンテックカップ,1,4596,葛原 大陽,1,42,52.2,0,0,0.16,6.54,46.36,71.82,6.3,45,65,27.03,40.54,34.09,45.45
2025-12-11,17,12,2025-12-11 15:25:00,5,BTS呉開設33周年記念富士通フロンテックカップ,2,4233,亀山 雅幸,2,42,52,0,0,0.17,5.54,37.08,58.43,4.96,32.14,53.57,35,47.5,10,33.33
2025-12-11,17,12,2025-12-11 15:25:00,5,BTS呉開設33周年記念富士通フロンテックカップ,3,4124,池田 雄一,1,43,52,0,0,0.16,6.31,47.12,67.31,6.37,51.85,66.67,43.59,58.97,25.53,40.43
2025-12-11,17,12,2025-12-11 15:25:00,5,BTS呉開設33周年記念富士通フロンテックカップ,4,3988,古川 誠之,2,47,54.7,0,0,0.16,5.88,42.31,59.62,4.94,27.78,38.89,47.37,57.89,27.78,44.44
2025-12-11,17,12,2025-12-11 15:25:00,5,BTS呉開設33周年記念富士通フロンテックカップ,5,4529,嶋 義信,2,37,54.8,0,0,0.14,5.82,34.69,57.14,6.37,46.51,74.42,23.68,44.74,33.33,52.38
2025-12-11,17,12,2025-12-11 15:25:00,5,BTS呉開設33周年記念富士通フロンテックカップ,6,4560,庄司 樹良々,1,34,52.5,0,0,0.14,5.36,31.33,53.01,4.89,22.22,55.56,31.43,54.29,41.86,55.81
2025-12-11,19,1,2025-12-11 15:27:00,2,開設71周年記念 海響王決定戦,1,4739,中村 晃朋,1,34,51,0,0,0.15,6.6,45.45,62.81,6.92,55.26,73.68,29.08,44.68,34.53,46.04
2025-12-11,19,1,2025-12-11 15:27:00,2,開設71周年記念 海響王決定戦,2,4324,海野 康志郎,1,37,54.1,0,0,0.14,7.04,51.97,64.47,7.19,57.33,75.33,25.6,40.8,36.17,48.94
2025-12-11,19,1,2025-12-11 15:27:00,2,開設71周年記念 海響王決定戦,3,3654,武田 光史,1,52,52.3,0,0,0.17,6.33,50,65.38,0,0,0,40.88,52.55,37.59,51.06
2025-12-11,19,1,2025-12-11 15:27:00,2,開設71周年記念 海響王決定戦,4,5027,重冨 勇哉,3,29,54.4,0,0,0.16,4.81,26.97,44.94,5.15,33.9,48.31,26.77,47.24,27.27,39.16
2025-12-11,19,1,2025-12-11 15:27:00,2,開設71周年記念 海響王決定戦,5,5034,若林 義人,1,27,54.8,0,0,0.14,6.34,48.8,64.8,7.15,60.61,78.79,36.62,52.11,36.23,51.45
2025-12-11,19,1,2025-12-11 15:27:00,2,開設71周年記念 海響王決定戦,6,4290,稲田 浩二,1,40,52,0,0,0.13,6.35,38.82,55.29,4.89,22.22,22.22,36,58,37.32,62.68
2025-12-11,19,2,2025-12-11 15:56:00,2,開設71周年記念 海響王決定戦,1,4064,原田 篤志,1,46,52,0,0,0.17,7.6,63.56,83.05,6.77,51.9,67.62,45.04,67.94,46.76,64.03
2025-12-11,19,2,2025-12-11 15:56:00,2,開設71周年記念 海響王決定戦,2,3744,徳増 秀樹,1,51,54,0,0,0.13,6.14,44.14,57.66,6.65,48.98,69.39,38.36,58.22,36.96,52.17
2025-12-11,19,2,2025-12-11 15:56:00,2,開設71周年記念 海響王決定戦,3,4427,秦 英悟,1,40,52,0,0,0.14,7.36,53.85,69.23,0,0,0,30.2,45.64,34.53,53.24
2025-12-11,19,2,2025-12-11 15:56:00,2,開設71周年記念 海響王決定戦,4,4573,佐藤 翼,1,37,52,0,0,0.14,6.87,37,59,8.58,65.38,80.77,33.1,44.83,31.72,51.03
2025-12-11,19,2,2025-12-11 15:56:00,2,開設71周年記念 海響王決定戦,5,4397,西村 拓也,1,39,52.4,0,0,0.13,6.37,45.83,60.83,6.39,45.16,61.29,32.61,54.35,45.59,58.09
2025-12-11,19,2,2025-12-11 15:56:00,2,開設71周年記念 海響王決定戦,6,4028,田村 隆信,1,47,55.6,0,0,0.14,6.23,40,56.36,6.88,43.75,75,37.04,49.63,33.09,47.79
2025-12-11,19,3,2025-12-11 16:25:00,2,開設71周年記念 海響王決定戦,1,4237,大峯 豊,1,42,52,0,0,0.16,6.84,42.98,60.53,7.29,56.1,80.49,32.12,39.42,34.72,51.39
2025-12-11,19,3,2025-12-11 16:25:00,2,開設71周年記念 海響王決定戦,2,4686,丸野 一樹,1,34,53.2,0,0,0.16,7.16,42,62,7.16,52.63,68.42,27.5,40,30.34,44.14
2025-12-11,19,3,2025-12-11 16:25:00,2,開設71周年記念 海響王決定戦,3,4269,杉山 裕也,1,40,52.8,0,0,0.15,7.1,56.88,77.06,7.22,51.85,77.78,31.11,48.15,36.62,52.82
2025-12-11,19,3,2025-12-11 16:25:00,2,開設71周年記念 海響王決定戦,4,4886,入海 馨,1,29,52.9,0,0,0.15,7.56,57.26,77.42,7.44,61.11,66.67,34.29,47.14,30.88,47.06
2025-12-11,19,3,2025-12-11 16:25:00,2,開設71周年記念 海響王決定戦,5,4344,新田 雄史,1,40,52,0,0,0.14,7.55,51.49,67.33,7.15,57.5,75,46.53,64.58,37.93,55.17
2025-12-11,19,3,2025-12-11 16:25:00,2,開設71周年記念 海響王決定戦,6,4030,森高 一真,1,47,51,0,0,0.15,6.29,35.04,54.7,5.74,26.09,34.78,32.41,48.97,30.77,44.06
2025-12-11,19,4,2025-12-11 16:53:00,2,開設71周年記念 海響王決定戦,1,5016,宮田 龍馬,1,27,52,0,0,0.14,6.74,48.18,70,6.48,38.1,71.43,36.36,55.24,36.23,52.17
2025-12-11,19,4,2025-12-11 16:53:00,2,開設71周年記念 海響王決定戦,2,4482,守屋 美穂,1,36,45.5,0,0,0.15,6.61,47.62,62.7,6.9,60,75,27.45,39.87,35.25,50.36
2025-12-11,19,4,2025-12-11 16:53:00,2,開設71周年記念 海響王決定戦,3,4262,馬場 貴也,1,41,52.1,0,0,0.15,8.06,58.1,69.52,6.69,34.62,46.15,34.48,55.86,35,50.71
2025-12-11,19,4,2025-12-11 16:53:00,2,開設71周年記念 海響王決定戦,4,4985,井本 昌也,1,28,52,0,0,0.15,6.68,50,68.42,6.84,52.03,70.27,44.03,59.7,31.21,51.06
2025-12-11,19,4,2025-12-11 16:53:00,2,開設71周年記念 海響王決定戦,5,4961,西橋 奈未,1,29,47,0,0,0.15,7.08,54.05,66.67,6.86,46.43,64.29,30.2,44.97,33.33,55.07
2025-12-11,19,4,2025-12-11 16:53:00,2,開設71周年記念 海響王決定戦,6,4928,栗城 匠,1,30,52.2,0,0,0.17,6.77,50.54,70.97,6.79,48.48,63.64,36.62,54.23,32.62,51.06
2025-12-11,19,5,2025-12-11 17:20:00,2,開設71周年記念 海響王決定戦,1,4539,金子 賢志,1,35,52,0,0,0.13,5.96,45.36,56.7,5.95,45.24,59.52,41.78,50.68,33.33,49.31
2025-12-11,19,5,2025-12-11 17:20:00,2,開設71周年記念 海響王決定戦,2,5142,常住 蓮,1,24,51.5,1,0,0.13,7.37,61.43,79.29,6.89,50,67.86,35.25,47.48,30.77,55.94
2025-12-11,19,5,2025-12-11 17:20:00,2,開設71周年記念 海響王決定戦,3,5027,重冨 勇哉,3,29,54.4,0,0,0.16,4.81,26.97,44.94,5.15,33.9,48.31,26.77,47.24,27.27,39.16
2025-12-11,19,5,2025-12-11 17:20:00,2,開設71周年記念 海響王決定戦,4,3415,松井 繁,1,56,52,0,0,0.16,6.59,33,57,7.47,47.06,64.71,31.25,55,37.14,57.86
2025-12-11,19,5,2025-12-11 17:20:00,2,開設71周年記念 海響王決定戦,5,4502,遠藤 エミ,1,37,44.5,0,0,0.14,7.93,59.81,79.44,8.47,60,80,35.21,49.3,33.81,52.52
2025-12-11,19,5,2025-12-11 17:20:00,2,開設71周年記念 海響王決定戦,6,4739,中村 晃朋,1,34,51,0,0,0.15,6.6,45.45,62.81,6.92,55.26,73.68,29.08,44.68,34.53,46.04
2025-12-11,19,6,2025-12-11 17:47:00,2,開設71周年記念 海響王決定戦,1,4571,菅 章哉,1,37,52.2,0,0,0.17,6.48,42.7,49.44,6,39.02,56.1,34.33,45.52,35.71,57.14
2025-12-11,19,6,2025-12-11 17:47:00,2,開設71周年記念 海響王決定戦,2,4290,稲田 浩二,1,40,52,0,0,0.13,6.35,38.82,55.29,4.89,22.22,22.22,36,58,37.32,62.68
2025-12-11,19,6,2025-12-11 17:47:00,2,開設71周年記念 海響王決定戦,3,5034,若林 義人,1,27,54.8,0,0,0.14,6.34,48.8,64.8,7.15,60.61,78.79,36.62,52.11,36.23,51.45
2025-12-11,19,6,2025-12-11 17:47:00,2,開設71周年記念 海響王決定戦,4,4427,秦 英悟,1,40,52,0,0,0.14,7.36,53.85,69.23,0,0,0,30.2,45.64,34.53,53.24
2025-12-11,19,6,2025-12-11 17:47:00,2,開設71周年記念 海響王決定戦,5,3654,武田 光史,1,52,52.3,0,0,0.17,6.33,50,65.38,0,0,0,40.88,52.55,37.59,51.06
2025-12-11,19,6,2025-12-11 17:47:00,2,開設71周年記念 海響王決定戦,6,3744,徳増 秀樹,1,51,54,0,0,0.13,6.14,44.14,57.66,6.65,48.98,69.39,38.36,58.22,36.96,52.17
2025-12-11,19,7,2025-12-11 18:15:00,2,開設71周年記念 海響王決定戦,1,4503,上野 真之介,1,37,52,0,0,0.12,7.11,49.14,68.1,7.15,53.85,61.54,33.8,59.15,28.47,45.14
2025-12-11,19,7,2025-12-11 18:15:00,2,開設71周年記念 海響王決定戦,2,4397,西村 拓也,1,39,52.4,0,0,0.13,6.37,45.83,60.83,6.39,45.16,61.29,32.61,54.35,45.59,58.09
2025-12-11,19,7,2025-12-11 18:15:00,2,開設71周年記念 海響王決定戦,3,4028,田村 隆信,1,47,55.6,0,0,0.14,6.23,40,56.36,6.88,43.75,75,37.04,49.63,33.09,47.79
2025-12-11,19,7,2025-12-11 18:15:00,2,開設71周年記念 海響王決定戦,4,4324,海野 康志郎,1,37,54.1,0,0,0.14,7.04,51.97,64.47,7.19,57.33,75.33,25.6,40.8,36.17,48.94
2025-12-11,19,7,2025-12-11 18:15:00,2,開設71周年記念 海響王決定戦,5,4686,丸野 一樹,1,34,53.2,0,0,0.16,7.16,42,62,7.16,52.63,68.42,27.5,40,30.34,44.14
2025-12-11,19,7,2025-12-11 18:15:00,2,開設71周年記念 海響王決定戦,6,4269,杉山 裕也,1,40,52.8,0,0,0.15,7.1,56.88,77.06,7.22,51.85,77.78,31.11,48.15,36.62,52.82
2025-12-11,19,8,2025-12-11 18:43:00,2,開設71周年記念 海響王決定戦,1,4573,佐藤 翼,1,37,52,0,0,0.14,6.87,37,59,8.58,65.38,80.77,33.1,44.83,31.72,51.03
2025-12-11,19,8,2025-12-11 18:43:00,2,開設71周年記念 海響王決定戦,2,4886,入海 馨,1,29,52.9,0,0,0.15,7.56,57.26,77.42,7.44,61.11,66.67,34.29,47.14,30.88,47.06
2025-12-11,19,8,2025-12-11 18:43:00,2,開設71周年記念 海響王決定戦,3,4344,新田 雄史,1,40,52,0,0,0.14,7.55,51.49,67.33,7.15,57.5,75,46.53,64.58,37.93,55.17
2025-12-11,19,8,2025-12-11 18:43:00,2,開設71周年記念 海響王決定戦,4,5016,宮田 龍馬,1,27,52,0,0,0.14,6.74,48.18,70,6.48,38.1,71.43,36.36,55.24,36.23,52.17
2025-12-11,19,8,2025-12-11 18:43:00,2,開設71周年記念 海響王決定戦,5,4482,守屋 美穂,1,36,45.5,0,0,0.15,6.61,47.62,62.7,6.9,60,75,27.45,39.87,35.25,50.36
2025-12-11,19,8,2025-12-11 18:43:00,2,開設71周年記念 海響王決定戦,6,4064,原田 篤志,1,46,52,0,0,0.17,7.6,63.56,83.05,6.77,51.9,67.62,45.04,67.94,46.76,64.03
2025-12-11,19,9,2025-12-11 19:14:00,2,開設71周年記念 海響王決定戦,1,4075,中野 次郎,1,44,53.4,0,0,0.13,6.48,46.67,58.33,5.81,31.25,43.75,31.06,48.48,33.85,51.54
2025-12-11,19,9,2025-12-11 19:14:00,2,開設71周年記念 海響王決定戦,2,5121,定松 勇樹,1,24,52.3,0,0,0.14,6.93,52.43,64.08,6.31,34.29,48.57,27.34,46.88,44.85,63.97
2025-12-11,19,9,2025-12-11 19:14:00,2,開設71周年記念 海響王決定戦,3,3942,寺田 祥,1,47,52.7,0,0,0.16,7.08,49.52,67.62,7.71,65.08,79.37,33.33,52.59,36.69,53.24
2025-12-11,19,9,2025-12-11 19:14:00,2,開設71周年記念 海響王決定戦,4,4903,吉田 凌太朗,1,32,51.5,0,0,0.15,6.88,50.72,72.46,5.96,38.46,53.85,35.21,50,28.57,54.29
2025-12-11,19,9,2025-12-11 19:14:00,2,開設71周年記念 海響王決定戦,5,4512,高野 哲史,1,36,52,0,0,0.15,6.89,50,71.43,6.38,48.28,65.52,33.56,51.37,34.31,49.64
2025-12-11,19,9,2025-12-11 19:14:00,2,開設71周年記念 海響王決定戦,6,3908,重成 一人,1,47,54.9,0,0,0.14,6.98,49.59,64.23,7.11,57.41,74.07,34.59,58.65,41.43,54.29
2025-12-11,19,10,2025-12-11 19:45:00,2,開設71周年記念 海響王決定戦,1,4851,関 浩哉,1,31,50,0,0,0.14,7.41,46.67,64.76,7.84,44,80,50.38,68.42,41.3,56.52
2025-12-11,19,10,2025-12-11 19:45:00,2,開設71周年記念 海響王決定戦,2,4445,宮地 元輝,1,39,52.8,0,0,0.12,6.82,35.79,53.68,7.56,44.44,66.67,39.55,57.46,44.83,60.69
2025-12-11,19,10,2025-12-11 19:45:00,2,開設71周年記念 海響王決定戦,3,4856,豊田 健士郎,1,29,52,0,0,0.14,6.73,48.48,63.64,6.5,38.89,61.11,36.73,47.62,40.85,57.75
2025-12-11,19,10,2025-12-11 19:45:00,2,開設71周年記念 海響王決定戦,4,4932,新開 航,1,29,52,0,0,0.15,6.83,44.35,58.26,6.62,38.24,55.88,41.79,59.7,34.29,52.14
2025-12-11,19,10,2025-12-11 19:45:00,2,開設71周年記念 海響王決定戦,5,5042,畑田 汰一,1,27,52,0,0,0.11,6.89,49.62,70.23,7.57,63.33,73.33,29.41,47.06,31.03,45.52
2025-12-11,19,10,2025-12-11 19:45:00,2,開設71周年記念 海響王決定戦,6,4980,佐々木 完太,1,29,52.3,0,0,0.15,7.29,53.27,71.96,7.14,56.52,68.7,37.09,55.63,33.33,48.94
2025-12-11,19,11,2025-12-11 20:16:00,2,開設71周年記念 海響王決定戦,1,4734,安河内 将,1,36,51.5,0,0,0.16,7.03,53.91,70.43,6.2,45,60,28.86,45.64,36.36,52.45
2025-12-11,19,11,2025-12-11 20:16:00,2,開設71周年記念 海響王決定戦,2,4350,篠崎 元志,1,39,52,0,0,0.13,6.89,40.38,54.81,6.81,37.04,51.85,37.21,54.26,29.86,45.14
2025-12-11,19,11,2025-12-11 20:16:00,2,開設71周年記念 海響王決定戦,3,3388,今垣 光太郎,1,56,52.1,0,0,0.17,6.37,38.2,50.56,7.19,46.15,65.38,36.02,51.55,40.56,59.44
2025-12-11,19,11,2025-12-11 20:16:00,2,開設71周年記念 海響王決定戦,4,4659,木下 翔太,1,34,52.3,0,0,0.14,6.52,41.53,63.56,0,0,0,45.77,61.27,32.28,51.18
2025-12-11,19,11,2025-12-11 20:16:00,2,開設71周年記念 海響王決定戦,5,4335,若林 将,1,41,52.3,0,0,0.13,6.66,47.37,65.79,6.44,43.59,66.67,32.64,49.31,35.97,51.08
2025-12-11,19,11,2025-12-11 20:16:00,2,開設71周年記念 海響王決定戦,6,4959,井上 忠政,1,29,52,0,0,0.16,6.76,50,64.04,8.21,67.65,82.35,38.16,55.26,35,50.71
2025-12-11,19,12,2025-12-11 20:45:00,2,開設71周年記念 海響王決定戦,1,3415,松井 繁,1,56,52,0,0,0.16,6.59,33,57,7.47,47.06,64.71,31.25,55,37.14,57.86
2025-12-11,19,12,2025-12-11 20:45:00,2,開設71周年記念 海響王決定戦,2,4502,遠藤 エミ,1,37,44.5,0,0,0.14,7.93,59.81,79.44,8.47,60,80,35.21,49.3,33.81,52.52
2025-12-11,19,12,2025-12-11 20:45:00,2,開設71周年記念 海響王決定戦,3,4237,大峯 豊,1,42,52,0,0,0.16,6.84,42.98,60.53,7.29,56.1,80.49,32.12,39.42,34.72,51.39
2025-12-11,19,12,2025-12-11 20:45:00,2,開設71周年記念 海響王決定戦,4,4503,上野 真之介,1,37,52,0,0,0.12,7.11,49.14,68.1,7.15,53.85,61.54,33.8,59.15,28.47,45.14
2025-12-11,19,12,2025-12-11 20:45:00,2,開設71周年記念 海響王決定戦,5,4571,菅 章哉,1,37,52.2,0,0,0.17,6.48,42.7,49.44,6,39.02,56.1,34.33,45.52,35.71,57.14
2025-12-11,19,12,2025-12-11 20:45:00,2,開設71周年記念 海響王決定戦,6,4262,馬場 貴也,1,41,52.1,0,0,0.15,8.06,58.1,69.52,6.69,34.62,46.15,34.48,55.86,35,50.71
2025-12-11,21,1,2025-12-11 08:47:00,5,BTS日向開設15周年記念,1,4241,大串 重幸,2,40,52,0,0,0.16,5.82,38,60,4.41,18.18,40.91,29.14,43.05,36.88,53.75
2025-12-11,21,1,2025-12-11 08:47:00,5,BTS日向開設15周年記念,2,4730,土屋 実沙希,3,36,47.3,0,0,0.2,5.13,34.62,48.08,3.63,25,25,36,51.33,29.45,47.26
2025-12-11,21,1,2025-12-11 08:47:00,5,BTS日向開設15周年記念,3,3964,宮地 博士,3,46,52,0,0,0.21,4.37,20.55,32.88,4.18,20,31.11,29.22,41.56,30.77,50.77
2025-12-11,21,1,2025-12-11 08:47:00,5,BTS日向開設15周年記念,4,3268,森 竜也,3,60,52.4,0,0,0.19,4.44,21.79,39.74,2.75,25,25,25.34,39.04,32.82,47.33
2025-12-11,21,1,2025-12-11 08:47:00,5,BTS日向開設15周年記念,5,4167,片岡 秀樹,3,43,55.6,0,0,0.15,4.42,21.52,39.24,3.38,12.5,25,47.45,62.77,35.34,46.62
2025-12-11,21,1,2025-12-11 08:47:00,5,BTS日向開設15周年記念,6,4059,入澤 友治,3,46,53.5,0,0,0.15,5.82,42.11,59.21,5.56,37.04,51.85,34,47.33,33.56,47.95
2025-12-11,21,2,2025-12-11 09:13:00,5,BTS日向開設15周年記念,1,4471,新田 泰章,1,38,52.5,0,0,0.16,6.93,53.6,74.4,5.59,37.5,53.13,24.52,39.35,32.17,52.45
2025-12-11,21,2,2025-12-11 09:13:00,5,BTS日向開設15周年記念,2,4317,木村 紗友希,3,41,47.4,0,0,0.19,4.01,19.72,35.21,3.83,22.22,33.33,47.14,59.29,35.86,53.1
2025-12-11,21,2,2025-12-11 09:13:00,5,BTS日向開設15周年記念,3,5082,一色 凌雅,3,27,58.5,0,0,0.19,5.54,38.24,55.88,5.14,28.57,57.14,43.51,60.31,34.97,50.92
2025-12-11,21,2,2025-12-11 09:13:00,5,BTS日向開設15周年記念,4,4150,山田 雄太,2,43,56.2,0,0,0.13,5.44,35.29,57.84,5.63,46.88,56.25,29.75,47.47,30.56,46.53
2025-12-11,21,2,2025-12-11 09:13:00,5,BTS日向開設15周年記念,5,5420,吉原 快誓,4,19,52.5,0,0,,1.32,0,0,0,0,0,30.32,44.52,35.37,48.98
2025-12-11,21,2,2025-12-11 09:13:00,5,BTS日向開設15周年記念,6,3340,池田 雷太,3,60,53,0,0,0.16,3.92,19.44,29.17,4.48,22.22,37.04,20.57,36.17,21.74,39.13
2025-12-11,21,3,2025-12-11 09:39:00,5,BTS日向開設15周年記念,1,4318,桑原 将光,2,41,52.1,0,0,0.16,5.04,30.39,48.04,6.27,36.36,54.55,46.4,62.4,33.56,55.7
2025-12-11,21,3,2025-12-11 09:39:00,5,BTS日向開設15周年記念,2,4103,山崎 善庸,3,46,53,0,0,0.22,4.1,16.67,32.05,4.5,16.67,37.5,37.09,50.99,18.92,37.84
2025-12-11,21,3,2025-12-11 09:39:00,5,BTS日向開設15周年記念,3,4949,横田 貴満,1,33,50,0,0,0.16,6.73,50.46,71.56,5.46,40.54,56.76,26.62,41.01,23.7,35.56
2025-12-11,21,3,2025-12-11 09:39:00,5,BTS日向開設15周年記念,4,4106,坂井 康嗣,3,46,52,0,0,0.2,3.49,13.85,23.08,3.78,16.67,22.22,30.46,50.33,41.61,59.01
2025-12-11,21,3,2025-12-11 09:39:00,5,BTS日向開設15周年記念,5,4363,大野 芳顕,2,40,53.9,0,0,0.16,5.6,33.33,55.56,5.3,27.47,52.75,24.11,41.13,39.74,53.21
2025-12-11,21,3,2025-12-11 09:39:00,5,BTS日向開設15周年記念,6,4034,西原 明生,3,47,54.5,1,0,0.19,4.38,20.2,38.38,4.38,17.65,35.29,44.93,65.94,34.46,52.7
2025-12-11,21,4,2025-12-11 10:05:00,5,BTS日向開設15周年記念,1,5015,高橋 竜矢,1,27,52.7,0,0,0.14,6.54,46.67,68.57,6.55,60,65,27.03,43.92,38.41,52.98
2025-12-11,21,4,2025-12-11 10:05:00,5,BTS日向開設15周年記念,2,3892,草場 康幸,3,49,53.2,0,0,0.17,5.33,31.4,55.81,5.53,36.84,47.37,37.5,57.03,34.06,51.45
2025-12-11,21,4,2025-12-11 10:05:00,5,BTS日向開設15周年記念,3,5344,谷口 丞,3,22,52.1,0,0,0.16,3.03,7.58,24.24,0,0,0,25.68,39.19,38.61,54.43
2025-12-11,21,4,2025-12-11 10:05:00,5,BTS日向開設15周年記念,4,4447,深川 麻奈美,2,38,49.3,0,0,0.16,6.23,38.64,63.64,5.95,36.84,63.16,24.29,47.86,34.64,50.98
2025-12-11,21,4,2025-12-11 10:05:00,5,BTS日向開設15周年記念,5,5155,内山 七海,3,28,45.5,0,0,0.17,5.03,34.85,54.55,3.82,16.07,30.36,53.49,75.19,26.87,47.76
2025-12-11,21,4,2025-12-11 10:05:00,5,BTS日向開設15周年記念,6,5039,倉田 茂将,3,27,55.3,1,0,0.17,5.48,39.33,52.81,5.79,47.37,68.42,53.19,69.5,28.57,51.43
2025-12-11,21,5,2025-12-11 10:33:00,5,BTS日向開設15周年記念,1,5136,濱野 斗馬,1,25,53.2,0,0,0.14,5.91,37.8,57.48,4.7,18.52,37.04,37.12,49.24,35.06,50.65
2025-12-11,21,5,2025-12-11 10:33:00,5,BTS日向開設15周年記念,2,4501,樋口 由加里,2,37,45.5,0,0,0.16,5.51,34.71,54.55,4.2,20,40,37.09,58.28,34.46,50.68
2025-12-11,21,5,2025-12-11 10:33:00,5,BTS日向開設15周年記念,3,4730,土屋 実沙希,3,36,47.3,0,0,0.2,5.13,34.62,48.08,3.63,25,25,36,51.33,29.45,47.26
2025-12-11,21,5,2025-12-11 10:33:00,5,BTS日向開設15周年記念,4,4988,牟田 奨太,3,28,55.8,0,0,0.15,3.31,19.32,26.14,4.72,31.03,44.83,45.65,65.22,30.46,48.34
2025-12-11,21,5,2025-12-11 10:33:00,5,BTS日向開設15周年記念,5,5408,中山 鷹輔,4,20,52.4,0,0,,1.73,0,5,2.25,0,0,23.02,38.85,28.26,39.13
2025-12-11,21,5,2025-12-11 10:33:00,5,BTS日向開設15周年記念,6,4649,和田 操拓,2,41,52,0,0,0.14,5.29,32.11,44.95,4.78,33.33,44.44,14.38,27.4,39.49,57.96
2025-12-11,21,6,2025-12-11 11:01:00,5,BTS日向開設15周年記念,1,3268,森 竜也,3,60,52.4,0,0,0.19,4.44,21.79,39.74,2.75,25,25,25.34,39.04,32.82,47.33
2025-12-11,21,6,2025-12-11 11:01:00,5,BTS日向開設15周年記念,2,4515,藤田 浩人,2,39,52.4,0,0,0.17,5.96,43.75,55.36,5.65,36.96,50,30.87,48.32,38.75,48.75
2025-12-11,21,6,2025-12-11 11:01:00,5,BTS日向開設15周年記念,3,4373,若狭 奈美子,2,37,46.5,0,0,0.19,6.24,46.08,67.65,5.92,41.67,70.83,38.71,52.26,29.25,49.66
2025-12-11,21,6,2025-12-11 11:01:00,5,BTS日向開設15周年記念,4,5117,冨名腰 桃奈,3,25,48.9,0,0,0.21,3.43,16.67,23.81,4.74,42.11,47.37,35.61,54.55,26.12,45.52
2025-12-11,21,6,2025-12-11 11:01:00,5,BTS日向開設15周年記念,5,4317,木村 紗友希,3,41,47.4,0,0,0.19,4.01,19.72,35.21,3.83,22.22,33.33,47.14,59.29,35.86,53.1
2025-12-11,21,6,2025-12-11 11:01:00,5,BTS日向開設15周年記念,6,5087,佐藤 航,1,26,52,0,0,0.16,6.2,44.66,66.02,5.44,33.33,55.56,29.53,43.62,35.67,51.59
2025-12-11,21,7,2025-12-11 11:32:00,5,BTS日向開設15周年記念,1,4489,岩川 仁士,3,39,54.1,0,0,0.17,4.88,30.14,47.95,4.75,25,50,31.97,50.34,34.03,48.61
2025-12-11,21,7,2025-12-11 11:32:00,5,BTS日向開設15周年記念,2,5086,本村 大,3,26,52.1,0,0,0.19,4.01,15.19,31.65,2.44,11.11,22.22,31.82,51.95,34.72,45.83
2025-12-11,21,7,2025-12-11 11:32:00,5,BTS日向開設15周年記念,3,3714,梶原 正,3,51,56.1,0,0,0.17,4.25,20.99,30.86,3.96,10.2,26.53,30.14,44.52,39.02,55.49
2025-12-11,21,7,2025-12-11 11:32:00,5,BTS日向開設15周年記念,4,4103,山崎 善庸,3,46,53,0,0,0.22,4.1,16.67,32.05,4.5,16.67,37.5,37.09,50.99,18.92,37.84
2025-12-11,21,7,2025-12-11 11:32:00,5,BTS日向開設15周年記念,5,3964,宮地 博士,3,46,52,0,0,0.21,4.37,20.55,32.88,4.18,20,31.11,29.22,41.56,30.77,50.77
2025-12-11,21,7,2025-12-11 11:32:00,5,BTS日向開設15周年記念,6,5420,吉原 快誓,4,19,52.5,0,0,,1.32,0,0,0,0,0,30.32,44.52,35.37,48.98
2025-12-11,21,8,2025-12-11 12:06:00,5,BTS日向開設15周年記念,1,4167,片岡 秀樹,3,43,55.9,0,0,0.15,4.42,21.52,39.24,3.38,12.5,25,47.45,62.77,35.34,46.62
2025-12-11,21,8,2025-12-11 12:06:00,5,BTS日向開設15周年記念,2,4710,福田 宗平,2,36,52,0,0,0.16,6.29,46.77,67.74,5.67,40.48,54.76,36.73,55.78,27.86,47.86
2025-12-11,21,8,2025-12-11 12:06:00,5,BTS日向開設15周年記念,3,4318,桑原 将光,2,41,52.1,0,0,0.16,5.04,30.39,48.04,6.27,36.36,54.55,46.4,62.4,33.56,55.7
2025-12-11,21,8,2025-12-11 12:06:00,5,BTS日向開設15周年記念,4,4677,片橋 幸貴,1,37,52.8,0,0,0.14,5.6,33.85,53.85,0,0,0,23.08,44.87,38,56.67
2025-12-11,21,8,2025-12-11 12:06:00,5,BTS日向開設15周年記念,5,5344,谷口 丞,3,22,52,0,0,0.16,3.03,7.58,24.24,0,0,0,25.68,39.19,38.61,54.43
2025-12-11,21,8,2025-12-11 12:06:00,5,BTS日向開設15周年記念,6,5438,星田 夢結,4,20,47.3,0,0,,1.11,0,0,0,0,0,37.59,55.32,26.15,43.08
2025-12-11,21,9,2025-12-11 12:40:00,5,BTS日向開設15周年記念,1,4156,浜野 孝志,2,44,55.9,0,0,0.18,5.66,37.3,57.14,5.43,39.13,47.83,29.03,43.87,44.51,62.2
2025-12-11,21,9,2025-12-11 12:40:00,5,BTS日向開設15周年記念,2,4150,山田 雄太,2,43,56.2,0,0,0.13,5.44,35.29,57.84,5.63,46.88,56.25,29.75,47.47,30.56,46.53
2025-12-11,21,9,2025-12-11 12:40:00,5,BTS日向開設15周年記念,3,5155,内山 七海,3,28,45.5,0,0,0.17,5.03,34.85,54.55,3.82,16.07,30.36,53.49,75.19,26.87,47.76
2025-12-11,21,9,2025-12-11 12:40:00,5,BTS日向開設15周年記念,4,5408,中山 鷹輔,4,20,52.4,0,0,,1.73,0,5,2.25,0,0,23.02,38.85,28.26,39.13
2025-12-11,21,9,2025-12-11 12:40:00,5,BTS日向開設15周年記念,5,4106,坂井 康嗣,3,46,52,0,0,0.2,3.49,13.85,23.08,3.78,16.67,22.22,30.46,50.33,41.61,59.01
2025-12-11,21,9,2025-12-11 12:40:00,5,BTS日向開設15周年記念,6,4908,上田 龍星,1,30,52,0,0,0.15,7.47,62.39,75.23,0,0,0,35.26,53.21,30.43,51.45
2025-12-11,21,10,2025-12-11 13:13:00,5,BTS日向開設15周年記念,1,4247,齊藤 優,2,43,53.1,0,0,0.16,4.83,26.09,40,4.91,27.27,40.91,44.97,63.76,43.36,60.84
2025-12-11,21,10,2025-12-11 13:13:00,5,BTS日向開設15周年記念,2,3340,池田 雷太,3,60,53,0,0,0.16,3.92,19.44,29.17,4.48,22.22,37.04,20.57,36.17,21.74,39.13
2025-12-11,21,10,2025-12-11 13:13:00,5,BTS日向開設15周年記念,3,5015,高橋 竜矢,1,27,52.7,0,0,0.14,6.54,46.67,68.57,6.55,60,65,27.03,43.92,38.41,52.98
2025-12-11,21,10,2025-12-11 13:13:00,5,BTS日向開設15周年記念,4,4619,伏田 裕隆,3,42,52.4,0,0,0.2,5.76,42.86,54.29,5.29,42.86,57.14,33.33,51.33,34.42,47.4
2025-12-11,21,10,2025-12-11 13:13:00,5,BTS日向開設15周年記念,5,4988,牟田 奨太,3,28,55.8,0,0,0.15,3.31,19.32,26.14,4.72,31.03,44.83,45.65,65.22,30.46,48.34
2025-12-11,21,10,2025-12-11 13:13:00,5,BTS日向開設15周年記念,6,4515,藤田 浩人,2,39,52.4,0,0,0.17,5.96,43.75,55.36,5.65,36.96,50,30.87,48.32,38.75,48.75
2025-12-11,21,11,2025-12-11 13:49:00,5,BTS日向開設15周年記念,1,4949,横田 貴満,1,33,50,0,0,0.16,6.73,50.46,71.56,5.46,40.54,56.76,26.62,41.01,23.7,35.56
2025-12-11,21,11,2025-12-11 13:49:00,5,BTS日向開設15周年記念,2,3714,梶原 正,3,51,56.1,0,0,0.17,4.25,20.99,30.86,3.96,10.2,26.53,30.14,44.52,39.02,55.49
2025-12-11,21,11,2025-12-11 13:49:00,5,BTS日向開設15周年記念,3,4649,和田 操拓,2,41,52,0,0,0.14,5.29,32.11,44.95,4.78,33.33,44.44,14.38,27.4,39.49,57.96
2025-12-11,21,11,2025-12-11 13:49:00,5,BTS日向開設15周年記念,4,4241,大串 重幸,2,40,52,0,0,0.16,5.82,38,60,4.41,18.18,40.91,29.14,43.05,36.88,53.75
2025-12-11,21,11,2025-12-11 13:49:00,5,BTS日向開設15周年記念,5,4447,深川 麻奈美,2,38,49.3,0,0,0.16,6.23,38.64,63.64,5.95,36.84,63.16,24.29,47.86,34.64,50.98
2025-12-11,21,11,2025-12-11 13:49:00,5,BTS日向開設15周年記念,6,5082,一色 凌雅,3,27,58.5,0,0,0.19,5.54,38.24,55.88,5.14,28.57,57.14,43.51,60.31,34.97,50.92
2025-12-11,21,12,2025-12-11 14:27:00,5,BTS日向開設15周年記念,1,4677,片橋 幸貴,1,37,52.8,0,0,0.14,5.6,33.85,53.85,0,0,0,23.08,44.87,38,56.67
2025-12-11,21,12,2025-12-11 14:27:00,5,BTS日向開設15周年記念,2,4363,大野 芳顕,2,40,53.9,0,0,0.16,5.6,33.33,55.56,5.3,27.47,52.75,24.11,41.13,39.74,53.21
2025-12-11,21,12,2025-12-11 14:27:00,5,BTS日向開設15周年記念,3,4501,樋口 由加里,2,37,45.5,0,0,0.16,5.51,34.71,54.55,4.2,20,40,37.09,58.28,34.46,50.68
2025-12-11,21,12,2025-12-11 14:27:00,5,BTS日向開設15周年記念,4,4471,新田 泰章,1,38,52.5,0,0,0.16,6.93,53.6,74.4,5.59,37.5,53.13,24.52,39.35,32.17,52.45
2025-12-11,21,12,2025-12-11 14:27:00,5,BTS日向開設15周年記念,5,4637,中田 友也,3,35,56.6,0,0,0.16,5.49,37.23,54.26,4.34,24.14,31.03,36.65,49.07,32.39,55.63
2025-12-11,21,12,2025-12-11 14:27:00,5,BTS日向開設15周年記念,6,4373,若狭 奈美子,2,37,46.5,0,0,0.19,6.24,46.08,67.65,5.92,41.67,70.83,38.71,52.26,29.25,49.66
