race_date,stadium_number,race_number,race_closed_at,race_grade_number,race_title,boat_number,racer_number,racer_name,racer_class_number,racer_age,racer_weight,racer_flying_count,racer_late_count,racer_average_start_timing,racer_national_top_1_percent,racer_national_top_2_percent,racer_national_top_3_percent,racer_local_top_1_percent,racer_local_top_2_percent,racer_local_top_3_percent,racer_assigned_motor_top_2_percent,racer_assigned_motor_top_3_percent,racer_assigned_boat_top_2_percent,racer_assigned_boat_top_3_percent
2026-06-20,2,1,2026-06-20 10:47:00,5,ヴィーナスシリーズ第6戦戸田中央メディックス埼玉杯,1,5013,山下 夏鈴,3,28,44.5,1,0,0.17,5.5,37.04,51.85,1.78,0,0,32,53.14,32.56,48.84
2026-06-20,2,1,2026-06-20 10:47:00,5,ヴィーナスシリーズ第6戦戸田中央メディックス埼玉杯,2,5283,植木 美帆,3,22,47.9,0,0,0.17,2.49,5.26,7.02,3.17,10,23.33,36.84,56.84,33.9,52.54
2026-06-20,2,1,2026-06-20 10:47:00,5,ヴィーナスシリーズ第6戦戸田中央メディックス埼玉杯,3,4300,加藤 綾,3,43,50,0,0,0.17,5.26,30.1,55.34,6.88,47.06,70.59,39.59,59.39,35.16,49.45
2026-06-20,2,1,2026-06-20 10:47:00,5,ヴィーナスシリーズ第6戦戸田中央メディックス埼玉杯,4,3302,谷川 里江,3,58,45.5,0,0,0.18,4.73,27.03,45.95,3.42,0,31.58,43.22,55.78,36.97,55.76
2026-06-20,2,1,2026-06-20 10:47:00,5,ヴィーナスシリーズ第6戦戸田中央メディックス埼玉杯,5,4987,島倉 都,3,29,49.3,0,0,0.17,3.75,16.46,25.32,4.34,15.79,36.84,32.35,48.82,37.29,50.28
2026-06-20,2,1,2026-06-20 10:47:00,5,ヴィーナスシリーズ第6戦戸田中央メディックス埼玉杯,6,5287,滝沢 織寧,3,26,47.2,1,0,0.17,3.56,11.54,23.08,3.62,10,29,35.84,51.45,37.02,60.77
2026-06-20,2,2,2026-06-20 11:16:00,5,ヴィーナスシリーズ第6戦戸田中央メディックス埼玉杯,1,4479,矢野 真梨菜,3,38,47,0,0,0.18,3.73,14.93,28.36,0,0,0,43.68,55.26,32.4,50.84
2026-06-20,2,2,2026-06-20 11:16:00,5,ヴィーナスシリーズ第6戦戸田中央メディックス埼玉杯,2,4387,平山 智加,1,40,47,0,0,0.15,6.78,46.4,70.4,7.41,52.94,76.47,31.64,50.85,32.75,52.63
2026-06-20,2,2,2026-06-20 11:16:00,5,ヴィーナスシリーズ第6戦戸田中央メディックス埼玉杯,3,4791,黒澤 めぐみ,2,36,47,0,0,0.17,5.4,32.99,53.61,6.48,50,65,33.33,52.82,30.94,49.17
2026-06-20,2,2,2026-06-20 11:16:00,5,ヴィーナスシリーズ第6戦戸田中央メディックス埼玉杯,4,5117,冨名腰 桃奈,3,26,46.5,0,0,0.18,4.37,23.94,42.25,3.56,22.22,22.22,47.66,65.42,35.16,47.25
2026-06-20,2,2,2026-06-20 11:16:00,5,ヴィーナスシリーズ第6戦戸田中央メディックス埼玉杯,5,4714,喜多須 杏奈,3,35,48.1,0,0,0.17,4.8,19.51,46.34,4.57,28.57,42.86,42.18,59.24,34.64,54.19
2026-06-20,2,2,2026-06-20 11:16:00,5,ヴィーナスシリーズ第6戦戸田中央メディックス埼玉杯,6,5297,南 彩寧,3,23,48.7,0,0,0.2,3.67,18.81,30.69,1.73,0,6.67,30.95,47.62,37.64,58.43
2026-06-20,2,3,2026-06-20 11:45:00,5,ヴィーナスシリーズ第6戦戸田中央メディックス埼玉杯,1,4694,高田 綾,3,41,45.5,0,0,0.18,3.97,19.4,34.33,4.92,30.56,38.89,39.02,59.02,32.02,51.12
2026-06-20,2,3,2026-06-20 11:45:00,5,ヴィーナスシリーズ第6戦戸田中央メディックス埼玉杯,2,4548,篠木 亜衣花,4,38,49.7,1,0,0.24,2.96,6.25,14.58,0,0,0,30.69,46.03,37.78,61.11
2026-06-20,2,3,2026-06-20 11:45:00,5,ヴィーナスシリーズ第6戦戸田中央メディックス埼玉杯,3,5146,野田 彩加,3,23,49.6,0,0,0.15,5.65,34.18,56.96,5.22,33.33,44.44,34.78,54.04,37.1,54.84
2026-06-20,2,3,2026-06-20 11:45:00,5,ヴィーナスシリーズ第6戦戸田中央メディックス埼玉杯,4,4642,松尾 夏海,1,34,47,0,0,0.16,6.75,53.85,68.38,7.9,60,80,35.93,52.69,32.96,48.04
2026-06-20,2,3,2026-06-20 11:45:00,5,ヴィーナスシリーズ第6戦戸田中央メディックス埼玉杯,5,5231,寺田 空詩,2,22,45,0,0,0.15,5.62,39.39,59.09,4.79,21.43,42.86,31.49,48.07,38.42,55.93
2026-06-20,2,3,2026-06-20 11:45:00,5,ヴィーナスシリーズ第6戦戸田中央メディックス埼玉杯,6,4385,鈴木 祐美子,3,40,49.4,0,0,0.22,3.73,12.5,30.36,3.94,0,33.33,39.39,59.6,30.56,43.89
2026-06-20,2,4,2026-06-20 12:14:00,5,ヴィーナスシリーズ第6戦戸田中央メディックス埼玉杯,1,5003,来田 衣織,3,30,47,0,0,0.17,4.97,37.61,46.79,4.42,18.42,42.11,31.74,46.71,30.54,48.5
2026-06-20,2,4,2026-06-20 12:14:00,5,ヴィーナスシリーズ第6戦戸田中央メディックス埼玉杯,2,4501,樋口 由加里,2,38,45,0,0,0.14,5.32,34.21,49.12,5.33,40.74,51.85,30.51,47.46,40.22,56.98
2026-06-20,2,4,2026-06-20 12:14:00,5,ヴィーナスシリーズ第6戦戸田中央メディックス埼玉杯,3,4974,安井 瑞紀,1,33,47.1,1,0,0.14,5.29,35.14,50.45,0,0,0,37.31,53.89,40.68,52.54
2026-06-20,2,4,2026-06-20 12:14:00,5,ヴィーナスシリーズ第6戦戸田中央メディックス埼玉杯,4,4900,中田 夕貴,2,33,47.1,0,1,0.18,4.29,17.24,35.63,5.11,33.33,46.67,38.97,51.79,35,53.89
2026-06-20,2,4,2026-06-20 12:14:00,5,ヴィーナスシリーズ第6戦戸田中央メディックス埼玉杯,5,5155,内山 七海,3,29,45,0,0,0.16,6,45.19,63.46,6.4,40,80,32.22,53.33,45.03,64.91
2026-06-20,2,4,2026-06-20 12:14:00,5,ヴィーナスシリーズ第6戦戸田中央メディックス埼玉杯,6,5324,畑田 希咲,4,22,48.3,0,0,0.23,2.36,3.39,6.78,1.22,0,0,35.35,54.55,41.81,58.19
2026-06-20,2,5,2026-06-20 12:44:00,5,ヴィーナスシリーズ第6戦戸田中央メディックス埼玉杯,1,5045,平川 香織,2,25,47,1,0,0.22,6.5,46.72,68.03,5.71,36.25,60,30.94,50.83,32.07,49.46
2026-06-20,2,5,2026-06-20 12:44:00,5,ヴィーナスシリーズ第6戦戸田中央メディックス埼玉杯,2,5072,吉田 杏美,4,31,47.9,0,0,0.22,2.43,4.76,4.76,2.75,10,15,35.75,49.22,37.22,50
2026-06-20,2,5,2026-06-20 12:44:00,5,ヴィーナスシリーズ第6戦戸田中央メディックス埼玉杯,3,3302,谷川 里江,3,58,45.5,0,0,0.18,4.73,27.03,45.95,3.42,0,31.58,43.22,55.78,36.97,55.76
2026-06-20,2,5,2026-06-20 12:44:00,5,ヴィーナスシリーズ第6戦戸田中央メディックス埼玉杯,4,3435,寺田 千恵,1,57,45.5,0,0,0.16,6.42,43.16,63.16,5.95,47.62,57.14,35.68,50.75,30.36,48.21
2026-06-20,2,5,2026-06-20 12:44:00,5,ヴィーナスシリーズ第6戦戸田中央メディックス埼玉杯,5,5079,大石 真央,3,28,45.5,1,0,0.17,4.99,28.44,50.46,2.93,13.33,13.33,34.65,46.53,31.28,46.93
2026-06-20,2,5,2026-06-20 12:44:00,5,ヴィーナスシリーズ第6戦戸田中央メディックス埼玉杯,6,4317,木村 紗友希,3,41,47,0,0,0.16,4.27,28.13,34.38,5.16,36.84,47.37,32.11,48.42,31.52,45.65
2026-06-20,2,6,2026-06-20 13:14:00,5,ヴィーナスシリーズ第6戦戸田中央メディックス埼玉杯,1,4987,島倉 都,3,29,49.3,0,0,0.17,3.75,16.46,25.32,4.34,15.79,36.84,32.35,48.82,37.29,50.28
2026-06-20,2,6,2026-06-20 13:14:00,5,ヴィーナスシリーズ第6戦戸田中央メディックス埼玉杯,2,4963,實森 美祐,1,29,46,0,0,0.15,6.43,45.54,61.39,7,58.97,76.92,43.14,57.35,38.89,57.78
2026-06-20,2,6,2026-06-20 13:14:00,5,ヴィーナスシリーズ第6戦戸田中央メディックス埼玉杯,3,4714,喜多須 杏奈,3,35,48.1,0,0,0.17,4.8,19.51,46.34,4.57,28.57,42.86,42.18,59.24,34.64,54.19
2026-06-20,2,6,2026-06-20 13:14:00,5,ヴィーナスシリーズ第6戦戸田中央メディックス埼玉杯,4,5213,湯淺 紀香,2,27,47.1,0,0,0.18,5.19,33.96,48.11,5,33.33,38.89,30.51,44.63,31.52,46.74
2026-06-20,2,6,2026-06-20 13:14:00,5,ヴィーナスシリーズ第6戦戸田中央メディックス埼玉杯,5,5373,諏訪 玲奈,4,23,47.8,0,0,0.24,2.54,0,15.38,2.5,0,16.67,34,56.5,44.94,59.55
2026-06-20,2,6,2026-06-20 13:14:00,5,ヴィーナスシリーズ第6戦戸田中央メディックス埼玉杯,6,5264,登 みひ果,3,26,45,0,0,0.16,5.08,25.23,49.55,2.44,0,11.11,34.2,51.3,36.16,52.54
2026-06-20,2,7,2026-06-20 13:45:00,5,ヴィーナスシリーズ第6戦戸田中央メディックス埼玉杯,1,4642,松尾 夏海,1,34,47,0,0,0.16,6.75,53.85,68.38,7.9,60,80,35.93,52.69,32.96,48.04
2026-06-20,2,7,2026-06-20 13:45:00,5,ヴィーナスシリーズ第6戦戸田中央メディックス埼玉杯,2,4479,矢野 真梨菜,3,38,47,0,0,0.18,3.73,14.93,28.36,0,0,0,43.68,55.26,32.4,50.84
2026-06-20,2,7,2026-06-20 13:45:00,5,ヴィーナスシリーズ第6戦戸田中央メディックス埼玉杯,3,4045,佐々木 裕美,3,46,47,0,0,0.16,4.09,22.73,31.82,0,0,0,39.5,58,38.55,50.84
2026-06-20,2,7,2026-06-20 13:45:00,5,ヴィーナスシリーズ第6戦戸田中央メディックス埼玉杯,4,5174,川井 萌,4,24,45.5,0,0,0.15,5.16,29.09,45.45,6.18,54.55,72.73,40.93,54.92,34.81,48.62
2026-06-20,2,7,2026-06-20 13:45:00,5,ヴィーナスシリーズ第6戦戸田中央メディックス埼玉杯,5,5108,柴田 愛梨,4,27,46.5,0,0,0.31,2.72,7.02,14.04,0,0,0,37.17,58.12,34.09,51.7
2026-06-20,2,7,2026-06-20 13:45:00,5,ヴィーナスシリーズ第6戦戸田中央メディックス埼玉杯,6,5306,河内 悠利杏,3,23,47.5,1,0,0.22,2.64,6.32,15.79,1.83,0,0,38.97,55.38,39.2,56.25
2026-06-20,2,8,2026-06-20 14:16:00,5,ヴィーナスシリーズ第6戦戸田中央メディックス埼玉杯,1,4984,森下 愛梨,2,29,49.7,0,0,0.19,5.04,31.91,46.81,4.6,20,50,39.27,57.07,31.46,43.26
2026-06-20,2,8,2026-06-20 14:16:00,5,ヴィーナスシリーズ第6戦戸田中央メディックス埼玉杯,2,4385,鈴木 祐美子,3,40,49.4,0,0,0.22,3.73,12.5,30.36,3.94,0,33.33,39.39,59.6,30.56,43.89
2026-06-20,2,8,2026-06-20 14:16:00,5,ヴィーナスシリーズ第6戦戸田中央メディックス埼玉杯,3,5155,内山 七海,3,29,45,0,0,0.16,6,45.19,63.46,6.4,40,80,32.22,53.33,45.03,64.91
2026-06-20,2,8,2026-06-20 14:16:00,5,ヴィーナスシリーズ第6戦戸田中央メディックス埼玉杯,4,4998,中村 かなえ,4,32,48,0,0,,4.3,26,36,4.29,14.29,42.86,31.07,48.02,36.87,50.84
2026-06-20,2,8,2026-06-20 14:16:00,5,ヴィーナスシリーズ第6戦戸田中央メディックス埼玉杯,5,5117,冨名腰 桃奈,3,26,46.5,0,0,0.18,4.37,23.94,42.25,3.56,22.22,22.22,47.66,65.42,35.16,47.25
2026-06-20,2,8,2026-06-20 14:16:00,5,ヴィーナスシリーズ第6戦戸田中央メディックス埼玉杯,6,4825,倉持 莉々,1,32,47.1,0,0,0.12,6.7,47.01,68.38,7.16,68.42,73.68,36.84,53.68,33.33,51.19
2026-06-20,2,9,2026-06-20 14:48:00,5,ヴィーナスシリーズ第6戦戸田中央メディックス埼玉杯,1,5342,原村 百那,4,24,47,0,0,0.19,1.6,0,3.77,0,0,0,33.52,47.73,32.42,50.55
2026-06-20,2,9,2026-06-20 14:48:00,5,ヴィーナスシリーズ第6戦戸田中央メディックス埼玉杯,2,5231,寺田 空詩,2,22,45,0,0,0.15,5.62,39.39,59.09,4.79,21.43,42.86,31.49,48.07,38.42,55.93
2026-06-20,2,9,2026-06-20 14:48:00,5,ヴィーナスシリーズ第6戦戸田中央メディックス埼玉杯,3,5013,山下 夏鈴,3,28,44.5,1,0,0.17,5.5,37.04,51.85,1.78,0,0,32,53.14,32.56,48.84
2026-06-20,2,9,2026-06-20 14:48:00,5,ヴィーナスシリーズ第6戦戸田中央メディックス埼玉杯,4,4317,木村 紗友希,3,41,47,0,0,0.16,4.27,28.13,34.38,5.16,36.84,47.37,32.11,48.42,31.52,45.65
2026-06-20,2,9,2026-06-20 14:48:00,5,ヴィーナスシリーズ第6戦戸田中央メディックス埼玉杯,5,4387,平山 智加,1,40,47,0,0,0.15,6.78,46.4,70.4,7.41,52.94,76.47,31.64,50.85,32.75,52.63
2026-06-20,2,9,2026-06-20 14:48:00,5,ヴィーナスシリーズ第6戦戸田中央メディックス埼玉杯,6,4738,清埜 翔子,2,34,47,0,0,0.16,5.82,40.91,53.79,5.59,42.5,56.25,33.54,48.1,42.94,57.06
2026-06-20,2,10,2026-06-20 15:21:00,5,ヴィーナスシリーズ第6戦戸田中央メディックス埼玉杯,1,5213,湯淺 紀香,2,27,47,0,0,0.18,5.19,33.96,48.11,5,33.33,38.89,30.51,44.63,30.3,44.85
2026-06-20,2,10,2026-06-20 15:21:00,5,ヴィーナスシリーズ第6戦戸田中央メディックス埼玉杯,2,5079,大石 真央,3,28,45,1,0,0.17,4.99,28.44,50.46,2.93,13.33,13.33,34.65,46.53,31.28,46.93
2026-06-20,2,10,2026-06-20 15:21:00,5,ヴィーナスシリーズ第6戦戸田中央メディックス埼玉杯,3,4501,樋口 由加里,2,38,45,0,0,0.14,5.32,34.21,49.12,5.33,40.74,51.85,30.51,47.46,40.22,56.98
2026-06-20,2,10,2026-06-20 15:21:00,5,ヴィーナスシリーズ第6戦戸田中央メディックス埼玉杯,4,4300,加藤 綾,3,43,50,0,0,0.17,5.26,30.1,55.34,6.88,47.06,70.59,39.59,59.39,35.16,49.45
2026-06-20,2,10,2026-06-20 15:21:00,5,ヴィーナスシリーズ第6戦戸田中央メディックス埼玉杯,5,4546,浜田 亜理沙,1,38,46.5,0,0,0.16,6.35,45.45,66.23,6.72,45.12,63.41,33.33,50.82,39.66,54.19
2026-06-20,2,10,2026-06-20 15:21:00,5,ヴィーナスシリーズ第6戦戸田中央メディックス埼玉杯,6,5146,野田 彩加,3,23,49.6,0,0,0.15,5.65,34.18,56.96,5.22,33.33,44.44,34.78,54.04,37.1,54.84
2026-06-20,2,11,2026-06-20 15:55:00,5,ヴィーナスシリーズ第6戦戸田中央メディックス埼玉杯,1,4974,安井 瑞紀,1,33,47.1,1,0,0.14,5.29,35.14,50.45,0,0,0,37.31,53.89,40.68,52.54
2026-06-20,2,11,2026-06-20 15:55:00,5,ヴィーナスシリーズ第6戦戸田中央メディックス埼玉杯,2,4045,佐々木 裕美,3,46,47,0,0,0.16,4.09,22.73,31.82,0,0,0,39.5,58,38.55,50.84
2026-06-20,2,11,2026-06-20 15:55:00,5,ヴィーナスシリーズ第6戦戸田中央メディックス埼玉杯,3,4963,實森 美祐,1,29,46,0,0,0.15,6.43,45.54,61.39,7,58.97,76.92,43.14,57.35,38.89,57.78
2026-06-20,2,11,2026-06-20 15:55:00,5,ヴィーナスシリーズ第6戦戸田中央メディックス埼玉杯,4,4694,高田 綾,3,41,45.5,0,0,0.18,3.97,19.4,34.33,4.92,30.56,38.89,39.02,59.02,32.02,51.12
2026-06-20,2,11,2026-06-20 15:55:00,5,ヴィーナスシリーズ第6戦戸田中央メディックス埼玉杯,5,5045,平川 香織,2,25,47,1,0,0.22,6.5,46.72,68.03,5.71,36.25,60,30.94,50.83,32.07,49.46
2026-06-20,2,11,2026-06-20 15:55:00,5,ヴィーナスシリーズ第6戦戸田中央メディックス埼玉杯,6,4791,黒澤 めぐみ,2,36,47,0,0,0.17,5.4,32.99,53.61,6.48,50,65,33.33,52.82,30.94,49.17
2026-06-20,2,12,2026-06-20 16:30:00,5,ヴィーナスシリーズ第6戦戸田中央メディックス埼玉杯,1,3435,寺田 千恵,1,57,45.5,0,0,0.16,6.42,43.16,63.16,5.95,47.62,57.14,35.68,50.75,30.36,48.21
2026-06-20,2,12,2026-06-20 16:30:00,5,ヴィーナスシリーズ第6戦戸田中央メディックス埼玉杯,2,5322,根岸 真優,4,24,44.5,0,0,0.22,2.34,6.25,13.75,2.06,5.32,9.57,38.38,57.3,34.64,51.4
2026-06-20,2,12,2026-06-20 16:30:00,5,ヴィーナスシリーズ第6戦戸田中央メディックス埼玉杯,3,5003,来田 衣織,3,30,47,0,0,0.17,4.97,37.61,46.79,4.42,18.42,42.11,31.74,46.71,30.54,48.5
2026-06-20,2,12,2026-06-20 16:30:00,5,ヴィーナスシリーズ第6戦戸田中央メディックス埼玉杯,4,4984,森下 愛梨,2,29,49.7,0,0,0.19,5.04,31.91,46.81,4.6,20,50,39.27,57.07,31.46,43.26
2026-06-20,2,12,2026-06-20 16:30:00,5,ヴィーナスシリーズ第6戦戸田中央メディックス埼玉杯,5,4746,大豆生田 蒼,2,31,47.1,0,0,0.16,5.31,32,49.33,6.42,48.65,67.57,39.29,51.02,31.64,54.24
2026-06-20,2,12,2026-06-20 16:30:00,5,ヴィーナスシリーズ第6戦戸田中央メディックス埼玉杯,6,4117,廣中 智紗衣,1,45,46,0,0,0.2,5.88,43.52,62.96,5.45,45.45,45.45,38.83,54.79,35,51.67
2026-06-20,4,1,2026-06-20 11:55:00,5,第40回東京スポーツ賞,1,4863,三浦 裕貴,3,37,53.4,1,0,0.15,4.47,20,44.29,4.36,22.22,38.89,0,0,0,0
2026-06-20,4,1,2026-06-20 11:55:00,5,第40回東京スポーツ賞,2,3372,加藤 雅之,3,59,52.2,0,0,0.21,2.88,4.17,16.67,0,0,0,0,0,0,0
2026-06-20,4,1,2026-06-20 11:55:00,5,第40回東京スポーツ賞,3,4335,若林 将,1,42,52.4,0,0,0.12,7.2,52.88,77.88,6.64,49.09,63.64,0,0,0,0
2026-06-20,4,1,2026-06-20 11:55:00,5,第40回東京スポーツ賞,4,5137,川原 涼,3,26,53.1,0,0,0.17,5.41,35.11,57.45,5.82,36.36,54.55,0,0,0,0
2026-06-20,4,1,2026-06-20 11:55:00,5,第40回東京スポーツ賞,5,4962,畑 竜生,2,29,52,0,0,0.15,5.65,35.19,57.41,5.52,33.33,52.38,0,0,0,0
2026-06-20,4,1,2026-06-20 11:55:00,5,第40回東京スポーツ賞,6,4234,野相 弘司,3,42,57.1,0,0,0.17,5.01,30.26,46.05,5.41,41.18,58.82,0,0,0,0
2026-06-20,4,2,2026-06-20 12:24:00,5,第40回東京スポーツ賞,1,4468,大池 佑来,1,39,52,1,0,0.13,6.51,47.32,64.29,6.91,51.52,70.71,0,0,0,0
2026-06-20,4,2,2026-06-20 12:24:00,5,第40回東京スポーツ賞,2,4491,田中 堅,3,39,52,0,0,0.19,4.47,21.84,40.23,5.24,34.48,48.28,0,0,0,0
2026-06-20,4,2,2026-06-20 12:24:00,5,第40回東京スポーツ賞,3,5022,伊藤 尚汰,3,31,50.5,0,0,0.16,4.59,31.43,38.57,4.5,16.67,41.67,0,0,0,0
2026-06-20,4,2,2026-06-20 12:24:00,5,第40回東京スポーツ賞,4,5273,山下 拓巳,3,24,52,0,0,0.18,3.89,18.45,33.98,5.14,42.86,42.86,0,0,0,0
2026-06-20,4,2,2026-06-20 12:24:00,5,第40回東京スポーツ賞,5,3226,浦田 信義,3,60,52,0,0,0.18,4.4,21.92,41.1,5.09,30.3,51.52,0,0,0,0
2026-06-20,4,2,2026-06-20 12:24:00,5,第40回東京スポーツ賞,6,5383,中村 楓,4,21,52.6,0,0,0.17,2.12,0,5.41,0,0,0,0,0,0,0
2026-06-20,4,3,2026-06-20 12:54:00,5,第40回東京スポーツ賞,1,3587,武田 信一,3,53,57.5,0,0,0.17,4.19,18.95,34.74,0,0,0,0,0,0,0
2026-06-20,4,3,2026-06-20 12:54:00,5,第40回東京スポーツ賞,2,4581,吉村 誠,1,36,52,1,0,0.14,6.25,47.01,60.45,7.27,63.64,81.82,0,0,0,0
2026-06-20,4,3,2026-06-20 12:54:00,5,第40回東京スポーツ賞,3,4261,岡 祐臣,1,42,55,0,0,0.16,6.23,43.65,61.9,6.05,40.91,61.36,0,0,0,0
2026-06-20,4,3,2026-06-20 12:54:00,5,第40回東京スポーツ賞,4,4565,西村 豪洋,3,38,54.2,0,0,0.18,3.8,13.33,32.22,4.71,28.57,35.71,0,0,0,0
2026-06-20,4,3,2026-06-20 12:54:00,5,第40回東京スポーツ賞,5,3072,西田 靖,3,64,52.2,0,0,0.15,4.18,18.18,35.06,4.79,25.61,43.9,0,0,0,0
2026-06-20,4,3,2026-06-20 12:54:00,5,第40回東京スポーツ賞,6,4411,沢田 昭宏,2,40,53.5,0,0,0.16,5.65,37.5,55.83,5.78,37.5,56.25,0,0,0,0
2026-06-20,4,4,2026-06-20 13:25:00,5,第40回東京スポーツ賞,1,3377,塚田 修二,3,58,52.4,0,0,0.18,4.29,20.51,41.03,4.32,20.75,37.74,0,0,0,0
2026-06-20,4,4,2026-06-20 13:25:00,5,第40回東京スポーツ賞,2,4715,村上 遼,1,34,52,0,0,0.12,6.03,36.21,67.24,5.32,32,40,0,0,0,0
2026-06-20,4,4,2026-06-20 13:25:00,5,第40回東京スポーツ賞,3,3776,横井 健太,3,51,56.4,0,0,0.17,3.44,12.94,20,4.07,26.67,30,0,0,0,0
2026-06-20,4,4,2026-06-20 13:25:00,5,第40回東京スポーツ賞,4,3976,内田 圭,3,49,52,0,0,0.18,3.47,16.47,24.71,0,0,0,0,0,0,0
2026-06-20,4,4,2026-06-20 13:25:00,5,第40回東京スポーツ賞,5,4633,森 智也,2,37,52.3,0,0,0.15,5.51,30.97,54.87,4.26,26.09,39.13,0,0,0,0
2026-06-20,4,4,2026-06-20 13:25:00,5,第40回東京スポーツ賞,6,3661,柳瀬 興志,3,56,58,0,0,0.16,5.26,29.55,51.14,4.57,28.57,42.86,0,0,0,0
2026-06-20,4,5,2026-06-20 13:55:00,5,第40回東京スポーツ賞,1,3747,國崎 良春,3,51,52,0,0,0.17,5.26,36.78,55.17,5.65,41.18,52.94,0,0,0,0
2026-06-20,4,5,2026-06-20 13:55:00,5,第40回東京スポーツ賞,2,4424,松尾 昂明,2,41,52,0,0,0.16,5.71,38.28,57.81,6.03,44.44,58.33,0,0,0,0
2026-06-20,4,5,2026-06-20 13:55:00,5,第40回東京スポーツ賞,3,4315,山崎 昂介,3,42,52.2,0,0,0.19,4.96,32.22,38.89,5.35,29.41,52.94,0,0,0,0
2026-06-20,4,5,2026-06-20 13:55:00,5,第40回東京スポーツ賞,4,3642,大塚 浩二,3,54,52.2,0,0,0.17,4.27,16.13,35.48,3.58,15.79,26.32,0,0,0,0
2026-06-20,4,5,2026-06-20 13:55:00,5,第40回東京スポーツ賞,5,5226,藤田 俊祐,2,24,52,0,0,0.15,6.14,44.44,69.44,5.63,45.83,50,0,0,0,0
2026-06-20,4,5,2026-06-20 13:55:00,5,第40回東京スポーツ賞,6,4335,若林 将,1,42,52.4,0,0,0.12,7.2,52.88,77.88,6.64,49.09,63.64,0,0,0,0
2026-06-20,4,6,2026-06-20 14:28:00,5,第40回東京スポーツ賞,1,4034,西原 明生,3,47,53.6,0,0,0.18,3.49,13.95,22.09,0,0,0,0,0,0,0
2026-06-20,4,6,2026-06-20 14:28:00,5,第40回東京スポーツ賞,2,3939,渡辺 真至,4,48,53,0,0,0.14,5.29,47.06,52.94,6,28.57,71.43,0,0,0,0
2026-06-20,4,6,2026-06-20 14:28:00,5,第40回東京スポーツ賞,3,3226,浦田 信義,3,60,52,0,0,0.18,4.4,21.92,41.1,5.09,30.3,51.52,0,0,0,0
2026-06-20,4,6,2026-06-20 14:28:00,5,第40回東京スポーツ賞,4,4234,野相 弘司,3,42,57.1,0,0,0.17,5.01,30.26,46.05,5.41,41.18,58.82,0,0,0,0
2026-06-20,4,6,2026-06-20 14:28:00,5,第40回東京スポーツ賞,5,4588,田中 京介,2,35,53.4,0,0,0.15,5.48,37.61,55.56,6.65,50,65.38,0,0,0,0
2026-06-20,4,6,2026-06-20 14:28:00,5,第40回東京スポーツ賞,6,4427,秦 英悟,1,40,52,0,0,0.14,6.42,43.7,56.3,6.14,32.14,57.14,0,0,0,0
2026-06-20,4,7,2026-06-20 15:00:00,5,第40回東京スポーツ賞,1,5273,山下 拓巳,3,24,52,0,0,0.18,3.89,18.45,33.98,5.14,42.86,42.86,0,0,0,0
2026-06-20,4,7,2026-06-20 15:00:00,5,第40回東京スポーツ賞,2,4040,廣瀬 将亨,2,47,55.8,0,0,0.15,5.74,38.98,52.54,4.6,20,40,0,0,0,0
2026-06-20,4,7,2026-06-20 15:00:00,5,第40回東京スポーツ賞,3,4863,三浦 裕貴,3,37,53.4,1,0,0.15,4.47,20,44.29,4.36,22.22,38.89,0,0,0,0
2026-06-20,4,7,2026-06-20 15:00:00,5,第40回東京スポーツ賞,4,3419,栗原 謙治,4,56,56.3,0,0,0.17,2.37,3.33,3.33,4.5,33.33,33.33,0,0,0,0
2026-06-20,4,7,2026-06-20 15:00:00,5,第40回東京スポーツ賞,5,4581,吉村 誠,1,36,52,1,0,0.14,6.25,47.01,60.45,7.27,63.64,81.82,0,0,0,0
2026-06-20,4,7,2026-06-20 15:00:00,5,第40回東京スポーツ賞,6,4429,豊田 泰洋,3,40,56.5,0,0,0.17,3.35,10,22.5,3.5,0,33.33,0,0,0,0
2026-06-20,4,8,2026-06-20 15:32:00,5,第40回東京スポーツ賞,1,4331,三好 勇人,2,42,53.9,0,0,0.15,6.12,42.48,60.18,7.3,70,80,0,0,0,0
2026-06-20,4,8,2026-06-20 15:32:00,5,第40回東京スポーツ賞,2,3072,西田 靖,3,64,52.2,0,0,0.15,4.18,18.18,35.06,4.79,25.61,43.9,0,0,0,0
2026-06-20,4,8,2026-06-20 15:32:00,5,第40回東京スポーツ賞,3,3976,内田 圭,3,49,52,0,0,0.18,3.47,16.47,24.71,0,0,0,0,0,0,0
2026-06-20,4,8,2026-06-20 15:32:00,5,第40回東京スポーツ賞,4,4757,山田 祐也,1,36,52.7,0,0,0.13,7.01,49.11,63.39,6.17,44.44,55.56,0,0,0,0
2026-06-20,4,8,2026-06-20 15:32:00,5,第40回東京スポーツ賞,5,5023,久永 祥平,3,31,51.5,0,0,0.15,5.8,37.5,58.75,4.95,28.57,52.38,0,0,0,0
2026-06-20,4,8,2026-06-20 15:32:00,5,第40回東京スポーツ賞,6,4491,田中 堅,3,39,52,0,0,0.19,4.47,21.84,40.23,5.24,34.48,48.28,0,0,0,0
2026-06-20,4,9,2026-06-20 16:05:00,5,第40回東京スポーツ賞,1,4424,松尾 昂明,2,41,52,0,0,0.16,5.71,38.28,57.81,6.03,44.44,58.33,0,0,0,0
2026-06-20,4,9,2026-06-20 16:05:00,5,第40回東京スポーツ賞,2,4950,高岡 竜也,2,33,52,0,0,0.17,6.85,55.56,68.25,5.18,27.27,54.55,0,0,0,0
2026-06-20,4,9,2026-06-20 16:05:00,5,第40回東京スポーツ賞,3,4715,村上 遼,1,34,52,0,0,0.12,6.03,36.21,67.24,5.32,32,40,0,0,0,0
2026-06-20,4,9,2026-06-20 16:05:00,5,第40回東京スポーツ賞,4,4119,泥谷 一毅,2,44,52.5,0,0,0.17,5.85,34.69,62.24,7,60,75,0,0,0,0
2026-06-20,4,9,2026-06-20 16:05:00,5,第40回東京スポーツ賞,5,3587,武田 信一,3,53,57.5,0,0,0.17,4.19,18.95,34.74,0,0,0,0,0,0,0
2026-06-20,4,9,2026-06-20 16:05:00,5,第40回東京スポーツ賞,6,5022,伊藤 尚汰,3,31,50.5,0,0,0.16,4.59,31.43,38.57,4.5,16.67,41.67,0,0,0,0
2026-06-20,4,10,2026-06-20 16:37:00,5,第40回東京スポーツ賞,1,4633,森 智也,2,37,52.3,0,0,0.15,5.51,30.97,54.87,4.26,26.09,39.13,0,0,0,0
2026-06-20,4,10,2026-06-20 16:37:00,5,第40回東京スポーツ賞,2,4565,西村 豪洋,3,38,54.2,0,0,0.18,3.8,13.33,32.22,4.71,28.57,35.71,0,0,0,0
2026-06-20,4,10,2026-06-20 16:37:00,5,第40回東京スポーツ賞,3,4034,西原 明生,3,47,53.6,0,0,0.18,3.49,13.95,22.09,0,0,0,0,0,0,0
2026-06-20,4,10,2026-06-20 16:37:00,5,第40回東京スポーツ賞,4,4468,大池 佑来,1,39,52,1,0,0.13,6.51,47.32,64.29,6.91,51.52,70.71,0,0,0,0
2026-06-20,4,10,2026-06-20 16:37:00,5,第40回東京スポーツ賞,5,5098,大江 純,3,30,52.8,0,0,0.16,5.48,35.48,53.76,4.4,23.33,40,0,0,0,0
2026-06-20,4,10,2026-06-20 16:37:00,5,第40回東京スポーツ賞,6,4319,三宅 潤,2,41,52.9,0,0,0.17,5.64,36.84,57.02,5.5,30,55,0,0,0,0
2026-06-20,4,11,2026-06-20 17:08:00,5,第40回東京スポーツ賞,1,4261,岡 祐臣,1,42,55,0,0,0.16,6.23,43.65,61.9,6.05,40.91,61.36,0,0,0,0
2026-06-20,4,11,2026-06-20 17:08:00,5,第40回東京スポーツ賞,2,4315,山崎 昂介,3,42,52.2,0,0,0.19,4.96,32.22,38.89,5.35,29.41,52.94,0,0,0,0
2026-06-20,4,11,2026-06-20 17:08:00,5,第40回東京スポーツ賞,3,4427,秦 英悟,1,40,52,0,0,0.14,6.42,43.7,56.3,6.14,32.14,57.14,0,0,0,0
2026-06-20,4,11,2026-06-20 17:08:00,5,第40回東京スポーツ賞,4,4962,畑 竜生,2,29,52,0,0,0.15,5.65,35.19,57.41,5.52,33.33,52.38,0,0,0,0
2026-06-20,4,11,2026-06-20 17:08:00,5,第40回東京スポーツ賞,5,3661,柳瀬 興志,3,56,58,0,0,0.16,5.26,29.55,51.14,4.57,28.57,42.86,0,0,0,0
2026-06-20,4,11,2026-06-20 17:08:00,5,第40回東京スポーツ賞,6,4040,廣瀬 将亨,2,47,55.8,0,0,0.15,5.74,38.98,52.54,4.6,20,40,0,0,0,0
2026-06-20,4,12,2026-06-20 17:42:00,5,第40回東京スポーツ賞,1,4757,山田 祐也,1,36,53.1,0,0,0.13,7.01,49.11,63.39,6.17,44.44,55.56,0,0,0,0
2026-06-20,4,12,2026-06-20 17:42:00,5,第40回東京スポーツ賞,2,5226,藤田 俊祐,2,24,52,0,0,0.15,6.14,44.44,69.44,5.63,45.83,50,0,0,0,0
2026-06-20,4,12,2026-06-20 17:42:00,5,第40回東京スポーツ賞,3,4411,沢田 昭宏,2,40,53.2,0,0,0.16,5.65,37.5,55.83,5.78,37.5,56.25,0,0,0,0
2026-06-20,4,12,2026-06-20 17:42:00,5,第40回東京スポーツ賞,4,4429,豊田 泰洋,3,40,57.2,0,0,0.17,3.35,10,22.5,3.5,0,33.33,0,0,0,0
2026-06-20,4,12,2026-06-20 17:42:00,5,第40回東京スポーツ賞,5,3377,塚田 修二,3,58,52.6,0,0,0.18,4.29,20.51,41.03,4.32,20.75,37.74,0,0,0,0
2026-06-20,4,12,2026-06-20 17:42:00,5,第40回東京スポーツ賞,6,4588,田中 京介,2,35,53.9,0,0,0.15,5.48,37.61,55.56,6.65,50,65.38,0,0,0,0
2026-06-20,5,1,2026-06-20 11:30:00,5,第10回auじぶん銀行賞,1,5304,井田 涼介,4,23,57.3,0,0,0.17,2.08,3.92,9.8,1.46,2.86,2.86,17.14,28.57,38.46,48.72
2026-06-20,5,1,2026-06-20 11:30:00,5,第10回auじぶん銀行賞,2,4731,間野 兼礼,3,37,52.1,1,0,0.15,5.1,32.1,49.38,5.63,40,57.14,28.57,37.14,43.9,58.54
2026-06-20,5,1,2026-06-20 11:30:00,5,第10回auじぶん銀行賞,3,3771,折下 寛法,3,52,51.5,0,0,0.16,5.12,31.46,50.56,5.18,25,46.43,20,45.71,44.74,57.89
2026-06-20,5,1,2026-06-20 11:30:00,5,第10回auじぶん銀行賞,4,5422,真田 聖也,4,24,52,1,0,,1.42,0,0,1.5,0,0,27.78,44.44,44.44,50
2026-06-20,5,1,2026-06-20 11:30:00,5,第10回auじぶん銀行賞,5,4558,宮野 仁,3,36,52.2,0,0,0.23,4.76,31.03,43.68,4.94,25,56.25,46.34,58.54,16.67,30
2026-06-20,5,1,2026-06-20 11:30:00,5,第10回auじぶん銀行賞,6,4293,鈴木 智啓,2,40,58.3,0,0,0.15,4.89,28.85,47.12,6.11,47.37,68.42,40.82,59.18,21.95,58.54
2026-06-20,5,2,2026-06-20 12:05:00,5,第10回auじぶん銀行賞,1,5035,櫻井 優,3,28,52.7,0,0,0.17,5.64,37.11,55.67,4.94,36.17,48.94,27.27,51.52,12.12,24.24
2026-06-20,5,2,2026-06-20 12:05:00,5,第10回auじぶん銀行賞,2,5135,仲 航太,2,26,52.6,0,0,0.16,3.88,21.67,28.33,5.98,40,60,31.43,48.57,53.57,67.86
2026-06-20,5,2,2026-06-20 12:05:00,5,第10回auじぶん銀行賞,3,4339,平瀬 城啓,3,42,54.2,0,0,0.17,3.87,16.67,32.14,2.85,7.41,18.52,33.33,43.59,35,60
2026-06-20,5,2,2026-06-20 12:05:00,5,第10回auじぶん銀行賞,4,4626,伊藤 紘章,3,40,52,0,0,0.23,4.48,24.64,43.48,4.5,16.67,46.67,45,65,45,57.5
2026-06-20,5,2,2026-06-20 12:05:00,5,第10回auじぶん銀行賞,5,3948,大町 利克,3,50,52.5,0,0,0.19,4.11,18.06,38.89,4.54,28.57,42.86,21.62,37.84,30.95,52.38
2026-06-20,5,2,2026-06-20 12:05:00,5,第10回auじぶん銀行賞,6,3656,伯母 芳恒,3,52,54,0,0,0.16,5.18,30.26,50,5.06,30.34,48.31,33.33,44.44,27.27,50
2026-06-20,5,3,2026-06-20 12:35:00,5,第10回auじぶん銀行賞,1,5341,山道 諄也,4,24,53.7,0,0,0.2,3.08,12.9,17.74,1.85,0,3.85,25,39.29,28.21,41.03
2026-06-20,5,3,2026-06-20 12:35:00,5,第10回auじぶん銀行賞,2,4253,西川 真人,3,43,55.1,0,0,0.18,4.1,16.67,37.96,4.61,21.43,35.71,34.21,50,18.18,27.27
2026-06-20,5,3,2026-06-20 12:35:00,5,第10回auじぶん銀行賞,3,4197,渥美 卓郎,3,44,54.2,0,0,0.18,3.76,15.05,29.03,3.92,24,24,59.38,78.13,27.03,51.35
2026-06-20,5,3,2026-06-20 12:35:00,5,第10回auじぶん銀行賞,4,3863,海老澤 泰行,3,52,55.3,0,0,0.18,4.65,21.79,47.44,5,33.33,47.22,27.78,50,41.46,58.54
2026-06-20,5,3,2026-06-20 12:35:00,5,第10回auじぶん銀行賞,5,4539,金子 賢志,1,35,52,0,0,0.14,6.63,50.83,62.5,6.89,48.15,66.67,33.33,46.15,30.77,41.03
2026-06-20,5,3,2026-06-20 12:35:00,5,第10回auじぶん銀行賞,6,3681,山谷 央,3,52,52,1,0,0.15,4.63,23.08,35.38,5.08,27.08,47.92,25,37.5,18.92,29.73
2026-06-20,5,4,2026-06-20 13:03:00,5,第10回auじぶん銀行賞,1,5109,川崎 智稔,3,26,52,0,0,0.14,5.16,31.25,49.11,5.44,33.33,55.56,22.58,45.16,14.29,37.14
2026-06-20,5,4,2026-06-20 13:03:00,5,第10回auじぶん銀行賞,2,4295,小坂 尚哉,1,39,51.5,0,0,0.15,7.17,53.28,76.23,6.53,47.37,65.79,35.14,56.76,30,50
2026-06-20,5,4,2026-06-20 13:03:00,5,第10回auじぶん銀行賞,3,3814,金子 貴志,3,50,51,0,0,0.17,5.09,30.43,47.83,3.61,16.67,22.22,30.56,50,45,70
2026-06-20,5,4,2026-06-20 13:03:00,5,第10回auじぶん銀行賞,4,5141,大澤 風葵,2,25,51.5,0,0,0.12,6.77,56.67,72.22,6.04,50,60.71,35,62.5,11.11,27.78
2026-06-20,5,4,2026-06-20 13:03:00,5,第10回auじぶん銀行賞,5,5074,大澤 誠也,3,30,55.6,0,0,0.17,4.49,25.58,37.21,3.31,12.5,31.25,28.89,35.56,27.03,35.14
2026-06-20,5,4,2026-06-20 13:03:00,5,第10回auじぶん銀行賞,6,4944,田代 達也,3,35,52.5,0,0,0.15,4.07,20.55,31.51,3.57,17.39,30.43,21.05,31.58,46.51,51.16
2026-06-20,5,5,2026-06-20 13:33:00,5,第10回auじぶん銀行賞,1,3831,安藤 裕貴,3,51,52.4,0,0,0.15,4.62,31.91,43.62,4.27,26.92,34.62,30,42.5,45,60
2026-06-20,5,5,2026-06-20 13:33:00,5,第10回auじぶん銀行賞,2,4877,鈴谷 一平,1,31,54.5,0,0,0.13,5.89,40.78,55.34,5.42,36.84,52.63,29.55,43.18,32.5,55
2026-06-20,5,5,2026-06-20 13:33:00,5,第10回auじぶん銀行賞,3,4731,間野 兼礼,3,37,52.1,1,0,0.15,5.1,32.1,49.38,5.63,40,57.14,28.57,37.14,43.9,58.54
2026-06-20,5,5,2026-06-20 13:33:00,5,第10回auじぶん銀行賞,4,3772,一柳 和孝,3,52,53,0,0,0.15,4.82,21.05,48.68,5.51,32.43,51.35,23.68,34.21,53.66,75.61
2026-06-20,5,5,2026-06-20 13:33:00,5,第10回auじぶん銀行賞,5,4448,青木 玄太,1,39,52.4,0,0,0.17,7.2,58.41,70.8,6.89,55.56,77.78,33.33,41.67,36.59,56.1
2026-06-20,5,5,2026-06-20 13:33:00,5,第10回auじぶん銀行賞,6,4186,小川 時光,3,45,55.5,0,0,0.17,3.47,13.24,26.47,4.58,29.17,41.67,36.84,55.26,31.58,36.84
2026-06-20,5,6,2026-06-20 14:04:00,5,第10回auじぶん銀行賞,1,4558,宮野 仁,3,36,52.2,0,0,0.23,4.76,31.03,43.68,4.94,25,56.25,46.34,58.54,16.67,30
2026-06-20,5,6,2026-06-20 14:04:00,5,第10回auじぶん銀行賞,2,3463,乙津 康志,3,58,52,0,0,0.2,4.96,24.04,50,5.05,25.58,46.51,14.29,37.14,23.53,41.18
2026-06-20,5,6,2026-06-20 14:04:00,5,第10回auじぶん銀行賞,3,3983,須藤 博倫,2,48,52,0,0,0.14,6.66,46.96,69.57,7.1,63.41,73.17,28.95,44.74,35.56,46.67
2026-06-20,5,6,2026-06-20 14:04:00,5,第10回auじぶん銀行賞,4,4933,板橋 侑我,1,30,52.1,0,0,0.13,6.41,39.08,60.92,6.3,43.33,73.33,26.32,42.11,26.32,42.11
2026-06-20,5,6,2026-06-20 14:04:00,5,第10回auじぶん銀行賞,5,4626,伊藤 紘章,3,40,52,0,0,0.23,4.48,24.64,43.48,4.5,16.67,46.67,45,65,45,57.5
2026-06-20,5,6,2026-06-20 14:04:00,5,第10回auじぶん銀行賞,6,4081,樋口 範政,3,47,53.7,0,0,0.19,4.63,24.47,39.36,4.2,27.5,35,48.98,69.39,31.71,56.1
2026-06-20,5,7,2026-06-20 14:35:00,5,第10回auじぶん銀行賞,1,3948,大町 利克,3,50,52.5,0,0,0.19,4.11,18.06,38.89,4.54,28.57,42.86,21.62,37.84,30.95,52.38
2026-06-20,5,7,2026-06-20 14:35:00,5,第10回auじぶん銀行賞,2,4298,宮下 元胤,1,43,52,0,0,0.17,5.77,39.84,58.54,5.91,34.88,60.47,41.94,54.84,20,28.57
2026-06-20,5,7,2026-06-20 14:35:00,5,第10回auじぶん銀行賞,3,4128,川口 貴久,3,46,54.4,1,0,0.17,5.56,34.52,53.57,5.44,36,48,36.84,60.53,21.88,43.75
2026-06-20,5,7,2026-06-20 14:35:00,5,第10回auじぶん銀行賞,4,4197,渥美 卓郎,3,44,54.2,0,0,0.18,3.76,15.05,29.03,3.92,24,24,59.38,78.13,27.03,51.35
2026-06-20,5,7,2026-06-20 14:35:00,5,第10回auじぶん銀行賞,5,4124,池田 雄一,1,44,52.3,0,0,0.17,6.03,40.63,62.5,5.79,31.58,63.16,25,42.86,48.78,58.54
2026-06-20,5,7,2026-06-20 14:35:00,5,第10回auじぶん銀行賞,6,5422,真田 聖也,4,24,52,1,0,,1.42,0,0,1.5,0,0,27.78,44.44,44.44,50
2026-06-20,5,8,2026-06-20 15:07:00,5,第10回auじぶん銀行賞,1,5049,松井 友汰,2,31,52.6,1,0,0.16,5.94,43.4,60.38,5.3,30,50,27.78,44.44,22.58,35.48
2026-06-20,5,8,2026-06-20 15:07:00,5,第10回auじぶん銀行賞,2,5035,櫻井 優,3,28,52.7,0,0,0.17,5.64,37.11,55.67,4.94,36.17,48.94,27.27,51.52,12.12,24.24
2026-06-20,5,8,2026-06-20 15:07:00,5,第10回auじぶん銀行賞,3,4253,西川 真人,3,43,55.1,0,0,0.18,4.1,16.67,37.96,4.61,21.43,35.71,34.21,50,18.18,27.27
2026-06-20,5,8,2026-06-20 15:07:00,5,第10回auじぶん銀行賞,4,4407,鹿島 敏弘,3,40,53.4,0,0,0.18,5.13,28.72,47.87,4.3,16.67,33.33,47.22,58.33,65.79,78.95
2026-06-20,5,8,2026-06-20 15:07:00,5,第10回auじぶん銀行賞,5,5095,小原 聡将,2,32,52.5,0,0,0.14,6.38,42.16,67.65,4.47,26.32,36.84,30.56,44.44,28.95,52.63
2026-06-20,5,8,2026-06-20 15:07:00,5,第10回auじぶん銀行賞,6,3814,金子 貴志,3,50,51,0,0,0.17,5.09,30.43,47.83,3.61,16.67,22.22,30.56,50,45,70
2026-06-20,5,9,2026-06-20 15:40:00,5,第10回auじぶん銀行賞,1,4295,小坂 尚哉,1,39,51.5,0,0,0.15,7.17,53.28,76.23,6.53,47.37,65.79,35.14,56.76,30,50
2026-06-20,5,9,2026-06-20 15:40:00,5,第10回auじぶん銀行賞,2,4339,平瀬 城啓,3,42,54.2,0,0,0.17,3.87,16.67,32.14,2.85,7.41,18.52,33.33,43.59,35,60
2026-06-20,5,9,2026-06-20 15:40:00,5,第10回auじぶん銀行賞,3,5234,塚越 海斗,2,27,52.2,0,0,0.16,7.07,55.15,76.47,6.86,52.38,76.19,34.21,57.89,38.89,58.33
2026-06-20,5,9,2026-06-20 15:40:00,5,第10回auじぶん銀行賞,4,4186,小川 時光,3,45,55.5,0,0,0.17,3.47,13.24,26.47,4.58,29.17,41.67,36.84,55.26,31.58,36.84
2026-06-20,5,9,2026-06-20 15:40:00,5,第10回auじぶん銀行賞,5,5304,井田 涼介,4,23,57.3,0,0,0.17,2.08,3.92,9.8,1.46,2.86,2.86,17.14,28.57,38.46,48.72
2026-06-20,5,9,2026-06-20 15:40:00,5,第10回auじぶん銀行賞,6,4360,庄司 孝輔,3,41,52,0,0,0.18,5.69,33.01,60.19,5.55,40,60,54.76,83.33,32.56,51.16
2026-06-20,5,10,2026-06-20 16:15:00,5,第10回auじぶん銀行賞,1,4448,青木 玄太,1,39,52.4,0,0,0.17,7.2,58.41,70.8,6.89,55.56,77.78,33.33,41.67,36.59,56.1
2026-06-20,5,10,2026-06-20 16:15:00,5,第10回auじぶん銀行賞,2,4401,小林 泰,2,41,52.1,0,0,0.14,5.54,40.86,54.84,6.1,46.67,63.33,13.51,29.73,46.34,63.41
2026-06-20,5,10,2026-06-20 16:15:00,5,第10回auじぶん銀行賞,3,5141,大澤 風葵,2,25,51.5,0,0,0.12,6.77,56.67,72.22,6.04,50,60.71,35,62.5,11.11,27.78
2026-06-20,5,10,2026-06-20 16:15:00,5,第10回auじぶん銀行賞,4,4081,樋口 範政,3,47,53.7,0,0,0.19,4.63,24.47,39.36,4.2,27.5,35,48.98,69.39,31.71,56.1
2026-06-20,5,10,2026-06-20 16:15:00,5,第10回auじぶん銀行賞,5,4790,柳内 敬太,2,36,52.1,1,0,0.16,6.3,44.92,67.8,7.19,59.26,77.78,48.72,58.97,34.15,56.1
2026-06-20,5,10,2026-06-20 16:15:00,5,第10回auじぶん銀行賞,6,3771,折下 寛法,3,52,51.5,0,0,0.16,5.12,31.46,50.56,5.18,25,46.43,20,45.71,44.74,57.89
2026-06-20,5,11,2026-06-20 16:48:00,5,第10回auじぶん銀行賞,1,4933,板橋 侑我,1,30,52.1,0,0,0.13,6.41,39.08,60.92,6.3,43.33,73.33,26.32,42.11,26.32,42.11
2026-06-20,5,11,2026-06-20 16:48:00,5,第10回auじぶん銀行賞,2,4124,池田 雄一,1,44,52.3,0,0,0.17,6.03,40.63,62.5,5.79,31.58,63.16,25,42.86,48.78,58.54
2026-06-20,5,11,2026-06-20 16:48:00,5,第10回auじぶん銀行賞,3,5074,大澤 誠也,3,30,55.6,0,0,0.17,4.49,25.58,37.21,3.31,12.5,31.25,28.89,35.56,27.03,35.14
2026-06-20,5,11,2026-06-20 16:48:00,5,第10回auじぶん銀行賞,4,3656,伯母 芳恒,3,52,54,0,0,0.16,5.18,30.26,50,5.06,30.34,48.31,33.33,44.44,27.27,50
2026-06-20,5,11,2026-06-20 16:48:00,5,第10回auじぶん銀行賞,5,4877,鈴谷 一平,1,31,54.5,0,0,0.13,5.89,40.78,55.34,5.42,36.84,52.63,29.55,43.18,32.5,55
2026-06-20,5,11,2026-06-20 16:48:00,5,第10回auじぶん銀行賞,6,4925,森 悠稀,2,33,52,0,0,0.12,5.36,27.17,53.26,5.09,27.27,36.36,27.03,40.54,21.21,39.39
2026-06-20,5,12,2026-06-20 17:20:00,5,第10回auじぶん銀行賞,1,4762,藤原 啓史朗,1,36,51.5,0,0,0.12,7.02,48,68,5.94,33.33,50,22.86,40,32.43,45.95
2026-06-20,5,12,2026-06-20 17:20:00,5,第10回auじぶん銀行賞,2,4539,金子 賢志,1,35,52,0,0,0.14,6.63,50.83,62.5,6.89,48.15,66.67,33.33,46.15,30.77,41.03
2026-06-20,5,12,2026-06-20 17:20:00,5,第10回auじぶん銀行賞,3,5095,小原 聡将,2,32,52.5,0,0,0.14,6.38,42.16,67.65,4.47,26.32,36.84,30.56,44.44,28.95,52.63
2026-06-20,5,12,2026-06-20 17:20:00,5,第10回auじぶん銀行賞,4,5432,安藤 瑠希,4,21,51.5,0,0,,2.66,6.25,17.19,0,0,0,41.3,50,30,62.5
2026-06-20,5,12,2026-06-20 17:20:00,5,第10回auじぶん銀行賞,5,5109,川崎 智稔,3,26,52,0,0,0.14,5.16,31.25,49.11,5.44,33.33,55.56,22.58,45.16,14.29,37.14
2026-06-20,5,12,2026-06-20 17:20:00,5,第10回auじぶん銀行賞,6,4298,宮下 元胤,1,43,52,0,0,0.17,5.77,39.84,58.54,5.91,34.88,60.47,41.94,54.84,20,28.57
2026-06-20,6,1,2026-06-20 11:33:00,5,にっぽん未来プロジェクト競走in浜名湖,1,3502,渡邉 英児,3,56,52.2,0,0,0.18,5.89,39.58,65.63,5.92,41.82,59.09,60.98,68.29,32.32,43.9
2026-06-20,6,1,2026-06-20 11:33:00,5,にっぽん未来プロジェクト競走in浜名湖,2,3860,松本 浩貴,3,53,52.2,0,0,0.19,3.79,17.28,25.93,4.52,18.52,44.44,48.84,60.47,39.51,61.73
2026-06-20,6,1,2026-06-20 11:33:00,5,にっぽん未来プロジェクト競走in浜名湖,3,4380,鈴木 峻佑,3,41,52.3,0,0,0.17,4.56,27.27,32.95,5.02,33.33,42.11,17.14,34.29,38.89,52.47
2026-06-20,6,1,2026-06-20 11:33:00,5,にっぽん未来プロジェクト競走in浜名湖,4,3313,本吉 正樹,3,60,56.4,0,0,0.19,4.48,25,37.5,3.76,10.34,27.59,26.83,48.78,28.39,43.87
2026-06-20,6,1,2026-06-20 11:33:00,5,にっぽん未来プロジェクト競走in浜名湖,5,5254,羽田 妃希,3,23,46.5,0,0,0.17,4.05,17.33,32,2.7,7.41,18.52,49.02,58.82,34.13,52.1
2026-06-20,6,1,2026-06-20 11:33:00,5,にっぽん未来プロジェクト競走in浜名湖,6,4382,高山 智至,3,41,53.6,0,0,0.16,5.06,26.58,46.84,4.58,21.05,42.11,33.33,43.75,31.93,45.18
2026-06-20,6,2,2026-06-20 11:58:00,5,にっぽん未来プロジェクト競走in浜名湖,1,4618,乃村 康友,3,43,54.2,1,0,0.17,5.2,31.87,53.85,4.73,26.83,48.78,27.27,34.09,21.6,42.4
2026-06-20,6,2,2026-06-20 11:58:00,5,にっぽん未来プロジェクト競走in浜名湖,2,4737,竹井 貴史,2,34,53.4,1,0,0.16,7.55,61.79,81.3,6.78,44.44,66.67,41.46,56.1,43.13,56.25
2026-06-20,6,2,2026-06-20 11:58:00,5,にっぽん未来プロジェクト競走in浜名湖,3,4247,齊藤 優,3,44,54,0,0,0.16,5.28,29.03,51.61,0,0,0,33.33,55.56,23.7,45.19
2026-06-20,6,2,2026-06-20 11:58:00,5,にっぽん未来プロジェクト競走in浜名湖,4,3224,栗山 繁洋,3,61,52.2,0,0,0.19,3.77,15.56,30,4.19,19.23,34.62,36.59,43.9,29.53,44.3
2026-06-20,6,2,2026-06-20 11:58:00,5,にっぽん未来プロジェクト競走in浜名湖,5,4391,松田 祐季,1,40,52,0,0,0.17,6.43,45.28,59.43,6.8,60,70,43.18,61.36,29.45,51.53
2026-06-20,6,2,2026-06-20 11:58:00,5,にっぽん未来プロジェクト競走in浜名湖,6,5454,谷島 咲希,4,20,48.3,0,0,,1.4,0,0,0,0,0,44.19,62.79,26.57,48.95
2026-06-20,6,3,2026-06-20 12:28:00,5,にっぽん未来プロジェクト競走in浜名湖,1,4484,稲生 夏季,3,35,49.2,0,0,0.19,4.68,22.97,39.19,3.63,0,37.5,28.21,43.59,37.04,53.09
2026-06-20,6,3,2026-06-20 12:28:00,5,にっぽん未来プロジェクト競走in浜名湖,2,4789,古賀 智之,2,36,53.5,0,0,0.17,5.82,40,59.2,4.24,14.29,42.86,32.5,42.5,28.29,46.05
2026-06-20,6,3,2026-06-20 12:28:00,5,にっぽん未来プロジェクト競走in浜名湖,3,4930,佐藤 悠,2,30,52.6,0,0,0.14,5.85,40.91,55.45,5.04,34.78,47.83,42.86,61.9,29.94,45.86
2026-06-20,6,3,2026-06-20 12:28:00,5,にっぽん未来プロジェクト競走in浜名湖,4,5344,谷口 丞,3,23,52.2,0,0,0.16,4.46,25.84,39.33,2.78,11.11,11.11,39.53,65.12,32.92,49.07
2026-06-20,6,3,2026-06-20 12:28:00,5,にっぽん未来プロジェクト競走in浜名湖,5,5366,塩嶋 泰空,4,24,55.2,0,0,0.19,1.34,1.49,1.49,1,0,0,34.78,58.7,36.14,53.01
2026-06-20,6,3,2026-06-20 12:28:00,5,にっぽん未来プロジェクト競走in浜名湖,6,3623,深川 真二,1,52,51,0,0,0.14,7.55,62.83,79.65,7.8,65.85,75.61,27.27,38.64,41.36,53.7
2026-06-20,6,4,2026-06-20 13:00:00,5,にっぽん未来プロジェクト競走in浜名湖,1,3952,中澤 和志,1,49,52.5,0,0,0.15,6.65,46.56,64.89,6.71,46.94,63.27,20.93,44.19,33.96,55.97
2026-06-20,6,4,2026-06-20 13:00:00,5,にっぽん未来プロジェクト競走in浜名湖,2,3987,後藤 正宗,3,48,53.4,0,0,0.15,6.11,42,64,5.84,35.4,61.06,17.14,31.43,29.45,42.94
2026-06-20,6,4,2026-06-20 13:00:00,5,にっぽん未来プロジェクト競走in浜名湖,3,5185,加藤 優弥,3,26,51.5,0,0,0.15,5.24,33.68,51.58,5.12,32,44,23.68,31.58,29.73,50.68
2026-06-20,6,4,2026-06-20 13:00:00,5,にっぽん未来プロジェクト競走in浜名湖,4,4327,加藤 翔,3,43,52.3,0,0,0.18,3.92,17.89,34.74,5.27,36.96,47.83,30,54,29.73,49.32
2026-06-20,6,4,2026-06-20 13:00:00,5,にっぽん未来プロジェクト競走in浜名湖,5,5106,山崎 祥,3,27,51.5,0,0,0.19,5.41,30.23,53.49,0,0,0,44.68,59.57,35.76,51.52
2026-06-20,6,4,2026-06-20 13:00:00,5,にっぽん未来プロジェクト競走in浜名湖,6,4395,下河 雅史,3,40,53.4,0,0,0.18,5.15,33.33,47.92,5.64,36.11,52.78,25.64,43.59,37.35,56.02
2026-06-20,6,5,2026-06-20 13:28:00,5,にっぽん未来プロジェクト競走in浜名湖,1,4003,表 憲一,3,48,54.1,0,0,0.16,5.6,38.27,59.26,4.5,12.5,25,52.5,75,21.99,39.01
2026-06-20,6,5,2026-06-20 13:28:00,5,にっぽん未来プロジェクト競走in浜名湖,2,3896,上田 洋平,3,49,52,0,0,0.17,5.49,33.73,59.04,5.22,27.78,50,53.33,62.22,30.86,48.77
2026-06-20,6,5,2026-06-20 13:28:00,5,にっぽん未来プロジェクト競走in浜名湖,3,3385,渡邉 睦広,2,57,52,0,0,0.17,5.43,38.89,53.7,5.35,38.24,44.12,21.28,36.17,26.99,43.56
2026-06-20,6,5,2026-06-20 13:28:00,5,にっぽん未来プロジェクト競走in浜名湖,4,4356,長岡 良也,1,42,52.1,0,0,0.15,5.04,32.43,45.95,6.68,47.37,68.42,43.75,56.25,28.93,50.31
2026-06-20,6,5,2026-06-20 13:28:00,5,にっぽん未来プロジェクト競走in浜名湖,5,5357,田中 瀬里奈,4,21,53.6,0,0,0.19,1.64,1.3,2.6,1,0,0,34.04,48.94,27.61,44.03
2026-06-20,6,5,2026-06-20 13:28:00,5,にっぽん未来プロジェクト競走in浜名湖,6,4361,柳生 泰二,1,41,52.4,0,0,0.15,7.17,51.4,69.16,7.35,70,80,41.86,67.44,33.94,49.7
2026-06-20,6,6,2026-06-20 14:02:00,5,にっぽん未来プロジェクト競走in浜名湖,1,4023,柴田 友和,3,48,52.4,0,0,0.18,4,21.43,33.33,5.06,35.29,47.06,47.73,63.64,38.04,57.06
2026-06-20,6,6,2026-06-20 14:02:00,5,にっぽん未来プロジェクト競走in浜名湖,2,4856,豊田 健士郎,1,30,52.8,0,0,0.14,7.07,52.24,71.64,6.08,41.67,52.78,30.43,45.65,32.32,51.22
2026-06-20,6,6,2026-06-20 14:02:00,5,にっぽん未来プロジェクト競走in浜名湖,3,4903,吉田 凌太朗,1,32,52,0,0,0.15,6.67,51.89,65.09,6.4,50,70,35.71,61.9,23.4,40.43
2026-06-20,6,6,2026-06-20 14:02:00,5,にっぽん未来プロジェクト競走in浜名湖,4,5060,数原 魁,3,29,52,0,0,0.17,5.95,46.15,59.34,4.26,10.53,47.37,43.14,56.86,31.33,45.78
2026-06-20,6,6,2026-06-20 14:02:00,5,にっぽん未来プロジェクト競走in浜名湖,5,4012,中村 有裕,2,46,58.4,0,0,0.15,5.96,45.05,57.14,0,0,0,37.78,55.56,38.56,52.94
2026-06-20,6,6,2026-06-20 14:02:00,5,にっぽん未来プロジェクト競走in浜名湖,6,3860,松本 浩貴,3,53,52.2,0,0,0.19,3.79,17.28,25.93,4.52,18.52,44.44,48.84,60.47,39.51,61.73
2026-06-20,6,7,2026-06-20 14:33:00,5,にっぽん未来プロジェクト競走in浜名湖,1,4208,三浦 永理,1,43,47,0,0,0.15,7.1,54.4,75.2,7.17,55.56,71.43,16.67,30.56,36.97,56.97
2026-06-20,6,7,2026-06-20 14:33:00,5,にっぽん未来プロジェクト競走in浜名湖,2,5182,宮崎 安奈,3,28,47,0,0,0.14,4.92,28.21,47.44,0,0,0,17.95,33.33,33.54,51.83
2026-06-20,6,7,2026-06-20 14:33:00,5,にっぽん未来プロジェクト競走in浜名湖,3,5254,羽田 妃希,3,23,46.5,0,0,0.17,4.05,17.33,32,2.7,7.41,18.52,49.02,58.82,34.13,52.1
2026-06-20,6,7,2026-06-20 14:33:00,5,にっぽん未来プロジェクト競走in浜名湖,4,4478,櫻本 あゆみ,2,38,48.9,0,0,0.15,6.54,45.26,70.53,5.94,38.71,67.74,10.53,31.58,40.96,62.05
2026-06-20,6,7,2026-06-20 14:33:00,5,にっぽん未来プロジェクト競走in浜名湖,5,4484,稲生 夏季,3,35,49.2,0,0,0.19,4.68,22.97,39.19,3.63,0,37.5,28.21,43.59,37.04,53.09
2026-06-20,6,7,2026-06-20 14:33:00,5,にっぽん未来プロジェクト競走in浜名湖,6,4819,蜂須 瑞生,2,35,46,0,0,0.16,5.58,34.91,59.43,5.94,36.11,61.11,35.42,64.58,41.98,58.02
2026-06-20,6,8,2026-06-20 15:05:00,5,にっぽん未来プロジェクト競走in浜名湖,1,3905,天野 友和,2,48,52.2,0,0,0.15,6.49,49.17,70,6.2,46.67,66.67,22.45,32.65,38.75,58.75
2026-06-20,6,8,2026-06-20 15:05:00,5,にっぽん未来プロジェクト競走in浜名湖,2,3293,宮内 由紀英,3,60,52,0,0,0.2,3.4,8.33,26.39,4.27,26.92,38.46,33.96,47.17,40.72,56.29
2026-06-20,6,8,2026-06-20 15:05:00,5,にっぽん未来プロジェクト競走in浜名湖,3,5366,塩嶋 泰空,4,24,55.2,0,0,0.19,1.34,1.49,1.49,1,0,0,34.78,58.7,36.14,53.01
2026-06-20,6,8,2026-06-20 15:05:00,5,にっぽん未来プロジェクト競走in浜名湖,4,4019,笠原 亮,1,46,52.1,0,0,0.16,6.75,46.15,60.68,7.36,57.53,75.34,32,52,28.75,46.88
2026-06-20,6,8,2026-06-20 15:05:00,5,にっぽん未来プロジェクト競走in浜名湖,5,3502,渡邉 英児,3,56,52.2,0,0,0.18,5.89,39.58,65.63,5.92,41.82,59.09,60.98,68.29,32.32,43.9
2026-06-20,6,8,2026-06-20 15:05:00,5,にっぽん未来プロジェクト競走in浜名湖,6,4247,齊藤 優,3,44,54,0,0,0.16,5.28,29.03,51.61,0,0,0,33.33,55.56,23.7,45.19
2026-06-20,6,9,2026-06-20 15:38:00,5,にっぽん未来プロジェクト競走in浜名湖,1,5106,山崎 祥,3,27,51.5,0,0,0.19,5.41,30.23,53.49,0,0,0,44.68,59.57,35.76,51.52
2026-06-20,6,9,2026-06-20 15:38:00,5,にっぽん未来プロジェクト競走in浜名湖,2,3548,室田 泰史,2,56,54.1,0,0,0.12,5.33,36.21,52.59,6.32,40,60,45.24,59.52,27.21,40.82
2026-06-20,6,9,2026-06-20 15:38:00,5,にっぽん未来プロジェクト競走in浜名湖,3,4382,高山 智至,3,41,53.9,0,0,0.16,5.06,26.58,46.84,4.58,21.05,42.11,33.33,43.75,31.93,45.18
2026-06-20,6,9,2026-06-20 15:38:00,5,にっぽん未来プロジェクト競走in浜名湖,4,4737,竹井 貴史,2,34,53.7,1,0,0.16,7.55,61.79,81.3,6.78,44.44,66.67,41.46,56.1,43.13,56.25
2026-06-20,6,9,2026-06-20 15:38:00,5,にっぽん未来プロジェクト競走in浜名湖,5,4930,佐藤 悠,2,30,52.9,0,0,0.14,5.85,40.91,55.45,5.04,34.78,47.83,42.86,61.9,29.94,45.86
2026-06-20,6,9,2026-06-20 15:38:00,5,にっぽん未来プロジェクト競走in浜名湖,6,4356,長岡 良也,1,42,52.2,0,0,0.15,5.04,32.43,45.95,6.68,47.37,68.42,43.75,56.25,28.93,50.31
2026-06-20,6,10,2026-06-20 16:07:00,5,にっぽん未来プロジェクト競走in浜名湖,1,3333,丸尾 義孝,2,58,52.2,0,0,0.14,6.18,44.74,58.77,6,42.86,57.14,29.17,39.58,33.54,51.27
2026-06-20,6,10,2026-06-20 16:07:00,5,にっぽん未来プロジェクト競走in浜名湖,2,4012,中村 有裕,2,46,58.4,0,0,0.15,5.96,45.05,57.14,0,0,0,37.78,55.56,38.56,52.94
2026-06-20,6,10,2026-06-20 16:07:00,5,にっぽん未来プロジェクト競走in浜名湖,3,4391,松田 祐季,1,40,52,0,0,0.17,6.43,45.28,59.43,6.8,60,70,43.18,61.36,29.45,51.53
2026-06-20,6,10,2026-06-20 16:07:00,5,にっぽん未来プロジェクト競走in浜名湖,4,4380,鈴木 峻佑,3,41,52.3,0,0,0.17,4.56,27.27,32.95,5.02,33.33,42.11,17.14,34.29,38.89,52.47
2026-06-20,6,10,2026-06-20 16:07:00,5,にっぽん未来プロジェクト競走in浜名湖,5,4789,古賀 智之,2,36,53.5,0,0,0.17,5.82,40,59.2,4.24,14.29,42.86,32.5,42.5,28.29,46.05
2026-06-20,6,10,2026-06-20 16:07:00,5,にっぽん未来プロジェクト競走in浜名湖,6,3896,上田 洋平,3,49,52,0,0,0.17,5.49,33.73,59.04,5.22,27.78,50,53.33,62.22,30.86,48.77
2026-06-20,6,11,2026-06-20 16:35:00,5,にっぽん未来プロジェクト競走in浜名湖,1,4102,益田 啓司,1,47,52,0,0,0.15,6.42,50,62.88,8.45,63.64,100,20.51,30.77,33.33,47.53
2026-06-20,6,11,2026-06-20 16:35:00,5,にっぽん未来プロジェクト競走in浜名湖,2,4819,蜂須 瑞生,2,35,46,0,0,0.16,5.58,34.91,59.43,5.94,36.11,61.11,35.42,64.58,41.98,58.02
2026-06-20,6,11,2026-06-20 16:35:00,5,にっぽん未来プロジェクト競走in浜名湖,3,4395,下河 雅史,3,40,53.4,0,0,0.18,5.15,33.33,47.92,5.64,36.11,52.78,25.64,43.59,37.35,56.02
2026-06-20,6,11,2026-06-20 16:35:00,5,にっぽん未来プロジェクト競走in浜名湖,4,4618,乃村 康友,3,43,54.2,1,0,0.17,5.2,31.87,53.85,4.73,26.83,48.78,27.27,34.09,21.6,42.4
2026-06-20,6,11,2026-06-20 16:35:00,5,にっぽん未来プロジェクト競走in浜名湖,5,4903,吉田 凌太朗,1,32,52,0,0,0.15,6.67,51.89,65.09,6.4,50,70,35.71,61.9,23.4,40.43
2026-06-20,6,11,2026-06-20 16:35:00,5,にっぽん未来プロジェクト競走in浜名湖,6,3385,渡邉 睦広,2,57,52,0,0,0.17,5.43,38.89,53.7,5.35,38.24,44.12,21.28,36.17,26.99,43.56
2026-06-20,6,12,2026-06-20 17:02:00,5,にっぽん未来プロジェクト競走in浜名湖,1,4019,笠原 亮,1,46,52.1,0,0,0.16,6.75,46.15,60.68,7.36,57.53,75.34,32,52,28.75,46.88
2026-06-20,6,12,2026-06-20 17:02:00,5,にっぽん未来プロジェクト競走in浜名湖,2,3623,深川 真二,1,52,51,0,0,0.14,7.55,62.83,79.65,7.8,65.85,75.61,27.27,38.64,41.36,53.7
2026-06-20,6,12,2026-06-20 17:02:00,5,にっぽん未来プロジェクト競走in浜名湖,3,4361,柳生 泰二,1,41,52.4,0,0,0.15,7.17,51.4,69.16,7.35,70,80,41.86,67.44,33.94,49.7
2026-06-20,6,12,2026-06-20 17:02:00,5,にっぽん未来プロジェクト競走in浜名湖,4,3952,中澤 和志,1,49,52.5,0,0,0.15,6.65,46.56,64.89,6.71,46.94,63.27,20.93,44.19,33.96,55.97
2026-06-20,6,12,2026-06-20 17:02:00,5,にっぽん未来プロジェクト競走in浜名湖,5,4208,三浦 永理,1,43,47,0,0,0.15,7.1,54.4,75.2,7.17,55.56,71.43,16.67,30.56,36.97,56.97
2026-06-20,6,12,2026-06-20 17:02:00,5,にっぽん未来プロジェクト競走in浜名湖,6,4856,豊田 健士郎,1,30,52.8,0,0,0.14,7.07,52.24,71.64,6.08,41.67,52.78,30.43,45.65,32.32,51.22
2026-06-20,7,1,2026-06-20 15:25:00,5,トランスワードトロフィー2026,1,3875,廣中 良一,3,49,52,0,0,0.17,4.11,21.78,35.64,5.44,37.04,51.85,33.18,50.45,32.14,52.55
2026-06-20,7,1,2026-06-20 15:25:00,5,トランスワードトロフィー2026,2,4431,石塚 裕介,3,40,52.2,0,0,0.16,4.69,28.57,41.43,5.45,35.48,58.06,23.62,38.58,34.07,48.23
2026-06-20,7,1,2026-06-20 15:25:00,5,トランスワードトロフィー2026,3,5006,久保原 秀人,3,29,54.1,0,0,0.17,3.52,14.61,28.09,3.97,13.79,34.48,33.05,47.7,34.55,49.09
2026-06-20,7,1,2026-06-20 15:25:00,5,トランスワードトロフィー2026,4,3741,松尾 基成,3,52,56,0,0,0.19,3.56,16.05,23.46,2.73,0,18.18,23.73,39.83,31.79,45.09
2026-06-20,7,1,2026-06-20 15:25:00,5,トランスワードトロフィー2026,5,4665,加藤 啓太,3,42,52,0,0,0.18,3.83,9.3,30.23,4.14,21.43,39.29,39.47,62.63,29.94,43.71
2026-06-20,7,1,2026-06-20 15:25:00,5,トランスワードトロフィー2026,6,3793,高橋 真吾,3,53,56.4,0,0,0.17,4.25,21.88,43.75,4.5,25,42.86,37.88,53.03,36.53,56.62
2026-06-20,7,2,2026-06-20 15:53:00,5,トランスワードトロフィー2026,1,4201,佐竹 友樹,3,43,52.5,0,0,0.16,4.23,20,34.44,4.86,14.29,57.14,25.2,46.34,31.1,45.45
2026-06-20,7,2,2026-06-20 15:53:00,5,トランスワードトロフィー2026,2,5010,宇留田 翔平,2,29,54.3,0,0,0.15,5.28,36.59,54.47,3.25,12.5,12.5,35.34,52.63,38.42,59.47
2026-06-20,7,2,2026-06-20 15:53:00,5,トランスワードトロフィー2026,3,4893,渡邉 真奈美,3,35,46,0,0,0.17,5.35,32.98,47.87,4.22,11.11,44.44,36.63,55.56,32.77,46.89
2026-06-20,7,2,2026-06-20 15:53:00,5,トランスワードトロフィー2026,4,4461,安田 吉宏,3,40,57.4,0,0,0.17,4.4,16.85,44.94,4.1,13.79,37.93,34.17,50.83,31.61,47.67
2026-06-20,7,2,2026-06-20 15:53:00,5,トランスワードトロフィー2026,5,4995,田邉 亮蔵,3,35,54.3,0,0,0.18,4.71,28.21,39.74,0,0,0,34.19,52.21,35.1,53.37
2026-06-20,7,2,2026-06-20 15:53:00,5,トランスワードトロフィー2026,6,3542,清水 紀克,3,57,55.2,0,0,0.19,3.97,20,32.63,3.86,25,31.82,33.96,54.48,32.29,49.48
2026-06-20,7,3,2026-06-20 16:24:00,5,トランスワードトロフィー2026,1,5070,中島 航,3,32,52.2,0,0,0.18,3.48,17.46,25.4,4.04,22.22,29.63,29.07,45.37,37.91,57.35
2026-06-20,7,3,2026-06-20 16:24:00,5,トランスワードトロフィー2026,2,3432,宮迫 暢彦,3,58,52.3,1,0,0.16,4.03,20,35.71,4.39,27.78,33.33,36.02,51.69,35.05,51.87
2026-06-20,7,3,2026-06-20 16:24:00,5,トランスワードトロフィー2026,3,5014,梶山 涼斗,3,28,52.7,0,0,0.13,4.85,30.38,46.84,3.7,18.52,29.63,26.88,40.63,33.17,52.76
2026-06-20,7,3,2026-06-20 16:24:00,5,トランスワードトロフィー2026,4,5057,上田 紗奈,3,29,46,0,0,0.16,5.64,41.41,52.53,0,0,0,31.33,50.2,31.46,44.38
2026-06-20,7,3,2026-06-20 16:24:00,5,トランスワードトロフィー2026,5,4652,酒見 峻介,2,40,51,0,0,0.16,4.74,20,43.53,5.54,39.29,53.57,31.89,48.43,34.45,59.33
2026-06-20,7,3,2026-06-20 16:24:00,5,トランスワードトロフィー2026,6,5291,三嶌 こころ,3,24,48,0,0,0.19,3.86,17.86,31.25,3.29,5.88,17.65,29.88,42.07,38.76,54.49
2026-06-20,7,4,2026-06-20 16:52:00,5,トランスワードトロフィー2026,1,5115,香川 颯太,4,26,52,0,0,0.15,5.17,37.5,51.39,5.55,27.27,54.55,35.59,56.31,33.89,48.33
2026-06-20,7,4,2026-06-20 16:52:00,5,トランスワードトロフィー2026,2,3277,齋藤 勇,3,59,52.1,0,0,0.17,4.24,19.78,32.97,3.85,21.21,33.33,36.48,51.93,31.34,51.15
2026-06-20,7,4,2026-06-20 16:52:00,5,トランスワードトロフィー2026,3,4649,和田 操拓,2,42,52,0,0,0.12,5.22,32.77,50.42,5.74,39.13,56.52,26.47,36.27,32.14,45.92
2026-06-20,7,4,2026-06-20 16:52:00,5,トランスワードトロフィー2026,4,5218,山田 理央,2,26,45.5,1,0,0.15,6.64,46.51,69.77,6.33,38.1,66.67,30.71,46.85,31.48,46.91
2026-06-20,7,4,2026-06-20 16:52:00,5,トランスワードトロフィー2026,5,3845,中谷 朋子,3,49,45.5,0,0,0.19,5.49,32.35,55.88,5.76,38.1,59.52,35.8,50.62,33.64,49.77
2026-06-20,7,4,2026-06-20 16:52:00,5,トランスワードトロフィー2026,6,5393,藤原 駿,4,25,57,0,0,0.22,1.47,0,1.32,1.53,0,0,30.13,44.54,36.63,55.45
2026-06-20,7,5,2026-06-20 17:22:00,5,トランスワードトロフィー2026,1,5006,久保原 秀人,3,29,54.1,0,0,0.17,3.52,14.61,28.09,3.97,13.79,34.48,33.05,47.7,34.55,49.09
2026-06-20,7,5,2026-06-20 17:22:00,5,トランスワードトロフィー2026,2,4120,柘植 政浩,2,44,51,0,0,0.18,5.77,41.94,55.65,5.52,36.36,51.52,24.54,41.72,34.31,52.94
2026-06-20,7,5,2026-06-20 17:22:00,5,トランスワードトロフィー2026,3,3577,向所 浩二,3,53,60,0,0,0.15,4.74,23.26,40.7,4.73,26.67,26.67,28.07,46.05,42.22,55.56
2026-06-20,7,5,2026-06-20 17:22:00,5,トランスワードトロフィー2026,4,4684,楠原 翔太,2,35,52.7,0,0,0.14,5.32,29.91,53.27,5.75,37.5,50,33.47,51.79,31.18,51.18
2026-06-20,7,5,2026-06-20 17:22:00,5,トランスワードトロフィー2026,5,3793,高橋 真吾,3,53,56.4,0,0,0.17,4.25,21.88,43.75,4.5,25,42.86,37.88,53.03,36.53,56.62
2026-06-20,7,5,2026-06-20 17:22:00,5,トランスワードトロフィー2026,6,4635,峰重 力也,3,36,52,0,0,0.15,5.55,39.13,55.07,6.2,50,70,27.4,44.52,34.43,50.94
2026-06-20,7,6,2026-06-20 17:50:00,5,トランスワードトロフィー2026,1,4781,西舘 果里,4,39,50.5,1,0,0.14,4.82,35.71,39.29,0,0,0,30,44.71,32.99,48.97
2026-06-20,7,6,2026-06-20 17:50:00,5,トランスワードトロフィー2026,2,5252,荒木 颯斗,2,23,51.5,0,0,0.15,5.82,40.32,62.9,4.5,22.22,50,26.79,41.07,30.57,47.15
2026-06-20,7,6,2026-06-20 17:50:00,5,トランスワードトロフィー2026,3,3875,廣中 良一,3,49,52,0,0,0.17,4.11,21.78,35.64,5.44,37.04,51.85,33.18,50.45,32.14,52.55
2026-06-20,7,6,2026-06-20 17:50:00,5,トランスワードトロフィー2026,4,4201,佐竹 友樹,3,43,52.5,0,0,0.16,4.23,20,34.44,4.86,14.29,57.14,25.2,46.34,31.1,45.45
2026-06-20,7,6,2026-06-20 17:50:00,5,トランスワードトロフィー2026,5,4357,田中 和也,1,41,52,0,0,0.16,6.96,56.41,75.21,7.57,66.67,76.19,27.33,44,35.42,50.52
2026-06-20,7,6,2026-06-20 17:50:00,5,トランスワードトロフィー2026,6,3741,松尾 基成,3,52,56,0,0,0.19,3.56,16.05,23.46,2.73,0,18.18,23.73,39.83,31.79,45.09
2026-06-20,7,7,2026-06-20 18:19:00,5,トランスワードトロフィー2026,1,4995,田邉 亮蔵,3,35,54.3,0,0,0.18,4.71,28.21,39.74,0,0,0,34.19,52.21,35.1,53.37
2026-06-20,7,7,2026-06-20 18:19:00,5,トランスワードトロフィー2026,2,4665,加藤 啓太,3,42,52,0,0,0.18,3.83,9.3,30.23,4.14,21.43,39.29,39.47,62.63,29.94,43.71
2026-06-20,7,7,2026-06-20 18:19:00,5,トランスワードトロフィー2026,3,4938,小芦 るり華,1,28,47.6,0,0,0.15,6.69,50,61.67,8.4,70,90,33.07,50.79,33.51,44.85
2026-06-20,7,7,2026-06-20 18:19:00,5,トランスワードトロフィー2026,4,3484,芝田 浩治,2,54,52.9,0,0,0.16,5.75,42.42,56.57,6.62,46.15,61.54,23.81,38.78,38.07,57.87
2026-06-20,7,7,2026-06-20 18:19:00,5,トランスワードトロフィー2026,5,5291,三嶌 こころ,3,24,48,0,0,0.19,3.86,17.86,31.25,3.29,5.88,17.65,29.88,42.07,38.76,54.49
2026-06-20,7,7,2026-06-20 18:19:00,5,トランスワードトロフィー2026,6,5007,近藤 雄一郎,3,29,53.6,1,0,0.16,4.99,26.37,45.05,4.61,33.33,44.44,26.09,42.75,39.66,54.74
2026-06-20,7,8,2026-06-20 18:47:00,5,トランスワードトロフィー2026,1,5377,鳥居塚 嶺王,3,22,50.5,0,0,0.15,3.73,15.71,32.86,0,0,0,27.37,43.58,31.84,48.26
2026-06-20,7,8,2026-06-20 18:47:00,5,トランスワードトロフィー2026,2,5057,上田 紗奈,3,29,46,0,0,0.16,5.64,41.41,52.53,0,0,0,31.33,50.2,31.46,44.38
2026-06-20,7,8,2026-06-20 18:47:00,5,トランスワードトロフィー2026,3,5218,山田 理央,2,26,45.5,1,0,0.15,6.64,46.51,69.77,6.33,38.1,66.67,30.71,46.85,31.48,46.91
2026-06-20,7,8,2026-06-20 18:47:00,5,トランスワードトロフィー2026,4,5070,中島 航,3,32,52.2,0,0,0.18,3.48,17.46,25.4,4.04,22.22,29.63,29.07,45.37,37.91,57.35
2026-06-20,7,8,2026-06-20 18:47:00,5,トランスワードトロフィー2026,5,5393,藤原 駿,4,25,57,0,0,0.22,1.47,0,1.32,1.53,0,0,30.13,44.54,36.63,55.45
2026-06-20,7,8,2026-06-20 18:47:00,5,トランスワードトロフィー2026,6,4461,安田 吉宏,3,40,57.4,0,0,0.17,4.4,16.85,44.94,4.1,13.79,37.93,34.17,50.83,31.61,47.67
2026-06-20,7,9,2026-06-20 19:17:00,5,トランスワードトロフィー2026,1,4684,楠原 翔太,2,35,52.7,0,0,0.14,5.32,29.91,53.27,5.75,37.5,50,33.47,51.79,31.18,51.18
2026-06-20,7,9,2026-06-20 19:17:00,5,トランスワードトロフィー2026,2,3845,中谷 朋子,3,49,45.5,0,0,0.19,5.49,32.35,55.88,5.76,38.1,59.52,35.8,50.62,33.64,49.77
2026-06-20,7,9,2026-06-20 19:17:00,5,トランスワードトロフィー2026,3,4431,石塚 裕介,3,40,52.2,0,0,0.16,4.69,28.57,41.43,5.45,35.48,58.06,23.62,38.58,34.07,48.23
2026-06-20,7,9,2026-06-20 19:17:00,5,トランスワードトロフィー2026,4,4649,和田 操拓,2,42,52,0,0,0.12,5.22,32.77,50.42,5.74,39.13,56.52,26.47,36.27,32.14,45.92
2026-06-20,7,9,2026-06-20 19:17:00,5,トランスワードトロフィー2026,5,4893,渡邉 真奈美,3,35,46,0,0,0.17,5.35,32.98,47.87,4.22,11.11,44.44,36.63,55.56,32.77,46.89
2026-06-20,7,9,2026-06-20 19:17:00,5,トランスワードトロフィー2026,6,5014,梶山 涼斗,3,28,52.7,0,0,0.13,4.85,30.38,46.84,3.7,18.52,29.63,26.88,40.63,33.17,52.76
2026-06-20,7,10,2026-06-20 19:47:00,5,トランスワードトロフィー2026,1,3542,清水 紀克,3,57,55.2,0,0,0.19,3.97,20,32.63,3.86,25,31.82,33.96,54.48,32.29,49.48
2026-06-20,7,10,2026-06-20 19:47:00,5,トランスワードトロフィー2026,2,4357,田中 和也,1,41,52,0,0,0.16,6.96,56.41,75.21,7.57,66.67,76.19,27.33,44,35.42,50.52
2026-06-20,7,10,2026-06-20 19:47:00,5,トランスワードトロフィー2026,3,4120,柘植 政浩,2,44,51,0,0,0.18,5.77,41.94,55.65,5.52,36.36,51.52,24.54,41.72,34.31,52.94
2026-06-20,7,10,2026-06-20 19:47:00,5,トランスワードトロフィー2026,4,5252,荒木 颯斗,2,23,51.5,0,0,0.15,5.82,40.32,62.9,4.5,22.22,50,26.79,41.07,30.57,47.15
2026-06-20,7,10,2026-06-20 19:47:00,5,トランスワードトロフィー2026,5,3432,宮迫 暢彦,3,58,52.3,1,0,0.16,4.03,20,35.71,4.39,27.78,33.33,36.02,51.69,35.05,51.87
2026-06-20,7,10,2026-06-20 19:47:00,5,トランスワードトロフィー2026,6,3277,齋藤 勇,3,59,52.1,0,0,0.17,4.24,19.78,32.97,3.85,21.21,33.33,36.48,51.93,31.34,51.15
2026-06-20,7,11,2026-06-20 20:15:00,5,トランスワードトロフィー2026,1,4938,小芦 るり華,1,28,47.6,0,0,0.15,6.69,50,61.67,8.4,70,90,33.07,50.79,33.51,44.85
2026-06-20,7,11,2026-06-20 20:15:00,5,トランスワードトロフィー2026,2,4652,酒見 峻介,2,40,51,0,0,0.16,4.74,20,43.53,5.54,39.29,53.57,31.89,48.43,34.45,59.33
2026-06-20,7,11,2026-06-20 20:15:00,5,トランスワードトロフィー2026,3,3484,芝田 浩治,2,54,52.9,0,0,0.16,5.75,42.42,56.57,6.62,46.15,61.54,23.81,38.78,38.07,57.87
2026-06-20,7,11,2026-06-20 20:15:00,5,トランスワードトロフィー2026,4,5377,鳥居塚 嶺王,3,22,50.5,0,0,0.15,3.73,15.71,32.86,0,0,0,27.37,43.58,31.84,48.26
2026-06-20,7,11,2026-06-20 20:15:00,5,トランスワードトロフィー2026,5,5010,宇留田 翔平,2,29,54.3,0,0,0.15,5.28,36.59,54.47,3.25,12.5,12.5,35.34,52.63,38.42,59.47
2026-06-20,7,11,2026-06-20 20:15:00,5,トランスワードトロフィー2026,6,5115,香川 颯太,4,26,52,0,0,0.15,5.17,37.5,51.39,5.55,27.27,54.55,35.59,56.31,33.89,48.33
2026-06-20,7,12,2026-06-20 20:45:00,5,トランスワードトロフィー2026,1,4471,新田 泰章,1,39,52,0,0,0.15,6.43,45.9,60.66,7.08,56,72,32.13,48.59,35.03,51.78
2026-06-20,7,12,2026-06-20 20:45:00,5,トランスワードトロフィー2026,2,4193,郷原 章平,1,44,51.5,0,0,0.17,5.82,38.1,55.56,4.78,39.13,47.83,33.47,51.88,40.09,59.01
2026-06-20,7,12,2026-06-20 20:45:00,5,トランスワードトロフィー2026,3,4771,下寺 秀和,1,33,52.6,0,0,0.15,7.07,57.46,75.37,6.14,52.38,61.9,36.24,55.02,33.81,56.67
2026-06-20,7,12,2026-06-20 20:45:00,5,トランスワードトロフィー2026,4,4079,出畑 孝典,2,47,51.5,0,0,0.16,5.86,37.96,59.26,6.05,40.91,63.64,36.24,50,40,55.45
2026-06-20,7,12,2026-06-20 20:45:00,5,トランスワードトロフィー2026,5,4314,青木 幸太郎,2,42,51,0,0,0.14,5.49,36.73,55.1,6.42,53.85,61.54,31.5,53.48,38.76,56.94
2026-06-20,7,12,2026-06-20 20:45:00,5,トランスワードトロフィー2026,6,4051,清水 敦揮,1,45,53.7,0,0,0.17,6.69,46.59,71.59,7.47,62.79,79.07,24.46,38.85,41.74,53.04
2026-06-20,9,1,2026-06-20 10:39:00,5,マンスリーBOATRACE杯,1,4608,荒井 翔伍,2,36,53.3,0,0,0.16,5.89,39.64,61.26,5.57,35.71,57.14,28.43,43.14,34.62,48.72
2026-06-20,9,1,2026-06-20 10:39:00,5,マンスリーBOATRACE杯,2,4229,市川 美宏,3,43,53,0,0,0.18,3.49,9.46,31.08,4.29,28.57,28.57,32,46.67,42.22,61.11
2026-06-20,9,1,2026-06-20 10:39:00,5,マンスリーBOATRACE杯,3,4145,小澤 学,3,44,52.7,0,0,0.25,3.77,14.1,30.77,3.18,0,11.76,35.63,45.98,27.54,44.93
2026-06-20,9,1,2026-06-20 10:39:00,5,マンスリーBOATRACE杯,4,4892,柴田 直哉,3,35,52,0,0,0.18,5.17,36.59,50,5.28,28.13,62.5,36.67,50,41.56,54.55
2026-06-20,9,1,2026-06-20 10:39:00,5,マンスリーBOATRACE杯,5,4766,石井 孝之,3,35,54.4,0,0,0.17,4.38,24.24,39.39,4.36,21.43,42.86,39.29,64.29,22.37,32.89
2026-06-20,9,1,2026-06-20 10:39:00,5,マンスリーBOATRACE杯,6,4346,前田 健太郎,3,41,55.4,0,0,0.17,4.39,29.13,35.92,0,0,0,34.57,45.68,34.38,43.75
2026-06-20,9,2,2026-06-20 11:07:00,5,マンスリーBOATRACE杯,1,4623,中北 将史,3,41,52.9,0,0,0.14,4.77,28.57,41.96,4.8,26.56,40.63,29.21,48.31,34.92,46.03
2026-06-20,9,2,2026-06-20 11:07:00,5,マンスリーBOATRACE杯,2,3745,橋本 年光,3,51,52.1,0,0,0.17,5.34,30.59,52.94,5.88,38.1,57.14,28.92,46.99,16.88,38.96
2026-06-20,9,2,2026-06-20 11:07:00,5,マンスリーBOATRACE杯,3,3906,飯山 晃三,3,48,60.4,0,0,0.18,4.27,24.27,39.81,5.71,42.86,57.14,36,45.33,38.71,58.06
2026-06-20,9,2,2026-06-20 11:07:00,5,マンスリーBOATRACE杯,4,4943,八木 治樹,3,35,53.7,0,0,0.14,3.87,13.25,27.71,4.92,33.33,50,41.05,51.58,35.64,46.53
2026-06-20,9,2,2026-06-20 11:07:00,5,マンスリーBOATRACE杯,5,5385,鈴木 柊介,4,21,56.4,0,0,0.16,2.57,7.35,16.18,2.08,0,7.69,37.78,53.33,38.24,50
2026-06-20,9,2,2026-06-20 11:07:00,5,マンスリーBOATRACE杯,6,3812,山崎 聖司,3,50,52,0,0,0.16,4.35,17.72,43.04,5.27,27.27,60.61,31.43,52.86,28.17,45.07
2026-06-20,9,3,2026-06-20 11:36:00,5,マンスリーBOATRACE杯,1,4894,原村 拓也,3,35,52,0,0,0.22,4.88,24.27,49.51,0,0,0,33,44,35.87,50
2026-06-20,9,3,2026-06-20 11:36:00,5,マンスリーBOATRACE杯,2,5275,松田 淳平,2,24,52,0,0,0.15,6.71,54.03,68.55,4.79,27.91,40.7,33.33,54.17,33.98,53.4
2026-06-20,9,3,2026-06-20 11:36:00,5,マンスリーBOATRACE杯,3,4945,上村 宏太,3,34,54.1,0,0,0.19,4.21,18.48,34.78,5.11,27.78,61.11,31.94,43.06,30,52.86
2026-06-20,9,3,2026-06-20 11:36:00,5,マンスリーBOATRACE杯,4,4654,篠田 優也,2,40,53.6,0,0,0.15,6.41,44.9,67.35,6.08,53.85,53.85,44.93,62.32,29.23,46.15
2026-06-20,9,3,2026-06-20 11:36:00,5,マンスリーBOATRACE杯,5,4736,高倉 和士,1,34,52.1,0,0,0.12,6.75,50.93,69.44,7.74,61.9,83.33,36.05,52.33,29.29,47.47
2026-06-20,9,3,2026-06-20 11:36:00,5,マンスリーBOATRACE杯,6,5364,金子 怜央,4,26,52.4,0,0,0.18,2.5,4.29,11.43,1.89,5.56,5.56,22.12,50,23.61,36.11
2026-06-20,9,4,2026-06-20 12:08:00,5,マンスリーBOATRACE杯,1,4082,濱崎 誠,3,46,52,0,0,0.15,5.75,42.31,58.65,5.55,39.39,54.55,22.73,30.68,28.24,47.06
2026-06-20,9,4,2026-06-20 12:08:00,5,マンスリーBOATRACE杯,2,5349,宮崎 奏磨,4,22,53,0,0,0.19,1.46,1.45,1.45,1.21,0,0,39.51,61.73,41.67,58.33
2026-06-20,9,4,2026-06-20 12:08:00,5,マンスリーBOATRACE杯,3,3950,石川 哲秀,3,50,55.9,0,0,0.16,4.16,21.69,39.76,2.43,14.29,14.29,34.48,50.57,20.34,38.98
2026-06-20,9,4,2026-06-20 12:08:00,5,マンスリーBOATRACE杯,4,4640,山ノ内 雅人,2,35,52.2,0,0,0.15,6.13,40.16,66.14,5.7,40,60,39.29,61.9,39.51,59.26
2026-06-20,9,4,2026-06-20 12:08:00,5,マンスリーBOATRACE杯,5,4174,赤坂 俊輔,1,43,52.1,0,0,0.16,6.25,37.9,65.32,7.2,50,70,34.31,55.88,34.38,48.96
2026-06-20,9,4,2026-06-20 12:08:00,5,マンスリーBOATRACE杯,6,5020,宮村 勇哉,3,34,54,0,0,0.15,4.49,24.68,41.56,4.41,26.42,34.91,36.26,56.04,23.33,35
2026-06-20,9,5,2026-06-20 12:39:00,5,マンスリーBOATRACE杯,1,4366,前沢 丈史,1,40,54.1,0,0,0.15,6.81,50,72.79,6.33,33.33,55.56,41.41,64.65,23.61,44.44
2026-06-20,9,5,2026-06-20 12:39:00,5,マンスリーBOATRACE杯,2,4875,大塚 康雅,3,31,50.5,0,0,0.18,4.94,29.41,45.88,5.33,23.81,61.9,36.36,59.09,35.87,53.26
2026-06-20,9,5,2026-06-20 12:39:00,5,マンスリーBOATRACE杯,3,4390,松本 弓雄,3,40,52.4,0,0,0.21,4.29,19,37,0,0,0,23.4,36.17,32.53,44.58
2026-06-20,9,5,2026-06-20 12:39:00,5,マンスリーBOATRACE杯,4,4332,村上 彰一,3,42,54.9,0,0,0.19,4.51,26.67,40,4,21.74,34.78,41.76,57.14,18.75,32.81
2026-06-20,9,5,2026-06-20 12:39:00,5,マンスリーBOATRACE杯,5,4229,市川 美宏,3,43,53,0,0,0.18,3.49,9.46,31.08,4.29,28.57,28.57,32,46.67,42.22,61.11
2026-06-20,9,5,2026-06-20 12:39:00,5,マンスリーBOATRACE杯,6,5402,塚越 陸斗,4,23,53,1,0,0.18,1.46,2.08,2.08,1.29,0,0,36.46,58.33,20.25,40.51
2026-06-20,9,6,2026-06-20 13:10:00,5,マンスリーBOATRACE杯,1,4379,桑島 和宏,1,41,56.2,0,0,0.16,6.09,39.83,61.02,6.42,42.11,68.42,25.97,42.86,43.62,54.26
2026-06-20,9,6,2026-06-20 13:10:00,5,マンスリーBOATRACE杯,2,4943,八木 治樹,3,35,53.7,0,0,0.14,3.87,13.25,27.71,4.92,33.33,50,41.05,51.58,35.64,46.53
2026-06-20,9,6,2026-06-20 13:10:00,5,マンスリーBOATRACE杯,3,4766,石井 孝之,3,35,54.4,0,0,0.17,4.38,24.24,39.39,4.36,21.43,42.86,39.29,64.29,22.37,32.89
2026-06-20,9,6,2026-06-20 13:10:00,5,マンスリーBOATRACE杯,4,4248,岡本 大,3,44,53.5,0,0,0.16,4.28,18.07,43.37,2.94,0,25,26.39,43.06,26.97,40.45
2026-06-20,9,6,2026-06-20 13:10:00,5,マンスリーBOATRACE杯,5,5126,山下 大輝,1,29,51,0,0,0.15,6.5,48,65,6.47,53.33,73.33,33.96,53.77,31.51,53.42
2026-06-20,9,6,2026-06-20 13:10:00,5,マンスリーBOATRACE杯,6,4779,伊倉 光,3,40,52,0,0,0.16,5.21,27.38,48.81,4.35,23.53,23.53,28.28,47.47,33.01,42.72
2026-06-20,9,7,2026-06-20 13:41:00,5,マンスリーBOATRACE杯,1,4583,古田 祐貴,2,36,52,0,0,0.14,4.94,26.79,45.54,4.45,27.27,36.36,31.96,46.39,34.44,48.89
2026-06-20,9,7,2026-06-20 13:41:00,5,マンスリーBOATRACE杯,2,4951,新田 洋一,3,32,53.3,1,0,0.14,5.09,26.67,51.11,7.33,53.33,86.67,32.61,44.57,36.46,55.21
2026-06-20,9,7,2026-06-20 13:41:00,5,マンスリーBOATRACE杯,3,3812,山崎 聖司,3,50,51.5,0,0,0.16,4.35,17.72,43.04,5.27,27.27,60.61,31.43,52.86,28.17,45.07
2026-06-20,9,7,2026-06-20 13:41:00,5,マンスリーBOATRACE杯,4,5048,眞鳥 康太,3,32,54.2,0,0,0.18,3.97,16.88,33.77,4.79,27.59,48.28,35.79,49.47,28.57,50
2026-06-20,9,7,2026-06-20 13:41:00,5,マンスリーBOATRACE杯,5,4236,松村 敏,1,42,52.1,0,0,0.11,6.91,53.33,75,8.08,64,76,23.68,39.47,41.33,58.67
2026-06-20,9,7,2026-06-20 13:41:00,5,マンスリーBOATRACE杯,6,5107,松本 真広,3,27,49.5,0,0,0.17,4.77,28.57,45.71,3.56,16.67,22.22,32.1,44.44,26.03,52.05
2026-06-20,9,8,2026-06-20 14:12:00,5,マンスリーBOATRACE杯,1,4892,柴田 直哉,3,35,52,0,0,0.18,5.17,36.59,50,5.28,28.13,62.5,36.67,50,41.56,54.55
2026-06-20,9,8,2026-06-20 14:12:00,5,マンスリーBOATRACE杯,2,3907,村越 篤,2,48,53.7,0,0,0.17,5.27,35.4,51.33,4.54,30.77,30.77,34.74,45.26,36.36,52.27
2026-06-20,9,8,2026-06-20 14:12:00,5,マンスリーBOATRACE杯,3,4369,丹下 将,2,40,56,0,0,0.16,5.8,36.75,59.83,5.3,47.83,47.83,41.98,61.73,36.84,52.63
2026-06-20,9,8,2026-06-20 14:12:00,5,マンスリーBOATRACE杯,4,5349,宮崎 奏磨,4,22,53,0,0,0.19,1.46,1.45,1.45,1.21,0,0,39.51,61.73,41.67,58.33
2026-06-20,9,8,2026-06-20 14:12:00,5,マンスリーBOATRACE杯,5,4910,中村 泰平,1,30,52,0,0,0.15,6.72,53.92,65.69,7.71,71.43,80.95,41.11,61.11,32.53,46.99
2026-06-20,9,8,2026-06-20 14:12:00,5,マンスリーBOATRACE杯,6,3652,森下 勇,3,52,54.9,0,0,0.18,3.68,15.94,27.54,3.09,8.7,13.04,30.95,48.81,34.09,44.32
2026-06-20,9,9,2026-06-20 14:41:00,5,マンスリーBOATRACE杯,1,4710,福田 宗平,1,36,52,0,0,0.14,5.67,39.83,55.08,6.21,40.48,64.29,34.88,53.49,30,48.89
2026-06-20,9,9,2026-06-20 14:41:00,5,マンスリーBOATRACE杯,2,4332,村上 彰一,3,42,54.9,0,0,0.19,4.51,26.67,40,4,21.74,34.78,41.76,57.14,18.75,32.81
2026-06-20,9,9,2026-06-20 14:41:00,5,マンスリーBOATRACE杯,3,4359,横川 聖志,2,41,55.9,1,0,0.13,5.8,41.18,56.86,3.33,16.67,16.67,18.18,31.82,25.68,40.54
2026-06-20,9,9,2026-06-20 14:41:00,5,マンスリーBOATRACE杯,4,4623,中北 将史,3,41,52.9,0,0,0.14,4.77,28.57,41.96,4.8,26.56,40.63,29.21,48.31,34.92,46.03
2026-06-20,9,9,2026-06-20 14:41:00,5,マンスリーBOATRACE杯,5,5364,金子 怜央,4,26,52.4,0,0,0.18,2.5,4.29,11.43,1.89,5.56,5.56,22.12,50,23.61,36.11
2026-06-20,9,9,2026-06-20 14:41:00,5,マンスリーBOATRACE杯,6,4654,篠田 優也,2,40,53.6,0,0,0.15,6.41,44.9,67.35,6.08,53.85,53.85,44.93,62.32,29.23,46.15
2026-06-20,9,10,2026-06-20 15:13:00,5,マンスリーBOATRACE杯,1,4736,高倉 和士,1,34,52.1,0,0,0.12,6.75,50.93,69.44,7.74,61.9,83.33,36.05,52.33,29.29,47.47
2026-06-20,9,10,2026-06-20 15:13:00,5,マンスリーBOATRACE杯,2,5126,山下 大輝,1,29,51,0,0,0.15,6.5,48,65,6.47,53.33,73.33,33.96,53.77,31.51,53.42
2026-06-20,9,10,2026-06-20 15:13:00,5,マンスリーBOATRACE杯,3,4379,桑島 和宏,1,41,56.2,0,0,0.16,6.09,39.83,61.02,6.42,42.11,68.42,25.97,42.86,43.62,54.26
2026-06-20,9,10,2026-06-20 15:13:00,5,マンスリーBOATRACE杯,4,4390,松本 弓雄,3,40,52.4,0,0,0.21,4.29,19,37,0,0,0,23.4,36.17,32.53,44.58
2026-06-20,9,10,2026-06-20 15:13:00,5,マンスリーBOATRACE杯,5,4875,大塚 康雅,3,31,50.5,0,0,0.18,4.94,29.41,45.88,5.33,23.81,61.9,36.36,59.09,35.87,53.26
2026-06-20,9,10,2026-06-20 15:13:00,5,マンスリーBOATRACE杯,6,4082,濱崎 誠,3,46,52,0,0,0.15,5.75,42.31,58.65,5.55,39.39,54.55,22.73,30.68,28.24,47.06
2026-06-20,9,11,2026-06-20 15:45:00,5,マンスリーBOATRACE杯,1,4236,松村 敏,1,42,52.1,0,0,0.11,6.91,53.33,75,8.08,64,76,23.68,39.47,41.33,58.67
2026-06-20,9,11,2026-06-20 15:45:00,5,マンスリーBOATRACE杯,2,4174,赤坂 俊輔,1,43,52.1,0,0,0.16,6.25,37.9,65.32,7.2,50,70,34.31,55.88,34.38,48.96
2026-06-20,9,11,2026-06-20 15:45:00,5,マンスリーBOATRACE杯,3,4640,山ノ内 雅人,2,35,52.2,0,0,0.15,6.13,40.16,66.14,5.7,40,60,39.29,61.9,39.51,59.26
2026-06-20,9,11,2026-06-20 15:45:00,5,マンスリーBOATRACE杯,4,5275,松田 淳平,2,24,52,0,0,0.15,6.71,54.03,68.55,4.79,27.91,40.7,33.33,54.17,33.98,53.4
2026-06-20,9,11,2026-06-20 15:45:00,5,マンスリーBOATRACE杯,5,4951,新田 洋一,3,32,53.3,1,0,0.14,5.09,26.67,51.11,7.33,53.33,86.67,32.61,44.57,36.46,55.21
2026-06-20,9,11,2026-06-20 15:45:00,5,マンスリーBOATRACE杯,6,4608,荒井 翔伍,2,36,53.3,0,0,0.16,5.89,39.64,61.26,5.57,35.71,57.14,28.43,43.14,34.62,48.72
2026-06-20,9,12,2026-06-20 16:25:00,5,マンスリーBOATRACE杯,1,4910,中村 泰平,1,30,52,0,0,0.15,6.72,53.92,65.69,7.71,71.43,80.95,41.11,61.11,32.53,46.99
2026-06-20,9,12,2026-06-20 16:25:00,5,マンスリーBOATRACE杯,2,4583,古田 祐貴,2,36,52,0,0,0.14,4.94,26.79,45.54,4.45,27.27,36.36,31.96,46.39,34.44,48.89
2026-06-20,9,12,2026-06-20 16:25:00,5,マンスリーBOATRACE杯,3,4366,前沢 丈史,1,40,54.1,0,0,0.15,6.81,50,72.79,6.33,33.33,55.56,41.41,64.65,23.61,44.44
2026-06-20,9,12,2026-06-20 16:25:00,5,マンスリーBOATRACE杯,4,4369,丹下 将,2,40,56,0,0,0.16,5.8,36.75,59.83,5.3,47.83,47.83,41.98,61.73,36.84,52.63
2026-06-20,9,12,2026-06-20 16:25:00,5,マンスリーBOATRACE杯,5,4779,伊倉 光,3,40,52,0,0,0.16,5.21,27.38,48.81,4.35,23.53,23.53,28.28,47.47,33.01,42.72
2026-06-20,9,12,2026-06-20 16:25:00,5,マンスリーBOATRACE杯,6,4894,原村 拓也,3,35,52,0,0,0.22,4.88,24.27,49.51,0,0,0,33,44,35.87,50
2026-06-20,11,1,2026-06-20 10:31:00,5,大阪スポーツ杯争奪 第31回におの湖賞,1,4182,吉田 和仁,3,42,54.6,0,0,0.18,4.92,30.19,46.23,4.73,25.17,39.46,39.13,52.17,24.49,44.9
2026-06-20,11,1,2026-06-20 10:31:00,5,大阪スポーツ杯争奪 第31回におの湖賞,2,3212,亀本 勇樹,3,64,58.8,0,0,0.17,4.84,27.91,45.35,4.52,22.22,37.04,26.67,40,32.61,54.35
2026-06-20,11,1,2026-06-20 10:31:00,5,大阪スポーツ杯争奪 第31回におの湖賞,3,3726,桂林 寛,4,54,53.9,0,0,0.17,5.17,38.33,51.67,0,0,0,36.96,54.35,37.5,47.5
2026-06-20,11,1,2026-06-20 10:31:00,5,大阪スポーツ杯争奪 第31回におの湖賞,4,4666,日笠 勝弘,4,42,52,0,0,0.16,3.82,19.7,30.3,4.17,16.67,33.33,28.26,41.3,40,55.56
2026-06-20,11,1,2026-06-20 10:31:00,5,大阪スポーツ杯争奪 第31回におの湖賞,5,4175,川尻 泰輔,3,43,56.6,0,0,0.17,5.93,45.65,60.87,4.4,30,40,38.1,50,29.55,40.91
2026-06-20,11,1,2026-06-20 10:31:00,5,大阪スポーツ杯争奪 第31回におの湖賞,6,5471,田中 結,4,17,47,0,0,,1.33,0,0,0,0,0,36.84,55.26,26.19,40.48
2026-06-20,11,2,2026-06-20 10:58:00,5,大阪スポーツ杯争奪 第31回におの湖賞,1,3412,鈴木 博,2,56,52.7,0,0,0.16,6.74,50.38,74.05,5.74,40.74,51.85,36.21,51.72,29.17,54.17
2026-06-20,11,2,2026-06-20 10:58:00,5,大阪スポーツ杯争奪 第31回におの湖賞,2,4400,加藤 奈月,3,37,55,0,0,0.19,4.13,17.5,32.5,3.41,7.41,29.63,31.71,46.34,17.65,35.29
2026-06-20,11,2,2026-06-20 10:58:00,5,大阪スポーツ杯争奪 第31回におの湖賞,3,4004,山本 浩輔,3,48,52,0,0,0.19,5.25,31.52,50,4.67,25,41.67,32.43,51.35,12.5,25
2026-06-20,11,2,2026-06-20 10:58:00,5,大阪スポーツ杯争奪 第31回におの湖賞,4,4823,中村 桃佳,1,33,45,0,0,0.15,6.94,54.87,69.03,4,16.67,33.33,15.91,25,30.43,47.83
2026-06-20,11,2,2026-06-20 10:58:00,5,大阪スポーツ杯争奪 第31回におの湖賞,5,5323,香川 陽太,3,23,58.3,0,0,0.16,4.3,23.75,40,3.79,16.18,32.35,30.95,42.86,27.45,49.02
2026-06-20,11,2,2026-06-20 10:58:00,5,大阪スポーツ杯争奪 第31回におの湖賞,6,3869,井芹 大志,3,50,54.4,0,0,0.17,3.95,20.55,35.62,4.8,32,48,37.78,55.56,34.78,45.65
2026-06-20,11,3,2026-06-20 11:25:00,5,大阪スポーツ杯争奪 第31回におの湖賞,1,3319,山崎 義明,3,59,51.5,0,0,0.17,5.41,37.86,57.28,4.37,15.79,42.11,36.96,65.22,29.55,50
2026-06-20,11,3,2026-06-20 11:25:00,5,大阪スポーツ杯争奪 第31回におの湖賞,2,5058,前原 大道,1,29,52,0,0,0.14,6.9,48.62,66.97,0,0,0,20.59,41.18,27.91,51.16
2026-06-20,11,3,2026-06-20 11:25:00,5,大阪スポーツ杯争奪 第31回におの湖賞,3,4458,抹香 雄三,3,40,53,0,0,0.14,5.25,28.95,47.37,5.17,25,54.17,21.15,46.15,46.67,73.33
2026-06-20,11,3,2026-06-20 11:25:00,5,大阪スポーツ杯争奪 第31回におの湖賞,4,5229,吉川 晴人,2,23,54,0,0,0.15,5.13,31.19,46.79,5.69,40.66,54.4,30,37.5,39.53,53.49
2026-06-20,11,3,2026-06-20 11:25:00,5,大阪スポーツ杯争奪 第31回におの湖賞,5,5380,野田 亜湖,4,21,51.4,0,0,0.3,1.22,0,0,1.11,0,0,35.56,62.22,11.11,33.33
2026-06-20,11,3,2026-06-20 11:25:00,5,大阪スポーツ杯争奪 第31回におの湖賞,6,3891,谷口 健一,3,50,55.1,0,0,0.18,3.57,12.87,24.75,3.12,15.38,23.08,23.08,33.33,43.48,58.7
2026-06-20,11,4,2026-06-20 11:52:00,5,大阪スポーツ杯争奪 第31回におの湖賞,1,4730,土屋 実沙希,2,37,47.1,0,0,0.17,5.15,29.35,47.83,4.87,21.74,56.52,32.61,60.87,36,50
2026-06-20,11,4,2026-06-20 11:52:00,5,大阪スポーツ杯争奪 第31回におの湖賞,2,4257,古川 健,3,42,52,0,0,0.16,4.36,22.62,36.9,4.32,18.18,31.82,33.33,57.78,32.35,38.24
2026-06-20,11,4,2026-06-20 11:52:00,5,大阪スポーツ杯争奪 第31回におの湖賞,3,4139,丹下 健,3,45,53.4,0,0,0.17,4.38,26.25,42.5,5.17,33.33,44.44,24.44,44.44,30.95,54.76
2026-06-20,11,4,2026-06-20 11:52:00,5,大阪スポーツ杯争奪 第31回におの湖賞,4,5156,坂野 さくら,3,29,46.5,0,0,0.19,4.4,18.1,43.81,4.92,28.95,47.37,11.11,27.78,37.21,46.51
2026-06-20,11,4,2026-06-20 11:52:00,5,大阪スポーツ杯争奪 第31回におの湖賞,5,4155,長野 壮志郎,1,45,54.9,0,0,0.16,6.03,45.05,60.36,6.21,42.11,57.89,27.91,44.19,41.3,50
2026-06-20,11,4,2026-06-20 11:52:00,5,大阪スポーツ杯争奪 第31回におの湖賞,6,3701,大西 隆洋,3,53,55.9,0,0,0.16,4.04,19.75,32.1,4.18,14.29,32.14,31.82,50,45.83,58.33
2026-06-20,11,5,2026-06-20 12:22:00,5,大阪スポーツ杯争奪 第31回におの湖賞,1,4843,深尾 巴恵,4,33,47,1,0,0.13,4.62,23.81,39.68,5.8,30,40,20.41,26.53,16.22,40.54
2026-06-20,11,5,2026-06-20 12:22:00,5,大阪スポーツ杯争奪 第31回におの湖賞,2,4498,宮本 夏樹,3,38,54.5,0,0,0.17,5.4,35.48,50,0,0,0,45.65,69.57,36.36,50
2026-06-20,11,5,2026-06-20 12:22:00,5,大阪スポーツ杯争奪 第31回におの湖賞,3,4643,近江 翔吾,1,33,52,0,0,0.14,6.98,57.61,71.74,5.86,37.93,65.52,24.49,42.86,22.5,30
2026-06-20,11,5,2026-06-20 12:22:00,5,大阪スポーツ杯争奪 第31回におの湖賞,4,3730,塩崎 優司,3,54,52,0,0,0.17,5.08,34.52,52.38,4.24,21.05,42.11,31.91,51.06,7.5,15
2026-06-20,11,5,2026-06-20 12:22:00,5,大阪スポーツ杯争奪 第31回におの湖賞,5,4674,池田 剛規,2,38,52.3,0,0,0.15,5.17,30.97,46.02,6.2,40,60,34.21,55.26,38.46,58.97
2026-06-20,11,5,2026-06-20 12:22:00,5,大阪スポーツ杯争奪 第31回におの湖賞,6,5471,田中 結,4,17,47,0,0,,1.33,0,0,0,0,0,36.84,55.26,26.19,40.48
2026-06-20,11,6,2026-06-20 12:57:00,5,大阪スポーツ杯争奪 第31回におの湖賞,1,3708,岡部 貴司,3,52,55,0,0,0.15,4.87,24.44,45.56,5.9,30,70,52.73,67.27,38.64,59.09
2026-06-20,11,6,2026-06-20 12:57:00,5,大阪スポーツ杯争奪 第31回におの湖賞,2,4666,日笠 勝弘,4,42,52,0,0,0.16,3.82,19.7,30.3,4.17,16.67,33.33,28.26,41.3,40,55.56
2026-06-20,11,6,2026-06-20 12:57:00,5,大阪スポーツ杯争奪 第31回におの湖賞,3,4544,松田 大志郎,1,38,52.3,1,0,0.16,7.58,60,76.8,7.17,60.87,73.91,40.43,55.32,41.3,60.87
2026-06-20,11,6,2026-06-20 12:57:00,5,大阪スポーツ杯争奪 第31回におの湖賞,4,3809,吉田 光,3,51,50.5,0,0,0.17,4.14,14.04,40.35,5.09,27.27,54.55,52.27,65.91,51.11,62.22
2026-06-20,11,6,2026-06-20 12:57:00,5,大阪スポーツ杯争奪 第31回におの湖賞,5,4469,土山 卓也,2,39,54.8,0,0,0.16,5.97,41.84,58.16,0,0,0,40.91,59.09,16.67,27.78
2026-06-20,11,6,2026-06-20 12:57:00,5,大阪スポーツ杯争奪 第31回におの湖賞,6,5295,田上 凜,3,24,46.5,2,0,0.2,4.81,30,42.22,2.7,8.45,16.9,46.3,57.41,27.91,51.16
2026-06-20,11,7,2026-06-20 13:30:00,5,大阪スポーツ杯争奪 第31回におの湖賞,1,3503,堂原 洋史,3,56,51,0,0,0.16,3.74,13.1,26.19,4.11,0,42.11,50.94,77.36,32.61,47.83
2026-06-20,11,7,2026-06-20 13:30:00,5,大阪スポーツ杯争奪 第31回におの湖賞,2,4495,森 晋太郎,2,39,53.7,0,0,0.13,4.86,24.49,42.86,7.11,55.56,77.78,24.49,32.65,23.4,51.06
2026-06-20,11,7,2026-06-20 13:30:00,5,大阪スポーツ杯争奪 第31回におの湖賞,3,3282,池本 輝明,3,59,51.5,0,0,0.2,4.63,24.75,38.61,3.44,11.11,11.11,34.21,50,34,48
2026-06-20,11,7,2026-06-20 13:30:00,5,大阪スポーツ杯争奪 第31回におの湖賞,4,4294,古賀 繁輝,1,39,57,0,0,0.14,6.23,45,59,5.88,43.75,50,37.5,55,36.17,57.45
2026-06-20,11,7,2026-06-20 13:30:00,5,大阪スポーツ杯争奪 第31回におの湖賞,5,4138,中井 俊祐,3,45,51.5,0,0,0.17,4.84,29.29,45.45,0,0,0,28.95,55.26,16.67,33.33
2026-06-20,11,7,2026-06-20 13:30:00,5,大阪スポーツ杯争奪 第31回におの湖賞,6,3726,桂林 寛,4,54,53.9,0,0,0.17,5.17,38.33,51.67,0,0,0,36.96,54.35,37.5,47.5
2026-06-20,11,8,2026-06-20 14:00:00,5,大阪スポーツ杯争奪 第31回におの湖賞,1,4487,三原 司,3,40,52,0,0,0.18,4.8,26.37,46.15,4.7,26.09,47.83,34.09,45.45,45.65,58.7
2026-06-20,11,8,2026-06-20 14:00:00,5,大阪スポーツ杯争奪 第31回におの湖賞,2,4823,中村 桃佳,1,33,45,0,0,0.15,6.94,54.87,69.03,4,16.67,33.33,15.91,25,30.43,47.83
2026-06-20,11,8,2026-06-20 14:00:00,5,大阪スポーツ杯争奪 第31回におの湖賞,3,5139,大場 恒季,2,25,52,1,0,0.14,6.36,49.09,61.82,7.06,52.94,64.71,34.78,47.83,48,80
2026-06-20,11,8,2026-06-20 14:00:00,5,大阪スポーツ杯争奪 第31回におの湖賞,4,4458,抹香 雄三,3,40,53,0,0,0.14,5.25,28.95,47.37,5.17,25,54.17,21.15,46.15,46.67,73.33
2026-06-20,11,8,2026-06-20 14:00:00,5,大阪スポーツ杯争奪 第31回におの湖賞,5,4942,柴田 朋哉,2,35,53.5,0,0,0.14,5.35,33.66,54.46,4.3,13.04,34.78,46.3,66.67,30.95,47.62
2026-06-20,11,8,2026-06-20 14:00:00,5,大阪スポーツ杯争奪 第31回におの湖賞,6,4563,齋藤 真之,3,38,53,0,0,0.18,4.06,22.22,33.33,5,30,50,39.53,53.49,34.21,50
2026-06-20,11,9,2026-06-20 14:31:00,5,大阪スポーツ杯争奪 第31回におの湖賞,1,5229,吉川 晴人,2,23,54,0,0,0.15,5.13,31.19,46.79,5.69,40.66,54.4,30,37.5,39.53,53.49
2026-06-20,11,9,2026-06-20 14:31:00,5,大阪スポーツ杯争奪 第31回におの湖賞,2,3869,井芹 大志,3,50,54.4,0,0,0.17,3.95,20.55,35.62,4.8,32,48,37.78,55.56,34.78,45.65
2026-06-20,11,9,2026-06-20 14:31:00,5,大阪スポーツ杯争奪 第31回におの湖賞,3,3701,大西 隆洋,3,53,55.9,0,0,0.16,4.04,19.75,32.1,4.18,14.29,32.14,31.82,50,45.83,58.33
2026-06-20,11,9,2026-06-20 14:31:00,5,大阪スポーツ杯争奪 第31回におの湖賞,4,3212,亀本 勇樹,3,64,58.8,0,0,0.17,4.84,27.91,45.35,4.52,22.22,37.04,26.67,40,32.61,54.35
2026-06-20,11,9,2026-06-20 14:31:00,5,大阪スポーツ杯争奪 第31回におの湖賞,5,4090,中村 尊,1,45,54.5,0,0,0.13,4.94,25.71,44.29,5.1,33.33,53.33,40,55.56,46,60
2026-06-20,11,9,2026-06-20 14:31:00,5,大阪スポーツ杯争奪 第31回におの湖賞,6,3436,柏野 幸二,2,57,51,1,0,0.12,5.84,36,60,5.48,37.04,51.85,35.14,43.24,45.65,58.7
2026-06-20,11,10,2026-06-20 15:03:00,5,大阪スポーツ杯争奪 第31回におの湖賞,1,4674,池田 剛規,2,38,52.3,0,0,0.15,5.17,30.97,46.02,6.2,40,60,34.21,55.26,38.46,58.97
2026-06-20,11,10,2026-06-20 15:03:00,5,大阪スポーツ杯争奪 第31回におの湖賞,2,3891,谷口 健一,3,50,55.1,0,0,0.18,3.57,12.87,24.75,3.12,15.38,23.08,23.08,33.33,43.48,58.7
2026-06-20,11,10,2026-06-20 15:03:00,5,大阪スポーツ杯争奪 第31回におの湖賞,3,3412,鈴木 博,2,56,52.7,0,0,0.16,6.74,50.38,74.05,5.74,40.74,51.85,36.21,51.72,29.17,54.17
2026-06-20,11,10,2026-06-20 15:03:00,5,大阪スポーツ杯争奪 第31回におの湖賞,4,4182,吉田 和仁,3,42,54.6,0,0,0.18,4.92,30.19,46.23,4.73,25.17,39.46,39.13,52.17,24.49,44.9
2026-06-20,11,10,2026-06-20 15:03:00,5,大阪スポーツ杯争奪 第31回におの湖賞,5,4139,丹下 健,3,45,53.4,0,0,0.17,4.38,26.25,42.5,5.17,33.33,44.44,24.44,44.44,30.95,54.76
2026-06-20,11,10,2026-06-20 15:03:00,5,大阪スポーツ杯争奪 第31回におの湖賞,6,4544,松田 大志郎,1,38,52.3,1,0,0.16,7.58,60,76.8,7.17,60.87,73.91,40.43,55.32,41.3,60.87
2026-06-20,11,11,2026-06-20 15:39:00,5,大阪スポーツ杯争奪 第31回におの湖賞,1,4155,長野 壮志郎,1,45,54.9,0,0,0.16,6.03,45.05,60.36,6.21,42.11,57.89,27.91,44.19,41.3,50
2026-06-20,11,11,2026-06-20 15:39:00,5,大阪スポーツ杯争奪 第31回におの湖賞,2,4469,土山 卓也,2,39,54.8,0,0,0.16,5.97,41.84,58.16,0,0,0,40.91,59.09,16.67,27.78
2026-06-20,11,11,2026-06-20 15:39:00,5,大阪スポーツ杯争奪 第31回におの湖賞,3,4175,川尻 泰輔,3,43,56.6,0,0,0.17,5.93,45.65,60.87,4.4,30,40,38.1,50,29.55,40.91
2026-06-20,11,11,2026-06-20 15:39:00,5,大阪スポーツ杯争奪 第31回におの湖賞,4,4843,深尾 巴恵,4,33,47,1,0,0.13,4.62,23.81,39.68,5.8,30,40,20.41,26.53,16.22,40.54
2026-06-20,11,11,2026-06-20 15:39:00,5,大阪スポーツ杯争奪 第31回におの湖賞,5,5058,前原 大道,1,29,52,0,0,0.14,6.9,48.62,66.97,0,0,0,20.59,41.18,27.91,51.16
2026-06-20,11,11,2026-06-20 15:39:00,5,大阪スポーツ杯争奪 第31回におの湖賞,6,4495,森 晋太郎,2,39,53.7,0,0,0.13,4.86,24.49,42.86,7.11,55.56,77.78,24.49,32.65,23.4,51.06
2026-06-20,11,12,2026-06-20 16:20:00,5,大阪スポーツ杯争奪 第31回におの湖賞,1,4294,古賀 繁輝,1,39,57.4,0,0,0.14,6.23,45,59,5.88,43.75,50,37.5,55,36.17,57.45
2026-06-20,11,12,2026-06-20 16:20:00,5,大阪スポーツ杯争奪 第31回におの湖賞,2,4942,柴田 朋哉,2,35,53.4,0,0,0.14,5.35,33.66,54.46,4.3,13.04,34.78,46.3,66.67,30.95,47.62
2026-06-20,11,12,2026-06-20 16:20:00,5,大阪スポーツ杯争奪 第31回におの湖賞,3,4730,土屋 実沙希,2,37,47.2,0,0,0.17,5.15,29.35,47.83,4.87,21.74,56.52,32.61,60.87,36,50
2026-06-20,11,12,2026-06-20 16:20:00,5,大阪スポーツ杯争奪 第31回におの湖賞,4,4004,山本 浩輔,3,48,52,0,0,0.19,5.25,31.52,50,4.67,25,41.67,32.43,51.35,12.5,25
2026-06-20,11,12,2026-06-20 16:20:00,5,大阪スポーツ杯争奪 第31回におの湖賞,5,3319,山崎 義明,3,59,51.5,0,0,0.17,5.41,37.86,57.28,4.37,15.79,42.11,36.96,65.22,29.55,50
2026-06-20,11,12,2026-06-20 16:20:00,5,大阪スポーツ杯争奪 第31回におの湖賞,6,4643,近江 翔吾,1,33,52,0,0,0.14,6.98,57.61,71.74,5.86,37.93,65.52,24.49,42.86,22.5,30
2026-06-20,13,1,2026-06-20 10:36:00,5,第37回サンスポグリーンカップ争奪戦,1,4010,越智 照浩,3,46,56.6,0,0,0.18,3.96,16,32,3.95,10.53,36.84,36.59,70.73,36.84,50
2026-06-20,13,1,2026-06-20 10:36:00,5,第37回サンスポグリーンカップ争奪戦,2,3977,山本 兼士,3,49,52.6,0,0,0.16,4.47,20.88,40.66,3.84,16,36,46.15,56.41,27.27,38.64
2026-06-20,13,1,2026-06-20 10:36:00,5,第37回サンスポグリーンカップ争奪戦,3,4239,竹田 辰也,1,42,53,0,0,0.14,6.43,52.75,64.84,6.56,55.56,66.67,24.32,35.14,28.57,48.57
2026-06-20,13,1,2026-06-20 10:36:00,5,第37回サンスポグリーンカップ争奪戦,4,3580,水口 由紀,3,53,48,0,0,0.19,3.86,19.79,32.29,4.81,31.25,43.75,51.22,70.73,39.47,57.89
2026-06-20,13,1,2026-06-20 10:36:00,5,第37回サンスポグリーンカップ争奪戦,5,3474,松瀬 弘美,3,55,46.5,0,0,0.17,4.39,24.53,39.62,4.9,25,50,14.29,42.86,16.22,32.43
2026-06-20,13,1,2026-06-20 10:36:00,5,第37回サンスポグリーンカップ争奪戦,6,3352,小川 晃司,3,57,51,0,0,0.17,4.51,13.04,43.48,4.39,5.56,44.44,16,36,51.28,58.97
2026-06-20,13,2,2026-06-20 11:05:00,5,第37回サンスポグリーンカップ争奪戦,1,3535,渡 修平,3,53,52.2,0,0,0.18,4.03,24,36,4.09,20.37,35.19,38.89,75,34.15,56.1
2026-06-20,13,2,2026-06-20 11:05:00,5,第37回サンスポグリーンカップ争奪戦,2,4522,古澤 光紀,1,38,53.5,0,0,0.15,5.81,42.48,54.87,6.08,53.85,53.85,38.1,59.52,51.35,62.16
2026-06-20,13,2,2026-06-20 11:05:00,5,第37回サンスポグリーンカップ争奪戦,3,5153,佐藤 ほのか,3,30,47.2,1,0,0.17,4.06,21.21,35.35,3.53,10.53,26.32,15.38,38.46,28.21,41.03
2026-06-20,13,2,2026-06-20 11:05:00,5,第37回サンスポグリーンカップ争奪戦,4,5140,吉田 彩乃,3,25,47.2,0,0,0.19,4.86,26.25,46.25,3.22,22.22,22.22,36.96,52.17,34.15,51.22
2026-06-20,13,2,2026-06-20 11:05:00,5,第37回サンスポグリーンカップ争奪戦,5,3294,野中 義生,3,60,52.6,1,0,0.14,4.36,20.9,41.79,4.17,16.67,41.67,35.42,54.17,41.03,56.41
2026-06-20,13,2,2026-06-20 11:05:00,5,第37回サンスポグリーンカップ争奪戦,6,4297,山田 哲也,1,43,52,0,0,0.12,6.31,43.48,61.74,6.78,50,61.11,31.58,42.11,18.18,21.21
2026-06-20,13,3,2026-06-20 11:29:00,5,第37回サンスポグリーンカップ争奪戦,1,3878,胡本 悟志,3,49,52,0,0,0.18,4.39,20.27,35.14,3.94,14.71,29.41,33.33,63.89,13.89,19.44
2026-06-20,13,3,2026-06-20 11:29:00,5,第37回サンスポグリーンカップ争奪戦,2,3900,香川 素子,1,49,47,0,0,0.16,6.17,44.66,66.99,5.29,42.86,57.14,28.26,45.65,27.03,40.54
2026-06-20,13,3,2026-06-20 11:29:00,5,第37回サンスポグリーンカップ争奪戦,3,3268,森 竜也,3,61,52.5,0,0,0.17,4.43,26.37,35.16,3.57,14.29,19.05,13.79,17.24,38.46,53.85
2026-06-20,13,3,2026-06-20 11:29:00,5,第37回サンスポグリーンカップ争奪戦,4,5434,藤田 康生,4,21,52,0,0,,2.73,5.45,14.55,3,0,16.67,28.57,52.38,47.62,64.29
2026-06-20,13,3,2026-06-20 11:29:00,5,第37回サンスポグリーンカップ争奪戦,5,5247,大森 翼,3,24,52,0,0,0.16,4.67,23.3,46.6,4.49,25,42.5,50,60.87,22.22,51.85
2026-06-20,13,3,2026-06-20 11:29:00,5,第37回サンスポグリーンカップ争奪戦,6,4607,鶴田 勇雄,2,37,52.4,0,0,0.18,5.77,34.43,58.2,6.58,57.69,65.38,16.67,25,11.76,14.71
2026-06-20,13,4,2026-06-20 12:00:00,5,第37回サンスポグリーンカップ争奪戦,1,4680,後藤 美翼,3,36,47,0,0,0.19,5.78,37.78,58.89,6.36,36.36,72.73,51.61,64.52,52.94,70.59
2026-06-20,13,4,2026-06-20 12:00:00,5,第37回サンスポグリーンカップ争奪戦,2,4787,椎名 豊,1,37,52.1,0,0,0.13,7,57.39,72.17,6.22,38.89,55.56,51.28,66.67,36.11,41.67
2026-06-20,13,4,2026-06-20 12:00:00,5,第37回サンスポグリーンカップ争奪戦,3,4041,小林 基樹,4,46,54.2,0,0,0.22,4.43,21.43,35.71,0,0,0,24.32,45.95,22.22,38.89
2026-06-20,13,4,2026-06-20 12:00:00,5,第37回サンスポグリーンカップ争奪戦,4,3748,小黒 竜吾,3,50,55.4,0,0,0.17,4.41,19.54,37.93,0,0,0,25.58,48.84,31.43,40
2026-06-20,13,4,2026-06-20 12:00:00,5,第37回サンスポグリーンカップ争奪戦,5,5123,福山 恵里奈,3,30,46.5,0,0,0.16,4.36,25.96,40.38,3.14,14.29,14.29,19.35,25.81,20.93,39.53
2026-06-20,13,4,2026-06-20 12:00:00,5,第37回サンスポグリーンカップ争奪戦,6,3686,鳥居塚 孝博,2,51,52,1,0,0.14,6.12,39.81,62.04,5.65,41.94,54.84,14.81,22.22,50,60.53
2026-06-20,13,5,2026-06-20 12:31:00,5,第37回サンスポグリーンカップ争奪戦,1,3591,後藤 孝義,4,57,52,0,0,0.17,3.3,10.61,22.73,2.72,4,12,28.26,47.83,35.56,51.11
2026-06-20,13,5,2026-06-20 12:31:00,5,第37回サンスポグリーンカップ争奪戦,2,3859,多羅尾 達之,3,53,51,0,0,0.15,4.43,25,40.79,4,22.22,22.22,21.62,43.24,17.65,35.29
2026-06-20,13,5,2026-06-20 12:31:00,5,第37回サンスポグリーンカップ争奪戦,3,4769,馬場 剛,2,33,52,0,0,0.12,6.5,44.25,66.37,7.43,71.43,71.43,25,44.44,22.58,25.81
2026-06-20,13,5,2026-06-20 12:31:00,5,第37回サンスポグリーンカップ争奪戦,4,3352,小川 晃司,3,57,51,0,0,0.17,4.51,13.04,43.48,4.39,5.56,44.44,16,36,51.28,58.97
2026-06-20,13,5,2026-06-20 12:31:00,5,第37回サンスポグリーンカップ争奪戦,5,4446,和田 兼輔,1,39,52,0,0,0.13,6.77,50.45,69.37,6.19,43.75,63.28,31.71,41.46,27.03,54.05
2026-06-20,13,5,2026-06-20 12:31:00,5,第37回サンスポグリーンカップ争奪戦,6,4393,田中 孝明,3,40,58.1,0,0,0.19,4.25,20.25,35.44,4.95,19.05,52.38,21.62,32.43,25,43.18
2026-06-20,13,6,2026-06-20 13:08:00,5,第37回サンスポグリーンカップ争奪戦,1,4215,吉島 祥之,2,41,53.3,0,0,0.15,5.53,35.24,55.24,4.82,29.41,47.06,20,32,31.58,50
2026-06-20,13,6,2026-06-20 13:08:00,5,第37回サンスポグリーンカップ争奪戦,2,3535,渡 修平,3,53,52.2,0,0,0.18,4.03,24,36,4.09,20.37,35.19,38.89,75,34.15,56.1
2026-06-20,13,6,2026-06-20 13:08:00,5,第37回サンスポグリーンカップ争奪戦,3,4511,中岡 健人,3,37,56.7,0,0,0.17,4.85,22.78,51.9,3.92,18.42,31.58,43.48,56.52,40.54,56.76
2026-06-20,13,6,2026-06-20 13:08:00,5,第37回サンスポグリーンカップ争奪戦,4,4798,浜先 真範,1,33,52.6,0,0,0.13,6.38,42.86,62.7,6,33.33,66.67,39.47,44.74,54.05,59.46
2026-06-20,13,6,2026-06-20 13:08:00,5,第37回サンスポグリーンカップ争奪戦,5,3977,山本 兼士,3,49,52.6,0,0,0.16,4.47,20.88,40.66,3.84,16,36,46.15,56.41,27.27,38.64
2026-06-20,13,6,2026-06-20 13:08:00,5,第37回サンスポグリーンカップ争奪戦,6,3392,小森 信雄,3,60,52.7,0,0,0.18,4.38,18.18,36.36,4.78,22.22,44.44,30.3,42.42,33.33,48.72
2026-06-20,13,7,2026-06-20 13:37:00,5,第37回サンスポグリーンカップ争奪戦,1,5205,刑部 亜里紗,2,29,47.5,0,0,0.19,5.88,38.05,58.41,0,0,0,45.65,63.04,16.67,27.78
2026-06-20,13,7,2026-06-20 13:37:00,5,第37回サンスポグリーンカップ争奪戦,2,3878,胡本 悟志,3,49,52,0,0,0.18,4.39,20.27,35.14,3.94,14.71,29.41,33.33,63.89,13.89,19.44
2026-06-20,13,7,2026-06-20 13:37:00,5,第37回サンスポグリーンカップ争奪戦,3,4297,山田 哲也,1,43,52,0,0,0.12,6.31,43.48,61.74,6.78,50,61.11,31.58,42.11,18.18,21.21
2026-06-20,13,7,2026-06-20 13:37:00,5,第37回サンスポグリーンカップ争奪戦,4,3474,松瀬 弘美,3,55,46.5,0,0,0.17,4.39,24.53,39.62,4.9,25,50,14.29,42.86,16.22,32.43
2026-06-20,13,7,2026-06-20 13:37:00,5,第37回サンスポグリーンカップ争奪戦,5,4496,内堀 学,2,39,52,0,0,0.18,6.64,54.1,68.03,6.9,61.9,76.19,31.11,42.22,34.38,62.5
2026-06-20,13,7,2026-06-20 13:37:00,5,第37回サンスポグリーンカップ争奪戦,6,5425,西山 育,4,24,59.1,0,0,,1.32,0,1.79,1.17,0,0,56.76,70.27,46.34,73.17
2026-06-20,13,8,2026-06-20 14:09:00,5,第37回サンスポグリーンカップ争奪戦,1,4109,谷津 幸宏,1,46,52,0,0,0.13,5.91,37.21,62.02,7.06,52.94,76.47,34.21,55.26,44.74,60.53
2026-06-20,13,8,2026-06-20 14:09:00,5,第37回サンスポグリーンカップ争奪戦,2,4041,小林 基樹,4,46,54.2,0,0,0.22,4.43,21.43,35.71,0,0,0,24.32,45.95,22.22,38.89
2026-06-20,13,8,2026-06-20 14:09:00,5,第37回サンスポグリーンカップ争奪戦,3,5092,篠原 晟弥,2,25,52,0,0,0.12,6.21,46.67,60,7.27,63.64,72.73,33.33,44.44,30,57.5
2026-06-20,13,8,2026-06-20 14:09:00,5,第37回サンスポグリーンカップ争奪戦,4,4010,越智 照浩,3,46,56.6,0,0,0.18,3.96,16,32,3.95,10.53,36.84,36.59,70.73,36.84,50
2026-06-20,13,8,2026-06-20 14:09:00,5,第37回サンスポグリーンカップ争奪戦,5,3900,香川 素子,1,49,47,0,0,0.16,6.17,44.66,66.99,5.29,42.86,57.14,28.26,45.65,27.03,40.54
2026-06-20,13,8,2026-06-20 14:09:00,5,第37回サンスポグリーンカップ争奪戦,6,5140,吉田 彩乃,3,25,47.2,0,0,0.19,4.86,26.25,46.25,3.22,22.22,22.22,36.96,52.17,34.15,51.22
2026-06-20,13,9,2026-06-20 14:39:00,5,第37回サンスポグリーンカップ争奪戦,1,4239,竹田 辰也,1,42,53,0,0,0.14,6.43,52.75,64.84,6.56,55.56,66.67,24.32,35.14,28.57,48.57
2026-06-20,13,9,2026-06-20 14:39:00,5,第37回サンスポグリーンカップ争奪戦,2,4163,山崎 裕司,2,44,52.2,0,0,0.17,5.25,35.96,49.12,5.75,45,60,52.17,67.39,34.88,44.19
2026-06-20,13,9,2026-06-20 14:39:00,5,第37回サンスポグリーンカップ争奪戦,3,4449,中嶋 達也,3,39,52.2,0,0,0.16,3.69,19.35,30.65,4.04,21.62,33.78,24.44,42.22,30.23,46.51
2026-06-20,13,9,2026-06-20 14:39:00,5,第37回サンスポグリーンカップ争奪戦,4,5153,佐藤 ほのか,3,30,47.2,1,0,0.17,4.06,21.21,35.35,3.53,10.53,26.32,15.38,38.46,28.21,41.03
2026-06-20,13,9,2026-06-20 14:39:00,5,第37回サンスポグリーンカップ争奪戦,5,3859,多羅尾 達之,3,53,51,0,0,0.15,4.43,25,40.79,4,22.22,22.22,21.62,43.24,17.65,35.29
2026-06-20,13,9,2026-06-20 14:39:00,5,第37回サンスポグリーンカップ争奪戦,6,3268,森 竜也,3,61,52.5,0,0,0.17,4.43,26.37,35.16,3.57,14.29,19.05,13.79,17.24,38.46,53.85
2026-06-20,13,10,2026-06-20 15:10:00,5,第37回サンスポグリーンカップ争奪戦,1,4798,浜先 真範,1,33,52,0,0,0.13,6.38,42.86,62.7,6,33.33,66.67,39.47,44.74,54.05,59.46
2026-06-20,13,10,2026-06-20 15:10:00,5,第37回サンスポグリーンカップ争奪戦,2,3580,水口 由紀,3,53,48,0,0,0.19,3.86,19.79,32.29,4.81,31.25,43.75,51.22,70.73,39.47,57.89
2026-06-20,13,10,2026-06-20 15:10:00,5,第37回サンスポグリーンカップ争奪戦,3,3294,野中 義生,3,60,52.7,1,0,0.14,4.36,20.9,41.79,4.17,16.67,41.67,35.42,54.17,41.03,56.41
2026-06-20,13,10,2026-06-20 15:10:00,5,第37回サンスポグリーンカップ争奪戦,4,4769,馬場 剛,2,33,51.5,0,0,0.12,6.5,44.25,66.37,7.43,71.43,71.43,25,44.44,22.58,25.81
2026-06-20,13,10,2026-06-20 15:10:00,5,第37回サンスポグリーンカップ争奪戦,5,3748,小黒 竜吾,3,50,54.9,0,0,0.17,4.41,19.54,37.93,0,0,0,25.58,48.84,31.43,40
2026-06-20,13,10,2026-06-20 15:10:00,5,第37回サンスポグリーンカップ争奪戦,6,5247,大森 翼,3,24,51,0,0,0.16,4.67,23.3,46.6,4.49,25,42.5,50,60.87,22.22,51.85
2026-06-20,13,11,2026-06-20 15:36:00,5,第37回サンスポグリーンカップ争奪戦,1,4787,椎名 豊,1,37,52.1,0,0,0.13,7,57.39,72.17,6.22,38.89,55.56,51.28,66.67,36.11,41.67
2026-06-20,13,11,2026-06-20 15:36:00,5,第37回サンスポグリーンカップ争奪戦,2,5158,宮脇 遼太,2,28,53,0,0,0.17,6.84,55.45,69.09,0,0,0,12,12,35.9,53.85
2026-06-20,13,11,2026-06-20 15:36:00,5,第37回サンスポグリーンカップ争奪戦,3,4601,森野 正弘,2,41,53.7,0,0,0.14,6.64,51.28,64.96,6.1,50,50,35.14,48.65,42.11,55.26
2026-06-20,13,11,2026-06-20 15:36:00,5,第37回サンスポグリーンカップ争奪戦,4,4215,吉島 祥之,2,41,53.3,0,0,0.15,5.53,35.24,55.24,4.82,29.41,47.06,20,32,31.58,50
2026-06-20,13,11,2026-06-20 15:36:00,5,第37回サンスポグリーンカップ争奪戦,5,5205,刑部 亜里紗,2,29,47.5,0,0,0.19,5.88,38.05,58.41,0,0,0,45.65,63.04,16.67,27.78
2026-06-20,13,11,2026-06-20 15:36:00,5,第37回サンスポグリーンカップ争奪戦,6,5434,藤田 康生,4,21,52,0,0,,2.73,5.45,14.55,3,0,16.67,28.57,52.38,47.62,64.29
2026-06-20,13,12,2026-06-20 16:13:00,5,第37回サンスポグリーンカップ争奪戦,1,4446,和田 兼輔,1,39,52,0,0,0.13,6.77,50.45,69.37,6.19,43.75,63.28,31.71,41.46,27.03,54.05
2026-06-20,13,12,2026-06-20 16:13:00,5,第37回サンスポグリーンカップ争奪戦,2,4496,内堀 学,2,39,52,0,0,0.18,6.64,54.1,68.03,6.9,61.9,76.19,31.11,42.22,34.38,62.5
2026-06-20,13,12,2026-06-20 16:13:00,5,第37回サンスポグリーンカップ争奪戦,3,4607,鶴田 勇雄,2,37,52.4,0,0,0.18,5.77,34.43,58.2,6.58,57.69,65.38,16.67,25,11.76,14.71
2026-06-20,13,12,2026-06-20 16:13:00,5,第37回サンスポグリーンカップ争奪戦,4,4109,谷津 幸宏,1,46,52,0,0,0.13,5.91,37.21,62.02,7.06,52.94,76.47,34.21,55.26,44.74,60.53
2026-06-20,13,12,2026-06-20 16:13:00,5,第37回サンスポグリーンカップ争奪戦,5,4680,後藤 美翼,3,36,47,0,0,0.19,5.78,37.78,58.89,6.36,36.36,72.73,51.61,64.52,52.94,70.59
2026-06-20,13,12,2026-06-20 16:13:00,5,第37回サンスポグリーンカップ争奪戦,6,4522,古澤 光紀,1,38,53.5,0,0,0.15,5.81,42.48,54.87,6.08,53.85,53.85,38.1,59.52,51.35,62.16
2026-06-20,15,1,2026-06-20 15:18:00,5,スカパー!JLC杯争奪 ルーキーシリーズ第14戦,1,5299,西丸 敦基,3,23,53.1,0,0,0.17,6.05,44.55,58.42,4.64,24.42,44.19,28.41,44.32,31.58,47.37
2026-06-20,15,1,2026-06-20 15:18:00,5,スカパー!JLC杯争奪 ルーキーシリーズ第14戦,2,5237,永松 良教,3,26,53.7,0,0,0.14,3.76,17.07,31.71,3.13,12.5,25,38.42,59.32,30.7,51.16
2026-06-20,15,1,2026-06-20 15:18:00,5,スカパー!JLC杯争奪 ルーキーシリーズ第14戦,3,5211,高井 駿弥,3,27,50,0,0,0.18,4.31,16.87,39.76,0,0,0,36.46,54.17,31.63,50.23
2026-06-20,15,1,2026-06-20 15:18:00,5,スカパー!JLC杯争奪 ルーキーシリーズ第14戦,4,5403,藤山 湧太,4,22,52,0,0,0.19,2.03,1.33,6.67,0,0,0,51.7,70.45,38.25,54.84
2026-06-20,15,1,2026-06-20 15:18:00,5,スカパー!JLC杯争奪 ルーキーシリーズ第14戦,5,5271,杉山 太陽,3,24,52,0,0,0.17,3.72,15.28,30.56,2.58,12.12,12.12,28.09,41.01,30.66,49.06
2026-06-20,15,1,2026-06-20 15:18:00,5,スカパー!JLC杯争奪 ルーキーシリーズ第14戦,6,5343,小林 礼央,3,23,52,0,0,0.19,3.73,15.19,27.85,1.42,0,5.26,42.29,58.29,40.45,56.82
2026-06-20,15,2,2026-06-20 15:42:00,5,スカパー!JLC杯争奪 ルーキーシリーズ第14戦,1,5157,市川 健太,3,28,54.4,0,0,0.16,4.05,21.84,34.48,3.67,11.11,22.22,31.58,53.22,40,60.93
2026-06-20,15,2,2026-06-20 15:42:00,5,スカパー!JLC杯争奪 ルーキーシリーズ第14戦,2,5201,村上 宗太郎,3,23,52,0,0,0.22,5.48,38.71,51.61,0,0,0,32.09,46.52,35.51,52.34
2026-06-20,15,2,2026-06-20 15:42:00,5,スカパー!JLC杯争奪 ルーキーシリーズ第14戦,3,5288,尾道 佳諭,3,26,52.9,0,0,0.16,3.58,12.5,25,0,0,0,32.74,47.02,40.09,58.53
2026-06-20,15,2,2026-06-20 15:42:00,5,スカパー!JLC杯争奪 ルーキーシリーズ第14戦,4,5345,牧村 俊輝,3,22,52.1,0,0,0.2,3.16,7.69,17.31,0,0,0,35.06,45.98,37.79,53.92
2026-06-20,15,2,2026-06-20 15:42:00,5,スカパー!JLC杯争奪 ルーキーシリーズ第14戦,5,5257,西丸 侑太朗,1,22,52.3,0,0,0.15,6.31,42.04,61.15,6.05,40.31,60.47,29.78,46.07,32.41,53.7
2026-06-20,15,2,2026-06-20 15:42:00,5,スカパー!JLC杯争奪 ルーキーシリーズ第14戦,6,5431,得山 大輝,4,21,51.5,0,0,,1.59,0,1.56,0,0,0,33.7,50,31.02,49.2
2026-06-20,15,3,2026-06-20 16:09:00,5,スカパー!JLC杯争奪 ルーキーシリーズ第14戦,1,5147,田中 勇輔,4,32,51.5,1,0,0.16,4.44,27.87,40.98,0,0,0,36.42,54.34,37.2,48.31
2026-06-20,15,3,2026-06-20 16:09:00,5,スカパー!JLC杯争奪 ルーキーシリーズ第14戦,2,5258,仲本 舜,3,20,52.5,0,0,0.17,4.74,27.38,41.67,0,0,0,29.94,48.59,37.62,54.76
2026-06-20,15,3,2026-06-20 16:09:00,5,スカパー!JLC杯争奪 ルーキーシリーズ第14戦,3,5221,竹間 隆晟,1,25,52.7,0,0,0.15,6.61,47.18,66.9,5.62,46.15,53.85,34.83,52.25,32.72,49.77
2026-06-20,15,3,2026-06-20 16:09:00,5,スカパー!JLC杯争奪 ルーキーシリーズ第14戦,4,5339,石井 伸長,3,25,50.5,0,0,0.16,5.36,31.58,55.26,4.54,23.68,39.47,33.51,46.28,31.16,46.05
2026-06-20,15,3,2026-06-20 16:09:00,5,スカパー!JLC杯争奪 ルーキーシリーズ第14戦,5,5330,安河内 鈴之介,2,22,52,0,0,0.15,6.34,48.06,62.79,3.9,10,30,31.69,44.26,35.19,49.07
2026-06-20,15,3,2026-06-20 16:09:00,5,スカパー!JLC杯争奪 ルーキーシリーズ第14戦,6,5186,遠藤 圭吾,3,26,52.7,0,0,0.17,4.44,30.16,39.68,0,0,0,35.36,56.35,40.27,57.92
2026-06-20,15,4,2026-06-20 16:39:00,5,スカパー!JLC杯争奪 ルーキーシリーズ第14戦,1,5190,大月 遊雅,3,25,52.2,0,0,0.18,4.44,22.22,42.22,3.4,20,30,39.18,57.73,33.18,47
2026-06-20,15,4,2026-06-20 16:39:00,5,スカパー!JLC杯争奪 ルーキーシリーズ第14戦,2,5207,高山 敬悟,3,28,52,0,0,0.15,5.31,38.03,50.7,1.29,0,0,39.89,54.49,46.33,61.93
2026-06-20,15,4,2026-06-20 16:39:00,5,スカパー!JLC杯争奪 ルーキーシリーズ第14戦,3,5315,浅井 翼,3,25,51.5,0,0,0.17,2.29,5.8,13.04,3.79,21.43,35.71,30.65,49.46,32.39,47.42
2026-06-20,15,4,2026-06-20 16:39:00,5,スカパー!JLC杯争奪 ルーキーシリーズ第14戦,4,5143,常盤 海心,3,25,53.6,0,0,0.19,4.06,21.43,40.82,4.37,16.67,50,27.27,40.91,39.91,58.72
2026-06-20,15,4,2026-06-20 16:39:00,5,スカパー!JLC杯争奪 ルーキーシリーズ第14戦,5,5028,原田 才一郎,1,29,52,0,0,0.16,6.73,51.46,67.96,0,0,0,43.5,61.02,31.46,47.42
2026-06-20,15,4,2026-06-20 16:39:00,5,スカパー!JLC杯争奪 ルーキーシリーズ第14戦,6,5280,廣瀬 凜,2,23,52.3,0,0,0.17,7.05,54.26,75.19,4.5,30,30,34.27,58.99,32.86,49.52
2026-06-20,15,5,2026-06-20 17:04:00,5,スカパー!JLC杯争奪 ルーキーシリーズ第14戦,1,5325,澁川 夏,3,22,52,0,0,0.16,5.66,36.89,61.17,4.11,11.11,33.33,43.92,60.32,31.4,51.69
2026-06-20,15,5,2026-06-20 17:04:00,5,スカパー!JLC杯争奪 ルーキーシリーズ第14戦,2,5262,鈴木 章司,3,28,53,0,0,0.2,4.4,22.22,38.89,2.4,0,20,30,48.33,39.34,54.5
2026-06-20,15,5,2026-06-20 17:04:00,5,スカパー!JLC杯争奪 ルーキーシリーズ第14戦,3,5308,藤森 拓海,3,21,53.9,0,0,0.19,4.47,25,40.63,3,8.33,20.83,26.22,40.85,35.02,50.23
2026-06-20,15,5,2026-06-20 17:04:00,5,スカパー!JLC杯争奪 ルーキーシリーズ第14戦,4,5114,小林 孝彰,2,26,52.4,0,0,0.16,5.78,42.52,60.63,4.5,20,40,26.52,39.23,33.18,43.6
2026-06-20,15,5,2026-06-20 17:04:00,5,スカパー!JLC杯争奪 ルーキーシリーズ第14戦,5,5131,江藤 敦宏,3,27,52.2,0,0,0.18,4.12,19.75,32.1,3.5,0,16.67,36.87,51.96,42.34,61.26
2026-06-20,15,5,2026-06-20 17:04:00,5,スカパー!JLC杯争奪 ルーキーシリーズ第14戦,6,5191,飛田 江己,1,25,52,0,0,0.13,6.84,52.9,69.57,8.3,80,80,28.42,46.32,34.26,47.22
2026-06-20,15,6,2026-06-20 17:33:00,5,スカパー!JLC杯争奪 ルーキーシリーズ第14戦,1,5359,佐藤 世那,3,20,54.6,0,0,0.16,4.68,28.05,45.12,5.73,45.45,45.45,26.29,38.29,34.09,47.27
2026-06-20,15,6,2026-06-20 17:33:00,5,スカパー!JLC杯争奪 ルーキーシリーズ第14戦,2,5328,井上 慧人,3,22,54.3,0,0,0.18,3.86,15.28,31.94,2.81,7.69,23.08,35.36,49.72,31.48,52.78
2026-06-20,15,6,2026-06-20 17:33:00,5,スカパー!JLC杯争奪 ルーキーシリーズ第14戦,3,5278,田中 駿兵,1,23,52.7,0,0,0.14,7.28,60.96,73.97,6.38,50,56.25,36.13,54.97,33.49,46.98
2026-06-20,15,6,2026-06-20 17:33:00,5,スカパー!JLC杯争奪 ルーキーシリーズ第14戦,4,5237,永松 良教,3,26,53.7,0,0,0.14,3.76,17.07,31.71,3.13,12.5,25,38.42,59.32,30.7,51.16
2026-06-20,15,6,2026-06-20 17:33:00,5,スカパー!JLC杯争奪 ルーキーシリーズ第14戦,5,5318,河内 一馬,3,25,54.4,0,0,0.18,3.66,14.74,28.42,0,0,0,41.11,59.44,41.1,57.53
2026-06-20,15,6,2026-06-20 17:33:00,5,スカパー!JLC杯争奪 ルーキーシリーズ第14戦,6,5216,長谷川 晴哉,2,26,52.6,0,0,0.15,6.25,42.86,67.14,5.63,37.5,62.5,36.96,50.54,39.55,56.36
2026-06-20,15,7,2026-06-20 18:00:00,5,スカパー!JLC杯争奪 ルーキーシリーズ第14戦,1,5276,大島 隆乃介,3,24,52,0,0,0.16,4.55,18.37,40.82,5,29.41,52.94,37.63,59.79,37.38,56.07
2026-06-20,15,7,2026-06-20 18:00:00,5,スカパー!JLC杯争奪 ルーキーシリーズ第14戦,2,5224,西岡 顕心,1,24,51.5,0,0,0.15,7.25,50.39,70.08,7.03,48.3,75.57,28.33,43.33,35.16,53.88
2026-06-20,15,7,2026-06-20 18:00:00,5,スカパー!JLC杯争奪 ルーキーシリーズ第14戦,3,5345,牧村 俊輝,3,22,52.1,0,0,0.2,3.16,7.69,17.31,0,0,0,35.06,45.98,37.79,53.92
2026-06-20,15,7,2026-06-20 18:00:00,5,スカパー!JLC杯争奪 ルーキーシリーズ第14戦,4,5255,藤原 仙二,2,22,53.6,1,0,0.17,6.87,50,71.43,6.63,52.63,68.42,38.51,55.17,37.5,54.17
2026-06-20,15,7,2026-06-20 18:00:00,5,スカパー!JLC杯争奪 ルーキーシリーズ第14戦,5,5343,小林 礼央,3,23,52,0,0,0.19,3.73,15.19,27.85,1.42,0,5.26,42.29,58.29,40.45,56.82
2026-06-20,15,7,2026-06-20 18:00:00,5,スカパー!JLC杯争奪 ルーキーシリーズ第14戦,6,5258,仲本 舜,3,20,52.5,0,0,0.17,4.74,27.38,41.67,0,0,0,29.94,48.59,37.62,54.76
2026-06-20,15,8,2026-06-20 18:27:00,5,スカパー!JLC杯争奪 ルーキーシリーズ第14戦,1,5330,安河内 鈴之介,2,22,52,0,0,0.15,6.34,48.06,62.79,3.9,10,30,31.69,44.26,35.19,49.07
2026-06-20,15,8,2026-06-20 18:27:00,5,スカパー!JLC杯争奪 ルーキーシリーズ第14戦,2,5282,中本 大樹,3,23,53.3,0,0,0.17,5.48,33.94,57.8,3.93,13.33,33.33,32.97,51.1,43.32,60.83
2026-06-20,15,8,2026-06-20 18:27:00,5,スカパー!JLC杯争奪 ルーキーシリーズ第14戦,3,5068,前田 滉,1,26,51.5,0,0,0.15,7.4,58.43,67.42,0,0,0,28.11,47.03,37.73,54.55
2026-06-20,15,8,2026-06-20 18:27:00,5,スカパー!JLC杯争奪 ルーキーシリーズ第14戦,4,5368,宮崎 心之介,4,24,52.1,0,0,0.21,5.35,38.18,56.36,2.11,0,11.11,29.41,48.24,37.16,54.59
2026-06-20,15,8,2026-06-20 18:27:00,5,スカパー!JLC杯争奪 ルーキーシリーズ第14戦,5,5157,市川 健太,3,28,54.4,0,0,0.16,4.05,21.84,34.48,3.67,11.11,22.22,31.58,53.22,40,60.93
2026-06-20,15,8,2026-06-20 18:27:00,5,スカパー!JLC杯争奪 ルーキーシリーズ第14戦,6,5403,藤山 湧太,4,22,52,0,0,0.19,2.03,1.33,6.67,0,0,0,51.7,70.45,38.25,54.84
2026-06-20,15,9,2026-06-20 18:56:00,5,スカパー!JLC杯争奪 ルーキーシリーズ第14戦,1,5298,水谷 理人,2,23,52,0,0,0.15,6.88,49.17,71.67,5.42,38.05,54.87,40.84,57.59,31.86,46.57
2026-06-20,15,9,2026-06-20 18:56:00,5,スカパー!JLC杯争奪 ルーキーシリーズ第14戦,2,5280,廣瀬 凜,2,23,52.3,0,0,0.17,7.05,54.26,75.19,4.5,30,30,34.27,58.99,32.86,49.52
2026-06-20,15,9,2026-06-20 18:56:00,5,スカパー!JLC杯争奪 ルーキーシリーズ第14戦,3,5201,村上 宗太郎,3,23,52,0,0,0.22,5.48,38.71,51.61,0,0,0,32.09,46.52,35.51,52.34
2026-06-20,15,9,2026-06-20 18:56:00,5,スカパー!JLC杯争奪 ルーキーシリーズ第14戦,4,5134,大原 祥昌,3,26,54,0,0,0.15,5.87,46.24,56.99,4.55,27.27,54.55,28.09,45.51,30,44.76
2026-06-20,15,9,2026-06-20 18:56:00,5,スカパー!JLC杯争奪 ルーキーシリーズ第14戦,5,5147,田中 勇輔,4,32,51.5,1,0,0.16,4.44,27.87,40.98,0,0,0,36.42,54.34,37.2,48.31
2026-06-20,15,9,2026-06-20 18:56:00,5,スカパー!JLC杯争奪 ルーキーシリーズ第14戦,6,5271,杉山 太陽,3,24,52,0,0,0.17,3.72,15.28,30.56,2.58,12.12,12.12,28.09,41.01,30.66,49.06
2026-06-20,15,10,2026-06-20 19:27:00,5,スカパー!JLC杯争奪 ルーキーシリーズ第14戦,1,5018,竹下 大樹,1,27,54,0,0,0.16,6.58,45.83,66.67,5.04,30.43,52.17,32.8,54.84,34.45,50.24
2026-06-20,15,10,2026-06-20 19:27:00,5,スカパー!JLC杯争奪 ルーキーシリーズ第14戦,2,5150,坂本 雄紀,2,31,52.7,0,0,0.15,6.69,52.88,71.15,6.05,45,70,30.06,45.66,30.19,51.42
2026-06-20,15,10,2026-06-20 19:27:00,5,スカパー!JLC杯争奪 ルーキーシリーズ第14戦,3,5114,小林 孝彰,2,26,52.4,0,0,0.16,5.78,42.52,60.63,4.5,20,40,26.52,39.23,33.18,43.6
2026-06-20,15,10,2026-06-20 19:27:00,5,スカパー!JLC杯争奪 ルーキーシリーズ第14戦,4,5211,高井 駿弥,3,27,50,0,0,0.18,4.31,16.87,39.76,0,0,0,36.46,54.17,31.63,50.23
2026-06-20,15,10,2026-06-20 19:27:00,5,スカパー!JLC杯争奪 ルーキーシリーズ第14戦,5,5190,大月 遊雅,3,25,52.2,0,0,0.18,4.44,22.22,42.22,3.4,20,30,39.18,57.73,33.18,47
2026-06-20,15,10,2026-06-20 19:27:00,5,スカパー!JLC杯争奪 ルーキーシリーズ第14戦,6,5288,尾道 佳諭,3,26,52.9,0,0,0.16,3.58,12.5,25,0,0,0,32.74,47.02,40.09,58.53
2026-06-20,15,11,2026-06-20 20:01:00,5,スカパー!JLC杯争奪 ルーキーシリーズ第14戦,1,5257,西丸 侑太朗,1,22,52.3,0,0,0.15,6.31,42.04,61.15,6.05,40.31,60.47,29.78,46.07,32.41,53.7
2026-06-20,15,11,2026-06-20 20:01:00,5,スカパー!JLC杯争奪 ルーキーシリーズ第14戦,2,5216,長谷川 晴哉,2,26,52.6,0,0,0.15,6.25,42.86,67.14,5.63,37.5,62.5,36.96,50.54,39.55,56.36
2026-06-20,15,11,2026-06-20 20:01:00,5,スカパー!JLC杯争奪 ルーキーシリーズ第14戦,3,5255,藤原 仙二,2,22,53.6,1,0,0.17,6.87,50,71.43,6.63,52.63,68.42,38.51,55.17,37.5,54.17
2026-06-20,15,11,2026-06-20 20:01:00,5,スカパー!JLC杯争奪 ルーキーシリーズ第14戦,4,5207,高山 敬悟,3,28,52,0,0,0.15,5.31,38.03,50.7,1.29,0,0,39.89,54.49,46.33,61.93
2026-06-20,15,11,2026-06-20 20:01:00,5,スカパー!JLC杯争奪 ルーキーシリーズ第14戦,5,5325,澁川 夏,3,22,52,0,0,0.16,5.66,36.89,61.17,4.11,11.11,33.33,43.92,60.32,31.4,51.69
2026-06-20,15,11,2026-06-20 20:01:00,5,スカパー!JLC杯争奪 ルーキーシリーズ第14戦,6,5339,石井 伸長,3,25,50.5,0,0,0.16,5.36,31.58,55.26,4.54,23.68,39.47,33.51,46.28,31.16,46.05
2026-06-20,15,12,2026-06-20 20:31:00,5,スカパー!JLC杯争奪 ルーキーシリーズ第14戦,1,5224,西岡 顕心,1,24,51.5,0,0,0.15,7.25,50.39,70.08,7.03,48.3,75.57,28.33,43.33,35.16,53.88
2026-06-20,15,12,2026-06-20 20:31:00,5,スカパー!JLC杯争奪 ルーキーシリーズ第14戦,2,5068,前田 滉,1,26,51.5,0,0,0.15,7.4,58.43,67.42,0,0,0,28.11,47.03,37.73,54.55
2026-06-20,15,12,2026-06-20 20:31:00,5,スカパー!JLC杯争奪 ルーキーシリーズ第14戦,3,5028,原田 才一郎,1,29,52,0,0,0.16,6.73,51.46,67.96,0,0,0,43.5,61.02,31.46,47.42
2026-06-20,15,12,2026-06-20 20:31:00,5,スカパー!JLC杯争奪 ルーキーシリーズ第14戦,4,5191,飛田 江己,1,25,52,0,0,0.13,6.84,52.9,69.57,8.3,80,80,28.42,46.32,34.26,47.22
2026-06-20,15,12,2026-06-20 20:31:00,5,スカパー!JLC杯争奪 ルーキーシリーズ第14戦,5,5221,竹間 隆晟,1,25,52.7,0,0,0.15,6.61,47.18,66.9,5.62,46.15,53.85,34.83,52.25,32.72,49.77
2026-06-20,15,12,2026-06-20 20:31:00,5,スカパー!JLC杯争奪 ルーキーシリーズ第14戦,6,5278,田中 駿兵,1,23,52.7,0,0,0.14,7.28,60.96,73.97,6.38,50,56.25,36.13,54.97,33.49,46.98
2026-06-20,17,1,2026-06-20 10:45:00,4,マスターズリーグ第2戦デイリースポーツ杯,1,3918,深井 利寿,2,51,51,0,0,0.18,6.59,46.72,69.67,6.38,48.28,65.52,35.1,48.34,28.1,50.98
2026-06-20,17,1,2026-06-20 10:45:00,4,マスターズリーグ第2戦デイリースポーツ杯,2,3797,岩井 繁,3,52,59.2,0,0,0.19,3.8,15.74,29.63,4.4,21,39,49.69,66.87,32.89,49.66
2026-06-20,17,1,2026-06-20 10:45:00,4,マスターズリーグ第2戦デイリースポーツ杯,3,3637,齋藤 和政,3,55,52.7,0,0,0.18,4.2,21.11,37.78,2.78,0,11.11,34.91,51.48,39.47,53.95
2026-06-20,17,1,2026-06-20 10:45:00,4,マスターズリーグ第2戦デイリースポーツ杯,4,3990,芹澤 克彦,3,47,52,0,0,0.15,4.87,26.26,42.42,4.79,31.03,41.38,45.35,61.05,37.04,55.03
2026-06-20,17,1,2026-06-20 10:45:00,4,マスターズリーグ第2戦デイリースポーツ杯,5,3647,伊藤 雄二,3,53,50.5,0,0,0.19,3.11,9.78,21.74,4.18,23.53,29.41,43.27,61.4,40.8,55.75
2026-06-20,17,1,2026-06-20 10:45:00,4,マスターズリーグ第2戦デイリースポーツ杯,6,3630,黒田 誠司,4,56,53.8,0,0,0.17,3.68,11.67,26.67,3.63,12.5,31.25,30.06,40.46,32.43,49.19
2026-06-20,17,2,2026-06-20 11:14:00,4,マスターズリーグ第2戦デイリースポーツ杯,1,3544,豊田 訓靖,4,57,52.4,0,0,0.21,3.77,15.91,29.55,3.25,12.5,25,38.86,57.14,41.1,58.28
2026-06-20,17,2,2026-06-20 11:14:00,4,マスターズリーグ第2戦デイリースポーツ杯,2,3988,古川 誠之,2,47,54.9,0,0,0.15,5.75,38.79,58.62,5.35,35,45,30.64,45.66,31.35,45.95
2026-06-20,17,2,2026-06-20 11:14:00,4,マスターズリーグ第2戦デイリースポーツ杯,3,3663,木山 和幸,2,56,50.5,0,0,0.16,5.67,36.94,57.66,5.68,38.79,58.62,35.47,54.65,51.65,65.38
2026-06-20,17,2,2026-06-20 11:14:00,4,マスターズリーグ第2戦デイリースポーツ杯,4,3381,滝沢 芳行,3,57,52,0,0,0.15,5.09,32.22,44.44,4.67,29.63,44.44,44.85,57.58,38.17,56.45
2026-06-20,17,2,2026-06-20 11:14:00,4,マスターズリーグ第2戦デイリースポーツ杯,5,3654,武田 光史,1,52,52.5,0,0,0.15,6.76,56.03,68.97,6.79,64.29,78.57,36.36,54.55,31.14,50.3
2026-06-20,17,2,2026-06-20 11:14:00,4,マスターズリーグ第2戦デイリースポーツ杯,6,3825,宮嵜 隆太郎,3,52,60.7,0,0,0.13,2.96,13.21,16.98,4.2,26.67,46.67,34.86,57.14,35.5,51.48
2026-06-20,17,3,2026-06-20 11:43:00,4,マスターズリーグ第2戦デイリースポーツ杯,1,3434,松尾 宣邦,3,57,53,0,0,0.17,4.42,22.68,37.11,5.4,30,60,32.72,47.53,40.46,52.6
2026-06-20,17,3,2026-06-20 11:43:00,4,マスターズリーグ第2戦デイリースポーツ杯,2,3482,金子 猛志,2,55,58.2,0,0,0.16,5.17,33.33,50,2.87,0,13.33,32.26,50,32.37,52.02
2026-06-20,17,3,2026-06-20 11:43:00,4,マスターズリーグ第2戦デイリースポーツ杯,3,3775,泉 啓文,3,51,57.6,0,0,0.17,3.9,17.98,30.34,5.4,33.33,56.67,28.93,50.94,37.16,62.16
2026-06-20,17,3,2026-06-20 11:43:00,4,マスターズリーグ第2戦デイリースポーツ杯,4,3740,大澤 普司,1,52,52,0,0,0.16,6.19,43.7,58.52,5,35.71,42.86,42.69,56.73,34.59,50.31
2026-06-20,17,3,2026-06-20 11:43:00,4,マスターズリーグ第2戦デイリースポーツ杯,5,3912,川原 正明,2,52,52,0,0,0.14,5.59,39.05,53.33,5.58,41.94,51.61,32.22,46.67,32.35,44.71
2026-06-20,17,3,2026-06-20 11:43:00,4,マスターズリーグ第2戦デイリースポーツ杯,6,3621,天野 晶夫,3,52,52.5,2,0,0.18,5.75,36.92,63.08,6,41.18,58.82,31.88,47.5,39.89,56.74
2026-06-20,17,4,2026-06-20 12:12:00,4,マスターズリーグ第2戦デイリースポーツ杯,1,3714,梶原 正,3,51,54.6,0,0,0.15,4.85,27.17,45.65,4.76,23.81,47.62,34.83,52.25,35.86,52.41
2026-06-20,17,4,2026-06-20 12:12:00,4,マスターズリーグ第2戦デイリースポーツ杯,2,3353,前田 光昭,4,57,52,0,0,0.17,3.55,11.67,26.67,0,0,0,42.17,59.04,32.26,48.39
2026-06-20,17,4,2026-06-20 12:12:00,4,マスターズリーグ第2戦デイリースポーツ杯,3,3978,齊藤 仁,1,48,51.5,1,0,0.13,5.93,36.36,55.45,7.06,52.94,70.59,36.57,52.57,33.53,46.47
2026-06-20,17,4,2026-06-20 12:12:00,4,マスターズリーグ第2戦デイリースポーツ杯,4,2878,富山 弘幸,3,67,52.3,0,0,0.17,5.22,26.37,54.95,5.34,34.48,48.28,42.41,54.43,29.53,48.7
2026-06-20,17,4,2026-06-20 12:12:00,4,マスターズリーグ第2戦デイリースポーツ杯,5,3911,鈴木 猛,2,52,52.4,0,0,0.16,5.41,36.36,47.93,4.78,11.11,55.56,35.5,52.66,32.26,51.61
2026-06-20,17,4,2026-06-20 12:12:00,4,マスターズリーグ第2戦デイリースポーツ杯,6,3568,木村 光宏,3,55,52.6,0,0,0.17,4.14,22.45,36.73,4.03,26.67,33.33,41.95,52.3,41.71,54.86
2026-06-20,17,5,2026-06-20 12:42:00,4,マスターズリーグ第2戦デイリースポーツ杯,1,3744,徳増 秀樹,1,51,52.1,0,0,0.13,6.24,44.36,57.89,7.79,75,75,37.36,52.3,32.97,48.35
2026-06-20,17,5,2026-06-20 12:42:00,4,マスターズリーグ第2戦デイリースポーツ杯,2,3982,福田 理,3,48,54.9,0,0,0.15,3.82,18.89,30,4.12,18.6,32.56,42.53,61.49,31.82,47.4
2026-06-20,17,5,2026-06-20 12:42:00,4,マスターズリーグ第2戦デイリースポーツ杯,3,3563,堤 昇,3,56,51.5,0,0,0.16,5.17,30.48,49.52,0,0,0,31.52,46.06,32.89,48.68
2026-06-20,17,5,2026-06-20 12:42:00,4,マスターズリーグ第2戦デイリースポーツ杯,4,4156,浜野 孝志,2,45,56.3,0,0,0.14,5.02,26,47,5.75,37.5,50,34.59,50.94,31.03,40.23
2026-06-20,17,5,2026-06-20 12:42:00,4,マスターズリーグ第2戦デイリースポーツ杯,5,4035,杉江 浩明,3,47,51.5,0,0,0.2,3.94,23.36,35.51,3.78,11.11,22.22,31.18,47.65,31.05,48.42
2026-06-20,17,5,2026-06-20 12:42:00,4,マスターズリーグ第2戦デイリースポーツ杯,6,3516,吉原 聖人,3,58,51.5,0,0,0.17,4.34,29.03,37.1,3.5,18.75,28.13,41.18,59.41,34.88,51.74
2026-06-20,17,6,2026-06-20 13:23:00,4,マスターズリーグ第2戦デイリースポーツ杯,1,3647,伊藤 雄二,3,53,50.5,0,0,0.19,3.11,9.78,21.74,4.18,23.53,29.41,43.27,61.4,40.8,55.75
2026-06-20,17,6,2026-06-20 13:23:00,4,マスターズリーグ第2戦デイリースポーツ杯,2,3257,田頭 実,2,59,51,0,0,0.13,6.46,52.63,64.47,5.4,30,60,29.03,49.68,34.76,52.94
2026-06-20,17,6,2026-06-20 13:23:00,4,マスターズリーグ第2戦デイリースポーツ杯,3,3898,平田 忠則,1,49,52.7,0,0,0.14,6.97,50.5,72.28,7.38,56.41,76.92,33.74,53.37,33.15,44.2
2026-06-20,17,6,2026-06-20 13:23:00,4,マスターズリーグ第2戦デイリースポーツ杯,4,3796,長野 道臣,3,53,53.7,0,0,0.16,4.99,34.07,49.45,5.13,32.26,58.06,35.67,57.31,38.22,56.69
2026-06-20,17,6,2026-06-20 13:23:00,4,マスターズリーグ第2戦デイリースポーツ杯,5,3430,角浜 修,3,58,53.3,0,0,0.17,4.15,24.14,33.33,4.57,28.18,42.73,29.76,45.83,37.66,50.65
2026-06-20,17,6,2026-06-20 13:23:00,4,マスターズリーグ第2戦デイリースポーツ杯,6,4069,山本 修一,1,45,53.4,1,0,0.18,6.04,42.74,62.9,7,41.03,79.49,31.55,54.76,36.42,48.34
2026-06-20,17,7,2026-06-20 13:53:00,4,マスターズリーグ第2戦デイリースポーツ杯,1,3915,繁野谷 圭介,2,52,52,0,0,0.17,5.42,32.46,54.39,6.19,47.62,61.9,28.39,50.32,29.52,49.4
2026-06-20,17,7,2026-06-20 13:53:00,4,マスターズリーグ第2戦デイリースポーツ杯,2,3459,中野 和裕,3,59,53.8,0,0,0.17,3.56,15.38,24.36,3.11,3.57,21.43,50,67.05,33.77,51.95
2026-06-20,17,7,2026-06-20 13:53:00,4,マスターズリーグ第2戦デイリースポーツ杯,3,3458,東 健介,3,59,54.1,0,0,0.16,4.43,20,34.29,5.13,34.78,47.83,39.26,53.37,36.41,60.33
2026-06-20,17,7,2026-06-20 13:53:00,4,マスターズリーグ第2戦デイリースポーツ杯,4,3630,黒田 誠司,4,56,53.8,0,0,0.17,3.68,11.67,26.67,3.63,12.5,31.25,30.06,40.46,32.43,49.19
2026-06-20,17,7,2026-06-20 13:53:00,4,マスターズリーグ第2戦デイリースポーツ杯,5,3664,鈴木 賢一,3,56,54.2,0,0,0.17,4.74,26.74,48.84,5.95,50,54.55,38.15,56.65,29.21,44.94
2026-06-20,17,7,2026-06-20 13:53:00,4,マスターズリーグ第2戦デイリースポーツ杯,6,3663,木山 和幸,2,56,50.5,0,0,0.16,5.67,36.94,57.66,5.68,38.79,58.62,35.47,54.65,51.65,65.38
2026-06-20,17,8,2026-06-20 14:25:00,4,マスターズリーグ第2戦デイリースポーツ杯,1,3990,芹澤 克彦,3,47,52,0,0,0.15,4.87,26.26,42.42,4.79,31.03,41.38,45.35,61.05,37.04,55.03
2026-06-20,17,8,2026-06-20 14:25:00,4,マスターズリーグ第2戦デイリースポーツ杯,2,3931,黒崎 竜也,3,50,51,0,0,0.16,5.91,41.38,60.92,5.18,35.29,52.94,35.71,53.9,40.94,50.29
2026-06-20,17,8,2026-06-20 14:25:00,4,マスターズリーグ第2戦デイリースポーツ杯,3,4072,森永 淳,1,45,51.5,0,0,0.14,6.78,51.35,60.81,6.73,46.67,66.67,32.07,51.63,32.75,55.56
2026-06-20,17,8,2026-06-20 14:25:00,4,マスターズリーグ第2戦デイリースポーツ杯,4,3544,豊田 訓靖,4,57,52.4,0,0,0.21,3.77,15.91,29.55,3.25,12.5,25,38.86,57.14,41.1,58.28
2026-06-20,17,8,2026-06-20 14:25:00,4,マスターズリーグ第2戦デイリースポーツ杯,5,3473,石川 真二,1,56,52.2,0,0,0.13,6.09,46.15,61.54,6.4,50,65,44,60.57,37.63,54.12
2026-06-20,17,8,2026-06-20 14:25:00,4,マスターズリーグ第2戦デイリースポーツ杯,6,3775,泉 啓文,3,51,57.6,0,0,0.17,3.9,17.98,30.34,5.4,33.33,56.67,28.93,50.94,37.16,62.16
2026-06-20,17,9,2026-06-20 14:57:00,4,マスターズリーグ第2戦デイリースポーツ杯,1,3442,宮武 英司,3,56,54.2,0,0,0.16,4.47,19.35,40.32,5.05,20,50,29.45,46.63,35.2,50.28
2026-06-20,17,9,2026-06-20 14:57:00,4,マスターズリーグ第2戦デイリースポーツ杯,2,3912,川原 正明,2,52,52,0,0,0.14,5.59,39.05,53.33,5.58,41.94,51.61,32.22,46.67,32.35,44.71
2026-06-20,17,9,2026-06-20 14:57:00,4,マスターズリーグ第2戦デイリースポーツ杯,3,4035,杉江 浩明,3,47,51.5,0,0,0.2,3.94,23.36,35.51,3.78,11.11,22.22,31.18,47.65,31.05,48.42
2026-06-20,17,9,2026-06-20 14:57:00,4,マスターズリーグ第2戦デイリースポーツ杯,4,3988,古川 誠之,2,47,54.9,0,0,0.15,5.75,38.79,58.62,5.35,35,45,30.64,45.66,31.35,45.95
2026-06-20,17,9,2026-06-20 14:57:00,4,マスターズリーグ第2戦デイリースポーツ杯,5,3797,岩井 繁,3,52,59.2,0,0,0.19,3.8,15.74,29.63,4.4,21,39,49.69,66.87,32.89,49.66
2026-06-20,17,9,2026-06-20 14:57:00,4,マスターズリーグ第2戦デイリースポーツ杯,6,2878,富山 弘幸,3,67,52.3,0,0,0.17,5.22,26.37,54.95,5.34,34.48,48.28,42.41,54.43,29.53,48.7
2026-06-20,17,10,2026-06-20 15:30:00,4,マスターズリーグ第2戦デイリースポーツ杯,1,3381,滝沢 芳行,3,57,52,0,0,0.15,5.09,32.22,44.44,4.67,29.63,44.44,44.85,57.58,38.17,56.45
2026-06-20,17,10,2026-06-20 15:30:00,4,マスターズリーグ第2戦デイリースポーツ杯,2,3568,木村 光宏,3,55,52.6,0,0,0.17,4.14,22.45,36.73,4.03,26.67,33.33,41.95,52.3,41.71,54.86
2026-06-20,17,10,2026-06-20 15:30:00,4,マスターズリーグ第2戦デイリースポーツ杯,3,3740,大澤 普司,1,52,52,0,0,0.16,6.19,43.7,58.52,5,35.71,42.86,42.69,56.73,34.59,50.31
2026-06-20,17,10,2026-06-20 15:30:00,4,マスターズリーグ第2戦デイリースポーツ杯,4,3563,堤 昇,3,56,51.5,0,0,0.16,5.17,30.48,49.52,0,0,0,31.52,46.06,32.89,48.68
2026-06-20,17,10,2026-06-20 15:30:00,4,マスターズリーグ第2戦デイリースポーツ杯,5,3637,齋藤 和政,3,55,52.7,0,0,0.18,4.2,21.11,37.78,2.78,0,11.11,34.91,51.48,39.47,53.95
2026-06-20,17,10,2026-06-20 15:30:00,4,マスターズリーグ第2戦デイリースポーツ杯,6,3562,山下 和彦,2,57,52.1,0,0,0.16,5.82,42.74,60.68,6.19,40.68,57.63,30,46.25,33.33,54.5
2026-06-20,17,11,2026-06-20 16:03:00,4,マスターズリーグ第2戦デイリースポーツ杯,1,3911,鈴木 猛,2,52,52.4,0,0,0.16,5.41,36.36,47.93,4.78,11.11,55.56,35.5,52.66,32.26,51.61
2026-06-20,17,11,2026-06-20 16:03:00,4,マスターズリーグ第2戦デイリースポーツ杯,2,3898,平田 忠則,1,49,52.7,0,0,0.14,6.97,50.5,72.28,7.38,56.41,76.92,33.74,53.37,33.15,44.2
2026-06-20,17,11,2026-06-20 16:03:00,4,マスターズリーグ第2戦デイリースポーツ杯,3,3825,宮嵜 隆太郎,3,52,60.7,0,0,0.13,2.96,13.21,16.98,4.2,26.67,46.67,34.86,57.14,35.5,51.48
2026-06-20,17,11,2026-06-20 16:03:00,4,マスターズリーグ第2戦デイリースポーツ杯,4,3918,深井 利寿,2,51,51,0,0,0.18,6.59,46.72,69.67,6.38,48.28,65.52,35.1,48.34,28.1,50.98
2026-06-20,17,11,2026-06-20 16:03:00,4,マスターズリーグ第2戦デイリースポーツ杯,5,3744,徳増 秀樹,1,51,52.1,0,0,0.13,6.24,44.36,57.89,7.79,75,75,37.36,52.3,32.97,48.35
2026-06-20,17,11,2026-06-20 16:03:00,4,マスターズリーグ第2戦デイリースポーツ杯,6,3482,金子 猛志,2,55,58.2,0,0,0.16,5.17,33.33,50,2.87,0,13.33,32.26,50,32.37,52.02
2026-06-20,17,12,2026-06-20 16:50:00,4,マスターズリーグ第2戦デイリースポーツ杯,1,3654,武田 光史,1,52,52.5,0,0,0.15,6.76,56.03,68.97,6.79,64.29,78.57,36.36,54.55,31.14,50.3
2026-06-20,17,12,2026-06-20 16:50:00,4,マスターズリーグ第2戦デイリースポーツ杯,2,3978,齊藤 仁,1,48,51.5,1,0,0.13,5.93,36.36,55.45,7.06,52.94,70.59,36.57,52.57,33.53,46.47
2026-06-20,17,12,2026-06-20 16:50:00,4,マスターズリーグ第2戦デイリースポーツ杯,3,3915,繁野谷 圭介,2,52,52,0,0,0.17,5.42,32.46,54.39,6.19,47.62,61.9,28.39,50.32,29.52,49.4
2026-06-20,17,12,2026-06-20 16:50:00,4,マスターズリーグ第2戦デイリースポーツ杯,4,3257,田頭 実,2,59,51,0,0,0.13,6.46,52.63,64.47,5.4,30,60,29.03,49.68,34.76,52.94
2026-06-20,17,12,2026-06-20 16:50:00,4,マスターズリーグ第2戦デイリースポーツ杯,5,3434,松尾 宣邦,3,57,53,0,0,0.17,4.42,22.68,37.11,5.4,30,60,32.72,47.53,40.46,52.6
2026-06-20,17,12,2026-06-20 16:50:00,4,マスターズリーグ第2戦デイリースポーツ杯,6,4156,浜野 孝志,2,45,56.3,0,0,0.14,5.02,26,47,5.75,37.5,50,34.59,50.94,31.03,40.23
2026-06-20,18,1,2026-06-20 08:44:00,4,サッポロビールカップ,1,4015,前野 竜一,2,46,57.4,0,0,0.16,5.98,39.2,60.8,6.89,49.06,70.75,24.32,40.54,40.69,57.24
2026-06-20,18,1,2026-06-20 08:44:00,4,サッポロビールカップ,2,3761,山本 光雄,3,54,52.1,0,0,0.17,5.53,36.26,51.65,5.43,42.86,50,47.22,63.89,23.84,43.71
2026-06-20,18,1,2026-06-20 08:44:00,4,サッポロビールカップ,3,4895,門間 雄大,3,35,53.6,0,0,0.15,5.45,28.79,56.06,2.7,0,20,35.71,38.1,37.84,57.43
2026-06-20,18,1,2026-06-20 08:44:00,4,サッポロビールカップ,4,4529,嶋 義信,3,37,53.9,0,0,0.15,6.06,44.05,61.9,5.6,30,53.33,35.71,50,38.26,53.69
2026-06-20,18,1,2026-06-20 08:44:00,4,サッポロビールカップ,5,4006,小野 勇作,3,48,50.5,0,0,0.17,5.35,36.54,53.85,5.86,45.45,63.64,50,69.23,41.38,62.76
2026-06-20,18,1,2026-06-20 08:44:00,4,サッポロビールカップ,6,4638,小林 遼太,3,35,52,0,0,0.19,4.95,30.11,51.61,5.27,33.33,48.48,18.92,37.84,22.22,35.42
2026-06-20,18,2,2026-06-20 09:10:00,4,サッポロビールカップ,1,4594,谷川 祐一,2,44,52,0,0,0.15,5.59,35.42,58.33,6,45.45,63.64,42.55,57.45,28.38,43.92
2026-06-20,18,2,2026-06-20 09:10:00,4,サッポロビールカップ,2,4085,荻野 裕介,3,46,52,0,0,0.2,5.18,32.84,52.24,6,42.86,66.67,31.82,52.27,28.57,44.9
2026-06-20,18,2,2026-06-20 09:10:00,4,サッポロビールカップ,3,4982,中村 将隆,3,29,54.6,1,0,0.17,5.08,32,53.33,3.53,10.53,36.84,15.63,31.25,31.33,46.67
2026-06-20,18,2,2026-06-20 09:10:00,4,サッポロビールカップ,4,3627,井上 恵一,2,56,54.1,1,0,0.18,5.17,35.24,47.62,4.79,28.57,47.62,42.5,62.5,32.89,46.05
2026-06-20,18,2,2026-06-20 09:10:00,4,サッポロビールカップ,5,5005,石田 貴洋,3,30,52.1,0,0,0.15,6.47,46.91,66.67,5.46,38.46,53.85,28.57,40.48,26.17,50.34
2026-06-20,18,2,2026-06-20 09:10:00,4,サッポロビールカップ,6,4398,船岡 洋一郎,1,39,52.6,0,0,0.14,6.65,48.74,63.87,5.94,25,43.75,21.74,45.65,25.85,41.5
2026-06-20,18,3,2026-06-20 09:36:00,4,サッポロビールカップ,1,4535,北山 康介,1,36,53.6,1,0,0.14,6.36,44.79,67.71,7.14,58.33,77.78,25,52.27,45.27,61.49
2026-06-20,18,3,2026-06-20 09:36:00,4,サッポロビールカップ,2,4375,照屋 厚仁,2,42,51.5,0,0,0.17,5.97,44.55,63.64,6,50,50,37.21,51.16,33.1,53.79
2026-06-20,18,3,2026-06-20 09:36:00,4,サッポロビールカップ,3,4725,佐竹 太一,3,39,52.8,0,0,0.21,5.12,30.26,43.42,3.13,6.25,18.75,7.69,34.62,35.37,51.7
2026-06-20,18,3,2026-06-20 09:36:00,4,サッポロビールカップ,4,5032,谷口 知優,3,28,52,0,0,0.15,5.44,32.69,52.88,5.45,36.36,51.52,32.43,54.05,26.49,43.05
2026-06-20,18,3,2026-06-20 09:36:00,4,サッポロビールカップ,5,4442,松竹 大輔,3,39,52,0,0,0.15,5.89,45.54,55.45,0,0,0,39.58,54.17,29.73,50.68
2026-06-20,18,3,2026-06-20 09:36:00,4,サッポロビールカップ,6,4575,戸塚 邦好,1,37,52,0,0,0.13,6.29,45.56,63.33,5.62,42.86,52.38,41.3,52.17,39.33,54.67
2026-06-20,18,4,2026-06-20 10:02:00,4,サッポロビールカップ,1,4451,松崎 祐太郎,1,38,52,0,0,0.16,6.27,46.61,64.41,7.14,68.18,77.27,38.3,55.32,41.06,54.3
2026-06-20,18,4,2026-06-20 10:02:00,4,サッポロビールカップ,2,5096,上原 崚,2,30,52,0,0,0.13,6.14,37.5,59.38,6.89,55.56,77.78,21.43,40.48,30.41,47.3
2026-06-20,18,4,2026-06-20 10:02:00,4,サッポロビールカップ,3,4574,東 潤樹,3,37,53.6,0,0,0.17,5.33,30.85,55.32,4.56,11.11,44.44,29.27,36.59,39.86,60.84
2026-06-20,18,4,2026-06-20 10:02:00,4,サッポロビールカップ,4,4906,鈴木 雅希,3,31,52,0,0,0.14,5.21,33.33,53.03,3.22,11.11,33.33,35.56,48.89,27.59,42.76
2026-06-20,18,4,2026-06-20 10:02:00,4,サッポロビールカップ,5,4821,妻鳥 晋也,3,34,55.4,0,0,0.18,5.08,35.56,47.78,5.25,37.5,56.25,25.64,41.03,36.42,58.28
2026-06-20,18,4,2026-06-20 10:02:00,4,サッポロビールカップ,6,3853,岩崎 正哉,3,53,54.2,0,0,0.19,6.04,43.01,61.29,6.67,50,75,31.58,60.53,39.33,56.67
2026-06-20,18,5,2026-06-20 10:30:00,4,サッポロビールカップ,1,3687,花田 和明,3,56,52.4,0,0,0.17,5.31,33.72,51.16,5.45,40,50,27.91,51.16,34.44,55.63
2026-06-20,18,5,2026-06-20 10:30:00,4,サッポロビールカップ,2,4880,澤崎 雄哉,3,31,53.2,0,0,0.17,5.12,31.71,53.66,5.5,37.5,75,15.63,21.88,38.96,53.9
2026-06-20,18,5,2026-06-20 10:30:00,4,サッポロビールカップ,3,4131,原 豊土,2,46,55.2,0,0,0.17,6.46,48.31,67.42,5.6,40,66.67,34.04,53.19,28.77,43.15
2026-06-20,18,5,2026-06-20 10:30:00,4,サッポロビールカップ,4,4428,有賀 達也,1,40,52,0,0,0.14,6.38,50.51,59.6,6.92,58.33,66.67,33.33,48.48,31.47,48.25
2026-06-20,18,5,2026-06-20 10:30:00,4,サッポロビールカップ,5,5039,倉田 茂将,2,28,55.1,1,0,0.15,4.41,26.21,36.89,5.11,33.33,33.33,36.59,48.78,36,54.67
2026-06-20,18,5,2026-06-20 10:30:00,4,サッポロビールカップ,6,4064,原田 篤志,1,46,52,0,0,0.16,6.17,41.07,64.29,6.94,54.76,69.05,30.95,50,25.87,41.96
2026-06-20,18,6,2026-06-20 11:00:00,4,サッポロビールカップ,1,3627,井上 恵一,2,56,54.1,1,0,0.18,5.17,35.24,47.62,4.79,28.57,47.62,42.5,62.5,32.89,46.05
2026-06-20,18,6,2026-06-20 11:00:00,4,サッポロビールカップ,2,4786,佐藤 博亮,1,38,52.1,0,0,0.13,6.77,57.14,72.18,7.7,65,80,36.11,47.22,41.33,52
2026-06-20,18,6,2026-06-20 11:00:00,4,サッポロビールカップ,3,3703,鳥飼 眞,2,52,50,0,0,0.17,6.12,46.85,60.36,6.09,40.43,59.57,12.2,24.39,34,56.67
2026-06-20,18,6,2026-06-20 11:00:00,4,サッポロビールカップ,4,4006,小野 勇作,3,48,50.5,0,0,0.17,5.35,36.54,53.85,5.86,45.45,63.64,50,69.23,41.38,62.76
2026-06-20,18,6,2026-06-20 11:00:00,4,サッポロビールカップ,5,4676,後藤 隼之,3,38,54.6,0,0,0.15,5.49,28.72,56.38,5.15,40.74,48.15,27.91,46.51,36.3,49.32
2026-06-20,18,6,2026-06-20 11:00:00,4,サッポロビールカップ,6,5217,藤原 碧生,1,26,52,1,0,0.16,6.67,40.59,63.37,6.06,41.18,70.59,29.27,58.54,34,48.67
2026-06-20,18,7,2026-06-20 11:31:00,4,サッポロビールカップ,1,5238,笹木 香吾,2,26,52.7,0,0,0.14,5.66,42.57,54.46,5.31,38.17,48.85,34.29,48.57,45.83,59.03
2026-06-20,18,7,2026-06-20 11:31:00,4,サッポロビールカップ,2,4442,松竹 大輔,3,39,52,0,0,0.15,5.89,45.54,55.45,0,0,0,39.58,54.17,29.73,50.68
2026-06-20,18,7,2026-06-20 11:31:00,4,サッポロビールカップ,3,4529,嶋 義信,3,37,53.9,0,0,0.15,6.06,44.05,61.9,5.6,30,53.33,35.71,50,38.26,53.69
2026-06-20,18,7,2026-06-20 11:31:00,4,サッポロビールカップ,4,4076,杉田 篤光,2,47,52.1,0,0,0.2,5.27,34.11,52.71,4.38,25,37.5,44.12,67.65,32.43,45.95
2026-06-20,18,7,2026-06-20 11:31:00,4,サッポロビールカップ,5,4269,杉山 裕也,1,40,52,0,0,0.15,6.15,43.4,59.43,7.2,50,80,30,37.5,33.56,48.32
2026-06-20,18,7,2026-06-20 11:31:00,4,サッポロビールカップ,6,5071,野見山 拓己,3,31,52.4,1,0,0.12,4.77,23.17,47.56,3.91,13.04,26.09,23.53,35.29,25.52,38.62
2026-06-20,18,8,2026-06-20 12:02:00,4,サッポロビールカップ,1,5132,中野 希一,1,27,52.9,0,0,0.13,7.29,62.99,77.17,8.11,77.78,83.33,36.11,50,31.51,46.58
2026-06-20,18,8,2026-06-20 12:02:00,4,サッポロビールカップ,2,4575,戸塚 邦好,1,37,52,0,0,0.13,6.29,45.56,63.33,5.62,42.86,52.38,41.3,52.17,39.33,54.67
2026-06-20,18,8,2026-06-20 12:02:00,4,サッポロビールカップ,3,3930,岸本 隆,3,50,55,0,0,0.15,5.29,28.57,52.38,5.28,41.38,51.72,23.81,40.48,34.67,54
2026-06-20,18,8,2026-06-20 12:02:00,4,サッポロビールカップ,4,4725,佐竹 太一,3,39,52.8,0,0,0.21,5.12,30.26,43.42,3.13,6.25,18.75,7.69,34.62,35.37,51.7
2026-06-20,18,8,2026-06-20 12:02:00,4,サッポロビールカップ,5,4489,岩川 仁士,3,39,53.9,0,0,0.15,5.3,33.64,50.47,5.65,35,55,36.17,63.83,29.53,40.94
2026-06-20,18,8,2026-06-20 12:02:00,4,サッポロビールカップ,6,4703,森永 隆,2,38,52,0,0,0.14,6.55,51.96,66.67,6.57,50,64.15,46.67,64.44,34.93,55.48
2026-06-20,18,9,2026-06-20 12:33:00,4,サッポロビールカップ,1,4428,有賀 達也,1,40,52,0,0,0.14,6.38,50.51,59.6,6.92,58.33,66.67,33.33,48.48,31.47,48.25
2026-06-20,18,9,2026-06-20 12:33:00,4,サッポロビールカップ,2,5032,谷口 知優,3,28,52,0,0,0.15,5.44,32.69,52.88,5.45,36.36,51.52,32.43,54.05,26.49,43.05
2026-06-20,18,9,2026-06-20 12:33:00,4,サッポロビールカップ,3,5096,上原 崚,2,30,52,0,0,0.13,6.14,37.5,59.38,6.89,55.56,77.78,21.43,40.48,30.41,47.3
2026-06-20,18,9,2026-06-20 12:33:00,4,サッポロビールカップ,4,4982,中村 将隆,3,29,54.6,1,0,0.17,5.08,32,53.33,3.53,10.53,36.84,15.63,31.25,31.33,46.67
2026-06-20,18,9,2026-06-20 12:33:00,4,サッポロビールカップ,5,4085,荻野 裕介,3,46,52,0,0,0.2,5.18,32.84,52.24,6,42.86,66.67,31.82,52.27,28.57,44.9
2026-06-20,18,9,2026-06-20 12:33:00,4,サッポロビールカップ,6,4131,原 豊土,2,46,55.2,0,0,0.17,6.46,48.31,67.42,5.6,40,66.67,34.04,53.19,28.77,43.15
2026-06-20,18,10,2026-06-20 13:06:00,4,サッポロビールカップ,1,3853,岩崎 正哉,3,53,54.2,0,0,0.19,6.04,43.01,61.29,6.67,50,75,31.58,60.53,39.33,56.67
2026-06-20,18,10,2026-06-20 13:06:00,4,サッポロビールカップ,2,4535,北山 康介,1,36,53.6,1,0,0.14,6.36,44.79,67.71,7.14,58.33,77.78,25,52.27,45.27,61.49
2026-06-20,18,10,2026-06-20 13:06:00,4,サッポロビールカップ,3,4015,前野 竜一,2,46,57.4,0,0,0.16,5.98,39.2,60.8,6.89,49.06,70.75,24.32,40.54,40.69,57.24
2026-06-20,18,10,2026-06-20 13:06:00,4,サッポロビールカップ,4,4638,小林 遼太,3,35,52,0,0,0.19,4.95,30.11,51.61,5.27,33.33,48.48,18.92,37.84,22.22,35.42
2026-06-20,18,10,2026-06-20 13:06:00,4,サッポロビールカップ,5,4786,佐藤 博亮,1,38,52.1,0,0,0.13,6.77,57.14,72.18,7.7,65,80,36.11,47.22,41.33,52
2026-06-20,18,10,2026-06-20 13:06:00,4,サッポロビールカップ,6,4594,谷川 祐一,2,44,52,0,0,0.15,5.59,35.42,58.33,6,45.45,63.64,42.55,57.45,28.38,43.92
2026-06-20,18,11,2026-06-20 13:39:00,4,サッポロビールカップ,1,4064,原田 篤志,1,46,52,0,0,0.16,6.17,41.07,64.29,6.94,54.76,69.05,30.95,50,25.87,41.96
2026-06-20,18,11,2026-06-20 13:39:00,4,サッポロビールカップ,2,4269,杉山 裕也,1,40,52,0,0,0.15,6.15,43.4,59.43,7.2,50,80,30,37.5,33.56,48.32
2026-06-20,18,11,2026-06-20 13:39:00,4,サッポロビールカップ,3,4398,船岡 洋一郎,1,39,52.6,0,0,0.14,6.65,48.74,63.87,5.94,25,43.75,21.74,45.65,25.85,41.5
2026-06-20,18,11,2026-06-20 13:39:00,4,サッポロビールカップ,4,3703,鳥飼 眞,2,52,50,0,0,0.17,6.12,46.85,60.36,6.09,40.43,59.57,12.2,24.39,34,56.67
2026-06-20,18,11,2026-06-20 13:39:00,4,サッポロビールカップ,5,4375,照屋 厚仁,2,42,51.5,0,0,0.17,5.97,44.55,63.64,6,50,50,37.21,51.16,33.1,53.79
2026-06-20,18,11,2026-06-20 13:39:00,4,サッポロビールカップ,6,3687,花田 和明,3,56,52.4,0,0,0.17,5.31,33.72,51.16,5.45,40,50,27.91,51.16,34.44,55.63
2026-06-20,18,12,2026-06-20 14:14:00,4,サッポロビールカップ,1,4703,森永 隆,2,38,52,0,0,0.14,6.55,51.96,66.67,6.57,50,64.15,46.67,64.44,34.93,55.48
2026-06-20,18,12,2026-06-20 14:14:00,4,サッポロビールカップ,2,4451,松崎 祐太郎,1,38,52,0,0,0.16,6.27,46.61,64.41,7.14,68.18,77.27,38.3,55.32,41.06,54.3
2026-06-20,18,12,2026-06-20 14:14:00,4,サッポロビールカップ,3,5217,藤原 碧生,1,26,52,1,0,0.16,6.67,40.59,63.37,6.06,41.18,70.59,29.27,58.54,34,48.67
2026-06-20,18,12,2026-06-20 14:14:00,4,サッポロビールカップ,4,5238,笹木 香吾,2,26,52.7,0,0,0.14,5.66,42.57,54.46,5.31,38.17,48.85,34.29,48.57,45.83,59.03
2026-06-20,18,12,2026-06-20 14:14:00,4,サッポロビールカップ,5,4880,澤崎 雄哉,3,31,53.2,0,0,0.17,5.12,31.71,53.66,5.5,37.5,75,15.63,21.88,38.96,53.9
2026-06-20,18,12,2026-06-20 14:14:00,4,サッポロビールカップ,6,5132,中野 希一,1,27,52.9,0,0,0.13,7.29,62.99,77.17,8.11,77.78,83.33,36.11,50,31.51,46.58
2026-06-20,20,1,2026-06-20 17:41:00,5,MNBR若松2ndBOATBoyカップ,1,3922,菅沼 佳昭,3,51,51.5,0,0,0.19,3.75,15.63,29.17,2.53,5.26,5.26,34.21,49.12,0,0
2026-06-20,20,1,2026-06-20 17:41:00,5,MNBR若松2ndBOATBoyカップ,2,4632,長尾 京志郎,3,37,52,0,0,0.18,4.65,23.81,49.21,4.9,26,52,31.93,45.38,44.44,44.44
2026-06-20,20,1,2026-06-20 17:41:00,5,MNBR若松2ndBOATBoyカップ,3,4365,盛本 真輔,3,40,52,0,0,0.17,5.66,38.89,55.56,5.56,38.89,61.11,41.38,56.03,0,0
2026-06-20,20,1,2026-06-20 17:41:00,5,MNBR若松2ndBOATBoyカップ,4,3454,井川 大作,3,55,54.1,0,0,0.15,5.58,39.58,57.29,4.57,28.57,40,37.29,50.85,25,50
2026-06-20,20,1,2026-06-20 17:41:00,5,MNBR若松2ndBOATBoyカップ,5,4562,阪本 勇介,3,38,53.7,0,0,0.18,4.88,23.3,43.69,3.56,12.2,26.83,35.54,48.76,12.5,50
2026-06-20,20,1,2026-06-20 17:41:00,5,MNBR若松2ndBOATBoyカップ,6,3953,志道 吉和,3,49,52.2,0,0,0.2,3.43,17.14,28.57,3.27,14.67,22.67,29.31,47.41,0,0
2026-06-20,20,2,2026-06-20 18:08:00,5,MNBR若松2ndBOATBoyカップ,1,4177,萬 正嗣,3,43,56.6,0,0,0.17,4.81,29.21,46.07,4.56,31.25,37.5,38.84,58.68,0,12.5
2026-06-20,20,2,2026-06-20 18:08:00,5,MNBR若松2ndBOATBoyカップ,2,5227,川原 愛未,4,23,51.8,0,0,0.2,0,0,0,4.24,14.29,47.62,34.4,52,0,0
2026-06-20,20,2,2026-06-20 18:08:00,5,MNBR若松2ndBOATBoyカップ,3,5219,森口 和紀,4,25,52,0,0,0.17,5.16,36.99,49.32,5.6,30,60,26.32,42.11,44.44,55.56
2026-06-20,20,2,2026-06-20 18:08:00,5,MNBR若松2ndBOATBoyカップ,4,4274,長畑 友輔,3,43,52.2,0,0,0.16,4.36,21.98,39.56,4.13,16.67,33.33,29.57,46.96,33.33,66.67
2026-06-20,20,2,2026-06-20 18:08:00,5,MNBR若松2ndBOATBoyカップ,5,4436,渋谷 明憲,2,40,52,1,0,0.15,6.31,46.22,67.23,6.3,60,70,30.36,47.32,0,0
2026-06-20,20,2,2026-06-20 18:08:00,5,MNBR若松2ndBOATBoyカップ,6,4074,柳沢 一,1,45,52,0,0,0.13,6.4,46.34,63.41,6.25,37.5,62.5,35.29,51.26,0,0
2026-06-20,20,3,2026-06-20 18:34:00,5,MNBR若松2ndBOATBoyカップ,1,4110,小澤 和也,3,46,55.1,1,0,0.17,4.08,22.11,35.79,3.25,8.33,33.33,33.04,50,0,0
2026-06-20,20,3,2026-06-20 18:34:00,5,MNBR若松2ndBOATBoyカップ,2,4603,谷川 将太,3,38,52.8,0,0,0.17,5.04,30.14,50.68,5.17,33.33,55.56,50.88,70.18,0,0
2026-06-20,20,3,2026-06-20 18:34:00,5,MNBR若松2ndBOATBoyカップ,3,4134,杉山 貴博,2,45,52.2,0,0,0.16,5.54,36.96,56.52,6.71,42.86,57.14,26.27,44.92,0,0
2026-06-20,20,3,2026-06-20 18:34:00,5,MNBR若松2ndBOATBoyカップ,4,3804,中渡 修作,3,52,54,0,0,0.17,4.96,30.56,50,4.11,15.56,33.33,41.74,57.39,0,37.5
2026-06-20,20,3,2026-06-20 18:34:00,5,MNBR若松2ndBOATBoyカップ,5,4122,安東 幸治,2,44,54.2,0,0,0.16,5.39,33.06,52.42,5.5,30.3,63.64,24.19,43.55,0,0
2026-06-20,20,3,2026-06-20 18:34:00,5,MNBR若松2ndBOATBoyカップ,6,5112,砂長 知輝,1,26,52.7,0,0,0.14,6.9,47.62,66.67,5.79,36.84,68.42,31.78,52.71,12.5,37.5
2026-06-20,20,4,2026-06-20 19:03:00,5,MNBR若松2ndBOATBoyカップ,1,4143,浦田 晃嗣,3,44,54.4,0,0,0.16,3.87,14.1,35.9,4.26,21.05,36.84,34.96,43.9,0,0
2026-06-20,20,4,2026-06-20 19:03:00,5,MNBR若松2ndBOATBoyカップ,2,3717,立間 充宏,3,51,55.2,0,0,0.15,5.38,28.24,50.59,5.54,43.59,53.85,28.46,47.15,0,0
2026-06-20,20,4,2026-06-20 19:03:00,5,MNBR若松2ndBOATBoyカップ,3,4228,吉田 慎二郎,2,43,53.6,0,0,0.18,6.16,43.18,64.39,7.36,63.64,81.82,30.4,53.6,0,12.5
2026-06-20,20,4,2026-06-20 19:03:00,5,MNBR若松2ndBOATBoyカップ,4,5167,小川 竜太朗,3,26,52,0,0,0.17,5.53,36.26,53.85,3.64,14.29,28.57,32.03,45.31,44.44,55.56
2026-06-20,20,4,2026-06-20 19:03:00,5,MNBR若松2ndBOATBoyカップ,5,5188,武井 莉里佳,2,25,45.5,0,0,0.17,6.12,42.72,58.25,5.33,33.33,50,35.43,58.27,0,0
2026-06-20,20,4,2026-06-20 19:03:00,5,MNBR若松2ndBOATBoyカップ,6,4288,永田 啓二,1,41,52,0,0,0.13,7.36,58.2,77.05,7.05,52.56,73.08,31.3,46.96,0,0
2026-06-20,20,5,2026-06-20 19:30:00,5,MNBR若松2ndBOATBoyカップ,1,4472,尾嶋 一広,1,39,54.5,0,0,0.16,6.36,42.19,60.94,6.1,35,60,34.65,51.97,25,37.5
2026-06-20,20,5,2026-06-20 19:30:00,5,MNBR若松2ndBOATBoyカップ,2,4572,渡部 悟,2,37,55.2,0,0,0.14,5.3,34.19,49.57,0,0,0,41.54,56.92,12.5,50
2026-06-20,20,5,2026-06-20 19:30:00,5,MNBR若松2ndBOATBoyカップ,3,5130,上野 拓馬,3,28,53.3,0,0,0.16,4.82,20.18,45.87,0,0,0,30.77,41.88,0,0
2026-06-20,20,5,2026-06-20 19:30:00,5,MNBR若松2ndBOATBoyカップ,4,5054,佐々木 大河,2,30,52,0,0,0.14,6.56,49.11,71.43,0,0,0,26.83,46.34,0,0
2026-06-20,20,5,2026-06-20 19:30:00,5,MNBR若松2ndBOATBoyカップ,5,4007,榮田 将彦,3,47,51.5,0,0,0.12,4.26,21.62,39.19,4.3,30,40,27.68,43.75,0,0
2026-06-20,20,5,2026-06-20 19:30:00,5,MNBR若松2ndBOATBoyカップ,6,4965,福岡 泉水,3,28,51.4,0,0,0.19,4.78,25.27,46.15,4.33,25,33.33,45.9,65.57,0,50
2026-06-20,20,6,2026-06-20 19:56:00,5,MNBR若松2ndBOATBoyカップ,1,4302,西野 翔太,2,43,52.8,0,0,0.13,6.79,53.04,68.7,6.4,51.43,65.71,33.05,45.76,0,0
2026-06-20,20,6,2026-06-20 19:56:00,5,MNBR若松2ndBOATBoyカップ,2,4990,田中 博子,4,29,48,0,0,0.2,3.32,11.76,14.71,2.63,0,12.5,31.3,51.3,50,62.5
2026-06-20,20,6,2026-06-20 19:56:00,5,MNBR若松2ndBOATBoyカップ,3,4562,阪本 勇介,3,38,53.7,0,0,0.18,4.88,23.3,43.69,3.56,12.2,26.83,35.54,48.76,12.5,50
2026-06-20,20,6,2026-06-20 19:56:00,5,MNBR若松2ndBOATBoyカップ,4,3892,草場 康幸,3,50,52.7,0,0,0.15,4.83,22.99,50.57,4,20,40,36.07,56.56,0,0
2026-06-20,20,6,2026-06-20 19:56:00,5,MNBR若松2ndBOATBoyカップ,5,3454,井川 大作,3,55,54.1,0,0,0.15,5.58,39.58,57.29,4.57,28.57,40,37.29,50.85,25,50
2026-06-20,20,6,2026-06-20 19:56:00,5,MNBR若松2ndBOATBoyカップ,6,4784,向井田 真紀,3,38,49.3,1,0,0.17,3.58,17.54,29.82,5.2,30,60,36,50.4,0,0
2026-06-20,20,7,2026-06-20 20:25:00,5,MNBR若松2ndBOATBoyカップ,1,4824,松井 洪弥,1,33,52.1,0,0,0.12,5.98,42.74,56.45,6,25,50,25.89,41.96,20,20
2026-06-20,20,7,2026-06-20 20:25:00,5,MNBR若松2ndBOATBoyカップ,2,5200,筒井 美琴,4,24,47.1,0,0,0.2,2.05,0,2.5,2,5,10,28.81,44.07,12.5,12.5
2026-06-20,20,7,2026-06-20 20:25:00,5,MNBR若松2ndBOATBoyカップ,3,4274,長畑 友輔,3,43,52.2,0,0,0.16,4.36,21.98,39.56,4.13,16.67,33.33,29.57,46.96,33.33,66.67
2026-06-20,20,7,2026-06-20 20:25:00,5,MNBR若松2ndBOATBoyカップ,4,4251,川崎 誠志,3,43,52,0,0,0.2,4.5,23.47,41.84,3.78,11.11,33.33,36.29,57.26,25,50
2026-06-20,20,7,2026-06-20 20:25:00,5,MNBR若松2ndBOATBoyカップ,5,3773,津留 浩一郎,3,52,54.6,0,0,0.15,3.73,15.85,31.71,4,16.13,38.71,50,65.18,44.44,44.44
2026-06-20,20,7,2026-06-20 20:25:00,5,MNBR若松2ndBOATBoyカップ,6,5192,中尾 優香,2,24,48.1,2,0,0.16,4.74,28.57,48.57,2,5,10,30.43,37.39,0,0
2026-06-20,20,8,2026-06-20 21:00:00,5,MNBR若松2ndBOATBoyカップ,1,4460,後藤 翔之,2,40,56,0,0,0.14,5.89,38.95,62.11,6.57,42.86,71.43,24.11,38.39,25,37.5
2026-06-20,20,8,2026-06-20 21:00:00,5,MNBR若松2ndBOATBoyカップ,2,4434,田中 辰彦,1,40,52.2,0,0,0.16,6.25,49.54,60.55,4.17,16.67,50,31.09,50.42,44.44,66.67
2026-06-20,20,8,2026-06-20 21:00:00,5,MNBR若松2ndBOATBoyカップ,3,4567,上村 慎太郎,3,38,52,0,0,0.22,4.09,12.35,34.57,2.86,14.29,14.29,26.02,43.09,0,0
2026-06-20,20,8,2026-06-20 21:00:00,5,MNBR若松2ndBOATBoyカップ,4,4177,萬 正嗣,3,43,56.6,0,0,0.17,4.81,29.21,46.07,4.56,31.25,37.5,38.84,58.68,0,12.5
2026-06-20,20,8,2026-06-20 21:00:00,5,MNBR若松2ndBOATBoyカップ,5,5078,山川 波乙,3,28,46.5,0,0,0.17,4.71,29.79,47.87,0,0,0,40.48,56.35,25,37.5
2026-06-20,20,8,2026-06-20 21:00:00,5,MNBR若松2ndBOATBoyカップ,6,3974,深山 祐二,3,49,52,0,0,0.15,4.4,25.29,39.08,4.05,22.73,31.82,31.9,48.28,0,0
2026-06-20,20,9,2026-06-20 21:28:00,5,MNBR若松2ndBOATBoyカップ,1,4228,吉田 慎二郎,2,43,53.6,0,0,0.18,6.16,43.18,64.39,7.36,63.64,81.82,30.4,53.6,0,12.5
2026-06-20,20,9,2026-06-20 21:28:00,5,MNBR若松2ndBOATBoyカップ,2,4436,渋谷 明憲,2,40,52,1,0,0.15,6.31,46.22,67.23,6.3,60,70,30.36,47.32,0,0
2026-06-20,20,9,2026-06-20 21:28:00,5,MNBR若松2ndBOATBoyカップ,3,4572,渡部 悟,2,37,55.2,0,0,0.14,5.3,34.19,49.57,0,0,0,41.54,56.92,12.5,50
2026-06-20,20,9,2026-06-20 21:28:00,5,MNBR若松2ndBOATBoyカップ,4,4122,安東 幸治,2,44,54.2,0,0,0.16,5.39,33.06,52.42,5.5,30.3,63.64,24.19,43.55,0,0
2026-06-20,20,9,2026-06-20 21:28:00,5,MNBR若松2ndBOATBoyカップ,5,4632,長尾 京志郎,3,37,52,0,0,0.18,4.65,23.81,49.21,4.9,26,52,31.93,45.38,44.44,44.44
2026-06-20,20,9,2026-06-20 21:28:00,5,MNBR若松2ndBOATBoyカップ,6,4134,杉山 貴博,2,45,52.2,0,0,0.16,5.54,36.96,56.52,6.71,42.86,57.14,26.27,44.92,0,0
2026-06-20,20,10,2026-06-20 21:57:00,5,MNBR若松2ndBOATBoyカップ,1,4288,永田 啓二,1,41,52,0,0,0.13,7.36,58.2,77.05,7.05,52.56,73.08,31.3,46.96,0,0
2026-06-20,20,10,2026-06-20 21:57:00,5,MNBR若松2ndBOATBoyカップ,2,4302,西野 翔太,2,43,52.8,0,0,0.13,6.79,53.04,68.7,6.4,51.43,65.71,33.05,45.76,0,0
2026-06-20,20,10,2026-06-20 21:57:00,5,MNBR若松2ndBOATBoyカップ,3,4007,榮田 将彦,3,47,51.5,0,0,0.12,4.26,21.62,39.19,4.3,30,40,27.68,43.75,0,0
2026-06-20,20,10,2026-06-20 21:57:00,5,MNBR若松2ndBOATBoyカップ,4,5188,武井 莉里佳,2,25,45.5,0,0,0.17,6.12,42.72,58.25,5.33,33.33,50,35.43,58.27,0,0
2026-06-20,20,10,2026-06-20 21:57:00,5,MNBR若松2ndBOATBoyカップ,5,4472,尾嶋 一広,1,39,54.5,0,0,0.16,6.36,42.19,60.94,6.1,35,60,34.65,51.97,25,37.5
2026-06-20,20,10,2026-06-20 21:57:00,5,MNBR若松2ndBOATBoyカップ,6,5219,森口 和紀,4,25,52,0,0,0.17,5.16,36.99,49.32,5.6,30,60,26.32,42.11,44.44,55.56
2026-06-20,20,11,2026-06-20 22:27:00,5,MNBR若松2ndBOATBoyカップ,1,4074,柳沢 一,1,45,52,0,0,0.13,6.4,46.34,63.41,6.25,37.5,62.5,35.29,51.26,0,0
2026-06-20,20,11,2026-06-20 22:27:00,5,MNBR若松2ndBOATBoyカップ,2,5054,佐々木 大河,2,30,52,0,0,0.14,6.56,49.11,71.43,0,0,0,26.83,46.34,0,0
2026-06-20,20,11,2026-06-20 22:27:00,5,MNBR若松2ndBOATBoyカップ,3,3717,立間 充宏,3,51,55.2,0,0,0.15,5.38,28.24,50.59,5.54,43.59,53.85,28.46,47.15,0,0
2026-06-20,20,11,2026-06-20 22:27:00,5,MNBR若松2ndBOATBoyカップ,4,5112,砂長 知輝,1,26,52.7,0,0,0.14,6.9,47.62,66.67,5.79,36.84,68.42,31.78,52.71,12.5,37.5
2026-06-20,20,11,2026-06-20 22:27:00,5,MNBR若松2ndBOATBoyカップ,5,4603,谷川 将太,3,38,52.8,0,0,0.17,5.04,30.14,50.68,5.17,33.33,55.56,50.88,70.18,0,0
2026-06-20,20,11,2026-06-20 22:27:00,5,MNBR若松2ndBOATBoyカップ,6,4143,浦田 晃嗣,3,44,54.4,0,0,0.16,3.87,14.1,35.9,4.26,21.05,36.84,34.96,43.9,0,0
2026-06-20,20,12,2026-06-20 22:54:00,5,MNBR若松2ndBOATBoyカップ,1,4434,田中 辰彦,1,40,52.2,0,0,0.16,6.25,49.54,60.55,4.17,16.67,50,31.09,50.42,44.44,66.67
2026-06-20,20,12,2026-06-20 22:54:00,5,MNBR若松2ndBOATBoyカップ,2,3773,津留 浩一郎,3,52,54.6,0,0,0.15,3.73,15.85,31.71,4,16.13,38.71,50,65.18,44.44,44.44
2026-06-20,20,12,2026-06-20 22:54:00,5,MNBR若松2ndBOATBoyカップ,3,3922,菅沼 佳昭,3,51,51.5,0,0,0.19,3.75,15.63,29.17,2.53,5.26,5.26,34.21,49.12,0,0
2026-06-20,20,12,2026-06-20 22:54:00,5,MNBR若松2ndBOATBoyカップ,4,4460,後藤 翔之,2,40,56,0,0,0.14,5.89,38.95,62.11,6.57,42.86,71.43,24.11,38.39,25,37.5
2026-06-20,20,12,2026-06-20 22:54:00,5,MNBR若松2ndBOATBoyカップ,5,4365,盛本 真輔,3,40,52,0,0,0.17,5.66,38.89,55.56,5.56,38.89,61.11,41.38,56.03,0,0
2026-06-20,20,12,2026-06-20 22:54:00,5,MNBR若松2ndBOATBoyカップ,6,3804,中渡 修作,3,52,54,0,0,0.17,4.96,30.56,50,4.11,15.56,33.33,41.74,57.39,0,37.5
2026-06-20,21,1,2026-06-20 08:32:00,5,PayPay銀行賞,1,4816,村松 修二,2,35,56,0,0,0.15,5.24,31.82,53.41,6.29,58.82,64.71,40,60,12.12,33.33
2026-06-20,21,1,2026-06-20 08:32:00,5,PayPay銀行賞,2,4705,吉川 勇作,3,37,53.7,0,0,0.16,3.54,21.43,27.38,5.38,37.5,62.5,12.12,24.24,27.78,33.33
2026-06-20,21,1,2026-06-20 08:32:00,5,PayPay銀行賞,3,5382,山下 心一,3,21,52,0,0,0.16,2.65,5.88,14.71,2.24,8.82,11.76,27.91,41.86,28.3,45.28
2026-06-20,21,1,2026-06-20 08:32:00,5,PayPay銀行賞,4,5358,増本 杏珠,3,20,48.5,0,0,0.17,2.11,0,3.57,1.42,0,0,41.86,55.81,36.84,50
2026-06-20,21,1,2026-06-20 08:32:00,5,PayPay銀行賞,5,4785,木幡 純也,3,38,52,0,0,0.18,4.91,27.27,46.75,4.07,13.33,36.67,32.26,41.94,14.29,23.81
2026-06-20,21,1,2026-06-20 08:32:00,5,PayPay銀行賞,6,5180,藤本 紗弥香,4,28,47,0,0,0.18,3,10.64,25.53,1.89,0,0,16.22,29.73,32.56,44.19
2026-06-20,21,2,2026-06-20 08:58:00,5,PayPay銀行賞,1,4014,片岡 恵里,2,46,47.2,0,0,0.18,5.42,38.24,50.98,5.36,36.36,54.55,10.34,27.59,54.05,72.97
2026-06-20,21,2,2026-06-20 08:58:00,5,PayPay銀行賞,2,4108,吉村 正明,3,46,51.5,0,0,0.15,6.67,53.66,68.29,5.56,41.67,50,35.14,51.35,40.91,54.55
2026-06-20,21,2,2026-06-20 08:58:00,5,PayPay銀行賞,3,3527,中嶋 誠一郎,3,55,51.5,0,0,0.16,5.09,30.43,51.09,4.79,27.27,48.48,36.11,50,34.29,54.29
2026-06-20,21,2,2026-06-20 08:58:00,5,PayPay銀行賞,4,5281,井上 遥妃,1,23,46,1,0,0.14,5.66,36.73,47.96,5.29,35.29,52.94,20.93,37.21,43.48,58.7
2026-06-20,21,2,2026-06-20 08:58:00,5,PayPay銀行賞,5,5285,若林 麗,3,27,52.1,0,0,0.17,3.75,18.52,27.16,2,0,0,23.53,43.14,33.33,52.78
2026-06-20,21,2,2026-06-20 08:58:00,5,PayPay銀行賞,6,5392,安武 一也,4,25,52,0,0,0.2,1.64,1.37,1.37,1.34,2,2,29.79,48.94,27.5,45
2026-06-20,21,3,2026-06-20 09:24:00,5,PayPay銀行賞,1,5129,山口 真喜子,2,29,47.7,0,0,0.18,5.6,33.67,53.06,4.46,23.08,46.15,41.03,58.97,27.27,39.39
2026-06-20,21,3,2026-06-20 09:24:00,5,PayPay銀行賞,2,5063,大塚 雅治,3,28,52.8,0,0,0.17,4.7,21.13,43.66,4.64,18.18,45.45,42.86,62.86,33.33,58.33
2026-06-20,21,3,2026-06-20 09:24:00,5,PayPay銀行賞,3,4822,百武 翔,2,33,52,0,0,0.17,5.64,39.62,57.55,6.19,43.75,65.63,42.42,63.64,37.84,62.16
2026-06-20,21,3,2026-06-20 09:24:00,5,PayPay銀行賞,4,3998,冨成 謙児,3,47,52,0,0,0.17,4.67,29.07,39.53,4.56,26.47,41.18,34.04,59.57,41.67,58.33
2026-06-20,21,3,2026-06-20 09:24:00,5,PayPay銀行賞,5,4009,小林 一樹,2,47,55.4,0,0,0.13,5.62,35.56,58.89,5.08,30.77,38.46,39.39,60.61,20.93,51.16
2026-06-20,21,3,2026-06-20 09:24:00,5,PayPay銀行賞,6,5438,星田 夢結,4,20,49.8,0,0,,1.5,0,3.03,1.13,0,0,30.23,37.21,44.74,60.53
2026-06-20,21,4,2026-06-20 09:50:00,5,PayPay銀行賞,1,4063,市橋 卓士,1,46,53.4,0,0,0.13,6.4,44.54,63.87,6.38,50,67.65,47.22,58.33,26.47,50
2026-06-20,21,4,2026-06-20 09:50:00,5,PayPay銀行賞,2,4861,田中 宏樹,3,38,52,0,0,0.18,5.46,36.59,52.44,5.18,35.09,54.39,25.58,30.23,46.67,64.44
2026-06-20,21,4,2026-06-20 09:50:00,5,PayPay銀行賞,3,3574,大神 康司,2,53,52.4,0,0,0.15,6.04,46.79,63.3,4.92,33.33,50,34.04,44.68,34.78,56.52
2026-06-20,21,4,2026-06-20 09:50:00,5,PayPay銀行賞,4,5111,三村 岳人,4,26,51.5,0,0,0.19,5.84,45.59,64.71,4.89,33.33,55.56,51.35,59.46,23.53,38.24
2026-06-20,21,4,2026-06-20 09:50:00,5,PayPay銀行賞,5,3784,中島 友和,3,49,53,0,0,0.16,4.77,25.3,48.19,4.94,19.15,55.32,16.28,34.88,46.51,58.14
2026-06-20,21,4,2026-06-20 09:50:00,5,PayPay銀行賞,6,3866,木山 誠一,3,51,52.9,1,0,0.13,4.9,31.11,46.67,4.12,18.18,39.39,29.41,38.24,38.89,58.33
2026-06-20,21,5,2026-06-20 10:18:00,5,PayPay銀行賞,1,3951,石川 吉鎬,2,49,54.9,1,0,0.18,5.11,28.16,43.69,6.15,45.45,69.7,37.78,60,29.41,55.88
2026-06-20,21,5,2026-06-20 10:18:00,5,PayPay銀行賞,2,3614,谷 勝幸,3,53,54.4,0,0,0.16,4.07,16.83,34.65,4.39,24.24,39.39,35.29,58.82,9.52,28.57
2026-06-20,21,5,2026-06-20 10:18:00,5,PayPay銀行賞,3,4374,永田 義紘,3,42,51,0,0,0.16,4.45,23.86,36.36,4.04,16,32,41.46,56.1,35.56,53.33
2026-06-20,21,5,2026-06-20 10:18:00,5,PayPay銀行賞,4,5180,藤本 紗弥香,4,28,47,0,0,0.18,3,10.64,25.53,1.89,0,0,16.22,29.73,32.56,44.19
2026-06-20,21,5,2026-06-20 10:18:00,5,PayPay銀行賞,5,5195,北村 寧々,3,24,47,1,0,0.14,5.29,36.36,49.35,4.04,11.11,33.33,36.36,61.36,29.79,42.55
2026-06-20,21,5,2026-06-20 10:18:00,5,PayPay銀行賞,6,4276,鈴木 勝博,2,43,52.1,0,0,0.15,5.73,40.86,55.91,6.17,46.67,60,34.09,52.27,31.43,48.57
2026-06-20,21,6,2026-06-20 10:50:00,5,PayPay銀行賞,1,5326,三嶌 さらら,3,22,47,0,0,0.17,5.42,34.78,46.09,2.42,0,8.33,31.43,48.57,31.43,37.14
2026-06-20,21,6,2026-06-20 10:50:00,5,PayPay銀行賞,2,4388,是澤 孝宏,2,40,52,0,0,0.18,5.83,38.21,54.47,5.56,33.33,50,23.26,34.88,37.5,50
2026-06-20,21,6,2026-06-20 10:50:00,5,PayPay銀行賞,3,4883,岡部 大輝,3,30,52.5,0,0,0.17,5.96,44.3,58.23,4.7,20,40,26.67,46.67,43.59,48.72
2026-06-20,21,6,2026-06-20 10:50:00,5,PayPay銀行賞,4,3885,久田 武,3,52,52.9,0,0,0.18,5.32,34.18,53.16,5.33,35.29,56.86,20,42.22,25.71,37.14
2026-06-20,21,6,2026-06-20 10:50:00,5,PayPay銀行賞,5,4014,片岡 恵里,2,46,47.2,0,0,0.18,5.42,38.24,50.98,5.36,36.36,54.55,10.34,27.59,54.05,72.97
2026-06-20,21,6,2026-06-20 10:50:00,5,PayPay銀行賞,6,5382,山下 心一,3,21,52,0,0,0.16,2.65,5.88,14.71,2.24,8.82,11.76,27.91,41.86,28.3,45.28
2026-06-20,21,7,2026-06-20 11:20:00,5,PayPay銀行賞,1,4785,木幡 純也,3,38,52,0,0,0.18,4.91,27.27,46.75,4.07,13.33,36.67,32.26,41.94,14.29,23.81
2026-06-20,21,7,2026-06-20 11:20:00,5,PayPay銀行賞,2,3566,川添 英正,3,56,52.5,0,0,0.18,4.92,27.78,47.78,5.62,41.03,58.97,27.27,39.39,31.43,48.57
2026-06-20,21,7,2026-06-20 11:20:00,5,PayPay銀行賞,3,3998,冨成 謙児,3,47,52,0,0,0.17,4.67,29.07,39.53,4.56,26.47,41.18,34.04,59.57,41.67,58.33
2026-06-20,21,7,2026-06-20 11:20:00,5,PayPay銀行賞,4,3527,中嶋 誠一郎,3,55,51.5,0,0,0.16,5.09,30.43,51.09,4.79,27.27,48.48,36.11,50,34.29,54.29
2026-06-20,21,7,2026-06-20 11:20:00,5,PayPay銀行賞,5,5392,安武 一也,4,25,52,0,0,0.2,1.64,1.37,1.37,1.34,2,2,29.79,48.94,27.5,45
2026-06-20,21,7,2026-06-20 11:20:00,5,PayPay銀行賞,6,5358,増本 杏珠,3,20,48.5,0,0,0.17,2.11,0,3.57,1.42,0,0,41.86,55.81,36.84,50
2026-06-20,21,8,2026-06-20 11:50:00,5,PayPay銀行賞,1,5285,若林 麗,3,27,52.1,0,0,0.17,3.75,18.52,27.16,2,0,0,23.53,43.14,33.33,52.78
2026-06-20,21,8,2026-06-20 11:50:00,5,PayPay銀行賞,2,3784,中島 友和,3,49,53,0,0,0.16,4.77,25.3,48.19,4.94,19.15,55.32,16.28,34.88,46.51,58.14
2026-06-20,21,8,2026-06-20 11:50:00,5,PayPay銀行賞,3,5063,大塚 雅治,3,28,52.8,0,0,0.17,4.7,21.13,43.66,4.64,18.18,45.45,42.86,62.86,33.33,58.33
2026-06-20,21,8,2026-06-20 11:50:00,5,PayPay銀行賞,4,3574,大神 康司,2,53,52.4,0,0,0.15,6.04,46.79,63.3,4.92,33.33,50,34.04,44.68,34.78,56.52
2026-06-20,21,8,2026-06-20 11:50:00,5,PayPay銀行賞,5,5438,星田 夢結,4,20,49.8,0,0,,1.5,0,3.03,1.13,0,0,30.23,37.21,44.74,60.53
2026-06-20,21,8,2026-06-20 11:50:00,5,PayPay銀行賞,6,4705,吉川 勇作,3,37,53.7,0,0,0.16,3.54,21.43,27.38,5.38,37.5,62.5,12.12,24.24,27.78,33.33
2026-06-20,21,9,2026-06-20 12:20:00,5,PayPay銀行賞,1,5111,三村 岳人,4,26,51.5,0,0,0.19,5.84,45.59,64.71,4.89,33.33,55.56,51.35,59.46,23.53,38.24
2026-06-20,21,9,2026-06-20 12:20:00,5,PayPay銀行賞,2,4905,土井 祥伍,3,31,54.2,0,0,0.18,4.35,18.84,36.23,4,33.33,33.33,61.11,80.56,20.51,33.33
2026-06-20,21,9,2026-06-20 12:20:00,5,PayPay銀行賞,3,5129,山口 真喜子,2,29,47.7,0,0,0.18,5.6,33.67,53.06,4.46,23.08,46.15,41.03,58.97,27.27,39.39
2026-06-20,21,9,2026-06-20 12:20:00,5,PayPay銀行賞,4,5245,倉富 大誠,3,24,52.1,0,0,0.17,4.94,29.17,48.61,4.33,33.33,44.44,14.29,35.71,37.93,44.83
2026-06-20,21,9,2026-06-20 12:20:00,5,PayPay銀行賞,5,4108,吉村 正明,3,46,51.5,0,0,0.15,6.67,53.66,68.29,5.56,41.67,50,35.14,51.35,40.91,54.55
2026-06-20,21,9,2026-06-20 12:20:00,5,PayPay銀行賞,6,3951,石川 吉鎬,2,49,54.9,1,0,0.18,5.11,28.16,43.69,6.15,45.45,69.7,37.78,60,29.41,55.88
2026-06-20,21,10,2026-06-20 12:50:00,5,PayPay銀行賞,1,4276,鈴木 勝博,2,43,52.1,0,0,0.15,5.73,40.86,55.91,6.17,46.67,60,34.09,52.27,31.43,48.57
2026-06-20,21,10,2026-06-20 12:50:00,5,PayPay銀行賞,2,4816,村松 修二,2,35,56,0,0,0.15,5.24,31.82,53.41,6.29,58.82,64.71,40,60,12.12,33.33
2026-06-20,21,10,2026-06-20 12:50:00,5,PayPay銀行賞,3,4009,小林 一樹,2,47,55.4,0,0,0.13,5.62,35.56,58.89,5.08,30.77,38.46,39.39,60.61,20.93,51.16
2026-06-20,21,10,2026-06-20 12:50:00,5,PayPay銀行賞,4,4388,是澤 孝宏,2,40,52,0,0,0.18,5.83,38.21,54.47,5.56,33.33,50,23.26,34.88,37.5,50
2026-06-20,21,10,2026-06-20 12:50:00,5,PayPay銀行賞,5,5281,井上 遥妃,1,23,46,1,0,0.14,5.66,36.73,47.96,5.29,35.29,52.94,20.93,37.21,43.48,58.7
2026-06-20,21,10,2026-06-20 12:50:00,5,PayPay銀行賞,6,4861,田中 宏樹,3,38,52,0,0,0.18,5.46,36.59,52.44,5.18,35.09,54.39,25.58,30.23,46.67,64.44
2026-06-20,21,11,2026-06-20 13:20:00,5,PayPay銀行賞,1,5195,北村 寧々,3,24,47,1,0,0.14,5.29,36.36,49.35,4.04,11.11,33.33,36.36,61.36,29.79,42.55
2026-06-20,21,11,2026-06-20 13:20:00,5,PayPay銀行賞,2,4822,百武 翔,2,33,52,0,0,0.17,5.64,39.62,57.55,6.19,43.75,65.63,42.42,63.64,37.84,62.16
2026-06-20,21,11,2026-06-20 13:20:00,5,PayPay銀行賞,3,4063,市橋 卓士,1,46,53.4,0,0,0.13,6.4,44.54,63.87,6.38,50,67.65,47.22,58.33,26.47,50
2026-06-20,21,11,2026-06-20 13:20:00,5,PayPay銀行賞,4,4374,永田 義紘,3,42,51,0,0,0.16,4.45,23.86,36.36,4.04,16,32,41.46,56.1,35.56,53.33
2026-06-20,21,11,2026-06-20 13:20:00,5,PayPay銀行賞,5,4883,岡部 大輝,3,30,52.5,0,0,0.17,5.96,44.3,58.23,4.7,20,40,26.67,46.67,43.59,48.72
2026-06-20,21,11,2026-06-20 13:20:00,5,PayPay銀行賞,6,3566,川添 英正,3,56,52.5,0,0,0.18,4.92,27.78,47.78,5.62,41.03,58.97,27.27,39.39,31.43,48.57
2026-06-20,21,12,2026-06-20 13:57:00,5,PayPay銀行賞,1,5015,高橋 竜矢,1,28,51.5,0,0,0.13,6.94,54.08,70.41,6.05,45.95,62.16,38.71,45.16,47.83,73.91
2026-06-20,21,12,2026-06-20 13:57:00,5,PayPay銀行賞,2,3874,山本 寛久,1,50,52,0,0,0.15,6.48,48.15,64.81,6.82,45.45,81.82,17.5,35,46.67,64.44
2026-06-20,21,12,2026-06-20 13:57:00,5,PayPay銀行賞,3,4351,里岡 右貴,1,40,52,0,0,0.14,7.16,56.52,73.19,6.63,52.44,67.07,47.22,63.89,34.09,54.55
2026-06-20,21,12,2026-06-20 13:57:00,5,PayPay銀行賞,4,4266,長田 頼宗,1,40,52.4,0,0,0.14,6.9,50.48,61.9,7,42.86,57.14,38.89,50,26.47,35.29
2026-06-20,21,12,2026-06-20 13:57:00,5,PayPay銀行賞,5,4949,横田 貴満,1,33,50,0,0,0.15,5.67,32.99,51.55,6,45.95,62.16,22.22,30.56,25,50
2026-06-20,21,12,2026-06-20 13:57:00,5,PayPay銀行賞,6,5172,田村 慶,3,25,51.5,0,0,0.2,4.53,25,37.5,4.65,29.41,41.18,13.95,18.6,27.03,51.35
2026-06-20,24,1,2026-06-20 15:21:00,3,ボートレース発祥地記念第30回モーターボート誕生祭,1,5055,眞鳥 章太,2,30,52.8,0,0,0.15,5.94,40.57,60.38,5.77,39.16,55.94,28.57,57.14,30.77,53.85
2026-06-20,24,1,2026-06-20 15:21:00,3,ボートレース発祥地記念第30回モーターボート誕生祭,2,5104,山田 丈,2,27,51.5,0,0,0.15,5.57,36.92,50.77,4.75,25,50,29.41,64.71,22.22,44.44
2026-06-20,24,1,2026-06-20 15:21:00,3,ボートレース発祥地記念第30回モーターボート誕生祭,3,4241,大串 重幸,2,41,52,0,0,0.15,5.58,33.06,59.68,5.95,42.48,60.78,38.89,66.67,45.45,45.45
2026-06-20,24,1,2026-06-20 15:21:00,3,ボートレース発祥地記念第30回モーターボート誕生祭,4,4804,高田 ひかる,1,31,47.5,0,0,0.17,6.67,51.35,61.26,6.08,40,62.5,53.85,61.54,47.62,52.38
2026-06-20,24,1,2026-06-20 15:21:00,3,ボートレース発祥地記念第30回モーターボート誕生祭,5,4409,坂元 浩仁,2,40,54.3,1,0,0.14,6.85,53.51,69.3,6.03,47.06,52.94,42.86,57.14,25,41.67
2026-06-20,24,1,2026-06-20 15:21:00,3,ボートレース発祥地記念第30回モーターボート誕生祭,6,5075,中島 秀治,2,30,52.2,0,0,0.17,6.09,36.72,65.63,5.88,35.29,58.82,41.18,64.71,22.22,55.56
2026-06-20,24,2,2026-06-20 15:48:00,3,ボートレース発祥地記念第30回モーターボート誕生祭,1,4227,安達 裕樹,2,43,52,0,0,0.15,6.19,37.5,57.5,7.31,50,56.25,35.29,58.82,60,70
2026-06-20,24,2,2026-06-20 15:48:00,3,ボートレース発祥地記念第30回モーターボート誕生祭,2,3961,谷村 一哉,2,47,53.3,0,0,0.16,6.63,46.21,71.97,6.08,34.62,53.85,69.23,76.92,50,60
2026-06-20,24,2,2026-06-20 15:48:00,3,ボートレース発祥地記念第30回モーターボート誕生祭,3,3959,坪井 康晴,1,48,52,0,0,0.14,7.01,47.37,64.91,7.82,47.06,58.82,28.57,35.71,44.44,55.56
2026-06-20,24,2,2026-06-20 15:48:00,3,ボートレース発祥地記念第30回モーターボート誕生祭,4,4685,島村 隆幸,1,35,51.5,1,0,0.15,7.54,64.91,78.95,8,62.5,62.5,35.71,50,40.91,59.09
2026-06-20,24,2,2026-06-20 15:48:00,3,ボートレース発祥地記念第30回モーターボート誕生祭,5,4991,宗行 治哉,2,28,52.2,0,0,0.18,6.58,45.45,67.68,6.83,45.83,79.17,41.67,41.67,25,33.33
2026-06-20,24,2,2026-06-20 15:48:00,3,ボートレース発祥地記念第30回モーターボート誕生祭,6,3777,樋口 亮,2,50,52.9,1,0,0.17,6.27,48.89,59.26,6.38,48.03,64.57,38.46,61.54,26.32,42.11
2026-06-20,24,3,2026-06-20 16:15:00,3,ボートレース発祥地記念第30回モーターボート誕生祭,1,4600,井内 将太郎,2,41,52.8,0,0,0.13,6.78,52.14,76.07,5.62,36.17,59.57,30.77,61.54,33.33,66.67
2026-06-20,24,3,2026-06-20 16:15:00,3,ボートレース発祥地記念第30回モーターボート誕生祭,2,4352,下條 雄太郎,1,40,52.2,0,0,0.14,6.45,47.69,56.92,7.69,64.12,77.1,68.75,81.25,53.85,61.54
2026-06-20,24,3,2026-06-20 16:15:00,3,ボートレース発祥地記念第30回モーターボート誕生祭,3,3837,秋山 広一,2,51,52.3,0,0,0.15,6.27,44.95,61.47,5.5,36.84,47.37,23.08,23.08,53.33,73.33
2026-06-20,24,3,2026-06-20 16:15:00,3,ボートレース発祥地記念第30回モーターボート誕生祭,4,4553,坪口 竜也,2,37,53.1,0,0,0.14,5.91,39.8,58.16,6.44,45.86,66.92,25,31.25,35.71,42.86
2026-06-20,24,3,2026-06-20 16:15:00,3,ボートレース発祥地記念第30回モーターボート誕生祭,5,4704,河野 大,2,37,51.5,0,0,0.14,6.57,48.57,66.43,5.74,30.43,56.52,50,81.25,52.17,65.22
2026-06-20,24,3,2026-06-20 16:15:00,3,ボートレース発祥地記念第30回モーターボート誕生祭,6,4590,渡邉 優美,1,33,47.3,0,0,0.16,6.3,37.5,56.25,6.27,29.73,59.46,58.82,64.71,46.67,60
2026-06-20,24,4,2026-06-20 16:42:00,3,ボートレース発祥地記念第30回モーターボート誕生祭,1,4095,福来 剛,1,45,52,1,0,0.13,7.08,58.82,71.32,7.55,51.72,82.76,35.29,64.71,53.33,60
2026-06-20,24,4,2026-06-20 16:42:00,3,ボートレース発祥地記念第30回モーターボート誕生祭,2,4441,末永 由楽,2,39,54,0,0,0.14,6.02,36.15,62.31,5.5,18.75,56.25,25,33.33,100,100
2026-06-20,24,4,2026-06-20 16:42:00,3,ボートレース発祥地記念第30回モーターボート誕生祭,3,5029,中 亮太,2,29,52.9,0,0,0.13,6.99,57.14,69.52,9,100,100,60,66.67,45.45,68.18
2026-06-20,24,4,2026-06-20 16:42:00,3,ボートレース発祥地記念第30回モーターボート誕生祭,4,5042,畑田 汰一,1,27,52,0,0,0.12,6.25,42.42,60.61,6.85,69.23,76.92,38.89,66.67,33.33,55.56
2026-06-20,24,4,2026-06-20 16:42:00,3,ボートレース発祥地記念第30回モーターボート誕生祭,5,5142,常住 蓮,1,25,51.5,0,0,0.12,7.17,50.5,70.3,6.15,45.45,63.64,47.37,68.42,50,64.29
2026-06-20,24,4,2026-06-20 16:42:00,3,ボートレース発祥地記念第30回モーターボート誕生祭,6,4966,田川 大貴,2,28,54.2,0,0,0.14,5.51,41.18,50.98,5.82,44.68,55.32,40,40,27.27,40.91
2026-06-20,24,5,2026-06-20 17:11:00,3,ボートレース発祥地記念第30回モーターボート誕生祭,1,4370,山口 達也,1,39,52,0,0,0.14,6.11,45.16,53.76,6.44,55.56,55.56,30.77,38.46,38.46,53.85
2026-06-20,24,5,2026-06-20 17:11:00,3,ボートレース発祥地記念第30回モーターボート誕生祭,2,3944,山口 裕二,2,47,52,1,0,0.17,6.14,43.22,62.71,5.81,41.73,57.55,58.82,64.71,57.14,64.29
2026-06-20,24,5,2026-06-20 17:11:00,3,ボートレース発祥地記念第30回モーターボート誕生祭,3,4415,下出 卓矢,2,39,54.4,0,0,0.13,6.25,52.43,59.22,6.57,42.86,57.14,36.84,52.63,37.5,54.17
2026-06-20,24,5,2026-06-20 17:11:00,3,ボートレース発祥地記念第30回モーターボート誕生祭,4,3854,吉川 元浩,1,53,51.5,1,0,0.13,6.81,44.44,63.33,6.4,26.67,46.67,52.94,64.71,50,80
2026-06-20,24,5,2026-06-20 17:11:00,3,ボートレース発祥地記念第30回モーターボート誕生祭,5,5002,上田 健太,2,30,52,0,0,0.15,5.84,38.74,62.16,5.88,41.18,58.82,42.86,50,40.91,59.09
2026-06-20,24,5,2026-06-20 17:11:00,3,ボートレース発祥地記念第30回モーターボート誕生祭,6,4028,田村 隆信,1,48,56.1,0,0,0.15,6.41,47.75,59.46,7.47,47.06,58.82,44.44,66.67,30,40
2026-06-20,24,6,2026-06-20 17:40:00,3,ボートレース発祥地記念第30回モーターボート誕生祭,1,4908,上田 龍星,1,30,52,0,0,0.14,6.56,39.81,62.04,9.43,85.71,85.71,22.22,22.22,64.29,85.71
2026-06-20,24,6,2026-06-20 17:40:00,3,ボートレース発祥地記念第30回モーターボート誕生祭,2,4171,榎 幸司,2,43,51.5,0,0,0.17,6.12,43.85,60.77,6.45,46.24,67.63,35.71,42.86,47.37,68.42
2026-06-20,24,6,2026-06-20 17:40:00,3,ボートレース発祥地記念第30回モーターボート誕生祭,3,5087,佐藤 航,2,26,52.7,0,0,0.15,6.95,57.66,69.37,6.3,50,60,35.71,35.71,66.67,77.78
2026-06-20,24,6,2026-06-20 17:40:00,3,ボートレース発祥地記念第30回モーターボート誕生祭,4,3942,寺田 祥,1,47,52.2,0,0,0.15,6.88,52.34,66.36,6,27.27,45.45,66.67,73.33,66.67,88.89
2026-06-20,24,6,2026-06-20 17:40:00,3,ボートレース発祥地記念第30回モーターボート誕生祭,5,4961,西橋 奈未,1,29,47,1,0,0.15,6.57,45.54,58.93,5.83,39.13,39.13,73.33,86.67,23.08,46.15
2026-06-20,24,6,2026-06-20 17:40:00,3,ボートレース発祥地記念第30回モーターボート誕生祭,6,4241,大串 重幸,2,41,52,0,0,0.15,5.58,33.06,59.68,5.95,42.48,60.78,38.89,66.67,45.45,45.45
2026-06-20,24,7,2026-06-20 18:09:00,3,ボートレース発祥地記念第30回モーターボート誕生祭,1,4991,宗行 治哉,2,28,52.2,0,0,0.18,6.58,45.45,67.68,6.83,45.83,79.17,41.67,41.67,25,33.33
2026-06-20,24,7,2026-06-20 18:09:00,3,ボートレース発祥地記念第30回モーターボート誕生祭,2,4477,篠崎 仁志,1,38,52,0,0,0.13,7.32,52.59,71.55,6.97,45.95,70.27,33.33,61.11,57.14,92.86
2026-06-20,24,7,2026-06-20 18:09:00,3,ボートレース発祥地記念第30回モーターボート誕生祭,3,4290,稲田 浩二,1,41,52,0,0,0.13,6.95,47.06,70.59,7.33,55.56,88.89,43.75,68.75,28.57,71.43
2026-06-20,24,7,2026-06-20 18:09:00,3,ボートレース発祥地記念第30回モーターボート誕生祭,4,4531,武富 智亮,2,37,53.4,0,0,0.16,6.24,42.61,65.22,6.38,54.05,59.46,33.33,50,28.57,38.1
2026-06-20,24,7,2026-06-20 18:09:00,3,ボートレース発祥地記念第30回モーターボート誕生祭,5,4989,石原 翼,2,29,52,0,0,0.13,6.09,40.71,59.29,6.25,45,60,41.18,52.94,50,78.57
2026-06-20,24,7,2026-06-20 18:09:00,3,ボートレース発祥地記念第30回モーターボート誕生祭,6,4939,宮之原 輝紀,1,28,52.1,0,0,0.14,6.81,49.52,61.9,7.73,60,80,40,40,44.44,77.78
2026-06-20,24,8,2026-06-20 18:38:00,3,ボートレース発祥地記念第30回モーターボート誕生祭,1,4409,坂元 浩仁,2,40,54.3,1,0,0.14,6.85,53.51,69.3,6.03,47.06,52.94,42.86,57.14,25,41.67
2026-06-20,24,8,2026-06-20 18:38:00,3,ボートレース発祥地記念第30回モーターボート誕生祭,2,3590,濱野谷 憲吾,1,52,53.6,0,0,0.14,6.59,41.18,59.66,7.1,55,60,46.67,66.67,41.67,50
2026-06-20,24,8,2026-06-20 18:38:00,3,ボートレース発祥地記念第30回モーターボート誕生祭,3,3777,樋口 亮,2,50,52.9,1,0,0.17,6.27,48.89,59.26,6.38,48.03,64.57,38.46,61.54,26.32,42.11
2026-06-20,24,8,2026-06-20 18:38:00,3,ボートレース発祥地記念第30回モーターボート誕生祭,4,3908,重成 一人,1,47,55.6,0,0,0.14,6.25,45.95,58.56,6.93,39.29,64.29,23.08,38.46,44.44,77.78
2026-06-20,24,8,2026-06-20 18:38:00,3,ボートレース発祥地記念第30回モーターボート誕生祭,5,4600,井内 将太郎,2,41,52.8,0,0,0.13,6.78,52.14,76.07,5.62,36.17,59.57,30.77,61.54,33.33,66.67
2026-06-20,24,8,2026-06-20 18:38:00,3,ボートレース発祥地記念第30回モーターボート誕生祭,6,4659,木下 翔太,1,35,53,0,0,0.14,7.25,50,73.81,6.35,42.31,65.38,25,37.5,30,40
2026-06-20,24,9,2026-06-20 19:07:00,3,ボートレース発祥地記念第30回モーターボート誕生祭,1,5142,常住 蓮,1,25,51.5,0,0,0.12,7.17,50.5,70.3,6.15,45.45,63.64,47.37,68.42,50,64.29
2026-06-20,24,9,2026-06-20 19:07:00,3,ボートレース発祥地記念第30回モーターボート誕生祭,2,5043,中村 日向,1,27,52,0,0,0.13,7,51.67,65.83,6.43,42.86,60.71,23.08,46.15,27.27,50
2026-06-20,24,9,2026-06-20 19:07:00,3,ボートレース発祥地記念第30回モーターボート誕生祭,3,3984,坂口 周,2,48,53.2,0,0,0.17,6.48,44.53,65.63,6.07,40.74,59.26,25,25,23.08,46.15
2026-06-20,24,9,2026-06-20 19:07:00,3,ボートレース発祥地記念第30回モーターボート誕生祭,4,4828,松山 将吾,1,31,51.5,0,0,0.13,6.7,47.52,69.31,0,0,0,40,66.67,22.22,33.33
2026-06-20,24,9,2026-06-20 19:07:00,3,ボートレース発祥地記念第30回モーターボート誕生祭,5,4420,津久井 拓也,2,38,52.3,0,0,0.16,5.8,37.12,60.61,5.44,44.44,44.44,29.41,41.18,63.64,81.82
2026-06-20,24,9,2026-06-20 19:07:00,3,ボートレース発祥地記念第30回モーターボート誕生祭,6,3961,谷村 一哉,2,47,53.3,0,0,0.16,6.63,46.21,71.97,6.08,34.62,53.85,69.23,76.92,50,60
2026-06-20,24,10,2026-06-20 19:37:00,3,ボートレース発祥地記念第30回モーターボート誕生祭,1,4685,島村 隆幸,1,35,51.5,1,0,0.15,7.54,64.91,78.95,8,62.5,62.5,35.71,50,40.91,59.09
2026-06-20,24,10,2026-06-20 19:37:00,3,ボートレース発祥地記念第30回モーターボート誕生祭,2,4645,上村 純一,1,46,52.3,0,0,0.13,6.39,45.95,58.56,4.53,20.59,35.29,41.67,50,23.08,46.15
2026-06-20,24,10,2026-06-20 19:37:00,3,ボートレース発祥地記念第30回モーターボート誕生祭,3,3388,今垣 光太郎,1,56,52,1,0,0.15,6.46,43.43,59.6,6.13,30.43,52.17,28.57,35.71,33.33,50
2026-06-20,24,10,2026-06-20 19:37:00,3,ボートレース発祥地記念第30回モーターボート誕生祭,4,4042,丸岡 正典,2,46,52,0,0,0.2,6.4,44.88,63.78,6.56,44.44,61.11,50,83.33,33.33,33.33
2026-06-20,24,10,2026-06-20 19:37:00,3,ボートレース発祥地記念第30回モーターボート誕生祭,5,5055,眞鳥 章太,2,30,52.9,0,0,0.15,5.94,40.57,60.38,5.77,39.16,55.94,28.57,57.14,30.77,53.85
2026-06-20,24,10,2026-06-20 19:37:00,3,ボートレース発祥地記念第30回モーターボート誕生祭,6,5256,中山 翔太,1,22,52.7,1,0,0.13,6.71,53.61,69.07,6.29,42.86,57.14,47.37,57.89,38.46,69.23
2026-06-20,24,11,2026-06-20 20:07:00,3,ボートレース発祥地記念第30回モーターボート誕生祭,1,3959,坪井 康晴,1,48,52,0,0,0.14,7.01,47.37,64.91,7.82,47.06,58.82,28.57,35.71,44.44,55.56
2026-06-20,24,11,2026-06-20 20:07:00,3,ボートレース発祥地記念第30回モーターボート誕生祭,2,4415,下出 卓矢,2,39,54.4,0,0,0.13,6.25,52.43,59.22,6.57,42.86,57.14,36.84,52.63,37.5,54.17
2026-06-20,24,11,2026-06-20 20:07:00,3,ボートレース発祥地記念第30回モーターボート誕生祭,3,4704,河野 大,2,37,51.5,0,0,0.14,6.57,48.57,66.43,5.74,30.43,56.52,50,81.25,52.17,65.22
2026-06-20,24,11,2026-06-20 20:07:00,3,ボートレース発祥地記念第30回モーターボート誕生祭,4,4908,上田 龍星,1,30,52,0,0,0.14,6.56,39.81,62.04,9.43,85.71,85.71,22.22,22.22,64.29,85.71
2026-06-20,24,11,2026-06-20 20:07:00,3,ボートレース発祥地記念第30回モーターボート誕生祭,5,4804,高田 ひかる,1,31,47.5,0,0,0.17,6.67,51.35,61.26,6.08,40,62.5,53.85,61.54,47.62,52.38
2026-06-20,24,11,2026-06-20 20:07:00,3,ボートレース発祥地記念第30回モーターボート誕生祭,6,5042,畑田 汰一,1,27,52,0,0,0.12,6.25,42.42,60.61,6.85,69.23,76.92,38.89,66.67,33.33,55.56
2026-06-20,24,12,2026-06-20 20:37:00,3,ボートレース発祥地記念第30回モーターボート誕生祭,1,4352,下條 雄太郎,1,40,52.2,0,0,0.14,6.45,47.69,56.92,7.69,64.12,77.1,68.75,81.25,53.85,61.54
2026-06-20,24,12,2026-06-20 20:37:00,3,ボートレース発祥地記念第30回モーターボート誕生祭,2,4227,安達 裕樹,2,43,52,0,0,0.15,6.19,37.5,57.5,7.31,50,56.25,35.29,58.82,60,70
2026-06-20,24,12,2026-06-20 20:37:00,3,ボートレース発祥地記念第30回モーターボート誕生祭,3,4989,石原 翼,2,29,52,0,0,0.13,6.09,40.71,59.29,6.25,45,60,41.18,52.94,50,78.57
2026-06-20,24,12,2026-06-20 20:37:00,3,ボートレース発祥地記念第30回モーターボート誕生祭,4,5029,中 亮太,2,29,52.9,0,0,0.13,6.99,57.14,69.52,9,100,100,60,66.67,45.45,68.18
2026-06-20,24,12,2026-06-20 20:37:00,3,ボートレース発祥地記念第30回モーターボート誕生祭,5,5104,山田 丈,2,27,51.5,0,0,0.15,5.57,36.92,50.77,4.75,25,50,29.41,64.71,22.22,44.44
2026-06-20,24,12,2026-06-20 20:37:00,3,ボートレース発祥地記念第30回モーターボート誕生祭,6,5002,上田 健太,2,30,52,0,0,0.15,5.84,38.74,62.16,5.88,41.18,58.82,42.86,50,40.91,59.09
