race_date,stadium_number,race_number,race_closed_at,race_grade_number,race_title,boat_number,racer_number,racer_name,racer_class_number,racer_age,racer_weight,racer_flying_count,racer_late_count,racer_average_start_timing,racer_national_top_1_percent,racer_national_top_2_percent,racer_national_top_3_percent,racer_local_top_1_percent,racer_local_top_2_percent,racer_local_top_3_percent,racer_assigned_motor_top_2_percent,racer_assigned_motor_top_3_percent,racer_assigned_boat_top_2_percent,racer_assigned_boat_top_3_percent
2026-05-20,1,1,2026-05-20 15:27:00,5,第9回赤城カントリー倶楽部杯,1,4727,安部 慎一,3,38,53.3,0,0,0.14,4.53,25.68,44.59,0,0,0,38.71,58.06,31.73,46.15
2026-05-20,1,1,2026-05-20 15:27:00,5,第9回赤城カントリー倶楽部杯,2,5077,滝沢 崚,4,29,52.3,0,0,0.2,4.16,17.65,35.29,4.24,24,28,29.41,50,34.58,53.27
2026-05-20,1,1,2026-05-20 15:27:00,5,第9回赤城カントリー倶楽部杯,3,5104,山田 丈,2,27,52,0,0,0.15,4.98,29.69,43.75,0,0,0,55.17,72.41,32.71,57.94
2026-05-20,1,1,2026-05-20 15:27:00,5,第9回赤城カントリー倶楽部杯,4,4498,宮本 夏樹,3,38,54.1,0,0,0.17,6.22,46.67,60,0,0,0,26.19,44.05,36.7,52.29
2026-05-20,1,1,2026-05-20 15:27:00,5,第9回赤城カントリー倶楽部杯,5,4790,柳内 敬太,2,36,53,0,0,0.16,6.3,45.9,65.57,6,40,60,30.93,49.48,40.37,55.96
2026-05-20,1,1,2026-05-20 15:27:00,5,第9回赤城カントリー倶楽部杯,6,3542,清水 紀克,3,57,55,0,0,0.19,4.11,21.98,32.97,3.88,25,43.75,27.71,39.76,42.73,54.55
2026-05-20,1,2,2026-05-20 16:02:00,5,第9回赤城カントリー倶楽部杯,1,3891,谷口 健一,3,50,54.3,0,0,0.18,3.62,14.74,26.32,3.57,11.43,22.86,26.83,39.02,40.37,56.88
2026-05-20,1,2,2026-05-20 16:02:00,5,第9回赤城カントリー倶楽部杯,2,5036,福田 翔吾,3,28,52,0,0,0.19,5.23,36.27,49.02,5.24,37.93,44.83,39.25,57.94,21.57,35.29
2026-05-20,1,2,2026-05-20 16:02:00,5,第9回赤城カントリー倶楽部杯,3,5341,山道 諄也,4,24,53.4,0,0,0.2,2.6,6.45,12.9,1.69,1.85,7.41,44.74,61.84,26,47
2026-05-20,1,2,2026-05-20 16:02:00,5,第9回赤城カントリー倶楽部杯,4,4383,竹田 吉行,2,41,52,0,0,0.16,5.72,35.04,56.41,0,0,0,34.34,51.52,34.26,48.15
2026-05-20,1,2,2026-05-20 16:02:00,5,第9回赤城カントリー倶楽部杯,5,3888,山本 英志,2,51,51,0,0,0.15,5.82,38.46,57.26,2.63,12.5,25,44,61.33,28,41
2026-05-20,1,2,2026-05-20 16:02:00,5,第9回赤城カントリー倶楽部杯,6,3922,菅沼 佳昭,3,50,51,0,0,0.19,3.81,16.82,31.78,4.04,20,36,32.65,52.04,30.56,49.07
2026-05-20,1,3,2026-05-20 16:33:00,5,第9回赤城カントリー倶楽部杯,1,3315,広瀬 聖仁,3,60,52.3,0,0,0.18,4.86,28.57,45.24,3.18,9.09,9.09,29.03,48.39,25.93,40.74
2026-05-20,1,3,2026-05-20 16:33:00,5,第9回赤城カントリー倶楽部杯,2,3863,海老澤 泰行,3,52,56.3,0,0,0.18,4.94,24.39,50,3.41,11.11,25.93,33.03,45.87,36.11,52.78
2026-05-20,1,3,2026-05-20 16:33:00,5,第9回赤城カントリー倶楽部杯,3,5009,大賀 龍之介,3,29,53.8,0,0,0.16,5.27,36.61,50.89,3.8,20,30,36.17,44.68,22.47,37.08
2026-05-20,1,3,2026-05-20 16:33:00,5,第9回赤城カントリー倶楽部杯,4,4661,中島 昂章,3,34,52,0,0,0.19,5.78,37.08,65.17,6.63,36.84,68.42,48.19,72.29,41.07,58.93
2026-05-20,1,3,2026-05-20 16:33:00,5,第9回赤城カントリー倶楽部杯,5,4495,森 晋太郎,2,39,54.3,0,0,0.13,4.69,25.64,38.46,5.19,30.77,53.85,40.66,56.04,33.64,53.27
2026-05-20,1,3,2026-05-20 16:33:00,5,第9回赤城カントリー倶楽部杯,6,4732,堀本 和也,1,37,53.4,0,0,0.11,6.3,41.38,61.21,5.25,12.5,25,32.46,55.26,36.7,56.88
2026-05-20,1,4,2026-05-20 17:01:00,5,第9回赤城カントリー倶楽部杯,1,3857,阿波 勝哉,3,53,54.5,0,0,0.2,4.64,24.3,37.38,5.11,27.78,44.44,36.84,50.53,38.18,48.18
2026-05-20,1,4,2026-05-20 17:01:00,5,第9回赤城カントリー倶楽部杯,2,3967,鈴木 茂高,3,46,56.4,0,0,0.18,4.69,29.76,39.29,4.79,31.03,44.83,46.07,56.18,31.43,44.76
2026-05-20,1,4,2026-05-20 17:01:00,5,第9回赤城カントリー倶楽部杯,3,4405,南野 利騰,3,41,53,0,0,0.16,4.11,15.22,35.87,3.6,15,30,43.01,58.06,27.93,45.05
2026-05-20,1,4,2026-05-20 17:01:00,5,第9回赤城カントリー倶楽部杯,4,4904,松本 一毅,2,31,52,0,0,0.17,4.9,27.78,46.03,5.3,40,50,33.7,51.09,33.33,44.44
2026-05-20,1,4,2026-05-20 17:01:00,5,第9回赤城カントリー倶楽部杯,5,4173,岡谷 健吾,3,43,55.9,0,0,0.18,5.04,34.29,50.48,4.07,13.33,40,40.91,60.23,37.14,54.29
2026-05-20,1,4,2026-05-20 17:01:00,5,第9回赤城カントリー倶楽部杯,6,4096,石橋 道友,1,44,53.7,0,0,0.15,6.53,51.11,65.56,7.42,57.89,78.95,42.57,56.44,27.03,43.24
2026-05-20,1,5,2026-05-20 17:26:00,5,第9回赤城カントリー倶楽部杯,1,3990,芹澤 克彦,3,47,52.2,0,0,0.15,4.48,20.21,36.17,5.2,26.67,40,39.81,62.14,34.26,56.48
2026-05-20,1,5,2026-05-20 17:26:00,5,第9回赤城カントリー倶楽部杯,2,4873,蒲原 健太,2,32,52.3,0,0,0.18,5.04,30.08,46.34,0,0,0,31.31,59.6,36.79,51.89
2026-05-20,1,5,2026-05-20 17:26:00,5,第9回赤城カントリー倶楽部杯,3,4269,杉山 裕也,1,40,52.4,0,0,0.15,6.03,40.91,60,0,0,0,28.05,54.88,44.55,59.09
2026-05-20,1,5,2026-05-20 17:26:00,5,第9回赤城カントリー倶楽部杯,4,4693,松下 誉士,3,42,53.7,0,0,0.2,4.1,22.12,33.65,5,35.29,41.18,33.66,50.5,29.63,42.59
2026-05-20,1,5,2026-05-20 17:26:00,5,第9回赤城カントリー倶楽部杯,5,3827,今泉 徹,3,52,52,0,0,0.17,3.93,14.14,31.31,4.32,16.22,39.64,37.23,57.45,40.37,58.72
2026-05-20,1,5,2026-05-20 17:26:00,5,第9回赤城カントリー倶楽部杯,6,5022,伊藤 尚汰,3,31,49.5,0,0,0.16,4,21.13,28.17,3.96,20,32,26.14,53.41,31.48,42.59
2026-05-20,1,6,2026-05-20 17:53:00,5,第9回赤城カントリー倶楽部杯,1,4063,市橋 卓士,1,46,54.3,0,0,0.13,6.4,44.44,65.87,6.31,37.5,56.25,32.67,48.51,31.48,47.22
2026-05-20,1,6,2026-05-20 17:53:00,5,第9回赤城カントリー倶楽部杯,2,4498,宮本 夏樹,3,38,54.1,0,0,0.17,6.22,46.67,60,0,0,0,26.19,44.05,36.7,52.29
2026-05-20,1,6,2026-05-20 17:53:00,5,第9回赤城カントリー倶楽部杯,3,4113,木村 浩士,3,45,55.2,0,0,0.19,5.08,30.93,46.39,5.35,27.27,53.25,29.67,47.25,24.76,53.33
2026-05-20,1,6,2026-05-20 17:53:00,5,第9回赤城カントリー倶楽部杯,4,3891,谷口 健一,3,50,54.3,0,0,0.18,3.62,14.74,26.32,3.57,11.43,22.86,26.83,39.02,40.37,56.88
2026-05-20,1,6,2026-05-20 17:53:00,5,第9回赤城カントリー倶楽部杯,5,4110,小澤 和也,3,46,55.4,0,0,0.17,4.45,26.04,41.67,4.11,26.32,31.58,45.95,58.11,29.73,41.44
2026-05-20,1,6,2026-05-20 17:53:00,5,第9回赤城カントリー倶楽部杯,6,5122,相馬 翔,4,24,56.5,0,0,0.18,4.88,33.82,48.53,5.53,29.41,47.06,35.29,47.06,32.11,45.87
2026-05-20,1,7,2026-05-20 18:18:00,5,第9回赤城カントリー倶楽部杯,1,4369,丹下 将,2,40,56.3,0,0,0.16,5.8,35.83,58.33,6.05,42.86,61.9,34.86,51.38,27.17,40.22
2026-05-20,1,7,2026-05-20 18:18:00,5,第9回赤城カントリー倶楽部杯,2,4818,伏見 俊介,4,34,54.8,0,0,0.11,4.22,33.33,38.89,6.39,56.52,60.87,36.46,48.96,25.49,35.29
2026-05-20,1,7,2026-05-20 18:18:00,5,第9回赤城カントリー倶楽部杯,3,4857,加藤 翔馬,1,29,54.4,0,0,0.16,6.86,54,72,5.83,44.44,61.11,27.08,48.96,29.59,42.86
2026-05-20,1,7,2026-05-20 18:18:00,5,第9回赤城カントリー倶楽部杯,4,5077,滝沢 崚,4,29,52.3,0,0,0.2,4.16,17.65,35.29,4.24,24,28,29.41,50,34.58,53.27
2026-05-20,1,7,2026-05-20 18:18:00,5,第9回赤城カントリー倶楽部杯,5,5341,山道 諄也,4,24,53.4,0,0,0.2,2.6,6.45,12.9,1.69,1.85,7.41,44.74,61.84,26,47
2026-05-20,1,7,2026-05-20 18:18:00,5,第9回赤城カントリー倶楽部杯,6,5009,大賀 龍之介,3,29,53.8,0,0,0.16,5.27,36.61,50.89,3.8,20,30,36.17,44.68,22.47,37.08
2026-05-20,1,8,2026-05-20 18:44:00,5,第9回赤城カントリー倶楽部杯,1,4704,河野 大,2,37,52,0,0,0.14,6.65,50.74,66.91,0,0,0,47.37,61.84,41.96,60.71
2026-05-20,1,8,2026-05-20 18:44:00,5,第9回赤城カントリー倶楽部杯,2,4727,安部 慎一,3,38,53.3,0,0,0.14,4.53,25.68,44.59,0,0,0,38.71,58.06,31.73,46.15
2026-05-20,1,8,2026-05-20 18:44:00,5,第9回赤城カントリー倶楽部杯,3,3315,広瀬 聖仁,3,60,52.3,0,0,0.18,4.86,28.57,45.24,3.18,9.09,9.09,29.03,48.39,25.93,40.74
2026-05-20,1,8,2026-05-20 18:44:00,5,第9回赤城カントリー倶楽部杯,4,3987,後藤 正宗,3,48,53.3,0,0,0.15,6.18,41.67,63.89,5.53,42.11,57.89,37.23,52.13,48.18,62.73
2026-05-20,1,8,2026-05-20 18:44:00,5,第9回赤城カントリー倶楽部杯,5,5015,高橋 竜矢,1,28,52,0,0,0.13,6.81,52.08,70.83,5.96,37.5,54.17,49.4,62.65,17.17,36.36
2026-05-20,1,8,2026-05-20 18:44:00,5,第9回赤城カントリー倶楽部杯,6,2878,富山 弘幸,3,67,54.3,0,0,0.17,5.24,27.37,54.74,6.42,47.37,68.42,28.95,36.84,28.44,44.95
2026-05-20,1,9,2026-05-20 19:13:00,5,第9回赤城カントリー倶楽部杯,1,4173,岡谷 健吾,3,43,55.9,0,0,0.18,5.04,34.29,50.48,4.07,13.33,40,40.91,60.23,37.14,54.29
2026-05-20,1,9,2026-05-20 19:13:00,5,第9回赤城カントリー倶楽部杯,2,4515,藤田 浩人,2,39,53.3,0,0,0.17,6.01,38.1,62.7,0,0,0,31.63,55.1,29.73,43.24
2026-05-20,1,9,2026-05-20 19:13:00,5,第9回赤城カントリー倶楽部杯,3,4383,竹田 吉行,2,41,52,0,0,0.16,5.72,35.04,56.41,0,0,0,34.34,51.52,34.26,48.15
2026-05-20,1,9,2026-05-20 19:13:00,5,第9回赤城カントリー倶楽部杯,4,3542,清水 紀克,3,57,55,0,0,0.19,4.11,21.98,32.97,3.88,25,43.75,27.71,39.76,42.73,54.55
2026-05-20,1,9,2026-05-20 19:13:00,5,第9回赤城カントリー倶楽部杯,5,3256,三角 哲男,2,59,52.3,0,0,0.14,6.42,48.21,67.86,6.11,45.95,54.05,38.03,61.97,26.53,45.92
2026-05-20,1,9,2026-05-20 19:13:00,5,第9回赤城カントリー倶楽部杯,6,3541,三嶌 誠司,1,57,52.3,0,0,0.16,5.74,37.1,55.65,5.16,21.05,52.63,38,53,36.54,50.96
2026-05-20,1,10,2026-05-20 19:40:00,5,第9回赤城カントリー倶楽部杯,1,4529,嶋 義信,3,37,53.6,0,0,0.15,6.21,43.48,67.39,0,0,0,40,64.21,26.47,42.16
2026-05-20,1,10,2026-05-20 19:40:00,5,第9回赤城カントリー倶楽部杯,2,4063,市橋 卓士,1,46,54.3,0,0,0.13,6.4,44.44,65.87,6.31,37.5,56.25,32.67,48.51,31.48,47.22
2026-05-20,1,10,2026-05-20 19:40:00,5,第9回赤城カントリー倶楽部杯,3,3922,菅沼 佳昭,3,50,51,0,0,0.19,3.81,16.82,31.78,4.04,20,36,32.65,52.04,30.56,49.07
2026-05-20,1,10,2026-05-20 19:40:00,5,第9回赤城カントリー倶楽部杯,4,3556,田中 信一郎,1,53,53.6,0,0,0.14,6.41,46.81,62.77,6.71,52.38,71.43,45.45,60.23,24.73,37.63
2026-05-20,1,10,2026-05-20 19:40:00,5,第9回赤城カントリー倶楽部杯,5,5104,山田 丈,2,27,52,0,0,0.15,4.98,29.69,43.75,0,0,0,55.17,72.41,32.71,57.94
2026-05-20,1,10,2026-05-20 19:40:00,5,第9回赤城カントリー倶楽部杯,6,4873,蒲原 健太,2,32,52.3,0,0,0.18,5.04,30.08,46.34,0,0,0,31.31,59.6,36.79,51.89
2026-05-20,1,11,2026-05-20 20:06:00,5,第9回赤城カントリー倶楽部杯,1,3888,山本 英志,2,51,50.5,0,0,0.15,5.82,38.46,57.26,2.63,12.5,25,44,61.33,28,41
2026-05-20,1,11,2026-05-20 20:06:00,5,第9回赤城カントリー倶楽部杯,2,4096,石橋 道友,1,44,53.2,0,0,0.15,6.53,51.11,65.56,7.42,57.89,78.95,42.57,56.44,27.03,43.24
2026-05-20,1,11,2026-05-20 20:06:00,5,第9回赤城カントリー倶楽部杯,3,4732,堀本 和也,1,37,53.4,0,0,0.11,6.3,41.38,61.21,5.25,12.5,25,32.46,55.26,36.7,56.88
2026-05-20,1,11,2026-05-20 20:06:00,5,第9回赤城カントリー倶楽部杯,4,4790,柳内 敬太,2,36,52,0,0,0.16,6.3,45.9,65.57,6,40,60,30.93,49.48,40.37,55.96
2026-05-20,1,11,2026-05-20 20:06:00,5,第9回赤城カントリー倶楽部杯,5,3990,芹澤 克彦,3,47,52,0,0,0.15,4.48,20.21,36.17,5.2,26.67,40,39.81,62.14,34.26,56.48
2026-05-20,1,11,2026-05-20 20:06:00,5,第9回赤城カントリー倶楽部杯,6,4818,伏見 俊介,4,34,55,0,0,0.11,4.22,33.33,38.89,6.39,56.52,60.87,36.46,48.96,25.49,35.29
2026-05-20,1,12,2026-05-20 20:35:00,5,第9回赤城カントリー倶楽部杯,1,4269,杉山 裕也,1,40,52.4,0,0,0.15,6.03,40.91,60,0,0,0,28.05,54.88,44.55,59.09
2026-05-20,1,12,2026-05-20 20:35:00,5,第9回赤城カントリー倶楽部杯,2,4704,河野 大,2,37,52,0,0,0.14,6.65,50.74,66.91,0,0,0,47.37,61.84,41.96,60.71
2026-05-20,1,12,2026-05-20 20:35:00,5,第9回赤城カントリー倶楽部杯,3,4495,森 晋太郎,2,39,54.3,0,0,0.13,4.69,25.64,38.46,5.19,30.77,53.85,40.66,56.04,33.64,53.27
2026-05-20,1,12,2026-05-20 20:35:00,5,第9回赤城カントリー倶楽部杯,4,4857,加藤 翔馬,1,29,54.4,0,0,0.16,6.86,54,72,5.83,44.44,61.11,27.08,48.96,29.59,42.86
2026-05-20,1,12,2026-05-20 20:35:00,5,第9回赤城カントリー倶楽部杯,5,4405,南野 利騰,3,41,53,0,0,0.16,4.11,15.22,35.87,3.6,15,30,43.01,58.06,27.93,45.05
2026-05-20,1,12,2026-05-20 20:35:00,5,第9回赤城カントリー倶楽部杯,6,5036,福田 翔吾,3,28,52,0,0,0.19,5.23,36.27,49.02,5.24,37.93,44.83,39.25,57.94,21.57,35.29
2026-05-20,5,1,2026-05-20 11:40:00,5,第21回日刊ゲンダイ杯,1,3583,齋藤 智裕,3,53,57.1,0,0,0.18,3.59,15.07,27.4,3.36,14.29,21.43,26.32,36.84,30,50
2026-05-20,5,1,2026-05-20 11:40:00,5,第21回日刊ゲンダイ杯,2,3107,平岡 重典,3,62,52,0,0,0.16,3.93,14.49,27.54,3.6,6.67,20,44.44,66.67,38.46,53.85
2026-05-20,5,1,2026-05-20 11:40:00,5,第21回日刊ゲンダイ杯,3,4887,富澤 祐作,3,39,53.2,0,0,0.15,5.17,36.36,46.46,6.14,50,63.64,5.26,15.79,35,40
2026-05-20,5,1,2026-05-20 11:40:00,5,第21回日刊ゲンダイ杯,4,4466,南 佑典,2,39,51,0,0,0.16,5.75,38.04,55.43,6,55.56,66.67,11.76,17.65,20,35
2026-05-20,5,1,2026-05-20 11:40:00,5,第21回日刊ゲンダイ杯,5,3949,今出 晋二,3,50,56.8,0,0,0.19,3.74,15.38,26.92,0,0,0,50,57.69,22.22,22.22
2026-05-20,5,1,2026-05-20 11:40:00,5,第21回日刊ゲンダイ杯,6,5449,堀井 涼平,4,23,49.5,0,0,,0,0,0,0,0,0,57.89,73.68,10.53,26.32
2026-05-20,5,2,2026-05-20 12:12:00,5,第21回日刊ゲンダイ杯,1,5331,佐藤 永梧,3,22,54.1,0,0,0.15,4.28,27.91,38.37,4.05,27.16,34.57,29.63,37.04,35.71,35.71
2026-05-20,5,2,2026-05-20 12:12:00,5,第21回日刊ゲンダイ杯,2,4449,中嶋 達也,3,38,52.3,0,0,0.16,3.48,17.74,27.42,4.31,18.75,37.5,18.18,45.45,41.67,58.33
2026-05-20,5,2,2026-05-20 12:12:00,5,第21回日刊ゲンダイ杯,3,3546,中里 昌志,3,57,52,0,0,0.19,4.38,15.22,44.57,4.55,27.59,48.28,60,70,27.78,33.33
2026-05-20,5,2,2026-05-20 12:12:00,5,第21回日刊ゲンダイ杯,4,3912,川原 正明,2,52,52,0,0,0.14,5.42,36,51,5.33,44.44,55.56,50,65,18.18,59.09
2026-05-20,5,2,2026-05-20 12:12:00,5,第21回日刊ゲンダイ杯,5,4231,鈴木 裕隆,2,42,55,0,0,0.17,5.27,30.77,51.54,5.53,35.29,64.71,36.84,52.63,57.14,80.95
2026-05-20,5,2,2026-05-20 12:12:00,5,第21回日刊ゲンダイ杯,6,5046,松山 裕基,3,32,53.1,0,0,0.16,4.22,20.93,36.05,3.17,4.35,26.09,30,50,45,65
2026-05-20,5,3,2026-05-20 12:44:00,5,第21回日刊ゲンダイ杯,1,4711,前出 達吉,3,36,50.5,0,0,0.16,6,42.86,64.76,5.28,38.89,55.56,11.11,27.78,25,35
2026-05-20,5,3,2026-05-20 12:44:00,5,第21回日刊ゲンダイ杯,2,3911,鈴木 猛,2,52,53,0,0,0.16,5.22,32.84,47.01,5.39,37.04,46.3,66.67,83.33,70,80
2026-05-20,5,3,2026-05-20 12:44:00,5,第21回日刊ゲンダイ杯,3,3977,山本 兼士,3,48,52.4,0,0,0.16,4.65,23,43,5.15,33.33,48.15,35,55,47.62,61.9
2026-05-20,5,3,2026-05-20 12:44:00,5,第21回日刊ゲンダイ杯,4,4261,岡 祐臣,1,42,54.3,0,0,0.16,6.22,41.54,60.77,6.88,58.82,64.71,17.24,34.48,36.36,54.55
2026-05-20,5,3,2026-05-20 12:44:00,5,第21回日刊ゲンダイ杯,5,3992,関口 智久,3,47,53.7,1,0,0.13,5.16,32.58,46.07,4.94,27.78,48.15,33.33,33.33,5.88,17.65
2026-05-20,5,3,2026-05-20 12:44:00,5,第21回日刊ゲンダイ杯,6,4054,福嶋 智之,3,48,53,0,0,0.16,4.69,31.96,42.27,0,0,0,27.27,45.45,19.05,47.62
2026-05-20,5,4,2026-05-20 13:16:00,5,第21回日刊ゲンダイ杯,1,4105,松下 直也,3,46,52,0,0,0.17,5.06,28.21,52.14,4.43,14.29,35.71,25,41.67,45,60
2026-05-20,5,4,2026-05-20 13:16:00,5,第21回日刊ゲンダイ杯,2,3621,天野 晶夫,3,52,53.1,0,0,0.18,5.57,36,60,6.12,41.18,64.71,5.26,31.58,22.22,27.78
2026-05-20,5,4,2026-05-20 13:16:00,5,第21回日刊ゲンダイ杯,3,3385,渡邉 睦広,2,57,51.5,0,0,0.17,5.44,37.74,53.77,5.41,28.21,61.54,16.67,22.22,21.43,35.71
2026-05-20,5,4,2026-05-20 13:16:00,5,第21回日刊ゲンダイ杯,4,3507,藤井 徹,3,54,52.1,0,0,0.2,4.54,27.5,38.75,4.88,25,37.5,31.82,54.55,28.57,52.38
2026-05-20,5,4,2026-05-20 13:16:00,5,第21回日刊ゲンダイ杯,5,4808,松尾 拓,1,37,52,0,0,0.16,5.64,34.31,52.94,7.18,58.82,76.47,5.56,22.22,45.45,72.73
2026-05-20,5,4,2026-05-20 13:16:00,5,第21回日刊ゲンダイ杯,6,5419,櫻井 隼,4,20,52,0,0,0.22,2.13,1.59,6.35,0,0,0,42.11,57.89,31.25,37.5
2026-05-20,5,5,2026-05-20 13:45:00,5,第21回日刊ゲンダイ杯,1,4836,大谷 健太,4,37,52,0,0,0.2,5.18,32.89,47.37,4.43,22.86,31.43,61.9,90.48,22.22,33.33
2026-05-20,5,5,2026-05-20 13:45:00,5,第21回日刊ゲンダイ杯,2,4876,梅木 敬太,3,31,53,0,0,0.18,4.9,29.41,43.14,5.38,37.5,50,35,45,25,60
2026-05-20,5,5,2026-05-20 13:45:00,5,第21回日刊ゲンダイ杯,3,4472,尾嶋 一広,1,39,55.6,0,0,0.16,6.34,41.22,62.6,5.73,36.67,60,7.69,23.08,47.62,61.9
2026-05-20,5,5,2026-05-20 13:45:00,5,第21回日刊ゲンダイ杯,4,4438,森作 雄大,2,39,52,0,0,0.12,4.87,30.95,42.86,5.63,39.47,55.26,26.32,52.63,28.57,66.67
2026-05-20,5,5,2026-05-20 13:45:00,5,第21回日刊ゲンダイ杯,5,3973,崎 利仁,3,49,52.8,0,0,0.19,4.12,22.68,32.99,4.23,20,35,33.33,70.83,11.11,27.78
2026-05-20,5,5,2026-05-20 13:45:00,5,第21回日刊ゲンダイ杯,6,3951,石川 吉鎬,2,49,55.4,0,0,0.18,5.31,29.91,49.53,5.81,37.04,51.85,15,35,36.36,54.55
2026-05-20,5,6,2026-05-20 14:12:00,5,第21回日刊ゲンダイ杯,1,5023,久永 祥平,3,31,50.5,0,0,0.15,5.75,40,60,5.61,28.57,53.57,22.22,38.89,27.78,44.44
2026-05-20,5,6,2026-05-20 14:12:00,5,第21回日刊ゲンダイ杯,2,3268,森 竜也,3,61,52.8,0,0,0.17,4.3,20.88,32.97,3.58,15.79,34.21,52.38,66.67,29.41,41.18
2026-05-20,5,6,2026-05-20 14:12:00,5,第21回日刊ゲンダイ杯,3,3583,齋藤 智裕,3,53,56.7,0,0,0.18,3.59,15.07,27.4,3.36,14.29,21.43,26.32,36.84,30,50
2026-05-20,5,6,2026-05-20 14:12:00,5,第21回日刊ゲンダイ杯,4,4710,福田 宗平,1,36,52,0,0,0.14,5.63,36,56.8,6.16,48.98,61.22,41.18,58.82,40,80
2026-05-20,5,6,2026-05-20 14:12:00,5,第21回日刊ゲンダイ杯,5,5068,前田 滉,1,26,52,0,0,0.15,7.25,51.04,64.58,7.73,66.67,83.33,36.84,52.63,11.11,27.78
2026-05-20,5,6,2026-05-20 14:12:00,5,第21回日刊ゲンダイ杯,6,5364,金子 怜央,4,26,52,0,0,0.18,2.43,3.95,10.53,1.39,0,4.35,47.62,76.19,33.33,50
2026-05-20,5,7,2026-05-20 14:41:00,5,第21回日刊ゲンダイ杯,1,4449,中嶋 達也,3,38,52.3,0,0,0.16,3.48,17.74,27.42,4.31,18.75,37.5,18.18,45.45,41.67,58.33
2026-05-20,5,7,2026-05-20 14:41:00,5,第21回日刊ゲンダイ杯,2,3381,滝沢 芳行,3,57,52.4,0,0,0.15,5.48,38.04,51.09,5.95,42.11,57.89,26.32,42.11,52.63,63.16
2026-05-20,5,7,2026-05-20 14:41:00,5,第21回日刊ゲンダイ杯,3,3940,飯山 泰,1,48,52,0,0,0.15,6.36,45.99,61.31,6.08,38.75,63.75,26.32,31.58,26.32,47.37
2026-05-20,5,7,2026-05-20 14:41:00,5,第21回日刊ゲンダイ杯,4,3107,平岡 重典,3,62,52,0,0,0.16,3.93,14.49,27.54,3.6,6.67,20,44.44,66.67,38.46,53.85
2026-05-20,5,7,2026-05-20 14:41:00,5,第21回日刊ゲンダイ杯,5,4584,村岡 賢人,1,36,52.3,1,0,0.12,6.41,43.36,66.37,6.09,63.64,63.64,15.79,15.79,30,50
2026-05-20,5,7,2026-05-20 14:41:00,5,第21回日刊ゲンダイ杯,6,5110,杉山 喜一,3,26,51,0,0,0.15,5.27,28.26,51.09,5.05,36.84,47.37,30,60,20,40
2026-05-20,5,8,2026-05-20 15:11:00,5,第21回日刊ゲンダイ杯,1,3988,古川 誠之,2,47,55.1,0,0,0.15,5.75,40.5,57.85,5.96,42.86,58.93,50,55.56,27.78,33.33
2026-05-20,5,8,2026-05-20 15:11:00,5,第21回日刊ゲンダイ杯,2,5046,松山 裕基,3,32,53.1,0,0,0.16,4.22,20.93,36.05,3.17,4.35,26.09,30,50,45,65
2026-05-20,5,8,2026-05-20 15:11:00,5,第21回日刊ゲンダイ杯,3,4711,前出 達吉,3,36,50.5,0,0,0.16,6,42.86,64.76,5.28,38.89,55.56,11.11,27.78,25,35
2026-05-20,5,8,2026-05-20 15:11:00,5,第21回日刊ゲンダイ杯,4,3981,今坂 晃広,3,48,53.4,0,0,0.2,3.94,18,30,4.33,20,36.67,28.57,42.86,15.79,21.05
2026-05-20,5,8,2026-05-20 15:11:00,5,第21回日刊ゲンダイ杯,5,5419,櫻井 隼,4,20,52,0,0,0.22,2.13,1.59,6.35,0,0,0,42.11,57.89,31.25,37.5
2026-05-20,5,8,2026-05-20 15:11:00,5,第21回日刊ゲンダイ杯,6,4608,荒井 翔伍,2,36,54.3,0,0,0.16,5.99,41.3,61.96,6.12,48.48,63.64,22.22,27.78,60,80
2026-05-20,5,9,2026-05-20 15:44:00,5,第21回日刊ゲンダイ杯,1,3385,渡邉 睦広,2,57,51.5,0,0,0.17,5.44,37.74,53.77,5.41,28.21,61.54,16.67,22.22,21.43,35.71
2026-05-20,5,9,2026-05-20 15:44:00,5,第21回日刊ゲンダイ杯,2,3977,山本 兼士,3,48,52.4,0,0,0.16,4.65,23,43,5.15,33.33,48.15,35,55,47.62,61.9
2026-05-20,5,9,2026-05-20 15:44:00,5,第21回日刊ゲンダイ杯,3,4306,畔柳 俊吾,2,42,52,0,0,0.17,4.47,20,41.11,5.29,27.08,56.25,42.11,57.89,31.58,68.42
2026-05-20,5,9,2026-05-20 15:44:00,5,第21回日刊ゲンダイ杯,4,3546,中里 昌志,3,57,52,0,0,0.19,4.38,15.22,44.57,4.55,27.59,48.28,60,70,27.78,33.33
2026-05-20,5,9,2026-05-20 15:44:00,5,第21回日刊ゲンダイ杯,5,4469,土山 卓也,2,39,55.3,0,0,0.16,5.98,40.95,59.05,4.93,26.67,40,17.86,35.71,35,40
2026-05-20,5,9,2026-05-20 15:44:00,5,第21回日刊ゲンダイ杯,6,3949,今出 晋二,3,50,56.8,0,0,0.19,3.74,15.38,26.92,0,0,0,50,57.69,22.22,22.22
2026-05-20,5,10,2026-05-20 16:18:00,5,第21回日刊ゲンダイ杯,1,4466,南 佑典,2,39,51,0,0,0.16,5.75,38.04,55.43,6,55.56,66.67,11.76,17.65,20,35
2026-05-20,5,10,2026-05-20 16:18:00,5,第21回日刊ゲンダイ杯,2,3596,河上 年昭,3,56,53.6,1,0,0.17,3.67,13.25,22.89,4.46,16.67,41.67,60,75,40,55
2026-05-20,5,10,2026-05-20 16:18:00,5,第21回日刊ゲンダイ杯,3,3951,石川 吉鎬,2,49,55.4,0,0,0.18,5.31,29.91,49.53,5.81,37.04,51.85,15,35,36.36,54.55
2026-05-20,5,10,2026-05-20 16:18:00,5,第21回日刊ゲンダイ杯,4,3911,鈴木 猛,2,52,53,0,0,0.16,5.22,32.84,47.01,5.39,37.04,46.3,66.67,83.33,70,80
2026-05-20,5,10,2026-05-20 16:18:00,5,第21回日刊ゲンダイ杯,5,3912,川原 正明,2,52,52,0,0,0.14,5.42,36,51,5.33,44.44,55.56,50,65,18.18,59.09
2026-05-20,5,10,2026-05-20 16:18:00,5,第21回日刊ゲンダイ杯,6,3621,天野 晶夫,3,52,53.1,0,0,0.18,5.57,36,60,6.12,41.18,64.71,5.26,31.58,22.22,27.78
2026-05-20,5,11,2026-05-20 16:48:00,5,第21回日刊ゲンダイ杯,1,4710,福田 宗平,1,36,52,0,0,0.14,5.63,36,56.8,6.16,48.98,61.22,41.18,58.82,40,80
2026-05-20,5,11,2026-05-20 16:48:00,5,第21回日刊ゲンダイ杯,2,3992,関口 智久,3,47,53.7,1,0,0.13,5.16,32.58,46.07,4.94,27.78,48.15,33.33,33.33,5.88,17.65
2026-05-20,5,11,2026-05-20 16:48:00,5,第21回日刊ゲンダイ杯,3,4438,森作 雄大,2,39,52,0,0,0.12,4.87,30.95,42.86,5.63,39.47,55.26,26.32,52.63,28.57,66.67
2026-05-20,5,11,2026-05-20 16:48:00,5,第21回日刊ゲンダイ杯,4,4584,村岡 賢人,1,36,52.3,1,0,0.12,6.41,43.36,66.37,6.09,63.64,63.64,15.79,15.79,30,50
2026-05-20,5,11,2026-05-20 16:48:00,5,第21回日刊ゲンダイ杯,5,4105,松下 直也,3,46,52,0,0,0.17,5.06,28.21,52.14,4.43,14.29,35.71,25,41.67,45,60
2026-05-20,5,11,2026-05-20 16:48:00,5,第21回日刊ゲンダイ杯,6,4231,鈴木 裕隆,2,42,55,0,0,0.17,5.27,30.77,51.54,5.53,35.29,64.71,36.84,52.63,57.14,80.95
2026-05-20,5,12,2026-05-20 17:20:00,5,第21回日刊ゲンダイ杯,1,3940,飯山 泰,1,48,52,0,0,0.15,6.36,45.99,61.31,6.08,38.75,63.75,26.32,31.58,26.32,47.37
2026-05-20,5,12,2026-05-20 17:20:00,5,第21回日刊ゲンダイ杯,2,5068,前田 滉,1,26,52,0,0,0.15,7.25,51.04,64.58,7.73,66.67,83.33,36.84,52.63,11.11,27.78
2026-05-20,5,12,2026-05-20 17:20:00,5,第21回日刊ゲンダイ杯,3,4808,松尾 拓,1,37,52,0,0,0.16,5.64,34.31,52.94,7.18,58.82,76.47,5.56,22.22,45.45,72.73
2026-05-20,5,12,2026-05-20 17:20:00,5,第21回日刊ゲンダイ杯,4,4099,吉永 則雄,1,47,52.9,0,0,0.17,6.01,41.03,60.68,6,53.57,60.71,11.11,27.78,55,65
2026-05-20,5,12,2026-05-20 17:20:00,5,第21回日刊ゲンダイ杯,5,4472,尾嶋 一広,1,39,55.6,0,0,0.16,6.34,41.22,62.6,5.73,36.67,60,7.69,23.08,47.62,61.9
2026-05-20,5,12,2026-05-20 17:20:00,5,第21回日刊ゲンダイ杯,6,4261,岡 祐臣,1,42,54.3,0,0,0.16,6.22,41.54,60.77,6.88,58.82,64.71,17.24,34.48,36.36,54.55
2026-05-20,8,1,2026-05-20 10:31:00,5,にっぽん未来プロジェクト競走inとこなめ,1,4292,麻生 慎介,1,41,52.2,0,0,0.14,6.64,48.54,66.02,7.69,56.25,93.75,35.54,52.07,32.55,47.64
2026-05-20,8,1,2026-05-20 10:31:00,5,にっぽん未来プロジェクト競走inとこなめ,2,3448,高山 秀雄,3,56,53,0,0,0.19,4.48,24.39,41.46,5,16.67,54.17,23.53,43.7,34.13,50
2026-05-20,8,1,2026-05-20 10:31:00,5,にっぽん未来プロジェクト競走inとこなめ,3,4565,西村 豪洋,3,38,53.8,0,0,0.18,3.41,10.1,25.25,5.06,32.84,52.24,27.35,50.43,42.45,59.43
2026-05-20,8,1,2026-05-20 10:31:00,5,にっぽん未来プロジェクト競走inとこなめ,4,4864,小川 日紀太,3,36,52.1,0,0,0.14,4.09,20.9,35.82,4,37.5,37.5,20.18,32.11,33.65,47.87
2026-05-20,8,1,2026-05-20 10:31:00,5,にっぽん未来プロジェクト競走inとこなめ,5,3454,井川 大作,3,55,55.3,0,0,0.15,5.38,35.79,52.63,3.31,12.5,25,37.68,54.35,25.79,44.74
2026-05-20,8,1,2026-05-20 10:31:00,5,にっぽん未来プロジェクト競走inとこなめ,6,5471,田中 結,4,17,47.6,0,0,,1.5,0,0,0,0,0,21.49,41.32,33.64,51.36
2026-05-20,8,2,2026-05-20 11:02:00,5,にっぽん未来プロジェクト競走inとこなめ,1,3974,深山 祐二,3,49,52.2,0,0,0.15,4.47,24.36,43.59,3.8,13.33,33.33,29.13,43.31,34.98,50.25
2026-05-20,8,2,2026-05-20 11:02:00,5,にっぽん未来プロジェクト競走inとこなめ,2,5042,畑田 汰一,1,27,52,0,0,0.12,6.37,39.18,61.86,7.04,48,76,32.84,50.75,39.61,57.97
2026-05-20,8,2,2026-05-20 11:02:00,5,にっぽん未来プロジェクト競走inとこなめ,3,4527,高野 心吾,3,37,52,0,0,0.17,3.89,18.99,34.18,3.81,19.3,35.09,34.59,54.89,33.33,46.46
2026-05-20,8,2,2026-05-20 11:02:00,5,にっぽん未来プロジェクト競走inとこなめ,4,4277,金田 大輔,3,42,50.5,0,0,0.15,5.27,39.24,50.63,4.24,23.81,33.33,18.42,33.33,37.56,50.7
2026-05-20,8,2,2026-05-20 11:02:00,5,にっぽん未来プロジェクト競走inとこなめ,5,4700,金子 和之,2,39,52.4,0,0,0.14,6.16,44.25,63.72,7.64,57.14,78.57,36.84,57.14,41.47,56.68
2026-05-20,8,2,2026-05-20 11:02:00,5,にっぽん未来プロジェクト競走inとこなめ,6,5472,中川 海虹,4,16,43,0,0,,0,0,0,0,0,0,31.2,46.4,38.25,53.92
2026-05-20,8,3,2026-05-20 11:29:00,5,にっぽん未来プロジェクト競走inとこなめ,1,3502,渡邉 英児,3,56,52.5,0,0,0.18,5.85,40.22,61.96,6.05,47.5,60,33.86,48.82,43.91,62.17
2026-05-20,8,3,2026-05-20 11:29:00,5,にっぽん未来プロジェクト競走inとこなめ,2,4679,植田 太一,1,36,57.2,0,0,0.16,5.74,40,59.2,7.52,57.14,76.19,40.74,58.52,32.13,50.68
2026-05-20,8,3,2026-05-20 11:29:00,5,にっぽん未来プロジェクト競走inとこなめ,3,4000,松本 博昭,2,49,54.6,0,0,0.17,6.07,41.73,61.87,6.06,43.75,56.25,30.71,55.12,31.62,48.72
2026-05-20,8,3,2026-05-20 11:29:00,5,にっぽん未来プロジェクト競走inとこなめ,4,5334,樫葉 新心,3,21,46,0,0,0.18,2.98,9.09,20.45,1.5,0,0,37.98,59.69,28.64,46.73
2026-05-20,8,3,2026-05-20 11:29:00,5,にっぽん未来プロジェクト競走inとこなめ,5,5418,堀内 亜海,4,20,56.7,1,0,0.22,1.12,0,0,1.14,0,0,25.62,47.93,30.81,44.95
2026-05-20,8,3,2026-05-20 11:29:00,5,にっぽん未来プロジェクト競走inとこなめ,6,4427,秦 英悟,1,40,52,0,0,0.14,6.41,42.24,56.03,7.82,67.65,79.41,39.71,52.21,41.74,61.01
2026-05-20,8,4,2026-05-20 11:54:00,5,にっぽん未来プロジェクト競走inとこなめ,1,5230,石原 凪紗,4,22,44.5,0,0,0.16,4.67,31.68,40.59,3.83,25.71,31.43,28.68,46.51,30.69,48.02
2026-05-20,8,4,2026-05-20 11:54:00,5,にっぽん未来プロジェクト競走inとこなめ,2,4289,落合 直子,2,41,47,1,0,0.14,5.61,36.36,57.02,6.06,47.22,63.89,33.08,51.54,35.93,58.44
2026-05-20,8,4,2026-05-20 11:54:00,5,にっぽん未来プロジェクト競走inとこなめ,3,4575,戸塚 邦好,1,37,52,0,0,0.13,6.14,41.76,62.64,3.71,14.29,28.57,48.84,63.57,36.92,56.07
2026-05-20,8,4,2026-05-20 11:54:00,5,にっぽん未来プロジェクト競走inとこなめ,4,5143,常盤 海心,3,25,53,0,0,0.19,4.34,24.77,44.04,0,0,0,33.86,48.82,32.84,47.55
2026-05-20,8,4,2026-05-20 11:54:00,5,にっぽん未来プロジェクト競走inとこなめ,5,3699,富永 正人,3,53,52.6,0,0,0.17,4.21,19.18,35.62,5.45,45,50,37.14,52.86,37.5,49.54
2026-05-20,8,4,2026-05-20 11:54:00,5,にっぽん未来プロジェクト競走inとこなめ,6,4983,前田 篤哉,1,29,52.1,0,0,0.17,6.87,51.18,70.08,6.47,50.55,67.03,40.91,60.61,34.09,49.09
2026-05-20,8,5,2026-05-20 12:20:00,5,にっぽん未来プロジェクト競走inとこなめ,1,4684,楠原 翔太,2,35,53.2,0,0,0.14,5.26,29.7,53.47,5.34,36.36,50,26.83,42.28,29.35,46.77
2026-05-20,8,5,2026-05-20 12:20:00,5,にっぽん未来プロジェクト競走inとこなめ,2,4949,横田 貴満,1,33,50.5,0,0,0.15,5.64,32.69,50.96,7.44,61.11,77.78,44.19,62.02,38.81,52.51
2026-05-20,8,5,2026-05-20 12:20:00,5,にっぽん未来プロジェクト競走inとこなめ,3,5211,高井 駿弥,3,27,50,0,0,0.18,4.43,19.1,42.7,3.26,9.68,25.81,34.35,51.15,39.71,58.37
2026-05-20,8,5,2026-05-20 12:20:00,5,にっぽん未来プロジェクト競走inとこなめ,4,4675,井手 良太,3,38,52,0,0,0.13,5.89,39.19,64.86,3.38,12.5,37.5,32.76,52.59,35.42,52.6
2026-05-20,8,5,2026-05-20 12:20:00,5,にっぽん未来プロジェクト競走inとこなめ,5,5058,前原 大道,1,29,52,0,0,0.14,7.28,55.45,73.64,6.91,50,78.13,37.5,49.22,29.76,50.6
2026-05-20,8,5,2026-05-20 12:20:00,5,にっぽん未来プロジェクト競走inとこなめ,6,4407,鹿島 敏弘,3,40,54.8,0,0,0.18,5.16,28.72,51.06,5.37,36.67,63.33,31.88,49.28,30.32,45.25
2026-05-20,8,6,2026-05-20 12:45:00,5,にっぽん未来プロジェクト競走inとこなめ,1,4934,佐々木 翔斗,2,29,53.7,0,0,0.15,5.53,39.66,56.9,5.39,26.09,65.22,50.39,65.89,28.13,46.88
2026-05-20,8,6,2026-05-20 12:45:00,5,にっぽん未来プロジェクト競走inとこなめ,2,4527,高野 心吾,3,37,52,0,0,0.17,3.89,18.99,34.18,3.81,19.3,35.09,34.59,54.89,33.33,46.46
2026-05-20,8,6,2026-05-20 12:45:00,5,にっぽん未来プロジェクト競走inとこなめ,3,4709,岡村 将也,2,36,53.5,0,0,0.16,5.59,35.92,57.28,5.97,40.63,62.5,26.83,44.72,36.18,55.78
2026-05-20,8,6,2026-05-20 12:45:00,5,にっぽん未来プロジェクト競走inとこなめ,4,3659,藤生 雄人,3,51,53.6,0,0,0.17,5.7,37.93,62.07,6.21,47.06,67.65,24.37,39.5,33.66,51.49
2026-05-20,8,6,2026-05-20 12:45:00,5,にっぽん未来プロジェクト競走inとこなめ,5,5471,田中 結,4,17,47.6,0,0,,1.5,0,0,0,0,0,21.49,41.32,33.64,51.36
2026-05-20,8,6,2026-05-20 12:45:00,5,にっぽん未来プロジェクト競走inとこなめ,6,4123,細川 裕子,1,44,47,0,0,0.19,6.67,48.82,70.87,6.96,50.62,72.84,27.19,49.12,34.84,52.04
2026-05-20,8,7,2026-05-20 13:14:00,5,にっぽん未来プロジェクト競走inとこなめ,1,3934,鋤柄 貴俊,3,49,52,0,0,0.17,4.79,25.86,42.24,5.11,28.57,51.43,26.23,45.9,36.44,55.11
2026-05-20,8,7,2026-05-20 13:14:00,5,にっぽん未来プロジェクト競走inとこなめ,2,4319,三宅 潤,2,41,54.2,0,0,0.17,5.71,37.39,58.26,5.56,32,56,34.11,46.51,38.98,55.08
2026-05-20,8,7,2026-05-20 13:14:00,5,にっぽん未来プロジェクト競走inとこなめ,3,3517,高橋 勲,2,58,53.8,0,0,0.15,6.05,43.24,64.86,6.45,54.55,63.64,41.91,57.35,29.51,46.45
2026-05-20,8,7,2026-05-20 13:14:00,5,にっぽん未来プロジェクト競走inとこなめ,4,3974,深山 祐二,3,49,52.2,0,0,0.15,4.47,24.36,43.59,3.8,13.33,33.33,29.13,43.31,34.98,50.25
2026-05-20,8,7,2026-05-20 13:14:00,5,にっぽん未来プロジェクト競走inとこなめ,5,4051,清水 敦揮,1,45,54.6,0,0,0.17,6.78,49.38,71.6,7.3,56.67,73.33,29.57,41.74,24.23,41.24
2026-05-20,8,7,2026-05-20 13:14:00,5,にっぽん未来プロジェクト競走inとこなめ,6,3448,高山 秀雄,3,56,53,0,0,0.19,4.48,24.39,41.46,5,16.67,54.17,23.53,43.7,34.13,50
2026-05-20,8,8,2026-05-20 13:43:00,5,にっぽん未来プロジェクト競走inとこなめ,1,3072,西田 靖,3,64,52.8,0,0,0.15,4.47,24,41.33,4.19,23.08,34.62,41.73,59.06,39.71,56.46
2026-05-20,8,8,2026-05-20 13:43:00,5,にっぽん未来プロジェクト競走inとこなめ,2,4983,前田 篤哉,1,29,52.1,0,0,0.17,6.87,51.18,70.08,6.47,50.55,67.03,40.91,60.61,34.09,49.09
2026-05-20,8,8,2026-05-20 13:43:00,5,にっぽん未来プロジェクト競走inとこなめ,3,5004,河野 主樹,3,30,52,0,0,0.16,5.72,37.07,57.76,4.56,15.63,37.5,32.54,45.24,33.64,53.27
2026-05-20,8,8,2026-05-20 13:43:00,5,にっぽん未来プロジェクト競走inとこなめ,4,4292,麻生 慎介,1,41,52.2,0,0,0.14,6.64,48.54,66.02,7.69,56.25,93.75,35.54,52.07,32.55,47.64
2026-05-20,8,8,2026-05-20 13:43:00,5,にっぽん未来プロジェクト競走inとこなめ,5,5334,樫葉 新心,3,21,46,0,0,0.18,2.98,9.09,20.45,1.5,0,0,37.98,59.69,28.64,46.73
2026-05-20,8,8,2026-05-20 13:43:00,5,にっぽん未来プロジェクト競走inとこなめ,6,3841,佐々木 和伸,2,50,53.3,0,0,0.16,5.95,42.16,60.78,5.13,39.13,52.17,26.19,42.06,34.65,48.68
2026-05-20,8,9,2026-05-20 14:16:00,5,にっぽん未来プロジェクト競走inとこなめ,1,3718,伊達 正利,3,51,55.1,0,0,0.17,4.54,25.81,41.94,3.38,13.79,31.03,48.03,59.84,29.15,43.72
2026-05-20,8,9,2026-05-20 14:16:00,5,にっぽん未来プロジェクト競走inとこなめ,2,3982,福田 理,3,48,55,0,0,0.15,3.77,18.56,29.9,5.44,44.44,44.44,33.06,45.16,27.86,45.77
2026-05-20,8,9,2026-05-20 14:16:00,5,にっぽん未来プロジェクト競走inとこなめ,3,3454,井川 大作,3,55,55.2,0,0,0.15,5.38,35.79,52.63,3.31,12.5,25,37.68,54.35,25.79,44.74
2026-05-20,8,9,2026-05-20 14:16:00,5,にっぽん未来プロジェクト競走inとこなめ,4,3699,富永 正人,3,53,52.2,0,0,0.17,4.21,19.18,35.62,5.45,45,50,37.14,52.86,37.5,49.54
2026-05-20,8,9,2026-05-20 14:16:00,5,にっぽん未来プロジェクト競走inとこなめ,5,4407,鹿島 敏弘,3,40,54.7,0,0,0.18,5.16,28.72,51.06,5.37,36.67,63.33,31.88,49.28,30.32,45.25
2026-05-20,8,9,2026-05-20 14:16:00,5,にっぽん未来プロジェクト競走inとこなめ,6,5418,堀内 亜海,4,20,56.9,1,0,0.22,1.12,0,0,1.14,0,0,25.62,47.93,30.81,44.95
2026-05-20,8,10,2026-05-20 14:50:00,5,にっぽん未来プロジェクト競走inとこなめ,1,5058,前原 大道,1,29,52,0,0,0.14,7.28,55.45,73.64,6.91,50,78.13,37.5,49.22,29.76,50.6
2026-05-20,8,10,2026-05-20 14:50:00,5,にっぽん未来プロジェクト競走inとこなめ,2,4565,西村 豪洋,3,38,53.8,0,0,0.18,3.41,10.1,25.25,5.06,32.84,52.24,27.35,50.43,42.45,59.43
2026-05-20,8,10,2026-05-20 14:50:00,5,にっぽん未来プロジェクト競走inとこなめ,3,5093,浦野 海,2,24,52,0,0,0.17,4.3,31.52,40.22,5.81,28.57,61.9,32.28,47.24,35.96,56.65
2026-05-20,8,10,2026-05-20 14:50:00,5,にっぽん未来プロジェクト競走inとこなめ,4,4123,細川 裕子,1,44,47,0,0,0.19,6.67,48.82,70.87,6.96,50.62,72.84,27.19,49.12,34.84,52.04
2026-05-20,8,10,2026-05-20 14:50:00,5,にっぽん未来プロジェクト競走inとこなめ,5,3502,渡邉 英児,3,56,52.5,0,0,0.18,5.85,40.22,61.96,6.05,47.5,60,33.86,48.82,43.91,62.17
2026-05-20,8,10,2026-05-20 14:50:00,5,にっぽん未来プロジェクト競走inとこなめ,6,4700,金子 和之,2,39,52.4,0,0,0.14,6.16,44.25,63.72,7.64,57.14,78.57,36.84,57.14,41.47,56.68
2026-05-20,8,11,2026-05-20 15:16:00,5,にっぽん未来プロジェクト競走inとこなめ,1,5042,畑田 汰一,1,27,52,0,0,0.12,6.37,39.18,61.86,7.04,48,76,32.84,50.75,39.61,57.97
2026-05-20,8,11,2026-05-20 15:16:00,5,にっぽん未来プロジェクト競走inとこなめ,2,3800,牧 宏次,3,52,52,0,0,0.15,5.33,34.62,56.41,4.14,14.29,28.57,29.27,46.34,29.29,44.44
2026-05-20,8,11,2026-05-20 15:16:00,5,にっぽん未来プロジェクト競走inとこなめ,3,3659,藤生 雄人,3,51,53.6,0,0,0.17,5.7,37.93,62.07,6.21,47.06,67.65,24.37,39.5,33.66,51.49
2026-05-20,8,11,2026-05-20 15:16:00,5,にっぽん未来プロジェクト競走inとこなめ,4,4319,三宅 潤,2,41,54.2,0,0,0.17,5.71,37.39,58.26,5.56,32,56,34.11,46.51,38.98,55.08
2026-05-20,8,11,2026-05-20 15:16:00,5,にっぽん未来プロジェクト競走inとこなめ,5,4949,横田 貴満,1,33,50.5,0,0,0.15,5.64,32.69,50.96,7.44,61.11,77.78,44.19,62.02,38.81,52.51
2026-05-20,8,11,2026-05-20 15:16:00,5,にっぽん未来プロジェクト競走inとこなめ,6,4000,松本 博昭,2,49,54.6,0,0,0.17,6.07,41.73,61.87,6.06,43.75,56.25,30.71,55.12,31.62,48.72
2026-05-20,8,12,2026-05-20 15:49:00,5,にっぽん未来プロジェクト競走inとこなめ,1,4051,清水 敦揮,1,45,54.6,0,0,0.17,6.78,49.38,71.6,7.3,56.67,73.33,29.57,41.74,24.23,41.24
2026-05-20,8,12,2026-05-20 15:49:00,5,にっぽん未来プロジェクト競走inとこなめ,2,4684,楠原 翔太,2,35,53.2,0,0,0.14,5.26,29.7,53.47,5.34,36.36,50,26.83,42.28,29.35,46.77
2026-05-20,8,12,2026-05-20 15:49:00,5,にっぽん未来プロジェクト競走inとこなめ,3,4277,金田 大輔,3,42,50.5,0,0,0.15,5.27,39.24,50.63,4.24,23.81,33.33,18.42,33.33,37.56,50.7
2026-05-20,8,12,2026-05-20 15:49:00,5,にっぽん未来プロジェクト競走inとこなめ,4,4427,秦 英悟,1,40,52,0,0,0.14,6.41,42.24,56.03,7.82,67.65,79.41,39.71,52.21,41.74,61.01
2026-05-20,8,12,2026-05-20 15:49:00,5,にっぽん未来プロジェクト競走inとこなめ,5,4709,岡村 将也,2,36,53.5,0,0,0.16,5.59,35.92,57.28,5.97,40.63,62.5,26.83,44.72,36.18,55.78
2026-05-20,8,12,2026-05-20 15:49:00,5,にっぽん未来プロジェクト競走inとこなめ,6,4575,戸塚 邦好,1,37,52,0,0,0.13,6.14,41.76,62.64,3.71,14.29,28.57,48.84,63.57,36.92,56.07
2026-05-20,9,1,2026-05-20 10:31:00,5,日刊スポーツちどり杯争奪戦,1,4852,川原 祐明,1,31,52,0,0,0.15,7.08,53.17,73.02,6.05,38.1,61.9,42.31,58.97,19.05,42.86
2026-05-20,9,1,2026-05-20 10:31:00,5,日刊スポーツちどり杯争奪戦,2,4752,西尾 亮輔,3,38,52,0,0,0.17,4.4,23.46,38.27,4.32,24,36,33.33,44.44,36.51,50.79
2026-05-20,9,1,2026-05-20 10:31:00,5,日刊スポーツちどり杯争奪戦,3,5344,谷口 丞,3,23,52.9,0,0,0.16,4.01,20.93,33.72,3.33,0,22.22,41.18,63.24,36.9,59.52
2026-05-20,9,1,2026-05-20 10:31:00,5,日刊スポーツちどり杯争奪戦,4,4068,幸田 智裕,3,45,53.8,0,0,0.16,4.62,20.41,47.96,4.29,20,37.14,18.84,27.54,37.74,49.06
2026-05-20,9,1,2026-05-20 10:31:00,5,日刊スポーツちどり杯争奪戦,5,3539,金子 順一,3,58,52,0,0,0.18,3.78,16.98,30.19,0,0,0,34.92,63.49,16,24
2026-05-20,9,1,2026-05-20 10:31:00,5,日刊スポーツちどり杯争奪戦,6,5445,一ノ木 匠,4,24,52.4,0,0,,1.43,0,0,0,0,0,34.33,50.75,25.45,38.18
2026-05-20,9,2,2026-05-20 10:58:00,5,日刊スポーツちどり杯争奪戦,1,4358,松本 庸平,3,41,50.5,0,0,0.2,4.01,26.32,34.21,4.7,31.78,43.93,31.67,55,34.67,42.67
2026-05-20,9,2,2026-05-20 10:58:00,5,日刊スポーツちどり杯争奪戦,2,4274,長畑 友輔,3,43,52,0,0,0.16,4.43,20.88,41.76,4.67,0,66.67,23.73,44.07,31.94,44.44
2026-05-20,9,2,2026-05-20 10:58:00,5,日刊スポーツちどり杯争奪戦,3,4562,阪本 勇介,3,38,53.2,0,0,0.18,4.36,13.13,36.36,3.88,12.5,37.5,44.74,63.16,22.22,44.44
2026-05-20,9,2,2026-05-20 10:58:00,5,日刊スポーツちどり杯争奪戦,4,3680,森林 太,3,53,54.5,0,0,0.19,4.48,25.74,36.63,4.67,0,33.33,21.15,38.46,38.33,46.67
2026-05-20,9,2,2026-05-20 10:58:00,5,日刊スポーツちどり杯争奪戦,5,4840,鈴木 秀茉,3,34,52,0,0,0.16,4.88,34.29,46.67,4.17,21.74,36.96,37.7,60.66,17.07,31.71
2026-05-20,9,2,2026-05-20 10:58:00,5,日刊スポーツちどり杯争奪戦,6,5461,板頭 里緒,4,19,47.1,0,0,,0,0,0,0,0,0,27.78,46.3,39.24,60.76
2026-05-20,9,3,2026-05-20 11:25:00,5,日刊スポーツちどり杯争奪戦,1,3975,小野寺 智洋,3,49,52.7,0,0,0.15,5.79,36.26,59.34,5.47,31.58,52.63,35.82,50.75,26.47,47.06
2026-05-20,9,3,2026-05-20 11:25:00,5,日刊スポーツちどり杯争奪戦,2,3661,柳瀬 興志,3,56,58.4,0,0,0.16,5.69,31.43,59.05,0,0,0,24.29,41.43,24.53,43.4
2026-05-20,9,3,2026-05-20 11:25:00,5,日刊スポーツちどり杯争奪戦,3,3158,島川 光男,2,61,52.9,0,0,0.15,5.95,43.62,61.7,5.41,35.29,47.06,40.26,51.95,22.73,33.33
2026-05-20,9,3,2026-05-20 11:25:00,5,日刊スポーツちどり杯争奪戦,4,4148,枝尾 賢,2,44,52.6,0,0,0.16,6.21,46.96,63.48,6.47,52.94,70.59,23.21,32.14,17.54,33.33
2026-05-20,9,3,2026-05-20 11:25:00,5,日刊スポーツちどり杯争奪戦,5,5060,数原 魁,3,29,52,0,0,0.17,6.02,46.53,61.39,6,41.67,58.33,27.27,45.45,39.19,60.81
2026-05-20,9,3,2026-05-20 11:25:00,5,日刊スポーツちどり杯争奪戦,6,4759,今泉 友吾,1,36,52,0,0,0.15,6.9,44.32,70.45,6.2,40,60,36.62,49.3,35.71,54.29
2026-05-20,9,4,2026-05-20 11:53:00,5,日刊スポーツちどり杯争奪戦,1,5203,神里 琴音,3,21,43.5,0,0,0.15,5.01,29.13,50.49,5.56,38.89,50,41.79,62.69,31.4,39.53
2026-05-20,9,4,2026-05-20 11:53:00,5,日刊スポーツちどり杯争奪戦,2,4317,木村 紗友希,3,41,47.9,0,0,0.16,4.24,30.77,35.16,4.93,32.5,45,43.4,64.15,32.88,46.58
2026-05-20,9,4,2026-05-20 11:53:00,5,日刊スポーツちどり杯争奪戦,3,5204,宇恵 有香,4,29,46,0,0,,3.86,11.76,33.33,4.95,29.55,45.45,25.88,51.76,33.8,56.34
2026-05-20,9,4,2026-05-20 11:53:00,5,日刊スポーツちどり杯争奪戦,4,3474,松瀬 弘美,3,55,46,0,0,0.17,4.46,26.47,41.18,5.37,36.84,57.89,24.29,38.57,34.78,50.72
2026-05-20,9,4,2026-05-20 11:53:00,5,日刊スポーツちどり杯争奪戦,5,3175,渡辺 千草,3,62,48.1,0,0,0.16,4.85,23.53,48.24,4.48,31.03,41.38,34.69,67.35,40.51,48.1
2026-05-20,9,4,2026-05-20 11:53:00,5,日刊スポーツちどり杯争奪戦,6,5340,樋江井 舞,3,24,45.5,0,0,0.18,4.03,16.84,35.79,3.26,10.53,26.32,40.98,54.1,40.23,55.17
2026-05-20,9,5,2026-05-20 12:22:00,5,日刊スポーツちどり杯争奪戦,1,5026,安河内 健,1,30,56.7,0,0,0.15,6.32,48.04,60.78,6.25,50,50,29.41,52.94,42.68,62.2
2026-05-20,9,5,2026-05-20 12:22:00,5,日刊スポーツちどり杯争奪戦,2,4128,川口 貴久,3,46,54.8,0,0,0.17,5.28,29.35,48.91,4.58,26.92,42.31,20,41.54,37.84,50
2026-05-20,9,5,2026-05-20 12:22:00,5,日刊スポーツちどり杯争奪戦,3,5206,梅原 祥平,3,28,52,0,0,0.14,4.21,24.71,36.47,0,0,0,35.14,51.35,35,48.75
2026-05-20,9,5,2026-05-20 12:22:00,5,日刊スポーツちどり杯争奪戦,4,5140,吉田 彩乃,3,25,47.2,0,0,0.19,4.93,27.37,46.32,3,7.14,21.43,39.19,54.05,43.18,65.91
2026-05-20,9,5,2026-05-20 12:22:00,5,日刊スポーツちどり杯争奪戦,5,5183,中野 孝二,3,27,53.9,0,0,0.16,4.3,26.76,39.44,4.99,28.41,46.59,29.49,47.44,22.22,48.15
2026-05-20,9,5,2026-05-20 12:22:00,5,日刊スポーツちどり杯争奪戦,6,3637,齋藤 和政,3,55,53.9,0,0,0.18,4.15,24.72,37.08,4.76,31.58,42.11,40.54,60.81,32.79,52.46
2026-05-20,9,6,2026-05-20 12:52:00,5,日刊スポーツちどり杯争奪戦,1,4879,山崎 鉄平,3,31,53,0,0,0.16,5,35.14,44.59,0,0,0,31.17,49.35,38.81,53.73
2026-05-20,9,6,2026-05-20 12:52:00,5,日刊スポーツちどり杯争奪戦,2,5055,眞鳥 章太,2,30,52.9,0,0,0.15,5.95,41.51,58.49,6.79,57.14,78.57,20,33.33,36.11,47.22
2026-05-20,9,6,2026-05-20 12:52:00,5,日刊スポーツちどり杯争奪戦,3,3286,坂東 満,3,57,53.5,0,0,0.15,3.97,21.74,36.23,4.36,36.36,45.45,14.86,29.73,31.94,45.83
2026-05-20,9,6,2026-05-20 12:52:00,5,日刊スポーツちどり杯争奪戦,4,5256,中山 翔太,1,22,52,0,0,0.13,7.17,60.58,73.08,6.35,44.93,62.32,32.73,40,33.33,56.25
2026-05-20,9,6,2026-05-20 12:52:00,5,日刊スポーツちどり杯争奪戦,5,4562,阪本 勇介,3,38,53.2,0,0,0.18,4.36,13.13,36.36,3.88,12.5,37.5,44.74,63.16,22.22,44.44
2026-05-20,9,6,2026-05-20 12:52:00,5,日刊スポーツちどり杯争奪戦,6,3684,清水 攻二,2,52,52.2,0,0,0.17,5.84,44,62,6.36,39.29,71.43,30,48.33,18.03,37.7
2026-05-20,9,7,2026-05-20 13:24:00,5,日刊スポーツちどり杯争奪戦,1,4840,鈴木 秀茉,3,34,52,0,0,0.16,4.88,34.29,46.67,4.17,21.74,36.96,37.7,60.66,17.07,31.71
2026-05-20,9,7,2026-05-20 13:24:00,5,日刊スポーツちどり杯争奪戦,2,4375,照屋 厚仁,2,42,51.5,0,0,0.17,5.87,47.01,62.39,0,0,0,33.93,53.57,34.67,53.33
2026-05-20,9,7,2026-05-20 13:24:00,5,日刊スポーツちどり杯争奪戦,3,3212,亀本 勇樹,3,64,58.7,0,0,0.17,4.65,23.81,42.86,5.89,33.33,66.67,33.8,53.52,38.96,61.04
2026-05-20,9,7,2026-05-20 13:24:00,5,日刊スポーツちどり杯争奪戦,4,5050,木下 雄介,2,31,52,0,0,0.16,5.74,41.86,58.14,0,0,0,38.57,48.57,41.43,60
2026-05-20,9,7,2026-05-20 13:24:00,5,日刊スポーツちどり杯争奪戦,5,4357,田中 和也,1,41,52.4,0,0,0.16,7.14,57.5,76.67,6.13,25,25,36.51,60.32,36.76,55.88
2026-05-20,9,7,2026-05-20 13:24:00,5,日刊スポーツちどり杯争奪戦,6,5344,谷口 丞,3,23,52.9,0,0,0.16,4.01,20.93,33.72,3.33,0,22.22,41.18,63.24,36.9,59.52
2026-05-20,9,8,2026-05-20 13:56:00,5,日刊スポーツちどり杯争奪戦,1,5060,数原 魁,3,29,52,0,0,0.17,6.02,46.53,61.39,6,41.67,58.33,27.27,45.45,39.19,60.81
2026-05-20,9,8,2026-05-20 13:56:00,5,日刊スポーツちどり杯争奪戦,2,4068,幸田 智裕,3,45,53.8,0,0,0.16,4.62,20.41,47.96,4.29,20,37.14,18.84,27.54,37.74,49.06
2026-05-20,9,8,2026-05-20 13:56:00,5,日刊スポーツちどり杯争奪戦,3,4083,福島 勇樹,1,46,52,0,0,0.14,7.53,62.5,78.91,6.45,55,70,24.56,43.86,37.5,56.94
2026-05-20,9,8,2026-05-20 13:56:00,5,日刊スポーツちどり杯争奪戦,4,5340,樋江井 舞,3,24,45.5,0,0,0.18,4.03,16.84,35.79,3.26,10.53,26.32,40.98,54.1,40.23,55.17
2026-05-20,9,8,2026-05-20 13:56:00,5,日刊スポーツちどり杯争奪戦,5,4358,松本 庸平,3,41,50.5,0,0,0.2,4.01,26.32,34.21,4.7,31.78,43.93,31.67,55,34.67,42.67
2026-05-20,9,8,2026-05-20 13:56:00,5,日刊スポーツちどり杯争奪戦,6,4523,中村 辰也,2,38,52.9,0,0,0.14,5.84,38.24,64.71,6.12,45.24,69.05,26.32,43.42,32.05,53.85
2026-05-20,9,9,2026-05-20 14:29:00,5,日刊スポーツちどり杯争奪戦,1,3158,島川 光男,2,61,52,0,0,0.15,5.95,43.62,61.7,5.41,35.29,47.06,40.26,51.95,22.73,33.33
2026-05-20,9,9,2026-05-20 14:29:00,5,日刊スポーツちどり杯争奪戦,2,4842,山下 昂大,2,34,54.3,0,0,0.17,6.22,44.54,63.87,6.36,27.27,72.73,48.57,58.57,25.45,41.82
2026-05-20,9,9,2026-05-20 14:29:00,5,日刊スポーツちどり杯争奪戦,3,3539,金子 順一,3,58,52,0,0,0.18,3.78,16.98,30.19,0,0,0,34.92,63.49,16,24
2026-05-20,9,9,2026-05-20 14:29:00,5,日刊スポーツちどり杯争奪戦,4,3333,丸尾 義孝,2,57,52,0,0,0.14,6.26,43.8,61.98,5.11,22.22,55.56,34.25,45.21,24.19,37.1
2026-05-20,9,9,2026-05-20 14:29:00,5,日刊スポーツちどり杯争奪戦,5,5203,神里 琴音,3,21,43.5,0,0,0.15,5.01,29.13,50.49,5.56,38.89,50,41.79,62.69,31.4,39.53
2026-05-20,9,9,2026-05-20 14:29:00,5,日刊スポーツちどり杯争奪戦,6,4274,長畑 友輔,3,43,51.5,0,0,0.16,4.43,20.88,41.76,4.67,0,66.67,23.73,44.07,31.94,44.44
2026-05-20,9,10,2026-05-20 15:02:00,5,日刊スポーツちどり杯争奪戦,1,4424,松尾 昂明,2,40,52,0,0,0.16,5.8,39.85,57.14,5.29,28.57,57.14,36.23,60.87,20.41,44.9
2026-05-20,9,10,2026-05-20 15:02:00,5,日刊スポーツちどり杯争奪戦,2,5089,前田 翔,1,26,51.5,0,0,0.16,7.12,55.29,81.18,6.21,50,64.29,10.53,14.04,25.4,41.27
2026-05-20,9,10,2026-05-20 15:02:00,5,日刊スポーツちどり杯争奪戦,3,3175,渡辺 千草,3,62,48.1,0,0,0.16,4.85,23.53,48.24,4.48,31.03,41.38,34.69,67.35,40.51,48.1
2026-05-20,9,10,2026-05-20 15:02:00,5,日刊スポーツちどり杯争奪戦,4,4561,藤山 翔大,2,35,52,0,0,0.19,6.23,48.09,61.83,4.8,20,40,36.23,46.38,15.69,25.49
2026-05-20,9,10,2026-05-20 15:02:00,5,日刊スポーツちどり杯争奪戦,5,5206,梅原 祥平,3,28,52,0,0,0.14,4.21,24.71,36.47,0,0,0,35.14,51.35,35,48.75
2026-05-20,9,10,2026-05-20 15:02:00,5,日刊スポーツちどり杯争奪戦,6,5055,眞鳥 章太,2,30,52.9,0,0,0.15,5.95,41.51,58.49,6.79,57.14,78.57,20,33.33,36.11,47.22
2026-05-20,9,11,2026-05-20 15:37:00,5,日刊スポーツちどり杯争奪戦,1,4148,枝尾 賢,2,44,52.6,0,0,0.16,6.21,46.96,63.48,6.47,52.94,70.59,23.21,32.14,17.54,33.33
2026-05-20,9,11,2026-05-20 15:37:00,5,日刊スポーツちどり杯争奪戦,2,3637,齋藤 和政,3,55,53.9,0,0,0.18,4.15,24.72,37.08,4.76,31.58,42.11,40.54,60.81,32.79,52.46
2026-05-20,9,11,2026-05-20 15:37:00,5,日刊スポーツちどり杯争奪戦,3,3684,清水 攻二,2,52,52.2,0,0,0.17,5.84,44,62,6.36,39.29,71.43,30,48.33,18.03,37.7
2026-05-20,9,11,2026-05-20 15:37:00,5,日刊スポーツちどり杯争奪戦,4,3743,林 美憲,1,51,52.1,0,0,0.15,6.09,46.81,60.64,8.3,70,100,38.6,50.88,35.38,53.85
2026-05-20,9,11,2026-05-20 15:37:00,5,日刊スポーツちどり杯争奪戦,5,4317,木村 紗友希,3,41,47.9,0,0,0.16,4.24,30.77,35.16,4.93,32.5,45,43.4,64.15,32.88,46.58
2026-05-20,9,11,2026-05-20 15:37:00,5,日刊スポーツちどり杯争奪戦,6,5050,木下 雄介,2,31,52,0,0,0.16,5.74,41.86,58.14,0,0,0,38.57,48.57,41.43,60
2026-05-20,9,12,2026-05-20 16:15:00,5,日刊スポーツちどり杯争奪戦,1,4083,福島 勇樹,1,46,52,0,0,0.14,7.53,62.5,78.91,6.45,55,70,24.56,43.86,37.5,56.94
2026-05-20,9,12,2026-05-20 16:15:00,5,日刊スポーツちどり杯争奪戦,2,4357,田中 和也,1,41,52.4,0,0,0.16,7.14,57.5,76.67,6.13,25,25,36.51,60.32,36.76,55.88
2026-05-20,9,12,2026-05-20 16:15:00,5,日刊スポーツちどり杯争奪戦,3,4759,今泉 友吾,1,36,52,0,0,0.15,6.9,44.32,70.45,6.2,40,60,36.62,49.3,35.71,54.29
2026-05-20,9,12,2026-05-20 16:15:00,5,日刊スポーツちどり杯争奪戦,4,4852,川原 祐明,1,31,52,0,0,0.15,7.08,53.17,73.02,6.05,38.1,61.9,42.31,58.97,19.05,42.86
2026-05-20,9,12,2026-05-20 16:15:00,5,日刊スポーツちどり杯争奪戦,5,5026,安河内 健,1,30,56.7,0,0,0.15,6.32,48.04,60.78,6.25,50,50,29.41,52.94,42.68,62.2
2026-05-20,9,12,2026-05-20 16:15:00,5,日刊スポーツちどり杯争奪戦,6,5256,中山 翔太,1,22,52,0,0,0.13,7.17,60.58,73.08,6.35,44.93,62.32,32.73,40,33.33,56.25
2026-05-20,11,1,2026-05-20 10:41:00,3,第70回結核予防事業協賛 秩父宮妃記念杯,1,5255,藤原 仙二,2,22,52.2,0,0,0.17,6.82,49.53,71.03,7.18,58.97,82.05,44.44,55.56,53.57,75
2026-05-20,11,1,2026-05-20 10:41:00,3,第70回結核予防事業協賛 秩父宮妃記念杯,2,4757,山田 祐也,1,36,52.5,0,0,0.13,7.26,53.04,71.3,7.17,50,83.33,40,56,33.33,55.56
2026-05-20,11,1,2026-05-20 10:41:00,3,第70回結核予防事業協賛 秩父宮妃記念杯,3,4156,浜野 孝志,2,45,56.7,0,0,0.14,5.38,31.63,53.06,6.12,44,64,25,53.57,44,64
2026-05-20,11,1,2026-05-20 10:41:00,3,第70回結核予防事業協賛 秩父宮妃記念杯,4,4590,渡邉 優美,1,33,47.8,0,0,0.16,6.19,36.45,54.21,9,75,75,43.48,52.17,38.46,53.85
2026-05-20,11,1,2026-05-20 10:41:00,3,第70回結核予防事業協賛 秩父宮妃記念杯,5,4977,馬野 耀,2,32,54.5,0,0,0.16,5.92,39.44,63.38,6.2,30,70,43.48,69.57,31.03,41.38
2026-05-20,11,1,2026-05-20 10:41:00,3,第70回結核予防事業協賛 秩父宮妃記念杯,6,4459,片岡 雅裕,1,40,52.6,0,0,0.12,6.16,37.38,50.47,6.69,40,57.14,40.74,55.56,54.55,63.64
2026-05-20,11,2,2026-05-20 11:09:00,3,第70回結核予防事業協賛 秩父宮妃記念杯,1,4611,今井 美亜,2,35,47,0,0,0.14,6.62,47.52,65.35,6.18,42.11,60.53,26.32,26.32,32,68
2026-05-20,11,2,2026-05-20 11:09:00,3,第70回結核予防事業協賛 秩父宮妃記念杯,2,4743,木村 仁紀,1,33,53,0,0,0.15,6.46,44.22,65.99,6.61,47.56,67.07,41.67,50,33.33,37.5
2026-05-20,11,2,2026-05-20 11:09:00,3,第70回結核予防事業協賛 秩父宮妃記念杯,3,5043,中村 日向,1,27,52.3,0,0,0.13,6.74,47.46,60.17,6.38,47.62,52.38,24,48,42.86,75
2026-05-20,11,2,2026-05-20 11:09:00,3,第70回結核予防事業協賛 秩父宮妃記念杯,4,4659,木下 翔太,1,35,53.6,0,0,0.14,7.16,49.22,71.88,6.38,37.5,62.5,53.85,61.54,27.27,31.82
2026-05-20,11,2,2026-05-20 11:09:00,3,第70回結核予防事業協賛 秩父宮妃記念杯,5,4227,安達 裕樹,2,43,52,0,0,0.15,6.17,40,56,6.27,36.59,58.54,50,62.5,34.62,57.69
2026-05-20,11,2,2026-05-20 11:09:00,3,第70回結核予防事業協賛 秩父宮妃記念杯,6,4925,森 悠稀,2,33,52,0,0,0.12,5.45,28.71,53.47,5.1,28.85,48.08,37.04,44.44,39.29,64.29
2026-05-20,11,3,2026-05-20 11:40:00,3,第70回結核予防事業協賛 秩父宮妃記念杯,1,5087,佐藤 航,2,26,52,0,0,0.15,6.96,58.77,71.93,7.68,58.82,82.35,26.09,47.83,30.77,61.54
2026-05-20,11,3,2026-05-20 11:40:00,3,第70回結核予防事業協賛 秩父宮妃記念杯,2,4737,竹井 貴史,2,34,52.6,0,0,0.16,7.55,62.71,80.51,0,0,0,21.74,43.48,55,60
2026-05-20,11,3,2026-05-20 11:40:00,3,第70回結核予防事業協賛 秩父宮妃記念杯,3,4188,久田 敏之,1,45,52,0,0,0.13,7.73,62.16,80.18,7.33,55.56,70.37,42.11,63.16,39.13,52.17
2026-05-20,11,3,2026-05-20 11:40:00,3,第70回結核予防事業協賛 秩父宮妃記念杯,4,4398,船岡 洋一郎,1,39,53.3,0,0,0.14,6.83,51.97,68.5,7.86,64.86,81.08,64,76,26.09,43.48
2026-05-20,11,3,2026-05-20 11:40:00,3,第70回結核予防事業協賛 秩父宮妃記念杯,5,4908,上田 龍星,1,30,52,0,0,0.14,6.69,45.54,64.29,6.31,41.38,51.72,38.89,55.56,21.05,31.58
2026-05-20,11,3,2026-05-20 11:40:00,3,第70回結核予防事業協賛 秩父宮妃記念杯,6,3942,寺田 祥,1,47,53.8,0,0,0.15,7.03,55.1,66.33,4.46,15.38,23.08,42.31,57.69,30.77,46.15
2026-05-20,11,4,2026-05-20 12:08:00,3,第70回結核予防事業協賛 秩父宮妃記念杯,1,4706,三浦 洋次朗,2,37,49,0,0,0.17,5.72,38.84,52.89,4.32,28.57,32.14,39.13,47.83,41.67,54.17
2026-05-20,11,4,2026-05-20 12:08:00,3,第70回結核予防事業協賛 秩父宮妃記念杯,2,4547,中田 竜太,1,38,51.5,0,0,0.15,6.78,42.61,67.83,5.79,39.29,50,38.46,69.23,17.39,30.43
2026-05-20,11,4,2026-05-20 12:08:00,3,第70回結核予防事業協賛 秩父宮妃記念杯,3,4856,豊田 健士郎,1,30,52.4,0,0,0.14,7.11,52.24,71.64,7.76,63.16,78.95,46.43,67.86,32,48
2026-05-20,11,4,2026-05-20 12:08:00,3,第70回結核予防事業協賛 秩父宮妃記念杯,4,4028,田村 隆信,1,48,58.4,0,0,0.15,6.6,49.14,62.07,6.45,45,57.5,36,68,61.9,71.43
2026-05-20,11,4,2026-05-20 12:08:00,3,第70回結核予防事業協賛 秩父宮妃記念杯,5,4019,笠原 亮,1,46,52.5,0,0,0.16,6.76,44.44,62.96,6.68,36,68,31.58,52.63,42.31,61.54
2026-05-20,11,4,2026-05-20 12:08:00,3,第70回結核予防事業協賛 秩父宮妃記念杯,6,4788,小池 哲也,2,36,52.4,0,0,0.15,5.76,36.75,64.1,6.92,52,72,33.33,37.5,20,36
2026-05-20,11,5,2026-05-20 12:36:00,3,第70回結核予防事業協賛 秩父宮妃記念杯,1,4958,溝口 海義也,2,30,54.5,0,0,0.14,6.4,43.9,63.41,6.48,37.04,66.67,50,70,34.62,46.15
2026-05-20,11,5,2026-05-20 12:36:00,3,第70回結核予防事業協賛 秩父宮妃記念杯,2,4266,長田 頼宗,1,40,52.2,0,0,0.14,6.66,46.73,59.81,5.38,19.23,34.62,34.48,44.83,30,50
2026-05-20,11,5,2026-05-20 12:36:00,3,第70回結核予防事業協賛 秩父宮妃記念杯,3,3918,深井 利寿,2,51,52,0,0,0.18,6.44,46.62,68.42,6.88,50.36,72.66,28.57,35.71,37.04,55.56
2026-05-20,11,5,2026-05-20 12:36:00,3,第70回結核予防事業協賛 秩父宮妃記念杯,4,4450,平高 奈菜,2,38,47.4,0,0,0.15,6.12,44.19,56.98,6.56,44.44,61.11,25.93,66.67,40.74,66.67
2026-05-20,11,5,2026-05-20 12:36:00,3,第70回結核予防事業協賛 秩父宮妃記念杯,5,4361,柳生 泰二,1,41,52,0,0,0.15,7.58,58.76,75.26,6.72,27.78,61.11,41.38,62.07,30.77,38.46
2026-05-20,11,5,2026-05-20 12:36:00,3,第70回結核予防事業協賛 秩父宮妃記念杯,6,4305,金子 拓矢,1,42,53,0,0,0.15,7.22,58.77,76.32,6.71,53.57,67.86,41.67,66.67,44.44,74.07
2026-05-20,11,6,2026-05-20 13:05:00,3,第70回結核予防事業協賛 秩父宮妃記念杯,1,4685,島村 隆幸,1,35,51.5,1,0,0.15,7.53,63.93,80.33,5.78,33.33,44.44,32,52,21.74,39.13
2026-05-20,11,6,2026-05-20 13:05:00,3,第70回結核予防事業協賛 秩父宮妃記念杯,2,5280,廣瀬 凜,2,23,52.2,0,0,0.17,6.91,52.5,75.83,5.6,32.93,56.1,33.33,51.85,25,62.5
2026-05-20,11,6,2026-05-20 13:05:00,3,第70回結核予防事業協賛 秩父宮妃記念杯,3,4991,宗行 治哉,2,28,51.5,0,0,0.18,6.4,44.44,66.67,5.87,41.3,52.17,36.84,57.89,47.62,61.9
2026-05-20,11,6,2026-05-20 13:05:00,3,第70回結核予防事業協賛 秩父宮妃記念杯,4,4237,大峯 豊,1,42,52,0,0,0.18,7.21,53.45,69.83,5.94,33.33,48.48,30.77,53.85,45.83,54.17
2026-05-20,11,6,2026-05-20 13:05:00,3,第70回結核予防事業協賛 秩父宮妃記念杯,5,5096,上原 崚,2,30,52,0,0,0.13,6.02,41.18,58.82,4.73,27.08,39.58,40,60,48,56
2026-05-20,11,6,2026-05-20 13:05:00,3,第70回結核予防事業協賛 秩父宮妃記念杯,6,4042,丸岡 正典,2,46,52.2,0,0,0.2,6.22,42.65,62.5,4.88,17.65,23.53,36,44,37.04,48.15
2026-05-20,11,7,2026-05-20 13:36:00,3,第70回結核予防事業協賛 秩父宮妃記念杯,1,4832,権藤 俊光,1,39,52,0,0,0.15,6.61,45.45,62.88,5.67,0,33.33,30,50,38.46,46.15
2026-05-20,11,7,2026-05-20 13:36:00,3,第70回結核予防事業協賛 秩父宮妃記念杯,2,4159,向後 龍一,2,44,52,0,0,0.15,5.89,41.86,59.69,6.11,47.73,56.82,25,41.67,43.48,60.87
2026-05-20,11,7,2026-05-20 13:36:00,3,第70回結核予防事業協賛 秩父宮妃記念杯,3,4743,木村 仁紀,1,33,53,0,0,0.15,6.46,44.22,65.99,6.61,47.56,67.07,41.67,50,33.33,37.5
2026-05-20,11,7,2026-05-20 13:36:00,3,第70回結核予防事業協賛 秩父宮妃記念杯,4,4188,久田 敏之,1,45,52,0,0,0.13,7.73,62.16,80.18,7.33,55.56,70.37,42.11,63.16,39.13,52.17
2026-05-20,11,7,2026-05-20 13:36:00,3,第70回結核予防事業協賛 秩父宮妃記念杯,5,4757,山田 祐也,1,36,52.5,0,0,0.13,7.26,53.04,71.3,7.17,50,83.33,40,56,33.33,55.56
2026-05-20,11,7,2026-05-20 13:36:00,3,第70回結核予防事業協賛 秩父宮妃記念杯,6,4441,末永 由楽,2,39,53.5,0,0,0.14,6.14,37.9,65.32,5.84,42.11,61.4,23.08,34.62,17.39,34.78
2026-05-20,11,8,2026-05-20 14:09:00,3,第70回結核予防事業協賛 秩父宮妃記念杯,1,4856,豊田 健士郎,1,30,52.4,0,0,0.14,7.11,52.24,71.64,7.76,63.16,78.95,46.43,67.86,32,48
2026-05-20,11,8,2026-05-20 14:09:00,3,第70回結核予防事業協賛 秩父宮妃記念杯,2,4590,渡邉 優美,1,33,47.8,0,0,0.16,6.19,36.45,54.21,9,75,75,43.48,52.17,38.46,53.85
2026-05-20,11,8,2026-05-20 14:09:00,3,第70回結核予防事業協賛 秩父宮妃記念杯,3,3942,寺田 祥,1,47,53.8,0,0,0.15,7.03,55.1,66.33,4.46,15.38,23.08,42.31,57.69,30.77,46.15
2026-05-20,11,8,2026-05-20 14:09:00,3,第70回結核予防事業協賛 秩父宮妃記念杯,4,4040,廣瀬 将亨,2,47,55.4,0,0,0.15,5.83,39.67,54.55,5.69,33.33,61.11,30.77,53.85,28.57,42.86
2026-05-20,11,8,2026-05-20 14:09:00,3,第70回結核予防事業協賛 秩父宮妃記念杯,5,5043,中村 日向,1,27,52.3,0,0,0.13,6.74,47.46,60.17,6.38,47.62,52.38,24,48,42.86,75
2026-05-20,11,8,2026-05-20 14:09:00,3,第70回結核予防事業協賛 秩父宮妃記念杯,6,4388,是澤 孝宏,2,40,52,0,0,0.18,5.95,39.13,58.7,6.42,47.68,63.58,57.69,65.38,20,40
2026-05-20,11,9,2026-05-20 14:44:00,3,第70回結核予防事業協賛 秩父宮妃記念杯,1,4361,柳生 泰二,1,41,52,0,0,0.15,7.58,58.76,75.26,6.72,27.78,61.11,41.38,62.07,30.77,38.46
2026-05-20,11,9,2026-05-20 14:44:00,3,第70回結核予防事業協賛 秩父宮妃記念杯,2,4659,木下 翔太,1,35,53.6,0,0,0.14,7.16,49.22,71.88,6.38,37.5,62.5,53.85,61.54,27.27,31.82
2026-05-20,11,9,2026-05-20 14:44:00,3,第70回結核予防事業協賛 秩父宮妃記念杯,3,4459,片岡 雅裕,1,40,52.6,0,0,0.12,6.16,37.38,50.47,6.69,40,57.14,40.74,55.56,54.55,63.64
2026-05-20,11,9,2026-05-20 14:44:00,3,第70回結核予防事業協賛 秩父宮妃記念杯,4,4816,村松 修二,2,35,56.5,0,0,0.15,5.68,39.29,58.33,5.29,35.71,50,21.74,39.13,59.09,68.18
2026-05-20,11,9,2026-05-20 14:44:00,3,第70回結核予防事業協賛 秩父宮妃記念杯,5,4547,中田 竜太,1,38,51.5,0,0,0.15,6.78,42.61,67.83,5.79,39.29,50,38.46,69.23,17.39,30.43
2026-05-20,11,9,2026-05-20 14:44:00,3,第70回結核予防事業協賛 秩父宮妃記念杯,6,4989,石原 翼,2,29,52,0,0,0.13,6,42.62,60.66,0,0,0,33.33,37.04,24,48
2026-05-20,11,10,2026-05-20 15:18:00,3,第70回結核予防事業協賛 秩父宮妃記念杯,1,4019,笠原 亮,1,46,52.5,0,0,0.16,6.76,44.44,62.96,6.68,36,68,31.58,52.63,42.31,61.54
2026-05-20,11,10,2026-05-20 15:18:00,3,第70回結核予防事業協賛 秩父宮妃記念杯,2,4305,金子 拓矢,1,42,53,0,0,0.15,7.22,58.77,76.32,6.71,53.57,67.86,41.67,66.67,44.44,74.07
2026-05-20,11,10,2026-05-20 15:18:00,3,第70回結核予防事業協賛 秩父宮妃記念杯,3,4908,上田 龍星,1,30,52,0,0,0.14,6.69,45.54,64.29,6.31,41.38,51.72,38.89,55.56,21.05,31.58
2026-05-20,11,10,2026-05-20 15:18:00,3,第70回結核予防事業協賛 秩父宮妃記念杯,4,4452,松尾 祭,2,38,52.3,0,0,0.17,5.39,36.07,49.18,5.12,29.41,58.82,25,37.5,28,52
2026-05-20,11,10,2026-05-20 15:18:00,3,第70回結核予防事業協賛 秩父宮妃記念杯,5,4685,島村 隆幸,1,35,51.5,1,0,0.15,7.53,63.93,80.33,5.78,33.33,44.44,32,52,21.74,39.13
2026-05-20,11,10,2026-05-20 15:18:00,3,第70回結核予防事業協賛 秩父宮妃記念杯,6,4769,馬場 剛,2,33,51.5,0,0,0.12,6.35,44.07,65.25,5.74,26.32,57.89,65.38,76.92,50,61.54
2026-05-20,11,11,2026-05-20 15:51:00,3,第70回結核予防事業協賛 秩父宮妃記念杯,1,4237,大峯 豊,1,42,52,0,0,0.18,7.21,53.45,69.83,5.94,33.33,48.48,30.77,53.85,45.83,54.17
2026-05-20,11,11,2026-05-20 15:51:00,3,第70回結核予防事業協賛 秩父宮妃記念杯,2,4398,船岡 洋一郎,1,39,53.3,0,0,0.14,6.83,51.97,68.5,7.86,64.86,81.08,64,76,26.09,43.48
2026-05-20,11,11,2026-05-20 15:51:00,3,第70回結核予防事業協賛 秩父宮妃記念杯,3,4028,田村 隆信,1,48,58.4,0,0,0.15,6.6,49.14,62.07,6.45,45,57.5,36,68,61.9,71.43
2026-05-20,11,11,2026-05-20 15:51:00,3,第70回結核予防事業協賛 秩父宮妃記念杯,4,4266,長田 頼宗,1,40,52.2,0,0,0.14,6.66,46.73,59.81,5.38,19.23,34.62,34.48,44.83,30,50
2026-05-20,11,11,2026-05-20 15:51:00,3,第70回結核予防事業協賛 秩父宮妃記念杯,5,4832,権藤 俊光,1,39,52,0,0,0.15,6.61,45.45,62.88,5.67,0,33.33,30,50,38.46,46.15
2026-05-20,11,11,2026-05-20 15:51:00,3,第70回結核予防事業協賛 秩父宮妃記念杯,6,5029,中 亮太,2,29,53.1,0,0,0.13,6.79,54.05,68.47,7.13,63.33,73.33,29.41,52.94,64,68
2026-05-20,11,12,2026-05-20 16:26:00,3,第70回結核予防事業協賛 秩父宮妃記念杯,1,4166,吉田 拡郎,1,44,52.8,0,0,0.12,6.98,48.39,67.74,7.68,52,72,51.72,72.41,50,57.14
2026-05-20,11,12,2026-05-20 16:26:00,3,第70回結核予防事業協賛 秩父宮妃記念杯,2,3959,坪井 康晴,1,48,52.5,0,0,0.14,7.18,50.91,68.18,7.52,44,68,23.08,30.77,33.33,47.62
2026-05-20,11,12,2026-05-20 16:26:00,3,第70回結核予防事業協賛 秩父宮妃記念杯,3,4044,湯川 浩司,1,46,52.5,0,0,0.13,6.83,44.62,63.85,6.53,47.37,52.63,32,44,37.5,50
2026-05-20,11,12,2026-05-20 16:26:00,3,第70回結核予防事業協賛 秩父宮妃記念杯,4,4604,岩瀬 裕亮,1,37,52.1,0,0,0.15,7.07,48.06,65.89,8,64.29,82.14,34.62,46.15,40,60
2026-05-20,11,12,2026-05-20 16:26:00,3,第70回結核予防事業協賛 秩父宮妃記念杯,5,4762,藤原 啓史朗,1,36,50.5,0,0,0.12,6.97,48.7,69.57,7,48.28,62.07,36,56,39.29,50
2026-05-20,11,12,2026-05-20 16:26:00,3,第70回結核予防事業協賛 秩父宮妃記念杯,6,5017,澤田 尚也,1,27,52.2,0,0,0.13,6.57,48.72,60.68,7.06,55.96,74.31,25,50,40.91,54.55
2026-05-20,14,1,2026-05-20 08:32:00,5,スマホのアプリ「Novil★ラボ!」杯競走,1,4052,興津 藍,2,45,50,0,0,0.16,5.88,37.82,59.66,5.96,41.3,60.14,55.56,77.78,23.53,47.06
2026-05-20,14,1,2026-05-20 08:32:00,5,スマホのアプリ「Novil★ラボ!」杯競走,2,4871,菊池 宏志,3,33,52,0,0,0.17,4.71,26.74,44.19,4.57,23.81,42.86,10.71,14.29,22.73,36.36
2026-05-20,14,1,2026-05-20 08:32:00,5,スマホのアプリ「Novil★ラボ!」杯競走,3,3953,志道 吉和,3,49,53,0,0,0.2,3.24,11.76,20.59,3.53,6.67,33.33,35.29,41.18,42.86,60.71
2026-05-20,14,1,2026-05-20 08:32:00,5,スマホのアプリ「Novil★ラボ!」杯競走,4,3647,伊藤 雄二,3,53,50,0,0,0.19,3.5,11.76,28.43,3.8,20,40,25.93,40.74,6.67,6.67
2026-05-20,14,1,2026-05-20 08:32:00,5,スマホのアプリ「Novil★ラボ!」杯競走,5,4143,浦田 晃嗣,3,44,55.4,0,0,0.16,4.01,17.28,35.8,7.38,62.5,75,31.25,56.25,47.06,64.71
2026-05-20,14,1,2026-05-20 08:32:00,5,スマホのアプリ「Novil★ラボ!」杯競走,6,3475,橋本 久和,3,55,52,0,0,0.19,5.67,37.23,53.19,0,0,0,42.86,50,14.29,35.71
2026-05-20,14,2,2026-05-20 08:58:00,5,スマホのアプリ「Novil★ラボ!」杯競走,1,4415,下出 卓矢,2,39,54.9,0,0,0.13,6.41,52.43,60.19,5.63,33.33,51.85,13.33,33.33,31.25,56.25
2026-05-20,14,2,2026-05-20 08:58:00,5,スマホのアプリ「Novil★ラボ!」杯競走,2,4179,広次 修,3,43,52,0,0,0.16,5.82,37.62,61.39,4.91,30.43,52.17,21.43,39.29,37.04,59.26
2026-05-20,14,2,2026-05-20 08:58:00,5,スマホのアプリ「Novil★ラボ!」杯競走,3,4702,三浦 敬太,1,38,52.1,0,0,0.14,6.05,49.02,59.8,6.29,42.86,71.43,22.22,51.85,32,48
2026-05-20,14,2,2026-05-20 08:58:00,5,スマホのアプリ「Novil★ラボ!」杯競走,4,3459,中野 和裕,3,59,52.5,0,0,0.17,3.67,12.35,27.16,3,0,14.29,25.93,51.85,33.33,56.67
2026-05-20,14,2,2026-05-20 08:58:00,5,スマホのアプリ「Novil★ラボ!」杯競走,5,4055,吉田 俊彦,1,47,52,0,0,0.15,5.98,39.71,55.88,5.85,44.44,51.85,68.75,81.25,16.67,33.33
2026-05-20,14,2,2026-05-20 08:58:00,5,スマホのアプリ「Novil★ラボ!」杯競走,6,3664,鈴木 賢一,3,56,54.4,0,0,0.17,4.64,23.08,48.35,5.1,20,50,38.46,61.54,43.33,63.33
2026-05-20,14,3,2026-05-20 09:24:00,5,スマホのアプリ「Novil★ラボ!」杯競走,1,4381,田路 朋史,2,41,52,0,0,0.17,5.57,37.5,52.88,5.48,39.39,54.55,23.08,42.31,16,20
2026-05-20,14,3,2026-05-20 09:24:00,5,スマホのアプリ「Novil★ラボ!」杯競走,2,5041,荒牧 凪沙,3,27,52,0,0,0.16,4.54,23.88,37.31,5.4,40,40,25,45,18.52,33.33
2026-05-20,14,3,2026-05-20 09:24:00,5,スマホのアプリ「Novil★ラボ!」杯競走,3,4973,栗原 直也,2,33,52,1,0,0.18,5.02,32.17,45.22,6,38.46,69.23,11.54,15.38,41.18,47.06
2026-05-20,14,3,2026-05-20 09:24:00,5,スマホのアプリ「Novil★ラボ!」杯競走,4,3742,宮地 秀祈,3,51,52,0,0,0.18,4.52,24.05,40.51,5.11,44.44,55.56,46.43,57.14,40.74,62.96
2026-05-20,14,3,2026-05-20 09:24:00,5,スマホのアプリ「Novil★ラボ!」杯競走,5,4648,木村 亮太,3,42,52,0,0,0.15,4.4,24.39,37.8,4.35,26.09,34.78,42.31,65.38,40,46.67
2026-05-20,14,3,2026-05-20 09:24:00,5,スマホのアプリ「Novil★ラボ!」杯競走,6,3477,近藤 稔也,3,55,52.6,0,0,0.19,4.01,12.9,33.33,4.8,27.87,45.9,20,20,40,52
2026-05-20,14,4,2026-05-20 09:50:00,5,スマホのアプリ「Novil★ラボ!」杯競走,1,4903,吉田 凌太朗,1,32,51.5,0,0,0.15,6.8,52.94,69.61,6.05,42.11,63.16,23.53,64.71,20.83,33.33
2026-05-20,14,4,2026-05-20 09:50:00,5,スマホのアプリ「Novil★ラボ!」杯競走,2,3790,佐口 達也,3,53,52.1,0,0,0.2,4.64,23.16,45.26,0,0,0,29.17,50,58.82,64.71
2026-05-20,14,4,2026-05-20 09:50:00,5,スマホのアプリ「Novil★ラボ!」杯競走,3,3692,竹腰 正樹,2,55,52,0,0,0.13,4.53,22.34,45.74,5.86,57.14,57.14,54.55,68.18,40.91,59.09
2026-05-20,14,4,2026-05-20 09:50:00,5,スマホのアプリ「Novil★ラボ!」杯競走,4,4506,稗田 聖也,3,38,52,0,0,0.14,6.65,56.04,69.23,7.21,57.89,78.95,66.67,66.67,18.75,37.5
2026-05-20,14,4,2026-05-20 09:50:00,5,スマホのアプリ「Novil★ラボ!」杯競走,5,4031,飯島 誠,3,47,52.5,0,0,0.17,4.68,29.03,44.09,3.55,10,30,13.33,26.67,16.13,29.03
2026-05-20,14,4,2026-05-20 09:50:00,5,スマホのアプリ「Novil★ラボ!」杯競走,6,3909,佐々木 康幸,1,52,54.2,0,0,0.11,6.65,50.44,66.37,6.39,55.56,55.56,29.41,47.06,43.75,56.25
2026-05-20,14,5,2026-05-20 10:18:00,5,スマホのアプリ「Novil★ラボ!」杯競走,1,4572,渡部 悟,2,37,55.4,0,0,0.14,5.21,33.64,49.53,6.94,58.82,82.35,15.79,36.84,26.67,33.33
2026-05-20,14,5,2026-05-20 10:18:00,5,スマホのアプリ「Novil★ラボ!」杯競走,2,4957,竹之内 極,3,30,54.4,0,0,0.17,5.53,34.02,56.7,5.75,50,62.5,69.23,73.08,37.5,37.5
2026-05-20,14,5,2026-05-20 10:18:00,5,スマホのアプリ「Novil★ラボ!」杯競走,3,5172,田村 慶,3,25,52.8,0,0,0.2,4.68,24.32,39.19,5.49,34.67,53.33,15.38,38.46,38.46,57.69
2026-05-20,14,5,2026-05-20 10:18:00,5,スマホのアプリ「Novil★ラボ!」杯競走,4,3489,大場 敏,2,59,52.3,0,0,0.16,5.79,36.89,56.56,5.95,44.74,65.79,25,32.14,31.82,45.45
2026-05-20,14,5,2026-05-20 10:18:00,5,スマホのアプリ「Novil★ラボ!」杯競走,5,3814,金子 貴志,3,50,51.5,0,0,0.17,5.01,31.91,47.87,5,22.73,40.91,18.75,50,12.5,56.25
2026-05-20,14,5,2026-05-20 10:18:00,5,スマホのアプリ「Novil★ラボ!」杯競走,6,4532,秋元 哲,1,37,52,1,0,0.13,7.23,58.59,73.44,7,63.64,63.64,40,56,29.41,64.71
2026-05-20,14,6,2026-05-20 10:45:00,5,スマホのアプリ「Novil★ラボ!」杯競走,1,5002,上田 健太,2,30,52.5,0,0,0.15,5.91,40.37,62.39,5.19,25,56.25,43.48,52.17,26.92,30.77
2026-05-20,14,6,2026-05-20 10:45:00,5,スマホのアプリ「Novil★ラボ!」杯競走,2,4143,浦田 晃嗣,3,44,55.4,0,0,0.16,4.01,17.28,35.8,7.38,62.5,75,31.25,56.25,47.06,64.71
2026-05-20,14,6,2026-05-20 10:45:00,5,スマホのアプリ「Novil★ラボ!」杯競走,3,3715,倉尾 大介,2,51,53,0,0,0.15,5.31,28.4,53.09,0,0,0,33.33,44.44,23.08,38.46
2026-05-20,14,6,2026-05-20 10:45:00,5,スマホのアプリ「Novil★ラボ!」杯競走,4,3613,角谷 健吾,1,53,51,0,0,0.15,6.06,47.06,61.34,5.88,50,50,18.75,31.25,25,43.75
2026-05-20,14,6,2026-05-20 10:45:00,5,スマホのアプリ「Novil★ラボ!」杯競走,5,4660,宇田川 信一,4,34,52.3,0,0,0.22,4.05,22.5,32.5,4.75,25,50,29.63,51.85,33.33,50
2026-05-20,14,6,2026-05-20 10:45:00,5,スマホのアプリ「Novil★ラボ!」杯競走,6,5388,佐野 優都,3,19,52.3,1,0,0.15,4.27,21.65,37.11,4.29,22.03,42.37,20,44,82.35,88.24
2026-05-20,14,7,2026-05-20 11:14:00,5,スマホのアプリ「Novil★ラボ!」杯競走,1,3664,鈴木 賢一,3,56,54.4,0,0,0.17,4.64,23.08,48.35,5.1,20,50,38.46,61.54,43.33,63.33
2026-05-20,14,7,2026-05-20 11:14:00,5,スマホのアプリ「Novil★ラボ!」杯競走,2,3459,中野 和裕,3,59,52.5,0,0,0.17,3.67,12.35,27.16,3,0,14.29,25.93,51.85,33.33,56.67
2026-05-20,14,7,2026-05-20 11:14:00,5,スマホのアプリ「Novil★ラボ!」杯競走,3,3747,國崎 良春,3,51,52,0,0,0.17,5.38,36.36,59.09,5.75,38.6,59.65,18.75,25,46.43,64.29
2026-05-20,14,7,2026-05-20 11:14:00,5,スマホのアプリ「Novil★ラボ!」杯競走,4,5041,荒牧 凪沙,3,27,52,0,0,0.16,4.54,23.88,37.31,5.4,40,40,25,45,18.52,33.33
2026-05-20,14,7,2026-05-20 11:14:00,5,スマホのアプリ「Novil★ラボ!」杯競走,5,3956,横澤 剛治,1,48,55.4,0,0,0.15,6.13,42.57,57.43,6.21,34.88,55.81,35.71,60.71,19.23,38.46
2026-05-20,14,7,2026-05-20 11:14:00,5,スマホのアプリ「Novil★ラボ!」杯競走,6,4793,金子 萌,2,36,52,0,0,0.14,6.23,46.9,65.49,6.35,41.18,64.71,30.77,42.31,35.71,50
2026-05-20,14,8,2026-05-20 11:43:00,5,スマホのアプリ「Novil★ラボ!」杯競走,1,3475,橋本 久和,3,55,52,0,0,0.19,5.67,37.23,53.19,0,0,0,42.86,50,14.29,35.71
2026-05-20,14,8,2026-05-20 11:43:00,5,スマホのアプリ「Novil★ラボ!」杯競走,2,4295,小坂 尚哉,1,39,52,0,0,0.15,7.07,53.66,75.61,7.27,46.67,73.33,25.93,48.15,29.17,41.67
2026-05-20,14,8,2026-05-20 11:43:00,5,スマホのアプリ「Novil★ラボ!」杯競走,3,5033,藤原 孝斗,3,28,52,0,0,0.19,4.49,24.68,36.36,3.38,25,25,6.25,50,43.33,50
2026-05-20,14,8,2026-05-20 11:43:00,5,スマホのアプリ「Novil★ラボ!」杯競走,4,4015,前野 竜一,2,46,57.5,0,0,0.16,6.14,40.52,64.66,5.5,32.35,61.76,37.5,43.75,29.03,54.84
2026-05-20,14,8,2026-05-20 11:43:00,5,スマホのアプリ「Novil★ラボ!」杯競走,5,4890,石川 諒,3,37,52,0,0,0.13,5.82,36.17,63.83,5.2,28.57,45.71,37.04,37.04,14.29,35.71
2026-05-20,14,8,2026-05-20 11:43:00,5,スマホのアプリ「Novil★ラボ!」杯競走,6,3742,宮地 秀祈,3,51,52,0,0,0.18,4.52,24.05,40.51,5.11,44.44,55.56,46.43,57.14,40.74,62.96
2026-05-20,14,9,2026-05-20 12:15:00,5,スマホのアプリ「Novil★ラボ!」杯競走,1,3477,近藤 稔也,3,55,52.8,0,0,0.19,4.01,12.9,33.33,4.8,27.87,45.9,20,20,40,52
2026-05-20,14,9,2026-05-20 12:15:00,5,スマホのアプリ「Novil★ラボ!」杯競走,2,4031,飯島 誠,3,47,52.2,0,0,0.17,4.68,29.03,44.09,3.55,10,30,13.33,26.67,16.13,29.03
2026-05-20,14,9,2026-05-20 12:15:00,5,スマホのアプリ「Novil★ラボ!」杯競走,3,5219,森口 和紀,4,25,52.1,0,0,0.17,4.75,31.94,44.44,3.79,15.79,31.58,46.43,60.71,20,33.33
2026-05-20,14,9,2026-05-20 12:15:00,5,スマホのアプリ「Novil★ラボ!」杯競走,4,4179,広次 修,3,43,51.5,0,0,0.16,5.82,37.62,61.39,4.91,30.43,52.17,21.43,39.29,37.04,59.26
2026-05-20,14,9,2026-05-20 12:15:00,5,スマホのアプリ「Novil★ラボ!」杯競走,5,3790,佐口 達也,3,53,52.6,0,0,0.2,4.64,23.16,45.26,0,0,0,29.17,50,58.82,64.71
2026-05-20,14,9,2026-05-20 12:15:00,5,スマホのアプリ「Novil★ラボ!」杯競走,6,5172,田村 慶,3,25,52,0,0,0.2,4.68,24.32,39.19,5.49,34.67,53.33,15.38,38.46,38.46,57.69
2026-05-20,14,10,2026-05-20 12:46:00,5,スマホのアプリ「Novil★ラボ!」杯競走,1,3909,佐々木 康幸,1,52,54.2,0,0,0.11,6.65,50.44,66.37,6.39,55.56,55.56,29.41,47.06,43.75,56.25
2026-05-20,14,10,2026-05-20 12:46:00,5,スマホのアプリ「Novil★ラボ!」杯競走,2,4055,吉田 俊彦,1,47,52,0,0,0.15,5.98,39.71,55.88,5.85,44.44,51.85,68.75,81.25,16.67,33.33
2026-05-20,14,10,2026-05-20 12:46:00,5,スマホのアプリ「Novil★ラボ!」杯競走,3,3489,大場 敏,2,59,52.3,0,0,0.16,5.79,36.89,56.56,5.95,44.74,65.79,25,32.14,31.82,45.45
2026-05-20,14,10,2026-05-20 12:46:00,5,スマホのアプリ「Novil★ラボ!」杯競走,4,4702,三浦 敬太,1,38,52.1,0,0,0.14,6.05,49.02,59.8,6.29,42.86,71.43,22.22,51.85,32,48
2026-05-20,14,10,2026-05-20 12:46:00,5,スマホのアプリ「Novil★ラボ!」杯競走,5,5002,上田 健太,2,30,52.5,0,0,0.15,5.91,40.37,62.39,5.19,25,56.25,43.48,52.17,26.92,30.77
2026-05-20,14,10,2026-05-20 12:46:00,5,スマホのアプリ「Novil★ラボ!」杯競走,6,4381,田路 朋史,2,41,52,0,0,0.17,5.57,37.5,52.88,5.48,39.39,54.55,23.08,42.31,16,20
2026-05-20,14,11,2026-05-20 13:22:00,5,スマホのアプリ「Novil★ラボ!」杯競走,1,4793,金子 萌,2,36,52,0,0,0.14,6.23,46.9,65.49,6.35,41.18,64.71,30.77,42.31,35.71,50
2026-05-20,14,11,2026-05-20 13:22:00,5,スマホのアプリ「Novil★ラボ!」杯競走,2,4648,木村 亮太,3,42,52,0,0,0.15,4.4,24.39,37.8,4.35,26.09,34.78,42.31,65.38,40,46.67
2026-05-20,14,11,2026-05-20 13:22:00,5,スマホのアプリ「Novil★ラボ!」杯競走,3,4506,稗田 聖也,3,38,52,0,0,0.14,6.65,56.04,69.23,7.21,57.89,78.95,66.67,66.67,18.75,37.5
2026-05-20,14,11,2026-05-20 13:22:00,5,スマホのアプリ「Novil★ラボ!」杯競走,4,3715,倉尾 大介,2,51,53,0,0,0.15,5.31,28.4,53.09,0,0,0,33.33,44.44,23.08,38.46
2026-05-20,14,11,2026-05-20 13:22:00,5,スマホのアプリ「Novil★ラボ!」杯競走,5,4052,興津 藍,2,45,50,0,0,0.16,5.88,37.82,59.66,5.96,41.3,60.14,55.56,77.78,23.53,47.06
2026-05-20,14,11,2026-05-20 13:22:00,5,スマホのアプリ「Novil★ラボ!」杯競走,6,4572,渡部 悟,2,37,55.4,0,0,0.14,5.21,33.64,49.53,6.94,58.82,82.35,15.79,36.84,26.67,33.33
2026-05-20,14,12,2026-05-20 14:01:00,5,スマホのアプリ「Novil★ラボ!」杯競走,1,4532,秋元 哲,1,37,52,1,0,0.13,7.23,58.59,73.44,7,63.64,63.64,40,56,29.41,64.71
2026-05-20,14,12,2026-05-20 14:01:00,5,スマホのアプリ「Novil★ラボ!」杯競走,2,3956,横澤 剛治,1,48,55.4,0,0,0.15,6.13,42.57,57.43,6.21,34.88,55.81,35.71,60.71,19.23,38.46
2026-05-20,14,12,2026-05-20 14:01:00,5,スマホのアプリ「Novil★ラボ!」杯競走,3,3613,角谷 健吾,1,53,51,0,0,0.15,6.06,47.06,61.34,5.88,50,50,18.75,31.25,25,43.75
2026-05-20,14,12,2026-05-20 14:01:00,5,スマホのアプリ「Novil★ラボ!」杯競走,4,4903,吉田 凌太朗,1,32,51.5,0,0,0.15,6.8,52.94,69.61,6.05,42.11,63.16,23.53,64.71,20.83,33.33
2026-05-20,14,12,2026-05-20 14:01:00,5,スマホのアプリ「Novil★ラボ!」杯競走,5,4295,小坂 尚哉,1,39,52,0,0,0.15,7.07,53.66,75.61,7.27,46.67,73.33,25.93,48.15,29.17,41.67
2026-05-20,14,12,2026-05-20 14:01:00,5,スマホのアプリ「Novil★ラボ!」杯競走,6,4415,下出 卓矢,2,39,54.9,0,0,0.13,6.41,52.43,60.19,5.63,33.33,51.85,13.33,33.33,31.25,56.25
2026-05-20,15,1,2026-05-20 15:24:00,5,ふじむら杯,1,3411,池上 隆行,3,56,51,0,0,0.18,3.7,11.24,26.97,4.8,20,20,38.61,51.27,29.17,48.96
2026-05-20,15,1,2026-05-20 15:24:00,5,ふじむら杯,2,3741,松尾 基成,3,52,55.4,0,0,0.19,3.53,16.48,25.27,3.56,18.75,25,38.55,56.63,30,44.74
2026-05-20,15,1,2026-05-20 15:24:00,5,ふじむら杯,3,3809,吉田 光,3,50,51,0,0,0.17,4.15,13.85,40,3.05,5.26,15.79,38.51,63.51,31.72,50
2026-05-20,15,1,2026-05-20 15:24:00,5,ふじむら杯,4,4368,山口 隆史,3,40,53,0,0,0.19,3.75,14.77,27.27,5.35,45,55,36.48,55.35,37.63,49.48
2026-05-20,15,1,2026-05-20 15:24:00,5,ふじむら杯,5,4177,萬 正嗣,3,43,55.8,0,0,0.17,4.5,24.36,42.31,2.2,0,20,34.15,49.39,32.69,50.64
2026-05-20,15,1,2026-05-20 15:24:00,5,ふじむら杯,6,5453,久保 翔耶,4,20,52.1,0,0,,0,0,0,0,0,0,29.94,49.04,34.34,48.48
2026-05-20,15,2,2026-05-20 15:59:00,5,ふじむら杯,1,3297,藤丸 光一,3,59,50,0,0,0.18,4.46,20.29,42.03,4.82,31.82,50,29.41,45.29,28.04,50.26
2026-05-20,15,2,2026-05-20 15:59:00,5,ふじむら杯,2,4390,松本 弓雄,3,40,52.1,0,0,0.21,4.41,20.59,37.25,4.75,25,50,36.97,52.73,47.59,63.64
2026-05-20,15,2,2026-05-20 15:59:00,5,ふじむら杯,3,4174,赤坂 俊輔,1,43,52,0,0,0.16,6.31,41.18,65.44,6.16,40.54,59.46,36.67,52,34.57,51.6
2026-05-20,15,2,2026-05-20 15:59:00,5,ふじむら杯,4,5154,村松 栄太,3,29,52.7,0,0,0.19,4.77,22.64,44.34,3.96,17.86,32.14,38.65,53.37,28.8,45.11
2026-05-20,15,2,2026-05-20 15:59:00,5,ふじむら杯,5,5139,大場 恒季,2,25,52,0,0,0.14,6.39,46.15,60.58,0,0,0,28.95,44.08,33.33,44.62
2026-05-20,15,2,2026-05-20 15:59:00,5,ふじむら杯,6,4567,上村 慎太郎,3,38,51.5,0,0,0.22,4.01,12.33,34.25,0,0,0,41.18,62.75,34.02,48.97
2026-05-20,15,3,2026-05-20 16:37:00,5,ふじむら杯,1,4041,小林 基樹,4,46,52.6,0,0,0.22,4.49,21.62,37.84,3.9,24.14,34.48,29.22,40.26,27.96,41.4
2026-05-20,15,3,2026-05-20 16:37:00,5,ふじむら杯,2,5044,渡邉 健,3,27,57.9,0,0,0.14,4.32,25.29,39.08,5.31,38.46,53.85,26.58,38.61,36.92,50.77
2026-05-20,15,3,2026-05-20 16:37:00,5,ふじむら杯,3,4002,古結 宏,1,48,52,0,0,0.15,6.51,46.09,63.48,7.37,63.16,68.42,27.27,47.88,30.81,44.32
2026-05-20,15,3,2026-05-20 16:37:00,5,ふじむら杯,4,5032,谷口 知優,3,28,52,0,0,0.15,5.41,33.02,54.72,5.57,35.8,54.32,37.5,52.5,26.88,39.78
2026-05-20,15,3,2026-05-20 16:37:00,5,ふじむら杯,5,4259,真庭 明志,2,42,52,0,0,0.15,5.75,40.15,59.09,5.48,29.55,47.73,46.2,61.39,32.46,53.93
2026-05-20,15,3,2026-05-20 16:37:00,5,ふじむら杯,6,4557,松尾 光広,3,36,52.1,0,0,0.17,4.11,15.38,38.46,5,50,50,36.42,53.09,36.55,54.31
2026-05-20,15,4,2026-05-20 17:11:00,5,ふじむら杯,1,3771,折下 寛法,3,52,51.5,0,0,0.16,5.16,31.03,51.72,5.79,36.84,57.89,53.9,73.38,28.04,42.86
2026-05-20,15,4,2026-05-20 17:11:00,5,ふじむら杯,2,3304,烏野 賢太,2,58,52,0,0,0.17,6.31,41.54,66.92,5.73,35,48.33,36.71,55.06,43.81,60.82
2026-05-20,15,4,2026-05-20 17:11:00,5,ふじむら杯,3,3557,太田 和美,1,53,52.7,0,0,0.15,6.86,51.75,68.53,7.95,73.68,89.47,32.3,44.72,29.12,48.35
2026-05-20,15,4,2026-05-20 17:11:00,5,ふじむら杯,4,4697,國弘 翔平,3,39,50.5,0,0,0.18,4.2,22.73,34.09,2.83,0,33.33,40.52,58.82,28.09,42.13
2026-05-20,15,4,2026-05-20 17:11:00,5,ふじむら杯,5,3880,浅見 宗孝,3,53,54.8,1,0,0.18,4.49,23.16,38.95,0,0,0,45.58,62.59,19.66,38.76
2026-05-20,15,4,2026-05-20 17:11:00,5,ふじむら杯,6,5392,安武 一也,4,25,52,0,0,0.2,1.51,1.35,1.35,0,0,0,47.02,64.9,35.94,52.6
2026-05-20,15,5,2026-05-20 17:36:00,5,ふじむら杯,1,5268,山本 幸也,3,25,55.2,0,0,0.23,3.77,19.18,28.77,1.85,0,7.69,39.19,56.76,38.97,53.85
2026-05-20,15,5,2026-05-20 17:36:00,5,ふじむら杯,2,3906,飯山 晃三,3,48,58.9,0,0,0.18,4.31,27.1,41.12,4.44,29.63,48.15,44.81,64.94,37.44,51.28
2026-05-20,15,5,2026-05-20 17:36:00,5,ふじむら杯,3,3224,栗山 繁洋,3,61,52,0,0,0.19,3.69,12.82,29.49,4.33,22.22,33.33,38.51,56.52,27.66,46.81
2026-05-20,15,5,2026-05-20 17:36:00,5,ふじむら杯,4,3612,馬袋 義則,1,53,52.5,0,0,0.13,6.42,51.13,66.92,6.18,45.45,63.64,29.75,48.73,28.65,44.32
2026-05-20,15,5,2026-05-20 17:36:00,5,ふじむら杯,5,4538,笠置 博之,2,35,53.4,0,0,0.14,6.39,50.85,62.71,6.42,47.37,68.42,26.62,40.26,24.73,39.56
2026-05-20,15,5,2026-05-20 17:36:00,5,ふじむら杯,6,3859,多羅尾 達之,3,52,50.5,0,0,0.15,4.46,28.17,40.85,3.78,16.67,27.78,28.31,46.99,42.86,64.55
2026-05-20,15,6,2026-05-20 18:03:00,5,ふじむら杯,1,3641,一瀬 明,2,54,52,0,0,0.16,6.56,47.41,66.38,6.11,52.63,63.16,37.75,52.98,36.98,55.21
2026-05-20,15,6,2026-05-20 18:03:00,5,ふじむら杯,2,3300,川崎 智幸,1,59,53.2,0,0,0.15,5.74,40,57.5,6.5,50,65,24.84,38.22,29.79,39.89
2026-05-20,15,6,2026-05-20 18:03:00,5,ふじむら杯,3,3568,木村 光宏,3,55,52.9,0,0,0.17,4.21,23.33,38.89,5.27,31.37,55.88,39.07,53.64,34.2,47.67
2026-05-20,15,6,2026-05-20 18:03:00,5,ふじむら杯,4,4872,山下 流心,3,33,52.6,0,0,0.16,4.43,24.53,38.68,5.2,23.33,50,30.38,46.2,33.68,49.74
2026-05-20,15,6,2026-05-20 18:03:00,5,ふじむら杯,5,5453,久保 翔耶,4,20,52.1,0,0,,0,0,0,0,0,0,29.94,49.04,34.34,48.48
2026-05-20,15,6,2026-05-20 18:03:00,5,ふじむら杯,6,5141,大澤 風葵,2,25,52,0,0,0.12,6.76,57.78,73.33,0,0,0,35.67,58.6,40.4,57.58
2026-05-20,15,7,2026-05-20 18:28:00,5,ふじむら杯,1,4817,渡邉 翼,2,35,50.5,0,0,0.13,6.52,50,68.27,4.62,15.38,46.15,35.19,55.56,36.84,54.21
2026-05-20,15,7,2026-05-20 18:28:00,5,ふじむら杯,2,3554,仲口 博崇,1,53,52.1,0,0,0.18,6.58,51.82,70.8,6.45,60,70,26.45,43.87,43.39,59.79
2026-05-20,15,7,2026-05-20 18:28:00,5,ふじむら杯,3,5154,村松 栄太,3,29,52.7,0,0,0.19,4.77,22.64,44.34,3.96,17.86,32.14,38.65,53.37,28.8,45.11
2026-05-20,15,7,2026-05-20 18:28:00,5,ふじむら杯,4,3809,吉田 光,3,50,51,0,0,0.17,4.15,13.85,40,3.05,5.26,15.79,38.51,63.51,31.72,50
2026-05-20,15,7,2026-05-20 18:28:00,5,ふじむら杯,5,4557,松尾 光広,3,36,52.1,0,0,0.17,4.11,15.38,38.46,5,50,50,36.42,53.09,36.55,54.31
2026-05-20,15,7,2026-05-20 18:28:00,5,ふじむら杯,6,4967,中村 魁生,1,27,52,0,0,0.12,6.81,50,69.32,5.67,38.89,55.56,28.57,43.51,30,48.42
2026-05-20,15,8,2026-05-20 18:54:00,5,ふじむら杯,1,4437,中田 元泰,1,39,52.3,0,0,0.16,5.81,44.25,56.64,6.16,46.94,59.86,23.9,43.4,39.29,54.59
2026-05-20,15,8,2026-05-20 18:54:00,5,ふじむら杯,2,3550,都築 正治,2,54,52.2,0,0,0.16,5.49,39.17,52.5,4,20,26.67,28.19,46.31,35.42,52.6
2026-05-20,15,8,2026-05-20 18:54:00,5,ふじむら杯,3,4092,岡部 大輔,3,45,52.2,0,0,0.14,4.95,29.35,45.65,5.73,27.27,72.73,38.06,47.74,29.32,42.41
2026-05-20,15,8,2026-05-20 18:54:00,5,ふじむら杯,4,4259,真庭 明志,2,42,52,0,0,0.15,5.75,40.15,59.09,5.48,29.55,47.73,46.2,61.39,32.46,53.93
2026-05-20,15,8,2026-05-20 18:54:00,5,ふじむら杯,5,3741,松尾 基成,3,52,55.4,0,0,0.19,3.53,16.48,25.27,3.56,18.75,25,38.55,56.63,30,44.74
2026-05-20,15,8,2026-05-20 18:54:00,5,ふじむら杯,6,4697,國弘 翔平,3,39,50.5,0,0,0.18,4.2,22.73,34.09,2.83,0,33.33,40.52,58.82,28.09,42.13
2026-05-20,15,9,2026-05-20 19:23:00,5,ふじむら杯,1,4931,木谷 賢太,1,30,52,0,0,0.14,6.81,45.83,76.67,6.74,48.15,68.52,44.16,59.74,32.09,51.34
2026-05-20,15,9,2026-05-20 19:23:00,5,ふじむら杯,2,4041,小林 基樹,4,46,52.6,0,0,0.22,4.49,21.62,37.84,3.9,24.14,34.48,29.22,40.26,27.96,41.4
2026-05-20,15,9,2026-05-20 19:23:00,5,ふじむら杯,3,5054,佐々木 大河,2,30,52,0,0,0.14,6.33,44.44,68.69,5.44,44.44,55.56,45.22,61.78,35.53,52.79
2026-05-20,15,9,2026-05-20 19:23:00,5,ふじむら杯,4,3251,平石 和男,2,59,51,0,0,0.19,5.72,39.53,58.14,5.82,40,55.56,37.65,61.11,44.74,61.58
2026-05-20,15,9,2026-05-20 19:23:00,5,ふじむら杯,5,5392,安武 一也,4,25,52,0,0,0.2,1.51,1.35,1.35,0,0,0,47.02,64.9,35.94,52.6
2026-05-20,15,9,2026-05-20 19:23:00,5,ふじむら杯,6,4177,萬 正嗣,3,43,55.8,0,0,0.17,4.5,24.36,42.31,2.2,0,20,34.15,49.39,32.69,50.64
2026-05-20,15,10,2026-05-20 19:50:00,5,ふじむら杯,1,4324,海野 康志郎,1,38,54.5,0,0,0.14,7.54,60,69.6,7.5,54.17,72.92,25.33,40.67,38.69,58.29
2026-05-20,15,10,2026-05-20 19:50:00,5,ふじむら杯,2,4002,古結 宏,1,48,52,0,0,0.15,6.51,46.09,63.48,7.37,63.16,68.42,27.27,47.88,30.81,44.32
2026-05-20,15,10,2026-05-20 19:50:00,5,ふじむら杯,3,3906,飯山 晃三,3,48,58.9,0,0,0.18,4.31,27.1,41.12,4.44,29.63,48.15,44.81,64.94,37.44,51.28
2026-05-20,15,10,2026-05-20 19:50:00,5,ふじむら杯,4,3771,折下 寛法,3,52,51.5,0,0,0.16,5.16,31.03,51.72,5.79,36.84,57.89,53.9,73.38,28.04,42.86
2026-05-20,15,10,2026-05-20 19:50:00,5,ふじむら杯,5,3641,一瀬 明,2,54,52,0,0,0.16,6.56,47.41,66.38,6.11,52.63,63.16,37.75,52.98,36.98,55.21
2026-05-20,15,10,2026-05-20 19:50:00,5,ふじむら杯,6,4390,松本 弓雄,3,40,52.1,0,0,0.21,4.41,20.59,37.25,4.75,25,50,36.97,52.73,47.59,63.64
2026-05-20,15,11,2026-05-20 20:16:00,5,ふじむら杯,1,4174,赤坂 俊輔,1,43,52,0,0,0.16,6.31,41.18,65.44,6.16,40.54,59.46,36.67,52,34.57,51.6
2026-05-20,15,11,2026-05-20 20:16:00,5,ふじむら杯,2,3557,太田 和美,1,53,52.7,0,0,0.15,6.86,51.75,68.53,7.95,73.68,89.47,32.3,44.72,29.12,48.35
2026-05-20,15,11,2026-05-20 20:16:00,5,ふじむら杯,3,5141,大澤 風葵,2,25,52,0,0,0.12,6.76,57.78,73.33,0,0,0,35.67,58.6,40.4,57.58
2026-05-20,15,11,2026-05-20 20:16:00,5,ふじむら杯,4,4538,笠置 博之,2,35,53.4,0,0,0.14,6.39,50.85,62.71,6.42,47.37,68.42,26.62,40.26,24.73,39.56
2026-05-20,15,11,2026-05-20 20:16:00,5,ふじむら杯,5,5032,谷口 知優,3,28,52,0,0,0.15,5.41,33.02,54.72,5.57,35.8,54.32,37.5,52.5,26.88,39.78
2026-05-20,15,11,2026-05-20 20:16:00,5,ふじむら杯,6,3554,仲口 博崇,1,53,52.1,0,0,0.18,6.58,51.82,70.8,6.45,60,70,26.45,43.87,43.39,59.79
2026-05-20,15,12,2026-05-20 20:45:00,5,ふじむら杯,1,3612,馬袋 義則,1,53,52.5,0,0,0.13,6.42,51.13,66.92,6.18,45.45,63.64,29.75,48.73,28.65,44.32
2026-05-20,15,12,2026-05-20 20:45:00,5,ふじむら杯,2,4967,中村 魁生,1,27,52,0,0,0.12,6.81,50,69.32,5.67,38.89,55.56,28.57,43.51,30,48.42
2026-05-20,15,12,2026-05-20 20:45:00,5,ふじむら杯,3,5139,大場 恒季,2,25,52,0,0,0.14,6.39,46.15,60.58,0,0,0,28.95,44.08,33.33,44.62
2026-05-20,15,12,2026-05-20 20:45:00,5,ふじむら杯,4,3300,川崎 智幸,1,59,53.2,0,0,0.15,5.74,40,57.5,6.5,50,65,24.84,38.22,29.79,39.89
2026-05-20,15,12,2026-05-20 20:45:00,5,ふじむら杯,5,4437,中田 元泰,1,39,52.3,0,0,0.16,5.81,44.25,56.64,6.16,46.94,59.86,23.9,43.4,39.29,54.59
2026-05-20,15,12,2026-05-20 20:45:00,5,ふじむら杯,6,3304,烏野 賢太,2,58,52,0,0,0.17,6.31,41.54,66.92,5.73,35,48.33,36.71,55.06,43.81,60.82
2026-05-20,16,1,2026-05-20 10:57:00,5,BOATBoyカップ,1,4402,乙藤 智史,2,41,54,0,0,0.17,5.64,39.39,56.57,5.36,35.71,53.57,29.51,45.9,26.89,43.7
2026-05-20,16,1,2026-05-20 10:57:00,5,BOATBoyカップ,2,4558,宮野 仁,3,36,52.7,0,0,0.23,4.81,33.33,42.03,4.89,27.69,47.69,31.3,46.96,23.21,37.5
2026-05-20,16,1,2026-05-20 10:57:00,5,BOATBoyカップ,3,3377,塚田 修二,3,58,52.4,0,0,0.18,3.96,19.23,34.62,3.13,12.5,25,49.21,63.49,39.66,50
2026-05-20,16,1,2026-05-20 10:57:00,5,BOATBoyカップ,4,5109,川崎 智稔,3,26,52,0,0,0.14,4.95,27.93,45.95,4.49,18.37,42.86,24.22,44.53,37.93,60.92
2026-05-20,16,1,2026-05-20 10:57:00,5,BOATBoyカップ,5,5284,嘉手苅 徹哉,4,27,52.1,0,0,0.16,3.25,9.62,23.08,2.28,2.78,11.11,33.87,49.19,28.32,43.36
2026-05-20,16,1,2026-05-20 10:57:00,5,BOATBoyカップ,6,5393,藤原 駿,4,25,54.9,0,0,0.22,1.54,0,2.9,1.4,0,0,24.22,46.88,33.61,49.18
2026-05-20,16,2,2026-05-20 11:30:00,5,BOATBoyカップ,1,3787,天野 誠,3,54,52.2,0,0,0.18,3.96,16.67,32.05,4.81,28.85,42.31,25.41,42.62,26.13,47.75
2026-05-20,16,2,2026-05-20 11:30:00,5,BOATBoyカップ,2,4365,盛本 真輔,3,40,52,0,0,0.17,5.72,40.22,56.52,5.67,44.44,55.56,37.69,46.15,45.83,57.5
2026-05-20,16,2,2026-05-20 11:30:00,5,BOATBoyカップ,3,3370,坪内 実,3,59,52.6,1,0,0.18,3.47,14.77,27.27,0,0,0,28.57,46.83,28.93,44.63
2026-05-20,16,2,2026-05-20 11:30:00,5,BOATBoyカップ,4,3340,池田 雷太,3,60,53.7,0,0,0.19,4.58,25.96,38.46,1.78,0,0,34.38,51.56,33.05,52.54
2026-05-20,16,2,2026-05-20 11:30:00,5,BOATBoyカップ,5,5447,岡本 亜子,4,23,48.5,0,0,,0,0,0,0,0,0,44.27,58.78,22.22,40.17
2026-05-20,16,2,2026-05-20 11:30:00,5,BOATBoyカップ,6,3614,谷 勝幸,3,53,54.9,0,0,0.16,4.3,22.12,35.58,3.73,18.92,32.43,25.4,41.27,44.74,59.65
2026-05-20,16,3,2026-05-20 12:02:00,5,BOATBoyカップ,1,3708,岡部 貴司,3,51,54.4,0,0,0.15,4.93,27.17,45.65,5.17,33.33,50,24,48.8,35.71,52.68
2026-05-20,16,3,2026-05-20 12:02:00,5,BOATBoyカップ,2,4461,安田 吉宏,3,40,57.3,0,0,0.17,4.28,15.05,40.86,1.57,0,0,23.85,32.31,33.61,50.82
2026-05-20,16,3,2026-05-20 12:02:00,5,BOATBoyカップ,3,4057,松井 賢治,2,47,52,0,0,0.16,5.93,44.44,60.74,6.3,50,60,28.91,42.97,23.28,37.07
2026-05-20,16,3,2026-05-20 12:02:00,5,BOATBoyカップ,4,4600,井内 将太郎,2,41,52.3,0,0,0.13,6.77,50.82,76.23,5.27,32.69,44.23,30.23,48.06,33.33,52.14
2026-05-20,16,3,2026-05-20 12:02:00,5,BOATBoyカップ,5,3372,加藤 雅之,3,59,52.8,0,0,0.21,3.25,11.54,23.08,4.46,19.23,38.46,29.85,45.52,41.32,53.72
2026-05-20,16,3,2026-05-20 12:02:00,5,BOATBoyカップ,6,5310,土屋 蘭,3,21,46,0,0,0.2,4.32,17.65,39.71,2.55,9.09,14.55,33.85,47.69,34.17,60
2026-05-20,16,4,2026-05-20 12:34:00,5,BOATBoyカップ,1,5317,長尾 萌加,3,25,45,0,0,0.18,4.98,25,48.28,3.83,15.53,33.01,38.93,52.67,33.05,50
2026-05-20,16,4,2026-05-20 12:34:00,5,BOATBoyカップ,2,5071,野見山 拓己,3,31,52,0,0,0.12,4.9,26.14,47.73,4.7,25,45,23.93,38.46,27.27,41.32
2026-05-20,16,4,2026-05-20 12:34:00,5,BOATBoyカップ,3,4598,加藤 政彦,1,41,52.4,0,0,0.14,5.2,35.35,47.47,0,0,0,38.71,58.87,30.17,54.31
2026-05-20,16,4,2026-05-20 12:34:00,5,BOATBoyカップ,4,4688,永井 彪也,1,33,52.5,0,0,0.13,6.86,52.53,66.67,7.33,55.56,55.56,38.58,55.91,30.33,45.08
2026-05-20,16,4,2026-05-20 12:34:00,5,BOATBoyカップ,5,5291,三嶌 こころ,3,24,50.1,0,0,0.19,3.69,13.4,29.9,2.59,5.88,11.76,32.03,45.31,35.59,49.15
2026-05-20,16,4,2026-05-20 12:34:00,5,BOATBoyカップ,6,4505,島田 賢人,2,38,52,0,0,0.16,6.5,46.51,68.6,6.14,38.1,61.9,24.43,48.85,36.44,58.47
2026-05-20,16,5,2026-05-20 13:03:00,5,BOATBoyカップ,1,3731,高濱 芳久,3,52,52.7,0,0,0.18,4.87,26.6,48.94,3.89,22.22,22.22,38.58,55.91,30,45.83
2026-05-20,16,5,2026-05-20 13:03:00,5,BOATBoyカップ,2,4387,平山 智加,1,40,46,0,0,0.15,6.3,43.59,60.68,7.46,60.98,75.61,36.36,56.82,29.46,40.18
2026-05-20,16,5,2026-05-20 13:03:00,5,BOATBoyカップ,3,5181,森 智哉,3,28,52,0,0,0.17,5.37,30.77,53.85,5.12,33.64,48.6,37.98,56.59,30.25,47.06
2026-05-20,16,5,2026-05-20 13:03:00,5,BOATBoyカップ,4,4589,塩崎 桐加,2,34,50.1,0,0,0.15,4.93,26.47,41.18,4.45,36.36,36.36,31.78,51.94,29.41,47.9
2026-05-20,16,5,2026-05-20 13:03:00,5,BOATBoyカップ,5,5393,藤原 駿,4,25,54.9,0,0,0.22,1.54,0,2.9,1.4,0,0,24.22,46.88,33.61,49.18
2026-05-20,16,5,2026-05-20 13:03:00,5,BOATBoyカップ,6,4049,荒川 健太,2,45,55,0,0,0.17,6.24,41.3,61.59,6.15,45,60,33.59,54.96,40,58.33
2026-05-20,16,6,2026-05-20 13:34:00,5,BOATBoyカップ,1,4525,真子 奈津実,3,38,47.1,0,0,0.15,5.06,28.57,50,4.11,22.22,33.33,38.58,55.91,41.88,66.67
2026-05-20,16,6,2026-05-20 13:34:00,5,BOATBoyカップ,2,4428,有賀 達也,1,40,52,0,0,0.14,6.18,44.44,57.78,4.89,11.11,33.33,31.78,55.04,31.68,48.51
2026-05-20,16,6,2026-05-20 13:34:00,5,BOATBoyカップ,3,4703,森永 隆,2,38,52.1,0,0,0.14,6.25,47.27,62.73,6.3,50,80,51.15,70.23,28.93,49.59
2026-05-20,16,6,2026-05-20 13:34:00,5,BOATBoyカップ,4,3904,森 貴洋,4,48,53.6,0,0,0.18,4.89,30.12,46.99,5.14,28.57,47.62,26.92,43.08,35.29,53.78
2026-05-20,16,6,2026-05-20 13:34:00,5,BOATBoyカップ,5,3226,浦田 信義,3,60,51.5,0,0,0.18,4.85,29.33,45.33,4.33,22.22,44.44,34.11,48.84,28.33,45
2026-05-20,16,6,2026-05-20 13:34:00,5,BOATBoyカップ,6,4558,宮野 仁,3,36,52.7,0,0,0.23,4.81,33.33,42.03,4.89,27.69,47.69,31.3,46.96,23.21,37.5
2026-05-20,16,7,2026-05-20 14:06:00,5,BOATBoyカップ,1,3563,堤 昇,3,56,52.4,0,0,0.16,4.92,28.16,47.57,6.35,40,70,37.98,55.04,30.58,43.8
2026-05-20,16,7,2026-05-20 14:06:00,5,BOATBoyカップ,2,5310,土屋 蘭,3,21,46,0,0,0.2,4.32,17.65,39.71,2.55,9.09,14.55,33.85,47.69,34.17,60
2026-05-20,16,7,2026-05-20 14:06:00,5,BOATBoyカップ,3,4264,長尾 章平,1,41,53.2,1,0,0.15,7.05,58.27,75.59,6.33,40,66.67,34.65,52.76,28.04,50.47
2026-05-20,16,7,2026-05-20 14:06:00,5,BOATBoyカップ,4,3370,坪内 実,3,59,52.6,1,0,0.18,3.47,14.77,27.27,0,0,0,28.57,46.83,28.93,44.63
2026-05-20,16,7,2026-05-20 14:06:00,5,BOATBoyカップ,5,3860,松本 浩貴,3,52,52.9,0,0,0.19,3.66,16.09,24.14,4.88,25,50,22.14,45.04,31.97,49.18
2026-05-20,16,7,2026-05-20 14:06:00,5,BOATBoyカップ,6,4475,末永 祐輝,2,38,52.8,0,0,0.15,6.14,43.7,66.39,5.23,40.91,50,35.25,48.36,35.04,51.28
2026-05-20,16,8,2026-05-20 14:38:00,5,BOATBoyカップ,1,4376,藤田 靖弘,2,41,52.7,0,0,0.16,5.78,41.79,52.99,4.73,33.33,40,29.27,51.22,32.77,52.94
2026-05-20,16,8,2026-05-20 14:38:00,5,BOATBoyカップ,2,4418,茅原 悠紀,1,38,53.1,0,0,0.12,7.99,52.38,71.43,8.29,72.58,85.48,20.16,33.87,33.05,49.15
2026-05-20,16,8,2026-05-20 14:38:00,5,BOATBoyカップ,3,5291,三嶌 こころ,3,24,50.1,0,0,0.19,3.69,13.4,29.9,2.59,5.88,11.76,32.03,45.31,35.59,49.15
2026-05-20,16,8,2026-05-20 14:38:00,5,BOATBoyカップ,4,3708,岡部 貴司,3,51,54.4,0,0,0.15,4.93,27.17,45.65,5.17,33.33,50,24,48.8,35.71,52.68
2026-05-20,16,8,2026-05-20 14:38:00,5,BOATBoyカップ,5,5053,山口 広樹,3,30,53.3,1,0,0.16,3.94,21.52,31.65,3.88,23.08,30.77,43.31,55.91,35.83,52.5
2026-05-20,16,8,2026-05-20 14:38:00,5,BOATBoyカップ,6,3340,池田 雷太,3,60,53.7,0,0,0.19,4.58,25.96,38.46,1.78,0,0,34.38,51.56,33.05,52.54
2026-05-20,16,9,2026-05-20 15:10:00,5,BOATBoyカップ,1,4598,加藤 政彦,1,41,52.4,0,0,0.14,5.2,35.35,47.47,0,0,0,38.71,58.87,30.17,54.31
2026-05-20,16,9,2026-05-20 15:10:00,5,BOATBoyカップ,2,4600,井内 将太郎,2,41,52.3,0,0,0.13,6.77,50.82,76.23,5.27,32.69,44.23,30.23,48.06,33.33,52.14
2026-05-20,16,9,2026-05-20 15:10:00,5,BOATBoyカップ,3,5284,嘉手苅 徹哉,4,27,52.1,0,0,0.16,3.25,9.62,23.08,2.28,2.78,11.11,33.87,49.19,28.32,43.36
2026-05-20,16,9,2026-05-20 15:10:00,5,BOATBoyカップ,4,5047,國分 将太郎,3,32,52.9,0,0,0.2,4.94,28.75,47.5,5.36,35.71,57.14,42.97,61.72,32.5,54.17
2026-05-20,16,9,2026-05-20 15:10:00,5,BOATBoyカップ,5,5207,高山 敬悟,3,28,52.3,0,0,0.15,4.82,29.58,43.66,3.42,5.26,31.58,20.49,36.89,33.33,48.33
2026-05-20,16,9,2026-05-20 15:10:00,5,BOATBoyカップ,6,5447,岡本 亜子,4,23,48.5,0,0,,0,0,0,0,0,0,44.27,58.78,22.22,40.17
2026-05-20,16,10,2026-05-20 15:38:00,5,BOATBoyカップ,1,3377,塚田 修二,3,58,52.4,0,0,0.18,3.96,19.23,34.62,3.13,12.5,25,49.21,63.49,39.66,50
2026-05-20,16,10,2026-05-20 15:38:00,5,BOATBoyカップ,2,4688,永井 彪也,1,33,52.5,0,0,0.13,6.86,52.53,66.67,7.33,55.56,55.56,38.58,55.91,30.33,45.08
2026-05-20,16,10,2026-05-20 15:38:00,5,BOATBoyカップ,3,3787,天野 誠,3,54,52.2,0,0,0.18,3.96,16.67,32.05,4.81,28.85,42.31,25.41,42.62,26.13,47.75
2026-05-20,16,10,2026-05-20 15:38:00,5,BOATBoyカップ,4,3372,加藤 雅之,3,59,52.8,0,0,0.21,3.25,11.54,23.08,4.46,19.23,38.46,29.85,45.52,41.32,53.72
2026-05-20,16,10,2026-05-20 15:38:00,5,BOATBoyカップ,5,4049,荒川 健太,2,45,55,0,0,0.17,6.24,41.3,61.59,6.15,45,60,33.59,54.96,40,58.33
2026-05-20,16,10,2026-05-20 15:38:00,5,BOATBoyカップ,6,4936,戸敷 晃美,2,29,48.1,1,0,0.17,5.74,39.36,56.38,6.43,42.86,71.43,34.38,51.56,26.55,38.94
2026-05-20,16,11,2026-05-20 16:08:00,5,BOATBoyカップ,1,4428,有賀 達也,1,40,52,0,0,0.14,6.18,44.44,57.78,4.89,11.11,33.33,31.78,55.04,31.68,48.51
2026-05-20,16,11,2026-05-20 16:08:00,5,BOATBoyカップ,2,4505,島田 賢人,2,38,52,0,0,0.16,6.5,46.51,68.6,6.14,38.1,61.9,24.43,48.85,36.44,58.47
2026-05-20,16,11,2026-05-20 16:08:00,5,BOATBoyカップ,3,3563,堤 昇,3,56,52.4,0,0,0.16,4.92,28.16,47.57,6.35,40,70,37.98,55.04,30.58,43.8
2026-05-20,16,11,2026-05-20 16:08:00,5,BOATBoyカップ,4,4387,平山 智加,1,40,46,0,0,0.15,6.3,43.59,60.68,7.46,60.98,75.61,36.36,56.82,29.46,40.18
2026-05-20,16,11,2026-05-20 16:08:00,5,BOATBoyカップ,5,4057,松井 賢治,2,47,52,0,0,0.16,5.93,44.44,60.74,6.3,50,60,28.91,42.97,23.28,37.07
2026-05-20,16,11,2026-05-20 16:08:00,5,BOATBoyカップ,6,5109,川崎 智稔,3,26,52,0,0,0.14,4.95,27.93,45.95,4.49,18.37,42.86,24.22,44.53,37.93,60.92
2026-05-20,16,12,2026-05-20 16:43:00,5,BOATBoyカップ,1,4264,長尾 章平,1,41,53.2,1,0,0.15,7.05,58.27,75.59,6.33,40,66.67,34.65,52.76,26.83,43.9
2026-05-20,16,12,2026-05-20 16:43:00,5,BOATBoyカップ,2,4589,塩崎 桐加,2,34,50.1,0,0,0.15,4.93,26.47,41.18,4.45,36.36,36.36,31.78,51.94,29.41,47.9
2026-05-20,16,12,2026-05-20 16:43:00,5,BOATBoyカップ,3,4418,茅原 悠紀,1,38,53.1,0,0,0.12,7.99,52.38,71.43,8.29,72.58,85.48,20.16,33.87,33.05,49.15
2026-05-20,16,12,2026-05-20 16:43:00,5,BOATBoyカップ,4,5071,野見山 拓己,3,31,52,0,0,0.12,4.9,26.14,47.73,4.7,25,45,23.93,38.46,27.27,41.32
2026-05-20,16,12,2026-05-20 16:43:00,5,BOATBoyカップ,5,4703,森永 隆,2,38,52.1,0,0,0.14,6.25,47.27,62.73,6.3,50,80,51.15,70.23,28.93,49.59
2026-05-20,16,12,2026-05-20 16:43:00,5,BOATBoyカップ,6,4461,安田 吉宏,3,40,57.3,0,0,0.17,4.28,15.05,40.86,1.57,0,0,23.85,32.31,33.61,50.82
2026-05-20,17,1,2026-05-20 10:55:00,5,サントリー杯,1,4874,池田 奈津美,3,32,51.2,0,0,0.14,4.61,22.22,45.56,3.69,18.75,37.5,50,68.59,47.37,62.5
2026-05-20,17,1,2026-05-20 10:55:00,5,サントリー杯,2,3801,五反田 忍,4,52,48.9,0,0,0.17,4.96,38.81,52.24,4.97,33.33,46.67,42.48,60.13,38.97,55.15
2026-05-20,17,1,2026-05-20 10:55:00,5,サントリー杯,3,5250,嶋田 有里,3,23,45.5,0,0,0.2,4.03,15.73,33.71,4.71,28.57,57.14,24.59,40.16,25.69,38.53
2026-05-20,17,1,2026-05-20 10:55:00,5,サントリー杯,4,5251,沼田 七華,4,23,52.4,0,0,0.19,2.24,2.44,7.32,2.24,2.7,5.41,25.85,34.69,36.62,52.82
2026-05-20,17,1,2026-05-20 10:55:00,5,サントリー杯,5,5193,米丸 乃絵,1,24,46.5,0,0,0.14,6.7,45.45,68.94,6.09,41.86,60.47,39.74,50,36.11,56.25
2026-05-20,17,1,2026-05-20 10:55:00,5,サントリー杯,6,5413,宮城 那菜,4,20,47.9,0,0,0.17,1.88,4.11,6.85,0,0,0,32.88,43.15,34.81,46.2
2026-05-20,17,2,2026-05-20 11:26:00,5,サントリー杯,1,5134,大原 祥昌,3,26,53.3,0,0,0.15,5.93,41.24,59.79,5.57,35.45,58.2,42.48,61.44,29.11,45.57
2026-05-20,17,2,2026-05-20 11:26:00,5,サントリー杯,2,3497,後藤 浩,3,57,52,0,0,0.17,5.09,34.07,48.35,5.25,12.5,62.5,36.03,55.15,35.06,59.74
2026-05-20,17,2,2026-05-20 11:26:00,5,サントリー杯,3,3306,武田 正紀,3,58,53.8,0,0,0.16,4.24,19.51,37.8,3.88,12.5,25,25.53,39.01,28,46.4
2026-05-20,17,2,2026-05-20 11:26:00,5,サントリー杯,4,4257,古川 健,3,42,52,0,0,0.16,4.42,23.53,37.65,5.6,38.6,52.63,26.62,43.88,38.89,50.79
2026-05-20,17,2,2026-05-20 11:26:00,5,サントリー杯,5,3878,胡本 悟志,3,48,51.5,0,0,0.18,4.58,26.03,38.36,4.25,25,41.67,24.6,43.65,33.54,48.73
2026-05-20,17,2,2026-05-20 11:26:00,5,サントリー杯,6,5452,上馬場 風依,4,20,52.1,0,0,,0,0,0,0,0,0,23.66,41.22,34.01,42.86
2026-05-20,17,3,2026-05-20 11:56:00,5,サントリー杯,1,4560,庄司 樹良々,2,35,52,0,0,0.15,5.97,41.53,61.02,5.8,40,65,35.8,50.62,29.86,48.61
2026-05-20,17,3,2026-05-20 11:56:00,5,サントリー杯,2,3804,中渡 修作,3,52,52.3,0,0,0.17,5.02,30.28,49.54,3.78,18.92,27.03,30.88,48.53,37.5,50.78
2026-05-20,17,3,2026-05-20 11:56:00,5,サントリー杯,3,5076,石原 光,3,30,54.2,0,0,0.16,5.4,36.36,54.55,6.3,45,55,24.43,42.75,32.92,55.28
2026-05-20,17,3,2026-05-20 11:56:00,5,サントリー杯,4,3773,津留 浩一郎,3,52,55.2,0,0,0.15,4.01,18.99,36.71,4.22,33.33,33.33,39.74,58.97,30.12,50.6
2026-05-20,17,3,2026-05-20 11:56:00,5,サントリー杯,5,4531,武富 智亮,2,37,52.1,0,0,0.16,6.31,42.37,65.25,6.74,54.84,64.52,26.36,41.09,23.42,36.94
2026-05-20,17,3,2026-05-20 11:56:00,5,サントリー杯,6,4118,宇佐見 淳,1,45,52,0,0,0.14,5.91,42.14,59.29,6.07,39.29,60.71,43.15,57.53,38.32,55.69
2026-05-20,17,4,2026-05-20 12:27:00,5,サントリー杯,1,3350,藤本 佳史,2,58,53.2,0,0,0.15,4.93,29.31,48.28,3.18,5.88,23.53,32.58,46.97,33.33,49.09
2026-05-20,17,4,2026-05-20 12:27:00,5,サントリー杯,2,4489,岩川 仁士,3,39,53.3,0,0,0.15,5.31,33.98,50.49,6.11,42.11,68.42,23.08,35.38,27.42,48.39
2026-05-20,17,4,2026-05-20 12:27:00,5,サントリー杯,3,3869,井芹 大志,3,50,54.5,0,0,0.17,3.87,18.42,34.21,4.45,24.14,44.83,30.3,53.79,22.32,35.71
2026-05-20,17,4,2026-05-20 12:27:00,5,サントリー杯,4,4458,抹香 雄三,3,40,52.8,0,0,0.14,5.45,33.33,52.38,4.59,30.86,39.51,32.48,49.68,34.48,51.72
2026-05-20,17,4,2026-05-20 12:27:00,5,サントリー杯,5,4270,岸本 雄貴,3,44,55.1,0,0,0.17,4.57,26.67,42.67,3.89,22.22,33.33,37.33,54.67,34.23,51.01
2026-05-20,17,4,2026-05-20 12:27:00,5,サントリー杯,6,4397,西村 拓也,1,39,52.1,0,0,0.14,7.21,51.3,70.43,5.22,33.33,44.44,42.31,57.69,25,39.06
2026-05-20,17,5,2026-05-20 12:56:00,5,サントリー杯,1,4043,桐本 康臣,2,46,52.8,0,0,0.15,5.93,40,62,5.63,34.29,57.14,44.9,59.18,28.47,45.99
2026-05-20,17,5,2026-05-20 12:56:00,5,サントリー杯,2,4382,高山 智至,3,41,52.9,0,0,0.16,5.13,24.36,50,5.73,45.45,54.55,22.22,40.17,39.33,50.67
2026-05-20,17,5,2026-05-20 12:56:00,5,サントリー杯,3,3784,中島 友和,3,49,53.8,0,0,0.16,4.81,27.91,48.84,5.9,28.57,66.67,22.69,42.02,40,59.31
2026-05-20,17,5,2026-05-20 12:56:00,5,サントリー杯,4,4036,金田 諭,1,47,52,0,0,0.16,6.47,45.87,71.56,6.4,50,60,31.61,52.26,38.85,56.05
2026-05-20,17,5,2026-05-20 12:56:00,5,サントリー杯,5,3813,佐藤 大介,1,50,52,0,0,0.17,6.57,48.12,67.67,5.1,10,70,34.31,45.99,32.93,50.3
2026-05-20,17,5,2026-05-20 12:56:00,5,サントリー杯,6,5295,田上 凜,3,24,47,1,0,0.2,5.04,30.11,46.24,3,0,16.67,37.66,59.74,32.85,48.91
2026-05-20,17,6,2026-05-20 13:27:00,5,サントリー杯,1,4513,河野 真也,2,37,52.3,0,0,0.18,5.59,40.91,54.55,3.5,10,30,25.78,46.09,40.67,56
2026-05-20,17,6,2026-05-20 13:27:00,5,サントリー杯,2,4663,籾山 佳岳,4,43,52,0,0,0.16,5.62,38.1,57.14,5.4,40,60,35.42,51.39,42.86,60.71
2026-05-20,17,6,2026-05-20 13:27:00,5,サントリー杯,3,4456,鎌倉 涼,1,37,45.5,0,0,0.17,7.08,48.81,64.29,5.8,46.67,56.67,34.23,53.02,37.32,46.48
2026-05-20,17,6,2026-05-20 13:27:00,5,サントリー杯,4,5134,大原 祥昌,3,26,53.3,0,0,0.15,5.93,41.24,59.79,5.57,35.45,58.2,42.48,61.44,29.11,45.57
2026-05-20,17,6,2026-05-20 13:27:00,5,サントリー杯,5,5250,嶋田 有里,3,23,45.5,0,0,0.2,4.03,15.73,33.71,4.71,28.57,57.14,24.59,40.16,25.69,38.53
2026-05-20,17,6,2026-05-20 13:27:00,5,サントリー杯,6,4543,重木 輝彦,1,38,52,1,0,0.17,6.91,51.22,69.11,6.47,58.82,64.71,45.52,63.45,27.69,46.92
2026-05-20,17,7,2026-05-20 13:54:00,5,サントリー杯,1,4951,新田 洋一,3,32,53.1,0,0,0.14,4.95,26.6,48.94,6.04,45.59,64.71,35.29,53.68,31.58,40.79
2026-05-20,17,7,2026-05-20 13:54:00,5,サントリー杯,2,3878,胡本 悟志,3,48,51.5,0,0,0.18,4.58,26.03,38.36,4.25,25,41.67,24.6,43.65,33.54,48.73
2026-05-20,17,7,2026-05-20 13:54:00,5,サントリー杯,3,4516,野口 勝弘,2,39,50,0,0,0.16,6.47,48.82,66.14,7.26,51.06,78.72,23.08,39.32,28.21,46.15
2026-05-20,17,7,2026-05-20 13:54:00,5,サントリー杯,4,3804,中渡 修作,3,52,52.3,0,0,0.17,5.02,30.28,49.54,3.78,18.92,27.03,30.88,48.53,37.5,50.78
2026-05-20,17,7,2026-05-20 13:54:00,5,サントリー杯,5,5251,沼田 七華,4,23,52.4,0,0,0.19,2.24,2.44,7.32,2.24,2.7,5.41,25.85,34.69,36.62,52.82
2026-05-20,17,7,2026-05-20 13:54:00,5,サントリー杯,6,4581,吉村 誠,1,36,52,1,0,0.14,6.13,44.88,59.84,6.72,50,72.22,33.78,55.41,32.08,51.57
2026-05-20,17,8,2026-05-20 14:21:00,5,サントリー杯,1,4094,中島 真二,3,45,52,0,0,0.17,4.49,27.16,39.51,4,14.81,33.33,43.23,62.58,40.85,56.1
2026-05-20,17,8,2026-05-20 14:21:00,5,サントリー杯,2,3773,津留 浩一郎,3,52,55.2,0,0,0.15,4.01,18.99,36.71,4.22,33.33,33.33,39.74,58.97,30.12,50.6
2026-05-20,17,8,2026-05-20 14:21:00,5,サントリー杯,3,3805,高橋 英之,2,51,52.4,0,0,0.13,5.08,30.23,51.16,5.79,33.33,58.33,27.27,48.48,33.81,50.36
2026-05-20,17,8,2026-05-20 14:21:00,5,サントリー杯,4,5348,小林 甘寧,3,22,52.1,0,0,0.19,4.31,23.53,38.24,2.68,10.17,15.25,42.45,53.96,27.45,43.14
2026-05-20,17,8,2026-05-20 14:21:00,5,サントリー杯,5,3801,五反田 忍,4,52,48.9,0,0,0.17,4.96,38.81,52.24,4.97,33.33,46.67,42.48,60.13,38.97,55.15
2026-05-20,17,8,2026-05-20 14:21:00,5,サントリー杯,6,4257,古川 健,3,42,52,0,0,0.16,4.42,23.53,37.65,5.6,38.6,52.63,26.62,43.88,38.89,50.79
2026-05-20,17,9,2026-05-20 14:52:00,5,サントリー杯,1,3663,木山 和幸,2,56,51,0,0,0.16,5.59,36.84,57.89,5.61,38.68,57.55,24.39,39.02,34.72,58.33
2026-05-20,17,9,2026-05-20 14:52:00,5,サントリー杯,2,3875,廣中 良一,3,49,52,0,0,0.17,4.28,25,37,0,0,0,30.15,44.85,29.01,46.56
2026-05-20,17,9,2026-05-20 14:52:00,5,サントリー杯,3,5276,大島 隆乃介,3,24,51.5,0,0,0.16,4.79,22.02,43.12,2.78,0,22.22,34.21,47.37,31.48,47.53
2026-05-20,17,9,2026-05-20 14:52:00,5,サントリー杯,4,3306,武田 正紀,3,58,53.8,0,0,0.16,4.24,19.51,37.8,3.88,12.5,25,25.53,39.01,28,46.4
2026-05-20,17,9,2026-05-20 14:52:00,5,サントリー杯,5,5076,石原 光,3,30,54.2,0,0,0.16,5.4,36.36,54.55,6.3,45,55,24.43,42.75,32.92,55.28
2026-05-20,17,9,2026-05-20 14:52:00,5,サントリー杯,6,4458,抹香 雄三,3,40,52.8,0,0,0.14,5.45,33.33,52.38,4.59,30.86,39.51,32.48,49.68,34.48,51.72
2026-05-20,17,10,2026-05-20 15:27:00,5,サントリー杯,1,4118,宇佐見 淳,1,45,52,0,0,0.14,5.91,42.14,59.29,6.07,39.29,60.71,43.15,57.53,38.32,55.69
2026-05-20,17,10,2026-05-20 15:27:00,5,サントリー杯,2,3813,佐藤 大介,1,50,52,0,0,0.17,6.57,48.12,67.67,5.1,10,70,34.31,45.99,32.93,50.3
2026-05-20,17,10,2026-05-20 15:27:00,5,サントリー杯,3,4874,池田 奈津美,3,32,51.2,0,0,0.14,4.61,22.22,45.56,3.69,18.75,37.5,50,68.59,47.37,62.5
2026-05-20,17,10,2026-05-20 15:27:00,5,サントリー杯,4,4560,庄司 樹良々,2,35,52,0,0,0.15,5.97,41.53,61.02,5.8,40,65,35.8,50.62,29.86,48.61
2026-05-20,17,10,2026-05-20 15:27:00,5,サントリー杯,5,4513,河野 真也,2,37,52.3,0,0,0.18,5.59,40.91,54.55,3.5,10,30,25.78,46.09,40.67,56
2026-05-20,17,10,2026-05-20 15:27:00,5,サントリー杯,6,3350,藤本 佳史,2,58,53.2,0,0,0.15,4.93,29.31,48.28,3.18,5.88,23.53,32.58,46.97,33.33,49.09
2026-05-20,17,11,2026-05-20 16:13:00,5,サントリー杯,1,4397,西村 拓也,1,39,52.1,0,0,0.14,7.21,51.3,70.43,5.22,33.33,44.44,42.31,57.69,25,39.06
2026-05-20,17,11,2026-05-20 16:13:00,5,サントリー杯,2,4531,武富 智亮,2,37,52.1,0,0,0.16,6.31,42.37,65.25,6.74,54.84,64.52,26.36,41.09,23.42,36.94
2026-05-20,17,11,2026-05-20 16:13:00,5,サントリー杯,3,4036,金田 諭,1,47,52,0,0,0.16,6.47,45.87,71.56,6.4,50,60,31.61,52.26,38.85,56.05
2026-05-20,17,11,2026-05-20 16:13:00,5,サントリー杯,4,4043,桐本 康臣,2,46,52.8,0,0,0.15,5.93,40,62,5.63,34.29,57.14,44.9,59.18,28.47,45.99
2026-05-20,17,11,2026-05-20 16:13:00,5,サントリー杯,5,3497,後藤 浩,3,57,52,0,0,0.17,5.09,34.07,48.35,5.25,12.5,62.5,36.03,55.15,35.06,59.74
2026-05-20,17,11,2026-05-20 16:13:00,5,サントリー杯,6,4951,新田 洋一,3,32,53.1,0,0,0.14,4.95,26.6,48.94,6.04,45.59,64.71,35.29,53.68,31.58,40.79
2026-05-20,17,12,2026-05-20 16:53:00,5,サントリー杯,1,4543,重木 輝彦,1,38,52,1,0,0.17,6.91,51.22,69.11,6.47,58.82,64.71,45.52,63.45,27.69,46.92
2026-05-20,17,12,2026-05-20 16:53:00,5,サントリー杯,2,5193,米丸 乃絵,1,24,46.5,0,0,0.14,6.7,45.45,68.94,6.09,41.86,60.47,39.74,50,36.11,56.25
2026-05-20,17,12,2026-05-20 16:53:00,5,サントリー杯,3,5348,小林 甘寧,3,22,52,0,0,0.19,4.31,23.53,38.24,2.68,10.17,15.25,42.45,53.96,27.45,43.14
2026-05-20,17,12,2026-05-20 16:53:00,5,サントリー杯,4,4456,鎌倉 涼,1,37,45,0,0,0.17,7.08,48.81,64.29,5.8,46.67,56.67,34.23,53.02,37.32,46.48
2026-05-20,17,12,2026-05-20 16:53:00,5,サントリー杯,5,4489,岩川 仁士,3,39,53.4,0,0,0.15,5.31,33.98,50.49,6.11,42.11,68.42,23.08,35.38,27.42,48.39
2026-05-20,17,12,2026-05-20 16:53:00,5,サントリー杯,6,4094,中島 真二,3,45,52,0,0,0.17,4.49,27.16,39.51,4,14.81,33.33,43.23,62.58,40.85,56.1
2026-05-20,18,1,2026-05-20 08:44:00,4,日刊スポーツ杯争奪徳山オールレディース,1,4738,清埜 翔子,2,34,46.5,0,0,0.16,5.64,37.98,51.94,6.44,50,62.5,36,56,32.31,47.69
2026-05-20,18,1,2026-05-20 08:44:00,4,日刊スポーツ杯争奪徳山オールレディース,2,4400,加藤 奈月,3,37,55,0,0,0.19,3.93,17.28,29.63,4,37.5,37.5,41.67,41.67,27.27,44.63
2026-05-20,18,1,2026-05-20 08:44:00,4,日刊スポーツ杯争奪徳山オールレディース,3,5156,坂野 さくら,3,29,46.5,0,0,0.19,4.42,19.39,43.88,5.5,40,60,0,50,34.09,54.55
2026-05-20,18,1,2026-05-20 08:44:00,4,日刊スポーツ杯争奪徳山オールレディース,4,4349,犬童 千秋,3,40,48.7,0,0,0.14,4.34,21.52,35.44,4.95,25,55,30,40,34.92,57.94
2026-05-20,18,1,2026-05-20 08:44:00,4,日刊スポーツ杯争奪徳山オールレディース,5,4244,鈴木 成美,3,39,45.5,0,0,0.14,2.9,9.76,17.07,3.22,11.11,22.22,20.83,33.33,36.43,51.16
2026-05-20,18,1,2026-05-20 08:44:00,4,日刊スポーツ杯争奪徳山オールレディース,6,5397,寺田 夢生,4,24,46,1,0,0.2,1.38,0,2.56,1.47,0,2.78,26.92,57.69,25.2,40.94
2026-05-20,18,2,2026-05-20 09:10:00,4,日刊スポーツ杯争奪徳山オールレディース,1,5188,武井 莉里佳,2,25,45,0,0,0.17,6.14,41.84,59.18,4.21,28.57,35.71,18.18,40.91,38.46,54.62
2026-05-20,18,2,2026-05-20 09:10:00,4,日刊スポーツ杯争奪徳山オールレディース,2,5155,内山 七海,3,29,45.5,0,0,0.16,6.08,44.66,64.08,5.5,38.89,50,29.17,45.83,36.92,51.54
2026-05-20,18,2,2026-05-20 09:10:00,4,日刊スポーツ杯争奪徳山オールレディース,3,3334,角 ひとみ,2,57,45.5,0,0,0.2,5.3,38.84,54.55,6.94,47.22,80.56,32,52,25.95,45.04
2026-05-20,18,2,2026-05-20 09:10:00,4,日刊スポーツ杯争奪徳山オールレディース,4,4065,金田 幸子,3,46,44,0,0,0.17,4.65,34.94,43.37,5.97,46.88,62.5,44,60,23.14,41.32
2026-05-20,18,2,2026-05-20 09:10:00,4,日刊スポーツ杯争奪徳山オールレディース,5,3357,福島 陽子,3,57,47.2,0,0,0.2,3.98,18,34,4.73,13.33,40,31.25,62.5,35.16,56.25
2026-05-20,18,2,2026-05-20 09:10:00,4,日刊スポーツ杯争奪徳山オールレディース,6,4530,小野 生奈,1,37,47,0,0,0.15,6.93,53.68,66.32,8.47,76.47,88.24,25,56.25,43.41,57.36
2026-05-20,18,3,2026-05-20 09:36:00,4,日刊スポーツ杯争奪徳山オールレディース,1,5231,寺田 空詩,2,22,44.5,0,0,0.15,4.81,29.11,44.3,3.5,13.79,25.86,38.89,50,34.09,46.97
2026-05-20,18,3,2026-05-20 09:36:00,4,日刊スポーツ杯争奪徳山オールレディース,2,4071,古賀 千晶,3,45,46.5,0,0,0.19,4.63,23.33,38.33,4.25,0,50,16.67,38.89,29.69,45.31
2026-05-20,18,3,2026-05-20 09:36:00,4,日刊スポーツ杯争奪徳山オールレディース,3,4556,竹井 奈美,1,36,47,0,0,0.15,6.56,49.47,67.37,6.92,53.85,69.23,37.5,45.83,30.53,46.56
2026-05-20,18,3,2026-05-20 09:36:00,4,日刊スポーツ杯争奪徳山オールレディース,4,4014,片岡 恵里,2,46,47,0,0,0.18,5.5,38.64,53.41,6.12,46.27,64.18,24,40,31.82,53.03
2026-05-20,18,3,2026-05-20 09:36:00,4,日刊スポーツ杯争奪徳山オールレディース,5,3943,三松 直美,4,47,66.9,0,0,,1.86,0,7.14,0,0,0,30.43,43.48,24.81,40.31
2026-05-20,18,3,2026-05-20 09:36:00,4,日刊スポーツ杯争奪徳山オールレディース,6,5264,登 みひ果,3,26,45,0,0,0.16,5.19,25.49,53.92,4.68,31.58,36.84,29.17,58.33,35.43,48.03
2026-05-20,18,4,2026-05-20 10:02:00,4,日刊スポーツ杯争奪徳山オールレディース,1,4546,浜田 亜理沙,1,38,47,0,0,0.16,5.85,36.67,53.33,0,0,0,32,60,23.85,45.38
2026-05-20,18,4,2026-05-20 10:02:00,4,日刊スポーツ杯争奪徳山オールレディース,2,4224,大橋 栄里佳,2,44,47.8,0,0,0.18,5.44,34.75,53.39,4.85,30,45,84.62,84.62,34.88,46.51
2026-05-20,18,4,2026-05-20 10:02:00,4,日刊スポーツ杯争奪徳山オールレディース,3,3207,田村 美和,3,60,50.8,0,0,0.17,3.45,12.82,20.51,3.29,0,14.29,47.06,58.82,26.56,39.06
2026-05-20,18,4,2026-05-20 10:02:00,4,日刊スポーツ杯争奪徳山オールレディース,4,4045,佐々木 裕美,3,46,47.3,0,0,0.16,4.2,24.69,34.57,5.72,38.46,55.77,32,52,38.4,56.8
2026-05-20,18,4,2026-05-20 10:02:00,4,日刊スポーツ杯争奪徳山オールレディース,5,4714,喜多須 杏奈,3,35,48.7,0,0,0.17,4.88,21.18,47.06,4.44,22.22,38.89,12.5,12.5,36.51,53.97
2026-05-20,18,4,2026-05-20 10:02:00,4,日刊スポーツ杯争奪徳山オールレディース,6,4484,稲生 夏季,3,35,48.5,0,0,0.19,4.88,24.68,49.35,4.83,27.78,50,20,40,33.33,47.29
2026-05-20,18,5,2026-05-20 10:30:00,4,日刊スポーツ杯争奪徳山オールレディース,1,3509,池 千夏,3,54,49.9,0,0,0.14,3.64,13.33,26.67,4.33,22.22,33.33,21.43,21.43,36.15,56.15
2026-05-20,18,5,2026-05-20 10:30:00,4,日刊スポーツ杯争奪徳山オールレディース,2,4011,堀之内 紀代子,1,46,46.5,0,0,0.15,5.58,35.05,48.45,6.24,47.06,76.47,43.48,52.17,33.85,51.54
2026-05-20,18,5,2026-05-20 10:30:00,4,日刊スポーツ杯争奪徳山オールレディース,3,3518,倉田 郁美,3,58,47.5,0,0,0.18,3.94,19.28,31.33,5.3,20,60,34.62,61.54,36.43,51.94
2026-05-20,18,5,2026-05-20 10:30:00,4,日刊スポーツ杯争奪徳山オールレディース,4,4738,清埜 翔子,2,34,46.5,0,0,0.16,5.64,37.98,51.94,6.44,50,62.5,36,56,32.31,47.69
2026-05-20,18,5,2026-05-20 10:30:00,4,日刊スポーツ杯争奪徳山オールレディース,5,5406,小畑 楓夏,4,21,52.3,0,0,0.24,1.47,0,2.25,1,0,0,60,64,32.06,44.27
2026-05-20,18,5,2026-05-20 10:30:00,4,日刊スポーツ杯争奪徳山オールレディース,6,4781,西舘 果里,4,39,49.6,0,0,0.14,5,30.77,38.46,0,0,0,37.93,62.07,25.19,41.98
2026-05-20,18,6,2026-05-20 11:00:00,4,日刊スポーツ杯争奪徳山オールレディース,1,3357,福島 陽子,3,57,47.2,0,0,0.2,3.98,18,34,4.73,13.33,40,31.25,62.5,35.16,56.25
2026-05-20,18,6,2026-05-20 11:00:00,4,日刊スポーツ杯争奪徳山オールレディース,2,4773,中川 りな,2,32,48.9,0,0,0.19,5.78,38.76,63.57,5.43,38.1,52.38,16.67,33.33,35.16,54.69
2026-05-20,18,6,2026-05-20 11:00:00,4,日刊スポーツ杯争奪徳山オールレディース,3,5283,植木 美帆,3,22,47,0,0,0.17,2.28,4.65,4.65,1.38,0,0,0,17.65,41.22,52.67
2026-05-20,18,6,2026-05-20 11:00:00,4,日刊スポーツ杯争奪徳山オールレディース,4,4433,川野 芽唯,1,40,47,0,0,0.19,6.87,51.33,67.26,6.95,52.38,80.95,27.27,31.82,23.39,43.55
2026-05-20,18,6,2026-05-20 11:00:00,4,日刊スポーツ杯争奪徳山オールレディース,5,5391,出穂 和鼓,4,18,54.2,0,0,0.16,1.82,0,1.79,1.15,0,0,30.43,52.17,34.85,47.73
2026-05-20,18,6,2026-05-20 11:00:00,4,日刊スポーツ杯争奪徳山オールレディース,6,4183,宇野 弥生,2,40,47.1,2,0,0.13,4.81,33.06,41.13,3.89,22.22,44.44,22.22,22.22,29.46,44.19
2026-05-20,18,7,2026-05-20 11:32:00,4,日刊スポーツ杯争奪徳山オールレディース,1,5146,野田 彩加,3,23,49.4,0,0,0.15,5.33,28.95,51.32,5.46,32.5,55,14.29,35.71,44.7,59.85
2026-05-20,18,7,2026-05-20 11:32:00,4,日刊スポーツ杯争奪徳山オールレディース,2,5264,登 みひ果,3,26,45,0,0,0.16,5.19,25.49,53.92,4.68,31.58,36.84,29.17,58.33,35.43,48.03
2026-05-20,18,7,2026-05-20 11:32:00,4,日刊スポーツ杯争奪徳山オールレディース,3,3611,岩崎 芳美,2,53,47,0,0,0.14,5.86,41.35,56.73,5.53,36.84,57.89,50,61.54,22.9,41.22
2026-05-20,18,7,2026-05-20 11:32:00,4,日刊スポーツ杯争奪徳山オールレディース,4,4940,白石 有美,3,27,53.3,0,0,0.18,0,0,0,1.56,0,0,33.33,62.96,29.46,44.19
2026-05-20,18,7,2026-05-20 11:32:00,4,日刊スポーツ杯争奪徳山オールレディース,5,5397,寺田 夢生,4,24,46,1,0,0.2,1.38,0,2.56,1.47,0,2.78,26.92,57.69,25.2,40.94
2026-05-20,18,7,2026-05-20 11:32:00,4,日刊スポーツ杯争奪徳山オールレディース,6,3618,海野 ゆかり,1,52,45.5,0,0,0.16,6.35,48.67,61.06,6.68,47.37,63.16,45.83,70.83,39.69,56.49
2026-05-20,18,8,2026-05-20 12:04:00,4,日刊スポーツ杯争奪徳山オールレディース,1,4244,鈴木 成美,3,39,45.5,0,0,0.14,2.9,9.76,17.07,3.22,11.11,22.22,20.83,33.33,36.43,51.16
2026-05-20,18,8,2026-05-20 12:04:00,4,日刊スポーツ杯争奪徳山オールレディース,2,4208,三浦 永理,1,43,47,0,0,0.15,7.05,52.88,73.08,6.8,25,70,60,80,28.13,42.19
2026-05-20,18,8,2026-05-20 12:04:00,4,日刊スポーツ杯争奪徳山オールレディース,3,3943,三松 直美,4,47,66.9,0,0,,1.86,0,7.14,0,0,0,30.43,43.48,24.81,40.31
2026-05-20,18,8,2026-05-20 12:04:00,4,日刊スポーツ杯争奪徳山オールレディース,4,5188,武井 莉里佳,2,25,45,0,0,0.17,6.14,41.84,59.18,4.21,28.57,35.71,18.18,40.91,38.46,54.62
2026-05-20,18,8,2026-05-20 12:04:00,4,日刊スポーツ杯争奪徳山オールレディース,5,5123,福山 恵里奈,3,30,46.5,0,0,0.16,4.17,23.53,35.29,4.49,30.51,37.29,33.33,45.83,30,50
2026-05-20,18,8,2026-05-20 12:04:00,4,日刊スポーツ杯争奪徳山オールレディース,6,4224,大橋 栄里佳,2,44,47.8,0,0,0.18,5.44,34.75,53.39,4.85,30,45,84.62,84.62,34.88,46.51
2026-05-20,18,9,2026-05-20 12:36:00,4,日刊スポーツ杯争奪徳山オールレディース,1,4400,加藤 奈月,3,37,55,0,0,0.19,3.93,17.28,29.63,4,37.5,37.5,41.67,41.67,27.27,44.63
2026-05-20,18,9,2026-05-20 12:36:00,4,日刊スポーツ杯争奪徳山オールレディース,2,4530,小野 生奈,1,37,47,0,0,0.15,6.93,53.68,66.32,8.47,76.47,88.24,25,56.25,43.41,57.36
2026-05-20,18,9,2026-05-20 12:36:00,4,日刊スポーツ杯争奪徳山オールレディース,3,4484,稲生 夏季,3,35,48.5,0,0,0.19,4.88,24.68,49.35,4.83,27.78,50,20,40,33.33,47.29
2026-05-20,18,9,2026-05-20 12:36:00,4,日刊スポーツ杯争奪徳山オールレディース,4,5365,石村 日奈那,3,24,46.5,0,0,0.21,2.36,4,10.67,0,0,0,21.74,39.13,33.59,51.91
2026-05-20,18,9,2026-05-20 12:36:00,4,日刊スポーツ杯争奪徳山オールレディース,5,5231,寺田 空詩,2,22,44.5,0,0,0.15,4.81,29.11,44.3,3.5,13.79,25.86,38.89,50,34.09,46.97
2026-05-20,18,9,2026-05-20 12:36:00,4,日刊スポーツ杯争奪徳山オールレディース,6,3232,山川 美由紀,2,59,47,0,0,0.16,6.44,41.56,64.94,0,0,0,6.25,6.25,34.62,56.92
2026-05-20,18,10,2026-05-20 13:08:00,4,日刊スポーツ杯争奪徳山オールレディース,1,4065,金田 幸子,3,46,44,0,0,0.17,4.65,34.94,43.37,5.97,46.88,62.5,44,60,23.14,41.32
2026-05-20,18,10,2026-05-20 13:08:00,4,日刊スポーツ杯争奪徳山オールレディース,2,4714,喜多須 杏奈,3,35,48.7,0,0,0.17,4.88,21.18,47.06,4.44,22.22,38.89,12.5,12.5,36.51,53.97
2026-05-20,18,10,2026-05-20 13:08:00,4,日刊スポーツ杯争奪徳山オールレディース,3,4014,片岡 恵里,2,46,47,0,0,0.18,5.5,38.64,53.41,6.12,46.27,64.18,24,40,31.82,53.03
2026-05-20,18,10,2026-05-20 13:08:00,4,日刊スポーツ杯争奪徳山オールレディース,4,5283,植木 美帆,3,22,47,0,0,0.17,2.28,4.65,4.65,1.38,0,0,0,17.65,41.22,52.67
2026-05-20,18,10,2026-05-20 13:08:00,4,日刊スポーツ杯争奪徳山オールレディース,5,4011,堀之内 紀代子,1,46,46.5,0,0,0.15,5.58,35.05,48.45,6.24,47.06,76.47,43.48,52.17,33.85,51.54
2026-05-20,18,10,2026-05-20 13:08:00,4,日刊スポーツ杯争奪徳山オールレディース,6,5156,坂野 さくら,3,29,46.5,0,0,0.19,4.42,19.39,43.88,5.5,40,60,0,50,34.09,54.55
2026-05-20,18,11,2026-05-20 13:40:00,4,日刊スポーツ杯争奪徳山オールレディース,1,4433,川野 芽唯,1,40,47,0,0,0.19,6.87,51.33,67.26,6.95,52.38,80.95,27.27,31.82,23.39,43.55
2026-05-20,18,11,2026-05-20 13:40:00,4,日刊スポーツ杯争奪徳山オールレディース,2,5357,田中 瀬里奈,4,21,53,0,0,0.19,1.51,1.45,1.45,1.47,0,5.88,45.45,54.55,27.56,40.16
2026-05-20,18,11,2026-05-20 13:40:00,4,日刊スポーツ杯争奪徳山オールレディース,3,4853,前原 哉,4,31,45,0,0,0.19,4.04,19.74,34.21,4.67,33.33,50,48.28,68.97,36.36,56.06
2026-05-20,18,11,2026-05-20 13:40:00,4,日刊スポーツ杯争奪徳山オールレディース,4,3207,田村 美和,3,60,50.8,0,0,0.17,3.45,12.82,20.51,3.29,0,14.29,47.06,58.82,26.56,39.06
2026-05-20,18,11,2026-05-20 13:40:00,4,日刊スポーツ杯争奪徳山オールレディース,5,4781,西舘 果里,4,39,49.6,0,0,0.14,5,30.77,38.46,0,0,0,37.93,62.07,25.19,41.98
2026-05-20,18,11,2026-05-20 13:40:00,4,日刊スポーツ杯争奪徳山オールレディース,6,3334,角 ひとみ,2,57,45.5,0,0,0.2,5.3,38.84,54.55,6.94,47.22,80.56,32,52,25.95,45.04
2026-05-20,18,12,2026-05-20 14:13:00,4,日刊スポーツ杯争奪徳山オールレディース,1,4208,三浦 永理,1,43,47,0,0,0.15,7.05,52.88,73.08,6.8,25,70,60,80,28.13,42.19
2026-05-20,18,12,2026-05-20 14:13:00,4,日刊スポーツ杯争奪徳山オールレディース,2,5146,野田 彩加,3,23,49.4,0,0,0.15,5.33,28.95,51.32,5.46,32.5,55,14.29,35.71,44.7,59.85
2026-05-20,18,12,2026-05-20 14:13:00,4,日刊スポーツ杯争奪徳山オールレディース,3,4071,古賀 千晶,3,45,46.5,0,0,0.19,4.63,23.33,38.33,4.25,0,50,16.67,38.89,29.69,45.31
2026-05-20,18,12,2026-05-20 14:13:00,4,日刊スポーツ杯争奪徳山オールレディース,4,4546,浜田 亜理沙,1,38,47,0,0,0.16,5.85,36.67,53.33,0,0,0,32,60,23.85,45.38
2026-05-20,18,12,2026-05-20 14:13:00,4,日刊スポーツ杯争奪徳山オールレディース,5,3518,倉田 郁美,3,58,47.5,0,0,0.18,3.94,19.28,31.33,5.3,20,60,34.62,61.54,36.43,51.94
2026-05-20,18,12,2026-05-20 14:13:00,4,日刊スポーツ杯争奪徳山オールレディース,6,4773,中川 りな,2,32,48.9,0,0,0.19,5.78,38.76,63.57,5.43,38.1,52.38,16.67,33.33,35.16,54.69
2026-05-20,20,1,2026-05-20 17:41:00,5,MNBR若松1stマンスリーBOATRACE杯,1,4232,笠 雅雄,3,42,52.1,0,0,0.2,5.62,37.11,56.7,4.05,19.05,38.1,28.85,38.46,36.41,55.34
2026-05-20,20,1,2026-05-20 17:41:00,5,MNBR若松1stマンスリーBOATRACE杯,2,3807,岡部 哲,3,51,51,0,0,0.18,4.6,26.61,43.12,0,0,0,46.15,63.46,36.19,51.9
2026-05-20,20,1,2026-05-20 17:41:00,5,MNBR若松1stマンスリーBOATRACE杯,3,4442,松竹 大輔,3,39,52,0,0,0.15,5.79,43.43,52.53,5.43,42.86,57.14,27.27,47.47,27.36,45.77
2026-05-20,20,1,2026-05-20 17:41:00,5,MNBR若松1stマンスリーBOATRACE杯,4,4023,柴田 友和,3,48,52,0,0,0.18,4.16,23.6,35.96,4.85,30,50,38,52,29.9,46.39
2026-05-20,20,1,2026-05-20 17:41:00,5,MNBR若松1stマンスリーBOATRACE杯,5,4491,田中 堅,3,39,52.6,0,0,0.19,4.38,21.35,35.96,4.69,6.25,50,28.42,42.11,32.86,49.3
2026-05-20,20,1,2026-05-20 17:41:00,5,MNBR若松1stマンスリーBOATRACE杯,6,4268,和合 俊介,3,40,60.8,0,0,0.15,2.89,3.28,22.95,4.11,18.52,29.63,49.46,67.74,32.87,46.3
2026-05-20,20,2,2026-05-20 18:08:00,5,MNBR若松1stマンスリーBOATRACE杯,1,4651,佐藤 大騎,3,41,52,0,0,0.16,3.81,16.33,27.55,3.13,20,26.67,38.04,51.09,37.62,56.44
2026-05-20,20,2,2026-05-20 18:08:00,5,MNBR若松1stマンスリーBOATRACE杯,2,3458,東 健介,3,59,54.5,0,0,0.16,4.36,18.06,34.72,3.29,8.57,20,34.65,52.48,27.59,43.35
2026-05-20,20,2,2026-05-20 18:08:00,5,MNBR若松1stマンスリーBOATRACE杯,3,4425,大井 清貴,3,40,54.3,0,0,0.16,4.7,19.48,48.05,0,0,0,34.95,50.49,32.68,52.2
2026-05-20,20,2,2026-05-20 18:08:00,5,MNBR若松1stマンスリーBOATRACE杯,4,4467,渡邉 俊介,2,39,51.5,0,0,0.13,6.63,47.15,73.17,7.2,60,70,24.18,42.86,32.67,50
2026-05-20,20,2,2026-05-20 18:08:00,5,MNBR若松1stマンスリーBOATRACE杯,5,3605,中村 守成,3,54,53.3,0,0,0.18,4.18,23.08,30.77,3.14,0,28.57,51.55,70.1,35.26,52.56
2026-05-20,20,2,2026-05-20 18:08:00,5,MNBR若松1stマンスリーBOATRACE杯,6,5142,常住 蓮,1,25,51.5,0,0,0.12,7.42,59.62,75.96,5.45,36.36,45.45,31.25,45.83,34.3,49.76
2026-05-20,20,3,2026-05-20 18:34:00,5,MNBR若松1stマンスリーBOATRACE杯,1,4416,三宅 健太,3,39,52,0,0,0.17,5.25,30.36,48.21,5.93,46.67,66.67,32.99,52.58,33.64,48.6
2026-05-20,20,3,2026-05-20 18:34:00,5,MNBR若松1stマンスリーBOATRACE杯,2,4423,坂口 貴彦,3,37,54.1,0,0,0.17,5.05,31,49,5.57,28.57,57.14,41.18,53.92,34.31,55.39
2026-05-20,20,3,2026-05-20 18:34:00,5,MNBR若松1stマンスリーBOATRACE杯,3,4528,黒井 達矢,1,37,52,0,0,0.15,6.37,41.75,68.93,6.5,41.67,75,32.11,44.04,27.75,44.98
2026-05-20,20,3,2026-05-20 18:34:00,5,MNBR若松1stマンスリーBOATRACE杯,4,3797,岩井 繁,3,52,59.4,0,0,0.19,3.79,15.84,29.7,4.36,17.86,32.14,24.51,37.25,27.67,41.75
2026-05-20,20,3,2026-05-20 18:34:00,5,MNBR若松1stマンスリーBOATRACE杯,5,4540,相原 利章,2,38,52,1,0,0.12,5.61,35.92,56.31,5.61,28.57,57.14,28.57,47.62,34.74,52.58
2026-05-20,20,3,2026-05-20 18:34:00,5,MNBR若松1stマンスリーBOATRACE杯,6,5416,龍田 真白,4,20,44.5,0,0,0.19,2.84,10.14,15.94,0,0,0,33,45,32.2,52.2
2026-05-20,20,4,2026-05-20 19:03:00,5,MNBR若松1stマンスリーBOATRACE杯,1,3406,中里 英夫,2,57,52.5,0,0,0.17,5.18,31,52,5.67,33.33,50,42.71,58.33,29.21,46.53
2026-05-20,20,4,2026-05-20 19:03:00,5,MNBR若松1stマンスリーBOATRACE杯,2,5031,渡辺 空依,3,28,52.8,0,0,0.2,4.58,22.22,45.56,4.25,21.82,36.36,31.18,46.24,36.45,51.4
2026-05-20,20,4,2026-05-20 19:03:00,5,MNBR若松1stマンスリーBOATRACE杯,3,4009,小林 一樹,2,47,56.5,0,0,0.13,5.71,33.72,58.14,6.09,39.13,69.57,28.42,34.74,35.44,54.37
2026-05-20,20,4,2026-05-20 19:03:00,5,MNBR若松1stマンスリーBOATRACE杯,4,4027,松江 秀徳,3,48,52.3,0,0,0.16,5.59,34.88,53.49,5.53,36.84,47.37,42.16,64.71,32.51,48.77
2026-05-20,20,4,2026-05-20 19:03:00,5,MNBR若松1stマンスリーBOATRACE杯,5,4142,平野 和明,2,45,52.4,0,0,0.17,5.58,31.36,56.78,6.23,40,66.67,26.04,42.71,36.89,50.49
2026-05-20,20,4,2026-05-20 19:03:00,5,MNBR若松1stマンスリーBOATRACE杯,6,3976,内田 圭,3,49,52.1,0,0,0.18,3.79,19.54,28.74,3.55,20.69,27.59,34.34,56.57,31.4,44.44
2026-05-20,20,5,2026-05-20 19:30:00,5,MNBR若松1stマンスリーBOATRACE杯,1,4233,亀山 雅幸,2,42,52.3,0,0,0.18,5.99,40.98,65.57,6.36,45.45,72.73,34.95,57.28,28.57,45.41
2026-05-20,20,5,2026-05-20 19:30:00,5,MNBR若松1stマンスリーBOATRACE杯,2,4514,上條 嘉嗣,1,36,52,0,0,0.18,6.54,51.22,68.29,8.33,77.78,88.89,36.79,52.83,46.3,67.13
2026-05-20,20,5,2026-05-20 19:30:00,5,MNBR若松1stマンスリーBOATRACE杯,3,4491,田中 堅,3,39,52.6,0,0,0.19,4.38,21.35,35.96,4.69,6.25,50,28.42,42.11,32.86,49.3
2026-05-20,20,5,2026-05-20 19:30:00,5,MNBR若松1stマンスリーBOATRACE杯,4,4521,小池 公生,1,39,52,0,0,0.17,4.7,26.21,39.81,4.1,16.67,26.67,42.27,56.7,37.96,52.31
2026-05-20,20,5,2026-05-20 19:30:00,5,MNBR若松1stマンスリーBOATRACE杯,5,4680,後藤 美翼,3,36,46.5,0,0,0.19,5.77,39.74,57.69,0,0,0,25.27,39.56,31.34,49.77
2026-05-20,20,5,2026-05-20 19:30:00,5,MNBR若松1stマンスリーBOATRACE杯,6,4085,荻野 裕介,3,46,52,0,0,0.2,5.13,28.36,53.73,3.94,11.11,38.89,39.42,57.69,30.05,49.74
2026-05-20,20,6,2026-05-20 19:56:00,5,MNBR若松1stマンスリーBOATRACE杯,1,4568,廣瀬 真也,2,38,51.5,0,0,0.16,5.36,34.38,52.08,6.62,57.69,76.92,33.33,48.39,31.43,51.9
2026-05-20,20,6,2026-05-20 19:56:00,5,MNBR若松1stマンスリーBOATRACE杯,2,5020,宮村 勇哉,3,34,53.9,0,0,0.15,4.4,23.33,38.33,2.63,12.5,25,27.96,47.31,37.33,52.53
2026-05-20,20,6,2026-05-20 19:56:00,5,MNBR若松1stマンスリーBOATRACE杯,3,3978,齊藤 仁,1,48,50.5,0,0,0.13,5.98,38.95,54.74,7.41,52.94,64.71,32.99,48.45,35.48,52.07
2026-05-20,20,6,2026-05-20 19:56:00,5,MNBR若松1stマンスリーBOATRACE杯,4,4268,和合 俊介,3,40,60.8,0,0,0.15,2.89,3.28,22.95,4.11,18.52,29.63,49.46,67.74,32.87,46.3
2026-05-20,20,6,2026-05-20 19:56:00,5,MNBR若松1stマンスリーBOATRACE杯,5,4553,坪口 竜也,2,37,52.4,0,0,0.14,6.12,41.51,65.09,7,42.86,85.71,29.29,49.49,34.98,54.68
2026-05-20,20,6,2026-05-20 19:56:00,5,MNBR若松1stマンスリーBOATRACE杯,6,4164,岩永 節也,3,44,52,0,0,0.19,4.24,20.48,40.96,3.4,12,32,29.9,49.48,30.58,44.66
2026-05-20,20,7,2026-05-20 20:25:00,5,MNBR若松1stマンスリーBOATRACE杯,1,4804,高田 ひかる,1,31,47.1,0,0,0.17,6.58,49.53,61.68,5.6,30,60,36.27,50,40.95,56.19
2026-05-20,20,7,2026-05-20 20:25:00,5,MNBR若松1stマンスリーBOATRACE杯,2,3605,中村 守成,3,54,53.3,0,0,0.18,4.18,23.08,30.77,3.14,0,28.57,51.55,70.1,35.26,52.56
2026-05-20,20,7,2026-05-20 20:25:00,5,MNBR若松1stマンスリーBOATRACE杯,3,4158,木場 雄二郎,3,44,55.8,0,0,0.17,4.81,28.92,45.78,3.5,16.67,29.17,27.36,52.83,32.2,46.83
2026-05-20,20,7,2026-05-20 20:25:00,5,MNBR若松1stマンスリーBOATRACE杯,4,3807,岡部 哲,3,51,51,0,0,0.18,4.6,26.61,43.12,0,0,0,46.15,63.46,36.19,51.9
2026-05-20,20,7,2026-05-20 20:25:00,5,MNBR若松1stマンスリーBOATRACE杯,5,4023,柴田 友和,3,48,52,0,0,0.18,4.16,23.6,35.96,4.85,30,50,38,52,29.9,46.39
2026-05-20,20,7,2026-05-20 20:25:00,5,MNBR若松1stマンスリーBOATRACE杯,6,4467,渡邉 俊介,2,39,51.5,0,0,0.13,6.63,47.15,73.17,7.2,60,70,24.18,42.86,32.67,50
2026-05-20,20,8,2026-05-20 21:00:00,5,MNBR若松1stマンスリーBOATRACE杯,1,4540,相原 利章,2,38,52,1,0,0.12,5.61,35.92,56.31,5.61,28.57,57.14,28.57,47.62,34.74,52.58
2026-05-20,20,8,2026-05-20 21:00:00,5,MNBR若松1stマンスリーBOATRACE杯,2,4528,黒井 達矢,1,37,52,0,0,0.15,6.37,41.75,68.93,6.5,41.67,75,32.11,44.04,27.75,44.98
2026-05-20,20,8,2026-05-20 21:00:00,5,MNBR若松1stマンスリーBOATRACE杯,3,5142,常住 蓮,1,25,51.5,0,0,0.12,7.42,59.62,75.96,5.45,36.36,45.45,31.25,45.83,34.3,49.76
2026-05-20,20,8,2026-05-20 21:00:00,5,MNBR若松1stマンスリーBOATRACE杯,4,4425,大井 清貴,3,40,54.3,0,0,0.16,4.7,19.48,48.05,0,0,0,34.95,50.49,32.68,52.2
2026-05-20,20,8,2026-05-20 21:00:00,5,MNBR若松1stマンスリーBOATRACE杯,5,4442,松竹 大輔,3,39,52,0,0,0.15,5.79,43.43,52.53,5.43,42.86,57.14,27.27,47.47,27.36,45.77
2026-05-20,20,8,2026-05-20 21:00:00,5,MNBR若松1stマンスリーBOATRACE杯,6,4880,澤崎 雄哉,3,31,52.9,0,0,0.17,5.36,35.9,56.41,4.75,25,50,26.8,42.27,28.04,44.86
2026-05-20,20,9,2026-05-20 21:28:00,5,MNBR若松1stマンスリーBOATRACE杯,1,4927,関野 文,2,32,44,0,0,0.16,5.55,34.96,55.28,5.09,31.25,40.63,37.38,57.01,33.17,49.52
2026-05-20,20,9,2026-05-20 21:28:00,5,MNBR若松1stマンスリーBOATRACE杯,2,5358,増本 杏珠,3,20,49.1,0,0,0.17,2.8,3.33,16.67,2.48,4.35,8.7,34.91,45.28,41.67,57.35
2026-05-20,20,9,2026-05-20 21:28:00,5,MNBR若松1stマンスリーBOATRACE杯,3,5163,清水 愛海,1,26,47,0,0,0.17,6.16,45.56,63.33,5.94,38.89,61.11,20.21,44.68,29.33,45.67
2026-05-20,20,9,2026-05-20 21:28:00,5,MNBR若松1stマンスリーBOATRACE杯,4,5031,渡辺 空依,3,28,52.8,0,0,0.2,4.58,22.22,45.56,4.25,21.82,36.36,31.18,46.24,36.45,51.4
2026-05-20,20,9,2026-05-20 21:28:00,5,MNBR若松1stマンスリーBOATRACE杯,5,5416,龍田 真白,4,20,44.5,0,0,0.19,2.84,10.14,15.94,0,0,0,33,45,32.2,52.2
2026-05-20,20,9,2026-05-20 21:28:00,5,MNBR若松1stマンスリーBOATRACE杯,6,5151,山下 奈緒,3,31,47,0,0,0.21,4.5,19.79,37.5,4.28,16.67,33.33,24.24,42.42,32.86,50.95
2026-05-20,20,10,2026-05-20 21:57:00,5,MNBR若松1stマンスリーBOATRACE杯,1,4521,小池 公生,1,39,52,0,0,0.17,4.7,26.21,39.81,4.1,16.67,26.67,42.27,56.7,37.96,52.31
2026-05-20,20,10,2026-05-20 21:57:00,5,MNBR若松1stマンスリーBOATRACE杯,2,4680,後藤 美翼,3,36,46.5,0,0,0.19,5.77,39.74,57.69,0,0,0,25.27,39.56,31.34,49.77
2026-05-20,20,10,2026-05-20 21:57:00,5,MNBR若松1stマンスリーBOATRACE杯,3,3406,中里 英夫,2,57,52.5,0,0,0.17,5.18,31,52,5.67,33.33,50,42.71,58.33,29.21,46.53
2026-05-20,20,10,2026-05-20 21:57:00,5,MNBR若松1stマンスリーBOATRACE杯,4,4009,小林 一樹,2,47,56.5,0,0,0.13,5.71,33.72,58.14,6.09,39.13,69.57,28.42,34.74,35.44,54.37
2026-05-20,20,10,2026-05-20 21:57:00,5,MNBR若松1stマンスリーBOATRACE杯,5,4423,坂口 貴彦,3,37,54.1,0,0,0.17,5.05,31,49,5.57,28.57,57.14,41.18,53.92,34.31,55.39
2026-05-20,20,10,2026-05-20 21:57:00,5,MNBR若松1stマンスリーBOATRACE杯,6,4416,三宅 健太,3,39,52,0,0,0.17,5.25,30.36,48.21,5.93,46.67,66.67,32.99,52.58,33.64,48.6
2026-05-20,20,11,2026-05-20 22:27:00,5,MNBR若松1stマンスリーBOATRACE杯,1,5158,宮脇 遼太,2,28,52.4,0,0,0.17,6.77,53.77,66.98,6.41,48.65,62.16,36.19,53.33,38.92,58.13
2026-05-20,20,11,2026-05-20 22:27:00,5,MNBR若松1stマンスリーBOATRACE杯,2,5129,山口 真喜子,2,29,47.6,0,0,0.18,5.82,36.73,58.16,4.57,19.05,28.57,40.78,64.08,41.98,58.02
2026-05-20,20,11,2026-05-20 22:27:00,5,MNBR若松1stマンスリーBOATRACE杯,3,4535,北山 康介,1,36,53,0,0,0.14,6.06,41.56,63.64,5.06,37.5,43.75,34.58,45.79,34.58,54.21
2026-05-20,20,11,2026-05-20 22:27:00,5,MNBR若松1stマンスリーBOATRACE杯,4,4488,小山 勉,1,39,52,0,0,0.19,6.7,50,72.81,6.14,42.86,71.43,37.62,64.36,39.52,54.76
2026-05-20,20,11,2026-05-20 22:27:00,5,MNBR若松1stマンスリーBOATRACE杯,5,4503,上野 真之介,1,38,52,0,0,0.12,7.7,61.82,70,8.02,65.12,81.4,33.33,55.56,29.19,46.41
2026-05-20,20,11,2026-05-20 22:27:00,5,MNBR若松1stマンスリーBOATRACE杯,6,3893,汐崎 正則,3,50,52,0,0,0.16,4.43,22.22,38.89,5.6,40,60,34.34,53.54,30.1,50
2026-05-20,20,12,2026-05-20 22:54:00,5,MNBR若松1stマンスリーBOATRACE杯,1,4514,上條 嘉嗣,1,36,52,0,0,0.18,6.54,51.22,68.29,8.33,77.78,88.89,36.79,52.83,46.3,67.13
2026-05-20,20,12,2026-05-20 22:54:00,5,MNBR若松1stマンスリーBOATRACE杯,2,3978,齊藤 仁,1,48,50.5,0,0,0.13,5.98,38.95,54.74,7.41,52.94,64.71,32.99,48.45,35.48,52.07
2026-05-20,20,12,2026-05-20 22:54:00,5,MNBR若松1stマンスリーBOATRACE杯,3,4027,松江 秀徳,3,48,52.3,0,0,0.16,5.59,34.88,53.49,5.53,36.84,47.37,42.16,64.71,32.51,48.77
2026-05-20,20,12,2026-05-20 22:54:00,5,MNBR若松1stマンスリーBOATRACE杯,4,4804,高田 ひかる,1,31,47.1,0,0,0.17,6.58,49.53,61.68,5.6,30,60,36.27,50,40.95,56.19
2026-05-20,20,12,2026-05-20 22:54:00,5,MNBR若松1stマンスリーBOATRACE杯,5,4233,亀山 雅幸,2,42,52.3,0,0,0.18,5.99,40.98,65.57,6.36,45.45,72.73,34.95,57.28,28.57,45.41
2026-05-20,20,12,2026-05-20 22:54:00,5,MNBR若松1stマンスリーBOATRACE杯,6,5020,宮村 勇哉,3,34,53.9,0,0,0.15,4.4,23.33,38.33,2.63,12.5,25,27.96,47.31,37.33,52.53
2026-05-20,21,1,2026-05-20 10:48:00,2,読売新聞社杯全日本王座決定戦開設74周年記念,1,4772,石丸 海渡,1,32,56.2,0,0,0.11,6.4,50.41,65.04,7.57,60,82.86,22.22,44.44,39.29,53.57
2026-05-20,21,1,2026-05-20 10:48:00,2,読売新聞社杯全日本王座決定戦開設74周年記念,2,4682,大上 卓人,1,35,52,0,0,0.14,7.44,54.46,69.31,0,0,0,30.77,57.69,65,85
2026-05-20,21,1,2026-05-20 10:48:00,2,読売新聞社杯全日本王座決定戦開設74周年記念,3,4851,関 浩哉,1,31,50.5,0,0,0.14,7.66,56.04,69.23,5.33,33.33,33.33,45,55,32.14,35.71
2026-05-20,21,1,2026-05-20 10:48:00,2,読売新聞社杯全日本王座決定戦開設74周年記念,4,3719,辻 栄蔵,1,51,52.1,0,0,0.15,7.11,48.54,70.87,5,40,40,52.63,68.42,23.53,41.18
2026-05-20,21,1,2026-05-20 10:48:00,2,読売新聞社杯全日本王座決定戦開設74周年記念,5,4932,新開 航,1,30,52,0,0,0.15,7.58,54.95,75.68,7.44,56.79,79.01,15.38,34.62,61.11,72.22
2026-05-20,21,1,2026-05-20 10:48:00,2,読売新聞社杯全日本王座決定戦開設74周年記念,6,4494,河合 佑樹,1,39,52,1,0,0.13,6.88,49,64,6.15,45,55,16,24,26.32,36.84
2026-05-20,21,2,2026-05-20 11:18:00,2,読売新聞社杯全日本王座決定戦開設74周年記念,1,4497,桑原 悠,1,38,52,0,0,0.14,7.07,54.44,66.67,6.05,36.84,52.63,27.78,50,57.14,71.43
2026-05-20,21,2,2026-05-20 11:18:00,2,読売新聞社杯全日本王座決定戦開設74周年記念,2,4760,山崎 郡,1,36,51.5,0,0,0.14,7.35,50,71.32,4.78,11.11,22.22,52.63,57.89,47.37,63.16
2026-05-20,21,2,2026-05-20 11:18:00,2,読売新聞社杯全日本王座決定戦開設74周年記念,3,4586,磯部 誠,1,35,52.8,0,0,0.12,7.19,54.74,65.26,5.93,40,40,52.94,76.47,53.57,78.57
2026-05-20,21,2,2026-05-20 11:18:00,2,読売新聞社杯全日本王座決定戦開設74周年記念,4,4736,高倉 和士,1,34,52.2,0,0,0.12,6.51,50.48,68.57,6.97,56.06,68.18,22.22,33.33,13.04,26.09
2026-05-20,21,2,2026-05-20 11:18:00,2,読売新聞社杯全日本王座決定戦開設74周年記念,5,3854,吉川 元浩,1,53,51,0,0,0.13,6.76,44.94,62.92,0,0,0,15.38,30.77,41.38,48.28
2026-05-20,21,2,2026-05-20 11:18:00,2,読売新聞社杯全日本王座決定戦開設74周年記念,6,4914,吉田 裕平,1,29,52,1,0,0.11,7.19,52.38,65.71,8.13,62.5,75,38.1,52.38,12.5,37.5
2026-05-20,21,3,2026-05-20 11:48:00,2,読売新聞社杯全日本王座決定戦開設74周年記念,1,4831,羽野 直也,1,31,53.5,0,0,0.15,7.22,49.45,68.13,6.94,50.63,69.62,47.37,57.89,22.22,38.89
2026-05-20,21,3,2026-05-20 11:48:00,2,読売新聞社杯全日本王座決定戦開設74周年記念,2,5217,藤原 碧生,1,26,52,0,0,0.16,6.82,43.96,69.23,7.44,63.41,80.49,25.93,51.85,41.38,62.07
2026-05-20,21,3,2026-05-20 11:48:00,2,読売新聞社杯全日本王座決定戦開設74周年記念,3,4524,深谷 知博,1,38,52,1,0,0.12,6.85,42.98,60.53,5.56,22.22,33.33,41.38,51.72,20,40
2026-05-20,21,3,2026-05-20 11:48:00,2,読売新聞社杯全日本王座決定戦開設74周年記念,4,3590,濱野谷 憲吾,1,52,53.2,0,0,0.14,6.45,42.86,60,6.44,22.22,66.67,65,80,20.83,41.67
2026-05-20,21,3,2026-05-20 11:48:00,2,読売新聞社杯全日本王座決定戦開設74周年記念,5,5267,石本 裕武,1,25,52,0,0,0.15,6.69,48.48,68.18,7.2,60,70,40,53.33,55,60
2026-05-20,21,3,2026-05-20 11:48:00,2,読売新聞社杯全日本王座決定戦開設74周年記念,6,4848,仲谷 颯仁,1,31,52,0,0,0.15,7.23,51.14,64.77,7.34,54.72,66.04,17.39,39.13,22.22,38.89
2026-05-20,21,4,2026-05-20 12:18:00,2,読売新聞社杯全日本王座決定戦開設74周年記念,1,3960,菊地 孝平,1,47,52.1,0,0,0.11,6.72,42.99,57.01,7.22,44.44,55.56,33.33,38.89,80,90
2026-05-20,21,4,2026-05-20 12:18:00,2,読売新聞社杯全日本王座決定戦開設74周年記念,2,4686,丸野 一樹,1,34,52.8,0,0,0.15,6.82,44.55,60,5.58,33.33,41.67,60,70,27.78,50
2026-05-20,21,4,2026-05-20 12:18:00,2,読売新聞社杯全日本王座決定戦開設74周年記念,3,3721,守田 俊介,1,50,52,0,0,0.12,6.33,44.33,59.79,4.5,25,25,36.84,52.63,42.11,47.37
2026-05-20,21,4,2026-05-20 12:18:00,2,読売新聞社杯全日本王座決定戦開設74周年記念,4,4539,金子 賢志,1,35,52,0,0,0.14,6.61,48.74,62.18,7.43,71.43,71.43,33.33,50,26.32,52.63
2026-05-20,21,4,2026-05-20 12:18:00,2,読売新聞社杯全日本王座決定戦開設74周年記念,5,3779,原田 幸哉,1,50,52,1,0,0.1,6.35,35.79,49.47,6.56,33.33,66.67,42.11,47.37,52.63,78.95
2026-05-20,21,4,2026-05-20 12:18:00,2,読売新聞社杯全日本王座決定戦開設74周年記念,6,4566,塩田 北斗,1,38,53.5,1,0,0.14,6.37,37.5,53.85,6.88,50,68.75,80,95,17.39,34.78
2026-05-20,21,5,2026-05-20 12:48:00,2,読売新聞社杯全日本王座決定戦開設74周年記念,1,4371,西山 貴浩,1,39,52.2,0,0,0.13,7.49,51.16,66.28,8.09,68.57,80,41.67,58.33,31.58,73.68
2026-05-20,21,5,2026-05-20 12:48:00,2,読売新聞社杯全日本王座決定戦開設74周年記念,2,4886,入海 馨,1,30,53.4,0,0,0.14,6.02,32.38,54.29,7,43.75,50,16.67,33.33,19.23,34.62
2026-05-20,21,5,2026-05-20 12:48:00,2,読売新聞社杯全日本王座決定戦開設74周年記念,3,4579,中嶋 健一郎,1,36,52.2,0,0,0.16,6.21,39.25,62.62,6.04,50,58.33,40,55,38.89,55.56
2026-05-20,21,5,2026-05-20 12:48:00,2,読売新聞社杯全日本王座決定戦開設74周年記念,4,4344,新田 雄史,1,41,52.9,0,0,0.12,7.62,49,73,7.11,52.63,57.89,76.19,80.95,33.33,44.44
2026-05-20,21,5,2026-05-20 12:48:00,2,読売新聞社杯全日本王座決定戦開設74周年記念,5,4477,篠崎 仁志,1,38,52.1,0,0,0.13,7.51,54.39,73.68,6.7,45.65,69.57,27.78,61.11,50,61.11
2026-05-20,21,5,2026-05-20 12:48:00,2,読売新聞社杯全日本王座決定戦開設74周年記念,6,4544,松田 大志郎,1,38,52,1,0,0.16,7.75,63.77,79.71,7.74,61.43,80,40.74,55.56,35,50
2026-05-20,21,6,2026-05-20 13:19:00,2,読売新聞社杯全日本王座決定戦開設74周年記念,1,4262,馬場 貴也,1,42,52.7,0,0,0.14,7.2,47.83,67.83,6.44,44.44,55.56,26.67,60,35,50
2026-05-20,21,6,2026-05-20 13:19:00,2,読売新聞社杯全日本王座決定戦開設74周年記念,2,4573,佐藤 翼,1,37,52,1,0,0.13,6.68,40.74,60.19,0,0,0,47.37,57.89,52.63,52.63
2026-05-20,21,6,2026-05-20 13:19:00,2,読売新聞社杯全日本王座決定戦開設74周年記念,3,3783,瓜生 正義,1,50,52.2,0,0,0.15,6.9,44.35,64.35,7.18,59.15,70.42,30,35,52.94,70.59
2026-05-20,21,6,2026-05-20 13:19:00,2,読売新聞社杯全日本王座決定戦開設74周年記念,4,4851,関 浩哉,1,31,50.5,0,0,0.14,7.66,56.04,69.23,5.33,33.33,33.33,45,55,32.14,35.71
2026-05-20,21,6,2026-05-20 13:19:00,2,読売新聞社杯全日本王座決定戦開設74周年記念,5,4736,高倉 和士,1,34,52.2,0,0,0.12,6.51,50.48,68.57,6.97,56.06,68.18,22.22,33.33,13.04,26.09
2026-05-20,21,6,2026-05-20 13:19:00,2,読売新聞社杯全日本王座決定戦開設74周年記念,6,4030,森高 一真,1,47,50,0,0,0.14,6.8,37.84,58.56,6.31,41.38,55.17,50,65,100,100
2026-05-20,21,7,2026-05-20 13:51:00,2,読売新聞社杯全日本王座決定戦開設74周年記念,1,3941,池田 浩二,1,48,52,0,0,0.13,8.15,60.19,76.85,8.06,58.82,64.71,57.89,78.95,30.77,46.15
2026-05-20,21,7,2026-05-20 13:51:00,2,読売新聞社杯全日本王座決定戦開設74周年記念,2,3719,辻 栄蔵,1,51,52.1,0,0,0.15,7.11,48.54,70.87,5,40,40,52.63,68.42,23.53,41.18
2026-05-20,21,7,2026-05-20 13:51:00,2,読売新聞社杯全日本王座決定戦開設74周年記念,3,3388,今垣 光太郎,1,56,52,1,0,0.15,6.81,50,63.95,6.45,54.55,63.64,29.41,52.94,36.84,57.89
2026-05-20,21,7,2026-05-20 13:51:00,2,読売新聞社杯全日本王座決定戦開設74周年記念,4,4939,宮之原 輝紀,1,28,52.5,0,0,0.14,6.76,49.5,60.4,6.78,44.44,66.67,36.84,63.16,42.11,68.42
2026-05-20,21,7,2026-05-20 13:51:00,2,読売新聞社杯全日本王座決定戦開設74周年記念,5,4445,宮地 元輝,1,39,54.1,0,0,0.11,6.77,41.07,58.04,6.18,35.71,50,27.78,44.44,33.33,33.33
2026-05-20,21,7,2026-05-20 13:51:00,2,読売新聞社杯全日本王座決定戦開設74周年記念,6,4337,平本 真之,1,42,53.5,0,0,0.13,7.64,54.1,73.77,7.63,62.5,75,26.32,47.37,19.23,50
2026-05-20,21,8,2026-05-20 14:23:00,2,読売新聞社杯全日本王座決定戦開設74周年記念,1,4444,桐生 順平,1,39,52,0,0,0.14,7.07,43.68,65.52,6,22.22,44.44,31.58,52.63,52.63,68.42
2026-05-20,21,8,2026-05-20 14:23:00,2,読売新聞社杯全日本王座決定戦開設74周年記念,2,3721,守田 俊介,1,50,52,0,0,0.12,6.33,44.33,59.79,4.5,25,25,36.84,52.63,42.11,47.37
2026-05-20,21,8,2026-05-20 14:23:00,2,読売新聞社杯全日本王座決定戦開設74周年記念,3,4848,仲谷 颯仁,1,31,52,0,0,0.15,7.23,51.14,64.77,7.34,54.72,66.04,17.39,39.13,22.22,38.89
2026-05-20,21,8,2026-05-20 14:23:00,2,読売新聞社杯全日本王座決定戦開設74周年記念,4,5121,定松 勇樹,1,25,52,0,0,0.14,8.11,66.39,77.87,7.23,48.57,74.29,29.41,41.18,55.56,66.67
2026-05-20,21,8,2026-05-20 14:23:00,2,読売新聞社杯全日本王座決定戦開設74周年記念,5,4686,丸野 一樹,1,34,52.8,0,0,0.15,6.82,44.55,60,5.58,33.33,41.67,60,70,27.78,50
2026-05-20,21,8,2026-05-20 14:23:00,2,読売新聞社杯全日本王座決定戦開設74周年記念,6,5084,末永 和也,1,27,52,0,0,0.13,7.21,50,65.18,6.33,40,60,47.37,68.42,27.78,38.89
2026-05-20,21,9,2026-05-20 14:55:00,2,読売新聞社杯全日本王座決定戦開設74周年記念,1,4205,山口 剛,1,43,52.2,0,0,0.12,7.81,56.98,72.09,6.71,33.33,75,50,61.11,44.44,61.11
2026-05-20,21,9,2026-05-20 14:55:00,2,読売新聞社杯全日本王座決定戦開設74周年記念,2,4953,尾上 雅也,1,31,52,0,0,0.14,6.8,55.88,69.61,6.25,50,62.5,48,68,40,52
2026-05-20,21,9,2026-05-20 14:55:00,2,読売新聞社杯全日本王座決定戦開設74周年記念,3,4980,佐々木 完太,1,29,52,0,0,0.15,7.07,53.23,65.32,6.75,50,64.71,25.93,37.04,11.54,46.15
2026-05-20,21,9,2026-05-20 14:55:00,2,読売新聞社杯全日本王座決定戦開設74周年記念,4,3779,原田 幸哉,1,50,52,1,0,0.1,6.35,35.79,49.47,6.56,33.33,66.67,42.11,47.37,52.63,78.95
2026-05-20,21,9,2026-05-20 14:55:00,2,読売新聞社杯全日本王座決定戦開設74周年記念,5,4524,深谷 知博,1,38,52,1,0,0.12,6.85,42.98,60.53,5.56,22.22,33.33,41.38,51.72,20,40
2026-05-20,21,9,2026-05-20 14:55:00,2,読売新聞社杯全日本王座決定戦開設74周年記念,6,3897,白井 英治,1,49,53.7,0,0,0.13,7.54,50.94,69.81,6.89,44.44,55.56,44,60,38.89,44.44
2026-05-20,21,10,2026-05-20 15:30:00,2,読売新聞社杯全日本王座決定戦開設74周年記念,1,4573,佐藤 翼,1,37,52,1,0,0.13,6.68,40.74,60.19,0,0,0,47.37,57.89,52.63,52.63
2026-05-20,21,10,2026-05-20 15:30:00,2,読売新聞社杯全日本王座決定戦開設74周年記念,2,4497,桑原 悠,1,38,52,0,0,0.14,7.07,54.44,66.67,6.05,36.84,52.63,27.78,50,57.14,71.43
2026-05-20,21,10,2026-05-20 15:30:00,2,読売新聞社杯全日本王座決定戦開設74周年記念,3,4371,西山 貴浩,1,39,52.2,0,0,0.13,7.49,51.16,66.28,8.09,68.57,80,41.67,58.33,31.58,73.68
2026-05-20,21,10,2026-05-20 15:30:00,2,読売新聞社杯全日本王座決定戦開設74周年記念,4,4262,馬場 貴也,1,42,52.7,0,0,0.14,7.2,47.83,67.83,6.44,44.44,55.56,26.67,60,35,50
2026-05-20,21,10,2026-05-20 15:30:00,2,読売新聞社杯全日本王座決定戦開設74周年記念,5,4831,羽野 直也,1,31,53.5,0,0,0.15,7.22,49.45,68.13,6.94,50.63,69.62,47.37,57.89,22.22,38.89
2026-05-20,21,10,2026-05-20 15:30:00,2,読売新聞社杯全日本王座決定戦開設74周年記念,6,4772,石丸 海渡,1,32,56.2,0,0,0.11,6.4,50.41,65.04,7.57,60,82.86,22.22,44.44,39.29,53.57
2026-05-20,21,11,2026-05-20 16:05:00,2,読売新聞社杯全日本王座決定戦開設74周年記念,1,3590,濱野谷 憲吾,1,52,53.2,0,0,0.14,6.45,42.86,60,6.44,22.22,66.67,65,80,20.83,41.67
2026-05-20,21,11,2026-05-20 16:05:00,2,読売新聞社杯全日本王座決定戦開設74周年記念,2,4586,磯部 誠,1,35,52.8,0,0,0.12,7.19,54.74,65.26,5.93,40,40,52.94,76.47,53.57,78.57
2026-05-20,21,11,2026-05-20 16:05:00,2,読売新聞社杯全日本王座決定戦開設74周年記念,3,3941,池田 浩二,1,48,52,0,0,0.13,8.15,60.19,76.85,8.06,58.82,64.71,57.89,78.95,30.77,46.15
2026-05-20,21,11,2026-05-20 16:05:00,2,読売新聞社杯全日本王座決定戦開設74周年記念,4,4444,桐生 順平,1,39,52,0,0,0.14,7.07,43.68,65.52,6,22.22,44.44,31.58,52.63,52.63,68.42
2026-05-20,21,11,2026-05-20 16:05:00,2,読売新聞社杯全日本王座決定戦開設74周年記念,5,4682,大上 卓人,1,35,52,0,0,0.14,7.44,54.46,69.31,0,0,0,30.77,57.69,65,85
2026-05-20,21,11,2026-05-20 16:05:00,2,読売新聞社杯全日本王座決定戦開設74周年記念,6,3960,菊地 孝平,1,47,52.1,0,0,0.11,6.72,42.99,57.01,7.22,44.44,55.56,33.33,38.89,80,90
2026-05-20,21,12,2026-05-20 16:45:00,2,読売新聞社杯全日本王座決定戦開設74周年記念,1,4013,中島 孝平,1,46,52,0,0,0.13,6.87,46.09,61.74,6.78,22.22,55.56,38.89,72.22,22.22,44.44
2026-05-20,21,12,2026-05-20 16:45:00,2,読売新聞社杯全日本王座決定戦開設74周年記念,2,4320,峰 竜太,1,41,51.5,0,0,0.14,7.88,53.33,74.44,8.33,63.89,80.56,38.89,66.67,36.84,52.63
2026-05-20,21,12,2026-05-20 16:45:00,2,読売新聞社杯全日本王座決定戦開設74周年記念,3,4719,上條 暢嵩,1,32,51.5,0,0,0.13,7.31,47.11,66.94,6.83,44.83,62.07,33.33,50,55,85
2026-05-20,21,12,2026-05-20 16:45:00,2,読売新聞社杯全日本王座決定戦開設74周年記念,4,4290,稲田 浩二,1,41,52,0,0,0.13,6.95,47.5,69.17,7.7,70,85,42.11,57.89,25,55
2026-05-20,21,12,2026-05-20 16:45:00,2,読売新聞社杯全日本王座決定戦開設74周年記念,5,4168,石野 貴之,1,43,52,0,0,0.13,6.92,50.46,66.06,5.72,34.48,65.52,35.29,58.82,46.67,56.67
2026-05-20,21,12,2026-05-20 16:45:00,2,読売新聞社杯全日本王座決定戦開設74周年記念,6,4504,前田 将太,1,38,52.9,0,0,0.14,6.05,39.76,53.01,6.77,45.45,59.09,35,45,24,36
