race_date,stadium_number,race_number,race_closed_at,race_grade_number,race_title,boat_number,racer_number,racer_name,racer_class_number,racer_age,racer_weight,racer_flying_count,racer_late_count,racer_average_start_timing,racer_national_top_1_percent,racer_national_top_2_percent,racer_national_top_3_percent,racer_local_top_1_percent,racer_local_top_2_percent,racer_local_top_3_percent,racer_assigned_motor_top_2_percent,racer_assigned_motor_top_3_percent,racer_assigned_boat_top_2_percent,racer_assigned_boat_top_3_percent
2026-09-06,1,1,2026-09-06 15:19:00,5,バスケで群馬を熱くする群馬クレインサンダーズカップ,1,3867,松浦 勝,3,51,56.5,0,0,0.18,2.85,8,18.67,2.44,11.11,11.11,32.83,50.51,35.43,53.71
2026-09-06,1,1,2026-09-06 15:19:00,5,バスケで群馬を熱くする群馬クレインサンダーズカップ,2,5228,若林 樹蘭,2,23,52,1,0,0.17,5.72,35.56,54.44,5.67,33.33,50,37.43,52.94,30.43,48.37
2026-09-06,1,1,2026-09-06 15:19:00,5,バスケで群馬を熱くする群馬クレインサンダーズカップ,3,4557,松尾 光広,3,36,53.2,0,0,0.21,3.83,16.28,31.4,4.31,26.92,34.62,33.33,51.32,41.81,61.02
2026-09-06,1,1,2026-09-06 15:19:00,5,バスケで群馬を熱くする群馬クレインサンダーズカップ,4,4531,武富 智亮,2,37,52.8,0,0,0.16,6.31,42.98,68.6,0,0,0,25.2,36.59,33.33,50.27
2026-09-06,1,1,2026-09-06 15:19:00,5,バスケで群馬を熱くする群馬クレインサンダーズカップ,5,3202,三品 隆浩,3,61,52,0,0,0.2,4.76,30.95,42.86,2.96,8,20,33.16,54.21,30,44.12
2026-09-06,1,1,2026-09-06 15:19:00,5,バスケで群馬を熱くする群馬クレインサンダーズカップ,6,5430,鳥本 智史,4,22,51.5,1,0,0.18,1.39,0,2.63,1.33,0,0,27.65,45.29,34.46,47.46
2026-09-06,1,2,2026-09-06 15:43:00,5,バスケで群馬を熱くする群馬クレインサンダーズカップ,1,3305,小野 信樹,3,58,53.2,0,0,0.17,3.57,15.19,26.58,3.94,25,34.38,33.33,54.3,41.36,54.45
2026-09-06,1,2,2026-09-06 15:43:00,5,バスケで群馬を熱くする群馬クレインサンダーズカップ,2,3475,橋本 久和,3,56,52.1,0,0,0.19,5.22,35.44,43.04,5.91,41.53,59.32,35.59,49.15,34.43,46.99
2026-09-06,1,2,2026-09-06 15:43:00,5,バスケで群馬を熱くする群馬クレインサンダーズカップ,3,4232,笠 雅雄,3,43,52.2,0,0,0.17,5.91,39.13,58.7,3.38,17.65,26.47,25.3,37.95,32.61,48.37
2026-09-06,1,2,2026-09-06 15:43:00,5,バスケで群馬を熱くする群馬クレインサンダーズカップ,4,4380,鈴木 峻佑,3,42,52.7,0,0,0.17,5,30.93,44.33,3.72,27.78,27.78,21.55,39.66,35.39,56.18
2026-09-06,1,2,2026-09-06 15:43:00,5,バスケで群馬を熱くする群馬クレインサンダーズカップ,5,4342,谷野 錬志,2,41,53.2,0,0,0.15,6.39,37.5,60.23,7,57.89,68.42,36.09,57.4,32.42,47.25
2026-09-06,1,2,2026-09-06 15:43:00,5,バスケで群馬を熱くする群馬クレインサンダーズカップ,6,4877,鈴谷 一平,1,31,55.1,0,0,0.14,6.2,44.25,60.18,6.47,41.18,64.71,39.72,61.7,36.36,54.55
2026-09-06,1,3,2026-09-06 16:06:00,5,バスケで群馬を熱くする群馬クレインサンダーズカップ,1,3681,山谷 央,3,53,52,1,0,0.15,4.82,28.79,42.42,4.68,15.79,47.37,32.28,50.79,34.66,48.86
2026-09-06,1,3,2026-09-06 16:06:00,5,バスケで群馬を熱くする群馬クレインサンダーズカップ,2,4181,花本 夏樹,3,43,52.7,0,0,0.21,3.44,6.82,23.86,4.38,14.71,41.18,34.72,53.37,39.08,59.2
2026-09-06,1,3,2026-09-06 16:06:00,5,バスケで群馬を熱くする群馬クレインサンダーズカップ,3,4033,伊藤 将吉,2,47,53.5,0,0,0.15,5.82,42.57,56.44,6.71,58.82,61.76,37.42,56.13,33.16,50.53
2026-09-06,1,3,2026-09-06 16:06:00,5,バスケで群馬を熱くする群馬クレインサンダーズカップ,4,4538,笠置 博之,1,36,52.6,1,0,0.15,5.23,39.58,52.08,6.41,59.26,62.96,31.52,50,41.86,54.07
2026-09-06,1,3,2026-09-06 16:06:00,5,バスケで群馬を熱くする群馬クレインサンダーズカップ,5,5070,中島 航,3,32,53.4,0,0,0.22,4.21,20.83,38.89,4.32,22.73,34.09,50,70.27,30.39,48.07
2026-09-06,1,3,2026-09-06 16:06:00,5,バスケで群馬を熱くする群馬クレインサンダーズカップ,6,4161,黒柳 浩孝,3,44,55.1,0,0,0.16,5.4,35.34,55.17,5.64,30.56,61.11,36.9,51.87,38.71,50.54
2026-09-06,1,4,2026-09-06 16:33:00,5,バスケで群馬を熱くする群馬クレインサンダーズカップ,1,3277,齋藤 勇,3,60,52,0,0,0.18,4.56,22.22,38.27,4.32,12,40,26.32,37.59,38.07,60.23
2026-09-06,1,4,2026-09-06 16:33:00,5,バスケで群馬を熱くする群馬クレインサンダーズカップ,2,4040,廣瀬 将亨,2,47,55.9,0,0,0.15,5.83,39.45,54.13,5.57,40.82,51.02,32.43,49.19,34.97,47.54
2026-09-06,1,4,2026-09-06 16:33:00,5,バスケで群馬を熱くする群馬クレインサンダーズカップ,3,5344,谷口 丞,3,23,52,0,0,0.15,5.46,32.93,52.44,0,0,0,43.48,55.07,31.89,52.97
2026-09-06,1,4,2026-09-06 16:33:00,5,バスケで群馬を熱くする群馬クレインサンダーズカップ,4,4028,田村 隆信,1,48,56.7,0,0,0.15,5.54,34.74,50.53,0,0,0,29.07,48.26,36.42,56.07
2026-09-06,1,4,2026-09-06 16:33:00,5,バスケで群馬を熱くする群馬クレインサンダーズカップ,5,4195,前川 守嗣,3,44,57.4,0,0,0.16,5.19,32.88,50.68,5.33,33.33,55.56,26.17,47.65,44.38,60.11
2026-09-06,1,4,2026-09-06 16:33:00,5,バスケで群馬を熱くする群馬クレインサンダーズカップ,6,4919,吉田 翔悟,3,35,52.3,1,0,0.18,3.94,16.33,32.65,0,0,0,30.86,50.29,33.33,48.89
2026-09-06,1,5,2026-09-06 17:01:00,5,バスケで群馬を熱くする群馬クレインサンダーズカップ,1,5048,眞鳥 康太,3,32,53.2,0,0,0.21,4.54,28.57,44.29,2.27,0,0,38.54,59.38,30.64,45.09
2026-09-06,1,5,2026-09-06 17:01:00,5,バスケで群馬を熱くする群馬クレインサンダーズカップ,2,5012,加倉 侑征,3,29,52.2,0,0,0.14,4.52,23.29,41.1,4.48,24.24,39.39,44.05,57.14,41.04,58.96
2026-09-06,1,5,2026-09-06 17:01:00,5,バスケで群馬を熱くする群馬クレインサンダーズカップ,3,4027,松江 秀徳,2,48,53.6,1,0,0.16,5.4,33.82,51.47,5.85,45,60,27.91,44.19,39.34,54.64
2026-09-06,1,5,2026-09-06 17:01:00,5,バスケで群馬を熱くする群馬クレインサンダーズカップ,4,4019,笠原 亮,1,46,52.4,0,0,0.17,6.98,54.29,67.62,7.95,67.5,82.5,38.13,59.38,34.25,53.59
2026-09-06,1,5,2026-09-06 17:01:00,5,バスケで群馬を熱くする群馬クレインサンダーズカップ,5,3867,松浦 勝,3,51,56.5,0,0,0.18,2.85,8,18.67,2.44,11.11,11.11,32.83,50.51,35.43,53.71
2026-09-06,1,5,2026-09-06 17:01:00,5,バスケで群馬を熱くする群馬クレインサンダーズカップ,6,5181,森 智哉,3,28,52.6,1,0,0.16,4.78,30.43,44.93,4.8,10,60,23.66,38.93,34.12,54.71
2026-09-06,1,6,2026-09-06 17:28:00,5,バスケで群馬を熱くする群馬クレインサンダーズカップ,1,4025,山本 隆幸,1,48,52,0,0,0.18,6.44,46.34,63.41,6.92,53.06,71.43,32.22,45.56,43.1,59.77
2026-09-06,1,6,2026-09-06 17:28:00,5,バスケで群馬を熱くする群馬クレインサンダーズカップ,2,3202,三品 隆浩,3,61,52,0,0,0.2,4.76,30.95,42.86,2.96,8,20,33.16,54.21,30,44.12
2026-09-06,1,6,2026-09-06 17:28:00,5,バスケで群馬を熱くする群馬クレインサンダーズカップ,3,4440,萩原 知哉,3,40,53.4,0,0,0.17,4.6,28.57,39.29,4.34,20.45,40.91,34.36,48.21,33.69,52.41
2026-09-06,1,6,2026-09-06 17:28:00,5,バスケで群馬を熱くする群馬クレインサンダーズカップ,4,3653,品川 賢次,4,52,53.3,1,0,0.2,4.2,13.85,36.92,4.35,19.12,41.18,32.73,47.88,36,59.43
2026-09-06,1,6,2026-09-06 17:28:00,5,バスケで群馬を熱くする群馬クレインサンダーズカップ,5,3305,小野 信樹,3,58,53.2,0,0,0.17,3.57,15.19,26.58,3.94,25,34.38,33.33,54.3,41.36,54.45
2026-09-06,1,6,2026-09-06 17:28:00,5,バスケで群馬を熱くする群馬クレインサンダーズカップ,6,5122,相馬 翔,3,25,55.4,1,0,0.17,3.68,15.79,28.07,5.04,25.93,40.74,29.05,45.81,34.76,50.27
2026-09-06,1,7,2026-09-06 17:55:00,5,バスケで群馬を熱くする群馬クレインサンダーズカップ,1,3686,鳥居塚 孝博,2,51,51.5,1,0,0.15,6.21,37.8,62.2,6.39,39.69,71.76,29.63,44.97,37.63,55.38
2026-09-06,1,7,2026-09-06 17:55:00,5,バスケで群馬を熱くする群馬クレインサンダーズカップ,2,5107,松本 真広,3,27,50.5,1,0,0.16,3.93,8.47,33.9,4,5.56,27.78,27.54,39.13,40.91,59.09
2026-09-06,1,7,2026-09-06 17:55:00,5,バスケで群馬を熱くする群馬クレインサンダーズカップ,3,4044,湯川 浩司,1,46,52,0,0,0.14,6.17,32.93,54.88,6.77,45.71,54.29,27.4,45.89,38.1,52.91
2026-09-06,1,7,2026-09-06 17:55:00,5,バスケで群馬を熱くする群馬クレインサンダーズカップ,4,4181,花本 夏樹,3,43,52.7,0,0,0.21,3.44,6.82,23.86,4.38,14.71,41.18,34.72,53.37,39.08,59.2
2026-09-06,1,7,2026-09-06 17:55:00,5,バスケで群馬を熱くする群馬クレインサンダーズカップ,5,4557,松尾 光広,3,36,53.2,0,0,0.21,3.83,16.28,31.4,4.31,26.92,34.62,33.33,51.32,41.81,61.02
2026-09-06,1,7,2026-09-06 17:55:00,5,バスケで群馬を熱くする群馬クレインサンダーズカップ,6,4380,鈴木 峻佑,3,42,52.7,0,0,0.17,5,30.93,44.33,3.72,27.78,27.78,21.55,39.66,35.39,56.18
2026-09-06,1,8,2026-09-06 18:23:00,5,バスケで群馬を熱くする群馬クレインサンダーズカップ,1,4118,宇佐見 淳,2,45,52.2,0,0,0.15,5.87,39.29,63.39,6.38,51.72,62.07,50.31,67.92,31.18,47.85
2026-09-06,1,8,2026-09-06 18:23:00,5,バスケで群馬を熱くする群馬クレインサンダーズカップ,2,5070,中島 航,3,32,53.3,0,0,0.22,4.21,20.83,38.89,4.32,22.73,34.09,50,70.27,28.4,41.42
2026-09-06,1,8,2026-09-06 18:23:00,5,バスケで群馬を熱くする群馬クレインサンダーズカップ,3,4919,吉田 翔悟,3,35,52.7,1,0,0.18,3.94,16.33,32.65,0,0,0,30.86,50.29,33.33,48.89
2026-09-06,1,8,2026-09-06 18:23:00,5,バスケで群馬を熱くする群馬クレインサンダーズカップ,4,5430,鳥本 智史,4,22,51,1,0,0.18,1.39,0,2.63,1.33,0,0,27.65,45.29,34.46,47.46
2026-09-06,1,8,2026-09-06 18:23:00,5,バスケで群馬を熱くする群馬クレインサンダーズカップ,5,3743,林 美憲,1,51,52.2,0,0,0.15,5.41,40,51.67,6.33,11.11,55.56,33.16,46.52,30.68,46.02
2026-09-06,1,8,2026-09-06 18:23:00,5,バスケで群馬を熱くする群馬クレインサンダーズカップ,6,3475,橋本 久和,3,56,52.9,0,0,0.19,5.22,35.44,43.04,5.91,41.53,59.32,35.59,49.15,34.43,46.99
2026-09-06,1,9,2026-09-06 18:54:00,5,バスケで群馬を熱くする群馬クレインサンダーズカップ,1,4562,阪本 勇介,3,38,53.3,0,0,0.19,4.77,27.93,41.44,3.61,5.56,16.67,37.13,56.93,30.34,45.51
2026-09-06,1,9,2026-09-06 18:54:00,5,バスケで群馬を熱くする群馬クレインサンダーズカップ,2,4513,河野 真也,2,37,52,0,0,0.2,6,42.99,63.55,5.96,46.15,61.54,27.11,42.17,30.72,45.78
2026-09-06,1,9,2026-09-06 18:54:00,5,バスケで群馬を熱くする群馬クレインサンダーズカップ,3,3874,山本 寛久,2,50,52,0,0,0.17,7.11,50.96,75.96,6.3,40,70,41.58,59.47,36.41,55.43
2026-09-06,1,9,2026-09-06 18:54:00,5,バスケで群馬を熱くする群馬クレインサンダーズカップ,4,4033,伊藤 将吉,2,47,53.5,0,0,0.15,5.82,42.57,56.44,6.71,58.82,61.76,37.42,56.13,33.16,50.53
2026-09-06,1,9,2026-09-06 18:54:00,5,バスケで群馬を熱くする群馬クレインサンダーズカップ,5,5344,谷口 丞,3,23,52,0,0,0.15,5.46,32.93,52.44,0,0,0,43.48,55.07,31.89,52.97
2026-09-06,1,9,2026-09-06 18:54:00,5,バスケで群馬を熱くする群馬クレインサンダーズカップ,6,3946,赤岩 善生,1,50,54.5,1,0,0.15,7.19,54.47,69.92,6.97,62.07,75.86,32.52,43.56,34.86,56
2026-09-06,1,10,2026-09-06 19:25:00,5,バスケで群馬を熱くする群馬クレインサンダーズカップ,1,4992,廣瀬 篤哉,3,28,57.6,0,0,0.16,4.8,31.58,39.47,2.56,0,11.11,35.91,53.04,38.07,53.41
2026-09-06,1,10,2026-09-06 19:25:00,5,バスケで群馬を熱くする群馬クレインサンダーズカップ,2,3319,山崎 義明,2,59,52,0,0,0.16,5.73,38.6,62.28,5.21,35.9,46.15,36.68,61.81,41.04,53.76
2026-09-06,1,10,2026-09-06 19:25:00,5,バスケで群馬を熱くする群馬クレインサンダーズカップ,3,4028,田村 隆信,1,48,56.7,0,0,0.15,5.54,34.74,50.53,0,0,0,29.07,48.26,36.42,56.07
2026-09-06,1,10,2026-09-06 19:25:00,5,バスケで群馬を熱くする群馬クレインサンダーズカップ,4,4027,松江 秀徳,2,48,53.6,1,0,0.16,5.4,33.82,51.47,5.85,45,60,27.91,44.19,39.34,54.64
2026-09-06,1,10,2026-09-06 19:25:00,5,バスケで群馬を熱くする群馬クレインサンダーズカップ,5,5228,若林 樹蘭,2,23,52,1,0,0.17,5.72,35.56,54.44,5.67,33.33,50,37.43,52.94,30.43,48.37
2026-09-06,1,10,2026-09-06 19:25:00,5,バスケで群馬を熱くする群馬クレインサンダーズカップ,6,4943,八木 治樹,3,35,53.7,0,0,0.15,4.48,23.29,38.36,5.31,24.14,55.17,33.98,51.46,32.8,48.92
2026-09-06,1,11,2026-09-06 19:58:00,5,バスケで群馬を熱くする群馬クレインサンダーズカップ,1,4531,武富 智亮,2,37,52.8,0,0,0.16,6.31,42.98,68.6,0,0,0,25.2,36.59,33.33,50.27
2026-09-06,1,11,2026-09-06 19:58:00,5,バスケで群馬を熱くする群馬クレインサンダーズカップ,2,4025,山本 隆幸,1,48,52,0,0,0.18,6.44,46.34,63.41,6.92,53.06,71.43,32.22,45.56,43.1,59.77
2026-09-06,1,11,2026-09-06 19:58:00,5,バスケで群馬を熱くする群馬クレインサンダーズカップ,3,5012,加倉 侑征,3,29,52.2,0,0,0.14,4.52,23.29,41.1,4.48,24.24,39.39,44.05,57.14,41.04,58.96
2026-09-06,1,11,2026-09-06 19:58:00,5,バスケで群馬を熱くする群馬クレインサンダーズカップ,4,4342,谷野 錬志,2,41,53.2,0,0,0.15,6.39,37.5,60.23,7,57.89,68.42,36.09,57.4,32.42,47.25
2026-09-06,1,11,2026-09-06 19:58:00,5,バスケで群馬を熱くする群馬クレインサンダーズカップ,5,4538,笠置 博之,1,36,52.6,1,0,0.15,5.23,39.58,52.08,6.41,59.26,62.96,31.52,50,28.65,47.95
2026-09-06,1,11,2026-09-06 19:58:00,5,バスケで群馬を熱くする群馬クレインサンダーズカップ,6,3852,澤 大介,3,54,51.5,0,0,0.21,4.79,25,42.71,4.38,31.25,31.25,34.52,52.98,32.58,47.19
2026-09-06,1,12,2026-09-06 20:30:00,5,バスケで群馬を熱くする群馬クレインサンダーズカップ,1,4019,笠原 亮,1,46,52.4,0,0,0.17,6.98,54.29,67.62,7.95,67.5,82.5,38.13,59.38,34.25,53.59
2026-09-06,1,12,2026-09-06 20:30:00,5,バスケで群馬を熱くする群馬クレインサンダーズカップ,2,4877,鈴谷 一平,1,31,55.1,0,0,0.14,6.2,44.25,60.18,6.47,41.18,64.71,39.72,61.7,36.36,54.55
2026-09-06,1,12,2026-09-06 20:30:00,5,バスケで群馬を熱くする群馬クレインサンダーズカップ,3,4118,宇佐見 淳,2,45,52.2,0,0,0.15,5.87,39.29,63.39,6.38,51.72,62.07,50.31,67.92,31.18,47.85
2026-09-06,1,12,2026-09-06 20:30:00,5,バスケで群馬を熱くする群馬クレインサンダーズカップ,4,5107,松本 真広,3,27,50.5,1,0,0.16,3.93,8.47,33.9,4,5.56,27.78,27.54,39.13,40.91,59.09
2026-09-06,1,12,2026-09-06 20:30:00,5,バスケで群馬を熱くする群馬クレインサンダーズカップ,5,3681,山谷 央,3,53,52,1,0,0.15,4.82,28.79,42.42,4.68,15.79,47.37,32.28,50.79,34.66,48.86
2026-09-06,1,12,2026-09-06 20:30:00,5,バスケで群馬を熱くする群馬クレインサンダーズカップ,6,4040,廣瀬 将亨,2,47,55.9,0,0,0.15,5.83,39.45,54.13,5.57,40.82,51.02,32.43,49.19,34.97,47.54
2026-09-06,2,1,2026-09-06 10:47:00,5,サッポロビールカップ,1,4129,宇野 博之,3,46,55,1,0,0.18,3.5,15,27.5,4.07,21.43,35.71,0,33.33,38.1,47.62
2026-09-06,2,1,2026-09-06 10:47:00,5,サッポロビールカップ,2,4145,小澤 学,3,44,52.1,0,0,0.26,4.02,14.77,31.82,4.29,10.53,39.47,30.77,46.15,33.33,66.67
2026-09-06,2,1,2026-09-06 10:47:00,5,サッポロビールカップ,3,3992,関口 智久,3,47,53.8,1,0,0.14,4.89,29.69,45.31,5.29,34.69,46.94,29.41,35.29,39.13,52.17
2026-09-06,2,1,2026-09-06 10:47:00,5,サッポロビールカップ,4,3566,川添 英正,3,56,52.7,0,0,0.19,4.34,21.35,35.96,5.75,30,60,47.06,58.82,53.85,61.54
2026-09-06,2,1,2026-09-06 10:47:00,5,サッポロビールカップ,5,5364,金子 怜央,3,26,52.2,1,0,0.17,2.15,3.41,10.23,1.11,0,0,64.29,71.43,28.57,42.86
2026-09-06,2,1,2026-09-06 10:47:00,5,サッポロビールカップ,6,5288,尾道 佳諭,3,26,52.6,1,0,0.17,4.15,16.05,35.8,3.81,18.75,31.25,26.67,40,25,31.25
2026-09-06,2,2,2026-09-06 11:16:00,5,サッポロビールカップ,1,3935,岩津 徹郎,3,49,53.2,0,0,0.17,5.57,39.77,56.82,6,50,66.67,16.67,41.67,0,16.67
2026-09-06,2,2,2026-09-06 11:16:00,5,サッポロビールカップ,2,4486,野村 誠,2,40,52.4,1,0,0.18,5.97,42.99,60.75,5.87,34.21,63.16,31.25,50,40,73.33
2026-09-06,2,2,2026-09-06 11:16:00,5,サッポロビールカップ,3,5102,原田 雄次,3,28,52,1,0,0.2,5.57,35.48,61.29,4.03,17.24,37.93,70.59,76.47,37.5,66.67
2026-09-06,2,2,2026-09-06 11:16:00,5,サッポロビールカップ,4,5419,櫻井 隼,3,20,52,0,0,0.24,2.15,0,8.45,1.9,0,3.23,35.71,64.29,42.86,57.14
2026-09-06,2,2,2026-09-06 11:16:00,5,サッポロビールカップ,5,3893,汐崎 正則,3,50,52.6,0,0,0.17,5.6,37.65,55.29,5.34,27.59,55.17,18.75,43.75,21.43,28.57
2026-09-06,2,2,2026-09-06 11:16:00,5,サッポロビールカップ,6,4138,中井 俊祐,3,45,52,0,0,0.16,4.54,27.17,42.39,5.44,33.33,55.56,18.75,50,40,66.67
2026-09-06,2,3,2026-09-06 11:45:00,5,サッポロビールカップ,1,4306,畔柳 俊吾,3,42,50.5,0,0,0.21,4.58,21.57,42.16,3.17,0,16.67,56.25,87.5,40,53.33
2026-09-06,2,3,2026-09-06 11:45:00,5,サッポロビールカップ,2,4177,萬 正嗣,3,43,55.5,0,0,0.17,4.42,27.03,40.54,4.3,18.52,40.74,33.33,46.67,84.62,100
2026-09-06,2,3,2026-09-06 11:45:00,5,サッポロビールカップ,3,4315,山崎 昂介,3,42,52.3,0,0,0.18,5.28,32.98,47.87,0,0,0,56.25,75,35.71,57.14
2026-09-06,2,3,2026-09-06 11:45:00,5,サッポロビールカップ,4,3746,岡瀬 正人,2,51,52,0,0,0.18,5.74,35.45,56.36,6.59,43.75,78.13,46.15,61.54,64.71,76.47
2026-09-06,2,3,2026-09-06 11:45:00,5,サッポロビールカップ,5,4945,上村 宏太,3,34,53.9,0,0,0.18,4.2,17.11,32.89,6.09,45.45,72.73,47.06,58.82,0,12.5
2026-09-06,2,3,2026-09-06 11:45:00,5,サッポロビールカップ,6,5398,鐘ヶ江 真司,3,24,52,2,0,0.19,4.61,26.09,39.13,0,0,0,31.25,43.75,46.67,60
2026-09-06,2,4,2026-09-06 12:14:00,5,サッポロビールカップ,1,4995,田邉 亮蔵,3,35,53.8,0,0,0.19,3.77,15.71,31.43,4.17,16.67,33.33,41.18,58.82,50,64.29
2026-09-06,2,4,2026-09-06 12:14:00,5,サッポロビールカップ,2,3978,齊藤 仁,2,49,52,1,0,0.16,6.12,30.93,63.92,6,22.22,50,30.77,38.46,38.89,55.56
2026-09-06,2,4,2026-09-06 12:14:00,5,サッポロビールカップ,3,4213,重富 伸也,3,42,53.2,1,0,0.16,3.8,20.73,31.71,3.89,22.22,33.33,18.75,25,42.86,42.86
2026-09-06,2,4,2026-09-06 12:14:00,5,サッポロビールカップ,4,4495,森 晋太郎,4,39,54.1,0,0,0.14,5.86,41.89,62.16,5,50,50,18.75,37.5,46.67,66.67
2026-09-06,2,4,2026-09-06 12:14:00,5,サッポロビールカップ,5,3929,杢野 誓良,3,50,51.5,0,0,0.16,4.25,17.89,37.89,5.78,34.15,56.1,25,43.75,21.43,42.86
2026-09-06,2,4,2026-09-06 12:14:00,5,サッポロビールカップ,6,4650,中山 雄太,4,42,52.6,0,0,0.13,3.16,10.53,15.79,6.64,48,68,0,9.09,53.33,80
2026-09-06,2,5,2026-09-06 12:44:00,5,サッポロビールカップ,1,4403,木下 大將,2,41,52.7,0,0,0.15,6.62,49.55,69.37,6.62,57.14,76.19,28.57,50,50,81.25
2026-09-06,2,5,2026-09-06 12:44:00,5,サッポロビールカップ,2,5309,森 雄利,3,22,52.4,1,0,0.14,3.07,11.76,20.59,0,0,0,35.29,64.71,9.09,36.36
2026-09-06,2,5,2026-09-06 12:44:00,5,サッポロビールカップ,3,4145,小澤 学,3,44,52.1,0,0,0.26,4.02,14.77,31.82,4.29,10.53,39.47,30.77,46.15,33.33,66.67
2026-09-06,2,5,2026-09-06 12:44:00,5,サッポロビールカップ,4,4193,郷原 章平,2,45,52,0,0,0.15,6.06,43.33,59.17,6.57,46.43,60.71,21.43,28.57,12.5,12.5
2026-09-06,2,5,2026-09-06 12:44:00,5,サッポロビールカップ,5,5288,尾道 佳諭,3,26,52.6,1,0,0.17,4.15,16.05,35.8,3.81,18.75,31.25,26.67,40,25,31.25
2026-09-06,2,5,2026-09-06 12:44:00,5,サッポロビールカップ,6,4665,加藤 啓太,3,42,52,1,0,0.17,4.22,19.32,35.23,4.09,12.5,37.5,0,12.5,14.29,42.86
2026-09-06,2,6,2026-09-06 13:14:00,5,サッポロビールカップ,1,3911,鈴木 猛,3,52,53.2,0,0,0.17,4.81,27.45,44.12,4.7,29.73,37.84,29.41,64.71,50,81.25
2026-09-06,2,6,2026-09-06 13:14:00,5,サッポロビールカップ,2,5145,島川 海輝,2,23,54.1,0,0,0.16,6.2,49.22,64.06,5.33,40.74,51.85,64.71,76.47,50,75
2026-09-06,2,6,2026-09-06 13:14:00,5,サッポロビールカップ,3,3352,小川 晃司,3,58,51,0,0,0.17,4.22,12.63,35.79,3.43,21.43,28.57,50,56.25,23.53,41.18
2026-09-06,2,6,2026-09-06 13:14:00,5,サッポロビールカップ,4,4505,島田 賢人,1,38,53.2,0,0,0.16,6.6,47.62,67.62,7.22,58.56,74.77,43.75,62.5,0,11.76
2026-09-06,2,6,2026-09-06 13:14:00,5,サッポロビールカップ,5,5419,櫻井 隼,3,20,52,0,0,0.24,2.15,0,8.45,1.9,0,3.23,35.71,64.29,42.86,57.14
2026-09-06,2,6,2026-09-06 13:14:00,5,サッポロビールカップ,6,5364,金子 怜央,3,26,52.2,1,0,0.17,2.15,3.41,10.23,1.11,0,0,64.29,71.43,28.57,42.86
2026-09-06,2,7,2026-09-06 13:45:00,5,サッポロビールカップ,1,5217,藤原 碧生,1,26,51.5,2,0,0.14,5.59,31.03,49.43,0,0,0,33.33,50,40,60
2026-09-06,2,7,2026-09-06 13:45:00,5,サッポロビールカップ,2,3893,汐崎 正則,3,50,52.6,0,0,0.17,5.6,37.65,55.29,5.34,27.59,55.17,18.75,43.75,21.43,28.57
2026-09-06,2,7,2026-09-06 13:45:00,5,サッポロビールカップ,3,4945,上村 宏太,3,34,53.9,0,0,0.18,4.2,17.11,32.89,6.09,45.45,72.73,47.06,58.82,0,12.5
2026-09-06,2,7,2026-09-06 13:45:00,5,サッポロビールカップ,4,5102,原田 雄次,3,28,52,1,0,0.2,5.57,35.48,61.29,4.03,17.24,37.93,70.59,76.47,37.5,66.67
2026-09-06,2,7,2026-09-06 13:45:00,5,サッポロビールカップ,5,5398,鐘ヶ江 真司,3,24,52,2,0,0.19,4.61,26.09,39.13,0,0,0,31.25,43.75,46.67,60
2026-09-06,2,7,2026-09-06 13:45:00,5,サッポロビールカップ,6,4785,木幡 純也,3,38,52.1,0,0,0.2,4.18,19.48,33.77,4.45,22.73,31.82,7.14,14.29,35.71,42.86
2026-09-06,2,8,2026-09-06 14:16:00,5,サッポロビールカップ,1,3566,川添 英正,3,56,52.7,0,0,0.19,4.34,21.35,35.96,5.75,30,60,47.06,58.82,53.85,61.54
2026-09-06,2,8,2026-09-06 14:16:00,5,サッポロビールカップ,2,4138,中井 俊祐,3,45,52,0,0,0.16,4.54,27.17,42.39,5.44,33.33,55.56,18.75,50,40,66.67
2026-09-06,2,8,2026-09-06 14:16:00,5,サッポロビールカップ,3,4486,野村 誠,2,40,52.4,1,0,0.18,5.97,42.99,60.75,5.87,34.21,63.16,31.25,50,40,73.33
2026-09-06,2,8,2026-09-06 14:16:00,5,サッポロビールカップ,4,4315,山崎 昂介,3,42,52.3,0,0,0.18,5.28,32.98,47.87,0,0,0,56.25,75,35.71,57.14
2026-09-06,2,8,2026-09-06 14:16:00,5,サッポロビールカップ,5,3992,関口 智久,3,47,53.8,1,0,0.14,4.89,29.69,45.31,5.29,34.69,46.94,29.41,35.29,39.13,52.17
2026-09-06,2,8,2026-09-06 14:16:00,5,サッポロビールカップ,6,4103,山崎 善庸,3,47,53.4,0,0,0.23,3.74,6.94,31.94,4.1,15.25,32.2,16.67,25,37.5,43.75
2026-09-06,2,9,2026-09-06 14:48:00,5,サッポロビールカップ,1,4213,重富 伸也,3,42,53.2,1,0,0.16,3.8,20.73,31.71,3.89,22.22,33.33,18.75,25,42.86,42.86
2026-09-06,2,9,2026-09-06 14:48:00,5,サッポロビールカップ,2,3746,岡瀬 正人,2,51,52,0,0,0.18,5.74,35.45,56.36,6.59,43.75,78.13,46.15,61.54,64.71,76.47
2026-09-06,2,9,2026-09-06 14:48:00,5,サッポロビールカップ,3,4403,木下 大將,2,41,52.7,0,0,0.15,6.62,49.55,69.37,6.62,57.14,76.19,28.57,50,50,81.25
2026-09-06,2,9,2026-09-06 14:48:00,5,サッポロビールカップ,4,4177,萬 正嗣,3,43,55.5,0,0,0.17,4.42,27.03,40.54,4.3,18.52,40.74,33.33,46.67,84.62,100
2026-09-06,2,9,2026-09-06 14:48:00,5,サッポロビールカップ,5,5309,森 雄利,3,22,52.4,1,0,0.14,3.07,11.76,20.59,0,0,0,35.29,64.71,9.09,36.36
2026-09-06,2,9,2026-09-06 14:48:00,5,サッポロビールカップ,6,4495,森 晋太郎,4,39,54.1,0,0,0.14,5.86,41.89,62.16,5,50,50,18.75,37.5,46.67,66.67
2026-09-06,2,10,2026-09-06 15:21:00,5,サッポロビールカップ,1,4505,島田 賢人,1,38,53.2,0,0,0.16,6.6,47.62,67.62,7.22,58.56,74.77,43.75,62.5,0,11.76
2026-09-06,2,10,2026-09-06 15:21:00,5,サッポロビールカップ,2,3352,小川 晃司,3,58,51,0,0,0.17,4.22,12.63,35.79,3.43,21.43,28.57,50,56.25,23.53,41.18
2026-09-06,2,10,2026-09-06 15:21:00,5,サッポロビールカップ,3,3978,齊藤 仁,2,49,52,1,0,0.16,6.12,30.93,63.92,6,22.22,50,30.77,38.46,38.89,55.56
2026-09-06,2,10,2026-09-06 15:21:00,5,サッポロビールカップ,4,4995,田邉 亮蔵,3,35,53.8,0,0,0.19,3.77,15.71,31.43,4.17,16.67,33.33,41.18,58.82,50,64.29
2026-09-06,2,10,2026-09-06 15:21:00,5,サッポロビールカップ,5,4306,畔柳 俊吾,3,42,50.5,0,0,0.21,4.58,21.57,42.16,3.17,0,16.67,56.25,87.5,40,53.33
2026-09-06,2,10,2026-09-06 15:21:00,5,サッポロビールカップ,6,4129,宇野 博之,3,46,55,1,0,0.18,3.5,15,27.5,4.07,21.43,35.71,0,33.33,38.1,47.62
2026-09-06,2,11,2026-09-06 15:55:00,5,サッポロビールカップ,1,4193,郷原 章平,2,45,52,0,0,0.15,6.06,43.33,59.17,6.57,46.43,60.71,21.43,28.57,12.5,12.5
2026-09-06,2,11,2026-09-06 15:55:00,5,サッポロビールカップ,2,3929,杢野 誓良,3,50,51.5,0,0,0.16,4.25,17.89,37.89,5.78,34.15,56.1,25,43.75,21.43,42.86
2026-09-06,2,11,2026-09-06 15:55:00,5,サッポロビールカップ,3,5145,島川 海輝,2,23,54.1,0,0,0.16,6.2,49.22,64.06,5.33,40.74,51.85,64.71,76.47,50,75
2026-09-06,2,11,2026-09-06 15:55:00,5,サッポロビールカップ,4,5217,藤原 碧生,1,26,51.5,2,0,0.14,5.59,31.03,49.43,0,0,0,33.33,50,40,60
2026-09-06,2,11,2026-09-06 15:55:00,5,サッポロビールカップ,5,3935,岩津 徹郎,3,49,53.2,0,0,0.17,5.57,39.77,56.82,6,50,66.67,16.67,41.67,0,16.67
2026-09-06,2,11,2026-09-06 15:55:00,5,サッポロビールカップ,6,3911,鈴木 猛,3,52,53.2,0,0,0.17,4.81,27.45,44.12,4.7,29.73,37.84,29.41,64.71,50,81.25
2026-09-06,2,12,2026-09-06 16:30:00,5,サッポロビールカップ,1,5330,安河内 鈴之介,2,22,51.5,0,0,0.15,6.79,54.87,72.57,6.4,45,65,17.65,41.18,50,50
2026-09-06,2,12,2026-09-06 16:30:00,5,サッポロビールカップ,2,4959,井上 忠政,1,30,52.8,0,0,0.15,7.46,54.46,70.54,7.39,38.89,72.22,52.94,70.59,15.38,30.77
2026-09-06,2,12,2026-09-06 16:30:00,5,サッポロビールカップ,3,4787,椎名 豊,1,37,53,0,0,0.14,7.75,66.1,81.36,6.92,40.54,62.16,0,8.33,16.67,37.5
2026-09-06,2,12,2026-09-06 16:30:00,5,サッポロビールカップ,4,5111,三村 岳人,2,26,51.5,0,0,0.15,5.89,45.78,59.04,6.44,55.56,62.96,50,71.43,83.33,83.33
2026-09-06,2,12,2026-09-06 16:30:00,5,サッポロビールカップ,5,4324,海野 康志郎,1,38,58.2,0,0,0.13,7.17,55.64,69.92,6.67,55.56,66.67,28.57,64.29,50,68.75
2026-09-06,2,12,2026-09-06 16:30:00,5,サッポロビールカップ,6,4573,佐藤 翼,1,37,52.4,1,0,0.13,6.82,42.68,53.66,7.53,51.81,75.9,43.75,68.75,25,43.75
2026-09-06,3,1,2026-09-06 11:14:00,5,月兎ソースカップ,1,5279,石渡 翔一郎,3,23,52.7,0,0,0.16,5.89,40,63,5.59,39.44,57.28,30.16,47.62,32.76,46.55
2026-09-06,3,1,2026-09-06 11:14:00,5,月兎ソースカップ,2,5053,山口 広樹,3,30,53.4,1,0,0.17,3.8,19.7,33.33,5.03,33.33,50,38.71,51.61,38.33,58.33
2026-09-06,3,1,2026-09-06 11:14:00,5,月兎ソースカップ,3,4407,鹿島 敏弘,3,40,55.3,0,0,0.18,4.66,24.51,44.12,5.31,34.44,54.44,30.65,51.61,44.07,66.1
2026-09-06,3,1,2026-09-06 11:14:00,5,月兎ソースカップ,4,5378,鈴木 結平太,4,22,51,1,0,0.21,1.67,0,3.51,1.43,0,0,37.7,50.82,28.57,46.03
2026-09-06,3,1,2026-09-06 11:14:00,5,月兎ソースカップ,5,5071,野見山 拓己,3,32,52.9,1,0,0.13,4.33,20.29,42.03,4.68,26.32,31.58,39.34,60.66,44.26,60.66
2026-09-06,3,1,2026-09-06 11:14:00,5,月兎ソースカップ,6,5427,港 理樹,3,24,52.4,0,0,0.22,3.05,6.02,20.48,3.06,5.56,22.22,37.1,56.45,36.92,50.77
2026-09-06,3,2,2026-09-06 11:41:00,5,月兎ソースカップ,1,4896,花本 剛,3,34,57.3,1,0,0.18,4.15,23.53,38.24,3.69,9.38,31.25,38.71,54.84,26.23,40.98
2026-09-06,3,2,2026-09-06 11:41:00,5,月兎ソースカップ,2,4598,加藤 政彦,3,42,52,0,0,0.16,6.09,47.66,59.81,6.39,48.02,64.41,43.55,66.13,45.9,59.02
2026-09-06,3,2,2026-09-06 11:41:00,5,月兎ソースカップ,3,3664,鈴木 賢一,3,56,53.8,0,0,0.17,4.5,29.41,41.18,0,0,0,43.33,53.33,31.67,50
2026-09-06,3,2,2026-09-06 11:41:00,5,月兎ソースカップ,4,4981,牧山 敦也,3,30,52.1,0,0,0.18,5.22,26.67,55.56,5.2,36,52,15.87,34.92,42.19,57.81
2026-09-06,3,2,2026-09-06 11:41:00,5,月兎ソースカップ,5,4640,山ノ内 雅人,2,35,52.8,1,0,0.14,5.84,37.19,61.16,7,50,66.67,32.2,40.68,26.98,42.86
2026-09-06,3,2,2026-09-06 11:41:00,5,月兎ソースカップ,6,3685,荒井 輝年,2,52,57.1,2,0,0.15,6.28,47.44,62.82,5.82,43.64,56.36,25.81,43.55,21.88,50
2026-09-06,3,3,2026-09-06 12:08:00,5,月兎ソースカップ,1,3857,阿波 勝哉,3,53,55.1,0,0,0.21,4.8,27.38,45.24,4.43,28.57,28.57,52.46,73.77,43.1,67.24
2026-09-06,3,3,2026-09-06 12:08:00,5,月兎ソースカップ,2,4004,山本 浩輔,3,48,52,0,0,0.18,4.89,28,44,6.29,57.14,57.14,31.75,50.79,37.1,46.77
2026-09-06,3,3,2026-09-06 12:08:00,5,月兎ソースカップ,3,4189,川上 剛,1,45,53.9,1,0,0.16,5.63,32.43,52.25,5.88,37.5,50,38.6,64.91,17.24,37.93
2026-09-06,3,3,2026-09-06 12:08:00,5,月兎ソースカップ,4,4142,平野 和明,2,45,53.9,0,0,0.18,5.63,34.65,56.44,5.9,39.02,60.98,45.16,64.52,59.68,70.97
2026-09-06,3,3,2026-09-06 12:08:00,5,月兎ソースカップ,5,3839,川合 理司,3,51,63.8,1,0,0.19,2.98,9.64,20.48,4.89,27.78,52.78,36.84,54.39,35.71,42.86
2026-09-06,3,3,2026-09-06 12:08:00,5,月兎ソースカップ,6,4888,金児 隆太,3,38,52.2,0,0,0.19,6.01,44.87,58.97,5.81,31.25,62.5,31.75,50.79,35.94,60.94
2026-09-06,3,4,2026-09-06 12:35:00,5,月兎ソースカップ,1,4257,古川 健,3,42,52,0,0,0.16,5.22,34.62,52.56,5,34.04,44.68,50,69.35,24.56,36.84
2026-09-06,3,4,2026-09-06 12:35:00,5,月兎ソースカップ,2,3956,横澤 剛治,2,49,55.4,0,0,0.17,5.88,38.83,54.37,6.67,38.89,61.11,30.16,41.27,49.21,65.08
2026-09-06,3,4,2026-09-06 12:35:00,5,月兎ソースカップ,3,3303,渡辺 豊,3,58,53.2,0,0,0.2,4.35,18.69,34.58,6.13,42.14,65,19.67,32.79,29.82,49.12
2026-09-06,3,4,2026-09-06 12:35:00,5,月兎ソースカップ,4,4452,松尾 祭,2,38,52,0,0,0.17,5.17,33.94,45.87,6.43,46.94,67.35,40.68,49.15,30,48.33
2026-09-06,3,4,2026-09-06 12:35:00,5,月兎ソースカップ,5,4258,関根 彰人,3,42,52.6,0,0,0.18,4.85,32.94,48.24,5.72,39.44,61.97,19.67,40.98,26.32,38.6
2026-09-06,3,4,2026-09-06 12:35:00,5,月兎ソースカップ,6,3655,本橋 克洋,3,52,53.5,1,0,0.17,4.78,22.73,46.59,6.35,44.12,76.47,37.7,52.46,46.55,63.79
2026-09-06,3,5,2026-09-06 13:02:00,5,月兎ソースカップ,1,4661,中島 昂章,2,34,52.6,0,0,0.18,5.54,36.07,58.2,6.29,28.57,71.43,15.52,34.48,26.15,40
2026-09-06,3,5,2026-09-06 13:02:00,5,月兎ソースカップ,2,4604,岩瀬 裕亮,1,38,52.3,0,0,0.14,7.37,53.33,67.5,7.06,37.14,74.29,40.98,65.57,35.94,45.31
2026-09-06,3,5,2026-09-06 13:02:00,5,月兎ソースカップ,3,3850,小川 知行,3,54,52,0,0,0.14,4.3,22.92,35.42,4.53,23.29,42.47,47.46,67.8,46.03,60.32
2026-09-06,3,5,2026-09-06 13:02:00,5,月兎ソースカップ,4,3859,多羅尾 達之,3,53,51,0,0,0.15,3.99,20.73,35.37,0,0,0,29.69,50,36.84,52.63
2026-09-06,3,5,2026-09-06 13:02:00,5,月兎ソースカップ,5,4438,森作 雄大,3,40,52.6,0,0,0.13,5.26,38.74,45.95,5.34,36,49.14,22.95,39.34,25.42,45.76
2026-09-06,3,5,2026-09-06 13:02:00,5,月兎ソースカップ,6,5315,浅井 翼,4,25,52,0,0,0.21,2.65,13.04,17.39,2.62,11.11,17.28,27.59,51.72,19.3,43.86
2026-09-06,3,6,2026-09-06 13:29:00,5,月兎ソースカップ,1,4623,中北 将史,3,41,52.1,0,0,0.16,5.01,34.65,44.55,4.31,21.88,37.5,40.32,53.23,27.87,42.62
2026-09-06,3,6,2026-09-06 13:29:00,5,月兎ソースカップ,2,5098,大江 純,3,30,52.1,1,0,0.15,5.09,33.7,53.26,3.5,12.5,25,31.75,50.79,27.59,37.93
2026-09-06,3,6,2026-09-06 13:29:00,5,月兎ソースカップ,3,4000,松本 博昭,2,49,55.4,0,0,0.17,5.99,40.77,62.31,5.34,31.58,44.74,28.57,41.07,40.35,52.63
2026-09-06,3,6,2026-09-06 13:29:00,5,月兎ソースカップ,4,3557,太田 和美,1,53,53,1,0,0.15,6.23,45.39,63.83,6.38,50,68.75,27.42,41.94,23.73,38.98
2026-09-06,3,6,2026-09-06 13:29:00,5,月兎ソースカップ,5,5087,佐藤 航,1,26,52.4,1,0,0.15,6.34,51.38,66.06,5.82,35.29,58.82,27.87,44.26,26.56,46.88
2026-09-06,3,6,2026-09-06 13:29:00,5,月兎ソースカップ,6,4583,古田 祐貴,3,37,52,1,0,0.15,5.56,36.46,55.21,6.04,40.26,61.04,36.21,56.9,40.32,62.9
2026-09-06,3,7,2026-09-06 14:01:00,5,月兎ソースカップ,1,5120,山本 稔太朗,3,25,55.5,1,0,0.16,4.63,26.67,41.67,5,47.06,52.94,31.75,46.03,30.36,50
2026-09-06,3,7,2026-09-06 14:01:00,5,月兎ソースカップ,2,4981,牧山 敦也,3,30,52.1,0,0,0.18,5.22,26.67,55.56,5.2,36,52,15.87,34.92,42.19,57.81
2026-09-06,3,7,2026-09-06 14:01:00,5,月兎ソースカップ,3,3931,黒崎 竜也,2,50,51,0,0,0.15,6.27,42,62,4.53,29.41,47.06,40.35,54.39,29.31,51.72
2026-09-06,3,7,2026-09-06 14:01:00,5,月兎ソースカップ,4,5427,港 理樹,3,24,52.4,0,0,0.22,3.05,6.02,20.48,3.06,5.56,22.22,37.1,56.45,36.92,50.77
2026-09-06,3,7,2026-09-06 14:01:00,5,月兎ソースカップ,5,5002,上田 健太,2,30,52,0,0,0.17,5.58,34.41,56.99,6.2,51.43,60,28.33,48.33,30.16,50.79
2026-09-06,3,7,2026-09-06 14:01:00,5,月兎ソースカップ,6,3839,川合 理司,3,51,63.8,1,0,0.19,2.98,9.64,20.48,4.89,27.78,52.78,36.84,54.39,35.71,42.86
2026-09-06,3,8,2026-09-06 14:31:00,5,月兎ソースカップ,1,5378,鈴木 結平太,4,22,51,1,0,0.21,1.67,0,3.51,1.43,0,0,37.7,50.82,28.57,46.03
2026-09-06,3,8,2026-09-06 14:31:00,5,月兎ソースカップ,2,4179,広次 修,2,43,52,0,0,0.15,5.23,27.78,56.48,5.48,43.48,56.52,23.21,33.93,32.81,48.44
2026-09-06,3,8,2026-09-06 14:31:00,5,月兎ソースカップ,3,4173,岡谷 健吾,3,43,56,0,0,0.17,5.39,33.67,51.02,0,0,0,27.69,36.92,25.4,34.92
2026-09-06,3,8,2026-09-06 14:31:00,5,月兎ソースカップ,4,4880,澤崎 雄哉,3,31,52.3,0,0,0.17,5.39,34.09,56.82,5.5,34.21,53.95,35.94,48.44,38.1,55.56
2026-09-06,3,8,2026-09-06 14:31:00,5,月兎ソースカップ,5,3685,荒井 輝年,2,52,57.1,2,0,0.15,6.28,47.44,62.82,5.82,43.64,56.36,25.81,43.55,21.88,50
2026-09-06,3,8,2026-09-06 14:31:00,5,月兎ソースカップ,6,4471,新田 泰章,1,39,52,0,0,0.15,6.36,47.24,62.99,6.82,51.52,78.79,36.07,57.38,33.33,51.52
2026-09-06,3,9,2026-09-06 14:57:00,5,月兎ソースカップ,1,4452,松尾 祭,2,38,52,0,0,0.17,5.17,33.94,45.87,6.43,46.94,67.35,40.68,49.15,30,48.33
2026-09-06,3,9,2026-09-06 14:57:00,5,月兎ソースカップ,2,5138,村本 大成,3,26,52.9,0,0,0.19,3.73,12.7,34.92,4,7.69,38.46,41.38,60.34,37.5,51.56
2026-09-06,3,9,2026-09-06 14:57:00,5,月兎ソースカップ,3,4142,平野 和明,2,45,53.9,0,0,0.18,5.63,34.65,56.44,5.9,39.02,60.98,45.16,64.52,59.68,70.97
2026-09-06,3,9,2026-09-06 14:57:00,5,月兎ソースカップ,4,4896,花本 剛,3,34,57.3,1,0,0.18,4.15,23.53,38.24,3.69,9.38,31.25,38.71,54.84,26.23,40.98
2026-09-06,3,9,2026-09-06 14:57:00,5,月兎ソースカップ,5,5053,山口 広樹,3,30,53.4,1,0,0.17,3.8,19.7,33.33,5.03,33.33,50,38.71,51.61,38.33,58.33
2026-09-06,3,9,2026-09-06 14:57:00,5,月兎ソースカップ,6,3256,三角 哲男,1,59,52,0,0,0.15,6.56,50.91,69.09,6.46,48,70,45.16,66.13,23.33,33.33
2026-09-06,3,10,2026-09-06 15:25:00,5,月兎ソースカップ,1,4604,岩瀬 裕亮,1,38,52.3,0,0,0.14,7.37,53.33,67.5,7.06,37.14,74.29,40.98,65.57,35.94,45.31
2026-09-06,3,10,2026-09-06 15:25:00,5,月兎ソースカップ,2,4640,山ノ内 雅人,2,35,52.8,1,0,0.14,5.84,37.19,61.16,7,50,66.67,32.2,40.68,26.98,42.86
2026-09-06,3,10,2026-09-06 15:25:00,5,月兎ソースカップ,3,5098,大江 純,3,30,52.1,1,0,0.15,5.09,33.7,53.26,3.5,12.5,25,31.75,50.79,27.59,37.93
2026-09-06,3,10,2026-09-06 15:25:00,5,月兎ソースカップ,4,5279,石渡 翔一郎,3,23,52.7,0,0,0.16,5.89,40,63,5.59,39.44,57.28,30.16,47.62,32.76,46.55
2026-09-06,3,10,2026-09-06 15:25:00,5,月兎ソースカップ,5,3655,本橋 克洋,3,52,53.5,1,0,0.17,4.78,22.73,46.59,6.35,44.12,76.47,37.7,52.46,46.55,63.79
2026-09-06,3,10,2026-09-06 15:25:00,5,月兎ソースカップ,6,4189,川上 剛,1,45,53.9,1,0,0.16,5.63,32.43,52.25,5.88,37.5,50,38.6,64.91,17.24,37.93
2026-09-06,3,11,2026-09-06 15:54:00,5,月兎ソースカップ,1,4427,秦 英悟,1,40,52,0,0,0.14,7.27,59.29,73.45,7.33,60,73.33,16.13,32.26,30.16,49.21
2026-09-06,3,11,2026-09-06 15:54:00,5,月兎ソースカップ,2,3931,黒崎 竜也,2,50,51,0,0,0.15,6.27,42,62,4.53,29.41,47.06,40.35,54.39,29.31,51.72
2026-09-06,3,11,2026-09-06 15:54:00,5,月兎ソースカップ,3,4598,加藤 政彦,3,42,52,0,0,0.16,6.09,47.66,59.81,6.39,48.02,64.41,43.55,66.13,45.9,59.02
2026-09-06,3,11,2026-09-06 15:54:00,5,月兎ソースカップ,4,4888,金児 隆太,3,38,52.2,0,0,0.19,6.01,44.87,58.97,5.81,31.25,62.5,31.75,50.79,35.94,60.94
2026-09-06,3,11,2026-09-06 15:54:00,5,月兎ソースカップ,5,3303,渡辺 豊,3,58,53.2,0,0,0.2,4.35,18.69,34.58,6.13,42.14,65,19.67,32.79,29.82,49.12
2026-09-06,3,11,2026-09-06 15:54:00,5,月兎ソースカップ,6,3944,山口 裕二,1,47,52.3,1,0,0.17,6.03,40,62.86,5.89,44.44,66.67,22.03,44.07,36.07,57.38
2026-09-06,3,12,2026-09-06 16:25:00,5,月兎ソースカップ,1,4418,茅原 悠紀,1,39,52.6,0,0,0.13,7.49,50.91,69.09,7.63,56.25,68.75,22.41,34.48,24.14,41.38
2026-09-06,3,12,2026-09-06 16:25:00,5,月兎ソースカップ,2,5087,佐藤 航,1,26,52.4,1,0,0.15,6.34,51.38,66.06,5.82,35.29,58.82,27.87,44.26,26.56,46.88
2026-09-06,3,12,2026-09-06 16:25:00,5,月兎ソースカップ,3,4438,森作 雄大,3,40,52.6,0,0,0.13,5.26,38.74,45.95,5.34,36,49.14,22.95,39.34,25.42,45.76
2026-09-06,3,12,2026-09-06 16:25:00,5,月兎ソースカップ,4,3956,横澤 剛治,2,49,55.4,0,0,0.17,5.88,38.83,54.37,6.67,38.89,61.11,30.16,41.27,49.21,65.08
2026-09-06,3,12,2026-09-06 16:25:00,5,月兎ソースカップ,5,3664,鈴木 賢一,3,56,53.8,0,0,0.17,4.5,29.41,41.18,0,0,0,43.33,53.33,31.67,50
2026-09-06,3,12,2026-09-06 16:25:00,5,月兎ソースカップ,6,5002,上田 健太,2,30,52,0,0,0.17,5.58,34.41,56.99,6.2,51.43,60,28.33,48.33,30.16,50.79
2026-09-06,4,1,2026-09-06 10:55:00,5,第23回サントリーカップ ほぼ女子戦,1,5320,岩崎 麗子,3,25,47.5,0,0,0.18,3.41,14.67,24,1.19,0,0,17.31,23.08,25.86,44.83
2026-09-06,4,1,2026-09-06 10:55:00,5,第23回サントリーカップ ほぼ女子戦,2,5277,井上 未都,3,24,46.5,1,0,0.15,4.68,22.78,43.04,5.12,19.23,46.15,24.07,35.19,32.5,40
2026-09-06,4,1,2026-09-06 10:55:00,5,第23回サントリーカップ ほぼ女子戦,3,4186,小川 時光,3,45,54.7,0,0,0.17,3.74,18.39,31.03,2.97,9.68,19.35,25.86,36.21,45.16,54.84
2026-09-06,4,1,2026-09-06 10:55:00,5,第23回サントリーカップ ほぼ女子戦,4,5164,森田 梨湖,4,26,47.7,0,0,0.23,2.6,0,6.67,2.67,0,0,28.57,41.07,18.87,33.96
2026-09-06,4,1,2026-09-06 10:55:00,5,第23回サントリーカップ ほぼ女子戦,5,4289,落合 直子,2,41,47.6,1,0,0.13,5.8,38.27,56.79,4.58,25,50,21.28,40.43,26.92,46.15
2026-09-06,4,1,2026-09-06 10:55:00,5,第23回サントリーカップ ほぼ女子戦,6,5314,中曽 瑠華,3,25,51.8,0,0,0.19,3.11,10.13,18.99,1.91,2.94,5.88,39.29,62.5,32.76,44.83
2026-09-06,4,2,2026-09-06 11:24:00,5,第23回サントリーカップ ほぼ女子戦,1,4283,石井 裕美,3,42,50,0,0,0.17,3.82,7.35,33.82,3.33,0,16.67,33.33,47.06,47.69,56.92
2026-09-06,4,2,2026-09-06 11:24:00,5,第23回サントリーカップ ほぼ女子戦,2,5201,村上 宗太郎,4,23,52,0,0,0.21,5.35,31.33,54.22,5.68,38.64,56.82,36.84,52.63,47.46,62.71
2026-09-06,4,2,2026-09-06 11:24:00,5,第23回サントリーカップ ほぼ女子戦,3,4275,菅野 はやか,3,43,51.3,0,0,0.22,3.37,13.56,25.42,0,0,0,28.33,45,23.08,43.59
2026-09-06,4,2,2026-09-06 11:24:00,5,第23回サントリーカップ ほぼ女子戦,4,5370,日隈 茜,4,24,47.2,0,0,0.19,1.27,2.22,2.22,0,0,0,25.49,47.06,24.59,49.18
2026-09-06,4,2,2026-09-06 11:24:00,5,第23回サントリーカップ ほぼ女子戦,5,4525,真子 奈津実,3,38,47,0,0,0.14,4.69,27.94,39.71,6.09,45.45,72.73,16.67,38.89,25.53,38.3
2026-09-06,4,2,2026-09-06 11:24:00,5,第23回サントリーカップ ほぼ女子戦,6,4927,関野 文,2,32,45,0,0,0.16,6.08,42.45,64.15,5.72,44.83,58.62,30.36,50,36.73,51.02
2026-09-06,4,3,2026-09-06 11:53:00,5,第23回サントリーカップ ほぼ女子戦,1,4854,大橋 由珠,4,31,43.5,1,0,0.18,3.94,19.15,34.04,4.76,23.53,52.94,50,65.38,29.63,50
2026-09-06,4,3,2026-09-06 11:53:00,5,第23回サントリーカップ ほぼ女子戦,2,4065,金田 幸子,3,46,44,0,0,0.17,5.16,35.14,54.05,0,0,0,30.19,47.17,35.85,58.49
2026-09-06,4,3,2026-09-06 11:53:00,5,第23回サントリーカップ ほぼ女子戦,3,4536,喜井 つかさ,2,36,47.2,1,0,0.16,5.81,40.38,57.69,5.91,27.27,72.73,28.89,51.11,36.67,50
2026-09-06,4,3,2026-09-06 11:53:00,5,第23回サントリーカップ ほぼ女子戦,4,5264,登 みひ果,3,26,44,1,0,0.15,5.13,31.46,46.07,6,42.86,57.14,23.53,41.18,29.82,57.89
2026-09-06,4,3,2026-09-06 11:53:00,5,第23回サントリーカップ ほぼ女子戦,5,4874,池田 奈津美,3,32,51.5,0,0,0.15,4.99,27.16,51.85,5.8,60,60,23.64,41.82,19.61,37.25
2026-09-06,4,3,2026-09-06 11:53:00,5,第23回サントリーカップ ほぼ女子戦,6,5253,藤井 太雅,4,23,52.6,1,0,0.27,3.36,6.9,20.69,3.73,17.86,27.38,28.85,51.92,44.44,59.26
2026-09-06,4,4,2026-09-06 12:22:00,5,第23回サントリーカップ ほぼ女子戦,1,4090,中村 尊,4,45,54.4,0,0,0.16,6.07,45.71,58.57,7.08,50,91.67,29.31,43.1,36.51,52.38
2026-09-06,4,4,2026-09-06 12:22:00,5,第23回サントリーカップ ほぼ女子戦,2,3551,藤田 美代,3,54,44.5,0,0,0.2,3.85,18.31,26.76,3.8,20,20,40.74,57.41,16,32
2026-09-06,4,4,2026-09-06 12:22:00,5,第23回サントリーカップ ほぼ女子戦,3,5310,土屋 蘭,3,21,47,1,0,0.16,4.62,16.9,46.48,2.71,0,0,23.91,45.65,30.43,52.17
2026-09-06,4,4,2026-09-06 12:22:00,5,第23回サントリーカップ ほぼ女子戦,4,4690,高石 梨菜,4,32,48,0,0,,5.18,31.11,53.33,5.94,39.62,62.26,37.1,54.84,32.2,44.07
2026-09-06,4,4,2026-09-06 12:22:00,5,第23回サントリーカップ ほぼ女子戦,5,4882,瀧川 千依,4,30,47.3,0,0,0.24,3.24,14.71,20.59,4.9,20,40,28.81,44.07,50,54.17
2026-09-06,4,4,2026-09-06 12:22:00,5,第23回サントリーカップ ほぼ女子戦,6,4478,櫻本 あゆみ,1,38,48.3,0,0,0.16,5.95,41.67,55.95,6.55,51.52,69.7,33.96,54.72,36.07,52.46
2026-09-06,4,5,2026-09-06 12:52:00,5,第23回サントリーカップ ほぼ女子戦,1,4895,門間 雄大,2,35,53.3,1,0,0.15,4.82,22.73,47.73,5.25,23.94,53.52,17.65,25.49,38.46,53.85
2026-09-06,4,5,2026-09-06 12:52:00,5,第23回サントリーカップ ほぼ女子戦,2,5165,小林 愛実,3,26,47,0,0,0.16,4.6,23.17,43.9,5.43,26.67,60,16.98,32.08,26.32,35.09
2026-09-06,4,5,2026-09-06 12:52:00,5,第23回サントリーカップ ほぼ女子戦,3,4998,中村 かなえ,4,33,48.1,0,0,0.14,4.71,31.75,42.86,4.83,25,41.67,30.61,48.98,38,52
2026-09-06,4,5,2026-09-06 12:52:00,5,第23回サントリーカップ ほぼ女子戦,4,4414,大澤 真菜,3,39,46,0,0,0.19,3.9,23.88,32.84,4,30.77,34.62,14.89,31.91,33.87,54.84
2026-09-06,4,5,2026-09-06 12:52:00,5,第23回サントリーカップ ほぼ女子戦,5,4387,平山 智加,1,41,46,0,0,0.15,6.73,48.67,67.26,5.18,31.82,54.55,42.59,66.67,33.96,56.6
2026-09-06,4,5,2026-09-06 12:52:00,5,第23回サントリーカップ ほぼ女子戦,6,5213,湯淺 紀香,3,27,46.5,0,0,0.2,5.26,36.19,50.48,6.2,40,70,20.41,30.61,52.63,66.67
2026-09-06,4,6,2026-09-06 13:22:00,5,第23回サントリーカップ ほぼ女子戦,1,4844,村上 奈穂,3,33,50.3,0,0,0.18,3.91,17.39,29.35,4.5,25,43.75,42.59,59.26,23.73,33.9
2026-09-06,4,6,2026-09-06 13:22:00,5,第23回サントリーカップ ほぼ女子戦,2,4847,佐藤 隆太郎,1,32,52,0,0,0.16,6.85,46.96,66.09,7.71,62.5,78.57,31.03,55.17,36.23,57.97
2026-09-06,4,6,2026-09-06 13:22:00,5,第23回サントリーカップ ほぼ女子戦,3,4289,落合 直子,2,41,47.6,1,0,0.13,5.8,38.27,56.79,4.58,25,50,21.28,40.43,26.92,46.15
2026-09-06,4,6,2026-09-06 13:22:00,5,第23回サントリーカップ ほぼ女子戦,4,4941,孫崎 百世,3,37,45,0,0,0.21,4.61,27.78,38.89,4.4,13.33,46.67,31.25,45.83,29.17,54.17
2026-09-06,4,6,2026-09-06 13:22:00,5,第23回サントリーカップ ほぼ女子戦,5,4781,西舘 果里,4,39,49.5,1,0,0.18,3.63,22.86,25.71,4.22,22.22,33.33,24.49,38.78,23.64,38.18
2026-09-06,4,6,2026-09-06 13:22:00,5,第23回サントリーカップ ほぼ女子戦,6,5454,谷島 咲希,4,20,47,0,0,,1.57,1.96,1.96,0,0,0,32.79,49.18,35.56,51.11
2026-09-06,4,7,2026-09-06 13:53:00,5,第23回サントリーカップ ほぼ女子戦,1,3993,永井 聖美,3,47,46,0,0,0.16,5.49,34.52,57.14,5.31,33.82,51.47,18.37,42.86,18.03,37.7
2026-09-06,4,7,2026-09-06 13:53:00,5,第23回サントリーカップ ほぼ女子戦,2,4175,川尻 泰輔,2,43,54.7,0,0,0.14,5.66,43.75,53.75,4.84,31.82,43.18,22.64,37.74,27.08,37.5
2026-09-06,4,7,2026-09-06 13:53:00,5,第23回サントリーカップ ほぼ女子戦,3,5003,来田 衣織,3,30,47,0,0,0.16,4.87,34.04,46.81,4.28,24,40,23.21,35.71,34.09,56.82
2026-09-06,4,7,2026-09-06 13:53:00,5,第23回サントリーカップ ほぼ女子戦,4,3845,中谷 朋子,2,49,45.5,0,0,0.21,6.15,49.25,61.19,4.71,28.57,28.57,34.62,53.85,37.04,57.41
2026-09-06,4,7,2026-09-06 13:53:00,5,第23回サントリーカップ ほぼ女子戦,5,4275,菅野 はやか,3,43,51.3,0,0,0.22,3.37,13.56,25.42,0,0,0,28.33,45,23.08,43.59
2026-09-06,4,7,2026-09-06 13:53:00,5,第23回サントリーカップ ほぼ女子戦,6,4791,黒澤 めぐみ,3,36,47,0,0,0.2,5.88,37.38,63.55,6.25,45,60,29.09,49.09,40.43,59.57
2026-09-06,4,8,2026-09-06 14:24:00,5,第23回サントリーカップ ほぼ女子戦,1,5164,森田 梨湖,4,26,47.7,0,0,0.23,2.6,0,6.67,2.67,0,0,28.57,41.07,18.87,33.96
2026-09-06,4,8,2026-09-06 14:24:00,5,第23回サントリーカップ ほぼ女子戦,2,4240,今井 裕梨,2,42,44,0,0,0.15,5.5,33.98,57.28,6.25,46.43,64.29,12.5,33.33,53.85,65.38
2026-09-06,4,8,2026-09-06 14:24:00,5,第23回サントリーカップ ほぼ女子戦,3,4283,石井 裕美,3,42,50,0,0,0.17,3.82,7.35,33.82,3.33,0,16.67,33.33,47.06,47.69,56.92
2026-09-06,4,8,2026-09-06 14:24:00,5,第23回サントリーカップ ほぼ女子戦,4,5357,田中 瀬里奈,4,21,54.2,0,0,0.19,1.57,0,1.47,1.38,0,0,18.52,37.04,32.56,51.16
2026-09-06,4,8,2026-09-06 14:24:00,5,第23回サントリーカップ ほぼ女子戦,5,4065,金田 幸子,3,46,44,0,0,0.17,5.16,35.14,54.05,0,0,0,30.19,47.17,35.85,58.49
2026-09-06,4,8,2026-09-06 14:24:00,5,第23回サントリーカップ ほぼ女子戦,6,4266,長田 頼宗,1,41,52,0,0,0.15,7.24,50,67.65,7.13,55.95,67.86,42.59,66.67,13.64,31.82
2026-09-06,4,9,2026-09-06 14:56:00,5,第23回サントリーカップ ほぼ女子戦,1,5310,土屋 蘭,3,21,47,1,0,0.16,4.62,16.9,46.48,2.71,0,0,23.91,45.65,30.43,52.17
2026-09-06,4,9,2026-09-06 14:56:00,5,第23回サントリーカップ ほぼ女子戦,2,5314,中曽 瑠華,3,25,51.8,0,0,0.19,3.11,10.13,18.99,1.91,2.94,5.88,39.29,62.5,32.76,44.83
2026-09-06,4,9,2026-09-06 14:56:00,5,第23回サントリーカップ ほぼ女子戦,3,4927,関野 文,2,32,45,0,0,0.16,6.08,42.45,64.15,5.72,44.83,58.62,30.36,50,36.73,51.02
2026-09-06,4,9,2026-09-06 14:56:00,5,第23回サントリーカップ ほぼ女子戦,4,5165,小林 愛実,3,26,47,0,0,0.16,4.6,23.17,43.9,5.43,26.67,60,16.98,32.08,26.32,35.09
2026-09-06,4,9,2026-09-06 14:56:00,5,第23回サントリーカップ ほぼ女子戦,5,5253,藤井 太雅,4,23,52.6,1,0,0.27,3.36,6.9,20.69,3.73,17.86,27.38,28.85,51.92,44.44,59.26
2026-09-06,4,9,2026-09-06 14:56:00,5,第23回サントリーカップ ほぼ女子戦,6,4730,土屋 実沙希,3,37,47.1,0,0,0.17,5.38,32.1,50.62,3.89,33.33,33.33,46.03,50.79,40.98,59.02
2026-09-06,4,10,2026-09-06 15:29:00,5,第23回サントリーカップ ほぼ女子戦,1,4501,樋口 由加里,3,38,46,0,0,0.15,5.09,32.61,44.57,5.53,31.58,68.42,26.67,40,34.55,56.36
2026-09-06,4,10,2026-09-06 15:29:00,5,第23回サントリーカップ ほぼ女子戦,2,4478,櫻本 あゆみ,1,38,48.3,0,0,0.16,5.95,41.67,55.95,6.55,51.52,69.7,33.96,54.72,36.07,52.46
2026-09-06,4,10,2026-09-06 15:29:00,5,第23回サントリーカップ ほぼ女子戦,3,4893,渡邉 真奈美,3,35,47,0,0,0.16,5.16,34.09,46.59,5.32,36.36,50,44.44,51.85,29.63,46.3
2026-09-06,4,10,2026-09-06 15:29:00,5,第23回サントリーカップ ほぼ女子戦,4,5361,植竹 玲奈,3,19,47.9,0,0,0.23,2.71,5.71,15.71,2.31,4.92,9.84,37.5,46.43,31.37,49.02
2026-09-06,4,10,2026-09-06 15:29:00,5,第23回サントリーカップ ほぼ女子戦,5,4998,中村 かなえ,4,33,48.1,0,0,0.14,4.71,31.75,42.86,4.83,25,41.67,30.61,48.98,38,52
2026-09-06,4,10,2026-09-06 15:29:00,5,第23回サントリーカップ ほぼ女子戦,6,4186,小川 時光,3,45,54.7,0,0,0.17,3.74,18.39,31.03,2.97,9.68,19.35,25.86,36.21,45.16,54.84
2026-09-06,4,11,2026-09-06 16:03:00,5,第23回サントリーカップ ほぼ女子戦,1,4387,平山 智加,1,41,46,0,0,0.15,6.73,48.67,67.26,5.18,31.82,54.55,42.59,66.67,33.96,56.6
2026-09-06,4,11,2026-09-06 16:03:00,5,第23回サントリーカップ ほぼ女子戦,2,5320,岩崎 麗子,3,25,48,0,0,0.18,3.41,14.67,24,1.19,0,0,17.31,23.08,25.86,44.83
2026-09-06,4,11,2026-09-06 16:03:00,5,第23回サントリーカップ ほぼ女子戦,3,5201,村上 宗太郎,4,23,51.5,0,0,0.21,5.35,31.33,54.22,5.68,38.64,56.82,36.84,52.63,47.46,62.71
2026-09-06,4,11,2026-09-06 16:03:00,5,第23回サントリーカップ ほぼ女子戦,4,4874,池田 奈津美,3,32,51.2,0,0,0.15,4.99,27.16,51.85,5.8,60,60,23.64,41.82,19.61,37.25
2026-09-06,4,11,2026-09-06 16:03:00,5,第23回サントリーカップ ほぼ女子戦,5,4844,村上 奈穂,3,33,50.6,0,0,0.18,3.91,17.39,29.35,4.5,25,43.75,42.59,59.26,23.73,33.9
2026-09-06,4,11,2026-09-06 16:03:00,5,第23回サントリーカップ ほぼ女子戦,6,4690,高石 梨菜,4,32,48.3,0,0,,5.18,31.11,53.33,5.94,39.62,62.26,37.1,54.84,32.2,44.07
2026-09-06,4,12,2026-09-06 16:38:00,5,第23回サントリーカップ ほぼ女子戦,1,4847,佐藤 隆太郎,1,32,52,0,0,0.16,6.85,46.96,66.09,7.71,62.5,78.57,31.03,55.17,36.23,57.97
2026-09-06,4,12,2026-09-06 16:38:00,5,第23回サントリーカップ ほぼ女子戦,2,4525,真子 奈津実,3,38,47,0,0,0.14,4.69,27.94,39.71,6.09,45.45,72.73,16.67,38.89,25.53,38.3
2026-09-06,4,12,2026-09-06 16:38:00,5,第23回サントリーカップ ほぼ女子戦,3,4414,大澤 真菜,3,39,46,0,0,0.19,3.9,23.88,32.84,4,30.77,34.62,14.89,31.91,33.87,54.84
2026-09-06,4,12,2026-09-06 16:38:00,5,第23回サントリーカップ ほぼ女子戦,4,4536,喜井 つかさ,2,36,47.2,1,0,0.16,5.81,40.38,57.69,5.91,27.27,72.73,28.89,51.11,36.67,50
2026-09-06,4,12,2026-09-06 16:38:00,5,第23回サントリーカップ ほぼ女子戦,5,5003,来田 衣織,3,30,47,0,0,0.16,4.87,34.04,46.81,4.28,24,40,23.21,35.71,34.09,56.82
2026-09-06,4,12,2026-09-06 16:38:00,5,第23回サントリーカップ ほぼ女子戦,6,3551,藤田 美代,3,54,44.5,0,0,0.2,3.85,18.31,26.76,3.8,20,20,40.74,57.41,16,32
2026-09-06,7,1,2026-09-06 15:25:00,5,一般社団法人蒲郡市観光協会長杯,1,3401,上田 隆章,3,59,52.1,0,0,0.22,4.63,29.03,41.94,4.39,22.22,38.89,26.32,42.11,50,70
2026-09-06,7,1,2026-09-06 15:25:00,5,一般社団法人蒲郡市観光協会長杯,2,4365,盛本 真輔,2,40,52,0,0,0.18,5.94,41.49,60.64,4.5,27.27,45.45,42.11,47.37,13.33,26.67
2026-09-06,7,1,2026-09-06 15:25:00,5,一般社団法人蒲郡市観光協会長杯,3,4527,高野 心吾,3,38,52,0,0,0.17,4.53,26.51,40.96,3.49,14.63,24.39,47.06,58.82,26.32,42.11
2026-09-06,7,1,2026-09-06 15:25:00,5,一般社団法人蒲郡市観光協会長杯,4,3981,今坂 晃広,3,48,54.6,0,0,0.18,4.13,20.56,34.58,3.71,12.5,20.83,35,35,27.27,59.09
2026-09-06,7,1,2026-09-06 15:25:00,5,一般社団法人蒲郡市観光協会長杯,5,3957,大谷 直弘,3,49,53.1,0,0,0.19,4.84,26.73,50.5,5.03,24.19,51.61,11.11,27.78,33.33,72.22
2026-09-06,7,1,2026-09-06 15:25:00,5,一般社団法人蒲郡市観光協会長杯,6,4234,野相 弘司,3,42,55.9,0,0,0.17,4.62,27.54,42.03,4.83,22.22,44.44,17.65,41.18,38.46,38.46
2026-09-06,7,2,2026-09-06 15:57:00,5,一般社団法人蒲郡市観光協会長杯,1,3546,中里 昌志,3,57,52,0,0,0.19,4.61,22.22,44.44,4.77,28.21,41.03,14.29,42.86,33.33,38.89
2026-09-06,7,2,2026-09-06 15:57:00,5,一般社団法人蒲郡市観光協会長杯,2,3652,森下 勇,3,53,54.1,0,0,0.19,3.61,13.33,28,2.67,0,11.11,59.09,77.27,41.18,47.06
2026-09-06,7,2,2026-09-06 15:57:00,5,一般社団法人蒲郡市観光協会長杯,3,3680,森林 太,3,53,54.8,0,0,0.22,4.24,21.7,34.91,0,0,0,0,28.57,11.11,22.22
2026-09-06,7,2,2026-09-06 15:57:00,5,一般社団法人蒲郡市観光協会長杯,4,3679,飯島 昌弘,2,53,52,0,0,0.17,6.79,50.86,75,7.38,56.25,78.13,11.11,22.22,16.67,25
2026-09-06,7,2,2026-09-06 15:57:00,5,一般社団法人蒲郡市観光協会長杯,5,4872,山下 流心,3,33,54.1,1,0,0.18,4.46,25.93,39.51,3.69,11.54,34.62,52.38,80.95,41.18,52.94
2026-09-06,7,2,2026-09-06 15:57:00,5,一般社団法人蒲郡市観光協会長杯,6,5064,品川 二千翔,1,28,52.6,0,0,0.17,6.6,50.48,69.52,4.06,22.22,27.78,16.67,33.33,40,60
2026-09-06,7,3,2026-09-06 16:23:00,5,一般社団法人蒲郡市観光協会長杯,1,4214,林 祐介,3,42,55.5,1,0,0.16,5.25,29.67,50.55,6.18,39.29,71.43,40.91,68.18,50,65
2026-09-06,7,3,2026-09-06 16:23:00,5,一般社団法人蒲郡市観光協会長杯,2,4219,本岡 勝利,3,44,52.9,1,0,0.19,3.93,10.29,25,3.79,10.53,21.05,27.78,50,45.45,63.64
2026-09-06,7,3,2026-09-06 16:23:00,5,一般社団法人蒲郡市観光協会長杯,3,3876,中辻 崇人,1,49,52.4,0,0,0.15,6.76,48.28,67.24,4.71,0,14.29,30.43,73.91,55,65
2026-09-06,7,3,2026-09-06 16:23:00,5,一般社団法人蒲郡市観光協会長杯,4,4197,渥美 卓郎,3,44,53.7,0,0,0.19,3.76,16.28,29.07,4.4,15,30,31.25,37.5,36.84,57.89
2026-09-06,7,3,2026-09-06 16:23:00,5,一般社団法人蒲郡市観光協会長杯,5,3872,岡田 憲行,2,50,53.5,0,0,0.18,5.86,38.04,58.7,6.07,34.88,72.09,29.41,64.71,16.67,22.22
2026-09-06,7,3,2026-09-06 16:23:00,5,一般社団法人蒲郡市観光協会長杯,6,4151,下河 誉史,3,44,52.4,0,0,0.19,4.9,25.56,50,4.47,15.79,42.11,21.05,47.37,36.84,47.37
2026-09-06,7,4,2026-09-06 16:52:00,5,一般社団法人蒲郡市観光協会長杯,1,4917,岩橋 裕馬,3,38,52,0,0,0.17,4.89,30.38,40.51,4,14.29,28.57,47.06,58.82,38.46,53.85
2026-09-06,7,4,2026-09-06 16:52:00,5,一般社団法人蒲郡市観光協会長杯,2,3282,池本 輝明,3,59,51.5,0,0,0.19,4.63,22.92,41.67,3.94,22.22,33.33,56.25,81.25,14.29,35.71
2026-09-06,7,4,2026-09-06 16:52:00,5,一般社団法人蒲郡市観光協会長杯,3,3825,宮嵜 隆太郎,3,53,57.9,1,0,0.12,3.36,17.14,28.57,5.33,33.33,33.33,60,70,26.32,57.89
2026-09-06,7,4,2026-09-06 16:52:00,5,一般社団法人蒲郡市観光協会長杯,4,4237,大峯 豊,1,42,52,0,0,0.14,7.25,50.49,73.79,8,66.67,77.78,37.5,43.75,58.82,70.59
2026-09-06,7,4,2026-09-06 16:52:00,5,一般社団法人蒲郡市観光協会長杯,5,3875,廣中 良一,3,49,51.5,0,0,0.18,4.72,28.26,47.83,5.06,33.33,45.45,23.53,58.82,18.75,31.25
2026-09-06,7,4,2026-09-06 16:52:00,5,一般社団法人蒲郡市観光協会長杯,6,4469,土山 卓也,2,39,55,0,0,0.17,5.66,37.11,54.64,5.85,44.44,59.26,7.14,14.29,55.56,61.11
2026-09-06,7,5,2026-09-06 17:19:00,5,一般社団法人蒲郡市観光協会長杯,1,4323,山田 佑樹,3,39,55,0,0,0.17,6.07,51.09,64.13,4.2,25,35,41.18,58.82,5,20
2026-09-06,7,5,2026-09-06 17:19:00,5,一般社団法人蒲郡市観光協会長杯,2,5349,宮崎 奏磨,4,22,52,1,0,0.19,1.31,0,1.49,1.25,0,0,50,68.18,6.25,25
2026-09-06,7,5,2026-09-06 17:19:00,5,一般社団法人蒲郡市観光協会長杯,3,4603,谷川 将太,3,38,52,0,0,0.16,6.1,46.15,65.38,5.5,40,50,15.79,31.58,25,45
2026-09-06,7,5,2026-09-06 17:19:00,5,一般社団法人蒲郡市観光協会長杯,4,4682,大上 卓人,1,36,52,0,0,0.14,7.29,50,68.27,7.79,57.89,68.42,43.75,56.25,38.89,55.56
2026-09-06,7,5,2026-09-06 17:19:00,5,一般社団法人蒲郡市観光協会長杯,5,3401,上田 隆章,3,59,52.1,0,0,0.22,4.63,29.03,41.94,4.39,22.22,38.89,26.32,42.11,50,70
2026-09-06,7,5,2026-09-06 17:19:00,5,一般社団法人蒲郡市観光協会長杯,6,4435,服部 達哉,2,40,54.5,0,0,0.18,5.42,35.56,52.22,5.18,30.3,51.52,12.5,25,47.06,70.59
2026-09-06,7,6,2026-09-06 17:46:00,5,一般社団法人蒲郡市観光協会長杯,1,4041,小林 基樹,3,47,52.7,1,0,0.21,3.94,17.65,35.29,4,0,33.33,36.84,47.37,50,55
2026-09-06,7,6,2026-09-06 17:46:00,5,一般社団法人蒲郡市観光協会長杯,2,4459,片岡 雅裕,2,40,52.5,1,0,0.12,5.96,36,45.33,5.56,33.33,44.44,41.18,58.82,61.11,83.33
2026-09-06,7,6,2026-09-06 17:46:00,5,一般社団法人蒲郡市観光協会長杯,3,3660,長谷川 親王,3,57,57.6,0,0,0.19,3.65,12.79,27.91,3.89,11.11,22.22,35.29,64.71,21.05,36.84
2026-09-06,7,6,2026-09-06 17:46:00,5,一般社団法人蒲郡市観光協会長杯,4,5196,鰐部 太空海,1,24,53.7,2,0,0.15,5.51,33.77,49.35,5.81,29.63,70.37,22.22,55.56,22.22,38.89
2026-09-06,7,6,2026-09-06 17:46:00,5,一般社団法人蒲郡市観光協会長杯,5,4016,西川 新太郎,3,46,55,0,0,0.16,5.46,30.93,51.55,4.6,30,45,26.67,33.33,64.71,82.35
2026-09-06,7,6,2026-09-06 17:46:00,5,一般社団法人蒲郡市観光協会長杯,6,4872,山下 流心,3,33,54.1,1,0,0.18,4.46,25.93,39.51,3.69,11.54,34.62,52.38,80.95,41.18,52.94
2026-09-06,7,7,2026-09-06 18:13:00,5,一般社団法人蒲郡市観光協会長杯,1,4523,中村 辰也,2,38,52.3,0,0,0.15,5.64,35.87,59.78,5.35,30.43,56.52,31.25,50,58.82,64.71
2026-09-06,7,7,2026-09-06 18:13:00,5,一般社団法人蒲郡市観光協会長杯,2,4234,野相 弘司,3,42,55.9,0,0,0.17,4.62,27.54,42.03,4.83,22.22,44.44,17.65,41.18,38.46,38.46
2026-09-06,7,7,2026-09-06 18:13:00,5,一般社団法人蒲郡市観光協会長杯,3,4362,土屋 智則,1,41,52.3,0,0,0.15,6.89,44.95,66.97,5.47,17.65,47.06,15.79,42.11,52.38,76.19
2026-09-06,7,7,2026-09-06 18:13:00,5,一般社団法人蒲郡市観光協会長杯,4,4520,高倉 孝太,2,39,50.5,1,0,0.13,5.77,37.11,52.58,5.32,36.84,47.37,5.56,11.11,42.11,52.63
2026-09-06,7,7,2026-09-06 18:13:00,5,一般社団法人蒲郡市観光協会長杯,5,4214,林 祐介,3,42,55.5,1,0,0.16,5.25,29.67,50.55,6.18,39.29,71.43,40.91,68.18,50,65
2026-09-06,7,7,2026-09-06 18:13:00,5,一般社団法人蒲郡市観光協会長杯,6,5366,塩嶋 泰空,4,25,53.1,1,0,0.19,1.46,2.9,4.35,1.27,0,0,43.75,62.5,50,72.22
2026-09-06,7,8,2026-09-06 18:43:00,5,一般社団法人蒲郡市観光協会長杯,1,3661,柳瀬 興志,2,57,58,0,0,0.18,4.38,23.4,36.17,5.11,33.33,33.33,11.76,17.65,35.29,58.82
2026-09-06,7,8,2026-09-06 18:43:00,5,一般社団法人蒲郡市観光協会長杯,2,4914,吉田 裕平,1,29,52,1,0,0.12,7.35,52.04,65.31,7.29,57.97,79.71,88.89,94.44,11.11,16.67
2026-09-06,7,8,2026-09-06 18:43:00,5,一般社団法人蒲郡市観光協会長杯,3,3957,大谷 直弘,3,49,53.1,0,0,0.19,4.84,26.73,50.5,5.03,24.19,51.61,11.11,27.78,33.33,72.22
2026-09-06,7,8,2026-09-06 18:43:00,5,一般社団法人蒲郡市観光協会長杯,4,4917,岩橋 裕馬,3,38,52,0,0,0.17,4.89,30.38,40.51,4,14.29,28.57,47.06,58.82,38.46,53.85
2026-09-06,7,8,2026-09-06 18:43:00,5,一般社団法人蒲郡市観光協会長杯,5,4319,三宅 潤,2,41,52,0,0,0.18,5.5,31.2,56.8,5.88,37.5,68.75,42.11,52.63,40,55
2026-09-06,7,8,2026-09-06 18:43:00,5,一般社団法人蒲郡市観光協会長杯,6,4693,松下 誉士,3,42,52.9,0,0,0.19,4.05,23.86,32.95,4.17,11.11,44.44,52.94,58.82,22.22,38.89
2026-09-06,7,9,2026-09-06 19:14:00,5,一般社団法人蒲郡市観光協会長杯,1,4365,盛本 真輔,2,40,52,0,0,0.18,5.94,41.49,60.64,4.5,27.27,45.45,42.11,47.37,13.33,26.67
2026-09-06,7,9,2026-09-06 19:14:00,5,一般社団法人蒲郡市観光協会長杯,2,5064,品川 二千翔,1,28,52.5,0,0,0.17,6.6,50.48,69.52,4.06,22.22,27.78,16.67,33.33,40,60
2026-09-06,7,9,2026-09-06 19:14:00,5,一般社団法人蒲郡市観光協会長杯,3,3773,津留 浩一郎,3,52,55.2,0,0,0.16,3.85,18.29,34.15,4.15,23.08,30.77,18.75,18.75,6.67,20
2026-09-06,7,9,2026-09-06 19:14:00,5,一般社団法人蒲郡市観光協会長杯,4,3945,橋口 真樹,3,50,51.5,0,0,0.21,4.48,22.39,40.3,3.72,23.08,30.77,26.32,57.89,58.82,70.59
2026-09-06,7,9,2026-09-06 19:14:00,5,一般社団法人蒲郡市観光協会長杯,5,4603,谷川 将太,3,38,52,0,0,0.16,6.1,46.15,65.38,5.5,40,50,15.79,31.58,25,45
2026-09-06,7,9,2026-09-06 19:14:00,5,一般社団法人蒲郡市観光協会長杯,6,3872,岡田 憲行,2,50,53.2,0,0,0.18,5.86,38.04,58.7,6.07,34.88,72.09,29.41,64.71,16.67,22.22
2026-09-06,7,10,2026-09-06 19:47:00,5,一般社団法人蒲郡市観光協会長杯,1,4682,大上 卓人,1,36,52,0,0,0.14,7.29,50,68.27,7.79,57.89,68.42,43.75,56.25,38.89,55.56
2026-09-06,7,10,2026-09-06 19:47:00,5,一般社団法人蒲郡市観光協会長杯,2,3679,飯島 昌弘,2,53,52,0,0,0.17,6.79,50.86,75,7.38,56.25,78.13,11.11,22.22,16.67,25
2026-09-06,7,10,2026-09-06 19:47:00,5,一般社団法人蒲郡市観光協会長杯,3,4016,西川 新太郎,3,46,55,0,0,0.16,5.46,30.93,51.55,4.6,30,45,26.67,33.33,64.71,82.35
2026-09-06,7,10,2026-09-06 19:47:00,5,一般社団法人蒲郡市観光協会長杯,4,3282,池本 輝明,3,59,51.5,0,0,0.19,4.63,22.92,41.67,3.94,22.22,33.33,56.25,81.25,14.29,35.71
2026-09-06,7,10,2026-09-06 19:47:00,5,一般社団法人蒲郡市観光協会長杯,5,3876,中辻 崇人,1,49,52.4,0,0,0.15,6.76,48.28,67.24,4.71,0,14.29,30.43,73.91,55,65
2026-09-06,7,10,2026-09-06 19:47:00,5,一般社団法人蒲郡市観光協会長杯,6,3981,今坂 晃広,3,48,54.6,0,0,0.18,4.13,20.56,34.58,3.71,12.5,20.83,35,35,27.27,59.09
2026-09-06,7,11,2026-09-06 20:16:00,5,一般社団法人蒲郡市観光協会長杯,1,4362,土屋 智則,1,41,52.3,0,0,0.15,6.89,44.95,66.97,5.47,17.65,47.06,15.79,42.11,52.38,76.19
2026-09-06,7,11,2026-09-06 20:16:00,5,一般社団法人蒲郡市観光協会長杯,2,3546,中里 昌志,3,57,52,0,0,0.19,4.61,22.22,44.44,4.77,28.21,41.03,14.29,42.86,33.33,38.89
2026-09-06,7,11,2026-09-06 20:16:00,5,一般社団法人蒲郡市観光協会長杯,3,4435,服部 達哉,2,40,54.5,0,0,0.18,5.42,35.56,52.22,5.18,30.3,51.52,12.5,25,47.06,70.59
2026-09-06,7,11,2026-09-06 20:16:00,5,一般社団法人蒲郡市観光協会長杯,4,4151,下河 誉史,3,44,52.4,0,0,0.19,4.9,25.56,50,4.47,15.79,42.11,21.05,47.37,36.84,47.37
2026-09-06,7,11,2026-09-06 20:16:00,5,一般社団法人蒲郡市観光協会長杯,5,4469,土山 卓也,2,39,55,0,0,0.17,5.66,37.11,54.64,5.85,44.44,59.26,7.14,14.29,55.56,61.11
2026-09-06,7,11,2026-09-06 20:16:00,5,一般社団法人蒲郡市観光協会長杯,6,5196,鰐部 太空海,1,24,53.7,2,0,0.15,5.51,33.77,49.35,5.81,29.63,70.37,22.22,55.56,22.22,38.89
2026-09-06,7,12,2026-09-06 20:45:00,5,一般社団法人蒲郡市観光協会長杯,1,4914,吉田 裕平,1,29,52,1,0,0.12,7.35,52.04,65.31,7.29,57.97,79.71,88.89,94.44,11.11,16.67
2026-09-06,7,12,2026-09-06 20:45:00,5,一般社団法人蒲郡市観光協会長杯,2,4237,大峯 豊,1,42,52,0,0,0.14,7.25,50.49,73.79,8,66.67,77.78,37.5,43.75,58.82,70.59
2026-09-06,7,12,2026-09-06 20:45:00,5,一般社団法人蒲郡市観光協会長杯,3,4323,山田 佑樹,3,39,55,0,0,0.17,6.07,51.09,64.13,4.2,25,35,41.18,58.82,5,20
2026-09-06,7,12,2026-09-06 20:45:00,5,一般社団法人蒲郡市観光協会長杯,4,4523,中村 辰也,2,38,52.3,0,0,0.15,5.64,35.87,59.78,5.35,30.43,56.52,31.25,50,58.82,64.71
2026-09-06,7,12,2026-09-06 20:45:00,5,一般社団法人蒲郡市観光協会長杯,5,3680,森林 太,3,53,54.8,0,0,0.22,4.24,21.7,34.91,0,0,0,0,28.57,11.11,22.22
2026-09-06,7,12,2026-09-06 20:45:00,5,一般社団法人蒲郡市観光協会長杯,6,4459,片岡 雅裕,2,40,52.5,1,0,0.12,5.96,36,45.33,5.56,33.33,44.44,41.18,58.82,61.11,83.33
2026-09-06,9,1,2026-09-06 10:42:00,2,開設74周年記念 ツッキー王座決定戦,1,4980,佐々木 完太,1,30,51.5,0,0,0.16,7.31,55.77,67.31,3.63,12.5,25,40.27,61.74,35.29,55.56
2026-09-06,9,1,2026-09-06 10:42:00,2,開設74周年記念 ツッキー王座決定戦,2,4796,春園 功太,1,35,51.5,0,0,0.15,6.02,45.37,59.26,6.79,53.49,68.22,33.54,50.63,50,70.49
2026-09-06,9,1,2026-09-06 10:42:00,2,開設74周年記念 ツッキー王座決定戦,3,4415,下出 卓矢,1,39,54.2,1,0,0.14,6.07,47.9,58.82,6.48,48.21,62.5,36.22,51.97,41.26,58.74
2026-09-06,9,1,2026-09-06 10:42:00,2,開設74周年記念 ツッキー王座決定戦,4,4205,山口 剛,1,44,52.3,0,0,0.14,7.83,52.33,72.09,6.56,44.44,50,29.5,41.01,32.48,51.59
2026-09-06,9,1,2026-09-06 10:42:00,2,開設74周年記念 ツッキー王座決定戦,5,4456,鎌倉 涼,1,37,45.5,1,0,0.16,6.3,36.84,56.58,7,60,80,30.72,46.41,31.78,49.61
2026-09-06,9,1,2026-09-06 10:42:00,2,開設74周年記念 ツッキー王座決定戦,6,5112,砂長 知輝,1,26,52,1,0,0.16,6.85,53.4,73.79,6.97,55.88,76.47,39.34,56.56,32.45,50.33
2026-09-06,9,2,2026-09-06 11:12:00,2,開設74周年記念 ツッキー王座決定戦,1,4852,川原 祐明,1,31,52,1,0,0.15,7.2,58.2,77.05,7.23,58.06,74.19,32.89,50.66,29.37,38.46
2026-09-06,9,2,2026-09-06 11:12:00,2,開設74周年記念 ツッキー王座決定戦,2,4528,黒井 達矢,1,38,52,0,0,0.17,6.73,46.84,67.09,6.62,46.15,57.69,37.98,62.79,32.1,45.06
2026-09-06,9,2,2026-09-06 11:12:00,2,開設74周年記念 ツッキー王座決定戦,3,4445,宮地 元輝,1,39,54.2,0,0,0.12,7.28,50,62.5,7.55,51.52,66.67,29.5,41.73,44.12,62.75
2026-09-06,9,2,2026-09-06 11:12:00,2,開設74周年記念 ツッキー王座決定戦,4,4397,西村 拓也,1,39,52.1,0,0,0.13,7.38,60.98,78.05,6.81,53.85,69.23,34.03,54.86,40.85,54.93
2026-09-06,9,2,2026-09-06 11:12:00,2,開設74周年記念 ツッキー王座決定戦,5,5256,中山 翔太,1,22,52,2,0,0.14,6.18,46.94,60.2,6.35,45.75,62.75,38.35,55.64,31.54,53.08
2026-09-06,9,2,2026-09-06 11:12:00,2,開設74周年記念 ツッキー王座決定戦,6,4013,中島 孝平,1,46,52,0,0,0.14,7.14,49.49,66.67,6.66,45.28,66.04,28.67,43.33,31.11,49.63
2026-09-06,9,3,2026-09-06 11:42:00,2,開設74周年記念 ツッキー王座決定戦,1,4468,大池 佑来,1,39,52,1,0,0.13,7.35,59.41,77.23,7.36,59.09,72.73,34.4,51.2,35.9,58.97
2026-09-06,9,3,2026-09-06 11:42:00,2,開設74周年記念 ツッキー王座決定戦,2,4760,山崎 郡,1,36,52,0,0,0.14,7.63,55.28,71.54,8.33,61.11,83.33,42.07,56.55,30.3,45.45
2026-09-06,9,3,2026-09-06 11:42:00,2,開設74周年記念 ツッキー王座決定戦,3,4857,加藤 翔馬,1,29,54,0,0,0.16,7.18,58.93,74.11,8.3,80,90,39.86,57.25,34.21,51.32
2026-09-06,9,3,2026-09-06 11:42:00,2,開設74周年記念 ツッキー王座決定戦,4,4444,桐生 順平,1,39,52,0,0,0.13,7.17,38.55,60.24,8.13,37.5,62.5,41.18,58.82,32.65,47.96
2026-09-06,9,3,2026-09-06 11:42:00,2,開設74周年記念 ツッキー王座決定戦,5,4502,遠藤 エミ,1,38,45,0,0,0.14,7.34,50.89,71.43,7.07,41.38,68.97,45.67,63.78,37.59,51.88
2026-09-06,9,3,2026-09-06 11:42:00,2,開設74周年記念 ツッキー王座決定戦,6,4856,豊田 健士郎,1,30,52,0,0,0.14,7.23,57.69,73.08,7.58,63.79,75.29,35.88,54.2,36.36,49.65
2026-09-06,9,4,2026-09-06 12:13:00,2,開設74周年記念 ツッキー王座決定戦,1,4391,松田 祐季,1,40,52,0,0,0.15,7.19,56.76,73.87,7.77,63.33,76.67,42.21,60.39,32.65,51.7
2026-09-06,9,4,2026-09-06 12:13:00,2,開設74周年記念 ツッキー王座決定戦,2,4256,渡辺 浩司,1,42,52,1,0,0.13,7.08,47.27,79.09,7.94,47.06,76.47,25.93,37.78,35.85,55.97
2026-09-06,9,4,2026-09-06 12:13:00,2,開設74周年記念 ツッキー王座決定戦,3,4772,石丸 海渡,1,33,52,0,0,0.11,6.8,53.33,67.62,7.43,60,86.67,36.96,55.07,31.61,46.45
2026-09-06,9,4,2026-09-06 12:13:00,2,開設74周年記念 ツッキー王座決定戦,4,4537,渡邉 和将,1,36,50.5,0,0,0.14,7.26,52,77.6,7.26,52.63,78.95,29.88,47.56,43.05,62.25
2026-09-06,9,4,2026-09-06 12:13:00,2,開設74周年記念 ツッキー王座決定戦,5,4953,尾上 雅也,1,31,52,0,0,0.16,6.67,52.14,68.38,7.79,68.42,84.21,35.09,52.63,40.43,58.16
2026-09-06,9,4,2026-09-06 12:13:00,2,開設74周年記念 ツッキー王座決定戦,6,4024,井口 佳典,1,49,52.1,0,0,0.16,6.89,47,60,7.7,64.96,77.78,38.01,49.71,31.29,45.58
2026-09-06,9,5,2026-09-06 12:44:00,2,開設74周年記念 ツッキー王座決定戦,1,5015,高橋 竜矢,1,28,51.5,0,0,0.14,6.91,54.92,75.41,7,53.85,76.92,42.18,62.59,43.86,57.89
2026-09-06,9,5,2026-09-06 12:44:00,2,開設74周年記念 ツッキー王座決定戦,2,4826,井上 一輝,1,32,52,0,0,0.13,7.02,54.81,71.15,7.84,67.74,77.42,30,44,35.85,52.2
2026-09-06,9,5,2026-09-06 12:44:00,2,開設74周年記念 ツッキー王座決定戦,3,4477,篠崎 仁志,1,38,54.4,0,0,0.13,7.22,42.86,67.62,6.13,33.33,53.33,27.2,46.4,31.08,47.3
2026-09-06,9,5,2026-09-06 12:44:00,2,開設74周年記念 ツッキー王座決定戦,4,3897,白井 英治,1,49,53.3,0,0,0.13,7.77,52.43,67.96,7.76,52,68,21.7,37.74,34.64,52.29
2026-09-06,9,5,2026-09-06 12:44:00,2,開設74周年記念 ツッキー王座決定戦,5,4804,高田 ひかる,1,32,46.5,1,0,0.19,6.04,40,58.1,6.34,45.05,61.26,34.62,50,38.51,56.76
2026-09-06,9,5,2026-09-06 12:44:00,2,開設74周年記念 ツッキー王座決定戦,6,4305,金子 拓矢,1,42,52.9,0,0,0.15,6.81,53.19,67.02,8,65.96,82.98,38.46,61.54,30.43,50.43
2026-09-06,9,6,2026-09-06 13:15:00,2,開設74周年記念 ツッキー王座決定戦,1,4713,白神 優,1,36,52,0,0,0.14,6.35,42,63,7.2,60,70,29.09,46.67,36.75,52.41
2026-09-06,9,6,2026-09-06 13:15:00,2,開設74周年記念 ツッキー王座決定戦,2,4344,新田 雄史,1,41,52.4,1,0,0.14,7.63,55.45,69.09,7.88,65.08,80.95,38.26,56.38,38.82,51.97
2026-09-06,9,6,2026-09-06 13:15:00,2,開設74周年記念 ツッキー王座決定戦,3,4361,柳生 泰二,1,41,52,0,0,0.14,7.5,58.49,72.64,7.31,50,72.22,41.45,57.24,31.3,51.91
2026-09-06,9,6,2026-09-06 13:15:00,2,開設74周年記念 ツッキー王座決定戦,4,5112,砂長 知輝,1,26,52,1,0,0.16,6.85,53.4,73.79,6.97,55.88,76.47,39.34,56.56,32.45,50.33
2026-09-06,9,6,2026-09-06 13:15:00,2,開設74周年記念 ツッキー王座決定戦,5,4083,福島 勇樹,1,47,52,1,0,0.14,6.92,54.17,71.67,6.29,51.61,67.74,34.03,52.08,32.21,44.97
2026-09-06,9,6,2026-09-06 13:15:00,2,開設74周年記念 ツッキー王座決定戦,6,4586,磯部 誠,1,35,52.2,0,0,0.13,7.69,54.78,71.3,7.68,48.78,78.05,26.43,42.86,40,59.26
2026-09-06,9,7,2026-09-06 13:46:00,2,開設74周年記念 ツッキー王座決定戦,1,5267,石本 裕武,1,26,52,0,0,0.15,6.76,53.68,64.21,6.17,41.38,65.52,29.63,45.93,32.43,52.7
2026-09-06,9,7,2026-09-06 13:46:00,2,開設74周年記念 ツッキー王座決定戦,2,5084,末永 和也,1,27,52,0,0,0.13,6.6,47.17,66.04,7.62,45.95,70.27,42.86,60,32.74,44.05
2026-09-06,9,7,2026-09-06 13:46:00,2,開設74周年記念 ツッキー王座決定戦,3,4980,佐々木 完太,1,30,51.5,0,0,0.16,7.31,55.77,67.31,3.63,12.5,25,40.27,61.74,35.29,55.56
2026-09-06,9,7,2026-09-06 13:46:00,2,開設74周年記念 ツッキー王座決定戦,4,5256,中山 翔太,1,22,52,2,0,0.14,6.18,46.94,60.2,6.35,45.75,62.75,38.35,55.64,31.54,53.08
2026-09-06,9,7,2026-09-06 13:46:00,2,開設74周年記念 ツッキー王座決定戦,5,3960,菊地 孝平,1,48,52,0,0,0.11,6.72,40.57,59.43,6.87,50,60,35.44,53.8,30.77,47.25
2026-09-06,9,7,2026-09-06 13:46:00,2,開設74周年記念 ツッキー王座決定戦,6,4472,尾嶋 一広,1,39,54.5,0,0,0.16,6.61,45.45,64.65,5.44,33.33,44.44,26.76,48.59,43.33,59.33
2026-09-06,9,8,2026-09-06 14:18:00,2,開設74周年記念 ツッキー王座決定戦,1,4537,渡邉 和将,1,36,50.5,0,0,0.14,7.26,52,77.6,7.26,52.63,78.95,29.88,47.56,43.05,62.25
2026-09-06,9,8,2026-09-06 14:18:00,2,開設74周年記念 ツッキー王座決定戦,2,3941,池田 浩二,1,48,52,0,0,0.12,7.8,50.46,67.89,7.15,33.33,59.26,29.63,40,39.26,60
2026-09-06,9,8,2026-09-06 14:18:00,2,開設74周年記念 ツッキー王座決定戦,3,4856,豊田 健士郎,1,30,52,0,0,0.14,7.23,57.69,73.08,7.58,63.79,75.29,35.88,54.2,36.36,49.65
2026-09-06,9,8,2026-09-06 14:18:00,2,開設74周年記念 ツッキー王座決定戦,4,4566,塩田 北斗,1,38,53.2,1,0,0.14,6.84,45.88,64.71,8.1,63.41,78.05,39.01,52.48,32.19,41.78
2026-09-06,9,8,2026-09-06 14:18:00,2,開設74周年記念 ツッキー王座決定戦,5,4739,中村 晃朋,1,34,50.5,1,0,0.15,6.57,55.36,70.54,5.91,39.53,62.79,29.86,45.14,36.13,50.32
2026-09-06,9,8,2026-09-06 14:18:00,2,開設74周年記念 ツッキー王座決定戦,6,4445,宮地 元輝,1,39,54.2,0,0,0.12,7.28,50,62.5,7.55,51.52,66.67,29.5,41.73,44.12,62.75
2026-09-06,9,9,2026-09-06 14:50:00,2,開設74周年記念 ツッキー王座決定戦,1,4337,平本 真之,1,42,52.9,0,0,0.13,7.35,47.29,70.54,6.94,52.94,64.71,32.86,47.86,36.15,51.54
2026-09-06,9,9,2026-09-06 14:50:00,2,開設74周年記念 ツッキー王座決定戦,2,4857,加藤 翔馬,1,29,54,0,0,0.16,7.18,58.93,74.11,8.3,80,90,39.86,57.25,34.21,51.32
2026-09-06,9,9,2026-09-06 14:50:00,2,開設74周年記念 ツッキー王座決定戦,3,4852,川原 祐明,1,31,52,1,0,0.15,7.2,58.2,77.05,7.23,58.06,74.19,32.89,50.66,29.37,38.46
2026-09-06,9,9,2026-09-06 14:50:00,2,開設74周年記念 ツッキー王座決定戦,4,4024,井口 佳典,1,49,52.1,0,0,0.16,6.89,47,60,7.7,64.96,77.78,38.01,49.71,31.29,45.58
2026-09-06,9,9,2026-09-06 14:50:00,2,開設74周年記念 ツッキー王座決定戦,5,4547,中田 竜太,1,38,50.5,0,0,0.16,6.88,43.56,62.38,6.12,23.08,50,25.19,37.04,27.48,40.46
2026-09-06,9,9,2026-09-06 14:50:00,2,開設74周年記念 ツッキー王座決定戦,6,5017,澤田 尚也,1,27,52,0,0,0.13,6.83,52.85,69.11,6.58,50,58.33,38.89,57.64,37.93,51.72
2026-09-06,9,10,2026-09-06 15:23:00,2,開設74周年記念 ツッキー王座決定戦,1,4502,遠藤 エミ,1,38,45.5,0,0,0.14,7.34,50.89,71.43,7.07,41.38,68.97,45.67,63.78,37.59,51.88
2026-09-06,9,10,2026-09-06 15:23:00,2,開設74周年記念 ツッキー王座決定戦,2,5034,若林 義人,1,28,54.2,0,0,0.12,6.44,48.82,66.14,6.18,42.22,64.44,46.67,60.67,31.4,41.32
2026-09-06,9,10,2026-09-06 15:23:00,2,開設74周年記念 ツッキー王座決定戦,3,4013,中島 孝平,1,46,51.5,0,0,0.14,7.14,49.49,66.67,6.66,45.28,66.04,28.67,43.33,31.11,49.63
2026-09-06,9,10,2026-09-06 15:23:00,2,開設74周年記念 ツッキー王座決定戦,4,4953,尾上 雅也,1,31,52,0,0,0.16,6.67,52.14,68.38,7.79,68.42,84.21,35.09,52.63,40.43,58.16
2026-09-06,9,10,2026-09-06 15:23:00,2,開設74周年記念 ツッキー王座決定戦,5,4851,関 浩哉,1,31,51,0,0,0.13,7.54,47.12,64.42,7.06,33.33,61.11,34.87,55.26,31.54,50
2026-09-06,9,10,2026-09-06 15:23:00,2,開設74周年記念 ツッキー王座決定戦,6,4477,篠崎 仁志,1,38,54.5,0,0,0.13,7.22,42.86,67.62,6.13,33.33,53.33,27.2,46.4,31.08,47.3
2026-09-06,9,11,2026-09-06 15:58:00,2,開設74周年記念 ツッキー王座決定戦,1,3897,白井 英治,1,49,53.3,0,0,0.13,7.77,52.43,67.96,7.76,52,68,21.7,37.74,34.64,52.29
2026-09-06,9,11,2026-09-06 15:58:00,2,開設74周年記念 ツッキー王座決定戦,2,4586,磯部 誠,1,35,52.2,0,0,0.13,7.69,54.78,71.3,7.68,48.78,78.05,26.43,42.86,40,59.26
2026-09-06,9,11,2026-09-06 15:58:00,2,開設74周年記念 ツッキー王座決定戦,3,4743,木村 仁紀,1,33,52,0,0,0.14,6.33,41.67,60.61,7.09,50,63.64,31.25,44.53,31.54,50.77
2026-09-06,9,11,2026-09-06 15:58:00,2,開設74周年記念 ツッキー王座決定戦,4,4256,渡辺 浩司,1,42,52,1,0,0.13,7.08,47.27,79.09,7.94,47.06,76.47,25.93,37.78,35.85,55.97
2026-09-06,9,11,2026-09-06 15:58:00,2,開設74周年記念 ツッキー王座決定戦,5,5084,末永 和也,1,27,52,0,0,0.13,6.6,47.17,66.04,7.62,45.95,70.27,42.86,60,32.74,44.05
2026-09-06,9,11,2026-09-06 15:58:00,2,開設74周年記念 ツッキー王座決定戦,6,4456,鎌倉 涼,1,37,45.5,1,0,0.16,6.3,36.84,56.58,7,60,80,30.72,46.41,31.78,49.61
2026-09-06,9,12,2026-09-06 16:35:00,2,開設74周年記念 ツッキー王座決定戦,1,4444,桐生 順平,1,39,52,0,0,0.13,7.17,38.55,60.24,8.13,37.5,62.5,41.18,58.82,32.65,47.96
2026-09-06,9,12,2026-09-06 16:35:00,2,開設74周年記念 ツッキー王座決定戦,2,3960,菊地 孝平,1,48,52,0,0,0.11,6.72,40.57,59.43,6.87,50,60,35.44,53.8,30.77,47.25
2026-09-06,9,12,2026-09-06 16:35:00,2,開設74周年記念 ツッキー王座決定戦,3,4448,青木 玄太,1,39,52.3,0,0,0.16,7.06,56.64,74.34,6,50,50,31.11,52.59,38.02,54.55
2026-09-06,9,12,2026-09-06 16:35:00,2,開設74周年記念 ツッキー王座決定戦,4,4512,高野 哲史,1,37,52,0,0,0.15,6.83,57.46,70.9,6.59,40.74,62.96,31.45,45.91,36.65,53.42
2026-09-06,9,12,2026-09-06 16:35:00,2,開設74周年記念 ツッキー王座決定戦,5,4826,井上 一輝,1,32,52,0,0,0.13,7.02,54.81,71.15,7.84,67.74,77.42,30,44,35.85,52.2
2026-09-06,9,12,2026-09-06 16:35:00,2,開設74周年記念 ツッキー王座決定戦,6,4361,柳生 泰二,1,41,52,0,0,0.14,7.5,58.49,72.64,7.31,50,72.22,41.45,57.24,31.3,51.91
2026-09-06,10,1,2026-09-06 08:32:00,5,三国港解禁ふくい甘えび杯,1,4061,萩原 秀人,1,47,52.7,0,0,0.14,7.55,56.31,70.87,7.53,57.58,81.21,27.87,49.18,30.25,46.22
2026-09-06,10,1,2026-09-06 08:32:00,5,三国港解禁ふくい甘えび杯,2,4340,土性 雅也,4,42,52.2,0,0,,3.33,16.28,23.26,0,0,0,29.41,44.54,31.36,50.85
2026-09-06,10,1,2026-09-06 08:32:00,5,三国港解禁ふくい甘えび杯,3,4270,岸本 雄貴,3,44,54,0,0,0.18,4.95,31.58,47.37,3.5,9.09,27.27,43.33,57.5,25.42,45.76
2026-09-06,10,1,2026-09-06 08:32:00,5,三国港解禁ふくい甘えび杯,4,4664,東口 晃,3,43,52.1,0,0,0.2,4.28,20.69,34.48,3.95,21.82,32.73,38.1,58.73,35.25,58.2
2026-09-06,10,1,2026-09-06 08:32:00,5,三国港解禁ふくい甘えび杯,5,3776,横井 健太,3,51,57.6,0,0,0.2,3.28,10.47,24.42,3.56,14.58,22.92,23.08,39.42,31.58,48.25
2026-09-06,10,1,2026-09-06 08:32:00,5,三国港解禁ふくい甘えび杯,6,5470,坂口 諒宗,4,17,52.8,1,0,,1.26,0,0,0,0,0,32.31,50,28.33,50.83
2026-09-06,10,2,2026-09-06 08:58:00,5,三国港解禁ふくい甘えび杯,1,4718,北川 太一,2,33,53.2,2,0,0.14,6.08,40.32,67.74,0,0,0,18.69,36.45,38.05,54.87
2026-09-06,10,2,2026-09-06 08:58:00,5,三国港解禁ふくい甘えび杯,2,4073,大橋 純一郎,1,45,52.3,0,0,0.15,6.59,53.85,68.27,6.6,53.33,66.67,22.86,35.24,33.02,46.23
2026-09-06,10,2,2026-09-06 08:58:00,5,三国港解禁ふくい甘えび杯,3,3812,山崎 聖司,3,50,52,0,0,0.18,4.15,14.93,38.81,4.41,11.76,47.06,39.67,57.02,25,47.58
2026-09-06,10,2,2026-09-06 08:58:00,5,三国港解禁ふくい甘えび杯,4,3730,塩崎 優司,3,54,52.9,0,0,0.17,3.81,17.58,29.67,4.35,26.92,30.77,11.96,27.17,43.59,57.26
2026-09-06,10,2,2026-09-06 08:58:00,5,三国港解禁ふくい甘えび杯,5,4879,山崎 鉄平,3,31,52,0,0,0.17,5.19,29.63,55.56,3.77,15.38,23.08,33.85,47.69,38.33,53.33
2026-09-06,10,2,2026-09-06 08:58:00,5,三国港解禁ふくい甘えび杯,6,3692,竹腰 正樹,3,55,52,0,0,0.18,5.14,30.84,52.34,4.88,28.93,46.28,37.9,59.68,37.17,54.87
2026-09-06,10,3,2026-09-06 09:24:00,5,三国港解禁ふくい甘えび杯,1,3959,坪井 康晴,1,48,52,0,0,0.13,7.18,48.48,67.68,7.25,58.33,79.17,35.25,51.64,38.33,60.83
2026-09-06,10,3,2026-09-06 09:24:00,5,三国港解禁ふくい甘えび杯,2,5115,香川 颯太,3,26,52.2,0,0,0.16,5.54,38.3,52.13,5.44,32.35,55.88,31.36,43.22,35.85,50
2026-09-06,10,3,2026-09-06 09:24:00,5,三国港解禁ふくい甘えび杯,3,4633,森 智也,2,37,52.4,0,0,0.17,5.46,31.78,57.94,5.56,33.33,55.56,34.19,53.85,31.25,45.54
2026-09-06,10,3,2026-09-06 09:24:00,5,三国港解禁ふくい甘えび杯,4,5037,田頭 虎親,3,28,52,0,0,0.18,5.69,45,57.5,5.67,38.89,61.11,35.96,50.88,40.87,48.7
2026-09-06,10,3,2026-09-06 09:24:00,5,三国港解禁ふくい甘えび杯,5,4552,杉山 勝匡,3,37,51,1,0,0.14,4.16,25.37,40.3,4.63,25,50,23.76,33.66,28,44
2026-09-06,10,3,2026-09-06 09:24:00,5,三国港解禁ふくい甘えび杯,6,3804,中渡 修作,3,52,52,0,0,0.16,4.96,31.19,46.79,2.58,10.53,15.79,18.63,35.29,31.45,50
2026-09-06,10,4,2026-09-06 09:50:00,5,三国港解禁ふくい甘えび杯,1,5023,久永 祥平,2,31,52.3,1,0,0.16,5.74,36.67,57.78,5.7,50,60,31.78,57.01,28,42.4
2026-09-06,10,4,2026-09-06 09:50:00,5,三国港解禁ふくい甘えび杯,2,4509,平見 真彦,2,37,52.6,0,0,0.18,6.27,41.77,67.09,6.75,37.5,87.5,25,42.86,29.57,47.83
2026-09-06,10,4,2026-09-06 09:50:00,5,三国港解禁ふくい甘えび杯,3,4169,多田 有佑,3,44,52.3,0,0,0.23,4.08,20,29.41,0,0,0,34.21,49.12,38.32,51.4
2026-09-06,10,4,2026-09-06 09:50:00,5,三国港解禁ふくい甘えび杯,4,4394,永嶋 裕一,2,40,53.3,0,0,0.15,5.91,37.11,64.95,6.64,50,72.73,31.75,44.44,27.27,42.15
2026-09-06,10,4,2026-09-06 09:50:00,5,三国港解禁ふくい甘えび杯,5,4346,前田 健太郎,3,41,56,1,0,0.17,4.4,28.57,38.78,4.75,35.71,42.86,25.66,44.25,33.94,53.21
2026-09-06,10,4,2026-09-06 09:50:00,5,三国港解禁ふくい甘えび杯,6,4731,間野 兼礼,3,37,52.1,1,0,0.16,4.74,21.62,43.24,4.86,28.57,57.14,35.29,61.34,35.2,58.4
2026-09-06,10,5,2026-09-06 10:18:00,5,三国港解禁ふくい甘えび杯,1,4168,石野 貴之,1,44,52.6,1,0,0.14,6.82,51.4,63.55,7.14,85.71,85.71,40,60.8,29.75,46.28
2026-09-06,10,5,2026-09-06 10:18:00,5,三国港解禁ふくい甘えび杯,2,4489,岩川 仁士,3,39,53.2,0,0,0.15,4.97,28.85,45.19,4.43,23.81,42.86,38.02,56.2,40.52,56.9
2026-09-06,10,5,2026-09-06 10:18:00,5,三国港解禁ふくい甘えび杯,3,4669,井上 茂,3,41,53.5,0,0,0.16,4.17,14.77,35.23,5.35,34.62,50,30.25,47.9,34.65,52.48
2026-09-06,10,5,2026-09-06 10:18:00,5,三国港解禁ふくい甘えび杯,4,4822,百武 翔,2,33,52,0,0,0.17,6.43,51.52,67.68,4.96,29.17,41.67,36,50.4,29.75,43.8
2026-09-06,10,5,2026-09-06 10:18:00,5,三国港解禁ふくい甘えび杯,5,4709,岡村 将也,2,37,53.7,1,0,0.15,5.32,31.71,52.44,5.47,31.58,47.37,29.81,45.19,26.83,46.34
2026-09-06,10,5,2026-09-06 10:18:00,5,三国港解禁ふくい甘えび杯,6,4511,中岡 健人,3,37,57.5,0,0,0.18,4.74,23.75,45,5.88,12.5,87.5,35.14,45.95,31.15,46.72
2026-09-06,10,6,2026-09-06 10:50:00,5,三国港解禁ふくい甘えび杯,1,4128,川口 貴久,3,46,54.6,1,0,0.14,5.08,30.16,47.62,4.83,27.59,48.28,46.34,63.41,40.38,53.85
2026-09-06,10,6,2026-09-06 10:50:00,5,三国港解禁ふくい甘えび杯,2,5161,登玉 隼百,2,27,52.7,0,0,0.15,5.92,45.65,60.87,5.9,30,70,25.93,47.22,33.61,42.86
2026-09-06,10,6,2026-09-06 10:50:00,5,三国港解禁ふくい甘えび杯,3,3730,塩崎 優司,3,54,52.9,0,0,0.17,3.81,17.58,29.67,4.35,26.92,30.77,11.96,27.17,43.59,57.26
2026-09-06,10,6,2026-09-06 10:50:00,5,三国港解禁ふくい甘えび杯,4,4575,戸塚 邦好,2,37,52.2,0,0,0.16,5.86,41.05,55.79,7,64,76,26.13,39.64,31.25,50.89
2026-09-06,10,6,2026-09-06 10:50:00,5,三国港解禁ふくい甘えび杯,5,3989,熊本 英一,3,48,57.1,0,0,0.21,3.95,19.48,33.77,3.88,15.63,21.88,35.4,48.67,39.32,57.26
2026-09-06,10,6,2026-09-06 10:50:00,5,三国港解禁ふくい甘えび杯,6,5470,坂口 諒宗,4,17,52.8,1,0,,1.26,0,0,0,0,0,32.31,50,28.33,50.83
2026-09-06,10,7,2026-09-06 11:19:00,5,三国港解禁ふくい甘えび杯,1,3776,横井 健太,3,51,57.6,0,0,0.2,3.28,10.47,24.42,3.56,14.58,22.92,23.08,39.42,31.58,48.25
2026-09-06,10,7,2026-09-06 11:19:00,5,三国港解禁ふくい甘えび杯,2,4552,杉山 勝匡,3,37,51,1,0,0.14,4.16,25.37,40.3,4.63,25,50,23.76,33.66,28,44
2026-09-06,10,7,2026-09-06 11:19:00,5,三国港解禁ふくい甘えび杯,3,4933,板橋 侑我,2,30,52.6,0,0,0.14,6.38,41.18,56.47,5.3,30,50,26.36,40.91,38.46,51.92
2026-09-06,10,7,2026-09-06 11:19:00,5,三国港解禁ふくい甘えび杯,4,4196,田中 太一郎,3,44,52.8,0,0,0.17,3.91,19.32,29.55,2.69,0,7.69,33.33,48.78,36.89,52.46
2026-09-06,10,7,2026-09-06 11:19:00,5,三国港解禁ふくい甘えび杯,5,4215,吉島 祥之,2,42,53,0,0,0.16,5.3,34.95,49.51,6.52,43.48,69.57,35.59,52.54,33.05,55.93
2026-09-06,10,7,2026-09-06 11:19:00,5,三国港解禁ふくい甘えび杯,6,4580,長谷川 雅和,3,37,52.4,0,0,0.17,6.03,42.67,62.67,4.95,36.36,40.91,22.64,45.28,16.67,25.64
2026-09-06,10,8,2026-09-06 11:50:00,5,三国港解禁ふくい甘えび杯,1,5037,田頭 虎親,3,28,52,0,0,0.18,5.69,45,57.5,5.67,38.89,61.11,35.96,50.88,40.87,48.7
2026-09-06,10,8,2026-09-06 11:50:00,5,三国港解禁ふくい甘えび杯,2,4252,松下 哲也,3,43,51.5,1,0,0.19,5,29.17,47.92,7.71,71.43,85.71,36.59,52.03,30.65,48.39
2026-09-06,10,8,2026-09-06 11:50:00,5,三国港解禁ふくい甘えび杯,3,4509,平見 真彦,2,37,52.6,0,0,0.18,6.27,41.77,67.09,6.75,37.5,87.5,25,42.86,29.57,47.83
2026-09-06,10,8,2026-09-06 11:50:00,5,三国港解禁ふくい甘えび杯,4,4166,吉田 拡郎,1,44,53.3,0,0,0.12,7.7,57.76,74.14,7.24,57.14,71.43,36.13,52.94,38.32,50.47
2026-09-06,10,8,2026-09-06 11:50:00,5,三国港解禁ふくい甘えび杯,5,4270,岸本 雄貴,3,44,54,0,0,0.18,4.95,31.58,47.37,3.5,9.09,27.27,43.33,57.5,25.42,45.76
2026-09-06,10,8,2026-09-06 11:50:00,5,三国港解禁ふくい甘えび杯,6,3812,山崎 聖司,3,50,52,0,0,0.18,4.15,14.93,38.81,4.41,11.76,47.06,39.67,57.02,25,47.58
2026-09-06,10,9,2026-09-06 12:25:00,5,三国港解禁ふくい甘えび杯,1,4664,東口 晃,3,43,52.2,0,0,0.2,4.28,20.69,34.48,3.95,21.82,32.73,38.1,58.73,35.25,58.2
2026-09-06,10,9,2026-09-06 12:25:00,5,三国港解禁ふくい甘えび杯,2,5023,久永 祥平,2,31,51.5,1,0,0.16,5.74,36.67,57.78,5.7,50,60,31.78,57.01,28,42.4
2026-09-06,10,9,2026-09-06 12:25:00,5,三国港解禁ふくい甘えび杯,3,5282,中本 大樹,3,23,53.3,0,0,0.17,5.33,38.18,54.55,4.13,21.85,36.97,32.28,46.46,32,51.2
2026-09-06,10,9,2026-09-06 12:25:00,5,三国港解禁ふくい甘えび杯,4,4718,北川 太一,2,33,52.8,2,0,0.14,6.08,40.32,67.74,0,0,0,18.69,36.45,38.05,54.87
2026-09-06,10,9,2026-09-06 12:25:00,5,三国港解禁ふくい甘えび杯,5,4168,石野 貴之,1,44,52.6,1,0,0.14,6.82,51.4,63.55,7.14,85.71,85.71,40,60.8,29.75,46.28
2026-09-06,10,9,2026-09-06 12:25:00,5,三国港解禁ふくい甘えび杯,6,5027,重冨 勇哉,3,29,53.4,0,0,0.2,4.09,18.18,36.36,5.47,31.58,57.89,31.9,40.52,28.1,46.28
2026-09-06,10,10,2026-09-06 12:56:00,5,三国港解禁ふくい甘えび杯,1,4879,山崎 鉄平,3,31,52,0,0,0.17,5.19,29.63,55.56,3.77,15.38,23.08,33.85,47.69,38.33,53.33
2026-09-06,10,10,2026-09-06 12:56:00,5,三国港解禁ふくい甘えび杯,2,4822,百武 翔,2,33,52,0,0,0.17,6.43,51.52,67.68,4.96,29.17,41.67,36,50.4,29.75,43.8
2026-09-06,10,10,2026-09-06 12:56:00,5,三国港解禁ふくい甘えび杯,3,3959,坪井 康晴,1,48,52,0,0,0.13,7.18,48.48,67.68,7.25,58.33,79.17,35.25,51.64,38.33,60.83
2026-09-06,10,10,2026-09-06 12:56:00,5,三国港解禁ふくい甘えび杯,4,4982,中村 将隆,3,30,53.5,1,0,0.15,4.84,27.14,50,3.54,12.5,20.83,35.66,48.06,33.33,49.57
2026-09-06,10,10,2026-09-06 12:56:00,5,三国港解禁ふくい甘えび杯,5,4340,土性 雅也,4,42,52.2,0,0,,3.33,16.28,23.26,0,0,0,29.41,44.54,31.36,50.85
2026-09-06,10,10,2026-09-06 12:56:00,5,三国港解禁ふくい甘えび杯,6,5161,登玉 隼百,2,27,52.7,0,0,0.15,5.92,45.65,60.87,5.9,30,70,25.93,47.22,33.61,42.86
2026-09-06,10,11,2026-09-06 13:35:00,5,三国港解禁ふくい甘えび杯,1,4685,島村 隆幸,1,35,51.5,1,0,0.14,7.2,51.76,71.76,8.04,73.08,84.62,23.23,39.39,30.89,41.46
2026-09-06,10,11,2026-09-06 13:35:00,5,三国港解禁ふくい甘えび杯,2,3804,中渡 修作,3,52,52,0,0,0.16,4.96,31.19,46.79,2.58,10.53,15.79,18.63,35.29,31.45,50
2026-09-06,10,11,2026-09-06 13:35:00,5,三国港解禁ふくい甘えび杯,3,4394,永嶋 裕一,2,40,53.3,0,0,0.15,5.91,37.11,64.95,6.64,50,72.73,31.75,44.44,27.27,42.15
2026-09-06,10,11,2026-09-06 13:35:00,5,三国港解禁ふくい甘えび杯,4,3989,熊本 英一,3,48,57.1,0,0,0.21,3.95,19.48,33.77,3.88,15.63,21.88,35.4,48.67,39.32,57.26
2026-09-06,10,11,2026-09-06 13:35:00,5,三国港解禁ふくい甘えび杯,5,4061,萩原 秀人,1,47,52.7,0,0,0.14,7.55,56.31,70.87,7.53,57.58,81.21,27.87,49.18,30.25,46.22
2026-09-06,10,11,2026-09-06 13:35:00,5,三国港解禁ふくい甘えび杯,6,4196,田中 太一郎,3,44,52.8,0,0,0.17,3.91,19.32,29.55,2.69,0,7.69,33.33,48.78,36.89,52.46
2026-09-06,10,12,2026-09-06 14:11:00,5,三国港解禁ふくい甘えび杯,1,4166,吉田 拡郎,1,44,53.3,0,0,0.12,7.7,57.76,74.14,7.24,57.14,71.43,36.13,52.94,38.32,50.47
2026-09-06,10,12,2026-09-06 14:11:00,5,三国港解禁ふくい甘えび杯,2,4633,森 智也,2,37,52.4,0,0,0.17,5.46,31.78,57.94,5.56,33.33,55.56,34.19,53.85,31.25,45.54
2026-09-06,10,12,2026-09-06 14:11:00,5,三国港解禁ふくい甘えび杯,3,3692,竹腰 正樹,3,55,52,0,0,0.18,5.14,30.84,52.34,4.88,28.93,46.28,37.9,59.68,37.17,54.87
2026-09-06,10,12,2026-09-06 14:11:00,5,三国港解禁ふくい甘えび杯,4,4709,岡村 将也,2,37,53.7,1,0,0.15,5.32,31.71,52.44,5.47,31.58,47.37,29.81,45.19,26.83,46.34
2026-09-06,10,12,2026-09-06 14:11:00,5,三国港解禁ふくい甘えび杯,5,4580,長谷川 雅和,3,37,52.4,0,0,0.17,6.03,42.67,62.67,4.95,36.36,40.91,22.64,45.28,16.67,25.64
2026-09-06,10,12,2026-09-06 14:11:00,5,三国港解禁ふくい甘えび杯,6,4575,戸塚 邦好,2,37,52.2,0,0,0.16,5.86,41.05,55.79,7,64,76,26.13,39.64,31.25,50.89
2026-09-06,11,1,2026-09-06 10:35:00,5,ルーキーシリーズ第16戦 スカパー!・JLC杯,1,5199,垂水 悠,3,24,56.2,0,0,0.11,4.83,31.82,43.18,3.88,5.88,35.29,31.18,46.24,32.61,46.74
2026-09-06,11,1,2026-09-06 10:35:00,5,ルーキーシリーズ第16戦 スカパー!・JLC杯,2,5154,村松 栄太,3,30,52,0,0,0.18,4.49,24.74,38.14,4.69,15.38,42.31,46.46,56.57,34.44,53.33
2026-09-06,11,1,2026-09-06 10:35:00,5,ルーキーシリーズ第16戦 スカパー!・JLC杯,3,5060,数原 魁,2,29,52,0,0,0.17,5.85,40.21,57.73,5.82,35.29,64.71,27.06,45.88,32.97,60.44
2026-09-06,11,1,2026-09-06 10:35:00,5,ルーキーシリーズ第16戦 スカパー!・JLC杯,4,5275,松田 淳平,1,24,52.4,1,0,0.13,6.6,51.52,65.66,4.47,23.68,39.47,37.36,61.54,29.21,40.45
2026-09-06,11,1,2026-09-06 10:35:00,5,ルーキーシリーズ第16戦 スカパー!・JLC杯,5,5186,遠藤 圭吾,3,26,52.1,0,0,0.19,4.51,27.37,41.05,4.73,27.27,45.45,38.1,52.38,9.09,25.97
2026-09-06,11,1,2026-09-06 10:35:00,5,ルーキーシリーズ第16戦 スカパー!・JLC杯,6,5460,早川 理稀,4,20,53.1,0,0,,1.56,0,4.55,1.29,0,0,31.25,39.58,38.38,51.52
2026-09-06,11,2,2026-09-06 11:05:00,5,ルーキーシリーズ第16戦 スカパー!・JLC杯,1,5290,坂本 一真,3,25,51.5,0,0,0.17,3.04,9.26,20.37,1.17,0,0,44.79,64.58,45.92,74.49
2026-09-06,11,2,2026-09-06 11:05:00,5,ルーキーシリーズ第16戦 スカパー!・JLC杯,2,5157,市川 健太,3,28,54,0,0,0.17,4.24,27.08,37.5,4.74,23.92,43.54,35.56,54.44,40.43,59.57
2026-09-06,11,2,2026-09-06 11:05:00,5,ルーキーシリーズ第16戦 スカパー!・JLC杯,3,5134,大原 祥昌,2,27,52.4,0,0,0.15,5.61,39.36,58.51,3.33,0,33.33,41.3,55.43,36.54,59.62
2026-09-06,11,2,2026-09-06 11:05:00,5,ルーキーシリーズ第16戦 スカパー!・JLC杯,4,5167,小川 竜太朗,3,26,52.4,0,0,0.16,5.39,34.72,52.78,4.79,31.58,42.11,22.83,36.96,30,47.78
2026-09-06,11,2,2026-09-06 11:05:00,5,ルーキーシリーズ第16戦 スカパー!・JLC杯,5,5221,竹間 隆晟,1,25,53.3,0,0,0.15,6.7,50.51,67.68,6.3,40,70,46.81,59.57,17.95,42.31
2026-09-06,11,2,2026-09-06 11:05:00,5,ルーキーシリーズ第16戦 スカパー!・JLC杯,6,5247,大森 翼,3,24,52.3,1,0,0.18,4.42,17.48,45.63,2.56,5.56,11.11,25.26,42.11,24.18,39.56
2026-09-06,11,3,2026-09-06 11:36:00,5,ルーキーシリーズ第16戦 スカパー!・JLC杯,1,5271,杉山 太陽,3,25,51.5,0,0,0.19,4.04,17.98,34.83,3.11,11.11,33.33,37.5,62.5,32.18,51.72
2026-09-06,11,3,2026-09-06 11:36:00,5,ルーキーシリーズ第16戦 スカパー!・JLC杯,2,5376,吉田 一心,3,22,51.5,0,0,0.17,5.67,42.06,55.14,1.4,0,0,37.08,46.07,41.18,55.88
2026-09-06,11,3,2026-09-06 11:36:00,5,ルーキーシリーズ第16戦 スカパー!・JLC杯,3,5280,廣瀬 凜,1,23,51.5,0,0,0.16,6.93,52.07,75.21,5.74,35.52,57.92,45.45,71.72,26.88,45.16
2026-09-06,11,3,2026-09-06 11:36:00,5,ルーキーシリーズ第16戦 スカパー!・JLC杯,4,5329,金子 龍斗,3,22,50.5,1,0,0.16,4.64,28.81,40.68,4.04,28,32,31.11,46.67,38.95,57.89
2026-09-06,11,3,2026-09-06 11:36:00,5,ルーキーシリーズ第16戦 スカパー!・JLC杯,5,5226,藤田 俊祐,3,24,52,0,0,0.16,5.8,36.67,56.67,6.43,50,64.29,45.45,58.59,30.85,45.74
2026-09-06,11,3,2026-09-06 11:36:00,5,ルーキーシリーズ第16戦 スカパー!・JLC杯,6,5210,藤井 公人,2,27,55.7,1,0,0.15,5.69,40.21,54.64,3.67,5.56,27.78,34.07,52.75,41.41,60.61
2026-09-06,11,4,2026-09-06 12:03:00,5,ルーキーシリーズ第16戦 スカパー!・JLC杯,1,5179,藤本 元輝,3,29,52,0,0,0.2,4.81,31.91,46.81,4.43,25,39.29,28.41,44.32,40.63,58.33
2026-09-06,11,4,2026-09-06 12:03:00,5,ルーキーシリーズ第16戦 スカパー!・JLC杯,2,5212,西川 拓利,2,27,52.6,0,0,0.13,6.29,45.71,67.62,3.17,8.33,20.83,39.13,56.52,23.26,38.37
2026-09-06,11,4,2026-09-06 12:03:00,5,ルーキーシリーズ第16戦 スカパー!・JLC杯,3,5177,松井 貫太,3,30,51.5,0,0,0.2,4.49,20.72,38.74,2.87,8.7,13.04,27.27,46.59,22.62,44.05
2026-09-06,11,4,2026-09-06 12:03:00,5,ルーキーシリーズ第16戦 スカパー!・JLC杯,4,5298,水谷 理人,1,24,52,0,0,0.16,7.21,57.26,72.65,5.7,40,60,36.17,51.06,44.09,55.91
2026-09-06,11,4,2026-09-06 12:03:00,5,ルーキーシリーズ第16戦 スカパー!・JLC杯,5,5388,佐野 優都,3,19,52,2,0,0.14,3.22,10.2,22.45,0,0,0,13.95,33.72,46.24,59.14
2026-09-06,11,4,2026-09-06 12:03:00,5,ルーキーシリーズ第16戦 スカパー!・JLC杯,6,5222,津田 陸翔,1,25,52.5,1,0,0.17,6.17,46.36,63.64,4.2,10,40,33.71,48.31,39.36,55.32
2026-09-06,11,5,2026-09-06 12:34:00,5,ルーキーシリーズ第16戦 スカパー!・JLC杯,1,5238,笹木 香吾,2,26,53.2,1,0,0.15,5.98,46.99,54.22,5.38,37.93,41.38,27.47,43.96,39.6,65.35
2026-09-06,11,5,2026-09-06 12:34:00,5,ルーキーシリーズ第16戦 スカパー!・JLC杯,2,5130,上野 拓馬,3,28,53,0,0,0.18,4.75,22.11,44.21,3.37,15.79,21.05,34.09,46.59,20.78,36.36
2026-09-06,11,5,2026-09-06 12:34:00,5,ルーキーシリーズ第16戦 スカパー!・JLC杯,3,5255,藤原 仙二,1,22,52.3,1,0,0.18,6.56,47,69,6.81,52.63,73.68,25.56,36.67,32.63,52.63
2026-09-06,11,5,2026-09-06 12:34:00,5,ルーキーシリーズ第16戦 スカパー!・JLC杯,4,5199,垂水 悠,3,24,56.2,0,0,0.11,4.83,31.82,43.18,3.88,5.88,35.29,31.18,46.24,32.61,46.74
2026-09-06,11,5,2026-09-06 12:34:00,5,ルーキーシリーズ第16戦 スカパー!・JLC杯,5,5268,山本 幸也,3,25,55.4,0,0,0.2,3.87,16.67,28.21,4.67,16.67,16.67,33.72,55.81,31.11,51.11
2026-09-06,11,5,2026-09-06 12:34:00,5,ルーキーシリーズ第16戦 スカパー!・JLC杯,6,5377,鳥居塚 嶺王,3,22,50,1,0,0.18,4.97,29.49,47.44,0,0,0,29.47,55.79,42.53,57.47
2026-09-06,11,6,2026-09-06 13:05:00,5,ルーキーシリーズ第16戦 スカパー!・JLC杯,1,5216,長谷川 晴哉,1,26,52.3,0,0,0.17,5.91,39.34,61.48,5.17,36.67,43.33,32.26,55.91,22.22,40.74
2026-09-06,11,6,2026-09-06 13:05:00,5,ルーキーシリーズ第16戦 スカパー!・JLC杯,2,5276,大島 隆乃介,3,24,52,0,0,0.17,4.86,24.14,47.13,3.19,6.25,18.75,31.11,50,29.07,46.51
2026-09-06,11,6,2026-09-06 13:05:00,5,ルーキーシリーズ第16戦 スカパー!・JLC杯,3,5246,楠 将太郎,2,24,52,0,0,0.17,5.07,34.67,49.33,3.17,16.67,16.67,29.11,43.04,47.06,60.78
2026-09-06,11,6,2026-09-06 13:05:00,5,ルーキーシリーズ第16戦 スカパー!・JLC杯,4,5157,市川 健太,3,28,54,0,0,0.17,4.24,27.08,37.5,4.74,23.92,43.54,35.56,54.44,40.43,59.57
2026-09-06,11,6,2026-09-06 13:05:00,5,ルーキーシリーズ第16戦 スカパー!・JLC杯,5,5152,丸山 祐也,3,31,50.5,0,0,0.23,3.07,2.74,17.81,3.33,0,13.33,30,48.89,34.83,53.93
2026-09-06,11,6,2026-09-06 13:05:00,5,ルーキーシリーズ第16戦 スカパー!・JLC杯,6,5010,宇留田 翔平,2,29,54.1,1,0,0.14,5.75,39.81,62.14,5.59,38.46,56.41,43.48,60.87,42.39,54.35
2026-09-06,11,7,2026-09-06 13:32:00,5,ルーキーシリーズ第16戦 スカパー!・JLC杯,1,5354,渡邊 雄斗,3,21,51,0,0,0.19,4.29,23.08,38.46,2.52,11.11,22.22,22.58,37.1,37.5,47.73
2026-09-06,11,7,2026-09-06 13:32:00,5,ルーキーシリーズ第16戦 スカパー!・JLC杯,2,5018,竹下 大樹,1,27,53.6,0,0,0.14,6.87,51.56,74.22,6.3,40,70,23.4,38.3,33.7,51.09
2026-09-06,11,7,2026-09-06 13:32:00,5,ルーキーシリーズ第16戦 スカパー!・JLC杯,3,5379,廣部 大明,3,22,52.2,0,0,0.2,3.34,10.96,23.29,2.5,5.88,12.75,28.41,40.91,28.57,46.15
2026-09-06,11,7,2026-09-06 13:32:00,5,ルーキーシリーズ第16戦 スカパー!・JLC杯,4,5060,数原 魁,2,29,52,0,0,0.17,5.85,40.21,57.73,5.82,35.29,64.71,27.06,45.88,32.97,60.44
2026-09-06,11,7,2026-09-06 13:32:00,5,ルーキーシリーズ第16戦 スカパー!・JLC杯,5,5135,仲 航太,3,26,52.8,1,0,0.19,5.7,43.75,58.75,6,45.45,54.55,34,54,41.38,56.32
2026-09-06,11,7,2026-09-06 13:32:00,5,ルーキーシリーズ第16戦 スカパー!・JLC杯,6,5273,山下 拓巳,3,25,52,1,0,0.17,3.8,20.22,28.09,2.98,9.52,11.9,31.52,46.74,23.08,40.66
2026-09-06,11,8,2026-09-06 14:08:00,5,ルーキーシリーズ第16戦 スカパー!・JLC杯,1,5303,土井 歩夢,2,23,52,0,0,0.19,5.98,38,62,5.57,25,57.14,32.22,51.11,31.52,40.22
2026-09-06,11,8,2026-09-06 14:08:00,5,ルーキーシリーズ第16戦 スカパー!・JLC杯,2,5329,金子 龍斗,3,22,50.5,1,0,0.16,4.64,28.81,40.68,4.04,28,32,31.11,46.67,38.95,57.89
2026-09-06,11,8,2026-09-06 14:08:00,5,ルーキーシリーズ第16戦 スカパー!・JLC杯,3,5106,山崎 祥,2,27,52.1,0,0,0.19,5.49,34.83,56.18,5.71,50,57.14,29.55,47.73,40,58
2026-09-06,11,8,2026-09-06 14:08:00,5,ルーキーシリーズ第16戦 スカパー!・JLC杯,4,5179,藤本 元輝,3,29,52,0,0,0.2,4.81,31.91,46.81,4.43,25,39.29,28.41,44.32,40.63,58.33
2026-09-06,11,8,2026-09-06 14:08:00,5,ルーキーシリーズ第16戦 スカパー!・JLC杯,5,5460,早川 理稀,4,20,53.1,0,0,,1.56,0,4.55,1.29,0,0,31.25,39.58,38.38,51.52
2026-09-06,11,8,2026-09-06 14:08:00,5,ルーキーシリーズ第16戦 スカパー!・JLC杯,6,5234,塚越 海斗,1,28,52.6,0,0,0.15,6.72,54.31,69.83,5.88,37.5,56.25,42.11,61.05,27.59,47.13
2026-09-06,11,9,2026-09-06 14:41:00,5,ルーキーシリーズ第16戦 スカパー!・JLC杯,1,5221,竹間 隆晟,1,25,53.3,0,0,0.15,6.7,50.51,67.68,6.3,40,70,46.81,59.57,17.95,42.31
2026-09-06,11,9,2026-09-06 14:41:00,5,ルーキーシリーズ第16戦 スカパー!・JLC杯,2,5226,藤田 俊祐,3,24,52,0,0,0.16,5.8,36.67,56.67,6.43,50,64.29,45.45,58.59,30.85,45.74
2026-09-06,11,9,2026-09-06 14:41:00,5,ルーキーシリーズ第16戦 スカパー!・JLC杯,3,5368,宮崎 心之介,3,24,52,0,0,0.17,6.65,50.65,67.53,1.75,0,0,37.74,54.72,25.58,37.21
2026-09-06,11,9,2026-09-06 14:41:00,5,ルーキーシリーズ第16戦 スカパー!・JLC杯,4,5130,上野 拓馬,3,28,53,0,0,0.18,4.75,22.11,44.21,3.37,15.79,21.05,34.09,46.59,20.78,36.36
2026-09-06,11,9,2026-09-06 14:41:00,5,ルーキーシリーズ第16戦 スカパー!・JLC杯,5,5388,佐野 優都,3,19,52,2,0,0.14,3.22,10.2,22.45,0,0,0,13.95,33.72,46.24,59.14
2026-09-06,11,9,2026-09-06 14:41:00,5,ルーキーシリーズ第16戦 スカパー!・JLC杯,6,5136,濱野 斗馬,1,26,53.3,0,0,0.14,6.13,47.58,61.29,6.5,46,66,40.66,57.14,29.07,47.67
2026-09-06,11,10,2026-09-06 15:11:00,5,ルーキーシリーズ第16戦 スカパー!・JLC杯,1,5298,水谷 理人,1,24,52,0,0,0.16,7.21,57.26,72.65,5.7,40,60,36.17,51.06,44.09,55.91
2026-09-06,11,10,2026-09-06 15:11:00,5,ルーキーシリーズ第16戦 スカパー!・JLC杯,2,5275,松田 淳平,1,24,52.4,1,0,0.13,6.6,51.52,65.66,4.47,23.68,39.47,37.36,61.54,29.21,40.45
2026-09-06,11,10,2026-09-06 15:11:00,5,ルーキーシリーズ第16戦 スカパー!・JLC杯,3,5343,小林 礼央,3,23,52,0,0,0.16,4.13,19.78,37.36,2.2,8,8,27.63,43.42,34.38,48.96
2026-09-06,11,10,2026-09-06 15:11:00,5,ルーキーシリーズ第16戦 スカパー!・JLC杯,4,5276,大島 隆乃介,3,24,52,0,0,0.17,4.86,24.14,47.13,3.19,6.25,18.75,31.11,50,29.07,46.51
2026-09-06,11,10,2026-09-06 15:11:00,5,ルーキーシリーズ第16戦 スカパー!・JLC杯,5,5421,原田 朱理,4,24,52,0,0,0.24,1.43,1.96,3.92,1.22,0,0,30.77,47.25,36.56,51.61
2026-09-06,11,10,2026-09-06 15:11:00,5,ルーキーシリーズ第16戦 スカパー!・JLC杯,6,5134,大原 祥昌,2,27,52.4,0,0,0.15,5.61,39.36,58.51,3.33,0,33.33,41.3,55.43,36.54,59.62
2026-09-06,11,11,2026-09-06 15:47:00,5,ルーキーシリーズ第16戦 スカパー!・JLC杯,1,5280,廣瀬 凜,1,23,51,0,0,0.16,6.93,52.07,75.21,5.74,35.52,57.92,45.45,71.72,26.88,45.16
2026-09-06,11,11,2026-09-06 15:47:00,5,ルーキーシリーズ第16戦 スカパー!・JLC杯,2,5222,津田 陸翔,1,25,52,1,0,0.17,6.17,46.36,63.64,4.2,10,40,33.71,48.31,39.36,55.32
2026-09-06,11,11,2026-09-06 15:47:00,5,ルーキーシリーズ第16戦 スカパー!・JLC杯,3,5290,坂本 一真,3,25,51.5,0,0,0.17,3.04,9.26,20.37,1.17,0,0,44.79,64.58,45.92,74.49
2026-09-06,11,11,2026-09-06 15:47:00,5,ルーキーシリーズ第16戦 スカパー!・JLC杯,4,5354,渡邊 雄斗,3,21,50.5,0,0,0.19,4.29,23.08,38.46,2.52,11.11,22.22,22.58,37.1,37.5,47.73
2026-09-06,11,11,2026-09-06 15:47:00,5,ルーキーシリーズ第16戦 スカパー!・JLC杯,5,5154,村松 栄太,3,30,52,0,0,0.18,4.49,24.74,38.14,4.69,15.38,42.31,46.46,56.57,34.44,53.33
2026-09-06,11,11,2026-09-06 15:47:00,5,ルーキーシリーズ第16戦 スカパー!・JLC杯,6,5246,楠 将太郎,2,24,51.5,0,0,0.17,5.07,34.67,49.33,3.17,16.67,16.67,29.11,43.04,47.06,60.78
2026-09-06,11,12,2026-09-06 16:20:00,5,ルーキーシリーズ第16戦 スカパー!・JLC杯,1,5255,藤原 仙二,1,22,52.3,1,0,0.18,6.56,47,69,6.81,52.63,73.68,25.56,36.67,32.63,52.63
2026-09-06,11,12,2026-09-06 16:20:00,5,ルーキーシリーズ第16戦 スカパー!・JLC杯,2,5135,仲 航太,3,26,52.8,1,0,0.19,5.7,43.75,58.75,6,45.45,54.55,34,54,41.38,56.32
2026-09-06,11,12,2026-09-06 16:20:00,5,ルーキーシリーズ第16戦 スカパー!・JLC杯,3,5234,塚越 海斗,1,28,52.6,0,0,0.15,6.72,54.31,69.83,5.88,37.5,56.25,42.11,61.05,27.59,47.13
2026-09-06,11,12,2026-09-06 16:20:00,5,ルーキーシリーズ第16戦 スカパー!・JLC杯,4,5376,吉田 一心,3,22,51.5,0,0,0.17,5.67,42.06,55.14,1.4,0,0,37.08,46.07,41.18,55.88
2026-09-06,11,12,2026-09-06 16:20:00,5,ルーキーシリーズ第16戦 スカパー!・JLC杯,5,5216,長谷川 晴哉,1,26,52.3,0,0,0.17,5.91,39.34,61.48,5.17,36.67,43.33,32.26,55.91,22.22,40.74
2026-09-06,11,12,2026-09-06 16:20:00,5,ルーキーシリーズ第16戦 スカパー!・JLC杯,6,5212,西川 拓利,2,27,52.6,0,0,0.13,6.29,45.71,67.62,3.17,8.33,20.83,39.13,56.52,23.26,38.37
2026-09-06,12,1,2026-09-06 15:17:00,5,日刊スポーツ杯争奪第30回ブルースターカップ,1,3458,東 健介,3,59,54.9,0,0,0.16,3.54,13.16,21.05,4.67,26.67,46.67,31.46,46.07,32.5,38.75
2026-09-06,12,1,2026-09-06 15:17:00,5,日刊スポーツ杯争奪第30回ブルースターカップ,2,3910,松下 知幸,3,52,52,0,0,0.17,4.16,18.99,30.38,3.07,6.67,23.33,28.4,39.51,28.21,48.72
2026-09-06,12,1,2026-09-06 15:17:00,5,日刊スポーツ杯争奪第30回ブルースターカップ,3,5006,久保原 秀人,3,29,54.2,0,0,0.2,2.61,7.23,15.66,2.97,9.38,25,30.43,44.57,29.73,45.95
2026-09-06,12,1,2026-09-06 15:17:00,5,日刊スポーツ杯争奪第30回ブルースターカップ,4,5209,小野 京平,3,28,54.9,0,0,0.21,3.72,13.85,32.31,2,0,0,43.96,64.84,32.93,39.02
2026-09-06,12,1,2026-09-06 15:17:00,5,日刊スポーツ杯争奪第30回ブルースターカップ,5,5416,龍田 真白,3,20,44.5,0,0,0.15,2.87,10.29,19.12,0,0,0,43.48,56.52,28.72,52.13
2026-09-06,12,1,2026-09-06 15:17:00,5,日刊スポーツ杯争奪第30回ブルースターカップ,6,5471,田中 結,4,17,49.3,0,0,,1.45,0,0,1.5,0,0,34.78,55.43,40,60
2026-09-06,12,2,2026-09-06 15:42:00,5,日刊スポーツ杯争奪第30回ブルースターカップ,1,4293,鈴木 智啓,3,41,58.8,0,0,0.18,4.78,26,46,7.9,70,80,41.11,53.33,34.15,48.78
2026-09-06,12,2,2026-09-06 15:42:00,5,日刊スポーツ杯争奪第30回ブルースターカップ,2,4636,赤池 修平,3,36,52.4,0,0,0.18,3.65,17.39,31.88,2.86,21.43,21.43,32.97,54.95,34.52,50
2026-09-06,12,2,2026-09-06 15:42:00,5,日刊スポーツ杯争奪第30回ブルースターカップ,3,4402,乙藤 智史,2,41,54.7,0,0,0.17,6.25,46.46,63.64,4.97,33.33,46.67,30.11,40.86,29.33,49.33
2026-09-06,12,2,2026-09-06 15:42:00,5,日刊スポーツ杯争奪第30回ブルースターカップ,4,4563,齋藤 真之,3,38,53.3,0,0,0.16,3.95,22.22,33.33,3.78,5.56,38.89,36.84,60,29.07,43.02
2026-09-06,12,2,2026-09-06 15:42:00,5,日刊スポーツ杯争奪第30回ブルースターカップ,5,5287,滝沢 織寧,3,26,47,1,0,0.16,3.83,14.81,27.78,3,0,11.11,18.29,37.8,32.18,44.83
2026-09-06,12,2,2026-09-06 15:42:00,5,日刊スポーツ杯争奪第30回ブルースターカップ,6,5360,高木 茉白,3,19,46.5,2,0,0.17,3.52,18,22,1.64,0,0,27.06,38.82,32.58,47.19
2026-09-06,12,3,2026-09-06 16:13:00,5,日刊スポーツ杯争奪第30回ブルースターカップ,1,3904,森 貴洋,3,49,53.3,0,0,0.18,4.95,31.51,52.05,6.23,46.67,68.33,35.16,50.55,30.67,37.33
2026-09-06,12,3,2026-09-06 16:13:00,5,日刊スポーツ杯争奪第30回ブルースターカップ,2,4931,木谷 賢太,1,30,52.1,0,0,0.15,6.78,52.59,72.41,6.2,40,70,12.66,29.11,28.05,45.12
2026-09-06,12,3,2026-09-06 16:13:00,5,日刊スポーツ杯争奪第30回ブルースターカップ,3,4299,中島 浩哉,3,43,54.7,0,0,0.15,4.38,18.75,40.63,4.48,14.29,38.1,34.48,54.02,29.21,47.19
2026-09-06,12,3,2026-09-06 16:13:00,5,日刊スポーツ杯争奪第30回ブルースターカップ,4,4979,中野 夢斗,3,30,53,0,0,0.17,4.91,28.72,43.62,6.13,46.67,53.33,19.54,34.48,24.71,40
2026-09-06,12,3,2026-09-06 16:13:00,5,日刊スポーツ杯争奪第30回ブルースターカップ,5,3889,須藤 隆雄,3,51,54.7,0,0,0.18,3.54,18.31,23.94,3.24,17.65,23.53,33.33,48.89,38.55,59.04
2026-09-06,12,3,2026-09-06 16:13:00,5,日刊スポーツ杯争奪第30回ブルースターカップ,6,5218,山田 理央,1,26,46.5,1,0,0.15,6.15,40.23,67.82,4.67,11.11,44.44,39.08,51.72,30.68,43.18
2026-09-06,12,4,2026-09-06 16:45:00,5,日刊スポーツ杯争奪第30回ブルースターカップ,1,4947,間庭 菜摘,3,34,48.1,0,0,0.17,4.67,19.3,43.86,4.56,22.22,33.33,27.78,41.11,22.08,41.56
2026-09-06,12,4,2026-09-06 16:45:00,5,日刊スポーツ杯争奪第30回ブルースターカップ,2,4934,佐々木 翔斗,2,30,52.8,0,0,0.17,5.3,30.86,49.38,5.43,36.51,55.56,33.7,51.09,29.87,38.96
2026-09-06,12,4,2026-09-06 16:45:00,5,日刊スポーツ杯争奪第30回ブルースターカップ,3,4526,池田 雄祐,2,38,51.5,0,0,0.15,4.88,26.79,44.64,5.72,44.44,61.11,21.35,38.2,29.67,41.76
2026-09-06,12,4,2026-09-06 16:45:00,5,日刊スポーツ杯争奪第30回ブルースターカップ,4,4143,浦田 晃嗣,3,45,55.4,0,0,0.16,3.89,19.54,33.33,4.17,25,41.67,24.42,41.86,40.96,61.45
2026-09-06,12,4,2026-09-06 16:45:00,5,日刊スポーツ杯争奪第30回ブルースターカップ,5,3484,芝田 浩治,2,54,52,0,0,0.17,5.83,44.57,59.78,5.42,38.46,57.69,50,67.44,18.82,38.82
2026-09-06,12,4,2026-09-06 16:45:00,5,日刊スポーツ杯争奪第30回ブルースターカップ,6,3831,安藤 裕貴,3,52,52.8,0,0,0.15,4.34,25.56,37.78,3.92,23.08,30.77,31.91,50,32.94,55.29
2026-09-06,12,5,2026-09-06 17:10:00,5,日刊スポーツ杯争奪第30回ブルースターカップ,1,4700,金子 和之,2,39,52.4,0,0,0.15,5.96,39.22,57.84,0,0,0,30.11,41.94,36.36,46.59
2026-09-06,12,5,2026-09-06 17:10:00,5,日刊スポーツ杯争奪第30回ブルースターカップ,2,3974,深山 祐二,3,49,52,0,0,0.16,4.35,24.42,38.37,3.37,14.81,25.93,51.65,63.74,34.57,59.26
2026-09-06,12,5,2026-09-06 17:10:00,5,日刊スポーツ杯争奪第30回ブルースターカップ,3,3642,大塚 浩二,3,55,52.2,0,0,0.2,4.39,14.29,37.14,4.85,30,50,46.59,62.5,41.67,52.38
2026-09-06,12,5,2026-09-06 17:10:00,5,日刊スポーツ杯争奪第30回ブルースターカップ,4,5147,田中 勇輔,3,32,51.5,1,0,0.14,4.31,20.51,35.9,4.43,42.86,42.86,37.23,53.19,30,42.5
2026-09-06,12,5,2026-09-06 17:10:00,5,日刊スポーツ杯争奪第30回ブルースターカップ,5,5367,赤松 咲香,4,24,49.8,1,0,0.19,1.85,5.77,5.77,1.59,0,0,29.55,50,22.62,35.71
2026-09-06,12,5,2026-09-06 17:10:00,5,日刊スポーツ杯争奪第30回ブルースターカップ,6,4817,渡邉 翼,1,35,51.5,0,0,0.15,6.14,47.44,61.54,4.17,16.67,50,27.27,42.86,35.96,53.93
2026-09-06,12,6,2026-09-06 17:37:00,5,日刊スポーツ杯争奪第30回ブルースターカップ,1,4069,山本 修一,2,46,53.8,1,0,0.18,5.68,37.37,54.55,6.62,58.97,66.67,38.04,55.43,42.86,63.64
2026-09-06,12,6,2026-09-06 17:37:00,5,日刊スポーツ杯争奪第30回ブルースターカップ,2,5209,小野 京平,3,28,54.9,0,0,0.21,3.72,13.85,32.31,2,0,0,43.96,64.84,32.93,39.02
2026-09-06,12,6,2026-09-06 17:37:00,5,日刊スポーツ杯争奪第30回ブルースターカップ,3,5057,上田 紗奈,3,30,46.5,0,0,0.16,5.82,44.94,58.43,5.47,35.53,57.89,24.1,42.17,26.39,43.06
2026-09-06,12,6,2026-09-06 17:37:00,5,日刊スポーツ杯争奪第30回ブルースターカップ,4,3744,徳増 秀樹,1,51,52.4,0,0,0.14,6.16,44.63,59.5,6.59,55.56,66.67,32.22,52.22,28.77,45.21
2026-09-06,12,6,2026-09-06 17:37:00,5,日刊スポーツ杯争奪第30回ブルースターカップ,5,5006,久保原 秀人,3,29,54.2,0,0,0.2,2.61,7.23,15.66,2.97,9.38,25,30.43,44.57,29.73,45.95
2026-09-06,12,6,2026-09-06 17:37:00,5,日刊スポーツ杯争奪第30回ブルースターカップ,6,3892,草場 康幸,3,50,52.9,0,0,0.17,4.99,31.82,45.45,5.5,44.44,50,25.26,50.53,27.27,38.64
2026-09-06,12,7,2026-09-06 18:04:00,5,日刊スポーツ杯争奪第30回ブルースターカップ,1,4643,近江 翔吾,2,33,52,0,0,0.13,6.49,47.67,62.79,6.24,39.47,60.53,28.24,42.35,27.91,45.35
2026-09-06,12,7,2026-09-06 18:04:00,5,日刊スポーツ杯争奪第30回ブルースターカップ,2,5287,滝沢 織寧,3,26,47,1,0,0.16,3.83,14.81,27.78,3,0,11.11,18.29,37.8,32.18,44.83
2026-09-06,12,7,2026-09-06 18:04:00,5,日刊スポーツ杯争奪第30回ブルースターカップ,3,3576,白水 勝也,1,53,52.1,1,0,0.17,6.38,45.74,72.34,6.5,50,69.23,23.46,37.04,38.96,59.74
2026-09-06,12,7,2026-09-06 18:04:00,5,日刊スポーツ杯争奪第30回ブルースターカップ,4,4402,乙藤 智史,2,41,54.7,0,0,0.17,6.25,46.46,63.64,4.97,33.33,46.67,30.11,40.86,29.33,49.33
2026-09-06,12,7,2026-09-06 18:04:00,5,日刊スポーツ杯争奪第30回ブルースターカップ,5,3910,松下 知幸,3,52,52,0,0,0.17,4.16,18.99,30.38,3.07,6.67,23.33,28.4,39.51,28.21,48.72
2026-09-06,12,7,2026-09-06 18:04:00,5,日刊スポーツ杯争奪第30回ブルースターカップ,6,5416,龍田 真白,3,20,44.5,0,0,0.15,2.87,10.29,19.12,0,0,0,43.48,56.52,28.72,52.13
2026-09-06,12,8,2026-09-06 18:33:00,5,日刊スポーツ杯争奪第30回ブルースターカップ,1,3831,安藤 裕貴,3,52,52.8,0,0,0.15,4.34,25.56,37.78,3.92,23.08,30.77,31.91,50,32.94,55.29
2026-09-06,12,8,2026-09-06 18:33:00,5,日刊スポーツ杯争奪第30回ブルースターカップ,2,4299,中島 浩哉,3,43,54.7,0,0,0.15,4.38,18.75,40.63,4.48,14.29,38.1,34.48,54.02,29.21,47.19
2026-09-06,12,8,2026-09-06 18:33:00,5,日刊スポーツ杯争奪第30回ブルースターカップ,3,4563,齋藤 真之,3,38,53.3,0,0,0.16,3.95,22.22,33.33,3.78,5.56,38.89,36.84,60,29.07,43.02
2026-09-06,12,8,2026-09-06 18:33:00,5,日刊スポーツ杯争奪第30回ブルースターカップ,4,4526,池田 雄祐,2,38,51.5,0,0,0.15,4.88,26.79,44.64,5.72,44.44,61.11,21.35,38.2,29.67,41.76
2026-09-06,12,8,2026-09-06 18:33:00,5,日刊スポーツ杯争奪第30回ブルースターカップ,5,5471,田中 結,4,17,49.3,0,0,,1.45,0,0,1.5,0,0,34.78,55.43,40,60
2026-09-06,12,8,2026-09-06 18:33:00,5,日刊スポーツ杯争奪第30回ブルースターカップ,6,3458,東 健介,3,59,54.9,0,0,0.16,3.54,13.16,21.05,4.67,26.67,46.67,31.46,46.07,32.5,38.75
2026-09-06,12,9,2026-09-06 19:04:00,5,日刊スポーツ杯争奪第30回ブルースターカップ,1,3436,柏野 幸二,2,57,51,1,0,0.13,5.79,39.44,61.97,5.11,33.33,33.33,40.66,60.44,27.27,42.86
2026-09-06,12,9,2026-09-06 19:04:00,5,日刊スポーツ杯争奪第30回ブルースターカップ,2,3889,須藤 隆雄,3,51,54.7,0,0,0.18,3.54,18.31,23.94,3.24,17.65,23.53,33.33,48.89,38.55,59.04
2026-09-06,12,9,2026-09-06 19:04:00,5,日刊スポーツ杯争奪第30回ブルースターカップ,3,5367,赤松 咲香,4,24,49.8,1,0,0.19,1.85,5.77,5.77,1.59,0,0,29.55,50,22.62,35.71
2026-09-06,12,9,2026-09-06 19:04:00,5,日刊スポーツ杯争奪第30回ブルースターカップ,4,5218,山田 理央,1,26,46.5,1,0,0.15,6.15,40.23,67.82,4.67,11.11,44.44,39.08,51.72,30.68,43.18
2026-09-06,12,9,2026-09-06 19:04:00,5,日刊スポーツ杯争奪第30回ブルースターカップ,5,4636,赤池 修平,3,36,52.4,0,0,0.18,3.65,17.39,31.88,2.86,21.43,21.43,32.97,54.95,34.52,50
2026-09-06,12,9,2026-09-06 19:04:00,5,日刊スポーツ杯争奪第30回ブルースターカップ,6,4293,鈴木 智啓,3,41,58.8,0,0,0.18,4.78,26,46,7.9,70,80,41.11,53.33,34.15,48.78
2026-09-06,12,10,2026-09-06 19:36:00,5,日刊スポーツ杯争奪第30回ブルースターカップ,1,4817,渡邉 翼,1,35,51.5,0,0,0.15,6.14,47.44,61.54,4.17,16.67,50,27.27,42.86,35.96,53.93
2026-09-06,12,10,2026-09-06 19:36:00,5,日刊スポーツ杯争奪第30回ブルースターカップ,2,3484,芝田 浩治,2,54,52,0,0,0.17,5.83,44.57,59.78,5.42,38.46,57.69,50,67.44,18.82,38.82
2026-09-06,12,10,2026-09-06 19:36:00,5,日刊スポーツ杯争奪第30回ブルースターカップ,3,4700,金子 和之,2,39,52.4,0,0,0.15,5.96,39.22,57.84,0,0,0,30.11,41.94,36.36,46.59
2026-09-06,12,10,2026-09-06 19:36:00,5,日刊スポーツ杯争奪第30回ブルースターカップ,4,4931,木谷 賢太,1,30,52.1,0,0,0.15,6.78,52.59,72.41,6.2,40,70,12.66,29.11,28.05,45.12
2026-09-06,12,10,2026-09-06 19:36:00,5,日刊スポーツ杯争奪第30回ブルースターカップ,5,3904,森 貴洋,3,49,53.3,0,0,0.18,4.95,31.51,52.05,6.23,46.67,68.33,35.16,50.55,30.67,37.33
2026-09-06,12,10,2026-09-06 19:36:00,5,日刊スポーツ杯争奪第30回ブルースターカップ,6,5057,上田 紗奈,3,30,46.5,0,0,0.16,5.82,44.94,58.43,5.47,35.53,57.89,24.1,42.17,26.39,43.06
2026-09-06,12,11,2026-09-06 20:07:00,5,日刊スポーツ杯争奪第30回ブルースターカップ,1,3744,徳増 秀樹,1,51,52.4,0,0,0.14,6.16,44.63,59.5,6.59,55.56,66.67,32.22,52.22,28.77,45.21
2026-09-06,12,11,2026-09-06 20:07:00,5,日刊スポーツ杯争奪第30回ブルースターカップ,2,4643,近江 翔吾,2,33,52,0,0,0.13,6.49,47.67,62.79,6.24,39.47,60.53,28.24,42.35,27.91,45.35
2026-09-06,12,11,2026-09-06 20:07:00,5,日刊スポーツ杯争奪第30回ブルースターカップ,3,4069,山本 修一,2,46,53.8,1,0,0.18,5.68,37.37,54.55,6.62,58.97,66.67,38.04,55.43,42.86,63.64
2026-09-06,12,11,2026-09-06 20:07:00,5,日刊スポーツ杯争奪第30回ブルースターカップ,4,4934,佐々木 翔斗,2,30,52.8,0,0,0.17,5.3,30.86,49.38,5.43,36.51,55.56,33.7,51.09,29.87,38.96
2026-09-06,12,11,2026-09-06 20:07:00,5,日刊スポーツ杯争奪第30回ブルースターカップ,5,3576,白水 勝也,1,53,52.1,1,0,0.17,6.38,45.74,72.34,6.5,50,69.23,23.46,37.04,38.96,59.74
2026-09-06,12,11,2026-09-06 20:07:00,5,日刊スポーツ杯争奪第30回ブルースターカップ,6,4947,間庭 菜摘,3,34,48.1,0,0,0.17,4.67,19.3,43.86,4.56,22.22,33.33,27.78,41.11,22.08,41.56
2026-09-06,12,12,2026-09-06 20:38:00,5,日刊スポーツ杯争奪第30回ブルースターカップ,1,4736,高倉 和士,1,35,52.3,0,0,0.14,7.13,56.41,73.5,5.55,27.27,50,23.38,40.26,37.35,55.42
2026-09-06,12,12,2026-09-06 20:38:00,5,日刊スポーツ杯争奪第30回ブルースターカップ,2,4475,末永 祐輝,1,38,52.8,1,0,0.16,5.45,30.25,56.3,4.63,25,37.5,35.79,49.47,28.57,42.86
2026-09-06,12,12,2026-09-06 20:38:00,5,日刊スポーツ杯争奪第30回ブルースターカップ,3,4278,藤岡 俊介,1,43,51,0,0,0.13,7.02,59.65,75.44,6.46,43.59,60.26,27.06,38.82,30.77,57.69
2026-09-06,12,12,2026-09-06 20:38:00,5,日刊スポーツ杯争奪第30回ブルースターカップ,4,4466,南 佑典,2,40,51,0,0,0.19,5.67,39,55,5.72,31.25,56.25,12.64,31.03,41.18,52.94
2026-09-06,12,12,2026-09-06 20:38:00,5,日刊スポーツ杯争奪第30回ブルースターカップ,5,4942,柴田 朋哉,3,36,51.5,1,0,0.16,5.76,39.05,57.14,4.78,21.74,39.13,42.39,55.43,46.25,65
2026-09-06,12,12,2026-09-06 20:38:00,5,日刊スポーツ杯争奪第30回ブルースターカップ,6,3304,烏野 賢太,1,58,52,0,0,0.18,5.52,32.46,56.14,5.72,37.93,48.28,32.18,49.43,28.26,53.26
2026-09-06,14,1,2026-09-06 08:44:00,5,ヴィーナスシリーズ第12戦 マクール杯競走,1,4611,今井 美亜,1,36,47,0,0,0.15,6.09,40.35,57.02,5.84,40,48,36.62,54.93,33.78,59.46
2026-09-06,14,1,2026-09-06 08:44:00,5,ヴィーナスシリーズ第12戦 マクール杯競走,2,3470,新田 芳美,3,56,47,0,0,0.17,5.19,26.03,46.58,4.92,27.27,46.75,23.08,34.62,30.77,48.72
2026-09-06,14,1,2026-09-06 08:44:00,5,ヴィーナスシリーズ第12戦 マクール杯競走,3,4720,西澤 日花里,3,32,47.9,1,0,0.2,3.38,13.64,30.3,0,0,0,40,52.86,30.67,53.33
2026-09-06,14,1,2026-09-06 08:44:00,5,ヴィーナスシリーズ第12戦 マクール杯競走,4,4965,福岡 泉水,3,28,51,0,0,0.19,4.45,20.43,38.71,3.53,21.05,26.32,35.44,54.43,36.62,50.7
2026-09-06,14,1,2026-09-06 08:44:00,5,ヴィーナスシリーズ第12戦 マクール杯競走,5,5390,高橋 涼夏,4,19,47.3,0,0,0.17,2.81,10.34,17.24,1.43,0,0,27.71,50.6,24.68,44.16
2026-09-06,14,1,2026-09-06 08:44:00,5,ヴィーナスシリーズ第12戦 マクール杯競走,6,5180,藤本 紗弥香,4,28,47,0,0,0.21,4.73,26.79,41.07,0,0,0,21.43,47.14,25.97,38.96
2026-09-06,14,2,2026-09-06 09:10:00,5,ヴィーナスシリーズ第12戦 マクール杯競走,1,4878,西岡 育未,3,31,47,0,0,0.17,4.36,19.77,38.37,5.08,28.81,52.54,31.4,48.84,36.23,53.62
2026-09-06,14,2,2026-09-06 09:10:00,5,ヴィーナスシリーズ第12戦 マクール杯競走,2,4784,向井田 真紀,3,38,51.7,1,0,0.21,3.25,10,27.5,4.28,27.78,33.33,36.11,58.33,38.96,57.14
2026-09-06,14,2,2026-09-06 09:10:00,5,ヴィーナスシリーズ第12戦 マクール杯競走,3,4775,千葉 真弥,2,32,47,0,0,0.15,6.22,43.75,60.94,5.2,20,60,31.34,38.81,17.19,35.94
2026-09-06,14,2,2026-09-06 09:10:00,5,ヴィーナスシリーズ第12戦 マクール杯競走,4,5198,奥村 明日香,3,24,46,0,0,0.2,5.54,38,52,4.06,20.37,33.33,46.07,56.18,19.72,30.99
2026-09-06,14,2,2026-09-06 09:10:00,5,ヴィーナスシリーズ第12戦 マクール杯競走,5,4071,古賀 千晶,3,45,47,0,0,0.17,4.51,29.85,34.33,6.6,60,60,29.33,42.67,20.9,32.84
2026-09-06,14,2,2026-09-06 09:10:00,5,ヴィーナスシリーズ第12戦 マクール杯競走,6,4738,清埜 翔子,2,35,46.5,1,0,0.16,5.93,39.68,59.52,7.33,44.44,55.56,23.61,38.89,38.36,47.95
2026-09-06,14,3,2026-09-06 09:36:00,5,ヴィーナスシリーズ第12戦 マクール杯競走,1,4885,大山 千広,2,30,47,0,0,0.15,7.17,57.97,73.91,0,0,0,28,38.67,34.25,46.58
2026-09-06,14,3,2026-09-06 09:36:00,5,ヴィーナスシリーズ第12戦 マクール杯競走,2,4372,原田 佑実,2,39,47,0,0,0.17,6.06,40.45,59.55,4.77,35.48,45.16,23.19,37.68,24.29,50
2026-09-06,14,3,2026-09-06 09:36:00,5,ヴィーナスシリーズ第12戦 マクール杯競走,3,5056,西岡 成美,4,30,46.5,0,0,,4.4,24,44,5.49,32.56,55.81,30.99,45.07,32.89,50
2026-09-06,14,3,2026-09-06 09:36:00,5,ヴィーナスシリーズ第12戦 マクール杯競走,4,5342,原村 百那,4,24,47,0,0,0.17,2.64,9.84,14.75,1.18,0,0,48.57,60,44.44,59.72
2026-09-06,14,3,2026-09-06 09:36:00,5,ヴィーナスシリーズ第12戦 マクール杯競走,5,4546,浜田 亜理沙,3,38,47,0,0,0.17,7.22,57.3,79.78,7.64,64.29,82.14,34.25,53.42,35.9,48.72
2026-09-06,14,3,2026-09-06 09:36:00,5,ヴィーナスシリーズ第12戦 マクール杯競走,6,4689,豊田 結,3,33,53.9,0,0,0.16,4.85,28.57,47.62,5.91,46.88,53.13,34.62,51.28,29.41,41.18
2026-09-06,14,4,2026-09-06 10:02:00,5,ヴィーナスシリーズ第12戦 マクール杯競走,1,4627,藤原 菜希,2,40,47.6,0,0,0.15,6.56,47.46,67.8,6.83,55.56,61.11,28,40,35.9,46.15
2026-09-06,14,4,2026-09-06 10:02:00,5,ヴィーナスシリーズ第12戦 マクール杯競走,2,5334,樫葉 新心,3,22,46,1,0,0.18,2.8,5.33,17.33,3.11,12.35,22.22,27.4,54.79,31.17,53.25
2026-09-06,14,4,2026-09-06 10:02:00,5,ヴィーナスシリーズ第12戦 マクール杯競走,3,4974,安井 瑞紀,2,33,47,1,0,0.18,5.27,36.45,47.66,5.43,37.25,52.94,32.89,47.37,32,56
2026-09-06,14,4,2026-09-06 10:02:00,5,ヴィーナスシリーズ第12戦 マクール杯競走,4,5108,柴田 愛梨,4,27,47.9,0,0,0.25,3.03,10,20,0,0,0,42.11,59.21,27.4,42.47
2026-09-06,14,4,2026-09-06 10:02:00,5,ヴィーナスシリーズ第12戦 マクール杯競走,5,4843,深尾 巴恵,3,33,47,1,0,0.16,3.72,17.24,27.59,5.5,37.5,50,29.87,48.05,36.84,46.05
2026-09-06,14,4,2026-09-06 10:02:00,5,ヴィーナスシリーズ第12戦 マクール杯競走,6,5193,米丸 乃絵,1,25,47,0,0,0.16,6.99,54.81,65.38,6.52,36,64,38.67,52,28.77,54.79
2026-09-06,14,5,2026-09-06 10:28:00,5,ヴィーナスシリーズ第12戦 マクール杯競走,1,4400,加藤 奈月,3,38,52.3,0,0,0.18,4.19,13.92,34.18,3.93,6.67,26.67,40.63,56.25,21.43,47.14
2026-09-06,14,5,2026-09-06 10:28:00,5,ヴィーナスシリーズ第12戦 マクール杯競走,2,4450,平高 奈菜,2,39,46.5,1,0,0.16,6.63,47.37,70.53,5.94,42.86,57.14,33.77,53.25,28.21,48.72
2026-09-06,14,5,2026-09-06 10:28:00,5,ヴィーナスシリーズ第12戦 マクール杯競走,3,5153,佐藤 ほのか,3,30,46.5,1,0,0.16,3.4,10.11,26.97,0,0,0,22.54,43.66,38.96,55.84
2026-09-06,14,5,2026-09-06 10:28:00,5,ヴィーナスシリーズ第12戦 マクール杯競走,4,4845,前田 紗希,1,33,47.1,2,0,0.13,6.04,44.05,59.52,7.78,61.11,72.22,23.08,33.33,53.33,65.33
2026-09-06,14,5,2026-09-06 10:28:00,5,ヴィーナスシリーズ第12戦 マクール杯競走,5,5189,藤原 早菜,2,25,45,0,0,0.2,5.09,28.32,46.9,3.29,0,28.57,27.63,51.32,22.54,38.03
2026-09-06,14,5,2026-09-06 10:28:00,5,ヴィーナスシリーズ第12戦 マクール杯競走,6,5440,薗頭 心,4,20,47.9,0,0,0.19,1.73,5.36,5.36,2,0,0,38.24,52.94,26.58,49.37
2026-09-06,14,6,2026-09-06 10:58:00,5,ヴィーナスシリーズ第12戦 マクール杯競走,1,4984,森下 愛梨,3,29,50.5,0,0,0.21,4.8,28.92,43.37,6,33.33,62.96,40.28,61.11,28.17,46.48
2026-09-06,14,6,2026-09-06 10:58:00,5,ヴィーナスシリーズ第12戦 マクール杯競走,2,4900,中田 夕貴,3,33,46.5,0,1,0.19,5.05,30.59,44.71,4.46,21.43,39.29,31.94,50,28.38,45.95
2026-09-06,14,6,2026-09-06 10:58:00,5,ヴィーナスシリーズ第12戦 マクール杯競走,3,4680,後藤 美翼,2,36,47,0,0,0.21,5.46,31,56,5.32,28.57,53.57,29.33,45.33,22.08,44.16
2026-09-06,14,6,2026-09-06 10:58:00,5,ヴィーナスシリーズ第12戦 マクール杯競走,4,5390,高橋 涼夏,4,19,47.3,0,0,0.17,2.81,10.34,17.24,1.43,0,0,27.71,50.6,24.68,44.16
2026-09-06,14,6,2026-09-06 10:58:00,5,ヴィーナスシリーズ第12戦 マクール杯競走,5,4050,田口 節子,1,45,46.5,0,0,0.15,7.75,61.32,81.13,7.61,61.11,77.78,18.31,40.85,28.77,39.73
2026-09-06,14,6,2026-09-06 10:58:00,5,ヴィーナスシリーズ第12戦 マクール杯競走,6,4733,赤井 睦,3,37,47.5,0,0,0.15,5.42,37.1,53.23,5.01,27.94,45.59,24.29,45.71,33.78,54.05
2026-09-06,14,7,2026-09-06 11:28:00,5,ヴィーナスシリーズ第12戦 マクール杯競走,1,4714,喜多須 杏奈,3,35,47.9,0,0,0.17,5,27.06,48.24,5.34,29.27,57.32,35.8,48.15,29.17,38.89
2026-09-06,14,7,2026-09-06 11:28:00,5,ヴィーナスシリーズ第12戦 マクール杯競走,2,4642,松尾 夏海,2,34,47,0,0,0.16,7.17,56.2,76.86,6.24,42.11,63.16,29.41,48.53,43.66,64.79
2026-09-06,14,7,2026-09-06 11:28:00,5,ヴィーナスシリーズ第12戦 マクール杯競走,3,4347,魚谷 香織,2,41,46,0,0,0.18,6.06,41.57,60.67,6.55,54.55,72.73,29.73,44.59,34.67,49.33
2026-09-06,14,7,2026-09-06 11:28:00,5,ヴィーナスシリーズ第12戦 マクール杯競走,4,5180,藤本 紗弥香,4,28,47,0,0,0.21,4.73,26.79,41.07,0,0,0,21.43,47.14,25.97,38.96
2026-09-06,14,7,2026-09-06 11:28:00,5,ヴィーナスシリーズ第12戦 マクール杯競走,5,4784,向井田 真紀,3,38,51.7,1,0,0.21,3.25,10,27.5,4.28,27.78,33.33,36.11,58.33,38.96,57.14
2026-09-06,14,7,2026-09-06 11:28:00,5,ヴィーナスシリーズ第12戦 マクール杯競走,6,4901,出口 舞有子,3,33,46,1,0,0.17,5.73,36.36,60.23,0,0,0,25,44.12,39.19,58.11
2026-09-06,14,8,2026-09-06 12:05:00,5,ヴィーナスシリーズ第12戦 マクール杯競走,1,4965,福岡 泉水,3,28,51,0,0,0.19,4.45,20.43,38.71,3.53,21.05,26.32,35.44,54.43,36.62,50.7
2026-09-06,14,8,2026-09-06 12:05:00,5,ヴィーナスシリーズ第12戦 マクール杯競走,2,5195,北村 寧々,2,24,47,1,0,0.15,5.21,33.72,46.51,5.89,33.33,66.67,35.9,51.28,35.06,55.84
2026-09-06,14,8,2026-09-06 12:05:00,5,ヴィーナスシリーズ第12戦 マクール杯競走,3,4546,浜田 亜理沙,3,38,47,0,0,0.17,7.22,57.3,79.78,7.64,64.29,82.14,34.25,53.42,35.9,48.72
2026-09-06,14,8,2026-09-06 12:05:00,5,ヴィーナスシリーズ第12戦 マクール杯競走,4,5380,野田 亜湖,4,22,50.1,0,0,0.28,1.2,0,0,1.27,0,0,33.33,46.15,40.79,59.21
2026-09-06,14,8,2026-09-06 12:05:00,5,ヴィーナスシリーズ第12戦 マクール杯競走,5,4678,水野 望美,3,37,47,1,0,0.17,4.43,23.53,38.24,6.79,52.63,68.42,29.07,44.19,25,38.24
2026-09-06,14,8,2026-09-06 12:05:00,5,ヴィーナスシリーズ第12戦 マクール杯競走,6,5198,奥村 明日香,3,24,46,0,0,0.2,5.54,38,52,4.06,20.37,33.33,46.07,56.18,19.72,30.99
2026-09-06,14,9,2026-09-06 12:38:00,5,ヴィーナスシリーズ第12戦 マクール杯競走,1,4974,安井 瑞紀,2,33,47,1,0,0.18,5.27,36.45,47.66,5.43,37.25,52.94,32.89,47.37,32,56
2026-09-06,14,9,2026-09-06 12:38:00,5,ヴィーナスシリーズ第12戦 マクール杯競走,2,4689,豊田 結,3,33,53.9,0,0,0.16,4.85,28.57,47.62,5.91,46.88,53.13,34.62,51.28,29.41,41.18
2026-09-06,14,9,2026-09-06 12:38:00,5,ヴィーナスシリーズ第12戦 マクール杯競走,3,5069,山崎 小葉音,3,25,44,0,0,0.17,5.01,28.26,48.91,5.33,27.78,55.56,30.26,51.32,25,40.28
2026-09-06,14,9,2026-09-06 12:38:00,5,ヴィーナスシリーズ第12戦 マクール杯競走,4,4530,小野 生奈,1,37,46,0,0,0.15,7.23,59.22,71.84,6.13,40,53.33,13.16,32.89,41.1,53.42
2026-09-06,14,9,2026-09-06 12:38:00,5,ヴィーナスシリーズ第12戦 マクール杯競走,5,4878,西岡 育未,3,31,47,0,0,0.17,4.36,19.77,38.37,5.08,28.81,52.54,31.4,48.84,36.23,53.62
2026-09-06,14,9,2026-09-06 12:38:00,5,ヴィーナスシリーズ第12戦 マクール杯競走,6,4720,西澤 日花里,3,32,47.9,1,0,0.2,3.38,13.64,30.3,0,0,0,40,52.86,30.67,53.33
2026-09-06,14,10,2026-09-06 13:09:00,5,ヴィーナスシリーズ第12戦 マクール杯競走,1,4071,古賀 千晶,3,45,47,0,0,0.17,4.51,29.85,34.33,6.6,60,60,29.33,42.67,20.9,32.84
2026-09-06,14,10,2026-09-06 13:09:00,5,ヴィーナスシリーズ第12戦 マクール杯競走,2,5189,藤原 早菜,2,25,44.5,0,0,0.2,5.09,28.32,46.9,3.29,0,28.57,27.63,51.32,22.54,38.03
2026-09-06,14,10,2026-09-06 13:09:00,5,ヴィーナスシリーズ第12戦 マクール杯競走,3,4746,大豆生田 蒼,3,31,47,0,0,0.2,5.67,39.02,59.76,4.5,15.38,30.77,32.43,45.95,26.76,42.25
2026-09-06,14,10,2026-09-06 13:09:00,5,ヴィーナスシリーズ第12戦 マクール杯競走,4,4611,今井 美亜,1,36,47.6,0,0,0.15,6.09,40.35,57.02,5.84,40,48,36.62,54.93,33.78,59.46
2026-09-06,14,10,2026-09-06 13:09:00,5,ヴィーナスシリーズ第12戦 マクール杯競走,5,5334,樫葉 新心,3,22,44.5,1,0,0.18,2.8,5.33,17.33,3.11,12.35,22.22,27.4,54.79,31.17,53.25
2026-09-06,14,10,2026-09-06 13:09:00,5,ヴィーナスシリーズ第12戦 マクール杯競走,6,5342,原村 百那,4,24,47,0,0,0.17,2.64,9.84,14.75,1.18,0,0,48.57,60,44.44,59.72
2026-09-06,14,11,2026-09-06 13:49:00,5,ヴィーナスシリーズ第12戦 マクール杯競走,1,4680,後藤 美翼,2,36,47,0,0,0.21,5.46,31,56,5.32,28.57,53.57,29.33,45.33,22.08,44.16
2026-09-06,14,11,2026-09-06 13:49:00,5,ヴィーナスシリーズ第12戦 マクール杯競走,2,4843,深尾 巴恵,3,33,47,1,0,0.16,3.72,17.24,27.59,5.5,37.5,50,29.87,48.05,36.84,46.05
2026-09-06,14,11,2026-09-06 13:49:00,5,ヴィーナスシリーズ第12戦 マクール杯競走,3,4738,清埜 翔子,2,35,46.5,1,0,0.16,5.93,39.68,59.52,7.33,44.44,55.56,23.61,38.89,38.36,47.95
2026-09-06,14,11,2026-09-06 13:49:00,5,ヴィーナスシリーズ第12戦 マクール杯競走,4,4372,原田 佑実,2,39,47,0,0,0.17,6.06,40.45,59.55,4.77,35.48,45.16,23.19,37.68,24.29,50
2026-09-06,14,11,2026-09-06 13:49:00,5,ヴィーナスシリーズ第12戦 マクール杯競走,5,4450,平高 奈菜,2,39,46.5,1,0,0.16,6.63,47.37,70.53,5.94,42.86,57.14,33.77,53.25,28.21,48.72
2026-09-06,14,11,2026-09-06 13:49:00,5,ヴィーナスシリーズ第12戦 マクール杯競走,6,3470,新田 芳美,3,56,47,0,0,0.17,5.19,26.03,46.58,4.92,27.27,46.75,23.08,34.62,30.77,48.72
2026-09-06,14,12,2026-09-06 14:28:00,5,ヴィーナスシリーズ第12戦 マクール杯競走,1,4050,田口 節子,1,45,46.5,0,0,0.15,7.75,61.32,81.13,7.61,61.11,77.78,18.31,40.85,28.77,39.73
2026-09-06,14,12,2026-09-06 14:28:00,5,ヴィーナスシリーズ第12戦 マクール杯競走,2,5193,米丸 乃絵,1,25,47,0,0,0.16,6.99,54.81,65.38,6.52,36,64,38.67,52,28.77,54.79
2026-09-06,14,12,2026-09-06 14:28:00,5,ヴィーナスシリーズ第12戦 マクール杯競走,3,4845,前田 紗希,1,33,47.1,2,0,0.13,6.04,44.05,59.52,7.78,61.11,72.22,23.08,33.33,53.33,65.33
2026-09-06,14,12,2026-09-06 14:28:00,5,ヴィーナスシリーズ第12戦 マクール杯競走,4,4885,大山 千広,2,30,47,0,0,0.15,7.17,57.97,73.91,0,0,0,28,38.67,34.25,46.58
2026-09-06,14,12,2026-09-06 14:28:00,5,ヴィーナスシリーズ第12戦 マクール杯競走,5,4642,松尾 夏海,2,34,47,0,0,0.16,7.17,56.2,76.86,6.24,42.11,63.16,29.41,48.53,43.66,64.79
2026-09-06,14,12,2026-09-06 14:28:00,5,ヴィーナスシリーズ第12戦 マクール杯競走,6,4775,千葉 真弥,2,32,47,0,0,0.15,6.22,43.75,60.94,5.2,20,60,31.34,38.81,17.19,35.94
2026-09-06,17,1,2026-09-06 10:54:00,5,第17回PayPay銀行賞,1,4182,吉田 和仁,3,42,54,0,0,0.19,4.7,28.57,41.96,4.7,25,42.5,34.91,52.16,27.89,44.74
2026-09-06,17,1,2026-09-06 10:54:00,5,第17回PayPay銀行賞,2,3761,山本 光雄,3,54,52,0,0,0.17,5.09,30.67,46.67,5.28,34.48,58.62,31.42,48.23,35.14,52.25
2026-09-06,17,1,2026-09-06 10:54:00,5,第17回PayPay銀行賞,3,4097,貫地谷 直人,3,44,54.2,0,0,0.22,3.49,13.89,26.39,3.94,15.38,34.62,37.73,53.64,34.87,50.84
2026-09-06,17,1,2026-09-06 10:54:00,5,第17回PayPay銀行賞,4,5291,三嶌 こころ,3,25,48.8,1,0,0.23,4.15,19.44,34.26,3.57,0,14.29,29.05,41.9,27.91,45.12
2026-09-06,17,1,2026-09-06 10:54:00,5,第17回PayPay銀行賞,5,3933,山地 正樹,3,50,52.2,0,0,0.17,6.12,46.15,66.35,4.5,18.75,37.5,33.04,49.11,29.91,51.4
2026-09-06,17,1,2026-09-06 10:54:00,5,第17回PayPay銀行賞,6,5374,木山 大聖,3,23,50,1,0,0.16,3.25,10.67,24,1.89,0,0,32.56,52.56,30.11,42.05
2026-09-06,17,2,2026-09-06 11:23:00,5,第17回PayPay銀行賞,1,5223,森清 友翔,3,25,53.1,0,0,0.16,5.05,29.25,46.23,5.3,30,50,29.49,44.44,35.27,53.62
2026-09-06,17,2,2026-09-06 11:23:00,5,第17回PayPay銀行賞,2,4725,佐竹 太一,3,39,53.2,0,0,0.18,4.86,23.08,43.96,0,0,0,36.36,50.22,32.11,48.37
2026-09-06,17,2,2026-09-06 11:23:00,5,第17回PayPay銀行賞,3,4564,山本 景士郎,3,38,52,0,0,0.19,4.63,21.21,44.44,5.48,35.71,56.25,33.61,50,33.33,45.95
2026-09-06,17,2,2026-09-06 11:23:00,5,第17回PayPay銀行賞,4,4987,島倉 都,3,29,46.5,0,0,0.18,3.62,16.67,25,3.78,22.22,22.22,40.34,57.51,36.59,50.73
2026-09-06,17,2,2026-09-06 11:23:00,5,第17回PayPay銀行賞,5,5100,栗原 一馬,3,29,55.4,1,0,0.17,4.43,24.68,40.26,5.57,28.57,57.14,41.74,55.37,36.12,55.95
2026-09-06,17,2,2026-09-06 11:23:00,5,第17回PayPay銀行賞,6,3987,後藤 正宗,1,48,52.5,1,0,0.17,5.88,40.7,62.79,5.04,34.62,46.15,35.29,54.62,33.89,49.79
2026-09-06,17,3,2026-09-06 12:00:00,5,第17回PayPay銀行賞,1,5155,内山 七海,2,29,45,0,0,0.15,6.25,43.69,65.05,5.78,44.44,66.67,33.96,52.36,35.87,52.02
2026-09-06,17,3,2026-09-06 12:00:00,5,第17回PayPay銀行賞,2,3950,石川 哲秀,3,50,55.3,0,0,0.15,3.66,19.12,27.94,4.96,29.17,54.17,31.78,51.27,31.1,53.59
2026-09-06,17,3,2026-09-06 12:00:00,5,第17回PayPay銀行賞,3,4457,神田 達也,3,40,52.6,1,0,0.16,4.26,22.95,37.7,4.42,21.05,42.11,29.47,47.89,28.83,48.2
2026-09-06,17,3,2026-09-06 12:00:00,5,第17回PayPay銀行賞,4,5131,江藤 敦宏,3,27,52,0,0,0.18,3.98,16.47,30.59,0,0,0,32.88,51.8,29.38,41.71
2026-09-06,17,3,2026-09-06 12:00:00,5,第17回PayPay銀行賞,5,5032,谷口 知優,2,28,52.1,0,0,0.16,4.96,31.13,47.17,3.61,11.11,27.78,32.38,45.24,34.96,52.65
2026-09-06,17,3,2026-09-06 12:00:00,5,第17回PayPay銀行賞,6,3542,清水 紀克,3,57,56.1,1,0,0.19,4.1,20.88,38.46,4.16,24.32,32.43,33.04,51.74,28.14,48.5
2026-09-06,17,4,2026-09-06 12:31:00,5,第17回PayPay銀行賞,1,4264,長尾 章平,1,41,53.6,1,0,0.16,6.04,42.86,66.33,6.38,45.45,60,33.05,48.73,38.29,57.21
2026-09-06,17,4,2026-09-06 12:31:00,5,第17回PayPay銀行賞,2,3543,福田 雅一,3,57,55,0,0,0.16,4.8,31.37,43.14,5.55,40,52.5,37.66,56.9,32.5,48.33
2026-09-06,17,4,2026-09-06 12:31:00,5,第17回PayPay銀行賞,3,5322,根岸 真優,3,24,44.5,0,0,0.19,3.34,13.04,26.09,0,0,0,29.17,49.07,35.29,54.62
2026-09-06,17,4,2026-09-06 12:31:00,5,第17回PayPay銀行賞,4,5348,小林 甘寧,3,22,52,0,0,0.16,5.73,39.56,60.44,3.58,18.18,31.17,38.6,53.95,31.36,51.69
2026-09-06,17,4,2026-09-06 12:31:00,5,第17回PayPay銀行賞,5,4894,原村 拓也,3,35,52,0,0,0.19,4.4,19.32,37.5,4.17,19.05,38.1,30.09,44.44,41.23,54.03
2026-09-06,17,4,2026-09-06 12:31:00,5,第17回PayPay銀行賞,6,5351,齊藤 廉,3,22,52,1,0,0.16,5.23,37,54,3.18,5.88,29.41,34.39,52.94,33.74,49.19
2026-09-06,17,5,2026-09-06 13:01:00,5,第17回PayPay銀行賞,1,3562,山下 和彦,2,57,52,0,0,0.18,6.35,47.9,68.07,6.37,45.59,60.29,39.06,56.22,37.02,52.77
2026-09-06,17,5,2026-09-06 13:01:00,5,第17回PayPay銀行賞,2,5293,眞崎 武蔵,3,24,52,0,0,0.21,3.73,17.91,31.34,0,0,0,41.78,57.33,39,56.02
2026-09-06,17,5,2026-09-06 13:01:00,5,第17回PayPay銀行賞,3,5095,小原 聡将,2,32,52.3,0,0,0.15,6.37,40.24,63.41,5.56,22.22,55.56,32.27,48.64,29.55,48.86
2026-09-06,17,5,2026-09-06 13:01:00,5,第17回PayPay銀行賞,4,3933,山地 正樹,3,50,52.2,0,0,0.17,6.12,46.15,66.35,4.5,18.75,37.5,33.04,49.11,29.91,51.4
2026-09-06,17,5,2026-09-06 13:01:00,5,第17回PayPay銀行賞,5,4447,深川 麻奈美,3,39,47.4,0,0,0.19,5.72,36.44,56.78,6.19,48.39,61.29,40.08,57.38,34.2,51.52
2026-09-06,17,5,2026-09-06 13:01:00,5,第17回PayPay銀行賞,6,4809,外崎 悟,1,37,52,0,0,0.16,5.56,29.41,56.47,0,0,0,41.28,57.87,36.55,55.82
2026-09-06,17,6,2026-09-06 13:28:00,5,第17回PayPay銀行賞,1,4803,飯田 庄吾,3,32,56.8,0,0,0.19,3.71,16.95,27.12,4,20.69,34.48,47.84,65.09,28.14,45.23
2026-09-06,17,6,2026-09-06 13:28:00,5,第17回PayPay銀行賞,2,4233,亀山 雅幸,2,43,52,0,0,0.17,6.06,46.9,62.83,5.74,44.74,60.53,35.78,51.83,27.49,51.46
2026-09-06,17,6,2026-09-06 13:28:00,5,第17回PayPay銀行賞,3,4725,佐竹 太一,3,39,53.2,0,0,0.18,4.86,23.08,43.96,0,0,0,36.36,50.22,32.11,48.37
2026-09-06,17,6,2026-09-06 13:28:00,5,第17回PayPay銀行賞,4,5100,栗原 一馬,3,29,55.4,1,0,0.17,4.43,24.68,40.26,5.57,28.57,57.14,41.74,55.37,36.12,55.95
2026-09-06,17,6,2026-09-06 13:28:00,5,第17回PayPay銀行賞,5,5291,三嶌 こころ,3,25,48.8,1,0,0.23,4.15,19.44,34.26,3.57,0,14.29,29.05,41.9,27.91,45.12
2026-09-06,17,6,2026-09-06 13:28:00,5,第17回PayPay銀行賞,6,3327,野長瀬 正孝,2,59,52,1,0,0.16,6.15,41.84,66.33,6.05,35.71,69.05,36.75,53.85,34.45,49.58
2026-09-06,17,7,2026-09-06 14:01:00,5,第17回PayPay銀行賞,1,4159,向後 龍一,2,45,52,0,0,0.17,6.61,49.55,67.57,0,0,0,34.3,56.2,29.67,46.15
2026-09-06,17,7,2026-09-06 14:01:00,5,第17回PayPay銀行賞,2,4987,島倉 都,3,29,46.5,0,0,0.18,3.62,16.67,25,3.78,22.22,22.22,40.34,57.51,36.59,50.73
2026-09-06,17,7,2026-09-06 14:01:00,5,第17回PayPay銀行賞,3,5032,谷口 知優,2,28,52.1,0,0,0.16,4.96,31.13,47.17,3.61,11.11,27.78,32.38,45.24,34.96,52.65
2026-09-06,17,7,2026-09-06 14:01:00,5,第17回PayPay銀行賞,4,3950,石川 哲秀,3,50,55.3,0,0,0.15,3.66,19.12,27.94,4.96,29.17,54.17,31.78,51.27,31.1,53.59
2026-09-06,17,7,2026-09-06 14:01:00,5,第17回PayPay銀行賞,5,3761,山本 光雄,3,54,52,0,0,0.17,5.09,30.67,46.67,5.28,34.48,58.62,31.42,48.23,35.14,52.25
2026-09-06,17,7,2026-09-06 14:01:00,5,第17回PayPay銀行賞,6,4010,越智 照浩,3,47,57.4,0,0,0.17,4.67,20.83,43.06,4.28,22.22,33.33,29.76,45.85,27.7,43.24
2026-09-06,17,8,2026-09-06 14:36:00,5,第17回PayPay銀行賞,1,4199,北川 潤二,1,44,56.6,0,0,0.15,6.29,44,64,6.73,54.55,72.73,38.94,52.21,32.74,50.67
2026-09-06,17,8,2026-09-06 14:36:00,5,第17回PayPay銀行賞,2,5131,江藤 敦宏,3,27,52,0,0,0.18,3.98,16.47,30.59,0,0,0,32.88,51.8,29.38,41.71
2026-09-06,17,8,2026-09-06 14:36:00,5,第17回PayPay銀行賞,3,4894,原村 拓也,3,35,52,0,0,0.19,4.4,19.32,37.5,4.17,19.05,38.1,30.09,44.44,41.23,54.03
2026-09-06,17,8,2026-09-06 14:36:00,5,第17回PayPay銀行賞,4,5374,木山 大聖,3,23,50,1,0,0.16,3.25,10.67,24,1.89,0,0,32.56,52.56,30.11,42.05
2026-09-06,17,8,2026-09-06 14:36:00,5,第17回PayPay銀行賞,5,4564,山本 景士郎,3,38,52,0,0,0.19,4.63,21.21,44.44,5.48,35.71,56.25,33.61,50,33.33,45.95
2026-09-06,17,8,2026-09-06 14:36:00,5,第17回PayPay銀行賞,6,5322,根岸 真優,3,24,44.5,0,0,0.19,3.34,13.04,26.09,0,0,0,29.17,49.07,35.29,54.62
2026-09-06,17,9,2026-09-06 15:04:00,5,第17回PayPay銀行賞,1,5351,齊藤 廉,3,22,52,1,0,0.16,5.23,37,54,3.18,5.88,29.41,34.39,52.94,33.74,49.19
2026-09-06,17,9,2026-09-06 15:04:00,5,第17回PayPay銀行賞,2,5095,小原 聡将,2,32,52.3,0,0,0.15,6.37,40.24,63.41,5.56,22.22,55.56,32.27,48.64,29.55,48.86
2026-09-06,17,9,2026-09-06 15:04:00,5,第17回PayPay銀行賞,3,4447,深川 麻奈美,3,39,47.4,0,0,0.19,5.72,36.44,56.78,6.19,48.39,61.29,40.08,57.38,34.2,51.52
2026-09-06,17,9,2026-09-06 15:04:00,5,第17回PayPay銀行賞,4,3543,福田 雅一,3,57,55,0,0,0.16,4.8,31.37,43.14,5.55,40,52.5,37.66,56.9,32.5,48.33
2026-09-06,17,9,2026-09-06 15:04:00,5,第17回PayPay銀行賞,5,4457,神田 達也,3,40,52.6,1,0,0.16,4.26,22.95,37.7,4.42,21.05,42.11,29.47,47.89,28.83,48.2
2026-09-06,17,9,2026-09-06 15:04:00,5,第17回PayPay銀行賞,6,5223,森清 友翔,3,25,53.1,0,0,0.16,5.05,29.25,46.23,5.3,30,50,29.49,44.44,35.27,53.62
2026-09-06,17,10,2026-09-06 15:39:00,5,第17回PayPay銀行賞,1,3987,後藤 正宗,1,48,52.5,1,0,0.17,5.88,40.7,62.79,5.04,34.62,46.15,35.29,54.62,33.89,49.79
2026-09-06,17,10,2026-09-06 15:39:00,5,第17回PayPay銀行賞,2,4182,吉田 和仁,3,42,54,0,0,0.19,4.7,28.57,41.96,4.7,25,42.5,34.91,52.16,27.89,44.74
2026-09-06,17,10,2026-09-06 15:39:00,5,第17回PayPay銀行賞,3,5348,小林 甘寧,3,22,52,0,0,0.16,5.73,39.56,60.44,3.58,18.18,31.17,38.6,53.95,31.36,51.69
2026-09-06,17,10,2026-09-06 15:39:00,5,第17回PayPay銀行賞,4,4264,長尾 章平,1,41,53.6,1,0,0.16,6.04,42.86,66.33,6.38,45.45,60,33.05,48.73,38.29,57.21
2026-09-06,17,10,2026-09-06 15:39:00,5,第17回PayPay銀行賞,5,4233,亀山 雅幸,2,43,52,0,0,0.17,6.06,46.9,62.83,5.74,44.74,60.53,35.78,51.83,27.49,51.46
2026-09-06,17,10,2026-09-06 15:39:00,5,第17回PayPay銀行賞,6,3562,山下 和彦,2,57,52,0,0,0.18,6.35,47.9,68.07,6.37,45.59,60.29,39.06,56.22,37.02,52.77
2026-09-06,17,11,2026-09-06 16:11:00,5,第17回PayPay銀行賞,1,4809,外崎 悟,1,37,52,0,0,0.16,5.56,29.41,56.47,0,0,0,41.28,57.87,36.55,55.82
2026-09-06,17,11,2026-09-06 16:11:00,5,第17回PayPay銀行賞,2,4199,北川 潤二,1,44,56.6,0,0,0.15,6.29,44,64,6.73,54.55,72.73,38.94,52.21,32.74,50.67
2026-09-06,17,11,2026-09-06 16:11:00,5,第17回PayPay銀行賞,3,4159,向後 龍一,2,45,52,0,0,0.17,6.61,49.55,67.57,0,0,0,34.3,56.2,29.67,46.15
2026-09-06,17,11,2026-09-06 16:11:00,5,第17回PayPay銀行賞,4,5293,眞崎 武蔵,3,24,52,0,0,0.21,3.73,17.91,31.34,0,0,0,41.78,57.33,39,56.02
2026-09-06,17,11,2026-09-06 16:11:00,5,第17回PayPay銀行賞,5,5155,内山 七海,2,29,45,0,0,0.15,6.25,43.69,65.05,5.78,44.44,66.67,33.96,52.36,35.87,52.02
2026-09-06,17,11,2026-09-06 16:11:00,5,第17回PayPay銀行賞,6,4803,飯田 庄吾,3,32,56.8,0,0,0.19,3.71,16.95,27.12,4,20.69,34.48,47.84,65.09,28.14,45.23
2026-09-06,17,12,2026-09-06 16:50:00,5,第17回PayPay銀行賞,1,5068,前田 滉,1,26,51,0,0,0.14,7.83,67.05,81.82,6.24,23.53,47.06,36.36,53.72,38.42,52.22
2026-09-06,17,12,2026-09-06 16:50:00,5,第17回PayPay銀行賞,2,3439,大平 誉史明,1,57,50,0,0,0.16,5.75,41.18,57.84,6.46,51.43,71.43,35.91,57.27,28.33,48.89
2026-09-06,17,12,2026-09-06 16:50:00,5,第17回PayPay銀行賞,3,4263,武重 雄介,3,42,53.7,0,0,0.18,4.69,24.42,43.02,3.2,0,0,32.6,46.7,45.45,54.07
2026-09-06,17,12,2026-09-06 16:50:00,5,第17回PayPay銀行賞,4,3961,谷村 一哉,1,47,53.6,0,0,0.17,6.69,49.12,70.18,6.21,41.03,51.28,33.49,56.74,38.57,52.02
2026-09-06,17,12,2026-09-06 16:50:00,5,第17回PayPay銀行賞,5,4057,松井 賢治,2,47,52.3,0,0,0.15,5.78,39.13,60,5.95,36.36,68.18,47.74,67.08,39.19,51.35
2026-09-06,17,12,2026-09-06 16:50:00,5,第17回PayPay銀行賞,6,3800,牧 宏次,2,52,52.5,0,0,0.16,5.58,32.53,54.22,6.5,40,80,34.89,57.02,34.92,50.79
2026-09-06,22,1,2026-09-06 11:48:00,5,三都市対抗戦 福岡観光コンベンションビューロー杯,1,4100,松田 隆司,3,47,52.4,0,0,0.16,4.71,28.26,47.83,5.36,36.11,58.33,38.17,51.15,29.13,45.63
2026-09-06,22,1,2026-09-06 11:48:00,5,三都市対抗戦 福岡観光コンベンションビューロー杯,2,3928,林 恵祐,3,50,59.4,0,0,0.18,3.89,13.25,33.73,3.78,15.38,27.69,44.19,59.3,34.34,48.48
2026-09-06,22,1,2026-09-06 11:48:00,5,三都市対抗戦 福岡観光コンベンションビューロー杯,3,4944,田代 達也,3,35,52,0,0,0.17,4.25,18.99,36.71,4.16,26.32,42.11,37.59,56.39,41.58,59.41
2026-09-06,22,1,2026-09-06 11:48:00,5,三都市対抗戦 福岡観光コンベンションビューロー杯,4,4377,濱本 優一,1,42,50,0,0,0.15,5.28,34.31,53.92,6.1,47.62,64.29,33.07,48.82,27.55,44.9
2026-09-06,22,1,2026-09-06 11:48:00,5,三都市対抗戦 福岡観光コンベンションビューロー杯,5,5289,佃 來紀,2,25,52,0,0,0.16,5.73,41.18,58.82,5.95,40,60,42.96,54.81,42.27,60.82
2026-09-06,22,1,2026-09-06 11:48:00,5,三都市対抗戦 福岡観光コンベンションビューロー杯,6,5371,早川 颯太,4,24,52.8,1,0,0.22,1.97,1.67,6.67,0,0,0,42.17,50.6,26.26,45.45
2026-09-06,22,2,2026-09-06 12:18:00,5,三都市対抗戦 福岡観光コンベンションビューロー杯,1,4904,松本 一毅,3,32,52,0,0,0.17,5.34,35.9,51.28,7.22,66.67,66.67,36.52,57.39,33.01,51.46
2026-09-06,22,2,2026-09-06 12:18:00,5,三都市対抗戦 福岡観光コンベンションビューロー杯,2,4815,伏島 祐介,3,36,52,0,0,0.2,3.49,12.82,23.08,4.47,28.95,42.11,33.01,51.46,40.45,50.56
2026-09-06,22,2,2026-09-06 12:18:00,5,三都市対抗戦 福岡観光コンベンションビューロー杯,3,4651,佐藤 大騎,3,41,52,0,0,0.18,3.28,7.35,20.59,4.13,12.5,37.5,28.21,42.74,43.4,58.49
2026-09-06,22,2,2026-09-06 12:18:00,5,三都市対抗戦 福岡観光コンベンションビューロー杯,4,4393,田中 孝明,3,40,56.9,0,0,0.2,4.16,19.18,30.14,4.48,24.14,44.83,21.9,41.9,23.53,36.47
2026-09-06,22,2,2026-09-06 12:18:00,5,三都市対抗戦 福岡観光コンベンションビューロー杯,5,3888,山本 英志,2,51,51.5,1,0,0.14,6.09,43.97,59.48,4.54,25,41.67,27.89,46.94,34.78,56.52
2026-09-06,22,2,2026-09-06 12:18:00,5,三都市対抗戦 福岡観光コンベンションビューロー杯,6,4077,品田 直樹,2,47,52,0,0,0.17,5.32,30.93,50.52,5.08,27.5,55,31,51,28.28,54.55
2026-09-06,22,3,2026-09-06 12:49:00,5,三都市対抗戦 福岡観光コンベンションビューロー杯,1,4958,溝口 海義也,1,31,54,0,0,0.13,6.25,42.62,66.39,5.82,39.29,62.5,30.25,44.54,33.33,52.08
2026-09-06,22,3,2026-09-06 12:49:00,5,三都市対抗戦 福岡観光コンベンションビューロー杯,2,4905,土井 祥伍,3,31,53.8,0,0,0.21,4.67,25.58,43.02,3.75,12.5,37.5,26.05,40.34,24.24,39.39
2026-09-06,22,3,2026-09-06 12:49:00,5,三都市対抗戦 福岡観光コンベンションビューロー杯,3,4148,枝尾 賢,2,44,52,0,0,0.14,6.14,40,61.9,7.15,60,80,28.06,46.04,35.05,47.42
2026-09-06,22,3,2026-09-06 12:49:00,5,三都市対抗戦 福岡観光コンベンションビューロー杯,4,3467,森 弘行,3,57,52,0,0,0.2,4.45,22.37,44.74,4.25,14.29,42.86,38.6,54.39,25,36.46
2026-09-06,22,3,2026-09-06 12:49:00,5,三都市対抗戦 福岡観光コンベンションビューロー杯,5,4329,小松 卓司,3,43,52.2,0,0,0.18,4.57,24.05,44.3,5.1,31.03,51.72,36.59,53.66,26.88,46.24
2026-09-06,22,3,2026-09-06 12:49:00,5,三都市対抗戦 福岡観光コンベンションビューロー杯,6,5190,大月 遊雅,3,25,52,1,0,0.18,4.01,16.25,36.25,3.22,11.11,22.22,62.89,83.51,41.58,56.44
2026-09-06,22,4,2026-09-06 13:18:00,5,三都市対抗戦 福岡観光コンベンションビューロー杯,1,4301,関 裕也,3,43,53.4,0,0,0.2,4.38,21.54,40,4.33,20,46.67,33,51,30,51
2026-09-06,22,4,2026-09-06 13:18:00,5,三都市対抗戦 福岡観光コンベンションビューロー杯,2,5381,有山 望,3,21,50.5,1,0,0.17,4.11,17.11,28.95,0,0,0,41,60,32.32,50.51
2026-09-06,22,4,2026-09-06 13:18:00,5,三都市対抗戦 福岡観光コンベンションビューロー杯,3,4792,杉村 賢也,3,36,52,0,0,0.15,4.06,20,31.43,3.38,25,25,26.79,46.43,35.92,53.4
2026-09-06,22,4,2026-09-06 13:18:00,5,三都市対抗戦 福岡観光コンベンションビューロー杯,4,3966,作間 章,1,47,53.3,0,0,0.17,6.32,43.24,64.86,8.03,74.19,87.1,37.31,51.49,35.92,50.49
2026-09-06,22,4,2026-09-06 13:18:00,5,三都市対抗戦 福岡観光コンベンションビューロー杯,5,5081,篠原 飛翔,2,27,52.4,0,0,0.17,5.35,37.84,51.35,6.09,46.88,59.38,24.81,46.51,36.46,46.88
2026-09-06,22,4,2026-09-06 13:18:00,5,三都市対抗戦 福岡観光コンベンションビューロー杯,6,5426,甲斐 貴大,4,24,52.4,1,0,0.2,2.31,3.28,16.39,2.67,0,28.57,35.71,54.08,23.53,44.12
2026-09-06,22,5,2026-09-06 13:44:00,5,三都市対抗戦 福岡観光コンベンションビューロー杯,1,3703,鳥飼 眞,2,52,50,0,0,0.18,5.96,44.09,62.37,6.19,47.19,62.92,39.17,55.83,33.33,52.22
2026-09-06,22,5,2026-09-06 13:44:00,5,三都市対抗戦 福岡観光コンベンションビューロー杯,2,5007,近藤 雄一郎,3,29,53.7,1,0,0.18,4.68,21.05,36.84,4,21.05,31.58,41.51,61.32,21.05,33.68
2026-09-06,22,5,2026-09-06 13:44:00,5,三都市対抗戦 福岡観光コンベンションビューロー杯,3,5235,岩田 凌,4,27,53.2,0,0,0.17,3.9,12.07,31.03,0,0,0,51.33,67.26,22.83,41.3
2026-09-06,22,5,2026-09-06 13:44:00,5,三都市対抗戦 福岡観光コンベンションビューロー杯,4,4095,福来 剛,1,45,52,2,0,0.13,7.07,59.18,71.43,7.33,55.56,72.22,40.45,64.04,31.68,47.52
2026-09-06,22,5,2026-09-06 13:44:00,5,三都市対抗戦 福岡観光コンベンションビューロー杯,5,4379,桑島 和宏,2,42,55.8,0,0,0.16,6.06,36.45,63.55,6.57,52.38,66.67,37.37,59.6,31.43,46.67
2026-09-06,22,5,2026-09-06 13:44:00,5,三都市対抗戦 福岡観光コンベンションビューロー杯,6,3928,林 恵祐,3,50,59.4,0,0,0.18,3.89,13.25,33.73,3.78,15.38,27.69,44.19,59.3,34.34,48.48
2026-09-06,22,6,2026-09-06 14:14:00,5,三都市対抗戦 福岡観光コンベンションビューロー杯,1,4759,今泉 友吾,1,36,52.1,0,0,0.16,6.98,48.36,73.77,7.09,36.36,81.82,33.33,47.22,49.5,67.33
2026-09-06,22,6,2026-09-06 14:14:00,5,三都市対抗戦 福岡観光コンベンションビューロー杯,2,5133,堀越 雄貴,3,27,53,1,0,0.22,6.01,40.3,61.19,5.6,40,50,32.43,45.05,36.89,56.31
2026-09-06,22,6,2026-09-06 14:14:00,5,三都市対抗戦 福岡観光コンベンションビューロー杯,3,3948,大町 利克,3,50,53,0,0,0.18,3.5,12.16,31.08,0,0,0,41.38,65.52,40.82,54.08
2026-09-06,22,6,2026-09-06 14:14:00,5,三都市対抗戦 福岡観光コンベンションビューロー杯,4,5371,早川 颯太,4,24,52.8,1,0,0.22,1.97,1.67,6.67,0,0,0,42.17,50.6,26.26,45.45
2026-09-06,22,6,2026-09-06 14:14:00,5,三都市対抗戦 福岡観光コンベンションビューロー杯,5,4737,竹井 貴史,1,35,52.7,1,0,0.16,6.77,54.64,71.13,6.53,54.72,58.49,31.75,43.65,26.8,47.42
2026-09-06,22,6,2026-09-06 14:14:00,5,三都市対抗戦 福岡観光コンベンションビューロー杯,6,3915,繁野谷 圭介,2,52,51.5,0,0,0.19,6.23,44.12,64.71,5.63,37.04,51.85,35.2,52.8,38,52
2026-09-06,22,7,2026-09-06 14:44:00,5,三都市対抗戦 福岡観光コンベンションビューロー杯,1,4535,北山 康介,2,36,53.8,1,0,0.16,7.11,55.06,77.53,6.43,45.45,65.91,26.83,44.72,37.86,56.31
2026-09-06,22,7,2026-09-06 14:44:00,5,三都市対抗戦 福岡観光コンベンションビューロー杯,2,4329,小松 卓司,3,43,52.2,0,0,0.18,4.57,24.05,44.3,5.1,31.03,51.72,36.59,53.66,26.88,46.24
2026-09-06,22,7,2026-09-06 14:44:00,5,三都市対抗戦 福岡観光コンベンションビューロー杯,3,3523,寳田 亮治,3,57,52.1,0,0,0.2,4.42,20.9,43.28,6,55.56,55.56,26.61,40.37,26.04,36.46
2026-09-06,22,7,2026-09-06 14:44:00,5,三都市対抗戦 福岡観光コンベンションビューロー杯,4,5054,佐々木 大河,1,30,52.3,0,0,0.14,6.57,58.46,69.23,6.5,50,60,40,54.29,28.3,49.06
2026-09-06,22,7,2026-09-06 14:44:00,5,三都市対抗戦 福岡観光コンベンションビューロー杯,5,3432,宮迫 暢彦,3,58,52,1,0,0.18,3.86,15.38,35.38,5.38,38.46,46.15,41.32,52.89,35.29,54.9
2026-09-06,22,7,2026-09-06 14:44:00,5,三都市対抗戦 福岡観光コンベンションビューロー杯,6,4932,新開 航,1,30,52,0,0,0.15,7.51,52.38,70.48,7.43,63.08,73.85,39.34,54.92,39.39,54.55
2026-09-06,22,8,2026-09-06 15:14:00,5,三都市対抗戦 福岡観光コンベンションビューロー杯,1,4155,長野 壮志郎,2,45,54.1,0,0,0.16,6.15,46.46,63.64,6.87,53.19,72.34,35,50,40.82,50
2026-09-06,22,8,2026-09-06 15:14:00,5,三都市対抗戦 福岡観光コンベンションビューロー杯,2,4792,杉村 賢也,3,36,52,0,0,0.15,4.06,20,31.43,3.38,25,25,26.79,46.43,35.92,53.4
2026-09-06,22,8,2026-09-06 15:14:00,5,三都市対抗戦 福岡観光コンベンションビューロー杯,3,4368,山口 隆史,3,40,52.8,0,0,0.2,4.38,24.59,34.43,4.75,21.88,43.75,36.28,50.44,32.99,45.36
2026-09-06,22,8,2026-09-06 15:14:00,5,三都市対抗戦 福岡観光コンベンションビューロー杯,4,3888,山本 英志,2,51,51.5,1,0,0.14,6.09,43.97,59.48,4.54,25,41.67,27.89,46.94,34.78,56.52
2026-09-06,22,8,2026-09-06 15:14:00,5,三都市対抗戦 福岡観光コンベンションビューロー杯,5,3107,平岡 重典,3,62,52,0,0,0.18,3.71,9.76,21.95,5.65,35.29,58.82,36.97,54.62,33.33,51.52
2026-09-06,22,8,2026-09-06 15:14:00,5,三都市対抗戦 福岡観光コンベンションビューロー杯,6,4632,長尾 京志郎,3,37,53.9,0,0,0.2,4.84,27.63,50,5.14,26.32,50.88,40.48,55.56,30.95,41.67
2026-09-06,22,9,2026-09-06 15:50:00,5,三都市対抗戦 福岡観光コンベンションビューロー杯,1,5004,河野 主樹,2,30,51.5,1,0,0.15,5.74,37.84,58.56,4.66,26.32,44.74,45.54,67.33,16.35,40.38
2026-09-06,22,9,2026-09-06 15:50:00,5,三都市対抗戦 福岡観光コンベンションビューロー杯,2,4944,田代 達也,3,35,52,0,0,0.17,4.25,18.99,36.71,4.16,26.32,42.11,37.59,56.39,41.58,59.41
2026-09-06,22,9,2026-09-06 15:50:00,5,三都市対抗戦 福岡観光コンベンションビューロー杯,3,4393,田中 孝明,3,40,56.9,0,0,0.2,4.16,19.18,30.14,4.48,24.14,44.83,21.9,41.9,23.53,36.47
2026-09-06,22,9,2026-09-06 15:50:00,5,三都市対抗戦 福岡観光コンベンションビューロー杯,4,5081,篠原 飛翔,2,27,52.4,0,0,0.17,5.35,37.84,51.35,6.09,46.88,59.38,24.81,46.51,36.46,46.88
2026-09-06,22,9,2026-09-06 15:50:00,5,三都市対抗戦 福岡観光コンベンションビューロー杯,5,3467,森 弘行,3,57,52,0,0,0.2,4.45,22.37,44.74,4.25,14.29,42.86,38.6,54.39,25,36.46
2026-09-06,22,9,2026-09-06 15:50:00,5,三都市対抗戦 福岡観光コンベンションビューロー杯,6,4114,深澤 達徳,3,45,52.2,0,0,0.19,4.89,25.93,48.15,6.16,32.26,64.52,30.77,49.04,30.93,47.42
2026-09-06,22,10,2026-09-06 16:17:00,5,三都市対抗戦 福岡観光コンベンションビューロー杯,1,4077,品田 直樹,2,47,52,0,0,0.17,5.32,30.93,50.52,5.08,27.5,55,31,51,28.28,54.55
2026-09-06,22,10,2026-09-06 16:17:00,5,三都市対抗戦 福岡観光コンベンションビューロー杯,2,4100,松田 隆司,3,47,52.4,0,0,0.16,4.71,28.26,47.83,5.36,36.11,58.33,38.17,51.15,29.13,45.63
2026-09-06,22,10,2026-09-06 16:17:00,5,三都市対抗戦 福岡観光コンベンションビューロー杯,3,3966,作間 章,1,47,53.2,0,0,0.17,6.32,43.24,64.86,8.03,74.19,87.1,37.31,51.49,35.92,50.49
2026-09-06,22,10,2026-09-06 16:17:00,5,三都市対抗戦 福岡観光コンベンションビューロー杯,4,4737,竹井 貴史,1,35,52.7,1,0,0.16,6.77,54.64,71.13,6.53,54.72,58.49,31.75,43.65,26.8,47.42
2026-09-06,22,10,2026-09-06 16:17:00,5,三都市対抗戦 福岡観光コンベンションビューロー杯,5,4958,溝口 海義也,1,31,54.1,0,0,0.13,6.25,42.62,66.39,5.82,39.29,62.5,30.25,44.54,30.84,53.27
2026-09-06,22,10,2026-09-06 16:17:00,5,三都市対抗戦 福岡観光コンベンションビューロー杯,6,3703,鳥飼 眞,2,52,49.5,0,0,0.18,5.96,44.09,62.37,6.19,47.19,62.92,39.17,55.83,33.33,52.22
2026-09-06,22,11,2026-09-06 16:56:00,5,三都市対抗戦 福岡観光コンベンションビューロー杯,1,3915,繁野谷 圭介,2,52,51.5,0,0,0.19,6.23,44.12,64.71,5.63,37.04,51.85,35.2,52.8,38,52
2026-09-06,22,11,2026-09-06 16:56:00,5,三都市対抗戦 福岡観光コンベンションビューロー杯,2,4095,福来 剛,1,45,52,2,0,0.13,7.07,59.18,71.43,7.33,55.56,72.22,40.45,64.04,31.68,47.52
2026-09-06,22,11,2026-09-06 16:56:00,5,三都市対抗戦 福岡観光コンベンションビューロー杯,3,4377,濱本 優一,1,42,50,0,0,0.15,5.28,34.31,53.92,6.1,47.62,64.29,33.07,48.82,27.55,44.9
2026-09-06,22,11,2026-09-06 16:56:00,5,三都市対抗戦 福岡観光コンベンションビューロー杯,4,4815,伏島 祐介,3,36,52,0,0,0.2,3.49,12.82,23.08,4.47,28.95,42.11,33.01,51.46,40.45,50.56
2026-09-06,22,11,2026-09-06 16:56:00,5,三都市対抗戦 福岡観光コンベンションビューロー杯,5,4535,北山 康介,2,36,53.8,1,0,0.16,7.11,55.06,77.53,6.43,45.45,65.91,26.83,44.72,37.86,56.31
2026-09-06,22,11,2026-09-06 16:56:00,5,三都市対抗戦 福岡観光コンベンションビューロー杯,6,4301,関 裕也,3,43,53.4,0,0,0.2,4.38,21.54,40,4.33,20,46.67,33,51,30,51
2026-09-06,22,12,2026-09-06 17:25:00,5,三都市対抗戦 福岡観光コンベンションビューロー杯,1,4932,新開 航,1,30,52,0,0,0.15,7.51,52.38,70.48,7.43,63.08,73.85,39.34,54.92,39.39,54.55
2026-09-06,22,12,2026-09-06 17:25:00,5,三都市対抗戦 福岡観光コンベンションビューロー杯,2,4904,松本 一毅,3,32,52,0,0,0.17,5.34,35.9,51.28,7.22,66.67,66.67,36.52,57.39,33.01,51.46
2026-09-06,22,12,2026-09-06 17:25:00,5,三都市対抗戦 福岡観光コンベンションビューロー杯,3,5289,佃 來紀,2,25,52,0,0,0.16,5.73,41.18,58.82,5.95,40,60,42.96,54.81,42.27,60.82
2026-09-06,22,12,2026-09-06 17:25:00,5,三都市対抗戦 福岡観光コンベンションビューロー杯,4,4148,枝尾 賢,2,44,52,0,0,0.14,6.14,40,61.9,7.15,60,80,28.06,46.04,35.05,47.42
2026-09-06,22,12,2026-09-06 17:25:00,5,三都市対抗戦 福岡観光コンベンションビューロー杯,5,4155,長野 壮志郎,2,45,54.1,0,0,0.16,6.15,46.46,63.64,6.87,53.19,72.34,35,50,40.82,50
2026-09-06,22,12,2026-09-06 17:25:00,5,三都市対抗戦 福岡観光コンベンションビューロー杯,6,4759,今泉 友吾,1,36,52.1,0,0,0.16,6.98,48.36,73.77,7.09,36.36,81.82,33.33,47.22,49.5,67.33
