race_date,stadium_number,race_number,race_closed_at,race_grade_number,race_title,boat_number,racer_number,racer_name,racer_class_number,racer_age,racer_weight,racer_flying_count,racer_late_count,racer_average_start_timing,racer_national_top_1_percent,racer_national_top_2_percent,racer_national_top_3_percent,racer_local_top_1_percent,racer_local_top_2_percent,racer_local_top_3_percent,racer_assigned_motor_top_2_percent,racer_assigned_motor_top_3_percent,racer_assigned_boat_top_2_percent,racer_assigned_boat_top_3_percent
2026-02-24,1,1,2026-02-24 15:23:00,5,にっぽん未来プロジェクト競走in桐生,1,3477,近藤 稔也,3,55,53.3,0,0,0.19,3.93,11.49,29.89,4.2,20,40,44.44,57.78,24.44,40
2026-02-24,1,1,2026-02-24 15:23:00,5,にっぽん未来プロジェクト競走in桐生,2,3747,國崎 良春,3,50,52.1,0,0,0.17,5.45,37.23,58.51,4.92,29.17,58.33,30,52.5,25.93,37.04
2026-02-24,1,1,2026-02-24 15:23:00,5,にっぽん未来プロジェクト競走in桐生,3,4404,岸蔭 亮,3,40,52.7,0,0,0.18,3.89,21,33,4.8,37.14,45.71,47.62,52.38,24.49,44.9
2026-02-24,1,1,2026-02-24 15:23:00,5,にっぽん未来プロジェクト競走in桐生,4,4608,荒井 翔伍,2,36,53.6,0,0,0.16,6.09,38.96,62.34,6.39,45.16,67.74,30.95,40.48,16.95,37.29
2026-02-24,1,1,2026-02-24 15:23:00,5,にっぽん未来プロジェクト競走in桐生,5,4113,木村 浩士,3,45,55.5,0,0,0.19,5.2,33.33,50,5.26,26.47,52.94,56.41,64.1,34.48,50
2026-02-24,1,1,2026-02-24 15:23:00,5,にっぽん未来プロジェクト競走in桐生,6,5394,福西 広太郎,3,24,52,0,0,0.2,2.73,7.59,20.25,1.67,5.56,5.56,37.84,59.46,42.37,62.71
2026-02-24,1,2,2026-02-24 15:53:00,5,にっぽん未来プロジェクト競走in桐生,1,3893,汐崎 正則,3,49,53.2,0,0,0.16,4.26,23.4,37.23,5.22,22.22,55.56,35.9,48.72,33.33,45.61
2026-02-24,1,2,2026-02-24 15:53:00,5,にっぽん未来プロジェクト競走in桐生,2,4271,川崎 公靖,3,43,52,0,0,0.16,4.8,29.27,47.56,5,28.57,50,29.55,47.73,28.81,42.37
2026-02-24,1,2,2026-02-24 15:53:00,5,にっぽん未来プロジェクト競走in桐生,3,5331,佐藤 永梧,3,22,54.6,0,0,0.15,3.85,20.24,30.95,2.29,5.88,11.76,41.67,63.89,41.07,58.93
2026-02-24,1,2,2026-02-24 15:53:00,5,にっぽん未来プロジェクト競走in桐生,4,5258,仲本 舜,3,20,52.5,0,0,0.17,4.6,22.09,37.21,2,0,0,33.33,60,40.35,57.89
2026-02-24,1,2,2026-02-24 15:53:00,5,にっぽん未来プロジェクト競走in桐生,5,5354,渡邊 雄斗,4,21,52.4,0,0,0.22,2.38,6.33,8.86,2,0,0,26.67,31.11,34.48,55.17
2026-02-24,1,2,2026-02-24 15:53:00,5,にっぽん未来プロジェクト競走in桐生,6,4199,北川 潤二,2,43,57.6,0,0,0.14,6.66,47.65,69.8,5.45,36.36,63.64,39.39,57.58,34.55,61.82
2026-02-24,1,3,2026-02-24 16:22:00,5,にっぽん未来プロジェクト競走in桐生,1,4664,東口 晃,3,42,53.3,0,0,0.17,4.31,26.92,38.46,3.82,11.76,41.18,23.08,43.59,35.85,49.06
2026-02-24,1,3,2026-02-24 16:22:00,5,にっぽん未来プロジェクト競走in桐生,2,4638,小林 遼太,3,35,54.1,0,0,0.19,4.84,24.42,44.19,3.29,17.65,17.65,35.29,38.24,29.82,38.6
2026-02-24,1,3,2026-02-24 16:22:00,5,にっぽん未来プロジェクト競走in桐生,3,4949,横田 貴満,1,33,50,0,0,0.15,6.4,44.2,66.67,6,40,70,36.11,50,27.87,44.26
2026-02-24,1,3,2026-02-24 16:22:00,5,にっぽん未来プロジェクト競走in桐生,4,4489,岩川 仁士,3,39,53.9,0,0,0.15,5.73,36.36,56.82,0,0,0,45.71,74.29,19.3,38.6
2026-02-24,1,3,2026-02-24 16:22:00,5,にっぽん未来プロジェクト競走in桐生,5,4233,亀山 雅幸,2,42,52,0,0,0.18,5.69,36.21,64.66,5.69,35.78,60.55,35.85,54.72,24.14,44.83
2026-02-24,1,3,2026-02-24 16:22:00,5,にっぽん未来プロジェクト競走in桐生,6,5422,真田 聖也,4,24,53.1,0,0,,1.63,0,0,0,0,0,47.22,61.11,54.1,70.49
2026-02-24,1,4,2026-02-24 16:53:00,5,にっぽん未来プロジェクト競走in桐生,1,3838,伊藤 啓三,3,50,52.5,0,0,0.14,4.84,32,46.67,5.4,25,55,40,53.33,42.31,55.77
2026-02-24,1,4,2026-02-24 16:53:00,5,にっぽん未来プロジェクト競走in桐生,2,3712,淺香 文武,3,51,54.4,0,0,0.15,4.49,28,38.67,4.68,26.47,41.18,25,47.5,35.09,54.39
2026-02-24,1,4,2026-02-24 16:53:00,5,にっぽん未来プロジェクト競走in桐生,3,4514,上條 嘉嗣,1,36,52.2,1,0,0.18,6.64,51.59,66.67,7.13,60,80,40.43,63.83,42.62,60.66
2026-02-24,1,4,2026-02-24 16:53:00,5,にっぽん未来プロジェクト競走in桐生,4,3713,伊藤 誠二,2,51,52.6,0,0,0.14,5.77,36.46,56.25,5.89,33.33,66.67,34.15,56.1,34.55,52.73
2026-02-24,1,4,2026-02-24 16:53:00,5,にっぽん未来プロジェクト競走in桐生,5,3814,金子 貴志,3,49,51.5,0,0,0.17,4.53,25.3,36.14,4.25,16.67,25,34,46,38.6,57.89
2026-02-24,1,4,2026-02-24 16:53:00,5,にっぽん未来プロジェクト競走in桐生,6,5433,米本 圭佑,4,21,51.5,0,0,,1.95,2.33,4.65,2.5,0,12.5,49.06,64.15,34,54
2026-02-24,1,5,2026-02-24 17:22:00,5,にっぽん未来プロジェクト競走in桐生,1,4257,古川 健,3,42,52.5,0,0,0.16,4.6,28,37.33,0,0,0,46.34,68.29,33.33,53.7
2026-02-24,1,5,2026-02-24 17:22:00,5,にっぽん未来プロジェクト競走in桐生,2,3843,上之 晃弘,3,49,54.8,0,0,0.16,4.53,23.91,44.57,4.56,22.22,44.44,42.42,57.58,23.73,49.15
2026-02-24,1,5,2026-02-24 17:22:00,5,にっぽん未来プロジェクト競走in桐生,3,5007,近藤 雄一郎,3,29,53,0,0,0.16,5.27,31.78,52.34,4.75,31.25,37.5,44,56,27.87,37.7
2026-02-24,1,5,2026-02-24 17:22:00,5,にっぽん未来プロジェクト競走in桐生,4,3984,坂口 周,2,48,52.3,0,0,0.17,6.52,45.16,63.71,5.9,37.93,58.62,36.17,48.94,48.28,67.24
2026-02-24,1,5,2026-02-24 17:22:00,5,にっぽん未来プロジェクト競走in桐生,5,5394,福西 広太郎,3,24,52,0,0,0.2,2.73,7.59,20.25,1.67,5.56,5.56,37.84,59.46,42.37,62.71
2026-02-24,1,5,2026-02-24 17:22:00,5,にっぽん未来プロジェクト競走in桐生,6,3960,菊地 孝平,1,47,54.6,0,0,0.11,6.75,50.44,61.95,8.25,75,90,36.36,68.18,23.73,37.29
2026-02-24,1,6,2026-02-24 17:51:00,5,にっぽん未来プロジェクト競走in桐生,1,3719,辻 栄蔵,1,50,52,0,0,0.15,6.66,41.05,64.21,6.17,22.22,50,46.51,62.79,31.03,55.17
2026-02-24,1,6,2026-02-24 17:51:00,5,にっぽん未来プロジェクト競走in桐生,2,4113,木村 浩士,3,45,55.4,0,0,0.19,5.2,33.33,50,5.26,26.47,52.94,56.41,64.1,34.48,50
2026-02-24,1,6,2026-02-24 17:51:00,5,にっぽん未来プロジェクト競走in桐生,3,5258,仲本 舜,3,20,52.5,0,0,0.17,4.6,22.09,37.21,2,0,0,33.33,60,40.35,57.89
2026-02-24,1,6,2026-02-24 17:51:00,5,にっぽん未来プロジェクト競走in桐生,4,4182,吉田 和仁,3,42,56.7,0,0,0.18,5.19,32.65,52.04,0,0,0,54.35,63.04,36.21,46.55
2026-02-24,1,6,2026-02-24 17:51:00,5,にっぽん未来プロジェクト競走in桐生,5,3286,坂東 満,3,57,52.1,0,0,0.15,4.35,25.81,43.55,5.18,35.29,47.06,38.46,53.85,15.56,24.44
2026-02-24,1,6,2026-02-24 17:51:00,5,にっぽん未来プロジェクト競走in桐生,6,5364,金子 怜央,4,26,52.6,0,0,0.18,1.82,3.57,5.36,1.83,4.17,4.17,35.14,45.95,53.45,68.97
2026-02-24,1,7,2026-02-24 18:18:00,5,にっぽん未来プロジェクト競走in桐生,1,4424,松尾 昂明,2,40,52,0,0,0.16,5.97,40.6,60.9,7.57,71.43,71.43,55,65,25.42,45.76
2026-02-24,1,7,2026-02-24 18:18:00,5,にっぽん未来プロジェクト競走in桐生,2,4664,東口 晃,3,42,53.3,0,0,0.17,4.31,26.92,38.46,3.82,11.76,41.18,23.08,43.59,35.85,49.06
2026-02-24,1,7,2026-02-24 18:18:00,5,にっぽん未来プロジェクト競走in桐生,3,3590,濱野谷 憲吾,1,52,54.4,0,0,0.14,7.02,50,68.38,0,0,0,27.78,47.22,28.57,41.07
2026-02-24,1,7,2026-02-24 18:18:00,5,にっぽん未来プロジェクト競走in桐生,4,3790,佐口 達也,3,53,52.7,0,0,0.2,3.83,12.5,34.72,4.82,24.32,47.3,50,76.32,48.28,63.79
2026-02-24,1,7,2026-02-24 18:18:00,5,にっぽん未来プロジェクト競走in桐生,5,4404,岸蔭 亮,3,40,52.7,0,0,0.18,3.89,21,33,4.8,37.14,45.71,47.62,52.38,24.49,44.9
2026-02-24,1,7,2026-02-24 18:18:00,5,にっぽん未来プロジェクト競走in桐生,6,5354,渡邊 雄斗,4,21,52.4,0,0,0.22,2.38,6.33,8.86,2,0,0,26.67,31.11,34.48,55.17
2026-02-24,1,8,2026-02-24 18:46:00,5,にっぽん未来プロジェクト競走in桐生,1,3713,伊藤 誠二,2,51,52.6,0,0,0.14,5.77,36.46,56.25,5.89,33.33,66.67,34.15,56.1,34.55,52.73
2026-02-24,1,8,2026-02-24 18:46:00,5,にっぽん未来プロジェクト競走in桐生,2,3477,近藤 稔也,3,55,53.3,0,0,0.19,3.93,11.49,29.89,4.2,20,40,44.44,57.78,24.44,40
2026-02-24,1,8,2026-02-24 18:46:00,5,にっぽん未来プロジェクト競走in桐生,3,4638,小林 遼太,3,35,54.1,0,0,0.19,4.84,24.42,44.19,3.29,17.65,17.65,35.29,38.24,29.82,38.6
2026-02-24,1,8,2026-02-24 18:46:00,5,にっぽん未来プロジェクト競走in桐生,4,3224,栗山 繁洋,3,60,53.6,0,0,0.19,4.04,20.25,39.24,0,0,0,42,60,20.69,44.83
2026-02-24,1,8,2026-02-24 18:46:00,5,にっぽん未来プロジェクト競走in桐生,5,4352,下條 雄太郎,1,39,52,2,0,0.14,6.2,42.24,57.76,5.33,11.11,44.44,24.32,43.24,24.49,36.73
2026-02-24,1,8,2026-02-24 18:46:00,5,にっぽん未来プロジェクト競走in桐生,6,5383,中村 楓,4,21,53.2,0,0,0.17,1.85,1.18,4.71,0,0,0,27.27,43.18,25.42,42.37
2026-02-24,1,9,2026-02-24 19:16:00,5,にっぽん未来プロジェクト競走in桐生,1,4489,岩川 仁士,3,39,53.9,0,0,0.15,5.73,36.36,56.82,0,0,0,45.71,74.29,19.3,38.6
2026-02-24,1,9,2026-02-24 19:16:00,5,にっぽん未来プロジェクト競走in桐生,2,4434,田中 辰彦,1,39,53.6,0,0,0.16,6.27,46.67,64.17,7.44,55.56,88.89,36.59,58.54,26.32,42.11
2026-02-24,1,9,2026-02-24 19:16:00,5,にっぽん未来プロジェクト競走in桐生,3,3843,上之 晃弘,3,49,54.8,0,0,0.16,4.53,23.91,44.57,4.56,22.22,44.44,42.42,57.58,23.73,49.15
2026-02-24,1,9,2026-02-24 19:16:00,5,にっぽん未来プロジェクト競走in桐生,4,3484,芝田 浩治,2,54,53,0,0,0.16,6.04,45.31,62.5,6.2,50,70,30.95,38.1,41.67,65
2026-02-24,1,9,2026-02-24 19:16:00,5,にっぽん未来プロジェクト競走in桐生,5,3712,淺香 文武,3,51,54.4,0,0,0.15,4.49,28,38.67,4.68,26.47,41.18,25,47.5,35.09,54.39
2026-02-24,1,9,2026-02-24 19:16:00,5,にっぽん未来プロジェクト競走in桐生,6,3826,村田 修次,2,52,52.1,1,0,0.15,6.07,37.04,59.26,5.2,26.67,46.67,32.35,64.71,23.64,38.18
2026-02-24,1,10,2026-02-24 19:48:00,5,にっぽん未来プロジェクト競走in桐生,1,4608,荒井 翔伍,2,36,53.6,0,0,0.16,6.09,38.96,62.34,6.39,45.16,67.74,30.95,40.48,16.95,37.29
2026-02-24,1,10,2026-02-24 19:48:00,5,にっぽん未来プロジェクト競走in桐生,2,4949,横田 貴満,1,33,50,0,0,0.15,6.4,44.2,66.67,6,40,70,36.11,50,27.87,44.26
2026-02-24,1,10,2026-02-24 19:48:00,5,にっぽん未来プロジェクト競走in桐生,3,4271,川崎 公靖,3,43,52,0,0,0.16,4.8,29.27,47.56,5,28.57,50,29.55,47.73,19.05,26.98
2026-02-24,1,10,2026-02-24 19:48:00,5,にっぽん未来プロジェクト競走in桐生,4,3814,金子 貴志,3,49,51.5,0,0,0.17,4.53,25.3,36.14,4.25,16.67,25,34,46,38.6,57.89
2026-02-24,1,10,2026-02-24 19:48:00,5,にっぽん未来プロジェクト競走in桐生,5,4506,稗田 聖也,3,37,52.2,0,0,0.14,6.66,54.21,70.09,4.63,29.63,48.15,39.53,48.84,32.73,43.64
2026-02-24,1,10,2026-02-24 19:48:00,5,にっぽん未来プロジェクト競走in桐生,6,3984,坂口 周,2,48,52.3,0,0,0.17,6.52,45.16,63.71,5.9,37.93,58.62,36.17,48.94,48.28,67.24
2026-02-24,1,11,2026-02-24 20:16:00,5,にっぽん未来プロジェクト競走in桐生,1,4514,上條 嘉嗣,1,36,52.2,1,0,0.18,6.64,51.59,66.67,7.13,60,80,40.43,63.83,42.62,60.66
2026-02-24,1,11,2026-02-24 20:16:00,5,にっぽん未来プロジェクト競走in桐生,2,4233,亀山 雅幸,2,42,52,0,0,0.18,5.69,36.21,64.66,5.69,35.78,60.55,35.85,54.72,24.14,44.83
2026-02-24,1,11,2026-02-24 20:16:00,5,にっぽん未来プロジェクト競走in桐生,3,4199,北川 潤二,2,43,57.6,0,0,0.14,6.66,47.65,69.8,5.45,36.36,63.64,39.39,57.58,34.55,61.82
2026-02-24,1,11,2026-02-24 20:16:00,5,にっぽん未来プロジェクト競走in桐生,4,3983,須藤 博倫,2,48,51.5,0,0,0.14,5.74,32.06,49.62,5.28,33.33,44.44,36.96,43.48,49.18,63.93
2026-02-24,1,11,2026-02-24 20:16:00,5,にっぽん未来プロジェクト競走in桐生,5,3747,國崎 良春,3,50,52.1,0,0,0.17,5.45,37.23,58.51,4.92,29.17,58.33,30,52.5,25.93,37.04
2026-02-24,1,11,2026-02-24 20:16:00,5,にっぽん未来プロジェクト競走in桐生,6,5007,近藤 雄一郎,3,29,53,0,0,0.16,5.27,31.78,52.34,4.75,31.25,37.5,44,56,27.87,37.7
2026-02-24,1,12,2026-02-24 20:45:00,5,にっぽん未来プロジェクト競走in桐生,1,3590,濱野谷 憲吾,1,52,54.4,0,0,0.14,7.02,50,68.38,0,0,0,27.78,47.22,28.57,41.07
2026-02-24,1,12,2026-02-24 20:45:00,5,にっぽん未来プロジェクト競走in桐生,2,3960,菊地 孝平,1,47,54.6,0,0,0.11,6.75,50.44,61.95,8.25,75,90,36.36,68.18,23.73,37.29
2026-02-24,1,12,2026-02-24 20:45:00,5,にっぽん未来プロジェクト競走in桐生,3,3719,辻 栄蔵,1,50,52,0,0,0.15,6.66,41.05,64.21,6.17,22.22,50,46.51,62.79,31.03,55.17
2026-02-24,1,12,2026-02-24 20:45:00,5,にっぽん未来プロジェクト競走in桐生,4,4218,吉川 喜継,1,44,52,0,0,0.15,7.03,59.03,75.69,5.81,45.24,59.52,28.57,52.38,48.21,64.29
2026-02-24,1,12,2026-02-24 20:45:00,5,にっぽん未来プロジェクト競走in桐生,5,4002,古結 宏,1,48,52,0,0,0.15,6.39,45.76,66.1,6.07,31.03,55.17,39.47,60.53,31.03,50
2026-02-24,1,12,2026-02-24 20:45:00,5,にっぽん未来プロジェクト競走in桐生,6,4352,下條 雄太郎,1,39,52,2,0,0.14,6.2,42.24,57.76,5.33,11.11,44.44,24.32,43.24,24.49,36.73
2026-02-24,3,1,2026-02-24 10:54:00,2,江戸川大賞 開設70周年記念,1,3940,飯山 泰,1,47,52,0,0,0.15,6.53,48.48,66.67,6.23,39.74,57.69,34.3,47.67,28.95,51.32
2026-02-24,3,1,2026-02-24 10:54:00,2,江戸川大賞 開設70周年記念,2,4824,松井 洪弥,1,32,52,0,0,0.12,6.8,53.97,66.67,6.57,48.65,67.57,37.14,53.71,29.41,46.47
2026-02-24,3,1,2026-02-24 10:54:00,2,江戸川大賞 開設70周年記念,3,4586,磯部 誠,1,35,53.9,0,0,0.12,6.93,47.37,60.53,6.3,33.33,44.44,26.16,41.86,30.41,50.88
2026-02-24,3,1,2026-02-24 10:54:00,2,江戸川大賞 開設70周年記念,4,4907,小池 修平,1,30,52,0,0,0.13,7.15,53.92,71.57,8.4,66.67,80,35.33,51.63,32.57,45.14
2026-02-24,3,1,2026-02-24 10:54:00,2,江戸川大賞 開設70周年記念,5,4543,重木 輝彦,1,38,52,0,0,0.17,6.4,45.95,66.67,6.33,36.11,61.11,29.28,44.75,30.63,50
2026-02-24,3,1,2026-02-24 10:54:00,2,江戸川大賞 開設70周年記念,6,4598,加藤 政彦,1,41,52.1,1,0,0.14,5.42,37.27,50,6.42,48.95,67.13,27.42,39.78,30.94,44.75
2026-02-24,3,2,2026-02-24 11:21:00,2,江戸川大賞 開設70周年記念,1,4826,井上 一輝,1,31,52,0,0,0.13,6.99,53.9,67.38,7.77,60.66,70.49,38.07,59.66,36.54,51.92
2026-02-24,3,2,2026-02-24 11:21:00,2,江戸川大賞 開設70周年記念,2,4472,尾嶋 一広,1,38,54.3,0,0,0.16,6.42,46.26,66.67,6.25,37.5,62.5,31.55,51.19,40.66,53.85
2026-02-24,3,2,2026-02-24 11:21:00,2,江戸川大賞 開設70周年記念,3,4397,西村 拓也,1,39,52,0,0,0.14,6.49,41.13,57.26,6.44,48.72,61.54,41.92,53.89,42.22,56.67
2026-02-24,3,2,2026-02-24 11:21:00,2,江戸川大賞 開設70周年記念,4,5042,畑田 汰一,1,27,52.1,1,0,0.12,6.25,38.4,60.8,6.12,39.39,63.64,32.16,50.88,38.59,58.15
2026-02-24,3,2,2026-02-24 11:21:00,2,江戸川大賞 開設70周年記念,5,4483,北野 輝季,1,36,53.3,0,0,0.14,6.73,46.23,64.15,6.41,47.06,58.82,32.42,46.15,37.02,54.7
2026-02-24,3,2,2026-02-24 11:21:00,2,江戸川大賞 開設70周年記念,6,3716,石渡 鉄兵,1,51,52.8,1,0,0.13,6.48,38.98,52.54,7.97,64.95,82.47,41.48,57.39,41.57,55.06
2026-02-24,3,3,2026-02-24 11:48:00,2,江戸川大賞 開設70周年記念,1,4266,長田 頼宗,1,40,52.4,0,0,0.14,6.84,44.34,62.26,7.37,58.54,65.85,31.82,45.45,31.41,47.64
2026-02-24,3,3,2026-02-24 11:48:00,2,江戸川大賞 開設70周年記念,2,4832,権藤 俊光,1,39,52,0,0,0.15,7.19,52.73,74.55,6.44,38.89,58.33,26.74,41.71,37.62,58.42
2026-02-24,3,3,2026-02-24 11:48:00,2,江戸川大賞 開設70周年記念,3,4370,山口 達也,1,39,54.6,1,0,0.14,7.31,55.97,73.88,7.44,56.98,74.42,33.71,48,28.81,47.46
2026-02-24,3,3,2026-02-24 11:48:00,2,江戸川大賞 開設70周年記念,4,4500,山田 康二,1,38,53,0,0,0.12,7.36,50.41,67.48,8.21,65.52,79.31,30.99,54.39,30.68,46.02
2026-02-24,3,3,2026-02-24 11:48:00,2,江戸川大賞 開設70周年記念,5,4297,山田 哲也,1,43,52,0,0,0.12,6.33,45.45,60.33,6.41,48.65,59.46,32.76,48.85,42,57.5
2026-02-24,3,3,2026-02-24 11:48:00,2,江戸川大賞 開設70周年記念,6,4828,松山 将吾,1,31,52,0,0,0.13,5.74,37.21,58.14,5.6,30,60,44.63,57.06,32.07,50
2026-02-24,3,4,2026-02-24 12:21:00,2,江戸川大賞 開設70周年記念,1,4604,岩瀬 裕亮,1,37,52.5,0,0,0.15,7.01,45.53,65.85,7.12,38.46,80.77,39.01,58.79,39.76,56.02
2026-02-24,3,4,2026-02-24 12:21:00,2,江戸川大賞 開設70周年記念,2,4028,田村 隆信,1,47,56.3,0,0,0.15,6.25,41.53,54.24,6.04,37.5,54.17,35.2,50.28,40.68,57.63
2026-02-24,3,4,2026-02-24 12:21:00,2,江戸川大賞 開設70周年記念,3,4379,桑島 和宏,1,41,55.1,0,0,0.16,5.86,40,57.6,6.35,46.81,62.77,34.81,51.93,37.1,57.53
2026-02-24,3,4,2026-02-24 12:21:00,2,江戸川大賞 開設70周年記念,4,4391,松田 祐季,1,39,52,0,0,0.17,6.4,48.11,58.49,7.43,60,70,25.16,38.36,29.41,39.87
2026-02-24,3,4,2026-02-24 12:21:00,2,江戸川大賞 開設70周年記念,5,4624,高田 明,1,40,51,1,0,0.17,6.8,56,71.2,7.91,71.43,85.71,38.07,52.84,33.33,50.56
2026-02-24,3,4,2026-02-24 12:21:00,2,江戸川大賞 開設70周年記念,6,4013,中島 孝平,1,46,52,0,0,0.13,7.19,49.61,68.22,7.09,54.55,68.18,32.95,50,33.33,51.41
2026-02-24,3,5,2026-02-24 12:48:00,2,江戸川大賞 開設70周年記念,1,4748,渡邉 雄朗,1,39,52,1,0,0.13,6.73,54.01,67.15,6.9,50,71.23,34.07,50.55,36.26,52.63
2026-02-24,3,5,2026-02-24 12:48:00,2,江戸川大賞 開設70周年記念,2,4296,岡崎 恭裕,1,39,52,0,0,0.13,6.77,49.55,66.67,7.29,50,66.67,38.64,54.55,28.67,42.67
2026-02-24,3,5,2026-02-24 12:48:00,2,江戸川大賞 開設70周年記念,3,4543,重木 輝彦,1,38,52,0,0,0.17,6.4,45.95,66.67,6.33,36.11,61.11,29.28,44.75,30.63,50
2026-02-24,3,5,2026-02-24 12:48:00,2,江戸川大賞 開設70周年記念,4,4095,福来 剛,1,44,52,0,0,0.13,7.02,54.24,72.03,6.97,53.33,65.33,31.79,46.82,34.27,50.56
2026-02-24,3,5,2026-02-24 12:48:00,2,江戸川大賞 開設70周年記念,5,4614,石倉 洋行,1,45,54.3,1,0,0.14,6.62,48.12,68.42,5.39,27.78,50,41.01,61.24,39.31,55.49
2026-02-24,3,5,2026-02-24 12:48:00,2,江戸川大賞 開設70周年記念,6,4024,井口 佳典,1,48,53,1,0,0.14,6.85,39.34,62.3,5.29,14.29,42.86,34.91,57.4,32.02,43.82
2026-02-24,3,6,2026-02-24 13:16:00,2,江戸川大賞 開設70周年記念,1,4468,大池 佑来,1,39,52,0,0,0.13,6.38,40.83,57.5,6.73,48.44,60.94,29.88,43.9,32.02,44.38
2026-02-24,3,6,2026-02-24 13:16:00,2,江戸川大賞 開設70周年記念,2,5017,澤田 尚也,1,27,52,0,0,0.13,6.51,47.12,57.69,7.33,44.44,66.67,38.46,51.65,32.8,50.26
2026-02-24,3,6,2026-02-24 13:16:00,2,江戸川大賞 開設70周年記念,3,4483,北野 輝季,1,36,53.3,0,0,0.14,6.73,46.23,64.15,6.41,47.06,58.82,32.42,46.15,37.02,54.7
2026-02-24,3,6,2026-02-24 13:16:00,2,江戸川大賞 開設70周年記念,4,4586,磯部 誠,1,35,53.9,0,0,0.12,6.93,47.37,60.53,6.3,33.33,44.44,26.16,41.86,30.41,50.88
2026-02-24,3,6,2026-02-24 13:16:00,2,江戸川大賞 開設70周年記念,5,4688,永井 彪也,1,33,52.4,0,0,0.13,6.04,34,54,6.74,47.37,64.47,37.91,56.04,32.72,50
2026-02-24,3,6,2026-02-24 13:16:00,2,江戸川大賞 開設70周年記念,6,4776,竹田 和哉,1,32,53.4,0,0,0.15,6.9,53.28,69.67,6.25,50,56.25,29.14,53.14,40.38,53.21
2026-02-24,3,7,2026-02-24 13:45:00,2,江戸川大賞 開設70周年記念,1,4311,岡村 仁,1,41,54.7,0,0,0.14,6.53,48.37,67.97,6.61,52.17,67.39,29.65,51.16,41.44,54.7
2026-02-24,3,7,2026-02-24 13:45:00,2,江戸川大賞 開設70周年記念,2,3978,齊藤 仁,1,48,51.5,1,0,0.13,6.47,44.79,57.29,6.59,44.44,66.67,43.43,58.86,29.49,48.72
2026-02-24,3,7,2026-02-24 13:45:00,2,江戸川大賞 開設70周年記念,3,4459,片岡 雅裕,1,40,52.8,0,0,0.12,6.39,39.85,54.14,7.93,63.33,70,40,57.71,32.63,53.16
2026-02-24,3,7,2026-02-24 13:45:00,2,江戸川大賞 開設70周年記念,4,4370,山口 達也,1,39,54.6,1,0,0.14,7.31,55.97,73.88,7.44,56.98,74.42,33.71,48,28.81,47.46
2026-02-24,3,7,2026-02-24 13:45:00,2,江戸川大賞 開設70周年記念,5,3940,飯山 泰,1,47,52,0,0,0.15,6.53,48.48,66.67,6.23,39.74,57.69,34.3,47.67,28.95,51.32
2026-02-24,3,7,2026-02-24 13:45:00,2,江戸川大賞 開設70周年記念,6,4472,尾嶋 一広,1,38,54.3,0,0,0.16,6.42,46.26,66.67,6.25,37.5,62.5,31.55,51.19,40.66,53.85
2026-02-24,3,8,2026-02-24 14:15:00,2,江戸川大賞 開設70周年記念,1,4084,杉山 正樹,1,46,53.3,0,0,0.16,6.59,45.45,61.36,7.14,45.61,64.91,34.48,49.43,34.1,48.55
2026-02-24,3,8,2026-02-24 14:15:00,2,江戸川大賞 開設70周年記念,2,4624,高田 明,1,40,51,1,0,0.17,6.8,56,71.2,7.91,71.43,85.71,38.07,52.84,33.33,50.56
2026-02-24,3,8,2026-02-24 14:15:00,2,江戸川大賞 開設70周年記念,3,3959,坪井 康晴,1,48,52.9,0,0,0.14,7.37,52.94,70.59,8.17,58.33,75,54.38,71.88,35.64,50.53
2026-02-24,3,8,2026-02-24 14:15:00,2,江戸川大賞 開設70周年記念,4,4824,松井 洪弥,1,32,52,0,0,0.12,6.8,53.97,66.67,6.57,48.65,67.57,37.14,53.71,29.41,46.47
2026-02-24,3,8,2026-02-24 14:15:00,2,江戸川大賞 開設70周年記念,5,5042,畑田 汰一,1,27,52.1,1,0,0.12,6.25,38.4,60.8,6.12,39.39,63.64,32.16,50.88,38.59,58.15
2026-02-24,3,8,2026-02-24 14:15:00,2,江戸川大賞 開設70周年記念,6,3874,山本 寛久,1,49,52,1,0,0.15,6.17,47.56,64.63,6.81,44.44,66.67,32.04,49.72,36.78,54.02
2026-02-24,3,9,2026-02-24 14:47:00,2,江戸川大賞 開設70周年記念,1,4645,上村 純一,1,45,52,0,0,0.13,6.62,50.49,62.14,7.12,56,72,28.4,43.2,30.36,45.24
2026-02-24,3,9,2026-02-24 14:47:00,2,江戸川大賞 開設70周年記念,2,4614,石倉 洋行,1,45,54.3,1,0,0.14,6.62,48.12,68.42,5.39,27.78,50,41.01,61.24,39.31,55.49
2026-02-24,3,9,2026-02-24 14:47:00,2,江戸川大賞 開設70周年記念,3,4391,松田 祐季,1,39,52,0,0,0.17,6.4,48.11,58.49,7.43,60,70,25.16,38.36,29.41,39.87
2026-02-24,3,9,2026-02-24 14:47:00,2,江戸川大賞 開設70周年記念,4,4297,山田 哲也,1,43,52,0,0,0.12,6.33,45.45,60.33,6.41,48.65,59.46,32.76,48.85,42,57.5
2026-02-24,3,9,2026-02-24 14:47:00,2,江戸川大賞 開設70周年記念,5,4598,加藤 政彦,1,41,52.1,1,0,0.14,5.42,37.27,50,6.42,48.95,67.13,27.42,39.78,30.94,44.75
2026-02-24,3,9,2026-02-24 14:47:00,2,江戸川大賞 開設70周年記念,6,4418,茅原 悠紀,1,38,53.1,1,0,0.12,8.18,53.61,80.41,7.63,50,75,43.43,58.29,30.95,47.62
2026-02-24,3,10,2026-02-24 15:19:00,2,江戸川大賞 開設70周年記念,1,4095,福来 剛,1,44,52,0,0,0.13,7.02,54.24,72.03,6.97,53.33,65.33,31.79,46.82,34.27,50.56
2026-02-24,3,10,2026-02-24 15:19:00,2,江戸川大賞 開設70周年記念,2,4468,大池 佑来,1,39,52,0,0,0.13,6.38,40.83,57.5,6.73,48.44,60.94,29.88,43.9,32.02,44.38
2026-02-24,3,10,2026-02-24 15:19:00,2,江戸川大賞 開設70周年記念,3,4028,田村 隆信,1,47,56.3,0,0,0.15,6.25,41.53,54.24,6.04,37.5,54.17,35.2,50.28,40.68,57.63
2026-02-24,3,10,2026-02-24 15:19:00,2,江戸川大賞 開設70周年記念,4,4832,権藤 俊光,1,39,52,0,0,0.15,7.19,52.73,74.55,6.44,38.89,58.33,26.74,41.71,37.62,58.42
2026-02-24,3,10,2026-02-24 15:19:00,2,江戸川大賞 開設70周年記念,5,4826,井上 一輝,1,31,52,0,0,0.13,6.99,53.9,67.38,7.77,60.66,70.49,38.07,59.66,36.54,51.92
2026-02-24,3,10,2026-02-24 15:19:00,2,江戸川大賞 開設70周年記念,6,4907,小池 修平,1,30,52,0,0,0.13,7.15,53.92,71.57,8.4,66.67,80,35.33,51.63,32.57,45.14
2026-02-24,3,11,2026-02-24 15:52:00,2,江戸川大賞 開設70周年記念,1,4688,永井 彪也,1,33,52.4,0,0,0.13,6.04,34,54,6.74,47.37,64.47,37.91,56.04,32.72,50
2026-02-24,3,11,2026-02-24 15:52:00,2,江戸川大賞 開設70周年記念,2,4311,岡村 仁,1,41,54.7,0,0,0.14,6.53,48.37,67.97,6.61,52.17,67.39,29.65,51.16,41.44,54.7
2026-02-24,3,11,2026-02-24 15:52:00,2,江戸川大賞 開設70周年記念,3,4604,岩瀬 裕亮,1,37,52.5,0,0,0.15,7.01,45.53,65.85,7.12,38.46,80.77,39.01,58.79,39.76,56.02
2026-02-24,3,11,2026-02-24 15:52:00,2,江戸川大賞 開設70周年記念,4,4397,西村 拓也,1,39,52,0,0,0.14,6.49,41.13,57.26,6.44,48.72,61.54,41.92,53.89,42.22,56.67
2026-02-24,3,11,2026-02-24 15:52:00,2,江戸川大賞 開設70周年記念,5,4296,岡崎 恭裕,1,39,52,0,0,0.13,6.77,49.55,66.67,7.29,50,66.67,38.64,54.55,28.67,42.67
2026-02-24,3,11,2026-02-24 15:52:00,2,江戸川大賞 開設70周年記念,6,4266,長田 頼宗,1,40,52.4,0,0,0.14,6.84,44.34,62.26,7.37,58.54,65.85,31.82,45.45,31.41,47.64
2026-02-24,3,12,2026-02-24 16:25:00,2,江戸川大賞 開設70周年記念,1,4044,湯川 浩司,1,46,52,0,0,0.13,6.51,42.19,57.03,9.35,78.26,95.65,28.9,47.4,37.06,50
2026-02-24,3,12,2026-02-24 16:25:00,2,江戸川大賞 開設70周年記念,2,5224,西岡 顕心,1,24,52,0,0,0.15,7.15,51.59,73.02,4.85,23.08,46.15,44.94,67.42,35.91,50.28
2026-02-24,3,12,2026-02-24 16:25:00,2,江戸川大賞 開設70周年記念,3,4337,平本 真之,1,41,54,0,0,0.13,7.16,47.75,66.67,7.06,48.48,69.7,30,50,35.71,54.76
2026-02-24,3,12,2026-02-24 16:25:00,2,江戸川大賞 開設70周年記念,4,4366,前沢 丈史,1,40,55.1,0,0,0.15,6.67,47.79,72.06,6.75,52.05,71.23,47.34,62.13,33.92,52.05
2026-02-24,3,12,2026-02-24 16:25:00,2,江戸川大賞 開設70周年記念,5,4933,板橋 侑我,1,29,52.3,0,0,0.13,6.57,44.12,63.73,5.7,40.74,51.85,32.04,51.38,29.87,49.35
2026-02-24,3,12,2026-02-24 16:25:00,2,江戸川大賞 開設70周年記念,6,4290,稲田 浩二,1,41,52,0,0,0.13,6.6,47.06,60,7.05,38.1,66.67,39.43,62.29,31.68,46.58
2026-02-24,4,1,2026-02-24 10:57:00,5,マンスリーBOATRACE杯,1,5203,神里 琴音,3,21,44.5,0,0,0.15,4.02,20.73,36.59,3,0,9.09,44.29,62.14,35.04,52.55
2026-02-24,4,1,2026-02-24 10:57:00,5,マンスリーBOATRACE杯,2,4505,島田 賢人,2,37,54,1,0,0.16,6.21,45.1,59.8,6.29,42.86,71.43,37.96,51.82,34.81,51.85
2026-02-24,4,1,2026-02-24 10:57:00,5,マンスリーBOATRACE杯,3,4575,戸塚 邦好,1,37,52,1,0,0.13,5.78,37.89,61.05,6.1,43.59,56.41,27.73,40.34,35.82,53.73
2026-02-24,4,1,2026-02-24 10:57:00,5,マンスリーBOATRACE杯,4,5319,近藤 颯斗,3,24,52,0,0,0.13,5,26.32,53.95,1.33,0,0,34.31,54.01,41.88,58.97
2026-02-24,4,1,2026-02-24 10:57:00,5,マンスリーBOATRACE杯,5,5439,志賀 美優,4,20,49.1,0,0,,1.35,0,3.23,0,0,0,27.93,41.44,25.93,45.19
2026-02-24,4,1,2026-02-24 10:57:00,5,マンスリーBOATRACE杯,6,4197,渥美 卓郎,3,43,55.7,0,0,0.18,3.54,9.2,25.29,4.85,15.38,38.46,42.36,63.89,39.39,62.12
2026-02-24,4,2,2026-02-24 11:26:00,5,マンスリーBOATRACE杯,1,4060,島田 一生,3,46,55.3,1,0,0.17,5.35,40.2,54.9,5.74,43.48,60.87,26.73,47.52,32.52,46.34
2026-02-24,4,2,2026-02-24 11:26:00,5,マンスリーBOATRACE杯,2,4398,船岡 洋一郎,1,39,52,0,0,0.14,6.95,51.88,69.17,6.56,50,68.75,36.62,55.63,42.24,54.31
2026-02-24,4,2,2026-02-24 11:26:00,5,マンスリーBOATRACE杯,3,3945,橋口 真樹,3,50,52.4,0,0,0.2,3.69,20.31,29.69,5.7,50,50,32.06,51.15,32.28,43.31
2026-02-24,4,2,2026-02-24 11:26:00,5,マンスリーBOATRACE杯,4,4369,丹下 将,2,40,56.3,0,0,0.16,5.97,44.88,58.27,5.25,33.96,52.83,38.3,56.74,41.67,56.06
2026-02-24,4,2,2026-02-24 11:26:00,5,マンスリーBOATRACE杯,5,3474,松瀬 弘美,3,55,45.5,0,0,0.17,4.57,27.85,43.04,0,0,0,34.59,54.89,29.27,47.15
2026-02-24,4,2,2026-02-24 11:26:00,5,マンスリーBOATRACE杯,6,4181,花本 夏樹,3,42,53.6,1,0,0.19,4.11,16.92,36.92,4.79,28.57,50,38.13,51.08,37.98,55.04
2026-02-24,4,3,2026-02-24 11:55:00,5,マンスリーBOATRACE杯,1,3931,黒崎 竜也,3,49,51,0,0,0.16,5.35,35.21,56.34,0,0,0,26.72,43.97,30.25,46.22
2026-02-24,4,3,2026-02-24 11:55:00,5,マンスリーBOATRACE杯,2,4134,杉山 貴博,2,45,54.6,1,0,0.16,6.32,50.47,65.42,6.14,38.1,57.14,36.67,57.33,37.88,54.55
2026-02-24,4,3,2026-02-24 11:55:00,5,マンスリーBOATRACE杯,3,4527,高野 心吾,3,37,52,0,0,0.17,3.96,19.74,36.84,4.57,28.57,57.14,39.58,57.64,38.24,58.09
2026-02-24,4,3,2026-02-24 11:55:00,5,マンスリーBOATRACE杯,4,4544,松田 大志郎,1,38,52,0,0,0.16,7.8,66.44,79.19,5.77,40,53.33,36.05,54.42,29.84,50.81
2026-02-24,4,3,2026-02-24 11:55:00,5,マンスリーBOATRACE杯,5,4093,吉田 宗弘,3,44,51,0,0,0.19,4.34,20.73,40.24,4.92,35.9,48.72,38.41,50,30.71,45.67
2026-02-24,4,3,2026-02-24 11:55:00,5,マンスリーBOATRACE杯,6,4043,桐本 康臣,2,46,53.1,1,0,0.15,5.76,35.34,60.34,6.84,56,68,39.57,55.4,41.96,62.24
2026-02-24,4,4,2026-02-24 12:24:00,5,マンスリーBOATRACE杯,1,4292,麻生 慎介,1,40,52.2,1,0,0.14,6.31,41.96,66.07,7.14,71.43,71.43,28.33,44.17,29.13,44.09
2026-02-24,4,4,2026-02-24 12:24:00,5,マンスリーBOATRACE杯,2,5185,加藤 優弥,3,26,51.5,0,0,0.15,5.41,31,54,4.5,16.67,33.33,22.61,34.78,35.82,54.48
2026-02-24,4,4,2026-02-24 12:24:00,5,マンスリーBOATRACE杯,3,4057,松井 賢治,2,47,52,0,0,0.16,5.79,43.75,56.25,5.2,40,50,36.17,46.81,29.84,49.19
2026-02-24,4,4,2026-02-24 12:24:00,5,マンスリーBOATRACE杯,4,4403,木下 大將,2,40,52.8,0,0,0.16,6,46.81,57.45,5.56,35.29,61.76,29.51,58.2,28.07,37.72
2026-02-24,4,4,2026-02-24 12:24:00,5,マンスリーBOATRACE杯,5,4504,前田 将太,1,37,56.2,1,0,0.14,6.11,35.19,50.93,7.63,55.56,66.67,46.94,60.54,20.35,37.17
2026-02-24,4,4,2026-02-24 12:24:00,5,マンスリーBOATRACE杯,6,5410,今泉 澪,4,20,49,0,0,0.21,1.6,2.56,5.13,1.5,0,0,28.45,42.24,33.33,51.16
2026-02-24,4,5,2026-02-24 12:54:00,5,マンスリーBOATRACE杯,1,3612,馬袋 義則,1,53,52.4,0,0,0.13,6.15,45.04,64.12,6,40,62.86,46.41,66.01,28.93,45.45
2026-02-24,4,5,2026-02-24 12:54:00,5,マンスリーBOATRACE杯,2,5319,近藤 颯斗,3,24,52,0,0,0.13,5,26.32,53.95,1.33,0,0,34.31,54.01,41.88,58.97
2026-02-24,4,5,2026-02-24 12:54:00,5,マンスリーBOATRACE杯,3,3475,橋本 久和,3,55,52,0,0,0.19,5.27,35.29,54.12,5.18,32.35,47.06,43.57,66.43,32.03,50
2026-02-24,4,5,2026-02-24 12:54:00,5,マンスリーBOATRACE杯,4,4339,平瀬 城啓,3,41,54.9,0,0,0.17,4.16,19.51,36.59,4.33,22.22,44.44,50,65.97,23.01,38.94
2026-02-24,4,5,2026-02-24 12:54:00,5,マンスリーBOATRACE杯,5,5361,植竹 玲奈,4,19,48.9,0,0,0.19,2.46,3.17,14.29,1.6,0,0,39.04,54.79,33.09,48.53
2026-02-24,4,5,2026-02-24 12:54:00,5,マンスリーBOATRACE杯,6,3352,小川 晃司,3,57,50.5,0,0,0.17,4.44,11.69,40.26,4.22,11.11,44.44,38.51,51.35,34.92,53.97
2026-02-24,4,6,2026-02-24 13:24:00,5,マンスリーBOATRACE杯,1,4653,小野 達哉,1,40,52.1,0,0,0.14,6.81,53.08,73.08,6.2,45,65,42.03,58.7,35.56,48.89
2026-02-24,4,6,2026-02-24 13:24:00,5,マンスリーBOATRACE杯,2,3159,江口 晃生,1,61,52.5,0,0,0.16,6.62,50.49,66.02,7.73,66.67,66.67,33.33,50.76,30.65,43.55
2026-02-24,4,6,2026-02-24 13:24:00,5,マンスリーBOATRACE杯,3,3546,中里 昌志,3,56,52,0,0,0.19,4.38,20,42.5,4,16.67,33.33,38.17,52.67,43.85,60
2026-02-24,4,6,2026-02-24 13:24:00,5,マンスリーBOATRACE杯,4,3474,松瀬 弘美,3,55,45.5,0,0,0.17,4.57,27.85,43.04,0,0,0,34.59,54.89,29.27,47.15
2026-02-24,4,6,2026-02-24 13:24:00,5,マンスリーBOATRACE杯,5,4073,大橋 純一郎,2,44,51.5,0,0,0.17,6.32,45.74,68.22,5.55,36.36,60.61,31.85,49.63,35.94,52.34
2026-02-24,4,6,2026-02-24 13:24:00,5,マンスリーBOATRACE杯,6,5439,志賀 美優,4,20,49.1,0,0,,1.35,0,3.23,0,0,0,27.93,41.44,25.93,45.19
2026-02-24,4,7,2026-02-24 13:55:00,5,マンスリーBOATRACE杯,1,4298,宮下 元胤,1,43,52.2,0,0,0.17,6.32,42.11,71.05,5.36,22.73,59.09,35.25,51.08,17.7,38.05
2026-02-24,4,7,2026-02-24 13:55:00,5,マンスリーBOATRACE杯,2,4527,高野 心吾,3,37,52,0,0,0.17,3.96,19.74,36.84,4.57,28.57,57.14,39.58,57.64,38.24,58.09
2026-02-24,4,7,2026-02-24 13:55:00,5,マンスリーBOATRACE杯,3,3772,一柳 和孝,3,51,52,0,0,0.15,5.55,32.53,60.24,5.67,33.33,55.56,36.17,54.61,33.58,53.73
2026-02-24,4,7,2026-02-24 13:55:00,5,マンスリーBOATRACE杯,4,5203,神里 琴音,3,21,44.5,0,0,0.15,4.02,20.73,36.59,3,0,9.09,44.29,62.14,35.04,52.55
2026-02-24,4,7,2026-02-24 13:55:00,5,マンスリーBOATRACE杯,5,4398,船岡 洋一郎,1,39,52,0,0,0.14,6.95,51.88,69.17,6.56,50,68.75,36.62,55.63,42.24,54.31
2026-02-24,4,7,2026-02-24 13:55:00,5,マンスリーBOATRACE杯,6,4420,津久井 拓也,2,38,52.4,0,0,0.16,5.66,38.58,55.12,5.36,36.36,54.55,38.97,58.09,39.71,53.68
2026-02-24,4,8,2026-02-24 14:26:00,5,マンスリーBOATRACE杯,1,4505,島田 賢人,2,37,54,1,0,0.16,6.21,45.1,59.8,6.29,42.86,71.43,37.96,51.82,34.81,51.85
2026-02-24,4,8,2026-02-24 14:26:00,5,マンスリーBOATRACE杯,2,4093,吉田 宗弘,3,44,51,0,0,0.19,4.34,20.73,40.24,4.92,35.9,48.72,38.41,50,30.71,45.67
2026-02-24,4,8,2026-02-24 14:26:00,5,マンスリーBOATRACE杯,3,4200,早川 尚人,3,43,54.6,0,0,0.17,4.2,21.98,31.87,4.63,25,37.5,40.85,57.75,27.2,44.8
2026-02-24,4,8,2026-02-24 14:26:00,5,マンスリーBOATRACE杯,4,4362,土屋 智則,1,41,53.7,0,0,0.13,6.34,33.9,59.32,5.6,26.67,53.33,38.03,58.45,27.84,43.3
2026-02-24,4,8,2026-02-24 14:26:00,5,マンスリーBOATRACE杯,5,5410,今泉 澪,4,20,49,0,0,0.21,1.6,2.56,5.13,1.5,0,0,28.45,42.24,33.33,51.16
2026-02-24,4,8,2026-02-24 14:26:00,5,マンスリーBOATRACE杯,6,3945,橋口 真樹,3,50,52.4,0,0,0.2,3.69,20.31,29.69,5.7,50,50,32.06,51.15,32.28,43.31
2026-02-24,4,9,2026-02-24 14:58:00,5,マンスリーBOATRACE杯,1,4134,杉山 貴博,2,45,54.6,1,0,0.16,6.32,50.47,65.42,6.14,38.1,57.14,36.67,57.33,37.88,54.55
2026-02-24,4,9,2026-02-24 14:58:00,5,マンスリーBOATRACE杯,2,4181,花本 夏樹,3,42,53.6,1,0,0.19,4.11,16.92,36.92,4.79,28.57,50,38.13,51.08,37.98,55.04
2026-02-24,4,9,2026-02-24 14:58:00,5,マンスリーBOATRACE杯,3,5185,加藤 優弥,3,26,51.5,0,0,0.15,5.41,31,54,4.5,16.67,33.33,22.61,34.78,35.82,54.48
2026-02-24,4,9,2026-02-24 14:58:00,5,マンスリーBOATRACE杯,4,4689,豊田 結,2,32,51.6,0,0,0.15,4.83,29.55,43.18,6.78,55.56,72.22,37.86,55.71,30.97,50.44
2026-02-24,4,9,2026-02-24 14:58:00,5,マンスリーBOATRACE杯,5,4575,戸塚 邦好,1,37,52,1,0,0.13,5.78,37.89,61.05,6.1,43.59,56.41,27.73,40.34,35.82,53.73
2026-02-24,4,9,2026-02-24 14:58:00,5,マンスリーBOATRACE杯,6,4339,平瀬 城啓,3,41,54.9,0,0,0.17,4.16,19.51,36.59,4.33,22.22,44.44,50,65.97,23.01,38.94
2026-02-24,4,10,2026-02-24 15:31:00,5,マンスリーBOATRACE杯,1,4544,松田 大志郎,1,38,52,0,0,0.16,7.8,66.44,79.19,5.77,40,53.33,36.05,54.42,29.84,50.81
2026-02-24,4,10,2026-02-24 15:31:00,5,マンスリーBOATRACE杯,2,4197,渥美 卓郎,3,43,55.7,0,0,0.18,3.54,9.2,25.29,4.85,15.38,38.46,42.36,63.89,39.39,62.12
2026-02-24,4,10,2026-02-24 15:31:00,5,マンスリーBOATRACE杯,3,3612,馬袋 義則,1,53,52.4,0,0,0.13,6.15,45.04,64.12,6,40,62.86,46.41,66.01,28.93,45.45
2026-02-24,4,10,2026-02-24 15:31:00,5,マンスリーBOATRACE杯,4,4060,島田 一生,3,46,55.3,1,0,0.17,5.35,40.2,54.9,5.74,43.48,60.87,26.73,47.52,32.52,46.34
2026-02-24,4,10,2026-02-24 15:31:00,5,マンスリーBOATRACE杯,5,3546,中里 昌志,3,56,52,0,0,0.19,4.38,20,42.5,4,16.67,33.33,38.17,52.67,43.85,60
2026-02-24,4,10,2026-02-24 15:31:00,5,マンスリーBOATRACE杯,6,4231,鈴木 裕隆,2,42,54.7,0,0,0.17,5.29,30.36,52.68,5.89,33.33,77.78,32.35,47.06,39.16,60.84
2026-02-24,4,11,2026-02-24 16:05:00,5,マンスリーBOATRACE杯,1,4504,前田 将太,1,37,56.2,1,0,0.14,6.11,35.19,50.93,7.63,55.56,66.67,46.94,60.54,20.35,37.17
2026-02-24,4,11,2026-02-24 16:05:00,5,マンスリーBOATRACE杯,2,3475,橋本 久和,3,55,52,0,0,0.19,5.27,35.29,54.12,5.18,32.35,47.06,43.57,66.43,32.03,50
2026-02-24,4,11,2026-02-24 16:05:00,5,マンスリーBOATRACE杯,3,4298,宮下 元胤,1,43,52.2,0,0,0.17,6.32,42.11,71.05,5.36,22.73,59.09,35.25,51.08,17.7,38.05
2026-02-24,4,11,2026-02-24 16:05:00,5,マンスリーBOATRACE杯,4,3931,黒崎 竜也,3,49,51,0,0,0.16,5.35,35.21,56.34,0,0,0,26.72,43.97,30.25,46.22
2026-02-24,4,11,2026-02-24 16:05:00,5,マンスリーBOATRACE杯,5,4369,丹下 将,2,40,56.3,0,0,0.16,5.97,44.88,58.27,5.25,33.96,52.83,38.3,56.74,41.67,56.06
2026-02-24,4,11,2026-02-24 16:05:00,5,マンスリーBOATRACE杯,6,3514,山一 鉄也,2,58,52,0,0,0.16,5.46,36.27,49.02,5.68,41.94,54.84,30.71,48.82,25.38,39.23
2026-02-24,4,12,2026-02-24 16:40:00,5,マンスリーBOATRACE杯,1,4362,土屋 智則,1,41,53.7,0,0,0.13,6.34,33.9,59.32,5.6,26.67,53.33,38.03,58.45,27.84,43.3
2026-02-24,4,12,2026-02-24 16:40:00,5,マンスリーBOATRACE杯,2,4043,桐本 康臣,2,46,53.1,1,0,0.15,5.76,35.34,60.34,6.84,56,68,39.57,55.4,41.96,62.24
2026-02-24,4,12,2026-02-24 16:40:00,5,マンスリーBOATRACE杯,3,4653,小野 達哉,1,40,52.1,0,0,0.14,6.81,53.08,73.08,6.2,45,65,42.03,58.7,35.56,48.89
2026-02-24,4,12,2026-02-24 16:40:00,5,マンスリーBOATRACE杯,4,4057,松井 賢治,2,47,52,0,0,0.16,5.79,43.75,56.25,5.2,40,50,36.17,46.81,29.84,49.19
2026-02-24,4,12,2026-02-24 16:40:00,5,マンスリーBOATRACE杯,5,3352,小川 晃司,3,57,50.5,0,0,0.17,4.44,11.69,40.26,4.22,11.11,44.44,38.51,51.35,34.92,53.97
2026-02-24,4,12,2026-02-24 16:40:00,5,マンスリーBOATRACE杯,6,3772,一柳 和孝,3,51,52,0,0,0.15,5.55,32.53,60.24,5.67,33.33,55.56,36.17,54.61,33.58,53.73
2026-02-24,5,1,2026-02-24 11:09:00,5,淡水王選手権!第31回tvkカップ,1,4728,山口 亮,3,38,52.8,0,0,0.18,4.36,30.56,40.28,4.39,21.05,39.47,33.18,50.91,36.82,56.22
2026-02-24,5,1,2026-02-24 11:09:00,5,淡水王選手権!第31回tvkカップ,2,3880,浅見 宗孝,3,53,56.1,0,0,0.18,4.87,27.38,45.24,3.2,6.67,26.67,33.77,45.45,35.47,55.67
2026-02-24,5,1,2026-02-24 11:09:00,5,淡水王選手権!第31回tvkカップ,3,5147,田中 勇輔,4,32,51.5,0,0,0.16,3.75,14.81,28.4,4.16,12,40,36.09,53.04,31.22,46.03
2026-02-24,5,1,2026-02-24 11:09:00,5,淡水王選手権!第31回tvkカップ,4,3882,新田 智彰,3,52,54.1,0,0,0.17,5.04,28.28,49.49,4.25,37.5,37.5,31.63,50.23,29.9,45.59
2026-02-24,5,1,2026-02-24 11:09:00,5,淡水王選手権!第31回tvkカップ,5,4656,大崎 翔,3,38,54,0,0,0.14,5.76,40,52.5,5,28,48,43.85,58.82,32.66,47.24
2026-02-24,5,1,2026-02-24 11:09:00,5,淡水王選手権!第31回tvkカップ,6,3385,渡邉 睦広,2,56,52,0,0,0.17,5.04,30.49,51.22,5.34,24.14,62.07,27.75,43.98,34.63,52.2
2026-02-24,5,2,2026-02-24 11:37:00,5,淡水王選手権!第31回tvkカップ,1,3827,今泉 徹,3,52,52,0,0,0.17,3.76,14.46,30.12,4.22,21.74,30.43,31.96,47.95,33.82,52.94
2026-02-24,5,2,2026-02-24 11:37:00,5,淡水王選手権!第31回tvkカップ,2,3463,乙津 康志,3,58,52,0,0,0.2,4.3,16.49,36.08,4.45,18.18,39.39,38.07,59.39,40.89,57.64
2026-02-24,5,2,2026-02-24 11:37:00,5,淡水王選手権!第31回tvkカップ,3,3888,山本 英志,2,50,51.5,0,0,0.15,5.31,33.66,50.5,5.93,40,64.44,29.26,48.03,33.5,56.16
2026-02-24,5,2,2026-02-24 11:37:00,5,淡水王選手権!第31回tvkカップ,4,5304,井田 涼介,4,22,59.5,1,0,0.17,1.76,2,4,1.5,3.85,3.85,38.59,57.61,38.92,55.67
2026-02-24,5,2,2026-02-24 11:37:00,5,淡水王選手権!第31回tvkカップ,5,4925,森 悠稀,2,33,52.6,1,0,0.12,5.83,38.78,53.06,0,0,0,40.91,58.52,30.54,45.81
2026-02-24,5,2,2026-02-24 11:37:00,5,淡水王選手権!第31回tvkカップ,6,3870,寺嶋 雄,3,50,52,0,0,0.17,4.34,23.16,34.74,3.22,5.56,16.67,26.5,46.5,31,46
2026-02-24,5,3,2026-02-24 12:07:00,5,淡水王選手権!第31回tvkカップ,1,3948,大町 利克,3,49,52.4,0,0,0.19,4.29,25.64,35.9,4.81,34.62,42.31,42.11,57.42,36.5,56
2026-02-24,5,3,2026-02-24 12:07:00,5,淡水王選手権!第31回tvkカップ,2,5095,小原 聡将,2,31,52,0,0,0.14,5.82,34.09,62.5,3.33,11.11,22.22,33.95,48.84,43.28,56.22
2026-02-24,5,3,2026-02-24 12:07:00,5,淡水王選手権!第31回tvkカップ,3,4140,梶野 学志,1,45,53.2,0,0,0.15,5.92,43.04,55.7,5.82,42.25,61.97,34.39,49.77,30.06,48.47
2026-02-24,5,3,2026-02-24 12:07:00,5,淡水王選手権!第31回tvkカップ,4,4407,鹿島 敏弘,3,40,53.2,0,0,0.18,4.75,26.42,46.23,4.1,15,35,30.32,50.23,37.74,48.43
2026-02-24,5,3,2026-02-24 12:07:00,5,淡水王選手権!第31回tvkカップ,5,5341,山道 諄也,4,24,53.9,0,0,0.2,2.16,4.08,10.2,1.88,0,0,41.63,62.23,42.23,57.77
2026-02-24,5,3,2026-02-24 12:07:00,5,淡水王選手権!第31回tvkカップ,6,3699,富永 正人,3,53,52.4,1,0,0.17,4.5,23.68,39.47,4.39,30.43,34.78,28.57,45.09,31.55,50.49
2026-02-24,5,4,2026-02-24 12:33:00,5,淡水王選手権!第31回tvkカップ,1,4631,新井 英孝,3,38,52.4,0,0,0.15,4.85,30.23,47.67,5,32,40,36.94,55.86,42.93,59.51
2026-02-24,5,4,2026-02-24 12:33:00,5,淡水王選手権!第31回tvkカップ,2,3445,加藤 高史,2,56,52.6,0,0,0.18,5.6,32,53.33,5.17,38.1,47.62,27.56,43.56,33.17,50.25
2026-02-24,5,4,2026-02-24 12:33:00,5,淡水王選手権!第31回tvkカップ,3,4995,田邉 亮蔵,3,34,54.4,0,0,0.18,4.51,23.08,38.46,5.83,33.33,72.22,37.76,56.43,33.01,49.76
2026-02-24,5,4,2026-02-24 12:33:00,5,淡水王選手権!第31回tvkカップ,4,4003,表 憲一,3,48,53.6,1,0,0.16,5.34,35.96,52.81,5.25,31.25,50,30.59,48.4,33.66,50
2026-02-24,5,4,2026-02-24 12:33:00,5,淡水王選手権!第31回tvkカップ,5,3833,中辻 博訓,1,51,52.4,0,0,0.13,6.71,54.07,69.63,6.94,50,77.78,32.86,46.67,33.33,50.26
2026-02-24,5,4,2026-02-24 12:33:00,5,淡水王選手権!第31回tvkカップ,6,3812,山崎 聖司,3,50,51.5,1,0,0.16,4.22,19.44,42.59,4.21,18.6,44.19,40.56,54.44,31.16,49.75
2026-02-24,5,5,2026-02-24 13:04:00,5,淡水王選手権!第31回tvkカップ,1,5167,小川 竜太朗,3,25,52.5,0,0,0.17,4.65,24.39,43.9,4.77,26.67,40,33.18,48.88,29.35,48.76
2026-02-24,5,5,2026-02-24 13:04:00,5,淡水王選手権!第31回tvkカップ,2,3686,鳥居塚 孝博,2,51,51,0,0,0.14,5.87,39.69,58.78,5.84,36.84,57.89,46.07,61.24,36.68,52.76
2026-02-24,5,5,2026-02-24 13:04:00,5,淡水王選手権!第31回tvkカップ,3,5035,櫻井 優,3,27,52.2,0,0,0.17,5.07,32.95,48.86,3.97,24.32,35.14,53.69,67.98,35.78,54.9
2026-02-24,5,5,2026-02-24 13:04:00,5,淡水王選手権!第31回tvkカップ,4,3202,三品 隆浩,3,60,53.2,0,0,0.2,4.44,24.18,36.26,4.69,22.22,41.67,31.96,43.84,30.73,50.24
2026-02-24,5,5,2026-02-24 13:04:00,5,淡水王選手権!第31回tvkカップ,5,3557,太田 和美,1,53,53.9,0,0,0.15,6.67,48.7,63.64,6.2,40,70,32.2,48.29,29.41,44.71
2026-02-24,5,5,2026-02-24 13:04:00,5,淡水王選手権!第31回tvkカップ,6,4944,田代 達也,3,34,54,1,0,0.15,4.17,22.22,38.89,3.38,12.5,31.25,33.05,49.58,40.68,58.19
2026-02-24,5,6,2026-02-24 13:36:00,5,淡水王選手権!第31回tvkカップ,1,5147,田中 勇輔,4,32,51.5,0,0,0.16,3.75,14.81,28.4,4.16,12,40,36.09,53.04,31.22,46.03
2026-02-24,5,6,2026-02-24 13:36:00,5,淡水王選手権!第31回tvkカップ,2,2878,富山 弘幸,3,67,53.8,0,0,0.17,5.71,37.78,58.89,4.77,11.54,53.85,33.92,53.74,32.02,47.78
2026-02-24,5,6,2026-02-24 13:36:00,5,淡水王選手権!第31回tvkカップ,3,3313,本吉 正樹,3,60,55.2,0,0,0.19,4.39,24.64,34.78,3.88,12.5,12.5,32.45,53.19,32.22,47.22
2026-02-24,5,6,2026-02-24 13:36:00,5,淡水王選手権!第31回tvkカップ,4,3572,安田 政彦,2,54,52.5,0,0,0.2,4.95,28,40,5.67,44.44,66.67,42.52,59.81,30.28,50.7
2026-02-24,5,6,2026-02-24 13:36:00,5,淡水王選手権!第31回tvkカップ,5,5304,井田 涼介,4,22,59.5,1,0,0.17,1.76,2,4,1.5,3.85,3.85,38.59,57.61,38.92,55.67
2026-02-24,5,6,2026-02-24 13:36:00,5,淡水王選手権!第31回tvkカップ,6,4710,福田 宗平,1,36,52.4,0,0,0.14,6.21,44.35,66.94,6.24,47.37,63.16,48.04,63.13,30.99,47.89
2026-02-24,5,7,2026-02-24 14:06:00,5,淡水王選手権!第31回tvkカップ,1,4651,佐藤 大騎,3,41,52.3,0,0,0.16,3.75,19.4,31.34,5.17,24.14,48.28,42.99,61.09,33.16,50.53
2026-02-24,5,7,2026-02-24 14:06:00,5,淡水王選手権!第31回tvkカップ,2,3377,塚田 修二,3,58,54.6,0,0,0.18,3.21,13.21,20.75,4.14,16.67,38.1,43.8,62.4,42.21,50.75
2026-02-24,5,7,2026-02-24 14:06:00,5,淡水王選手権!第31回tvkカップ,3,3381,滝沢 芳行,3,57,52,0,0,0.15,5.29,35.16,48.35,5.67,37.04,51.85,51.69,66.85,30.36,47.02
2026-02-24,5,7,2026-02-24 14:06:00,5,淡水王選手権!第31回tvkカップ,4,3653,品川 賢次,3,52,53.4,0,0,0.18,4.09,27.27,36.36,3.36,14.29,35.71,37.66,55.84,38.16,57.49
2026-02-24,5,7,2026-02-24 14:06:00,5,淡水王選手権!第31回tvkカップ,5,4794,和田 拓也,1,35,52.6,0,0,0.13,6.59,47.96,68.37,7.67,59.26,77.78,45.1,58.82,36.1,54.63
2026-02-24,5,7,2026-02-24 14:06:00,5,淡水王選手権!第31回tvkカップ,6,4133,高橋 正男,1,45,52.9,1,0,0.15,6.05,40.46,64.12,5.83,41.67,61.11,33.64,53,35.61,56.1
2026-02-24,5,8,2026-02-24 14:35:00,5,淡水王選手権!第31回tvkカップ,1,4120,柘植 政浩,2,44,50.5,0,0,0.18,6.12,42.98,61.4,6.33,60,60,30.9,44.94,36.89,51.94
2026-02-24,5,8,2026-02-24 14:35:00,5,淡水王選手権!第31回tvkカップ,2,3385,渡邉 睦広,2,56,52,0,0,0.17,5.04,30.49,51.22,5.34,24.14,62.07,27.75,43.98,34.63,52.2
2026-02-24,5,8,2026-02-24 14:35:00,5,淡水王選手権!第31回tvkカップ,3,4407,鹿島 敏弘,3,40,53.2,0,0,0.18,4.75,26.42,46.23,4.1,15,35,30.32,50.23,37.74,48.43
2026-02-24,5,8,2026-02-24 14:35:00,5,淡水王選手権!第31回tvkカップ,4,4253,西川 真人,3,42,55.8,0,0,0.18,4.14,16.16,36.36,4.61,27.78,33.33,25.5,45.64,35.78,50.98
2026-02-24,5,8,2026-02-24 14:35:00,5,淡水王選手権!第31回tvkカップ,5,3467,森 弘行,3,57,52.4,0,0,0.17,3.47,12.5,26.39,2.37,4.65,11.63,40.11,59.34,32.84,48.53
2026-02-24,5,8,2026-02-24 14:35:00,5,淡水王選手権!第31回tvkカップ,6,3445,加藤 高史,2,56,52.6,0,0,0.18,5.6,32,53.33,5.17,38.1,47.62,27.56,43.56,33.17,50.25
2026-02-24,5,9,2026-02-24 15:04:00,5,淡水王選手権!第31回tvkカップ,1,3888,山本 英志,2,50,51.5,0,0,0.15,5.31,33.66,50.5,5.93,40,64.44,29.26,48.03,33.5,56.16
2026-02-24,5,9,2026-02-24 15:04:00,5,淡水王選手権!第31回tvkカップ,2,4631,新井 英孝,3,38,52.4,0,0,0.15,4.85,30.23,47.67,5,32,40,36.94,55.86,42.93,59.51
2026-02-24,5,9,2026-02-24 15:04:00,5,淡水王選手権!第31回tvkカップ,3,4728,山口 亮,3,38,52.8,0,0,0.18,4.36,30.56,40.28,4.39,21.05,39.47,33.18,50.91,36.82,56.22
2026-02-24,5,9,2026-02-24 15:04:00,5,淡水王選手権!第31回tvkカップ,4,5341,山道 諄也,4,24,53.9,0,0,0.2,2.16,4.08,10.2,1.88,0,0,41.63,62.23,42.23,57.77
2026-02-24,5,9,2026-02-24 15:04:00,5,淡水王選手権!第31回tvkカップ,5,4305,金子 拓矢,1,42,53.3,0,0,0.15,7.79,66.67,80.95,6.46,42.31,69.23,40.09,62.5,31.86,50
2026-02-24,5,9,2026-02-24 15:04:00,5,淡水王選手権!第31回tvkカップ,6,3557,太田 和美,1,53,53.9,0,0,0.15,6.67,48.7,63.64,6.2,40,70,32.2,48.29,29.41,44.71
2026-02-24,5,10,2026-02-24 15:38:00,5,淡水王選手権!第31回tvkカップ,1,4925,森 悠稀,2,33,52.6,1,0,0.12,5.83,38.78,53.06,0,0,0,40.91,58.52,30.54,45.81
2026-02-24,5,10,2026-02-24 15:38:00,5,淡水王選手権!第31回tvkカップ,2,4140,梶野 学志,1,45,53.2,0,0,0.15,5.92,43.04,55.7,5.82,42.25,61.97,34.39,49.77,30.06,48.47
2026-02-24,5,10,2026-02-24 15:38:00,5,淡水王選手権!第31回tvkカップ,3,4003,表 憲一,3,48,53.6,1,0,0.16,5.34,35.96,52.81,5.25,31.25,50,30.59,48.4,33.66,50
2026-02-24,5,10,2026-02-24 15:38:00,5,淡水王選手権!第31回tvkカップ,4,2878,富山 弘幸,3,67,53.8,0,0,0.17,5.71,37.78,58.89,4.77,11.54,53.85,33.92,53.74,32.02,47.78
2026-02-24,5,10,2026-02-24 15:38:00,5,淡水王選手権!第31回tvkカップ,5,3686,鳥居塚 孝博,2,51,51,0,0,0.14,5.87,39.69,58.78,5.84,36.84,57.89,46.07,61.24,36.68,52.76
2026-02-24,5,10,2026-02-24 15:38:00,5,淡水王選手権!第31回tvkカップ,6,3882,新田 智彰,3,52,54.1,0,0,0.17,5.04,28.28,49.49,4.25,37.5,37.5,31.63,50.23,29.9,45.59
2026-02-24,5,11,2026-02-24 16:19:00,5,淡水王選手権!第31回tvkカップ,1,4794,和田 拓也,1,35,52.6,0,0,0.13,6.59,47.96,68.37,7.67,59.26,77.78,45.1,58.82,36.1,54.63
2026-02-24,5,11,2026-02-24 16:19:00,5,淡水王選手権!第31回tvkカップ,2,4710,福田 宗平,1,36,52.4,0,0,0.14,6.21,44.35,66.94,6.24,47.37,63.16,48.04,63.13,30.99,47.89
2026-02-24,5,11,2026-02-24 16:19:00,5,淡水王選手権!第31回tvkカップ,3,4656,大崎 翔,3,38,54,0,0,0.14,5.76,40,52.5,5,28,48,43.85,58.82,32.66,47.24
2026-02-24,5,11,2026-02-24 16:19:00,5,淡水王選手権!第31回tvkカップ,4,5035,櫻井 優,3,27,52.2,0,0,0.17,5.07,32.95,48.86,3.97,24.32,35.14,53.69,67.98,35.78,54.9
2026-02-24,5,11,2026-02-24 16:19:00,5,淡水王選手権!第31回tvkカップ,5,4995,田邉 亮蔵,3,34,54.4,0,0,0.18,4.51,23.08,38.46,5.83,33.33,72.22,37.76,56.43,33.01,49.76
2026-02-24,5,11,2026-02-24 16:19:00,5,淡水王選手権!第31回tvkカップ,6,5095,小原 聡将,2,31,52,0,0,0.14,5.82,34.09,62.5,3.33,11.11,22.22,33.95,48.84,43.28,56.22
2026-02-24,5,12,2026-02-24 16:54:00,5,淡水王選手権!第31回tvkカップ,1,3833,中辻 博訓,1,51,52.4,0,0,0.13,6.71,54.07,69.63,6.94,50,77.78,32.86,46.67,33.33,50.26
2026-02-24,5,12,2026-02-24 16:54:00,5,淡水王選手権!第31回tvkカップ,2,3202,三品 隆浩,3,60,53.2,0,0,0.2,4.44,24.18,36.26,4.69,22.22,41.67,31.96,43.84,30.73,50.24
2026-02-24,5,12,2026-02-24 16:54:00,5,淡水王選手権!第31回tvkカップ,3,4120,柘植 政浩,2,44,50.5,0,0,0.18,6.12,42.98,61.4,6.33,60,60,30.9,44.94,36.89,51.94
2026-02-24,5,12,2026-02-24 16:54:00,5,淡水王選手権!第31回tvkカップ,4,3463,乙津 康志,3,58,52,0,0,0.2,4.3,16.49,36.08,4.45,18.18,39.39,38.07,59.39,40.89,57.64
2026-02-24,5,12,2026-02-24 16:54:00,5,淡水王選手権!第31回tvkカップ,5,3381,滝沢 芳行,3,57,52,0,0,0.15,5.29,35.16,48.35,5.67,37.04,51.85,51.69,66.85,30.36,47.02
2026-02-24,5,12,2026-02-24 16:54:00,5,淡水王選手権!第31回tvkカップ,6,3572,安田 政彦,2,54,52.5,0,0,0.2,4.95,28,40,5.67,44.44,66.67,42.52,59.81,30.28,50.7
2026-02-24,6,1,2026-02-24 11:22:00,5,BTS焼津7周年記念 HOTELnanvanカップ,1,4943,八木 治樹,3,34,53.6,0,0,0.14,3.97,20,33.33,5.85,38.46,53.85,34.83,54.23,25,45.24
2026-02-24,6,1,2026-02-24 11:22:00,5,BTS焼津7周年記念 HOTELnanvanカップ,2,5076,石原 光,3,29,53.1,0,0,0.16,4.94,30.99,50.7,5.1,35,50,33.54,46.84,26.44,49.43
2026-02-24,6,1,2026-02-24 11:22:00,5,BTS焼津7周年記念 HOTELnanvanカップ,3,3569,増田 進,3,54,52,0,0,0.18,4.16,21.25,32.5,2.69,6.25,12.5,26.35,43.11,34.09,50
2026-02-24,6,1,2026-02-24 11:22:00,5,BTS焼津7周年記念 HOTELnanvanカップ,4,5360,高木 茉白,3,19,47,0,0,0.18,3.13,9.33,22.67,2.07,0,10.71,45.27,59.7,24.1,40.96
2026-02-24,6,1,2026-02-24 11:22:00,5,BTS焼津7周年記念 HOTELnanvanカップ,5,4110,小澤 和也,3,45,55.5,0,0,0.17,4.42,27.71,43.37,4.6,30,40,45.81,62.11,28.4,48.15
2026-02-24,6,1,2026-02-24 11:22:00,5,BTS焼津7周年記念 HOTELnanvanカップ,6,4268,和合 俊介,3,40,60.1,1,0,0.15,3.12,7.46,23.88,3.88,16.67,29.17,28.02,46.15,32.05,53.85
2026-02-24,6,2,2026-02-24 11:49:00,5,BTS焼津7周年記念 HOTELnanvanカップ,1,3797,岩井 繁,3,52,59.4,0,0,0.19,4.12,19.51,36.59,0,0,0,24.28,35.26,39.74,61.54
2026-02-24,6,2,2026-02-24 11:49:00,5,BTS焼津7周年記念 HOTELnanvanカップ,2,5327,西田 和加,4,22,47.9,0,0,0.22,1.61,1.49,2.99,1.09,0,0,40,62.86,42.17,57.83
2026-02-24,6,2,2026-02-24 11:49:00,5,BTS焼津7周年記念 HOTELnanvanカップ,3,4562,阪本 勇介,3,38,53.1,0,0,0.18,4.01,12.37,28.87,3.44,11.11,11.11,35.48,50.23,31.33,46.99
2026-02-24,6,2,2026-02-24 11:49:00,5,BTS焼津7周年記念 HOTELnanvanカップ,4,4137,君島 秀三,1,45,52.1,0,0,0.14,6.5,50.44,66.37,6.04,40.74,51.85,45.45,66.23,30.86,51.85
2026-02-24,6,2,2026-02-24 11:49:00,5,BTS焼津7周年記念 HOTELnanvanカップ,5,4966,田川 大貴,2,28,53.2,0,0,0.14,5.39,39.13,48.7,0,0,0,36.14,51.98,41.46,51.22
2026-02-24,6,2,2026-02-24 11:49:00,5,BTS焼津7周年記念 HOTELnanvanカップ,6,5444,林 風音,4,17,52.4,0,0,,1.23,0,0,0,0,0,39.39,57.07,43.37,55.42
2026-02-24,6,3,2026-02-24 12:18:00,5,BTS焼津7周年記念 HOTELnanvanカップ,1,4105,松下 直也,3,46,53.8,0,0,0.17,5.45,32.79,54.1,6.06,35.48,67.74,31.86,47.06,43.37,57.83
2026-02-24,6,3,2026-02-24 12:18:00,5,BTS焼津7周年記念 HOTELnanvanカップ,2,5046,松山 裕基,3,31,54.2,0,0,0.16,4.43,22.22,40.74,2.71,0,14.29,31.22,45.85,35.8,54.32
2026-02-24,6,3,2026-02-24 12:18:00,5,BTS焼津7周年記念 HOTELnanvanカップ,3,5241,門田 栞,3,25,47,1,0,0.16,4.29,27.12,38.98,0,0,0,36.41,57.28,39.08,50.57
2026-02-24,6,3,2026-02-24 12:18:00,5,BTS焼津7周年記念 HOTELnanvanカップ,4,5075,中島 秀治,2,30,52.4,0,0,0.17,6.51,44.36,68.42,7.05,59.09,68.18,40.72,57.92,28.4,54.32
2026-02-24,6,3,2026-02-24 12:18:00,5,BTS焼津7周年記念 HOTELnanvanカップ,5,4131,原 豊土,2,45,55.2,0,0,0.17,5.36,35.56,55.56,5.81,36.54,61.54,42.98,57.46,37.97,54.43
2026-02-24,6,3,2026-02-24 12:18:00,5,BTS焼津7周年記念 HOTELnanvanカップ,6,5332,村松 遥輝,3,21,56,1,0,0.16,4.1,18.87,33.02,3.75,17.81,27.4,36.82,53.64,32.91,44.3
2026-02-24,6,4,2026-02-24 12:47:00,5,BTS焼津7周年記念 HOTELnanvanカップ,1,4040,廣瀬 将亨,2,47,55.5,0,0,0.15,5.82,38.89,57.14,5.37,30,60,26.67,40,48.19,59.04
2026-02-24,6,4,2026-02-24 12:47:00,5,BTS焼津7周年記念 HOTELnanvanカップ,2,5178,成貞 琳平,3,29,53.5,0,0,0.2,4.16,22.22,36.36,3.11,22.22,22.22,34.12,50.24,18.92,32.43
2026-02-24,6,4,2026-02-24 12:47:00,5,BTS焼津7周年記念 HOTELnanvanカップ,3,3718,伊達 正利,3,51,55,0,0,0.17,4.15,24.73,35.48,4.65,25.45,45.45,36.27,58.33,34.62,53.85
2026-02-24,6,4,2026-02-24 12:47:00,5,BTS焼津7周年記念 HOTELnanvanカップ,4,5349,宮崎 奏磨,4,21,53,0,0,0.19,1.43,1.72,3.45,1.56,2.22,4.44,28.34,39.04,37.08,57.3
2026-02-24,6,4,2026-02-24 12:47:00,5,BTS焼津7周年記念 HOTELnanvanカップ,5,5328,井上 慧人,3,22,53.7,1,0,0.18,3.41,13.04,28.26,0,0,0,32.75,50.88,40.96,61.45
2026-02-24,6,4,2026-02-24 12:47:00,5,BTS焼津7周年記念 HOTELnanvanカップ,6,5347,井澤 聖奈,4,22,48.4,0,0,0.21,1.8,0,3.28,1.5,0,0,29.41,49.2,36.84,53.95
2026-02-24,6,5,2026-02-24 13:16:00,5,BTS焼津7周年記念 HOTELnanvanカップ,1,3569,増田 進,3,54,52,0,0,0.18,4.16,21.25,32.5,2.69,6.25,12.5,26.35,43.11,34.09,50
2026-02-24,6,5,2026-02-24 13:16:00,5,BTS焼津7周年記念 HOTELnanvanカップ,2,3509,池 千夏,3,54,49,0,0,0.14,3.79,18.97,27.59,5.22,33.33,55.56,32.11,43.68,32.5,46.25
2026-02-24,6,5,2026-02-24 13:16:00,5,BTS焼津7周年記念 HOTELnanvanカップ,3,3911,鈴木 猛,2,52,53.2,0,0,0.16,5.28,33.88,46.28,6.03,41.03,61.54,36.54,57.21,40.7,61.63
2026-02-24,6,5,2026-02-24 13:16:00,5,BTS焼津7周年記念 HOTELnanvanカップ,4,3070,山室 展弘,3,64,52,0,0,0.16,4.74,30.23,41.86,6.07,50,64.29,38.73,56.37,30,46.25
2026-02-24,6,5,2026-02-24 13:16:00,5,BTS焼津7周年記念 HOTELnanvanカップ,5,4816,村松 修二,2,34,57.5,1,0,0.15,5.86,43.68,59.77,0,0,0,33.78,50.9,33.73,44.58
2026-02-24,6,5,2026-02-24 13:16:00,5,BTS焼津7周年記念 HOTELnanvanカップ,6,5416,龍田 真白,4,20,45,0,0,0.19,2.77,12.9,16.13,1.33,0,0,37.02,52.88,29.87,44.16
2026-02-24,6,6,2026-02-24 13:46:00,5,BTS焼津7周年記念 HOTELnanvanカップ,1,4110,小澤 和也,3,45,55.5,0,0,0.17,4.42,27.71,43.37,4.6,30,40,45.81,62.11,28.4,48.15
2026-02-24,6,6,2026-02-24 13:46:00,5,BTS焼津7周年記念 HOTELnanvanカップ,2,4152,深水 慎一郎,3,45,53.7,0,0,0.17,5.15,34.48,49.43,4.46,30.77,46.15,37.21,55.35,30.49,42.68
2026-02-24,6,6,2026-02-24 13:46:00,5,BTS焼津7周年記念 HOTELnanvanカップ,3,4644,山田 亮太,2,46,52,0,0,0.15,6.68,54.76,66.67,5.4,30,60,34.93,54.07,25.68,39.19
2026-02-24,6,6,2026-02-24 13:46:00,5,BTS焼津7周年記念 HOTELnanvanカップ,4,4857,加藤 翔馬,1,28,54.2,0,0,0.16,6.15,45,60,5.78,55.56,55.56,47.01,62.39,30.23,44.19
2026-02-24,6,6,2026-02-24 13:46:00,5,BTS焼津7周年記念 HOTELnanvanカップ,5,5327,西田 和加,4,22,47.9,0,0,0.22,1.61,1.49,2.99,1.09,0,0,40,62.86,42.17,57.83
2026-02-24,6,6,2026-02-24 13:46:00,5,BTS焼津7周年記念 HOTELnanvanカップ,6,4470,平田 健之佑,1,38,52.3,1,0,0.14,6.24,46.3,67.59,6.13,44.74,65.79,31.94,45.37,32.05,43.59
2026-02-24,6,7,2026-02-24 14:17:00,5,BTS焼津7周年記念 HOTELnanvanカップ,1,4966,田川 大貴,2,28,53.2,0,0,0.14,5.39,39.13,48.7,0,0,0,36.14,51.98,41.46,51.22
2026-02-24,6,7,2026-02-24 14:17:00,5,BTS焼津7周年記念 HOTELnanvanカップ,2,3300,川崎 智幸,1,58,53.6,0,0,0.15,5.9,43.36,53.1,7.2,50,80,24.8,41.6,31.25,40
2026-02-24,6,7,2026-02-24 14:17:00,5,BTS焼津7周年記念 HOTELnanvanカップ,3,5076,石原 光,3,29,53.1,0,0,0.16,4.94,30.99,50.7,5.1,35,50,33.54,46.84,26.44,49.43
2026-02-24,6,7,2026-02-24 14:17:00,5,BTS焼津7周年記念 HOTELnanvanカップ,4,4105,松下 直也,3,46,53.8,0,0,0.17,5.45,32.79,54.1,6.06,35.48,67.74,31.86,47.06,43.37,57.83
2026-02-24,6,7,2026-02-24 14:17:00,5,BTS焼津7周年記念 HOTELnanvanカップ,5,5444,林 風音,4,17,52.4,0,0,,1.23,0,0,0,0,0,39.39,57.07,43.37,55.42
2026-02-24,6,7,2026-02-24 14:17:00,5,BTS焼津7周年記念 HOTELnanvanカップ,6,4804,高田 ひかる,1,31,46,1,0,0.17,6.39,46,65,5.76,23.53,47.06,37.44,55.25,26.76,36.62
2026-02-24,6,8,2026-02-24 14:48:00,5,BTS焼津7周年記念 HOTELnanvanカップ,1,3777,樋口 亮,2,50,52,0,0,0.17,6.15,43.85,60.77,7.04,56.52,78.26,49.17,64.58,29.63,45.68
2026-02-24,6,8,2026-02-24 14:48:00,5,BTS焼津7周年記念 HOTELnanvanカップ,2,3797,岩井 繁,3,52,59.4,0,0,0.19,4.12,19.51,36.59,0,0,0,24.28,35.26,39.74,61.54
2026-02-24,6,8,2026-02-24 14:48:00,5,BTS焼津7周年記念 HOTELnanvanカップ,3,4943,八木 治樹,3,34,53.6,0,0,0.14,3.97,20,33.33,5.85,38.46,53.85,34.83,54.23,25,45.24
2026-02-24,6,8,2026-02-24 14:48:00,5,BTS焼津7周年記念 HOTELnanvanカップ,4,4040,廣瀬 将亨,2,47,55.5,0,0,0.15,5.82,38.89,57.14,5.37,30,60,26.67,40,48.19,59.04
2026-02-24,6,8,2026-02-24 14:48:00,5,BTS焼津7周年記念 HOTELnanvanカップ,5,5349,宮崎 奏磨,4,21,53,0,0,0.19,1.43,1.72,3.45,1.56,2.22,4.44,28.34,39.04,37.08,57.3
2026-02-24,6,8,2026-02-24 14:48:00,5,BTS焼津7周年記念 HOTELnanvanカップ,6,5046,松山 裕基,3,31,54.2,0,0,0.16,4.43,22.22,40.74,2.71,0,14.29,31.22,45.85,35.8,54.32
2026-02-24,6,9,2026-02-24 15:28:00,5,BTS焼津7周年記念 HOTELnanvanカップ,1,5075,中島 秀治,2,30,52.4,0,0,0.17,6.51,44.36,68.42,7.05,59.09,68.18,40.72,57.92,28.4,54.32
2026-02-24,6,9,2026-02-24 15:28:00,5,BTS焼津7周年記念 HOTELnanvanカップ,2,5328,井上 慧人,3,22,53.7,1,0,0.18,3.41,13.04,28.26,0,0,0,32.75,50.88,40.96,61.45
2026-02-24,6,9,2026-02-24 15:28:00,5,BTS焼津7周年記念 HOTELnanvanカップ,3,5360,高木 茉白,3,19,47,0,0,0.18,3.13,9.33,22.67,2.07,0,10.71,45.27,59.7,24.1,40.96
2026-02-24,6,9,2026-02-24 15:28:00,5,BTS焼津7周年記念 HOTELnanvanカップ,4,3911,鈴木 猛,2,52,53.2,0,0,0.16,5.28,33.88,46.28,6.03,41.03,61.54,36.54,57.21,40.7,61.63
2026-02-24,6,9,2026-02-24 15:28:00,5,BTS焼津7周年記念 HOTELnanvanカップ,5,4562,阪本 勇介,3,38,53.1,0,0,0.18,4.01,12.37,28.87,3.44,11.11,11.11,35.48,50.23,31.33,46.99
2026-02-24,6,9,2026-02-24 15:28:00,5,BTS焼津7周年記念 HOTELnanvanカップ,6,3509,池 千夏,3,54,49,0,0,0.14,3.79,18.97,27.59,5.22,33.33,55.56,32.11,43.68,32.5,46.25
2026-02-24,6,10,2026-02-24 15:58:00,5,BTS焼津7周年記念 HOTELnanvanカップ,1,4816,村松 修二,2,34,57.5,1,0,0.15,5.86,43.68,59.77,0,0,0,33.78,50.9,33.73,44.58
2026-02-24,6,10,2026-02-24 15:58:00,5,BTS焼津7周年記念 HOTELnanvanカップ,2,4857,加藤 翔馬,1,28,54.2,0,0,0.16,6.15,45,60,5.78,55.56,55.56,47.01,62.39,30.23,44.19
2026-02-24,6,10,2026-02-24 15:58:00,5,BTS焼津7周年記念 HOTELnanvanカップ,3,4137,君島 秀三,1,45,52.1,0,0,0.14,6.5,50.44,66.37,6.04,40.74,51.85,45.45,66.23,30.86,51.85
2026-02-24,6,10,2026-02-24 15:58:00,5,BTS焼津7周年記念 HOTELnanvanカップ,4,5241,門田 栞,3,25,47,1,0,0.16,4.29,27.12,38.98,0,0,0,36.41,57.28,39.08,50.57
2026-02-24,6,10,2026-02-24 15:58:00,5,BTS焼津7周年記念 HOTELnanvanカップ,5,5178,成貞 琳平,3,29,53.5,0,0,0.2,4.16,22.22,36.36,3.11,22.22,22.22,34.12,50.24,18.92,32.43
2026-02-24,6,10,2026-02-24 15:58:00,5,BTS焼津7周年記念 HOTELnanvanカップ,6,4644,山田 亮太,2,46,52,0,0,0.15,6.68,54.76,66.67,5.4,30,60,34.93,54.07,25.68,39.19
2026-02-24,6,11,2026-02-24 16:29:00,5,BTS焼津7周年記念 HOTELnanvanカップ,1,3070,山室 展弘,3,64,52,0,0,0.16,4.74,30.23,41.86,6.07,50,64.29,38.73,56.37,30,46.25
2026-02-24,6,11,2026-02-24 16:29:00,5,BTS焼津7周年記念 HOTELnanvanカップ,2,3777,樋口 亮,2,50,52,0,0,0.17,6.15,43.85,60.77,7.04,56.52,78.26,49.17,64.58,29.63,45.68
2026-02-24,6,11,2026-02-24 16:29:00,5,BTS焼津7周年記念 HOTELnanvanカップ,3,3300,川崎 智幸,1,58,53.6,0,0,0.15,5.9,43.36,53.1,7.2,50,80,24.8,41.6,31.25,40
2026-02-24,6,11,2026-02-24 16:29:00,5,BTS焼津7周年記念 HOTELnanvanカップ,4,4131,原 豊土,2,45,55.2,0,0,0.17,5.36,35.56,55.56,5.81,36.54,61.54,42.98,57.46,37.97,54.43
2026-02-24,6,11,2026-02-24 16:29:00,5,BTS焼津7周年記念 HOTELnanvanカップ,5,3718,伊達 正利,3,51,55,0,0,0.17,4.15,24.73,35.48,4.65,25.45,45.45,36.27,58.33,34.62,53.85
2026-02-24,6,11,2026-02-24 16:29:00,5,BTS焼津7周年記念 HOTELnanvanカップ,6,4152,深水 慎一郎,3,45,53.7,0,0,0.17,5.15,34.48,49.43,4.46,30.77,46.15,37.21,55.35,30.49,42.68
2026-02-24,6,12,2026-02-24 16:56:00,5,BTS焼津7周年記念 HOTELnanvanカップ,1,4342,谷野 錬志,1,41,52.1,0,0,0.14,6.61,53.06,68.37,6.6,51.58,67.37,33.99,49.75,32.1,41.98
2026-02-24,6,12,2026-02-24 16:56:00,5,BTS焼津7周年記念 HOTELnanvanカップ,2,4261,岡 祐臣,1,41,55.3,0,0,0.16,5.83,37.5,60.16,4,0,33.33,31.19,46.04,32.05,43.59
2026-02-24,6,12,2026-02-24 16:56:00,5,BTS焼津7周年記念 HOTELnanvanカップ,3,4067,永井 源,1,45,52.9,0,0,0.17,5.98,45.1,59.8,6.16,46.88,65.63,32.68,48.29,28.92,45.78
2026-02-24,6,12,2026-02-24 16:56:00,5,BTS焼津7周年記念 HOTELnanvanカップ,4,4082,濱崎 誠,3,46,51.5,0,0,0.15,4.86,27.71,43.37,8,100,100,36.02,53.08,40.79,56.58
2026-02-24,6,12,2026-02-24 16:56:00,5,BTS焼津7周年記念 HOTELnanvanカップ,5,4308,河村 了,1,42,52,0,0,0.16,6.8,47.57,71.84,6.45,45.45,72.73,37.68,57,28.21,46.15
2026-02-24,6,12,2026-02-24 16:56:00,5,BTS焼津7周年記念 HOTELnanvanカップ,6,4111,奥田 誠,3,45,54,0,0,0.17,4.77,25.27,46.15,0,0,0,33.65,49.52,45.78,61.45
2026-02-24,7,1,2026-02-24 15:21:00,5,中日スポーツ賞 第46回龍神杯,1,3776,横井 健太,3,50,57.8,0,0,0.17,3.25,10,18.75,4.67,22.22,44.44,23,38,35.34,53.45
2026-02-24,7,1,2026-02-24 15:21:00,5,中日スポーツ賞 第46回龍神杯,2,5060,数原 魁,3,28,52,0,0,0.17,5.37,35.4,55.75,5.11,33.33,44.44,31.85,49.63,20.35,35.4
2026-02-24,7,1,2026-02-24 15:21:00,5,中日スポーツ賞 第46回龍神杯,3,4303,牧原 崇,3,42,52,0,0,0.17,5.37,33.65,49.04,5.68,41.94,58.06,27.93,45.05,31.34,50
2026-02-24,7,1,2026-02-24 15:21:00,5,中日スポーツ賞 第46回龍神杯,4,5181,森 智哉,3,28,52,0,0,0.17,5.01,27.66,47.87,6.2,50,60,34,46.67,46.72,67.15
2026-02-24,7,1,2026-02-24 15:21:00,5,中日スポーツ賞 第46回龍神杯,5,3107,平岡 重典,3,62,52,0,0,0.16,4.19,14.06,34.38,4.44,22.22,44.44,34.81,50,39.58,52.08
2026-02-24,7,1,2026-02-24 15:21:00,5,中日スポーツ賞 第46回龍神杯,6,4229,市川 美宏,3,42,53.1,0,0,0.18,3.99,17.11,32.89,4.47,20,40,24.14,37.93,34.82,45.54
2026-02-24,7,2,2026-02-24 15:50:00,5,中日スポーツ賞 第46回龍神杯,1,5314,中曽 瑠華,4,25,52,0,0,0.18,2.79,9.86,16.9,1.13,0,0,33.33,52.27,38.1,49.21
2026-02-24,7,2,2026-02-24 15:50:00,5,中日スポーツ賞 第46回龍神杯,2,4128,川口 貴久,3,45,55.1,0,0,0.17,4.87,23.16,47.37,4.83,38.89,38.89,27.27,45.45,30,39.09
2026-02-24,7,2,2026-02-24 15:50:00,5,中日スポーツ賞 第46回龍神杯,3,3489,大場 敏,2,58,52.2,0,0,0.16,5.75,36.84,59.4,5.68,29.03,67.74,22.89,40.96,32.46,52.63
2026-02-24,7,2,2026-02-24 15:50:00,5,中日スポーツ賞 第46回龍神杯,4,4596,葛原 大陽,1,42,52.4,0,0,0.14,6.15,42.73,67.27,5.43,19.05,52.38,38.97,50.74,40,57.5
2026-02-24,7,2,2026-02-24 15:50:00,5,中日スポーツ賞 第46回龍神杯,5,5381,有山 望,3,21,52,1,0,0.18,2.43,4.62,9.23,1.13,0,0,25,41.67,30.09,47.79
2026-02-24,7,2,2026-02-24 15:50:00,5,中日スポーツ賞 第46回龍神杯,6,4051,清水 敦揮,1,45,53.4,0,0,0.17,6.66,46.94,72.45,7.79,66.67,81.82,33.58,50.75,36.5,54.01
2026-02-24,7,3,2026-02-24 16:17:00,5,中日スポーツ賞 第46回龍神杯,1,5306,河内 悠利杏,3,22,48.1,0,0,0.22,2.62,6.25,16.07,1.52,0,3.45,29.23,53.08,27.42,42.74
2026-02-24,7,3,2026-02-24 16:17:00,5,中日スポーツ賞 第46回龍神杯,2,4441,末永 由楽,2,39,52,0,0,0.14,6.74,48.57,75.24,7.36,54.55,81.82,13.58,32.1,30.83,46.67
2026-02-24,7,3,2026-02-24 16:17:00,5,中日スポーツ賞 第46回龍神杯,3,4601,森野 正弘,2,41,53,0,0,0.14,6.53,48.09,66.41,6.15,40.74,70.37,29.5,50.36,25.24,42.72
2026-02-24,7,3,2026-02-24 16:17:00,5,中日スポーツ賞 第46回龍神杯,4,3904,森 貴洋,4,48,53.6,0,0,0.18,5.18,34.09,45.45,5.64,40.91,50,31.03,48.28,34.96,57.72
2026-02-24,7,3,2026-02-24 16:17:00,5,中日スポーツ賞 第46回龍神杯,5,5143,常盤 海心,3,24,54.3,0,0,0.19,4.07,19.32,35.23,0,0,0,26.67,40.95,41.27,58.73
2026-02-24,7,3,2026-02-24 16:17:00,5,中日スポーツ賞 第46回龍神杯,6,4324,海野 康志郎,1,38,56.5,0,0,0.14,7.6,57.82,70.07,0,0,0,31.68,51.55,42.55,63.12
2026-02-24,7,4,2026-02-24 16:46:00,5,中日スポーツ賞 第46回龍神杯,1,4786,佐藤 博亮,1,37,52,0,0,0.13,6.76,52.59,68.89,5.8,38.78,51.02,32,48,45.74,61.24
2026-02-24,7,4,2026-02-24 16:46:00,5,中日スポーツ賞 第46回龍神杯,2,4393,田中 孝明,3,39,58,0,0,0.19,4.56,19.51,37.8,2.22,11.11,11.11,20,43.75,31.43,47.14
2026-02-24,7,4,2026-02-24 16:46:00,5,中日スポーツ賞 第46回龍神杯,3,4793,金子 萌,2,35,52,0,0,0.14,6.23,48.65,61.26,4.76,35.29,47.06,28.57,43.96,30.08,49.59
2026-02-24,7,4,2026-02-24 16:46:00,5,中日スポーツ賞 第46回龍神杯,4,4083,福島 勇樹,1,46,52,0,0,0.14,7,56.67,72.5,6.13,50,56.25,32.84,48.51,27.18,46.6
2026-02-24,7,4,2026-02-24 16:46:00,5,中日スポーツ賞 第46回龍神杯,5,4941,孫崎 百世,3,37,47.8,0,0,0.22,4.38,20.69,37.93,2.67,0,22.22,21.54,32.31,39.86,57.34
2026-02-24,7,4,2026-02-24 16:46:00,5,中日スポーツ賞 第46回龍神杯,6,5027,重冨 勇哉,3,29,55.7,0,0,0.17,4.6,24.59,41.8,0,0,0,35.17,45.52,24.78,33.63
2026-02-24,7,5,2026-02-24 17:15:00,5,中日スポーツ賞 第46回龍神杯,1,3333,丸尾 義孝,2,57,52,0,0,0.14,6.03,38.58,60.63,0,0,0,26.89,43.7,28.57,45.05
2026-02-24,7,5,2026-02-24 17:15:00,5,中日スポーツ賞 第46回龍神杯,2,4866,橋本 英一,3,35,53.4,0,0,0.16,4.79,22.58,51.61,1.75,0,0,36.22,55.91,31.65,46.76
2026-02-24,7,5,2026-02-24 17:15:00,5,中日スポーツ賞 第46回龍神杯,3,5003,来田 衣織,3,29,47,0,0,0.17,4.6,29.87,40.26,4.13,25,37.5,31.85,45.19,36.23,47.1
2026-02-24,7,5,2026-02-24 17:15:00,5,中日スポーツ賞 第46回龍神杯,4,3776,横井 健太,3,50,57.8,0,0,0.17,3.25,10,18.75,4.67,22.22,44.44,23,38,35.34,53.45
2026-02-24,7,5,2026-02-24 17:15:00,5,中日スポーツ賞 第46回龍神杯,5,4074,柳沢 一,1,44,52,0,0,0.13,6.31,40.71,60.18,6.58,49.28,57.97,33.95,51.85,39.37,51.18
2026-02-24,7,5,2026-02-24 17:15:00,5,中日スポーツ賞 第46回龍神杯,6,4148,枝尾 賢,2,44,52.5,0,0,0.16,5.96,43.59,63.25,4.82,23.53,47.06,35.25,51.8,30.17,51.72
2026-02-24,7,6,2026-02-24 17:44:00,5,中日スポーツ賞 第46回龍神杯,1,4099,吉永 則雄,1,47,52.8,0,0,0.17,6.44,47,66,6.39,48.48,63.64,32.5,49.38,29.51,44.26
2026-02-24,7,6,2026-02-24 17:44:00,5,中日スポーツ賞 第46回龍神杯,2,4779,伊倉 光,3,40,52,0,0,0.16,5.11,27.63,51.32,4.74,26.32,47.37,34.75,52.54,32.67,43.56
2026-02-24,7,6,2026-02-24 17:44:00,5,中日スポーツ賞 第46回龍神杯,3,3995,重野 哲之,1,46,53.3,0,0,0.12,6.32,41.11,65.56,0,0,0,25,35.53,30.77,53.85
2026-02-24,7,6,2026-02-24 17:44:00,5,中日スポーツ賞 第46回龍神杯,4,4159,向後 龍一,2,44,52,0,0,0.15,5.94,41.27,60.32,5,36.36,45.45,20.43,40.86,30,42.73
2026-02-24,7,6,2026-02-24 17:44:00,5,中日スポーツ賞 第46回龍神杯,5,3580,水口 由紀,3,53,49.1,0,0,0.19,4.04,18.75,32.5,3.42,15.38,19.23,30.28,48.62,28.57,43.81
2026-02-24,7,6,2026-02-24 17:44:00,5,中日スポーツ賞 第46回龍神杯,6,5381,有山 望,3,21,52,1,0,0.18,2.43,4.62,9.23,1.13,0,0,25,41.67,30.09,47.79
2026-02-24,7,7,2026-02-24 18:11:00,5,中日スポーツ賞 第46回龍神杯,1,3788,一宮 稔弘,2,54,52,0,0,0.12,5.86,44.32,56.82,0,0,0,23.08,35.9,43.57,63.57
2026-02-24,7,7,2026-02-24 18:11:00,5,中日スポーツ賞 第46回龍神杯,2,4432,黄金井 力良,3,39,54.5,0,0,0.15,5.09,27.35,51.28,5.5,33.33,55.56,33.12,54.78,23.58,34.91
2026-02-24,7,7,2026-02-24 18:11:00,5,中日スポーツ賞 第46回龍神杯,3,4229,市川 美宏,3,42,53.1,0,0,0.18,3.99,17.11,32.89,4.47,20,40,24.14,37.93,34.82,45.54
2026-02-24,7,7,2026-02-24 18:11:00,5,中日スポーツ賞 第46回龍神杯,4,4532,秋元 哲,1,37,51.5,0,0,0.13,6.96,54.84,69.35,6,25,65,31.08,47.3,45.45,61.54
2026-02-24,7,7,2026-02-24 18:11:00,5,中日スポーツ賞 第46回龍神杯,5,4703,森永 隆,2,37,52,1,0,0.14,6.02,42.7,56.18,5.63,50,50,17.14,30,27.62,43.81
2026-02-24,7,7,2026-02-24 18:11:00,5,中日スポーツ賞 第46回龍神杯,6,4854,大橋 由珠,4,30,44.5,0,0,0.18,5.04,28.26,47.83,0,0,0,28.28,45.45,29.37,50
2026-02-24,7,8,2026-02-24 18:39:00,5,中日スポーツ賞 第46回龍神杯,1,3107,平岡 重典,3,62,52,0,0,0.16,4.19,14.06,34.38,4.44,22.22,44.44,34.81,50,39.58,52.08
2026-02-24,7,8,2026-02-24 18:39:00,5,中日スポーツ賞 第46回龍神杯,2,4555,富永 大一,2,36,52.7,0,0,0.19,5.64,35.14,60.81,4.92,29.17,50,16.67,25.64,35.48,58.06
2026-02-24,7,8,2026-02-24 18:39:00,5,中日スポーツ賞 第46回龍神杯,3,3517,高橋 勲,2,58,56.5,0,0,0.15,5.23,33.33,56.25,6.29,42.86,57.14,39.52,55.65,35.96,47.37
2026-02-24,7,8,2026-02-24 18:39:00,5,中日スポーツ賞 第46回龍神杯,4,3251,平石 和男,2,59,51,0,0,0.19,5.31,32.56,51.16,7.05,60,75,19.75,43.21,26.4,44.8
2026-02-24,7,8,2026-02-24 18:39:00,5,中日スポーツ賞 第46回龍神杯,5,3845,中谷 朋子,3,49,45.5,0,0,0.19,5.04,31.48,46.3,6.15,47.06,61.76,25.2,41.46,38.93,55.73
2026-02-24,7,8,2026-02-24 18:39:00,5,中日スポーツ賞 第46回龍神杯,6,5143,常盤 海心,3,24,54.3,0,0,0.19,4.07,19.32,35.23,0,0,0,26.67,40.95,41.27,58.73
2026-02-24,7,9,2026-02-24 19:09:00,5,中日スポーツ賞 第46回龍神杯,1,4074,柳沢 一,1,44,51.5,0,0,0.13,6.31,40.71,60.18,6.58,49.28,57.97,33.95,51.85,39.37,51.18
2026-02-24,7,9,2026-02-24 19:09:00,5,中日スポーツ賞 第46回龍神杯,2,4596,葛原 大陽,1,42,52.1,0,0,0.14,6.15,42.73,67.27,5.43,19.05,52.38,38.97,50.74,40,57.5
2026-02-24,7,9,2026-02-24 19:09:00,5,中日スポーツ賞 第46回龍神杯,3,4441,末永 由楽,2,39,52,0,0,0.14,6.74,48.57,75.24,7.36,54.55,81.82,13.58,32.1,27.03,44.14
2026-02-24,7,9,2026-02-24 19:09:00,5,中日スポーツ賞 第46回龍神杯,4,3333,丸尾 義孝,2,57,52,0,0,0.14,6.03,38.58,60.63,0,0,0,26.89,43.7,28.57,45.05
2026-02-24,7,9,2026-02-24 19:09:00,5,中日スポーツ賞 第46回龍神杯,5,4793,金子 萌,2,35,52,0,0,0.14,6.23,48.65,61.26,4.76,35.29,47.06,28.57,43.96,30.08,49.59
2026-02-24,7,9,2026-02-24 19:09:00,5,中日スポーツ賞 第46回龍神杯,6,4303,牧原 崇,3,42,51.5,0,0,0.17,5.37,33.65,49.04,5.68,41.94,58.06,27.93,45.05,31.34,50
2026-02-24,7,10,2026-02-24 19:40:00,5,中日スポーツ賞 第46回龍神杯,1,4051,清水 敦揮,1,45,53.4,0,0,0.17,6.66,46.94,72.45,7.79,66.67,81.82,33.58,50.75,36.5,54.01
2026-02-24,7,10,2026-02-24 19:40:00,5,中日スポーツ賞 第46回龍神杯,2,4324,海野 康志郎,1,38,56.5,0,0,0.14,7.6,57.82,70.07,0,0,0,31.68,51.55,42.55,63.12
2026-02-24,7,10,2026-02-24 19:40:00,5,中日スポーツ賞 第46回龍神杯,3,4083,福島 勇樹,1,46,51.5,0,0,0.14,7,56.67,72.5,6.13,50,56.25,32.84,48.51,26.47,37.25
2026-02-24,7,10,2026-02-24 19:40:00,5,中日スポーツ賞 第46回龍神杯,4,4148,枝尾 賢,2,44,52,0,0,0.16,5.96,43.59,63.25,4.82,23.53,47.06,35.25,51.8,30.17,51.72
2026-02-24,7,10,2026-02-24 19:40:00,5,中日スポーツ賞 第46回龍神杯,5,5060,数原 魁,3,28,52,0,0,0.17,5.37,35.4,55.75,5.11,33.33,44.44,31.85,49.63,20.35,35.4
2026-02-24,7,10,2026-02-24 19:40:00,5,中日スポーツ賞 第46回龍神杯,6,4099,吉永 則雄,1,47,52.5,0,0,0.17,6.44,47,66,6.39,48.48,63.64,32.5,49.38,29.51,44.26
2026-02-24,7,11,2026-02-24 20:10:00,5,中日スポーツ賞 第46回龍神杯,1,4532,秋元 哲,1,37,51.5,0,0,0.13,6.96,54.84,69.35,6,25,65,31.08,47.3,45.45,61.54
2026-02-24,7,11,2026-02-24 20:10:00,5,中日スポーツ賞 第46回龍神杯,2,4601,森野 正弘,2,41,53,0,0,0.14,6.53,48.09,66.41,6.15,40.74,70.37,29.5,50.36,25.24,42.72
2026-02-24,7,11,2026-02-24 20:10:00,5,中日スポーツ賞 第46回龍神杯,3,4786,佐藤 博亮,1,37,52,0,0,0.13,6.76,52.59,68.89,5.8,38.78,51.02,32,48,45.74,61.24
2026-02-24,7,11,2026-02-24 20:10:00,5,中日スポーツ賞 第46回龍神杯,4,3995,重野 哲之,1,46,53.3,0,0,0.12,6.32,41.11,65.56,0,0,0,25,35.53,30.77,53.85
2026-02-24,7,11,2026-02-24 20:10:00,5,中日スポーツ賞 第46回龍神杯,5,3788,一宮 稔弘,2,54,52,0,0,0.12,5.86,44.32,56.82,0,0,0,23.08,35.9,43.57,63.57
2026-02-24,7,11,2026-02-24 20:10:00,5,中日スポーツ賞 第46回龍神杯,6,4128,川口 貴久,3,45,55.1,0,0,0.17,4.87,23.16,47.37,4.83,38.89,38.89,27.27,45.45,30,39.09
2026-02-24,7,12,2026-02-24 20:40:00,5,中日スポーツ賞 第46回龍神杯,1,4941,孫崎 百世,3,37,47.8,0,0,0.22,4.38,20.69,37.93,2.67,0,22.22,21.54,32.31,39.86,57.34
2026-02-24,7,12,2026-02-24 20:40:00,5,中日スポーツ賞 第46回龍神杯,2,3580,水口 由紀,3,53,49.1,0,0,0.19,4.04,18.75,32.5,3.42,15.38,19.23,30.28,48.62,28.57,43.81
2026-02-24,7,12,2026-02-24 20:40:00,5,中日スポーツ賞 第46回龍神杯,3,4854,大橋 由珠,4,30,44.5,0,0,0.18,5.04,28.26,47.83,0,0,0,28.28,45.45,29.37,50
2026-02-24,7,12,2026-02-24 20:40:00,5,中日スポーツ賞 第46回龍神杯,4,3845,中谷 朋子,3,49,45.5,0,0,0.19,5.04,31.48,46.3,6.15,47.06,61.76,25.2,41.46,38.93,55.73
2026-02-24,7,12,2026-02-24 20:40:00,5,中日スポーツ賞 第46回龍神杯,5,5314,中曽 瑠華,4,25,52,0,0,0.18,2.79,9.86,16.9,1.13,0,0,33.33,52.27,38.1,49.21
2026-02-24,7,12,2026-02-24 20:40:00,5,中日スポーツ賞 第46回龍神杯,6,5003,来田 衣織,3,29,47,0,0,0.17,4.6,29.87,40.26,4.13,25,37.5,31.85,45.19,36.23,47.1
2026-02-24,11,1,2026-02-24 10:31:00,5,奥村佃煮提供第3回びわこお魚0929CUP,1,3591,後藤 孝義,4,57,52,0,0,0.17,3.59,17.95,28.21,4.56,22.22,33.33,30.81,45.41,32.99,52.79
2026-02-24,11,1,2026-02-24 10:31:00,5,奥村佃煮提供第3回びわこお魚0929CUP,2,4167,片岡 秀樹,3,43,55.9,0,0,0.16,4.48,22.83,44.57,3.33,11.11,33.33,30.24,41.46,38.65,51.21
2026-02-24,11,1,2026-02-24 10:31:00,5,奥村佃煮提供第3回びわこお魚0929CUP,3,5009,大賀 龍之介,3,29,54.2,0,0,0.16,4.91,32.56,46.51,2.57,0,14.29,42.44,57.14,30.93,51.55
2026-02-24,11,1,2026-02-24 10:31:00,5,奥村佃煮提供第3回びわこお魚0929CUP,4,4103,山崎 善庸,3,46,53.1,0,0,0.23,4,17.72,31.65,4.61,27.78,44.44,34.25,54.79,36.73,54.08
2026-02-24,11,1,2026-02-24 10:31:00,5,奥村佃煮提供第3回びわこお魚0929CUP,5,3872,岡田 憲行,3,49,53.7,0,0,0.2,5.84,38.52,59.84,5.9,36.67,63.33,37.44,54.5,36.13,50.26
2026-02-24,11,1,2026-02-24 10:31:00,5,奥村佃煮提供第3回びわこお魚0929CUP,6,5280,廣瀬 凜,2,23,52,0,0,0.17,6.53,46,70,5.15,27.21,50,30.61,44.9,24.86,38.12
2026-02-24,11,2,2026-02-24 11:01:00,5,奥村佃煮提供第3回びわこお魚0929CUP,1,4345,西舘 健,2,40,54,0,0,0.17,5.28,36.36,51.82,5.67,33.33,58.33,34.22,57.75,31.75,46.03
2026-02-24,11,2,2026-02-24 11:01:00,5,奥村佃煮提供第3回びわこお魚0929CUP,2,3508,久富 政弘,3,54,54.1,0,0,0.19,5.02,28.09,49.44,4.11,22.22,33.33,27.08,44.79,38.27,61.22
2026-02-24,11,2,2026-02-24 11:01:00,5,奥村佃煮提供第3回びわこお魚0929CUP,3,3761,山本 光雄,3,54,52.6,0,0,0.17,5.14,31.82,50,5.12,28.99,46.38,43.41,59.02,32.8,51.61
2026-02-24,11,2,2026-02-24 11:01:00,5,奥村佃煮提供第3回びわこお魚0929CUP,4,5037,田頭 虎親,3,27,52,0,0,0.19,5.21,33.33,52.78,0,0,0,29.95,43.15,40,55
2026-02-24,11,2,2026-02-24 11:01:00,5,奥村佃煮提供第3回びわこお魚0929CUP,5,4640,山ノ内 雅人,2,35,52,0,0,0.15,6.07,43.08,64.62,6,37.5,62.5,31.32,51.65,32.65,48.47
2026-02-24,11,2,2026-02-24 11:01:00,5,奥村佃煮提供第3回びわこお魚0929CUP,6,3679,飯島 昌弘,1,52,52.1,1,0,0.14,6.03,39.02,60.98,7.59,52.94,88.24,28.57,48.21,35.35,53.03
2026-02-24,11,3,2026-02-24 11:30:00,5,奥村佃煮提供第3回びわこお魚0929CUP,1,5243,三馬 崇史,2,25,53.4,1,0,0.14,5.01,32.26,48.39,3.92,12.5,37.5,31.28,48.6,40.2,57.84
2026-02-24,11,3,2026-02-24 11:30:00,5,奥村佃煮提供第3回びわこお魚0929CUP,2,5061,中村 駿平,3,28,52,0,0,0.15,3.93,21.43,32.14,0,0,0,36.55,51.78,35.53,47.21
2026-02-24,11,3,2026-02-24 11:30:00,5,奥村佃煮提供第3回びわこお魚0929CUP,3,5012,加倉 侑征,2,28,52.2,0,0,0.12,5.6,35.35,55.56,7.11,61.11,72.22,30.88,44.61,31,47
2026-02-24,11,3,2026-02-24 11:30:00,5,奥村佃煮提供第3回びわこお魚0929CUP,4,3796,長野 道臣,3,52,55,0,0,0.16,5.23,39.19,52.7,5.14,33.33,52.38,35.89,52.63,34.5,46
2026-02-24,11,3,2026-02-24 11:30:00,5,奥村佃煮提供第3回びわこお魚0929CUP,5,4058,野末 智一,2,46,51.5,0,0,0.19,6.51,48.72,71.79,5.77,30.77,69.23,41.92,58.95,27.23,45.55
2026-02-24,11,3,2026-02-24 11:30:00,5,奥村佃煮提供第3回びわこお魚0929CUP,6,5441,鈴木 雄登,4,20,49,0,0,,3.7,21.05,28.07,0,0,0,34.6,49.29,29.53,43.52
2026-02-24,11,4,2026-02-24 12:00:00,5,奥村佃煮提供第3回びわこお魚0929CUP,1,3950,石川 哲秀,3,49,56.3,0,0,0.16,3.81,16.22,33.78,4,18.37,34.69,33.88,51.37,29.32,45.55
2026-02-24,11,4,2026-02-24 12:00:00,5,奥村佃煮提供第3回びわこお魚0929CUP,2,3661,柳瀬 興志,3,56,58.6,0,0,0.16,5.42,30.16,55.56,5.25,30,60,33.51,53.61,38.31,52.74
2026-02-24,11,4,2026-02-24 12:00:00,5,奥村佃煮提供第3回びわこお魚0929CUP,3,5015,高橋 竜矢,1,28,51,0,0,0.13,6.69,47.71,66.97,8.12,64.71,82.35,33.64,51.61,36.14,54.46
2026-02-24,11,4,2026-02-24 12:00:00,5,奥村佃煮提供第3回びわこお魚0929CUP,4,5385,鈴木 柊介,4,21,56,0,0,0.16,2.52,7.81,14.06,1.65,5.88,5.88,34.41,47.31,36.32,53.16
2026-02-24,11,4,2026-02-24 12:00:00,5,奥村佃煮提供第3回びわこお魚0929CUP,5,4394,永嶋 裕一,2,39,52.4,0,0,0.14,5.95,39.36,62.77,4.93,20.69,51.72,41.53,59.32,30,51.5
2026-02-24,11,4,2026-02-24 12:00:00,5,奥村佃煮提供第3回びわこお魚0929CUP,6,4471,新田 泰章,1,38,52.6,0,0,0.15,6.98,52.34,74.22,6.09,36.36,72.73,31.03,48.28,31.22,52.91
2026-02-24,11,5,2026-02-24 12:27:00,5,奥村佃煮提供第3回びわこお魚0929CUP,1,4146,柳橋 宏紀,3,44,52.6,0,0,0.16,5.82,39.29,59.82,5.37,35.59,55.08,28.41,42.61,37.44,51.23
2026-02-24,11,5,2026-02-24 12:27:00,5,奥村佃煮提供第3回びわこお魚0929CUP,2,4521,小池 公生,1,38,52,1,0,0.17,5.11,34.94,46.99,4.9,35,45,38.49,57.32,34.9,49.48
2026-02-24,11,5,2026-02-24 12:27:00,5,奥村佃煮提供第3回びわこお魚0929CUP,3,4531,武富 智亮,2,37,53.1,0,0,0.16,6.49,48.82,62.99,5.18,45.45,45.45,46.67,63.92,32.32,45.45
2026-02-24,11,5,2026-02-24 12:27:00,5,奥村佃煮提供第3回びわこお魚0929CUP,4,3998,冨成 謙児,3,46,52,0,0,0.17,4.51,25.32,41.77,3,0,22.22,35.89,55.02,27.32,47.54
2026-02-24,11,5,2026-02-24 12:27:00,5,奥村佃煮提供第3回びわこお魚0929CUP,5,5071,野見山 拓己,3,31,53.1,0,0,0.12,5.47,34.09,53.41,5.39,44.44,61.11,33.33,46.15,36.36,49.28
2026-02-24,11,5,2026-02-24 12:27:00,5,奥村佃煮提供第3回びわこお魚0929CUP,6,4428,有賀 達也,1,40,52,1,0,0.14,6.54,48.21,64.29,7.05,56.41,76.92,28.32,43.93,37.82,52.85
2026-02-24,11,6,2026-02-24 12:58:00,5,奥村佃煮提供第3回びわこお魚0929CUP,1,4452,松尾 祭,2,38,52.2,0,0,0.17,5.63,38.39,52.68,5.71,28.57,85.71,28.65,44.32,34.2,50.26
2026-02-24,11,6,2026-02-24 12:58:00,5,奥村佃煮提供第3回びわこお魚0929CUP,2,3602,奥平 拓也,3,55,52.6,1,0,0.18,4.67,23.68,47.37,4.22,22.22,44.44,27.62,43.09,37.62,53.96
2026-02-24,11,6,2026-02-24 12:58:00,5,奥村佃煮提供第3回びわこお魚0929CUP,3,5329,金子 龍斗,3,22,50.5,1,0,0.17,4.78,27.84,45.36,3.56,18.75,25,30.69,50.99,25.7,44.69
2026-02-24,11,6,2026-02-24 12:58:00,5,奥村佃煮提供第3回びわこお魚0929CUP,4,4167,片岡 秀樹,3,43,55.9,0,0,0.16,4.48,22.83,44.57,3.33,11.11,33.33,30.24,41.46,38.65,51.21
2026-02-24,11,6,2026-02-24 12:58:00,5,奥村佃煮提供第3回びわこお魚0929CUP,5,4852,川原 祐明,1,31,52,0,0,0.15,7.25,55.56,78.57,5.86,39.29,57.14,35.71,54.76,25.44,40.83
2026-02-24,11,6,2026-02-24 12:58:00,5,奥村佃煮提供第3回びわこお魚0929CUP,6,4904,松本 一毅,2,31,52,0,0,0.17,5.22,33.02,52.83,4.69,31.25,37.5,48.41,63.49,37.13,55.45
2026-02-24,11,7,2026-02-24 13:29:00,5,奥村佃煮提供第3回びわこお魚0929CUP,1,5012,加倉 侑征,2,28,52.2,0,0,0.12,5.6,35.35,55.56,7.11,61.11,72.22,30.88,44.61,31,47
2026-02-24,11,7,2026-02-24 13:29:00,5,奥村佃煮提供第3回びわこお魚0929CUP,2,4263,武重 雄介,2,41,56,0,0,0.16,5.84,44.58,56.63,5.65,50,60,31.91,45.21,33.68,51.81
2026-02-24,11,7,2026-02-24 13:29:00,5,奥村佃煮提供第3回びわこお魚0929CUP,3,5037,田頭 虎親,3,27,52,0,0,0.19,5.21,33.33,52.78,0,0,0,29.95,43.15,40,55
2026-02-24,11,7,2026-02-24 13:29:00,5,奥村佃煮提供第3回びわこお魚0929CUP,4,4702,三浦 敬太,1,38,52.2,0,0,0.14,6.49,51.46,66.99,6.88,56,76,38.81,56.72,35.82,53.23
2026-02-24,11,7,2026-02-24 13:29:00,5,奥村佃煮提供第3回びわこお魚0929CUP,5,4956,齊藤 大将,4,30,56,0,0,0.18,5.29,38.1,54.76,4.4,25,35,26.79,38.1,26.34,43.01
2026-02-24,11,7,2026-02-24 13:29:00,5,奥村佃煮提供第3回びわこお魚0929CUP,6,5009,大賀 龍之介,3,29,54.2,0,0,0.16,4.91,32.56,46.51,2.57,0,14.29,42.44,57.14,30.93,51.55
2026-02-24,11,8,2026-02-24 14:02:00,5,奥村佃煮提供第3回びわこお魚0929CUP,1,3339,泉 具巳,3,60,55.1,0,0,0.17,4.16,24.42,37.21,4.63,25,37.5,29.09,47.88,35.03,53.3
2026-02-24,11,8,2026-02-24 14:02:00,5,奥村佃煮提供第3回びわこお魚0929CUP,2,4394,永嶋 裕一,2,39,52.7,0,0,0.14,5.95,39.36,62.77,4.93,20.69,51.72,41.53,59.32,30,51.5
2026-02-24,11,8,2026-02-24 14:02:00,5,奥村佃煮提供第3回びわこお魚0929CUP,3,3679,飯島 昌弘,1,52,52.1,1,0,0.14,6.03,39.02,60.98,7.59,52.94,88.24,28.57,48.21,35.35,53.03
2026-02-24,11,8,2026-02-24 14:02:00,5,奥村佃煮提供第3回びわこお魚0929CUP,4,3867,松浦 勝,3,50,55,0,0,0.16,4.16,21.65,36.08,4.17,22.22,38.89,41.92,59.62,28.8,48.17
2026-02-24,11,8,2026-02-24 14:02:00,5,奥村佃煮提供第3回びわこお魚0929CUP,5,5398,鐘ヶ江 真司,3,24,52.5,0,0,0.18,2.65,3.9,18.18,0,0,0,42.86,57.53,28.21,45.13
2026-02-24,11,8,2026-02-24 14:02:00,5,奥村佃煮提供第3回びわこお魚0929CUP,6,3796,長野 道臣,3,52,55.3,0,0,0.16,5.23,39.19,52.7,5.14,33.33,52.38,35.89,52.63,34.5,46
2026-02-24,11,9,2026-02-24 14:33:00,5,奥村佃煮提供第3回びわこお魚0929CUP,1,3872,岡田 憲行,3,49,53.7,0,0,0.2,5.84,38.52,59.84,5.9,36.67,63.33,37.44,54.5,36.13,50.26
2026-02-24,11,9,2026-02-24 14:33:00,5,奥村佃煮提供第3回びわこお魚0929CUP,2,4953,尾上 雅也,1,31,52,0,0,0.14,6.71,52.78,65.74,6.68,50,70.59,30.97,44.52,31.87,48.35
2026-02-24,11,9,2026-02-24 14:33:00,5,奥村佃煮提供第3回びわこお魚0929CUP,3,4471,新田 泰章,1,38,52.6,0,0,0.15,6.98,52.34,74.22,6.09,36.36,72.73,31.03,48.28,31.22,52.91
2026-02-24,11,9,2026-02-24 14:33:00,5,奥村佃煮提供第3回びわこお魚0929CUP,4,4640,山ノ内 雅人,2,35,52,0,0,0.15,6.07,43.08,64.62,6,37.5,62.5,31.32,51.65,32.65,48.47
2026-02-24,11,9,2026-02-24 14:33:00,5,奥村佃煮提供第3回びわこお魚0929CUP,5,4146,柳橋 宏紀,3,44,52.6,0,0,0.16,5.82,39.29,59.82,5.37,35.59,55.08,28.41,42.61,37.44,51.23
2026-02-24,11,9,2026-02-24 14:33:00,5,奥村佃煮提供第3回びわこお魚0929CUP,6,5396,近藤 来希,4,24,50.5,1,0,0.2,1.94,3.23,8.06,1.29,0,0,32.51,52.22,49.05,65.71
2026-02-24,11,10,2026-02-24 15:02:00,5,奥村佃煮提供第3回びわこお魚0929CUP,1,4136,江夏 満,1,45,52.1,1,0,0.16,6.98,51.02,77.55,6.28,50,66.67,39.01,58.74,30.85,49.25
2026-02-24,11,10,2026-02-24 15:02:00,5,奥村佃煮提供第3回びわこお魚0929CUP,2,4058,野末 智一,2,46,51.5,0,0,0.19,6.51,48.72,71.79,5.77,30.77,69.23,41.92,58.95,27.23,45.55
2026-02-24,11,10,2026-02-24 15:02:00,5,奥村佃煮提供第3回びわこお魚0929CUP,3,5245,倉富 大誠,3,24,52,1,0,0.17,4.38,23.17,41.46,4.32,20,32,34.72,47.22,40.72,57.22
2026-02-24,11,10,2026-02-24 15:02:00,5,奥村佃煮提供第3回びわこお魚0929CUP,4,4345,西舘 健,2,40,54,0,0,0.17,5.28,36.36,51.82,5.67,33.33,58.33,34.22,57.75,31.75,46.03
2026-02-24,11,10,2026-02-24 15:02:00,5,奥村佃煮提供第3回びわこお魚0929CUP,5,5329,金子 龍斗,3,22,50.5,1,0,0.17,4.78,27.84,45.36,3.56,18.75,25,30.69,50.99,25.7,44.69
2026-02-24,11,10,2026-02-24 15:02:00,5,奥村佃煮提供第3回びわこお魚0929CUP,6,3998,冨成 謙児,3,46,52,0,0,0.17,4.51,25.32,41.77,3,0,22.22,35.89,55.02,27.32,47.54
2026-02-24,11,11,2026-02-24 15:34:00,5,奥村佃煮提供第3回びわこお魚0929CUP,1,4702,三浦 敬太,1,38,52.2,0,0,0.14,6.49,51.46,66.99,6.88,56,76,38.81,56.72,35.82,53.23
2026-02-24,11,11,2026-02-24 15:34:00,5,奥村佃煮提供第3回びわこお魚0929CUP,2,4531,武富 智亮,2,37,53.1,0,0,0.16,6.49,48.82,62.99,5.18,45.45,45.45,46.67,63.92,32.32,45.45
2026-02-24,11,11,2026-02-24 15:34:00,5,奥村佃煮提供第3回びわこお魚0929CUP,3,4904,松本 一毅,2,31,52,0,0,0.17,5.22,33.02,52.83,4.69,31.25,37.5,48.41,63.49,37.13,55.45
2026-02-24,11,11,2026-02-24 15:34:00,5,奥村佃煮提供第3回びわこお魚0929CUP,4,3761,山本 光雄,3,54,52.6,0,0,0.17,5.14,31.82,50,5.12,28.99,46.38,43.41,59.02,32.8,51.61
2026-02-24,11,11,2026-02-24 15:34:00,5,奥村佃煮提供第3回びわこお魚0929CUP,5,5243,三馬 崇史,2,25,53.4,1,0,0.14,5.01,32.26,48.39,3.92,12.5,37.5,31.28,48.6,40.2,57.84
2026-02-24,11,11,2026-02-24 15:34:00,5,奥村佃煮提供第3回びわこお魚0929CUP,6,3661,柳瀬 興志,3,56,58.6,0,0,0.16,5.42,30.16,55.56,5.25,30,60,33.51,53.61,38.31,52.74
2026-02-24,11,12,2026-02-24 16:14:00,5,奥村佃煮提供第3回びわこお魚0929CUP,1,5015,高橋 竜矢,1,28,51,0,0,0.13,6.69,47.71,66.97,8.12,64.71,82.35,33.64,51.61,36.14,54.46
2026-02-24,11,12,2026-02-24 16:14:00,5,奥村佃煮提供第3回びわこお魚0929CUP,2,5280,廣瀬 凜,2,23,52,0,0,0.17,6.53,46,70,5.15,27.21,50,30.61,44.9,24.86,38.12
2026-02-24,11,12,2026-02-24 16:14:00,5,奥村佃煮提供第3回びわこお魚0929CUP,3,3339,泉 具巳,3,60,55.1,0,0,0.17,4.16,24.42,37.21,4.63,25,37.5,29.09,47.88,35.03,53.3
2026-02-24,11,12,2026-02-24 16:14:00,5,奥村佃煮提供第3回びわこお魚0929CUP,4,4452,松尾 祭,2,38,52.2,0,0,0.17,5.63,38.39,52.68,5.71,28.57,85.71,28.65,44.32,34.2,50.26
2026-02-24,11,12,2026-02-24 16:14:00,5,奥村佃煮提供第3回びわこお魚0929CUP,5,3508,久富 政弘,3,54,54.1,0,0,0.19,5.02,28.09,49.44,4.11,22.22,33.33,27.08,44.79,38.27,61.22
2026-02-24,11,12,2026-02-24 16:14:00,5,奥村佃煮提供第3回びわこお魚0929CUP,6,4263,武重 雄介,2,41,56,0,0,0.16,5.84,44.58,56.63,5.65,50,60,31.91,45.21,33.68,51.81
2026-02-24,12,1,2026-02-24 15:17:00,5,BTS大和ごせ12周年記念トランスワードトロフィー,1,3990,芹澤 克彦,3,47,52.7,0,0,0.15,4.65,24.32,36.49,4.85,26.92,38.46,22.22,37.88,41.18,56.86
2026-02-24,12,1,2026-02-24 15:17:00,5,BTS大和ごせ12周年記念トランスワードトロフィー,2,5242,高山 弘斗,3,25,55.2,0,0,0.17,4.04,20.73,35.37,4.05,19.05,38.1,40.64,57.75,31.09,52.85
2026-02-24,12,1,2026-02-24 15:17:00,5,BTS大和ごせ12周年記念トランスワードトロフィー,3,5032,谷口 知優,3,28,52.4,0,0,0.15,5.52,30.3,60.61,0,0,0,39.15,56.08,40.53,58.95
2026-02-24,12,1,2026-02-24 15:17:00,5,BTS大和ごせ12周年記念トランスワードトロフィー,4,4600,井内 将太郎,2,41,52.8,0,0,0.13,6.36,47.52,67.33,5.17,34.78,56.52,35.38,54.36,33.33,55.03
2026-02-24,12,1,2026-02-24 15:17:00,5,BTS大和ごせ12周年記念トランスワードトロフィー,5,5316,村松 将平,3,25,52.3,0,0,0.15,4.93,26.19,48.81,2.77,11.54,19.23,42.62,56.83,35.11,50
2026-02-24,12,1,2026-02-24 15:17:00,5,BTS大和ごせ12周年記念トランスワードトロフィー,6,3562,山下 和彦,2,56,52,0,0,0.16,5.78,42.86,58.1,0,0,0,31.86,50.49,32.61,50
2026-02-24,12,2,2026-02-24 15:41:00,5,BTS大和ごせ12周年記念トランスワードトロフィー,1,4474,渡辺 崇,3,38,55,0,0,0.19,5.19,30.21,51.04,6.6,40,70,39.29,53.06,29.89,50
2026-02-24,12,2,2026-02-24 15:41:00,5,BTS大和ごせ12周年記念トランスワードトロフィー,2,4610,佐藤 大佑,2,35,53.7,0,0,0.16,6.53,48.33,62.5,5.43,42.86,57.14,30.39,49.02,29.71,44.57
2026-02-24,12,2,2026-02-24 15:41:00,5,BTS大和ごせ12周年記念トランスワードトロフィー,3,4550,石岡 将太,3,37,55.2,0,0,0.15,5.54,38.2,53.93,0,0,0,40.54,55.14,40.32,56.99
2026-02-24,12,2,2026-02-24 15:41:00,5,BTS大和ごせ12周年記念トランスワードトロフィー,4,3857,阿波 勝哉,3,52,55.4,0,0,0.2,4.82,25.49,42.16,3.59,5.88,29.41,35,51,30.69,46.53
2026-02-24,12,2,2026-02-24 15:41:00,5,BTS大和ごせ12周年記念トランスワードトロフィー,5,4069,山本 修一,1,45,52.7,0,0,0.18,6.4,46.77,67.74,6.93,59.26,66.67,30.54,42.86,42.62,56.28
2026-02-24,12,2,2026-02-24 15:41:00,5,BTS大和ごせ12周年記念トランスワードトロフィー,6,5176,石倉 拓美,4,32,53.9,0,0,0.21,2.7,6.98,13.95,0,0,0,35.18,57.79,31.96,48.97
2026-02-24,12,3,2026-02-24 16:06:00,5,BTS大和ごせ12周年記念トランスワードトロフィー,1,5006,久保原 秀人,3,29,54.5,0,0,0.17,2.81,6.45,16.13,2.55,4.55,18.18,35.9,55.38,39.11,54.75
2026-02-24,12,3,2026-02-24 16:06:00,5,BTS大和ごせ12周年記念トランスワードトロフィー,2,4193,郷原 章平,1,44,51.5,0,0,0.17,6.3,44.53,62.5,5.25,46.43,57.14,36.73,48.98,39.05,53.85
2026-02-24,12,3,2026-02-24 16:06:00,5,BTS大和ごせ12周年記念トランスワードトロフィー,3,3664,鈴木 賢一,3,55,56.5,0,0,0.17,4.64,23.46,44.44,0,0,0,42.78,61.86,32.24,51.37
2026-02-24,12,3,2026-02-24 16:06:00,5,BTS大和ごせ12周年記念トランスワードトロフィー,4,4402,乙藤 智史,2,41,54.4,0,0,0.17,5.41,40.51,53.16,5.95,42.11,57.89,35.11,54.79,34.66,52.84
2026-02-24,12,3,2026-02-24 16:06:00,5,BTS大和ごせ12周年記念トランスワードトロフィー,5,4581,吉村 誠,1,36,52,0,0,0.14,6.19,42.65,60.29,6.12,47.06,64.71,31.71,48.29,35.23,56.48
2026-02-24,12,3,2026-02-24 16:06:00,5,BTS大和ごせ12周年記念トランスワードトロフィー,6,5432,安藤 瑠希,4,21,52.2,0,0,,1.69,0,4.76,0,0,0,33.51,57.22,29.44,43.33
2026-02-24,12,4,2026-02-24 16:35:00,5,BTS大和ごせ12周年記念トランスワードトロフィー,1,3563,堤 昇,3,56,53,0,0,0.16,4.76,26.92,44.87,5.28,33.33,61.11,42.47,56.99,31.82,50
2026-02-24,12,4,2026-02-24 16:35:00,5,BTS大和ごせ12周年記念トランスワードトロフィー,2,4643,近江 翔吾,1,33,52.3,1,0,0.14,5.97,42,58,6.08,34.62,57.69,34.16,51.98,37.84,54.05
2026-02-24,12,4,2026-02-24 16:35:00,5,BTS大和ごせ12周年記念トランスワードトロフィー,3,4467,渡邉 俊介,2,39,51,0,0,0.13,6.35,45.08,66.39,5.67,33.33,60,46.28,65.96,37.37,56.32
2026-02-24,12,4,2026-02-24 16:35:00,5,BTS大和ごせ12周年記念トランスワードトロフィー,4,3696,白井 友晴,3,53,52.8,0,0,0.19,5.04,21.79,51.28,5.33,44.44,55.56,37.06,52.28,38.31,49.75
2026-02-24,12,4,2026-02-24 16:35:00,5,BTS大和ごせ12周年記念トランスワードトロフィー,5,3582,吉川 昭男,2,53,52.3,0,0,0.15,5.87,44.62,58.46,5.82,41.18,58.82,26.52,41.44,35.39,50.56
2026-02-24,12,4,2026-02-24 16:35:00,5,BTS大和ごせ12周年記念トランスワードトロフィー,6,5400,高村 諒,4,23,52.9,0,0,0.2,1.77,1.52,4.55,0,0,0,40.86,55.91,29.65,51.74
2026-02-24,12,5,2026-02-24 17:01:00,5,BTS大和ごせ12周年記念トランスワードトロフィー,1,5096,上原 崚,2,30,52.8,1,0,0.13,5.59,39.25,47.66,5.44,38.89,50,35.2,52.04,29.38,49.15
2026-02-24,12,5,2026-02-24 17:01:00,5,BTS大和ごせ12周年記念トランスワードトロフィー,2,5032,谷口 知優,3,28,52.4,0,0,0.15,5.52,30.3,60.61,0,0,0,39.15,56.08,40.53,58.95
2026-02-24,12,5,2026-02-24 17:01:00,5,BTS大和ごせ12周年記念トランスワードトロフィー,3,3928,林 恵祐,3,50,59.3,0,0,0.17,3.48,15.84,24.75,3.78,33.33,33.33,32.83,50.51,28,42.86
2026-02-24,12,5,2026-02-24 17:01:00,5,BTS大和ごせ12周年記念トランスワードトロフィー,4,5269,山口 晃朋,3,25,52,1,0,0.13,5.23,33.68,47.37,0,0,0,35.42,46.35,45.51,64.1
2026-02-24,12,5,2026-02-24 17:01:00,5,BTS大和ごせ12周年記念トランスワードトロフィー,5,4389,伊藤 喜智,3,40,52,0,0,0.18,5.36,32.94,48.24,5,32.14,48.21,28.64,47.74,32.02,44.33
2026-02-24,12,5,2026-02-24 17:01:00,5,BTS大和ごせ12周年記念トランスワードトロフィー,6,3737,上平 真二,1,52,52.1,0,0,0.18,6.77,46.23,62.26,6.83,44.44,61.11,31,50,37.1,51.61
2026-02-24,12,6,2026-02-24 17:29:00,5,BTS大和ごせ12周年記念トランスワードトロフィー,1,3742,宮地 秀祈,3,51,52,0,0,0.18,4.64,25.97,45.45,5.15,35,50,32.97,47.8,30.94,50.83
2026-02-24,12,6,2026-02-24 17:29:00,5,BTS大和ごせ12周年記念トランスワードトロフィー,2,3982,福田 理,3,48,54.2,0,0,0.15,4.1,20.99,33.33,3.88,12.5,37.5,40.66,52.75,34.05,51.35
2026-02-24,12,6,2026-02-24 17:29:00,5,BTS大和ごせ12周年記念トランスワードトロフィー,3,4649,和田 操拓,2,41,52,0,0,0.12,4.85,25.83,40.83,6.36,50,68.18,37.24,55.61,35.18,49.25
2026-02-24,12,6,2026-02-24 17:29:00,5,BTS大和ごせ12周年記念トランスワードトロフィー,4,5242,高山 弘斗,3,25,55.2,0,0,0.17,4.04,20.73,35.37,4.05,19.05,38.1,40.64,57.75,31.09,52.85
2026-02-24,12,6,2026-02-24 17:29:00,5,BTS大和ごせ12周年記念トランスワードトロフィー,5,4561,藤山 翔大,2,35,52,0,0,0.19,5.82,43.43,55.56,5.72,41.54,50.77,47.09,61.38,35.79,47.37
2026-02-24,12,6,2026-02-24 17:29:00,5,BTS大和ごせ12周年記念トランスワードトロフィー,6,5115,香川 颯太,4,26,52,0,0,0.15,4.25,25,36.54,5.53,35.29,41.18,38.95,58.42,38.92,53.51
2026-02-24,12,7,2026-02-24 17:57:00,5,BTS大和ごせ12周年記念トランスワードトロフィー,1,4723,寺島 吉彦,3,40,50.5,0,0,0.18,4.93,31.03,47.13,2.33,0,16.67,32.07,46.2,33.98,49.03
2026-02-24,12,7,2026-02-24 17:57:00,5,BTS大和ごせ12周年記念トランスワードトロフィー,2,4357,田中 和也,1,41,52,0,0,0.16,6.52,45.83,65,6.29,52.38,61.9,33.33,49.74,30.81,46.97
2026-02-24,12,7,2026-02-24 17:57:00,5,BTS大和ごせ12周年記念トランスワードトロフィー,3,3977,山本 兼士,3,48,52.6,0,0,0.16,4.72,25.25,43.43,5.1,26.53,48.98,34.38,53.65,29.44,49.44
2026-02-24,12,7,2026-02-24 17:57:00,5,BTS大和ごせ12周年記念トランスワードトロフィー,4,3562,山下 和彦,2,56,52,0,0,0.16,5.78,42.86,58.1,0,0,0,31.86,50.49,32.61,50
2026-02-24,12,7,2026-02-24 17:57:00,5,BTS大和ごせ12周年記念トランスワードトロフィー,5,5432,安藤 瑠希,4,21,52.2,0,0,,1.69,0,4.76,0,0,0,33.51,57.22,29.44,43.33
2026-02-24,12,7,2026-02-24 17:57:00,5,BTS大和ごせ12周年記念トランスワードトロフィー,6,4550,石岡 将太,3,37,55.2,0,0,0.15,5.54,38.2,53.93,0,0,0,40.54,55.14,40.32,56.99
2026-02-24,12,8,2026-02-24 18:25:00,5,BTS大和ごせ12周年記念トランスワードトロフィー,1,4467,渡邉 俊介,2,39,51,0,0,0.13,6.35,45.08,66.39,5.67,33.33,60,46.28,65.96,37.37,56.32
2026-02-24,12,8,2026-02-24 18:25:00,5,BTS大和ごせ12周年記念トランスワードトロフィー,2,4708,半田 尚也,3,36,54.4,0,0,0.18,4.26,14.77,36.36,2.8,10,20,39.34,55.74,35.79,55.26
2026-02-24,12,8,2026-02-24 18:25:00,5,BTS大和ごせ12周年記念トランスワードトロフィー,3,4474,渡辺 崇,3,38,55,0,0,0.19,5.19,30.21,51.04,6.6,40,70,39.29,53.06,29.89,50
2026-02-24,12,8,2026-02-24 18:25:00,5,BTS大和ごせ12周年記念トランスワードトロフィー,4,5316,村松 将平,3,25,52.3,0,0,0.15,4.93,26.19,48.81,2.77,11.54,19.23,42.62,56.83,35.11,50
2026-02-24,12,8,2026-02-24 18:25:00,5,BTS大和ごせ12周年記念トランスワードトロフィー,5,4361,柳生 泰二,1,41,52.7,0,0,0.15,7.51,57.95,76.14,7.07,40.74,59.26,32.43,48.11,39.76,53.01
2026-02-24,12,8,2026-02-24 18:25:00,5,BTS大和ごせ12周年記念トランスワードトロフィー,6,4155,長野 壮志郎,1,45,54.2,0,0,0.16,6.19,44.79,61.46,0,0,0,33.33,53.23,33.5,49.5
2026-02-24,12,9,2026-02-24 18:54:00,5,BTS大和ごせ12周年記念トランスワードトロフィー,1,4109,谷津 幸宏,1,45,53.1,0,0,0.13,6.01,43.65,59.52,5.21,26.32,47.37,27.78,46.46,28.65,49.71
2026-02-24,12,9,2026-02-24 18:54:00,5,BTS大和ごせ12周年記念トランスワードトロフィー,2,3664,鈴木 賢一,3,55,56.5,0,0,0.17,4.64,23.46,44.44,0,0,0,42.78,61.86,32.24,51.37
2026-02-24,12,9,2026-02-24 18:54:00,5,BTS大和ごせ12周年記念トランスワードトロフィー,3,3737,上平 真二,1,52,52.1,0,0,0.18,6.77,46.23,62.26,6.83,44.44,61.11,31,50,37.1,51.61
2026-02-24,12,9,2026-02-24 18:54:00,5,BTS大和ごせ12周年記念トランスワードトロフィー,4,3990,芹澤 克彦,3,47,52.7,0,0,0.15,4.65,24.32,36.49,4.85,26.92,38.46,22.22,37.88,41.18,56.86
2026-02-24,12,9,2026-02-24 18:54:00,5,BTS大和ごせ12周年記念トランスワードトロフィー,5,5064,品川 二千翔,2,27,51.5,0,0,0.16,5.68,37.62,54.46,5,35.29,47.06,34.87,55.9,33.33,54.69
2026-02-24,12,9,2026-02-24 18:54:00,5,BTS大和ごせ12周年記念トランスワードトロフィー,6,3857,阿波 勝哉,3,52,55.4,0,0,0.2,4.82,25.49,42.16,3.59,5.88,29.41,35,51,30.69,46.53
2026-02-24,12,10,2026-02-24 19:24:00,5,BTS大和ごせ12周年記念トランスワードトロフィー,1,4713,白神 優,1,35,52.4,0,0,0.13,6.82,48.95,72.03,6.88,42.5,75,33.16,55.61,32.99,46.19
2026-02-24,12,10,2026-02-24 19:24:00,5,BTS大和ごせ12周年記念トランスワードトロフィー,2,4402,乙藤 智史,2,41,54.4,0,0,0.17,5.41,40.51,53.16,5.95,42.11,57.89,35.11,54.79,34.66,52.84
2026-02-24,12,10,2026-02-24 19:24:00,5,BTS大和ごせ12周年記念トランスワードトロフィー,3,4865,立具 敬司,3,35,52,0,0,0.17,4.56,22.86,42.86,4.49,23.53,37.25,29.8,50,36.5,55.5
2026-02-24,12,10,2026-02-24 19:24:00,5,BTS大和ごせ12周年記念トランスワードトロフィー,4,4069,山本 修一,1,45,52.7,0,0,0.18,6.4,46.77,67.74,6.93,59.26,66.67,30.54,42.86,42.62,56.28
2026-02-24,12,10,2026-02-24 19:24:00,5,BTS大和ごせ12周年記念トランスワードトロフィー,5,3928,林 恵祐,3,50,59.3,0,0,0.17,3.48,15.84,24.75,3.78,33.33,33.33,32.83,50.51,28,42.86
2026-02-24,12,10,2026-02-24 19:24:00,5,BTS大和ごせ12周年記念トランスワードトロフィー,6,4600,井内 将太郎,2,41,52.8,0,0,0.13,6.36,47.52,67.33,5.17,34.78,56.52,35.38,54.36,33.33,55.03
2026-02-24,12,11,2026-02-24 19:57:00,5,BTS大和ごせ12周年記念トランスワードトロフィー,1,4983,前田 篤哉,1,29,51.5,0,0,0.17,6.93,53.97,68.25,0,0,0,43.59,62.05,42.2,63.58
2026-02-24,12,11,2026-02-24 19:57:00,5,BTS大和ごせ12周年記念トランスワードトロフィー,2,4581,吉村 誠,1,36,52,0,0,0.14,6.19,42.65,60.29,6.12,47.06,64.71,31.71,48.29,35.23,56.48
2026-02-24,12,11,2026-02-24 19:57:00,5,BTS大和ごせ12周年記念トランスワードトロフィー,3,5298,水谷 理人,2,23,51.5,1,0,0.15,7.07,51.64,77.87,5.47,35.29,47.06,35.48,44.09,44.64,62.5
2026-02-24,12,11,2026-02-24 19:57:00,5,BTS大和ごせ12周年記念トランスワードトロフィー,4,5096,上原 崚,2,30,52.8,1,0,0.13,5.59,39.25,47.66,5.44,38.89,50,35.2,52.04,29.38,49.15
2026-02-24,12,11,2026-02-24 19:57:00,5,BTS大和ごせ12周年記念トランスワードトロフィー,5,4723,寺島 吉彦,3,40,50.5,0,0,0.18,4.93,31.03,47.13,2.33,0,16.67,32.07,46.2,33.98,49.03
2026-02-24,12,11,2026-02-24 19:57:00,5,BTS大和ごせ12周年記念トランスワードトロフィー,6,5029,中 亮太,2,28,52.4,1,0,0.13,5.92,40.19,54.21,9,100,100,39.36,62.23,32.84,48.53
2026-02-24,12,12,2026-02-24 20:30:00,5,BTS大和ごせ12周年記念トランスワードトロフィー,1,4361,柳生 泰二,1,41,52.7,0,0,0.15,7.51,57.95,76.14,7.07,40.74,59.26,32.43,48.11,39.76,53.01
2026-02-24,12,12,2026-02-24 20:30:00,5,BTS大和ごせ12周年記念トランスワードトロフィー,2,4561,藤山 翔大,2,35,52,0,0,0.19,5.82,43.43,55.56,5.72,41.54,50.77,47.09,61.38,35.79,47.37
2026-02-24,12,12,2026-02-24 20:30:00,5,BTS大和ごせ12周年記念トランスワードトロフィー,3,4193,郷原 章平,1,44,51.5,0,0,0.17,6.3,44.53,62.5,5.25,46.43,57.14,36.73,48.98,39.05,53.85
2026-02-24,12,12,2026-02-24 20:30:00,5,BTS大和ごせ12周年記念トランスワードトロフィー,4,4643,近江 翔吾,1,33,52.3,1,0,0.14,5.97,42,58,6.08,34.62,57.69,34.16,51.98,37.84,54.05
2026-02-24,12,12,2026-02-24 20:30:00,5,BTS大和ごせ12周年記念トランスワードトロフィー,5,4610,佐藤 大佑,2,35,53.7,0,0,0.16,6.53,48.33,62.5,5.43,42.86,57.14,30.39,49.02,29.71,44.57
2026-02-24,12,12,2026-02-24 20:30:00,5,BTS大和ごせ12周年記念トランスワードトロフィー,6,5269,山口 晃朋,3,25,52,1,0,0.13,5.23,33.68,47.37,0,0,0,35.42,46.35,45.51,64.1
2026-02-24,14,1,2026-02-24 10:50:00,2,第2回スピードクイーンメモリアル,1,5281,井上 遥妃,1,22,46,1,0,0.14,6.72,48.42,70.53,5.45,35,51.67,38.92,52.97,32.46,50.79
2026-02-24,14,1,2026-02-24 10:50:00,2,第2回スピードクイーンメモリアル,2,4963,實森 美祐,1,29,44.5,0,0,0.15,6.45,47.01,62.39,6.83,61.11,66.67,28.06,46.94,34.21,51.05
2026-02-24,14,1,2026-02-24 10:50:00,2,第2回スピードクイーンメモリアル,3,4891,寺島 美里,3,36,47,0,0,0.15,4.56,22.35,41.18,4.8,40,40,38.02,59.38,32,48.5
2026-02-24,14,1,2026-02-24 10:50:00,2,第2回スピードクイーンメモリアル,4,4746,大豆生田 蒼,2,31,47.2,1,0,0.16,5.34,31.51,53.42,4.39,22.22,38.89,34.33,50.75,29.95,44.92
2026-02-24,14,1,2026-02-24 10:50:00,2,第2回スピードクイーンメモリアル,5,4433,川野 芽唯,1,39,47,0,0,0.19,6.75,47.83,68.7,5.95,36.84,63.16,38.34,56.48,39.18,54.12
2026-02-24,14,1,2026-02-24 10:50:00,2,第2回スピードクイーンメモリアル,6,4964,土屋 南,4,29,46,0,0,0.2,5.87,40.98,60.66,1,0,0,39.08,56.32,36.41,46.74
2026-02-24,14,2,2026-02-24 11:17:00,2,第2回スピードクイーンメモリアル,1,4017,向井 美鈴,2,46,45.5,0,0,0.17,5.34,33.33,50,0,0,0,35.42,53.13,35,49.44
2026-02-24,14,2,2026-02-24 11:17:00,2,第2回スピードクイーンメモリアル,2,4590,渡邉 優美,1,33,47.7,0,0,0.16,7.09,49.55,73.87,6.09,45.45,63.64,37.7,55.74,38.17,57.53
2026-02-24,14,2,2026-02-24 11:17:00,2,第2回スピードクイーンメモリアル,3,3900,香川 素子,1,49,47.2,0,0,0.16,6.05,42.48,63.72,6,44.83,58.62,39.13,57.07,40.31,55.5
2026-02-24,14,2,2026-02-24 11:17:00,2,第2回スピードクイーンメモリアル,4,5174,川井 萌,4,24,46,0,0,0.15,7.33,55.56,66.67,4,14.29,14.29,34.18,48.98,29.41,44.12
2026-02-24,14,2,2026-02-24 11:17:00,2,第2回スピードクイーンメモリアル,5,4627,藤原 菜希,2,39,47,1,0,0.15,6.06,45,63.33,6,50,60,35.83,51.87,33.51,54.59
2026-02-24,14,2,2026-02-24 11:17:00,2,第2回スピードクイーンメモリアル,6,4050,田口 節子,1,45,47,0,0,0.14,7.02,57.84,69.61,8.67,88.89,88.89,28.98,44.89,35.98,51.85
2026-02-24,14,3,2026-02-24 11:44:00,2,第2回スピードクイーンメモリアル,1,3435,寺田 千恵,1,56,45.5,0,0,0.16,6.28,43.01,63.44,4.22,22.22,22.22,32.97,49.45,33.33,57.38
2026-02-24,14,3,2026-02-24 11:44:00,2,第2回スピードクイーンメモリアル,2,4519,清水 沙樹,2,39,44.5,0,0,0.15,5.46,40.63,51.04,8.3,70,80,36.73,48.47,33.15,48.07
2026-02-24,14,3,2026-02-24 11:44:00,2,第2回スピードクイーンメモリアル,3,4556,竹井 奈美,1,36,47,0,0,0.15,6.75,52.5,72.5,6.55,54.55,72.73,37.77,54.79,35.98,53.44
2026-02-24,14,3,2026-02-24 11:44:00,2,第2回スピードクイーンメモリアル,4,4208,三浦 永理,1,43,47,0,0,0.15,6.29,39.09,60.91,5.25,31.25,56.25,36.76,51.35,31.63,46.43
2026-02-24,14,3,2026-02-24 11:44:00,2,第2回スピードクイーンメモリアル,5,5057,上田 紗奈,3,29,45.5,0,0,0.16,4.94,31.4,46.51,5,38.46,46.15,31.34,47.26,33.68,52.63
2026-02-24,14,3,2026-02-24 11:44:00,2,第2回スピードクイーンメモリアル,6,4240,今井 裕梨,2,41,45.5,1,0,0.16,5.95,46.79,64.22,6.58,50,66.67,55.29,67.65,41.05,57.89
2026-02-24,14,4,2026-02-24 12:13:00,2,第2回スピードクイーンメモリアル,1,5188,武井 莉里佳,2,25,45,1,0,0.17,5.37,35.35,50.51,6.86,57.14,57.14,29.21,51.98,33.7,49.46
2026-02-24,14,4,2026-02-24 12:13:00,2,第2回スピードクイーンメモリアル,2,4117,廣中 智紗衣,1,45,45.5,1,0,0.2,5.61,37.5,61.54,6.72,50,72.22,37.11,57.73,32.28,48.1
2026-02-24,14,4,2026-02-24 12:13:00,2,第2回スピードクイーンメモリアル,3,4947,間庭 菜摘,3,33,47.1,0,0,0.19,4.85,23,44,5.73,27.27,63.64,31.86,45.1,29.79,51.6
2026-02-24,14,4,2026-02-24 12:13:00,2,第2回スピードクイーンメモリアル,4,4900,中田 夕貴,2,33,47,1,0,0.18,5.78,41.67,56.67,4.75,30,50,28.65,44.94,37.43,54.55
2026-02-24,14,4,2026-02-24 12:13:00,2,第2回スピードクイーンメモリアル,5,4961,西橋 奈未,1,29,47,0,0,0.15,6.72,49.53,65.42,6.75,65,65,28.95,48.95,35.71,48.9
2026-02-24,14,4,2026-02-24 12:13:00,2,第2回スピードクイーンメモリアル,6,4938,小芦 るり華,1,28,47,0,0,0.15,6.69,48.18,67.27,6.24,42.86,66.67,40,53.14,33.51,53.93
2026-02-24,14,5,2026-02-24 12:42:00,2,第2回スピードクイーンメモリアル,1,4611,今井 美亜,2,35,47.9,0,0,0.14,6.35,47.79,60.18,5.38,37.5,43.75,35.12,50.73,31.4,42.44
2026-02-24,14,5,2026-02-24 12:42:00,2,第2回スピードクイーンメモリアル,2,5163,清水 愛海,1,26,46,1,0,0.17,6.5,50.46,67.89,6,54.55,54.55,36.87,59.6,34.69,52.55
2026-02-24,14,5,2026-02-24 12:42:00,2,第2回スピードクイーンメモリアル,3,4733,赤井 睦,3,36,47.2,0,0,0.15,4.83,25.61,42.68,5.2,31.67,48.33,30.81,45.41,32.11,47.37
2026-02-24,14,5,2026-02-24 12:42:00,2,第2回スピードクイーンメモリアル,4,4530,小野 生奈,1,37,47,0,0,0.15,6.79,53.04,66.96,5.45,31.82,50,35.2,49.49,36.93,56.25
2026-02-24,14,5,2026-02-24 12:42:00,2,第2回スピードクイーンメモリアル,5,4123,細川 裕子,1,44,47,0,0,0.19,6.5,45.71,66.67,6.11,50,55.56,30.85,47.34,33.14,48.57
2026-02-24,14,5,2026-02-24 12:42:00,2,第2回スピードクイーンメモリアル,6,5129,山口 真喜子,2,28,47,1,0,0.18,5.08,30.56,50,1,0,0,34.72,51.3,33.7,52.17
2026-02-24,14,6,2026-02-24 13:11:00,2,第2回スピードクイーンメモリアル,1,3611,岩崎 芳美,2,53,47,0,0,0.14,5.23,31.73,49.04,5.94,37.5,59.38,42.71,60.42,33.85,47.92
2026-02-24,14,6,2026-02-24 13:11:00,2,第2回スピードクイーンメモリアル,2,5088,高憧 四季,1,26,44.5,0,0,0.16,6.96,56.67,68,6.42,42.31,65.38,29.53,49.22,37.97,54.01
2026-02-24,14,6,2026-02-24 13:11:00,2,第2回スピードクイーンメモリアル,3,4387,平山 智加,1,40,46.5,0,0,0.15,6.66,50.39,68.99,0,0,0,33.33,47.4,36.17,53.19
2026-02-24,14,6,2026-02-24 13:11:00,2,第2回スピードクイーンメモリアル,4,5193,米丸 乃絵,1,24,47,0,0,0.14,6.53,45.9,70.49,5.5,31.25,56.25,28.25,48.02,41.62,58.92
2026-02-24,14,6,2026-02-24 13:11:00,2,第2回スピードクイーンメモリアル,5,4891,寺島 美里,3,36,47,0,0,0.15,4.56,22.35,41.18,4.8,40,40,38.02,59.38,32,48.5
2026-02-24,14,6,2026-02-24 13:11:00,2,第2回スピードクイーンメモリアル,6,5174,川井 萌,4,24,46,0,0,0.15,7.33,55.56,66.67,4,14.29,14.29,34.18,48.98,29.41,44.12
2026-02-24,14,7,2026-02-24 13:41:00,2,第2回スピードクイーンメモリアル,1,4208,三浦 永理,1,43,47,0,0,0.15,6.29,39.09,60.91,5.25,31.25,56.25,36.76,51.35,31.63,46.43
2026-02-24,14,7,2026-02-24 13:41:00,2,第2回スピードクイーンメモリアル,2,4450,平高 奈菜,2,38,46.5,1,0,0.15,6,44.79,60.42,6.33,48.15,66.67,33.82,53.92,32.95,52.84
2026-02-24,14,7,2026-02-24 13:41:00,2,第2回スピードクイーンメモリアル,3,4473,藤堂 里香,2,38,45,1,0,0.17,4.87,31.88,47.83,5,33.33,44.44,36.32,56.32,35.11,54.79
2026-02-24,14,7,2026-02-24 13:41:00,2,第2回スピードクイーンメモリアル,4,5277,井上 未都,3,23,46.5,0,0,0.15,5.21,31,52,3.53,23.53,23.53,28.34,37.43,32.45,44.68
2026-02-24,14,7,2026-02-24 13:41:00,2,第2回スピードクイーンメモリアル,5,4825,倉持 莉々,1,32,48,1,0,0.12,6.16,44.3,58.23,0,0,0,31.67,50.56,30.96,46.19
2026-02-24,14,7,2026-02-24 13:41:00,2,第2回スピードクイーンメモリアル,6,4963,實森 美祐,1,29,44.5,0,0,0.15,6.45,47.01,62.39,6.83,61.11,66.67,28.06,46.94,34.21,51.05
2026-02-24,14,8,2026-02-24 14:11:00,2,第2回スピードクイーンメモリアル,1,5057,上田 紗奈,3,29,45.5,0,0,0.16,4.94,31.4,46.51,5,38.46,46.15,31.34,47.26,33.68,52.63
2026-02-24,14,8,2026-02-24 14:11:00,2,第2回スピードクイーンメモリアル,2,4961,西橋 奈未,1,29,47,0,0,0.15,6.72,49.53,65.42,6.75,65,65,28.95,48.95,35.71,48.9
2026-02-24,14,8,2026-02-24 14:11:00,2,第2回スピードクイーンメモリアル,3,4845,前田 紗希,1,33,47,0,0,0.15,6.84,56.25,67.5,6.7,50,70,42.08,59.56,36.02,49.46
2026-02-24,14,8,2026-02-24 14:11:00,2,第2回スピードクイーンメモリアル,4,4286,平田 さやか,2,41,48.2,0,0,0.15,5.61,35.04,54.74,5.53,40,60,31.75,49.74,37.85,51.98
2026-02-24,14,8,2026-02-24 14:11:00,2,第2回スピードクイーンメモリアル,5,5205,刑部 亜里紗,2,28,48.6,0,0,0.19,5.66,39.47,55.26,0,0,0,40.59,51.18,44.13,60.89
2026-02-24,14,8,2026-02-24 14:11:00,2,第2回スピードクイーンメモリアル,6,4590,渡邉 優美,1,33,47.7,0,0,0.16,7.09,49.55,73.87,6.09,45.45,63.64,37.7,55.74,38.17,57.53
2026-02-24,14,9,2026-02-24 14:42:00,2,第2回スピードクイーンメモリアル,1,3999,大瀧 明日香,1,46,45.5,0,0,0.15,5.84,40.48,58.73,7.36,54.55,90.91,33.15,54.49,29.33,47.6
2026-02-24,14,9,2026-02-24 14:42:00,2,第2回スピードクイーンメモリアル,2,4530,小野 生奈,1,37,47,0,0,0.15,6.79,53.04,66.96,5.45,31.82,50,35.2,49.49,36.93,56.25
2026-02-24,14,9,2026-02-24 14:42:00,2,第2回スピードクイーンメモリアル,3,4964,土屋 南,4,29,46,0,0,0.2,5.87,40.98,60.66,1,0,0,39.08,56.32,36.41,46.74
2026-02-24,14,9,2026-02-24 14:42:00,2,第2回スピードクイーンメモリアル,4,4823,中村 桃佳,1,33,45,0,0,0.15,5.8,39.58,56.25,5.95,42.11,52.63,41.8,55.56,41.58,63.16
2026-02-24,14,9,2026-02-24 14:42:00,2,第2回スピードクイーンメモリアル,5,5188,武井 莉里佳,2,25,45,1,0,0.17,5.37,35.35,50.51,6.86,57.14,57.14,29.21,51.98,33.7,49.46
2026-02-24,14,9,2026-02-24 14:42:00,2,第2回スピードクイーンメモリアル,6,4519,清水 沙樹,2,39,44.5,0,0,0.15,5.46,40.63,51.04,8.3,70,80,36.73,48.47,33.15,48.07
2026-02-24,14,10,2026-02-24 15:14:00,2,第2回スピードクイーンメモリアル,1,4556,竹井 奈美,1,36,47,0,0,0.15,6.75,52.5,72.5,6.55,54.55,72.73,37.77,54.79,35.98,53.44
2026-02-24,14,10,2026-02-24 15:14:00,2,第2回スピードクイーンメモリアル,2,4050,田口 節子,1,45,46.5,0,0,0.14,7.02,57.84,69.61,8.67,88.89,88.89,28.98,44.89,35.98,51.85
2026-02-24,14,10,2026-02-24 15:14:00,2,第2回スピードクイーンメモリアル,3,4611,今井 美亜,2,35,47.8,0,0,0.14,6.35,47.79,60.18,5.38,37.5,43.75,35.12,50.73,31.4,42.44
2026-02-24,14,10,2026-02-24 15:14:00,2,第2回スピードクイーンメモリアル,4,5264,登 みひ果,3,26,43.5,0,0,0.16,4.92,23.66,51.61,0,0,0,32.84,50.75,36.56,54.84
2026-02-24,14,10,2026-02-24 15:14:00,2,第2回スピードクイーンメモリアル,5,5088,高憧 四季,1,26,44,0,0,0.16,6.96,56.67,68,6.42,42.31,65.38,29.53,49.22,37.97,54.01
2026-02-24,14,10,2026-02-24 15:14:00,2,第2回スピードクイーンメモリアル,6,4900,中田 夕貴,2,33,46,1,0,0.18,5.78,41.67,56.67,4.75,30,50,28.65,44.94,37.43,54.55
2026-02-24,14,11,2026-02-24 15:48:00,2,第2回スピードクイーンメモリアル,1,4433,川野 芽唯,1,39,47,0,0,0.19,6.75,47.83,68.7,5.95,36.84,63.16,38.34,56.48,39.18,54.12
2026-02-24,14,11,2026-02-24 15:48:00,2,第2回スピードクイーンメモリアル,2,3618,海野 ゆかり,1,52,45.5,0,0,0.16,6.15,45.16,60.48,6.25,30,70,29.61,45.81,36.96,55.43
2026-02-24,14,11,2026-02-24 15:48:00,2,第2回スピードクイーンメモリアル,3,4589,塩崎 桐加,2,33,48.6,0,0,0.15,4.84,32.76,41.38,6.23,38.46,61.54,35.48,55.38,35.48,47.31
2026-02-24,14,11,2026-02-24 15:48:00,2,第2回スピードクイーンメモリアル,4,3435,寺田 千恵,1,56,45.5,0,0,0.16,6.28,43.01,63.44,4.22,22.22,22.22,32.97,49.45,33.33,57.38
2026-02-24,14,11,2026-02-24 15:48:00,2,第2回スピードクイーンメモリアル,5,4947,間庭 菜摘,3,33,47.1,0,0,0.19,4.85,23,44,5.73,27.27,63.64,31.86,45.1,29.79,51.6
2026-02-24,14,11,2026-02-24 15:48:00,2,第2回スピードクイーンメモリアル,6,4387,平山 智加,1,40,46.5,0,0,0.15,6.66,50.39,68.99,0,0,0,33.33,47.4,36.17,53.19
2026-02-24,14,12,2026-02-24 16:27:00,2,第2回スピードクイーンメモリアル,1,4546,浜田 亜理沙,1,37,47,0,0,0.16,6.36,44.44,55.56,7.89,73.68,89.47,35.48,54.3,34.22,53.48
2026-02-24,14,12,2026-02-24 16:27:00,2,第2回スピードクイーンメモリアル,2,4482,守屋 美穂,1,37,45,0,0,0.16,6.43,44.12,59.56,8.4,75,85,31.18,47.85,31.09,48.7
2026-02-24,14,12,2026-02-24 16:27:00,2,第2回スピードクイーンメモリアル,3,4502,遠藤 エミ,1,38,45,1,0,0.14,7.53,57.14,73.95,8.4,75,95,48.59,70.62,32.65,51.53
2026-02-24,14,12,2026-02-24 16:27:00,2,第2回スピードクイーンメモリアル,4,4936,戸敷 晃美,2,29,47.6,1,0,0.17,5.96,42.98,59.65,4.21,21.43,35.71,37.62,51.49,31.87,50.55
2026-02-24,14,12,2026-02-24 16:27:00,2,第2回スピードクイーンメモリアル,5,4738,清埜 翔子,2,34,47,0,0,0.16,5.57,38.76,55.81,0,0,0,37.31,52.33,40,55
2026-02-24,14,12,2026-02-24 16:27:00,2,第2回スピードクイーンメモリアル,6,4456,鎌倉 涼,1,36,45.5,0,0,0.17,6.95,56.48,70.37,7.5,65,85,45,56.67,39.57,59.36
2026-02-24,15,1,2026-02-24 15:19:00,5,YouTube番組「ウチまる」5周年記念,1,5014,梶山 涼斗,3,28,53.4,0,0,0.13,5.16,29.27,48.78,5.75,37.5,62.5,50,67,32.85,48.18
2026-02-24,15,1,2026-02-24 15:19:00,5,YouTube番組「ウチまる」5周年記念,2,4677,片橋 幸貴,4,37,53.7,0,0,0.2,6.56,44.12,70.59,6.6,60,73.33,25,40.38,37.5,54.86
2026-02-24,15,1,2026-02-24 15:19:00,5,YouTube番組「ウチまる」5周年記念,3,4813,宮内 直哉,3,36,52.3,0,0,0.18,3.86,17.95,29.49,2.44,11.11,11.11,37.86,47.57,40.14,55.63
2026-02-24,15,1,2026-02-24 15:19:00,5,YouTube番組「ウチまる」5周年記念,4,4705,吉川 勇作,3,37,54.4,0,0,0.16,4.14,27.03,35.14,4.88,35.29,47.06,49.51,66.99,31.88,52.9
2026-02-24,15,1,2026-02-24 15:19:00,5,YouTube番組「ウチまる」5周年記念,5,3643,米田 隆弘,3,53,53.1,0,0,0.17,5.21,29.47,50.53,5.42,30.77,61.54,30.56,45.37,29.85,49.25
2026-02-24,15,1,2026-02-24 15:19:00,5,YouTube番組「ウチまる」5周年記念,6,4216,星 栄爾,3,40,54.5,0,0,0.14,5.36,35.34,50,0,0,0,29.63,49.07,24.82,41.61
2026-02-24,15,2,2026-02-24 15:44:00,5,YouTube番組「ウチまる」5周年記念,1,4487,三原 司,3,39,52.3,0,0,0.18,4.34,24.53,33.96,4.43,14.29,34.29,27.72,43.56,37.41,51.08
2026-02-24,15,2,2026-02-24 15:44:00,5,YouTube番組「ウチまる」5周年記念,2,4416,三宅 健太,3,39,52.8,0,0,0.17,5.02,26.53,46.94,5,20,50,25,39.42,31.16,47.83
2026-02-24,15,2,2026-02-24 15:44:00,5,YouTube番組「ウチまる」5周年記念,3,4034,西原 明生,3,47,54.9,1,0,0.18,4.08,21.35,30.34,4.33,24.36,37.18,28.7,42.59,35.61,55.3
2026-02-24,15,2,2026-02-24 15:44:00,5,YouTube番組「ウチまる」5周年記念,4,3647,伊藤 雄二,3,53,50.5,0,0,0.19,4.17,18.39,35.63,3.33,0,16.67,44.55,56.36,33.8,52.82
2026-02-24,15,2,2026-02-24 15:44:00,5,YouTube番組「ウチまる」5周年記念,5,3711,江本 真治,2,51,52.8,0,0,0.15,6.05,41.55,62.68,5.75,42.86,57.14,40.91,45.45,41.55,59.15
2026-02-24,15,2,2026-02-24 15:44:00,5,YouTube番組「ウチまる」5周年記念,6,4442,松竹 大輔,3,39,52.4,0,0,0.15,4.83,27.08,45.83,5.86,38,58,42.73,56.36,31.11,42.22
2026-02-24,15,3,2026-02-24 16:11:00,5,YouTube番組「ウチまる」5周年記念,1,5214,田中 宏典,3,26,52.6,0,0,0.16,5.2,29.35,50,3.55,5,25,25.23,39.25,31.62,50
2026-02-24,15,3,2026-02-24 16:11:00,5,YouTube番組「ウチまる」5周年記念,2,3944,山口 裕二,2,47,52,0,0,0.17,6.72,53.28,70.07,6.17,33.33,75,22.77,36.63,41.96,58.04
2026-02-24,15,3,2026-02-24 16:11:00,5,YouTube番組「ウチまる」5周年記念,3,3303,渡辺 豊,3,58,53.9,0,0,0.2,5.36,33.6,54.4,5.38,33.33,54.17,25.49,40.2,28.06,43.17
2026-02-24,15,3,2026-02-24 16:11:00,5,YouTube番組「ウチまる」5周年記念,4,3710,吉永 泰弘,3,51,54.9,0,0,0.17,4.81,27.96,45.16,4.5,21.67,41.67,26.85,45.37,25.56,37.59
2026-02-24,15,3,2026-02-24 16:11:00,5,YouTube番組「ウチまる」5周年記念,5,5404,内田 壮,4,21,53.1,0,0,0.24,2.37,3.23,11.29,0,0,0,21.78,37.62,28.99,52.9
2026-02-24,15,3,2026-02-24 16:11:00,5,YouTube番組「ウチまる」5周年記念,6,3574,大神 康司,2,53,53.2,0,0,0.15,6.27,48.28,62.07,4.57,26.19,42.86,44.23,57.69,27.07,41.35
2026-02-24,15,4,2026-02-24 16:38:00,5,YouTube番組「ウチまる」5周年記念,1,3987,後藤 正宗,3,47,53.6,0,0,0.15,5.81,41.51,58.49,8.33,77.78,88.89,43.27,56.73,40.43,63.83
2026-02-24,15,4,2026-02-24 16:38:00,5,YouTube番組「ウチまる」5周年記念,2,4258,関根 彰人,3,42,52.3,0,0,0.15,4.78,28.92,40.96,4.5,30.77,38.46,39.45,53.21,37.76,51.05
2026-02-24,15,4,2026-02-24 16:38:00,5,YouTube番組「ウチまる」5周年記念,3,4237,大峯 豊,1,42,52,0,0,0.18,7.18,49.18,63.11,4.75,12.5,12.5,25.47,39.62,31.39,54.74
2026-02-24,15,4,2026-02-24 16:38:00,5,YouTube番組「ウチまる」5周年記念,4,4839,四宮 与寛,2,35,52,0,0,0.12,5,36.07,45.9,6.52,42.42,63.64,27.37,42.11,34.27,47.55
2026-02-24,15,4,2026-02-24 16:38:00,5,YouTube番組「ウチまる」5周年記念,5,4143,浦田 晃嗣,3,44,55.6,1,0,0.16,4.24,20.27,39.19,2.86,0,14.29,20.62,45.36,36.11,55.56
2026-02-24,15,4,2026-02-24 16:38:00,5,YouTube番組「ウチまる」5周年記念,6,5379,廣部 大明,4,21,52,1,0,0.2,2.13,1.61,8.06,0,0,0,36.27,56.86,26.15,42.31
2026-02-24,15,5,2026-02-24 17:08:00,5,YouTube番組「ウチまる」5周年記念,1,3805,高橋 英之,2,51,53.1,1,0,0.13,5.22,29.87,54.55,3.8,0,20,25.49,42.16,27.07,40.6
2026-02-24,15,5,2026-02-24 17:08:00,5,YouTube番組「ウチまる」5周年記念,2,4216,星 栄爾,3,40,54.5,0,0,0.14,5.36,35.34,50,0,0,0,29.63,49.07,24.82,41.61
2026-02-24,15,5,2026-02-24 17:08:00,5,YouTube番組「ウチまる」5周年記念,3,4236,松村 敏,1,42,52.9,0,0,0.11,7.13,52.55,79.56,0,0,0,26.8,35.05,21.54,39.23
2026-02-24,15,5,2026-02-24 17:08:00,5,YouTube番組「ウチまる」5周年記念,4,5000,岡本 翔太郎,3,31,52.1,0,0,0.13,4.56,24.42,39.53,5.08,25,50,35,50,26.92,43.08
2026-02-24,15,5,2026-02-24 17:08:00,5,YouTube番組「ウチまる」5周年記念,5,4969,町田 洸希,3,34,52.8,0,0,0.16,5.03,28.57,49.21,4.43,20,36.67,37.04,50,34.29,45
2026-02-24,15,5,2026-02-24 17:08:00,5,YouTube番組「ウチまる」5周年記念,6,4574,東 潤樹,3,37,52.8,0,0,0.17,5.03,34.31,47.06,5.09,27.27,36.36,38.89,57.41,39.42,56.2
2026-02-24,15,6,2026-02-24 17:37:00,5,YouTube番組「ウチまる」5周年記念,1,3746,岡瀬 正人,2,50,52,0,0,0.17,5.44,32.33,55.64,5.05,42.11,47.37,46.15,68.27,48.23,65.25
2026-02-24,15,6,2026-02-24 17:37:00,5,YouTube番組「ウチまる」5周年記念,2,4188,久田 敏之,1,44,52,0,0,0.13,7.36,55.68,72.73,6.46,38.46,61.54,21.21,31.31,42.66,61.54
2026-02-24,15,6,2026-02-24 17:37:00,5,YouTube番組「ウチまる」5周年記念,3,3848,川上 聡介,2,48,56.2,0,0,0.14,4.85,26.67,48.57,0,0,0,42.45,61.32,39.86,52.45
2026-02-24,15,6,2026-02-24 17:37:00,5,YouTube番組「ウチまる」5周年記念,4,5014,梶山 涼斗,3,28,53.4,0,0,0.13,5.16,29.27,48.78,5.75,37.5,62.5,50,67,32.85,48.18
2026-02-24,15,6,2026-02-24 17:37:00,5,YouTube番組「ウチまる」5周年記念,5,4034,西原 明生,3,47,54.9,1,0,0.18,4.08,21.35,30.34,4.33,24.36,37.18,28.7,42.59,35.61,55.3
2026-02-24,15,6,2026-02-24 17:37:00,5,YouTube番組「ウチまる」5周年記念,6,3566,川添 英正,3,55,53,0,0,0.18,5,28.26,50,5.71,57.14,57.14,35.85,47.17,37.14,51.43
2026-02-24,15,7,2026-02-24 18:04:00,5,YouTube番組「ウチまる」5周年記念,1,3327,野長瀬 正孝,2,58,52,0,0,0.16,6.16,45.05,61.26,3.13,0,25,24.24,46.46,26.47,52.21
2026-02-24,15,7,2026-02-24 18:04:00,5,YouTube番組「ウチまる」5周年記念,2,4583,古田 祐貴,2,36,52,0,0,0.14,5.75,36.3,55.56,6,40.63,60.94,20.21,31.91,40,55.71
2026-02-24,15,7,2026-02-24 18:04:00,5,YouTube番組「ウチまる」5周年記念,3,4139,丹下 健,3,45,54.2,0,0,0.17,4.82,29.67,45.05,3.88,25,33.33,23.6,46.07,31.16,48.55
2026-02-24,15,7,2026-02-24 18:04:00,5,YouTube番組「ウチまる」5周年記念,4,4539,金子 賢志,1,35,52.1,0,0,0.14,6.18,45.69,56.03,7,60,60,38.68,56.6,27.21,47.79
2026-02-24,15,7,2026-02-24 18:04:00,5,YouTube番組「ウチまる」5周年記念,5,3303,渡辺 豊,3,58,53.9,0,0,0.2,5.36,33.6,54.4,5.38,33.33,54.17,25.49,40.2,28.06,43.17
2026-02-24,15,7,2026-02-24 18:04:00,5,YouTube番組「ウチまる」5周年記念,6,5429,吉川 颯汰,4,22,58.6,0,0,,1.17,0,0,0,0,0,30.77,55.77,42.36,60.42
2026-02-24,15,8,2026-02-24 18:32:00,5,YouTube番組「ウチまる」5周年記念,1,4739,中村 晃朋,1,34,50.5,1,0,0.14,6.44,42.64,62.79,6.64,49.59,65.29,35.85,53.77,32.12,45.99
2026-02-24,15,8,2026-02-24 18:32:00,5,YouTube番組「ウチまる」5周年記念,2,5087,佐藤 航,2,26,52.6,0,0,0.15,6.78,48.98,72.45,6.79,50,70.83,33.65,57.69,30.66,44.53
2026-02-24,15,8,2026-02-24 18:32:00,5,YouTube番組「ウチまる」5周年記念,3,5214,田中 宏典,3,26,52.6,0,0,0.16,5.2,29.35,50,3.55,5,25,25.23,39.25,31.62,50
2026-02-24,15,8,2026-02-24 18:32:00,5,YouTube番組「ウチまる」5周年記念,4,4568,廣瀬 真也,2,38,52,0,0,0.16,5.23,34.18,50.63,7.71,57.14,85.71,19,38,34.53,50.36
2026-02-24,15,8,2026-02-24 18:32:00,5,YouTube番組「ウチまる」5周年記念,5,4487,三原 司,3,39,52.3,0,0,0.18,4.34,24.53,33.96,4.43,14.29,34.29,27.72,43.56,37.41,51.08
2026-02-24,15,8,2026-02-24 18:32:00,5,YouTube番組「ウチまる」5周年記念,6,4813,宮内 直哉,3,36,52.3,0,0,0.18,3.86,17.95,29.49,2.44,11.11,11.11,37.86,47.57,40.14,55.63
2026-02-24,15,9,2026-02-24 19:02:00,5,YouTube番組「ウチまる」5周年記念,1,4237,大峯 豊,1,42,52,0,0,0.18,7.18,49.18,63.11,4.75,12.5,12.5,25.47,39.62,31.39,54.74
2026-02-24,15,9,2026-02-24 19:02:00,5,YouTube番組「ウチまる」5周年記念,2,4042,丸岡 正典,2,46,52.5,0,0,0.2,6.26,42.86,58.65,6.68,48.78,63.41,33.64,48.6,24.82,43.07
2026-02-24,15,9,2026-02-24 19:02:00,5,YouTube番組「ウチまる」5周年記念,3,3944,山口 裕二,2,47,52,0,0,0.17,6.72,53.28,70.07,6.17,33.33,75,22.77,36.63,41.96,58.04
2026-02-24,15,9,2026-02-24 19:02:00,5,YouTube番組「ウチまる」5周年記念,4,4574,東 潤樹,3,37,52.8,0,0,0.17,5.03,34.31,47.06,5.09,27.27,36.36,38.89,57.41,39.42,56.2
2026-02-24,15,9,2026-02-24 19:02:00,5,YouTube番組「ウチまる」5周年記念,5,4705,吉川 勇作,3,37,54.4,0,0,0.16,4.14,27.03,35.14,4.88,35.29,47.06,49.51,66.99,31.88,52.9
2026-02-24,15,9,2026-02-24 19:02:00,5,YouTube番組「ウチまる」5周年記念,6,3647,伊藤 雄二,3,53,50.5,0,0,0.19,4.17,18.39,35.63,3.33,0,16.67,44.55,56.36,33.8,52.82
2026-02-24,15,10,2026-02-24 19:32:00,5,YouTube番組「ウチまる」5周年記念,1,4236,松村 敏,1,42,52.9,0,0,0.11,7.13,52.55,79.56,0,0,0,26.8,35.05,21.54,39.23
2026-02-24,15,10,2026-02-24 19:32:00,5,YouTube番組「ウチまる」5周年記念,2,3848,川上 聡介,2,48,56.2,0,0,0.14,4.85,26.67,48.57,0,0,0,42.45,61.32,39.86,52.45
2026-02-24,15,10,2026-02-24 19:32:00,5,YouTube番組「ウチまる」5周年記念,3,4143,浦田 晃嗣,3,44,55.6,1,0,0.16,4.24,20.27,39.19,2.86,0,14.29,20.62,45.36,36.11,55.56
2026-02-24,15,10,2026-02-24 19:32:00,5,YouTube番組「ウチまる」5周年記念,4,4442,松竹 大輔,3,39,52.4,0,0,0.15,4.83,27.08,45.83,5.86,38,58,42.73,56.36,31.11,42.22
2026-02-24,15,10,2026-02-24 19:32:00,5,YouTube番組「ウチまる」5周年記念,5,3849,中岡 正彦,1,48,52,1,0,0.12,7.6,62.69,78.36,6.52,51.96,64.71,45.79,62.62,38.3,54.61
2026-02-24,15,10,2026-02-24 19:32:00,5,YouTube番組「ウチまる」5周年記念,6,5404,内田 壮,4,21,53.1,0,0,0.24,2.37,3.23,11.29,0,0,0,21.78,37.62,28.99,52.9
2026-02-24,15,11,2026-02-24 20:04:00,5,YouTube番組「ウチまる」5周年記念,1,3711,江本 真治,2,51,52.8,0,0,0.15,6.05,41.55,62.68,5.75,42.86,57.14,40.91,45.45,41.55,59.15
2026-02-24,15,11,2026-02-24 20:04:00,5,YouTube番組「ウチまる」5周年記念,2,3805,高橋 英之,2,51,53.1,1,0,0.13,5.22,29.87,54.55,3.8,0,20,25.49,42.16,27.07,40.6
2026-02-24,15,11,2026-02-24 20:04:00,5,YouTube番組「ウチまる」5周年記念,3,4677,片橋 幸貴,4,37,53.7,0,0,0.2,6.56,44.12,70.59,6.6,60,73.33,25,40.38,37.5,54.86
2026-02-24,15,11,2026-02-24 20:04:00,5,YouTube番組「ウチまる」5周年記念,4,4258,関根 彰人,3,42,52.3,0,0,0.15,4.78,28.92,40.96,4.5,30.77,38.46,39.45,53.21,37.76,51.05
2026-02-24,15,11,2026-02-24 20:04:00,5,YouTube番組「ウチまる」5周年記念,5,4188,久田 敏之,1,44,52,0,0,0.13,7.36,55.68,72.73,6.46,38.46,61.54,21.21,31.31,42.66,61.54
2026-02-24,15,11,2026-02-24 20:04:00,5,YouTube番組「ウチまる」5周年記念,6,4583,古田 祐貴,2,36,52,0,0,0.14,5.75,36.3,55.56,6,40.63,60.94,20.21,31.91,40,55.71
2026-02-24,15,12,2026-02-24 20:35:00,5,YouTube番組「ウチまる」5周年記念,1,4539,金子 賢志,1,35,52.1,0,0,0.14,6.18,45.69,56.03,7,60,60,38.68,56.6,27.21,47.79
2026-02-24,15,12,2026-02-24 20:35:00,5,YouTube番組「ウチまる」5周年記念,2,3574,大神 康司,2,53,53.2,0,0,0.15,6.27,48.28,62.07,4.57,26.19,42.86,44.23,57.69,27.07,41.35
2026-02-24,15,12,2026-02-24 20:35:00,5,YouTube番組「ウチまる」5周年記念,3,5000,岡本 翔太郎,3,31,52.1,0,0,0.13,4.56,24.42,39.53,5.08,25,50,35,50,26.92,43.08
2026-02-24,15,12,2026-02-24 20:35:00,5,YouTube番組「ウチまる」5周年記念,4,4739,中村 晃朋,1,34,50.5,1,0,0.14,6.44,42.64,62.79,6.64,49.59,65.29,35.85,53.77,32.12,45.99
2026-02-24,15,12,2026-02-24 20:35:00,5,YouTube番組「ウチまる」5周年記念,5,3746,岡瀬 正人,2,50,52,0,0,0.17,5.44,32.33,55.64,5.05,42.11,47.37,46.15,68.27,48.23,65.25
2026-02-24,15,12,2026-02-24 20:35:00,5,YouTube番組「ウチまる」5周年記念,6,4839,四宮 与寛,2,35,52,0,0,0.12,5,36.07,45.9,6.52,42.42,63.64,27.37,42.11,34.27,47.55
2026-02-24,16,1,2026-02-24 10:48:00,5,BTS井原開設12周年記念競走,1,4557,松尾 光広,3,36,54.3,1,0,0.17,4.12,19.7,34.85,4.5,27.5,40,18.33,36.67,54.39,75.44
2026-02-24,16,1,2026-02-24 10:48:00,5,BTS井原開設12周年記念競走,2,4681,太田 潮,3,35,54.9,0,0,0.17,4.06,18.52,32.1,2.33,0,22.22,35.71,46.43,41.82,63.64
2026-02-24,16,1,2026-02-24 10:48:00,5,BTS井原開設12周年記念競走,3,3430,角浜 修,3,57,53.4,0,0,0.17,4.19,24,33,2.88,12.5,12.5,15.38,26.92,24.07,38.89
2026-02-24,16,1,2026-02-24 10:48:00,5,BTS井原開設12周年記念競走,4,5291,三嶌 こころ,3,24,51.5,1,0,0.19,3.52,11.29,25.81,2.78,0,11.11,39.34,49.18,40,56.36
2026-02-24,16,1,2026-02-24 10:48:00,5,BTS井原開設12周年記念競走,5,5198,奥村 明日香,3,24,45.5,0,0,0.21,4.46,25,35.87,4.22,22.22,38.89,35,53.33,43.86,63.16
2026-02-24,16,1,2026-02-24 10:48:00,5,BTS井原開設12周年記念競走,6,3680,森林 太,3,52,54,0,0,0.19,4.43,24.1,37.35,3.67,22.22,22.22,18.64,35.59,31.91,53.19
2026-02-24,16,2,2026-02-24 11:15:00,5,BTS井原開設12周年記念競走,1,4691,水原 慎,3,42,50.5,0,0,0.16,4.77,25.58,45.35,6.22,44.44,66.67,50,65.52,37.5,53.57
2026-02-24,16,2,2026-02-24 11:15:00,5,BTS井原開設12周年記念競走,2,3868,尾形 栄治,3,50,54,0,0,0.2,4.3,23.4,36.17,3.52,7.41,25.93,39.66,55.17,29.09,41.82
2026-02-24,16,2,2026-02-24 11:15:00,5,BTS井原開設12周年記念競走,3,4683,向井田 直弥,4,35,45,0,0,0.14,3.88,24.24,30.3,0,0,0,25.42,35.59,29.09,43.64
2026-02-24,16,2,2026-02-24 11:15:00,5,BTS井原開設12周年記念競走,4,4592,小林 孝弘,3,45,52.3,0,0,0.14,4.74,24.21,47.37,4.89,21.05,52.63,15.79,24.56,18.64,23.73
2026-02-24,16,2,2026-02-24 11:15:00,5,BTS井原開設12周年記念競走,5,5161,登玉 隼百,2,26,54.6,1,0,0.13,6.29,46.79,64.22,0,0,0,23.81,49.21,35.71,48.21
2026-02-24,16,2,2026-02-24 11:15:00,5,BTS井原開設12周年記念競走,6,4164,岩永 節也,3,44,52,0,0,0.19,4.42,19.7,40.91,4.16,20,28,60.71,78.57,33.93,42.86
2026-02-24,16,3,2026-02-24 11:47:00,5,BTS井原開設12周年記念競走,1,4874,池田 奈津美,3,32,51.6,0,0,0.14,4.48,18.31,39.44,4.39,27.78,38.89,39.66,53.45,40,56.36
2026-02-24,16,3,2026-02-24 11:47:00,5,BTS井原開設12周年記念競走,2,4931,木谷 賢太,1,30,52.6,0,0,0.14,6.67,46.97,70.45,6.47,41.67,72.22,37.7,55.74,27.27,43.64
2026-02-24,16,3,2026-02-24 11:47:00,5,BTS井原開設12周年記念競走,3,5008,羽野 諒,3,29,52.8,0,0,0.13,4.49,23.81,36.9,0,0,0,43.86,61.4,30.43,54.35
2026-02-24,16,3,2026-02-24 11:47:00,5,BTS井原開設12周年記念競走,4,4108,吉村 正明,3,46,51.5,0,0,0.15,5.81,40,55.65,5.45,45.45,54.55,33.33,59.65,25.45,32.73
2026-02-24,16,3,2026-02-24 11:47:00,5,BTS井原開設12周年記念競走,5,3922,菅沼 佳昭,3,50,51.5,0,0,0.19,4.2,22.86,35.24,4.5,25,46.43,27.87,44.26,17.54,28.07
2026-02-24,16,3,2026-02-24 11:47:00,5,BTS井原開設12周年記念競走,6,4089,妹尾 忠幸,2,45,54,0,0,0.15,6.12,35.92,64.08,6.42,41.05,72.63,36.67,46.67,31.03,46.55
2026-02-24,16,4,2026-02-24 12:22:00,5,BTS井原開設12周年記念競走,1,4697,國弘 翔平,3,39,50.5,0,0,0.18,4.19,23.53,32.94,3.92,23.68,28.95,49.09,65.45,23.64,32.73
2026-02-24,16,4,2026-02-24 12:22:00,5,BTS井原開設12周年記念競走,2,3859,多羅尾 達之,3,52,51,0,0,0.15,4.79,28.77,45.21,3.68,15.79,36.84,41.38,58.62,36.84,52.63
2026-02-24,16,4,2026-02-24 12:22:00,5,BTS井原開設12周年記念競走,3,4196,田中 太一郎,3,44,52.1,0,0,0.17,4.27,23.6,41.57,4.9,30,35,41.38,56.9,28.57,48.21
2026-02-24,16,4,2026-02-24 12:22:00,5,BTS井原開設12周年記念競走,4,4121,富永 修一,1,44,52.5,0,0,0.13,5.94,38.1,59.05,6.44,40.74,66.67,23.44,43.75,20.37,40.74
2026-02-24,16,4,2026-02-24 12:22:00,5,BTS井原開設12周年記念競走,5,4917,岩橋 裕馬,3,37,52.8,0,0,0.17,4.62,22.47,37.08,5.53,40,46.67,31.15,49.18,29.03,45.16
2026-02-24,16,4,2026-02-24 12:22:00,5,BTS井原開設12周年記念競走,6,5255,藤原 仙二,2,22,52,1,0,0.17,6.64,51.24,70.25,4.44,22.22,33.33,40.35,61.4,17.39,32.61
2026-02-24,16,5,2026-02-24 12:52:00,5,BTS井原開設12周年記念競走,1,5330,安河内 鈴之介,2,22,50,0,0,0.15,5.99,42.05,56.82,3.72,22.22,27.78,37.29,54.24,39.62,50.94
2026-02-24,16,5,2026-02-24 12:52:00,5,BTS井原開設12周年記念競走,2,4957,竹之内 極,3,30,54.7,0,0,0.17,4.94,27.88,48.08,4.5,30,40,33.93,51.79,31.37,43.14
2026-02-24,16,5,2026-02-24 12:52:00,5,BTS井原開設12周年記念競走,3,3556,田中 信一郎,1,53,53.6,0,0,0.14,6.71,51.67,69.17,5.67,33.33,66.67,35.71,51.79,37.04,62.96
2026-02-24,16,5,2026-02-24 12:52:00,5,BTS井原開設12周年記念競走,4,5334,樫葉 新心,3,21,45.5,0,0,0.18,3.36,14.94,20.69,1.44,0,0,23.81,34.92,30.91,47.27
2026-02-24,16,5,2026-02-24 12:52:00,5,BTS井原開設12周年記念競走,5,4012,中村 有裕,2,46,56.9,0,0,0.15,5.74,40,58.1,5.42,33.33,54.55,32.2,44.07,25.45,40
2026-02-24,16,5,2026-02-24 12:52:00,5,BTS井原開設12周年記念競走,6,3454,井川 大作,3,54,55.5,0,0,0.15,5.51,32.14,55.95,5.01,28.17,53.52,26.32,45.61,24.56,43.86
2026-02-24,16,6,2026-02-24 13:23:00,5,BTS井原開設12周年記念競走,1,4349,犬童 千秋,3,40,49.8,0,0,0.14,5.03,33.82,48.53,0,0,0,24.14,43.1,32.73,41.82
2026-02-24,16,6,2026-02-24 13:23:00,5,BTS井原開設12周年記念競走,2,4834,浜本 裕己,2,38,51,0,0,0.14,6.11,41.03,61.54,0,0,0,24.53,52.83,34.04,48.94
2026-02-24,16,6,2026-02-24 13:23:00,5,BTS井原開設12周年記念競走,3,4994,山本 梨菜,1,27,47,0,0,0.16,5.96,37.11,62.89,0,0,0,20.34,35.59,36.84,47.37
2026-02-24,16,6,2026-02-24 13:23:00,5,BTS井原開設12周年記念競走,4,3910,松下 知幸,3,52,51,0,0,0.16,3.98,17.24,31.03,4.8,31.43,37.14,51.79,66.07,42.11,56.14
2026-02-24,16,6,2026-02-24 13:23:00,5,BTS井原開設12周年記念競走,5,4254,川島 圭司,2,42,52.4,0,0,0.13,5.53,34.86,49.54,5.62,33.33,61.9,40.82,59.18,35.09,49.12
2026-02-24,16,6,2026-02-24 13:23:00,5,BTS井原開設12周年記念競走,6,4681,太田 潮,3,35,54.9,0,0,0.17,4.06,18.52,32.1,2.33,0,22.22,35.71,46.43,41.82,63.64
2026-02-24,16,7,2026-02-24 13:51:00,5,BTS井原開設12周年記念競走,1,3587,武田 信一,3,52,59.2,0,0,0.17,3.82,15.24,28.57,2,0,14.29,50.85,66.1,26.79,44.64
2026-02-24,16,7,2026-02-24 13:51:00,5,BTS井原開設12周年記念競走,2,4164,岩永 節也,3,44,52,0,0,0.19,4.42,19.7,40.91,4.16,20,28,60.71,78.57,33.93,42.86
2026-02-24,16,7,2026-02-24 13:51:00,5,BTS井原開設12周年記念競走,3,5291,三嶌 こころ,3,24,51.5,1,0,0.19,3.52,11.29,25.81,2.78,0,11.11,39.34,49.18,40,56.36
2026-02-24,16,7,2026-02-24 13:51:00,5,BTS井原開設12周年記念競走,4,4063,市橋 卓士,1,46,54.1,0,0,0.13,6.22,45.32,61.87,6.09,36.36,72.73,22.41,34.48,43.64,60
2026-02-24,16,7,2026-02-24 13:51:00,5,BTS井原開設12周年記念競走,5,5238,笹木 香吾,2,26,52.9,1,0,0.14,5.83,46.09,58.26,3,16.67,16.67,24.19,41.94,39.58,56.25
2026-02-24,16,7,2026-02-24 13:51:00,5,BTS井原開設12周年記念競走,6,4092,岡部 大輔,3,45,52.4,0,0,0.14,5.34,31.08,55.41,5.62,34.48,51.72,32.79,54.1,33.33,49.12
2026-02-24,16,8,2026-02-24 14:23:00,5,BTS井原開設12周年記念競走,1,3401,上田 隆章,3,58,53.2,0,0,0.23,4.57,25.56,40,4.26,22.22,40.74,22.58,35.48,38.89,61.11
2026-02-24,16,8,2026-02-24 14:23:00,5,BTS井原開設12周年記念競走,2,4522,古澤 光紀,1,38,52.8,0,0,0.15,5.67,38.78,55.1,0,0,0,18.64,23.73,31.82,47.73
2026-02-24,16,8,2026-02-24 14:23:00,5,BTS井原開設12周年記念競走,3,4289,落合 直子,2,41,47.4,0,0,0.14,5.55,36.36,57.27,5.18,45.45,45.45,20.97,41.94,13.79,31.03
2026-02-24,16,8,2026-02-24 14:23:00,5,BTS井原開設12周年記念競走,4,3430,角浜 修,3,57,53.4,0,0,0.17,4.19,24,33,2.88,12.5,12.5,15.38,26.92,24.07,38.89
2026-02-24,16,8,2026-02-24 14:23:00,5,BTS井原開設12周年記念競走,5,3868,尾形 栄治,3,50,54,0,0,0.2,4.3,23.4,36.17,3.52,7.41,25.93,39.66,55.17,29.09,41.82
2026-02-24,16,8,2026-02-24 14:23:00,5,BTS井原開設12周年記念競走,6,3922,菅沼 佳昭,3,50,51.5,0,0,0.19,4.2,22.86,35.24,4.5,25,46.43,27.87,44.26,17.54,28.07
2026-02-24,16,9,2026-02-24 14:55:00,5,BTS井原開設12周年記念競走,1,3905,天野 友和,2,48,52.4,0,0,0.15,6.08,40.46,65.65,0,0,0,32.14,48.21,40.74,53.7
2026-02-24,16,9,2026-02-24 14:55:00,5,BTS井原開設12周年記念競走,2,5330,安河内 鈴之介,2,22,50,0,0,0.15,5.99,42.05,56.82,3.72,22.22,27.78,37.29,54.24,39.62,50.94
2026-02-24,16,9,2026-02-24 14:55:00,5,BTS井原開設12周年記念競走,3,5198,奥村 明日香,3,24,45.5,0,0,0.21,4.46,25,35.87,4.22,22.22,38.89,35,53.33,43.86,63.16
2026-02-24,16,9,2026-02-24 14:55:00,5,BTS井原開設12周年記念競走,4,4683,向井田 直弥,4,35,45,0,0,0.14,3.88,24.24,30.3,0,0,0,25.42,35.59,29.09,43.64
2026-02-24,16,9,2026-02-24 14:55:00,5,BTS井原開設12周年記念競走,5,4196,田中 太一郎,3,44,52.1,0,0,0.17,4.27,23.6,41.57,4.9,30,35,41.38,56.9,28.57,48.21
2026-02-24,16,9,2026-02-24 14:55:00,5,BTS井原開設12周年記念競走,6,4931,木谷 賢太,1,30,52.6,0,0,0.14,6.67,46.97,70.45,6.47,41.67,72.22,37.7,55.74,27.27,43.64
2026-02-24,16,10,2026-02-24 15:26:00,5,BTS井原開設12周年記念競走,1,5161,登玉 隼百,2,26,54.6,1,0,0.13,6.29,46.79,64.22,0,0,0,23.81,49.21,35.71,48.21
2026-02-24,16,10,2026-02-24 15:26:00,5,BTS井原開設12周年記念競走,2,4557,松尾 光広,3,36,54.3,1,0,0.17,4.12,19.7,34.85,4.5,27.5,40,18.33,36.67,54.39,75.44
2026-02-24,16,10,2026-02-24 15:26:00,5,BTS井原開設12周年記念競走,3,5334,樫葉 新心,3,21,45.5,0,0,0.18,3.36,14.94,20.69,1.44,0,0,23.81,34.92,30.91,47.27
2026-02-24,16,10,2026-02-24 15:26:00,5,BTS井原開設12周年記念競走,4,4349,犬童 千秋,3,40,49.8,0,0,0.14,5.03,33.82,48.53,0,0,0,24.14,43.1,32.73,41.82
2026-02-24,16,10,2026-02-24 15:26:00,5,BTS井原開設12周年記念競走,5,4108,吉村 正明,3,46,51.5,0,0,0.15,5.81,40,55.65,5.45,45.45,54.55,33.33,59.65,25.45,32.73
2026-02-24,16,10,2026-02-24 15:26:00,5,BTS井原開設12周年記念競走,6,4121,富永 修一,1,44,52.5,0,0,0.13,5.94,38.1,59.05,6.44,40.74,66.67,23.44,43.75,20.37,40.74
2026-02-24,16,11,2026-02-24 16:03:00,5,BTS井原開設12周年記念競走,1,4994,山本 梨菜,1,27,47,0,0,0.16,5.96,37.11,62.89,0,0,0,20.34,35.59,36.84,47.37
2026-02-24,16,11,2026-02-24 16:03:00,5,BTS井原開設12周年記念競走,2,3556,田中 信一郎,1,53,53.6,0,0,0.14,6.71,51.67,69.17,5.67,33.33,66.67,35.71,51.79,37.04,62.96
2026-02-24,16,11,2026-02-24 16:03:00,5,BTS井原開設12周年記念競走,3,4697,國弘 翔平,3,39,50.5,0,0,0.18,4.19,23.53,32.94,3.92,23.68,28.95,49.09,65.45,23.64,32.73
2026-02-24,16,11,2026-02-24 16:03:00,5,BTS井原開設12周年記念競走,4,4089,妹尾 忠幸,2,45,54,0,0,0.15,6.12,35.92,64.08,6.42,41.05,72.63,36.67,46.67,31.03,46.55
2026-02-24,16,11,2026-02-24 16:03:00,5,BTS井原開設12周年記念競走,5,4592,小林 孝弘,3,45,52.3,0,0,0.14,4.74,24.21,47.37,4.89,21.05,52.63,15.79,24.56,18.64,23.73
2026-02-24,16,11,2026-02-24 16:03:00,5,BTS井原開設12周年記念競走,6,5238,笹木 香吾,2,26,52.9,1,0,0.14,5.83,46.09,58.26,3,16.67,16.67,24.19,41.94,39.58,56.25
2026-02-24,16,12,2026-02-24 16:44:00,5,BTS井原開設12周年記念競走,1,4063,市橋 卓士,1,46,54.1,0,0,0.13,6.22,45.32,61.87,6.09,36.36,72.73,22.41,34.48,43.64,60
2026-02-24,16,12,2026-02-24 16:44:00,5,BTS井原開設12周年記念競走,2,3454,井川 大作,3,54,55.5,0,0,0.15,5.51,32.14,55.95,5.01,28.17,53.52,26.32,45.61,24.56,43.86
2026-02-24,16,12,2026-02-24 16:44:00,5,BTS井原開設12周年記念競走,3,4522,古澤 光紀,1,38,52.8,0,0,0.15,5.67,38.78,55.1,0,0,0,18.64,23.73,31.82,47.73
2026-02-24,16,12,2026-02-24 16:44:00,5,BTS井原開設12周年記念競走,4,5008,羽野 諒,3,29,52.8,0,0,0.13,4.49,23.81,36.9,0,0,0,43.86,61.4,28.33,48.33
2026-02-24,16,12,2026-02-24 16:44:00,5,BTS井原開設12周年記念競走,5,5255,藤原 仙二,2,22,52,1,0,0.17,6.64,51.24,70.25,4.44,22.22,33.33,40.35,61.4,17.39,32.61
2026-02-24,16,12,2026-02-24 16:44:00,5,BTS井原開設12周年記念競走,6,4834,浜本 裕己,2,38,51,0,0,0.14,6.11,41.03,61.54,0,0,0,24.53,52.83,34.04,48.94
2026-02-24,17,1,2026-02-24 10:17:00,5,PALBOAT宮島開設11周年記念第6回週刊大衆杯,1,5028,原田 才一郎,1,29,52.8,1,0,0.16,6.08,43.96,59.34,6.65,54.84,64.52,47.13,64.37,23.53,47.06
2026-02-24,17,1,2026-02-24 10:17:00,5,PALBOAT宮島開設11周年記念第6回週刊大衆杯,2,3246,星野 政彦,4,61,52.8,0,0,0.16,3.81,16.67,23.81,0,0,0,24.42,34.88,32.67,48.51
2026-02-24,17,1,2026-02-24 10:17:00,5,PALBOAT宮島開設11周年記念第6回週刊大衆杯,3,3411,池上 隆行,3,56,51.5,0,0,0.18,3.83,14.29,28.57,3.97,17.89,23.16,42.17,57.83,32.69,51.92
2026-02-24,17,1,2026-02-24 10:17:00,5,PALBOAT宮島開設11周年記念第6回週刊大衆杯,4,4603,谷川 将太,3,38,53.5,0,0,0.17,5,28.07,45.61,3.81,18.52,29.63,36.46,57.29,42.27,53.61
2026-02-24,17,1,2026-02-24 10:17:00,5,PALBOAT宮島開設11周年記念第6回週刊大衆杯,5,3889,須藤 隆雄,3,50,55.8,0,0,0.15,4.19,19.77,36.05,0,0,0,27.38,39.29,25.81,39.78
2026-02-24,17,1,2026-02-24 10:17:00,5,PALBOAT宮島開設11周年記念第6回週刊大衆杯,6,4666,日笠 勝弘,4,42,52,0,0,0.16,3.69,11.43,34.29,3.83,22.22,27.78,29.27,51.22,25,38.75
2026-02-24,17,2,2026-02-24 10:43:00,5,PALBOAT宮島開設11周年記念第6回週刊大衆杯,1,4049,荒川 健太,2,45,56.7,0,0,0.17,6.02,34.75,58.47,5.62,41.38,55.17,40.21,56.7,23.08,32.97
2026-02-24,17,2,2026-02-24 10:43:00,5,PALBOAT宮島開設11周年記念第6回週刊大衆杯,2,4615,板倉 敦史,3,45,54.3,0,0,0.18,4.15,17.57,37.84,4.33,20,40,30.23,45.35,32.32,47.47
2026-02-24,17,2,2026-02-24 10:43:00,5,PALBOAT宮島開設11周年記念第6回週刊大衆杯,3,4220,深川 和仁,3,44,54.2,0,0,0.17,4.91,29.27,41.46,5.35,41.18,41.18,33.33,51.72,43.48,61.96
2026-02-24,17,2,2026-02-24 10:43:00,5,PALBOAT宮島開設11周年記念第6回週刊大衆杯,4,4358,松本 庸平,3,41,51.5,1,0,0.2,4.4,24.19,35.48,4.11,22.22,44.44,44.05,57.14,32.05,46.15
2026-02-24,17,2,2026-02-24 10:43:00,5,PALBOAT宮島開設11周年記念第6回週刊大衆杯,5,4006,小野 勇作,3,47,51.5,0,0,0.17,5.25,33.75,53.75,5.34,36.84,52.63,32.63,45.26,26.09,46.38
2026-02-24,17,2,2026-02-24 10:43:00,5,PALBOAT宮島開設11周年記念第6回週刊大衆杯,6,4593,小坂 宗司,2,45,52,0,0,0.16,6.05,38.71,63.44,5.65,35,52.5,51.52,68.69,24.73,38.71
2026-02-24,17,3,2026-02-24 11:07:00,5,PALBOAT宮島開設11周年記念第6回週刊大衆杯,1,3081,岡本 慎治,3,62,52,0,0,0.17,4.7,26.98,47.62,5.8,40,70,39.78,54.84,44.21,60
2026-02-24,17,3,2026-02-24 11:07:00,5,PALBOAT宮島開設11周年記念第6回週刊大衆杯,2,4166,吉田 拡郎,1,43,52.6,0,0,0.12,7.1,44.44,62.39,7.04,51.85,62.96,22.22,38.27,30,47.78
2026-02-24,17,3,2026-02-24 11:07:00,5,PALBOAT宮島開設11周年記念第6回週刊大衆杯,3,4789,古賀 智之,2,36,53.3,0,0,0.17,5.46,39.02,58.54,4.69,23.08,38.46,39.39,57.58,38.04,51.09
2026-02-24,17,3,2026-02-24 11:07:00,5,PALBOAT宮島開設11周年記念第6回週刊大衆杯,4,4081,樋口 範政,3,47,55.3,0,0,0.19,3.76,11.34,31.96,0,0,0,33.33,49.43,31.43,51.43
2026-02-24,17,3,2026-02-24 11:07:00,5,PALBOAT宮島開設11周年記念第6回週刊大衆杯,5,5363,山本 凱立,4,26,52,1,0,0.19,1.63,2.17,4.35,1,0,0,37.5,47.5,47.92,63.54
2026-02-24,17,3,2026-02-24 11:07:00,5,PALBOAT宮島開設11周年記念第6回週刊大衆杯,6,4000,松本 博昭,2,49,56.1,0,0,0.17,5.83,37.5,57.81,5.42,37.36,53.85,31.71,43.9,36.73,53.06
2026-02-24,17,4,2026-02-24 11:41:00,5,PALBOAT宮島開設11周年記念第6回週刊大衆杯,1,4406,幸野 史明,3,40,52,0,0,0.16,4.04,26.25,33.75,4.23,23.08,38.46,37.89,57.89,33.7,48.91
2026-02-24,17,4,2026-02-24 11:41:00,5,PALBOAT宮島開設11周年記念第6回週刊大衆杯,2,3568,木村 光宏,3,55,53.7,0,0,0.17,4.32,29.87,38.96,3.85,25,30,22.99,37.93,45.74,61.7
2026-02-24,17,4,2026-02-24 11:41:00,5,PALBOAT宮島開設11周年記念第6回週刊大衆杯,3,4375,照屋 厚仁,2,41,52.7,0,0,0.17,5.8,41.8,61.48,5.22,33.33,50,40.86,59.14,26.67,41.33
2026-02-24,17,4,2026-02-24 11:41:00,5,PALBOAT宮島開設11周年記念第6回週刊大衆杯,4,4315,山崎 昂介,3,41,53,0,0,0.19,4.55,25.61,40.24,3.9,20,30,38.14,58.76,25.68,33.78
2026-02-24,17,4,2026-02-24 11:41:00,5,PALBOAT宮島開設11周年記念第6回週刊大衆杯,5,3961,谷村 一哉,2,47,55,0,0,0.16,6.39,42.42,69.7,5.93,35.71,42.86,35.48,54.84,35.05,53.61
2026-02-24,17,4,2026-02-24 11:41:00,5,PALBOAT宮島開設11周年記念第6回週刊大衆杯,6,3212,亀本 勇樹,3,64,58.6,0,0,0.17,4.68,23.46,41.98,4.68,25,41.07,20.99,39.51,31.37,41.18
2026-02-24,17,5,2026-02-24 12:11:00,5,PALBOAT宮島開設11周年記念第6回週刊大衆杯,1,3966,作間 章,1,46,54.1,0,0,0.18,6.45,44.09,66.14,6.41,46.88,62.5,25.84,52.81,29.9,44.33
2026-02-24,17,5,2026-02-24 12:11:00,5,PALBOAT宮島開設11周年記念第6回週刊大衆杯,2,4883,岡部 大輝,3,30,52.5,0,0,0.17,6.06,47.89,57.75,2.88,0,12.5,31.25,50,33.71,48.31
2026-02-24,17,5,2026-02-24 12:11:00,5,PALBOAT宮島開設11周年記念第6回週刊大衆杯,3,4336,松田 竜馬,3,42,53.3,0,0,0.15,5.1,32.11,47.71,5.79,39.29,60.71,29.67,43.96,37.63,54.84
2026-02-24,17,5,2026-02-24 12:11:00,5,PALBOAT宮島開設11周年記念第6回週刊大衆杯,4,5031,渡辺 空依,3,28,52.9,0,0,0.2,4.24,18.48,36.96,4.33,16.67,44.44,43.53,52.94,26.19,40.48
2026-02-24,17,5,2026-02-24 12:11:00,5,PALBOAT宮島開設11周年記念第6回週刊大衆杯,5,3350,藤本 佳史,2,57,53,0,0,0.15,5.27,31.17,51.95,2.57,0,0,20,37.14,30.26,53.95
2026-02-24,17,5,2026-02-24 12:11:00,5,PALBOAT宮島開設11周年記念第6回週刊大衆杯,6,4762,藤原 啓史朗,1,35,50.5,0,0,0.12,6.5,39.42,59.62,7.18,57.5,65,37.08,49.44,32.63,48.42
2026-02-24,17,6,2026-02-24 12:40:00,5,PALBOAT宮島開設11周年記念第6回週刊大衆杯,1,4850,野中 一平,1,31,53.7,0,0,0.12,6.55,46.08,69.61,4.61,16.67,22.22,22.47,39.33,39.36,55.32
2026-02-24,17,6,2026-02-24 12:40:00,5,PALBOAT宮島開設11周年記念第6回週刊大衆杯,2,4358,松本 庸平,3,41,51.5,1,0,0.2,4.4,24.19,35.48,4.11,22.22,44.44,44.05,57.14,32.05,46.15
2026-02-24,17,6,2026-02-24 12:40:00,5,PALBOAT宮島開設11周年記念第6回週刊大衆杯,3,4396,大田 直弥,2,39,53,0,0,0.19,5.28,31.96,54.64,4.26,18.52,40.74,27.17,33.7,37.76,58.16
2026-02-24,17,6,2026-02-24 12:40:00,5,PALBOAT宮島開設11周年記念第6回週刊大衆杯,4,3246,星野 政彦,4,61,52.8,0,0,0.16,3.81,16.67,23.81,0,0,0,24.42,34.88,32.67,48.51
2026-02-24,17,6,2026-02-24 12:40:00,5,PALBOAT宮島開設11周年記念第6回週刊大衆杯,5,4535,北山 康介,1,36,52.5,0,0,0.14,6.74,54.39,68.42,7.38,62.07,72.41,31.91,46.81,29.58,42.25
2026-02-24,17,6,2026-02-24 12:40:00,5,PALBOAT宮島開設11周年記念第6回週刊大衆杯,6,4168,石野 貴之,1,43,52.3,0,0,0.13,6.39,47.9,58.82,6.16,42.11,63.16,31.82,47.73,26.6,46.81
2026-02-24,17,7,2026-02-24 13:08:00,5,PALBOAT宮島開設11周年記念第6回週刊大衆杯,1,4184,渡邊 雄一郎,1,39,52.4,0,0,0.16,7.2,56.84,80,4.4,30,30,53.54,68.69,39.42,52.88
2026-02-24,17,7,2026-02-24 13:08:00,5,PALBOAT宮島開設11周年記念第6回週刊大衆杯,2,3889,須藤 隆雄,3,50,55.8,0,0,0.15,4.19,19.77,36.05,0,0,0,27.38,39.29,25.81,39.78
2026-02-24,17,7,2026-02-24 13:08:00,5,PALBOAT宮島開設11周年記念第6回週刊大衆杯,3,4411,沢田 昭宏,2,39,52.9,0,0,0.16,5.14,31.68,47.52,4.38,20.83,33.33,41.57,51.69,32.38,49.52
2026-02-24,17,7,2026-02-24 13:08:00,5,PALBOAT宮島開設11周年記念第6回週刊大衆杯,4,4220,深川 和仁,3,44,54.2,0,0,0.17,4.91,29.27,41.46,5.35,41.18,41.18,33.33,51.72,43.48,61.96
2026-02-24,17,7,2026-02-24 13:08:00,5,PALBOAT宮島開設11周年記念第6回週刊大衆杯,5,4081,樋口 範政,3,47,55.3,0,0,0.19,3.76,11.34,31.96,0,0,0,33.33,49.43,31.43,51.43
2026-02-24,17,7,2026-02-24 13:08:00,5,PALBOAT宮島開設11周年記念第6回週刊大衆杯,6,3024,西島 義則,1,64,52.1,2,0,0.15,7.25,63.71,73.39,6.53,52.87,68.97,28.24,47.06,27.54,46.38
2026-02-24,17,8,2026-02-24 13:32:00,5,PALBOAT宮島開設11周年記念第6回週刊大衆杯,1,3411,池上 隆行,3,56,51.5,0,0,0.18,3.83,14.29,28.57,3.97,17.89,23.16,42.17,57.83,32.69,51.92
2026-02-24,17,8,2026-02-24 13:32:00,5,PALBOAT宮島開設11周年記念第6回週刊大衆杯,2,3277,齋藤 勇,3,59,52,0,0,0.17,4.52,26.8,41.24,4.74,25.93,44.44,30.77,48.72,34.38,53.13
2026-02-24,17,8,2026-02-24 13:32:00,5,PALBOAT宮島開設11周年記念第6回週刊大衆杯,3,4315,山崎 昂介,3,41,53,0,0,0.19,4.55,25.61,40.24,3.9,20,30,38.14,58.76,25.68,33.78
2026-02-24,17,8,2026-02-24 13:32:00,5,PALBOAT宮島開設11周年記念第6回週刊大衆杯,4,4615,板倉 敦史,3,45,54.3,0,0,0.18,4.15,17.57,37.84,4.33,20,40,30.23,45.35,32.32,47.47
2026-02-24,17,8,2026-02-24 13:32:00,5,PALBOAT宮島開設11周年記念第6回週刊大衆杯,5,4558,宮野 仁,3,36,53.4,0,0,0.23,3.53,17.19,26.56,4.11,17.86,42.86,29.76,50,36.19,61.9
2026-02-24,17,8,2026-02-24 13:32:00,5,PALBOAT宮島開設11周年記念第6回週刊大衆杯,6,5363,山本 凱立,4,26,52,1,0,0.19,1.63,2.17,4.35,1,0,0,37.5,47.5,47.92,63.54
2026-02-24,17,9,2026-02-24 14:00:00,5,PALBOAT宮島開設11周年記念第6回週刊大衆杯,1,3655,本橋 克洋,2,52,52.7,0,0,0.17,5.49,33.87,59.68,5.83,33.33,72.22,35.96,51.69,35,49
2026-02-24,17,9,2026-02-24 14:00:00,5,PALBOAT宮島開設11周年記念第6回週刊大衆杯,2,3564,桑原 啓,3,55,53.5,0,0,0.18,4.76,29.9,45.36,5.31,37.5,43.75,42.7,65.17,22.78,43.04
2026-02-24,17,9,2026-02-24 14:00:00,5,PALBOAT宮島開設11周年記念第6回週刊大衆杯,3,3212,亀本 勇樹,3,64,58.6,0,0,0.17,4.68,23.46,41.98,4.68,25,41.07,20.99,39.51,31.37,41.18
2026-02-24,17,9,2026-02-24 14:00:00,5,PALBOAT宮島開設11周年記念第6回週刊大衆杯,4,4006,小野 勇作,3,47,51.5,0,0,0.17,5.25,33.75,53.75,5.34,36.84,52.63,32.63,45.26,26.09,46.38
2026-02-24,17,9,2026-02-24 14:00:00,5,PALBOAT宮島開設11周年記念第6回週刊大衆杯,5,4336,松田 竜馬,3,42,53.3,0,0,0.15,5.1,32.11,47.71,5.79,39.29,60.71,29.67,43.96,37.63,54.84
2026-02-24,17,9,2026-02-24 14:00:00,5,PALBOAT宮島開設11周年記念第6回週刊大衆杯,6,5235,岩田 凌,4,27,54.6,1,0,0.18,3.19,12.5,18.75,1.25,0,0,31.76,47.06,43.59,58.97
2026-02-24,17,10,2026-02-24 14:40:00,5,PALBOAT宮島開設11周年記念第6回週刊大衆杯,1,4593,小坂 宗司,2,45,52,0,0,0.16,6.05,38.71,63.44,5.65,35,52.5,51.52,68.69,24.73,38.71
2026-02-24,17,10,2026-02-24 14:40:00,5,PALBOAT宮島開設11周年記念第6回週刊大衆杯,2,4535,北山 康介,1,36,52.5,0,0,0.14,6.74,54.39,68.42,7.38,62.07,72.41,31.91,46.81,29.58,42.25
2026-02-24,17,10,2026-02-24 14:40:00,5,PALBOAT宮島開設11周年記念第6回週刊大衆杯,3,5028,原田 才一郎,1,29,52.8,1,0,0.16,6.08,43.96,59.34,6.65,54.84,64.52,47.13,64.37,23.53,47.06
2026-02-24,17,10,2026-02-24 14:40:00,5,PALBOAT宮島開設11周年記念第6回週刊大衆杯,4,4049,荒川 健太,2,45,56.7,0,0,0.17,6.02,34.75,58.47,5.62,41.38,55.17,40.21,56.7,23.08,32.97
2026-02-24,17,10,2026-02-24 14:40:00,5,PALBOAT宮島開設11周年記念第6回週刊大衆杯,5,3568,木村 光宏,3,55,53.7,0,0,0.17,4.32,29.87,38.96,3.85,25,30,22.99,37.93,45.74,61.7
2026-02-24,17,10,2026-02-24 14:40:00,5,PALBOAT宮島開設11周年記念第6回週刊大衆杯,6,4166,吉田 拡郎,1,43,52.6,0,0,0.12,7.1,44.44,62.39,7.04,51.85,62.96,22.22,38.27,30,47.78
2026-02-24,17,11,2026-02-24 15:10:00,5,PALBOAT宮島開設11周年記念第6回週刊大衆杯,1,4762,藤原 啓史朗,1,35,50.5,0,0,0.12,6.5,39.42,59.62,7.18,57.5,65,37.08,49.44,32.63,48.42
2026-02-24,17,11,2026-02-24 15:10:00,5,PALBOAT宮島開設11周年記念第6回週刊大衆杯,2,3961,谷村 一哉,2,47,55,0,0,0.16,6.39,42.42,69.7,5.93,35.71,42.86,35.48,54.84,35.05,53.61
2026-02-24,17,11,2026-02-24 15:10:00,5,PALBOAT宮島開設11周年記念第6回週刊大衆杯,3,4603,谷川 将太,3,38,53.5,0,0,0.17,5,28.07,45.61,3.81,18.52,29.63,36.46,57.29,42.27,53.61
2026-02-24,17,11,2026-02-24 15:10:00,5,PALBOAT宮島開設11周年記念第6回週刊大衆杯,4,4411,沢田 昭宏,2,39,52.9,0,0,0.16,5.14,31.68,47.52,4.38,20.83,33.33,41.57,51.69,32.38,49.52
2026-02-24,17,11,2026-02-24 15:10:00,5,PALBOAT宮島開設11周年記念第6回週刊大衆杯,5,4850,野中 一平,1,31,53.7,0,0,0.12,6.55,46.08,69.61,4.61,16.67,22.22,22.47,39.33,39.36,55.32
2026-02-24,17,11,2026-02-24 15:10:00,5,PALBOAT宮島開設11周年記念第6回週刊大衆杯,6,3081,岡本 慎治,3,62,52,0,0,0.17,4.7,26.98,47.62,5.8,40,70,39.78,54.84,44.21,60
2026-02-24,17,12,2026-02-24 15:37:00,5,PALBOAT宮島開設11周年記念第6回週刊大衆杯,1,4168,石野 貴之,1,43,52.4,0,0,0.13,6.39,47.9,58.82,6.16,42.11,63.16,31.82,47.73,26.6,46.81
2026-02-24,17,12,2026-02-24 15:37:00,5,PALBOAT宮島開設11周年記念第6回週刊大衆杯,2,3966,作間 章,1,46,54.1,0,0,0.18,6.45,44.09,66.14,6.41,46.88,62.5,25.84,52.81,29.9,44.33
2026-02-24,17,12,2026-02-24 15:37:00,5,PALBOAT宮島開設11周年記念第6回週刊大衆杯,3,4184,渡邊 雄一郎,1,39,52.2,0,0,0.16,7.2,56.84,80,4.4,30,30,53.54,68.69,39.42,52.88
2026-02-24,17,12,2026-02-24 15:37:00,5,PALBOAT宮島開設11周年記念第6回週刊大衆杯,4,4789,古賀 智之,2,36,53.3,0,0,0.17,5.46,39.02,58.54,4.69,23.08,38.46,39.39,57.58,38.04,51.09
2026-02-24,17,12,2026-02-24 15:37:00,5,PALBOAT宮島開設11周年記念第6回週刊大衆杯,5,4883,岡部 大輝,3,30,52.3,0,0,0.17,6.06,47.89,57.75,2.88,0,12.5,31.25,50,33.71,48.31
2026-02-24,17,12,2026-02-24 15:37:00,5,PALBOAT宮島開設11周年記念第6回週刊大衆杯,6,4406,幸野 史明,3,40,51,0,0,0.16,4.04,26.25,33.75,4.23,23.08,38.46,37.89,57.89,33.7,48.91
2026-02-24,21,1,2026-02-24 08:35:00,5,ギラヴァンツ北九州カップ,1,3684,清水 攻二,2,52,52,1,0,0.17,5.71,40.95,56.19,4.91,25,47.73,42,58.5,31.69,52.46
2026-02-24,21,1,2026-02-24 08:35:00,5,ギラヴァンツ北九州カップ,2,3930,岸本 隆,3,50,55,0,0,0.15,5.5,33.63,55.75,4,33.33,33.33,22.99,44.39,40.1,51.21
2026-02-24,21,1,2026-02-24 08:35:00,5,ギラヴァンツ北九州カップ,3,3434,松尾 宣邦,3,57,52.1,0,0,0.17,5.6,36.78,55.17,4.79,28.57,47.62,26.97,44.94,33.16,47.37
2026-02-24,21,1,2026-02-24 08:35:00,5,ギラヴァンツ北九州カップ,4,5268,山本 幸也,3,25,54.7,1,0,0.23,2.08,6.35,11.11,2.03,9.68,9.68,43.55,61.29,33.15,52.25
2026-02-24,21,1,2026-02-24 08:35:00,5,ギラヴァンツ北九州カップ,5,5295,田上 凜,3,23,46.5,0,0,0.2,4.09,18.37,35.71,0,0,0,34.69,50.51,25.58,50.58
2026-02-24,21,1,2026-02-24 08:35:00,5,ギラヴァンツ北九州カップ,6,3745,橋本 年光,3,51,52.2,0,0,0.17,5.36,29.55,52.27,5.5,36.36,59.09,35.29,53.92,34.05,51.35
2026-02-24,21,2,2026-02-24 09:01:00,5,ギラヴァンツ北九州カップ,1,3158,島川 光男,2,61,52.5,1,0,0.15,5.58,41.23,57.89,6.07,42.37,59.32,35.39,55.06,32.32,45.45
2026-02-24,21,2,2026-02-24 09:01:00,5,ギラヴァンツ北九州カップ,2,4853,前原 哉,4,31,44.5,1,0,0.19,3.92,20,32,4.11,11.11,33.33,35.1,51.44,37.1,55.91
2026-02-24,21,2,2026-02-24 09:01:00,5,ギラヴァンツ北九州カップ,3,3444,香月 大介,3,56,52,0,0,0.18,3.24,11.27,18.31,3,9.38,15.63,26.2,47.06,38.02,58.33
2026-02-24,21,2,2026-02-24 09:01:00,5,ギラヴァンツ北九州カップ,4,4256,渡辺 浩司,1,42,52,0,0,0.13,6.58,45.63,61.17,7.58,55.56,77.78,34.72,48.61,36.41,51.94
2026-02-24,21,2,2026-02-24 09:01:00,5,ギラヴァンツ北九州カップ,5,4440,萩原 知哉,3,39,53.9,0,0,0.17,4.09,13.75,32.5,3.9,12.9,22.58,42.53,62.64,33.33,51.24
2026-02-24,21,2,2026-02-24 09:01:00,5,ギラヴァンツ北九州カップ,6,5346,中村 紋夕梨,4,22,46.5,0,0,0.19,2.37,4.41,11.76,0,0,0,37.38,51.46,23.03,41.01
2026-02-24,21,3,2026-02-24 09:27:00,5,ギラヴァンツ北九州カップ,1,3792,田中 豪,2,53,52.8,0,0,0.15,6.46,50,66.3,6.5,50,87.5,30.33,50.71,37.76,56.63
2026-02-24,21,3,2026-02-24 09:27:00,5,ギラヴァンツ北九州カップ,2,5208,屋良 龍紀,3,28,52,0,0,0.15,4.16,24.68,37.66,3.4,12,28,35.5,53.5,28.41,44.89
2026-02-24,21,3,2026-02-24 09:27:00,5,ギラヴァンツ北九州カップ,3,4239,竹田 辰也,1,42,52.3,1,0,0.14,6.71,54.76,66.67,6.11,50,61.11,35.96,55.17,32.45,49.47
2026-02-24,21,3,2026-02-24 09:27:00,5,ギラヴァンツ北九州カップ,4,3620,信濃 由行,3,52,54,0,0,0.17,4.53,28.74,40.23,0,0,0,50,70.45,37.56,56.1
2026-02-24,21,3,2026-02-24 09:27:00,5,ギラヴァンツ北九州カップ,5,4950,高岡 竜也,2,32,52,0,0,0.17,6.11,43.82,60.67,6.14,57.14,57.14,36.41,52.91,30.32,47.34
2026-02-24,21,3,2026-02-24 09:27:00,5,ギラヴァンツ北九州カップ,6,5418,堀内 亜海,4,19,54.1,0,0,0.22,1.16,0,0,0,0,0,25.7,41.9,29.28,45.3
2026-02-24,21,4,2026-02-24 09:53:00,5,ギラヴァンツ北九州カップ,1,3952,中澤 和志,1,49,52,0,0,0.15,6.67,47,70,0,0,0,40.57,61.14,34.98,53.69
2026-02-24,21,4,2026-02-24 09:53:00,5,ギラヴァンツ北九州カップ,2,3471,赤峰 和也,3,56,52.5,0,0,0.17,4.15,16.22,33.78,4.08,30.77,38.46,40,55.76,41.09,53.47
2026-02-24,21,4,2026-02-24 09:53:00,5,ギラヴァンツ北九州カップ,3,4654,篠田 優也,2,39,53.9,0,0,0.15,6.03,42.37,61.02,6.36,36.36,72.73,38.65,57.06,34.72,47.67
2026-02-24,21,4,2026-02-24 09:53:00,5,ギラヴァンツ北九州カップ,4,4210,松村 康太,2,42,52.6,0,0,0.17,5.78,34.04,63.83,0,0,0,31,45,31.18,47.85
2026-02-24,21,4,2026-02-24 09:53:00,5,ギラヴァンツ北九州カップ,5,4031,飯島 誠,3,47,52.2,0,0,0.17,5.13,35,52.5,3.89,22.22,33.33,33.33,49.23,35.03,53.3
2026-02-24,21,4,2026-02-24 09:53:00,5,ギラヴァンツ北九州カップ,6,5443,西村 仁吾,4,18,53.1,1,0,,1.38,0,0,0,0,0,23.35,37.13,36,50.5
2026-02-24,21,5,2026-02-24 10:24:00,5,ギラヴァンツ北九州カップ,1,4967,中村 魁生,1,27,50.5,0,0,0.12,6.54,42.86,65.31,0,0,0,30.88,50.98,27.75,42.2
2026-02-24,21,5,2026-02-24 10:24:00,5,ギラヴァンツ北九州カップ,2,3906,飯山 晃三,3,48,59.2,0,0,0.18,3.98,24.32,37.84,5,22.22,55.56,37.25,49.02,38.3,59.57
2026-02-24,21,5,2026-02-24 10:24:00,5,ギラヴァンツ北九州カップ,3,5295,田上 凜,3,23,46.5,0,0,0.2,4.09,18.37,35.71,0,0,0,34.69,50.51,25.58,50.58
2026-02-24,21,5,2026-02-24 10:24:00,5,ギラヴァンツ北九州カップ,4,4302,西野 翔太,2,42,52.5,0,0,0.13,6.92,60.5,70.59,5.72,40,54,36.81,50,37.25,50.49
2026-02-24,21,5,2026-02-24 10:24:00,5,ギラヴァンツ北九州カップ,5,3731,高濱 芳久,3,52,53.6,0,0,0.18,4.69,29.41,45.1,4.56,19.23,40.38,36.84,53.16,39.9,58.03
2026-02-24,21,5,2026-02-24 10:24:00,5,ギラヴァンツ北九州カップ,6,4584,村岡 賢人,1,36,52.3,1,0,0.12,6.91,51.3,74.78,6.76,57.14,66.67,49.44,62.92,28.34,48.13
2026-02-24,21,6,2026-02-24 10:55:00,5,ギラヴァンツ北九州カップ,1,4325,新出 浩司,3,42,52.8,1,0,0.14,4.29,15.71,38.57,5.41,29.63,59.26,34.63,53.17,28.88,47.59
2026-02-24,21,6,2026-02-24 10:55:00,5,ギラヴァンツ北九州カップ,2,4294,古賀 繁輝,1,39,56.4,0,0,0.14,6.94,55.08,71.19,5.33,33.33,33.33,35.71,48.1,26.16,46.51
2026-02-24,21,6,2026-02-24 10:55:00,5,ギラヴァンツ北九州カップ,3,4330,奈須 啓太,2,42,52,0,0,0.13,5.69,37.5,58.33,6.46,47.92,66.67,35.98,54.21,41.55,57.97
2026-02-24,21,6,2026-02-24 10:55:00,5,ギラヴァンツ北九州カップ,4,4228,吉田 慎二郎,2,42,56,0,0,0.18,5.69,37.7,58.2,5.27,45.45,45.45,30.99,49.3,38.3,54.26
2026-02-24,21,6,2026-02-24 10:55:00,5,ギラヴァンツ北九州カップ,5,3745,橋本 年光,3,51,52.2,0,0,0.17,5.36,29.55,52.27,5.5,36.36,59.09,35.29,53.92,34.05,51.35
2026-02-24,21,6,2026-02-24 10:55:00,5,ギラヴァンツ北九州カップ,6,4272,大場 広孝,3,43,55.6,1,0,0.16,4.59,22.37,40.79,5.43,29.73,59.46,21.56,38.32,32.24,48.09
2026-02-24,21,7,2026-02-24 11:24:00,5,ギラヴァンツ北九州カップ,1,3305,小野 信樹,3,58,53.2,0,0,0.17,4,23.61,34.72,4.71,28.57,28.57,50,67.61,44.44,62.12
2026-02-24,21,7,2026-02-24 11:24:00,5,ギラヴァンツ北九州カップ,2,5268,山本 幸也,3,25,55.5,1,0,0.23,2.08,6.35,11.11,2.03,9.68,9.68,43.55,61.29,33.15,52.25
2026-02-24,21,7,2026-02-24 11:24:00,5,ギラヴァンツ北九州カップ,3,5151,山下 奈緒,3,30,47,0,0,0.21,3.78,12.99,24.68,0,0,0,40.69,56.86,35.57,55.15
2026-02-24,21,7,2026-02-24 11:24:00,5,ギラヴァンツ北九州カップ,4,5305,伊藤 栞,3,22,56.4,0,0,0.16,2.45,5,11.67,0,0,0,30.52,44.13,35.18,52.76
2026-02-24,21,7,2026-02-24 11:24:00,5,ギラヴァンツ北九州カップ,5,5208,屋良 龍紀,3,28,51,0,0,0.15,4.16,24.68,37.66,3.4,12,28,35.5,53.5,28.41,44.89
2026-02-24,21,7,2026-02-24 11:24:00,5,ギラヴァンツ北九州カップ,6,5048,眞鳥 康太,3,31,54.1,0,0,0.18,4.83,28.26,44.57,4.05,14.29,38.1,44.77,60.47,34.38,47.92
2026-02-24,21,8,2026-02-24 11:57:00,5,ギラヴァンツ北九州カップ,1,5296,永田 楽,3,23,46,0,0,0.19,3.7,18.29,29.27,4.38,12.5,37.5,33.51,47.34,39.7,58.29
2026-02-24,21,8,2026-02-24 11:57:00,5,ギラヴァンツ北九州カップ,2,4102,益田 啓司,1,46,52,0,0,0.15,6.23,45.69,62.93,6.76,54.17,72.22,30.29,43.75,36.1,52.2
2026-02-24,21,8,2026-02-24 11:57:00,5,ギラヴァンツ北九州カップ,3,3792,田中 豪,2,53,52.8,0,0,0.15,6.46,50,66.3,6.5,50,87.5,30.33,50.71,37.76,56.63
2026-02-24,21,8,2026-02-24 11:57:00,5,ギラヴァンツ北九州カップ,4,3471,赤峰 和也,3,56,52.5,0,0,0.17,4.15,16.22,33.78,4.08,30.77,38.46,40,55.76,41.09,53.47
2026-02-24,21,8,2026-02-24 11:57:00,5,ギラヴァンツ北九州カップ,5,3444,香月 大介,3,56,52,0,0,0.18,3.24,11.27,18.31,3,9.38,15.63,26.2,47.06,38.02,58.33
2026-02-24,21,8,2026-02-24 11:57:00,5,ギラヴァンツ北九州カップ,6,3499,市川 哲也,2,57,52,0,0,0.13,6.39,46.79,66.06,6.95,50,85,38.89,57.07,32.28,44.97
2026-02-24,21,9,2026-02-24 12:29:00,5,ギラヴァンツ北九州カップ,1,4950,高岡 竜也,2,32,52,0,0,0.17,6.11,43.82,60.67,6.14,57.14,57.14,36.41,52.91,30.32,47.34
2026-02-24,21,9,2026-02-24 12:29:00,5,ギラヴァンツ北九州カップ,2,4706,三浦 洋次朗,2,37,51,0,0,0.17,5.95,44.26,59.02,5.84,31.58,52.63,28.65,45.41,38.05,51.71
2026-02-24,21,9,2026-02-24 12:29:00,5,ギラヴァンツ北九州カップ,3,3906,飯山 晃三,3,48,59.2,0,0,0.18,3.98,24.32,37.84,5,22.22,55.56,37.25,49.02,38.3,59.57
2026-02-24,21,9,2026-02-24 12:29:00,5,ギラヴァンツ北九州カップ,4,3434,松尾 宣邦,3,57,52.1,0,0,0.17,5.6,36.78,55.17,4.79,28.57,47.62,26.97,44.94,33.16,47.37
2026-02-24,21,9,2026-02-24 12:29:00,5,ギラヴァンツ北九州カップ,5,5346,中村 紋夕梨,4,22,46.5,0,0,0.19,2.37,4.41,11.76,0,0,0,37.38,51.46,23.03,41.01
2026-02-24,21,9,2026-02-24 12:29:00,5,ギラヴァンツ北九州カップ,6,4715,村上 遼,1,33,52,2,0,0.12,6.31,41.84,62.24,7,40,60,42.86,60.25,31.55,48.13
2026-02-24,21,10,2026-02-24 13:01:00,5,ギラヴァンツ北九州カップ,1,4654,篠田 優也,2,39,53.9,0,0,0.15,6.03,42.37,61.02,6.36,36.36,72.73,38.65,57.06,34.72,47.67
2026-02-24,21,10,2026-02-24 13:01:00,5,ギラヴァンツ北九州カップ,2,4440,萩原 知哉,3,39,53.9,0,0,0.17,4.09,13.75,32.5,3.9,12.9,22.58,42.53,62.64,33.33,51.24
2026-02-24,21,10,2026-02-24 13:01:00,5,ギラヴァンツ北九州カップ,3,3930,岸本 隆,3,50,55,0,0,0.15,5.5,33.63,55.75,4,33.33,33.33,22.99,44.39,40.1,51.21
2026-02-24,21,10,2026-02-24 13:01:00,5,ギラヴァンツ北九州カップ,4,4958,溝口 海義也,2,30,54.7,0,0,0.14,6.29,41.46,62.6,6.79,42.11,84.21,37.31,56.72,38.95,54.74
2026-02-24,21,10,2026-02-24 13:01:00,5,ギラヴァンツ北九州カップ,5,4294,古賀 繁輝,1,39,56.4,0,0,0.14,6.94,55.08,71.19,5.33,33.33,33.33,35.71,48.1,26.16,46.51
2026-02-24,21,10,2026-02-24 13:01:00,5,ギラヴァンツ北九州カップ,6,3731,高濱 芳久,3,52,53.6,0,0,0.18,4.69,29.41,45.1,4.56,19.23,40.38,36.84,53.16,39.9,58.03
2026-02-24,21,11,2026-02-24 13:34:00,5,ギラヴァンツ北九州カップ,1,4228,吉田 慎二郎,2,42,56,0,0,0.18,5.69,37.7,58.2,5.27,45.45,45.45,30.99,49.3,38.3,54.26
2026-02-24,21,11,2026-02-24 13:34:00,5,ギラヴァンツ北九州カップ,2,4256,渡辺 浩司,1,42,52,0,0,0.13,6.58,45.63,61.17,7.58,55.56,77.78,34.72,48.61,36.41,51.94
2026-02-24,21,11,2026-02-24 13:34:00,5,ギラヴァンツ北九州カップ,3,4031,飯島 誠,3,47,52.2,0,0,0.17,5.13,35,52.5,3.89,22.22,33.33,33.33,49.23,35.03,53.3
2026-02-24,21,11,2026-02-24 13:34:00,5,ギラヴァンツ北九州カップ,4,4967,中村 魁生,1,27,50.5,0,0,0.12,6.54,42.86,65.31,0,0,0,30.88,50.98,27.75,42.2
2026-02-24,21,11,2026-02-24 13:34:00,5,ギラヴァンツ北九州カップ,5,3455,谷本 幸司,3,54,52,0,0,0.18,5.19,30.23,47.67,3.56,12.5,12.5,30.61,50.51,33.16,48.19
2026-02-24,21,11,2026-02-24 13:34:00,5,ギラヴァンツ北九州カップ,6,3684,清水 攻二,2,52,52,1,0,0.17,5.71,40.95,56.19,4.91,25,47.73,42,58.5,31.69,52.46
2026-02-24,21,12,2026-02-24 14:09:00,5,ギラヴァンツ北九州カップ,1,4102,益田 啓司,1,46,52,0,0,0.15,6.23,45.69,62.93,6.76,54.17,72.22,30.29,43.75,36.1,52.2
2026-02-24,21,12,2026-02-24 14:09:00,5,ギラヴァンツ北九州カップ,2,3158,島川 光男,2,61,52.5,1,0,0.15,5.58,41.23,57.89,6.07,42.37,59.32,35.39,55.06,32.32,45.45
2026-02-24,21,12,2026-02-24 14:09:00,5,ギラヴァンツ北九州カップ,3,4302,西野 翔太,2,42,52.5,0,0,0.13,6.92,60.5,70.59,5.72,40,54,36.81,50,37.25,50.49
2026-02-24,21,12,2026-02-24 14:09:00,5,ギラヴァンツ北九州カップ,4,4330,奈須 啓太,2,42,52,0,0,0.13,5.69,37.5,58.33,6.46,47.92,66.67,35.98,54.21,41.55,57.97
2026-02-24,21,12,2026-02-24 14:09:00,5,ギラヴァンツ北九州カップ,5,4239,竹田 辰也,1,42,52.3,1,0,0.14,6.71,54.76,66.67,6.11,50,61.11,35.96,55.17,32.45,49.47
2026-02-24,21,12,2026-02-24 14:09:00,5,ギラヴァンツ北九州カップ,6,4210,松村 康太,2,42,52.6,0,0,0.17,5.78,34.04,63.83,0,0,0,31,45,31.18,47.85
2026-02-24,23,1,2026-02-24 08:47:00,5,創刊60周年九州スポーツ杯,1,3915,繁野谷 圭介,2,51,52,0,0,0.17,6.02,40.48,65.08,5.31,23.08,61.54,37.66,55.84,33.66,53.96
2026-02-24,23,1,2026-02-24 08:47:00,5,創刊60周年九州スポーツ杯,2,3701,大西 隆洋,3,53,56.7,1,0,0.16,3.23,13.7,17.81,3.79,21.43,28.57,37.04,54.32,34.62,51.92
2026-02-24,23,1,2026-02-24 08:47:00,5,創刊60周年九州スポーツ杯,3,3372,加藤 雅之,3,59,52.3,0,0,0.21,3.31,10.29,25,3.87,13.33,26.67,43.82,56.18,28.02,43.96
2026-02-24,23,1,2026-02-24 08:47:00,5,創刊60周年九州スポーツ杯,4,4632,長尾 京志郎,3,36,51,0,0,0.18,4.43,21.43,42.86,4.63,12.5,50,48.78,69.51,32.23,51.66
2026-02-24,23,1,2026-02-24 08:47:00,5,創刊60周年九州スポーツ杯,5,4112,大久保 信一郎,3,45,52,0,0,0.18,5.84,39.33,60.67,5.13,28.57,50.79,15.52,27.59,34.8,55.88
2026-02-24,23,1,2026-02-24 08:47:00,5,創刊60周年九州スポーツ杯,6,4439,近藤 友宝,3,39,54.2,0,0,0.17,3.78,19.48,29.87,4.38,18.75,31.25,25.64,35.9,35.64,51.49
2026-02-24,23,2,2026-02-24 09:13:00,5,創刊60周年九州スポーツ杯,1,4819,蜂須 瑞生,2,34,47,0,0,0.16,6.23,43.62,69.15,6.57,42.86,71.43,39.78,58.06,27.01,45.98
2026-02-24,23,2,2026-02-24 09:13:00,5,創刊60周年九州スポーツ杯,2,3997,北村 征嗣,1,46,52.9,0,0,0.16,6.68,47.68,70.86,6.73,50,72.73,22.67,41.33,39.68,57.14
2026-02-24,23,2,2026-02-24 09:13:00,5,創刊60周年九州スポーツ杯,3,3825,宮嵜 隆太郎,3,52,59.5,0,0,0.13,3.54,17.5,26.25,4.36,18.18,45.45,34.18,50.63,31.37,49.51
2026-02-24,23,2,2026-02-24 09:13:00,5,創刊60周年九州スポーツ杯,4,4861,田中 宏樹,3,37,52,0,0,0.18,5.41,36.96,56.52,4.71,33.33,45.83,23.19,40.58,24.14,42.36
2026-02-24,23,2,2026-02-24 09:13:00,5,創刊60周年九州スポーツ杯,5,4872,山下 流心,3,32,55,0,0,0.16,4.96,31.07,44.66,0,0,0,28,49.33,28.37,45.19
2026-02-24,23,2,2026-02-24 09:13:00,5,創刊60周年九州スポーツ杯,6,5367,赤松 咲香,4,24,50.3,1,0,0.17,1.81,4.65,4.65,1.22,0,0,24.42,43.02,30.14,42.58
2026-02-24,23,3,2026-02-24 09:39:00,5,創刊60周年九州スポーツ杯,1,4122,安東 幸治,2,44,53.9,0,0,0.16,5.85,37.01,56.69,6.75,55,65,25.68,41.89,27.86,40.3
2026-02-24,23,3,2026-02-24 09:39:00,5,創刊60周年九州スポーツ杯,2,5322,根岸 真優,4,24,45,0,0,0.22,2.06,2.78,9.72,0,0,0,33.33,55.56,31.19,42.57
2026-02-24,23,3,2026-02-24 09:39:00,5,創刊60周年九州スポーツ杯,3,5165,小林 愛実,3,25,47,0,0,0.17,5.59,33.33,56.67,4.07,20,33.33,10,31.67,36.23,55.07
2026-02-24,23,3,2026-02-24 09:39:00,5,創刊60周年九州スポーツ杯,4,4734,安河内 将,1,36,52,0,0,0.15,7.11,50.91,69.09,6.9,50,73.15,20.78,37.66,26.42,45.75
2026-02-24,23,3,2026-02-24 09:39:00,5,創刊60周年九州スポーツ杯,5,3539,金子 順一,3,57,52.4,0,0,0.18,3.49,17.89,28.42,4.56,28,44,31.58,43.42,40.39,59.11
2026-02-24,23,3,2026-02-24 09:39:00,5,創刊60周年九州スポーツ杯,6,5403,藤山 湧太,4,22,52,1,0,0.19,1.92,3.03,3.03,0,0,0,36.25,57.5,42.03,60.39
2026-02-24,23,4,2026-02-24 10:05:00,5,創刊60周年九州スポーツ杯,1,4020,川上 清人,3,46,63.7,0,0,0.2,3.72,19.28,33.73,0,0,0,28.07,43.86,25.96,48.56
2026-02-24,23,4,2026-02-24 10:05:00,5,創刊60周年九州スポーツ杯,2,5045,平川 香織,2,25,47,0,0,0.22,5.9,40,60.77,4,20,20,33.33,57.14,34.63,53.66
2026-02-24,23,4,2026-02-24 10:05:00,5,創刊60周年九州スポーツ杯,3,4163,山崎 裕司,2,44,51.5,0,0,0.17,5.76,38.17,56.49,5.52,33.33,61.9,34.57,48.15,35.38,50.47
2026-02-24,23,4,2026-02-24 10:05:00,5,創刊60周年九州スポーツ杯,4,3964,宮地 博士,3,46,52.6,0,0,0.21,4.39,17.05,38.64,4.6,13.33,40,48.15,61.73,30.29,47.12
2026-02-24,23,4,2026-02-24 10:05:00,5,創刊60周年九州スポーツ杯,5,3293,宮内 由紀英,3,60,52.1,0,0,0.2,4.13,17.5,40,4.92,16.67,50,39.29,50,39.02,54.15
2026-02-24,23,4,2026-02-24 10:05:00,5,創刊60周年九州スポーツ杯,6,3613,角谷 健吾,1,53,52,0,0,0.15,6.24,46.34,62.6,7.47,73.33,80,35.23,51.14,29.25,44.34
2026-02-24,23,5,2026-02-24 10:34:00,5,創刊60周年九州スポーツ杯,1,4633,森 智也,2,36,52,0,0,0.15,5.74,32.63,56.84,4.86,28.57,57.14,45,57.5,31.4,44.93
2026-02-24,23,5,2026-02-24 10:34:00,5,創刊60周年九州スポーツ杯,2,4373,若狭 奈美子,1,37,47,0,0,0.18,6.18,42.5,67.5,6.78,43.9,78.05,45.05,61.54,21.99,47.12
2026-02-24,23,5,2026-02-24 10:34:00,5,創刊60周年九州スポーツ杯,3,4004,山本 浩輔,3,48,52.1,0,0,0.19,5.03,28.57,47.96,3.9,12.9,35.48,36.9,54.76,42.51,57
2026-02-24,23,5,2026-02-24 10:34:00,5,創刊60周年九州スポーツ杯,4,3372,加藤 雅之,3,59,52.3,0,0,0.21,3.31,10.29,25,3.87,13.33,26.67,43.82,56.18,28.02,43.96
2026-02-24,23,5,2026-02-24 10:34:00,5,創刊60周年九州スポーツ杯,5,5177,松井 貫太,3,29,52,0,0,0.2,4.34,22.06,38.24,3.3,12.12,21.21,26.87,49.25,37.68,55.07
2026-02-24,23,5,2026-02-24 10:34:00,5,創刊60周年九州スポーツ杯,6,5287,滝沢 織寧,3,26,45.5,1,0,0.17,3.24,10.75,20.43,1.38,0,0,32.1,55.56,29.06,48.77
2026-02-24,23,6,2026-02-24 11:03:00,5,創刊60周年九州スポーツ杯,1,3701,大西 隆洋,3,53,56.7,1,0,0.16,3.23,13.7,17.81,3.79,21.43,28.57,37.04,54.32,34.62,51.92
2026-02-24,23,6,2026-02-24 11:03:00,5,創刊60周年九州スポーツ杯,2,4359,横川 聖志,2,41,55.4,0,0,0.13,5.15,35.29,47.06,6.11,33.33,77.78,39.51,61.73,34.95,51.94
2026-02-24,23,6,2026-02-24 11:03:00,5,創刊60周年九州スポーツ杯,3,4798,浜先 真範,1,32,52,0,0,0.13,6.4,41.23,62.28,7.14,42.86,71.43,29.63,40.74,23.2,40.21
2026-02-24,23,6,2026-02-24 11:03:00,5,創刊60周年九州スポーツ杯,4,4301,関 裕也,3,42,53.9,1,0,0.18,4.72,29.58,46.48,4.03,9.09,39.39,32.18,49.43,31.28,44.08
2026-02-24,23,6,2026-02-24 11:03:00,5,創刊60周年九州スポーツ杯,5,5390,高橋 涼夏,4,18,46,0,0,0.15,1.55,0,3.57,0,0,0,34.48,44.83,35.32,52.74
2026-02-24,23,6,2026-02-24 11:03:00,5,創刊60周年九州スポーツ杯,6,3825,宮嵜 隆太郎,3,52,59.5,0,0,0.13,3.54,17.5,26.25,4.36,18.18,45.45,34.18,50.63,31.37,49.51
2026-02-24,23,7,2026-02-24 11:33:00,5,創刊60周年九州スポーツ杯,1,3539,金子 順一,3,57,52.4,0,0,0.18,3.49,17.89,28.42,4.56,28,44,31.58,43.42,40.39,59.11
2026-02-24,23,7,2026-02-24 11:33:00,5,創刊60周年九州スポーツ杯,2,4439,近藤 友宝,3,39,54.2,0,0,0.17,3.78,19.48,29.87,4.38,18.75,31.25,25.64,35.9,35.64,51.49
2026-02-24,23,7,2026-02-24 11:33:00,5,創刊60周年九州スポーツ杯,3,4540,相原 利章,2,38,52.4,0,0,0.12,5.36,30.12,53.01,5.32,31.58,57.89,23.68,39.47,39.71,55.88
2026-02-24,23,7,2026-02-24 11:33:00,5,創刊60周年九州スポーツ杯,4,4027,松江 秀徳,3,48,53.5,0,0,0.16,5.14,27.08,47.92,5.92,40.18,60.71,41.98,61.73,31.4,46.38
2026-02-24,23,7,2026-02-24 11:33:00,5,創刊60周年九州スポーツ杯,5,5367,赤松 咲香,4,24,50.3,1,0,0.17,1.81,4.65,4.65,1.22,0,0,24.42,43.02,30.14,42.58
2026-02-24,23,7,2026-02-24 11:33:00,5,創刊60周年九州スポーツ杯,6,3503,堂原 洋史,3,56,51.5,0,0,0.16,4.86,27.85,43.04,5.47,26.67,60,25.81,45.16,28.93,46.7
2026-02-24,23,8,2026-02-24 12:04:00,5,創刊60周年九州スポーツ杯,1,3964,宮地 博士,3,46,53.8,0,0,0.21,4.39,17.05,38.64,4.6,13.33,40,48.15,61.73,30.29,47.12
2026-02-24,23,8,2026-02-24 12:04:00,5,創刊60周年九州スポーツ杯,2,4112,大久保 信一郎,3,45,52,0,0,0.18,5.84,39.33,60.67,5.13,28.57,50.79,15.52,27.59,34.8,55.88
2026-02-24,23,8,2026-02-24 12:04:00,5,創刊60周年九州スポーツ杯,3,5322,根岸 真優,4,24,44,0,0,0.22,2.06,2.78,9.72,0,0,0,33.33,55.56,31.19,42.57
2026-02-24,23,8,2026-02-24 12:04:00,5,創刊60周年九州スポーツ杯,4,3370,坪内 実,3,59,52.2,0,0,0.18,3.63,16.09,27.59,4.2,20,30,28.4,46.91,39.61,59.9
2026-02-24,23,8,2026-02-24 12:04:00,5,創刊60周年九州スポーツ杯,5,3541,三嶌 誠司,1,57,53,0,0,0.16,5.98,35.94,60.16,6.9,52.38,66.67,28.92,37.35,36.95,52.71
2026-02-24,23,8,2026-02-24 12:04:00,5,創刊60周年九州スポーツ杯,6,3976,内田 圭,3,49,52.5,0,0,0.18,4.23,25.61,35.37,3.67,16.67,33.33,24.62,40,52.86,69.05
2026-02-24,23,9,2026-02-24 12:36:00,5,創刊60周年九州スポーツ杯,1,3293,宮内 由紀英,3,60,52.1,0,0,0.2,4.13,17.5,40,4.92,16.67,50,39.29,50,39.02,54.15
2026-02-24,23,9,2026-02-24 12:36:00,5,創刊60周年九州スポーツ杯,2,5211,高井 駿弥,3,27,50,0,0,0.18,4.53,22.37,38.16,0,0,0,36.05,50,40,55.5
2026-02-24,23,9,2026-02-24 12:36:00,5,創刊60周年九州スポーツ杯,3,4377,濱本 優一,1,41,51,0,0,0.15,6.79,54.41,72.79,6.24,44.74,68.42,31.4,52.33,39.22,59.8
2026-02-24,23,9,2026-02-24 12:36:00,5,創刊60周年九州スポーツ杯,4,5287,滝沢 織寧,3,26,45.5,1,0,0.17,3.24,10.75,20.43,1.38,0,0,32.1,55.56,29.06,48.77
2026-02-24,23,9,2026-02-24 12:36:00,5,創刊60周年九州スポーツ杯,5,5403,藤山 湧太,4,22,52,1,0,0.19,1.92,3.03,3.03,0,0,0,36.25,57.5,42.03,60.39
2026-02-24,23,9,2026-02-24 12:36:00,5,創刊60周年九州スポーツ杯,6,4438,森作 雄大,2,39,53.1,0,0,0.12,4.96,34.58,42.06,5.67,41.67,50,33.8,53.52,33.01,48.06
2026-02-24,23,10,2026-02-24 13:09:00,5,創刊60周年九州スポーツ杯,1,4798,浜先 真範,1,32,52,0,0,0.13,6.4,41.23,62.28,7.14,42.86,71.43,29.63,40.74,23.2,40.21
2026-02-24,23,10,2026-02-24 13:09:00,5,創刊60周年九州スポーツ杯,2,4872,山下 流心,3,32,55,0,0,0.16,4.96,31.07,44.66,0,0,0,28,49.33,28.37,45.19
2026-02-24,23,10,2026-02-24 13:09:00,5,創刊60周年九州スポーツ杯,3,3828,明石 正之,3,52,52,0,0,0.17,5.05,29.55,46.59,4.53,20,40,46.07,58.43,29.61,43.2
2026-02-24,23,10,2026-02-24 13:09:00,5,創刊60周年九州スポーツ杯,4,3831,安藤 裕貴,3,51,52.9,0,0,0.15,5.21,36.99,52.05,0,0,0,48.15,61.73,34.3,50.24
2026-02-24,23,10,2026-02-24 13:09:00,5,創刊60周年九州スポーツ杯,5,4538,笠置 博之,2,35,53.2,0,0,0.14,5.99,44,56,6.55,54.55,54.55,29.41,47.06,42.72,60.68
2026-02-24,23,10,2026-02-24 13:09:00,5,創刊60周年九州スポーツ杯,6,5045,平川 香織,2,25,47,0,0,0.22,5.9,40,60.77,4,20,20,33.33,57.14,34.63,53.66
2026-02-24,23,11,2026-02-24 13:48:00,5,創刊60周年九州スポーツ杯,1,5074,大澤 誠也,3,30,54.8,0,0,0.17,4.9,30.86,46.91,5.32,26.32,57.89,25.93,46.91,38.21,53.77
2026-02-24,23,11,2026-02-24 13:48:00,5,創刊60周年九州スポーツ杯,2,4301,関 裕也,3,42,53.9,1,0,0.18,4.72,29.58,46.48,4.03,9.09,39.39,32.18,49.43,31.28,44.08
2026-02-24,23,11,2026-02-24 13:48:00,5,創刊60周年九州スポーツ杯,3,4819,蜂須 瑞生,2,34,47,0,0,0.16,6.23,43.62,69.15,6.57,42.86,71.43,39.78,58.06,27.01,45.98
2026-02-24,23,11,2026-02-24 13:48:00,5,創刊60周年九州スポーツ杯,4,3613,角谷 健吾,1,53,52,0,0,0.15,6.24,46.34,62.6,7.47,73.33,80,35.23,51.14,29.25,44.34
2026-02-24,23,11,2026-02-24 13:48:00,5,創刊60周年九州スポーツ杯,5,3915,繁野谷 圭介,2,51,52,0,0,0.17,6.02,40.48,65.08,5.31,23.08,61.54,37.66,55.84,33.66,53.96
2026-02-24,23,11,2026-02-24 13:48:00,5,創刊60周年九州スポーツ杯,6,5165,小林 愛実,3,25,47,0,0,0.17,5.59,33.33,56.67,4.07,20,33.33,10,31.67,36.23,55.07
2026-02-24,23,12,2026-02-24 14:30:00,5,創刊60周年九州スポーツ杯,1,3541,三嶌 誠司,1,57,53,0,0,0.16,5.98,35.94,60.16,6.9,52.38,66.67,28.92,37.35,36.95,52.71
2026-02-24,23,12,2026-02-24 14:30:00,5,創刊60周年九州スポーツ杯,2,4163,山崎 裕司,2,44,51.5,0,0,0.17,5.76,38.17,56.49,5.52,33.33,61.9,34.57,48.15,35.38,50.47
2026-02-24,23,12,2026-02-24 14:30:00,5,創刊60周年九州スポーツ杯,3,4359,横川 聖志,2,41,55.4,0,0,0.13,5.15,35.29,47.06,6.11,33.33,77.78,39.51,61.73,34.95,51.94
2026-02-24,23,12,2026-02-24 14:30:00,5,創刊60周年九州スポーツ杯,4,3997,北村 征嗣,1,46,52.9,0,0,0.16,6.68,47.68,70.86,6.73,50,72.73,22.67,41.33,39.68,57.14
2026-02-24,23,12,2026-02-24 14:30:00,5,創刊60周年九州スポーツ杯,5,4122,安東 幸治,2,44,53.9,0,0,0.16,5.85,37.01,56.69,6.75,55,65,25.68,41.89,27.86,40.3
2026-02-24,23,12,2026-02-24 14:30:00,5,創刊60周年九州スポーツ杯,6,4540,相原 利章,2,38,52.4,0,0,0.12,5.36,30.12,53.01,5.32,31.58,57.89,23.68,39.47,39.71,55.88
