race_date,stadium_number,race_number,race_closed_at,race_grade_number,race_title,boat_number,racer_number,racer_name,racer_class_number,racer_age,racer_weight,racer_flying_count,racer_late_count,racer_average_start_timing,racer_national_top_1_percent,racer_national_top_2_percent,racer_national_top_3_percent,racer_local_top_1_percent,racer_local_top_2_percent,racer_local_top_3_percent,racer_assigned_motor_top_2_percent,racer_assigned_motor_top_3_percent,racer_assigned_boat_top_2_percent,racer_assigned_boat_top_3_percent
2026-07-02,4,1,2026-07-02 11:55:00,5,第2回アサヒビールカップ〜平和島マスターズ〜,1,5223,森清 友翔,3,25,53.1,0,0,0.16,4.88,25.74,44.55,3.83,20,31.43,44.44,77.78,50,50
2026-07-02,4,1,2026-07-02 11:55:00,5,第2回アサヒビールカップ〜平和島マスターズ〜,2,3591,後藤 孝義,3,57,52.3,0,0,0.21,3.27,11.11,22.22,4.08,8.33,33.33,23.08,76.92,71.43,85.71
2026-07-02,4,1,2026-07-02 11:55:00,5,第2回アサヒビールカップ〜平和島マスターズ〜,3,5037,田頭 虎親,3,28,52.6,0,0,0.18,5.82,46.84,60.76,6.09,45.45,63.64,42.86,42.86,14.29,71.43
2026-07-02,4,1,2026-07-02 11:55:00,5,第2回アサヒビールカップ〜平和島マスターズ〜,4,5234,塚越 海斗,1,27,52.1,0,0,0.15,6.97,55.17,75,5.93,40,60,42.86,71.43,42.86,71.43
2026-07-02,4,1,2026-07-02 11:55:00,5,第2回アサヒビールカップ〜平和島マスターズ〜,5,3315,広瀬 聖仁,3,60,52.7,0,0,0.16,4.39,24.64,33.33,5.14,33.33,52.38,0,28.57,0,0
2026-07-02,4,1,2026-07-02 11:55:00,5,第2回アサヒビールカップ〜平和島マスターズ〜,6,5394,福西 広太郎,3,24,51.5,0,0,0.18,2.84,3.75,20,2.4,0,26.67,28.57,57.14,71.43,85.71
2026-07-02,4,2,2026-07-02 12:24:00,5,第2回アサヒビールカップ〜平和島マスターズ〜,1,3983,須藤 博倫,1,48,52.2,0,0,0.15,6.84,49.51,73.79,7.32,53.57,67.86,42.86,42.86,16.67,33.33
2026-07-02,4,2,2026-07-02 12:24:00,5,第2回アサヒビールカップ〜平和島マスターズ〜,2,3904,森 貴洋,3,49,54.1,0,0,0.18,5.02,33.85,50.77,5.93,46.67,66.67,0,0,0,14.29
2026-07-02,4,2,2026-07-02 12:24:00,5,第2回アサヒビールカップ〜平和島マスターズ〜,3,4740,齋藤 達希,3,34,53,0,0,0.17,4.71,24,45.33,4.08,15.38,38.46,0,0,57.14,85.71
2026-07-02,4,2,2026-07-02 12:24:00,5,第2回アサヒビールカップ〜平和島マスターズ〜,4,3928,林 恵祐,3,50,60.8,0,0,0.18,3.8,17.07,32.93,4.63,25,37.5,69.23,84.62,28.57,42.86
2026-07-02,4,2,2026-07-02 12:24:00,5,第2回アサヒビールカップ〜平和島マスターズ〜,5,3233,小畑 実成,3,59,53.5,1,0,0.16,4.41,24.05,36.71,5.2,40,50,64.29,85.71,42.86,85.71
2026-07-02,4,2,2026-07-02 12:24:00,5,第2回アサヒビールカップ〜平和島マスターズ〜,6,5120,山本 稔太朗,3,25,53.1,0,0,0.16,4.7,28.3,41.51,4.11,22.22,33.33,28.57,42.86,14.29,28.57
2026-07-02,4,3,2026-07-02 12:54:00,5,第2回アサヒビールカップ〜平和島マスターズ〜,1,4491,田中 堅,3,39,52,0,0,0.2,4.26,22.22,35.8,4.97,33.33,44.44,42.86,57.14,0,20
2026-07-02,4,3,2026-07-02 12:54:00,5,第2回アサヒビールカップ〜平和島マスターズ〜,2,3787,天野 誠,3,54,52.8,0,0,0.2,3.75,17.86,26.79,3.7,20,30,25,75,57.14,57.14
2026-07-02,4,3,2026-07-02 12:54:00,5,第2回アサヒビールカップ〜平和島マスターズ〜,3,4824,松井 洪弥,2,33,52,0,0,0.12,5.58,35.92,49.51,5.13,25,25,42.86,71.43,42.86,42.86
2026-07-02,4,3,2026-07-02 12:54:00,5,第2回アサヒビールカップ〜平和島マスターズ〜,4,5071,野見山 拓己,3,31,52.6,1,0,0.13,4.51,23.19,44.93,5.58,37.5,50,14.29,28.57,28.57,42.86
2026-07-02,4,3,2026-07-02 12:54:00,5,第2回アサヒビールカップ〜平和島マスターズ〜,5,5411,木下 虎之輔,4,20,55.4,0,0,0.19,1.88,0,3.57,1.48,0,0,42.86,42.86,42.86,42.86
2026-07-02,4,3,2026-07-02 12:54:00,5,第2回アサヒビールカップ〜平和島マスターズ〜,6,5060,数原 魁,2,29,52,0,0,0.17,5.79,44.05,57.14,7,70,70,57.14,85.71,33.33,83.33
2026-07-02,4,4,2026-07-02 13:25:00,5,第2回アサヒビールカップ〜平和島マスターズ〜,1,5110,杉山 喜一,3,26,51,0,0,0.15,5.44,33.75,53.75,5.53,34.38,56.25,28.57,42.86,28.57,42.86
2026-07-02,4,4,2026-07-02 13:25:00,5,第2回アサヒビールカップ〜平和島マスターズ〜,2,4572,渡部 悟,3,37,55.7,0,0,0.16,5.44,35.79,51.58,5.14,36.36,50,0,14.29,0,14.29
2026-07-02,4,4,2026-07-02 13:25:00,5,第2回アサヒビールカップ〜平和島マスターズ〜,3,4847,佐藤 隆太郎,1,32,52,0,0,0.16,7.07,47.83,69.57,7.78,62.38,78.22,0,0,28.57,42.86
2026-07-02,4,4,2026-07-02 13:25:00,5,第2回アサヒビールカップ〜平和島マスターズ〜,4,5008,羽野 諒,3,29,52.9,0,0,0.15,4.48,22.73,39.39,5.33,33.33,44.44,28.57,57.14,42.86,42.86
2026-07-02,4,4,2026-07-02 13:25:00,5,第2回アサヒビールカップ〜平和島マスターズ〜,5,4043,桐本 康臣,2,46,53.5,0,0,0.17,5.84,40.86,60.22,6.31,50,61.11,33.33,50,16.67,16.67
2026-07-02,4,4,2026-07-02 13:25:00,5,第2回アサヒビールカップ〜平和島マスターズ〜,6,3949,今出 晋二,3,50,57.2,1,0,0.18,3.74,18.18,30.3,4.53,26.32,36.84,28.57,42.86,28.57,42.86
2026-07-02,4,5,2026-07-02 13:55:00,5,第2回アサヒビールカップ〜平和島マスターズ〜,1,3935,岩津 徹郎,3,48,54.7,0,0,0.17,5.08,30.77,50.77,4.63,25,43.75,38.46,53.85,28.57,42.86
2026-07-02,4,5,2026-07-02 13:55:00,5,第2回アサヒビールカップ〜平和島マスターズ〜,2,5368,宮崎 心之介,3,24,52,0,0,0.17,5.77,39.29,60.71,3.45,18.18,22.73,42.86,57.14,30.77,30.77
2026-07-02,4,5,2026-07-02 13:55:00,5,第2回アサヒビールカップ〜平和島マスターズ〜,3,4615,板倉 敦史,3,46,53.5,0,0,0.19,4.37,23.29,36.99,4.52,25,38.46,57.14,57.14,42.86,42.86
2026-07-02,4,5,2026-07-02 13:55:00,5,第2回アサヒビールカップ〜平和島マスターズ〜,4,4142,平野 和明,2,45,53.1,0,0,0.18,5.76,34.51,59.29,5.9,50,60,42.86,71.43,28.57,42.86
2026-07-02,4,5,2026-07-02 13:55:00,5,第2回アサヒビールカップ〜平和島マスターズ〜,5,3783,瓜生 正義,1,50,52.5,0,0,0.15,6.71,39.47,57.89,6.71,57.14,57.14,0,57.14,25,75
2026-07-02,4,5,2026-07-02 13:55:00,5,第2回アサヒビールカップ〜平和島マスターズ〜,6,5425,西山 育,4,24,58.7,0,0,0.27,1.47,0,2.04,0,0,0,28.57,42.86,14.29,14.29
2026-07-02,4,6,2026-07-02 14:28:00,5,第2回アサヒビールカップ〜平和島マスターズ〜,1,3882,新田 智彰,3,53,55.9,0,0,0.17,4.68,20.24,51.19,5.24,32,48,38.46,69.23,16.67,33.33
2026-07-02,4,6,2026-07-02 14:28:00,5,第2回アサヒビールカップ〜平和島マスターズ〜,2,4418,茅原 悠紀,1,38,52.7,0,0,0.13,7.59,49.5,66.34,8.65,65.22,82.61,16.67,33.33,42.86,71.43
2026-07-02,4,6,2026-07-02 14:28:00,5,第2回アサヒビールカップ〜平和島マスターズ〜,3,3591,後藤 孝義,3,57,52.3,0,0,0.21,3.27,11.11,22.22,4.08,8.33,33.33,23.08,76.92,71.43,85.71
2026-07-02,4,6,2026-07-02 14:28:00,5,第2回アサヒビールカップ〜平和島マスターズ〜,4,4697,國弘 翔平,3,39,50,0,0,0.17,4.01,18.75,35,4.62,15.38,46.15,42.86,42.86,21.43,50
2026-07-02,4,6,2026-07-02 14:28:00,5,第2回アサヒビールカップ〜平和島マスターズ〜,5,4356,長岡 良也,2,42,52,0,0,0.18,4.95,35.09,45.61,6.11,36.84,57.89,42.86,57.14,0,0
2026-07-02,4,6,2026-07-02 14:28:00,5,第2回アサヒビールカップ〜平和島マスターズ〜,6,4041,小林 基樹,3,47,53,0,0,0.21,3.94,18.18,28.79,4,23.81,38.1,0,0,16.67,33.33
2026-07-02,4,7,2026-07-02 15:00:00,5,第2回アサヒビールカップ〜平和島マスターズ〜,1,5258,仲本 舜,3,20,52,0,0,0.15,4.46,27.14,35.71,3.94,11.76,35.29,85.71,100,57.14,71.43
2026-07-02,4,7,2026-07-02 15:00:00,5,第2回アサヒビールカップ〜平和島マスターズ〜,2,3406,中里 英夫,3,57,52.5,0,0,0.19,5.23,31.87,49.45,5.07,26.67,46.67,28.57,42.86,7.69,15.38
2026-07-02,4,7,2026-07-02 15:00:00,5,第2回アサヒビールカップ〜平和島マスターズ〜,3,5120,山本 稔太朗,3,25,53.1,0,0,0.16,4.7,28.3,41.51,4.11,22.22,33.33,28.57,42.86,14.29,28.57
2026-07-02,4,7,2026-07-02 15:00:00,5,第2回アサヒビールカップ〜平和島マスターズ〜,4,4172,森定 晃史,2,43,52,0,0,0.17,6.3,45.22,66.09,5.65,35.29,47.06,42.86,71.43,62.5,87.5
2026-07-02,4,7,2026-07-02 15:00:00,5,第2回アサヒビールカップ〜平和島マスターズ〜,5,5394,福西 広太郎,3,24,51.5,0,0,0.18,2.84,3.75,20,2.4,0,26.67,28.57,57.14,71.43,85.71
2026-07-02,4,7,2026-07-02 15:00:00,5,第2回アサヒビールカップ〜平和島マスターズ〜,6,4083,福島 勇樹,1,46,52,1,0,0.14,7.25,59.65,73.68,6.65,50,69.23,57.14,85.71,37.5,37.5
2026-07-02,4,8,2026-07-02 15:32:00,5,第2回アサヒビールカップ〜平和島マスターズ〜,1,3505,山田 竜一,2,55,52.8,0,0,0.14,5.48,35.06,54.55,5.36,28.43,53.92,20,20,55.56,55.56
2026-07-02,4,8,2026-07-02 15:32:00,5,第2回アサヒビールカップ〜平和島マスターズ〜,2,4491,田中 堅,3,39,52,0,0,0.2,4.26,22.22,35.8,4.97,33.33,44.44,42.86,57.14,0,20
2026-07-02,4,8,2026-07-02 15:32:00,5,第2回アサヒビールカップ〜平和島マスターズ〜,3,5223,森清 友翔,3,25,53.1,0,0,0.16,4.88,25.74,44.55,3.83,20,31.43,44.44,77.78,50,50
2026-07-02,4,8,2026-07-02 15:32:00,5,第2回アサヒビールカップ〜平和島マスターズ〜,4,4739,中村 晃朋,1,34,51,0,0,0.15,6.22,47.73,61.36,6.17,35.71,50,16.67,16.67,0,28.57
2026-07-02,4,8,2026-07-02 15:32:00,5,第2回アサヒビールカップ〜平和島マスターズ〜,5,3904,森 貴洋,3,49,54.1,0,0,0.18,5.02,33.85,50.77,5.93,46.67,66.67,0,0,0,14.29
2026-07-02,4,8,2026-07-02 15:32:00,5,第2回アサヒビールカップ〜平和島マスターズ〜,6,5378,鈴木 結平太,4,22,50.5,1,0,0.21,1.8,1.56,6.25,2.33,0,16.67,28.57,42.86,66.67,100
2026-07-02,4,9,2026-07-02 16:05:00,5,第2回アサヒビールカップ〜平和島マスターズ〜,1,4155,長野 壮志郎,2,45,55.6,0,0,0.16,6.17,48.08,63.46,6.8,56.1,70.73,14.29,28.57,28.57,42.86
2026-07-02,4,9,2026-07-02 16:05:00,5,第2回アサヒビールカップ〜平和島マスターズ〜,2,4824,松井 洪弥,2,33,52,0,0,0.12,5.58,35.92,49.51,5.13,25,25,42.86,71.43,42.86,42.86
2026-07-02,4,9,2026-07-02 16:05:00,5,第2回アサヒビールカップ〜平和島マスターズ〜,3,4509,平見 真彦,2,37,53.7,0,0,0.18,5.66,34.33,56.72,5,25,50,28.57,42.86,85.71,100
2026-07-02,4,9,2026-07-02 16:05:00,5,第2回アサヒビールカップ〜平和島マスターズ〜,4,4740,齋藤 達希,3,34,53,0,0,0.17,4.71,24,45.33,4.08,15.38,38.46,0,0,57.14,85.71
2026-07-02,4,9,2026-07-02 16:05:00,5,第2回アサヒビールカップ〜平和島マスターズ〜,5,4572,渡部 悟,3,37,55.7,0,0,0.16,5.44,35.79,51.58,5.14,36.36,50,0,14.29,0,14.29
2026-07-02,4,9,2026-07-02 16:05:00,5,第2回アサヒビールカップ〜平和島マスターズ〜,6,5234,塚越 海斗,1,27,52.1,0,0,0.15,6.97,55.17,75,5.93,40,60,42.86,71.43,42.86,71.43
2026-07-02,4,10,2026-07-02 16:37:00,5,第2回アサヒビールカップ〜平和島マスターズ〜,1,4043,桐本 康臣,2,46,53.5,0,0,0.17,5.84,40.86,60.22,6.31,50,61.11,33.33,50,16.67,16.67
2026-07-02,4,10,2026-07-02 16:37:00,5,第2回アサヒビールカップ〜平和島マスターズ〜,2,3956,横澤 剛治,2,48,54.6,0,0,0.17,6.35,42.55,60.64,5.25,31.25,50,42.86,42.86,0,28.57
2026-07-02,4,10,2026-07-02 16:37:00,5,第2回アサヒビールカップ〜平和島マスターズ〜,3,4985,井本 昌也,1,29,52,0,0,0.15,6.71,47.83,61.74,6.54,45.95,70.27,28.57,42.86,20,20
2026-07-02,4,10,2026-07-02 16:37:00,5,第2回アサヒビールカップ〜平和島マスターズ〜,4,5037,田頭 虎親,3,28,52,0,0,0.18,5.82,46.84,60.76,6.09,45.45,63.64,42.86,42.86,14.29,71.43
2026-07-02,4,10,2026-07-02 16:37:00,5,第2回アサヒビールカップ〜平和島マスターズ〜,5,5060,数原 魁,2,29,51.5,0,0,0.17,5.79,44.05,57.14,7,70,70,57.14,85.71,33.33,83.33
2026-07-02,4,10,2026-07-02 16:37:00,5,第2回アサヒビールカップ〜平和島マスターズ〜,6,5368,宮崎 心之介,3,24,51,0,0,0.17,5.77,39.29,60.71,3.45,18.18,22.73,42.86,57.14,30.77,30.77
2026-07-02,4,11,2026-07-02 17:08:00,5,第2回アサヒビールカップ〜平和島マスターズ〜,1,4967,中村 魁生,1,27,52,0,0,0.15,7.03,54.37,72.82,5.39,41.94,58.06,28.57,28.57,42.86,57.14
2026-07-02,4,11,2026-07-02 17:08:00,5,第2回アサヒビールカップ〜平和島マスターズ〜,2,4172,森定 晃史,2,43,52,0,0,0.17,6.3,45.22,66.09,5.65,35.29,47.06,42.86,71.43,62.5,87.5
2026-07-02,4,11,2026-07-02 17:08:00,5,第2回アサヒビールカップ〜平和島マスターズ〜,3,4356,長岡 良也,2,42,52,0,0,0.18,4.95,35.09,45.61,6.11,36.84,57.89,42.86,57.14,0,0
2026-07-02,4,11,2026-07-02 17:08:00,5,第2回アサヒビールカップ〜平和島マスターズ〜,4,5110,杉山 喜一,3,26,51,0,0,0.15,5.44,33.75,53.75,5.53,34.38,56.25,28.57,42.86,28.57,42.86
2026-07-02,4,11,2026-07-02 17:08:00,5,第2回アサヒビールカップ〜平和島マスターズ〜,5,5071,野見山 拓己,3,31,52.6,1,0,0.13,4.51,23.19,44.93,5.58,37.5,50,14.29,28.57,28.57,42.86
2026-07-02,4,11,2026-07-02 17:08:00,5,第2回アサヒビールカップ〜平和島マスターズ〜,6,4142,平野 和明,2,45,53.1,0,0,0.18,5.76,34.51,59.29,5.9,50,60,42.86,71.43,28.57,42.86
2026-07-02,4,12,2026-07-02 17:42:00,5,第2回アサヒビールカップ〜平和島マスターズ〜,1,4418,茅原 悠紀,1,38,52.7,0,0,0.13,7.59,49.5,66.34,8.65,65.22,82.61,16.67,33.33,42.86,71.43
2026-07-02,4,12,2026-07-02 17:42:00,5,第2回アサヒビールカップ〜平和島マスターズ〜,2,4083,福島 勇樹,1,46,52,1,0,0.14,7.25,59.65,73.68,6.65,50,69.23,57.14,85.71,37.5,37.5
2026-07-02,4,12,2026-07-02 17:42:00,5,第2回アサヒビールカップ〜平和島マスターズ〜,3,3783,瓜生 正義,1,50,52.5,0,0,0.15,6.71,39.47,57.89,6.71,57.14,57.14,0,57.14,25,75
2026-07-02,4,12,2026-07-02 17:42:00,5,第2回アサヒビールカップ〜平和島マスターズ〜,4,3983,須藤 博倫,1,48,52.2,0,0,0.15,6.84,49.51,73.79,7.32,53.57,67.86,42.86,42.86,16.67,33.33
2026-07-02,4,12,2026-07-02 17:42:00,5,第2回アサヒビールカップ〜平和島マスターズ〜,5,4739,中村 晃朋,1,34,51,0,0,0.15,6.22,47.73,61.36,6.17,35.71,50,16.67,16.67,0,28.57
2026-07-02,4,12,2026-07-02 17:42:00,5,第2回アサヒビールカップ〜平和島マスターズ〜,6,4847,佐藤 隆太郎,1,32,52,0,0,0.16,7.07,47.83,69.57,7.78,62.38,78.22,0,0,28.57,42.86
2026-07-02,5,1,2026-07-02 11:33:00,5,第62回日刊スポーツ賞,1,3796,長野 道臣,3,53,53.9,0,0,0.16,4.95,34,48,4.35,23.53,44.12,36.73,59.18,40,53.33
2026-07-02,5,1,2026-07-02 11:33:00,5,第62回日刊スポーツ賞,2,3503,堂原 洋史,3,56,50.5,0,0,0.16,3.9,15.05,27.96,3.33,12.5,25,23.4,40.43,31.25,56.25
2026-07-02,5,1,2026-07-02 11:33:00,5,第62回日刊スポーツ賞,3,5127,沼田 大都,3,29,51.5,0,0,0.2,4.81,24.72,49.44,4.35,17.39,43.48,19.44,30.56,26.19,42.86
2026-07-02,5,1,2026-07-02 11:33:00,5,第62回日刊スポーツ賞,4,4496,内堀 学,2,39,52,0,0,0.18,6.74,56.06,69.7,6.59,47.54,70.49,36.17,55.32,19.23,34.62
2026-07-02,5,1,2026-07-02 11:33:00,5,第62回日刊スポーツ賞,5,3294,野中 義生,3,60,52.7,1,0,0.14,4.19,18.18,38.96,3.75,22.22,30.56,32.56,65.12,26.19,47.62
2026-07-02,5,1,2026-07-02 11:33:00,5,第62回日刊スポーツ賞,6,3392,小森 信雄,3,60,52,0,0,0.18,4.26,17.24,35.63,4.65,17.39,47.83,43.24,56.76,21.74,39.13
2026-07-02,5,2,2026-07-02 12:02:00,5,第62回日刊スポーツ賞,1,3563,堤 昇,3,56,52.1,0,0,0.16,5.27,31.9,51.72,4.97,31.43,48.57,13.95,25.58,26,44
2026-07-02,5,2,2026-07-02 12:02:00,5,第62回日刊スポーツ賞,2,3889,須藤 隆雄,3,51,55.4,0,0,0.15,3.82,20.73,29.27,5.19,35.42,45.83,30.95,50,40.43,53.19
2026-07-02,5,2,2026-07-02 12:02:00,5,第62回日刊スポーツ賞,3,4233,亀山 雅幸,2,42,52,0,0,0.18,6.06,44.96,64.34,6.25,47.06,64.71,40.48,64.29,26.09,32.61
2026-07-02,5,2,2026-07-02 12:02:00,5,第62回日刊スポーツ賞,4,5427,港 理樹,4,23,52.1,0,0,,2.63,1.22,12.2,2.35,0,5.88,40.82,67.35,40.43,59.57
2026-07-02,5,2,2026-07-02 12:02:00,5,第62回日刊スポーツ賞,5,4785,木幡 純也,3,38,52,0,0,0.18,4.77,25.58,44.19,3.58,16.67,25,32.61,45.65,20,40
2026-07-02,5,2,2026-07-02 12:02:00,5,第62回日刊スポーツ賞,6,5175,島崎 丈一朗,4,22,52,0,0,0.21,5.16,26.56,53.13,3.46,15.38,30.77,32.35,47.06,23.4,34.04
2026-07-02,5,3,2026-07-02 12:30:00,5,第62回日刊スポーツ賞,1,5137,川原 涼,3,26,52.6,0,0,0.17,5.39,35.64,57.43,4.27,24.24,39.39,36.59,56.1,25,43.18
2026-07-02,5,3,2026-07-02 12:30:00,5,第62回日刊スポーツ賞,2,5220,青木 蓮,1,25,51,0,0,0.14,6.22,44.09,63.78,5.32,31.71,53.66,27.66,38.3,26.09,36.96
2026-07-02,5,3,2026-07-02 12:30:00,5,第62回日刊スポーツ賞,3,3699,富永 正人,3,53,52.1,0,0,0.17,3.85,19.12,29.41,4.07,26.67,33.33,39.47,55.26,47.37,65.79
2026-07-02,5,3,2026-07-02 12:30:00,5,第62回日刊スポーツ賞,4,4229,市川 美宏,3,43,52.6,0,0,0.18,3.7,12.05,33.73,3.38,12.5,29.17,33.33,50,28.89,44.44
2026-07-02,5,3,2026-07-02 12:30:00,5,第62回日刊スポーツ賞,5,4442,松竹 大輔,3,39,52,0,0,0.15,5.92,45.05,55.86,5.39,33.33,44.44,38,52,47.73,68.18
2026-07-02,5,3,2026-07-02 12:30:00,5,第62回日刊スポーツ賞,6,5036,福田 翔吾,3,28,52,0,0,0.19,5.39,37.61,54.13,3.56,11.11,22.22,40,66,44.44,55.56
2026-07-02,5,4,2026-07-02 13:03:00,5,第62回日刊スポーツ賞,1,2878,富山 弘幸,3,68,52.2,0,0,0.17,5.36,28.71,57.43,4.67,16.67,50,17.78,31.11,31.91,38.3
2026-07-02,5,4,2026-07-02 13:03:00,5,第62回日刊スポーツ賞,2,4431,石塚 裕介,3,40,52.1,0,0,0.16,4.73,28.57,42.86,5.8,40,60,39.58,62.5,19.05,28.57
2026-07-02,5,4,2026-07-02 13:03:00,5,第62回日刊スポーツ賞,3,5020,宮村 勇哉,3,34,53.8,0,0,0.15,4.58,24.42,43.02,1,0,0,46.81,57.45,27.27,47.73
2026-07-02,5,4,2026-07-02 13:03:00,5,第62回日刊スポーツ賞,4,4369,丹下 将,2,40,55.7,0,0,0.16,5.86,36.51,61.9,6.08,38.78,61.22,42.86,59.18,22.22,40
2026-07-02,5,4,2026-07-02 13:03:00,5,第62回日刊スポーツ賞,5,4432,黄金井 力良,3,40,54.4,0,0,0.15,5.4,31.96,55.67,5.17,22.86,54.29,53.66,68.29,40.82,53.06
2026-07-02,5,4,2026-07-02 13:03:00,5,第62回日刊スポーツ賞,6,3647,伊藤 雄二,3,53,50,0,0,0.19,3.23,9.9,24.75,4.21,20.83,33.33,30.61,42.86,43.48,60.87
2026-07-02,5,5,2026-07-02 13:33:00,5,第62回日刊スポーツ賞,1,4435,服部 達哉,3,40,54.5,0,0,0.19,5.34,31.46,53.93,5.89,40.43,55.32,35.9,53.85,31.91,42.55
2026-07-02,5,5,2026-07-02 13:33:00,5,第62回日刊スポーツ賞,2,4578,藤山 雅弘,1,37,53.4,0,0,0.15,5.85,45.45,59.09,5.71,29.41,64.71,31.58,52.63,38.64,43.18
2026-07-02,5,5,2026-07-02 13:33:00,5,第62回日刊スポーツ賞,3,5130,上野 拓馬,3,28,53.1,0,0,0.16,4.8,20,46.09,4.05,24.32,24.32,21.05,42.11,33.33,50
2026-07-02,5,5,2026-07-02 13:33:00,5,第62回日刊スポーツ賞,4,3503,堂原 洋史,3,56,50.5,0,0,0.16,3.9,15.05,27.96,3.33,12.5,25,23.4,40.43,31.25,56.25
2026-07-02,5,5,2026-07-02 13:33:00,5,第62回日刊スポーツ賞,5,5371,早川 颯太,4,23,53.2,0,0,0.21,1.75,1.47,4.41,1.62,0,5.88,40.54,51.35,36.36,56.82
2026-07-02,5,5,2026-07-02 13:33:00,5,第62回日刊スポーツ賞,6,3915,繁野谷 圭介,2,52,52,0,0,0.17,5.53,34.4,55.2,0,0,0,19.15,38.3,38.78,63.27
2026-07-02,5,6,2026-07-02 14:04:00,5,第62回日刊スポーツ賞,1,3931,黒崎 竜也,3,50,51,0,0,0.16,6.02,42.71,61.46,5.35,38.46,57.69,33.33,48.89,55.32,70.21
2026-07-02,5,6,2026-07-02 14:04:00,5,第62回日刊スポーツ賞,2,4785,木幡 純也,3,38,52,0,0,0.18,4.77,25.58,44.19,3.58,16.67,25,32.61,45.65,20,40
2026-07-02,5,6,2026-07-02 14:04:00,5,第62回日刊スポーツ賞,3,3319,山崎 義明,3,59,51.5,0,0,0.17,5.38,36.61,57.14,5.12,36,52,25,38.64,23.91,43.48
2026-07-02,5,6,2026-07-02 14:04:00,5,第62回日刊スポーツ賞,4,4575,戸塚 邦好,1,37,52.3,0,0,0.13,6.26,45.54,62.38,6.34,43.08,66.15,23.4,31.91,39.13,54.35
2026-07-02,5,6,2026-07-02 14:04:00,5,第62回日刊スポーツ賞,5,5127,沼田 大都,3,29,51.5,0,0,0.2,4.81,24.72,49.44,4.35,17.39,43.48,19.44,30.56,26.19,42.86
2026-07-02,5,6,2026-07-02 14:04:00,5,第62回日刊スポーツ賞,6,3800,牧 宏次,3,52,52,0,0,0.15,5.78,38.96,62.34,5.57,38.1,64.29,36.84,55.26,44.44,72.22
2026-07-02,5,7,2026-07-02 14:36:00,5,第62回日刊スポーツ賞,1,3294,野中 義生,3,60,52.7,1,0,0.14,4.19,18.18,38.96,3.75,22.22,30.56,32.56,65.12,26.19,47.62
2026-07-02,5,7,2026-07-02 14:36:00,5,第62回日刊スポーツ賞,2,3563,堤 昇,3,56,52.1,0,0,0.16,5.27,31.9,51.72,4.97,31.43,48.57,13.95,25.58,26,44
2026-07-02,5,7,2026-07-02 14:36:00,5,第62回日刊スポーツ賞,3,5175,島崎 丈一朗,4,22,52,0,0,0.21,5.16,26.56,53.13,3.46,15.38,30.77,32.35,47.06,23.4,34.04
2026-07-02,5,7,2026-07-02 14:36:00,5,第62回日刊スポーツ賞,4,3968,茶谷 信次,2,50,52,0,0,0.16,5.43,27.59,57.47,5.96,52.17,56.52,32.43,43.24,29.79,46.81
2026-07-02,5,7,2026-07-02 14:36:00,5,第62回日刊スポーツ賞,5,5137,川原 涼,3,26,52.6,0,0,0.17,5.39,35.64,57.43,4.27,24.24,39.39,36.59,56.1,25,43.18
2026-07-02,5,7,2026-07-02 14:36:00,5,第62回日刊スポーツ賞,6,4654,篠田 優也,2,40,53.5,0,0,0.15,6.34,43.93,66.36,7.5,50,100,19.15,29.79,31.82,47.73
2026-07-02,5,8,2026-07-02 15:09:00,5,第62回日刊スポーツ賞,1,4432,黄金井 力良,3,40,54.4,0,0,0.15,5.4,31.96,55.67,5.17,22.86,54.29,53.66,68.29,40.82,53.06
2026-07-02,5,8,2026-07-02 15:09:00,5,第62回日刊スポーツ賞,2,3392,小森 信雄,3,60,52,0,0,0.18,4.26,17.24,35.63,4.65,17.39,47.83,43.24,56.76,21.74,39.13
2026-07-02,5,8,2026-07-02 15:09:00,5,第62回日刊スポーツ賞,3,3889,須藤 隆雄,3,51,55.4,0,0,0.15,3.82,20.73,29.27,5.19,35.42,45.83,30.95,50,40.43,53.19
2026-07-02,5,8,2026-07-02 15:09:00,5,第62回日刊スポーツ賞,4,3699,富永 正人,3,53,52.1,0,0,0.17,3.85,19.12,29.41,4.07,26.67,33.33,39.47,55.26,47.37,65.79
2026-07-02,5,8,2026-07-02 15:09:00,5,第62回日刊スポーツ賞,5,3796,長野 道臣,3,53,53.9,0,0,0.16,4.95,34,48,4.35,23.53,44.12,36.73,59.18,40,53.33
2026-07-02,5,8,2026-07-02 15:09:00,5,第62回日刊スポーツ賞,6,5427,港 理樹,4,23,52.1,0,0,,2.63,1.22,12.2,2.35,0,5.88,40.82,67.35,41.18,58.82
2026-07-02,5,9,2026-07-02 15:41:00,5,第62回日刊スポーツ賞,1,4369,丹下 将,2,40,55.7,0,0,0.16,5.86,36.51,61.9,6.08,38.78,61.22,42.86,59.18,22.22,40
2026-07-02,5,9,2026-07-02 15:41:00,5,第62回日刊スポーツ賞,2,4229,市川 美宏,3,43,52.6,0,0,0.18,3.7,12.05,33.73,3.38,12.5,29.17,33.33,50,28.89,44.44
2026-07-02,5,9,2026-07-02 15:41:00,5,第62回日刊スポーツ賞,3,4496,内堀 学,2,39,52,0,0,0.18,6.74,56.06,69.7,6.59,47.54,70.49,36.17,55.32,19.23,34.62
2026-07-02,5,9,2026-07-02 15:41:00,5,第62回日刊スポーツ賞,4,5036,福田 翔吾,3,28,52,0,0,0.19,5.39,37.61,54.13,3.56,11.11,22.22,40,66,44.44,55.56
2026-07-02,5,9,2026-07-02 15:41:00,5,第62回日刊スポーツ賞,5,2878,富山 弘幸,3,68,52.2,0,0,0.17,5.36,28.71,57.43,4.67,16.67,50,17.78,31.11,31.91,38.3
2026-07-02,5,9,2026-07-02 15:41:00,5,第62回日刊スポーツ賞,6,5130,上野 拓馬,3,28,53.1,0,0,0.16,4.8,20,46.09,4.05,24.32,24.32,21.05,42.11,33.33,50
2026-07-02,5,10,2026-07-02 16:16:00,5,第62回日刊スポーツ賞,1,3915,繁野谷 圭介,2,52,52,0,0,0.17,5.53,34.4,55.2,0,0,0,19.15,38.3,38.78,63.27
2026-07-02,5,10,2026-07-02 16:16:00,5,第62回日刊スポーツ賞,2,4442,松竹 大輔,3,39,52,0,0,0.15,5.92,45.05,55.86,5.39,33.33,44.44,38,52,47.73,68.18
2026-07-02,5,10,2026-07-02 16:16:00,5,第62回日刊スポーツ賞,3,4575,戸塚 邦好,1,37,52.3,0,0,0.13,6.26,45.54,62.38,6.34,43.08,66.15,23.4,31.91,39.13,54.35
2026-07-02,5,10,2026-07-02 16:16:00,5,第62回日刊スポーツ賞,4,5020,宮村 勇哉,3,34,53.8,0,0,0.15,4.58,24.42,43.02,1,0,0,46.81,57.45,27.27,47.73
2026-07-02,5,10,2026-07-02 16:16:00,5,第62回日刊スポーツ賞,5,5220,青木 蓮,1,25,51,0,0,0.14,6.22,44.09,63.78,5.32,31.71,53.66,27.66,38.3,26.09,36.96
2026-07-02,5,10,2026-07-02 16:16:00,5,第62回日刊スポーツ賞,6,4435,服部 達哉,3,40,54.5,0,0,0.19,5.34,31.46,53.93,5.89,40.43,55.32,35.9,53.85,31.91,42.55
2026-07-02,5,11,2026-07-02 16:46:00,5,第62回日刊スポーツ賞,1,4654,篠田 優也,2,40,53.5,0,0,0.15,6.34,43.93,66.36,7.5,50,100,19.15,29.79,31.82,47.73
2026-07-02,5,11,2026-07-02 16:46:00,5,第62回日刊スポーツ賞,2,3319,山崎 義明,3,59,51.5,0,0,0.17,5.38,36.61,57.14,5.12,36,52,25,38.64,23.91,43.48
2026-07-02,5,11,2026-07-02 16:46:00,5,第62回日刊スポーツ賞,3,3968,茶谷 信次,2,50,52,0,0,0.16,5.43,27.59,57.47,5.96,52.17,56.52,32.43,43.24,29.79,46.81
2026-07-02,5,11,2026-07-02 16:46:00,5,第62回日刊スポーツ賞,4,4233,亀山 雅幸,2,42,52,0,0,0.18,6.06,44.96,64.34,6.25,47.06,64.71,40.48,64.29,26.09,32.61
2026-07-02,5,11,2026-07-02 16:46:00,5,第62回日刊スポーツ賞,5,4431,石塚 裕介,3,40,52.1,0,0,0.16,4.73,28.57,42.86,5.8,40,60,39.58,62.5,19.05,28.57
2026-07-02,5,11,2026-07-02 16:46:00,5,第62回日刊スポーツ賞,6,3931,黒崎 竜也,3,50,51,0,0,0.16,6.02,42.71,61.46,5.35,38.46,57.69,33.33,48.89,55.32,70.21
2026-07-02,5,12,2026-07-02 17:20:00,5,第62回日刊スポーツ賞,1,3590,濱野谷 憲吾,1,52,53,0,0,0.14,6.7,42.06,60.32,7.06,48.15,69.14,56.86,80.39,19.05,28.57
2026-07-02,5,12,2026-07-02 17:20:00,5,第62回日刊スポーツ賞,2,5252,荒木 颯斗,2,23,51.5,0,0,0.15,5.86,40.91,62.88,5.16,36,52,30.43,43.48,28.26,47.83
2026-07-02,5,12,2026-07-02 17:20:00,5,第62回日刊スポーツ賞,3,4675,井手 良太,3,38,51.5,0,0,0.13,6.07,41.18,64.71,6.14,50,59.09,22.5,32.5,43.75,58.33
2026-07-02,5,12,2026-07-02 17:20:00,5,第62回日刊スポーツ賞,4,4381,田路 朋史,2,41,52,0,0,0.17,5.27,31.96,49.48,4.32,21.05,36.84,35.14,48.65,25,43.18
2026-07-02,5,12,2026-07-02 17:20:00,5,第62回日刊スポーツ賞,5,4134,杉山 貴博,2,45,51.5,0,0,0.16,5.55,36.36,56.57,6.03,38.46,65.38,50,64.58,15.79,26.32
2026-07-02,5,12,2026-07-02 17:20:00,5,第62回日刊スポーツ賞,6,4218,吉川 喜継,1,44,52,0,0,0.15,6.58,52.03,71.54,8.07,79.31,89.66,28.89,42.22,26.83,46.34
2026-07-02,6,1,2026-07-02 11:38:00,5,本命戦浜名湖巧者 BOATBoyカップ,1,3990,芹澤 克彦,3,47,52.1,0,0,0.15,4.89,26.85,42.59,5.22,28.05,45.12,48,72,28.48,43.67
2026-07-02,6,1,2026-07-02 11:38:00,5,本命戦浜名湖巧者 BOATBoyカップ,2,4626,伊藤 紘章,3,40,52,0,0,0.23,4.37,24.36,42.31,4.96,28.57,39.29,32.65,48.98,33.73,52.07
2026-07-02,6,1,2026-07-02 11:38:00,5,本命戦浜名湖巧者 BOATBoyカップ,3,4251,川崎 誠志,3,43,52,0,0,0.2,4.47,22.12,42.31,4.33,27.78,38.89,24.49,44.9,37.65,50
2026-07-02,6,1,2026-07-02 11:38:00,5,本命戦浜名湖巧者 BOATBoyカップ,4,4638,小林 遼太,3,35,52,0,0,0.19,4.95,29.81,50.96,5.6,45,55,32.65,59.18,22.52,40.4
2026-07-02,6,1,2026-07-02 11:38:00,5,本命戦浜名湖巧者 BOATBoyカップ,5,3442,宮武 英司,3,56,54.4,0,0,0.16,4.38,16.9,40.85,4.38,28.57,38.1,17.02,29.79,23.61,45.14
2026-07-02,6,1,2026-07-02 11:38:00,5,本命戦浜名湖巧者 BOATBoyカップ,6,4787,椎名 豊,1,37,52.3,0,0,0.13,7.01,57.94,72.22,6.11,33.33,55.56,41.18,62.75,28.57,50.6
2026-07-02,6,2,2026-07-02 12:08:00,5,本命戦浜名湖巧者 BOATBoyカップ,1,4945,上村 宏太,3,34,53.9,0,0,0.19,4.24,17.82,34.65,5.29,42.86,42.86,25,43.75,29.11,50.63
2026-07-02,6,2,2026-07-02 12:08:00,5,本命戦浜名湖巧者 BOATBoyカップ,2,3637,齋藤 和政,3,55,52.6,0,0,0.18,4.04,20.41,35.71,4.24,23.81,35.71,22.64,33.96,29.63,46.91
2026-07-02,6,2,2026-07-02 12:08:00,5,本命戦浜名湖巧者 BOATBoyカップ,3,4567,上村 慎太郎,3,38,51.5,0,0,0.22,3.97,11.49,32.18,3.25,0,12.5,47.27,65.45,30.41,47.95
2026-07-02,6,2,2026-07-02 12:08:00,5,本命戦浜名湖巧者 BOATBoyカップ,4,4512,高野 哲史,1,37,52.2,0,0,0.16,6.65,52.38,65.31,5.9,45,65,43.1,56.9,37.58,56.97
2026-07-02,6,2,2026-07-02 12:08:00,5,本命戦浜名湖巧者 BOATBoyカップ,5,3458,東 健介,3,59,54.8,0,0,0.16,4.25,17.72,30.38,5.06,22.22,33.33,26,40,37.72,49.1
2026-07-02,6,2,2026-07-02 12:08:00,5,本命戦浜名湖巧者 BOATBoyカップ,6,5349,宮崎 奏磨,4,22,52.7,1,0,0.19,1.41,1.28,1.28,1.52,1.72,3.45,31.48,40.74,30.91,47.27
2026-07-02,6,3,2026-07-02 12:42:00,5,本命戦浜名湖巧者 BOATBoyカップ,1,4743,木村 仁紀,1,33,52.7,0,0,0.15,6.33,39.04,61.64,7.9,74.19,87.1,25.93,48.15,35.76,50.3
2026-07-02,6,3,2026-07-02 12:42:00,5,本命戦浜名湖巧者 BOATBoyカップ,2,4663,籾山 佳岳,4,43,51.5,0,0,0.16,5.72,36,56,6.2,50,50,40.38,61.54,31.82,46.59
2026-07-02,6,3,2026-07-02 12:42:00,5,本命戦浜名湖巧者 BOATBoyカップ,3,4558,宮野 仁,3,36,52.4,0,0,0.23,4.57,29.47,41.05,4.44,18.75,31.25,27.08,47.92,36.59,50.61
2026-07-02,6,3,2026-07-02 12:42:00,5,本命戦浜名湖巧者 BOATBoyカップ,4,3776,横井 健太,3,51,55.9,0,0,0.17,3.44,13.33,20,4.1,10,30,42.55,61.7,39.18,61.4
2026-07-02,6,3,2026-07-02 12:42:00,5,本命戦浜名湖巧者 BOATBoyカップ,5,4100,松田 隆司,3,47,53.4,0,0,0.17,5.03,30.77,51.92,5,26.92,50,23.53,43.14,32.75,49.12
2026-07-02,6,3,2026-07-02 12:42:00,5,本命戦浜名湖巧者 BOATBoyカップ,6,4872,山下 流心,3,33,53.1,1,0,0.16,4.56,26.19,40.48,3.33,8.33,16.67,36,46,29.59,50.89
2026-07-02,6,4,2026-07-02 13:11:00,5,本命戦浜名湖巧者 BOATBoyカップ,1,4811,向井田 佑紀,3,37,51,0,0,0.16,4.87,26.96,44.35,4.97,22.86,48.57,37.5,47.92,27.39,42.04
2026-07-02,6,4,2026-07-02 13:11:00,5,本命戦浜名湖巧者 BOATBoyカップ,2,4297,山田 哲也,1,43,52,0,0,0.12,6.33,44.44,61.9,6.5,46.15,53.85,23.21,30.36,29.94,48.41
2026-07-02,6,4,2026-07-02 13:11:00,5,本命戦浜名湖巧者 BOATBoyカップ,3,4035,杉江 浩明,3,47,51.5,0,0,0.2,3.91,24.14,35.34,3.96,20.83,33.33,37.5,48.21,20.15,41.79
2026-07-02,6,4,2026-07-02 13:11:00,5,本命戦浜名湖巧者 BOATBoyカップ,4,4257,古川 健,3,42,52,0,0,0.16,4.48,23.4,38.3,4,20,30,48.08,75,39.88,55.36
2026-07-02,6,4,2026-07-02 13:11:00,5,本命戦浜名湖巧者 BOATBoyカップ,5,5047,國分 将太郎,3,32,53.3,0,0,0.2,5.68,34.09,57.95,4.37,22.22,44.44,19.15,51.06,28.05,42.68
2026-07-02,6,4,2026-07-02 13:11:00,5,本命戦浜名湖巧者 BOATBoyカップ,6,4625,渡邊 裕貴,3,40,52.2,0,0,0.16,4.96,31.76,42.35,5.07,33.78,48.65,40.43,70.21,37.8,56.71
2026-07-02,6,5,2026-07-02 13:37:00,5,本命戦浜名湖巧者 BOATBoyカップ,1,4423,坂口 貴彦,3,37,53.4,0,0,0.17,5.59,35.14,56.76,5.5,33.33,55.56,42.62,60.66,25.16,43.87
2026-07-02,6,5,2026-07-02 13:37:00,5,本命戦浜名湖巧者 BOATBoyカップ,2,4866,橋本 英一,3,36,53.1,0,0,0.16,3.86,12.5,33.33,0,0,0,34.78,45.65,44.12,57.65
2026-07-02,6,5,2026-07-02 13:37:00,5,本命戦浜名湖巧者 BOATBoyカップ,3,5082,一色 凌雅,3,27,57.4,0,0,0.2,5.17,30.97,53.98,5.13,39.13,43.48,22.92,35.42,28.65,42.69
2026-07-02,6,5,2026-07-02 13:37:00,5,本命戦浜名湖巧者 BOATBoyカップ,4,4137,君島 秀三,1,45,51.5,0,0,0.14,6.51,47.95,67.12,6.38,46.15,58.97,42.31,59.62,36.63,55.23
2026-07-02,6,5,2026-07-02 13:37:00,5,本命戦浜名湖巧者 BOATBoyカップ,5,4251,川崎 誠志,3,43,52,0,0,0.2,4.47,22.12,42.31,4.33,27.78,38.89,24.49,44.9,37.65,50
2026-07-02,6,5,2026-07-02 13:37:00,5,本命戦浜名湖巧者 BOATBoyカップ,6,5041,荒牧 凪沙,3,27,52,1,0,0.16,4.55,22.08,38.96,4.31,18.75,37.5,49.06,69.81,36.26,52.63
2026-07-02,6,6,2026-07-02 14:06:00,5,本命戦浜名湖巧者 BOATBoyカップ,1,4954,内山 峻輔,4,31,53.7,0,0,,4.38,21.79,37.18,5,40,40,27.08,43.75,25,46.05
2026-07-02,6,6,2026-07-02 14:06:00,5,本命戦浜名湖巧者 BOATBoyカップ,2,3662,大庭 元明,3,56,54.7,0,0,0.16,5.21,36.84,47.37,6.06,43.75,68.75,41.51,56.6,40,55.29
2026-07-02,6,6,2026-07-02 14:06:00,5,本命戦浜名湖巧者 BOATBoyカップ,3,5339,石井 伸長,3,25,51.5,0,0,0.16,5.38,32.94,55.29,4.61,16.67,55.56,14.89,42.55,32.75,50.29
2026-07-02,6,6,2026-07-02 14:06:00,5,本命戦浜名湖巧者 BOATBoyカップ,4,4113,木村 浩士,3,45,55.3,0,0,0.19,4.66,23.76,40.59,4.89,36.84,39.47,36.54,51.92,34.52,51.79
2026-07-02,6,6,2026-07-02 14:06:00,5,本命戦浜名湖巧者 BOATBoyカップ,5,5068,前田 滉,1,26,51.5,0,0,0.15,7.44,59.18,68.37,8.16,68.75,87.5,46.15,59.62,36.31,48.81
2026-07-02,6,6,2026-07-02 14:06:00,5,本命戦浜名湖巧者 BOATBoyカップ,6,4638,小林 遼太,3,35,52,0,0,0.19,4.95,29.81,50.96,5.6,45,55,32.65,59.18,22.52,40.4
2026-07-02,6,7,2026-07-02 14:33:00,5,本命戦浜名湖巧者 BOATBoyカップ,1,3539,金子 順一,3,58,52,0,0,0.18,4.14,21.74,35.65,0,0,0,37.74,62.26,30.49,48.17
2026-07-02,6,7,2026-07-02 14:33:00,5,本命戦浜名湖巧者 BOATBoyカップ,2,4727,安部 慎一,3,38,52.1,0,0,0.14,4.01,16.88,36.36,4.76,27.03,40.54,37.5,52.08,38.41,53.05
2026-07-02,6,7,2026-07-02 14:33:00,5,本命戦浜名湖巧者 BOATBoyカップ,3,4880,澤崎 雄哉,3,31,52.5,0,0,0.17,5.17,32.61,55.43,6.8,60,70,32,42,37.72,50.3
2026-07-02,6,7,2026-07-02 14:33:00,5,本命戦浜名湖巧者 BOATBoyカップ,4,3990,芹澤 克彦,3,47,52.1,0,0,0.15,4.89,26.85,42.59,5.22,28.05,45.12,48,72,28.48,43.67
2026-07-02,6,7,2026-07-02 14:33:00,5,本命戦浜名湖巧者 BOATBoyカップ,5,5063,大塚 雅治,3,28,52,0,0,0.17,4.66,20,42.5,5.89,36.84,63.16,45.1,60.78,38.24,58.24
2026-07-02,6,7,2026-07-02 14:33:00,5,本命戦浜名湖巧者 BOATBoyカップ,6,4512,高野 哲史,1,37,52.2,0,0,0.16,6.65,52.38,65.31,5.9,45,65,43.1,56.9,37.58,56.97
2026-07-02,6,8,2026-07-02 15:05:00,5,本命戦浜名湖巧者 BOATBoyカップ,1,3442,宮武 英司,3,56,54.4,0,0,0.16,4.38,16.9,40.85,4.38,28.57,38.1,17.02,29.79,23.61,45.14
2026-07-02,6,8,2026-07-02 15:05:00,5,本命戦浜名湖巧者 BOATBoyカップ,2,3967,鈴木 茂高,3,46,56.4,1,0,0.18,4.65,28.72,41.49,5.58,38.46,61.54,58,70,32.34,44.31
2026-07-02,6,8,2026-07-02 15:05:00,5,本命戦浜名湖巧者 BOATBoyカップ,3,5047,國分 将太郎,3,32,53.3,0,0,0.2,5.68,34.09,57.95,4.37,22.22,44.44,19.15,51.06,28.05,42.68
2026-07-02,6,8,2026-07-02 15:05:00,5,本命戦浜名湖巧者 BOATBoyカップ,4,5034,若林 義人,1,28,52.7,0,0,0.14,6.8,54.11,67.81,5.85,40.19,58.88,25,39.58,38.92,50.3
2026-07-02,6,8,2026-07-02 15:05:00,5,本命戦浜名湖巧者 BOATBoyカップ,5,4945,上村 宏太,3,34,53.9,0,0,0.19,4.24,17.82,34.65,5.29,42.86,42.86,25,43.75,29.11,50.63
2026-07-02,6,8,2026-07-02 15:05:00,5,本命戦浜名湖巧者 BOATBoyカップ,6,3708,岡部 貴司,3,52,54.7,0,0,0.15,5.04,27,48,5,33.33,50,34.69,51.02,36.97,52.73
2026-07-02,6,9,2026-07-02 15:36:00,5,本命戦浜名湖巧者 BOATBoyカップ,1,4440,萩原 知哉,3,39,53,0,0,0.17,4.89,25.74,42.57,4.33,22.22,27.78,34.69,46.94,38.01,52.05
2026-07-02,6,9,2026-07-02 15:36:00,5,本命戦浜名湖巧者 BOATBoyカップ,2,3643,米田 隆弘,3,54,53.5,0,0,0.17,5.47,32.14,52.68,4.73,15.38,42.31,26,44,26.06,41.55
2026-07-02,6,9,2026-07-02 15:36:00,5,本命戦浜名湖巧者 BOATBoyカップ,3,4137,君島 秀三,1,45,51.5,0,0,0.14,6.51,47.95,67.12,6.38,46.15,58.97,42.31,59.62,36.63,55.23
2026-07-02,6,9,2026-07-02 15:36:00,5,本命戦浜名湖巧者 BOATBoyカップ,4,4035,杉江 浩明,3,47,51.5,0,0,0.2,3.91,24.14,35.34,3.96,20.83,33.33,37.5,48.21,20.15,41.79
2026-07-02,6,9,2026-07-02 15:36:00,5,本命戦浜名湖巧者 BOATBoyカップ,5,3776,横井 健太,3,51,55.9,0,0,0.17,3.44,13.33,20,4.1,10,30,42.55,61.7,39.18,61.4
2026-07-02,6,9,2026-07-02 15:36:00,5,本命戦浜名湖巧者 BOATBoyカップ,6,3458,東 健介,3,59,54.8,0,0,0.16,4.25,17.72,30.38,5.06,22.22,33.33,26,40,37.72,49.1
2026-07-02,6,10,2026-07-02 16:08:00,5,本命戦浜名湖巧者 BOATBoyカップ,1,4100,松田 隆司,3,47,53.4,0,0,0.17,5.03,30.77,51.92,5,26.92,50,23.53,43.14,32.75,49.12
2026-07-02,6,10,2026-07-02 16:08:00,5,本命戦浜名湖巧者 BOATBoyカップ,2,4393,田中 孝明,3,40,57.6,0,0,0.19,4.26,20.22,33.71,4.53,23.53,41.18,18.18,36.36,41.86,53.49
2026-07-02,6,10,2026-07-02 16:08:00,5,本命戦浜名湖巧者 BOATBoyカップ,3,4811,向井田 佑紀,3,37,51,0,0,0.16,4.87,26.96,44.35,4.97,22.86,48.57,37.5,47.92,27.39,42.04
2026-07-02,6,10,2026-07-02 16:08:00,5,本命戦浜名湖巧者 BOATBoyカップ,4,5082,一色 凌雅,3,27,57.4,0,0,0.2,5.17,30.97,53.98,5.13,39.13,43.48,22.92,35.42,28.65,42.69
2026-07-02,6,10,2026-07-02 16:08:00,5,本命戦浜名湖巧者 BOATBoyカップ,5,3790,佐口 達也,3,54,53.2,0,0,0.2,4.68,23.53,44.12,4.09,20,37.78,28.26,41.3,39.43,54.29
2026-07-02,6,10,2026-07-02 16:08:00,5,本命戦浜名湖巧者 BOATBoyカップ,6,5068,前田 滉,1,26,51.5,0,0,0.15,7.44,59.18,68.37,8.16,68.75,87.5,46.15,59.62,36.31,48.81
2026-07-02,6,11,2026-07-02 16:42:00,5,本命戦浜名湖巧者 BOATBoyカップ,1,3662,大庭 元明,3,56,54.7,0,0,0.16,5.21,36.84,47.37,6.06,43.75,68.75,41.51,56.6,40,55.29
2026-07-02,6,11,2026-07-02 16:42:00,5,本命戦浜名湖巧者 BOATBoyカップ,2,4880,澤崎 雄哉,3,31,52.5,0,0,0.17,5.17,32.61,55.43,6.8,60,70,32,42,37.72,50.3
2026-07-02,6,11,2026-07-02 16:42:00,5,本命戦浜名湖巧者 BOATBoyカップ,3,4787,椎名 豊,1,37,52.3,0,0,0.13,7.01,57.94,72.22,6.11,33.33,55.56,41.18,62.75,28.57,50.6
2026-07-02,6,11,2026-07-02 16:42:00,5,本命戦浜名湖巧者 BOATBoyカップ,4,5041,荒牧 凪沙,3,27,52,1,0,0.16,4.55,22.08,38.96,4.31,18.75,37.5,49.06,69.81,36.26,52.63
2026-07-02,6,11,2026-07-02 16:42:00,5,本命戦浜名湖巧者 BOATBoyカップ,5,3637,齋藤 和政,3,55,52.6,0,0,0.18,4.04,20.41,35.71,4.24,23.81,35.71,22.64,33.96,29.63,46.91
2026-07-02,6,11,2026-07-02 16:42:00,5,本命戦浜名湖巧者 BOATBoyカップ,6,3718,伊達 正利,3,51,54.8,0,0,0.17,4.36,22.11,37.89,4.82,25.76,48.48,48.15,57.41,34.71,56.47
2026-07-02,6,12,2026-07-02 17:10:00,5,本命戦浜名湖巧者 BOATBoyカップ,1,4295,小坂 尚哉,1,39,52,0,0,0.15,7.16,53.38,76.69,6.52,38.1,66.67,38,52,25.83,41.72
2026-07-02,6,12,2026-07-02 17:10:00,5,本命戦浜名湖巧者 BOATBoyカップ,2,4625,渡邊 裕貴,3,40,52.2,0,0,0.16,4.96,31.76,42.35,5.07,33.78,48.65,40.43,70.21,37.8,56.71
2026-07-02,6,12,2026-07-02 17:10:00,5,本命戦浜名湖巧者 BOATBoyカップ,3,4113,木村 浩士,3,45,54.8,0,0,0.19,4.66,23.76,40.59,4.89,36.84,39.47,36.54,51.92,34.52,51.79
2026-07-02,6,12,2026-07-02 17:10:00,5,本命戦浜名湖巧者 BOATBoyカップ,4,4663,籾山 佳岳,4,43,50.5,0,0,0.16,5.72,36,56,6.2,50,50,40.38,61.54,31.82,46.59
2026-07-02,6,12,2026-07-02 17:10:00,5,本命戦浜名湖巧者 BOATBoyカップ,5,3967,鈴木 茂高,3,46,55.3,1,0,0.18,4.65,28.72,41.49,5.58,38.46,61.54,58,70,32.34,44.31
2026-07-02,6,12,2026-07-02 17:10:00,5,本命戦浜名湖巧者 BOATBoyカップ,6,4866,橋本 英一,3,36,53.4,0,0,0.16,3.86,12.5,33.33,0,0,0,34.78,45.65,44.12,57.65
2026-07-02,7,1,2026-07-02 15:28:00,5,ボートレースレディースVSルーキーズバトル,1,5309,森 雄利,3,21,52,0,0,0.14,3.41,15.94,23.19,0,0,0,40.47,60,38.35,58.25
2026-07-02,7,1,2026-07-02 15:28:00,5,ボートレースレディースVSルーキーズバトル,2,5161,登玉 隼百,2,27,54,0,0,0.15,5.74,43.06,56.94,7.69,75,81.25,30.6,43.72,36.4,60.53
2026-07-02,7,1,2026-07-02 15:28:00,5,ボートレースレディースVSルーキーズバトル,3,5191,飛田 江己,1,25,52,0,0,0.13,6.91,52.42,70.97,5.73,36.36,63.64,27.54,41.32,33.16,46.84
2026-07-02,7,1,2026-07-02 15:28:00,5,ボートレースレディースVSルーキーズバトル,4,5381,有山 望,3,21,51.5,1,0,0.17,3.61,11.84,23.68,1.73,0,6.67,27.69,43.08,38.96,54.22
2026-07-02,7,1,2026-07-02 15:28:00,5,ボートレースレディースVSルーキーズバトル,5,5422,真田 聖也,4,24,52.3,1,0,0.14,1.39,1.85,1.85,0.86,0,0,28.48,45.57,31.03,46.8
2026-07-02,7,1,2026-07-02 15:28:00,5,ボートレースレディースVSルーキーズバトル,6,5300,横田 海人,3,23,52.5,0,0,0.18,2.07,5.26,7.89,1.38,0,0,31.62,47.86,37.93,56.16
2026-07-02,7,2,2026-07-02 16:02:00,5,ボートレースレディースVSルーキーズバトル,1,4720,西澤 日花里,3,32,47.1,1,0,0.2,3.95,16.88,37.66,4,12.5,37.5,31.48,47.78,30.62,47.85
2026-07-02,7,2,2026-07-02 16:02:00,5,ボートレースレディースVSルーキーズバトル,2,5155,内山 七海,2,29,45.5,0,0,0.15,6,42.55,63.83,0,0,0,40,54.36,32.56,51.63
2026-07-02,7,2,2026-07-02 16:02:00,5,ボートレースレディースVSルーキーズバトル,3,4208,三浦 永理,1,43,47,0,0,0.15,7.17,56.9,75.86,6.7,48.84,67.44,39.39,54.04,33.48,49.11
2026-07-02,7,2,2026-07-02 16:02:00,5,ボートレースレディースVSルーキーズバトル,4,4190,長嶋 万記,4,45,49.7,0,0,0.16,6.43,42.86,60.71,5.85,44.68,55.32,42.02,59.24,34.76,53.65
2026-07-02,7,2,2026-07-02 16:02:00,5,ボートレースレディースVSルーキーズバトル,5,4450,平高 奈菜,2,38,46.5,0,0,0.16,6.27,43.33,60,6.48,47.73,63.64,29.57,44.62,30.85,46.28
2026-07-02,7,2,2026-07-02 16:02:00,5,ボートレースレディースVSルーキーズバトル,6,5347,井澤 聖奈,4,22,45.5,0,0,0.21,1.62,0,4,1.45,0,4.26,42.01,56.62,31.25,47.12
2026-07-02,7,3,2026-07-02 16:39:00,5,ボートレースレディースVSルーキーズバトル,1,5304,井田 涼介,4,23,57.5,0,0,0.21,2.1,3.39,10.17,0.5,0,0,36.22,52.36,30.59,44.71
2026-07-02,7,3,2026-07-02 16:39:00,5,ボートレースレディースVSルーキーズバトル,2,5166,仲道 大輔,2,26,52,0,0,0.16,6.2,43.04,65.82,5.96,42.31,64.1,36.15,50.7,32.06,48.33
2026-07-02,7,3,2026-07-02 16:39:00,5,ボートレースレディースVSルーキーズバトル,3,5325,澁川 夏,3,22,52,0,0,0.17,5.78,37.93,64.37,1.5,0,0,26.71,41.1,37.09,58.69
2026-07-02,7,3,2026-07-02 16:39:00,5,ボートレースレディースVSルーキーズバトル,4,5364,金子 怜央,3,26,52.1,0,0,0.17,2.55,5,12.5,1.07,0,0,49.21,64.02,31.34,48.39
2026-07-02,7,3,2026-07-02 16:39:00,5,ボートレースレディースVSルーキーズバトル,5,5221,竹間 隆晟,1,25,52.5,0,0,0.15,6.85,51.24,69.42,6.41,47.06,64.71,28.44,38.53,36.6,51.55
2026-07-02,7,3,2026-07-02 16:39:00,5,ボートレースレディースVSルーキーズバトル,6,5276,大島 隆乃介,3,24,52,0,0,0.17,4.83,21.11,44.44,5.5,16.67,50,28.28,41.8,35.98,52.8
2026-07-02,7,4,2026-07-02 17:13:00,5,ボートレースレディースVSルーキーズバトル,1,4501,樋口 由加里,3,38,45,0,0,0.15,5.28,34,47,4.67,26.67,46.67,27.15,43.71,34.93,50.72
2026-07-02,7,4,2026-07-02 17:13:00,5,ボートレースレディースVSルーキーズバトル,2,4804,高田 ひかる,1,31,47.2,0,0,0.19,6.64,47.92,59.38,5.58,36,56,28.33,42.5,40.34,58.8
2026-07-02,7,4,2026-07-02 17:13:00,5,ボートレースレディースVSルーキーズバトル,3,4823,中村 桃佳,2,33,45,0,0,0.13,7.31,55.67,74.23,7.56,55.56,77.78,33.93,55.71,31.84,45.25
2026-07-02,7,4,2026-07-02 17:13:00,5,ボートレースレディースVSルーキーズバトル,4,5078,山川 波乙,3,28,46.5,0,0,0.19,4.67,29.49,46.15,3.78,0,33.33,46.63,58.55,37.17,54.42
2026-07-02,7,4,2026-07-02 17:13:00,5,ボートレースレディースVSルーキーズバトル,5,5389,恵良 琴美,3,19,43.5,0,0,0.19,2.18,0,8.33,0,0,0,32.58,50.76,36.82,55.91
2026-07-02,7,4,2026-07-02 17:13:00,5,ボートレースレディースVSルーキーズバトル,6,4433,川野 芽唯,1,40,47,0,0,0.17,6.95,54.17,68.33,6.75,50,71.43,36.02,51.72,32.74,50
2026-07-02,7,5,2026-07-02 17:37:00,5,ボートレースレディースVSルーキーズバトル,1,5219,森口 和紀,3,25,52,0,0,0.2,5.18,38.03,49.3,3,14.29,14.29,39.01,53.81,42.11,53.44
2026-07-02,7,5,2026-07-02 17:37:00,5,ボートレースレディースVSルーキーズバトル,2,5235,岩田 凌,4,27,53.1,0,0,0.17,3.42,5.56,22.22,0,0,0,36.76,57.84,31.28,43.08
2026-07-02,7,5,2026-07-02 17:37:00,5,ボートレースレディースVSルーキーズバトル,3,5381,有山 望,3,21,51.5,1,0,0.17,3.61,11.84,23.68,1.73,0,6.67,27.69,43.08,38.96,54.22
2026-07-02,7,5,2026-07-02 17:37:00,5,ボートレースレディースVSルーキーズバトル,4,4642,松尾 夏海,2,34,46.5,0,0,0.16,7.08,57.55,73.58,6.97,58.06,83.87,33.2,47.66,30.77,46.75
2026-07-02,7,5,2026-07-02 17:37:00,5,ボートレースレディースVSルーキーズバトル,5,5230,石原 凪紗,3,22,45.5,0,0,0.2,4.88,32.41,46.3,4.29,26.67,42.22,45.85,67.32,35.47,60.68
2026-07-02,7,5,2026-07-02 17:37:00,5,ボートレースレディースVSルーキーズバトル,6,5254,羽田 妃希,3,23,46.5,0,0,0.22,3.57,10.45,23.88,2.1,0,9.52,35.11,53.19,41.13,54.55
2026-07-02,7,6,2026-07-02 18:04:00,5,ボートレースレディースVSルーキーズバトル,1,4941,孫崎 百世,3,37,47,0,0,0.21,5.17,32.14,50,2.88,5.88,17.65,34.26,52.25,31.25,44.79
2026-07-02,7,6,2026-07-02 18:04:00,5,ボートレースレディースVSルーキーズバトル,2,5272,松田 真実,3,24,47,0,0,0.19,4.75,28.17,45.07,3.38,19.15,25.53,28.05,41.46,39.83,55.93
2026-07-02,7,6,2026-07-02 18:04:00,5,ボートレースレディースVSルーキーズバトル,3,4499,滝川 真由子,3,38,45.5,1,0,0.18,5.05,32.14,53.57,4.78,33.33,33.33,38.82,54.01,37.44,56.83
2026-07-02,7,6,2026-07-02 18:04:00,5,ボートレースレディースVSルーキーズバトル,4,5402,塚越 陸斗,4,23,53.3,1,0,0.2,1.52,2.38,2.38,1.14,0,0,37.97,53.59,31.96,44.33
2026-07-02,7,6,2026-07-02 18:04:00,5,ボートレースレディースVSルーキーズバトル,5,5300,横田 海人,3,23,52.5,0,0,0.18,2.07,5.26,7.89,1.38,0,0,31.62,47.86,37.93,56.16
2026-07-02,7,6,2026-07-02 18:04:00,5,ボートレースレディースVSルーキーズバトル,6,5150,坂本 雄紀,1,31,52,0,0,0.14,6.41,49.47,66.32,6.81,51.85,70.37,27.35,45.3,31.08,45.95
2026-07-02,7,7,2026-07-02 18:28:00,5,ボートレースレディースVSルーキーズバトル,1,5166,仲道 大輔,2,26,52,0,0,0.16,6.2,43.04,65.82,5.96,42.31,64.1,36.15,50.7,32.06,48.33
2026-07-02,7,7,2026-07-02 18:28:00,5,ボートレースレディースVSルーキーズバトル,2,5273,山下 拓巳,3,24,52,0,0,0.17,3.91,17.98,32.58,0,0,0,25.69,41.67,32.58,44.8
2026-07-02,7,7,2026-07-02 18:28:00,5,ボートレースレディースVSルーキーズバトル,3,5328,井上 慧人,3,22,52.9,0,0,0.19,3.96,16.18,33.82,1.43,0,0,36.73,55.92,34.62,51.28
2026-07-02,7,7,2026-07-02 18:28:00,5,ボートレースレディースVSルーキーズバトル,4,5347,井澤 聖奈,4,22,45.5,0,0,0.21,1.62,0,4,1.45,0,4.26,42.01,56.62,26.67,44.62
2026-07-02,7,7,2026-07-02 18:28:00,5,ボートレースレディースVSルーキーズバトル,5,4464,山下 友貴,1,40,43.5,0,0,0.19,5.78,34.41,61.29,5.64,46.43,60.71,38.76,55.5,33.96,47.17
2026-07-02,7,7,2026-07-02 18:28:00,5,ボートレースレディースVSルーキーズバトル,6,4689,豊田 結,3,32,52.8,0,0,0.16,5.29,33.77,55.84,6.85,56.25,68.75,34.18,54.43,36.67,56.25
2026-07-02,7,8,2026-07-02 18:54:00,5,ボートレースレディースVSルーキーズバトル,1,4117,廣中 智紗衣,2,45,46,0,0,0.22,5.99,45.37,65.74,5.39,34.09,56.82,30.94,49.43,33.95,47.91
2026-07-02,7,8,2026-07-02 18:54:00,5,ボートレースレディースVSルーキーズバトル,2,4720,西澤 日花里,3,32,47.1,1,0,0.2,3.95,16.88,37.66,4,12.5,37.5,31.48,47.78,30.62,47.85
2026-07-02,7,8,2026-07-02 18:54:00,5,ボートレースレディースVSルーキーズバトル,3,4433,川野 芽唯,1,40,47,0,0,0.17,6.95,54.17,68.33,6.75,50,71.43,36.02,51.72,32.74,50
2026-07-02,7,8,2026-07-02 18:54:00,5,ボートレースレディースVSルーキーズバトル,4,5304,井田 涼介,4,23,57.5,0,0,0.21,2.1,3.39,10.17,0.5,0,0,36.22,52.36,30.59,44.71
2026-07-02,7,8,2026-07-02 18:54:00,5,ボートレースレディースVSルーキーズバトル,5,5386,米玉利 大悟,3,20,52,0,0,0.19,3.13,11.43,22.86,0,0,0,24.68,40.91,32.64,48.76
2026-07-02,7,8,2026-07-02 18:54:00,5,ボートレースレディースVSルーキーズバトル,6,5422,真田 聖也,4,24,52.3,1,0,0.14,1.39,1.85,1.85,0.86,0,0,28.48,45.57,31.03,46.8
2026-07-02,7,9,2026-07-02 19:23:00,5,ボートレースレディースVSルーキーズバトル,1,5160,藤森 陸斗,2,27,52.4,0,0,0.15,6.11,41.07,63.39,7.29,58.82,64.71,38.31,60.7,31.72,51.61
2026-07-02,7,9,2026-07-02 19:23:00,5,ボートレースレディースVSルーキーズバトル,2,5221,竹間 隆晟,1,25,52.5,0,0,0.15,6.85,51.24,69.42,6.41,47.06,64.71,28.44,38.53,36.6,51.55
2026-07-02,7,9,2026-07-02 19:23:00,5,ボートレースレディースVSルーキーズバトル,3,5309,森 雄利,3,21,52,0,0,0.14,3.41,15.94,23.19,0,0,0,40.47,60,38.35,58.25
2026-07-02,7,9,2026-07-02 19:23:00,5,ボートレースレディースVSルーキーズバトル,4,5389,恵良 琴美,3,19,43.5,0,0,0.19,2.18,0,8.33,0,0,0,32.58,50.76,36.82,55.91
2026-07-02,7,9,2026-07-02 19:23:00,5,ボートレースレディースVSルーキーズバトル,5,5174,川井 萌,4,24,46,0,0,0.19,5.29,29.03,48.39,6.11,44.44,66.67,27.39,43.15,34.51,57.52
2026-07-02,7,9,2026-07-02 19:23:00,5,ボートレースレディースVSルーキーズバトル,6,4450,平高 奈菜,2,38,46.5,0,0,0.16,6.27,43.33,60,6.48,47.73,63.64,29.57,44.62,30.85,46.28
2026-07-02,7,10,2026-07-02 19:50:00,5,ボートレースレディースVSルーキーズバトル,1,4208,三浦 永理,1,43,47,0,0,0.15,7.17,56.9,75.86,6.7,48.84,67.44,39.39,54.04,33.48,49.11
2026-07-02,7,10,2026-07-02 19:50:00,5,ボートレースレディースVSルーキーズバトル,2,4823,中村 桃佳,2,33,45,0,0,0.13,7.31,55.67,74.23,7.56,55.56,77.78,33.93,55.71,31.84,45.25
2026-07-02,7,10,2026-07-02 19:50:00,5,ボートレースレディースVSルーキーズバトル,3,4501,樋口 由加里,3,38,45,0,0,0.15,5.28,34,47,4.67,26.67,46.67,27.15,43.71,34.93,50.72
2026-07-02,7,10,2026-07-02 19:50:00,5,ボートレースレディースVSルーキーズバトル,4,5319,近藤 颯斗,3,25,52,1,0,0.13,4.42,28.81,37.29,4.21,29.51,37.7,40.91,57.07,31.28,50.71
2026-07-02,7,10,2026-07-02 19:50:00,5,ボートレースレディースVSルーキーズバトル,5,5364,金子 怜央,3,26,52,0,0,0.17,2.55,5,12.5,1.07,0,0,49.21,64.02,31.34,48.39
2026-07-02,7,10,2026-07-02 19:50:00,5,ボートレースレディースVSルーキーズバトル,6,5161,登玉 隼百,2,27,53.4,0,0,0.15,5.74,43.06,56.94,7.69,75,81.25,30.6,43.72,36.4,60.53
2026-07-02,7,11,2026-07-02 20:16:00,5,ボートレースレディースVSルーキーズバトル,1,5191,飛田 江己,1,25,52,0,0,0.13,6.91,52.42,70.97,5.73,36.36,63.64,27.54,41.32,33.16,46.84
2026-07-02,7,11,2026-07-02 20:16:00,5,ボートレースレディースVSルーキーズバトル,2,5276,大島 隆乃介,3,24,52,0,0,0.17,4.83,21.11,44.44,5.5,16.67,50,28.28,41.8,35.98,52.8
2026-07-02,7,11,2026-07-02 20:16:00,5,ボートレースレディースVSルーキーズバトル,3,5318,河内 一馬,3,25,54.2,0,0,0.17,3.67,16.09,28.74,2.6,6.67,11.67,35.02,52.92,34.98,54.71
2026-07-02,7,11,2026-07-02 20:16:00,5,ボートレースレディースVSルーキーズバトル,4,5118,野田 なづき,2,25,45,0,0,0.18,6.02,40.74,59.26,0,0,0,36.55,51.41,33.33,52.14
2026-07-02,7,11,2026-07-02 20:16:00,5,ボートレースレディースVSルーキーズバトル,5,5078,山川 波乙,3,28,46.5,0,0,0.19,4.67,29.49,46.15,3.78,0,33.33,46.63,58.55,37.17,54.42
2026-07-02,7,11,2026-07-02 20:16:00,5,ボートレースレディースVSルーキーズバトル,6,5155,内山 七海,2,29,45.5,0,0,0.15,6,42.55,63.83,0,0,0,40,54.36,32.56,51.63
2026-07-02,7,12,2026-07-02 20:45:00,5,ボートレースレディースVSルーキーズバトル,1,4804,高田 ひかる,1,31,47.2,0,0,0.19,6.64,47.92,59.38,5.58,36,56,28.33,42.5,40.34,58.8
2026-07-02,7,12,2026-07-02 20:45:00,5,ボートレースレディースVSルーキーズバトル,2,4190,長嶋 万記,4,45,49.7,0,0,0.16,6.43,42.86,60.71,5.85,44.68,55.32,42.02,59.24,34.76,53.65
2026-07-02,7,12,2026-07-02 20:45:00,5,ボートレースレディースVSルーキーズバトル,3,4885,大山 千広,2,30,47.2,0,0,0.15,6.74,54.1,70.49,0,0,0,33.46,51.47,42.53,59.73
2026-07-02,7,12,2026-07-02 20:45:00,5,ボートレースレディースVSルーキーズバトル,4,5325,澁川 夏,3,22,52,0,0,0.17,5.78,37.93,64.37,1.5,0,0,26.71,41.1,37.09,58.69
2026-07-02,7,12,2026-07-02 20:45:00,5,ボートレースレディースVSルーキーズバトル,5,5330,安河内 鈴之介,2,22,51.5,0,0,0.15,6.29,49.54,61.47,4.89,33.33,33.33,38.12,54.26,39.65,57.71
2026-07-02,7,12,2026-07-02 20:45:00,5,ボートレースレディースVSルーキーズバトル,6,5208,屋良 龍紀,3,28,51.5,1,0,0.15,4.08,22.62,35.71,3.4,10,20,30.37,46.3,32.31,46.67
2026-07-02,8,1,2026-07-02 10:39:00,5,デイリースポーツ杯争奪・BTS高浜開設記念競走,1,3873,別府 昌樹,2,50,55,0,0,0.16,3.51,11.11,23.81,5.86,57.14,57.14,34.84,48.39,0,0
2026-07-02,8,1,2026-07-02 10:39:00,5,デイリースポーツ杯争奪・BTS高浜開設記念競走,2,5022,伊藤 尚汰,3,31,49.5,0,0,0.16,4.47,29.87,37.66,3.74,10.53,31.58,26.71,45.89,0,0
2026-07-02,8,1,2026-07-02 10:39:00,5,デイリースポーツ杯争奪・BTS高浜開設記念競走,3,5340,樋江井 舞,3,24,45.5,0,0,0.18,3.98,18.58,36.28,2.32,5.26,10.53,29.88,53.05,0,0
2026-07-02,8,1,2026-07-02 10:39:00,5,デイリースポーツ杯争奪・BTS高浜開設記念競走,4,3224,栗山 繁洋,3,61,51.5,0,0,0.19,3.81,15.15,30.3,4,0,33.33,37.8,57.32,0,0
2026-07-02,8,1,2026-07-02 10:39:00,5,デイリースポーツ杯争奪・BTS高浜開設記念競走,5,4876,梅木 敬太,3,31,53.2,0,0,0.18,4.5,25.74,35.64,4.48,29.55,40.91,41.57,53.01,0,0
2026-07-02,8,1,2026-07-02 10:39:00,5,デイリースポーツ杯争奪・BTS高浜開設記念競走,6,3156,金子 良昭,3,61,52.6,0,0,0.16,4.65,28.57,43.96,3.97,21.88,28.13,40.72,53.29,0,0
2026-07-02,8,2,2026-07-02 11:08:00,5,デイリースポーツ杯争奪・BTS高浜開設記念競走,1,4034,西原 明生,3,47,54.1,0,0,0.18,3.63,16.13,25.81,3.9,17.24,27.59,39.63,56.1,0,0
2026-07-02,8,2,2026-07-02 11:08:00,5,デイリースポーツ杯争奪・BTS高浜開設記念競走,2,4405,南野 利騰,3,41,52.4,0,0,0.16,4.3,14.58,36.46,3.73,13.64,31.82,31.68,49.07,0,0
2026-07-02,8,2,2026-07-02 11:08:00,5,デイリースポーツ杯争奪・BTS高浜開設記念競走,3,5377,鳥居塚 嶺王,3,22,50,0,0,0.15,3.96,18.18,33.77,3.63,25,25,33.14,46.15,0,0
2026-07-02,8,2,2026-07-02 11:08:00,5,デイリースポーツ杯争奪・BTS高浜開設記念競走,4,5216,長谷川 晴哉,2,26,52.1,0,0,0.15,6.18,42.38,65.56,5.47,29.41,47.06,46.06,59.39,0,0
2026-07-02,8,2,2026-07-02 11:08:00,5,デイリースポーツ杯争奪・BTS高浜開設記念競走,5,3959,坪井 康晴,1,48,52,0,0,0.14,7.08,47.54,66.39,7,37.5,56.25,48.5,65.87,0,0
2026-07-02,8,2,2026-07-02 11:08:00,5,デイリースポーツ杯争奪・BTS高浜開設記念競走,6,5436,市川 瑚幸,4,21,46.5,0,0,,1.26,0,0,1,0,0,31.33,46.99,0,0
2026-07-02,8,3,2026-07-02 11:37:00,5,デイリースポーツ杯争奪・BTS高浜開設記念競走,1,5345,牧村 俊輝,3,22,52.4,0,0,0.2,3.13,7.96,16.81,1.46,0,0,34.12,55.88,0,0
2026-07-02,8,3,2026-07-02 11:37:00,5,デイリースポーツ杯争奪・BTS高浜開設記念競走,2,5055,眞鳥 章太,2,30,52.9,0,0,0.15,5.88,39.13,58.26,5.13,31.25,43.75,41.92,61.08,0,0
2026-07-02,8,3,2026-07-02 11:37:00,5,デイリースポーツ杯争奪・BTS高浜開設記念競走,3,5229,吉川 晴人,2,23,53.8,0,0,0.15,5.24,32.77,48.74,4.37,21.05,36.84,32.72,46.91,0,0
2026-07-02,8,3,2026-07-02 11:37:00,5,デイリースポーツ杯争奪・BTS高浜開設記念競走,4,4261,岡 祐臣,1,42,55.5,0,0,0.16,6.29,45.11,63.16,6.71,54.17,79.17,28.75,45.63,0,0
2026-07-02,8,3,2026-07-02 11:37:00,5,デイリースポーツ杯争奪・BTS高浜開設記念競走,5,5322,根岸 真優,4,24,44.5,0,0,0.22,2.62,7.78,18.89,1.78,0,11.11,36.97,48.48,0,0
2026-07-02,8,3,2026-07-02 11:37:00,5,デイリースポーツ杯争奪・BTS高浜開設記念競走,6,4498,宮本 夏樹,3,38,54.5,0,0,0.17,5.28,35.21,47.89,5,21.43,42.86,32.05,47.44,0,0
2026-07-02,8,4,2026-07-02 12:13:00,5,デイリースポーツ杯争奪・BTS高浜開設記念競走,1,3680,森林 太,3,53,53,0,0,0.19,4.38,21.9,34.29,3.17,0,33.33,29.48,48.55,0,0
2026-07-02,8,4,2026-07-02 12:13:00,5,デイリースポーツ杯争奪・BTS高浜開設記念競走,2,4819,蜂須 瑞生,2,35,46.5,1,0,0.16,5.42,32.46,55.26,5.84,36,60,37.13,52.69,0,0
2026-07-02,8,4,2026-07-02 12:13:00,5,デイリースポーツ杯争奪・BTS高浜開設記念競走,3,4837,酒井 陽祐,3,37,51.5,0,0,0.15,4.42,24.71,43.53,4.43,24.32,40.54,44.72,64.6,0,0
2026-07-02,8,4,2026-07-02 12:13:00,5,デイリースポーツ杯争奪・BTS高浜開設記念競走,4,4752,西尾 亮輔,3,38,52,0,0,0.17,4.13,20.22,32.58,4.34,20.45,38.64,32.93,48.78,0,0
2026-07-02,8,4,2026-07-02 12:13:00,5,デイリースポーツ杯争奪・BTS高浜開設記念競走,5,4391,松田 祐季,1,40,52,0,0,0.17,6.5,47.01,61.54,6.61,51.61,67.74,31.93,50.6,0,0
2026-07-02,8,4,2026-07-02 12:13:00,5,デイリースポーツ杯争奪・BTS高浜開設記念競走,6,5303,土井 歩夢,3,23,52,0,0,0.17,5.62,31.46,57.3,2.71,14.29,14.29,46.15,64.5,0,0
2026-07-02,8,5,2026-07-02 12:41:00,5,デイリースポーツ杯争奪・BTS高浜開設記念競走,1,3224,栗山 繁洋,3,61,51.5,0,0,0.19,3.81,15.15,30.3,4,0,33.33,37.8,57.32,0,0
2026-07-02,8,5,2026-07-02 12:41:00,5,デイリースポーツ杯争奪・BTS高浜開設記念競走,2,4163,山崎 裕司,2,44,52,0,0,0.17,5.28,35.2,50.4,6.05,41.46,63.41,31.33,46.99,0,0
2026-07-02,8,5,2026-07-02 12:41:00,5,デイリースポーツ杯争奪・BTS高浜開設記念競走,3,4215,吉島 祥之,2,41,53.2,0,0,0.15,5.59,35.34,56.03,5.97,40.51,58.23,25.97,44.81,0,0
2026-07-02,8,5,2026-07-02 12:41:00,5,デイリースポーツ杯争奪・BTS高浜開設記念競走,4,3869,井芹 大志,3,50,54.7,0,0,0.17,3.96,19.51,35.37,4.56,25,37.5,31.14,45.51,0,0
2026-07-02,8,5,2026-07-02 12:41:00,5,デイリースポーツ杯争奪・BTS高浜開設記念競走,5,4102,益田 啓司,1,47,51.5,0,0,0.15,6.43,49.65,63.64,7.24,64,72,29.27,47.56,0,0
2026-07-02,8,5,2026-07-02 12:41:00,5,デイリースポーツ杯争奪・BTS高浜開設記念競走,6,5380,野田 亜湖,4,21,51,0,0,0.3,1.2,0,0,1,0,0,36.36,55.76,0,0
2026-07-02,8,6,2026-07-02 13:10:00,5,デイリースポーツ杯争奪・BTS高浜開設記念競走,1,3908,重成 一人,1,47,55,0,0,0.14,6.28,44.54,58.82,7.14,57.14,76.19,36.63,51.74,0,0
2026-07-02,8,6,2026-07-02 13:10:00,5,デイリースポーツ杯争奪・BTS高浜開設記念競走,2,4122,安東 幸治,2,44,53.9,0,0,0.16,5.34,32.06,51.15,6.56,52,76,29.22,46.75,0,0
2026-07-02,8,6,2026-07-02 13:10:00,5,デイリースポーツ杯争奪・BTS高浜開設記念競走,3,5294,豊田 祥生,3,24,52,0,0,0.17,3.93,19.75,30.86,3,20,20,32.93,49.39,0,0
2026-07-02,8,6,2026-07-02 13:10:00,5,デイリースポーツ杯争奪・BTS高浜開設記念競走,4,4034,西原 明生,3,47,54.1,0,0,0.18,3.63,16.13,25.81,3.9,17.24,27.59,39.63,56.1,0,0
2026-07-02,8,6,2026-07-02 13:10:00,5,デイリースポーツ杯争奪・BTS高浜開設記念競走,5,4731,間野 兼礼,3,37,52,1,0,0.15,5.18,31.87,50.55,5.34,34,54,41.62,55.49,0,0
2026-07-02,8,6,2026-07-02 13:10:00,5,デイリースポーツ杯争奪・BTS高浜開設記念競走,6,3965,北中 元樹,2,47,53.3,0,0,0.17,6.37,50,65.67,4.93,28.57,57.14,27.03,41.22,0,0
2026-07-02,8,7,2026-07-02 13:45:00,5,デイリースポーツ杯争奪・BTS高浜開設記念競走,1,4419,原 加央理,3,38,45.5,0,0,0.16,5.81,41.94,60.22,6,33.33,66.67,35.85,56.6,0,0
2026-07-02,8,7,2026-07-02 13:45:00,5,デイリースポーツ杯争奪・BTS高浜開設記念競走,2,3175,渡辺 千草,3,62,47.4,0,0,0.16,4.63,23.08,45.05,4.5,12.5,25,29.27,51.22,0,0
2026-07-02,8,7,2026-07-02 13:45:00,5,デイリースポーツ杯争奪・BTS高浜開設記念競走,3,5322,根岸 真優,4,24,44.5,0,0,0.22,2.62,7.78,18.89,1.78,0,11.11,36.97,48.48,0,0
2026-07-02,8,7,2026-07-02 13:45:00,5,デイリースポーツ杯争奪・BTS高浜開設記念競走,4,5340,樋江井 舞,3,24,45.5,0,0,0.18,3.98,18.58,36.28,2.32,5.26,10.53,29.88,53.05,0,0
2026-07-02,8,7,2026-07-02 13:45:00,5,デイリースポーツ杯争奪・BTS高浜開設記念競走,5,4546,浜田 亜理沙,1,38,47,0,0,0.16,6.53,48.28,67.82,6.96,57.45,68.09,32.03,50.33,0,0
2026-07-02,8,7,2026-07-02 13:45:00,5,デイリースポーツ杯争奪・BTS高浜開設記念競走,6,5291,三嶌 こころ,3,24,48.4,0,0,0.19,3.88,18.49,31.93,2.6,8,20,34.76,53.66,0,0
2026-07-02,8,8,2026-07-02 14:14:00,5,デイリースポーツ杯争奪・BTS高浜開設記念競走,1,4693,松下 誉士,3,42,53.1,0,0,0.2,4.13,22.22,35.19,4.8,30,50,29.22,51.95,0,0
2026-07-02,8,8,2026-07-02 14:14:00,5,デイリースポーツ杯争奪・BTS高浜開設記念競走,2,4261,岡 祐臣,1,42,55.5,0,0,0.16,6.29,45.11,63.16,6.71,54.17,79.17,28.75,45.63,0,0
2026-07-02,8,8,2026-07-02 14:14:00,5,デイリースポーツ杯争奪・BTS高浜開設記念競走,3,3680,森林 太,3,53,53,0,0,0.19,4.38,21.9,34.29,3.17,0,33.33,29.48,48.55,0,0
2026-07-02,8,8,2026-07-02 14:14:00,5,デイリースポーツ杯争奪・BTS高浜開設記念競走,4,4732,堀本 和也,1,37,53.7,0,0,0.11,6.47,45.08,63.93,7.24,56.1,78.05,39.61,53.9,0,0
2026-07-02,8,8,2026-07-02 14:14:00,5,デイリースポーツ杯争奪・BTS高浜開設記念競走,5,5436,市川 瑚幸,4,21,46.5,0,0,,1.26,0,0,1,0,0,31.33,46.99,0,0
2026-07-02,8,8,2026-07-02 14:14:00,5,デイリースポーツ杯争奪・BTS高浜開設記念競走,6,3701,大西 隆洋,3,53,55.6,0,0,0.16,4.01,18.89,32.22,2.08,0,0,40.46,56.65,0,0
2026-07-02,8,9,2026-07-02 14:42:00,5,デイリースポーツ杯争奪・BTS高浜開設記念競走,1,5172,田村 慶,3,25,52.7,0,0,0.2,4.62,26.67,38.89,0,0,0,44.51,57.32,0,0
2026-07-02,8,9,2026-07-02 14:42:00,5,デイリースポーツ杯争奪・BTS高浜開設記念競走,2,4498,宮本 夏樹,3,38,54.5,0,0,0.17,5.28,35.21,47.89,5,21.43,42.86,32.05,47.44,0,0
2026-07-02,8,9,2026-07-02 14:42:00,5,デイリースポーツ杯争奪・BTS高浜開設記念競走,3,3959,坪井 康晴,1,48,52,0,0,0.14,7.08,47.54,66.39,7,37.5,56.25,48.5,65.87,0,0
2026-07-02,8,9,2026-07-02 14:42:00,5,デイリースポーツ杯争奪・BTS高浜開設記念競走,4,3873,別府 昌樹,2,50,55,0,0,0.16,3.51,11.11,23.81,5.86,57.14,57.14,34.84,48.39,0,0
2026-07-02,8,9,2026-07-02 14:42:00,5,デイリースポーツ杯争奪・BTS高浜開設記念競走,5,3869,井芹 大志,3,50,54.7,0,0,0.17,3.96,19.51,35.37,4.56,25,37.5,31.14,45.51,0,0
2026-07-02,8,9,2026-07-02 14:42:00,5,デイリースポーツ杯争奪・BTS高浜開設記念競走,6,4487,三原 司,3,40,52,0,0,0.18,4.85,27,46,3.08,16.67,16.67,34.34,52.41,0,0
2026-07-02,8,10,2026-07-02 15:16:00,5,デイリースポーツ杯争奪・BTS高浜開設記念競走,1,4102,益田 啓司,1,47,51.5,0,0,0.15,6.43,49.65,63.64,7.24,64,72,29.27,47.56,0,0
2026-07-02,8,10,2026-07-02 15:16:00,5,デイリースポーツ杯争奪・BTS高浜開設記念競走,2,3156,金子 良昭,3,61,52.6,0,0,0.16,4.65,28.57,43.96,3.97,21.88,28.13,40.72,53.29,0,0
2026-07-02,8,10,2026-07-02 15:16:00,5,デイリースポーツ杯争奪・BTS高浜開設記念競走,3,4405,南野 利騰,3,41,52.4,0,0,0.16,4.3,14.58,36.46,3.73,13.64,31.82,31.68,49.07,0,0
2026-07-02,8,10,2026-07-02 15:16:00,5,デイリースポーツ杯争奪・BTS高浜開設記念競走,4,4122,安東 幸治,2,44,53.9,0,0,0.16,5.34,32.06,51.15,6.56,52,76,29.22,46.75,0,0
2026-07-02,8,10,2026-07-02 15:16:00,5,デイリースポーツ杯争奪・BTS高浜開設記念競走,5,4837,酒井 陽祐,3,37,51.5,0,0,0.15,4.42,24.71,43.53,4.43,24.32,40.54,44.72,64.6,0,0
2026-07-02,8,10,2026-07-02 15:16:00,5,デイリースポーツ杯争奪・BTS高浜開設記念競走,6,5055,眞鳥 章太,2,30,52.9,0,0,0.15,5.88,39.13,58.26,5.13,31.25,43.75,41.92,61.08,0,0
2026-07-02,8,11,2026-07-02 15:47:00,5,デイリースポーツ杯争奪・BTS高浜開設記念競走,1,4391,松田 祐季,1,40,51.5,0,0,0.17,6.5,47.01,61.54,6.61,51.61,67.74,31.93,50.6,0,0
2026-07-02,8,11,2026-07-02 15:47:00,5,デイリースポーツ杯争奪・BTS高浜開設記念競走,2,5026,安河内 健,1,30,55.9,0,0,0.15,6.13,46.6,59.22,7.47,63.89,75,38.75,56.25,0,0
2026-07-02,8,11,2026-07-02 15:47:00,5,デイリースポーツ杯争奪・BTS高浜開設記念競走,3,4731,間野 兼礼,3,37,51.5,1,0,0.15,5.18,31.87,50.55,5.34,34,54,41.62,55.49,0,0
2026-07-02,8,11,2026-07-02 15:47:00,5,デイリースポーツ杯争奪・BTS高浜開設記念競走,4,4419,原 加央理,3,38,45,0,0,0.16,5.81,41.94,60.22,6,33.33,66.67,35.85,56.6,0,0
2026-07-02,8,11,2026-07-02 15:47:00,5,デイリースポーツ杯争奪・BTS高浜開設記念競走,5,4163,山崎 裕司,2,44,52,0,0,0.17,5.28,35.2,50.4,6.05,41.46,63.41,31.33,46.99,0,0
2026-07-02,8,11,2026-07-02 15:47:00,5,デイリースポーツ杯争奪・BTS高浜開設記念競走,6,5216,長谷川 晴哉,2,26,51.5,0,0,0.15,6.18,42.38,65.56,5.47,29.41,47.06,46.06,59.39,0,0
2026-07-02,8,12,2026-07-02 16:27:00,5,デイリースポーツ杯争奪・BTS高浜開設記念競走,1,4546,浜田 亜理沙,1,38,47,0,0,0.16,6.53,48.28,67.82,6.96,57.45,68.09,32.03,50.33,0,0
2026-07-02,8,12,2026-07-02 16:27:00,5,デイリースポーツ杯争奪・BTS高浜開設記念競走,2,5377,鳥居塚 嶺王,3,22,50,0,0,0.15,3.96,18.18,33.77,3.63,25,25,33.14,46.15,0,0
2026-07-02,8,12,2026-07-02 16:27:00,5,デイリースポーツ杯争奪・BTS高浜開設記念競走,3,5303,土井 歩夢,3,23,52,0,0,0.17,5.62,31.46,57.3,2.71,14.29,14.29,46.15,64.5,0,0
2026-07-02,8,12,2026-07-02 16:27:00,5,デイリースポーツ杯争奪・BTS高浜開設記念競走,4,5229,吉川 晴人,2,23,53.8,0,0,0.15,5.24,32.77,48.74,4.37,21.05,36.84,32.72,46.91,0,0
2026-07-02,8,12,2026-07-02 16:27:00,5,デイリースポーツ杯争奪・BTS高浜開設記念競走,5,3908,重成 一人,1,47,55,0,0,0.14,6.28,44.54,58.82,7.14,57.14,76.19,36.63,51.74,0,0
2026-07-02,8,12,2026-07-02 16:27:00,5,デイリースポーツ杯争奪・BTS高浜開設記念競走,6,4732,堀本 和也,1,37,53.7,0,0,0.11,6.47,45.08,63.93,7.24,56.1,78.05,39.61,53.9,0,0
2026-07-02,11,1,2026-07-02 10:34:00,5,第14回近江牛カップ,1,5157,市川 健太,3,28,54.6,0,0,0.16,4.11,22.68,36.08,4.72,23.28,43.92,34.04,53.19,31.58,36.84
2026-07-02,11,1,2026-07-02 10:34:00,5,第14回近江牛カップ,2,3653,品川 賢次,3,52,54.8,1,0,0.18,4.59,21.05,43.42,5.29,42.86,50,33.33,50,43.86,54.39
2026-07-02,11,1,2026-07-02 10:34:00,5,第14回近江牛カップ,3,3305,小野 信樹,3,58,53.3,0,0,0.17,3.93,19.05,32.14,3.91,27.27,33.33,35.42,58.33,35.85,47.17
2026-07-02,11,1,2026-07-02 10:34:00,5,第14回近江牛カップ,4,5143,常盤 海心,3,25,53.6,0,0,0.19,4.04,20.56,39.25,1.67,0,0,34,44,50,56.52
2026-07-02,11,1,2026-07-02 10:34:00,5,第14回近江牛カップ,5,4672,守屋 大地,3,40,52,0,0,0.18,4.21,20.95,35.24,4.16,16,36,24.53,43.4,31.91,48.94
2026-07-02,11,1,2026-07-02 10:34:00,5,第14回近江牛カップ,6,4253,西川 真人,3,43,56.4,0,0,0.18,4.14,17.09,37.61,4.13,19.15,34.04,38.3,59.57,35.85,52.83
2026-07-02,11,2,2026-07-02 11:03:00,5,第14回近江牛カップ,1,5131,江藤 敦宏,3,27,52,0,0,0.18,4.03,18.89,30,3.17,16.67,33.33,30.43,41.3,22,34
2026-07-02,11,2,2026-07-02 11:03:00,5,第14回近江牛カップ,2,4864,小川 日紀太,3,36,52,0,0,0.14,4,17.57,32.43,4,11.11,33.33,49.09,56.36,26,46
2026-07-02,11,2,2026-07-02 11:03:00,5,第14回近江牛カップ,3,3507,藤井 徹,3,55,52,0,0,0.2,4.29,26.25,37.5,3.79,21.21,36.36,19.64,33.93,15.22,39.13
2026-07-02,11,2,2026-07-02 11:03:00,5,第14回近江牛カップ,4,4352,下條 雄太郎,1,40,52,0,0,0.14,6.45,47.3,55.41,7.68,68.42,94.74,28,44,49.18,80.33
2026-07-02,11,2,2026-07-02 11:03:00,5,第14回近江牛カップ,5,3988,古川 誠之,2,47,56.2,0,0,0.15,5.91,40.48,59.52,6.1,48.39,61.29,46.55,62.07,36.73,59.18
2026-07-02,11,2,2026-07-02 11:03:00,5,第14回近江牛カップ,6,5465,直江 健成,4,19,54.1,1,0,,1,0,0,0,0,0,33.96,45.28,31.82,40.91
2026-07-02,11,3,2026-07-02 11:30:00,5,第14回近江牛カップ,1,5183,中野 孝二,3,27,54,0,0,0.16,4.91,35.9,44.87,4.6,40,40,39.58,64.58,23.4,36.17
2026-07-02,11,3,2026-07-02 11:30:00,5,第14回近江牛カップ,2,4277,金田 大輔,3,42,51.5,0,0,0.15,4.97,35.96,47.19,4.73,34.62,38.46,32.73,56.36,7.32,39.02
2026-07-02,11,3,2026-07-02 11:30:00,5,第14回近江牛カップ,3,3686,鳥居塚 孝博,2,51,51.5,1,0,0.14,6.09,41.38,62.07,5.8,40,50,27.45,43.14,29.63,55.56
2026-07-02,11,3,2026-07-02 11:30:00,5,第14回近江牛カップ,4,5018,竹下 大樹,1,27,53.7,0,0,0.16,6.63,47.1,67.1,6.1,40,60,45.28,62.26,43.64,56.36
2026-07-02,11,3,2026-07-02 11:30:00,5,第14回近江牛カップ,5,4340,土性 雅也,4,41,52.1,0,0,,5.11,33.33,44.44,4.89,22.22,55.56,44.23,57.69,48.94,57.45
2026-07-02,11,3,2026-07-02 11:30:00,5,第14回近江牛カップ,6,4204,柴田 大輔,3,43,52,0,0,0.2,4.76,26.97,37.08,4.58,25.81,41.94,34.04,51.06,17.78,31.11
2026-07-02,11,4,2026-07-02 11:59:00,5,第14回近江牛カップ,1,5190,大月 遊雅,3,25,52,0,0,0.18,4.44,21.43,42.86,5.33,37.04,59.26,22.92,31.25,35.85,50.94
2026-07-02,11,4,2026-07-02 11:59:00,5,第14回近江牛カップ,2,4522,古澤 光紀,1,38,53.3,0,0,0.15,5.87,43.55,55.65,6.33,47.62,71.43,36.54,55.77,33.9,47.46
2026-07-02,11,4,2026-07-02 11:59:00,5,第14回近江牛カップ,3,4039,村上 功祐,2,47,56.2,0,0,0.15,5.24,35.38,52.31,5.16,28.13,53.13,3.57,14.29,40,61.82
2026-07-02,11,4,2026-07-02 11:59:00,5,第14回近江牛カップ,4,5031,渡辺 空依,3,28,52.8,0,0,0.2,4.59,24.44,43.33,1.5,0,0,8.33,20.83,45.45,70.91
2026-07-02,11,4,2026-07-02 11:59:00,5,第14回近江牛カップ,5,4103,山崎 善庸,3,46,52.4,0,0,0.23,3.47,11.11,22.22,4.04,23.08,34.62,15.22,34.78,10.2,18.37
2026-07-02,11,4,2026-07-02 11:59:00,5,第14回近江牛カップ,6,3654,武田 光史,1,52,52.7,0,0,0.15,6.67,55.12,68.5,6.97,54.29,77.14,44.64,57.14,27.45,41.18
2026-07-02,11,5,2026-07-02 12:27:00,5,第14回近江牛カップ,1,5369,岡崎 凪汰,3,24,52.2,0,0,0.18,3.39,15.29,24.71,0,0,0,33.33,50,33.33,41.18
2026-07-02,11,5,2026-07-02 12:27:00,5,第14回近江牛カップ,2,4330,奈須 啓太,2,42,52.1,0,0,0.13,6.05,43.55,62.9,4.93,21.43,50,41.18,57.35,44,54
2026-07-02,11,5,2026-07-02 12:27:00,5,第14回近江牛カップ,3,4672,守屋 大地,3,40,52,0,0,0.18,4.21,20.95,35.24,4.16,16,36,24.53,43.4,31.91,48.94
2026-07-02,11,5,2026-07-02 12:27:00,5,第14回近江牛カップ,4,3554,仲口 博崇,1,53,52.3,0,0,0.18,6.33,48.2,67.63,5,11.11,44.44,22.95,44.26,32.08,43.4
2026-07-02,11,5,2026-07-02 12:27:00,5,第14回近江牛カップ,5,5126,山下 大輝,1,29,51.5,0,0,0.15,6.65,50,67.27,5.86,46.43,57.14,20.75,37.74,40,52.73
2026-07-02,11,5,2026-07-02 12:27:00,5,第14回近江牛カップ,6,3564,桑原 啓,3,56,53.2,0,0,0.18,4.44,29.2,41.59,1.6,0,0,18.97,27.59,25,46.15
2026-07-02,11,6,2026-07-02 13:00:00,5,第14回近江牛カップ,1,5006,久保原 秀人,3,29,53.9,0,0,0.17,3.39,13.68,26.32,3.9,10,50,39.22,50.98,35.42,52.08
2026-07-02,11,6,2026-07-02 13:00:00,5,第14回近江牛カップ,2,4618,乃村 康友,3,43,53.8,1,0,0.17,4.99,29,52,6.1,46.67,66.67,48.39,72.58,37.25,50.98
2026-07-02,11,6,2026-07-02 13:00:00,5,第14回近江牛カップ,3,4379,桑島 和宏,1,41,55.7,0,0,0.16,6.08,38.76,62.02,6.5,43.18,68.18,30.23,53.49,28.3,50.94
2026-07-02,11,6,2026-07-02 13:00:00,5,第14回近江牛カップ,4,3305,小野 信樹,3,58,53.3,0,0,0.17,3.93,19.05,32.14,3.91,27.27,33.33,35.42,58.33,35.85,47.17
2026-07-02,11,6,2026-07-02 13:00:00,5,第14回近江牛カップ,5,4460,後藤 翔之,2,40,55.4,0,0,0.14,5.82,37.25,60.78,7.58,63.89,69.44,36.54,51.92,41.51,56.6
2026-07-02,11,6,2026-07-02 13:00:00,5,第14回近江牛カップ,6,5396,近藤 来希,4,24,51,0,0,0.2,1.84,3.17,4.76,1.24,0,0,35.29,68.63,30.77,53.85
2026-07-02,11,7,2026-07-02 13:35:00,5,第14回近江牛カップ,1,4580,長谷川 雅和,3,36,52.6,0,0,0.15,5.47,33.71,60.67,5.6,35,55,28.89,48.89,40.35,54.39
2026-07-02,11,7,2026-07-02 13:35:00,5,第14回近江牛カップ,2,5185,加藤 優弥,3,26,51.5,0,0,0.15,5.22,32.38,51.43,5.08,23.08,42.31,26.92,40.38,40.74,61.11
2026-07-02,11,7,2026-07-02 13:35:00,5,第14回近江牛カップ,3,5183,中野 孝二,3,27,54,0,0,0.16,4.91,35.9,44.87,4.6,40,40,39.58,64.58,23.4,36.17
2026-07-02,11,7,2026-07-02 13:35:00,5,第14回近江牛カップ,4,3582,吉川 昭男,2,53,53.7,0,0,0.15,5.71,40.78,53.4,6.28,47.57,64.08,21.62,35.14,32.65,40.82
2026-07-02,11,7,2026-07-02 13:35:00,5,第14回近江牛カップ,5,5131,江藤 敦宏,3,27,52,0,0,0.18,4.03,18.89,30,3.17,16.67,33.33,30.43,41.3,22,34
2026-07-02,11,7,2026-07-02 13:35:00,5,第14回近江牛カップ,6,3333,丸尾 義孝,2,58,52.1,0,0,0.14,6.14,44,59.2,4.57,28.57,42.86,29.63,51.85,16.28,34.88
2026-07-02,11,8,2026-07-02 14:10:00,5,第14回近江牛カップ,1,4182,吉田 和仁,3,42,54.8,0,0,0.18,4.92,30.17,45.69,4.75,25.48,39.49,30.43,45.65,32.56,46.51
2026-07-02,11,8,2026-07-02 14:10:00,5,第14回近江牛カップ,2,5143,常盤 海心,3,25,53.6,0,0,0.19,4.04,20.56,39.25,1.67,0,0,34,44,50,56.52
2026-07-02,11,8,2026-07-02 14:10:00,5,第14回近江牛カップ,3,5190,大月 遊雅,3,25,52,0,0,0.18,4.44,21.43,42.86,5.33,37.04,59.26,22.92,31.25,35.85,50.94
2026-07-02,11,8,2026-07-02 14:10:00,5,第14回近江牛カップ,4,5256,中山 翔太,1,22,52,1,0,0.13,6.48,50,64.15,6.67,46.67,73.33,29.17,39.58,44.44,66.67
2026-07-02,11,8,2026-07-02 14:10:00,5,第14回近江牛カップ,5,3548,室田 泰史,2,56,53.4,0,0,0.12,5.38,35.71,53.17,5.55,40,50,34.04,46.81,28.57,46.94
2026-07-02,11,8,2026-07-02 14:10:00,5,第14回近江牛カップ,6,4340,土性 雅也,4,41,52.1,0,0,,5.11,33.33,44.44,4.89,22.22,55.56,44.23,57.69,48.94,57.45
2026-07-02,11,9,2026-07-02 14:48:00,5,第14回近江牛カップ,1,5031,渡辺 空依,3,28,52.8,0,0,0.2,4.59,24.44,43.33,1.5,0,0,8.33,20.83,45.45,70.91
2026-07-02,11,9,2026-07-02 14:48:00,5,第14回近江牛カップ,2,4253,西川 真人,3,43,56.4,0,0,0.18,4.14,17.09,37.61,4.13,19.15,34.04,38.3,59.57,35.85,52.83
2026-07-02,11,9,2026-07-02 14:48:00,5,第14回近江牛カップ,3,4277,金田 大輔,3,42,51.5,0,0,0.15,4.97,35.96,47.19,4.73,34.62,38.46,32.73,56.36,7.32,39.02
2026-07-02,11,9,2026-07-02 14:48:00,5,第14回近江牛カップ,4,5369,岡崎 凪汰,3,24,52.2,0,0,0.18,3.39,15.29,24.71,0,0,0,33.33,50,33.33,41.18
2026-07-02,11,9,2026-07-02 14:48:00,5,第14回近江牛カップ,5,4089,妹尾 忠幸,2,45,54.9,0,0,0.15,6.07,37.82,63.03,6.89,47.37,78.95,28.26,41.3,19.05,30.95
2026-07-02,11,9,2026-07-02 14:48:00,5,第14回近江牛カップ,6,3313,本吉 正樹,3,60,54.4,0,0,0.19,4.34,24.74,36.08,4.67,22.22,33.33,37.5,55.36,33.33,43.14
2026-07-02,11,10,2026-07-02 15:18:00,5,第14回近江牛カップ,1,3654,武田 光史,1,52,52.3,0,0,0.15,6.67,55.12,68.5,6.97,54.29,77.14,44.64,57.14,27.45,41.18
2026-07-02,11,10,2026-07-02 15:18:00,5,第14回近江牛カップ,2,5126,山下 大輝,1,29,50.5,0,0,0.15,6.65,50,67.27,5.86,46.43,57.14,20.75,37.74,40,52.73
2026-07-02,11,10,2026-07-02 15:18:00,5,第14回近江牛カップ,3,5018,竹下 大樹,1,27,54.2,0,0,0.16,6.63,47.1,67.1,6.1,40,60,45.28,62.26,43.64,56.36
2026-07-02,11,10,2026-07-02 15:18:00,5,第14回近江牛カップ,4,4379,桑島 和宏,1,41,56.1,0,0,0.16,6.08,38.76,62.02,6.5,43.18,68.18,30.23,53.49,28.3,50.94
2026-07-02,11,10,2026-07-02 15:18:00,5,第14回近江牛カップ,5,4864,小川 日紀太,3,36,52,0,0,0.14,4,17.57,32.43,4,11.11,33.33,49.09,56.36,26,46
2026-07-02,11,10,2026-07-02 15:18:00,5,第14回近江牛カップ,6,5157,市川 健太,3,28,55.1,0,0,0.16,4.11,22.68,36.08,4.72,23.28,43.92,34.04,53.19,31.58,36.84
2026-07-02,11,11,2026-07-02 15:48:00,5,第14回近江牛カップ,1,4204,柴田 大輔,3,43,52,0,0,0.2,4.76,26.97,37.08,4.58,25.81,41.94,34.04,51.06,17.78,31.11
2026-07-02,11,11,2026-07-02 15:48:00,5,第14回近江牛カップ,2,4460,後藤 翔之,2,40,55.4,0,0,0.14,5.82,37.25,60.78,7.58,63.89,69.44,36.54,51.92,41.51,56.6
2026-07-02,11,11,2026-07-02 15:48:00,5,第14回近江牛カップ,3,4352,下條 雄太郎,1,40,52,0,0,0.14,6.45,47.3,55.41,7.68,68.42,94.74,28,44,49.18,80.33
2026-07-02,11,11,2026-07-02 15:48:00,5,第14回近江牛カップ,4,4039,村上 功祐,2,47,56.2,0,0,0.15,5.24,35.38,52.31,5.16,28.13,53.13,3.57,14.29,40,61.82
2026-07-02,11,11,2026-07-02 15:48:00,5,第14回近江牛カップ,5,4330,奈須 啓太,2,42,52.1,0,0,0.13,6.05,43.55,62.9,4.93,21.43,50,41.18,57.35,44,54
2026-07-02,11,11,2026-07-02 15:48:00,5,第14回近江牛カップ,6,4580,長谷川 雅和,3,36,52.6,0,0,0.15,5.47,33.71,60.67,5.6,35,55,28.89,48.89,40.35,54.39
2026-07-02,11,12,2026-07-02 16:31:00,5,第14回近江牛カップ,1,3333,丸尾 義孝,2,58,52.1,0,0,0.14,6.14,44,59.2,4.57,28.57,42.86,29.63,51.85,16.28,34.88
2026-07-02,11,12,2026-07-02 16:31:00,5,第14回近江牛カップ,2,3988,古川 誠之,2,47,56.2,0,0,0.15,5.91,40.48,59.52,6.1,48.39,61.29,46.55,62.07,36.73,59.18
2026-07-02,11,12,2026-07-02 16:31:00,5,第14回近江牛カップ,3,3554,仲口 博崇,1,53,52.3,0,0,0.18,6.33,48.2,67.63,5,11.11,44.44,22.95,44.26,32.08,43.4
2026-07-02,11,12,2026-07-02 16:31:00,5,第14回近江牛カップ,4,3686,鳥居塚 孝博,2,51,51.5,1,0,0.14,6.09,41.38,62.07,5.8,40,50,27.45,43.14,29.63,55.56
2026-07-02,11,12,2026-07-02 16:31:00,5,第14回近江牛カップ,5,4522,古澤 光紀,1,38,53.3,0,0,0.15,5.87,43.55,55.65,6.33,47.62,71.43,36.54,55.77,33.9,47.46
2026-07-02,11,12,2026-07-02 16:31:00,5,第14回近江牛カップ,6,4182,吉田 和仁,3,42,54.8,0,0,0.18,4.92,30.17,45.69,4.75,25.48,39.49,30.43,45.65,32.56,46.51
2026-07-02,16,1,2026-07-02 10:42:00,3,モーターボート大賞 全国地区代表戦,1,3822,平尾 崇典,1,53,50,0,0,0.16,6.37,43.14,60.78,6.85,51.96,75.49,38.19,54.17,34.97,51.05
2026-07-02,16,1,2026-07-02 10:42:00,3,モーターボート大賞 全国地区代表戦,2,4420,津久井 拓也,2,38,53.2,0,0,0.16,5.89,38.3,60.28,4,18.18,27.27,33.77,51.95,31.85,54.81
2026-07-02,16,1,2026-07-02 10:42:00,3,モーターボート大賞 全国地区代表戦,3,4610,佐藤 大佑,2,35,54,1,0,0.16,6.25,47.83,58.7,7,52.63,71.05,31.91,46.81,36.3,48.15
2026-07-02,16,1,2026-07-02 10:42:00,3,モーターボート大賞 全国地区代表戦,4,4886,入海 馨,1,30,52.8,0,0,0.14,5.77,30.61,53.06,6.93,48.84,70.93,35.03,47.77,29.85,50
2026-07-02,16,1,2026-07-02 10:42:00,3,モーターボート大賞 全国地区代表戦,5,4706,三浦 洋次朗,2,37,50.5,1,0,0.17,6.02,44.62,57.69,6.05,40.91,59.09,32.68,48.37,32.39,47.89
2026-07-02,16,1,2026-07-02 10:42:00,3,モーターボート大賞 全国地区代表戦,6,3888,山本 英志,2,51,51,0,0,0.15,5.95,40.29,58.27,5.16,31.58,44.74,51.33,72,37.23,52.55
2026-07-02,16,2,2026-07-02 11:12:00,3,モーターボート大賞 全国地区代表戦,1,4761,山田 晃大,2,36,52.5,0,0,0.13,5.78,36.84,57.14,6.8,45,75,37.32,57.75,42.03,56.52
2026-07-02,16,2,2026-07-02 11:12:00,3,モーターボート大賞 全国地区代表戦,2,4962,畑 竜生,2,29,52,0,0,0.15,5.5,33.04,55.65,0,0,0,32.69,48.72,33.58,50
2026-07-02,16,2,2026-07-02 11:12:00,3,モーターボート大賞 全国地区代表戦,3,4963,實森 美祐,1,29,45,0,0,0.15,6.36,46.43,60.71,7.65,67.74,87.1,32.45,47.68,39.26,54.81
2026-07-02,16,2,2026-07-02 11:12:00,3,モーターボート大賞 全国地区代表戦,4,4446,和田 兼輔,1,39,52,0,0,0.13,6.91,52.89,71.07,6.91,45.45,72.73,41.5,59.86,32.39,52.11
2026-07-02,16,2,2026-07-02 11:12:00,3,モーターボート大賞 全国地区代表戦,5,4148,枝尾 賢,2,44,52.3,0,0,0.16,6.15,43.75,61.72,7.67,33.33,66.67,35.92,50,33.57,48.25
2026-07-02,16,2,2026-07-02 11:12:00,3,モーターボート大賞 全国地区代表戦,6,5064,品川 二千翔,2,27,51.5,0,0,0.16,6.48,50.78,66.41,5.43,30.43,57.97,37.5,53.47,35.65,53.91
2026-07-02,16,3,2026-07-02 11:43:00,3,モーターボート大賞 全国地区代表戦,1,4989,石原 翼,2,29,52,0,0,0.13,6.06,39.67,58.68,6.53,50,68.75,38.19,52.08,36.96,59.42
2026-07-02,16,3,2026-07-02 11:43:00,3,モーターボート大賞 全国地区代表戦,2,4452,松尾 祭,2,38,52,0,0,0.17,5.39,37.98,49.61,5.87,39.47,55.26,27.45,49.67,32.35,52.94
2026-07-02,16,3,2026-07-02 11:43:00,3,モーターボート大賞 全国地区代表戦,3,4539,金子 賢志,1,35,52,0,0,0.14,6.66,51.15,63.36,0,0,0,32.9,50.97,36.15,53.08
2026-07-02,16,3,2026-07-02 11:43:00,3,モーターボート大賞 全国地区代表戦,4,5075,中島 秀治,2,30,52,0,0,0.17,6.01,35.77,62.77,5.56,40.63,46.88,28.85,43.59,36.5,51.09
2026-07-02,16,3,2026-07-02 11:43:00,3,モーターボート大賞 全国地区代表戦,5,4241,大串 重幸,2,41,52.1,0,0,0.15,5.65,33.83,59.4,5.27,34.62,50,44.22,62.59,36.23,50.72
2026-07-02,16,3,2026-07-02 11:43:00,3,モーターボート大賞 全国地区代表戦,6,4482,守屋 美穂,1,37,45.5,1,0,0.16,6.35,45.3,59.83,7.12,59.8,73.53,26.32,46.05,45.71,58.57
2026-07-02,16,4,2026-07-02 12:15:00,3,モーターボート大賞 全国地区代表戦,1,4409,坂元 浩仁,2,40,53.3,1,0,0.14,6.67,50.82,66.39,6.47,50,70,31.97,52.38,32.61,47.1
2026-07-02,16,4,2026-07-02 12:15:00,3,モーターボート大賞 全国地区代表戦,2,4959,井上 忠政,1,30,52,0,0,0.15,7.28,51.61,67.74,7.85,69.23,82.05,36.49,47.97,32.62,49.65
2026-07-02,16,4,2026-07-02 12:15:00,3,モーターボート大賞 全国地区代表戦,3,5142,常住 蓮,1,25,51,0,0,0.12,7.17,49.09,70.91,7.48,66,80,48.95,69.23,32.12,51.09
2026-07-02,16,4,2026-07-02 12:15:00,3,モーターボート大賞 全国地区代表戦,4,4227,安達 裕樹,2,43,52,1,0,0.15,6.13,35.66,55.81,6.26,31.58,57.89,24.83,44.97,31.94,45.83
2026-07-02,16,4,2026-07-02 12:15:00,3,モーターボート大賞 全国地区代表戦,5,3874,山本 寛久,1,50,52,0,0,0.15,6.56,47.06,67.23,6.41,46.85,67.57,42.57,56.08,30,48.57
2026-07-02,16,4,2026-07-02 12:15:00,3,モーターボート大賞 全国地区代表戦,6,5038,金田 智博,2,28,52,0,0,0.17,6.45,50.5,64.36,5.88,39.02,56.1,35.9,53.85,29.5,41.73
2026-07-02,16,5,2026-07-02 12:51:00,3,モーターボート大賞 全国地区代表戦,1,4530,小野 生奈,1,37,46.5,0,0,0.15,7.01,55.36,66.07,6.68,54.55,72.73,31.21,47.13,36.03,53.68
2026-07-02,16,5,2026-07-02 12:51:00,3,モーターボート大賞 全国地区代表戦,2,4939,宮之原 輝紀,1,28,52.1,0,0,0.14,6.94,50.44,63.72,7,44.44,61.11,38.03,57.04,36.5,54.01
2026-07-02,16,5,2026-07-02 12:51:00,3,モーターボート大賞 全国地区代表戦,3,4531,武富 智亮,2,37,52,0,0,0.16,6.09,39.84,62.6,5.92,40.54,62.16,33.99,49.02,33.58,59.85
2026-07-02,16,5,2026-07-02 12:51:00,3,モーターボート大賞 全国地区代表戦,4,4370,山口 達也,1,39,52,0,0,0.14,5.97,43.14,51.96,6.66,54.47,62.6,28.85,41.67,32.17,48.25
2026-07-02,16,5,2026-07-02 12:51:00,3,モーターボート大賞 全国地区代表戦,5,4052,興津 藍,2,45,50.5,0,0,0.16,5.96,42.11,59.4,5.78,11.11,44.44,26.85,36.91,29.93,47.45
2026-07-02,16,5,2026-07-02 12:51:00,3,モーターボート大賞 全国地区代表戦,6,4809,外崎 悟,2,37,52,0,0,0.17,5.72,35.63,54.02,0,0,0,37.93,55.86,38.03,59.15
2026-07-02,16,6,2026-07-02 13:22:00,3,モーターボート大賞 全国地区代表戦,1,4925,森 悠稀,2,33,52,0,0,0.12,5.45,28.71,53.47,5.37,15.79,47.37,35.81,56.76,30.56,48.61
2026-07-02,16,6,2026-07-02 13:22:00,3,モーターボート大賞 全国地区代表戦,2,4415,下出 卓矢,2,39,55.5,0,0,0.13,6.35,52.68,58.93,0,0,0,39.86,54.55,39.01,54.61
2026-07-02,16,6,2026-07-02 13:22:00,3,モーターボート大賞 全国地区代表戦,3,4544,松田 大志郎,1,38,52,1,0,0.16,7.61,61.03,77.94,0,0,0,28.1,40.52,31.16,44.2
2026-07-02,16,6,2026-07-02 13:22:00,3,モーターボート大賞 全国地区代表戦,4,4762,藤原 啓史朗,1,36,50.5,0,0,0.12,7.1,49.63,68.89,7.42,57.58,75.76,41.78,54.79,43.66,59.15
2026-07-02,16,6,2026-07-02 13:22:00,3,モーターボート大賞 全国地区代表戦,5,4980,佐々木 完太,1,30,50.5,0,0,0.15,6.99,50.38,63.36,6.8,46,64,29.87,42.21,32.86,55
2026-07-02,16,6,2026-07-02 13:22:00,3,モーターボート大賞 全国地区代表戦,6,4706,三浦 洋次朗,2,37,50.5,1,0,0.17,6.02,44.62,57.69,6.05,40.91,59.09,32.68,48.37,32.39,47.89
2026-07-02,16,7,2026-07-02 13:53:00,3,モーターボート大賞 全国地区代表戦,1,4704,河野 大,2,38,52,0,0,0.14,6.59,48.32,65.77,6,47.17,58.49,35.14,49.32,39.86,60.14
2026-07-02,16,7,2026-07-02 13:53:00,3,モーターボート大賞 全国地区代表戦,2,4886,入海 馨,1,30,52.8,0,0,0.14,5.77,30.61,53.06,6.93,48.84,70.93,35.03,47.77,29.85,50
2026-07-02,16,7,2026-07-02 13:53:00,3,モーターボート大賞 全国地区代表戦,3,4659,木下 翔太,1,35,52,0,0,0.14,7.39,51.88,75.19,6.7,50,70,29.14,40.4,30.43,47.1
2026-07-02,16,7,2026-07-02 13:53:00,3,モーターボート大賞 全国地区代表戦,4,4109,谷津 幸宏,1,46,52,0,0,0.13,6,39.13,63.04,5.4,40,50,32.03,48.37,31.88,47.83
2026-07-02,16,7,2026-07-02 13:53:00,3,モーターボート大賞 全国地区代表戦,5,5096,上原 崚,2,30,52.5,0,0,0.13,6.04,37.38,57.94,5.82,28.57,60.71,34.23,51.01,35,50.71
2026-07-02,16,7,2026-07-02 13:53:00,3,モーターボート大賞 全国地区代表戦,6,4962,畑 竜生,2,29,52,0,0,0.15,5.5,33.04,55.65,0,0,0,32.69,48.72,33.58,50
2026-07-02,16,8,2026-07-02 14:24:00,3,モーターボート大賞 全国地区代表戦,1,4148,枝尾 賢,2,44,52.3,0,0,0.16,6.15,43.75,61.72,7.67,33.33,66.67,35.92,50,33.57,48.25
2026-07-02,16,8,2026-07-02 14:24:00,3,モーターボート大賞 全国地区代表戦,2,4989,石原 翼,2,29,52,0,0,0.13,6.06,39.67,58.68,6.53,50,68.75,38.19,52.08,36.96,59.42
2026-07-02,16,8,2026-07-02 14:24:00,3,モーターボート大賞 全国地区代表戦,3,4908,上田 龍星,1,30,52,0,0,0.14,6.61,40.17,61.54,6.3,50,70,39.44,53.52,35.51,53.62
2026-07-02,16,8,2026-07-02 14:24:00,3,モーターボート大賞 全国地区代表戦,4,4477,篠崎 仁志,1,38,53.5,0,0,0.13,7.3,50.81,70.97,6.9,50,70,36.84,57.89,50.74,65.44
2026-07-02,16,8,2026-07-02 14:24:00,3,モーターボート大賞 全国地区代表戦,5,5058,前原 大道,1,29,52.3,1,0,0.14,6.93,49.17,67.5,6.63,48.6,66.36,32.9,47.74,31.43,45.71
2026-07-02,16,8,2026-07-02 14:24:00,3,モーターボート大賞 全国地区代表戦,6,4420,津久井 拓也,2,38,53.2,0,0,0.16,5.89,38.3,60.28,4,18.18,27.27,33.77,51.95,31.85,54.81
2026-07-02,16,9,2026-07-02 14:56:00,3,モーターボート大賞 全国地区代表戦,1,5142,常住 蓮,1,25,51,0,0,0.12,7.17,49.09,70.91,7.48,66,80,48.95,69.23,32.12,51.09
2026-07-02,16,9,2026-07-02 14:56:00,3,モーターボート大賞 全国地区代表戦,2,3888,山本 英志,2,51,51,0,0,0.15,5.95,40.29,58.27,5.16,31.58,44.74,51.33,72,37.23,52.55
2026-07-02,16,9,2026-07-02 14:56:00,3,モーターボート大賞 全国地区代表戦,3,4761,山田 晃大,2,36,52.5,0,0,0.13,5.78,36.84,57.14,6.8,45,75,37.32,57.75,42.03,56.52
2026-07-02,16,9,2026-07-02 14:56:00,3,モーターボート大賞 全国地区代表戦,4,4241,大串 重幸,2,41,52.1,0,0,0.15,5.65,33.83,59.4,5.27,34.62,50,44.22,62.59,36.23,50.72
2026-07-02,16,9,2026-07-02 14:56:00,3,モーターボート大賞 全国地区代表戦,5,5217,藤原 碧生,1,26,51.5,2,0,0.16,6.69,42.34,63.06,6.97,49.21,73.81,32,48,44.03,63.43
2026-07-02,16,9,2026-07-02 14:56:00,3,モーターボート大賞 全国地区代表戦,6,4856,豊田 健士郎,1,30,52.1,0,0,0.14,7.14,53.79,72.41,6.78,44.44,66.67,36.3,53.42,36.11,51.39
2026-07-02,16,10,2026-07-02 15:30:00,3,モーターボート大賞 全国地区代表戦,1,4610,佐藤 大佑,2,35,54,1,0,0.16,6.25,47.83,58.7,7,52.63,71.05,31.91,46.81,36.3,48.15
2026-07-02,16,10,2026-07-02 15:30:00,3,モーターボート大賞 全国地区代表戦,2,4482,守屋 美穂,1,37,45.5,1,0,0.16,6.35,45.3,59.83,7.12,59.8,73.53,26.32,46.05,45.71,58.57
2026-07-02,16,10,2026-07-02 15:30:00,3,モーターボート大賞 全国地区代表戦,3,4530,小野 生奈,1,37,46.5,0,0,0.15,7.01,55.36,66.07,6.68,54.55,72.73,31.21,47.13,36.03,53.68
2026-07-02,16,10,2026-07-02 15:30:00,3,モーターボート大賞 全国地区代表戦,4,4042,丸岡 正典,2,46,51.5,1,0,0.2,6.5,45.93,64.44,5.63,40,51.43,27.27,42.86,32.87,50.35
2026-07-02,16,10,2026-07-02 15:30:00,3,モーターボート大賞 全国地区代表戦,5,5064,品川 二千翔,2,27,51.5,0,0,0.16,6.48,50.78,66.41,5.43,30.43,57.97,37.5,53.47,35.65,53.91
2026-07-02,16,10,2026-07-02 15:30:00,3,モーターボート大賞 全国地区代表戦,6,4850,野中 一平,1,31,52,0,0,0.12,6.11,38.85,57.55,8.18,81.82,90.91,33.99,50.98,32.62,45.39
2026-07-02,16,11,2026-07-02 16:11:00,3,モーターボート大賞 全国地区代表戦,1,4959,井上 忠政,1,30,52,0,0,0.15,7.28,51.61,67.74,7.85,69.23,82.05,36.49,47.97,32.62,49.65
2026-07-02,16,11,2026-07-02 16:11:00,3,モーターボート大賞 全国地区代表戦,2,4762,藤原 啓史朗,1,36,50.5,0,0,0.12,7.1,49.63,68.89,7.42,57.58,75.76,41.78,54.79,43.66,59.15
2026-07-02,16,11,2026-07-02 16:11:00,3,モーターボート大賞 全国地区代表戦,3,5092,篠原 晟弥,2,25,52,0,0,0.12,6.22,48.28,60.34,4,21.05,36.84,49.31,65.28,34.06,50
2026-07-02,16,11,2026-07-02 16:11:00,3,モーターボート大賞 全国地区代表戦,4,4643,近江 翔吾,1,33,52,0,0,0.14,7.07,59.22,72.82,7.06,55.32,74.47,29.73,50.68,30.28,50
2026-07-02,16,11,2026-07-02 16:11:00,3,モーターボート大賞 全国地区代表戦,5,4809,外崎 悟,2,37,52,0,0,0.17,5.72,35.63,54.02,0,0,0,37.93,55.86,38.03,59.15
2026-07-02,16,11,2026-07-02 16:11:00,3,モーターボート大賞 全国地区代表戦,6,4452,松尾 祭,2,38,52,0,0,0.17,5.39,37.98,49.61,5.87,39.47,55.26,27.45,49.67,32.35,52.94
2026-07-02,16,12,2026-07-02 16:50:00,3,モーターボート大賞 全国地区代表戦,1,4659,木下 翔太,1,35,52,0,0,0.14,7.39,51.88,75.19,6.7,50,70,29.14,40.4,30.43,47.1
2026-07-02,16,12,2026-07-02 16:50:00,3,モーターボート大賞 全国地区代表戦,2,4441,末永 由楽,2,39,53.1,0,0,0.14,5.83,33.81,58.99,6.33,43.41,63.57,33.56,55.7,41.04,53.73
2026-07-02,16,12,2026-07-02 16:50:00,3,モーターボート大賞 全国地区代表戦,3,4715,村上 遼,1,34,52,0,0,0.12,6.18,38.46,66.15,0,0,0,32.21,47.65,37.96,52.55
2026-07-02,16,12,2026-07-02 16:50:00,3,モーターボート大賞 全国地区代表戦,4,4544,松田 大志郎,1,38,52,1,0,0.16,7.61,61.03,77.94,0,0,0,28.1,40.52,31.16,44.2
2026-07-02,16,12,2026-07-02 16:50:00,3,モーターボート大賞 全国地区代表戦,5,4933,板橋 侑我,1,30,52,0,0,0.13,6.49,41.24,62.89,4,14.29,28.57,36.11,52.78,34.31,54.01
2026-07-02,16,12,2026-07-02 16:50:00,3,モーターボート大賞 全国地区代表戦,6,4793,金子 萌,2,36,52,0,0,0.14,6.53,48.84,67.44,6.07,43.48,56.52,35.76,50.99,34.75,53.9
2026-07-02,19,1,2026-07-02 15:26:00,5,瞬報社杯,1,4533,峰重 侑治,4,37,51.5,0,0,0.17,4.36,13.21,39.62,5.2,28.57,51.43,36.36,48.48,32.35,47.06
2026-07-02,19,1,2026-07-02 15:26:00,5,瞬報社杯,2,4176,樋口 喜彦,3,43,54.9,0,0,0.15,3.3,13.51,27.03,2,0,16.67,43.75,56.25,31.43,54.29
2026-07-02,19,1,2026-07-02 15:26:00,5,瞬報社杯,3,4683,向井田 直弥,4,35,47,0,0,0.14,3.55,21.57,27.45,4.27,27.27,45.45,31.58,55.26,48.48,63.64
2026-07-02,19,1,2026-07-02 15:26:00,5,瞬報社杯,4,4563,齋藤 真之,3,38,53.7,0,0,0.18,4.05,22.22,34.57,4.03,24.24,30.3,50,62.5,50,53.13
2026-07-02,19,1,2026-07-02 15:26:00,5,瞬報社杯,5,5237,永松 良教,3,26,53.4,0,0,0.14,4.27,19.61,41.18,0,0,0,35.48,48.39,36.36,48.48
2026-07-02,19,1,2026-07-02 15:26:00,5,瞬報社杯,6,5311,小林 京平,3,28,52,0,0,0.17,5.26,30.3,51.52,3.85,20,30.67,36.84,57.89,26.47,47.06
2026-07-02,19,2,2026-07-02 15:58:00,5,瞬報社杯,1,3297,藤丸 光一,3,59,49,0,0,0.18,4.4,19.1,40.45,0,0,0,31.25,37.5,20.59,52.94
2026-07-02,19,2,2026-07-02 15:58:00,5,瞬報社杯,2,4395,下河 雅史,3,40,53,0,0,0.18,5.1,32.38,47.62,5.2,26.67,53.33,38.24,70.59,37.04,48.15
2026-07-02,19,2,2026-07-02 15:58:00,5,瞬報社杯,3,5049,松井 友汰,2,31,53.2,1,0,0.16,6.03,42.86,63.49,5.5,40,60,40,60,51.52,63.64
2026-07-02,19,2,2026-07-02 15:58:00,5,瞬報社杯,4,5262,鈴木 章司,3,28,52.7,1,0,0.2,4.31,20.99,38.27,2,0,12.5,21.88,50,27.27,45.45
2026-07-02,19,2,2026-07-02 15:58:00,5,瞬報社杯,5,4562,阪本 勇介,3,38,54.3,0,0,0.18,4.89,22.94,43.12,4.2,26.67,26.67,30.3,51.52,48.48,63.64
2026-07-02,19,2,2026-07-02 15:58:00,5,瞬報社杯,6,4138,中井 俊祐,3,45,52.4,0,0,0.17,5.06,33.33,48.15,5.43,28.57,42.86,17.07,29.27,60,68.57
2026-07-02,19,3,2026-07-02 16:34:00,5,瞬報社杯,1,4336,松田 竜馬,3,42,52.5,0,0,0.15,4.95,29.47,47.37,5.63,31.25,62.5,23.53,26.47,34.29,65.71
2026-07-02,19,3,2026-07-02 16:34:00,5,瞬報社杯,2,4656,大崎 翔,3,39,53.3,0,0,0.14,5.45,38.3,53.19,5.18,36.36,54.55,30.3,54.55,32.35,35.29
2026-07-02,19,3,2026-07-02 16:34:00,5,瞬報社杯,3,4797,中山 将,2,34,54,0,0,0.15,6.97,55.26,77.63,5.77,35.9,51.28,32.26,51.61,34.29,65.71
2026-07-02,19,3,2026-07-02 16:34:00,5,瞬報社杯,4,4306,畔柳 俊吾,2,42,51.5,0,0,0.17,4.95,25.53,48.94,4.03,19.44,30.56,18.75,34.38,22.22,36.11
2026-07-02,19,3,2026-07-02 16:34:00,5,瞬報社杯,5,4302,西野 翔太,2,43,52.9,0,0,0.13,6.78,52.46,68.85,6.7,60.61,75.76,47.37,60.53,50,65.63
2026-07-02,19,3,2026-07-02 16:34:00,5,瞬報社杯,6,4327,加藤 翔,3,43,52,0,0,0.18,4,19.23,34.62,0,0,0,34.48,55.17,11.43,22.86
2026-07-02,19,4,2026-07-02 17:06:00,5,瞬報社杯,1,3891,谷口 健一,3,50,52.9,0,0,0.18,3.57,13.64,24.55,3.95,22.73,31.82,40,60,45.71,62.86
2026-07-02,19,4,2026-07-02 17:06:00,5,瞬報社杯,2,4090,中村 尊,1,45,54.1,0,0,0.13,5.19,30.86,46.91,6.71,50,66.67,51.61,58.06,43.75,53.13
2026-07-02,19,4,2026-07-02 17:06:00,5,瞬報社杯,3,4051,清水 敦揮,1,45,54.2,0,0,0.17,6.77,48.42,72.63,6.29,32.69,67.31,31.43,51.43,26.47,52.94
2026-07-02,19,4,2026-07-02 17:06:00,5,瞬報社杯,4,5102,原田 雄次,3,28,52,0,0,0.18,4.53,26.25,43.75,4.28,19.44,41.67,40,54.29,25.71,45.71
2026-07-02,19,4,2026-07-02 17:06:00,5,瞬報社杯,5,5158,宮脇 遼太,2,28,52.7,0,0,0.17,6.79,55.37,68.6,5.21,34.04,44.68,45.16,64.52,37.14,60
2026-07-02,19,4,2026-07-02 17:06:00,5,瞬報社杯,6,4380,鈴木 峻佑,3,41,52.4,0,0,0.17,4.57,26.8,34.02,0,0,0,48.39,74.19,54.29,65.71
2026-07-02,19,5,2026-07-02 17:30:00,5,瞬報社杯,1,4796,春園 功太,2,34,52,0,0,0.13,6.47,52.14,65.81,0,0,0,65.63,87.5,33.33,54.55
2026-07-02,19,5,2026-07-02 17:30:00,5,瞬報社杯,2,5186,遠藤 圭吾,3,26,52,0,0,0.17,4.35,27.78,38.89,2.29,0,14.29,37.93,51.72,22.86,42.86
2026-07-02,19,5,2026-07-02 17:30:00,5,瞬報社杯,3,4054,福嶋 智之,3,48,52.5,0,0,0.16,4.57,28.87,41.24,4.61,33.33,42.42,41.67,55.56,51.61,67.74
2026-07-02,19,5,2026-07-02 17:30:00,5,瞬報社杯,4,3961,谷村 一哉,2,47,52.3,0,0,0.16,6.57,44.68,70.21,7.04,55.66,74.53,46.88,62.5,38.24,47.06
2026-07-02,19,5,2026-07-02 17:30:00,5,瞬報社杯,5,3952,中澤 和志,1,49,52,0,0,0.15,6.63,46.48,64.79,8.33,73.33,100,29.03,48.39,35.29,55.88
2026-07-02,19,5,2026-07-02 17:30:00,5,瞬報社杯,6,3860,松本 浩貴,3,53,52.6,0,0,0.19,3.91,18.89,28.89,5.71,42.86,57.14,42.42,60.61,42.86,62.86
2026-07-02,19,6,2026-07-02 17:57:00,5,瞬報社杯,1,4587,木田 峰由季,2,35,54.1,0,0,0.15,6.67,54.81,66.35,4.64,27.27,27.27,45.16,70.97,40,65.71
2026-07-02,19,6,2026-07-02 17:57:00,5,瞬報社杯,2,4296,岡崎 恭裕,1,39,52.2,0,0,0.13,7.02,50,71.74,6.57,43.48,65.22,19.35,35.48,38.24,64.71
2026-07-02,19,6,2026-07-02 17:57:00,5,瞬報社杯,3,5308,藤森 拓海,3,21,53.9,0,0,0.19,4.29,22.86,37.14,2.84,10.53,15.79,57.58,75.76,23.53,38.24
2026-07-02,19,6,2026-07-02 17:57:00,5,瞬報社杯,4,4121,富永 修一,1,44,52.4,0,0,0.13,5.96,41.84,57.14,6.86,57.14,57.14,42.42,57.58,30.77,41.03
2026-07-02,19,6,2026-07-02 17:57:00,5,瞬報社杯,5,4176,樋口 喜彦,3,43,54.9,0,0,0.15,3.3,13.51,27.03,2,0,16.67,43.75,56.25,31.43,54.29
2026-07-02,19,6,2026-07-02 17:57:00,5,瞬報社杯,6,4173,岡谷 健吾,3,43,56.5,0,0,0.18,5.25,36.61,52.68,4.61,29.41,41.18,24.24,36.36,25.71,34.29
2026-07-02,19,7,2026-07-02 18:21:00,5,瞬報社杯,1,4674,池田 剛規,2,38,51.5,0,0,0.15,5.18,30.89,47.15,5.79,41.67,62.5,31.43,37.14,34.29,51.43
2026-07-02,19,7,2026-07-02 18:21:00,5,瞬報社杯,2,4926,吉川 貴仁,1,32,52.2,0,0,0.14,7.79,64.76,82.86,9.86,100,100,41.18,58.82,36.36,60.61
2026-07-02,19,7,2026-07-02 18:21:00,5,瞬報社杯,3,4327,加藤 翔,3,43,51.5,0,0,0.18,4,19.23,34.62,0,0,0,34.48,55.17,11.43,22.86
2026-07-02,19,7,2026-07-02 18:21:00,5,瞬報社杯,4,5179,藤本 元輝,3,29,52.8,0,0,0.15,3.75,20.75,33.96,0,0,0,44.12,58.82,38.89,50
2026-07-02,19,7,2026-07-02 18:21:00,5,瞬報社杯,5,3297,藤丸 光一,3,59,49,0,0,0.18,4.4,19.1,40.45,0,0,0,31.25,37.5,20.59,52.94
2026-07-02,19,7,2026-07-02 18:21:00,5,瞬報社杯,6,5315,浅井 翼,3,25,52,0,0,0.17,2.36,6.41,14.1,0,0,0,35.14,45.95,37.14,54.29
2026-07-02,19,8,2026-07-02 18:47:00,5,瞬報社杯,1,4302,西野 翔太,2,43,52.9,0,0,0.13,6.78,52.46,68.85,6.7,60.61,75.76,47.37,60.53,50,65.63
2026-07-02,19,8,2026-07-02 18:47:00,5,瞬報社杯,2,4380,鈴木 峻佑,3,41,52.4,0,0,0.17,4.57,26.8,34.02,0,0,0,48.39,74.19,54.29,65.71
2026-07-02,19,8,2026-07-02 18:47:00,5,瞬報社杯,3,4033,伊藤 将吉,1,47,52.8,0,0,0.13,6.06,46.55,62.93,6.13,50,62.5,21.21,54.55,21.88,34.38
2026-07-02,19,8,2026-07-02 18:47:00,5,瞬報社杯,4,5311,小林 京平,3,28,52,0,0,0.17,5.26,30.3,51.52,3.85,20,30.67,36.84,57.89,26.47,47.06
2026-07-02,19,8,2026-07-02 18:47:00,5,瞬報社杯,5,4395,下河 雅史,3,40,53,0,0,0.18,5.1,32.38,47.62,5.2,26.67,53.33,38.24,70.59,37.04,48.15
2026-07-02,19,8,2026-07-02 18:47:00,5,瞬報社杯,6,4846,佐藤 駿介,3,32,52,0,0,0.17,4.4,25.24,40.78,4.26,29.76,41.67,8.82,17.65,46.88,59.38
2026-07-02,19,9,2026-07-02 19:16:00,5,瞬報社杯,1,5158,宮脇 遼太,2,28,52.7,0,0,0.17,6.79,55.37,68.6,5.21,34.04,44.68,45.16,64.52,37.14,60
2026-07-02,19,9,2026-07-02 19:16:00,5,瞬報社杯,2,3792,田中 豪,2,53,52.5,0,0,0.15,6.02,42.55,64.89,4.14,14.29,14.29,31.25,31.25,16.22,21.62
2026-07-02,19,9,2026-07-02 19:16:00,5,瞬報社杯,3,3860,松本 浩貴,3,53,52.6,0,0,0.19,3.91,18.89,28.89,5.71,42.86,57.14,42.42,60.61,42.86,62.86
2026-07-02,19,9,2026-07-02 19:16:00,5,瞬報社杯,4,4138,中井 俊祐,3,45,52.4,0,0,0.17,5.06,33.33,48.15,5.43,28.57,42.86,17.07,29.27,60,68.57
2026-07-02,19,9,2026-07-02 19:16:00,5,瞬報社杯,5,4336,松田 竜馬,3,42,52.5,0,0,0.15,4.95,29.47,47.37,5.63,31.25,62.5,23.53,26.47,34.29,65.71
2026-07-02,19,9,2026-07-02 19:16:00,5,瞬報社杯,6,4683,向井田 直弥,4,35,47,0,0,0.14,3.55,21.57,27.45,4.27,27.27,45.45,31.58,55.26,48.48,63.64
2026-07-02,19,10,2026-07-02 19:43:00,5,瞬報社杯,1,4051,清水 敦揮,1,45,54.2,0,0,0.17,6.77,48.42,72.63,6.29,32.69,67.31,31.43,51.43,26.47,52.94
2026-07-02,19,10,2026-07-02 19:43:00,5,瞬報社杯,2,4587,木田 峰由季,2,35,54.1,0,0,0.15,6.67,54.81,66.35,4.64,27.27,27.27,45.16,70.97,40,65.71
2026-07-02,19,10,2026-07-02 19:43:00,5,瞬報社杯,3,5237,永松 良教,3,26,53.4,0,0,0.14,4.27,19.61,41.18,0,0,0,35.48,48.39,36.36,48.48
2026-07-02,19,10,2026-07-02 19:43:00,5,瞬報社杯,4,4054,福嶋 智之,3,48,52.5,0,0,0.16,4.57,28.87,41.24,4.61,33.33,42.42,41.67,55.56,51.61,67.74
2026-07-02,19,10,2026-07-02 19:43:00,5,瞬報社杯,5,4797,中山 将,2,34,54,0,0,0.15,6.97,55.26,77.63,5.77,35.9,51.28,32.26,51.61,34.29,65.71
2026-07-02,19,10,2026-07-02 19:43:00,5,瞬報社杯,6,5262,鈴木 章司,3,28,52.7,1,0,0.2,4.31,20.99,38.27,2,0,12.5,21.88,50,27.27,45.45
2026-07-02,19,11,2026-07-02 20:09:00,5,瞬報社杯,1,4296,岡崎 恭裕,1,39,52.2,0,0,0.13,7.02,50,71.74,6.57,43.48,65.22,19.35,35.48,38.24,64.71
2026-07-02,19,11,2026-07-02 20:09:00,5,瞬報社杯,2,4533,峰重 侑治,4,37,51.5,0,0,0.17,4.36,13.21,39.62,5.2,28.57,51.43,36.36,48.48,32.35,47.06
2026-07-02,19,11,2026-07-02 20:09:00,5,瞬報社杯,3,3961,谷村 一哉,2,47,52.3,0,0,0.16,6.57,44.68,70.21,7.04,55.66,74.53,46.88,62.5,38.24,47.06
2026-07-02,19,11,2026-07-02 20:09:00,5,瞬報社杯,4,4926,吉川 貴仁,1,32,52.2,0,0,0.14,7.79,64.76,82.86,9.86,100,100,41.18,58.82,36.36,60.61
2026-07-02,19,11,2026-07-02 20:09:00,5,瞬報社杯,5,5049,松井 友汰,2,31,53.2,1,0,0.16,6.03,42.86,63.49,5.5,40,60,40,60,51.52,63.64
2026-07-02,19,11,2026-07-02 20:09:00,5,瞬報社杯,6,4656,大崎 翔,3,39,53.3,0,0,0.14,5.45,38.3,53.19,5.18,36.36,54.55,30.3,54.55,32.35,35.29
2026-07-02,19,12,2026-07-02 20:38:00,5,瞬報社杯,1,3952,中澤 和志,1,49,52,0,0,0.15,6.63,46.48,64.79,8.33,73.33,100,29.03,48.39,35.29,55.88
2026-07-02,19,12,2026-07-02 20:38:00,5,瞬報社杯,2,4306,畔柳 俊吾,2,42,51.5,0,0,0.17,4.95,25.53,48.94,4.03,19.44,30.56,18.75,34.38,22.22,36.11
2026-07-02,19,12,2026-07-02 20:38:00,5,瞬報社杯,3,5102,原田 雄次,3,28,52,0,0,0.18,4.53,26.25,43.75,4.28,19.44,41.67,40,54.29,25.71,45.71
2026-07-02,19,12,2026-07-02 20:38:00,5,瞬報社杯,4,4674,池田 剛規,2,38,51.5,0,0,0.15,5.18,30.89,47.15,5.79,41.67,62.5,31.43,37.14,34.29,51.43
2026-07-02,19,12,2026-07-02 20:38:00,5,瞬報社杯,5,4033,伊藤 将吉,1,47,52.8,0,0,0.13,6.06,46.55,62.93,6.13,50,62.5,21.21,54.55,15.38,20.51
2026-07-02,19,12,2026-07-02 20:38:00,5,瞬報社杯,6,4562,阪本 勇介,3,38,54.3,0,0,0.18,4.89,22.94,43.12,4.2,26.67,26.67,30.3,51.52,48.48,63.64
2026-07-02,20,1,2026-07-02 17:41:00,5,MNBR若松3rdパイナップルナイターカップ,1,5398,鐘ヶ江 真司,3,24,53,0,0,0.18,3.89,17.48,30.1,2.98,4.76,23.81,43.33,65,14.29,42.86
2026-07-02,20,1,2026-07-02 17:41:00,5,MNBR若松3rdパイナップルナイターカップ,2,3546,中里 昌志,3,57,52,0,0,0.19,4.54,19.15,43.62,0,0,0,37.88,54.55,28.57,57.14
2026-07-02,20,1,2026-07-02 17:41:00,5,MNBR若松3rdパイナップルナイターカップ,3,5074,大澤 誠也,3,30,55.3,0,0,0.17,4.37,25.26,35.79,4.22,11.11,22.22,30.53,43.51,50,62.5
2026-07-02,20,1,2026-07-02 17:41:00,5,MNBR若松3rdパイナップルナイターカップ,4,3784,中島 友和,3,49,53.2,0,0,0.16,4.82,27.96,48.39,4.29,14.29,42.86,44.53,64.84,50,75
2026-07-02,20,1,2026-07-02 17:41:00,5,MNBR若松3rdパイナップルナイターカップ,5,4232,笠 雅雄,3,42,52,0,0,0.2,5.92,42.11,58.95,4.43,20,40,28.93,35.54,50,62.5
2026-07-02,20,1,2026-07-02 17:41:00,5,MNBR若松3rdパイナップルナイターカップ,6,5392,安武 一也,4,25,52,0,0,0.2,1.61,1.3,1.3,1.12,0,0,26.72,36.21,16.67,16.67
2026-07-02,20,2,2026-07-02 18:08:00,5,MNBR若松3rdパイナップルナイターカップ,1,3943,三松 直美,4,47,67.6,0,0,,2.21,3.45,17.24,1.33,0,0,33.59,50.38,16.67,50
2026-07-02,20,2,2026-07-02 18:08:00,5,MNBR若松3rdパイナップルナイターカップ,2,3660,長谷川 親王,3,56,56.8,0,0,0.21,3.07,7.04,18.31,2.93,6.67,20,32.09,46.27,66.67,83.33
2026-07-02,20,2,2026-07-02 18:08:00,5,MNBR若松3rdパイナップルナイターカップ,3,4564,山本 景士郎,3,38,52.4,0,0,0.2,4.64,23.42,44.14,4.49,24.39,39.02,34.62,56.92,0,0
2026-07-02,20,2,2026-07-02 18:08:00,5,MNBR若松3rdパイナップルナイターカップ,4,4220,深川 和仁,3,44,54.2,0,0,0.17,4.76,29.07,38.37,4.63,25,43.75,36.72,56.25,75,87.5
2026-07-02,20,2,2026-07-02 18:08:00,5,MNBR若松3rdパイナップルナイターカップ,5,4525,真子 奈津実,3,38,47.1,0,0,0.15,4.38,24.36,37.18,4.65,26.92,42.31,27.69,46.15,50,87.5
2026-07-02,20,2,2026-07-02 18:08:00,5,MNBR若松3rdパイナップルナイターカップ,6,4236,松村 敏,1,42,52.2,0,0,0.11,6.94,53.85,74.62,7.57,65.96,82.98,30.95,51.59,22.22,33.33
2026-07-02,20,3,2026-07-02 18:34:00,5,MNBR若松3rdパイナップルナイターカップ,1,5170,佐藤 太亮,3,25,52,0,0,0.19,4.88,28.26,48.91,4.5,25,41.67,31.2,52.8,33.33,44.44
2026-07-02,20,3,2026-07-02 18:34:00,5,MNBR若松3rdパイナップルナイターカップ,2,4769,馬場 剛,2,33,52,0,0,0.12,6.69,47.15,69.11,5.5,30,70,24.41,38.58,62.5,75
2026-07-02,20,3,2026-07-02 18:34:00,5,MNBR若松3rdパイナップルナイターカップ,3,4414,大澤 真菜,3,39,44.5,0,0,0.17,4.45,31.25,37.5,2,0,12.5,38.89,62.7,40,60
2026-07-02,20,3,2026-07-02 18:34:00,5,MNBR若松3rdパイナップルナイターカップ,4,3854,吉川 元浩,1,53,51.5,1,0,0.13,6.81,43.3,63.92,8.06,50,56.25,31.36,48.31,50,50
2026-07-02,20,3,2026-07-02 18:34:00,5,MNBR若松3rdパイナップルナイターカップ,5,4439,近藤 友宝,3,39,54.4,1,0,0.17,4.19,21.05,35.79,4,18.52,29.63,33.33,49.17,62.5,100
2026-07-02,20,3,2026-07-02 18:34:00,5,MNBR若松3rdパイナップルナイターカップ,6,5205,刑部 亜里紗,2,29,47.3,0,0,0.19,6,40.32,60.48,6.14,40.91,68.18,30.08,46.34,25,25
2026-07-02,20,4,2026-07-02 19:03:00,5,MNBR若松3rdパイナップルナイターカップ,1,5136,濱野 斗馬,2,26,52.1,0,0,0.16,6.43,45.83,64.17,0,0,0,23.66,42.75,55.56,55.56
2026-07-02,20,4,2026-07-02 19:03:00,5,MNBR若松3rdパイナップルナイターカップ,2,4879,山崎 鉄平,3,31,52,0,0,0.16,4.68,29.27,43.9,3.33,16.67,16.67,43.08,59.23,12.5,25
2026-07-02,20,4,2026-07-02 19:03:00,5,MNBR若松3rdパイナップルナイターカップ,3,4579,中嶋 健一郎,1,37,52,0,0,0.16,5.96,36.11,56.48,5.36,28.57,50,27.73,44.54,16.67,16.67
2026-07-02,20,4,2026-07-02 19:03:00,5,MNBR若松3rdパイナップルナイターカップ,4,4069,山本 修一,1,45,53.4,1,0,0.18,5.96,41.98,61.83,7.13,63.16,78.95,31.36,43.22,25,25
2026-07-02,20,4,2026-07-02 19:03:00,5,MNBR若松3rdパイナップルナイターカップ,5,4349,犬童 千秋,3,40,48.3,1,0,0.14,4.47,23.6,37.08,5.07,27.59,44.83,32.54,47.62,42.86,42.86
2026-07-02,20,4,2026-07-02 19:03:00,5,MNBR若松3rdパイナップルナイターカップ,6,5448,福田 柊人,4,23,51.5,0,0,,1.21,0,0,0,0,0,32.52,47.97,14.29,57.14
2026-07-02,20,5,2026-07-02 19:30:00,5,MNBR若松3rdパイナップルナイターカップ,1,4231,鈴木 裕隆,2,43,55,0,0,0.17,5.44,32.33,55.64,0,0,0,40.77,56.15,33.33,66.67
2026-07-02,20,5,2026-07-02 19:30:00,5,MNBR若松3rdパイナップルナイターカップ,2,4451,松崎 祐太郎,1,38,52.1,0,0,0.16,6.31,45.74,66.67,5.9,41.67,59.72,30.08,42.28,12.5,50
2026-07-02,20,5,2026-07-02 19:30:00,5,MNBR若松3rdパイナップルナイターカップ,3,4246,喜多 那由夏,3,44,47,0,0,0.18,4.49,21,42,4.87,26.67,53.33,33.05,49.15,16.67,16.67
2026-07-02,20,5,2026-07-02 19:30:00,5,MNBR若松3rdパイナップルナイターカップ,4,4791,黒澤 めぐみ,2,36,47,0,0,0.17,5.38,32.41,53.7,8,75,100,24.81,41.09,33.33,33.33
2026-07-02,20,5,2026-07-02 19:30:00,5,MNBR若松3rdパイナップルナイターカップ,5,5375,庄島 潤成,4,22,53.4,0,0,0.22,2.64,4.94,14.81,0,0,0,34.75,55.08,44.44,77.78
2026-07-02,20,5,2026-07-02 19:30:00,5,MNBR若松3rdパイナップルナイターカップ,6,5209,小野 京平,4,28,55.5,0,0,0.23,3.49,11.11,25.4,2,0,0,38.64,55.3,7.14,7.14
2026-07-02,20,6,2026-07-02 19:56:00,5,MNBR若松3rdパイナップルナイターカップ,1,4430,永田 秀二,2,40,55.7,0,0,0.17,5.94,40.8,59.2,6,33.33,58.33,37.8,52.76,16.67,33.33
2026-07-02,20,6,2026-07-02 19:56:00,5,MNBR若松3rdパイナップルナイターカップ,2,3212,亀本 勇樹,3,64,58.1,0,0,0.17,4.84,26.6,46.81,3.83,20.83,33.33,35.11,49.62,0,16.67
2026-07-02,20,6,2026-07-02 19:56:00,5,MNBR若松3rdパイナップルナイターカップ,3,4437,中田 元泰,1,40,53.3,0,0,0.16,5.98,45.9,61.48,7.78,65.63,87.5,34.75,50,44.44,77.78
2026-07-02,20,6,2026-07-02 19:56:00,5,MNBR若松3rdパイナップルナイターカップ,4,5350,網代 良芽,3,22,52,0,0,0.18,4.73,23.36,42.99,0,0,0,23.53,38.66,66.67,100
2026-07-02,20,6,2026-07-02 19:56:00,5,MNBR若松3rdパイナップルナイターカップ,5,5195,北村 寧々,3,24,47.2,1,0,0.14,5.5,38.64,53.41,3.95,19.05,38.1,32.06,54.96,12.5,25
2026-07-02,20,6,2026-07-02 19:56:00,5,MNBR若松3rdパイナップルナイターカップ,6,4239,竹田 辰也,1,42,53.1,0,0,0.14,6.3,51.96,63.73,6.88,54.17,66.67,43.09,56.91,0,0
2026-07-02,20,7,2026-07-02 20:25:00,5,MNBR若松3rdパイナップルナイターカップ,1,5135,仲 航太,2,26,52.2,0,0,0.16,4.13,22.86,32.86,5,35.71,42.86,30.33,46.72,14.29,28.57
2026-07-02,20,7,2026-07-02 20:25:00,5,MNBR若松3rdパイナップルナイターカップ,2,5109,川崎 智稔,3,26,52,0,0,0.14,5.17,31.97,49.18,5.77,41.03,53.85,33.88,50.41,44.44,66.67
2026-07-02,20,7,2026-07-02 20:25:00,5,MNBR若松3rdパイナップルナイターカップ,3,4226,村田 浩司,3,43,54.7,0,0,0.17,4.63,25.96,46.15,4.94,17.65,52.94,29.75,47.11,28.57,57.14
2026-07-02,20,7,2026-07-02 20:25:00,5,MNBR若松3rdパイナップルナイターカップ,4,5275,松田 淳平,2,24,52,1,0,0.15,6.61,53.38,67.67,2.33,0,0,28.69,45.9,42.86,85.71
2026-07-02,20,7,2026-07-02 20:25:00,5,MNBR若松3rdパイナップルナイターカップ,5,3282,池本 輝明,3,59,51.5,0,0,0.2,4.72,25.45,40.91,4.5,33.33,33.33,32.2,50,66.67,66.67
2026-07-02,20,7,2026-07-02 20:25:00,5,MNBR若松3rdパイナップルナイターカップ,6,5382,山下 心一,3,21,52.4,0,0,0.16,2.62,5.48,15.07,2.23,4.55,18.18,18.8,41.03,37.5,50
2026-07-02,20,8,2026-07-02 21:00:00,5,MNBR若松3rdパイナップルナイターカップ,1,4588,田中 京介,2,35,53.7,0,0,0.15,5.43,36.29,55.65,5.5,35.71,50,30.58,49.59,44.44,55.56
2026-07-02,20,8,2026-07-02 21:00:00,5,MNBR若松3rdパイナップルナイターカップ,2,4684,楠原 翔太,2,35,53.3,0,0,0.14,5.23,28.32,52.21,4.8,32,44,29.46,47.29,42.86,71.43
2026-07-02,20,8,2026-07-02 21:00:00,5,MNBR若松3rdパイナップルナイターカップ,3,4219,本岡 勝利,3,44,52.6,1,0,0.16,4.07,11.65,26.21,3.92,11.54,30.77,27.27,42.15,55.56,66.67
2026-07-02,20,8,2026-07-02 21:00:00,5,MNBR若松3rdパイナップルナイターカップ,4,3455,谷本 幸司,3,55,52,0,0,0.18,5.16,34.21,50,6.22,44.44,77.78,32.8,52,75,75
2026-07-02,20,8,2026-07-02 21:00:00,5,MNBR若松3rdパイナップルナイターカップ,5,5392,安武 一也,4,25,52,0,0,0.2,1.61,1.3,1.3,1.12,0,0,26.72,36.21,16.67,16.67
2026-07-02,20,8,2026-07-02 21:00:00,5,MNBR若松3rdパイナップルナイターカップ,6,5169,堀本 翔太,3,25,48.5,0,0,0.19,3.83,13.89,33.33,5,33.33,50,27.42,41.94,14.29,35.71
2026-07-02,20,9,2026-07-02 21:28:00,5,MNBR若松3rdパイナップルナイターカップ,1,5205,刑部 亜里紗,2,29,47.3,0,0,0.19,6,40.32,60.48,6.14,40.91,68.18,30.08,46.34,25,25
2026-07-02,20,9,2026-07-02 21:28:00,5,MNBR若松3rdパイナップルナイターカップ,2,3854,吉川 元浩,1,53,51.5,1,0,0.13,6.81,43.3,63.92,8.06,50,56.25,31.36,48.31,50,50
2026-07-02,20,9,2026-07-02 21:28:00,5,MNBR若松3rdパイナップルナイターカップ,3,4220,深川 和仁,3,44,54.2,0,0,0.17,4.76,29.07,38.37,4.63,25,43.75,36.72,56.25,75,87.5
2026-07-02,20,9,2026-07-02 21:28:00,5,MNBR若松3rdパイナップルナイターカップ,4,4579,中嶋 健一郎,1,37,52,0,0,0.16,5.96,36.11,56.48,5.36,28.57,50,27.73,44.54,16.67,16.67
2026-07-02,20,9,2026-07-02 21:28:00,5,MNBR若松3rdパイナップルナイターカップ,5,4231,鈴木 裕隆,2,43,55,0,0,0.17,5.44,32.33,55.64,0,0,0,40.77,56.15,33.33,66.67
2026-07-02,20,9,2026-07-02 21:28:00,5,MNBR若松3rdパイナップルナイターカップ,6,5136,濱野 斗馬,2,26,52.1,0,0,0.16,6.43,45.83,64.17,0,0,0,23.66,42.75,55.56,55.56
2026-07-02,20,10,2026-07-02 21:57:00,5,MNBR若松3rdパイナップルナイターカップ,1,4236,松村 敏,1,42,52.2,0,0,0.11,6.94,53.85,74.62,7.57,65.96,82.98,30.95,51.59,22.22,33.33
2026-07-02,20,10,2026-07-02 21:57:00,5,MNBR若松3rdパイナップルナイターカップ,2,4349,犬童 千秋,3,40,48.3,1,0,0.14,4.47,23.6,37.08,5.07,27.59,44.83,32.54,47.62,42.86,42.86
2026-07-02,20,10,2026-07-02 21:57:00,5,MNBR若松3rdパイナップルナイターカップ,3,4069,山本 修一,1,45,53.4,1,0,0.18,5.96,41.98,61.83,7.13,63.16,78.95,31.36,43.22,25,25
2026-07-02,20,10,2026-07-02 21:57:00,5,MNBR若松3rdパイナップルナイターカップ,4,4451,松崎 祐太郎,1,38,52.1,0,0,0.16,6.31,45.74,66.67,5.9,41.67,59.72,30.08,42.28,12.5,50
2026-07-02,20,10,2026-07-02 21:57:00,5,MNBR若松3rdパイナップルナイターカップ,5,4791,黒澤 めぐみ,2,36,47,0,0,0.17,5.38,32.41,53.7,8,75,100,24.81,41.09,33.33,33.33
2026-07-02,20,10,2026-07-02 21:57:00,5,MNBR若松3rdパイナップルナイターカップ,6,4437,中田 元泰,1,40,53.3,0,0,0.16,5.98,45.9,61.48,7.78,65.63,87.5,34.75,50,44.44,77.78
2026-07-02,20,11,2026-07-02 22:27:00,5,MNBR若松3rdパイナップルナイターカップ,1,4239,竹田 辰也,1,42,52.7,0,0,0.14,6.3,51.96,63.73,6.88,54.17,66.67,43.09,56.91,0,0
2026-07-02,20,11,2026-07-02 22:27:00,5,MNBR若松3rdパイナップルナイターカップ,2,5275,松田 淳平,2,24,52,1,0,0.15,6.61,53.38,67.67,2.33,0,0,28.69,45.9,42.86,85.71
2026-07-02,20,11,2026-07-02 22:27:00,5,MNBR若松3rdパイナップルナイターカップ,3,5170,佐藤 太亮,3,25,51.5,0,0,0.19,4.88,28.26,48.91,4.5,25,41.67,31.2,52.8,33.33,44.44
2026-07-02,20,11,2026-07-02 22:27:00,5,MNBR若松3rdパイナップルナイターカップ,4,4430,永田 秀二,2,40,55.7,0,0,0.17,5.94,40.8,59.2,6,33.33,58.33,37.8,52.76,16.67,33.33
2026-07-02,20,11,2026-07-02 22:27:00,5,MNBR若松3rdパイナップルナイターカップ,5,4769,馬場 剛,2,33,52,0,0,0.12,6.69,47.15,69.11,5.5,30,70,24.41,38.58,62.5,75
2026-07-02,20,11,2026-07-02 22:27:00,5,MNBR若松3rdパイナップルナイターカップ,6,5135,仲 航太,2,26,52.4,0,0,0.16,4.13,22.86,32.86,5,35.71,42.86,30.33,46.72,14.29,28.57
2026-07-02,20,12,2026-07-02 22:54:00,5,MNBR若松3rdパイナップルナイターカップ,1,4684,楠原 翔太,2,35,53.3,0,0,0.14,5.23,28.32,52.21,4.8,32,44,29.46,47.29,42.86,71.43
2026-07-02,20,12,2026-07-02 22:54:00,5,MNBR若松3rdパイナップルナイターカップ,2,3455,谷本 幸司,3,55,52,0,0,0.18,5.16,34.21,50,6.22,44.44,77.78,32.8,52,75,75
2026-07-02,20,12,2026-07-02 22:54:00,5,MNBR若松3rdパイナップルナイターカップ,3,4232,笠 雅雄,3,42,52,0,0,0.2,5.92,42.11,58.95,4.43,20,40,28.93,35.54,50,62.5
2026-07-02,20,12,2026-07-02 22:54:00,5,MNBR若松3rdパイナップルナイターカップ,4,4564,山本 景士郎,3,38,52.4,0,0,0.2,4.64,23.42,44.14,4.49,24.39,39.02,34.62,56.92,0,0
2026-07-02,20,12,2026-07-02 22:54:00,5,MNBR若松3rdパイナップルナイターカップ,5,5074,大澤 誠也,3,30,55.3,0,0,0.17,4.37,25.26,35.79,4.22,11.11,22.22,30.53,43.51,50,62.5
2026-07-02,20,12,2026-07-02 22:54:00,5,MNBR若松3rdパイナップルナイターカップ,6,5350,網代 良芽,3,22,52,0,0,0.18,4.73,23.36,42.99,0,0,0,23.53,38.66,66.67,100
2026-07-02,21,1,2026-07-02 08:32:00,5,DMMボートちゃんねる杯,1,4287,今井 貴士,2,41,55.9,0,0,0.17,6.36,42.86,66.67,6.16,41.86,58.14,24.53,41.51,19.61,33.33
2026-07-02,21,1,2026-07-02 08:32:00,5,DMMボートちゃんねる杯,2,4129,宇野 博之,3,46,55.7,0,0,0.18,3.87,15.71,32.86,3.67,16.67,16.67,44.23,61.54,31.11,48.89
2026-07-02,21,1,2026-07-02 08:32:00,5,DMMボートちゃんねる杯,3,3981,今坂 晃広,3,48,53.5,0,0,0.18,3.93,18,29,3.71,11.76,17.65,30.36,48.21,30.61,51.02
2026-07-02,21,1,2026-07-02 08:32:00,5,DMMボートちゃんねる杯,4,5385,鈴木 柊介,3,21,56,0,0,0.14,2.56,6.25,15.63,0,0,0,25,46.15,44.64,64.29
2026-07-02,21,1,2026-07-02 08:32:00,5,DMMボートちゃんねる杯,5,3211,北川 敏弘,3,64,54.1,0,0,0.18,4.18,16.39,31.15,4.36,21.43,35.71,17.39,28.26,43.75,60.42
2026-07-02,21,1,2026-07-02 08:32:00,5,DMMボートちゃんねる杯,6,4094,中島 真二,3,45,52.6,0,0,0.18,5.19,36.36,49.35,4.52,17.91,44.78,24.07,35.19,16.95,33.9
2026-07-02,21,2,2026-07-02 08:58:00,5,DMMボートちゃんねる杯,1,4144,石塚 久也,2,44,52,0,0,0.18,6.47,44.44,68.69,6.8,60,65,23.33,41.67,22.92,39.58
2026-07-02,21,2,2026-07-02 08:58:00,5,DMMボートちゃんねる杯,2,4705,吉川 勇作,3,37,53.9,0,0,0.15,3.36,18.39,24.14,4.39,22.22,38.89,40,65.45,55.32,76.6
2026-07-02,21,2,2026-07-02 08:58:00,5,DMMボートちゃんねる杯,3,4031,飯島 誠,3,47,52.7,0,0,0.17,4.85,30.38,45.57,4.58,31.58,42.11,22.64,37.74,34.48,50
2026-07-02,21,2,2026-07-02 08:58:00,5,DMMボートちゃんねる杯,4,4504,前田 将太,1,38,54.2,0,0,0.15,6.51,45.45,60.23,6.78,45.1,58.82,32.14,64.29,29.79,51.06
2026-07-02,21,2,2026-07-02 08:58:00,5,DMMボートちゃんねる杯,5,5426,甲斐 貴大,4,24,52.8,0,0,0.2,1.81,1.49,7.46,1.07,0,0,31.48,57.41,23.91,30.43
2026-07-02,21,2,2026-07-02 08:58:00,5,DMMボートちゃんねる杯,6,4006,小野 勇作,3,48,50.5,0,0,0.17,4.92,28.89,46.67,4.21,27.66,31.91,39.62,49.06,29.63,53.7
2026-07-02,21,3,2026-07-02 09:24:00,5,DMMボートちゃんねる杯,1,4427,秦 英悟,1,40,52,0,0,0.14,6.59,46.3,58.33,7.5,50,87.5,45.61,52.63,35.09,57.89
2026-07-02,21,3,2026-07-02 09:24:00,5,DMMボートちゃんねる杯,2,3054,北川 幸典,3,63,52.7,0,0,0.19,5.63,34.15,59.76,4.76,23.53,47.06,32.65,53.06,40,58.18
2026-07-02,21,3,2026-07-02 09:24:00,5,DMMボートちゃんねる杯,3,4171,榎 幸司,2,43,51.5,0,0,0.19,6.07,41.67,59.26,5.16,26.32,52.63,44.64,69.64,32.61,45.65
2026-07-02,21,3,2026-07-02 09:24:00,5,DMMボートちゃんねる杯,4,4196,田中 太一郎,3,44,52.6,0,0,0.17,3.64,18.39,26.44,3.33,16.67,27.78,55.36,73.21,32.08,45.28
2026-07-02,21,3,2026-07-02 09:24:00,5,DMMボートちゃんねる杯,5,5106,山崎 祥,2,27,52,0,0,0.19,5.71,37.33,57.33,4.31,25,43.75,32.61,45.65,40.74,59.26
2026-07-02,21,3,2026-07-02 09:24:00,5,DMMボートちゃんねる杯,6,5420,吉原 快誓,4,20,52,0,0,0.17,1.92,0,7.84,1.38,0,0,18.87,24.53,38.3,48.94
2026-07-02,21,4,2026-07-02 09:50:00,5,DMMボートちゃんねる杯,1,4514,上條 嘉嗣,1,36,52.6,0,0,0.19,6.85,57.5,72.5,7.48,66.67,80.95,29.09,45.45,24.53,41.51
2026-07-02,21,4,2026-07-02 09:50:00,5,DMMボートちゃんねる杯,2,3471,赤峰 和也,3,56,53.8,0,0,0.17,4.03,21.79,33.33,4.18,27.27,36.36,31.48,40.74,26.92,48.08
2026-07-02,21,4,2026-07-02 09:50:00,5,DMMボートちゃんねる杯,3,4104,木下 陽介,3,46,58.4,0,0,0.15,3.4,13.85,26.15,4.54,20.83,41.67,28.85,42.31,19.67,31.15
2026-07-02,21,4,2026-07-02 09:50:00,5,DMMボートちゃんねる杯,4,4004,山本 浩輔,3,48,52.6,0,0,0.18,4.96,29.33,45.33,4.04,13.04,39.13,27.78,38.89,40.35,49.12
2026-07-02,21,4,2026-07-02 09:50:00,5,DMMボートちゃんねる杯,5,5257,西丸 侑太朗,1,22,52.1,0,0,0.16,6.35,44.93,60.14,4.77,26.92,46.15,34.48,48.28,36.21,53.45
2026-07-02,21,4,2026-07-02 09:50:00,5,DMMボートちゃんねる杯,6,5429,吉川 颯汰,4,23,54.1,0,0,0.22,1.07,0,0,1.21,0,0,46.3,57.41,37.93,53.45
2026-07-02,21,5,2026-07-02 10:18:00,5,DMMボートちゃんねる杯,1,4472,尾嶋 一広,1,39,55.5,0,0,0.16,6.26,40.38,58.65,6.45,48.28,68.97,35.85,52.83,22.64,43.4
2026-07-02,21,5,2026-07-02 10:18:00,5,DMMボートちゃんねる杯,2,5292,佐藤 右京,3,24,55.4,0,0,0.23,4.02,16.05,37.04,2.67,11.11,22.22,43.4,62.26,34.78,54.35
2026-07-02,21,5,2026-07-02 10:18:00,5,DMMボートちゃんねる杯,3,3265,今村 暢孝,2,61,52,1,0,0.15,6.15,45.33,62.67,6.46,51.47,66.18,34.55,56.36,32,42
2026-07-02,21,5,2026-07-02 10:18:00,5,DMMボートちゃんねる杯,4,5348,小林 甘寧,3,22,52.7,0,0,0.16,4.76,30.56,45.83,1.9,0,10,30.77,51.92,44.64,69.64
2026-07-02,21,5,2026-07-02 10:18:00,5,DMMボートちゃんねる杯,5,5404,内田 壮,3,22,53.5,0,0,0.2,1.78,2,8,1.61,0,5.56,48.15,66.67,32.08,50.94
2026-07-02,21,5,2026-07-02 10:18:00,5,DMMボートちゃんねる杯,6,4066,東本 勝利,2,46,53.5,0,0,0.18,6.21,41.24,65.98,7,44.44,88.89,42.86,58.93,11.32,26.42
2026-07-02,21,6,2026-07-02 10:48:00,5,DMMボートちゃんねる杯,1,3478,嶋田 貴支,3,55,52.7,0,0,0.17,5.16,27.63,50,3.93,16.67,36.67,12.5,27.08,50.94,64.15
2026-07-02,21,6,2026-07-02 10:48:00,5,DMMボートちゃんねる杯,2,3963,原田 秀弥,2,47,54.2,0,0,0.17,5.75,36.84,60,0,0,0,39.58,47.92,41.67,64.58
2026-07-02,21,6,2026-07-02 10:48:00,5,DMMボートちゃんねる杯,3,4181,花本 夏樹,3,42,53.2,0,0,0.21,3.66,12.64,29.89,4.88,25,56.25,26.09,43.48,26.67,55.56
2026-07-02,21,6,2026-07-02 10:48:00,5,DMMボートちゃんねる杯,4,4368,山口 隆史,3,40,54.1,0,0,0.2,3.91,19.12,27.94,3.94,18.87,30.19,54.39,71.93,33.33,50
2026-07-02,21,6,2026-07-02 10:48:00,5,DMMボートちゃんねる杯,5,5385,鈴木 柊介,3,21,56,0,0,0.14,2.56,6.25,15.63,0,0,0,25,46.15,44.64,64.29
2026-07-02,21,6,2026-07-02 10:48:00,5,DMMボートちゃんねる杯,6,4278,藤岡 俊介,1,42,52.3,0,0,0.13,6.91,55.26,67.54,5.32,36.84,47.37,39.22,54.9,42.31,46.15
2026-07-02,21,7,2026-07-02 11:18:00,5,DMMボートちゃんねる杯,1,3752,宇土 泰就,3,55,57.8,0,0,0.17,4.39,19.51,37.8,3.4,8,24,40.38,63.46,32.69,44.23
2026-07-02,21,7,2026-07-02 11:18:00,5,DMMボートちゃんねる杯,2,3211,北川 敏弘,3,64,54.1,0,0,0.18,4.18,16.39,31.15,4.36,21.43,35.71,17.39,28.26,43.75,60.42
2026-07-02,21,7,2026-07-02 11:18:00,5,DMMボートちゃんねる杯,3,3630,黒田 誠司,3,56,54.1,0,0,0.17,4.04,18.18,30.91,3.18,0,29.41,28.57,44.9,27.42,46.77
2026-07-02,21,7,2026-07-02 11:18:00,5,DMMボートちゃんねる杯,4,4976,金山 立樹,3,32,52.1,0,0,0.2,4.87,25.64,51.28,4.33,21.21,39.39,42.31,53.85,31.91,46.81
2026-07-02,21,7,2026-07-02 11:18:00,5,DMMボートちゃんねる杯,5,4919,吉田 翔悟,3,35,52.6,1,0,0.18,3.73,12.24,34.69,4.61,28.57,42.86,42,60,29.55,40.91
2026-07-02,21,7,2026-07-02 11:18:00,5,DMMボートちゃんねる杯,6,5426,甲斐 貴大,4,24,52.8,0,0,0.2,1.81,1.49,7.46,1.07,0,0,31.48,57.41,23.91,30.43
2026-07-02,21,8,2026-07-02 11:49:00,5,DMMボートちゃんねる杯,1,4031,飯島 誠,3,47,52.7,0,0,0.17,4.85,30.38,45.57,4.58,31.58,42.11,22.64,37.74,34.48,50
2026-07-02,21,8,2026-07-02 11:49:00,5,DMMボートちゃんねる杯,2,4958,溝口 海義也,1,31,54.7,0,0,0.13,6.23,39.13,63.48,6.12,34.62,73.08,42.86,58.93,29.31,53.45
2026-07-02,21,8,2026-07-02 11:49:00,5,DMMボートちゃんねる杯,3,4196,田中 太一郎,3,44,52.6,0,0,0.17,3.64,18.39,26.44,3.33,16.67,27.78,55.36,73.21,32.08,45.28
2026-07-02,21,8,2026-07-02 11:49:00,5,DMMボートちゃんねる杯,4,4094,中島 真二,3,45,52.6,0,0,0.18,5.19,36.36,49.35,4.52,17.91,44.78,24.07,35.19,16.95,33.9
2026-07-02,21,8,2026-07-02 11:49:00,5,DMMボートちゃんねる杯,5,4104,木下 陽介,3,46,58.4,0,0,0.15,3.4,13.85,26.15,4.54,20.83,41.67,28.85,42.31,19.67,31.15
2026-07-02,21,8,2026-07-02 11:49:00,5,DMMボートちゃんねる杯,6,5210,藤井 公人,2,27,54.3,0,0,0.15,5.38,40.91,52.27,5.66,40.63,65.63,25,30.77,26.92,44.23
2026-07-02,21,9,2026-07-02 12:22:00,5,DMMボートちゃんねる杯,1,4614,石倉 洋行,1,46,52.5,1,0,0.13,6.97,54.35,73.91,6.92,54.17,75,31.58,54.39,32.08,52.83
2026-07-02,21,9,2026-07-02 12:22:00,5,DMMボートちゃんねる杯,2,3867,松浦 勝,3,51,57.3,0,0,0.18,3.2,14.08,21.13,0,0,0,21.43,35.71,43.94,60.61
2026-07-02,21,9,2026-07-02 12:22:00,5,DMMボートちゃんねる杯,3,3054,北川 幸典,3,63,52.7,0,0,0.19,5.63,34.15,59.76,4.76,23.53,47.06,32.65,53.06,40,58.18
2026-07-02,21,9,2026-07-02 12:22:00,5,DMMボートちゃんねる杯,4,4144,石塚 久也,2,44,52,0,0,0.18,6.47,44.44,68.69,6.8,60,65,23.33,41.67,22.92,39.58
2026-07-02,21,9,2026-07-02 12:22:00,5,DMMボートちゃんねる杯,5,3471,赤峰 和也,3,56,53.8,0,0,0.17,4.03,21.79,33.33,4.18,27.27,36.36,31.48,40.74,26.92,48.08
2026-07-02,21,9,2026-07-02 12:22:00,5,DMMボートちゃんねる杯,6,3385,渡邉 睦広,2,57,50.5,0,0,0.16,5.61,40,58,7.11,50,77.78,35.71,55.36,36.36,49.09
2026-07-02,21,10,2026-07-02 12:56:00,5,DMMボートちゃんねる杯,1,3265,今村 暢孝,2,61,52,1,0,0.15,6.15,45.33,62.67,6.46,51.47,66.18,34.55,56.36,32,42
2026-07-02,21,10,2026-07-02 12:56:00,5,DMMボートちゃんねる杯,2,4006,小野 勇作,3,48,50.5,0,0,0.17,4.92,28.89,46.67,4.21,27.66,31.91,39.62,49.06,29.63,53.7
2026-07-02,21,10,2026-07-02 12:56:00,5,DMMボートちゃんねる杯,3,4004,山本 浩輔,3,48,52.6,0,0,0.18,4.96,29.33,45.33,4.04,13.04,39.13,27.78,38.89,40.35,49.12
2026-07-02,21,10,2026-07-02 12:56:00,5,DMMボートちゃんねる杯,4,5106,山崎 祥,2,27,52,0,0,0.19,5.71,37.33,57.33,4.31,25,43.75,32.61,45.65,40.74,59.26
2026-07-02,21,10,2026-07-02 12:56:00,5,DMMボートちゃんねる杯,5,3981,今坂 晃広,3,48,53.5,0,0,0.18,3.93,18,29,3.71,11.76,17.65,30.36,48.21,30.61,51.02
2026-07-02,21,10,2026-07-02 12:56:00,5,DMMボートちゃんねる杯,6,3963,原田 秀弥,2,47,54.2,0,0,0.17,5.75,36.84,60,0,0,0,39.58,47.92,41.67,64.58
2026-07-02,21,11,2026-07-02 13:28:00,5,DMMボートちゃんねる杯,1,5257,西丸 侑太朗,1,22,52.6,0,0,0.16,6.35,44.93,60.14,4.77,26.92,46.15,34.48,48.28,36.21,53.45
2026-07-02,21,11,2026-07-02 13:28:00,5,DMMボートちゃんねる杯,2,4066,東本 勝利,2,46,53.3,0,0,0.18,6.21,41.24,65.98,7,44.44,88.89,42.86,58.93,11.32,26.42
2026-07-02,21,11,2026-07-02 13:28:00,5,DMMボートちゃんねる杯,3,4976,金山 立樹,3,32,52.7,0,0,0.2,4.87,25.64,51.28,4.33,21.21,39.39,42.31,53.85,31.91,46.81
2026-07-02,21,11,2026-07-02 13:28:00,5,DMMボートちゃんねる杯,4,4287,今井 貴士,2,41,56.1,0,0,0.17,6.36,42.86,66.67,6.16,41.86,58.14,24.53,41.51,19.61,33.33
2026-07-02,21,11,2026-07-02 13:28:00,5,DMMボートちゃんねる杯,5,3478,嶋田 貴支,3,55,52,0,0,0.17,5.16,27.63,50,3.93,16.67,36.67,12.5,27.08,50.94,64.15
2026-07-02,21,11,2026-07-02 13:28:00,5,DMMボートちゃんねる杯,6,4171,榎 幸司,2,43,52,0,0,0.19,6.07,41.67,59.26,5.16,26.32,52.63,44.64,69.64,32.61,45.65
2026-07-02,21,12,2026-07-02 14:02:00,5,DMMボートちゃんねる杯,1,4504,前田 将太,1,38,54.2,0,0,0.15,6.51,45.45,60.23,6.78,45.1,58.82,32.14,64.29,29.79,51.06
2026-07-02,21,12,2026-07-02 14:02:00,5,DMMボートちゃんねる杯,2,4278,藤岡 俊介,1,42,52.3,0,0,0.13,6.91,55.26,67.54,5.32,36.84,47.37,39.22,54.9,42.31,46.15
2026-07-02,21,12,2026-07-02 14:02:00,5,DMMボートちゃんねる杯,3,4427,秦 英悟,1,40,52,0,0,0.14,6.59,46.3,58.33,7.5,50,87.5,45.61,52.63,35.09,57.89
2026-07-02,21,12,2026-07-02 14:02:00,5,DMMボートちゃんねる杯,4,4472,尾嶋 一広,1,39,55.5,0,0,0.16,6.26,40.38,58.65,6.45,48.28,68.97,35.85,52.83,22.64,43.4
2026-07-02,21,12,2026-07-02 14:02:00,5,DMMボートちゃんねる杯,5,4514,上條 嘉嗣,1,36,52.6,0,0,0.19,6.85,57.5,72.5,7.48,66.67,80.95,29.09,45.45,24.53,41.51
2026-07-02,21,12,2026-07-02 14:02:00,5,DMMボートちゃんねる杯,6,4958,溝口 海義也,1,31,54.7,0,0,0.13,6.23,39.13,63.48,6.12,34.62,73.08,42.86,58.93,29.31,53.45
2026-07-02,22,1,2026-07-02 12:20:00,5,auじぶん銀行賞,1,5017,澤田 尚也,1,27,52,0,0,0.13,6.52,47.12,57.69,0,0,0,33.33,51.28,32.26,54.84
2026-07-02,22,1,2026-07-02 12:20:00,5,auじぶん銀行賞,2,4666,日笠 勝弘,3,42,52,0,0,0.16,4.02,21.54,33.85,5.55,34.48,51.72,29.41,57.35,28.13,45.31
2026-07-02,22,1,2026-07-02 12:20:00,5,auじぶん銀行賞,3,3544,豊田 訓靖,3,57,52.2,0,0,0.2,3.66,15,30,0,0,0,28.38,43.24,43.33,63.33
2026-07-02,22,1,2026-07-02 12:20:00,5,auじぶん銀行賞,4,5379,廣部 大明,3,22,52,0,0,0.2,3.32,8.33,23.33,0,0,0,40,64,28.33,45
2026-07-02,22,1,2026-07-02 12:20:00,5,auじぶん銀行賞,5,5033,藤原 孝斗,3,28,52.5,0,0,0.18,4.17,25.76,33.33,3.24,13.16,15.79,22.67,38.67,29.03,53.23
2026-07-02,22,1,2026-07-02 12:20:00,5,auじぶん銀行賞,6,5453,久保 翔耶,4,20,52,0,0,,1.85,3.85,7.69,0,0,0,34.48,55.17,30.3,51.52
2026-07-02,22,2,2026-07-02 12:47:00,5,auじぶん銀行賞,1,4495,森 晋太郎,4,39,52.7,0,0,0.14,5.41,32.43,54.05,4.49,25.53,36.17,35.09,49.12,30.3,50
2026-07-02,22,2,2026-07-02 12:47:00,5,auじぶん銀行賞,2,3411,池上 隆行,3,56,51.5,0,0,0.16,3.66,10.81,28.38,0,0,0,44.83,55.17,14.06,34.38
2026-07-02,22,2,2026-07-02 12:47:00,5,auじぶん銀行賞,3,4711,前出 達吉,2,36,51.5,0,0,0.16,6.23,43.37,69.88,5.57,36.67,53.33,30,42.5,17.74,24.19
2026-07-02,22,2,2026-07-02 12:47:00,5,auじぶん銀行賞,4,5383,中村 楓,3,21,52.3,0,0,0.17,2.18,0,3.57,0,0,0,22.41,39.66,50,62.5
2026-07-02,22,2,2026-07-02 12:47:00,5,auじぶん銀行賞,5,5359,佐藤 世那,3,20,53.9,1,0,0.17,4.49,27.69,41.54,0,0,0,37.7,52.46,26.15,47.69
2026-07-02,22,2,2026-07-02 12:47:00,5,auじぶん銀行賞,6,3811,石田 章央,1,50,52.8,0,0,0.16,6.51,52.21,65.49,6.25,50,65,25.71,37.14,30.77,50.77
2026-07-02,22,3,2026-07-02 13:17:00,5,auじぶん銀行賞,1,4669,井上 茂,3,41,52.6,0,0,0.16,4.81,25.93,48.15,4.07,17.86,35.71,37.5,56.25,21.88,35.94
2026-07-02,22,3,2026-07-02 13:17:00,5,auじぶん銀行賞,2,3306,武田 正紀,3,58,54.4,0,0,0.16,3.89,17.11,35.53,5.34,27.59,58.62,31.25,51.25,36.51,58.73
2026-07-02,22,3,2026-07-02 13:17:00,5,auじぶん銀行賞,3,4335,若林 将,1,42,52.9,0,0,0.12,7.12,53.93,75.28,4.82,18.18,45.45,37.93,52.87,44.26,62.3
2026-07-02,22,3,2026-07-02 13:17:00,5,auじぶん銀行賞,4,4200,早川 尚人,3,43,53.3,0,0,0.19,4.1,19.23,34.62,4.97,28.57,45.71,24.71,42.35,34.38,54.69
2026-07-02,22,3,2026-07-02 13:17:00,5,auじぶん銀行賞,5,5338,香月 大輝,3,25,52,0,0,0.16,4.39,23.61,43.06,2.45,4.48,13.43,36.05,51.16,40,65
2026-07-02,22,3,2026-07-02 13:17:00,5,auじぶん銀行賞,6,5432,安藤 瑠希,3,21,51.5,0,0,0.17,2.85,6.45,19.35,0,0,0,37.97,51.9,41.18,58.82
2026-07-02,22,4,2026-07-02 13:47:00,5,auじぶん銀行賞,1,3663,木山 和幸,3,56,51,0,0,0.18,5.5,36.19,54.29,5,30,47.5,38.89,54.17,30.77,52.31
2026-07-02,22,4,2026-07-02 13:47:00,5,auじぶん銀行賞,2,3502,渡邉 英児,2,56,52.3,0,0,0.16,5.99,42.86,68.83,3.95,25,35,45.71,67.14,41.94,48.39
2026-07-02,22,4,2026-07-02 13:47:00,5,auじぶん銀行賞,3,3978,齊藤 仁,2,49,50.5,1,0,0.16,5.88,34.62,55.77,6.4,44,74,40,64.29,27.27,46.97
2026-07-02,22,4,2026-07-02 13:47:00,5,auじぶん銀行賞,4,5023,久永 祥平,2,31,51.5,0,0,0.16,5.83,33.33,62.32,4.59,24.14,37.93,38.24,51.47,46.15,66.15
2026-07-02,22,4,2026-07-02 13:47:00,5,auじぶん銀行賞,5,5405,竹内 来,3,22,52,0,0,0.19,2.19,1.85,11.11,0,0,0,50,73.33,28.99,39.13
2026-07-02,22,4,2026-07-02 13:47:00,5,auじぶん銀行賞,6,5458,田中 大輝,4,19,52.3,0,0,,1.35,0,0,1.67,0,0,56.76,72.97,24.19,41.94
2026-07-02,22,5,2026-07-02 14:21:00,5,auじぶん銀行賞,1,3911,鈴木 猛,3,52,53.1,0,0,0.17,5.38,33.65,48.08,4.17,19.44,36.11,26.87,43.28,39.68,55.56
2026-07-02,22,5,2026-07-02 14:21:00,5,auじぶん銀行賞,2,4930,佐藤 悠,2,30,52,0,0,0.16,5.97,40.91,56.82,6,55.56,55.56,38.89,51.39,37.7,49.18
2026-07-02,22,5,2026-07-02 14:21:00,5,auじぶん銀行賞,3,5352,西岡 蒼志,3,21,53.3,0,0,0.16,4.98,30.68,42.05,3.81,19.23,23.08,43.28,59.7,44.26,60.66
2026-07-02,22,5,2026-07-02 14:21:00,5,auじぶん銀行賞,4,3544,豊田 訓靖,3,57,52.2,0,0,0.2,3.66,15,30,0,0,0,28.38,43.24,43.33,63.33
2026-07-02,22,5,2026-07-02 14:21:00,5,auじぶん銀行賞,5,5434,藤田 康生,3,21,51.5,0,0,0.16,2.92,10,20,0,0,0,41.79,61.19,40.35,57.89
2026-07-02,22,5,2026-07-02 14:21:00,5,auじぶん銀行賞,6,3556,田中 信一郎,1,53,53.5,0,0,0.14,6.68,48,67,5.95,36.36,72.73,47.22,72.22,37.1,51.61
2026-07-02,22,6,2026-07-02 14:51:00,5,auじぶん銀行賞,1,4303,牧原 崇,3,43,52,0,0,0.18,4.85,23.88,50.75,4.38,25,37.5,40.58,60.87,18.33,30
2026-07-02,22,6,2026-07-02 14:51:00,5,auじぶん銀行賞,2,5359,佐藤 世那,3,20,53.9,1,0,0.17,4.49,27.69,41.54,0,0,0,37.7,52.46,26.15,47.69
2026-07-02,22,6,2026-07-02 14:51:00,5,auじぶん銀行賞,3,4470,平田 健之佑,2,39,51.5,0,0,0.15,6.57,48.05,71.43,0,0,0,28.89,44.44,11.67,23.33
2026-07-02,22,6,2026-07-02 14:51:00,5,auじぶん銀行賞,4,5177,松井 貫太,3,30,51.5,0,0,0.2,4.31,17.27,40,3.74,18.42,28.95,32.31,50.77,34.38,54.69
2026-07-02,22,6,2026-07-02 14:51:00,5,auじぶん銀行賞,5,5453,久保 翔耶,4,20,52,0,0,,1.85,3.85,7.69,0,0,0,34.48,55.17,30.3,51.52
2026-07-02,22,6,2026-07-02 14:51:00,5,auじぶん銀行賞,6,4191,赤羽 克也,1,44,52,0,0,0.16,6.06,45.98,60.92,5.67,33.33,60,59.42,81.16,48.39,66.13
2026-07-02,22,7,2026-07-02 15:21:00,5,auじぶん銀行賞,1,4574,東 潤樹,2,37,52.9,0,0,0.17,4.98,24.1,51.81,4.42,18.42,36.84,27.4,43.84,33.33,53.33
2026-07-02,22,7,2026-07-02 15:21:00,5,auじぶん銀行賞,2,4200,早川 尚人,3,43,53.3,0,0,0.19,4.1,19.23,34.62,4.97,28.57,45.71,24.71,42.35,34.38,54.69
2026-07-02,22,7,2026-07-02 15:21:00,5,auじぶん銀行賞,3,5033,藤原 孝斗,3,28,52.5,0,0,0.18,4.17,25.76,33.33,3.24,13.16,15.79,22.67,38.67,29.03,53.23
2026-07-02,22,7,2026-07-02 15:21:00,5,auじぶん銀行賞,4,5407,中岡 駿,3,21,52,0,0,0.19,2.22,3.85,10.26,1.33,0,0,24.64,46.38,35,55
2026-07-02,22,7,2026-07-02 15:21:00,5,auじぶん銀行賞,5,5383,中村 楓,3,21,52.3,0,0,0.17,2.18,0,3.57,0,0,0,22.41,39.66,50,62.5
2026-07-02,22,7,2026-07-02 15:21:00,5,auじぶん銀行賞,6,4074,柳沢 一,1,45,52,0,0,0.13,6.46,50,64.29,5.84,47.37,52.63,47.37,63.16,32.26,48.39
2026-07-02,22,8,2026-07-02 15:56:00,5,auじぶん銀行賞,1,4133,高橋 正男,2,46,52.3,0,0,0.17,6.34,53.66,63.41,5.42,21.05,52.63,41.56,54.55,40.98,60.66
2026-07-02,22,8,2026-07-02 15:56:00,5,auじぶん銀行賞,2,5282,中本 大樹,3,23,53.8,0,0,0.17,5.49,36.84,56.84,0,0,0,37.84,50,32.31,43.08
2026-07-02,22,8,2026-07-02 15:56:00,5,auじぶん銀行賞,3,3411,池上 隆行,3,56,51.5,0,0,0.16,3.66,10.81,28.38,0,0,0,44.83,55.17,14.06,34.38
2026-07-02,22,8,2026-07-02 15:56:00,5,auじぶん銀行賞,4,4666,日笠 勝弘,3,42,52,0,0,0.16,4.02,21.54,33.85,5.55,34.48,51.72,29.41,57.35,28.13,45.31
2026-07-02,22,8,2026-07-02 15:56:00,5,auじぶん銀行賞,5,4180,上野 秀和,2,43,54.1,0,0,0.17,5.3,30.23,52.33,4.56,44.44,44.44,29.49,46.15,24.56,45.61
2026-07-02,22,8,2026-07-02 15:56:00,5,auじぶん銀行賞,6,5405,竹内 来,3,22,52,0,0,0.19,2.19,1.85,11.11,0,0,0,50,73.33,28.99,39.13
2026-07-02,22,9,2026-07-02 16:24:00,5,auじぶん銀行賞,1,4348,宮崎 奨,2,40,53.1,0,0,0.17,5.91,42.71,60.42,6.07,42.86,57.14,38.81,53.73,26.79,35.71
2026-07-02,22,9,2026-07-02 16:24:00,5,auじぶん銀行賞,2,5379,廣部 大明,3,22,52,0,0,0.2,3.32,8.33,23.33,0,0,0,40,64,28.33,45
2026-07-02,22,9,2026-07-02 16:24:00,5,auじぶん銀行賞,3,3306,武田 正紀,3,58,54.4,0,0,0.16,3.89,17.11,35.53,5.34,27.59,58.62,31.25,51.25,36.51,58.73
2026-07-02,22,9,2026-07-02 16:24:00,5,auじぶん銀行賞,4,3556,田中 信一郎,1,53,53.5,0,0,0.14,6.68,48,67,5.95,36.36,72.73,47.22,72.22,37.1,51.61
2026-07-02,22,9,2026-07-02 16:24:00,5,auじぶん銀行賞,5,3978,齊藤 仁,2,49,50.5,1,0,0.16,5.88,34.62,55.77,6.4,44,74,40,64.29,27.27,46.97
2026-07-02,22,9,2026-07-02 16:24:00,5,auじぶん銀行賞,6,4293,鈴木 智啓,3,40,58.8,0,0,0.18,5.04,29.59,52.04,5.2,36,52,44.83,55.17,30.16,44.44
2026-07-02,22,10,2026-07-02 16:56:00,5,auじぶん銀行賞,1,4832,権藤 俊光,1,39,52,0,0,0.14,6.54,43.52,57.41,7.1,54.84,67.74,41.33,65.33,38.46,53.85
2026-07-02,22,10,2026-07-02 16:56:00,5,auじぶん銀行賞,2,5017,澤田 尚也,1,27,52,0,0,0.13,6.52,47.12,57.69,0,0,0,33.33,51.28,32.26,54.84
2026-07-02,22,10,2026-07-02 16:56:00,5,auじぶん銀行賞,3,4669,井上 茂,3,41,52.6,0,0,0.16,4.81,25.93,48.15,4.07,17.86,35.71,37.5,56.25,21.88,35.94
2026-07-02,22,10,2026-07-02 16:56:00,5,auじぶん銀行賞,4,4930,佐藤 悠,2,30,52,0,0,0.16,5.97,40.91,56.82,6,55.56,55.56,38.89,51.39,37.7,49.18
2026-07-02,22,10,2026-07-02 16:56:00,5,auじぶん銀行賞,5,4139,丹下 健,3,45,53.5,0,0,0.19,3.97,21.43,37.14,3.18,17.65,23.53,40,61.54,35.71,50
2026-07-02,22,10,2026-07-02 16:56:00,5,auじぶん銀行賞,6,3502,渡邉 英児,2,56,52.3,0,0,0.16,5.99,42.86,68.83,3.95,25,35,45.71,67.14,41.94,48.39
2026-07-02,22,11,2026-07-02 17:28:00,5,auじぶん銀行賞,1,4877,鈴谷 一平,1,31,55.1,0,0,0.14,5.98,43.33,56.67,6.26,42.11,63.16,21.15,30.77,44.26,50.82
2026-07-02,22,11,2026-07-02 17:28:00,5,auじぶん銀行賞,2,5352,西岡 蒼志,3,21,53.3,0,0,0.16,4.98,30.68,42.05,3.81,19.23,23.08,43.28,59.7,44.26,60.66
2026-07-02,22,11,2026-07-02 17:28:00,5,auじぶん銀行賞,3,4574,東 潤樹,2,37,52.9,0,0,0.17,4.98,24.1,51.81,4.42,18.42,36.84,27.4,43.84,33.33,53.33
2026-07-02,22,11,2026-07-02 17:28:00,5,auじぶん銀行賞,4,4191,赤羽 克也,1,44,52,0,0,0.16,6.06,45.98,60.92,5.67,33.33,60,59.42,81.16,48.39,66.13
2026-07-02,22,11,2026-07-02 17:28:00,5,auじぶん銀行賞,5,4711,前出 達吉,2,36,51.5,0,0,0.16,6.23,43.37,69.88,5.57,36.67,53.33,30,42.5,17.74,24.19
2026-07-02,22,11,2026-07-02 17:28:00,5,auじぶん銀行賞,6,4942,柴田 朋哉,3,36,53.1,0,0,0.16,5.38,34.48,52.87,6.02,36.59,70.73,41.67,54.76,29.03,45.16
2026-07-02,22,12,2026-07-02 18:00:00,5,auじぶん銀行賞,1,4335,若林 将,1,42,52.7,0,0,0.12,7.12,53.93,75.28,4.82,18.18,45.45,37.93,52.87,44.26,62.3
2026-07-02,22,12,2026-07-02 18:00:00,5,auじぶん銀行賞,2,4133,高橋 正男,2,46,52,0,0,0.17,6.34,53.66,63.41,5.42,21.05,52.63,41.56,54.55,40.98,60.66
2026-07-02,22,12,2026-07-02 18:00:00,5,auじぶん銀行賞,3,3811,石田 章央,1,50,52.8,0,0,0.16,6.51,52.21,65.49,6.25,50,65,25.71,37.14,30.77,50.77
2026-07-02,22,12,2026-07-02 18:00:00,5,auじぶん銀行賞,4,4074,柳沢 一,1,45,52,0,0,0.13,6.46,50,64.29,5.84,47.37,52.63,47.37,63.16,32.26,48.39
2026-07-02,22,12,2026-07-02 18:00:00,5,auじぶん銀行賞,5,4470,平田 健之佑,2,39,51.5,0,0,0.15,6.57,48.05,71.43,0,0,0,28.89,44.44,11.67,23.33
2026-07-02,22,12,2026-07-02 18:00:00,5,auじぶん銀行賞,6,5023,久永 祥平,2,31,51.5,0,0,0.16,5.83,33.33,62.32,4.59,24.14,37.93,38.24,51.47,46.15,66.15
2026-07-02,23,1,2026-07-02 08:44:00,5,日本モーターボート選手会会長杯,1,4556,竹井 奈美,1,36,47,0,0,0.15,6.62,50.85,67.8,6.89,44.44,66.67,29.48,49.13,34.62,46.15
2026-07-02,23,1,2026-07-02 08:44:00,5,日本モーターボート選手会会長杯,2,4680,後藤 美翼,3,36,47,0,0,0.19,5.63,36.63,57.43,5.77,36.67,56.67,36.99,52.6,44,57.33
2026-07-02,23,1,2026-07-02 08:44:00,5,日本モーターボート選手会会長杯,3,4071,古賀 千晶,3,45,47,0,0,0.19,4.56,24.68,37.66,6.11,41.67,63.89,33.33,49.15,40.32,50
2026-07-02,23,1,2026-07-02 08:44:00,5,日本モーターボート選手会会長杯,4,4840,鈴木 秀茉,3,34,52,0,0,0.16,5.06,32.41,50,0,0,0,36.93,57.39,26.56,48.44
2026-07-02,23,1,2026-07-02 08:44:00,5,日本モーターボート選手会会長杯,5,4382,高山 智至,3,41,52.7,0,0,0.16,4.98,25,46.59,4.57,25,39.29,40.56,59.44,43.24,62.16
2026-07-02,23,1,2026-07-02 08:44:00,5,日本モーターボート選手会会長杯,6,5299,西丸 敦基,3,23,52.3,0,0,0.17,6.02,45.05,57.66,3.89,11.11,44.44,46.95,67.07,15.49,25.35
2026-07-02,23,2,2026-07-02 09:10:00,5,日本モーターボート選手会会長杯,1,4568,廣瀬 真也,2,38,51,0,0,0.16,5.44,31.31,54.55,4.63,25,50,33.72,47.09,28.3,43.4
2026-07-02,23,2,2026-07-02 09:10:00,5,日本モーターボート選手会会長杯,2,4425,大井 清貴,3,40,54.7,0,0,0.16,4.6,21.84,42.53,5.03,31.03,48.28,33.74,48.47,33.33,45.83
2026-07-02,23,2,2026-07-02 09:10:00,5,日本モーターボート選手会会長杯,3,4124,池田 雄一,1,44,52.5,0,0,0.17,6.04,42.06,62.62,5.61,38.89,50,31.55,54.76,39.47,51.32
2026-07-02,23,2,2026-07-02 09:10:00,5,日本モーターボート選手会会長杯,4,5391,出穂 和鼓,4,18,52.5,0,0,0.16,1.47,0,1.69,1.84,0,0,34.86,49.71,24.66,45.21
2026-07-02,23,2,2026-07-02 09:10:00,5,日本モーターボート選手会会長杯,5,5009,大賀 龍之介,3,29,55.4,1,0,0.16,5.24,33.94,48.62,6.42,58.33,66.67,47.65,65.88,32.89,44.74
2026-07-02,23,2,2026-07-02 09:10:00,5,日本モーターボート選手会会長杯,6,5201,村上 宗太郎,3,23,52,0,0,0.22,5.45,40,50,1.6,0,0,29.17,37.5,42.65,70.59
2026-07-02,23,3,2026-07-02 09:36:00,5,日本モーターボート選手会会長杯,1,4434,田中 辰彦,1,40,52,0,0,0.16,6.19,48.28,61.21,6,44.44,55.56,34.08,49.16,34.92,52.38
2026-07-02,23,3,2026-07-02 09:36:00,5,日本モーターボート選手会会長杯,2,4271,川崎 公靖,3,44,52.4,0,0,0.16,4.16,19.83,36.21,5.04,28.89,51.11,40.48,51.19,28.95,48.68
2026-07-02,23,3,2026-07-02 09:36:00,5,日本モーターボート選手会会長杯,3,5139,大場 恒季,2,26,51.5,1,0,0.14,6.43,49.59,63.64,4.67,0,22.22,31.15,48.63,36.25,58.75
2026-07-02,23,3,2026-07-02 09:36:00,5,日本モーターボート選手会会長杯,4,4871,菊池 宏志,3,34,52.4,0,0,0.17,4.52,25.27,40.66,4.1,19.05,33.33,38.27,56.79,48.28,60.34
2026-07-02,23,3,2026-07-02 09:36:00,5,日本モーターボート選手会会長杯,5,5344,谷口 丞,3,23,52,0,0,0.16,4.57,26.26,40.4,0,0,0,31.98,52.91,38.03,53.52
2026-07-02,23,3,2026-07-02 09:36:00,5,日本モーターボート選手会会長杯,6,4023,柴田 友和,3,48,52,0,0,0.18,3.98,20.43,32.26,4.72,24,52,38.46,50.64,19.05,31.75
2026-07-02,23,4,2026-07-02 10:02:00,5,日本モーターボート選手会会長杯,1,3303,渡辺 豊,3,58,53.1,0,0,0.2,4.72,23.85,45.87,5.41,29.63,48.15,23.29,41.78,34.62,53.85
2026-07-02,23,4,2026-07-02 10:02:00,5,日本モーターボート選手会会長杯,2,4428,有賀 達也,1,40,52,0,0,0.14,6.2,47.27,57.27,6,43.48,56.52,31.55,47.06,34.33,56.72
2026-07-02,23,4,2026-07-02 10:02:00,5,日本モーターボート選手会会長杯,3,5343,小林 礼央,3,23,52,0,0,0.19,3.8,17.05,29.55,2.18,0,10.71,39.87,51.27,25.32,46.84
2026-07-02,23,4,2026-07-02 10:02:00,5,日本モーターボート選手会会長杯,4,4977,馬野 耀,2,32,53.2,0,0,0.16,6.08,38.75,65,5.21,36.84,47.37,30.43,51.09,25.33,32
2026-07-02,23,4,2026-07-02 10:02:00,5,日本モーターボート選手会会長杯,5,4991,宗行 治哉,2,28,52,0,0,0.18,6.72,46.3,69.44,5.47,33.33,53.33,36.22,48.11,37.7,47.54
2026-07-02,23,4,2026-07-02 10:02:00,5,日本モーターボート選手会会長杯,6,5431,得山 大輝,4,21,50.5,2,0,,1.53,0,1.43,1.5,0,0,45.2,62.71,30.67,49.33
2026-07-02,23,5,2026-07-02 10:30:00,5,日本モーターボート選手会会長杯,1,4424,松尾 昂明,2,41,52,0,0,0.16,5.73,38.52,57.04,7.75,68.75,78.13,20.99,42.59,39.13,52.17
2026-07-02,23,5,2026-07-02 10:30:00,5,日本モーターボート選手会会長杯,2,3568,木村 光宏,3,55,52.9,0,0,0.17,4.09,22.43,35.51,4.39,27.78,44.44,30.43,52.17,28.79,42.42
2026-07-02,23,5,2026-07-02 10:30:00,5,日本モーターボート選手会会長杯,3,5095,小原 聡将,2,32,52,0,0,0.14,6.4,41.96,67.86,6.1,40,70,39.01,54.4,46.03,58.73
2026-07-02,23,5,2026-07-02 10:30:00,5,日本モーターボート選手会会長杯,4,5028,原田 才一郎,1,29,52,0,0,0.16,6.8,51.75,69.3,5.18,35.29,47.06,35.5,52.07,38.46,53.85
2026-07-02,23,5,2026-07-02 10:30:00,5,日本モーターボート選手会会長杯,5,5271,杉山 太陽,3,24,51.5,0,0,0.17,3.89,17.28,33.33,2.45,0,18.18,41.46,58.54,37.18,50
2026-07-02,23,5,2026-07-02 10:30:00,5,日本モーターボート選手会会長杯,6,4518,大須賀 友,2,39,52,1,0,0.18,6.96,54.9,72.55,6.48,52.17,71.74,32.95,47.16,33.33,50
2026-07-02,23,6,2026-07-02 10:59:00,5,日本モーターボート選手会会長杯,1,5211,高井 駿弥,3,27,50,0,0,0.18,4.29,16.3,40.22,4.78,33.33,44.44,35.33,51.09,46.75,61.04
2026-07-02,23,6,2026-07-02 10:59:00,5,日本モーターボート選手会会長杯,2,5224,西岡 顕心,1,24,51.5,0,0,0.15,7.24,51.45,70.29,6.76,52.94,70.59,44.79,58.85,18.18,40.26
2026-07-02,23,6,2026-07-02 10:59:00,5,日本モーターボート選手会会長杯,3,4788,小池 哲也,2,37,52,0,0,0.15,5.58,34.75,56.78,4.92,25,41.67,30.64,42.77,29.49,46.15
2026-07-02,23,6,2026-07-02 10:59:00,5,日本モーターボート選手会会長杯,4,5014,梶山 涼斗,3,28,52.6,0,0,0.13,4.97,31.4,47.67,5.21,28.17,50.7,37.85,56.5,14.93,25.37
2026-07-02,23,6,2026-07-02 10:59:00,5,日本モーターボート選手会会長杯,5,4425,大井 清貴,3,40,54.7,0,0,0.16,4.6,21.84,42.53,5.03,31.03,48.28,33.74,48.47,33.33,45.83
2026-07-02,23,6,2026-07-02 10:59:00,5,日本モーターボート選手会会長杯,6,4840,鈴木 秀茉,3,34,52,0,0,0.16,5.06,32.41,50,0,0,0,36.93,57.39,26.56,48.44
2026-07-02,23,7,2026-07-02 11:28:00,5,日本モーターボート選手会会長杯,1,5344,谷口 丞,3,23,52,0,0,0.16,4.57,26.26,40.4,0,0,0,31.98,52.91,38.03,53.52
2026-07-02,23,7,2026-07-02 11:28:00,5,日本モーターボート選手会会長杯,2,5285,若林 麗,3,27,52,0,0,0.17,3.77,18.89,27.78,0,0,0,33.53,52.6,38.03,54.93
2026-07-02,23,7,2026-07-02 11:28:00,5,日本モーターボート選手会会長杯,3,5201,村上 宗太郎,3,23,51.5,0,0,0.22,5.45,40,50,1.6,0,0,29.17,37.5,42.65,70.59
2026-07-02,23,7,2026-07-02 11:28:00,5,日本モーターボート選手会会長杯,4,4466,南 佑典,2,39,51,0,0,0.16,5.88,42.34,60.36,4.91,36.36,45.45,38.64,54.55,32.5,48.75
2026-07-02,23,7,2026-07-02 11:28:00,5,日本モーターボート選手会会長杯,5,4786,佐藤 博亮,1,38,53.3,0,0,0.13,6.74,56.94,71.53,5.13,0,50,30.25,42.59,36.84,59.65
2026-07-02,23,7,2026-07-02 11:28:00,5,日本モーターボート選手会会長杯,6,4358,松本 庸平,3,41,52,0,0,0.2,3.86,26.67,31.11,2,0,16.67,30.48,48.66,30.56,44.44
2026-07-02,23,8,2026-07-02 12:04:00,5,日本モーターボート選手会会長杯,1,4071,古賀 千晶,3,45,47,0,0,0.19,4.56,24.68,37.66,6.11,41.67,63.89,33.33,49.15,40.32,50
2026-07-02,23,8,2026-07-02 12:04:00,5,日本モーターボート選手会会長杯,2,4023,柴田 友和,3,48,52,0,0,0.18,3.98,20.43,32.26,4.72,24,52,38.46,50.64,19.05,31.75
2026-07-02,23,8,2026-07-02 12:04:00,5,日本モーターボート選手会会長杯,3,4854,大橋 由珠,4,31,44.5,1,0,0.18,3.87,18.52,29.63,0,0,0,31.71,48.17,39.73,54.79
2026-07-02,23,8,2026-07-02 12:04:00,5,日本モーターボート選手会会長杯,4,4734,安河内 将,1,36,51.5,0,0,0.15,6.91,53.72,72.73,7.09,53.49,75.97,28.67,48,17.95,41.03
2026-07-02,23,8,2026-07-02 12:04:00,5,日本モーターボート選手会会長杯,5,3303,渡辺 豊,3,58,53.1,0,0,0.2,4.72,23.85,45.87,5.41,29.63,48.15,23.29,41.78,34.62,53.85
2026-07-02,23,8,2026-07-02 12:04:00,5,日本モーターボート選手会会長杯,6,5391,出穂 和鼓,4,18,52.5,0,0,0.16,1.47,0,1.69,1.84,0,0,34.86,49.71,24.66,45.21
2026-07-02,23,9,2026-07-02 12:36:00,5,日本モーターボート選手会会長杯,1,5343,小林 礼央,3,23,52,0,0,0.19,3.8,17.05,29.55,2.18,0,10.71,39.87,51.27,25.32,46.84
2026-07-02,23,9,2026-07-02 12:36:00,5,日本モーターボート選手会会長杯,2,4294,古賀 繁輝,1,39,56.4,0,0,0.14,6.13,43.86,58.77,6.96,53.21,69.23,39.52,56.29,33.33,53.97
2026-07-02,23,9,2026-07-02 12:36:00,5,日本モーターボート選手会会長杯,3,4434,田中 辰彦,1,40,52,0,0,0.16,6.19,48.28,61.21,6,44.44,55.56,34.08,49.16,34.92,52.38
2026-07-02,23,9,2026-07-02 12:36:00,5,日本モーターボート選手会会長杯,4,3568,木村 光宏,3,55,52.9,0,0,0.17,4.09,22.43,35.51,4.39,27.78,44.44,30.43,52.17,28.79,42.42
2026-07-02,23,9,2026-07-02 12:36:00,5,日本モーターボート選手会会長杯,5,4568,廣瀬 真也,2,38,51,0,0,0.16,5.44,31.31,54.55,4.63,25,50,33.72,47.09,28.3,43.4
2026-07-02,23,9,2026-07-02 12:36:00,5,日本モーターボート選手会会長杯,6,5207,高山 敬悟,3,28,52,1,0,0.15,5.54,41.46,53.66,2.53,0,20,37.77,52.66,26.15,53.85
2026-07-02,23,10,2026-07-02 13:07:00,5,日本モーターボート選手会会長杯,1,5139,大場 恒季,2,26,51.5,1,0,0.14,6.43,49.59,63.64,4.67,0,22.22,31.15,48.63,36.25,58.75
2026-07-02,23,10,2026-07-02 13:07:00,5,日本モーターボート選手会会長杯,2,3232,山川 美由紀,2,59,47,0,0,0.16,6.22,40.86,62.37,5.73,31.82,68.18,22.08,44.16,14.52,33.87
2026-07-02,23,10,2026-07-02 13:07:00,5,日本モーターボート選手会会長杯,3,5014,梶山 涼斗,3,28,52.6,0,0,0.13,4.97,31.4,47.67,5.21,28.17,50.7,37.85,56.5,14.93,25.37
2026-07-02,23,10,2026-07-02 13:07:00,5,日本モーターボート選手会会長杯,4,4680,後藤 美翼,3,36,47,0,0,0.19,5.63,36.63,57.43,5.77,36.67,56.67,36.99,52.6,44,57.33
2026-07-02,23,10,2026-07-02 13:07:00,5,日本モーターボート選手会会長杯,5,5095,小原 聡将,2,32,52,0,0,0.14,6.4,41.96,67.86,6.1,40,70,39.01,54.4,46.03,58.73
2026-07-02,23,10,2026-07-02 13:07:00,5,日本モーターボート選手会会長杯,6,4977,馬野 耀,2,32,53.2,0,0,0.16,6.08,38.75,65,5.21,36.84,47.37,30.43,51.09,25.33,32
2026-07-02,23,11,2026-07-02 13:39:00,5,日本モーターボート選手会会長杯,1,4124,池田 雄一,1,44,52.5,0,0,0.17,6.04,42.06,62.62,5.61,38.89,50,31.55,54.76,39.47,51.32
2026-07-02,23,11,2026-07-02 13:39:00,5,日本モーターボート選手会会長杯,2,4424,松尾 昂明,2,41,52,0,0,0.16,5.73,38.52,57.04,7.75,68.75,78.13,20.99,42.59,39.13,52.17
2026-07-02,23,11,2026-07-02 13:39:00,5,日本モーターボート選手会会長杯,3,4271,川崎 公靖,3,44,52.4,0,0,0.16,4.16,19.83,36.21,5.04,28.89,51.11,40.48,51.19,28.95,48.68
2026-07-02,23,11,2026-07-02 13:39:00,5,日本モーターボート選手会会長杯,4,4556,竹井 奈美,1,36,47,0,0,0.15,6.62,50.85,67.8,6.89,44.44,66.67,29.48,49.13,34.62,46.15
2026-07-02,23,11,2026-07-02 13:39:00,5,日本モーターボート選手会会長杯,5,4358,松本 庸平,3,41,52,0,0,0.2,3.86,26.67,31.11,2,0,16.67,30.48,48.66,30.56,44.44
2026-07-02,23,11,2026-07-02 13:39:00,5,日本モーターボート選手会会長杯,6,4788,小池 哲也,2,37,52,0,0,0.15,5.58,34.75,56.78,4.92,25,41.67,30.64,42.77,29.49,46.15
2026-07-02,23,12,2026-07-02 14:15:00,5,日本モーターボート選手会会長杯,1,5028,原田 才一郎,1,29,52,0,0,0.16,6.8,51.75,69.3,5.18,35.29,47.06,35.5,52.07,38.46,53.85
2026-07-02,23,12,2026-07-02 14:15:00,5,日本モーターボート選手会会長杯,2,5009,大賀 龍之介,3,29,55.4,1,0,0.16,5.24,33.94,48.62,6.42,58.33,66.67,47.65,65.88,32.89,44.74
2026-07-02,23,12,2026-07-02 14:15:00,5,日本モーターボート選手会会長杯,3,4991,宗行 治哉,2,28,52,0,0,0.18,6.72,46.3,69.44,5.47,33.33,53.33,36.22,48.11,37.7,47.54
2026-07-02,23,12,2026-07-02 14:15:00,5,日本モーターボート選手会会長杯,4,5224,西岡 顕心,1,24,51.5,0,0,0.15,7.24,51.45,70.29,6.76,52.94,70.59,44.79,58.85,18.18,40.26
2026-07-02,23,12,2026-07-02 14:15:00,5,日本モーターボート選手会会長杯,5,4871,菊池 宏志,3,34,52.4,0,0,0.17,4.52,25.27,40.66,4.1,19.05,33.33,38.27,56.79,48.28,60.34
2026-07-02,23,12,2026-07-02 14:15:00,5,日本モーターボート選手会会長杯,6,4466,南 佑典,2,39,51,0,0,0.16,5.88,42.34,60.36,4.91,36.36,45.45,38.64,54.55,32.5,48.75
2026-07-02,24,1,2026-07-02 15:23:00,5,スポーツ報知杯,1,4948,木場 悠介,3,33,52,0,0,0.14,5.56,39.45,55.96,5.7,39.81,56.48,0,16.67,33.33,38.89
2026-07-02,24,1,2026-07-02 15:23:00,5,スポーツ報知杯,2,4724,吉田 祐貴,4,40,54.2,0,0,0.2,3.26,6.45,24.19,2.93,0,6.67,40.91,59.09,0,22.22
2026-07-02,24,1,2026-07-02 15:23:00,5,スポーツ報知杯,3,4154,森安 弘雅,3,46,53.3,0,0,0.17,5.01,33.33,48.81,5.05,31.82,54.55,21.43,50,60,70
2026-07-02,24,1,2026-07-02 15:23:00,5,スポーツ報知杯,4,3964,宮地 博士,3,47,52.4,0,0,0.21,4.43,18.89,37.78,4.83,21.9,41.9,27.27,36.36,0,5.88
2026-07-02,24,1,2026-07-02 15:23:00,5,スポーツ報知杯,5,5098,大江 純,3,30,53.5,0,0,0.16,5.43,34,53,0,0,0,8.33,25,45,50
2026-07-02,24,1,2026-07-02 15:23:00,5,スポーツ報知杯,6,3771,折下 寛法,3,52,52,0,0,0.16,5.18,32.32,51.52,4.88,17.65,52.94,16.67,41.67,22.73,36.36
2026-07-02,24,2,2026-07-02 15:49:00,5,スポーツ報知杯,1,4164,岩永 節也,3,44,52,0,0,0.19,3.86,17.2,32.26,4.29,20.39,35.92,23.81,47.62,52.94,82.35
2026-07-02,24,2,2026-07-02 15:49:00,5,スポーツ報知杯,2,4092,岡部 大輔,3,45,52.1,0,0,0.14,4.93,26.19,46.43,5.15,35,55,14.29,23.81,45,50
2026-07-02,24,2,2026-07-02 15:49:00,5,スポーツ報知杯,3,3859,多羅尾 達之,3,53,50.5,0,0,0.15,4.3,25.58,39.53,5,26.67,46.67,7.14,14.29,15,40
2026-07-02,24,2,2026-07-02 15:49:00,5,スポーツ報知杯,4,4027,松江 秀徳,3,48,53.2,1,0,0.16,5.85,39.56,56.04,5.82,38.46,58.97,29.41,35.29,20,35
2026-07-02,24,2,2026-07-02 15:49:00,5,スポーツ報知杯,5,5178,成貞 琳平,3,29,53.4,0,0,0.2,4.11,18.64,34.75,3.38,6.25,18.75,36.36,54.55,52.94,64.71
2026-07-02,24,2,2026-07-02 15:49:00,5,スポーツ報知杯,6,3558,山本 浩次,3,53,52.4,0,0,0.14,4.76,26.88,45.16,3.94,18.75,31.25,54.17,66.67,47.06,70.59
2026-07-02,24,3,2026-07-02 16:28:00,5,スポーツ報知杯,1,3807,岡部 哲,3,51,51,0,0,0.18,4.59,25.93,42.59,4.06,16.67,38.89,34.78,60.87,9.52,19.05
2026-07-02,24,3,2026-07-02 16:28:00,5,スポーツ報知杯,2,4375,照屋 厚仁,2,42,52.2,0,0,0.17,5.89,42.98,61.98,5.97,39.47,68.42,68.18,72.73,50,61.11
2026-07-02,24,3,2026-07-02 16:28:00,5,スポーツ報知杯,3,5266,石田 勇斗,3,25,53.6,1,0,0.17,4.6,24.77,44.04,4.89,22.22,55.56,33.33,38.89,38.1,57.14
2026-07-02,24,3,2026-07-02 16:28:00,5,スポーツ報知杯,4,4822,百武 翔,2,33,52,0,0,0.17,5.74,41.03,58.97,5.63,35.09,54.39,35.29,58.82,0,22.22
2026-07-02,24,3,2026-07-02 16:28:00,5,スポーツ報知杯,5,5284,嘉手苅 徹哉,4,27,52.2,0,0,0.16,3.37,10.29,23.53,1.85,3.7,3.7,0,25,33.33,38.89
2026-07-02,24,3,2026-07-02 16:28:00,5,スポーツ報知杯,6,5457,山田 陽翔,4,20,51.5,0,0,,1.12,0,0,1.13,0,0,7.14,35.71,35.29,70.59
2026-07-02,24,4,2026-07-02 17:00:00,5,スポーツ報知杯,1,3892,草場 康幸,3,50,52.9,0,0,0.15,4.86,24.73,50.54,5.02,17.78,46.67,38.1,47.62,29.41,47.06
2026-07-02,24,4,2026-07-02 17:00:00,5,スポーツ報知杯,2,3857,阿波 勝哉,3,53,54.1,0,0,0.2,4.63,24.47,38.3,3.33,11.11,22.22,17.65,29.41,36.84,52.63
2026-07-02,24,4,2026-07-02 17:00:00,5,スポーツ報知杯,3,4640,山ノ内 雅人,2,35,52.1,0,0,0.15,6.17,41.3,66.67,6.75,55,70,31.82,50,27.78,44.44
2026-07-02,24,4,2026-07-02 17:00:00,5,スポーツ報知杯,4,3863,海老澤 泰行,3,52,56.2,0,0,0.18,4.65,22.73,45.45,4.07,14.29,35.71,36.36,50,0,0
2026-07-02,24,4,2026-07-02 17:00:00,5,スポーツ報知杯,5,5312,川辺 郭人,3,25,53.3,0,0,0.17,3.61,14.43,26.8,1.93,1.85,7.41,23.81,47.62,8.33,16.67
2026-07-02,24,4,2026-07-02 17:00:00,5,スポーツ報知杯,6,5089,前田 翔,1,26,52,0,0,0.16,7.04,55.67,78.35,6.58,47.37,78.95,21.43,21.43,35.29,58.82
2026-07-02,24,5,2026-07-02 17:24:00,5,スポーツ報知杯,1,3381,滝沢 芳行,3,57,51.5,0,0,0.15,5.05,32.32,44.44,5.23,27.27,45.45,21.43,57.14,14.29,42.86
2026-07-02,24,5,2026-07-02 17:24:00,5,スポーツ報知杯,2,4411,沢田 昭宏,2,40,52.1,0,0,0.16,5.63,37.01,55.12,5.42,33.33,50,0,16.67,8.33,50
2026-07-02,24,5,2026-07-02 17:24:00,5,スポーツ報知杯,3,3964,宮地 博士,3,47,52.4,0,0,0.21,4.43,18.89,37.78,4.83,21.9,41.9,27.27,36.36,0,5.88
2026-07-02,24,5,2026-07-02 17:24:00,5,スポーツ報知杯,4,3535,渡 修平,3,53,51.5,0,0,0.18,4.26,24.42,38.37,3.71,17.65,29.41,50,68.18,52.63,57.89
2026-07-02,24,5,2026-07-02 17:24:00,5,スポーツ報知杯,5,4608,荒井 翔伍,2,36,53.1,0,0,0.16,5.89,41.32,61.16,5.13,31.25,43.75,31.82,45.45,41.18,76.47
2026-07-02,24,5,2026-07-02 17:24:00,5,スポーツ報知杯,6,3875,廣中 良一,3,49,52,0,0,0.17,4.07,21.5,34.58,2.87,2.63,15.79,47.83,69.57,0,16.67
2026-07-02,24,6,2026-07-02 17:50:00,5,スポーツ報知杯,1,4073,大橋 純一郎,2,45,52.3,0,0,0.17,6.55,56.3,64.71,6.07,46.67,63.33,43.48,56.52,22.22,38.89
2026-07-02,24,6,2026-07-02 17:50:00,5,スポーツ報知杯,2,3434,松尾 宣邦,3,57,52.5,0,0,0.17,4.43,23.58,37.74,3.93,13.33,33.33,16.67,29.17,31.82,45.45
2026-07-02,24,6,2026-07-02 17:50:00,5,スポーツ報知杯,3,5098,大江 純,3,30,53.5,0,0,0.16,5.43,34,53,0,0,0,8.33,25,45,50
2026-07-02,24,6,2026-07-02 17:50:00,5,スポーツ報知杯,4,3859,多羅尾 達之,3,53,50.5,0,0,0.15,4.3,25.58,39.53,5,26.67,46.67,7.14,14.29,15,40
2026-07-02,24,6,2026-07-02 17:50:00,5,スポーツ報知杯,5,4154,森安 弘雅,3,46,53.3,0,0,0.17,5.01,33.33,48.81,5.05,31.82,54.55,21.43,50,60,70
2026-07-02,24,6,2026-07-02 17:50:00,5,スポーツ報知杯,6,5112,砂長 知輝,1,26,52.1,0,0,0.14,6.86,47.79,66.37,5.94,47.06,58.82,14.29,35.71,68.75,81.25
2026-07-02,24,7,2026-07-02 18:15:00,5,スポーツ報知杯,1,3951,石川 吉鎬,2,49,53.9,1,0,0.18,5.08,28.07,42.98,5.7,20,60,41.67,58.33,16.67,16.67
2026-07-02,24,7,2026-07-02 18:15:00,5,スポーツ報知杯,2,3772,一柳 和孝,3,52,52.7,0,0,0.15,4.71,21.18,45.88,6.05,40.91,63.64,53.85,69.23,0,0
2026-07-02,24,7,2026-07-02 18:15:00,5,スポーツ報知杯,3,4724,吉田 祐貴,4,40,54.2,0,0,0.2,3.26,6.45,24.19,2.93,0,6.67,40.91,59.09,0,22.22
2026-07-02,24,7,2026-07-02 18:15:00,5,スポーツ報知杯,4,5266,石田 勇斗,3,25,53.6,1,0,0.17,4.6,24.77,44.04,4.89,22.22,55.56,33.33,38.89,38.1,57.14
2026-07-02,24,7,2026-07-02 18:15:00,5,スポーツ報知杯,5,4164,岩永 節也,3,44,52,0,0,0.19,3.86,17.2,32.26,4.29,20.39,35.92,23.81,47.62,52.94,82.35
2026-07-02,24,7,2026-07-02 18:15:00,5,スポーツ報知杯,6,5443,西村 仁吾,4,18,52.7,0,0,,1.36,1.89,1.89,1.17,0,0,38.1,52.38,18.75,18.75
2026-07-02,24,8,2026-07-02 18:40:00,5,スポーツ報知杯,1,3771,折下 寛法,3,52,52,0,0,0.16,5.18,32.32,51.52,4.88,17.65,52.94,16.67,41.67,22.73,36.36
2026-07-02,24,8,2026-07-02 18:40:00,5,スポーツ報知杯,2,5178,成貞 琳平,3,29,53.4,0,0,0.2,4.11,18.64,34.75,3.38,6.25,18.75,36.36,54.55,52.94,64.71
2026-07-02,24,8,2026-07-02 18:40:00,5,スポーツ報知杯,3,5312,川辺 郭人,3,25,53.3,0,0,0.17,3.61,14.43,26.8,1.93,1.85,7.41,23.81,47.62,8.33,16.67
2026-07-02,24,8,2026-07-02 18:40:00,5,スポーツ報知杯,4,5284,嘉手苅 徹哉,4,27,52.2,0,0,0.16,3.37,10.29,23.53,1.85,3.7,3.7,0,25,33.33,38.89
2026-07-02,24,8,2026-07-02 18:40:00,5,スポーツ報知杯,5,5457,山田 陽翔,4,20,51.5,0,0,,1.12,0,0,1.13,0,0,7.14,35.71,35.29,70.59
2026-07-02,24,8,2026-07-02 18:40:00,5,スポーツ報知杯,6,3807,岡部 哲,3,51,51,0,0,0.18,4.59,25.93,42.59,4.06,16.67,38.89,34.78,60.87,9.52,19.05
2026-07-02,24,9,2026-07-02 19:09:00,5,スポーツ報知杯,1,4027,松江 秀徳,3,48,53.2,1,0,0.16,5.85,39.56,56.04,5.82,38.46,58.97,29.41,35.29,20,35
2026-07-02,24,9,2026-07-02 19:09:00,5,スポーツ報知杯,2,5089,前田 翔,1,26,52,0,0,0.16,7.04,55.67,78.35,6.58,47.37,78.95,21.43,21.43,35.29,58.82
2026-07-02,24,9,2026-07-02 19:09:00,5,スポーツ報知杯,3,3535,渡 修平,3,53,51.5,0,0,0.18,4.26,24.42,38.37,3.71,17.65,29.41,50,68.18,52.63,57.89
2026-07-02,24,9,2026-07-02 19:09:00,5,スポーツ報知杯,4,3558,山本 浩次,3,53,52.4,0,0,0.14,4.76,26.88,45.16,3.94,18.75,31.25,54.17,66.67,47.06,70.59
2026-07-02,24,9,2026-07-02 19:09:00,5,スポーツ報知杯,5,4375,照屋 厚仁,2,42,52.2,0,0,0.17,5.89,42.98,61.98,5.97,39.47,68.42,68.18,72.73,50,61.11
2026-07-02,24,9,2026-07-02 19:09:00,5,スポーツ報知杯,6,3857,阿波 勝哉,3,53,54.1,0,0,0.2,4.63,24.47,38.3,3.33,11.11,22.22,17.65,29.41,36.84,52.63
2026-07-02,24,10,2026-07-02 19:36:00,5,スポーツ報知杯,1,4608,荒井 翔伍,2,36,53.1,0,0,0.16,5.89,41.32,61.16,5.13,31.25,43.75,31.82,45.45,41.18,76.47
2026-07-02,24,10,2026-07-02 19:36:00,5,スポーツ報知杯,2,4822,百武 翔,2,33,52,0,0,0.17,5.74,41.03,58.97,5.63,35.09,54.39,35.29,58.82,0,22.22
2026-07-02,24,10,2026-07-02 19:36:00,5,スポーツ報知杯,3,4411,沢田 昭宏,2,40,52.1,0,0,0.16,5.63,37.01,55.12,5.42,33.33,50,0,16.67,8.33,50
2026-07-02,24,10,2026-07-02 19:36:00,5,スポーツ報知杯,4,4640,山ノ内 雅人,2,35,52.1,0,0,0.15,6.17,41.3,66.67,6.75,55,70,31.82,50,27.78,44.44
2026-07-02,24,10,2026-07-02 19:36:00,5,スポーツ報知杯,5,4948,木場 悠介,3,33,52,0,0,0.14,5.56,39.45,55.96,5.7,39.81,56.48,0,16.67,33.33,38.89
2026-07-02,24,10,2026-07-02 19:36:00,5,スポーツ報知杯,6,3434,松尾 宣邦,3,57,52.5,0,0,0.17,4.43,23.58,37.74,3.93,13.33,33.33,16.67,29.17,31.82,45.45
2026-07-02,24,11,2026-07-02 20:02:00,5,スポーツ報知杯,1,3875,廣中 良一,3,49,52,0,0,0.17,4.07,21.5,34.58,2.87,2.63,15.79,47.83,69.57,0,16.67
2026-07-02,24,11,2026-07-02 20:02:00,5,スポーツ報知杯,2,5112,砂長 知輝,1,26,52.1,0,0,0.14,6.86,47.79,66.37,5.94,47.06,58.82,14.29,35.71,68.75,81.25
2026-07-02,24,11,2026-07-02 20:02:00,5,スポーツ報知杯,3,4092,岡部 大輔,3,45,52.1,0,0,0.14,4.93,26.19,46.43,5.15,35,55,14.29,23.81,45,50
2026-07-02,24,11,2026-07-02 20:02:00,5,スポーツ報知杯,4,3951,石川 吉鎬,2,49,53.9,1,0,0.18,5.08,28.07,42.98,5.7,20,60,41.67,58.33,16.67,16.67
2026-07-02,24,11,2026-07-02 20:02:00,5,スポーツ報知杯,5,3892,草場 康幸,3,50,52.9,0,0,0.15,4.86,24.73,50.54,5.02,17.78,46.67,38.1,47.62,29.41,47.06
2026-07-02,24,11,2026-07-02 20:02:00,5,スポーツ報知杯,6,4073,大橋 純一郎,2,45,52.3,0,0,0.17,6.55,56.3,64.71,6.07,46.67,63.33,43.48,56.52,22.22,38.89
2026-07-02,24,12,2026-07-02 20:31:00,5,スポーツ報知杯,1,4269,杉山 裕也,1,40,52,0,0,0.15,6.29,46.55,61.21,8.64,72.73,100,12.5,37.5,22.22,33.33
2026-07-02,24,12,2026-07-02 20:31:00,5,スポーツ報知杯,2,3898,平田 忠則,1,49,52,0,0,0.14,6.96,50,74.11,7.67,64.58,81.25,0,6.67,11.11,22.22
2026-07-02,24,12,2026-07-02 20:31:00,5,スポーツ報知杯,3,5323,香川 陽太,3,23,58.8,0,0,0.16,4.36,24.72,40.45,5.2,40,60,20,40,18.52,37.04
2026-07-02,24,12,2026-07-02 20:31:00,5,スポーツ報知杯,4,4497,桑原 悠,1,39,52,0,0,0.14,7.29,54.29,67.62,7.66,58.27,80.58,28.57,47.62,0,12.5
2026-07-02,24,12,2026-07-02 20:31:00,5,スポーツ報知杯,5,4209,藤田 竜弘,3,43,56.5,0,0,0.17,5.46,31.46,53.93,4.3,10,60,47.62,61.9,22.22,33.33
2026-07-02,24,12,2026-07-02 20:31:00,5,スポーツ報知杯,6,4064,原田 篤志,1,46,52.1,0,0,0.16,6.24,42.62,64.75,6.69,51.72,72.41,26.09,47.83,14.29,28.57
