race_date,stadium_number,race_number,race_closed_at,race_grade_number,race_title,boat_number,racer_number,racer_name,racer_class_number,racer_age,racer_weight,racer_flying_count,racer_late_count,racer_average_start_timing,racer_national_top_1_percent,racer_national_top_2_percent,racer_national_top_3_percent,racer_local_top_1_percent,racer_local_top_2_percent,racer_local_top_3_percent,racer_assigned_motor_top_2_percent,racer_assigned_motor_top_3_percent,racer_assigned_boat_top_2_percent,racer_assigned_boat_top_3_percent
2025-07-23,2,1,2025-07-23 10:47:00,5,ヴィーナスシリーズ第9戦・日刊スポーツ杯,1,3302,谷川 里江,3,58,47,0,0,0.17,5.06,31.71,48.78,4.15,20,50,30.65,48.24,27.81,44.39
2025-07-23,2,1,2025-07-23 10:47:00,5,ヴィーナスシリーズ第9戦・日刊スポーツ杯,2,4882,瀧川 千依,3,29,47,0,0,0.22,4.51,23.75,38.75,0,0,0,33.6,51.82,29.63,46.03
2025-07-23,2,1,2025-07-23 10:47:00,5,ヴィーナスシリーズ第9戦・日刊スポーツ杯,3,4694,高田 綾,3,40,45,0,0,0.18,4.54,26.47,42.65,5.53,42.11,42.11,36.97,53.78,37.72,49.56
2025-07-23,2,1,2025-07-23 10:47:00,5,ヴィーナスシリーズ第9戦・日刊スポーツ杯,4,4987,島倉 都,3,28,49.7,0,0,0.19,3.8,13.73,25.49,3.77,18.18,27.27,32.71,51.4,35.07,47.39
2025-07-23,2,1,2025-07-23 10:47:00,5,ヴィーナスシリーズ第9戦・日刊スポーツ杯,5,5387,戸田 海咲音,4,19,50.7,0,0,0.23,1.21,0,0,0,0,0,35.32,54.47,27.87,45.9
2025-07-23,2,1,2025-07-23 10:47:00,5,ヴィーナスシリーズ第9戦・日刊スポーツ杯,6,5357,田中 瀬里奈,4,20,53.7,0,0,0.22,1.55,1.18,1.18,1.48,0,2.5,32.76,49.14,38.03,53.05
2025-07-23,2,2,2025-07-23 11:16:00,5,ヴィーナスシリーズ第9戦・日刊スポーツ杯,1,3474,松瀬 弘美,3,55,46.5,0,0,0.17,5.59,34.58,57.01,5.61,36.84,60.53,34.6,51.66,34.12,47.39
2025-07-23,2,2,2025-07-23 11:16:00,5,ヴィーナスシリーズ第9戦・日刊スポーツ杯,2,4373,若狭 奈美子,2,37,46.5,0,0,0.19,6.66,50.45,72.07,6.3,37.04,74.07,36.91,58.8,33.94,50.46
2025-07-23,2,2,2025-07-23 11:16:00,5,ヴィーナスシリーズ第9戦・日刊スポーツ杯,3,3778,安達 美帆,3,49,47.2,0,0,0.19,3.53,14.71,26.47,3.85,21.95,36.59,34.07,48.67,36.68,51.97
2025-07-23,2,2,2025-07-23 11:16:00,5,ヴィーナスシリーズ第9戦・日刊スポーツ杯,4,4791,黒澤 めぐみ,2,35,47,0,0,0.16,6.15,45.08,63.93,5.27,33.33,43.33,34.45,51.68,37.73,51.36
2025-07-23,2,2,2025-07-23 11:16:00,5,ヴィーナスシリーズ第9戦・日刊スポーツ杯,5,5391,出穂 和鼓,4,17,53.3,0,0,0.22,1.26,0,0,0,0,0,33.73,51.41,36.7,52.75
2025-07-23,2,2,2025-07-23 11:16:00,5,ヴィーナスシリーズ第9戦・日刊スポーツ杯,6,5360,高木 茉白,4,18,47.3,0,0,0.2,2.21,2.22,6.67,1.52,0,0,34.93,52.4,37.22,53.36
2025-07-23,2,3,2025-07-23 11:45:00,5,ヴィーナスシリーズ第9戦・日刊スポーツ杯,1,5287,滝沢 織寧,3,25,46.5,1,0,0.16,3.81,15.94,30.43,2.95,9.57,21.28,37.44,58.9,42.99,56.54
2025-07-23,2,3,2025-07-23 11:45:00,5,ヴィーナスシリーズ第9戦・日刊スポーツ杯,2,4680,後藤 美翼,3,35,47,0,0,0.2,4.89,24.29,45.71,2.57,0,14.29,39.55,55,34.84,51.13
2025-07-23,2,3,2025-07-23 11:45:00,5,ヴィーナスシリーズ第9戦・日刊スポーツ杯,3,5320,岩崎 麗子,4,23,50.4,0,0,0.18,1.94,2.27,5.68,1.25,0,4.17,42.86,58.44,32.71,46.73
2025-07-23,2,3,2025-07-23 11:45:00,5,ヴィーナスシリーズ第9戦・日刊スポーツ杯,4,5113,黒明 花夢,4,25,45,0,0,0.2,2.41,12.82,12.82,3,16.67,25,38.2,53.65,36.11,54.63
2025-07-23,2,3,2025-07-23 11:45:00,5,ヴィーナスシリーズ第9戦・日刊スポーツ杯,5,4590,渡邉 優美,1,32,47.9,0,0,0.15,7.2,55.17,73.28,0,0,0,41.7,55.32,34.78,54.59
2025-07-23,2,3,2025-07-23 11:45:00,5,ヴィーナスシリーズ第9戦・日刊スポーツ杯,6,5370,日隈 茜,4,23,48.6,1,0,0.22,1.46,2.22,3.33,0,0,0,35.15,51.98,35.62,54.79
2025-07-23,2,4,2025-07-23 12:14:00,5,ヴィーナスシリーズ第9戦・日刊スポーツ杯,1,4414,大澤 真菜,3,38,45.5,0,0,0.17,3.85,15.28,26.39,5.14,36.11,47.22,31.1,44.5,33.49,53.11
2025-07-23,2,4,2025-07-23 12:14:00,5,ヴィーナスシリーズ第9戦・日刊スポーツ杯,2,4984,森下 愛梨,3,28,49.5,0,0,0.17,5.26,26.61,49.54,0,0,0,35.44,50.21,31.98,48.2
2025-07-23,2,4,2025-07-23 12:14:00,5,ヴィーナスシリーズ第9戦・日刊スポーツ杯,3,4726,島田 なぎさ,4,38,46.5,0,0,0.15,4.03,23.68,31.58,3.71,0,14.29,35.91,59.09,34.68,51.8
2025-07-23,2,4,2025-07-23 12:14:00,5,ヴィーナスシリーズ第9戦・日刊スポーツ杯,4,4546,浜田 亜理沙,1,37,47,1,0,0.16,6.55,44.55,60.91,6.74,46.34,63.41,35.96,53.2,29.83,43.09
2025-07-23,2,4,2025-07-23 12:14:00,5,ヴィーナスシリーズ第9戦・日刊スポーツ杯,5,4183,宇野 弥生,2,39,47.2,0,0,0.13,6.3,49.62,59.4,6.65,50,65,38.14,49.77,43.19,58.69
2025-07-23,2,4,2025-07-23 12:14:00,5,ヴィーナスシリーズ第9戦・日刊スポーツ杯,6,5390,高橋 涼夏,4,17,46,0,0,0.19,1.27,0,0,1.23,0,0,35.54,50,31.48,52.78
2025-07-23,2,5,2025-07-23 12:44:00,5,ヴィーナスシリーズ第9戦・日刊スポーツ杯,1,4924,中北 涼,3,32,48.5,0,0,0.18,4.52,19.57,38.04,3.89,11.11,11.11,33.01,49.28,36.28,52.65
2025-07-23,2,5,2025-07-23 12:44:00,5,ヴィーナスシリーズ第9戦・日刊スポーツ杯,2,4482,守屋 美穂,1,36,46,0,0,0.15,7.55,66.39,81.51,6,33.33,44.44,38.77,53.74,36.65,57.92
2025-07-23,2,5,2025-07-23 12:44:00,5,ヴィーナスシリーズ第9戦・日刊スポーツ杯,3,5182,宮崎 安奈,3,27,47,0,0,0.17,5.26,30.61,52.04,4.68,19.15,51.06,34.42,48.84,33.33,53.42
2025-07-23,2,5,2025-07-23 12:44:00,5,ヴィーナスシリーズ第9戦・日刊スポーツ杯,4,4900,中田 夕貴,2,32,46,1,0,0.17,5.45,32.47,55.84,5.01,33.33,46.88,30.29,49.52,29.33,50
2025-07-23,2,5,2025-07-23 12:44:00,5,ヴィーナスシリーズ第9戦・日刊スポーツ杯,5,3302,谷川 里江,3,58,47,0,0,0.17,5.06,31.71,48.78,4.15,20,50,30.65,48.24,27.81,44.39
2025-07-23,2,5,2025-07-23 12:44:00,5,ヴィーナスシリーズ第9戦・日刊スポーツ杯,6,5346,中村 紋夕梨,4,22,46.5,1,0,0.21,1.66,1.61,3.23,0,0,0,33.91,52.79,32.87,52.78
2025-07-23,2,6,2025-07-23 13:14:00,5,ヴィーナスシリーズ第9戦・日刊スポーツ杯,1,3580,水口 由紀,3,52,49.1,0,0,0.19,4.77,22.89,45.78,6.14,38.1,61.9,40.45,60,34.1,53
2025-07-23,2,6,2025-07-23 13:14:00,5,ヴィーナスシリーズ第9戦・日刊スポーツ杯,2,5248,本田 愛,3,23,47.8,1,0,0.18,3.81,21.74,33.33,4.84,31.58,52.63,31.22,45.5,35.53,53.51
2025-07-23,2,6,2025-07-23 13:14:00,5,ヴィーナスシリーズ第9戦・日刊スポーツ杯,3,4882,瀧川 千依,3,29,47,0,0,0.22,4.51,23.75,38.75,0,0,0,33.6,51.82,29.63,46.03
2025-07-23,2,6,2025-07-23 13:14:00,5,ヴィーナスシリーズ第9戦・日刊スポーツ杯,4,4501,樋口 由加里,2,37,46,0,0,0.16,5.61,43.7,58.82,4.24,23.53,35.29,40.5,56.61,31.43,48.57
2025-07-23,2,6,2025-07-23 13:14:00,5,ヴィーナスシリーズ第9戦・日刊スポーツ杯,5,5360,高木 茉白,4,18,47.3,0,0,0.2,2.21,2.22,6.67,1.52,0,0,34.93,52.4,37.22,53.36
2025-07-23,2,6,2025-07-23 13:14:00,5,ヴィーナスシリーズ第9戦・日刊スポーツ杯,6,3778,安達 美帆,3,49,47.2,0,0,0.19,3.53,14.71,26.47,3.85,21.95,36.59,34.07,48.67,36.68,51.97
2025-07-23,2,7,2025-07-23 13:45:00,5,ヴィーナスシリーズ第9戦・日刊スポーツ杯,1,4987,島倉 都,3,28,49.7,0,0,0.19,3.8,13.73,25.49,3.77,18.18,27.27,32.71,51.4,35.07,47.39
2025-07-23,2,7,2025-07-23 13:45:00,5,ヴィーナスシリーズ第9戦・日刊スポーツ杯,2,5283,植木 美帆,4,21,47.4,0,0,0.23,2.5,10,14,2.29,4.17,12.5,35.56,52.44,31.73,49.52
2025-07-23,2,7,2025-07-23 13:45:00,5,ヴィーナスシリーズ第9戦・日刊スポーツ杯,3,4947,間庭 菜摘,3,32,46.5,0,0,0.19,4.84,23.33,46.67,3.96,20,36,36.68,55.46,33.33,47.56
2025-07-23,2,7,2025-07-23 13:45:00,5,ヴィーナスシリーズ第9戦・日刊スポーツ杯,4,5213,湯淺 紀香,3,26,47,0,0,0.19,5.48,38.68,50.94,3.36,15.38,20.51,37.85,56.57,36.73,56.19
2025-07-23,2,7,2025-07-23 13:45:00,5,ヴィーナスシリーズ第9戦・日刊スポーツ杯,5,4845,前田 紗希,2,32,47.1,0,0,0.15,6.55,50,65.63,6.08,48.08,57.69,38.35,53.4,38.1,53.33
2025-07-23,2,7,2025-07-23 13:45:00,5,ヴィーナスシリーズ第9戦・日刊スポーツ杯,6,5387,戸田 海咲音,4,19,50.7,0,0,0.23,1.21,0,0,0,0,0,35.32,54.47,27.87,45.9
2025-07-23,2,8,2025-07-23 14:16:00,5,ヴィーナスシリーズ第9戦・日刊スポーツ杯,1,4758,富樫 麗加,3,35,52,0,0,0.19,5.32,26.58,51.9,0,0,0,33.17,48.74,30.15,46.73
2025-07-23,2,8,2025-07-23 14:16:00,5,ヴィーナスシリーズ第9戦・日刊スポーツ杯,2,4694,高田 綾,3,40,45,0,0,0.18,4.54,26.47,42.65,5.53,42.11,42.11,36.97,53.78,37.72,49.56
2025-07-23,2,8,2025-07-23 14:16:00,5,ヴィーナスシリーズ第9戦・日刊スポーツ杯,3,4984,森下 愛梨,3,28,49.5,0,0,0.17,5.26,26.61,49.54,0,0,0,35.44,50.21,31.98,48.2
2025-07-23,2,8,2025-07-23 14:16:00,5,ヴィーナスシリーズ第9戦・日刊スポーツ杯,4,4746,大豆生田 蒼,2,30,46,0,0,0.18,6.25,41.98,60.49,6.57,52.83,66.04,34.98,54.26,33.49,50
2025-07-23,2,8,2025-07-23 14:16:00,5,ヴィーナスシリーズ第9戦・日刊スポーツ杯,5,5357,田中 瀬里奈,4,20,53.7,0,0,0.22,1.55,1.18,1.18,1.48,0,2.5,32.76,49.14,38.03,53.05
2025-07-23,2,8,2025-07-23 14:16:00,5,ヴィーナスシリーズ第9戦・日刊スポーツ杯,6,5391,出穂 和鼓,4,17,53.3,0,0,0.22,1.26,0,0,0,0,0,33.73,51.41,36.7,52.75
2025-07-23,2,9,2025-07-23 14:48:00,5,ヴィーナスシリーズ第9戦・日刊スポーツ杯,1,5113,黒明 花夢,4,25,45,0,0,0.2,2.41,12.82,12.82,3,16.67,25,38.2,53.65,36.11,54.63
2025-07-23,2,9,2025-07-23 14:48:00,5,ヴィーナスシリーズ第9戦・日刊スポーツ杯,2,3474,松瀬 弘美,3,55,46.5,0,0,0.17,5.59,34.58,57.01,5.61,36.84,60.53,34.6,51.66,34.12,47.39
2025-07-23,2,9,2025-07-23 14:48:00,5,ヴィーナスシリーズ第9戦・日刊スポーツ杯,3,5003,来田 衣織,3,29,52.9,0,0,0.19,3.93,20.59,33.33,4.15,15,35,37.44,47.58,37.38,57.48
2025-07-23,2,9,2025-07-23 14:48:00,5,ヴィーナスシリーズ第9戦・日刊スポーツ杯,4,4414,大澤 真菜,3,38,44.5,0,0,0.17,3.85,15.28,26.39,5.14,36.11,47.22,31.1,44.5,33.49,53.11
2025-07-23,2,9,2025-07-23 14:48:00,5,ヴィーナスシリーズ第9戦・日刊スポーツ杯,5,5390,高橋 涼夏,4,17,46.5,0,0,0.19,1.27,0,0,1.23,0,0,35.54,50,31.48,52.78
2025-07-23,2,9,2025-07-23 14:48:00,5,ヴィーナスシリーズ第9戦・日刊スポーツ杯,6,5320,岩崎 麗子,4,23,50.7,0,0,0.18,1.94,2.27,5.68,1.25,0,4.17,42.86,58.44,32.71,46.73
2025-07-23,2,10,2025-07-23 15:21:00,5,ヴィーナスシリーズ第9戦・日刊スポーツ杯,1,4183,宇野 弥生,2,39,47.2,0,0,0.13,6.3,49.62,59.4,6.65,50,65,38.14,49.77,43.19,58.69
2025-07-23,2,10,2025-07-23 15:21:00,5,ヴィーナスシリーズ第9戦・日刊スポーツ杯,2,4501,樋口 由加里,2,37,46,0,0,0.16,5.61,43.7,58.82,4.24,23.53,35.29,40.5,56.61,31.43,48.57
2025-07-23,2,10,2025-07-23 15:21:00,5,ヴィーナスシリーズ第9戦・日刊スポーツ杯,3,4900,中田 夕貴,2,32,46,1,0,0.17,5.45,32.47,55.84,5.01,33.33,46.88,30.29,49.52,29.33,50
2025-07-23,2,10,2025-07-23 15:21:00,5,ヴィーナスシリーズ第9戦・日刊スポーツ杯,4,5182,宮崎 安奈,3,27,47,0,0,0.17,5.26,30.61,52.04,4.68,19.15,51.06,34.42,48.84,33.33,53.42
2025-07-23,2,10,2025-07-23 15:21:00,5,ヴィーナスシリーズ第9戦・日刊スポーツ杯,5,4373,若狭 奈美子,2,37,46.5,0,0,0.19,6.66,50.45,72.07,6.3,37.04,74.07,36.91,58.8,33.94,50.46
2025-07-23,2,10,2025-07-23 15:21:00,5,ヴィーナスシリーズ第9戦・日刊スポーツ杯,6,5287,滝沢 織寧,3,25,46.5,1,0,0.16,3.81,15.94,30.43,2.95,9.57,21.28,37.44,58.9,42.99,56.54
2025-07-23,2,11,2025-07-23 15:55:00,5,ヴィーナスシリーズ第9戦・日刊スポーツ杯,1,4845,前田 紗希,2,32,47.1,0,0,0.15,6.55,50,65.63,6.08,48.08,57.69,38.35,53.4,38.1,53.33
2025-07-23,2,11,2025-07-23 15:55:00,5,ヴィーナスシリーズ第9戦・日刊スポーツ杯,2,4791,黒澤 めぐみ,2,35,47,0,0,0.16,6.15,45.08,63.93,5.27,33.33,43.33,34.45,51.68,37.73,51.36
2025-07-23,2,11,2025-07-23 15:55:00,5,ヴィーナスシリーズ第9戦・日刊スポーツ杯,3,4546,浜田 亜理沙,1,37,47,1,0,0.16,6.55,44.55,60.91,6.74,46.34,63.41,35.96,53.2,29.83,43.09
2025-07-23,2,11,2025-07-23 15:55:00,5,ヴィーナスシリーズ第9戦・日刊スポーツ杯,4,4947,間庭 菜摘,3,32,46.5,0,0,0.19,4.84,23.33,46.67,3.96,20,36,36.68,55.46,33.33,47.56
2025-07-23,2,11,2025-07-23 15:55:00,5,ヴィーナスシリーズ第9戦・日刊スポーツ杯,5,4680,後藤 美翼,3,35,47,0,0,0.2,4.89,24.29,45.71,2.57,0,14.29,39.55,55,34.84,51.13
2025-07-23,2,11,2025-07-23 15:55:00,5,ヴィーナスシリーズ第9戦・日刊スポーツ杯,6,3580,水口 由紀,3,52,49.1,0,0,0.19,4.77,22.89,45.78,6.14,38.1,61.9,40.45,60,34.1,53
2025-07-23,2,12,2025-07-23 16:30:00,5,ヴィーナスシリーズ第9戦・日刊スポーツ杯,1,4590,渡邉 優美,1,32,47.9,0,0,0.15,7.2,55.17,73.28,0,0,0,41.7,55.32,34.78,54.59
2025-07-23,2,12,2025-07-23 16:30:00,5,ヴィーナスシリーズ第9戦・日刊スポーツ杯,2,4746,大豆生田 蒼,2,30,46,0,0,0.18,6.25,41.98,60.49,6.57,52.83,66.04,34.98,54.26,33.49,50
2025-07-23,2,12,2025-07-23 16:30:00,5,ヴィーナスシリーズ第9戦・日刊スポーツ杯,3,5213,湯淺 紀香,3,26,47,0,0,0.19,5.48,38.68,50.94,3.36,15.38,20.51,37.85,56.57,36.73,56.19
2025-07-23,2,12,2025-07-23 16:30:00,5,ヴィーナスシリーズ第9戦・日刊スポーツ杯,4,4726,島田 なぎさ,4,38,46.5,0,0,0.15,4.03,23.68,31.58,3.71,0,14.29,35.91,59.09,34.68,51.8
2025-07-23,2,12,2025-07-23 16:30:00,5,ヴィーナスシリーズ第9戦・日刊スポーツ杯,5,4482,守屋 美穂,1,36,46,0,0,0.15,7.55,66.39,81.51,6,33.33,44.44,38.77,53.74,36.65,57.92
2025-07-23,2,12,2025-07-23 16:30:00,5,ヴィーナスシリーズ第9戦・日刊スポーツ杯,6,4758,富樫 麗加,3,35,52,0,0,0.19,5.32,26.58,51.9,0,0,0,33.17,48.74,30.15,46.73
2025-07-23,3,1,2025-07-23 11:15:00,5,第25回スカッとさわやか杯,1,5128,坪井 爽佑,4,28,57.6,0,0,0.2,2.98,13.21,18.87,4.71,28.57,42.86,31.82,50,29.27,41.46
2025-07-23,3,1,2025-07-23 11:15:00,5,第25回スカッとさわやか杯,2,3445,加藤 高史,4,55,52.1,0,0,0.22,5.08,30.77,50.55,0,0,0,27.5,42.5,46.15,56.41
2025-07-23,3,1,2025-07-23 11:15:00,5,第25回スカッとさわやか杯,3,4181,花本 夏樹,3,41,53.7,0,0,0.18,4.35,21.77,37.9,5.68,21.43,64.29,8.11,18.92,32.5,45
2025-07-23,3,1,2025-07-23 11:15:00,5,第25回スカッとさわやか杯,4,4081,樋口 範政,3,46,56.4,0,0,0.19,4,17.78,33.33,4.45,22.45,38.78,30.77,41.03,25,47.5
2025-07-23,3,1,2025-07-23 11:15:00,5,第25回スカッとさわやか杯,5,5245,倉富 大誠,3,23,52.3,0,0,0.18,5.17,31.68,46.53,3.85,20.55,32.88,35.14,51.35,38.64,47.73
2025-07-23,3,1,2025-07-23 11:15:00,5,第25回スカッとさわやか杯,6,5331,佐藤 永梧,4,21,55.5,0,0,0.15,3.35,17.65,25.49,1.11,0,0,36.11,44.44,45.65,67.39
2025-07-23,3,2,2025-07-23 11:45:00,5,第25回スカッとさわやか杯,1,4587,木田 峰由季,2,34,54.1,0,0,0.16,5.66,38.75,60,3.55,18.18,27.27,28.95,50,43.24,59.46
2025-07-23,3,2,2025-07-23 11:45:00,5,第25回スカッとさわやか杯,2,4715,村上 遼,1,33,52.2,0,0,0.13,6.91,54.26,68.22,5.82,36.36,45.45,18.6,27.91,38.1,50
2025-07-23,3,2,2025-07-23 11:45:00,5,第25回スカッとさわやか杯,3,4792,杉村 賢也,3,35,52,0,0,0.18,5.71,39.42,61.54,5.13,33.33,47.62,18.42,31.58,56.82,77.27
2025-07-23,3,2,2025-07-23 11:45:00,5,第25回スカッとさわやか杯,4,5236,小宮 涼雅,3,26,52.6,0,0,0.19,3.03,6.52,18.48,2.25,0,10,38.89,55.56,43.9,58.54
2025-07-23,3,2,2025-07-23 11:45:00,5,第25回スカッとさわやか杯,5,5252,荒木 颯斗,3,22,52,0,0,0.16,5.39,35,52.5,4.28,17.02,40.43,35.56,66.67,46.67,55.56
2025-07-23,3,2,2025-07-23 11:45:00,5,第25回スカッとさわやか杯,6,5183,中野 孝二,3,26,54.6,0,0,0.17,4.75,27.47,47.25,3.79,17.86,28.57,23.81,33.33,21.43,42.86
2025-07-23,3,3,2025-07-23 12:11:00,5,第25回スカッとさわやか杯,1,3869,井芹 大志,3,49,54.5,0,0,0.17,4.1,19.59,36.08,5.07,25.93,44.44,34.09,47.73,43.48,58.7
2025-07-23,3,3,2025-07-23 12:11:00,5,第25回スカッとさわやか杯,2,4624,高田 明,2,40,50.5,0,0,0.18,6.13,43.59,62.39,7.65,65.38,84.62,18.75,40.63,28.89,42.22
2025-07-23,3,3,2025-07-23 12:11:00,5,第25回スカッとさわやか杯,3,4068,幸田 智裕,3,45,52.8,0,0,0.16,5.18,29.52,47.62,6.24,47.06,64.71,37.14,51.43,39.02,53.66
2025-07-23,3,3,2025-07-23 12:11:00,5,第25回スカッとさわやか杯,4,4754,松尾 充,1,36,50,0,0,0.15,6.39,46.77,66.94,5.21,28.57,50,45.95,56.76,40.91,68.18
2025-07-23,3,3,2025-07-23 12:11:00,5,第25回スカッとさわやか杯,5,5308,藤森 拓海,3,20,53.6,0,0,0.21,3.49,13.68,28.42,3.7,0,40,34.21,63.16,26.67,44.44
2025-07-23,3,3,2025-07-23 12:11:00,5,第25回スカッとさわやか杯,6,4380,鈴木 峻佑,3,40,52.4,0,0,0.17,4.41,22.61,36.52,5,30,50,41.3,56.52,34.21,39.47
2025-07-23,3,4,2025-07-23 12:37:00,5,第25回スカッとさわやか杯,1,4458,抹香 雄三,3,39,52.7,0,0,0.15,5.17,33.06,51.24,5.76,33.33,57.58,36.84,57.89,36.84,44.74
2025-07-23,3,4,2025-07-23 12:37:00,5,第25回スカッとさわやか杯,2,5208,屋良 龍紀,3,27,51.5,0,0,0.14,4.23,19.23,36.54,3.62,17.24,27.59,46.15,66.67,31.71,43.9
2025-07-23,3,4,2025-07-23 12:37:00,5,第25回スカッとさわやか杯,3,4797,中山 将,2,33,53.3,1,0,0.15,5.95,42.86,61.9,5.19,31.25,50,28.57,42.86,42.11,47.37
2025-07-23,3,4,2025-07-23 12:37:00,5,第25回スカッとさわやか杯,4,5279,石渡 翔一郎,3,22,52,0,0,0.15,4.97,27.87,44.26,5.01,32.88,48.63,27.03,51.35,30.95,45.24
2025-07-23,3,4,2025-07-23 12:37:00,5,第25回スカッとさわやか杯,5,5016,宮田 龍馬,1,27,52,0,0,0.14,5.9,34.48,60.92,5.73,40.91,63.64,41.03,53.85,30.95,54.76
2025-07-23,3,4,2025-07-23 12:37:00,5,第25回スカッとさわやか杯,6,4995,田邉 亮蔵,3,34,53.3,0,0,0.19,4.13,26.42,33.02,5,31.07,47.57,37.5,54.17,43.24,54.05
2025-07-23,3,5,2025-07-23 13:03:00,5,第25回スカッとさわやか杯,1,4815,伏島 祐介,3,35,52,0,0,0.18,5.61,38.95,58.95,4.62,25.74,39.6,26.19,42.86,20.51,48.72
2025-07-23,3,5,2025-07-23 13:03:00,5,第25回スカッとさわやか杯,2,4581,吉村 誠,2,36,52,0,0,0.14,6.24,45.69,67.24,4.98,26.92,46.15,25,38.64,25,52.5
2025-07-23,3,5,2025-07-23 13:03:00,5,第25回スカッとさわやか杯,3,3990,芹澤 克彦,3,46,52,0,0,0.15,5.16,34,45,4.32,32.26,35.48,15.91,38.64,37.84,54.05
2025-07-23,3,5,2025-07-23 13:03:00,5,第25回スカッとさわやか杯,4,5042,畑田 汰一,1,26,52,0,0,0.11,6.93,52.8,69.6,6.5,40.91,59.09,33.33,43.59,23.08,43.59
2025-07-23,3,5,2025-07-23 13:03:00,5,第25回スカッとさわやか杯,5,3445,加藤 高史,4,55,52.1,0,0,0.22,5.08,30.77,50.55,0,0,0,27.5,42.5,46.15,56.41
2025-07-23,3,5,2025-07-23 13:03:00,5,第25回スカッとさわやか杯,6,4861,田中 宏樹,3,37,52.5,0,0,0.17,5.28,33.98,51.46,5.31,28.81,50.85,48.72,61.54,43.59,69.23
2025-07-23,3,6,2025-07-23 13:29:00,5,第25回スカッとさわやか杯,1,4898,菊地 敬介,3,33,54.4,0,0,0.19,4.53,20.25,35.44,3.82,20,29.09,42.86,52.38,52.27,65.91
2025-07-23,3,6,2025-07-23 13:29:00,5,第25回スカッとさわやか杯,2,4181,花本 夏樹,3,41,53.7,0,0,0.18,4.35,21.77,37.9,5.68,21.43,64.29,8.11,18.92,32.5,45
2025-07-23,3,6,2025-07-23 13:29:00,5,第25回スカッとさわやか杯,3,4552,杉山 勝匡,2,36,52,0,0,0.15,5.41,38.18,53.64,6.2,40,50,57.78,71.11,26.19,50
2025-07-23,3,6,2025-07-23 13:29:00,5,第25回スカッとさわやか杯,4,3548,室田 泰史,2,55,52.5,0,0,0.14,5.71,38.1,60,7.38,61.54,80.77,31.82,50,27.91,48.84
2025-07-23,3,6,2025-07-23 13:29:00,5,第25回スカッとさわやか杯,5,5236,小宮 涼雅,3,26,52.6,0,0,0.19,3.03,6.52,18.48,2.25,0,10,38.89,55.56,43.9,58.54
2025-07-23,3,6,2025-07-23 13:29:00,5,第25回スカッとさわやか杯,6,4097,貫地谷 直人,3,43,55.7,0,0,0.21,3.9,15.12,30.23,5.17,30.56,47.22,19.44,36.11,33.33,54.76
2025-07-23,3,7,2025-07-23 13:56:00,5,第25回スカッとさわやか杯,1,3834,細川 明人,3,50,54.8,0,0,0.21,3.92,24.68,32.47,5.35,36.51,52.38,26.83,41.46,38.64,45.45
2025-07-23,3,7,2025-07-23 13:56:00,5,第25回スカッとさわやか杯,2,3517,高橋 勲,2,57,53.5,0,0,0.14,5.46,36.92,51.54,5.77,37.21,62.79,23.08,48.72,20,40
2025-07-23,3,7,2025-07-23 13:56:00,5,第25回スカッとさわやか杯,3,5308,藤森 拓海,3,20,53.6,0,0,0.21,3.49,13.68,28.42,3.7,0,40,34.21,63.16,26.67,44.44
2025-07-23,3,7,2025-07-23 13:56:00,5,第25回スカッとさわやか杯,4,5183,中野 孝二,3,26,54.6,0,0,0.17,4.75,27.47,47.25,3.79,17.86,28.57,23.81,33.33,21.43,42.86
2025-07-23,3,7,2025-07-23 13:56:00,5,第25回スカッとさわやか杯,5,4535,北山 康介,1,35,52,0,0,0.13,7.26,63.33,74.44,5.38,25,37.5,38.64,47.73,11.36,31.82
2025-07-23,3,7,2025-07-23 13:56:00,5,第25回スカッとさわやか杯,6,5103,芝田 京介,3,27,53.5,1,0,0.19,3.81,16.18,32.35,4.08,17.35,37.76,20.93,41.86,29.73,37.84
2025-07-23,3,8,2025-07-23 14:24:00,5,第25回スカッとさわやか杯,1,4081,樋口 範政,3,46,56.4,0,0,0.19,4,17.78,33.33,4.45,22.45,38.78,30.77,41.03,25,47.5
2025-07-23,3,8,2025-07-23 14:24:00,5,第25回スカッとさわやか杯,2,5170,佐藤 太亮,3,24,51.5,1,0,0.16,4.26,27.69,40,4.14,28.57,28.57,32.5,65,34.78,43.48
2025-07-23,3,8,2025-07-23 14:24:00,5,第25回スカッとさわやか杯,3,4995,田邉 亮蔵,3,34,53.3,0,0,0.19,4.13,26.42,33.02,5,31.07,47.57,37.5,54.17,43.24,54.05
2025-07-23,3,8,2025-07-23 14:24:00,5,第25回スカッとさわやか杯,4,4380,鈴木 峻佑,3,40,52.4,0,0,0.17,4.41,22.61,36.52,5,30,50,41.3,56.52,34.21,39.47
2025-07-23,3,8,2025-07-23 14:24:00,5,第25回スカッとさわやか杯,5,4124,池田 雄一,1,43,52,1,0,0.16,6.89,59.2,70.4,5.88,29.41,64.71,40.48,64.29,33.33,52.78
2025-07-23,3,8,2025-07-23 14:24:00,5,第25回スカッとさわやか杯,6,4232,笠 雅雄,3,42,57.8,1,0,0.17,4.1,21.74,33.33,3.93,21.43,35.71,48.65,70.27,26.09,43.48
2025-07-23,3,9,2025-07-23 14:52:00,5,第25回スカッとさわやか杯,1,5016,宮田 龍馬,1,27,52,0,0,0.14,5.9,34.48,60.92,5.73,40.91,63.64,41.03,53.85,30.95,54.76
2025-07-23,3,9,2025-07-23 14:52:00,5,第25回スカッとさわやか杯,2,5042,畑田 汰一,1,26,52,0,0,0.11,6.93,52.8,69.6,6.5,40.91,59.09,33.33,43.59,23.08,43.59
2025-07-23,3,9,2025-07-23 14:52:00,5,第25回スカッとさわやか杯,3,5245,倉富 大誠,3,23,52.3,0,0,0.18,5.17,31.68,46.53,3.85,20.55,32.88,35.14,51.35,38.64,47.73
2025-07-23,3,9,2025-07-23 14:52:00,5,第25回スカッとさわやか杯,4,5252,荒木 颯斗,3,22,52,0,0,0.16,5.39,35,52.5,4.28,17.02,40.43,35.56,66.67,46.67,55.56
2025-07-23,3,9,2025-07-23 14:52:00,5,第25回スカッとさわやか杯,5,4068,幸田 智裕,3,45,52.8,0,0,0.16,5.18,29.52,47.62,6.24,47.06,64.71,37.14,51.43,39.02,53.66
2025-07-23,3,9,2025-07-23 14:52:00,5,第25回スカッとさわやか杯,6,4420,津久井 拓也,2,37,52.3,0,0,0.17,5.86,41.94,61.29,6.36,45.95,68.92,39.53,48.84,35.14,59.46
2025-07-23,3,10,2025-07-23 15:22:00,5,第25回スカッとさわやか杯,1,4754,松尾 充,1,36,50,0,0,0.15,6.39,46.77,66.94,5.21,28.57,50,45.95,56.76,40.91,68.18
2025-07-23,3,10,2025-07-23 15:22:00,5,第25回スカッとさわやか杯,2,4552,杉山 勝匡,2,36,52,0,0,0.15,5.41,38.18,53.64,6.2,40,50,57.78,71.11,26.19,50
2025-07-23,3,10,2025-07-23 15:22:00,5,第25回スカッとさわやか杯,3,5279,石渡 翔一郎,3,22,52,0,0,0.15,4.97,27.87,44.26,5.01,32.88,48.63,27.03,51.35,30.95,45.24
2025-07-23,3,10,2025-07-23 15:22:00,5,第25回スカッとさわやか杯,4,5128,坪井 爽佑,4,28,57.6,0,0,0.2,2.98,13.21,18.87,4.71,28.57,42.86,31.82,50,29.27,41.46
2025-07-23,3,10,2025-07-23 15:22:00,5,第25回スカッとさわやか杯,5,4715,村上 遼,1,33,52.2,0,0,0.13,6.91,54.26,68.22,5.82,36.36,45.45,18.6,27.91,38.1,50
2025-07-23,3,10,2025-07-23 15:22:00,5,第25回スカッとさわやか杯,6,4752,西尾 亮輔,3,37,52,0,0,0.18,4.5,22.33,44.66,4.03,19.44,33.33,55.81,62.79,26.47,35.29
2025-07-23,3,11,2025-07-23 15:53:00,5,第25回スカッとさわやか杯,1,4535,北山 康介,1,35,52,0,0,0.13,7.26,63.33,74.44,5.38,25,37.5,38.64,47.73,11.36,31.82
2025-07-23,3,11,2025-07-23 15:53:00,5,第25回スカッとさわやか杯,2,4957,竹之内 極,3,30,53.6,0,0,0.17,4.96,26,50,5.48,36,60,32.5,42.5,28.13,59.38
2025-07-23,3,11,2025-07-23 15:53:00,5,第25回スカッとさわやか杯,3,4097,貫地谷 直人,3,43,55.7,0,0,0.21,3.9,15.12,30.23,5.17,30.56,47.22,19.44,36.11,33.33,54.76
2025-07-23,3,11,2025-07-23 15:53:00,5,第25回スカッとさわやか杯,4,4581,吉村 誠,2,36,52,0,0,0.14,6.24,45.69,67.24,4.98,26.92,46.15,25,38.64,25,52.5
2025-07-23,3,11,2025-07-23 15:53:00,5,第25回スカッとさわやか杯,5,4797,中山 将,2,33,53.3,1,0,0.15,5.95,42.86,61.9,5.19,31.25,50,28.57,42.86,42.11,47.37
2025-07-23,3,11,2025-07-23 15:53:00,5,第25回スカッとさわやか杯,6,5331,佐藤 永梧,4,21,55.5,0,0,0.15,3.35,17.65,25.49,1.11,0,0,36.11,44.44,45.65,67.39
2025-07-23,3,12,2025-07-23 16:25:00,5,第25回スカッとさわやか杯,1,4124,池田 雄一,1,43,52,1,0,0.16,6.89,59.2,70.4,5.88,29.41,64.71,40.48,64.29,33.33,52.78
2025-07-23,3,12,2025-07-23 16:25:00,5,第25回スカッとさわやか杯,2,3548,室田 泰史,2,55,52.5,0,0,0.14,5.71,38.1,60,7.38,61.54,80.77,31.82,50,27.91,48.84
2025-07-23,3,12,2025-07-23 16:25:00,5,第25回スカッとさわやか杯,3,4587,木田 峰由季,2,34,54.1,0,0,0.16,5.66,38.75,60,3.55,18.18,27.27,28.95,50,43.24,59.46
2025-07-23,3,12,2025-07-23 16:25:00,5,第25回スカッとさわやか杯,4,3990,芹澤 克彦,3,46,52,0,0,0.15,5.16,34,45,4.32,32.26,35.48,15.91,38.64,37.84,54.05
2025-07-23,3,12,2025-07-23 16:25:00,5,第25回スカッとさわやか杯,5,4458,抹香 雄三,3,39,52.7,0,0,0.15,5.17,33.06,51.24,5.76,33.33,57.58,36.84,57.89,36.84,44.74
2025-07-23,3,12,2025-07-23 16:25:00,5,第25回スカッとさわやか杯,6,4624,高田 明,2,40,50.5,0,0,0.18,6.13,43.59,62.39,7.65,65.38,84.62,18.75,40.63,28.89,42.22
2025-07-23,4,1,2025-07-23 11:53:00,5,トランスワードトロフィー東京大阪福岡三都市対抗戦,1,5004,河野 主樹,4,29,52,1,0,0.16,4.46,24.07,38.89,6,30,70,28,56,34.38,53.13
2025-07-23,4,1,2025-07-23 11:53:00,5,トランスワードトロフィー東京大阪福岡三都市対抗戦,2,4865,立具 敬司,3,35,52,0,0,0.18,4.22,20.41,32.65,2.78,11.11,22.22,26.47,41.18,28.57,47.62
2025-07-23,4,1,2025-07-23 11:53:00,5,トランスワードトロフィー東京大阪福岡三都市対抗戦,3,5253,藤井 太雅,3,22,51.5,0,0,0.16,4.55,20.73,40.24,2.61,9.68,14.52,52,64,32,48
2025-07-23,4,1,2025-07-23 11:53:00,5,トランスワードトロフィー東京大阪福岡三都市対抗戦,4,4083,福島 勇樹,2,45,52,0,0,0.15,5.27,33.33,46.67,6.06,46.15,65.38,38.1,42.86,25,50
2025-07-23,4,1,2025-07-23 11:53:00,5,トランスワードトロフィー東京大阪福岡三都市対抗戦,5,5382,山下 心一,4,20,52,0,0,0.19,2.08,4.05,12.16,0,0,0,35.29,55.88,37.04,55.56
2025-07-23,4,1,2025-07-23 11:53:00,5,トランスワードトロフィー東京大阪福岡三都市対抗戦,6,4406,幸野 史明,3,40,52,0,0,0.16,4.31,21.93,38.6,4.89,33.33,44.44,21.74,34.78,37.14,65.71
2025-07-23,4,2,2025-07-23 12:22:00,5,トランスワードトロフィー東京大阪福岡三都市対抗戦,1,4082,濱崎 誠,3,45,52,0,0,0.18,5.14,36.96,46.74,0,0,0,40,46.67,44.44,55.56
2025-07-23,4,2,2025-07-23 12:22:00,5,トランスワードトロフィー東京大阪福岡三都市対抗戦,2,4424,松尾 昂明,2,40,52,0,0,0.16,6.01,41.82,60,6.3,51.52,60.61,44.44,59.26,0,4.35
2025-07-23,4,2,2025-07-23 12:22:00,5,トランスワードトロフィー東京大阪福岡三都市対抗戦,3,4397,西村 拓也,1,38,52,0,0,0.13,7.15,51.05,69.23,6.5,50,55.56,32.14,46.43,30.77,46.15
2025-07-23,4,2,2025-07-23 12:22:00,5,トランスワードトロフィー東京大阪福岡三都市対抗戦,4,4180,上野 秀和,3,42,56.7,0,0,0.19,4.28,25,37.5,4.13,6.67,33.33,23.08,46.15,29.63,48.15
2025-07-23,4,2,2025-07-23 12:22:00,5,トランスワードトロフィー東京大阪福岡三都市対抗戦,5,5359,佐藤 世那,3,19,52,0,0,0.21,2.28,1.35,10.81,1.83,0,4.76,48.28,55.17,28,44
2025-07-23,4,2,2025-07-23 12:22:00,5,トランスワードトロフィー東京大阪福岡三都市対抗戦,6,4875,大塚 康雅,3,31,51.5,0,0,0.18,5.08,33.02,45.28,4.43,25,40,44.44,70.37,53.85,65.38
2025-07-23,4,3,2025-07-23 12:52:00,5,トランスワードトロフィー東京大阪福岡三都市対抗戦,1,4059,入澤 友治,3,46,52.7,0,0,0.15,5.46,42.11,51.75,5.38,45.9,50.82,19.05,52.38,48.15,74.07
2025-07-23,4,3,2025-07-23 12:52:00,5,トランスワードトロフィー東京大阪福岡三都市対抗戦,2,5029,中 亮太,2,28,52.3,0,0,0.15,6.13,50.86,62.93,4,20,40,38.46,46.15,51.85,59.26
2025-07-23,4,3,2025-07-23 12:52:00,5,トランスワードトロフィー東京大阪福岡三都市対抗戦,3,3940,飯山 泰,1,47,52,0,0,0.15,6.4,45.19,62.96,6.18,38.6,57.89,38.46,46.15,45.71,71.43
2025-07-23,4,3,2025-07-23 12:52:00,5,トランスワードトロフィー東京大阪福岡三都市対抗戦,4,5022,伊藤 尚汰,3,30,50,0,0,0.18,4.49,19.28,38.55,4.78,22.22,40.74,46.88,62.5,32,32
2025-07-23,4,3,2025-07-23 12:52:00,5,トランスワードトロフィー東京大阪福岡三都市対抗戦,5,3736,岡本 猛,3,51,51.5,0,0,0.18,4.57,22.58,46.24,5.71,35.29,52.94,28,52,29.41,58.82
2025-07-23,4,3,2025-07-23 12:52:00,5,トランスワードトロフィー東京大阪福岡三都市対抗戦,6,3915,繁野谷 圭介,2,51,52,0,0,0.18,5.49,34.17,55.83,5.76,48,56,21.43,46.43,42.31,53.85
2025-07-23,4,4,2025-07-23 13:22:00,5,トランスワードトロフィー東京大阪福岡三都市対抗戦,1,4485,楠原 正剛,3,39,53.2,1,0,0.16,5.62,40.79,52.63,5.11,38.89,44.44,16,40,26.09,39.13
2025-07-23,4,4,2025-07-23 13:22:00,5,トランスワードトロフィー東京大阪福岡三都市対抗戦,2,5190,大月 遊雅,3,24,52,0,0,0.22,3.7,18.75,28.13,3.31,15.63,31.25,37.5,56.25,52,64
2025-07-23,4,4,2025-07-23 13:22:00,5,トランスワードトロフィー東京大阪福岡三都市対抗戦,3,4384,鶴本 崇文,1,40,52.9,0,0,0.16,6.69,48.41,71.43,7.23,60,72.5,25.93,51.85,29.63,40.74
2025-07-23,4,4,2025-07-23 13:22:00,5,トランスワードトロフィー東京大阪福岡三都市対抗戦,4,4779,伊倉 光,3,39,52,1,0,0.16,4.7,26.53,41.84,4.56,22.81,36.84,29.17,58.33,32.35,55.88
2025-07-23,4,4,2025-07-23 13:22:00,5,トランスワードトロフィー東京大阪福岡三都市対抗戦,5,4234,野相 弘司,3,41,56.7,1,0,0.16,4.22,24.73,36.56,5.71,42.86,71.43,46.15,65.38,30,30
2025-07-23,4,4,2025-07-23 13:22:00,5,トランスワードトロフィー東京大阪福岡三都市対抗戦,6,3161,古場 輝義,2,65,52.8,0,0,0.19,5.49,35.4,60.18,5.48,32.26,58.06,37.93,44.83,38.71,51.61
2025-07-23,4,5,2025-07-23 13:53:00,5,トランスワードトロフィー東京大阪福岡三都市対抗戦,1,4393,田中 孝明,3,39,57.1,0,0,0.2,4.5,22.34,45.74,0,0,0,46.15,61.54,38.46,53.85
2025-07-23,4,5,2025-07-23 13:53:00,5,トランスワードトロフィー東京大阪福岡三都市対抗戦,2,4967,中村 魁生,2,27,52,0,0,0.15,6.2,43.93,62.62,5.55,40.91,63.64,32,44,20.83,37.5
2025-07-23,4,5,2025-07-23 13:53:00,5,トランスワードトロフィー東京大阪福岡三都市対抗戦,3,2878,富山 弘幸,3,67,53,0,0,0.18,5.25,27.05,51.64,6.11,37.04,62.96,23.08,42.31,39.39,66.67
2025-07-23,4,5,2025-07-23 13:53:00,5,トランスワードトロフィー東京大阪福岡三都市対抗戦,4,4085,荻野 裕介,4,45,52.5,0,0,0.23,5.58,35.56,48.89,5.15,30.77,46.15,19.23,34.62,43.75,62.5
2025-07-23,4,5,2025-07-23 13:53:00,5,トランスワードトロフィー東京大阪福岡三都市対抗戦,5,4100,松田 隆司,3,46,52.4,0,0,0.17,4.46,21.15,44.23,5.67,33.33,66.67,28.57,42.86,15.38,30.77
2025-07-23,4,5,2025-07-23 13:53:00,5,トランスワードトロフィー東京大阪福岡三都市対抗戦,6,3590,濱野谷 憲吾,1,51,53.1,0,0,0.14,7.49,62.86,74.29,7.69,62.67,73.33,35.29,52.94,25.81,41.94
2025-07-23,4,6,2025-07-23 14:24:00,5,トランスワードトロフィー東京大阪福岡三都市対抗戦,1,4093,吉田 宗弘,3,44,50.5,0,0,0.22,4.08,21.36,32.04,4.72,29.82,45.61,50,67.86,41.67,45.83
2025-07-23,4,6,2025-07-23 14:24:00,5,トランスワードトロフィー東京大阪福岡三都市対抗戦,2,5004,河野 主樹,4,29,52.4,1,0,0.16,4.46,24.07,38.89,6,30,70,28,56,34.38,53.13
2025-07-23,4,6,2025-07-23 14:24:00,5,トランスワードトロフィー東京大阪福岡三都市対抗戦,3,4551,三川 昂暁,2,36,52.9,0,0,0.18,5.33,31,55,5.41,31.25,50,24.24,36.36,29.41,41.18
2025-07-23,4,6,2025-07-23 14:24:00,5,トランスワードトロフィー東京大阪福岡三都市対抗戦,4,4413,水摩 敦,1,39,51.5,1,0,0.17,6.25,46.9,61.95,6,37.5,62.5,52,64,59.26,59.26
2025-07-23,4,6,2025-07-23 14:24:00,5,トランスワードトロフィー東京大阪福岡三都市対抗戦,5,4039,村上 功祐,3,46,56.4,0,0,0.16,5.93,40.23,65.52,5.71,39.02,51.22,35.71,53.57,24.32,51.35
2025-07-23,4,6,2025-07-23 14:24:00,5,トランスワードトロフィー東京大阪福岡三都市対抗戦,6,5007,近藤 雄一郎,3,28,53,0,0,0.18,4.3,19,40,4.68,26.47,50,35.71,60.71,41.94,51.61
2025-07-23,4,7,2025-07-23 14:56:00,5,トランスワードトロフィー東京大阪福岡三都市対抗戦,1,3432,宮迫 暢彦,3,57,52,0,0,0.18,4.88,28.57,49.52,5.64,46.43,53.57,53.85,57.69,46.15,69.23
2025-07-23,4,7,2025-07-23 14:56:00,5,トランスワードトロフィー東京大阪福岡三都市対抗戦,2,5135,仲 航太,2,25,52.8,0,0,0.15,5.52,35.24,56.19,5.55,36.59,56.1,30.77,53.85,52.38,66.67
2025-07-23,4,7,2025-07-23 14:56:00,5,トランスワードトロフィー東京大阪福岡三都市対抗戦,3,5207,高山 敬悟,4,27,52.8,0,0,0.2,4.45,26.15,35.38,3.47,17.65,29.41,26.92,38.46,26.92,46.15
2025-07-23,4,7,2025-07-23 14:56:00,5,トランスワードトロフィー東京大阪福岡三都市対抗戦,4,4406,幸野 史明,3,40,52,0,0,0.16,4.31,21.93,38.6,4.89,33.33,44.44,21.74,34.78,37.14,65.71
2025-07-23,4,7,2025-07-23 14:56:00,5,トランスワードトロフィー東京大阪福岡三都市対抗戦,5,4311,岡村 仁,1,41,53.7,0,0,0.17,6.53,50,72.37,7.88,75,87.5,43.33,53.33,36,64
2025-07-23,4,7,2025-07-23 14:56:00,5,トランスワードトロフィー東京大阪福岡三都市対抗戦,6,5359,佐藤 世那,3,19,52,0,0,0.21,2.28,1.35,10.81,1.83,0,4.76,48.28,55.17,28,44
2025-07-23,4,8,2025-07-23 15:29:00,5,トランスワードトロフィー東京大阪福岡三都市対抗戦,1,4598,加藤 政彦,1,41,52,0,0,0.16,6.23,44.25,62.83,6.53,51.16,69.77,33.33,66.67,39.39,51.52
2025-07-23,4,8,2025-07-23 15:29:00,5,トランスワードトロフィー東京大阪福岡三都市対抗戦,2,4675,井手 良太,3,37,52,0,0,0.14,5.32,30.43,53.62,5.05,30,50,35,50,17.14,31.43
2025-07-23,4,8,2025-07-23 15:29:00,5,トランスワードトロフィー東京大阪福岡三都市対抗戦,3,4875,大塚 康雅,3,31,51.5,0,0,0.18,5.08,33.02,45.28,4.43,25,40,44.44,70.37,53.85,65.38
2025-07-23,4,8,2025-07-23 15:29:00,5,トランスワードトロフィー東京大阪福岡三都市対抗戦,4,3736,岡本 猛,3,51,51.5,0,0,0.18,4.57,22.58,46.24,5.71,35.29,52.94,28,52,29.41,58.82
2025-07-23,4,8,2025-07-23 15:29:00,5,トランスワードトロフィー東京大阪福岡三都市対抗戦,5,4330,奈須 啓太,2,41,51.5,0,0,0.12,6.06,41.9,58.1,7.71,52.94,70.59,42.31,69.23,35.71,60.71
2025-07-23,4,8,2025-07-23 15:29:00,5,トランスワードトロフィー東京大阪福岡三都市対抗戦,6,5382,山下 心一,4,20,52,0,0,0.19,2.08,4.05,12.16,0,0,0,35.29,55.88,37.04,55.56
2025-07-23,4,9,2025-07-23 16:03:00,5,トランスワードトロフィー東京大阪福岡三都市対抗戦,1,4906,鈴木 雅希,2,30,52.2,0,0,0.16,5.82,40,61.6,5.06,32.26,38.71,30.77,57.69,44.44,70.37
2025-07-23,4,9,2025-07-23 16:03:00,5,トランスワードトロフィー東京大阪福岡三都市対抗戦,2,5152,丸山 祐也,3,29,50,0,0,0.25,3.56,11.48,21.31,0,0,0,35.71,53.57,36,56
2025-07-23,4,9,2025-07-23 16:03:00,5,トランスワードトロフィー東京大阪福岡三都市対抗戦,3,5054,佐々木 大河,3,29,52.1,0,0,0.15,5.08,31.08,51.35,0,0,0,22.22,25.93,57.14,78.57
2025-07-23,4,9,2025-07-23 16:03:00,5,トランスワードトロフィー東京大阪福岡三都市対抗戦,4,4397,西村 拓也,1,38,52,0,0,0.13,7.15,51.05,69.23,6.5,50,55.56,32.14,46.43,30.77,46.15
2025-07-23,4,9,2025-07-23 16:03:00,5,トランスワードトロフィー東京大阪福岡三都市対抗戦,5,4083,福島 勇樹,2,45,52,0,0,0.15,5.27,33.33,46.67,6.06,46.15,65.38,38.1,42.86,25,50
2025-07-23,4,9,2025-07-23 16:03:00,5,トランスワードトロフィー東京大阪福岡三都市対抗戦,6,4234,野相 弘司,3,41,56.7,1,0,0.16,4.22,24.73,36.56,5.71,42.86,71.43,46.15,65.38,30,30
2025-07-23,4,10,2025-07-23 16:36:00,5,トランスワードトロフィー東京大阪福岡三都市対抗戦,1,4424,松尾 昂明,2,40,52,0,0,0.16,6.01,41.82,60,6.3,51.52,60.61,44.44,59.26,0,4.35
2025-07-23,4,10,2025-07-23 16:36:00,5,トランスワードトロフィー東京大阪福岡三都市対抗戦,2,4485,楠原 正剛,3,39,53.2,1,0,0.16,5.62,40.79,52.63,5.11,38.89,44.44,16,40,26.09,39.13
2025-07-23,4,10,2025-07-23 16:36:00,5,トランスワードトロフィー東京大阪福岡三都市対抗戦,3,4401,小林 泰,2,40,54,0,0,0.15,6.05,44.74,58.77,6.18,48.98,59.18,18.52,29.63,17.65,17.65
2025-07-23,4,10,2025-07-23 16:36:00,5,トランスワードトロフィー東京大阪福岡三都市対抗戦,4,3940,飯山 泰,1,47,52,0,0,0.15,6.4,45.19,62.96,6.18,38.6,57.89,38.46,46.15,45.71,71.43
2025-07-23,4,10,2025-07-23 16:36:00,5,トランスワードトロフィー東京大阪福岡三都市対抗戦,5,4967,中村 魁生,2,27,52,0,0,0.15,6.2,43.93,62.62,5.55,40.91,63.64,32,44,20.83,37.5
2025-07-23,4,10,2025-07-23 16:36:00,5,トランスワードトロフィー東京大阪福岡三都市対抗戦,6,4865,立具 敬司,3,35,52,0,0,0.18,4.22,20.41,32.65,2.78,11.11,22.22,26.47,41.18,28.57,47.62
2025-07-23,4,11,2025-07-23 17:08:00,5,トランスワードトロフィー東京大阪福岡三都市対抗戦,1,3872,岡田 憲行,2,49,52.7,0,0,0.21,5.93,36.11,64.81,4.57,28.57,42.86,27.59,34.48,32,56
2025-07-23,4,11,2025-07-23 17:08:00,5,トランスワードトロフィー東京大阪福岡三都市対抗戦,2,4551,三川 昂暁,2,36,52.9,0,0,0.18,5.33,31,55,5.41,31.25,50,24.24,36.36,29.41,41.18
2025-07-23,4,11,2025-07-23 17:08:00,5,トランスワードトロフィー東京大阪福岡三都市対抗戦,3,5022,伊藤 尚汰,3,30,50,0,0,0.18,4.49,19.28,38.55,4.78,22.22,40.74,46.88,62.5,32,32
2025-07-23,4,11,2025-07-23 17:08:00,5,トランスワードトロフィー東京大阪福岡三都市対抗戦,4,3161,古場 輝義,2,65,52.8,0,0,0.19,5.49,35.4,60.18,5.48,32.26,58.06,37.93,44.83,38.71,51.61
2025-07-23,4,11,2025-07-23 17:08:00,5,トランスワードトロフィー東京大阪福岡三都市対抗戦,5,3590,濱野谷 憲吾,1,51,53.1,0,0,0.14,7.49,62.86,74.29,7.69,62.67,73.33,35.29,52.94,25.81,41.94
2025-07-23,4,11,2025-07-23 17:08:00,5,トランスワードトロフィー東京大阪福岡三都市対抗戦,6,5253,藤井 太雅,3,22,51.5,0,0,0.16,4.55,20.73,40.24,2.61,9.68,14.52,52,64,32,48
2025-07-23,4,12,2025-07-23 17:40:00,5,トランスワードトロフィー東京大阪福岡三都市対抗戦,1,4413,水摩 敦,1,39,51.5,1,0,0.17,6.25,46.9,61.95,6,37.5,62.5,52,64,59.26,59.26
2025-07-23,4,12,2025-07-23 17:40:00,5,トランスワードトロフィー東京大阪福岡三都市対抗戦,2,4085,荻野 裕介,4,45,52.5,0,0,0.23,5.58,35.56,48.89,5.15,30.77,46.15,19.23,34.62,43.75,62.5
2025-07-23,4,12,2025-07-23 17:40:00,5,トランスワードトロフィー東京大阪福岡三都市対抗戦,3,5135,仲 航太,2,25,52.8,0,0,0.15,5.52,35.24,56.19,5.55,36.59,56.1,30.77,53.85,52.38,66.67
2025-07-23,4,12,2025-07-23 17:40:00,5,トランスワードトロフィー東京大阪福岡三都市対抗戦,4,4384,鶴本 崇文,1,40,52.9,0,0,0.16,6.69,48.41,71.43,7.23,60,72.5,25.93,51.85,29.63,40.74
2025-07-23,4,12,2025-07-23 17:40:00,5,トランスワードトロフィー東京大阪福岡三都市対抗戦,5,4082,濱崎 誠,3,45,52,0,0,0.18,5.14,36.96,46.74,0,0,0,40,46.67,44.44,55.56
2025-07-23,4,12,2025-07-23 17:40:00,5,トランスワードトロフィー東京大阪福岡三都市対抗戦,6,5029,中 亮太,2,28,52.3,0,0,0.15,6.13,50.86,62.93,4,20,40,38.46,46.15,51.85,59.26
2025-07-23,7,1,2025-07-23 15:17:00,5,ルーキーシリーズ第12戦 スカパー!・JLC杯,1,5098,大江 純,3,29,52,0,0,0.16,4.87,24.47,44.68,5.15,31.25,47.92,0,0,0,0
2025-07-23,7,1,2025-07-23 15:17:00,5,ルーキーシリーズ第12戦 スカパー!・JLC杯,2,5157,市川 健太,3,27,53.6,0,0,0.17,5.05,31.25,48.75,3.86,28.57,28.57,0,0,0,0
2025-07-23,7,1,2025-07-23 15:17:00,5,ルーキーシリーズ第12戦 スカパー!・JLC杯,3,5318,河内 一馬,3,24,54,1,0,0.19,2.48,2.94,11.76,2.38,2.56,10.26,0,0,0,0
2025-07-23,7,1,2025-07-23 15:17:00,5,ルーキーシリーズ第12戦 スカパー!・JLC杯,4,5081,篠原 飛翔,2,26,52.1,0,0,0.19,5.56,34.31,57.84,4.57,9.52,42.86,0,0,0,0
2025-07-23,7,1,2025-07-23 15:17:00,5,ルーキーシリーズ第12戦 スカパー!・JLC杯,5,5112,砂長 知輝,1,25,52,0,0,0.16,6.88,52.21,72.79,0,0,0,0,0,0,0
2025-07-23,7,1,2025-07-23 15:17:00,5,ルーキーシリーズ第12戦 スカパー!・JLC杯,6,5364,金子 怜央,4,25,52,1,0,0.2,1.37,0,2.94,1.17,0,0,0,0,0,0
2025-07-23,7,2,2025-07-23 15:41:00,5,ルーキーシリーズ第12戦 スカパー!・JLC杯,1,5232,樅山 拓馬,3,27,52,0,0,0.13,4.98,29.91,51.28,3.83,18.09,30.85,0,0,0,0
2025-07-23,7,2,2025-07-23 15:41:00,5,ルーキーシリーズ第12戦 スカパー!・JLC杯,2,5246,楠 将太郎,3,23,52,1,0,0.18,4.47,21.84,44.83,0,0,0,0,0,0,0
2025-07-23,7,2,2025-07-23 15:41:00,5,ルーキーシリーズ第12戦 スカパー!・JLC杯,3,5229,吉川 晴人,2,22,54.1,0,0,0.16,5.98,41.73,57.48,5.39,38.89,44.44,0,0,0,0
2025-07-23,7,2,2025-07-23 15:41:00,5,ルーキーシリーズ第12戦 スカパー!・JLC杯,4,5352,西岡 蒼志,3,20,53.5,0,0,0.18,3.33,2.9,18.84,0,0,0,0,0,0,0
2025-07-23,7,2,2025-07-23 15:41:00,5,ルーキーシリーズ第12戦 スカパー!・JLC杯,5,5089,前田 翔,1,25,52,0,0,0.16,6.28,44.32,64.77,6.93,54.55,76.36,0,0,0,0
2025-07-23,7,2,2025-07-23 15:41:00,5,ルーキーシリーズ第12戦 スカパー!・JLC杯,6,5328,井上 慧人,3,21,53.7,1,0,0.18,3.37,11.24,24.72,0,0,0,0,0,0,0
2025-07-23,7,3,2025-07-23 16:06:00,5,ルーキーシリーズ第12戦 スカパー!・JLC杯,1,5139,大場 恒季,3,25,52,0,0,0.19,6.39,44.09,66.67,4.57,26.26,43.43,0,0,0,0
2025-07-23,7,3,2025-07-23 16:06:00,5,ルーキーシリーズ第12戦 スカパー!・JLC杯,2,5150,坂本 雄紀,2,30,51.5,0,0,0.15,5.73,37.84,60.36,7.33,50,66.67,0,0,0,0
2025-07-23,7,3,2025-07-23 16:06:00,5,ルーキーシリーズ第12戦 スカパー!・JLC杯,3,5292,佐藤 右京,3,23,54.8,0,0,0.21,2.98,9.88,18.52,1.43,0,0,0,0,0,0
2025-07-23,7,3,2025-07-23 16:06:00,5,ルーキーシリーズ第12戦 スカパー!・JLC杯,4,4980,佐々木 完太,1,29,52,0,0,0.15,6.58,46.85,66.67,3.11,11.11,11.11,0,0,0,0
2025-07-23,7,3,2025-07-23 16:06:00,5,ルーキーシリーズ第12戦 スカパー!・JLC杯,5,5385,鈴木 柊介,4,20,53.7,0,0,0.19,1.79,1.28,2.56,1.38,0,0,0,0,0,0
2025-07-23,7,3,2025-07-23 16:06:00,5,ルーキーシリーズ第12戦 スカパー!・JLC杯,6,5074,大澤 誠也,3,29,54.5,1,0,0.18,4.52,20.49,40.16,4,19.05,23.81,0,0,0,0
2025-07-23,7,4,2025-07-23 16:32:00,5,ルーキーシリーズ第12戦 スカパー!・JLC杯,1,5332,村松 遥輝,3,21,52,0,0,0.16,3.3,13.45,23.53,1.5,0,0,0,0,0,0
2025-07-23,7,4,2025-07-23 16:32:00,5,ルーキーシリーズ第12戦 スカパー!・JLC杯,2,5073,上原 健次郎,3,29,52,0,0,0.18,5.52,32.67,59.41,5,10,50,0,0,0,0
2025-07-23,7,4,2025-07-23 16:32:00,5,ルーキーシリーズ第12戦 スカパー!・JLC杯,3,5216,長谷川 晴哉,2,25,52.1,0,0,0.16,5.85,42.72,60.19,5.43,40,43.33,0,0,0,0
2025-07-23,7,4,2025-07-23 16:32:00,5,ルーキーシリーズ第12戦 スカパー!・JLC杯,4,5076,石原 光,3,29,53.4,0,0,0.18,4.73,22.92,38.54,3.16,8,20,0,0,0,0
2025-07-23,7,4,2025-07-23 16:32:00,5,ルーキーシリーズ第12戦 スカパー!・JLC杯,5,5142,常住 蓮,1,24,50.5,0,0,0.13,7.15,54.41,71.32,0,0,0,0,0,0,0
2025-07-23,7,4,2025-07-23 16:32:00,5,ルーキーシリーズ第12戦 スカパー!・JLC杯,6,5345,牧村 俊輝,4,22,52.3,1,0,0.23,1.89,2.17,5.43,1.96,0,7.69,0,0,0,0
2025-07-23,7,5,2025-07-23 17:01:00,5,ルーキーシリーズ第12戦 スカパー!・JLC杯,1,5082,一色 凌雅,3,26,56.7,0,0,0.19,4.86,31.68,48.51,4.52,23.97,42.15,0,0,0,0
2025-07-23,7,5,2025-07-23 17:01:00,5,ルーキーシリーズ第12戦 スカパー!・JLC杯,2,5206,梅原 祥平,3,27,52,0,0,0.13,5,28.69,49.18,4,20,30,0,0,0,0
2025-07-23,7,5,2025-07-23 17:01:00,5,ルーキーシリーズ第12戦 スカパー!・JLC杯,3,5114,小林 孝彰,2,25,52.1,0,0,0.17,5.58,34.91,54.72,5.56,40.74,55.56,0,0,0,0
2025-07-23,7,5,2025-07-23 17:01:00,5,ルーキーシリーズ第12戦 スカパー!・JLC杯,4,5289,佃 來紀,3,24,52,0,0,0.18,4.48,22.95,40.98,3.95,18.92,35.14,0,0,0,0
2025-07-23,7,5,2025-07-23 17:01:00,5,ルーキーシリーズ第12戦 スカパー!・JLC杯,5,5058,前原 大道,1,28,52,0,0,0.15,7.05,51.97,75.59,5.89,40.74,62.96,0,0,0,0
2025-07-23,7,5,2025-07-23 17:01:00,5,ルーキーシリーズ第12戦 スカパー!・JLC杯,6,5282,中本 大樹,3,22,52,1,0,0.19,4.29,22.83,33.7,3.13,12.5,25,0,0,0,0
2025-07-23,7,6,2025-07-23 17:28:00,5,ルーキーシリーズ第12戦 スカパー!・JLC杯,1,5093,浦野 海,2,23,52,0,0,0.17,5.74,30.43,55.43,0,0,0,0,0,0,0
2025-07-23,7,6,2025-07-23 17:28:00,5,ルーキーシリーズ第12戦 スカパー!・JLC杯,2,5106,山崎 祥,3,26,50.5,0,0,0.21,4.32,20.83,40.63,2.13,0,0,0,0,0,0
2025-07-23,7,6,2025-07-23 17:28:00,5,ルーキーシリーズ第12戦 スカパー!・JLC杯,3,5302,秋末 秦悟,4,22,51.5,0,0,0.29,1.84,2.22,6.67,1.5,0,0,0,0,0,0
2025-07-23,7,6,2025-07-23 17:28:00,5,ルーキーシリーズ第12戦 スカパー!・JLC杯,4,5319,近藤 颯斗,3,24,52.2,0,0,0.17,4.23,22.94,37.61,2.1,6.45,9.68,0,0,0,0
2025-07-23,7,6,2025-07-23 17:28:00,5,ルーキーシリーズ第12戦 スカパー!・JLC杯,5,4910,中村 泰平,1,29,51,0,0,0.18,6.56,44.87,70.51,6.81,52.33,75.58,0,0,0,0
2025-07-23,7,6,2025-07-23 17:28:00,5,ルーキーシリーズ第12戦 スカパー!・JLC杯,6,5364,金子 怜央,4,25,52,1,0,0.2,1.37,0,2.94,1.17,0,0,0,0,0,0
2025-07-23,7,7,2025-07-23 17:55:00,5,ルーキーシリーズ第12戦 スカパー!・JLC杯,1,5256,中山 翔太,2,21,52,0,0,0.16,6.34,47.78,70,5.76,42.86,52.38,0,0,0,0
2025-07-23,7,7,2025-07-23 17:55:00,5,ルーキーシリーズ第12戦 スカパー!・JLC杯,2,5070,中島 航,3,31,52,0,0,0.18,4.39,19.05,41.67,4.06,22.22,33.33,0,0,0,0
2025-07-23,7,7,2025-07-23 17:55:00,5,ルーキーシリーズ第12戦 スカパー!・JLC杯,3,5301,岩下 巧斗,3,22,52.1,0,0,0.18,3.41,9.43,26.42,2.33,0,0,0,0,0,0
2025-07-23,7,7,2025-07-23 17:55:00,5,ルーキーシリーズ第12戦 スカパー!・JLC杯,4,5197,中野 仁照,1,23,52,0,0,0.12,6.34,46.96,63.48,7.04,60,76,0,0,0,0
2025-07-23,7,7,2025-07-23 17:55:00,5,ルーキーシリーズ第12戦 スカパー!・JLC杯,5,5337,出畑 孝成,3,19,53.4,0,0,0.17,3.21,10.39,19.48,0,0,0,0,0,0,0
2025-07-23,7,7,2025-07-23 17:55:00,5,ルーキーシリーズ第12戦 スカパー!・JLC杯,6,5338,香月 大輝,3,24,52,1,0,0.16,2.75,8.33,17.86,0,0,0,0,0,0,0
2025-07-23,7,8,2025-07-23 18:23:00,5,ルーキーシリーズ第12戦 スカパー!・JLC杯,1,5102,原田 雄次,2,27,52,0,0,0.21,5,24.05,54.43,3.84,15.79,36.84,0,0,0,0
2025-07-23,7,8,2025-07-23 18:23:00,5,ルーキーシリーズ第12戦 スカパー!・JLC杯,2,5307,富永 夏哉人,3,21,50.5,1,0,0.18,4.12,17.2,36.56,0,0,0,0,0,0,0
2025-07-23,7,8,2025-07-23 18:23:00,5,ルーキーシリーズ第12戦 スカパー!・JLC杯,3,5073,上原 健次郎,3,29,52,0,0,0.18,5.52,32.67,59.41,5,10,50,0,0,0,0
2025-07-23,7,8,2025-07-23 18:23:00,5,ルーキーシリーズ第12戦 スカパー!・JLC杯,4,5130,上野 拓馬,3,27,52.4,0,0,0.18,3.69,15.38,28.85,4.06,16.67,38.89,0,0,0,0
2025-07-23,7,8,2025-07-23 18:23:00,5,ルーキーシリーズ第12戦 スカパー!・JLC杯,5,5136,濱野 斗馬,1,25,52.3,1,0,0.14,6.33,45.58,65.31,0,0,0,0,0,0,0
2025-07-23,7,8,2025-07-23 18:23:00,5,ルーキーシリーズ第12戦 スカパー!・JLC杯,6,5318,河内 一馬,3,24,54,1,0,0.19,2.48,2.94,11.76,2.38,2.56,10.26,0,0,0,0
2025-07-23,7,9,2025-07-23 18:54:00,5,ルーキーシリーズ第12戦 スカパー!・JLC杯,1,5089,前田 翔,1,25,52,0,0,0.16,6.28,44.32,64.77,6.93,54.55,76.36,0,0,0,0
2025-07-23,7,9,2025-07-23 18:54:00,5,ルーキーシリーズ第12戦 スカパー!・JLC杯,2,5058,前原 大道,1,28,52,0,0,0.15,7.05,51.97,75.59,5.89,40.74,62.96,0,0,0,0
2025-07-23,7,9,2025-07-23 18:54:00,5,ルーキーシリーズ第12戦 スカパー!・JLC杯,3,5081,篠原 飛翔,2,26,52.1,0,0,0.19,5.56,34.31,57.84,4.57,9.52,42.86,0,0,0,0
2025-07-23,7,9,2025-07-23 18:54:00,5,ルーキーシリーズ第12戦 スカパー!・JLC杯,4,5142,常住 蓮,1,24,50.5,0,0,0.13,7.15,54.41,71.32,0,0,0,0,0,0,0
2025-07-23,7,9,2025-07-23 18:54:00,5,ルーキーシリーズ第12戦 スカパー!・JLC杯,5,5150,坂本 雄紀,2,30,51.5,0,0,0.15,5.73,37.84,60.36,7.33,50,66.67,0,0,0,0
2025-07-23,7,9,2025-07-23 18:54:00,5,ルーキーシリーズ第12戦 スカパー!・JLC杯,6,5216,長谷川 晴哉,2,25,52.1,0,0,0.16,5.85,42.72,60.19,5.43,40,43.33,0,0,0,0
2025-07-23,7,10,2025-07-23 19:25:00,5,ルーキーシリーズ第12戦 スカパー!・JLC杯,1,4910,中村 泰平,1,29,51,0,0,0.18,6.56,44.87,70.51,6.81,52.33,75.58,0,0,0,0
2025-07-23,7,10,2025-07-23 19:25:00,5,ルーキーシリーズ第12戦 スカパー!・JLC杯,2,5232,樅山 拓馬,3,27,52,0,0,0.13,4.98,29.91,51.28,3.83,18.09,30.85,0,0,0,0
2025-07-23,7,10,2025-07-23 19:25:00,5,ルーキーシリーズ第12戦 スカパー!・JLC杯,3,5289,佃 來紀,3,24,52,0,0,0.18,4.48,22.95,40.98,3.95,18.92,35.14,0,0,0,0
2025-07-23,7,10,2025-07-23 19:25:00,5,ルーキーシリーズ第12戦 スカパー!・JLC杯,4,5112,砂長 知輝,1,25,52,0,0,0.16,6.88,52.21,72.79,0,0,0,0,0,0,0
2025-07-23,7,10,2025-07-23 19:25:00,5,ルーキーシリーズ第12戦 スカパー!・JLC杯,5,4980,佐々木 完太,1,29,52,0,0,0.15,6.58,46.85,66.67,3.11,11.11,11.11,0,0,0,0
2025-07-23,7,10,2025-07-23 19:25:00,5,ルーキーシリーズ第12戦 スカパー!・JLC杯,6,5332,村松 遥輝,3,21,52,0,0,0.16,3.3,13.45,23.53,1.5,0,0,0,0,0,0
2025-07-23,7,11,2025-07-23 19:58:00,5,ルーキーシリーズ第12戦 スカパー!・JLC杯,1,5197,中野 仁照,1,23,52,0,0,0.12,6.34,46.96,63.48,7.04,60,76,0,0,0,0
2025-07-23,7,11,2025-07-23 19:58:00,5,ルーキーシリーズ第12戦 スカパー!・JLC杯,2,5256,中山 翔太,2,21,52,0,0,0.16,6.34,47.78,70,5.76,42.86,52.38,0,0,0,0
2025-07-23,7,11,2025-07-23 19:58:00,5,ルーキーシリーズ第12戦 スカパー!・JLC杯,3,5139,大場 恒季,3,25,52,0,0,0.19,6.39,44.09,66.67,4.57,26.26,43.43,0,0,0,0
2025-07-23,7,11,2025-07-23 19:58:00,5,ルーキーシリーズ第12戦 スカパー!・JLC杯,4,5246,楠 将太郎,3,23,52,1,0,0.18,4.47,21.84,44.83,0,0,0,0,0,0,0
2025-07-23,7,11,2025-07-23 19:58:00,5,ルーキーシリーズ第12戦 スカパー!・JLC杯,5,5093,浦野 海,2,23,52,0,0,0.17,5.74,30.43,55.43,0,0,0,0,0,0,0
2025-07-23,7,11,2025-07-23 19:58:00,5,ルーキーシリーズ第12戦 スカパー!・JLC杯,6,5082,一色 凌雅,3,26,56.7,0,0,0.19,4.86,31.68,48.51,4.52,23.97,42.15,0,0,0,0
2025-07-23,7,12,2025-07-23 20:30:00,5,ルーキーシリーズ第12戦 スカパー!・JLC杯,1,5136,濱野 斗馬,1,25,52.3,1,0,0.14,6.33,45.58,65.31,0,0,0,0,0,0,0
2025-07-23,7,12,2025-07-23 20:30:00,5,ルーキーシリーズ第12戦 スカパー!・JLC杯,2,5076,石原 光,3,29,53.4,0,0,0.18,4.73,22.92,38.54,3.16,8,20,0,0,0,0
2025-07-23,7,12,2025-07-23 20:30:00,5,ルーキーシリーズ第12戦 スカパー!・JLC杯,3,5319,近藤 颯斗,3,24,52.2,0,0,0.17,4.23,22.94,37.61,2.1,6.45,9.68,0,0,0,0
2025-07-23,7,12,2025-07-23 20:30:00,5,ルーキーシリーズ第12戦 スカパー!・JLC杯,4,5114,小林 孝彰,2,25,52.1,0,0,0.17,5.58,34.91,54.72,5.56,40.74,55.56,0,0,0,0
2025-07-23,7,12,2025-07-23 20:30:00,5,ルーキーシリーズ第12戦 スカパー!・JLC杯,5,5229,吉川 晴人,2,22,54.1,0,0,0.16,5.98,41.73,57.48,5.39,38.89,44.44,0,0,0,0
2025-07-23,7,12,2025-07-23 20:30:00,5,ルーキーシリーズ第12戦 スカパー!・JLC杯,6,5385,鈴木 柊介,4,20,53.7,0,0,0.19,1.79,1.28,2.56,1.38,0,0,0,0,0,0
2025-07-23,10,1,2025-07-23 08:32:00,5,夏盛り!!三国観光産業社長杯,1,4473,藤堂 里香,2,37,46,1,0,0.15,6.16,51.35,64.86,5.9,44.44,61.11,38.78,58.16,29,50
2025-07-23,10,1,2025-07-23 08:32:00,5,夏盛り!!三国観光産業社長杯,2,5271,杉山 太陽,3,24,51.5,1,0,0.17,3.18,13.51,22.97,0,0,0,30.28,47.71,30.93,48.45
2025-07-23,10,1,2025-07-23 08:32:00,5,夏盛り!!三国観光産業社長杯,3,5008,羽野 諒,3,28,52.6,0,0,0.14,4.97,24.3,41.12,4.4,15,40,27.55,36.73,31.87,54.95
2025-07-23,10,1,2025-07-23 08:32:00,5,夏盛り!!三国観光産業社長杯,4,3268,森 竜也,3,60,53.3,0,0,0.19,4.61,27.27,48.48,5,27.78,50,29.81,48.08,33.01,48.54
2025-07-23,10,1,2025-07-23 08:32:00,5,夏盛り!!三国観光産業社長杯,5,5006,久保原 秀人,3,28,53.6,0,0,0.16,4.73,30.34,41.57,3.95,20,32.5,39,61,31.31,46.46
2025-07-23,10,1,2025-07-23 08:32:00,5,夏盛り!!三国観光産業社長杯,6,4385,鈴木 祐美子,3,40,49,0,0,0.22,4.05,11.67,33.33,3.33,0,33.33,32,49,24.27,46.6
2025-07-23,10,2,2025-07-23 08:58:00,5,夏盛り!!三国観光産業社長杯,1,4561,藤山 翔大,1,34,52,0,0,0.2,6.37,52.27,62.12,5.27,31.82,54.55,23.96,41.67,33.98,51.46
2025-07-23,10,2,2025-07-23 08:58:00,5,夏盛り!!三国観光産業社長杯,2,4376,藤田 靖弘,2,41,52.7,0,0,0.17,5.65,37.17,54.87,5.67,38.46,48.72,31.63,47.96,24.74,38.14
2025-07-23,10,2,2025-07-23 08:58:00,5,夏盛り!!三国観光産業社長杯,3,5272,松田 真実,3,23,46,1,0,0.16,3.6,16.88,29.87,0,0,0,30.48,44.76,28,42
2025-07-23,10,2,2025-07-23 08:58:00,5,夏盛り!!三国観光産業社長杯,4,5187,小坂 風太,3,25,52.1,0,0,0.19,4.39,23.2,40,5.17,31.21,52.48,29.29,49.49,37.14,54.29
2025-07-23,10,2,2025-07-23 08:58:00,5,夏盛り!!三国観光産業社長杯,5,3107,平岡 重典,3,61,52,0,0,0.19,4.8,20.27,44.59,4.73,15.38,38.46,33.01,47.57,35.71,52.04
2025-07-23,10,2,2025-07-23 08:58:00,5,夏盛り!!三国観光産業社長杯,6,4394,永嶋 裕一,3,39,52.1,0,0,0.17,5.22,24.44,57.78,6.89,44.44,77.78,37.25,51.96,36.19,49.52
2025-07-23,10,3,2025-07-23 09:24:00,5,夏盛り!!三国観光産業社長杯,1,4089,妹尾 忠幸,2,44,54.4,0,0,0.16,5.97,38.46,64.34,6.7,50,70,25.93,37.96,38.78,52.04
2025-07-23,10,3,2025-07-23 09:24:00,5,夏盛り!!三国観光産業社長杯,2,4270,岸本 雄貴,3,43,61.7,0,0,0.18,4.07,20.73,35.37,3.17,16.67,16.67,37.23,57.45,27.08,42.71
2025-07-23,10,3,2025-07-23 09:24:00,5,夏盛り!!三国観光産業社長杯,3,4381,田路 朋史,1,40,51.5,0,0,0.15,5.78,37.93,56.9,4,18.18,36.36,29,41,40.21,52.58
2025-07-23,10,3,2025-07-23 09:24:00,5,夏盛り!!三国観光産業社長杯,4,5315,浅井 翼,3,24,49,0,0,0.17,2.69,12,18.67,0,0,0,28.16,41.75,27.55,42.86
2025-07-23,10,3,2025-07-23 09:24:00,5,夏盛り!!三国観光産業社長杯,5,4177,萬 正嗣,3,42,55.6,0,0,0.17,4.09,20.73,31.71,3.6,15,25,31.37,42.16,30.1,47.57
2025-07-23,10,3,2025-07-23 09:24:00,5,夏盛り!!三国観光産業社長杯,6,4864,小川 日紀太,3,35,52.7,0,0,0.16,4.11,23.86,35.23,4.78,26,48,33.67,45.92,40.63,56.25
2025-07-23,10,4,2025-07-23 09:50:00,5,夏盛り!!三国観光産業社長杯,1,4994,山本 梨菜,2,27,46.5,0,0,0.19,6.04,38.32,63.55,6,38.1,61.9,27.84,47.42,30.3,47.47
2025-07-23,10,4,2025-07-23 09:50:00,5,夏盛り!!三国観光産業社長杯,2,4809,外崎 悟,2,36,52,0,0,0.16,6.23,47.44,62.82,5.41,37.04,55.56,32.04,51.46,34.02,58.76
2025-07-23,10,4,2025-07-23 09:50:00,5,夏盛り!!三国観光産業社長杯,3,3528,笠野 友紀恵,3,54,47.5,0,0,0.22,3.86,11.69,35.06,0,0,0,28.71,43.56,33.33,47.47
2025-07-23,10,4,2025-07-23 09:50:00,5,夏盛り!!三国観光産業社長杯,4,4054,福嶋 智之,3,47,52.8,0,0,0.17,4.61,27.78,40,3.39,9.68,16.13,40,58,27.17,42.39
2025-07-23,10,4,2025-07-23 09:50:00,5,夏盛り!!三国観光産業社長杯,5,4952,吉武 真也,3,31,52.2,0,0,0.19,3.97,18.06,37.5,3.26,7.41,22.22,25.26,42.11,41.24,56.7
2025-07-23,10,4,2025-07-23 09:50:00,5,夏盛り!!三国観光産業社長杯,6,4486,野村 誠,1,39,52.1,1,0,0.16,5.84,44.21,61.05,6.88,50,62.5,32.99,51.55,39.8,54.08
2025-07-23,10,5,2025-07-23 10:18:00,5,夏盛り!!三国観光産業社長杯,1,5013,山下 夏鈴,3,28,44.5,1,0,0.16,4.7,27.35,42.74,3.61,16.67,27.78,28.13,43.75,28.57,47.62
2025-07-23,10,5,2025-07-23 10:18:00,5,夏盛り!!三国観光産業社長杯,2,4375,照屋 厚仁,2,41,52.7,0,0,0.16,5.71,42.74,56.41,5.65,45,60,32,44,27.84,46.39
2025-07-23,10,5,2025-07-23 10:18:00,5,夏盛り!!三国観光産業社長杯,3,4215,吉島 祥之,2,40,53.1,0,0,0.15,5.23,30.97,49.56,5.43,28.57,57.14,37,52,27.96,48.39
2025-07-23,10,5,2025-07-23 10:18:00,5,夏盛り!!三国観光産業社長杯,4,3327,野長瀬 正孝,1,57,52,1,0,0.16,6.02,44,61,6.23,42.86,57.14,38.38,55.56,15.84,32.67
2025-07-23,10,5,2025-07-23 10:18:00,5,夏盛り!!三国観光産業社長杯,5,4681,太田 潮,3,35,53.6,0,0,0.18,4,21.43,33.93,4.34,31.03,37.93,36.36,53.54,41.05,61.05
2025-07-23,10,5,2025-07-23 10:18:00,5,夏盛り!!三国観光産業社長杯,6,3986,沖島 広和,3,47,54.9,0,0,0.17,4.97,29,48,0,0,0,29.17,43.75,35.42,51.04
2025-07-23,10,6,2025-07-23 10:50:00,5,夏盛り!!三国観光産業社長杯,1,3761,山本 光雄,3,53,53.9,1,0,0.17,4.77,29.82,43.86,4.41,17.65,41.18,27.36,50,26.04,43.75
2025-07-23,10,6,2025-07-23 10:50:00,5,夏盛り!!三国観光産業社長杯,2,5234,塚越 海斗,3,26,52.2,0,0,0.18,5.4,38.24,50,4.13,12.5,50,30.3,46.46,33.33,49.46
2025-07-23,10,6,2025-07-23 10:50:00,5,夏盛り!!三国観光産業社長杯,3,4451,松崎 祐太郎,1,37,52,0,0,0.16,6.5,46.27,67.16,6,40,60,27.84,41.24,33.65,58.65
2025-07-23,10,6,2025-07-23 10:50:00,5,夏盛り!!三国観光産業社長杯,4,5188,武井 莉里佳,2,24,45,0,0,0.19,5.21,29.76,47.62,3.33,16.67,16.67,39.25,47.66,37.5,53.13
2025-07-23,10,6,2025-07-23 10:50:00,5,夏盛り!!三国観光産業社長杯,5,5008,羽野 諒,3,28,52.6,0,0,0.14,4.97,24.3,41.12,4.4,15,40,27.55,36.73,31.87,54.95
2025-07-23,10,6,2025-07-23 10:50:00,5,夏盛り!!三国観光産業社長杯,6,4112,大久保 信一郎,3,45,52,0,0,0.19,5.06,25.37,56.72,0,0,0,39.81,58.25,24.04,37.5
2025-07-23,10,7,2025-07-23 11:19:00,5,夏盛り!!三国観光産業社長杯,1,5006,久保原 秀人,3,28,53.6,0,0,0.16,4.73,30.34,41.57,3.95,20,32.5,39,61,31.31,46.46
2025-07-23,10,7,2025-07-23 11:19:00,5,夏盛り!!三国観光産業社長杯,2,5205,刑部 亜里紗,2,28,47.1,1,0,0.17,5.61,40.24,51.22,6.57,51.35,62.16,29.17,42.71,34.65,53.47
2025-07-23,10,7,2025-07-23 11:19:00,5,夏盛り!!三国観光産業社長杯,3,4394,永嶋 裕一,3,39,52.1,0,0,0.17,5.22,24.44,57.78,6.89,44.44,77.78,37.25,51.96,36.19,49.52
2025-07-23,10,7,2025-07-23 11:19:00,5,夏盛り!!三国観光産業社長杯,4,3482,金子 猛志,3,54,55.6,0,0,0.16,5.37,35,55,4.82,29.41,47.06,22.83,43.48,26.26,44.44
2025-07-23,10,7,2025-07-23 11:19:00,5,夏盛り!!三国観光産業社長杯,5,5239,上野 俊樹,2,25,51,0,0,0.17,5.04,22.67,53.33,4.25,16.67,41.67,27.55,42.86,24.49,46.94
2025-07-23,10,7,2025-07-23 11:19:00,5,夏盛り!!三国観光産業社長杯,6,5217,藤原 碧生,1,25,52,1,0,0.15,7.1,51.38,77.06,5.77,40,53.33,30,42.73,31.25,40.63
2025-07-23,10,8,2025-07-23 11:51:00,5,夏盛り!!三国観光産業社長杯,1,5315,浅井 翼,3,24,49,0,0,0.17,2.69,12,18.67,0,0,0,28.16,41.75,27.55,42.86
2025-07-23,10,8,2025-07-23 11:51:00,5,夏盛り!!三国観光産業社長杯,2,3107,平岡 重典,3,61,52,0,0,0.19,4.8,20.27,44.59,4.73,15.38,38.46,33.01,47.57,35.71,52.04
2025-07-23,10,8,2025-07-23 11:51:00,5,夏盛り!!三国観光産業社長杯,3,4809,外崎 悟,2,36,52,0,0,0.16,6.23,47.44,62.82,5.41,37.04,55.56,32.04,51.46,34.02,58.76
2025-07-23,10,8,2025-07-23 11:51:00,5,夏盛り!!三国観光産業社長杯,4,4182,吉田 和仁,3,41,54.7,1,0,0.16,4.53,22.11,38.95,0,0,0,32.65,50,22.77,39.6
2025-07-23,10,8,2025-07-23 11:51:00,5,夏盛り!!三国観光産業社長杯,5,4473,藤堂 里香,2,37,46,1,0,0.15,6.16,51.35,64.86,5.9,44.44,61.11,38.78,58.16,29,50
2025-07-23,10,8,2025-07-23 11:51:00,5,夏盛り!!三国観光産業社長杯,6,5026,安河内 健,1,29,55,1,0,0.15,6.59,47.41,68.1,0,0,0,34.62,50,32.65,52.04
2025-07-23,10,9,2025-07-23 12:24:00,5,夏盛り!!三国観光産業社長杯,1,4681,太田 潮,3,35,53.6,0,0,0.18,4,21.43,33.93,4.34,31.03,37.93,36.36,53.54,41.05,61.05
2025-07-23,10,9,2025-07-23 12:24:00,5,夏盛り!!三国観光産業社長杯,2,4952,吉武 真也,3,31,52.2,0,0,0.19,3.97,18.06,37.5,3.26,7.41,22.22,25.26,42.11,41.24,56.7
2025-07-23,10,9,2025-07-23 12:24:00,5,夏盛り!!三国観光産業社長杯,3,4210,松村 康太,2,42,52,0,0,0.19,5.58,32.08,58.49,6.55,46.67,68,38.04,60.87,37.86,49.51
2025-07-23,10,9,2025-07-23 12:24:00,5,夏盛り!!三国観光産業社長杯,4,4385,鈴木 祐美子,3,40,49,0,0,0.22,4.05,11.67,33.33,3.33,0,33.33,32,49,24.27,46.6
2025-07-23,10,9,2025-07-23 12:24:00,5,夏盛り!!三国観光産業社長杯,5,4561,藤山 翔大,1,34,52,0,0,0.2,6.37,52.27,62.12,5.27,31.82,54.55,23.96,41.67,33.98,51.46
2025-07-23,10,9,2025-07-23 12:24:00,5,夏盛り!!三国観光産業社長杯,6,3930,岸本 隆,2,49,54.6,0,0,0.16,5.59,42.68,52.44,5.27,36.36,54.55,30.77,45.05,32.35,50
2025-07-23,10,10,2025-07-23 12:58:00,5,夏盛り!!三国観光産業社長杯,1,5272,松田 真実,3,23,46,1,0,0.16,3.6,16.88,29.87,0,0,0,30.48,44.76,28,42
2025-07-23,10,10,2025-07-23 12:58:00,5,夏盛り!!三国観光産業社長杯,2,4486,野村 誠,1,39,52,1,0,0.16,5.84,44.21,61.05,6.88,50,62.5,32.99,51.55,39.8,54.08
2025-07-23,10,10,2025-07-23 12:58:00,5,夏盛り!!三国観光産業社長杯,3,5271,杉山 太陽,3,24,51,1,0,0.17,3.18,13.51,22.97,0,0,0,30.28,47.71,30.93,48.45
2025-07-23,10,10,2025-07-23 12:58:00,5,夏盛り!!三国観光産業社長杯,4,3761,山本 光雄,3,53,53.3,1,0,0.17,4.77,29.82,43.86,4.41,17.65,41.18,27.36,50,26.04,43.75
2025-07-23,10,10,2025-07-23 12:58:00,5,夏盛り!!三国観光産業社長杯,5,4089,妹尾 忠幸,2,44,52.6,0,0,0.16,5.97,38.46,64.34,6.7,50,70,25.93,37.96,38.78,52.04
2025-07-23,10,10,2025-07-23 12:58:00,5,夏盛り!!三国観光産業社長杯,6,4375,照屋 厚仁,2,41,52.3,0,0,0.16,5.71,42.74,56.41,5.65,45,60,32,44,27.84,46.39
2025-07-23,10,11,2025-07-23 13:33:00,5,夏盛り!!三国観光産業社長杯,1,3327,野長瀬 正孝,1,57,52,1,0,0.16,6.02,44,61,6.23,42.86,57.14,38.38,55.56,15.84,32.67
2025-07-23,10,11,2025-07-23 13:33:00,5,夏盛り!!三国観光産業社長杯,2,3268,森 竜也,3,60,53.3,0,0,0.19,4.61,27.27,48.48,5,27.78,50,29.81,48.08,33.01,48.54
2025-07-23,10,11,2025-07-23 13:33:00,5,夏盛り!!三国観光産業社長杯,3,4994,山本 梨菜,2,27,46.5,0,0,0.19,6.04,38.32,63.55,6,38.1,61.9,27.84,47.42,30.3,47.47
2025-07-23,10,11,2025-07-23 13:33:00,5,夏盛り!!三国観光産業社長杯,4,4864,小川 日紀太,3,35,52.7,0,0,0.16,4.11,23.86,35.23,4.78,26,48,33.67,45.92,40.63,56.25
2025-07-23,10,11,2025-07-23 13:33:00,5,夏盛り!!三国観光産業社長杯,5,5188,武井 莉里佳,2,24,45,0,0,0.19,5.21,29.76,47.62,3.33,16.67,16.67,39.25,47.66,37.5,53.13
2025-07-23,10,11,2025-07-23 13:33:00,5,夏盛り!!三国観光産業社長杯,6,5239,上野 俊樹,2,25,51,0,0,0.17,5.04,22.67,53.33,4.25,16.67,41.67,27.55,42.86,24.49,46.94
2025-07-23,10,12,2025-07-23 14:10:00,5,夏盛り!!三国観光産業社長杯,1,4451,松崎 祐太郎,1,37,52,0,0,0.16,6.5,46.27,67.16,6,40,60,27.84,41.24,33.65,58.65
2025-07-23,10,12,2025-07-23 14:10:00,5,夏盛り!!三国観光産業社長杯,2,4381,田路 朋史,1,40,51.5,0,0,0.15,5.78,37.93,56.9,4,18.18,36.36,29,41,40.21,52.58
2025-07-23,10,12,2025-07-23 14:10:00,5,夏盛り!!三国観光産業社長杯,3,3482,金子 猛志,3,54,55.6,0,0,0.16,5.37,35,55,4.82,29.41,47.06,22.83,43.48,26.26,44.44
2025-07-23,10,12,2025-07-23 14:10:00,5,夏盛り!!三国観光産業社長杯,4,4215,吉島 祥之,2,40,53.1,0,0,0.15,5.23,30.97,49.56,5.43,28.57,57.14,37,52,27.96,48.39
2025-07-23,10,12,2025-07-23 14:10:00,5,夏盛り!!三国観光産業社長杯,5,3528,笠野 友紀恵,3,54,47.5,0,0,0.22,3.86,11.69,35.06,0,0,0,28.71,43.56,33.33,47.47
2025-07-23,10,12,2025-07-23 14:10:00,5,夏盛り!!三国観光産業社長杯,6,4376,藤田 靖弘,2,41,52.7,0,0,0.17,5.65,37.17,54.87,5.67,38.46,48.72,31.63,47.96,24.74,38.14
2025-07-23,11,1,2025-07-23 10:36:00,5,第12回中日スポーツ杯,1,4049,荒川 健太,2,44,56.2,0,0,0.17,6.17,43.27,61.54,5.68,30.19,54.72,37.1,59.68,29.63,51.85
2025-07-23,11,1,2025-07-23 10:36:00,5,第12回中日スポーツ杯,2,4974,安井 瑞紀,3,32,47,0,0,0.16,5.35,35.21,56.34,3.33,16.67,16.67,27.27,47.27,35.19,62.96
2025-07-23,11,1,2025-07-23 10:36:00,5,第12回中日スポーツ杯,3,3176,長谷川 巌,3,61,52.2,0,0,0.17,3.98,18.28,32.26,3.9,19.51,29.27,31.67,53.33,49.18,65.57
2025-07-23,11,1,2025-07-23 10:36:00,5,第12回中日スポーツ杯,4,3838,伊藤 啓三,2,50,52.3,1,0,0.13,5.61,35.38,53.85,5.92,36.84,60.53,29.03,41.94,14.63,19.51
2025-07-23,11,1,2025-07-23 10:36:00,5,第12回中日スポーツ杯,5,4919,吉田 翔悟,3,34,52.1,0,0,0.14,5.45,38.2,52.81,7,55.56,77.78,37.31,55.22,40,65
2025-07-23,11,1,2025-07-23 10:36:00,5,第12回中日スポーツ杯,6,5386,米玉利 大悟,4,19,52,0,0,0.18,1.45,0,4,1.44,0,0,31.03,48.28,38.24,51.47
2025-07-23,11,2,2025-07-23 11:02:00,5,第12回中日スポーツ杯,1,4856,豊田 健士郎,1,29,52.3,0,0,0.14,6.35,44.35,54.03,9.38,87.5,100,19.51,31.71,20,28
2025-07-23,11,2,2025-07-23 11:02:00,5,第12回中日スポーツ杯,2,4487,三原 司,3,39,52.1,0,0,0.18,4.4,20.18,41.28,4.04,22.22,33.33,24.53,33.96,37.88,63.64
2025-07-23,11,2,2025-07-23 11:02:00,5,第12回中日スポーツ杯,3,4365,盛本 真輔,3,39,52,0,0,0.19,5.04,33.08,46.92,4.48,28.57,38.1,21.28,36.17,45.45,61.82
2025-07-23,11,2,2025-07-23 11:02:00,5,第12回中日スポーツ杯,4,4199,北川 潤二,1,43,55.3,0,0,0.13,6.63,52.38,68.25,6.32,48.39,61.29,22,36,26.32,50.88
2025-07-23,11,2,2025-07-23 11:02:00,5,第12回中日スポーツ杯,5,5300,横田 海人,3,22,52,0,0,0.18,2.22,8.43,12.05,1.21,0,0,33.33,50,37.29,52.54
2025-07-23,11,2,2025-07-23 11:02:00,5,第12回中日スポーツ杯,6,4120,柘植 政浩,2,44,51,0,0,0.19,5.52,34.29,58.1,6.23,45.68,62.96,16.67,23.81,33.33,42.59
2025-07-23,11,3,2025-07-23 11:31:00,5,第12回中日スポーツ杯,1,3627,井上 恵一,3,55,52.3,0,0,0.18,5.69,38.89,61.11,5.65,41.18,64.71,23.73,38.98,24,40
2025-07-23,11,3,2025-07-23 11:31:00,5,第12回中日スポーツ杯,2,3752,宇土 泰就,3,54,53.1,0,0,0.16,5.02,30.49,51.22,3.66,17.07,26.83,46.55,63.79,28.81,42.37
2025-07-23,11,3,2025-07-23 11:31:00,5,第12回中日スポーツ杯,3,4047,吉永 浩則,3,45,53.3,0,0,0.17,3.61,15.85,24.39,3.94,19.35,38.71,28.07,40.35,26.15,38.46
2025-07-23,11,3,2025-07-23 11:31:00,5,第12回中日スポーツ杯,4,3900,香川 素子,2,48,47.1,0,0,0.18,6.05,45.45,60,6.39,47.57,61.17,54.55,63.64,42.86,60.32
2025-07-23,11,3,2025-07-23 11:31:00,5,第12回中日スポーツ杯,5,3793,高橋 真吾,3,52,57.1,1,0,0.16,4.85,32.14,50,0,0,0,26.09,32.61,31.15,40.98
2025-07-23,11,3,2025-07-23 11:31:00,5,第12回中日スポーツ杯,6,5399,長野 未来,4,23,44.5,0,0,,1.1,0,0,1.14,0,0,27.12,38.98,32,38
2025-07-23,11,4,2025-07-23 12:02:00,5,第12回中日スポーツ杯,1,5238,笹木 香吾,3,25,52.7,0,0,0.18,5.31,34.26,51.85,2.42,7.69,15.38,46.43,57.14,33.33,49.12
2025-07-23,11,4,2025-07-23 12:02:00,5,第12回中日スポーツ杯,2,5294,豊田 祥生,3,23,50.5,0,0,0.17,3.23,14.71,21.57,2.6,4,8,24,42,32,40
2025-07-23,11,4,2025-07-23 12:02:00,5,第12回中日スポーツ杯,3,5192,中尾 優香,3,24,47.7,0,0,0.19,4.8,28.33,45,0,0,0,50,68.92,37.74,50.94
2025-07-23,11,4,2025-07-23 12:02:00,5,第12回中日スポーツ杯,4,3918,深井 利寿,2,50,51,0,0,0.16,5.82,30.95,50.79,6.46,45.64,63.09,13.64,31.82,27.14,42.86
2025-07-23,11,4,2025-07-23 12:02:00,5,第12回中日スポーツ杯,5,4244,鈴木 成美,3,38,44.5,0,0,0.14,4.91,32.86,45.71,5.8,50,50,26.79,53.57,39.66,60.34
2025-07-23,11,4,2025-07-23 12:02:00,5,第12回中日スポーツ杯,6,4593,小坂 宗司,2,44,52,0,0,0.18,5.42,30.91,56.36,5.82,42.86,64.29,36.36,52.73,51.79,67.86
2025-07-23,11,5,2025-07-23 12:29:00,5,第12回中日スポーツ杯,1,4025,山本 隆幸,1,47,52.5,0,0,0.18,6.39,45.71,62.86,6.51,40.28,66.67,18.87,39.62,8.33,30
2025-07-23,11,5,2025-07-23 12:29:00,5,第12回中日スポーツ杯,2,4889,後藤 盛也,3,36,52,1,0,0.13,4.99,32.61,44.57,6.05,50,54.55,32.76,39.66,32.76,62.07
2025-07-23,11,5,2025-07-23 12:29:00,5,第12回中日スポーツ杯,3,5079,大石 真央,3,27,45,0,0,0.2,4.6,25.49,39.22,4,11.11,22.22,45.9,59.02,25.49,56.86
2025-07-23,11,5,2025-07-23 12:29:00,5,第12回中日スポーツ杯,4,4589,塩崎 桐加,3,33,49.7,1,0,0.17,6.03,46.49,59.65,5.33,41.67,41.67,30.65,41.94,38.6,59.65
2025-07-23,11,5,2025-07-23 12:29:00,5,第12回中日スポーツ杯,5,3637,齋藤 和政,3,54,52.2,0,0,0.18,4.3,16.16,41.41,4.77,16.67,53.33,33.9,50.85,42.11,54.39
2025-07-23,11,5,2025-07-23 12:29:00,5,第12回中日スポーツ杯,6,5293,眞崎 武蔵,3,23,53,2,0,0.16,3.19,9.09,23.38,3.71,14.29,28.57,57.35,69.12,35.48,51.61
2025-07-23,11,6,2025-07-23 12:55:00,5,第12回中日スポーツ杯,1,3202,三品 隆浩,3,60,52.2,0,0,0.2,4.76,29.55,45.45,0,0,0,42.86,63.49,47.54,63.93
2025-07-23,11,6,2025-07-23 12:55:00,5,第12回中日スポーツ杯,2,3257,田頭 実,3,58,51,0,0,0.12,6.45,53.06,69.39,6.89,55.56,66.67,40,54.55,41.27,53.97
2025-07-23,11,6,2025-07-23 12:55:00,5,第12回中日スポーツ杯,3,3539,金子 順一,3,57,52.1,0,0,0.17,4.47,26.09,39.13,2.13,0,0,34.55,47.27,21.82,38.18
2025-07-23,11,6,2025-07-23 12:55:00,5,第12回中日スポーツ杯,4,4919,吉田 翔悟,3,34,52.1,0,0,0.14,5.45,38.2,52.81,7,55.56,77.78,37.31,55.22,40,65
2025-07-23,11,6,2025-07-23 12:55:00,5,第12回中日スポーツ杯,5,5386,米玉利 大悟,4,19,52,0,0,0.18,1.45,0,4,1.44,0,0,31.03,48.28,38.24,51.47
2025-07-23,11,6,2025-07-23 12:55:00,5,第12回中日スポーツ杯,6,4199,北川 潤二,1,43,55.3,0,0,0.13,6.63,52.38,68.25,6.32,48.39,61.29,22,36,26.32,50.88
2025-07-23,11,7,2025-07-23 13:25:00,5,第12回中日スポーツ杯,1,5237,永松 良教,3,25,52.6,0,0,0.18,3.59,19.75,29.63,3.33,16.67,22.22,38.24,67.65,36.92,52.31
2025-07-23,11,7,2025-07-23 13:25:00,5,第12回中日スポーツ杯,2,5300,横田 海人,3,22,52,0,0,0.18,2.22,8.43,12.05,1.21,0,0,33.33,50,37.29,52.54
2025-07-23,11,7,2025-07-23 13:25:00,5,第12回中日スポーツ杯,3,3752,宇土 泰就,3,54,53.1,0,0,0.16,5.02,30.49,51.22,3.66,17.07,26.83,46.55,63.79,28.81,42.37
2025-07-23,11,7,2025-07-23 13:25:00,5,第12回中日スポーツ杯,4,4747,山戸 信二,3,39,51.5,0,0,0.17,3.16,9.59,19.18,6,33.33,50,36.51,60.32,31.58,54.39
2025-07-23,11,7,2025-07-23 13:25:00,5,第12回中日スポーツ杯,5,3176,長谷川 巌,3,61,52.2,0,0,0.17,3.98,18.28,32.26,3.9,19.51,29.27,31.67,53.33,49.18,65.57
2025-07-23,11,7,2025-07-23 13:25:00,5,第12回中日スポーツ杯,6,3838,伊藤 啓三,2,50,52.3,1,0,0.13,5.61,35.38,53.85,5.92,36.84,60.53,29.03,41.94,14.63,19.51
2025-07-23,11,8,2025-07-23 13:51:00,5,第12回中日スポーツ杯,1,4120,柘植 政浩,2,44,51,0,0,0.19,5.52,34.29,58.1,6.23,45.68,62.96,16.67,23.81,33.33,42.59
2025-07-23,11,8,2025-07-23 13:51:00,5,第12回中日スポーツ杯,2,4047,吉永 浩則,3,45,53.3,0,0,0.17,3.61,15.85,24.39,3.94,19.35,38.71,28.07,40.35,26.15,38.46
2025-07-23,11,8,2025-07-23 13:51:00,5,第12回中日スポーツ杯,3,3793,高橋 真吾,3,52,57.1,1,0,0.16,4.85,32.14,50,0,0,0,26.09,32.61,31.15,40.98
2025-07-23,11,8,2025-07-23 13:51:00,5,第12回中日スポーツ杯,4,4593,小坂 宗司,2,44,52,0,0,0.18,5.42,30.91,56.36,5.82,42.86,64.29,36.36,52.73,51.79,67.86
2025-07-23,11,8,2025-07-23 13:51:00,5,第12回中日スポーツ杯,5,3286,坂東 満,3,56,51.5,0,0,0.17,4.68,25.68,47.3,2.67,16.67,16.67,31.15,42.62,30.19,43.4
2025-07-23,11,8,2025-07-23 13:51:00,5,第12回中日スポーツ杯,6,4365,盛本 真輔,3,39,52,0,0,0.19,5.04,33.08,46.92,4.48,28.57,38.1,21.28,36.17,45.45,61.82
2025-07-23,11,9,2025-07-23 14:23:00,5,第12回中日スポーツ杯,1,4589,塩崎 桐加,3,33,50.2,1,0,0.17,6.03,46.49,59.65,5.33,41.67,41.67,30.65,41.94,38.6,59.65
2025-07-23,11,9,2025-07-23 14:23:00,5,第12回中日スポーツ杯,2,5079,大石 真央,3,27,44.5,0,0,0.2,4.6,25.49,39.22,4,11.11,22.22,45.9,59.02,25.49,56.86
2025-07-23,11,9,2025-07-23 14:23:00,5,第12回中日スポーツ杯,3,4974,安井 瑞紀,3,32,47,0,0,0.16,5.35,35.21,56.34,3.33,16.67,16.67,27.27,47.27,35.19,62.96
2025-07-23,11,9,2025-07-23 14:23:00,5,第12回中日スポーツ杯,4,4244,鈴木 成美,3,38,44,0,0,0.14,4.91,32.86,45.71,5.8,50,50,26.79,53.57,39.66,60.34
2025-07-23,11,9,2025-07-23 14:23:00,5,第12回中日スポーツ杯,5,5192,中尾 優香,3,24,47.9,0,0,0.19,4.8,28.33,45,0,0,0,50,68.92,37.74,50.94
2025-07-23,11,9,2025-07-23 14:23:00,5,第12回中日スポーツ杯,6,5399,長野 未来,4,23,45,0,0,,1.1,0,0,1.14,0,0,27.12,38.98,32,38
2025-07-23,11,10,2025-07-23 15:03:00,5,第12回中日スポーツ杯,1,3900,香川 素子,2,48,47.1,0,0,0.18,6.05,45.45,60,6.39,47.57,61.17,54.55,63.64,42.86,60.32
2025-07-23,11,10,2025-07-23 15:03:00,5,第12回中日スポーツ杯,2,5238,笹木 香吾,3,25,52.7,0,0,0.18,5.31,34.26,51.85,2.42,7.69,15.38,46.43,57.14,33.33,49.12
2025-07-23,11,10,2025-07-23 15:03:00,5,第12回中日スポーツ杯,3,3202,三品 隆浩,3,60,52.2,0,0,0.2,4.76,29.55,45.45,0,0,0,42.86,63.49,47.54,63.93
2025-07-23,11,10,2025-07-23 15:03:00,5,第12回中日スポーツ杯,4,4049,荒川 健太,2,44,56.2,0,0,0.17,6.17,43.27,61.54,5.68,30.19,54.72,37.1,59.68,29.63,51.85
2025-07-23,11,10,2025-07-23 15:03:00,5,第12回中日スポーツ杯,5,4856,豊田 健士郎,1,29,52.3,0,0,0.14,6.35,44.35,54.03,9.38,87.5,100,19.51,31.71,20,28
2025-07-23,11,10,2025-07-23 15:03:00,5,第12回中日スポーツ杯,6,4025,山本 隆幸,1,47,52.5,0,0,0.18,6.39,45.71,62.86,6.51,40.28,66.67,18.87,39.62,8.33,30
2025-07-23,11,11,2025-07-23 15:36:00,5,第12回中日スポーツ杯,1,3918,深井 利寿,2,50,51,0,0,0.16,5.82,30.95,50.79,6.46,45.64,63.09,13.64,31.82,27.14,42.86
2025-07-23,11,11,2025-07-23 15:36:00,5,第12回中日スポーツ杯,2,5237,永松 良教,3,25,52.6,0,0,0.18,3.59,19.75,29.63,3.33,16.67,22.22,38.24,67.65,36.92,52.31
2025-07-23,11,11,2025-07-23 15:36:00,5,第12回中日スポーツ杯,3,4889,後藤 盛也,3,36,52,1,0,0.13,4.99,32.61,44.57,6.05,50,54.55,32.76,39.66,32.76,62.07
2025-07-23,11,11,2025-07-23 15:36:00,5,第12回中日スポーツ杯,4,3257,田頭 実,3,58,51,0,0,0.12,6.45,53.06,69.39,6.89,55.56,66.67,40,54.55,41.27,53.97
2025-07-23,11,11,2025-07-23 15:36:00,5,第12回中日スポーツ杯,5,4487,三原 司,3,39,52.1,0,0,0.18,4.4,20.18,41.28,4.04,22.22,33.33,24.53,33.96,37.88,63.64
2025-07-23,11,11,2025-07-23 15:36:00,5,第12回中日スポーツ杯,6,3627,井上 恵一,3,55,52.3,0,0,0.18,5.69,38.89,61.11,5.65,41.18,64.71,23.73,38.98,24,40
2025-07-23,11,12,2025-07-23 16:10:00,5,第12回中日スポーツ杯,1,4759,今泉 友吾,1,35,52,0,0,0.16,6.64,42.71,65.63,3.83,16.67,16.67,42.19,59.38,24.49,34.69
2025-07-23,11,12,2025-07-23 16:10:00,5,第12回中日スポーツ杯,2,5132,中野 希一,1,26,52,0,0,0.15,6.29,47.29,63.57,6.82,54.55,81.82,14.81,29.63,19.23,40.38
2025-07-23,11,12,2025-07-23 16:10:00,5,第12回中日スポーツ杯,3,4709,岡村 将也,2,36,52.6,0,0,0.18,5.61,35.9,57.26,7.28,55.56,66.67,37.04,51.85,27.87,52.46
2025-07-23,11,12,2025-07-23 16:10:00,5,第12回中日スポーツ杯,4,4688,永井 彪也,1,32,53.1,0,0,0.13,6.9,53.72,66.12,0,0,0,47.54,62.3,39.06,51.56
2025-07-23,11,12,2025-07-23 16:10:00,5,第12回中日スポーツ杯,5,4050,田口 節子,1,44,47,0,0,0.15,7.15,56.38,73.4,6.08,42.31,50,35.59,62.71,38.6,57.89
2025-07-23,11,12,2025-07-23 16:10:00,5,第12回中日スポーツ杯,6,3988,古川 誠之,2,46,54.6,0,0,0.16,5.41,38.94,53.1,5.92,38.46,56.41,38.46,70.77,43.33,63.33
2025-07-23,12,1,2025-07-23 15:18:00,4,第36回アサヒビールカップ,1,3977,山本 兼士,3,48,52,0,0,0.18,4.24,20.56,38.32,4.85,22.06,51.47,38.71,53.23,49.18,62.3
2025-07-23,12,1,2025-07-23 15:18:00,4,第36回アサヒビールカップ,2,4196,田中 太一郎,3,43,52,0,0,0.17,5.24,38.89,46.67,7,57.14,71.43,27.69,50.77,36.51,53.97
2025-07-23,12,1,2025-07-23 15:18:00,4,第36回アサヒビールカップ,3,5071,野見山 拓己,3,30,52,0,0,0.16,4.54,21.11,38.89,0,0,0,28.57,47.62,40.32,56.45
2025-07-23,12,1,2025-07-23 15:18:00,4,第36回アサヒビールカップ,4,4348,宮崎 奨,2,39,53.6,0,0,0.18,6.39,43.65,69.84,6.39,42.86,67.86,36.67,50,47.54,60.66
2025-07-23,12,1,2025-07-23 15:18:00,4,第36回アサヒビールカップ,5,3907,村越 篤,3,47,54,0,0,0.17,5.45,37.21,52.71,7.31,56.25,81.25,31.34,49.25,33.87,53.23
2025-07-23,12,1,2025-07-23 15:18:00,4,第36回アサヒビールカップ,6,4895,門間 雄大,3,34,52.9,0,0,0.16,4.87,20.88,50.55,5.02,25.58,51.16,50,56.45,26.56,39.06
2025-07-23,12,2,2025-07-23 15:44:00,4,第36回アサヒビールカップ,1,3892,草場 康幸,3,49,52.8,0,0,0.17,5.41,35.05,55.67,6.52,48,64,24.19,41.94,23.33,38.33
2025-07-23,12,2,2025-07-23 15:44:00,4,第36回アサヒビールカップ,2,4171,榎 幸司,1,42,52,0,0,0.17,6.45,44.7,69.7,6.42,57.69,65.38,43.75,64.06,23.44,37.5
2025-07-23,12,2,2025-07-23 15:44:00,4,第36回アサヒビールカップ,3,5075,中島 秀治,2,29,52.3,0,0,0.17,6.47,43.61,66.17,5.86,38.1,57.14,42.42,66.67,31.75,44.44
2025-07-23,12,2,2025-07-23 15:44:00,4,第36回アサヒビールカップ,4,4695,尾崎 雄二,3,39,52.3,0,0,0.18,5.34,35.77,53.66,0,0,0,45.45,54.55,26.15,33.85
2025-07-23,12,2,2025-07-23 15:44:00,4,第36回アサヒビールカップ,5,4526,池田 雄祐,2,37,51.5,1,0,0.16,6.14,42.86,64.29,7.17,50,66.67,35.48,56.45,19.67,44.26
2025-07-23,12,2,2025-07-23 15:44:00,4,第36回アサヒビールカップ,6,3690,河合 三弘,3,54,52.4,0,0,0.18,4.51,29.13,38.83,4.67,27.78,44.44,23.81,46.03,34.62,57.69
2025-07-23,12,3,2025-07-23 16:19:00,4,第36回アサヒビールカップ,1,4258,関根 彰人,3,41,52.5,0,0,0.18,5.33,29.45,51.37,4.15,0,46.15,29.69,51.56,26.98,47.62
2025-07-23,12,3,2025-07-23 16:19:00,4,第36回アサヒビールカップ,2,4382,高山 智至,3,40,53.1,0,0,0.17,4.16,17.65,37.65,4.84,24.32,45.95,28.13,45.31,27.69,44.62
2025-07-23,12,3,2025-07-23 16:19:00,4,第36回アサヒビールカップ,3,4959,井上 忠政,1,29,52.4,0,0,0.16,6.98,46,64,6.72,48.72,70.09,31.25,45.31,33.85,52.31
2025-07-23,12,3,2025-07-23 16:19:00,4,第36回アサヒビールカップ,4,4159,向後 龍一,2,44,52,0,0,0.17,6.31,45.38,60.77,7.14,57.14,78.57,18.18,30.3,21.54,43.08
2025-07-23,12,3,2025-07-23 16:19:00,4,第36回アサヒビールカップ,5,5092,篠原 晟弥,3,24,52,0,0,0.14,5.3,40.66,50.55,0,0,0,35.48,56.45,35.48,45.16
2025-07-23,12,3,2025-07-23 16:19:00,4,第36回アサヒビールカップ,6,5091,為本 智也,2,24,52,0,0,0.18,5.31,36.08,51.55,4,33.33,33.33,46.77,58.06,56.14,73.68
2025-07-23,12,4,2025-07-23 16:55:00,4,第36回アサヒビールカップ,1,4753,森 照夫,3,37,53.3,1,0,0.16,5.11,32.26,49.19,0,0,0,25.81,29.03,35.71,55.36
2025-07-23,12,4,2025-07-23 16:55:00,4,第36回アサヒビールカップ,2,4509,平見 真彦,1,36,52.9,1,0,0.18,5.98,36.28,61.95,6.5,41.18,73.53,44.12,58.82,26.56,56.25
2025-07-23,12,4,2025-07-23 16:55:00,4,第36回アサヒビールカップ,3,4152,深水 慎一郎,3,45,52.6,0,0,0.17,5.42,36,52,5.28,25,52.5,35.48,46.77,36.84,50.88
2025-07-23,12,4,2025-07-23 16:55:00,4,第36回アサヒビールカップ,4,4540,相原 利章,3,37,52,0,0,0.13,5.58,38.82,51.76,5.89,44.44,55.56,31.82,45.45,27.27,36.36
2025-07-23,12,4,2025-07-23 16:55:00,4,第36回アサヒビールカップ,5,4472,尾嶋 一広,1,38,53.3,1,0,0.15,6.74,54.74,70.8,6.78,48.65,70.27,34.38,48.44,30.65,51.61
2025-07-23,12,4,2025-07-23 16:55:00,4,第36回アサヒビールカップ,6,4202,浮田 圭浩,3,42,53.9,0,0,0.18,4.45,27.05,39.34,4.87,40,46.67,22.22,34.92,35.94,51.56
2025-07-23,12,5,2025-07-23 17:19:00,4,第36回アサヒビールカップ,1,4156,浜野 孝志,2,44,56.4,0,0,0.18,5.7,40.23,54.02,6.27,36.36,72.73,29.03,51.61,31.67,60
2025-07-23,12,5,2025-07-23 17:19:00,4,第36回アサヒビールカップ,2,3977,山本 兼士,3,48,52,0,0,0.18,4.24,20.56,38.32,4.85,22.06,51.47,38.71,53.23,49.18,62.3
2025-07-23,12,5,2025-07-23 17:19:00,4,第36回アサヒビールカップ,3,3566,川添 英正,3,55,52.1,0,0,0.19,4.67,22.12,42.31,5.45,36.36,50,41.79,61.19,48.44,62.5
2025-07-23,12,5,2025-07-23 17:19:00,4,第36回アサヒビールカップ,4,3385,渡邉 睦広,3,56,52,0,0,0.17,5.63,35.65,54.78,4.76,29.41,47.06,24.19,33.87,30.61,40.82
2025-07-23,12,5,2025-07-23 17:19:00,4,第36回アサヒビールカップ,5,5000,岡本 翔太郎,3,30,52,0,0,0.13,4.9,24.07,48.15,6.06,44.44,55.56,58.21,70.15,39.34,47.54
2025-07-23,12,5,2025-07-23 17:19:00,4,第36回アサヒビールカップ,6,4702,三浦 敬太,1,38,52,0,0,0.14,6.51,47.12,66.35,5.83,52.17,52.17,35.82,47.76,23.81,42.86
2025-07-23,12,6,2025-07-23 17:46:00,4,第36回アサヒビールカップ,1,4196,田中 太一郎,3,43,52,0,0,0.17,5.24,38.89,46.67,7,57.14,71.43,27.69,50.77,36.51,53.97
2025-07-23,12,6,2025-07-23 17:46:00,4,第36回アサヒビールカップ,2,4446,和田 兼輔,1,38,52,0,0,0.14,6.32,42.37,58.47,6.53,46.51,67.44,29.51,44.26,37.25,54.9
2025-07-23,12,6,2025-07-23 17:46:00,4,第36回アサヒビールカップ,3,4960,黒野 元基,2,29,51.5,0,0,0.16,6.14,43.48,63.48,6,40.91,68.18,43.75,62.5,40.63,62.5
2025-07-23,12,6,2025-07-23 17:46:00,4,第36回アサヒビールカップ,4,4423,坂口 貴彦,3,36,54,0,0,0.19,5.37,34.07,54.95,4.11,11.11,33.33,39.68,63.49,25.81,41.94
2025-07-23,12,6,2025-07-23 17:46:00,4,第36回アサヒビールカップ,5,5002,上田 健太,1,29,51.5,0,0,0.15,6.06,43.53,61.18,0,0,0,49.09,69.09,36.07,63.93
2025-07-23,12,6,2025-07-23 17:46:00,4,第36回アサヒビールカップ,6,5075,中島 秀治,2,29,52.3,0,0,0.17,6.47,43.61,66.17,5.86,38.1,57.14,42.42,66.67,31.75,44.44
2025-07-23,12,7,2025-07-23 18:13:00,4,第36回アサヒビールカップ,1,4695,尾崎 雄二,3,39,52.3,0,0,0.18,5.34,35.77,53.66,0,0,0,45.45,54.55,26.15,33.85
2025-07-23,12,7,2025-07-23 18:13:00,4,第36回アサヒビールカップ,2,4263,武重 雄介,1,41,55,0,0,0.16,6.36,46.9,63.72,5.3,40,50,37.88,53.03,39.68,50.79
2025-07-23,12,7,2025-07-23 18:13:00,4,第36回アサヒビールカップ,3,5126,山下 大輝,2,28,51,0,0,0.18,6.43,51.79,66.96,4.74,26.32,36.84,42.42,66.67,43.55,59.68
2025-07-23,12,7,2025-07-23 18:13:00,4,第36回アサヒビールカップ,4,4061,萩原 秀人,1,46,52.3,0,0,0.13,7.6,59.68,76.61,6.68,42.5,57.5,25.37,32.84,33.33,52.63
2025-07-23,12,7,2025-07-23 18:13:00,4,第36回アサヒビールカップ,5,4348,宮崎 奨,2,39,53.6,0,0,0.18,6.39,43.65,69.84,6.39,42.86,67.86,36.67,50,47.54,60.66
2025-07-23,12,7,2025-07-23 18:13:00,4,第36回アサヒビールカップ,6,5092,篠原 晟弥,3,24,52,0,0,0.14,5.3,40.66,50.55,0,0,0,35.48,56.45,35.48,45.16
2025-07-23,12,8,2025-07-23 18:43:00,4,第36回アサヒビールカップ,1,4557,松尾 光広,2,35,53.9,1,0,0.16,4.66,26.74,41.86,6.1,35,60,33.33,52.17,30.16,42.86
2025-07-23,12,8,2025-07-23 18:43:00,4,第36回アサヒビールカップ,2,4175,川尻 泰輔,3,42,55.9,0,0,0.16,4.86,27.93,49.55,0,0,0,18.18,37.88,41.67,55
2025-07-23,12,8,2025-07-23 18:43:00,4,第36回アサヒビールカップ,3,4361,柳生 泰二,1,40,52,0,0,0.14,7.04,55.1,71.43,6.76,29.41,47.06,39.39,56.06,27.69,52.31
2025-07-23,12,8,2025-07-23 18:43:00,4,第36回アサヒビールカップ,4,4925,森 悠稀,2,32,52.3,0,0,0.13,5.8,33.63,61.06,5,10,40,20.63,33.33,35,55
2025-07-23,12,8,2025-07-23 18:43:00,4,第36回アサヒビールカップ,5,4258,関根 彰人,3,41,52.5,0,0,0.18,5.33,29.45,51.37,4.15,0,46.15,29.69,51.56,26.98,47.62
2025-07-23,12,8,2025-07-23 18:43:00,4,第36回アサヒビールカップ,6,4152,深水 慎一郎,3,45,52.6,0,0,0.17,5.42,36,52,5.28,25,52.5,35.48,46.77,36.84,50.88
2025-07-23,12,9,2025-07-23 19:14:00,4,第36回アサヒビールカップ,1,4962,畑 竜生,2,28,52,1,0,0.18,5.18,29.09,50.91,5.1,32.26,48.39,37.88,54.55,34.38,54.69
2025-07-23,12,9,2025-07-23 19:14:00,4,第36回アサヒビールカップ,2,4702,三浦 敬太,1,38,52,0,0,0.14,6.51,47.12,66.35,5.83,52.17,52.17,35.82,47.76,23.81,42.86
2025-07-23,12,9,2025-07-23 19:14:00,4,第36回アサヒビールカップ,3,4202,浮田 圭浩,3,42,53.9,0,0,0.18,4.45,27.05,39.34,4.87,40,46.67,22.22,34.92,35.94,51.56
2025-07-23,12,9,2025-07-23 19:14:00,4,第36回アサヒビールカップ,4,4382,高山 智至,3,40,53.1,0,0,0.17,4.16,17.65,37.65,4.84,24.32,45.95,28.13,45.31,27.69,44.62
2025-07-23,12,9,2025-07-23 19:14:00,4,第36回アサヒビールカップ,5,3892,草場 康幸,3,49,52.8,0,0,0.17,5.41,35.05,55.67,6.52,48,64,24.19,41.94,23.33,38.33
2025-07-23,12,9,2025-07-23 19:14:00,4,第36回アサヒビールカップ,6,4012,中村 有裕,2,45,55.6,0,0,0.15,5.87,41,62,5.38,32.43,51.35,30.16,38.1,30.16,42.86
2025-07-23,12,10,2025-07-23 19:47:00,4,第36回アサヒビールカップ,1,4171,榎 幸司,1,42,52,0,0,0.17,6.45,44.7,69.7,6.42,57.69,65.38,43.75,64.06,23.44,37.5
2025-07-23,12,10,2025-07-23 19:47:00,4,第36回アサヒビールカップ,2,4472,尾嶋 一広,1,38,53.3,1,0,0.15,6.74,54.74,70.8,6.78,48.65,70.27,34.38,48.44,30.65,51.61
2025-07-23,12,10,2025-07-23 19:47:00,4,第36回アサヒビールカップ,3,3563,堤 昇,3,55,52.5,1,0,0.17,5.52,37.24,55.17,5.59,32.35,61.76,38.46,53.85,25.76,42.42
2025-07-23,12,10,2025-07-23 19:47:00,4,第36回アサヒビールカップ,4,3907,村越 篤,3,47,54,0,0,0.17,5.45,37.21,52.71,7.31,56.25,81.25,31.34,49.25,33.87,53.23
2025-07-23,12,10,2025-07-23 19:47:00,4,第36回アサヒビールカップ,5,4834,浜本 裕己,3,37,50.5,0,0,0.17,5.23,33.63,51.33,4.56,23.64,36.36,31.25,50,47.62,60.32
2025-07-23,12,10,2025-07-23 19:47:00,4,第36回アサヒビールカップ,6,4159,向後 龍一,2,44,52,0,0,0.17,6.31,45.38,60.77,7.14,57.14,78.57,18.18,30.3,21.54,43.08
2025-07-23,12,11,2025-07-23 20:16:00,4,第36回アサヒビールカップ,1,4509,平見 真彦,1,36,52.6,1,0,0.18,5.98,36.28,61.95,6.5,41.18,73.53,44.12,58.82,26.56,56.25
2025-07-23,12,11,2025-07-23 20:16:00,4,第36回アサヒビールカップ,2,3385,渡邉 睦広,3,56,51,0,0,0.17,5.63,35.65,54.78,4.76,29.41,47.06,24.19,33.87,30.61,40.82
2025-07-23,12,11,2025-07-23 20:16:00,4,第36回アサヒビールカップ,3,4044,湯川 浩司,1,45,52.1,0,0,0.14,7.27,52.17,68.84,6.84,51.59,68.25,27.42,46.77,30.36,42.86
2025-07-23,12,11,2025-07-23 20:16:00,4,第36回アサヒビールカップ,4,4273,佐藤 旭,3,43,52,0,0,0.19,4.81,24,48,4.08,19.23,34.62,41.94,66.13,32.26,48.39
2025-07-23,12,11,2025-07-23 20:16:00,4,第36回アサヒビールカップ,5,4960,黒野 元基,2,29,51.5,0,0,0.16,6.14,43.48,63.48,6,40.91,68.18,43.75,62.5,40.63,62.5
2025-07-23,12,11,2025-07-23 20:16:00,4,第36回アサヒビールカップ,6,4570,前田 聖文,1,37,52,0,0,0.13,6.62,46.46,71.65,6.63,36.84,73.68,45.16,64.52,30.3,45.45
2025-07-23,12,12,2025-07-23 20:45:00,4,第36回アサヒビールカップ,1,4959,井上 忠政,1,29,52.4,0,0,0.16,6.98,46,64,6.72,48.72,70.09,31.25,45.31,33.85,52.31
2025-07-23,12,12,2025-07-23 20:45:00,4,第36回アサヒビールカップ,2,4540,相原 利章,3,37,52,0,0,0.13,5.58,38.82,51.76,5.89,44.44,55.56,31.82,45.45,27.27,36.36
2025-07-23,12,12,2025-07-23 20:45:00,4,第36回アサヒビールカップ,3,4526,池田 雄祐,2,37,51.5,1,0,0.16,6.14,42.86,64.29,7.17,50,66.67,35.48,56.45,19.67,44.26
2025-07-23,12,12,2025-07-23 20:45:00,4,第36回アサヒビールカップ,4,4361,柳生 泰二,1,40,52,0,0,0.14,7.04,55.1,71.43,6.76,29.41,47.06,39.39,56.06,27.69,52.31
2025-07-23,12,12,2025-07-23 20:45:00,4,第36回アサヒビールカップ,5,5126,山下 大輝,2,28,51,0,0,0.18,6.43,51.79,66.96,4.74,26.32,36.84,42.42,66.67,43.55,59.68
2025-07-23,12,12,2025-07-23 20:45:00,4,第36回アサヒビールカップ,6,5002,上田 健太,1,29,51.5,0,0,0.15,6.06,43.53,61.18,0,0,0,49.09,69.09,36.07,63.93
2025-07-23,14,1,2025-07-23 08:40:00,5,第10回徳島バスカップ競走,1,4073,大橋 純一郎,2,44,52.5,1,0,0.14,6.17,42.2,63.3,6.06,45.71,68.57,43.75,58.33,33.96,50.94
2025-07-23,14,1,2025-07-23 08:40:00,5,第10回徳島バスカップ競走,2,3850,小川 知行,3,53,52.2,0,0,0.15,4.55,21.01,42.02,0,0,0,30,56.67,20,41.54
2025-07-23,14,1,2025-07-23 08:40:00,5,第10回徳島バスカップ競走,3,3910,松下 知幸,3,51,51,0,0,0.17,4.33,22.22,33.33,5.25,30,50,24,42,33.93,51.79
2025-07-23,14,1,2025-07-23 08:40:00,5,第10回徳島バスカップ競走,4,4672,守屋 大地,3,39,52,0,0,0.19,4.54,30.19,44.34,4.85,32.2,40.68,23.91,50,23.53,35.29
2025-07-23,14,1,2025-07-23 08:40:00,5,第10回徳島バスカップ競走,5,4339,平瀬 城啓,3,41,54.4,0,0,0.19,4.26,18.27,36.54,4.67,50,50,41.67,55,26,44
2025-07-23,14,1,2025-07-23 08:40:00,5,第10回徳島バスカップ競走,6,5384,八戸 琉楓,4,20,52.8,0,0,0.24,1.74,1.85,3.7,1.29,0,0,33.87,54.84,21.54,32.31
2025-07-23,14,2,2025-07-23 09:06:00,5,第10回徳島バスカップ競走,1,4231,鈴木 裕隆,3,42,54.7,0,0,0.17,5.82,42.5,58.33,5.25,33.33,45.83,34.69,57.14,46.94,69.39
2025-07-23,14,2,2025-07-23 09:06:00,5,第10回徳島バスカップ競走,2,4403,木下 大將,3,40,52.4,0,0,0.15,5.59,38.16,56.58,6.62,42.86,61.9,22.81,36.84,31.91,48.94
2025-07-23,14,2,2025-07-23 09:06:00,5,第10回徳島バスカップ競走,3,3441,土屋 太朗,3,55,52,1,0,0.19,5.27,27.62,53.33,5.24,28,52,36.21,60.34,35.29,60.78
2025-07-23,14,2,2025-07-23 09:06:00,5,第10回徳島バスカップ競走,4,5278,田中 駿兵,2,22,52,0,0,0.17,6.29,48.24,65.88,4.77,27.83,46.96,26.09,41.3,23.73,42.37
2025-07-23,14,2,2025-07-23 09:06:00,5,第10回徳島バスカップ競走,5,3655,本橋 克洋,2,51,52,0,0,0.19,5.84,41.38,62.07,3.85,10,35,18.18,27.27,22.22,40.74
2025-07-23,14,2,2025-07-23 09:06:00,5,第10回徳島バスカップ競走,6,5037,田頭 虎親,3,27,52.1,1,0,0.19,4.76,26.25,46.25,5.98,45.83,54.17,21.74,41.3,37.29,50.85
2025-07-23,14,3,2025-07-23 09:32:00,5,第10回徳島バスカップ競走,1,4428,有賀 達也,2,39,51.5,1,0,0.13,6.06,39.55,58.21,7.38,50,87.5,40.68,57.63,34.55,58.18
2025-07-23,14,3,2025-07-23 09:32:00,5,第10回徳島バスカップ競走,2,5160,藤森 陸斗,3,26,53.1,0,0,0.15,5.3,35.8,51.85,3.85,23.08,34.62,27.12,47.46,37.25,49.02
2025-07-23,14,3,2025-07-23 09:32:00,5,第10回徳島バスカップ競走,3,4034,西原 明生,3,46,54.2,0,0,0.19,4.26,16.16,39.39,4.06,16.13,38.71,36.96,52.17,32.65,44.9
2025-07-23,14,3,2025-07-23 09:32:00,5,第10回徳島バスカップ競走,4,5325,澁川 夏,3,22,52,1,0,0.14,3.91,14.02,31.78,0,0,0,26.32,43.86,32.65,48.98
2025-07-23,14,3,2025-07-23 09:32:00,5,第10回徳島バスカップ競走,5,3933,山地 正樹,3,49,54.6,0,0,0.17,5.13,33.33,51.67,5.16,36,64,31.67,45,37.5,51.79
2025-07-23,14,3,2025-07-23 09:32:00,5,第10回徳島バスカップ競走,6,5221,竹間 隆晟,1,24,53,0,0,0.16,6.67,54.55,69.7,5.29,28.57,52.38,28.89,40,34.69,40.82
2025-07-23,14,4,2025-07-23 09:58:00,5,第10回徳島バスカップ競走,1,4209,藤田 竜弘,2,42,55,0,0,0.15,5.54,36.61,58.93,5.33,22.22,44.44,29.63,44.44,37.78,53.33
2025-07-23,14,4,2025-07-23 09:58:00,5,第10回徳島バスカップ競走,2,4665,加藤 啓太,3,41,52,1,0,0.18,3.96,11.76,33.82,4.69,27.59,41.38,27.12,38.98,43.14,50.98
2025-07-23,14,4,2025-07-23 09:58:00,5,第10回徳島バスカップ競走,3,4201,佐竹 友樹,3,42,52.2,0,0,0.17,5.29,34.86,51.38,0,0,0,29.31,43.1,27.27,39.39
2025-07-23,14,4,2025-07-23 09:58:00,5,第10回徳島バスカップ競走,4,3519,冨田 秀幸,3,57,52,0,0,0.15,4.68,27.78,41.27,4.71,28.57,42.86,30.43,41.3,20.63,42.86
2025-07-23,14,4,2025-07-23 09:58:00,5,第10回徳島バスカップ競走,5,4236,松村 敏,1,41,52.4,0,0,0.12,7.26,61.39,75.25,6.92,50,75,32,50,36.73,51.02
2025-07-23,14,4,2025-07-23 09:58:00,5,第10回徳島バスカップ競走,6,5398,鐘ヶ江 真司,4,23,52.1,0,0,,2.62,5.41,13.51,0,0,0,25,41.67,35.09,49.12
2025-07-23,14,5,2025-07-23 10:25:00,5,第10回徳島バスカップ競走,1,4259,真庭 明志,3,41,52,0,0,0.15,5.55,41.84,52.48,6.27,46.67,60,26.53,51.02,23.21,33.93
2025-07-23,14,5,2025-07-23 10:25:00,5,第10回徳島バスカップ競走,2,4383,竹田 吉行,2,40,52.2,0,0,0.16,5.57,36.61,50,5.54,33.97,53.21,48.98,59.18,37.7,54.1
2025-07-23,14,5,2025-07-23 10:25:00,5,第10回徳島バスカップ競走,3,4272,大場 広孝,3,43,54.9,1,0,0.15,5.26,26.83,53.66,5.52,34.78,60.87,25.53,36.17,33.33,46.67
2025-07-23,14,5,2025-07-23 10:25:00,5,第10回徳島バスカップ競走,4,4626,伊藤 紘章,3,39,52,1,0,0.2,4.05,20,34.55,0,0,0,36.73,53.06,46.3,66.67
2025-07-23,14,5,2025-07-23 10:25:00,5,第10回徳島バスカップ競走,5,4057,松井 賢治,2,46,52,0,0,0.16,5.92,39.68,60.32,6.35,47.06,64.71,26.67,43.33,31.82,54.55
2025-07-23,14,5,2025-07-23 10:25:00,5,第10回徳島バスカップ競走,6,5420,吉原 快誓,4,19,52,1,0,,1.17,0,0,0,0,0,35.48,51.61,45.1,62.75
2025-07-23,14,6,2025-07-23 10:55:00,5,第10回徳島バスカップ競走,1,3843,上之 晃弘,3,49,53.3,0,0,0.17,4.65,25.89,41.96,5.63,36.67,53.33,36.07,47.54,23.64,40
2025-07-23,14,6,2025-07-23 10:55:00,5,第10回徳島バスカップ競走,2,4672,守屋 大地,3,39,52,0,0,0.19,4.54,30.19,44.34,4.85,32.2,40.68,23.91,50,23.53,35.29
2025-07-23,14,6,2025-07-23 10:55:00,5,第10回徳島バスカップ競走,3,5090,生方 靖亜,3,24,52,0,0,0.18,4.96,30.77,50,4.5,31.25,37.5,40,56.67,41.67,61.67
2025-07-23,14,6,2025-07-23 10:55:00,5,第10回徳島バスカップ競走,4,3893,汐崎 正則,3,49,52.6,0,0,0.18,4.25,20.22,37.08,4.5,30,40,36,64,28.85,51.92
2025-07-23,14,6,2025-07-23 10:55:00,5,第10回徳島バスカップ競走,5,4852,川原 祐明,1,30,52,0,0,0.17,6.86,51.33,69.03,6.85,44.12,70.59,48.98,55.1,30.77,44.23
2025-07-23,14,6,2025-07-23 10:55:00,5,第10回徳島バスカップ競走,6,3984,坂口 周,1,47,53.1,1,0,0.15,6.33,44.34,61.32,4,12.5,12.5,37.29,57.63,26.56,34.38
2025-07-23,14,7,2025-07-23 11:26:00,5,第10回徳島バスカップ競走,1,3339,泉 具巳,3,60,54.5,0,0,0.16,4.52,25,40.91,4.33,16.67,33.33,37.7,54.1,28.13,46.88
2025-07-23,14,7,2025-07-23 11:26:00,5,第10回徳島バスカップ競走,2,4339,平瀬 城啓,3,41,54.4,0,0,0.19,4.26,18.27,36.54,4.67,50,50,41.67,55,26,44
2025-07-23,14,7,2025-07-23 11:26:00,5,第10回徳島バスカップ競走,3,3933,山地 正樹,3,49,54.6,0,0,0.17,5.13,33.33,51.67,5.16,36,64,31.67,45,37.5,51.79
2025-07-23,14,7,2025-07-23 11:26:00,5,第10回徳島バスカップ競走,4,5018,竹下 大樹,1,26,53.2,0,0,0.18,6.33,45.45,66.43,6.11,42.11,63.16,36.21,51.72,31.82,50
2025-07-23,14,7,2025-07-23 11:26:00,5,第10回徳島バスカップ競走,5,5384,八戸 琉楓,4,20,52.8,0,0,0.24,1.74,1.85,3.7,1.29,0,0,33.87,54.84,21.54,32.31
2025-07-23,14,7,2025-07-23 11:26:00,5,第10回徳島バスカップ競走,6,4584,村岡 賢人,1,35,52.1,0,0,0.12,7.08,54.96,70.23,6.13,40.43,57.45,30.91,50.91,52.08,66.67
2025-07-23,14,8,2025-07-23 11:58:00,5,第10回徳島バスカップ競走,1,3441,土屋 太朗,3,55,52,1,0,0.19,5.27,27.62,53.33,5.24,28,52,36.21,60.34,35.29,60.78
2025-07-23,14,8,2025-07-23 11:58:00,5,第10回徳島バスカップ競走,2,4201,佐竹 友樹,3,42,52.2,0,0,0.17,5.29,34.86,51.38,0,0,0,29.31,43.1,27.27,39.39
2025-07-23,14,8,2025-07-23 11:58:00,5,第10回徳島バスカップ競走,3,4351,里岡 右貴,1,39,52.1,1,0,0.15,6.7,49.3,69.72,5.63,25,62.5,30.51,57.63,46.43,62.5
2025-07-23,14,8,2025-07-23 11:58:00,5,第10回徳島バスカップ競走,4,3850,小川 知行,3,53,52.2,0,0,0.15,4.55,21.01,42.02,0,0,0,30,56.67,20,41.54
2025-07-23,14,8,2025-07-23 11:58:00,5,第10回徳島バスカップ競走,5,4016,西川 新太郎,3,45,54.1,1,0,0.15,4.77,31.73,48.08,5.54,46.15,53.85,50,60.34,33.33,45.83
2025-07-23,14,8,2025-07-23 11:58:00,5,第10回徳島バスカップ競走,6,5388,佐野 優都,3,18,52.1,1,0,0.17,2.84,5.8,20.29,2.91,8.7,26.09,23.91,39.13,27.78,40.74
2025-07-23,14,9,2025-07-23 12:31:00,5,第10回徳島バスカップ競走,1,4272,大場 広孝,3,43,54.9,1,0,0.15,5.26,26.83,53.66,5.52,34.78,60.87,25.53,36.17,33.33,46.67
2025-07-23,14,9,2025-07-23 12:31:00,5,第10回徳島バスカップ競走,2,4034,西原 明生,3,46,54.2,0,0,0.19,4.26,16.16,39.39,4.06,16.13,38.71,36.96,52.17,32.65,44.9
2025-07-23,14,9,2025-07-23 12:31:00,5,第10回徳島バスカップ競走,3,4665,加藤 啓太,3,41,52,1,0,0.18,3.96,11.76,33.82,4.69,27.59,41.38,27.12,38.98,43.14,50.98
2025-07-23,14,9,2025-07-23 12:31:00,5,第10回徳島バスカップ競走,4,3070,山室 展弘,4,64,52,0,0,0.15,5.09,29.41,47.06,5.92,41.03,64.1,35.42,54.17,42.55,55.32
2025-07-23,14,9,2025-07-23 12:31:00,5,第10回徳島バスカップ競走,5,5420,吉原 快誓,4,19,52,1,0,,1.17,0,0,0,0,0,35.48,51.61,45.1,62.75
2025-07-23,14,9,2025-07-23 12:31:00,5,第10回徳島バスカップ競走,6,4227,安達 裕樹,1,42,52,1,0,0.17,6.56,45.87,64.22,6.56,56.25,56.25,20.41,44.9,26.32,57.89
2025-07-23,14,10,2025-07-23 13:05:00,5,第10回徳島バスカップ競走,1,5221,竹間 隆晟,1,24,53,0,0,0.16,6.67,54.55,69.7,5.29,28.57,52.38,28.89,40,34.69,40.82
2025-07-23,14,10,2025-07-23 13:05:00,5,第10回徳島バスカップ競走,2,5278,田中 駿兵,2,22,52,0,0,0.17,6.29,48.24,65.88,4.77,27.83,46.96,26.09,41.3,23.73,42.37
2025-07-23,14,10,2025-07-23 13:05:00,5,第10回徳島バスカップ競走,3,4383,竹田 吉行,2,40,52.2,0,0,0.16,5.57,36.61,50,5.54,33.97,53.21,48.98,59.18,37.7,54.1
2025-07-23,14,10,2025-07-23 13:05:00,5,第10回徳島バスカップ競走,4,4209,藤田 竜弘,2,42,55,0,0,0.15,5.54,36.61,58.93,5.33,22.22,44.44,29.63,44.44,37.78,53.33
2025-07-23,14,10,2025-07-23 13:05:00,5,第10回徳島バスカップ競走,5,4403,木下 大將,3,40,52.4,0,0,0.15,5.59,38.16,56.58,6.62,42.86,61.9,22.81,36.84,31.91,48.94
2025-07-23,14,10,2025-07-23 13:05:00,5,第10回徳島バスカップ競走,6,4259,真庭 明志,3,41,52,0,0,0.15,5.55,41.84,52.48,6.27,46.67,60,26.53,51.02,23.21,33.93
2025-07-23,14,11,2025-07-23 13:39:00,5,第10回徳島バスカップ競走,1,4584,村岡 賢人,1,35,52.1,0,0,0.12,7.08,54.96,70.23,6.13,40.43,57.45,30.91,50.91,52.08,66.67
2025-07-23,14,11,2025-07-23 13:39:00,5,第10回徳島バスカップ競走,2,4852,川原 祐明,1,30,52,0,0,0.17,6.86,51.33,69.03,6.85,44.12,70.59,48.98,55.1,30.77,44.23
2025-07-23,14,11,2025-07-23 13:39:00,5,第10回徳島バスカップ競走,3,5018,竹下 大樹,1,26,53.2,0,0,0.18,6.33,45.45,66.43,6.11,42.11,63.16,36.21,51.72,31.82,50
2025-07-23,14,11,2025-07-23 13:39:00,5,第10回徳島バスカップ競走,4,4073,大橋 純一郎,2,44,52.5,1,0,0.14,6.17,42.2,63.3,6.06,45.71,68.57,43.75,58.33,33.96,50.94
2025-07-23,14,11,2025-07-23 13:39:00,5,第10回徳島バスカップ競走,5,4231,鈴木 裕隆,3,42,54.7,0,0,0.17,5.82,42.5,58.33,5.25,33.33,45.83,34.69,57.14,46.94,69.39
2025-07-23,14,11,2025-07-23 13:39:00,5,第10回徳島バスカップ競走,6,3843,上之 晃弘,3,49,53.3,0,0,0.17,4.65,25.89,41.96,5.63,36.67,53.33,36.07,47.54,23.64,40
2025-07-23,14,12,2025-07-23 14:19:00,5,第10回徳島バスカップ競走,1,3984,坂口 周,1,47,53.1,1,0,0.15,6.33,44.34,61.32,4,12.5,12.5,37.29,57.63,26.56,34.38
2025-07-23,14,12,2025-07-23 14:19:00,5,第10回徳島バスカップ競走,2,4236,松村 敏,1,41,52.4,0,0,0.12,7.26,61.39,75.25,6.92,50,75,32,50,36.73,51.02
2025-07-23,14,12,2025-07-23 14:19:00,5,第10回徳島バスカップ競走,3,4428,有賀 達也,2,39,51.5,1,0,0.13,6.06,39.55,58.21,7.38,50,87.5,40.68,57.63,34.55,58.18
2025-07-23,14,12,2025-07-23 14:19:00,5,第10回徳島バスカップ競走,4,4351,里岡 右貴,1,39,52.1,1,0,0.15,6.7,49.3,69.72,5.63,25,62.5,30.51,57.63,46.43,62.5
2025-07-23,14,12,2025-07-23 14:19:00,5,第10回徳島バスカップ競走,5,5090,生方 靖亜,3,24,52,0,0,0.18,4.96,30.77,50,4.5,31.25,37.5,40,56.67,41.67,61.67
2025-07-23,14,12,2025-07-23 14:19:00,5,第10回徳島バスカップ競走,6,3339,泉 具巳,3,60,54.5,0,0,0.16,4.52,25,40.91,4.33,16.67,33.33,37.7,54.1,28.13,46.88
2025-07-23,18,1,2025-07-23 10:37:00,1,第30回オーシャンカップ,1,4350,篠崎 元志,1,39,52,0,0,0.13,7.09,46.15,64.1,5.53,13.33,40,42.11,54.39,37.65,52.35
2025-07-23,18,1,2025-07-23 10:37:00,1,第30回オーシャンカップ,2,4524,深谷 知博,1,37,52,0,0,0.12,7.29,48.72,66.67,6.22,27.78,50,26.53,42.86,29.52,48.8
2025-07-23,18,1,2025-07-23 10:37:00,1,第30回オーシャンカップ,3,4290,稲田 浩二,1,40,52,0,0,0.13,6.91,45.99,63.5,6.23,30.77,42.31,35.85,56.6,39.64,55.03
2025-07-23,18,1,2025-07-23 10:37:00,1,第30回オーシャンカップ,4,3719,辻 栄蔵,1,50,52,0,0,0.17,7.21,52.1,77.31,6.71,35.29,55.88,36.36,56.82,30.54,49.1
2025-07-23,18,1,2025-07-23 10:37:00,1,第30回オーシャンカップ,5,4826,井上 一輝,1,31,52,0,0,0.14,7.07,51.72,71.03,6.78,33.33,55.56,39.66,50,34.32,54.44
2025-07-23,18,1,2025-07-23 10:37:00,1,第30回オーシャンカップ,6,5084,末永 和也,1,26,52.2,0,0,0.13,7.47,55.24,71.43,7.5,68.75,75,40,53.33,31.98,50.58
2025-07-23,18,2,2025-07-23 11:06:00,1,第30回オーシャンカップ,1,3942,寺田 祥,1,46,52.5,0,0,0.16,5.79,25.56,45.56,7.39,48.39,69.35,26.32,52.63,34.88,50
2025-07-23,18,2,2025-07-23 11:06:00,1,第30回オーシャンカップ,2,4503,上野 真之介,1,37,52,0,0,0.12,7.53,57.58,68.94,7.37,51.85,62.96,35.29,52.94,39.88,55.95
2025-07-23,18,2,2025-07-23 11:06:00,1,第30回オーシャンカップ,3,4848,仲谷 颯仁,1,30,52,0,0,0.15,7.46,54.29,74.29,0,0,0,32.14,55.36,31.4,53.49
2025-07-23,18,2,2025-07-23 11:06:00,1,第30回オーシャンカップ,4,4238,毒島 誠,1,41,52.3,2,0,0.13,7.66,48.19,69.88,6.67,33.33,44.44,37.5,50,30.81,43.02
2025-07-23,18,2,2025-07-23 11:06:00,1,第30回オーシャンカップ,5,4719,上條 暢嵩,1,31,52,0,0,0.14,7.15,48.82,61.42,6.56,37.5,43.75,38.89,44.44,29.52,45.78
2025-07-23,18,2,2025-07-23 11:06:00,1,第30回オーシャンカップ,6,4450,平高 奈菜,1,38,47.7,0,0,0.15,7.22,50,74.53,5.74,36.84,52.63,35.19,51.85,29.82,49.71
2025-07-23,18,3,2025-07-23 11:35:00,1,第30回オーシャンカップ,1,4682,大上 卓人,1,34,52.1,0,0,0.13,6.96,49.64,71.22,7.94,43.75,75,40.35,63.16,34.94,50
2025-07-23,18,3,2025-07-23 11:35:00,1,第30回オーシャンカップ,2,4013,中島 孝平,1,45,52,0,0,0.14,7.23,49.09,63.64,6.56,37.21,55.81,32.26,48.39,32.54,49.11
2025-07-23,18,3,2025-07-23 11:35:00,1,第30回オーシャンカップ,3,4504,前田 将太,1,37,53.2,0,0,0.14,7.72,58.41,80.53,7.31,57.14,71.43,27.66,44.68,41.92,53.89
2025-07-23,18,3,2025-07-23 11:35:00,1,第30回オーシャンカップ,4,4324,海野 康志郎,1,37,57,0,0,0.14,7.29,59.48,76.72,7.7,80,90,33.93,53.57,33.33,46.43
2025-07-23,18,3,2025-07-23 11:35:00,1,第30回オーシャンカップ,5,4500,山田 康二,1,37,52.7,0,0,0.15,7.57,54.33,69.29,7.44,50,68.75,26.53,32.65,32.14,47.02
2025-07-23,18,3,2025-07-23 11:35:00,1,第30回オーシャンカップ,6,4418,茅原 悠紀,1,38,52.4,0,0,0.14,8.54,65,85.71,8.41,52.94,70.59,23.08,36.54,36.84,50.88
2025-07-23,18,4,2025-07-23 12:08:00,1,第30回オーシャンカップ,1,3716,石渡 鉄兵,1,50,52.3,0,0,0.12,6.54,41.38,64.66,6,22.22,33.33,37.93,50,31.55,48.81
2025-07-23,18,4,2025-07-23 12:08:00,1,第30回オーシャンカップ,2,4573,佐藤 翼,1,36,52,0,0,0.14,7.45,46.23,70.75,7.58,53.85,73.08,33.33,62.12,36.75,51.2
2025-07-23,18,4,2025-07-23 12:08:00,1,第30回オーシャンカップ,3,4831,羽野 直也,1,30,52.2,1,0,0.12,7.04,46.74,59.78,7.26,42.11,73.68,32.14,53.57,38.15,57.8
2025-07-23,18,4,2025-07-23 12:08:00,1,第30回オーシャンカップ,4,5121,定松 勇樹,1,24,52.3,1,0,0.14,6.83,45.28,63.21,5.71,42.86,71.43,35.85,52.83,37.13,54.49
2025-07-23,18,4,2025-07-23 12:08:00,1,第30回オーシャンカップ,5,3941,池田 浩二,1,47,52,0,0,0.13,7.91,56.6,75.47,7.88,56.25,68.75,57.14,69.64,32.93,50.9
2025-07-23,18,4,2025-07-23 12:08:00,1,第30回オーシャンカップ,6,4886,入海 馨,1,29,52.2,0,0,0.15,7.03,46.73,68.22,7.11,53.33,68.89,26.92,51.92,32.18,48.28
2025-07-23,18,5,2025-07-23 12:40:00,1,第30回オーシャンカップ,1,4445,宮地 元輝,1,38,54.4,0,0,0.12,7.31,47.86,66.67,8.21,52.63,89.47,28.57,46.94,35.26,46.24
2025-07-23,18,5,2025-07-23 12:40:00,1,第30回オーシャンカップ,2,4932,新開 航,1,29,52,0,0,0.15,7.14,54.31,70.69,8.44,66.67,100,35.82,56.72,37.65,54.71
2025-07-23,18,5,2025-07-23 12:40:00,1,第30回オーシャンカップ,3,4166,吉田 拡郎,1,43,52,0,0,0.14,7.29,52.1,68.91,8.33,66.67,94.44,38.6,57.89,37.43,52.05
2025-07-23,18,5,2025-07-23 12:40:00,1,第30回オーシャンカップ,4,4444,桐生 順平,1,38,52,0,0,0.14,7.89,55.66,71.7,8.44,33.33,66.67,46.43,64.29,42.86,57.74
2025-07-23,18,5,2025-07-23 12:40:00,1,第30回オーシャンカップ,5,4502,遠藤 エミ,1,37,45,0,0,0.14,6.75,36.04,57.66,6,45.45,54.55,50.91,63.64,29.94,49.7
2025-07-23,18,5,2025-07-23 12:40:00,1,第30回オーシャンカップ,6,3415,松井 繁,1,55,52.1,0,0,0.16,6.97,42.97,67.19,6.84,38.71,64.52,48.08,65.38,30.77,46.75
2025-07-23,18,6,2025-07-23 13:11:00,1,第30回オーシャンカップ,1,4528,黒井 達矢,1,36,52,0,0,0.16,6.73,48.44,65.63,5.63,25,50,25.81,37.1,34.52,48.21
2025-07-23,18,6,2025-07-23 13:11:00,1,第30回オーシャンカップ,2,4320,峰 竜太,1,40,52,1,0,0.11,7.83,50,73.47,8.88,75,87.5,29.82,45.61,32.34,48.5
2025-07-23,18,6,2025-07-23 13:11:00,1,第30回オーシャンカップ,3,4208,三浦 永理,1,42,47,0,0,0.15,6.9,47.17,71.7,7.17,41.67,83.33,43.64,63.64,33.73,50.6
2025-07-23,18,6,2025-07-23 13:11:00,1,第30回オーシャンカップ,4,4686,丸野 一樹,1,33,53,0,0,0.16,7.51,51.69,68.64,8.24,70.73,78.05,40,52,36.09,53.25
2025-07-23,18,6,2025-07-23 13:11:00,1,第30回オーシャンカップ,5,4468,大池 佑来,1,38,51,0,0,0.14,7.42,53.85,72.65,5.11,11.11,22.22,28.57,48.98,38.92,56.29
2025-07-23,18,6,2025-07-23 13:11:00,1,第30回オーシャンカップ,6,4205,山口 剛,1,42,52.1,1,0,0.12,7.41,56.67,70,7.12,58.82,58.82,30.77,42.31,34.1,56.65
2025-07-23,18,7,2025-07-23 13:42:00,1,第30回オーシャンカップ,1,4586,磯部 誠,1,34,52,0,0,0.13,7.52,53.45,71.55,7.67,48.15,66.67,25,47.73,36.9,55.95
2025-07-23,18,7,2025-07-23 13:42:00,1,第30回オーシャンカップ,2,4262,馬場 貴也,1,41,52.5,0,0,0.15,6.91,43.59,58.12,8,33.33,55.56,30.19,49.06,34.91,54.44
2025-07-23,18,7,2025-07-23 13:42:00,1,第30回オーシャンカップ,3,5084,末永 和也,1,26,52.2,0,0,0.13,7.47,55.24,71.43,7.5,68.75,75,40,53.33,31.98,50.58
2025-07-23,18,7,2025-07-23 13:42:00,1,第30回オーシャンカップ,4,4739,中村 晃朋,1,33,51,0,0,0.15,6.82,49.11,61.61,5.75,12.5,50,31.48,44.44,44.58,62.05
2025-07-23,18,7,2025-07-23 13:42:00,1,第30回オーシャンカップ,5,4238,毒島 誠,1,41,52.3,2,0,0.13,7.66,48.19,69.88,6.67,33.33,44.44,37.5,50,30.81,43.02
2025-07-23,18,7,2025-07-23 13:42:00,1,第30回オーシャンカップ,6,4371,西山 貴浩,1,38,52.7,0,0,0.14,6.58,40,56.84,7.38,25,62.5,53.7,64.81,34.32,52.07
2025-07-23,18,8,2025-07-23 14:14:00,1,第30回オーシャンカップ,1,4344,新田 雄史,1,40,52.7,0,0,0.14,8.09,63.25,81.2,6.53,42.11,57.89,38.64,61.36,31.55,48.21
2025-07-23,18,8,2025-07-23 14:14:00,1,第30回オーシャンカップ,2,3783,瓜生 正義,1,49,52,0,0,0.15,7.13,50,62.5,0,0,0,28.07,50.88,31.58,47.95
2025-07-23,18,8,2025-07-23 14:14:00,1,第30回オーシャンカップ,3,4418,茅原 悠紀,1,38,52.4,0,0,0.14,8.54,65,85.71,8.41,52.94,70.59,23.08,36.54,36.84,50.88
2025-07-23,18,8,2025-07-23 14:14:00,1,第30回オーシャンカップ,4,4450,平高 奈菜,1,38,47.7,0,0,0.15,7.22,50,74.53,5.74,36.84,52.63,35.19,51.85,29.82,49.71
2025-07-23,18,8,2025-07-23 14:14:00,1,第30回オーシャンカップ,5,4391,松田 祐季,1,39,52,0,0,0.16,6.78,51.35,68.47,6.47,47.06,64.71,51.79,69.64,39.31,55.49
2025-07-23,18,8,2025-07-23 14:14:00,1,第30回オーシャンカップ,6,3719,辻 栄蔵,1,50,52,0,0,0.17,7.21,52.1,77.31,6.71,35.29,55.88,36.36,56.82,30.54,49.1
2025-07-23,18,9,2025-07-23 14:46:00,1,第30回オーシャンカップ,1,4494,河合 佑樹,1,38,51.5,0,0,0.14,6.5,44.12,58.09,7.63,54.17,66.67,30.65,41.94,35.67,50.88
2025-07-23,18,9,2025-07-23 14:46:00,1,第30回オーシャンカップ,2,3941,池田 浩二,1,47,52,0,0,0.13,7.91,56.6,75.47,7.88,56.25,68.75,57.14,69.64,32.93,50.9
2025-07-23,18,9,2025-07-23 14:46:00,1,第30回オーシャンカップ,3,4350,篠崎 元志,1,39,52,0,0,0.13,7.09,46.15,64.1,5.53,13.33,40,42.11,54.39,37.65,52.35
2025-07-23,18,9,2025-07-23 14:46:00,1,第30回オーシャンカップ,4,4500,山田 康二,1,37,52.7,0,0,0.15,7.57,54.33,69.29,7.44,50,68.75,26.53,32.65,32.14,47.02
2025-07-23,18,9,2025-07-23 14:46:00,1,第30回オーシャンカップ,5,4024,井口 佳典,1,47,52.2,0,0,0.15,7.04,49.56,57.52,5.38,25,25,44.64,58.93,33.72,52.33
2025-07-23,18,9,2025-07-23 14:46:00,1,第30回オーシャンカップ,6,4537,渡邉 和将,1,35,50.5,0,0,0.12,6.69,43.14,53.92,7.55,63.16,71.05,52.83,66.04,36.47,48.82
2025-07-23,18,10,2025-07-23 15:24:00,1,第30回オーシャンカップ,1,4166,吉田 拡郎,1,43,52,0,0,0.14,7.29,52.1,68.91,8.33,66.67,94.44,38.6,57.89,37.43,52.05
2025-07-23,18,10,2025-07-23 15:24:00,1,第30回オーシャンカップ,2,4459,片岡 雅裕,1,39,52,0,0,0.12,6.68,39.53,59.69,6.86,40,45.71,36,54,37.35,57.83
2025-07-23,18,10,2025-07-23 15:24:00,1,第30回オーシャンカップ,3,4337,平本 真之,1,41,53.4,0,0,0.12,7.14,51.72,65.52,8.75,62.5,75,49.12,63.16,39.52,55.09
2025-07-23,18,10,2025-07-23 15:24:00,1,第30回オーシャンカップ,4,3942,寺田 祥,1,46,52.5,0,0,0.16,5.79,25.56,45.56,7.39,48.39,69.35,26.32,52.63,34.88,50
2025-07-23,18,10,2025-07-23 15:24:00,1,第30回オーシャンカップ,5,4504,前田 将太,1,37,53.2,0,0,0.14,7.72,58.41,80.53,7.31,57.14,71.43,27.66,44.68,41.92,53.89
2025-07-23,18,10,2025-07-23 15:24:00,1,第30回オーシャンカップ,6,5121,定松 勇樹,1,24,52.3,1,0,0.14,6.83,45.28,63.21,5.71,42.86,71.43,35.85,52.83,37.13,54.49
2025-07-23,18,11,2025-07-23 16:03:00,1,第30回オーシャンカップ,1,4686,丸野 一樹,1,33,53,0,0,0.16,7.51,51.69,68.64,8.24,70.73,78.05,40,52,36.09,53.25
2025-07-23,18,11,2025-07-23 16:03:00,1,第30回オーシャンカップ,2,4362,土屋 智則,1,40,52.6,0,0,0.12,7.51,50,72.22,7.31,53.85,69.23,54.35,73.91,33.73,50.3
2025-07-23,18,11,2025-07-23 16:03:00,1,第30回オーシャンカップ,3,3415,松井 繁,1,55,52.1,0,0,0.16,6.97,42.97,67.19,6.84,38.71,64.52,48.08,65.38,30.77,46.75
2025-07-23,18,11,2025-07-23 16:03:00,1,第30回オーシャンカップ,4,4682,大上 卓人,1,34,52.1,0,0,0.13,6.96,49.64,71.22,7.94,43.75,75,40.35,63.16,34.94,50
2025-07-23,18,11,2025-07-23 16:03:00,1,第30回オーシャンカップ,5,4030,森高 一真,1,47,49.5,0,0,0.15,6.77,44.57,64.13,7.8,70,90,43.75,62.5,44.77,59.88
2025-07-23,18,11,2025-07-23 16:03:00,1,第30回オーシャンカップ,6,4848,仲谷 颯仁,1,30,52,0,0,0.15,7.46,54.29,74.29,0,0,0,32.14,55.36,31.4,53.49
2025-07-23,18,12,2025-07-23 16:45:00,1,第30回オーシャンカップ,1,3897,白井 英治,1,48,52.9,0,0,0.15,7.77,63.81,80,8.61,73.33,90.67,30.91,49.09,32.75,52.63
2025-07-23,18,12,2025-07-23 16:45:00,1,第30回オーシャンカップ,2,4831,羽野 直也,1,30,52.2,1,0,0.12,7.04,46.74,59.78,7.26,42.11,73.68,32.14,53.57,38.15,57.8
2025-07-23,18,12,2025-07-23 16:45:00,1,第30回オーシャンカップ,3,4262,馬場 貴也,1,41,52.5,0,0,0.15,6.91,43.59,58.12,8,33.33,55.56,30.19,49.06,34.91,54.44
2025-07-23,18,12,2025-07-23 16:45:00,1,第30回オーシャンカップ,4,4205,山口 剛,1,42,52.1,1,0,0.12,7.41,56.67,70,7.12,58.82,58.82,30.77,42.31,34.1,56.65
2025-07-23,18,12,2025-07-23 16:45:00,1,第30回オーシャンカップ,5,4851,関 浩哉,1,30,51,0,0,0.14,7.67,51.04,76.04,6.79,47.37,52.63,41.54,67.69,34.5,54.39
2025-07-23,18,12,2025-07-23 16:45:00,1,第30回オーシャンカップ,6,4013,中島 孝平,1,45,52,0,0,0.14,7.23,49.09,63.64,6.56,37.21,55.81,32.26,48.39,32.54,49.11
2025-07-23,20,1,2025-07-23 15:20:00,5,中間市行橋市競艇組合施行56周年記念競走,1,4705,吉川 勇作,3,36,53.5,0,0,0.14,4.17,22.12,34.51,6.13,46.67,53.33,48.05,62.34,35.29,58.82
2025-07-23,20,1,2025-07-23 15:20:00,5,中間市行橋市競艇組合施行56周年記念競走,2,4499,滝川 真由子,3,37,46,1,0,0.16,5.15,30.99,50.7,5.25,30,55,34.46,54.05,43.24,59.46
2025-07-23,20,1,2025-07-23 15:20:00,5,中間市行橋市競艇組合施行56周年記念競走,3,5285,若林 麗,3,26,52,0,0,0.19,2.2,3.09,6.19,1.71,0,0,29.8,50.33,29.73,48.65
2025-07-23,20,1,2025-07-23 15:20:00,5,中間市行橋市競艇組合施行56周年記念競走,4,3901,松田 憲幸,3,48,52.1,0,0,0.21,3.83,16.85,26.97,4.85,29.41,47.06,46.21,62.76,52.78,55.56
2025-07-23,20,1,2025-07-23 15:20:00,5,中間市行橋市競艇組合施行56周年記念競走,5,4836,大谷 健太,3,36,52.9,0,0,0.17,4.79,31.25,47.92,0,0,0,30.28,42.96,28.13,37.5
2025-07-23,20,1,2025-07-23 15:20:00,5,中間市行橋市競艇組合施行56周年記念競走,6,3568,木村 光宏,3,54,53.2,0,0,0.18,4.34,19.51,39.02,5.06,30.3,54.55,34.87,50,33.33,50
2025-07-23,20,2,2025-07-23 15:46:00,5,中間市行橋市競艇組合施行56周年記念競走,1,4909,薮内 瑞希,3,29,44,0,0,0.17,5.65,37.89,54.74,4.56,22.22,44.44,28.87,43.66,31.43,37.14
2025-07-23,20,2,2025-07-23 15:46:00,5,中間市行橋市競艇組合施行56周年記念競走,2,4625,渡邊 裕貴,3,39,52,0,0,0.15,4.35,25.23,38.74,0,0,0,35.26,55.77,18.18,39.39
2025-07-23,20,2,2025-07-23 15:46:00,5,中間市行橋市競艇組合施行56周年記念競走,3,3825,宮嵜 隆太郎,3,52,59.2,0,0,0.13,4.08,23.01,35.4,4.23,27.08,33.33,40,53.79,31.03,44.83
2025-07-23,20,2,2025-07-23 15:46:00,5,中間市行橋市競艇組合施行56周年記念競走,4,3362,間嶋 仁志,2,55,54.8,0,0,0.19,5.23,33.66,49.5,7.29,58.82,82.35,41.18,58.17,32.35,52.94
2025-07-23,20,2,2025-07-23 15:46:00,5,中間市行橋市競艇組合施行56周年記念競走,5,4416,三宅 健太,3,38,53.2,0,0,0.17,5.26,29.7,53.47,6.71,57.14,71.43,29.45,43.84,36.11,47.22
2025-07-23,20,2,2025-07-23 15:46:00,5,中間市行橋市競艇組合施行56周年記念競走,6,4364,池永 太,1,40,52,0,0,0.14,6.64,48.94,62.77,6.79,55.17,67.24,45.75,66.01,41.18,58.82
2025-07-23,20,3,2025-07-23 16:12:00,5,中間市行橋市競艇組合施行56周年記念競走,1,4623,中北 将史,3,40,52.6,0,0,0.18,4.55,22.12,41.59,3.75,16.67,33.33,29.49,42.95,16.67,33.33
2025-07-23,20,3,2025-07-23 16:12:00,5,中間市行橋市競艇組合施行56周年記念競走,2,4464,山下 友貴,3,39,43.5,0,0,0.2,5.05,28.21,50,3.56,11.11,22.22,35.62,53.42,32.35,61.76
2025-07-23,20,3,2025-07-23 16:12:00,5,中間市行橋市競艇組合施行56周年記念競走,3,3401,上田 隆章,3,57,52.4,1,0,0.19,4.81,27.14,48.57,5.49,37.84,56.76,28.29,48.03,12.5,15.63
2025-07-23,20,3,2025-07-23 16:12:00,5,中間市行橋市競艇組合施行56周年記念競走,4,3875,廣中 良一,3,48,52,0,0,0.17,4.34,20.62,38.14,3.71,18.42,34.21,29.75,43.04,20,34.29
2025-07-23,20,3,2025-07-23 16:12:00,5,中間市行橋市競艇組合施行56周年記念競走,5,3635,石田 政吾,2,54,52.4,0,0,0.18,5.45,36.45,56.07,6.33,33.33,76.67,35.1,49.01,17.65,29.41
2025-07-23,20,3,2025-07-23 16:12:00,5,中間市行橋市競艇組合施行56周年記念競走,6,4545,岡村 慶太,1,37,52.4,0,0,0.13,6.55,46.49,67.54,7.29,58.25,77.67,32.08,49.06,32.43,45.95
2025-07-23,20,4,2025-07-23 16:38:00,5,中間市行橋市競艇組合施行56周年記念競走,1,4396,大田 直弥,3,39,52.7,0,0,0.2,4.91,26.47,44.12,4.92,26,48,31.97,51.7,32.35,44.12
2025-07-23,20,4,2025-07-23 16:38:00,5,中間市行橋市競艇組合施行56周年記念競走,2,4164,岩永 節也,3,43,52.3,0,0,0.18,3.46,10.1,22.22,2.73,13.64,18.18,45.32,55.4,32.43,56.76
2025-07-23,20,4,2025-07-23 16:38:00,5,中間市行橋市競艇組合施行56周年記念競走,3,4821,妻鳥 晋也,3,33,55.7,0,0,0.19,4.96,29.81,50.96,0,0,0,38.06,51.61,50,58.33
2025-07-23,20,4,2025-07-23 16:38:00,5,中間市行橋市競艇組合施行56周年記念競走,4,4058,野末 智一,2,46,52,0,0,0.21,5.29,32.77,52.94,5.18,35.71,46.43,30.19,52.83,48.39,70.97
2025-07-23,20,4,2025-07-23 16:38:00,5,中間市行橋市競艇組合施行56周年記念競走,5,3797,岩井 繁,3,52,57.5,0,0,0.22,3.88,15.22,28.26,3.7,14.81,25.93,28.76,45.75,23.53,44.12
2025-07-23,20,4,2025-07-23 16:38:00,5,中間市行橋市競艇組合施行56周年記念競走,6,4370,山口 達也,1,38,51,0,0,0.17,6.43,50,57.38,6.02,42.11,57.89,34.01,59.18,9.38,25
2025-07-23,20,5,2025-07-23 17:10:00,5,中間市行橋市競艇組合施行56周年記念競走,1,4288,永田 啓二,1,40,52,0,0,0.13,7.18,60,71.54,7.58,60.76,78.48,25.52,41.38,52.78,63.89
2025-07-23,20,5,2025-07-23 17:10:00,5,中間市行橋市競艇組合施行56周年記念競走,2,4102,益田 啓司,2,46,52,0,0,0.15,6.68,50,64.42,7.36,63.79,74.14,23.33,41.33,35.29,52.94
2025-07-23,20,5,2025-07-23 17:10:00,5,中間市行橋市競艇組合施行56周年記念競走,3,4274,長畑 友輔,3,42,51,0,0,0.15,4.47,24.72,40.45,4.54,19.23,38.46,25.34,39.04,31.43,51.43
2025-07-23,20,5,2025-07-23 17:10:00,5,中間市行橋市競艇組合施行56周年記念競走,4,5129,山口 真喜子,2,28,48.1,1,0,0.17,6.02,41.12,61.68,4.12,23.53,23.53,35.81,49.32,35.71,50
2025-07-23,20,5,2025-07-23 17:10:00,5,中間市行橋市競艇組合施行56周年記念競走,5,5020,宮村 勇哉,3,33,53.6,0,0,0.15,4.75,30.43,38.04,0,0,0,44.59,58.11,34.29,57.14
2025-07-23,20,5,2025-07-23 17:10:00,5,中間市行橋市競艇組合施行56周年記念競走,6,5048,眞鳥 康太,3,31,53.1,0,0,0.19,4.31,19.39,39.8,5.18,36.36,50,42.28,59.06,22.86,28.57
2025-07-23,20,6,2025-07-23 17:37:00,5,中間市行橋市競艇組合施行56周年記念競走,1,4611,今井 美亜,2,34,47.9,0,0,0.16,6.38,47.47,60.61,6.67,57.14,66.67,29.75,43.04,40.54,56.76
2025-07-23,20,6,2025-07-23 17:37:00,5,中間市行橋市競艇組合施行56周年記念競走,2,4705,吉川 勇作,3,36,53.5,0,0,0.14,4.17,22.12,34.51,6.13,46.67,53.33,48.05,62.34,35.29,58.82
2025-07-23,20,6,2025-07-23 17:37:00,5,中間市行橋市競艇組合施行56周年記念競走,3,4991,宗行 治哉,2,28,51.5,0,0,0.18,5.57,27.45,54.9,6.13,45.83,70.83,34.23,51.68,27.27,48.48
2025-07-23,20,6,2025-07-23 17:37:00,5,中間市行橋市競艇組合施行56周年記念競走,4,3891,谷口 健一,3,49,53.7,0,0,0.18,3.71,14.14,27.27,4.34,19.51,39.02,21.43,40.26,36.11,47.22
2025-07-23,20,6,2025-07-23 17:37:00,5,中間市行橋市競艇組合施行56周年記念競走,5,4558,宮野 仁,3,35,53,1,0,0.19,4.22,19.1,34.83,5.42,41.67,52.78,26.58,41.77,36.84,52.63
2025-07-23,20,6,2025-07-23 17:37:00,5,中間市行橋市競艇組合施行56周年記念競走,6,4532,秋元 哲,1,36,51,0,0,0.15,7.35,51.85,77.78,6,40,60,52.86,73.57,15.79,34.21
2025-07-23,20,7,2025-07-23 18:04:00,5,中間市行橋市競艇組合施行56周年記念競走,1,4000,松本 博昭,2,48,55.1,0,0,0.17,5.92,36.62,61.97,6.4,47.17,71.7,32.48,49.68,31.25,50
2025-07-23,20,7,2025-07-23 18:04:00,5,中間市行橋市競艇組合施行56周年記念競走,2,4884,勝浦 真帆,1,29,48.5,1,0,0.13,5.84,42.86,58.04,5.06,33.33,50,30.2,45.64,25,41.67
2025-07-23,20,7,2025-07-23 18:04:00,5,中間市行橋市競艇組合施行56周年記念競走,3,3568,木村 光宏,3,54,53.2,0,0,0.18,4.34,19.51,39.02,5.06,30.3,54.55,34.87,50,33.33,50
2025-07-23,20,7,2025-07-23 18:04:00,5,中間市行橋市競艇組合施行56周年記念競走,4,4374,永田 義紘,3,41,50.5,0,0,0.17,4.56,18.69,41.12,4.79,25.58,41.86,43.97,63.12,50,67.65
2025-07-23,20,7,2025-07-23 18:04:00,5,中間市行橋市競艇組合施行56周年記念競走,5,3349,吉田 一郎,2,57,52.1,0,0,0.16,5.97,37.76,59.18,5.48,29.63,44.44,25.16,45.81,45.45,54.55
2025-07-23,20,7,2025-07-23 18:04:00,5,中間市行橋市競艇組合施行56周年記念競走,6,3362,間嶋 仁志,2,55,54.8,0,0,0.19,5.23,33.66,49.5,7.29,58.82,82.35,41.18,58.17,32.35,52.94
2025-07-23,20,8,2025-07-23 18:33:00,5,中間市行橋市競艇組合施行56周年記念競走,1,5028,原田 才一郎,1,28,52,0,0,0.16,6.71,48,64,6.73,54.84,62.37,32.09,51.49,54.29,68.57
2025-07-23,20,8,2025-07-23 18:33:00,5,中間市行橋市競艇組合施行56周年記念競走,2,4190,長嶋 万記,1,44,49.4,0,0,0.16,6.01,40.78,57.28,0,0,0,35.06,53.25,42.86,60
2025-07-23,20,8,2025-07-23 18:33:00,5,中間市行橋市競艇組合施行56周年記念競走,3,5104,山田 丈,2,26,52,0,0,0.17,6.22,45.38,64.62,5.65,38.38,58.38,24.29,37.86,29.41,55.88
2025-07-23,20,8,2025-07-23 18:33:00,5,中間市行橋市競艇組合施行56周年記念競走,4,5285,若林 麗,3,26,52,0,0,0.19,2.2,3.09,6.19,1.71,0,0,29.8,50.33,29.73,48.65
2025-07-23,20,8,2025-07-23 18:33:00,5,中間市行橋市競艇組合施行56周年記念競走,5,3401,上田 隆章,3,57,52.4,1,0,0.19,4.81,27.14,48.57,5.49,37.84,56.76,28.29,48.03,12.5,15.63
2025-07-23,20,8,2025-07-23 18:33:00,5,中間市行橋市競艇組合施行56周年記念競走,6,5340,樋江井 舞,3,23,44.5,0,0,0.21,3.14,9.52,24.76,0,0,0,46.36,60.93,19.35,41.94
2025-07-23,20,9,2025-07-23 19:04:00,5,中間市行橋市競艇組合施行56周年記念競走,1,4796,春園 功太,2,33,51.5,0,0,0.15,5.54,37,49,7.05,51.28,64.1,25.85,51.7,33.33,50
2025-07-23,20,9,2025-07-23 19:04:00,5,中間市行橋市競艇組合施行56周年記念競走,2,4623,中北 将史,3,40,52.6,0,0,0.18,4.55,22.12,41.59,3.75,16.67,33.33,29.49,42.95,16.67,33.33
2025-07-23,20,9,2025-07-23 19:04:00,5,中間市行橋市競艇組合施行56周年記念競走,3,4364,池永 太,1,40,52,0,0,0.14,6.64,48.94,62.77,6.79,55.17,67.24,45.75,66.01,41.18,58.82
2025-07-23,20,9,2025-07-23 19:04:00,5,中間市行橋市競艇組合施行56周年記念競走,4,4164,岩永 節也,3,43,52.3,0,0,0.18,3.46,10.1,22.22,2.73,13.64,18.18,45.32,55.4,32.43,56.76
2025-07-23,20,9,2025-07-23 19:04:00,5,中間市行橋市競艇組合施行56周年記念競走,5,4499,滝川 真由子,3,37,46,1,0,0.16,5.15,30.99,50.7,5.25,30,55,34.46,54.05,43.24,59.46
2025-07-23,20,9,2025-07-23 19:04:00,5,中間市行橋市競艇組合施行56周年記念競走,6,3641,一瀬 明,2,54,52.1,0,0,0.15,5.91,40.18,59.82,5.22,37.5,53.13,32.68,45.1,47.5,75
2025-07-23,20,10,2025-07-23 19:36:00,5,中間市行橋市競艇組合施行56周年記念競走,1,3635,石田 政吾,2,54,52.4,0,0,0.18,5.45,36.45,56.07,6.33,33.33,76.67,35.1,49.01,17.65,29.41
2025-07-23,20,10,2025-07-23 19:36:00,5,中間市行橋市競艇組合施行56周年記念競走,2,3901,松田 憲幸,3,48,52.1,0,0,0.21,3.83,16.85,26.97,4.85,29.41,47.06,46.21,62.76,52.78,55.56
2025-07-23,20,10,2025-07-23 19:36:00,5,中間市行橋市競艇組合施行56周年記念競走,3,4058,野末 智一,2,46,52,0,0,0.21,5.29,32.77,52.94,5.18,35.71,46.43,30.19,52.83,48.39,70.97
2025-07-23,20,10,2025-07-23 19:36:00,5,中間市行橋市競艇組合施行56周年記念競走,4,3825,宮嵜 隆太郎,3,52,59.2,0,0,0.13,4.08,23.01,35.4,4.23,27.08,33.33,40,53.79,31.03,44.83
2025-07-23,20,10,2025-07-23 19:36:00,5,中間市行橋市競艇組合施行56周年記念競走,5,4288,永田 啓二,1,40,52,0,0,0.13,7.18,60,71.54,7.58,60.76,78.48,25.52,41.38,52.78,63.89
2025-07-23,20,10,2025-07-23 19:36:00,5,中間市行橋市競艇組合施行56周年記念競走,6,4991,宗行 治哉,2,28,51.5,0,0,0.18,5.57,27.45,54.9,6.13,45.83,70.83,34.23,51.68,27.27,48.48
2025-07-23,20,11,2025-07-23 20:07:00,5,中間市行橋市競艇組合施行56周年記念競走,1,3349,吉田 一郎,2,57,52.1,0,0,0.16,5.97,37.76,59.18,5.48,29.63,44.44,25.16,45.81,45.45,54.55
2025-07-23,20,11,2025-07-23 20:07:00,5,中間市行橋市競艇組合施行56周年記念競走,2,4416,三宅 健太,3,38,53.2,0,0,0.17,5.26,29.7,53.47,6.71,57.14,71.43,29.45,43.84,36.11,47.22
2025-07-23,20,11,2025-07-23 20:07:00,5,中間市行橋市競艇組合施行56周年記念競走,3,4532,秋元 哲,1,36,51,0,0,0.15,7.35,51.85,77.78,6,40,60,52.86,73.57,15.79,34.21
2025-07-23,20,11,2025-07-23 20:07:00,5,中間市行橋市競艇組合施行56周年記念競走,4,4370,山口 達也,1,38,51,0,0,0.17,6.43,50,57.38,6.02,42.11,57.89,34.01,59.18,9.38,25
2025-07-23,20,11,2025-07-23 20:07:00,5,中間市行橋市競艇組合施行56周年記念競走,5,3875,廣中 良一,3,48,52,0,0,0.17,4.34,20.62,38.14,3.71,18.42,34.21,29.75,43.04,20,34.29
2025-07-23,20,11,2025-07-23 20:07:00,5,中間市行橋市競艇組合施行56周年記念競走,6,4102,益田 啓司,2,46,52,0,0,0.15,6.68,50,64.42,7.36,63.79,74.14,23.33,41.33,35.29,52.94
2025-07-23,20,12,2025-07-23 20:38:00,5,中間市行橋市競艇組合施行56周年記念競走,1,4884,勝浦 真帆,1,29,48.6,1,0,0.13,5.84,42.86,58.04,5.06,33.33,50,30.2,45.64,25,41.67
2025-07-23,20,12,2025-07-23 20:38:00,5,中間市行橋市競艇組合施行56周年記念競走,2,5129,山口 真喜子,2,28,47.8,1,0,0.17,6.02,41.12,61.68,4.12,23.53,23.53,35.81,49.32,35.71,50
2025-07-23,20,12,2025-07-23 20:38:00,5,中間市行橋市競艇組合施行56周年記念競走,3,4909,薮内 瑞希,3,29,44,0,0,0.17,5.65,37.89,54.74,4.56,22.22,44.44,28.87,43.66,31.43,37.14
2025-07-23,20,12,2025-07-23 20:38:00,5,中間市行橋市競艇組合施行56周年記念競走,4,4464,山下 友貴,3,39,44,0,0,0.2,5.05,28.21,50,3.56,11.11,22.22,35.62,53.42,32.35,61.76
2025-07-23,20,12,2025-07-23 20:38:00,5,中間市行橋市競艇組合施行56周年記念競走,5,4611,今井 美亜,2,34,47.8,0,0,0.16,6.38,47.47,60.61,6.67,57.14,66.67,29.75,43.04,40.54,56.76
2025-07-23,20,12,2025-07-23 20:38:00,5,中間市行橋市競艇組合施行56周年記念競走,6,4190,長嶋 万記,1,44,49.2,0,0,0.16,6.01,40.78,57.28,0,0,0,35.06,53.25,42.86,60
2025-07-23,21,1,2025-07-23 08:48:00,5,にっぽん未来プロジェクト競走in芦屋,1,4822,百武 翔,2,32,52,0,0,0.18,5.73,39.02,55.28,4.91,18.18,45.45,41.18,64.71,24.44,42.22
2025-07-23,21,1,2025-07-23 08:48:00,5,にっぽん未来プロジェクト競走in芦屋,2,3920,正木 聖賢,3,50,56.1,0,0,0.19,4.93,26.73,44.55,6.36,57.14,57.14,48.21,64.29,13.95,32.56
2025-07-23,21,1,2025-07-23 08:48:00,5,にっぽん未来プロジェクト競走in芦屋,3,5200,筒井 美琴,4,23,46.5,0,0,0.18,2.29,0,7.14,1.42,0,3.23,34.09,47.73,18.18,31.82
2025-07-23,21,1,2025-07-23 08:48:00,5,にっぽん未来プロジェクト競走in芦屋,4,4226,村田 浩司,3,42,54.3,0,0,0.15,4.22,22.77,37.62,4.23,23.33,30,20,48.89,41.03,53.85
2025-07-23,21,1,2025-07-23 08:48:00,5,にっぽん未来プロジェクト競走in芦屋,5,4142,平野 和明,3,44,52.4,0,0,0.19,5.6,30.88,57.35,5.77,35.48,64.52,22.22,28.89,28.89,46.67
2025-07-23,21,1,2025-07-23 08:48:00,5,にっぽん未来プロジェクト競走in芦屋,6,3775,泉 啓文,3,50,57,0,0,0.18,4.12,23.85,33.03,4.56,25.93,40.74,44.68,59.57,39.02,65.85
2025-07-23,21,2,2025-07-23 09:16:00,5,にっぽん未来プロジェクト競走in芦屋,1,3158,島川 光男,2,60,52,0,0,0.15,5.61,38.6,53.51,6.22,44.62,61.54,28.57,48.98,50,60.87
2025-07-23,21,2,2025-07-23 09:16:00,5,にっぽん未来プロジェクト競走in芦屋,2,5249,三木 晴斗,3,23,52.3,0,0,0.15,4.74,25.58,44.19,3.53,20,40,56.82,70.45,52.73,67.27
2025-07-23,21,2,2025-07-23 09:16:00,5,にっぽん未来プロジェクト競走in芦屋,3,3156,金子 良昭,3,60,52.5,0,0,0.17,4.25,20.2,36.36,0,0,0,38.18,52.73,31.37,47.06
2025-07-23,21,2,2025-07-23 09:16:00,5,にっぽん未来プロジェクト競走in芦屋,4,4118,宇佐見 淳,1,44,52,0,0,0.15,6.15,45.52,59.7,6.92,55.26,76.32,7.32,19.51,32.73,50.91
2025-07-23,21,2,2025-07-23 09:16:00,5,にっぽん未来プロジェクト競走in芦屋,5,5198,奥村 明日香,3,23,45,0,0,0.19,3.88,15.38,32.05,2.21,4.17,16.67,59.46,86.49,31.11,55.56
2025-07-23,21,2,2025-07-23 09:16:00,5,にっぽん未来プロジェクト競走in芦屋,6,3808,秋田 健太郎,3,50,60.5,0,0,0.17,3.63,21.43,30.95,3.56,16,24,17.78,31.11,24.44,37.78
2025-07-23,21,3,2025-07-23 09:42:00,5,にっぽん未来プロジェクト競走in芦屋,1,4679,植田 太一,2,36,56.7,0,0,0.18,6.05,43.24,61.26,5.72,40.63,59.38,34.04,53.19,30.77,43.59
2025-07-23,21,3,2025-07-23 09:42:00,5,にっぽん未来プロジェクト競走in芦屋,2,4874,池田 奈津美,3,31,51.2,0,0,0.14,4.71,29.49,46.15,4.3,23.26,41.86,28.26,39.13,33.33,62.22
2025-07-23,21,3,2025-07-23 09:42:00,5,にっぽん未来プロジェクト競走in芦屋,3,4174,赤坂 俊輔,1,42,52,0,0,0.15,6.09,39.18,62.89,7.47,63.16,73.68,24.44,40,28.89,40
2025-07-23,21,3,2025-07-23 09:42:00,5,にっぽん未来プロジェクト競走in芦屋,4,3550,都築 正治,3,54,52.8,0,0,0.16,5.23,36.13,48.74,4.74,31.58,36.84,22.92,39.58,37.5,51.79
2025-07-23,21,3,2025-07-23 09:42:00,5,にっぽん未来プロジェクト競走in芦屋,5,4817,渡邉 翼,2,34,51,0,0,0.17,5.86,42.45,61.32,5.54,36.62,50.7,10.53,28.95,47.83,65.22
2025-07-23,21,3,2025-07-23 09:42:00,5,にっぽん未来プロジェクト競走in芦屋,6,4299,中島 浩哉,3,42,55.2,1,0,0.14,4.9,27.59,44.83,2.88,12.5,12.5,38.3,53.19,31.91,48.94
2025-07-23,21,4,2025-07-23 10:08:00,5,にっぽん未来プロジェクト競走in芦屋,1,3304,烏野 賢太,1,57,52,1,0,0.17,5.7,35.71,52.68,6,48.57,60,42.22,66.67,26.19,45.24
2025-07-23,21,4,2025-07-23 10:08:00,5,にっぽん未来プロジェクト競走in芦屋,2,3226,浦田 信義,3,59,51.5,0,0,0.2,4.1,19.8,32.67,3.56,20,28,35.09,56.14,12.5,22.92
2025-07-23,21,4,2025-07-23 10:08:00,5,にっぽん未来プロジェクト競走in芦屋,3,3796,長野 道臣,3,52,52.3,0,0,0.16,5.3,34.92,50.79,4.55,30,30,43.18,56.82,37.25,41.18
2025-07-23,21,4,2025-07-23 10:08:00,5,にっぽん未来プロジェクト競走in芦屋,4,5039,倉田 茂将,3,27,54.9,0,0,0.17,5.03,34.26,50,6.2,40,80,18.6,32.56,44.44,61.11
2025-07-23,21,4,2025-07-23 10:08:00,5,にっぽん未来プロジェクト競走in芦屋,5,4538,笠置 博之,2,34,52.8,0,0,0.15,5.78,40,58.33,5.11,22.22,44.44,57.45,74.47,36.36,59.09
2025-07-23,21,4,2025-07-23 10:08:00,5,にっぽん未来プロジェクト競走in芦屋,6,5406,小畑 楓夏,4,20,53.3,0,0,,1.14,0,0,0,0,0,39.58,58.33,21.74,45.65
2025-07-23,21,5,2025-07-23 10:35:00,5,にっぽん未来プロジェクト競走in芦屋,1,4336,松田 竜馬,2,41,52,0,0,0.15,5.01,31.13,46.23,4.77,25.64,43.59,25.64,51.28,24.49,40.82
2025-07-23,21,5,2025-07-23 10:35:00,5,にっぽん未来プロジェクト競走in芦屋,2,4778,堤 啓輔,3,39,52,0,0,0.17,4.73,28.92,45.78,3.89,11.11,44.44,17.02,34.04,28.26,36.96
2025-07-23,21,5,2025-07-23 10:35:00,5,にっぽん未来プロジェクト競走in芦屋,3,4142,平野 和明,3,44,52.4,0,0,0.19,5.6,30.88,57.35,5.77,35.48,64.52,22.22,28.89,28.89,46.67
2025-07-23,21,5,2025-07-23 10:35:00,5,にっぽん未来プロジェクト競走in芦屋,4,4516,野口 勝弘,1,38,50,0,0,0.15,6.21,40.98,63.93,7.1,65,75,51.92,75,31.25,43.75
2025-07-23,21,5,2025-07-23 10:35:00,5,にっぽん未来プロジェクト競走in芦屋,5,5123,福山 恵里奈,3,29,48.2,0,0,0.17,4.1,19.51,40.24,4,22.22,33.33,38.18,47.27,43.86,59.65
2025-07-23,21,5,2025-07-23 10:35:00,5,にっぽん未来プロジェクト競走in芦屋,6,5356,長谷川 暖,3,20,51,0,0,0.18,3.49,9.88,24.69,2.87,6.67,13.33,46.67,56.67,16.67,39.58
2025-07-23,21,6,2025-07-23 11:04:00,5,にっぽん未来プロジェクト競走in芦屋,1,4527,高野 心吾,3,37,52,0,0,0.18,3.83,17.11,30.26,6.75,50,75,39.47,60.53,35.14,51.35
2025-07-23,21,6,2025-07-23 11:04:00,5,にっぽん未来プロジェクト競走in芦屋,2,4140,梶野 学志,1,44,52.8,0,0,0.16,6.16,45.78,61.45,6.5,42.86,57.14,44.68,57.45,18.18,43.18
2025-07-23,21,6,2025-07-23 11:04:00,5,にっぽん未来プロジェクト競走in芦屋,3,4536,喜井 つかさ,2,35,46.5,0,0,0.17,5.11,31.91,43.62,5.85,41.18,61.76,30.43,47.83,26.83,43.9
2025-07-23,21,6,2025-07-23 11:04:00,5,にっぽん未来プロジェクト競走in芦屋,4,5249,三木 晴斗,3,23,52.3,0,0,0.15,4.74,25.58,44.19,3.53,20,40,56.82,70.45,52.73,67.27
2025-07-23,21,6,2025-07-23 11:04:00,5,にっぽん未来プロジェクト競走in芦屋,5,3920,正木 聖賢,3,50,56.1,0,0,0.19,4.93,26.73,44.55,6.36,57.14,57.14,48.21,64.29,13.95,32.56
2025-07-23,21,6,2025-07-23 11:04:00,5,にっぽん未来プロジェクト競走in芦屋,6,3265,今村 暢孝,1,60,52.4,0,0,0.15,6.55,54.7,67.52,5.77,44.26,52.46,41.07,50,28.26,47.83
2025-07-23,21,7,2025-07-23 11:39:00,5,にっぽん未来プロジェクト競走in芦屋,1,4360,庄司 孝輔,3,40,52,0,0,0.18,5.1,32.86,45.71,5.47,23.53,47.06,22.22,35.56,31.11,51.11
2025-07-23,21,7,2025-07-23 11:39:00,5,にっぽん未来プロジェクト競走in芦屋,2,3156,金子 良昭,3,60,52.5,0,0,0.17,4.25,20.2,36.36,0,0,0,38.18,52.73,31.37,47.06
2025-07-23,21,7,2025-07-23 11:39:00,5,にっぽん未来プロジェクト競走in芦屋,3,4874,池田 奈津美,3,31,51.2,0,0,0.14,4.71,29.49,46.15,4.3,23.26,41.86,28.26,39.13,33.33,62.22
2025-07-23,21,7,2025-07-23 11:39:00,5,にっぽん未来プロジェクト競走in芦屋,4,3775,泉 啓文,3,50,57,0,0,0.18,4.12,23.85,33.03,4.56,25.93,40.74,44.68,59.57,39.02,65.85
2025-07-23,21,7,2025-07-23 11:39:00,5,にっぽん未来プロジェクト競走in芦屋,5,4323,山田 佑樹,3,38,56.3,0,0,0.16,4.78,31.13,47.17,5.55,35,55,26.83,46.34,41.82,50.91
2025-07-23,21,7,2025-07-23 11:39:00,5,にっぽん未来プロジェクト競走in芦屋,6,5200,筒井 美琴,4,23,46.5,0,0,0.18,2.29,0,7.14,1.42,0,3.23,34.09,47.73,18.18,31.82
2025-07-23,21,8,2025-07-23 12:12:00,5,にっぽん未来プロジェクト競走in芦屋,1,4226,村田 浩司,3,42,54.3,0,0,0.15,4.22,22.77,37.62,4.23,23.33,30,20,48.89,41.03,53.85
2025-07-23,21,8,2025-07-23 12:12:00,5,にっぽん未来プロジェクト競走in芦屋,2,4817,渡邉 翼,2,34,51,0,0,0.17,5.86,42.45,61.32,5.54,36.62,50.7,10.53,28.95,47.83,65.22
2025-07-23,21,8,2025-07-23 12:12:00,5,にっぽん未来プロジェクト競走in芦屋,3,5198,奥村 明日香,3,23,45,0,0,0.19,3.88,15.38,32.05,2.21,4.17,16.67,59.46,86.49,31.11,55.56
2025-07-23,21,8,2025-07-23 12:12:00,5,にっぽん未来プロジェクト競走in芦屋,4,4822,百武 翔,2,32,52,0,0,0.18,5.73,39.02,55.28,4.91,18.18,45.45,41.18,64.71,24.44,42.22
2025-07-23,21,8,2025-07-23 12:12:00,5,にっぽん未来プロジェクト競走in芦屋,5,5039,倉田 茂将,3,27,54.9,0,0,0.17,5.03,34.26,50,6.2,40,80,18.6,32.56,44.44,61.11
2025-07-23,21,8,2025-07-23 12:12:00,5,にっぽん未来プロジェクト競走in芦屋,6,5413,宮城 那菜,4,19,48,0,0,,1.13,0,0,1,0,0,31.25,45.83,34.09,50
2025-07-23,21,9,2025-07-23 12:46:00,5,にっぽん未来プロジェクト競走in芦屋,1,4118,宇佐見 淳,1,44,52,0,0,0.15,6.15,45.52,59.7,6.92,55.26,76.32,7.32,19.51,32.73,50.91
2025-07-23,21,9,2025-07-23 12:46:00,5,にっぽん未来プロジェクト競走in芦屋,2,5123,福山 恵里奈,3,29,48.2,0,0,0.17,4.1,19.51,40.24,4,22.22,33.33,38.18,47.27,43.86,59.65
2025-07-23,21,9,2025-07-23 12:46:00,5,にっぽん未来プロジェクト競走in芦屋,3,3550,都築 正治,3,54,52.8,0,0,0.16,5.23,36.13,48.74,4.74,31.58,36.84,22.92,39.58,37.5,51.79
2025-07-23,21,9,2025-07-23 12:46:00,5,にっぽん未来プロジェクト競走in芦屋,4,3796,長野 道臣,3,52,52.3,0,0,0.16,5.3,34.92,50.79,4.55,30,30,43.18,56.82,37.25,41.18
2025-07-23,21,9,2025-07-23 12:46:00,5,にっぽん未来プロジェクト競走in芦屋,5,4778,堤 啓輔,3,39,52,0,0,0.17,4.73,28.92,45.78,3.89,11.11,44.44,17.02,34.04,28.26,36.96
2025-07-23,21,9,2025-07-23 12:46:00,5,にっぽん未来プロジェクト競走in芦屋,6,3226,浦田 信義,3,59,51.5,0,0,0.2,4.1,19.8,32.67,3.56,20,28,35.09,56.14,12.5,22.92
2025-07-23,21,10,2025-07-23 13:19:00,5,にっぽん未来プロジェクト競走in芦屋,1,4174,赤坂 俊輔,1,42,52,0,0,0.15,6.09,39.18,62.89,7.47,63.16,73.68,24.44,40,28.89,40
2025-07-23,21,10,2025-07-23 13:19:00,5,にっぽん未来プロジェクト競走in芦屋,2,4679,植田 太一,2,36,56.7,0,0,0.18,6.05,43.24,61.26,5.72,40.63,59.38,34.04,53.19,30.77,43.59
2025-07-23,21,10,2025-07-23 13:19:00,5,にっぽん未来プロジェクト競走in芦屋,3,3304,烏野 賢太,1,57,52,1,0,0.17,5.7,35.71,52.68,6,48.57,60,42.22,66.67,26.19,45.24
2025-07-23,21,10,2025-07-23 13:19:00,5,にっぽん未来プロジェクト競走in芦屋,4,3158,島川 光男,2,60,52,0,0,0.15,5.61,38.6,53.51,6.22,44.62,61.54,28.57,48.98,50,60.87
2025-07-23,21,10,2025-07-23 13:19:00,5,にっぽん未来プロジェクト競走in芦屋,5,5356,長谷川 暖,3,20,51,0,0,0.18,3.49,9.88,24.69,2.87,6.67,13.33,46.67,56.67,16.67,39.58
2025-07-23,21,10,2025-07-23 13:19:00,5,にっぽん未来プロジェクト競走in芦屋,6,4536,喜井 つかさ,2,35,46.5,0,0,0.17,5.11,31.91,43.62,5.85,41.18,61.76,30.43,47.83,26.83,43.9
2025-07-23,21,11,2025-07-23 13:55:00,5,にっぽん未来プロジェクト競走in芦屋,1,4140,梶野 学志,1,44,52.8,0,0,0.16,6.16,45.78,61.45,6.5,42.86,57.14,44.68,57.45,18.18,43.18
2025-07-23,21,11,2025-07-23 13:55:00,5,にっぽん未来プロジェクト競走in芦屋,2,3265,今村 暢孝,1,60,52.4,0,0,0.15,6.55,54.7,67.52,5.77,44.26,52.46,41.07,50,28.26,47.83
2025-07-23,21,11,2025-07-23 13:55:00,5,にっぽん未来プロジェクト競走in芦屋,3,4336,松田 竜馬,2,41,52,0,0,0.15,5.01,31.13,46.23,4.77,25.64,43.59,25.64,51.28,24.49,40.82
2025-07-23,21,11,2025-07-23 13:55:00,5,にっぽん未来プロジェクト競走in芦屋,4,4360,庄司 孝輔,3,40,52,0,0,0.18,5.1,32.86,45.71,5.47,23.53,47.06,22.22,35.56,31.11,51.11
2025-07-23,21,11,2025-07-23 13:55:00,5,にっぽん未来プロジェクト競走in芦屋,5,4516,野口 勝弘,1,38,50,0,0,0.15,6.21,40.98,63.93,7.1,65,75,51.92,75,31.25,43.75
2025-07-23,21,11,2025-07-23 13:55:00,5,にっぽん未来プロジェクト競走in芦屋,6,4538,笠置 博之,2,34,52.8,0,0,0.15,5.78,40,58.33,5.11,22.22,44.44,57.45,74.47,36.36,59.09
2025-07-23,21,12,2025-07-23 14:30:00,5,にっぽん未来プロジェクト競走in芦屋,1,3557,太田 和美,1,52,53.6,0,0,0.16,6.49,44.17,65.83,6.5,30,60,47.83,65.22,39.13,60.87
2025-07-23,21,12,2025-07-23 14:30:00,5,にっぽん未来プロジェクト競走in芦屋,2,3995,重野 哲之,1,46,52,0,0,0.13,6.51,45,65,6.94,58.82,76.47,34.78,54.35,27.91,46.51
2025-07-23,21,12,2025-07-23 14:30:00,5,にっぽん未来プロジェクト競走in芦屋,3,4342,谷野 錬志,3,40,52.3,0,0,0.19,7.23,63.29,75.95,7.52,56.52,78.26,6.82,13.64,38.3,59.57
2025-07-23,21,12,2025-07-23 14:30:00,5,にっぽん未来プロジェクト競走in芦屋,4,3711,江本 真治,2,50,52,0,0,0.16,5.65,36.36,52.89,6.5,41.67,75,28.57,55.36,40,52.73
2025-07-23,21,12,2025-07-23 14:30:00,5,にっぽん未来プロジェクト競走in芦屋,5,4547,中田 竜太,1,37,52,0,0,0.16,7.4,61.7,74.47,6.79,42.11,52.63,27.66,46.81,25,33.33
2025-07-23,21,12,2025-07-23 14:30:00,5,にっぽん未来プロジェクト競走in芦屋,6,3629,浅見 昌克,2,55,51,0,0,0.15,5.9,38.94,63.72,5.64,35.71,50,58.7,78.26,52.08,75
2025-07-23,22,1,2025-07-23 12:33:00,5,にっぽん未来プロジェクト競走in福岡,1,4052,興津 藍,1,44,50.5,0,0,0.18,6.32,45.37,66.67,0,0,0,34.52,47.62,34.72,58.33
2025-07-23,22,1,2025-07-23 12:33:00,5,にっぽん未来プロジェクト競走in福岡,2,3578,塩田 雄一,3,52,52,0,0,0.18,4.67,30.85,40.43,4.17,16.67,38.89,8.89,26.67,40,53.33
2025-07-23,22,1,2025-07-23 12:33:00,5,にっぽん未来プロジェクト競走in福岡,3,3989,熊本 英一,3,46,60,0,0,0.21,3.95,19.51,34.15,4.7,20,50,32.05,50,34.67,54.67
2025-07-23,22,1,2025-07-23 12:33:00,5,にっぽん未来プロジェクト競走in福岡,4,5033,藤原 孝斗,3,27,55.8,0,0,0.18,4.37,25.81,40.86,5.1,40,40,21.54,44.62,28.77,47.95
2025-07-23,22,1,2025-07-23 12:33:00,5,にっぽん未来プロジェクト競走in福岡,5,5263,花田 凱成,4,26,52,0,0,0.19,3.7,15,30,3.41,15.91,29.55,28.57,47.62,24.62,41.54
2025-07-23,22,1,2025-07-23 12:33:00,5,にっぽん未来プロジェクト競走in福岡,6,5369,岡崎 凪汰,4,23,52.2,1,0,0.2,1.95,6.35,7.94,1.38,0,0,38.57,55.71,23.08,46.15
2025-07-23,22,2,2025-07-23 13:01:00,5,にっぽん未来プロジェクト競走in福岡,1,4060,島田 一生,3,46,54.6,0,0,0.15,5.11,30.43,54.35,4.87,36.67,46.67,30.93,48.45,32.39,52.11
2025-07-23,22,2,2025-07-23 13:01:00,5,にっぽん未来プロジェクト競走in福岡,2,5298,水谷 理人,3,23,52,0,0,0.17,6.02,40.32,54.84,3.5,0,20,29.33,46.67,29.58,40.85
2025-07-23,22,2,2025-07-23 13:01:00,5,にっぽん未来プロジェクト競走in福岡,3,4498,宮本 夏樹,3,38,55,0,0,0.18,4.73,25,44.32,5.06,30.61,44.9,14.49,40.58,25.71,47.14
2025-07-23,22,2,2025-07-23 13:01:00,5,にっぽん未来プロジェクト競走in福岡,4,4950,高岡 竜也,3,32,52,0,0,0.19,5.15,36.36,46.36,5.5,36.36,50,36.76,48.53,42.86,49.35
2025-07-23,22,2,2025-07-23 13:01:00,5,にっぽん未来プロジェクト競走in福岡,5,3882,新田 智彰,3,52,54.8,0,0,0.17,5.42,37.78,51.11,4.86,31.82,40.91,30.21,44.79,22,40
2025-07-23,22,2,2025-07-23 13:01:00,5,にっぽん未来プロジェクト競走in福岡,6,5063,大塚 雅治,3,27,52,0,0,0.19,4.83,33.33,44.44,5.11,22.22,44.44,43.42,64.47,31.34,43.28
2025-07-23,22,3,2025-07-23 13:29:00,5,にっぽん未来プロジェクト競走in福岡,1,4969,町田 洸希,3,34,52.1,0,0,0.18,5.14,29.91,51.4,4.8,25,50,31.18,48.39,40.23,55.17
2025-07-23,22,3,2025-07-23 13:29:00,5,にっぽん未来プロジェクト競走in福岡,2,3587,武田 信一,3,52,60.2,0,0,0.17,4.73,28.57,42.86,0,0,0,38.94,56.64,28.21,50
2025-07-23,22,3,2025-07-23 13:29:00,5,にっぽん未来プロジェクト競走in福岡,3,4074,柳沢 一,1,44,52,0,0,0.14,7.38,56.41,78.63,5.45,24.14,44.83,23.53,39.22,27.69,36.92
2025-07-23,22,3,2025-07-23 13:29:00,5,にっぽん未来プロジェクト競走in福岡,4,3701,大西 隆洋,3,52,56.4,0,0,0.16,3.93,19.59,31.96,3.36,14.29,21.43,29.73,45.95,30.77,46.15
2025-07-23,22,3,2025-07-23 13:29:00,5,にっぽん未来プロジェクト競走in福岡,5,4789,古賀 智之,3,35,53.3,0,0,0.17,4.5,18.92,44.59,0,0,0,32.69,50,40.58,57.97
2025-07-23,22,3,2025-07-23 13:29:00,5,にっぽん未来プロジェクト競走in福岡,6,3567,吉岡 誠,3,54,55.4,0,0,0.19,3.52,15.49,21.13,4.28,27.59,31.03,34.38,50,48.21,60.71
2025-07-23,22,4,2025-07-23 13:57:00,5,にっぽん未来プロジェクト競走in福岡,1,5178,成貞 琳平,3,29,52.5,0,0,0.21,3.76,13.83,28.72,4,22.22,27.78,16.67,27.78,33.8,60.56
2025-07-23,22,4,2025-07-23 13:57:00,5,にっぽん未来プロジェクト競走in福岡,2,4944,田代 達也,3,34,53.5,1,0,0.16,3.82,18.09,31.91,4.67,44.44,55.56,33.7,48.91,27.14,40
2025-07-23,22,4,2025-07-23 13:57:00,5,にっぽん未来プロジェクト競走in福岡,3,4241,大串 重幸,2,40,52,0,0,0.16,5.4,36.52,54.78,5.37,34.15,48.78,36.36,56.06,42.55,59.57
2025-07-23,22,4,2025-07-23 13:57:00,5,にっぽん未来プロジェクト競走in福岡,4,4319,三宅 潤,2,40,53.6,0,0,0.16,5.84,40.46,59.54,5.77,35.48,58.06,23.88,44.78,37.93,51.72
2025-07-23,22,4,2025-07-23 13:57:00,5,にっぽん未来プロジェクト競走in福岡,5,4051,清水 敦揮,1,44,55.2,0,0,0.17,6.67,52.21,67.65,7.36,72.73,81.82,31.65,56.96,33.33,50.79
2025-07-23,22,4,2025-07-23 13:57:00,5,にっぽん未来プロジェクト競走in福岡,6,4010,越智 照浩,4,45,55.6,0,0,0.19,3.85,15.15,28.79,3.35,5.88,23.53,31.17,49.35,38.46,53.85
2025-07-23,22,5,2025-07-23 14:25:00,5,にっぽん未来プロジェクト競走in福岡,1,4007,榮田 将彦,3,46,51,0,0,0.12,4.78,30.91,40.91,4.56,20.93,44.19,12.31,30.77,22.95,34.43
2025-07-23,22,5,2025-07-23 14:25:00,5,にっぽん未来プロジェクト競走in福岡,2,5263,花田 凱成,4,26,52,0,0,0.19,3.7,15,30,3.41,15.91,29.55,28.57,47.62,29.85,44.78
2025-07-23,22,5,2025-07-23 14:25:00,5,にっぽん未来プロジェクト競走in福岡,3,5262,鈴木 章司,3,27,52.3,1,0,0.19,3.81,15.12,34.88,4.15,10,40,31.68,44.55,34.29,47.14
2025-07-23,22,5,2025-07-23 14:25:00,5,にっぽん未来プロジェクト競走in福岡,4,4887,富澤 祐作,2,38,55.3,0,0,0.14,5.4,37.21,52.33,3.8,0,20,30.67,42.67,33.85,52.31
2025-07-23,22,5,2025-07-23 14:25:00,5,にっぽん未来プロジェクト競走in福岡,5,4603,谷川 将太,2,37,52.7,1,0,0.14,5.61,38.95,54.74,5.73,27.27,54.55,25.56,36.67,27.69,35.38
2025-07-23,22,5,2025-07-23 14:25:00,5,にっぽん未来プロジェクト競走in福岡,6,4677,片橋 幸貴,1,37,54.1,1,0,0.14,6.36,43.48,63.04,6.91,62.5,75,21.79,38.46,46.05,59.21
2025-07-23,22,6,2025-07-23 14:53:00,5,にっぽん未来プロジェクト競走in福岡,1,5033,藤原 孝斗,3,27,55.8,0,0,0.18,4.37,25.81,40.86,5.1,40,40,21.54,44.62,28.77,47.95
2025-07-23,22,6,2025-07-23 14:53:00,5,にっぽん未来プロジェクト競走in福岡,2,4736,高倉 和士,2,34,53.1,0,0,0.12,6.37,40.87,61.74,6.57,48.53,67.65,36.14,50.6,35.94,53.13
2025-07-23,22,6,2025-07-23 14:53:00,5,にっぽん未来プロジェクト競走in福岡,3,5063,大塚 雅治,3,27,52,0,0,0.19,4.83,33.33,44.44,5.11,22.22,44.44,43.42,64.47,31.34,43.28
2025-07-23,22,6,2025-07-23 14:53:00,5,にっぽん未来プロジェクト競走in福岡,4,4027,松江 秀徳,2,47,52.8,0,0,0.17,5.75,39.39,56.06,5.88,42.86,57.14,28.71,53.47,25.64,44.87
2025-07-23,22,6,2025-07-23 14:53:00,5,にっぽん未来プロジェクト競走in福岡,5,5065,伊久間 陽優,3,27,52.5,0,0,0.16,4.84,34.15,47.56,4.74,29.63,44.44,29.89,43.68,36.11,48.61
2025-07-23,22,6,2025-07-23 14:53:00,5,にっぽん未来プロジェクト競走in福岡,6,3582,吉川 昭男,2,52,53.7,0,0,0.17,6.13,45.6,56.8,5.57,39.13,56.52,31.67,60,30.77,53.85
2025-07-23,22,7,2025-07-23 15:21:00,5,にっぽん未来プロジェクト競走in福岡,1,3701,大西 隆洋,3,52,56.4,0,0,0.16,3.93,19.59,31.96,3.36,14.29,21.43,29.73,45.95,30.77,46.15
2025-07-23,22,7,2025-07-23 15:21:00,5,にっぽん未来プロジェクト競走in福岡,2,3882,新田 智彰,3,52,54.8,0,0,0.17,5.42,37.78,51.11,4.86,31.82,40.91,30.21,44.79,22,40
2025-07-23,22,7,2025-07-23 15:21:00,5,にっぽん未来プロジェクト競走in福岡,3,5120,山本 稔太朗,3,24,54.2,0,0,0.16,4.76,24.44,48.89,5.9,50,60,26.67,44.44,36.36,54.55
2025-07-23,22,7,2025-07-23 15:21:00,5,にっぽん未来プロジェクト競走in福岡,4,5158,宮脇 遼太,2,27,52,1,0,0.15,6.46,46.83,65.08,3.39,13.64,29.55,27.63,43.42,40.58,53.62
2025-07-23,22,7,2025-07-23 15:21:00,5,にっぽん未来プロジェクト競走in福岡,5,5369,岡崎 凪汰,4,23,52.2,1,0,0.2,1.95,6.35,7.94,1.38,0,0,38.57,55.71,23.08,46.15
2025-07-23,22,7,2025-07-23 15:21:00,5,にっぽん未来プロジェクト競走in福岡,6,4237,大峯 豊,1,41,52,0,0,0.16,7.46,52.8,76,7.16,46.88,75,32.89,50,22.39,35.82
2025-07-23,22,8,2025-07-23 15:51:00,5,にっぽん未来プロジェクト競走in福岡,1,4319,三宅 潤,2,40,53.6,0,0,0.16,5.84,40.46,59.54,5.77,35.48,58.06,23.88,44.78,37.93,51.72
2025-07-23,22,8,2025-07-23 15:51:00,5,にっぽん未来プロジェクト競走in福岡,2,4134,杉山 貴博,1,45,53.4,0,0,0.16,6.03,39.5,62.18,5.92,44,64,26.23,36.07,47.54,63.93
2025-07-23,22,8,2025-07-23 15:51:00,5,にっぽん未来プロジェクト競走in福岡,3,4060,島田 一生,3,46,54.6,0,0,0.15,5.11,30.43,54.35,4.87,36.67,46.67,30.93,48.45,32.39,52.11
2025-07-23,22,8,2025-07-23 15:51:00,5,にっぽん未来プロジェクト競走in福岡,4,4529,嶋 義信,2,36,54.7,0,0,0.14,4.86,32.56,44.19,6.4,40,70,26.39,40.28,33.33,49.21
2025-07-23,22,8,2025-07-23 15:51:00,5,にっぽん未来プロジェクト競走in福岡,5,3587,武田 信一,3,52,60.2,0,0,0.17,4.73,28.57,42.86,0,0,0,38.94,56.64,28.21,50
2025-07-23,22,8,2025-07-23 15:51:00,5,にっぽん未来プロジェクト競走in福岡,6,3989,熊本 英一,3,46,60,0,0,0.21,3.95,19.51,34.15,4.7,20,50,32.05,50,34.67,54.67
2025-07-23,22,9,2025-07-23 16:21:00,5,にっぽん未来プロジェクト競走in福岡,1,4409,坂元 浩仁,2,39,54,0,0,0.14,6.3,48.98,62.59,6.62,52.38,66.67,36.76,52.94,19.64,30.36
2025-07-23,22,9,2025-07-23 16:21:00,5,にっぽん未来プロジェクト競走in福岡,2,4789,古賀 智之,3,35,53.3,0,0,0.17,4.5,18.92,44.59,0,0,0,32.69,50,40.58,57.97
2025-07-23,22,9,2025-07-23 16:21:00,5,にっぽん未来プロジェクト競走in福岡,3,4887,富澤 祐作,2,38,55.3,0,0,0.14,5.4,37.21,52.33,3.8,0,20,30.67,42.67,33.85,52.31
2025-07-23,22,9,2025-07-23 16:21:00,5,にっぽん未来プロジェクト競走in福岡,4,4241,大串 重幸,2,40,52,0,0,0.16,5.4,36.52,54.78,5.37,34.15,48.78,36.36,56.06,42.55,59.57
2025-07-23,22,9,2025-07-23 16:21:00,5,にっぽん未来プロジェクト競走in福岡,5,4950,高岡 竜也,3,32,52,0,0,0.19,5.15,36.36,46.36,5.5,36.36,50,36.76,48.53,42.86,49.35
2025-07-23,22,9,2025-07-23 16:21:00,5,にっぽん未来プロジェクト競走in福岡,6,3293,宮内 由紀英,3,59,52.4,0,0,0.2,4.24,12.09,34.07,4.44,11.11,38.89,35.82,53.73,44,64
2025-07-23,22,10,2025-07-23 16:53:00,5,にっぽん未来プロジェクト競走in福岡,1,4704,河野 大,1,37,52,0,0,0.16,6.32,45.71,60.71,5.9,50,60,26.67,37.33,14.58,22.92
2025-07-23,22,10,2025-07-23 16:53:00,5,にっぽん未来プロジェクト競走in福岡,2,3822,平尾 崇典,1,52,50,0,0,0.17,6.82,49.29,72.14,7.43,57.14,85.71,35.63,48.28,40.28,56.94
2025-07-23,22,10,2025-07-23 16:53:00,5,にっぽん未来プロジェクト競走in福岡,3,3582,吉川 昭男,2,52,53.7,0,0,0.17,6.13,45.6,56.8,5.57,39.13,56.52,31.67,60,30.77,53.85
2025-07-23,22,10,2025-07-23 16:53:00,5,にっぽん未来プロジェクト競走in福岡,4,4498,宮本 夏樹,3,38,55,0,0,0.18,4.73,25,44.32,5.06,30.61,44.9,14.49,40.58,25.71,47.14
2025-07-23,22,10,2025-07-23 16:53:00,5,にっぽん未来プロジェクト競走in福岡,5,3578,塩田 雄一,3,52,52,0,0,0.18,4.67,30.85,40.43,4.17,16.67,38.89,8.89,26.67,40,53.33
2025-07-23,22,10,2025-07-23 16:53:00,5,にっぽん未来プロジェクト競走in福岡,6,4155,長野 壮志郎,2,44,55.3,0,0,0.17,5.81,46.32,57.89,6.45,52.63,63.16,27.16,48.15,35.48,41.94
2025-07-23,22,11,2025-07-23 17:25:00,5,にっぽん未来プロジェクト競走in福岡,1,3532,柴田 光,1,53,52,0,0,0.16,7.17,55.28,78.05,5.09,27.27,45.45,29.49,46.15,23.94,38.03
2025-07-23,22,11,2025-07-23 17:25:00,5,にっぽん未来プロジェクト競走in福岡,2,4051,清水 敦揮,1,44,55.2,0,0,0.17,6.67,52.21,67.65,7.36,72.73,81.82,31.65,56.96,33.33,50.79
2025-07-23,22,11,2025-07-23 17:25:00,5,にっぽん未来プロジェクト競走in福岡,3,4027,松江 秀徳,2,47,52.8,0,0,0.17,5.75,39.39,56.06,5.88,42.86,57.14,28.71,53.47,25.64,44.87
2025-07-23,22,11,2025-07-23 17:25:00,5,にっぽん未来プロジェクト競走in福岡,4,4603,谷川 将太,2,37,52.7,1,0,0.14,5.61,38.95,54.74,5.73,27.27,54.55,25.56,36.67,27.69,35.38
2025-07-23,22,11,2025-07-23 17:25:00,5,にっぽん未来プロジェクト競走in福岡,5,5298,水谷 理人,3,23,52,0,0,0.17,6.02,40.32,54.84,3.5,0,20,29.33,46.67,29.58,40.85
2025-07-23,22,11,2025-07-23 17:25:00,5,にっぽん未来プロジェクト競走in福岡,6,5158,宮脇 遼太,2,27,52,1,0,0.15,6.46,46.83,65.08,3.39,13.64,29.55,27.63,43.42,40.58,53.62
2025-07-23,22,12,2025-07-23 18:00:00,5,にっぽん未来プロジェクト競走in福岡,1,4074,柳沢 一,1,44,52,0,0,0.14,7.38,56.41,78.63,5.45,24.14,44.83,23.53,39.22,27.69,36.92
2025-07-23,22,12,2025-07-23 18:00:00,5,にっぽん未来プロジェクト競走in福岡,2,4677,片橋 幸貴,1,37,54.2,1,0,0.14,6.36,43.48,63.04,6.91,62.5,75,21.79,38.46,46.05,59.21
2025-07-23,22,12,2025-07-23 18:00:00,5,にっぽん未来プロジェクト競走in福岡,3,4237,大峯 豊,1,41,51.5,0,0,0.16,7.46,52.8,76,7.16,46.88,75,32.89,50,22.39,35.82
2025-07-23,22,12,2025-07-23 18:00:00,5,にっぽん未来プロジェクト競走in福岡,4,4052,興津 藍,1,44,50.5,0,0,0.18,6.32,45.37,66.67,0,0,0,34.52,47.62,34.72,58.33
2025-07-23,22,12,2025-07-23 18:00:00,5,にっぽん未来プロジェクト競走in福岡,5,4736,高倉 和士,2,34,52.6,0,0,0.12,6.37,40.87,61.74,6.57,48.53,67.65,36.14,50.6,35.94,53.13
2025-07-23,22,12,2025-07-23 18:00:00,5,にっぽん未来プロジェクト競走in福岡,6,4134,杉山 貴博,1,45,52.9,0,0,0.16,6.03,39.5,62.18,5.92,44,64,26.23,36.07,47.54,63.93
