race_date,stadium_number,race_number,race_closed_at,race_grade_number,race_title,boat_number,racer_number,racer_name,racer_class_number,racer_age,racer_weight,racer_flying_count,racer_late_count,racer_average_start_timing,racer_national_top_1_percent,racer_national_top_2_percent,racer_national_top_3_percent,racer_local_top_1_percent,racer_local_top_2_percent,racer_local_top_3_percent,racer_assigned_motor_top_2_percent,racer_assigned_motor_top_3_percent,racer_assigned_boat_top_2_percent,racer_assigned_boat_top_3_percent
2025-10-27,2,1,2025-10-27 10:45:00,5,第4回漫画アクションカップ,1,3596,河上 年昭,3,56,53.3,0,0,0.18,4.39,18.39,35.63,4.83,21.88,37.5,40.74,55.56,26.53,36.73
2025-10-27,2,1,2025-10-27 10:45:00,5,第4回漫画アクションカップ,2,3827,今泉 徹,3,52,52.1,0,0,0.17,4.08,15.31,36.73,4.47,26.32,42.11,29.17,47.92,22.22,40
2025-10-27,2,1,2025-10-27 10:45:00,5,第4回漫画アクションカップ,3,4231,鈴木 裕隆,3,42,54.8,0,0,0.17,5.76,41.07,58.04,5.35,35.29,58.82,40.48,59.52,25,50
2025-10-27,2,1,2025-10-27 10:45:00,5,第4回漫画アクションカップ,4,4082,濱崎 誠,3,46,52.1,0,0,0.18,5.28,36.79,50,0,0,0,34.62,46.15,42,64
2025-10-27,2,1,2025-10-27 10:45:00,5,第4回漫画アクションカップ,5,5072,吉田 杏美,4,30,47.4,1,0,,2.33,9.52,9.52,2.83,16.67,16.67,25,43.18,29.55,59.09
2025-10-27,2,1,2025-10-27 10:45:00,5,第4回漫画アクションカップ,6,5308,藤森 拓海,3,21,53.7,0,0,0.21,3.78,16,32,0,0,0,48.15,70.37,20.93,39.53
2025-10-27,2,2,2025-10-27 11:12:00,5,第4回漫画アクションカップ,1,4931,木谷 賢太,2,29,52.9,0,0,0.16,6.52,44.2,67.39,6.44,38.89,72.22,47.27,63.64,37.5,58.33
2025-10-27,2,2,2025-10-27 11:12:00,5,第4回漫画アクションカップ,2,4114,深澤 達徳,2,45,52,2,0,0.17,4.9,24.51,46.08,6.21,36.17,63.83,22,28,33.33,50
2025-10-27,2,2,2025-10-27 11:12:00,5,第4回漫画アクションカップ,3,4389,伊藤 喜智,3,40,51.5,0,0,0.18,4.66,24.73,44.09,0,0,0,33.33,43.75,20.45,31.82
2025-10-27,2,2,2025-10-27 11:12:00,5,第4回漫画アクションカップ,4,4944,田代 達也,3,34,52.6,1,0,0.16,4.19,18.28,37.63,3.44,17.95,30.77,36.73,51.02,35.56,48.89
2025-10-27,2,2,2025-10-27 11:12:00,5,第4回漫画アクションカップ,5,4079,出畑 孝典,2,46,52,0,0,0.16,6.13,44.66,66.02,7,53.57,78.57,29.41,44.12,34.69,55.1
2025-10-27,2,2,2025-10-27 11:12:00,5,第4回漫画アクションカップ,6,5347,井澤 聖奈,4,22,47.9,1,0,0.2,1.6,0,0,1.11,0,0,19.57,28.26,35.29,50.98
2025-10-27,2,3,2025-10-27 11:40:00,5,第4回漫画アクションカップ,1,4062,後藤 陽介,2,46,55.5,1,0,0.16,3.81,18.35,27.52,4.1,30,30,31.37,41.18,46.3,59.26
2025-10-27,2,3,2025-10-27 11:40:00,5,第4回漫画アクションカップ,2,3853,岩崎 正哉,2,53,55.1,0,0,0.18,5.12,31.93,45.38,5,26.67,50,31.11,48.89,36.17,48.94
2025-10-27,2,3,2025-10-27 11:40:00,5,第4回漫画アクションカップ,3,4067,永井 源,1,45,52.8,1,0,0.17,6.5,54.3,69.54,6.81,51.85,77.78,12.24,34.69,25.49,45.1
2025-10-27,2,3,2025-10-27 11:40:00,5,第4回漫画アクションカップ,4,4861,田中 宏樹,3,37,52.5,0,0,0.17,4.84,31,46,5.12,35.29,41.18,20,35,32.61,43.48
2025-10-27,2,3,2025-10-27 11:40:00,5,第4回漫画アクションカップ,5,4109,谷津 幸宏,1,45,52.5,0,0,0.12,6.48,46.72,64.75,6.02,45.8,60.31,5,25,33.33,52.94
2025-10-27,2,3,2025-10-27 11:40:00,5,第4回漫画アクションカップ,6,5357,田中 瀬里奈,4,20,54.9,0,0,0.22,1.6,1.23,2.47,1.66,0,2,22.45,38.78,19.05,38.1
2025-10-27,2,4,2025-10-27 12:08:00,5,第4回漫画アクションカップ,1,3422,服部 幸男,1,54,54.8,0,0,0.15,6.88,54.39,66.67,4.83,27.78,50,25.53,48.94,25.53,42.55
2025-10-27,2,4,2025-10-27 12:08:00,5,第4回漫画アクションカップ,2,4442,松竹 大輔,2,39,52.6,1,0,0.16,5.36,34.26,52.78,6.33,44.44,66.67,49.02,64.71,27.27,36.36
2025-10-27,2,4,2025-10-27 12:08:00,5,第4回漫画アクションカップ,3,5177,松井 貫太,3,29,52,1,0,0.21,3.82,18.1,29.52,2.44,0,11.11,27.5,50,24,40
2025-10-27,2,4,2025-10-27 12:08:00,5,第4回漫画アクションカップ,4,3965,北中 元樹,2,46,54.4,1,0,0.15,5.76,39.45,58.72,5.6,40,50,36.17,53.19,31.11,60
2025-10-27,2,4,2025-10-27 12:08:00,5,第4回漫画アクションカップ,5,4725,佐竹 太一,3,39,52.3,1,0,0.2,4.65,21.05,43.16,3.71,22.58,22.58,30,48,33.33,54.17
2025-10-27,2,4,2025-10-27 12:08:00,5,第4回漫画アクションカップ,6,4233,亀山 雅幸,2,42,52,1,0,0.17,5.66,37.7,59.84,5.38,33.82,51.47,32.76,53.45,30,42
2025-10-27,2,5,2025-10-27 12:36:00,5,第4回漫画アクションカップ,1,4533,峰重 侑治,2,36,52,2,0,0.16,4.64,25,39.29,0,0,0,34.04,53.19,40,58
2025-10-27,2,5,2025-10-27 12:36:00,5,第4回漫画アクションカップ,2,4031,飯島 誠,3,47,52,0,0,0.19,4.48,22.41,42.24,4.55,26.92,41.03,50.82,78.69,40,58
2025-10-27,2,5,2025-10-27 12:36:00,5,第4回漫画アクションカップ,3,4082,濱崎 誠,3,46,52.1,0,0,0.18,5.28,36.79,50,0,0,0,34.62,46.15,42,64
2025-10-27,2,5,2025-10-27 12:36:00,5,第4回漫画アクションカップ,4,4737,竹井 貴史,1,34,52.1,0,0,0.16,7,55.56,76.39,7.35,60,75,9.76,19.51,30.43,52.17
2025-10-27,2,5,2025-10-27 12:36:00,5,第4回漫画アクションカップ,5,3827,今泉 徹,3,52,52.1,0,0,0.17,4.08,15.31,36.73,4.47,26.32,42.11,29.17,47.92,22.22,40
2025-10-27,2,5,2025-10-27 12:36:00,5,第4回漫画アクションカップ,6,4740,齋藤 達希,3,33,53,0,0,0.2,4.49,22.43,42.06,4.31,31.25,37.5,30.95,52.38,51.02,73.47
2025-10-27,2,6,2025-10-27 13:05:00,5,第4回漫画アクションカップ,1,4964,土屋 南,4,28,46,0,0,,0,0,0,0,0,0,57.41,64.81,31.82,50
2025-10-27,2,6,2025-10-27 13:05:00,5,第4回漫画アクションカップ,2,4726,島田 なぎさ,4,38,45.5,0,0,0.15,5.24,30.43,47.83,6,38.89,55.56,21.43,26.19,26.67,37.78
2025-10-27,2,6,2025-10-27 13:05:00,5,第4回漫画アクションカップ,3,5272,松田 真実,3,24,47,1,0,0.16,3.65,16.9,33.8,2.61,11.11,16.67,42.11,59.65,41.67,54.17
2025-10-27,2,6,2025-10-27 13:05:00,5,第4回漫画アクションカップ,4,4987,島倉 都,3,28,48.1,0,0,0.19,3.88,13.1,33.33,4.16,15.63,34.38,44.44,61.9,36,48
2025-10-27,2,6,2025-10-27 13:05:00,5,第4回漫画アクションカップ,5,5118,野田 なづき,3,25,45.5,1,0,0.2,5.22,31.08,52.7,0,0,0,26.83,53.66,32.5,42.5
2025-10-27,2,6,2025-10-27 13:05:00,5,第4回漫画アクションカップ,6,5072,吉田 杏美,4,30,47.4,1,0,,2.33,9.52,9.52,2.83,16.67,16.67,25,43.18,29.55,59.09
2025-10-27,2,7,2025-10-27 13:34:00,5,第4回漫画アクションカップ,1,4109,谷津 幸宏,1,45,52.5,0,0,0.12,6.48,46.72,64.75,6.02,45.8,60.31,5,25,36.36,45.45
2025-10-27,2,7,2025-10-27 13:34:00,5,第4回漫画アクションカップ,2,5308,藤森 拓海,3,21,53.7,0,0,0.21,3.78,16,32,0,0,0,48.15,70.37,20.93,39.53
2025-10-27,2,7,2025-10-27 13:34:00,5,第4回漫画アクションカップ,3,3432,宮迫 暢彦,3,57,52.6,0,0,0.18,4.54,28.57,41.96,4.93,34.48,37.93,23.08,33.33,32.73,45.45
2025-10-27,2,7,2025-10-27 13:34:00,5,第4回漫画アクションカップ,4,4231,鈴木 裕隆,3,42,54.8,0,0,0.17,5.76,41.07,58.04,5.35,35.29,58.82,40.48,59.52,25,50
2025-10-27,2,7,2025-10-27 13:34:00,5,第4回漫画アクションカップ,5,5347,井澤 聖奈,4,22,47.9,1,0,0.2,1.6,0,0,1.11,0,0,19.57,28.26,35.29,50.98
2025-10-27,2,7,2025-10-27 13:34:00,5,第4回漫画アクションカップ,6,4389,伊藤 喜智,3,40,51.5,0,0,0.18,4.66,24.73,44.09,0,0,0,33.33,43.75,20.45,31.82
2025-10-27,2,8,2025-10-27 14:05:00,5,第4回漫画アクションカップ,1,3965,北中 元樹,2,46,54.4,1,0,0.15,5.76,39.45,58.72,5.6,40,50,36.17,53.19,31.11,60
2025-10-27,2,8,2025-10-27 14:05:00,5,第4回漫画アクションカップ,2,4152,深水 慎一郎,3,45,53.5,0,0,0.17,4.99,32.04,42.72,5.86,31.82,54.55,32.79,55.74,26.67,44.44
2025-10-27,2,8,2025-10-27 14:05:00,5,第4回漫画アクションカップ,3,4442,松竹 大輔,2,39,52.6,1,0,0.16,5.36,34.26,52.78,6.33,44.44,66.67,49.02,64.71,27.27,36.36
2025-10-27,2,8,2025-10-27 14:05:00,5,第4回漫画アクションカップ,4,4931,木谷 賢太,2,29,52.9,0,0,0.16,6.52,44.2,67.39,6.44,38.89,72.22,47.27,63.64,37.5,58.33
2025-10-27,2,8,2025-10-27 14:05:00,5,第4回漫画アクションカップ,5,5357,田中 瀬里奈,4,20,54.9,0,0,0.22,1.6,1.23,2.47,1.66,0,2,22.45,38.78,19.05,38.1
2025-10-27,2,8,2025-10-27 14:05:00,5,第4回漫画アクションカップ,6,3637,齋藤 和政,3,54,52.9,0,0,0.18,4.35,20.59,43.14,3.97,20,33.33,35,55,26.83,41.46
2025-10-27,2,9,2025-10-27 14:36:00,5,第4回漫画アクションカップ,1,4737,竹井 貴史,1,34,52.1,0,0,0.16,7,55.56,76.39,7.35,60,75,9.76,19.51,30.43,52.17
2025-10-27,2,9,2025-10-27 14:36:00,5,第4回漫画アクションカップ,2,4865,立具 敬司,3,35,52,0,0,0.18,4.45,23.17,34.15,3.63,12.5,25,44.07,57.63,37.25,45.1
2025-10-27,2,9,2025-10-27 14:36:00,5,第4回漫画アクションカップ,3,4114,深澤 達徳,2,45,52,2,0,0.17,4.9,24.51,46.08,6.21,36.17,63.83,22,28,33.33,50
2025-10-27,2,9,2025-10-27 14:36:00,5,第4回漫画アクションカップ,4,4062,後藤 陽介,2,46,55.5,1,0,0.16,3.81,18.35,27.52,4.1,30,30,31.37,41.18,46.3,59.26
2025-10-27,2,9,2025-10-27 14:36:00,5,第4回漫画アクションカップ,5,4533,峰重 侑治,2,36,52,2,0,0.16,4.64,25,39.29,0,0,0,34.04,53.19,40,58
2025-10-27,2,9,2025-10-27 14:36:00,5,第4回漫画アクションカップ,6,5177,松井 貫太,3,29,52,1,0,0.21,3.82,18.1,29.52,2.44,0,11.11,27.5,50,24,40
2025-10-27,2,10,2025-10-27 15:08:00,5,第4回漫画アクションカップ,1,4740,齋藤 達希,3,33,53,0,0,0.2,4.49,22.43,42.06,4.31,31.25,37.5,30.95,52.38,51.02,73.47
2025-10-27,2,10,2025-10-27 15:08:00,5,第4回漫画アクションカップ,2,4079,出畑 孝典,2,46,52,0,0,0.16,6.13,44.66,66.02,7,53.57,78.57,29.41,44.12,34.69,55.1
2025-10-27,2,10,2025-10-27 15:08:00,5,第4回漫画アクションカップ,3,4861,田中 宏樹,3,37,52.5,0,0,0.17,4.84,31,46,5.12,35.29,41.18,20,35,32.61,43.48
2025-10-27,2,10,2025-10-27 15:08:00,5,第4回漫画アクションカップ,4,5272,松田 真実,3,24,47,1,0,0.16,3.65,16.9,33.8,2.61,11.11,16.67,42.11,59.65,41.67,54.17
2025-10-27,2,10,2025-10-27 15:08:00,5,第4回漫画アクションカップ,5,4031,飯島 誠,3,47,52,0,0,0.19,4.48,22.41,42.24,4.55,26.92,41.03,50.82,78.69,40,58
2025-10-27,2,10,2025-10-27 15:08:00,5,第4回漫画アクションカップ,6,3422,服部 幸男,1,54,54.8,0,0,0.15,6.88,54.39,66.67,4.83,27.78,50,25.53,48.94,25.53,42.55
2025-10-27,2,11,2025-10-27 15:41:00,5,第4回漫画アクションカップ,1,4233,亀山 雅幸,2,42,52,1,0,0.17,5.66,37.7,59.84,5.38,33.82,51.47,32.76,53.45,30,42
2025-10-27,2,11,2025-10-27 15:41:00,5,第4回漫画アクションカップ,2,4725,佐竹 太一,3,39,52.3,1,0,0.2,4.65,21.05,43.16,3.71,22.58,22.58,30,48,33.33,54.17
2025-10-27,2,11,2025-10-27 15:41:00,5,第4回漫画アクションカップ,3,4944,田代 達也,3,34,52.6,1,0,0.16,4.19,18.28,37.63,3.44,17.95,30.77,36.73,51.02,35.56,48.89
2025-10-27,2,11,2025-10-27 15:41:00,5,第4回漫画アクションカップ,4,4067,永井 源,1,45,52.8,1,0,0.17,6.5,54.3,69.54,6.81,51.85,77.78,12.24,34.69,25.49,45.1
2025-10-27,2,11,2025-10-27 15:41:00,5,第4回漫画アクションカップ,5,3853,岩崎 正哉,2,53,55.1,0,0,0.18,5.12,31.93,45.38,5,26.67,50,31.11,48.89,36.17,48.94
2025-10-27,2,11,2025-10-27 15:41:00,5,第4回漫画アクションカップ,6,4964,土屋 南,4,28,46,0,0,,0,0,0,0,0,0,57.41,64.81,31.82,50
2025-10-27,2,12,2025-10-27 16:15:00,5,第4回漫画アクションカップ,1,3541,三嶌 誠司,1,57,52.7,0,0,0.14,6.37,45.69,66.38,5.33,13.33,40,21.74,47.83,44.9,57.14
2025-10-27,2,12,2025-10-27 16:15:00,5,第4回漫画アクションカップ,2,4042,丸岡 正典,1,46,52,1,0,0.16,5.95,37.6,53.6,6.89,47.83,71.74,34.69,46.94,17.78,48.89
2025-10-27,2,12,2025-10-27 16:15:00,5,第4回漫画アクションカップ,3,4089,妹尾 忠幸,2,45,52.4,0,0,0.16,6.11,38.19,68.06,7.2,52,88,38.1,54.76,37.21,44.19
2025-10-27,2,12,2025-10-27 16:15:00,5,第4回漫画アクションカップ,4,4514,上條 嘉嗣,1,35,52.1,1,0,0.17,6.71,52.21,69.12,7.1,57.69,76.92,19.05,35.71,19.57,39.13
2025-10-27,2,12,2025-10-27 16:15:00,5,第4回漫画アクションカップ,5,4199,北川 潤二,1,43,55.9,0,0,0.13,5.78,38.76,61.24,6.87,53.33,66.67,16.13,38.71,16.67,31.25
2025-10-27,2,12,2025-10-27 16:15:00,5,第4回漫画アクションカップ,6,5016,宮田 龍馬,1,27,52,0,0,0.14,6.55,44.35,68.7,5.81,41.67,61.11,42.22,46.67,33.33,60.42
2025-10-27,3,1,2025-10-27 11:09:00,5,第8回ういちの江戸川ナイスぅ〜っ!カップ,1,5242,高山 弘斗,3,25,54.9,0,0,0.2,3.78,18.48,31.52,2.86,8.33,16.67,47.78,66.67,34.51,49.56
2025-10-27,3,1,2025-10-27 11:09:00,5,第8回ういちの江戸川ナイスぅ〜っ!カップ,2,3776,横井 健太,3,50,55.8,0,0,0.19,3.2,9.71,24.27,4.55,23.81,42.86,25.51,41.84,17.5,30
2025-10-27,3,1,2025-10-27 11:09:00,5,第8回ういちの江戸川ナイスぅ〜っ!カップ,3,5279,石渡 翔一郎,3,23,53.1,0,0,0.15,5.41,33.73,51.81,5.16,34.13,50.9,21.98,35.16,32.32,48.48
2025-10-27,3,1,2025-10-27 11:09:00,5,第8回ういちの江戸川ナイスぅ〜っ!カップ,4,5214,田中 宏典,3,26,54.9,0,0,0.2,5.45,29.47,55.79,2.92,16.67,25,25.77,38.14,38.84,53.72
2025-10-27,3,1,2025-10-27 11:09:00,5,第8回ういちの江戸川ナイスぅ〜っ!カップ,5,3812,山崎 聖司,3,49,51.5,0,0,0.17,4.5,27.27,42.73,5.05,28.43,48.04,34.95,47.57,41.53,60.17
2025-10-27,3,1,2025-10-27 11:09:00,5,第8回ういちの江戸川ナイスぅ〜っ!カップ,6,3516,吉原 聖人,3,57,51.5,0,0,0.18,4.69,27.66,45.74,5.12,30.77,46.15,43.96,62.64,34.65,43.56
2025-10-27,3,2,2025-10-27 11:34:00,5,第8回ういちの江戸川ナイスぅ〜っ!カップ,1,5031,渡辺 空依,3,28,53.6,1,0,0.19,4.3,21.67,38.33,0,0,0,44.44,60.61,39.58,60.42
2025-10-27,3,2,2025-10-27 11:34:00,5,第8回ういちの江戸川ナイスぅ〜っ!カップ,2,4945,上村 宏太,3,33,53.1,0,0,0.17,3.85,15.22,30.43,5.29,33.33,53.57,34.74,49.47,23.91,46.74
2025-10-27,3,2,2025-10-27 11:34:00,5,第8回ういちの江戸川ナイスぅ〜っ!カップ,3,4136,江夏 満,1,45,52,0,0,0.16,6.9,52.71,75.19,6.2,45,65,32.35,50.98,26.88,48.39
2025-10-27,3,2,2025-10-27 11:34:00,5,第8回ういちの江戸川ナイスぅ〜っ!カップ,4,5196,鰐部 太空海,2,24,52.7,0,0,0.16,6.49,43.62,65.96,6.41,43.59,69.23,29.7,42.57,29.73,45.95
2025-10-27,3,2,2025-10-27 11:34:00,5,第8回ういちの江戸川ナイスぅ〜っ!カップ,5,4651,佐藤 大騎,3,40,52.3,1,0,0.17,4.04,21.05,33.68,3.82,18.18,27.27,21.88,37.5,41.24,59.79
2025-10-27,3,2,2025-10-27 11:34:00,5,第8回ういちの江戸川ナイスぅ〜っ!カップ,6,3313,本吉 正樹,3,60,55.9,1,0,0.19,3.91,17.53,24.74,4.79,28.69,46.72,45.83,62.5,42.17,54.22
2025-10-27,3,3,2025-10-27 11:59:00,5,第8回ういちの江戸川ナイスぅ〜っ!カップ,1,4375,照屋 厚仁,2,41,53,0,0,0.16,5.6,39.84,55.28,6.7,50,80,34.02,53.61,33.33,48.48
2025-10-27,3,3,2025-10-27 11:59:00,5,第8回ういちの江戸川ナイスぅ〜っ!カップ,2,5074,大澤 誠也,3,29,56,1,0,0.18,4.44,20.79,41.58,4.7,25.93,40.74,33.67,45.92,38.54,51.04
2025-10-27,3,3,2025-10-27 11:59:00,5,第8回ういちの江戸川ナイスぅ〜っ!カップ,3,5004,河野 主樹,4,29,52,1,0,0.16,4.77,27.96,45.16,5.44,44,48,20.83,41.67,41.58,61.39
2025-10-27,3,3,2025-10-27 11:59:00,5,第8回ういちの江戸川ナイスぅ〜っ!カップ,4,5102,原田 雄次,2,27,52,0,0,0.21,4.13,21.36,35.92,3.64,21.43,32.14,46.24,61.29,21.65,39.18
2025-10-27,3,3,2025-10-27 11:59:00,5,第8回ういちの江戸川ナイスぅ〜っ!カップ,5,4837,酒井 陽祐,3,36,52,0,0,0.19,4.61,28.57,40.82,0,0,0,32.35,48.04,33.66,52.48
2025-10-27,3,3,2025-10-27 11:59:00,5,第8回ういちの江戸川ナイスぅ〜っ!カップ,6,5354,渡邊 雄斗,4,21,52,1,0,0.21,1.65,0,1.39,2,0,5.88,38.61,62.38,34.34,42.42
2025-10-27,3,4,2025-10-27 12:24:00,5,第8回ういちの江戸川ナイスぅ〜っ!カップ,1,5023,久永 祥平,3,30,52.8,0,0,0.15,5.16,27.52,52.29,5.72,38.32,59.81,36.54,57.69,32.32,50.51
2025-10-27,3,4,2025-10-27 12:24:00,5,第8回ういちの江戸川ナイスぅ〜っ!カップ,2,4379,桑島 和宏,1,41,55.6,0,0,0.16,6.46,47.24,67.72,6.52,45.99,64.96,33.66,52.48,24.72,51.69
2025-10-27,3,4,2025-10-27 12:24:00,5,第8回ういちの江戸川ナイスぅ〜っ!カップ,3,4257,古川 健,3,41,52,1,0,0.15,4.93,31.25,51.25,5.19,33.33,42.86,45.74,55.32,38.05,56.64
2025-10-27,3,4,2025-10-27 12:24:00,5,第8回ういちの江戸川ナイスぅ〜っ!カップ,4,4879,山崎 鉄平,2,30,51,1,0,0.15,4.35,26.61,39.45,4.91,27.27,40.91,32.29,52.08,30.23,44.19
2025-10-27,3,4,2025-10-27 12:24:00,5,第8回ういちの江戸川ナイスぅ〜っ!カップ,5,4368,山口 隆史,3,40,53.7,0,0,0.18,4.25,21.57,40.2,4.8,25.71,40,30.69,49.5,32.29,50
2025-10-27,3,4,2025-10-27 12:24:00,5,第8回ういちの江戸川ナイスぅ〜っ!カップ,6,5092,篠原 晟弥,3,24,52,0,0,0.14,6.07,48.48,62.63,4.28,22.22,30.56,32.67,51.49,33.72,51.16
2025-10-27,3,5,2025-10-27 12:49:00,5,第8回ういちの江戸川ナイスぅ〜っ!カップ,1,4146,柳橋 宏紀,3,43,52.8,0,0,0.16,4.53,22.32,42.86,0,0,0,25.51,46.94,34.48,55.17
2025-10-27,3,5,2025-10-27 12:49:00,5,第8回ういちの江戸川ナイスぅ〜っ!カップ,2,4364,池永 太,1,40,52.3,0,0,0.14,6.82,54.2,70.99,6.81,53.85,65.38,39.8,53.06,25.47,41.51
2025-10-27,3,5,2025-10-27 12:49:00,5,第8回ういちの江戸川ナイスぅ〜っ!カップ,3,5125,高井 雄基,1,29,52.6,0,0,0.16,5.95,40.74,58.33,5.85,35,65,36.56,52.69,30.93,55.67
2025-10-27,3,5,2025-10-27 12:49:00,5,第8回ういちの江戸川ナイスぅ〜っ!カップ,4,4692,酒井 俊弘,3,41,53,1,0,0.14,4.7,29.03,40.86,5.56,37.5,43.75,43,58,25.64,47.44
2025-10-27,3,5,2025-10-27 12:49:00,5,第8回ういちの江戸川ナイスぅ〜っ!カップ,5,4374,永田 義紘,3,41,52,0,0,0.17,4.73,22.73,43.64,5.33,25.93,51.85,25.56,38.89,41.94,55.91
2025-10-27,3,5,2025-10-27 12:49:00,5,第8回ういちの江戸川ナイスぅ〜っ!カップ,6,3812,山崎 聖司,3,49,51.5,0,0,0.17,4.5,27.27,42.73,5.05,28.43,48.04,34.95,47.57,41.53,60.17
2025-10-27,3,6,2025-10-27 13:14:00,5,第8回ういちの江戸川ナイスぅ〜っ!カップ,1,3874,山本 寛久,1,49,52.2,1,0,0.15,6.41,50.42,66.39,7.46,56.76,72.97,29.29,50.51,27.38,50
2025-10-27,3,6,2025-10-27 13:14:00,5,第8回ういちの江戸川ナイスぅ〜っ!カップ,2,5124,上瀧 絢也,3,29,52,1,0,0.15,3.72,13.79,37.93,3.66,20,31.43,26.44,40.23,24.74,44.33
2025-10-27,3,6,2025-10-27 13:14:00,5,第8回ういちの江戸川ナイスぅ〜っ!カップ,3,3776,横井 健太,3,50,55.8,0,0,0.19,3.2,9.71,24.27,4.55,23.81,42.86,25.51,41.84,17.5,30
2025-10-27,3,6,2025-10-27 13:14:00,5,第8回ういちの江戸川ナイスぅ〜っ!カップ,4,5042,畑田 汰一,1,26,52,0,0,0.11,6.97,52.52,71.94,6.63,43.33,63.33,28,50,38.53,58.72
2025-10-27,3,6,2025-10-27 13:14:00,5,第8回ういちの江戸川ナイスぅ〜っ!カップ,5,4277,金田 大輔,3,42,51,0,0,0.17,4.66,29.46,42.86,5.17,42.86,48.57,54.35,76.09,34.44,53.33
2025-10-27,3,6,2025-10-27 13:14:00,5,第8回ういちの江戸川ナイスぅ〜っ!カップ,6,4945,上村 宏太,3,33,53.1,0,0,0.17,3.85,15.22,30.43,5.29,33.33,53.57,34.74,49.47,23.91,46.74
2025-10-27,3,7,2025-10-27 13:39:00,5,第8回ういちの江戸川ナイスぅ〜っ!カップ,1,5214,田中 宏典,3,26,54.9,0,0,0.2,5.45,29.47,55.79,2.92,16.67,25,25.77,38.14,38.84,53.72
2025-10-27,3,7,2025-10-27 13:39:00,5,第8回ういちの江戸川ナイスぅ〜っ!カップ,2,5049,松井 友汰,2,30,52.3,1,0,0.17,5.99,38.94,65.49,5.84,36.84,60.53,36.19,57.14,20.62,39.18
2025-10-27,3,7,2025-10-27 13:39:00,5,第8回ういちの江戸川ナイスぅ〜っ!カップ,3,4837,酒井 陽祐,3,36,52,0,0,0.19,4.61,28.57,40.82,0,0,0,32.35,48.04,33.66,52.48
2025-10-27,3,7,2025-10-27 13:39:00,5,第8回ういちの江戸川ナイスぅ〜っ!カップ,4,4651,佐藤 大騎,3,40,52.3,1,0,0.17,4.04,21.05,33.68,3.82,18.18,27.27,21.88,37.5,41.24,59.79
2025-10-27,3,7,2025-10-27 13:39:00,5,第8回ういちの江戸川ナイスぅ〜っ!カップ,5,4568,廣瀬 真也,2,37,52,1,0,0.14,5.79,31.82,58.18,5.59,40.98,57.38,37.86,52.43,30.43,48.91
2025-10-27,3,7,2025-10-27 13:39:00,5,第8回ういちの江戸川ナイスぅ〜っ!カップ,6,4886,入海 馨,1,29,52.1,0,0,0.15,7.79,62.73,80,6.86,60,68.57,37.37,47.47,38.14,54.64
2025-10-27,3,8,2025-10-27 14:05:00,5,第8回ういちの江戸川ナイスぅ〜っ!カップ,1,4575,戸塚 邦好,2,37,52,1,0,0.14,6.23,43.75,65.63,6.82,48.61,70.83,27.55,43.88,37.37,49.49
2025-10-27,3,8,2025-10-27 14:05:00,5,第8回ういちの江戸川ナイスぅ〜っ!カップ,2,4905,土井 祥伍,3,30,54.7,1,0,0.19,4.01,18.6,31.4,0,0,0,30.69,46.53,30.3,42.42
2025-10-27,3,8,2025-10-27 14:05:00,5,第8回ういちの江戸川ナイスぅ〜っ!カップ,3,4368,山口 隆史,3,40,53.7,0,0,0.18,4.25,21.57,40.2,4.8,25.71,40,30.69,49.5,32.29,50
2025-10-27,3,8,2025-10-27 14:05:00,5,第8回ういちの江戸川ナイスぅ〜っ!カップ,4,5279,石渡 翔一郎,3,23,53.1,0,0,0.15,5.41,33.73,51.81,5.16,34.13,50.9,21.98,35.16,32.32,48.48
2025-10-27,3,8,2025-10-27 14:05:00,5,第8回ういちの江戸川ナイスぅ〜っ!カップ,5,5383,中村 楓,4,20,53.7,1,0,0.21,1.35,1.47,1.47,1.67,0,0,22.73,38.64,48.86,63.64
2025-10-27,3,8,2025-10-27 14:05:00,5,第8回ういちの江戸川ナイスぅ〜っ!カップ,6,3557,太田 和美,1,52,53.7,0,0,0.16,6.86,51.97,70.39,6.45,45.45,63.64,36.63,52.48,35.64,54.46
2025-10-27,3,9,2025-10-27 14:32:00,5,第8回ういちの江戸川ナイスぅ〜っ!カップ,1,5196,鰐部 太空海,2,24,52.7,0,0,0.16,6.49,43.62,65.96,6.41,43.59,69.23,29.7,42.57,29.73,45.95
2025-10-27,3,9,2025-10-27 14:32:00,5,第8回ういちの江戸川ナイスぅ〜っ!カップ,2,5102,原田 雄次,2,27,52,0,0,0.21,4.13,21.36,35.92,3.64,21.43,32.14,46.24,61.29,21.65,39.18
2025-10-27,3,9,2025-10-27 14:32:00,5,第8回ういちの江戸川ナイスぅ〜っ!カップ,3,5242,高山 弘斗,3,25,54.9,0,0,0.2,3.78,18.48,31.52,2.86,8.33,16.67,47.78,66.67,34.51,49.56
2025-10-27,3,9,2025-10-27 14:32:00,5,第8回ういちの江戸川ナイスぅ〜っ!カップ,4,4669,井上 茂,3,40,52.8,1,0,0.18,4.1,17.53,36.08,4.03,16.67,33.33,41.84,52.04,36.46,50
2025-10-27,3,9,2025-10-27 14:32:00,5,第8回ういちの江戸川ナイスぅ〜っ!カップ,5,4379,桑島 和宏,1,41,55.6,0,0,0.16,6.46,47.24,67.72,6.52,45.99,64.96,33.66,52.48,24.72,51.69
2025-10-27,3,9,2025-10-27 14:32:00,5,第8回ういちの江戸川ナイスぅ〜っ!カップ,6,5313,鈴木 唯央,3,25,52.6,1,0,0.18,3.18,9.21,17.11,3,15.79,15.79,29.41,45.1,40.43,62.77
2025-10-27,3,10,2025-10-27 15:00:00,5,第8回ういちの江戸川ナイスぅ〜っ!カップ,1,4136,江夏 満,1,45,52,0,0,0.16,6.9,52.71,75.19,6.2,45,65,32.35,50.98,26.88,48.39
2025-10-27,3,10,2025-10-27 15:00:00,5,第8回ういちの江戸川ナイスぅ〜っ!カップ,2,5023,久永 祥平,3,30,52.8,0,0,0.15,5.16,27.52,52.29,5.72,38.32,59.81,36.54,57.69,32.32,50.51
2025-10-27,3,10,2025-10-27 15:00:00,5,第8回ういちの江戸川ナイスぅ〜っ!カップ,3,3516,吉原 聖人,3,57,51.5,0,0,0.18,4.69,27.66,45.74,5.12,30.77,46.15,43.96,62.64,34.65,43.56
2025-10-27,3,10,2025-10-27 15:00:00,5,第8回ういちの江戸川ナイスぅ〜っ!カップ,4,5125,高井 雄基,1,29,52.6,0,0,0.16,5.95,40.74,58.33,5.85,35,65,36.56,52.69,30.93,55.67
2025-10-27,3,10,2025-10-27 15:00:00,5,第8回ういちの江戸川ナイスぅ〜っ!カップ,5,4319,三宅 潤,2,40,53.9,0,0,0.16,6.16,43.7,63.7,4.67,22.22,33.33,31.52,45.65,31.37,49.02
2025-10-27,3,10,2025-10-27 15:00:00,5,第8回ういちの江戸川ナイスぅ〜っ!カップ,6,5124,上瀧 絢也,3,29,52,1,0,0.15,3.72,13.79,37.93,3.66,20,31.43,26.44,40.23,24.74,44.33
2025-10-27,3,11,2025-10-27 15:29:00,5,第8回ういちの江戸川ナイスぅ〜っ!カップ,1,4391,松田 祐季,1,39,52,1,0,0.16,6.58,46.76,65.47,6.47,46.81,59.57,41.84,54.08,34.95,45.63
2025-10-27,3,11,2025-10-27 15:29:00,5,第8回ういちの江戸川ナイスぅ〜っ!カップ,2,5042,畑田 汰一,1,26,52,0,0,0.11,6.97,52.52,71.94,6.63,43.33,63.33,28,50,38.53,58.72
2025-10-27,3,11,2025-10-27 15:29:00,5,第8回ういちの江戸川ナイスぅ〜っ!カップ,3,5074,大澤 誠也,3,29,56,1,0,0.18,4.44,20.79,41.58,4.7,25.93,40.74,33.67,45.92,38.54,51.04
2025-10-27,3,11,2025-10-27 15:29:00,5,第8回ういちの江戸川ナイスぅ〜っ!カップ,4,4146,柳橋 宏紀,3,43,52.8,0,0,0.16,4.53,22.32,42.86,0,0,0,25.51,46.94,34.48,55.17
2025-10-27,3,11,2025-10-27 15:29:00,5,第8回ういちの江戸川ナイスぅ〜っ!カップ,5,5049,松井 友汰,2,30,52.3,1,0,0.17,5.99,38.94,65.49,5.84,36.84,60.53,36.19,57.14,20.62,39.18
2025-10-27,3,11,2025-10-27 15:29:00,5,第8回ういちの江戸川ナイスぅ〜っ!カップ,6,4330,奈須 啓太,2,42,52,1,0,0.12,6.12,41.76,61.54,6.64,40,64,24.73,48.39,36.36,50.51
2025-10-27,3,12,2025-10-27 16:00:00,5,第8回ういちの江戸川ナイスぅ〜っ!カップ,1,4364,池永 太,1,40,52.3,0,0,0.14,6.82,54.2,70.99,6.81,53.85,65.38,39.8,53.06,25.47,41.51
2025-10-27,3,12,2025-10-27 16:00:00,5,第8回ういちの江戸川ナイスぅ〜っ!カップ,2,4575,戸塚 邦好,2,37,52,1,0,0.14,6.23,43.75,65.63,6.82,48.61,70.83,27.55,43.88,37.37,49.49
2025-10-27,3,12,2025-10-27 16:00:00,5,第8回ういちの江戸川ナイスぅ〜っ!カップ,3,4886,入海 馨,1,29,52.1,0,0,0.15,7.79,62.73,80,6.86,60,68.57,37.37,47.47,38.14,54.64
2025-10-27,3,12,2025-10-27 16:00:00,5,第8回ういちの江戸川ナイスぅ〜っ!カップ,4,5031,渡辺 空依,3,28,53.6,1,0,0.19,4.3,21.67,38.33,0,0,0,44.44,60.61,39.58,60.42
2025-10-27,3,12,2025-10-27 16:00:00,5,第8回ういちの江戸川ナイスぅ〜っ!カップ,5,4879,山崎 鉄平,2,30,51,1,0,0.15,4.35,26.61,39.45,4.91,27.27,40.91,32.29,52.08,30.23,44.19
2025-10-27,3,12,2025-10-27 16:00:00,5,第8回ういちの江戸川ナイスぅ〜っ!カップ,6,4277,金田 大輔,3,42,51,0,0,0.17,4.66,29.46,42.86,5.17,42.86,48.57,54.35,76.09,34.44,53.33
2025-10-27,6,1,2025-10-27 10:49:00,5,にっぽん未来プロジェクト競走in浜名湖,1,3339,泉 具巳,3,60,54.8,0,0,0.16,4.46,25.84,42.7,0,0,0,40,58.57,36.36,72.73
2025-10-27,6,1,2025-10-27 10:49:00,5,にっぽん未来プロジェクト競走in浜名湖,2,4121,富永 修一,2,43,52.6,1,0,0.15,6.34,41.18,68.07,6.17,38.89,61.11,38.64,66.67,36.36,63.64
2025-10-27,6,1,2025-10-27 10:49:00,5,にっぽん未来プロジェクト競走in浜名湖,3,5229,吉川 晴人,2,22,55.8,1,0,0.16,6.09,44,61.6,3.74,21.74,34.78,33.86,55.91,27.27,36.36
2025-10-27,6,1,2025-10-27 10:49:00,5,にっぽん未来プロジェクト競走in浜名湖,4,4393,田中 孝明,3,39,58,0,0,0.2,4.41,19.05,40.95,4.25,25,37.5,36.84,49.62,30,60
2025-10-27,6,1,2025-10-27 10:49:00,5,にっぽん未来プロジェクト競走in浜名湖,5,4598,加藤 政彦,1,41,52.7,0,0,0.16,6.18,43.43,60.61,6.95,47.37,68.42,28.57,41.56,26.67,33.33
2025-10-27,6,1,2025-10-27 10:49:00,5,にっぽん未来プロジェクト競走in浜名湖,6,3860,松本 浩貴,3,52,52.8,0,0,0.19,4.53,23.81,42.86,4.22,18.75,37.5,30.08,48.78,20,60
2025-10-27,6,2,2025-10-27 11:14:00,5,にっぽん未来プロジェクト競走in浜名湖,1,5047,國分 将太郎,3,31,53.9,1,0,0.17,4.49,25,41.3,4.44,25,43.75,26.6,43.62,56.25,62.5
2025-10-27,6,2,2025-10-27 11:14:00,5,にっぽん未来プロジェクト競走in浜名湖,2,4583,古田 祐貴,2,36,52,0,0,0.16,5.72,35.88,58.78,0,0,0,30.23,48.06,0,0
2025-10-27,6,2,2025-10-27 11:14:00,5,にっぽん未来プロジェクト競走in浜名湖,3,4963,實森 美祐,1,29,47,0,0,0.15,6.55,45.9,63.11,6.98,52.5,62.5,33.62,50,50,62.5
2025-10-27,6,2,2025-10-27 11:14:00,5,にっぽん未来プロジェクト競走in浜名湖,4,5246,楠 将太郎,3,23,52,1,0,0.18,5.04,27.85,50.63,7.33,33.33,100,39.16,54.55,45.45,72.73
2025-10-27,6,2,2025-10-27 11:14:00,5,にっぽん未来プロジェクト競走in浜名湖,5,4649,和田 操拓,2,41,52,0,0,0.14,5.72,36.43,51.94,6.05,31.58,68.42,42.45,62.59,27.27,54.55
2025-10-27,6,2,2025-10-27 11:14:00,5,にっぽん未来プロジェクト競走in浜名湖,6,5277,井上 未都,3,23,46.5,1,0,0.17,4.9,29.17,45.83,4,22.22,33.33,41.79,60.45,44.44,55.56
2025-10-27,6,3,2025-10-27 11:42:00,5,にっぽん未来プロジェクト競走in浜名湖,1,4419,原 加央理,3,38,46.5,1,0,0.16,5.24,29.73,50,3.43,17.39,21.74,27.73,47.9,50,87.5
2025-10-27,6,3,2025-10-27 11:42:00,5,にっぽん未来プロジェクト競走in浜名湖,2,4894,原村 拓也,3,34,52,1,0,0.18,3.97,18.18,33.33,5.37,37.04,51.85,28.68,41.86,40,50
2025-10-27,6,3,2025-10-27 11:42:00,5,にっぽん未来プロジェクト競走in浜名湖,3,4381,田路 朋史,1,41,52,0,0,0.15,5.83,38.39,57.14,5.26,29.63,51.85,42.96,65.93,42.86,42.86
2025-10-27,6,3,2025-10-27 11:42:00,5,にっぽん未来プロジェクト競走in浜名湖,4,5110,杉山 喜一,2,26,52,0,0,0.16,5.13,32.23,50.41,4.73,25,45,19.79,33.33,18.75,37.5
2025-10-27,6,3,2025-10-27 11:42:00,5,にっぽん未来プロジェクト競走in浜名湖,5,4941,孫崎 百世,4,37,46,1,0,0.21,4.25,21.74,36.23,0,0,0,28,46.4,16.67,25
2025-10-27,6,3,2025-10-27 11:42:00,5,にっぽん未来プロジェクト競走in浜名湖,6,3746,岡瀬 正人,2,50,52,0,0,0.17,5.61,37.31,56.72,5.68,45,57.5,30.47,51.56,70,80
2025-10-27,6,4,2025-10-27 12:08:00,5,にっぽん未来プロジェクト競走in浜名湖,1,4779,伊倉 光,3,39,52,1,0,0.16,4.18,18.95,34.74,4.55,18.18,27.27,39.04,58.9,14.29,28.57
2025-10-27,6,4,2025-10-27 12:08:00,5,にっぽん未来プロジェクト競走in浜名湖,2,4116,川田 正人,2,44,52,0,0,0.18,5.16,33.33,50,5.45,45.45,45.45,22.88,36.44,41.67,41.67
2025-10-27,6,4,2025-10-27 12:08:00,5,にっぽん未来プロジェクト競走in浜名湖,3,5228,若林 樹蘭,2,23,51.5,0,0,0.16,5.5,35,45,6.09,45.45,54.55,40.71,50.71,37.5,50
2025-10-27,6,4,2025-10-27 12:08:00,5,にっぽん未来プロジェクト競走in浜名湖,4,4753,森 照夫,3,37,54.2,1,0,0.16,4.94,31.11,50,3.75,18.75,31.25,28.95,50.88,0,33.33
2025-10-27,6,4,2025-10-27 12:08:00,5,にっぽん未来プロジェクト競走in浜名湖,5,4936,戸敷 晃美,2,29,47,1,0,0.16,5.44,34.57,53.09,5.5,37.5,37.5,36.5,50.36,40,50
2025-10-27,6,4,2025-10-27 12:08:00,5,にっぽん未来プロジェクト競走in浜名湖,6,4124,池田 雄一,1,43,52.1,1,0,0.16,6.53,52.21,67.26,6.31,50,64.52,26.83,47.97,18.75,31.25
2025-10-27,6,5,2025-10-27 12:34:00,5,にっぽん未来プロジェクト競走in浜名湖,1,4052,興津 藍,1,44,50.5,0,0,0.18,5.94,39.81,59.26,6.43,45.71,71.43,41.43,61.43,25,37.5
2025-10-27,6,5,2025-10-27 12:34:00,5,にっぽん未来プロジェクト競走in浜名湖,2,4458,抹香 雄三,3,39,52.3,0,0,0.15,5.1,35.9,49.57,5.38,35.14,54.05,43.31,62.99,60,60
2025-10-27,6,5,2025-10-27 12:34:00,5,にっぽん未来プロジェクト競走in浜名湖,3,4181,花本 夏樹,3,42,54.5,1,0,0.18,4.33,23.23,38.38,4.23,23.26,37.21,31.34,47.76,0,0
2025-10-27,6,5,2025-10-27 12:34:00,5,にっぽん未来プロジェクト競走in浜名湖,4,3357,福島 陽子,3,56,48.7,1,0,0.2,3.92,18.42,34.21,0,0,0,33.59,50,64.29,78.57
2025-10-27,6,5,2025-10-27 12:34:00,5,にっぽん未来プロジェクト競走in浜名湖,5,4393,田中 孝明,3,39,58,0,0,0.2,4.41,19.05,40.95,4.25,25,37.5,36.84,49.62,30,60
2025-10-27,6,5,2025-10-27 12:34:00,5,にっぽん未来プロジェクト競走in浜名湖,6,3604,武藤 綾子,3,55,48.3,0,0,0.22,4.09,23.17,28.05,0,0,0,35.29,51.47,40,70
2025-10-27,6,6,2025-10-27 13:00:00,5,にっぽん未来プロジェクト競走in浜名湖,1,3790,佐口 達也,3,53,53.3,1,0,0.18,3.86,17.72,30.38,4.03,14.71,35.29,31.62,47.79,0,0
2025-10-27,6,6,2025-10-27 13:00:00,5,にっぽん未来プロジェクト競走in浜名湖,2,4614,石倉 洋行,1,45,53.2,1,0,0.13,6.61,49.53,63.55,0,0,0,28.33,43.33,54.55,72.73
2025-10-27,6,6,2025-10-27 13:00:00,5,にっぽん未来プロジェクト競走in浜名湖,3,3885,久田 武,2,51,52.1,1,0,0.17,4.78,27.08,46.88,5.13,28.89,48.89,38.3,53.9,25,43.75
2025-10-27,6,6,2025-10-27 13:00:00,5,にっぽん未来プロジェクト競走in浜名湖,4,4121,富永 修一,2,43,52.6,1,0,0.15,6.34,41.18,68.07,6.17,38.89,61.11,38.64,66.67,36.36,63.64
2025-10-27,6,6,2025-10-27 13:00:00,5,にっぽん未来プロジェクト競走in浜名湖,5,5315,浅井 翼,3,25,50.5,1,0,0.17,2.79,8.64,19.75,1.82,0,0,23.08,32.48,22.22,44.44
2025-10-27,6,6,2025-10-27 13:00:00,5,にっぽん未来プロジェクト競走in浜名湖,6,4460,後藤 翔之,1,39,53.7,0,0,0.14,6.02,42.66,59.44,5.72,27.78,50,26.27,38.14,50,70
2025-10-27,6,7,2025-10-27 13:28:00,5,にっぽん未来プロジェクト競走in浜名湖,1,4649,和田 操拓,2,41,52,0,0,0.14,5.72,36.43,51.94,6.05,31.58,68.42,42.45,62.59,27.27,54.55
2025-10-27,6,7,2025-10-27 13:28:00,5,にっぽん未来プロジェクト競走in浜名湖,2,4798,浜先 真範,1,32,52,1,0,0.13,6.6,46.28,68.6,0,0,0,31.5,41.73,11.11,55.56
2025-10-27,6,7,2025-10-27 13:28:00,5,にっぽん未来プロジェクト競走in浜名湖,3,4173,岡谷 健吾,3,43,56.4,0,0,0.2,5.11,35.45,50.91,4.58,24.24,45.45,30.77,51.54,62.5,75
2025-10-27,6,7,2025-10-27 13:28:00,5,にっぽん未来プロジェクト競走in浜名湖,4,5229,吉川 晴人,2,22,55.8,1,0,0.16,6.09,44,61.6,3.74,21.74,34.78,33.86,55.91,27.27,36.36
2025-10-27,6,7,2025-10-27 13:28:00,5,にっぽん未来プロジェクト競走in浜名湖,5,4419,原 加央理,3,38,46.5,1,0,0.16,5.24,29.73,50,3.43,17.39,21.74,27.73,47.9,50,87.5
2025-10-27,6,7,2025-10-27 13:28:00,5,にっぽん未来プロジェクト競走in浜名湖,6,3988,古川 誠之,2,47,54.9,0,0,0.16,5.85,42.75,60.31,0,0,0,30.08,45.86,10,30
2025-10-27,6,8,2025-10-27 13:57:00,5,にっぽん未来プロジェクト競走in浜名湖,1,5228,若林 樹蘭,2,23,51.5,0,0,0.16,5.5,35,45,6.09,45.45,54.55,40.71,50.71,37.5,50
2025-10-27,6,8,2025-10-27 13:57:00,5,にっぽん未来プロジェクト競走in浜名湖,2,5110,杉山 喜一,2,26,52,0,0,0.16,5.13,32.23,50.41,4.73,25,45,19.79,33.33,18.75,37.5
2025-10-27,6,8,2025-10-27 13:57:00,5,にっぽん未来プロジェクト競走in浜名湖,3,5281,井上 遥妃,3,22,46.5,1,0,0.14,6.26,43.21,65.43,0,0,0,22.41,38.79,28.57,42.86
2025-10-27,6,8,2025-10-27 13:57:00,5,にっぽん未来プロジェクト競走in浜名湖,4,4988,牟田 奨太,3,28,54.6,0,0,0.15,3.69,23.36,31.78,4.71,33.33,47.22,20.39,38.83,62.5,87.5
2025-10-27,6,8,2025-10-27 13:57:00,5,にっぽん未来プロジェクト競走in浜名湖,5,4739,中村 晃朋,1,33,51,0,0,0.15,6.81,48.44,64.06,5.57,32.14,50,32.31,49.23,0,0
2025-10-27,6,8,2025-10-27 13:57:00,5,にっぽん未来プロジェクト競走in浜名湖,6,4116,川田 正人,2,44,52,0,0,0.18,5.16,33.33,50,5.45,45.45,45.45,22.88,36.44,41.67,41.67
2025-10-27,6,9,2025-10-27 14:28:00,5,にっぽん未来プロジェクト競走in浜名湖,1,4598,加藤 政彦,1,41,52.9,0,0,0.16,6.18,43.43,60.61,6.95,47.37,68.42,28.57,41.56,26.67,33.33
2025-10-27,6,9,2025-10-27 14:28:00,5,にっぽん未来プロジェクト競走in浜名湖,2,4941,孫崎 百世,4,37,45.5,1,0,0.21,4.25,21.74,36.23,0,0,0,28,46.4,16.67,25
2025-10-27,6,9,2025-10-27 14:28:00,5,にっぽん未来プロジェクト競走in浜名湖,3,5277,井上 未都,3,23,46,1,0,0.17,4.9,29.17,45.83,4,22.22,33.33,41.79,60.45,44.44,55.56
2025-10-27,6,9,2025-10-27 14:28:00,5,にっぽん未来プロジェクト競走in浜名湖,4,4043,桐本 康臣,1,46,52.6,0,0,0.16,6.22,43.48,62.32,6.13,46.88,65.63,20.62,35.05,13.33,26.67
2025-10-27,6,9,2025-10-27 14:28:00,5,にっぽん未来プロジェクト競走in浜名湖,5,3439,大平 誉史明,3,56,52,0,0,0.16,5.64,36.79,54.72,7.07,60,70,33.33,50.79,63.64,90.91
2025-10-27,6,9,2025-10-27 14:28:00,5,にっぽん未来プロジェクト競走in浜名湖,6,4753,森 照夫,3,37,54.7,1,0,0.16,4.94,31.11,50,3.75,18.75,31.25,28.95,50.88,0,33.33
2025-10-27,6,10,2025-10-27 14:55:00,5,にっぽん未来プロジェクト競走in浜名湖,1,4470,平田 健之佑,2,38,52,0,0,0.15,6.55,49.63,71.11,5.65,37.84,56.76,36.15,52.31,30,50
2025-10-27,6,10,2025-10-27 14:55:00,5,にっぽん未来プロジェクト競走in浜名湖,2,4936,戸敷 晃美,2,29,47,1,0,0.16,5.44,34.57,53.09,5.5,37.5,37.5,36.5,50.36,40,50
2025-10-27,6,10,2025-10-27 14:55:00,5,にっぽん未来プロジェクト競走in浜名湖,3,4052,興津 藍,1,44,50.5,0,0,0.18,5.94,39.81,59.26,6.43,45.71,71.43,41.43,61.43,25,37.5
2025-10-27,6,10,2025-10-27 14:55:00,5,にっぽん未来プロジェクト競走in浜名湖,4,4894,原村 拓也,3,34,52,1,0,0.18,3.97,18.18,33.33,5.37,37.04,51.85,28.68,41.86,40,50
2025-10-27,6,10,2025-10-27 14:55:00,5,にっぽん未来プロジェクト競走in浜名湖,5,3790,佐口 達也,3,53,53.3,1,0,0.18,3.86,17.72,30.38,4.03,14.71,35.29,31.62,47.79,0,0
2025-10-27,6,10,2025-10-27 14:55:00,5,にっぽん未来プロジェクト競走in浜名湖,6,4963,實森 美祐,1,29,47,0,0,0.15,6.55,45.9,63.11,6.98,52.5,62.5,33.62,50,50,62.5
2025-10-27,6,11,2025-10-27 15:36:00,5,にっぽん未来プロジェクト競走in浜名湖,1,4384,鶴本 崇文,1,40,53.2,0,0,0.16,6.79,48.82,74.02,5.18,36.36,45.45,20.37,37.04,44.44,77.78
2025-10-27,6,11,2025-10-27 15:36:00,5,にっぽん未来プロジェクト競走in浜名湖,2,4124,池田 雄一,1,43,52.1,1,0,0.16,6.53,52.21,67.26,6.31,50,64.52,26.83,47.97,18.75,31.25
2025-10-27,6,11,2025-10-27 15:36:00,5,にっぽん未来プロジェクト競走in浜名湖,3,4458,抹香 雄三,3,39,52.3,0,0,0.15,5.1,35.9,49.57,5.38,35.14,54.05,43.31,62.99,60,60
2025-10-27,6,11,2025-10-27 15:36:00,5,にっぽん未来プロジェクト競走in浜名湖,4,4614,石倉 洋行,1,45,53.2,1,0,0.13,6.61,49.53,63.55,0,0,0,28.33,43.33,54.55,72.73
2025-10-27,6,11,2025-10-27 15:36:00,5,にっぽん未来プロジェクト競走in浜名湖,5,4173,岡谷 健吾,3,43,56.4,0,0,0.2,5.11,35.45,50.91,4.58,24.24,45.45,30.77,51.54,62.5,75
2025-10-27,6,11,2025-10-27 15:36:00,5,にっぽん未来プロジェクト競走in浜名湖,6,4583,古田 祐貴,2,36,52,0,0,0.16,5.72,35.88,58.78,0,0,0,30.23,48.06,0,0
2025-10-27,6,12,2025-10-27 16:18:00,5,にっぽん未来プロジェクト競走in浜名湖,1,4739,中村 晃朋,1,33,51,0,0,0.15,6.81,48.44,64.06,5.57,32.14,50,32.31,49.23,0,0
2025-10-27,6,12,2025-10-27 16:18:00,5,にっぽん未来プロジェクト競走in浜名湖,2,4381,田路 朋史,1,41,52,0,0,0.15,5.83,38.39,57.14,5.26,29.63,51.85,42.96,65.93,42.86,42.86
2025-10-27,6,12,2025-10-27 16:18:00,5,にっぽん未来プロジェクト競走in浜名湖,3,4779,伊倉 光,3,39,52,1,0,0.16,4.18,18.95,34.74,4.55,18.18,27.27,39.04,58.9,14.29,28.57
2025-10-27,6,12,2025-10-27 16:18:00,5,にっぽん未来プロジェクト競走in浜名湖,4,3604,武藤 綾子,3,55,48.3,0,0,0.22,4.09,23.17,28.05,0,0,0,35.29,51.47,40,70
2025-10-27,6,12,2025-10-27 16:18:00,5,にっぽん未来プロジェクト競走in浜名湖,5,3885,久田 武,2,51,52.1,1,0,0.17,4.78,27.08,46.88,5.13,28.89,48.89,38.3,53.9,25,43.75
2025-10-27,6,12,2025-10-27 16:18:00,5,にっぽん未来プロジェクト競走in浜名湖,6,4798,浜先 真範,1,32,52,1,0,0.13,6.6,46.28,68.6,0,0,0,31.5,41.73,11.11,55.56
2025-10-27,7,1,2025-10-27 15:21:00,5,VS第16戦  ムーンライトプリンセス決定戦,1,4897,深見 亜由美,4,34,45,0,0,,4.97,31.03,48.28,5.63,41.07,58.93,28.57,35.71,24.14,24.14
2025-10-27,7,1,2025-10-27 15:21:00,5,VS第16戦  ムーンライトプリンセス決定戦,2,5287,滝沢 織寧,3,26,47,1,0,0.16,3.41,9.86,22.54,1.75,0,12.5,40,60,19.44,47.22
2025-10-27,7,1,2025-10-27 15:21:00,5,VS第16戦  ムーンライトプリンセス決定戦,3,4924,中北 涼,3,33,48.2,0,0,0.18,4.14,16.67,35.42,0,0,0,14.29,28.57,40.63,53.13
2025-10-27,7,1,2025-10-27 15:21:00,5,VS第16戦  ムーンライトプリンセス決定戦,4,5198,奥村 明日香,3,23,45,0,0,0.19,4.21,16.05,37.04,5.11,33.33,44.44,23.08,42.31,46.88,65.63
2025-10-27,7,1,2025-10-27 15:21:00,5,VS第16戦  ムーンライトプリンセス決定戦,5,5148,松本 怜,3,31,47.1,1,0,0.18,4.15,22.54,38.03,0,0,0,31.71,58.54,35.29,55.88
2025-10-27,7,1,2025-10-27 15:21:00,5,VS第16戦  ムーンライトプリンセス決定戦,6,5418,堀内 亜海,4,19,53.4,0,0,,1.11,0,0,0,0,0,44.44,55.56,22.86,28.57
2025-10-27,7,2,2025-10-27 15:47:00,5,VS第16戦  ムーンライトプリンセス決定戦,1,5194,大久保 佑香,3,24,45.5,0,0,0.16,4.53,30.51,37.29,3.56,11.11,33.33,50,68.75,27.78,44.44
2025-10-27,7,2,2025-10-27 15:47:00,5,VS第16戦  ムーンライトプリンセス決定戦,2,4901,出口 舞有子,4,32,46,1,0,,4.6,22.22,42.22,4.88,23.53,41.18,26.92,50,24.44,48.89
2025-10-27,7,2,2025-10-27 15:47:00,5,VS第16戦  ムーンライトプリンセス決定戦,3,5182,宮崎 安奈,3,27,47,0,0,0.17,5.21,33,51,3.39,16.67,22.22,37.84,54.05,43.33,56.67
2025-10-27,7,2,2025-10-27 15:47:00,5,VS第16戦  ムーンライトプリンセス決定戦,4,5108,柴田 愛梨,4,26,47,0,0,,1.89,0,11.11,0,0,0,21.43,32.14,41.67,63.89
2025-10-27,7,2,2025-10-27 15:47:00,5,VS第16戦  ムーンライトプリンセス決定戦,5,3618,海野 ゆかり,2,51,44.5,0,0,0.17,6.51,44.55,66.34,6,26.67,53.33,22.73,50,30,43.33
2025-10-27,7,2,2025-10-27 15:47:00,5,VS第16戦  ムーンライトプリンセス決定戦,6,5295,田上 凜,3,23,46,1,0,0.22,3.19,7.69,24.36,0,0,0,40.74,40.74,6.25,21.88
2025-10-27,7,3,2025-10-27 16:14:00,5,VS第16戦  ムーンライトプリンセス決定戦,1,4819,蜂須 瑞生,3,34,46.5,1,0,0.16,5.92,43.3,61.86,4.72,22.22,44.44,18.52,37.04,34.78,56.52
2025-10-27,7,3,2025-10-27 16:14:00,5,VS第16戦  ムーンライトプリンセス決定戦,2,5334,樫葉 新心,3,21,46,0,0,0.2,3.11,9.89,18.68,0,0,0,11.54,19.23,35.71,46.43
2025-10-27,7,3,2025-10-27 16:14:00,5,VS第16戦  ムーンライトプリンセス決定戦,3,5188,武井 莉里佳,2,25,44.5,0,0,0.19,5.55,36.59,54.47,5.28,33.33,44.44,21.05,50,40.74,48.15
2025-10-27,7,3,2025-10-27 16:14:00,5,VS第16戦  ムーンライトプリンセス決定戦,4,4744,伊藤 玲奈,3,33,46.5,1,0,0.21,4.51,21.13,42.25,5.22,33.33,55.56,42.11,52.63,21.62,37.84
2025-10-27,7,3,2025-10-27 16:14:00,5,VS第16戦  ムーンライトプリンセス決定戦,5,4720,西澤 日花里,3,31,47,0,0,0.2,4.73,23.29,47.95,3.5,25,25,11.11,30.56,11.54,19.23
2025-10-27,7,3,2025-10-27 16:14:00,5,VS第16戦  ムーンライトプリンセス決定戦,6,5265,大廣 咲季,3,25,46,1,0,0.16,3.13,15.85,25.61,2.2,6.67,13.33,11.54,19.23,31.82,45.45
2025-10-27,7,4,2025-10-27 16:42:00,5,VS第16戦  ムーンライトプリンセス決定戦,1,5013,山下 夏鈴,3,28,45.5,1,0,0.16,5.07,29.21,50.56,4.53,28.89,40,53.57,71.43,25.64,41.03
2025-10-27,7,4,2025-10-27 16:42:00,5,VS第16戦  ムーンライトプリンセス決定戦,2,3999,大瀧 明日香,1,46,46,0,0,0.17,6.37,46.03,63.49,6.84,50.75,73.13,47.62,61.9,34.78,52.17
2025-10-27,7,4,2025-10-27 16:42:00,5,VS第16戦  ムーンライトプリンセス決定戦,3,5320,岩崎 麗子,4,24,50.7,0,0,0.18,2.46,2.5,11.25,1.39,0,0,34.21,52.63,39.47,55.26
2025-10-27,7,4,2025-10-27 16:42:00,5,VS第16戦  ムーンライトプリンセス決定戦,4,5326,三嶌 さらら,3,22,47.1,0,0,0.2,2.8,5.15,11.34,0,0,0,41.67,66.67,37.04,37.04
2025-10-27,7,4,2025-10-27 16:42:00,5,VS第16戦  ムーンライトプリンセス決定戦,5,4775,千葉 真弥,3,32,46.5,0,0,0.18,5.93,44,57.33,0,0,0,38.89,50,46.34,63.41
2025-10-27,7,4,2025-10-27 16:42:00,5,VS第16戦  ムーンライトプリンセス決定戦,6,5414,中澤 英里,4,19,47.1,1,0,,1.13,0,0,1,0,0,52.63,71.05,45.16,61.29
2025-10-27,7,5,2025-10-27 17:10:00,5,VS第16戦  ムーンライトプリンセス決定戦,1,4225,土屋 千明,1,43,46,1,0,0.17,6.25,43.68,66.67,5.72,37.93,58.62,27.78,33.33,31.58,50
2025-10-27,7,5,2025-10-27 17:10:00,5,VS第16戦  ムーンライトプリンセス決定戦,2,5045,平川 香織,3,25,47,1,0,0.18,5.69,37.08,59.55,5.59,34.69,59.18,20,40,44.44,59.26
2025-10-27,7,5,2025-10-27 17:10:00,5,VS第16戦  ムーンライトプリンセス決定戦,3,5213,湯淺 紀香,3,26,46.5,0,0,0.19,5.46,37.5,50.96,4.6,32,36,39.39,57.58,27.59,51.72
2025-10-27,7,5,2025-10-27 17:10:00,5,VS第16戦  ムーンライトプリンセス決定戦,4,5019,柴田 百恵,3,25,44.5,0,0,0.17,5.82,43.16,60,5.06,38.89,44.44,34.48,55.17,45,70
2025-10-27,7,5,2025-10-27 17:10:00,5,VS第16戦  ムーンライトプリンセス決定戦,5,5193,米丸 乃絵,2,24,47,0,0,0.17,6.63,50,70.54,0,0,0,48.78,73.17,54.05,70.27
2025-10-27,7,5,2025-10-27 17:10:00,5,VS第16戦  ムーンライトプリンセス決定戦,6,5418,堀内 亜海,4,19,53.4,0,0,,1.11,0,0,0,0,0,44.44,55.56,22.86,28.57
2025-10-27,7,6,2025-10-27 17:37:00,5,VS第16戦  ムーンライトプリンセス決定戦,1,5205,刑部 亜里紗,2,28,48,1,0,0.17,6.12,43.81,59.05,5.82,42.11,52.63,10.71,39.29,23.81,35.71
2025-10-27,7,6,2025-10-27 17:37:00,5,VS第16戦  ムーンライトプリンセス決定戦,2,4784,向井田 真紀,3,38,50.2,0,0,0.19,4.41,23.68,39.47,2.62,7.69,23.08,32.35,44.12,24.32,48.65
2025-10-27,7,6,2025-10-27 17:37:00,5,VS第16戦  ムーンライトプリンセス決定戦,3,4433,川野 芽唯,1,39,47,0,0,0.18,7.11,55.3,73.48,6.67,45.83,58.33,44.74,71.05,40,62.22
2025-10-27,7,6,2025-10-27 17:37:00,5,VS第16戦  ムーンライトプリンセス決定戦,4,5295,田上 凜,3,23,46,1,0,0.22,3.19,7.69,24.36,0,0,0,40.74,40.74,6.25,21.88
2025-10-27,7,6,2025-10-27 17:37:00,5,VS第16戦  ムーンライトプリンセス決定戦,5,5108,柴田 愛梨,4,26,47,0,0,,1.89,0,11.11,0,0,0,21.43,32.14,41.67,63.89
2025-10-27,7,6,2025-10-27 17:37:00,5,VS第16戦  ムーンライトプリンセス決定戦,6,5287,滝沢 織寧,3,26,47,1,0,0.16,3.41,9.86,22.54,1.75,0,12.5,40,60,19.44,47.22
2025-10-27,7,7,2025-10-27 18:04:00,5,VS第16戦  ムーンライトプリンセス決定戦,1,4014,片岡 恵里,2,45,48.1,0,0,0.19,5.69,38.18,59.09,3.43,0,28.57,32.35,41.18,14.81,33.33
2025-10-27,7,7,2025-10-27 18:04:00,5,VS第16戦  ムーンライトプリンセス決定戦,2,4744,伊藤 玲奈,3,33,46.5,1,0,0.21,4.51,21.13,42.25,5.22,33.33,55.56,42.11,52.63,21.62,37.84
2025-10-27,7,7,2025-10-27 18:04:00,5,VS第16戦  ムーンライトプリンセス決定戦,3,5198,奥村 明日香,3,23,45,0,0,0.19,4.21,16.05,37.04,5.11,33.33,44.44,23.08,42.31,46.88,65.63
2025-10-27,7,7,2025-10-27 18:04:00,5,VS第16戦  ムーンライトプリンセス決定戦,4,4387,平山 智加,1,40,46.5,0,0,0.16,7.06,49.54,71.56,6.88,48,64,35.9,56.41,39.02,58.54
2025-10-27,7,7,2025-10-27 18:04:00,5,VS第16戦  ムーンライトプリンセス決定戦,5,4901,出口 舞有子,4,32,46,1,0,,4.6,22.22,42.22,4.88,23.53,41.18,26.92,50,24.44,48.89
2025-10-27,7,7,2025-10-27 18:04:00,5,VS第16戦  ムーンライトプリンセス決定戦,6,5410,今泉 澪,4,20,48.1,0,0,,1.22,0,0,1.36,0,0,53.33,76.67,41.38,62.07
2025-10-27,7,8,2025-10-27 18:33:00,5,VS第16戦  ムーンライトプリンセス決定戦,1,4642,松尾 夏海,1,33,47,0,0,0.15,6.7,49.02,65.69,7.14,57.14,85.71,9.09,18.18,4.35,8.7
2025-10-27,7,8,2025-10-27 18:33:00,5,VS第16戦  ムーンライトプリンセス決定戦,2,5265,大廣 咲季,3,25,46,1,0,0.16,3.13,15.85,25.61,2.2,6.67,13.33,11.54,19.23,31.82,45.45
2025-10-27,7,8,2025-10-27 18:33:00,5,VS第16戦  ムーンライトプリンセス決定戦,3,3618,海野 ゆかり,2,51,44.5,0,0,0.17,6.51,44.55,66.34,6,26.67,53.33,22.73,50,30,43.33
2025-10-27,7,8,2025-10-27 18:33:00,5,VS第16戦  ムーンライトプリンセス決定戦,4,4844,村上 奈穂,3,32,49.1,0,0,0.18,4.2,15.63,38.54,3.63,25,25,68.97,79.31,34.48,48.28
2025-10-27,7,8,2025-10-27 18:33:00,5,VS第16戦  ムーンライトプリンセス決定戦,5,4924,中北 涼,3,33,48.2,0,0,0.18,4.14,16.67,35.42,0,0,0,14.29,28.57,40.63,53.13
2025-10-27,7,8,2025-10-27 18:33:00,5,VS第16戦  ムーンライトプリンセス決定戦,6,5320,岩崎 麗子,4,24,50.7,0,0,0.18,2.46,2.5,11.25,1.39,0,0,34.21,52.63,39.47,55.26
2025-10-27,7,9,2025-10-27 19:04:00,5,VS第16戦  ムーンライトプリンセス決定戦,1,3999,大瀧 明日香,1,46,46,0,0,0.17,6.37,46.03,63.49,6.84,50.75,73.13,47.62,61.9,34.78,52.17
2025-10-27,7,9,2025-10-27 19:04:00,5,VS第16戦  ムーンライトプリンセス決定戦,2,5148,松本 怜,3,31,47.1,1,0,0.18,4.15,22.54,38.03,0,0,0,31.71,58.54,35.29,55.88
2025-10-27,7,9,2025-10-27 19:04:00,5,VS第16戦  ムーンライトプリンセス決定戦,3,5326,三嶌 さらら,3,22,47.1,0,0,0.2,2.8,5.15,11.34,0,0,0,41.67,66.67,37.04,37.04
2025-10-27,7,9,2025-10-27 19:04:00,5,VS第16戦  ムーンライトプリンセス決定戦,4,5193,米丸 乃絵,2,24,47,0,0,0.17,6.63,50,70.54,0,0,0,48.78,73.17,54.05,70.27
2025-10-27,7,9,2025-10-27 19:04:00,5,VS第16戦  ムーンライトプリンセス決定戦,5,5182,宮崎 安奈,3,27,47,0,0,0.17,5.21,33,51,3.39,16.67,22.22,37.84,54.05,43.33,56.67
2025-10-27,7,9,2025-10-27 19:04:00,5,VS第16戦  ムーンライトプリンセス決定戦,6,5334,樫葉 新心,3,21,46,0,0,0.2,3.11,9.89,18.68,0,0,0,11.54,19.23,35.71,46.43
2025-10-27,7,10,2025-10-27 19:36:00,5,VS第16戦  ムーンライトプリンセス決定戦,1,4433,川野 芽唯,1,39,47,0,0,0.18,7.11,55.3,73.48,6.67,45.83,58.33,44.74,71.05,40,62.22
2025-10-27,7,10,2025-10-27 19:36:00,5,VS第16戦  ムーンライトプリンセス決定戦,2,5188,武井 莉里佳,2,25,44.5,0,0,0.19,5.55,36.59,54.47,5.28,33.33,44.44,21.05,50,29.17,45.83
2025-10-27,7,10,2025-10-27 19:36:00,5,VS第16戦  ムーンライトプリンセス決定戦,3,4775,千葉 真弥,3,32,46.5,0,0,0.18,5.93,44,57.33,0,0,0,38.89,50,46.34,63.41
2025-10-27,7,10,2025-10-27 19:36:00,5,VS第16戦  ムーンライトプリンセス決定戦,4,5194,大久保 佑香,3,24,45.5,0,0,0.16,4.53,30.51,37.29,3.56,11.11,33.33,50,68.75,27.78,44.44
2025-10-27,7,10,2025-10-27 19:36:00,5,VS第16戦  ムーンライトプリンセス決定戦,5,4819,蜂須 瑞生,3,34,46.5,1,0,0.16,5.92,43.3,61.86,4.72,22.22,44.44,18.52,37.04,34.78,56.52
2025-10-27,7,10,2025-10-27 19:36:00,5,VS第16戦  ムーンライトプリンセス決定戦,6,4225,土屋 千明,1,43,46,1,0,0.17,6.25,43.68,66.67,5.72,37.93,58.62,27.78,33.33,31.58,50
2025-10-27,7,11,2025-10-27 20:07:00,5,VS第16戦  ムーンライトプリンセス決定戦,1,4387,平山 智加,1,40,46.5,0,0,0.16,7.06,49.54,71.56,6.88,48,64,35.9,56.41,39.02,58.54
2025-10-27,7,11,2025-10-27 20:07:00,5,VS第16戦  ムーンライトプリンセス決定戦,2,4642,松尾 夏海,1,33,47,0,0,0.15,6.7,49.02,65.69,7.14,57.14,85.71,9.09,18.18,4.35,8.7
2025-10-27,7,11,2025-10-27 20:07:00,5,VS第16戦  ムーンライトプリンセス決定戦,3,5205,刑部 亜里紗,2,28,48,1,0,0.17,6.12,43.81,59.05,5.82,42.11,52.63,10.71,39.29,50,63.89
2025-10-27,7,11,2025-10-27 20:07:00,5,VS第16戦  ムーンライトプリンセス決定戦,4,4014,片岡 恵里,2,45,48.1,0,0,0.19,5.69,38.18,59.09,3.43,0,28.57,32.35,41.18,14.81,33.33
2025-10-27,7,11,2025-10-27 20:07:00,5,VS第16戦  ムーンライトプリンセス決定戦,5,5013,山下 夏鈴,3,28,45.5,1,0,0.16,5.07,29.21,50.56,4.53,28.89,40,53.57,71.43,25.64,41.03
2025-10-27,7,11,2025-10-27 20:07:00,5,VS第16戦  ムーンライトプリンセス決定戦,6,5045,平川 香織,3,25,47,1,0,0.18,5.69,37.08,59.55,5.59,34.69,59.18,20,40,44.44,59.26
2025-10-27,7,12,2025-10-27 20:38:00,5,VS第16戦  ムーンライトプリンセス決定戦,1,4502,遠藤 エミ,1,37,45,0,0,0.14,7.49,48.21,67.86,9.08,69.23,92.31,56.41,79.49,36,48
2025-10-27,7,12,2025-10-27 20:38:00,5,VS第16戦  ムーンライトプリンセス決定戦,2,4190,長嶋 万記,1,44,48.2,0,0,0.16,6.1,41.82,59.09,6.05,43.33,58.33,14.29,25.71,27.59,34.48
2025-10-27,7,12,2025-10-27 20:38:00,5,VS第16戦  ムーンライトプリンセス決定戦,3,4183,宇野 弥生,2,39,47.6,1,0,0.13,5.78,42.98,55.37,6.4,49.45,58.24,26.83,39.02,39.39,60.61
2025-10-27,7,12,2025-10-27 20:38:00,5,VS第16戦  ムーンライトプリンセス決定戦,4,4773,中川 りな,2,32,49.3,0,0,0.18,5.44,34.31,51.82,0,0,0,34.48,51.72,25.71,48.57
2025-10-27,7,12,2025-10-27 20:38:00,5,VS第16戦  ムーンライトプリンセス決定戦,5,4123,細川 裕子,1,43,47,1,0,0.18,6.9,52.78,72.22,7.08,57.58,74.24,36.11,61.11,50,73.68
2025-10-27,7,12,2025-10-27 20:38:00,5,VS第16戦  ムーンライトプリンセス決定戦,6,4678,水野 望美,3,36,46.5,0,0,0.17,5.08,28.38,45.95,4.99,28.89,44.44,39.02,56.1,34.15,48.78
2025-10-27,8,1,2025-10-27 10:26:00,5,第39回半田大賞,1,3740,大澤 普司,1,51,55.3,1,0,0.17,6.52,49.43,68.97,7,57.14,78.57,33.61,51.68,46.91,67.9
2025-10-27,8,1,2025-10-27 10:26:00,5,第39回半田大賞,2,4252,松下 哲也,3,42,51.5,0,0,0.18,4.54,24.24,41.41,5.15,40,45,47.03,61.02,40,57.14
2025-10-27,8,1,2025-10-27 10:26:00,5,第39回半田大賞,3,4327,加藤 翔,3,42,52,0,0,0.2,4.21,19.81,33.96,4.52,14.81,51.85,33.04,51.1,28.36,44.78
2025-10-27,8,1,2025-10-27 10:26:00,5,第39回半田大賞,4,3176,長谷川 巌,3,61,52,0,0,0.17,4.5,22,38,4.35,16.28,34.88,32.05,53.85,36.49,48.65
2025-10-27,8,1,2025-10-27 10:26:00,5,第39回半田大賞,5,4093,吉田 宗弘,3,44,51,0,0,0.22,4.16,20.21,31.91,5.85,38.46,61.54,40.16,56.97,39.73,54.79
2025-10-27,8,1,2025-10-27 10:26:00,5,第39回半田大賞,6,5304,井田 涼介,4,22,58.7,0,0,0.24,1.67,4.55,4.55,1.17,0,0,39.74,55.46,27.94,42.65
2025-10-27,8,2,2025-10-27 10:55:00,5,第39回半田大賞,1,4193,郷原 章平,2,44,52,1,0,0.16,6.3,51,63,7.33,53.33,80,43.25,61.9,14.75,22.95
2025-10-27,8,2,2025-10-27 10:55:00,5,第39回半田大賞,2,4836,大谷 健太,3,36,52,0,0,0.17,3.8,21.57,23.53,6.05,45,60,29.81,51.44,30.43,52.17
2025-10-27,8,2,2025-10-27 10:55:00,5,第39回半田大賞,3,5100,栗原 一馬,4,29,55.1,0,0,0.2,3.94,21.25,35,3.63,21.05,21.05,35.8,58.02,42.47,54.79
2025-10-27,8,2,2025-10-27 10:55:00,5,第39回半田大賞,4,5273,山下 拓巳,3,24,52,0,0,0.18,4.25,28.16,36.89,3.6,20,33.33,34.32,47.88,41.33,61.33
2025-10-27,8,2,2025-10-27 10:55:00,5,第39回半田大賞,5,3024,西島 義則,1,63,52.3,0,0,0.16,7.01,60.38,68.87,6.82,60.61,72.73,33.02,54.42,37.66,48.05
2025-10-27,8,2,2025-10-27 10:55:00,5,第39回半田大賞,6,4468,大池 佑来,1,38,51.5,0,0,0.14,7.67,62.39,74.31,7.28,52,76,35.56,51.88,30.43,46.38
2025-10-27,8,3,2025-10-27 11:22:00,5,第39回半田大賞,1,4081,樋口 範政,3,46,56.1,0,0,0.19,3.91,20.45,30.68,5.22,28.26,50,34.6,51.05,39.02,54.88
2025-10-27,8,3,2025-10-27 11:22:00,5,第39回半田大賞,2,3910,松下 知幸,3,52,52,0,0,0.17,4.21,23.85,32.11,4.33,16.67,41.67,27.72,41.58,34.67,54.67
2025-10-27,8,3,2025-10-27 11:22:00,5,第39回半田大賞,3,3304,烏野 賢太,1,57,52,1,0,0.17,5.73,39.6,52.48,6.44,50,66.67,32.11,48.62,31.03,43.1
2025-10-27,8,3,2025-10-27 11:22:00,5,第39回半田大賞,4,4895,門間 雄大,3,34,52.7,0,0,0.16,4.88,23.48,46.96,4.85,20,45,28.04,42.06,33.8,53.52
2025-10-27,8,3,2025-10-27 11:22:00,5,第39回半田大賞,5,5316,村松 将平,3,24,52,0,0,0.17,4.17,20,35.45,2.59,4.55,18.18,40.17,55.13,25.35,38.03
2025-10-27,8,3,2025-10-27 11:22:00,5,第39回半田大賞,6,3837,秋山 広一,2,50,52.5,1,0,0.15,6.12,42.45,64.15,5.67,42.86,61.9,38.36,57.76,41.89,58.11
2025-10-27,8,4,2025-10-27 11:49:00,5,第39回半田大賞,1,3905,天野 友和,2,48,52,0,0,0.16,6.1,44,62.4,5.82,37.5,59.09,31.51,45.66,45,61.25
2025-10-27,8,4,2025-10-27 11:49:00,5,第39回半田大賞,2,3546,中里 昌志,3,56,52,1,0,0.18,3.98,21.59,29.55,4.25,20.83,33.33,40.87,58.7,31.75,44.44
2025-10-27,8,4,2025-10-27 11:49:00,5,第39回半田大賞,3,4097,貫地谷 直人,3,43,55.7,0,0,0.21,3.95,14.77,29.55,4.29,28.57,42.86,36.78,53.31,47.06,64.71
2025-10-27,8,4,2025-10-27 11:49:00,5,第39回半田大賞,4,3951,石川 吉鎬,2,49,55.9,0,0,0.18,5.95,40,60,5.18,32.35,58.82,32.17,48.7,36,48
2025-10-27,8,4,2025-10-27 11:49:00,5,第39回半田大賞,5,3459,中野 和裕,3,58,53.3,1,0,0.16,3.67,19.32,27.27,3.31,15.38,19.23,33.93,49.11,33.77,57.14
2025-10-27,8,4,2025-10-27 11:49:00,5,第39回半田大賞,6,5121,定松 勇樹,1,24,52,1,0,0.14,6.73,50.5,60.4,6.38,37.5,50,33.62,52.77,24.24,45.45
2025-10-27,8,5,2025-10-27 12:21:00,5,第39回半田大賞,1,4732,堀本 和也,1,36,53,0,0,0.12,6.19,46.51,60.47,6.85,51.85,70.37,34.44,48.96,40.58,59.42
2025-10-27,8,5,2025-10-27 12:21:00,5,第39回半田大賞,2,4731,間野 兼礼,3,36,52.9,0,0,0.15,5.1,26.88,51.61,4.58,17.54,43.86,29.77,44.19,30.65,41.94
2025-10-27,8,5,2025-10-27 12:21:00,5,第39回半田大賞,3,5166,仲道 大輔,2,25,52,0,0,0.17,6.22,40.52,67.24,5.33,34.02,49.48,36.75,52.99,32.65,59.18
2025-10-27,8,5,2025-10-27 12:21:00,5,第39回半田大賞,4,3974,深山 祐二,3,49,52.3,0,0,0.16,4.11,20,33.75,3.29,0,28.57,38.61,55.98,27.14,41.43
2025-10-27,8,5,2025-10-27 12:21:00,5,第39回半田大賞,5,4111,奥田 誠,3,45,54.9,0,0,0.18,4.61,27.27,41.82,5.05,38.1,47.62,29.05,45.71,35.14,58.11
2025-10-27,8,5,2025-10-27 12:21:00,5,第39回半田大賞,6,4252,松下 哲也,3,42,51.5,0,0,0.18,4.54,24.24,41.41,5.15,40,45,47.03,61.02,40,57.14
2025-10-27,8,6,2025-10-27 12:49:00,5,第39回半田大賞,1,4908,上田 龍星,1,30,52,0,0,0.15,7.36,61.98,77.69,6.4,40,64,29.96,46.26,37.68,56.52
2025-10-27,8,6,2025-10-27 12:49:00,5,第39回半田大賞,2,4093,吉田 宗弘,3,44,51,0,0,0.22,4.16,20.21,31.91,5.85,38.46,61.54,40.16,56.97,39.73,54.79
2025-10-27,8,6,2025-10-27 12:49:00,5,第39回半田大賞,3,4406,幸野 史明,3,40,52,0,0,0.16,4.25,25.24,37.86,4.67,22.22,55.56,40.18,60.71,2.5,15
2025-10-27,8,6,2025-10-27 12:49:00,5,第39回半田大賞,4,4906,鈴木 雅希,2,30,52.4,0,0,0.16,5.31,32.82,55.73,5.71,35.56,60,37.16,52.49,43.66,50.7
2025-10-27,8,6,2025-10-27 12:49:00,5,第39回半田大賞,5,5304,井田 涼介,4,22,58.7,0,0,0.24,1.67,4.55,4.55,1.17,0,0,39.74,55.46,27.94,42.65
2025-10-27,8,6,2025-10-27 12:49:00,5,第39回半田大賞,6,5273,山下 拓巳,3,24,52,0,0,0.18,4.25,28.16,36.89,3.6,20,33.33,34.32,47.88,41.33,61.33
2025-10-27,8,7,2025-10-27 13:20:00,5,第39回半田大賞,1,5100,栗原 一馬,4,29,55.1,0,0,0.2,3.94,21.25,35,3.63,21.05,21.05,35.8,58.02,42.47,54.79
2025-10-27,8,7,2025-10-27 13:20:00,5,第39回半田大賞,2,4057,松井 賢治,2,46,52,0,0,0.16,5.87,38.89,59.52,6,47.83,60.87,39.91,56.22,32.86,48.57
2025-10-27,8,7,2025-10-27 13:20:00,5,第39回半田大賞,3,4895,門間 雄大,3,34,52.7,0,0,0.16,4.88,23.48,46.96,4.85,20,45,28.04,42.06,33.8,53.52
2025-10-27,8,7,2025-10-27 13:20:00,5,第39回半田大賞,4,3910,松下 知幸,3,52,52,0,0,0.17,4.21,23.85,32.11,4.33,16.67,41.67,27.72,41.58,34.67,54.67
2025-10-27,8,7,2025-10-27 13:20:00,5,第39回半田大賞,5,4836,大谷 健太,3,36,52,0,0,0.17,3.8,21.57,23.53,6.05,45,60,29.81,51.44,30.43,52.17
2025-10-27,8,7,2025-10-27 13:20:00,5,第39回半田大賞,6,4337,平本 真之,1,41,53.2,1,0,0.12,7.1,49.64,61.15,7.62,60.49,75.31,27.36,42.79,27.69,50.77
2025-10-27,8,8,2025-10-27 13:48:00,5,第39回半田大賞,1,4205,山口 剛,1,43,53.2,1,0,0.12,7.11,47.83,62.61,7.42,51.52,69.7,34.33,48.93,38.36,61.64
2025-10-27,8,8,2025-10-27 13:48:00,5,第39回半田大賞,2,3459,中野 和裕,3,58,53.3,1,0,0.16,3.67,19.32,27.27,3.31,15.38,19.23,33.93,49.11,33.77,57.14
2025-10-27,8,8,2025-10-27 13:48:00,5,第39回半田大賞,3,4539,金子 賢志,1,35,52.4,1,0,0.13,6.46,50,65.74,5.73,43.33,56.67,41.67,53.17,19.12,41.18
2025-10-27,8,8,2025-10-27 13:48:00,5,第39回半田大賞,4,5083,柳瀬 幹太,3,26,52.9,1,0,0.15,4.92,26.58,46.84,6,57.14,71.43,40.17,56.41,22.03,30.51
2025-10-27,8,8,2025-10-27 13:48:00,5,第39回半田大賞,5,5341,山道 諄也,4,24,55,1,0,0.26,1.62,1.28,1.28,1.41,0,0,27.56,48.44,34.72,48.61
2025-10-27,8,8,2025-10-27 13:48:00,5,第39回半田大賞,6,3831,安藤 裕貴,3,51,52.1,1,0,0.16,4.72,29.41,40,4.61,30.51,38.98,47.18,70.56,37.5,53.13
2025-10-27,8,9,2025-10-27 14:18:00,5,第39回半田大賞,1,3992,関口 智久,2,46,52.8,1,0,0.15,4.79,20.83,44.79,5.83,34.78,65.22,34.32,52.97,24.64,37.68
2025-10-27,8,9,2025-10-27 14:18:00,5,第39回半田大賞,2,4835,橋本 明,3,37,54.1,0,0,0.15,4.79,21.37,45.3,3.63,6.25,12.5,35.2,49.6,36.23,49.28
2025-10-27,8,9,2025-10-27 14:18:00,5,第39回半田大賞,3,4081,樋口 範政,3,46,56.1,0,0,0.19,3.91,20.45,30.68,5.22,28.26,50,34.6,51.05,39.02,54.88
2025-10-27,8,9,2025-10-27 14:18:00,5,第39回半田大賞,4,4327,加藤 翔,3,42,52,0,0,0.2,4.21,19.81,33.96,4.52,14.81,51.85,33.04,51.1,28.36,44.78
2025-10-27,8,9,2025-10-27 14:18:00,5,第39回半田大賞,5,4097,貫地谷 直人,3,43,55.7,0,0,0.21,3.95,14.77,29.55,4.29,28.57,42.86,36.78,53.31,47.06,64.71
2025-10-27,8,9,2025-10-27 14:18:00,5,第39回半田大賞,6,5353,草川 壮良,4,21,51.5,0,0,0.19,2.1,3.66,7.32,2.5,0,20,39.32,61.11,44.16,63.64
2025-10-27,8,10,2025-10-27 14:50:00,5,第39回半田大賞,1,5121,定松 勇樹,1,24,52,1,0,0.14,6.73,50.5,60.4,6.38,37.5,50,33.62,52.77,24.24,45.45
2025-10-27,8,10,2025-10-27 14:50:00,5,第39回半田大賞,2,3024,西島 義則,1,63,52.3,0,0,0.16,7.01,60.38,68.87,6.82,60.61,72.73,33.02,54.42,37.66,48.05
2025-10-27,8,10,2025-10-27 14:50:00,5,第39回半田大賞,3,4906,鈴木 雅希,2,30,52.4,0,0,0.16,5.31,32.82,55.73,5.71,35.56,60,37.16,52.49,43.66,50.7
2025-10-27,8,10,2025-10-27 14:50:00,5,第39回半田大賞,4,4731,間野 兼礼,3,36,52.9,0,0,0.15,5.1,26.88,51.61,4.58,17.54,43.86,29.77,44.19,30.65,41.94
2025-10-27,8,10,2025-10-27 14:50:00,5,第39回半田大賞,5,3304,烏野 賢太,1,57,52,1,0,0.17,5.73,39.6,52.48,6.44,50,66.67,32.11,48.62,31.03,43.1
2025-10-27,8,10,2025-10-27 14:50:00,5,第39回半田大賞,6,3546,中里 昌志,3,56,52,1,0,0.18,3.98,21.59,29.55,4.25,20.83,33.33,40.87,58.7,31.75,44.44
2025-10-27,8,11,2025-10-27 15:26:00,5,第39回半田大賞,1,4337,平本 真之,1,41,53.2,1,0,0.12,7.1,49.64,61.15,7.62,60.49,75.31,27.36,42.79,31.33,45.78
2025-10-27,8,11,2025-10-27 15:26:00,5,第39回半田大賞,2,4732,堀本 和也,1,36,53,0,0,0.12,6.19,46.51,60.47,6.85,51.85,70.37,34.44,48.96,40.58,59.42
2025-10-27,8,11,2025-10-27 15:26:00,5,第39回半田大賞,3,3837,秋山 広一,2,50,52.5,1,0,0.15,6.12,42.45,64.15,5.67,42.86,61.9,38.36,57.76,41.89,58.11
2025-10-27,8,11,2025-10-27 15:26:00,5,第39回半田大賞,4,4193,郷原 章平,2,44,52,1,0,0.16,6.3,51,63,7.33,53.33,80,43.25,61.9,14.75,22.95
2025-10-27,8,11,2025-10-27 15:26:00,5,第39回半田大賞,5,3951,石川 吉鎬,2,49,55.9,0,0,0.18,5.95,40,60,5.18,32.35,58.82,32.17,48.7,36,48
2025-10-27,8,11,2025-10-27 15:26:00,5,第39回半田大賞,6,5166,仲道 大輔,2,25,52,0,0,0.17,6.22,40.52,67.24,5.33,34.02,49.48,36.75,52.99,32.65,59.18
2025-10-27,8,12,2025-10-27 16:06:00,5,第39回半田大賞,1,4468,大池 佑来,1,38,51.5,0,0,0.14,7.67,62.39,74.31,7.28,52,76,35.56,51.88,30.43,46.38
2025-10-27,8,12,2025-10-27 16:06:00,5,第39回半田大賞,2,4205,山口 剛,1,43,52.8,1,0,0.12,7.11,47.83,62.61,7.42,51.52,69.7,34.33,48.93,38.36,61.64
2025-10-27,8,12,2025-10-27 16:06:00,5,第39回半田大賞,3,4908,上田 龍星,1,30,52,0,0,0.15,7.36,61.98,77.69,6.4,40,64,29.96,46.26,37.68,56.52
2025-10-27,8,12,2025-10-27 16:06:00,5,第39回半田大賞,4,4539,金子 賢志,1,35,52.4,1,0,0.13,6.46,50,65.74,5.73,43.33,56.67,41.67,53.17,19.12,41.18
2025-10-27,8,12,2025-10-27 16:06:00,5,第39回半田大賞,5,3740,大澤 普司,1,51,55.3,1,0,0.17,6.52,49.43,68.97,7,57.14,78.57,33.61,51.68,46.91,67.9
2025-10-27,8,12,2025-10-27 16:06:00,5,第39回半田大賞,6,3905,天野 友和,2,48,52,0,0,0.16,6.1,44,62.4,5.82,37.5,59.09,31.51,45.66,45,61.25
2025-10-27,11,1,2025-10-27 10:30:00,5,近江牛専門店松喜屋牛王杯,1,4962,畑 竜生,2,29,52,1,0,0.18,5.85,38.38,58.59,4.22,33.33,33.33,29.25,39.62,35.66,53.49
2025-10-27,11,1,2025-10-27 10:30:00,5,近江牛専門店松喜屋牛王杯,2,3070,山室 展弘,4,64,51.5,0,0,0.15,4.98,29.23,46.15,5.69,38.46,53.85,23.71,35.05,44.09,66.93
2025-10-27,11,1,2025-10-27 10:30:00,5,近江牛専門店松喜屋牛王杯,3,5053,山口 広樹,2,29,53.6,1,0,0.17,4.95,33,48,4.7,30,30,36.62,54.93,40.58,54.35
2025-10-27,11,1,2025-10-27 10:30:00,5,近江牛専門店松喜屋牛王杯,4,4511,中岡 健人,4,36,56.5,0,0,0.19,4.21,24.51,36.27,4.14,14.29,42.86,37.4,52.67,38.17,54.96
2025-10-27,11,1,2025-10-27 10:30:00,5,近江牛専門店松喜屋牛王杯,5,4380,鈴木 峻佑,3,41,53,0,0,0.17,4.45,25.44,38.6,3.97,25,30.56,21.5,41.12,36.36,50
2025-10-27,11,1,2025-10-27 10:30:00,5,近江牛専門店松喜屋牛王杯,6,5048,眞鳥 康太,3,31,54.8,0,0,0.19,4.58,23.96,42.71,4.4,20,40,35.81,54.73,22.69,37.82
2025-10-27,11,2,2025-10-27 10:57:00,5,近江牛専門店松喜屋牛王杯,1,5057,上田 紗奈,3,29,46,0,0,0.16,4.82,26.51,45.78,5.95,42.11,42.11,46.75,62.99,31.71,53.66
2025-10-27,11,2,2025-10-27 10:57:00,5,近江牛専門店松喜屋牛王杯,2,3718,伊達 正利,3,50,54.7,0,0,0.19,4.3,23.53,35.29,4,18.92,32.43,44.44,67.41,38.46,57.69
2025-10-27,11,2,2025-10-27 10:57:00,5,近江牛専門店松喜屋牛王杯,3,4040,廣瀬 将亨,2,46,56.3,0,0,0.14,6.13,42.96,64.08,6.04,42.86,55.36,26.4,42.4,32.82,49.62
2025-10-27,11,2,2025-10-27 10:57:00,5,近江牛専門店松喜屋牛王杯,4,4560,庄司 樹良々,1,34,52.8,1,0,0.14,5.67,38.54,53.13,6.24,41.46,63.41,34.11,51.16,39.86,60.14
2025-10-27,11,2,2025-10-27 10:57:00,5,近江牛専門店松喜屋牛王杯,5,5310,土屋 蘭,3,20,47,0,0,0.22,3.78,13.51,29.73,1.43,0,0,34.27,53.85,35.88,45.04
2025-10-27,11,2,2025-10-27 10:57:00,5,近江牛専門店松喜屋牛王杯,6,3606,川北 浩貴,2,53,52,1,0,0.18,5.18,32.46,49.12,6.09,42.39,61.96,34.75,46.61,47.92,64.58
2025-10-27,11,3,2025-10-27 11:28:00,5,近江牛専門店松喜屋牛王杯,1,3641,一瀬 明,2,54,52,0,0,0.15,5.82,41.07,59.82,0,0,0,19.8,33.66,24.8,40.8
2025-10-27,11,3,2025-10-27 11:28:00,5,近江牛専門店松喜屋牛王杯,2,5258,仲本 舜,3,20,52.9,0,0,0.18,4.36,24.71,32.94,0,0,0,25,42.74,37.88,50.76
2025-10-27,11,3,2025-10-27 11:28:00,5,近江牛専門店松喜屋牛王杯,3,4992,廣瀬 篤哉,3,28,55.7,0,0,0.17,3.92,19.27,27.52,5.16,35.43,48.03,17,34,37.12,56.82
2025-10-27,11,3,2025-10-27 11:28:00,5,近江牛専門店松喜屋牛王杯,4,5146,野田 彩加,3,22,50,1,0,0.17,4.96,22.06,47.06,4.65,20,40,33.8,56.34,19.64,39.29
2025-10-27,11,3,2025-10-27 11:28:00,5,近江牛専門店松喜屋牛王杯,5,4501,樋口 由加里,2,37,45.5,0,0,0.16,6.06,43.31,62.99,7.1,60,80,29.23,39.23,32.31,46.92
2025-10-27,11,3,2025-10-27 11:28:00,5,近江牛専門店松喜屋牛王杯,6,4713,白神 優,1,35,52.3,0,0,0.15,6.75,49.28,70.29,0,0,0,44.23,63.46,30.4,45.6
2025-10-27,11,4,2025-10-27 11:56:00,5,近江牛専門店松喜屋牛王杯,1,4467,渡邉 俊介,2,39,51,0,0,0.14,6.06,43.1,62.93,5.87,41.94,61.29,30.87,53.02,29.92,42.52
2025-10-27,11,4,2025-10-27 11:56:00,5,近江牛専門店松喜屋牛王杯,2,3895,堀本 裕也,4,49,49.5,0,0,0.18,3.39,16.39,24.59,2.93,11.11,14.81,31.25,42.19,34.43,49.18
2025-10-27,11,4,2025-10-27 11:56:00,5,近江牛専門店松喜屋牛王杯,3,4365,盛本 真輔,3,40,52,0,0,0.19,5.23,34.78,53.91,4.77,29.03,41.94,33.06,45.97,33.08,50
2025-10-27,11,4,2025-10-27 11:56:00,5,近江牛専門店松喜屋牛王杯,4,3716,石渡 鉄兵,1,50,52.7,0,0,0.12,6.42,39.83,56.78,6.31,48.72,51.28,46.63,59.51,30.71,55.12
2025-10-27,11,4,2025-10-27 11:56:00,5,近江牛専門店松喜屋牛王杯,5,3556,田中 信一郎,1,52,53.6,0,0,0.15,6.84,52.94,71.32,6.95,50,81.82,18.75,38.54,36.43,53.49
2025-10-27,11,4,2025-10-27 11:56:00,5,近江牛専門店松喜屋牛王杯,6,5153,佐藤 ほのか,3,29,47,0,0,0.18,4.03,16.36,30.91,4.35,15.38,26.92,42.48,60.78,45.11,63.16
2025-10-27,11,5,2025-10-27 12:24:00,5,近江牛専門店松喜屋牛王杯,1,4108,吉村 正明,4,45,51,0,0,0.14,4.94,29.7,43.56,5.91,36.36,54.55,25.47,38.68,39.06,50.78
2025-10-27,11,5,2025-10-27 12:24:00,5,近江牛専門店松喜屋牛王杯,2,5296,永田 楽,3,23,46.5,0,0,0.21,4.85,31.03,42.24,1.84,8,8,22.76,40.65,29.91,46.15
2025-10-27,11,5,2025-10-27 12:24:00,5,近江牛専門店松喜屋牛王杯,3,4363,大野 芳顕,2,40,53.4,0,0,0.16,5.43,30.6,52.24,6.03,36.67,60,53.85,67.95,22.5,46.67
2025-10-27,11,5,2025-10-27 12:24:00,5,近江牛専門店松喜屋牛王杯,4,4254,川島 圭司,2,42,52,0,0,0.14,6.02,42.06,59.52,6.21,46.63,62.69,40.85,60.56,35.61,55.3
2025-10-27,11,5,2025-10-27 12:24:00,5,近江牛専門店松喜屋牛王杯,5,4024,井口 佳典,1,48,52.5,0,0,0.15,6.95,45.31,58.59,6.91,48.48,60.61,19.57,33.7,33.33,48.84
2025-10-27,11,5,2025-10-27 12:24:00,5,近江牛専門店松喜屋牛王杯,6,3660,長谷川 親王,3,56,58.3,1,0,0.18,3.38,11.36,23.86,3.65,17.65,29.41,37.24,55.86,23.08,39.32
2025-10-27,11,6,2025-10-27 12:52:00,5,近江牛専門店松喜屋牛王杯,1,3710,吉永 泰弘,3,51,52.5,0,0,0.17,4.61,22.77,42.57,5.35,29.41,58.82,41.88,58.75,29.69,48.44
2025-10-27,11,6,2025-10-27 12:52:00,5,近江牛専門店松喜屋牛王杯,2,4226,村田 浩司,3,43,54.7,0,0,0.15,4.81,25.47,49.06,3.67,11.11,33.33,39.26,52.59,35.38,53.85
2025-10-27,11,6,2025-10-27 12:52:00,5,近江牛専門店松喜屋牛王杯,3,5322,根岸 真優,4,23,46,1,0,0.19,1.89,2.7,5.41,1.5,0,5,30.33,53.28,27.48,41.22
2025-10-27,11,6,2025-10-27 12:52:00,5,近江牛専門店松喜屋牛王杯,4,4311,岡村 仁,1,41,52.7,0,0,0.17,6.69,50.96,74.04,6.63,75,75,39.16,54.55,33.06,43.8
2025-10-27,11,6,2025-10-27 12:52:00,5,近江牛専門店松喜屋牛王杯,5,4909,薮内 瑞希,3,30,45,1,0,0.17,5.22,34.88,48.84,4.35,18.18,36.36,21.5,34.58,15.25,33.9
2025-10-27,11,6,2025-10-27 12:52:00,5,近江牛専門店松喜屋牛王杯,6,4571,菅 章哉,1,37,52.1,0,0,0.17,6.9,48.98,56.12,6.46,41.67,58.33,38.62,60.69,32.69,46.15
2025-10-27,11,7,2025-10-27 13:22:00,5,近江牛専門店松喜屋牛王杯,1,4174,赤坂 俊輔,1,43,52.2,0,0,0.15,6.45,45.28,66.04,5.22,22.22,44.44,32.65,47.62,32.81,43.75
2025-10-27,11,7,2025-10-27 13:22:00,5,近江牛専門店松喜屋牛王杯,2,4382,高山 智至,3,41,53.2,0,0,0.17,4.05,19.83,33.88,4.14,16.77,34.19,29.55,43.94,38.81,49.25
2025-10-27,11,7,2025-10-27 13:22:00,5,近江牛専門店松喜屋牛王杯,3,4501,樋口 由加里,2,37,45.5,0,0,0.16,6.06,43.31,62.99,7.1,60,80,29.23,39.23,32.31,46.92
2025-10-27,11,7,2025-10-27 13:22:00,5,近江牛専門店松喜屋牛王杯,4,4180,上野 秀和,3,42,57.8,0,0,0.19,4.75,27.27,43.64,5.46,38.46,53.85,30.48,46.67,25.86,45.69
2025-10-27,11,7,2025-10-27 13:22:00,5,近江牛専門店松喜屋牛王杯,5,3834,細川 明人,3,50,55.3,0,0,0.21,4.33,24.1,42.17,4.63,26.32,36.84,36.97,47.9,42.54,57.46
2025-10-27,11,7,2025-10-27 13:22:00,5,近江牛専門店松喜屋牛王杯,6,4397,西村 拓也,1,38,52,0,0,0.13,6.88,52.17,70.29,6.41,47.06,52.94,35.07,50,33.33,53.49
2025-10-27,11,8,2025-10-27 13:52:00,5,近江牛専門店松喜屋牛王杯,1,4189,川上 剛,2,44,54.9,0,0,0.17,6.05,38.73,60.56,5.85,53.85,61.54,17.81,32.88,33.33,45.74
2025-10-27,11,8,2025-10-27 13:52:00,5,近江牛専門店松喜屋牛王杯,2,4365,盛本 真輔,3,40,52,0,0,0.19,5.23,34.78,53.91,4.77,29.03,41.94,33.06,45.97,33.08,50
2025-10-27,11,8,2025-10-27 13:52:00,5,近江牛専門店松喜屋牛王杯,3,4475,末永 祐輝,1,38,53.6,1,0,0.15,5.89,40.32,58.87,4.86,17.86,32.14,23.81,40.95,35.66,55.81
2025-10-27,11,8,2025-10-27 13:52:00,5,近江牛専門店松喜屋牛王杯,4,4992,廣瀬 篤哉,3,28,55.7,0,0,0.17,3.92,19.27,27.52,5.16,35.43,48.03,17,34,37.12,56.82
2025-10-27,11,8,2025-10-27 13:52:00,5,近江牛専門店松喜屋牛王杯,5,5048,眞鳥 康太,3,31,54.8,0,0,0.19,4.58,23.96,42.71,4.4,20,40,35.81,54.73,22.69,37.82
2025-10-27,11,8,2025-10-27 13:52:00,5,近江牛専門店松喜屋牛王杯,6,4560,庄司 樹良々,1,34,52.8,1,0,0.14,5.67,38.54,53.13,6.24,41.46,63.41,34.11,51.16,39.86,60.14
2025-10-27,11,9,2025-10-27 14:21:00,5,近江牛専門店松喜屋牛王杯,1,4254,川島 圭司,2,42,52,0,0,0.14,6.02,42.06,59.52,6.21,46.63,62.69,40.85,60.56,35.61,55.3
2025-10-27,11,9,2025-10-27 14:21:00,5,近江牛専門店松喜屋牛王杯,2,5210,藤井 公人,3,27,55.9,1,0,0.16,4.24,24.49,34.69,3.2,6.67,20,24.71,35.29,28.69,41.8
2025-10-27,11,9,2025-10-27 14:21:00,5,近江牛専門店松喜屋牛王杯,3,3641,一瀬 明,2,54,52,0,0,0.15,5.82,41.07,59.82,0,0,0,19.8,33.66,24.8,40.8
2025-10-27,11,9,2025-10-27 14:21:00,5,近江牛専門店松喜屋牛王杯,4,3895,堀本 裕也,4,49,49.5,0,0,0.18,3.39,16.39,24.59,2.93,11.11,14.81,31.25,42.19,34.43,49.18
2025-10-27,11,9,2025-10-27 14:21:00,5,近江牛専門店松喜屋牛王杯,5,3070,山室 展弘,4,64,51.5,0,0,0.15,4.98,29.23,46.15,5.69,38.46,53.85,23.71,35.05,44.09,66.93
2025-10-27,11,9,2025-10-27 14:21:00,5,近江牛専門店松喜屋牛王杯,6,4040,廣瀬 将亨,2,46,56.3,0,0,0.14,6.13,42.96,64.08,6.04,42.86,55.36,26.4,42.4,32.82,49.62
2025-10-27,11,10,2025-10-27 15:01:00,5,近江牛専門店松喜屋牛王杯,1,4713,白神 優,1,35,52.3,0,0,0.15,6.75,49.28,70.29,0,0,0,44.23,63.46,30.4,45.6
2025-10-27,11,10,2025-10-27 15:01:00,5,近江牛専門店松喜屋牛王杯,2,3556,田中 信一郎,1,52,53.6,0,0,0.15,6.84,52.94,71.32,6.95,50,81.82,18.75,38.54,36.43,53.49
2025-10-27,11,10,2025-10-27 15:01:00,5,近江牛専門店松喜屋牛王杯,3,4311,岡村 仁,1,41,52.7,0,0,0.17,6.69,50.96,74.04,6.63,75,75,39.16,54.55,33.06,43.8
2025-10-27,11,10,2025-10-27 15:01:00,5,近江牛専門店松喜屋牛王杯,4,5053,山口 広樹,2,29,53.6,1,0,0.17,4.95,33,48,4.7,30,30,36.62,54.93,40.58,54.35
2025-10-27,11,10,2025-10-27 15:01:00,5,近江牛専門店松喜屋牛王杯,5,4108,吉村 正明,4,45,51,0,0,0.14,4.94,29.7,43.56,5.91,36.36,54.55,25.47,38.68,39.06,50.78
2025-10-27,11,10,2025-10-27 15:01:00,5,近江牛専門店松喜屋牛王杯,6,5057,上田 紗奈,3,29,46,0,0,0.16,4.82,26.51,45.78,5.95,42.11,42.11,46.75,62.99,31.71,53.66
2025-10-27,11,11,2025-10-27 15:38:00,5,近江牛専門店松喜屋牛王杯,1,4571,菅 章哉,1,37,52.1,0,0,0.17,6.9,48.98,56.12,6.46,41.67,58.33,38.62,60.69,32.69,46.15
2025-10-27,11,11,2025-10-27 15:38:00,5,近江牛専門店松喜屋牛王杯,2,4397,西村 拓也,1,38,52,0,0,0.13,6.88,52.17,70.29,6.41,47.06,52.94,35.07,50,33.33,53.49
2025-10-27,11,11,2025-10-27 15:38:00,5,近江牛専門店松喜屋牛王杯,3,5146,野田 彩加,3,22,50,1,0,0.17,4.96,22.06,47.06,4.65,20,40,33.8,56.34,19.64,39.29
2025-10-27,11,11,2025-10-27 15:38:00,5,近江牛専門店松喜屋牛王杯,4,4363,大野 芳顕,2,40,53.4,0,0,0.16,5.43,30.6,52.24,6.03,36.67,60,53.85,67.95,22.5,46.67
2025-10-27,11,11,2025-10-27 15:38:00,5,近江牛専門店松喜屋牛王杯,5,4467,渡邉 俊介,2,39,51,0,0,0.14,6.06,43.1,62.93,5.87,41.94,61.29,30.87,53.02,29.92,42.52
2025-10-27,11,11,2025-10-27 15:38:00,5,近江牛専門店松喜屋牛王杯,6,4962,畑 竜生,2,29,52,1,0,0.18,5.85,38.38,58.59,4.22,33.33,33.33,29.25,39.62,35.66,53.49
2025-10-27,11,12,2025-10-27 16:20:00,5,近江牛専門店松喜屋牛王杯,1,3606,川北 浩貴,2,53,52,1,0,0.18,5.18,32.46,49.12,6.09,42.39,61.96,34.75,46.61,47.92,64.58
2025-10-27,11,12,2025-10-27 16:20:00,5,近江牛専門店松喜屋牛王杯,2,4024,井口 佳典,1,48,52.5,0,0,0.15,6.95,45.31,58.59,6.91,48.48,60.61,19.57,33.7,33.33,48.84
2025-10-27,11,12,2025-10-27 16:20:00,5,近江牛専門店松喜屋牛王杯,3,3716,石渡 鉄兵,1,50,52.7,0,0,0.12,6.42,39.83,56.78,6.31,48.72,51.28,46.63,59.51,30.71,55.12
2025-10-27,11,12,2025-10-27 16:20:00,5,近江牛専門店松喜屋牛王杯,4,4475,末永 祐輝,1,38,53.6,1,0,0.15,5.89,40.32,58.87,4.86,17.86,32.14,23.81,40.95,35.66,55.81
2025-10-27,11,12,2025-10-27 16:20:00,5,近江牛専門店松喜屋牛王杯,5,4174,赤坂 俊輔,1,43,52.2,0,0,0.15,6.45,45.28,66.04,5.22,22.22,44.44,32.65,47.62,32.81,43.75
2025-10-27,11,12,2025-10-27 16:20:00,5,近江牛専門店松喜屋牛王杯,6,3710,吉永 泰弘,3,51,52.5,0,0,0.17,4.61,22.77,42.57,5.35,29.41,58.82,41.88,58.75,29.69,48.44
2025-10-27,12,1,2025-10-27 15:28:00,5,スポニチ杯争奪第59回住之江選手権競走,1,4054,福嶋 智之,3,47,52.8,0,0,0.17,4.23,22.99,34.48,5.26,31.58,47.37,25,44.35,37.72,63.16
2025-10-27,12,1,2025-10-27 15:28:00,5,スポニチ杯争奪第59回住之江選手権競走,2,4216,星 栄爾,2,40,53.5,0,0,0.15,5.43,36.36,53.85,4.85,27.27,48.48,28.1,45.45,44.74,59.65
2025-10-27,12,1,2025-10-27 15:28:00,5,スポニチ杯争奪第59回住之江選手権競走,3,4303,牧原 崇,2,42,52,0,0,0.19,5.37,35.04,47.86,4.56,16.67,38.89,37.8,58.27,41.23,57.02
2025-10-27,12,1,2025-10-27 15:28:00,5,スポニチ杯争奪第59回住之江選手権競走,4,3519,冨田 秀幸,3,57,51.5,1,0,0.15,4.7,29.7,40.59,4.56,18.75,43.75,34.65,50.39,34.82,57.14
2025-10-27,12,1,2025-10-27 15:28:00,5,スポニチ杯争奪第59回住之江選手権競走,5,5101,表 健太,4,28,53.3,0,0,,3.85,20.34,33.9,0,0,0,27.56,43.31,40.71,55.75
2025-10-27,12,1,2025-10-27 15:28:00,5,スポニチ杯争奪第59回住之江選手権競走,6,4143,浦田 晃嗣,3,44,54.3,0,0,0.16,4.19,20,35.29,4.44,28,40,28,46.4,36.61,55.36
2025-10-27,12,2,2025-10-27 15:55:00,5,スポニチ杯争奪第59回住之江選手権競走,1,4006,小野 勇作,3,47,51.5,0,0,0.18,4.95,26.14,46.59,4.5,33.33,50,33.86,57.48,24.77,48.62
2025-10-27,12,2,2025-10-27 15:55:00,5,スポニチ杯争奪第59回住之江選手権競走,2,3377,塚田 修二,4,58,54.5,0,0,0.2,3.82,17.72,27.85,4.39,26.09,39.13,44.53,56.25,38.71,53.23
2025-10-27,12,2,2025-10-27 15:55:00,5,スポニチ杯争奪第59回住之江選手権競走,3,4910,中村 泰平,1,29,51.5,0,0,0.18,7.23,57.94,78.57,7.1,55,80,30.16,50.79,26.56,43.75
2025-10-27,12,2,2025-10-27 15:55:00,5,スポニチ杯争奪第59回住之江選手権競走,4,4138,中井 俊祐,3,45,52,0,0,0.18,4.36,22.37,40.79,4.81,27.78,44.44,39.37,50.39,37.84,56.76
2025-10-27,12,2,2025-10-27 15:55:00,5,スポニチ杯争奪第59回住之江選手権競走,5,4137,君島 秀三,1,45,52.6,1,0,0.14,6.74,50.35,71.63,5.77,31.82,63.64,45.31,67.19,36.11,51.85
2025-10-27,12,2,2025-10-27 15:55:00,5,スポニチ杯争奪第59回住之江選手権競走,6,3471,赤峰 和也,3,55,52.4,0,0,0.17,3.86,17.05,29.55,5,14.29,42.86,44.09,56.69,34.23,53.15
2025-10-27,12,3,2025-10-27 16:26:00,5,スポニチ杯争奪第59回住之江選手権競走,1,3918,深井 利寿,2,51,52,1,0,0.16,6.14,39.13,62.61,6.27,41.46,65.85,20.8,29.6,35.65,46.09
2025-10-27,12,3,2025-10-27 16:26:00,5,スポニチ杯争奪第59回住之江選手権競走,2,3662,大庭 元明,2,55,55.3,0,0,0.16,5.13,37.9,50,5.7,40,55,25.6,48,25.78,42.19
2025-10-27,12,3,2025-10-27 16:26:00,5,スポニチ杯争奪第59回住之江選手権競走,3,4133,高橋 正男,2,45,52.4,0,0,0.17,6.3,44.37,66.2,5.15,25.93,51.85,25.41,38.52,39.34,56.56
2025-10-27,12,3,2025-10-27 16:26:00,5,スポニチ杯争奪第59回住之江選手権競走,4,4413,水摩 敦,1,39,52.4,1,0,0.17,5.86,39.81,58.33,6.54,54.17,66.67,33.33,47.97,29.82,45.61
2025-10-27,12,3,2025-10-27 16:26:00,5,スポニチ杯争奪第59回住之江選手権競走,5,4565,西村 豪洋,3,37,52.2,1,0,0.17,4.55,23.71,45.36,3.93,13.33,33.33,30.65,45.97,27.42,41.94
2025-10-27,12,3,2025-10-27 16:26:00,5,スポニチ杯争奪第59回住之江選手権競走,6,3105,内山 文典,3,62,52,0,0,0.17,4.72,26.53,43.88,5.3,40,60,24.6,36.51,31.93,46.22
2025-10-27,12,4,2025-10-27 16:53:00,5,スポニチ杯争奪第59回住之江選手権競走,1,4465,大西 賢,3,39,52,1,0,0.18,3.77,14.29,26.19,4.39,27.78,44.44,30.08,49.59,25.6,40.8
2025-10-27,12,4,2025-10-27 16:53:00,5,スポニチ杯争奪第59回住之江選手権競走,2,5256,中山 翔太,2,21,52,0,0,0.16,6.5,46.9,68.97,6,50,66.67,36.89,56.56,28.1,52.07
2025-10-27,12,4,2025-10-27 16:53:00,5,スポニチ杯争奪第59回住之江選手権競走,3,4752,西尾 亮輔,3,37,51.5,0,0,0.18,4.08,18.18,39.67,3.14,0,14.29,42.86,55.56,22.83,37.8
2025-10-27,12,4,2025-10-27 16:53:00,5,スポニチ杯争奪第59回住之江選手権競走,4,3873,別府 昌樹,2,49,52.8,0,0,0.16,5.94,42.4,61.6,5.82,45.45,54.55,27.64,44.72,36.79,47.17
2025-10-27,12,4,2025-10-27 16:53:00,5,スポニチ杯争奪第59回住之江選手権競走,5,4593,小坂 宗司,2,44,52,1,0,0.18,5.6,33.33,54.05,5.65,39.29,54.76,37.19,52.89,29.79,47.87
2025-10-27,12,4,2025-10-27 16:53:00,5,スポニチ杯争奪第59回住之江選手権競走,6,5396,近藤 来希,4,23,51,0,0,,1.51,1.43,2.86,0,0,0,26.61,45.16,33.91,55.65
2025-10-27,12,5,2025-10-27 17:19:00,5,スポニチ杯争奪第59回住之江選手権競走,1,4588,田中 京介,2,34,53.8,0,0,0.16,6.17,42.45,61.87,0,0,0,20.34,37.29,28.45,42.24
2025-10-27,12,5,2025-10-27 17:19:00,5,スポニチ杯争奪第59回住之江選手権競走,2,5022,伊藤 尚汰,3,30,50,0,0,0.18,4.53,23.33,43.33,4.63,31.58,36.84,30.08,40.65,28.46,43.09
2025-10-27,12,5,2025-10-27 17:19:00,5,スポニチ杯争奪第59回住之江選手権競走,3,4162,竹本 太樹,3,43,53.1,1,0,0.2,3.72,9.84,29.51,5.19,37.5,50,28.8,40,34.48,50.86
2025-10-27,12,5,2025-10-27 17:19:00,5,スポニチ杯争奪第59回住之江選手権競走,4,4360,庄司 孝輔,3,41,52.4,0,0,0.18,4.93,28.91,46.88,4.96,17.39,52.17,37.01,51.18,39.29,58.04
2025-10-27,12,5,2025-10-27 17:19:00,5,スポニチ杯争奪第59回住之江選手権競走,5,4574,東 潤樹,3,37,52.7,0,0,0.19,4.57,24.59,41.8,5.54,34.62,53.85,35.25,49.18,35.34,52.59
2025-10-27,12,5,2025-10-27 17:19:00,5,スポニチ杯争奪第59回住之江選手権競走,6,4075,中野 次郎,1,44,54.6,0,0,0.13,6.48,46.88,57.81,6.68,48,64,34.19,47.86,34.29,47.62
2025-10-27,12,6,2025-10-27 17:46:00,5,スポニチ杯争奪第59回住之江選手権競走,1,3617,竹田 広樹,3,52,52.4,0,0,0.19,3.43,20.59,23.53,3.19,12.5,25,30.08,50.41,19.55,34.59
2025-10-27,12,6,2025-10-27 17:46:00,5,スポニチ杯争奪第59回住之江選手権競走,2,4215,吉島 祥之,2,41,52,0,0,0.15,5.39,33.83,53.38,5.85,40,55,25.4,40.48,23.01,40.71
2025-10-27,12,6,2025-10-27 17:46:00,5,スポニチ杯争奪第59回住之江選手権競走,3,5101,表 健太,4,28,53.3,0,0,,3.85,20.34,33.9,0,0,0,27.56,43.31,40.71,55.75
2025-10-27,12,6,2025-10-27 17:46:00,5,スポニチ杯争奪第59回住之江選手権競走,4,3340,池田 雷太,3,60,52,0,0,0.16,4.31,29.91,35.51,4.82,11.76,47.06,23.2,39.2,42.98,58.77
2025-10-27,12,6,2025-10-27 17:46:00,5,スポニチ杯争奪第59回住之江選手権競走,5,3590,濱野谷 憲吾,1,51,53.4,0,0,0.14,7.08,53.44,70.23,6.71,35.71,35.71,37.01,58.27,34.45,52.1
2025-10-27,12,6,2025-10-27 17:46:00,5,スポニチ杯争奪第59回住之江選手権競走,6,4000,松本 博昭,2,48,55.4,0,0,0.17,5.96,38.69,59.12,6,45,60,38.58,55.12,40.59,54.46
2025-10-27,12,7,2025-10-27 18:13:00,5,スポニチ杯争奪第59回住之江選手権競走,1,4735,角山 雄哉,3,34,52.5,0,0,0.17,4.62,24.75,39.6,3.1,10,20,33.33,51.59,36.94,51.35
2025-10-27,12,7,2025-10-27 18:13:00,5,スポニチ杯争奪第59回住之江選手権競走,2,4413,水摩 敦,1,39,52.4,1,0,0.17,5.86,39.81,58.33,6.54,54.17,66.67,33.33,47.97,29.82,45.61
2025-10-27,12,7,2025-10-27 18:13:00,5,スポニチ杯争奪第59回住之江選手権競走,3,5239,上野 俊樹,2,25,52.2,1,0,0.17,5.16,31.43,51.43,4.33,16.67,33.33,18.9,33.86,29.84,39.52
2025-10-27,12,7,2025-10-27 18:13:00,5,スポニチ杯争奪第59回住之江選手権競走,4,5348,小林 甘寧,4,21,53.2,1,0,0.19,2.55,8.93,14.29,0,0,0,36.29,54.84,33.63,56.64
2025-10-27,12,7,2025-10-27 18:13:00,5,スポニチ杯争奪第59回住之江選手権競走,5,4303,牧原 崇,2,42,52,0,0,0.19,5.37,35.04,47.86,4.56,16.67,38.89,37.8,58.27,41.23,57.02
2025-10-27,12,7,2025-10-27 18:13:00,5,スポニチ杯争奪第59回住之江選手権競走,6,3377,塚田 修二,4,58,54.5,0,0,0.2,3.82,17.72,27.85,4.39,26.09,39.13,44.53,56.25,38.71,53.23
2025-10-27,12,8,2025-10-27 18:43:00,5,スポニチ杯争奪第59回住之江選手権競走,1,4552,杉山 勝匡,2,36,51.5,0,0,0.15,5.05,30.97,47.79,4.78,33.33,44.44,32.26,54.84,38.6,56.14
2025-10-27,12,8,2025-10-27 18:43:00,5,スポニチ杯争奪第59回住之江選手権競走,2,4138,中井 俊祐,3,45,52,0,0,0.18,4.36,22.37,40.79,4.81,27.78,44.44,39.37,50.39,37.84,56.76
2025-10-27,12,8,2025-10-27 18:43:00,5,スポニチ杯争奪第59回住之江選手権競走,3,4911,片岡 大地,3,29,52,1,0,0.13,4.54,19.74,43.42,5.89,39.29,60.71,39.06,52.34,22.5,40.83
2025-10-27,12,8,2025-10-27 18:43:00,5,スポニチ杯争奪第59回住之江選手権競走,4,4734,安河内 将,1,35,52,1,0,0.16,7.01,53.1,70.8,6.69,50,68.75,25.4,42.06,40.91,60
2025-10-27,12,8,2025-10-27 18:43:00,5,スポニチ杯争奪第59回住之江選手権競走,5,3519,冨田 秀幸,3,57,51.5,1,0,0.15,4.7,29.7,40.59,4.56,18.75,43.75,34.65,50.39,34.82,57.14
2025-10-27,12,8,2025-10-27 18:43:00,5,スポニチ杯争奪第59回住之江選手権競走,6,4752,西尾 亮輔,3,37,51.5,0,0,0.18,4.08,18.18,39.67,3.14,0,14.29,42.86,55.56,22.83,37.8
2025-10-27,12,9,2025-10-27 19:14:00,5,スポニチ杯争奪第59回住之江選手権競走,1,4137,君島 秀三,1,45,52.6,1,0,0.14,6.74,50.35,71.63,5.77,31.82,63.64,45.31,67.19,36.11,51.85
2025-10-27,12,9,2025-10-27 19:14:00,5,スポニチ杯争奪第59回住之江選手権競走,2,4653,小野 達哉,1,39,52,0,0,0.16,6.3,50,64.06,6.62,49.15,63.56,28.69,48.36,35.34,49.14
2025-10-27,12,9,2025-10-27 19:14:00,5,スポニチ杯争奪第59回住之江選手権競走,3,5054,佐々木 大河,3,29,52,0,0,0.15,5.8,39.36,58.51,4.5,27.43,41.59,39.37,52.76,32.77,50.42
2025-10-27,12,9,2025-10-27 19:14:00,5,スポニチ杯争奪第59回住之江選手権競走,4,4465,大西 賢,3,39,51.5,1,0,0.18,3.77,14.29,26.19,4.39,27.78,44.44,30.08,49.59,25.6,40.8
2025-10-27,12,9,2025-10-27 19:14:00,5,スポニチ杯争奪第59回住之江選手権競走,5,4216,星 栄爾,2,40,53.4,0,0,0.15,5.43,36.36,53.85,4.85,27.27,48.48,28.1,45.45,44.74,59.65
2025-10-27,12,9,2025-10-27 19:14:00,5,スポニチ杯争奪第59回住之江選手権競走,6,4942,柴田 朋哉,3,35,54.2,0,0,0.16,5.81,32.14,61.9,4.21,13.79,31.03,29.75,46.28,30.95,51.59
2025-10-27,12,10,2025-10-27 19:47:00,5,スポニチ杯争奪第59回住之江選手権競走,1,4910,中村 泰平,1,29,51.5,0,0,0.18,7.23,57.94,78.57,7.1,55,80,30.16,50.79,26.56,43.75
2025-10-27,12,10,2025-10-27 19:47:00,5,スポニチ杯争奪第59回住之江選手権競走,2,3105,内山 文典,3,62,52,0,0,0.17,4.72,26.53,43.88,5.3,40,60,24.6,36.51,31.93,46.22
2025-10-27,12,10,2025-10-27 19:47:00,5,スポニチ杯争奪第59回住之江選手権競走,3,5217,藤原 碧生,1,25,52.1,1,0,0.15,6.83,50,75.44,6.95,57.14,76.19,32.5,47.5,28.91,47.66
2025-10-27,12,10,2025-10-27 19:47:00,5,スポニチ杯争奪第59回住之江選手権競走,4,4588,田中 京介,2,34,53.8,0,0,0.16,6.17,42.45,61.87,0,0,0,20.34,37.29,28.45,42.24
2025-10-27,12,10,2025-10-27 19:47:00,5,スポニチ杯争奪第59回住之江選手権競走,5,3617,竹田 広樹,3,52,52.4,0,0,0.19,3.43,20.59,23.53,3.19,12.5,25,30.08,50.41,19.55,34.59
2025-10-27,12,10,2025-10-27 19:47:00,5,スポニチ杯争奪第59回住之江選手権競走,6,5256,中山 翔太,2,21,52,0,0,0.16,6.5,46.9,68.97,6,50,66.67,36.89,56.56,28.1,52.07
2025-10-27,12,11,2025-10-27 20:16:00,5,スポニチ杯争奪第59回住之江選手権競走,1,4184,渡邊 雄一郎,1,39,52,1,0,0.17,6.48,46.99,67.47,5.68,37.04,55.56,35.48,55.65,36.04,53.15
2025-10-27,12,11,2025-10-27 20:16:00,5,スポニチ杯争奪第59回住之江選手権競走,2,4856,豊田 健士郎,1,29,52,0,0,0.14,6.62,49.32,62.84,7.68,60,80,42.28,55.28,34.4,51.2
2025-10-27,12,11,2025-10-27 20:16:00,5,スポニチ杯争奪第59回住之江選手権競走,3,4574,東 潤樹,3,37,52.7,0,0,0.19,4.57,24.59,41.8,5.54,34.62,53.85,35.25,49.18,35.34,52.59
2025-10-27,12,11,2025-10-27 20:16:00,5,スポニチ杯争奪第59回住之江選手権競走,4,4735,角山 雄哉,3,34,52.5,0,0,0.17,4.62,24.75,39.6,3.1,10,20,33.33,51.59,36.94,51.35
2025-10-27,12,11,2025-10-27 20:16:00,5,スポニチ杯争奪第59回住之江選手権競走,5,3918,深井 利寿,2,51,52,1,0,0.16,6.14,39.13,62.61,6.27,41.46,65.85,20.8,29.6,35.65,46.09
2025-10-27,12,11,2025-10-27 20:16:00,5,スポニチ杯争奪第59回住之江選手権競走,6,4786,佐藤 博亮,1,37,52,0,0,0.14,6.32,45.95,61.26,7.04,60,68,31.97,46.72,27.45,39.22
2025-10-27,12,12,2025-10-27 20:45:00,5,スポニチ杯争奪第59回住之江選手権競走,1,3590,濱野谷 憲吾,1,51,53.4,0,0,0.14,7.08,53.44,70.23,6.71,35.71,35.71,37.01,58.27,34.45,52.1
2025-10-27,12,12,2025-10-27 20:45:00,5,スポニチ杯争奪第59回住之江選手権競走,2,4593,小坂 宗司,2,44,52,1,0,0.18,5.6,33.33,54.05,5.65,39.29,54.76,37.19,52.89,29.79,47.87
2025-10-27,12,12,2025-10-27 20:45:00,5,スポニチ杯争奪第59回住之江選手権競走,3,5022,伊藤 尚汰,3,30,50,0,0,0.18,4.53,23.33,43.33,4.63,31.58,36.84,30.08,40.65,28.46,43.09
2025-10-27,12,12,2025-10-27 20:45:00,5,スポニチ杯争奪第59回住之江選手権競走,4,4133,高橋 正男,2,45,52.4,0,0,0.17,6.3,44.37,66.2,5.15,25.93,51.85,25.41,38.52,39.34,56.56
2025-10-27,12,12,2025-10-27 20:45:00,5,スポニチ杯争奪第59回住之江選手権競走,5,4006,小野 勇作,3,47,51.5,0,0,0.18,4.95,26.14,46.59,4.5,33.33,50,33.86,57.48,24.77,48.62
2025-10-27,12,12,2025-10-27 20:45:00,5,スポニチ杯争奪第59回住之江選手権競走,6,5348,小林 甘寧,4,21,53.2,1,0,0.19,2.55,8.93,14.29,0,0,0,36.29,54.84,33.63,56.64
2025-10-27,14,1,2025-10-27 08:35:00,5,BTSオラレ美馬開設16周年記念競走,1,4366,前沢 丈史,1,40,55.7,0,0,0.15,6.12,42.64,62.02,0,0,0,42.24,61.21,26.19,41.27
2025-10-27,14,1,2025-10-27 08:35:00,5,BTSオラレ美馬開設16周年記念競走,2,5271,杉山 太陽,3,24,52.1,1,0,0.17,3.3,13.11,24.59,2,0,7.14,23.89,43.36,34.86,44.04
2025-10-27,14,1,2025-10-27 08:35:00,5,BTSオラレ美馬開設16周年記念競走,3,4167,片岡 秀樹,3,43,55.1,1,0,0.15,4.07,18.37,34.69,5.34,29.55,53.03,36.21,50,27.68,45.54
2025-10-27,14,1,2025-10-27 08:35:00,5,BTSオラレ美馬開設16周年記念競走,4,4997,濱崎 寿里矢,4,32,49.1,0,0,0.17,3.95,19.3,35.09,0,0,0,23.89,42.48,31.78,50.47
2025-10-27,14,1,2025-10-27 08:35:00,5,BTSオラレ美馬開設16周年記念競走,5,5314,中曽 瑠華,4,25,52.6,1,0,0.2,1.87,0,8.33,0,0,0,21.9,37.14,33.05,48.31
2025-10-27,14,1,2025-10-27 08:35:00,5,BTSオラレ美馬開設16周年記念競走,6,4158,木場 雄二郎,3,44,55.7,0,0,0.19,4.44,29.13,39.81,4.41,17.95,43.59,34.96,53.66,28.18,43.64
2025-10-27,14,2,2025-10-27 09:01:00,5,BTSオラレ美馬開設16周年記念競走,1,4919,吉田 翔悟,3,34,52,0,0,0.14,5.38,34.86,54.13,4.72,28,44,32.03,46.09,31.73,46.15
2025-10-27,14,2,2025-10-27 09:01:00,5,BTSオラレ美馬開設16周年記念競走,2,4826,井上 一輝,1,31,52,0,0,0.14,7.15,55.56,70.14,0,0,0,29.73,46.85,39.82,58.41
2025-10-27,14,2,2025-10-27 09:01:00,5,BTSオラレ美馬開設16周年記念競走,3,3458,東 健介,3,59,54.2,0,0,0.17,4.09,19.79,31.25,4.33,18.18,39.39,32.17,46.09,34.58,52.34
2025-10-27,14,2,2025-10-27 09:01:00,5,BTSオラレ美馬開設16周年記念競走,4,5336,瀬川 大地,4,19,52,0,0,0.22,2.18,3.51,8.77,1.33,0,0,28.57,41.96,31.63,43.88
2025-10-27,14,2,2025-10-27 09:01:00,5,BTSオラレ美馬開設16周年記念競走,5,4377,濱本 優一,2,41,50,0,0,0.17,7.03,58.96,76.87,7.2,66.67,80,33.33,54.47,38.14,60.17
2025-10-27,14,2,2025-10-27 09:01:00,5,BTSオラレ美馬開設16周年記念競走,6,4608,荒井 翔伍,2,36,53,0,0,0.14,6.04,40.77,62.31,7,50,75,38.74,56.76,43.64,61.82
2025-10-27,14,3,2025-10-27 09:27:00,5,BTSオラレ美馬開設16周年記念競走,1,4828,松山 将吾,1,31,51,1,0,0.14,6.42,42.86,66.67,6.81,57.14,76.19,37.5,53.33,33.06,48.76
2025-10-27,14,3,2025-10-27 09:27:00,5,BTSオラレ美馬開設16周年記念競走,2,4299,中島 浩哉,3,42,54.9,1,0,0.14,4.64,24.72,43.82,3.57,0,21.43,27.78,48.15,27.43,41.59
2025-10-27,14,3,2025-10-27 09:27:00,5,BTSオラレ美馬開設16周年記念競走,3,4917,岩橋 裕馬,3,37,52.4,0,0,0.19,4.57,23.76,40.59,4.15,17.95,33.33,24.19,43.55,42.24,55.17
2025-10-27,14,3,2025-10-27 09:27:00,5,BTSオラレ美馬開設16周年記念競走,4,3977,山本 兼士,3,48,52.9,0,0,0.18,4.46,23.15,37.96,4.68,25,40.91,24.3,41.12,37.07,50.86
2025-10-27,14,3,2025-10-27 09:27:00,5,BTSオラレ美馬開設16周年記念競走,5,3752,宇土 泰就,3,54,55.5,0,0,0.16,4.64,25.84,41.57,4.54,21.43,42.86,37.82,64.71,30.91,45.45
2025-10-27,14,3,2025-10-27 09:27:00,5,BTSオラレ美馬開設16周年記念競走,6,4260,中越 博紀,2,41,51.5,0,0,0.17,5.52,38.79,53.45,5.25,29.17,50,30.08,49.59,33.33,49.12
2025-10-27,14,4,2025-10-27 09:53:00,5,BTSオラレ美馬開設16周年記念競走,1,4746,大豆生田 蒼,2,30,47,0,0,0.18,6.36,44.68,62.77,5.11,31.58,52.63,22.52,37.84,44.54,62.18
2025-10-27,14,4,2025-10-27 09:53:00,5,BTSオラレ美馬開設16周年記念競走,2,4892,柴田 直哉,3,35,53.1,0,0,0.17,5.21,31.46,49.44,4.52,28,28,28.83,43.24,32.79,55.74
2025-10-27,14,4,2025-10-27 09:53:00,5,BTSオラレ美馬開設16周年記念競走,3,4144,石塚 久也,1,44,52,1,0,0.16,6.03,44.33,64.95,5.71,42.86,57.14,20.17,35.29,39.64,54.05
2025-10-27,14,4,2025-10-27 09:53:00,5,BTSオラレ美馬開設16周年記念競走,4,4995,田邉 亮蔵,3,34,54,0,0,0.19,4.48,27.59,37.07,1.25,0,0,28.81,50.85,24.17,45
2025-10-27,14,4,2025-10-27 09:53:00,5,BTSオラレ美馬開設16周年記念競走,5,3645,淺田 千亜希,3,53,46.5,0,0,0.13,5.38,28.89,48.89,5.19,38.1,47.62,48.62,58.72,37.82,53.78
2025-10-27,14,4,2025-10-27 09:53:00,5,BTSオラレ美馬開設16周年記念競走,6,4821,妻鳥 晋也,3,33,55.9,0,0,0.19,5.14,30.43,50.43,5.75,38.64,61.36,29.63,50,40.18,54.46
2025-10-27,14,5,2025-10-27 10:20:00,5,BTSオラレ美馬開設16周年記念競走,1,4105,松下 直也,2,46,52.5,0,0,0.18,5.35,34.56,50,5.34,38,54,26.36,44.55,33.64,50.47
2025-10-27,14,5,2025-10-27 10:20:00,5,BTSオラレ美馬開設16周年記念競走,2,4691,水原 慎,3,42,50.5,0,0,0.17,4.78,24.27,48.54,5.04,28.95,46.71,35.04,47.01,28.04,44.86
2025-10-27,14,5,2025-10-27 10:20:00,5,BTSオラレ美馬開設16周年記念競走,3,4823,中村 桃佳,3,32,44.5,0,0,0.15,6.69,46.07,70.79,5.38,37.5,37.5,35.29,55.46,28.04,54.21
2025-10-27,14,5,2025-10-27 10:20:00,5,BTSオラレ美馬開設16周年記念競走,4,5271,杉山 太陽,3,24,52.1,1,0,0.17,3.3,13.11,24.59,2,0,7.14,23.89,43.36,34.86,44.04
2025-10-27,14,5,2025-10-27 10:20:00,5,BTSオラレ美馬開設16周年記念競走,5,5201,村上 宗太郎,3,23,53,2,0,0.2,3.54,16.39,26.23,6.44,66.67,66.67,45.61,62.28,41.53,59.32
2025-10-27,14,5,2025-10-27 10:20:00,5,BTSオラレ美馬開設16周年記念競走,6,5191,飛田 江己,1,24,52,1,0,0.13,6.29,42.02,62.18,6.48,51.72,65.52,45.05,57.66,33.04,44.64
2025-10-27,14,6,2025-10-27 10:50:00,5,BTSオラレ美馬開設16周年記念競走,1,4167,片岡 秀樹,3,43,55.1,1,0,0.15,4.07,18.37,34.69,5.34,29.55,53.03,36.21,50,27.68,45.54
2025-10-27,14,6,2025-10-27 10:50:00,5,BTSオラレ美馬開設16周年記念競走,2,4761,山田 晃大,1,35,52,1,0,0.13,5.69,35.54,58.68,4.69,31.25,43.75,26.96,40.87,28.18,38.18
2025-10-27,14,6,2025-10-27 10:50:00,5,BTSオラレ美馬開設16周年記念競走,3,5350,網代 良芽,3,21,51.5,1,0,0.18,3.19,8.97,23.08,2.36,8,16,27.56,40.16,26.36,49.09
2025-10-27,14,6,2025-10-27 10:50:00,5,BTSオラレ美馬開設16周年記念競走,4,5163,清水 愛海,1,25,46,1,0,0.18,6.36,44.44,61.11,5.61,44.74,60.53,25.45,42.73,34.82,57.14
2025-10-27,14,6,2025-10-27 10:50:00,5,BTSオラレ美馬開設16周年記念競走,5,4318,桑原 将光,2,41,52.2,1,0,0.16,5.07,31.62,48.72,5.18,32.35,50,28.46,53.85,25.62,38.84
2025-10-27,14,6,2025-10-27 10:50:00,5,BTSオラレ美馬開設16周年記念競走,6,3458,東 健介,3,59,54.2,0,0,0.17,4.09,19.79,31.25,4.33,18.18,39.39,32.17,46.09,34.58,52.34
2025-10-27,14,7,2025-10-27 11:21:00,5,BTSオラレ美馬開設16周年記念競走,1,3977,山本 兼士,3,48,52.9,0,0,0.18,4.46,23.15,37.96,4.68,25,40.91,24.3,41.12,37.07,50.86
2025-10-27,14,7,2025-10-27 11:21:00,5,BTSオラレ美馬開設16周年記念競走,2,4556,竹井 奈美,4,36,47,0,0,0.13,6.88,53.85,72.53,0,0,0,26.42,40.57,35.45,53.64
2025-10-27,14,7,2025-10-27 11:21:00,5,BTSオラレ美馬開設16周年記念競走,3,4997,濱崎 寿里矢,4,32,49.1,0,0,0.17,3.95,19.3,35.09,0,0,0,23.89,42.48,31.78,50.47
2025-10-27,14,7,2025-10-27 11:21:00,5,BTSオラレ美馬開設16周年記念競走,4,3775,泉 啓文,3,51,58.5,0,0,0.18,4.12,20.97,32.26,5,33.33,44.44,34.75,52.54,37.72,58.77
2025-10-27,14,7,2025-10-27 11:21:00,5,BTSオラレ美馬開設16周年記念競走,5,4063,市橋 卓士,1,46,53.1,0,0,0.14,6.46,47.55,69.23,6.79,51.72,68.97,33.04,49.57,37.39,52.17
2025-10-27,14,7,2025-10-27 11:21:00,5,BTSオラレ美馬開設16周年記念競走,6,5009,大賀 龍之介,2,28,53.2,1,0,0.15,4.66,31.46,41.57,3.22,11.11,22.22,46,59,29.91,51.28
2025-10-27,14,8,2025-10-27 11:53:00,5,BTSオラレ美馬開設16周年記念競走,1,4917,岩橋 裕馬,3,37,52.4,0,0,0.19,4.57,23.76,40.59,4.15,17.95,33.33,24.19,43.55,42.24,55.17
2025-10-27,14,8,2025-10-27 11:53:00,5,BTSオラレ美馬開設16周年記念競走,2,4530,小野 生奈,1,37,46.5,0,0,0.16,7.58,66.1,76.27,5.27,27.27,36.36,29.82,43.86,38.98,55.93
2025-10-27,14,8,2025-10-27 11:53:00,5,BTSオラレ美馬開設16周年記念競走,3,5333,山下 智己,3,21,52,1,0,0.21,3.52,17,26,3.33,10,20,24.55,43.64,23.77,34.43
2025-10-27,14,8,2025-10-27 11:53:00,5,BTSオラレ美馬開設16周年記念競走,4,3804,中渡 修作,3,51,52.4,0,0,0.18,3.69,14.46,30.12,4,13.64,22.73,35.04,58.12,18.33,33.33
2025-10-27,14,8,2025-10-27 11:53:00,5,BTSオラレ美馬開設16周年記念競走,5,4144,石塚 久也,1,44,52,1,0,0.16,6.03,44.33,64.95,5.71,42.86,57.14,20.17,35.29,39.64,54.05
2025-10-27,14,8,2025-10-27 11:53:00,5,BTSオラレ美馬開設16周年記念競走,6,5314,中曽 瑠華,4,25,52.6,1,0,0.2,1.87,0,8.33,0,0,0,21.9,37.14,33.05,48.31
2025-10-27,14,9,2025-10-27 12:26:00,5,BTSオラレ美馬開設16周年記念競走,1,3752,宇土 泰就,3,54,55.5,0,0,0.16,4.64,25.84,41.57,4.54,21.43,42.86,37.82,64.71,30.91,45.45
2025-10-27,14,9,2025-10-27 12:26:00,5,BTSオラレ美馬開設16周年記念競走,2,5191,飛田 江己,1,24,52,1,0,0.13,6.29,42.02,62.18,6.48,51.72,65.52,45.05,57.66,33.04,44.64
2025-10-27,14,9,2025-10-27 12:26:00,5,BTSオラレ美馬開設16周年記念競走,3,4608,荒井 翔伍,2,36,53,0,0,0.14,6.04,40.77,62.31,7,50,75,38.74,56.76,43.64,61.82
2025-10-27,14,9,2025-10-27 12:26:00,5,BTSオラレ美馬開設16周年記念競走,4,4158,木場 雄二郎,3,44,55.7,0,0,0.19,4.44,29.13,39.81,4.41,17.95,43.59,34.96,53.66,28.18,43.64
2025-10-27,14,9,2025-10-27 12:26:00,5,BTSオラレ美馬開設16周年記念競走,5,3611,岩崎 芳美,2,53,47.6,0,0,0.15,6.1,42.86,58.24,6.65,48.62,66.97,31.15,48.36,36.84,53.51
2025-10-27,14,9,2025-10-27 12:26:00,5,BTSオラレ美馬開設16周年記念競走,6,4892,柴田 直哉,3,35,53.1,0,0,0.17,5.21,31.46,49.44,4.52,28,28,28.83,43.24,32.79,55.74
2025-10-27,14,10,2025-10-27 13:00:00,5,BTSオラレ美馬開設16周年記念競走,1,3645,淺田 千亜希,3,53,46.5,0,0,0.13,5.38,28.89,48.89,5.19,38.1,47.62,48.62,58.72,37.82,53.78
2025-10-27,14,10,2025-10-27 13:00:00,5,BTSオラレ美馬開設16周年記念競走,2,5350,網代 良芽,3,21,51.5,1,0,0.18,3.19,8.97,23.08,2.36,8,16,27.56,40.16,26.36,49.09
2025-10-27,14,10,2025-10-27 13:00:00,5,BTSオラレ美馬開設16周年記念競走,3,4420,津久井 拓也,2,38,52,0,0,0.17,5.79,38.52,56.3,5.68,45.45,50,38.89,58.33,37.96,56.48
2025-10-27,14,10,2025-10-27 13:00:00,5,BTSオラレ美馬開設16周年記念競走,4,4887,富澤 祐作,2,38,52.2,0,0,0.14,4.55,27.97,44.07,5.28,33.33,61.11,36.97,53.78,31.58,46.49
2025-10-27,14,10,2025-10-27 13:00:00,5,BTSオラレ美馬開設16周年記念競走,5,4828,松山 将吾,1,31,51,1,0,0.14,6.42,42.86,66.67,6.81,57.14,76.19,37.5,53.33,33.06,48.76
2025-10-27,14,10,2025-10-27 13:00:00,5,BTSオラレ美馬開設16周年記念競走,6,5201,村上 宗太郎,3,23,53,2,0,0.2,3.54,16.39,26.23,6.44,66.67,66.67,45.61,62.28,41.53,59.32
2025-10-27,14,11,2025-10-27 13:35:00,5,BTSオラレ美馬開設16周年記念競走,1,4318,桑原 将光,2,41,52.2,1,0,0.16,5.07,31.62,48.72,5.18,32.35,50,28.46,53.85,25.62,38.84
2025-10-27,14,11,2025-10-27 13:35:00,5,BTSオラレ美馬開設16周年記念競走,2,4260,中越 博紀,2,41,51.5,0,0,0.17,5.52,38.79,53.45,5.25,29.17,50,30.08,49.59,33.33,49.12
2025-10-27,14,11,2025-10-27 13:35:00,5,BTSオラレ美馬開設16周年記念競走,3,4821,妻鳥 晋也,3,33,55.6,0,0,0.19,5.14,30.43,50.43,5.75,38.64,61.36,29.63,50,40.18,54.46
2025-10-27,14,11,2025-10-27 13:35:00,5,BTSオラレ美馬開設16周年記念競走,4,4826,井上 一輝,1,31,52,0,0,0.14,7.15,55.56,70.14,0,0,0,29.73,46.85,39.82,58.41
2025-10-27,14,11,2025-10-27 13:35:00,5,BTSオラレ美馬開設16周年記念競走,5,3300,川崎 智幸,2,58,52.5,1,0,0.14,6.2,46.61,60.17,5.31,37.93,51.72,44.74,67.54,33.33,48.72
2025-10-27,14,11,2025-10-27 13:35:00,5,BTSオラレ美馬開設16周年記念競走,6,4654,篠田 優也,1,39,53.4,1,0,0.14,6.18,46,63,4.64,21.43,57.14,37.19,50.41,27.03,46.85
2025-10-27,14,12,2025-10-27 14:13:00,5,BTSオラレ美馬開設16周年記念競走,1,4530,小野 生奈,1,37,46.5,0,0,0.16,7.58,66.1,76.27,5.27,27.27,36.36,29.82,43.86,38.98,55.93
2025-10-27,14,12,2025-10-27 14:13:00,5,BTSオラレ美馬開設16周年記念競走,2,5009,大賀 龍之介,2,28,53.2,1,0,0.15,4.66,31.46,41.57,3.22,11.11,22.22,46,59,29.91,51.28
2025-10-27,14,12,2025-10-27 14:13:00,5,BTSオラレ美馬開設16周年記念競走,3,4377,濱本 優一,2,41,50,0,0,0.17,7.03,58.96,76.87,7.2,66.67,80,33.33,54.47,38.14,60.17
2025-10-27,14,12,2025-10-27 14:13:00,5,BTSオラレ美馬開設16周年記念競走,4,4366,前沢 丈史,1,40,55.7,0,0,0.15,6.12,42.64,62.02,0,0,0,42.24,61.21,26.19,41.27
2025-10-27,14,12,2025-10-27 14:13:00,5,BTSオラレ美馬開設16周年記念競走,5,4105,松下 直也,2,46,52.5,0,0,0.18,5.35,34.56,50,5.34,38,54,26.36,44.55,33.64,50.47
2025-10-27,14,12,2025-10-27 14:13:00,5,BTSオラレ美馬開設16周年記念競走,6,4761,山田 晃大,1,35,52,1,0,0.13,5.69,35.54,58.68,4.69,31.25,43.75,26.96,40.87,28.18,38.18
2025-10-27,21,1,2025-10-27 08:47:00,5,BTSオラレ日南開設14周年記念,1,4015,前野 竜一,2,45,57.5,0,0,0.16,5.7,34.69,58.16,6.5,46.88,65.63,37.84,50.45,34.86,49.54
2025-10-27,21,1,2025-10-27 08:47:00,5,BTSオラレ日南開設14周年記念,2,4139,丹下 健,3,44,52.9,1,0,0.16,4.33,25,38.04,4.44,31.25,37.5,39.6,56.44,23.23,39.39
2025-10-27,21,1,2025-10-27 08:47:00,5,BTSオラレ日南開設14周年記念,3,3444,香月 大介,3,56,53.7,2,0,0.15,3.57,16.42,28.36,3.51,17.02,19.15,43.12,60.55,32.98,47.87
2025-10-27,21,1,2025-10-27 08:47:00,5,BTSオラレ日南開設14周年記念,4,5309,森 雄利,4,21,52,0,0,0.18,1.61,0,0,1.41,0,2.27,33.33,50,35.09,57.02
2025-10-27,21,1,2025-10-27 08:47:00,5,BTSオラレ日南開設14周年記念,5,4623,中北 将史,3,40,52.7,0,0,0.18,5.16,30.39,48.04,5.3,20,50,27.35,46.15,32.04,52.43
2025-10-27,21,1,2025-10-27 08:47:00,5,BTSオラレ日南開設14周年記念,6,5398,鐘ヶ江 真司,4,23,52,0,0,,2.53,3.53,15.29,3.67,11.11,33.33,26.45,42.98,36.36,47.27
2025-10-27,21,2,2025-10-27 09:13:00,5,BTSオラレ日南開設14周年記念,1,4336,松田 竜馬,2,41,52.8,0,0,0.15,5.14,30.22,48.92,4.92,26,44,20,32.17,33.33,47.75
2025-10-27,21,2,2025-10-27 09:13:00,5,BTSオラレ日南開設14周年記念,2,3934,鋤柄 貴俊,3,48,52.2,0,0,0.16,4.93,26.32,49.47,5.32,31.58,57.89,38.95,49.47,37.17,50.44
2025-10-27,21,2,2025-10-27 09:13:00,5,BTSオラレ日南開設14周年記念,3,4405,南野 利騰,3,40,53.5,0,0,0.18,4.74,24.74,41.24,4.29,21.43,42.86,52.04,73.47,38.33,53.33
2025-10-27,21,2,2025-10-27 09:13:00,5,BTSオラレ日南開設14周年記念,4,4072,森永 淳,1,44,52,0,0,0.14,6.59,55.38,66.92,6.53,49.06,56.6,29.03,52.42,23.76,42.57
2025-10-27,21,2,2025-10-27 09:13:00,5,BTSオラレ日南開設14周年記念,5,5318,河内 一馬,3,24,52.9,1,0,0.19,2.34,2.74,6.85,0,0,0,26.47,38.24,19.8,38.61
2025-10-27,21,2,2025-10-27 09:13:00,5,BTSオラレ日南開設14周年記念,6,3851,森田 昭彦,3,53,55.1,1,0,0.19,3.6,16.42,26.87,4.12,23.53,33.33,23.64,43.64,26.53,47.96
2025-10-27,21,3,2025-10-27 09:39:00,5,BTSオラレ日南開設14周年記念,1,4796,春園 功太,2,34,51,0,0,0.15,6.22,43.2,60.8,5.71,41.67,58.33,28.95,45.61,30.48,51.43
2025-10-27,21,3,2025-10-27 09:39:00,5,BTSオラレ日南開設14周年記念,2,3870,寺嶋 雄,3,49,52,0,0,0.17,4.4,22.86,40,4.38,25,37.5,28.57,47.32,41.27,58.73
2025-10-27,21,3,2025-10-27 09:39:00,5,BTSオラレ日南開設14周年記念,3,4263,武重 雄介,1,41,53.8,0,0,0.16,5.8,41.18,52.94,6.35,57.69,65.38,37.1,50,23.4,43.62
2025-10-27,21,3,2025-10-27 09:39:00,5,BTSオラレ日南開設14周年記念,4,3614,谷 勝幸,3,52,54.7,0,0,0.16,4.38,26.67,38.1,3.36,7.14,14.29,38.24,57.84,40.94,57.48
2025-10-27,21,3,2025-10-27 09:39:00,5,BTSオラレ日南開設14周年記念,5,4531,武富 智亮,2,37,52.2,1,0,0.15,6.27,46.67,65,5.67,37.5,54.17,32.71,45.79,38.89,55.56
2025-10-27,21,3,2025-10-27 09:39:00,5,BTSオラレ日南開設14周年記念,6,5403,藤山 湧太,4,21,52,1,0,,1.72,2.99,2.99,1.38,0,0,37.82,57.14,36.64,51.15
2025-10-27,21,4,2025-10-27 10:05:00,5,BTSオラレ日南開設14周年記念,1,4903,吉田 凌太朗,1,32,51.5,0,0,0.15,6.42,45.26,65.69,6.68,57.14,71.43,37.5,59.09,39.32,52.14
2025-10-27,21,4,2025-10-27 10:05:00,5,BTSオラレ日南開設14周年記念,2,4423,坂口 貴彦,3,36,54.2,0,0,0.19,5.15,31.09,47.9,4.58,29.17,45.83,32.48,46.15,34.34,49.49
2025-10-27,21,4,2025-10-27 10:05:00,5,BTSオラレ日南開設14周年記念,3,3839,川合 理司,3,50,60.4,0,0,0.17,4.56,24.79,44.44,3.11,11.11,22.22,35.71,49.11,24.04,38.46
2025-10-27,21,4,2025-10-27 10:05:00,5,BTSオラレ日南開設14周年記念,4,3303,渡辺 豊,2,58,53.7,1,0,0.18,4.6,25.71,42.86,5.66,37.93,58.62,30.48,52.38,27.1,49.53
2025-10-27,21,4,2025-10-27 10:05:00,5,BTSオラレ日南開設14周年記念,5,5038,金田 智博,2,27,52,0,0,0.18,5.93,41.09,57.36,0,0,0,42.45,61.32,27.62,49.52
2025-10-27,21,4,2025-10-27 10:05:00,5,BTSオラレ日南開設14周年記念,6,5207,高山 敬悟,4,28,53.1,0,0,0.2,4.48,26.04,38.54,3.92,16.98,35.85,23.85,46.79,30.28,47.71
2025-10-27,21,5,2025-10-27 10:34:00,5,BTSオラレ日南開設14周年記念,1,4788,小池 哲也,1,36,52.8,0,0,0.15,5.72,37.4,54.96,6.63,53.33,70,29.52,52.38,23.15,38.89
2025-10-27,21,5,2025-10-27 10:34:00,5,BTSオラレ日南開設14周年記念,2,5309,森 雄利,4,21,52,0,0,0.18,1.61,0,0,1.41,0,2.27,33.33,50,35.09,57.02
2025-10-27,21,5,2025-10-27 10:34:00,5,BTSオラレ日南開設14周年記念,3,4564,山本 景士郎,3,37,53.1,1,0,0.18,4.48,23.53,41.18,5.29,35.29,47.06,12.26,25.47,38,50
2025-10-27,21,5,2025-10-27 10:34:00,5,BTSオラレ日南開設14周年記念,4,4790,柳内 敬太,2,36,52.2,0,0,0.16,5.73,38.46,57.26,6.18,45.45,63.64,37.5,54.17,34.78,47.83
2025-10-27,21,5,2025-10-27 10:34:00,5,BTSオラレ日南開設14周年記念,5,4145,小澤 学,3,43,54.1,0,0,0.26,3.72,11,28,3.93,7.14,28.57,34.45,49.58,37.61,52.14
2025-10-27,21,5,2025-10-27 10:34:00,5,BTSオラレ日南開設14周年記念,6,4702,三浦 敬太,1,38,52.2,0,0,0.14,6.62,49.58,68.91,7.19,57.69,73.08,43.14,60.78,27.88,40.38
2025-10-27,21,6,2025-10-27 11:05:00,5,BTSオラレ日南開設14周年記念,1,4035,杉江 浩明,3,46,51.5,0,0,0.2,3.46,16.67,26.32,3.54,23.08,34.62,47.27,57.27,36.7,55.96
2025-10-27,21,6,2025-10-27 11:05:00,5,BTSオラレ日南開設14周年記念,2,4370,山口 達也,1,39,52.9,0,0,0.17,6.82,54.01,63.5,7.67,66.67,66.67,50.46,66.97,39.66,56.9
2025-10-27,21,6,2025-10-27 11:05:00,5,BTSオラレ日南開設14周年記念,3,4839,四宮 与寛,1,35,52.1,1,0,0.13,5.91,42.59,61.11,6.47,52.94,58.82,32.2,50,34.4,55.2
2025-10-27,21,6,2025-10-27 11:05:00,5,BTSオラレ日南開設14周年記念,4,5398,鐘ヶ江 真司,4,23,52,0,0,,2.53,3.53,15.29,3.67,11.11,33.33,26.45,42.98,36.36,47.27
2025-10-27,21,6,2025-10-27 11:05:00,5,BTSオラレ日南開設14周年記念,5,4600,井内 将太郎,2,40,52.2,1,0,0.13,5.89,36.89,59.02,7.06,53.13,71.88,38.21,55.28,39.32,52.99
2025-10-27,21,6,2025-10-27 11:05:00,5,BTSオラレ日南開設14周年記念,6,5318,河内 一馬,3,24,52.9,1,0,0.19,2.34,2.74,6.85,0,0,0,26.47,38.24,19.8,38.61
2025-10-27,21,7,2025-10-27 11:37:00,5,BTSオラレ日南開設14周年記念,1,3430,角浜 修,3,57,52.3,0,0,0.18,4.04,25,33.65,3.44,18.75,31.25,37.61,57.8,39.64,50.45
2025-10-27,21,7,2025-10-27 11:37:00,5,BTSオラレ日南開設14周年記念,2,4890,石川 諒,3,36,52.2,0,0,0.15,4.93,30.33,47.54,4.44,18.75,43.75,31.03,49.14,39.68,59.52
2025-10-27,21,7,2025-10-27 11:37:00,5,BTSオラレ日南開設14周年記念,3,3614,谷 勝幸,3,52,54.7,0,0,0.16,4.38,26.67,38.1,3.36,7.14,14.29,38.24,57.84,40.94,57.48
2025-10-27,21,7,2025-10-27 11:37:00,5,BTSオラレ日南開設14周年記念,4,4623,中北 将史,3,40,52.7,0,0,0.18,5.16,30.39,48.04,5.3,20,50,27.35,46.15,32.04,52.43
2025-10-27,21,7,2025-10-27 11:37:00,5,BTSオラレ日南開設14周年記念,5,3851,森田 昭彦,3,53,55.1,1,0,0.19,3.6,16.42,26.87,4.12,23.53,33.33,23.64,43.64,26.53,47.96
2025-10-27,21,7,2025-10-27 11:37:00,5,BTSオラレ日南開設14周年記念,6,5403,藤山 湧太,4,21,52,1,0,,1.72,2.99,2.99,1.38,0,0,37.82,57.14,36.64,51.15
2025-10-27,21,8,2025-10-27 12:10:00,5,BTSオラレ日南開設14周年記念,1,3949,今出 晋二,3,49,56,1,0,0.17,3.47,13.58,20.99,3.63,14.81,29.63,18.1,34.29,37.21,55.04
2025-10-27,21,8,2025-10-27 12:10:00,5,BTSオラレ日南開設14周年記念,2,4446,和田 兼輔,1,38,52,0,0,0.14,6.36,46.88,65.63,7.53,52.94,76.47,24.55,39.09,24.75,32.67
2025-10-27,21,8,2025-10-27 12:10:00,5,BTSオラレ日南開設14周年記念,3,3161,古場 輝義,2,65,53.4,0,0,0.19,5.27,33.33,56.41,5.71,42.86,67.86,39.5,49.58,24.76,45.71
2025-10-27,21,8,2025-10-27 12:10:00,5,BTSオラレ日南開設14周年記念,4,3444,香月 大介,3,56,53.7,2,0,0.15,3.57,16.42,28.36,3.51,17.02,19.15,43.12,60.55,32.98,47.87
2025-10-27,21,8,2025-10-27 12:10:00,5,BTSオラレ日南開設14周年記念,5,3987,後藤 正宗,2,47,54,1,0,0.15,5.31,37.66,53.25,6,54.55,54.55,38.4,52.8,39.2,54.4
2025-10-27,21,8,2025-10-27 12:10:00,5,BTSオラレ日南開設14周年記念,6,4405,南野 利騰,3,40,53.5,0,0,0.18,4.74,24.74,41.24,4.29,21.43,42.86,52.04,73.47,38.33,53.33
2025-10-27,21,9,2025-10-27 12:41:00,5,BTSオラレ日南開設14周年記念,1,4549,小林 文彦,2,37,52,1,0,0.2,4.99,28.16,44.66,5.14,36.11,52.78,30.43,51.3,34.26,48.15
2025-10-27,21,9,2025-10-27 12:41:00,5,BTSオラレ日南開設14周年記念,2,3839,川合 理司,3,50,60.4,0,0,0.17,4.56,24.79,44.44,3.11,11.11,22.22,35.71,49.11,24.04,38.46
2025-10-27,21,9,2025-10-27 12:41:00,5,BTSオラレ日南開設14周年記念,3,3576,白水 勝也,1,53,52,1,0,0.17,6.54,50,70.21,7,58.97,71.79,40,55.65,37.9,56.45
2025-10-27,21,9,2025-10-27 12:41:00,5,BTSオラレ日南開設14周年記念,4,4570,前田 聖文,1,37,52.5,0,0,0.13,6.83,53.15,76.92,6.57,47.62,71.43,24.76,43.81,29.25,44.34
2025-10-27,21,9,2025-10-27 12:41:00,5,BTSオラレ日南開設14周年記念,5,4976,金山 立樹,2,31,53.1,2,0,0.16,4.51,20.51,46.15,4.55,24.24,42.42,25.96,50.96,38.79,56.03
2025-10-27,21,9,2025-10-27 12:41:00,5,BTSオラレ日南開設14周年記念,6,4145,小澤 学,3,43,54.1,0,0,0.26,3.72,11,28,3.93,7.14,28.57,34.45,49.58,37.61,52.14
2025-10-27,21,10,2025-10-27 13:15:00,5,BTSオラレ日南開設14周年記念,1,4263,武重 雄介,1,41,53.8,0,0,0.16,5.8,41.18,52.94,6.35,57.69,65.38,37.1,50,23.4,43.62
2025-10-27,21,10,2025-10-27 13:15:00,5,BTSオラレ日南開設14周年記念,2,4702,三浦 敬太,1,38,52.2,0,0,0.14,6.62,49.58,68.91,7.19,57.69,73.08,43.14,60.78,27.88,40.38
2025-10-27,21,10,2025-10-27 13:15:00,5,BTSオラレ日南開設14周年記念,3,4531,武富 智亮,2,37,52.2,1,0,0.15,6.27,46.67,65,5.67,37.5,54.17,32.71,45.79,38.89,55.56
2025-10-27,21,10,2025-10-27 13:15:00,5,BTSオラレ日南開設14周年記念,4,5038,金田 智博,2,27,52,0,0,0.18,5.93,41.09,57.36,0,0,0,42.45,61.32,27.62,49.52
2025-10-27,21,10,2025-10-27 13:15:00,5,BTSオラレ日南開設14周年記念,5,4035,杉江 浩明,3,46,51.5,0,0,0.2,3.46,16.67,26.32,3.54,23.08,34.62,47.27,57.27,36.7,55.96
2025-10-27,21,10,2025-10-27 13:15:00,5,BTSオラレ日南開設14周年記念,6,4139,丹下 健,3,44,52.9,1,0,0.16,4.33,25,38.04,4.44,31.25,37.5,39.6,56.44,23.23,39.39
2025-10-27,21,11,2025-10-27 13:50:00,5,BTSオラレ日南開設14周年記念,1,4072,森永 淳,1,44,52,0,0,0.14,6.59,55.38,66.92,6.53,49.06,56.6,29.03,52.42,23.76,42.57
2025-10-27,21,11,2025-10-27 13:50:00,5,BTSオラレ日南開設14周年記念,2,4788,小池 哲也,1,36,52.8,0,0,0.15,5.72,37.4,54.96,6.63,53.33,70,29.52,52.38,23.15,38.89
2025-10-27,21,11,2025-10-27 13:50:00,5,BTSオラレ日南開設14周年記念,3,4423,坂口 貴彦,3,36,54.2,0,0,0.19,5.15,31.09,47.9,4.58,29.17,45.83,32.48,46.15,34.34,49.49
2025-10-27,21,11,2025-10-27 13:50:00,5,BTSオラレ日南開設14周年記念,4,4890,石川 諒,3,36,52.2,0,0,0.15,4.93,30.33,47.54,4.44,18.75,43.75,31.03,49.14,39.68,59.52
2025-10-27,21,11,2025-10-27 13:50:00,5,BTSオラレ日南開設14周年記念,5,4839,四宮 与寛,1,35,52.1,1,0,0.13,5.91,42.59,61.11,6.47,52.94,58.82,32.2,50,34.4,55.2
2025-10-27,21,11,2025-10-27 13:50:00,5,BTSオラレ日南開設14周年記念,6,4336,松田 竜馬,2,41,52.8,0,0,0.15,5.14,30.22,48.92,4.92,26,44,20,32.17,33.33,47.75
2025-10-27,21,12,2025-10-27 14:26:00,5,BTSオラレ日南開設14周年記念,1,4370,山口 達也,1,39,52.5,0,0,0.17,6.82,54.01,63.5,7.67,66.67,66.67,50.46,66.97,39.66,56.9
2025-10-27,21,12,2025-10-27 14:26:00,5,BTSオラレ日南開設14周年記念,2,4903,吉田 凌太朗,1,32,51,0,0,0.15,6.42,45.26,65.69,6.68,57.14,71.43,37.5,59.09,39.32,52.14
2025-10-27,21,12,2025-10-27 14:26:00,5,BTSオラレ日南開設14周年記念,3,4790,柳内 敬太,2,36,52,0,0,0.16,5.73,38.46,57.26,6.18,45.45,63.64,37.5,54.17,34.78,47.83
2025-10-27,21,12,2025-10-27 14:26:00,5,BTSオラレ日南開設14周年記念,4,4446,和田 兼輔,1,38,51.5,0,0,0.14,6.36,46.88,65.63,7.53,52.94,76.47,24.55,39.09,24.75,32.67
2025-10-27,21,12,2025-10-27 14:26:00,5,BTSオラレ日南開設14周年記念,5,4796,春園 功太,2,34,51.5,0,0,0.15,6.22,43.2,60.8,5.71,41.67,58.33,28.95,45.61,30.48,51.43
2025-10-27,21,12,2025-10-27 14:26:00,5,BTSオラレ日南開設14周年記念,6,4015,前野 竜一,2,45,57.5,0,0,0.16,5.7,34.69,58.16,6.5,46.88,65.63,37.84,50.45,34.86,49.54
2025-10-27,24,1,2025-10-27 15:15:00,4,マスターズリーグ第8戦,1,3527,中嶋 誠一郎,3,54,52.6,0,0,0.17,5.44,32.2,54.24,5.98,38.73,59.86,33.72,55.81,25.61,46.34
2025-10-27,24,1,2025-10-27 15:15:00,4,マスターズリーグ第8戦,2,4104,木下 陽介,3,46,56.4,1,0,0.17,4.87,31.52,41.3,5.16,37.5,56.25,20.45,32.95,30.11,50.54
2025-10-27,24,1,2025-10-27 15:15:00,4,マスターズリーグ第8戦,3,3615,横田 茂,3,52,51.5,0,0,0.15,4.73,29.17,43.33,4.26,20.59,38.24,22.73,37.5,44.32,56.82
2025-10-27,24,1,2025-10-27 15:15:00,4,マスターズリーグ第8戦,4,4007,榮田 将彦,3,46,50.5,1,0,0.12,4.94,33.33,45.1,4.88,30.77,34.62,39.51,56.79,27.78,51.39
2025-10-27,24,1,2025-10-27 15:15:00,4,マスターズリーグ第8戦,5,4047,吉永 浩則,3,45,53.3,0,0,0.17,4.03,15.56,33.33,3.84,20.45,31.82,29.76,45.24,23.38,40.26
2025-10-27,24,1,2025-10-27 15:15:00,4,マスターズリーグ第8戦,6,3587,武田 信一,3,52,58.2,0,0,0.17,4.43,24.75,39.6,2.38,9.52,19.05,35.48,52.69,37.5,57.95
2025-10-27,24,2,2025-10-27 15:44:00,4,マスターズリーグ第8戦,1,3788,一宮 稔弘,3,54,52,0,0,0.13,5.85,45.65,59.78,5.4,33.33,53.33,52.44,67.07,30.68,45.45
2025-10-27,24,2,2025-10-27 15:44:00,4,マスターズリーグ第8戦,2,3282,池本 輝明,3,58,52,1,0,0.18,4.27,16.67,34.52,4.8,27.5,40,29.17,48.96,23.86,38.64
2025-10-27,24,2,2025-10-27 15:44:00,4,マスターズリーグ第8戦,3,3843,上之 晃弘,3,49,55.1,0,0,0.17,4.75,31.13,46.23,5.1,29.81,49.69,41.33,53.33,35.96,47.19
2025-10-27,24,2,2025-10-27 15:44:00,4,マスターズリーグ第8戦,4,4002,古結 宏,1,48,52.9,1,0,0.14,6.83,50.44,74.34,4.67,33.33,33.33,48.15,56.79,41.86,63.95
2025-10-27,24,2,2025-10-27 15:44:00,4,マスターズリーグ第8戦,5,3514,山一 鉄也,4,58,52,0,0,0.16,5.95,44.09,54.84,6.15,39.13,65.22,33.33,50,34.83,51.69
2025-10-27,24,2,2025-10-27 15:44:00,4,マスターズリーグ第8戦,6,3686,鳥居塚 孝博,2,50,51,0,0,0.14,5.97,45.3,63.25,0,0,0,24.69,40.74,25.64,39.74
2025-10-27,24,3,2025-10-27 16:10:00,4,マスターズリーグ第8戦,1,3714,梶原 正,3,50,54.4,0,0,0.17,4.17,20.59,30.39,4.88,34.62,38.46,38.64,59.09,40.91,57.95
2025-10-27,24,3,2025-10-27 16:10:00,4,マスターズリーグ第8戦,2,3880,浅見 宗孝,3,52,53.7,0,0,0.2,4.56,26.67,42.5,5.1,26.67,50,40.24,53.66,38.04,63.04
2025-10-27,24,3,2025-10-27 16:10:00,4,マスターズリーグ第8戦,3,3554,仲口 博崇,1,53,51,0,0,0.17,6.6,52.74,70.55,5.89,50,60.71,30.95,47.62,37.36,59.34
2025-10-27,24,3,2025-10-27 16:10:00,4,マスターズリーグ第8戦,4,3454,井川 大作,3,54,55.9,0,0,0.16,4.88,24.47,47.87,3.45,9.09,22.73,36.05,54.65,18.6,40.7
2025-10-27,24,3,2025-10-27 16:10:00,4,マスターズリーグ第8戦,5,3582,吉川 昭男,2,52,52.1,0,0,0.17,6.08,48,62.4,5.6,30,50,39.29,70.24,19.12,35.29
2025-10-27,24,3,2025-10-27 16:10:00,4,マスターズリーグ第8戦,6,4077,品田 直樹,3,47,52,0,0,0.19,4.92,27.59,48.28,3.96,19.23,38.46,34.94,50.6,42.86,61.54
2025-10-27,24,4,2025-10-27 16:36:00,4,マスターズリーグ第8戦,1,4100,松田 隆司,3,46,52.5,0,0,0.17,4.65,25.23,45.79,5.7,35.14,64.86,34.48,47.13,32.53,46.99
2025-10-27,24,4,2025-10-27 16:36:00,4,マスターズリーグ第8戦,2,3621,天野 晶夫,2,51,54,0,0,0.17,5.06,28.44,47.71,5.83,33.33,66.67,29.03,51.61,41.89,59.46
2025-10-27,24,4,2025-10-27 16:36:00,4,マスターズリーグ第8戦,3,3730,塩崎 優司,3,53,52.8,0,0,0.18,4.23,22.61,32.17,5.12,32,52,32.58,53.93,30.86,54.32
2025-10-27,24,4,2025-10-27 16:36:00,4,マスターズリーグ第8戦,4,3933,山地 正樹,3,49,54.9,0,0,0.17,5.34,33.61,50,5.47,34.21,50,40,62.35,20.69,36.21
2025-10-27,24,4,2025-10-27 16:36:00,4,マスターズリーグ第8戦,5,3983,須藤 博倫,1,48,52,0,0,0.16,5.82,37.59,53.9,7.24,52.94,64.71,24.42,37.21,30.49,51.22
2025-10-27,24,4,2025-10-27 16:36:00,4,マスターズリーグ第8戦,6,4004,山本 浩輔,3,47,52,0,0,0.16,4.47,22.22,41.98,4.72,28.57,42.86,32.94,44.71,27.17,39.13
2025-10-27,24,5,2025-10-27 17:01:00,4,マスターズリーグ第8戦,1,3741,松尾 基成,3,51,55.6,0,0,0.19,3.4,12.5,28.41,4.38,21.82,40,42.17,59.04,28.24,50.59
2025-10-27,24,5,2025-10-27 17:01:00,4,マスターズリーグ第8戦,2,3852,澤 大介,3,53,52,1,0,0.17,5.1,32.26,48.39,3.88,23.53,35.29,35.29,52.94,24.1,46.99
2025-10-27,24,5,2025-10-27 17:01:00,4,マスターズリーグ第8戦,3,3333,丸尾 義孝,2,57,52,0,0,0.16,5.8,38.58,62.99,5.85,37.04,59.26,38.37,51.16,18.82,43.53
2025-10-27,24,5,2025-10-27 17:01:00,4,マスターズリーグ第8戦,4,3997,北村 征嗣,1,46,52,0,0,0.15,6.82,48.8,74.4,6.32,44,76,39.29,53.57,30.86,50.62
2025-10-27,24,5,2025-10-27 17:01:00,4,マスターズリーグ第8戦,5,3412,鈴木 博,1,56,53,0,0,0.17,6.04,39.34,62.3,6.88,50,75,36.47,51.76,30.11,50.54
2025-10-27,24,5,2025-10-27 17:01:00,4,マスターズリーグ第8戦,6,3809,吉田 光,3,50,51.5,1,0,0.16,4.71,18.07,42.17,5,25,52.08,34.07,46.15,37.89,57.89
2025-10-27,24,6,2025-10-27 17:28:00,4,マスターズリーグ第8戦,1,3796,長野 道臣,3,52,53.8,1,0,0.16,4.97,31.3,43.48,5.14,37.93,51.72,35.96,51.69,36.59,48.78
2025-10-27,24,6,2025-10-27 17:28:00,4,マスターズリーグ第8戦,2,3612,馬袋 義則,1,53,52,0,0,0.14,6.36,46.94,65.99,5.21,28.57,35.71,43.53,56.47,32.95,45.45
2025-10-27,24,6,2025-10-27 17:28:00,4,マスターズリーグ第8戦,3,4047,吉永 浩則,3,45,53.3,0,0,0.17,4.03,15.56,33.33,3.84,20.45,31.82,29.76,45.24,23.38,40.26
2025-10-27,24,6,2025-10-27 17:28:00,4,マスターズリーグ第8戦,4,4066,東本 勝利,1,45,51.5,1,0,0.15,6.25,40.32,66.13,5.83,27.78,61.11,43.82,65.17,34.09,45.45
2025-10-27,24,6,2025-10-27 17:28:00,4,マスターズリーグ第8戦,5,3920,正木 聖賢,3,50,54.6,0,0,0.19,5.53,35.79,54.74,5.22,33.33,44.44,22.73,38.64,25,43.18
2025-10-27,24,6,2025-10-27 17:28:00,4,マスターズリーグ第8戦,6,4012,中村 有裕,2,46,57.1,0,0,0.15,6.16,46.09,62.5,5.44,38.89,55.56,44.44,66.67,28.57,45.05
2025-10-27,24,7,2025-10-27 17:55:00,4,マスターズリーグ第8戦,1,3777,樋口 亮,2,50,52,1,0,0.19,5.75,36.11,58.33,6.5,48.05,66.23,39.08,55.17,29.67,48.35
2025-10-27,24,7,2025-10-27 17:55:00,4,マスターズリーグ第8戦,2,3656,伯母 芳恒,3,52,54.6,0,0,0.18,5.23,34.62,52.88,6.22,44.44,44.44,22.35,43.53,23.81,50.79
2025-10-27,24,7,2025-10-27 17:55:00,4,マスターズリーグ第8戦,3,3703,鳥飼 眞,2,52,50,1,0,0.17,5.94,42.06,62.62,6.04,48.15,51.85,28.09,42.7,15.58,28.57
2025-10-27,24,7,2025-10-27 17:55:00,4,マスターズリーグ第8戦,4,3615,横田 茂,3,52,51.5,0,0,0.15,4.73,29.17,43.33,4.26,20.59,38.24,22.73,37.5,44.32,56.82
2025-10-27,24,7,2025-10-27 17:55:00,4,マスターズリーグ第8戦,5,3454,井川 大作,3,54,55.9,0,0,0.16,4.88,24.47,47.87,3.45,9.09,22.73,36.05,54.65,18.6,40.7
2025-10-27,24,7,2025-10-27 17:55:00,4,マスターズリーグ第8戦,6,4002,古結 宏,1,48,52.9,1,0,0.14,6.83,50.44,74.34,4.67,33.33,33.33,48.15,56.79,41.86,63.95
2025-10-27,24,8,2025-10-27 18:23:00,4,マスターズリーグ第8戦,1,4007,榮田 将彦,3,46,50.5,1,0,0.12,4.94,33.33,45.1,4.88,30.77,34.62,39.51,56.79,27.78,51.39
2025-10-27,24,8,2025-10-27 18:23:00,4,マスターズリーグ第8戦,2,3448,高山 秀雄,3,55,53.2,0,0,0.2,4.48,18.56,42.27,3.6,6.67,40,26.74,46.51,35.63,51.72
2025-10-27,24,8,2025-10-27 18:23:00,4,マスターズリーグ第8戦,3,3473,石川 真二,1,55,52.2,0,0,0.15,6.58,51.56,67.97,7.11,50,82.26,45.78,65.06,34.07,43.96
2025-10-27,24,8,2025-10-27 18:23:00,4,マスターズリーグ第8戦,4,4077,品田 直樹,3,47,52,0,0,0.19,4.92,27.59,48.28,3.96,19.23,38.46,34.94,50.6,42.86,61.54
2025-10-27,24,8,2025-10-27 18:23:00,4,マスターズリーグ第8戦,5,3788,一宮 稔弘,3,54,52,0,0,0.13,5.85,45.65,59.78,5.4,33.33,53.33,52.44,67.07,30.68,45.45
2025-10-27,24,8,2025-10-27 18:23:00,4,マスターズリーグ第8戦,6,3944,山口 裕二,1,46,52,0,0,0.16,5.93,43.43,60.61,5.92,40.94,58.48,34.52,46.43,35.87,57.61
2025-10-27,24,9,2025-10-27 18:54:00,4,マスターズリーグ第8戦,1,3499,市川 哲也,2,57,52.3,1,0,0.14,6.02,41.48,60,5.93,33.33,66.67,20.93,41.86,33.78,47.3
2025-10-27,24,9,2025-10-27 18:54:00,4,マスターズリーグ第8戦,2,4084,杉山 正樹,1,46,52.4,0,0,0.16,6.98,51.11,71.11,7.57,60,77.14,34.12,49.41,37.63,49.46
2025-10-27,24,9,2025-10-27 18:54:00,4,マスターズリーグ第8戦,3,3933,山地 正樹,3,49,54.9,0,0,0.17,5.34,33.61,50,5.47,34.21,50,40,62.35,20.69,36.21
2025-10-27,24,9,2025-10-27 18:54:00,4,マスターズリーグ第8戦,4,3714,梶原 正,3,50,54.4,0,0,0.17,4.17,20.59,30.39,4.88,34.62,38.46,38.64,59.09,40.91,57.95
2025-10-27,24,9,2025-10-27 18:54:00,4,マスターズリーグ第8戦,5,4104,木下 陽介,3,46,56.4,1,0,0.17,4.87,31.52,41.3,5.16,37.5,56.25,20.45,32.95,30.11,50.54
2025-10-27,24,9,2025-10-27 18:54:00,4,マスターズリーグ第8戦,6,4036,金田 諭,2,46,52,0,0,0.17,6.64,52.63,71.71,6.54,53.85,65.38,30.12,44.58,39.77,51.14
2025-10-27,24,10,2025-10-27 19:25:00,4,マスターズリーグ第8戦,1,3997,北村 征嗣,1,46,51.5,0,0,0.15,6.82,48.8,74.4,6.32,44,76,39.29,53.57,30.86,50.62
2025-10-27,24,10,2025-10-27 19:25:00,4,マスターズリーグ第8戦,2,3587,武田 信一,3,52,58.2,0,0,0.17,4.43,24.75,39.6,2.38,9.52,19.05,35.48,52.69,37.5,57.95
2025-10-27,24,10,2025-10-27 19:25:00,4,マスターズリーグ第8戦,3,3621,天野 晶夫,2,51,54,0,0,0.17,5.06,28.44,47.71,5.83,33.33,66.67,29.03,51.61,41.89,59.46
2025-10-27,24,10,2025-10-27 19:25:00,4,マスターズリーグ第8戦,4,4100,松田 隆司,3,46,52.3,0,0,0.17,4.65,25.23,45.79,5.7,35.14,64.86,34.48,47.13,32.53,46.99
2025-10-27,24,10,2025-10-27 19:25:00,4,マスターズリーグ第8戦,5,3822,平尾 崇典,1,53,50,0,0,0.17,6.94,55.63,71.83,5.5,28.57,42.86,36.78,49.43,30,53.33
2025-10-27,24,10,2025-10-27 19:25:00,4,マスターズリーグ第8戦,6,3282,池本 輝明,3,58,52,1,0,0.18,4.27,16.67,34.52,4.8,27.5,40,29.17,48.96,23.86,38.64
2025-10-27,24,11,2025-10-27 19:58:00,4,マスターズリーグ第8戦,1,3554,仲口 博崇,1,53,51,0,0,0.17,6.6,52.74,70.55,5.89,50,60.71,30.95,47.62,37.36,59.34
2025-10-27,24,11,2025-10-27 19:58:00,4,マスターズリーグ第8戦,2,3686,鳥居塚 孝博,2,50,51,0,0,0.14,5.97,45.3,63.25,0,0,0,24.69,40.74,25.64,39.74
2025-10-27,24,11,2025-10-27 19:58:00,4,マスターズリーグ第8戦,3,3412,鈴木 博,1,56,53,0,0,0.17,6.04,39.34,62.3,6.88,50,75,36.47,51.76,30.11,50.54
2025-10-27,24,11,2025-10-27 19:58:00,4,マスターズリーグ第8戦,4,4012,中村 有裕,2,46,57.1,0,0,0.15,6.16,46.09,62.5,5.44,38.89,55.56,44.44,66.67,28.57,45.05
2025-10-27,24,11,2025-10-27 19:58:00,4,マスターズリーグ第8戦,5,3527,中嶋 誠一郎,3,54,52.6,0,0,0.17,5.44,32.2,54.24,5.98,38.73,59.86,33.72,55.81,25.61,46.34
2025-10-27,24,11,2025-10-27 19:58:00,4,マスターズリーグ第8戦,6,3730,塩崎 優司,3,53,52.8,0,0,0.18,4.23,22.61,32.17,5.12,32,52,32.58,53.93,30.86,54.32
2025-10-27,24,12,2025-10-27 20:30:00,4,マスターズリーグ第8戦,1,3983,須藤 博倫,1,48,52,0,0,0.16,5.82,37.59,53.9,7.24,52.94,64.71,24.42,37.21,30.49,51.22
2025-10-27,24,12,2025-10-27 20:30:00,4,マスターズリーグ第8戦,2,3582,吉川 昭男,2,52,52.1,0,0,0.17,6.08,48,62.4,5.6,30,50,39.29,70.24,19.12,35.29
2025-10-27,24,12,2025-10-27 20:30:00,4,マスターズリーグ第8戦,3,3514,山一 鉄也,4,58,52,0,0,0.16,5.95,44.09,54.84,6.15,39.13,65.22,33.33,50,34.83,51.69
2025-10-27,24,12,2025-10-27 20:30:00,4,マスターズリーグ第8戦,4,3333,丸尾 義孝,2,57,52,0,0,0.16,5.8,38.58,62.99,5.85,37.04,59.26,38.37,51.16,18.82,43.53
2025-10-27,24,12,2025-10-27 20:30:00,4,マスターズリーグ第8戦,5,3777,樋口 亮,2,50,52,1,0,0.19,5.75,36.11,58.33,6.5,48.05,66.23,39.08,55.17,29.67,48.35
2025-10-27,24,12,2025-10-27 20:30:00,4,マスターズリーグ第8戦,6,4066,東本 勝利,1,45,51.5,1,0,0.15,6.25,40.32,66.13,5.83,27.78,61.11,43.82,65.17,34.09,45.45
