race_date,stadium_number,race_number,race_closed_at,race_grade_number,race_title,boat_number,racer_number,racer_name,racer_class_number,racer_age,racer_weight,racer_flying_count,racer_late_count,racer_average_start_timing,racer_national_top_1_percent,racer_national_top_2_percent,racer_national_top_3_percent,racer_local_top_1_percent,racer_local_top_2_percent,racer_local_top_3_percent,racer_assigned_motor_top_2_percent,racer_assigned_motor_top_3_percent,racer_assigned_boat_top_2_percent,racer_assigned_boat_top_3_percent
2025-08-21,3,1,2025-08-21 11:14:00,5,第47回大江戸賞,1,4610,佐藤 大佑,2,35,53.5,0,0,0.17,5.51,43.33,50.83,6.05,41.61,57.72,22.95,34.43,25.86,44.83
2025-08-21,3,1,2025-08-21 11:14:00,5,第47回大江戸賞,2,3340,池田 雷太,3,60,52.1,0,0,0.16,4.39,29.31,36.21,5.43,36.84,56.14,30.19,47.17,43.75,58.33
2025-08-21,3,1,2025-08-21 11:14:00,5,第47回大江戸賞,3,4077,品田 直樹,3,46,51.5,0,0,0.19,4.72,25.83,45.83,5.4,36.02,52.8,41.82,60,50.94,64.15
2025-08-21,3,1,2025-08-21 11:14:00,5,第47回大江戸賞,4,4644,山田 亮太,3,46,52,0,0,0.15,5.4,35.2,56,5.4,30.7,49.12,22.22,37.04,39.66,50
2025-08-21,3,1,2025-08-21 11:14:00,5,第47回大江戸賞,5,4615,板倉 敦史,3,45,53.3,0,0,0.21,4.73,22.77,46.53,4.86,29.41,45.88,32.73,49.09,25.53,38.3
2025-08-21,3,1,2025-08-21 11:14:00,5,第47回大江戸賞,6,5253,藤井 太雅,3,22,51.5,2,0,0.16,4.84,27.08,42.71,2.66,8.25,19.59,38.98,64.41,36.36,54.55
2025-08-21,3,2,2025-08-21 11:41:00,5,第47回大江戸賞,1,4440,萩原 知哉,3,38,52.5,0,0,0.17,4.19,17.92,29.25,4.75,24.58,42.37,40,56.36,19.64,33.93
2025-08-21,3,2,2025-08-21 11:41:00,5,第47回大江戸賞,2,4945,上村 宏太,3,33,52.7,0,0,0.17,4.24,25,39.13,5.37,36,56,23.64,36.36,35.59,57.63
2025-08-21,3,2,2025-08-21 11:41:00,5,第47回大江戸賞,3,3868,尾形 栄治,3,50,53,1,0,0.18,4.69,25.29,48.28,5.06,27.91,51.16,28.3,35.85,41.07,48.21
2025-08-21,3,2,2025-08-21 11:41:00,5,第47回大江戸賞,4,3303,渡辺 豊,2,57,53.6,1,0,0.18,5.32,34.95,51.46,6.4,46.03,68.25,31.48,57.41,29.79,59.57
2025-08-21,3,2,2025-08-21 11:41:00,5,第47回大江戸賞,5,5190,大月 遊雅,3,24,52,0,0,0.22,3.76,18,28,3.19,10.29,25,24.14,50,40.35,49.12
2025-08-21,3,2,2025-08-21 11:41:00,5,第47回大江戸賞,6,5371,早川 颯太,4,23,52,1,0,0.19,1.42,0,4.69,1.33,0,0,37.5,67.86,24.07,40.74
2025-08-21,3,3,2025-08-21 12:08:00,5,第47回大江戸賞,1,4995,田邉 亮蔵,3,34,52.5,0,0,0.19,4.19,25.44,34.21,5.02,30.97,46.9,36.21,51.72,35.38,50.77
2025-08-21,3,3,2025-08-21 12:08:00,5,第47回大江戸賞,2,3105,内山 文典,3,62,52.2,0,0,0.17,5.15,35.05,49.48,5.82,42.24,59.01,31.48,44.44,25.49,35.29
2025-08-21,3,3,2025-08-21 12:08:00,5,第47回大江戸賞,3,5279,石渡 翔一郎,3,22,52,0,0,0.15,4.97,27.63,46.05,5.1,33.12,50.32,29.82,42.11,32.2,52.54
2025-08-21,3,3,2025-08-21 12:08:00,5,第47回大江戸賞,4,3226,浦田 信義,3,60,52.3,0,0,0.2,3.98,18.87,32.08,5.3,35.23,51.14,43.1,63.79,32,48
2025-08-21,3,3,2025-08-21 12:08:00,5,第47回大江戸賞,5,3602,奥平 拓也,3,55,52.5,0,0,0.17,5.32,30.77,51.65,5.41,35.88,49.62,43.64,52.73,33.9,44.07
2025-08-21,3,3,2025-08-21 12:08:00,5,第47回大江戸賞,6,4335,若林 将,1,41,52.6,0,0,0.13,7.08,50.47,73.83,6.69,48.08,65.38,27.78,42.59,28.13,45.31
2025-08-21,3,4,2025-08-21 12:35:00,5,第47回大江戸賞,1,4880,澤崎 雄哉,3,30,52.5,1,0,0.15,5.39,34.83,55.06,5.83,37.89,58.95,25.45,40,39.29,48.21
2025-08-21,3,4,2025-08-21 12:35:00,5,第47回大江戸賞,2,4245,高橋 直哉,3,43,52.6,0,0,0.18,5.12,34.31,47.06,5.04,30.56,48.61,27.78,42.59,19.23,42.31
2025-08-21,3,4,2025-08-21 12:35:00,5,第47回大江戸賞,3,4318,桑原 将光,2,41,52,1,0,0.16,5.22,30.28,53.21,6.14,42.55,62.23,35.19,51.85,23.21,41.07
2025-08-21,3,4,2025-08-21 12:35:00,5,第47回大江戸賞,4,3911,鈴木 猛,3,51,53.2,0,0,0.17,5.57,38.79,54.31,5.22,30.56,50,31.48,53.7,33.93,44.64
2025-08-21,3,4,2025-08-21 12:35:00,5,第47回大江戸賞,5,3277,齋藤 勇,3,58,52,0,0,0.16,4.25,16.83,35.64,4.67,25.86,41.38,39.62,56.6,28.85,36.54
2025-08-21,3,4,2025-08-21 12:35:00,5,第47回大江戸賞,6,3812,山崎 聖司,3,49,51,0,0,0.17,4.59,33.33,41.9,5.09,30.59,49.41,31.48,46.3,29.63,55.56
2025-08-21,3,5,2025-08-21 13:02:00,5,第47回大江戸賞,1,4598,加藤 政彦,1,41,52.3,0,0,0.16,6.5,49.09,67.27,6.61,50,69.62,28.57,53.06,33.33,46.3
2025-08-21,3,5,2025-08-21 13:02:00,5,第47回大江戸賞,2,4438,森作 雄大,3,39,53.7,1,0,0.13,5.45,38.74,55.86,5.66,38.65,53.37,41.51,50.94,48.84,58.14
2025-08-21,3,5,2025-08-21 13:02:00,5,第47回大江戸賞,3,5096,上原 崚,2,30,52,0,0,0.13,5.81,39,57,5.71,41.46,60.98,20.97,38.71,28.07,56.14
2025-08-21,3,5,2025-08-21 13:02:00,5,第47回大江戸賞,4,3340,池田 雷太,3,60,52.1,0,0,0.16,4.39,29.31,36.21,5.43,36.84,56.14,30.19,47.17,43.75,58.33
2025-08-21,3,5,2025-08-21 13:02:00,5,第47回大江戸賞,5,5063,大塚 雅治,3,27,52.2,0,0,0.19,4.56,29.47,41.05,3.56,20.37,27.78,26.92,48.08,32.69,51.92
2025-08-21,3,5,2025-08-21 13:02:00,5,第47回大江戸賞,6,5253,藤井 太雅,3,22,51.5,2,0,0.16,4.84,27.08,42.71,2.66,8.25,19.59,38.98,64.41,36.36,54.55
2025-08-21,3,6,2025-08-21 13:32:00,5,第47回大江戸賞,1,4401,小林 泰,2,40,53.2,0,0,0.15,5.82,41.07,56.25,6.62,46.34,63.41,14.29,26.79,34.55,50.91
2025-08-21,3,6,2025-08-21 13:32:00,5,第47回大江戸賞,2,4610,佐藤 大佑,2,35,53.5,0,0,0.17,5.51,43.33,50.83,6.05,41.61,57.72,22.95,34.43,25.86,44.83
2025-08-21,3,6,2025-08-21 13:32:00,5,第47回大江戸賞,3,4945,上村 宏太,3,33,52.7,0,0,0.17,4.24,25,39.13,5.37,36,56,23.64,36.36,35.59,57.63
2025-08-21,3,6,2025-08-21 13:32:00,5,第47回大江戸賞,4,3569,増田 進,3,54,52.3,0,0,0.19,4.23,20.51,38.46,5.24,32.69,46.79,35.85,50.94,36.84,52.63
2025-08-21,3,6,2025-08-21 13:32:00,5,第47回大江戸賞,5,5007,近藤 雄一郎,3,28,53,0,0,0.18,4.22,19.8,38.61,5.18,33.33,53.47,25,36.67,18.87,41.51
2025-08-21,3,6,2025-08-21 13:32:00,5,第47回大江戸賞,6,5285,若林 麗,3,26,52,0,0,0.19,2.16,2.15,4.3,2,3.39,10.17,34.55,47.27,32.73,47.27
2025-08-21,3,7,2025-08-21 13:58:00,5,第47回大江戸賞,1,5279,石渡 翔一郎,3,22,52,0,0,0.15,4.97,27.63,46.05,5.1,33.12,50.32,29.82,42.11,32.2,52.54
2025-08-21,3,7,2025-08-21 13:58:00,5,第47回大江戸賞,2,4077,品田 直樹,3,46,51.5,0,0,0.19,4.72,25.83,45.83,5.4,36.02,52.8,41.82,60,50.94,64.15
2025-08-21,3,7,2025-08-21 13:58:00,5,第47回大江戸賞,3,4615,板倉 敦史,3,45,53.3,0,0,0.21,4.73,22.77,46.53,4.86,29.41,45.88,32.73,49.09,25.53,38.3
2025-08-21,3,7,2025-08-21 13:58:00,5,第47回大江戸賞,4,4995,田邉 亮蔵,3,34,52.5,0,0,0.19,4.19,25.44,34.21,5.02,30.97,46.9,36.21,51.72,35.38,50.77
2025-08-21,3,7,2025-08-21 13:58:00,5,第47回大江戸賞,5,3303,渡辺 豊,2,57,53.6,1,0,0.18,5.32,34.95,51.46,6.4,46.03,68.25,31.48,57.41,29.79,59.57
2025-08-21,3,7,2025-08-21 13:58:00,5,第47回大江戸賞,6,5190,大月 遊雅,3,24,52,0,0,0.22,3.76,18,28,3.19,10.29,25,24.14,50,40.35,49.12
2025-08-21,3,8,2025-08-21 14:25:00,5,第47回大江戸賞,1,4318,桑原 将光,2,41,52,1,0,0.16,5.22,30.28,53.21,6.14,42.55,62.23,35.19,51.85,23.21,41.07
2025-08-21,3,8,2025-08-21 14:25:00,5,第47回大江戸賞,2,3602,奥平 拓也,3,55,52.5,0,0,0.17,5.32,30.77,51.65,5.41,35.88,49.62,43.64,52.73,33.9,44.07
2025-08-21,3,8,2025-08-21 14:25:00,5,第47回大江戸賞,3,3105,内山 文典,3,62,52.2,0,0,0.17,5.15,35.05,49.48,5.82,42.24,59.01,31.48,44.44,25.49,35.29
2025-08-21,3,8,2025-08-21 14:25:00,5,第47回大江戸賞,4,4440,萩原 知哉,3,38,52.5,0,0,0.17,4.19,17.92,29.25,4.75,24.58,42.37,40,56.36,19.64,33.93
2025-08-21,3,8,2025-08-21 14:25:00,5,第47回大江戸賞,5,3868,尾形 栄治,3,50,53,1,0,0.18,4.69,25.29,48.28,5.06,27.91,51.16,28.3,35.85,41.07,48.21
2025-08-21,3,8,2025-08-21 14:25:00,5,第47回大江戸賞,6,4644,山田 亮太,3,46,52,0,0,0.15,5.4,35.2,56,5.4,30.7,49.12,22.22,37.04,39.66,50
2025-08-21,3,9,2025-08-21 14:52:00,5,第47回大江戸賞,1,5096,上原 崚,2,30,52,0,0,0.13,5.81,39,57,5.71,41.46,60.98,20.97,38.71,28.07,56.14
2025-08-21,3,9,2025-08-21 14:52:00,5,第47回大江戸賞,2,3277,齋藤 勇,3,58,52,0,0,0.16,4.25,16.83,35.64,4.67,25.86,41.38,39.62,56.6,28.85,36.54
2025-08-21,3,9,2025-08-21 14:52:00,5,第47回大江戸賞,3,4815,伏島 祐介,3,35,52.9,0,0,0.18,5.6,38.89,58.89,4.69,26.13,42.34,29.55,43.18,43.55,67.74
2025-08-21,3,9,2025-08-21 14:52:00,5,第47回大江戸賞,4,5371,早川 颯太,4,23,52,1,0,0.19,1.42,0,4.69,1.33,0,0,37.5,67.86,24.07,40.74
2025-08-21,3,9,2025-08-21 14:52:00,5,第47回大江戸賞,5,4245,高橋 直哉,3,43,52.6,0,0,0.18,5.12,34.31,47.06,5.04,30.56,48.61,27.78,42.59,19.23,42.31
2025-08-21,3,9,2025-08-21 14:52:00,5,第47回大江戸賞,6,3226,浦田 信義,3,60,52.3,0,0,0.2,3.98,18.87,32.08,5.3,35.23,51.14,43.1,63.79,32,48
2025-08-21,3,10,2025-08-21 15:22:00,5,第47回大江戸賞,1,4335,若林 将,1,41,52.6,0,0,0.13,7.08,50.47,73.83,6.69,48.08,65.38,27.78,42.59,28.13,45.31
2025-08-21,3,10,2025-08-21 15:22:00,5,第47回大江戸賞,2,3569,増田 進,3,54,52.3,0,0,0.19,4.23,20.51,38.46,5.24,32.69,46.79,35.85,50.94,36.84,52.63
2025-08-21,3,10,2025-08-21 15:22:00,5,第47回大江戸賞,3,5063,大塚 雅治,3,27,52.2,0,0,0.19,4.56,29.47,41.05,3.56,20.37,27.78,26.92,48.08,32.69,51.92
2025-08-21,3,10,2025-08-21 15:22:00,5,第47回大江戸賞,4,5007,近藤 雄一郎,3,28,53,0,0,0.18,4.22,19.8,38.61,5.18,33.33,53.47,25,36.67,18.87,41.51
2025-08-21,3,10,2025-08-21 15:22:00,5,第47回大江戸賞,5,4438,森作 雄大,3,39,53.7,1,0,0.13,5.45,38.74,55.86,5.66,38.65,53.37,41.51,50.94,48.84,58.14
2025-08-21,3,10,2025-08-21 15:22:00,5,第47回大江戸賞,6,3911,鈴木 猛,3,51,53.2,0,0,0.17,5.57,38.79,54.31,5.22,30.56,50,31.48,53.7,33.93,44.64
2025-08-21,3,11,2025-08-21 15:53:00,5,第47回大江戸賞,1,4266,長田 頼宗,1,40,52,0,0,0.15,6.99,51.24,66.12,7.38,53.85,64.1,42.31,65.38,39.22,70.59
2025-08-21,3,11,2025-08-21 15:53:00,5,第47回大江戸賞,2,4095,福来 剛,1,44,52,1,0,0.15,6.53,53.33,58.33,6.63,47.78,61.11,48.15,72.22,38.6,50.88
2025-08-21,3,11,2025-08-21 15:53:00,5,第47回大江戸賞,3,4379,桑島 和宏,1,41,55.4,0,0,0.16,6.46,46.9,69.03,6.49,44.96,64.34,49.06,62.26,29.63,38.89
2025-08-21,3,11,2025-08-21 15:53:00,5,第47回大江戸賞,4,4345,西舘 健,2,40,53.1,1,0,0.16,6.08,43.86,61.4,5.13,33.33,48.33,21.82,41.82,24.07,46.3
2025-08-21,3,11,2025-08-21 15:53:00,5,第47回大江戸賞,5,5226,藤田 俊祐,2,23,52,0,0,0.16,5.93,39.53,58.91,5.66,40,51.43,58.18,69.09,31.58,52.63
2025-08-21,3,11,2025-08-21 15:53:00,5,第47回大江戸賞,6,3888,山本 英志,3,50,52,0,0,0.16,5.76,35.71,58.93,6.32,41.96,65.18,40.32,54.84,35.19,46.3
2025-08-21,3,12,2025-08-21 16:25:00,5,第47回大江戸賞,1,3716,石渡 鉄兵,1,50,52.1,0,0,0.12,6.44,41.82,60.91,7.99,67.26,83.19,32,52,28,44
2025-08-21,3,12,2025-08-21 16:25:00,5,第47回大江戸賞,2,4847,佐藤 隆太郎,1,31,52,0,0,0.12,7.03,48.15,60.19,7.73,70.59,76.47,25.49,35.29,37.5,51.79
2025-08-21,3,12,2025-08-21 16:25:00,5,第47回大江戸賞,3,4468,大池 佑来,1,38,51,0,0,0.14,7.5,55.86,70.27,7.34,55.81,68.6,25,51.92,30.91,40
2025-08-21,3,12,2025-08-21 16:25:00,5,第47回大江戸賞,4,3978,齊藤 仁,1,48,51.5,0,0,0.14,6.6,42.65,58.82,7.29,57.14,71.43,27.78,55.56,39.29,53.57
2025-08-21,3,12,2025-08-21 16:25:00,5,第47回大江戸賞,5,4086,寺本 重宣,2,45,50,0,0,0.16,6.6,48.89,68.89,5.93,35.71,60.71,26.92,48.08,46.88,62.5
2025-08-21,3,12,2025-08-21 16:25:00,5,第47回大江戸賞,6,4748,渡邉 雄朗,1,39,52,0,0,0.13,6.48,51.2,66.4,6.91,50,73.08,36.54,44.23,35.29,56.86
2025-08-21,4,1,2025-08-21 11:53:00,5,第65回デイリースポーツサマーカップ,1,4895,門間 雄大,3,34,53.1,0,0,0.16,4.71,19.78,47.25,5.64,30.51,55.93,44.44,60,20.41,40.82
2025-08-21,4,1,2025-08-21 11:53:00,5,第65回デイリースポーツサマーカップ,2,3880,浅見 宗孝,3,52,54.7,0,0,0.2,4.2,20.69,38.79,5.18,24.24,54.55,33.96,56.6,28.3,49.06
2025-08-21,4,1,2025-08-21 11:53:00,5,第65回デイリースポーツサマーカップ,3,3385,渡邉 睦広,3,56,52.1,0,0,0.17,5.75,35.96,59.65,5.77,43.48,58.7,35.56,53.33,29.17,52.08
2025-08-21,4,1,2025-08-21 11:53:00,5,第65回デイリースポーツサマーカップ,4,4863,三浦 裕貴,3,36,54.2,1,0,0.13,5,31.51,45.21,4.28,16.67,33.33,31.91,48.94,32.61,54.35
2025-08-21,4,1,2025-08-21 11:53:00,5,第65回デイリースポーツサマーカップ,5,4560,庄司 樹良々,1,34,52.2,1,0,0.14,5.64,38.3,55.32,5.73,41.67,56.67,32.5,42.5,25.64,46.15
2025-08-21,4,1,2025-08-21 11:53:00,5,第65回デイリースポーツサマーカップ,6,3859,多羅尾 達之,4,52,51,1,0,0.15,4.23,20,35,3.67,16.67,28.57,34.69,42.86,34.88,53.49
2025-08-21,4,2,2025-08-21 12:22:00,5,第65回デイリースポーツサマーカップ,1,2538,高橋 二朗,3,76,52.2,0,0,0.21,2.99,11.69,15.58,3.84,12.66,30.38,31.48,50,38.64,56.82
2025-08-21,4,2,2025-08-21 12:22:00,5,第65回デイリースポーツサマーカップ,2,3808,秋田 健太郎,3,50,60.1,0,0,0.17,3.97,22.99,34.48,4.46,23.08,33.33,36.36,56.82,36.36,52.27
2025-08-21,4,2,2025-08-21 12:22:00,5,第65回デイリースポーツサマーカップ,3,4825,倉持 莉々,2,31,47,0,0,0.14,6.48,50,64.29,5.69,46.15,56.41,52,62,11.9,26.19
2025-08-21,4,2,2025-08-21 12:22:00,5,第65回デイリースポーツサマーカップ,4,4891,寺島 美里,3,35,46.5,0,0,0.16,5.1,31.36,50,5.05,29.27,48.78,38.78,51.02,36.96,52.17
2025-08-21,4,2,2025-08-21 12:22:00,5,第65回デイリースポーツサマーカップ,5,4883,岡部 大輝,3,29,52.4,1,0,0.14,5.23,32.93,52.44,5.69,34.29,57.14,30,44,35,42.5
2025-08-21,4,2,2025-08-21 12:22:00,5,第65回デイリースポーツサマーカップ,6,4854,大橋 由珠,4,30,44.5,0,0,,0,0,0,3.93,28.57,35.71,36.59,56.1,28.57,40.48
2025-08-21,4,3,2025-08-21 12:52:00,5,第65回デイリースポーツサマーカップ,1,4944,田代 達也,3,34,52.3,1,0,0.16,3.99,18.18,34.34,4.28,25.53,31.91,46.81,72.34,35.42,58.33
2025-08-21,4,3,2025-08-21 12:52:00,5,第65回デイリースポーツサマーカップ,2,3377,塚田 修二,4,57,53.1,0,0,0.2,3.97,15.12,34.88,3.96,16,36,36,56,18.75,37.5
2025-08-21,4,3,2025-08-21 12:52:00,5,第65回デイリースポーツサマーカップ,3,5047,國分 将太郎,3,31,53.1,1,0,0.17,3.96,17.39,34.78,4.79,29.85,41.79,37.21,67.44,28.57,32.65
2025-08-21,4,3,2025-08-21 12:52:00,5,第65回デイリースポーツサマーカップ,4,3596,河上 年昭,3,56,52,0,0,0.18,4.49,19.77,39.53,3.63,18.75,25,40.91,54.55,40,64.44
2025-08-21,4,3,2025-08-21 12:52:00,5,第65回デイリースポーツサマーカップ,5,4128,川口 貴久,3,45,55.8,0,0,0.15,4.48,27.78,42.59,4.24,29.41,35.29,36.54,51.92,25.58,39.53
2025-08-21,4,3,2025-08-21 12:52:00,5,第65回デイリースポーツサマーカップ,6,4759,今泉 友吾,1,35,51.5,0,0,0.16,6.63,45.92,65.31,7.03,55.83,73.33,34,40,8.11,13.51
2025-08-21,4,4,2025-08-21 13:22:00,5,第65回デイリースポーツサマーカップ,1,5135,仲 航太,2,25,52.6,0,0,0.15,5.19,33.01,50.49,5.56,37.36,55.75,31.37,54.9,36.73,51.02
2025-08-21,4,4,2025-08-21 13:22:00,5,第65回デイリースポーツサマーカップ,2,4103,山崎 善庸,3,46,52.2,0,0,0.22,4.07,17,32,4.99,30.43,44.93,28.89,44.44,39.22,60.78
2025-08-21,4,4,2025-08-21 13:22:00,5,第65回デイリースポーツサマーカップ,3,3072,西田 靖,3,63,52.1,0,0,0.18,4.5,26.47,38.24,5.03,29.06,46.15,29.55,40.91,23.08,42.31
2025-08-21,4,4,2025-08-21 13:22:00,5,第65回デイリースポーツサマーカップ,4,4608,荒井 翔伍,2,35,52.8,0,0,0.14,5.94,41.6,60.8,6.63,48.33,68.33,55.56,68.52,43.18,65.91
2025-08-21,4,4,2025-08-21 13:22:00,5,第65回デイリースポーツサマーカップ,5,3940,飯山 泰,1,47,51.5,0,0,0.15,6.5,46.67,67.41,6.25,40.3,61.19,39.53,51.16,40.91,56.82
2025-08-21,4,4,2025-08-21 13:22:00,5,第65回デイリースポーツサマーカップ,6,5415,阿部 未侑,4,19,50.5,0,0,,1.05,0,0,1,0,0,38.64,61.36,21.74,45.65
2025-08-21,4,5,2025-08-21 13:53:00,5,第65回デイリースポーツサマーカップ,1,4104,木下 陽介,3,45,53.5,1,0,0.17,4.9,30,43.33,4.88,34.69,38.78,32.65,51.02,37.78,68.89
2025-08-21,4,5,2025-08-21 13:53:00,5,第65回デイリースポーツサマーカップ,2,4297,山田 哲也,1,42,52.2,1,0,0.1,6.68,51.32,67.11,5.96,36.47,50.59,38.64,63.64,36.36,63.64
2025-08-21,4,5,2025-08-21 13:53:00,5,第65回デイリースポーツサマーカップ,3,4676,後藤 隼之,3,37,53.1,0,0,0.15,5.04,28.32,50.44,4.83,26.09,39.13,34.04,53.19,28.57,51.79
2025-08-21,4,5,2025-08-21 13:53:00,5,第65回デイリースポーツサマーカップ,4,5133,堀越 雄貴,3,26,51.5,0,0,0.17,4.93,27.66,50,4.57,25,44.44,47.73,61.36,50,63.64
2025-08-21,4,5,2025-08-21 13:53:00,5,第65回デイリースポーツサマーカップ,5,3656,伯母 芳恒,3,51,53.2,0,0,0.18,4.85,28.28,45.45,5.04,26.79,53.57,36.36,50,34,52
2025-08-21,4,5,2025-08-21 13:53:00,5,第65回デイリースポーツサマーカップ,6,4939,宮之原 輝紀,1,27,52,0,0,0.15,7.24,59.18,73.47,7.29,57.14,73.02,38.64,50,37.78,53.33
2025-08-21,4,6,2025-08-21 14:24:00,5,第65回デイリースポーツサマーカップ,1,3467,森 弘行,3,56,52.6,0,0,0.17,3.77,14.46,27.71,3.74,18.29,26.83,31.25,52.08,29.41,43.14
2025-08-21,4,6,2025-08-21 14:24:00,5,第65回デイリースポーツサマーカップ,2,4286,平田 さやか,2,41,48.2,0,0,0.16,5.34,30.77,53.85,5.43,30,50,44,60,46.51,58.14
2025-08-21,4,6,2025-08-21 14:24:00,5,第65回デイリースポーツサマーカップ,3,4702,三浦 敬太,1,38,52,0,0,0.14,6.78,52.58,68.04,5.31,39.66,53.45,29.55,54.55,48.89,53.33
2025-08-21,4,6,2025-08-21 14:24:00,5,第65回デイリースポーツサマーカップ,4,5035,櫻井 優,3,27,52,0,0,0.21,5.43,37.93,55.17,3.59,14.71,17.65,35.42,47.92,42.86,53.57
2025-08-21,4,6,2025-08-21 14:24:00,5,第65回デイリースポーツサマーカップ,5,4895,門間 雄大,3,34,53.1,0,0,0.16,4.71,19.78,47.25,5.64,30.51,55.93,44.44,60,20.41,40.82
2025-08-21,4,6,2025-08-21 14:24:00,5,第65回デイリースポーツサマーカップ,6,3800,牧 宏次,2,51,53.1,0,0,0.16,5.8,41.11,60,5.4,35.42,58.33,42.22,60,20.93,39.53
2025-08-21,4,7,2025-08-21 14:56:00,5,第65回デイリースポーツサマーカップ,1,3385,渡邉 睦広,3,56,52.1,0,0,0.17,5.75,35.96,59.65,5.77,43.48,58.7,35.56,53.33,29.17,52.08
2025-08-21,4,7,2025-08-21 14:56:00,5,第65回デイリースポーツサマーカップ,2,4854,大橋 由珠,4,30,44.5,0,0,,0,0,0,3.93,28.57,35.71,36.59,56.1,28.57,40.48
2025-08-21,4,7,2025-08-21 14:56:00,5,第65回デイリースポーツサマーカップ,3,4169,多田 有佑,3,43,52.1,1,0,0.2,4.43,20,37.5,4.12,23.88,34.33,38,46,21.43,30.95
2025-08-21,4,7,2025-08-21 14:56:00,5,第65回デイリースポーツサマーカップ,4,4883,岡部 大輝,3,29,52.4,1,0,0.14,5.23,32.93,52.44,5.69,34.29,57.14,30,44,35,42.5
2025-08-21,4,7,2025-08-21 14:56:00,5,第65回デイリースポーツサマーカップ,5,4505,島田 賢人,1,37,53.5,0,0,0.16,6.02,41.23,64.04,5.95,35,60,44.23,67.31,37.25,47.06
2025-08-21,4,7,2025-08-21 14:56:00,5,第65回デイリースポーツサマーカップ,6,4940,白石 有美,3,27,52.4,1,0,0.17,2.5,5.77,13.46,1.5,0,0,30,42,44.74,55.26
2025-08-21,4,8,2025-08-21 15:29:00,5,第65回デイリースポーツサマーカップ,1,3377,塚田 修二,4,57,53.1,0,0,0.2,3.97,15.12,34.88,3.96,16,36,36,56,18.75,37.5
2025-08-21,4,8,2025-08-21 15:29:00,5,第65回デイリースポーツサマーカップ,2,3859,多羅尾 達之,4,52,51,1,0,0.15,4.23,20,35,3.67,16.67,28.57,34.69,42.86,34.88,53.49
2025-08-21,4,8,2025-08-21 15:29:00,5,第65回デイリースポーツサマーカップ,3,3505,山田 竜一,2,54,52,0,0,0.15,5.04,30.97,52.21,6.01,38.83,63.11,42,50,40.74,72.22
2025-08-21,4,8,2025-08-21 15:29:00,5,第65回デイリースポーツサマーカップ,4,3880,浅見 宗孝,3,52,54.7,0,0,0.2,4.2,20.69,38.79,5.18,24.24,54.55,33.96,56.6,28.3,49.06
2025-08-21,4,8,2025-08-21 15:29:00,5,第65回デイリースポーツサマーカップ,5,3808,秋田 健太郎,3,50,60.1,0,0,0.17,3.97,22.99,34.48,4.46,23.08,33.33,36.36,56.82,36.36,52.27
2025-08-21,4,8,2025-08-21 15:29:00,5,第65回デイリースポーツサマーカップ,6,3207,田村 美和,4,59,52.8,0,0,0.21,3.65,12.5,27.5,4.07,22.22,37.78,30.61,48.98,43.18,61.36
2025-08-21,4,9,2025-08-21 16:03:00,5,第65回デイリースポーツサマーカップ,1,4560,庄司 樹良々,1,34,52.2,1,0,0.14,5.64,38.3,55.32,5.73,41.67,56.67,32.5,42.5,25.64,46.15
2025-08-21,4,9,2025-08-21 16:03:00,5,第65回デイリースポーツサマーカップ,2,3072,西田 靖,3,63,52.1,0,0,0.18,4.5,26.47,38.24,5.03,29.06,46.15,29.55,40.91,23.08,42.31
2025-08-21,4,9,2025-08-21 16:03:00,5,第65回デイリースポーツサマーカップ,3,4944,田代 達也,3,34,52.3,1,0,0.16,3.99,18.18,34.34,4.28,25.53,31.91,46.81,72.34,35.42,58.33
2025-08-21,4,9,2025-08-21 16:03:00,5,第65回デイリースポーツサマーカップ,4,2538,高橋 二朗,3,76,52.2,0,0,0.21,2.99,11.69,15.58,3.84,12.66,30.38,31.48,50,38.64,56.82
2025-08-21,4,9,2025-08-21 16:03:00,5,第65回デイリースポーツサマーカップ,5,4103,山崎 善庸,3,46,52.2,0,0,0.22,4.07,17,32,4.99,30.43,44.93,28.89,44.44,39.22,60.78
2025-08-21,4,9,2025-08-21 16:03:00,5,第65回デイリースポーツサマーカップ,6,4128,川口 貴久,3,45,55.8,0,0,0.15,4.48,27.78,42.59,4.24,29.41,35.29,36.54,51.92,25.58,39.53
2025-08-21,4,10,2025-08-21 16:36:00,5,第65回デイリースポーツサマーカップ,1,4759,今泉 友吾,1,35,51.5,0,0,0.16,6.63,45.92,65.31,7.03,55.83,73.33,34,40,8.11,13.51
2025-08-21,4,10,2025-08-21 16:36:00,5,第65回デイリースポーツサマーカップ,2,3940,飯山 泰,1,47,51.5,0,0,0.15,6.5,46.67,67.41,6.25,40.3,61.19,39.53,51.16,40.91,56.82
2025-08-21,4,10,2025-08-21 16:36:00,5,第65回デイリースポーツサマーカップ,3,5133,堀越 雄貴,3,26,51.5,0,0,0.17,4.93,27.66,50,4.57,25,44.44,47.73,61.36,50,63.64
2025-08-21,4,10,2025-08-21 16:36:00,5,第65回デイリースポーツサマーカップ,4,4825,倉持 莉々,2,31,47,0,0,0.14,6.48,50,64.29,5.69,46.15,56.41,52,62,11.9,26.19
2025-08-21,4,10,2025-08-21 16:36:00,5,第65回デイリースポーツサマーカップ,5,4297,山田 哲也,1,42,52.2,1,0,0.1,6.68,51.32,67.11,5.96,36.47,50.59,38.64,63.64,36.36,63.64
2025-08-21,4,10,2025-08-21 16:36:00,5,第65回デイリースポーツサマーカップ,6,5135,仲 航太,2,25,52.6,0,0,0.15,5.19,33.01,50.49,5.56,37.36,55.75,31.37,54.9,36.73,51.02
2025-08-21,4,11,2025-08-21 17:08:00,5,第65回デイリースポーツサマーカップ,1,4939,宮之原 輝紀,1,27,52,0,0,0.15,7.24,59.18,73.47,7.29,57.14,73.02,38.64,50,37.78,53.33
2025-08-21,4,11,2025-08-21 17:08:00,5,第65回デイリースポーツサマーカップ,2,4505,島田 賢人,1,37,53.5,0,0,0.16,6.02,41.23,64.04,5.95,35,60,44.23,67.31,37.25,47.06
2025-08-21,4,11,2025-08-21 17:08:00,5,第65回デイリースポーツサマーカップ,3,4608,荒井 翔伍,2,35,52.8,0,0,0.14,5.94,41.6,60.8,6.63,48.33,68.33,55.56,68.52,43.18,65.91
2025-08-21,4,11,2025-08-21 17:08:00,5,第65回デイリースポーツサマーカップ,4,4702,三浦 敬太,1,38,52,0,0,0.14,6.78,52.58,68.04,5.31,39.66,53.45,29.55,54.55,48.89,53.33
2025-08-21,4,11,2025-08-21 17:08:00,5,第65回デイリースポーツサマーカップ,5,4286,平田 さやか,2,41,48.2,0,0,0.16,5.34,30.77,53.85,5.43,30,50,44,60,46.51,58.14
2025-08-21,4,11,2025-08-21 17:08:00,5,第65回デイリースポーツサマーカップ,6,4104,木下 陽介,3,45,53.5,1,0,0.17,4.9,30,43.33,4.88,34.69,38.78,32.65,51.02,37.78,68.89
2025-08-21,4,12,2025-08-21 17:40:00,5,第65回デイリースポーツサマーカップ,1,3792,田中 豪,1,52,52.6,0,0,0.18,6.03,42.72,67.96,6.07,43.16,65.26,37.5,67.86,44.68,51.06
2025-08-21,4,12,2025-08-21 17:40:00,5,第65回デイリースポーツサマーカップ,2,4688,永井 彪也,1,32,53,0,0,0.13,6.88,52.94,66.39,6.62,48.08,69.23,34.78,52.17,38,60
2025-08-21,4,12,2025-08-21 17:40:00,5,第65回デイリースポーツサマーカップ,3,4758,富樫 麗加,3,35,52.1,0,0,0.19,5.61,31.71,56.1,5.35,30.43,56.52,51.16,62.79,26.83,48.78
2025-08-21,4,12,2025-08-21 17:40:00,5,第65回デイリースポーツサマーカップ,4,3966,作間 章,1,46,52.4,0,0,0.19,6.19,45.27,66.89,6.73,53.92,70.59,40,56,35.29,47.06
2025-08-21,4,12,2025-08-21 17:40:00,5,第65回デイリースポーツサマーカップ,5,4769,馬場 剛,2,33,51,0,0,0.12,5.65,37.17,56.64,6.53,50.65,68.83,35.42,58.33,25,42.5
2025-08-21,4,12,2025-08-21 17:40:00,5,第65回デイリースポーツサマーカップ,6,5044,渡邉 健,2,26,56.3,0,0,0.17,5.22,35,49,4.81,33.33,40.48,42.22,62.22,39.02,51.22
2025-08-21,5,1,2025-08-21 11:32:00,5,多摩川のおんなカップ,1,3863,海老澤 泰行,3,51,55,1,0,0.16,4.38,22.22,37.78,5.32,34.09,56.82,22.95,32.79,29.73,43.24
2025-08-21,5,1,2025-08-21 11:32:00,5,多摩川のおんなカップ,2,3606,川北 浩貴,2,53,52,1,0,0.18,5.26,33.06,50.41,6.28,46.3,66.67,27.38,45.24,35.06,48.05
2025-08-21,5,1,2025-08-21 11:32:00,5,多摩川のおんなカップ,3,4439,近藤 友宝,3,39,54.2,0,0,0.17,4,20.55,28.77,4.09,18.18,31.82,20.24,35.71,36,53.33
2025-08-21,5,1,2025-08-21 11:32:00,5,多摩川のおんなカップ,4,5310,土屋 蘭,3,20,46,0,0,0.22,3.34,9.23,20,0,0,0,28.57,45.45,34.52,51.19
2025-08-21,5,1,2025-08-21 11:32:00,5,多摩川のおんなカップ,5,3544,豊田 訓靖,4,56,51.5,0,0,0.16,0,0,0,4.27,31.82,36.36,36.26,56.04,22.5,41.25
2025-08-21,5,1,2025-08-21 11:32:00,5,多摩川のおんなカップ,6,5410,今泉 澪,4,20,47,0,0,,1.26,0,0,0,0,0,34.04,52.13,31.65,53.16
2025-08-21,5,2,2025-08-21 12:03:00,5,多摩川のおんなカップ,1,4182,吉田 和仁,3,41,55.7,1,0,0.16,4.61,22.45,38.78,3.67,22.22,22.22,32.94,52.94,27.94,44.12
2025-08-21,5,2,2025-08-21 12:03:00,5,多摩川のおんなカップ,2,4414,大澤 真菜,3,38,45.5,0,0,0.17,4.11,19.72,30.99,3.5,19.23,26.92,22.97,39.19,43.75,61.25
2025-08-21,5,2,2025-08-21 12:03:00,5,多摩川のおんなカップ,3,4308,河村 了,2,41,52,0,0,0.17,6.37,41.18,61.76,6.91,48.21,71.43,28,50.67,38.67,61.33
2025-08-21,5,2,2025-08-21 12:03:00,5,多摩川のおんなカップ,4,4140,梶野 学志,1,44,52,0,0,0.16,6.11,44.21,63.16,6.03,46.84,64.56,29.07,39.53,41.56,53.25
2025-08-21,5,2,2025-08-21 12:03:00,5,多摩川のおんなカップ,5,5122,相馬 翔,3,24,55.3,0,0,0.17,4.96,36.17,48.94,5.06,35.29,52.94,45.12,68.29,23.08,49.23
2025-08-21,5,2,2025-08-21 12:03:00,5,多摩川のおんなカップ,6,3642,大塚 浩二,3,54,52.1,0,0,0.19,3.81,18.09,27.66,4.64,20,44.44,32.61,48.91,38.67,57.33
2025-08-21,5,3,2025-08-21 12:29:00,5,多摩川のおんなカップ,1,4380,鈴木 峻佑,3,41,52,0,0,0.17,4.38,22.81,36.84,4.71,28.95,36.84,19.12,38.24,23.68,38.16
2025-08-21,5,3,2025-08-21 12:29:00,5,多摩川のおんなカップ,2,3905,天野 友和,2,47,52,0,0,0.16,6.26,45.83,65.63,6.5,50,73.68,26.51,40.96,31.65,50.63
2025-08-21,5,3,2025-08-21 12:29:00,5,多摩川のおんなカップ,3,4366,前沢 丈史,1,39,56,0,0,0.15,6.22,40.32,60.48,6.02,41.94,59.68,21.98,43.96,35.44,48.1
2025-08-21,5,3,2025-08-21 12:29:00,5,多摩川のおんなカップ,4,4081,樋口 範政,3,46,56.2,0,0,0.19,3.89,18.18,31.31,4,29.17,29.17,42.42,58.59,26.23,42.62
2025-08-21,5,3,2025-08-21 12:29:00,5,多摩川のおんなカップ,5,5365,石村 日奈那,4,24,46,0,0,0.24,1.81,0,3.13,1.06,0,0,28.41,50,29.17,48.61
2025-08-21,5,3,2025-08-21 12:29:00,5,多摩川のおんなカップ,6,3370,坪内 実,3,58,52.4,0,0,0.2,3.77,21.43,32.65,4.42,25,41.67,29.17,48.96,28.92,53.01
2025-08-21,5,4,2025-08-21 12:57:00,5,多摩川のおんなカップ,1,3718,伊達 正利,3,50,54.3,0,0,0.19,4.47,22.94,38.53,4.26,29.63,29.63,36.9,53.57,31.33,46.99
2025-08-21,5,4,2025-08-21 12:57:00,5,多摩川のおんなカップ,2,4766,石井 孝之,3,34,54.2,2,0,0.12,4.65,29.47,43.16,0,0,0,55.56,71.11,15.28,31.94
2025-08-21,5,4,2025-08-21 12:57:00,5,多摩川のおんなカップ,3,4488,小山 勉,1,39,52.1,1,0,0.15,6.64,51.55,71.13,5.97,38.89,58.33,26.23,44.26,25.97,48.05
2025-08-21,5,4,2025-08-21 12:57:00,5,多摩川のおんなカップ,4,5254,羽田 妃希,4,22,46,0,0,0.22,3.41,8.11,21.62,2.73,13.33,13.33,26.19,47.62,40.32,56.45
2025-08-21,5,4,2025-08-21 12:57:00,5,多摩川のおんなカップ,5,3357,福島 陽子,3,56,48.8,1,0,0.2,4.42,23.08,43.59,5.11,33.33,55.56,26.67,46.67,36.14,56.63
2025-08-21,5,4,2025-08-21 12:57:00,5,多摩川のおんなカップ,6,3811,石田 章央,2,49,52.5,0,0,0.15,6.13,44.09,64.57,6.46,48.72,61.54,28.75,48.75,49.4,62.65
2025-08-21,5,5,2025-08-21 13:34:00,5,多摩川のおんなカップ,1,3439,大平 誉史明,3,56,51.5,0,0,0.16,5.63,38.46,54.7,4.67,26.67,43.33,36.26,50.55,36.99,52.05
2025-08-21,5,5,2025-08-21 13:34:00,5,多摩川のおんなカップ,2,5310,土屋 蘭,3,20,46,0,0,0.22,3.34,9.23,20,0,0,0,28.57,45.45,34.52,51.19
2025-08-21,5,5,2025-08-21 13:34:00,5,多摩川のおんなカップ,3,5273,山下 拓巳,3,23,52,0,0,0.18,4.16,28.44,33.94,2.25,0,12.5,33.73,48.19,39.44,56.34
2025-08-21,5,5,2025-08-21 13:34:00,5,多摩川のおんなカップ,4,4278,藤岡 俊介,1,42,51.5,0,0,0.12,6.8,48.67,66.37,0,0,0,27.71,36.14,23.68,39.47
2025-08-21,5,5,2025-08-21 13:34:00,5,多摩川のおんなカップ,5,3435,寺田 千恵,1,56,46,0,0,0.15,6.75,47.01,71.64,5.41,35.29,41.18,26.97,50.56,37.33,53.33
2025-08-21,5,5,2025-08-21 13:34:00,5,多摩川のおんなカップ,6,4306,畔柳 俊吾,3,41,51.5,0,0,0.19,5.58,29.75,54.55,5.73,36.36,59.09,28.09,48.31,44.58,57.83
2025-08-21,5,6,2025-08-21 14:02:00,5,多摩川のおんなカップ,1,4439,近藤 友宝,3,39,54.2,0,0,0.17,4,20.55,28.77,4.09,18.18,31.82,20.24,35.71,36,53.33
2025-08-21,5,6,2025-08-21 14:02:00,5,多摩川のおんなカップ,2,3889,須藤 隆雄,3,50,53.7,0,0,0.2,4.07,22.86,33.33,4.93,32.39,45.07,28.57,42.86,23.75,41.25
2025-08-21,5,6,2025-08-21 14:02:00,5,多摩川のおんなカップ,3,3642,大塚 浩二,3,54,52.1,0,0,0.19,3.81,18.09,27.66,4.64,20,44.44,32.61,48.91,38.67,57.33
2025-08-21,5,6,2025-08-21 14:02:00,5,多摩川のおんなカップ,4,3771,折下 寛法,3,51,50.5,0,0,0.13,4.92,25.96,44.23,5.83,31.43,57.14,26.67,46.67,15.79,45.61
2025-08-21,5,6,2025-08-21 14:02:00,5,多摩川のおんなカップ,5,4305,金子 拓矢,1,41,52.3,0,0,0.15,7.2,58.33,76.85,6,43.75,56.25,35.06,50.65,45.95,62.16
2025-08-21,5,6,2025-08-21 14:02:00,5,多摩川のおんなカップ,6,3612,馬袋 義則,1,52,54,0,0,0.14,6.24,43.06,62.5,6.29,48.39,67.74,26.51,42.17,38.27,51.85
2025-08-21,5,7,2025-08-21 14:38:00,5,多摩川のおんなカップ,1,3850,小川 知行,3,53,52.1,0,0,0.15,4.61,19.09,45.45,4.31,24.49,44.9,26.37,42.86,37.18,57.69
2025-08-21,5,7,2025-08-21 14:38:00,5,多摩川のおんなカップ,2,4650,中山 雄太,1,41,52.2,0,0,0.15,6.11,43.07,56.2,5.53,36.84,47.37,32.58,51.69,38.16,46.05
2025-08-21,5,7,2025-08-21 14:38:00,5,多摩川のおんなカップ,3,4140,梶野 学志,1,44,52,0,0,0.16,6.11,44.21,63.16,6.03,46.84,64.56,29.07,39.53,41.56,53.25
2025-08-21,5,7,2025-08-21 14:38:00,5,多摩川のおんなカップ,4,5365,石村 日奈那,4,24,46,0,0,0.24,1.81,0,3.13,1.06,0,0,28.41,50,29.17,48.61
2025-08-21,5,7,2025-08-21 14:38:00,5,多摩川のおんなカップ,5,3502,渡邉 英児,3,56,52.6,0,0,0.17,5.21,32.33,53.38,4.88,24.24,51.52,14.29,28.57,28.05,42.68
2025-08-21,5,7,2025-08-21 14:38:00,5,多摩川のおんなカップ,6,5410,今泉 澪,4,20,47,0,0,,1.26,0,0,0,0,0,34.04,52.13,31.65,53.16
2025-08-21,5,8,2025-08-21 15:12:00,5,多摩川のおんなカップ,1,4319,三宅 潤,2,40,53.2,0,0,0.16,5.92,41.22,60.31,5.88,35.29,55.88,36.25,52.5,25,43.75
2025-08-21,5,8,2025-08-21 15:12:00,5,多摩川のおんなカップ,2,5122,相馬 翔,3,24,55.3,0,0,0.17,4.96,36.17,48.94,5.06,35.29,52.94,45.12,68.29,23.08,49.23
2025-08-21,5,8,2025-08-21 15:12:00,5,多摩川のおんなカップ,3,3863,海老澤 泰行,3,51,55,1,0,0.16,4.38,22.22,37.78,5.32,34.09,56.82,22.95,32.79,29.73,43.24
2025-08-21,5,8,2025-08-21 15:12:00,5,多摩川のおんなカップ,4,4366,前沢 丈史,1,39,56,0,0,0.15,6.22,40.32,60.48,6.02,41.94,59.68,21.98,43.96,35.44,48.1
2025-08-21,5,8,2025-08-21 15:12:00,5,多摩川のおんなカップ,5,4766,石井 孝之,3,34,54.2,2,0,0.12,4.65,29.47,43.16,0,0,0,55.56,71.11,15.28,31.94
2025-08-21,5,8,2025-08-21 15:12:00,5,多摩川のおんなカップ,6,4055,吉田 俊彦,2,47,52,0,0,0.15,6.35,45.6,61.6,6.05,40.54,54.05,35.71,53.06,28.17,45.07
2025-08-21,5,9,2025-08-21 15:43:00,5,多摩川のおんなカップ,1,4645,上村 純一,2,45,52,0,0,0.15,6.33,49.5,60.4,6.61,53.57,67.86,37.78,60,26.25,37.5
2025-08-21,5,9,2025-08-21 15:43:00,5,多摩川のおんなカップ,2,3544,豊田 訓靖,4,56,51.5,0,0,0.16,0,0,0,4.27,31.82,36.36,36.26,56.04,22.5,41.25
2025-08-21,5,9,2025-08-21 15:43:00,5,多摩川のおんなカップ,3,5254,羽田 妃希,4,22,46,0,0,0.22,3.41,8.11,21.62,2.73,13.33,13.33,26.19,47.62,40.32,56.45
2025-08-21,5,9,2025-08-21 15:43:00,5,多摩川のおんなカップ,4,3435,寺田 千恵,1,56,46,0,0,0.15,6.75,47.01,71.64,5.41,35.29,41.18,26.97,50.56,37.33,53.33
2025-08-21,5,9,2025-08-21 15:43:00,5,多摩川のおんなカップ,5,3655,本橋 克洋,2,51,52.3,0,0,0.19,5.86,40.5,61.98,5.67,33.33,52.94,8.33,16.67,31.33,42.17
2025-08-21,5,9,2025-08-21 15:43:00,5,多摩川のおんなカップ,6,4081,樋口 範政,3,46,56.2,0,0,0.19,3.89,18.18,31.31,4,29.17,29.17,42.42,58.59,26.23,42.62
2025-08-21,5,10,2025-08-21 16:24:00,5,多摩川のおんなカップ,1,4308,河村 了,2,41,52,0,0,0.17,6.37,41.18,61.76,6.91,48.21,71.43,28,50.67,38.67,61.33
2025-08-21,5,10,2025-08-21 16:24:00,5,多摩川のおんなカップ,2,4278,藤岡 俊介,1,42,51.5,0,0,0.12,6.8,48.67,66.37,0,0,0,27.71,36.14,23.68,39.47
2025-08-21,5,10,2025-08-21 16:24:00,5,多摩川のおんなカップ,3,3370,坪内 実,3,58,52.4,0,0,0.2,3.77,21.43,32.65,4.42,25,41.67,29.17,48.96,28.92,53.01
2025-08-21,5,10,2025-08-21 16:24:00,5,多摩川のおんなカップ,4,4283,石井 裕美,3,41,49.3,0,0,0.18,4.54,21.79,41.03,3.62,14.71,26.47,58.7,70.65,23.94,39.44
2025-08-21,5,10,2025-08-21 16:24:00,5,多摩川のおんなカップ,5,3889,須藤 隆雄,3,50,53.7,0,0,0.2,4.07,22.86,33.33,4.93,32.39,45.07,28.57,42.86,23.75,41.25
2025-08-21,5,10,2025-08-21 16:24:00,5,多摩川のおんなカップ,6,4467,渡邉 俊介,2,38,51,0,0,0.14,5.96,42.45,63.21,4.67,22.22,37.04,29.11,45.57,24.36,41.03
2025-08-21,5,11,2025-08-21 17:00:00,5,多摩川のおんなカップ,1,4488,小山 勉,1,39,52.1,1,0,0.15,6.64,51.55,71.13,5.97,38.89,58.33,26.23,44.26,25.97,48.05
2025-08-21,5,11,2025-08-21 17:00:00,5,多摩川のおんなカップ,2,3612,馬袋 義則,1,52,54,0,0,0.14,6.24,43.06,62.5,6.29,48.39,67.74,26.51,42.17,38.27,51.85
2025-08-21,5,11,2025-08-21 17:00:00,5,多摩川のおんなカップ,3,3606,川北 浩貴,2,53,51.5,1,0,0.18,5.26,33.06,50.41,6.28,46.3,66.67,27.38,45.24,35.06,48.05
2025-08-21,5,11,2025-08-21 17:00:00,5,多摩川のおんなカップ,4,4380,鈴木 峻佑,3,41,51.5,0,0,0.17,4.38,22.81,36.84,4.71,28.95,36.84,19.12,38.24,23.68,38.16
2025-08-21,5,11,2025-08-21 17:00:00,5,多摩川のおんなカップ,5,4182,吉田 和仁,3,41,55.7,1,0,0.16,4.61,22.45,38.78,3.67,22.22,22.22,32.94,52.94,27.94,44.12
2025-08-21,5,11,2025-08-21 17:00:00,5,多摩川のおんなカップ,6,4375,照屋 厚仁,2,41,52.3,0,0,0.16,5.63,41.44,54.95,5.3,45,50,7.27,27.27,29.73,41.89
2025-08-21,5,12,2025-08-21 17:32:00,5,多摩川のおんなカップ,1,4305,金子 拓矢,1,41,52.3,0,0,0.15,7.2,58.33,76.85,6,43.75,56.25,35.06,50.65,45.95,62.16
2025-08-21,5,12,2025-08-21 17:32:00,5,多摩川のおんなカップ,2,4319,三宅 潤,2,40,53.2,0,0,0.16,5.92,41.22,60.31,5.88,35.29,55.88,36.25,52.5,25,43.75
2025-08-21,5,12,2025-08-21 17:32:00,5,多摩川のおんなカップ,3,3718,伊達 正利,3,50,54.3,0,0,0.19,4.47,22.94,38.53,4.26,29.63,29.63,36.9,53.57,31.33,46.99
2025-08-21,5,12,2025-08-21 17:32:00,5,多摩川のおんなカップ,4,5273,山下 拓巳,3,23,52,0,0,0.18,4.16,28.44,33.94,2.25,0,12.5,33.73,48.19,39.44,56.34
2025-08-21,5,12,2025-08-21 17:32:00,5,多摩川のおんなカップ,5,3905,天野 友和,2,47,52,0,0,0.16,6.26,45.83,65.63,6.5,50,73.68,26.51,40.96,31.65,50.63
2025-08-21,5,12,2025-08-21 17:32:00,5,多摩川のおんなカップ,6,4650,中山 雄太,1,41,52.2,0,0,0.15,6.11,43.07,56.2,5.53,36.84,47.37,32.58,51.69,38.16,46.05
2025-08-21,8,1,2025-08-21 10:42:00,5,ヴィーナスシリーズ第11戦常滑シンデレラカップ,1,4123,細川 裕子,1,43,47,1,0,0.18,6.9,50.72,73.91,7.32,54.55,77.92,38.27,57.14,29.73,45.95
2025-08-21,8,1,2025-08-21 10:42:00,5,ヴィーナスシリーズ第11戦常滑シンデレラカップ,2,5264,登 みひ果,3,25,45.5,1,0,0.16,4.16,23.81,32.38,2.5,7.14,7.14,26.25,43.75,28.57,35.71
2025-08-21,8,1,2025-08-21 10:42:00,5,ヴィーナスシリーズ第11戦常滑シンデレラカップ,3,4694,高田 綾,3,40,45,0,0,0.18,4.76,25.33,44,0,0,0,35.36,49.17,30,55
2025-08-21,8,1,2025-08-21 10:42:00,5,ヴィーナスシリーズ第11戦常滑シンデレラカップ,4,5347,井澤 聖奈,4,21,46.5,1,0,0.2,1.52,0,1.59,1.17,0,0,33.51,50.27,38.71,48.39
2025-08-21,8,1,2025-08-21 10:42:00,5,ヴィーナスシリーズ第11戦常滑シンデレラカップ,5,5335,森 陽多,3,20,47,0,0,0.19,2.65,9.73,18.58,1.5,0,0,34.43,50.27,56.25,71.88
2025-08-21,8,1,2025-08-21 10:42:00,5,ヴィーナスシリーズ第11戦常滑シンデレラカップ,6,4997,濱崎 寿里矢,4,32,48,0,0,0.17,3.75,18.18,30.91,2.19,0,6.25,38.92,54.59,31.58,47.37
2025-08-21,8,2,2025-08-21 11:10:00,5,ヴィーナスシリーズ第11戦常滑シンデレラカップ,1,5305,伊藤 栞,4,22,54.2,0,0,0.2,1.87,3.45,5.75,1.42,0,2.35,37.17,56.54,36.67,63.33
2025-08-21,8,2,2025-08-21 11:10:00,5,ヴィーナスシリーズ第11戦常滑シンデレラカップ,2,4961,西橋 奈未,1,29,47,0,0,0.15,7.08,50,65.38,7.56,50,75,31.87,45.6,37.84,59.46
2025-08-21,8,2,2025-08-21 11:10:00,5,ヴィーナスシリーズ第11戦常滑シンデレラカップ,3,4882,瀧川 千依,3,29,47.2,0,0,0.22,4.55,23.29,38.36,4.14,28.57,42.86,31.55,45.24,35.71,46.43
2025-08-21,8,2,2025-08-21 11:10:00,5,ヴィーナスシリーズ第11戦常滑シンデレラカップ,4,3528,笠野 友紀恵,3,54,47,0,0,0.22,3.86,13.79,34.48,3.64,17.95,23.08,32.79,56.28,25,39.29
2025-08-21,8,2,2025-08-21 11:10:00,5,ヴィーナスシリーズ第11戦常滑シンデレラカップ,5,5416,龍田 真白,4,19,43.5,0,0,,1.16,0,0,0,0,0,32.82,51.28,21.74,30.43
2025-08-21,8,2,2025-08-21 11:10:00,5,ヴィーナスシリーズ第11戦常滑シンデレラカップ,6,4183,宇野 弥生,2,39,47.3,0,0,0.13,6.28,50.77,59.23,5.65,38.75,53.75,30.51,49.15,25,46.88
2025-08-21,8,3,2025-08-21 11:40:00,5,ヴィーナスシリーズ第11戦常滑シンデレラカップ,1,3845,中谷 朋子,2,48,45.5,1,0,0.19,6.08,47.83,55.43,6.1,41.46,65.85,30.17,48.04,37.14,60
2025-08-21,8,3,2025-08-21 11:40:00,5,ヴィーナスシリーズ第11戦常滑シンデレラカップ,2,5156,坂野 さくら,3,28,46.5,1,0,0.17,4.47,27.27,37.5,4.05,20.93,32.56,30.86,46.86,46.43,53.57
2025-08-21,8,3,2025-08-21 11:40:00,5,ヴィーナスシリーズ第11戦常滑シンデレラカップ,3,4994,山本 梨菜,2,27,47,0,0,0.19,6.28,45.1,65.69,6.1,50,60,35.83,51.87,33.33,55.56
2025-08-21,8,3,2025-08-21 11:40:00,5,ヴィーナスシリーズ第11戦常滑シンデレラカップ,4,5171,清水 未唯,4,24,55,0,0,0.16,3.4,11.32,20.75,1.83,0,0,34.64,49.72,11.11,22.22
2025-08-21,8,3,2025-08-21 11:40:00,5,ヴィーナスシリーズ第11戦常滑シンデレラカップ,5,4240,今井 裕梨,1,41,45,0,0,0.15,5.65,42.2,55.96,6.44,40.74,66.67,33.51,57.3,20.69,27.59
2025-08-21,8,3,2025-08-21 11:40:00,5,ヴィーナスシリーズ第11戦常滑シンデレラカップ,6,4947,間庭 菜摘,3,33,47.2,0,0,0.19,5,21.74,52.17,4.5,20,30,23.37,39.13,55.56,69.44
2025-08-21,8,4,2025-08-21 12:10:00,5,ヴィーナスシリーズ第11戦常滑シンデレラカップ,1,5019,柴田 百恵,3,25,44.5,0,0,0.17,5.66,40.63,55.21,5.29,30.49,52.44,26.28,37.82,29.17,33.33
2025-08-21,8,4,2025-08-21 12:10:00,5,ヴィーナスシリーズ第11戦常滑シンデレラカップ,2,4611,今井 美亜,2,35,47.5,0,0,0.16,6.4,47.96,61.22,6.22,43.48,60.87,41,51.5,26.67,60
2025-08-21,8,4,2025-08-21 12:10:00,5,ヴィーナスシリーズ第11戦常滑シンデレラカップ,3,5117,冨名腰 桃奈,3,25,48.8,0,0,0.21,4.06,22.45,32.65,4.88,37.5,62.5,46.15,65.13,26.67,46.67
2025-08-21,8,4,2025-08-21 12:10:00,5,ヴィーナスシリーズ第11戦常滑シンデレラカップ,4,5314,中曽 瑠華,4,24,52.3,1,0,0.2,1.87,0,5.63,1.25,0,0,30.65,45.16,0,16.67
2025-08-21,8,4,2025-08-21 12:10:00,5,ヴィーナスシリーズ第11戦常滑シンデレラカップ,5,4680,後藤 美翼,3,35,47,0,0,0.2,4.99,28.05,48.78,4.86,28.57,42.86,32.26,52.69,21.88,34.38
2025-08-21,8,4,2025-08-21 12:10:00,5,ヴィーナスシリーズ第11戦常滑シンデレラカップ,6,4546,浜田 亜理沙,1,37,47,1,0,0.16,6.47,42.73,60,7.31,58.33,69.44,35.96,56.16,31.03,48.28
2025-08-21,8,5,2025-08-21 12:40:00,5,ヴィーナスシリーズ第11戦常滑シンデレラカップ,1,4372,原田 佑実,3,38,46,1,0,0.16,5.7,37.04,58.02,6,42.86,57.14,37.1,50.54,17.24,27.59
2025-08-21,8,5,2025-08-21 12:40:00,5,ヴィーナスシリーズ第11戦常滑シンデレラカップ,2,4897,深見 亜由美,4,33,45,0,0,,0,0,0,4.11,22.22,44.44,30.3,47.27,51.61,64.52
2025-08-21,8,5,2025-08-21 12:40:00,5,ヴィーナスシリーズ第11戦常滑シンデレラカップ,3,4804,高田 ひかる,2,31,47,0,0,0.2,5.95,37.27,56.36,6.55,47.5,65,41.49,55.85,48.78,70.73
2025-08-21,8,5,2025-08-21 12:40:00,5,ヴィーナスシリーズ第11戦常滑シンデレラカップ,4,5340,樋江井 舞,3,24,46,0,0,0.21,3.2,9.26,25.93,1.78,0,3.7,29.24,46.2,25,44.44
2025-08-21,8,5,2025-08-21 12:40:00,5,ヴィーナスシリーズ第11戦常滑シンデレラカップ,5,5088,高憧 四季,1,25,44.5,0,0,0.16,6.86,48.31,72.88,8.47,66.67,86.67,30.48,42.78,37.04,62.96
2025-08-21,8,5,2025-08-21 12:40:00,5,ヴィーナスシリーズ第11戦常滑シンデレラカップ,6,5162,松尾 怜実,4,25,44.5,0,0,0.18,3.21,10.26,17.95,4.43,0,57.14,40.96,56.91,8.33,33.33
2025-08-21,8,6,2025-08-21 13:12:00,5,ヴィーナスシリーズ第11戦常滑シンデレラカップ,1,3999,大瀧 明日香,1,46,46.5,0,0,0.17,6.56,47.37,66.17,6.07,44.19,61.63,47.59,72.73,26.47,50
2025-08-21,8,6,2025-08-21 13:12:00,5,ヴィーナスシリーズ第11戦常滑シンデレラカップ,2,5144,中尾 彩香,3,24,46,0,0,0.2,4.11,23.6,34.83,5.5,40,50,30.77,46.75,35.71,46.43
2025-08-21,8,6,2025-08-21 13:12:00,5,ヴィーナスシリーズ第11戦常滑シンデレラカップ,3,5335,森 陽多,3,20,47,0,0,0.19,2.65,9.73,18.58,1.5,0,0,34.43,50.27,56.25,71.88
2025-08-21,8,6,2025-08-21 13:12:00,5,ヴィーナスシリーズ第11戦常滑シンデレラカップ,4,5003,来田 衣織,3,29,51.3,0,0,0.19,3.71,18.75,32.14,4.33,22.22,33.33,30,44.12,26.67,40
2025-08-21,8,6,2025-08-21 13:12:00,5,ヴィーナスシリーズ第11戦常滑シンデレラカップ,5,4400,加藤 奈月,3,37,54.1,0,0,0.19,4.39,18.67,37.33,4.56,22.22,33.33,29.52,50,62.96,62.96
2025-08-21,8,6,2025-08-21 13:12:00,5,ヴィーナスシリーズ第11戦常滑シンデレラカップ,6,5416,龍田 真白,4,19,43.5,0,0,,1.16,0,0,0,0,0,32.82,51.28,21.74,30.43
2025-08-21,8,7,2025-08-21 13:44:00,5,ヴィーナスシリーズ第11戦常滑シンデレラカップ,1,4385,鈴木 祐美子,3,40,48.4,0,0,0.22,3.94,12.86,31.43,0,0,0,29.05,44.69,48.57,54.29
2025-08-21,8,7,2025-08-21 13:44:00,5,ヴィーナスシリーズ第11戦常滑シンデレラカップ,2,4536,喜井 つかさ,2,35,47.1,0,0,0.17,5.22,31.18,45.16,7.45,63.64,90.91,33.86,49.74,50,73.33
2025-08-21,8,7,2025-08-21 13:44:00,5,ヴィーナスシリーズ第11戦常滑シンデレラカップ,3,4984,森下 愛梨,3,28,49.7,0,0,0.17,5.31,26.85,50,5,21.05,47.37,34.41,49.46,29.73,43.24
2025-08-21,8,7,2025-08-21 13:44:00,5,ヴィーナスシリーズ第11戦常滑シンデレラカップ,4,4997,濱崎 寿里矢,4,32,48,0,0,0.17,3.75,18.18,30.91,2.19,0,6.25,38.92,54.59,31.58,47.37
2025-08-21,8,7,2025-08-21 13:44:00,5,ヴィーナスシリーズ第11戦常滑シンデレラカップ,5,5370,日隈 茜,4,23,48.4,1,0,0.22,1.42,2,3,0,0,0,40.74,61.38,29.41,50
2025-08-21,8,7,2025-08-21 13:44:00,5,ヴィーナスシリーズ第11戦常滑シンデレラカップ,6,4900,中田 夕貴,2,32,46.5,1,0,0.17,5.52,34.04,55.32,5.75,35.71,53.57,32.74,56.55,35.14,54.05
2025-08-21,8,8,2025-08-21 14:16:00,5,ヴィーナスシリーズ第11戦常滑シンデレラカップ,1,4781,西舘 果里,3,38,50.9,1,0,0.17,4.77,27.69,44.62,0,0,0,32.22,47.78,48.15,66.67
2025-08-21,8,8,2025-08-21 14:16:00,5,ヴィーナスシリーズ第11戦常滑シンデレラカップ,2,4183,宇野 弥生,2,39,47.3,0,0,0.13,6.28,50.77,59.23,5.65,38.75,53.75,30.51,49.15,25,46.88
2025-08-21,8,8,2025-08-21 14:16:00,5,ヴィーナスシリーズ第11戦常滑シンデレラカップ,3,5188,武井 莉里佳,2,24,44.5,0,0,0.19,5.24,31.68,49.5,5.95,36.84,57.89,35.38,53.85,31.03,48.28
2025-08-21,8,8,2025-08-21 14:16:00,5,ヴィーナスシリーズ第11戦常滑シンデレラカップ,4,5019,柴田 百恵,3,25,44.5,0,0,0.17,5.66,40.63,55.21,5.29,30.49,52.44,26.28,37.82,29.17,33.33
2025-08-21,8,8,2025-08-21 14:16:00,5,ヴィーナスシリーズ第11戦常滑シンデレラカップ,5,5347,井澤 聖奈,4,21,46.5,1,0,0.2,1.52,0,1.59,1.17,0,0,33.51,50.27,38.71,48.39
2025-08-21,8,8,2025-08-21 14:16:00,5,ヴィーナスシリーズ第11戦常滑シンデレラカップ,6,5156,坂野 さくら,3,28,46.5,1,0,0.17,4.47,27.27,37.5,4.05,20.93,32.56,30.86,46.86,46.43,53.57
2025-08-21,8,9,2025-08-21 14:50:00,5,ヴィーナスシリーズ第11戦常滑シンデレラカップ,1,4994,山本 梨菜,2,27,47,0,0,0.19,6.28,45.1,65.69,6.1,50,60,35.83,51.87,33.33,55.56
2025-08-21,8,9,2025-08-21 14:50:00,5,ヴィーナスシリーズ第11戦常滑シンデレラカップ,2,3528,笠野 友紀恵,3,54,47,0,0,0.22,3.86,13.79,34.48,3.64,17.95,23.08,32.79,56.28,25,39.29
2025-08-21,8,9,2025-08-21 14:50:00,5,ヴィーナスシリーズ第11戦常滑シンデレラカップ,3,5088,高憧 四季,1,25,44.5,0,0,0.16,6.86,48.31,72.88,8.47,66.67,86.67,30.48,42.78,37.04,62.96
2025-08-21,8,9,2025-08-21 14:50:00,5,ヴィーナスシリーズ第11戦常滑シンデレラカップ,4,4694,高田 綾,3,40,45,0,0,0.18,4.76,25.33,44,0,0,0,35.36,49.17,30,55
2025-08-21,8,9,2025-08-21 14:50:00,5,ヴィーナスシリーズ第11戦常滑シンデレラカップ,5,4611,今井 美亜,2,35,47.5,0,0,0.16,6.4,47.96,61.22,6.22,43.48,60.87,41,51.5,26.67,60
2025-08-21,8,9,2025-08-21 14:50:00,5,ヴィーナスシリーズ第11戦常滑シンデレラカップ,6,5198,奥村 明日香,3,23,44.5,0,0,0.19,3.79,13.41,31.71,0,0,0,29.09,41.21,36,52
2025-08-21,8,10,2025-08-21 15:25:00,5,ヴィーナスシリーズ第11戦常滑シンデレラカップ,1,4775,千葉 真弥,3,31,47,0,0,0.18,5.54,36.78,52.87,3,16.67,16.67,36.95,50.25,29.63,40.74
2025-08-21,8,10,2025-08-21 15:25:00,5,ヴィーナスシリーズ第11戦常滑シンデレラカップ,2,4400,加藤 奈月,3,37,54.4,0,0,0.19,4.39,18.67,37.33,4.56,22.22,33.33,29.52,50,62.96,62.96
2025-08-21,8,10,2025-08-21 15:25:00,5,ヴィーナスシリーズ第11戦常滑シンデレラカップ,3,4546,浜田 亜理沙,1,37,46.5,1,0,0.16,6.47,42.73,60,7.31,58.33,69.44,35.96,56.16,31.03,48.28
2025-08-21,8,10,2025-08-21 15:25:00,5,ヴィーナスシリーズ第11戦常滑シンデレラカップ,4,5162,松尾 怜実,4,25,44,0,0,0.18,3.21,10.26,17.95,4.43,0,57.14,40.96,56.91,8.33,33.33
2025-08-21,8,10,2025-08-21 15:25:00,5,ヴィーナスシリーズ第11戦常滑シンデレラカップ,5,4882,瀧川 千依,3,29,47,0,0,0.22,4.55,23.29,38.36,4.14,28.57,42.86,31.55,45.24,35.71,46.43
2025-08-21,8,10,2025-08-21 15:25:00,5,ヴィーナスシリーズ第11戦常滑シンデレラカップ,6,4240,今井 裕梨,1,41,45,0,0,0.15,5.65,42.2,55.96,6.44,40.74,66.67,33.51,57.3,20.69,27.59
2025-08-21,8,11,2025-08-21 16:02:00,5,ヴィーナスシリーズ第11戦常滑シンデレラカップ,1,4804,高田 ひかる,2,31,47,0,0,0.2,5.95,37.27,56.36,6.55,47.5,65,41.49,55.85,48.78,70.73
2025-08-21,8,11,2025-08-21 16:02:00,5,ヴィーナスシリーズ第11戦常滑シンデレラカップ,2,4947,間庭 菜摘,3,33,47.2,0,0,0.19,5,21.74,52.17,4.5,20,30,23.37,39.13,55.56,69.44
2025-08-21,8,11,2025-08-21 16:02:00,5,ヴィーナスシリーズ第11戦常滑シンデレラカップ,3,4123,細川 裕子,1,43,47,1,0,0.18,6.9,50.72,73.91,7.32,54.55,77.92,38.27,57.14,29.73,45.95
2025-08-21,8,11,2025-08-21 16:02:00,5,ヴィーナスシリーズ第11戦常滑シンデレラカップ,4,4720,西澤 日花里,3,31,47.1,0,0,0.2,5.31,30.77,53.85,0,0,0,29.52,50.6,24.32,48.65
2025-08-21,8,11,2025-08-21 16:02:00,5,ヴィーナスシリーズ第11戦常滑シンデレラカップ,5,3999,大瀧 明日香,1,46,46.5,0,0,0.17,6.56,47.37,66.17,6.07,44.19,61.63,47.59,72.73,26.47,50
2025-08-21,8,11,2025-08-21 16:02:00,5,ヴィーナスシリーズ第11戦常滑シンデレラカップ,6,5117,冨名腰 桃奈,3,25,48.8,0,0,0.21,4.06,22.45,32.65,4.88,37.5,62.5,46.15,65.13,26.67,46.67
2025-08-21,8,12,2025-08-21 16:40:00,5,ヴィーナスシリーズ第11戦常滑シンデレラカップ,1,4961,西橋 奈未,1,29,47,0,0,0.15,7.08,50,65.38,7.56,50,75,31.87,45.6,37.84,59.46
2025-08-21,8,12,2025-08-21 16:40:00,5,ヴィーナスシリーズ第11戦常滑シンデレラカップ,2,4680,後藤 美翼,3,35,47,0,0,0.2,4.99,28.05,48.78,4.86,28.57,42.86,32.26,52.69,21.88,34.38
2025-08-21,8,12,2025-08-21 16:40:00,5,ヴィーナスシリーズ第11戦常滑シンデレラカップ,3,3845,中谷 朋子,2,48,45.5,1,0,0.19,6.08,47.83,55.43,6.1,41.46,65.85,30.17,48.04,37.14,60
2025-08-21,8,12,2025-08-21 16:40:00,5,ヴィーナスシリーズ第11戦常滑シンデレラカップ,4,4900,中田 夕貴,2,32,46.5,1,0,0.17,5.52,34.04,55.32,5.75,35.71,53.57,32.74,56.55,35.14,54.05
2025-08-21,8,12,2025-08-21 16:40:00,5,ヴィーナスシリーズ第11戦常滑シンデレラカップ,5,4372,原田 佑実,3,38,46,1,0,0.16,5.7,37.04,58.02,6,42.86,57.14,37.1,50.54,17.24,27.59
2025-08-21,8,12,2025-08-21 16:40:00,5,ヴィーナスシリーズ第11戦常滑シンデレラカップ,6,5188,武井 莉里佳,2,24,44.5,0,0,0.19,5.24,31.68,49.5,5.95,36.84,57.89,35.38,53.85,31.03,48.28
2025-08-21,11,1,2025-08-21 10:36:00,5,デイリースポーツ杯争奪第40回オールニッポン選抜戦,1,3304,烏野 賢太,1,57,51.5,1,0,0.17,5.77,37.5,54.46,0,0,0,31.76,48.24,43.75,62.5
2025-08-21,11,1,2025-08-21 10:36:00,5,デイリースポーツ杯争奪第40回オールニッポン選抜戦,2,4257,古川 健,3,41,52,1,0,0.15,5.22,34.69,53.06,4.8,13.33,33.33,27.85,36.71,48.84,58.14
2025-08-21,11,1,2025-08-21 10:36:00,5,デイリースポーツ杯争奪第40回オールニッポン選抜戦,3,4835,橋本 明,3,37,53.3,0,0,0.15,4.94,23.73,46.61,2.5,0,25,32.65,51.02,35.23,48.86
2025-08-21,11,1,2025-08-21 10:36:00,5,デイリースポーツ杯争奪第40回オールニッポン選抜戦,4,4396,大田 直弥,3,39,52,0,0,0.2,5.29,29.91,52.34,0,0,0,26.67,37.33,16.13,27.42
2025-08-21,11,1,2025-08-21 10:36:00,5,デイリースポーツ杯争奪第40回オールニッポン選抜戦,5,3527,中嶋 誠一郎,3,54,52.1,0,0,0.17,5.4,33.33,53.17,0,0,0,29.41,44.71,20.83,31.94
2025-08-21,11,1,2025-08-21 10:36:00,5,デイリースポーツ杯争奪第40回オールニッポン選抜戦,6,5396,近藤 来希,4,23,51,0,0,,1.33,0,2.04,1.13,0,0,21.15,32.69,39.08,49.43
2025-08-21,11,2,2025-08-21 11:03:00,5,デイリースポーツ杯争奪第40回オールニッポン選抜戦,1,4332,村上 彰一,3,41,55.3,0,0,0.18,4.21,21.43,37.14,6.18,36.36,63.64,41.03,62.82,19.48,37.66
2025-08-21,11,2,2025-08-21 11:03:00,5,デイリースポーツ杯争奪第40回オールニッポン選抜戦,2,4817,渡邉 翼,2,34,50,0,0,0.17,5.57,38.83,57.28,6.8,60,60,20,36.92,36.9,53.57
2025-08-21,11,2,2025-08-21 11:03:00,5,デイリースポーツ杯争奪第40回オールニッポン選抜戦,3,4230,濱崎 直矢,1,42,53.4,1,0,0.14,6.9,51.94,66.67,7.43,60.87,78.26,30.77,48.72,24.36,42.31
2025-08-21,11,2,2025-08-21 11:03:00,5,デイリースポーツ杯争奪第40回オールニッポン選抜戦,4,5245,倉富 大誠,3,23,52,0,0,0.18,5.28,34.21,48.25,3.49,15.38,23.08,34.88,52.33,33.33,52.87
2025-08-21,11,2,2025-08-21 11:03:00,5,デイリースポーツ杯争奪第40回オールニッポン選抜戦,5,4390,松本 弓雄,3,39,52,1,0,0.17,4.1,19.75,34.57,3.63,18.52,29.63,35.37,57.32,32.5,42.5
2025-08-21,11,2,2025-08-21 11:03:00,5,デイリースポーツ杯争奪第40回オールニッポン選抜戦,6,4952,吉武 真也,3,31,52,0,0,0.19,4.17,21.33,38.67,0,0,0,25,42.86,10,28.75
2025-08-21,11,3,2025-08-21 11:34:00,5,デイリースポーツ杯争奪第40回オールニッポン選抜戦,1,3773,津留 浩一郎,3,51,54.8,0,0,0.16,5.05,32.99,45.36,4.76,38.1,38.1,48.6,69.16,31.25,50
2025-08-21,11,3,2025-08-21 11:34:00,5,デイリースポーツ杯争奪第40回オールニッポン選抜戦,2,4254,川島 圭司,2,42,52,0,0,0.14,6.12,42.37,61.02,6.23,47.03,63.24,21.67,38.33,40.24,48.78
2025-08-21,11,3,2025-08-21 11:34:00,5,デイリースポーツ杯争奪第40回オールニッポン選抜戦,3,3444,香月 大介,3,55,52.3,2,0,0.15,3.66,18.18,28.57,3.6,15,25,52.08,67.71,21.54,27.69
2025-08-21,11,3,2025-08-21 11:34:00,5,デイリースポーツ杯争奪第40回オールニッポン選抜戦,4,3946,赤岩 善生,1,49,53.6,0,0,0.16,7.16,58.17,73.86,7.78,67.5,80,25,38.24,24.32,31.08
2025-08-21,11,3,2025-08-21 11:34:00,5,デイリースポーツ杯争奪第40回オールニッポン選抜戦,5,4872,山下 流心,3,32,52,0,0,0.19,4.48,23.48,40,3.88,25,37.5,33.33,41.98,36.26,54.95
2025-08-21,11,3,2025-08-21 11:34:00,5,デイリースポーツ杯争奪第40回オールニッポン選抜戦,6,3843,上之 晃弘,3,49,53.6,0,0,0.17,4.61,28.45,41.38,0,0,0,31.43,57.14,29.87,45.45
2025-08-21,11,4,2025-08-21 12:04:00,5,デイリースポーツ杯争奪第40回オールニッポン選抜戦,1,4725,佐竹 太一,3,38,52,1,0,0.2,4.73,23.81,41.9,5.31,31.25,56.25,29.11,43.04,26.32,43.42
2025-08-21,11,4,2025-08-21 12:04:00,5,デイリースポーツ杯争奪第40回オールニッポン選抜戦,2,4695,尾崎 雄二,3,39,52.8,0,0,0.18,5.08,31.67,49.17,4.68,26.32,36.84,51.16,63.95,44.05,63.1
2025-08-21,11,4,2025-08-21 12:04:00,5,デイリースポーツ杯争奪第40回オールニッポン選抜戦,3,4294,古賀 繁輝,2,39,55.6,0,0,0.17,6.54,47.57,64.08,4.78,22.22,33.33,39.51,51.85,32,58.67
2025-08-21,11,4,2025-08-21 12:04:00,5,デイリースポーツ杯争奪第40回オールニッポン選抜戦,4,4980,佐々木 完太,1,29,52,0,0,0.15,6.68,48.21,69.64,8.33,66.67,77.78,22.95,37.7,32.5,43.75
2025-08-21,11,4,2025-08-21 12:04:00,5,デイリースポーツ杯争奪第40回オールニッポン選抜戦,5,5014,梶山 涼斗,3,27,52.3,0,0,0.13,4.51,23.4,41.49,2.78,0,22.22,37.36,56.04,31.08,39.19
2025-08-21,11,4,2025-08-21 12:04:00,5,デイリースポーツ杯争奪第40回オールニッポン選抜戦,6,3587,武田 信一,3,52,58.3,0,0,0.17,4.75,30.67,44,0,0,0,53.54,65.66,37.33,50.67
2025-08-21,11,5,2025-08-21 12:36:00,5,デイリースポーツ杯争奪第40回オールニッポン選抜戦,1,4789,古賀 智之,3,36,53.6,0,0,0.17,4.98,27.59,50.57,4.8,26.67,53.33,19.3,35.09,29.49,53.85
2025-08-21,11,5,2025-08-21 12:36:00,5,デイリースポーツ杯争奪第40回オールニッポン選抜戦,2,5166,仲道 大輔,2,25,52,0,0,0.17,5.96,41.89,64.86,6,44.44,55.56,35.48,56.99,42.68,62.2
2025-08-21,11,5,2025-08-21 12:36:00,5,デイリースポーツ杯争奪第40回オールニッポン選抜戦,3,5031,渡辺 空依,3,27,53.3,1,0,0.19,4.24,14,40,0,0,0,23.08,37.18,39.76,51.81
2025-08-21,11,5,2025-08-21 12:36:00,5,デイリースポーツ杯争奪第40回オールニッポン選抜戦,4,4652,酒見 峻介,2,40,51.5,0,0,0.15,6.33,50.44,69.91,4.43,26.67,36.67,33.68,56.84,39.76,54.22
2025-08-21,11,5,2025-08-21 12:36:00,5,デイリースポーツ杯争奪第40回オールニッポン選抜戦,5,5280,廣瀬 凜,3,22,52,0,0,0.21,5.6,34.06,57.97,3.9,14.18,32.84,41.76,57.14,28.75,47.5
2025-08-21,11,5,2025-08-21 12:36:00,5,デイリースポーツ杯争奪第40回オールニッポン選抜戦,6,4594,谷川 祐一,2,43,52,0,0,0.16,5.81,38.26,58.26,6.16,47.69,60,32.18,50.57,29.23,40
2025-08-21,11,6,2025-08-21 13:06:00,5,デイリースポーツ杯争奪第40回オールニッポン選抜戦,1,4204,柴田 大輔,4,43,52,0,0,0.26,4.59,22.73,44.32,4.8,28,44,37.21,45.35,25.93,34.57
2025-08-21,11,6,2025-08-21 13:06:00,5,デイリースポーツ杯争奪第40回オールニッポン選抜戦,2,5290,坂本 一真,3,24,51.5,0,0,0.18,1.98,6.25,8.33,0,0,0,42.7,57.3,28.38,52.7
2025-08-21,11,6,2025-08-21 13:06:00,5,デイリースポーツ杯争奪第40回オールニッポン選抜戦,3,3333,丸尾 義孝,2,57,52.1,0,0,0.16,5.85,39.19,64.86,7,66.67,71.43,20.9,41.79,30.67,44
2025-08-21,11,6,2025-08-21 13:06:00,5,デイリースポーツ杯争奪第40回オールニッポン選抜戦,4,4257,古川 健,3,41,52,1,0,0.15,5.22,34.69,53.06,4.8,13.33,33.33,27.85,36.71,48.84,58.14
2025-08-21,11,6,2025-08-21 13:06:00,5,デイリースポーツ杯争奪第40回オールニッポン選抜戦,5,4543,重木 輝彦,1,37,52,0,0,0.19,6.77,50.43,70.43,7.38,61.9,71.43,25.37,44.78,24.05,39.24
2025-08-21,11,6,2025-08-21 13:06:00,5,デイリースポーツ杯争奪第40回オールニッポン選抜戦,6,5197,中野 仁照,1,23,52.3,1,0,0.12,6.22,45,63.33,6.47,46.67,66.67,32.56,55.81,37.8,52.44
2025-08-21,11,7,2025-08-21 13:40:00,5,デイリースポーツ杯争奪第40回オールニッポン選抜戦,1,5232,樅山 拓馬,3,28,52,0,0,0.13,4.81,28.45,49.14,0,0,0,36.96,55.43,39.29,61.9
2025-08-21,11,7,2025-08-21 13:40:00,5,デイリースポーツ杯争奪第40回オールニッポン選抜戦,2,3527,中嶋 誠一郎,3,54,52,0,0,0.17,5.4,33.33,53.17,0,0,0,29.41,44.71,20.83,31.94
2025-08-21,11,7,2025-08-21 13:40:00,5,デイリースポーツ杯争奪第40回オールニッポン選抜戦,3,4575,戸塚 邦好,2,36,51.5,1,0,0.14,6.36,47.92,65.63,6.43,50,64.29,29.31,44.83,36.62,59.15
2025-08-21,11,7,2025-08-21 13:40:00,5,デイリースポーツ杯争奪第40回オールニッポン選抜戦,4,4952,吉武 真也,3,31,52,0,0,0.19,4.17,21.33,38.67,0,0,0,25,42.86,10,28.75
2025-08-21,11,7,2025-08-21 13:40:00,5,デイリースポーツ杯争奪第40回オールニッポン選抜戦,5,5353,草川 壮良,4,20,51,0,0,0.19,1.97,3.37,5.62,1.84,2.86,4.29,32.93,45.12,32.56,55.81
2025-08-21,11,7,2025-08-21 13:40:00,5,デイリースポーツ杯争奪第40回オールニッポン選抜戦,6,4914,吉田 裕平,1,28,52,0,0,0.13,7.68,58.41,73.45,7.94,74.19,90.32,42.35,64.71,29.63,44.44
2025-08-21,11,8,2025-08-21 14:09:00,5,デイリースポーツ杯争奪第40回オールニッポン選抜戦,1,4704,河野 大,1,37,51.5,0,0,0.16,6.28,45.65,61.59,5.74,38.71,51.61,38.27,53.09,34.21,46.05
2025-08-21,11,8,2025-08-21 14:09:00,5,デイリースポーツ杯争奪第40回オールニッポン選抜戦,2,4835,橋本 明,3,37,53.3,0,0,0.15,4.94,23.73,46.61,2.5,0,25,32.65,51.02,35.23,48.86
2025-08-21,11,8,2025-08-21 14:09:00,5,デイリースポーツ杯争奪第40回オールニッポン選抜戦,3,4332,村上 彰一,3,41,55.3,0,0,0.18,4.21,21.43,37.14,6.18,36.36,63.64,41.03,62.82,19.48,37.66
2025-08-21,11,8,2025-08-21 14:09:00,5,デイリースポーツ杯争奪第40回オールニッポン選抜戦,4,4725,佐竹 太一,3,38,52,1,0,0.2,4.73,23.81,41.9,5.31,31.25,56.25,29.11,43.04,26.32,43.42
2025-08-21,11,8,2025-08-21 14:09:00,5,デイリースポーツ杯争奪第40回オールニッポン選抜戦,5,5345,牧村 俊輝,4,22,52,1,0,0.23,1.98,3.23,6.45,1.29,0,0,51.02,69.39,41.86,60.47
2025-08-21,11,8,2025-08-21 14:09:00,5,デイリースポーツ杯争奪第40回オールニッポン選抜戦,6,3444,香月 大介,3,55,52.3,2,0,0.15,3.66,18.18,28.57,3.6,15,25,52.08,67.71,21.54,27.69
2025-08-21,11,9,2025-08-21 14:39:00,5,デイリースポーツ杯争奪第40回オールニッポン選抜戦,1,4396,大田 直弥,3,39,52,0,0,0.2,5.29,29.91,52.34,0,0,0,26.67,37.33,16.13,27.42
2025-08-21,11,9,2025-08-21 14:39:00,5,デイリースポーツ杯争奪第40回オールニッポン選抜戦,2,4872,山下 流心,3,32,52,0,0,0.19,4.48,23.48,40,3.88,25,37.5,33.33,41.98,36.26,54.95
2025-08-21,11,9,2025-08-21 14:39:00,5,デイリースポーツ杯争奪第40回オールニッポン選抜戦,3,3679,飯島 昌弘,1,52,52.3,0,0,0.16,6.93,52.9,73.19,7.68,54.55,86.36,55.45,68.32,40.7,47.67
2025-08-21,11,9,2025-08-21 14:39:00,5,デイリースポーツ杯争奪第40回オールニッポン選抜戦,4,4789,古賀 智之,3,36,53.6,0,0,0.17,4.98,27.59,50.57,4.8,26.67,53.33,19.3,35.09,29.49,53.85
2025-08-21,11,9,2025-08-21 14:39:00,5,デイリースポーツ杯争奪第40回オールニッポン選抜戦,5,4695,尾崎 雄二,3,39,52.8,0,0,0.18,5.08,31.67,49.17,4.68,26.32,36.84,51.16,63.95,44.05,63.1
2025-08-21,11,9,2025-08-21 14:39:00,5,デイリースポーツ杯争奪第40回オールニッポン選抜戦,6,5245,倉富 大誠,3,23,52,0,0,0.18,5.28,34.21,48.25,3.49,15.38,23.08,34.88,52.33,33.33,52.87
2025-08-21,11,10,2025-08-21 15:10:00,5,デイリースポーツ杯争奪第40回オールニッポン選抜戦,1,4594,谷川 祐一,2,43,52,0,0,0.16,5.81,38.26,58.26,6.16,47.69,60,32.18,50.57,29.23,40
2025-08-21,11,10,2025-08-21 15:10:00,5,デイリースポーツ杯争奪第40回オールニッポン選抜戦,2,4980,佐々木 完太,1,29,52,0,0,0.15,6.68,48.21,69.64,8.33,66.67,77.78,22.95,37.7,32.5,43.75
2025-08-21,11,10,2025-08-21 15:10:00,5,デイリースポーツ杯争奪第40回オールニッポン選抜戦,3,3946,赤岩 善生,1,49,53.6,0,0,0.16,7.16,58.17,73.86,7.78,67.5,80,25,38.24,24.32,31.08
2025-08-21,11,10,2025-08-21 15:10:00,5,デイリースポーツ杯争奪第40回オールニッポン選抜戦,4,4817,渡邉 翼,2,34,50,0,0,0.17,5.57,38.83,57.28,6.8,60,60,20,36.92,36.9,53.57
2025-08-21,11,10,2025-08-21 15:10:00,5,デイリースポーツ杯争奪第40回オールニッポン選抜戦,5,4204,柴田 大輔,4,43,52,0,0,0.26,4.59,22.73,44.32,4.8,28,44,37.21,45.35,25.93,34.57
2025-08-21,11,10,2025-08-21 15:10:00,5,デイリースポーツ杯争奪第40回オールニッポン選抜戦,6,3304,烏野 賢太,1,57,51.5,1,0,0.17,5.77,37.5,54.46,0,0,0,31.76,48.24,43.75,62.5
2025-08-21,11,11,2025-08-21 15:41:00,5,デイリースポーツ杯争奪第40回オールニッポン選抜戦,1,5197,中野 仁照,1,23,52.3,1,0,0.12,6.22,45,63.33,6.47,46.67,66.67,32.56,55.81,37.8,52.44
2025-08-21,11,11,2025-08-21 15:41:00,5,デイリースポーツ杯争奪第40回オールニッポン選抜戦,2,5280,廣瀬 凜,3,22,52,0,0,0.21,5.6,34.06,57.97,3.9,14.18,32.84,41.76,57.14,28.75,47.5
2025-08-21,11,11,2025-08-21 15:41:00,5,デイリースポーツ杯争奪第40回オールニッポン選抜戦,3,5014,梶山 涼斗,3,27,52.3,0,0,0.13,4.51,23.4,41.49,2.78,0,22.22,37.36,56.04,31.08,39.19
2025-08-21,11,11,2025-08-21 15:41:00,5,デイリースポーツ杯争奪第40回オールニッポン選抜戦,4,5232,樅山 拓馬,3,28,52,0,0,0.13,4.81,28.45,49.14,0,0,0,36.96,55.43,39.29,61.9
2025-08-21,11,11,2025-08-21 15:41:00,5,デイリースポーツ杯争奪第40回オールニッポン選抜戦,5,4230,濱崎 直矢,1,42,53.4,1,0,0.14,6.9,51.94,66.67,7.43,60.87,78.26,30.77,48.72,24.36,42.31
2025-08-21,11,11,2025-08-21 15:41:00,5,デイリースポーツ杯争奪第40回オールニッポン選抜戦,6,3773,津留 浩一郎,3,51,54.8,0,0,0.16,5.05,32.99,45.36,4.76,38.1,38.1,48.6,69.16,31.25,50
2025-08-21,11,12,2025-08-21 16:10:00,5,デイリースポーツ杯争奪第40回オールニッポン選抜戦,1,4914,吉田 裕平,1,28,52,0,0,0.13,7.68,58.41,73.45,7.94,74.19,90.32,42.35,64.71,29.63,44.44
2025-08-21,11,12,2025-08-21 16:10:00,5,デイリースポーツ杯争奪第40回オールニッポン選抜戦,2,4543,重木 輝彦,1,37,52,0,0,0.19,6.77,50.43,70.43,7.38,61.9,71.43,25.37,44.78,24.05,39.24
2025-08-21,11,12,2025-08-21 16:10:00,5,デイリースポーツ杯争奪第40回オールニッポン選抜戦,3,4652,酒見 峻介,2,40,51.5,0,0,0.15,6.33,50.44,69.91,4.43,26.67,36.67,33.68,56.84,39.76,54.22
2025-08-21,11,12,2025-08-21 16:10:00,5,デイリースポーツ杯争奪第40回オールニッポン選抜戦,4,4294,古賀 繁輝,2,39,55.6,0,0,0.17,6.54,47.57,64.08,4.78,22.22,33.33,39.51,51.85,32,58.67
2025-08-21,11,12,2025-08-21 16:10:00,5,デイリースポーツ杯争奪第40回オールニッポン選抜戦,5,4254,川島 圭司,2,42,52,0,0,0.14,6.12,42.37,61.02,6.23,47.03,63.24,21.67,38.33,40.24,48.78
2025-08-21,11,12,2025-08-21 16:10:00,5,デイリースポーツ杯争奪第40回オールニッポン選抜戦,6,4704,河野 大,1,37,51.5,0,0,0.16,6.28,45.65,61.59,5.74,38.71,51.61,38.27,53.09,34.21,46.05
2025-08-21,15,1,2025-08-21 15:20:00,5,RNC杯争奪 サマーチャンピオンレース,1,3568,木村 光宏,3,54,53.3,0,0,0.18,4.66,23.38,45.45,5.22,28.4,55.56,32.14,52.23,19.23,38.46
2025-08-21,15,1,2025-08-21 15:20:00,5,RNC杯争奪 サマーチャンピオンレース,2,4020,川上 清人,3,45,61.1,1,0,0.17,4.18,22,34,4.3,22.97,35.14,37.67,54.71,33.33,43.33
2025-08-21,15,1,2025-08-21 15:20:00,5,RNC杯争奪 サマーチャンピオンレース,3,4511,中岡 健人,4,36,56.1,0,0,0.19,4.01,22.97,36.49,4.74,27.4,46.58,39.01,56.05,30,33.33
2025-08-21,15,1,2025-08-21 15:20:00,5,RNC杯争奪 サマーチャンピオンレース,4,3910,松下 知幸,3,51,51.5,0,0,0.17,4.23,21.57,32.35,4.44,21.24,34.51,32.3,47.79,40.74,59.26
2025-08-21,15,1,2025-08-21 15:20:00,5,RNC杯争奪 サマーチャンピオンレース,5,5037,田頭 虎親,3,27,52,1,0,0.19,4.41,21.69,40.96,6.05,44.85,62.5,40.45,57.73,46.43,75
2025-08-21,15,1,2025-08-21 15:20:00,5,RNC杯争奪 サマーチャンピオンレース,6,3401,上田 隆章,3,57,52.1,1,0,0.19,4.64,23.29,45.21,4.82,28.77,46.58,36.84,57.46,34.48,58.62
2025-08-21,15,2,2025-08-21 15:47:00,5,RNC杯争奪 サマーチャンピオンレース,1,4823,中村 桃佳,3,32,45,0,0,0.15,6.11,43.04,65.82,6.24,51.47,69.12,39.25,59.35,58.33,75
2025-08-21,15,2,2025-08-21 15:47:00,5,RNC杯争奪 サマーチャンピオンレース,2,4324,海野 康志郎,1,37,56.5,0,0,0.14,7,57.02,72.73,7.96,60,90,29.61,45.63,35.71,64.29
2025-08-21,15,2,2025-08-21 15:47:00,5,RNC杯争奪 サマーチャンピオンレース,3,3710,吉永 泰弘,3,51,52,0,0,0.17,5.01,28.85,50,4.59,21.88,46.88,27.56,43.11,60,85
2025-08-21,15,2,2025-08-21 15:47:00,5,RNC杯争奪 サマーチャンピオンレース,4,3837,秋山 広一,2,50,52.5,1,0,0.15,6.08,41.38,61.21,6.13,41.48,61.48,47.95,61.19,42.86,50
2025-08-21,15,2,2025-08-21 15:47:00,5,RNC杯争奪 サマーチャンピオンレース,5,3541,三嶌 誠司,1,57,51.5,0,0,0.14,6.47,47.37,67.37,6.74,52.88,68.27,39.82,49.56,33.33,62.96
2025-08-21,15,2,2025-08-21 15:47:00,5,RNC杯争奪 サマーチャンピオンレース,6,5352,西岡 蒼志,3,20,53.4,0,0,0.18,3.54,6.1,18.29,2.26,2.33,9.3,39.21,54.19,41.67,54.17
2025-08-21,15,3,2025-08-21 16:16:00,5,RNC杯争奪 サマーチャンピオンレース,1,5241,門田 栞,3,25,48,0,0,0.16,4.65,27.62,43.81,3.67,19.13,29.57,34.39,50.68,44,56
2025-08-21,15,3,2025-08-21 16:16:00,5,RNC杯争奪 サマーチャンピオンレース,2,4931,木谷 賢太,2,29,52.3,0,0,0.16,6.01,34.48,58.62,6.31,45.45,62.99,27.06,44.04,23.08,34.62
2025-08-21,15,3,2025-08-21 16:16:00,5,RNC杯争奪 サマーチャンピオンレース,3,3442,宮武 英司,3,55,52.8,0,0,0.17,5.35,33.94,53.21,5.04,31.16,46.38,44.34,61.32,42.31,57.69
2025-08-21,15,3,2025-08-21 16:16:00,5,RNC杯争奪 サマーチャンピオンレース,4,3832,下田 哲也,3,50,55.2,0,0,0.17,4.75,25.49,41.18,4.74,27.14,45.71,36,53.78,30,35
2025-08-21,15,3,2025-08-21 16:16:00,5,RNC杯争奪 サマーチャンピオンレース,5,4437,中田 元泰,1,39,53.2,0,0,0.15,6.01,42.35,63.53,6.52,49.69,64.78,29.55,50.45,26.67,43.33
2025-08-21,15,3,2025-08-21 16:16:00,5,RNC杯争奪 サマーチャンピオンレース,6,4772,石丸 海渡,1,32,55.8,0,0,0.11,6.25,47.5,60,6.52,50,64.62,33.64,50.91,34.62,46.15
2025-08-21,15,4,2025-08-21 16:45:00,5,RNC杯争奪 サマーチャンピオンレース,1,4821,妻鳥 晋也,3,33,55.4,0,0,0.19,4.86,29.52,45.71,5.1,30.48,47.62,31.74,49.13,40.91,59.09
2025-08-21,15,4,2025-08-21 16:45:00,5,RNC杯争奪 サマーチャンピオンレース,2,4583,古田 祐貴,2,35,52,0,0,0.16,5.5,35.04,57.26,6.23,46.43,64.29,33.18,47.93,22.22,27.78
2025-08-21,15,4,2025-08-21 16:45:00,5,RNC杯争奪 サマーチャンピオンレース,3,5298,水谷 理人,3,23,51.5,0,0,0.17,5.96,40,56,3.95,20.51,32.48,38.36,53.88,8.7,43.48
2025-08-21,15,4,2025-08-21 16:45:00,5,RNC杯争奪 サマーチャンピオンレース,4,5326,三嶌 さらら,3,21,46.5,0,0,0.2,2.63,5.48,12.33,1.67,1.39,2.78,31.42,46.9,6.25,18.75
2025-08-21,15,4,2025-08-21 16:45:00,5,RNC杯争奪 サマーチャンピオンレース,5,3908,重成 一人,1,46,54.5,0,0,0.14,6.79,46.27,64.18,6.28,39.17,63.33,37.17,50.44,46.15,50
2025-08-21,15,4,2025-08-21 16:45:00,5,RNC杯争奪 サマーチャンピオンレース,6,5224,西岡 顕心,1,24,51.5,0,0,0.16,6.72,47.93,70.25,6.54,42.86,67.53,41.18,57.01,36.67,56.67
2025-08-21,15,5,2025-08-21 17:11:00,5,RNC杯争奪 サマーチャンピオンレース,1,4348,宮崎 奨,2,39,53.5,0,0,0.18,6.44,46.55,71.55,5.81,38.14,54.64,29.78,46.22,18.52,25.93
2025-08-21,15,5,2025-08-21 17:11:00,5,RNC杯争奪 サマーチャンピオンレース,2,3578,塩田 雄一,3,52,51,0,0,0.18,4.86,32.65,44.9,4.45,22.06,39.71,32.29,50.22,37.93,65.52
2025-08-21,15,5,2025-08-21 17:11:00,5,RNC杯争奪 サマーチャンピオンレース,3,3478,嶋田 貴支,3,54,52,0,0,0.17,4.79,24.04,44.23,5.01,26.67,46.67,34.1,48.85,21.74,30.43
2025-08-21,15,5,2025-08-21 17:11:00,5,RNC杯争奪 サマーチャンピオンレース,4,4529,嶋 義信,2,36,52.6,0,0,0.14,5.11,34.38,47.92,5.45,33.33,49.02,40.74,57.41,36,56
2025-08-21,15,5,2025-08-21 17:11:00,5,RNC杯争奪 サマーチャンピオンレース,5,4643,近江 翔吾,1,32,52,0,0,0.15,6.88,54.33,70.08,6.88,52.99,67.91,46.82,69.09,24,36
2025-08-21,15,5,2025-08-21 17:11:00,5,RNC杯争奪 サマーチャンピオンレース,6,4459,片岡 雅裕,1,39,52,0,0,0.12,6.85,40.71,59.29,7.55,56.43,77.86,35.11,52.89,8.7,39.13
2025-08-21,15,6,2025-08-21 17:38:00,5,RNC杯争奪 サマーチャンピオンレース,1,5257,西丸 侑太朗,2,21,52,1,0,0.18,6.83,53.38,72.18,4.59,22.86,40.95,33.48,53.13,32.14,42.86
2025-08-21,15,6,2025-08-21 17:38:00,5,RNC杯争奪 サマーチャンピオンレース,2,4894,原村 拓也,3,34,52,1,0,0.18,4.25,20.45,38.64,4.94,22.81,47.37,31.22,45.7,32.14,42.86
2025-08-21,15,6,2025-08-21 17:38:00,5,RNC杯争奪 サマーチャンピオンレース,3,3849,中岡 正彦,1,47,52,0,0,0.14,7.34,60.58,76.92,6.24,49.06,62.26,31.53,48.65,29.63,33.33
2025-08-21,15,6,2025-08-21 17:38:00,5,RNC杯争奪 サマーチャンピオンレース,4,5265,大廣 咲季,3,25,47,1,0,0.16,3.84,20.25,32.91,2.63,7.69,18.27,34.82,49.55,25.81,41.94
2025-08-21,15,6,2025-08-21 17:38:00,5,RNC杯争奪 サマーチャンピオンレース,5,5173,谷口 佳蓮,3,23,47.4,0,0,0.17,4.76,31.03,43.1,4.5,29.41,40.2,38.82,58.65,35.71,35.71
2025-08-21,15,6,2025-08-21 17:38:00,5,RNC杯争奪 サマーチャンピオンレース,6,4030,森高 一真,1,47,51,0,0,0.15,6.54,36.78,57.47,7.5,55.28,77.24,26.61,43.58,23.81,28.57
2025-08-21,15,7,2025-08-21 18:05:00,5,RNC杯争奪 サマーチャンピオンレース,1,4852,川原 祐明,1,30,52,0,0,0.17,6.7,49.12,68.42,6.7,48.37,68.63,36.24,58.52,31.82,59.09
2025-08-21,15,7,2025-08-21 18:05:00,5,RNC杯争奪 サマーチャンピオンレース,2,4010,越智 照浩,4,45,56,0,0,0.19,3.76,14.67,26.67,4.24,17.8,39.83,31.98,53.15,23.08,38.46
2025-08-21,15,7,2025-08-21 18:05:00,5,RNC杯争奪 サマーチャンピオンレース,3,4450,平高 奈菜,1,38,47.2,1,0,0.15,6.73,43.93,68.22,6.74,44.57,67.39,46.98,62.33,44,60
2025-08-21,15,7,2025-08-21 18:05:00,5,RNC杯争奪 サマーチャンピオンレース,4,5291,三嶌 こころ,3,24,50.3,1,0,0.23,3.31,12.38,23.81,2.34,3.95,5.26,38.5,50.88,40.74,66.67
2025-08-21,15,7,2025-08-21 18:05:00,5,RNC杯争奪 サマーチャンピオンレース,5,3701,大西 隆洋,3,52,55.8,0,0,0.16,4.12,19.05,36.19,3.94,23.15,31.48,33.48,54.91,25,37.5
2025-08-21,15,7,2025-08-21 18:05:00,5,RNC杯争奪 サマーチャンピオンレース,6,4739,中村 晃朋,1,33,51.5,0,0,0.15,6.87,50.96,60.58,6.55,46.77,65.32,41.44,63.06,23.08,46.15
2025-08-21,15,8,2025-08-21 18:31:00,5,RNC杯争奪 サマーチャンピオンレース,1,4776,竹田 和哉,1,31,52,0,0,0.17,6.98,49.22,72.66,6.58,47.69,66.15,33.19,44.69,36,64
2025-08-21,15,8,2025-08-21 18:31:00,5,RNC杯争奪 サマーチャンピオンレース,2,4452,松尾 祭,2,37,52,0,0,0.17,5.67,40.54,59.46,5.6,35.66,55.94,42.73,59.09,32,60
2025-08-21,15,8,2025-08-21 18:31:00,5,RNC杯争奪 サマーチャンピオンレース,3,3832,下田 哲也,3,50,55.2,0,0,0.17,4.75,25.49,41.18,4.74,27.14,45.71,36,53.78,30,35
2025-08-21,15,8,2025-08-21 18:31:00,5,RNC杯争奪 サマーチャンピオンレース,4,5218,山田 理央,2,25,46.5,0,0,0.15,5.93,39.81,61.11,4.5,26.15,40.77,29.49,47.93,37.04,44.44
2025-08-21,15,8,2025-08-21 18:31:00,5,RNC杯争奪 サマーチャンピオンレース,5,3710,吉永 泰弘,3,51,52,0,0,0.17,5.01,28.85,50,4.59,21.88,46.88,27.56,43.11,60,85
2025-08-21,15,8,2025-08-21 18:31:00,5,RNC杯争奪 サマーチャンピオンレース,6,3568,木村 光宏,3,54,53.3,0,0,0.18,4.66,23.38,45.45,5.22,28.4,55.56,32.14,52.23,19.23,38.46
2025-08-21,15,9,2025-08-21 19:14:00,5,RNC杯争奪 サマーチャンピオンレース,1,4459,片岡 雅裕,1,39,52,0,0,0.12,6.85,40.71,59.29,7.55,56.43,77.86,35.11,52.89,8.7,39.13
2025-08-21,15,9,2025-08-21 19:14:00,5,RNC杯争奪 サマーチャンピオンレース,2,5224,西岡 顕心,1,24,51.5,0,0,0.16,6.72,47.93,70.25,6.54,42.86,67.53,41.18,57.01,36.67,56.67
2025-08-21,15,9,2025-08-21 19:14:00,5,RNC杯争奪 サマーチャンピオンレース,3,3837,秋山 広一,2,50,52.5,1,0,0.15,6.08,41.38,61.21,6.13,41.48,61.48,47.95,61.19,42.86,50
2025-08-21,15,9,2025-08-21 19:14:00,5,RNC杯争奪 サマーチャンピオンレース,4,3442,宮武 英司,3,55,52.8,0,0,0.17,5.35,33.94,53.21,5.04,31.16,46.38,44.34,61.32,42.31,57.69
2025-08-21,15,9,2025-08-21 19:14:00,5,RNC杯争奪 サマーチャンピオンレース,5,4931,木谷 賢太,2,29,52.3,0,0,0.16,6.01,34.48,58.62,6.31,45.45,62.99,27.06,44.04,23.08,34.62
2025-08-21,15,9,2025-08-21 19:14:00,5,RNC杯争奪 サマーチャンピオンレース,6,4821,妻鳥 晋也,3,33,55.4,0,0,0.19,4.86,29.52,45.71,5.1,30.48,47.62,31.74,49.13,40.91,59.09
2025-08-21,15,10,2025-08-21 19:47:00,5,RNC杯争奪 サマーチャンピオンレース,1,4772,石丸 海渡,1,32,55.8,0,0,0.11,6.25,47.5,60,6.52,50,64.62,33.64,50.91,34.62,46.15
2025-08-21,15,10,2025-08-21 19:47:00,5,RNC杯争奪 サマーチャンピオンレース,2,4643,近江 翔吾,1,32,52,0,0,0.15,6.88,54.33,70.08,6.88,52.99,67.91,46.82,69.09,24,36
2025-08-21,15,10,2025-08-21 19:47:00,5,RNC杯争奪 サマーチャンピオンレース,3,4529,嶋 義信,2,36,52.6,0,0,0.14,5.11,34.38,47.92,5.45,33.33,49.02,40.74,57.41,36,56
2025-08-21,15,10,2025-08-21 19:47:00,5,RNC杯争奪 サマーチャンピオンレース,4,3849,中岡 正彦,1,47,52,0,0,0.14,7.34,60.58,76.92,6.24,49.06,62.26,31.53,48.65,29.63,33.33
2025-08-21,15,10,2025-08-21 19:47:00,5,RNC杯争奪 サマーチャンピオンレース,5,4583,古田 祐貴,2,35,52,0,0,0.16,5.5,35.04,57.26,6.23,46.43,64.29,33.18,47.93,22.22,27.78
2025-08-21,15,10,2025-08-21 19:47:00,5,RNC杯争奪 サマーチャンピオンレース,6,4852,川原 祐明,1,30,52,0,0,0.17,6.7,49.12,68.42,6.7,48.37,68.63,36.24,58.52,31.82,59.09
2025-08-21,15,11,2025-08-21 20:16:00,5,RNC杯争奪 サマーチャンピオンレース,1,4739,中村 晃朋,1,33,51.5,0,0,0.15,6.87,50.96,60.58,6.55,46.77,65.32,41.44,63.06,23.08,46.15
2025-08-21,15,11,2025-08-21 20:16:00,5,RNC杯争奪 サマーチャンピオンレース,2,3908,重成 一人,1,46,54.5,0,0,0.14,6.79,46.27,64.18,6.28,39.17,63.33,37.17,50.44,46.15,50
2025-08-21,15,11,2025-08-21 20:16:00,5,RNC杯争奪 サマーチャンピオンレース,3,4030,森高 一真,1,47,51,0,0,0.15,6.54,36.78,57.47,7.5,55.28,77.24,26.61,43.58,23.81,28.57
2025-08-21,15,11,2025-08-21 20:16:00,5,RNC杯争奪 サマーチャンピオンレース,4,4776,竹田 和哉,1,31,52,0,0,0.17,6.98,49.22,72.66,6.58,47.69,66.15,33.19,44.69,36,64
2025-08-21,15,11,2025-08-21 20:16:00,5,RNC杯争奪 サマーチャンピオンレース,5,4324,海野 康志郎,1,37,56.5,0,0,0.14,7,57.02,72.73,7.96,60,90,29.61,45.63,35.71,64.29
2025-08-21,15,11,2025-08-21 20:16:00,5,RNC杯争奪 サマーチャンピオンレース,6,5257,西丸 侑太朗,2,21,52,1,0,0.18,6.83,53.38,72.18,4.59,22.86,40.95,33.48,53.13,32.14,42.86
2025-08-21,15,12,2025-08-21 20:45:00,5,RNC杯争奪 サマーチャンピオンレース,1,5218,山田 理央,2,25,46.5,0,0,0.15,5.93,39.81,61.11,4.5,26.15,40.77,29.49,47.93,37.04,44.44
2025-08-21,15,12,2025-08-21 20:45:00,5,RNC杯争奪 サマーチャンピオンレース,2,5173,谷口 佳蓮,3,23,47.4,0,0,0.17,4.76,31.03,43.1,4.5,29.41,40.2,38.82,58.65,35.71,35.71
2025-08-21,15,12,2025-08-21 20:45:00,5,RNC杯争奪 サマーチャンピオンレース,3,4823,中村 桃佳,3,32,45,0,0,0.15,6.11,43.04,65.82,6.24,51.47,69.12,39.25,59.35,58.33,75
2025-08-21,15,12,2025-08-21 20:45:00,5,RNC杯争奪 サマーチャンピオンレース,4,5241,門田 栞,3,25,48,0,0,0.16,4.65,27.62,43.81,3.67,19.13,29.57,34.39,50.68,44,56
2025-08-21,15,12,2025-08-21 20:45:00,5,RNC杯争奪 サマーチャンピオンレース,5,4450,平高 奈菜,1,38,47.2,1,0,0.15,6.73,43.93,68.22,6.74,44.57,67.39,46.98,62.33,44,60
2025-08-21,15,12,2025-08-21 20:45:00,5,RNC杯争奪 サマーチャンピオンレース,6,5326,三嶌 さらら,3,21,46.5,0,0,0.2,2.63,5.48,12.33,1.67,1.39,2.78,31.42,46.9,6.25,18.75
2025-08-21,16,1,2025-08-21 10:47:00,5,日本遺産フェスティバルin倉敷 第43回天領杯,1,4562,阪本 勇介,3,37,54.3,0,0,0.2,4.28,20,36.67,4.73,25,44.53,32.04,47.51,43.03,53.33
2025-08-21,16,1,2025-08-21 10:47:00,5,日本遺産フェスティバルin倉敷 第43回天領杯,2,3660,長谷川 親王,3,56,57.5,1,0,0.18,3.41,12.5,23.86,3.04,4.17,20.83,46.86,65.14,38.85,53.5
2025-08-21,16,1,2025-08-21 10:47:00,5,日本遺産フェスティバルin倉敷 第43回天領杯,3,5165,小林 愛実,3,25,46.5,0,0,0.19,5.28,29.11,53.16,3.82,18.09,26.6,28.09,42.7,38.13,56.88
2025-08-21,16,1,2025-08-21 10:47:00,5,日本遺産フェスティバルin倉敷 第43回天領杯,4,3233,小畑 実成,3,58,52.7,0,0,0.15,4.94,28.1,49.59,4.53,27.12,39.83,35.59,53.67,31.1,48.78
2025-08-21,16,1,2025-08-21 10:47:00,5,日本遺産フェスティバルin倉敷 第43回天領杯,5,4054,福嶋 智之,3,47,52.2,0,0,0.17,4.15,22.35,32.94,4.37,23.81,38.1,31.28,50.28,42.17,56.63
2025-08-21,16,1,2025-08-21 10:47:00,5,日本遺産フェスティバルin倉敷 第43回天領杯,6,5374,木山 大聖,4,22,50.5,0,0,0.18,1.99,2.99,5.97,2.42,8.33,8.33,40.7,58.72,31.14,43.11
2025-08-21,16,2,2025-08-21 11:17:00,5,日本遺産フェスティバルin倉敷 第43回天領杯,1,4065,金田 幸子,2,45,43.5,0,0,0.17,6.18,42.25,60.56,5.79,38.18,59.09,33.93,54.76,36.59,53.05
2025-08-21,16,2,2025-08-21 11:17:00,5,日本遺産フェスティバルin倉敷 第43回天領杯,2,3775,泉 啓文,3,51,56.8,0,0,0.18,4.44,24.37,39.5,4.82,26.26,47.47,26.86,37.14,40.99,60.87
2025-08-21,16,2,2025-08-21 11:17:00,5,日本遺産フェスティバルin倉敷 第43回天領杯,3,4842,山下 昂大,2,33,52.3,1,0,0.17,5.72,38.38,62.63,5.61,39.39,57.58,33.52,51.65,34.94,50
2025-08-21,16,2,2025-08-21 11:17:00,5,日本遺産フェスティバルin倉敷 第43回天領杯,4,3454,井川 大作,3,54,54.8,0,0,0.16,4.45,20.45,40.91,4.61,21.25,45,31.4,47.09,35,55
2025-08-21,16,2,2025-08-21 11:17:00,5,日本遺産フェスティバルin倉敷 第43回天領杯,5,5373,諏訪 玲奈,4,22,47.3,1,0,0.21,1.8,0,8.2,1.38,0,0,39.89,53.37,35.58,52.15
2025-08-21,16,2,2025-08-21 11:17:00,5,日本遺産フェスティバルin倉敷 第43回天領杯,6,3866,木山 誠一,3,50,56.2,0,0,0.15,3.67,20.25,27.85,3.21,17.65,23.53,43.02,60.47,38.61,55.7
2025-08-21,16,3,2025-08-21 11:49:00,5,日本遺産フェスティバルin倉敷 第43回天領杯,1,5317,長尾 萌加,3,24,45,0,0,0.21,4.12,14.29,38.46,2.67,8.33,16.67,38.8,54.1,38.18,57.58
2025-08-21,16,3,2025-08-21 11:49:00,5,日本遺産フェスティバルin倉敷 第43回天領杯,2,3685,荒井 輝年,3,51,55.7,0,0,0.17,5.63,38.53,55.05,5.56,40.35,52.63,27.53,42.7,32.53,42.77
2025-08-21,16,3,2025-08-21 11:49:00,5,日本遺産フェスティバルin倉敷 第43回天領杯,3,4580,長谷川 雅和,2,36,52,0,0,0.16,5.19,39.73,43.84,6.02,46.03,59.52,27.47,45.6,37.11,52.83
2025-08-21,16,3,2025-08-21 11:49:00,5,日本遺産フェスティバルin倉敷 第43回天領杯,4,4323,山田 佑樹,3,38,56.8,0,0,0.16,4.8,30.19,47.17,5.77,43.48,56.52,45.45,61.36,36.36,55.76
2025-08-21,16,3,2025-08-21 11:49:00,5,日本遺産フェスティバルin倉敷 第43回天領杯,5,3982,福田 理,3,47,54.7,0,0,0.17,4.82,30,44.44,4.01,18.99,29.11,30.51,54.24,36.02,48.45
2025-08-21,16,3,2025-08-21 11:49:00,5,日本遺産フェスティバルin倉敷 第43回天領杯,6,3746,岡瀬 正人,2,50,52,0,0,0.17,5.98,44.44,61.48,6.07,43.62,62.23,40.22,58.1,46.06,60.61
2025-08-21,16,4,2025-08-21 12:18:00,5,日本遺産フェスティバルin倉敷 第43回天領杯,1,5299,西丸 敦基,3,22,52,1,0,0.16,4.36,20.27,44.59,4.61,39.13,47.83,34.83,52.81,37.13,52.69
2025-08-21,16,4,2025-08-21 12:18:00,5,日本遺産フェスティバルin倉敷 第43回天領杯,2,4418,茅原 悠紀,1,38,52.5,0,0,0.14,8.39,62.02,81.4,8.77,76.42,90.57,32.22,47.22,43.48,62.11
2025-08-21,16,4,2025-08-21 12:18:00,5,日本遺産フェスティバルin倉敷 第43回天領杯,3,3949,今出 晋二,3,49,56.6,1,0,0.17,3.33,10,21.43,4.26,15.71,35.71,35.47,50,36.97,53.94
2025-08-21,16,4,2025-08-21 12:18:00,5,日本遺産フェスティバルin倉敷 第43回天領杯,4,3300,川崎 智幸,2,58,53.3,0,0,0.14,6.07,45.05,60.36,5.76,41.18,57.35,28.81,46.89,31.93,51.2
2025-08-21,16,4,2025-08-21 12:18:00,5,日本遺産フェスティバルin倉敷 第43回天領杯,5,4423,坂口 貴彦,3,36,54.1,0,0,0.19,5.08,30.61,50,4.97,31.03,44.83,30.46,52.87,32.72,44.44
2025-08-21,16,4,2025-08-21 12:18:00,5,日本遺産フェスティバルin倉敷 第43回天領杯,6,4370,山口 達也,1,38,52,0,0,0.17,6.51,51.67,58.33,6.58,49.58,58.82,38.04,56.52,33.95,46.91
2025-08-21,16,5,2025-08-21 12:48:00,5,日本遺産フェスティバルin倉敷 第43回天領杯,1,4482,守屋 美穂,1,36,46,0,0,0.15,7.44,63.33,80.83,7.2,57.94,71.96,44.57,64,32.3,54.04
2025-08-21,16,5,2025-08-21 12:48:00,5,日本遺産フェスティバルin倉敷 第43回天領杯,2,3975,小野寺 智洋,3,48,51,0,0,0.15,5.33,33.33,58.77,5.3,33.78,50,38.98,59.89,31.06,49.69
2025-08-21,16,5,2025-08-21 12:48:00,5,日本遺産フェスティバルin倉敷 第43回天領杯,3,3933,山地 正樹,3,49,53.9,0,0,0.17,5.15,34.71,51.24,5.8,42.42,61.82,32.39,48.3,42.68,58.54
2025-08-21,16,5,2025-08-21 12:48:00,5,日本遺産フェスティバルin倉敷 第43回天領杯,4,5058,前原 大道,1,28,52.1,0,0,0.15,7.04,51.94,73.64,6.14,45.71,60.71,31.46,48.88,38.99,56.6
2025-08-21,16,5,2025-08-21 12:48:00,5,日本遺産フェスティバルin倉敷 第43回天領杯,5,4172,森定 晃史,1,42,52.2,1,0,0.15,6.64,51.52,68.69,6.46,45.9,71.04,41.04,57.23,36.02,54.04
2025-08-21,16,5,2025-08-21 12:48:00,5,日本遺産フェスティバルin倉敷 第43回天領杯,6,5165,小林 愛実,3,25,46.5,0,0,0.19,5.28,29.11,53.16,3.82,18.09,26.6,28.09,42.7,38.13,56.88
2025-08-21,16,6,2025-08-21 13:18:00,5,日本遺産フェスティバルin倉敷 第43回天領杯,1,3907,村越 篤,3,47,53.8,0,0,0.17,5.31,37.01,51.97,5.11,22.22,44.44,45.56,60,41.61,65.84
2025-08-21,16,6,2025-08-21 13:18:00,5,日本遺産フェスティバルin倉敷 第43回天領杯,2,4441,末永 由楽,1,38,53,1,0,0.13,5.87,39.26,59.26,6.22,41.73,60.63,36.31,54.19,37.74,58.49
2025-08-21,16,6,2025-08-21 13:18:00,5,日本遺産フェスティバルin倉敷 第43回天領杯,3,4884,勝浦 真帆,1,29,48.2,1,0,0.13,6.02,45.19,59.62,5.71,41.38,59.77,38.51,58.62,32.08,47.17
2025-08-21,16,6,2025-08-21 13:18:00,5,日本遺産フェスティバルin倉敷 第43回天領杯,4,3935,岩津 徹郎,3,48,54.5,0,0,0.17,5.07,29.13,48.82,5.36,34.62,51.28,28.49,49.42,31.71,51.22
2025-08-21,16,6,2025-08-21 13:18:00,5,日本遺産フェスティバルin倉敷 第43回天領杯,5,3660,長谷川 親王,3,56,57.5,1,0,0.18,3.41,12.5,23.86,3.04,4.17,20.83,46.86,65.14,38.85,53.5
2025-08-21,16,6,2025-08-21 13:18:00,5,日本遺産フェスティバルin倉敷 第43回天領杯,6,5181,森 智哉,3,27,52,1,0,0.15,5.08,29,50,5.28,33.67,50,39.01,55.49,38.55,50.6
2025-08-21,16,7,2025-08-21 13:51:00,5,日本遺産フェスティバルin倉敷 第43回天領杯,1,4580,長谷川 雅和,2,36,52,0,0,0.16,5.19,39.73,43.84,6.02,46.03,59.52,27.47,45.6,37.11,52.83
2025-08-21,16,7,2025-08-21 13:51:00,5,日本遺産フェスティバルin倉敷 第43回天領杯,2,4054,福嶋 智之,3,47,52.2,0,0,0.17,4.15,22.35,32.94,4.37,23.81,38.1,31.28,50.28,42.17,56.63
2025-08-21,16,7,2025-08-21 13:51:00,5,日本遺産フェスティバルin倉敷 第43回天領杯,3,3454,井川 大作,3,54,54.8,0,0,0.16,4.45,20.45,40.91,4.61,21.25,45,31.4,47.09,35,55
2025-08-21,16,7,2025-08-21 13:51:00,5,日本遺産フェスティバルin倉敷 第43回天領杯,4,5109,川崎 智稔,3,26,50.5,0,0,0.14,4.99,27.34,53.13,4.95,20.45,54.55,51.45,67.63,30.91,50.91
2025-08-21,16,7,2025-08-21 13:51:00,5,日本遺産フェスティバルin倉敷 第43回天領杯,5,5374,木山 大聖,4,22,50.5,0,0,0.18,1.99,2.99,5.97,2.42,8.33,8.33,40.7,58.72,31.14,43.11
2025-08-21,16,7,2025-08-21 13:51:00,5,日本遺産フェスティバルin倉敷 第43回天領杯,6,4202,浮田 圭浩,3,43,52.4,0,0,0.18,4.46,26.05,41.18,4.34,24.04,41.35,28.16,42.53,35.85,55.35
2025-08-21,16,8,2025-08-21 14:32:00,5,日本遺産フェスティバルin倉敷 第43回天領杯,1,4842,山下 昂大,2,33,52.3,1,0,0.17,5.72,38.38,62.63,5.61,39.39,57.58,33.52,51.65,34.94,50
2025-08-21,16,8,2025-08-21 14:32:00,5,日本遺産フェスティバルin倉敷 第43回天領杯,2,3982,福田 理,3,47,54.7,0,0,0.17,4.82,30,44.44,4.01,18.99,29.11,30.51,54.24,36.02,48.45
2025-08-21,16,8,2025-08-21 14:32:00,5,日本遺産フェスティバルin倉敷 第43回天領杯,3,3233,小畑 実成,3,58,52.7,0,0,0.15,4.94,28.1,49.59,4.53,27.12,39.83,35.59,53.67,31.1,48.78
2025-08-21,16,8,2025-08-21 14:32:00,5,日本遺産フェスティバルin倉敷 第43回天領杯,4,3949,今出 晋二,3,49,56.6,1,0,0.17,3.33,10,21.43,4.26,15.71,35.71,35.47,50,36.97,53.94
2025-08-21,16,8,2025-08-21 14:32:00,5,日本遺産フェスティバルin倉敷 第43回天領杯,5,3775,泉 啓文,3,51,56.8,0,0,0.18,4.44,24.37,39.5,4.82,26.26,47.47,26.86,37.14,40.99,60.87
2025-08-21,16,8,2025-08-21 14:32:00,5,日本遺産フェスティバルin倉敷 第43回天領杯,6,4418,茅原 悠紀,1,38,52.5,0,0,0.14,8.39,62.02,81.4,8.77,76.42,90.57,32.22,47.22,43.48,62.11
2025-08-21,16,9,2025-08-21 15:05:00,5,日本遺産フェスティバルin倉敷 第43回天領杯,1,5058,前原 大道,1,28,52.1,0,0,0.15,7.04,51.94,73.64,6.14,45.71,60.71,31.46,48.88,38.99,56.6
2025-08-21,16,9,2025-08-21 15:05:00,5,日本遺産フェスティバルin倉敷 第43回天領杯,2,4423,坂口 貴彦,3,36,54.1,0,0,0.19,5.08,30.61,50,4.97,31.03,44.83,30.46,52.87,32.72,44.44
2025-08-21,16,9,2025-08-21 15:05:00,5,日本遺産フェスティバルin倉敷 第43回天領杯,3,4323,山田 佑樹,3,38,56.8,0,0,0.16,4.8,30.19,47.17,5.77,43.48,56.52,45.45,61.36,36.36,55.76
2025-08-21,16,9,2025-08-21 15:05:00,5,日本遺産フェスティバルin倉敷 第43回天領杯,4,4562,阪本 勇介,3,37,54.3,0,0,0.2,4.28,20,36.67,4.73,25,44.53,32.04,47.51,43.03,53.33
2025-08-21,16,9,2025-08-21 15:05:00,5,日本遺産フェスティバルin倉敷 第43回天領杯,5,3685,荒井 輝年,3,51,55.7,0,0,0.17,5.63,38.53,55.05,5.56,40.35,52.63,27.53,42.7,32.53,42.77
2025-08-21,16,9,2025-08-21 15:05:00,5,日本遺産フェスティバルin倉敷 第43回天領杯,6,4065,金田 幸子,2,45,43.5,0,0,0.17,6.18,42.25,60.56,5.79,38.18,59.09,33.93,54.76,36.59,53.05
2025-08-21,16,10,2025-08-21 15:37:00,5,日本遺産フェスティバルin倉敷 第43回天領杯,1,4370,山口 達也,1,38,52,0,0,0.17,6.51,51.67,58.33,6.58,49.58,58.82,38.04,56.52,33.95,46.91
2025-08-21,16,10,2025-08-21 15:37:00,5,日本遺産フェスティバルin倉敷 第43回天領杯,2,4172,森定 晃史,1,42,52.2,1,0,0.15,6.64,51.52,68.69,6.46,45.9,71.04,41.04,57.23,36.02,54.04
2025-08-21,16,10,2025-08-21 15:37:00,5,日本遺産フェスティバルin倉敷 第43回天領杯,3,5317,長尾 萌加,3,24,45,0,0,0.21,4.12,14.29,38.46,2.67,8.33,16.67,38.8,54.1,38.18,57.58
2025-08-21,16,10,2025-08-21 15:37:00,5,日本遺産フェスティバルin倉敷 第43回天領杯,4,4482,守屋 美穂,1,36,46,0,0,0.15,7.44,63.33,80.83,7.2,57.94,71.96,44.57,64,32.3,54.04
2025-08-21,16,10,2025-08-21 15:37:00,5,日本遺産フェスティバルin倉敷 第43回天領杯,5,4441,末永 由楽,1,38,53,1,0,0.13,5.87,39.26,59.26,6.22,41.73,60.63,36.31,54.19,37.74,58.49
2025-08-21,16,10,2025-08-21 15:37:00,5,日本遺産フェスティバルin倉敷 第43回天領杯,6,5299,西丸 敦基,3,22,52,1,0,0.16,4.36,20.27,44.59,4.61,39.13,47.83,34.83,52.81,37.13,52.69
2025-08-21,16,11,2025-08-21 16:14:00,5,日本遺産フェスティバルin倉敷 第43回天領杯,1,4202,浮田 圭浩,3,43,52.4,0,0,0.18,4.46,26.05,41.18,4.34,24.04,41.35,28.16,42.53,35.85,55.35
2025-08-21,16,11,2025-08-21 16:14:00,5,日本遺産フェスティバルin倉敷 第43回天領杯,2,3933,山地 正樹,3,49,53.9,0,0,0.17,5.15,34.71,51.24,5.8,42.42,61.82,32.39,48.3,42.68,58.54
2025-08-21,16,11,2025-08-21 16:14:00,5,日本遺産フェスティバルin倉敷 第43回天領杯,3,3746,岡瀬 正人,2,50,52,0,0,0.17,5.98,44.44,61.48,6.07,43.62,62.23,40.22,58.1,46.06,60.61
2025-08-21,16,11,2025-08-21 16:14:00,5,日本遺産フェスティバルin倉敷 第43回天領杯,4,3907,村越 篤,3,47,53.8,0,0,0.17,5.31,37.01,51.97,5.11,22.22,44.44,45.56,60,41.61,65.84
2025-08-21,16,11,2025-08-21 16:14:00,5,日本遺産フェスティバルin倉敷 第43回天領杯,5,4884,勝浦 真帆,1,29,48.2,1,0,0.13,6.02,45.19,59.62,5.71,41.38,59.77,38.51,58.62,32.08,47.17
2025-08-21,16,11,2025-08-21 16:14:00,5,日本遺産フェスティバルin倉敷 第43回天領杯,6,3300,川崎 智幸,2,58,53.3,0,0,0.14,6.07,45.05,60.36,5.76,41.18,57.35,28.81,46.89,31.93,51.2
2025-08-21,16,12,2025-08-21 16:50:00,5,日本遺産フェスティバルin倉敷 第43回天領杯,1,4762,藤原 啓史朗,1,35,51,0,0,0.13,7.67,62.73,76.36,7.2,53.85,70.51,30.17,43.58,31.25,50.63
2025-08-21,16,12,2025-08-21 16:50:00,5,日本遺産フェスティバルin倉敷 第43回天領杯,2,3874,山本 寛久,1,49,52,1,0,0.15,6.31,47.62,65.87,6.2,40.77,63.08,29.65,41.28,36.2,50.92
2025-08-21,16,12,2025-08-21 16:50:00,5,日本遺産フェスティバルin倉敷 第43回天領杯,3,4166,吉田 拡郎,1,43,52.2,0,0,0.14,7.16,49.15,63.56,7.22,59.66,77.31,29.94,44.63,36.48,56.6
2025-08-21,16,12,2025-08-21 16:50:00,5,日本遺産フェスティバルin倉敷 第43回天領杯,4,4584,村岡 賢人,1,35,52.5,0,0,0.12,7.19,58.33,73.33,6.91,52.11,73.94,32.39,50,32.72,53.7
2025-08-21,16,12,2025-08-21 16:50:00,5,日本遺産フェスティバルin倉敷 第43回天領杯,5,3822,平尾 崇典,1,52,50,0,0,0.17,6.77,48.53,73.53,6.62,45.3,69.23,33.14,46.51,38.13,59.38
2025-08-21,16,12,2025-08-21 16:50:00,5,日本遺産フェスティバルin倉敷 第43回天領杯,6,4537,渡邉 和将,1,35,51.5,0,0,0.12,6.27,36.94,49.55,6.52,45.97,63.71,43.27,63.16,33.74,49.69
2025-08-21,19,1,2025-08-21 17:22:00,5,MNBR下関6th 公営レーシングプレス杯,1,5000,岡本 翔太郎,3,30,52,0,0,0.13,4.7,23.93,43.59,4.32,21.26,38.58,28.38,47.3,38.46,57.69
2025-08-21,19,1,2025-08-21 17:22:00,5,MNBR下関6th 公営レーシングプレス杯,2,5006,久保原 秀人,3,28,54.3,0,0,0.16,4.54,27.45,39.22,3.41,17.65,29.41,37.8,50,43.04,59.49
2025-08-21,19,1,2025-08-21 17:22:00,5,MNBR下関6th 公営レーシングプレス杯,3,4120,柘植 政浩,2,44,52,0,0,0.19,5.67,38.64,59.85,5.09,18.18,36.36,31.94,50,46.25,58.75
2025-08-21,19,1,2025-08-21 17:22:00,5,MNBR下関6th 公営レーシングプレス杯,4,4641,磯村 匠,3,34,52,0,0,0.19,4.28,22.5,35,2.71,14.29,14.29,34.94,45.78,27.16,48.15
2025-08-21,19,1,2025-08-21 17:22:00,5,MNBR下関6th 公営レーシングプレス杯,5,4004,山本 浩輔,3,47,52.1,0,0,0.16,4.67,25.84,46.07,4.58,31.58,42.11,32,41.33,24.66,34.25
2025-08-21,19,1,2025-08-21 17:22:00,5,MNBR下関6th 公営レーシングプレス杯,6,4041,小林 基樹,3,46,52.7,0,0,0.22,4.88,32.65,48.98,4.96,31.91,51.06,33.33,53.57,27.16,50.62
2025-08-21,19,2,2025-08-21 17:50:00,5,MNBR下関6th 公営レーシングプレス杯,1,4108,吉村 正明,4,45,51.5,0,0,0.14,5.03,31.67,46.67,6.92,56,72,23.94,40.85,37.04,50.62
2025-08-21,19,2,2025-08-21 17:50:00,5,MNBR下関6th 公営レーシングプレス杯,2,3964,宮地 博士,3,46,52.7,0,0,0.21,4.29,21.3,33.33,3.91,15.91,31.82,20.51,29.49,25.93,43.21
2025-08-21,19,2,2025-08-21 17:50:00,5,MNBR下関6th 公営レーシングプレス杯,3,3730,塩崎 優司,3,53,52.4,0,0,0.18,4.69,27.27,37.27,5,22.22,50,34.33,37.31,24.68,38.96
2025-08-21,19,2,2025-08-21 17:50:00,5,MNBR下関6th 公営レーシングプレス杯,4,4672,守屋 大地,3,39,52,0,0,0.19,4.61,28.07,45.61,4.66,28.57,40,34.67,50.67,22.06,35.29
2025-08-21,19,2,2025-08-21 17:50:00,5,MNBR下関6th 公営レーシングプレス杯,5,4203,小倉 康典,3,43,51.5,0,0,0.15,3.98,19.51,31.71,2.86,14.29,14.29,31.94,48.61,25.3,48.19
2025-08-21,19,2,2025-08-21 17:50:00,5,MNBR下関6th 公営レーシングプレス杯,6,5145,島川 海輝,2,22,53.7,0,1,0.15,5.64,38.53,53.21,5.64,40.97,55.56,33.73,55.42,33.77,48.05
2025-08-21,19,3,2025-08-21 18:14:00,5,MNBR下関6th 公営レーシングプレス杯,1,4293,鈴木 智啓,2,40,59.1,0,0,0.16,5.99,43.48,59.42,5.06,31.43,45.71,48.68,68.42,32.47,44.16
2025-08-21,19,3,2025-08-21 18:14:00,5,MNBR下関6th 公営レーシングプレス杯,2,4552,杉山 勝匡,2,36,51.5,0,0,0.15,5.33,37.29,50.85,4.45,27.27,40.91,24.1,39.76,41.77,53.16
2025-08-21,19,3,2025-08-21 18:14:00,5,MNBR下関6th 公営レーシングプレス杯,3,4100,松田 隆司,3,46,53.2,0,0,0.17,4.49,23.08,45.19,5.08,30.77,50,25.35,45.07,32.1,46.91
2025-08-21,19,3,2025-08-21 18:14:00,5,MNBR下関6th 公営レーシングプレス杯,4,4875,大塚 康雅,3,31,51.5,0,0,0.18,4.89,31.9,43.1,4.72,20,44,40.24,51.22,29.73,51.35
2025-08-21,19,3,2025-08-21 18:14:00,5,MNBR下関6th 公営レーシングプレス杯,5,4355,小川 広大,3,41,56.9,0,0,0.2,3.43,14.71,25.49,4.88,29.17,45.83,34.83,55.06,34.62,60.26
2025-08-21,19,3,2025-08-21 18:14:00,5,MNBR下関6th 公営レーシングプレス杯,6,4787,椎名 豊,1,36,52,0,0,0.15,6.8,46.62,62.41,5.65,29.41,41.18,26.39,41.67,28.21,46.15
2025-08-21,19,4,2025-08-21 18:38:00,5,MNBR下関6th 公営レーシングプレス杯,1,3406,中里 英夫,2,57,53.2,0,0,0.18,5.73,36.28,61.06,4.92,32,44,30.67,46.67,35.06,53.25
2025-08-21,19,4,2025-08-21 18:38:00,5,MNBR下関6th 公営レーシングプレス杯,2,4139,丹下 健,3,44,53.9,1,0,0.16,4.47,26.51,42.17,0,0,0,30.3,50,40.26,58.44
2025-08-21,19,4,2025-08-21 18:38:00,5,MNBR下関6th 公営レーシングプレス杯,3,4064,原田 篤志,1,45,52,0,0,0.17,6.98,53.68,75.74,6.71,51.09,67.39,34.15,50,36.59,53.66
2025-08-21,19,4,2025-08-21 18:38:00,5,MNBR下関6th 公営レーシングプレス杯,4,4496,内堀 学,1,38,52,0,0,0.18,5.75,41.77,62.03,4.4,33.33,33.33,23.68,55.26,38.96,54.55
2025-08-21,19,4,2025-08-21 18:38:00,5,MNBR下関6th 公営レーシングプレス杯,5,5098,大江 純,3,29,52,0,0,0.16,4.91,25.96,47.12,2.78,11.11,33.33,28.92,48.19,32.1,35.8
2025-08-21,19,4,2025-08-21 18:38:00,5,MNBR下関6th 公営レーシングプレス杯,6,3714,梶原 正,3,50,54.6,0,0,0.17,4.23,22.86,33.33,5.45,18.18,45.45,23.75,46.25,16.67,34.62
2025-08-21,19,5,2025-08-21 19:05:00,5,MNBR下関6th 公営レーシングプレス杯,1,4713,白神 優,1,34,53.4,0,0,0.15,6.74,53.17,69.84,8.26,73.91,95.65,34.15,53.66,34.62,60.26
2025-08-21,19,5,2025-08-21 19:05:00,5,MNBR下関6th 公営レーシングプレス杯,2,4790,柳内 敬太,2,35,52,0,0,0.16,5.42,34.69,54.08,6.93,60,70,30.14,38.36,33.33,50.62
2025-08-21,19,5,2025-08-21 19:05:00,5,MNBR下関6th 公営レーシングプレス杯,3,4630,岩永 雅人,1,38,52,0,0,0.17,6.28,43.41,67.44,6.25,41.67,66.67,44.32,57.95,43.04,55.7
2025-08-21,19,5,2025-08-21 19:05:00,5,MNBR下関6th 公営レーシングプレス杯,4,5309,森 雄利,4,21,52.4,0,0,0.18,1.45,0,0,1.19,0,0,30.86,48.15,22.89,38.55
2025-08-21,19,5,2025-08-21 19:05:00,5,MNBR下関6th 公営レーシングプレス杯,5,5178,成貞 琳平,3,29,53.2,0,0,0.21,3.81,14.55,30,2.89,5.56,22.22,22.22,39.51,32.91,54.43
2025-08-21,19,5,2025-08-21 19:05:00,5,MNBR下関6th 公営レーシングプレス杯,6,3876,中辻 崇人,2,48,52.8,0,0,0.16,8.18,71.7,79.25,8.06,68.75,84.38,29.17,41.67,34.57,51.85
2025-08-21,19,6,2025-08-21 19:31:00,5,MNBR下関6th 公営レーシングプレス杯,1,3965,北中 元樹,2,46,54.6,0,0,0.15,5.79,37.5,60.71,6.27,40,66.67,18.57,38.57,36.25,56.25
2025-08-21,19,6,2025-08-21 19:31:00,5,MNBR下関6th 公営レーシングプレス杯,2,5068,前田 滉,1,25,52,0,0,0.15,7.18,55.91,74.02,5.4,35,50,24.69,37.04,36.71,55.7
2025-08-21,19,6,2025-08-21 19:31:00,5,MNBR下関6th 公営レーシングプレス杯,3,4027,松江 秀徳,2,47,52.7,0,0,0.17,5.65,35.92,54.93,7.13,58.33,75,48.84,63.95,39.02,58.54
2025-08-21,19,6,2025-08-21 19:31:00,5,MNBR下関6th 公営レーシングプレス杯,4,4705,吉川 勇作,3,37,54.5,1,0,0.14,4.19,22.22,34.26,5.33,38.1,52.38,40.48,60.71,37.18,51.28
2025-08-21,19,6,2025-08-21 19:31:00,5,MNBR下関6th 公営レーシングプレス杯,5,4268,和合 俊介,3,39,60.2,0,0,0.16,3.62,14.94,27.59,4.32,21.62,43.24,32.89,44.74,22.89,39.76
2025-08-21,19,6,2025-08-21 19:31:00,5,MNBR下関6th 公営レーシングプレス杯,6,4105,松下 直也,2,45,52.4,0,0,0.18,5.51,34.33,57.46,5.59,37.04,51.85,22.97,40.54,21.79,41.03
2025-08-21,19,7,2025-08-21 19:57:00,5,MNBR下関6th 公営レーシングプレス杯,1,4134,杉山 貴博,1,45,53.3,0,0,0.16,5.76,36.59,59.35,6.17,50,66.67,25.97,48.05,23.75,36.25
2025-08-21,19,7,2025-08-21 19:57:00,5,MNBR下関6th 公営レーシングプレス杯,2,4051,清水 敦揮,1,44,54.8,0,0,0.17,6.64,52.34,70.31,6.32,38.33,70,26.25,38.75,44.3,64.56
2025-08-21,19,7,2025-08-21 19:57:00,5,MNBR下関6th 公営レーシングプレス杯,3,5000,岡本 翔太郎,3,30,52,0,0,0.13,4.7,23.93,43.59,4.32,21.26,38.58,28.38,47.3,38.46,57.69
2025-08-21,19,7,2025-08-21 19:57:00,5,MNBR下関6th 公営レーシングプレス杯,4,4407,鹿島 敏弘,3,39,54.3,0,0,0.19,5.27,33.06,52.42,0,0,0,36.14,51.81,36.59,51.22
2025-08-21,19,7,2025-08-21 19:57:00,5,MNBR下関6th 公営レーシングプレス杯,5,3964,宮地 博士,3,46,52.7,0,0,0.21,4.29,21.3,33.33,3.91,15.91,31.82,20.51,29.49,25.93,43.21
2025-08-21,19,7,2025-08-21 19:57:00,5,MNBR下関6th 公営レーシングプレス杯,6,4442,松竹 大輔,2,38,52,1,0,0.16,5.68,38.24,56.62,7.43,57.14,71.43,35.37,51.22,37.18,56.41
2025-08-21,19,8,2025-08-21 20:26:00,5,MNBR下関6th 公営レーシングプレス杯,1,4503,上野 真之介,1,37,52,0,0,0.12,7.28,50.74,66.91,7.11,50,50,27.5,42.5,45.45,61.04
2025-08-21,19,8,2025-08-21 20:26:00,5,MNBR下関6th 公営レーシングプレス杯,2,4203,小倉 康典,3,43,51.5,0,0,0.15,3.98,19.51,31.71,2.86,14.29,14.29,31.94,48.61,25.3,48.19
2025-08-21,19,8,2025-08-21 20:26:00,5,MNBR下関6th 公営レーシングプレス杯,3,4041,小林 基樹,3,46,52.7,0,0,0.22,4.88,32.65,48.98,4.96,31.91,51.06,33.33,53.57,27.16,50.62
2025-08-21,19,8,2025-08-21 20:26:00,5,MNBR下関6th 公営レーシングプレス杯,4,4355,小川 広大,3,41,56.9,0,0,0.2,3.43,14.71,25.49,4.88,29.17,45.83,34.83,55.06,34.62,60.26
2025-08-21,19,8,2025-08-21 20:26:00,5,MNBR下関6th 公営レーシングプレス杯,5,4139,丹下 健,3,44,53.9,1,0,0.16,4.47,26.51,42.17,0,0,0,30.3,50,40.26,58.44
2025-08-21,19,8,2025-08-21 20:26:00,5,MNBR下関6th 公営レーシングプレス杯,6,5392,安武 一也,4,24,51,0,0,,1.35,0,0,0,0,0,33.33,44.44,41.56,54.55
2025-08-21,19,9,2025-08-21 20:57:00,5,MNBR下関6th 公営レーシングプレス杯,1,4630,岩永 雅人,1,38,52,0,0,0.17,6.28,43.41,67.44,6.25,41.67,66.67,44.32,57.95,43.04,55.7
2025-08-21,19,9,2025-08-21 20:57:00,5,MNBR下関6th 公営レーシングプレス杯,2,4004,山本 浩輔,3,47,52.1,0,0,0.16,4.67,25.84,46.07,4.58,31.58,42.11,32,41.33,24.66,34.25
2025-08-21,19,9,2025-08-21 20:57:00,5,MNBR下関6th 公営レーシングプレス杯,3,3714,梶原 正,3,50,54.6,0,0,0.17,4.23,22.86,33.33,5.45,18.18,45.45,23.75,46.25,16.67,34.62
2025-08-21,19,9,2025-08-21 20:57:00,5,MNBR下関6th 公営レーシングプレス杯,4,5048,眞鳥 康太,3,31,54.2,0,0,0.19,4.36,22.33,40.78,4.17,16.67,50,37.33,57.33,47.56,63.41
2025-08-21,19,9,2025-08-21 20:57:00,5,MNBR下関6th 公営レーシングプレス杯,5,4108,吉村 正明,4,45,51.5,0,0,0.14,5.03,31.67,46.67,6.92,56,72,23.94,40.85,37.04,50.62
2025-08-21,19,9,2025-08-21 20:57:00,5,MNBR下関6th 公営レーシングプレス杯,6,4122,安東 幸治,2,43,54.4,0,0,0.18,5.97,42.48,61.95,0,0,0,28.77,46.58,44.87,60.26
2025-08-21,19,10,2025-08-21 21:24:00,5,MNBR下関6th 公営レーシングプレス杯,1,4027,松江 秀徳,2,47,52.6,0,0,0.17,5.65,35.92,54.93,7.13,58.33,75,48.84,63.95,39.02,58.54
2025-08-21,19,10,2025-08-21 21:24:00,5,MNBR下関6th 公営レーシングプレス杯,2,4875,大塚 康雅,3,31,51,0,0,0.18,4.89,31.9,43.1,4.72,20,44,40.24,51.22,29.73,51.35
2025-08-21,19,10,2025-08-21 21:24:00,5,MNBR下関6th 公営レーシングプレス杯,3,5145,島川 海輝,2,22,53.3,0,1,0.15,5.64,38.53,53.21,5.64,40.97,55.56,33.73,55.42,33.77,48.05
2025-08-21,19,10,2025-08-21 21:24:00,5,MNBR下関6th 公営レーシングプレス杯,4,5098,大江 純,3,29,52,0,0,0.16,4.91,25.96,47.12,2.78,11.11,33.33,28.92,48.19,32.1,35.8
2025-08-21,19,10,2025-08-21 21:24:00,5,MNBR下関6th 公営レーシングプレス杯,5,4790,柳内 敬太,2,35,51.5,0,0,0.16,5.42,34.69,54.08,6.93,60,70,30.14,38.36,33.33,50.62
2025-08-21,19,10,2025-08-21 21:24:00,5,MNBR下関6th 公営レーシングプレス杯,6,4120,柘植 政浩,2,44,51.5,0,0,0.19,5.67,38.64,59.85,5.09,18.18,36.36,31.94,50,46.25,58.75
2025-08-21,19,11,2025-08-21 21:51:00,5,MNBR下関6th 公営レーシングプレス杯,1,4051,清水 敦揮,1,44,54.8,0,0,0.17,6.64,52.34,70.31,6.32,38.33,70,26.25,38.75,44.3,64.56
2025-08-21,19,11,2025-08-21 21:51:00,5,MNBR下関6th 公営レーシングプレス杯,2,3730,塩崎 優司,3,53,52.4,0,0,0.18,4.69,27.27,37.27,5,22.22,50,34.33,37.31,24.68,38.96
2025-08-21,19,11,2025-08-21 21:51:00,5,MNBR下関6th 公営レーシングプレス杯,3,3876,中辻 崇人,2,48,52.8,0,0,0.16,8.18,71.7,79.25,8.06,68.75,84.38,29.17,41.67,34.57,51.85
2025-08-21,19,11,2025-08-21 21:51:00,5,MNBR下関6th 公営レーシングプレス杯,4,4552,杉山 勝匡,2,36,51.5,0,0,0.15,5.33,37.29,50.85,4.45,27.27,40.91,24.1,39.76,41.77,53.16
2025-08-21,19,11,2025-08-21 21:51:00,5,MNBR下関6th 公営レーシングプレス杯,5,5006,久保原 秀人,3,28,54.3,0,0,0.16,4.54,27.45,39.22,3.41,17.65,29.41,37.8,50,43.04,59.49
2025-08-21,19,11,2025-08-21 21:51:00,5,MNBR下関6th 公営レーシングプレス杯,6,4496,内堀 学,1,38,52,0,0,0.18,5.75,41.77,62.03,4.4,33.33,33.33,23.68,55.26,38.96,54.55
2025-08-21,19,12,2025-08-21 22:18:00,5,MNBR下関6th 公営レーシングプレス杯,1,4064,原田 篤志,1,45,52,0,0,0.17,6.98,53.68,75.74,6.71,51.09,67.39,34.15,50,36.59,53.66
2025-08-21,19,12,2025-08-21 22:18:00,5,MNBR下関6th 公営レーシングプレス杯,2,4134,杉山 貴博,1,45,53.3,0,0,0.16,5.76,36.59,59.35,6.17,50,66.67,25.97,48.05,23.75,36.25
2025-08-21,19,12,2025-08-21 22:18:00,5,MNBR下関6th 公営レーシングプレス杯,3,4503,上野 真之介,1,37,52,0,0,0.12,7.28,50.74,66.91,7.11,50,50,27.5,42.5,45.45,61.04
2025-08-21,19,12,2025-08-21 22:18:00,5,MNBR下関6th 公営レーシングプレス杯,4,4787,椎名 豊,1,36,52,0,0,0.15,6.8,46.62,62.41,5.65,29.41,41.18,26.39,41.67,28.21,46.15
2025-08-21,19,12,2025-08-21 22:18:00,5,MNBR下関6th 公営レーシングプレス杯,5,4713,白神 優,1,34,53.4,0,0,0.15,6.74,53.17,69.84,8.26,73.91,95.65,34.15,53.66,34.62,60.26
2025-08-21,19,12,2025-08-21 22:18:00,5,MNBR下関6th 公営レーシングプレス杯,6,5068,前田 滉,1,25,52,0,0,0.15,7.18,55.91,74.02,5.4,35,50,24.69,37.04,36.71,55.7
2025-08-21,21,1,2025-08-21 08:32:00,5,九州スポーツ杯争奪オール九州選抜戦,1,4195,前川 守嗣,2,43,58,1,0,0.13,4.02,21.21,36.36,5.37,40,51.67,40.91,63.64,29.23,46.15
2025-08-21,21,1,2025-08-21 08:32:00,5,九州スポーツ杯争奪オール九州選抜戦,2,3825,宮嵜 隆太郎,3,52,58.5,0,0,0.13,3.88,22.52,31.53,4.08,25,35.42,36.76,52.94,38.33,58.33
2025-08-21,21,1,2025-08-21 08:32:00,5,九州スポーツ杯争奪オール九州選抜戦,3,5041,荒牧 凪沙,3,26,52,0,0,0.18,4.83,27.27,44.32,4.29,23.53,29.41,26.56,45.31,35.94,50
2025-08-21,21,1,2025-08-21 08:32:00,5,九州スポーツ杯争奪オール九州選抜戦,4,4367,山口 修路,3,39,52.2,0,0,0.22,4.81,27.47,39.56,5.15,28.26,50,33.78,51.35,40.54,55.41
2025-08-21,21,1,2025-08-21 08:32:00,5,九州スポーツ杯争奪オール九州選抜戦,5,3928,林 恵祐,3,49,58.7,0,0,0.18,3.77,17.86,27.38,4.08,17.86,33.33,36.11,44.44,40,53.85
2025-08-21,21,1,2025-08-21 08:32:00,5,九州スポーツ杯争奪オール九州選抜戦,6,3352,小川 晃司,3,57,51.5,0,0,0.15,4.39,16.67,43.14,4.45,17.5,42.5,45.83,62.5,32.26,45.16
2025-08-21,21,2,2025-08-21 08:58:00,5,九州スポーツ杯争奪オール九州選抜戦,1,4551,三川 昂暁,2,36,53.3,0,0,0.18,5.46,31.82,56.36,5.49,38.16,53.95,39.39,53.03,33.33,39.39
2025-08-21,21,2,2025-08-21 08:58:00,5,九州スポーツ杯争奪オール九州選抜戦,2,3804,中渡 修作,3,51,53,0,0,0.18,3.87,16.28,31.4,4.52,30.53,46.32,28.99,46.38,28.17,45.07
2025-08-21,21,2,2025-08-21 08:58:00,5,九州スポーツ杯争奪オール九州選抜戦,3,5286,坂井 滉哉,3,26,50,0,0,0.16,4.44,23.15,38.89,2.57,8.7,13.04,39.39,57.58,27.54,44.93
2025-08-21,21,2,2025-08-21 08:58:00,5,九州スポーツ杯争奪オール九州選抜戦,4,5028,原田 才一郎,1,28,52,0,0,0.16,6.79,50,65,7.76,67.57,83.78,38,66,26.98,36.51
2025-08-21,21,2,2025-08-21 08:58:00,5,九州スポーツ杯争奪オール九州選抜戦,5,4394,永嶋 裕一,3,39,51.5,0,0,0.17,5.81,37.04,61.11,5.43,29.73,45.95,59.38,73.44,43.06,59.72
2025-08-21,21,2,2025-08-21 08:58:00,5,九州スポーツ杯争奪オール九州選抜戦,6,5209,小野 京平,4,27,55.7,0,0,0.2,2.06,0,8.16,2.91,4.35,26.09,35.71,50,44.93,60.87
2025-08-21,21,3,2025-08-21 09:24:00,5,九州スポーツ杯争奪オール九州選抜戦,1,4395,下河 雅史,2,39,54.5,1,0,0.17,5.08,28.17,49.3,5.44,31.43,55.71,33.85,44.62,34.38,46.88
2025-08-21,21,3,2025-08-21 09:24:00,5,九州スポーツ杯争奪オール九州選抜戦,2,4094,中島 真二,3,44,52,0,0,0.19,4.4,21.43,34.82,4.61,22.34,46.81,49.28,69.57,40.63,62.5
2025-08-21,21,3,2025-08-21 09:24:00,5,九州スポーツ杯争奪オール九州選抜戦,3,4831,羽野 直也,1,30,52.8,1,0,0.12,6.95,44.44,60.61,7.3,56.96,69.62,43.33,61.67,35.19,46.3
2025-08-21,21,3,2025-08-21 09:24:00,5,九州スポーツ杯争奪オール九州選抜戦,4,4474,渡辺 崇,3,37,55.6,1,0,0.17,5.29,36.05,48.84,5.16,32.81,54.69,38.03,50.7,46.03,73.02
2025-08-21,21,3,2025-08-21 09:24:00,5,九州スポーツ杯争奪オール九州選抜戦,5,4193,郷原 章平,2,43,52,1,0,0.16,5.77,45.83,58.33,5.71,36.14,57.83,29.17,40.28,29.23,38.46
2025-08-21,21,3,2025-08-21 09:24:00,5,九州スポーツ杯争奪オール九州選抜戦,6,5207,高山 敬悟,4,28,52.9,0,0,0.2,4.39,24.29,37.14,3.93,18.18,36.36,29.58,50.7,26.56,39.06
2025-08-21,21,4,2025-08-21 09:50:00,5,九州スポーツ杯争奪オール九州選抜戦,1,4296,岡崎 恭裕,1,38,52.1,0,0,0.13,7.26,57.65,78.82,6.72,48.61,61.11,36,56,34.25,50.68
2025-08-21,21,4,2025-08-21 09:50:00,5,九州スポーツ杯争奪オール九州選抜戦,2,4329,小松 卓司,3,42,52,0,0,0.17,3.94,19.48,33.77,5.81,46.15,61.54,33.85,47.69,40.24,59.76
2025-08-21,21,4,2025-08-21 09:50:00,5,九州スポーツ杯争奪オール九州選抜戦,3,3514,山一 鉄也,4,58,52.2,0,0,0.16,5.74,40.26,49.35,6.49,46.05,67.11,44.26,57.38,30.36,44.64
2025-08-21,21,4,2025-08-21 09:50:00,5,九州スポーツ杯争奪オール九州選抜戦,4,5053,山口 広樹,2,29,53.3,1,0,0.17,5.45,35.85,52.83,3.93,20.69,31.03,40,52.31,44.59,66.22
2025-08-21,21,4,2025-08-21 09:50:00,5,九州スポーツ杯争奪オール九州選抜戦,5,5093,浦野 海,2,23,52,0,0,0.17,6.01,36.19,62.86,5.49,36,53.71,40.63,57.81,39.06,59.38
2025-08-21,21,4,2025-08-21 09:50:00,5,九州スポーツ杯争奪オール九州選抜戦,6,4736,高倉 和士,2,34,53.3,0,0,0.12,6.45,43.1,62.93,6.65,46.03,60.32,35.29,48.53,30.99,47.89
2025-08-21,21,5,2025-08-21 10:19:00,5,九州スポーツ杯争奪オール九州選抜戦,1,4288,永田 啓二,1,40,52,0,0,0.13,7.14,60,73.33,6.74,55.68,67.05,34.85,56.06,33.33,52.63
2025-08-21,21,5,2025-08-21 10:19:00,5,九州スポーツ杯争奪オール九州選抜戦,2,4640,山ノ内 雅人,2,34,52,0,0,0.16,5.86,40.77,60.77,6.05,41.89,60.81,51.61,67.74,32.2,47.46
2025-08-21,21,5,2025-08-21 10:19:00,5,九州スポーツ杯争奪オール九州選抜戦,3,5276,大島 隆乃介,3,23,50.5,0,0,0.17,5.53,36.7,55.05,3.11,12.64,24.14,39.06,54.69,39.73,65.75
2025-08-21,21,5,2025-08-21 10:19:00,5,九州スポーツ杯争奪オール九州選抜戦,4,4424,松尾 昂明,2,40,52,0,0,0.16,6.15,43.48,62.61,6.19,49.63,62.96,34.33,52.24,28.57,57.14
2025-08-21,21,5,2025-08-21 10:19:00,5,九州スポーツ杯争奪オール九州選抜戦,5,5041,荒牧 凪沙,3,26,52,0,0,0.18,4.83,27.27,44.32,4.29,23.53,29.41,26.56,45.31,35.94,50
2025-08-21,21,5,2025-08-21 10:19:00,5,九州スポーツ杯争奪オール九州選抜戦,6,3662,大庭 元明,2,55,54.7,0,0,0.16,4.97,32.73,47.27,5.81,41.67,61.11,31.34,47.76,31.03,48.28
2025-08-21,21,6,2025-08-21 10:49:00,5,九州スポーツ杯争奪オール九州選抜戦,1,5209,小野 京平,4,27,55.7,0,0,0.2,2.06,0,8.16,2.91,4.35,26.09,35.71,50,44.93,60.87
2025-08-21,21,6,2025-08-21 10:49:00,5,九州スポーツ杯争奪オール九州選抜戦,2,4485,楠原 正剛,3,39,54.2,1,0,0.16,5.56,39.42,53.28,4.83,31.67,38.33,32.39,53.52,39.13,53.62
2025-08-21,21,6,2025-08-21 10:49:00,5,九州スポーツ杯争奪オール九州選抜戦,3,4189,川上 剛,2,44,55.4,0,0,0.17,6.09,42,60.67,6.22,44.59,59.46,29.23,44.62,29.85,37.31
2025-08-21,21,6,2025-08-21 10:49:00,5,九州スポーツ杯争奪オール九州選抜戦,4,4551,三川 昂暁,2,36,53.3,0,0,0.18,5.46,31.82,56.36,5.49,38.16,53.95,39.39,53.03,33.33,39.39
2025-08-21,21,6,2025-08-21 10:49:00,5,九州スポーツ杯争奪オール九州選抜戦,5,3741,松尾 基成,3,51,55.8,0,0,0.19,3.46,14.61,28.09,3.99,14.71,32.35,34.72,58.33,34.38,46.88
2025-08-21,21,6,2025-08-21 10:49:00,5,九州スポーツ杯争奪オール九州選抜戦,6,4451,松崎 祐太郎,1,37,52,0,0,0.16,6.63,48.44,68.75,6.27,40.7,56.98,27.94,45.59,28.57,46.03
2025-08-21,21,7,2025-08-21 11:19:00,5,九州スポーツ杯争奪オール九州選抜戦,1,5219,森口 和紀,4,24,52,0,0,0.17,4.52,25.93,38.89,2.8,8,16,33.33,42.86,31.67,50
2025-08-21,21,7,2025-08-21 11:19:00,5,九州スポーツ杯争奪オール九州選抜戦,2,3928,林 恵祐,3,49,58.7,0,0,0.18,3.77,17.86,27.38,4.08,17.86,33.33,36.11,44.44,40,53.85
2025-08-21,21,7,2025-08-21 11:19:00,5,九州スポーツ杯争奪オール九州選抜戦,3,3804,中渡 修作,3,51,53,0,0,0.18,3.87,16.28,31.4,4.52,30.53,46.32,28.99,46.38,28.17,45.07
2025-08-21,21,7,2025-08-21 11:19:00,5,九州スポーツ杯争奪オール九州選抜戦,4,4638,小林 遼太,3,34,53.3,0,0,0.19,4.79,28.32,44.25,4.44,26.47,41.18,37.5,56.25,46.58,64.38
2025-08-21,21,7,2025-08-21 11:19:00,5,九州スポーツ杯争奪オール九州選抜戦,5,4957,竹之内 極,3,30,52.7,0,0,0.17,5.43,32.08,55.66,4.07,25.93,33.33,36.21,53.45,42.03,50.72
2025-08-21,21,7,2025-08-21 11:19:00,5,九州スポーツ杯争奪オール九州選抜戦,6,5286,坂井 滉哉,3,26,50,0,0,0.16,4.44,23.15,38.89,2.57,8.7,13.04,39.39,57.58,27.54,44.93
2025-08-21,21,8,2025-08-21 11:51:00,5,九州スポーツ杯争奪オール九州選抜戦,1,5207,高山 敬悟,4,28,52.9,0,0,0.2,4.39,24.29,37.14,3.93,18.18,36.36,29.58,50.7,26.56,39.06
2025-08-21,21,8,2025-08-21 11:51:00,5,九州スポーツ杯争奪オール九州選抜戦,2,5053,山口 広樹,2,29,53.3,1,0,0.17,5.45,35.85,52.83,3.93,20.69,31.03,40,52.31,44.59,66.22
2025-08-21,21,8,2025-08-21 11:51:00,5,九州スポーツ杯争奪オール九州選抜戦,3,5093,浦野 海,2,23,52,0,0,0.17,6.01,36.19,62.86,5.49,36,53.71,40.63,57.81,39.06,59.38
2025-08-21,21,8,2025-08-21 11:51:00,5,九州スポーツ杯争奪オール九州選抜戦,4,4395,下河 雅史,2,39,54.5,1,0,0.17,5.08,28.17,49.3,5.44,31.43,55.71,33.85,44.62,34.38,46.88
2025-08-21,21,8,2025-08-21 11:51:00,5,九州スポーツ杯争奪オール九州選抜戦,5,3825,宮嵜 隆太郎,3,52,58.5,0,0,0.13,3.88,22.52,31.53,4.08,25,35.42,36.76,52.94,38.33,58.33
2025-08-21,21,8,2025-08-21 11:51:00,5,九州スポーツ杯争奪オール九州選抜戦,6,5105,富田 恕生,3,26,52.2,0,0,0.18,4.61,29.11,43.04,5.15,31.87,52.2,32,49.33,36.92,50.77
2025-08-21,21,9,2025-08-21 12:25:00,5,九州スポーツ杯争奪オール九州選抜戦,1,4193,郷原 章平,2,43,52,1,0,0.16,5.77,45.83,58.33,5.71,36.14,57.83,29.17,40.28,29.23,38.46
2025-08-21,21,9,2025-08-21 12:25:00,5,九州スポーツ杯争奪オール九州選抜戦,2,4424,松尾 昂明,2,40,52,0,0,0.16,6.15,43.48,62.61,6.19,49.63,62.96,34.33,52.24,28.57,57.14
2025-08-21,21,9,2025-08-21 12:25:00,5,九州スポーツ杯争奪オール九州選抜戦,3,4195,前川 守嗣,2,43,58,1,0,0.13,4.02,21.21,36.36,5.37,40,51.67,40.91,63.64,29.23,46.15
2025-08-21,21,9,2025-08-21 12:25:00,5,九州スポーツ杯争奪オール九州選抜戦,4,4329,小松 卓司,3,42,52,0,0,0.17,3.94,19.48,33.77,5.81,46.15,61.54,33.85,47.69,40.24,59.76
2025-08-21,21,9,2025-08-21 12:25:00,5,九州スポーツ杯争奪オール九州選抜戦,5,5028,原田 才一郎,1,28,52,0,0,0.16,6.79,50,65,7.76,67.57,83.78,38,66,26.98,36.51
2025-08-21,21,9,2025-08-21 12:25:00,5,九州スポーツ杯争奪オール九州選抜戦,6,5328,井上 慧人,3,21,54.4,1,0,0.18,3.22,9.2,21.84,2.77,8.57,14.29,36.17,48.94,46.91,65.43
2025-08-21,21,10,2025-08-21 12:59:00,5,九州スポーツ杯争奪オール九州選抜戦,1,4394,永嶋 裕一,3,39,51.5,0,0,0.17,5.81,37.04,61.11,5.43,29.73,45.95,59.38,73.44,43.06,59.72
2025-08-21,21,10,2025-08-21 12:59:00,5,九州スポーツ杯争奪オール九州選抜戦,2,4296,岡崎 恭裕,1,38,52.1,0,0,0.13,7.26,57.65,78.82,6.72,48.61,61.11,36,56,34.25,50.68
2025-08-21,21,10,2025-08-21 12:59:00,5,九州スポーツ杯争奪オール九州選抜戦,3,4451,松崎 祐太郎,1,37,52,0,0,0.16,6.63,48.44,68.75,6.27,40.7,56.98,27.94,45.59,28.57,46.03
2025-08-21,21,10,2025-08-21 12:59:00,5,九州スポーツ杯争奪オール九州選抜戦,4,3662,大庭 元明,2,55,54.7,0,0,0.16,4.97,32.73,47.27,5.81,41.67,61.11,31.34,47.76,31.03,48.28
2025-08-21,21,10,2025-08-21 12:59:00,5,九州スポーツ杯争奪オール九州選抜戦,5,5276,大島 隆乃介,3,23,50.5,0,0,0.17,5.53,36.7,55.05,3.11,12.64,24.14,39.06,54.69,39.73,65.75
2025-08-21,21,10,2025-08-21 12:59:00,5,九州スポーツ杯争奪オール九州選抜戦,6,4094,中島 真二,3,44,52,0,0,0.19,4.4,21.43,34.82,4.61,22.34,46.81,49.28,69.57,40.63,62.5
2025-08-21,21,11,2025-08-21 13:35:00,5,九州スポーツ杯争奪オール九州選抜戦,1,4831,羽野 直也,1,30,52.8,1,0,0.12,6.95,44.44,60.61,7.3,56.96,69.62,43.33,61.67,35.19,46.3
2025-08-21,21,11,2025-08-21 13:35:00,5,九州スポーツ杯争奪オール九州選抜戦,2,4189,川上 剛,2,44,55.4,0,0,0.17,6.09,42,60.67,6.22,44.59,59.46,29.23,44.62,29.85,37.31
2025-08-21,21,11,2025-08-21 13:35:00,5,九州スポーツ杯争奪オール九州選抜戦,3,4640,山ノ内 雅人,2,34,52,0,0,0.16,5.86,40.77,60.77,6.05,41.89,60.81,51.61,67.74,32.2,47.46
2025-08-21,21,11,2025-08-21 13:35:00,5,九州スポーツ杯争奪オール九州選抜戦,4,4736,高倉 和士,2,34,53.3,0,0,0.12,6.45,43.1,62.93,6.65,46.03,60.32,35.29,48.53,30.99,47.89
2025-08-21,21,11,2025-08-21 13:35:00,5,九州スポーツ杯争奪オール九州選抜戦,5,4288,永田 啓二,1,40,52,0,0,0.13,7.14,60,73.33,6.74,55.68,67.05,34.85,56.06,33.33,52.63
2025-08-21,21,11,2025-08-21 13:35:00,5,九州スポーツ杯争奪オール九州選抜戦,6,3352,小川 晃司,3,57,51.5,0,0,0.15,4.39,16.67,43.14,4.45,17.5,42.5,45.83,62.5,32.26,45.16
2025-08-21,21,12,2025-08-21 14:12:00,5,九州スポーツ杯争奪オール九州選抜戦,1,4236,松村 敏,1,41,52.1,0,0,0.12,7.38,64.06,78.13,7.69,65,83,49.25,67.16,37.84,51.35
2025-08-21,21,12,2025-08-21 14:12:00,5,九州スポーツ杯争奪オール九州選抜戦,2,3783,瓜生 正義,1,49,52.3,0,0,0.15,7.15,47.42,63.92,7.5,58.51,73.4,40,55.38,47.62,58.73
2025-08-21,21,12,2025-08-21 14:12:00,5,九州スポーツ杯争奪オール九州選抜戦,3,4477,篠崎 仁志,1,37,55,0,0,0.14,6.76,45.95,65.77,6.42,38.6,57.89,26.39,38.89,44.59,59.46
2025-08-21,21,12,2025-08-21 14:12:00,5,九州スポーツ杯争奪オール九州選抜戦,4,4136,江夏 満,1,45,52,0,0,0.16,6.54,46.79,69.72,6.57,44.58,69.88,39.73,49.32,28.33,36.67
2025-08-21,21,12,2025-08-21 14:12:00,5,九州スポーツ杯争奪オール九州選抜戦,5,4364,池永 太,1,40,52.2,0,0,0.14,7.03,56.31,69.9,7.2,53.33,73.33,54.1,75.41,39.39,60.61
2025-08-21,21,12,2025-08-21 14:12:00,5,九州スポーツ杯争奪オール九州選抜戦,6,5330,安河内 鈴之介,3,21,51,0,0,0.16,5.27,35.34,50,4.81,26,45,55.77,82.69,40,54.29
2025-08-21,22,1,2025-08-21 12:33:00,5,男女W優勝戦 ライジングゼファーフクオカ杯,1,3787,天野 誠,3,53,53,0,0,0.19,3.94,18.06,34.72,4,9.09,36.36,19.18,31.51,30.23,47.67
2025-08-21,22,1,2025-08-21 12:33:00,5,男女W優勝戦 ライジングゼファーフクオカ杯,2,4574,東 潤樹,3,36,52.8,0,0,0.19,4.69,25.42,42.37,4.83,25,47.5,25.47,40.57,27.12,42.37
2025-08-21,22,1,2025-08-21 12:33:00,5,男女W優勝戦 ライジングゼファーフクオカ杯,3,4966,田川 大貴,2,27,54.3,0,0,0.14,5.55,35.29,54.9,6.25,45,75,31.37,48.04,40.23,57.47
2025-08-21,22,1,2025-08-21 12:33:00,5,男女W優勝戦 ライジングゼファーフクオカ杯,4,4592,小林 孝弘,3,44,51.5,0,0,0.17,4.81,25.96,47.12,4.77,27.54,46.38,34.74,53.68,37.78,55.56
2025-08-21,22,1,2025-08-21 12:33:00,5,男女W優勝戦 ライジングゼファーフクオカ杯,5,4167,片岡 秀樹,3,43,55.2,1,0,0.15,4.18,20.43,36.56,5,44.44,44.44,15.38,32.31,41.67,52.38
2025-08-21,22,1,2025-08-21 12:33:00,5,男女W優勝戦 ライジングゼファーフクオカ杯,6,3473,石川 真二,1,55,53.1,0,0,0.15,6.3,47.69,64.62,6.41,42.86,69.84,41.38,56.32,27.71,43.37
2025-08-21,22,2,2025-08-21 13:01:00,5,男女W優勝戦 ライジングゼファーフクオカ杯,1,5155,内山 七海,3,28,44.5,0,0,0.17,5.32,37.89,52.63,4.21,26.32,47.37,40,65,39.76,56.63
2025-08-21,22,2,2025-08-21 13:01:00,5,男女W優勝戦 ライジングゼファーフクオカ杯,2,4473,藤堂 里香,2,38,45.5,1,0,0.15,6.34,50.63,65.82,0,0,0,42.05,59.09,38.82,54.12
2025-08-21,22,2,2025-08-21 13:01:00,5,男女W優勝戦 ライジングゼファーフクオカ杯,3,5213,湯淺 紀香,3,26,46,0,0,0.19,5.55,39.47,51.75,0,0,0,27.96,45.16,39.47,55.26
2025-08-21,22,2,2025-08-21 13:01:00,5,男女W優勝戦 ライジングゼファーフクオカ杯,4,5194,大久保 佑香,3,23,46,0,0,0.16,4.02,14.55,36.36,0,0,0,25.93,42.59,31.03,49.43
2025-08-21,22,2,2025-08-21 13:01:00,5,男女W優勝戦 ライジングゼファーフクオカ杯,5,5113,黒明 花夢,4,25,45,0,0,0.2,2.98,11.54,19.23,0,0,0,18.18,39.77,28.41,45.45
2025-08-21,22,2,2025-08-21 13:01:00,5,男女W優勝戦 ライジングゼファーフクオカ杯,6,5391,出穂 和鼓,4,17,52.3,0,0,0.22,1.32,0,0,0,0,0,38.05,49.56,43.33,60
2025-08-21,22,3,2025-08-21 13:29:00,5,男女W優勝戦 ライジングゼファーフクオカ杯,1,4978,山田 和佐,3,31,52.9,0,0,0.18,4.12,20.47,36.22,3.58,21.05,26.32,43.62,61.7,25,40.48
2025-08-21,22,3,2025-08-21 13:29:00,5,男女W優勝戦 ライジングゼファーフクオカ杯,2,3643,米田 隆弘,3,53,53.2,0,0,0.17,5.22,29.77,48.85,6.36,27.27,72.73,28.41,38.64,31.82,44.32
2025-08-21,22,3,2025-08-21 13:29:00,5,男女W優勝戦 ライジングゼファーフクオカ杯,3,3627,井上 恵一,3,56,52.6,0,0,0.18,5.88,41.8,64.75,4.97,31.58,47.37,30.4,47.2,20.78,41.56
2025-08-21,22,3,2025-08-21 13:29:00,5,男女W優勝戦 ライジングゼファーフクオカ杯,4,5106,山崎 祥,3,26,51.5,0,0,0.21,4.71,24.04,45.19,3.94,22.86,28.57,26.6,44.68,39.77,61.36
2025-08-21,22,3,2025-08-21 13:29:00,5,男女W優勝戦 ライジングゼファーフクオカ杯,5,4429,豊田 泰洋,3,39,58.6,0,0,0.19,4.17,20.34,34.75,0,0,0,17.07,36.59,21.18,41.18
2025-08-21,22,3,2025-08-21 13:29:00,5,男女W優勝戦 ライジングゼファーフクオカ杯,6,3623,深川 真二,1,51,50.5,1,0,0.14,7.31,64.03,73.38,8.3,70,90,30.93,46.39,26.97,47.19
2025-08-21,22,4,2025-08-21 13:57:00,5,男女W優勝戦 ライジングゼファーフクオカ杯,1,4098,赤澤 文香,3,43,48.5,0,0,0.22,4.73,23.33,48.33,5.27,36.36,54.55,31.76,57.65,36.9,54.76
2025-08-21,22,4,2025-08-21 13:57:00,5,男女W優勝戦 ライジングゼファーフクオカ杯,2,5322,根岸 真優,4,23,45,1,0,0.19,1.8,2.53,6.33,0,0,0,27.27,45.45,43.48,60.87
2025-08-21,22,4,2025-08-21 13:57:00,5,男女W優勝戦 ライジングゼファーフクオカ杯,3,4773,中川 りな,2,32,49.2,0,0,0.18,5.59,36.11,54.86,5.41,35.9,51.28,33.68,53.68,35.44,49.37
2025-08-21,22,4,2025-08-21 13:57:00,5,男女W優勝戦 ライジングゼファーフクオカ杯,4,4510,坂本 奈央,4,36,47.3,0,0,,2.48,4.76,9.52,4.67,33.33,33.33,39.18,58.76,15.15,24.24
2025-08-21,22,4,2025-08-21 13:57:00,5,男女W優勝戦 ライジングゼファーフクオカ杯,5,3611,岩崎 芳美,2,53,47.7,0,0,0.15,6.15,44.44,60.61,6.65,45,65,43.01,59.14,38.78,54.08
2025-08-21,22,4,2025-08-21 13:57:00,5,男女W優勝戦 ライジングゼファーフクオカ杯,6,5390,高橋 涼夏,4,18,45.5,0,0,0.19,1.54,0,0,0,0,0,40,55.56,33.73,50.6
2025-08-21,22,5,2025-08-21 14:25:00,5,男女W優勝戦 ライジングゼファーフクオカ杯,1,4259,真庭 明志,3,41,52.9,0,0,0.15,5.93,47.01,55.97,5.95,35,70,45.24,63.1,37.18,52.56
2025-08-21,22,5,2025-08-21 14:25:00,5,男女W優勝戦 ライジングゼファーフクオカ杯,2,4732,堀本 和也,1,36,53.2,0,0,0.12,6.65,54.84,68.55,7.4,60,75,31.19,55.96,25.61,47.56
2025-08-21,22,5,2025-08-21 14:25:00,5,男女W優勝戦 ライジングゼファーフクオカ杯,3,5134,大原 祥昌,2,26,52.9,1,0,0.13,5.09,31.52,46.74,5,28,64,23.66,36.56,31.76,43.53
2025-08-21,22,5,2025-08-21 14:25:00,5,男女W優勝戦 ライジングゼファーフクオカ杯,4,4368,山口 隆史,3,39,52.5,0,0,0.18,4.3,22.5,38.33,4.29,16.67,35.71,33.68,46.32,35.11,50
2025-08-21,22,5,2025-08-21 14:25:00,5,男女W優勝戦 ライジングゼファーフクオカ杯,5,3661,柳瀬 興志,2,56,58.1,0,0,0.18,5.05,25.23,51.4,4.5,25,37.5,37.66,50.65,36.26,59.34
2025-08-21,22,5,2025-08-21 14:25:00,5,男女W優勝戦 ライジングゼファーフクオカ杯,6,3462,竹上 真司,3,58,52.4,1,0,0.2,4,18.56,34.02,4.8,20,45,33.33,52.03,35.29,49.41
2025-08-21,22,6,2025-08-21 14:53:00,5,男女W優勝戦 ライジングゼファーフクオカ杯,1,4730,土屋 実沙希,3,36,47.1,0,0,0.2,5.48,36.96,56.52,4.17,16.67,33.33,28.44,46.79,31.52,50
2025-08-21,22,6,2025-08-21 14:53:00,5,男女W優勝戦 ライジングゼファーフクオカ杯,2,5320,岩崎 麗子,4,24,49.2,0,0,0.18,2,2.15,5.38,0,0,0,37.11,57.73,41.89,55.41
2025-08-21,22,6,2025-08-21 14:53:00,5,男女W優勝戦 ライジングゼファーフクオカ杯,3,4845,前田 紗希,2,32,47,0,0,0.15,6.85,51.79,68.75,0,0,0,26.09,43.48,31.03,51.72
2025-08-21,22,6,2025-08-21 14:53:00,5,男女W優勝戦 ライジングゼファーフクオカ杯,4,5153,佐藤 ほのか,3,29,47,0,0,0.18,4.14,19.49,31.36,0,0,0,26.25,36.25,53.57,64.29
2025-08-21,22,6,2025-08-21 14:53:00,5,男女W優勝戦 ライジングゼファーフクオカ杯,5,5203,神里 琴音,3,21,44,1,0,0.16,4.4,22.45,37.76,5.04,34.69,51.02,15.29,36.47,41.05,54.74
2025-08-21,22,6,2025-08-21 14:53:00,5,男女W優勝戦 ライジングゼファーフクオカ杯,6,4373,若狭 奈美子,2,37,46.5,0,0,0.19,6.44,48.6,69.16,6.19,52.38,61.9,44.76,61.9,31.82,45.45
2025-08-21,22,7,2025-08-21 15:21:00,5,男女W優勝戦 ライジングゼファーフクオカ杯,1,4951,新田 洋一,2,31,53.8,0,0,0.15,5.22,27.85,54.43,4.7,20,50,29.13,47.57,38.71,62.37
2025-08-21,22,7,2025-08-21 15:21:00,5,男女W優勝戦 ライジングゼファーフクオカ杯,2,4167,片岡 秀樹,3,43,55.2,1,0,0.15,4.18,20.43,36.56,5,44.44,44.44,15.38,32.31,41.67,52.38
2025-08-21,22,7,2025-08-21 15:21:00,5,男女W優勝戦 ライジングゼファーフクオカ杯,3,3853,岩崎 正哉,2,52,54.2,0,0,0.18,5.35,32.26,50,6.07,40.7,61.63,42.59,54.63,24.73,45.16
2025-08-21,22,7,2025-08-21 15:21:00,5,男女W優勝戦 ライジングゼファーフクオカ杯,4,3787,天野 誠,3,53,53,0,0,0.19,3.94,18.06,34.72,4,9.09,36.36,19.18,31.51,30.23,47.67
2025-08-21,22,7,2025-08-21 15:21:00,5,男女W優勝戦 ライジングゼファーフクオカ杯,5,5015,高橋 竜矢,1,27,52,0,0,0.14,6.67,53.66,69.11,5.85,40,70,31.25,47.32,21.95,42.68
2025-08-21,22,7,2025-08-21 15:21:00,5,男女W優勝戦 ライジングゼファーフクオカ杯,6,5106,山崎 祥,3,26,51.5,0,0,0.21,4.71,24.04,45.19,3.94,22.86,28.57,26.6,44.68,39.77,61.36
2025-08-21,22,8,2025-08-21 15:51:00,5,男女W優勝戦 ライジングゼファーフクオカ杯,1,3618,海野 ゆかり,2,51,45.5,0,0,0.17,6.16,40.68,61.86,7.32,57.89,73.68,33.63,42.48,41.84,52.04
2025-08-21,22,8,2025-08-21 15:51:00,5,男女W優勝戦 ライジングゼファーフクオカ杯,2,5113,黒明 花夢,4,25,45,0,0,0.2,2.98,11.54,19.23,0,0,0,18.18,39.77,28.41,45.45
2025-08-21,22,8,2025-08-21 15:51:00,5,男女W優勝戦 ライジングゼファーフクオカ杯,3,4246,喜多 那由夏,3,43,48.5,0,0,0.18,4.08,17.24,35.63,3,16.67,33.33,26.45,42.98,25,44.05
2025-08-21,22,8,2025-08-21 15:51:00,5,男女W優勝戦 ライジングゼファーフクオカ杯,4,5155,内山 七海,3,28,44.5,0,0,0.17,5.32,37.89,52.63,4.21,26.32,47.37,40,65,39.76,56.63
2025-08-21,22,8,2025-08-21 15:51:00,5,男女W優勝戦 ライジングゼファーフクオカ杯,5,5322,根岸 真優,4,23,45,1,0,0.19,1.8,2.53,6.33,0,0,0,27.27,45.45,43.48,60.87
2025-08-21,22,8,2025-08-21 15:51:00,5,男女W優勝戦 ライジングゼファーフクオカ杯,6,4924,中北 涼,3,32,48.6,0,0,0.18,4.47,20,38,3.22,11.11,22.22,30,45.45,29.63,41.98
2025-08-21,22,9,2025-08-21 16:21:00,5,男女W優勝戦 ライジングゼファーフクオカ杯,1,3576,白水 勝也,1,52,51.5,1,0,0.17,6.34,51.02,68.37,6.08,43.09,63.41,30.43,46.09,25,41.67
2025-08-21,22,9,2025-08-21 16:21:00,5,男女W優勝戦 ライジングゼファーフクオカ杯,2,4429,豊田 泰洋,3,39,58.6,0,0,0.19,4.17,20.34,34.75,0,0,0,17.07,36.59,21.18,41.18
2025-08-21,22,9,2025-08-21 16:21:00,5,男女W優勝戦 ライジングゼファーフクオカ杯,3,4592,小林 孝弘,3,44,51.5,0,0,0.17,4.81,25.96,47.12,4.77,27.54,46.38,34.74,53.68,37.78,55.56
2025-08-21,22,9,2025-08-21 16:21:00,5,男女W優勝戦 ライジングゼファーフクオカ杯,4,4966,田川 大貴,2,27,54.3,0,0,0.14,5.55,35.29,54.9,6.25,45,75,31.37,48.04,40.23,57.47
2025-08-21,22,9,2025-08-21 16:21:00,5,男女W優勝戦 ライジングゼファーフクオカ杯,5,3643,米田 隆弘,3,53,53.2,0,0,0.17,5.22,29.77,48.85,6.36,27.27,72.73,28.41,38.64,31.82,44.32
2025-08-21,22,9,2025-08-21 16:21:00,5,男女W優勝戦 ライジングゼファーフクオカ杯,6,5134,大原 祥昌,2,26,52.9,1,0,0.13,5.09,31.52,46.74,5,28,64,23.66,36.56,31.76,43.53
2025-08-21,22,10,2025-08-21 16:53:00,5,男女W優勝戦 ライジングゼファーフクオカ杯,1,4791,黒澤 めぐみ,2,35,47.7,0,0,0.16,6.3,47.62,64.29,0,0,0,33.72,48.84,25,47.5
2025-08-21,22,10,2025-08-21 16:53:00,5,男女W優勝戦 ライジングゼファーフクオカ杯,2,3871,池田 紫乃,3,49,44.5,0,0,0.18,5.11,37.5,48.44,0,0,0,30.39,50,40.96,57.83
2025-08-21,22,10,2025-08-21 16:53:00,5,男女W優勝戦 ライジングゼファーフクオカ杯,3,4730,土屋 実沙希,3,36,47.1,0,0,0.2,5.48,36.96,56.52,4.17,16.67,33.33,28.44,46.79,31.52,50
2025-08-21,22,10,2025-08-21 16:53:00,5,男女W優勝戦 ライジングゼファーフクオカ杯,4,5213,湯淺 紀香,3,26,46,0,0,0.19,5.55,39.47,51.75,0,0,0,27.96,45.16,39.47,55.26
2025-08-21,22,10,2025-08-21 16:53:00,5,男女W優勝戦 ライジングゼファーフクオカ杯,5,4098,赤澤 文香,3,43,48.5,0,0,0.22,4.73,23.33,48.33,5.27,36.36,54.55,31.76,57.65,36.9,54.76
2025-08-21,22,10,2025-08-21 16:53:00,5,男女W優勝戦 ライジングゼファーフクオカ杯,6,5192,中尾 優香,3,24,47.5,0,0,0.19,5.28,34.18,53.16,2.73,9.09,15.15,36.52,49.57,30.67,42.67
2025-08-21,22,11,2025-08-21 17:25:00,5,男女W優勝戦 ライジングゼファーフクオカ杯,1,5142,常住 蓮,1,24,51,0,0,0.13,7.31,58.67,75.33,6.15,46.77,67.74,29.23,54.62,47.78,61.11
2025-08-21,22,11,2025-08-21 17:25:00,5,男女W優勝戦 ライジングゼファーフクオカ杯,2,3661,柳瀬 興志,2,56,58.1,0,0,0.18,5.05,25.23,51.4,4.5,25,37.5,37.66,50.65,36.26,59.34
2025-08-21,22,11,2025-08-21 17:25:00,5,男女W優勝戦 ライジングゼファーフクオカ杯,3,4951,新田 洋一,2,31,53.8,0,0,0.15,5.22,27.85,54.43,4.7,20,50,29.13,47.57,38.71,62.37
2025-08-21,22,11,2025-08-21 17:25:00,5,男女W優勝戦 ライジングゼファーフクオカ杯,4,3627,井上 恵一,3,56,52.6,0,0,0.18,5.88,41.8,64.75,4.97,31.58,47.37,30.4,47.2,20.78,41.56
2025-08-21,22,11,2025-08-21 17:25:00,5,男女W優勝戦 ライジングゼファーフクオカ杯,5,4574,東 潤樹,3,36,52.8,0,0,0.19,4.69,25.42,42.37,4.83,25,47.5,25.47,40.57,27.12,42.37
2025-08-21,22,11,2025-08-21 17:25:00,5,男女W優勝戦 ライジングゼファーフクオカ杯,6,3717,立間 充宏,2,50,54.9,0,0,0.15,5.35,39.24,54.43,5.39,39.39,54.55,32.95,47.73,28.26,48.91
2025-08-21,22,12,2025-08-21 18:00:00,5,男女W優勝戦 ライジングゼファーフクオカ杯,1,3611,岩崎 芳美,2,53,47.9,0,0,0.15,6.15,44.44,60.61,6.65,45,65,43.01,59.14,38.78,54.08
2025-08-21,22,12,2025-08-21 18:00:00,5,男女W優勝戦 ライジングゼファーフクオカ杯,2,4373,若狭 奈美子,2,37,45.5,0,0,0.19,6.44,48.6,69.16,6.19,52.38,61.9,44.76,61.9,31.82,45.45
2025-08-21,22,12,2025-08-21 18:00:00,5,男女W優勝戦 ライジングゼファーフクオカ杯,3,3618,海野 ゆかり,2,51,45.5,0,0,0.17,6.16,40.68,61.86,7.32,57.89,73.68,33.63,42.48,41.84,52.04
2025-08-21,22,12,2025-08-21 18:00:00,5,男女W優勝戦 ライジングゼファーフクオカ杯,4,4473,藤堂 里香,2,38,45,1,0,0.15,6.34,50.63,65.82,0,0,0,42.05,59.09,38.82,54.12
2025-08-21,22,12,2025-08-21 18:00:00,5,男女W優勝戦 ライジングゼファーフクオカ杯,5,4773,中川 りな,2,32,49.2,0,0,0.18,5.59,36.11,54.86,5.41,35.9,51.28,33.68,53.68,35.44,49.37
2025-08-21,22,12,2025-08-21 18:00:00,5,男女W優勝戦 ライジングゼファーフクオカ杯,6,4845,前田 紗希,2,32,47.2,0,0,0.15,6.85,51.79,68.75,0,0,0,26.09,43.48,31.03,51.72
2025-08-21,23,1,2025-08-21 08:44:00,5,にっぽん未来プロジェクト競走in唐津,1,4989,石原 翼,2,28,52,1,0,0.15,6.02,48.08,62.5,5.88,29.41,58.82,39.22,50.98,55.37,70.25
2025-08-21,23,1,2025-08-21 08:44:00,5,にっぽん未来プロジェクト競走in唐津,2,3346,宮本 裕之,3,58,52.4,0,0,0.17,3.87,20.69,29.89,4.43,28.57,33.33,40.08,57.09,24.74,38.14
2025-08-21,23,1,2025-08-21 08:44:00,5,にっぽん未来プロジェクト競走in唐津,3,3869,井芹 大志,3,49,54.4,0,0,0.17,3.99,19.63,35.51,5.44,44.44,55.56,29.53,43.7,38.46,58.12
2025-08-21,23,1,2025-08-21 08:44:00,5,にっぽん未来プロジェクト競走in唐津,4,5339,石井 伸長,3,24,50.5,1,0,0.18,4.42,22.12,40.38,2.7,5,20,41.3,60.73,29.41,50.42
2025-08-21,23,1,2025-08-21 08:44:00,5,にっぽん未来プロジェクト競走in唐津,5,4625,渡邊 裕貴,3,39,52,0,0,0.15,4.69,27.27,42.73,4.8,30,50,29.66,45.76,32.76,50.86
2025-08-21,23,1,2025-08-21 08:44:00,5,にっぽん未来プロジェクト競走in唐津,6,4425,大井 清貴,3,39,52.7,0,0,0.17,4.85,25.93,50.93,5.24,37.84,48.65,40.75,60.75,40.34,57.14
2025-08-21,23,2,2025-08-21 09:10:00,5,にっぽん未来プロジェクト競走in唐津,1,3574,大神 康司,2,53,52.7,1,0,0.17,5.77,45.24,55.95,6.43,49.02,70.59,26.41,41.56,27.97,43.22
2025-08-21,23,2,2025-08-21 09:10:00,5,にっぽん未来プロジェクト競走in唐津,2,5043,中村 日向,1,26,52,0,0,0.16,7.44,61.79,75.61,4.6,31.43,37.14,30.63,45.95,32.14,45.54
2025-08-21,23,2,2025-08-21 09:10:00,5,にっぽん未来プロジェクト競走in唐津,3,3550,都築 正治,3,54,53.7,0,0,0.16,5.25,34.96,48.78,4.8,28.57,48.57,27.71,48.19,43.48,59.13
2025-08-21,23,2,2025-08-21 09:10:00,5,にっぽん未来プロジェクト競走in唐津,4,5382,山下 心一,4,20,52.1,0,0,0.19,2.56,8.54,19.51,1.53,0,6.67,32.94,49.21,41.88,58.12
2025-08-21,23,2,2025-08-21 09:10:00,5,にっぽん未来プロジェクト競走in唐津,5,5201,村上 宗太郎,3,22,52,2,0,0.2,4.86,30,44.44,0,0,0,27.03,40.09,32.14,45.54
2025-08-21,23,2,2025-08-21 09:10:00,5,にっぽん未来プロジェクト競走in唐津,6,4197,渥美 卓郎,3,43,54.2,0,0,0.18,3.85,16.19,29.52,3.78,11.11,33.33,33.2,51.45,22.55,41.18
2025-08-21,23,3,2025-08-21 09:36:00,5,にっぽん未来プロジェクト競走in唐津,1,4877,鈴谷 一平,1,30,55.6,0,0,0.14,6.6,53.21,69.72,5.35,30.43,52.17,34.45,54.62,23.53,42.16
2025-08-21,23,3,2025-08-21 09:36:00,5,にっぽん未来プロジェクト競走in唐津,2,4299,中島 浩哉,3,42,55.3,1,0,0.14,4.76,25,44.79,4.12,15.38,26.92,27.78,44.44,25.74,36.63
2025-08-21,23,3,2025-08-21 09:36:00,5,にっぽん未来プロジェクト競走in唐津,3,4301,関 裕也,3,42,54.5,0,0,0.16,4.19,18.75,33.75,3.97,10.34,41.38,33.71,53.41,22.55,45.1
2025-08-21,23,3,2025-08-21 09:36:00,5,にっぽん未来プロジェクト競走in唐津,4,4535,北山 康介,1,35,52,0,0,0.13,7.07,58.43,75.28,6.79,56.25,72.92,33.33,52.85,36.97,52.94
2025-08-21,23,3,2025-08-21 09:36:00,5,にっぽん未来プロジェクト競走in唐津,5,3784,中島 友和,3,48,53,0,0,0.16,4.68,25.51,46.94,5.09,34.07,48.35,35.5,51.91,33.33,47.22
2025-08-21,23,3,2025-08-21 09:36:00,5,にっぽん未来プロジェクト競走in唐津,6,5407,中岡 駿,4,20,53.1,1,0,,1.23,0,0,0,0,0,37.05,56.18,42.11,58.77
2025-08-21,23,4,2025-08-21 10:02:00,5,にっぽん未来プロジェクト競走in唐津,1,4839,四宮 与寛,1,35,52.3,1,0,0.13,6.2,44.19,65.89,5.88,46.88,59.38,36.89,50,33.9,55.08
2025-08-21,23,4,2025-08-21 10:02:00,5,にっぽん未来プロジェクト競走in唐津,2,5082,一色 凌雅,3,26,56.5,0,0,0.19,5.13,36.54,49.04,5.11,33.33,50,36.86,56.57,27.97,38.98
2025-08-21,23,4,2025-08-21 10:02:00,5,にっぽん未来プロジェクト競走in唐津,3,3349,吉田 一郎,2,57,52,0,0,0.16,5.73,32.32,57.58,5.33,25.93,59.26,31.62,48.22,45.61,61.4
2025-08-21,23,4,2025-08-21 10:02:00,5,にっぽん未来プロジェクト競走in唐津,4,4047,吉永 浩則,3,45,53.2,0,0,0.17,3.6,12.5,26.14,3.33,16.67,33.33,27.85,44.29,26.27,38.14
2025-08-21,23,4,2025-08-21 10:02:00,5,にっぽん未来プロジェクト競走in唐津,5,4785,木幡 純也,3,37,52.1,0,0,0.19,4.49,16.09,40.23,5,15.38,53.85,36.9,49.21,18.58,43.36
2025-08-21,23,4,2025-08-21 10:02:00,5,にっぽん未来プロジェクト競走in唐津,6,5089,前田 翔,1,25,52,0,0,0.16,6.42,47.47,66.67,6.76,47.37,76.32,39.84,57.72,32.5,46.67
2025-08-21,23,5,2025-08-21 10:35:00,5,にっぽん未来プロジェクト競走in唐津,1,3997,北村 征嗣,1,46,51.5,0,0,0.15,6.63,43.93,75.7,6.3,45,55,40.67,54.1,26.05,44.54
2025-08-21,23,5,2025-08-21 10:35:00,5,にっぽん未来プロジェクト競走in唐津,2,4703,森永 隆,1,37,52,0,0,0.15,6.27,45.45,65.29,6.23,38.46,61.54,41.79,55.97,25,45.69
2025-08-21,23,5,2025-08-21 10:35:00,5,にっぽん未来プロジェクト競走in唐津,3,3841,佐々木 和伸,2,49,54.1,0,0,0.17,6.46,49.12,70.18,0,0,0,34.82,52.23,39.47,58.77
2025-08-21,23,5,2025-08-21 10:35:00,5,にっぽん未来プロジェクト競走in唐津,4,5312,川辺 郭人,4,25,52.3,0,0,0.21,2.5,4.65,11.63,2.28,3.85,12.82,27.8,46.47,35.96,50.88
2025-08-21,23,5,2025-08-21 10:35:00,5,にっぽん未来プロジェクト競走in唐津,5,3690,河合 三弘,3,54,52.8,0,0,0.18,4.1,22.77,32.67,4.8,30,40,35.8,51.85,20.41,37.76
2025-08-21,23,5,2025-08-21 10:35:00,5,にっぽん未来プロジェクト競走in唐津,6,4133,高橋 正男,2,45,52,0,0,0.17,6.16,42.64,62.02,7.13,53.33,80,40.59,55.35,34.75,51.69
2025-08-21,23,6,2025-08-21 11:02:00,5,にっぽん未来プロジェクト競走in唐津,1,3211,北川 敏弘,3,63,53.6,0,0,0.18,3.89,14.14,30.3,3.97,13.27,31.86,31.91,48.25,25.69,48.62
2025-08-21,23,6,2025-08-21 11:02:00,5,にっぽん未来プロジェクト競走in唐津,2,4303,牧原 崇,2,42,52,0,0,0.19,5.64,39.05,56.19,3.93,14.29,28.57,28.74,45.75,37.72,52.63
2025-08-21,23,6,2025-08-21 11:02:00,5,にっぽん未来プロジェクト競走in唐津,3,4625,渡邊 裕貴,3,39,52,0,0,0.15,4.69,27.27,42.73,4.8,30,50,29.66,45.76,32.76,50.86
2025-08-21,23,6,2025-08-21 11:02:00,5,にっぽん未来プロジェクト競走in唐津,4,4063,市橋 卓士,1,45,53.6,0,0,0.14,6.27,44.35,66.13,6.66,56.82,61.36,47.27,62.89,39.34,52.46
2025-08-21,23,6,2025-08-21 11:02:00,5,にっぽん未来プロジェクト競走in唐津,5,4171,榎 幸司,1,42,52,0,0,0.17,6.58,48.48,70.45,4.95,27.27,45.45,42,58,39.84,54.69
2025-08-21,23,6,2025-08-21 11:02:00,5,にっぽん未来プロジェクト競走in唐津,6,5404,内田 壮,4,21,52.4,1,0,,1.45,0,1.79,1.57,0,0,38.61,59.46,27.1,45.79
2025-08-21,23,7,2025-08-21 11:29:00,5,にっぽん未来プロジェクト競走in唐津,1,4106,坂井 康嗣,3,45,52,0,0,0.2,3.65,15.73,25.84,4.55,27.03,43.24,39.18,55.92,36.54,50.96
2025-08-21,23,7,2025-08-21 11:29:00,5,にっぽん未来プロジェクト競走in唐津,2,3574,大神 康司,2,53,52.7,1,0,0.17,5.77,45.24,55.95,6.43,49.02,70.59,26.41,41.56,27.97,43.22
2025-08-21,23,7,2025-08-21 11:29:00,5,にっぽん未来プロジェクト競走in唐津,3,4269,杉山 裕也,1,39,53.1,0,0,0.15,7.07,54.62,74.62,5.14,35.71,50,37.5,52.82,23.81,34.29
2025-08-21,23,7,2025-08-21 11:29:00,5,にっぽん未来プロジェクト競走in唐津,4,4260,中越 博紀,2,41,52,0,0,0.17,5.31,38.83,51.46,5.2,32,52,43.78,60.64,30.51,50
2025-08-21,23,7,2025-08-21 11:29:00,5,にっぽん未来プロジェクト競走in唐津,5,4301,関 裕也,3,42,54.5,0,0,0.16,4.19,18.75,33.75,3.97,10.34,41.38,33.71,53.41,22.55,45.1
2025-08-21,23,7,2025-08-21 11:29:00,5,にっぽん未来プロジェクト競走in唐津,6,3346,宮本 裕之,3,58,52.4,0,0,0.17,3.87,20.69,29.89,4.43,28.57,33.33,40.08,57.09,24.74,38.14
2025-08-21,23,8,2025-08-21 11:58:00,5,にっぽん未来プロジェクト競走in唐津,1,3507,藤井 徹,3,54,52,0,0,0.19,3.79,12.5,29.17,4.9,24.39,46.34,28.44,44,47.79,67.26
2025-08-21,23,8,2025-08-21 11:58:00,5,にっぽん未来プロジェクト競走in唐津,2,4822,百武 翔,2,32,52,0,0,0.18,5.92,41.53,59.32,5.2,33.93,51.79,31.54,49.38,42.74,58.97
2025-08-21,23,8,2025-08-21 11:58:00,5,にっぽん未来プロジェクト競走in唐津,3,4910,中村 泰平,1,29,52,0,0,0.18,6.91,52.81,75.28,8.3,80,90,32.55,50.47,24.04,45.19
2025-08-21,23,8,2025-08-21 11:58:00,5,にっぽん未来プロジェクト競走in唐津,4,5082,一色 凌雅,3,26,56.5,0,0,0.19,5.13,36.54,49.04,5.11,33.33,50,36.86,56.57,27.97,38.98
2025-08-21,23,8,2025-08-21 11:58:00,5,にっぽん未来プロジェクト競走in唐津,5,4877,鈴谷 一平,1,30,55.6,0,0,0.14,6.6,53.21,69.72,5.35,30.43,52.17,34.45,54.62,23.53,42.16
2025-08-21,23,8,2025-08-21 11:58:00,5,にっぽん未来プロジェクト競走in唐津,6,5382,山下 心一,4,20,52.1,0,0,0.19,2.56,8.54,19.51,1.53,0,6.67,32.94,49.21,41.88,58.12
2025-08-21,23,9,2025-08-21 12:30:00,5,にっぽん未来プロジェクト競走in唐津,1,3784,中島 友和,3,48,53,0,0,0.16,4.68,25.51,46.94,5.09,34.07,48.35,35.5,51.91,33.33,47.22
2025-08-21,23,9,2025-08-21 12:30:00,5,にっぽん未来プロジェクト競走in唐津,2,5312,川辺 郭人,4,25,52.3,0,0,0.21,2.5,4.65,11.63,2.28,3.85,12.82,27.8,46.47,35.96,50.88
2025-08-21,23,9,2025-08-21 12:30:00,5,にっぽん未来プロジェクト競走in唐津,3,4383,竹田 吉行,2,40,52,0,0,0.16,5.86,43.1,54.31,6.55,54.55,63.64,30.49,49.19,29.09,43.64
2025-08-21,23,9,2025-08-21 12:30:00,5,にっぽん未来プロジェクト競走in唐津,4,4839,四宮 与寛,1,35,52.3,1,0,0.13,6.2,44.19,65.89,5.88,46.88,59.38,36.89,50,32.85,49.64
2025-08-21,23,9,2025-08-21 12:30:00,5,にっぽん未来プロジェクト競走in唐津,5,4989,石原 翼,2,28,52,1,0,0.15,6.02,48.08,62.5,5.88,29.41,58.82,39.22,50.98,55.37,70.25
2025-08-21,23,9,2025-08-21 12:30:00,5,にっぽん未来プロジェクト競走in唐津,6,5201,村上 宗太郎,3,22,52,2,0,0.2,4.86,30,44.44,0,0,0,27.03,40.09,32.14,45.54
2025-08-21,23,10,2025-08-21 13:04:00,5,にっぽん未来プロジェクト競走in唐津,1,4303,牧原 崇,2,42,52,0,0,0.19,5.64,39.05,56.19,3.93,14.29,28.57,28.74,45.75,37.72,52.63
2025-08-21,23,10,2025-08-21 13:04:00,5,にっぽん未来プロジェクト競走in唐津,2,5278,田中 駿兵,2,22,52,0,0,0.17,6.36,50,65.48,3.46,21.43,21.43,26.52,44.35,31.09,45.38
2025-08-21,23,10,2025-08-21 13:04:00,5,にっぽん未来プロジェクト競走in唐津,3,4241,大串 重幸,2,40,52.2,0,0,0.16,5.55,38.53,55.96,5.39,29.27,53.66,35.77,50.77,34.75,50.85
2025-08-21,23,10,2025-08-21 13:04:00,5,にっぽん未来プロジェクト競走in唐津,4,4703,森永 隆,1,37,52,0,0,0.15,6.27,45.45,65.29,6.23,38.46,61.54,41.79,55.97,25,45.69
2025-08-21,23,10,2025-08-21 13:04:00,5,にっぽん未来プロジェクト競走in唐津,5,5043,中村 日向,1,26,52,0,0,0.16,7.44,61.79,75.61,4.6,31.43,37.14,30.63,45.95,32.14,45.54
2025-08-21,23,10,2025-08-21 13:04:00,5,にっぽん未来プロジェクト競走in唐津,6,4047,吉永 浩則,3,45,53.2,0,0,0.17,3.6,12.5,26.14,3.33,16.67,33.33,27.85,44.29,26.27,38.14
2025-08-21,23,11,2025-08-21 13:38:00,5,にっぽん未来プロジェクト競走in唐津,1,4269,杉山 裕也,1,39,53.1,0,0,0.15,7.07,54.62,74.62,5.14,35.71,50,37.5,52.82,23.81,34.29
2025-08-21,23,11,2025-08-21 13:38:00,5,にっぽん未来プロジェクト競走in唐津,2,4352,下條 雄太郎,1,39,52,1,0,0.13,6.76,48.48,64.65,5.95,43.59,58.97,32.4,50,25.66,38.94
2025-08-21,23,11,2025-08-21 13:38:00,5,にっぽん未来プロジェクト競走in唐津,3,5161,登玉 隼百,2,26,52.5,0,0,0.13,5.66,42.72,57.28,5.32,47.37,47.37,35.06,54.58,29.46,47.32
2025-08-21,23,11,2025-08-21 13:38:00,5,にっぽん未来プロジェクト競走in唐津,4,3550,都築 正治,3,54,53.7,0,0,0.16,5.25,34.96,48.78,4.8,28.57,48.57,27.71,48.19,43.48,59.13
2025-08-21,23,11,2025-08-21 13:38:00,5,にっぽん未来プロジェクト競走in唐津,5,3349,吉田 一郎,2,57,52,0,0,0.16,5.73,32.32,57.58,5.33,25.93,59.26,31.62,48.22,44.72,63.41
2025-08-21,23,11,2025-08-21 13:38:00,5,にっぽん未来プロジェクト競走in唐津,6,3841,佐々木 和伸,2,49,54.1,0,0,0.17,6.46,49.12,70.18,0,0,0,34.82,52.23,39.47,58.77
2025-08-21,23,12,2025-08-21 14:21:00,5,にっぽん未来プロジェクト競走in唐津,1,4535,北山 康介,1,35,52.4,0,0,0.13,7.07,58.43,75.28,6.79,56.25,72.92,33.33,52.85,36.97,52.94
2025-08-21,23,12,2025-08-21 14:21:00,5,にっぽん未来プロジェクト競走in唐津,2,4260,中越 博紀,2,41,52.2,0,0,0.17,5.31,38.83,51.46,5.2,32,52,43.78,60.64,30.51,50
2025-08-21,23,12,2025-08-21 14:21:00,5,にっぽん未来プロジェクト競走in唐津,3,4133,高橋 正男,2,45,52,0,0,0.17,6.16,42.64,62.02,7.13,53.33,80,40.59,55.35,34.75,51.69
2025-08-21,23,12,2025-08-21 14:21:00,5,にっぽん未来プロジェクト競走in唐津,4,5089,前田 翔,1,25,52,0,0,0.16,6.42,47.47,66.67,6.76,47.37,76.32,39.84,57.72,32.23,47.11
2025-08-21,23,12,2025-08-21 14:21:00,5,にっぽん未来プロジェクト競走in唐津,5,4063,市橋 卓士,1,45,53.5,0,0,0.14,6.27,44.35,66.13,6.66,56.82,61.36,47.27,62.89,39.34,52.46
2025-08-21,23,12,2025-08-21 14:21:00,5,にっぽん未来プロジェクト競走in唐津,6,4910,中村 泰平,1,29,51,0,0,0.18,6.91,52.81,75.28,8.3,80,90,32.55,50.47,24.04,45.19
2025-08-21,24,1,2025-08-21 15:19:00,5,夜の九州スポーツ杯,1,5011,高木 圭大,4,28,53.1,0,0,0.2,3.42,11.39,24.05,4.04,21.35,33.71,29.03,45.16,27.27,38.64
2025-08-21,24,1,2025-08-21 15:19:00,5,夜の九州スポーツ杯,2,4196,田中 太一郎,3,43,52.2,0,0,0.17,5.15,39.05,45.71,4.7,27.78,44.44,34.21,60.53,13.95,32.56
2025-08-21,24,1,2025-08-21 15:19:00,5,夜の九州スポーツ杯,3,5127,沼田 大都,3,28,51,0,0,0.19,4.69,21.93,45.61,5.33,33.33,55.56,14.29,54.29,32.43,45.95
2025-08-21,24,1,2025-08-21 15:19:00,5,夜の九州スポーツ杯,4,3107,平岡 重典,3,61,52,0,0,0.19,4.49,17.98,39.33,4.5,20,30,17.95,46.15,23.26,46.51
2025-08-21,24,1,2025-08-21 15:19:00,5,夜の九州スポーツ杯,5,5351,齊藤 廉,3,21,52,0,0,0.17,2.77,6,16,1.62,7.69,7.69,25,47.5,25.64,46.15
2025-08-21,24,1,2025-08-21 15:19:00,5,夜の九州スポーツ杯,6,4919,吉田 翔悟,3,34,52,0,0,0.14,5.32,32.99,52.58,4.76,29.25,43.4,17.95,30.77,35.9,66.67
2025-08-21,24,2,2025-08-21 15:44:00,5,夜の九州スポーツ杯,1,4158,木場 雄二郎,3,44,55.7,0,0,0.19,4.36,28.21,36.75,4.71,41.18,47.06,28.21,43.59,42.11,71.05
2025-08-21,24,2,2025-08-21 15:44:00,5,夜の九州スポーツ杯,2,5071,野見山 拓己,3,31,52.4,0,0,0.16,4.6,21.51,41.94,4.04,23.08,34.62,51.28,64.1,30.77,56.41
2025-08-21,24,2,2025-08-21 15:44:00,5,夜の九州スポーツ杯,3,4200,早川 尚人,3,43,52.6,0,0,0.18,4.47,16.67,37.25,4.6,20,40,47.22,72.22,35.14,45.95
2025-08-21,24,2,2025-08-21 15:44:00,5,夜の九州スポーツ杯,4,4718,北川 太一,2,32,52,1,0,0.16,5.62,40.37,52.29,6.15,47.27,67.27,32.43,43.24,28.21,41.03
2025-08-21,24,2,2025-08-21 15:44:00,5,夜の九州スポーツ杯,5,3848,川上 聡介,3,48,56.2,0,0,0.14,5.43,35.59,55.08,5.67,33.33,55.56,40,55,36.84,50
2025-08-21,24,2,2025-08-21 15:44:00,5,夜の九州スポーツ杯,6,4596,葛原 大陽,1,42,52.2,0,0,0.16,6.44,45.16,70.16,6,41.38,65.52,50,60.53,31.82,50
2025-08-21,24,3,2025-08-21 16:08:00,5,夜の九州スポーツ杯,1,4981,牧山 敦也,3,29,52,0,0,0.16,5.66,41.35,58.65,5.4,40,60,34.15,43.9,34.21,47.37
2025-08-21,24,3,2025-08-21 16:08:00,5,夜の九州スポーツ杯,2,5321,一色 颯輝,3,23,54.4,0,0,0.18,4.87,29.21,42.7,0,0,0,20,32.5,15.38,48.72
2025-08-21,24,3,2025-08-21 16:08:00,5,夜の九州スポーツ杯,3,4873,蒲原 健太,2,31,52,0,0,0.2,5.94,39.09,58.18,4.8,20,50,29.73,37.84,27.78,52.78
2025-08-21,24,3,2025-08-21 16:08:00,5,夜の九州スポーツ杯,4,4735,角山 雄哉,3,34,52.8,0,0,0.17,4.82,28.83,41.44,3.84,24,32,28.57,40,40,60
2025-08-21,24,3,2025-08-21 16:08:00,5,夜の九州スポーツ杯,5,3436,柏野 幸二,3,56,51,0,0,0.13,5.86,38,56,4.94,33.33,44.44,32.43,43.24,37.84,56.76
2025-08-21,24,3,2025-08-21 16:08:00,5,夜の九州スポーツ杯,6,4369,丹下 将,1,39,56.1,0,0,0.17,5.88,45.13,59.29,5.53,35.29,47.06,37.5,52.5,42.86,60
2025-08-21,24,4,2025-08-21 16:33:00,5,夜の九州スポーツ杯,1,4661,中島 昂章,3,33,52,0,0,0.21,4.68,29.55,38.64,5.63,31.43,57.14,10.53,13.16,34.15,53.66
2025-08-21,24,4,2025-08-21 16:33:00,5,夜の九州スポーツ杯,2,3988,古川 誠之,2,47,54.3,0,0,0.16,5.59,40.8,54.4,6.52,45.16,67.74,20.59,52.94,27.5,37.5
2025-08-21,24,4,2025-08-21 16:33:00,5,夜の九州スポーツ杯,3,3566,川添 英正,3,55,52.1,0,0,0.19,4.8,23.64,48.18,4.96,16.67,50,37.84,70.27,43.24,59.46
2025-08-21,24,4,2025-08-21 16:33:00,5,夜の九州スポーツ杯,4,4025,山本 隆幸,1,47,52.2,0,0,0.18,6.29,43.31,63.69,5.69,25,50,29.73,51.35,44.74,63.16
2025-08-21,24,4,2025-08-21 16:33:00,5,夜の九州スポーツ杯,5,3711,江本 真治,2,51,52,0,0,0.16,6.03,44.09,59.84,5.44,31.25,56.25,35.14,48.65,21.88,50
2025-08-21,24,4,2025-08-21 16:33:00,5,夜の九州スポーツ杯,6,3070,山室 展弘,4,64,52,0,0,0.15,5.37,32.65,51.02,6.67,50,66.67,15.38,25.64,36.67,53.33
2025-08-21,24,5,2025-08-21 17:01:00,5,夜の九州スポーツ杯,1,4656,大崎 翔,3,38,57.8,0,0,0.16,4.56,22.55,43.14,5.45,36.36,54.55,34.15,58.54,27.27,36.36
2025-08-21,24,5,2025-08-21 17:01:00,5,夜の九州スポーツ杯,2,3957,大谷 直弘,3,48,52.9,0,0,0.19,5.24,32.18,48.28,5.71,41.18,58.82,33.33,46.15,30.77,41.03
2025-08-21,24,5,2025-08-21 17:01:00,5,夜の九州スポーツ杯,3,3081,岡本 慎治,2,62,52,0,0,0.17,5.59,41.1,50.68,4.82,18.18,45.45,52.63,73.68,21.05,42.11
2025-08-21,24,5,2025-08-21 17:01:00,5,夜の九州スポーツ杯,4,3752,宇土 泰就,3,54,52.9,0,0,0.16,4.93,28.71,49.5,3.92,11.11,36.11,48.65,54.05,47.5,52.5
2025-08-21,24,5,2025-08-21 17:01:00,5,夜の九州スポーツ杯,5,4028,田村 隆信,1,47,56,0,0,0.14,6.4,45.26,64.21,7.18,29.41,52.94,56.1,73.17,51.28,74.36
2025-08-21,24,5,2025-08-21 17:01:00,5,夜の九州スポーツ杯,6,5351,齊藤 廉,3,21,52,0,0,0.17,2.77,6,16,1.62,7.69,7.69,25,47.5,25.64,46.15
2025-08-21,24,6,2025-08-21 17:29:00,5,夜の九州スポーツ杯,1,3535,渡 修平,3,53,52,0,0,0.21,4.85,28.13,46.88,4.07,26.67,33.33,23.08,43.59,23.08,30.77
2025-08-21,24,6,2025-08-21 17:29:00,5,夜の九州スポーツ杯,2,3458,東 健介,3,58,54.2,0,0,0.17,4.11,21.33,30.67,2.78,0,16.67,26.32,26.32,30.43,52.17
2025-08-21,24,6,2025-08-21 17:29:00,5,夜の九州スポーツ杯,3,4263,武重 雄介,1,41,52.4,0,0,0.16,6.05,44.26,58.2,5.12,36.59,48.78,12.82,23.08,48.72,69.23
2025-08-21,24,6,2025-08-21 17:29:00,5,夜の九州スポーツ杯,4,3944,山口 裕二,1,46,52.1,0,0,0.16,6.3,44.74,68.42,5.93,40.37,58.39,44.74,57.89,36.84,39.47
2025-08-21,24,6,2025-08-21 17:29:00,5,夜の九州スポーツ杯,5,5417,小柳 勝希,4,19,51.5,1,0,,1.78,0,7.5,0,0,0,35.9,53.85,34.15,51.22
2025-08-21,24,6,2025-08-21 17:29:00,5,夜の九州スポーツ杯,6,3107,平岡 重典,3,61,52,0,0,0.19,4.49,17.98,39.33,4.5,20,30,17.95,46.15,23.26,46.51
2025-08-21,24,7,2025-08-21 17:57:00,5,夜の九州スポーツ杯,1,3963,原田 秀弥,2,46,54.4,0,0,0.16,5.63,38.83,57.28,6.17,48.28,65.52,10.81,43.24,53.57,71.43
2025-08-21,24,7,2025-08-21 17:57:00,5,夜の九州スポーツ杯,2,4601,森野 正弘,1,40,54.2,0,0,0.14,6.28,43.48,65.22,6.29,36.92,55.38,34.21,47.37,16,44
2025-08-21,24,7,2025-08-21 17:57:00,5,夜の九州スポーツ杯,3,4040,廣瀬 将亨,2,46,56.1,0,0,0.14,6.05,44.97,61.07,4.89,24.32,43.24,15.63,34.38,25,38.89
2025-08-21,24,7,2025-08-21 17:57:00,5,夜の九州スポーツ杯,4,4200,早川 尚人,3,43,52.6,0,0,0.18,4.47,16.67,37.25,4.6,20,40,47.22,72.22,35.14,45.95
2025-08-21,24,7,2025-08-21 17:57:00,5,夜の九州スポーツ杯,5,4981,牧山 敦也,3,29,52,0,0,0.16,5.66,41.35,58.65,5.4,40,60,34.15,43.9,34.21,47.37
2025-08-21,24,7,2025-08-21 17:57:00,5,夜の九州スポーツ杯,6,3558,山本 浩次,3,52,51.5,1,0,0.18,5.29,35.35,49.49,5.16,26.32,52.63,55,65,41.46,58.54
2025-08-21,24,8,2025-08-21 18:23:00,5,夜の九州スポーツ杯,1,4873,蒲原 健太,2,31,52,0,0,0.2,5.94,39.09,58.18,4.8,20,50,29.73,37.84,27.78,52.78
2025-08-21,24,8,2025-08-21 18:23:00,5,夜の九州スポーツ杯,2,3848,川上 聡介,3,48,56.2,0,0,0.14,5.43,35.59,55.08,5.67,33.33,55.56,40,55,36.84,50
2025-08-21,24,8,2025-08-21 18:23:00,5,夜の九州スポーツ杯,3,4325,新出 浩司,3,42,52.8,0,0,0.16,5.07,30.56,47.22,4.33,16.67,41.67,32.43,40.54,21.74,56.52
2025-08-21,24,8,2025-08-21 18:23:00,5,夜の九州スポーツ杯,4,4925,森 悠稀,2,32,52,0,0,0.13,5.84,34.38,60.16,5.5,31.25,62.5,21.05,44.74,22.5,37.5
2025-08-21,24,8,2025-08-21 18:23:00,5,夜の九州スポーツ杯,5,5127,沼田 大都,3,28,51,0,0,0.19,4.69,21.93,45.61,5.33,33.33,55.56,14.29,54.29,32.43,45.95
2025-08-21,24,8,2025-08-21 18:23:00,5,夜の九州スポーツ杯,6,4544,松田 大志郎,1,37,52,0,0,0.17,7.42,59.29,75.22,8,60,88,41.03,66.67,21.95,34.15
2025-08-21,24,9,2025-08-21 18:52:00,5,夜の九州スポーツ杯,1,4709,岡村 将也,2,36,53.4,0,0,0.18,5.72,38.66,57.14,5.65,35.29,47.06,20,30,36.11,44.44
2025-08-21,24,9,2025-08-21 18:52:00,5,夜の九州スポーツ杯,2,4659,木下 翔太,1,34,54,0,0,0.14,6.91,42.61,67.83,6.44,43.75,62.5,10.81,35.14,40.91,50
2025-08-21,24,9,2025-08-21 18:52:00,5,夜の九州スポーツ杯,3,4919,吉田 翔悟,3,34,52,0,0,0.14,5.32,32.99,52.58,4.76,29.25,43.4,17.95,30.77,35.9,66.67
2025-08-21,24,9,2025-08-21 18:52:00,5,夜の九州スポーツ杯,4,5196,鰐部 太空海,2,23,53.3,0,0,0.16,5.75,36.56,60.22,4.36,24,40,45.95,64.86,39.47,55.26
2025-08-21,24,9,2025-08-21 18:52:00,5,夜の九州スポーツ杯,5,5126,山下 大輝,2,28,51.5,0,0,0.18,6.5,51.88,69.17,4.81,31.25,43.75,46.34,73.17,45.95,56.76
2025-08-21,24,9,2025-08-21 18:52:00,5,夜の九州スポーツ杯,6,3566,川添 英正,3,55,52.1,0,0,0.19,4.8,23.64,48.18,4.96,16.67,50,37.84,70.27,43.24,59.46
2025-08-21,24,10,2025-08-21 19:24:00,5,夜の九州スポーツ杯,1,4276,鈴木 勝博,1,42,52,0,0,0.15,6.34,50,62.5,6.64,45.45,60.61,39.47,57.89,39.47,47.37
2025-08-21,24,10,2025-08-21 19:24:00,5,夜の九州スポーツ杯,2,4718,北川 太一,2,32,52,1,0,0.16,5.62,40.37,52.29,6.15,47.27,67.27,32.43,43.24,28.21,41.03
2025-08-21,24,10,2025-08-21 19:24:00,5,夜の九州スポーツ杯,3,4079,出畑 孝典,2,46,52,0,0,0.16,6.16,43.52,65.74,5.56,33.87,54.84,25.64,41.03,32.43,48.65
2025-08-21,24,10,2025-08-21 19:24:00,5,夜の九州スポーツ杯,4,3070,山室 展弘,4,64,52,0,0,0.15,5.37,32.65,51.02,6.67,50,66.67,15.38,25.64,36.67,53.33
2025-08-21,24,10,2025-08-21 19:24:00,5,夜の九州スポーツ杯,5,3081,岡本 慎治,2,62,52,0,0,0.17,5.59,41.1,50.68,4.82,18.18,45.45,52.63,73.68,21.05,42.11
2025-08-21,24,10,2025-08-21 19:24:00,5,夜の九州スポーツ杯,6,4735,角山 雄哉,3,34,52.8,0,0,0.17,4.82,28.83,41.44,3.84,24,32,28.57,40,40,60
2025-08-21,24,11,2025-08-21 20:06:00,5,夜の九州スポーツ杯,1,3944,山口 裕二,1,46,52.3,0,0,0.16,6.3,44.74,68.42,5.93,40.37,58.39,44.74,57.89,36.84,39.47
2025-08-21,24,11,2025-08-21 20:06:00,5,夜の九州スポーツ杯,2,4369,丹下 将,1,39,55.4,0,0,0.17,5.88,45.13,59.29,5.53,35.29,47.06,37.5,52.5,42.86,60
2025-08-21,24,11,2025-08-21 20:06:00,5,夜の九州スポーツ杯,3,4596,葛原 大陽,1,42,51.5,0,0,0.16,6.44,45.16,70.16,6,41.38,65.52,50,60.53,31.82,50
2025-08-21,24,11,2025-08-21 20:06:00,5,夜の九州スポーツ杯,4,4196,田中 太一郎,3,43,52,0,0,0.17,5.15,39.05,45.71,4.7,27.78,44.44,34.21,60.53,17.95,38.46
2025-08-21,24,11,2025-08-21 20:06:00,5,夜の九州スポーツ杯,5,4656,大崎 翔,3,38,57.4,0,0,0.16,4.56,22.55,43.14,5.45,36.36,54.55,34.15,58.54,27.27,36.36
2025-08-21,24,11,2025-08-21 20:06:00,5,夜の九州スポーツ杯,6,3988,古川 誠之,2,47,54.5,0,0,0.16,5.59,40.8,54.4,6.52,45.16,67.74,20.59,52.94,27.5,37.5
2025-08-21,24,12,2025-08-21 20:36:00,5,夜の九州スポーツ杯,1,4028,田村 隆信,1,47,56,0,0,0.14,6.4,45.26,64.21,7.18,29.41,52.94,56.1,73.17,51.28,74.36
2025-08-21,24,12,2025-08-21 20:36:00,5,夜の九州スポーツ杯,2,3711,江本 真治,2,51,52,0,0,0.16,6.03,44.09,59.84,5.44,31.25,56.25,35.14,48.65,21.88,50
2025-08-21,24,12,2025-08-21 20:36:00,5,夜の九州スポーツ杯,3,5321,一色 颯輝,3,23,54.4,0,0,0.18,4.87,29.21,42.7,0,0,0,20,32.5,15.38,48.72
2025-08-21,24,12,2025-08-21 20:36:00,5,夜の九州スポーツ杯,4,4263,武重 雄介,1,41,52.4,0,0,0.16,6.05,44.26,58.2,5.12,36.59,48.78,12.82,23.08,48.72,69.23
2025-08-21,24,12,2025-08-21 20:36:00,5,夜の九州スポーツ杯,5,5071,野見山 拓己,3,31,52.4,0,0,0.16,4.6,21.51,41.94,4.04,23.08,34.62,51.28,64.1,30.77,56.41
2025-08-21,24,12,2025-08-21 20:36:00,5,夜の九州スポーツ杯,6,4040,廣瀬 将亨,2,46,56.1,0,0,0.14,6.05,44.97,61.07,4.89,24.32,43.24,15.63,34.38,25,38.89
