race_date,stadium_number,race_number,race_closed_at,race_grade_number,race_title,boat_number,racer_number,racer_name,racer_class_number,racer_age,racer_weight,racer_flying_count,racer_late_count,racer_average_start_timing,racer_national_top_1_percent,racer_national_top_2_percent,racer_national_top_3_percent,racer_local_top_1_percent,racer_local_top_2_percent,racer_local_top_3_percent,racer_assigned_motor_top_2_percent,racer_assigned_motor_top_3_percent,racer_assigned_boat_top_2_percent,racer_assigned_boat_top_3_percent
2025-06-13,2,1,2025-06-13 10:47:00,5,アサヒスーパードライカップ,1,3306,武田 正紀,3,57,53.8,0,0,0.16,4.15,16.46,37.97,4.69,20,44.44,36.08,51.03,32.46,49.74
2025-06-13,2,1,2025-06-13 10:47:00,5,アサヒスーパードライカップ,2,4674,池田 剛規,3,37,52,0,0,0.16,5.46,32.58,56.18,5.18,24.44,55.56,38.1,60.85,28.74,45.98
2025-06-13,2,1,2025-06-13 10:47:00,5,アサヒスーパードライカップ,3,4035,杉江 浩明,3,46,52.7,0,0,0.19,3.9,24.51,33.33,3.77,23.08,33.33,34.33,49.75,34.55,50.26
2025-06-13,2,1,2025-06-13 10:47:00,5,アサヒスーパードライカップ,4,3357,福島 陽子,3,56,48.1,0,0,0.2,4.38,24.36,44.87,5.4,20,70,29.95,52.79,37.5,50
2025-06-13,2,1,2025-06-13 10:47:00,5,アサヒスーパードライカップ,5,4281,大澤 大夢,3,41,53.4,0,0,0.15,5.36,29.47,55.79,5.21,35.29,47.06,34.63,53.17,32.42,52.75
2025-06-13,2,1,2025-06-13 10:47:00,5,アサヒスーパードライカップ,6,5085,中村 栄治,3,26,52,0,0,0.18,4.47,28.43,46.08,1.67,0,0,30.06,50.92,36.56,52.69
2025-06-13,2,2,2025-06-13 11:16:00,5,アサヒスーパードライカップ,1,4417,服部 剛,3,38,52.2,0,0,0.2,4.41,21.92,38.36,5.86,50,57.14,34.36,54.36,32.47,49.48
2025-06-13,2,2,2025-06-13 11:16:00,5,アサヒスーパードライカップ,2,3826,村田 修次,2,51,52,0,0,0.15,6,41,60,6.84,52.63,68.42,27.06,44.12,24.14,41.38
2025-06-13,2,2,2025-06-13 11:16:00,5,アサヒスーパードライカップ,3,4761,山田 晃大,1,35,52.5,0,0,0.13,6.4,48,65,5.67,37.5,54.17,36.56,45.16,26.59,44.51
2025-06-13,2,2,2025-06-13 11:16:00,5,アサヒスーパードライカップ,4,5207,高山 敬悟,3,27,53.2,0,0,0.15,3.55,15.69,23.53,4.29,14.29,28.57,35.52,53.01,36.18,56.78
2025-06-13,2,2,2025-06-13 11:16:00,5,アサヒスーパードライカップ,5,3528,笠野 友紀恵,3,54,47.1,0,0,0.21,3.76,11.43,31.43,5.45,30,45,30.65,50,28.25,44.63
2025-06-13,2,2,2025-06-13 11:16:00,5,アサヒスーパードライカップ,6,4702,三浦 敬太,2,38,52,0,0,0.13,6.26,46.88,62.5,6.5,62.5,62.5,36.04,54.5,35.5,50.5
2025-06-13,2,3,2025-06-13 11:45:00,5,アサヒスーパードライカップ,1,3659,藤生 雄人,3,50,54.2,0,0,0.16,5.71,39.74,61.54,4.43,22.5,40,32.26,46.24,22.86,34.86
2025-06-13,2,3,2025-06-13 11:45:00,5,アサヒスーパードライカップ,2,4808,松尾 拓,1,36,51.5,0,0,0.16,6.04,41.18,58.09,5.38,37.5,50,29.65,43.02,37.37,54.04
2025-06-13,2,3,2025-06-13 11:45:00,5,アサヒスーパードライカップ,3,3156,金子 良昭,3,60,53.3,0,0,0.17,4.7,23.71,43.3,3.17,0,33.33,30.33,49.76,32.43,45.41
2025-06-13,2,3,2025-06-13 11:45:00,5,アサヒスーパードライカップ,4,3207,田村 美和,3,59,53.3,0,0,0.17,3.71,16.67,28.57,3.06,5.88,17.65,35.16,53.42,33.15,50.28
2025-06-13,2,3,2025-06-13 11:45:00,5,アサヒスーパードライカップ,5,5090,生方 靖亜,3,24,52.8,0,0,0.16,4.67,28.57,45.24,4.7,30.43,39.13,36.95,59.61,19.77,32.2
2025-06-13,2,3,2025-06-13 11:45:00,5,アサヒスーパードライカップ,6,3548,室田 泰史,2,55,53.4,0,0,0.12,5.91,41.51,60.38,6,35.29,64.71,38.38,53.03,38.22,57.07
2025-06-13,2,4,2025-06-13 12:14:00,5,アサヒスーパードライカップ,1,4180,上野 秀和,3,42,56.7,0,0,0.17,4.41,23.91,41.3,5.06,25.71,51.43,37.07,57.56,30.05,51.3
2025-06-13,2,4,2025-06-13 12:14:00,5,アサヒスーパードライカップ,2,5183,中野 孝二,3,26,53.6,0,0,0.16,4.65,26.14,45.45,2.5,0,5,26.62,42.21,29.95,46.52
2025-06-13,2,4,2025-06-13 12:14:00,5,アサヒスーパードライカップ,3,3692,竹腰 正樹,3,54,52.1,0,0,0.17,5.62,39.39,57.58,4.92,16.67,58.33,30.63,44.38,34.55,54.45
2025-06-13,2,4,2025-06-13 12:14:00,5,アサヒスーパードライカップ,4,3812,山崎 聖司,3,49,51.5,0,0,0.17,4.51,27.27,43.43,4.29,9.52,47.62,24.55,39.52,26.14,42.05
2025-06-13,2,4,2025-06-13 12:14:00,5,アサヒスーパードライカップ,5,4040,廣瀬 将亨,2,46,56.1,0,0,0.15,5.67,36.5,58.39,6.4,50,80,26.97,42.13,34.36,48.21
2025-06-13,2,4,2025-06-13 12:14:00,5,アサヒスーパードライカップ,6,4470,平田 健之佑,1,38,52.5,0,0,0.15,6.7,54.35,65.94,6.66,55.17,72.41,36.13,59.69,35.71,56.63
2025-06-13,2,5,2025-06-13 12:44:00,5,アサヒスーパードライカップ,1,4210,松村 康太,2,42,52,0,0,0.17,6.03,36.61,66.96,5.67,33.33,66.67,30.94,48.07,30.94,50.83
2025-06-13,2,5,2025-06-13 12:44:00,5,アサヒスーパードライカップ,2,3630,黒田 誠司,3,55,53.3,0,0,0.16,2.79,10.26,17.95,4.1,20,30,33.33,50.27,22.54,38.15
2025-06-13,2,5,2025-06-13 12:44:00,5,アサヒスーパードライカップ,3,5254,羽田 妃希,3,22,47,0,0,0.17,2.94,11.43,20,1.33,0,0,37.38,51.87,27.17,45.09
2025-06-13,2,5,2025-06-13 12:44:00,5,アサヒスーパードライカップ,4,4528,黒井 達矢,1,36,52.2,0,0,0.14,6.48,49.21,60.32,6.71,49.62,68.42,25.41,47.03,30.56,43.89
2025-06-13,2,5,2025-06-13 12:44:00,5,アサヒスーパードライカップ,5,3306,武田 正紀,3,57,53.8,0,0,0.16,4.15,16.46,37.97,4.69,20,44.44,36.08,51.03,32.46,49.74
2025-06-13,2,5,2025-06-13 12:44:00,5,アサヒスーパードライカップ,6,4457,神田 達也,3,39,52.5,0,0,0.17,4.13,21.11,32.22,0,0,0,35,53.5,34.55,51.83
2025-06-13,2,6,2025-06-13 13:14:00,5,アサヒスーパードライカップ,1,3339,泉 具巳,3,60,54,0,0,0.15,4.09,17.91,34.33,5.31,34.29,54.29,31.61,49.43,38.58,55.84
2025-06-13,2,6,2025-06-13 13:14:00,5,アサヒスーパードライカップ,2,3973,崎 利仁,3,48,52.8,0,0,0.2,4.16,17.21,31.97,3.57,16.67,20,30.69,42.86,27.12,46.89
2025-06-13,2,6,2025-06-13 13:14:00,5,アサヒスーパードライカップ,3,4417,服部 剛,3,38,52.2,0,0,0.2,4.41,21.92,38.36,5.86,50,57.14,34.36,54.36,32.47,49.48
2025-06-13,2,6,2025-06-13 13:14:00,5,アサヒスーパードライカップ,4,3251,平石 和男,2,58,50.5,0,0,0.19,5.57,37.21,52.71,5.83,36.17,61.7,28.39,49.03,32.11,48.42
2025-06-13,2,6,2025-06-13 13:14:00,5,アサヒスーパードライカップ,5,4468,大池 佑来,1,38,51,0,0,0.14,7.21,49.54,70.64,6.42,23.26,55.81,35.12,54.15,34.01,52.79
2025-06-13,2,6,2025-06-13 13:14:00,5,アサヒスーパードライカップ,6,4209,藤田 竜弘,3,42,55.6,0,0,0.16,5.78,39.47,63.16,5.2,38.64,50,25.32,41.14,34.55,53.4
2025-06-13,2,7,2025-06-13 13:45:00,5,アサヒスーパードライカップ,1,4286,平田 さやか,2,40,47.9,0,0,0.15,5.74,34.78,57.39,5.75,30,60,38.19,49.25,35.68,54.77
2025-06-13,2,7,2025-06-13 13:45:00,5,アサヒスーパードライカップ,2,3357,福島 陽子,3,56,48.1,0,0,0.2,4.38,24.36,44.87,5.4,20,70,29.95,52.79,37.5,50
2025-06-13,2,7,2025-06-13 13:45:00,5,アサヒスーパードライカップ,3,3207,田村 美和,3,59,53.3,0,0,0.17,3.71,16.67,28.57,3.06,5.88,17.65,35.16,53.42,33.15,50.28
2025-06-13,2,7,2025-06-13 13:45:00,5,アサヒスーパードライカップ,4,3528,笠野 友紀恵,3,54,47.1,0,0,0.21,3.76,11.43,31.43,5.45,30,45,30.65,50,28.25,44.63
2025-06-13,2,7,2025-06-13 13:45:00,5,アサヒスーパードライカップ,5,3175,渡辺 千草,3,61,48.6,0,0,0.17,4.77,28.13,50,4.56,12,44,31.86,47.06,34.54,49.48
2025-06-13,2,7,2025-06-13 13:45:00,5,アサヒスーパードライカップ,6,5113,黒明 花夢,4,25,46,0,0,0.17,2.39,10.71,14.29,5,33.33,50,34.3,47.83,27.06,44.71
2025-06-13,2,8,2025-06-13 14:16:00,5,アサヒスーパードライカップ,1,4401,小林 泰,1,40,54.3,0,0,0.15,6.27,46.9,59.29,5.32,26.32,47.37,35.75,50.72,29.74,48.21
2025-06-13,2,8,2025-06-13 14:16:00,5,アサヒスーパードライカップ,2,4281,大澤 大夢,3,41,53.4,0,0,0.15,5.36,29.47,55.79,5.21,35.29,47.06,34.63,53.17,32.42,52.75
2025-06-13,2,8,2025-06-13 14:16:00,5,アサヒスーパードライカップ,3,5090,生方 靖亜,3,24,52.8,0,0,0.16,4.67,28.57,45.24,4.7,30.43,39.13,36.95,59.61,19.77,32.2
2025-06-13,2,8,2025-06-13 14:16:00,5,アサヒスーパードライカップ,4,5317,長尾 萌加,3,24,45.5,0,0,0.21,3.64,10.11,29.21,3.29,14.29,21.43,30.17,48.6,32.29,52.08
2025-06-13,2,8,2025-06-13 14:16:00,5,アサヒスーパードライカップ,5,3931,黒崎 竜也,2,49,51,0,0,0.13,4.46,29.27,41.46,5.54,38.46,53.85,27.04,40.82,29.31,42.53
2025-06-13,2,8,2025-06-13 14:16:00,5,アサヒスーパードライカップ,6,4110,小澤 和也,3,45,55.1,0,0,0.19,3.76,20,33.33,5.15,33.9,54.24,35.12,51.22,29.19,46.49
2025-06-13,2,9,2025-06-13 14:48:00,5,アサヒスーパードライカップ,1,3156,金子 良昭,3,60,53.3,0,0,0.17,4.7,23.71,43.3,3.17,0,33.33,30.33,49.76,32.43,45.41
2025-06-13,2,9,2025-06-13 14:48:00,5,アサヒスーパードライカップ,2,5254,羽田 妃希,3,22,47,0,0,0.17,2.94,11.43,20,1.33,0,0,37.38,51.87,27.17,45.09
2025-06-13,2,9,2025-06-13 14:48:00,5,アサヒスーパードライカップ,3,3826,村田 修次,2,51,52,0,0,0.15,6,41,60,6.84,52.63,68.42,27.06,44.12,24.14,41.38
2025-06-13,2,9,2025-06-13 14:48:00,5,アサヒスーパードライカップ,4,5085,中村 栄治,3,26,52,0,0,0.18,4.47,28.43,46.08,1.67,0,0,30.06,50.92,36.56,52.69
2025-06-13,2,9,2025-06-13 14:48:00,5,アサヒスーパードライカップ,5,4588,田中 京介,2,34,54.9,0,0,0.13,5.85,40.38,58.65,5.14,35.71,50,27.49,45.02,32.46,52.36
2025-06-13,2,9,2025-06-13 14:48:00,5,アサヒスーパードライカップ,6,3327,野長瀬 正孝,2,57,52,0,0,0.17,5.93,39.39,61.62,6.37,48.57,74.29,35.63,53.45,34.02,50
2025-06-13,2,10,2025-06-13 15:21:00,5,アサヒスーパードライカップ,1,5207,高山 敬悟,3,27,53.2,0,0,0.15,3.55,15.69,23.53,4.29,14.29,28.57,35.52,53.01,36.18,56.78
2025-06-13,2,10,2025-06-13 15:21:00,5,アサヒスーパードライカップ,2,4040,廣瀬 将亨,2,46,56.1,0,0,0.15,5.67,36.5,58.39,6.4,50,80,26.97,42.13,34.36,48.21
2025-06-13,2,10,2025-06-13 15:21:00,5,アサヒスーパードライカップ,3,3548,室田 泰史,2,55,53.4,0,0,0.12,5.91,41.51,60.38,6,35.29,64.71,38.38,53.03,38.22,57.07
2025-06-13,2,10,2025-06-13 15:21:00,5,アサヒスーパードライカップ,4,3630,黒田 誠司,3,55,53.3,0,0,0.16,2.79,10.26,17.95,4.1,20,30,33.33,50.27,22.54,38.15
2025-06-13,2,10,2025-06-13 15:21:00,5,アサヒスーパードライカップ,5,3339,泉 具巳,3,60,54,0,0,0.15,4.09,17.91,34.33,5.31,34.29,54.29,31.61,49.43,38.58,55.84
2025-06-13,2,10,2025-06-13 15:21:00,5,アサヒスーパードライカップ,6,3475,橋本 久和,2,54,52,1,0,0.17,5.78,42.61,57.39,5.96,46.15,61.54,33.33,54.17,27.43,54.86
2025-06-13,2,11,2025-06-13 15:55:00,5,アサヒスーパードライカップ,1,3251,平石 和男,2,58,50.5,0,0,0.19,5.57,37.21,52.71,5.83,36.17,61.7,28.39,49.03,32.11,48.42
2025-06-13,2,11,2025-06-13 15:55:00,5,アサヒスーパードライカップ,2,4702,三浦 敬太,2,38,52,0,0,0.13,6.26,46.88,62.5,6.5,62.5,62.5,36.04,54.5,35.5,50.5
2025-06-13,2,11,2025-06-13 15:55:00,5,アサヒスーパードライカップ,3,4180,上野 秀和,3,42,56.7,0,0,0.17,4.41,23.91,41.3,5.06,25.71,51.43,37.07,57.56,30.05,51.3
2025-06-13,2,11,2025-06-13 15:55:00,5,アサヒスーパードライカップ,4,4286,平田 さやか,2,40,47.9,0,0,0.15,5.74,34.78,57.39,5.75,30,60,38.19,49.25,35.68,54.77
2025-06-13,2,11,2025-06-13 15:55:00,5,アサヒスーパードライカップ,5,4210,松村 康太,2,42,52,0,0,0.17,6.03,36.61,66.96,5.67,33.33,66.67,30.94,48.07,30.94,50.83
2025-06-13,2,11,2025-06-13 15:55:00,5,アサヒスーパードライカップ,6,4674,池田 剛規,3,37,52,0,0,0.16,5.46,32.58,56.18,5.18,24.44,55.56,38.1,60.85,28.74,45.98
2025-06-13,2,12,2025-06-13 16:30:00,5,アサヒスーパードライカップ,1,4528,黒井 達矢,1,36,52,0,0,0.14,6.48,49.21,60.32,6.71,49.62,68.42,25.41,47.03,30.56,43.89
2025-06-13,2,12,2025-06-13 16:30:00,5,アサヒスーパードライカップ,2,4468,大池 佑来,1,38,50.5,0,0,0.14,7.21,49.54,70.64,6.42,23.26,55.81,35.12,54.15,34.01,52.79
2025-06-13,2,12,2025-06-13 16:30:00,5,アサヒスーパードライカップ,3,4470,平田 健之佑,1,38,52.3,0,0,0.15,6.7,54.35,65.94,6.66,55.17,72.41,36.13,59.69,35.71,56.63
2025-06-13,2,12,2025-06-13 16:30:00,5,アサヒスーパードライカップ,4,4401,小林 泰,1,40,54.4,0,0,0.15,6.27,46.9,59.29,5.32,26.32,47.37,35.75,50.72,29.74,48.21
2025-06-13,2,12,2025-06-13 16:30:00,5,アサヒスーパードライカップ,5,4808,松尾 拓,1,36,51.5,0,0,0.16,6.04,41.18,58.09,5.38,37.5,50,29.65,43.02,37.37,54.04
2025-06-13,2,12,2025-06-13 16:30:00,5,アサヒスーパードライカップ,6,4761,山田 晃大,1,35,52,0,0,0.13,6.4,48,65,5.67,37.5,54.17,36.56,45.16,26.59,44.51
2025-06-13,6,1,2025-06-13 11:23:00,4,オールレディース 静岡クラウンメロン杯,1,4244,鈴木 成美,3,38,45.5,0,0,0.13,5.12,32.35,50,4.42,24.62,40,45.65,60.87,37.18,51.92
2025-06-13,6,1,2025-06-13 11:23:00,4,オールレディース 静岡クラウンメロン杯,2,5193,米丸 乃絵,3,23,46,0,0,0.2,6.01,44.44,64.2,0,0,0,40.54,56.76,37.66,50
2025-06-13,6,1,2025-06-13 11:23:00,4,オールレディース 静岡クラウンメロン杯,3,4071,古賀 千晶,3,44,46,0,0,0.17,4.97,32,45.33,5.47,29.41,55.88,40.91,54.55,34.19,54.19
2025-06-13,6,1,2025-06-13 11:23:00,4,オールレディース 静岡クラウンメロン杯,4,5334,樫葉 新心,3,20,45.5,0,0,0.22,2.66,3.96,12.87,1.87,0,0,35.71,54.76,32.28,46.84
2025-06-13,6,1,2025-06-13 11:23:00,4,オールレディース 静岡クラウンメロン杯,5,4843,深尾 巴恵,3,32,47.9,0,0,0.17,5.31,32.5,50,4.56,22.22,44.44,25.64,41.03,41.67,60.26
2025-06-13,6,1,2025-06-13 11:23:00,4,オールレディース 静岡クラウンメロン杯,6,5360,高木 茉白,4,18,47.2,0,0,0.21,2.15,2.25,6.74,2.05,0,15,40,45.71,34.64,56.21
2025-06-13,6,2,2025-06-13 11:49:00,4,オールレディース 静岡クラウンメロン杯,1,5151,山下 奈緒,3,30,47.2,0,0,0.21,4.23,17.28,32.1,2.5,0,0,46,68,34.18,55.7
2025-06-13,6,2,2025-06-13 11:49:00,4,オールレディース 静岡クラウンメロン杯,2,4443,津田 裕絵,2,38,49.7,0,0,0.19,5.12,25.93,51.85,5.39,28.95,44.74,25,37.5,40.91,59.09
2025-06-13,6,2,2025-06-13 11:49:00,4,オールレディース 静岡クラウンメロン杯,3,5305,伊藤 栞,4,22,56.2,0,0,0.18,1.53,0,1.37,1.35,0,0,64,68,36.13,53.55
2025-06-13,6,2,2025-06-13 11:49:00,4,オールレディース 静岡クラウンメロン杯,4,3518,倉田 郁美,3,57,48.3,0,0,0.19,4.49,23.08,36.92,3.62,7.69,26.92,30,50,39.61,58.44
2025-06-13,6,2,2025-06-13 11:49:00,4,オールレディース 静岡クラウンメロン杯,5,4473,藤堂 里香,2,37,45.5,1,0,0.15,6.12,51.19,63.1,4.3,20,40,50,72,37.42,52.9
2025-06-13,6,2,2025-06-13 11:49:00,4,オールレディース 静岡クラウンメロン杯,6,4730,土屋 実沙希,3,36,47,0,0,0.18,5.09,34.62,51.28,5.48,30.85,58.51,47.06,68.63,38.71,61.29
2025-06-13,6,3,2025-06-13 12:19:00,4,オールレディース 静岡クラウンメロン杯,1,3334,角 ひとみ,3,56,45.5,0,0,0.19,5.06,33,50,0,0,0,25,38.89,35.29,52.94
2025-06-13,6,3,2025-06-13 12:19:00,4,オールレディース 静岡クラウンメロン杯,2,5003,来田 衣織,3,29,51,0,0,0.19,3.96,18.89,33.33,2.67,11.11,22.22,30.77,53.85,43.14,62.09
2025-06-13,6,3,2025-06-13 12:19:00,4,オールレディース 静岡クラウンメロン杯,3,3474,松瀬 弘美,2,54,46,0,0,0.16,5.44,31.96,54.64,5.05,28.7,53.04,29.73,43.24,34.62,49.36
2025-06-13,6,3,2025-06-13 12:19:00,4,オールレディース 静岡クラウンメロン杯,4,4464,山下 友貴,3,39,43.5,0,0,0.18,4.9,23.94,45.07,5.27,34.69,46.94,41.3,50,34.64,46.41
2025-06-13,6,3,2025-06-13 12:19:00,4,オールレディース 静岡クラウンメロン杯,5,5327,西田 和加,4,21,49.2,0,0,0.26,1.13,0,1.79,1,0,0,33.33,45.45,34.62,51.28
2025-06-13,6,3,2025-06-13 12:19:00,4,オールレディース 静岡クラウンメロン杯,6,4927,関野 文,1,31,44.5,0,0,0.17,5.86,40.19,57.94,5.79,31.58,63.16,42.5,65,33.33,49.02
2025-06-13,6,4,2025-06-13 12:49:00,4,オールレディース 静岡クラウンメロン杯,1,4611,今井 美亜,2,34,48,0,0,0.14,6.55,47.83,61.96,6.38,44.83,51.72,38.46,53.85,32.67,52
2025-06-13,6,4,2025-06-13 12:49:00,4,オールレディース 静岡クラウンメロン杯,2,4689,豊田 結,4,31,50.2,0,0,0.16,5.66,41.89,54.05,0,0,0,39.47,44.74,35.17,48.97
2025-06-13,6,4,2025-06-13 12:49:00,4,オールレディース 静岡クラウンメロン杯,3,3509,池 千夏,3,53,50.7,0,0,0.15,4.23,22.81,36.84,3.75,12.5,37.5,36.84,55.26,36.31,56.05
2025-06-13,6,4,2025-06-13 12:49:00,4,オールレディース 静岡クラウンメロン杯,4,3802,森岡 まき,3,51,47.3,0,0,0.17,4.4,26.47,41.18,5.4,40,60,32.43,56.76,43.05,59.6
2025-06-13,6,4,2025-06-13 12:49:00,4,オールレディース 静岡クラウンメロン杯,5,5346,中村 紋夕梨,4,21,46,0,0,0.22,1.66,2.13,4.26,1,0,0,31.71,51.22,37.01,46.75
2025-06-13,6,4,2025-06-13 12:49:00,4,オールレディース 静岡クラウンメロン杯,6,5140,吉田 彩乃,3,24,47,0,0,0.21,3.76,15.28,27.78,3.13,10.14,20.29,41.03,48.72,36.25,53.13
2025-06-13,6,5,2025-06-13 13:19:00,4,オールレディース 静岡クラウンメロン杯,1,5156,坂野 さくら,3,28,47.2,1,0,0.17,5.18,32.67,51.49,3.22,5.56,27.78,53.85,78.85,35.1,56.95
2025-06-13,6,5,2025-06-13 13:19:00,4,オールレディース 静岡クラウンメロン杯,2,4478,櫻本 あゆみ,2,37,47,0,0,0.15,5.97,43.81,56.19,4.54,15.38,46.15,44.19,65.12,30.46,45.7
2025-06-13,6,5,2025-06-13 13:19:00,4,オールレディース 静岡クラウンメロン杯,3,5296,永田 楽,3,22,46.5,0,0,0.2,3.55,20.2,27.27,1.25,0,0,29.79,46.81,39.01,56.74
2025-06-13,6,5,2025-06-13 13:19:00,4,オールレディース 静岡クラウンメロン杯,4,5362,中嶋 世奈,4,18,49.3,0,0,0.26,1.68,1.54,6.15,1.28,0,0,35.9,48.72,37.5,51.32
2025-06-13,6,5,2025-06-13 13:19:00,4,オールレディース 静岡クラウンメロン杯,5,4642,松尾 夏海,2,33,46.5,0,0,0.15,6.27,50,62.24,6.95,57.89,68.42,33.33,56.41,34.46,47.3
2025-06-13,6,5,2025-06-13 13:19:00,4,オールレディース 静岡クラウンメロン杯,6,4246,喜多 那由夏,3,43,48,0,0,0.17,3.72,15.22,29.35,4.73,29.55,44.32,44.44,61.11,37.75,58.28
2025-06-13,6,6,2025-06-13 13:53:00,4,オールレディース 静岡クラウンメロン杯,1,3580,水口 由紀,3,52,49,0,0,0.18,4.61,20.73,40.24,4.55,36.36,36.36,20.69,41.38,32.03,48.37
2025-06-13,6,6,2025-06-13 13:53:00,4,オールレディース 静岡クラウンメロン杯,2,4994,山本 梨菜,3,27,46.5,0,0,0.2,5.93,37.5,60.58,6.43,40,63.33,30.77,48.72,34.18,44.94
2025-06-13,6,6,2025-06-13 13:53:00,4,オールレディース 静岡クラウンメロン杯,3,4373,若狭 奈美子,2,36,47,0,0,0.17,6.4,45.63,69.9,3.78,11.11,33.33,46,64,43.42,57.89
2025-06-13,6,6,2025-06-13 13:53:00,4,オールレディース 静岡クラウンメロン杯,4,5360,高木 茉白,4,18,47.2,0,0,0.21,2.15,2.25,6.74,2.05,0,15,40,45.71,34.64,56.21
2025-06-13,6,6,2025-06-13 13:53:00,4,オールレディース 静岡クラウンメロン杯,5,3932,池田 浩美,3,49,51.6,0,0,0.18,4.73,33.96,46.23,4.89,31.58,47.37,15.38,43.59,35.03,50.96
2025-06-13,6,6,2025-06-13 13:53:00,4,オールレディース 静岡クラウンメロン杯,6,4183,宇野 弥生,2,39,47.8,0,0,0.13,6.45,51.97,60.63,5.22,36.11,41.67,53.85,64.1,30.72,44.44
2025-06-13,6,7,2025-06-13 14:21:00,4,オールレディース 静岡クラウンメロン杯,1,5171,清水 未唯,3,24,57.4,0,0,0.16,3.51,12.82,25.64,2.38,0,12.5,33.33,38.89,35.48,58.71
2025-06-13,6,7,2025-06-13 14:21:00,4,オールレディース 静岡クラウンメロン杯,2,3999,大瀧 明日香,1,45,46,0,0,0.17,6.52,44.23,65.38,6.57,48.57,65.71,17.95,41.03,30.67,46
2025-06-13,6,7,2025-06-13 14:21:00,4,オールレディース 静岡クラウンメロン杯,3,4775,千葉 真弥,3,31,46,0,0,0.19,4.71,22.73,45.45,4.78,22.22,44.44,55.81,69.77,37.09,53.64
2025-06-13,6,7,2025-06-13 14:21:00,4,オールレディース 静岡クラウンメロン杯,4,4891,寺島 美里,2,35,46.5,0,0,0.15,5.31,35,52.5,3.87,18.42,31.58,35,55,36.13,50.97
2025-06-13,6,7,2025-06-13 14:21:00,4,オールレディース 静岡クラウンメロン杯,5,5193,米丸 乃絵,3,23,46,0,0,0.2,6.01,44.44,64.2,0,0,0,40.54,56.76,37.66,50
2025-06-13,6,7,2025-06-13 14:21:00,4,オールレディース 静岡クラウンメロン杯,6,5327,西田 和加,4,21,49.2,0,0,0.26,1.13,0,1.79,1,0,0,33.33,45.45,34.62,51.28
2025-06-13,6,8,2025-06-13 14:58:00,4,オールレディース 静岡クラウンメロン杯,1,4117,廣中 智紗衣,2,44,46.5,0,0,0.19,6.39,42.22,65.56,6.1,31.03,68.97,40.54,56.76,38.16,54.61
2025-06-13,6,8,2025-06-13 14:58:00,4,オールレディース 静岡クラウンメロン杯,2,5140,吉田 彩乃,3,24,47,0,0,0.21,3.76,15.28,27.78,3.13,10.14,20.29,41.03,48.72,36.25,53.13
2025-06-13,6,8,2025-06-13 14:58:00,4,オールレディース 静岡クラウンメロン杯,3,3778,安達 美帆,3,49,47,0,0,0.21,3.61,14.52,29.03,2.44,0,11.11,47.37,63.16,35.53,51.32
2025-06-13,6,8,2025-06-13 14:58:00,4,オールレディース 静岡クラウンメロン杯,4,4473,藤堂 里香,2,37,45.5,1,0,0.15,6.12,51.19,63.1,4.3,20,40,50,72,37.42,52.9
2025-06-13,6,8,2025-06-13 14:58:00,4,オールレディース 静岡クラウンメロン杯,5,4244,鈴木 成美,3,38,45.5,0,0,0.13,5.12,32.35,50,4.42,24.62,40,45.65,60.87,37.18,51.92
2025-06-13,6,8,2025-06-13 14:58:00,4,オールレディース 静岡クラウンメロン杯,6,5291,三嶌 こころ,3,23,50.2,0,0,0.2,2.42,6.12,13.27,2.89,0,22.22,38.1,52.38,35.53,49.34
2025-06-13,6,9,2025-06-13 15:29:00,4,オールレディース 静岡クラウンメロン杯,1,4843,深尾 巴恵,3,32,47.9,0,0,0.17,5.31,32.5,50,4.56,22.22,44.44,25.64,41.03,41.67,60.26
2025-06-13,6,9,2025-06-13 15:29:00,4,オールレディース 静岡クラウンメロン杯,2,4372,原田 佑実,2,37,46.5,1,0,0.17,5.29,34.07,49.45,4.78,22.22,44.44,45,65,33.99,52.29
2025-06-13,6,9,2025-06-13 15:29:00,4,オールレディース 静岡クラウンメロン杯,3,3334,角 ひとみ,3,56,45.5,0,0,0.19,5.06,33,50,0,0,0,25,38.89,35.29,52.94
2025-06-13,6,9,2025-06-13 15:29:00,4,オールレディース 静岡クラウンメロン杯,4,3509,池 千夏,3,53,50.7,0,0,0.15,4.23,22.81,36.84,3.75,12.5,37.5,36.84,55.26,36.31,56.05
2025-06-13,6,9,2025-06-13 15:29:00,4,オールレディース 静岡クラウンメロン杯,5,5296,永田 楽,3,22,46.5,0,0,0.2,3.55,20.2,27.27,1.25,0,0,29.79,46.81,39.01,56.74
2025-06-13,6,9,2025-06-13 15:29:00,4,オールレディース 静岡クラウンメロン杯,6,4443,津田 裕絵,2,38,49.7,0,0,0.19,5.12,25.93,51.85,5.39,28.95,44.74,25,37.5,40.91,59.09
2025-06-13,6,10,2025-06-13 15:59:00,4,オールレディース 静岡クラウンメロン杯,1,4373,若狭 奈美子,2,36,47,0,0,0.17,6.4,45.63,69.9,3.78,11.11,33.33,46,64,43.42,57.89
2025-06-13,6,10,2025-06-13 15:59:00,4,オールレディース 静岡クラウンメロン杯,2,5334,樫葉 新心,3,20,45.5,0,0,0.22,2.66,3.96,12.87,1.87,0,0,35.71,54.76,32.28,46.84
2025-06-13,6,10,2025-06-13 15:59:00,4,オールレディース 静岡クラウンメロン杯,3,4289,落合 直子,2,40,46.5,0,0,0.14,5.54,39,54,6.22,55.56,66.67,43.18,50,30.88,47.06
2025-06-13,6,10,2025-06-13 15:59:00,4,オールレディース 静岡クラウンメロン杯,4,4246,喜多 那由夏,3,43,48,0,0,0.17,3.72,15.22,29.35,4.73,29.55,44.32,44.44,61.11,37.75,58.28
2025-06-13,6,10,2025-06-13 15:59:00,4,オールレディース 静岡クラウンメロン杯,5,5305,伊藤 栞,4,22,56.2,0,0,0.18,1.53,0,1.37,1.35,0,0,64,68,36.13,53.55
2025-06-13,6,10,2025-06-13 15:59:00,4,オールレディース 静岡クラウンメロン杯,6,4464,山下 友貴,3,39,43.5,0,0,0.18,4.9,23.94,45.07,5.27,34.69,46.94,41.3,50,34.64,46.41
2025-06-13,6,11,2025-06-13 16:36:00,4,オールレディース 静岡クラウンメロン杯,1,3474,松瀬 弘美,2,54,46,0,0,0.16,5.44,31.96,54.64,5.05,28.7,53.04,29.73,43.24,34.62,49.36
2025-06-13,6,11,2025-06-13 16:36:00,4,オールレディース 静岡クラウンメロン杯,2,3802,森岡 まき,3,51,47,0,0,0.17,4.4,26.47,41.18,5.4,40,60,32.43,56.76,43.05,59.6
2025-06-13,6,11,2025-06-13 16:36:00,4,オールレディース 静岡クラウンメロン杯,3,4478,櫻本 あゆみ,2,37,47,0,0,0.15,5.97,43.81,56.19,4.54,15.38,46.15,44.19,65.12,30.46,45.7
2025-06-13,6,11,2025-06-13 16:36:00,4,オールレディース 静岡クラウンメロン杯,4,5151,山下 奈緒,3,30,47.6,0,0,0.21,4.23,17.28,32.1,2.5,0,0,46,68,34.18,55.7
2025-06-13,6,11,2025-06-13 16:36:00,4,オールレディース 静岡クラウンメロン杯,5,3580,水口 由紀,3,52,48.6,0,0,0.18,4.61,20.73,40.24,4.55,36.36,36.36,20.69,41.38,32.03,48.37
2025-06-13,6,11,2025-06-13 16:36:00,4,オールレディース 静岡クラウンメロン杯,6,4891,寺島 美里,2,35,45.5,0,0,0.15,5.31,35,52.5,3.87,18.42,31.58,35,55,36.13,50.97
2025-06-13,6,12,2025-06-13 17:06:00,4,オールレディース 静岡クラウンメロン杯,1,3999,大瀧 明日香,1,45,46,0,0,0.17,6.52,44.23,65.38,6.57,48.57,65.71,17.95,41.03,30.67,46
2025-06-13,6,12,2025-06-13 17:06:00,4,オールレディース 静岡クラウンメロン杯,2,4927,関野 文,1,31,44.5,0,0,0.17,5.86,40.19,57.94,5.79,31.58,63.16,42.5,65,33.33,49.02
2025-06-13,6,12,2025-06-13 17:06:00,4,オールレディース 静岡クラウンメロン杯,3,4183,宇野 弥生,2,39,47.8,0,0,0.13,6.45,51.97,60.63,5.22,36.11,41.67,53.85,64.1,30.72,44.44
2025-06-13,6,12,2025-06-13 17:06:00,4,オールレディース 静岡クラウンメロン杯,4,4611,今井 美亜,2,34,48,0,0,0.14,6.55,47.83,61.96,6.38,44.83,51.72,38.46,53.85,32.67,52
2025-06-13,6,12,2025-06-13 17:06:00,4,オールレディース 静岡クラウンメロン杯,5,4117,廣中 智紗衣,2,44,46.5,0,0,0.19,6.39,42.22,65.56,6.1,31.03,68.97,40.54,56.76,38.16,54.61
2025-06-13,6,12,2025-06-13 17:06:00,4,オールレディース 静岡クラウンメロン杯,6,4642,松尾 夏海,2,33,46.5,0,0,0.15,6.27,50,62.24,6.95,57.89,68.42,33.33,56.41,34.46,47.3
2025-06-13,7,1,2025-06-13 15:17:00,5,中京スポーツ杯争奪 蒲郡ボートキング決定戦,1,4116,川田 正人,3,44,51.5,0,0,0.2,5.68,38.04,59.78,3.87,20,40,31.45,43.55,33.04,51.1
2025-06-13,7,1,2025-06-13 15:17:00,5,中京スポーツ杯争奪 蒲郡ボートキング決定戦,2,4103,山崎 善庸,3,45,52.8,0,0,0.22,4.23,18.75,37.5,4.1,19.05,33.33,32.94,48.81,31.51,47.49
2025-06-13,7,1,2025-06-13 15:17:00,5,中京スポーツ杯争奪 蒲郡ボートキング決定戦,3,3730,塩崎 優司,3,52,52.7,0,0,0.16,5.06,29.13,42.72,3.52,19.35,22.58,34.62,50.38,35.4,49.56
2025-06-13,7,1,2025-06-13 15:17:00,5,中京スポーツ杯争奪 蒲郡ボートキング決定戦,4,3647,伊藤 雄二,3,52,50.5,1,0,0.15,3.79,11.65,30.1,3.76,17.65,29.41,32.33,46.24,29.83,51.38
2025-06-13,7,1,2025-06-13 15:17:00,5,中京スポーツ杯争奪 蒲郡ボートキング決定戦,5,3714,梶原 正,3,50,55.1,0,0,0.15,4.21,22.35,36.47,6.13,41.94,61.29,35.91,50.45,35.87,51.12
2025-06-13,7,1,2025-06-13 15:17:00,5,中京スポーツ杯争奪 蒲郡ボートキング決定戦,6,4196,田中 太一郎,3,43,52.7,0,0,0.18,5.13,38.75,45,0,0,0,44.86,63.55,32.35,47.9
2025-06-13,7,2,2025-06-13 15:41:00,5,中京スポーツ杯争奪 蒲郡ボートキング決定戦,1,3878,胡本 悟志,3,48,52.5,0,0,0.17,4.16,18.6,31.4,2.71,0,0,35.93,53.25,32.23,51.65
2025-06-13,7,2,2025-06-13 15:41:00,5,中京スポーツ杯争奪 蒲郡ボートキング決定戦,2,3684,清水 攻二,2,51,52,0,0,0.18,6.12,43.75,65.18,4.53,5.26,47.37,35.47,54.34,36.62,58.22
2025-06-13,7,2,2025-06-13 15:41:00,5,中京スポーツ杯争奪 蒲郡ボートキング決定戦,3,4442,松竹 大輔,2,38,52,0,0,0.15,5.58,38.33,54.17,6.1,45,62.5,24.28,39.31,35.44,55.83
2025-06-13,7,2,2025-06-13 15:41:00,5,中京スポーツ杯争奪 蒲郡ボートキング決定戦,4,5096,上原 崚,3,29,52.1,0,0,0.14,6.08,46.43,59.52,5.95,45,50,42.86,57.14,36.36,54.55
2025-06-13,7,2,2025-06-13 15:41:00,5,中京スポーツ杯争奪 蒲郡ボートキング決定戦,5,3507,藤井 徹,3,54,52.3,0,0,0.18,3.57,14.29,25.71,2.86,0,14.29,42.65,60.78,32.08,48.58
2025-06-13,7,2,2025-06-13 15:41:00,5,中京スポーツ杯争奪 蒲郡ボートキング決定戦,6,4632,長尾 京志郎,3,36,52.8,0,0,0.17,4.62,23.73,44.92,5.38,31.25,56.25,31.22,49.32,36.32,51.57
2025-06-13,7,3,2025-06-13 16:06:00,5,中京スポーツ杯争奪 蒲郡ボートキング決定戦,1,5249,三木 晴斗,3,23,53.2,0,0,0.15,4.71,29.41,43.53,4.89,44.44,44.44,40.38,60.56,32.2,51.27
2025-06-13,7,3,2025-06-13 16:06:00,5,中京スポーツ杯争奪 蒲郡ボートキング決定戦,2,4724,吉田 祐貴,3,39,54,0,0,0.17,4.03,19.7,36.36,3.95,15,30,32.76,53.45,32.89,48.25
2025-06-13,7,3,2025-06-13 16:06:00,5,中京スポーツ杯争奪 蒲郡ボートキング決定戦,3,3796,長野 道臣,2,52,53.6,0,0,0.17,5.31,32.23,52.07,4.89,25.71,45.71,30.45,45.45,32.03,46.75
2025-06-13,7,3,2025-06-13 16:06:00,5,中京スポーツ杯争奪 蒲郡ボートキング決定戦,4,4134,杉山 貴博,1,44,52.2,0,0,0.15,6.22,40.4,65.66,5.47,36.84,52.63,33.05,48.54,45.12,60.57
2025-06-13,7,3,2025-06-13 16:06:00,5,中京スポーツ杯争奪 蒲郡ボートキング決定戦,5,4944,田代 達也,3,34,52.5,1,0,0.14,3.9,20.39,33.98,4.13,18.75,31.25,28.8,43.98,40.61,55.9
2025-06-13,7,3,2025-06-13 16:06:00,5,中京スポーツ杯争奪 蒲郡ボートキング決定戦,6,3664,鈴木 賢一,3,55,55.6,0,0,0.18,5.03,38.61,49.5,4.43,21.43,35.71,43.18,62.27,30.3,48.48
2025-06-13,7,4,2025-06-13 16:32:00,5,中京スポーツ杯争奪 蒲郡ボートキング決定戦,1,3392,小森 信雄,3,59,52,0,0,0.17,4.01,12.99,33.77,4.03,13.33,30,32.86,46.95,33.9,49.58
2025-06-13,7,4,2025-06-13 16:32:00,5,中京スポーツ杯争奪 蒲郡ボートキング決定戦,2,4653,小野 達哉,1,39,52,0,0,0.14,6.13,43.14,55.88,6.57,57.14,66.67,38.84,59.09,29.8,41.92
2025-06-13,7,4,2025-06-13 16:32:00,5,中京スポーツ杯争奪 蒲郡ボートキング決定戦,3,4106,坂井 康嗣,3,45,52,0,0,0.21,3.73,14.46,30.12,5.5,50,50,32.51,46.91,31.03,50.43
2025-06-13,7,4,2025-06-13 16:32:00,5,中京スポーツ杯争奪 蒲郡ボートキング決定戦,4,3703,鳥飼 眞,2,51,50,0,0,0.16,6.19,45.8,61.83,0,0,0,34.63,51.08,40,60.43
2025-06-13,7,4,2025-06-13 16:32:00,5,中京スポーツ杯争奪 蒲郡ボートキング決定戦,5,4906,鈴木 雅希,3,30,52.1,0,0,0.15,5.74,37.5,61.61,3.71,23.81,33.33,36.22,52.43,43.05,57.4
2025-06-13,7,4,2025-06-13 16:32:00,5,中京スポーツ杯争奪 蒲郡ボートキング決定戦,6,3284,渡邊 伸太郎,3,57,52.5,0,0,0.17,5.23,33.33,48.28,3.86,14.29,28.57,39.9,56.16,40.72,56.56
2025-06-13,7,5,2025-06-13 17:01:00,5,中京スポーツ杯争奪 蒲郡ボートキング決定戦,1,5359,佐藤 世那,4,19,53.1,0,0,0.2,2.11,2.13,6.38,1.83,0,0,43.13,59.72,34.78,55.22
2025-06-13,7,5,2025-06-13 17:01:00,5,中京スポーツ杯争奪 蒲郡ボートキング決定戦,2,3842,星野 太郎,2,48,53.3,1,0,0.17,5.22,34.55,53.64,6.61,52.17,69.57,39.01,56.05,36.8,51.95
2025-06-13,7,5,2025-06-13 17:01:00,5,中京スポーツ杯争奪 蒲郡ボートキング決定戦,3,3892,草場 康幸,3,49,52.2,0,0,0.15,5.2,34.48,51.72,6,25,62.5,39.45,56.88,34.03,52.52
2025-06-13,7,5,2025-06-13 17:01:00,5,中京スポーツ杯争奪 蒲郡ボートキング決定戦,4,3627,井上 恵一,3,55,51.5,0,0,0.18,5.62,40.43,57.45,4.07,13.33,40,38.5,56.34,36.45,53.74
2025-06-13,7,5,2025-06-13 17:01:00,5,中京スポーツ杯争奪 蒲郡ボートキング決定戦,5,4116,川田 正人,3,44,51.5,0,0,0.2,5.68,38.04,59.78,3.87,20,40,31.45,43.55,33.04,51.1
2025-06-13,7,5,2025-06-13 17:01:00,5,中京スポーツ杯争奪 蒲郡ボートキング決定戦,6,4074,柳沢 一,1,44,52,0,0,0.12,6.89,48.62,72.48,6.66,45.71,64.76,41.6,53.78,36,51.11
2025-06-13,7,6,2025-06-13 17:29:00,5,中京スポーツ杯争奪 蒲郡ボートキング決定戦,1,5239,上野 俊樹,3,25,51.5,0,0,0.16,5.24,27.14,55.71,4.8,15,50,37.77,58.37,38.07,54.59
2025-06-13,7,6,2025-06-13 17:29:00,5,中京スポーツ杯争奪 蒲郡ボートキング決定戦,2,4196,田中 太一郎,3,43,52.7,0,0,0.18,5.13,38.75,45,0,0,0,44.86,63.55,32.35,47.9
2025-06-13,7,6,2025-06-13 17:29:00,5,中京スポーツ杯争奪 蒲郡ボートキング決定戦,3,4704,河野 大,1,36,52,0,0,0.15,6.29,44.17,60.83,6.55,45,70,39.35,55.56,34.22,48.89
2025-06-13,7,6,2025-06-13 17:29:00,5,中京スポーツ杯争奪 蒲郡ボートキング決定戦,4,3161,古場 輝義,2,65,52,0,0,0.17,5.72,36.79,61.32,5.95,35,60,46.08,68.66,32.97,50.27
2025-06-13,7,6,2025-06-13 17:29:00,5,中京スポーツ杯争奪 蒲郡ボートキング決定戦,5,4711,前出 達吉,3,35,52,1,0,0.15,5.74,41.75,60.19,6.78,55.56,77.78,33.88,55.37,40.61,58.08
2025-06-13,7,6,2025-06-13 17:29:00,5,中京スポーツ杯争奪 蒲郡ボートキング決定戦,6,3507,藤井 徹,3,54,52.3,0,0,0.18,3.57,14.29,25.71,2.86,0,14.29,42.65,60.78,32.08,48.58
2025-06-13,7,7,2025-06-13 17:57:00,5,中京スポーツ杯争奪 蒲郡ボートキング決定戦,1,4193,郷原 章平,2,43,52,1,0,0.16,5.27,36.94,51.35,7.06,70.59,76.47,37.96,52.24,31.65,45.41
2025-06-13,7,7,2025-06-13 17:57:00,5,中京スポーツ杯争奪 蒲郡ボートキング決定戦,2,3714,梶原 正,3,50,55.1,0,0,0.15,4.21,22.35,36.47,6.13,41.94,61.29,35.91,50.45,35.87,51.12
2025-06-13,7,7,2025-06-13 17:57:00,5,中京スポーツ杯争奪 蒲郡ボートキング決定戦,3,4636,赤池 修平,3,35,51.5,0,0,0.19,4.29,26.15,36.92,0,0,0,29.91,45.54,32.96,46.93
2025-06-13,7,7,2025-06-13 17:57:00,5,中京スポーツ杯争奪 蒲郡ボートキング決定戦,4,4415,下出 卓矢,1,38,53.6,0,0,0.14,6.28,40.83,57.5,6.22,52.17,60.87,29.06,42.74,34.75,51.27
2025-06-13,7,7,2025-06-13 17:57:00,5,中京スポーツ杯争奪 蒲郡ボートキング決定戦,5,4167,片岡 秀樹,3,43,55.6,1,0,0.15,4.82,24,50,4.82,17.65,47.06,41.2,59.72,36.32,52.91
2025-06-13,7,7,2025-06-13 17:57:00,5,中京スポーツ杯争奪 蒲郡ボートキング決定戦,6,5245,倉富 大誠,4,23,51.5,0,0,0.26,4.99,30.56,42.59,2.22,2,10,31.06,46.81,30.9,44.64
2025-06-13,7,8,2025-06-13 18:26:00,5,中京スポーツ杯争奪 蒲郡ボートキング決定戦,1,3647,伊藤 雄二,3,52,50.5,1,0,0.15,3.79,11.65,30.1,3.76,17.65,29.41,32.33,46.24,29.83,51.38
2025-06-13,7,8,2025-06-13 18:26:00,5,中京スポーツ杯争奪 蒲郡ボートキング決定戦,2,3392,小森 信雄,3,59,52,0,0,0.17,4.01,12.99,33.77,4.03,13.33,30,32.86,46.95,33.9,49.58
2025-06-13,7,8,2025-06-13 18:26:00,5,中京スポーツ杯争奪 蒲郡ボートキング決定戦,3,3946,赤岩 善生,1,49,54.7,0,0,0.14,7.11,55.86,69.37,7.8,65.83,81.67,36.15,53.52,33.33,50.93
2025-06-13,7,8,2025-06-13 18:26:00,5,中京スポーツ杯争奪 蒲郡ボートキング決定戦,4,3796,長野 道臣,2,52,53.6,0,0,0.17,5.31,32.23,52.07,4.89,25.71,45.71,30.45,45.45,32.03,46.75
2025-06-13,7,8,2025-06-13 18:26:00,5,中京スポーツ杯争奪 蒲郡ボートキング決定戦,5,4475,末永 祐輝,2,37,52.9,0,0,0.16,5.97,39.08,59.77,6.23,53.85,61.54,29.74,41.81,36.04,53.6
2025-06-13,7,8,2025-06-13 18:26:00,5,中京スポーツ杯争奪 蒲郡ボートキング決定戦,6,5411,木下 虎之輔,4,19,58.6,0,0,,1,0,0,0,0,0,34.11,53.1,32.73,48.18
2025-06-13,7,9,2025-06-13 18:55:00,5,中京スポーツ杯争奪 蒲郡ボートキング決定戦,1,3684,清水 攻二,2,51,52,0,0,0.18,6.12,43.75,65.18,4.53,5.26,47.37,35.47,54.34,36.62,58.22
2025-06-13,7,9,2025-06-13 18:55:00,5,中京スポーツ杯争奪 蒲郡ボートキング決定戦,2,5285,若林 麗,3,26,52,0,0,0.17,2.16,4.49,6.74,1.97,0,9.09,36.84,52.63,41.35,63.94
2025-06-13,7,9,2025-06-13 18:55:00,5,中京スポーツ杯争奪 蒲郡ボートキング決定戦,3,3988,古川 誠之,2,46,53.3,0,0,0.15,5.4,36.89,53.4,6.11,43.96,63.74,35.37,55.46,29.82,45.61
2025-06-13,7,9,2025-06-13 18:55:00,5,中京スポーツ杯争奪 蒲郡ボートキング決定戦,4,4906,鈴木 雅希,3,30,52.1,0,0,0.15,5.74,37.5,61.61,3.71,23.81,33.33,36.22,52.43,43.05,57.4
2025-06-13,7,9,2025-06-13 18:55:00,5,中京スポーツ杯争奪 蒲郡ボートキング決定戦,5,4074,柳沢 一,1,44,52,0,0,0.12,6.89,48.62,72.48,6.66,45.71,64.76,41.6,53.78,36,51.11
2025-06-13,7,9,2025-06-13 18:55:00,5,中京スポーツ杯争奪 蒲郡ボートキング決定戦,6,4724,吉田 祐貴,3,39,54,0,0,0.17,4.03,19.7,36.36,3.95,15,30,32.76,53.45,32.89,48.25
2025-06-13,7,10,2025-06-13 19:24:00,5,中京スポーツ杯争奪 蒲郡ボートキング決定戦,1,4134,杉山 貴博,1,44,52.2,0,0,0.15,6.22,40.4,65.66,5.47,36.84,52.63,33.05,48.54,45.12,60.57
2025-06-13,7,10,2025-06-13 19:24:00,5,中京スポーツ杯争奪 蒲郡ボートキング決定戦,2,3878,胡本 悟志,3,48,52.5,0,0,0.17,4.16,18.6,31.4,2.71,0,0,35.93,53.25,32.23,51.65
2025-06-13,7,10,2025-06-13 19:24:00,5,中京スポーツ杯争奪 蒲郡ボートキング決定戦,3,3284,渡邊 伸太郎,3,57,52.5,0,0,0.17,5.23,33.33,48.28,3.86,14.29,28.57,39.9,56.16,40.72,56.56
2025-06-13,7,10,2025-06-13 19:24:00,5,中京スポーツ杯争奪 蒲郡ボートキング決定戦,4,3811,石田 章央,1,49,52.8,0,0,0.15,5.75,40,58.18,6.43,46.43,67.86,31.74,52.61,37.99,56.77
2025-06-13,7,10,2025-06-13 19:24:00,5,中京スポーツ杯争奪 蒲郡ボートキング決定戦,5,3730,塩崎 優司,3,52,52.7,0,0,0.16,5.06,29.13,42.72,3.52,19.35,22.58,34.62,50.38,35.4,49.56
2025-06-13,7,10,2025-06-13 19:24:00,5,中京スポーツ杯争奪 蒲郡ボートキング決定戦,6,3161,古場 輝義,2,65,52,0,0,0.17,5.72,36.79,61.32,5.95,35,60,46.08,68.66,32.97,50.27
2025-06-13,7,11,2025-06-13 20:04:00,5,中京スポーツ杯争奪 蒲郡ボートキング決定戦,1,4415,下出 卓矢,1,38,53.6,0,0,0.14,6.28,40.83,57.5,6.22,52.17,60.87,29.06,42.74,34.75,51.27
2025-06-13,7,11,2025-06-13 20:04:00,5,中京スポーツ杯争奪 蒲郡ボートキング決定戦,2,5249,三木 晴斗,3,23,53.2,0,0,0.15,4.71,29.41,43.53,4.89,44.44,44.44,40.38,60.56,32.2,51.27
2025-06-13,7,11,2025-06-13 20:04:00,5,中京スポーツ杯争奪 蒲郡ボートキング決定戦,3,5239,上野 俊樹,3,25,51.5,0,0,0.16,5.24,27.14,55.71,4.8,15,50,37.77,58.37,38.07,54.59
2025-06-13,7,11,2025-06-13 20:04:00,5,中京スポーツ杯争奪 蒲郡ボートキング決定戦,4,4442,松竹 大輔,2,38,52,0,0,0.15,5.58,38.33,54.17,6.1,45,62.5,24.28,39.31,35.44,55.83
2025-06-13,7,11,2025-06-13 20:04:00,5,中京スポーツ杯争奪 蒲郡ボートキング決定戦,5,4653,小野 達哉,1,39,52,0,0,0.14,6.13,43.14,55.88,6.57,57.14,66.67,38.84,59.09,29.8,41.92
2025-06-13,7,11,2025-06-13 20:04:00,5,中京スポーツ杯争奪 蒲郡ボートキング決定戦,6,3627,井上 恵一,3,55,51.5,0,0,0.18,5.62,40.43,57.45,4.07,13.33,40,38.5,56.34,36.45,53.74
2025-06-13,7,12,2025-06-13 20:33:00,5,中京スポーツ杯争奪 蒲郡ボートキング決定戦,1,3946,赤岩 善生,1,49,54.7,0,0,0.14,7.11,55.86,69.37,7.8,65.83,81.67,36.15,53.52,33.33,50.93
2025-06-13,7,12,2025-06-13 20:33:00,5,中京スポーツ杯争奪 蒲郡ボートキング決定戦,2,4167,片岡 秀樹,3,43,55.6,1,0,0.15,4.82,24,50,4.82,17.65,47.06,41.2,59.72,36.32,52.91
2025-06-13,7,12,2025-06-13 20:33:00,5,中京スポーツ杯争奪 蒲郡ボートキング決定戦,3,3703,鳥飼 眞,2,51,50,0,0,0.16,6.19,45.8,61.83,0,0,0,34.63,51.08,40,60.43
2025-06-13,7,12,2025-06-13 20:33:00,5,中京スポーツ杯争奪 蒲郡ボートキング決定戦,4,3842,星野 太郎,2,48,53.3,1,0,0.17,5.22,34.55,53.64,6.61,52.17,69.57,39.01,56.05,36.8,51.95
2025-06-13,7,12,2025-06-13 20:33:00,5,中京スポーツ杯争奪 蒲郡ボートキング決定戦,5,4704,河野 大,1,36,52,0,0,0.15,6.29,44.17,60.83,6.55,45,70,39.35,55.56,34.22,48.89
2025-06-13,7,12,2025-06-13 20:33:00,5,中京スポーツ杯争奪 蒲郡ボートキング決定戦,6,5096,上原 崚,3,29,52.1,0,0,0.14,6.08,46.43,59.52,5.95,45,50,42.86,57.14,36.36,54.55
2025-06-13,8,1,2025-06-13 10:23:00,5,名古屋グランパスカップ,1,4298,宮下 元胤,2,42,52,0,0,0.14,6.13,42.53,65.52,5.7,43.48,58.7,38.69,52.55,35.44,53.4
2025-06-13,8,1,2025-06-13 10:23:00,5,名古屋グランパスカップ,2,3776,横井 健太,3,50,54.1,0,0,0.18,3.84,15.05,27.96,4.23,20,36.25,29.84,41.94,35.5,47.62
2025-06-13,8,1,2025-06-13 10:23:00,5,名古屋グランパスカップ,3,4143,浦田 晃嗣,3,43,55.3,0,0,0.14,4.8,30.43,44.57,5.08,30.77,46.15,39.42,54.74,37.66,56.49
2025-06-13,8,1,2025-06-13 10:23:00,5,名古屋グランパスカップ,4,3459,中野 和裕,3,58,52.4,0,0,0.18,4.06,20.22,34.83,2.94,11.11,11.11,24.64,39.86,31.78,47.2
2025-06-13,8,1,2025-06-13 10:23:00,5,名古屋グランパスカップ,5,4272,大場 広孝,3,43,56.3,0,0,0.15,5.23,26.09,52.17,4.67,33.33,33.33,25.19,46.56,36.12,51.98
2025-06-13,8,1,2025-06-13 10:23:00,5,名古屋グランパスカップ,6,5313,鈴木 唯央,3,24,52,1,0,0.17,3.1,4.29,21.43,1.61,0,0,18.27,29.81,35.24,47.62
2025-06-13,8,2,2025-06-13 10:57:00,5,名古屋グランパスカップ,1,3441,土屋 太朗,3,55,52,0,0,0.2,5.17,26.21,50.49,4.95,25,50,35.46,61.7,31.39,49.33
2025-06-13,8,2,2025-06-13 10:57:00,5,名古屋グランパスカップ,2,3963,原田 秀弥,3,46,54.8,0,0,0.16,5.97,44.68,61.7,5.72,37.5,53.13,29.41,41.91,27.14,43.22
2025-06-13,8,2,2025-06-13 10:57:00,5,名古屋グランパスカップ,3,4437,中田 元泰,1,39,54.7,0,0,0.15,6.4,51.19,65.48,7.47,66.67,80,43.2,58.4,27.66,44.15
2025-06-13,8,2,2025-06-13 10:57:00,5,名古屋グランパスカップ,4,4779,伊倉 光,3,39,52,0,0,0.14,4.55,22.73,38.64,4.52,8.7,43.48,35,48.57,39.45,51.83
2025-06-13,8,2,2025-06-13 10:57:00,5,名古屋グランパスカップ,5,4977,馬野 耀,1,31,53.5,0,0,0.14,6.12,39.33,65.17,4.74,20.59,44.12,34.4,47.2,29.65,47.79
2025-06-13,8,2,2025-06-13 10:57:00,5,名古屋グランパスカップ,6,5272,松田 真実,4,23,47,0,0,0.19,3.51,20,30,2.61,11.48,19.67,30.3,45.45,40,57.78
2025-06-13,8,3,2025-06-13 11:28:00,5,名古屋グランパスカップ,1,4228,吉田 慎二郎,2,42,54.9,0,0,0.18,4.82,35.16,41.76,5.95,45,57.5,33.33,53.79,40.18,57.53
2025-06-13,8,3,2025-06-13 11:28:00,5,名古屋グランパスカップ,2,3699,富永 正人,3,52,52.5,0,0,0.17,4.74,32.31,46.15,6.04,48.15,51.85,37.21,51.94,35.29,56.3
2025-06-13,8,3,2025-06-13 11:28:00,5,名古屋グランパスカップ,3,3377,塚田 修二,3,57,54.3,0,0,0.18,4.33,19.67,42.62,4.48,34.78,43.48,42.18,60.54,37.55,58.08
2025-06-13,8,3,2025-06-13 11:28:00,5,名古屋グランパスカップ,4,4873,蒲原 健太,2,31,52,0,0,0.2,5.46,36.73,57.14,0,0,0,35.46,45.39,28.84,44.65
2025-06-13,8,3,2025-06-13 11:28:00,5,名古屋グランパスカップ,5,4465,大西 賢,3,38,52,0,0,0.17,3.94,17.24,31.03,0,0,0,21.74,32.17,37.26,50.94
2025-06-13,8,3,2025-06-13 11:28:00,5,名古屋グランパスカップ,6,4159,向後 龍一,1,43,52,0,0,0.15,5.93,41.27,57.14,6.12,48,60,27.87,45.08,29.73,49.1
2025-06-13,8,4,2025-06-13 12:03:00,5,名古屋グランパスカップ,1,3940,飯山 泰,2,47,52,0,0,0.15,6.35,43.31,63.78,8.43,71.43,100,45.67,62.2,37.84,55.86
2025-06-13,8,4,2025-06-13 12:03:00,5,名古屋グランパスカップ,2,4555,富永 大一,3,35,52.2,0,0,0.18,5.29,31.46,55.06,3.61,16.67,27.78,34.51,52.82,33.94,52.94
2025-06-13,8,4,2025-06-13 12:03:00,5,名古屋グランパスカップ,3,5065,伊久間 陽優,3,26,51.5,0,0,0.16,4.85,27.4,50.68,3.96,17.39,34.78,36.09,53.38,31.22,44.88
2025-06-13,8,4,2025-06-13 12:03:00,5,名古屋グランパスカップ,4,4864,小川 日紀太,3,35,52.4,0,0,0.14,4.08,17.81,36.99,3.27,6.67,20,33.33,48.41,37.05,51.79
2025-06-13,8,4,2025-06-13 12:03:00,5,名古屋グランパスカップ,5,4177,萬 正嗣,2,42,56.3,0,0,0.14,4.31,23.61,38.89,5.24,38.1,47.62,31.25,46.09,34.63,47.32
2025-06-13,8,4,2025-06-13 12:03:00,5,名古屋グランパスカップ,6,4075,中野 次郎,1,44,54.2,0,0,0.14,6.99,47.62,67.46,7.19,64.86,78.38,35.21,53.52,33.95,50.23
2025-06-13,8,5,2025-06-13 12:35:00,5,名古屋グランパスカップ,1,4501,樋口 由加里,3,37,45.5,0,0,0.14,5.46,39.62,57.55,5.06,33.33,50,36.5,58.39,44.59,58.44
2025-06-13,8,5,2025-06-13 12:35:00,5,名古屋グランパスカップ,2,3604,武藤 綾子,3,54,48.3,0,0,0.2,4.1,16.28,33.72,2.83,0,0,27.2,44.8,33.04,52.86
2025-06-13,8,5,2025-06-13 12:35:00,5,名古屋グランパスカップ,3,5173,谷口 佳蓮,3,23,47,0,0,0.19,4.57,29.79,38.3,4.65,26.92,42.31,46.27,67.16,32.66,43.72
2025-06-13,8,5,2025-06-13 12:35:00,5,名古屋グランパスカップ,4,4823,中村 桃佳,4,32,45,0,0,,5.43,37.7,60.66,0,0,0,37.06,57.34,26.34,48.29
2025-06-13,8,5,2025-06-13 12:35:00,5,名古屋グランパスカップ,5,4936,戸敷 晃美,2,28,48,0,0,0.15,5.6,40,54,6.55,45,70,32.65,46.94,34.78,51.21
2025-06-13,8,5,2025-06-13 12:35:00,5,名古屋グランパスカップ,6,5410,今泉 澪,4,19,46.5,0,0,,1.67,0,0,0,0,0,14.91,35.09,25.13,41.03
2025-06-13,8,6,2025-06-13 13:08:00,5,名古屋グランパスカップ,1,4518,大須賀 友,1,38,52.1,1,0,0.15,6.02,41.24,62.89,6.88,46.34,75.61,30.37,45.93,30.41,43.3
2025-06-13,8,6,2025-06-13 13:08:00,5,名古屋グランパスカップ,2,3660,長谷川 親王,3,55,57.5,1,0,0.2,3.66,15.31,28.57,3.43,14.29,14.29,36.72,50.78,33.92,49.78
2025-06-13,8,6,2025-06-13 13:08:00,5,名古屋グランパスカップ,3,3448,高山 秀雄,3,55,52,0,0,0.19,4.63,19.77,47.67,4.86,21.43,42.86,39.85,57.89,23.08,40.51
2025-06-13,8,6,2025-06-13 13:08:00,5,名古屋グランパスカップ,4,4314,青木 幸太郎,3,41,51,0,0,0.14,5.15,30.77,46.15,0,0,0,31.88,47.1,29.9,47.55
2025-06-13,8,6,2025-06-13 13:08:00,5,名古屋グランパスカップ,5,4909,薮内 瑞希,3,29,44,0,0,0.15,5.44,36.84,50.53,5.88,35.29,52.94,18.75,35.94,33.33,47.75
2025-06-13,8,6,2025-06-13 13:08:00,5,名古屋グランパスカップ,6,4779,伊倉 光,3,39,52,0,0,0.14,4.55,22.73,38.64,4.52,8.7,43.48,35,48.57,39.45,51.83
2025-06-13,8,7,2025-06-13 13:40:00,5,名古屋グランパスカップ,1,4143,浦田 晃嗣,3,43,55.3,0,0,0.14,4.8,30.43,44.57,5.08,30.77,46.15,39.42,54.74,37.66,56.49
2025-06-13,8,7,2025-06-13 13:40:00,5,名古屋グランパスカップ,2,3860,松本 浩貴,3,51,52.2,0,0,0.19,3.77,14.63,31.71,0,0,0,27.91,39.53,31.31,52.8
2025-06-13,8,7,2025-06-13 13:40:00,5,名古屋グランパスカップ,3,3699,富永 正人,3,52,52.5,0,0,0.17,4.74,32.31,46.15,6.04,48.15,51.85,37.21,51.94,35.29,56.3
2025-06-13,8,7,2025-06-13 13:40:00,5,名古屋グランパスカップ,4,5313,鈴木 唯央,3,24,52,1,0,0.17,3.1,4.29,21.43,1.61,0,0,18.27,29.81,35.24,47.62
2025-06-13,8,7,2025-06-13 13:40:00,5,名古屋グランパスカップ,5,4025,山本 隆幸,2,47,52,0,0,0.17,6.28,43.09,60.98,5.96,36,60,33.82,50,36.12,50.22
2025-06-13,8,7,2025-06-13 13:40:00,5,名古屋グランパスカップ,6,4184,渡邊 雄一郎,1,39,52,0,0,0.16,6.36,48.45,65.98,1.67,0,0,26.77,46.46,31.37,52.45
2025-06-13,8,8,2025-06-13 14:07:00,5,名古屋グランパスカップ,1,3459,中野 和裕,3,58,52.4,0,0,0.18,4.06,20.22,34.83,2.94,11.11,11.11,24.64,39.86,31.78,47.2
2025-06-13,8,8,2025-06-13 14:07:00,5,名古屋グランパスカップ,2,4146,柳橋 宏紀,3,43,52,0,0,0.15,4.8,25.3,45.78,4.83,33.33,40,29.55,48.48,49.57,66.38
2025-06-13,8,8,2025-06-13 14:07:00,5,名古屋グランパスカップ,3,4649,和田 操拓,2,41,51.5,0,0,0.14,5.7,35.94,57.81,5.82,39.39,57.58,25.19,41.22,33.64,52.34
2025-06-13,8,8,2025-06-13 14:07:00,5,名古屋グランパスカップ,4,5028,原田 才一郎,1,28,52,0,0,0.14,6.42,43.84,61.64,6.44,48,68,29.46,50.39,31.28,51.79
2025-06-13,8,8,2025-06-13 14:07:00,5,名古屋グランパスカップ,5,5272,松田 真実,4,23,47,0,0,0.19,3.51,20,30,2.61,11.48,19.67,30.3,45.45,40,57.78
2025-06-13,8,8,2025-06-13 14:07:00,5,名古屋グランパスカップ,6,4864,小川 日紀太,3,35,52.4,0,0,0.14,4.08,17.81,36.99,3.27,6.67,20,33.33,48.41,37.05,51.79
2025-06-13,8,9,2025-06-13 14:34:00,5,名古屋グランパスカップ,1,3604,武藤 綾子,3,54,48.3,0,0,0.2,4.1,16.28,33.72,2.83,0,0,27.2,44.8,33.04,52.86
2025-06-13,8,9,2025-06-13 14:34:00,5,名古屋グランパスカップ,2,4656,大崎 翔,3,37,57.7,0,0,0.16,4.83,23.86,45.45,5.43,42.86,46.43,47.1,73.19,33.19,47.79
2025-06-13,8,9,2025-06-13 14:34:00,5,名古屋グランパスカップ,3,3441,土屋 太朗,3,55,52,0,0,0.2,5.17,26.21,50.49,4.95,25,50,35.46,61.7,31.39,49.33
2025-06-13,8,9,2025-06-13 14:34:00,5,名古屋グランパスカップ,4,4852,川原 祐明,2,30,52,0,0,0.16,6.4,43.75,62.5,6.94,50,77.78,24.46,42.45,35.5,54.11
2025-06-13,8,9,2025-06-13 14:34:00,5,名古屋グランパスカップ,5,5410,今泉 澪,4,19,46.5,0,0,,1.67,0,0,0,0,0,14.91,35.09,25.13,41.03
2025-06-13,8,9,2025-06-13 14:34:00,5,名古屋グランパスカップ,6,3776,横井 健太,3,50,54.1,0,0,0.18,3.84,15.05,27.96,4.23,20,36.25,29.84,41.94,35.5,47.62
2025-06-13,8,10,2025-06-13 15:03:00,5,名古屋グランパスカップ,1,4075,中野 次郎,1,44,54.2,0,0,0.14,6.99,47.62,67.46,7.19,64.86,78.38,35.21,53.52,33.95,50.23
2025-06-13,8,10,2025-06-13 15:03:00,5,名古屋グランパスカップ,2,4977,馬野 耀,1,31,53.5,0,0,0.14,6.12,39.33,65.17,4.74,20.59,44.12,34.4,47.2,29.65,47.79
2025-06-13,8,10,2025-06-13 15:03:00,5,名古屋グランパスカップ,3,4555,富永 大一,3,35,52.2,0,0,0.18,5.29,31.46,55.06,3.61,16.67,27.78,34.51,52.82,33.94,52.94
2025-06-13,8,10,2025-06-13 15:03:00,5,名古屋グランパスカップ,4,4437,中田 元泰,1,39,54.7,0,0,0.15,6.4,51.19,65.48,7.47,66.67,80,43.2,58.4,27.66,44.15
2025-06-13,8,10,2025-06-13 15:03:00,5,名古屋グランパスカップ,5,4228,吉田 慎二郎,2,42,54.9,0,0,0.18,4.82,35.16,41.76,5.95,45,57.5,33.33,53.79,40.18,57.53
2025-06-13,8,10,2025-06-13 15:03:00,5,名古屋グランパスカップ,6,3377,塚田 修二,3,57,54.3,0,0,0.18,4.33,19.67,42.62,4.48,34.78,43.48,42.18,60.54,37.55,58.08
2025-06-13,8,11,2025-06-13 15:33:00,5,名古屋グランパスカップ,1,4184,渡邊 雄一郎,1,39,52,0,0,0.16,6.36,48.45,65.98,1.67,0,0,26.77,46.46,31.37,52.45
2025-06-13,8,11,2025-06-13 15:33:00,5,名古屋グランパスカップ,2,4873,蒲原 健太,2,31,52,0,0,0.2,5.46,36.73,57.14,0,0,0,35.46,45.39,28.84,44.65
2025-06-13,8,11,2025-06-13 15:33:00,5,名古屋グランパスカップ,3,4518,大須賀 友,1,38,52.1,1,0,0.15,6.02,41.24,62.89,6.88,46.34,75.61,30.37,45.93,32.11,49.54
2025-06-13,8,11,2025-06-13 15:33:00,5,名古屋グランパスカップ,4,3940,飯山 泰,2,47,52,0,0,0.15,6.35,43.31,63.78,8.43,71.43,100,45.67,62.2,37.84,55.86
2025-06-13,8,11,2025-06-13 15:33:00,5,名古屋グランパスカップ,5,4823,中村 桃佳,4,32,45,0,0,,5.43,37.7,60.66,0,0,0,37.06,57.34,26.34,48.29
2025-06-13,8,11,2025-06-13 15:33:00,5,名古屋グランパスカップ,6,3963,原田 秀弥,3,46,54.8,0,0,0.16,5.97,44.68,61.7,5.72,37.5,53.13,29.41,41.91,27.14,43.22
2025-06-13,8,12,2025-06-13 16:05:00,5,名古屋グランパスカップ,1,4159,向後 龍一,1,43,52,0,0,0.15,5.93,41.27,57.14,6.12,48,60,27.87,45.08,29.73,49.1
2025-06-13,8,12,2025-06-13 16:05:00,5,名古屋グランパスカップ,2,5028,原田 才一郎,1,28,51.5,0,0,0.14,6.42,43.84,61.64,6.44,48,68,29.46,50.39,31.28,51.79
2025-06-13,8,12,2025-06-13 16:05:00,5,名古屋グランパスカップ,3,4314,青木 幸太郎,3,41,51,0,0,0.14,5.15,30.77,46.15,0,0,0,31.88,47.1,29.9,47.55
2025-06-13,8,12,2025-06-13 16:05:00,5,名古屋グランパスカップ,4,4501,樋口 由加里,3,37,45,0,0,0.14,5.46,39.62,57.55,5.06,33.33,50,36.5,58.39,44.59,58.44
2025-06-13,8,12,2025-06-13 16:05:00,5,名古屋グランパスカップ,5,5173,谷口 佳蓮,3,23,46.5,0,0,0.19,4.57,29.79,38.3,4.65,26.92,42.31,46.27,67.16,32.66,43.72
2025-06-13,8,12,2025-06-13 16:05:00,5,名古屋グランパスカップ,6,3448,高山 秀雄,3,55,52,0,0,0.19,4.63,19.77,47.67,4.86,21.43,42.86,39.85,57.89,31.98,49.1
2025-06-13,10,1,2025-06-13 08:32:00,5,BOATBoyカップ,1,4514,上條 嘉嗣,1,35,52.2,1,0,0.18,6.82,54.33,70.87,6.55,55,65,41.67,68.33,44.78,56.72
2025-06-13,10,1,2025-06-13 08:32:00,5,BOATBoyカップ,2,4837,酒井 陽祐,3,36,52.1,0,0,0.16,4.01,25.35,33.8,3.56,0,27.78,33.33,48.48,32.81,46.88
2025-06-13,10,1,2025-06-13 08:32:00,5,BOATBoyカップ,3,4753,森 照夫,3,36,54,0,0,0.14,4.85,30.7,44.74,0,0,0,39.06,65.63,25,42.65
2025-06-13,10,1,2025-06-13 08:32:00,5,BOATBoyカップ,4,4226,村田 浩司,3,42,53.6,0,0,0.16,4.43,29.89,39.08,5.13,25,62.5,32.84,49.25,22.22,42.86
2025-06-13,10,1,2025-06-13 08:32:00,5,BOATBoyカップ,5,4023,柴田 友和,3,47,51.5,0,0,0.15,4.63,17.98,40.45,2.63,0,0,30.77,40,23.81,46.03
2025-06-13,10,1,2025-06-13 08:32:00,5,BOATBoyカップ,6,4197,渥美 卓郎,3,43,54.6,0,0,0.19,4.47,24.51,40.2,4.09,22.73,31.82,29.41,41.18,34.78,53.62
2025-06-13,10,2,2025-06-13 08:58:00,5,BOATBoyカップ,1,3505,山田 竜一,2,54,52,0,0,0.14,5.3,34.19,54.7,6.29,35.71,71.43,36,56,40.91,60.61
2025-06-13,10,2,2025-06-13 08:58:00,5,BOATBoyカップ,2,4688,永井 彪也,1,32,52.7,0,0,0.14,6.87,53.04,66.09,4,0,40,43.08,60,34.33,52.24
2025-06-13,10,2,2025-06-13 08:58:00,5,BOATBoyカップ,3,3619,長谷川 充,3,51,52.5,0,0,0.19,4.84,24.21,44.21,3.57,14.29,28.57,14.93,32.84,26.09,46.38
2025-06-13,10,2,2025-06-13 08:58:00,5,BOATBoyカップ,4,5061,中村 駿平,4,28,52,0,0,0.16,3.08,14.29,24.49,5.1,40,50,34.33,56.72,47.54,65.57
2025-06-13,10,2,2025-06-13 08:58:00,5,BOATBoyカップ,5,4339,平瀬 城啓,3,40,54.6,0,0,0.17,3.87,14.14,31.31,4.14,22.73,33.33,30.43,47.83,43.75,64.06
2025-06-13,10,2,2025-06-13 08:58:00,5,BOATBoyカップ,6,3701,大西 隆洋,3,52,56.3,0,0,0.15,4.15,20.69,33.33,0,0,0,28.77,47.95,38.46,60
2025-06-13,10,3,2025-06-13 09:24:00,5,BOATBoyカップ,1,4926,吉川 貴仁,1,31,52,0,0,0.14,6.4,47.56,63.41,6.81,54.05,72.97,21.13,40.85,31.67,46.67
2025-06-13,10,3,2025-06-13 09:24:00,5,BOATBoyカップ,2,4876,梅木 敬太,3,30,52.9,0,0,0.18,4.66,27.17,42.39,4.2,25.51,34.69,36.36,53.03,34.78,59.42
2025-06-13,10,3,2025-06-13 09:24:00,5,BOATBoyカップ,3,4754,松尾 充,2,36,50.5,0,0,0.14,6.53,47.83,66.96,5.61,30.43,60.87,34.38,50,27.94,44.12
2025-06-13,10,3,2025-06-13 09:24:00,5,BOATBoyカップ,4,4639,雑賀 勇貴,3,34,53.3,0,0,0.17,3.9,20,33,4.22,26.09,39.13,37.1,58.06,31.67,56.67
2025-06-13,10,3,2025-06-13 09:24:00,5,BOATBoyカップ,5,3945,橋口 真樹,3,49,52.1,0,0,0.18,3.71,15.66,33.73,4.44,27.78,38.89,27.14,50,27.94,48.53
2025-06-13,10,3,2025-06-13 09:24:00,5,BOATBoyカップ,6,3620,信濃 由行,3,51,52.9,0,0,0.17,4.02,22.45,35.71,4.41,23.08,44.87,35.38,50.77,48.48,63.64
2025-06-13,10,4,2025-06-13 09:50:00,5,BOATBoyカップ,1,3853,岩崎 正哉,2,52,54.2,0,0,0.19,5.52,33.04,52.68,5.64,27.27,63.64,32.31,52.31,30.77,44.62
2025-06-13,10,4,2025-06-13 09:50:00,5,BOATBoyカップ,2,3072,西田 靖,3,63,52,0,0,0.15,4.59,29.33,41.33,6.2,50,70,35.82,50.75,52.46,72.13
2025-06-13,10,4,2025-06-13 09:50:00,5,BOATBoyカップ,3,3445,加藤 高史,3,55,52.1,0,0,0.18,4.95,29.03,48.39,5.54,38.46,53.85,31.25,45.31,28.99,33.33
2025-06-13,10,4,2025-06-13 09:50:00,5,BOATBoyカップ,4,5232,樅山 拓馬,3,27,52,0,0,0.14,4.73,28.3,48.11,3.03,13.33,20,32,48,23.88,40.3
2025-06-13,10,4,2025-06-13 09:50:00,5,BOATBoyカップ,5,4137,君島 秀三,1,44,52.5,0,0,0.13,6.98,55.74,74.59,4.43,21.43,42.86,34.48,53.45,30.43,46.38
2025-06-13,10,4,2025-06-13 09:50:00,5,BOATBoyカップ,6,4610,佐藤 大佑,2,34,53.9,0,0,0.16,5.75,44.19,55.04,6.44,40.74,55.56,60,76.67,31.25,50
2025-06-13,10,5,2025-06-13 10:18:00,5,BOATBoyカップ,1,4226,村田 浩司,3,42,53.6,0,0,0.16,4.43,29.89,39.08,5.13,25,62.5,32.84,49.25,22.22,42.86
2025-06-13,10,5,2025-06-13 10:18:00,5,BOATBoyカップ,2,3852,澤 大介,3,52,52,0,0,0.16,5.58,41.94,53.23,4.43,22.86,37.14,50,65.15,40.85,57.75
2025-06-13,10,5,2025-06-13 10:18:00,5,BOATBoyカップ,3,4491,田中 堅,3,38,52.5,0,0,0.17,4.38,18.52,34.57,4.95,30.77,46.15,40.91,69.7,42.25,57.75
2025-06-13,10,5,2025-06-13 10:18:00,5,BOATBoyカップ,4,3711,江本 真治,2,50,52.3,0,0,0.16,5.78,38.84,55.37,6.26,46.15,61.54,32.31,47.69,42.25,56.34
2025-06-13,10,5,2025-06-13 10:18:00,5,BOATBoyカップ,5,3654,武田 光史,1,51,52.5,0,0,0.18,6.61,51.2,67.2,6.9,53.33,70.3,26.39,43.06,30.88,44.12
2025-06-13,10,5,2025-06-13 10:18:00,5,BOATBoyカップ,6,3849,中岡 正彦,2,47,52,0,0,0.13,6.92,56,74,5.71,28.57,71.43,39.71,50,22.06,29.41
2025-06-13,10,6,2025-06-13 10:48:00,5,BOATBoyカップ,1,4060,島田 一生,3,46,53.7,0,0,0.16,4.8,28.57,46.43,4.46,26.92,46.15,31.08,43.24,32.79,44.26
2025-06-13,10,6,2025-06-13 10:48:00,5,BOATBoyカップ,2,5255,藤原 仙二,3,21,53.5,1,0,0.16,5.58,33.75,57.5,5,21.43,50,50,66.13,29.09,47.27
2025-06-13,10,6,2025-06-13 10:48:00,5,BOATBoyカップ,3,3814,金子 貴志,3,49,51,0,0,0.19,4.31,25.81,36.56,4.69,28.07,41.23,36.99,56.16,33.82,44.12
2025-06-13,10,6,2025-06-13 10:48:00,5,BOATBoyカップ,4,3737,上平 真二,1,51,52.8,0,0,0.15,6.95,48.98,71.43,6.22,33.33,44.44,28.77,45.21,24.44,37.78
2025-06-13,10,6,2025-06-13 10:48:00,5,BOATBoyカップ,5,4090,中村 尊,1,44,54.6,0,0,0.12,6.08,41.67,61.36,5.75,43.75,50,40,58.46,24.62,40
2025-06-13,10,6,2025-06-13 10:48:00,5,BOATBoyカップ,6,4471,新田 泰章,2,38,52.5,0,0,0.15,6.68,48.15,70.37,3.6,10,30,29.41,51.47,38.6,57.89
2025-06-13,10,7,2025-06-13 11:19:00,5,BOATBoyカップ,1,4339,平瀬 城啓,3,40,54.6,0,0,0.17,3.87,14.14,31.31,4.14,22.73,33.33,30.43,47.83,43.75,64.06
2025-06-13,10,7,2025-06-13 11:19:00,5,BOATBoyカップ,2,4895,門間 雄大,3,34,53.2,0,0,0.16,5.1,22.62,52.38,3.85,14.81,29.63,30.3,43.94,27.94,48.53
2025-06-13,10,7,2025-06-13 11:19:00,5,BOATBoyカップ,3,3340,池田 雷太,3,59,52.1,0,0,0.18,4.77,29.84,41.13,4,14.29,28.57,24.24,33.33,32.31,44.62
2025-06-13,10,7,2025-06-13 11:19:00,5,BOATBoyカップ,4,3620,信濃 由行,3,51,52.9,0,0,0.17,4.02,22.45,35.71,4.41,23.08,44.87,35.38,50.77,48.48,63.64
2025-06-13,10,7,2025-06-13 11:19:00,5,BOATBoyカップ,5,4837,酒井 陽祐,3,36,52.1,0,0,0.16,4.01,25.35,33.8,3.56,0,27.78,33.33,48.48,32.81,46.88
2025-06-13,10,7,2025-06-13 11:19:00,5,BOATBoyカップ,6,5378,鈴木 結平太,4,21,51,0,0,,1.36,0,2.22,0,0,0,44.93,55.07,34.85,56.06
2025-06-13,10,8,2025-06-13 11:53:00,5,BOATBoyカップ,1,3701,大西 隆洋,3,52,56.3,0,0,0.15,4.15,20.69,33.33,0,0,0,28.77,47.95,38.46,60
2025-06-13,10,8,2025-06-13 11:53:00,5,BOATBoyカップ,2,4023,柴田 友和,3,47,51.5,0,0,0.15,4.63,17.98,40.45,2.63,0,0,30.77,40,23.81,46.03
2025-06-13,10,8,2025-06-13 11:53:00,5,BOATBoyカップ,3,4639,雑賀 勇貴,3,34,53.3,0,0,0.17,3.9,20,33,4.22,26.09,39.13,37.1,58.06,31.67,56.67
2025-06-13,10,8,2025-06-13 11:53:00,5,BOATBoyカップ,4,4085,荻野 裕介,3,45,52.2,0,0,0.2,4.5,20.59,35.29,5.72,32,60,28.99,44.93,25.81,43.55
2025-06-13,10,8,2025-06-13 11:53:00,5,BOATBoyカップ,5,3072,西田 靖,3,63,52,0,0,0.15,4.59,29.33,41.33,6.2,50,70,35.82,50.75,52.46,72.13
2025-06-13,10,8,2025-06-13 11:53:00,5,BOATBoyカップ,6,4888,金児 隆太,2,37,52.1,1,0,0.16,5.97,40.94,59.06,6.77,54.55,72.73,31.65,51.9,27.94,41.18
2025-06-13,10,9,2025-06-13 12:24:00,5,BOATBoyカップ,1,4197,渥美 卓郎,3,43,54.6,0,0,0.19,4.47,24.51,40.2,4.09,22.73,31.82,29.41,41.18,34.78,53.62
2025-06-13,10,9,2025-06-13 12:24:00,5,BOATBoyカップ,2,3968,茶谷 信次,3,48,52,0,0,0.16,5.94,38.68,63.21,6.16,31.82,72.73,33.33,52.38,42.19,54.69
2025-06-13,10,9,2025-06-13 12:24:00,5,BOATBoyカップ,3,3945,橋口 真樹,3,49,52.1,0,0,0.18,3.71,15.66,33.73,4.44,27.78,38.89,27.14,50,27.94,48.53
2025-06-13,10,9,2025-06-13 12:24:00,5,BOATBoyカップ,4,2878,富山 弘幸,2,66,54.6,0,0,0.17,5.33,28.18,50.91,5.57,42.86,52.38,22.39,34.33,18.18,40.91
2025-06-13,10,9,2025-06-13 12:24:00,5,BOATBoyカップ,5,3939,渡辺 真至,2,47,52.9,0,0,0.14,6.27,41.11,64.44,6.7,50,73.33,28.57,50,33.9,57.63
2025-06-13,10,9,2025-06-13 12:24:00,5,BOATBoyカップ,6,5400,高村 諒,4,22,53.2,0,0,,1,0,0,0,0,0,36.92,53.85,39.71,54.41
2025-06-13,10,10,2025-06-13 12:58:00,5,BOATBoyカップ,1,4471,新田 泰章,2,38,52,0,0,0.15,6.68,48.15,70.37,3.6,10,30,29.41,51.47,38.6,57.89
2025-06-13,10,10,2025-06-13 12:58:00,5,BOATBoyカップ,2,4137,君島 秀三,1,44,52.6,0,0,0.13,6.98,55.74,74.59,4.43,21.43,42.86,34.48,53.45,30.43,46.38
2025-06-13,10,10,2025-06-13 12:58:00,5,BOATBoyカップ,3,3711,江本 真治,2,50,52.2,0,0,0.16,5.78,38.84,55.37,6.26,46.15,61.54,32.31,47.69,42.25,56.34
2025-06-13,10,10,2025-06-13 12:58:00,5,BOATBoyカップ,4,4753,森 照夫,3,36,54.7,0,0,0.14,4.85,30.7,44.74,0,0,0,39.06,65.63,25,42.65
2025-06-13,10,10,2025-06-13 12:58:00,5,BOATBoyカップ,5,3505,山田 竜一,2,54,52,0,0,0.14,5.3,34.19,54.7,6.29,35.71,71.43,36,56,40.91,60.61
2025-06-13,10,10,2025-06-13 12:58:00,5,BOATBoyカップ,6,4876,梅木 敬太,3,30,52.7,0,0,0.18,4.66,27.17,42.39,4.2,25.51,34.69,36.36,53.03,34.78,59.42
2025-06-13,10,11,2025-06-13 13:33:00,5,BOATBoyカップ,1,4610,佐藤 大佑,2,34,53.9,0,0,0.16,5.75,44.19,55.04,6.44,40.74,55.56,60,76.67,31.25,50
2025-06-13,10,11,2025-06-13 13:33:00,5,BOATBoyカップ,2,3654,武田 光史,1,51,52.5,0,0,0.18,6.61,51.2,67.2,6.9,53.33,70.3,26.39,43.06,30.88,44.12
2025-06-13,10,11,2025-06-13 13:33:00,5,BOATBoyカップ,3,3737,上平 真二,1,51,52.8,0,0,0.15,6.95,48.98,71.43,6.22,33.33,44.44,28.77,45.21,24.44,37.78
2025-06-13,10,11,2025-06-13 13:33:00,5,BOATBoyカップ,4,4514,上條 嘉嗣,1,35,52.2,1,0,0.18,6.82,54.33,70.87,6.55,55,65,41.67,68.33,44.78,56.72
2025-06-13,10,11,2025-06-13 13:33:00,5,BOATBoyカップ,5,4060,島田 一生,3,46,53.7,0,0,0.16,4.8,28.57,46.43,4.46,26.92,46.15,31.08,43.24,32.79,44.26
2025-06-13,10,11,2025-06-13 13:33:00,5,BOATBoyカップ,6,3619,長谷川 充,3,51,52.5,0,0,0.19,4.84,24.21,44.21,3.57,14.29,28.57,14.93,32.84,26.09,46.38
2025-06-13,10,12,2025-06-13 14:10:00,5,BOATBoyカップ,1,3849,中岡 正彦,2,47,52,0,0,0.13,6.92,56,74,5.71,28.57,71.43,39.71,50,22.06,29.41
2025-06-13,10,12,2025-06-13 14:10:00,5,BOATBoyカップ,2,4090,中村 尊,1,44,54.6,0,0,0.12,6.08,41.67,61.36,5.75,43.75,50,40,58.46,24.62,40
2025-06-13,10,12,2025-06-13 14:10:00,5,BOATBoyカップ,3,4688,永井 彪也,1,32,52.7,0,0,0.14,6.87,53.04,66.09,4,0,40,43.08,60,34.33,52.24
2025-06-13,10,12,2025-06-13 14:10:00,5,BOATBoyカップ,4,3853,岩崎 正哉,2,52,54.2,0,0,0.19,5.52,33.04,52.68,5.64,27.27,63.64,32.31,52.31,30.77,44.62
2025-06-13,10,12,2025-06-13 14:10:00,5,BOATBoyカップ,5,4926,吉川 貴仁,1,31,52,0,0,0.14,6.4,47.56,63.41,6.81,54.05,72.97,21.13,40.85,31.67,46.67
2025-06-13,10,12,2025-06-13 14:10:00,5,BOATBoyカップ,6,3852,澤 大介,3,52,52,0,0,0.16,5.58,41.94,53.23,4.43,22.86,37.14,50,65.15,40.85,57.75
2025-06-13,11,1,2025-06-13 10:36:00,5,第13回近江牛カップ,1,4379,桑島 和宏,2,40,56.4,0,0,0.17,6.17,41.46,65.04,6.96,57.69,80.77,42.5,65,17.86,39.29
2025-06-13,11,1,2025-06-13 10:36:00,5,第13回近江牛カップ,2,3895,堀本 裕也,3,48,49.5,0,0,0.16,3.58,17.57,29.73,2.94,11.11,11.11,25,25,40.91,50
2025-06-13,11,1,2025-06-13 10:36:00,5,第13回近江牛カップ,3,4648,木村 亮太,3,41,52,0,0,0.13,5.27,28.05,47.56,4.46,23.08,34.62,42.86,64.29,45.45,59.09
2025-06-13,11,1,2025-06-13 10:36:00,5,第13回近江牛カップ,4,3797,岩井 繁,3,51,58.9,0,0,0.19,3.76,12.05,27.71,3,0,0,64.29,71.43,25,53.57
2025-06-13,11,1,2025-06-13 10:36:00,5,第13回近江牛カップ,5,4331,三好 勇人,2,41,53.9,0,0,0.14,5.57,29.9,55.67,5.14,33.33,47.62,37.04,51.85,29.63,51.85
2025-06-13,11,1,2025-06-13 10:36:00,5,第13回近江牛カップ,6,5396,近藤 来希,4,23,51.5,0,0,,0.88,0,0,0,0,0,8,28,4.35,13.04
2025-06-13,11,2,2025-06-13 11:03:00,5,第13回近江牛カップ,1,3497,後藤 浩,3,56,51.5,0,0,0.17,5.03,26.42,51.89,0,0,0,58.97,76.92,42.86,61.9
2025-06-13,11,2,2025-06-13 11:03:00,5,第13回近江牛カップ,2,5048,眞鳥 康太,3,31,54.4,0,0,0.17,4.37,21.05,44.21,0,0,0,18.52,29.63,0,19.35
2025-06-13,11,2,2025-06-13 11:03:00,5,第13回近江牛カップ,3,4227,安達 裕樹,2,42,52.2,0,0,0.16,6.74,48.57,67.62,6.53,43.75,71.88,42.86,54.29,36.11,50
2025-06-13,11,2,2025-06-13 11:03:00,5,第13回近江牛カップ,4,4651,佐藤 大騎,3,40,52,0,0,0.16,4.61,22.86,40,5.09,36.36,45.45,30.77,38.46,23.33,40
2025-06-13,11,2,2025-06-13 11:03:00,5,第13回近江牛カップ,5,4059,入澤 友治,2,46,53.6,0,0,0.15,5.55,43.1,55.17,5.24,33.33,57.14,42.86,60.71,56.52,69.57
2025-06-13,11,2,2025-06-13 11:03:00,5,第13回近江牛カップ,6,4697,國弘 翔平,3,38,50.5,0,0,0.18,4.11,22.33,33.01,3.75,31.25,31.25,18.52,37.04,13.64,36.36
2025-06-13,11,3,2025-06-13 11:29:00,5,第13回近江牛カップ,1,4258,関根 彰人,2,41,52.4,0,0,0.18,5.23,27.07,51.13,4.56,31.25,31.25,34.38,53.13,62.07,79.31
2025-06-13,11,3,2025-06-13 11:29:00,5,第13回近江牛カップ,2,4056,小西 英輝,3,46,52.5,0,0,0.15,4.18,21.84,35.63,4.16,18.92,35.14,26.47,52.94,43.33,63.33
2025-06-13,11,3,2025-06-13 11:29:00,5,第13回近江牛カップ,3,3967,鈴木 茂高,3,45,55.4,0,0,0.2,4,22.22,34.72,4.33,22.22,38.89,29.63,66.67,20.59,38.24
2025-06-13,11,3,2025-06-13 11:29:00,5,第13回近江牛カップ,4,4743,木村 仁紀,1,32,52.6,0,0,0.14,6.84,47.9,65.55,6.67,47.47,68.35,28.57,38.1,20,30
2025-06-13,11,3,2025-06-13 11:29:00,5,第13回近江牛カップ,5,4618,乃村 康友,3,42,53.3,0,0,0.15,4.61,21.25,43.75,5.37,33.33,59.26,37.04,59.26,55.17,82.76
2025-06-13,11,3,2025-06-13 11:29:00,5,第13回近江牛カップ,6,4131,原 豊土,3,45,54.1,0,0,0.17,5.51,37.93,58.62,6.84,46.88,68.75,48.15,66.67,34.29,42.86
2025-06-13,11,4,2025-06-13 11:56:00,5,第13回近江牛カップ,1,3891,谷口 健一,3,49,53.4,0,0,0.16,3.89,13.33,30,3.95,21.05,31.58,25,35,29.63,51.85
2025-06-13,11,4,2025-06-13 11:56:00,5,第13回近江牛カップ,2,4271,川崎 公靖,3,43,52.6,0,0,0.15,4.66,22.12,41.35,4.05,15,35,29.41,47.06,43.48,52.17
2025-06-13,11,4,2025-06-13 11:56:00,5,第13回近江牛カップ,3,4003,表 憲一,2,47,52.6,0,0,0.16,5,24.32,48.65,5.55,31.58,60.53,51.52,69.7,23.68,34.21
2025-06-13,11,4,2025-06-13 11:56:00,5,第13回近江牛カップ,4,4633,森 智也,3,36,52.4,0,0,0.16,4.99,33.33,45.83,5.17,29.17,58.33,38.24,58.82,57.69,69.23
2025-06-13,11,4,2025-06-13 11:56:00,5,第13回近江牛カップ,5,3412,鈴木 博,1,55,53.3,0,0,0.16,6.81,57.89,68.42,5.85,38.46,55.77,35.14,43.24,8.33,16.67
2025-06-13,11,4,2025-06-13 11:56:00,5,第13回近江牛カップ,6,5393,藤原 駿,4,24,58.2,0,0,,1.73,0,6.67,0,0,0,17.39,30.43,48.28,58.62
2025-06-13,11,5,2025-06-13 12:26:00,5,第13回近江牛カップ,1,4522,古澤 光紀,1,37,52.8,0,0,0.14,6.49,51.65,61.54,0,0,0,21.88,46.88,31.58,55.26
2025-06-13,11,5,2025-06-13 12:26:00,5,第13回近江牛カップ,2,4182,吉田 和仁,3,41,54.9,1,0,0.16,4.84,27.93,42.34,5.07,29.25,42.18,36.11,44.44,8,20
2025-06-13,11,5,2025-06-13 12:26:00,5,第13回近江牛カップ,3,5067,山田 真聖,3,26,56.7,0,0,0.18,4.43,25.53,39.36,0,0,0,70,90,38.89,61.11
2025-06-13,11,5,2025-06-13 12:26:00,5,第13回近江牛カップ,4,3543,福田 雅一,2,56,53.2,1,0,0.15,5.61,38.74,55.86,4.69,25,43.75,38.24,61.76,52.94,67.65
2025-06-13,11,5,2025-06-13 12:26:00,5,第13回近江牛カップ,5,3869,井芹 大志,3,49,55.5,0,0,0.17,4.09,20.21,32.98,4.18,29.41,35.29,30,56.67,26.47,26.47
2025-06-13,11,5,2025-06-13 12:26:00,5,第13回近江牛カップ,6,5273,山下 拓巳,3,23,52,0,0,0.19,4.44,29.41,40.2,2.14,0,2.38,34.48,41.38,35.29,52.94
2025-06-13,11,6,2025-06-13 12:56:00,5,第13回近江牛カップ,1,3950,石川 哲秀,4,49,55.3,0,0,0.17,3.93,20,32.73,3.93,15.79,33.33,19.23,42.31,15.38,23.08
2025-06-13,11,6,2025-06-13 12:56:00,5,第13回近江牛カップ,2,3921,川村 正輝,3,50,52,0,0,0.17,4.23,18.75,31.25,4.97,29.73,54.05,42.86,48.57,47.37,68.42
2025-06-13,11,6,2025-06-13 12:56:00,5,第13回近江牛カップ,3,4427,秦 英悟,2,39,51.5,0,0,0.17,7.31,57.14,76.19,7.28,50,76,8,40,41.67,50
2025-06-13,11,6,2025-06-13 12:56:00,5,第13回近江牛カップ,4,3663,木山 和幸,3,55,51,0,0,0.16,5.16,31.97,48.36,4.78,33.33,44.44,35.71,53.57,19.23,42.31
2025-06-13,11,6,2025-06-13 12:56:00,5,第13回近江牛カップ,5,3746,岡瀬 正人,2,50,52,0,0,0.17,6.09,46.72,64.23,5.55,41.38,51.72,30.56,38.89,41.18,58.82
2025-06-13,11,6,2025-06-13 12:56:00,5,第13回近江牛カップ,6,5396,近藤 来希,4,23,51.5,0,0,,0.88,0,0,0,0,0,8,28,4.35,13.04
2025-06-13,11,7,2025-06-13 13:26:00,5,第13回近江牛カップ,1,3797,岩井 繁,3,51,58.9,0,0,0.19,3.76,12.05,27.71,3,0,0,64.29,71.43,25,53.57
2025-06-13,11,7,2025-06-13 13:26:00,5,第13回近江牛カップ,2,4618,乃村 康友,3,42,53.3,0,0,0.15,4.61,21.25,43.75,5.37,33.33,59.26,37.04,59.26,55.17,82.76
2025-06-13,11,7,2025-06-13 13:26:00,5,第13回近江牛カップ,3,4254,川島 圭司,2,41,52,0,0,0.13,5.74,38.39,56.25,6.21,46.55,63.22,64,72,22.22,37.04
2025-06-13,11,7,2025-06-13 13:26:00,5,第13回近江牛カップ,4,3497,後藤 浩,3,56,51.5,0,0,0.17,5.03,26.42,51.89,0,0,0,58.97,76.92,42.86,61.9
2025-06-13,11,7,2025-06-13 13:26:00,5,第13回近江牛カップ,5,3718,伊達 正利,3,50,54.7,0,0,0.2,4.01,17.44,34.88,3.93,21.43,35.71,35.48,61.29,52,64
2025-06-13,11,7,2025-06-13 13:26:00,5,第13回近江牛カップ,6,4264,長尾 章平,1,40,53,0,0,0.16,7.04,57.45,77.3,4.25,25,50,16.13,32.26,32.43,54.05
2025-06-13,11,8,2025-06-13 14:00:00,5,第13回近江牛カップ,1,4633,森 智也,3,36,52.4,0,0,0.16,4.99,33.33,45.83,5.17,29.17,58.33,38.24,58.82,57.69,69.23
2025-06-13,11,8,2025-06-13 14:00:00,5,第13回近江牛カップ,2,4131,原 豊土,3,45,54.1,0,0,0.17,5.51,37.93,58.62,6.84,46.88,68.75,48.15,66.67,34.29,42.86
2025-06-13,11,8,2025-06-13 14:00:00,5,第13回近江牛カップ,3,4331,三好 勇人,2,41,53.9,0,0,0.14,5.57,29.9,55.67,5.14,33.33,47.62,37.04,51.85,29.63,51.85
2025-06-13,11,8,2025-06-13 14:00:00,5,第13回近江牛カップ,4,4958,溝口 海義也,1,29,54.2,0,0,0.15,6.34,42.86,66.92,6.57,42.86,71.43,5.56,5.56,31.82,45.45
2025-06-13,11,8,2025-06-13 14:00:00,5,第13回近江牛カップ,5,3462,竹上 真司,3,57,52.6,0,0,0.17,3.61,14.29,29.87,5,30,50,35.71,53.57,33.33,51.28
2025-06-13,11,8,2025-06-13 14:00:00,5,第13回近江牛カップ,6,5048,眞鳥 康太,3,31,54.4,0,0,0.17,4.37,21.05,44.21,0,0,0,18.52,29.63,0,19.35
2025-06-13,11,9,2025-06-13 14:28:00,5,第13回近江牛カップ,1,4651,佐藤 大騎,3,40,51.5,0,0,0.16,4.61,22.86,40,5.09,36.36,45.45,30.77,38.46,23.33,40
2025-06-13,11,9,2025-06-13 14:28:00,5,第13回近江牛カップ,2,3967,鈴木 茂高,3,45,55.3,0,0,0.2,4,22.22,34.72,4.33,22.22,38.89,29.63,66.67,20.59,38.24
2025-06-13,11,9,2025-06-13 14:28:00,5,第13回近江牛カップ,3,3891,谷口 健一,3,49,54,0,0,0.16,3.89,13.33,30,3.95,21.05,31.58,25,35,29.63,51.85
2025-06-13,11,9,2025-06-13 14:28:00,5,第13回近江牛カップ,4,4512,高野 哲史,1,36,51.5,0,0,0.15,6.98,52.31,74.62,6.13,43.75,62.5,12.5,18.75,40.54,48.65
2025-06-13,11,9,2025-06-13 14:28:00,5,第13回近江牛カップ,5,3906,飯山 晃三,3,47,61.2,0,0,0.2,4.38,24.73,43.01,4.7,30,30,21.43,39.29,32,60
2025-06-13,11,9,2025-06-13 14:28:00,5,第13回近江牛カップ,6,4033,伊藤 将吉,1,46,52.7,0,0,0.14,6.99,56.2,74.38,6.64,50,59.52,24.24,36.36,43.75,43.75
2025-06-13,11,10,2025-06-13 15:05:00,5,第13回近江牛カップ,1,3543,福田 雅一,2,56,53.2,1,0,0.15,5.61,38.74,55.86,4.69,25,43.75,38.24,61.76,52.94,67.65
2025-06-13,11,10,2025-06-13 15:05:00,5,第13回近江牛カップ,2,4697,國弘 翔平,3,38,50.5,0,0,0.18,4.11,22.33,33.01,3.75,31.25,31.25,18.52,37.04,13.64,36.36
2025-06-13,11,10,2025-06-13 15:05:00,5,第13回近江牛カップ,3,5261,岡 暢祐,3,27,51.5,1,0,0.17,3.71,17,29,3.44,11.11,11.11,28.57,39.29,30,50
2025-06-13,11,10,2025-06-13 15:05:00,5,第13回近江牛カップ,4,4003,表 憲一,2,47,52.6,0,0,0.16,5,24.32,48.65,5.55,31.58,60.53,51.52,69.7,23.68,34.21
2025-06-13,11,10,2025-06-13 15:05:00,5,第13回近江牛カップ,5,4379,桑島 和宏,2,40,56.4,0,0,0.17,6.17,41.46,65.04,6.96,57.69,80.77,42.5,65,17.86,39.29
2025-06-13,11,10,2025-06-13 15:05:00,5,第13回近江牛カップ,6,3921,川村 正輝,3,50,52,0,0,0.17,4.23,18.75,31.25,4.97,29.73,54.05,42.86,48.57,47.37,68.42
2025-06-13,11,11,2025-06-13 15:36:00,5,第13回近江牛カップ,1,3412,鈴木 博,1,55,53.3,0,0,0.16,6.81,57.89,68.42,5.85,38.46,55.77,35.14,43.24,8.33,16.67
2025-06-13,11,11,2025-06-13 15:36:00,5,第13回近江牛カップ,2,3746,岡瀬 正人,2,50,52,0,0,0.17,6.09,46.72,64.23,5.55,41.38,51.72,30.56,38.89,41.18,58.82
2025-06-13,11,11,2025-06-13 15:36:00,5,第13回近江牛カップ,3,4056,小西 英輝,3,46,52.5,0,0,0.15,4.18,21.84,35.63,4.16,18.92,35.14,26.47,52.94,43.33,63.33
2025-06-13,11,11,2025-06-13 15:36:00,5,第13回近江牛カップ,4,4059,入澤 友治,2,46,53.6,0,0,0.15,5.55,43.1,55.17,5.24,33.33,57.14,42.86,60.71,56.52,69.57
2025-06-13,11,11,2025-06-13 15:36:00,5,第13回近江牛カップ,5,4522,古澤 光紀,1,37,52.8,0,0,0.14,6.49,51.65,61.54,0,0,0,21.88,46.88,31.58,55.26
2025-06-13,11,11,2025-06-13 15:36:00,5,第13回近江牛カップ,6,4648,木村 亮太,3,41,52,0,0,0.13,5.27,28.05,47.56,4.46,23.08,34.62,42.86,64.29,45.45,59.09
2025-06-13,11,12,2025-06-13 16:13:00,5,第13回近江牛カップ,1,4958,溝口 海義也,1,29,54.2,0,0,0.15,6.34,42.86,66.92,6.57,42.86,71.43,5.56,5.56,31.82,45.45
2025-06-13,11,12,2025-06-13 16:13:00,5,第13回近江牛カップ,2,4264,長尾 章平,1,40,53,0,0,0.16,7.04,57.45,77.3,4.25,25,50,16.13,32.26,32.43,54.05
2025-06-13,11,12,2025-06-13 16:13:00,5,第13回近江牛カップ,3,3869,井芹 大志,3,49,55.5,0,0,0.17,4.09,20.21,32.98,4.18,29.41,35.29,30,56.67,26.47,26.47
2025-06-13,11,12,2025-06-13 16:13:00,5,第13回近江牛カップ,4,4258,関根 彰人,2,41,52.4,0,0,0.18,5.23,27.07,51.13,4.56,31.25,31.25,34.38,53.13,62.07,79.31
2025-06-13,11,12,2025-06-13 16:13:00,5,第13回近江牛カップ,5,4227,安達 裕樹,2,42,52.2,0,0,0.16,6.74,48.57,67.62,6.53,43.75,71.88,42.86,54.29,36.11,50
2025-06-13,11,12,2025-06-13 16:13:00,5,第13回近江牛カップ,6,3663,木山 和幸,3,55,51,0,0,0.16,5.16,31.97,48.36,4.78,33.33,44.44,35.71,53.57,19.23,42.31
2025-06-13,13,1,2025-06-13 10:45:00,5,BTS京丹後開設10周年記念競走,1,3454,井川 大作,3,54,59.5,0,0,0.15,4.33,21.25,42.5,0,0,0,37.04,48.15,44.44,59.26
2025-06-13,13,1,2025-06-13 10:45:00,5,BTS京丹後開設10周年記念競走,2,4234,野相 弘司,3,41,56.2,0,0,0.17,4.44,22.47,42.7,6.57,71.43,71.43,23.21,39.29,32.65,40.82
2025-06-13,13,1,2025-06-13 10:45:00,5,BTS京丹後開設10周年記念競走,3,4161,黒柳 浩孝,1,43,54.2,0,0,0.15,5.78,35.83,54.17,5.95,40,65,39.29,53.57,29.41,54.9
2025-06-13,13,1,2025-06-13 10:45:00,5,BTS京丹後開設10周年記念競走,4,4389,伊藤 喜智,3,39,52,0,0,0.17,5.28,30.43,58.7,5.42,35.56,55.56,38.18,56.36,37.04,50
2025-06-13,13,1,2025-06-13 10:45:00,5,BTS京丹後開設10周年記念競走,5,3656,伯母 芳恒,3,51,55.2,0,0,0.15,4.84,29.55,45.45,3.43,17.39,26.09,20,32.73,32.69,53.85
2025-06-13,13,1,2025-06-13 10:45:00,5,BTS京丹後開設10周年記念競走,6,4995,田邉 亮蔵,3,34,53.8,0,0,0.19,4.34,28.72,37.23,4.67,33.33,33.33,20,46.67,44.44,62.96
2025-06-13,13,2,2025-06-13 11:14:00,5,BTS京丹後開設10周年記念競走,1,3523,寳田 亮治,3,56,52,0,0,0.17,5.03,34.92,49.21,0,0,0,25.42,42.37,32.69,40.38
2025-06-13,13,2,2025-06-13 11:14:00,5,BTS京丹後開設10周年記念競走,2,4579,中嶋 健一郎,1,35,52,0,0,0.15,6.78,48.04,70.59,6.32,44.74,71.05,35.71,57.14,38.46,59.62
2025-06-13,13,2,2025-06-13 11:14:00,5,BTS京丹後開設10周年記念競走,3,5102,原田 雄次,3,27,52,0,0,0.19,5.44,34.57,55.56,5.72,44.44,61.11,24.07,38.89,27.27,38.18
2025-06-13,13,2,2025-06-13 11:14:00,5,BTS京丹後開設10周年記念競走,4,4902,山川 雄大,3,32,52,0,0,0.17,4.84,28.3,46.23,5.19,37.63,49.46,26.23,40.98,37.5,58.93
2025-06-13,13,2,2025-06-13 11:14:00,5,BTS京丹後開設10周年記念競走,5,4104,木下 陽介,3,45,53.1,1,0,0.15,4.91,31.58,40.79,4.27,26.67,40,38.71,51.61,25.93,50
2025-06-13,13,2,2025-06-13 11:14:00,5,BTS京丹後開設10周年記念競走,6,3643,米田 隆弘,2,52,53.1,0,0,0.16,5.31,34.65,48.82,5.5,36.67,53.33,25.86,36.21,30.19,49.06
2025-06-13,13,3,2025-06-13 11:42:00,5,BTS京丹後開設10周年記念競走,1,4565,西村 豪洋,3,37,52.1,0,0,0.16,4.7,20.65,48.91,4.73,26.92,42.31,20.34,37.29,27.45,37.25
2025-06-13,13,3,2025-06-13 11:42:00,5,BTS京丹後開設10周年記念競走,2,4715,村上 遼,1,33,52,0,0,0.12,6.57,48.28,64.66,6.45,51.52,69.7,42.62,63.93,40.35,59.65
2025-06-13,13,3,2025-06-13 11:42:00,5,BTS京丹後開設10周年記念競走,3,4248,岡本 大,3,43,52.9,0,0,0.16,3.78,16.22,27.03,0,0,0,41.07,53.57,40,50.91
2025-06-13,13,3,2025-06-13 11:42:00,5,BTS京丹後開設10周年記念競走,4,3268,森 竜也,4,60,52.5,0,0,0.21,4.8,30.51,47.46,4.07,13.33,20,24.59,36.07,32.14,50
2025-06-13,13,3,2025-06-13 11:42:00,5,BTS京丹後開設10周年記念競走,5,3508,久富 政弘,3,53,53.6,0,0,0.21,4.95,26.88,44.09,3.53,13.33,20,34.43,50.82,12.24,36.73
2025-06-13,13,3,2025-06-13 11:42:00,5,BTS京丹後開設10周年記念競走,6,4925,森 悠稀,2,32,52,0,0,0.13,5.7,38.14,60.82,5.54,34.41,56.99,32.14,53.57,36.21,51.72
2025-06-13,13,4,2025-06-13 12:12:00,5,BTS京丹後開設10周年記念競走,1,4487,三原 司,3,39,52,0,0,0.18,4.12,17.31,37.5,4.88,18.75,56.25,36.67,51.67,35.29,47.06
2025-06-13,13,4,2025-06-13 12:12:00,5,BTS京丹後開設10周年記念競走,2,4949,横田 貴満,2,32,50,0,0,0.14,6.66,51.61,71.77,5.22,38.89,50,24.56,38.6,37.93,65.52
2025-06-13,13,4,2025-06-13 12:12:00,5,BTS京丹後開設10周年記念競走,3,4969,町田 洸希,3,34,52,0,0,0.16,4.72,24.49,41.84,4.5,25,43.75,29.31,53.45,17.86,30.36
2025-06-13,13,4,2025-06-13 12:12:00,5,BTS京丹後開設10周年記念競走,4,4162,竹本 太樹,4,43,53.9,1,0,0.19,3.44,18.03,27.87,1.29,0,0,36.36,47.27,45.28,69.81
2025-06-13,13,4,2025-06-13 12:12:00,5,BTS京丹後開設10周年記念競走,5,4731,間野 兼礼,3,36,52,0,0,0.15,5.55,28.42,57.89,6.11,44.44,55.56,38.71,53.23,32.69,51.92
2025-06-13,13,4,2025-06-13 12:12:00,5,BTS京丹後開設10周年記念競走,6,4388,是澤 孝宏,2,39,52,1,0,0.15,6.05,45.76,59.32,6.57,42.86,67.86,41.82,61.82,30.36,55.36
2025-06-13,13,5,2025-06-13 12:43:00,5,BTS京丹後開設10周年記念競走,1,3305,小野 信樹,3,57,52.2,0,0,0.17,4.01,23.46,34.57,4.56,33.33,44.44,45.16,58.06,40.38,50
2025-06-13,13,5,2025-06-13 12:43:00,5,BTS京丹後開設10周年記念競走,2,5186,遠藤 圭吾,3,25,53.3,1,0,0.16,3.67,24.66,30.14,3.58,16.67,25,16.67,45,33.93,50
2025-06-13,13,5,2025-06-13 12:43:00,5,BTS京丹後開設10周年記念競走,3,4299,中島 浩哉,3,42,54.2,0,0,0.17,4.78,25.88,44.71,4.62,30.77,42.31,43.1,60.34,34.62,48.08
2025-06-13,13,5,2025-06-13 12:43:00,5,BTS京丹後開設10周年記念競走,4,3831,安藤 裕貴,4,50,53.3,0,0,0.15,4.16,25,32.35,6.6,40,60,25.81,40.32,29.09,49.09
2025-06-13,13,5,2025-06-13 12:43:00,5,BTS京丹後開設10周年記念競走,5,4828,松山 将吾,2,30,51.5,0,0,0.12,6.29,44.14,59.46,5,22.22,38.89,39.34,52.46,31.58,52.63
2025-06-13,13,5,2025-06-13 12:43:00,5,BTS京丹後開設10周年記念競走,6,4375,照屋 厚仁,2,41,52.2,0,0,0.16,5.67,41.9,54.29,5.91,43.59,61.54,42.11,63.16,33.93,44.64
2025-06-13,13,6,2025-06-13 13:11:00,5,BTS京丹後開設10周年記念競走,1,3616,中村 真,2,52,52.8,0,0,0.15,5.31,31.73,53.85,0,0,0,41.07,53.57,32,38
2025-06-13,13,6,2025-06-13 13:11:00,5,BTS京丹後開設10周年記念競走,2,4005,瀬川 公則,3,47,55.6,0,0,0.15,3,10,18.33,2.8,0,0,29.09,52.73,32.2,52.54
2025-06-13,13,6,2025-06-13 13:11:00,5,BTS京丹後開設10周年記念競走,3,4902,山川 雄大,3,32,52,0,0,0.17,4.84,28.3,46.23,5.19,37.63,49.46,26.23,40.98,37.5,58.93
2025-06-13,13,6,2025-06-13 13:11:00,5,BTS京丹後開設10周年記念競走,4,4064,原田 篤志,1,45,52.2,0,0,0.16,6.48,46.88,66.41,5.1,33.33,47.62,29.82,45.61,24.53,49.06
2025-06-13,13,6,2025-06-13 13:11:00,5,BTS京丹後開設10周年記念競走,5,4234,野相 弘司,3,41,56.2,0,0,0.17,4.44,22.47,42.7,6.57,71.43,71.43,23.21,39.29,32.65,40.82
2025-06-13,13,6,2025-06-13 13:11:00,5,BTS京丹後開設10周年記念競走,6,2538,高橋 二朗,3,76,52,0,0,0.19,3.18,10.61,21.21,2.86,14.29,14.29,22.41,36.21,41.82,58.18
2025-06-13,13,7,2025-06-13 13:44:00,5,BTS京丹後開設10周年記念競走,1,4104,木下 陽介,3,45,53.1,1,0,0.15,4.91,31.58,40.79,4.27,26.67,40,38.71,51.61,25.93,50
2025-06-13,13,7,2025-06-13 13:44:00,5,BTS京丹後開設10周年記念競走,2,4925,森 悠稀,2,32,52,0,0,0.13,5.7,38.14,60.82,5.54,34.41,56.99,32.14,53.57,36.21,51.72
2025-06-13,13,7,2025-06-13 13:44:00,5,BTS京丹後開設10周年記念競走,3,4562,阪本 勇介,3,37,53.6,0,0,0.17,4.27,18.87,38.68,4.07,14.29,28.57,25.93,38.89,30.77,55.77
2025-06-13,13,7,2025-06-13 13:44:00,5,BTS京丹後開設10周年記念競走,4,4151,下河 誉史,2,42,54,0,0,0.19,5.54,34.21,57.02,1.5,0,0,32.79,55.74,44.83,67.24
2025-06-13,13,7,2025-06-13 13:44:00,5,BTS京丹後開設10周年記念競走,5,4236,松村 敏,1,41,52,0,0,0.12,6.9,59.43,71.7,5.78,11.11,55.56,50.88,61.4,45.45,58.18
2025-06-13,13,7,2025-06-13 13:44:00,5,BTS京丹後開設10周年記念競走,6,3656,伯母 芳恒,3,51,55.2,0,0,0.15,4.84,29.55,45.45,3.43,17.39,26.09,20,32.73,32.69,53.85
2025-06-13,13,8,2025-06-13 14:15:00,5,BTS京丹後開設10周年記念競走,1,4389,伊藤 喜智,3,39,52,0,0,0.17,5.28,30.43,58.7,5.42,35.56,55.56,38.18,56.36,31.67,45
2025-06-13,13,8,2025-06-13 14:15:00,5,BTS京丹後開設10周年記念競走,2,3643,米田 隆弘,2,52,53.1,0,0,0.16,5.31,34.65,48.82,5.5,36.67,53.33,25.86,36.21,30.19,49.06
2025-06-13,13,8,2025-06-13 14:15:00,5,BTS京丹後開設10周年記念競走,3,3617,竹田 広樹,3,52,52.3,0,0,0.19,3.66,19.77,26.74,3.07,6.67,26.67,41.07,51.79,32.73,47.27
2025-06-13,13,8,2025-06-13 14:15:00,5,BTS京丹後開設10周年記念競走,4,5330,安河内 鈴之介,3,21,51.5,0,0,0.16,4.86,28.57,46.43,6.33,55.56,55.56,31.03,50,35.09,52.63
2025-06-13,13,8,2025-06-13 14:15:00,5,BTS京丹後開設10周年記念競走,5,4487,三原 司,3,39,52,0,0,0.18,4.12,17.31,37.5,4.88,18.75,56.25,36.67,51.67,35.29,47.06
2025-06-13,13,8,2025-06-13 14:15:00,5,BTS京丹後開設10周年記念競走,6,4715,村上 遼,1,33,52,0,0,0.12,6.57,48.28,64.66,6.45,51.52,69.7,42.62,63.93,40.35,59.65
2025-06-13,13,9,2025-06-13 14:44:00,5,BTS京丹後開設10周年記念競走,1,3905,天野 友和,2,47,52.1,0,0,0.16,6.24,45.76,66.1,6.92,54.17,75,22.81,40.35,18.64,40.68
2025-06-13,13,9,2025-06-13 14:44:00,5,BTS京丹後開設10周年記念競走,2,4995,田邉 亮蔵,3,34,53.8,0,0,0.19,4.34,28.72,37.23,4.67,33.33,33.33,20,46.67,30.51,47.46
2025-06-13,13,9,2025-06-13 14:44:00,5,BTS京丹後開設10周年記念競走,3,4565,西村 豪洋,3,37,51.5,0,0,0.16,4.7,20.65,48.91,4.73,26.92,42.31,20.34,37.29,27.45,37.25
2025-06-13,13,9,2025-06-13 14:44:00,5,BTS京丹後開設10周年記念競走,4,5102,原田 雄次,3,27,51.5,0,0,0.19,5.44,34.57,55.56,5.72,44.44,61.11,24.07,38.89,27.27,38.18
2025-06-13,13,9,2025-06-13 14:44:00,5,BTS京丹後開設10周年記念競走,5,4388,是澤 孝宏,2,39,51.5,1,0,0.15,6.05,45.76,59.32,6.57,42.86,67.86,41.82,61.82,30.36,55.36
2025-06-13,13,9,2025-06-13 14:44:00,5,BTS京丹後開設10周年記念競走,6,5292,佐藤 右京,3,23,53.6,0,0,0.21,2.73,7.04,18.31,0,0,0,14.29,26.79,13.73,33.33
2025-06-13,13,10,2025-06-13 15:16:00,5,BTS京丹後開設10周年記念競走,1,4828,松山 将吾,2,30,51.5,0,0,0.12,6.29,44.14,59.46,5,22.22,38.89,39.34,52.46,31.58,52.63
2025-06-13,13,10,2025-06-13 15:16:00,5,BTS京丹後開設10周年記念競走,2,4911,片岡 大地,3,29,52,1,0,0.15,4.9,19.4,47.76,4.53,17.65,35.29,37.5,53.57,22.64,43.4
2025-06-13,13,10,2025-06-13 15:16:00,5,BTS京丹後開設10周年記念競走,3,3523,寳田 亮治,3,56,52,0,0,0.17,5.03,34.92,49.21,0,0,0,25.42,42.37,32.69,40.38
2025-06-13,13,10,2025-06-13 15:16:00,5,BTS京丹後開設10周年記念競走,4,3454,井川 大作,3,54,59.5,0,0,0.15,4.33,21.25,42.5,0,0,0,37.04,48.15,44.44,59.26
2025-06-13,13,10,2025-06-13 15:16:00,5,BTS京丹後開設10周年記念競走,5,4949,横田 貴満,2,32,50,0,0,0.14,6.66,51.61,71.77,5.22,38.89,50,24.56,38.6,37.93,65.52
2025-06-13,13,10,2025-06-13 15:16:00,5,BTS京丹後開設10周年記念競走,6,4261,岡 祐臣,1,41,54.6,0,0,0.14,5.63,36.96,53.26,5.8,40,50,38.1,66.67,51.72,62.07
2025-06-13,13,11,2025-06-13 15:46:00,5,BTS京丹後開設10周年記念競走,1,4161,黒柳 浩孝,1,43,54.2,0,0,0.15,5.78,35.83,54.17,5.95,40,65,39.29,53.57,40,51.67
2025-06-13,13,11,2025-06-13 15:46:00,5,BTS京丹後開設10周年記念競走,2,4236,松村 敏,1,41,52,0,0,0.12,6.9,59.43,71.7,5.78,11.11,55.56,50.88,61.4,45.45,58.18
2025-06-13,13,11,2025-06-13 15:46:00,5,BTS京丹後開設10周年記念競走,3,4731,間野 兼礼,3,36,52,0,0,0.15,5.55,28.42,57.89,6.11,44.44,55.56,38.71,53.23,32.69,51.92
2025-06-13,13,11,2025-06-13 15:46:00,5,BTS京丹後開設10周年記念競走,4,4248,岡本 大,3,43,52.9,0,0,0.16,3.78,16.22,27.03,0,0,0,41.07,53.57,40,50.91
2025-06-13,13,11,2025-06-13 15:46:00,5,BTS京丹後開設10周年記念競走,5,3616,中村 真,2,52,52.8,0,0,0.15,5.31,31.73,53.85,0,0,0,41.07,53.57,32,38
2025-06-13,13,11,2025-06-13 15:46:00,5,BTS京丹後開設10周年記念競走,6,3800,牧 宏次,1,51,52.1,0,0,0.16,5.72,39.08,62.07,4.96,25,45.83,53.57,69.64,30.77,51.92
2025-06-13,13,12,2025-06-13 16:29:00,5,BTS京丹後開設10周年記念競走,1,4064,原田 篤志,1,45,52.2,0,0,0.16,6.48,46.88,66.41,5.1,33.33,47.62,29.82,45.61,24.53,49.06
2025-06-13,13,12,2025-06-13 16:29:00,5,BTS京丹後開設10周年記念競走,2,4375,照屋 厚仁,2,41,52.2,0,0,0.16,5.67,41.9,54.29,5.91,43.59,61.54,42.11,63.16,32.79,45.9
2025-06-13,13,12,2025-06-13 16:29:00,5,BTS京丹後開設10周年記念競走,3,4151,下河 誉史,2,42,54,0,0,0.19,5.54,34.21,57.02,1.5,0,0,32.79,55.74,44.83,67.24
2025-06-13,13,12,2025-06-13 16:29:00,5,BTS京丹後開設10周年記念競走,4,3508,久富 政弘,3,53,53.6,0,0,0.21,4.95,26.88,44.09,3.53,13.33,20,34.43,50.82,12.24,36.73
2025-06-13,13,12,2025-06-13 16:29:00,5,BTS京丹後開設10周年記念競走,5,4579,中嶋 健一郎,1,35,52,0,0,0.15,6.78,48.04,70.59,6.32,44.74,71.05,35.71,57.14,38.46,59.62
2025-06-13,13,12,2025-06-13 16:29:00,5,BTS京丹後開設10周年記念競走,6,4969,町田 洸希,3,34,52,0,0,0.16,4.72,24.49,41.84,4.5,25,43.75,29.31,53.45,17.86,30.36
2025-06-13,15,1,2025-06-13 15:20:00,5,ふじむら杯,1,3538,菊池 峰晴,3,57,52.7,0,0,0.17,4.88,27.71,43.37,0,0,0,32.74,51.19,41.4,58.14
2025-06-13,15,1,2025-06-13 15:20:00,5,ふじむら杯,2,3477,近藤 稔也,3,54,52.5,0,0,0.19,4.32,18.29,37.8,4.36,22.22,30.56,34.64,52.51,27.27,44.44
2025-06-13,15,1,2025-06-13 15:20:00,5,ふじむら杯,3,3471,赤峰 和也,3,55,52,0,0,0.18,4.49,22.67,36,2.81,12.5,18.75,38.32,50.9,32.87,44.91
2025-06-13,15,1,2025-06-13 15:20:00,5,ふじむら杯,4,3406,中里 英夫,3,56,53.1,0,0,0.15,5.55,32.5,57.5,0,0,0,45.1,62.75,31.46,48.36
2025-06-13,15,1,2025-06-13 15:20:00,5,ふじむら杯,5,4769,馬場 剛,2,32,52,0,0,0.12,5.36,31.68,54.46,0,0,0,33.9,50.28,27.5,46.5
2025-06-13,15,1,2025-06-13 15:20:00,5,ふじむら杯,6,4492,本多 宏和,1,38,50,0,0,0.16,5.79,40.48,58.33,5.14,42.86,47.62,36.36,56.36,34.08,49.33
2025-06-13,15,2,2025-06-13 15:47:00,5,ふじむら杯,1,4421,森作 広大,3,36,55.1,0,0,0.19,4.13,15.87,36.51,3.73,18.18,36.36,52.2,66.67,31.82,50
2025-06-13,15,2,2025-06-13 15:47:00,5,ふじむら杯,2,4241,大串 重幸,2,40,52,0,0,0.15,5.59,41.35,56.73,5.24,29.73,54.05,33.97,51.28,37.26,52.83
2025-06-13,15,2,2025-06-13 15:47:00,5,ふじむら杯,3,4052,興津 藍,3,44,50.5,0,0,0.17,6.78,56.98,72.09,5.67,33.33,47.62,30.59,48.82,36.32,52.91
2025-06-13,15,2,2025-06-13 15:47:00,5,ふじむら杯,4,4097,貫地谷 直人,3,43,55.7,0,0,0.21,3.89,15.07,31.51,3.36,0,28.57,26.99,41.1,32.42,53.88
2025-06-13,15,2,2025-06-13 15:47:00,5,ふじむら杯,5,3081,岡本 慎治,3,61,52.1,0,0,0.17,5.63,38.46,55.13,4.48,21.21,36.36,29.82,47.37,27.86,44.28
2025-06-13,15,2,2025-06-13 15:47:00,5,ふじむら杯,6,4357,田中 和也,1,40,52,0,0,0.18,7.66,65.83,80.83,6.67,51.85,66.67,46.58,61.49,39.44,56.34
2025-06-13,15,3,2025-06-13 16:14:00,5,ふじむら杯,1,3539,金子 順一,3,57,52.3,0,0,0.19,4.28,22.09,36.05,4,35.71,35.71,37.57,52.02,23.98,38.78
2025-06-13,15,3,2025-06-13 16:14:00,5,ふじむら杯,2,4173,岡谷 健吾,3,42,56.4,0,0,0.18,4.8,28.89,44.44,4.72,27.59,41.38,30.18,47.93,30.23,45.58
2025-06-13,15,3,2025-06-13 16:14:00,5,ふじむら杯,3,4233,亀山 雅幸,2,41,52,0,0,0.16,5.98,43.55,61.29,5.47,37.5,56.25,30.99,49.12,29.81,48.56
2025-06-13,15,3,2025-06-13 16:14:00,5,ふじむら杯,4,5339,石井 伸長,3,24,51,0,0,0.14,4.16,19.48,41.56,3,9.68,22.58,44.71,61.76,28.43,43.63
2025-06-13,15,3,2025-06-13 16:14:00,5,ふじむら杯,5,4268,和合 俊介,3,39,59.5,0,0,0.16,3.46,8.64,23.46,0,0,0,28.66,44.51,36.73,55.31
2025-06-13,15,3,2025-06-13 16:14:00,5,ふじむら杯,6,4324,海野 康志郎,1,37,58.7,0,0,0.14,7.1,52.04,72.45,7.71,55.26,86.84,44.91,67.07,35.59,51.8
2025-06-13,15,4,2025-06-13 16:40:00,5,ふじむら杯,1,4220,深川 和仁,3,43,52,0,0,0.17,5.53,36.96,53.26,5.15,34.95,49.51,40.72,57.49,30.19,45.28
2025-06-13,15,4,2025-06-13 16:40:00,5,ふじむら杯,2,3874,山本 寛久,1,49,52.3,0,0,0.15,6.55,47.01,68.38,6.5,42.86,64.29,31.29,46.63,38.29,53.6
2025-06-13,15,4,2025-06-13 16:40:00,5,ふじむら杯,3,3933,山地 正樹,3,48,55.8,0,0,0.16,4.82,30.19,49.06,5.88,41.18,58.82,40.85,51.22,35.45,46.36
2025-06-13,15,4,2025-06-13 16:40:00,5,ふじむら杯,4,4215,吉島 祥之,2,40,52.8,0,0,0.17,5.23,31.73,49.04,0,0,0,35.47,47.09,34.09,52.27
2025-06-13,15,4,2025-06-13 16:40:00,5,ふじむら杯,5,3478,嶋田 貴支,3,54,52,0,0,0.18,4.89,21.51,45.16,5,26.6,45.74,39.66,59.22,30.52,43.66
2025-06-13,15,4,2025-06-13 16:40:00,5,ふじむら杯,6,5409,宮本 琉正,4,19,56.1,1,0,,1.27,0,0,0,0,0,38.79,52.12,31.1,45.93
2025-06-13,15,5,2025-06-13 17:08:00,5,ふじむら杯,1,4515,藤田 浩人,2,39,52.7,0,0,0.16,5.74,35.78,60.55,5.7,40,70,30.11,47.16,31.36,53.18
2025-06-13,15,5,2025-06-13 17:08:00,5,ふじむら杯,2,4948,木場 悠介,3,32,52,0,0,0.15,5.15,33.61,47.06,5.44,27.78,61.11,38.51,52.3,25.89,42.64
2025-06-13,15,5,2025-06-13 17:08:00,5,ふじむら杯,3,4302,西野 翔太,2,42,52.5,0,0,0.14,6.13,43.69,62.14,6.96,56,68,33.33,48.28,28.71,45.93
2025-06-13,15,5,2025-06-13 17:08:00,5,ふじむら杯,4,4750,井上 尚悟,3,37,52,0,0,0.17,4.32,24,37,3.5,5.56,38.89,44.38,60,35.35,46.98
2025-06-13,15,5,2025-06-13 17:08:00,5,ふじむら杯,5,5337,出畑 孝成,4,19,53.9,0,0,0.18,3.36,13.89,22.22,3,6.67,20,30.86,47.43,32.68,55.61
2025-06-13,15,5,2025-06-13 17:08:00,5,ふじむら杯,6,4643,近江 翔吾,1,32,52,0,0,0.13,6.72,50.96,64.42,6.83,52.46,66.39,40.96,57.83,33.18,49.09
2025-06-13,15,6,2025-06-13 17:36:00,5,ふじむら杯,1,4351,里岡 右貴,1,39,52,0,0,0.14,6.62,47.37,67.67,6.88,50,75,36.52,49.44,33.33,51.35
2025-06-13,15,6,2025-06-13 17:36:00,5,ふじむら杯,2,3998,冨成 謙児,3,45,52,0,0,0.15,4.81,30.77,44.23,3.68,17.86,28.57,27.27,38.46,37.39,53.6
2025-06-13,15,6,2025-06-13 17:36:00,5,ふじむら杯,3,4053,芦澤 望,2,47,55.4,0,0,0.16,5.95,42.34,61.26,6.98,61.7,70.21,25.17,39.07,34.27,51.64
2025-06-13,15,6,2025-06-13 17:36:00,5,ふじむら杯,4,3679,飯島 昌弘,1,52,52,0,0,0.16,6.77,53.85,65.81,0,0,0,39.77,56.14,39.41,57.14
2025-06-13,15,6,2025-06-13 17:36:00,5,ふじむら杯,5,5011,高木 圭大,3,28,53.2,0,0,0.15,3.02,10.87,19.57,3,0,7.69,25.64,44.87,34.08,47.53
2025-06-13,15,6,2025-06-13 17:36:00,5,ふじむら杯,6,5395,日高 龍之介,4,23,52,1,0,,1,0,0,0,0,0,34.34,56.63,33.64,51.4
2025-06-13,15,7,2025-06-13 18:04:00,5,ふじむら杯,1,3872,岡田 憲行,2,49,52.9,0,0,0.18,5.86,34.18,64.56,5.95,40,70,29.94,51.59,33.48,49.32
2025-06-13,15,7,2025-06-13 18:04:00,5,ふじむら杯,2,3458,東 健介,3,58,54.5,0,0,0.16,4.14,20.63,34.92,5.65,35.29,58.82,38.75,56.88,36.04,48.2
2025-06-13,15,7,2025-06-13 18:04:00,5,ふじむら杯,3,3653,品川 賢次,3,51,53,0,0,0.19,4.27,22.11,37.89,5.11,22.22,44.44,34.73,57.49,28.78,49.27
2025-06-13,15,7,2025-06-13 18:04:00,5,ふじむら杯,4,4016,西川 新太郎,3,45,54.8,0,0,0.15,5.15,35.35,51.52,0,0,0,32.3,50.93,40.64,53.42
2025-06-13,15,7,2025-06-13 18:04:00,5,ふじむら杯,5,4191,赤羽 克也,2,43,54.3,0,0,0.16,5.71,43.68,56.32,5.82,52.94,64.71,26.95,41.84,31.78,42.06
2025-06-13,15,7,2025-06-13 18:04:00,5,ふじむら杯,6,4335,若林 将,1,41,52.9,0,0,0.12,6.48,38.24,66.67,6.71,47.06,58.82,40.24,62.72,29.52,48.57
2025-06-13,15,8,2025-06-13 18:32:00,5,ふじむら杯,1,4357,田中 和也,1,40,52,0,0,0.18,7.66,65.83,80.83,6.67,51.85,66.67,46.58,61.49,39.44,56.34
2025-06-13,15,8,2025-06-13 18:32:00,5,ふじむら杯,2,4769,馬場 剛,2,32,52,0,0,0.12,5.36,31.68,54.46,0,0,0,33.9,50.28,27.5,46.5
2025-06-13,15,8,2025-06-13 18:32:00,5,ふじむら杯,3,3406,中里 英夫,3,56,53.1,0,0,0.15,5.55,32.5,57.5,0,0,0,45.1,62.75,31.46,48.36
2025-06-13,15,8,2025-06-13 18:32:00,5,ふじむら杯,4,3933,山地 正樹,3,48,55.8,0,0,0.16,4.82,30.19,49.06,5.88,41.18,58.82,40.85,51.22,35.45,46.36
2025-06-13,15,8,2025-06-13 18:32:00,5,ふじむら杯,5,4233,亀山 雅幸,2,41,52,0,0,0.16,5.98,43.55,61.29,5.47,37.5,56.25,30.99,49.12,29.81,48.56
2025-06-13,15,8,2025-06-13 18:32:00,5,ふじむら杯,6,5339,石井 伸長,3,24,51,0,0,0.14,4.16,19.48,41.56,3,9.68,22.58,44.71,61.76,28.43,43.63
2025-06-13,15,9,2025-06-13 19:11:00,5,ふじむら杯,1,4324,海野 康志郎,1,37,58.7,0,0,0.14,7.1,52.04,72.45,7.71,55.26,86.84,44.91,67.07,35.59,51.8
2025-06-13,15,9,2025-06-13 19:11:00,5,ふじむら杯,2,4643,近江 翔吾,1,32,52,0,0,0.13,6.72,50.96,64.42,6.83,52.46,66.39,40.96,57.83,33.18,49.09
2025-06-13,15,9,2025-06-13 19:11:00,5,ふじむら杯,3,4750,井上 尚悟,3,37,52,0,0,0.17,4.32,24,37,3.5,5.56,38.89,44.38,60,35.35,46.98
2025-06-13,15,9,2025-06-13 19:11:00,5,ふじむら杯,4,3478,嶋田 貴支,3,54,52,0,0,0.18,4.89,21.51,45.16,5,26.6,45.74,39.66,59.22,30.52,43.66
2025-06-13,15,9,2025-06-13 19:11:00,5,ふじむら杯,5,4241,大串 重幸,2,40,52,0,0,0.15,5.59,41.35,56.73,5.24,29.73,54.05,33.97,51.28,37.26,52.83
2025-06-13,15,9,2025-06-13 19:11:00,5,ふじむら杯,6,3538,菊池 峰晴,3,57,52.7,0,0,0.17,4.88,27.71,43.37,0,0,0,32.74,51.19,41.4,58.14
2025-06-13,15,10,2025-06-13 19:40:00,5,ふじむら杯,1,4492,本多 宏和,1,38,50,0,0,0.16,5.79,40.48,58.33,5.14,42.86,47.62,36.36,56.36,34.08,49.33
2025-06-13,15,10,2025-06-13 19:40:00,5,ふじむら杯,2,4351,里岡 右貴,1,39,52,0,0,0.14,6.62,47.37,67.67,6.88,50,75,36.52,49.44,33.33,51.35
2025-06-13,15,10,2025-06-13 19:40:00,5,ふじむら杯,3,3874,山本 寛久,1,49,52.3,0,0,0.15,6.55,47.01,68.38,6.5,42.86,64.29,31.29,46.63,38.29,53.6
2025-06-13,15,10,2025-06-13 19:40:00,5,ふじむら杯,4,4052,興津 藍,3,44,50.5,0,0,0.17,6.78,56.98,72.09,5.67,33.33,47.62,30.59,48.82,36.32,52.91
2025-06-13,15,10,2025-06-13 19:40:00,5,ふじむら杯,5,4173,岡谷 健吾,3,42,56.4,0,0,0.18,4.8,28.89,44.44,4.72,27.59,41.38,30.18,47.93,30.23,45.58
2025-06-13,15,10,2025-06-13 19:40:00,5,ふじむら杯,6,4515,藤田 浩人,2,39,52.7,0,0,0.16,5.74,35.78,60.55,5.7,40,70,30.11,47.16,31.36,53.18
2025-06-13,15,11,2025-06-13 20:10:00,5,ふじむら杯,1,4335,若林 将,1,41,52.6,0,0,0.12,6.48,38.24,66.67,6.71,47.06,58.82,40.24,62.72,29.52,48.57
2025-06-13,15,11,2025-06-13 20:10:00,5,ふじむら杯,2,4053,芦澤 望,2,47,55.1,0,0,0.16,5.95,42.34,61.26,6.98,61.7,70.21,25.17,39.07,34.27,51.64
2025-06-13,15,11,2025-06-13 20:10:00,5,ふじむら杯,3,3679,飯島 昌弘,1,52,52,0,0,0.16,6.77,53.85,65.81,0,0,0,39.77,56.14,39.41,57.14
2025-06-13,15,11,2025-06-13 20:10:00,5,ふじむら杯,4,4302,西野 翔太,2,42,52.2,0,0,0.14,6.13,43.69,62.14,6.96,56,68,33.33,48.28,28.71,45.93
2025-06-13,15,11,2025-06-13 20:10:00,5,ふじむら杯,5,3872,岡田 憲行,2,49,52.9,0,0,0.18,5.86,34.18,64.56,5.95,40,70,29.94,51.59,33.48,49.32
2025-06-13,15,11,2025-06-13 20:10:00,5,ふじむら杯,6,4220,深川 和仁,3,43,52,0,0,0.17,5.53,36.96,53.26,5.15,34.95,49.51,40.72,57.49,30.19,45.28
2025-06-13,15,12,2025-06-13 20:39:00,5,ふじむら杯,1,4191,赤羽 克也,2,43,54.3,0,0,0.16,5.71,43.68,56.32,5.82,52.94,64.71,26.95,41.84,31.78,42.06
2025-06-13,15,12,2025-06-13 20:39:00,5,ふじむら杯,2,3081,岡本 慎治,3,61,52.1,0,0,0.17,5.63,38.46,55.13,4.48,21.21,36.36,29.82,47.37,27.86,44.28
2025-06-13,15,12,2025-06-13 20:39:00,5,ふじむら杯,3,4215,吉島 祥之,2,40,52.8,0,0,0.17,5.23,31.73,49.04,0,0,0,35.47,47.09,34.09,52.27
2025-06-13,15,12,2025-06-13 20:39:00,5,ふじむら杯,4,4458,抹香 雄三,3,39,52.8,0,0,0.15,4.91,29.41,45.38,5.86,42.86,52.38,25.31,43.21,32.41,47.22
2025-06-13,15,12,2025-06-13 20:39:00,5,ふじむら杯,5,3998,冨成 謙児,3,45,52,0,0,0.15,4.81,30.77,44.23,3.68,17.86,28.57,27.27,38.46,37.39,53.6
2025-06-13,15,12,2025-06-13 20:39:00,5,ふじむら杯,6,3859,多羅尾 達之,3,52,50.5,1,0,0.17,3.72,20.69,31.03,3.25,12.5,12.5,34.97,50.92,39.19,53.6
2025-06-13,17,1,2025-06-13 10:54:00,5,第4回エフ・ディミニッシュバトルシリーズ,1,3837,秋山 広一,2,50,53,0,0,0.15,6.16,44.55,60.91,6.11,44.68,55.32,35.67,59.24,35.91,53.59
2025-06-13,17,1,2025-06-13 10:54:00,5,第4回エフ・ディミニッシュバトルシリーズ,2,4880,澤崎 雄哉,3,30,52.7,1,0,0.18,5.12,34.74,48.42,2.5,0,25,33.33,53.33,31.29,47.62
2025-06-13,17,1,2025-06-13 10:54:00,5,第4回エフ・ディミニッシュバトルシリーズ,3,4785,木幡 純也,3,37,52.2,0,0,0.2,4.87,21.33,49.33,4.33,33.33,33.33,39.38,57.5,33.33,47.1
2025-06-13,17,1,2025-06-13 10:54:00,5,第4回エフ・ディミニッシュバトルシリーズ,4,3690,河合 三弘,3,54,52.7,0,0,0.19,4.95,33.65,46.15,4,10,30,32.69,46.15,32.77,51.98
2025-06-13,17,1,2025-06-13 10:54:00,5,第4回エフ・ディミニッシュバトルシリーズ,5,5392,安武 一也,4,24,51.5,0,0,,1.47,0,0,0,0,0,31.79,41.06,21.88,39.58
2025-06-13,17,1,2025-06-13 10:54:00,5,第4回エフ・ディミニッシュバトルシリーズ,6,3562,山下 和彦,1,56,52.1,0,0,0.16,5.87,39.55,61.19,5.65,25,55,33.13,49.08,29.94,43.11
2025-06-13,17,2,2025-06-13 11:31:00,5,第4回エフ・ディミニッシュバトルシリーズ,1,4429,豊田 泰洋,3,39,57.2,0,0,0.16,4.03,18.49,35.29,4.51,25.2,35.77,36.59,56.71,27.04,40.88
2025-06-13,17,2,2025-06-13 11:31:00,5,第4回エフ・ディミニッシュバトルシリーズ,2,4992,廣瀬 篤哉,3,27,55.4,0,0,0.16,4.23,22.73,34.85,0,0,0,33.33,55.1,29.65,48.26
2025-06-13,17,2,2025-06-13 11:31:00,5,第4回エフ・ディミニッシュバトルシリーズ,3,3430,角浜 修,3,57,52.5,0,0,0.16,3.94,23.38,32.47,4.56,29.67,43.96,23.42,43.67,23.02,38.1
2025-06-13,17,2,2025-06-13 11:31:00,5,第4回エフ・ディミニッシュバトルシリーズ,4,5308,藤森 拓海,3,20,53.6,0,0,0.17,3.4,8.75,27.5,2.14,3.57,7.14,37.34,56.96,35.53,47.37
2025-06-13,17,2,2025-06-13 11:31:00,5,第4回エフ・ディミニッシュバトルシリーズ,5,5302,秋末 秦悟,4,22,52.8,0,0,0.22,1.53,1.33,2.67,1.24,0,0,36.59,54.88,36.63,52.91
2025-06-13,17,2,2025-06-13 11:31:00,5,第4回エフ・ディミニッシュバトルシリーズ,6,4176,樋口 喜彦,3,42,54.3,0,0,0.16,3.51,15.66,21.69,3.71,14.29,14.29,43.75,63.13,24.17,41.67
2025-06-13,17,3,2025-06-13 12:00:00,5,第4回エフ・ディミニッシュバトルシリーズ,1,4630,岩永 雅人,2,38,51.5,0,0,0.16,6.36,43.94,66.67,5.6,30,50,38.01,51.46,38.97,65.44
2025-06-13,17,3,2025-06-13 12:00:00,5,第4回エフ・ディミニッシュバトルシリーズ,2,3556,田中 信一郎,1,52,53,0,0,0.15,6.69,49.02,69.61,7.69,53.85,84.62,36.69,53.25,36.2,50.31
2025-06-13,17,3,2025-06-13 12:00:00,5,第4回エフ・ディミニッシュバトルシリーズ,3,3910,松下 知幸,3,51,51.5,0,0,0.15,4.26,23,34,4.06,16.67,36.11,36.36,54.55,43.02,51.96
2025-06-13,17,3,2025-06-13 12:00:00,5,第4回エフ・ディミニッシュバトルシリーズ,4,3613,角谷 健吾,2,52,52,0,0,0.14,6.54,51.4,66.36,5.48,32,56,35.48,53.55,43.02,55.31
2025-06-13,17,3,2025-06-13 12:00:00,5,第4回エフ・ディミニッシュバトルシリーズ,5,5325,澁川 夏,3,21,52,0,0,0.17,3.82,11.21,30.84,3.33,16.67,16.67,27.07,40.6,49.65,61.7
2025-06-13,17,3,2025-06-13 12:00:00,5,第4回エフ・ディミニッシュバトルシリーズ,6,4100,松田 隆司,3,46,52.8,0,0,0.17,5.11,28.26,53.26,5.14,35.71,52.38,37.27,57.14,35.29,57.52
2025-06-13,17,4,2025-06-13 12:31:00,5,第4回エフ・ディミニッシュバトルシリーズ,1,4903,吉田 凌太朗,1,31,52,0,0,0.16,6.57,54.08,64.29,5.74,42.11,57.89,34.32,53.25,30.19,47.17
2025-06-13,17,4,2025-06-13 12:31:00,5,第4回エフ・ディミニッシュバトルシリーズ,2,3828,明石 正之,2,51,52.2,0,0,0.17,4.98,28.57,43.81,5.67,47.62,57.14,37.41,55.1,32.02,50
2025-06-13,17,4,2025-06-13 12:31:00,5,第4回エフ・ディミニッシュバトルシリーズ,3,4782,浜崎 準也,3,38,52.1,0,0,0.15,4.68,26.44,39.08,0,0,0,20.77,33.85,45.65,61.59
2025-06-13,17,4,2025-06-13 12:31:00,5,第4回エフ・ディミニッシュバトルシリーズ,4,5294,豊田 祥生,3,23,50.5,0,0,0.16,3.03,11.11,20.2,3.7,20,30,40,60.63,26.67,43.33
2025-06-13,17,4,2025-06-13 12:31:00,5,第4回エフ・ディミニッシュバトルシリーズ,5,4877,鈴谷 一平,2,30,54.5,0,0,0.15,6.66,54.84,70.97,7.1,70,70,36.05,55.81,27.93,48.04
2025-06-13,17,4,2025-06-13 12:31:00,5,第4回エフ・ディミニッシュバトルシリーズ,6,4094,中島 真二,3,44,52,0,0,0.19,4.71,23.96,41.67,4,13.79,34.48,35,53.75,45.52,57.24
2025-06-13,17,5,2025-06-13 13:05:00,5,第4回エフ・ディミニッシュバトルシリーズ,1,4274,長畑 友輔,3,42,52,0,0,0.14,4.47,27.27,38.96,3.71,14.29,28.57,43.54,57.14,29.05,47.49
2025-06-13,17,5,2025-06-13 13:05:00,5,第4回エフ・ディミニッシュバトルシリーズ,2,3744,徳増 秀樹,1,50,52.6,0,0,0.12,7.23,58.65,69.92,7.84,78.95,84.21,31.95,47.34,34.27,53.93
2025-06-13,17,5,2025-06-13 13:05:00,5,第4回エフ・ディミニッシュバトルシリーズ,3,4728,山口 亮,3,37,52,0,0,0.2,4.46,25,38,3.13,6.67,26.67,32.48,49.04,22.22,36.67
2025-06-13,17,5,2025-06-13 13:05:00,5,第4回エフ・ディミニッシュバトルシリーズ,4,4057,松井 賢治,2,46,52,0,0,0.16,5.92,37.12,61.36,6.36,50,71.43,45,56.25,34.09,48.86
2025-06-13,17,5,2025-06-13 13:05:00,5,第4回エフ・ディミニッシュバトルシリーズ,5,4729,佐藤 謙史朗,3,36,54.2,1,0,0.14,4.58,25,41.67,4.5,13.64,45.45,34.39,49.04,35.5,50.3
2025-06-13,17,5,2025-06-13 13:05:00,5,第4回エフ・ディミニッシュバトルシリーズ,6,4325,新出 浩司,3,42,52.4,0,0,0.14,4.7,26.58,40.51,0,0,0,37.8,52.44,36.93,55.68
2025-06-13,17,6,2025-06-13 13:40:00,5,第4回エフ・ディミニッシュバトルシリーズ,1,3690,河合 三弘,3,54,52.7,0,0,0.19,4.95,33.65,46.15,4,10,30,32.69,46.15,32.77,51.98
2025-06-13,17,6,2025-06-13 13:40:00,5,第4回エフ・ディミニッシュバトルシリーズ,2,4892,柴田 直哉,3,34,52,0,0,0.19,5.22,30.61,51.02,5.61,35.48,51.61,34.36,53.99,37.65,57.06
2025-06-13,17,6,2025-06-13 13:40:00,5,第4回エフ・ディミニッシュバトルシリーズ,3,3499,市川 哲也,1,56,52,0,0,0.14,6.05,41.53,58.47,6.56,52.5,69.17,39.88,57.06,39.29,57.14
2025-06-13,17,6,2025-06-13 13:40:00,5,第4回エフ・ディミニッシュバトルシリーズ,4,4318,桑原 将光,2,40,52,1,0,0.16,5.65,36.51,56.35,6,45.45,54.55,36.81,52.15,21.84,45.98
2025-06-13,17,6,2025-06-13 13:40:00,5,第4回エフ・ディミニッシュバトルシリーズ,5,4894,原村 拓也,3,34,52.2,1,0,0.15,4.42,23.33,41.11,5.08,29.73,48.65,23.68,35.53,26.32,44.08
2025-06-13,17,6,2025-06-13 13:40:00,5,第4回エフ・ディミニッシュバトルシリーズ,6,5348,小林 甘寧,4,21,52,0,0,0.16,1.77,0,6.45,1.71,0,5.71,33.12,48.41,40.33,57.46
2025-06-13,17,7,2025-06-13 14:08:00,5,第4回エフ・ディミニッシュバトルシリーズ,1,3463,乙津 康志,3,57,52.1,0,0,0.18,5.04,25.81,54.84,4.33,8.33,33.33,32.14,48.21,27.54,37.68
2025-06-13,17,7,2025-06-13 14:08:00,5,第4回エフ・ディミニッシュバトルシリーズ,2,3562,山下 和彦,1,56,52.1,0,0,0.16,5.87,39.55,61.19,5.65,25,55,33.13,49.08,29.94,43.11
2025-06-13,17,7,2025-06-13 14:08:00,5,第4回エフ・ディミニッシュバトルシリーズ,3,4899,占部 一真,3,33,52.2,0,0,0.18,4.67,27.85,43.04,4.37,25.93,37.04,27.89,39.46,33.33,49.18
2025-06-13,17,7,2025-06-13 14:08:00,5,第4回エフ・ディミニッシュバトルシリーズ,4,5325,澁川 夏,3,21,52,0,0,0.17,3.82,11.21,30.84,3.33,16.67,16.67,27.07,40.6,49.65,61.7
2025-06-13,17,7,2025-06-13 14:08:00,5,第4回エフ・ディミニッシュバトルシリーズ,5,4069,山本 修一,1,44,53.1,0,0,0.16,6.62,52.33,70.93,7.26,45.16,83.87,33.54,48.78,33.33,54.25
2025-06-13,17,7,2025-06-13 14:08:00,5,第4回エフ・ディミニッシュバトルシリーズ,6,3430,角浜 修,3,57,52.5,0,0,0.16,3.94,23.38,32.47,4.56,29.67,43.96,23.42,43.67,23.02,38.1
2025-06-13,17,8,2025-06-13 14:37:00,5,第4回エフ・ディミニッシュバトルシリーズ,1,3606,川北 浩貴,2,53,52.2,0,0,0.15,5.57,37.25,56.86,3.69,15.38,30.77,35.54,52.41,30.6,45.52
2025-06-13,17,8,2025-06-13 14:37:00,5,第4回エフ・ディミニッシュバトルシリーズ,2,4672,守屋 大地,3,39,52,0,0,0.18,4.52,30.53,41.05,5.95,45,65,26.97,42.76,36.18,51.97
2025-06-13,17,8,2025-06-13 14:37:00,5,第4回エフ・ディミニッシュバトルシリーズ,3,4094,中島 真二,3,44,52,0,0,0.19,4.71,23.96,41.67,4,13.79,34.48,35,53.75,45.52,57.24
2025-06-13,17,8,2025-06-13 14:37:00,5,第4回エフ・ディミニッシュバトルシリーズ,4,5302,秋末 秦悟,4,22,52.8,0,0,0.22,1.53,1.33,2.67,1.24,0,0,36.59,54.88,36.63,52.91
2025-06-13,17,8,2025-06-13 14:37:00,5,第4回エフ・ディミニッシュバトルシリーズ,5,4785,木幡 純也,3,37,52.2,0,0,0.2,4.87,21.33,49.33,4.33,33.33,33.33,39.38,57.5,33.33,47.1
2025-06-13,17,8,2025-06-13 14:37:00,5,第4回エフ・ディミニッシュバトルシリーズ,6,3556,田中 信一郎,1,52,53,0,0,0.15,6.69,49.02,69.61,7.69,53.85,84.62,36.69,53.25,36.2,50.31
2025-06-13,17,9,2025-06-13 15:12:00,5,第4回エフ・ディミニッシュバトルシリーズ,1,3910,松下 知幸,3,51,51.5,0,0,0.15,4.26,23,34,4.06,16.67,36.11,36.36,54.55,43.02,51.96
2025-06-13,17,9,2025-06-13 15:12:00,5,第4回エフ・ディミニッシュバトルシリーズ,2,5308,藤森 拓海,3,20,53.7,0,0,0.17,3.4,8.75,27.5,2.14,3.57,7.14,37.34,56.96,35.53,47.37
2025-06-13,17,9,2025-06-13 15:12:00,5,第4回エフ・ディミニッシュバトルシリーズ,3,4903,吉田 凌太朗,1,31,51.5,0,0,0.16,6.57,54.08,64.29,5.74,42.11,57.89,34.32,53.25,30.19,47.17
2025-06-13,17,9,2025-06-13 15:12:00,5,第4回エフ・ディミニッシュバトルシリーズ,4,4274,長畑 友輔,3,42,51.5,0,0,0.14,4.47,27.27,38.96,3.71,14.29,28.57,43.54,57.14,29.05,47.49
2025-06-13,17,9,2025-06-13 15:12:00,5,第4回エフ・ディミニッシュバトルシリーズ,5,4600,井内 将太郎,2,40,51.5,0,0,0.14,5.99,39.86,59.42,6.82,51.45,71.01,35.63,48.75,39.08,61.49
2025-06-13,17,9,2025-06-13 15:12:00,5,第4回エフ・ディミニッシュバトルシリーズ,6,5392,安武 一也,4,24,50.5,0,0,,1.47,0,0,0,0,0,31.79,41.06,21.88,39.58
2025-06-13,17,10,2025-06-13 15:40:00,5,第4回エフ・ディミニッシュバトルシリーズ,1,3828,明石 正之,2,51,52.2,0,0,0.17,4.98,28.57,43.81,5.67,47.62,57.14,37.41,55.1,32.02,50
2025-06-13,17,10,2025-06-13 15:40:00,5,第4回エフ・ディミニッシュバトルシリーズ,2,4894,原村 拓也,3,34,52.2,1,0,0.15,4.42,23.33,41.11,5.08,29.73,48.65,23.68,35.53,26.32,44.08
2025-06-13,17,10,2025-06-13 15:40:00,5,第4回エフ・ディミニッシュバトルシリーズ,3,4992,廣瀬 篤哉,3,27,55.4,0,0,0.16,4.23,22.73,34.85,0,0,0,33.33,55.1,29.65,48.26
2025-06-13,17,10,2025-06-13 15:40:00,5,第4回エフ・ディミニッシュバトルシリーズ,4,3744,徳増 秀樹,1,50,52.6,0,0,0.12,7.23,58.65,69.92,7.84,78.95,84.21,31.95,47.34,34.27,53.93
2025-06-13,17,10,2025-06-13 15:40:00,5,第4回エフ・ディミニッシュバトルシリーズ,5,4880,澤崎 雄哉,3,30,52.7,1,0,0.18,5.12,34.74,48.42,2.5,0,25,33.33,53.33,31.29,47.62
2025-06-13,17,10,2025-06-13 15:40:00,5,第4回エフ・ディミニッシュバトルシリーズ,6,3613,角谷 健吾,2,52,52,0,0,0.14,6.54,51.4,66.36,5.48,32,56,35.48,53.55,43.02,55.31
2025-06-13,17,11,2025-06-13 16:11:00,5,第4回エフ・ディミニッシュバトルシリーズ,1,3499,市川 哲也,1,56,52,0,0,0.14,6.05,41.53,58.47,6.56,52.5,69.17,39.88,57.06,39.29,57.14
2025-06-13,17,11,2025-06-13 16:11:00,5,第4回エフ・ディミニッシュバトルシリーズ,2,5074,大澤 誠也,3,29,54.7,0,0,0.17,4.24,16.67,34.26,0,0,0,34.76,51.22,39.19,54.73
2025-06-13,17,11,2025-06-13 16:11:00,5,第4回エフ・ディミニッシュバトルシリーズ,3,3837,秋山 広一,2,50,53,0,0,0.15,6.16,44.55,60.91,6.11,44.68,55.32,35.67,59.24,35.91,53.59
2025-06-13,17,11,2025-06-13 16:11:00,5,第4回エフ・ディミニッシュバトルシリーズ,4,4630,岩永 雅人,2,38,51.5,0,0,0.16,6.36,43.94,66.67,5.6,30,50,38.01,51.46,38.97,65.44
2025-06-13,17,11,2025-06-13 16:11:00,5,第4回エフ・ディミニッシュバトルシリーズ,5,4782,浜崎 準也,3,38,52.1,0,0,0.15,4.68,26.44,39.08,0,0,0,20.77,33.85,45.65,61.59
2025-06-13,17,11,2025-06-13 16:11:00,5,第4回エフ・ディミニッシュバトルシリーズ,6,4057,松井 賢治,2,46,52,0,0,0.16,5.92,37.12,61.36,6.36,50,71.43,45,56.25,34.09,48.86
2025-06-13,17,12,2025-06-13 16:50:00,5,第4回エフ・ディミニッシュバトルシリーズ,1,4069,山本 修一,1,44,53.1,0,0,0.16,6.62,52.33,70.93,7.26,45.16,83.87,33.54,48.78,33.33,54.25
2025-06-13,17,12,2025-06-13 16:50:00,5,第4回エフ・ディミニッシュバトルシリーズ,2,4877,鈴谷 一平,2,30,54.5,0,0,0.15,6.66,54.84,70.97,7.1,70,70,36.05,55.81,27.93,48.04
2025-06-13,17,12,2025-06-13 16:50:00,5,第4回エフ・ディミニッシュバトルシリーズ,3,4325,新出 浩司,3,42,52.4,0,0,0.14,4.7,26.58,40.51,0,0,0,37.8,52.44,36.93,55.68
2025-06-13,17,12,2025-06-13 16:50:00,5,第4回エフ・ディミニッシュバトルシリーズ,4,4100,松田 隆司,3,46,52.8,0,0,0.17,5.11,28.26,53.26,5.14,35.71,52.38,37.27,57.14,35.29,57.52
2025-06-13,17,12,2025-06-13 16:50:00,5,第4回エフ・ディミニッシュバトルシリーズ,5,3606,川北 浩貴,2,53,52.2,0,0,0.15,5.57,37.25,56.86,3.69,15.38,30.77,35.54,52.41,30.6,45.52
2025-06-13,17,12,2025-06-13 16:50:00,5,第4回エフ・ディミニッシュバトルシリーズ,6,4318,桑原 将光,2,40,52,1,0,0.16,5.65,36.51,56.35,6,45.45,54.55,36.81,52.15,21.84,45.98
2025-06-13,18,1,2025-06-13 08:44:00,5,住信SBIネット銀行賞,1,3350,藤本 佳史,2,57,52,0,0,0.16,4.72,29,45,5.19,31.78,51.16,35.71,42.86,31.94,52.78
2025-06-13,18,1,2025-06-13 08:44:00,5,住信SBIネット銀行賞,2,3516,吉原 聖人,3,57,51.5,0,0,0.16,4.31,21.18,37.65,5,38.89,50,20.83,37.5,31.03,49.66
2025-06-13,18,1,2025-06-13 08:44:00,5,住信SBIネット銀行賞,3,3736,岡本 猛,3,51,51.5,0,0,0.16,4.25,21.43,38.1,5.67,41.67,66.67,26.67,43.33,44.9,61.22
2025-06-13,18,1,2025-06-13 08:44:00,5,住信SBIネット銀行賞,4,3600,玄馬 徹,3,55,52.3,0,0,0.2,3.86,20.83,30.21,4.31,28.57,40.48,35.48,58.06,31.94,47.22
2025-06-13,18,1,2025-06-13 08:44:00,5,住信SBIネット銀行賞,5,5247,大森 翼,3,23,51.5,0,0,0.19,4.09,13.64,37.5,2.91,9.09,22.73,31.58,36.84,25.76,46.21
2025-06-13,18,1,2025-06-13 08:44:00,5,住信SBIネット銀行賞,6,3583,齋藤 智裕,3,52,56.7,0,0,0.16,3.41,8.82,23.53,0,0,0,14.29,57.14,29.37,47.55
2025-06-13,18,2,2025-06-13 09:10:00,5,住信SBIネット銀行賞,1,3992,関口 智久,2,46,53.3,0,0,0.15,5.27,30.77,46.15,0,0,0,19.23,26.92,31.08,43.24
2025-06-13,18,2,2025-06-13 09:10:00,5,住信SBIネット銀行賞,2,5289,佃 來紀,3,24,52.5,0,0,0.16,4.21,15.79,34.21,3.61,13.04,26.09,26.32,44.74,29.85,47.01
2025-06-13,18,2,2025-06-13 09:10:00,5,住信SBIネット銀行賞,3,4498,宮本 夏樹,3,37,54.6,0,0,0.15,4.78,28.09,42.7,4.33,26.67,33.33,24,36,20.45,36.36
2025-06-13,18,2,2025-06-13 09:10:00,5,住信SBIネット銀行賞,4,3637,齋藤 和政,3,54,53,0,0,0.18,4.12,14,37,5.14,28.57,57.14,31.03,55.17,34.48,51.03
2025-06-13,18,2,2025-06-13 09:10:00,5,住信SBIネット銀行賞,5,3107,平岡 重典,3,61,52,0,0,0.2,4.35,15.69,35.29,3.87,13.33,26.67,30.77,46.15,29.86,45.14
2025-06-13,18,2,2025-06-13 09:10:00,5,住信SBIネット銀行賞,6,3621,天野 晶夫,2,51,55.6,0,0,0.16,5.96,39.33,65.17,5.83,30.56,63.89,24,44,31.29,47.62
2025-06-13,18,3,2025-06-13 09:36:00,5,住信SBIネット銀行賞,1,4207,松下 一也,2,42,53.5,0,0,0.13,6.47,51.89,68.87,7,63.16,73.68,16.67,29.17,31.76,49.32
2025-06-13,18,3,2025-06-13 09:36:00,5,住信SBIネット銀行賞,2,4315,山崎 昂介,2,41,52.5,1,0,0.16,4.84,28.68,47.06,5,34.78,39.13,46.88,62.5,37.24,51.03
2025-06-13,18,3,2025-06-13 09:36:00,5,住信SBIネット銀行賞,3,5208,屋良 龍紀,3,27,51,0,0,0.14,4.01,15.96,34.04,2.46,7.69,19.23,25,53.13,32.65,50.34
2025-06-13,18,3,2025-06-13 09:36:00,5,住信SBIネット銀行賞,4,4139,丹下 健,3,44,53.7,1,0,0.16,4.7,30.34,42.7,4.67,30,40,40,50,38.1,58.5
2025-06-13,18,3,2025-06-13 09:36:00,5,住信SBIネット銀行賞,5,3615,横田 茂,3,52,51,0,0,0.16,4.47,22.69,36.97,3.46,12.5,16.67,43.59,56.41,39.86,59.46
2025-06-13,18,3,2025-06-13 09:36:00,5,住信SBIネット銀行賞,6,4068,幸田 智裕,3,45,52.9,0,0,0.18,5.26,31.25,51.04,6.44,44.44,55.56,19.23,38.46,24.32,45.95
2025-06-13,18,4,2025-06-13 10:02:00,5,住信SBIネット銀行賞,1,4463,三苫 晃幸,2,39,53.6,0,0,0.14,5.66,39.58,53.13,5.47,36.11,55.56,35.9,56.41,30.14,50
2025-06-13,18,4,2025-06-13 10:02:00,5,住信SBIネット銀行賞,2,5284,嘉手苅 徹哉,4,26,53,1,0,0.15,2.19,3.9,12.99,1.26,0,0,16.67,33.33,36.99,50.68
2025-06-13,18,4,2025-06-13 10:02:00,5,住信SBIネット銀行賞,3,4792,杉村 賢也,3,35,52,0,0,0.17,5.37,32.99,56.7,0,0,0,45.16,64.52,36.49,51.35
2025-06-13,18,4,2025-06-13 10:02:00,5,住信SBIネット銀行賞,4,4978,山田 和佐,3,31,53.5,0,0,0.17,3.95,17.44,34.88,3.89,11.11,44.44,24.32,35.14,40.85,58.45
2025-06-13,18,4,2025-06-13 10:02:00,5,住信SBIネット銀行賞,5,4219,本岡 勝利,3,43,53.3,0,0,0.19,4.08,18.69,36.45,3.75,0,25,21.05,31.58,31.88,44.2
2025-06-13,18,4,2025-06-13 10:02:00,5,住信SBIネット銀行賞,6,4278,藤岡 俊介,1,41,51.5,0,0,0.12,6.48,45.45,60,4.22,22.22,22.22,45.95,64.86,35.17,55.86
2025-06-13,18,5,2025-06-13 10:29:00,5,住信SBIネット銀行賞,1,4263,武重 雄介,2,40,54.7,0,0,0.16,6.27,43.93,65.42,5.98,39.13,66.96,58.62,79.31,44.9,63.27
2025-06-13,18,5,2025-06-13 10:29:00,5,住信SBIネット銀行賞,2,3519,冨田 秀幸,3,57,52,0,0,0.15,4.6,24.79,40.17,3,33.33,33.33,13.79,27.59,30.82,50
2025-06-13,18,5,2025-06-13 10:29:00,5,住信SBIネット銀行賞,3,3600,玄馬 徹,3,55,52.3,0,0,0.2,3.86,20.83,30.21,4.31,28.57,40.48,35.48,58.06,31.94,47.22
2025-06-13,18,5,2025-06-13 10:29:00,5,住信SBIネット銀行賞,4,5247,大森 翼,3,23,51.5,0,0,0.19,4.09,13.64,37.5,2.91,9.09,22.73,31.58,36.84,25.76,46.21
2025-06-13,18,5,2025-06-13 10:29:00,5,住信SBIネット銀行賞,5,4365,盛本 真輔,2,39,52,0,0,0.19,4.84,30.33,43.44,4.86,23.81,47.62,37.93,51.72,37.41,50.34
2025-06-13,18,5,2025-06-13 10:29:00,5,住信SBIネット銀行賞,6,4727,安部 慎一,3,37,53.3,0,0,0.14,4.4,28.57,38.96,4.75,25,40,36.67,60,35.17,50.34
2025-06-13,18,6,2025-06-13 10:58:00,5,住信SBIネット銀行賞,1,4840,鈴木 秀茉,3,33,52,0,0,0.18,4.66,30.93,43.3,4.72,22.22,55.56,16.13,25.81,26.28,43.07
2025-06-13,18,6,2025-06-13 10:58:00,5,住信SBIネット銀行賞,2,3832,下田 哲也,3,50,54.9,0,0,0.16,4.24,21.35,31.46,4.31,18.75,37.5,18.52,37.04,31.08,52.7
2025-06-13,18,6,2025-06-13 10:58:00,5,住信SBIネット銀行賞,3,4440,萩原 知哉,3,38,52.9,0,0,0.17,4.33,18.68,31.87,0,0,0,44.44,59.26,26.81,42.03
2025-06-13,18,6,2025-06-13 10:58:00,5,住信SBIネット銀行賞,4,4058,野末 智一,3,46,52,0,0,0.2,5.35,35.09,56.14,5.25,37.5,50,20,45,34.03,47.92
2025-06-13,18,6,2025-06-13 10:58:00,5,住信SBIネット銀行賞,5,3736,岡本 猛,3,51,51.5,0,0,0.16,4.25,21.43,38.1,5.67,41.67,66.67,26.67,43.33,44.9,61.22
2025-06-13,18,6,2025-06-13 10:58:00,5,住信SBIネット銀行賞,6,4395,下河 雅史,2,39,54.1,1,0,0.16,5.92,39.58,62.5,5.36,41.67,52.78,55.17,62.07,46.58,60.96
2025-06-13,18,7,2025-06-13 11:32:00,5,住信SBIネット銀行賞,1,5238,笹木 香吾,3,25,53.1,0,0,0.16,4.92,30.53,47.37,3.59,18.68,26.37,46.67,53.33,31.94,49.31
2025-06-13,18,7,2025-06-13 11:32:00,5,住信SBIネット銀行賞,2,4139,丹下 健,3,44,53.7,1,0,0.16,4.7,30.34,42.7,4.67,30,40,40,50,38.1,58.5
2025-06-13,18,7,2025-06-13 11:32:00,5,住信SBIネット銀行賞,3,3637,齋藤 和政,3,54,53,0,0,0.18,4.12,14,37,5.14,28.57,57.14,31.03,55.17,34.48,51.03
2025-06-13,18,7,2025-06-13 11:32:00,5,住信SBIネット銀行賞,4,5208,屋良 龍紀,3,27,51,0,0,0.14,4.01,15.96,34.04,2.46,7.69,19.23,25,53.13,32.65,50.34
2025-06-13,18,7,2025-06-13 11:32:00,5,住信SBIネット銀行賞,5,5289,佃 來紀,3,24,52.5,0,0,0.16,4.21,15.79,34.21,3.61,13.04,26.09,26.32,44.74,29.85,47.01
2025-06-13,18,7,2025-06-13 11:32:00,5,住信SBIネット銀行賞,6,5352,西岡 蒼志,4,20,54.9,0,0,0.23,3.12,5.17,15.52,0,0,0,28.13,43.75,32.19,45.21
2025-06-13,18,8,2025-06-13 12:06:00,5,住信SBIネット銀行賞,1,4315,山崎 昂介,2,41,52.5,1,0,0.16,4.84,28.68,47.06,5,34.78,39.13,46.88,62.5,37.24,51.03
2025-06-13,18,8,2025-06-13 12:06:00,5,住信SBIネット銀行賞,2,3107,平岡 重典,3,61,52,0,0,0.2,4.35,15.69,35.29,3.87,13.33,26.67,30.77,46.15,29.86,45.14
2025-06-13,18,8,2025-06-13 12:06:00,5,住信SBIネット銀行賞,3,4219,本岡 勝利,3,43,53.3,0,0,0.19,4.08,18.69,36.45,3.75,0,25,21.05,31.58,31.88,44.2
2025-06-13,18,8,2025-06-13 12:06:00,5,住信SBIネット銀行賞,4,5284,嘉手苅 徹哉,4,26,53,1,0,0.15,2.19,3.9,12.99,1.26,0,0,16.67,33.33,36.99,50.68
2025-06-13,18,8,2025-06-13 12:06:00,5,住信SBIネット銀行賞,5,3516,吉原 聖人,3,57,51.5,0,0,0.16,4.31,21.18,37.65,5,38.89,50,20.83,37.5,31.03,49.66
2025-06-13,18,8,2025-06-13 12:06:00,5,住信SBIネット銀行賞,6,5407,中岡 駿,4,20,53.7,1,0,,1.29,0,0,0,0,0,34.15,53.66,34.48,52.41
2025-06-13,18,9,2025-06-13 12:38:00,5,住信SBIネット銀行賞,1,4365,盛本 真輔,2,39,52,0,0,0.19,4.84,30.33,43.44,4.86,23.81,47.62,37.93,51.72,37.41,50.34
2025-06-13,18,9,2025-06-13 12:38:00,5,住信SBIネット銀行賞,2,3615,横田 茂,3,52,51,0,0,0.16,4.47,22.69,36.97,3.46,12.5,16.67,43.59,56.41,39.86,59.46
2025-06-13,18,9,2025-06-13 12:38:00,5,住信SBIネット銀行賞,3,3297,藤丸 光一,3,58,50,0,0,0.18,5.05,26.85,49.07,4.6,20,50,24.14,48.28,28.28,47.59
2025-06-13,18,9,2025-06-13 12:38:00,5,住信SBIネット銀行賞,4,4498,宮本 夏樹,3,37,54.6,0,0,0.15,4.78,28.09,42.7,4.33,26.67,33.33,24,36,20.45,36.36
2025-06-13,18,9,2025-06-13 12:38:00,5,住信SBIネット銀行賞,5,3519,冨田 秀幸,3,57,52,0,0,0.15,4.6,24.79,40.17,3,33.33,33.33,13.79,27.59,30.82,50
2025-06-13,18,9,2025-06-13 12:38:00,5,住信SBIネット銀行賞,6,3992,関口 智久,2,46,53.3,0,0,0.15,5.27,30.77,46.15,0,0,0,19.23,26.92,31.08,43.24
2025-06-13,18,10,2025-06-13 13:12:00,5,住信SBIネット銀行賞,1,3621,天野 晶夫,2,51,55.6,0,0,0.16,5.96,39.33,65.17,5.83,30.56,63.89,24,44,31.29,47.62
2025-06-13,18,10,2025-06-13 13:12:00,5,住信SBIネット銀行賞,2,3350,藤本 佳史,2,57,52,0,0,0.16,4.72,29,45,5.19,31.78,51.16,35.71,42.86,31.94,52.78
2025-06-13,18,10,2025-06-13 13:12:00,5,住信SBIネット銀行賞,3,4727,安部 慎一,3,37,53.3,0,0,0.14,4.4,28.57,38.96,4.75,25,40,36.67,60,35.17,50.34
2025-06-13,18,10,2025-06-13 13:12:00,5,住信SBIネット銀行賞,4,4792,杉村 賢也,3,35,52,0,0,0.17,5.37,32.99,56.7,0,0,0,45.16,64.52,36.49,51.35
2025-06-13,18,10,2025-06-13 13:12:00,5,住信SBIネット銀行賞,5,4207,松下 一也,2,42,53.5,0,0,0.13,6.47,51.89,68.87,7,63.16,73.68,16.67,29.17,31.76,49.32
2025-06-13,18,10,2025-06-13 13:12:00,5,住信SBIネット銀行賞,6,4840,鈴木 秀茉,3,33,52,0,0,0.18,4.66,30.93,43.3,4.72,22.22,55.56,16.13,25.81,26.28,43.07
2025-06-13,18,11,2025-06-13 13:48:00,5,住信SBIネット銀行賞,1,4278,藤岡 俊介,1,41,51.5,0,0,0.12,6.48,45.45,60,4.22,22.22,22.22,45.95,64.86,35.17,55.86
2025-06-13,18,11,2025-06-13 13:48:00,5,住信SBIネット銀行賞,2,5238,笹木 香吾,3,25,53.1,0,0,0.16,4.92,30.53,47.37,3.59,18.68,26.37,46.67,53.33,31.94,49.31
2025-06-13,18,11,2025-06-13 13:48:00,5,住信SBIネット銀行賞,3,4058,野末 智一,3,46,52,0,0,0.2,5.35,35.09,56.14,5.25,37.5,50,20,45,34.03,47.92
2025-06-13,18,11,2025-06-13 13:48:00,5,住信SBIネット銀行賞,4,4263,武重 雄介,2,40,54.7,0,0,0.16,6.27,43.93,65.42,5.98,39.13,66.96,58.62,79.31,44.9,63.27
2025-06-13,18,11,2025-06-13 13:48:00,5,住信SBIネット銀行賞,5,3832,下田 哲也,3,50,54.9,0,0,0.16,4.24,21.35,31.46,4.31,18.75,37.5,18.52,37.04,31.08,52.7
2025-06-13,18,11,2025-06-13 13:48:00,5,住信SBIネット銀行賞,6,4463,三苫 晃幸,2,39,53.6,0,0,0.14,5.66,39.58,53.13,5.47,36.11,55.56,35.9,56.41,30.14,50
2025-06-13,18,12,2025-06-13 14:26:00,5,住信SBIネット銀行賞,1,4570,前田 聖文,1,37,52.3,0,0,0.13,6.6,46.55,69.83,6.5,55,55,27.03,45.95,31.72,46.21
2025-06-13,18,12,2025-06-13 14:26:00,5,住信SBIネット銀行賞,2,4762,藤原 啓史朗,1,35,51,0,0,0.11,7.73,63.3,77.06,7.71,54.55,76.36,32.26,41.94,35.37,47.62
2025-06-13,18,12,2025-06-13 14:26:00,5,住信SBIネット銀行賞,3,4140,梶野 学志,1,44,52.7,0,0,0.15,5.71,40,56.92,0,0,0,34.62,53.85,37.09,54.3
2025-06-13,18,12,2025-06-13 14:26:00,5,住信SBIネット銀行賞,4,3257,田頭 実,1,58,51.5,0,0,0.12,6.16,48.65,67.57,6.93,60.71,64.29,60,72.5,37.84,54.73
2025-06-13,18,12,2025-06-13 14:26:00,5,住信SBIネット銀行賞,5,3822,平尾 崇典,1,52,50.5,0,0,0.15,6.39,40.31,67.44,7.22,61.11,72.22,42.86,64.29,29.05,49.32
2025-06-13,18,12,2025-06-13 14:26:00,5,住信SBIネット銀行賞,6,3385,渡邉 睦広,2,56,51.5,0,0,0.17,5.19,31.53,49.55,5.57,34.78,56.52,50,75,26.03,43.15
2025-06-13,19,1,2025-06-13 17:22:00,5,MNBR3rd 日本モーターボート選手会会長杯,1,5231,寺田 空詩,3,21,46.5,0,0,0.24,3.77,21.13,32.39,4.06,21.65,34.02,37.5,50,25.58,48.84
2025-06-13,19,1,2025-06-13 17:22:00,5,MNBR3rd 日本モーターボート選手会会長杯,2,5070,中島 航,3,31,52.7,0,0,0.18,4.14,15.71,40,3.17,0,16.67,39.02,51.22,40,54.29
2025-06-13,19,1,2025-06-13 17:22:00,5,MNBR3rd 日本モーターボート選手会会長杯,3,3558,山本 浩次,3,52,52.4,0,0,0.16,4.25,22.37,35.53,6,38.89,62.96,37.21,55.81,21.05,44.74
2025-06-13,19,1,2025-06-13 17:22:00,5,MNBR3rd 日本モーターボート選手会会長杯,4,4817,渡邉 翼,2,34,49.5,0,0,0.13,5.95,43.96,60.44,6.3,48.62,67.89,36.96,50,48.57,62.86
2025-06-13,19,1,2025-06-13 17:22:00,5,MNBR3rd 日本モーターボート選手会会長杯,5,4423,坂口 貴彦,3,36,53.8,0,0,0.16,5.33,32.5,56.25,6.13,47.83,69.57,22.5,37.5,42.86,57.14
2025-06-13,19,1,2025-06-13 17:22:00,5,MNBR3rd 日本モーターボート選手会会長杯,6,3352,小川 晃司,3,56,50.5,0,0,0.16,4.28,19.35,39.78,4.5,20.83,50,25.71,37.14,33.33,57.14
2025-06-13,19,2,2025-06-13 17:50:00,5,MNBR3rd 日本モーターボート選手会会長杯,1,4871,菊池 宏志,3,32,52.3,0,0,0.15,5.07,31.51,47.95,4.2,13.48,34.83,58.33,77.78,19.51,34.15
2025-06-13,19,2,2025-06-13 17:50:00,5,MNBR3rd 日本モーターボート選手会会長杯,2,4574,東 潤樹,3,36,52.8,0,0,0.18,4.58,24.53,38.68,4.69,18.75,40.63,46.51,69.77,26.32,42.11
2025-06-13,19,2,2025-06-13 17:50:00,5,MNBR3rd 日本モーターボート選手会会長杯,3,3977,山本 兼士,3,48,51.5,0,0,0.18,4.21,20.69,39.08,0,0,0,41.86,58.14,43.9,63.41
2025-06-13,19,2,2025-06-13 17:50:00,5,MNBR3rd 日本モーターボート選手会会長杯,4,5311,小林 京平,3,27,52.1,0,0,0.17,3.47,6.9,22.99,2.5,8.93,12.5,21.62,48.65,33.33,47.62
2025-06-13,19,2,2025-06-13 17:50:00,5,MNBR3rd 日本モーターボート選手会会長杯,5,4533,峰重 侑治,3,36,50.5,1,0,0.17,5.77,40,58.67,5.83,40,62.5,65.91,75,40,54.29
2025-06-13,19,2,2025-06-13 17:50:00,5,MNBR3rd 日本モーターボート選手会会長杯,6,3282,池本 輝明,3,58,51.5,0,0,0.18,4.53,22.12,37.5,3.56,11.11,33.33,40.48,54.76,21.62,48.65
2025-06-13,19,3,2025-06-13 18:14:00,5,MNBR3rd 日本モーターボート選手会会長杯,1,3432,宮迫 暢彦,3,57,52,0,0,0.16,4.75,26.8,47.42,5.3,39.13,52.17,33.33,50,39.02,58.54
2025-06-13,19,3,2025-06-13 18:14:00,5,MNBR3rd 日本モーターボート選手会会長杯,2,4154,森安 弘雅,3,44,52.6,0,0,0.18,5.51,36.61,57.14,5.78,34.78,52.17,30.77,48.72,26.19,50
2025-06-13,19,3,2025-06-13 18:14:00,5,MNBR3rd 日本モーターボート選手会会長杯,3,4601,森野 正弘,1,40,54.7,0,0,0.12,6.36,44.17,64.17,7.08,58.82,72.55,34.15,48.78,35.9,53.85
2025-06-13,19,3,2025-06-13 18:14:00,5,MNBR3rd 日本モーターボート選手会会長杯,4,4556,竹井 奈美,4,35,47,0,0,,5.8,42.86,57.14,7.8,70,90,31.71,48.78,31.58,52.63
2025-06-13,19,3,2025-06-13 18:14:00,5,MNBR3rd 日本モーターボート選手会会長杯,5,3757,畑 和宏,3,53,52,0,0,0.15,4.63,24,36,5,30,55,37.84,54.05,32.56,46.51
2025-06-13,19,3,2025-06-13 18:14:00,5,MNBR3rd 日本モーターボート選手会会長杯,6,3975,小野寺 智洋,2,48,51.5,0,0,0.15,5.56,37.84,57.66,6.14,50,68.18,24.32,32.43,16.22,27.03
2025-06-13,19,4,2025-06-13 18:38:00,5,MNBR3rd 日本モーターボート選手会会長杯,1,4889,後藤 盛也,2,36,52.2,0,0,0.13,5.21,37.21,45.35,4.71,23.81,42.86,20.93,44.19,37.84,56.76
2025-06-13,19,4,2025-06-13 18:38:00,5,MNBR3rd 日本モーターボート選手会会長杯,2,4578,藤山 雅弘,3,36,52.1,0,0,0.17,6.78,54.26,74.47,4.91,27.27,45.45,32.35,50,26.19,30.95
2025-06-13,19,4,2025-06-13 18:38:00,5,MNBR3rd 日本モーターボート選手会会長杯,3,4835,橋本 明,3,37,53.6,0,0,0.18,5.12,30.36,47.32,5.53,31.58,57.89,31.58,60.53,34.15,43.9
2025-06-13,19,4,2025-06-13 18:38:00,5,MNBR3rd 日本モーターボート選手会会長杯,4,5144,中尾 彩香,3,23,47.4,0,0,0.18,4.05,23.08,32.05,0,0,0,25,50,35,60
2025-06-13,19,4,2025-06-13 18:38:00,5,MNBR3rd 日本モーターボート選手会会長杯,5,3265,今村 暢孝,2,60,52,0,0,0.14,6.52,53.27,68.22,6.28,51.56,64.06,26.19,42.86,36.11,55.56
2025-06-13,19,4,2025-06-13 18:38:00,5,MNBR3rd 日本モーターボート選手会会長杯,6,4584,村岡 賢人,1,35,53.1,0,0,0.11,6.95,53.49,68.99,5,22.22,33.33,29.41,50,38.1,54.76
2025-06-13,19,5,2025-06-13 19:05:00,5,MNBR3rd 日本モーターボート選手会会長杯,1,4816,村松 修二,2,34,55.4,0,0,0.14,5.84,46.67,57.78,5.4,40,53.33,34.29,54.29,54.29,65.71
2025-06-13,19,5,2025-06-13 19:05:00,5,MNBR3rd 日本モーターボート選手会会長杯,2,3277,齋藤 勇,3,58,52,0,0,0.19,4.63,22.92,43.75,3.88,23.53,23.53,37.14,42.86,28.57,50
2025-06-13,19,5,2025-06-13 19:05:00,5,MNBR3rd 日本モーターボート選手会会長杯,3,4434,田中 辰彦,2,39,53.6,0,0,0.15,6.85,55.45,72.73,5.72,30.77,61.54,32.61,43.48,39.47,60.53
2025-06-13,19,5,2025-06-13 19:05:00,5,MNBR3rd 日本モーターボート選手会会長杯,4,5046,松山 裕基,3,31,53.5,0,0,0.15,3.97,13.92,37.97,6.15,40,70,22.22,36.11,19.05,38.1
2025-06-13,19,5,2025-06-13 19:05:00,5,MNBR3rd 日本モーターボート選手会会長杯,5,5236,小宮 涼雅,3,26,52.2,0,0,0.16,2.94,7.87,16.85,1.33,0,0,27.5,55,50,69.05
2025-06-13,19,5,2025-06-13 19:05:00,5,MNBR3rd 日本モーターボート選手会会長杯,6,4288,永田 啓二,1,40,52.2,0,0,0.13,6.96,53.54,67.72,7.83,63.33,76.67,21.05,42.11,43.59,56.41
2025-06-13,19,6,2025-06-13 19:31:00,5,MNBR3rd 日本モーターボート選手会会長杯,1,4292,麻生 慎介,1,40,52.9,0,0,0.13,6.52,41.18,67.65,6.55,45.45,72.73,18.42,31.58,31.58,42.11
2025-06-13,19,6,2025-06-13 19:31:00,5,MNBR3rd 日本モーターボート選手会会長杯,2,4533,峰重 侑治,3,36,50,1,0,0.17,5.77,40,58.67,5.83,40,62.5,65.91,75,40,54.29
2025-06-13,19,6,2025-06-13 19:31:00,5,MNBR3rd 日本モーターボート選手会会長杯,3,4402,乙藤 智史,2,40,53.6,0,0,0.17,6.01,40.74,64.2,6.46,50,60.71,32.43,45.95,27.03,37.84
2025-06-13,19,6,2025-06-13 19:31:00,5,MNBR3rd 日本モーターボート選手会会長杯,4,4826,井上 一輝,1,31,51.5,0,0,0.12,7.01,48.59,70.42,6.41,44.83,58.62,48.94,70.21,33.33,47.62
2025-06-13,19,6,2025-06-13 19:31:00,5,MNBR3rd 日本モーターボート選手会会長杯,5,5335,森 陽多,3,20,47.6,0,0,0.18,2.55,7.77,15.53,3,0,0,41.03,51.28,26.83,51.22
2025-06-13,19,6,2025-06-13 19:31:00,5,MNBR3rd 日本モーターボート選手会会長杯,6,3558,山本 浩次,3,52,52.5,0,0,0.16,4.25,22.37,35.53,6,38.89,62.96,37.21,55.81,21.05,44.74
2025-06-13,19,7,2025-06-13 19:57:00,5,MNBR3rd 日本モーターボート選手会会長杯,1,3303,渡辺 豊,2,57,54,1,0,0.18,5.59,38.76,57.36,6.33,36.67,73.33,26.19,38.1,12.2,26.83
2025-06-13,19,7,2025-06-13 19:57:00,5,MNBR3rd 日本モーターボート選手会会長杯,2,3897,白井 英治,1,48,53.9,0,0,0.13,7.91,65.31,82.65,8.43,77.78,87.88,28.57,45.24,23.68,34.21
2025-06-13,19,7,2025-06-13 19:57:00,5,MNBR3rd 日本モーターボート選手会会長杯,3,3282,池本 輝明,3,58,51.5,0,0,0.18,4.53,22.12,37.5,3.56,11.11,33.33,40.48,54.76,21.62,48.65
2025-06-13,19,7,2025-06-13 19:57:00,5,MNBR3rd 日本モーターボート選手会会長杯,4,4615,板倉 敦史,3,44,53.7,0,0,0.18,4.54,21.51,43.01,5.46,26.92,53.85,22.22,37.78,27.91,39.53
2025-06-13,19,7,2025-06-13 19:57:00,5,MNBR3rd 日本モーターボート選手会会長杯,5,3352,小川 晃司,3,56,50.5,0,0,0.16,4.28,19.35,39.78,4.5,20.83,50,25.71,37.14,33.33,57.14
2025-06-13,19,7,2025-06-13 19:57:00,5,MNBR3rd 日本モーターボート選手会会長杯,6,4746,大豆生田 蒼,2,30,47,0,0,0.17,6.04,38.96,61.04,5.59,40.63,53.13,32.5,47.5,52.78,61.11
2025-06-13,19,8,2025-06-13 20:26:00,5,MNBR3rd 日本モーターボート選手会会長杯,1,3997,北村 征嗣,1,46,52.5,0,0,0.16,6.6,45.87,73.39,0,0,0,20.51,33.33,34.29,48.57
2025-06-13,19,8,2025-06-13 20:26:00,5,MNBR3rd 日本モーターボート選手会会長杯,2,3741,松尾 基成,3,51,55.2,0,0,0.18,3.82,18.48,30.43,3.63,21.05,26.32,42.86,60,23.68,36.84
2025-06-13,19,8,2025-06-13 20:26:00,5,MNBR3rd 日本モーターボート選手会会長杯,3,3432,宮迫 暢彦,3,57,52,0,0,0.16,4.75,26.8,47.42,5.3,39.13,52.17,33.33,50,39.02,58.54
2025-06-13,19,8,2025-06-13 20:26:00,5,MNBR3rd 日本モーターボート選手会会長杯,4,5070,中島 航,3,31,52.7,0,0,0.18,4.14,15.71,40,3.17,0,16.67,39.02,51.22,40,54.29
2025-06-13,19,8,2025-06-13 20:26:00,5,MNBR3rd 日本モーターボート選手会会長杯,5,4744,伊藤 玲奈,3,32,46,0,0,0.22,4.91,22.47,50.56,5.19,31.25,46.88,19.51,46.34,25.58,48.84
2025-06-13,19,8,2025-06-13 20:26:00,5,MNBR3rd 日本モーターボート選手会会長杯,6,5311,小林 京平,3,27,52.1,0,0,0.17,3.47,6.9,22.99,2.5,8.93,12.5,21.62,48.65,33.33,47.62
2025-06-13,19,9,2025-06-13 20:57:00,5,MNBR3rd 日本モーターボート選手会会長杯,1,4738,清埜 翔子,2,33,47,0,0,0.16,6.06,45.67,59.84,5.67,44.44,55.56,32.56,48.84,37.84,54.05
2025-06-13,19,9,2025-06-13 20:57:00,5,MNBR3rd 日本モーターボート選手会会長杯,2,5144,中尾 彩香,3,23,47.4,0,0,0.18,4.05,23.08,32.05,0,0,0,25,50,35,60
2025-06-13,19,9,2025-06-13 20:57:00,5,MNBR3rd 日本モーターボート選手会会長杯,3,5231,寺田 空詩,3,21,46.5,0,0,0.24,3.77,21.13,32.39,4.06,21.65,34.02,37.5,50,25.58,48.84
2025-06-13,19,9,2025-06-13 20:57:00,5,MNBR3rd 日本モーターボート選手会会長杯,4,5295,田上 凜,3,23,46,0,0,0.2,2.65,6.41,16.67,2.15,0,7.69,23.68,28.95,35.71,54.76
2025-06-13,19,9,2025-06-13 20:57:00,5,MNBR3rd 日本モーターボート選手会会長杯,5,4556,竹井 奈美,4,35,47,0,0,,5.8,42.86,57.14,7.8,70,90,31.71,48.78,31.58,52.63
2025-06-13,19,9,2025-06-13 20:57:00,5,MNBR3rd 日本モーターボート選手会会長杯,6,5406,小畑 楓夏,4,20,53.5,0,0,,1,0,0,0,0,0,42.86,45.24,27.5,42.5
2025-06-13,19,10,2025-06-13 21:24:00,5,MNBR3rd 日本モーターボート選手会会長杯,1,4434,田中 辰彦,2,39,53.6,0,0,0.15,6.85,55.45,72.73,5.72,30.77,61.54,32.61,43.48,39.47,60.53
2025-06-13,19,10,2025-06-13 21:24:00,5,MNBR3rd 日本モーターボート選手会会長杯,2,4423,坂口 貴彦,3,36,53.8,0,0,0.16,5.33,32.5,56.25,6.13,47.83,69.57,22.5,37.5,42.86,57.14
2025-06-13,19,10,2025-06-13 21:24:00,5,MNBR3rd 日本モーターボート選手会会長杯,3,3975,小野寺 智洋,2,48,51.5,0,0,0.15,5.56,37.84,57.66,6.14,50,68.18,24.32,32.43,16.22,27.03
2025-06-13,19,10,2025-06-13 21:24:00,5,MNBR3rd 日本モーターボート選手会会長杯,4,4578,藤山 雅弘,3,36,52.1,0,0,0.17,6.78,54.26,74.47,4.91,27.27,45.45,32.35,50,26.19,30.95
2025-06-13,19,10,2025-06-13 21:24:00,5,MNBR3rd 日本モーターボート選手会会長杯,5,4871,菊池 宏志,3,32,52.3,0,0,0.15,5.07,31.51,47.95,4.2,13.48,34.83,58.33,77.78,19.51,34.15
2025-06-13,19,10,2025-06-13 21:24:00,5,MNBR3rd 日本モーターボート選手会会長杯,6,4402,乙藤 智史,2,40,53.6,0,0,0.17,6.01,40.74,64.2,6.46,50,60.71,32.43,45.95,27.03,37.84
2025-06-13,19,11,2025-06-13 21:51:00,5,MNBR3rd 日本モーターボート選手会会長杯,1,4826,井上 一輝,1,31,51.5,0,0,0.12,7.01,48.59,70.42,6.41,44.83,58.62,48.94,70.21,33.33,47.62
2025-06-13,19,11,2025-06-13 21:51:00,5,MNBR3rd 日本モーターボート選手会会長杯,2,3265,今村 暢孝,2,60,52,0,0,0.14,6.52,53.27,68.22,6.28,51.56,64.06,26.19,42.86,36.11,55.56
2025-06-13,19,11,2025-06-13 21:51:00,5,MNBR3rd 日本モーターボート選手会会長杯,3,4154,森安 弘雅,3,44,52.6,0,0,0.18,5.51,36.61,57.14,5.78,34.78,52.17,30.77,48.72,26.19,50
2025-06-13,19,11,2025-06-13 21:51:00,5,MNBR3rd 日本モーターボート選手会会長杯,4,4746,大豆生田 蒼,2,30,47,0,0,0.17,6.04,38.96,61.04,5.59,40.63,53.13,32.5,47.5,52.78,61.11
2025-06-13,19,11,2025-06-13 21:51:00,5,MNBR3rd 日本モーターボート選手会会長杯,5,4574,東 潤樹,3,36,52.8,0,0,0.18,4.58,24.53,38.68,4.69,18.75,40.63,46.51,69.77,26.32,42.11
2025-06-13,19,11,2025-06-13 21:51:00,5,MNBR3rd 日本モーターボート選手会会長杯,6,4817,渡邉 翼,2,34,49.5,0,0,0.13,5.95,43.96,60.44,6.3,48.62,67.89,36.96,50,48.57,62.86
2025-06-13,19,12,2025-06-13 22:18:00,5,MNBR3rd 日本モーターボート選手会会長杯,1,3897,白井 英治,1,48,53.9,0,0,0.13,7.91,65.31,82.65,8.43,77.78,87.88,28.57,45.24,23.68,34.21
2025-06-13,19,12,2025-06-13 22:18:00,5,MNBR3rd 日本モーターボート選手会会長杯,2,3997,北村 征嗣,1,46,52.5,0,0,0.16,6.6,45.87,73.39,0,0,0,20.51,33.33,34.29,48.57
2025-06-13,19,12,2025-06-13 22:18:00,5,MNBR3rd 日本モーターボート選手会会長杯,3,4288,永田 啓二,1,40,52.2,0,0,0.13,6.96,53.54,67.72,7.83,63.33,76.67,21.05,42.11,43.59,56.41
2025-06-13,19,12,2025-06-13 22:18:00,5,MNBR3rd 日本モーターボート選手会会長杯,4,4584,村岡 賢人,1,35,53.1,0,0,0.11,6.95,53.49,68.99,5,22.22,33.33,29.41,50,38.1,54.76
2025-06-13,19,12,2025-06-13 22:18:00,5,MNBR3rd 日本モーターボート選手会会長杯,5,4292,麻生 慎介,1,40,52.9,0,0,0.13,6.52,41.18,67.65,6.55,45.45,72.73,18.42,31.58,31.58,42.11
2025-06-13,19,12,2025-06-13 22:18:00,5,MNBR3rd 日本モーターボート選手会会長杯,6,4601,森野 正弘,1,40,54.7,0,0,0.12,6.36,44.17,64.17,7.08,58.82,72.55,34.15,48.78,35.9,53.85
2025-06-13,20,1,2025-06-13 15:24:00,5,唐十杯,1,4195,前川 守嗣,3,43,57.4,1,0,0.14,4.71,28.79,46.97,6.29,47.62,61.9,28.7,42.61,0,0
2025-06-13,20,1,2025-06-13 15:24:00,5,唐十杯,2,3361,岡部 浩,3,56,52,0,0,0.18,3.78,17.95,25.64,4.09,17.14,34.29,29.31,37.93,40,60
2025-06-13,20,1,2025-06-13 15:24:00,5,唐十杯,3,3787,天野 誠,3,53,53.2,0,0,0.19,4.23,23.4,36.17,2.8,6.67,6.67,23.02,41.27,22.22,33.33
2025-06-13,20,1,2025-06-13 15:24:00,5,唐十杯,4,4229,市川 美宏,3,42,53.4,0,0,0.18,4.49,18.56,38.14,4.08,23.08,23.08,27.19,42.11,20,60
2025-06-13,20,1,2025-06-13 15:24:00,5,唐十杯,5,4449,中嶋 達也,3,38,53.8,0,0,0.17,3.52,11.46,31.25,4.63,20.83,45.83,26.36,48.06,11.11,44.44
2025-06-13,20,1,2025-06-13 15:24:00,5,唐十杯,6,5408,中山 鷹輔,4,20,52,0,0,,1.41,0,0,0,0,0,25.4,47.62,33.33,55.56
2025-06-13,20,2,2025-06-13 15:50:00,5,唐十杯,1,4866,橋本 英一,3,35,54.5,0,0,0.15,4.13,21.35,31.46,4.15,23.08,38.46,35.71,53.97,0,0
2025-06-13,20,2,2025-06-13 15:50:00,5,唐十杯,2,4747,山戸 信二,3,39,51.5,0,0,0.16,3.21,13.64,21.21,3.52,23.81,28.57,31.15,44.26,22.22,55.56
2025-06-13,20,2,2025-06-13 15:50:00,5,唐十杯,3,3411,池上 隆行,3,55,51.5,0,0,0.17,3.48,10.39,22.08,4.18,18.18,36.36,27.83,40,45.45,63.64
2025-06-13,20,2,2025-06-13 15:50:00,5,唐十杯,4,4430,永田 秀二,1,39,55.9,0,0,0.17,5.72,39.17,55,6.57,42.86,71.43,38.14,53.39,40,80
2025-06-13,20,2,2025-06-13 15:50:00,5,唐十杯,5,3535,渡 修平,3,52,51.5,0,0,0.19,4.45,25.68,43.24,3.86,14.29,35.71,37.1,58.06,0,0
2025-06-13,20,2,2025-06-13 15:50:00,5,唐十杯,6,4036,金田 諭,1,46,52,0,0,0.16,6.04,42.57,60.4,5.33,33.33,60,35.59,47.46,0,0
2025-06-13,20,3,2025-06-13 16:18:00,5,唐十杯,1,4158,木場 雄二郎,3,44,56.1,0,0,0.16,4.54,25.71,40,3.28,16,24,23.14,42.15,0,0
2025-06-13,20,3,2025-06-13 16:18:00,5,唐十杯,2,4039,村上 功祐,3,46,56.1,0,0,0.15,5.65,38.67,60,5.5,21.43,64.29,36.13,51.26,60,70
2025-06-13,20,3,2025-06-13 16:18:00,5,唐十杯,3,3777,樋口 亮,2,49,52.8,1,0,0.17,5.73,37.04,54.63,6.52,48.15,66.67,27.87,41.8,0,14.29
2025-06-13,20,3,2025-06-13 16:18:00,5,唐十杯,4,3722,西村 秀樹,3,54,52.4,0,0,0.17,3.77,16,28,3.28,5,22.5,26.67,40,0,0
2025-06-13,20,3,2025-06-13 16:18:00,5,唐十杯,5,4380,鈴木 峻佑,3,40,52,0,0,0.16,4.56,24.11,38.39,4.05,20,30,45.08,60.66,20,60
2025-06-13,20,3,2025-06-13 16:18:00,5,唐十杯,6,3256,三角 哲男,1,58,52,0,0,0.13,6.75,51.2,69.6,5.5,25,37.5,37.9,53.23,0,0
2025-06-13,20,4,2025-06-13 16:47:00,5,唐十杯,1,4200,早川 尚人,3,42,52.7,0,0,0.17,4.52,17.98,38.2,4.36,14.29,28.57,39.29,54.46,40,80
2025-06-13,20,4,2025-06-13 16:47:00,5,唐十杯,2,3792,田中 豪,2,52,53.3,0,0,0.16,6.19,45.1,70.59,5.5,41.67,50,40.35,57.02,0,22.22
2025-06-13,20,4,2025-06-13 16:47:00,5,唐十杯,3,3293,宮内 由紀英,3,59,52.4,0,0,0.19,4.15,14.29,30.95,0,0,0,36.75,58.12,54.55,63.64
2025-06-13,20,4,2025-06-13 16:47:00,5,唐十杯,4,5235,岩田 凌,3,26,56.1,0,0,0.2,2.49,7.53,10.75,2.64,0,9.09,36.89,59.02,0,0
2025-06-13,20,4,2025-06-13 16:47:00,5,唐十杯,5,3731,高濱 芳久,3,51,52.8,0,0,0.19,5.38,35.63,50.57,5.3,37.21,53.49,34.43,49.18,0,0
2025-06-13,20,4,2025-06-13 16:47:00,5,唐十杯,6,4063,市橋 卓士,1,45,54.7,0,0,0.16,6.22,43.7,59.66,5.11,22.22,44.44,30.09,48.67,20,40
2025-06-13,20,5,2025-06-13 17:15:00,5,唐十杯,1,4295,小坂 尚哉,1,38,52.7,0,0,0.14,7.17,60.17,73.73,7.19,51.85,81.48,29.03,42.74,12.5,12.5
2025-06-13,20,5,2025-06-13 17:15:00,5,唐十杯,2,3502,渡邉 英児,2,55,53.4,0,0,0.17,5.25,32.28,48.82,5.98,47.92,58.33,33.06,52.07,30,60
2025-06-13,20,5,2025-06-13 17:15:00,5,唐十杯,3,3294,野中 義生,3,59,52,0,0,0.14,4.42,21.05,43.42,3.8,16,36,37.61,58.12,50,50
2025-06-13,20,5,2025-06-13 17:15:00,5,唐十杯,4,4624,高田 明,2,40,50.5,0,0,0.15,6.07,43.24,63.96,6.32,44.12,67.65,24.79,53.72,0,0
2025-06-13,20,5,2025-06-13 17:15:00,5,唐十杯,5,5268,山本 幸也,4,24,56.1,1,0,0.22,3.21,14.52,25.81,2.78,12.5,15,34.17,45.83,0,0
2025-06-13,20,5,2025-06-13 17:15:00,5,唐十杯,6,5199,垂水 悠,3,23,54,0,0,0.14,4.3,26.42,43.4,0,0,0,30.65,42.74,0,0
2025-06-13,20,6,2025-06-13 17:43:00,5,唐十杯,1,4568,廣瀬 真也,3,37,50.5,0,0,0.14,5.88,39.78,58.06,4.63,30,43.33,40.98,54.92,0,0
2025-06-13,20,6,2025-06-13 17:43:00,5,唐十杯,2,4449,中嶋 達也,3,38,53.8,0,0,0.17,3.52,11.46,31.25,4.63,20.83,45.83,26.36,48.06,11.11,44.44
2025-06-13,20,6,2025-06-13 17:43:00,5,唐十杯,3,4413,水摩 敦,2,39,50.5,1,0,0.17,6.19,42.96,62.96,6.51,45.37,64.81,24.58,39.83,45.45,63.64
2025-06-13,20,6,2025-06-13 17:43:00,5,唐十杯,4,4747,山戸 信二,3,39,51.5,0,0,0.16,3.21,13.64,21.21,3.52,23.81,28.57,31.15,44.26,22.22,55.56
2025-06-13,20,6,2025-06-13 17:43:00,5,唐十杯,5,4239,竹田 辰也,2,41,53.9,0,0,0.14,6.28,46.25,62.5,6.1,35,60,30.77,50.43,70,70
2025-06-13,20,6,2025-06-13 17:43:00,5,唐十杯,6,4076,杉田 篤光,3,46,52.4,0,0,0.19,5.95,45.21,58.9,3.13,12.5,12.5,34.82,59.82,0,0
2025-06-13,20,7,2025-06-13 18:20:00,5,唐十杯,1,4452,松尾 祭,2,37,52,0,0,0.16,5.68,37.96,55.56,4.2,20,40,35.59,53.39,0,0
2025-06-13,20,7,2025-06-13 18:20:00,5,唐十杯,2,4148,枝尾 賢,1,43,52.5,1,0,0.11,5.7,36.96,63.04,7.41,57.81,78.13,24.56,37.72,0,0
2025-06-13,20,7,2025-06-13 18:20:00,5,唐十杯,3,3212,亀本 勇樹,3,63,57,0,0,0.17,3.94,14.93,37.31,4.17,22.22,33.33,22.22,42.06,0,0
2025-06-13,20,7,2025-06-13 18:20:00,5,唐十杯,4,5242,高山 弘斗,3,24,54.5,0,0,0.2,3.41,13.68,27.37,0,0,0,27.19,40.35,0,0
2025-06-13,20,7,2025-06-13 18:20:00,5,唐十杯,5,3361,岡部 浩,3,56,52,0,0,0.18,3.78,17.95,25.64,4.09,17.14,34.29,29.31,37.93,40,60
2025-06-13,20,7,2025-06-13 18:20:00,5,唐十杯,6,3873,別府 昌樹,2,49,52,0,0,0.15,5.99,40.57,57.55,5.05,31.58,52.63,27.05,41.8,45.45,63.64
2025-06-13,20,8,2025-06-13 18:47:00,5,唐十杯,1,4051,清水 敦揮,1,44,54.6,0,0,0.15,6.6,52,66.4,7.76,67.8,83.05,33.63,50.44,0,12.5
2025-06-13,20,8,2025-06-13 18:47:00,5,唐十杯,2,4036,金田 諭,1,46,52,0,0,0.16,6.04,42.57,60.4,5.33,33.33,60,35.59,47.46,0,0
2025-06-13,20,8,2025-06-13 18:47:00,5,唐十杯,3,3907,村越 篤,2,47,54.8,0,0,0.17,5.26,35.94,49.22,5.83,50,56.67,24.58,36.44,0,0
2025-06-13,20,8,2025-06-13 18:47:00,5,唐十杯,4,4158,木場 雄二郎,3,44,56.1,0,0,0.16,4.54,25.71,40,3.28,16,24,23.14,42.15,0,0
2025-06-13,20,8,2025-06-13 18:47:00,5,唐十杯,5,3820,樫葉 次郎,3,53,58.2,0,0,0.16,3.28,5.13,30.77,2.88,0,18.75,31.19,50.46,36.36,54.55
2025-06-13,20,8,2025-06-13 18:47:00,5,唐十杯,6,3293,宮内 由紀英,3,59,52.4,0,0,0.19,4.15,14.29,30.95,0,0,0,36.75,58.12,54.55,63.64
2025-06-13,20,9,2025-06-13 19:17:00,5,唐十杯,1,4384,鶴本 崇文,2,40,52.5,0,0,0.18,6.72,49.15,71.19,6.47,40,66.67,26.98,37.3,0,0
2025-06-13,20,9,2025-06-13 19:17:00,5,唐十杯,2,4380,鈴木 峻佑,3,40,52,0,0,0.16,4.56,24.11,38.39,4.05,20,30,45.08,60.66,20,60
2025-06-13,20,9,2025-06-13 19:17:00,5,唐十杯,3,4112,大久保 信一郎,4,44,51.5,0,0,,4.86,23.21,53.57,4.86,14.29,71.43,26.19,42.86,11.11,11.11
2025-06-13,20,9,2025-06-13 19:17:00,5,唐十杯,4,3792,田中 豪,2,52,53.3,0,0,0.16,6.19,45.1,70.59,5.5,41.67,50,40.35,57.02,0,22.22
2025-06-13,20,9,2025-06-13 19:17:00,5,唐十杯,5,3787,天野 誠,3,53,53.2,0,0,0.19,4.23,23.4,36.17,2.8,6.67,6.67,23.02,41.27,22.22,33.33
2025-06-13,20,9,2025-06-13 19:17:00,5,唐十杯,6,3294,野中 義生,3,59,52,0,0,0.14,4.42,21.05,43.42,3.8,16,36,37.61,58.12,50,50
2025-06-13,20,10,2025-06-13 19:48:00,5,唐十杯,1,4239,竹田 辰也,2,41,53.9,0,0,0.14,6.28,46.25,62.5,6.1,35,60,30.77,50.43,70,70
2025-06-13,20,10,2025-06-13 19:48:00,5,唐十杯,2,3731,高濱 芳久,3,51,52.8,0,0,0.19,5.38,35.63,50.57,5.3,37.21,53.49,34.43,49.18,0,0
2025-06-13,20,10,2025-06-13 19:48:00,5,唐十杯,3,4229,市川 美宏,3,42,53.4,0,0,0.18,4.49,18.56,38.14,4.08,23.08,23.08,27.19,42.11,20,60
2025-06-13,20,10,2025-06-13 19:48:00,5,唐十杯,4,3777,樋口 亮,2,49,52.8,1,0,0.17,5.73,37.04,54.63,6.52,48.15,66.67,27.87,41.8,0,14.29
2025-06-13,20,10,2025-06-13 19:48:00,5,唐十杯,5,4866,橋本 英一,3,35,54.5,0,0,0.15,4.13,21.35,31.46,4.15,23.08,38.46,35.71,53.97,0,0
2025-06-13,20,10,2025-06-13 19:48:00,5,唐十杯,6,3502,渡邉 英児,2,55,53.4,0,0,0.17,5.25,32.28,48.82,5.98,47.92,58.33,33.06,52.07,30,60
2025-06-13,20,11,2025-06-13 20:16:00,5,唐十杯,1,4430,永田 秀二,1,39,55.9,0,0,0.17,5.72,39.17,55,6.57,42.86,71.43,38.14,53.39,40,80
2025-06-13,20,11,2025-06-13 20:16:00,5,唐十杯,2,4076,杉田 篤光,3,46,52.4,0,0,0.19,5.95,45.21,58.9,3.13,12.5,12.5,34.82,59.82,0,0
2025-06-13,20,11,2025-06-13 20:16:00,5,唐十杯,3,4624,高田 明,2,40,50.5,0,0,0.15,6.07,43.24,63.96,6.32,44.12,67.65,24.79,53.72,0,0
2025-06-13,20,11,2025-06-13 20:16:00,5,唐十杯,4,4200,早川 尚人,3,42,52.7,0,0,0.17,4.52,17.98,38.2,4.36,14.29,28.57,39.29,54.46,40,80
2025-06-13,20,11,2025-06-13 20:16:00,5,唐十杯,5,4452,松尾 祭,2,37,52,0,0,0.16,5.68,37.96,55.56,4.2,20,40,35.59,53.39,0,0
2025-06-13,20,11,2025-06-13 20:16:00,5,唐十杯,6,4039,村上 功祐,3,46,56.1,0,0,0.15,5.65,38.67,60,5.5,21.43,64.29,36.13,51.26,60,70
2025-06-13,20,12,2025-06-13 20:45:00,5,唐十杯,1,4148,枝尾 賢,1,43,52.5,1,0,0.11,5.7,36.96,63.04,7.41,57.81,78.13,24.56,37.72,0,0
2025-06-13,20,12,2025-06-13 20:45:00,5,唐十杯,2,4051,清水 敦揮,1,44,54.6,0,0,0.15,6.6,52,66.4,7.76,67.8,83.05,33.63,50.44,0,12.5
2025-06-13,20,12,2025-06-13 20:45:00,5,唐十杯,3,4063,市橋 卓士,1,45,54.7,0,0,0.16,6.22,43.7,59.66,5.11,22.22,44.44,30.09,48.67,20,40
2025-06-13,20,12,2025-06-13 20:45:00,5,唐十杯,4,3256,三角 哲男,1,58,52,0,0,0.13,6.75,51.2,69.6,5.5,25,37.5,37.9,53.23,0,0
2025-06-13,20,12,2025-06-13 20:45:00,5,唐十杯,5,4295,小坂 尚哉,1,38,52.7,0,0,0.14,7.17,60.17,73.73,7.19,51.85,81.48,29.03,42.74,12.5,12.5
2025-06-13,20,12,2025-06-13 20:45:00,5,唐十杯,6,4413,水摩 敦,2,39,50.5,1,0,0.17,6.19,42.96,62.96,6.51,45.37,64.81,24.58,39.83,45.45,63.64
2025-06-13,22,1,2025-06-13 12:33:00,5,日本モーターボート選手会長杯争奪戦,1,3955,眞田 英二,2,48,52.1,0,0,0.18,5.35,33.71,50.56,5.15,34.62,50,24.44,35.56,36.17,44.68
2025-06-13,22,1,2025-06-13 12:33:00,5,日本モーターボート選手会長杯争奪戦,2,4327,加藤 翔,3,41,52.7,0,0,0.2,4.16,19.78,35.16,3.94,11.11,33.33,30.91,49.09,42.86,52.38
2025-06-13,22,1,2025-06-13 12:33:00,5,日本モーターボート選手会長杯争奪戦,3,5319,近藤 颯斗,3,24,52.3,0,0,0.21,3.8,19.39,30.61,3.7,30,30,26.42,35.85,27.27,36.36
2025-06-13,22,1,2025-06-13 12:33:00,5,日本モーターボート選手会長杯争奪戦,4,4784,向井田 真紀,3,37,49.1,0,0,0.17,4.6,29.33,41.33,3.36,9.09,18.18,14.89,38.3,32,58
2025-06-13,22,1,2025-06-13 12:33:00,5,日本モーターボート選手会長杯争奪戦,5,4521,小池 公生,3,38,52.2,0,0,0.19,5.73,37.21,59.3,6.06,42.86,63.27,38.18,47.27,38.46,44.23
2025-06-13,22,1,2025-06-13 12:33:00,5,日本モーターボート選手会長杯争奪戦,6,5367,赤松 咲香,4,23,49.6,0,0,,1.23,0,0,0,0,0,17.65,47.06,37.5,52.08
2025-06-13,22,2,2025-06-13 13:01:00,5,日本モーターボート選手会長杯争奪戦,1,4526,池田 雄祐,1,37,51.5,0,0,0.13,6.43,44.94,70.79,7.82,54.55,90.91,23.81,42.86,28.95,52.63
2025-06-13,22,2,2025-06-13 13:01:00,5,日本モーターボート選手会長杯争奪戦,2,4011,堀之内 紀代子,2,45,47,0,0,0.18,5.65,38.32,57.01,5.3,30,50,14.29,20,48.72,61.54
2025-06-13,22,2,2025-06-13 13:01:00,5,日本モーターボート選手会長杯争奪戦,3,5175,島崎 丈一朗,3,21,52.7,0,0,0.2,3.34,10.77,24.62,4.21,25,35.71,29.79,46.81,23.33,40
2025-06-13,22,2,2025-06-13 13:01:00,5,日本モーターボート選手会長杯争奪戦,4,4875,大塚 康雅,3,30,51.5,0,0,0.16,4.68,24.49,40.82,4.71,29.41,41.18,27.5,65,20,45
2025-06-13,22,2,2025-06-13 13:01:00,5,日本モーターボート選手会長杯争奪戦,5,4988,牟田 奨太,3,28,55.7,0,0,0.14,4.11,28.75,35,0,0,0,15.79,39.47,29.27,43.9
2025-06-13,22,2,2025-06-13 13:01:00,5,日本モーターボート選手会長杯争奪戦,6,5270,小玉 啓太,3,24,52.2,1,0,0.16,2.98,10.77,16.92,2.05,1.82,7.27,27.66,53.19,41.67,44.44
2025-06-13,22,3,2025-06-13 13:29:00,5,日本モーターボート選手会長杯争奪戦,1,3574,大神 康司,3,52,53.4,1,0,0.17,5.62,38.36,54.79,5.85,44.44,60.49,36.36,54.55,53.49,60.47
2025-06-13,22,3,2025-06-13 13:29:00,5,日本モーターボート選手会長杯争奪戦,2,3070,山室 展弘,3,64,52,0,0,0.17,4,14.29,42.86,6,44.44,55.56,23.91,34.78,35.85,56.6
2025-06-13,22,3,2025-06-13 13:29:00,5,日本モーターボート選手会長杯争奪戦,3,4536,喜井 つかさ,1,35,47.5,0,0,0.16,5.56,39.02,53.66,6.38,37.5,50,30.91,45.45,32.65,51.02
2025-06-13,22,3,2025-06-13 13:29:00,5,日本モーターボート選手会長杯争奪戦,4,4952,吉武 真也,3,31,52,0,0,0.16,4.08,15,38.33,4.8,15.22,47.83,6.9,24.14,40.82,59.18
2025-06-13,22,3,2025-06-13 13:29:00,5,日本モーターボート選手会長杯争奪戦,5,4592,小林 孝弘,3,44,52,0,0,0.16,4.62,25.29,48.28,4.75,28.33,46.67,22.22,36.11,26.32,42.11
2025-06-13,22,3,2025-06-13 13:29:00,5,日本モーターボート選手会長杯争奪戦,6,3687,花田 和明,3,55,52.3,1,0,0.18,5.3,31.82,51.14,4.79,21.05,57.89,21.88,39.06,48,62
2025-06-13,22,4,2025-06-13 13:57:00,5,日本モーターボート選手会長杯争奪戦,1,3987,後藤 正宗,2,47,53.6,1,0,0.14,5.74,41.8,54.92,2.67,11.11,22.22,29.09,49.09,25,50
2025-06-13,22,4,2025-06-13 13:57:00,5,日本モーターボート選手会長杯争奪戦,2,3563,堤 昇,2,55,52.8,0,0,0.15,5.37,33.59,54.69,4.17,27.59,34.48,23.68,36.84,32.08,54.72
2025-06-13,22,4,2025-06-13 13:57:00,5,日本モーターボート選手会長杯争奪戦,3,4007,榮田 将彦,3,46,51,0,0,0.14,4.64,25,38.16,4.59,17.65,44.12,35,50,41.67,50
2025-06-13,22,4,2025-06-13 13:57:00,5,日本モーターボート選手会長杯争奪戦,4,4813,宮内 直哉,3,35,52.3,0,0,0.18,3.96,24.68,37.66,5.2,40,50,33.33,43.33,42.5,62.5
2025-06-13,22,4,2025-06-13 13:57:00,5,日本モーターボート選手会長杯争奪戦,5,4822,百武 翔,2,32,52,0,0,0.17,5.85,41.38,57.76,5.14,28.57,50,26.83,34.15,43.18,50
2025-06-13,22,4,2025-06-13 13:57:00,5,日本モーターボート選手会長杯争奪戦,6,3747,國崎 良春,3,50,52.8,1,0,0.15,5.25,34.65,53.47,5.15,36.62,52.11,37.88,48.48,10.71,14.29
2025-06-13,22,5,2025-06-13 14:25:00,5,日本モーターボート選手会長杯争奪戦,1,4530,小野 生奈,2,36,46.5,0,0,0.14,6.86,55.56,64.65,6.17,36.21,62.07,26.32,45.61,36.54,59.62
2025-06-13,22,5,2025-06-13 14:25:00,5,日本モーターボート選手会長杯争奪戦,2,4336,松田 竜馬,2,41,52.9,0,0,0.14,5.02,31.87,46.15,5.56,38,58,26.53,46.94,31.25,45.83
2025-06-13,22,5,2025-06-13 14:25:00,5,日本モーターボート選手会長杯争奪戦,3,3974,深山 祐二,3,48,52,0,0,0.15,4.05,19.51,30.49,4.4,32,36,36.59,56.1,30.61,48.98
2025-06-13,22,5,2025-06-13 14:25:00,5,日本モーターボート選手会長杯争奪戦,4,4839,四宮 与寛,2,34,52,0,0,0.13,6.58,51.33,69.03,7.5,60,80,33.33,49.12,17.95,46.15
2025-06-13,22,5,2025-06-13 14:25:00,5,日本モーターボート選手会長杯争奪戦,5,3863,海老澤 泰行,3,51,56,1,0,0.16,4.93,30.21,46.88,4.93,30,46.67,28.57,55.1,24.53,37.74
2025-06-13,22,5,2025-06-13 14:25:00,5,日本モーターボート選手会長杯争奪戦,6,3641,一瀬 明,2,54,52,0,0,0.16,5.88,39.09,59.09,6,46.15,61.54,26.15,40,31.91,48.94
2025-06-13,22,6,2025-06-13 14:53:00,5,日本モーターボート選手会長杯争奪戦,1,3813,佐藤 大介,1,49,52.5,0,0,0.17,6.38,45.79,67.29,6.6,40,72,33.33,50.72,23.81,50
2025-06-13,22,6,2025-06-13 14:53:00,5,日本モーターボート選手会長杯争奪戦,2,3211,北川 敏弘,3,63,53.9,0,0,0.17,3.82,15.28,30.56,5.41,41.18,55.88,33.33,47.37,27.91,46.51
2025-06-13,22,6,2025-06-13 14:53:00,5,日本モーターボート選手会長杯争奪戦,3,4327,加藤 翔,3,41,52.7,0,0,0.2,4.16,19.78,35.16,3.94,11.11,33.33,30.91,49.09,42.86,52.38
2025-06-13,22,6,2025-06-13 14:53:00,5,日本モーターボート選手会長杯争奪戦,4,4988,牟田 奨太,3,28,55.7,0,0,0.14,4.11,28.75,35,0,0,0,15.79,39.47,29.27,43.9
2025-06-13,22,6,2025-06-13 14:53:00,5,日本モーターボート選手会長杯争奪戦,5,5175,島崎 丈一朗,3,21,52.7,0,0,0.2,3.34,10.77,24.62,4.21,25,35.71,29.79,46.81,23.33,40
2025-06-13,22,6,2025-06-13 14:53:00,5,日本モーターボート選手会長杯争奪戦,6,4089,妹尾 忠幸,1,44,53.9,0,0,0.15,5.85,37.98,62.02,7.83,61.11,94.44,31.67,51.67,50,58
2025-06-13,22,7,2025-06-13 15:21:00,5,日本モーターボート選手会長杯争奪戦,1,4433,川野 芽唯,1,39,47.1,0,0,0.19,6.41,45.83,65,6.71,53.19,69.15,37.5,56.25,31.25,47.92
2025-06-13,22,7,2025-06-13 15:21:00,5,日本モーターボート選手会長杯争奪戦,2,3470,新田 芳美,3,55,47,0,0,0.16,4.63,22.86,37.14,6.4,50,80,30.51,49.15,11.11,22.22
2025-06-13,22,7,2025-06-13 15:21:00,5,日本モーターボート選手会長杯争奪戦,3,4011,堀之内 紀代子,2,45,47,0,0,0.18,5.65,38.32,57.01,5.3,30,50,14.29,20,48.72,61.54
2025-06-13,22,7,2025-06-13 15:21:00,5,日本モーターボート選手会長杯争奪戦,4,4536,喜井 つかさ,1,35,47.5,0,0,0.16,5.56,39.02,53.66,6.38,37.5,50,30.91,45.45,32.65,51.02
2025-06-13,22,7,2025-06-13 15:21:00,5,日本モーターボート選手会長杯争奪戦,5,5367,赤松 咲香,4,23,49.6,0,0,,1.23,0,0,0,0,0,17.65,47.06,37.5,52.08
2025-06-13,22,7,2025-06-13 15:21:00,5,日本モーターボート選手会長杯争奪戦,6,4479,矢野 真梨菜,4,37,47,1,0,0.19,4.04,20.83,33.33,0,0,0,44.93,57.97,21.95,43.9
2025-06-13,22,8,2025-06-13 15:51:00,5,日本モーターボート選手会長杯争奪戦,1,4822,百武 翔,2,32,52,0,0,0.17,5.85,41.38,57.76,5.14,28.57,50,26.83,34.15,43.18,50
2025-06-13,22,8,2025-06-13 15:51:00,5,日本モーターボート選手会長杯争奪戦,2,5270,小玉 啓太,3,24,52.2,1,0,0.16,2.98,10.77,16.92,2.05,1.82,7.27,27.66,53.19,41.67,44.44
2025-06-13,22,8,2025-06-13 15:51:00,5,日本モーターボート選手会長杯争奪戦,3,4952,吉武 真也,3,31,52,0,0,0.16,4.08,15,38.33,4.8,15.22,47.83,6.9,24.14,40.82,59.18
2025-06-13,22,8,2025-06-13 15:51:00,5,日本モーターボート選手会長杯争奪戦,4,4007,榮田 将彦,3,46,51,0,0,0.14,4.64,25,38.16,4.59,17.65,44.12,35,50,41.67,50
2025-06-13,22,8,2025-06-13 15:51:00,5,日本モーターボート選手会長杯争奪戦,5,5240,高橋 龍治,3,24,55.4,0,0,0.17,3.79,17.5,30,3.34,13.64,22.73,38.98,57.63,31.91,46.81
2025-06-13,22,8,2025-06-13 15:51:00,5,日本モーターボート選手会長杯争奪戦,6,5319,近藤 颯斗,3,24,52.3,0,0,0.21,3.8,19.39,30.61,3.7,30,30,26.42,35.85,27.27,36.36
2025-06-13,22,9,2025-06-13 16:21:00,5,日本モーターボート選手会長杯争奪戦,1,3434,松尾 宣邦,3,56,51.5,0,0,0.16,4.91,31.34,44.78,5.13,31.25,50,24.14,43.1,22.73,47.73
2025-06-13,22,9,2025-06-13 16:21:00,5,日本モーターボート選手会長杯争奪戦,2,4592,小林 孝弘,3,44,50.5,0,0,0.16,4.62,25.29,48.28,4.75,28.33,46.67,22.22,36.11,26.32,42.11
2025-06-13,22,9,2025-06-13 16:21:00,5,日本モーターボート選手会長杯争奪戦,3,3641,一瀬 明,2,54,52,0,0,0.16,5.88,39.09,59.09,6,46.15,61.54,26.15,40,31.91,48.94
2025-06-13,22,9,2025-06-13 16:21:00,5,日本モーターボート選手会長杯争奪戦,4,3955,眞田 英二,2,48,53.2,0,0,0.18,5.35,33.71,50.56,5.15,34.62,50,24.44,35.56,36.17,44.68
2025-06-13,22,9,2025-06-13 16:21:00,5,日本モーターボート選手会長杯争奪戦,5,4813,宮内 直哉,3,35,52.1,0,0,0.18,3.96,24.68,37.66,5.2,40,50,33.33,43.33,42.5,62.5
2025-06-13,22,9,2025-06-13 16:21:00,5,日本モーターボート選手会長杯争奪戦,6,4875,大塚 康雅,3,30,51,0,0,0.16,4.68,24.49,40.82,4.71,29.41,41.18,27.5,65,20,45
2025-06-13,22,10,2025-06-13 16:53:00,5,日本モーターボート選手会長杯争奪戦,1,4521,小池 公生,3,38,52.2,0,0,0.19,5.73,37.21,59.3,6.06,42.86,63.27,38.18,47.27,38.46,44.23
2025-06-13,22,10,2025-06-13 16:53:00,5,日本モーターボート選手会長杯争奪戦,2,3813,佐藤 大介,1,49,52.5,0,0,0.17,6.38,45.79,67.29,6.6,40,72,33.33,50.72,23.81,50
2025-06-13,22,10,2025-06-13 16:53:00,5,日本モーターボート選手会長杯争奪戦,3,3987,後藤 正宗,2,47,53.6,1,0,0.14,5.74,41.8,54.92,2.67,11.11,22.22,29.09,49.09,25,50
2025-06-13,22,10,2025-06-13 16:53:00,5,日本モーターボート選手会長杯争奪戦,4,4336,松田 竜馬,2,41,52.9,0,0,0.14,5.02,31.87,46.15,5.56,38,58,26.53,46.94,31.25,45.83
2025-06-13,22,10,2025-06-13 16:53:00,5,日本モーターボート選手会長杯争奪戦,5,3070,山室 展弘,3,64,52,0,0,0.17,4,14.29,42.86,6,44.44,55.56,23.91,34.78,35.85,56.6
2025-06-13,22,10,2025-06-13 16:53:00,5,日本モーターボート選手会長杯争奪戦,6,4526,池田 雄祐,1,37,51.5,0,0,0.13,6.43,44.94,70.79,7.82,54.55,90.91,23.81,42.86,28.95,52.63
2025-06-13,22,11,2025-06-13 17:25:00,5,日本モーターボート選手会長杯争奪戦,1,4089,妹尾 忠幸,1,44,53.9,0,0,0.15,5.85,37.98,62.02,7.83,61.11,94.44,31.67,51.67,50,58
2025-06-13,22,11,2025-06-13 17:25:00,5,日本モーターボート選手会長杯争奪戦,2,4530,小野 生奈,2,36,46.5,0,0,0.14,6.86,55.56,64.65,6.17,36.21,62.07,26.32,45.61,36.54,59.62
2025-06-13,22,11,2025-06-13 17:25:00,5,日本モーターボート選手会長杯争奪戦,3,4839,四宮 与寛,2,34,52,0,0,0.13,6.58,51.33,69.03,7.5,60,80,33.33,49.12,17.95,46.15
2025-06-13,22,11,2025-06-13 17:25:00,5,日本モーターボート選手会長杯争奪戦,4,3563,堤 昇,2,55,52.8,0,0,0.15,5.37,33.59,54.69,4.17,27.59,34.48,23.68,36.84,32.08,54.72
2025-06-13,22,11,2025-06-13 17:25:00,5,日本モーターボート選手会長杯争奪戦,5,4433,川野 芽唯,1,39,47.1,0,0,0.19,6.41,45.83,65,6.71,53.19,69.15,37.5,56.25,31.25,47.92
2025-06-13,22,11,2025-06-13 17:25:00,5,日本モーターボート選手会長杯争奪戦,6,3574,大神 康司,3,52,53.4,1,0,0.17,5.62,38.36,54.79,5.85,44.44,60.49,36.36,54.55,53.49,60.47
2025-06-13,22,12,2025-06-13 18:00:00,5,日本モーターボート選手会長杯争奪戦,1,4256,渡辺 浩司,1,41,52,0,0,0.12,6.98,53.49,69.77,7.1,55.7,71.81,21.57,43.14,47.83,63.04
2025-06-13,22,12,2025-06-13 18:00:00,5,日本モーターボート選手会長杯争奪戦,2,4798,浜先 真範,2,32,52.1,0,0,0.16,7.03,51.52,72.73,6.23,54.84,67.74,28.26,36.96,40.48,61.9
2025-06-13,22,12,2025-06-13 18:00:00,5,日本モーターボート選手会長杯争奪戦,3,3158,島川 光男,1,60,52.4,0,0,0.15,5.5,39.8,51.02,6.62,52.38,71.43,38.46,49.23,24.07,48.15
2025-06-13,22,12,2025-06-13 18:00:00,5,日本モーターボート選手会長杯争奪戦,4,3436,柏野 幸二,2,56,51,0,0,0.13,5.43,26.25,48.75,6.64,52,76,12.2,36.59,25.53,51.06
2025-06-13,22,12,2025-06-13 18:00:00,5,日本モーターボート選手会長杯争奪戦,5,4000,松本 博昭,2,48,54.6,0,0,0.17,5.72,33.59,57.25,5.95,47.37,63.16,17.95,35.9,21.15,44.23
2025-06-13,22,12,2025-06-13 18:00:00,5,日本モーターボート選手会長杯争奪戦,6,3576,白水 勝也,1,52,52.1,0,0,0.16,6.37,46.15,69.23,6.05,42.48,61.95,29.23,47.69,40,66.67
