race_date,stadium_number,race_number,race_closed_at,race_grade_number,race_title,boat_number,racer_number,racer_name,racer_class_number,racer_age,racer_weight,racer_flying_count,racer_late_count,racer_average_start_timing,racer_national_top_1_percent,racer_national_top_2_percent,racer_national_top_3_percent,racer_local_top_1_percent,racer_local_top_2_percent,racer_local_top_3_percent,racer_assigned_motor_top_2_percent,racer_assigned_motor_top_3_percent,racer_assigned_boat_top_2_percent,racer_assigned_boat_top_3_percent
2025-05-15,2,1,2025-05-15 10:47:00,4,マスターズリーグ第1戦,1,3503,堂原 洋史,3,55,52,0,0,0.18,4.35,15.84,38.61,4.21,17.54,33.33,46.46,60.61,34.88,50
2025-05-15,2,1,2025-05-15 10:47:00,4,マスターズリーグ第1戦,2,3313,本吉 正樹,3,59,54.5,0,0,0.18,3.68,11.84,26.32,2.83,0,16.67,28.27,46.6,41.28,61.63
2025-05-15,2,1,2025-05-15 10:47:00,4,マスターズリーグ第1戦,3,3892,草場 康幸,3,49,52,0,0,0.15,5.43,35.87,52.17,0,0,0,33.52,46.93,35.63,53.45
2025-05-15,2,1,2025-05-15 10:47:00,4,マスターズリーグ第1戦,4,3546,中里 昌志,3,56,52,1,0,0.18,4.46,20.43,41.94,5.17,30.67,53.33,38.14,52.06,31.79,48.55
2025-05-15,2,1,2025-05-15 10:47:00,4,マスターズリーグ第1戦,5,3929,杢野 誓良,3,49,52.1,0,0,0.15,5.16,30.38,50.63,5.62,34.04,59.57,33.7,54.7,34.71,54.71
2025-05-15,2,1,2025-05-15 10:47:00,4,マスターズリーグ第1戦,6,3442,宮武 英司,3,55,55.2,0,0,0.17,5.11,30.21,45.83,5.35,35.29,52.94,35.84,49.71,35.47,56.4
2025-05-15,2,2,2025-05-15 11:16:00,4,マスターズリーグ第1戦,1,3444,香月 大介,3,55,53.4,1,0,0.16,3.95,19.79,28.13,4.63,18.75,43.75,35.91,50.83,34.5,51.46
2025-05-15,2,2,2025-05-15 11:16:00,4,マスターズリーグ第1戦,2,3710,吉永 泰弘,3,50,54.6,0,0,0.17,5.49,33.98,58.25,5.67,33.33,55.56,41.84,58.16,39.53,53.49
2025-05-15,2,2,2025-05-15 11:16:00,4,マスターズリーグ第1戦,3,3489,大場 敏,2,58,52.6,0,0,0.15,5.77,34.38,60.94,6.68,50,76.32,32.96,49.16,30.99,40.94
2025-05-15,2,2,2025-05-15 11:16:00,4,マスターズリーグ第1戦,4,3381,滝沢 芳行,2,56,51.5,0,0,0.15,5.11,34.86,46.79,6.29,45.95,63.96,36.94,53.5,33.14,50.3
2025-05-15,2,2,2025-05-15 11:16:00,4,マスターズリーグ第1戦,5,3679,飯島 昌弘,1,52,52,0,0,0.16,6.71,52.1,64.71,6.44,42.57,71.29,28.75,46.25,31.98,52.91
2025-05-15,2,2,2025-05-15 11:16:00,4,マスターズリーグ第1戦,6,3572,安田 政彦,3,53,52.2,0,0,0.2,5.66,40.71,56.64,0,0,0,35.87,57.07,37.21,54.07
2025-05-15,2,3,2025-05-15 11:45:00,4,マスターズリーグ第1戦,1,3441,土屋 太朗,3,55,52.4,0,0,0.2,5.18,26.32,50,5.18,33.33,48.72,36.76,56.22,38.15,53.18
2025-05-15,2,3,2025-05-15 11:45:00,4,マスターズリーグ第1戦,2,3554,仲口 博崇,1,52,52,0,0,0.18,6.54,50.4,64.8,6.13,43.75,56.25,37.91,48.9,44.12,60.59
2025-05-15,2,3,2025-05-15 11:45:00,4,マスターズリーグ第1戦,3,3876,中辻 崇人,1,48,52.9,0,0,0.12,8.39,77.11,89.16,0,0,0,34.3,49.42,35.67,54.39
2025-05-15,2,3,2025-05-15 11:45:00,4,マスターズリーグ第1戦,4,3319,山崎 義明,2,58,52,0,0,0.14,5.15,27.18,51.46,5.93,36.25,66.25,34.94,52.41,31.98,54.07
2025-05-15,2,3,2025-05-15 11:45:00,4,マスターズリーグ第1戦,5,3736,岡本 猛,3,51,52.6,0,0,0.16,4.34,24.71,35.29,6.57,42.86,76.19,35.82,53.73,39.64,54.44
2025-05-15,2,3,2025-05-15 11:45:00,4,マスターズリーグ第1戦,6,3459,中野 和裕,3,58,55.3,0,0,0.18,4.39,23.91,39.13,0,0,0,30.13,44.23,44.77,58.72
2025-05-15,2,4,2025-05-15 12:14:00,4,マスターズリーグ第1戦,1,3619,長谷川 充,3,51,52,0,0,0.19,5.17,31.19,47.71,4.61,22.58,38.71,33.33,44.64,35.67,52.05
2025-05-15,2,4,2025-05-15 12:14:00,4,マスターズリーグ第1戦,2,3983,須藤 博倫,1,47,52,0,0,0.15,7.16,55.17,71.26,7,55.4,71.22,34.41,50.54,33.33,53.8
2025-05-15,2,4,2025-05-15 12:14:00,4,マスターズリーグ第1戦,3,3915,繁野谷 圭介,2,51,52.2,0,0,0.18,5.35,36.54,49.04,7.5,60,80,36.67,51.67,36.78,55.17
2025-05-15,2,4,2025-05-15 12:14:00,4,マスターズリーグ第1戦,4,3869,井芹 大志,3,49,55.3,0,0,0.17,4.12,18.56,34.02,4,11.11,33.33,35.98,50.26,43.02,58.72
2025-05-15,2,4,2025-05-15 12:14:00,4,マスターズリーグ第1戦,5,3966,作間 章,1,45,53.5,0,0,0.16,6.34,46.04,67.63,5.73,36.36,45.45,32.68,50.33,35.37,46.34
2025-05-15,2,4,2025-05-15 12:14:00,4,マスターズリーグ第1戦,6,3600,玄馬 徹,3,55,52.3,0,0,0.2,4.03,24.47,32.98,6.43,57.14,57.14,38.04,60.87,40.7,59.3
2025-05-15,2,5,2025-05-15 12:44:00,4,マスターズリーグ第1戦,1,3662,大庭 元明,2,55,55.3,0,0,0.15,5.82,43.97,56.03,5,27.78,44.44,32.97,50.27,35.29,50
2025-05-15,2,5,2025-05-15 12:44:00,4,マスターズリーグ第1戦,2,3448,高山 秀雄,3,55,52.4,0,0,0.19,4.51,18.18,44.32,4.58,22.58,41.94,35.64,54.26,36.26,47.95
2025-05-15,2,5,2025-05-15 12:44:00,4,マスターズリーグ第1戦,3,3455,谷本 幸司,3,54,52,0,0,0.17,4.74,30.53,44.21,6.25,50,56.25,32.95,55.11,40.35,53.8
2025-05-15,2,5,2025-05-15 12:44:00,4,マスターズリーグ第1戦,4,3960,菊地 孝平,1,46,54,0,0,0.11,7.33,52.87,71.26,7.12,35.29,47.06,36.26,59.06,32.14,49.4
2025-05-15,2,5,2025-05-15 12:44:00,4,マスターズリーグ第1戦,5,3503,堂原 洋史,3,55,52,0,0,0.18,4.35,15.84,38.61,4.21,17.54,33.33,46.46,60.61,34.88,50
2025-05-15,2,5,2025-05-15 12:44:00,4,マスターズリーグ第1戦,6,3471,赤峰 和也,3,55,52.1,0,0,0.18,4.31,17.33,33.33,0,0,0,35.43,52,32.32,53.05
2025-05-15,2,6,2025-05-15 13:14:00,4,マスターズリーグ第1戦,1,3340,池田 雷太,3,59,53,0,0,0.18,4.83,29.13,43.31,5,33.33,41.67,41.14,56.57,33.91,51.15
2025-05-15,2,6,2025-05-15 13:14:00,4,マスターズリーグ第1戦,2,3740,大澤 普司,2,51,53.8,0,0,0.16,6.45,50,65.69,5.93,46.67,60,31.96,50.52,33.91,48.85
2025-05-15,2,6,2025-05-15 13:14:00,4,マスターズリーグ第1戦,3,3772,一柳 和孝,2,51,52.1,0,0,0.15,5.28,32.65,50,5.53,33.05,51.69,38.85,54.78,31.76,51.18
2025-05-15,2,6,2025-05-15 13:14:00,4,マスターズリーグ第1戦,4,3442,宮武 英司,3,55,55.2,0,0,0.17,5.11,30.21,45.83,5.35,35.29,52.94,35.84,49.71,35.47,56.4
2025-05-15,2,6,2025-05-15 13:14:00,4,マスターズリーグ第1戦,5,4061,萩原 秀人,1,46,52.8,0,0,0.15,7.18,52.63,74.56,6.89,55.56,77.78,35.75,54.19,36.05,46.51
2025-05-15,2,6,2025-05-15 13:14:00,4,マスターズリーグ第1戦,6,3853,岩崎 正哉,2,52,55.8,0,0,0.19,5.65,37.29,53.39,6,38.1,66.67,37.02,56.91,35.47,51.74
2025-05-15,2,7,2025-05-15 13:45:00,4,マスターズリーグ第1戦,1,3256,三角 哲男,1,58,52,0,0,0.13,6.46,48.67,63.72,6.14,44.44,58.33,35.35,53.54,36.57,53.71
2025-05-15,2,7,2025-05-15 13:45:00,4,マスターズリーグ第1戦,2,3831,安藤 裕貴,4,50,54.1,0,0,0.15,4.17,25.3,32.53,4.21,21.05,31.58,37.36,45.98,31.18,48.82
2025-05-15,2,7,2025-05-15 13:45:00,4,マスターズリーグ第1戦,3,3748,小黒 竜吾,3,49,55.8,0,0,0.16,4.19,15.19,35.44,4.56,23.75,42.5,35.43,60.57,41.71,60
2025-05-15,2,7,2025-05-15 13:45:00,4,マスターズリーグ第1戦,4,3710,吉永 泰弘,3,50,54.6,0,0,0.17,5.49,33.98,58.25,5.67,33.33,55.56,41.84,58.16,39.53,53.49
2025-05-15,2,7,2025-05-15 13:45:00,4,マスターズリーグ第1戦,5,3353,前田 光昭,4,56,52,0,0,0.14,3.5,13.33,30,4.69,24.59,37.7,36.46,54.14,32.74,49.4
2025-05-15,2,7,2025-05-15 13:45:00,4,マスターズリーグ第1戦,6,3928,林 恵祐,3,49,60,0,0,0.16,4,17.58,28.57,3.95,13.64,36.36,34.78,51.09,37.36,51.15
2025-05-15,2,8,2025-05-15 14:16:00,4,マスターズリーグ第1戦,1,3736,岡本 猛,3,51,52.6,0,0,0.16,4.34,24.71,35.29,6.57,42.86,76.19,35.82,53.73,39.64,54.44
2025-05-15,2,8,2025-05-15 14:16:00,4,マスターズリーグ第1戦,2,3381,滝沢 芳行,2,56,51.5,0,0,0.15,5.11,34.86,46.79,6.29,45.95,63.96,36.94,53.5,33.14,50.3
2025-05-15,2,8,2025-05-15 14:16:00,4,マスターズリーグ第1戦,3,3313,本吉 正樹,3,59,54.5,0,0,0.18,3.68,11.84,26.32,2.83,0,16.67,28.27,46.6,41.28,61.63
2025-05-15,2,8,2025-05-15 14:16:00,4,マスターズリーグ第1戦,4,3713,伊藤 誠二,2,50,52,0,0,0.14,5.41,35.09,51.75,6.21,50,56.25,41.45,53.89,38.82,58.24
2025-05-15,2,8,2025-05-15 14:16:00,4,マスターズリーグ第1戦,5,3869,井芹 大志,3,49,55.3,0,0,0.17,4.12,18.56,34.02,4,11.11,33.33,35.98,50.26,43.02,58.72
2025-05-15,2,8,2025-05-15 14:16:00,4,マスターズリーグ第1戦,6,3952,中澤 和志,1,48,52,0,0,0.13,7.08,50.85,71.19,7.25,50.36,71.22,34.33,52.24,33.33,52.63
2025-05-15,2,9,2025-05-15 14:48:00,4,マスターズリーグ第1戦,1,3489,大場 敏,2,58,52.6,0,0,0.15,5.77,34.38,60.94,6.68,50,76.32,32.96,49.16,30.99,40.94
2025-05-15,2,9,2025-05-15 14:48:00,4,マスターズリーグ第1戦,2,4055,吉田 俊彦,1,46,53,0,0,0.14,6.03,41.13,51.61,6.38,43.75,56.25,35.54,51.81,33.93,47.02
2025-05-15,2,9,2025-05-15 14:48:00,4,マスターズリーグ第1戦,3,3448,高山 秀雄,3,55,52.4,0,0,0.19,4.51,18.18,44.32,4.58,22.58,41.94,35.64,54.26,36.26,47.95
2025-05-15,2,9,2025-05-15 14:48:00,4,マスターズリーグ第1戦,4,3556,田中 信一郎,1,52,53.7,0,0,0.15,6.54,47.31,66.67,5.36,36.36,54.55,40.53,55.79,35.09,55.56
2025-05-15,2,9,2025-05-15 14:48:00,4,マスターズリーグ第1戦,5,3892,草場 康幸,3,49,52,0,0,0.15,5.43,35.87,52.17,0,0,0,33.52,46.93,35.63,53.45
2025-05-15,2,9,2025-05-15 14:48:00,4,マスターズリーグ第1戦,6,3319,山崎 義明,2,58,52,0,0,0.14,5.15,27.18,51.46,5.93,36.25,66.25,34.94,52.41,31.98,54.07
2025-05-15,2,10,2025-05-15 15:21:00,4,マスターズリーグ第1戦,1,3554,仲口 博崇,1,52,52,0,0,0.18,6.54,50.4,64.8,6.13,43.75,56.25,37.91,48.9,44.12,60.59
2025-05-15,2,10,2025-05-15 15:21:00,4,マスターズリーグ第1戦,2,3572,安田 政彦,3,53,52.2,0,0,0.2,5.66,40.71,56.64,0,0,0,35.87,57.07,37.21,54.07
2025-05-15,2,10,2025-05-15 15:21:00,4,マスターズリーグ第1戦,3,3740,大澤 普司,2,51,53.8,0,0,0.16,6.45,50,65.69,5.93,46.67,60,31.96,50.52,33.91,48.85
2025-05-15,2,10,2025-05-15 15:21:00,4,マスターズリーグ第1戦,4,3966,作間 章,1,45,53.5,0,0,0.16,6.34,46.04,67.63,5.73,36.36,45.45,32.68,50.33,35.37,46.34
2025-05-15,2,10,2025-05-15 15:21:00,4,マスターズリーグ第1戦,5,3912,川原 正明,2,51,52.1,0,0,0.14,5.38,41.07,53.57,4.5,16.67,50,36.76,52.97,31.79,47.98
2025-05-15,2,10,2025-05-15 15:21:00,4,マスターズリーグ第1戦,6,3546,中里 昌志,3,56,52,1,0,0.18,4.46,20.43,41.94,5.17,30.67,53.33,38.14,52.06,31.79,48.55
2025-05-15,2,11,2025-05-15 15:55:00,4,マスターズリーグ第1戦,1,3679,飯島 昌弘,1,52,52,0,0,0.16,6.71,52.1,64.71,6.44,42.57,71.29,28.75,46.25,31.98,52.91
2025-05-15,2,11,2025-05-15 15:55:00,4,マスターズリーグ第1戦,2,3662,大庭 元明,2,55,55.4,0,0,0.15,5.82,43.97,56.03,5,27.78,44.44,32.97,50.27,35.29,50
2025-05-15,2,11,2025-05-15 15:55:00,4,マスターズリーグ第1戦,3,3441,土屋 太朗,3,55,52.1,0,0,0.2,5.18,26.32,50,5.18,33.33,48.72,36.76,56.22,38.15,53.18
2025-05-15,2,11,2025-05-15 15:55:00,4,マスターズリーグ第1戦,4,3929,杢野 誓良,3,49,52.1,0,0,0.15,5.16,30.38,50.63,5.62,34.04,59.57,33.7,54.7,34.71,54.71
2025-05-15,2,11,2025-05-15 15:55:00,4,マスターズリーグ第1戦,5,3915,繁野谷 圭介,2,51,52,0,0,0.18,5.35,36.54,49.04,7.5,60,80,36.67,51.67,36.78,55.17
2025-05-15,2,11,2025-05-15 15:55:00,4,マスターズリーグ第1戦,6,3995,重野 哲之,1,46,53,0,0,0.12,6.5,46.25,60,6.38,54.17,62.5,32.95,45.45,41.38,56.32
2025-05-15,2,12,2025-05-15 16:30:00,4,マスターズリーグ第1戦,1,3960,菊地 孝平,1,46,54,0,0,0.11,7.33,52.87,71.26,7.12,35.29,47.06,36.26,59.06,32.14,49.4
2025-05-15,2,12,2025-05-15 16:30:00,4,マスターズリーグ第1戦,2,4061,萩原 秀人,1,46,52.8,0,0,0.15,7.18,52.63,74.56,6.89,55.56,77.78,35.75,54.19,36.05,46.51
2025-05-15,2,12,2025-05-15 16:30:00,4,マスターズリーグ第1戦,3,3952,中澤 和志,1,48,52,0,0,0.13,7.08,50.85,71.19,7.25,50.36,71.22,34.33,52.24,33.33,52.63
2025-05-15,2,12,2025-05-15 16:30:00,4,マスターズリーグ第1戦,4,3256,三角 哲男,1,58,52,0,0,0.13,6.46,48.67,63.72,6.14,44.44,58.33,35.35,53.54,36.57,53.71
2025-05-15,2,12,2025-05-15 16:30:00,4,マスターズリーグ第1戦,5,3983,須藤 博倫,1,47,52,0,0,0.15,7.16,55.17,71.26,7,55.4,71.22,34.41,50.54,33.33,53.8
2025-05-15,2,12,2025-05-15 16:30:00,4,マスターズリーグ第1戦,6,3876,中辻 崇人,1,48,52.9,0,0,0.12,8.39,77.11,89.16,0,0,0,34.3,49.42,35.67,54.39
2025-05-15,4,1,2025-05-15 11:53:00,5,第70回スポーツニッポン杯,1,4864,小川 日紀太,3,35,52.6,0,0,0.14,3.79,14.71,33.82,5.7,30,60,34.58,51.4,34.02,50.52
2025-05-15,4,1,2025-05-15 11:53:00,5,第70回スポーツニッポン杯,2,3579,中里 優子,3,52,47.1,0,0,0.17,5.26,34.09,52.27,6.18,50,60.71,35.58,50.96,37.02,52.49
2025-05-15,4,1,2025-05-15 11:53:00,5,第70回スポーツニッポン杯,3,5048,眞鳥 康太,3,30,54.9,0,0,0.17,4.74,27.17,50,4.73,27.27,45.45,33.18,47.66,34.25,52.49
2025-05-15,4,1,2025-05-15 11:53:00,5,第70回スポーツニッポン杯,4,4244,鈴木 成美,3,38,45.5,0,0,0.13,5.01,30.56,47.22,4.87,29.79,42.55,36.99,54.79,34.54,47.94
2025-05-15,4,1,2025-05-15 11:53:00,5,第70回スポーツニッポン杯,5,4336,松田 竜馬,2,41,53.5,0,0,0.14,5.13,32.98,48.94,5.86,41.38,62.07,40.28,55.92,34.69,53.57
2025-05-15,4,1,2025-05-15 11:53:00,5,第70回スポーツニッポン杯,6,5232,樅山 拓馬,3,27,52.1,0,0,0.14,4.63,26.88,46.24,2.6,12,12,42.11,58.37,34.17,48.24
2025-05-15,4,2,2025-05-15 12:22:00,5,第70回スポーツニッポン杯,1,4367,山口 修路,3,39,52.1,0,0,0.22,4.75,22.67,44,5.27,27.27,54.55,33.67,48.74,36.84,50.24
2025-05-15,4,2,2025-05-15 12:22:00,5,第70回スポーツニッポン杯,2,3843,上之 晃弘,3,48,53.2,0,0,0.16,4.67,24.55,41.82,5.07,25,53.57,33.33,54.17,41.04,56.6
2025-05-15,4,2,2025-05-15 12:22:00,5,第70回スポーツニッポン杯,3,5133,堀越 雄貴,3,25,52,0,0,0.18,4.9,28.89,48.89,4.42,22.61,42.61,36.02,53.55,35.86,49.49
2025-05-15,4,2,2025-05-15 12:22:00,5,第70回スポーツニッポン杯,4,4163,山崎 裕司,3,43,53.1,0,0,0.17,5.71,35.71,59.82,5.42,25,50,35.48,55.76,33.33,45.45
2025-05-15,4,2,2025-05-15 12:22:00,5,第70回スポーツニッポン杯,5,3984,坂口 周,1,47,52.2,1,0,0.16,6.38,46.34,64.23,6.33,40,73.33,39.81,55.92,31.46,53.99
2025-05-15,4,2,2025-05-15 12:22:00,5,第70回スポーツニッポン杯,6,5415,阿部 未侑,4,19,50.8,0,0,,0,0,0,0,0,0,43.81,60.95,36.65,49.32
2025-05-15,4,3,2025-05-15 12:52:00,5,第70回スポーツニッポン杯,1,4899,占部 一真,3,33,52,0,0,0.18,4.62,27.59,40.23,4.47,20,33.33,35.68,49.77,33.66,50.99
2025-05-15,4,3,2025-05-15 12:52:00,5,第70回スポーツニッポン杯,2,3233,小畑 実成,3,58,52.7,0,0,0.16,4.27,19.81,35.85,0,0,0,36.76,54.9,33.16,50
2025-05-15,4,3,2025-05-15 12:52:00,5,第70回スポーツニッポン杯,3,4236,松村 敏,1,41,52,0,0,0.12,6.92,62.5,70.45,6.9,55,70,31.89,47.57,30.69,50
2025-05-15,4,3,2025-05-15 12:52:00,5,第70回スポーツニッポン杯,4,5058,前原 大道,2,28,52.1,0,0,0.18,6.88,48.57,77.14,4,10,40,33.81,50,33.51,51.03
2025-05-15,4,3,2025-05-15 12:52:00,5,第70回スポーツニッポン杯,5,4825,倉持 莉々,4,31,47.7,0,0,0.1,5.84,47.95,58.9,5.9,50,60,29.14,49.14,34.63,56.1
2025-05-15,4,3,2025-05-15 12:52:00,5,第70回スポーツニッポン杯,6,5314,中曽 瑠華,4,24,55.3,1,0,0.2,1.92,0,5.33,1.19,0,0,42.59,56.48,31.15,47.54
2025-05-15,4,4,2025-05-15 13:22:00,5,第70回スポーツニッポン杯,1,4270,岸本 雄貴,3,43,61.9,0,0,0.17,4.22,19.44,34.72,5.71,33.33,66.67,40.3,57.21,33.66,50.24
2025-05-15,4,4,2025-05-15 13:22:00,5,第70回スポーツニッポン杯,2,4430,永田 秀二,1,39,54.7,0,0,0.17,6.14,45.31,60.16,6.42,49.15,67.8,39.52,59.05,33.67,52.26
2025-05-15,4,4,2025-05-15 13:22:00,5,第70回スポーツニッポン杯,3,4538,笠置 博之,2,34,53,0,0,0.15,6.09,46.08,61.76,7.11,55.56,66.67,38.28,52.15,33.88,51.37
2025-05-15,4,4,2025-05-15 13:22:00,5,第70回スポーツニッポン杯,4,3663,木山 和幸,3,55,51,0,0,0.16,5.09,29.69,49.22,0,0,0,33.49,51.2,40.58,56.52
2025-05-15,4,4,2025-05-15 13:22:00,5,第70回スポーツニッポン杯,5,4771,下寺 秀和,1,32,52.8,0,0,0.15,6.61,46.79,66.97,6.36,42.86,64.29,49.52,67.14,36.87,53.03
2025-05-15,4,4,2025-05-15 13:22:00,5,第70回スポーツニッポン杯,6,4139,丹下 健,3,44,53.4,0,0,0.16,4.91,30.85,43.62,4.65,25,40,31.82,47.47,36.51,51.85
2025-05-15,4,5,2025-05-15 13:53:00,5,第70回スポーツニッポン杯,1,4076,杉田 篤光,3,46,52.7,0,0,0.19,5.69,37.18,56.41,5.65,40,52.73,40.49,57.56,31.75,44.97
2025-05-15,4,5,2025-05-15 13:53:00,5,第70回スポーツニッポン杯,2,4781,西舘 果里,3,38,51,0,0,0.19,4.45,21.33,42.67,3.56,11.11,33.33,36.74,50.7,38.12,52.97
2025-05-15,4,5,2025-05-15 13:53:00,5,第70回スポーツニッポン杯,3,4411,沢田 昭宏,3,39,52.9,0,0,0.19,5.63,33.33,58.52,6.57,50,57.14,28.11,47.03,38.5,58.5
2025-05-15,4,5,2025-05-15 13:53:00,5,第70回スポーツニッポン杯,4,4581,吉村 誠,2,35,52,0,0,0.14,6.08,40.91,62.88,6.89,55.56,66.67,31.44,51.03,35.12,48.78
2025-05-15,4,5,2025-05-15 13:53:00,5,第70回スポーツニッポン杯,5,3822,平尾 崇典,1,52,50,0,0,0.15,6.61,43.55,71.77,4.11,11.11,22.22,33.33,45.31,30.37,52.36
2025-05-15,4,5,2025-05-15 13:53:00,5,第70回スポーツニッポン杯,6,5049,松井 友汰,2,30,52.5,0,0,0.16,5.51,38.46,52.75,5.44,38.89,50,35.71,51.43,39.55,52.27
2025-05-15,4,6,2025-05-15 14:24:00,5,第70回スポーツニッポン杯,1,4420,津久井 拓也,2,37,52.2,0,0,0.16,5.69,39.66,61.21,6.27,43.33,73.33,34.62,51.92,31.61,45.6
2025-05-15,4,6,2025-05-15 14:24:00,5,第70回スポーツニッポン杯,2,3300,川崎 智幸,2,58,52.8,0,0,0.13,6.04,46.1,61.7,10,100,100,31.94,47.64,38.54,60
2025-05-15,4,6,2025-05-15 14:24:00,5,第70回スポーツニッポン杯,3,4163,山崎 裕司,3,43,53.1,0,0,0.17,5.71,35.71,59.82,5.42,25,50,35.48,55.76,33.33,45.45
2025-05-15,4,6,2025-05-15 14:24:00,5,第70回スポーツニッポン杯,4,5140,吉田 彩乃,3,24,47.6,0,0,0.21,3.94,20,31.43,3.38,12.5,25,26.6,40.96,31.8,49.31
2025-05-15,4,6,2025-05-15 14:24:00,5,第70回スポーツニッポン杯,5,4736,高倉 和士,1,33,52.5,0,0,0.12,6.18,36.19,58.1,0,0,0,45.07,61.5,37.5,58.17
2025-05-15,4,6,2025-05-15 14:24:00,5,第70回スポーツニッポン杯,6,4244,鈴木 成美,3,38,45.5,0,0,0.13,5.01,30.56,47.22,4.87,29.79,42.55,36.99,54.79,34.54,47.94
2025-05-15,4,7,2025-05-15 14:56:00,5,第70回スポーツニッポン杯,1,5007,近藤 雄一郎,3,28,53.4,0,0,0.18,3.99,22.22,34.44,4.72,28,48,35.85,50.94,34.31,50.49
2025-05-15,4,7,2025-05-15 14:56:00,5,第70回スポーツニッポン杯,2,4630,岩永 雅人,2,38,52.2,0,0,0.16,6.21,42.74,64.52,0,0,0,29.12,43.41,40.1,57.92
2025-05-15,4,7,2025-05-15 14:56:00,5,第70回スポーツニッポン杯,3,3579,中里 優子,3,52,47.1,0,0,0.17,5.26,34.09,52.27,6.18,50,60.71,35.58,50.96,37.02,52.49
2025-05-15,4,7,2025-05-15 14:56:00,5,第70回スポーツニッポン杯,4,4553,坪口 竜也,1,36,52.6,0,0,0.15,6.2,44.44,63.33,4,11.11,33.33,30.11,51.14,42.65,57.82
2025-05-15,4,7,2025-05-15 14:56:00,5,第70回スポーツニッポン杯,5,4468,大池 佑来,1,38,51,0,0,0.14,6.54,38.71,58.06,7.19,53.93,75.28,41.47,61.29,30.81,45.95
2025-05-15,4,7,2025-05-15 14:56:00,5,第70回スポーツニッポン杯,6,3895,堀本 裕也,3,48,50,0,0,0.16,3.65,16.67,33.33,4.2,20,30,38.28,55.98,32,47
2025-05-15,4,8,2025-05-15 15:29:00,5,第70回スポーツニッポン杯,1,4336,松田 竜馬,2,41,53.5,0,0,0.14,5.13,32.98,48.94,5.86,41.38,62.07,40.28,55.92,34.69,53.57
2025-05-15,4,8,2025-05-15 15:29:00,5,第70回スポーツニッポン杯,2,4825,倉持 莉々,4,31,47.7,0,0,0.1,5.84,47.95,58.9,5.9,50,60,29.14,49.14,34.63,56.1
2025-05-15,4,8,2025-05-15 15:29:00,5,第70回スポーツニッポン杯,3,4882,瀧川 千依,3,29,46,0,0,0.23,4.66,29.73,47.3,0,0,0,41.83,56.25,31.02,47.59
2025-05-15,4,8,2025-05-15 15:29:00,5,第70回スポーツニッポン杯,4,4538,笠置 博之,2,34,53,0,0,0.15,6.09,46.08,61.76,7.11,55.56,66.67,38.28,52.15,33.88,51.37
2025-05-15,4,8,2025-05-15 15:29:00,5,第70回スポーツニッポン杯,5,4497,桑原 悠,1,37,52.5,0,0,0.13,7.13,50.49,66.99,5.13,25,50,32.26,52.15,36.92,54.67
2025-05-15,4,8,2025-05-15 15:29:00,5,第70回スポーツニッポン杯,6,3566,川添 英正,3,55,52,0,0,0.19,4.78,23.91,42.39,4.67,27.78,38.89,27.53,42.13,32.82,51.28
2025-05-15,4,9,2025-05-15 16:03:00,5,第70回スポーツニッポン杯,1,4905,土井 祥伍,3,30,53.5,0,0,0.16,4.52,24.75,40.59,0,0,0,35.12,47.32,32.98,50
2025-05-15,4,9,2025-05-15 16:03:00,5,第70回スポーツニッポン杯,2,5058,前原 大道,2,28,52.1,0,0,0.18,6.88,48.57,77.14,4,10,40,33.81,50,33.51,51.03
2025-05-15,4,9,2025-05-15 16:03:00,5,第70回スポーツニッポン杯,3,4076,杉田 篤光,3,46,52.7,0,0,0.19,5.69,37.18,56.41,5.65,40,52.73,40.49,57.56,31.75,44.97
2025-05-15,4,9,2025-05-15 16:03:00,5,第70回スポーツニッポン杯,4,4864,小川 日紀太,3,35,52.6,0,0,0.14,3.79,14.71,33.82,5.7,30,60,34.58,51.4,34.02,50.52
2025-05-15,4,9,2025-05-15 16:03:00,5,第70回スポーツニッポン杯,5,4430,永田 秀二,1,39,54.7,0,0,0.17,6.14,45.31,60.16,6.42,49.15,67.8,39.52,59.05,33.67,52.26
2025-05-15,4,9,2025-05-15 16:03:00,5,第70回スポーツニッポン杯,6,5133,堀越 雄貴,3,25,52,0,0,0.18,4.9,28.89,48.89,4.42,22.61,42.61,36.02,53.55,35.86,49.49
2025-05-15,4,10,2025-05-15 16:36:00,5,第70回スポーツニッポン杯,1,3822,平尾 崇典,1,52,50,0,0,0.15,6.61,43.55,71.77,4.11,11.11,22.22,33.33,45.31,30.37,52.36
2025-05-15,4,10,2025-05-15 16:36:00,5,第70回スポーツニッポン杯,2,3984,坂口 周,1,47,52.2,1,0,0.16,6.38,46.34,64.23,6.33,40,73.33,39.81,55.92,31.46,53.99
2025-05-15,4,10,2025-05-15 16:36:00,5,第70回スポーツニッポン杯,3,3663,木山 和幸,3,55,51,0,0,0.16,5.09,29.69,49.22,0,0,0,33.49,51.2,40.58,56.52
2025-05-15,4,10,2025-05-15 16:36:00,5,第70回スポーツニッポン杯,4,4236,松村 敏,1,41,52,0,0,0.12,6.92,62.5,70.45,6.9,55,70,31.89,47.57,30.69,50
2025-05-15,4,10,2025-05-15 16:36:00,5,第70回スポーツニッポン杯,5,3300,川崎 智幸,2,58,52.8,0,0,0.13,6.04,46.1,61.7,10,100,100,31.94,47.64,38.54,60
2025-05-15,4,10,2025-05-15 16:36:00,5,第70回スポーツニッポン杯,6,4420,津久井 拓也,2,37,52.2,0,0,0.16,5.69,39.66,61.21,6.27,43.33,73.33,34.62,51.92,31.61,45.6
2025-05-15,4,11,2025-05-15 17:08:00,5,第70回スポーツニッポン杯,1,4771,下寺 秀和,1,32,53.4,0,0,0.15,6.61,46.79,66.97,6.36,42.86,64.29,49.52,67.14,36.87,53.03
2025-05-15,4,11,2025-05-15 17:08:00,5,第70回スポーツニッポン杯,2,4736,高倉 和士,1,33,52.1,0,0,0.12,6.18,36.19,58.1,0,0,0,45.07,61.5,37.5,58.17
2025-05-15,4,11,2025-05-15 17:08:00,5,第70回スポーツニッポン杯,3,4553,坪口 竜也,1,36,52.4,0,0,0.15,6.2,44.44,63.33,4,11.11,33.33,30.11,51.14,42.65,57.82
2025-05-15,4,11,2025-05-15 17:08:00,5,第70回スポーツニッポン杯,4,4411,沢田 昭宏,3,39,52.5,0,0,0.19,5.63,33.33,58.52,6.57,50,57.14,28.11,47.03,38.5,58.5
2025-05-15,4,11,2025-05-15 17:08:00,5,第70回スポーツニッポン杯,5,4630,岩永 雅人,2,38,52.5,0,0,0.16,6.21,42.74,64.52,0,0,0,29.12,43.41,40.1,57.92
2025-05-15,4,11,2025-05-15 17:08:00,5,第70回スポーツニッポン杯,6,4367,山口 修路,3,39,52,0,0,0.22,4.75,22.67,44,5.27,27.27,54.55,33.67,48.74,36.84,50.24
2025-05-15,4,12,2025-05-15 17:40:00,5,第70回スポーツニッポン杯,1,4468,大池 佑来,1,38,51,0,0,0.14,6.54,38.71,58.06,7.19,53.93,75.28,41.47,61.29,30.81,45.95
2025-05-15,4,12,2025-05-15 17:40:00,5,第70回スポーツニッポン杯,2,4497,桑原 悠,1,37,52.5,0,0,0.13,7.13,50.49,66.99,5.13,25,50,32.26,52.15,36.92,54.67
2025-05-15,4,12,2025-05-15 17:40:00,5,第70回スポーツニッポン杯,3,4581,吉村 誠,2,35,52,0,0,0.14,6.08,40.91,62.88,6.89,55.56,66.67,31.44,51.03,35.12,48.78
2025-05-15,4,12,2025-05-15 17:40:00,5,第70回スポーツニッポン杯,4,5049,松井 友汰,2,30,52.5,0,0,0.16,5.51,38.46,52.75,5.44,38.89,50,35.71,51.43,39.55,52.27
2025-05-15,4,12,2025-05-15 17:40:00,5,第70回スポーツニッポン杯,5,3233,小畑 実成,3,58,52.7,0,0,0.16,4.27,19.81,35.85,0,0,0,36.76,54.9,33.16,50
2025-05-15,4,12,2025-05-15 17:40:00,5,第70回スポーツニッポン杯,6,4270,岸本 雄貴,3,43,61.9,0,0,0.17,4.22,19.44,34.72,5.71,33.33,66.67,40.3,57.21,33.66,50.24
2025-05-15,6,1,2025-05-15 11:32:00,5,にっぽん未来プロジェクト競走in浜名湖,1,4197,渥美 卓郎,3,43,53.8,0,0,0.19,4.61,23.93,41.03,4.77,28.92,44.58,55,70,36.03,51.47
2025-05-15,6,1,2025-05-15 11:32:00,5,にっぽん未来プロジェクト競走in浜名湖,2,4104,木下 陽介,3,45,55.2,0,0,0.15,4.65,29.63,40.74,5.91,36.36,72.73,35,50,29.41,51.47
2025-05-15,6,1,2025-05-15 11:32:00,5,にっぽん未来プロジェクト競走in浜名湖,3,3401,上田 隆章,3,57,53,1,0,0.18,4.56,25.74,45.54,4.26,21.05,42.11,23.53,23.53,25.38,36.92
2025-05-15,6,1,2025-05-15 11:32:00,5,にっぽん未来プロジェクト競走in浜名湖,4,4180,上野 秀和,3,42,56.6,0,0,0.17,4.66,30.12,43.37,3.94,11.76,35.29,41.67,58.33,40.32,58.06
2025-05-15,6,1,2025-05-15 11:32:00,5,にっぽん未来プロジェクト競走in浜名湖,5,4299,中島 浩哉,3,42,56.1,0,0,0.17,4.66,25.32,43.04,1.14,0,0,59.38,84.38,36.15,50
2025-05-15,6,1,2025-05-15 11:32:00,5,にっぽん未来プロジェクト競走in浜名湖,6,3950,石川 哲秀,4,49,55.9,0,0,0.17,3.96,21.43,35.71,3.68,14.71,29.41,47.37,68.42,38.06,49.25
2025-05-15,6,2,2025-05-15 11:59:00,5,にっぽん未来プロジェクト競走in浜名湖,1,4078,渡辺 史之,3,46,52.3,0,0,0.18,3.28,15.66,22.89,3.71,14.29,35.71,17.65,29.41,22.58,40.86
2025-05-15,6,2,2025-05-15 11:59:00,5,にっぽん未来プロジェクト競走in浜名湖,2,4518,大須賀 友,1,38,52,1,0,0.15,6.14,44.12,63.73,6,42.86,71.43,20,40,24.81,42.11
2025-05-15,6,2,2025-05-15 11:59:00,5,にっぽん未来プロジェクト競走in浜名湖,3,3505,山田 竜一,2,54,52.2,0,0,0.14,5.63,36.89,59.02,5.8,40,50,15.79,31.58,35.9,47.01
2025-05-15,6,2,2025-05-15 11:59:00,5,にっぽん未来プロジェクト競走in浜名湖,4,4106,坂井 康嗣,3,45,52,0,0,0.21,3.99,20,33.33,7.38,62.5,87.5,35,65,20.83,45
2025-05-15,6,2,2025-05-15 11:59:00,5,にっぽん未来プロジェクト競走in浜名湖,5,4607,鶴田 勇雄,2,36,52.8,0,0,0.18,6.08,43.08,66.15,7.27,54.55,90.91,56.67,76.67,31.3,42.75
2025-05-15,6,2,2025-05-15 11:59:00,5,にっぽん未来プロジェクト競走in浜名湖,6,5381,有山 望,4,20,52,1,0,,1.46,2,2,0,0,0,33.33,42.86,35.2,52
2025-05-15,6,3,2025-05-15 12:31:00,5,にっぽん未来プロジェクト競走in浜名湖,1,5177,松井 貫太,3,28,52,0,0,0.18,3.33,10.84,25.3,3.76,5.88,41.18,10,30,31.85,46.67
2025-05-15,6,3,2025-05-15 12:31:00,5,にっぽん未来プロジェクト競走in浜名湖,2,4352,下條 雄太郎,1,39,52.4,0,0,0.11,6.88,47.95,60.27,8.3,70,90,5.88,29.41,33.58,47.76
2025-05-15,6,3,2025-05-15 12:31:00,5,にっぽん未来プロジェクト競走in浜名湖,3,4508,野間 大樹,3,36,52,0,0,0.2,4.51,25.58,40.7,0,0,0,44,64,33.58,45.26
2025-05-15,6,3,2025-05-15 12:31:00,5,にっぽん未来プロジェクト競走in浜名湖,4,3828,明石 正之,2,51,52,0,0,0.17,5.18,31.37,47.06,5.67,33.33,60.61,9.09,27.27,35.51,52.9
2025-05-15,6,3,2025-05-15 12:31:00,5,にっぽん未来プロジェクト競走in浜名湖,5,4734,安河内 将,1,35,52.1,0,0,0.15,6.52,46.03,63.49,6.6,40,65,30,45,29.71,51.45
2025-05-15,6,3,2025-05-15 12:31:00,5,にっぽん未来プロジェクト競走in浜名湖,6,5344,谷口 丞,4,22,53.8,0,0,0.15,2.29,5.17,12.07,0,0,0,0,0,37.5,47.79
2025-05-15,6,4,2025-05-15 12:58:00,5,にっぽん未来プロジェクト競走in浜名湖,1,3557,太田 和美,1,52,53.1,0,0,0.14,6.45,44.25,61.06,6.11,33.33,55.56,42.86,64.29,39.13,55.8
2025-05-15,6,4,2025-05-15 12:58:00,5,にっぽん未来プロジェクト競走in浜名湖,2,4195,前川 守嗣,3,43,58,0,0,0.14,5.24,35.14,54.05,0,0,0,5.56,5.56,28.45,46.55
2025-05-15,6,4,2025-05-15 12:58:00,5,にっぽん未来プロジェクト競走in浜名湖,3,4421,森作 広大,3,36,57.1,0,0,0.19,3.71,12.07,27.59,3.33,11.11,22.22,28.57,35.71,34.78,49.28
2025-05-15,6,4,2025-05-15 12:58:00,5,にっぽん未来プロジェクト競走in浜名湖,4,4131,原 豊土,3,44,55.5,0,0,0.17,5.75,43.75,62.5,5.89,40.96,65.06,26.32,52.63,20.3,42.86
2025-05-15,6,4,2025-05-15 12:58:00,5,にっぽん未来プロジェクト競走in浜名湖,5,4448,青木 玄太,4,38,52,0,0,,6.26,47.67,66.28,8.5,81.82,90.91,50,65,32.8,51.2
2025-05-15,6,4,2025-05-15 12:58:00,5,にっぽん未来プロジェクト競走in浜名湖,6,3718,伊達 正利,3,50,53.8,0,0,0.2,4.17,20.83,39.58,4.22,22.89,39.76,33.33,33.33,36.09,53.38
2025-05-15,6,5,2025-05-15 13:27:00,5,にっぽん未来プロジェクト競走in浜名湖,1,4656,大崎 翔,3,37,56.9,0,0,0.16,4.87,23,46,4.14,0,42.86,10,30,38.52,60.74
2025-05-15,6,5,2025-05-15 13:27:00,5,にっぽん未来プロジェクト競走in浜名湖,2,3769,佐竹 恒彦,2,51,52.4,0,0,0.15,5.72,40.58,56.52,5.33,27.27,57.58,0,22.22,37.96,52.55
2025-05-15,6,5,2025-05-15 13:27:00,5,にっぽん未来プロジェクト競走in浜名湖,3,4528,黒井 達矢,1,36,52.5,0,0,0.14,6.19,44.53,53.91,6.93,40.74,59.26,42.86,42.86,30.16,53.17
2025-05-15,6,5,2025-05-15 13:27:00,5,にっぽん未来プロジェクト競走in浜名湖,4,3848,川上 聡介,2,47,55.5,0,0,0.15,5.42,33.33,52.63,6.46,39.29,71.43,55.56,72.22,35.38,48.46
2025-05-15,6,5,2025-05-15 13:27:00,5,にっぽん未来プロジェクト競走in浜名湖,5,4155,長野 壮志郎,1,44,55.6,0,0,0.14,5.46,37.37,53.54,0,0,0,54.55,68.18,43.8,57.66
2025-05-15,6,5,2025-05-15 13:27:00,5,にっぽん未来プロジェクト競走in浜名湖,6,5339,石井 伸長,3,24,51,0,0,0.14,3.84,17.24,35.63,0,0,0,33.33,42.86,26.36,34.88
2025-05-15,6,6,2025-05-15 13:58:00,5,にっぽん未来プロジェクト競走in浜名湖,1,4498,宮本 夏樹,3,37,54.7,0,0,0.15,5.25,34.34,50.51,5.5,37.5,37.5,11.11,16.67,31.54,46.15
2025-05-15,6,6,2025-05-15 13:58:00,5,にっぽん未来プロジェクト競走in浜名湖,2,4873,蒲原 健太,2,31,52.8,0,0,0.2,5.69,40,62.22,4.8,28,44,25,65,26.77,42.52
2025-05-15,6,6,2025-05-15 13:58:00,5,にっぽん未来プロジェクト競走in浜名湖,3,5005,石田 貴洋,2,29,52,0,0,0.12,5.03,29.36,46.79,6.25,37.5,62.5,10,30,30.6,44.03
2025-05-15,6,6,2025-05-15 13:58:00,5,にっぽん未来プロジェクト競走in浜名湖,4,4679,植田 太一,2,35,58.3,0,0,0.15,5.18,35.48,49.46,0,0,0,20,20,29.32,46.62
2025-05-15,6,6,2025-05-15 13:58:00,5,にっぽん未来プロジェクト競走in浜名湖,5,5381,有山 望,4,20,52,1,0,,1.46,2,2,0,0,0,33.33,42.86,35.2,52
2025-05-15,6,6,2025-05-15 13:58:00,5,にっぽん未来プロジェクト競走in浜名湖,6,4337,平本 真之,1,41,54.3,0,0,0.13,7.12,53.33,67.62,7.32,52.63,68.42,52.63,68.42,30.88,49.26
2025-05-15,6,7,2025-05-15 14:27:00,5,にっぽん未来プロジェクト競走in浜名湖,1,4231,鈴木 裕隆,2,41,55.3,0,0,0.16,5.41,36.55,53.79,4.97,28.81,40.68,12.5,31.25,40.44,60.29
2025-05-15,6,7,2025-05-15 14:27:00,5,にっぽん未来プロジェクト競走in浜名湖,2,5301,岩下 巧斗,3,22,51.5,0,0,0.18,3.33,6.93,23.76,3.2,4,16,0,16.67,42.19,59.38
2025-05-15,6,7,2025-05-15 14:27:00,5,にっぽん未来プロジェクト競走in浜名湖,3,4607,鶴田 勇雄,2,36,52.8,0,0,0.18,6.08,43.08,66.15,7.27,54.55,90.91,56.67,76.67,31.3,42.75
2025-05-15,6,7,2025-05-15 14:27:00,5,にっぽん未来プロジェクト競走in浜名湖,4,4366,前沢 丈史,1,39,54.9,0,0,0.16,6.46,43.57,67.14,0,0,0,38.1,57.14,30.23,44.19
2025-05-15,6,7,2025-05-15 14:27:00,5,にっぽん未来プロジェクト競走in浜名湖,5,3401,上田 隆章,3,57,53,1,0,0.18,4.56,25.74,45.54,4.26,21.05,42.11,23.53,23.53,25.38,36.92
2025-05-15,6,7,2025-05-15 14:27:00,5,にっぽん未来プロジェクト競走in浜名湖,6,4446,和田 兼輔,1,38,52.1,0,0,0.14,6.82,51.2,64,6.05,45.45,59.09,22.22,27.78,34.59,52.63
2025-05-15,6,8,2025-05-15 15:00:00,5,にっぽん未来プロジェクト競走in浜名湖,1,4331,三好 勇人,2,41,53.5,0,0,0.14,5.64,32.14,56.25,6.26,47.37,63.16,0,50,33.33,54.07
2025-05-15,6,8,2025-05-15 15:00:00,5,にっぽん未来プロジェクト競走in浜名湖,2,4299,中島 浩哉,3,42,56.1,0,0,0.17,4.66,25.32,43.04,1.14,0,0,59.38,84.38,36.15,50
2025-05-15,6,8,2025-05-15 15:00:00,5,にっぽん未来プロジェクト競走in浜名湖,3,5177,松井 貫太,3,28,52,0,0,0.18,3.33,10.84,25.3,3.76,5.88,41.18,10,30,31.85,46.67
2025-05-15,6,8,2025-05-15 15:00:00,5,にっぽん未来プロジェクト競走in浜名湖,4,4362,土屋 智則,1,40,53.1,0,0,0.13,7.07,45.37,62.96,0,0,0,60,65,31.34,44.78
2025-05-15,6,8,2025-05-15 15:00:00,5,にっぽん未来プロジェクト競走in浜名湖,5,3507,藤井 徹,3,53,53.8,0,0,0.18,3.82,15.38,30.77,3.92,23.08,38.46,0,0,20,36.36
2025-05-15,6,8,2025-05-15 15:00:00,5,にっぽん未来プロジェクト競走in浜名湖,6,4131,原 豊土,3,44,55.5,0,0,0.17,5.75,43.75,62.5,5.89,40.96,65.06,26.32,52.63,20.3,42.86
2025-05-15,6,9,2025-05-15 15:32:00,5,にっぽん未来プロジェクト競走in浜名湖,1,4090,中村 尊,1,44,54,0,0,0.12,6.06,41.13,59.68,5.18,27.27,54.55,0,6.25,25.76,43.18
2025-05-15,6,9,2025-05-15 15:32:00,5,にっぽん未来プロジェクト競走in浜名湖,2,3848,川上 聡介,2,47,55.9,0,0,0.15,5.42,33.33,52.63,6.46,39.29,71.43,55.56,72.22,35.38,48.46
2025-05-15,6,9,2025-05-15 15:32:00,5,にっぽん未来プロジェクト競走in浜名湖,3,4539,金子 賢志,1,34,52.1,0,0,0.15,6.22,46.49,61.4,5.86,44.83,51.72,5.56,22.22,35.04,54.74
2025-05-15,6,9,2025-05-15 15:32:00,5,にっぽん未来プロジェクト競走in浜名湖,4,4197,渥美 卓郎,3,43,53.6,0,0,0.19,4.61,23.93,41.03,4.77,28.92,44.58,55,70,36.03,51.47
2025-05-15,6,9,2025-05-15 15:32:00,5,にっぽん未来プロジェクト競走in浜名湖,5,3505,山田 竜一,2,54,52,0,0,0.14,5.63,36.89,59.02,5.8,40,50,15.79,31.58,35.9,47.01
2025-05-15,6,9,2025-05-15 15:32:00,5,にっぽん未来プロジェクト競走in浜名湖,6,4508,野間 大樹,3,36,51.5,0,0,0.2,4.51,25.58,40.7,0,0,0,44,64,33.58,45.26
2025-05-15,6,10,2025-05-15 15:59:00,5,にっぽん未来プロジェクト競走in浜名湖,1,4734,安河内 将,1,35,52.1,0,0,0.15,6.52,46.03,63.49,6.6,40,65,30,45,29.71,51.45
2025-05-15,6,10,2025-05-15 15:59:00,5,にっぽん未来プロジェクト競走in浜名湖,2,4319,三宅 潤,2,40,54.1,0,0,0.17,5.96,40.46,59.54,5.3,30,60,5.26,21.05,37.01,51.18
2025-05-15,6,10,2025-05-15 15:59:00,5,にっぽん未来プロジェクト競走in浜名湖,3,4180,上野 秀和,3,42,56.6,0,0,0.17,4.66,30.12,43.37,3.94,11.76,35.29,41.67,58.33,40.32,58.06
2025-05-15,6,10,2025-05-15 15:59:00,5,にっぽん未来プロジェクト競走in浜名湖,4,4518,大須賀 友,1,38,52,1,0,0.15,6.14,44.12,63.73,6,42.86,71.43,20,40,24.81,42.11
2025-05-15,6,10,2025-05-15 15:59:00,5,にっぽん未来プロジェクト競走in浜名湖,5,4421,森作 広大,3,36,57.1,0,0,0.19,3.71,12.07,27.59,3.33,11.11,22.22,28.57,35.71,34.78,49.28
2025-05-15,6,10,2025-05-15 15:59:00,5,にっぽん未来プロジェクト競走in浜名湖,6,3769,佐竹 恒彦,2,51,52.4,0,0,0.15,5.72,40.58,56.52,5.33,27.27,57.58,0,22.22,37.96,52.55
2025-05-15,6,11,2025-05-15 16:28:00,5,にっぽん未来プロジェクト競走in浜名湖,1,4366,前沢 丈史,1,39,54.9,0,0,0.16,6.46,43.57,67.14,0,0,0,38.1,57.14,30.23,44.19
2025-05-15,6,11,2025-05-15 16:28:00,5,にっぽん未来プロジェクト競走in浜名湖,2,4448,青木 玄太,4,38,52,0,0,,6.26,47.67,66.28,8.5,81.82,90.91,50,65,32.8,51.2
2025-05-15,6,11,2025-05-15 16:28:00,5,にっぽん未来プロジェクト競走in浜名湖,3,4155,長野 壮志郎,1,44,55.6,0,0,0.14,5.46,37.37,53.54,0,0,0,54.55,68.18,43.8,57.66
2025-05-15,6,11,2025-05-15 16:28:00,5,にっぽん未来プロジェクト競走in浜名湖,4,4078,渡辺 史之,3,46,52.3,0,0,0.18,3.28,15.66,22.89,3.71,14.29,35.71,17.65,29.41,22.58,40.86
2025-05-15,6,11,2025-05-15 16:28:00,5,にっぽん未来プロジェクト競走in浜名湖,5,5005,石田 貴洋,2,29,52,0,0,0.12,5.03,29.36,46.79,6.25,37.5,62.5,10,30,30.6,44.03
2025-05-15,6,11,2025-05-15 16:28:00,5,にっぽん未来プロジェクト競走in浜名湖,6,3828,明石 正之,2,51,52,0,0,0.17,5.18,31.37,47.06,5.67,33.33,60.61,9.09,27.27,35.51,52.9
2025-05-15,6,12,2025-05-15 16:59:00,5,にっぽん未来プロジェクト競走in浜名湖,1,4362,土屋 智則,1,40,53.1,0,0,0.13,7.07,45.37,62.96,0,0,0,60,65,31.34,44.78
2025-05-15,6,12,2025-05-15 16:59:00,5,にっぽん未来プロジェクト競走in浜名湖,2,4337,平本 真之,1,41,54.3,0,0,0.13,7.12,53.33,67.62,7.32,52.63,68.42,52.63,68.42,30.88,49.26
2025-05-15,6,12,2025-05-15 16:59:00,5,にっぽん未来プロジェクト競走in浜名湖,3,3557,太田 和美,1,52,53.1,0,0,0.14,6.45,44.25,61.06,6.11,33.33,55.56,42.86,64.29,39.13,55.8
2025-05-15,6,12,2025-05-15 16:59:00,5,にっぽん未来プロジェクト競走in浜名湖,4,4446,和田 兼輔,1,38,52.1,0,0,0.14,6.82,51.2,64,6.05,45.45,59.09,22.22,27.78,34.59,52.63
2025-05-15,6,12,2025-05-15 16:59:00,5,にっぽん未来プロジェクト競走in浜名湖,5,4528,黒井 達矢,1,36,52.5,0,0,0.14,6.19,44.53,53.91,6.93,40.74,59.26,42.86,42.86,30.16,53.17
2025-05-15,6,12,2025-05-15 16:59:00,5,にっぽん未来プロジェクト競走in浜名湖,6,4352,下條 雄太郎,1,39,52.4,0,0,0.11,6.88,47.95,60.27,8.3,70,90,5.88,29.41,33.58,47.76
2025-05-15,7,1,2025-05-15 15:17:00,5,グルーンがまごおり開設記念 蒲郡市長杯,1,3690,河合 三弘,3,54,52.7,0,0,0.19,4.99,34.78,47.83,4.81,27.59,44.83,39.06,54.69,43.35,57.14
2025-05-15,7,1,2025-05-15 15:17:00,5,グルーンがまごおり開設記念 蒲郡市長杯,2,4666,日笠 勝弘,3,41,51.5,0,0,0.15,4.36,23,36,4.5,25,46.43,36.27,53.43,34.22,53.48
2025-05-15,7,1,2025-05-15 15:17:00,5,グルーンがまごおり開設記念 蒲郡市長杯,3,5222,津田 陸翔,3,24,52.4,0,0,0.16,5.61,32.61,56.52,0,0,0,39.25,55.38,41.79,58.21
2025-05-15,7,1,2025-05-15 15:17:00,5,グルーンがまごおり開設記念 蒲郡市長杯,4,4918,川島 拓郎,3,36,52.6,0,0,0.16,4.38,26.47,35.29,5.21,27.27,42.42,33.17,53.47,36.63,54.46
2025-05-15,7,1,2025-05-15 15:17:00,5,グルーンがまごおり開設記念 蒲郡市長杯,5,5160,藤森 陸斗,3,26,52.5,0,0,0.14,5.32,38.1,51.43,7.89,66.67,77.78,40.1,60.42,33.66,49.5
2025-05-15,7,1,2025-05-15 15:17:00,5,グルーンがまごおり開設記念 蒲郡市長杯,6,5362,中嶋 世奈,4,18,48.5,0,0,0.26,1.59,1.72,5.17,1.17,0,0,37.67,52.09,45.33,61.33
2025-05-15,7,2,2025-05-15 15:41:00,5,グルーンがまごおり開設記念 蒲郡市長杯,1,3752,宇土 泰就,3,53,53.5,0,0,0.16,4.51,26.09,44.57,5.11,36.84,47.37,38.31,53.73,35.83,52.94
2025-05-15,7,2,2025-05-15 15:41:00,5,グルーンがまごおり開設記念 蒲郡市長杯,2,4483,北野 輝季,1,36,52.2,0,0,0.14,7,57.83,72.29,7.55,55.26,76.32,43.65,62.44,31.37,46.08
2025-05-15,7,2,2025-05-15 15:41:00,5,グルーンがまごおり開設記念 蒲郡市長杯,3,4563,齋藤 真之,3,37,53.1,0,0,0.17,3.47,18.18,24.68,5.44,44.44,55.56,34.25,49.77,22.41,39.66
2025-05-15,7,2,2025-05-15 15:41:00,5,グルーンがまごおり開設記念 蒲郡市長杯,4,5126,山下 大輝,2,28,52,0,0,0.14,5.8,40.37,55.05,5.74,42.11,57.89,39.32,51.94,40.93,58.55
2025-05-15,7,2,2025-05-15 15:41:00,5,グルーンがまごおり開設記念 蒲郡市長杯,5,5046,松山 裕基,3,31,53.2,0,0,0.15,4.09,14.04,38.6,4.67,33.33,33.33,45.88,59.41,27.53,42.7
2025-05-15,7,2,2025-05-15 15:41:00,5,グルーンがまごおり開設記念 蒲郡市長杯,6,3932,池田 浩美,3,48,51.4,0,0,0.18,4.67,33.33,44.12,5.11,34.78,50,39.07,57.67,29.61,43.2
2025-05-15,7,3,2025-05-15 16:07:00,5,グルーンがまごおり開設記念 蒲郡市長杯,1,3702,貞兼 淳二,3,52,56.8,0,0,0.13,4.34,22,36,5.06,33.33,54.55,39.78,59.14,37.81,56.72
2025-05-15,7,3,2025-05-15 16:07:00,5,グルーンがまごおり開設記念 蒲郡市長杯,2,4184,渡邊 雄一郎,1,39,52,0,0,0.16,6.39,49.44,68.54,0,0,0,33.76,49.68,25.14,42.08
2025-05-15,7,3,2025-05-15 16:07:00,5,グルーンがまごおり開設記念 蒲郡市長杯,3,4834,浜本 裕己,3,37,51,0,0,0.18,4.55,26.32,39.47,5.13,13.04,52.17,37.44,57.14,26.74,43.6
2025-05-15,7,3,2025-05-15 16:07:00,5,グルーンがまごおり開設記念 蒲郡市長杯,4,3277,齋藤 勇,3,58,52,0,0,0.19,4.43,21.11,42.22,3.73,20,33.33,43.26,59.55,34.02,49.48
2025-05-15,7,3,2025-05-15 16:07:00,5,グルーンがまごおり開設記念 蒲郡市長杯,5,4268,和合 俊介,3,39,58.9,0,0,0.16,3.53,12.94,24.71,3.16,8,16,33.79,55.25,29.65,51.74
2025-05-15,7,3,2025-05-15 16:07:00,5,グルーンがまごおり開設記念 蒲郡市長杯,6,3994,小野 桜,2,46,46.5,0,0,0.2,4.94,29.46,43.75,4.65,23.53,35.29,34.62,53.3,26.47,45.59
2025-05-15,7,4,2025-05-15 16:32:00,5,グルーンがまごおり開設記念 蒲郡市長杯,1,3947,寺本 昇平,3,49,50,0,0,0.17,4.41,17.53,40.21,4.54,21.95,36.59,33.68,47.37,31.25,48.08
2025-05-15,7,4,2025-05-15 16:32:00,5,グルーンがまごおり開設記念 蒲郡市長杯,2,4702,三浦 敬太,2,37,52.1,0,0,0.13,6.38,50,64.58,7.18,59.09,77.27,36.73,54.08,33.48,52.68
2025-05-15,7,4,2025-05-15 16:32:00,5,グルーンがまごおり開設記念 蒲郡市長杯,3,4766,石井 孝之,3,34,54.1,1,0,0.14,5.16,31.43,49.52,5.45,36.36,45.45,41.88,60.73,27.22,46.75
2025-05-15,7,4,2025-05-15 16:32:00,5,グルーンがまごおり開設記念 蒲郡市長杯,4,5003,来田 衣織,3,29,51.1,0,0,0.19,4.34,21.95,40.24,4.64,27.27,45.45,31.09,49.22,30.89,48.69
2025-05-15,7,4,2025-05-15 16:32:00,5,グルーンがまごおり開設記念 蒲郡市長杯,5,4681,太田 潮,3,34,54.5,0,0,0.15,3.94,19.1,31.46,4,10,30,31.68,46.53,28.88,41.18
2025-05-15,7,4,2025-05-15 16:32:00,5,グルーンがまごおり開設記念 蒲郡市長杯,6,3941,池田 浩二,1,47,51.5,0,0,0.11,8.06,59.77,80.46,8.62,73.24,87.32,45.7,66.67,27.75,46.07
2025-05-15,7,5,2025-05-15 17:01:00,5,グルーンがまごおり開設記念 蒲郡市長杯,1,4796,春園 功太,2,33,52,0,0,0.15,5.63,40,54.44,6.83,50,79.17,34.26,49.07,31.38,44.15
2025-05-15,7,5,2025-05-15 17:01:00,5,グルーンがまごおり開設記念 蒲郡市長杯,2,3474,松瀬 弘美,2,54,46.5,0,0,0.16,5.06,27.08,47.92,4.97,33.33,43.33,31.73,45.19,28.07,46.78
2025-05-15,7,5,2025-05-15 17:01:00,5,グルーンがまごおり開設記念 蒲郡市長杯,3,3207,田村 美和,3,59,53.8,0,0,0.17,3.5,13.89,25,4,10,30,32.75,44.98,30.94,45.3
2025-05-15,7,5,2025-05-15 17:01:00,5,グルーンがまごおり開設記念 蒲郡市長杯,4,5217,藤原 碧生,1,25,52.4,0,0,0.13,7.48,60.78,79.41,7,50,83.33,40.76,57.61,38.14,54.64
2025-05-15,7,5,2025-05-15 17:01:00,5,グルーンがまごおり開設記念 蒲郡市長杯,5,5222,津田 陸翔,3,24,52.4,0,0,0.16,5.61,32.61,56.52,0,0,0,39.25,55.38,41.79,58.21
2025-05-15,7,5,2025-05-15 17:01:00,5,グルーンがまごおり開設記念 蒲郡市長杯,6,4506,稗田 聖也,3,37,53.4,0,0,0.13,5.82,41.96,61.61,5.86,42.86,71.43,31.86,51.96,30.88,49.31
2025-05-15,7,6,2025-05-15 17:29:00,5,グルーンがまごおり開設記念 蒲郡市長杯,1,4214,林 祐介,2,40,55.3,1,0,0.15,5.64,35.96,56.18,6.67,44.44,77.78,32.69,48.08,35.5,54.5
2025-05-15,7,6,2025-05-15 17:29:00,5,グルーンがまごおり開設記念 蒲郡市長杯,2,4614,石倉 洋行,2,45,52.1,0,0,0.13,6.75,51.56,68.75,6.91,54.55,72.73,41.71,60.43,36.68,51.26
2025-05-15,7,6,2025-05-15 17:29:00,5,グルーンがまごおり開設記念 蒲郡市長杯,3,4917,岩橋 裕馬,3,36,52.8,0,0,0.16,4.41,17.28,43.21,4.21,14.29,35.71,37.44,58.13,31.58,49.12
2025-05-15,7,6,2025-05-15 17:29:00,5,グルーンがまごおり開設記念 蒲郡市長杯,4,5362,中嶋 世奈,4,18,48.5,0,0,0.26,1.59,1.72,5.17,1.17,0,0,37.67,52.09,45.33,61.33
2025-05-15,7,6,2025-05-15 17:29:00,5,グルーンがまごおり開設記念 蒲郡市長杯,5,3932,池田 浩美,3,48,51.4,0,0,0.18,4.67,33.33,44.12,5.11,34.78,50,39.07,57.67,29.61,43.2
2025-05-15,7,6,2025-05-15 17:29:00,5,グルーンがまごおり開設記念 蒲郡市長杯,6,4166,吉田 拡郎,1,43,52.2,0,0,0.11,6.59,46.73,59.81,8.28,64,72,32.29,47.98,26.46,47.09
2025-05-15,7,7,2025-05-15 17:57:00,5,グルーンがまごおり開設記念 蒲郡市長杯,1,4452,松尾 祭,2,37,52,0,0,0.16,5.66,38.2,55.06,5.79,42.86,50,32.92,46.5,42.38,57.14
2025-05-15,7,7,2025-05-15 17:57:00,5,グルーンがまごおり開設記念 蒲郡市長杯,2,3690,河合 三弘,3,54,52.7,0,0,0.19,4.99,34.78,47.83,4.81,27.59,44.83,39.06,54.69,43.35,57.14
2025-05-15,7,7,2025-05-15 17:57:00,5,グルーンがまごおり開設記念 蒲郡市長杯,3,4524,深谷 知博,1,37,51.5,0,0,0.11,7.06,48.18,64.55,8.53,52.94,82.35,34.16,51.49,27.93,44.69
2025-05-15,7,7,2025-05-15 17:57:00,5,グルーンがまごおり開設記念 蒲郡市長杯,4,4644,山田 亮太,2,46,52,0,0,0.17,5.03,30.38,48.1,5.9,60,60,44.57,60.33,33.96,50.94
2025-05-15,7,7,2025-05-15 17:57:00,5,グルーンがまごおり開設記念 蒲郡市長杯,5,4563,齋藤 真之,3,37,53.1,0,0,0.17,3.47,18.18,24.68,5.44,44.44,55.56,34.25,49.77,22.41,39.66
2025-05-15,7,7,2025-05-15 17:57:00,5,グルーンがまごおり開設記念 蒲郡市長杯,6,5293,眞崎 武蔵,3,23,52.1,1,0,0.17,3.03,6.98,20.93,1.46,4.17,4.17,39.07,59.53,33.96,52.36
2025-05-15,7,8,2025-05-15 18:26:00,5,グルーンがまごおり開設記念 蒲郡市長杯,1,5298,水谷 理人,2,22,53,0,0,0.15,4.64,26,40,0,0,0,30.66,42.92,37.38,55.83
2025-05-15,7,8,2025-05-15 18:26:00,5,グルーンがまごおり開設記念 蒲郡市長杯,2,4344,新田 雄史,1,40,52.8,0,0,0.14,7.9,58.82,78.99,7.34,54.29,60,43.43,61.14,41.9,63.13
2025-05-15,7,8,2025-05-15 18:26:00,5,グルーンがまごおり開設記念 蒲郡市長杯,3,3277,齋藤 勇,3,58,52,0,0,0.19,4.43,21.11,42.22,3.73,20,33.33,43.26,59.55,34.02,49.48
2025-05-15,7,8,2025-05-15 18:26:00,5,グルーンがまごおり開設記念 蒲郡市長杯,4,3752,宇土 泰就,3,53,53.5,0,0,0.16,4.51,26.09,44.57,5.11,36.84,47.37,38.31,53.73,35.83,52.94
2025-05-15,7,8,2025-05-15 18:26:00,5,グルーンがまごおり開設記念 蒲郡市長杯,5,4918,川島 拓郎,3,36,52.6,0,0,0.16,4.38,26.47,35.29,5.21,27.27,42.42,33.17,53.47,36.63,54.46
2025-05-15,7,8,2025-05-15 18:26:00,5,グルーンがまごおり開設記念 蒲郡市長杯,6,4877,鈴谷 一平,2,30,55.2,0,0,0.15,6.75,53.04,72.17,7.33,44.44,88.89,33.62,53.28,31.47,45.69
2025-05-15,7,9,2025-05-15 18:55:00,5,グルーンがまごおり開設記念 蒲郡市長杯,1,5217,藤原 碧生,1,25,52.4,0,0,0.13,7.48,60.78,79.41,7,50,83.33,40.76,57.61,38.14,54.64
2025-05-15,7,9,2025-05-15 18:55:00,5,グルーンがまごおり開設記念 蒲郡市長杯,2,3993,永井 聖美,3,46,47.8,0,0,0.18,4.91,23.08,49.23,6.5,50,67.86,32.63,47.89,32.69,50.48
2025-05-15,7,9,2025-05-15 18:55:00,5,グルーンがまごおり開設記念 蒲郡市長杯,3,4268,和合 俊介,3,39,58.9,0,0,0.16,3.53,12.94,24.71,3.16,8,16,33.79,55.25,29.65,51.74
2025-05-15,7,9,2025-05-15 18:55:00,5,グルーンがまごおり開設記念 蒲郡市長杯,4,4666,日笠 勝弘,3,41,51.5,0,0,0.15,4.36,23,36,4.5,25,46.43,36.27,53.43,34.22,53.48
2025-05-15,7,9,2025-05-15 18:55:00,5,グルーンがまごおり開設記念 蒲郡市長杯,5,4342,谷野 錬志,1,40,53,0,0,0.13,5.82,40.35,56.14,7.24,45.95,72.97,34.47,52.77,37.26,52.36
2025-05-15,7,9,2025-05-15 18:55:00,5,グルーンがまごおり開設記念 蒲郡市長杯,6,4702,三浦 敬太,2,37,52.1,0,0,0.13,6.38,50,64.58,7.18,59.09,77.27,36.73,54.08,33.48,52.68
2025-05-15,7,10,2025-05-15 19:24:00,5,グルーンがまごおり開設記念 蒲郡市長杯,1,3499,市川 哲也,1,56,52,0,0,0.14,6.09,40.37,61.47,6.22,44.44,66.67,35.34,50.86,34.2,48.19
2025-05-15,7,10,2025-05-15 19:24:00,5,グルーンがまごおり開設記念 蒲郡市長杯,2,5126,山下 大輝,2,28,52,0,0,0.14,5.8,40.37,55.05,5.74,42.11,57.89,39.32,51.94,40.93,58.55
2025-05-15,7,10,2025-05-15 19:24:00,5,グルーンがまごおり開設記念 蒲郡市長杯,3,5160,藤森 陸斗,3,26,52.5,0,0,0.14,5.32,38.1,51.43,7.89,66.67,77.78,40.1,60.42,33.66,49.5
2025-05-15,7,10,2025-05-15 19:24:00,5,グルーンがまごおり開設記念 蒲郡市長杯,4,3941,池田 浩二,1,47,51.5,0,0,0.11,8.06,59.77,80.46,8.62,73.24,87.32,45.7,66.67,27.75,46.07
2025-05-15,7,10,2025-05-15 19:24:00,5,グルーンがまごおり開設記念 蒲郡市長杯,5,4834,浜本 裕己,3,37,51,0,0,0.18,4.55,26.32,39.47,5.13,13.04,52.17,37.44,57.14,26.74,43.6
2025-05-15,7,10,2025-05-15 19:24:00,5,グルーンがまごおり開設記念 蒲郡市長杯,6,3474,松瀬 弘美,2,54,46.5,0,0,0.16,5.06,27.08,47.92,4.97,33.33,43.33,31.73,45.19,28.07,46.78
2025-05-15,7,11,2025-05-15 20:04:00,5,グルーンがまごおり開設記念 蒲郡市長杯,1,4524,深谷 知博,1,37,51.5,0,0,0.11,7.06,48.18,64.55,8.53,52.94,82.35,34.16,51.49,27.93,44.69
2025-05-15,7,11,2025-05-15 20:04:00,5,グルーンがまごおり開設記念 蒲郡市長杯,2,4796,春園 功太,2,33,52,0,0,0.15,5.63,40,54.44,6.83,50,79.17,34.26,49.07,31.38,44.15
2025-05-15,7,11,2025-05-15 20:04:00,5,グルーンがまごおり開設記念 蒲郡市長杯,3,5046,松山 裕基,3,31,53.2,0,0,0.15,4.09,14.04,38.6,4.67,33.33,33.33,45.88,59.41,27.53,42.7
2025-05-15,7,11,2025-05-15 20:04:00,5,グルーンがまごおり開設記念 蒲郡市長杯,4,4184,渡邊 雄一郎,1,39,52,0,0,0.16,6.39,49.44,68.54,0,0,0,33.76,49.68,25.14,42.08
2025-05-15,7,11,2025-05-15 20:04:00,5,グルーンがまごおり開設記念 蒲郡市長杯,5,3947,寺本 昇平,3,49,50,0,0,0.17,4.41,17.53,40.21,4.54,21.95,36.59,33.68,47.37,31.25,48.08
2025-05-15,7,11,2025-05-15 20:04:00,5,グルーンがまごおり開設記念 蒲郡市長杯,6,4614,石倉 洋行,2,45,52.1,0,0,0.13,6.75,51.56,68.75,6.91,54.55,72.73,41.71,60.43,36.68,51.26
2025-05-15,7,12,2025-05-15 20:35:00,5,グルーンがまごおり開設記念 蒲郡市長杯,1,4344,新田 雄史,1,40,52.8,0,0,0.14,7.9,58.82,78.99,7.34,54.29,60,43.43,61.14,41.9,63.13
2025-05-15,7,12,2025-05-15 20:35:00,5,グルーンがまごおり開設記念 蒲郡市長杯,2,3994,小野 桜,2,46,46.5,0,0,0.2,4.94,29.46,43.75,4.65,23.53,35.29,34.62,53.3,26.47,45.59
2025-05-15,7,12,2025-05-15 20:35:00,5,グルーンがまごおり開設記念 蒲郡市長杯,3,4506,稗田 聖也,3,37,53.4,0,0,0.13,5.82,41.96,61.61,5.86,42.86,71.43,31.86,51.96,30.88,49.31
2025-05-15,7,12,2025-05-15 20:35:00,5,グルーンがまごおり開設記念 蒲郡市長杯,4,4166,吉田 拡郎,1,43,52.2,0,0,0.11,6.59,46.73,59.81,8.28,64,72,32.29,47.98,26.46,47.09
2025-05-15,7,12,2025-05-15 20:35:00,5,グルーンがまごおり開設記念 蒲郡市長杯,5,4483,北野 輝季,1,36,52.2,0,0,0.14,7,57.83,72.29,7.55,55.26,76.32,43.65,62.44,31.37,46.08
2025-05-15,7,12,2025-05-15 20:35:00,5,グルーンがまごおり開設記念 蒲郡市長杯,6,4644,山田 亮太,2,46,52,0,0,0.17,5.03,30.38,48.1,5.9,60,60,44.57,60.33,33.96,50.94
2025-05-15,8,1,2025-05-15 10:42:00,3,第10回レディースオールスター,1,4045,佐々木 裕美,2,45,47.3,0,0,0.16,4.89,33.67,44.9,3.64,18.18,36.36,36.97,58.82,36.04,48.22
2025-05-15,8,1,2025-05-15 10:42:00,3,第10回レディースオールスター,2,3435,寺田 千恵,1,56,45.5,0,0,0.15,6.88,51.16,72.09,7.2,50,80,25,42.24,31.98,47.72
2025-05-15,8,1,2025-05-15 10:42:00,3,第10回レディースオールスター,3,5193,米丸 乃絵,3,23,47,0,0,0.2,6.25,44.94,71.91,6.38,37.5,75,43.1,58.62,33.66,50.99
2025-05-15,8,1,2025-05-15 10:42:00,3,第10回レディースオールスター,4,5146,野田 彩加,2,22,49.9,0,0,0.17,4.84,27.35,46.15,4.38,12.5,37.5,32.14,47.32,33.17,47.52
2025-05-15,8,1,2025-05-15 10:42:00,3,第10回レディースオールスター,5,4714,喜多須 杏奈,3,34,48.8,0,0,0.2,4.93,26,48,5.29,23.53,58.82,40.38,55.77,35.44,54.37
2025-05-15,8,1,2025-05-15 10:42:00,3,第10回レディースオールスター,6,4900,中田 夕貴,2,32,47.1,1,0,0.16,5.37,33.94,53.21,6.15,50,60,43.86,54.39,30.81,50
2025-05-15,8,2,2025-05-15 11:10:00,3,第10回レディースオールスター,1,5045,平川 香織,3,24,47,1,0,0.19,4.65,23.66,43.01,5.73,50,57.69,50,61.02,32.68,51.71
2025-05-15,8,2,2025-05-15 11:10:00,3,第10回レディースオールスター,2,5013,山下 夏鈴,2,27,44,0,0,0.15,4.59,27.2,42.4,5.3,40,40,32.77,49.58,45.85,60
2025-05-15,8,2,2025-05-15 11:10:00,3,第10回レディースオールスター,3,4190,長嶋 万記,1,43,49,0,0,0.15,6.31,44.76,63.81,6.83,46.67,66.67,28.7,48.7,31.19,49.01
2025-05-15,8,2,2025-05-15 11:10:00,3,第10回レディースオールスター,4,3611,岩崎 芳美,2,52,47.1,0,0,0.16,6.33,47.12,65.38,7.22,61.11,72.22,27.93,49.55,32.85,54.11
2025-05-15,8,2,2025-05-15 11:10:00,3,第10回レディースオールスター,5,3302,谷川 里江,3,57,46,0,0,0.17,5.03,34.88,46.51,5.36,32.81,56.25,28.1,41.32,29,47.5
2025-05-15,8,2,2025-05-15 11:10:00,3,第10回レディースオールスター,6,4961,西橋 奈未,1,28,47,0,0,0.14,6.75,51.14,63.64,7.86,57.14,85.71,29.63,40.74,49.28,65.7
2025-05-15,8,3,2025-05-15 11:40:00,3,第10回レディースオールスター,1,3232,山川 美由紀,1,58,47,0,0,0.14,5.57,38.96,50.65,0,0,0,30.17,44.83,39.2,57.79
2025-05-15,8,3,2025-05-15 11:40:00,3,第10回レディースオールスター,2,4984,森下 愛梨,3,28,48.9,0,0,0.21,5.27,30.3,50.51,4.5,20,50,29.25,47.17,27.66,43.62
2025-05-15,8,3,2025-05-15 11:40:00,3,第10回レディースオールスター,3,5129,山口 真喜子,2,28,47.2,1,0,0.16,5.68,40,54.78,4.48,36,40,45.61,59.65,30.06,41.62
2025-05-15,8,3,2025-05-15 11:40:00,3,第10回レディースオールスター,4,4878,西岡 育未,3,30,47.1,0,0,0.17,4.52,20,41.54,0,0,0,30.09,46.02,37.25,55.39
2025-05-15,8,3,2025-05-15 11:40:00,3,第10回レディースオールスター,5,4387,平山 智加,1,39,46.5,0,0,0.15,6.91,53.93,70.79,6.5,37.5,68.75,31.86,52.21,32.98,45.21
2025-05-15,8,3,2025-05-15 11:40:00,3,第10回レディースオールスター,6,4746,大豆生田 蒼,2,30,46.5,0,0,0.17,5.83,41.25,58.75,4.29,23.53,47.06,40.83,55,30.5,45.5
2025-05-15,8,4,2025-05-15 12:09:00,3,第10回レディースオールスター,1,5188,武井 莉里佳,3,24,44.5,0,0,0.2,4.66,24.19,38.71,5.3,30,60,32.23,46.28,30.5,53.5
2025-05-15,8,4,2025-05-15 12:09:00,3,第10回レディースオールスター,2,4804,高田 ひかる,1,30,47,0,0,0.18,5.59,32.98,53.19,6.45,51.61,64.52,35.78,49.54,39.71,60.29
2025-05-15,8,4,2025-05-15 12:09:00,3,第10回レディースオールスター,3,4590,渡邉 優美,1,32,47.7,0,0,0.14,7.03,54.63,73.15,4.85,21.21,36.36,35.2,54.4,36.79,55.19
2025-05-15,8,4,2025-05-15 12:09:00,3,第10回レディースオールスター,4,4927,関野 文,1,31,45,0,0,0.17,5.66,37.7,57.38,6.43,42.86,80,39.83,57.63,36.22,49.49
2025-05-15,8,4,2025-05-15 12:09:00,3,第10回レディースオールスター,5,4519,清水 沙樹,3,38,45,0,0,0.15,6.43,47.73,68.18,5.29,28.57,47.62,37.72,55.26,36.45,58.41
2025-05-15,8,4,2025-05-15 12:09:00,3,第10回レディースオールスター,6,4611,今井 美亜,2,34,48.8,0,0,0.14,6.32,48.11,58.49,6.63,56.25,68.75,40.16,54.1,31.84,44.69
2025-05-15,8,5,2025-05-15 12:38:00,3,第10回レディースオールスター,1,4011,堀之内 紀代子,2,45,46,0,0,0.18,5.45,39.81,54.63,5.18,29.41,47.06,46.02,72.57,39.41,53.2
2025-05-15,8,5,2025-05-15 12:38:00,3,第10回レディースオールスター,2,4208,三浦 永理,1,42,47,0,0,0.16,7.02,46.96,72.17,7.09,54.88,76.83,37.07,52.59,36.46,54.14
2025-05-15,8,5,2025-05-15 12:38:00,3,第10回レディースオールスター,3,4938,小芦 るり華,3,27,49.3,0,0,0.17,6.43,42.05,63.64,0,0,0,40.87,60.87,32.65,46.94
2025-05-15,8,5,2025-05-15 12:38:00,3,第10回レディースオールスター,4,4502,遠藤 エミ,1,37,44.5,0,0,0.13,6.92,41.51,61.32,6.43,45.24,57.14,33.33,50,29.1,46.03
2025-05-15,8,5,2025-05-15 12:38:00,3,第10回レディースオールスター,5,3999,大瀧 明日香,1,45,46,0,0,0.17,6.5,46.53,68.32,5.95,43.94,63.64,32.17,42.61,36.45,53.2
2025-05-15,8,5,2025-05-15 12:38:00,3,第10回レディースオールスター,6,4447,深川 麻奈美,2,38,48.8,0,0,0.15,5.84,41.12,56.07,0,0,0,44.66,61.17,30.1,49.03
2025-05-15,8,6,2025-05-15 13:09:00,3,第10回レディースオールスター,1,5203,神里 琴音,3,20,44.5,0,0,0.15,4.25,20,41.05,5.6,30,60,27.88,48.08,42.35,55.61
2025-05-15,8,6,2025-05-15 13:09:00,3,第10回レディースオールスター,2,4123,細川 裕子,1,43,47,0,0,0.19,6.59,47.01,68.38,7.21,54.29,80,31.19,44.95,33.17,50.25
2025-05-15,8,6,2025-05-15 13:09:00,3,第10回レディースオールスター,3,4900,中田 夕貴,2,32,47.1,1,0,0.16,5.37,33.94,53.21,6.15,50,60,43.86,54.39,30.81,50
2025-05-15,8,6,2025-05-15 13:09:00,3,第10回レディースオールスター,4,5264,登 みひ果,3,25,46,0,0,0.19,4.39,25.49,35.29,1.17,0,0,28.57,46.43,31.76,44.71
2025-05-15,8,6,2025-05-15 13:09:00,3,第10回レディースオールスター,5,5013,山下 夏鈴,2,27,44,0,0,0.15,4.59,27.2,42.4,5.3,40,40,32.77,49.58,45.85,60
2025-05-15,8,6,2025-05-15 13:09:00,3,第10回レディースオールスター,6,4450,平高 奈菜,1,37,47,0,0,0.15,7.15,54.96,76.34,6.26,41.94,74.19,30.33,42.62,34.33,47.26
2025-05-15,8,7,2025-05-15 13:40:00,3,第10回レディースオールスター,1,3618,海野 ゆかり,1,51,45.5,0,0,0.17,5.65,36.23,55.07,6.57,47.62,61.9,37.07,56.03,27.55,46.94
2025-05-15,8,7,2025-05-15 13:40:00,3,第10回レディースオールスター,2,4546,浜田 亜理沙,1,37,47,1,0,0.14,6.72,51.24,67.77,6.82,50,64.29,32.8,43.2,41.29,56.22
2025-05-15,8,7,2025-05-15 13:40:00,3,第10回レディースオールスター,3,4843,深尾 巴恵,3,32,47,0,0,0.17,4.76,29.21,44.94,4.94,33.33,38.89,47.06,62.75,31.91,49.47
2025-05-15,8,7,2025-05-15 13:40:00,3,第10回レディースオールスター,4,4045,佐々木 裕美,2,45,47.3,0,0,0.16,4.89,33.67,44.9,3.64,18.18,36.36,36.97,58.82,36.04,48.22
2025-05-15,8,7,2025-05-15 13:40:00,3,第10回レディースオールスター,5,4347,魚谷 香織,2,40,45,1,0,0.15,6.41,44.83,62.07,0,0,0,35.2,52,33.33,55.19
2025-05-15,8,7,2025-05-15 13:40:00,3,第10回レディースオールスター,6,4190,長嶋 万記,1,43,49,0,0,0.15,6.31,44.76,63.81,6.83,46.67,66.67,28.7,48.7,31.19,49.01
2025-05-15,8,8,2025-05-15 14:10:00,3,第10回レディースオールスター,1,4884,勝浦 真帆,2,29,48,1,0,0.13,6.38,51.52,65.91,5.7,40.74,62.96,28.97,58.88,39.9,58.59
2025-05-15,8,8,2025-05-15 14:10:00,3,第10回レディースオールスター,2,4433,川野 芽唯,1,39,47,0,0,0.19,6.29,42.74,64.1,0,0,0,38.1,52.38,31.82,53.54
2025-05-15,8,8,2025-05-15 14:10:00,3,第10回レディースオールスター,3,4961,西橋 奈未,1,28,47,0,0,0.14,6.75,51.14,63.64,7.86,57.14,85.71,29.63,40.74,49.28,65.7
2025-05-15,8,8,2025-05-15 14:10:00,3,第10回レディースオールスター,4,4714,喜多須 杏奈,3,34,48.8,0,0,0.2,4.93,26,48,5.29,23.53,58.82,40.38,55.77,35.44,54.37
2025-05-15,8,8,2025-05-15 14:10:00,3,第10回レディースオールスター,5,4758,富樫 麗加,2,35,51.9,0,0,0.15,5.11,22.58,46.77,0,0,0,31.75,46.83,34.34,51.52
2025-05-15,8,8,2025-05-15 14:10:00,3,第10回レディースオールスター,6,5281,井上 遥妃,3,22,47,0,0,0.15,5.55,39.44,57.75,6.55,36.36,81.82,32.77,48.74,27.23,48.69
2025-05-15,8,9,2025-05-15 14:46:00,3,第10回レディースオールスター,1,4963,實森 美祐,1,28,47,0,0,0.14,7.1,58.16,72.45,6.56,40.74,70.37,38.94,52.21,32.5,49.5
2025-05-15,8,9,2025-05-15 14:46:00,3,第10回レディースオールスター,2,5193,米丸 乃絵,3,23,47,0,0,0.2,6.25,44.94,71.91,6.38,37.5,75,43.1,58.62,33.66,50.99
2025-05-15,8,9,2025-05-15 14:46:00,3,第10回レディースオールスター,3,5088,高憧 四季,3,25,44.5,0,0,0.16,6.56,46.36,68.18,9.57,100,100,33.64,57.01,40.91,57.58
2025-05-15,8,9,2025-05-15 14:46:00,3,第10回レディースオールスター,4,4746,大豆生田 蒼,2,30,46.5,0,0,0.17,5.83,41.25,58.75,4.29,23.53,47.06,40.83,55,30.5,45.5
2025-05-15,8,9,2025-05-15 14:46:00,3,第10回レディースオールスター,5,4183,宇野 弥生,2,39,47.7,0,0,0.13,6.1,46.67,56.67,5.51,38.03,53.52,35.2,64,33.5,47.21
2025-05-15,8,9,2025-05-15 14:46:00,3,第10回レディースオールスター,6,5241,門田 栞,3,24,47.4,0,0,0.16,4.75,27.05,47.54,4.36,18.18,36.36,34.71,55.37,27.27,43.43
2025-05-15,8,10,2025-05-15 15:23:00,3,第10回レディースオールスター,1,3999,大瀧 明日香,1,45,46,0,0,0.17,6.5,46.53,68.32,5.95,43.94,63.64,32.17,42.61,36.45,53.2
2025-05-15,8,10,2025-05-15 15:23:00,3,第10回レディースオールスター,2,4519,清水 沙樹,3,38,45,0,0,0.15,6.43,47.73,68.18,5.29,28.57,47.62,37.72,55.26,36.45,58.41
2025-05-15,8,10,2025-05-15 15:23:00,3,第10回レディースオールスター,3,5218,山田 理央,2,24,46,0,0,0.15,5.64,33.83,59.4,6.47,35.29,76.47,31.15,48.36,35.41,51.67
2025-05-15,8,10,2025-05-15 15:23:00,3,第10回レディースオールスター,4,3232,山川 美由紀,1,58,47,0,0,0.14,5.57,38.96,50.65,0,0,0,30.17,44.83,39.2,57.79
2025-05-15,8,10,2025-05-15 15:23:00,3,第10回レディースオールスター,5,3611,岩崎 芳美,2,52,47.1,0,0,0.16,6.33,47.12,65.38,7.22,61.11,72.22,27.93,49.55,32.85,54.11
2025-05-15,8,10,2025-05-15 15:23:00,3,第10回レディースオールスター,6,5174,川井 萌,1,23,46,0,0,0.15,6.47,47.9,65.55,6.57,52.38,66.67,30.77,43.08,35.08,49.74
2025-05-15,8,11,2025-05-15 16:01:00,3,第10回レディースオールスター,1,4387,平山 智加,1,39,46.5,0,0,0.15,6.91,53.93,70.79,6.5,37.5,68.75,31.86,52.21,32.98,45.21
2025-05-15,8,11,2025-05-15 16:01:00,3,第10回レディースオールスター,2,3302,谷川 里江,3,57,45.5,0,0,0.17,5.03,34.88,46.51,5.36,32.81,56.25,28.1,41.32,29,47.5
2025-05-15,8,11,2025-05-15 16:01:00,3,第10回レディースオールスター,3,5163,清水 愛海,1,25,47,0,0,0.16,6.35,41.25,62.5,7.45,63.64,81.82,45.45,70,32.82,50.26
2025-05-15,8,11,2025-05-15 16:01:00,3,第10回レディースオールスター,4,4456,鎌倉 涼,1,36,45.5,0,0,0.17,6.51,50,61.36,6.22,50,55.56,38.1,58.73,37.2,51.69
2025-05-15,8,11,2025-05-15 16:01:00,3,第10回レディースオールスター,5,4546,浜田 亜理沙,1,37,46,1,0,0.14,6.72,51.24,67.77,6.82,50,64.29,32.8,43.2,41.29,56.22
2025-05-15,8,11,2025-05-15 16:01:00,3,第10回レディースオールスター,6,5264,登 みひ果,3,25,45,0,0,0.19,4.39,25.49,35.29,1.17,0,0,28.57,46.43,31.76,44.71
2025-05-15,8,12,2025-05-15 16:40:00,3,第10回レディースオールスター,1,4502,遠藤 エミ,1,37,44.5,0,0,0.13,6.92,41.51,61.32,6.43,45.24,57.14,33.33,50,29.1,46.03
2025-05-15,8,12,2025-05-15 16:40:00,3,第10回レディースオールスター,2,5205,刑部 亜里紗,2,28,47.6,1,0,0.16,5.61,39.58,54.17,5.4,36,56,36.8,56.8,35.92,48.06
2025-05-15,8,12,2025-05-15 16:40:00,3,第10回レディースオールスター,3,4804,高田 ひかる,1,30,47,0,0,0.18,5.59,32.98,53.19,6.45,51.61,64.52,35.78,49.54,39.71,60.29
2025-05-15,8,12,2025-05-15 16:40:00,3,第10回レディースオールスター,4,4450,平高 奈菜,1,37,47,0,0,0.15,7.15,54.96,76.34,6.26,41.94,74.19,30.33,42.62,34.33,47.26
2025-05-15,8,12,2025-05-15 16:40:00,3,第10回レディースオールスター,5,4984,森下 愛梨,3,28,48.9,0,0,0.21,5.27,30.3,50.51,4.5,20,50,29.25,47.17,27.66,43.62
2025-05-15,8,12,2025-05-15 16:40:00,3,第10回レディースオールスター,6,4845,前田 紗希,1,32,47,0,0,0.15,5.9,42.22,62.22,6.32,36.36,68.18,37.82,52.1,31.19,49.01
2025-05-15,10,1,2025-05-15 08:35:00,5,にっぽん未来プロジェクト競走in三国,1,4512,高野 哲史,1,36,52.3,0,0,0.15,6.83,50.77,72.31,5.88,41.18,52.94,17.02,27.66,28.57,40.82
2025-05-15,10,1,2025-05-15 08:35:00,5,にっぽん未来プロジェクト競走in三国,2,4752,西尾 亮輔,3,37,52,0,0,0.16,4.06,17.2,34.41,0,0,0,34.09,52.27,42.86,67.35
2025-05-15,10,1,2025-05-15 08:35:00,5,にっぽん未来プロジェクト競走in三国,3,5282,中本 大樹,4,22,53.5,0,0,0.16,4.03,19.74,31.58,2.37,5.33,9.33,39.13,52.17,37.5,54.17
2025-05-15,10,1,2025-05-15 08:35:00,5,にっぽん未来プロジェクト競走in三国,4,5366,塩嶋 泰空,4,23,54.2,0,0,,1.13,0,0,1.19,0,0,34.04,53.19,27.91,53.49
2025-05-15,10,1,2025-05-15 08:35:00,5,にっぽん未来プロジェクト競走in三国,5,4638,小林 遼太,3,34,52.8,0,0,0.19,4.76,28.13,43.75,6.08,41.67,50,30.43,60.87,20,42.22
2025-05-15,10,1,2025-05-15 08:35:00,5,にっぽん未来プロジェクト競走in三国,6,4196,田中 太一郎,3,43,52.6,0,0,0.18,5.27,39.76,49.4,2.5,0,0,18.42,34.21,28.26,41.3
2025-05-15,10,2,2025-05-15 09:01:00,5,にっぽん未来プロジェクト競走in三国,1,4773,中川 りな,2,31,49.2,0,0,0.17,5.81,38.66,58.82,4.78,22.22,44.44,23.91,36.96,38,54
2025-05-15,10,2,2025-05-15 09:01:00,5,にっぽん未来プロジェクト競走in三国,2,4473,藤堂 里香,2,37,45.5,0,0,0.15,5.63,43.42,56.58,5.98,42.62,62.3,27.66,42.55,35.42,54.17
2025-05-15,10,2,2025-05-15 09:01:00,5,にっぽん未来プロジェクト競走in三国,3,5320,岩崎 麗子,4,23,51,0,0,0.19,1.69,2.13,4.26,1.67,0,11.11,26.67,42.22,31.82,54.55
2025-05-15,10,2,2025-05-15 09:01:00,5,にっぽん未来プロジェクト競走in三国,4,5251,沼田 七華,3,22,53.3,0,0,0.19,2.39,2.9,13.04,2.1,1.96,7.84,15.56,33.33,20.45,40.91
2025-05-15,10,2,2025-05-15 09:01:00,5,にっぽん未来プロジェクト競走in三国,5,5144,中尾 彩香,3,23,47,0,0,0.18,3.96,21.13,28.17,2,0,0,25.58,46.51,37.5,56.25
2025-05-15,10,2,2025-05-15 09:01:00,5,にっぽん未来プロジェクト競走in三国,6,5184,飯塚 響,4,25,45,0,0,0.16,3.51,13.73,23.53,0,0,0,32.65,48.98,34.09,56.82
2025-05-15,10,3,2025-05-15 09:27:00,5,にっぽん未来プロジェクト競走in三国,1,5185,加藤 優弥,2,25,52.7,0,0,0.16,5.27,30.83,50.83,4.58,20.59,46.08,38,64,35.56,51.11
2025-05-15,10,3,2025-05-15 09:27:00,5,にっぽん未来プロジェクト競走in三国,2,3933,山地 正樹,3,48,56,0,0,0.16,5.01,32.71,54.21,4.57,28.57,28.57,31.25,52.08,33.33,41.03
2025-05-15,10,3,2025-05-15 09:27:00,5,にっぽん未来プロジェクト競走in三国,3,4907,小池 修平,1,29,52,0,0,0.14,7.09,60,67.83,7.44,61.11,72.22,21.43,30.95,46.94,61.22
2025-05-15,10,3,2025-05-15 09:27:00,5,にっぽん未来プロジェクト競走in三国,4,4181,花本 夏樹,3,41,54,0,0,0.17,4.23,16.96,35.71,4.52,24.07,44.44,23.53,39.22,42.86,59.18
2025-05-15,10,3,2025-05-15 09:27:00,5,にっぽん未来プロジェクト競走in三国,5,4329,小松 卓司,3,41,52.2,0,0,0.16,4.5,24.07,42.59,6,22.22,77.78,23.26,34.88,34,58
2025-05-15,10,3,2025-05-15 09:27:00,5,にっぽん未来プロジェクト競走in三国,6,4407,鹿島 敏弘,3,39,54.3,0,0,0.17,4.9,26.32,47.37,3.59,11.76,23.53,28.57,44.9,28.26,43.48
2025-05-15,10,4,2025-05-15 09:53:00,5,にっぽん未来プロジェクト競走in三国,1,4470,平田 健之佑,1,38,52,0,0,0.15,6.31,50.39,61.24,5.17,23.33,50,32.61,39.13,27.08,35.42
2025-05-15,10,4,2025-05-15 09:53:00,5,にっぽん未来プロジェクト競走in三国,2,4460,後藤 翔之,2,39,54.3,0,0,0.14,6.46,47.83,65.94,4.71,23.81,52.38,20.45,40.91,46.67,62.22
2025-05-15,10,4,2025-05-15 09:53:00,5,にっぽん未来プロジェクト競走in三国,3,4945,上村 宏太,3,33,52.8,0,0,0.17,4.89,31.82,51.52,0,0,0,38.78,44.9,37.5,54.17
2025-05-15,10,4,2025-05-15 09:53:00,5,にっぽん未来プロジェクト競走in三国,4,5325,澁川 夏,3,21,52,0,0,0.17,3.59,9.18,28.57,2.24,4.76,14.29,42.86,65.31,24.49,40.82
2025-05-15,10,4,2025-05-15 09:53:00,5,にっぽん未来プロジェクト競走in三国,5,3415,松井 繁,1,55,51.5,0,0,0.13,7.03,48.28,68.97,6.76,39.47,65.79,42.55,61.7,33.33,44.44
2025-05-15,10,4,2025-05-15 09:53:00,5,にっぽん未来プロジェクト競走in三国,6,4692,酒井 俊弘,3,41,52,0,0,0.16,4.68,28.57,40.26,5.77,44.35,58.26,36.73,53.06,15.79,36.84
2025-05-15,10,5,2025-05-15 10:21:00,5,にっぽん未来プロジェクト競走in三国,1,4422,永井 亮次,3,36,53.1,0,0,0.19,4.5,24.62,36.92,0,0,0,43.18,59.09,33.33,54.17
2025-05-15,10,5,2025-05-15 10:21:00,5,にっぽん未来プロジェクト競走in三国,2,3771,折下 寛法,2,51,51.5,0,0,0.14,4.89,25,43.75,5.53,35.29,55.88,32.61,45.65,32.65,57.14
2025-05-15,10,5,2025-05-15 10:21:00,5,にっぽん未来プロジェクト競走in三国,3,4752,西尾 亮輔,3,37,52,0,0,0.16,4.06,17.2,34.41,0,0,0,34.09,52.27,42.86,67.35
2025-05-15,10,5,2025-05-15 10:21:00,5,にっぽん未来プロジェクト競走in三国,4,4713,白神 優,1,34,53.2,0,0,0.13,6.43,48.31,61.86,4.33,11.11,22.22,34.78,47.83,22.92,37.5
2025-05-15,10,5,2025-05-15 10:21:00,5,にっぽん未来プロジェクト競走in三国,5,5084,末永 和也,1,26,52.4,0,0,0.14,7.74,61.26,74.77,0,0,0,26.09,39.13,32.61,47.83
2025-05-15,10,5,2025-05-15 10:21:00,5,にっぽん未来プロジェクト競走in三国,6,4505,島田 賢人,1,37,54,0,0,0.14,5.99,37.84,58.11,5.93,43.33,53.33,38,52,27.27,43.18
2025-05-15,10,6,2025-05-15 10:51:00,5,にっぽん未来プロジェクト競走in三国,1,3850,小川 知行,3,52,52.3,0,0,0.15,5.14,34.78,46.74,4.62,11.54,50,32,48,48.65,59.46
2025-05-15,10,6,2025-05-15 10:51:00,5,にっぽん未来プロジェクト競走in三国,2,4544,松田 大志郎,1,37,52,0,0,0.15,6.9,48.67,67.26,6.93,51.72,72.41,23.91,47.83,24.32,29.73
2025-05-15,10,6,2025-05-15 10:51:00,5,にっぽん未来プロジェクト競走in三国,3,5251,沼田 七華,3,22,53.3,0,0,0.19,2.39,2.9,13.04,2.1,1.96,7.84,15.56,33.33,20.45,40.91
2025-05-15,10,6,2025-05-15 10:51:00,5,にっぽん未来プロジェクト競走in三国,4,4105,松下 直也,2,45,51.5,0,0,0.17,5.71,36.7,60.55,7,57.14,74.29,32.69,48.08,31.91,57.45
2025-05-15,10,6,2025-05-15 10:51:00,5,にっぽん未来プロジェクト競走in三国,5,3563,堤 昇,2,55,53.3,0,0,0.15,5.39,35.21,54.23,5.78,37.5,57.5,31.91,46.81,24.39,29.27
2025-05-15,10,6,2025-05-15 10:51:00,5,にっぽん未来プロジェクト競走in三国,6,4967,中村 魁生,2,26,52,0,0,0.13,6.02,42.72,59.22,5.52,36,56,34.09,47.73,23.4,31.91
2025-05-15,10,7,2025-05-15 11:22:00,5,にっぽん未来プロジェクト競走in三国,1,5320,岩崎 麗子,4,23,51,0,0,0.19,1.69,2.13,4.26,1.67,0,11.11,26.67,42.22,31.82,54.55
2025-05-15,10,7,2025-05-15 11:22:00,5,にっぽん未来プロジェクト競走in三国,2,4269,杉山 裕也,1,39,52,0,0,0.14,6.69,45.79,71.03,7.43,61.9,76.19,42,58,46.51,55.81
2025-05-15,10,7,2025-05-15 11:22:00,5,にっぽん未来プロジェクト競走in三国,3,5185,加藤 優弥,2,25,52.7,0,0,0.16,5.27,30.83,50.83,4.58,20.59,46.08,38,64,35.56,51.11
2025-05-15,10,7,2025-05-15 11:22:00,5,にっぽん未来プロジェクト競走in三国,4,5282,中本 大樹,4,22,53.5,0,0,0.16,4.03,19.74,31.58,2.37,5.33,9.33,39.13,52.17,41.51,64.15
2025-05-15,10,7,2025-05-15 11:22:00,5,にっぽん未来プロジェクト競走in三国,5,4308,河村 了,1,41,52,0,0,0.15,5.92,32.99,57.73,7.11,63.16,73.68,44.44,68.89,15.56,33.33
2025-05-15,10,7,2025-05-15 11:22:00,5,にっぽん未来プロジェクト競走in三国,6,4200,早川 尚人,3,42,53.2,0,0,0.17,4.49,19.39,37.76,4.82,21.43,35.71,16,40,36.54,50
2025-05-15,10,8,2025-05-15 11:54:00,5,にっぽん未来プロジェクト競走in三国,1,4945,上村 宏太,3,33,52.8,0,0,0.17,4.89,31.82,51.52,0,0,0,38.78,44.9,37.5,54.17
2025-05-15,10,8,2025-05-15 11:54:00,5,にっぽん未来プロジェクト競走in三国,2,4638,小林 遼太,3,34,52.8,0,0,0.19,4.76,28.13,43.75,6.08,41.67,50,30.43,60.87,20,42.22
2025-05-15,10,8,2025-05-15 11:54:00,5,にっぽん未来プロジェクト競走in三国,3,4532,秋元 哲,1,36,51.5,0,0,0.14,6.81,46.15,72.53,7.13,57.78,73.33,48.98,65.31,28.26,50
2025-05-15,10,8,2025-05-15 11:54:00,5,にっぽん未来プロジェクト競走in三国,4,4600,井内 将太郎,2,40,52,0,0,0.14,6.06,39.68,58.73,6.27,40,63.33,42.86,55.1,25,41.67
2025-05-15,10,8,2025-05-15 11:54:00,5,にっぽん未来プロジェクト競走in三国,5,4588,田中 京介,2,34,54.4,0,0,0.13,5.37,34.34,50.51,6,43.75,62.5,34.15,56.1,39.53,58.14
2025-05-15,10,8,2025-05-15 11:54:00,5,にっぽん未来プロジェクト競走in三国,6,4181,花本 夏樹,3,41,54,0,0,0.17,4.23,16.96,35.71,4.52,24.07,44.44,23.53,39.22,42.86,59.18
2025-05-15,10,9,2025-05-15 12:27:00,5,にっぽん未来プロジェクト競走in三国,1,4343,村岡 賢,3,40,53.6,0,0,0.17,3.44,15.48,26.19,0,0,0,34.04,40.43,36.36,57.58
2025-05-15,10,9,2025-05-15 12:27:00,5,にっぽん未来プロジェクト競走in三国,2,4196,田中 太一郎,3,43,52.6,0,0,0.18,5.27,39.76,49.4,2.5,0,0,18.42,34.21,28.26,41.3
2025-05-15,10,9,2025-05-15 12:27:00,5,にっぽん未来プロジェクト競走in三国,3,4505,島田 賢人,1,37,54,0,0,0.14,5.99,37.84,58.11,5.93,43.33,53.33,38,52,27.27,43.18
2025-05-15,10,9,2025-05-15 12:27:00,5,にっぽん未来プロジェクト競走in三国,4,4473,藤堂 里香,2,37,45.5,0,0,0.15,5.63,43.42,56.58,5.98,42.62,62.3,27.66,42.55,35.42,54.17
2025-05-15,10,9,2025-05-15 12:27:00,5,にっぽん未来プロジェクト競走in三国,5,4460,後藤 翔之,2,39,54.3,0,0,0.14,6.46,47.83,65.94,4.71,23.81,52.38,20.45,40.91,46.67,62.22
2025-05-15,10,9,2025-05-15 12:27:00,5,にっぽん未来プロジェクト競走in三国,6,4907,小池 修平,1,29,52,0,0,0.14,7.09,60,67.83,7.44,61.11,72.22,21.43,30.95,46.94,61.22
2025-05-15,10,10,2025-05-15 13:01:00,5,にっぽん未来プロジェクト競走in三国,1,3415,松井 繁,1,55,51.5,0,0,0.13,7.03,48.28,68.97,6.76,39.47,65.79,42.55,61.7,33.33,44.44
2025-05-15,10,10,2025-05-15 13:01:00,5,にっぽん未来プロジェクト競走in三国,2,5184,飯塚 響,4,25,45,0,0,0.16,3.51,13.73,23.53,0,0,0,32.65,48.98,34.09,56.82
2025-05-15,10,10,2025-05-15 13:01:00,5,にっぽん未来プロジェクト競走in三国,3,4944,田代 達也,3,34,52.2,0,0,0.14,3.96,21.28,35.11,2.13,0,12.5,32.65,51.02,17.78,42.22
2025-05-15,10,10,2025-05-15 13:01:00,5,にっぽん未来プロジェクト競走in三国,4,3563,堤 昇,2,55,53.3,0,0,0.15,5.39,35.21,54.23,5.78,37.5,57.5,31.91,46.81,24.39,29.27
2025-05-15,10,10,2025-05-15 13:01:00,5,にっぽん未来プロジェクト競走in三国,5,4512,高野 哲史,1,36,52.3,0,0,0.15,6.83,50.77,72.31,5.88,41.18,52.94,17.02,27.66,28.57,40.82
2025-05-15,10,10,2025-05-15 13:01:00,5,にっぽん未来プロジェクト競走in三国,6,5209,小野 京平,3,27,56.3,0,0,0.18,2.74,4.65,13.95,0,0,0,28.89,40,41.67,54.17
2025-05-15,10,11,2025-05-15 13:36:00,5,にっぽん未来プロジェクト競走in三国,1,4269,杉山 裕也,1,39,52,0,0,0.14,6.69,45.79,71.03,7.43,61.9,76.19,42,58,46.51,55.81
2025-05-15,10,11,2025-05-15 13:36:00,5,にっぽん未来プロジェクト競走in三国,2,4407,鹿島 敏弘,3,39,54.3,0,0,0.17,4.9,26.32,47.37,3.59,11.76,23.53,28.57,44.9,28.26,43.48
2025-05-15,10,11,2025-05-15 13:36:00,5,にっぽん未来プロジェクト競走in三国,3,4692,酒井 俊弘,3,41,52,0,0,0.16,4.68,28.57,40.26,5.77,44.35,58.26,36.73,53.06,15.79,36.84
2025-05-15,10,11,2025-05-15 13:36:00,5,にっぽん未来プロジェクト競走in三国,4,4967,中村 魁生,2,26,52,0,0,0.13,6.02,42.72,59.22,5.52,36,56,34.09,47.73,23.4,31.91
2025-05-15,10,11,2025-05-15 13:36:00,5,にっぽん未来プロジェクト競走in三国,5,4773,中川 りな,2,31,49.2,0,0,0.17,5.81,38.66,58.82,4.78,22.22,44.44,23.91,36.96,38,54
2025-05-15,10,11,2025-05-15 13:36:00,5,にっぽん未来プロジェクト競走in三国,6,3909,佐々木 康幸,1,51,53.3,0,0,0.12,6.18,44.27,54.2,6.5,50,62.5,25,38.64,23.91,45.65
2025-05-15,10,12,2025-05-15 14:13:00,5,にっぽん未来プロジェクト競走in三国,1,4544,松田 大志郎,1,37,52,0,0,0.15,6.9,48.67,67.26,6.93,51.72,72.41,23.91,47.83,24.32,29.73
2025-05-15,10,12,2025-05-15 14:13:00,5,にっぽん未来プロジェクト競走in三国,2,4308,河村 了,1,41,52,0,0,0.15,5.92,32.99,57.73,7.11,63.16,73.68,44.44,68.89,15.56,33.33
2025-05-15,10,12,2025-05-15 14:13:00,5,にっぽん未来プロジェクト競走in三国,3,3933,山地 正樹,3,48,56.6,0,0,0.16,5.01,32.71,54.21,4.57,28.57,28.57,31.25,52.08,33.33,41.03
2025-05-15,10,12,2025-05-15 14:13:00,5,にっぽん未来プロジェクト競走in三国,4,4470,平田 健之佑,1,38,52,0,0,0.15,6.31,50.39,61.24,5.17,23.33,50,32.61,39.13,27.08,35.42
2025-05-15,10,12,2025-05-15 14:13:00,5,にっぽん未来プロジェクト競走in三国,5,4713,白神 優,1,34,52.4,0,0,0.13,6.43,48.31,61.86,4.33,11.11,22.22,34.78,47.83,22.92,37.5
2025-05-15,10,12,2025-05-15 14:13:00,5,にっぽん未来プロジェクト競走in三国,6,4588,田中 京介,2,34,54.3,0,0,0.13,5.37,34.34,50.51,6,43.75,62.5,34.15,56.1,39.53,58.14
2025-05-15,12,1,2025-05-15 15:19:00,5,スポニチ杯争奪第59回なにわ賞,1,3661,柳瀬 興志,3,55,57.5,0,0,0.16,5.66,30.93,62.89,4.09,9.09,36.36,20,35,30,50
2025-05-15,12,1,2025-05-15 15:19:00,5,スポニチ杯争奪第59回なにわ賞,2,4574,東 潤樹,3,36,52.7,0,0,0.18,4.8,28.21,40.17,5.94,35.29,64.71,25.93,29.63,42.11,57.89
2025-05-15,12,1,2025-05-15 15:19:00,5,スポニチ杯争奪第59回なにわ賞,3,3717,立間 充宏,2,50,55.2,0,0,0.14,5.84,44.29,58.57,4.57,14.29,42.86,17.65,35.29,20,33.33
2025-05-15,12,1,2025-05-15 15:19:00,5,スポニチ杯争奪第59回なにわ賞,4,3793,高橋 真吾,3,52,56.2,1,0,0.18,4.53,28,44,5.31,38.46,46.15,34.62,61.54,48,60
2025-05-15,12,1,2025-05-15 15:19:00,5,スポニチ杯争奪第59回なにわ賞,5,3349,吉田 一郎,2,57,52,0,0,0.14,5.72,36.63,55.45,6.21,54.55,63.64,25,50,33.33,48.15
2025-05-15,12,1,2025-05-15 15:19:00,5,スポニチ杯争奪第59回なにわ賞,6,5316,村松 将平,3,24,52.1,0,0,0.15,3.5,10,31.11,2.78,11.11,22.22,22.22,55.56,12.5,12.5
2025-05-15,12,2,2025-05-15 15:46:00,5,スポニチ杯争奪第59回なにわ賞,1,5350,網代 良芽,4,21,51,1,0,0.22,2.67,4.92,22.95,0,0,0,33.33,33.33,60,70
2025-05-15,12,2,2025-05-15 15:46:00,5,スポニチ杯争奪第59回なにわ賞,2,3284,渡邊 伸太郎,3,57,52.2,0,0,0.17,5.07,31,45,4.31,26.92,34.62,22.22,33.33,33.33,62.96
2025-05-15,12,2,2025-05-15 15:46:00,5,スポニチ杯争奪第59回なにわ賞,3,4171,榎 幸司,2,42,52,0,0,0.17,6.81,47.2,73.6,7.11,66.67,72.22,5.88,17.65,38.89,66.67
2025-05-15,12,2,2025-05-15 15:46:00,5,スポニチ杯争奪第59回なにわ賞,4,5125,高井 雄基,3,28,52.1,0,0,0.16,6.17,46.38,63.77,6.56,56.25,81.25,41.67,58.33,42.86,57.14
2025-05-15,12,2,2025-05-15 15:46:00,5,スポニチ杯争奪第59回なにわ賞,5,4977,馬野 耀,1,31,53,0,0,0.14,5.69,33.33,58.06,5.58,37.18,52.56,42.31,57.69,31.82,45.45
2025-05-15,12,2,2025-05-15 15:46:00,5,スポニチ杯争奪第59回なにわ賞,6,4339,平瀬 城啓,3,40,54,0,0,0.17,3.98,14.29,31.43,4.87,26.67,46.67,51.72,68.97,42.11,52.63
2025-05-15,12,3,2025-05-15 16:10:00,5,スポニチ杯争奪第59回なにわ賞,1,5183,中野 孝二,3,26,54.1,0,0,0.16,4.79,27.55,46.94,3.54,15.38,23.08,19.23,26.92,23.08,30.77
2025-05-15,12,3,2025-05-15 16:10:00,5,スポニチ杯争奪第59回なにわ賞,2,3860,松本 浩貴,3,51,52.5,0,0,0.19,4.01,19.78,34.07,4.69,30.77,38.46,36.36,63.64,22.22,37.04
2025-05-15,12,3,2025-05-15 16:10:00,5,スポニチ杯争奪第59回なにわ賞,3,4210,松村 康太,2,42,53.4,0,0,0.17,6.02,36.94,68.47,5.51,34.15,58.54,29.63,55.56,44.44,61.11
2025-05-15,12,3,2025-05-15 16:10:00,5,スポニチ杯争奪第59回なにわ賞,4,5336,瀬川 大地,4,19,53.8,0,0,0.22,1.35,0,1.06,1.33,0,0,31.58,42.11,26.67,66.67
2025-05-15,12,3,2025-05-15 16:10:00,5,スポニチ杯争奪第59回なにわ賞,5,3956,横澤 剛治,1,47,55.5,0,0,0.15,6.08,38.71,61.29,5.5,36.36,50,55.56,59.26,42.11,57.89
2025-05-15,12,3,2025-05-15 16:10:00,5,スポニチ杯争奪第59回なにわ賞,6,3973,崎 利仁,3,48,54,0,0,0.2,4.48,21.19,37.29,3.77,13.64,22.73,31.82,36.36,30,60
2025-05-15,12,4,2025-05-15 16:38:00,5,スポニチ杯争奪第59回なにわ賞,1,4323,山田 佑樹,2,38,56.8,0,0,0.16,5.37,38.74,53.15,5.2,37.14,42.86,26.92,53.85,33.33,48.15
2025-05-15,12,4,2025-05-15 16:38:00,5,スポニチ杯争奪第59回なにわ賞,2,4167,片岡 秀樹,3,42,55.6,0,0,0.15,4.96,24.51,50.98,0,0,0,23.08,38.46,25,58.33
2025-05-15,12,4,2025-05-15 16:38:00,5,スポニチ杯争奪第59回なにわ賞,3,5318,河内 一馬,4,24,53.6,0,0,0.19,2.62,2.44,14.63,1.15,0,0,14.81,25.93,40,50
2025-05-15,12,4,2025-05-15 16:38:00,5,スポニチ杯争奪第59回なにわ賞,4,4219,本岡 勝利,3,43,52.8,0,0,0.19,3.76,15.24,27.62,3.96,10.71,42.86,29.63,44.44,7.69,23.08
2025-05-15,12,4,2025-05-15 16:38:00,5,スポニチ杯争奪第59回なにわ賞,5,4152,深水 慎一郎,2,44,52.8,0,0,0.17,5.33,35.37,54.88,5.42,22.58,54.84,22.22,33.33,45,75
2025-05-15,12,4,2025-05-15 16:38:00,5,スポニチ杯争奪第59回なにわ賞,6,3388,今垣 光太郎,1,55,52,0,0,0.18,7.17,52.81,69.66,6.67,33.33,33.33,18.52,37.04,15.38,30.77
2025-05-15,12,5,2025-05-15 17:05:00,5,スポニチ杯争奪第59回なにわ賞,1,3349,吉田 一郎,2,57,52,0,0,0.14,5.72,36.63,55.45,6.21,54.55,63.64,25,50,33.33,48.15
2025-05-15,12,5,2025-05-15 17:05:00,5,スポニチ杯争奪第59回なにわ賞,2,5307,富永 夏哉人,3,21,50.5,1,0,0.17,4.04,16.52,35.65,4.63,25,37.5,32.14,46.43,46.15,57.69
2025-05-15,12,5,2025-05-15 17:05:00,5,スポニチ杯争奪第59回なにわ賞,3,4876,梅木 敬太,3,30,53,0,0,0.18,4.64,29.35,40.22,5.65,46.15,53.85,23.53,64.71,23.08,34.62
2025-05-15,12,5,2025-05-15 17:05:00,5,スポニチ杯争奪第59回なにわ賞,4,5388,佐野 優都,4,18,52.4,0,0,,2.25,1.75,10.53,0,0,0,15.38,38.46,42.31,57.69
2025-05-15,12,5,2025-05-15 17:05:00,5,スポニチ杯争奪第59回なにわ賞,5,4725,佐竹 太一,3,38,52,0,0,0.19,4.76,24.32,45.05,5,40,50,33.33,61.11,18.18,18.18
2025-05-15,12,5,2025-05-15 17:05:00,5,スポニチ杯争奪第59回なにわ賞,6,3783,瓜生 正義,1,49,52.4,0,0,0.12,7.08,49.43,63.22,7.16,46.51,58.14,23.08,38.46,41.18,58.82
2025-05-15,12,6,2025-05-15 17:36:00,5,スポニチ杯争奪第59回なにわ賞,1,3445,加藤 高史,3,55,52,0,0,0.18,4.91,25,45.45,4.56,11.11,44.44,25,50,42.11,52.63
2025-05-15,12,6,2025-05-15 17:36:00,5,スポニチ杯争奪第59回なにわ賞,2,3703,鳥飼 眞,2,51,50,0,0,0.16,5.97,42.52,57.48,6.2,40,60,45,50,32,48
2025-05-15,12,6,2025-05-15 17:36:00,5,スポニチ杯争奪第59回なにわ賞,3,4188,久田 敏之,1,44,52,0,0,0.14,7.31,55.91,74.02,7.45,60,85,24,52,41.67,62.5
2025-05-15,12,6,2025-05-15 17:36:00,5,スポニチ杯争奪第59回なにわ賞,4,3863,海老澤 泰行,3,51,55.8,0,0,0.16,5.13,32.94,50.59,5.38,30.77,46.15,32.14,53.57,22.73,40.91
2025-05-15,12,6,2025-05-15 17:36:00,5,スポニチ杯争奪第59回なにわ賞,5,3284,渡邊 伸太郎,3,57,52.2,0,0,0.17,5.07,31,45,4.31,26.92,34.62,22.22,33.33,33.33,62.96
2025-05-15,12,6,2025-05-15 17:36:00,5,スポニチ杯争奪第59回なにわ賞,6,4199,北川 潤二,1,42,55.6,0,0,0.14,6.61,50.74,67.65,5.93,40.74,59.26,33.33,44.44,3.7,18.52
2025-05-15,12,7,2025-05-15 18:04:00,5,スポニチ杯争奪第59回なにわ賞,1,3793,高橋 真吾,3,52,56.2,1,0,0.18,4.53,28,44,5.31,38.46,46.15,34.62,61.54,48,60
2025-05-15,12,7,2025-05-15 18:04:00,5,スポニチ杯争奪第59回なにわ賞,2,3951,石川 吉鎬,2,48,53.4,0,0,0.16,6.14,38.35,67.67,5.59,39.73,56.16,62.96,85.19,30.43,34.78
2025-05-15,12,7,2025-05-15 18:04:00,5,スポニチ杯争奪第59回なにわ賞,3,4261,岡 祐臣,1,41,55.4,0,0,0.14,5.68,37.97,53.16,5.07,26.67,50,22.22,33.33,38.89,50
2025-05-15,12,7,2025-05-15 18:04:00,5,スポニチ杯争奪第59回なにわ賞,4,4133,高橋 正男,2,44,52.5,0,0,0.16,5.89,37.14,60,4.28,22.22,33.33,25.93,51.85,47.37,57.89
2025-05-15,12,7,2025-05-15 18:04:00,5,スポニチ杯争奪第59回なにわ賞,5,5183,中野 孝二,3,26,54.1,0,0,0.16,4.79,27.55,46.94,3.54,15.38,23.08,19.23,26.92,23.08,30.77
2025-05-15,12,7,2025-05-15 18:04:00,5,スポニチ杯争奪第59回なにわ賞,6,4995,田邉 亮蔵,3,34,52.7,0,0,0.19,4.48,27.27,40.4,3.5,16.67,33.33,36.84,52.63,15.38,23.08
2025-05-15,12,8,2025-05-15 18:32:00,5,スポニチ杯争奪第59回なにわ賞,1,4152,深水 慎一郎,2,44,52.8,0,0,0.17,5.33,35.37,54.88,5.42,22.58,54.84,22.22,33.33,45,75
2025-05-15,12,8,2025-05-15 18:32:00,5,スポニチ杯争奪第59回なにわ賞,2,3956,横澤 剛治,1,47,55.5,0,0,0.15,6.08,38.71,61.29,5.5,36.36,50,55.56,59.26,42.11,57.89
2025-05-15,12,8,2025-05-15 18:32:00,5,スポニチ杯争奪第59回なにわ賞,3,4640,山ノ内 雅人,1,34,52,0,0,0.14,5.57,33.94,56.88,6.25,50,60,17.65,41.18,52.63,73.68
2025-05-15,12,8,2025-05-15 18:32:00,5,スポニチ杯争奪第59回なにわ賞,4,5214,田中 宏典,3,25,53.2,0,0,0.2,4.98,30.23,47.67,3.73,13.64,36.36,5.88,17.65,52.94,64.71
2025-05-15,12,8,2025-05-15 18:32:00,5,スポニチ杯争奪第59回なにわ賞,5,5350,網代 良芽,4,21,51,1,0,0.22,2.67,4.92,22.95,0,0,0,33.33,33.33,60,70
2025-05-15,12,8,2025-05-15 18:32:00,5,スポニチ杯争奪第59回なにわ賞,6,3775,泉 啓文,3,50,57.6,0,0,0.17,4.14,21.43,32.65,4.46,26.92,42.31,21.43,50,23.08,42.31
2025-05-15,12,9,2025-05-15 19:11:00,5,スポニチ杯争奪第59回なにわ賞,1,4171,榎 幸司,2,42,52,0,0,0.17,6.81,47.2,73.6,7.11,66.67,72.22,5.88,17.65,38.89,66.67
2025-05-15,12,9,2025-05-15 19:11:00,5,スポニチ杯争奪第59回なにわ賞,2,4441,末永 由楽,1,38,53.4,0,0,0.13,6.24,41.67,65.15,6.6,50,70,33.33,55.56,55.56,77.78
2025-05-15,12,9,2025-05-15 19:11:00,5,スポニチ杯争奪第59回なにわ賞,3,4323,山田 佑樹,2,38,56.8,0,0,0.16,5.37,38.74,53.15,5.2,37.14,42.86,26.92,53.85,33.33,48.15
2025-05-15,12,9,2025-05-15 19:11:00,5,スポニチ杯争奪第59回なにわ賞,4,4574,東 潤樹,3,36,52.7,0,0,0.18,4.8,28.21,40.17,5.94,35.29,64.71,25.93,29.63,42.11,57.89
2025-05-15,12,9,2025-05-15 19:11:00,5,スポニチ杯争奪第59回なにわ賞,5,3783,瓜生 正義,1,49,52.4,0,0,0.12,7.08,49.43,63.22,7.16,46.51,58.14,23.08,38.46,41.18,58.82
2025-05-15,12,9,2025-05-15 19:11:00,5,スポニチ杯争奪第59回なにわ賞,6,5336,瀬川 大地,4,19,53.8,0,0,0.22,1.35,0,1.06,1.33,0,0,31.58,42.11,26.67,66.67
2025-05-15,12,10,2025-05-15 19:40:00,5,スポニチ杯争奪第59回なにわ賞,1,4188,久田 敏之,1,44,52,0,0,0.14,7.31,55.91,74.02,7.45,60,85,24,52,41.67,62.5
2025-05-15,12,10,2025-05-15 19:40:00,5,スポニチ杯争奪第59回なにわ賞,2,4247,齊藤 優,3,43,52.9,0,0,0.16,5.25,31.46,49.44,4.74,29.03,38.71,0,0,36.36,72.73
2025-05-15,12,10,2025-05-15 19:40:00,5,スポニチ杯争奪第59回なにわ賞,3,5267,石本 裕武,2,24,51.5,0,0,0.13,6.73,56.9,68.97,5.38,37.5,50.78,34.78,47.83,27.27,36.36
2025-05-15,12,10,2025-05-15 19:40:00,5,スポニチ杯争奪第59回なにわ賞,4,3388,今垣 光太郎,1,55,52,0,0,0.18,7.17,52.81,69.66,6.67,33.33,33.33,18.52,37.04,15.38,30.77
2025-05-15,12,10,2025-05-15 19:40:00,5,スポニチ杯争奪第59回なにわ賞,5,5307,富永 夏哉人,3,21,50,1,0,0.17,4.04,16.52,35.65,4.63,25,37.5,32.14,46.43,46.15,57.69
2025-05-15,12,10,2025-05-15 19:40:00,5,スポニチ杯争奪第59回なにわ賞,6,3587,武田 信一,4,52,59.5,0,0,0.17,4.2,21.54,35.38,4.36,35.71,42.86,18.75,18.75,47.06,52.94
2025-05-15,12,11,2025-05-15 20:10:00,5,スポニチ杯争奪第59回なにわ賞,1,4305,金子 拓矢,1,41,52,0,0,0.13,6.58,50,69.23,6,31.25,56.25,0,5.88,25.93,44.44
2025-05-15,12,11,2025-05-15 20:10:00,5,スポニチ杯争奪第59回なにわ賞,2,4089,妹尾 忠幸,1,44,53.5,0,0,0.15,5.97,38.35,64.66,6.91,54.29,71.43,27.59,55.17,28.57,35.71
2025-05-15,12,11,2025-05-15 20:10:00,5,スポニチ杯争奪第59回なにわ賞,3,3661,柳瀬 興志,3,55,57.5,0,0,0.16,5.66,30.93,62.89,4.09,9.09,36.36,20,35,30,50
2025-05-15,12,11,2025-05-15 20:10:00,5,スポニチ杯争奪第59回なにわ賞,4,3445,加藤 高史,3,55,52,0,0,0.18,4.91,25,45.45,4.56,11.11,44.44,25,50,42.11,52.63
2025-05-15,12,11,2025-05-15 20:10:00,5,スポニチ杯争奪第59回なにわ賞,5,3951,石川 吉鎬,2,48,53.4,0,0,0.16,6.14,38.35,67.67,5.59,39.73,56.16,62.96,85.19,30.43,34.78
2025-05-15,12,11,2025-05-15 20:10:00,5,スポニチ杯争奪第59回なにわ賞,6,3333,丸尾 義孝,2,56,52.7,0,0,0.15,5.99,43.28,58.21,4.7,20,50,37.04,55.56,24,36
2025-05-15,12,12,2025-05-15 20:40:00,5,スポニチ杯争奪第59回なにわ賞,1,4261,岡 祐臣,1,41,55.4,0,0,0.14,5.68,37.97,53.16,5.07,26.67,50,22.22,33.33,38.89,50
2025-05-15,12,12,2025-05-15 20:40:00,5,スポニチ杯争奪第59回なにわ賞,2,3863,海老澤 泰行,3,51,55.8,0,0,0.16,5.13,32.94,50.59,5.38,30.77,46.15,32.14,53.57,22.73,40.91
2025-05-15,12,12,2025-05-15 20:40:00,5,スポニチ杯争奪第59回なにわ賞,3,4977,馬野 耀,1,31,53,0,0,0.14,5.69,33.33,58.06,5.58,37.18,52.56,42.31,57.69,31.82,45.45
2025-05-15,12,12,2025-05-15 20:40:00,5,スポニチ杯争奪第59回なにわ賞,4,4210,松村 康太,2,42,53.4,0,0,0.17,6.02,36.94,68.47,5.51,34.15,58.54,29.63,55.56,44.44,61.11
2025-05-15,12,12,2025-05-15 20:40:00,5,スポニチ杯争奪第59回なにわ賞,5,4640,山ノ内 雅人,1,34,52,0,0,0.14,5.57,33.94,56.88,6.25,50,60,17.65,41.18,52.63,73.68
2025-05-15,12,12,2025-05-15 20:40:00,5,スポニチ杯争奪第59回なにわ賞,6,4219,本岡 勝利,3,43,52.8,0,0,0.19,3.76,15.24,27.62,3.96,10.71,42.86,29.63,44.44,7.69,23.08
2025-05-15,13,1,2025-05-15 10:37:00,5,第36回サンスポグリーンカップ争奪戦,1,4846,佐藤 駿介,3,31,52.4,0,0,0.14,3.43,17.39,32.61,0,0,0,14.29,47.62,42.31,65.38
2025-05-15,13,1,2025-05-15 10:37:00,5,第36回サンスポグリーンカップ争奪戦,2,4419,原 加央理,3,37,46,1,0,0.15,4.79,22.67,44,4.38,15.38,42.31,9.09,36.36,33.33,54.55
2025-05-15,13,1,2025-05-15 10:37:00,5,第36回サンスポグリーンカップ争奪戦,3,4549,小林 文彦,2,36,52,0,0,0.18,5.56,34.12,57.65,4.5,20,40,14.29,28.57,41.38,72.41
2025-05-15,13,1,2025-05-15 10:37:00,5,第36回サンスポグリーンカップ争奪戦,4,4906,鈴木 雅希,3,30,52,0,0,0.15,5.85,40.91,60,0,0,0,45.71,71.43,25.93,37.04
2025-05-15,13,1,2025-05-15 10:37:00,5,第36回サンスポグリーンカップ争奪戦,5,5027,重冨 勇哉,3,28,54.4,0,0,0.17,5.3,36.36,50.91,0,0,0,31.03,41.38,60,68
2025-05-15,13,1,2025-05-15 10:37:00,5,第36回サンスポグリーンカップ争奪戦,6,5277,井上 未都,3,23,46,0,0,0.18,4.77,28.8,43.2,4,0,30,16,24,20,32
2025-05-15,13,2,2025-05-15 11:01:00,5,第36回サンスポグリーンカップ争奪戦,1,4705,吉川 勇作,3,36,54.3,0,0,0.15,4.46,28.3,39.62,3.4,13.33,20,30.3,42.42,27.59,44.83
2025-05-15,13,2,2025-05-15 11:01:00,5,第36回サンスポグリーンカップ争奪戦,2,3986,沖島 広和,3,47,55.4,0,0,0.19,4.97,30.93,45.36,6.26,51.85,62.96,25,42.86,29.63,55.56
2025-05-15,13,2,2025-05-15 11:01:00,5,第36回サンスポグリーンカップ争奪戦,3,5155,内山 七海,4,28,44.5,0,0,,4.04,19.72,35.21,4.38,18.75,50,47.06,64.71,21.43,42.86
2025-05-15,13,2,2025-05-15 11:01:00,5,第36回サンスポグリーンカップ争奪戦,4,4853,前原 哉,3,30,45.5,0,0,0.19,4.48,25.23,40.19,0,0,0,26.47,41.18,33.33,59.26
2025-05-15,13,2,2025-05-15 11:01:00,5,第36回サンスポグリーンカップ争奪戦,5,4036,金田 諭,1,46,52,0,0,0.16,5.95,40.66,58.24,6.34,39.47,73.68,45.95,56.76,41.38,48.28
2025-05-15,13,2,2025-05-15 11:01:00,5,第36回サンスポグリーンカップ争奪戦,6,5064,品川 二千翔,3,26,53.1,0,0,0.16,5.66,39,61,5.43,28.57,57.14,37.5,46.88,30,43.33
2025-05-15,13,3,2025-05-15 11:26:00,5,第36回サンスポグリーンカップ争奪戦,1,3584,佐々木 英樹,3,52,53.7,0,0,0.18,4.69,28.89,41.11,4.96,26.92,46.15,32.35,47.06,25,46.43
2025-05-15,13,3,2025-05-15 11:26:00,5,第36回サンスポグリーンカップ争奪戦,2,5295,田上 凜,3,23,46,0,0,0.2,2.55,6.15,15.38,1.06,0,0,21.74,39.13,53.85,61.54
2025-05-15,13,3,2025-05-15 11:26:00,5,第36回サンスポグリーンカップ争奪戦,3,4169,多田 有佑,3,42,52,0,0,0.15,4.01,19.74,32.89,3.8,20,26.67,45.45,63.64,55.56,59.26
2025-05-15,13,3,2025-05-15 11:26:00,5,第36回サンスポグリーンカップ争奪戦,4,3878,胡本 悟志,3,47,52.2,0,0,0.17,4.26,17.65,32.94,3.2,6.67,13.33,26.09,43.48,18.18,42.42
2025-05-15,13,3,2025-05-15 11:26:00,5,第36回サンスポグリーンカップ争奪戦,5,4379,桑島 和宏,2,40,56.2,0,0,0.17,6.22,37.93,65.52,5.75,41.67,58.33,18.18,39.39,34.38,37.5
2025-05-15,13,3,2025-05-15 11:26:00,5,第36回サンスポグリーンカップ争奪戦,6,4292,麻生 慎介,1,40,52.1,0,0,0.13,6.25,37,60,6.43,42.86,66.67,3.85,23.08,35.71,57.14
2025-05-15,13,4,2025-05-15 11:49:00,5,第36回サンスポグリーンカップ争奪戦,1,5053,山口 広樹,3,29,53.7,0,0,0.18,5.6,36.59,54.88,0,0,0,48.48,66.67,56.67,66.67
2025-05-15,13,4,2025-05-15 11:49:00,5,第36回サンスポグリーンカップ争奪戦,2,3246,星野 政彦,3,60,53.7,0,0,0.16,4.42,25.76,36.36,5.16,37.68,47.83,27.59,55.17,13.33,43.33
2025-05-15,13,4,2025-05-15 11:49:00,5,第36回サンスポグリーンカップ争奪戦,3,4531,武富 智亮,2,36,52.2,0,0,0.15,6.22,49.49,65.66,4.5,25,37.5,24.14,41.38,33.33,48.15
2025-05-15,13,4,2025-05-15 11:49:00,5,第36回サンスポグリーンカップ争奪戦,4,4332,村上 彰一,3,41,55.6,0,0,0.15,4.68,21.21,46.97,5.5,35.71,64.29,46.15,69.23,38.46,46.15
2025-05-15,13,4,2025-05-15 11:49:00,5,第36回サンスポグリーンカップ争奪戦,5,5287,滝沢 織寧,3,25,47,1,0,0.18,3.93,13.25,34.94,4.57,14.29,57.14,34.48,51.72,31.25,53.13
2025-05-15,13,4,2025-05-15 11:49:00,5,第36回サンスポグリーンカップ争奪戦,6,4475,末永 祐輝,2,37,52,0,0,0.16,6.07,42.17,61.45,6.42,42.11,68.42,40,48.57,32.14,39.29
2025-05-15,13,5,2025-05-15 12:17:00,5,第36回サンスポグリーンカップ争奪戦,1,4948,木場 悠介,3,32,52,0,0,0.15,5.11,31.09,46.22,5.31,31.03,48.28,35.29,58.82,37.04,55.56
2025-05-15,13,5,2025-05-15 12:17:00,5,第36回サンスポグリーンカップ争奪戦,2,4071,古賀 千晶,3,44,46.5,0,0,0.17,4.72,28.13,43.75,5.08,31.17,48.05,31.03,55.17,34.48,58.62
2025-05-15,13,5,2025-05-15 12:17:00,5,第36回サンスポグリーンカップ争奪戦,3,5027,重冨 勇哉,3,28,54.4,0,0,0.17,5.3,36.36,50.91,0,0,0,31.03,41.38,60,68
2025-05-15,13,5,2025-05-15 12:17:00,5,第36回サンスポグリーンカップ争奪戦,4,3303,渡辺 豊,2,57,53.3,0,0,0.18,5.8,41.54,60,7.11,66.67,66.67,32.35,47.06,40.63,65.63
2025-05-15,13,5,2025-05-15 12:17:00,5,第36回サンスポグリーンカップ争奪戦,5,3976,内田 圭,3,48,52.3,0,0,0.17,3.5,26.47,29.41,2.5,12.5,12.5,31.25,56.25,40,56.67
2025-05-15,13,5,2025-05-15 12:17:00,5,第36回サンスポグリーンカップ争奪戦,6,5389,恵良 琴美,4,18,44,0,0,,1.1,0,0,0,0,0,21.88,31.25,31.25,43.75
2025-05-15,13,6,2025-05-15 12:56:00,5,第36回サンスポグリーンカップ争奪戦,1,4883,岡部 大輝,2,29,52.7,0,0,0.14,4.68,27.4,43.84,8.13,62.5,100,45.45,72.73,40.74,48.15
2025-05-15,13,6,2025-05-15 12:56:00,5,第36回サンスポグリーンカップ争奪戦,2,5064,品川 二千翔,3,26,53.1,0,0,0.16,5.66,39,61,5.43,28.57,57.14,37.5,46.88,30,43.33
2025-05-15,13,6,2025-05-15 12:56:00,5,第36回サンスポグリーンカップ争奪戦,3,5175,島崎 丈一朗,3,21,52.1,0,0,0.2,3.3,10.94,25,2.25,0,16.67,52.94,61.76,35.29,61.76
2025-05-15,13,6,2025-05-15 12:56:00,5,第36回サンスポグリーンカップ争奪戦,4,3873,別府 昌樹,2,49,52,0,0,0.15,5.63,36.63,55.45,6.06,44.44,66.67,41.94,51.61,33.33,40.74
2025-05-15,13,6,2025-05-15 12:56:00,5,第36回サンスポグリーンカップ争奪戦,5,4449,中嶋 達也,3,37,54.2,0,0,0.17,3.76,18.95,32.63,3.86,17.65,29.41,24,44,23.08,38.46
2025-05-15,13,6,2025-05-15 12:56:00,5,第36回サンスポグリーンカップ争奪戦,6,4846,佐藤 駿介,3,31,52.4,0,0,0.14,3.43,17.39,32.61,0,0,0,14.29,47.62,42.31,65.38
2025-05-15,13,7,2025-05-15 13:32:00,5,第36回サンスポグリーンカップ争奪戦,1,4379,桑島 和宏,2,40,56.2,0,0,0.17,6.22,37.93,65.52,5.75,41.67,58.33,18.18,39.39,34.38,37.5
2025-05-15,13,7,2025-05-15 13:32:00,5,第36回サンスポグリーンカップ争奪戦,2,3878,胡本 悟志,3,47,52.2,0,0,0.17,4.26,17.65,32.94,3.2,6.67,13.33,26.09,43.48,18.18,42.42
2025-05-15,13,7,2025-05-15 13:32:00,5,第36回サンスポグリーンカップ争奪戦,3,4906,鈴木 雅希,3,30,52,0,0,0.15,5.85,40.91,60,0,0,0,45.71,71.43,25.93,37.04
2025-05-15,13,7,2025-05-15 13:32:00,5,第36回サンスポグリーンカップ争奪戦,4,4705,吉川 勇作,3,36,54.3,0,0,0.15,4.46,28.3,39.62,3.4,13.33,20,30.3,42.42,27.59,44.83
2025-05-15,13,7,2025-05-15 13:32:00,5,第36回サンスポグリーンカップ争奪戦,5,3350,藤本 佳史,2,57,52,0,0,0.16,4.33,22.92,39.58,5.5,25,65.63,42.86,45.71,46.15,57.69
2025-05-15,13,7,2025-05-15 13:32:00,5,第36回サンスポグリーンカップ争奪戦,6,4724,吉田 祐貴,3,39,53.6,0,0,0.17,4.06,18.18,35.06,0,0,0,4,20,19.23,38.46
2025-05-15,13,8,2025-05-15 14:03:00,5,第36回サンスポグリーンカップ争奪戦,1,4036,金田 諭,1,46,52,0,0,0.16,5.95,40.66,58.24,6.34,39.47,73.68,45.95,56.76,41.38,48.28
2025-05-15,13,8,2025-05-15 14:03:00,5,第36回サンスポグリーンカップ争奪戦,2,4853,前原 哉,3,30,45.5,0,0,0.19,4.48,25.23,40.19,0,0,0,26.47,41.18,33.33,59.26
2025-05-15,13,8,2025-05-15 14:03:00,5,第36回サンスポグリーンカップ争奪戦,3,4475,末永 祐輝,2,37,52,0,0,0.16,6.07,42.17,61.45,6.42,42.11,68.42,40,48.57,32.14,39.29
2025-05-15,13,8,2025-05-15 14:03:00,5,第36回サンスポグリーンカップ争奪戦,4,4169,多田 有佑,3,42,52,0,0,0.15,4.01,19.74,32.89,3.8,20,26.67,45.45,63.64,55.56,59.26
2025-05-15,13,8,2025-05-15 14:03:00,5,第36回サンスポグリーンカップ争奪戦,5,3246,星野 政彦,3,60,53.7,0,0,0.16,4.42,25.76,36.36,5.16,37.68,47.83,27.59,55.17,13.33,43.33
2025-05-15,13,8,2025-05-15 14:03:00,5,第36回サンスポグリーンカップ争奪戦,6,4075,中野 次郎,1,43,53.8,0,0,0.14,7.16,49.18,71.31,6.57,42.86,71.43,5.26,15.79,28.13,43.75
2025-05-15,13,9,2025-05-15 14:35:00,5,第36回サンスポグリーンカップ争奪戦,1,3604,武藤 綾子,3,54,48.5,0,0,0.2,4.05,14.63,34.15,4.4,10,40,26.47,29.41,27.59,55.17
2025-05-15,13,9,2025-05-15 14:35:00,5,第36回サンスポグリーンカップ争奪戦,2,5287,滝沢 織寧,3,25,47,1,0,0.18,3.93,13.25,34.94,4.57,14.29,57.14,34.48,51.72,31.25,53.13
2025-05-15,13,9,2025-05-15 14:35:00,5,第36回サンスポグリーンカップ争奪戦,3,5277,井上 未都,3,23,46,0,0,0.18,4.77,28.8,43.2,4,0,30,16,24,20,32
2025-05-15,13,9,2025-05-15 14:35:00,5,第36回サンスポグリーンカップ争奪戦,4,4071,古賀 千晶,3,44,46.5,0,0,0.17,4.72,28.13,43.75,5.08,31.17,48.05,31.03,55.17,34.48,58.62
2025-05-15,13,9,2025-05-15 14:35:00,5,第36回サンスポグリーンカップ争奪戦,5,5295,田上 凜,3,23,46,0,0,0.2,2.55,6.15,15.38,1.06,0,0,21.74,39.13,53.85,61.54
2025-05-15,13,9,2025-05-15 14:35:00,5,第36回サンスポグリーンカップ争奪戦,6,5155,内山 七海,4,28,44.5,0,0,,4.04,19.72,35.21,4.38,18.75,50,47.06,64.71,21.43,42.86
2025-05-15,13,10,2025-05-15 15:11:00,5,第36回サンスポグリーンカップ争奪戦,1,4292,麻生 慎介,1,40,52.1,0,0,0.13,6.25,37,60,6.43,42.86,66.67,3.85,23.08,35.71,57.14
2025-05-15,13,10,2025-05-15 15:11:00,5,第36回サンスポグリーンカップ争奪戦,2,4948,木場 悠介,3,32,52,0,0,0.15,5.11,31.09,46.22,5.31,31.03,48.28,35.29,58.82,37.04,55.56
2025-05-15,13,10,2025-05-15 15:11:00,5,第36回サンスポグリーンカップ争奪戦,3,5053,山口 広樹,3,29,53.7,0,0,0.18,5.6,36.59,54.88,0,0,0,48.48,66.67,56.67,66.67
2025-05-15,13,10,2025-05-15 15:11:00,5,第36回サンスポグリーンカップ争奪戦,4,4883,岡部 大輝,2,29,52.7,0,0,0.14,4.68,27.4,43.84,8.13,62.5,100,45.45,72.73,40.74,48.15
2025-05-15,13,10,2025-05-15 15:11:00,5,第36回サンスポグリーンカップ争奪戦,5,4419,原 加央理,3,37,46,1,0,0.15,4.79,22.67,44,4.38,15.38,42.31,9.09,36.36,33.33,54.55
2025-05-15,13,10,2025-05-15 15:11:00,5,第36回サンスポグリーンカップ争奪戦,6,3986,沖島 広和,3,47,55.4,0,0,0.19,4.97,30.93,45.36,6.26,51.85,62.96,25,42.86,29.63,55.56
2025-05-15,13,11,2025-05-15 15:44:00,5,第36回サンスポグリーンカップ争奪戦,1,3350,藤本 佳史,2,57,52,0,0,0.16,4.33,22.92,39.58,5.5,25,65.63,42.86,45.71,46.15,57.69
2025-05-15,13,11,2025-05-15 15:44:00,5,第36回サンスポグリーンカップ争奪戦,2,3303,渡辺 豊,2,57,53.3,0,0,0.18,5.8,41.54,60,7.11,66.67,66.67,32.35,47.06,40.63,65.63
2025-05-15,13,11,2025-05-15 15:44:00,5,第36回サンスポグリーンカップ争奪戦,3,3873,別府 昌樹,2,49,52,0,0,0.15,5.63,36.63,55.45,6.06,44.44,66.67,41.94,51.61,33.33,40.74
2025-05-15,13,11,2025-05-15 15:44:00,5,第36回サンスポグリーンカップ争奪戦,4,4549,小林 文彦,2,36,52,0,0,0.18,5.56,34.12,57.65,4.5,20,40,14.29,28.57,41.38,72.41
2025-05-15,13,11,2025-05-15 15:44:00,5,第36回サンスポグリーンカップ争奪戦,5,3584,佐々木 英樹,3,52,53.7,0,0,0.18,4.69,28.89,41.11,4.96,26.92,46.15,32.35,47.06,25,46.43
2025-05-15,13,11,2025-05-15 15:44:00,5,第36回サンスポグリーンカップ争奪戦,6,4531,武富 智亮,2,36,52.2,0,0,0.15,6.22,49.49,65.66,4.5,25,37.5,24.14,41.38,33.33,48.15
2025-05-15,13,12,2025-05-15 16:25:00,5,第36回サンスポグリーンカップ争奪戦,1,4278,藤岡 俊介,1,41,50.5,0,0,0.12,6.43,45.71,58.1,6.94,55.83,65,29.41,47.06,30,50
2025-05-15,13,12,2025-05-15 16:25:00,5,第36回サンスポグリーンカップ争奪戦,2,5068,前田 滉,1,25,52,0,0,0.15,6.58,47.01,64.18,0,0,0,46.67,60,28.57,42.86
2025-05-15,13,12,2025-05-15 16:25:00,5,第36回サンスポグリーンカップ争奪戦,3,4072,森永 淳,1,44,52,0,0,0.14,6.64,50.96,63.46,6.16,47.37,57.89,22.58,48.39,16,32
2025-05-15,13,12,2025-05-15 16:25:00,5,第36回サンスポグリーンカップ争奪戦,4,4645,上村 純一,1,44,52,0,0,0.14,6.02,40.57,58.49,6,44.44,77.78,18.18,27.27,28.13,37.5
2025-05-15,13,12,2025-05-15 16:25:00,5,第36回サンスポグリーンカップ争奪戦,5,3377,塚田 修二,3,57,55.4,0,0,0.18,4.07,16.28,39.53,4,6.25,37.5,28,44,19.23,42.31
2025-05-15,13,12,2025-05-15 16:25:00,5,第36回サンスポグリーンカップ争奪戦,6,5142,常住 蓮,1,24,50.5,0,0,0.16,6.83,46.62,66.17,6.89,44.44,77.78,17.65,35.29,22.22,37.04
2025-05-15,16,1,2025-05-15 10:50:00,5,日刊スポーツ杯・ニッカン・コム杯,1,4652,酒見 峻介,2,39,52,0,0,0.16,6.11,46.51,64.34,4.85,22.5,45,39.24,68.35,29.11,46.84
2025-05-15,16,1,2025-05-15 10:50:00,5,日刊スポーツ杯・ニッカン・コム杯,2,4355,小川 広大,3,41,60.2,0,0,0.18,3.47,13.48,23.6,0,0,0,32.56,47.67,32,48
2025-05-15,16,1,2025-05-15 10:50:00,5,日刊スポーツ杯・ニッカン・コム杯,3,4837,酒井 陽祐,3,36,51.5,0,0,0.16,4.37,27.69,36.92,0,0,0,25.29,42.53,22.89,36.14
2025-05-15,16,1,2025-05-15 10:50:00,5,日刊スポーツ杯・ニッカン・コム杯,4,4708,半田 尚也,3,36,54.8,0,0,0.19,4.67,20.79,47.52,3.76,15.79,26.32,38.27,48.15,24.05,48.1
2025-05-15,16,1,2025-05-15 10:50:00,5,日刊スポーツ杯・ニッカン・コム杯,5,5309,森 雄利,4,20,52.2,0,0,0.16,1.28,0,1.35,1.8,0,6.67,26.83,39.02,35.37,59.76
2025-05-15,16,1,2025-05-15 10:50:00,5,日刊スポーツ杯・ニッカン・コム杯,6,3439,大平 誉史明,3,55,51.5,0,0,0.16,5.49,39.42,51.92,4.91,35.71,48.21,23.75,35,39.74,58.97
2025-05-15,16,2,2025-05-15 11:21:00,5,日刊スポーツ杯・ニッカン・コム杯,1,4213,重富 伸也,3,40,52.2,0,0,0.2,4.67,28.57,42.86,3.89,22.22,22.22,39.76,56.63,28,54.67
2025-05-15,16,2,2025-05-15 11:21:00,5,日刊スポーツ杯・ニッカン・コム杯,2,5284,嘉手苅 徹哉,4,26,52.3,0,0,0.15,2.03,2.53,10.13,2.41,3.7,11.11,37.65,55.29,24.32,41.89
2025-05-15,16,2,2025-05-15 11:21:00,5,日刊スポーツ杯・ニッカン・コム杯,3,4202,浮田 圭浩,3,42,52.6,0,0,0.2,4.67,28.33,46.67,4.38,25,42,22.47,38.2,32.53,53.01
2025-05-15,16,2,2025-05-15 11:21:00,5,日刊スポーツ杯・ニッカン・コム杯,4,4560,庄司 樹良々,3,34,52.3,0,0,0.15,6.56,49.5,70.3,4.27,27.27,36.36,27.71,48.19,39.19,52.7
2025-05-15,16,2,2025-05-15 11:21:00,5,日刊スポーツ杯・ニッカン・コム杯,5,4314,青木 幸太郎,3,41,51.5,0,0,0.14,5.48,33.77,53.25,5.13,37.5,37.5,30.95,50,19.05,34.92
2025-05-15,16,2,2025-05-15 11:21:00,5,日刊スポーツ杯・ニッカン・コム杯,6,3454,井川 大作,3,54,61.1,0,0,0.15,4.47,25.27,45.05,4.63,23.94,43.66,27.71,39.76,32.89,52.63
2025-05-15,16,3,2025-05-15 11:52:00,5,日刊スポーツ杯・ニッカン・コム杯,1,4580,長谷川 雅和,2,35,52,0,0,0.17,5.44,40.59,47.52,6.03,46.09,60,20.73,41.46,27.63,43.42
2025-05-15,16,3,2025-05-15 11:52:00,5,日刊スポーツ杯・ニッカン・コム杯,2,5063,大塚 雅治,3,27,52,0,0,0.17,4.29,22.86,35.71,3.33,11.11,22.22,38.55,59.04,36.71,56.96
2025-05-15,16,3,2025-05-15 11:52:00,5,日刊スポーツ杯・ニッカン・コム杯,3,4082,濱崎 誠,4,45,52,0,0,0.14,5.16,33.33,50.67,0,0,0,30.95,47.62,27.16,40.74
2025-05-15,16,3,2025-05-15 11:52:00,5,日刊スポーツ杯・ニッカン・コム杯,4,4201,佐竹 友樹,3,42,53.6,0,0,0.16,4.73,31.63,43.88,3.56,22.22,22.22,28.57,39.29,33.33,58.97
2025-05-15,16,3,2025-05-15 11:52:00,5,日刊スポーツ杯・ニッカン・コム杯,5,5181,森 智哉,3,27,52,0,0,0.16,4.96,31.3,50.43,5.09,31.65,48.1,33.33,59.52,50,58.97
2025-05-15,16,3,2025-05-15 11:52:00,5,日刊スポーツ杯・ニッカン・コム杯,6,4144,石塚 久也,1,43,52,1,0,0.16,6.87,50.93,75.93,6,45.45,54.55,26.14,45.45,32.91,55.7
2025-05-15,16,4,2025-05-15 12:20:00,5,日刊スポーツ杯・ニッカン・コム杯,1,4023,柴田 友和,3,47,52,0,0,0.15,4.72,19.77,41.86,0,0,0,22.5,31.25,44.16,63.64
2025-05-15,16,4,2025-05-15 12:20:00,5,日刊スポーツ杯・ニッカン・コム杯,2,4303,牧原 崇,3,42,52.5,0,0,0.17,5.59,37.5,57.69,0,0,0,46.59,65.91,36.62,47.89
2025-05-15,16,4,2025-05-15 12:20:00,5,日刊スポーツ杯・ニッカン・コム杯,3,4872,山下 流心,3,32,52.1,0,0,0.16,4.23,18.99,37.97,5.31,30.77,46.15,33.73,48.19,32.1,48.15
2025-05-15,16,4,2025-05-15 12:20:00,5,日刊スポーツ杯・ニッカン・コム杯,4,4650,中山 雄太,1,40,52.4,0,0,0.14,6.26,44.19,63.57,6.18,39.47,63.16,32.1,43.21,32.05,51.28
2025-05-15,16,4,2025-05-15 12:20:00,5,日刊スポーツ杯・ニッカン・コム杯,5,4273,佐藤 旭,3,42,53.2,0,0,0.18,4.89,25.96,48.08,0,0,0,24.71,40,36.36,45.45
2025-05-15,16,4,2025-05-15 12:20:00,5,日刊スポーツ杯・ニッカン・コム杯,6,4296,岡崎 恭裕,1,38,52,0,0,0.13,6.86,53.33,71.11,6.69,40.48,57.14,22.09,33.72,36.36,55.84
2025-05-15,16,5,2025-05-15 12:50:00,5,日刊スポーツ杯・ニッカン・コム杯,1,5039,倉田 茂将,3,26,53.7,0,0,0.16,4.84,29.09,45.45,4.11,23.68,39.47,58.62,74.71,30,50
2025-05-15,16,5,2025-05-15 12:50:00,5,日刊スポーツ杯・ニッカン・コム杯,2,5258,仲本 舜,3,19,53.1,0,0,0.2,3.78,16.67,32.05,3.67,16.67,16.67,35.71,50,35,55
2025-05-15,16,5,2025-05-15 12:50:00,5,日刊スポーツ杯・ニッカン・コム杯,3,4380,鈴木 峻佑,3,40,52.5,0,0,0.16,4.66,25,39.81,4.9,40,50,44.3,58.23,38.27,48.15
2025-05-15,16,5,2025-05-15 12:50:00,5,日刊スポーツ杯・ニッカン・コム杯,4,3868,尾形 栄治,3,49,53.7,0,0,0.18,4.69,26.32,41.05,4.45,17.24,41.38,34.52,40.48,42.86,68.83
2025-05-15,16,5,2025-05-15 12:50:00,5,日刊スポーツ杯・ニッカン・コム杯,5,4837,酒井 陽祐,3,36,51.5,0,0,0.16,4.37,27.69,36.92,0,0,0,25.29,42.53,22.89,36.14
2025-05-15,16,5,2025-05-15 12:50:00,5,日刊スポーツ杯・ニッカン・コム杯,6,4566,塩田 北斗,1,37,52.2,0,0,0.12,7.48,60.71,80.36,7.39,61.11,83.33,35.29,48.24,32.89,52.63
2025-05-15,16,6,2025-05-15 13:20:00,5,日刊スポーツ杯・ニッカン・コム杯,1,4718,北川 太一,2,32,52,1,0,0.15,5.67,39.39,55.56,5.5,30,60,38.55,60.24,27.85,41.77
2025-05-15,16,6,2025-05-15 13:20:00,5,日刊スポーツ杯・ニッカン・コム杯,2,3711,江本 真治,2,50,53.6,0,0,0.16,5.63,38.71,50.81,4.97,31.25,40.63,31.76,57.65,40.24,58.54
2025-05-15,16,6,2025-05-15 13:20:00,5,日刊スポーツ杯・ニッカン・コム杯,3,4293,鈴木 智啓,2,39,58,0,0,0.17,5.56,40.17,52.99,6.2,50,70,25.61,37.8,32.05,48.72
2025-05-15,16,6,2025-05-15 13:20:00,5,日刊スポーツ杯・ニッカン・コム杯,4,3948,大町 利克,3,49,52.2,0,0,0.19,4.58,22.68,40.21,4.88,24,40,26.83,37.8,44.44,62.96
2025-05-15,16,6,2025-05-15 13:20:00,5,日刊スポーツ杯・ニッカン・コム杯,5,4560,庄司 樹良々,3,34,52.3,0,0,0.15,6.56,49.5,70.3,4.27,27.27,36.36,27.71,48.19,39.19,52.7
2025-05-15,16,6,2025-05-15 13:20:00,5,日刊スポーツ杯・ニッカン・コム杯,6,5309,森 雄利,4,20,52.2,0,0,0.16,1.28,0,1.35,1.8,0,6.67,26.83,39.02,35.37,59.76
2025-05-15,16,7,2025-05-15 13:51:00,5,日刊スポーツ杯・ニッカン・コム杯,1,4467,渡邉 俊介,3,38,51,0,0,0.13,5.56,34.31,57.84,5.05,30,45,38.55,55.42,32.89,50
2025-05-15,16,7,2025-05-15 13:51:00,5,日刊スポーツ杯・ニッカン・コム杯,2,4314,青木 幸太郎,3,41,51.5,0,0,0.14,5.48,33.77,53.25,5.13,37.5,37.5,30.95,50,19.05,34.92
2025-05-15,16,7,2025-05-15 13:51:00,5,日刊スポーツ杯・ニッカン・コム杯,3,5063,大塚 雅治,3,27,52,0,0,0.17,4.29,22.86,35.71,3.33,11.11,22.22,38.55,59.04,36.71,56.96
2025-05-15,16,7,2025-05-15 13:51:00,5,日刊スポーツ杯・ニッカン・コム杯,4,4355,小川 広大,3,41,60.2,0,0,0.18,3.47,13.48,23.6,0,0,0,32.56,47.67,32,48
2025-05-15,16,7,2025-05-15 13:51:00,5,日刊スポーツ杯・ニッカン・コム杯,5,4096,石橋 道友,1,43,52.6,0,0,0.12,6.72,45.63,65.05,6.12,41.18,52.94,30.59,45.88,42.86,55.56
2025-05-15,16,7,2025-05-15 13:51:00,5,日刊スポーツ杯・ニッカン・コム杯,6,4213,重富 伸也,3,40,52.2,0,0,0.2,4.67,28.57,42.86,3.89,22.22,22.22,39.76,56.63,28,54.67
2025-05-15,16,8,2025-05-15 14:22:00,5,日刊スポーツ杯・ニッカン・コム杯,1,3439,大平 誉史明,3,55,51.5,0,0,0.16,5.49,39.42,51.92,4.91,35.71,48.21,23.75,35,39.74,58.97
2025-05-15,16,8,2025-05-15 14:22:00,5,日刊スポーツ杯・ニッカン・コム杯,2,4082,濱崎 誠,4,45,52,0,0,0.14,5.16,33.33,50.67,0,0,0,30.95,47.62,27.16,40.74
2025-05-15,16,8,2025-05-15 14:22:00,5,日刊スポーツ杯・ニッカン・コム杯,3,4201,佐竹 友樹,3,42,53.6,0,0,0.16,4.73,31.63,43.88,3.56,22.22,22.22,28.57,39.29,33.33,58.97
2025-05-15,16,8,2025-05-15 14:22:00,5,日刊スポーツ杯・ニッカン・コム杯,4,3226,浦田 信義,3,59,52.3,0,0,0.18,4.35,16.67,37.5,0,0,0,39.51,58.02,36.36,48.05
2025-05-15,16,8,2025-05-15 14:22:00,5,日刊スポーツ杯・ニッカン・コム杯,5,5284,嘉手苅 徹哉,4,26,52.3,0,0,0.15,2.03,2.53,10.13,2.41,3.7,11.11,37.65,55.29,24.32,41.89
2025-05-15,16,8,2025-05-15 14:22:00,5,日刊スポーツ杯・ニッカン・コム杯,6,4023,柴田 友和,3,47,52,0,0,0.15,4.72,19.77,41.86,0,0,0,22.5,31.25,44.16,63.64
2025-05-15,16,9,2025-05-15 14:54:00,5,日刊スポーツ杯・ニッカン・コム杯,1,5181,森 智哉,3,27,52,0,0,0.16,4.96,31.3,50.43,5.09,31.65,48.1,33.33,59.52,50,58.97
2025-05-15,16,9,2025-05-15 14:54:00,5,日刊スポーツ杯・ニッカン・コム杯,2,4273,佐藤 旭,3,42,53.2,0,0,0.18,4.89,25.96,48.08,0,0,0,24.71,40,36.36,45.45
2025-05-15,16,9,2025-05-15 14:54:00,5,日刊スポーツ杯・ニッカン・コム杯,3,4708,半田 尚也,3,36,54.8,0,0,0.19,4.67,20.79,47.52,3.76,15.79,26.32,38.27,48.15,24.05,48.1
2025-05-15,16,9,2025-05-15 14:54:00,5,日刊スポーツ杯・ニッカン・コム杯,4,4202,浮田 圭浩,3,42,52.6,0,0,0.2,4.67,28.33,46.67,4.38,25,42,22.47,38.2,32.53,53.01
2025-05-15,16,9,2025-05-15 14:54:00,5,日刊スポーツ杯・ニッカン・コム杯,5,5258,仲本 舜,3,19,53.1,0,0,0.2,3.78,16.67,32.05,3.67,16.67,16.67,35.71,50,35,55
2025-05-15,16,9,2025-05-15 14:54:00,5,日刊スポーツ杯・ニッカン・コム杯,6,4650,中山 雄太,1,40,52.4,0,0,0.14,6.26,44.19,63.57,6.18,39.47,63.16,32.1,43.21,32.05,51.28
2025-05-15,16,10,2025-05-15 15:34:00,5,日刊スポーツ杯・ニッカン・コム杯,1,4296,岡崎 恭裕,1,38,52,0,0,0.13,6.86,53.33,71.11,6.69,40.48,57.14,22.09,33.72,36.36,55.84
2025-05-15,16,10,2025-05-15 15:34:00,5,日刊スポーツ杯・ニッカン・コム杯,2,4652,酒見 峻介,2,39,52,0,0,0.16,6.11,46.51,64.34,4.85,22.5,45,39.24,68.35,29.11,46.84
2025-05-15,16,10,2025-05-15 15:34:00,5,日刊スポーツ杯・ニッカン・コム杯,3,4580,長谷川 雅和,2,35,52,0,0,0.17,5.44,40.59,47.52,6.03,46.09,60,20.73,41.46,27.63,43.42
2025-05-15,16,10,2025-05-15 15:34:00,5,日刊スポーツ杯・ニッカン・コム杯,4,4293,鈴木 智啓,2,39,58,0,0,0.17,5.56,40.17,52.99,6.2,50,70,25.61,37.8,32.05,48.72
2025-05-15,16,10,2025-05-15 15:34:00,5,日刊スポーツ杯・ニッカン・コム杯,5,4718,北川 太一,2,32,52,1,0,0.15,5.67,39.39,55.56,5.5,30,60,38.55,60.24,27.85,41.77
2025-05-15,16,10,2025-05-15 15:34:00,5,日刊スポーツ杯・ニッカン・コム杯,6,5039,倉田 茂将,3,26,53.7,0,0,0.16,4.84,29.09,45.45,4.11,23.68,39.47,58.62,74.71,30,50
2025-05-15,16,11,2025-05-15 16:13:00,5,日刊スポーツ杯・ニッカン・コム杯,1,4566,塩田 北斗,1,37,52.2,0,0,0.12,7.48,60.71,80.36,7.39,61.11,83.33,35.29,48.24,32.89,52.63
2025-05-15,16,11,2025-05-15 16:13:00,5,日刊スポーツ杯・ニッカン・コム杯,2,4096,石橋 道友,1,43,52.6,0,0,0.12,6.72,45.63,65.05,6.12,41.18,52.94,30.59,45.88,42.86,55.56
2025-05-15,16,11,2025-05-15 16:13:00,5,日刊スポーツ杯・ニッカン・コム杯,3,4467,渡邉 俊介,3,38,51,0,0,0.13,5.56,34.31,57.84,5.05,30,45,38.55,55.42,32.89,50
2025-05-15,16,11,2025-05-15 16:13:00,5,日刊スポーツ杯・ニッカン・コム杯,4,3711,江本 真治,2,50,53.6,0,0,0.16,5.63,38.71,50.81,4.97,31.25,40.63,31.76,57.65,40.24,58.54
2025-05-15,16,11,2025-05-15 16:13:00,5,日刊スポーツ杯・ニッカン・コム杯,5,4303,牧原 崇,3,42,52.5,0,0,0.17,5.59,37.5,57.69,0,0,0,46.59,65.91,36.62,47.89
2025-05-15,16,11,2025-05-15 16:13:00,5,日刊スポーツ杯・ニッカン・コム杯,6,4872,山下 流心,3,32,52.1,0,0,0.16,4.23,18.99,37.97,5.31,30.77,46.15,33.73,48.19,32.1,48.15
2025-05-15,16,12,2025-05-15 16:50:00,5,日刊スポーツ杯・ニッカン・コム杯,1,4886,入海 馨,1,29,52,0,0,0.15,6.41,43.97,59.48,6.58,42,67,41.86,59.3,32.89,48.68
2025-05-15,16,12,2025-05-15 16:50:00,5,日刊スポーツ杯・ニッカン・コム杯,2,4398,船岡 洋一郎,1,38,52,0,0,0.13,6.11,39.5,53.78,6.2,45.65,58.7,32.05,47.44,42.17,62.65
2025-05-15,16,12,2025-05-15 16:50:00,5,日刊スポーツ杯・ニッカン・コム杯,3,3930,岸本 隆,3,49,54.9,0,0,0.15,5.77,42.86,57.14,6.09,45.45,63.64,33.33,55.17,26.03,49.32
2025-05-15,16,12,2025-05-15 16:50:00,5,日刊スポーツ杯・ニッカン・コム杯,4,3623,深川 真二,1,50,50.5,0,0,0.13,7.43,62.26,69.81,6,25,37.5,25.93,46.91,37.97,50.63
2025-05-15,16,12,2025-05-15 16:50:00,5,日刊スポーツ杯・ニッカン・コム杯,5,4485,楠原 正剛,2,39,52.1,0,0,0.15,5.37,36.13,47.9,4.43,26.67,36.67,26.83,45.12,43.21,59.26
2025-05-15,16,12,2025-05-15 16:50:00,5,日刊スポーツ杯・ニッカン・コム杯,6,3265,今村 暢孝,2,60,52,0,0,0.14,6.73,54.74,69.47,6.84,52.27,77.27,30.59,58.82,41.98,56.79
2025-05-15,17,1,2025-05-15 10:59:00,5,にっぽん未来プロジェクト競走in宮島,1,3745,橋本 年光,1,50,52.5,0,0,0.16,5.73,39.82,60.18,6.26,45.24,66.67,34.53,49.64,44.44,57.52
2025-05-15,17,1,2025-05-15 10:59:00,5,にっぽん未来プロジェクト競走in宮島,2,4112,大久保 信一郎,4,44,52,0,0,,4.75,22.03,52.54,4.15,10,35,34.38,54.69,27.27,42.86
2025-05-15,17,1,2025-05-15 10:59:00,5,にっぽん未来プロジェクト競走in宮島,3,5289,佃 來紀,3,24,52.3,0,0,0.16,4.27,15.45,36.59,2.89,0,11.11,15.53,27.18,30.43,44.93
2025-05-15,17,1,2025-05-15 10:59:00,5,にっぽん未来プロジェクト競走in宮島,4,3569,増田 進,3,54,52.3,0,0,0.18,4.38,22.64,39.62,0,0,0,29.46,40.31,18.75,36.46
2025-05-15,17,1,2025-05-15 10:59:00,5,にっぽん未来プロジェクト競走in宮島,5,3614,谷 勝幸,3,52,54.2,0,0,0.17,4.33,22.77,37.62,5.07,35.34,45.69,31.39,43.8,31.58,51.32
2025-05-15,17,1,2025-05-15 10:59:00,5,にっぽん未来プロジェクト競走in宮島,6,5328,井上 慧人,4,21,54,0,0,0.17,2.83,8.42,15.79,0,0,0,34.25,49.32,32.62,53.19
2025-05-15,17,2,2025-05-15 11:30:00,5,にっぽん未来プロジェクト競走in宮島,1,3901,松田 憲幸,3,48,53.1,0,0,0.2,4.35,24.71,40,4,13.64,31.82,24.53,41.51,38.4,60.8
2025-05-15,17,2,2025-05-15 11:30:00,5,にっぽん未来プロジェクト競走in宮島,2,4122,安東 幸治,1,43,54.6,0,0,0.17,5.68,36.67,56.67,6.39,41.94,70.97,38.76,52.71,44.44,55.56
2025-05-15,17,2,2025-05-15 11:30:00,5,にっぽん未来プロジェクト競走in宮島,3,5201,村上 宗太郎,3,22,52,0,0,0.16,5.4,41.57,51.69,5.36,27.27,54.55,32.37,50.36,28.21,43.59
2025-05-15,17,2,2025-05-15 11:30:00,5,にっぽん未来プロジェクト競走in宮島,4,4969,町田 洸希,3,34,52.6,0,0,0.16,4.41,20.45,37.5,4.6,30,40,37.88,56.06,25.22,46.09
2025-05-15,17,2,2025-05-15 11:30:00,5,にっぽん未来プロジェクト競走in宮島,5,4084,杉山 正樹,1,45,52.4,0,0,0.15,6.55,45.28,60.38,7.85,61.54,84.62,40.69,56.55,27.52,41.28
2025-05-15,17,2,2025-05-15 11:30:00,5,にっぽん未来プロジェクト競走in宮島,6,4564,山本 景士郎,3,37,52.4,1,0,0.14,4.37,20.73,37.8,5.52,36.23,55.07,41.84,59.57,42.14,59.29
2025-05-15,17,3,2025-05-15 12:07:00,5,にっぽん未来プロジェクト競走in宮島,1,3981,今坂 晃広,3,47,52.7,0,0,0.18,4.08,21.62,36.49,3.56,18.75,25,33.56,53.42,32.3,48.45
2025-05-15,17,3,2025-05-15 12:07:00,5,にっぽん未来プロジェクト競走in宮島,2,4700,金子 和之,1,38,52.2,0,0,0.14,6.38,47.29,68.99,0,0,0,25.37,41.79,38.36,55.97
2025-05-15,17,3,2025-05-15 12:07:00,5,にっぽん未来プロジェクト競走in宮島,3,3475,橋本 久和,2,54,52,0,0,0.17,6.1,46.49,58.77,5.5,27.78,55.56,21.31,45.08,23.47,36.73
2025-05-15,17,3,2025-05-15 12:07:00,5,にっぽん未来プロジェクト競走in宮島,4,4593,小坂 宗司,2,44,52,0,0,0.14,5.29,34.78,55.43,5.25,32.14,53.57,28.36,47.76,34.39,50.32
2025-05-15,17,3,2025-05-15 12:07:00,5,にっぽん未来プロジェクト競走in宮島,5,5351,齊藤 廉,4,20,52,0,0,0.16,2.84,7.06,18.82,0,0,0,35.53,51.32,30.86,51.85
2025-05-15,17,3,2025-05-15 12:07:00,5,にっぽん未来プロジェクト競走in宮島,6,5319,近藤 颯斗,3,23,52.3,0,0,0.21,3.44,14.14,25.25,0,0,0,37.41,58.27,29.79,46.81
2025-05-15,17,4,2025-05-15 12:36:00,5,にっぽん未来プロジェクト競走in宮島,1,4370,山口 達也,1,38,52.1,0,0,0.15,6.81,56.36,63.64,6.46,51.28,69.23,42.25,53.52,39.38,49.38
2025-05-15,17,4,2025-05-15 12:36:00,5,にっぽん未来プロジェクト競走in宮島,2,3612,馬袋 義則,2,52,53.3,0,0,0.14,6.49,44.37,65.49,5.75,37.5,56.25,27.05,38.52,26.98,43.65
2025-05-15,17,4,2025-05-15 12:36:00,5,にっぽん未来プロジェクト競走in宮島,3,5270,小玉 啓太,3,24,52.3,0,0,0.16,3.15,10.17,20.34,3.38,25,25,39.47,55.92,17.28,38.27
2025-05-15,17,4,2025-05-15 12:36:00,5,にっぽん未来プロジェクト競走in宮島,4,5134,大原 祥昌,3,25,53.2,0,0,0.13,5.72,36.7,57.8,5.23,30.97,53.54,29.85,38.81,28.66,42.04
2025-05-15,17,4,2025-05-15 12:36:00,5,にっぽん未来プロジェクト競走in宮島,5,5196,鰐部 太空海,2,23,52.6,0,0,0.13,5.83,40.35,60.53,4.25,25,37.5,37.24,57.93,29.93,45.58
2025-05-15,17,4,2025-05-15 12:36:00,5,にっぽん未来プロジェクト競走in宮島,6,5332,村松 遥輝,3,21,53.7,0,0,0.17,3.24,12.26,21.7,3.75,12.5,37.5,18.1,40.95,27.43,38.05
2025-05-15,17,5,2025-05-15 13:08:00,5,にっぽん未来プロジェクト競走in宮島,1,3327,野長瀬 正孝,2,57,52,0,0,0.17,6.26,45.54,65.35,5.75,40.63,65.63,34,51.33,27.36,46.23
2025-05-15,17,5,2025-05-15 13:08:00,5,にっぽん未来プロジェクト競走in宮島,2,4108,吉村 正明,1,45,52,0,0,0.12,6.79,53.57,64.29,7.14,59.09,72.73,23.89,37.17,38.16,56.58
2025-05-15,17,5,2025-05-15 13:08:00,5,にっぽん未来プロジェクト競走in宮島,3,3569,増田 進,3,54,52.3,0,0,0.18,4.38,22.64,39.62,0,0,0,29.46,40.31,18.75,36.46
2025-05-15,17,5,2025-05-15 13:08:00,5,にっぽん未来プロジェクト競走in宮島,4,5252,荒木 颯斗,3,22,52.3,0,0,0.14,4.98,25.61,50,4.61,21.74,39.13,35.71,49.35,30,42.31
2025-05-15,17,5,2025-05-15 13:08:00,5,にっぽん未来プロジェクト競走in宮島,5,3746,岡瀬 正人,2,50,52,0,0,0.17,6.03,43.06,65.28,5.92,36.07,60.66,36.17,55.32,30.51,44.07
2025-05-15,17,5,2025-05-15 13:08:00,5,にっぽん未来プロジェクト競走in宮島,6,4865,立具 敬司,3,35,52,0,0,0.16,4.47,25,36.36,4.17,33.33,33.33,25.71,47.14,40,57.6
2025-05-15,17,6,2025-05-15 13:35:00,5,にっぽん未来プロジェクト競走in宮島,1,4112,大久保 信一郎,4,44,52,0,0,,4.75,22.03,52.54,4.15,10,35,34.38,54.69,27.27,42.86
2025-05-15,17,6,2025-05-15 13:35:00,5,にっぽん未来プロジェクト競走in宮島,2,4161,黒柳 浩孝,1,43,53.6,0,0,0.15,5.76,34.82,53.57,5.35,23.53,52.94,35.62,50,38.46,53.21
2025-05-15,17,6,2025-05-15 13:35:00,5,にっぽん未来プロジェクト競走in宮島,3,3901,松田 憲幸,3,48,53.1,0,0,0.2,4.35,24.71,40,4,13.64,31.82,24.53,41.51,38.4,60.8
2025-05-15,17,6,2025-05-15 13:35:00,5,にっぽん未来プロジェクト競走in宮島,4,4513,河野 真也,2,36,52,0,0,0.17,5.48,33.59,58.02,5,30,60,29.75,46.28,33.33,52.38
2025-05-15,17,6,2025-05-15 13:35:00,5,にっぽん未来プロジェクト競走in宮島,5,4079,出畑 孝典,1,46,51.5,0,0,0.15,5.91,40,58.4,6.59,51.85,74.07,34.72,52.78,32.89,52.63
2025-05-15,17,6,2025-05-15 13:35:00,5,にっぽん未来プロジェクト競走in宮島,6,5312,川辺 郭人,4,24,53.7,0,0,0.18,1.92,4,8,1.63,0,12.5,36.3,51.37,40.94,53.54
2025-05-15,17,7,2025-05-15 14:08:00,5,にっぽん未来プロジェクト競走in宮島,1,4428,有賀 達也,1,39,52,0,0,0.13,5.93,41.73,56.69,7.45,60,80,38.3,56.74,33.54,51.83
2025-05-15,17,7,2025-05-15 14:08:00,5,にっぽん未来プロジェクト競走in宮島,2,3998,冨成 謙児,3,45,52.3,0,0,0.15,4.79,29.91,43.59,4.79,21.05,52.63,41.13,61.7,35.58,50.31
2025-05-15,17,7,2025-05-15 14:08:00,5,にっぽん未来プロジェクト競走in宮島,3,4709,岡村 将也,2,35,53.3,0,0,0.16,5.57,33.33,56.91,5.9,40,60,21.43,40.82,32.69,48.08
2025-05-15,17,7,2025-05-15 14:08:00,5,にっぽん未来プロジェクト競走in宮島,4,5319,近藤 颯斗,3,23,52.3,0,0,0.21,3.44,14.14,25.25,0,0,0,37.41,58.27,29.79,46.81
2025-05-15,17,7,2025-05-15 14:08:00,5,にっぽん未来プロジェクト競走in宮島,5,5328,井上 慧人,4,21,54,0,0,0.17,2.83,8.42,15.79,0,0,0,34.25,49.32,32.62,53.19
2025-05-15,17,7,2025-05-15 14:08:00,5,にっぽん未来プロジェクト競走in宮島,6,4040,廣瀬 将亨,2,46,55.5,0,0,0.15,5.34,32.03,53.91,6.28,50,55.56,34.78,50.72,34.97,53.85
2025-05-15,17,8,2025-05-15 14:38:00,5,にっぽん未来プロジェクト競走in宮島,1,4472,尾嶋 一広,1,37,53.9,0,0,0.14,7.01,57.14,70.68,6.36,45.45,65.45,35.86,50.34,32.89,46.31
2025-05-15,17,8,2025-05-15 14:38:00,5,にっぽん未来プロジェクト競走in宮島,2,5086,本村 大,3,25,52.9,0,0,0.15,4.09,23.66,34.41,3.29,14.29,14.29,25.93,38.52,31.21,43.97
2025-05-15,17,8,2025-05-15 14:38:00,5,にっぽん未来プロジェクト競走in宮島,3,4904,松本 一毅,2,30,52,0,0,0.16,5,31.58,45.61,5.04,34.78,56.52,35.95,53.59,37.58,53.69
2025-05-15,17,8,2025-05-15 14:38:00,5,にっぽん未来プロジェクト競走in宮島,4,5351,齊藤 廉,4,20,52,0,0,0.16,2.84,7.06,18.82,0,0,0,35.53,51.32,30.86,51.85
2025-05-15,17,8,2025-05-15 14:38:00,5,にっぽん未来プロジェクト競走in宮島,5,5134,大原 祥昌,3,25,53.2,0,0,0.13,5.72,36.7,57.8,5.23,30.97,53.54,29.85,38.81,28.66,42.04
2025-05-15,17,8,2025-05-15 14:38:00,5,にっぽん未来プロジェクト競走in宮島,6,5289,佃 來紀,3,24,52.3,0,0,0.16,4.27,15.45,36.59,2.89,0,11.11,15.53,27.18,30.43,44.93
2025-05-15,17,9,2025-05-15 15:03:00,5,にっぽん未来プロジェクト競走in宮島,1,5201,村上 宗太郎,3,22,52,0,0,0.16,5.4,41.57,51.69,5.36,27.27,54.55,32.37,50.36,28.21,43.59
2025-05-15,17,9,2025-05-15 15:03:00,5,にっぽん未来プロジェクト競走in宮島,2,5176,石倉 拓美,4,31,52.3,0,0,0.15,2.88,12.5,21.88,2.68,10.53,21.05,36.81,51.39,36.42,51.66
2025-05-15,17,9,2025-05-15 15:03:00,5,にっぽん未来プロジェクト競走in宮島,3,3327,野長瀬 正孝,2,57,52,0,0,0.17,6.26,45.54,65.35,5.75,40.63,65.63,34,51.33,27.36,46.23
2025-05-15,17,9,2025-05-15 15:03:00,5,にっぽん未来プロジェクト競走in宮島,4,4204,柴田 大輔,3,42,53.2,0,0,0.19,2.83,2.44,21.95,3.54,17.86,25,36.99,56.16,39.07,59.6
2025-05-15,17,9,2025-05-15 15:03:00,5,にっぽん未来プロジェクト競走in宮島,5,3612,馬袋 義則,2,52,53.3,0,0,0.14,6.49,44.37,65.49,5.75,37.5,56.25,27.05,38.52,26.98,43.65
2025-05-15,17,9,2025-05-15 15:03:00,5,にっぽん未来プロジェクト競走in宮島,6,4311,岡村 仁,1,41,53.9,0,0,0.14,6.37,46.03,67.46,5.55,25,45,32.41,46.9,23.3,36.89
2025-05-15,17,10,2025-05-15 15:28:00,5,にっぽん未来プロジェクト競走in宮島,1,5270,小玉 啓太,3,24,52,0,0,0.16,3.15,10.17,20.34,3.38,25,25,39.47,55.92,17.28,38.27
2025-05-15,17,10,2025-05-15 15:28:00,5,にっぽん未来プロジェクト競走in宮島,2,3745,橋本 年光,1,50,52.2,0,0,0.16,5.73,39.82,60.18,6.26,45.24,66.67,34.53,49.64,44.44,57.52
2025-05-15,17,10,2025-05-15 15:28:00,5,にっぽん未来プロジェクト競走in宮島,3,4108,吉村 正明,1,45,52,0,0,0.12,6.79,53.57,64.29,7.14,59.09,72.73,23.89,37.17,38.16,56.58
2025-05-15,17,10,2025-05-15 15:28:00,5,にっぽん未来プロジェクト競走in宮島,4,3981,今坂 晃広,3,47,53.2,0,0,0.18,4.08,21.62,36.49,3.56,18.75,25,33.56,53.42,32.3,48.45
2025-05-15,17,10,2025-05-15 15:28:00,5,にっぽん未来プロジェクト競走in宮島,5,4969,町田 洸希,3,34,52.7,0,0,0.16,4.41,20.45,37.5,4.6,30,40,37.88,56.06,25.22,46.09
2025-05-15,17,10,2025-05-15 15:28:00,5,にっぽん未来プロジェクト競走in宮島,6,4513,河野 真也,2,36,51,0,0,0.17,5.48,33.59,58.02,5,30,60,29.75,46.28,33.33,52.38
2025-05-15,17,11,2025-05-15 15:53:00,5,にっぽん未来プロジェクト競走in宮島,1,4084,杉山 正樹,1,45,52.4,0,0,0.15,6.55,45.28,60.38,7.85,61.54,84.62,40.69,56.55,27.52,41.28
2025-05-15,17,11,2025-05-15 15:53:00,5,にっぽん未来プロジェクト競走in宮島,2,3746,岡瀬 正人,2,50,52,0,0,0.17,6.03,43.06,65.28,5.92,36.07,60.66,36.17,55.32,30.51,44.07
2025-05-15,17,11,2025-05-15 15:53:00,5,にっぽん未来プロジェクト競走in宮島,3,4370,山口 達也,1,38,52.1,0,0,0.15,6.81,56.36,63.64,6.46,51.28,69.23,42.25,53.52,39.38,49.38
2025-05-15,17,11,2025-05-15 15:53:00,5,にっぽん未来プロジェクト競走in宮島,4,4161,黒柳 浩孝,1,43,53.6,0,0,0.15,5.76,34.82,53.57,5.35,23.53,52.94,35.62,50,38.46,53.21
2025-05-15,17,11,2025-05-15 15:53:00,5,にっぽん未来プロジェクト競走in宮島,5,4709,岡村 将也,2,35,53.3,0,0,0.16,5.57,33.33,56.91,5.9,40,60,21.43,40.82,32.69,48.08
2025-05-15,17,11,2025-05-15 15:53:00,5,にっぽん未来プロジェクト競走in宮島,6,4593,小坂 宗司,2,44,52,0,0,0.14,5.29,34.78,55.43,5.25,32.14,53.57,28.36,47.76,34.39,50.32
2025-05-15,17,12,2025-05-15 16:35:00,5,にっぽん未来プロジェクト競走in宮島,1,4079,出畑 孝典,1,46,51.5,0,0,0.15,5.91,40,58.4,6.59,51.85,74.07,34.72,52.78,32.89,52.63
2025-05-15,17,12,2025-05-15 16:35:00,5,にっぽん未来プロジェクト競走in宮島,2,5252,荒木 颯斗,3,22,52.3,0,0,0.14,4.98,25.61,50,4.61,21.74,39.13,35.71,49.35,30,42.31
2025-05-15,17,12,2025-05-15 16:35:00,5,にっぽん未来プロジェクト競走in宮島,3,4040,廣瀬 将亨,2,46,55.5,0,0,0.15,5.34,32.03,53.91,6.28,50,55.56,34.78,50.72,34.97,53.85
2025-05-15,17,12,2025-05-15 16:35:00,5,にっぽん未来プロジェクト競走in宮島,4,4700,金子 和之,1,38,52.2,0,0,0.14,6.38,47.29,68.99,0,0,0,25.37,41.79,38.36,55.97
2025-05-15,17,12,2025-05-15 16:35:00,5,にっぽん未来プロジェクト競走in宮島,5,4904,松本 一毅,2,30,52,0,0,0.16,5,31.58,45.61,5.04,34.78,56.52,35.95,53.59,37.58,53.69
2025-05-15,17,12,2025-05-15 16:35:00,5,にっぽん未来プロジェクト競走in宮島,6,4122,安東 幸治,1,43,54.6,0,0,0.17,5.68,36.67,56.67,6.39,41.94,70.97,38.76,52.71,44.44,55.56
2025-05-15,19,1,2025-05-15 17:22:00,5,MNBR下関1st 楽天銀行賞,1,5067,山田 真聖,3,26,57.1,0,0,0.18,4.02,19.23,34.62,4.23,23.08,35.16,43.75,75,31.58,47.37
2025-05-15,19,1,2025-05-15 17:22:00,5,MNBR下関1st 楽天銀行賞,2,4675,井手 良太,3,37,52,0,0,0.13,5.41,29.63,55.56,4.45,27.27,45.45,21.74,47.83,20,48
2025-05-15,19,1,2025-05-15 17:22:00,5,MNBR下関1st 楽天銀行賞,3,3539,金子 順一,3,57,52,0,0,0.19,4.28,21.51,36.56,3.57,11.11,28.4,27.27,45.45,28.57,57.14
2025-05-15,19,1,2025-05-15 17:22:00,5,MNBR下関1st 楽天銀行賞,4,4103,山崎 善庸,3,45,52.9,0,0,0.22,4.19,21.43,35.71,3.75,25,25,36.84,63.16,39.13,52.17
2025-05-15,19,1,2025-05-15 17:22:00,5,MNBR下関1st 楽天銀行賞,5,4260,中越 博紀,2,41,52,0,0,0.15,5.46,39.02,53.66,6.39,55.56,66.67,30.43,34.78,45.45,63.64
2025-05-15,19,1,2025-05-15 17:22:00,5,MNBR下関1st 楽天銀行賞,6,3458,東 健介,3,58,54.6,0,0,0.16,4.76,22.39,41.79,4.77,36.36,45.45,38.46,53.85,45.45,77.27
2025-05-15,19,2,2025-05-15 17:50:00,5,MNBR下関1st 楽天銀行賞,1,4396,大田 直弥,3,38,52,0,0,0.19,4.76,25.21,43.7,5.16,28.74,47.13,42.11,57.89,63.16,73.68
2025-05-15,19,2,2025-05-15 17:50:00,5,MNBR下関1st 楽天銀行賞,2,4529,嶋 義信,3,36,54.5,0,0,0.15,5.51,38.1,52.38,6.14,43.24,64.86,58.82,70.59,27.27,45.45
2025-05-15,19,2,2025-05-15 17:50:00,5,MNBR下関1st 楽天銀行賞,3,3866,木山 誠一,4,50,56,0,0,0.14,4.48,28.85,38.46,3.52,16.13,22.58,57.14,57.14,18.18,27.27
2025-05-15,19,2,2025-05-15 17:50:00,5,MNBR下関1st 楽天銀行賞,4,4836,大谷 健太,3,36,52.1,0,0,0.15,4.82,23.68,51.32,5.22,26.83,53.66,17.65,35.29,9.52,9.52
2025-05-15,19,2,2025-05-15 17:50:00,5,MNBR下関1st 楽天銀行賞,5,4056,小西 英輝,3,46,52,0,0,0.15,4.38,26.09,39.13,4,16.67,36.67,27.27,63.64,38.89,55.56
2025-05-15,19,2,2025-05-15 17:50:00,5,MNBR下関1st 楽天銀行賞,6,4081,樋口 範政,3,46,55.6,0,0,0.18,3.99,17.14,35.24,4.15,23.53,32.35,36,56,54.55,81.82
2025-05-15,19,3,2025-05-15 18:14:00,5,MNBR下関1st 楽天銀行賞,1,4740,齋藤 達希,3,33,52.5,0,0,0.18,4.1,22,34,3.6,20,26.67,20.83,33.33,33.33,55.56
2025-05-15,19,3,2025-05-15 18:14:00,5,MNBR下関1st 楽天銀行賞,2,4982,中村 将隆,3,28,52.9,0,0,0.14,4.3,19.18,38.36,4.8,40,40,52.38,80.95,19.05,42.86
2025-05-15,19,3,2025-05-15 18:14:00,5,MNBR下関1st 楽天銀行賞,3,4535,北山 康介,1,35,53.9,0,0,0.14,7.54,67.92,79.25,0,0,0,11.11,11.11,20,28
2025-05-15,19,3,2025-05-15 18:14:00,5,MNBR下関1st 楽天銀行賞,4,3567,吉岡 誠,3,54,54.8,0,0,0.13,3.67,17.19,29.69,4.61,26.09,39.13,60,86.67,41.18,64.71
2025-05-15,19,3,2025-05-15 18:14:00,5,MNBR下関1st 楽天銀行賞,5,3872,岡田 憲行,2,49,53.1,0,0,0.18,5.72,31.52,63.04,8.2,70,80,28,44,42.11,52.63
2025-05-15,19,3,2025-05-15 18:14:00,5,MNBR下関1st 楽天銀行賞,6,3352,小川 晃司,3,56,51,0,0,0.16,4.38,18.28,39.78,4.44,12.5,50,25,37.5,61.11,77.78
2025-05-15,19,4,2025-05-15 18:38:00,5,MNBR下関1st 楽天銀行賞,1,3568,木村 光宏,3,54,54.7,0,0,0.17,3.78,20.29,27.54,0,0,0,47.37,73.68,26.09,34.78
2025-05-15,19,4,2025-05-15 18:38:00,5,MNBR下関1st 楽天銀行賞,2,4216,星 栄爾,2,40,53.3,0,0,0.15,5.42,30.94,53.24,0,0,0,21.74,43.48,16.67,29.17
2025-05-15,19,4,2025-05-15 18:38:00,5,MNBR下関1st 楽天銀行賞,3,5274,城間 盛渚,3,23,52,0,0,0.18,4.35,28.38,36.49,3.45,18.18,22.73,26.09,43.48,45.83,62.5
2025-05-15,19,4,2025-05-15 18:38:00,5,MNBR下関1st 楽天銀行賞,4,4397,西村 拓也,1,38,52.4,0,0,0.13,6.96,45.71,67.14,5.68,31.82,50,22.73,36.36,17.39,47.83
2025-05-15,19,4,2025-05-15 18:38:00,5,MNBR下関1st 楽天銀行賞,5,4080,山崎 哲司,1,46,51.5,0,0,0.12,6.46,46.15,66.67,6.15,46.15,61.54,33.33,55.56,16,28
2025-05-15,19,4,2025-05-15 18:38:00,5,MNBR下関1st 楽天銀行賞,6,5404,内田 壮,4,21,53.3,0,0,,0,0,0,0,0,0,32.14,53.57,40,65
2025-05-15,19,5,2025-05-15 19:05:00,5,MNBR下関1st 楽天銀行賞,1,4264,長尾 章平,1,40,53.3,0,0,0.16,6.92,57.66,75.18,6.27,44.34,64.15,41.67,54.17,47.83,73.91
2025-05-15,19,5,2025-05-15 19:05:00,5,MNBR下関1st 楽天銀行賞,2,5038,金田 智博,2,27,52,0,0,0.16,5.51,33.02,54.72,0,0,0,30.77,34.62,29.17,37.5
2025-05-15,19,5,2025-05-15 19:05:00,5,MNBR下関1st 楽天銀行賞,3,4094,中島 真二,3,43,52,0,0,0.19,4.84,26.53,45.92,5.16,31.58,52.63,48,68,34.78,52.17
2025-05-15,19,5,2025-05-15 19:05:00,5,MNBR下関1st 楽天銀行賞,4,4890,石川 諒,3,36,52.4,0,0,0.13,4.97,31.37,42.16,4.92,33.33,38.1,28.57,38.1,26.09,43.48
2025-05-15,19,5,2025-05-15 19:05:00,5,MNBR下関1st 楽天銀行賞,5,3955,眞田 英二,2,48,52,0,0,0.18,4.96,28.42,46.32,5.82,35.29,52.94,25,41.67,50,70.83
2025-05-15,19,5,2025-05-15 19:05:00,5,MNBR下関1st 楽天銀行賞,6,5343,小林 礼央,4,22,50.5,0,0,0.18,2.49,8.11,17.57,1.5,0,0,36.36,40.91,33.33,61.11
2025-05-15,19,6,2025-05-15 19:31:00,5,MNBR下関1st 楽天銀行賞,1,4651,佐藤 大騎,3,40,52,0,0,0.16,4.72,24.69,43.21,4.09,18.18,36.36,37.5,62.5,27.27,40.91
2025-05-15,19,6,2025-05-15 19:31:00,5,MNBR下関1st 楽天銀行賞,2,4608,荒井 翔伍,2,35,53.4,0,0,0.14,5.98,44.03,58.96,6.75,50,75,35.29,47.06,18.18,22.73
2025-05-15,19,6,2025-05-15 19:31:00,5,MNBR下関1st 楽天銀行賞,3,4983,前田 篤哉,1,28,52,0,0,0.16,5.96,40.57,61.32,7,50,75,19.23,46.15,31.58,31.58
2025-05-15,19,6,2025-05-15 19:31:00,5,MNBR下関1st 楽天銀行賞,4,3539,金子 順一,3,57,52,0,0,0.19,4.28,21.51,36.56,3.57,11.11,28.4,27.27,45.45,28.57,57.14
2025-05-15,19,6,2025-05-15 19:31:00,5,MNBR下関1st 楽天銀行賞,5,5093,浦野 海,3,23,52.2,0,0,0.18,5.6,30.86,55.56,5.19,28.57,57.14,23.81,38.1,20.83,37.5
2025-05-15,19,6,2025-05-15 19:31:00,5,MNBR下関1st 楽天銀行賞,6,4057,松井 賢治,2,46,52,0,0,0.16,5.85,36.8,59.2,5.17,29.17,54.17,36,44,50,66.67
2025-05-15,19,7,2025-05-15 19:57:00,5,MNBR下関1st 楽天銀行賞,1,4056,小西 英輝,3,46,52,0,0,0.15,4.38,26.09,39.13,4,16.67,36.67,27.27,63.64,38.89,55.56
2025-05-15,19,7,2025-05-15 19:57:00,5,MNBR下関1st 楽天銀行賞,2,3907,村越 篤,2,47,53.7,0,0,0.17,5.34,35.25,52.46,6.04,40,68,12.5,29.17,19.05,28.57
2025-05-15,19,7,2025-05-15 19:57:00,5,MNBR下関1st 楽天銀行賞,3,4573,佐藤 翼,1,36,52.4,0,0,0.13,7.06,44.79,62.5,7.88,47.06,70.59,52,64,38.89,55.56
2025-05-15,19,7,2025-05-15 19:57:00,5,MNBR下関1st 楽天銀行賞,4,5067,山田 真聖,3,26,57.1,0,0,0.18,4.02,19.23,34.62,4.23,23.08,35.16,43.75,75,31.58,47.37
2025-05-15,19,7,2025-05-15 19:57:00,5,MNBR下関1st 楽天銀行賞,5,5154,村松 栄太,3,28,52.4,0,0,0.17,4.67,31.63,42.86,4.13,20.9,34.33,43.48,65.22,52.38,52.38
2025-05-15,19,7,2025-05-15 19:57:00,5,MNBR下関1st 楽天銀行賞,6,4818,伏見 俊介,3,33,55.4,0,0,0.11,5.43,38.46,50.55,0,0,0,45.83,50,13.64,31.82
2025-05-15,19,8,2025-05-15 20:26:00,5,MNBR下関1st 楽天銀行賞,1,4522,古澤 光紀,1,37,53.7,0,0,0.14,6.42,50.63,59.49,5.94,37.5,56.25,61.11,66.67,4.35,8.7
2025-05-15,19,8,2025-05-15 20:26:00,5,MNBR下関1st 楽天銀行賞,2,3567,吉岡 誠,3,54,54.8,0,0,0.13,3.67,17.19,29.69,4.61,26.09,39.13,60,86.67,41.18,64.71
2025-05-15,19,8,2025-05-15 20:26:00,5,MNBR下関1st 楽天銀行賞,3,3458,東 健介,3,58,54.6,0,0,0.16,4.76,22.39,41.79,4.77,36.36,45.45,38.46,53.85,45.45,77.27
2025-05-15,19,8,2025-05-15 20:26:00,5,MNBR下関1st 楽天銀行賞,4,4438,森作 雄大,2,38,52,0,0,0.13,5.35,36.22,51.18,0,0,0,52.63,84.21,37.5,50
2025-05-15,19,8,2025-05-15 20:26:00,5,MNBR下関1st 楽天銀行賞,5,5143,常盤 海心,3,24,53.7,0,0,0.22,4.17,16.16,39.39,3.4,16.67,23.81,12.5,41.67,52.17,65.22
2025-05-15,19,8,2025-05-15 20:26:00,5,MNBR下関1st 楽天銀行賞,6,5372,上岡 巧汰,4,22,52.2,0,0,,1.36,0,0,1.15,0,0,19.23,50,60,80
2025-05-15,19,9,2025-05-15 20:57:00,5,MNBR下関1st 楽天銀行賞,1,4950,高岡 竜也,2,32,52.1,0,0,0.15,4.62,29.91,41.03,5.49,37.89,55.79,22.73,27.27,21.74,34.78
2025-05-15,19,9,2025-05-15 20:57:00,5,MNBR下関1st 楽天銀行賞,2,4081,樋口 範政,3,46,55.6,0,0,0.18,3.99,17.14,35.24,4.15,23.53,32.35,36,56,54.55,81.82
2025-05-15,19,9,2025-05-15 20:57:00,5,MNBR下関1st 楽天銀行賞,3,3992,関口 智久,2,46,53.8,0,0,0.15,5.44,34.31,50,4.66,31.03,34.48,47.37,63.16,68.42,84.21
2025-05-15,19,9,2025-05-15 20:57:00,5,MNBR下関1st 楽天銀行賞,4,3568,木村 光宏,3,54,54.7,0,0,0.17,3.78,20.29,27.54,0,0,0,47.37,73.68,26.09,34.78
2025-05-15,19,9,2025-05-15 20:57:00,5,MNBR下関1st 楽天銀行賞,5,4982,中村 将隆,3,28,52.9,0,0,0.14,4.3,19.18,38.36,4.8,40,40,52.38,80.95,19.05,42.86
2025-05-15,19,9,2025-05-15 20:57:00,5,MNBR下関1st 楽天銀行賞,6,4675,井手 良太,3,37,52,0,0,0.13,5.41,29.63,55.56,4.45,27.27,45.45,21.74,47.83,20,48
2025-05-15,19,10,2025-05-15 21:24:00,5,MNBR下関1st 楽天銀行賞,1,3872,岡田 憲行,2,49,53.1,0,0,0.18,5.72,31.52,63.04,8.2,70,80,28,44,42.11,52.63
2025-05-15,19,10,2025-05-15 21:24:00,5,MNBR下関1st 楽天銀行賞,2,4103,山崎 善庸,3,45,52.9,0,0,0.22,4.19,21.43,35.71,3.75,25,25,36.84,63.16,39.13,52.17
2025-05-15,19,10,2025-05-15 21:24:00,5,MNBR下関1st 楽天銀行賞,3,3955,眞田 英二,2,48,52,0,0,0.18,4.96,28.42,46.32,5.82,35.29,52.94,25,41.67,50,70.83
2025-05-15,19,10,2025-05-15 21:24:00,5,MNBR下関1st 楽天銀行賞,4,4216,星 栄爾,2,40,53.3,0,0,0.15,5.42,30.94,53.24,0,0,0,21.74,43.48,16.67,29.17
2025-05-15,19,10,2025-05-15 21:24:00,5,MNBR下関1st 楽天銀行賞,5,4529,嶋 義信,3,36,54.5,0,0,0.15,5.51,38.1,52.38,6.14,43.24,64.86,58.82,70.59,27.27,45.45
2025-05-15,19,10,2025-05-15 21:24:00,5,MNBR下関1st 楽天銀行賞,6,4608,荒井 翔伍,2,35,53.4,0,0,0.14,5.98,44.03,58.96,6.75,50,75,35.29,47.06,18.18,22.73
2025-05-15,19,11,2025-05-15 21:51:00,5,MNBR下関1st 楽天銀行賞,1,4080,山崎 哲司,1,46,51.5,0,0,0.12,6.46,46.15,66.67,6.15,46.15,61.54,33.33,55.56,16,28
2025-05-15,19,11,2025-05-15 21:51:00,5,MNBR下関1st 楽天銀行賞,2,4260,中越 博紀,2,41,52,0,0,0.15,5.46,39.02,53.66,6.39,55.56,66.67,30.43,34.78,45.45,63.64
2025-05-15,19,11,2025-05-15 21:51:00,5,MNBR下関1st 楽天銀行賞,3,4057,松井 賢治,2,46,52,0,0,0.16,5.85,36.8,59.2,5.17,29.17,54.17,36,44,50,66.67
2025-05-15,19,11,2025-05-15 21:51:00,5,MNBR下関1st 楽天銀行賞,4,4740,齋藤 達希,3,33,52.5,0,0,0.18,4.1,22,34,3.6,20,26.67,20.83,33.33,33.33,55.56
2025-05-15,19,11,2025-05-15 21:51:00,5,MNBR下関1st 楽天銀行賞,5,4396,大田 直弥,3,38,52,0,0,0.19,4.76,25.21,43.7,5.16,28.74,47.13,42.11,57.89,63.16,73.68
2025-05-15,19,11,2025-05-15 21:51:00,5,MNBR下関1st 楽天銀行賞,6,5038,金田 智博,2,27,52,0,0,0.16,5.51,33.02,54.72,0,0,0,30.77,34.62,29.17,37.5
2025-05-15,19,12,2025-05-15 22:18:00,5,MNBR下関1st 楽天銀行賞,1,4573,佐藤 翼,1,36,52,0,0,0.13,7.06,44.79,62.5,7.88,47.06,70.59,52,64,38.89,55.56
2025-05-15,19,12,2025-05-15 22:18:00,5,MNBR下関1st 楽天銀行賞,2,4264,長尾 章平,1,40,52.9,0,0,0.16,6.92,57.66,75.18,6.27,44.34,64.15,41.67,54.17,47.83,73.91
2025-05-15,19,12,2025-05-15 22:18:00,5,MNBR下関1st 楽天銀行賞,3,4397,西村 拓也,1,38,51.5,0,0,0.13,6.96,45.71,67.14,5.68,31.82,50,22.73,36.36,17.39,47.83
2025-05-15,19,12,2025-05-15 22:18:00,5,MNBR下関1st 楽天銀行賞,4,4535,北山 康介,1,35,54,0,0,0.14,7.54,67.92,79.25,0,0,0,11.11,11.11,20,28
2025-05-15,19,12,2025-05-15 22:18:00,5,MNBR下関1st 楽天銀行賞,5,4522,古澤 光紀,1,37,53.3,0,0,0.14,6.42,50.63,59.49,5.94,37.5,56.25,61.11,66.67,4.35,8.7
2025-05-15,19,12,2025-05-15 22:18:00,5,MNBR下関1st 楽天銀行賞,6,4983,前田 篤哉,1,28,52.3,0,0,0.16,5.96,40.57,61.32,7,50,75,19.23,46.15,31.58,31.58
2025-05-15,20,1,2025-05-15 15:22:00,5,山口シネマカップ,1,4874,池田 奈津美,3,31,50.2,0,0,0.15,4.5,26.83,43.9,4.95,42.11,52.63,23.96,38.54,40.29,56.31
2025-05-15,20,1,2025-05-15 15:22:00,5,山口シネマカップ,2,5060,数原 魁,3,28,51.5,0,0,0.17,5.65,34.58,58.88,7.11,55.56,88.89,35,55,41.38,58.13
2025-05-15,20,1,2025-05-15 15:22:00,5,山口シネマカップ,3,3282,池本 輝明,3,58,51.5,0,0,0.18,4.52,23.85,37.61,4.39,17.86,35.71,41.24,57.73,33.67,50.75
2025-05-15,20,1,2025-05-15 15:22:00,5,山口シネマカップ,4,3346,宮本 裕之,3,58,52,0,0,0.18,3.83,18.29,29.27,4.33,16.67,27.78,42.57,59.41,34.6,57.35
2025-05-15,20,1,2025-05-15 15:22:00,5,山口シネマカップ,5,5285,若林 麗,3,26,52,0,0,0.17,2.2,3.33,7.78,1.64,0,0,28.71,52.48,28.06,42.86
2025-05-15,20,1,2025-05-15 15:22:00,5,山口シネマカップ,6,3462,竹上 真司,3,57,52,0,0,0.17,3.53,14.61,30.34,5,25,50,22.92,46.88,32.35,46.57
2025-05-15,20,2,2025-05-15 15:53:00,5,山口シネマカップ,1,5151,山下 奈緒,3,30,47,0,0,0.21,4.31,18.75,35.94,4.16,10.53,31.58,39.8,56.12,34.69,52.04
2025-05-15,20,2,2025-05-15 15:53:00,5,山口シネマカップ,2,4562,阪本 勇介,3,37,54.3,0,0,0.17,4.34,20.37,38.89,3.89,16.67,33.33,26.92,44.23,32.52,48.54
2025-05-15,20,2,2025-05-15 15:53:00,5,山口シネマカップ,3,4462,夏山 亮平,3,38,55.8,0,0,0.15,4.72,33.72,45.35,6.55,45.45,81.82,26.53,43.88,27.03,37.84
2025-05-15,20,2,2025-05-15 15:53:00,5,山口シネマカップ,4,5333,山下 智己,3,21,51.5,0,0,0.19,3.05,12.99,22.08,0,0,0,24.73,37.63,33.33,56.02
2025-05-15,20,2,2025-05-15 15:53:00,5,山口シネマカップ,5,3414,加瀬 智宏,3,55,53.3,0,0,0.15,4.48,24.1,37.35,5.78,44.44,44.44,46.46,57.58,33.66,45.54
2025-05-15,20,2,2025-05-15 15:53:00,5,山口シネマカップ,6,4943,八木 治樹,3,34,52.7,0,0,0.14,4.49,21.05,42.11,0,0,0,24.04,42.31,31.84,44.28
2025-05-15,20,3,2025-05-15 16:20:00,5,山口シネマカップ,1,4840,鈴木 秀茉,3,33,52,0,0,0.18,4.63,28.42,41.05,6.17,47.83,69.57,43.43,65.66,29.29,57.07
2025-05-15,20,3,2025-05-15 16:20:00,5,山口シネマカップ,2,3461,渡邊 哲也,3,58,57.2,0,0,0.19,3.77,12,33.33,4.09,18.18,45.45,27.27,38.38,31.82,44.95
2025-05-15,20,3,2025-05-15 16:20:00,5,山口シネマカップ,3,4458,抹香 雄三,3,39,53.1,0,0,0.15,5.02,31.45,46.77,5.8,40,60,36.27,53.92,32.65,45.41
2025-05-15,20,3,2025-05-15 16:20:00,5,山口シネマカップ,4,4301,関 裕也,3,42,53.8,0,0,0.17,4.91,27.78,51.11,5.61,33.93,58.93,40.59,53.47,38.19,54.27
2025-05-15,20,3,2025-05-15 16:20:00,5,山口シネマカップ,5,4478,櫻本 あゆみ,2,37,47,0,0,0.15,6.19,48.31,61.8,5,31.25,50,32.35,44.12,36.18,50.75
2025-05-15,20,3,2025-05-15 16:20:00,5,山口シネマカップ,6,3949,今出 晋二,3,49,56,1,0,0.15,3.83,13.75,28.75,4.56,25,43.75,44,61,41.45,55.96
2025-05-15,20,4,2025-05-15 16:48:00,5,山口シネマカップ,1,5275,松田 淳平,3,23,52,0,0,0.16,4.75,25.81,40.86,0,0,0,30.11,44.09,35.1,49.04
2025-05-15,20,4,2025-05-15 16:48:00,5,山口シネマカップ,2,4730,土屋 実沙希,3,36,47,0,0,0.18,4.97,35.48,48.39,6.89,66.67,66.67,38.1,51.43,32.49,45.18
2025-05-15,20,4,2025-05-15 16:48:00,5,山口シネマカップ,3,3827,今泉 徹,3,51,52,0,0,0.17,3.82,13.04,27.17,2.75,0,12.5,36.36,50.51,37.69,57.29
2025-05-15,20,4,2025-05-15 16:48:00,5,山口シネマカップ,4,4143,浦田 晃嗣,3,43,55.1,0,0,0.14,4.51,27.88,41.35,4.65,29.41,35.29,37.62,50.5,28.71,49.5
2025-05-15,20,4,2025-05-15 16:48:00,5,山口シネマカップ,5,4025,山本 隆幸,2,47,52.3,0,0,0.17,6.41,45.83,64.17,6.47,34.38,62.5,38.68,51.89,26.88,43.55
2025-05-15,20,4,2025-05-15 16:48:00,5,山口シネマカップ,6,4442,松竹 大輔,2,38,52,0,0,0.15,5.58,39.83,53.39,0,0,0,30.34,49.44,36.62,55.4
2025-05-15,20,5,2025-05-15 17:15:00,5,山口シネマカップ,1,4391,松田 祐季,1,39,52,0,0,0.15,7.33,56.64,71.68,5.88,37.5,62.5,23.23,37.37,31.98,49.24
2025-05-15,20,5,2025-05-15 17:15:00,5,山口シネマカップ,2,4189,川上 剛,2,44,53.8,0,0,0.15,6.24,44.23,64.1,6.34,43.04,62.03,40.2,54.9,27.27,44.39
2025-05-15,20,5,2025-05-15 17:15:00,5,山口シネマカップ,3,3346,宮本 裕之,3,58,52,0,0,0.18,3.83,18.29,29.27,4.33,16.67,27.78,42.57,59.41,34.6,57.35
2025-05-15,20,5,2025-05-15 17:15:00,5,山口シネマカップ,4,4381,田路 朋史,2,40,52,0,0,0.16,6.31,44.96,65.89,5.65,38.46,50,27.47,46.15,25.86,45.98
2025-05-15,20,5,2025-05-15 17:15:00,5,山口シネマカップ,5,4358,松本 庸平,3,40,51,0,0,0.21,4.32,26.17,37.38,5.67,33.33,66.67,49,65,36.32,55.22
2025-05-15,20,5,2025-05-15 17:15:00,5,山口シネマカップ,6,3857,阿波 勝哉,3,52,53.8,0,0,0.19,4.71,30.16,42.86,4.95,16.28,46.51,33.33,52.38,36.02,48.82
2025-05-15,20,6,2025-05-15 17:43:00,5,山口シネマカップ,1,3613,角谷 健吾,2,52,52,0,0,0.14,6.33,50,65.69,0,0,0,41,54,36.76,51.96
2025-05-15,20,6,2025-05-15 17:43:00,5,山口シネマカップ,2,4943,八木 治樹,3,34,52.7,0,0,0.14,4.49,21.05,42.11,0,0,0,24.04,42.31,31.84,44.28
2025-05-15,20,6,2025-05-15 17:43:00,5,山口シネマカップ,3,4482,守屋 美穂,1,36,45.5,0,0,0.16,7.45,64,78.4,7.09,59.09,77.27,26.09,42.39,30.3,51.52
2025-05-15,20,6,2025-05-15 17:43:00,5,山口シネマカップ,4,4874,池田 奈津美,3,31,50.2,0,0,0.15,4.5,26.83,43.9,4.95,42.11,52.63,23.96,38.54,40.29,56.31
2025-05-15,20,6,2025-05-15 17:43:00,5,山口シネマカップ,5,5060,数原 魁,3,28,51.5,0,0,0.17,5.65,34.58,58.88,7.11,55.56,88.89,35,55,41.38,58.13
2025-05-15,20,6,2025-05-15 17:43:00,5,山口シネマカップ,6,3940,飯山 泰,2,47,51.5,0,0,0.15,6.41,44.44,65.93,6,42.86,53.57,32.65,52.04,25,41.33
2025-05-15,20,7,2025-05-15 18:20:00,5,山口シネマカップ,1,4424,松尾 昂明,2,39,51.5,0,0,0.15,6.38,48.25,66.67,5.89,42.11,59.21,35.29,50,32.68,50.73
2025-05-15,20,7,2025-05-15 18:20:00,5,山口シネマカップ,2,5285,若林 麗,3,26,52,0,0,0.17,2.2,3.33,7.78,1.64,0,0,28.71,52.48,28.06,42.86
2025-05-15,20,7,2025-05-15 18:20:00,5,山口シネマカップ,3,4840,鈴木 秀茉,3,33,52,0,0,0.18,4.63,28.42,41.05,6.17,47.83,69.57,43.43,65.66,29.29,57.07
2025-05-15,20,7,2025-05-15 18:20:00,5,山口シネマカップ,4,4415,下出 卓矢,1,38,54,0,0,0.14,6.39,44.83,58.62,3.89,11.11,22.22,34.95,51.46,34.02,46.39
2025-05-15,20,7,2025-05-15 18:20:00,5,山口シネマカップ,5,5333,山下 智己,3,21,51.5,0,0,0.19,3.05,12.99,22.08,0,0,0,24.73,37.63,33.33,56.02
2025-05-15,20,7,2025-05-15 18:20:00,5,山口シネマカップ,6,4290,稲田 浩二,1,40,52,0,0,0.12,7.11,47.58,66.94,6.69,38.46,57.69,32.26,53.76,38.04,52.17
2025-05-15,20,8,2025-05-15 18:47:00,5,山口シネマカップ,1,4754,松尾 充,2,36,51,0,0,0.14,6.81,53.39,72.88,6.21,32.14,71.43,48.45,68.04,35,51
2025-05-15,20,8,2025-05-15 18:47:00,5,山口シネマカップ,2,4143,浦田 晃嗣,3,43,55.1,0,0,0.14,4.51,27.88,41.35,4.65,29.41,35.29,37.62,50.5,28.71,49.5
2025-05-15,20,8,2025-05-15 18:47:00,5,山口シネマカップ,3,5248,本田 愛,3,23,47.5,1,0,0.18,3.8,21.05,31.58,3.38,25,37.5,35,48,34.34,52.53
2025-05-15,20,8,2025-05-15 18:47:00,5,山口シネマカップ,4,5275,松田 淳平,3,23,52,0,0,0.16,4.75,25.81,40.86,0,0,0,30.11,44.09,35.1,49.04
2025-05-15,20,8,2025-05-15 18:47:00,5,山口シネマカップ,5,4562,阪本 勇介,3,37,54.3,0,0,0.17,4.34,20.37,38.89,3.89,16.67,33.33,26.92,44.23,32.52,48.54
2025-05-15,20,8,2025-05-15 18:47:00,5,山口シネマカップ,6,4458,抹香 雄三,3,39,53.1,0,0,0.15,5.02,31.45,46.77,5.8,40,60,36.27,53.92,32.65,45.41
2025-05-15,20,9,2025-05-15 19:17:00,5,山口シネマカップ,1,4381,田路 朋史,2,40,52,0,0,0.16,6.31,44.96,65.89,5.65,38.46,50,27.47,46.15,25.86,45.98
2025-05-15,20,9,2025-05-15 19:17:00,5,山口シネマカップ,2,4358,松本 庸平,3,40,51,0,0,0.21,4.32,26.17,37.38,5.67,33.33,66.67,49,65,36.32,55.22
2025-05-15,20,9,2025-05-15 19:17:00,5,山口シネマカップ,3,4301,関 裕也,3,42,53.8,0,0,0.17,4.91,27.78,51.11,5.61,33.93,58.93,40.59,53.47,38.19,54.27
2025-05-15,20,9,2025-05-15 19:17:00,5,山口シネマカップ,4,4442,松竹 大輔,2,38,52,0,0,0.15,5.58,39.83,53.39,0,0,0,30.34,49.44,36.62,55.4
2025-05-15,20,9,2025-05-15 19:17:00,5,山口シネマカップ,5,4462,夏山 亮平,3,38,55.8,0,0,0.15,4.72,33.72,45.35,6.55,45.45,81.82,26.53,43.88,27.03,37.84
2025-05-15,20,9,2025-05-15 19:17:00,5,山口シネマカップ,6,3282,池本 輝明,3,58,51.5,0,0,0.18,4.52,23.85,37.61,4.39,17.86,35.71,41.24,57.73,33.67,50.75
2025-05-15,20,10,2025-05-15 19:48:00,5,山口シネマカップ,1,3940,飯山 泰,2,47,51.5,0,0,0.15,6.41,44.44,65.93,6,42.86,53.57,32.65,52.04,25,41.33
2025-05-15,20,10,2025-05-15 19:48:00,5,山口シネマカップ,2,4424,松尾 昂明,2,39,51.5,0,0,0.15,6.38,48.25,66.67,5.89,42.11,59.21,35.29,50,32.68,50.73
2025-05-15,20,10,2025-05-15 19:48:00,5,山口シネマカップ,3,4025,山本 隆幸,2,47,52.3,0,0,0.17,6.41,45.83,64.17,6.47,34.38,62.5,38.68,51.89,26.88,43.55
2025-05-15,20,10,2025-05-15 19:48:00,5,山口シネマカップ,4,3613,角谷 健吾,2,52,52,0,0,0.14,6.33,50,65.69,0,0,0,41,54,36.76,51.96
2025-05-15,20,10,2025-05-15 19:48:00,5,山口シネマカップ,5,4391,松田 祐季,1,39,52,0,0,0.15,7.33,56.64,71.68,5.88,37.5,62.5,23.23,37.37,31.98,49.24
2025-05-15,20,10,2025-05-15 19:48:00,5,山口シネマカップ,6,5151,山下 奈緒,3,30,47,0,0,0.21,4.31,18.75,35.94,4.16,10.53,31.58,39.8,56.12,34.47,55.34
2025-05-15,20,11,2025-05-15 20:16:00,5,山口シネマカップ,1,4290,稲田 浩二,1,40,52,0,0,0.12,7.11,47.58,66.94,6.69,38.46,57.69,32.26,53.76,38.04,52.17
2025-05-15,20,11,2025-05-15 20:16:00,5,山口シネマカップ,2,4415,下出 卓矢,1,38,54,0,0,0.14,6.39,44.83,58.62,3.89,11.11,22.22,34.95,51.46,34.02,46.39
2025-05-15,20,11,2025-05-15 20:16:00,5,山口シネマカップ,3,4730,土屋 実沙希,3,36,47,0,0,0.18,4.97,35.48,48.39,6.89,66.67,66.67,38.1,51.43,32.49,45.18
2025-05-15,20,11,2025-05-15 20:16:00,5,山口シネマカップ,4,4189,川上 剛,2,44,53.8,0,0,0.15,6.24,44.23,64.1,6.34,43.04,62.03,40.2,54.9,27.27,44.39
2025-05-15,20,11,2025-05-15 20:16:00,5,山口シネマカップ,5,4482,守屋 美穂,1,36,45.5,0,0,0.16,7.45,64,78.4,7.09,59.09,77.27,26.09,42.39,30.3,51.52
2025-05-15,20,11,2025-05-15 20:16:00,5,山口シネマカップ,6,4754,松尾 充,2,36,51,0,0,0.14,6.81,53.39,72.88,6.21,32.14,71.43,48.45,68.04,35,51
2025-05-15,20,12,2025-05-15 20:45:00,5,山口シネマカップ,1,4102,益田 啓司,1,46,51,0,0,0.13,6.11,43.7,58.82,7.14,58.82,70.59,36.89,57.28,36.1,50.24
2025-05-15,20,12,2025-05-15 20:45:00,5,山口シネマカップ,2,3959,坪井 康晴,1,47,52,0,0,0.14,7.21,48.74,68.91,6.77,50,61.54,30.1,48.54,30.57,49.22
2025-05-15,20,12,2025-05-15 20:45:00,5,山口シネマカップ,3,4427,秦 英悟,2,39,51,0,0,0.17,7.15,56.8,76,0,0,0,23.71,38.14,33.5,47.72
2025-05-15,20,12,2025-05-15 20:45:00,5,山口シネマカップ,4,3211,北川 敏弘,3,63,53.6,0,0,0.17,3.62,12.35,27.16,4.45,25,40,43.62,63.83,26.18,43.46
2025-05-15,20,12,2025-05-15 20:45:00,5,山口シネマカップ,5,3744,徳増 秀樹,1,50,52.6,0,0,0.12,7.14,58.2,70.49,6.69,50,56.25,46.46,56.57,38.78,54.59
2025-05-15,20,12,2025-05-15 20:45:00,5,山口シネマカップ,6,4530,小野 生奈,2,36,46,0,0,0.14,6.49,49.43,57.47,8.25,75,100,33.67,47.96,32.47,43.81
2025-05-15,21,1,2025-05-15 08:47:00,5,BTS嘉麻開設13周年記念,1,4933,板橋 侑我,2,28,52.6,0,0,0.16,7.08,58.65,71.15,7.68,72.73,77.27,29.41,41.18,12.5,18.75
2025-05-15,21,1,2025-05-15 08:47:00,5,BTS嘉麻開設13周年記念,2,3550,都築 正治,3,53,55.4,0,0,0.15,5.12,33.33,48.78,5.5,40,50,14.29,28.57,22.22,22.22
2025-05-15,21,1,2025-05-15 08:47:00,5,BTS嘉麻開設13周年記念,3,4440,萩原 知哉,3,38,52.7,0,0,0.17,4.76,24.24,41.41,4.46,15.38,38.46,0,50,11.11,22.22
2025-05-15,21,1,2025-05-15 08:47:00,5,BTS嘉麻開設13周年記念,4,4346,前田 健太郎,3,40,55.1,0,0,0.15,4.43,34.52,44.05,5,33.33,50,52.63,73.68,12.5,25
2025-05-15,21,1,2025-05-15 08:47:00,5,BTS嘉麻開設13周年記念,5,3964,宮地 博士,3,46,52.4,0,0,0.2,4.23,15.79,34.74,4.17,20,31.43,0,12.5,18.75,37.5
2025-05-15,21,1,2025-05-15 08:47:00,5,BTS嘉麻開設13周年記念,6,5363,山本 凱立,4,25,52.8,0,0,,1.1,0,0,0,0,0,70,80,62.5,75
2025-05-15,21,2,2025-05-15 09:13:00,5,BTS嘉麻開設13周年記念,1,4302,西野 翔太,2,42,52.5,0,0,0.14,6.21,44.23,64.42,6.02,40.98,60.66,20,40,33.33,33.33
2025-05-15,21,2,2025-05-15 09:13:00,5,BTS嘉麻開設13周年記念,2,3851,森田 昭彦,4,52,55.5,0,0,0.16,3.39,17.65,25.49,4.25,28.13,34.38,42.11,57.89,60,70
2025-05-15,21,2,2025-05-15 09:13:00,5,BTS嘉麻開設13周年記念,3,4092,岡部 大輔,3,44,52.2,0,0,0.15,5.47,38.18,55.45,5.42,42.42,54.55,42.11,52.63,21.05,36.84
2025-05-15,21,2,2025-05-15 09:13:00,5,BTS嘉麻開設13周年記念,4,5042,畑田 汰一,1,26,52,0,0,0.12,6.9,54.78,68.7,4.58,16.67,41.67,16.67,33.33,0,12.5
2025-05-15,21,2,2025-05-15 09:13:00,5,BTS嘉麻開設13周年記念,5,5375,庄島 潤成,4,21,55.2,0,0,,1.15,0,0,0,0,0,11.11,22.22,0,0
2025-05-15,21,2,2025-05-15 09:13:00,5,BTS嘉麻開設13周年記念,6,4625,渡邊 裕貴,3,39,52.3,0,0,0.15,4.53,28.43,42.16,3.26,15.79,26.32,62.5,100,14.29,14.29
2025-05-15,21,3,2025-05-15 09:39:00,5,BTS嘉麻開設13周年記念,1,4228,吉田 慎二郎,2,42,57.2,0,0,0.18,5.18,40,46.25,0,0,0,31.25,37.5,26.32,36.84
2025-05-15,21,3,2025-05-15 09:39:00,5,BTS嘉麻開設13周年記念,2,3224,栗山 繁洋,3,59,53,0,0,0.17,4.13,27,35,4.54,25.71,37.14,25,25,62.5,100
2025-05-15,21,3,2025-05-15 09:39:00,5,BTS嘉麻開設13周年記念,3,4114,深澤 達徳,2,44,52.8,0,0,0.17,5.7,32.11,64.22,4.21,21.05,36.84,10,30,0,33.33
2025-05-15,21,3,2025-05-15 09:39:00,5,BTS嘉麻開設13周年記念,4,3432,宮迫 暢彦,3,56,52,0,0,0.16,5.05,29.52,50.48,5.9,40,60,50,75,22.22,38.89
2025-05-15,21,3,2025-05-15 09:39:00,5,BTS嘉麻開設13周年記念,5,4067,永井 源,1,45,52.9,0,0,0.17,6.35,49.65,63.83,6.29,42.86,71.43,40,70,14.29,28.57
2025-05-15,21,3,2025-05-15 09:39:00,5,BTS嘉麻開設13周年記念,6,4245,高橋 直哉,3,43,52.1,0,0,0.17,4.93,29.67,49.45,0,0,0,44.44,77.78,20,60
2025-05-15,21,4,2025-05-15 10:05:00,5,BTS嘉麻開設13周年記念,1,4793,金子 萌,2,35,52,0,0,0.16,5.75,41.27,57.14,4.29,28.57,42.86,5.88,17.65,37.5,62.5
2025-05-15,21,4,2025-05-15 10:05:00,5,BTS嘉麻開設13周年記念,2,3852,澤 大介,3,52,51,0,0,0.16,5.39,37.7,51.64,5.44,43.75,43.75,40,90,11.11,22.22
2025-05-15,21,4,2025-05-15 10:05:00,5,BTS嘉麻開設13周年記念,3,4537,渡邉 和将,1,35,51.5,0,0,0.12,7.02,47.71,64.22,6.86,68.97,68.97,44.44,77.78,44.44,88.89
2025-05-15,21,4,2025-05-15 10:05:00,5,BTS嘉麻開設13周年記念,4,4835,橋本 明,3,36,53.4,0,0,0.18,5.15,31.82,48.18,4.57,21.62,43.24,20,30,0,0
2025-05-15,21,4,2025-05-15 10:05:00,5,BTS嘉麻開設13周年記念,5,5330,安河内 鈴之介,3,21,52,0,0,0.16,4.45,23.47,41.84,4.71,23.68,44.74,11.11,33.33,9.09,27.27
2025-05-15,21,4,2025-05-15 10:05:00,5,BTS嘉麻開設13周年記念,6,4413,水摩 敦,2,38,51,1,0,0.17,6.31,44.2,64.49,5.26,35.85,49.06,40,40,22.22,44.44
2025-05-15,21,5,2025-05-15 10:32:00,5,BTS嘉麻開設13周年記念,1,4808,松尾 拓,1,36,51,0,0,0.16,5.85,37.8,55.91,8.45,81.82,81.82,40,50,68.42,78.95
2025-05-15,21,5,2025-05-15 10:32:00,5,BTS嘉麻開設13周年記念,2,4555,富永 大一,3,35,52.4,0,0,0.18,5.39,34.44,54.44,5.07,37.93,51.72,36.84,57.89,50,100
2025-05-15,21,5,2025-05-15 10:32:00,5,BTS嘉麻開設13周年記念,3,5294,豊田 祥生,3,23,49.5,0,0,0.16,3.1,11.21,22.43,5,40,40,17.65,23.53,66.67,77.78
2025-05-15,21,5,2025-05-15 10:32:00,5,BTS嘉麻開設13周年記念,4,5014,梶山 涼斗,3,27,52.1,0,0,0.13,5.22,30.34,49.44,5.78,33.33,55.56,36.84,57.89,45.45,54.55
2025-05-15,21,5,2025-05-15 10:32:00,5,BTS嘉麻開設13周年記念,5,4058,野末 智一,3,46,51.5,0,0,0.2,5.25,33.93,55.36,0,0,0,11.11,22.22,38.89,38.89
2025-05-15,21,5,2025-05-15 10:32:00,5,BTS嘉麻開設13周年記念,6,3696,白井 友晴,2,53,52,0,0,0.17,5.48,34.04,51.06,4.86,28.57,42.86,50,62.5,7.14,21.43
2025-05-15,21,6,2025-05-15 11:04:00,5,BTS嘉麻開設13周年記念,1,4416,三宅 健太,3,38,52.1,0,0,0.18,5.31,31.19,55.05,5.41,35.29,55.88,0,25,63.64,81.82
2025-05-15,21,6,2025-05-15 11:04:00,5,BTS嘉麻開設13周年記念,2,4042,丸岡 正典,2,45,52.3,1,0,0.15,7.02,54.1,68.85,7.82,60.71,85.71,45.45,63.64,11.11,33.33
2025-05-15,21,6,2025-05-15 11:04:00,5,BTS嘉麻開設13周年記念,3,3297,藤丸 光一,3,58,50,0,0,0.18,5.09,31.43,48.57,4.86,32,44,38.89,55.56,55.56,77.78
2025-05-15,21,6,2025-05-15 11:04:00,5,BTS嘉麻開設13周年記念,4,3964,宮地 博士,3,46,52.4,0,0,0.2,4.23,15.79,34.74,4.17,20,31.43,0,12.5,18.75,37.5
2025-05-15,21,6,2025-05-15 11:04:00,5,BTS嘉麻開設13周年記念,5,3851,森田 昭彦,4,52,55.5,0,0,0.16,3.39,17.65,25.49,4.25,28.13,34.38,42.11,57.89,60,70
2025-05-15,21,6,2025-05-15 11:04:00,5,BTS嘉麻開設13周年記念,6,4043,桐本 康臣,1,45,52.9,0,0,0.15,6.74,55.77,72.12,0,0,0,45.45,54.55,40,90
2025-05-15,21,7,2025-05-15 11:34:00,5,BTS嘉麻開設13周年記念,1,4728,山口 亮,3,37,52.3,0,0,0.2,4.59,25.49,39.22,4,14.29,42.86,66.67,77.78,12.5,12.5
2025-05-15,21,7,2025-05-15 11:34:00,5,BTS嘉麻開設13周年記念,2,3784,中島 友和,3,48,52.6,0,0,0.15,4.36,23.75,41.25,4.59,11.11,51.85,55.56,55.56,44.44,66.67
2025-05-15,21,7,2025-05-15 11:34:00,5,BTS嘉麻開設13周年記念,3,3432,宮迫 暢彦,3,56,52,0,0,0.16,5.05,29.52,50.48,5.9,40,60,50,75,22.22,38.89
2025-05-15,21,7,2025-05-15 11:34:00,5,BTS嘉麻開設13周年記念,4,3273,石田 豪,3,59,52.4,0,0,0.17,4.83,26.67,48.89,3.8,20,33.33,29.41,35.29,17.65,29.41
2025-05-15,21,7,2025-05-15 11:34:00,5,BTS嘉麻開設13周年記念,5,5269,山口 晃朋,3,24,52.1,0,0,0.16,5.03,29.91,47.01,0,0,0,25,37.5,12.5,12.5
2025-05-15,21,7,2025-05-15 11:34:00,5,BTS嘉麻開設13周年記念,6,5375,庄島 潤成,4,21,55.2,0,0,,1.15,0,0,0,0,0,11.11,22.22,0,0
2025-05-15,21,8,2025-05-15 12:05:00,5,BTS嘉麻開設13周年記念,1,4835,橋本 明,3,36,53.4,0,0,0.18,5.15,31.82,48.18,4.57,21.62,43.24,20,30,0,0
2025-05-15,21,8,2025-05-15 12:05:00,5,BTS嘉麻開設13周年記念,2,4320,峰 竜太,1,40,52,1,0,0.12,7.5,52.33,69.77,8.44,71.93,82.46,66.67,77.78,17.65,35.29
2025-05-15,21,8,2025-05-15 12:05:00,5,BTS嘉麻開設13周年記念,3,4245,高橋 直哉,3,43,52.1,0,0,0.17,4.93,29.67,49.45,0,0,0,44.44,77.78,20,60
2025-05-15,21,8,2025-05-15 12:05:00,5,BTS嘉麻開設13周年記念,4,4496,内堀 学,2,37,52,0,0,0.16,6.4,51.52,69.7,6,42.86,60.71,12.5,50,50,75
2025-05-15,21,8,2025-05-15 12:05:00,5,BTS嘉麻開設13周年記念,5,4092,岡部 大輔,3,44,52.2,0,0,0.15,5.47,38.18,55.45,5.42,42.42,54.55,42.11,52.63,21.05,36.84
2025-05-15,21,8,2025-05-15 12:05:00,5,BTS嘉麻開設13周年記念,6,4440,萩原 知哉,3,38,52.7,0,0,0.17,4.76,24.24,41.41,4.46,15.38,38.46,0,50,11.11,22.22
2025-05-15,21,9,2025-05-15 12:41:00,5,BTS嘉麻開設13周年記念,1,4451,松崎 祐太郎,1,37,52,0,0,0.16,6.23,47.32,65.18,6.12,38.67,54.67,21.05,52.63,52.63,78.95
2025-05-15,21,9,2025-05-15 12:41:00,5,BTS嘉麻開設13周年記念,2,3974,深山 祐二,3,48,52,0,0,0.15,4.02,20.45,30.68,4.38,12.5,37.5,22.22,22.22,33.33,55.56
2025-05-15,21,9,2025-05-15 12:41:00,5,BTS嘉麻開設13周年記念,3,4555,富永 大一,3,35,52.4,0,0,0.18,5.39,34.44,54.44,5.07,37.93,51.72,36.84,57.89,50,100
2025-05-15,21,9,2025-05-15 12:41:00,5,BTS嘉麻開設13周年記念,4,4114,深澤 達徳,2,44,52.8,0,0,0.17,5.7,32.11,64.22,4.21,21.05,36.84,10,30,0,33.33
2025-05-15,21,9,2025-05-15 12:41:00,5,BTS嘉麻開設13周年記念,5,3550,都築 正治,3,53,55.4,0,0,0.15,5.12,33.33,48.78,5.5,40,50,14.29,28.57,22.22,22.22
2025-05-15,21,9,2025-05-15 12:41:00,5,BTS嘉麻開設13周年記念,6,4151,下河 誉史,2,42,54.1,0,0,0.19,5.88,41.32,61.98,5.93,40,64.44,38.89,44.44,50,61.11
2025-05-15,21,10,2025-05-15 13:17:00,5,BTS嘉麻開設13周年記念,1,4042,丸岡 正典,2,45,52.3,1,0,0.15,7.02,54.1,68.85,7.82,60.71,85.71,45.45,63.64,11.11,33.33
2025-05-15,21,10,2025-05-15 13:17:00,5,BTS嘉麻開設13周年記念,2,4933,板橋 侑我,2,28,52.6,0,0,0.16,7.08,58.65,71.15,7.68,72.73,77.27,29.41,41.18,12.5,18.75
2025-05-15,21,10,2025-05-15 13:17:00,5,BTS嘉麻開設13周年記念,3,5330,安河内 鈴之介,3,21,52,0,0,0.16,4.45,23.47,41.84,4.71,23.68,44.74,11.11,33.33,9.09,27.27
2025-05-15,21,10,2025-05-15 13:17:00,5,BTS嘉麻開設13周年記念,4,4416,三宅 健太,3,38,52.1,0,0,0.18,5.31,31.19,55.05,5.41,35.29,55.88,0,25,63.64,81.82
2025-05-15,21,10,2025-05-15 13:17:00,5,BTS嘉麻開設13周年記念,5,4793,金子 萌,2,35,52,0,0,0.16,5.75,41.27,57.14,4.29,28.57,42.86,5.88,17.65,37.5,62.5
2025-05-15,21,10,2025-05-15 13:17:00,5,BTS嘉麻開設13周年記念,6,4302,西野 翔太,2,42,52.5,0,0,0.14,6.21,44.23,64.42,6.02,40.98,60.66,20,40,33.33,33.33
2025-05-15,21,11,2025-05-15 13:49:00,5,BTS嘉麻開設13周年記念,1,5042,畑田 汰一,1,26,52,0,0,0.12,6.9,54.78,68.7,4.58,16.67,41.67,16.67,33.33,0,12.5
2025-05-15,21,11,2025-05-15 13:49:00,5,BTS嘉麻開設13周年記念,2,4808,松尾 拓,1,36,51,0,0,0.16,5.85,37.8,55.91,8.45,81.82,81.82,40,50,68.42,78.95
2025-05-15,21,11,2025-05-15 13:49:00,5,BTS嘉麻開設13周年記念,3,4067,永井 源,1,45,52.9,0,0,0.17,6.35,49.65,63.83,6.29,42.86,71.43,40,70,14.29,28.57
2025-05-15,21,11,2025-05-15 13:49:00,5,BTS嘉麻開設13周年記念,4,3852,澤 大介,3,52,51,0,0,0.16,5.39,37.7,51.64,5.44,43.75,43.75,40,90,11.11,22.22
2025-05-15,21,11,2025-05-15 13:49:00,5,BTS嘉麻開設13周年記念,5,3297,藤丸 光一,3,58,50,0,0,0.18,5.09,31.43,48.57,4.86,32,44,38.89,55.56,55.56,77.78
2025-05-15,21,11,2025-05-15 13:49:00,5,BTS嘉麻開設13周年記念,6,4728,山口 亮,3,37,52.3,0,0,0.2,4.59,25.49,39.22,4,14.29,42.86,66.67,77.78,12.5,12.5
2025-05-15,21,12,2025-05-15 14:29:00,5,BTS嘉麻開設13周年記念,1,4320,峰 竜太,1,40,52,1,0,0.12,7.5,52.33,69.77,8.44,71.93,82.46,66.67,77.78,17.65,35.29
2025-05-15,21,12,2025-05-15 14:29:00,5,BTS嘉麻開設13周年記念,2,4451,松崎 祐太郎,1,37,52,0,0,0.16,6.23,47.32,65.18,6.12,38.67,54.67,21.05,52.63,52.63,78.95
2025-05-15,21,12,2025-05-15 14:29:00,5,BTS嘉麻開設13周年記念,3,3784,中島 友和,3,48,52.6,0,0,0.15,4.36,23.75,41.25,4.59,11.11,51.85,55.56,55.56,44.44,66.67
2025-05-15,21,12,2025-05-15 14:29:00,5,BTS嘉麻開設13周年記念,4,4537,渡邉 和将,1,35,51.5,0,0,0.12,7.02,47.71,64.22,6.86,68.97,68.97,44.44,77.78,44.44,88.89
2025-05-15,21,12,2025-05-15 14:29:00,5,BTS嘉麻開設13周年記念,5,3696,白井 友晴,2,53,52,0,0,0.17,5.48,34.04,51.06,4.86,28.57,42.86,50,62.5,7.14,21.43
2025-05-15,21,12,2025-05-15 14:29:00,5,BTS嘉麻開設13周年記念,6,4228,吉田 慎二郎,2,42,57.2,0,0,0.18,5.18,40,46.25,0,0,0,31.25,37.5,26.32,36.84
