race_date,stadium_number,race_number,race_closed_at,race_grade_number,race_title,boat_number,racer_number,racer_name,racer_class_number,racer_age,racer_weight,racer_flying_count,racer_late_count,racer_average_start_timing,racer_national_top_1_percent,racer_national_top_2_percent,racer_national_top_3_percent,racer_local_top_1_percent,racer_local_top_2_percent,racer_local_top_3_percent,racer_assigned_motor_top_2_percent,racer_assigned_motor_top_3_percent,racer_assigned_boat_top_2_percent,racer_assigned_boat_top_3_percent
2025-07-22,2,1,2025-07-22 10:47:00,5,ヴィーナスシリーズ第9戦・日刊スポーツ杯,1,5182,宮崎 安奈,3,27,47,0,0,0.17,5.26,30.61,52.04,4.68,19.15,51.06,34.42,48.84,33.33,53.42
2025-07-22,2,1,2025-07-22 10:47:00,5,ヴィーナスシリーズ第9戦・日刊スポーツ杯,2,5003,来田 衣織,3,29,52.4,0,0,0.19,3.93,20.59,33.33,4.15,15,35,37.44,47.58,37.38,57.48
2025-07-22,2,1,2025-07-22 10:47:00,5,ヴィーナスシリーズ第9戦・日刊スポーツ杯,3,4726,島田 なぎさ,4,38,46.5,0,0,0.15,4.03,23.68,31.58,3.71,0,14.29,35.91,59.09,34.68,51.8
2025-07-22,2,1,2025-07-22 10:47:00,5,ヴィーナスシリーズ第9戦・日刊スポーツ杯,4,5248,本田 愛,3,23,47.5,1,0,0.18,3.81,21.74,33.33,4.84,31.58,52.63,31.22,45.5,35.53,53.51
2025-07-22,2,1,2025-07-22 10:47:00,5,ヴィーナスシリーズ第9戦・日刊スポーツ杯,5,3474,松瀬 弘美,3,55,46.5,0,0,0.17,5.59,34.58,57.01,5.61,36.84,60.53,34.6,51.66,34.12,47.39
2025-07-22,2,1,2025-07-22 10:47:00,5,ヴィーナスシリーズ第9戦・日刊スポーツ杯,6,5360,高木 茉白,4,18,47,0,0,0.2,2.21,2.22,6.67,1.52,0,0,34.93,52.4,37.22,53.36
2025-07-22,2,2,2025-07-22 11:16:00,5,ヴィーナスシリーズ第9戦・日刊スポーツ杯,1,4680,後藤 美翼,3,35,47,0,0,0.2,4.89,24.29,45.71,2.57,0,14.29,39.55,55,34.84,51.13
2025-07-22,2,2,2025-07-22 11:16:00,5,ヴィーナスシリーズ第9戦・日刊スポーツ杯,2,3778,安達 美帆,3,49,47.7,0,0,0.19,3.53,14.71,26.47,3.85,21.95,36.59,34.07,48.67,36.68,51.97
2025-07-22,2,2,2025-07-22 11:16:00,5,ヴィーナスシリーズ第9戦・日刊スポーツ杯,3,4183,宇野 弥生,2,39,47.3,0,0,0.13,6.3,49.62,59.4,6.65,50,65,38.14,49.77,43.19,58.69
2025-07-22,2,2,2025-07-22 11:16:00,5,ヴィーナスシリーズ第9戦・日刊スポーツ杯,4,4987,島倉 都,3,28,50.6,0,0,0.19,3.8,13.73,25.49,3.77,18.18,27.27,32.71,51.4,35.07,47.39
2025-07-22,2,2,2025-07-22 11:16:00,5,ヴィーナスシリーズ第9戦・日刊スポーツ杯,5,5391,出穂 和鼓,4,17,53.6,0,0,0.22,1.26,0,0,0,0,0,33.73,51.41,36.7,52.75
2025-07-22,2,2,2025-07-22 11:16:00,5,ヴィーナスシリーズ第9戦・日刊スポーツ杯,6,4924,中北 涼,3,32,48.7,0,0,0.18,4.52,19.57,38.04,3.89,11.11,11.11,33.01,49.28,36.28,52.65
2025-07-22,2,3,2025-07-22 11:45:00,5,ヴィーナスシリーズ第9戦・日刊スポーツ杯,1,5283,植木 美帆,4,21,47.3,0,0,0.23,2.5,10,14,2.29,4.17,12.5,35.56,52.44,31.73,49.52
2025-07-22,2,3,2025-07-22 11:45:00,5,ヴィーナスシリーズ第9戦・日刊スポーツ杯,2,5287,滝沢 織寧,3,25,46.5,1,0,0.16,3.81,15.94,30.43,2.95,9.57,21.28,37.44,58.9,42.99,56.54
2025-07-22,2,3,2025-07-22 11:45:00,5,ヴィーナスシリーズ第9戦・日刊スポーツ杯,3,3302,谷川 里江,3,58,47,0,0,0.17,5.06,31.71,48.78,4.15,20,50,30.65,48.24,32.7,51.18
2025-07-22,2,3,2025-07-22 11:45:00,5,ヴィーナスシリーズ第9戦・日刊スポーツ杯,4,4746,大豆生田 蒼,2,30,46,0,0,0.18,6.25,41.98,60.49,6.57,52.83,66.04,34.98,54.26,33.49,50
2025-07-22,2,3,2025-07-22 11:45:00,5,ヴィーナスシリーズ第9戦・日刊スポーツ杯,5,5370,日隈 茜,4,23,48.1,0,0,0.22,1.46,2.22,3.33,0,0,0,35.15,51.98,35.62,54.79
2025-07-22,2,3,2025-07-22 11:45:00,5,ヴィーナスシリーズ第9戦・日刊スポーツ杯,6,5346,中村 紋夕梨,4,22,46.5,0,0,0.21,1.66,1.61,3.23,0,0,0,33.91,52.79,32.87,52.78
2025-07-22,2,4,2025-07-22 12:14:00,5,ヴィーナスシリーズ第9戦・日刊スポーツ杯,1,4882,瀧川 千依,3,29,47,0,0,0.22,4.51,23.75,38.75,0,0,0,33.6,51.82,29.63,46.03
2025-07-22,2,4,2025-07-22 12:14:00,5,ヴィーナスシリーズ第9戦・日刊スポーツ杯,2,4414,大澤 真菜,3,38,47,0,0,0.17,3.85,15.28,26.39,5.14,36.11,47.22,31.1,44.5,33.49,53.11
2025-07-22,2,4,2025-07-22 12:14:00,5,ヴィーナスシリーズ第9戦・日刊スポーツ杯,3,4845,前田 紗希,2,32,47,0,0,0.15,6.55,50,65.63,6.08,48.08,57.69,38.35,53.4,38.1,53.33
2025-07-22,2,4,2025-07-22 12:14:00,5,ヴィーナスシリーズ第9戦・日刊スポーツ杯,4,3580,水口 由紀,3,52,48.6,0,0,0.19,4.77,22.89,45.78,6.14,38.1,61.9,40.45,60,34.1,53
2025-07-22,2,4,2025-07-22 12:14:00,5,ヴィーナスシリーズ第9戦・日刊スポーツ杯,5,4791,黒澤 めぐみ,2,35,47.1,0,0,0.16,6.15,45.08,63.93,5.27,33.33,43.33,34.45,51.68,37.73,51.36
2025-07-22,2,4,2025-07-22 12:14:00,5,ヴィーナスシリーズ第9戦・日刊スポーツ杯,6,4878,西岡 育未,3,30,47.3,0,0,0.17,4.76,24.1,43.37,5.39,27.78,50,33.04,46.43,38.5,53.99
2025-07-22,2,5,2025-07-22 12:44:00,5,ヴィーナスシリーズ第9戦・日刊スポーツ杯,1,4373,若狭 奈美子,2,37,46.5,0,0,0.19,6.66,50.45,72.07,6.3,37.04,74.07,36.91,58.8,33.94,50.46
2025-07-22,2,5,2025-07-22 12:44:00,5,ヴィーナスシリーズ第9戦・日刊スポーツ杯,2,5113,黒明 花夢,4,25,45,0,0,0.2,2.41,12.82,12.82,3,16.67,25,38.2,53.65,36.11,54.63
2025-07-22,2,5,2025-07-22 12:44:00,5,ヴィーナスシリーズ第9戦・日刊スポーツ杯,3,5182,宮崎 安奈,3,27,47,0,0,0.17,5.26,30.61,52.04,4.68,19.15,51.06,34.42,48.84,33.33,53.42
2025-07-22,2,5,2025-07-22 12:44:00,5,ヴィーナスシリーズ第9戦・日刊スポーツ杯,4,4546,浜田 亜理沙,1,37,47,1,0,0.16,6.55,44.55,60.91,6.74,46.34,63.41,35.96,53.2,29.83,43.09
2025-07-22,2,5,2025-07-22 12:44:00,5,ヴィーナスシリーズ第9戦・日刊スポーツ杯,5,5357,田中 瀬里奈,4,20,54.2,0,0,0.22,1.55,1.18,1.18,1.48,0,2.5,32.76,49.14,38.03,53.05
2025-07-22,2,5,2025-07-22 12:44:00,5,ヴィーナスシリーズ第9戦・日刊スポーツ杯,6,5387,戸田 海咲音,4,19,50.9,0,0,0.23,1.21,0,0,0,0,0,35.32,54.47,27.87,45.9
2025-07-22,2,6,2025-07-22 13:14:00,5,ヴィーナスシリーズ第9戦・日刊スポーツ杯,1,4987,島倉 都,3,28,50.6,0,0,0.19,3.8,13.73,25.49,3.77,18.18,27.27,32.71,51.4,35.07,47.39
2025-07-22,2,6,2025-07-22 13:14:00,5,ヴィーナスシリーズ第9戦・日刊スポーツ杯,2,5213,湯淺 紀香,3,26,46.5,0,0,0.19,5.48,38.68,50.94,3.36,15.38,20.51,37.85,56.57,36.73,56.19
2025-07-22,2,6,2025-07-22 13:14:00,5,ヴィーナスシリーズ第9戦・日刊スポーツ杯,3,4482,守屋 美穂,1,36,46,0,0,0.15,7.55,66.39,81.51,6,33.33,44.44,38.77,53.74,36.65,57.92
2025-07-22,2,6,2025-07-22 13:14:00,5,ヴィーナスシリーズ第9戦・日刊スポーツ杯,4,4501,樋口 由加里,2,37,46,0,0,0.16,5.61,43.7,58.82,4.24,23.53,35.29,40.5,56.61,31.43,48.57
2025-07-22,2,6,2025-07-22 13:14:00,5,ヴィーナスシリーズ第9戦・日刊スポーツ杯,5,5003,来田 衣織,3,29,52.4,0,0,0.19,3.93,20.59,33.33,4.15,15,35,37.44,47.58,37.38,57.48
2025-07-22,2,6,2025-07-22 13:14:00,5,ヴィーナスシリーズ第9戦・日刊スポーツ杯,6,4694,高田 綾,3,40,45,0,0,0.18,4.54,26.47,42.65,5.53,42.11,42.11,36.97,53.78,37.72,49.56
2025-07-22,2,7,2025-07-22 13:45:00,5,ヴィーナスシリーズ第9戦・日刊スポーツ杯,1,4900,中田 夕貴,2,32,47,1,0,0.17,5.45,32.47,55.84,5.01,33.33,46.88,30.29,49.52,29.33,50
2025-07-22,2,7,2025-07-22 13:45:00,5,ヴィーナスシリーズ第9戦・日刊スポーツ杯,2,4947,間庭 菜摘,3,32,47,0,0,0.19,4.84,23.33,46.67,3.96,20,36,36.68,55.46,33.33,47.56
2025-07-22,2,7,2025-07-22 13:45:00,5,ヴィーナスシリーズ第9戦・日刊スポーツ杯,3,5283,植木 美帆,4,21,47.3,0,0,0.23,2.5,10,14,2.29,4.17,12.5,35.56,52.44,31.73,49.52
2025-07-22,2,7,2025-07-22 13:45:00,5,ヴィーナスシリーズ第9戦・日刊スポーツ杯,4,4924,中北 涼,3,32,48.7,0,0,0.18,4.52,19.57,38.04,3.89,11.11,11.11,33.01,49.28,36.28,52.65
2025-07-22,2,7,2025-07-22 13:45:00,5,ヴィーナスシリーズ第9戦・日刊スポーツ杯,5,5360,高木 茉白,4,18,47,0,0,0.2,2.21,2.22,6.67,1.52,0,0,34.93,52.4,37.22,53.36
2025-07-22,2,7,2025-07-22 13:45:00,5,ヴィーナスシリーズ第9戦・日刊スポーツ杯,6,5390,高橋 涼夏,4,17,46,0,0,0.19,1.27,0,0,1.23,0,0,35.54,50,31.48,52.78
2025-07-22,2,8,2025-07-22 14:16:00,5,ヴィーナスシリーズ第9戦・日刊スポーツ杯,1,5320,岩崎 麗子,4,23,50.2,0,0,0.18,1.94,2.27,5.68,1.25,0,4.17,42.86,58.44,32.71,46.73
2025-07-22,2,8,2025-07-22 14:16:00,5,ヴィーナスシリーズ第9戦・日刊スポーツ杯,2,4791,黒澤 めぐみ,2,35,47.1,0,0,0.16,6.15,45.08,63.93,5.27,33.33,43.33,34.45,51.68,37.73,51.36
2025-07-22,2,8,2025-07-22 14:16:00,5,ヴィーナスシリーズ第9戦・日刊スポーツ杯,3,4758,富樫 麗加,3,35,52.1,0,0,0.19,5.32,26.58,51.9,0,0,0,33.17,48.74,30.15,46.73
2025-07-22,2,8,2025-07-22 14:16:00,5,ヴィーナスシリーズ第9戦・日刊スポーツ杯,4,3474,松瀬 弘美,3,55,46.5,0,0,0.17,5.59,34.58,57.01,5.61,36.84,60.53,34.6,51.66,34.12,47.39
2025-07-22,2,8,2025-07-22 14:16:00,5,ヴィーナスシリーズ第9戦・日刊スポーツ杯,5,4984,森下 愛梨,3,28,49.8,0,0,0.17,5.26,26.61,49.54,0,0,0,35.44,50.21,31.98,48.2
2025-07-22,2,8,2025-07-22 14:16:00,5,ヴィーナスシリーズ第9戦・日刊スポーツ杯,6,5370,日隈 茜,4,23,48.1,0,0,0.22,1.46,2.22,3.33,0,0,0,35.15,51.98,35.62,54.79
2025-07-22,2,9,2025-07-22 14:48:00,5,ヴィーナスシリーズ第9戦・日刊スポーツ杯,1,4183,宇野 弥生,2,39,47.4,0,0,0.13,6.3,49.62,59.4,6.65,50,65,38.14,49.77,43.19,58.69
2025-07-22,2,9,2025-07-22 14:48:00,5,ヴィーナスシリーズ第9戦・日刊スポーツ杯,2,4726,島田 なぎさ,4,38,46.5,0,0,0.15,4.03,23.68,31.58,3.71,0,14.29,35.91,59.09,34.68,51.8
2025-07-22,2,9,2025-07-22 14:48:00,5,ヴィーナスシリーズ第9戦・日刊スポーツ杯,3,4590,渡邉 優美,1,32,48.8,0,0,0.15,7.2,55.17,73.28,0,0,0,41.7,55.32,34.78,54.59
2025-07-22,2,9,2025-07-22 14:48:00,5,ヴィーナスシリーズ第9戦・日刊スポーツ杯,4,3302,谷川 里江,3,58,46.5,0,0,0.17,5.06,31.71,48.78,4.15,20,50,30.65,48.24,27.81,44.39
2025-07-22,2,9,2025-07-22 14:48:00,5,ヴィーナスシリーズ第9戦・日刊スポーツ杯,5,5387,戸田 海咲音,4,19,50.3,0,0,0.23,1.21,0,0,0,0,0,35.32,54.47,27.87,45.9
2025-07-22,2,9,2025-07-22 14:48:00,5,ヴィーナスシリーズ第9戦・日刊スポーツ杯,6,3580,水口 由紀,3,52,48.5,0,0,0.19,4.77,22.89,45.78,6.14,38.1,61.9,40.45,60,34.1,53
2025-07-22,2,10,2025-07-22 15:21:00,5,ヴィーナスシリーズ第9戦・日刊スポーツ杯,1,4501,樋口 由加里,2,37,46,0,0,0.16,5.61,43.7,58.82,4.24,23.53,35.29,40.5,56.61,31.43,48.57
2025-07-22,2,10,2025-07-22 15:21:00,5,ヴィーナスシリーズ第9戦・日刊スポーツ杯,2,5248,本田 愛,3,23,47.5,1,0,0.18,3.81,21.74,33.33,4.84,31.58,52.63,31.22,45.5,35.53,53.51
2025-07-22,2,10,2025-07-22 15:21:00,5,ヴィーナスシリーズ第9戦・日刊スポーツ杯,3,5113,黒明 花夢,4,25,45,0,0,0.2,2.41,12.82,12.82,3,16.67,25,38.2,53.65,36.11,54.63
2025-07-22,2,10,2025-07-22 15:21:00,5,ヴィーナスシリーズ第9戦・日刊スポーツ杯,4,4845,前田 紗希,2,32,47,0,0,0.15,6.55,50,65.63,6.08,48.08,57.69,38.35,53.4,38.1,53.33
2025-07-22,2,10,2025-07-22 15:21:00,5,ヴィーナスシリーズ第9戦・日刊スポーツ杯,5,5346,中村 紋夕梨,4,22,46.5,0,0,0.21,1.66,1.61,3.23,0,0,0,33.91,52.79,32.87,52.78
2025-07-22,2,10,2025-07-22 15:21:00,5,ヴィーナスシリーズ第9戦・日刊スポーツ杯,6,5391,出穂 和鼓,4,17,53.6,0,0,0.22,1.26,0,0,0,0,0,33.73,51.41,36.7,52.75
2025-07-22,2,11,2025-07-22 15:55:00,5,ヴィーナスシリーズ第9戦・日刊スポーツ杯,1,4482,守屋 美穂,1,36,46,0,0,0.15,7.55,66.39,81.51,6,33.33,44.44,38.77,53.74,36.65,57.92
2025-07-22,2,11,2025-07-22 15:55:00,5,ヴィーナスシリーズ第9戦・日刊スポーツ杯,2,4680,後藤 美翼,3,35,47,0,0,0.2,4.89,24.29,45.71,2.57,0,14.29,39.55,55,34.84,51.13
2025-07-22,2,11,2025-07-22 15:55:00,5,ヴィーナスシリーズ第9戦・日刊スポーツ杯,3,5287,滝沢 織寧,3,25,46.5,1,0,0.16,3.81,15.94,30.43,2.95,9.57,21.28,37.44,58.9,42.99,56.54
2025-07-22,2,11,2025-07-22 15:55:00,5,ヴィーナスシリーズ第9戦・日刊スポーツ杯,4,5357,田中 瀬里奈,4,20,54.2,0,0,0.22,1.55,1.18,1.18,1.48,0,2.5,32.76,49.14,38.03,53.05
2025-07-22,2,11,2025-07-22 15:55:00,5,ヴィーナスシリーズ第9戦・日刊スポーツ杯,5,4900,中田 夕貴,2,32,47,1,0,0.17,5.45,32.47,55.84,5.01,33.33,46.88,30.29,49.52,29.33,50
2025-07-22,2,11,2025-07-22 15:55:00,5,ヴィーナスシリーズ第9戦・日刊スポーツ杯,6,4414,大澤 真菜,3,38,47,0,0,0.17,3.85,15.28,26.39,5.14,36.11,47.22,31.1,44.5,33.49,53.11
2025-07-22,2,12,2025-07-22 16:30:00,5,ヴィーナスシリーズ第9戦・日刊スポーツ杯,1,4546,浜田 亜理沙,1,37,47,1,0,0.16,6.55,44.55,60.91,6.74,46.34,63.41,35.96,53.2,29.83,43.09
2025-07-22,2,12,2025-07-22 16:30:00,5,ヴィーナスシリーズ第9戦・日刊スポーツ杯,2,4758,富樫 麗加,3,35,52.1,0,0,0.19,5.32,26.58,51.9,0,0,0,33.17,48.74,30.15,46.73
2025-07-22,2,12,2025-07-22 16:30:00,5,ヴィーナスシリーズ第9戦・日刊スポーツ杯,3,4746,大豆生田 蒼,2,30,46,0,0,0.18,6.25,41.98,60.49,6.57,52.83,66.04,34.98,54.26,33.49,50
2025-07-22,2,12,2025-07-22 16:30:00,5,ヴィーナスシリーズ第9戦・日刊スポーツ杯,4,4882,瀧川 千依,3,29,47,0,0,0.22,4.51,23.75,38.75,0,0,0,33.6,51.82,29.63,46.03
2025-07-22,2,12,2025-07-22 16:30:00,5,ヴィーナスシリーズ第9戦・日刊スポーツ杯,5,5213,湯淺 紀香,3,26,46.5,0,0,0.19,5.48,38.68,50.94,3.36,15.38,20.51,37.85,56.57,36.73,56.19
2025-07-22,2,12,2025-07-22 16:30:00,5,ヴィーナスシリーズ第9戦・日刊スポーツ杯,6,4947,間庭 菜摘,3,32,47,0,0,0.19,4.84,23.33,46.67,3.96,20,36,36.68,55.46,33.33,47.56
2025-07-22,3,1,2025-07-22 11:14:00,5,第25回スカッとさわやか杯,1,4995,田邉 亮蔵,3,34,53.3,0,0,0.19,4.13,26.42,33.02,5,31.07,47.57,37.5,54.17,43.24,54.05
2025-07-22,3,1,2025-07-22 11:14:00,5,第25回スカッとさわやか杯,2,5308,藤森 拓海,3,20,53.1,0,0,0.21,3.49,13.68,28.42,3.7,0,40,34.21,63.16,26.67,44.44
2025-07-22,3,1,2025-07-22 11:14:00,5,第25回スカッとさわやか杯,3,3445,加藤 高史,4,55,52.3,0,0,0.22,5.08,30.77,50.55,0,0,0,27.5,42.5,46.15,56.41
2025-07-22,3,1,2025-07-22 11:14:00,5,第25回スカッとさわやか杯,4,5128,坪井 爽佑,4,28,57.5,0,0,0.2,2.98,13.21,18.87,4.71,28.57,42.86,31.82,50,29.27,41.46
2025-07-22,3,1,2025-07-22 11:14:00,5,第25回スカッとさわやか杯,5,4792,杉村 賢也,3,35,52,0,0,0.18,5.71,39.42,61.54,5.13,33.33,47.62,18.42,31.58,56.82,77.27
2025-07-22,3,1,2025-07-22 11:14:00,5,第25回スカッとさわやか杯,6,5236,小宮 涼雅,3,26,52.4,0,0,0.19,3.03,6.52,18.48,2.25,0,10,38.89,55.56,43.9,58.54
2025-07-22,3,2,2025-07-22 11:41:00,5,第25回スカッとさわやか杯,1,5023,久永 祥平,3,30,51.5,0,0,0.15,5.14,31.87,51.65,5.8,38.83,61.17,46.15,64.1,19.57,41.3
2025-07-22,3,2,2025-07-22 11:41:00,5,第25回スカッとさわやか杯,2,4420,津久井 拓也,2,37,52,0,0,0.17,5.86,41.94,61.29,6.36,45.95,68.92,39.53,48.84,35.14,59.46
2025-07-22,3,2,2025-07-22 11:41:00,5,第25回スカッとさわやか杯,3,4957,竹之内 極,3,30,54,0,0,0.17,4.96,26,50,5.48,36,60,32.5,42.5,28.13,59.38
2025-07-22,3,2,2025-07-22 11:41:00,5,第25回スカッとさわやか杯,4,4861,田中 宏樹,3,37,52.5,0,0,0.17,5.28,33.98,51.46,5.31,28.81,50.85,48.72,61.54,43.59,69.23
2025-07-22,3,2,2025-07-22 11:41:00,5,第25回スカッとさわやか杯,5,4898,菊地 敬介,3,33,54.2,0,0,0.19,4.53,20.25,35.44,3.82,20,29.09,42.86,52.38,52.27,65.91
2025-07-22,3,2,2025-07-22 11:41:00,5,第25回スカッとさわやか杯,6,5170,佐藤 太亮,3,24,51,1,0,0.16,4.26,27.69,40,4.14,28.57,28.57,32.5,65,34.78,43.48
2025-07-22,3,3,2025-07-22 12:09:00,5,第25回スカッとさわやか杯,1,4232,笠 雅雄,3,42,58,0,0,0.17,4.1,21.74,33.33,3.93,21.43,35.71,48.65,70.27,26.09,43.48
2025-07-22,3,3,2025-07-22 12:09:00,5,第25回スカッとさわやか杯,2,4752,西尾 亮輔,3,37,52,0,0,0.18,4.5,22.33,44.66,4.03,19.44,33.33,55.81,62.79,26.47,35.29
2025-07-22,3,3,2025-07-22 12:09:00,5,第25回スカッとさわやか杯,3,5016,宮田 龍馬,1,27,52,0,0,0.14,5.9,34.48,60.92,5.73,40.91,63.64,41.03,53.85,30.95,54.76
2025-07-22,3,3,2025-07-22 12:09:00,5,第25回スカッとさわやか杯,4,5103,芝田 京介,3,27,52.9,0,0,0.19,3.81,16.18,32.35,4.08,17.35,37.76,20.93,41.86,29.73,37.84
2025-07-22,3,3,2025-07-22 12:09:00,5,第25回スカッとさわやか杯,5,5279,石渡 翔一郎,3,22,52,0,0,0.15,4.97,27.87,44.26,5.01,32.88,48.63,27.03,51.35,30.95,45.24
2025-07-22,3,3,2025-07-22 12:09:00,5,第25回スカッとさわやか杯,6,4815,伏島 祐介,3,35,52.3,0,0,0.18,5.61,38.95,58.95,4.62,25.74,39.6,26.19,42.86,20.51,48.72
2025-07-22,3,4,2025-07-22 12:35:00,5,第25回スカッとさわやか杯,1,5252,荒木 颯斗,3,22,52.4,0,0,0.16,5.39,35,52.5,4.28,17.02,40.43,35.56,66.67,46.67,55.56
2025-07-22,3,4,2025-07-22 12:35:00,5,第25回スカッとさわやか杯,2,3548,室田 泰史,2,55,52.5,0,0,0.14,5.71,38.1,60,7.38,61.54,80.77,31.82,50,27.91,48.84
2025-07-22,3,4,2025-07-22 12:35:00,5,第25回スカッとさわやか杯,3,4380,鈴木 峻佑,3,40,52.2,0,0,0.17,4.41,22.61,36.52,5,30,50,41.3,56.52,34.21,39.47
2025-07-22,3,4,2025-07-22 12:35:00,5,第25回スカッとさわやか杯,4,5208,屋良 龍紀,3,27,52,0,0,0.14,4.23,19.23,36.54,3.62,17.24,27.59,46.15,66.67,31.71,43.9
2025-07-22,3,4,2025-07-22 12:35:00,5,第25回スカッとさわやか杯,5,4624,高田 明,2,40,50.5,0,0,0.18,6.13,43.59,62.39,7.65,65.38,84.62,18.75,40.63,28.89,42.22
2025-07-22,3,4,2025-07-22 12:35:00,5,第25回スカッとさわやか杯,6,4081,樋口 範政,3,46,56.1,0,0,0.19,4,17.78,33.33,4.45,22.45,38.78,30.77,41.03,25,47.5
2025-07-22,3,5,2025-07-22 13:02:00,5,第25回スカッとさわやか杯,1,3445,加藤 高史,4,55,52.3,0,0,0.22,5.08,30.77,50.55,0,0,0,27.5,42.5,46.15,56.41
2025-07-22,3,5,2025-07-22 13:02:00,5,第25回スカッとさわやか杯,2,4068,幸田 智裕,3,45,53.1,0,0,0.16,5.18,29.52,47.62,6.24,47.06,64.71,37.14,51.43,39.02,53.66
2025-07-22,3,5,2025-07-22 13:02:00,5,第25回スカッとさわやか杯,3,5245,倉富 大誠,3,23,52,0,0,0.18,5.17,31.68,46.53,3.85,20.55,32.88,35.14,51.35,38.64,47.73
2025-07-22,3,5,2025-07-22 13:02:00,5,第25回スカッとさわやか杯,4,4587,木田 峰由季,2,34,54.5,0,0,0.16,5.66,38.75,60,3.55,18.18,27.27,28.95,50,43.24,59.46
2025-07-22,3,5,2025-07-22 13:02:00,5,第25回スカッとさわやか杯,5,4181,花本 夏樹,3,41,53.2,0,0,0.18,4.35,21.77,37.9,5.68,21.43,64.29,8.11,18.92,32.5,45
2025-07-22,3,5,2025-07-22 13:02:00,5,第25回スカッとさわやか杯,6,4754,松尾 充,1,36,49.5,0,0,0.15,6.39,46.77,66.94,5.21,28.57,50,45.95,56.76,40.91,68.18
2025-07-22,3,6,2025-07-22 13:29:00,5,第25回スカッとさわやか杯,1,4792,杉村 賢也,3,35,52,0,0,0.18,5.71,39.42,61.54,5.13,33.33,47.62,18.42,31.58,56.82,77.27
2025-07-22,3,6,2025-07-22 13:29:00,5,第25回スカッとさわやか杯,2,3834,細川 明人,3,50,53.5,0,0,0.21,3.92,24.68,32.47,5.35,36.51,52.38,26.83,41.46,38.64,45.45
2025-07-22,3,6,2025-07-22 13:29:00,5,第25回スカッとさわやか杯,3,4581,吉村 誠,2,36,52,0,0,0.14,6.24,45.69,67.24,4.98,26.92,46.15,25,38.64,25,52.5
2025-07-22,3,6,2025-07-22 13:29:00,5,第25回スカッとさわやか杯,4,5023,久永 祥平,3,30,51.5,0,0,0.15,5.14,31.87,51.65,5.8,38.83,61.17,46.15,64.1,19.57,34.78
2025-07-22,3,6,2025-07-22 13:29:00,5,第25回スカッとさわやか杯,5,4908,上田 龍星,1,30,52,0,0,0.15,7.16,57.04,71.85,0,0,0,27.27,40.91,42.5,65
2025-07-22,3,6,2025-07-22 13:29:00,5,第25回スカッとさわやか杯,6,3869,井芹 大志,3,49,54.3,0,0,0.17,4.1,19.59,36.08,5.07,25.93,44.44,34.09,47.73,43.48,58.7
2025-07-22,3,7,2025-07-22 13:56:00,5,第25回スカッとさわやか杯,1,3990,芹澤 克彦,3,46,52,0,0,0.15,5.16,34,45,4.32,32.26,35.48,15.91,38.64,37.84,54.05
2025-07-22,3,7,2025-07-22 13:56:00,5,第25回スカッとさわやか杯,2,5331,佐藤 永梧,4,21,55.6,0,0,0.15,3.35,17.65,25.49,1.11,0,0,36.11,44.44,45.65,67.39
2025-07-22,3,7,2025-07-22 13:56:00,5,第25回スカッとさわやか杯,3,3517,高橋 勲,2,57,53.7,0,0,0.14,5.46,36.92,51.54,5.77,37.21,62.79,23.08,48.72,20,40
2025-07-22,3,7,2025-07-22 13:56:00,5,第25回スカッとさわやか杯,4,4898,菊地 敬介,3,33,54.2,0,0,0.19,4.53,20.25,35.44,3.82,20,29.09,42.86,52.38,52.27,65.91
2025-07-22,3,7,2025-07-22 13:56:00,5,第25回スカッとさわやか杯,5,4752,西尾 亮輔,3,37,52,0,0,0.18,4.5,22.33,44.66,4.03,19.44,33.33,55.81,62.79,26.47,35.29
2025-07-22,3,7,2025-07-22 13:56:00,5,第25回スカッとさわやか杯,6,5128,坪井 爽佑,4,28,57.5,0,0,0.2,2.98,13.21,18.87,4.71,28.57,42.86,31.82,50,29.27,41.46
2025-07-22,3,8,2025-07-22 14:24:00,5,第25回スカッとさわやか杯,1,4957,竹之内 極,3,30,54,0,0,0.17,4.96,26,50,5.48,36,60,32.5,42.5,28.13,59.38
2025-07-22,3,8,2025-07-22 14:24:00,5,第25回スカッとさわやか杯,2,5183,中野 孝二,3,26,54.3,0,0,0.17,4.75,27.47,47.25,3.79,17.86,28.57,23.81,33.33,21.43,42.86
2025-07-22,3,8,2025-07-22 14:24:00,5,第25回スカッとさわやか杯,3,4815,伏島 祐介,3,35,52.3,0,0,0.18,5.61,38.95,58.95,4.62,25.74,39.6,26.19,42.86,20.51,48.72
2025-07-22,3,8,2025-07-22 14:24:00,5,第25回スカッとさわやか杯,4,4535,北山 康介,1,35,52,0,0,0.13,7.26,63.33,74.44,5.38,25,37.5,38.64,47.73,11.36,31.82
2025-07-22,3,8,2025-07-22 14:24:00,5,第25回スカッとさわやか杯,5,5236,小宮 涼雅,3,26,52.4,0,0,0.19,3.03,6.52,18.48,2.25,0,10,38.89,55.56,43.9,58.54
2025-07-22,3,8,2025-07-22 14:24:00,5,第25回スカッとさわやか杯,6,5208,屋良 龍紀,3,27,52,0,0,0.14,4.23,19.23,36.54,3.62,17.24,27.59,46.15,66.67,31.71,43.9
2025-07-22,3,9,2025-07-22 14:52:00,5,第25回スカッとさわやか杯,1,4797,中山 将,2,33,53.3,1,0,0.15,5.95,42.86,61.9,5.19,31.25,50,28.57,42.86,42.11,47.37
2025-07-22,3,9,2025-07-22 14:52:00,5,第25回スカッとさわやか杯,2,4995,田邉 亮蔵,3,34,53.3,0,0,0.19,4.13,26.42,33.02,5,31.07,47.57,37.5,54.17,43.24,54.05
2025-07-22,3,9,2025-07-22 14:52:00,5,第25回スカッとさわやか杯,3,5170,佐藤 太亮,3,24,51,1,0,0.16,4.26,27.69,40,4.14,28.57,28.57,32.5,65,34.78,43.48
2025-07-22,3,9,2025-07-22 14:52:00,5,第25回スカッとさわやか杯,4,5042,畑田 汰一,1,26,52,0,0,0.11,6.93,52.8,69.6,6.5,40.91,59.09,33.33,43.59,23.08,43.59
2025-07-22,3,9,2025-07-22 14:52:00,5,第25回スカッとさわやか杯,5,4232,笠 雅雄,3,42,58,0,0,0.17,4.1,21.74,33.33,3.93,21.43,35.71,48.65,70.27,26.09,43.48
2025-07-22,3,9,2025-07-22 14:52:00,5,第25回スカッとさわやか杯,6,4552,杉山 勝匡,2,36,52,0,0,0.15,5.41,38.18,53.64,6.2,40,50,57.78,71.11,26.19,50
2025-07-22,3,10,2025-07-22 15:22:00,5,第25回スカッとさわやか杯,1,5016,宮田 龍馬,1,27,52,0,0,0.14,5.9,34.48,60.92,5.73,40.91,63.64,41.03,53.85,30.95,54.76
2025-07-22,3,10,2025-07-22 15:22:00,5,第25回スカッとさわやか杯,2,4097,貫地谷 直人,3,43,55.2,0,0,0.21,3.9,15.12,30.23,5.17,30.56,47.22,19.44,36.11,33.33,54.76
2025-07-22,3,10,2025-07-22 15:22:00,5,第25回スカッとさわやか杯,3,4861,田中 宏樹,3,37,52.5,0,0,0.17,5.28,33.98,51.46,5.31,28.81,50.85,48.72,61.54,43.59,69.23
2025-07-22,3,10,2025-07-22 15:22:00,5,第25回スカッとさわやか杯,4,4458,抹香 雄三,3,39,52.4,0,0,0.15,5.17,33.06,51.24,5.76,33.33,57.58,36.84,57.89,36.84,44.74
2025-07-22,3,10,2025-07-22 15:22:00,5,第25回スカッとさわやか杯,5,3548,室田 泰史,2,55,52.5,0,0,0.14,5.71,38.1,60,7.38,61.54,80.77,31.82,50,27.91,48.84
2025-07-22,3,10,2025-07-22 15:22:00,5,第25回スカッとさわやか杯,6,4715,村上 遼,1,33,52,0,0,0.13,6.91,54.26,68.22,5.82,36.36,45.45,18.6,27.91,38.1,50
2025-07-22,3,11,2025-07-22 15:53:00,5,第25回スカッとさわやか杯,1,4124,池田 雄一,1,43,52,1,0,0.16,6.89,59.2,70.4,5.88,29.41,64.71,40.48,64.29,33.33,52.78
2025-07-22,3,11,2025-07-22 15:53:00,5,第25回スカッとさわやか杯,2,5279,石渡 翔一郎,3,22,52,0,0,0.15,4.97,27.87,44.26,5.01,32.88,48.63,27.03,51.35,30.95,45.24
2025-07-22,3,11,2025-07-22 15:53:00,5,第25回スカッとさわやか杯,3,4420,津久井 拓也,2,37,52,0,0,0.17,5.86,41.94,61.29,6.36,45.95,68.92,39.53,48.84,35.14,59.46
2025-07-22,3,11,2025-07-22 15:53:00,5,第25回スカッとさわやか杯,4,3517,高橋 勲,2,57,53.7,0,0,0.14,5.46,36.92,51.54,5.77,37.21,62.79,23.08,48.72,20,40
2025-07-22,3,11,2025-07-22 15:53:00,5,第25回スカッとさわやか杯,5,3834,細川 明人,3,50,53.5,0,0,0.21,3.92,24.68,32.47,5.35,36.51,52.38,26.83,41.46,38.64,45.45
2025-07-22,3,11,2025-07-22 15:53:00,5,第25回スカッとさわやか杯,6,4068,幸田 智裕,3,45,53.1,0,0,0.16,5.18,29.52,47.62,6.24,47.06,64.71,37.14,51.43,39.02,53.66
2025-07-22,3,12,2025-07-22 16:25:00,5,第25回スカッとさわやか杯,1,4535,北山 康介,1,35,52,0,0,0.13,7.26,63.33,74.44,5.38,25,37.5,38.64,47.73,11.36,31.82
2025-07-22,3,12,2025-07-22 16:25:00,5,第25回スカッとさわやか杯,2,4587,木田 峰由季,2,34,54.5,0,0,0.16,5.66,38.75,60,3.55,18.18,27.27,28.95,50,43.24,59.46
2025-07-22,3,12,2025-07-22 16:25:00,5,第25回スカッとさわやか杯,3,3990,芹澤 克彦,3,46,52,0,0,0.15,5.16,34,45,4.32,32.26,35.48,15.91,38.64,37.84,54.05
2025-07-22,3,12,2025-07-22 16:25:00,5,第25回スカッとさわやか杯,4,4624,高田 明,2,40,50.5,0,0,0.18,6.13,43.59,62.39,7.65,65.38,84.62,18.75,40.63,28.89,42.22
2025-07-22,3,12,2025-07-22 16:25:00,5,第25回スカッとさわやか杯,5,3869,井芹 大志,3,49,54.3,0,0,0.17,4.1,19.59,36.08,5.07,25.93,44.44,34.09,47.73,43.48,58.7
2025-07-22,3,12,2025-07-22 16:25:00,5,第25回スカッとさわやか杯,6,5103,芝田 京介,3,27,52.9,0,0,0.19,3.81,16.18,32.35,4.08,17.35,37.76,20.93,41.86,29.73,37.84
2025-07-22,4,1,2025-07-22 11:53:00,5,トランスワードトロフィー東京大阪福岡三都市対抗戦,1,5207,高山 敬悟,4,27,52.7,0,0,0.2,4.45,26.15,35.38,3.47,17.65,29.41,26.92,38.46,26.92,46.15
2025-07-22,4,1,2025-07-22 11:53:00,5,トランスワードトロフィー東京大阪福岡三都市対抗戦,2,5054,佐々木 大河,3,29,52,0,0,0.15,5.08,31.08,51.35,0,0,0,22.22,25.93,57.14,78.57
2025-07-22,4,1,2025-07-22 11:53:00,5,トランスワードトロフィー東京大阪福岡三都市対抗戦,3,4598,加藤 政彦,1,41,52.4,0,0,0.16,6.23,44.25,62.83,6.53,51.16,69.77,33.33,66.67,39.39,51.52
2025-07-22,4,1,2025-07-22 11:53:00,5,トランスワードトロフィー東京大阪福岡三都市対抗戦,4,4393,田中 孝明,3,39,57.6,0,0,0.2,4.5,22.34,45.74,0,0,0,46.15,61.54,38.46,53.85
2025-07-22,4,1,2025-07-22 11:53:00,5,トランスワードトロフィー東京大阪福岡三都市対抗戦,5,4093,吉田 宗弘,3,44,51,0,0,0.22,4.08,21.36,32.04,4.72,29.82,45.61,50,67.86,41.67,45.83
2025-07-22,4,1,2025-07-22 11:53:00,5,トランスワードトロフィー東京大阪福岡三都市対抗戦,6,4082,濱崎 誠,3,45,52,0,0,0.18,5.14,36.96,46.74,0,0,0,40,46.67,44.44,55.56
2025-07-22,4,2,2025-07-22 12:22:00,5,トランスワードトロフィー東京大阪福岡三都市対抗戦,1,5152,丸山 祐也,3,29,50.5,0,0,0.25,3.56,11.48,21.31,0,0,0,35.71,53.57,36,56
2025-07-22,4,2,2025-07-22 12:22:00,5,トランスワードトロフィー東京大阪福岡三都市対抗戦,2,4875,大塚 康雅,3,31,51.5,0,0,0.18,5.08,33.02,45.28,4.43,25,40,44.44,70.37,53.85,65.38
2025-07-22,4,2,2025-07-22 12:22:00,5,トランスワードトロフィー東京大阪福岡三都市対抗戦,3,4311,岡村 仁,1,41,54,0,0,0.17,6.53,50,72.37,7.88,75,87.5,43.33,53.33,36,64
2025-07-22,4,2,2025-07-22 12:22:00,5,トランスワードトロフィー東京大阪福岡三都市対抗戦,4,4401,小林 泰,2,40,54.5,0,0,0.15,6.05,44.74,58.77,6.18,48.98,59.18,18.52,29.63,17.65,17.65
2025-07-22,4,2,2025-07-22 12:22:00,5,トランスワードトロフィー東京大阪福岡三都市対抗戦,5,2878,富山 弘幸,3,67,53.7,0,0,0.18,5.25,27.05,51.64,6.11,37.04,62.96,23.08,42.31,39.39,66.67
2025-07-22,4,2,2025-07-22 12:22:00,5,トランスワードトロフィー東京大阪福岡三都市対抗戦,6,4100,松田 隆司,3,46,52.6,0,0,0.17,4.46,21.15,44.23,5.67,33.33,66.67,28.57,42.86,15.38,30.77
2025-07-22,4,3,2025-07-22 12:52:00,5,トランスワードトロフィー東京大阪福岡三都市対抗戦,1,4039,村上 功祐,3,46,56.8,0,0,0.16,5.93,40.23,65.52,5.71,39.02,51.22,35.71,53.57,24.32,51.35
2025-07-22,4,3,2025-07-22 12:52:00,5,トランスワードトロフィー東京大阪福岡三都市対抗戦,2,4413,水摩 敦,1,39,50.5,1,0,0.17,6.25,46.9,61.95,6,37.5,62.5,52,64,59.26,59.26
2025-07-22,4,3,2025-07-22 12:52:00,5,トランスワードトロフィー東京大阪福岡三都市対抗戦,3,4180,上野 秀和,3,42,56.7,0,0,0.19,4.28,25,37.5,4.13,6.67,33.33,23.08,46.15,29.63,48.15
2025-07-22,4,3,2025-07-22 12:52:00,5,トランスワードトロフィー東京大阪福岡三都市対抗戦,4,4059,入澤 友治,3,46,52.7,0,0,0.15,5.46,42.11,51.75,5.38,45.9,50.82,19.05,52.38,48.15,74.07
2025-07-22,4,3,2025-07-22 12:52:00,5,トランスワードトロフィー東京大阪福岡三都市対抗戦,5,3872,岡田 憲行,2,49,53.2,0,0,0.21,5.93,36.11,64.81,4.57,28.57,42.86,27.59,34.48,32,56
2025-07-22,4,3,2025-07-22 12:52:00,5,トランスワードトロフィー東京大阪福岡三都市対抗戦,6,5190,大月 遊雅,3,24,52,0,0,0.22,3.7,18.75,28.13,3.31,15.63,31.25,37.5,56.25,52,64
2025-07-22,4,4,2025-07-22 13:22:00,5,トランスワードトロフィー東京大阪福岡三都市対抗戦,1,5022,伊藤 尚汰,3,30,50,0,0,0.18,4.49,19.28,38.55,4.78,22.22,40.74,46.88,62.5,32,32
2025-07-22,4,4,2025-07-22 13:22:00,5,トランスワードトロフィー東京大阪福岡三都市対抗戦,2,3940,飯山 泰,1,47,51.5,0,0,0.15,6.4,45.19,62.96,6.18,38.6,57.89,38.46,46.15,45.71,71.43
2025-07-22,4,4,2025-07-22 13:22:00,5,トランスワードトロフィー東京大阪福岡三都市対抗戦,3,4406,幸野 史明,3,40,52,0,0,0.16,4.31,21.93,38.6,4.89,33.33,44.44,21.74,34.78,37.14,65.71
2025-07-22,4,4,2025-07-22 13:22:00,5,トランスワードトロフィー東京大阪福岡三都市対抗戦,4,4906,鈴木 雅希,2,30,52.2,0,0,0.16,5.82,40,61.6,5.06,32.26,38.71,30.77,57.69,44.44,70.37
2025-07-22,4,4,2025-07-22 13:22:00,5,トランスワードトロフィー東京大阪福岡三都市対抗戦,5,5004,河野 主樹,4,29,52.4,1,0,0.16,4.46,24.07,38.89,6,30,70,28,56,34.38,53.13
2025-07-22,4,4,2025-07-22 13:22:00,5,トランスワードトロフィー東京大阪福岡三都市対抗戦,6,3432,宮迫 暢彦,3,57,52.1,0,0,0.18,4.88,28.57,49.52,5.64,46.43,53.57,53.85,57.69,46.15,69.23
2025-07-22,4,5,2025-07-22 13:53:00,5,トランスワードトロフィー東京大阪福岡三都市対抗戦,1,4085,荻野 裕介,4,45,52.2,0,0,0.23,5.58,35.56,48.89,5.15,30.77,46.15,19.23,34.62,43.75,62.5
2025-07-22,4,5,2025-07-22 13:53:00,5,トランスワードトロフィー東京大阪福岡三都市対抗戦,2,4397,西村 拓也,1,38,52.3,0,0,0.13,7.15,51.05,69.23,6.5,50,55.56,32.14,46.43,30.77,46.15
2025-07-22,4,5,2025-07-22 13:53:00,5,トランスワードトロフィー東京大阪福岡三都市対抗戦,3,4865,立具 敬司,3,35,52,0,0,0.18,4.22,20.41,32.65,2.78,11.11,22.22,26.47,41.18,28.57,47.62
2025-07-22,4,5,2025-07-22 13:53:00,5,トランスワードトロフィー東京大阪福岡三都市対抗戦,4,4234,野相 弘司,3,41,56.3,1,0,0.16,4.22,24.73,36.56,5.71,42.86,71.43,46.15,65.38,30,30
2025-07-22,4,5,2025-07-22 13:53:00,5,トランスワードトロフィー東京大阪福岡三都市対抗戦,5,5253,藤井 太雅,3,22,52,0,0,0.16,4.55,20.73,40.24,2.61,9.68,14.52,52,64,32,48
2025-07-22,4,5,2025-07-22 13:53:00,5,トランスワードトロフィー東京大阪福岡三都市対抗戦,6,4330,奈須 啓太,2,41,52,0,0,0.12,6.06,41.9,58.1,7.71,52.94,70.59,42.31,69.23,35.71,60.71
2025-07-22,4,6,2025-07-22 14:24:00,5,トランスワードトロフィー東京大阪福岡三都市対抗戦,1,5359,佐藤 世那,3,19,52.1,0,0,0.21,2.28,1.35,10.81,1.83,0,4.76,48.28,55.17,28,44
2025-07-22,4,6,2025-07-22 14:24:00,5,トランスワードトロフィー東京大阪福岡三都市対抗戦,2,4384,鶴本 崇文,1,40,52,0,0,0.16,6.69,48.41,71.43,7.23,60,72.5,25.93,51.85,29.63,40.74
2025-07-22,4,6,2025-07-22 14:24:00,5,トランスワードトロフィー東京大阪福岡三都市対抗戦,3,5007,近藤 雄一郎,3,28,52,0,0,0.18,4.3,19,40,4.68,26.47,50,35.71,60.71,41.94,51.61
2025-07-22,4,6,2025-07-22 14:24:00,5,トランスワードトロフィー東京大阪福岡三都市対抗戦,4,4675,井手 良太,3,37,52,0,0,0.14,5.32,30.43,53.62,5.05,30,50,35,50,17.14,31.43
2025-07-22,4,6,2025-07-22 14:24:00,5,トランスワードトロフィー東京大阪福岡三都市対抗戦,5,5207,高山 敬悟,4,27,52.7,0,0,0.2,4.45,26.15,35.38,3.47,17.65,29.41,26.92,38.46,26.92,46.15
2025-07-22,4,6,2025-07-22 14:24:00,5,トランスワードトロフィー東京大阪福岡三都市対抗戦,6,4424,松尾 昂明,2,40,52,0,0,0.16,6.01,41.82,60,6.3,51.52,60.61,44.44,59.26,0,4.35
2025-07-22,4,7,2025-07-22 14:56:00,5,トランスワードトロフィー東京大阪福岡三都市対抗戦,1,5054,佐々木 大河,3,29,51,0,0,0.15,5.08,31.08,51.35,0,0,0,22.22,25.93,57.14,78.57
2025-07-22,4,7,2025-07-22 14:56:00,5,トランスワードトロフィー東京大阪福岡三都市対抗戦,2,3590,濱野谷 憲吾,1,51,53.4,0,0,0.14,7.49,62.86,74.29,7.69,62.67,73.33,35.29,52.94,25.81,41.94
2025-07-22,4,7,2025-07-22 14:56:00,5,トランスワードトロフィー東京大阪福岡三都市対抗戦,3,5152,丸山 祐也,3,29,49.5,0,0,0.25,3.56,11.48,21.31,0,0,0,35.71,53.57,36,56
2025-07-22,4,7,2025-07-22 14:56:00,5,トランスワードトロフィー東京大阪福岡三都市対抗戦,4,3915,繁野谷 圭介,2,51,52,0,0,0.18,5.49,34.17,55.83,5.76,48,56,21.43,46.43,42.31,53.85
2025-07-22,4,7,2025-07-22 14:56:00,5,トランスワードトロフィー東京大阪福岡三都市対抗戦,5,4779,伊倉 光,3,39,52,1,0,0.16,4.7,26.53,41.84,4.56,22.81,36.84,29.17,58.33,32.35,55.88
2025-07-22,4,7,2025-07-22 14:56:00,5,トランスワードトロフィー東京大阪福岡三都市対抗戦,6,4485,楠原 正剛,3,39,53.3,1,0,0.16,5.62,40.79,52.63,5.11,38.89,44.44,16,40,26.09,39.13
2025-07-22,4,8,2025-07-22 15:29:00,5,トランスワードトロフィー東京大阪福岡三都市対抗戦,1,4551,三川 昂暁,2,36,52.5,0,0,0.18,5.33,31,55,5.41,31.25,50,24.24,36.36,29.41,41.18
2025-07-22,4,8,2025-07-22 15:29:00,5,トランスワードトロフィー東京大阪福岡三都市対抗戦,2,4059,入澤 友治,3,46,52.7,0,0,0.15,5.46,42.11,51.75,5.38,45.9,50.82,19.05,52.38,48.15,74.07
2025-07-22,4,8,2025-07-22 15:29:00,5,トランスワードトロフィー東京大阪福岡三都市対抗戦,3,4082,濱崎 誠,3,45,52,0,0,0.18,5.14,36.96,46.74,0,0,0,40,46.67,44.44,55.56
2025-07-22,4,8,2025-07-22 15:29:00,5,トランスワードトロフィー東京大阪福岡三都市対抗戦,4,5382,山下 心一,4,20,52,0,0,0.19,2.08,4.05,12.16,0,0,0,35.29,55.88,37.04,55.56
2025-07-22,4,8,2025-07-22 15:29:00,5,トランスワードトロフィー東京大阪福岡三都市対抗戦,5,4401,小林 泰,2,40,54.5,0,0,0.15,6.05,44.74,58.77,6.18,48.98,59.18,18.52,29.63,17.65,17.65
2025-07-22,4,8,2025-07-22 15:29:00,5,トランスワードトロフィー東京大阪福岡三都市対抗戦,6,3736,岡本 猛,3,51,51.5,0,0,0.18,4.57,22.58,46.24,5.71,35.29,52.94,28,52,29.41,58.82
2025-07-22,4,9,2025-07-22 16:03:00,5,トランスワードトロフィー東京大阪福岡三都市対抗戦,1,4083,福島 勇樹,2,45,52,0,0,0.15,5.27,33.33,46.67,6.06,46.15,65.38,38.1,42.86,25,50
2025-07-22,4,9,2025-07-22 16:03:00,5,トランスワードトロフィー東京大阪福岡三都市対抗戦,2,4100,松田 隆司,3,46,52.6,0,0,0.17,4.46,21.15,44.23,5.67,33.33,66.67,28.57,42.86,15.38,30.77
2025-07-22,4,9,2025-07-22 16:03:00,5,トランスワードトロフィー東京大阪福岡三都市対抗戦,3,3161,古場 輝義,2,65,52.7,0,0,0.19,5.49,35.4,60.18,5.48,32.26,58.06,37.93,44.83,38.71,51.61
2025-07-22,4,9,2025-07-22 16:03:00,5,トランスワードトロフィー東京大阪福岡三都市対抗戦,4,3432,宮迫 暢彦,3,57,52.1,0,0,0.18,4.88,28.57,49.52,5.64,46.43,53.57,53.85,57.69,46.15,69.23
2025-07-22,4,9,2025-07-22 16:03:00,5,トランスワードトロフィー東京大阪福岡三都市対抗戦,5,4413,水摩 敦,1,39,50.5,1,0,0.17,6.25,46.9,61.95,6,37.5,62.5,52,64,59.26,59.26
2025-07-22,4,9,2025-07-22 16:03:00,5,トランスワードトロフィー東京大阪福岡三都市対抗戦,6,4093,吉田 宗弘,3,44,51,0,0,0.22,4.08,21.36,32.04,4.72,29.82,45.61,50,67.86,41.67,45.83
2025-07-22,4,10,2025-07-22 16:36:00,5,トランスワードトロフィー東京大阪福岡三都市対抗戦,1,4967,中村 魁生,2,27,52,0,0,0.15,6.2,43.93,62.62,5.55,40.91,63.64,32,44,20.83,37.5
2025-07-22,4,10,2025-07-22 16:36:00,5,トランスワードトロフィー東京大阪福岡三都市対抗戦,2,4180,上野 秀和,3,42,56.7,0,0,0.19,4.28,25,37.5,4.13,6.67,33.33,23.08,46.15,29.63,48.15
2025-07-22,4,10,2025-07-22 16:36:00,5,トランスワードトロフィー東京大阪福岡三都市対抗戦,3,4906,鈴木 雅希,2,30,52.2,0,0,0.16,5.82,40,61.6,5.06,32.26,38.71,30.77,57.69,44.44,70.37
2025-07-22,4,10,2025-07-22 16:36:00,5,トランスワードトロフィー東京大阪福岡三都市対抗戦,4,5253,藤井 太雅,3,22,52,0,0,0.16,4.55,20.73,40.24,2.61,9.68,14.52,52,64,32,48
2025-07-22,4,10,2025-07-22 16:36:00,5,トランスワードトロフィー東京大阪福岡三都市対抗戦,5,5029,中 亮太,2,28,52.6,0,0,0.15,6.13,50.86,62.93,4,20,40,38.46,46.15,51.85,59.26
2025-07-22,4,10,2025-07-22 16:36:00,5,トランスワードトロフィー東京大阪福岡三都市対抗戦,6,4311,岡村 仁,1,41,54,0,0,0.17,6.53,50,72.37,7.88,75,87.5,43.33,53.33,36,64
2025-07-22,4,11,2025-07-22 17:08:00,5,トランスワードトロフィー東京大阪福岡三都市対抗戦,1,3940,飯山 泰,1,47,51.5,0,0,0.15,6.4,45.19,62.96,6.18,38.6,57.89,38.46,46.15,45.71,71.43
2025-07-22,4,11,2025-07-22 17:08:00,5,トランスワードトロフィー東京大阪福岡三都市対抗戦,2,2878,富山 弘幸,3,67,53.7,0,0,0.18,5.25,27.05,51.64,6.11,37.04,62.96,23.08,42.31,39.39,66.67
2025-07-22,4,11,2025-07-22 17:08:00,5,トランスワードトロフィー東京大阪福岡三都市対抗戦,3,4330,奈須 啓太,2,41,52,0,0,0.12,6.06,41.9,58.1,7.71,52.94,70.59,42.31,69.23,35.71,60.71
2025-07-22,4,11,2025-07-22 17:08:00,5,トランスワードトロフィー東京大阪福岡三都市対抗戦,4,3872,岡田 憲行,2,49,53.2,0,0,0.21,5.93,36.11,64.81,4.57,28.57,42.86,27.59,34.48,32,56
2025-07-22,4,11,2025-07-22 17:08:00,5,トランスワードトロフィー東京大阪福岡三都市対抗戦,5,4393,田中 孝明,3,39,57.6,0,0,0.2,4.5,22.34,45.74,0,0,0,46.15,61.54,38.46,53.85
2025-07-22,4,11,2025-07-22 17:08:00,5,トランスワードトロフィー東京大阪福岡三都市対抗戦,6,5135,仲 航太,2,25,52.6,0,0,0.15,5.52,35.24,56.19,5.55,36.59,56.1,30.77,53.85,52.38,66.67
2025-07-22,4,12,2025-07-22 17:40:00,5,トランスワードトロフィー東京大阪福岡三都市対抗戦,1,4397,西村 拓也,1,38,52.3,0,0,0.13,7.15,51.05,69.23,6.5,50,55.56,32.14,46.43,30.77,46.15
2025-07-22,4,12,2025-07-22 17:40:00,5,トランスワードトロフィー東京大阪福岡三都市対抗戦,2,4406,幸野 史明,3,40,52,0,0,0.16,4.31,21.93,38.6,4.89,33.33,44.44,21.74,34.78,37.14,65.71
2025-07-22,4,12,2025-07-22 17:40:00,5,トランスワードトロフィー東京大阪福岡三都市対抗戦,3,5190,大月 遊雅,3,24,52,0,0,0.22,3.7,18.75,28.13,3.31,15.63,31.25,37.5,56.25,52,64
2025-07-22,4,12,2025-07-22 17:40:00,5,トランスワードトロフィー東京大阪福岡三都市対抗戦,4,4424,松尾 昂明,2,40,52,0,0,0.16,6.01,41.82,60,6.3,51.52,60.61,44.44,59.26,0,4.35
2025-07-22,4,12,2025-07-22 17:40:00,5,トランスワードトロフィー東京大阪福岡三都市対抗戦,5,3915,繁野谷 圭介,2,51,52,0,0,0.18,5.49,34.17,55.83,5.76,48,56,21.43,46.43,42.31,53.85
2025-07-22,4,12,2025-07-22 17:40:00,5,トランスワードトロフィー東京大阪福岡三都市対抗戦,6,4598,加藤 政彦,1,41,52.4,0,0,0.16,6.23,44.25,62.83,6.53,51.16,69.77,33.33,66.67,39.39,51.52
2025-07-22,6,1,2025-07-22 11:33:00,5,デイリースポーツ杯,1,4327,加藤 翔,3,42,52.1,0,0,0.2,4.09,20.62,34.02,5.31,37.63,51.61,26.79,48.21,35.8,53.41
2025-07-22,6,1,2025-07-22 11:33:00,5,デイリースポーツ杯,2,3643,米田 隆弘,3,53,53.2,0,0,0.17,5.46,35.61,52.27,4,9.09,27.27,47.14,62.86,34.09,53.41
2025-07-22,6,1,2025-07-22 11:33:00,5,デイリースポーツ杯,3,5131,江藤 敦宏,3,26,52,0,0,0.18,3.78,13.43,26.87,2.56,0,11.11,16,32,34.71,48.82
2025-07-22,6,1,2025-07-22 11:33:00,5,デイリースポーツ杯,4,5169,堀本 翔太,4,24,49,0,0,,3.73,20,30,3.43,14.29,28.57,35.59,47.46,38.29,62.86
2025-07-22,6,1,2025-07-22 11:33:00,5,デイリースポーツ杯,5,5211,高井 駿弥,3,26,50,0,0,0.17,4.07,20,30,3.27,15.38,19.23,42.62,55.74,34.66,50
2025-07-22,6,1,2025-07-22 11:33:00,5,デイリースポーツ杯,6,5378,鈴木 結平太,4,21,51,1,0,0.21,1.39,0,1.79,1.88,0,5.88,29.03,32.26,23.26,38.76
2025-07-22,6,2,2025-07-22 12:02:00,5,デイリースポーツ杯,1,3911,鈴木 猛,3,51,52.7,0,0,0.17,5.42,34.02,53.61,5.38,28.57,57.14,47.06,73.53,42.44,60.47
2025-07-22,6,2,2025-07-22 12:02:00,5,デイリースポーツ杯,2,5242,高山 弘斗,3,24,53.7,0,0,0.2,3.47,14.58,30.21,0,0,0,31.03,44.83,32.92,53.42
2025-07-22,6,2,2025-07-22 12:02:00,5,デイリースポーツ杯,3,3463,乙津 康志,3,57,52,1,0,0.2,5,28.57,51.65,3.75,12.5,20.83,31.48,35.19,31.74,49.7
2025-07-22,6,2,2025-07-22 12:02:00,5,デイリースポーツ杯,4,4431,石塚 裕介,3,39,52,0,0,0.16,5.08,21.65,51.55,7,60,76.67,28.07,36.84,35.5,55.03
2025-07-22,6,2,2025-07-22 12:02:00,5,デイリースポーツ杯,5,4150,山田 雄太,2,43,56.9,0,0,0.13,5.15,31.48,55.56,6.19,44.35,61.29,28.89,44.44,31.21,43.35
2025-07-22,6,2,2025-07-22 12:02:00,5,デイリースポーツ杯,6,5419,櫻井 隼,4,19,52.6,0,0,,1.41,0,0,0,0,0,18.18,22.73,37.5,52.84
2025-07-22,6,3,2025-07-22 12:30:00,5,デイリースポーツ杯,1,4417,服部 剛,3,38,52.2,0,0,0.2,4.53,24.32,39.19,4.95,27.88,49.04,22.92,35.42,34.38,46.25
2025-07-22,6,3,2025-07-22 12:30:00,5,デイリースポーツ杯,2,3542,清水 紀克,3,56,55.2,0,0,0.18,4.07,24.71,37.65,4.61,27.78,38.89,39.66,56.9,35.59,54.24
2025-07-22,6,3,2025-07-22 12:30:00,5,デイリースポーツ杯,3,3826,村田 修次,2,52,52.1,1,0,0.16,6.08,40.59,64.36,6.69,53.85,74.36,5,17.5,31.43,47.43
2025-07-22,6,3,2025-07-22 12:30:00,5,デイリースポーツ杯,4,4440,萩原 知哉,3,38,53.2,0,0,0.17,4.38,19.63,34.58,5.35,35.48,48.39,18.97,43.1,31.98,54.65
2025-07-22,6,3,2025-07-22 12:30:00,5,デイリースポーツ杯,5,4252,松下 哲也,3,42,52,0,0,0.18,4.55,29.21,41.57,4.4,25.71,37.14,22.03,47.46,34.64,55.87
2025-07-22,6,3,2025-07-22 12:30:00,5,デイリースポーツ杯,6,4207,松下 一也,1,42,53,1,0,0.13,6.32,52.85,67.48,6.66,53.06,69.39,30.19,41.51,33.53,48.55
2025-07-22,6,4,2025-07-22 12:57:00,5,デイリースポーツ杯,1,4114,深澤 達徳,2,44,52,1,0,0.17,5.73,34.82,59.82,7.06,52.94,70.59,22.22,27.78,38.89,56.17
2025-07-22,6,4,2025-07-22 12:57:00,5,デイリースポーツ杯,2,4031,飯島 誠,3,46,52.8,0,0,0.19,4.32,20,38.82,3.49,14.29,25.71,27.27,61.36,37.35,51.81
2025-07-22,6,4,2025-07-22 12:57:00,5,デイリースポーツ杯,3,4633,森 智也,3,36,51.5,0,0,0.16,5.25,31.33,49.4,4.17,0,33.33,22.45,48.98,37.36,55.17
2025-07-22,6,4,2025-07-22 12:57:00,5,デイリースポーツ杯,4,5240,高橋 龍治,3,25,54.9,1,0,0.17,3.41,14.1,24.36,0,0,0,48.33,58.33,32.95,48.55
2025-07-22,6,4,2025-07-22 12:57:00,5,デイリースポーツ杯,5,3718,伊達 正利,3,50,54,0,0,0.19,4.24,21.43,34.69,4.1,21.98,37.36,38.6,61.4,31.79,52.6
2025-07-22,6,4,2025-07-22 12:57:00,5,デイリースポーツ杯,6,5405,竹内 来,4,21,52,0,0,,1.06,0,0,0,0,0,27.91,41.86,36.87,50.28
2025-07-22,6,5,2025-07-22 13:27:00,5,デイリースポーツ杯,1,3880,浅見 宗孝,3,52,54.9,0,0,0.2,4.33,23.76,39.6,3.78,11.11,33.33,33.93,53.57,36.57,51.43
2025-07-22,6,5,2025-07-22 13:27:00,5,デイリースポーツ杯,2,4332,村上 彰一,3,41,54.3,0,0,0.18,4.31,19.44,41.67,0,0,0,42.62,50.82,35.75,53.63
2025-07-22,6,5,2025-07-22 13:27:00,5,デイリースポーツ杯,3,4466,南 佑典,2,38,51,0,0,0.18,5.81,38,61,5.58,35.48,64.52,22.45,46.94,30.77,47.93
2025-07-22,6,5,2025-07-22 13:27:00,5,デイリースポーツ杯,4,3708,岡部 貴司,3,51,53.5,0,0,0.16,5.17,31.43,49.52,4.56,20,48,23.53,39.22,36.99,49.71
2025-07-22,6,5,2025-07-22 13:27:00,5,デイリースポーツ杯,5,5378,鈴木 結平太,4,21,51,1,0,0.21,1.39,0,1.79,1.88,0,5.88,29.03,32.26,23.26,38.76
2025-07-22,6,5,2025-07-22 13:27:00,5,デイリースポーツ杯,6,4877,鈴谷 一平,1,30,55.4,0,0,0.14,6.72,55.17,71.55,0,0,0,11.63,23.26,36.78,50.57
2025-07-22,6,6,2025-07-22 14:01:00,5,デイリースポーツ杯,1,4431,石塚 裕介,3,39,52,0,0,0.16,5.08,21.65,51.55,7,60,76.67,28.07,36.84,35.5,55.03
2025-07-22,6,6,2025-07-22 14:01:00,5,デイリースポーツ杯,2,5211,高井 駿弥,3,26,50,0,0,0.17,4.07,20,30,3.27,15.38,19.23,42.62,55.74,34.66,50
2025-07-22,6,6,2025-07-22 14:01:00,5,デイリースポーツ杯,3,4740,齋藤 達希,3,33,52,0,0,0.2,4.15,20.75,35.85,4.3,23.91,34.78,49.23,63.08,30.57,47.77
2025-07-22,6,6,2025-07-22 14:01:00,5,デイリースポーツ杯,4,4116,川田 正人,2,44,50.5,0,0,0.18,5.29,33.33,53.54,0,0,0,34.92,50.79,40,58.86
2025-07-22,6,6,2025-07-22 14:01:00,5,デイリースポーツ杯,5,4109,谷津 幸宏,1,45,52.1,0,0,0.12,6.81,50.85,68.64,6.33,44.44,55.56,47.37,68.42,31.48,51.85
2025-07-22,6,6,2025-07-22 14:01:00,5,デイリースポーツ杯,6,5383,中村 楓,4,20,53.2,1,0,0.21,1.36,2.13,2.13,0,0,0,31.58,54.39,36.09,50.89
2025-07-22,6,7,2025-07-22 14:34:00,5,デイリースポーツ杯,1,3454,井川 大作,3,54,56.1,0,0,0.16,4.3,21.84,40.23,5.08,33.33,54.17,26.42,41.51,40.7,58.14
2025-07-22,6,7,2025-07-22 14:34:00,5,デイリースポーツ杯,2,5169,堀本 翔太,4,24,49,0,0,,3.73,20,30,3.43,14.29,28.57,35.59,47.46,38.29,62.86
2025-07-22,6,7,2025-07-22 14:34:00,5,デイリースポーツ杯,3,4417,服部 剛,3,38,52.2,0,0,0.2,4.53,24.32,39.19,4.95,27.88,49.04,22.92,35.42,34.38,46.25
2025-07-22,6,7,2025-07-22 14:34:00,5,デイリースポーツ杯,4,4496,内堀 学,1,38,52.3,0,0,0.18,5.79,43.4,60.38,6.43,45.95,64.86,27.27,40,33.93,48.21
2025-07-22,6,7,2025-07-22 14:34:00,5,デイリースポーツ杯,5,3463,乙津 康志,3,57,52,1,0,0.2,5,28.57,51.65,3.75,12.5,20.83,31.48,35.19,31.74,49.7
2025-07-22,6,7,2025-07-22 14:34:00,5,デイリースポーツ杯,6,4989,石原 翼,2,28,52,1,0,0.15,6.45,54.26,67.02,6.01,44.25,63.72,50,67.19,41.24,61.02
2025-07-22,6,8,2025-07-22 15:01:00,5,デイリースポーツ杯,1,3826,村田 修次,2,52,52.1,1,0,0.16,6.08,40.59,64.36,6.69,53.85,74.36,5,17.5,31.43,47.43
2025-07-22,6,8,2025-07-22 15:01:00,5,デイリースポーツ杯,2,4252,松下 哲也,3,42,52,0,0,0.18,4.55,29.21,41.57,4.4,25.71,37.14,22.03,47.46,34.64,55.87
2025-07-22,6,8,2025-07-22 15:01:00,5,デイリースポーツ杯,3,4327,加藤 翔,3,42,52.1,0,0,0.2,4.09,20.62,34.02,5.31,37.63,51.61,26.79,48.21,35.8,53.41
2025-07-22,6,8,2025-07-22 15:01:00,5,デイリースポーツ杯,4,4114,深澤 達徳,2,44,52,1,0,0.17,5.73,34.82,59.82,7.06,52.94,70.59,22.22,27.78,38.89,56.17
2025-07-22,6,8,2025-07-22 15:01:00,5,デイリースポーツ杯,5,5419,櫻井 隼,4,19,52.6,0,0,,1.41,0,0,0,0,0,18.18,22.73,37.5,52.84
2025-07-22,6,8,2025-07-22 15:01:00,5,デイリースポーツ杯,6,5240,高橋 龍治,3,25,54.9,1,0,0.17,3.41,14.1,24.36,0,0,0,48.33,58.33,32.95,48.55
2025-07-22,6,9,2025-07-22 15:37:00,5,デイリースポーツ杯,1,3708,岡部 貴司,3,51,53.5,0,0,0.16,5.17,31.43,49.52,4.56,20,48,23.53,39.22,36.99,49.71
2025-07-22,6,9,2025-07-22 15:37:00,5,デイリースポーツ杯,2,3718,伊達 正利,3,50,54,0,0,0.19,4.24,21.43,34.69,4.1,21.98,37.36,38.6,61.4,31.79,52.6
2025-07-22,6,9,2025-07-22 15:37:00,5,デイリースポーツ杯,3,4440,萩原 知哉,3,38,53.2,0,0,0.17,4.38,19.63,34.58,5.35,35.48,48.39,18.97,43.1,31.98,54.65
2025-07-22,6,9,2025-07-22 15:37:00,5,デイリースポーツ杯,4,4466,南 佑典,2,38,51,0,0,0.18,5.81,38,61,5.58,35.48,64.52,22.45,46.94,30.77,47.93
2025-07-22,6,9,2025-07-22 15:37:00,5,デイリースポーツ杯,5,5242,高山 弘斗,3,24,53.7,0,0,0.2,3.47,14.58,30.21,0,0,0,31.03,44.83,32.92,53.42
2025-07-22,6,9,2025-07-22 15:37:00,5,デイリースポーツ杯,6,5131,江藤 敦宏,3,26,52,0,0,0.18,3.78,13.43,26.87,2.56,0,11.11,16,32,34.71,48.82
2025-07-22,6,10,2025-07-22 16:08:00,5,デイリースポーツ杯,1,4877,鈴谷 一平,1,30,55.4,0,0,0.14,6.72,55.17,71.55,0,0,0,11.63,23.26,36.78,50.57
2025-07-22,6,10,2025-07-22 16:08:00,5,デイリースポーツ杯,2,4109,谷津 幸宏,1,45,52.1,0,0,0.12,6.81,50.85,68.64,6.33,44.44,55.56,47.37,68.42,31.48,51.85
2025-07-22,6,10,2025-07-22 16:08:00,5,デイリースポーツ杯,3,4116,川田 正人,2,44,50.5,0,0,0.18,5.29,33.33,53.54,0,0,0,34.92,50.79,40,58.86
2025-07-22,6,10,2025-07-22 16:08:00,5,デイリースポーツ杯,4,4633,森 智也,3,36,51.5,0,0,0.16,5.25,31.33,49.4,4.17,0,33.33,22.45,48.98,37.36,55.17
2025-07-22,6,10,2025-07-22 16:08:00,5,デイリースポーツ杯,5,3911,鈴木 猛,3,51,52.7,0,0,0.17,5.42,34.02,53.61,5.38,28.57,57.14,47.06,73.53,42.44,60.47
2025-07-22,6,10,2025-07-22 16:08:00,5,デイリースポーツ杯,6,3542,清水 紀克,3,56,55.2,0,0,0.18,4.07,24.71,37.65,4.61,27.78,38.89,39.66,56.9,35.59,54.24
2025-07-22,6,11,2025-07-22 16:35:00,5,デイリースポーツ杯,1,4207,松下 一也,1,42,53,1,0,0.13,6.32,52.85,67.48,6.66,53.06,69.39,30.19,41.51,33.53,48.55
2025-07-22,6,11,2025-07-22 16:35:00,5,デイリースポーツ杯,2,4150,山田 雄太,2,43,56.9,0,0,0.13,5.15,31.48,55.56,6.19,44.35,61.29,28.89,44.44,31.21,43.35
2025-07-22,6,11,2025-07-22 16:35:00,5,デイリースポーツ杯,3,4496,内堀 学,1,38,52.3,0,0,0.18,5.79,43.4,60.38,6.43,45.95,64.86,27.27,40,33.93,48.21
2025-07-22,6,11,2025-07-22 16:35:00,5,デイリースポーツ杯,4,4332,村上 彰一,3,41,54.3,0,0,0.18,4.31,19.44,41.67,0,0,0,42.62,50.82,35.75,53.63
2025-07-22,6,11,2025-07-22 16:35:00,5,デイリースポーツ杯,5,4031,飯島 誠,3,46,52.8,0,0,0.19,4.32,20,38.82,3.49,14.29,25.71,27.27,61.36,37.35,51.81
2025-07-22,6,11,2025-07-22 16:35:00,5,デイリースポーツ杯,6,3454,井川 大作,3,54,56.1,0,0,0.16,4.3,21.84,40.23,5.08,33.33,54.17,26.42,41.51,40.7,58.14
2025-07-22,6,12,2025-07-22 17:06:00,5,デイリースポーツ杯,1,4363,大野 芳顕,2,40,52.3,0,0,0.16,5.66,35.88,55.73,0,0,0,41.07,66.07,38.42,53.67
2025-07-22,6,12,2025-07-22 17:06:00,5,デイリースポーツ杯,2,3743,林 美憲,1,50,52.1,0,0,0.15,6.73,47.52,70.3,8.9,80,100,47.06,69.12,33.33,53.11
2025-07-22,6,12,2025-07-22 17:06:00,5,デイリースポーツ杯,3,5068,前田 滉,1,25,52,0,0,0.15,6.85,51.64,68.85,7.9,60,80,37.5,54.17,27.22,44.3
2025-07-22,6,12,2025-07-22 17:06:00,5,デイリースポーツ杯,4,4297,山田 哲也,1,42,52.1,1,0,0.1,6.39,45.33,62.67,5.6,33.33,33.33,49.15,64.41,37.28,56.21
2025-07-22,6,12,2025-07-22 17:06:00,5,デイリースポーツ杯,5,4356,長岡 良也,1,41,52,0,0,0.16,6.47,46.94,70.41,6.5,50,62.5,15.09,30.19,38.29,53.71
2025-07-22,6,12,2025-07-22 17:06:00,5,デイリースポーツ杯,6,4122,安東 幸治,2,43,56,0,0,0.18,5.58,38.53,56.88,6.17,44.44,61.11,48.39,67.74,36.78,47.7
2025-07-22,7,1,2025-07-22 15:17:00,5,ルーキーシリーズ第12戦 スカパー!・JLC杯,1,5302,秋末 秦悟,4,22,52,0,0,0.29,1.84,2.22,6.67,1.5,0,0,0,0,0,0
2025-07-22,7,1,2025-07-22 15:17:00,5,ルーキーシリーズ第12戦 スカパー!・JLC杯,2,5232,樅山 拓馬,3,27,51.5,0,0,0.13,4.98,29.91,51.28,3.83,18.09,30.85,0,0,0,0
2025-07-22,7,1,2025-07-22 15:17:00,5,ルーキーシリーズ第12戦 スカパー!・JLC杯,3,5150,坂本 雄紀,2,30,51.5,0,0,0.15,5.73,37.84,60.36,7.33,50,66.67,0,0,0,0
2025-07-22,7,1,2025-07-22 15:17:00,5,ルーキーシリーズ第12戦 スカパー!・JLC杯,4,5345,牧村 俊輝,4,22,53,0,0,0.23,1.89,2.17,5.43,1.96,0,7.69,0,0,0,0
2025-07-22,7,1,2025-07-22 15:17:00,5,ルーキーシリーズ第12戦 スカパー!・JLC杯,5,5338,香月 大輝,3,24,52,0,0,0.16,2.75,8.33,17.86,0,0,0,0,0,0,0
2025-07-22,7,1,2025-07-22 15:17:00,5,ルーキーシリーズ第12戦 スカパー!・JLC杯,6,5292,佐藤 右京,3,23,54.7,0,0,0.21,2.98,9.88,18.52,1.43,0,0,0,0,0,0
2025-07-22,7,2,2025-07-22 15:41:00,5,ルーキーシリーズ第12戦 スカパー!・JLC杯,1,5130,上野 拓馬,3,27,52.7,0,0,0.18,3.69,15.38,28.85,4.06,16.67,38.89,0,0,0,0
2025-07-22,7,2,2025-07-22 15:41:00,5,ルーキーシリーズ第12戦 スカパー!・JLC杯,2,5082,一色 凌雅,3,26,56.6,0,0,0.19,4.86,31.68,48.51,4.52,23.97,42.15,0,0,0,0
2025-07-22,7,2,2025-07-22 15:41:00,5,ルーキーシリーズ第12戦 スカパー!・JLC杯,3,5076,石原 光,3,29,53,0,0,0.18,4.73,22.92,38.54,3.16,8,20,0,0,0,0
2025-07-22,7,2,2025-07-22 15:41:00,5,ルーキーシリーズ第12戦 スカパー!・JLC杯,4,4980,佐々木 完太,1,29,52,0,0,0.15,6.58,46.85,66.67,3.11,11.11,11.11,0,0,0,0
2025-07-22,7,2,2025-07-22 15:41:00,5,ルーキーシリーズ第12戦 スカパー!・JLC杯,5,5352,西岡 蒼志,3,20,53.7,0,0,0.18,3.33,2.9,18.84,0,0,0,0,0,0,0
2025-07-22,7,2,2025-07-22 15:41:00,5,ルーキーシリーズ第12戦 スカパー!・JLC杯,6,5319,近藤 颯斗,3,24,52,0,0,0.17,4.23,22.94,37.61,2.1,6.45,9.68,0,0,0,0
2025-07-22,7,3,2025-07-22 16:06:00,5,ルーキーシリーズ第12戦 スカパー!・JLC杯,1,5246,楠 将太郎,3,23,52,1,0,0.18,4.47,21.84,44.83,0,0,0,0,0,0,0
2025-07-22,7,3,2025-07-22 16:06:00,5,ルーキーシリーズ第12戦 スカパー!・JLC杯,2,5139,大場 恒季,3,25,52,0,0,0.19,6.39,44.09,66.67,4.57,26.26,43.43,0,0,0,0
2025-07-22,7,3,2025-07-22 16:06:00,5,ルーキーシリーズ第12戦 スカパー!・JLC杯,3,5058,前原 大道,1,28,52,0,0,0.15,7.05,51.97,75.59,5.89,40.74,62.96,0,0,0,0
2025-07-22,7,3,2025-07-22 16:06:00,5,ルーキーシリーズ第12戦 スカパー!・JLC杯,4,5337,出畑 孝成,3,19,52.9,0,0,0.17,3.21,10.39,19.48,0,0,0,0,0,0,0
2025-07-22,7,3,2025-07-22 16:06:00,5,ルーキーシリーズ第12戦 スカパー!・JLC杯,5,5229,吉川 晴人,2,22,54.2,0,0,0.16,5.98,41.73,57.48,5.39,38.89,44.44,0,0,0,0
2025-07-22,7,3,2025-07-22 16:06:00,5,ルーキーシリーズ第12戦 スカパー!・JLC杯,6,5364,金子 怜央,4,25,52.7,1,0,0.2,1.37,0,2.94,1.17,0,0,0,0,0,0
2025-07-22,7,4,2025-07-22 16:32:00,5,ルーキーシリーズ第12戦 スカパー!・JLC杯,1,5157,市川 健太,3,27,53,0,0,0.17,5.05,31.25,48.75,3.86,28.57,28.57,0,0,0,0
2025-07-22,7,4,2025-07-22 16:32:00,5,ルーキーシリーズ第12戦 スカパー!・JLC杯,2,5256,中山 翔太,2,21,52,0,0,0.16,6.34,47.78,70,5.76,42.86,52.38,0,0,0,0
2025-07-22,7,4,2025-07-22 16:32:00,5,ルーキーシリーズ第12戦 スカパー!・JLC杯,3,5142,常住 蓮,1,24,50.5,0,0,0.13,7.15,54.41,71.32,0,0,0,0,0,0,0
2025-07-22,7,4,2025-07-22 16:32:00,5,ルーキーシリーズ第12戦 スカパー!・JLC杯,4,5301,岩下 巧斗,3,22,52,0,0,0.18,3.41,9.43,26.42,2.33,0,0,0,0,0,0
2025-07-22,7,4,2025-07-22 16:32:00,5,ルーキーシリーズ第12戦 スカパー!・JLC杯,5,5307,富永 夏哉人,3,21,50.5,1,0,0.18,4.12,17.2,36.56,0,0,0,0,0,0,0
2025-07-22,7,4,2025-07-22 16:32:00,5,ルーキーシリーズ第12戦 スカパー!・JLC杯,6,5098,大江 純,3,29,52,0,0,0.16,4.87,24.47,44.68,5.15,31.25,47.92,0,0,0,0
2025-07-22,7,5,2025-07-22 17:01:00,5,ルーキーシリーズ第12戦 スカパー!・JLC杯,1,5070,中島 航,3,31,52,0,0,0.18,4.39,19.05,41.67,4.06,22.22,33.33,0,0,0,0
2025-07-22,7,5,2025-07-22 17:01:00,5,ルーキーシリーズ第12戦 スカパー!・JLC杯,2,4910,中村 泰平,1,29,51.5,0,0,0.18,6.56,44.87,70.51,6.81,52.33,75.58,0,0,0,0
2025-07-22,7,5,2025-07-22 17:01:00,5,ルーキーシリーズ第12戦 スカパー!・JLC杯,3,5102,原田 雄次,2,27,52,0,0,0.21,5,24.05,54.43,3.84,15.79,36.84,0,0,0,0
2025-07-22,7,5,2025-07-22 17:01:00,5,ルーキーシリーズ第12戦 スカパー!・JLC杯,4,5206,梅原 祥平,3,27,52.2,0,0,0.13,5,28.69,49.18,4,20,30,0,0,0,0
2025-07-22,7,5,2025-07-22 17:01:00,5,ルーキーシリーズ第12戦 スカパー!・JLC杯,5,5292,佐藤 右京,3,23,54.7,0,0,0.21,2.98,9.88,18.52,1.43,0,0,0,0,0,0
2025-07-22,7,5,2025-07-22 17:01:00,5,ルーキーシリーズ第12戦 スカパー!・JLC杯,6,5332,村松 遥輝,3,21,52,0,0,0.16,3.3,13.45,23.53,1.5,0,0,0,0,0,0
2025-07-22,7,6,2025-07-22 17:29:00,5,ルーキーシリーズ第12戦 スカパー!・JLC杯,1,5112,砂長 知輝,1,25,52,0,0,0.16,6.88,52.21,72.79,0,0,0,0,0,0,0
2025-07-22,7,6,2025-07-22 17:29:00,5,ルーキーシリーズ第12戦 スカパー!・JLC杯,2,5289,佃 來紀,3,24,52.2,0,0,0.18,4.48,22.95,40.98,3.95,18.92,35.14,0,0,0,0
2025-07-22,7,6,2025-07-22 17:29:00,5,ルーキーシリーズ第12戦 スカパー!・JLC杯,3,5093,浦野 海,2,23,52.1,0,0,0.17,5.74,30.43,55.43,0,0,0,0,0,0,0
2025-07-22,7,6,2025-07-22 17:29:00,5,ルーキーシリーズ第12戦 スカパー!・JLC杯,4,5352,西岡 蒼志,3,20,53.7,0,0,0.18,3.33,2.9,18.84,0,0,0,0,0,0,0
2025-07-22,7,6,2025-07-22 17:29:00,5,ルーキーシリーズ第12戦 スカパー!・JLC杯,5,5106,山崎 祥,3,26,51,0,0,0.21,4.32,20.83,40.63,2.13,0,0,0,0,0,0
2025-07-22,7,6,2025-07-22 17:29:00,5,ルーキーシリーズ第12戦 スカパー!・JLC杯,6,5318,河内 一馬,3,24,53.9,1,0,0.19,2.48,2.94,11.76,2.38,2.56,10.26,0,0,0,0
2025-07-22,7,7,2025-07-22 17:57:00,5,ルーキーシリーズ第12戦 スカパー!・JLC杯,1,5089,前田 翔,1,25,52,0,0,0.16,6.28,44.32,64.77,6.93,54.55,76.36,0,0,0,0
2025-07-22,7,7,2025-07-22 17:57:00,5,ルーキーシリーズ第12戦 スカパー!・JLC杯,2,5074,大澤 誠也,3,29,55.6,0,0,0.18,4.52,20.49,40.16,4,19.05,23.81,0,0,0,0
2025-07-22,7,7,2025-07-22 17:57:00,5,ルーキーシリーズ第12戦 スカパー!・JLC杯,3,5130,上野 拓馬,3,27,52.7,0,0,0.18,3.69,15.38,28.85,4.06,16.67,38.89,0,0,0,0
2025-07-22,7,7,2025-07-22 17:57:00,5,ルーキーシリーズ第12戦 スカパー!・JLC杯,4,5216,長谷川 晴哉,2,25,52,0,0,0.16,5.85,42.72,60.19,5.43,40,43.33,0,0,0,0
2025-07-22,7,7,2025-07-22 17:57:00,5,ルーキーシリーズ第12戦 スカパー!・JLC杯,5,5328,井上 慧人,3,21,54.5,0,0,0.18,3.37,11.24,24.72,0,0,0,0,0,0,0
2025-07-22,7,7,2025-07-22 17:57:00,5,ルーキーシリーズ第12戦 スカパー!・JLC杯,6,5282,中本 大樹,3,22,52.8,0,0,0.19,4.29,22.83,33.7,3.13,12.5,25,0,0,0,0
2025-07-22,7,8,2025-07-22 18:25:00,5,ルーキーシリーズ第12戦 スカパー!・JLC杯,1,5197,中野 仁照,1,23,52,0,0,0.12,6.34,46.96,63.48,7.04,60,76,0,0,0,0
2025-07-22,7,8,2025-07-22 18:25:00,5,ルーキーシリーズ第12戦 スカパー!・JLC杯,2,5073,上原 健次郎,3,29,52.2,0,0,0.18,5.52,32.67,59.41,5,10,50,0,0,0,0
2025-07-22,7,8,2025-07-22 18:25:00,5,ルーキーシリーズ第12戦 スカパー!・JLC杯,3,5229,吉川 晴人,2,22,54.2,0,0,0.16,5.98,41.73,57.48,5.39,38.89,44.44,0,0,0,0
2025-07-22,7,8,2025-07-22 18:25:00,5,ルーキーシリーズ第12戦 スカパー!・JLC杯,4,5385,鈴木 柊介,4,20,54,0,0,0.19,1.79,1.28,2.56,1.38,0,0,0,0,0,0
2025-07-22,7,8,2025-07-22 18:25:00,5,ルーキーシリーズ第12戦 スカパー!・JLC杯,5,5302,秋末 秦悟,4,22,52,0,0,0.29,1.84,2.22,6.67,1.5,0,0,0,0,0,0
2025-07-22,7,8,2025-07-22 18:25:00,5,ルーキーシリーズ第12戦 スカパー!・JLC杯,6,5307,富永 夏哉人,3,21,50.5,1,0,0.18,4.12,17.2,36.56,0,0,0,0,0,0,0
2025-07-22,7,9,2025-07-22 18:54:00,5,ルーキーシリーズ第12戦 スカパー!・JLC杯,1,5081,篠原 飛翔,2,26,52,0,0,0.19,5.56,34.31,57.84,4.57,9.52,42.86,0,0,0,0
2025-07-22,7,9,2025-07-22 18:54:00,5,ルーキーシリーズ第12戦 スカパー!・JLC杯,2,5206,梅原 祥平,3,27,52.2,0,0,0.13,5,28.69,49.18,4,20,30,0,0,0,0
2025-07-22,7,9,2025-07-22 18:54:00,5,ルーキーシリーズ第12戦 スカパー!・JLC杯,3,5136,濱野 斗馬,1,25,52.5,1,0,0.14,6.33,45.58,65.31,0,0,0,0,0,0,0
2025-07-22,7,9,2025-07-22 18:54:00,5,ルーキーシリーズ第12戦 スカパー!・JLC杯,4,5114,小林 孝彰,2,25,52.4,0,0,0.17,5.58,34.91,54.72,5.56,40.74,55.56,0,0,0,0
2025-07-22,7,9,2025-07-22 18:54:00,5,ルーキーシリーズ第12戦 スカパー!・JLC杯,5,5345,牧村 俊輝,4,22,53,0,0,0.23,1.89,2.17,5.43,1.96,0,7.69,0,0,0,0
2025-07-22,7,9,2025-07-22 18:54:00,5,ルーキーシリーズ第12戦 スカパー!・JLC杯,6,5301,岩下 巧斗,3,22,52,0,0,0.18,3.41,9.43,26.42,2.33,0,0,0,0,0,0
2025-07-22,7,10,2025-07-22 19:24:00,5,ルーキーシリーズ第12戦 スカパー!・JLC杯,1,5142,常住 蓮,1,24,50.5,0,0,0.13,7.15,54.41,71.32,0,0,0,0,0,0,0
2025-07-22,7,10,2025-07-22 19:24:00,5,ルーキーシリーズ第12戦 スカパー!・JLC杯,2,5332,村松 遥輝,3,21,52,0,0,0.16,3.3,13.45,23.53,1.5,0,0,0,0,0,0
2025-07-22,7,10,2025-07-22 19:24:00,5,ルーキーシリーズ第12戦 スカパー!・JLC杯,3,5082,一色 凌雅,3,26,56.6,0,0,0.19,4.86,31.68,48.51,4.52,23.97,42.15,0,0,0,0
2025-07-22,7,10,2025-07-22 19:24:00,5,ルーキーシリーズ第12戦 スカパー!・JLC杯,4,5112,砂長 知輝,1,25,52,0,0,0.16,6.88,52.21,72.79,0,0,0,0,0,0,0
2025-07-22,7,10,2025-07-22 19:24:00,5,ルーキーシリーズ第12戦 スカパー!・JLC杯,5,5150,坂本 雄紀,2,30,51.5,0,0,0.15,5.73,37.84,60.36,7.33,50,66.67,0,0,0,0
2025-07-22,7,10,2025-07-22 19:24:00,5,ルーキーシリーズ第12戦 スカパー!・JLC杯,6,5139,大場 恒季,3,25,52,0,0,0.19,6.39,44.09,66.67,4.57,26.26,43.43,0,0,0,0
2025-07-22,7,11,2025-07-22 19:57:00,5,ルーキーシリーズ第12戦 スカパー!・JLC杯,1,5058,前原 大道,1,28,52,0,0,0.15,7.05,51.97,75.59,5.89,40.74,62.96,0,0,0,0
2025-07-22,7,11,2025-07-22 19:57:00,5,ルーキーシリーズ第12戦 スカパー!・JLC杯,2,5102,原田 雄次,2,27,52,0,0,0.21,5,24.05,54.43,3.84,15.79,36.84,0,0,0,0
2025-07-22,7,11,2025-07-22 19:57:00,5,ルーキーシリーズ第12戦 スカパー!・JLC杯,3,5289,佃 來紀,3,24,52.2,0,0,0.18,4.48,22.95,40.98,3.95,18.92,35.14,0,0,0,0
2025-07-22,7,11,2025-07-22 19:57:00,5,ルーキーシリーズ第12戦 スカパー!・JLC杯,4,5256,中山 翔太,2,21,52,0,0,0.16,6.34,47.78,70,5.76,42.86,52.38,0,0,0,0
2025-07-22,7,11,2025-07-22 19:57:00,5,ルーキーシリーズ第12戦 スカパー!・JLC杯,5,5089,前田 翔,1,25,52,0,0,0.16,6.28,44.32,64.77,6.93,54.55,76.36,0,0,0,0
2025-07-22,7,11,2025-07-22 19:57:00,5,ルーキーシリーズ第12戦 スカパー!・JLC杯,6,5232,樅山 拓馬,3,27,51.5,0,0,0.13,4.98,29.91,51.28,3.83,18.09,30.85,0,0,0,0
2025-07-22,7,12,2025-07-22 20:30:00,5,ルーキーシリーズ第12戦 スカパー!・JLC杯,1,4910,中村 泰平,1,29,51.5,0,0,0.18,6.56,44.87,70.51,6.81,52.33,75.58,0,0,0,0
2025-07-22,7,12,2025-07-22 20:30:00,5,ルーキーシリーズ第12戦 スカパー!・JLC杯,2,5216,長谷川 晴哉,2,25,52,0,0,0.16,5.85,42.72,60.19,5.43,40,43.33,0,0,0,0
2025-07-22,7,12,2025-07-22 20:30:00,5,ルーキーシリーズ第12戦 スカパー!・JLC杯,3,5246,楠 将太郎,3,23,52,1,0,0.18,4.47,21.84,44.83,0,0,0,0,0,0,0
2025-07-22,7,12,2025-07-22 20:30:00,5,ルーキーシリーズ第12戦 スカパー!・JLC杯,4,5197,中野 仁照,1,23,52,0,0,0.12,6.34,46.96,63.48,7.04,60,76,0,0,0,0
2025-07-22,7,12,2025-07-22 20:30:00,5,ルーキーシリーズ第12戦 スカパー!・JLC杯,5,4980,佐々木 完太,1,29,52,0,0,0.15,6.58,46.85,66.67,3.11,11.11,11.11,0,0,0,0
2025-07-22,7,12,2025-07-22 20:30:00,5,ルーキーシリーズ第12戦 スカパー!・JLC杯,6,5093,浦野 海,2,23,52.1,0,0,0.17,5.74,30.43,55.43,0,0,0,0,0,0,0
2025-07-22,10,1,2025-07-22 08:32:00,5,夏盛り!!三国観光産業社長杯,1,5026,安河内 健,1,29,55.6,1,0,0.15,6.59,47.41,68.1,0,0,0,34.62,50,32.65,52.04
2025-07-22,10,1,2025-07-22 08:32:00,5,夏盛り!!三国観光産業社長杯,2,5187,小坂 風太,3,25,53,0,0,0.19,4.39,23.2,40,5.17,31.21,52.48,29.29,49.49,37.14,54.29
2025-07-22,10,1,2025-07-22 08:32:00,5,夏盛り!!三国観光産業社長杯,3,3761,山本 光雄,3,53,54.4,1,0,0.17,4.77,29.82,43.86,4.41,17.65,41.18,27.36,50,26.04,43.75
2025-07-22,10,1,2025-07-22 08:32:00,5,夏盛り!!三国観光産業社長杯,4,4394,永嶋 裕一,3,39,52.2,0,0,0.17,5.22,24.44,57.78,6.89,44.44,77.78,37.25,51.96,36.19,49.52
2025-07-22,10,1,2025-07-22 08:32:00,5,夏盛り!!三国観光産業社長杯,5,4054,福嶋 智之,3,47,52.7,0,0,0.17,4.61,27.78,40,3.39,9.68,16.13,40,58,27.17,42.39
2025-07-22,10,1,2025-07-22 08:32:00,5,夏盛り!!三国観光産業社長杯,6,4177,萬 正嗣,3,42,56.7,0,0,0.17,4.09,20.73,31.71,3.6,15,25,31.37,42.16,30.1,47.57
2025-07-22,10,2,2025-07-22 08:58:00,5,夏盛り!!三国観光産業社長杯,1,4210,松村 康太,2,42,52,0,0,0.19,5.58,32.08,58.49,6.55,46.67,68,38.04,60.87,26.47,46.08
2025-07-22,10,2,2025-07-22 08:58:00,5,夏盛り!!三国観光産業社長杯,2,4451,松崎 祐太郎,1,37,52.6,0,0,0.16,6.5,46.27,67.16,6,40,60,27.84,41.24,33.65,58.65
2025-07-22,10,2,2025-07-22 08:58:00,5,夏盛り!!三国観光産業社長杯,3,4229,市川 美宏,3,42,53.3,0,0,0.2,4.5,15.53,38.83,4.34,21.88,40.63,34.38,52.08,36.36,48.48
2025-07-22,10,2,2025-07-22 08:58:00,5,夏盛り!!三国観光産業社長杯,4,4270,岸本 雄貴,3,43,62,0,0,0.18,4.07,20.73,35.37,3.17,16.67,16.67,37.23,57.45,27.08,42.71
2025-07-22,10,2,2025-07-22 08:58:00,5,夏盛り!!三国観光産業社長杯,5,3482,金子 猛志,3,54,57.2,0,0,0.16,5.37,35,55,4.82,29.41,47.06,22.83,43.48,26.26,44.44
2025-07-22,10,2,2025-07-22 08:58:00,5,夏盛り!!三国観光産業社長杯,6,4182,吉田 和仁,3,41,55.4,1,0,0.16,4.53,22.11,38.95,0,0,0,32.65,50,22.77,39.6
2025-07-22,10,3,2025-07-22 09:24:00,5,夏盛り!!三国観光産業社長杯,1,4809,外崎 悟,2,36,52.2,0,0,0.16,6.23,47.44,62.82,5.41,37.04,55.56,32.04,51.46,34.02,58.76
2025-07-22,10,3,2025-07-22 09:24:00,5,夏盛り!!三国観光産業社長杯,2,5013,山下 夏鈴,3,28,44,1,0,0.16,4.7,27.35,42.74,3.61,16.67,27.78,28.13,43.75,28.57,47.62
2025-07-22,10,3,2025-07-22 09:24:00,5,夏盛り!!三国観光産業社長杯,3,4376,藤田 靖弘,2,41,52.5,0,0,0.17,5.65,37.17,54.87,5.67,38.46,48.72,31.63,47.96,24.74,38.14
2025-07-22,10,3,2025-07-22 09:24:00,5,夏盛り!!三国観光産業社長杯,4,4681,太田 潮,3,35,53.4,0,0,0.18,4,21.43,33.93,4.34,31.03,37.93,36.36,53.54,41.05,61.05
2025-07-22,10,3,2025-07-22 09:24:00,5,夏盛り!!三国観光産業社長杯,5,5234,塚越 海斗,3,26,52.3,0,0,0.18,5.4,38.24,50,4.13,12.5,50,30.3,46.46,33.33,49.46
2025-07-22,10,3,2025-07-22 09:24:00,5,夏盛り!!三国観光産業社長杯,6,5271,杉山 太陽,3,24,51.5,1,0,0.17,3.18,13.51,22.97,0,0,0,30.28,47.71,30.93,48.45
2025-07-22,10,4,2025-07-22 09:50:00,5,夏盛り!!三国観光産業社長杯,1,5205,刑部 亜里紗,2,28,47.2,1,0,0.17,5.61,40.24,51.22,6.57,51.35,62.16,29.17,42.71,34.65,53.47
2025-07-22,10,4,2025-07-22 09:50:00,5,夏盛り!!三国観光産業社長杯,2,4385,鈴木 祐美子,3,40,49.4,0,0,0.22,4.05,11.67,33.33,3.33,0,33.33,32,49,24.27,46.6
2025-07-22,10,4,2025-07-22 09:50:00,5,夏盛り!!三国観光産業社長杯,3,4473,藤堂 里香,2,37,46,1,0,0.15,6.16,51.35,64.86,5.9,44.44,61.11,38.78,58.16,29,50
2025-07-22,10,4,2025-07-22 09:50:00,5,夏盛り!!三国観光産業社長杯,4,3528,笠野 友紀恵,3,54,47.3,0,0,0.22,3.86,11.69,35.06,0,0,0,28.71,43.56,33.33,47.47
2025-07-22,10,4,2025-07-22 09:50:00,5,夏盛り!!三国観光産業社長杯,5,4994,山本 梨菜,2,27,46.5,0,0,0.19,6.04,38.32,63.55,6,38.1,61.9,27.84,47.42,30.3,47.47
2025-07-22,10,4,2025-07-22 09:50:00,5,夏盛り!!三国観光産業社長杯,6,5272,松田 真実,3,23,46.5,1,0,0.16,3.6,16.88,29.87,0,0,0,30.48,44.76,28,42
2025-07-22,10,5,2025-07-22 10:18:00,5,夏盛り!!三国観光産業社長杯,1,4952,吉武 真也,3,31,52.9,0,0,0.19,3.97,18.06,37.5,3.26,7.41,22.22,25.26,42.11,41.24,56.7
2025-07-22,10,5,2025-07-22 10:18:00,5,夏盛り!!三国観光産業社長杯,2,3930,岸本 隆,2,49,54.7,0,0,0.16,5.59,42.68,52.44,5.27,36.36,54.55,30.77,45.05,32.35,50
2025-07-22,10,5,2025-07-22 10:18:00,5,夏盛り!!三国観光産業社長杯,3,4375,照屋 厚仁,2,41,52.9,0,0,0.16,5.71,42.74,56.41,5.65,45,60,32,44,27.84,46.39
2025-07-22,10,5,2025-07-22 10:18:00,5,夏盛り!!三国観光産業社長杯,4,5006,久保原 秀人,3,28,54.5,0,0,0.16,4.73,30.34,41.57,3.95,20,32.5,39,61,31.31,46.46
2025-07-22,10,5,2025-07-22 10:18:00,5,夏盛り!!三国観光産業社長杯,5,4112,大久保 信一郎,3,45,52,0,0,0.19,5.06,25.37,56.72,0,0,0,39.81,58.25,24.04,37.5
2025-07-22,10,5,2025-07-22 10:18:00,5,夏盛り!!三国観光産業社長杯,6,3327,野長瀬 正孝,1,57,52,1,0,0.16,6.02,44,61,6.23,42.86,57.14,38.38,55.56,15.84,32.67
2025-07-22,10,6,2025-07-22 10:50:00,5,夏盛り!!三国観光産業社長杯,1,3268,森 竜也,3,60,53.3,0,0,0.19,4.61,27.27,48.48,5,27.78,50,29.81,48.08,33.01,48.54
2025-07-22,10,6,2025-07-22 10:50:00,5,夏盛り!!三国観光産業社長杯,2,5188,武井 莉里佳,2,24,45,0,0,0.19,5.21,29.76,47.62,3.33,16.67,16.67,39.25,47.66,37.5,53.13
2025-07-22,10,6,2025-07-22 10:50:00,5,夏盛り!!三国観光産業社長杯,3,4486,野村 誠,1,39,52.5,1,0,0.16,5.84,44.21,61.05,6.88,50,62.5,32.99,51.55,39.8,54.08
2025-07-22,10,6,2025-07-22 10:50:00,5,夏盛り!!三国観光産業社長杯,4,4089,妹尾 忠幸,2,44,55,0,0,0.16,5.97,38.46,64.34,6.7,50,70,25.93,37.96,38.78,52.04
2025-07-22,10,6,2025-07-22 10:50:00,5,夏盛り!!三国観光産業社長杯,5,3986,沖島 広和,3,47,55.7,0,0,0.17,4.97,29,48,0,0,0,29.17,43.75,35.42,51.04
2025-07-22,10,6,2025-07-22 10:50:00,5,夏盛り!!三国観光産業社長杯,6,5315,浅井 翼,3,24,49.5,0,0,0.17,2.69,12,18.67,0,0,0,28.16,41.75,27.55,42.86
2025-07-22,10,7,2025-07-22 11:19:00,5,夏盛り!!三国観光産業社長杯,1,3107,平岡 重典,3,61,52,0,0,0.19,4.8,20.27,44.59,4.73,15.38,38.46,33.01,47.57,35.71,52.04
2025-07-22,10,7,2025-07-22 11:19:00,5,夏盛り!!三国観光産業社長杯,2,4215,吉島 祥之,2,40,53.7,0,0,0.15,5.23,30.97,49.56,5.43,28.57,57.14,37,52,27.96,48.39
2025-07-22,10,7,2025-07-22 11:19:00,5,夏盛り!!三国観光産業社長杯,3,4177,萬 正嗣,3,42,56.7,0,0,0.17,4.09,20.73,31.71,3.6,15,25,31.37,42.16,30.1,47.57
2025-07-22,10,7,2025-07-22 11:19:00,5,夏盛り!!三国観光産業社長杯,4,5217,藤原 碧生,1,25,52.5,1,0,0.15,7.1,51.38,77.06,5.77,40,53.33,30,42.73,31.25,40.63
2025-07-22,10,7,2025-07-22 11:19:00,5,夏盛り!!三国観光産業社長杯,5,4229,市川 美宏,3,42,53.3,0,0,0.2,4.5,15.53,38.83,4.34,21.88,40.63,34.38,52.08,36.36,48.48
2025-07-22,10,7,2025-07-22 11:19:00,5,夏盛り!!三国観光産業社長杯,6,5008,羽野 諒,3,28,53,0,0,0.14,4.97,24.3,41.12,4.4,15,40,27.55,36.73,31.87,54.95
2025-07-22,10,8,2025-07-22 11:51:00,5,夏盛り!!三国観光産業社長杯,1,4864,小川 日紀太,3,35,52.9,0,0,0.16,4.11,23.86,35.23,4.78,26,48,33.67,45.92,40.63,56.25
2025-07-22,10,8,2025-07-22 11:51:00,5,夏盛り!!三国観光産業社長杯,2,4182,吉田 和仁,3,41,55.4,1,0,0.16,4.53,22.11,38.95,0,0,0,32.65,50,22.77,39.6
2025-07-22,10,8,2025-07-22 11:51:00,5,夏盛り!!三国観光産業社長杯,3,5234,塚越 海斗,3,26,52.3,0,0,0.18,5.4,38.24,50,4.13,12.5,50,30.3,46.46,33.33,49.46
2025-07-22,10,8,2025-07-22 11:51:00,5,夏盛り!!三国観光産業社長杯,4,4561,藤山 翔大,1,34,52,0,0,0.2,6.37,52.27,62.12,5.27,31.82,54.55,23.96,41.67,33.98,51.46
2025-07-22,10,8,2025-07-22 11:51:00,5,夏盛り!!三国観光産業社長杯,5,5205,刑部 亜里紗,2,28,47.2,1,0,0.17,5.61,40.24,51.22,6.57,51.35,62.16,29.17,42.71,34.65,53.47
2025-07-22,10,8,2025-07-22 11:51:00,5,夏盛り!!三国観光産業社長杯,6,5187,小坂 風太,3,25,53,0,0,0.19,4.39,23.2,40,5.17,31.21,52.48,29.29,49.49,37.14,54.29
2025-07-22,10,9,2025-07-22 12:24:00,5,夏盛り!!三国観光産業社長杯,1,4054,福嶋 智之,3,47,52.2,0,0,0.17,4.61,27.78,40,3.39,9.68,16.13,40,58,27.17,42.39
2025-07-22,10,9,2025-07-22 12:24:00,5,夏盛り!!三国観光産業社長杯,2,5239,上野 俊樹,2,25,49.5,0,0,0.17,5.04,22.67,53.33,4.25,16.67,41.67,27.55,42.86,24.49,46.94
2025-07-22,10,9,2025-07-22 12:24:00,5,夏盛り!!三国観光産業社長杯,3,4112,大久保 信一郎,3,45,51.5,0,0,0.19,5.06,25.37,56.72,0,0,0,39.81,58.25,24.04,37.5
2025-07-22,10,9,2025-07-22 12:24:00,5,夏盛り!!三国観光産業社長杯,4,4210,松村 康太,2,42,51.5,0,0,0.19,5.58,32.08,58.49,6.55,46.67,68,38.04,60.87,37.86,49.51
2025-07-22,10,9,2025-07-22 12:24:00,5,夏盛り!!三国観光産業社長杯,5,5013,山下 夏鈴,3,28,43.5,1,0,0.16,4.7,27.35,42.74,3.61,16.67,27.78,28.13,43.75,28.57,47.62
2025-07-22,10,9,2025-07-22 12:24:00,5,夏盛り!!三国観光産業社長杯,6,4381,田路 朋史,1,40,51.5,0,0,0.15,5.78,37.93,56.9,4,18.18,36.36,29,41,40.21,52.58
2025-07-22,10,10,2025-07-22 12:58:00,5,夏盛り!!三国観光産業社長杯,1,3482,金子 猛志,3,54,57.2,0,0,0.16,5.37,35,55,4.82,29.41,47.06,22.83,43.48,26.26,44.44
2025-07-22,10,10,2025-07-22 12:58:00,5,夏盛り!!三国観光産業社長杯,2,4994,山本 梨菜,2,27,46.5,0,0,0.19,6.04,38.32,63.55,6,38.1,61.9,27.84,47.42,30.3,47.47
2025-07-22,10,10,2025-07-22 12:58:00,5,夏盛り!!三国観光産業社長杯,3,3986,沖島 広和,3,47,55.7,0,0,0.17,4.97,29,48,0,0,0,29.17,43.75,35.42,51.04
2025-07-22,10,10,2025-07-22 12:58:00,5,夏盛り!!三国観光産業社長杯,4,4376,藤田 靖弘,2,41,52.5,0,0,0.17,5.65,37.17,54.87,5.67,38.46,48.72,31.63,47.96,24.74,38.14
2025-07-22,10,10,2025-07-22 12:58:00,5,夏盛り!!三国観光産業社長杯,5,3930,岸本 隆,2,49,54.7,0,0,0.16,5.59,42.68,52.44,5.27,36.36,54.55,30.77,45.05,32.35,50
2025-07-22,10,10,2025-07-22 12:58:00,5,夏盛り!!三国観光産業社長杯,6,3761,山本 光雄,3,53,54.4,1,0,0.17,4.77,29.82,43.86,4.41,17.65,41.18,27.36,50,26.04,43.75
2025-07-22,10,11,2025-07-22 13:33:00,5,夏盛り!!三国観光産業社長杯,1,4394,永嶋 裕一,3,39,52.2,0,0,0.17,5.22,24.44,57.78,6.89,44.44,77.78,37.25,51.96,36.19,49.52
2025-07-22,10,11,2025-07-22 13:33:00,5,夏盛り!!三国観光産業社長杯,2,4089,妹尾 忠幸,2,44,55,0,0,0.16,5.97,38.46,64.34,6.7,50,70,25.93,37.96,38.78,52.04
2025-07-22,10,11,2025-07-22 13:33:00,5,夏盛り!!三国観光産業社長杯,3,4270,岸本 雄貴,3,43,62,0,0,0.18,4.07,20.73,35.37,3.17,16.67,16.67,37.23,57.45,27.08,42.71
2025-07-22,10,11,2025-07-22 13:33:00,5,夏盛り!!三国観光産業社長杯,4,4375,照屋 厚仁,2,41,52.9,0,0,0.16,5.71,42.74,56.41,5.65,45,60,32,44,27.84,46.39
2025-07-22,10,11,2025-07-22 13:33:00,5,夏盛り!!三国観光産業社長杯,5,4809,外崎 悟,2,36,52.2,0,0,0.16,6.23,47.44,62.82,5.41,37.04,55.56,32.04,51.46,34.02,58.76
2025-07-22,10,11,2025-07-22 13:33:00,5,夏盛り!!三国観光産業社長杯,6,4473,藤堂 里香,2,37,46,1,0,0.15,6.16,51.35,64.86,5.9,44.44,61.11,38.78,58.16,29,50
2025-07-22,10,12,2025-07-22 14:10:00,5,夏盛り!!三国観光産業社長杯,1,5217,藤原 碧生,1,25,52.5,1,0,0.15,7.1,51.38,77.06,5.77,40,53.33,30,42.73,31.25,40.63
2025-07-22,10,12,2025-07-22 14:10:00,5,夏盛り!!三国観光産業社長杯,2,3327,野長瀬 正孝,1,57,52,1,0,0.16,6.02,44,61,6.23,42.86,57.14,38.38,55.56,15.84,32.67
2025-07-22,10,12,2025-07-22 14:10:00,5,夏盛り!!三国観光産業社長杯,3,4561,藤山 翔大,1,34,52,0,0,0.2,6.37,52.27,62.12,5.27,31.82,54.55,23.96,41.67,33.98,51.46
2025-07-22,10,12,2025-07-22 14:10:00,5,夏盛り!!三国観光産業社長杯,4,4486,野村 誠,1,39,52.5,1,0,0.16,5.84,44.21,61.05,6.88,50,62.5,32.99,51.55,39.8,54.08
2025-07-22,10,12,2025-07-22 14:10:00,5,夏盛り!!三国観光産業社長杯,5,5026,安河内 健,1,29,55.6,1,0,0.15,6.59,47.41,68.1,0,0,0,34.62,50,32.65,52.04
2025-07-22,10,12,2025-07-22 14:10:00,5,夏盛り!!三国観光産業社長杯,6,4451,松崎 祐太郎,1,37,52.6,0,0,0.16,6.5,46.27,67.16,6,40,60,27.84,41.24,33.65,58.65
2025-07-22,11,1,2025-07-22 10:36:00,5,第12回中日スポーツ杯,1,3627,井上 恵一,3,55,52,0,0,0.18,5.69,38.89,61.11,5.65,41.18,64.71,23.73,38.98,24,40
2025-07-22,11,1,2025-07-22 10:36:00,5,第12回中日スポーツ杯,2,3176,長谷川 巌,3,61,52,0,0,0.17,3.98,18.28,32.26,3.9,19.51,29.27,31.67,53.33,49.18,65.57
2025-07-22,11,1,2025-07-22 10:36:00,5,第12回中日スポーツ杯,3,3539,金子 順一,3,57,52,0,0,0.17,4.47,26.09,39.13,2.13,0,0,34.55,47.27,21.82,38.18
2025-07-22,11,1,2025-07-22 10:36:00,5,第12回中日スポーツ杯,4,5294,豊田 祥生,3,23,51,0,0,0.17,3.23,14.71,21.57,2.6,4,8,24,42,32,40
2025-07-22,11,1,2025-07-22 10:36:00,5,第12回中日スポーツ杯,5,5079,大石 真央,3,27,45.5,0,0,0.2,4.6,25.49,39.22,4,11.11,22.22,45.9,59.02,25.49,56.86
2025-07-22,11,1,2025-07-22 10:36:00,5,第12回中日スポーツ杯,6,4747,山戸 信二,3,39,51,0,0,0.17,3.16,9.59,19.18,6,33.33,50,36.51,60.32,31.58,54.39
2025-07-22,11,2,2025-07-22 11:02:00,5,第12回中日スポーツ杯,1,5192,中尾 優香,3,24,47.8,0,0,0.19,4.8,28.33,45,0,0,0,50,68.92,37.74,50.94
2025-07-22,11,2,2025-07-22 11:02:00,5,第12回中日スポーツ杯,2,3286,坂東 満,3,56,51.5,0,0,0.17,4.68,25.68,47.3,2.67,16.67,16.67,31.15,42.62,30.19,43.4
2025-07-22,11,2,2025-07-22 11:02:00,5,第12回中日スポーツ杯,3,3202,三品 隆浩,3,60,52.7,0,0,0.2,4.76,29.55,45.45,0,0,0,42.86,63.49,47.54,63.93
2025-07-22,11,2,2025-07-22 11:02:00,5,第12回中日スポーツ杯,4,3900,香川 素子,2,48,47.4,0,0,0.18,6.05,45.45,60,6.39,47.57,61.17,54.55,63.64,42.86,60.32
2025-07-22,11,2,2025-07-22 11:02:00,5,第12回中日スポーツ杯,5,5386,米玉利 大悟,4,19,52.5,0,0,0.18,1.45,0,4,1.44,0,0,31.03,48.28,38.24,51.47
2025-07-22,11,2,2025-07-22 11:02:00,5,第12回中日スポーツ杯,6,4759,今泉 友吾,1,35,52,0,0,0.16,6.64,42.71,65.63,3.83,16.67,16.67,42.19,59.38,24.49,34.69
2025-07-22,11,3,2025-07-22 11:29:00,5,第12回中日スポーツ杯,1,4365,盛本 真輔,3,39,52,0,0,0.19,5.04,33.08,46.92,4.48,28.57,38.1,21.28,36.17,45.45,61.82
2025-07-22,11,3,2025-07-22 11:29:00,5,第12回中日スポーツ杯,2,4049,荒川 健太,2,44,56.2,0,0,0.17,6.17,43.27,61.54,5.68,30.19,54.72,37.1,59.68,29.63,51.85
2025-07-22,11,3,2025-07-22 11:29:00,5,第12回中日スポーツ杯,3,5237,永松 良教,3,25,53.1,0,0,0.18,3.59,19.75,29.63,3.33,16.67,22.22,38.24,67.65,36.92,52.31
2025-07-22,11,3,2025-07-22 11:29:00,5,第12回中日スポーツ杯,4,4047,吉永 浩則,3,45,53.3,0,0,0.17,3.61,15.85,24.39,3.94,19.35,38.71,28.07,40.35,26.15,38.46
2025-07-22,11,3,2025-07-22 11:29:00,5,第12回中日スポーツ杯,5,4709,岡村 将也,2,36,53.5,0,0,0.18,5.61,35.9,57.26,7.28,55.56,66.67,37.04,51.85,27.87,52.46
2025-07-22,11,3,2025-07-22 11:29:00,5,第12回中日スポーツ杯,6,5293,眞崎 武蔵,3,23,53.4,2,0,0.16,3.19,9.09,23.38,3.71,14.29,28.57,57.35,69.12,35.48,51.61
2025-07-22,11,4,2025-07-22 12:06:00,5,第12回中日スポーツ杯,1,4889,後藤 盛也,3,36,52,1,0,0.13,4.99,32.61,44.57,6.05,50,54.55,32.76,39.66,32.76,62.07
2025-07-22,11,4,2025-07-22 12:06:00,5,第12回中日スポーツ杯,2,4919,吉田 翔悟,3,34,52.2,0,0,0.14,5.45,38.2,52.81,7,55.56,77.78,37.31,55.22,40,65
2025-07-22,11,4,2025-07-22 12:06:00,5,第12回中日スポーツ杯,3,3637,齋藤 和政,3,54,52.2,0,0,0.18,4.3,16.16,41.41,4.77,16.67,53.33,33.9,50.85,42.11,54.39
2025-07-22,11,4,2025-07-22 12:06:00,5,第12回中日スポーツ杯,4,3752,宇土 泰就,3,54,53,0,0,0.16,5.02,30.49,51.22,3.66,17.07,26.83,46.55,63.79,28.81,42.37
2025-07-22,11,4,2025-07-22 12:06:00,5,第12回中日スポーツ杯,5,4050,田口 節子,1,44,47,0,0,0.15,7.15,56.38,73.4,6.08,42.31,50,35.59,62.71,38.6,57.89
2025-07-22,11,4,2025-07-22 12:06:00,5,第12回中日スポーツ杯,6,5132,中野 希一,1,26,52,0,0,0.15,6.29,47.29,63.57,6.82,54.55,81.82,14.81,29.63,19.23,40.38
2025-07-22,11,5,2025-07-22 12:38:00,5,第12回中日スポーツ杯,1,3838,伊藤 啓三,2,50,52.6,1,0,0.13,5.61,35.38,53.85,5.92,36.84,60.53,29.03,41.94,14.63,19.51
2025-07-22,11,5,2025-07-22 12:38:00,5,第12回中日スポーツ杯,2,4747,山戸 信二,3,39,51,0,0,0.17,3.16,9.59,19.18,6,33.33,50,36.51,60.32,31.58,54.39
2025-07-22,11,5,2025-07-22 12:38:00,5,第12回中日スポーツ杯,3,4856,豊田 健士郎,1,29,52.2,0,0,0.14,6.35,44.35,54.03,9.38,87.5,100,19.51,31.71,20,28
2025-07-22,11,5,2025-07-22 12:38:00,5,第12回中日スポーツ杯,4,5238,笹木 香吾,3,25,52.5,0,0,0.18,5.31,34.26,51.85,2.42,7.69,15.38,46.43,57.14,33.33,49.12
2025-07-22,11,5,2025-07-22 12:38:00,5,第12回中日スポーツ杯,5,3918,深井 利寿,2,50,50.5,0,0,0.16,5.82,30.95,50.79,6.46,45.64,63.09,13.64,31.82,27.14,42.86
2025-07-22,11,5,2025-07-22 12:38:00,5,第12回中日スポーツ杯,6,4589,塩崎 桐加,3,33,49.7,1,0,0.17,6.03,46.49,59.65,5.33,41.67,41.67,30.65,41.94,38.6,59.65
2025-07-22,11,6,2025-07-22 13:08:00,5,第12回中日スポーツ杯,1,4487,三原 司,3,39,52.1,0,0,0.18,4.4,20.18,41.28,4.04,22.22,33.33,24.53,33.96,37.88,63.64
2025-07-22,11,6,2025-07-22 13:08:00,5,第12回中日スポーツ杯,2,4025,山本 隆幸,1,47,52,0,0,0.18,6.39,45.71,62.86,6.51,40.28,66.67,18.87,39.62,8.33,30
2025-07-22,11,6,2025-07-22 13:08:00,5,第12回中日スポーツ杯,3,5300,横田 海人,3,22,52,0,0,0.18,2.22,8.43,12.05,1.21,0,0,33.33,50,37.29,52.54
2025-07-22,11,6,2025-07-22 13:08:00,5,第12回中日スポーツ杯,4,3988,古川 誠之,2,46,55,0,0,0.16,5.41,38.94,53.1,5.92,38.46,56.41,38.46,70.77,43.33,63.33
2025-07-22,11,6,2025-07-22 13:08:00,5,第12回中日スポーツ杯,5,4974,安井 瑞紀,3,32,47,0,0,0.16,5.35,35.21,56.34,3.33,16.67,16.67,27.27,47.27,35.19,62.96
2025-07-22,11,6,2025-07-22 13:08:00,5,第12回中日スポーツ杯,6,5386,米玉利 大悟,4,19,52.5,0,0,0.18,1.45,0,4,1.44,0,0,31.03,48.28,38.24,51.47
2025-07-22,11,7,2025-07-22 13:36:00,5,第12回中日スポーツ杯,1,3257,田頭 実,3,58,51.5,0,0,0.12,6.45,53.06,69.39,6.89,55.56,66.67,40,54.55,41.27,53.97
2025-07-22,11,7,2025-07-22 13:36:00,5,第12回中日スポーツ杯,2,3793,高橋 真吾,3,52,57.3,1,0,0.16,4.85,32.14,50,0,0,0,26.09,32.61,31.15,40.98
2025-07-22,11,7,2025-07-22 13:36:00,5,第12回中日スポーツ杯,3,4120,柘植 政浩,2,44,51,0,0,0.19,5.52,34.29,58.1,6.23,45.68,62.96,16.67,23.81,33.33,42.59
2025-07-22,11,7,2025-07-22 13:36:00,5,第12回中日スポーツ杯,4,5192,中尾 優香,3,24,47.8,0,0,0.19,4.8,28.33,45,0,0,0,50,68.92,37.74,50.94
2025-07-22,11,7,2025-07-22 13:36:00,5,第12回中日スポーツ杯,5,5294,豊田 祥生,3,23,51,0,0,0.17,3.23,14.71,21.57,2.6,4,8,24,42,32,40
2025-07-22,11,7,2025-07-22 13:36:00,5,第12回中日スポーツ杯,6,5399,長野 未来,4,23,44,0,0,,1.1,0,0,1.14,0,0,27.12,38.98,32,38
2025-07-22,11,8,2025-07-22 14:06:00,5,第12回中日スポーツ杯,1,4593,小坂 宗司,2,44,52,0,0,0.18,5.42,30.91,56.36,5.82,42.86,64.29,36.36,52.73,51.79,67.86
2025-07-22,11,8,2025-07-22 14:06:00,5,第12回中日スポーツ杯,2,4244,鈴木 成美,3,38,45,0,0,0.14,4.91,32.86,45.71,5.8,50,50,26.79,53.57,39.66,60.34
2025-07-22,11,8,2025-07-22 14:06:00,5,第12回中日スポーツ杯,3,4919,吉田 翔悟,3,34,52.2,0,0,0.14,5.45,38.2,52.81,7,55.56,77.78,37.31,55.22,40,65
2025-07-22,11,8,2025-07-22 14:06:00,5,第12回中日スポーツ杯,4,3176,長谷川 巌,3,61,52,0,0,0.17,3.98,18.28,32.26,3.9,19.51,29.27,31.67,53.33,49.18,65.57
2025-07-22,11,8,2025-07-22 14:06:00,5,第12回中日スポーツ杯,5,4047,吉永 浩則,3,45,53.3,0,0,0.17,3.61,15.85,24.39,3.94,19.35,38.71,28.07,40.35,26.15,38.46
2025-07-22,11,8,2025-07-22 14:06:00,5,第12回中日スポーツ杯,6,4688,永井 彪也,1,32,52.9,0,0,0.13,6.9,53.72,66.12,0,0,0,47.54,62.3,39.06,51.56
2025-07-22,11,9,2025-07-22 14:40:00,5,第12回中日スポーツ杯,1,4199,北川 潤二,1,43,55.6,0,0,0.13,6.63,52.38,68.25,6.32,48.39,61.29,22,36,26.32,50.88
2025-07-22,11,9,2025-07-22 14:40:00,5,第12回中日スポーツ杯,2,3637,齋藤 和政,3,54,52.2,0,0,0.18,4.3,16.16,41.41,4.77,16.67,53.33,33.9,50.85,42.11,54.39
2025-07-22,11,9,2025-07-22 14:40:00,5,第12回中日スポーツ杯,3,3286,坂東 満,3,56,51.5,0,0,0.17,4.68,25.68,47.3,2.67,16.67,16.67,31.15,42.62,30.19,43.4
2025-07-22,11,9,2025-07-22 14:40:00,5,第12回中日スポーツ杯,4,3539,金子 順一,3,57,52,0,0,0.17,4.47,26.09,39.13,2.13,0,0,34.55,47.27,21.82,38.18
2025-07-22,11,9,2025-07-22 14:40:00,5,第12回中日スポーツ杯,5,3752,宇土 泰就,3,54,53,0,0,0.16,5.02,30.49,51.22,3.66,17.07,26.83,46.55,63.79,28.81,42.37
2025-07-22,11,9,2025-07-22 14:40:00,5,第12回中日スポーツ杯,6,5293,眞崎 武蔵,3,23,53.4,2,0,0.16,3.19,9.09,23.38,3.71,14.29,28.57,57.35,69.12,35.48,51.61
2025-07-22,11,10,2025-07-22 15:11:00,5,第12回中日スポーツ杯,1,5132,中野 希一,1,26,52,0,0,0.15,6.29,47.29,63.57,6.82,54.55,81.82,14.81,29.63,19.23,40.38
2025-07-22,11,10,2025-07-22 15:11:00,5,第12回中日スポーツ杯,2,3918,深井 利寿,2,50,50.5,0,0,0.16,5.82,30.95,50.79,6.46,45.64,63.09,13.64,31.82,27.14,42.86
2025-07-22,11,10,2025-07-22 15:11:00,5,第12回中日スポーツ杯,3,3988,古川 誠之,2,46,55,0,0,0.16,5.41,38.94,53.1,5.92,38.46,56.41,38.46,70.77,43.33,63.33
2025-07-22,11,10,2025-07-22 15:11:00,5,第12回中日スポーツ杯,4,3202,三品 隆浩,3,60,52.7,0,0,0.2,4.76,29.55,45.45,0,0,0,42.86,63.49,47.54,63.93
2025-07-22,11,10,2025-07-22 15:11:00,5,第12回中日スポーツ杯,5,4049,荒川 健太,2,44,56.2,0,0,0.17,6.17,43.27,61.54,5.68,30.19,54.72,37.1,59.68,29.63,51.85
2025-07-22,11,10,2025-07-22 15:11:00,5,第12回中日スポーツ杯,6,3627,井上 恵一,3,55,52,0,0,0.18,5.69,38.89,61.11,5.65,41.18,64.71,23.73,38.98,24,40
2025-07-22,11,11,2025-07-22 15:49:00,5,第12回中日スポーツ杯,1,4759,今泉 友吾,1,35,52,0,0,0.16,6.64,42.71,65.63,3.83,16.67,16.67,42.19,59.38,24.49,34.69
2025-07-22,11,11,2025-07-22 15:49:00,5,第12回中日スポーツ杯,2,4050,田口 節子,1,44,47,0,0,0.15,7.15,56.38,73.4,6.08,42.31,50,35.59,62.71,38.6,57.89
2025-07-22,11,11,2025-07-22 15:49:00,5,第12回中日スポーツ杯,3,5238,笹木 香吾,3,25,52.5,0,0,0.18,5.31,34.26,51.85,2.42,7.69,15.38,46.43,57.14,33.33,49.12
2025-07-22,11,11,2025-07-22 15:49:00,5,第12回中日スポーツ杯,4,5237,永松 良教,3,25,53.1,0,0,0.18,3.59,19.75,29.63,3.33,16.67,22.22,38.24,67.65,36.92,52.31
2025-07-22,11,11,2025-07-22 15:49:00,5,第12回中日スポーツ杯,5,4025,山本 隆幸,1,47,52,0,0,0.18,6.39,45.71,62.86,6.51,40.28,66.67,18.87,39.62,8.33,30
2025-07-22,11,11,2025-07-22 15:49:00,5,第12回中日スポーツ杯,6,3257,田頭 実,3,58,51.5,0,0,0.12,6.45,53.06,69.39,6.89,55.56,66.67,40,54.55,41.27,53.97
2025-07-22,11,12,2025-07-22 16:19:00,5,第12回中日スポーツ杯,1,4688,永井 彪也,1,32,53.1,0,0,0.13,6.9,53.72,66.12,0,0,0,47.54,62.3,39.06,51.56
2025-07-22,11,12,2025-07-22 16:19:00,5,第12回中日スポーツ杯,2,4709,岡村 将也,2,36,53.4,0,0,0.18,5.61,35.9,57.26,7.28,55.56,66.67,37.04,51.85,27.87,52.46
2025-07-22,11,12,2025-07-22 16:19:00,5,第12回中日スポーツ杯,3,3900,香川 素子,2,48,47.2,0,0,0.18,6.05,45.45,60,6.39,47.57,61.17,54.55,63.64,42.86,60.32
2025-07-22,11,12,2025-07-22 16:19:00,5,第12回中日スポーツ杯,4,4856,豊田 健士郎,1,29,52,0,0,0.14,6.35,44.35,54.03,9.38,87.5,100,19.51,31.71,20,28
2025-07-22,11,12,2025-07-22 16:19:00,5,第12回中日スポーツ杯,5,4889,後藤 盛也,3,36,51.5,1,0,0.13,4.99,32.61,44.57,6.05,50,54.55,32.76,39.66,32.76,62.07
2025-07-22,11,12,2025-07-22 16:19:00,5,第12回中日スポーツ杯,6,4487,三原 司,3,39,52,0,0,0.18,4.4,20.18,41.28,4.04,22.22,33.33,24.53,33.96,37.88,63.64
2025-07-22,12,1,2025-07-22 15:18:00,4,第36回アサヒビールカップ,1,3690,河合 三弘,3,54,52.5,0,0,0.18,4.51,29.13,38.83,4.67,27.78,44.44,23.81,46.03,34.62,57.69
2025-07-22,12,1,2025-07-22 15:18:00,4,第36回アサヒビールカップ,2,4273,佐藤 旭,3,43,52.3,0,0,0.19,4.81,24,48,4.08,19.23,34.62,41.94,66.13,32.26,48.39
2025-07-22,12,1,2025-07-22 15:18:00,4,第36回アサヒビールカップ,3,5002,上田 健太,1,29,51.5,0,0,0.15,6.06,43.53,61.18,0,0,0,49.09,69.09,36.07,63.93
2025-07-22,12,1,2025-07-22 15:18:00,4,第36回アサヒビールカップ,4,5000,岡本 翔太郎,3,30,52,0,0,0.13,4.9,24.07,48.15,6.06,44.44,55.56,58.21,70.15,39.34,47.54
2025-07-22,12,1,2025-07-22 15:18:00,4,第36回アサヒビールカップ,5,4202,浮田 圭浩,3,42,54.1,0,0,0.18,4.45,27.05,39.34,4.87,40,46.67,22.22,34.92,35.94,51.56
2025-07-22,12,1,2025-07-22 15:18:00,4,第36回アサヒビールカップ,6,4175,川尻 泰輔,3,42,55.5,0,0,0.16,4.86,27.93,49.55,0,0,0,18.18,37.88,41.67,55
2025-07-22,12,2,2025-07-22 15:44:00,4,第36回アサヒビールカップ,1,4834,浜本 裕己,3,37,50.5,0,0,0.17,5.23,33.63,51.33,4.56,23.64,36.36,31.25,50,47.62,60.32
2025-07-22,12,2,2025-07-22 15:44:00,4,第36回アサヒビールカップ,2,4557,松尾 光広,2,35,54.4,1,0,0.16,4.66,26.74,41.86,6.1,35,60,33.33,52.17,30.16,42.86
2025-07-22,12,2,2025-07-22 15:44:00,4,第36回アサヒビールカップ,3,4263,武重 雄介,1,41,55,0,0,0.16,6.36,46.9,63.72,5.3,40,50,37.88,53.03,39.68,50.79
2025-07-22,12,2,2025-07-22 15:44:00,4,第36回アサヒビールカップ,4,4196,田中 太一郎,3,43,52,0,0,0.17,5.24,38.89,46.67,7,57.14,71.43,27.69,50.77,36.51,53.97
2025-07-22,12,2,2025-07-22 15:44:00,4,第36回アサヒビールカップ,5,3563,堤 昇,3,55,52.5,1,0,0.17,5.52,37.24,55.17,5.59,32.35,61.76,38.46,53.85,25.76,42.42
2025-07-22,12,2,2025-07-22 15:44:00,4,第36回アサヒビールカップ,6,4423,坂口 貴彦,3,36,54.1,0,0,0.19,5.37,34.07,54.95,4.11,11.11,33.33,39.68,63.49,25.81,41.94
2025-07-22,12,3,2025-07-22 16:15:00,4,第36回アサヒビールカップ,1,5071,野見山 拓己,3,30,52.1,0,0,0.16,4.54,21.11,38.89,0,0,0,28.57,47.62,40.32,56.45
2025-07-22,12,3,2025-07-22 16:15:00,4,第36回アサヒビールカップ,2,4044,湯川 浩司,1,45,52,0,0,0.14,7.27,52.17,68.84,6.84,51.59,68.25,27.42,46.77,30.36,42.86
2025-07-22,12,3,2025-07-22 16:15:00,4,第36回アサヒビールカップ,3,4156,浜野 孝志,2,44,56.2,0,0,0.18,5.7,40.23,54.02,6.27,36.36,72.73,29.03,51.61,31.67,60
2025-07-22,12,3,2025-07-22 16:15:00,4,第36回アサヒビールカップ,4,4331,三好 勇人,3,41,53.4,0,0,0.16,5.74,30.71,57.48,5.28,38.89,50,47.62,68.25,21.67,38.33
2025-07-22,12,3,2025-07-22 16:15:00,4,第36回アサヒビールカップ,5,5091,為本 智也,2,24,52,0,0,0.18,5.31,36.08,51.55,4,33.33,33.33,46.77,58.06,56.14,73.68
2025-07-22,12,3,2025-07-22 16:15:00,4,第36回アサヒビールカップ,6,4753,森 照夫,3,37,53.2,1,0,0.16,5.11,32.26,49.19,0,0,0,25.81,29.03,35.71,55.36
2025-07-22,12,4,2025-07-22 16:40:00,4,第36回アサヒビールカップ,1,4540,相原 利章,3,37,51.5,0,0,0.13,5.58,38.82,51.76,5.89,44.44,55.56,31.82,45.45,27.27,36.36
2025-07-22,12,4,2025-07-22 16:40:00,4,第36回アサヒビールカップ,2,4925,森 悠稀,2,32,52.1,0,0,0.13,5.8,33.63,61.06,5,10,40,20.63,33.33,35,55
2025-07-22,12,4,2025-07-22 16:40:00,4,第36回アサヒビールカップ,3,4159,向後 龍一,2,44,52,0,0,0.17,6.31,45.38,60.77,7.14,57.14,78.57,18.18,30.3,21.54,43.08
2025-07-22,12,4,2025-07-22 16:40:00,4,第36回アサヒビールカップ,4,4570,前田 聖文,1,37,52,0,0,0.13,6.62,46.46,71.65,6.63,36.84,73.68,45.16,64.52,30.3,45.45
2025-07-22,12,4,2025-07-22 16:40:00,4,第36回アサヒビールカップ,5,3566,川添 英正,3,55,52.2,0,0,0.19,4.67,22.12,42.31,5.45,36.36,50,41.79,61.19,48.44,62.5
2025-07-22,12,4,2025-07-22 16:40:00,4,第36回アサヒビールカップ,6,4695,尾崎 雄二,3,39,52.5,0,0,0.18,5.34,35.77,53.66,0,0,0,45.45,54.55,26.15,33.85
2025-07-22,12,5,2025-07-22 17:15:00,4,第36回アサヒビールカップ,1,4960,黒野 元基,2,29,51.5,0,0,0.16,6.14,43.48,63.48,6,40.91,68.18,43.75,62.5,40.63,62.5
2025-07-22,12,5,2025-07-22 17:15:00,4,第36回アサヒビールカップ,2,4895,門間 雄大,3,34,53,0,0,0.16,4.87,20.88,50.55,5.02,25.58,51.16,50,56.45,26.56,39.06
2025-07-22,12,5,2025-07-22 17:15:00,4,第36回アサヒビールカップ,3,4175,川尻 泰輔,3,42,55.5,0,0,0.16,4.86,27.93,49.55,0,0,0,18.18,37.88,41.67,55
2025-07-22,12,5,2025-07-22 17:15:00,4,第36回アサヒビールカップ,4,3977,山本 兼士,3,48,52,0,0,0.18,4.24,20.56,38.32,4.85,22.06,51.47,38.71,53.23,49.18,62.3
2025-07-22,12,5,2025-07-22 17:15:00,4,第36回アサヒビールカップ,5,4382,高山 智至,3,40,53,0,0,0.17,4.16,17.65,37.65,4.84,24.32,45.95,28.13,45.31,27.69,44.62
2025-07-22,12,5,2025-07-22 17:15:00,4,第36回アサヒビールカップ,6,4509,平見 真彦,1,36,53.2,1,0,0.18,5.98,36.28,61.95,6.5,41.18,73.53,44.12,58.82,26.56,56.25
2025-07-22,12,6,2025-07-22 17:44:00,4,第36回アサヒビールカップ,1,3385,渡邉 睦広,3,56,51.5,0,0,0.17,5.63,35.65,54.78,4.76,29.41,47.06,24.19,33.87,30.61,40.82
2025-07-22,12,6,2025-07-22 17:44:00,4,第36回アサヒビールカップ,2,3563,堤 昇,3,55,52.5,1,0,0.17,5.52,37.24,55.17,5.59,32.35,61.76,38.46,53.85,25.76,42.42
2025-07-22,12,6,2025-07-22 17:44:00,4,第36回アサヒビールカップ,3,4446,和田 兼輔,1,38,52,0,0,0.14,6.32,42.37,58.47,6.53,46.51,67.44,29.51,44.26,37.25,54.9
2025-07-22,12,6,2025-07-22 17:44:00,4,第36回アサヒビールカップ,4,4152,深水 慎一郎,3,45,52.5,0,0,0.17,5.42,36,52,5.28,25,52.5,35.48,46.77,36.84,50.88
2025-07-22,12,6,2025-07-22 17:44:00,4,第36回アサヒビールカップ,5,4061,萩原 秀人,1,46,52.1,0,0,0.13,7.6,59.68,76.61,6.68,42.5,57.5,25.37,32.84,33.33,52.63
2025-07-22,12,6,2025-07-22 17:44:00,4,第36回アサヒビールカップ,6,4273,佐藤 旭,3,43,52.3,0,0,0.19,4.81,24,48,4.08,19.23,34.62,41.94,66.13,32.26,48.39
2025-07-22,12,7,2025-07-22 18:11:00,4,第36回アサヒビールカップ,1,3907,村越 篤,3,47,53.4,0,0,0.17,5.45,37.21,52.71,7.31,56.25,81.25,31.34,49.25,33.87,53.23
2025-07-22,12,7,2025-07-22 18:11:00,4,第36回アサヒビールカップ,2,4258,関根 彰人,3,41,52.6,0,0,0.18,5.33,29.45,51.37,4.15,0,46.15,29.69,51.56,26.98,47.62
2025-07-22,12,7,2025-07-22 18:11:00,4,第36回アサヒビールカップ,3,4834,浜本 裕己,3,37,50.5,0,0,0.17,5.23,33.63,51.33,4.56,23.64,36.36,31.25,50,47.62,60.32
2025-07-22,12,7,2025-07-22 18:11:00,4,第36回アサヒビールカップ,4,4012,中村 有裕,2,45,55.8,0,0,0.15,5.87,41,62,5.38,32.43,51.35,30.16,38.1,30.16,42.86
2025-07-22,12,7,2025-07-22 18:11:00,4,第36回アサヒビールカップ,5,4959,井上 忠政,1,29,52,0,0,0.16,6.98,46,64,6.72,48.72,70.09,31.25,45.31,33.85,52.31
2025-07-22,12,7,2025-07-22 18:11:00,4,第36回アサヒビールカップ,6,4348,宮崎 奨,2,39,53.4,0,0,0.18,6.39,43.65,69.84,6.39,42.86,67.86,36.67,50,47.54,60.66
2025-07-22,12,8,2025-07-22 18:39:00,4,第36回アサヒビールカップ,1,4526,池田 雄祐,2,37,51.5,1,0,0.16,6.14,42.86,64.29,7.17,50,66.67,35.48,56.45,19.67,44.26
2025-07-22,12,8,2025-07-22 18:39:00,4,第36回アサヒビールカップ,2,5092,篠原 晟弥,3,24,52,0,0,0.14,5.3,40.66,50.55,0,0,0,35.48,56.45,35.48,45.16
2025-07-22,12,8,2025-07-22 18:39:00,4,第36回アサヒビールカップ,3,5000,岡本 翔太郎,3,30,52,0,0,0.13,4.9,24.07,48.15,6.06,44.44,55.56,58.21,70.15,39.34,47.54
2025-07-22,12,8,2025-07-22 18:39:00,4,第36回アサヒビールカップ,4,3566,川添 英正,3,55,52.2,0,0,0.19,4.67,22.12,42.31,5.45,36.36,50,41.79,61.19,48.44,62.5
2025-07-22,12,8,2025-07-22 18:39:00,4,第36回アサヒビールカップ,5,4044,湯川 浩司,1,45,52,0,0,0.14,7.27,52.17,68.84,6.84,51.59,68.25,27.42,46.77,30.36,42.86
2025-07-22,12,8,2025-07-22 18:39:00,4,第36回アサヒビールカップ,6,4962,畑 竜生,2,28,52,1,0,0.18,5.18,29.09,50.91,5.1,32.26,48.39,37.88,54.55,34.38,54.69
2025-07-22,12,9,2025-07-22 19:09:00,4,第36回アサヒビールカップ,1,5126,山下 大輝,2,28,51.5,0,0,0.18,6.43,51.79,66.96,4.74,26.32,36.84,42.42,66.67,43.55,59.68
2025-07-22,12,9,2025-07-22 19:09:00,4,第36回アサヒビールカップ,2,4423,坂口 貴彦,3,36,54.1,0,0,0.19,5.37,34.07,54.95,4.11,11.11,33.33,39.68,63.49,25.81,41.94
2025-07-22,12,9,2025-07-22 19:09:00,4,第36回アサヒビールカップ,3,4702,三浦 敬太,1,38,52,0,0,0.14,6.51,47.12,66.35,5.83,52.17,52.17,35.82,47.76,23.81,42.86
2025-07-22,12,9,2025-07-22 19:09:00,4,第36回アサヒビールカップ,4,5002,上田 健太,1,29,51.5,0,0,0.15,6.06,43.53,61.18,0,0,0,49.09,69.09,36.07,63.93
2025-07-22,12,9,2025-07-22 19:09:00,4,第36回アサヒビールカップ,5,4753,森 照夫,3,37,53.2,1,0,0.16,5.11,32.26,49.19,0,0,0,25.81,29.03,35.71,55.36
2025-07-22,12,9,2025-07-22 19:09:00,4,第36回アサヒビールカップ,6,3892,草場 康幸,3,49,52.9,0,0,0.17,5.41,35.05,55.67,6.52,48,64,24.19,41.94,23.33,38.33
2025-07-22,12,10,2025-07-22 19:40:00,4,第36回アサヒビールカップ,1,4570,前田 聖文,1,37,52,0,0,0.13,6.62,46.46,71.65,6.63,36.84,73.68,45.16,64.52,30.3,45.45
2025-07-22,12,10,2025-07-22 19:40:00,4,第36回アサヒビールカップ,2,4361,柳生 泰二,1,40,52,0,0,0.14,7.04,55.1,71.43,6.76,29.41,47.06,39.39,56.06,27.69,52.31
2025-07-22,12,10,2025-07-22 19:40:00,4,第36回アサヒビールカップ,3,4895,門間 雄大,3,34,53,0,0,0.16,4.87,20.88,50.55,5.02,25.58,51.16,50,56.45,26.56,39.06
2025-07-22,12,10,2025-07-22 19:40:00,4,第36回アサヒビールカップ,4,5071,野見山 拓己,3,30,52.1,0,0,0.16,4.54,21.11,38.89,0,0,0,28.57,47.62,40.32,56.45
2025-07-22,12,10,2025-07-22 19:40:00,4,第36回アサヒビールカップ,5,3690,河合 三弘,3,54,52.5,0,0,0.18,4.51,29.13,38.83,4.67,27.78,44.44,23.81,46.03,34.62,57.69
2025-07-22,12,10,2025-07-22 19:40:00,4,第36回アサヒビールカップ,6,4446,和田 兼輔,1,38,52,0,0,0.14,6.32,42.37,58.47,6.53,46.51,67.44,29.51,44.26,37.25,54.9
2025-07-22,12,11,2025-07-22 20:10:00,4,第36回アサヒビールカップ,1,4472,尾嶋 一広,1,38,53.4,1,0,0.15,6.74,54.74,70.8,6.78,48.65,70.27,34.38,48.44,30.65,51.61
2025-07-22,12,11,2025-07-22 20:10:00,4,第36回アサヒビールカップ,2,5091,為本 智也,2,24,51.5,0,0,0.18,5.31,36.08,51.55,4,33.33,33.33,46.77,58.06,56.14,73.68
2025-07-22,12,11,2025-07-22 20:10:00,4,第36回アサヒビールカップ,3,4925,森 悠稀,2,32,51.5,0,0,0.13,5.8,33.63,61.06,5,10,40,20.63,33.33,35,55
2025-07-22,12,11,2025-07-22 20:10:00,4,第36回アサヒビールカップ,4,4171,榎 幸司,1,42,52,0,0,0.17,6.45,44.7,69.7,6.42,57.69,65.38,43.75,64.06,23.44,37.5
2025-07-22,12,11,2025-07-22 20:10:00,4,第36回アサヒビールカップ,5,5075,中島 秀治,2,29,52,0,0,0.17,6.47,43.61,66.17,5.86,38.1,57.14,42.42,66.67,31.75,44.44
2025-07-22,12,11,2025-07-22 20:10:00,4,第36回アサヒビールカップ,6,4557,松尾 光広,2,35,54.7,1,0,0.16,4.66,26.74,41.86,6.1,35,60,33.33,52.17,30.16,42.86
2025-07-22,12,12,2025-07-22 20:40:00,4,第36回アサヒビールカップ,1,4061,萩原 秀人,1,46,52.1,0,0,0.13,7.6,59.68,76.61,6.68,42.5,57.5,25.37,32.84,33.33,52.63
2025-07-22,12,12,2025-07-22 20:40:00,4,第36回アサヒビールカップ,2,4962,畑 竜生,2,28,52,1,0,0.18,5.18,29.09,50.91,5.1,32.26,48.39,37.88,54.55,34.38,54.69
2025-07-22,12,12,2025-07-22 20:40:00,4,第36回アサヒビールカップ,3,4509,平見 真彦,1,36,53.2,1,0,0.18,5.98,36.28,61.95,6.5,41.18,73.53,44.12,58.82,26.56,56.25
2025-07-22,12,12,2025-07-22 20:40:00,4,第36回アサヒビールカップ,4,4156,浜野 孝志,2,44,56.2,0,0,0.18,5.7,40.23,54.02,6.27,36.36,72.73,29.03,51.61,31.67,60
2025-07-22,12,12,2025-07-22 20:40:00,4,第36回アサヒビールカップ,5,4012,中村 有裕,2,45,55.8,0,0,0.15,5.87,41,62,5.38,32.43,51.35,30.16,38.1,30.16,42.86
2025-07-22,12,12,2025-07-22 20:40:00,4,第36回アサヒビールカップ,6,4263,武重 雄介,1,41,55,0,0,0.16,6.36,46.9,63.72,5.3,40,50,37.88,53.03,39.68,50.79
2025-07-22,14,1,2025-07-22 08:40:00,5,第10回徳島バスカップ競走,1,4351,里岡 右貴,1,39,52.1,1,0,0.15,6.7,49.3,69.72,5.63,25,62.5,30.51,57.63,46.43,62.5
2025-07-22,14,1,2025-07-22 08:40:00,5,第10回徳島バスカップ競走,2,3933,山地 正樹,3,49,55.1,0,0,0.17,5.13,33.33,51.67,5.16,36,64,31.67,45,37.5,51.79
2025-07-22,14,1,2025-07-22 08:40:00,5,第10回徳島バスカップ競走,3,4339,平瀬 城啓,3,41,54.3,0,0,0.19,4.26,18.27,36.54,4.67,50,50,41.67,55,26,44
2025-07-22,14,1,2025-07-22 08:40:00,5,第10回徳島バスカップ競走,4,4665,加藤 啓太,3,41,52,1,0,0.18,3.96,11.76,33.82,4.69,27.59,41.38,27.12,38.98,43.14,50.98
2025-07-22,14,1,2025-07-22 08:40:00,5,第10回徳島バスカップ競走,5,3910,松下 知幸,3,51,51,0,0,0.17,4.33,22.22,33.33,5.25,30,50,24,42,33.93,51.79
2025-07-22,14,1,2025-07-22 08:40:00,5,第10回徳島バスカップ競走,6,5420,吉原 快誓,4,19,52,1,0,,1.17,0,0,0,0,0,35.48,51.61,45.1,62.75
2025-07-22,14,2,2025-07-22 09:06:00,5,第10回徳島バスカップ競走,1,4383,竹田 吉行,2,40,52,0,0,0.16,5.57,36.61,50,5.54,33.97,53.21,48.98,59.18,37.7,54.1
2025-07-22,14,2,2025-07-22 09:06:00,5,第10回徳島バスカップ競走,2,4231,鈴木 裕隆,3,42,54.8,0,0,0.17,5.82,42.5,58.33,5.25,33.33,45.83,34.69,57.14,46.94,69.39
2025-07-22,14,2,2025-07-22 09:06:00,5,第10回徳島バスカップ競走,3,3519,冨田 秀幸,3,57,52,0,0,0.15,4.68,27.78,41.27,4.71,28.57,42.86,30.43,41.3,20.63,42.86
2025-07-22,14,2,2025-07-22 09:06:00,5,第10回徳島バスカップ競走,4,4034,西原 明生,3,46,54,0,0,0.19,4.26,16.16,39.39,4.06,16.13,38.71,36.96,52.17,32.65,44.9
2025-07-22,14,2,2025-07-22 09:06:00,5,第10回徳島バスカップ競走,5,3339,泉 具巳,3,60,54.7,0,0,0.16,4.52,25,40.91,4.33,16.67,33.33,37.7,54.1,28.13,46.88
2025-07-22,14,2,2025-07-22 09:06:00,5,第10回徳島バスカップ競走,6,5398,鐘ヶ江 真司,4,23,52.6,0,0,,2.62,5.41,13.51,0,0,0,25,41.67,35.09,49.12
2025-07-22,14,3,2025-07-22 09:32:00,5,第10回徳島バスカップ競走,1,5278,田中 駿兵,2,22,52,0,0,0.17,6.29,48.24,65.88,4.77,27.83,46.96,26.09,41.3,23.73,42.37
2025-07-22,14,3,2025-07-22 09:32:00,5,第10回徳島バスカップ競走,2,4236,松村 敏,1,41,52.7,0,0,0.12,7.26,61.39,75.25,6.92,50,75,32,50,36.73,51.02
2025-07-22,14,3,2025-07-22 09:32:00,5,第10回徳島バスカップ競走,3,3070,山室 展弘,4,64,52,0,0,0.15,5.09,29.41,47.06,5.92,41.03,64.1,35.42,54.17,42.55,55.32
2025-07-22,14,3,2025-07-22 09:32:00,5,第10回徳島バスカップ競走,4,5325,澁川 夏,3,22,52,1,0,0.14,3.91,14.02,31.78,0,0,0,26.32,43.86,32.65,48.98
2025-07-22,14,3,2025-07-22 09:32:00,5,第10回徳島バスカップ競走,5,5090,生方 靖亜,3,24,52,0,0,0.18,4.96,30.77,50,4.5,31.25,37.5,40,56.67,41.67,61.67
2025-07-22,14,3,2025-07-22 09:32:00,5,第10回徳島バスカップ競走,6,4626,伊藤 紘章,3,39,52,1,0,0.2,4.05,20,34.55,0,0,0,36.73,53.06,46.3,66.67
2025-07-22,14,4,2025-07-22 09:58:00,5,第10回徳島バスカップ競走,1,3655,本橋 克洋,2,51,52.1,0,0,0.19,5.84,41.38,62.07,3.85,10,35,18.18,27.27,22.22,40.74
2025-07-22,14,4,2025-07-22 09:58:00,5,第10回徳島バスカップ競走,2,4016,西川 新太郎,3,45,53.9,1,0,0.15,4.77,31.73,48.08,5.54,46.15,53.85,50,60.34,33.33,45.83
2025-07-22,14,4,2025-07-22 09:58:00,5,第10回徳島バスカップ競走,3,3893,汐崎 正則,3,49,52.5,0,0,0.18,4.25,20.22,37.08,4.5,30,40,36,64,28.85,51.92
2025-07-22,14,4,2025-07-22 09:58:00,5,第10回徳島バスカップ競走,4,4073,大橋 純一郎,2,44,52.5,1,0,0.14,6.17,42.2,63.3,6.06,45.71,68.57,43.75,58.33,33.96,50.94
2025-07-22,14,4,2025-07-22 09:58:00,5,第10回徳島バスカップ競走,5,4272,大場 広孝,3,43,54.8,1,0,0.15,5.26,26.83,53.66,5.52,34.78,60.87,25.53,36.17,33.33,46.67
2025-07-22,14,4,2025-07-22 09:58:00,5,第10回徳島バスカップ競走,6,4259,真庭 明志,3,41,52.2,0,0,0.15,5.55,41.84,52.48,6.27,46.67,60,26.53,51.02,23.21,33.93
2025-07-22,14,5,2025-07-22 10:25:00,5,第10回徳島バスカップ競走,1,4672,守屋 大地,3,39,52,0,0,0.19,4.54,30.19,44.34,4.85,32.2,40.68,23.91,50,23.53,35.29
2025-07-22,14,5,2025-07-22 10:25:00,5,第10回徳島バスカップ競走,2,4209,藤田 竜弘,2,42,55.2,0,0,0.15,5.54,36.61,58.93,5.33,22.22,44.44,29.63,44.44,37.78,53.33
2025-07-22,14,5,2025-07-22 10:25:00,5,第10回徳島バスカップ競走,3,5160,藤森 陸斗,3,26,52.7,0,0,0.15,5.3,35.8,51.85,3.85,23.08,34.62,27.12,47.46,37.25,49.02
2025-07-22,14,5,2025-07-22 10:25:00,5,第10回徳島バスカップ競走,4,4057,松井 賢治,2,46,52,0,0,0.16,5.92,39.68,60.32,6.35,47.06,64.71,26.67,43.33,31.82,54.55
2025-07-22,14,5,2025-07-22 10:25:00,5,第10回徳島バスカップ競走,5,3441,土屋 太朗,3,55,52.4,1,0,0.19,5.27,27.62,53.33,5.24,28,52,36.21,60.34,35.29,60.78
2025-07-22,14,5,2025-07-22 10:25:00,5,第10回徳島バスカップ競走,6,5384,八戸 琉楓,4,20,53,0,0,0.24,1.74,1.85,3.7,1.29,0,0,33.87,54.84,21.54,32.31
2025-07-22,14,6,2025-07-22 10:55:00,5,第10回徳島バスカップ競走,1,4339,平瀬 城啓,3,41,54.3,0,0,0.19,4.26,18.27,36.54,4.67,50,50,41.67,55,26,44
2025-07-22,14,6,2025-07-22 10:55:00,5,第10回徳島バスカップ競走,2,4428,有賀 達也,2,39,52,1,0,0.13,6.06,39.55,58.21,7.38,50,87.5,40.68,57.63,34.55,58.18
2025-07-22,14,6,2025-07-22 10:55:00,5,第10回徳島バスカップ競走,3,3984,坂口 周,1,47,53.5,1,0,0.15,6.33,44.34,61.32,4,12.5,12.5,37.29,57.63,26.56,34.38
2025-07-22,14,6,2025-07-22 10:55:00,5,第10回徳島バスカップ競走,4,4403,木下 大將,3,40,52.3,0,0,0.15,5.59,38.16,56.58,6.62,42.86,61.9,22.81,36.84,31.91,48.94
2025-07-22,14,6,2025-07-22 10:55:00,5,第10回徳島バスカップ競走,5,4201,佐竹 友樹,3,42,52,0,0,0.17,5.29,34.86,51.38,0,0,0,29.31,43.1,27.27,39.39
2025-07-22,14,6,2025-07-22 10:55:00,5,第10回徳島バスカップ競走,6,5037,田頭 虎親,3,27,52,1,0,0.19,4.76,26.25,46.25,5.98,45.83,54.17,21.74,41.3,37.29,50.85
2025-07-22,14,7,2025-07-22 11:26:00,5,第10回徳島バスカップ競走,1,5018,竹下 大樹,1,26,53.4,0,0,0.18,6.33,45.45,66.43,6.11,42.11,63.16,36.21,51.72,31.82,50
2025-07-22,14,7,2025-07-22 11:26:00,5,第10回徳島バスカップ競走,2,3843,上之 晃弘,3,49,53.6,0,0,0.17,4.65,25.89,41.96,5.63,36.67,53.33,36.07,47.54,23.64,40
2025-07-22,14,7,2025-07-22 11:26:00,5,第10回徳島バスカップ競走,3,4626,伊藤 紘章,3,39,52,1,0,0.2,4.05,20,34.55,0,0,0,36.73,53.06,46.3,66.67
2025-07-22,14,7,2025-07-22 11:26:00,5,第10回徳島バスカップ競走,4,3933,山地 正樹,3,49,55.1,0,0,0.17,5.13,33.33,51.67,5.16,36,64,31.67,45,37.5,51.79
2025-07-22,14,7,2025-07-22 11:26:00,5,第10回徳島バスカップ競走,5,5398,鐘ヶ江 真司,4,23,52.6,0,0,,2.62,5.41,13.51,0,0,0,25,41.67,35.09,49.12
2025-07-22,14,7,2025-07-22 11:26:00,5,第10回徳島バスカップ競走,6,4227,安達 裕樹,1,42,52,1,0,0.17,6.56,45.87,64.22,6.56,56.25,56.25,20.41,44.9,26.32,57.89
2025-07-22,14,8,2025-07-22 11:58:00,5,第10回徳島バスカップ競走,1,3910,松下 知幸,3,51,51,0,0,0.17,4.33,22.22,33.33,5.25,30,50,24,42,33.93,51.79
2025-07-22,14,8,2025-07-22 11:58:00,5,第10回徳島バスカップ競走,2,5090,生方 靖亜,3,24,52,0,0,0.18,4.96,30.77,50,4.5,31.25,37.5,40,56.67,41.67,61.67
2025-07-22,14,8,2025-07-22 11:58:00,5,第10回徳島バスカップ競走,3,4852,川原 祐明,1,30,52,0,0,0.17,6.86,51.33,69.03,6.85,44.12,70.59,48.98,55.1,30.77,44.23
2025-07-22,14,8,2025-07-22 11:58:00,5,第10回徳島バスカップ競走,4,3655,本橋 克洋,2,51,52.1,0,0,0.19,5.84,41.38,62.07,3.85,10,35,18.18,27.27,22.22,40.74
2025-07-22,14,8,2025-07-22 11:58:00,5,第10回徳島バスカップ競走,5,4231,鈴木 裕隆,3,42,54.8,0,0,0.17,5.82,42.5,58.33,5.25,33.33,45.83,34.69,57.14,46.94,69.39
2025-07-22,14,8,2025-07-22 11:58:00,5,第10回徳島バスカップ競走,6,5388,佐野 優都,3,18,52.2,1,0,0.17,2.84,5.8,20.29,2.91,8.7,26.09,23.91,39.13,27.78,40.74
2025-07-22,14,9,2025-07-22 12:31:00,5,第10回徳島バスカップ競走,1,3070,山室 展弘,4,64,52,0,0,0.15,5.09,29.41,47.06,5.92,41.03,64.1,35.42,54.17,42.55,55.32
2025-07-22,14,9,2025-07-22 12:31:00,5,第10回徳島バスカップ競走,2,3893,汐崎 正則,3,49,52.5,0,0,0.18,4.25,20.22,37.08,4.5,30,40,36,64,28.85,51.92
2025-07-22,14,9,2025-07-22 12:31:00,5,第10回徳島バスカップ競走,3,4584,村岡 賢人,1,35,52.2,0,0,0.12,7.08,54.96,70.23,6.13,40.43,57.45,30.91,50.91,52.08,66.67
2025-07-22,14,9,2025-07-22 12:31:00,5,第10回徳島バスカップ競走,4,4383,竹田 吉行,2,40,52,0,0,0.16,5.57,36.61,50,5.54,33.97,53.21,48.98,59.18,37.7,54.1
2025-07-22,14,9,2025-07-22 12:31:00,5,第10回徳島バスカップ競走,5,5420,吉原 快誓,4,19,52,1,0,,1.17,0,0,0,0,0,35.48,51.61,45.1,62.75
2025-07-22,14,9,2025-07-22 12:31:00,5,第10回徳島バスカップ競走,6,3850,小川 知行,3,53,52,0,0,0.15,4.55,21.01,42.02,0,0,0,30,56.67,20,41.54
2025-07-22,14,10,2025-07-22 13:05:00,5,第10回徳島バスカップ競走,1,5221,竹間 隆晟,1,24,53.3,0,0,0.16,6.67,54.55,69.7,5.29,28.57,52.38,28.89,40,34.69,40.82
2025-07-22,14,10,2025-07-22 13:05:00,5,第10回徳島バスカップ競走,2,4259,真庭 明志,3,41,52.2,0,0,0.15,5.55,41.84,52.48,6.27,46.67,60,26.53,51.02,23.21,33.93
2025-07-22,14,10,2025-07-22 13:05:00,5,第10回徳島バスカップ競走,3,4403,木下 大將,3,40,52.3,0,0,0.15,5.59,38.16,56.58,6.62,42.86,61.9,22.81,36.84,31.91,48.94
2025-07-22,14,10,2025-07-22 13:05:00,5,第10回徳島バスカップ競走,4,4209,藤田 竜弘,2,42,55.2,0,0,0.15,5.54,36.61,58.93,5.33,22.22,44.44,29.63,44.44,37.78,53.33
2025-07-22,14,10,2025-07-22 13:05:00,5,第10回徳島バスカップ競走,5,3519,冨田 秀幸,3,57,52,0,0,0.15,4.68,27.78,41.27,4.71,28.57,42.86,30.43,41.3,20.63,42.86
2025-07-22,14,10,2025-07-22 13:05:00,5,第10回徳島バスカップ競走,6,5325,澁川 夏,3,22,52,1,0,0.14,3.91,14.02,31.78,0,0,0,26.32,43.86,32.65,48.98
2025-07-22,14,11,2025-07-22 13:39:00,5,第10回徳島バスカップ競走,1,3984,坂口 周,1,47,53.5,1,0,0.15,6.33,44.34,61.32,4,12.5,12.5,37.29,57.63,26.56,34.38
2025-07-22,14,11,2025-07-22 13:39:00,5,第10回徳島バスカップ競走,2,4073,大橋 純一郎,2,44,52.8,1,0,0.14,6.17,42.2,63.3,6.06,45.71,68.57,43.75,58.33,33.96,50.94
2025-07-22,14,11,2025-07-22 13:39:00,5,第10回徳島バスカップ競走,3,4351,里岡 右貴,1,39,52,1,0,0.15,6.7,49.3,69.72,5.63,25,62.5,30.51,57.63,46.43,62.5
2025-07-22,14,11,2025-07-22 13:39:00,5,第10回徳島バスカップ競走,4,3843,上之 晃弘,3,49,53.7,0,0,0.17,4.65,25.89,41.96,5.63,36.67,53.33,36.07,47.54,23.64,40
2025-07-22,14,11,2025-07-22 13:39:00,5,第10回徳島バスカップ競走,5,5278,田中 駿兵,2,22,51.5,0,0,0.17,6.29,48.24,65.88,4.77,27.83,46.96,26.09,41.3,23.73,42.37
2025-07-22,14,11,2025-07-22 13:39:00,5,第10回徳島バスカップ競走,6,5160,藤森 陸斗,3,26,53.2,0,0,0.15,5.3,35.8,51.85,3.85,23.08,34.62,27.12,47.46,37.25,49.02
2025-07-22,14,12,2025-07-22 14:19:00,5,第10回徳島バスカップ競走,1,4852,川原 祐明,1,30,52,0,0,0.17,6.86,51.33,69.03,6.85,44.12,70.59,48.98,55.1,30.77,44.23
2025-07-22,14,12,2025-07-22 14:19:00,5,第10回徳島バスカップ競走,2,4057,松井 賢治,2,46,52,0,0,0.16,5.92,39.68,60.32,6.35,47.06,64.71,26.67,43.33,31.82,54.55
2025-07-22,14,12,2025-07-22 14:19:00,5,第10回徳島バスカップ競走,3,4236,松村 敏,1,41,52.7,0,0,0.12,7.26,61.39,75.25,6.92,50,75,32,50,36.73,51.02
2025-07-22,14,12,2025-07-22 14:19:00,5,第10回徳島バスカップ競走,4,4016,西川 新太郎,3,45,53.9,1,0,0.15,4.77,31.73,48.08,5.54,46.15,53.85,50,60.34,33.33,45.83
2025-07-22,14,12,2025-07-22 14:19:00,5,第10回徳島バスカップ競走,5,5018,竹下 大樹,1,26,53.4,0,0,0.18,6.33,45.45,66.43,6.11,42.11,63.16,36.21,51.72,31.82,50
2025-07-22,14,12,2025-07-22 14:19:00,5,第10回徳島バスカップ競走,6,4428,有賀 達也,2,39,52,1,0,0.13,6.06,39.55,58.21,7.38,50,87.5,40.68,57.63,34.55,58.18
2025-07-22,15,1,2025-07-22 15:19:00,5,サッポロビールカップ2025,1,3558,山本 浩次,3,52,52,0,0,0.18,4.63,27.91,40.7,6.27,51.11,68.89,27.18,45.64,0,0
2025-07-22,15,1,2025-07-22 15:19:00,5,サッポロビールカップ2025,2,3787,天野 誠,3,53,52.8,0,0,0.19,3.92,16.67,31.67,4.38,26.47,41.18,34.34,51.52,28.57,28.57
2025-07-22,15,1,2025-07-22 15:19:00,5,サッポロビールカップ2025,3,3812,山崎 聖司,3,49,51.5,0,0,0.17,4.5,29.13,41.75,4.86,28.57,42.86,44.1,60,0,28.57
2025-07-22,15,1,2025-07-22 15:19:00,5,サッポロビールカップ2025,4,3212,亀本 勇樹,3,63,58.1,0,0,0.17,3.96,13.75,37.5,3.56,19.44,27.78,35.75,52.85,0,0
2025-07-22,15,1,2025-07-22 15:19:00,5,サッポロビールカップ2025,5,5363,山本 凱立,4,25,52.2,0,0,0.23,1.08,0,0,1.14,0,0,33.16,50,0,0
2025-07-22,15,1,2025-07-22 15:19:00,5,サッポロビールカップ2025,6,4368,山口 隆史,3,39,53.2,0,0,0.18,4.4,21.05,37.72,5.33,38.89,44.44,32.5,49.5,0,0
2025-07-22,15,2,2025-07-22 15:50:00,5,サッポロビールカップ2025,1,4896,花本 剛,3,33,57.1,0,0,0.19,4.3,18.27,41.35,4.03,12.9,38.71,34.38,46.88,0,0
2025-07-22,15,2,2025-07-22 15:50:00,5,サッポロビールカップ2025,2,3757,畑 和宏,3,53,51.5,0,0,0.18,4.8,27.16,40.74,0,0,0,38.42,57.37,0,0
2025-07-22,15,2,2025-07-22 15:50:00,5,サッポロビールカップ2025,3,4435,服部 達哉,3,39,52.6,1,0,0.19,5.14,30.16,52.38,5.32,27.27,50,36,52.5,0,33.33
2025-07-22,15,2,2025-07-22 15:50:00,5,サッポロビールカップ2025,4,3870,寺嶋 雄,3,49,52,0,0,0.17,4.16,22.73,37.5,4.37,21.05,52.63,35.05,57.73,16.67,16.67
2025-07-22,15,2,2025-07-22 15:50:00,5,サッポロビールカップ2025,5,4594,谷川 祐一,2,43,52,0,0,0.16,5.62,37.39,55.65,5.66,39.47,52.63,24.43,37.5,0,100
2025-07-22,15,2,2025-07-22 15:50:00,5,サッポロビールカップ2025,6,3444,香月 大介,3,55,52,2,0,0.15,3.79,16.25,28.75,4.07,28.57,35.71,49.47,62.77,0,0
2025-07-22,15,3,2025-07-22 16:22:00,5,サッポロビールカップ2025,1,4664,東口 晃,3,41,52.5,0,0,0.19,3.56,14.29,30.48,3.83,16.67,33.33,32.83,50,42.86,71.43
2025-07-22,15,3,2025-07-22 16:22:00,5,サッポロビールカップ2025,2,4635,峰重 力也,3,35,52.5,0,0,0.15,4.89,29.69,51.56,4.82,25,50,40,50,0,0
2025-07-22,15,3,2025-07-22 16:22:00,5,サッポロビールカップ2025,3,4355,小川 広大,3,41,56,0,0,0.2,3.48,14.42,24.04,5,27.78,50,26.82,43.58,0,0
2025-07-22,15,3,2025-07-22 16:22:00,5,サッポロビールカップ2025,4,3771,折下 寛法,3,51,52,0,0,0.13,4.67,23.08,39.42,4.76,29.41,35.29,29.59,45.41,71.43,71.43
2025-07-22,15,3,2025-07-22 16:22:00,5,サッポロビールカップ2025,5,4842,山下 昂大,2,33,53.8,0,0,0.17,5.98,42.27,68.04,0,0,0,30.61,48.98,57.14,71.43
2025-07-22,15,3,2025-07-22 16:22:00,5,サッポロビールカップ2025,6,4511,中岡 健人,4,36,56.1,0,0,0.19,4.05,24.14,37.93,4.8,26.15,46.15,30.89,47.12,0,0
2025-07-22,15,4,2025-07-22 16:54:00,5,サッポロビールカップ2025,1,4782,浜崎 準也,3,38,52,1,0,0.17,4.28,21.59,36.36,4.82,35.9,41.03,36.02,53.23,16.67,16.67
2025-07-22,15,4,2025-07-22 16:54:00,5,サッポロビールカップ2025,2,3523,寳田 亮治,3,56,52,0,0,0.17,4.93,32,48,5.36,36.17,46.81,33.33,49.21,50,50
2025-07-22,15,4,2025-07-22 16:54:00,5,サッポロビールカップ2025,3,3714,梶原 正,3,50,55.4,0,0,0.17,4.13,21.98,34.07,4.31,23.08,38.46,30.53,45.26,0,0
2025-07-22,15,4,2025-07-22 16:54:00,5,サッポロビールカップ2025,4,3461,渡邊 哲也,3,58,57,1,0,0.19,3.54,14.12,28.24,4.14,0,57.14,40.39,60.1,33.33,50
2025-07-22,15,4,2025-07-22 16:54:00,5,サッポロビールカップ2025,5,4303,牧原 崇,2,42,52,0,0,0.19,5.45,37.62,54.46,5.56,27.78,61.11,29.9,50.52,0,0
2025-07-22,15,4,2025-07-22 16:54:00,5,サッポロビールカップ2025,6,3731,高濱 芳久,2,52,52.8,0,0,0.17,5.23,36.08,49.48,4.79,34.21,47.37,27.37,44.21,14.29,14.29
2025-07-22,15,5,2025-07-22 17:22:00,5,サッポロビールカップ2025,1,4850,野中 一平,2,30,52.8,0,0,0.12,5.33,30.68,45.45,8.3,80,90,27.32,42.78,50,50
2025-07-22,15,5,2025-07-22 17:22:00,5,サッポロビールカップ2025,2,4108,吉村 正明,4,45,50.5,0,0,0.14,5.33,34.88,51.16,6.35,45,70,31.96,45.88,0,0
2025-07-22,15,5,2025-07-22 17:22:00,5,サッポロビールカップ2025,3,4513,河野 真也,2,36,52,0,0,0.17,5.35,30.77,55.56,5.45,36.36,63.64,35.71,48.47,0,0
2025-07-22,15,5,2025-07-22 17:22:00,5,サッポロビールカップ2025,4,3787,天野 誠,3,53,52.8,0,0,0.19,3.92,16.67,31.67,4.38,26.47,41.18,34.34,51.52,28.57,28.57
2025-07-22,15,5,2025-07-22 17:22:00,5,サッポロビールカップ2025,5,4204,柴田 大輔,4,42,52,0,0,0.26,4.38,21.74,40.58,2.5,0,7.14,31.44,51.55,0,0
2025-07-22,15,5,2025-07-22 17:22:00,5,サッポロビールカップ2025,6,3558,山本 浩次,3,52,52,0,0,0.18,4.63,27.91,40.7,6.27,51.11,68.89,27.18,45.64,0,0
2025-07-22,15,6,2025-07-22 17:51:00,5,サッポロビールカップ2025,1,3833,中辻 博訓,1,50,52.5,0,0,0.13,6.49,45.9,67.21,6.21,45.83,70.83,30.89,46.07,33.33,66.67
2025-07-22,15,6,2025-07-22 17:51:00,5,サッポロビールカップ2025,2,3742,宮地 秀祈,3,51,52,0,0,0.18,4.11,16.9,38.03,5.75,25,62.5,38.61,51.98,0,50
2025-07-22,15,6,2025-07-22 17:51:00,5,サッポロビールカップ2025,3,4896,花本 剛,3,33,57.1,0,0,0.19,4.3,18.27,41.35,4.03,12.9,38.71,34.38,46.88,0,0
2025-07-22,15,6,2025-07-22 17:51:00,5,サッポロビールカップ2025,4,4368,山口 隆史,3,39,53.2,0,0,0.18,4.4,21.05,37.72,5.33,38.89,44.44,32.5,49.5,0,0
2025-07-22,15,6,2025-07-22 17:51:00,5,サッポロビールカップ2025,5,3757,畑 和宏,3,53,51.5,0,0,0.18,4.8,27.16,40.74,0,0,0,38.42,57.37,0,0
2025-07-22,15,6,2025-07-22 17:51:00,5,サッポロビールカップ2025,6,3654,武田 光史,1,51,52.4,1,0,0.17,7.14,58.16,75.18,8.27,81.82,90.91,31.58,53.16,0,0
2025-07-22,15,7,2025-07-22 18:18:00,5,サッポロビールカップ2025,1,4700,金子 和之,1,38,52.2,0,0,0.16,6.44,46.77,65.32,6.54,45.83,79.17,27.55,42.35,0,0
2025-07-22,15,7,2025-07-22 18:18:00,5,サッポロビールカップ2025,2,3372,加藤 雅之,3,58,52.4,0,0,0.22,3.38,8.22,23.29,2.9,10,20,30.96,49.24,0,57.14
2025-07-22,15,7,2025-07-22 18:18:00,5,サッポロビールカップ2025,3,3870,寺嶋 雄,3,49,52,0,0,0.17,4.16,22.73,37.5,4.37,21.05,52.63,35.05,57.73,16.67,16.67
2025-07-22,15,7,2025-07-22 18:18:00,5,サッポロビールカップ2025,4,4664,東口 晃,3,41,52.5,0,0,0.19,3.56,14.29,30.48,3.83,16.67,33.33,32.83,50,42.86,71.43
2025-07-22,15,7,2025-07-22 18:18:00,5,サッポロビールカップ2025,5,4105,松下 直也,2,45,52,0,0,0.18,5.51,34.59,55.64,5.47,33.33,53.33,31.31,50,0,0
2025-07-22,15,7,2025-07-22 18:18:00,5,サッポロビールカップ2025,6,3992,関口 智久,2,46,53.1,1,0,0.15,5.09,27.27,46.36,5.33,33.33,33.33,39.3,58.71,0,16.67
2025-07-22,15,8,2025-07-22 18:46:00,5,サッポロビールカップ2025,1,4218,吉川 喜継,1,43,52,0,0,0.16,6.31,47.45,65.69,7.59,58.82,82.35,31.66,50.25,66.67,83.33
2025-07-22,15,8,2025-07-22 18:46:00,5,サッポロビールカップ2025,2,4842,山下 昂大,2,33,53.8,0,0,0.17,5.98,42.27,68.04,0,0,0,30.61,48.98,57.14,71.43
2025-07-22,15,8,2025-07-22 18:46:00,5,サッポロビールカップ2025,3,3212,亀本 勇樹,3,63,58.1,0,0,0.17,3.96,13.75,37.5,3.56,19.44,27.78,35.75,52.85,0,0
2025-07-22,15,8,2025-07-22 18:46:00,5,サッポロビールカップ2025,4,4594,谷川 祐一,2,43,52,0,0,0.16,5.62,37.39,55.65,5.66,39.47,52.63,24.43,37.5,0,100
2025-07-22,15,8,2025-07-22 18:46:00,5,サッポロビールカップ2025,5,3523,寳田 亮治,3,56,52,0,0,0.17,4.93,32,48,5.36,36.17,46.81,33.33,49.21,50,50
2025-07-22,15,8,2025-07-22 18:46:00,5,サッポロビールカップ2025,6,5363,山本 凱立,4,25,52.2,0,0,0.23,1.08,0,0,1.14,0,0,33.16,50,0,0
2025-07-22,15,9,2025-07-22 19:16:00,5,サッポロビールカップ2025,1,3731,高濱 芳久,2,52,52.8,0,0,0.17,5.23,36.08,49.48,4.79,34.21,47.37,27.37,44.21,14.29,14.29
2025-07-22,15,9,2025-07-22 19:16:00,5,サッポロビールカップ2025,2,4204,柴田 大輔,4,42,52,0,0,0.26,4.38,21.74,40.58,2.5,0,7.14,31.44,51.55,0,0
2025-07-22,15,9,2025-07-22 19:16:00,5,サッポロビールカップ2025,3,4782,浜崎 準也,3,38,52,1,0,0.17,4.28,21.59,36.36,4.82,35.9,41.03,36.02,53.23,16.67,16.67
2025-07-22,15,9,2025-07-22 19:16:00,5,サッポロビールカップ2025,4,4511,中岡 健人,4,36,56.1,0,0,0.19,4.05,24.14,37.93,4.8,26.15,46.15,30.89,47.12,0,0
2025-07-22,15,9,2025-07-22 19:16:00,5,サッポロビールカップ2025,5,4108,吉村 正明,4,45,50.5,0,0,0.14,5.33,34.88,51.16,6.35,45,70,31.96,45.88,0,0
2025-07-22,15,9,2025-07-22 19:16:00,5,サッポロビールカップ2025,6,4355,小川 広大,3,41,56,0,0,0.2,3.48,14.42,24.04,5,27.78,50,26.82,43.58,0,0
2025-07-22,15,10,2025-07-22 19:48:00,5,サッポロビールカップ2025,1,4303,牧原 崇,2,42,52,0,0,0.19,5.45,37.62,54.46,5.56,27.78,61.11,29.9,50.52,0,0
2025-07-22,15,10,2025-07-22 19:48:00,5,サッポロビールカップ2025,2,3771,折下 寛法,3,51,52,0,0,0.13,4.67,23.08,39.42,4.76,29.41,35.29,29.59,45.41,71.43,71.43
2025-07-22,15,10,2025-07-22 19:48:00,5,サッポロビールカップ2025,3,3833,中辻 博訓,1,50,52.5,0,0,0.13,6.49,45.9,67.21,6.21,45.83,70.83,30.89,46.07,33.33,66.67
2025-07-22,15,10,2025-07-22 19:48:00,5,サッポロビールカップ2025,4,3812,山崎 聖司,3,49,51.5,0,0,0.17,4.5,29.13,41.75,4.86,28.57,42.86,44.1,60,0,28.57
2025-07-22,15,10,2025-07-22 19:48:00,5,サッポロビールカップ2025,5,4635,峰重 力也,3,35,52.5,0,0,0.15,4.89,29.69,51.56,4.82,25,50,40,50,0,0
2025-07-22,15,10,2025-07-22 19:48:00,5,サッポロビールカップ2025,6,4513,河野 真也,2,36,52,0,0,0.17,5.35,30.77,55.56,5.45,36.36,63.64,35.71,48.47,0,0
2025-07-22,15,11,2025-07-22 20:16:00,5,サッポロビールカップ2025,1,4105,松下 直也,2,45,52,0,0,0.18,5.51,34.59,55.64,5.47,33.33,53.33,31.31,50,0,0
2025-07-22,15,11,2025-07-22 20:16:00,5,サッポロビールカップ2025,2,4700,金子 和之,1,38,52.2,0,0,0.16,6.44,46.77,65.32,6.54,45.83,79.17,27.55,42.35,0,0
2025-07-22,15,11,2025-07-22 20:16:00,5,サッポロビールカップ2025,3,4850,野中 一平,2,30,52.8,0,0,0.12,5.33,30.68,45.45,8.3,80,90,27.32,42.78,50,50
2025-07-22,15,11,2025-07-22 20:16:00,5,サッポロビールカップ2025,4,3714,梶原 正,3,50,55.4,0,0,0.17,4.13,21.98,34.07,4.31,23.08,38.46,30.53,45.26,0,0
2025-07-22,15,11,2025-07-22 20:16:00,5,サッポロビールカップ2025,5,3742,宮地 秀祈,3,51,52,0,0,0.18,4.11,16.9,38.03,5.75,25,62.5,38.61,51.98,0,50
2025-07-22,15,11,2025-07-22 20:16:00,5,サッポロビールカップ2025,6,4218,吉川 喜継,1,43,52,0,0,0.16,6.31,47.45,65.69,7.59,58.82,82.35,31.66,50.25,66.67,83.33
2025-07-22,15,12,2025-07-22 20:45:00,5,サッポロビールカップ2025,1,4828,松山 将吾,1,30,51,0,0,0.14,6.41,46.09,64.06,4.55,18.18,45.45,27.22,46.11,0,0
2025-07-22,15,12,2025-07-22 20:45:00,5,サッポロビールカップ2025,2,4245,高橋 直哉,3,43,52,0,0,0.18,5.02,31.13,48.11,5.71,14.29,85.71,38.5,50.5,0,50
2025-07-22,15,12,2025-07-22 20:45:00,5,サッポロビールカップ2025,3,5032,谷口 知優,3,27,52,0,0,0.17,5.29,33.98,47.57,4.78,26.83,42.68,27.42,43.01,0,0
2025-07-22,15,12,2025-07-22 20:45:00,5,サッポロビールカップ2025,4,4295,小坂 尚哉,1,38,51.5,1,0,0.13,6.9,56.62,70.59,7.39,61.29,70.97,31.68,48.51,28.57,100
2025-07-22,15,12,2025-07-22 20:45:00,5,サッポロビールカップ2025,5,5043,中村 日向,1,26,52,0,0,0.16,7.6,65,76.67,6.67,52.29,63.3,32.31,53.33,16.67,16.67
2025-07-22,15,12,2025-07-22 20:45:00,5,サッポロビールカップ2025,6,3442,宮武 英司,3,55,53.1,0,0,0.17,5.26,31.68,52.48,4.98,30,45.38,28.43,41.62,0,0
2025-07-22,16,1,2025-07-22 10:53:00,5,山陽新聞社杯,1,5096,上原 崚,2,30,52,0,0,0.13,5.6,37.93,52.87,4.38,12.5,37.5,27.21,47.79,25.74,38.24
2025-07-22,16,1,2025-07-22 10:53:00,5,山陽新聞社杯,2,3477,近藤 稔也,3,54,52.2,0,0,0.19,4.04,16.67,33.33,4.14,21.43,28.57,28.67,48,40.6,60.15
2025-07-22,16,1,2025-07-22 10:53:00,5,山陽新聞社杯,3,4449,中嶋 達也,3,38,54.1,0,0,0.16,3.41,8.41,28.97,4.22,22.22,33.33,27.15,41.06,26.32,43.61
2025-07-22,16,1,2025-07-22 10:53:00,5,山陽新聞社杯,4,4564,山本 景士郎,3,37,53.7,1,0,0.18,4.29,20.51,35.9,4.82,36.36,36.36,27.52,53.69,28.79,52.27
2025-07-22,16,1,2025-07-22 10:53:00,5,山陽新聞社杯,5,3546,中里 昌志,3,56,52,1,0,0.18,4.51,27.06,41.18,3.22,11.11,22.22,41.96,58.04,26.95,39.72
2025-07-22,16,1,2025-07-22 10:53:00,5,山陽新聞社杯,6,4988,牟田 奨太,3,28,54.6,0,0,0.15,4.07,27.84,36.08,3.11,22.22,22.22,27.34,42.45,30.08,45.86
2025-07-22,16,2,2025-07-22 11:23:00,5,山陽新聞社杯,1,4636,赤池 修平,3,35,52,0,0,0.17,4.29,26.83,37.8,2.88,7.69,23.08,31.51,43.84,25.95,41.22
2025-07-22,16,2,2025-07-22 11:23:00,5,山陽新聞社杯,2,4020,川上 清人,3,45,62.1,1,0,0.17,4.36,27.5,38.75,5.31,36.11,52.78,38.36,58.9,32.84,50
2025-07-22,16,2,2025-07-22 11:23:00,5,山陽新聞社杯,3,3656,伯母 芳恒,3,51,55.8,0,0,0.18,4.86,28.26,44.57,0,0,0,32.43,51.35,32.12,43.07
2025-07-22,16,2,2025-07-22 11:23:00,5,山陽新聞社杯,4,3935,岩津 徹郎,3,47,55,0,0,0.17,5.18,30.56,50.93,5.47,37.14,54.29,25.52,39.31,36.76,48.53
2025-07-22,16,2,2025-07-22 11:23:00,5,山陽新聞社杯,5,3934,鋤柄 貴俊,3,48,52.6,0,0,0.16,4.48,22.77,41.58,4.07,21.43,35.71,30.87,46.31,31.65,46.76
2025-07-22,16,2,2025-07-22 11:23:00,5,山陽新聞社杯,6,5101,表 健太,4,28,52.7,0,0,,3.11,0,22.22,3.06,17.65,29.41,41.13,61.7,36.43,50.71
2025-07-22,16,3,2025-07-22 11:50:00,5,山陽新聞社杯,1,4691,水原 慎,3,42,51,0,0,0.17,4.65,21.05,45.61,4.89,26.32,47.37,43.45,61.38,36.96,53.62
2025-07-22,16,3,2025-07-22 11:50:00,5,山陽新聞社杯,2,4200,早川 尚人,3,42,53.5,0,0,0.18,4.51,18.28,36.56,3.89,7.14,32.14,28.67,53.33,26.62,43.17
2025-07-22,16,3,2025-07-22 11:50:00,5,山陽新聞社杯,3,4457,神田 達也,3,39,53,0,0,0.17,4.23,22.58,32.26,5.46,42.86,57.14,31.08,53.38,22.31,35.54
2025-07-22,16,3,2025-07-22 11:50:00,5,山陽新聞社杯,4,3411,池上 隆行,3,55,51.5,0,0,0.18,3.49,12.64,26.44,2.91,4.26,12.77,22.63,38.69,33.33,48.15
2025-07-22,16,3,2025-07-22 11:50:00,5,山陽新聞社杯,5,5288,尾道 佳諭,3,25,52,0,0,0.26,2.78,12.5,17.19,0,0,0,42.76,60.69,37.5,57.35
2025-07-22,16,3,2025-07-22 11:50:00,5,山陽新聞社杯,6,5392,安武 一也,4,24,51.5,0,0,,1.33,0,0,0,0,0,23.74,35.25,40,52.59
2025-07-22,16,4,2025-07-22 12:20:00,5,山陽新聞社杯,1,4793,金子 萌,2,35,51.5,0,0,0.16,5.98,43.2,60.8,6.4,48.33,65,32.45,47.68,25.38,48.46
2025-07-22,16,4,2025-07-22 12:20:00,5,山陽新聞社杯,2,5303,土井 歩夢,3,22,51.5,0,0,0.17,4.78,21.95,48.78,2.89,0,22.22,26.12,43.28,40.15,55.47
2025-07-22,16,4,2025-07-22 12:20:00,5,山陽新聞社杯,3,3224,栗山 繁洋,3,60,52.8,0,0,0.17,4.03,20.79,34.65,4.56,27.78,50,30.46,43.05,36.5,52.55
2025-07-22,16,4,2025-07-22 12:20:00,5,山陽新聞社杯,4,3024,西島 義則,1,63,55.9,0,0,0.16,6.66,55.74,65.57,6.76,51.72,65.52,40.27,54.36,29.71,39.86
2025-07-22,16,4,2025-07-22 12:20:00,5,山陽新聞社杯,5,4711,前出 達吉,2,35,51.5,1,0,0.14,5.82,41.57,61.8,5.21,36.84,42.11,40.94,57.05,41.48,56.3
2025-07-22,16,4,2025-07-22 12:20:00,5,山陽新聞社杯,6,5408,中山 鷹輔,4,20,52.2,0,0,,1.29,0,0,0,0,0,38.78,54.42,41.04,60.45
2025-07-22,16,5,2025-07-22 12:50:00,5,山陽新聞社杯,1,4260,中越 博紀,2,41,52.5,0,0,0.17,5.41,41,53,5.27,18.18,63.64,26.71,43.15,38.24,57.35
2025-07-22,16,5,2025-07-22 12:50:00,5,山陽新聞社杯,2,3612,馬袋 義則,1,52,52.4,0,0,0.14,6.52,44.14,66.9,5.45,45.45,50,31.39,48.91,32.06,54.2
2025-07-22,16,5,2025-07-22 12:50:00,5,山陽新聞社杯,3,4876,梅木 敬太,3,30,53.2,0,0,0.17,4.93,29,47,3.92,25,29.17,33.79,51.72,25.76,43.94
2025-07-22,16,5,2025-07-22 12:50:00,5,山陽新聞社杯,4,4449,中嶋 達也,3,38,54.1,0,0,0.16,3.41,8.41,28.97,4.22,22.22,33.33,27.15,41.06,26.32,43.61
2025-07-22,16,5,2025-07-22 12:50:00,5,山陽新聞社杯,5,3746,岡瀬 正人,2,50,52,0,0,0.17,5.99,44.37,61.97,5.96,41.9,60.89,46.76,61.87,44.53,58.39
2025-07-22,16,5,2025-07-22 12:50:00,5,山陽新聞社杯,6,5401,谷 海夏人,4,22,52.5,0,0,,1.65,3.85,3.85,0,0,0,22.79,39.71,30.22,51.8
2025-07-22,16,6,2025-07-22 13:18:00,5,山陽新聞社杯,1,4036,金田 諭,2,46,52,0,0,0.17,6.37,45.76,66.1,6.41,46.88,68.75,51.75,69.23,29.85,50
2025-07-22,16,6,2025-07-22 13:18:00,5,山陽新聞社杯,2,4463,三苫 晃幸,2,39,53.4,1,0,0.17,5.51,36.97,52.1,5.76,39.02,58.54,26.17,38.26,31.11,51.11
2025-07-22,16,6,2025-07-22 13:18:00,5,山陽新聞社杯,3,4949,横田 貴満,1,32,50,0,0,0.16,6.65,50.76,71.97,6.91,45.45,90.91,31.33,49.33,35.11,52.67
2025-07-22,16,6,2025-07-22 13:18:00,5,山陽新聞社杯,4,3656,伯母 芳恒,3,51,55.8,0,0,0.18,4.86,28.26,44.57,0,0,0,32.43,51.35,32.12,43.07
2025-07-22,16,6,2025-07-22 13:18:00,5,山陽新聞社杯,5,4564,山本 景士郎,3,37,53.7,1,0,0.18,4.29,20.51,35.9,4.82,36.36,36.36,27.52,53.69,28.79,52.27
2025-07-22,16,6,2025-07-22 13:18:00,5,山陽新聞社杯,6,4880,澤崎 雄哉,3,30,52.1,1,0,0.15,5.31,36.47,50.59,0,0,0,34.9,51.01,30.37,51.11
2025-07-22,16,7,2025-07-22 13:52:00,5,山陽新聞社杯,1,3556,田中 信一郎,1,52,53.2,0,0,0.15,6.96,53.91,71.3,7.77,56.67,76.67,26.21,42.76,29.5,47.48
2025-07-22,16,7,2025-07-22 13:52:00,5,山陽新聞社杯,2,3546,中里 昌志,3,56,52,1,0,0.18,4.51,27.06,41.18,3.22,11.11,22.22,41.96,58.04,26.95,39.72
2025-07-22,16,7,2025-07-22 13:52:00,5,山陽新聞社杯,3,5101,表 健太,4,28,52.7,0,0,,3.11,0,22.22,3.06,17.65,29.41,41.13,61.7,36.43,50.71
2025-07-22,16,7,2025-07-22 13:52:00,5,山陽新聞社杯,4,4257,古川 健,3,41,52,1,0,0.15,5.18,33.67,50,0,0,0,25.55,35.04,23.7,38.52
2025-07-22,16,7,2025-07-22 13:52:00,5,山陽新聞社杯,5,4020,川上 清人,3,45,62.1,1,0,0.17,4.36,27.5,38.75,5.31,36.11,52.78,38.36,58.9,32.84,50
2025-07-22,16,7,2025-07-22 13:52:00,5,山陽新聞社杯,6,3411,池上 隆行,3,55,51.5,0,0,0.18,3.49,12.64,26.44,2.91,4.26,12.77,22.63,38.69,33.33,48.15
2025-07-22,16,8,2025-07-22 14:28:00,5,山陽新聞社杯,1,5288,尾道 佳諭,3,25,52,0,0,0.26,2.78,12.5,17.19,0,0,0,42.76,60.69,37.5,57.35
2025-07-22,16,8,2025-07-22 14:28:00,5,山陽新聞社杯,2,4988,牟田 奨太,3,28,54.6,0,0,0.15,4.07,27.84,36.08,3.11,22.22,22.22,27.34,42.45,30.08,45.86
2025-07-22,16,8,2025-07-22 14:28:00,5,山陽新聞社杯,3,4762,藤原 啓史朗,1,35,51,0,0,0.13,7.47,57.8,74.31,7.23,53.74,71.43,24.68,39.61,29.85,46.27
2025-07-22,16,8,2025-07-22 14:28:00,5,山陽新聞社杯,4,3934,鋤柄 貴俊,3,48,52.6,0,0,0.16,4.48,22.77,41.58,4.07,21.43,35.71,30.87,46.31,31.65,46.76
2025-07-22,16,8,2025-07-22 14:28:00,5,山陽新聞社杯,5,4200,早川 尚人,3,42,53.5,0,0,0.18,4.51,18.28,36.56,3.89,7.14,32.14,28.67,53.33,26.62,43.17
2025-07-22,16,8,2025-07-22 14:28:00,5,山陽新聞社杯,6,3224,栗山 繁洋,3,60,52.8,0,0,0.17,4.03,20.79,34.65,4.56,27.78,50,30.46,43.05,36.5,52.55
2025-07-22,16,9,2025-07-22 15:03:00,5,山陽新聞社杯,1,3024,西島 義則,1,63,55.9,0,0,0.16,6.66,55.74,65.57,6.76,51.72,65.52,40.27,54.36,29.71,39.86
2025-07-22,16,9,2025-07-22 15:03:00,5,山陽新聞社杯,2,4876,梅木 敬太,3,30,53.2,0,0,0.17,4.93,29,47,3.92,25,29.17,33.79,51.72,25.76,43.94
2025-07-22,16,9,2025-07-22 15:03:00,5,山陽新聞社杯,3,3935,岩津 徹郎,3,47,55,0,0,0.17,5.18,30.56,50.93,5.47,37.14,54.29,25.52,39.31,36.76,48.53
2025-07-22,16,9,2025-07-22 15:03:00,5,山陽新聞社杯,4,4636,赤池 修平,3,35,52,0,0,0.17,4.29,26.83,37.8,2.88,7.69,23.08,31.51,43.84,25.95,41.22
2025-07-22,16,9,2025-07-22 15:03:00,5,山陽新聞社杯,5,3477,近藤 稔也,3,54,52.2,0,0,0.19,4.04,16.67,33.33,4.14,21.43,28.57,28.67,48,40.6,60.15
2025-07-22,16,9,2025-07-22 15:03:00,5,山陽新聞社杯,6,4457,神田 達也,3,39,53,0,0,0.17,4.23,22.58,32.26,5.46,42.86,57.14,31.08,53.38,22.31,35.54
2025-07-22,16,10,2025-07-22 15:36:00,5,山陽新聞社杯,1,4880,澤崎 雄哉,3,30,52.1,1,0,0.15,5.31,36.47,50.59,0,0,0,34.9,51.01,30.37,51.11
2025-07-22,16,10,2025-07-22 15:36:00,5,山陽新聞社杯,2,5096,上原 崚,2,30,52,0,0,0.13,5.6,37.93,52.87,4.38,12.5,37.5,27.21,47.79,25.74,38.24
2025-07-22,16,10,2025-07-22 15:36:00,5,山陽新聞社杯,3,4793,金子 萌,2,35,51.5,0,0,0.16,5.98,43.2,60.8,6.4,48.33,65,32.45,47.68,25.38,48.46
2025-07-22,16,10,2025-07-22 15:36:00,5,山陽新聞社杯,4,4463,三苫 晃幸,2,39,53.4,1,0,0.17,5.51,36.97,52.1,5.76,39.02,58.54,26.17,38.26,31.11,51.11
2025-07-22,16,10,2025-07-22 15:36:00,5,山陽新聞社杯,5,3612,馬袋 義則,1,52,52.4,0,0,0.14,6.52,44.14,66.9,5.45,45.45,50,31.39,48.91,32.06,54.2
2025-07-22,16,10,2025-07-22 15:36:00,5,山陽新聞社杯,6,4691,水原 慎,3,42,51,0,0,0.17,4.65,21.05,45.61,4.89,26.32,47.37,43.45,61.38,36.96,53.62
2025-07-22,16,11,2025-07-22 16:11:00,5,山陽新聞社杯,1,3746,岡瀬 正人,2,50,52,0,0,0.17,5.99,44.37,61.97,5.96,41.9,60.89,46.76,61.87,44.53,58.39
2025-07-22,16,11,2025-07-22 16:11:00,5,山陽新聞社杯,2,4711,前出 達吉,2,35,51.5,1,0,0.14,5.82,41.57,61.8,5.21,36.84,42.11,40.94,57.05,41.48,56.3
2025-07-22,16,11,2025-07-22 16:11:00,5,山陽新聞社杯,3,5303,土井 歩夢,3,22,51.5,0,0,0.17,4.78,21.95,48.78,2.89,0,22.22,26.12,43.28,40.15,55.47
2025-07-22,16,11,2025-07-22 16:11:00,5,山陽新聞社杯,4,3556,田中 信一郎,1,52,53.2,0,0,0.15,6.96,53.91,71.3,7.77,56.67,76.67,26.21,42.76,29.5,47.48
2025-07-22,16,11,2025-07-22 16:11:00,5,山陽新聞社杯,5,4036,金田 諭,2,46,52,0,0,0.17,6.37,45.76,66.1,6.41,46.88,68.75,51.75,69.23,29.85,50
2025-07-22,16,11,2025-07-22 16:11:00,5,山陽新聞社杯,6,4260,中越 博紀,2,41,52.5,0,0,0.17,5.41,41,53,5.27,18.18,63.64,26.71,43.15,38.24,57.35
2025-07-22,16,12,2025-07-22 16:50:00,5,山陽新聞社杯,1,4193,郷原 章平,2,43,52,1,0,0.16,5.05,33.67,47.96,5.83,43.9,56.1,43.07,59.85,38.81,58.96
2025-07-22,16,12,2025-07-22 16:50:00,5,山陽新聞社杯,2,4543,重木 輝彦,1,37,51.5,0,0,0.19,7.25,58.76,78.35,5.47,41.18,52.94,31.76,47.97,42.65,52.21
2025-07-22,16,12,2025-07-22 16:50:00,5,山陽新聞社杯,3,4033,伊藤 将吉,1,46,52,0,0,0.14,6.72,52.27,70.45,7.56,66.67,77.78,29.73,45.95,39.85,60.15
2025-07-22,16,12,2025-07-22 16:50:00,5,山陽新聞社杯,4,4056,小西 英輝,3,46,52,0,0,0.15,4.23,20.93,39.53,0,0,0,33.83,57.14,42.96,68.15
2025-07-22,16,12,2025-07-22 16:50:00,5,山陽新聞社杯,5,4518,大須賀 友,1,38,52.4,1,0,0.16,5.8,39.08,59.77,5.67,38.89,50,41.78,60.96,31.16,39.86
2025-07-22,16,12,2025-07-22 16:50:00,5,山陽新聞社杯,6,4271,川崎 公靖,3,43,51.5,1,0,0.16,4.28,20.18,35.96,4.56,22.22,55.56,38.67,56,36.23,55.8
2025-07-22,18,1,2025-07-22 10:37:00,1,第30回オーシャンカップ,1,4537,渡邉 和将,1,35,50.5,0,0,0.12,6.69,43.14,53.92,7.55,63.16,71.05,52.83,66.04,36.47,48.82
2025-07-22,18,1,2025-07-22 10:37:00,1,第30回オーシャンカップ,2,4504,前田 将太,1,37,53.7,0,0,0.14,7.72,58.41,80.53,7.31,57.14,71.43,27.66,44.68,41.92,53.89
2025-07-22,18,1,2025-07-22 10:37:00,1,第30回オーシャンカップ,3,4459,片岡 雅裕,1,39,52,0,0,0.12,6.68,39.53,59.69,6.86,40,45.71,36,54,37.35,57.83
2025-07-22,18,1,2025-07-22 10:37:00,1,第30回オーシャンカップ,4,4502,遠藤 エミ,1,37,45,0,0,0.14,6.75,36.04,57.66,6,45.45,54.55,50.91,63.64,29.94,49.7
2025-07-22,18,1,2025-07-22 10:37:00,1,第30回オーシャンカップ,5,3716,石渡 鉄兵,1,50,52.9,0,0,0.12,6.54,41.38,64.66,6,22.22,33.33,37.93,50,31.55,48.81
2025-07-22,18,1,2025-07-22 10:37:00,1,第30回オーシャンカップ,6,4851,関 浩哉,1,30,50.5,0,0,0.14,7.67,51.04,76.04,6.79,47.37,52.63,41.54,67.69,34.5,54.39
2025-07-22,18,2,2025-07-22 11:06:00,1,第30回オーシャンカップ,1,4391,松田 祐季,1,39,52,0,0,0.16,6.78,51.35,68.47,6.47,47.06,64.71,51.79,69.64,39.31,55.49
2025-07-22,18,2,2025-07-22 11:06:00,1,第30回オーシャンカップ,2,4586,磯部 誠,1,34,52.4,0,0,0.13,7.52,53.45,71.55,7.67,48.15,66.67,25,47.73,36.9,55.95
2025-07-22,18,2,2025-07-22 11:06:00,1,第30回オーシャンカップ,3,4030,森高 一真,1,47,49.5,0,0,0.15,6.77,44.57,64.13,7.8,70,90,43.75,62.5,44.77,59.88
2025-07-22,18,2,2025-07-22 11:06:00,1,第30回オーシャンカップ,4,4524,深谷 知博,1,37,52,0,0,0.12,7.29,48.72,66.67,6.22,27.78,50,26.53,42.86,29.52,48.8
2025-07-22,18,2,2025-07-22 11:06:00,1,第30回オーシャンカップ,5,3783,瓜生 正義,1,49,52.3,0,0,0.15,7.13,50,62.5,0,0,0,28.07,50.88,31.58,47.95
2025-07-22,18,2,2025-07-22 11:06:00,1,第30回オーシャンカップ,6,4528,黒井 達矢,1,36,52,0,0,0.16,6.73,48.44,65.63,5.63,25,50,25.81,37.1,34.52,48.21
2025-07-22,18,3,2025-07-22 11:35:00,1,第30回オーシャンカップ,1,4362,土屋 智則,1,40,52.8,0,0,0.12,7.51,50,72.22,7.31,53.85,69.23,54.35,73.91,33.73,50.3
2025-07-22,18,3,2025-07-22 11:35:00,1,第30回オーシャンカップ,2,4337,平本 真之,1,41,53.8,0,0,0.12,7.14,51.72,65.52,8.75,62.5,75,49.12,63.16,39.52,55.09
2025-07-22,18,3,2025-07-22 11:35:00,1,第30回オーシャンカップ,3,4719,上條 暢嵩,1,31,51.5,0,0,0.14,7.15,48.82,61.42,6.56,37.5,43.75,38.89,44.44,29.52,45.78
2025-07-22,18,3,2025-07-22 11:35:00,1,第30回オーシャンカップ,4,4013,中島 孝平,1,45,52,0,0,0.14,7.23,49.09,63.64,6.56,37.21,55.81,32.26,48.39,32.54,49.11
2025-07-22,18,3,2025-07-22 11:35:00,1,第30回オーシャンカップ,5,4932,新開 航,1,29,52,0,0,0.15,7.14,54.31,70.69,8.44,66.67,100,35.82,56.72,37.65,54.71
2025-07-22,18,3,2025-07-22 11:35:00,1,第30回オーシャンカップ,6,4445,宮地 元輝,1,38,54.3,0,0,0.12,7.31,47.86,66.67,8.21,52.63,89.47,28.57,46.94,35.26,46.24
2025-07-22,18,4,2025-07-22 12:08:00,1,第30回オーシャンカップ,1,4848,仲谷 颯仁,1,30,52,0,0,0.15,7.46,54.29,74.29,0,0,0,32.14,55.36,31.4,53.49
2025-07-22,18,4,2025-07-22 12:08:00,1,第30回オーシャンカップ,2,3719,辻 栄蔵,1,50,52,0,0,0.17,7.21,52.1,77.31,6.71,35.29,55.88,36.36,56.82,30.54,49.1
2025-07-22,18,4,2025-07-22 12:08:00,1,第30回オーシャンカップ,3,4444,桐生 順平,1,38,52,0,0,0.14,7.89,55.66,71.7,8.44,33.33,66.67,46.43,64.29,42.86,57.74
2025-07-22,18,4,2025-07-22 12:08:00,1,第30回オーシャンカップ,4,4208,三浦 永理,1,42,47,0,0,0.15,6.9,47.17,71.7,7.17,41.67,83.33,43.64,63.64,33.73,50.6
2025-07-22,18,4,2025-07-22 12:08:00,1,第30回オーシャンカップ,5,4503,上野 真之介,1,37,52,0,0,0.12,7.53,57.58,68.94,7.37,51.85,62.96,35.29,52.94,39.88,55.95
2025-07-22,18,4,2025-07-22 12:08:00,1,第30回オーシャンカップ,6,4024,井口 佳典,1,47,52.6,0,0,0.15,7.04,49.56,57.52,5.38,25,25,44.64,58.93,33.72,52.33
2025-07-22,18,5,2025-07-22 12:40:00,1,第30回オーシャンカップ,1,4468,大池 佑来,1,38,51,0,0,0.14,7.42,53.85,72.65,5.11,11.11,22.22,28.57,48.98,38.92,56.29
2025-07-22,18,5,2025-07-22 12:40:00,1,第30回オーシャンカップ,2,4450,平高 奈菜,1,38,48,0,0,0.15,7.22,50,74.53,5.74,36.84,52.63,35.19,51.85,29.82,49.71
2025-07-22,18,5,2025-07-22 12:40:00,1,第30回オーシャンカップ,3,5121,定松 勇樹,1,24,52.7,1,0,0.14,6.83,45.28,63.21,5.71,42.86,71.43,35.85,52.83,37.13,54.49
2025-07-22,18,5,2025-07-22 12:40:00,1,第30回オーシャンカップ,4,3897,白井 英治,1,48,52.6,0,0,0.15,7.77,63.81,80,8.61,73.33,90.67,30.91,49.09,32.75,52.63
2025-07-22,18,5,2025-07-22 12:40:00,1,第30回オーシャンカップ,5,4573,佐藤 翼,1,36,52.1,0,0,0.14,7.45,46.23,70.75,7.58,53.85,73.08,33.33,62.12,36.75,51.2
2025-07-22,18,5,2025-07-22 12:40:00,1,第30回オーシャンカップ,6,4350,篠崎 元志,1,39,52.3,0,0,0.13,7.09,46.15,64.1,5.53,13.33,40,42.11,54.39,37.65,52.35
2025-07-22,18,6,2025-07-22 13:11:00,1,第30回オーシャンカップ,1,4826,井上 一輝,1,31,52.2,0,0,0.14,7.07,51.72,71.03,6.78,33.33,55.56,39.66,50,34.32,54.44
2025-07-22,18,6,2025-07-22 13:11:00,1,第30回オーシャンカップ,2,4886,入海 馨,1,29,52,0,0,0.15,7.03,46.73,68.22,7.11,53.33,68.89,26.92,51.92,32.18,48.28
2025-07-22,18,6,2025-07-22 13:11:00,1,第30回オーシャンカップ,3,4371,西山 貴浩,1,38,53.3,0,0,0.14,6.58,40,56.84,7.38,25,62.5,53.7,64.81,34.32,52.07
2025-07-22,18,6,2025-07-22 13:11:00,1,第30回オーシャンカップ,4,4494,河合 佑樹,1,38,51.5,0,0,0.14,6.5,44.12,58.09,7.63,54.17,66.67,30.65,41.94,35.67,50.88
2025-07-22,18,6,2025-07-22 13:11:00,1,第30回オーシャンカップ,5,4682,大上 卓人,1,34,52.8,0,0,0.13,6.96,49.64,71.22,7.94,43.75,75,40.35,63.16,34.94,50
2025-07-22,18,6,2025-07-22 13:11:00,1,第30回オーシャンカップ,6,4320,峰 竜太,1,40,52,1,0,0.11,7.83,50,73.47,8.88,75,87.5,29.82,45.61,32.34,48.5
2025-07-22,18,7,2025-07-22 13:42:00,1,第30回オーシャンカップ,1,4500,山田 康二,1,37,52.9,0,0,0.15,7.57,54.33,69.29,7.44,50,68.75,26.53,32.65,32.14,47.02
2025-07-22,18,7,2025-07-22 13:42:00,1,第30回オーシャンカップ,2,3415,松井 繁,1,55,52.6,0,0,0.16,6.97,42.97,67.19,6.84,38.71,64.52,48.08,65.38,30.77,46.75
2025-07-22,18,7,2025-07-22 13:42:00,1,第30回オーシャンカップ,3,4851,関 浩哉,1,30,50.5,0,0,0.14,7.67,51.04,76.04,6.79,47.37,52.63,41.54,67.69,34.5,54.39
2025-07-22,18,7,2025-07-22 13:42:00,1,第30回オーシャンカップ,4,4344,新田 雄史,1,40,52.7,0,0,0.14,8.09,63.25,81.2,6.53,42.11,57.89,38.64,61.36,31.55,48.21
2025-07-22,18,7,2025-07-22 13:42:00,1,第30回オーシャンカップ,5,4324,海野 康志郎,1,37,57.1,0,0,0.14,7.29,59.48,76.72,7.7,80,90,33.93,53.57,33.33,46.43
2025-07-22,18,7,2025-07-22 13:42:00,1,第30回オーシャンカップ,6,4586,磯部 誠,1,34,52.4,0,0,0.13,7.52,53.45,71.55,7.67,48.15,66.67,25,47.73,36.9,55.95
2025-07-22,18,8,2025-07-22 14:14:00,1,第30回オーシャンカップ,1,4502,遠藤 エミ,1,37,45,0,0,0.14,6.75,36.04,57.66,6,45.45,54.55,50.91,63.64,29.94,49.7
2025-07-22,18,8,2025-07-22 14:14:00,1,第30回オーシャンカップ,2,4030,森高 一真,1,47,49.5,0,0,0.15,6.77,44.57,64.13,7.8,70,90,43.75,62.5,44.77,59.88
2025-07-22,18,8,2025-07-22 14:14:00,1,第30回オーシャンカップ,3,3942,寺田 祥,1,46,53.9,0,0,0.16,5.79,25.56,45.56,7.39,48.39,69.35,26.32,52.63,34.88,50
2025-07-22,18,8,2025-07-22 14:14:00,1,第30回オーシャンカップ,4,4445,宮地 元輝,1,38,54.3,0,0,0.12,7.31,47.86,66.67,8.21,52.63,89.47,28.57,46.94,35.26,46.24
2025-07-22,18,8,2025-07-22 14:14:00,1,第30回オーシャンカップ,5,4831,羽野 直也,1,30,52.7,1,0,0.12,7.04,46.74,59.78,7.26,42.11,73.68,32.14,53.57,38.15,57.8
2025-07-22,18,8,2025-07-22 14:14:00,1,第30回オーシャンカップ,6,4290,稲田 浩二,1,40,52,0,0,0.13,6.91,45.99,63.5,6.23,30.77,42.31,35.85,56.6,39.64,55.03
2025-07-22,18,9,2025-07-22 14:46:00,1,第30回オーシャンカップ,1,3783,瓜生 正義,1,49,52.3,0,0,0.15,7.13,50,62.5,0,0,0,28.07,50.88,31.58,47.95
2025-07-22,18,9,2025-07-22 14:46:00,1,第30回オーシャンカップ,2,4205,山口 剛,1,42,52.2,1,0,0.12,7.41,56.67,70,7.12,58.82,58.82,30.77,42.31,34.1,56.65
2025-07-22,18,9,2025-07-22 14:46:00,1,第30回オーシャンカップ,3,4503,上野 真之介,1,37,52,0,0,0.12,7.53,57.58,68.94,7.37,51.85,62.96,35.29,52.94,39.88,55.95
2025-07-22,18,9,2025-07-22 14:46:00,1,第30回オーシャンカップ,4,4537,渡邉 和将,1,35,50.5,0,0,0.12,6.69,43.14,53.92,7.55,63.16,71.05,52.83,66.04,36.47,48.82
2025-07-22,18,9,2025-07-22 14:46:00,1,第30回オーシャンカップ,5,4739,中村 晃朋,1,33,50.5,0,0,0.15,6.82,49.11,61.61,5.75,12.5,50,31.48,44.44,44.58,62.05
2025-07-22,18,9,2025-07-22 14:46:00,1,第30回オーシャンカップ,6,4337,平本 真之,1,41,53.8,0,0,0.12,7.14,51.72,65.52,8.75,62.5,75,49.12,63.16,39.52,55.09
2025-07-22,18,10,2025-07-22 15:24:00,1,第30回オーシャンカップ,1,4524,深谷 知博,1,37,52,0,0,0.12,7.29,48.72,66.67,6.22,27.78,50,26.53,42.86,29.52,48.8
2025-07-22,18,10,2025-07-22 15:24:00,1,第30回オーシャンカップ,2,3897,白井 英治,1,48,52.6,0,0,0.15,7.77,63.81,80,8.61,73.33,90.67,30.91,49.09,32.75,52.63
2025-07-22,18,10,2025-07-22 15:24:00,1,第30回オーシャンカップ,3,3716,石渡 鉄兵,1,50,52.9,0,0,0.12,6.54,41.38,64.66,6,22.22,33.33,37.93,50,31.55,48.81
2025-07-22,18,10,2025-07-22 15:24:00,1,第30回オーシャンカップ,4,5084,末永 和也,1,26,52.6,0,0,0.13,7.47,55.24,71.43,7.5,68.75,75,40,53.33,31.98,50.58
2025-07-22,18,10,2025-07-22 15:24:00,1,第30回オーシャンカップ,5,4444,桐生 順平,1,38,52,0,0,0.14,7.89,55.66,71.7,8.44,33.33,66.67,46.43,64.29,42.86,57.74
2025-07-22,18,10,2025-07-22 15:24:00,1,第30回オーシャンカップ,6,4719,上條 暢嵩,1,31,51.5,0,0,0.14,7.15,48.82,61.42,6.56,37.5,43.75,38.89,44.44,29.52,45.78
2025-07-22,18,11,2025-07-22 16:03:00,1,第30回オーシャンカップ,1,4573,佐藤 翼,1,36,52.1,0,0,0.14,7.45,46.23,70.75,7.58,53.85,73.08,33.33,62.12,36.75,51.2
2025-07-22,18,11,2025-07-22 16:03:00,1,第30回オーシャンカップ,2,4024,井口 佳典,1,47,52.6,0,0,0.15,7.04,49.56,57.52,5.38,25,25,44.64,58.93,33.72,52.33
2025-07-22,18,11,2025-07-22 16:03:00,1,第30回オーシャンカップ,3,4391,松田 祐季,1,39,52,0,0,0.16,6.78,51.35,68.47,6.47,47.06,64.71,51.79,69.64,39.31,55.49
2025-07-22,18,11,2025-07-22 16:03:00,1,第30回オーシャンカップ,4,4320,峰 竜太,1,40,52,1,0,0.11,7.83,50,73.47,8.88,75,87.5,29.82,45.61,32.34,48.5
2025-07-22,18,11,2025-07-22 16:03:00,1,第30回オーシャンカップ,5,4362,土屋 智則,1,40,52.8,0,0,0.12,7.51,50,72.22,7.31,53.85,69.23,54.35,73.91,33.73,50.3
2025-07-22,18,11,2025-07-22 16:03:00,1,第30回オーシャンカップ,6,4459,片岡 雅裕,1,39,52,0,0,0.12,6.68,39.53,59.69,6.86,40,45.71,36,54,37.35,57.83
2025-07-22,18,12,2025-07-22 16:45:00,1,第30回オーシャンカップ,1,4238,毒島 誠,1,41,52,2,0,0.13,7.66,48.19,69.88,6.67,33.33,44.44,37.5,50,30.81,43.02
2025-07-22,18,12,2025-07-22 16:45:00,1,第30回オーシャンカップ,2,4418,茅原 悠紀,1,38,52.5,0,0,0.14,8.54,65,85.71,8.41,52.94,70.59,23.08,36.54,36.84,50.88
2025-07-22,18,12,2025-07-22 16:45:00,1,第30回オーシャンカップ,3,3941,池田 浩二,1,47,52,0,0,0.13,7.91,56.6,75.47,7.88,56.25,68.75,57.14,69.64,32.93,50.9
2025-07-22,18,12,2025-07-22 16:45:00,1,第30回オーシャンカップ,4,4262,馬場 貴也,1,41,52.7,0,0,0.15,6.91,43.59,58.12,8,33.33,55.56,30.19,49.06,34.91,54.44
2025-07-22,18,12,2025-07-22 16:45:00,1,第30回オーシャンカップ,5,4686,丸野 一樹,1,33,53.1,0,0,0.16,7.51,51.69,68.64,8.24,70.73,78.05,40,52,36.09,53.25
2025-07-22,18,12,2025-07-22 16:45:00,1,第30回オーシャンカップ,6,4166,吉田 拡郎,1,43,52.4,0,0,0.14,7.29,52.1,68.91,8.33,66.67,94.44,38.6,57.89,37.43,52.05
2025-07-22,20,1,2025-07-22 15:20:00,5,中間市行橋市競艇組合施行56周年記念競走,1,3825,宮嵜 隆太郎,3,52,59.3,0,0,0.13,4.08,23.01,35.4,4.23,27.08,33.33,40,53.79,31.03,44.83
2025-07-22,20,1,2025-07-22 15:20:00,5,中間市行橋市競艇組合施行56周年記念競走,2,4396,大田 直弥,3,39,53,0,0,0.2,4.91,26.47,44.12,4.92,26,48,31.97,51.7,32.35,44.12
2025-07-22,20,1,2025-07-22 15:20:00,5,中間市行橋市競艇組合施行56周年記念競走,3,4625,渡邊 裕貴,3,39,52,0,0,0.15,4.35,25.23,38.74,0,0,0,35.26,55.77,18.18,39.39
2025-07-22,20,1,2025-07-22 15:20:00,5,中間市行橋市競艇組合施行56周年記念競走,4,3797,岩井 繁,3,52,57.7,0,0,0.22,3.88,15.22,28.26,3.7,14.81,25.93,28.76,45.75,23.53,44.12
2025-07-22,20,1,2025-07-22 15:20:00,5,中間市行橋市競艇組合施行56周年記念競走,5,3891,谷口 健一,3,49,54.8,0,0,0.18,3.71,14.14,27.27,4.34,19.51,39.02,21.43,40.26,36.11,47.22
2025-07-22,20,1,2025-07-22 15:20:00,5,中間市行橋市競艇組合施行56周年記念競走,6,5340,樋江井 舞,3,23,44.5,0,0,0.21,3.14,9.52,24.76,0,0,0,46.36,60.93,19.35,41.94
2025-07-22,20,2,2025-07-22 15:46:00,5,中間市行橋市競艇組合施行56周年記念競走,1,3401,上田 隆章,3,57,52.5,1,0,0.19,4.81,27.14,48.57,5.49,37.84,56.76,28.29,48.03,12.5,15.63
2025-07-22,20,2,2025-07-22 15:46:00,5,中間市行橋市競艇組合施行56周年記念競走,2,4274,長畑 友輔,3,42,51,0,0,0.15,4.47,24.72,40.45,4.54,19.23,38.46,25.34,39.04,31.43,51.43
2025-07-22,20,2,2025-07-22 15:46:00,5,中間市行橋市競艇組合施行56周年記念競走,3,4884,勝浦 真帆,1,29,48.6,1,0,0.13,5.84,42.86,58.04,5.06,33.33,50,30.2,45.64,25,41.67
2025-07-22,20,2,2025-07-22 15:46:00,5,中間市行橋市競艇組合施行56周年記念競走,4,4102,益田 啓司,2,46,52,0,0,0.15,6.68,50,64.42,7.36,63.79,74.14,23.33,41.33,35.29,52.94
2025-07-22,20,2,2025-07-22 15:46:00,5,中間市行橋市競艇組合施行56周年記念競走,5,4164,岩永 節也,3,43,52,0,0,0.18,3.46,10.1,22.22,2.73,13.64,18.18,45.32,55.4,32.43,56.76
2025-07-22,20,2,2025-07-22 15:46:00,5,中間市行橋市競艇組合施行56周年記念競走,6,4374,永田 義紘,3,41,50.5,0,0,0.17,4.56,18.69,41.12,4.79,25.58,41.86,43.97,63.12,50,67.65
2025-07-22,20,3,2025-07-22 16:12:00,5,中間市行橋市競艇組合施行56周年記念競走,1,3568,木村 光宏,3,54,53.4,0,0,0.18,4.34,19.51,39.02,5.06,30.3,54.55,34.87,50,33.33,50
2025-07-22,20,3,2025-07-22 16:12:00,5,中間市行橋市競艇組合施行56周年記念競走,2,5020,宮村 勇哉,3,33,53.5,0,0,0.15,4.75,30.43,38.04,0,0,0,44.59,58.11,34.29,57.14
2025-07-22,20,3,2025-07-22 16:12:00,5,中間市行橋市競艇組合施行56周年記念競走,3,4558,宮野 仁,3,35,53.2,1,0,0.19,4.22,19.1,34.83,5.42,41.67,52.78,26.58,41.77,36.84,52.63
2025-07-22,20,3,2025-07-22 16:12:00,5,中間市行橋市競艇組合施行56周年記念競走,4,4532,秋元 哲,1,36,51,0,0,0.15,7.35,51.85,77.78,6,40,60,52.86,73.57,15.79,34.21
2025-07-22,20,3,2025-07-22 16:12:00,5,中間市行橋市競艇組合施行56周年記念競走,5,5048,眞鳥 康太,3,31,53.6,0,0,0.19,4.31,19.39,39.8,5.18,36.36,50,42.28,59.06,22.86,28.57
2025-07-22,20,3,2025-07-22 16:12:00,5,中間市行橋市競艇組合施行56周年記念競走,6,3635,石田 政吾,2,54,52.3,0,0,0.18,5.45,36.45,56.07,6.33,33.33,76.67,35.1,49.01,17.65,29.41
2025-07-22,20,4,2025-07-22 16:38:00,5,中間市行橋市競艇組合施行56周年記念競走,1,4836,大谷 健太,3,36,52.5,0,0,0.17,4.79,31.25,47.92,0,0,0,30.28,42.96,28.13,37.5
2025-07-22,20,4,2025-07-22 16:38:00,5,中間市行橋市競艇組合施行56周年記念競走,2,5028,原田 才一郎,1,28,52,0,0,0.16,6.71,48,64,6.73,54.84,62.37,32.09,51.49,54.29,68.57
2025-07-22,20,4,2025-07-22 16:38:00,5,中間市行橋市競艇組合施行56周年記念競走,3,4611,今井 美亜,2,34,48.2,0,0,0.16,6.38,47.47,60.61,6.67,57.14,66.67,29.75,43.04,40.54,56.76
2025-07-22,20,4,2025-07-22 16:38:00,5,中間市行橋市競艇組合施行56周年記念競走,4,4705,吉川 勇作,3,36,54.6,0,0,0.14,4.17,22.12,34.51,6.13,46.67,53.33,48.05,62.34,35.29,58.82
2025-07-22,20,4,2025-07-22 16:38:00,5,中間市行橋市競艇組合施行56周年記念競走,5,4821,妻鳥 晋也,3,33,56.2,0,0,0.19,4.96,29.81,50.96,0,0,0,38.06,51.61,50,58.33
2025-07-22,20,4,2025-07-22 16:38:00,5,中間市行橋市競艇組合施行56周年記念競走,6,4000,松本 博昭,2,48,55.2,0,0,0.17,5.92,36.62,61.97,6.4,47.17,71.7,32.48,49.68,31.25,50
2025-07-22,20,5,2025-07-22 17:08:00,5,中間市行橋市競艇組合施行56周年記念競走,1,4364,池永 太,1,40,52.9,0,0,0.14,6.64,48.94,62.77,6.79,55.17,67.24,45.75,66.01,41.18,58.82
2025-07-22,20,5,2025-07-22 17:08:00,5,中間市行橋市競艇組合施行56周年記念競走,2,4796,春園 功太,2,33,51.5,0,0,0.15,5.54,37,49,7.05,51.28,64.1,25.85,51.7,33.33,50
2025-07-22,20,5,2025-07-22 17:08:00,5,中間市行橋市競艇組合施行56周年記念競走,3,3875,廣中 良一,3,48,52,0,0,0.17,4.34,20.62,38.14,3.71,18.42,34.21,29.75,43.04,20,34.29
2025-07-22,20,5,2025-07-22 17:08:00,5,中間市行橋市競艇組合施行56周年記念競走,4,5104,山田 丈,2,26,52,0,0,0.17,6.22,45.38,64.62,5.65,38.38,58.38,24.29,37.86,29.41,55.88
2025-07-22,20,5,2025-07-22 17:08:00,5,中間市行橋市競艇組合施行56周年記念競走,5,5285,若林 麗,3,26,52,0,0,0.19,2.2,3.09,6.19,1.71,0,0,29.8,50.33,29.73,48.65
2025-07-22,20,5,2025-07-22 17:08:00,5,中間市行橋市競艇組合施行56周年記念競走,6,4909,薮内 瑞希,3,29,44,0,0,0.17,5.65,37.89,54.74,4.56,22.22,44.44,28.87,43.66,31.43,37.14
2025-07-22,20,6,2025-07-22 17:37:00,5,中間市行橋市競艇組合施行56周年記念競走,1,4416,三宅 健太,3,38,53.7,0,0,0.17,5.26,29.7,53.47,6.71,57.14,71.43,29.45,43.84,36.11,47.22
2025-07-22,20,6,2025-07-22 17:37:00,5,中間市行橋市競艇組合施行56周年記念競走,2,3362,間嶋 仁志,2,55,54.7,0,0,0.19,5.23,33.66,49.5,7.29,58.82,82.35,41.18,58.17,32.35,52.94
2025-07-22,20,6,2025-07-22 17:37:00,5,中間市行橋市競艇組合施行56周年記念競走,3,3797,岩井 繁,3,52,57.7,0,0,0.22,3.88,15.22,28.26,3.7,14.81,25.93,28.76,45.75,23.53,44.12
2025-07-22,20,6,2025-07-22 17:37:00,5,中間市行橋市競艇組合施行56周年記念競走,4,4288,永田 啓二,1,40,52,0,0,0.13,7.18,60,71.54,7.58,60.76,78.48,25.52,41.38,52.78,63.89
2025-07-22,20,6,2025-07-22 17:37:00,5,中間市行橋市競艇組合施行56周年記念競走,5,4464,山下 友貴,3,39,43.5,0,0,0.2,5.05,28.21,50,3.56,11.11,22.22,35.62,53.42,32.35,61.76
2025-07-22,20,6,2025-07-22 17:37:00,5,中間市行橋市競艇組合施行56周年記念競走,6,3349,吉田 一郎,2,57,52.1,0,0,0.16,5.97,37.76,59.18,5.48,29.63,44.44,25.16,45.81,45.45,54.55
2025-07-22,20,7,2025-07-22 18:04:00,5,中間市行橋市競艇組合施行56周年記念競走,1,3641,一瀬 明,2,54,52.2,0,0,0.15,5.91,40.18,59.82,5.22,37.5,53.13,32.68,45.1,47.5,75
2025-07-22,20,7,2025-07-22 18:04:00,5,中間市行橋市競艇組合施行56周年記念競走,2,4545,岡村 慶太,1,37,53.8,0,0,0.13,6.55,46.49,67.54,7.29,58.25,77.67,32.08,49.06,32.43,45.95
2025-07-22,20,7,2025-07-22 18:04:00,5,中間市行橋市競艇組合施行56周年記念競走,3,3891,谷口 健一,3,49,54.8,0,0,0.18,3.71,14.14,27.27,4.34,19.51,39.02,21.43,40.26,36.11,47.22
2025-07-22,20,7,2025-07-22 18:04:00,5,中間市行橋市競艇組合施行56周年記念競走,4,5020,宮村 勇哉,3,33,53.5,0,0,0.15,4.75,30.43,38.04,0,0,0,44.59,58.11,34.29,57.14
2025-07-22,20,7,2025-07-22 18:04:00,5,中間市行橋市競艇組合施行56周年記念競走,5,4058,野末 智一,2,46,52.1,0,0,0.21,5.29,32.77,52.94,5.18,35.71,46.43,30.19,52.83,48.39,70.97
2025-07-22,20,7,2025-07-22 18:04:00,5,中間市行橋市競艇組合施行56周年記念競走,6,5129,山口 真喜子,2,28,48.1,1,0,0.17,6.02,41.12,61.68,4.12,23.53,23.53,35.81,49.32,35.71,50
2025-07-22,20,8,2025-07-22 18:32:00,5,中間市行橋市競艇組合施行56周年記念競走,1,4370,山口 達也,1,38,52,0,0,0.17,6.43,50,57.38,6.02,42.11,57.89,34.01,59.18,9.38,25
2025-07-22,20,8,2025-07-22 18:32:00,5,中間市行橋市競艇組合施行56周年記念競走,2,4991,宗行 治哉,2,28,51.5,0,0,0.18,5.57,27.45,54.9,6.13,45.83,70.83,34.23,51.68,27.27,48.48
2025-07-22,20,8,2025-07-22 18:32:00,5,中間市行橋市競艇組合施行56周年記念競走,3,3635,石田 政吾,2,54,52.3,0,0,0.18,5.45,36.45,56.07,6.33,33.33,76.67,35.1,49.01,17.65,29.41
2025-07-22,20,8,2025-07-22 18:32:00,5,中間市行橋市競艇組合施行56周年記念競走,4,4836,大谷 健太,3,36,52.5,0,0,0.17,4.79,31.25,47.92,0,0,0,30.28,42.96,28.13,37.5
2025-07-22,20,8,2025-07-22 18:32:00,5,中間市行橋市競艇組合施行56周年記念競走,5,4274,長畑 友輔,3,42,51,0,0,0.15,4.47,24.72,40.45,4.54,19.23,38.46,25.34,39.04,31.43,51.43
2025-07-22,20,8,2025-07-22 18:32:00,5,中間市行橋市競艇組合施行56周年記念競走,6,4499,滝川 真由子,3,37,46,1,0,0.16,5.15,30.99,50.7,5.25,30,55,34.46,54.05,43.24,59.46
2025-07-22,20,9,2025-07-22 19:02:00,5,中間市行橋市競艇組合施行56周年記念競走,1,4190,長嶋 万記,1,44,49.2,0,0,0.16,6.01,40.78,57.28,0,0,0,35.06,53.25,42.86,60
2025-07-22,20,9,2025-07-22 19:02:00,5,中間市行橋市競艇組合施行56周年記念競走,2,4374,永田 義紘,3,41,50.5,0,0,0.17,4.56,18.69,41.12,4.79,25.58,41.86,43.97,63.12,50,67.65
2025-07-22,20,9,2025-07-22 19:02:00,5,中間市行橋市競艇組合施行56周年記念競走,3,4000,松本 博昭,2,48,55.2,0,0,0.17,5.92,36.62,61.97,6.4,47.17,71.7,32.48,49.68,31.25,50
2025-07-22,20,9,2025-07-22 19:02:00,5,中間市行橋市競艇組合施行56周年記念競走,4,4558,宮野 仁,3,35,53.2,1,0,0.19,4.22,19.1,34.83,5.42,41.67,52.78,26.58,41.77,36.84,52.63
2025-07-22,20,9,2025-07-22 19:02:00,5,中間市行橋市競艇組合施行56周年記念競走,5,3901,松田 憲幸,3,48,52,0,0,0.21,3.83,16.85,26.97,4.85,29.41,47.06,46.21,62.76,52.78,55.56
2025-07-22,20,9,2025-07-22 19:02:00,5,中間市行橋市競艇組合施行56周年記念競走,6,4623,中北 将史,3,40,53.3,0,0,0.18,4.55,22.12,41.59,3.75,16.67,33.33,29.49,42.95,16.67,33.33
2025-07-22,20,10,2025-07-22 19:32:00,5,中間市行橋市競艇組合施行56周年記念競走,1,4102,益田 啓司,2,46,52,0,0,0.15,6.68,50,64.42,7.36,63.79,74.14,23.33,41.33,35.29,52.94
2025-07-22,20,10,2025-07-22 19:32:00,5,中間市行橋市競艇組合施行56周年記念競走,2,5104,山田 丈,2,26,52,0,0,0.17,6.22,45.38,64.62,5.65,38.38,58.38,24.29,37.86,29.41,55.88
2025-07-22,20,10,2025-07-22 19:32:00,5,中間市行橋市競艇組合施行56周年記念競走,3,5048,眞鳥 康太,3,31,53.6,0,0,0.19,4.31,19.39,39.8,5.18,36.36,50,42.28,59.06,22.86,28.57
2025-07-22,20,10,2025-07-22 19:32:00,5,中間市行橋市競艇組合施行56周年記念競走,4,4625,渡邊 裕貴,3,39,52,0,0,0.15,4.35,25.23,38.74,0,0,0,35.26,55.77,18.18,39.39
2025-07-22,20,10,2025-07-22 19:32:00,5,中間市行橋市競艇組合施行56周年記念競走,5,3362,間嶋 仁志,2,55,54.7,0,0,0.19,5.23,33.66,49.5,7.29,58.82,82.35,41.18,58.17,32.35,52.94
2025-07-22,20,10,2025-07-22 19:32:00,5,中間市行橋市競艇組合施行56周年記念競走,6,4611,今井 美亜,2,34,48.2,0,0,0.16,6.38,47.47,60.61,6.67,57.14,66.67,29.75,43.04,40.54,56.76
2025-07-22,20,11,2025-07-22 20:04:00,5,中間市行橋市競艇組合施行56周年記念競走,1,4532,秋元 哲,1,36,51,0,0,0.15,7.35,51.85,77.78,6,40,60,52.86,73.57,15.79,34.21
2025-07-22,20,11,2025-07-22 20:04:00,5,中間市行橋市競艇組合施行56周年記念競走,2,4821,妻鳥 晋也,3,33,56.2,0,0,0.19,4.96,29.81,50.96,0,0,0,38.06,51.61,50,58.33
2025-07-22,20,11,2025-07-22 20:04:00,5,中間市行橋市競艇組合施行56周年記念競走,3,3349,吉田 一郎,2,57,52.1,0,0,0.16,5.97,37.76,59.18,5.48,29.63,44.44,25.16,45.81,45.45,54.55
2025-07-22,20,11,2025-07-22 20:04:00,5,中間市行橋市競艇組合施行56周年記念競走,4,3641,一瀬 明,2,54,52.2,0,0,0.15,5.91,40.18,59.82,5.22,37.5,53.13,32.68,45.1,47.5,75
2025-07-22,20,11,2025-07-22 20:04:00,5,中間市行橋市競艇組合施行56周年記念競走,5,4396,大田 直弥,3,39,53,0,0,0.2,4.91,26.47,44.12,4.92,26,48,31.97,51.7,32.35,44.12
2025-07-22,20,11,2025-07-22 20:04:00,5,中間市行橋市競艇組合施行56周年記念競走,6,4796,春園 功太,2,33,51.5,0,0,0.15,5.54,37,49,7.05,51.28,64.1,25.85,51.7,33.33,50
2025-07-22,20,12,2025-07-22 20:35:00,5,中間市行橋市競艇組合施行56周年記念競走,1,4545,岡村 慶太,1,37,53.8,0,0,0.13,6.55,46.49,67.54,7.29,58.25,77.67,32.08,49.06,32.43,45.95
2025-07-22,20,12,2025-07-22 20:35:00,5,中間市行橋市競艇組合施行56周年記念競走,2,4370,山口 達也,1,38,52,0,0,0.17,6.43,50,57.38,6.02,42.11,57.89,34.01,59.18,9.38,25
2025-07-22,20,12,2025-07-22 20:35:00,5,中間市行橋市競艇組合施行56周年記念競走,3,4288,永田 啓二,1,40,52,0,0,0.13,7.18,60,71.54,7.58,60.76,78.48,25.52,41.38,52.78,63.89
2025-07-22,20,12,2025-07-22 20:35:00,5,中間市行橋市競艇組合施行56周年記念競走,4,4364,池永 太,1,40,52.9,0,0,0.14,6.64,48.94,62.77,6.79,55.17,67.24,45.75,66.01,41.18,58.82
2025-07-22,20,12,2025-07-22 20:35:00,5,中間市行橋市競艇組合施行56周年記念競走,5,4884,勝浦 真帆,1,29,48.6,1,0,0.13,5.84,42.86,58.04,5.06,33.33,50,30.2,45.64,25,41.67
2025-07-22,20,12,2025-07-22 20:35:00,5,中間市行橋市競艇組合施行56周年記念競走,6,5028,原田 才一郎,1,28,52,0,0,0.16,6.71,48,64,6.73,54.84,62.37,32.09,51.49,54.29,68.57
2025-07-22,21,1,2025-07-22 08:48:00,5,にっぽん未来プロジェクト競走in芦屋,1,4516,野口 勝弘,1,38,50,0,0,0.15,6.21,40.98,63.93,7.1,65,75,51.92,75,31.25,43.75
2025-07-22,21,1,2025-07-22 08:48:00,5,にっぽん未来プロジェクト競走in芦屋,2,3550,都築 正治,3,54,53.1,0,0,0.16,5.23,36.13,48.74,4.74,31.58,36.84,22.92,39.58,37.5,51.79
2025-07-22,21,1,2025-07-22 08:48:00,5,にっぽん未来プロジェクト競走in芦屋,3,3156,金子 良昭,3,60,53.3,0,0,0.17,4.25,20.2,36.36,0,0,0,38.18,52.73,31.37,47.06
2025-07-22,21,1,2025-07-22 08:48:00,5,にっぽん未来プロジェクト競走in芦屋,4,3920,正木 聖賢,3,50,56.1,0,0,0.19,4.93,26.73,44.55,6.36,57.14,57.14,48.21,64.29,13.95,32.56
2025-07-22,21,1,2025-07-22 08:48:00,5,にっぽん未来プロジェクト競走in芦屋,5,3808,秋田 健太郎,3,50,60.2,0,0,0.17,3.63,21.43,30.95,3.56,16,24,17.78,31.11,24.44,37.78
2025-07-22,21,1,2025-07-22 08:48:00,5,にっぽん未来プロジェクト競走in芦屋,6,5413,宮城 那菜,4,19,47.5,0,0,,1.13,0,0,1,0,0,31.25,45.83,34.09,50
2025-07-22,21,2,2025-07-22 09:14:00,5,にっぽん未来プロジェクト競走in芦屋,1,3629,浅見 昌克,2,55,51.5,0,0,0.15,5.9,38.94,63.72,5.64,35.71,50,58.7,78.26,52.08,75
2025-07-22,21,2,2025-07-22 09:14:00,5,にっぽん未来プロジェクト競走in芦屋,2,3773,津留 浩一郎,3,51,55.1,0,0,0.16,5.05,34.38,44.79,4.32,32,44,42.55,55.32,29.09,45.45
2025-07-22,21,2,2025-07-22 09:14:00,5,にっぽん未来プロジェクト競走in芦屋,3,4778,堤 啓輔,3,39,52,0,0,0.17,4.73,28.92,45.78,3.89,11.11,44.44,17.02,34.04,28.26,36.96
2025-07-22,21,2,2025-07-22 09:14:00,5,にっぽん未来プロジェクト競走in芦屋,4,3304,烏野 賢太,1,57,52,1,0,0.17,5.7,35.71,52.68,6,48.57,60,42.22,66.67,26.19,45.24
2025-07-22,21,2,2025-07-22 09:14:00,5,にっぽん未来プロジェクト競走in芦屋,5,3796,長野 道臣,3,52,52.5,0,0,0.16,5.3,34.92,50.79,4.55,30,30,43.18,56.82,37.25,41.18
2025-07-22,21,2,2025-07-22 09:14:00,5,にっぽん未来プロジェクト競走in芦屋,6,4226,村田 浩司,3,42,54,0,0,0.15,4.22,22.77,37.62,4.23,23.33,30,20,48.89,41.03,53.85
2025-07-22,21,3,2025-07-22 09:40:00,5,にっぽん未来プロジェクト競走in芦屋,1,4547,中田 竜太,1,37,52,0,0,0.16,7.4,61.7,74.47,6.79,42.11,52.63,27.66,46.81,25,33.33
2025-07-22,21,3,2025-07-22 09:40:00,5,にっぽん未来プロジェクト競走in芦屋,2,4142,平野 和明,3,44,53.2,0,0,0.19,5.6,30.88,57.35,5.77,35.48,64.52,22.22,28.89,28.89,46.67
2025-07-22,21,3,2025-07-22 09:40:00,5,にっぽん未来プロジェクト競走in芦屋,3,4679,植田 太一,2,36,56.6,0,0,0.18,6.05,43.24,61.26,5.72,40.63,59.38,34.04,53.19,30.77,43.59
2025-07-22,21,3,2025-07-22 09:40:00,5,にっぽん未来プロジェクト競走in芦屋,4,4342,谷野 錬志,3,40,53.1,0,0,0.19,7.23,63.29,75.95,7.52,56.52,78.26,6.82,13.64,38.3,59.57
2025-07-22,21,3,2025-07-22 09:40:00,5,にっぽん未来プロジェクト競走in芦屋,5,4140,梶野 学志,1,44,52.9,0,0,0.16,6.16,45.78,61.45,6.5,42.86,57.14,44.68,57.45,18.18,43.18
2025-07-22,21,3,2025-07-22 09:40:00,5,にっぽん未来プロジェクト競走in芦屋,6,4527,高野 心吾,3,37,52,0,0,0.18,3.83,17.11,30.26,6.75,50,75,39.47,60.53,35.14,51.35
2025-07-22,21,4,2025-07-22 10:06:00,5,にっぽん未来プロジェクト競走in芦屋,1,3265,今村 暢孝,1,60,52.7,0,0,0.15,6.55,54.7,67.52,5.77,44.26,52.46,41.07,50,28.26,47.83
2025-07-22,21,4,2025-07-22 10:06:00,5,にっぽん未来プロジェクト競走in芦屋,2,4874,池田 奈津美,3,31,50.9,0,0,0.14,4.71,29.49,46.15,4.3,23.26,41.86,28.26,39.13,33.33,62.22
2025-07-22,21,4,2025-07-22 10:06:00,5,にっぽん未来プロジェクト競走in芦屋,3,3711,江本 真治,2,50,52,0,0,0.16,5.65,36.36,52.89,6.5,41.67,75,28.57,55.36,40,52.73
2025-07-22,21,4,2025-07-22 10:06:00,5,にっぽん未来プロジェクト競走in芦屋,4,4336,松田 竜馬,2,41,52,0,0,0.15,5.01,31.13,46.23,4.77,25.64,43.59,25.64,51.28,24.49,40.82
2025-07-22,21,4,2025-07-22 10:06:00,5,にっぽん未来プロジェクト競走in芦屋,5,5356,長谷川 暖,3,20,50.5,0,0,0.18,3.49,9.88,24.69,2.87,6.67,13.33,46.67,56.67,16.67,39.58
2025-07-22,21,4,2025-07-22 10:06:00,5,にっぽん未来プロジェクト競走in芦屋,6,5406,小畑 楓夏,4,20,53.2,0,0,,1.14,0,0,0,0,0,39.58,58.33,21.74,45.65
2025-07-22,21,5,2025-07-22 10:34:00,5,にっぽん未来プロジェクト競走in芦屋,1,4536,喜井 つかさ,2,35,46.5,0,0,0.17,5.11,31.91,43.62,5.85,41.18,61.76,30.43,47.83,26.83,43.9
2025-07-22,21,5,2025-07-22 10:34:00,5,にっぽん未来プロジェクト競走in芦屋,2,5200,筒井 美琴,4,23,46.5,0,0,0.18,2.29,0,7.14,1.42,0,3.23,34.09,47.73,18.18,31.82
2025-07-22,21,5,2025-07-22 10:34:00,5,にっぽん未来プロジェクト競走in芦屋,3,5123,福山 恵里奈,3,29,47.8,0,0,0.17,4.1,19.51,40.24,4,22.22,33.33,38.18,47.27,43.86,59.65
2025-07-22,21,5,2025-07-22 10:34:00,5,にっぽん未来プロジェクト競走in芦屋,4,5198,奥村 明日香,3,23,44.5,0,0,0.19,3.88,15.38,32.05,2.21,4.17,16.67,59.46,86.49,31.11,55.56
2025-07-22,21,5,2025-07-22 10:34:00,5,にっぽん未来プロジェクト競走in芦屋,5,5310,土屋 蘭,3,20,47,0,0,0.22,3.16,6.12,18.37,1.38,0,0,14.58,22.92,46.81,63.83
2025-07-22,21,5,2025-07-22 10:34:00,5,にっぽん未来プロジェクト競走in芦屋,6,5413,宮城 那菜,4,19,47.9,0,0,,1.13,0,0,1,0,0,31.25,45.83,34.09,50
2025-07-22,21,6,2025-07-22 11:04:00,5,にっぽん未来プロジェクト競走in芦屋,1,3808,秋田 健太郎,3,50,60.2,0,0,0.17,3.63,21.43,30.95,3.56,16,24,17.78,31.11,24.44,37.78
2025-07-22,21,6,2025-07-22 11:04:00,5,にっぽん未来プロジェクト競走in芦屋,2,5039,倉田 茂将,3,27,54.8,0,0,0.17,5.03,34.26,50,6.2,40,80,18.6,32.56,44.44,61.11
2025-07-22,21,6,2025-07-22 11:04:00,5,にっぽん未来プロジェクト競走in芦屋,3,3995,重野 哲之,1,46,52,0,0,0.13,6.51,45,65,6.94,58.82,76.47,34.78,54.35,27.91,46.51
2025-07-22,21,6,2025-07-22 11:04:00,5,にっぽん未来プロジェクト競走in芦屋,4,4323,山田 佑樹,3,38,56.1,0,0,0.16,4.78,31.13,47.17,5.55,35,55,26.83,46.34,41.82,50.91
2025-07-22,21,6,2025-07-22 11:04:00,5,にっぽん未来プロジェクト競走in芦屋,5,4822,百武 翔,2,32,52,0,0,0.18,5.73,39.02,55.28,4.91,18.18,45.45,41.18,64.71,24.44,42.22
2025-07-22,21,6,2025-07-22 11:04:00,5,にっぽん未来プロジェクト競走in芦屋,6,4174,赤坂 俊輔,1,42,52.1,0,0,0.15,6.09,39.18,62.89,7.47,63.16,73.68,24.44,40,28.89,40
2025-07-22,21,7,2025-07-22 11:39:00,5,にっぽん未来プロジェクト競走in芦屋,1,3226,浦田 信義,3,59,51.5,0,0,0.2,4.1,19.8,32.67,3.56,20,28,35.09,56.14,12.5,22.92
2025-07-22,21,7,2025-07-22 11:39:00,5,にっぽん未来プロジェクト競走in芦屋,2,3920,正木 聖賢,3,50,56.1,0,0,0.19,4.93,26.73,44.55,6.36,57.14,57.14,48.21,64.29,13.95,32.56
2025-07-22,21,7,2025-07-22 11:39:00,5,にっぽん未来プロジェクト競走in芦屋,3,4360,庄司 孝輔,3,40,52,0,0,0.18,5.1,32.86,45.71,5.47,23.53,47.06,22.22,35.56,31.11,51.11
2025-07-22,21,7,2025-07-22 11:39:00,5,にっぽん未来プロジェクト競走in芦屋,4,4142,平野 和明,3,44,53.2,0,0,0.19,5.6,30.88,57.35,5.77,35.48,64.52,22.22,28.89,28.89,46.67
2025-07-22,21,7,2025-07-22 11:39:00,5,にっぽん未来プロジェクト競走in芦屋,5,5249,三木 晴斗,3,23,52.6,0,0,0.15,4.74,25.58,44.19,3.53,20,40,56.82,70.45,52.73,67.27
2025-07-22,21,7,2025-07-22 11:39:00,5,にっぽん未来プロジェクト競走in芦屋,6,4299,中島 浩哉,3,42,54.8,1,0,0.14,4.9,27.59,44.83,2.88,12.5,12.5,38.3,53.19,31.91,48.94
2025-07-22,21,8,2025-07-22 12:12:00,5,にっぽん未来プロジェクト競走in芦屋,1,3775,泉 啓文,3,50,57.3,0,0,0.18,4.12,23.85,33.03,4.56,25.93,40.74,44.68,59.57,39.02,65.85
2025-07-22,21,8,2025-07-22 12:12:00,5,にっぽん未来プロジェクト競走in芦屋,2,3158,島川 光男,2,60,52,0,0,0.15,5.61,38.6,53.51,6.22,44.62,61.54,28.57,48.98,50,60.87
2025-07-22,21,8,2025-07-22 12:12:00,5,にっぽん未来プロジェクト競走in芦屋,3,3557,太田 和美,1,52,53.3,0,0,0.16,6.49,44.17,65.83,6.5,30,60,47.83,65.22,39.13,60.87
2025-07-22,21,8,2025-07-22 12:12:00,5,にっぽん未来プロジェクト競走in芦屋,4,4527,高野 心吾,3,37,52,0,0,0.18,3.83,17.11,30.26,6.75,50,75,39.47,60.53,35.14,51.35
2025-07-22,21,8,2025-07-22 12:12:00,5,にっぽん未来プロジェクト競走in芦屋,5,4778,堤 啓輔,3,39,52,0,0,0.17,4.73,28.92,45.78,3.89,11.11,44.44,17.02,34.04,28.26,36.96
2025-07-22,21,8,2025-07-22 12:12:00,5,にっぽん未来プロジェクト競走in芦屋,6,5406,小畑 楓夏,4,20,53.2,0,0,,1.14,0,0,0,0,0,39.58,58.33,21.74,45.65
2025-07-22,21,9,2025-07-22 12:46:00,5,にっぽん未来プロジェクト競走in芦屋,1,4538,笠置 博之,2,34,52.7,0,0,0.15,5.78,40,58.33,5.11,22.22,44.44,57.45,74.47,36.36,59.09
2025-07-22,21,9,2025-07-22 12:46:00,5,にっぽん未来プロジェクト競走in芦屋,2,3796,長野 道臣,3,52,52.5,0,0,0.16,5.3,34.92,50.79,4.55,30,30,43.18,56.82,37.25,41.18
2025-07-22,21,9,2025-07-22 12:46:00,5,にっぽん未来プロジェクト競走in芦屋,3,4874,池田 奈津美,3,31,50.9,0,0,0.14,4.71,29.49,46.15,4.3,23.26,41.86,28.26,39.13,33.33,62.22
2025-07-22,21,9,2025-07-22 12:46:00,5,にっぽん未来プロジェクト競走in芦屋,4,4817,渡邉 翼,2,34,51,0,0,0.17,5.86,42.45,61.32,5.54,36.62,50.7,10.53,28.95,47.83,65.22
2025-07-22,21,9,2025-07-22 12:46:00,5,にっぽん未来プロジェクト競走in芦屋,5,3156,金子 良昭,3,60,53.3,0,0,0.17,4.25,20.2,36.36,0,0,0,38.18,52.73,31.37,47.06
2025-07-22,21,9,2025-07-22 12:46:00,5,にっぽん未来プロジェクト競走in芦屋,6,4118,宇佐見 淳,1,44,52,0,0,0.15,6.15,45.52,59.7,6.92,55.26,76.32,7.32,19.51,32.73,50.91
2025-07-22,21,10,2025-07-22 13:19:00,5,にっぽん未来プロジェクト競走in芦屋,1,3711,江本 真治,2,50,52,0,0,0.16,5.65,36.36,52.89,6.5,41.67,75,28.57,55.36,40,52.73
2025-07-22,21,10,2025-07-22 13:19:00,5,にっぽん未来プロジェクト競走in芦屋,2,4516,野口 勝弘,1,38,50,0,0,0.15,6.21,40.98,63.93,7.1,65,75,51.92,75,31.25,43.75
2025-07-22,21,10,2025-07-22 13:19:00,5,にっぽん未来プロジェクト競走in芦屋,3,4342,谷野 錬志,3,40,53.1,0,0,0.19,7.23,63.29,75.95,7.52,56.52,78.26,6.82,13.64,38.3,59.57
2025-07-22,21,10,2025-07-22 13:19:00,5,にっぽん未来プロジェクト競走in芦屋,4,4679,植田 太一,2,36,56.6,0,0,0.18,6.05,43.24,61.26,5.72,40.63,59.38,34.04,53.19,30.77,43.59
2025-07-22,21,10,2025-07-22 13:19:00,5,にっぽん未来プロジェクト競走in芦屋,5,3304,烏野 賢太,1,57,52,1,0,0.17,5.7,35.71,52.68,6,48.57,60,42.22,66.67,26.19,45.24
2025-07-22,21,10,2025-07-22 13:19:00,5,にっぽん未来プロジェクト競走in芦屋,6,5356,長谷川 暖,3,20,50.5,0,0,0.18,3.49,9.88,24.69,2.87,6.67,13.33,46.67,56.67,16.67,39.58
2025-07-22,21,11,2025-07-22 13:55:00,5,にっぽん未来プロジェクト競走in芦屋,1,3995,重野 哲之,1,46,52,0,0,0.13,6.51,45,65,6.94,58.82,76.47,34.78,54.35,27.91,46.51
2025-07-22,21,11,2025-07-22 13:55:00,5,にっぽん未来プロジェクト競走in芦屋,2,4547,中田 竜太,1,37,52,0,0,0.16,7.4,61.7,74.47,6.79,42.11,52.63,27.66,46.81,25,33.33
2025-07-22,21,11,2025-07-22 13:55:00,5,にっぽん未来プロジェクト競走in芦屋,3,3773,津留 浩一郎,3,51,55.1,0,0,0.16,5.05,34.38,44.79,4.32,32,44,42.55,55.32,29.09,45.45
2025-07-22,21,11,2025-07-22 13:55:00,5,にっぽん未来プロジェクト競走in芦屋,4,4140,梶野 学志,1,44,52.9,0,0,0.16,6.16,45.78,61.45,6.5,42.86,57.14,44.68,57.45,18.18,43.18
2025-07-22,21,11,2025-07-22 13:55:00,5,にっぽん未来プロジェクト競走in芦屋,5,4336,松田 竜馬,2,41,52,0,0,0.15,5.01,31.13,46.23,4.77,25.64,43.59,25.64,51.28,24.49,40.82
2025-07-22,21,11,2025-07-22 13:55:00,5,にっぽん未来プロジェクト競走in芦屋,6,4360,庄司 孝輔,3,40,52,0,0,0.18,5.1,32.86,45.71,5.47,23.53,47.06,22.22,35.56,31.11,51.11
2025-07-22,21,12,2025-07-22 14:30:00,5,にっぽん未来プロジェクト競走in芦屋,1,3557,太田 和美,1,52,53.3,0,0,0.16,6.49,44.17,65.83,6.5,30,60,47.83,65.22,39.13,60.87
2025-07-22,21,12,2025-07-22 14:30:00,5,にっぽん未来プロジェクト競走in芦屋,2,3629,浅見 昌克,2,55,51.5,0,0,0.15,5.9,38.94,63.72,5.64,35.71,50,58.7,78.26,52.08,75
2025-07-22,21,12,2025-07-22 14:30:00,5,にっぽん未来プロジェクト競走in芦屋,3,3265,今村 暢孝,1,60,52.7,0,0,0.15,6.55,54.7,67.52,5.77,44.26,52.46,41.07,50,28.26,47.83
2025-07-22,21,12,2025-07-22 14:30:00,5,にっぽん未来プロジェクト競走in芦屋,4,4174,赤坂 俊輔,1,42,52.1,0,0,0.15,6.09,39.18,62.89,7.47,63.16,73.68,24.44,40,28.89,40
2025-07-22,21,12,2025-07-22 14:30:00,5,にっぽん未来プロジェクト競走in芦屋,5,4536,喜井 つかさ,2,35,46.5,0,0,0.17,5.11,31.91,43.62,5.85,41.18,61.76,30.43,47.83,26.83,43.9
2025-07-22,21,12,2025-07-22 14:30:00,5,にっぽん未来プロジェクト競走in芦屋,6,3158,島川 光男,2,60,52,0,0,0.15,5.61,38.6,53.51,6.22,44.62,61.54,28.57,48.98,50,60.87
