race_date,stadium_number,race_number,race_closed_at,race_grade_number,race_title,boat_number,racer_number,racer_name,racer_class_number,racer_age,racer_weight,racer_flying_count,racer_late_count,racer_average_start_timing,racer_national_top_1_percent,racer_national_top_2_percent,racer_national_top_3_percent,racer_local_top_1_percent,racer_local_top_2_percent,racer_local_top_3_percent,racer_assigned_motor_top_2_percent,racer_assigned_motor_top_3_percent,racer_assigned_boat_top_2_percent,racer_assigned_boat_top_3_percent
2025-09-14,2,1,2025-09-14 10:47:00,5,第41回日本モーターボート選手会会長賞,1,3361,岡部 浩,3,56,52.5,0,0,0.19,3.49,11.59,21.74,0,0,0,21.74,47.83,33.33,33.33
2025-09-14,2,1,2025-09-14 10:47:00,5,第41回日本モーターボート選手会会長賞,2,3297,藤丸 光一,3,58,50,0,0,0.19,4.46,18.48,42.39,4.5,20,40,54.55,72.73,24,32
2025-09-14,2,1,2025-09-14 10:47:00,5,第41回日本モーターボート選手会会長賞,3,4491,田中 堅,3,38,52.2,1,0,0.19,4.45,19.39,36.73,5.09,29.41,50,24,40,20,48
2025-09-14,2,1,2025-09-14 10:47:00,5,第41回日本モーターボート選手会会長賞,4,5310,土屋 蘭,3,20,46.5,0,0,0.22,3.35,9.68,20.97,0,0,0,23.81,42.86,32,60
2025-09-14,2,1,2025-09-14 10:47:00,5,第41回日本モーターボート選手会会長賞,5,4128,川口 貴久,3,45,55,0,0,0.15,3.96,21.15,34.62,5.62,38.24,61.76,31.25,50,52,80
2025-09-14,2,1,2025-09-14 10:47:00,5,第41回日本モーターボート選手会会長賞,6,5399,長野 未来,4,23,44,0,0,,1.09,0,0,0,0,0,24,40,50,59.09
2025-09-14,2,2,2025-09-14 11:16:00,5,第41回日本モーターボート選手会会長賞,1,4665,加藤 啓太,3,41,52,1,0,0.18,3.71,10.53,26.32,3.75,14.29,28.57,43.48,56.52,28,48
2025-09-14,2,2,2025-09-14 11:16:00,5,第41回日本モーターボート選手会会長賞,2,5061,中村 駿平,3,28,52,0,0,0.17,3.42,17.54,28.07,2.57,0,8.7,33.33,53.33,23.08,42.31
2025-09-14,2,2,2025-09-14 11:16:00,5,第41回日本モーターボート選手会会長賞,3,4318,桑原 将光,2,41,52.4,1,0,0.16,4.97,29.09,50,6.05,37.93,65.52,13.04,26.09,28.57,50
2025-09-14,2,2,2025-09-14 11:16:00,5,第41回日本モーターボート選手会会長賞,4,3792,田中 豪,1,52,53,0,0,0.18,6.29,47.47,70.71,5.19,32.56,51.16,32,56,20,40
2025-09-14,2,2,2025-09-14 11:16:00,5,第41回日本モーターボート選手会会長賞,5,4589,塩崎 桐加,3,33,50.6,1,0,0.17,5.73,44.44,58.02,0,0,0,22.73,40.91,13.64,22.73
2025-09-14,2,2,2025-09-14 11:16:00,5,第41回日本モーターボート選手会会長賞,6,5327,西田 和加,4,21,49,0,0,0.21,1.29,0,1.72,1.08,0,0,19.23,50,12.5,25
2025-09-14,2,3,2025-09-14 11:45:00,5,第41回日本モーターボート選手会会長賞,1,4252,松下 哲也,3,42,51,0,0,0.18,4.22,23.46,35.8,6.17,50,66.67,31.25,56.25,33.33,58.33
2025-09-14,2,3,2025-09-14 11:45:00,5,第41回日本モーターボート選手会会長賞,2,3582,吉川 昭男,2,52,53.1,0,0,0.17,6.36,50.85,64.41,5.46,38.46,57.69,53.57,67.86,50,75
2025-09-14,2,3,2025-09-14 11:45:00,5,第41回日本モーターボート選手会会長賞,3,4011,堀之内 紀代子,3,46,47,1,0,0.17,6.35,47.79,66.37,6.1,40,60,40,46.67,39.13,43.48
2025-09-14,2,3,2025-09-14 11:45:00,5,第41回日本モーターボート選手会会長賞,4,3950,石川 哲秀,3,49,55.8,1,0,0.15,3.65,16.67,30,4.11,22.22,33.33,42.86,64.29,26.92,53.85
2025-09-14,2,3,2025-09-14 11:45:00,5,第41回日本モーターボート選手会会長賞,5,4225,土屋 千明,1,43,47,0,0,0.17,6.62,44.87,70.51,5.7,33.93,58.93,52,60,42.11,57.89
2025-09-14,2,3,2025-09-14 11:45:00,5,第41回日本モーターボート選手会会長賞,6,3947,寺本 昇平,3,49,50,0,0,0.17,4.71,23.76,46.53,5.37,32.65,48.98,46.15,73.08,21.74,34.78
2025-09-14,2,4,2025-09-14 12:14:00,5,第41回日本モーターボート選手会会長賞,1,3566,川添 英正,3,55,52.1,0,0,0.19,4.86,24.75,49.5,5.3,20,60,26.92,46.15,35.29,52.94
2025-09-14,2,4,2025-09-14 12:14:00,5,第41回日本モーターボート選手会会長賞,2,4788,小池 哲也,1,36,53.1,0,0,0.15,5.74,39.47,54.39,6.24,42.86,71.43,41.67,45.83,25,50
2025-09-14,2,4,2025-09-14 12:14:00,5,第41回日本モーターボート選手会会長賞,3,4977,馬野 耀,2,31,54.8,0,0,0.18,5.89,39.05,61.9,5.29,28.57,57.14,50,71.43,22.73,36.36
2025-09-14,2,4,2025-09-14 12:14:00,5,第41回日本モーターボート選手会会長賞,4,4193,郷原 章平,2,44,52,1,0,0.16,5.85,46.51,58.14,5.71,42.86,42.86,50,75,46.67,66.67
2025-09-14,2,4,2025-09-14 12:14:00,5,第41回日本モーターボート選手会会長賞,5,4813,宮内 直哉,3,35,52.4,0,0,0.2,4.22,22.11,35.79,4.59,23.53,47.06,37.5,62.5,50,62.5
2025-09-14,2,4,2025-09-14 12:14:00,5,第41回日本モーターボート選手会会長賞,6,5269,山口 晃朋,3,24,52,1,0,0.15,5.59,33.33,56.25,3.23,14.29,17.14,26.09,39.13,55,75
2025-09-14,2,5,2025-09-14 12:44:00,5,第41回日本モーターボート選手会会長賞,1,3900,香川 素子,2,48,47.3,1,0,0.18,6.49,51.95,68.83,6.56,43.75,75,58.06,67.74,25,50
2025-09-14,2,5,2025-09-14 12:44:00,5,第41回日本モーターボート選手会会長賞,2,4491,田中 堅,3,38,52.2,1,0,0.19,4.45,19.39,36.73,5.09,29.41,50,24,40,20,48
2025-09-14,2,5,2025-09-14 12:44:00,5,第41回日本モーターボート選手会会長賞,3,5220,青木 蓮,2,24,52,1,0,0.14,6.45,51.46,66.99,5.34,36.73,45.92,36,52,36.36,54.55
2025-09-14,2,5,2025-09-14 12:44:00,5,第41回日本モーターボート選手会会長賞,4,3505,山田 竜一,2,54,51.5,0,0,0.15,5.18,32.73,52.73,5.68,32.5,55,50,57.69,39.13,69.57
2025-09-14,2,5,2025-09-14 12:44:00,5,第41回日本モーターボート選手会会長賞,5,4182,吉田 和仁,3,41,54.9,1,0,0.16,4.3,17.39,35.87,4.88,41.18,41.18,25,40,41.18,52.94
2025-09-14,2,5,2025-09-14 12:44:00,5,第41回日本モーターボート選手会会長賞,6,4230,濱崎 直矢,1,42,52.8,1,0,0.14,6.77,49.12,64.04,5.91,40.52,60.34,20,20,19.05,19.05
2025-09-14,2,6,2025-09-14 13:14:00,5,第41回日本モーターボート選手会会長賞,1,3306,武田 正紀,3,57,53.7,0,0,0.18,3.86,12.64,31.03,4.65,19.79,43.75,50,68.75,42.86,47.62
2025-09-14,2,6,2025-09-14 13:14:00,5,第41回日本モーターボート選手会会長賞,2,3742,宮地 秀祈,3,51,52,0,0,0.18,4.26,16.22,39.19,4,16.67,33.33,37.5,50,20,33.33
2025-09-14,2,6,2025-09-14 13:14:00,5,第41回日本モーターボート選手会会長賞,3,4903,吉田 凌太朗,1,31,52,0,0,0.15,6.58,48.76,68.6,0,0,0,43.75,50,19.05,38.1
2025-09-14,2,6,2025-09-14 13:14:00,5,第41回日本モーターボート選手会会長賞,4,5171,清水 未唯,4,24,54.8,0,0,0.16,3.43,12.5,19.64,0,0,0,29.63,51.85,40,65
2025-09-14,2,6,2025-09-14 13:14:00,5,第41回日本モーターボート選手会会長賞,5,4538,笠置 博之,2,35,53.9,0,0,0.15,5.54,39.29,50.89,4.88,36,44,24,44,43.75,56.25
2025-09-14,2,6,2025-09-14 13:14:00,5,第41回日本モーターボート選手会会長賞,6,4268,和合 俊介,3,39,60.1,1,0,0.16,3.69,14.94,28.74,4,0,25,40.74,55.56,40,56
2025-09-14,2,7,2025-09-14 13:45:00,5,第41回日本モーターボート選手会会長賞,1,4011,堀之内 紀代子,3,46,47,1,0,0.17,6.35,47.79,66.37,6.1,40,60,40,46.67,39.13,43.48
2025-09-14,2,7,2025-09-14 13:45:00,5,第41回日本モーターボート選手会会長賞,2,4930,佐藤 悠,2,29,52,1,0,0.14,6.07,43.97,62.07,5.56,37.04,51.85,0,14.29,20,40
2025-09-14,2,7,2025-09-14 13:45:00,5,第41回日本モーターボート選手会会長賞,3,4665,加藤 啓太,3,41,52,1,0,0.18,3.71,10.53,26.32,3.75,14.29,28.57,43.48,56.52,28,48
2025-09-14,2,7,2025-09-14 13:45:00,5,第41回日本モーターボート選手会会長賞,4,5061,中村 駿平,3,28,52,0,0,0.17,3.42,17.54,28.07,2.57,0,8.7,33.33,53.33,23.08,42.31
2025-09-14,2,7,2025-09-14 13:45:00,5,第41回日本モーターボート選手会会長賞,5,4311,岡村 仁,1,41,52.2,0,0,0.17,6.44,47.06,72.94,8.11,55.56,77.78,53.33,80,19.05,28.57
2025-09-14,2,7,2025-09-14 13:45:00,5,第41回日本モーターボート選手会会長賞,6,4551,三川 昂暁,2,36,52.2,0,0,0.18,5.5,30.48,58.1,6.11,44.44,55.56,20,44,47.06,82.35
2025-09-14,2,8,2025-09-14 14:16:00,5,第41回日本モーターボート選手会会長賞,1,4395,下河 雅史,2,39,53.9,1,0,0.17,4.7,24.69,45.68,5.67,33.33,66.67,29.17,33.33,38.46,38.46
2025-09-14,2,8,2025-09-14 14:16:00,5,第41回日本モーターボート選手会会長賞,2,4589,塩崎 桐加,3,33,50.6,1,0,0.17,5.73,44.44,58.02,0,0,0,22.73,40.91,13.64,22.73
2025-09-14,2,8,2025-09-14 14:16:00,5,第41回日本モーターボート選手会会長賞,3,4704,河野 大,1,37,52,0,0,0.16,6.31,47.11,61.98,0,0,0,23.08,42.31,28.57,42.86
2025-09-14,2,8,2025-09-14 14:16:00,5,第41回日本モーターボート選手会会長賞,4,4118,宇佐見 淳,1,44,52,0,0,0.15,6.17,45.24,59.52,6.57,47.83,63.04,44.44,70.37,56.52,69.57
2025-09-14,2,8,2025-09-14 14:16:00,5,第41回日本モーターボート選手会会長賞,5,4318,桑原 将光,2,41,52.4,1,0,0.16,4.97,29.09,50,6.05,37.93,65.52,13.04,26.09,28.57,50
2025-09-14,2,8,2025-09-14 14:16:00,5,第41回日本モーターボート選手会会長賞,6,3297,藤丸 光一,3,58,50,0,0,0.19,4.46,18.48,42.39,4.5,20,40,54.55,72.73,24,32
2025-09-14,2,9,2025-09-14 14:48:00,5,第41回日本モーターボート選手会会長賞,1,3489,大場 敏,2,58,52,0,0,0.15,5.82,36.43,61.24,6.63,47.92,72.92,43.75,56.25,28,40
2025-09-14,2,9,2025-09-14 14:48:00,5,第41回日本モーターボート選手会会長賞,2,5310,土屋 蘭,3,20,46.5,0,0,0.22,3.35,9.68,20.97,0,0,0,23.81,42.86,32,60
2025-09-14,2,9,2025-09-14 14:48:00,5,第41回日本モーターボート選手会会長賞,3,3566,川添 英正,3,55,52.1,0,0,0.19,4.86,24.75,49.5,5.3,20,60,26.92,46.15,35.29,52.94
2025-09-14,2,9,2025-09-14 14:48:00,5,第41回日本モーターボート選手会会長賞,4,4252,松下 哲也,3,42,51,0,0,0.18,4.22,23.46,35.8,6.17,50,66.67,31.25,56.25,33.33,58.33
2025-09-14,2,9,2025-09-14 14:48:00,5,第41回日本モーターボート選手会会長賞,5,4977,馬野 耀,2,31,54.8,0,0,0.18,5.89,39.05,61.9,5.29,28.57,57.14,50,71.43,22.73,36.36
2025-09-14,2,9,2025-09-14 14:48:00,5,第41回日本モーターボート選手会会長賞,6,4535,北山 康介,1,35,52.2,1,0,0.13,6.98,58.43,76.4,7.33,72.22,72.22,33.33,50,26.67,40
2025-09-14,2,10,2025-09-14 15:21:00,5,第41回日本モーターボート選手会会長賞,1,3947,寺本 昇平,3,49,49,0,0,0.17,4.71,23.76,46.53,5.37,32.65,48.98,46.15,73.08,21.74,34.78
2025-09-14,2,10,2025-09-14 15:21:00,5,第41回日本モーターボート選手会会長賞,2,4538,笠置 博之,2,35,54.2,0,0,0.15,5.54,39.29,50.89,4.88,36,44,24,44,43.75,56.25
2025-09-14,2,10,2025-09-14 15:21:00,5,第41回日本モーターボート選手会会長賞,3,3792,田中 豪,1,52,52.9,0,0,0.18,6.29,47.47,70.71,5.19,32.56,51.16,32,56,20,40
2025-09-14,2,10,2025-09-14 15:21:00,5,第41回日本モーターボート選手会会長賞,4,5220,青木 蓮,2,24,52.1,1,0,0.14,6.45,51.46,66.99,5.34,36.73,45.92,36,52,36.36,54.55
2025-09-14,2,10,2025-09-14 15:21:00,5,第41回日本モーターボート選手会会長賞,5,3582,吉川 昭男,2,52,52.6,0,0,0.17,6.36,50.85,64.41,5.46,38.46,57.69,53.57,67.86,50,75
2025-09-14,2,10,2025-09-14 15:21:00,5,第41回日本モーターボート選手会会長賞,6,3900,香川 素子,2,48,47.4,1,0,0.18,6.49,51.95,68.83,6.56,43.75,75,58.06,67.74,25,50
2025-09-14,2,11,2025-09-14 15:55:00,5,第41回日本モーターボート選手会会長賞,1,4551,三川 昂暁,2,36,52.2,0,0,0.18,5.5,30.48,58.1,6.11,44.44,55.56,20,44,47.06,82.35
2025-09-14,2,11,2025-09-14 15:55:00,5,第41回日本モーターボート選手会会長賞,2,4311,岡村 仁,1,41,52.2,0,0,0.17,6.44,47.06,72.94,8.11,55.56,77.78,53.33,80,19.05,28.57
2025-09-14,2,11,2025-09-14 15:55:00,5,第41回日本モーターボート選手会会長賞,3,3505,山田 竜一,2,54,51.5,0,0,0.15,5.18,32.73,52.73,5.68,32.5,55,50,57.69,39.13,69.57
2025-09-14,2,11,2025-09-14 15:55:00,5,第41回日本モーターボート選手会会長賞,4,4903,吉田 凌太朗,1,31,52,0,0,0.15,6.58,48.76,68.6,0,0,0,43.75,50,19.05,38.1
2025-09-14,2,11,2025-09-14 15:55:00,5,第41回日本モーターボート選手会会長賞,5,4788,小池 哲也,1,36,53.1,0,0,0.15,5.74,39.47,54.39,6.24,42.86,71.43,41.67,45.83,25,50
2025-09-14,2,11,2025-09-14 15:55:00,5,第41回日本モーターボート選手会会長賞,6,3306,武田 正紀,3,57,53.7,0,0,0.18,3.86,12.64,31.03,4.65,19.79,43.75,50,68.75,42.86,47.62
2025-09-14,2,12,2025-09-14 16:30:00,5,第41回日本モーターボート選手会会長賞,1,4230,濱崎 直矢,1,42,52.8,1,0,0.14,6.77,49.12,64.04,5.91,40.52,60.34,20,20,19.05,19.05
2025-09-14,2,12,2025-09-14 16:30:00,5,第41回日本モーターボート選手会会長賞,2,4225,土屋 千明,1,43,47,0,0,0.17,6.62,44.87,70.51,5.7,33.93,58.93,52,60,42.11,57.89
2025-09-14,2,12,2025-09-14 16:30:00,5,第41回日本モーターボート選手会会長賞,3,4193,郷原 章平,2,44,52,1,0,0.16,5.85,46.51,58.14,5.71,42.86,42.86,50,75,46.67,66.67
2025-09-14,2,12,2025-09-14 16:30:00,5,第41回日本モーターボート選手会会長賞,4,4704,河野 大,1,37,52,0,0,0.16,6.31,47.11,61.98,0,0,0,23.08,42.31,28.57,42.86
2025-09-14,2,12,2025-09-14 16:30:00,5,第41回日本モーターボート選手会会長賞,5,4930,佐藤 悠,2,29,52,1,0,0.14,6.07,43.97,62.07,5.56,37.04,51.85,0,14.29,20,40
2025-09-14,2,12,2025-09-14 16:30:00,5,第41回日本モーターボート選手会会長賞,6,4395,下河 雅史,2,39,53.9,1,0,0.17,4.7,24.69,45.68,5.67,33.33,66.67,29.17,33.33,38.46,38.46
2025-09-14,3,1,2025-09-14 11:14:00,5,第44回東京スポーツ杯,1,4465,大西 賢,3,39,52.1,0,0,0.18,3.63,14.29,23.81,4.95,33.02,43.4,30.16,46.03,31.51,47.95
2025-09-14,3,1,2025-09-14 11:14:00,5,第44回東京スポーツ杯,2,5299,西丸 敦基,3,23,52.1,1,0,0.16,4.49,22.5,45,4.3,30,30,25.81,33.87,16.13,41.94
2025-09-14,3,1,2025-09-14 11:14:00,5,第44回東京スポーツ杯,3,3596,河上 年昭,3,56,54.4,0,0,0.18,4.45,20.69,35.63,4.21,14.71,23.53,30,45,45.28,54.72
2025-09-14,3,1,2025-09-14 11:14:00,5,第44回東京スポーツ杯,4,3812,山崎 聖司,3,49,51.5,0,0,0.17,4.65,32.11,44.04,5.07,29.79,48.94,27.12,38.98,40.74,61.73
2025-09-14,3,1,2025-09-14 11:14:00,5,第44回東京スポーツ杯,5,5258,仲本 舜,3,20,52.7,0,0,0.18,4.15,23.6,31.46,0,0,0,26.09,37.68,21.54,40
2025-09-14,3,1,2025-09-14 11:14:00,5,第44回東京スポーツ杯,6,5385,鈴木 柊介,4,20,54.7,0,0,0.19,1.89,0,6.58,0,0,0,40.91,57.58,28.57,53.97
2025-09-14,3,2,2025-09-14 11:41:00,5,第44回東京スポーツ杯,1,4981,牧山 敦也,3,29,52,0,0,0.16,5.57,41.07,58.04,5.88,36,60,52.17,71.01,23.33,43.33
2025-09-14,3,2,2025-09-14 11:41:00,5,第44回東京スポーツ杯,2,5255,藤原 仙二,2,21,52.8,1,0,0.16,5.61,38.3,57.45,5.38,50,50,31.34,47.76,33.33,56.06
2025-09-14,3,2,2025-09-14 11:41:00,5,第44回東京スポーツ杯,3,4871,菊池 宏志,3,33,53.3,0,0,0.18,5.07,34.78,47.83,5,31.58,47.37,31.82,46.97,36.49,54.05
2025-09-14,3,2,2025-09-14 11:41:00,5,第44回東京スポーツ杯,4,5304,井田 涼介,4,22,59.6,0,0,0.24,1.55,3.23,3.23,1.35,0,0,35.82,49.25,34.78,42.03
2025-09-14,3,2,2025-09-14 11:41:00,5,第44回東京スポーツ杯,5,3752,宇土 泰就,3,54,53.6,0,0,0.16,4.9,28.72,47.87,0,0,0,18.46,29.23,41.89,54.05
2025-09-14,3,2,2025-09-14 11:41:00,5,第44回東京スポーツ杯,6,3930,岸本 隆,2,49,55.4,0,0,0.16,5.37,38,49,0,0,0,33.85,55.38,23.08,40
2025-09-14,3,3,2025-09-14 12:08:00,5,第44回東京スポーツ杯,1,4142,平野 和明,3,44,53.9,0,0,0.19,5.65,31.15,58.2,6.13,40.43,59.57,31.51,46.58,34.67,53.33
2025-09-14,3,3,2025-09-14 12:08:00,5,第44回東京スポーツ杯,2,5018,竹下 大樹,1,26,54.5,0,0,0.18,6.67,51.77,70.21,6.8,53.33,68.33,26.87,46.27,37.68,59.42
2025-09-14,3,3,2025-09-14 12:08:00,5,第44回東京スポーツ杯,3,3872,岡田 憲行,2,49,52.6,0,0,0.21,5.27,32.08,52.83,0,0,0,34.72,58.33,25,38.33
2025-09-14,3,3,2025-09-14 12:08:00,5,第44回東京スポーツ杯,4,5243,三馬 崇史,3,25,53.8,0,0,0.17,5.51,37.96,50.93,3.81,22.22,25.93,28.36,46.27,35,48.33
2025-09-14,3,3,2025-09-14 12:08:00,5,第44回東京スポーツ杯,5,5349,宮崎 奏磨,4,21,53.9,0,0,0.22,1.37,1.41,1.41,1.07,0,0,27.4,47.95,38.55,55.42
2025-09-14,3,3,2025-09-14 12:08:00,5,第44回東京スポーツ杯,6,4196,田中 太一郎,3,43,52.1,0,0,0.17,4.97,36.73,43.88,1.8,0,0,26.09,40.58,33.33,56.41
2025-09-14,3,4,2025-09-14 12:35:00,5,第44回東京スポーツ杯,1,4865,立具 敬司,3,35,52,0,0,0.18,4.21,18.75,30,4.3,20,30,29.03,58.06,30.3,46.97
2025-09-14,3,4,2025-09-14 12:35:00,5,第44回東京スポーツ杯,2,4601,森野 正弘,1,40,56.2,0,0,0.14,6.3,44.04,66.06,6.34,46.34,56.1,24.64,47.83,36.92,52.31
2025-09-14,3,4,2025-09-14 12:35:00,5,第44回東京スポーツ杯,3,5158,宮脇 遼太,2,27,52.1,1,0,0.15,6.47,46.67,65.56,4.53,30.3,37.88,40.91,59.09,27.91,48.84
2025-09-14,3,4,2025-09-14 12:35:00,5,第44回東京スポーツ杯,4,4623,中北 将史,3,40,52.7,0,0,0.18,4.89,25.81,44.09,4.2,20,31.43,28.77,43.84,29.41,41.18
2025-09-14,3,4,2025-09-14 12:35:00,5,第44回東京スポーツ杯,5,5187,小坂 風太,3,25,53.5,0,0,0.19,4.32,27.59,39.66,4.19,31.25,37.5,25.35,42.25,43.21,60.49
2025-09-14,3,4,2025-09-14 12:35:00,5,第44回東京スポーツ杯,6,5350,網代 良芽,3,21,51.5,1,0,0.18,2.87,7.25,15.94,0,0,0,22.22,36.51,25,48.53
2025-09-14,3,5,2025-09-14 13:02:00,5,第44回東京スポーツ杯,1,4023,柴田 友和,3,48,52,0,0,0.17,4.43,21.88,37.5,4.55,18.75,42.19,45.07,61.97,35,50
2025-09-14,3,5,2025-09-14 13:02:00,5,第44回東京スポーツ杯,2,4093,吉田 宗弘,3,44,51.5,0,0,0.22,4.14,22.83,33.7,5.12,31.48,51.85,21.88,35.94,30.56,41.67
2025-09-14,3,5,2025-09-14 13:02:00,5,第44回東京スポーツ杯,3,4358,松本 庸平,3,41,51,0,0,0.21,4.55,30,41.82,5.29,34.62,51.92,28.57,51.43,30.12,45.78
2025-09-14,3,5,2025-09-14 13:02:00,5,第44回東京スポーツ杯,4,3596,河上 年昭,3,56,54.4,0,0,0.18,4.45,20.69,35.63,4.21,14.71,23.53,30,45,45.28,54.72
2025-09-14,3,5,2025-09-14 13:02:00,5,第44回東京スポーツ杯,5,5356,長谷川 暖,3,20,50.5,0,0,0.18,4.16,13.16,38.16,2.75,8.33,16.67,21.74,37.68,27.87,47.54
2025-09-14,3,5,2025-09-14 13:02:00,5,第44回東京スポーツ杯,6,4398,船岡 洋一郎,1,38,52.4,0,0,0.14,6.45,49.59,66.94,5.16,36.84,47.37,28.3,41.51,20.63,34.92
2025-09-14,3,6,2025-09-14 13:29:00,5,第44回東京スポーツ杯,1,4495,森 晋太郎,3,38,53.6,0,0,0.16,5.75,45.19,55.77,5,20,48,44.44,52.38,30.38,50.63
2025-09-14,3,6,2025-09-14 13:29:00,5,第44回東京スポーツ杯,2,3655,本橋 克洋,2,51,53.2,0,0,0.19,5.69,39.13,59.13,6.39,48.78,75.61,32.26,41.94,29.58,35.21
2025-09-14,3,6,2025-09-14 13:29:00,5,第44回東京スポーツ杯,3,3812,山崎 聖司,3,49,51.5,0,0,0.17,4.65,32.11,44.04,5.07,29.79,48.94,27.12,38.98,40.74,61.73
2025-09-14,3,6,2025-09-14 13:29:00,5,第44回東京スポーツ杯,4,5058,前原 大道,1,28,52,0,0,0.15,7.05,54.35,73.19,7.37,60,83.33,39.19,60.81,53.23,69.35
2025-09-14,3,6,2025-09-14 13:29:00,5,第44回東京スポーツ杯,5,4981,牧山 敦也,3,29,52,0,0,0.16,5.57,41.07,58.04,5.88,36,60,52.17,71.01,23.33,43.33
2025-09-14,3,6,2025-09-14 13:29:00,5,第44回東京スポーツ杯,6,5354,渡邊 雄斗,4,20,51.5,1,0,0.21,1.47,0,0,1.56,0,0,31.94,50,40.58,65.22
2025-09-14,3,7,2025-09-14 13:56:00,5,第44回東京スポーツ杯,1,4842,山下 昂大,2,33,54.2,1,0,0.17,5.67,36.36,61.62,4.89,29.79,48.94,22.73,46.97,21.31,42.62
2025-09-14,3,7,2025-09-14 13:56:00,5,第44回東京スポーツ杯,2,4465,大西 賢,3,39,52.1,0,0,0.18,3.63,14.29,23.81,4.95,33.02,43.4,30.16,46.03,31.51,47.95
2025-09-14,3,7,2025-09-14 13:56:00,5,第44回東京スポーツ杯,3,5259,野田 昇吾,3,32,57.2,0,0,0.18,3.15,12.5,22.73,2.4,5.48,13.7,34.25,49.32,41.79,58.21
2025-09-14,3,7,2025-09-14 13:56:00,5,第44回東京スポーツ杯,4,3752,宇土 泰就,3,54,53.6,0,0,0.16,4.9,28.72,47.87,0,0,0,18.46,29.23,41.89,54.05
2025-09-14,3,7,2025-09-14 13:56:00,5,第44回東京スポーツ杯,5,3907,村越 篤,3,47,54.6,0,0,0.17,5.68,41.88,57.26,4.93,31.82,50,40.26,62.34,33.78,50
2025-09-14,3,7,2025-09-14 13:56:00,5,第44回東京スポーツ杯,6,5034,若林 義人,1,27,56.7,0,0,0.14,6.9,53.27,71.03,4.79,25,41.67,30,45.71,27.78,51.85
2025-09-14,3,8,2025-09-14 14:24:00,5,第44回東京スポーツ杯,1,5255,藤原 仙二,2,21,52.8,1,0,0.16,5.61,38.3,57.45,5.38,50,50,31.34,47.76,33.33,56.06
2025-09-14,3,8,2025-09-14 14:24:00,5,第44回東京スポーツ杯,2,4623,中北 将史,3,40,52.7,0,0,0.18,4.89,25.81,44.09,4.2,20,31.43,28.77,43.84,29.41,41.18
2025-09-14,3,8,2025-09-14 14:24:00,5,第44回東京スポーツ杯,3,4040,廣瀬 将亨,2,46,56.6,0,0,0.14,6.22,46.04,64.75,0,0,0,25.81,45.16,39.71,63.24
2025-09-14,3,8,2025-09-14 14:24:00,5,第44回東京スポーツ杯,4,4196,田中 太一郎,3,43,52.1,0,0,0.17,4.97,36.73,43.88,1.8,0,0,26.09,40.58,33.33,56.41
2025-09-14,3,8,2025-09-14 14:24:00,5,第44回東京スポーツ杯,5,5385,鈴木 柊介,4,20,54.7,0,0,0.19,1.89,0,6.58,0,0,0,40.91,57.58,28.57,53.97
2025-09-14,3,8,2025-09-14 14:24:00,5,第44回東京スポーツ杯,6,5185,加藤 優弥,3,25,52.3,1,0,0.15,5.02,27.72,50.5,4.57,26.09,43.48,44.29,57.14,35.62,53.42
2025-09-14,3,9,2025-09-14 14:52:00,5,第44回東京スポーツ杯,1,5115,香川 颯太,2,25,52,2,0,0.15,5.62,40.17,56.41,4.84,29.31,41.38,22.39,44.78,33.33,52.78
2025-09-14,3,9,2025-09-14 14:52:00,5,第44回東京スポーツ杯,2,4358,松本 庸平,3,41,51,0,0,0.21,4.55,30,41.82,5.29,34.62,51.92,28.57,51.43,30.12,45.78
2025-09-14,3,9,2025-09-14 14:52:00,5,第44回東京スポーツ杯,3,3930,岸本 隆,2,49,55.4,0,0,0.16,5.37,38,49,0,0,0,33.85,55.38,23.08,40
2025-09-14,3,9,2025-09-14 14:52:00,5,第44回東京スポーツ杯,4,5258,仲本 舜,3,20,52.7,0,0,0.18,4.15,23.6,31.46,0,0,0,26.09,37.68,21.54,40
2025-09-14,3,9,2025-09-14 14:52:00,5,第44回東京スポーツ杯,5,4601,森野 正弘,1,40,56.2,0,0,0.14,6.3,44.04,66.06,6.34,46.34,56.1,24.64,47.83,36.92,52.31
2025-09-14,3,9,2025-09-14 14:52:00,5,第44回東京スポーツ杯,6,5349,宮崎 奏磨,4,21,53.9,0,0,0.22,1.37,1.41,1.41,1.07,0,0,27.4,47.95,38.55,55.42
2025-09-14,3,10,2025-09-14 15:33:00,5,第44回東京スポーツ杯,1,5018,竹下 大樹,1,26,54.5,0,0,0.18,6.67,51.77,70.21,6.8,53.33,68.33,26.87,46.27,37.68,59.42
2025-09-14,3,10,2025-09-14 15:33:00,5,第44回東京スポーツ杯,2,4871,菊池 宏志,3,33,53.3,0,0,0.18,5.07,34.78,47.83,5,31.58,47.37,31.82,46.97,36.49,54.05
2025-09-14,3,10,2025-09-14 15:33:00,5,第44回東京スポーツ杯,3,4076,杉田 篤光,2,47,52.5,0,0,0.2,5.64,38.38,53.54,5.55,27.27,63.64,28.13,48.44,35.29,54.41
2025-09-14,3,10,2025-09-14 15:33:00,5,第44回東京スポーツ杯,4,4293,鈴木 智啓,2,40,59.1,0,0,0.16,6.03,43.2,60.8,0,0,0,42.03,59.42,25.76,50
2025-09-14,3,10,2025-09-14 15:33:00,5,第44回東京スポーツ杯,5,4106,坂井 康嗣,3,45,52,0,0,0.2,3.55,13.41,23.17,0,0,0,50,64.29,35.71,50
2025-09-14,3,10,2025-09-14 15:33:00,5,第44回東京スポーツ杯,6,5356,長谷川 暖,3,20,50.5,0,0,0.18,4.16,13.16,38.16,2.75,8.33,16.67,21.74,37.68,27.87,47.54
2025-09-14,3,11,2025-09-14 16:01:00,5,第44回東京スポーツ杯,1,5132,中野 希一,1,26,52.2,0,0,0.15,6.43,46.27,68.66,5.52,37.04,55.56,29.17,45.83,45.16,58.06
2025-09-14,3,11,2025-09-14 16:01:00,5,第44回東京スポーツ杯,2,5243,三馬 崇史,3,25,53.8,0,0,0.17,5.51,37.96,50.93,3.81,22.22,25.93,28.36,46.27,35,48.33
2025-09-14,3,11,2025-09-14 16:01:00,5,第44回東京スポーツ杯,3,4842,山下 昂大,2,33,54.2,1,0,0.17,5.67,36.36,61.62,4.89,29.79,48.94,22.73,46.97,21.31,42.62
2025-09-14,3,11,2025-09-14 16:01:00,5,第44回東京スポーツ杯,4,5158,宮脇 遼太,2,27,52.1,1,0,0.15,6.47,46.67,65.56,4.53,30.3,37.88,40.91,59.09,27.91,48.84
2025-09-14,3,11,2025-09-14 16:01:00,5,第44回東京スポーツ杯,5,5299,西丸 敦基,3,23,52.1,1,0,0.16,4.49,22.5,45,4.3,30,30,25.81,33.87,16.13,41.94
2025-09-14,3,11,2025-09-14 16:01:00,5,第44回東京スポーツ杯,6,4093,吉田 宗弘,3,44,51.5,0,0,0.22,4.14,22.83,33.7,5.12,31.48,51.85,21.88,35.94,30.56,41.67
2025-09-14,3,12,2025-09-14 16:28:00,5,第44回東京スポーツ杯,1,4013,中島 孝平,1,45,52,0,0,0.14,7.45,50.79,66.67,6.74,43.48,56.52,41.67,51.39,28.79,42.42
2025-09-14,3,12,2025-09-14 16:28:00,5,第44回東京スポーツ杯,2,4398,船岡 洋一郎,1,38,52.4,0,0,0.14,6.45,49.59,66.94,5.16,36.84,47.37,28.3,41.51,20.63,34.92
2025-09-14,3,12,2025-09-14 16:28:00,5,第44回東京スポーツ杯,3,5034,若林 義人,1,27,56.7,0,0,0.14,6.9,53.27,71.03,4.79,25,41.67,30,45.71,27.78,51.85
2025-09-14,3,12,2025-09-14 16:28:00,5,第44回東京スポーツ杯,4,4074,柳沢 一,1,44,52,0,0,0.14,7.29,59.4,81.95,6.37,42.11,73.68,40.58,53.62,45.83,63.89
2025-09-14,3,12,2025-09-14 16:28:00,5,第44回東京スポーツ杯,5,4486,野村 誠,1,39,52.3,1,0,0.16,5.53,40.59,56.44,6.38,40,72,43.08,58.46,23.21,37.5
2025-09-14,3,12,2025-09-14 16:28:00,5,第44回東京スポーツ杯,6,5058,前原 大道,1,28,52,0,0,0.15,7.05,54.35,73.19,7.37,60,83.33,39.19,60.81,53.23,69.35
2025-09-14,4,1,2025-09-14 10:55:00,5,にっぽん未来プロジェクト競走in平和島,1,4339,平瀬 城啓,3,41,54.3,0,0,0.19,4.13,19.09,32.73,0,0,0,37.14,50,31.43,44.29
2025-09-14,4,1,2025-09-14 10:55:00,5,にっぽん未来プロジェクト競走in平和島,2,3613,角谷 健吾,2,52,52,0,0,0.15,6.48,52.38,62.86,5.41,38.24,50,30.88,45.59,33.33,50.79
2025-09-14,4,1,2025-09-14 10:55:00,5,にっぽん未来プロジェクト競走in平和島,3,5102,原田 雄次,2,27,52,0,0,0.21,4.03,16.9,36.62,4.43,28.57,28.57,21.05,38.6,34.25,53.42
2025-09-14,4,1,2025-09-14 10:55:00,5,にっぽん未来プロジェクト競走in平和島,4,4958,溝口 海義也,2,30,54.7,0,0,0.15,5.98,37.82,61.34,6.55,36.36,81.82,35.71,55.71,38.16,56.58
2025-09-14,4,1,2025-09-14 10:55:00,5,にっぽん未来プロジェクト競走in平和島,5,4735,角山 雄哉,3,34,52.3,0,0,0.17,4.61,24.74,39.18,5.14,42.86,42.86,28.57,45.71,31.51,50.68
2025-09-14,4,1,2025-09-14 10:55:00,5,にっぽん未来プロジェクト競走in平和島,6,4645,上村 純一,2,45,52.6,0,0,0.15,6.59,51.85,66.67,6.09,43.08,52.31,29.31,58.62,36,61.33
2025-09-14,4,2,2025-09-14 11:24:00,5,にっぽん未来プロジェクト競走in平和島,1,4368,山口 隆史,3,39,53.5,0,0,0.18,4.44,23.3,42.72,3,0,11.11,17.31,34.62,43.84,64.38
2025-09-14,4,2,2025-09-14 11:24:00,5,にっぽん未来プロジェクト競走in平和島,2,4960,黒野 元基,2,29,51.5,0,0,0.16,6.47,48.09,64.89,6.32,50,63.64,32.86,54.29,30.56,48.61
2025-09-14,4,2,2025-09-14 11:24:00,5,にっぽん未来プロジェクト競走in平和島,3,4184,渡邊 雄一郎,1,39,52,1,0,0.17,6.53,47.78,67.78,7.92,69.23,92.31,33.33,43.94,40,62.67
2025-09-14,4,2,2025-09-14 11:24:00,5,にっぽん未来プロジェクト競走in平和島,4,5244,黒田 剛,3,25,52,0,0,0.17,3.83,13.04,29.35,5.14,14.29,57.14,26,42,22.58,35.48
2025-09-14,4,2,2025-09-14 11:24:00,5,にっぽん未来プロジェクト競走in平和島,5,4369,丹下 将,1,39,55.6,0,0,0.17,5.75,40.54,54.95,5.57,38.24,52.94,32.35,48.53,16.67,29.17
2025-09-14,4,2,2025-09-14 11:24:00,5,にっぽん未来プロジェクト競走in平和島,6,3158,島川 光男,2,60,52.7,0,0,0.15,5.62,36.28,56.64,5.97,45.45,66.67,26.32,36.84,45.83,61.11
2025-09-14,4,3,2025-09-14 11:53:00,5,にっぽん未来プロジェクト競走in平和島,1,3920,正木 聖賢,3,50,54.5,0,0,0.19,5.32,35.71,50,5.05,27.27,54.55,17.65,35.29,19.3,42.11
2025-09-14,4,3,2025-09-14 11:53:00,5,にっぽん未来プロジェクト競走in平和島,2,5089,前田 翔,1,25,52,0,0,0.16,6.73,53.33,71.11,5.85,38.46,69.23,47.83,59.42,28.81,35.59
2025-09-14,4,3,2025-09-14 11:53:00,5,にっぽん未来プロジェクト競走in平和島,3,4769,馬場 剛,2,33,51.5,0,0,0.12,5.9,40.17,60.68,6.64,51.72,68.97,26.47,39.71,36.76,54.41
2025-09-14,4,3,2025-09-14 11:53:00,5,にっぽん未来プロジェクト競走in平和島,4,3909,佐々木 康幸,2,52,54.5,0,0,0.11,6.93,51.91,67.94,6.2,43.33,60,24.56,35.09,54.17,66.67
2025-09-14,4,3,2025-09-14 11:53:00,5,にっぽん未来プロジェクト競走in平和島,5,4514,上條 嘉嗣,1,35,52,1,0,0.17,6.74,51.24,71.07,6.96,56,76,27.94,39.71,42.65,64.71
2025-09-14,4,3,2025-09-14 11:53:00,5,にっぽん未来プロジェクト競走in平和島,6,3730,塩崎 優司,3,53,52.4,0,0,0.18,4.57,23.71,37.11,3.28,5.56,11.11,24.64,44.93,40.32,53.23
2025-09-14,4,4,2025-09-14 12:22:00,5,にっぽん未来プロジェクト競走in平和島,1,3993,永井 聖美,3,46,48.8,0,0,0.16,5.66,38.24,55.88,4.86,26,46,22.81,31.58,42.86,60.71
2025-09-14,4,4,2025-09-14 12:22:00,5,にっぽん未来プロジェクト競走in平和島,2,4385,鈴木 祐美子,3,40,48.5,0,0,0.22,3.94,14.29,31.75,0,0,0,42.03,60.87,39.71,55.88
2025-09-14,4,4,2025-09-14 12:22:00,5,にっぽん未来プロジェクト競走in平和島,3,5334,樫葉 新心,3,21,45.5,0,0,0.2,3.19,7.37,20,3,0,22.22,22.64,41.51,31.94,50
2025-09-14,4,4,2025-09-14 12:22:00,5,にっぽん未来プロジェクト競走in平和島,4,4117,廣中 智紗衣,2,44,46.5,1,0,0.19,6.64,49.38,70.37,6.55,46.27,67.16,26.56,48.44,36.62,49.3
2025-09-14,4,4,2025-09-14 12:22:00,5,にっぽん未来プロジェクト競走in平和島,5,3645,淺田 千亜希,3,52,47,0,0,0.13,4.88,21.21,33.33,5.9,50,60,28.99,43.48,40.63,48.44
2025-09-14,4,4,2025-09-14 12:22:00,5,にっぽん未来プロジェクト競走in平和島,6,3932,池田 浩美,3,49,51.5,1,0,0.18,4.17,28.4,39.51,6.14,54.55,63.64,32.39,59.15,22.97,39.19
2025-09-14,4,5,2025-09-14 12:52:00,5,にっぽん未来プロジェクト競走in平和島,1,4545,岡村 慶太,1,37,53.2,1,0,0.13,6.45,44.35,63.48,0,0,0,33.33,43.33,30.77,46.15
2025-09-14,4,5,2025-09-14 12:52:00,5,にっぽん未来プロジェクト競走in平和島,2,3430,角浜 修,3,57,53.3,0,0,0.18,4.04,26.97,34.83,2.67,16.67,16.67,31.34,40.3,30.99,49.3
2025-09-14,4,5,2025-09-14 12:52:00,5,にっぽん未来プロジェクト競走in平和島,3,5020,宮村 勇哉,3,33,53.7,0,0,0.15,4.57,25,37,3.29,14.29,28.57,33.33,44.44,32.26,41.94
2025-09-14,4,5,2025-09-14 12:52:00,5,にっぽん未来プロジェクト競走in平和島,4,4022,待鳥 雄紀,3,45,56.3,0,0,0.15,5.09,28.42,46.32,5.74,41.94,61.29,11.32,30.19,22.22,38.89
2025-09-14,4,5,2025-09-14 12:52:00,5,にっぽん未来プロジェクト競走in平和島,5,4113,木村 浩士,3,45,54.9,0,0,0.19,5.06,31.25,46.88,5.7,40,45,19.23,42.31,18.52,38.89
2025-09-14,4,5,2025-09-14 12:52:00,5,にっぽん未来プロジェクト競走in平和島,6,5066,鈴木 孝明,3,27,52.6,0,0,0.17,5.25,30.77,52.75,5.78,43.75,56.25,28.99,40.58,38.89,66.67
2025-09-14,4,6,2025-09-14 13:22:00,5,にっぽん未来プロジェクト競走in平和島,1,3797,岩井 繁,3,52,59.1,0,0,0.22,4.03,14.85,34.65,4.7,17.39,47.83,45.21,61.64,31.08,52.7
2025-09-14,4,6,2025-09-14 13:22:00,5,にっぽん未来プロジェクト競走in平和島,2,4049,荒川 健太,2,45,55.3,0,0,0.17,6.08,41.18,59.8,6,35.29,52.94,55.71,67.14,30.3,40.91
2025-09-14,4,6,2025-09-14 13:22:00,5,にっぽん未来プロジェクト競走in平和島,3,4532,秋元 哲,1,36,52.9,0,0,0.15,7.47,59,78,5.81,31.25,56.25,57.53,71.23,38.03,57.75
2025-09-14,4,6,2025-09-14 13:22:00,5,にっぽん未来プロジェクト競走in平和島,4,5102,原田 雄次,2,27,52,0,0,0.21,4.03,16.9,36.62,4.43,28.57,28.57,21.05,38.6,34.25,53.42
2025-09-14,4,6,2025-09-14 13:22:00,5,にっぽん未来プロジェクト競走in平和島,5,5161,登玉 隼百,2,26,52.1,0,0,0.13,5.44,38.83,52.43,5.73,45.45,54.55,18.97,36.21,16,32
2025-09-14,4,6,2025-09-14 13:22:00,5,にっぽん未来プロジェクト競走in平和島,6,5092,篠原 晟弥,3,24,52,0,0,0.14,5.95,47.5,61.25,5,37.5,50,35.21,57.75,28.36,35.82
2025-09-14,4,7,2025-09-14 13:53:00,5,にっぽん未来プロジェクト競走in平和島,1,4442,松竹 大輔,2,39,52,1,0,0.16,5.25,34.45,50.42,5.59,25.93,48.15,28.79,45.45,41.43,55.71
2025-09-14,4,7,2025-09-14 13:53:00,5,にっぽん未来プロジェクト競走in平和島,2,5126,山下 大輝,2,29,51.5,0,0,0.18,6.66,53.97,72.22,4.63,29.17,37.5,34.78,53.62,32.31,47.69
2025-09-14,4,7,2025-09-14 13:53:00,5,にっぽん未来プロジェクト競走in平和島,3,4958,溝口 海義也,2,30,54.7,0,0,0.15,5.98,37.82,61.34,6.55,36.36,81.82,35.71,55.71,38.16,56.58
2025-09-14,4,7,2025-09-14 13:53:00,5,にっぽん未来プロジェクト競走in平和島,4,4368,山口 隆史,3,39,53.5,0,0,0.18,4.44,23.3,42.72,3,0,11.11,17.31,34.62,43.84,64.38
2025-09-14,4,7,2025-09-14 13:53:00,5,にっぽん未来プロジェクト競走in平和島,5,4278,藤岡 俊介,1,42,51.5,0,0,0.12,7.12,53.98,73.45,6.69,44.83,68.97,33.33,56.06,34.43,52.46
2025-09-14,4,7,2025-09-14 13:53:00,5,にっぽん未来プロジェクト競走in平和島,6,5416,龍田 真白,4,19,44.5,0,0,,1.47,0,2.13,0,0,0,21.57,31.37,38.36,52.05
2025-09-14,4,8,2025-09-14 14:24:00,5,にっぽん未来プロジェクト競走in平和島,1,4521,小池 公生,2,38,52.7,1,0,0.17,6.27,42.72,69.9,6.82,54.55,72.73,33.82,51.47,26.47,36.76
2025-09-14,4,8,2025-09-14 14:24:00,5,にっぽん未来プロジェクト競走in平和島,2,5244,黒田 剛,3,25,52,0,0,0.17,3.83,13.04,29.35,5.14,14.29,57.14,26,42,22.58,35.48
2025-09-14,4,8,2025-09-14 14:24:00,5,にっぽん未来プロジェクト競走in平和島,3,4725,佐竹 太一,3,39,52.4,1,0,0.2,4.59,21.28,38.3,2.78,11.11,22.22,36.62,54.93,41.54,58.46
2025-09-14,4,8,2025-09-14 14:24:00,5,にっぽん未来プロジェクト競走in平和島,4,4939,宮之原 輝紀,1,27,51.5,0,0,0.15,7.02,58,71,7.22,58.11,72.97,33.33,46.38,38.03,63.38
2025-09-14,4,8,2025-09-14 14:24:00,5,にっぽん未来プロジェクト競走in平和島,5,5294,豊田 祥生,3,23,51,0,0,0.17,3.73,19.13,27.83,2.23,3.23,12.9,39.71,48.53,42.25,54.93
2025-09-14,4,8,2025-09-14 14:24:00,5,にっぽん未来プロジェクト競走in平和島,6,4735,角山 雄哉,3,34,52.3,0,0,0.17,4.61,24.74,39.18,5.14,42.86,42.86,28.57,45.71,31.51,50.68
2025-09-14,4,9,2025-09-14 14:56:00,5,にっぽん未来プロジェクト競走in平和島,1,4117,廣中 智紗衣,2,44,46.5,1,0,0.19,6.64,49.38,70.37,6.55,46.27,67.16,26.56,48.44,36.62,49.3
2025-09-14,4,9,2025-09-14 14:56:00,5,にっぽん未来プロジェクト競走in平和島,2,4036,金田 諭,2,46,52,0,0,0.17,6.71,51.52,72.73,7.32,56,68,26.23,44.26,25.81,46.77
2025-09-14,4,9,2025-09-14 14:56:00,5,にっぽん未来プロジェクト競走in平和島,3,3920,正木 聖賢,3,50,54.5,0,0,0.19,5.32,35.71,50,5.05,27.27,54.55,17.65,35.29,19.3,42.11
2025-09-14,4,9,2025-09-14 14:56:00,5,にっぽん未来プロジェクト競走in平和島,4,3635,石田 政吾,2,54,52.5,0,0,0.18,5.46,32.14,57.14,5.73,36.36,54.55,39.13,56.52,15.79,33.33
2025-09-14,4,9,2025-09-14 14:56:00,5,にっぽん未来プロジェクト競走in平和島,5,4339,平瀬 城啓,3,41,54.3,0,0,0.19,4.13,19.09,32.73,0,0,0,37.14,50,31.43,44.29
2025-09-14,4,9,2025-09-14 14:56:00,5,にっぽん未来プロジェクト競走in平和島,6,4184,渡邊 雄一郎,1,39,52,1,0,0.17,6.53,47.78,67.78,7.92,69.23,92.31,33.33,43.94,40,62.67
2025-09-14,4,10,2025-09-14 15:29:00,5,にっぽん未来プロジェクト競走in平和島,1,5049,松井 友汰,2,30,52,1,0,0.17,6.06,40.86,65.59,5.48,37.93,55.17,31.75,49.21,30.88,50
2025-09-14,4,10,2025-09-14 15:29:00,5,にっぽん未来プロジェクト競走in平和島,2,4545,岡村 慶太,1,37,53.2,1,0,0.13,6.45,44.35,63.48,0,0,0,33.33,43.33,30.77,46.15
2025-09-14,4,10,2025-09-14 15:29:00,5,にっぽん未来プロジェクト競走in平和島,3,3613,角谷 健吾,2,52,52,0,0,0.15,6.48,52.38,62.86,5.41,38.24,50,30.88,45.59,33.33,50.79
2025-09-14,4,10,2025-09-14 15:29:00,5,にっぽん未来プロジェクト競走in平和島,4,3730,塩崎 優司,3,53,52.4,0,0,0.18,4.57,23.71,37.11,3.28,5.56,11.11,24.64,44.93,40.32,53.23
2025-09-14,4,10,2025-09-14 15:29:00,5,にっぽん未来プロジェクト競走in平和島,5,3993,永井 聖美,3,46,48.8,0,0,0.16,5.66,38.24,55.88,4.86,26,46,22.81,31.58,42.86,60.71
2025-09-14,4,10,2025-09-14 15:29:00,5,にっぽん未来プロジェクト競走in平和島,6,4369,丹下 将,1,39,55.6,0,0,0.17,5.75,40.54,54.95,5.57,38.24,52.94,32.35,48.53,16.67,29.17
2025-09-14,4,11,2025-09-14 16:03:00,5,にっぽん未来プロジェクト競走in平和島,1,4514,上條 嘉嗣,1,35,52,1,0,0.17,6.74,51.24,71.07,6.96,56,76,27.94,39.71,42.65,64.71
2025-09-14,4,11,2025-09-14 16:03:00,5,にっぽん未来プロジェクト競走in平和島,2,5066,鈴木 孝明,3,27,52.6,0,0,0.17,5.25,30.77,52.75,5.78,43.75,56.25,28.99,40.58,38.89,66.67
2025-09-14,4,11,2025-09-14 16:03:00,5,にっぽん未来プロジェクト競走in平和島,3,3158,島川 光男,2,60,52.7,0,0,0.15,5.62,36.28,56.64,5.97,45.45,66.67,26.32,36.84,45.83,61.11
2025-09-14,4,11,2025-09-14 16:03:00,5,にっぽん未来プロジェクト競走in平和島,4,4385,鈴木 祐美子,3,40,48.5,0,0,0.22,3.94,14.29,31.75,0,0,0,42.03,60.87,39.71,55.88
2025-09-14,4,11,2025-09-14 16:03:00,5,にっぽん未来プロジェクト競走in平和島,5,4645,上村 純一,2,45,52.6,0,0,0.15,6.59,51.85,66.67,6.09,43.08,52.31,29.31,58.62,36,61.33
2025-09-14,4,11,2025-09-14 16:03:00,5,にっぽん未来プロジェクト競走in平和島,6,4532,秋元 哲,1,36,52.9,0,0,0.15,7.47,59,78,5.81,31.25,56.25,57.53,71.23,38.03,57.75
2025-09-14,4,12,2025-09-14 16:38:00,5,にっぽん未来プロジェクト競走in平和島,1,5089,前田 翔,1,25,52,0,0,0.16,6.73,53.33,71.11,5.85,38.46,69.23,47.83,59.42,28.81,35.59
2025-09-14,4,12,2025-09-14 16:38:00,5,にっぽん未来プロジェクト競走in平和島,2,3645,淺田 千亜希,3,52,46.5,0,0,0.13,4.88,21.21,33.33,5.9,50,60,28.99,43.48,40.63,48.44
2025-09-14,4,12,2025-09-14 16:38:00,5,にっぽん未来プロジェクト競走in平和島,3,4022,待鳥 雄紀,3,45,56.1,0,0,0.15,5.09,28.42,46.32,5.74,41.94,61.29,11.32,30.19,22.22,38.89
2025-09-14,4,12,2025-09-14 16:38:00,5,にっぽん未来プロジェクト競走in平和島,4,5161,登玉 隼百,2,26,52,0,0,0.13,5.44,38.83,52.43,5.73,45.45,54.55,18.97,36.21,16,32
2025-09-14,4,12,2025-09-14 16:38:00,5,にっぽん未来プロジェクト競走in平和島,5,4960,黒野 元基,2,29,51,0,0,0.16,6.47,48.09,64.89,6.32,50,63.64,32.86,54.29,30.56,48.61
2025-09-14,4,12,2025-09-14 16:38:00,5,にっぽん未来プロジェクト競走in平和島,6,5126,山下 大輝,2,29,50.5,0,0,0.18,6.66,53.97,72.22,4.63,29.17,37.5,34.78,53.62,32.31,47.69
2025-09-14,6,1,2025-09-14 11:32:00,5,本命戦ほぼB級メモリアル 日本財団会長杯,1,4287,今井 貴士,1,41,56.6,1,0,0.15,6.83,51.16,70.93,6.77,58.06,70.97,51.75,71.05,31.46,48.36
2025-09-14,6,1,2025-09-14 11:32:00,5,本命戦ほぼB級メモリアル 日本財団会長杯,2,4562,阪本 勇介,3,37,53.9,0,0,0.2,4.08,17.27,35.45,0,0,0,24.44,36.67,35.32,55.05
2025-09-14,6,1,2025-09-14 11:32:00,5,本命戦ほぼB級メモリアル 日本財団会長杯,3,3891,谷口 健一,3,49,54.7,0,0,0.18,3.79,18.18,30.3,4.42,23.68,42.11,35.71,54.08,35.91,50.91
2025-09-14,6,1,2025-09-14 11:32:00,5,本命戦ほぼB級メモリアル 日本財団会長杯,4,4675,井手 良太,3,37,51.5,0,0,0.14,5.07,28.92,46.99,5.29,41.18,58.82,24.73,38.71,31.46,45.54
2025-09-14,6,1,2025-09-14 11:32:00,5,本命戦ほぼB級メモリアル 日本財団会長杯,5,5249,三木 晴斗,3,23,53.4,0,0,0.15,4.62,24.18,43.96,2.78,0,11.11,31.25,43.75,32.87,46.3
2025-09-14,6,1,2025-09-14 11:32:00,5,本命戦ほぼB級メモリアル 日本財団会長杯,6,4875,大塚 康雅,3,31,51.5,1,0,0.18,4.89,31.19,43.12,0,0,0,15.48,30.95,32.57,46.79
2025-09-14,6,2,2025-09-14 11:58:00,5,本命戦ほぼB級メモリアル 日本財団会長杯,1,4669,井上 茂,3,40,52.4,0,0,0.18,4.33,19.54,39.08,0,0,0,36.08,58.76,36.49,54.5
2025-09-14,6,2,2025-09-14 11:58:00,5,本命戦ほぼB級メモリアル 日本財団会長杯,2,4186,小川 時光,4,44,54.1,1,0,0.16,3.52,12.7,26.98,3.16,16.13,19.35,35.63,49.43,38.39,58.48
2025-09-14,6,2,2025-09-14 11:58:00,5,本命戦ほぼB級メモリアル 日本財団会長杯,3,4158,木場 雄二郎,3,44,55.2,0,0,0.19,4.54,30.63,38.74,6.67,66.67,66.67,43.81,62.86,38.71,54.38
2025-09-14,6,2,2025-09-14 11:58:00,5,本命戦ほぼB級メモリアル 日本財団会長杯,4,5323,香川 陽太,4,22,58,1,0,0.19,4.28,20.29,42.03,4.83,27.78,50,22.97,39.19,37.22,52.47
2025-09-14,6,2,2025-09-14 11:58:00,5,本命戦ほぼB級メモリアル 日本財団会長杯,5,4555,富永 大一,3,36,53,0,0,0.19,5.12,29.03,48.39,6,31.58,63.16,27.91,53.49,32.7,48.82
2025-09-14,6,2,2025-09-14 11:58:00,5,本命戦ほぼB級メモリアル 日本財団会長杯,6,4067,永井 源,1,45,52.9,0,0,0.17,6.69,58.39,72.99,6.21,46.03,63.49,35.23,50,41.87,55.67
2025-09-14,6,3,2025-09-14 12:27:00,5,本命戦ほぼB級メモリアル 日本財団会長杯,1,4563,齋藤 真之,3,37,52.6,0,0,0.19,3.77,15.56,30,3.6,14.29,22.86,43.27,53.85,34.11,52.34
2025-09-14,6,3,2025-09-14 12:27:00,5,本命戦ほぼB級メモリアル 日本財団会長杯,2,4259,真庭 明志,3,41,53.3,0,0,0.15,6.11,51.64,59.84,0,0,0,20.78,37.66,32.54,53.11
2025-09-14,6,3,2025-09-14 12:27:00,5,本命戦ほぼB級メモリアル 日本財団会長杯,3,4550,石岡 将太,3,36,54.5,0,0,0.16,5.44,34.41,53.76,3.6,21.43,28.57,35.48,50.54,39.46,56.95
2025-09-14,6,3,2025-09-14 12:27:00,5,本命戦ほぼB級メモリアル 日本財団会長杯,4,5125,高井 雄基,1,29,51.5,0,0,0.16,5.84,40.23,58.62,6.6,50,70,34.44,52.22,39.09,52.27
2025-09-14,6,3,2025-09-14 12:27:00,5,本命戦ほぼB級メモリアル 日本財団会長杯,5,5067,山田 真聖,3,26,57.8,0,0,0.17,4.25,24,39,4.04,24,32,31.11,51.11,34.72,50
2025-09-14,6,3,2025-09-14 12:27:00,5,本命戦ほぼB級メモリアル 日本財団会長杯,6,4108,吉村 正明,4,45,51.5,0,0,0.14,4.84,30.14,43.84,0,0,0,36.36,49.49,30.81,43.13
2025-09-14,6,4,2025-09-14 12:59:00,5,本命戦ほぼB級メモリアル 日本財団会長杯,1,3828,明石 正之,3,52,52,0,0,0.18,4.93,25.22,43.48,5.4,30.23,55.81,38.74,58.56,28.98,42.61
2025-09-14,6,4,2025-09-14 12:59:00,5,本命戦ほぼB級メモリアル 日本財団会長杯,2,5139,大場 恒季,3,25,52.9,0,0,0.19,6.18,42.86,63.27,4.33,50,50,36.96,51.09,29.9,49.51
2025-09-14,6,4,2025-09-14 12:59:00,5,本命戦ほぼB級メモリアル 日本財団会長杯,3,4488,小山 勉,1,39,52,1,0,0.15,6.78,52.81,74.16,6.35,50,65.38,23.16,44.21,34.55,48.18
2025-09-14,6,4,2025-09-14 12:59:00,5,本命戦ほぼB級メモリアル 日本財団会長杯,4,3293,宮内 由紀英,3,60,52.3,0,0,0.2,4.2,12.36,37.08,4.06,25,37.5,46.3,68.52,37.73,52.73
2025-09-14,6,4,2025-09-14 12:59:00,5,本命戦ほぼB級メモリアル 日本財団会長杯,5,4213,重富 伸也,3,41,52.8,0,0,0.17,4.84,30.69,45.54,4.31,25,50,23.91,41.3,30.37,45.03
2025-09-14,6,4,2025-09-14 12:59:00,5,本命戦ほぼB級メモリアル 日本財団会長杯,6,3477,近藤 稔也,3,55,52.6,0,0,0.19,3.72,13.25,28.92,4.78,33.33,44.44,45.54,59.41,35.85,49.06
2025-09-14,6,5,2025-09-14 13:27:00,5,本命戦ほぼB級メモリアル 日本財団会長杯,1,3805,高橋 英之,3,51,52.7,0,0,0.14,5.65,42.35,55.29,5.82,36.36,63.64,48.51,57.43,35.68,48.02
2025-09-14,6,5,2025-09-14 13:27:00,5,本命戦ほぼB級メモリアル 日本財団会長杯,2,3710,吉永 泰弘,3,51,52,0,0,0.17,4.7,23.71,44.33,4.85,29.27,46.34,43.81,62.86,34.6,51.66
2025-09-14,6,5,2025-09-14 13:27:00,5,本命戦ほぼB級メモリアル 日本財団会長杯,3,5090,生方 靖亜,3,24,52.5,0,0,0.18,5.35,33.87,53.23,4.14,21.43,35.71,30,57.78,32.18,51.98
2025-09-14,6,5,2025-09-14 13:27:00,5,本命戦ほぼB級メモリアル 日本財団会長杯,4,3681,山谷 央,3,52,52,0,0,0.16,5.29,36.73,48.98,4.83,20.69,44.83,38.04,57.61,41.98,58.96
2025-09-14,6,5,2025-09-14 13:27:00,5,本命戦ほぼB級メモリアル 日本財団会長杯,5,5017,澤田 尚也,1,26,52.2,0,0,0.15,7.18,57.26,70.09,7.61,64.52,83.87,29.7,48.51,31.78,51.87
2025-09-14,6,5,2025-09-14 13:27:00,5,本命戦ほぼB級メモリアル 日本財団会長杯,6,4840,鈴木 秀茉,3,34,52,0,0,0.17,5.14,33,52,4.57,23.33,43.33,46.81,71.28,33.17,47.6
2025-09-14,6,6,2025-09-14 14:03:00,5,本命戦ほぼB級メモリアル 日本財団会長杯,1,3616,中村 真,3,52,53.7,0,0,0.17,5.28,33.67,52.04,5.72,44.44,50,23.75,42.5,35.29,58.37
2025-09-14,6,6,2025-09-14 14:03:00,5,本命戦ほぼB級メモリアル 日本財団会長杯,2,5249,三木 晴斗,3,23,53.4,0,0,0.15,4.62,24.18,43.96,2.78,0,11.11,31.25,43.75,32.87,46.3
2025-09-14,6,6,2025-09-14 14:03:00,5,本命戦ほぼB級メモリアル 日本財団会長杯,3,4520,高倉 孝太,3,38,50.5,0,0,0.16,4.7,16.05,45.68,5.29,28.57,57.14,19.74,34.21,29.8,51.01
2025-09-14,6,6,2025-09-14 14:03:00,5,本命戦ほぼB級メモリアル 日本財団会長杯,4,4067,永井 源,1,45,52.9,0,0,0.17,6.69,58.39,72.99,6.21,46.03,63.49,35.23,50,41.87,55.67
2025-09-14,6,6,2025-09-14 14:03:00,5,本命戦ほぼB級メモリアル 日本財団会長杯,5,5130,上野 拓馬,3,27,52.5,0,0,0.18,4.04,18.18,31.82,4.8,40,40,28.57,46.94,35.35,54.42
2025-09-14,6,6,2025-09-14 14:03:00,5,本命戦ほぼB級メモリアル 日本財団会長杯,6,4892,柴田 直哉,3,35,52.6,0,0,0.17,5.13,28.21,51.28,4.23,20,40,32.61,48.91,37.44,56.16
2025-09-14,6,7,2025-09-14 14:35:00,5,本命戦ほぼB級メモリアル 日本財団会長杯,1,4651,佐藤 大騎,3,40,52,0,0,0.17,4.47,25,37.5,4.67,22.22,33.33,18.18,32.47,40.44,60.89
2025-09-14,6,7,2025-09-14 14:35:00,5,本命戦ほぼB級メモリアル 日本財団会長杯,2,4503,上野 真之介,1,37,52,0,0,0.12,7.12,51.88,68.42,9,62.5,87.5,27.59,51.72,32.26,47.47
2025-09-14,6,7,2025-09-14 14:35:00,5,本命戦ほぼB級メモリアル 日本財団会長杯,3,4343,村岡 賢,3,40,52,0,0,0.18,3.52,9.28,22.68,5.7,40,50,43.48,56.52,36.2,48.42
2025-09-14,6,7,2025-09-14 14:35:00,5,本命戦ほぼB級メモリアル 日本財団会長杯,4,4274,長畑 友輔,3,43,52,1,0,0.15,4.27,21.95,40.24,3.78,11.11,33.33,41.05,50.53,31.82,48.64
2025-09-14,6,7,2025-09-14 14:35:00,5,本命戦ほぼB級メモリアル 日本財団会長杯,5,5323,香川 陽太,4,22,58,1,0,0.19,4.28,20.29,42.03,4.83,27.78,50,22.97,39.19,37.22,52.47
2025-09-14,6,7,2025-09-14 14:35:00,5,本命戦ほぼB級メモリアル 日本財団会長杯,6,3891,谷口 健一,3,49,54.7,0,0,0.18,3.79,18.18,30.3,4.42,23.68,42.11,35.71,54.08,35.91,50.91
2025-09-14,6,8,2025-09-14 15:06:00,5,本命戦ほぼB級メモリアル 日本財団会長杯,1,3422,服部 幸男,1,54,55.3,0,0,0.15,6.4,47.27,58.18,6.97,54.05,72.43,31.58,53.68,30.66,49.53
2025-09-14,6,8,2025-09-14 15:06:00,5,本命戦ほぼB級メモリアル 日本財団会長杯,2,3293,宮内 由紀英,3,60,52.3,0,0,0.2,4.2,12.36,37.08,4.06,25,37.5,46.3,68.52,37.73,52.73
2025-09-14,6,8,2025-09-14 15:06:00,5,本命戦ほぼB級メモリアル 日本財団会長杯,3,4449,中嶋 達也,3,38,53,0,0,0.16,3.75,15.6,31.19,3.88,23.08,34.62,47.47,62.63,36.87,55.3
2025-09-14,6,8,2025-09-14 15:06:00,5,本命戦ほぼB級メモリアル 日本財団会長杯,4,5067,山田 真聖,3,26,57.8,0,0,0.17,4.25,24,39,4.04,24,32,31.11,51.11,34.72,50
2025-09-14,6,8,2025-09-14 15:06:00,5,本命戦ほぼB級メモリアル 日本財団会長杯,5,4186,小川 時光,4,44,54.1,1,0,0.16,3.52,12.7,26.98,3.16,16.13,19.35,35.63,49.43,38.39,58.48
2025-09-14,6,8,2025-09-14 15:06:00,5,本命戦ほぼB級メモリアル 日本財団会長杯,6,4562,阪本 勇介,3,37,53.9,0,0,0.2,4.08,17.27,35.45,0,0,0,24.44,36.67,35.32,55.05
2025-09-14,6,9,2025-09-14 15:33:00,5,本命戦ほぼB級メモリアル 日本財団会長杯,1,3660,長谷川 親王,3,56,57.1,1,0,0.18,3.31,10.34,21.84,4.1,10,30,37.11,47.42,34.84,50.68
2025-09-14,6,9,2025-09-14 15:33:00,5,本命戦ほぼB級メモリアル 日本財団会長杯,2,4550,石岡 将太,3,36,54.5,0,0,0.16,5.44,34.41,53.76,3.6,21.43,28.57,35.48,50.54,39.46,56.95
2025-09-14,6,9,2025-09-14 15:33:00,5,本命戦ほぼB級メモリアル 日本財団会長杯,3,3681,山谷 央,3,52,52,0,0,0.16,5.29,36.73,48.98,4.83,20.69,44.83,38.04,57.61,41.98,58.96
2025-09-14,6,9,2025-09-14 15:33:00,5,本命戦ほぼB級メモリアル 日本財団会長杯,4,4287,今井 貴士,1,41,56.6,1,0,0.15,6.83,51.16,70.93,6.77,58.06,70.97,51.75,71.05,31.46,48.36
2025-09-14,6,9,2025-09-14 15:33:00,5,本命戦ほぼB級メモリアル 日本財団会長杯,5,3842,星野 太郎,3,49,53,1,0,0.19,4.95,30.61,46.94,6.15,34.04,70.21,44.68,63.83,32.74,48.43
2025-09-14,6,9,2025-09-14 15:33:00,5,本命戦ほぼB級メモリアル 日本財団会長杯,6,3508,久富 政弘,3,54,53.9,0,0,0.21,4.77,26.92,44.23,5.05,20,55,38.46,58.24,34.25,54.34
2025-09-14,6,10,2025-09-14 16:00:00,5,本命戦ほぼB級メモリアル 日本財団会長杯,1,4675,井手 良太,3,37,51.5,0,0,0.14,5.07,28.92,46.99,5.29,41.18,58.82,24.73,38.71,31.46,45.54
2025-09-14,6,10,2025-09-14 16:00:00,5,本命戦ほぼB級メモリアル 日本財団会長杯,2,5130,上野 拓馬,3,27,52.5,0,0,0.18,4.04,18.18,31.82,4.8,40,40,28.57,46.94,35.35,54.42
2025-09-14,6,10,2025-09-14 16:00:00,5,本命戦ほぼB級メモリアル 日本財団会長杯,3,4890,石川 諒,3,36,52,0,0,0.15,4.95,29.91,47.66,5.56,38.89,50,27.96,41.94,40,56
2025-09-14,6,10,2025-09-14 16:00:00,5,本命戦ほぼB級メモリアル 日本財団会長杯,4,4840,鈴木 秀茉,3,34,52,0,0,0.17,5.14,33,52,4.57,23.33,43.33,46.81,71.28,33.17,47.6
2025-09-14,6,10,2025-09-14 16:00:00,5,本命戦ほぼB級メモリアル 日本財団会長杯,5,4488,小山 勉,1,39,52,1,0,0.15,6.78,52.81,74.16,6.35,50,65.38,23.16,44.21,34.55,48.18
2025-09-14,6,10,2025-09-14 16:00:00,5,本命戦ほぼB級メモリアル 日本財団会長杯,6,4811,向井田 佑紀,3,36,50.5,0,0,0.17,4.96,29.31,45.69,4.92,28,44,35.79,46.32,35.91,52.73
2025-09-14,6,11,2025-09-14 16:28:00,5,本命戦ほぼB級メモリアル 日本財団会長杯,1,3502,渡邉 英児,3,56,52.3,0,0,0.17,5.11,31.03,52.59,5.79,39.33,56.18,30.77,40.66,32,52.5
2025-09-14,6,11,2025-09-14 16:28:00,5,本命戦ほぼB級メモリアル 日本財団会長杯,2,5017,澤田 尚也,1,26,52,0,0,0.15,7.18,57.26,70.09,7.61,64.52,83.87,29.7,48.51,31.78,51.87
2025-09-14,6,11,2025-09-14 16:28:00,5,本命戦ほぼB級メモリアル 日本財団会長杯,3,4213,重富 伸也,3,41,52.5,0,0,0.17,4.84,30.69,45.54,4.31,25,50,23.91,41.3,30.37,45.03
2025-09-14,6,11,2025-09-14 16:28:00,5,本命戦ほぼB級メモリアル 日本財団会長杯,4,3616,中村 真,3,52,53.5,0,0,0.17,5.28,33.67,52.04,5.72,44.44,50,23.75,42.5,35.29,58.37
2025-09-14,6,11,2025-09-14 16:28:00,5,本命戦ほぼB級メモリアル 日本財団会長杯,5,4651,佐藤 大騎,3,40,51.5,0,0,0.17,4.47,25,37.5,4.67,22.22,33.33,18.18,32.47,40.44,60.89
2025-09-14,6,11,2025-09-14 16:28:00,5,本命戦ほぼB級メモリアル 日本財団会長杯,6,4158,木場 雄二郎,3,44,55.1,0,0,0.19,4.54,30.63,38.74,6.67,66.67,66.67,43.81,62.86,38.71,54.38
2025-09-14,6,12,2025-09-14 17:06:00,5,本命戦ほぼB級メモリアル 日本財団会長杯,1,4451,松崎 祐太郎,1,37,52,0,0,0.16,6.4,43.59,68.38,5.2,40,60,27.47,42.86,39.19,55.86
2025-09-14,6,12,2025-09-14 17:06:00,5,本命戦ほぼB級メモリアル 日本財団会長杯,2,4108,吉村 正明,4,45,51.5,0,0,0.14,4.84,30.14,43.84,0,0,0,36.36,49.49,30.81,43.13
2025-09-14,6,12,2025-09-14 17:06:00,5,本命戦ほぼB級メモリアル 日本財団会長杯,3,5139,大場 恒季,3,25,52.9,0,0,0.19,6.18,42.86,63.27,4.33,50,50,36.96,51.09,29.9,49.51
2025-09-14,6,12,2025-09-14 17:06:00,5,本命戦ほぼB級メモリアル 日本財団会長杯,4,4669,井上 茂,3,40,52.4,0,0,0.18,4.33,19.54,39.08,0,0,0,36.08,58.76,36.49,54.5
2025-09-14,6,12,2025-09-14 17:06:00,5,本命戦ほぼB級メモリアル 日本財団会長杯,5,3805,高橋 英之,3,51,52.7,0,0,0.14,5.65,42.35,55.29,5.82,36.36,63.64,48.51,57.43,35.68,48.02
2025-09-14,6,12,2025-09-14 17:06:00,5,本命戦ほぼB級メモリアル 日本財団会長杯,6,4274,長畑 友輔,3,43,52,1,0,0.15,4.27,21.95,40.24,3.78,11.11,33.33,41.05,50.53,31.82,48.64
2025-09-14,14,1,2025-09-14 10:52:00,2,大渦大賞開設72周年記念競走,1,3590,濱野谷 憲吾,1,51,53.6,0,0,0.14,6.92,51.79,67.86,7.2,53.33,66.67,30.21,47.92,48.81,63.1
2025-09-14,14,1,2025-09-14 10:52:00,2,大渦大賞開設72周年記念競走,2,4063,市橋 卓士,1,46,52.6,0,0,0.14,6.61,47.69,71.54,6.98,54.01,72.26,30.69,43.56,31.82,44.32
2025-09-14,14,1,2025-09-14 10:52:00,2,大渦大賞開設72周年記念競走,3,3942,寺田 祥,1,46,52.3,0,0,0.16,6.49,39,56,7.53,60,73.33,26.8,39.18,37.63,53.76
2025-09-14,14,1,2025-09-14 10:52:00,2,大渦大賞開設72周年記念競走,4,4856,豊田 健士郎,1,29,52.2,0,0,0.14,6.36,44.44,59.26,5.38,31.25,43.75,29.76,44.05,38.1,58.33
2025-09-14,14,1,2025-09-14 10:52:00,2,大渦大賞開設72周年記念競走,5,4028,田村 隆信,1,47,53.4,0,0,0.14,6.45,46.67,63.81,6.65,49.66,63.95,34.07,48.35,39.77,60.23
2025-09-14,14,1,2025-09-14 10:52:00,2,大渦大賞開設72周年記念競走,6,4166,吉田 拡郎,1,43,52.8,0,0,0.14,7.37,51.13,69.92,8.02,64,80,32.94,47.06,40.66,57.14
2025-09-14,14,2,2025-09-14 11:21:00,2,大渦大賞開設72周年記念競走,1,5136,濱野 斗馬,1,25,52,1,0,0.14,5.92,39.82,61.95,6.74,50.88,71.93,46.51,63.95,47.19,62.92
2025-09-14,14,2,2025-09-14 11:21:00,2,大渦大賞開設72周年記念競走,2,4497,桑原 悠,1,38,52,1,0,0.13,6.42,40.7,60.47,6.81,53.85,65.38,42.27,55.67,29.27,43.9
2025-09-14,14,2,2025-09-14 11:21:00,2,大渦大賞開設72周年記念競走,3,3941,池田 浩二,1,47,52,0,0,0.13,7.75,52.46,72.95,8.18,52.94,82.35,39.56,59.34,30.14,47.95
2025-09-14,14,2,2025-09-14 11:21:00,2,大渦大賞開設72周年記念競走,4,4732,堀本 和也,1,36,53.2,0,0,0.12,6.1,48.39,61.29,6.13,44.37,62.91,48.15,62.96,37.04,50.62
2025-09-14,14,2,2025-09-14 11:21:00,2,大渦大賞開設72周年記念競走,5,4953,尾上 雅也,1,30,52,0,0,0.16,6.68,50.41,68.29,5.04,26.09,47.83,47.44,60.26,38.71,54.84
2025-09-14,14,2,2025-09-14 11:21:00,2,大渦大賞開設72周年記念競走,6,4586,磯部 誠,1,35,52,0,0,0.13,7.21,50.47,64.49,0,0,0,26.44,39.08,38.37,53.49
2025-09-14,14,3,2025-09-14 11:50:00,2,大渦大賞開設72周年記念競走,1,4445,宮地 元輝,1,38,54.4,0,0,0.12,7.07,42.48,61.95,6.33,36.67,60,37.63,55.91,28.71,41.58
2025-09-14,14,3,2025-09-14 11:50:00,2,大渦大賞開設72周年記念競走,2,5042,畑田 汰一,1,26,52,0,0,0.11,7.15,56.25,75,7.44,77.78,77.78,39.76,55.42,45.56,62.22
2025-09-14,14,3,2025-09-14 11:50:00,2,大渦大賞開設72周年記念競走,3,5043,中村 日向,1,26,51.5,0,0,0.16,7.16,57.36,72.87,7.74,57.14,71.43,40.96,59.04,36.96,58.7
2025-09-14,14,3,2025-09-14 11:50:00,2,大渦大賞開設72周年記念競走,4,4188,久田 敏之,1,44,52,0,0,0.14,8.01,69.03,84.07,7.68,64.29,82.14,40.66,52.75,30.48,50.48
2025-09-14,14,3,2025-09-14 11:50:00,2,大渦大賞開設72周年記念競走,5,4571,菅 章哉,1,37,52.1,0,0,0.17,6.83,50.54,55.91,7.1,56.91,71.54,31.03,47.13,39.08,54.02
2025-09-14,14,3,2025-09-14 11:50:00,2,大渦大賞開設72周年記念競走,6,4052,興津 藍,1,44,50.5,0,0,0.18,5.78,39.05,59.05,5.93,43.4,57.86,40.96,56.63,40.91,55.68
2025-09-14,14,4,2025-09-14 12:20:00,2,大渦大賞開設72周年記念競走,1,3744,徳増 秀樹,1,50,52.2,1,0,0.13,6.85,53.62,63.77,5.04,36,40,31.11,46.67,32.93,52.44
2025-09-14,14,4,2025-09-14 12:20:00,2,大渦大賞開設72周年記念競走,2,4391,松田 祐季,1,39,52,0,0,0.16,6.9,52.46,72.95,2.5,0,0,34.44,48.89,34.48,54.02
2025-09-14,14,4,2025-09-14 12:20:00,2,大渦大賞開設72周年記念競走,3,4371,西山 貴浩,1,38,51.5,0,0,0.14,6.65,37.86,56.31,7.94,72.22,88.89,27,54,38.82,55.29
2025-09-14,14,4,2025-09-14 12:20:00,2,大渦大賞開設72周年記念競走,4,5026,安河内 健,1,30,53.4,1,0,0.15,6.34,46.02,63.72,6.97,48.39,74.19,31.87,49.45,28.74,44.83
2025-09-14,14,4,2025-09-14 12:20:00,2,大渦大賞開設72周年記念競走,5,4266,長田 頼宗,1,40,52,0,0,0.15,7.15,52,66.4,6.74,48.84,67.44,40.79,59.21,39.08,54.02
2025-09-14,14,4,2025-09-14 12:20:00,2,大渦大賞開設72周年記念競走,6,3716,石渡 鉄兵,1,50,52.3,0,0,0.12,6.73,45.13,63.72,6.92,45.83,66.67,51.95,62.34,30.48,50.48
2025-09-14,14,5,2025-09-14 12:50:00,2,大渦大賞開設72周年記念競走,1,4933,板橋 侑我,1,29,52.1,0,0,0.15,7.15,54.1,72.95,7,54.17,70.83,33.33,51.72,29.73,56.76
2025-09-14,14,5,2025-09-14 12:50:00,2,大渦大賞開設72周年記念競走,2,4980,佐々木 完太,1,29,52,0,0,0.15,6.92,52.5,72.5,6.76,47.06,64.71,29.03,47.31,39.08,58.62
2025-09-14,14,5,2025-09-14 12:50:00,2,大渦大賞開設72周年記念競走,3,4886,入海 馨,1,29,52,0,0,0.15,7.6,57.8,75.23,7.3,70,80,40.91,59.09,33.33,50.57
2025-09-14,14,5,2025-09-14 12:50:00,2,大渦大賞開設72周年記念競走,4,4024,井口 佳典,1,48,52,0,0,0.15,7.12,47.06,59.66,6.28,38.89,50,29.9,50.52,30.34,42.7
2025-09-14,14,5,2025-09-14 12:50:00,2,大渦大賞開設72周年記念競走,5,4061,萩原 秀人,1,46,52.6,0,0,0.13,7.17,54.1,70.49,8.69,75,87.5,28.09,46.07,30.93,44.33
2025-09-14,14,5,2025-09-14 12:50:00,2,大渦大賞開設72周年記念競走,6,3978,齊藤 仁,1,48,51,0,0,0.14,6.79,43.18,60.61,7.52,51.85,70.37,34.69,54.08,34.09,47.73
2025-09-14,14,6,2025-09-14 13:21:00,2,大渦大賞開設72周年記念競走,1,4932,新開 航,1,29,52,0,0,0.15,6.82,46.73,59.81,8.41,82.35,88.24,34.07,46.15,42.7,53.93
2025-09-14,14,6,2025-09-14 13:21:00,2,大渦大賞開設72周年記念競走,2,4494,河合 佑樹,1,38,51,1,0,0.14,6.46,38.28,57.81,9.33,80,100,30.93,46.39,37.93,52.87
2025-09-14,14,6,2025-09-14 13:21:00,2,大渦大賞開設72周年記念競走,3,3304,烏野 賢太,1,57,52,1,0,0.17,5.81,39.82,56.64,6.11,42.77,60.84,32.14,46.43,42.7,64.04
2025-09-14,14,6,2025-09-14 13:21:00,2,大渦大賞開設72周年記念競走,4,4544,松田 大志郎,1,37,52,0,0,0.17,7.88,70.37,82.41,7.76,69.35,80.65,36.56,53.76,31.76,41.18
2025-09-14,14,6,2025-09-14 13:21:00,2,大渦大賞開設72周年記念競走,5,3743,林 美憲,1,50,51.5,0,0,0.15,6.53,48.65,66.67,6.78,51,68.92,47.44,71.79,38.46,56.04
2025-09-14,14,6,2025-09-14 13:21:00,2,大渦大賞開設72周年記念競走,6,4856,豊田 健士郎,1,29,52.2,0,0,0.14,6.36,44.44,59.26,5.38,31.25,43.75,29.76,44.05,38.1,58.33
2025-09-14,14,7,2025-09-14 13:52:00,2,大渦大賞開設72周年記念競走,1,4839,四宮 与寛,1,35,52,1,0,0.13,6.03,44.09,62.99,5.94,44,58,31.71,53.66,33.33,48.96
2025-09-14,14,7,2025-09-14 13:52:00,2,大渦大賞開設72周年記念競走,2,4166,吉田 拡郎,1,43,52.8,0,0,0.14,7.37,51.13,69.92,8.02,64,80,32.94,47.06,40.66,57.14
2025-09-14,14,7,2025-09-14 13:52:00,2,大渦大賞開設72周年記念競走,3,4688,永井 彪也,1,32,52.3,0,0,0.13,7.1,52.38,69.05,9,88.89,88.89,32.93,52.44,36.78,55.17
2025-09-14,14,7,2025-09-14 13:52:00,2,大渦大賞開設72周年記念競走,4,4019,笠原 亮,1,45,52.1,0,0,0.17,7.26,54.29,73.33,8.53,82.35,88.24,48.19,62.65,34.78,48.91
2025-09-14,14,7,2025-09-14 13:52:00,2,大渦大賞開設72周年記念競走,5,4324,海野 康志郎,1,37,53.6,0,0,0.14,6.94,54.17,69.44,7.11,54.05,70.27,32.14,47.62,42.7,61.8
2025-09-14,14,7,2025-09-14 13:52:00,2,大渦大賞開設72周年記念競走,6,3941,池田 浩二,1,47,52,0,0,0.13,7.75,52.46,72.95,8.18,52.94,82.35,39.56,59.34,30.14,47.95
2025-09-14,14,8,2025-09-14 14:23:00,2,大渦大賞開設72周年記念競走,1,3942,寺田 祥,1,46,52.3,0,0,0.16,6.49,39,56,7.53,60,73.33,26.8,39.18,37.63,53.76
2025-09-14,14,8,2025-09-14 14:23:00,2,大渦大賞開設72周年記念競走,2,4739,中村 晃朋,1,33,51.5,0,0,0.15,6.9,51.72,61.21,6.88,52.5,70,38.82,61.18,32.58,42.7
2025-09-14,14,8,2025-09-14 14:23:00,2,大渦大賞開設72周年記念競走,3,4571,菅 章哉,1,37,52.1,0,0,0.17,6.83,50.54,55.91,7.1,56.91,71.54,31.03,47.13,39.08,54.02
2025-09-14,14,8,2025-09-14 14:23:00,2,大渦大賞開設72周年記念競走,4,5136,濱野 斗馬,1,25,52,1,0,0.14,5.92,39.82,61.95,6.74,50.88,71.93,46.51,63.95,47.19,62.92
2025-09-14,14,8,2025-09-14 14:23:00,2,大渦大賞開設72周年記念競走,5,4084,杉山 正樹,1,45,52.2,0,0,0.16,6.91,52.99,68.38,0,0,0,40.54,55.41,33.72,47.67
2025-09-14,14,8,2025-09-14 14:23:00,2,大渦大賞開設72周年記念競走,6,4362,土屋 智則,1,40,52.4,1,0,0.12,6.96,43.33,63.33,5.56,22.22,44.44,36.14,43.37,38.46,56.04
2025-09-14,14,9,2025-09-14 14:55:00,2,大渦大賞開設72周年記念競走,1,5084,末永 和也,1,26,52.2,0,0,0.13,7.59,56.57,73.74,7.6,60,70,40.48,57.14,33.7,59.78
2025-09-14,14,9,2025-09-14 14:55:00,2,大渦大賞開設72周年記念競走,2,4052,興津 藍,1,44,50.5,0,0,0.18,5.78,39.05,59.05,5.93,43.4,57.86,40.96,56.63,40.91,55.68
2025-09-14,14,9,2025-09-14 14:55:00,2,大渦大賞開設72周年記念競走,3,4953,尾上 雅也,1,30,52,0,0,0.16,6.68,50.41,68.29,5.04,26.09,47.83,47.44,60.26,38.71,54.84
2025-09-14,14,9,2025-09-14 14:55:00,2,大渦大賞開設72周年記念競走,4,4415,下出 卓矢,1,38,53.5,0,0,0.13,6.21,41.22,58.78,6.78,61.11,72.22,43.33,58.89,29.58,40.85
2025-09-14,14,9,2025-09-14 14:55:00,2,大渦大賞開設72周年記念競走,5,4371,西山 貴浩,1,38,51.5,0,0,0.14,6.65,37.86,56.31,7.94,72.22,88.89,27,54,38.82,55.29
2025-09-14,14,9,2025-09-14 14:55:00,2,大渦大賞開設72周年記念競走,6,4063,市橋 卓士,1,46,52.6,0,0,0.14,6.61,47.69,71.54,6.98,54.01,72.26,30.69,43.56,31.82,44.32
2025-09-14,14,10,2025-09-14 15:30:00,2,大渦大賞開設72周年記念競走,1,4028,田村 隆信,1,47,53.4,0,0,0.14,6.45,46.67,63.81,6.65,49.66,63.95,34.07,48.35,39.77,60.23
2025-09-14,14,10,2025-09-14 15:30:00,2,大渦大賞開設72周年記念競走,2,4732,堀本 和也,1,36,53.2,0,0,0.12,6.1,48.39,61.29,6.13,44.37,62.91,48.15,62.96,37.04,50.62
2025-09-14,14,10,2025-09-14 15:30:00,2,大渦大賞開設72周年記念競走,3,3716,石渡 鉄兵,1,50,52.3,0,0,0.12,6.73,45.13,63.72,6.92,45.83,66.67,51.95,62.34,30.48,50.48
2025-09-14,14,10,2025-09-14 15:30:00,2,大渦大賞開設72周年記念競走,4,4504,前田 将太,1,37,52.7,0,0,0.14,7.06,48.91,69.34,8.71,85.71,85.71,35.05,48.45,31.51,43.84
2025-09-14,14,10,2025-09-14 15:30:00,2,大渦大賞開設72周年記念競走,5,4445,宮地 元輝,1,38,54.4,0,0,0.12,7.07,42.48,61.95,6.33,36.67,60,37.63,55.91,28.71,41.58
2025-09-14,14,10,2025-09-14 15:30:00,2,大渦大賞開設72周年記念競走,6,4980,佐々木 完太,1,29,52,0,0,0.15,6.92,52.5,72.5,6.76,47.06,64.71,29.03,47.31,39.08,58.62
2025-09-14,14,11,2025-09-14 16:05:00,2,大渦大賞開設72周年記念競走,1,4024,井口 佳典,1,48,52,0,0,0.15,7.12,47.06,59.66,6.28,38.89,50,29.9,50.52,30.34,42.7
2025-09-14,14,11,2025-09-14 16:05:00,2,大渦大賞開設72周年記念競走,2,4266,長田 頼宗,1,40,52.3,0,0,0.15,7.15,52,66.4,6.74,48.84,67.44,40.79,59.21,39.08,54.02
2025-09-14,14,11,2025-09-14 16:05:00,2,大渦大賞開設72周年記念競走,3,5042,畑田 汰一,1,26,51.5,0,0,0.11,7.15,56.25,75,7.44,77.78,77.78,39.76,55.42,45.56,62.22
2025-09-14,14,11,2025-09-14 16:05:00,2,大渦大賞開設72周年記念競走,4,3590,濱野谷 憲吾,1,51,54.3,0,0,0.14,6.92,51.79,67.86,7.2,53.33,66.67,30.21,47.92,48.81,63.1
2025-09-14,14,11,2025-09-14 16:05:00,2,大渦大賞開設72周年記念競走,5,4497,桑原 悠,1,38,52.5,1,0,0.13,6.42,40.7,60.47,6.81,53.85,65.38,42.27,55.67,29.27,43.9
2025-09-14,14,11,2025-09-14 16:05:00,2,大渦大賞開設72周年記念競走,6,4494,河合 佑樹,1,38,50.5,1,0,0.14,6.46,38.28,57.81,9.33,80,100,30.93,46.39,37.93,52.87
2025-09-14,14,12,2025-09-14 16:42:00,2,大渦大賞開設72周年記念競走,1,4444,桐生 順平,1,38,52,0,0,0.14,7.69,51.38,69.72,0,0,0,34.74,64.21,37.93,62.07
2025-09-14,14,12,2025-09-14 16:42:00,2,大渦大賞開設72周年記念競走,2,4030,森高 一真,1,47,50,0,0,0.15,6.61,34.48,57.47,7.84,58,78,37.65,52.94,41.11,61.11
2025-09-14,14,12,2025-09-14 16:42:00,2,大渦大賞開設72周年記念競走,3,3779,原田 幸哉,1,49,52,0,0,0.12,7.19,50.39,66.93,7.04,48.15,62.96,39.29,52.38,39.33,56.18
2025-09-14,14,12,2025-09-14 16:42:00,2,大渦大賞開設72周年記念競走,4,4418,茅原 悠紀,1,38,52,0,0,0.14,8.2,62.6,80.15,8.56,77.78,77.78,33.33,46.43,32.22,42.22
2025-09-14,14,12,2025-09-14 16:42:00,2,大渦大賞開設72周年記念競走,5,4847,佐藤 隆太郎,1,31,51.5,1,0,0.12,6.84,46.79,58.72,7.93,78.57,85.71,29.41,51.76,29.49,53.85
2025-09-14,14,12,2025-09-14 16:42:00,2,大渦大賞開設72周年記念競走,6,4757,山田 祐也,1,36,52,0,0,0.14,6.7,53.44,64.12,7.04,56.93,72.26,36.14,50.6,33.71,52.81
2025-09-14,15,1,2025-09-14 15:25:00,5,日本モーターボート選手会会長杯,1,4034,西原 明生,3,46,53.5,0,0,0.19,4.27,16.49,41.24,4.07,19.57,35.87,0,0,38.89,63.89
2025-09-14,15,1,2025-09-14 15:25:00,5,日本モーターボート選手会会長杯,2,5117,冨名腰 桃奈,3,25,47.5,1,0,0.21,3.98,20.34,30.51,3.55,15,30,33.33,55.56,20,50
2025-09-14,15,1,2025-09-14 15:25:00,5,日本モーターボート選手会会長杯,3,4177,萬 正嗣,3,42,55.9,0,0,0.17,4.49,23.94,38.03,0,0,0,42.86,57.14,14.71,29.41
2025-09-14,15,1,2025-09-14 15:25:00,5,日本モーターボート選手会会長杯,4,5124,上瀧 絢也,3,29,52,1,0,0.15,3.67,21.21,33.33,3.43,14.29,28.57,0,0,30.56,41.67
2025-09-14,15,1,2025-09-14 15:25:00,5,日本モーターボート選手会会長杯,5,3516,吉原 聖人,3,57,51.5,0,0,0.18,4.7,25.58,45.35,3.17,8.33,20.83,0,0,41.46,53.66
2025-09-14,15,1,2025-09-14 15:25:00,5,日本モーターボート選手会会長杯,6,3713,伊藤 誠二,3,50,52.6,1,0,0.14,5.95,41.9,58.1,4.9,23.81,42.86,0,0,36.84,39.47
2025-09-14,15,2,2025-09-14 15:54:00,5,日本モーターボート選手会会長杯,1,4893,渡邉 真奈美,4,35,47,0,0,0.18,5.27,38.03,52.11,0,0,0,0,0,30.77,35.9
2025-09-14,15,2,2025-09-14 15:54:00,5,日本モーターボート選手会会長杯,2,3901,松田 憲幸,3,48,52.1,0,0,0.21,4.19,20,34.44,5.13,29.03,51.61,0,0,28.95,50
2025-09-14,15,2,2025-09-14 15:54:00,5,日本モーターボート選手会会長杯,3,4995,田邉 亮蔵,3,34,54.4,0,0,0.19,4.4,28.3,37.74,1.77,0,0,0,0,25.64,38.46
2025-09-14,15,2,2025-09-14 15:54:00,5,日本モーターボート選手会会長杯,4,4138,中井 俊祐,3,44,52.1,0,0,0.18,3.97,19.44,34.72,4.06,17.65,23.53,0,0,25.71,42.86
2025-09-14,15,2,2025-09-14 15:54:00,5,日本モーターボート選手会会長杯,5,5313,鈴木 唯央,3,25,52.2,1,0,0.18,3.02,7.14,16.07,2.29,0,14.29,28.57,57.14,50,67.5
2025-09-14,15,2,2025-09-14 15:54:00,5,日本モーターボート選手会会長杯,6,4381,田路 朋史,1,40,52,0,0,0.15,5.71,37.96,56.48,5.9,30,70,14.29,14.29,29.73,40.54
2025-09-14,15,3,2025-09-14 16:21:00,5,日本モーターボート選手会会長杯,1,3687,花田 和明,3,55,52,1,0,0.17,5.06,29.63,46.91,0,0,0,0,0,42.86,59.52
2025-09-14,15,3,2025-09-14 16:21:00,5,日本モーターボート選手会会長杯,2,4289,落合 直子,3,40,47.2,0,0,0.13,6.23,40.86,63.44,6.44,40,72,0,0,31.71,51.22
2025-09-14,15,3,2025-09-14 16:21:00,5,日本モーターボート選手会会長杯,3,4475,末永 祐輝,1,37,52,1,0,0.15,5.84,40.18,58.04,6.17,33.33,58.33,0,0,33.33,63.89
2025-09-14,15,3,2025-09-14 16:21:00,5,日本モーターボート選手会会長杯,4,4277,金田 大輔,3,42,50.5,0,0,0.17,4.45,27.55,39.8,4.29,23.53,23.53,0,0,27.27,33.33
2025-09-14,15,3,2025-09-14 16:21:00,5,日本モーターボート選手会会長杯,5,5065,伊久間 陽優,3,27,52.3,0,0,0.16,4.36,26.03,42.47,2.4,0,0,0,0,38.46,61.54
2025-09-14,15,3,2025-09-14 16:21:00,5,日本モーターボート選手会会長杯,6,4931,木谷 賢太,2,29,52.2,0,0,0.16,6.47,43.75,66.96,6.29,46.34,62.8,40,50,41.46,58.54
2025-09-14,15,4,2025-09-14 16:49:00,5,日本モーターボート選手会会長杯,1,4864,小川 日紀太,3,36,52,0,0,0.16,4.26,24.73,36.56,5.5,37.5,50,0,0,50,67.5
2025-09-14,15,4,2025-09-14 16:49:00,5,日本モーターボート選手会会長杯,2,4718,北川 太一,2,32,51,1,0,0.16,5.77,41.51,55.66,7.69,69.23,76.92,28.57,42.86,35.14,37.84
2025-09-14,15,4,2025-09-14 16:49:00,5,日本モーターボート選手会会長杯,3,4518,大須賀 友,1,38,52,1,0,0.16,5.85,40.21,60.82,4.79,25,42.86,0,0,35.14,59.46
2025-09-14,15,4,2025-09-14 16:49:00,5,日本モーターボート選手会会長杯,4,4894,原村 拓也,3,34,52,1,0,0.18,4.18,20,38,4.84,21.95,46.34,28.57,42.86,44.12,61.76
2025-09-14,15,4,2025-09-14 16:49:00,5,日本モーターボート選手会会長杯,5,4102,益田 啓司,2,46,52,1,0,0.15,6.64,51.59,65.08,5.52,52.38,52.38,0,0,44.44,55.56
2025-09-14,15,4,2025-09-14 16:49:00,5,日本モーターボート選手会会長杯,6,4728,山口 亮,3,37,53,0,0,0.19,4.83,28.7,45.37,0,0,0,40,60,25,38.89
2025-09-14,15,5,2025-09-14 17:15:00,5,日本モーターボート選手会会長杯,1,4899,占部 一真,3,33,52,0,0,0.17,4.8,30.43,40.22,4.19,26.92,30.77,0,0,40,54.29
2025-09-14,15,5,2025-09-14 17:15:00,5,日本モーターボート選手会会長杯,2,5124,上瀧 絢也,3,29,52,1,0,0.15,3.67,21.21,33.33,3.43,14.29,28.57,0,0,30.56,41.67
2025-09-14,15,5,2025-09-14 17:15:00,5,日本モーターボート選手会会長杯,3,4314,青木 幸太郎,2,41,51.5,0,0,0.14,6.03,43.36,61.06,3.67,33.33,33.33,42.86,57.14,36.11,58.33
2025-09-14,15,5,2025-09-14 17:15:00,5,日本モーターボート選手会会長杯,4,3822,平尾 崇典,1,52,50,0,0,0.17,6.88,52.27,74.24,6.13,33.33,54.17,66.67,77.78,43.24,67.57
2025-09-14,15,5,2025-09-14 17:15:00,5,日本モーターボート選手会会長杯,5,5145,島川 海輝,2,22,52.3,0,1,0.15,5.63,39.8,54.08,5.85,45,60,33.33,55.56,43.24,56.76
2025-09-14,15,5,2025-09-14 17:15:00,5,日本モーターボート選手会会長杯,6,5326,三嶌 さらら,3,21,47,0,0,0.2,2.78,4.6,11.49,1.8,1.23,3.7,44.44,44.44,31.71,51.22
2025-09-14,15,6,2025-09-14 17:48:00,5,日本モーターボート選手会会長杯,1,4247,齊藤 優,2,43,52.7,0,0,0.16,4.7,22.92,38.54,6.28,38.3,63.83,0,28.57,24.32,51.35
2025-09-14,15,6,2025-09-14 17:48:00,5,日本モーターボート選手会会長杯,2,4177,萬 正嗣,3,42,55.9,0,0,0.17,4.49,23.94,38.03,0,0,0,42.86,57.14,14.71,29.41
2025-09-14,15,6,2025-09-14 17:48:00,5,日本モーターボート選手会会長杯,3,4615,板倉 敦史,3,45,52.5,0,0,0.21,4.77,20,46.32,4.75,33.33,41.67,50,80,17.65,35.29
2025-09-14,15,6,2025-09-14 17:48:00,5,日本モーターボート選手会会長杯,4,4653,小野 達哉,1,39,52,0,0,0.16,6.16,46.9,61.95,6.84,56,72,0,0,27.03,37.84
2025-09-14,15,6,2025-09-14 17:48:00,5,日本モーターボート選手会会長杯,5,3878,胡本 悟志,3,48,52.1,0,0,0.17,4.3,15.63,38.54,3.6,13.33,20,0,0,33.33,41.67
2025-09-14,15,6,2025-09-14 17:48:00,5,日本モーターボート選手会会長杯,6,4790,柳内 敬太,2,36,52.4,0,0,0.16,5.44,34.04,54.26,6.95,57.89,63.16,14.29,42.86,38.89,55.56
2025-09-14,15,7,2025-09-14 18:18:00,5,日本モーターボート選手会会長杯,1,4372,原田 佑実,3,38,46.5,1,0,0.16,5.78,36.11,59.72,5.36,36.36,54.55,25,37.5,32.43,59.46
2025-09-14,15,7,2025-09-14 18:18:00,5,日本モーターボート選手会会長杯,2,4208,三浦 永理,1,42,47,0,0,0.15,6.64,44.76,68.57,8.05,66.67,90.48,28.57,28.57,34.29,60
2025-09-14,15,7,2025-09-14 18:18:00,5,日本モーターボート選手会会長杯,3,4893,渡邉 真奈美,4,35,47,0,0,0.18,5.27,38.03,52.11,0,0,0,0,0,30.77,35.9
2025-09-14,15,7,2025-09-14 18:18:00,5,日本モーターボート選手会会長杯,4,4714,喜多須 杏奈,3,34,48.3,0,0,0.18,4.74,25.24,45.63,4.26,18.42,39.47,50,50,20,50
2025-09-14,15,7,2025-09-14 18:18:00,5,日本モーターボート選手会会長杯,5,4627,藤原 菜希,2,39,47.4,1,0,0.15,5.45,36.36,53.03,6.8,50,80,40,70,32.26,51.61
2025-09-14,15,7,2025-09-14 18:18:00,5,日本モーターボート選手会会長杯,6,5117,冨名腰 桃奈,3,25,47.5,1,0,0.21,3.98,20.34,30.51,3.55,15,30,33.33,55.56,20,50
2025-09-14,15,8,2025-09-14 18:48:00,5,日本モーターボート選手会会長杯,1,4496,内堀 学,1,38,52,0,0,0.18,5.9,45.24,63.1,5.76,40,64,0,0,28.95,36.84
2025-09-14,15,8,2025-09-14 18:48:00,5,日本モーターボート選手会会長杯,2,3841,佐々木 和伸,2,49,54,0,0,0.17,6.01,45.22,63.48,6.19,44.68,65.96,0,0,40,60
2025-09-14,15,8,2025-09-14 18:48:00,5,日本モーターボート選手会会長杯,3,4034,西原 明生,3,46,53.5,0,0,0.19,4.27,16.49,41.24,4.07,19.57,35.87,0,0,38.89,63.89
2025-09-14,15,8,2025-09-14 18:48:00,5,日本モーターボート選手会会長杯,4,3499,市川 哲也,2,56,52.3,0,0,0.14,6.24,42.64,62.79,5.84,36.84,55.26,0,0,52.94,82.35
2025-09-14,15,8,2025-09-14 18:48:00,5,日本モーターボート選手会会長杯,5,4289,落合 直子,3,40,47.2,0,0,0.13,6.23,40.86,63.44,6.44,40,72,0,0,31.71,51.22
2025-09-14,15,8,2025-09-14 18:48:00,5,日本モーターボート選手会会長杯,6,5313,鈴木 唯央,3,25,52.2,1,0,0.18,3.02,7.14,16.07,2.29,0,14.29,28.57,57.14,50,67.5
2025-09-14,15,9,2025-09-14 19:16:00,5,日本モーターボート選手会会長杯,1,4348,宮崎 奨,2,40,53.1,0,0,0.18,6.16,43.97,68.1,5.82,39.25,56.07,14.29,28.57,22.22,33.33
2025-09-14,15,9,2025-09-14 19:16:00,5,日本モーターボート選手会会長杯,2,4826,井上 一輝,1,31,52,0,0,0.14,7,53.08,67.69,6.88,50,50,14.29,42.86,42.86,71.43
2025-09-14,15,9,2025-09-14 19:16:00,5,日本モーターボート選手会会長杯,3,3484,芝田 浩治,2,53,52.4,0,0,0.17,5.1,27.08,54.17,5.55,18.18,54.55,14.29,42.86,48.65,56.76
2025-09-14,15,9,2025-09-14 19:16:00,5,日本モーターボート選手会会長杯,4,3901,松田 憲幸,3,48,52.1,0,0,0.21,4.19,20,34.44,5.13,29.03,51.61,0,0,28.95,50
2025-09-14,15,9,2025-09-14 19:16:00,5,日本モーターボート選手会会長杯,5,3687,花田 和明,3,55,52,1,0,0.17,5.06,29.63,46.91,0,0,0,0,0,42.86,59.52
2025-09-14,15,9,2025-09-14 19:16:00,5,日本モーターボート選手会会長杯,6,5029,中 亮太,2,28,52.1,0,0,0.15,6.03,49.02,58.82,6.36,54.55,72.73,55.56,55.56,27.03,40.54
2025-09-14,15,10,2025-09-14 19:46:00,5,日本モーターボート選手会会長杯,1,4314,青木 幸太郎,2,41,51.5,0,0,0.14,6.03,43.36,61.06,3.67,33.33,33.33,42.86,57.14,36.11,58.33
2025-09-14,15,10,2025-09-14 19:46:00,5,日本モーターボート選手会会長杯,2,4277,金田 大輔,3,42,50.5,0,0,0.17,4.45,27.55,39.8,4.29,23.53,23.53,0,0,27.27,33.33
2025-09-14,15,10,2025-09-14 19:46:00,5,日本モーターボート選手会会長杯,3,3740,大澤 普司,1,51,54.2,1,0,0.17,6.43,48.35,67.03,6.08,50,66.67,0,0,33.33,53.85
2025-09-14,15,10,2025-09-14 19:46:00,5,日本モーターボート選手会会長杯,4,4518,大須賀 友,1,38,52,1,0,0.16,5.85,40.21,60.82,4.79,25,42.86,0,0,35.14,59.46
2025-09-14,15,10,2025-09-14 19:46:00,5,日本モーターボート選手会会長杯,5,4790,柳内 敬太,2,36,52.4,0,0,0.16,5.44,34.04,54.26,6.95,57.89,63.16,14.29,42.86,38.89,55.56
2025-09-14,15,10,2025-09-14 19:46:00,5,日本モーターボート選手会会長杯,6,4995,田邉 亮蔵,3,34,54.4,0,0,0.19,4.4,28.3,37.74,1.77,0,0,0,0,25.64,38.46
2025-09-14,15,11,2025-09-14 20:16:00,5,日本モーターボート選手会会長杯,1,4475,末永 祐輝,1,37,52,1,0,0.15,5.84,40.18,58.04,6.17,33.33,58.33,0,0,33.33,63.89
2025-09-14,15,11,2025-09-14 20:16:00,5,日本モーターボート選手会会長杯,2,3822,平尾 崇典,1,52,49.5,0,0,0.17,6.88,52.27,74.24,6.13,33.33,54.17,66.67,77.78,43.24,67.57
2025-09-14,15,11,2025-09-14 20:16:00,5,日本モーターボート選手会会長杯,3,4381,田路 朋史,1,40,51.5,0,0,0.15,5.71,37.96,56.48,5.9,30,70,14.29,14.29,29.73,40.54
2025-09-14,15,11,2025-09-14 20:16:00,5,日本モーターボート選手会会長杯,4,3516,吉原 聖人,3,57,51,0,0,0.18,4.7,25.58,45.35,3.17,8.33,20.83,0,0,41.46,53.66
2025-09-14,15,11,2025-09-14 20:16:00,5,日本モーターボート選手会会長杯,5,4247,齊藤 優,2,43,52,0,0,0.16,4.7,22.92,38.54,6.28,38.3,63.83,0,28.57,24.32,51.35
2025-09-14,15,11,2025-09-14 20:16:00,5,日本モーターボート選手会会長杯,6,4102,益田 啓司,2,46,51,1,0,0.15,6.64,51.59,65.08,5.52,52.38,52.38,0,0,44.44,55.56
2025-09-14,15,12,2025-09-14 20:45:00,5,日本モーターボート選手会会長杯,1,4208,三浦 永理,1,42,47,0,0,0.15,6.64,44.76,68.57,8.05,66.67,90.48,28.57,28.57,34.29,60
2025-09-14,15,12,2025-09-14 20:45:00,5,日本モーターボート選手会会長杯,2,4653,小野 達哉,1,39,52,0,0,0.16,6.16,46.9,61.95,6.84,56,72,0,0,27.03,37.84
2025-09-14,15,12,2025-09-14 20:45:00,5,日本モーターボート選手会会長杯,3,5145,島川 海輝,2,22,52.3,0,1,0.15,5.63,39.8,54.08,5.85,45,60,33.33,55.56,43.24,56.76
2025-09-14,15,12,2025-09-14 20:45:00,5,日本モーターボート選手会会長杯,4,4496,内堀 学,1,38,52,0,0,0.18,5.9,45.24,63.1,5.76,40,64,0,0,28.95,36.84
2025-09-14,15,12,2025-09-14 20:45:00,5,日本モーターボート選手会会長杯,5,4931,木谷 賢太,2,29,52.2,0,0,0.16,6.47,43.75,66.96,6.29,46.34,62.8,40,50,41.46,58.54
2025-09-14,15,12,2025-09-14 20:45:00,5,日本モーターボート選手会会長杯,6,4718,北川 太一,2,32,51,1,0,0.16,5.77,41.51,55.66,7.69,69.23,76.92,28.57,42.86,35.14,37.84
2025-09-14,17,1,2025-09-14 11:02:00,5,ルーキーシリーズ第16戦第11回スカパーJLC杯,1,5229,吉川 晴人,2,22,54.6,1,0,0.16,5.88,43.08,57.69,0,0,0,38.97,53.52,32.59,48.66
2025-09-14,17,1,2025-09-14 11:02:00,5,ルーキーシリーズ第16戦第11回スカパーJLC杯,2,5105,富田 恕生,3,26,53.1,0,0,0.18,4.4,25.61,40.24,5.22,27.78,50,37,53.3,33.05,51.93
2025-09-14,17,1,2025-09-14 11:02:00,5,ルーキーシリーズ第16戦第11回スカパーJLC杯,3,5208,屋良 龍紀,3,27,51.5,1,0,0.14,3.91,17.27,33.64,0,0,0,34.51,54.87,38.14,57.2
2025-09-14,17,1,2025-09-14 11:02:00,5,ルーキーシリーズ第16戦第11回スカパーJLC杯,4,5386,米玉利 大悟,4,19,52.1,0,0,0.18,1.79,2.63,6.58,1.22,0,0,37.62,54.76,41.33,54.22
2025-09-14,17,1,2025-09-14 11:02:00,5,ルーキーシリーズ第16戦第11回スカパーJLC杯,5,5120,山本 稔太朗,3,24,55.7,0,0,0.16,4.79,26.6,44.68,3.67,0,33.33,30.77,50.48,30.04,46.78
2025-09-14,17,1,2025-09-14 11:02:00,5,ルーキーシリーズ第16戦第11回スカパーJLC杯,6,5177,松井 貫太,3,29,51.5,0,0,0.21,3.72,16.67,26.67,2.33,11.11,11.11,33.64,51.36,29.22,46.91
2025-09-14,17,2,2025-09-14 11:30:00,5,ルーキーシリーズ第16戦第11回スカパーJLC杯,1,5242,高山 弘斗,3,25,54.4,0,0,0.2,3.47,15.91,27.27,4.38,25,50,31.02,43.52,40.52,53.02
2025-09-14,17,2,2025-09-14 11:30:00,5,ルーキーシリーズ第16戦第11回スカパーJLC杯,2,5216,長谷川 晴哉,2,25,52.5,0,0,0.16,5.77,42.61,54.78,3,11.11,22.22,36.32,56.41,43.69,61.17
2025-09-14,17,2,2025-09-14 11:30:00,5,ルーキーシリーズ第16戦第11回スカパーJLC杯,3,5319,近藤 颯斗,3,24,52,0,0,0.17,4.96,29.41,48.04,5,40,60,34.53,48.43,32.87,56.48
2025-09-14,17,2,2025-09-14 11:30:00,5,ルーキーシリーズ第16戦第11回スカパーJLC杯,4,5316,村松 将平,3,24,52.1,0,0,0.17,3.92,16.49,31.96,2.89,11.11,11.11,33.64,50.45,28.21,43.59
2025-09-14,17,2,2025-09-14 11:30:00,5,ルーキーシリーズ第16戦第11回スカパーJLC杯,5,5081,篠原 飛翔,2,26,52.3,0,0,0.19,5.63,38.26,57.39,5.13,26.67,53.33,46.32,62.77,39.02,54.15
2025-09-14,17,2,2025-09-14 11:30:00,5,ルーキーシリーズ第16戦第11回スカパーJLC杯,6,5353,草川 壮良,4,21,51,0,0,0.19,1.92,3.41,5.68,1.8,10,10,37.4,54.47,30.92,44.44
2025-09-14,17,3,2025-09-14 12:02:00,5,ルーキーシリーズ第16戦第11回スカパーJLC杯,1,5223,森清 友翔,3,24,53.5,0,0,0.2,4.3,23.81,34.29,1,0,0,37.75,50.49,39.32,53.85
2025-09-14,17,3,2025-09-14 12:02:00,5,ルーキーシリーズ第16戦第11回スカパーJLC杯,2,5157,市川 健太,3,27,53.9,0,0,0.17,4.36,23.46,37.04,3.87,16.13,38.71,37.95,53.57,36.21,53.88
2025-09-14,17,3,2025-09-14 12:02:00,5,ルーキーシリーズ第16戦第11回スカパーJLC杯,3,5010,宇留田 翔平,2,28,54.2,1,0,0.15,5.74,41.98,55.56,4.38,18.75,37.5,37.5,56.03,24.6,38.1
2025-09-14,17,3,2025-09-14 12:02:00,5,ルーキーシリーズ第16戦第11回スカパーJLC杯,4,5114,小林 孝彰,2,25,52,0,0,0.17,5.79,38.46,60.77,5.58,34.21,55.26,32.56,49.3,37.04,52.31
2025-09-14,17,3,2025-09-14 12:02:00,5,ルーキーシリーズ第16戦第11回スカパーJLC杯,5,5376,吉田 一心,3,21,52.2,1,0,0.17,3.69,14.71,20.59,3.14,14.29,14.29,37.12,60.7,18.85,35.25
2025-09-14,17,3,2025-09-14 12:02:00,5,ルーキーシリーズ第16戦第11回スカパーJLC杯,6,5318,河内 一馬,3,24,53.8,1,0,0.19,2.29,1.39,6.94,0,0,0,42.48,59.73,39.29,55.8
2025-09-14,17,4,2025-09-14 12:31:00,5,ルーキーシリーズ第16戦第11回スカパーJLC杯,1,5166,仲道 大輔,2,25,52,0,0,0.17,6,41.25,63.75,8.11,88.89,88.89,32.58,49.32,28.4,46.75
2025-09-14,17,4,2025-09-14 12:31:00,5,ルーキーシリーズ第16戦第11回スカパーJLC杯,2,5280,廣瀬 凜,3,22,52.1,0,0,0.21,5.91,39.17,60,4.85,30.77,42.31,40.09,52.16,33.17,48.29
2025-09-14,17,4,2025-09-14 12:31:00,5,ルーキーシリーズ第16戦第11回スカパーJLC杯,3,5167,小川 竜太朗,3,25,52,1,0,0.15,4.39,24.68,40.26,4.33,22.22,44.44,33.04,50,34.89,51.91
2025-09-14,17,4,2025-09-14 12:31:00,5,ルーキーシリーズ第16戦第11回スカパーJLC杯,4,5308,藤森 拓海,3,21,53.9,0,0,0.21,3.74,15,33,2.59,5.88,11.76,35.55,50.24,29.92,45.9
2025-09-14,17,4,2025-09-14 12:31:00,5,ルーキーシリーズ第16戦第11回スカパーJLC杯,5,5238,笹木 香吾,3,25,54.1,0,0,0.18,5.72,38.24,55.88,4.22,25.93,29.63,39.63,57.14,34.03,50
2025-09-14,17,4,2025-09-14 12:31:00,5,ルーキーシリーズ第16戦第11回スカパーJLC杯,6,5110,杉山 喜一,2,26,52,0,0,0.16,5.22,33.65,50.96,5,35.29,47.06,32.37,50.24,38.05,51.22
2025-09-14,17,5,2025-09-14 13:10:00,5,ルーキーシリーズ第16戦第11回スカパーJLC杯,1,5234,塚越 海斗,3,27,52.2,0,0,0.18,5.69,41.56,59.74,5.86,38.1,57.14,33.64,53.64,29.61,44.66
2025-09-14,17,5,2025-09-14 13:10:00,5,ルーキーシリーズ第16戦第11回スカパーJLC杯,2,5179,藤本 元輝,3,28,53,0,0,0.17,4.32,24.71,37.65,2.96,12,16,35.4,56.19,33.47,49.59
2025-09-14,17,5,2025-09-14 13:10:00,5,ルーキーシリーズ第16戦第11回スカパーJLC杯,3,5137,川原 涼,2,25,53.1,2,0,0.14,4.97,30.34,47.19,0,0,0,39.44,54.46,38.71,56.85
2025-09-14,17,5,2025-09-14 13:10:00,5,ルーキーシリーズ第16戦第11回スカパーJLC杯,4,5028,原田 才一郎,1,28,52,0,0,0.16,6.85,52.86,66.43,6.57,47.62,61.9,35.45,57.27,28.89,49.33
2025-09-14,17,5,2025-09-14 13:10:00,5,ルーキーシリーズ第16戦第11回スカパーJLC杯,5,5076,石原 光,3,29,54.5,0,0,0.18,5.22,33.33,44.83,6.22,44.44,44.44,39.21,58.59,32.79,50.41
2025-09-14,17,5,2025-09-14 13:10:00,5,ルーキーシリーズ第16戦第11回スカパーJLC杯,6,5369,岡崎 凪汰,4,23,52.3,1,0,0.2,2.11,6.56,8.2,0,0,0,30.53,49.47,40.81,57.85
2025-09-14,17,6,2025-09-14 13:42:00,5,ルーキーシリーズ第16戦第11回スカパーJLC杯,1,5211,高井 駿弥,3,27,50,1,0,0.17,3.83,17.44,29.07,3.78,11.11,33.33,33.78,48.89,34.57,50.62
2025-09-14,17,6,2025-09-14 13:42:00,5,ルーキーシリーズ第16戦第11回スカパーJLC杯,2,5134,大原 祥昌,2,26,52.7,1,0,0.13,5.17,33.33,46.88,5.23,30.71,53.53,35.84,52.65,35.43,51.12
2025-09-14,17,6,2025-09-14 13:42:00,5,ルーキーシリーズ第16戦第11回スカパーJLC杯,3,5177,松井 貫太,3,29,51.5,0,0,0.21,3.72,16.67,26.67,2.33,11.11,11.11,33.64,51.36,29.22,46.91
2025-09-14,17,6,2025-09-14 13:42:00,5,ルーキーシリーズ第16戦第11回スカパーJLC杯,4,5183,中野 孝二,3,26,53.9,0,0,0.17,4.76,25.23,47.66,0,0,0,34.25,52.97,26.23,42.62
2025-09-14,17,6,2025-09-14 13:42:00,5,ルーキーシリーズ第16戦第11回スカパーJLC杯,5,5085,中村 栄治,3,26,52,0,0,0.19,4.66,27.93,45.05,5.66,31.25,62.5,39.82,61.09,45.23,57.29
2025-09-14,17,6,2025-09-14 13:42:00,5,ルーキーシリーズ第16戦第11回スカパーJLC杯,6,5381,有山 望,4,20,51,1,0,0.16,1.94,4.76,7.94,0,0,0,33.03,54.13,34.3,60.39
2025-09-14,17,7,2025-09-14 14:09:00,5,ルーキーシリーズ第16戦第11回スカパーJLC杯,1,5333,山下 智己,3,21,52.5,1,0,0.21,3.47,16.19,25.71,2.75,6.25,18.75,34.11,47.66,33.87,49.6
2025-09-14,17,7,2025-09-14 14:09:00,5,ルーキーシリーズ第16戦第11回スカパーJLC杯,2,5222,津田 陸翔,2,24,52.1,0,0,0.17,5.89,37.11,58.76,5.53,33.16,57.14,37.02,51.49,38.49,53.97
2025-09-14,17,7,2025-09-14 14:09:00,5,ルーキーシリーズ第16戦第11回スカパーJLC杯,3,5098,大江 純,3,29,52.8,0,0,0.16,4.77,24,45,3.64,7.14,28.57,33.77,49.35,26.88,46.88
2025-09-14,17,7,2025-09-14 14:09:00,5,ルーキーシリーズ第16戦第11回スカパーJLC杯,4,5105,富田 恕生,3,26,53.1,0,0,0.18,4.4,25.61,40.24,5.22,27.78,50,37,53.3,33.05,51.93
2025-09-14,17,7,2025-09-14 14:09:00,5,ルーキーシリーズ第16戦第11回スカパーJLC杯,5,5316,村松 将平,3,24,52.1,0,0,0.17,3.92,16.49,31.96,2.89,11.11,11.11,33.64,50.45,28.21,43.59
2025-09-14,17,7,2025-09-14 14:09:00,5,ルーキーシリーズ第16戦第11回スカパーJLC杯,6,5315,浅井 翼,3,24,49,0,0,0.17,2.68,7.94,19.05,0,0,0,36.7,54.59,29.86,43.89
2025-09-14,17,8,2025-09-14 14:45:00,5,ルーキーシリーズ第16戦第11回スカパーJLC杯,1,5239,上野 俊樹,2,25,50,1,0,0.17,5.09,29.79,51.06,3.8,20,35,33.97,48.8,31.16,46.23
2025-09-14,17,8,2025-09-14 14:45:00,5,ルーキーシリーズ第16戦第11回スカパーJLC杯,2,5083,柳瀬 幹太,3,26,53.6,1,0,0.15,4.63,23.81,41.67,5.63,39.47,55.26,31.65,45.41,26.84,43.16
2025-09-14,17,8,2025-09-14 14:45:00,5,ルーキーシリーズ第16戦第11回スカパーJLC杯,3,5376,吉田 一心,3,21,52,1,0,0.17,3.69,14.71,20.59,3.14,14.29,14.29,37.12,60.7,18.85,35.25
2025-09-14,17,8,2025-09-14 14:45:00,5,ルーキーシリーズ第16戦第11回スカパーJLC杯,4,5208,屋良 龍紀,3,27,51,1,0,0.14,3.91,17.27,33.64,0,0,0,34.51,54.87,38.14,57.2
2025-09-14,17,8,2025-09-14 14:45:00,5,ルーキーシリーズ第16戦第11回スカパーJLC杯,5,5353,草川 壮良,4,21,51.5,0,0,0.19,1.92,3.41,5.68,1.8,10,10,37.4,54.47,30.92,44.44
2025-09-14,17,8,2025-09-14 14:45:00,5,ルーキーシリーズ第16戦第11回スカパーJLC杯,6,5343,小林 礼央,3,22,52,0,0,0.19,2.69,8.14,17.44,2.07,3.45,13.79,30.41,49.48,31.8,51.15
2025-09-14,17,9,2025-09-14 15:15:00,5,ルーキーシリーズ第16戦第11回スカパーJLC杯,1,5038,金田 智博,2,27,52,0,0,0.18,5.78,37.4,56.91,7.25,55,75,35.45,45.45,29.92,51.18
2025-09-14,17,9,2025-09-14 15:15:00,5,ルーキーシリーズ第16戦第11回スカパーJLC杯,2,5319,近藤 颯斗,3,24,52,0,0,0.17,4.96,29.41,48.04,5,40,60,34.53,48.43,32.87,56.48
2025-09-14,17,9,2025-09-14 15:15:00,5,ルーキーシリーズ第16戦第11回スカパーJLC杯,3,5223,森清 友翔,3,24,53.5,0,0,0.2,4.3,23.81,34.29,1,0,0,37.75,50.49,39.32,53.85
2025-09-14,17,9,2025-09-14 15:15:00,5,ルーキーシリーズ第16戦第11回スカパーJLC杯,4,5280,廣瀬 凜,3,22,52.1,0,0,0.21,5.91,39.17,60,4.85,30.77,42.31,40.09,52.16,33.17,48.29
2025-09-14,17,9,2025-09-14 15:15:00,5,ルーキーシリーズ第16戦第11回スカパーJLC杯,5,5386,米玉利 大悟,4,19,52.1,0,0,0.18,1.79,2.63,6.58,1.22,0,0,37.62,54.76,41.33,54.22
2025-09-14,17,9,2025-09-14 15:15:00,5,ルーキーシリーズ第16戦第11回スカパーJLC杯,6,5301,岩下 巧斗,3,22,52,0,0,0.18,4.02,17.54,35.09,0,0,0,37.29,53.39,30.05,46.95
2025-09-14,17,10,2025-09-14 15:41:00,5,ルーキーシリーズ第16戦第11回スカパーJLC杯,1,5120,山本 稔太朗,3,24,55.7,0,0,0.16,4.79,26.6,44.68,3.67,0,33.33,30.77,50.48,30.04,46.78
2025-09-14,17,10,2025-09-14 15:41:00,5,ルーキーシリーズ第16戦第11回スカパーJLC杯,2,5110,杉山 喜一,2,26,52,0,0,0.16,5.22,33.65,50.96,5,35.29,47.06,32.37,50.24,38.05,51.22
2025-09-14,17,10,2025-09-14 15:41:00,5,ルーキーシリーズ第16戦第11回スカパーJLC杯,3,5242,高山 弘斗,3,25,54.4,0,0,0.2,3.47,15.91,27.27,4.38,25,50,31.02,43.52,40.52,53.02
2025-09-14,17,10,2025-09-14 15:41:00,5,ルーキーシリーズ第16戦第11回スカパーJLC杯,4,5234,塚越 海斗,3,27,52.2,0,0,0.18,5.69,41.56,59.74,5.86,38.1,57.14,33.64,53.64,29.61,44.66
2025-09-14,17,10,2025-09-14 15:41:00,5,ルーキーシリーズ第16戦第11回スカパーJLC杯,5,5053,山口 広樹,2,29,53.3,1,0,0.17,5.21,35.09,50,4.42,26.92,42.31,33.18,52.61,36.99,53.88
2025-09-14,17,10,2025-09-14 15:41:00,5,ルーキーシリーズ第16戦第11回スカパーJLC杯,6,5157,市川 健太,3,27,53.9,0,0,0.17,4.36,23.46,37.04,3.87,16.13,38.71,37.95,53.57,36.21,53.88
2025-09-14,17,11,2025-09-14 16:19:00,5,ルーキーシリーズ第16戦第11回スカパーJLC杯,1,5010,宇留田 翔平,2,28,54.2,1,0,0.15,5.74,41.98,55.56,4.38,18.75,37.5,37.5,56.03,24.6,38.1
2025-09-14,17,11,2025-09-14 16:19:00,5,ルーキーシリーズ第16戦第11回スカパーJLC杯,2,5238,笹木 香吾,3,25,54.1,0,0,0.18,5.72,38.24,55.88,4.22,25.93,29.63,39.63,57.14,34.03,50
2025-09-14,17,11,2025-09-14 16:19:00,5,ルーキーシリーズ第16戦第11回スカパーJLC杯,3,5081,篠原 飛翔,2,26,52.3,0,0,0.19,5.63,38.26,57.39,5.13,26.67,53.33,46.32,62.77,39.02,54.15
2025-09-14,17,11,2025-09-14 16:19:00,5,ルーキーシリーズ第16戦第11回スカパーJLC杯,4,5085,中村 栄治,3,26,52,0,0,0.19,4.66,27.93,45.05,5.66,31.25,62.5,39.82,61.09,45.23,57.29
2025-09-14,17,11,2025-09-14 16:19:00,5,ルーキーシリーズ第16戦第11回スカパーJLC杯,5,5229,吉川 晴人,2,22,54.6,1,0,0.16,5.88,43.08,57.69,0,0,0,38.97,53.52,32.59,48.66
2025-09-14,17,11,2025-09-14 16:19:00,5,ルーキーシリーズ第16戦第11回スカパーJLC杯,6,5137,川原 涼,2,25,53.1,2,0,0.14,4.97,30.34,47.19,0,0,0,39.44,54.46,38.71,56.85
2025-09-14,17,12,2025-09-14 16:52:00,5,ルーキーシリーズ第16戦第11回スカパーJLC杯,1,5028,原田 才一郎,1,28,52,0,0,0.16,6.85,52.86,66.43,6.57,47.62,61.9,35.45,57.27,28.89,49.33
2025-09-14,17,12,2025-09-14 16:52:00,5,ルーキーシリーズ第16戦第11回スカパーJLC杯,2,5114,小林 孝彰,2,25,52,0,0,0.17,5.79,38.46,60.77,5.58,34.21,55.26,32.56,49.3,37.04,52.31
2025-09-14,17,12,2025-09-14 16:52:00,5,ルーキーシリーズ第16戦第11回スカパーJLC杯,3,5134,大原 祥昌,2,26,52.7,1,0,0.13,5.17,33.33,46.88,5.23,30.71,53.53,35.84,52.65,35.43,51.12
2025-09-14,17,12,2025-09-14 16:52:00,5,ルーキーシリーズ第16戦第11回スカパーJLC杯,4,5166,仲道 大輔,2,25,52,0,0,0.17,6,41.25,63.75,8.11,88.89,88.89,32.58,49.32,28.4,46.75
2025-09-14,17,12,2025-09-14 16:52:00,5,ルーキーシリーズ第16戦第11回スカパーJLC杯,5,5216,長谷川 晴哉,2,25,52.5,0,0,0.16,5.77,42.61,54.78,3,11.11,22.22,36.32,56.41,43.69,61.17
2025-09-14,17,12,2025-09-14 16:52:00,5,ルーキーシリーズ第16戦第11回スカパーJLC杯,6,5222,津田 陸翔,2,24,52.1,0,0,0.17,5.89,37.11,58.76,5.53,33.16,57.14,37.02,51.49,38.49,53.97
2025-09-14,19,1,2025-09-14 15:19:00,5,スポニチ金杯争奪戦 準優進出バトル,1,3584,佐々木 英樹,3,52,53.4,0,0,0.18,4.7,28.13,43.75,3.83,16.67,33.33,47.25,65.93,24.73,38.71
2025-09-14,19,1,2025-09-14 15:19:00,5,スポニチ金杯争奪戦 準優進出バトル,2,5263,花田 凱成,4,26,52,0,0,0.19,3.38,14.89,27.66,1.78,0,0,26.04,54.17,26.09,43.48
2025-09-14,19,1,2025-09-14 15:19:00,5,スポニチ金杯争奪戦 準優進出バトル,3,3463,乙津 康志,3,58,52,1,0,0.2,4.85,27.03,51.35,5.39,33.33,61.11,44.44,55.56,40,56.84
2025-09-14,19,1,2025-09-14 15:19:00,5,スポニチ金杯争奪戦 準優進出バトル,4,5270,小玉 啓太,3,24,52,1,0,0.16,3.27,10.67,20,2.74,8.7,8.7,50.55,59.34,31.58,48.42
2025-09-14,19,1,2025-09-14 15:19:00,5,スポニチ金杯争奪戦 準優進出バトル,5,3711,江本 真治,2,51,52,0,0,0.16,6.14,44.53,64.06,6.23,45.87,63.3,32.67,50.5,34.38,46.88
2025-09-14,19,1,2025-09-14 15:19:00,5,スポニチ金杯争奪戦 準優進出バトル,6,3054,北川 幸典,3,62,54.4,1,0,0.17,5.13,37.65,49.41,5.42,33.33,45.83,37.76,59.18,36.56,49.46
2025-09-14,19,2,2025-09-14 15:42:00,5,スポニチ金杯争奪戦 準優進出バトル,1,5027,重冨 勇哉,3,28,54.8,1,0,0.16,4.82,28.72,45.74,5.21,34.58,49.53,34.74,53.68,25,45.83
2025-09-14,19,2,2025-09-14 15:42:00,5,スポニチ金杯争奪戦 準優進出バトル,2,3827,今泉 徹,3,52,52,0,0,0.17,4.19,15.79,36.84,3.9,20,35,24.47,44.68,32.61,57.61
2025-09-14,19,2,2025-09-14 15:42:00,5,スポニチ金杯争奪戦 準優進出バトル,3,4896,花本 剛,3,33,58.2,0,0,0.19,4.2,21.57,39.22,4.64,24.29,41.43,29.7,47.52,38.78,55.1
2025-09-14,19,2,2025-09-14 15:42:00,5,スポニチ金杯争奪戦 準優進出バトル,4,5382,山下 心一,4,20,52,0,0,0.19,2.65,8.86,20.25,0,0,0,48.04,62.75,32.29,48.96
2025-09-14,19,2,2025-09-14 15:42:00,5,スポニチ金杯争奪戦 準優進出バトル,5,3790,佐口 達也,3,53,53.4,0,0,0.18,3.93,18.33,30,4.18,11.76,41.18,29.55,42.05,37.23,58.51
2025-09-14,19,2,2025-09-14 15:42:00,5,スポニチ金杯争奪戦 準優進出バトル,6,5409,宮本 琉正,4,20,54.9,1,0,,1.26,0,0,1.44,0,0,28.24,40,35.87,54.35
2025-09-14,19,3,2025-09-14 16:09:00,5,スポニチ金杯争奪戦 準優進出バトル,1,4471,新田 泰章,1,38,52.7,0,0,0.16,7.41,60.61,82.83,6.66,59.09,70.45,38.3,58.51,44.09,61.29
2025-09-14,19,3,2025-09-14 16:09:00,5,スポニチ金杯争奪戦 準優進出バトル,2,3906,飯山 晃三,3,47,59.4,0,0,0.19,4.4,29.17,38.89,4.08,19.23,23.08,29.07,47.67,26.09,40.22
2025-09-14,19,3,2025-09-14 16:09:00,5,スポニチ金杯争奪戦 準優進出バトル,3,3652,森下 勇,3,52,54,0,0,0.21,3.4,14.77,20.45,2.5,0,0,36.89,54.37,38.64,50
2025-09-14,19,3,2025-09-14 16:09:00,5,スポニチ金杯争奪戦 準優進出バトル,4,4516,野口 勝弘,1,38,50,0,0,0.15,6.17,43.55,65.32,7.09,63.64,72.73,32.29,42.71,44.09,58.06
2025-09-14,19,3,2025-09-14 16:09:00,5,スポニチ金杯争奪戦 準優進出バトル,5,3849,中岡 正彦,1,47,52,0,0,0.14,7.15,59.81,73.83,0,0,0,38.82,56.47,39.29,59.52
2025-09-14,19,3,2025-09-14 16:09:00,5,スポニチ金杯争奪戦 準優進出バトル,6,3898,平田 忠則,1,48,52.3,1,0,0.14,7.17,61.17,76.7,6.89,42.11,84.21,36.96,58.7,32.26,51.61
2025-09-14,19,4,2025-09-14 16:32:00,5,スポニチ金杯争奪戦 準優進出バトル,1,4133,高橋 正男,2,45,52.6,0,0,0.17,6.19,44.19,63.57,4.77,28.57,45.71,33.67,59.18,37.23,61.7
2025-09-14,19,4,2025-09-14 16:32:00,5,スポニチ金杯争奪戦 準優進出バトル,2,3647,伊藤 雄二,3,52,50.5,1,0,0.15,3.85,14.89,30.85,5,33.33,55.56,31.63,51.02,31.58,56.84
2025-09-14,19,4,2025-09-14 16:32:00,5,スポニチ金杯争奪戦 準優進出バトル,3,4436,渋谷 明憲,2,39,52,0,0,0.16,6.26,45.22,67.83,6.71,47.06,82.35,25.26,40,37.63,55.91
2025-09-14,19,4,2025-09-14 16:32:00,5,スポニチ金杯争奪戦 準優進出バトル,4,3349,吉田 一郎,2,57,52,0,0,0.16,5.57,29.21,56.18,7.21,68.42,73.68,34.48,50.57,30.11,40.86
2025-09-14,19,4,2025-09-14 16:32:00,5,スポニチ金杯争奪戦 準優進出バトル,5,3539,金子 順一,3,57,52,0,0,0.17,3.99,20.65,33.7,3.58,12.37,27.84,32.56,39.53,44.79,61.46
2025-09-14,19,4,2025-09-14 16:32:00,5,スポニチ金杯争奪戦 準優進出バトル,6,4910,中村 泰平,1,29,52,0,0,0.18,6.97,54.08,75.51,5.17,30.43,43.48,31.25,42.71,22.92,36.46
2025-09-14,19,5,2025-09-14 17:01:00,5,スポニチ金杯争奪戦 準優進出バトル,1,4640,山ノ内 雅人,2,34,52,0,0,0.16,5.99,42.62,61.48,5.57,39.29,57.14,32.71,46.73,32.61,47.83
2025-09-14,19,5,2025-09-14 17:01:00,5,スポニチ金杯争奪戦 準優進出バトル,2,4229,市川 美宏,3,42,52.9,1,0,0.2,4.07,14.86,28.38,6.29,57.14,71.43,37.5,50,36.96,51.09
2025-09-14,19,5,2025-09-14 17:01:00,5,スポニチ金杯争奪戦 準優進出バトル,3,3543,福田 雅一,2,56,54,1,0,0.16,5.35,36.47,52.94,5.1,30,46.67,32.69,53.85,47.83,58.7
2025-09-14,19,5,2025-09-14 17:01:00,5,スポニチ金杯争奪戦 準優進出バトル,4,4857,加藤 翔馬,1,28,54.8,1,0,0.17,6.72,55.56,72.22,5.77,36.36,54.55,28.41,39.77,32.61,55.43
2025-09-14,19,5,2025-09-14 17:01:00,5,スポニチ金杯争奪戦 準優進出バトル,5,5263,花田 凱成,4,26,52,0,0,0.19,3.38,14.89,27.66,1.78,0,0,26.04,54.17,26.09,43.48
2025-09-14,19,5,2025-09-14 17:01:00,5,スポニチ金杯争奪戦 準優進出バトル,6,4543,重木 輝彦,1,37,52,0,0,0.19,6.8,52.63,72.81,6.26,35.48,74.19,32.29,45.83,42.55,58.51
2025-09-14,19,6,2025-09-14 17:27:00,5,スポニチ金杯争奪戦 準優進出バトル,1,4822,百武 翔,2,32,52,0,0,0.18,5.87,39.34,58.2,5.41,37.5,50,38.3,59.57,20.83,37.5
2025-09-14,19,6,2025-09-14 17:27:00,5,スポニチ金杯争奪戦 準優進出バトル,2,5196,鰐部 太空海,2,23,52.7,0,0,0.16,5.73,36,57.33,5.65,41.18,58.82,34.78,51.09,35.79,50.53
2025-09-14,19,6,2025-09-14 17:27:00,5,スポニチ金杯争奪戦 準優進出バトル,3,3161,古場 輝義,2,65,52.3,0,0,0.19,5.4,35.14,58.56,3.89,11.11,27.78,41,59,40.22,54.35
2025-09-14,19,6,2025-09-14 17:27:00,5,スポニチ金杯争奪戦 準優進出バトル,4,3463,乙津 康志,3,58,52,1,0,0.2,4.85,27.03,51.35,5.39,33.33,61.11,44.44,55.56,40,56.84
2025-09-14,19,6,2025-09-14 17:27:00,5,スポニチ金杯争奪戦 準優進出バトル,5,3827,今泉 徹,3,52,52,0,0,0.17,4.19,15.79,36.84,3.9,20,35,24.47,44.68,32.61,57.61
2025-09-14,19,6,2025-09-14 17:27:00,5,スポニチ金杯争奪戦 準優進出バトル,6,3584,佐々木 英樹,3,52,53.4,0,0,0.18,4.7,28.13,43.75,3.83,16.67,33.33,47.25,65.93,24.73,38.71
2025-09-14,19,7,2025-09-14 17:55:00,5,スポニチ金杯争奪戦 準優進出バトル,1,3081,岡本 慎治,2,62,52,0,0,0.17,5.56,41.67,51.39,5.29,30.14,53.42,34.09,53.41,33.33,50.54
2025-09-14,19,7,2025-09-14 17:55:00,5,スポニチ金杯争奪戦 準優進出バトル,2,4989,石原 翼,2,28,52,1,0,0.15,6.14,48.08,65.38,7.36,63.64,90.91,33.68,53.68,28.13,43.75
2025-09-14,19,7,2025-09-14 17:55:00,5,スポニチ金杯争奪戦 準優進出バトル,3,3790,佐口 達也,3,53,53.4,0,0,0.18,3.93,18.33,30,4.18,11.76,41.18,29.55,42.05,37.23,58.51
2025-09-14,19,7,2025-09-14 17:55:00,5,スポニチ金杯争奪戦 準優進出バトル,4,3652,森下 勇,3,52,54,0,0,0.21,3.4,14.77,20.45,2.5,0,0,36.89,54.37,38.64,50
2025-09-14,19,7,2025-09-14 17:55:00,5,スポニチ金杯争奪戦 準優進出バトル,5,3906,飯山 晃三,3,47,59.4,0,0,0.19,4.4,29.17,38.89,4.08,19.23,23.08,29.07,47.67,26.09,40.22
2025-09-14,19,7,2025-09-14 17:55:00,5,スポニチ金杯争奪戦 準優進出バトル,6,5051,松本 純平,1,30,52,0,0,0.16,6.38,44.66,61.17,7.5,50,62.5,39.36,53.19,27.17,39.13
2025-09-14,19,8,2025-09-14 18:25:00,5,スポニチ金杯争奪戦 準優進出バトル,1,3349,吉田 一郎,2,57,52,0,0,0.16,5.57,29.21,56.18,7.21,68.42,73.68,34.48,50.57,30.11,40.86
2025-09-14,19,8,2025-09-14 18:25:00,5,スポニチ金杯争奪戦 準優進出バトル,2,4516,野口 勝弘,1,38,50,0,0,0.15,6.17,43.55,65.32,7.09,63.64,72.73,32.29,42.71,44.09,58.06
2025-09-14,19,8,2025-09-14 18:25:00,5,スポニチ金杯争奪戦 準優進出バトル,3,4471,新田 泰章,1,38,52.7,0,0,0.16,7.41,60.61,82.83,6.66,59.09,70.45,38.3,58.51,44.09,61.29
2025-09-14,19,8,2025-09-14 18:25:00,5,スポニチ金杯争奪戦 準優進出バトル,4,4133,高橋 正男,2,45,52.6,0,0,0.17,6.19,44.19,63.57,4.77,28.57,45.71,33.67,59.18,37.23,61.7
2025-09-14,19,8,2025-09-14 18:25:00,5,スポニチ金杯争奪戦 準優進出バトル,5,3747,國崎 良春,3,50,52.1,1,0,0.15,4.87,32.22,47.78,4.4,30,40,40,50.53,41.94,54.84
2025-09-14,19,8,2025-09-14 18:25:00,5,スポニチ金杯争奪戦 準優進出バトル,6,4424,松尾 昂明,2,40,52,0,0,0.16,5.77,38.46,58.12,6.62,46.15,69.23,47,64,44.57,57.61
2025-09-14,19,9,2025-09-14 18:55:00,5,スポニチ金杯争奪戦 準優進出バトル,1,4910,中村 泰平,1,29,52,0,0,0.18,6.97,54.08,75.51,5.17,30.43,43.48,31.25,42.71,22.92,36.46
2025-09-14,19,9,2025-09-14 18:55:00,5,スポニチ金杯争奪戦 準優進出バトル,2,4543,重木 輝彦,1,37,52,0,0,0.19,6.8,52.63,72.81,6.26,35.48,74.19,32.29,45.83,42.55,58.51
2025-09-14,19,9,2025-09-14 18:55:00,5,スポニチ金杯争奪戦 準優進出バトル,3,5207,高山 敬悟,4,28,52.8,0,0,0.2,4.33,22.78,36.71,4.26,22.22,37.04,32.26,50.54,36.17,52.13
2025-09-14,19,9,2025-09-14 18:55:00,5,スポニチ金杯争奪戦 準優進出バトル,4,4436,渋谷 明憲,2,39,52,0,0,0.16,6.26,45.22,67.83,6.71,47.06,82.35,25.26,40,37.63,55.91
2025-09-14,19,9,2025-09-14 18:55:00,5,スポニチ金杯争奪戦 準優進出バトル,5,4778,堤 啓輔,3,39,52,1,0,0.17,4.66,28.41,42.05,5.89,46.43,57.14,33.7,44.57,33.33,46.88
2025-09-14,19,9,2025-09-14 18:55:00,5,スポニチ金杯争奪戦 準優進出バトル,6,4467,渡邉 俊介,2,39,50.5,0,0,0.14,6,42.59,62.96,2.5,0,25,28.74,44.83,31.52,52.17
2025-09-14,19,10,2025-09-14 19:24:00,5,スポニチ金杯争奪戦 準優進出バトル,1,3849,中岡 正彦,1,47,52,0,0,0.14,7.15,59.81,73.83,0,0,0,38.82,56.47,39.29,59.52
2025-09-14,19,10,2025-09-14 19:24:00,5,スポニチ金杯争奪戦 準優進出バトル,2,4857,加藤 翔馬,1,28,54.8,1,0,0.17,6.72,55.56,72.22,5.77,36.36,54.55,28.41,39.77,32.61,55.43
2025-09-14,19,10,2025-09-14 19:24:00,5,スポニチ金杯争奪戦 準優進出バトル,3,4822,百武 翔,2,32,52,0,0,0.18,5.87,39.34,58.2,5.41,37.5,50,38.3,59.57,20.83,37.5
2025-09-14,19,10,2025-09-14 19:24:00,5,スポニチ金杯争奪戦 準優進出バトル,4,5039,倉田 茂将,3,27,54.3,0,0,0.17,5.16,36.27,50.98,5.13,33.33,40,32.26,51.61,43.16,63.16
2025-09-14,19,10,2025-09-14 19:24:00,5,スポニチ金杯争奪戦 準優進出バトル,5,4723,寺島 吉彦,3,39,50.5,1,0,0.17,4.67,27.27,44.44,5.8,30,70,28.42,47.37,31.18,36.56
2025-09-14,19,10,2025-09-14 19:24:00,5,スポニチ金杯争奪戦 準優進出バトル,6,4129,宇野 博之,3,45,53.4,1,0,0.16,3.65,15.87,26.98,5.44,44.44,55.56,34.74,51.58,30.43,47.83
2025-09-14,19,11,2025-09-14 20:04:00,5,スポニチ金杯争奪戦 準優進出バトル,1,5051,松本 純平,1,30,52,0,0,0.16,6.38,44.66,61.17,7.5,50,62.5,39.36,53.19,27.17,39.13
2025-09-14,19,11,2025-09-14 20:04:00,5,スポニチ金杯争奪戦 準優進出バトル,2,3711,江本 真治,2,51,52,0,0,0.16,6.14,44.53,64.06,6.23,45.87,63.3,32.67,50.5,34.38,46.88
2025-09-14,19,11,2025-09-14 20:04:00,5,スポニチ金杯争奪戦 準優進出バトル,3,4640,山ノ内 雅人,2,34,52,0,0,0.16,5.99,42.62,61.48,5.57,39.29,57.14,32.71,46.73,32.61,47.83
2025-09-14,19,11,2025-09-14 20:04:00,5,スポニチ金杯争奪戦 準優進出バトル,4,3543,福田 雅一,2,56,54,1,0,0.16,5.35,36.47,52.94,5.1,30,46.67,32.69,53.85,47.83,58.7
2025-09-14,19,11,2025-09-14 20:04:00,5,スポニチ金杯争奪戦 準優進出バトル,5,5196,鰐部 太空海,2,23,52.7,0,0,0.16,5.73,36,57.33,5.65,41.18,58.82,34.78,51.09,35.79,50.53
2025-09-14,19,11,2025-09-14 20:04:00,5,スポニチ金杯争奪戦 準優進出バトル,6,4598,加藤 政彦,1,41,52.4,0,0,0.16,6.45,48.08,66.35,5.3,33.33,48.15,35.29,54.9,26.32,41.05
2025-09-14,19,12,2025-09-14 20:33:00,5,スポニチ金杯争奪戦 準優進出バトル,1,4989,石原 翼,2,28,52,1,0,0.15,6.14,48.08,65.38,7.36,63.64,90.91,33.68,53.68,28.13,43.75
2025-09-14,19,12,2025-09-14 20:33:00,5,スポニチ金杯争奪戦 準優進出バトル,2,5270,小玉 啓太,3,24,52,1,0,0.16,3.27,10.67,20,2.74,8.7,8.7,50.55,59.34,31.58,48.42
2025-09-14,19,12,2025-09-14 20:33:00,5,スポニチ金杯争奪戦 準優進出バトル,3,3898,平田 忠則,1,48,52.3,1,0,0.14,7.17,61.17,76.7,6.89,42.11,84.21,36.96,58.7,32.26,51.61
2025-09-14,19,12,2025-09-14 20:33:00,5,スポニチ金杯争奪戦 準優進出バトル,4,4896,花本 剛,3,33,58.2,0,0,0.19,4.2,21.57,39.22,4.64,24.29,41.43,29.7,47.52,38.78,55.1
2025-09-14,19,12,2025-09-14 20:33:00,5,スポニチ金杯争奪戦 準優進出バトル,5,3647,伊藤 雄二,3,52,50.5,1,0,0.15,3.85,14.89,30.85,5,33.33,55.56,31.63,51.02,31.58,56.84
2025-09-14,19,12,2025-09-14 20:33:00,5,スポニチ金杯争奪戦 準優進出バトル,6,5027,重冨 勇哉,3,28,54.8,1,0,0.16,4.82,28.72,45.74,5.21,34.58,49.53,34.74,53.68,25,45.83
2025-09-14,20,1,2025-09-14 15:17:00,5,ヴィーナスS14戦マクール杯ナイトプリンセスカップ,1,5231,寺田 空詩,3,21,46,0,0,0.21,4.8,30.38,45.57,0,0,0,36.26,52.2,41.79,62.69
2025-09-14,20,1,2025-09-14 15:17:00,5,ヴィーナスS14戦マクール杯ナイトプリンセスカップ,2,5164,森田 梨湖,3,25,47.6,0,0,0.24,2.47,0,11.76,2.67,7.41,18.52,35.86,51.01,25.71,45.71
2025-09-14,20,1,2025-09-14 15:17:00,5,ヴィーナスS14戦マクール杯ナイトプリンセスカップ,3,5140,吉田 彩乃,3,24,48.2,0,0,0.19,4.05,17.44,32.56,4.14,28.57,28.57,28.29,50.24,35.53,51.32
2025-09-14,20,1,2025-09-14 15:17:00,5,ヴィーナスS14戦マクール杯ナイトプリンセスカップ,4,3518,倉田 郁美,3,57,48.4,0,0,0.21,3.71,13.04,28.99,0,0,0,38.97,56.41,35.29,61.76
2025-09-14,20,1,2025-09-14 15:17:00,5,ヴィーナスS14戦マクール杯ナイトプリンセスカップ,5,3871,池田 紫乃,3,49,45,0,0,0.18,5.34,37.29,49.15,5,35.29,41.18,30.05,44.33,34.78,49.28
2025-09-14,20,1,2025-09-14 15:17:00,5,ヴィーナスS14戦マクール杯ナイトプリンセスカップ,6,5146,野田 彩加,3,22,50.5,1,0,0.17,5.14,26.74,48.84,2.63,0,25,34.01,53.81,27.94,47.06
2025-09-14,20,2,2025-09-14 15:46:00,5,ヴィーナスS14戦マクール杯ナイトプリンセスカップ,1,5144,中尾 彩香,3,24,46.5,0,0,0.2,3.74,19.32,31.82,3.53,17.78,24.44,35.98,51.32,37.5,50
2025-09-14,20,2,2025-09-14 15:46:00,5,ヴィーナスS14戦マクール杯ナイトプリンセスカップ,2,4464,山下 友貴,3,39,43.5,0,0,0.2,5.36,34.09,56.82,4.65,29.41,41.18,39.57,57.22,29.49,39.74
2025-09-14,20,2,2025-09-14 15:46:00,5,ヴィーナスS14戦マクール杯ナイトプリンセスカップ,3,4784,向井田 真紀,3,37,50.4,0,0,0.19,4.44,26.47,38.24,0,0,0,44.92,63.64,44.44,60.32
2025-09-14,20,2,2025-09-14 15:46:00,5,ヴィーナスS14戦マクール杯ナイトプリンセスカップ,4,5088,高憧 四季,1,25,44.5,0,0,0.16,6.98,50.86,75.86,2.86,0,14.29,27.32,39.34,40.26,63.64
2025-09-14,20,2,2025-09-14 15:46:00,5,ヴィーナスS14戦マクール杯ナイトプリンセスカップ,5,4317,木村 紗友希,3,41,47,0,0,0.19,4.15,23.26,39.53,4.94,23.53,47.06,32.83,52.02,42.65,58.82
2025-09-14,20,2,2025-09-14 15:46:00,5,ヴィーナスS14戦マクール杯ナイトプリンセスカップ,6,4965,福岡 泉水,3,28,51.5,0,0,0.19,4.31,25,41.67,3.79,15.79,31.58,27.72,42.39,29.33,50.67
2025-09-14,20,3,2025-09-14 16:12:00,5,ヴィーナスS14戦マクール杯ナイトプリンセスカップ,1,5013,山下 夏鈴,3,28,45,1,0,0.16,4.71,26.37,42.86,3,11.11,22.22,26.37,38.46,26.09,43.48
2025-09-14,20,3,2025-09-14 16:12:00,5,ヴィーナスS14戦マクール杯ナイトプリンセスカップ,2,5272,松田 真実,3,24,46.5,1,0,0.16,3.66,18.03,32.79,3.17,16.67,16.67,35.08,49.21,20.31,40.63
2025-09-14,20,3,2025-09-14 16:12:00,5,ヴィーナスS14戦マクール杯ナイトプリンセスカップ,3,4927,関野 文,2,31,45,0,0,0.16,6.11,44.74,57.89,5.65,34.78,47.83,35.23,55.44,44.12,55.88
2025-09-14,20,3,2025-09-14 16:12:00,5,ヴィーナスS14戦マクール杯ナイトプリンセスカップ,4,5248,本田 愛,3,23,47,1,0,0.18,3.49,16.9,30.99,3.93,28.57,42.86,26.13,40.7,27.85,41.77
2025-09-14,20,3,2025-09-14 16:12:00,5,ヴィーナスS14戦マクール杯ナイトプリンセスカップ,5,4349,犬童 千秋,3,40,49.2,0,0,0.15,5.06,30.95,46.43,5.22,29.09,49.09,40.74,56.61,20.59,33.82
2025-09-14,20,3,2025-09-14 16:12:00,5,ヴィーナスS14戦マクール杯ナイトプリンセスカップ,6,4963,實森 美祐,1,29,47,0,0,0.15,6.53,47.32,64.29,4.36,18.18,36.36,46.24,62.9,38.89,51.39
2025-09-14,20,4,2025-09-14 16:35:00,5,ヴィーナスS14戦マクール杯ナイトプリンセスカップ,1,4874,池田 奈津美,3,31,51.4,0,0,0.14,4.84,28.99,49.28,5.38,46.15,57.69,30.57,50.78,39.13,53.62
2025-09-14,20,4,2025-09-14 16:35:00,5,ヴィーナスS14戦マクール杯ナイトプリンセスカップ,2,5205,刑部 亜里紗,2,28,48,1,0,0.17,5.75,42.16,51.96,5.75,35,65,34.22,53.48,43.66,61.97
2025-09-14,20,4,2025-09-14 16:35:00,5,ヴィーナスS14戦マクール杯ナイトプリンセスカップ,3,4961,西橋 奈未,1,29,47,0,0,0.15,7.2,53.27,66.36,6.5,46.43,67.86,48.94,63.3,34.78,52.17
2025-09-14,20,4,2025-09-14 16:35:00,5,ヴィーナスS14戦マクール杯ナイトプリンセスカップ,4,5165,小林 愛実,3,25,46,0,0,0.19,5.12,26.51,51.81,0,0,0,27,41,26.47,44.12
2025-09-14,20,4,2025-09-14 16:35:00,5,ヴィーナスS14戦マクール杯ナイトプリンセスカップ,5,5052,赤井 星璃菜,4,30,51.2,0,0,,0,0,0,0,0,0,35.6,62.3,29.49,46.15
2025-09-14,20,4,2025-09-14 16:35:00,5,ヴィーナスS14戦マクール杯ナイトプリンセスカップ,6,4720,西澤 日花里,3,31,47.3,0,0,0.2,5,26.76,50.7,5.28,36,48,24.32,40.54,29.27,45.12
2025-09-14,20,5,2025-09-14 17:08:00,5,ヴィーナスS14戦マクール杯ナイトプリンセスカップ,1,3232,山川 美由紀,3,58,47,0,0,0.17,6.02,36.78,59.77,5.57,47.62,52.38,33.33,51.91,32.31,61.54
2025-09-14,20,5,2025-09-14 17:08:00,5,ヴィーナスS14戦マクール杯ナイトプリンセスカップ,2,4764,小池 礼乃,2,35,47.1,1,0,0.17,5.49,36.71,53.16,4.89,29.79,48.94,39.2,56.28,45.21,52.05
2025-09-14,20,5,2025-09-14 17:08:00,5,ヴィーナスS14戦マクール杯ナイトプリンセスカップ,3,4765,野田部 宏子,3,35,49.9,0,0,0.14,5.21,34.48,52.87,5.59,39.34,57.38,53.48,71.12,23.29,41.1
2025-09-14,20,5,2025-09-14 17:08:00,5,ヴィーナスS14戦マクール杯ナイトプリンセスカップ,4,5218,山田 理央,2,25,46.5,1,0,0.15,5.8,37.86,59.22,4.86,23.81,52.38,33.83,51.74,37.14,61.43
2025-09-14,20,5,2025-09-14 17:08:00,5,ヴィーナスS14戦マクール杯ナイトプリンセスカップ,5,5305,伊藤 栞,4,22,54.6,0,0,0.2,2.22,6.49,9.09,1.78,0,0,33.33,50,22.58,41.94
2025-09-14,20,5,2025-09-14 17:08:00,5,ヴィーナスS14戦マクール杯ナイトプリンセスカップ,6,5367,赤松 咲香,4,23,49.4,1,0,0.19,1.38,0,1.12,0,0,0,37.89,55.79,40.3,55.22
2025-09-14,20,6,2025-09-14 17:34:00,5,ヴィーナスS14戦マクール杯ナイトプリンセスカップ,1,5281,井上 遥妃,3,22,45.5,1,0,0.14,6.06,41.56,61.04,2.56,5.56,11.11,48.13,63.1,35.71,47.14
2025-09-14,20,6,2025-09-14 17:34:00,5,ヴィーナスS14戦マクール杯ナイトプリンセスカップ,2,5045,平川 香織,3,25,47,1,0,0.18,5.04,26.58,48.1,5,35.71,42.86,34,46.5,38.03,54.93
2025-09-14,20,6,2025-09-14 17:34:00,5,ヴィーナスS14戦マクール杯ナイトプリンセスカップ,3,4317,木村 紗友希,3,41,47,0,0,0.19,4.15,23.26,39.53,4.94,23.53,47.06,32.83,52.02,42.65,58.82
2025-09-14,20,6,2025-09-14 17:34:00,5,ヴィーナスS14戦マクール杯ナイトプリンセスカップ,4,4530,小野 生奈,1,36,46,0,0,0.16,7.36,63.39,73.21,7.52,64,84,30.69,44.97,31.51,43.84
2025-09-14,20,6,2025-09-14 17:34:00,5,ヴィーナスS14戦マクール杯ナイトプリンセスカップ,5,5193,米丸 乃絵,2,24,47,0,0,0.17,6.66,51.76,69.41,5.48,36.78,57.47,34.04,54.79,46.48,60.56
2025-09-14,20,6,2025-09-14 17:34:00,5,ヴィーナスS14戦マクール杯ナイトプリンセスカップ,6,4909,薮内 瑞希,3,29,44.5,1,0,0.17,5.31,37.21,50,4.28,22.22,38.89,43.09,55.25,26.87,50.75
2025-09-14,20,7,2025-09-14 18:02:00,5,ヴィーナスS14戦マクール杯ナイトプリンセスカップ,1,4014,片岡 恵里,2,45,47.5,0,0,0.19,5.96,42.22,62.22,4.92,20.83,52.08,30.61,41.84,27.27,45.45
2025-09-14,20,7,2025-09-14 18:02:00,5,ヴィーナスS14戦マクール杯ナイトプリンセスカップ,2,4590,渡邉 優美,1,32,47.6,0,0,0.15,7.46,57.66,75.68,6.7,50,70.37,30.6,48.09,32.76,48.28
2025-09-14,20,7,2025-09-14 18:02:00,5,ヴィーナスS14戦マクール杯ナイトプリンセスカップ,3,4965,福岡 泉水,3,28,51.5,0,0,0.19,4.31,25,41.67,3.79,15.79,31.58,27.72,42.39,29.33,50.67
2025-09-14,20,7,2025-09-14 18:02:00,5,ヴィーナスS14戦マクール杯ナイトプリンセスカップ,4,5265,大廣 咲季,3,25,46.5,1,0,0.16,3.54,17.5,30,2.71,11.76,23.53,39.47,52.63,44.29,55.71
2025-09-14,20,7,2025-09-14 18:02:00,5,ヴィーナスS14戦マクール杯ナイトプリンセスカップ,5,4433,川野 芽唯,1,39,46.5,0,0,0.18,6.67,48.78,69.11,7.61,63.41,75.61,34.02,49.48,31.43,47.14
2025-09-14,20,7,2025-09-14 18:02:00,5,ヴィーナスS14戦マクール杯ナイトプリンセスカップ,6,5140,吉田 彩乃,3,24,48.2,0,0,0.19,4.05,17.44,32.56,4.14,28.57,28.57,28.29,50.24,35.53,51.32
2025-09-14,20,8,2025-09-14 18:41:00,5,ヴィーナスS14戦マクール杯ナイトプリンセスカップ,1,4447,深川 麻奈美,2,38,49.1,0,0,0.16,6.94,53.27,70.09,6.07,43.33,61.67,32.49,45.18,35.44,55.7
2025-09-14,20,8,2025-09-14 18:41:00,5,ヴィーナスS14戦マクール杯ナイトプリンセスカップ,2,5129,山口 真喜子,2,28,47,2,0,0.17,5.69,36,56,4.48,22.22,29.63,45.74,62.23,35.94,57.81
2025-09-14,20,8,2025-09-14 18:41:00,5,ヴィーナスS14戦マクール杯ナイトプリンセスカップ,3,5019,柴田 百恵,3,25,45,0,0,0.17,5.77,41.67,58.33,5,27.78,33.33,47.87,67.02,39.47,50
2025-09-14,20,8,2025-09-14 18:41:00,5,ヴィーナスS14戦マクール杯ナイトプリンセスカップ,4,5231,寺田 空詩,3,21,46,0,0,0.21,4.8,30.38,45.57,0,0,0,36.26,52.2,41.79,62.69
2025-09-14,20,8,2025-09-14 18:41:00,5,ヴィーナスS14戦マクール杯ナイトプリンセスカップ,5,5173,谷口 佳蓮,3,23,47,0,0,0.17,4.71,30.77,43.08,0,0,0,30,48.33,40.3,50.75
2025-09-14,20,8,2025-09-14 18:41:00,5,ヴィーナスS14戦マクール杯ナイトプリンセスカップ,6,5003,来田 衣織,3,29,53,0,0,0.19,3.67,20.19,31.73,5.84,36.84,73.68,29.19,50.27,31.17,45.45
2025-09-14,20,9,2025-09-14 19:09:00,5,ヴィーナスS14戦マクール杯ナイトプリンセスカップ,1,4773,中川 りな,2,32,49.2,0,0,0.18,5.5,34.62,53.08,4.38,28.57,38.1,25.64,42.56,30,42.86
2025-09-14,20,9,2025-09-14 19:09:00,5,ヴィーナスS14戦マクール杯ナイトプリンセスカップ,2,5162,松尾 怜実,4,25,44,0,0,0.18,3.43,12.5,25,3.39,10.53,18.42,32.31,47.18,18.97,32.76
2025-09-14,20,9,2025-09-14 19:09:00,5,ヴィーナスS14戦マクール杯ナイトプリンセスカップ,3,3518,倉田 郁美,3,57,48.4,0,0,0.21,3.71,13.04,28.99,0,0,0,38.97,56.41,35.29,61.76
2025-09-14,20,9,2025-09-14 19:09:00,5,ヴィーナスS14戦マクール杯ナイトプリンセスカップ,4,5013,山下 夏鈴,3,28,45,1,0,0.16,4.71,26.37,42.86,3,11.11,22.22,26.37,38.46,26.09,43.48
2025-09-14,20,9,2025-09-14 19:09:00,5,ヴィーナスS14戦マクール杯ナイトプリンセスカップ,5,4784,向井田 真紀,3,37,50.4,0,0,0.19,4.44,26.47,38.24,0,0,0,44.92,63.64,44.44,60.32
2025-09-14,20,9,2025-09-14 19:09:00,5,ヴィーナスS14戦マクール杯ナイトプリンセスカップ,6,4300,加藤 綾,3,42,50,1,0,0.21,4.44,18.03,34.43,4.31,18.75,50,22.75,37.04,48.65,71.62
2025-09-14,20,10,2025-09-14 19:39:00,5,ヴィーナスS14戦マクール杯ナイトプリンセスカップ,1,5088,高憧 四季,1,25,44.5,0,0,0.16,6.98,50.86,75.86,2.86,0,14.29,27.32,39.34,40.26,63.64
2025-09-14,20,10,2025-09-14 19:39:00,5,ヴィーナスS14戦マクール杯ナイトプリンセスカップ,2,5165,小林 愛実,3,25,46,0,0,0.19,5.12,26.51,51.81,0,0,0,27,41,26.47,44.12
2025-09-14,20,10,2025-09-14 19:39:00,5,ヴィーナスS14戦マクール杯ナイトプリンセスカップ,3,3871,池田 紫乃,3,49,45,0,0,0.18,5.34,37.29,49.15,5,35.29,41.18,30.05,44.33,34.78,49.28
2025-09-14,20,10,2025-09-14 19:39:00,5,ヴィーナスS14戦マクール杯ナイトプリンセスカップ,4,4765,野田部 宏子,3,35,49.9,0,0,0.14,5.21,34.48,52.87,5.59,39.34,57.38,53.48,71.12,23.29,41.1
2025-09-14,20,10,2025-09-14 19:39:00,5,ヴィーナスS14戦マクール杯ナイトプリンセスカップ,5,4927,関野 文,2,31,45,0,0,0.16,6.11,44.74,57.89,5.65,34.78,47.83,35.23,55.44,44.12,55.88
2025-09-14,20,10,2025-09-14 19:39:00,5,ヴィーナスS14戦マクール杯ナイトプリンセスカップ,6,5045,平川 香織,3,25,47,1,0,0.18,5.04,26.58,48.1,5,35.71,42.86,34,46.5,38.03,54.93
2025-09-14,20,11,2025-09-14 20:10:00,5,ヴィーナスS14戦マクール杯ナイトプリンセスカップ,1,5193,米丸 乃絵,2,24,47,0,0,0.17,6.66,51.76,69.41,5.48,36.78,57.47,34.04,54.79,46.48,60.56
2025-09-14,20,11,2025-09-14 20:10:00,5,ヴィーナスS14戦マクール杯ナイトプリンセスカップ,2,5146,野田 彩加,3,22,50.5,1,0,0.17,5.14,26.74,48.84,2.63,0,25,34.01,53.81,27.94,47.06
2025-09-14,20,11,2025-09-14 20:10:00,5,ヴィーナスS14戦マクール杯ナイトプリンセスカップ,3,4014,片岡 恵里,2,45,47.5,0,0,0.19,5.96,42.22,62.22,4.92,20.83,52.08,30.61,41.84,27.27,45.45
2025-09-14,20,11,2025-09-14 20:10:00,5,ヴィーナスS14戦マクール杯ナイトプリンセスカップ,4,3232,山川 美由紀,3,58,47,0,0,0.17,6.02,36.78,59.77,5.57,47.62,52.38,33.33,51.91,32.31,61.54
2025-09-14,20,11,2025-09-14 20:10:00,5,ヴィーナスS14戦マクール杯ナイトプリンセスカップ,5,4464,山下 友貴,3,39,43.5,0,0,0.2,5.36,34.09,56.82,4.65,29.41,41.18,39.57,57.22,29.49,39.74
2025-09-14,20,11,2025-09-14 20:10:00,5,ヴィーナスS14戦マクール杯ナイトプリンセスカップ,6,4961,西橋 奈未,1,29,47,0,0,0.15,7.2,53.27,66.36,6.5,46.43,67.86,48.94,63.3,34.78,52.17
2025-09-14,20,12,2025-09-14 20:39:00,5,ヴィーナスS14戦マクール杯ナイトプリンセスカップ,1,4590,渡邉 優美,1,32,47.6,0,0,0.15,7.46,57.66,75.68,6.7,50,70.37,30.6,48.09,32.76,48.28
2025-09-14,20,12,2025-09-14 20:39:00,5,ヴィーナスS14戦マクール杯ナイトプリンセスカップ,2,4963,實森 美祐,1,29,47,0,0,0.15,6.53,47.32,64.29,4.36,18.18,36.36,46.24,62.9,38.89,51.39
2025-09-14,20,12,2025-09-14 20:39:00,5,ヴィーナスS14戦マクール杯ナイトプリンセスカップ,3,4530,小野 生奈,1,36,46,0,0,0.16,7.36,63.39,73.21,7.52,64,84,30.69,44.97,31.51,43.84
2025-09-14,20,12,2025-09-14 20:39:00,5,ヴィーナスS14戦マクール杯ナイトプリンセスカップ,4,4447,深川 麻奈美,2,38,49.1,0,0,0.16,6.94,53.27,70.09,6.07,43.33,61.67,32.49,45.18,35.44,55.7
2025-09-14,20,12,2025-09-14 20:39:00,5,ヴィーナスS14戦マクール杯ナイトプリンセスカップ,5,4764,小池 礼乃,2,35,47.1,1,0,0.17,5.49,36.71,53.16,4.89,29.79,48.94,39.2,56.28,45.21,52.05
2025-09-14,20,12,2025-09-14 20:39:00,5,ヴィーナスS14戦マクール杯ナイトプリンセスカップ,6,5205,刑部 亜里紗,2,28,48,1,0,0.17,5.75,42.16,51.96,5.75,35,65,34.22,53.48,43.66,61.97
2025-09-14,21,1,2025-09-14 08:32:00,5,PayPay銀行賞,1,4209,藤田 竜弘,2,42,55.6,0,0,0.15,5.42,33.66,55.45,5.79,36.36,66.67,12.35,24.69,29.27,43.9
2025-09-14,21,1,2025-09-14 08:32:00,5,PayPay銀行賞,2,4458,抹香 雄三,3,39,52.2,0,0,0.15,4.98,33.64,47.66,5.3,30,50,26.32,35.53,39.53,60.47
2025-09-14,21,1,2025-09-14 08:32:00,5,PayPay銀行賞,3,4979,中野 夢斗,3,29,52,0,0,0.19,5.13,34.95,48.54,3.9,19.05,28.57,36.78,48.28,28.4,49.38
2025-09-14,21,1,2025-09-14 08:32:00,5,PayPay銀行賞,4,3631,田添 康介,3,55,52.4,1,0,0.18,4.08,24.24,34.85,4.79,28.57,42.86,22.47,34.83,32.47,41.56
2025-09-14,21,1,2025-09-14 08:32:00,5,PayPay銀行賞,5,5054,佐々木 大河,3,29,52,0,0,0.15,5.76,39.74,60.26,6.33,44.44,66.67,24.71,42.35,30.38,50.63
2025-09-14,21,1,2025-09-14 08:32:00,5,PayPay銀行賞,6,4752,西尾 亮輔,3,37,51.5,0,0,0.18,4.11,19.17,38.33,5,37.5,37.5,30.68,54.55,24.36,46.15
2025-09-14,21,2,2025-09-14 08:58:00,5,PayPay銀行賞,1,4581,吉村 誠,2,36,52,0,0,0.14,6.47,49.04,70.19,0,0,0,32.18,44.83,40.63,57.29
2025-09-14,21,2,2025-09-14 08:58:00,5,PayPay銀行賞,2,4633,森 智也,3,36,52.2,0,0,0.16,5.78,36.14,62.65,3.6,10,50,50,67.5,37.04,51.85
2025-09-14,21,2,2025-09-14 08:58:00,5,PayPay銀行賞,3,3860,松本 浩貴,3,52,52.7,0,0,0.19,4.35,21.05,40,3.5,12.5,37.5,29.35,48.91,47.78,60
2025-09-14,21,2,2025-09-14 08:58:00,5,PayPay銀行賞,4,4762,藤原 啓史朗,1,35,51,1,0,0.13,7.55,60.4,74.26,6.69,38.46,53.85,35.8,55.56,20.78,44.16
2025-09-14,21,2,2025-09-14 08:58:00,5,PayPay銀行賞,5,4565,西村 豪洋,3,37,52.6,1,0,0.17,4.59,23.71,47.42,4.06,17.65,47.06,28.26,45.65,26.83,35.37
2025-09-14,21,2,2025-09-14 08:58:00,5,PayPay銀行賞,6,4429,豊田 泰洋,3,39,57.2,0,0,0.19,4.11,19.83,34.48,2.83,0,33.33,17.72,29.11,41.41,60.61
2025-09-14,21,3,2025-09-14 09:24:00,5,PayPay銀行賞,1,4580,長谷川 雅和,2,36,52,0,0,0.16,5.06,34.29,42.86,6.18,41.03,71.79,36.26,51.65,42.7,55.06
2025-09-14,21,3,2025-09-14 09:24:00,5,PayPay銀行賞,2,3696,白井 友晴,3,53,52.6,0,0,0.19,4.77,26,45,5.56,38.89,55.56,27.85,45.57,32.05,46.15
2025-09-14,21,3,2025-09-14 09:24:00,5,PayPay銀行賞,3,4737,竹井 貴史,1,34,52.1,0,0,0.16,6.49,47.27,69.09,6.62,42,72,37.04,53.09,28.21,50
2025-09-14,21,3,2025-09-14 09:24:00,5,PayPay銀行賞,4,5374,木山 大聖,4,22,50.5,0,0,0.18,2.31,3.28,9.84,0,0,0,45.35,63.95,38.64,57.95
2025-09-14,21,3,2025-09-14 09:24:00,5,PayPay銀行賞,5,4679,植田 太一,2,36,56.5,0,0,0.18,6.45,48.25,64.04,5.93,41.86,60.47,23.75,46.25,24.39,47.56
2025-09-14,21,3,2025-09-14 09:24:00,5,PayPay銀行賞,6,5392,安武 一也,4,25,52,0,0,,1.31,0,0,1.5,0,0,28.41,37.5,19.75,35.8
2025-09-14,21,4,2025-09-14 09:50:00,5,PayPay銀行賞,1,4437,中田 元泰,1,39,53.7,0,0,0.15,5.7,40,57.5,5.27,27.27,54.55,12.5,30,36.78,51.72
2025-09-14,21,4,2025-09-14 09:50:00,5,PayPay銀行賞,2,3933,山地 正樹,3,49,54.8,0,0,0.17,5.12,33.33,48.33,5.63,36.84,63.16,24.39,36.59,34.62,56.41
2025-09-14,21,4,2025-09-14 09:50:00,5,PayPay銀行賞,3,4374,永田 義紘,3,41,52,0,0,0.17,4.63,20,40,4.48,28,48,33.73,51.81,34.52,48.81
2025-09-14,21,4,2025-09-14 09:50:00,5,PayPay銀行賞,4,4159,向後 龍一,2,44,52,0,0,0.17,6.09,44.44,58.12,6.36,50,64.29,33.72,52.33,32.89,48.68
2025-09-14,21,4,2025-09-14 09:50:00,5,PayPay銀行賞,5,4434,田中 辰彦,1,39,53,0,0,0.16,6.85,51.22,73.17,5.56,32,52,29.11,41.77,37.36,50.55
2025-09-14,21,4,2025-09-14 09:50:00,5,PayPay銀行賞,6,5101,表 健太,4,28,53,0,0,,3.3,8.7,30.43,2.8,0,10,34.83,48.31,39.36,53.19
2025-09-14,21,5,2025-09-14 10:17:00,5,PayPay銀行賞,1,4051,清水 敦揮,1,44,55.3,0,0,0.17,6.64,50,70.91,6.8,55.1,73.47,53.85,74.36,28.77,42.47
2025-09-14,21,5,2025-09-14 10:17:00,5,PayPay銀行賞,2,3631,田添 康介,3,55,52.4,1,0,0.18,4.08,24.24,34.85,4.79,28.57,42.86,22.47,34.83,32.47,41.56
2025-09-14,21,5,2025-09-14 10:17:00,5,PayPay銀行賞,3,4384,鶴本 崇文,1,40,53.1,0,0,0.16,6.75,49.57,74.36,6.76,47.06,76.47,28.4,44.44,29.73,41.89
2025-09-14,21,5,2025-09-14 10:17:00,5,PayPay銀行賞,4,5054,佐々木 大河,3,29,52,0,0,0.15,5.76,39.74,60.26,6.33,44.44,66.67,24.71,42.35,30.38,50.63
2025-09-14,21,5,2025-09-14 10:17:00,5,PayPay銀行賞,5,4812,西野 雄貴,2,35,52,0,0,0.17,6.67,59.02,62.3,6.6,53.33,73.33,22.73,37.5,26.92,35.9
2025-09-14,21,5,2025-09-14 10:17:00,5,PayPay銀行賞,6,4179,広次 修,2,42,52,1,0,0.15,5.33,35.48,51.61,6,42.22,60,38.27,59.26,39.33,56.18
2025-09-14,21,6,2025-09-14 10:45:00,5,PayPay銀行賞,1,4219,本岡 勝利,3,43,53,0,0,0.18,4.3,19.09,34.55,3.5,8.33,29.17,34.94,56.63,24.1,40.96
2025-09-14,21,6,2025-09-14 10:45:00,5,PayPay銀行賞,2,3813,佐藤 大介,1,49,52.4,0,0,0.15,6.26,44,65,6.53,50,68.42,34.85,59.09,40,56.84
2025-09-14,21,6,2025-09-14 10:45:00,5,PayPay銀行賞,3,4429,豊田 泰洋,3,39,57.2,0,0,0.19,4.11,19.83,34.48,2.83,0,33.33,17.72,29.11,41.41,60.61
2025-09-14,21,6,2025-09-14 10:45:00,5,PayPay銀行賞,4,3535,渡 修平,3,53,52,0,0,0.21,4.65,24.18,43.96,3.3,15,20,31.87,41.76,40,54.12
2025-09-14,21,6,2025-09-14 10:45:00,5,PayPay銀行賞,5,3915,繁野谷 圭介,2,51,52,0,0,0.18,5.19,27.93,51.35,7.1,60,80,24.18,40.66,36.67,55.56
2025-09-14,21,6,2025-09-14 10:45:00,5,PayPay銀行賞,6,3333,丸尾 義孝,2,57,52,0,0,0.16,5.82,39.56,63.74,6.44,56.25,68.75,36.67,53.33,34.15,53.66
2025-09-14,21,7,2025-09-14 11:13:00,5,PayPay銀行賞,1,5212,西川 拓利,3,26,52,0,0,0.16,4.9,27.78,51.11,2.84,0,16.33,30.23,46.51,32.93,46.34
2025-09-14,21,7,2025-09-14 11:13:00,5,PayPay銀行賞,2,3587,武田 信一,3,52,56.6,0,0,0.17,4.38,25,40,4.39,19.35,38.71,36.56,48.39,32.89,46.05
2025-09-14,21,7,2025-09-14 11:13:00,5,PayPay銀行賞,3,3605,中村 守成,3,53,53.1,0,0,0.18,4.43,26.58,36.71,3.94,17.65,29.41,38.04,59.78,27.85,56.96
2025-09-14,21,7,2025-09-14 11:13:00,5,PayPay銀行賞,4,4979,中野 夢斗,3,29,52,0,0,0.19,5.13,34.95,48.54,3.9,19.05,28.57,36.78,48.28,28.4,49.38
2025-09-14,21,7,2025-09-14 11:13:00,5,PayPay銀行賞,5,5374,木山 大聖,4,22,50.5,0,0,0.18,2.31,3.28,9.84,0,0,0,45.35,63.95,38.64,57.95
2025-09-14,21,7,2025-09-14 11:13:00,5,PayPay銀行賞,6,5408,中山 鷹輔,4,20,52.2,1,0,,1.3,0,0,0,0,0,45.45,55.84,42.86,61.54
2025-09-14,21,8,2025-09-14 11:43:00,5,PayPay銀行賞,1,3860,松本 浩貴,3,52,52.7,0,0,0.19,4.35,21.05,40,3.5,12.5,37.5,29.35,48.91,47.78,60
2025-09-14,21,8,2025-09-14 11:43:00,5,PayPay銀行賞,2,4985,井本 昌也,1,28,52,0,0,0.15,6.95,55.96,72.48,6.68,57.14,67.86,41.67,56.25,35.37,56.1
2025-09-14,21,8,2025-09-14 11:43:00,5,PayPay銀行賞,3,5101,表 健太,4,28,53,0,0,,3.3,8.7,30.43,2.8,0,10,34.83,48.31,39.36,53.19
2025-09-14,21,8,2025-09-14 11:43:00,5,PayPay銀行賞,4,3933,山地 正樹,3,49,54.8,0,0,0.17,5.12,33.33,48.33,5.63,36.84,63.16,24.39,36.59,34.62,56.41
2025-09-14,21,8,2025-09-14 11:43:00,5,PayPay銀行賞,5,4363,大野 芳顕,2,40,52.1,0,0,0.16,5.6,35.94,54.69,5.42,29.63,55.56,28.57,40.66,38.71,59.14
2025-09-14,21,8,2025-09-14 11:43:00,5,PayPay銀行賞,6,5392,安武 一也,4,25,52,0,0,,1.31,0,0,1.5,0,0,28.41,37.5,19.75,35.8
2025-09-14,21,9,2025-09-14 12:18:00,5,PayPay銀行賞,1,4220,深川 和仁,2,43,54.5,1,0,0.16,5.44,39.08,51.72,5.33,32.5,52.5,27.78,44.44,38.04,53.26
2025-09-14,21,9,2025-09-14 12:18:00,5,PayPay銀行賞,2,4565,西村 豪洋,3,37,52.6,1,0,0.17,4.59,23.71,47.42,4.06,17.65,47.06,28.26,45.65,26.83,35.37
2025-09-14,21,9,2025-09-14 12:18:00,5,PayPay銀行賞,3,4752,西尾 亮輔,3,37,51.5,0,0,0.18,4.11,19.17,38.33,5,37.5,37.5,30.68,54.55,24.36,46.15
2025-09-14,21,9,2025-09-14 12:18:00,5,PayPay銀行賞,4,4179,広次 修,2,42,52,1,0,0.15,5.33,35.48,51.61,6,42.22,60,38.27,59.26,39.33,56.18
2025-09-14,21,9,2025-09-14 12:18:00,5,PayPay銀行賞,5,4374,永田 義紘,3,41,52,0,0,0.17,4.63,20,40,4.48,28,48,33.73,51.81,34.52,48.81
2025-09-14,21,9,2025-09-14 12:18:00,5,PayPay銀行賞,6,4432,黄金井 力良,2,39,55.4,0,0,0.17,5.23,30,50,4.95,26.32,47.37,28.24,42.35,25,40.79
2025-09-14,21,10,2025-09-14 12:55:00,5,PayPay銀行賞,1,4679,植田 太一,2,36,56.5,0,0,0.18,6.45,48.25,64.04,5.93,41.86,60.47,23.75,46.25,24.39,47.56
2025-09-14,21,10,2025-09-14 12:55:00,5,PayPay銀行賞,2,4437,中田 元泰,1,39,53.7,0,0,0.15,5.7,40,57.5,5.27,27.27,54.55,12.5,30,36.78,51.72
2025-09-14,21,10,2025-09-14 12:55:00,5,PayPay銀行賞,3,3535,渡 修平,3,53,52,0,0,0.21,4.65,24.18,43.96,3.3,15,20,31.87,41.76,40,54.12
2025-09-14,21,10,2025-09-14 12:55:00,5,PayPay銀行賞,4,4581,吉村 誠,2,36,52,0,0,0.14,6.47,49.04,70.19,0,0,0,32.18,44.83,40.63,57.29
2025-09-14,21,10,2025-09-14 12:55:00,5,PayPay銀行賞,5,4384,鶴本 崇文,1,40,53.1,0,0,0.16,6.75,49.57,74.36,6.76,47.06,76.47,28.4,44.44,29.73,41.89
2025-09-14,21,10,2025-09-14 12:55:00,5,PayPay銀行賞,6,4458,抹香 雄三,3,39,52.2,0,0,0.15,4.98,33.64,47.66,5.3,30,50,26.32,35.53,39.53,60.47
2025-09-14,21,11,2025-09-14 13:32:00,5,PayPay銀行賞,1,4812,西野 雄貴,2,35,52,0,0,0.17,6.67,59.02,62.3,6.6,53.33,73.33,22.73,37.5,26.92,35.9
2025-09-14,21,11,2025-09-14 13:32:00,5,PayPay銀行賞,2,4737,竹井 貴史,1,34,52.1,0,0,0.16,6.49,47.27,69.09,6.62,42,72,37.04,53.09,28.21,50
2025-09-14,21,11,2025-09-14 13:32:00,5,PayPay銀行賞,3,4434,田中 辰彦,1,39,53,0,0,0.16,6.85,51.22,73.17,5.56,32,52,29.11,41.77,37.36,50.55
2025-09-14,21,11,2025-09-14 13:32:00,5,PayPay銀行賞,4,3915,繁野谷 圭介,2,51,52,0,0,0.18,5.19,27.93,51.35,7.1,60,80,24.18,40.66,36.67,55.56
2025-09-14,21,11,2025-09-14 13:32:00,5,PayPay銀行賞,5,5212,西川 拓利,3,26,52,0,0,0.16,4.9,27.78,51.11,2.84,0,16.33,30.23,46.51,32.93,46.34
2025-09-14,21,11,2025-09-14 13:32:00,5,PayPay銀行賞,6,4633,森 智也,3,36,52.2,0,0,0.16,5.78,36.14,62.65,3.6,10,50,50,67.5,37.04,51.85
2025-09-14,21,12,2025-09-14 14:11:00,5,PayPay銀行賞,1,4762,藤原 啓史朗,1,35,50.5,1,0,0.13,7.55,60.4,74.26,6.69,38.46,53.85,35.8,55.56,20.78,44.16
2025-09-14,21,12,2025-09-14 14:11:00,5,PayPay銀行賞,2,4051,清水 敦揮,1,44,55.1,0,0,0.17,6.64,50,70.91,6.8,55.1,73.47,53.85,74.36,28.77,42.47
2025-09-14,21,12,2025-09-14 14:11:00,5,PayPay銀行賞,3,4985,井本 昌也,1,28,51.5,0,0,0.15,6.95,55.96,72.48,6.68,57.14,67.86,41.67,56.25,35.37,56.1
2025-09-14,21,12,2025-09-14 14:11:00,5,PayPay銀行賞,4,3813,佐藤 大介,1,49,52.7,0,0,0.15,6.26,44,65,6.53,50,68.42,34.85,59.09,40,56.84
2025-09-14,21,12,2025-09-14 14:11:00,5,PayPay銀行賞,5,4159,向後 龍一,2,44,52,0,0,0.17,6.09,44.44,58.12,6.36,50,64.29,33.72,52.33,32.89,48.68
2025-09-14,21,12,2025-09-14 14:11:00,5,PayPay銀行賞,6,4580,長谷川 雅和,2,36,52,0,0,0.16,5.06,34.29,42.86,6.18,41.03,71.79,36.26,51.65,42.7,55.06
2025-09-14,22,1,2025-09-14 12:03:00,5,第19回BOATBoy・ペラ坊ショップ杯,1,4236,松村 敏,1,41,52.7,0,0,0.12,7.63,66.42,80.6,7.08,58.49,69.81,23.48,39.13,27.45,45.1
2025-09-14,22,1,2025-09-14 12:03:00,5,第19回BOATBoy・ペラ坊ショップ杯,2,3757,畑 和宏,3,53,52.3,0,0,0.18,4.99,27.17,43.48,5.82,36.36,72.73,36.75,57.26,41.3,58.7
2025-09-14,22,1,2025-09-14 12:03:00,5,第19回BOATBoy・ペラ坊ショップ杯,3,4508,野間 大樹,3,36,52,1,0,0.18,4.75,33.33,45.33,4.85,25,50,30.39,46.08,31.37,45.1
2025-09-14,22,1,2025-09-14 12:03:00,5,第19回BOATBoy・ペラ坊ショップ杯,4,3372,加藤 雅之,3,58,52.3,0,0,0.22,3.54,13.41,26.83,4.43,21.43,39.29,45.74,57.45,33.67,52.04
2025-09-14,22,1,2025-09-14 12:03:00,5,第19回BOATBoy・ペラ坊ショップ杯,5,5403,藤山 湧太,4,21,52,1,0,,1.57,0,0,0,0,0,28.81,44.92,33.96,48.11
2025-09-14,22,1,2025-09-14 12:03:00,5,第19回BOATBoy・ペラ坊ショップ杯,6,4740,齋藤 達希,3,33,52.7,0,0,0.2,4.49,24.32,41.44,4.8,40,40,28.37,43.97,29.67,41.76
2025-09-14,22,2,2025-09-14 12:33:00,5,第19回BOATBoy・ペラ坊ショップ杯,1,5311,小林 京平,3,27,52,0,0,0.21,3.99,15.91,32.95,1.94,0,11.11,39.29,55.36,38.71,59.14
2025-09-14,22,2,2025-09-14 12:33:00,5,第19回BOATBoy・ペラ坊ショップ杯,2,4055,吉田 俊彦,2,47,52.2,0,0,0.15,6.61,51.28,66.67,0,0,0,33.33,48.65,38.78,59.18
2025-09-14,22,2,2025-09-14 12:33:00,5,第19回BOATBoy・ペラ坊ショップ杯,3,4200,早川 尚人,3,43,53.3,0,0,0.18,4.47,17.89,40,4.62,24.62,40,35.9,51.28,25.53,43.62
2025-09-14,22,2,2025-09-14 12:33:00,5,第19回BOATBoy・ペラ坊ショップ杯,4,4288,永田 啓二,1,40,52.9,0,0,0.13,6.79,56.64,71.68,7.14,57.53,76.71,34.48,48.28,40.91,53.41
2025-09-14,22,2,2025-09-14 12:33:00,5,第19回BOATBoy・ペラ坊ショップ杯,5,4846,佐藤 駿介,3,31,52.4,1,0,0.17,3.78,18.42,35.53,3,14.29,21.43,15.07,30.14,27.37,43.16
2025-09-14,22,2,2025-09-14 12:33:00,5,第19回BOATBoy・ペラ坊ショップ杯,6,5363,山本 凱立,4,25,52,1,0,0.23,1.05,0,0,0,0,0,38.32,55.14,41.67,55.95
2025-09-14,22,3,2025-09-14 13:01:00,5,第19回BOATBoy・ペラ坊ショップ杯,1,2538,高橋 二朗,3,76,52,0,0,0.21,3.08,9.86,19.72,3.33,11.11,22.22,30.08,47.37,32.29,53.13
2025-09-14,22,3,2025-09-14 13:01:00,5,第19回BOATBoy・ペラ坊ショップ杯,2,3685,荒井 輝年,3,51,55.4,0,0,0.17,5.46,34.75,54.24,6.18,40.91,54.55,32.82,50.38,32.63,48.42
2025-09-14,22,3,2025-09-14 13:01:00,5,第19回BOATBoy・ペラ坊ショップ杯,3,4025,山本 隆幸,1,47,53,0,0,0.18,6.4,44.44,65.28,7.86,61.9,90.48,33.63,47.79,25.24,45.63
2025-09-14,22,3,2025-09-14 13:01:00,5,第19回BOATBoy・ペラ坊ショップ杯,4,4942,柴田 朋哉,3,35,53.6,0,0,0.16,5.42,29.17,55.56,5.02,29.55,52.27,41.9,55.24,35.58,48.08
2025-09-14,22,3,2025-09-14 13:01:00,5,第19回BOATBoy・ペラ坊ショップ杯,5,3434,松尾 宣邦,3,56,52,0,0,0.18,4.72,28.71,41.58,5.24,31.71,48.78,43.4,59.43,48.48,63.64
2025-09-14,22,3,2025-09-14 13:01:00,5,第19回BOATBoy・ペラ坊ショップ杯,6,4359,横川 聖志,3,41,55.6,1,0,0.13,5.63,37.36,56.04,4.84,26.32,52.63,17.02,38.3,29.9,44.33
2025-09-14,22,4,2025-09-14 13:29:00,5,第19回BOATBoy・ペラ坊ショップ杯,1,4111,奥田 誠,3,45,54.6,0,0,0.18,4.88,31.37,45.1,5.43,42.86,47.62,31.4,48.76,40.38,53.85
2025-09-14,22,4,2025-09-14 13:29:00,5,第19回BOATBoy・ペラ坊ショップ杯,2,4114,深澤 達徳,2,44,52,1,0,0.17,5.51,33.67,56.12,6.65,38.71,67.74,25.89,38.39,26.6,43.62
2025-09-14,22,4,2025-09-14 13:29:00,5,第19回BOATBoy・ペラ坊ショップ杯,3,4583,古田 祐貴,2,36,52,0,0,0.16,5.68,36.04,60.36,5.75,25,62.5,35.54,47.93,38.83,62.14
2025-09-14,22,4,2025-09-14 13:29:00,5,第19回BOATBoy・ペラ坊ショップ杯,4,4934,佐々木 翔斗,1,29,52,0,0,0.16,5.62,35.51,54.21,6.96,54.17,79.17,25.45,41.82,39.6,55.45
2025-09-14,22,4,2025-09-14 13:29:00,5,第19回BOATBoy・ペラ坊ショップ杯,5,4635,峰重 力也,3,35,52,0,0,0.15,4.22,20.63,41.27,6.3,60,60,28.35,44.88,34.34,57.58
2025-09-14,22,4,2025-09-14 13:29:00,5,第19回BOATBoy・ペラ坊ショップ杯,6,4872,山下 流心,3,32,52.7,0,0,0.19,4.84,27.1,45.79,5.62,32.43,48.65,28.81,44.92,45.19,64.42
2025-09-14,22,5,2025-09-14 13:57:00,5,第19回BOATBoy・ペラ坊ショップ杯,1,4487,三原 司,3,39,52.2,0,0,0.18,4.85,25.45,44.55,4.33,19.05,42.86,30,45,31.37,50
2025-09-14,22,5,2025-09-14 13:57:00,5,第19回BOATBoy・ペラ坊ショップ杯,2,4553,坪口 竜也,2,36,52.9,0,0,0.15,6,41.38,59.77,6.05,45.45,59.09,42.19,54.69,36.17,54.26
2025-09-14,22,5,2025-09-14 13:57:00,5,第19回BOATBoy・ペラ坊ショップ杯,3,3956,横澤 剛治,2,48,55.3,0,0,0.16,6.44,50,64.42,6.5,50,70,17.07,28.05,13.1,23.81
2025-09-14,22,5,2025-09-14 13:57:00,5,第19回BOATBoy・ペラ坊ショップ杯,4,4174,赤坂 俊輔,1,42,52,0,0,0.15,6.23,42.72,63.11,6.82,50,75,24.74,41.24,42.59,57.41
2025-09-14,22,5,2025-09-14 13:57:00,5,第19回BOATBoy・ペラ坊ショップ杯,5,5398,鐘ヶ江 真司,4,23,52.8,0,0,,2.56,4.69,14.06,1.88,0,0,33.96,54.72,33.33,55.56
2025-09-14,22,5,2025-09-14 13:57:00,5,第19回BOATBoy・ペラ坊ショップ杯,6,5403,藤山 湧太,4,21,52,1,0,,1.57,0,0,0,0,0,28.81,44.92,33.96,48.11
2025-09-14,22,6,2025-09-14 14:25:00,5,第19回BOATBoy・ペラ坊ショップ杯,1,4654,篠田 優也,1,39,53,1,0,0.14,6.1,41.56,64.94,4.89,33.33,44.44,31.91,46.81,25,46.59
2025-09-14,22,6,2025-09-14 14:25:00,5,第19回BOATBoy・ペラ坊ショップ杯,2,3300,川崎 智幸,2,58,53.2,0,0,0.14,6.06,45.63,59.22,5.9,47.62,57.14,32.14,46.43,23.53,39.71
2025-09-14,22,6,2025-09-14 14:25:00,5,第19回BOATBoy・ペラ坊ショップ杯,3,5104,山田 丈,2,27,52,1,0,0.17,5.68,41.07,55.36,5.28,38.46,46.15,44,59.2,34,47
2025-09-14,22,6,2025-09-14 14:25:00,5,第19回BOATBoy・ペラ坊ショップ杯,4,3617,竹田 広樹,3,52,52.5,0,0,0.19,3.63,24.72,28.09,4.38,30.77,38.46,35.29,49.41,29.17,48.96
2025-09-14,22,6,2025-09-14 14:25:00,5,第19回BOATBoy・ペラ坊ショップ杯,5,5363,山本 凱立,4,25,52,1,0,0.23,1.05,0,0,0,0,0,38.32,55.14,41.67,55.95
2025-09-14,22,6,2025-09-14 14:25:00,5,第19回BOATBoy・ペラ坊ショップ杯,6,4508,野間 大樹,3,36,52,1,0,0.18,4.75,33.33,45.33,4.85,25,50,30.39,46.08,31.37,45.1
2025-09-14,22,7,2025-09-14 14:54:00,5,第19回BOATBoy・ペラ坊ショップ杯,1,4991,宗行 治哉,2,28,52,0,0,0.18,5.74,32.43,60.36,4.93,27.59,41.38,31.54,55.7,19.15,40.43
2025-09-14,22,7,2025-09-14 14:54:00,5,第19回BOATBoy・ペラ坊ショップ杯,2,4452,松尾 祭,2,37,52,0,0,0.17,5.68,38.61,59.41,0,0,0,30.09,48.67,32.56,48.84
2025-09-14,22,7,2025-09-14 14:54:00,5,第19回BOATBoy・ペラ坊ショップ杯,3,5311,小林 京平,3,27,52,0,0,0.21,3.99,15.91,32.95,1.94,0,11.11,39.29,55.36,38.71,59.14
2025-09-14,22,7,2025-09-14 14:54:00,5,第19回BOATBoy・ペラ坊ショップ杯,4,2538,高橋 二朗,3,76,52,0,0,0.21,3.08,9.86,19.72,3.33,11.11,22.22,30.08,47.37,32.29,53.13
2025-09-14,22,7,2025-09-14 14:54:00,5,第19回BOATBoy・ペラ坊ショップ杯,5,4652,酒見 峻介,2,40,52,1,0,0.15,6,45.1,66.67,6.78,55,72.5,15.38,36.26,27.27,40.4
2025-09-14,22,7,2025-09-14 14:54:00,5,第19回BOATBoy・ペラ坊ショップ杯,6,5420,吉原 快誓,4,19,52.2,1,0,,1.25,0,0,0,0,0,39.86,55.41,24.73,39.78
2025-09-14,22,8,2025-09-14 15:23:00,5,第19回BOATBoy・ペラ坊ショップ杯,1,4366,前沢 丈史,1,39,56,0,0,0.15,6.18,39.29,60.71,6.84,52.63,63.16,31.67,50,34.02,51.55
2025-09-14,22,8,2025-09-14 15:23:00,5,第19回BOATBoy・ペラ坊ショップ杯,2,4740,齋藤 達希,3,33,52.7,0,0,0.2,4.49,24.32,41.44,4.8,40,40,28.37,43.97,29.67,41.76
2025-09-14,22,8,2025-09-14 15:23:00,5,第19回BOATBoy・ペラ坊ショップ杯,3,4111,奥田 誠,3,45,54.6,0,0,0.18,4.88,31.37,45.1,5.43,42.86,47.62,31.4,48.76,40.38,53.85
2025-09-14,22,8,2025-09-14 15:23:00,5,第19回BOATBoy・ペラ坊ショップ杯,4,4364,池永 太,1,40,52.6,0,0,0.14,6.97,55.26,69.3,6.51,45.37,65.74,33.33,44.72,35.79,46.32
2025-09-14,22,8,2025-09-14 15:23:00,5,第19回BOATBoy・ペラ坊ショップ杯,5,4359,横川 聖志,3,41,55.6,1,0,0.13,5.63,37.36,56.04,4.84,26.32,52.63,17.02,38.3,29.9,44.33
2025-09-14,22,8,2025-09-14 15:23:00,5,第19回BOATBoy・ペラ坊ショップ杯,6,4846,佐藤 駿介,3,31,52.4,1,0,0.17,3.78,18.42,35.53,3,14.29,21.43,15.07,30.14,27.37,43.16
2025-09-14,22,9,2025-09-14 15:52:00,5,第19回BOATBoy・ペラ坊ショップ杯,1,4553,坪口 竜也,2,36,52.9,0,0,0.15,6,41.38,59.77,6.05,45.45,59.09,42.19,54.69,36.17,54.26
2025-09-14,22,9,2025-09-14 15:52:00,5,第19回BOATBoy・ペラ坊ショップ杯,2,4383,竹田 吉行,2,40,52,0,0,0.16,5.76,42.72,52.43,5.51,37.14,45.71,42.53,62.07,34.41,47.31
2025-09-14,22,9,2025-09-14 15:52:00,5,第19回BOATBoy・ペラ坊ショップ杯,3,4607,鶴田 勇雄,2,36,52.3,1,0,0.17,5.92,38.78,64.29,5.86,42.86,60.95,36,52,36.84,50.53
2025-09-14,22,9,2025-09-14 15:52:00,5,第19回BOATBoy・ペラ坊ショップ杯,4,4236,松村 敏,1,41,52.7,0,0,0.12,7.63,66.42,80.6,7.08,58.49,69.81,23.48,39.13,27.45,45.1
2025-09-14,22,9,2025-09-14 15:52:00,5,第19回BOATBoy・ペラ坊ショップ杯,5,4114,深澤 達徳,2,44,52,1,0,0.17,5.51,33.67,56.12,6.65,38.71,67.74,25.89,38.39,26.6,43.62
2025-09-14,22,9,2025-09-14 15:52:00,5,第19回BOATBoy・ペラ坊ショップ杯,6,5023,久永 祥平,3,30,52.2,0,0,0.15,5.36,29.89,55.17,4,18.52,29.63,32.38,59.05,38.46,58.65
2025-09-14,22,10,2025-09-14 16:22:00,5,第19回BOATBoy・ペラ坊ショップ杯,1,5104,山田 丈,2,27,52,1,0,0.17,5.68,41.07,55.36,5.28,38.46,46.15,44,59.2,34,47
2025-09-14,22,10,2025-09-14 16:22:00,5,第19回BOATBoy・ペラ坊ショップ杯,2,4934,佐々木 翔斗,1,29,52,0,0,0.16,5.62,35.51,54.21,6.96,54.17,79.17,25.45,41.82,39.6,55.45
2025-09-14,22,10,2025-09-14 16:22:00,5,第19回BOATBoy・ペラ坊ショップ杯,3,4487,三原 司,3,39,52.2,0,0,0.18,4.85,25.45,44.55,4.33,19.05,42.86,30,45,31.37,50
2025-09-14,22,10,2025-09-14 16:22:00,5,第19回BOATBoy・ペラ坊ショップ杯,4,4821,妻鳥 晋也,3,33,55.3,0,0,0.19,5.12,31.78,48.6,6,45,60,17.02,37.23,39.8,57.14
2025-09-14,22,10,2025-09-14 16:22:00,5,第19回BOATBoy・ペラ坊ショップ杯,5,4025,山本 隆幸,1,47,53,0,0,0.18,6.4,44.44,65.28,7.86,61.9,90.48,33.63,47.79,25.24,45.63
2025-09-14,22,10,2025-09-14 16:22:00,5,第19回BOATBoy・ペラ坊ショップ杯,6,4055,吉田 俊彦,2,47,52.2,0,0,0.15,6.61,51.28,66.67,0,0,0,33.33,48.65,38.78,59.18
2025-09-14,22,11,2025-09-14 16:53:00,5,第19回BOATBoy・ペラ坊ショップ杯,1,3541,三嶌 誠司,1,57,52.3,0,0,0.14,6.06,41.35,63.46,6.4,40,60,23.6,38.2,37.63,50.54
2025-09-14,22,11,2025-09-14 16:53:00,5,第19回BOATBoy・ペラ坊ショップ杯,2,3956,横澤 剛治,2,48,55.3,0,0,0.16,6.44,50,64.42,6.5,50,70,17.07,28.05,13.1,23.81
2025-09-14,22,11,2025-09-14 16:53:00,5,第19回BOATBoy・ペラ坊ショップ杯,3,4624,高田 明,2,40,50.5,0,0,0.18,6.63,50.44,70.8,5.32,36.36,50,26.8,39.18,40.74,53.7
2025-09-14,22,11,2025-09-14 16:53:00,5,第19回BOATBoy・ペラ坊ショップ杯,4,3434,松尾 宣邦,3,56,52,0,0,0.18,4.72,28.71,41.58,5.24,31.71,48.78,43.4,59.43,48.48,63.64
2025-09-14,22,11,2025-09-14 16:53:00,5,第19回BOATBoy・ペラ坊ショップ杯,5,4654,篠田 優也,1,39,53,1,0,0.14,6.1,41.56,64.94,4.89,33.33,44.44,31.91,46.81,25,46.59
2025-09-14,22,11,2025-09-14 16:53:00,5,第19回BOATBoy・ペラ坊ショップ杯,6,4452,松尾 祭,2,37,52,0,0,0.17,5.68,38.61,59.41,0,0,0,30.09,48.67,32.56,48.84
2025-09-14,22,12,2025-09-14 17:25:00,5,第19回BOATBoy・ペラ坊ショップ杯,1,4174,赤坂 俊輔,1,42,51.5,0,0,0.15,6.23,42.72,63.11,6.82,50,75,24.74,41.24,42.59,57.41
2025-09-14,22,12,2025-09-14 17:25:00,5,第19回BOATBoy・ペラ坊ショップ杯,2,4288,永田 啓二,1,40,52.4,0,0,0.13,6.79,56.64,71.68,7.14,57.53,76.71,34.48,48.28,40.91,53.41
2025-09-14,22,12,2025-09-14 17:25:00,5,第19回BOATBoy・ペラ坊ショップ杯,3,4991,宗行 治哉,2,28,51,0,0,0.18,5.74,32.43,60.36,4.93,27.59,41.38,31.54,55.7,19.15,40.43
2025-09-14,22,12,2025-09-14 17:25:00,5,第19回BOATBoy・ペラ坊ショップ杯,4,3300,川崎 智幸,2,58,53.3,0,0,0.14,6.06,45.63,59.22,5.9,47.62,57.14,32.14,46.43,23.53,39.71
2025-09-14,22,12,2025-09-14 17:25:00,5,第19回BOATBoy・ペラ坊ショップ杯,5,4366,前沢 丈史,1,39,56,0,0,0.15,6.18,39.29,60.71,6.84,52.63,63.16,31.67,50,34.02,51.55
2025-09-14,22,12,2025-09-14 17:25:00,5,第19回BOATBoy・ペラ坊ショップ杯,6,4583,古田 祐貴,2,36,52,0,0,0.16,5.68,36.04,60.36,5.75,25,62.5,35.54,47.93,38.83,62.14
2025-09-14,23,1,2025-09-14 08:44:00,5,第16回虹の松原カップ,1,5197,中野 仁照,1,23,52.8,2,0,0.12,6.44,48.31,66.95,7,50,87.5,0,30,40.6,55.64
2025-09-14,23,1,2025-09-14 08:44:00,5,第16回虹の松原カップ,2,5154,村松 栄太,3,29,52.9,0,0,0.17,4.84,28.24,48.24,2.75,6.25,18.75,0,0,54.55,70.45
2025-09-14,23,1,2025-09-14 08:44:00,5,第16回虹の松原カップ,3,4204,柴田 大輔,4,43,52,0,0,0.26,4.56,23.76,43.56,3.89,17.86,32.14,55.56,66.67,36.72,52.34
2025-09-14,23,1,2025-09-14 08:44:00,5,第16回虹の松原カップ,4,3948,大町 利克,3,49,52.7,0,0,0.2,4.03,20.83,34.72,3.68,21.05,26.32,40,60,26.19,38.89
2025-09-14,23,1,2025-09-14 08:44:00,5,第16回虹の松原カップ,5,4540,相原 利章,3,38,52.3,0,0,0.13,5.47,33.33,50,4.79,26.32,52.63,40,60,37.19,50.41
2025-09-14,23,1,2025-09-14 08:44:00,5,第16回虹の松原カップ,6,3851,森田 昭彦,3,53,55,0,0,0.19,3.38,11.67,25,0,0,0,27.27,45.45,43.2,59.2
2025-09-14,23,2,2025-09-14 09:13:00,5,第16回虹の松原カップ,1,4531,武富 智亮,2,36,53.2,1,0,0.15,5.85,41.12,61.68,5.91,40.16,59.02,55.56,77.78,28.93,46.28
2025-09-14,23,2,2025-09-14 09:13:00,5,第16回虹の松原カップ,2,5005,石田 貴洋,3,29,52.1,1,0,0.15,5,24.53,49.06,7.27,63.64,90.91,0,0,25.93,46.67
2025-09-14,23,2,2025-09-14 09:13:00,5,第16回虹の松原カップ,3,4134,杉山 貴博,1,45,53.8,0,0,0.16,5.7,35.94,58.59,5.54,46.15,53.85,42.86,42.86,36.15,51.54
2025-09-14,23,2,2025-09-14 09:13:00,5,第16回虹の松原カップ,4,4417,服部 剛,3,38,52.5,0,0,0.2,4.68,26.83,42.68,4.67,13.33,43.33,22.22,22.22,27.91,48.06
2025-09-14,23,2,2025-09-14 09:13:00,5,第16回虹の松原カップ,5,4404,岸蔭 亮,3,40,52.7,0,0,0.2,4.03,24.35,37.39,4.27,30.3,33.33,54.55,81.82,30.53,45.8
2025-09-14,23,2,2025-09-14 09:13:00,5,第16回虹の松原カップ,6,4148,枝尾 賢,4,43,52,1,0,0.17,5.42,34.02,54.64,6.17,43.48,56.52,0,0,23.2,39.2
2025-09-14,23,3,2025-09-14 09:39:00,5,第16回虹の松原カップ,1,4596,葛原 大陽,1,42,52.3,1,0,0.16,6.43,45.9,71.31,5.63,43.75,62.5,33.33,33.33,28.79,47.73
2025-09-14,23,3,2025-09-14 09:39:00,5,第16回虹の松原カップ,2,4747,山戸 信二,3,40,51.5,0,0,0.17,3.58,14.43,25.77,3.16,10.53,15.79,50,80,33.61,54.1
2025-09-14,23,3,2025-09-14 09:39:00,5,第16回虹の松原カップ,3,4027,松江 秀徳,2,47,53.6,0,0,0.17,5.32,32.8,48.8,6.03,42.5,60.63,54.55,63.64,39.55,54.48
2025-09-14,23,3,2025-09-14 09:39:00,5,第16回虹の松原カップ,4,4421,森作 広大,3,37,55.6,0,0,0.18,3.92,19.05,32.14,0,0,0,0,0,29.77,41.98
2025-09-14,23,3,2025-09-14 09:39:00,5,第16回虹の松原カップ,5,4636,赤池 修平,3,35,52.2,0,0,0.17,4.36,27.27,40.26,3.69,12.5,34.38,0,0,28,42.4
2025-09-14,23,3,2025-09-14 09:39:00,5,第16回虹の松原カップ,6,4435,服部 達哉,3,39,52.8,1,0,0.19,4.92,27.88,48.08,5.11,25.93,48.15,60,60,27.27,45.45
2025-09-14,23,4,2025-09-14 10:05:00,5,第16回虹の松原カップ,1,4917,岩橋 裕馬,3,37,52.6,0,0,0.19,4.65,25.81,43.01,3.38,12.5,25,0,0,39.57,53.96
2025-09-14,23,4,2025-09-14 10:05:00,5,第16回虹の松原カップ,2,4709,岡村 将也,2,36,53.4,0,0,0.18,5.87,40.68,59.32,6,38.89,55.56,0,0,25.62,39.67
2025-09-14,23,4,2025-09-14 10:05:00,5,第16回虹の松原カップ,3,4377,濱本 優一,2,41,49,0,0,0.17,6.93,58.82,77.31,6.1,44.83,65.52,0,0,46.15,61.54
2025-09-14,23,4,2025-09-14 10:05:00,5,第16回虹の松原カップ,4,4410,井上 大輔,3,39,52,0,0,0.18,5.2,34.82,50,0,0,0,30,40,29.92,44.88
2025-09-14,23,4,2025-09-14 10:05:00,5,第16回虹の松原カップ,5,3995,重野 哲之,1,46,53.1,0,0,0.13,6.47,49.51,66.02,5.63,37.5,50,90,100,35.16,52.34
2025-09-14,23,4,2025-09-14 10:05:00,5,第16回虹の松原カップ,6,3246,星野 政彦,3,60,52,1,0,0.16,3.66,12.5,26.79,3.17,16.67,16.67,33.33,50,35.82,48.51
2025-09-14,23,5,2025-09-14 10:34:00,5,第16回虹の松原カップ,1,4608,荒井 翔伍,2,35,53.7,0,0,0.14,5.95,43.22,61.02,5.48,28.57,57.14,50,70,41.98,61.07
2025-09-14,23,5,2025-09-14 10:34:00,5,第16回虹の松原カップ,2,4396,大田 直弥,3,39,52,0,0,0.2,5.29,28.57,53.33,4.94,25,56.25,0,0,18.4,42.4
2025-09-14,23,5,2025-09-14 10:34:00,5,第16回虹の松原カップ,3,4402,乙藤 智史,2,40,53.4,0,0,0.18,5.72,42.86,60,6.33,54.17,66.67,0,0,31.25,50.78
2025-09-14,23,5,2025-09-14 10:34:00,5,第16回虹の松原カップ,4,4204,柴田 大輔,4,43,52,0,0,0.26,4.56,23.76,43.56,3.89,17.86,32.14,55.56,66.67,36.72,52.34
2025-09-14,23,5,2025-09-14 10:34:00,5,第16回虹の松原カップ,5,3873,別府 昌樹,2,49,52.1,0,0,0.16,6.07,42.19,61.72,5.85,40.43,57.45,30,60,32.79,45.08
2025-09-14,23,5,2025-09-14 10:34:00,5,第16回虹の松原カップ,6,3070,山室 展弘,4,64,51,0,0,0.15,5.16,29.82,49.12,4.38,25,50,36.36,63.64,31.5,59.06
2025-09-14,23,6,2025-09-14 11:04:00,5,第16回虹の松原カップ,1,4404,岸蔭 亮,3,40,52.7,0,0,0.2,4.03,24.35,37.39,4.27,30.3,33.33,54.55,81.82,30.53,45.8
2025-09-14,23,6,2025-09-14 11:04:00,5,第16回虹の松原カップ,2,4413,水摩 敦,1,39,51,1,0,0.17,6.11,46.08,60.78,6.95,63.16,73.68,33.33,44.44,36.64,49.62
2025-09-14,23,6,2025-09-14 11:04:00,5,第16回虹の松原カップ,3,4593,小坂 宗司,2,44,52,1,0,0.18,5.54,31.97,54.92,5.61,33.33,50,0,0,29.51,45.08
2025-09-14,23,6,2025-09-14 11:04:00,5,第16回虹の松原カップ,4,5154,村松 栄太,3,29,52.9,0,0,0.17,4.84,28.24,48.24,2.75,6.25,18.75,0,0,54.55,70.45
2025-09-14,23,6,2025-09-14 11:04:00,5,第16回虹の松原カップ,5,4151,下河 誉史,2,43,54.5,0,0,0.18,5.37,31.3,53.91,6.14,35.71,64.29,0,0,38.76,55.04
2025-09-14,23,6,2025-09-14 11:04:00,5,第16回虹の松原カップ,6,4202,浮田 圭浩,3,43,53.9,0,0,0.18,4.29,21.55,38.79,4.25,27.27,36.36,20,60,44.19,59.69
2025-09-14,23,7,2025-09-14 11:36:00,5,第16回虹の松原カップ,1,3948,大町 利克,3,49,52.7,0,0,0.2,4.03,20.83,34.72,3.68,21.05,26.32,40,60,26.19,38.89
2025-09-14,23,7,2025-09-14 11:36:00,5,第16回虹の松原カップ,2,4966,田川 大貴,2,27,54.1,0,0,0.14,5.43,34.75,51.69,5.39,35.19,48.15,0,0,32.03,48.44
2025-09-14,23,7,2025-09-14 11:36:00,5,第16回虹の松原カップ,3,4421,森作 広大,3,37,55.6,0,0,0.18,3.92,19.05,32.14,0,0,0,0,0,29.77,41.98
2025-09-14,23,7,2025-09-14 11:36:00,5,第16回虹の松原カップ,4,5191,飛田 江己,1,24,51.5,1,0,0.13,6.2,41.51,64.15,6.25,37.5,70.83,10,40,29.75,48.76
2025-09-14,23,7,2025-09-14 11:36:00,5,第16回虹の松原カップ,5,4143,浦田 晃嗣,3,44,56.2,0,0,0.16,4.2,20.93,33.72,4.75,25.97,42.86,0,0,35.07,58.21
2025-09-14,23,7,2025-09-14 11:36:00,5,第16回虹の松原カップ,6,4417,服部 剛,3,38,52.5,0,0,0.2,4.68,26.83,42.68,4.67,13.33,43.33,22.22,22.22,27.91,48.06
2025-09-14,23,8,2025-09-14 12:06:00,5,第16回虹の松原カップ,1,4410,井上 大輔,3,39,52,0,0,0.18,5.2,34.82,50,0,0,0,30,40,29.92,44.88
2025-09-14,23,8,2025-09-14 12:06:00,5,第16回虹の松原カップ,2,4435,服部 達哉,3,39,52.8,1,0,0.19,4.92,27.88,48.08,5.11,25.93,48.15,60,60,27.27,45.45
2025-09-14,23,8,2025-09-14 12:06:00,5,第16回虹の松原カップ,3,3851,森田 昭彦,3,53,55,0,0,0.19,3.38,11.67,25,0,0,0,27.27,45.45,43.2,59.2
2025-09-14,23,8,2025-09-14 12:06:00,5,第16回虹の松原カップ,4,5236,小宮 涼雅,3,26,53.1,0,0,0.19,3.26,9.38,22.92,2.2,0,0,22.22,33.33,28,40
2025-09-14,23,8,2025-09-14 12:06:00,5,第16回虹の松原カップ,5,4949,横田 貴満,1,32,50,0,0,0.16,6.84,54.92,75.41,5.96,36.48,61.01,0,0,28,48.8
2025-09-14,23,8,2025-09-14 12:06:00,5,第16回虹の松原カップ,6,3820,樫葉 次郎,4,53,60.3,0,0,0.15,3.12,6.1,24.39,2.53,5.88,17.65,0,0,23.73,45.76
2025-09-14,23,9,2025-09-14 12:40:00,5,第16回虹の松原カップ,1,4540,相原 利章,3,38,52.3,0,0,0.13,5.47,33.33,50,4.79,26.32,52.63,40,60,37.19,50.41
2025-09-14,23,9,2025-09-14 12:40:00,5,第16回虹の松原カップ,2,4608,荒井 翔伍,2,35,53.7,0,0,0.14,5.95,43.22,61.02,5.48,28.57,57.14,50,70,41.98,61.07
2025-09-14,23,9,2025-09-14 12:40:00,5,第16回虹の松原カップ,3,4148,枝尾 賢,4,43,52,1,0,0.17,5.42,34.02,54.64,6.17,43.48,56.52,0,0,23.2,39.2
2025-09-14,23,9,2025-09-14 12:40:00,5,第16回虹の松原カップ,4,3246,星野 政彦,3,60,52,1,0,0.16,3.66,12.5,26.79,3.17,16.67,16.67,33.33,50,35.82,48.51
2025-09-14,23,9,2025-09-14 12:40:00,5,第16回虹の松原カップ,5,4416,三宅 健太,3,38,53.5,0,0,0.17,5.23,30.1,52.43,4.53,23.53,44.12,0,0,33.59,48.44
2025-09-14,23,9,2025-09-14 12:40:00,5,第16回虹の松原カップ,6,4027,松江 秀徳,2,47,53.6,0,0,0.17,5.32,32.8,48.8,6.03,42.5,60.63,54.55,63.64,39.55,54.48
2025-09-14,23,10,2025-09-14 13:12:00,5,第16回虹の松原カップ,1,4594,谷川 祐一,2,43,52,0,0,0.16,5.95,39.82,58.41,4,25,25,22.22,33.33,21.74,33.04
2025-09-14,23,10,2025-09-14 13:12:00,5,第16回虹の松原カップ,2,5197,中野 仁照,1,23,52.8,2,0,0.12,6.44,48.31,66.95,7,50,87.5,0,30,40.6,55.64
2025-09-14,23,10,2025-09-14 13:12:00,5,第16回虹の松原カップ,3,4747,山戸 信二,3,40,51.5,0,0,0.17,3.58,14.43,25.77,3.16,10.53,15.79,50,80,33.61,54.1
2025-09-14,23,10,2025-09-14 13:12:00,5,第16回虹の松原カップ,4,4402,乙藤 智史,2,40,53.4,0,0,0.18,5.72,42.86,60,6.33,54.17,66.67,0,0,31.25,50.78
2025-09-14,23,10,2025-09-14 13:12:00,5,第16回虹の松原カップ,5,5005,石田 貴洋,3,29,52.1,1,0,0.15,5,24.53,49.06,7.27,63.64,90.91,0,0,25.93,46.67
2025-09-14,23,10,2025-09-14 13:12:00,5,第16回虹の松原カップ,6,4709,岡村 将也,2,36,53.4,0,0,0.18,5.87,40.68,59.32,6,38.89,55.56,0,0,25.62,39.67
2025-09-14,23,11,2025-09-14 13:50:00,5,第16回虹の松原カップ,1,4012,中村 有裕,2,45,55.9,0,0,0.15,6.43,49.21,67.46,7.47,58.82,76.47,70,80,26.77,40.16
2025-09-14,23,11,2025-09-14 13:50:00,5,第16回虹の松原カップ,2,4161,黒柳 浩孝,2,43,55,0,0,0.16,5.48,31.93,53.78,0,0,0,27.27,63.64,22.52,39.64
2025-09-14,23,11,2025-09-14 13:50:00,5,第16回虹の松原カップ,3,4263,武重 雄介,1,41,54,0,0,0.16,5.93,42.86,56.25,6.27,45.45,63.64,22.22,44.44,34.4,48
2025-09-14,23,11,2025-09-14 13:50:00,5,第16回虹の松原カップ,4,4531,武富 智亮,2,36,53.2,1,0,0.15,5.85,41.12,61.68,5.91,40.16,59.02,55.56,77.78,28.93,46.28
2025-09-14,23,11,2025-09-14 13:50:00,5,第16回虹の松原カップ,5,4966,田川 大貴,2,27,54.1,0,0,0.14,5.43,34.75,51.69,5.39,35.19,48.15,0,0,32.03,48.44
2025-09-14,23,11,2025-09-14 13:50:00,5,第16回虹の松原カップ,6,4377,濱本 優一,2,41,49,0,0,0.17,6.93,58.82,77.31,6.1,44.83,65.52,0,0,46.15,61.54
2025-09-14,23,12,2025-09-14 14:30:00,5,第16回虹の松原カップ,1,5191,飛田 江己,1,24,51.5,1,0,0.13,6.2,41.51,64.15,6.25,37.5,70.83,10,40,29.75,48.76
2025-09-14,23,12,2025-09-14 14:30:00,5,第16回虹の松原カップ,2,3995,重野 哲之,1,46,53.1,0,0,0.13,6.47,49.51,66.02,5.63,37.5,50,90,100,35.16,52.34
2025-09-14,23,12,2025-09-14 14:30:00,5,第16回虹の松原カップ,3,4413,水摩 敦,1,39,51,1,0,0.17,6.11,46.08,60.78,6.95,63.16,73.68,33.33,44.44,36.64,49.62
2025-09-14,23,12,2025-09-14 14:30:00,5,第16回虹の松原カップ,4,4949,横田 貴満,1,32,50,0,0,0.16,6.84,54.92,75.41,5.96,36.48,61.01,0,0,28,48.8
2025-09-14,23,12,2025-09-14 14:30:00,5,第16回虹の松原カップ,5,4596,葛原 大陽,1,42,52.3,1,0,0.16,6.43,45.9,71.31,5.63,43.75,62.5,33.33,33.33,28.79,47.73
2025-09-14,23,12,2025-09-14 14:30:00,5,第16回虹の松原カップ,6,4134,杉山 貴博,1,45,53.8,0,0,0.16,5.7,35.94,58.59,5.54,46.15,53.85,42.86,42.86,36.15,51.54
2025-09-14,24,1,2025-09-14 17:41:00,5,ミッドナイトボートレースin大村 7,1,3664,鈴木 賢一,3,55,55.8,0,0,0.18,4.94,38.89,46.3,5.11,37.84,54.05,17.31,48.08,17.07,34.15
2025-09-14,24,1,2025-09-14 17:41:00,5,ミッドナイトボートレースin大村 7,2,5002,上田 健太,1,29,52,1,0,0.15,6.13,46.22,63.87,5.86,38.1,61.9,29.51,50.82,28.57,51.02
2025-09-14,24,1,2025-09-14 17:41:00,5,ミッドナイトボートレースin大村 7,3,4987,島倉 都,3,28,49.3,0,0,0.19,3.97,13.11,32.79,3.58,19.23,19.23,35.56,42.22,26,38
2025-09-14,24,1,2025-09-14 17:41:00,5,ミッドナイトボートレースin大村 7,4,5152,丸山 祐也,3,30,51,0,0,0.25,3.64,15.28,22.22,3.96,14.81,25.93,34.69,46.94,38.3,63.83
2025-09-14,24,1,2025-09-14 17:41:00,5,ミッドナイトボートレースin大村 7,5,5278,田中 駿兵,2,23,52.3,0,0,0.17,6.41,50,67.44,3.43,14.29,21.43,18.97,41.38,27.27,54.55
2025-09-14,24,1,2025-09-14 17:41:00,5,ミッドナイトボートレースin大村 7,6,3777,樋口 亮,2,50,52,1,0,0.19,5.85,37.62,57.43,6.47,47.95,65.07,20.83,33.33,19.61,41.18
2025-09-14,24,2,2025-09-14 18:08:00,5,ミッドナイトボートレースin大村 7,1,4674,池田 剛規,2,38,52,0,0,0.16,5.49,38.3,55.32,5.29,35.48,51.61,52,76,37.21,48.84
2025-09-14,24,2,2025-09-14 18:08:00,5,ミッドナイトボートレースin大村 7,2,3989,熊本 英一,3,47,57.3,0,0,0.21,3.9,15.56,30,4.44,26.83,43.9,31.25,43.75,32.65,51.02
2025-09-14,24,2,2025-09-14 18:08:00,5,ミッドナイトボートレースin大村 7,3,5015,高橋 竜矢,1,27,52,0,0,0.14,6.57,51.16,68.22,6.18,42.42,57.58,40.38,59.62,36.73,44.9
2025-09-14,24,2,2025-09-14 18:08:00,5,ミッドナイトボートレースin大村 7,4,3787,天野 誠,3,54,53.6,0,0,0.19,3.84,16.46,31.65,3.18,9.09,22.73,38,60,37.5,52.08
2025-09-14,24,2,2025-09-14 18:08:00,5,ミッドナイトボートレースin大村 7,5,4406,幸野 史明,3,40,51,0,0,0.16,4.16,20.95,38.1,4.33,20,37.5,28.85,53.85,38.46,51.92
2025-09-14,24,2,2025-09-14 18:08:00,5,ミッドナイトボートレースin大村 7,6,3837,秋山 広一,2,50,52.2,1,0,0.15,6.08,42.24,63.79,5.95,43.59,53.85,32.2,52.54,30.19,56.6
2025-09-14,24,3,2025-09-14 18:35:00,5,ミッドナイトボートレースin大村 7,1,4163,山崎 裕司,2,43,52,0,0,0.18,5.6,39.69,56.49,6.56,50,75,31.25,43.75,18.37,36.73
2025-09-14,24,3,2025-09-14 18:35:00,5,ミッドナイトボートレースin大村 7,2,5075,中島 秀治,2,29,52.5,0,0,0.17,6.05,39.86,61.59,6.38,42.86,66.67,58,74,19.05,30.95
2025-09-14,24,3,2025-09-14 18:35:00,5,ミッドナイトボートレースin大村 7,3,3773,津留 浩一郎,3,51,55.6,0,0,0.16,5.04,32.98,47.87,4.99,34.58,46.73,20.41,38.78,35.85,54.72
2025-09-14,24,3,2025-09-14 18:35:00,5,ミッドナイトボートレースin大村 7,4,4691,水原 慎,3,42,50.5,0,0,0.17,4.71,22.32,46.43,4.47,23.53,35.29,20.41,32.65,48,64
2025-09-14,24,3,2025-09-14 18:35:00,5,ミッドナイトボートレースin大村 7,5,5123,福山 恵里奈,3,29,48.5,0,0,0.17,4,21.18,36.47,3.56,11.11,33.33,27.27,41.82,32.69,40.38
2025-09-14,24,3,2025-09-14 18:35:00,5,ミッドナイトボートレースin大村 7,6,4505,島田 賢人,1,37,54,0,0,0.16,5.88,40.5,62.81,6.12,41.18,52.94,28.85,50,38.78,48.98
2025-09-14,24,4,2025-09-14 19:02:00,5,ミッドナイトボートレースin大村 7,1,3392,小森 信雄,3,60,52.2,0,0,0.19,4.27,18.09,31.91,4.15,15.38,23.08,26.67,46.67,32.69,46.15
2025-09-14,24,4,2025-09-14 19:02:00,5,ミッドナイトボートレースin大村 7,2,5142,常住 蓮,1,24,51.5,0,0,0.13,7.41,60.69,77.93,5.97,43.75,62.5,31.03,55.17,25.45,40
2025-09-14,24,4,2025-09-14 19:02:00,5,ミッドナイトボートレースin大村 7,3,3934,鋤柄 貴俊,3,48,52.8,0,0,0.16,4.86,23.91,47.83,5.53,37.78,60,26.67,46.67,54.17,75
2025-09-14,24,4,2025-09-14 19:02:00,5,ミッドナイトボートレースin大村 7,4,3746,岡瀬 正人,2,50,52.2,0,0,0.17,5.82,41.67,58.33,5.91,32.35,61.76,36.21,48.28,15.22,26.09
2025-09-14,24,4,2025-09-14 19:02:00,5,ミッドナイトボートレースin大村 7,5,5086,本村 大,3,26,52.2,0,0,0.19,4.55,21.57,42.16,5.28,34.05,50.27,26.92,46.15,26.42,41.51
2025-09-14,24,4,2025-09-14 19:02:00,5,ミッドナイトボートレースin大村 7,6,3641,一瀬 明,2,54,52.3,0,0,0.15,5.87,43.56,59.41,5.57,36.92,56.92,28.57,51.79,38.89,53.7
2025-09-14,24,5,2025-09-14 19:30:00,5,ミッドナイトボートレースin大村 7,1,4136,江夏 満,1,45,52.4,0,0,0.16,6.76,50.42,73.95,6.25,41.67,61.11,25,26.92,29.09,41.82
2025-09-14,24,5,2025-09-14 19:30:00,5,ミッドナイトボートレースin大村 7,2,4145,小澤 学,3,43,53.8,0,0,0.26,3.57,9.38,26.04,0,0,0,19.15,44.68,30.77,55.77
2025-09-14,24,5,2025-09-14 19:30:00,5,ミッドナイトボートレースin大村 7,3,5112,砂長 知輝,1,25,52,0,0,0.16,6.69,53.33,66.67,0,0,0,38.78,57.14,36.36,47.27
2025-09-14,24,5,2025-09-14 19:30:00,5,ミッドナイトボートレースin大村 7,4,4331,三好 勇人,3,42,53.9,0,0,0.16,5.96,35.4,61.06,6.15,50,57.69,12.77,19.15,38.46,53.85
2025-09-14,24,5,2025-09-14 19:30:00,5,ミッドナイトボートレースin大村 7,5,4683,向井田 直弥,3,34,45,0,0,0.12,4.59,25.76,45.45,3.76,14.29,33.33,44.9,61.22,32,52
2025-09-14,24,5,2025-09-14 19:30:00,5,ミッドナイトボートレースin大村 7,6,3662,大庭 元明,2,55,54.6,0,0,0.16,5.03,35.34,48.28,5,26.67,46.67,50,70.69,28,42
2025-09-14,24,6,2025-09-14 19:58:00,5,ミッドナイトボートレースin大村 7,1,3509,池 千夏,3,53,51,0,0,0.15,4.1,17.65,36.76,4,22.22,33.33,32.65,46.94,39.53,55.81
2025-09-14,24,6,2025-09-14 19:58:00,5,ミッドナイトボートレースin大村 7,2,4987,島倉 都,3,28,49.3,0,0,0.19,3.97,13.11,32.79,3.58,19.23,19.23,35.56,42.22,26,38
2025-09-14,24,6,2025-09-14 19:58:00,5,ミッドナイトボートレースin大村 7,3,4744,伊藤 玲奈,3,32,47.4,0,0,0.21,4.82,22.37,46.05,4.19,19.15,38.3,40,50,32.08,45.28
2025-09-14,24,6,2025-09-14 19:58:00,5,ミッドナイトボートレースin大村 7,4,5277,井上 未都,3,23,46.5,1,0,0.17,4.97,29.35,46.74,3.14,7.14,17.86,48.94,57.45,32.73,43.64
2025-09-14,24,6,2025-09-14 19:58:00,5,ミッドナイトボートレースin大村 7,5,4819,蜂須 瑞生,3,34,47,0,0,0.16,5.58,36.36,58.44,0,0,0,14,28,46.94,69.39
2025-09-14,24,6,2025-09-14 19:58:00,5,ミッドナイトボートレースin大村 7,6,4823,中村 桃佳,3,32,45.5,0,0,0.15,6.28,41.18,66.18,6,33.33,33.33,44.83,65.52,38.3,76.6
2025-09-14,24,7,2025-09-14 20:26:00,5,ミッドナイトボートレースin大村 7,1,4105,松下 直也,2,45,52.7,0,0,0.18,5.35,32.31,53.85,5.53,34.38,65.63,34.69,46.94,43.48,58.7
2025-09-14,24,7,2025-09-14 20:26:00,5,ミッドナイトボートレースin大村 7,2,4406,幸野 史明,3,40,51,0,0,0.16,4.16,20.95,38.1,4.33,20,37.5,28.85,53.85,38.46,51.92
2025-09-14,24,7,2025-09-14 20:26:00,5,ミッドナイトボートレースin大村 7,3,4706,三浦 洋次朗,2,36,50.5,0,0,0.17,5.21,29.81,50.96,5.2,34.55,43.64,58,66,27.66,40.43
2025-09-14,24,7,2025-09-14 20:26:00,5,ミッドナイトボートレースin大村 7,4,4674,池田 剛規,2,38,52,0,0,0.16,5.49,38.3,55.32,5.29,35.48,51.61,52,76,37.21,48.84
2025-09-14,24,7,2025-09-14 20:26:00,5,ミッドナイトボートレースin大村 7,5,4097,貫地谷 直人,3,43,56.2,0,0,0.21,4.06,16.85,33.71,3.38,25,25,20,34,38.89,55.56
2025-09-14,24,7,2025-09-14 20:26:00,5,ミッドナイトボートレースin大村 7,6,5344,谷口 丞,3,22,53.6,1,0,0.16,2.55,7.14,15.48,0,0,0,34.62,55.77,21.43,47.62
2025-09-14,24,8,2025-09-14 20:57:00,5,ミッドナイトボートレースin大村 7,1,4552,杉山 勝匡,2,36,52,0,0,0.15,4.98,33.02,49.06,4.88,34.33,44.78,12.5,41.07,32,42
2025-09-14,24,8,2025-09-14 20:57:00,5,ミッドナイトボートレースin大村 7,2,4947,間庭 菜摘,3,33,48,0,0,0.19,5.02,24.47,52.13,4.58,23.08,38.46,18.37,32.65,22.73,45.45
2025-09-14,24,8,2025-09-14 20:57:00,5,ミッドナイトボートレースin大村 7,3,5123,福山 恵里奈,3,29,48.5,0,0,0.17,4,21.18,36.47,3.56,11.11,33.33,27.27,41.82,32.69,40.38
2025-09-14,24,8,2025-09-14 20:57:00,5,ミッドナイトボートレースin大村 7,4,3837,秋山 広一,2,50,52.2,1,0,0.15,6.08,42.24,63.79,5.95,43.59,53.85,32.2,52.54,30.19,56.6
2025-09-14,24,8,2025-09-14 20:57:00,5,ミッドナイトボートレースin大村 7,5,5152,丸山 祐也,3,30,51,0,0,0.25,3.64,15.28,22.22,3.96,14.81,25.93,34.69,46.94,38.3,63.83
2025-09-14,24,8,2025-09-14 20:57:00,5,ミッドナイトボートレースin大村 7,6,4140,梶野 学志,1,44,53.1,0,0,0.16,6.16,43.14,65.69,5.82,40.91,59.09,29.63,55.56,35.42,62.5
2025-09-14,24,9,2025-09-14 21:23:00,5,ミッドナイトボートレースin大村 7,1,5002,上田 健太,1,29,52,1,0,0.15,6.13,46.22,63.87,5.86,38.1,61.9,29.51,50.82,28.57,51.02
2025-09-14,24,9,2025-09-14 21:23:00,5,ミッドナイトボートレースin大村 7,2,4691,水原 慎,3,42,50.5,0,0,0.17,4.71,22.32,46.43,4.47,23.53,35.29,20.41,32.65,48,64
2025-09-14,24,9,2025-09-14 21:23:00,5,ミッドナイトボートレースin大村 7,3,4403,木下 大將,3,40,52.1,0,0,0.15,5.71,39.39,59.6,4.88,40.63,46.88,47.92,68.75,39.58,43.75
2025-09-14,24,9,2025-09-14 21:23:00,5,ミッドナイトボートレースin大村 7,4,4163,山崎 裕司,2,43,52,0,0,0.18,5.6,39.69,56.49,6.56,50,75,31.25,43.75,18.37,36.73
2025-09-14,24,9,2025-09-14 21:23:00,5,ミッドナイトボートレースin大村 7,5,3989,熊本 英一,3,47,57.3,0,0,0.21,3.9,15.56,30,4.44,26.83,43.9,31.25,43.75,32.65,51.02
2025-09-14,24,9,2025-09-14 21:23:00,5,ミッドナイトボートレースin大村 7,6,3746,岡瀬 正人,2,50,52.2,0,0,0.17,5.82,41.67,58.33,5.91,32.35,61.76,36.21,48.28,15.22,26.09
2025-09-14,24,10,2025-09-14 21:49:00,5,ミッドナイトボートレースin大村 7,1,5112,砂長 知輝,1,25,52,0,0,0.16,6.69,53.33,66.67,0,0,0,38.78,57.14,36.36,47.27
2025-09-14,24,10,2025-09-14 21:49:00,5,ミッドナイトボートレースin大村 7,2,5278,田中 駿兵,2,23,52.3,0,0,0.17,6.41,50,67.44,3.43,14.29,21.43,18.97,41.38,27.27,54.55
2025-09-14,24,10,2025-09-14 21:49:00,5,ミッドナイトボートレースin大村 7,3,5256,中山 翔太,2,21,52,0,0,0.16,6.15,42.64,66.67,0,0,0,31.37,45.1,41.67,56.25
2025-09-14,24,10,2025-09-14 21:49:00,5,ミッドナイトボートレースin大村 7,4,3641,一瀬 明,2,54,52.3,0,0,0.15,5.87,43.56,59.41,5.57,36.92,56.92,28.57,51.79,38.89,53.7
2025-09-14,24,10,2025-09-14 21:49:00,5,ミッドナイトボートレースin大村 7,5,5075,中島 秀治,2,29,52.5,0,0,0.17,6.05,39.86,61.59,6.38,42.86,66.67,58,74,19.05,30.95
2025-09-14,24,10,2025-09-14 21:49:00,5,ミッドナイトボートレースin大村 7,6,5016,宮田 龍馬,1,27,52,0,0,0.14,6.5,43.69,68.93,0,0,0,17.24,29.31,46.94,51.02
2025-09-14,24,11,2025-09-14 22:15:00,5,ミッドナイトボートレースin大村 7,1,5142,常住 蓮,1,24,51.5,0,0,0.13,7.41,60.69,77.93,5.97,43.75,62.5,31.03,55.17,25.45,40
2025-09-14,24,11,2025-09-14 22:15:00,5,ミッドナイトボートレースin大村 7,2,3777,樋口 亮,2,50,52,1,0,0.19,5.85,37.62,57.43,6.47,47.95,65.07,20.83,33.33,19.61,41.18
2025-09-14,24,11,2025-09-14 22:15:00,5,ミッドナイトボートレースin大村 7,3,4505,島田 賢人,1,37,54,0,0,0.16,5.88,40.5,62.81,6.12,41.18,52.94,28.85,50,38.78,48.98
2025-09-14,24,11,2025-09-14 22:15:00,5,ミッドナイトボートレースin大村 7,4,4136,江夏 満,1,45,52.4,0,0,0.16,6.76,50.42,73.95,6.25,41.67,61.11,25,26.92,29.09,41.82
2025-09-14,24,11,2025-09-14 22:15:00,5,ミッドナイトボートレースin大村 7,5,4823,中村 桃佳,3,32,45.5,0,0,0.15,6.28,41.18,66.18,6,33.33,33.33,44.83,65.52,38.3,76.6
2025-09-14,24,11,2025-09-14 22:15:00,5,ミッドナイトボートレースin大村 7,6,5015,高橋 竜矢,1,27,52,0,0,0.14,6.57,51.16,68.22,6.18,42.42,57.58,40.38,59.62,36.73,44.9
2025-09-14,24,12,2025-09-14 22:41:00,5,ミッドナイトボートレースin大村 7,1,3773,津留 浩一郎,3,51,55.6,0,0,0.16,5.04,32.98,47.87,4.99,34.58,46.73,20.41,38.78,35.85,54.72
2025-09-14,24,12,2025-09-14 22:41:00,5,ミッドナイトボートレースin大村 7,2,4744,伊藤 玲奈,3,32,47.4,0,0,0.21,4.82,22.37,46.05,4.19,19.15,38.3,40,50,32.08,45.28
2025-09-14,24,12,2025-09-14 22:41:00,5,ミッドナイトボートレースin大村 7,3,5086,本村 大,3,26,52.2,0,0,0.19,4.55,21.57,42.16,5.28,34.05,50.27,26.92,46.15,26.42,41.51
2025-09-14,24,12,2025-09-14 22:41:00,5,ミッドナイトボートレースin大村 7,4,3509,池 千夏,3,53,51,0,0,0.15,4.1,17.65,36.76,4,22.22,33.33,32.65,46.94,39.53,55.81
2025-09-14,24,12,2025-09-14 22:41:00,5,ミッドナイトボートレースin大村 7,5,5344,谷口 丞,3,22,53.6,1,0,0.16,2.55,7.14,15.48,0,0,0,34.62,55.77,21.05,42.11
2025-09-14,24,12,2025-09-14 22:41:00,5,ミッドナイトボートレースin大村 7,6,3787,天野 誠,3,54,53.6,0,0,0.19,3.84,16.46,31.65,3.18,9.09,22.73,38,60,37.5,52.08
