race_date,stadium_number,race_number,race_closed_at,race_grade_number,race_title,boat_number,racer_number,racer_name,racer_class_number,racer_age,racer_weight,racer_flying_count,racer_late_count,racer_average_start_timing,racer_national_top_1_percent,racer_national_top_2_percent,racer_national_top_3_percent,racer_local_top_1_percent,racer_local_top_2_percent,racer_local_top_3_percent,racer_assigned_motor_top_2_percent,racer_assigned_motor_top_3_percent,racer_assigned_boat_top_2_percent,racer_assigned_boat_top_3_percent
2025-06-18,1,1,2025-06-18 15:17:00,5,第22回新東通信杯 BTS福島開場14周年記念,1,3827,今泉 徹,3,51,52,0,0,0.17,3.7,11.46,28.13,4.46,19.15,42.55,47.62,58.33,36.11,54.63
2025-06-18,1,1,2025-06-18 15:17:00,5,第22回新東通信杯 BTS福島開場14周年記念,2,4360,庄司 孝輔,3,40,52.2,0,0,0.19,4.84,33.33,41.27,3.28,11.11,22.22,27.96,48.39,30.7,46.49
2025-06-18,1,1,2025-06-18 15:17:00,5,第22回新東通信杯 BTS福島開場14周年記念,3,5082,一色 凌雅,3,26,56.6,0,0,0.21,5.26,36.84,56.84,4.37,21.05,31.58,25.3,44.58,19.61,37.25
2025-06-18,1,1,2025-06-18 15:17:00,5,第22回新東通信杯 BTS福島開場14周年記念,4,4740,齋藤 達希,3,33,52.2,0,0,0.18,4,18.63,35.29,4.5,23.68,47.37,22.86,41.43,34.82,53.57
2025-06-18,1,1,2025-06-18 15:17:00,5,第22回新東通信杯 BTS福島開場14周年記念,5,5415,阿部 未侑,4,19,52.6,0,0,,1.06,0,0,0,0,0,22.58,40.32,17.82,27.72
2025-06-18,1,1,2025-06-18 15:17:00,5,第22回新東通信杯 BTS福島開場14周年記念,6,4225,土屋 千明,1,42,47,0,0,0.16,6.65,45.35,73.26,6.64,47.22,75,33.6,50.4,28.07,44.74
2025-06-18,1,2,2025-06-18 15:41:00,5,第22回新東通信杯 BTS福島開場14周年記念,1,5182,宮崎 安奈,3,27,47.4,0,0,0.16,5.26,29.59,52.04,2.61,11.11,11.11,28.57,45.24,39.29,58.93
2025-06-18,1,2,2025-06-18 15:41:00,5,第22回新東通信杯 BTS福島開場14周年記念,2,4120,柘植 政浩,2,43,51.5,0,0,0.15,5.45,32,56,6,50,58.33,23.6,35.96,25,35.23
2025-06-18,1,2,2025-06-18 15:41:00,5,第22回新東通信杯 BTS福島開場14周年記念,3,5167,小川 竜太朗,3,25,52,1,0,0.17,4.51,25.3,39.76,0,0,0,29,46,35.48,51.61
2025-06-18,1,2,2025-06-18 15:41:00,5,第22回新東通信杯 BTS福島開場14周年記念,4,5333,山下 智己,3,21,52,0,0,0.19,2.98,11.36,20.45,0,0,0,31.82,51.14,27.45,45.1
2025-06-18,1,2,2025-06-18 15:41:00,5,第22回新東通信杯 BTS福島開場14周年記念,5,4594,谷川 祐一,1,43,52,0,0,0.14,5.92,42.11,59.65,5.63,37.04,48.15,43.12,55.96,34.91,54.72
2025-06-18,1,2,2025-06-18 15:41:00,5,第22回新東通信杯 BTS福島開場14周年記念,6,4874,池田 奈津美,3,31,50.6,0,0,0.15,4.91,32.89,48.68,0,0,0,33.33,55.56,38.05,54.87
2025-06-18,1,3,2025-06-18 16:06:00,5,第22回新東通信杯 BTS福島開場14周年記念,1,5131,江藤 敦宏,3,26,52,0,0,0.18,3.71,9.23,26.15,0,0,0,47.37,68.42,21.3,39.81
2025-06-18,1,3,2025-06-18 16:06:00,5,第22回新東通信杯 BTS福島開場14周年記念,2,4654,篠田 優也,1,39,52.6,1,0,0.12,6.4,43.18,68.18,6.61,50,72.22,25,47.5,33.33,51.35
2025-06-18,1,3,2025-06-18 16:06:00,5,第22回新東通信杯 BTS福島開場14周年記念,3,3579,中里 優子,3,52,48,0,0,0.17,5.1,32.14,48.81,5.05,33.33,53.85,33.63,49.56,30.77,42.86
2025-06-18,1,3,2025-06-18 16:06:00,5,第22回新東通信杯 BTS福島開場14周年記念,4,4136,江夏 満,1,44,52.2,0,0,0.14,6.63,46.39,72.16,7.25,67.5,75,39.13,56.52,26.6,44.68
2025-06-18,1,3,2025-06-18 16:06:00,5,第22回新東通信杯 BTS福島開場14周年記念,5,3947,寺本 昇平,3,49,50,0,0,0.17,4.71,21.5,44.86,4.98,28.7,46.96,23.08,42.31,39.13,59.13
2025-06-18,1,3,2025-06-18 16:06:00,5,第22回新東通信杯 BTS福島開場14周年記念,6,5035,櫻井 優,3,27,52,0,0,0.17,5.25,34.83,55.06,4.6,40,40,42.11,60,35.45,57.27
2025-06-18,1,4,2025-06-18 16:29:00,5,第22回新東通信杯 BTS福島開場14周年記念,1,4694,高田 綾,4,40,45.5,0,0,0.2,4.33,22.95,39.34,0,0,0,28.07,41.23,23.3,48.54
2025-06-18,1,4,2025-06-18 16:29:00,5,第22回新東通信杯 BTS福島開場14周年記念,2,3550,都築 正治,3,53,54.4,0,0,0.15,4.9,31.71,43.9,5.42,42.11,47.37,31.07,46.6,20.59,36.27
2025-06-18,1,4,2025-06-18 16:29:00,5,第22回新東通信杯 BTS福島開場14周年記念,3,4218,吉川 喜継,1,43,52,0,0,0.15,6.19,42.64,65.89,5.53,33.33,53.33,30.43,43.48,39.09,52.73
2025-06-18,1,4,2025-06-18 16:29:00,5,第22回新東通信杯 BTS福島開場14周年記念,4,4420,津久井 拓也,2,37,52,0,0,0.16,5.64,39.84,59.35,5.84,43.66,58.45,19.7,43.94,33.33,44.76
2025-06-18,1,4,2025-06-18 16:29:00,5,第22回新東通信杯 BTS福島開場14周年記念,5,4520,高倉 孝太,3,38,51,0,0,0.15,5.27,30.43,52.17,0,0,0,39.6,57.43,25.71,38.1
2025-06-18,1,4,2025-06-18 16:29:00,5,第22回新東通信杯 BTS福島開場14周年記念,6,4908,上田 龍星,1,29,52,0,0,0.13,6.71,50,64.91,7.65,69.23,80.77,33.33,50,30.7,47.37
2025-06-18,1,5,2025-06-18 17:01:00,5,第22回新東通信杯 BTS福島開場14周年記念,1,4740,齋藤 達希,3,33,52.2,0,0,0.18,4,18.63,35.29,4.5,23.68,47.37,22.86,41.43,34.82,53.57
2025-06-18,1,5,2025-06-18 17:01:00,5,第22回新東通信杯 BTS福島開場14周年記念,2,4391,松田 祐季,1,39,52,0,0,0.15,7.03,52.63,69.3,4.5,25,25,30.28,46.79,27.93,45.95
2025-06-18,1,5,2025-06-18 17:01:00,5,第22回新東通信杯 BTS福島開場14周年記念,3,4240,今井 裕梨,2,41,44.5,0,0,0.17,6.3,49.06,65.09,6.13,46.43,57.14,38.78,56.12,37.61,55.96
2025-06-18,1,5,2025-06-18 17:01:00,5,第22回新東通信杯 BTS福島開場14周年記念,4,4700,金子 和之,1,38,52,0,0,0.14,6.38,45.08,68.03,6.37,42.11,68.42,15.28,33.33,32.46,43.86
2025-06-18,1,5,2025-06-18 17:01:00,5,第22回新東通信杯 BTS福島開場14周年記念,5,4201,佐竹 友樹,3,42,52,0,0,0.16,4.89,30.84,46.73,5.24,30.43,47.83,38.14,54.24,28.7,41.67
2025-06-18,1,5,2025-06-18 17:01:00,5,第22回新東通信杯 BTS福島開場14周年記念,6,5071,野見山 拓己,3,30,52.6,0,0,0.17,4.72,24.42,40.7,5.7,40,60,34.21,54.39,33.93,50
2025-06-18,1,6,2025-06-18 17:28:00,5,第22回新東通信杯 BTS福島開場14周年記念,1,5051,松本 純平,1,30,52,0,0,0.16,6.87,49.09,70.91,6.29,40,68.89,33.68,48.42,28.83,45.05
2025-06-18,1,6,2025-06-18 17:28:00,5,第22回新東通信杯 BTS福島開場14周年記念,2,4680,後藤 美翼,3,35,47,0,0,0.2,4.94,29.03,46.77,5.45,36.36,54.55,11.29,17.74,35.78,47.71
2025-06-18,1,6,2025-06-18 17:28:00,5,第22回新東通信杯 BTS福島開場14周年記念,3,4550,石岡 将太,3,36,55.3,0,0,0.16,5.58,36.73,53.06,4.42,23.53,41.18,30.56,47.22,32.46,56.14
2025-06-18,1,6,2025-06-18 17:28:00,5,第22回新東通信杯 BTS福島開場14周年記念,4,3957,大谷 直弘,3,47,52.6,0,0,0.19,4.86,28.75,45,5.13,24.44,46.67,29.03,46.24,37.39,60.87
2025-06-18,1,6,2025-06-18 17:28:00,5,第22回新東通信杯 BTS福島開場14周年記念,5,5333,山下 智己,3,21,52,0,0,0.19,2.98,11.36,20.45,0,0,0,31.82,51.14,27.45,45.1
2025-06-18,1,6,2025-06-18 17:28:00,5,第22回新東通信杯 BTS福島開場14周年記念,6,5415,阿部 未侑,4,19,52.6,0,0,,1.06,0,0,0,0,0,22.58,40.32,17.82,27.72
2025-06-18,1,7,2025-06-18 17:55:00,5,第22回新東通信杯 BTS福島開場14周年記念,1,4381,田路 朋史,2,40,52,0,0,0.16,6.23,43.12,63.3,6.86,52.38,76.19,28.09,39.33,37.86,53.4
2025-06-18,1,7,2025-06-18 17:55:00,5,第22回新東通信杯 BTS福島開場14周年記念,2,4407,鹿島 敏弘,3,39,53.4,0,0,0.17,5.02,29.51,50.82,5.38,31.88,55.8,38.95,53.68,33.33,49.12
2025-06-18,1,7,2025-06-18 17:55:00,5,第22回新東通信杯 BTS福島開場14周年記念,3,4225,土屋 千明,1,42,46.5,0,0,0.16,6.65,45.35,73.26,6.64,47.22,75,33.6,50.4,28.07,44.74
2025-06-18,1,7,2025-06-18 17:55:00,5,第22回新東通信杯 BTS福島開場14周年記念,4,5131,江藤 敦宏,3,26,51.5,0,0,0.18,3.71,9.23,26.15,0,0,0,47.37,68.42,21.3,39.81
2025-06-18,1,7,2025-06-18 17:55:00,5,第22回新東通信杯 BTS福島開場14周年記念,5,4905,土井 祥伍,3,30,53.6,0,0,0.16,4.83,29.41,44.12,4.69,31.25,31.25,17.39,30.43,37.84,57.66
2025-06-18,1,7,2025-06-18 17:55:00,5,第22回新東通信杯 BTS福島開場14周年記念,6,5098,大江 純,3,29,52.7,0,0,0.15,5,28.24,44.71,3.38,25,25,31.25,50,31.73,41.35
2025-06-18,1,8,2025-06-18 18:23:00,5,第22回新東通信杯 BTS福島開場14周年記念,1,4124,池田 雄一,2,43,52.3,0,0,0.15,6.57,51.56,65.63,5.25,36.11,44.44,29,44,42.98,59.65
2025-06-18,1,8,2025-06-18 18:23:00,5,第22回新東通信杯 BTS福島開場14周年記念,2,5258,仲本 舜,3,19,52,0,0,0.2,3.71,16.85,29.21,0,0,0,24.18,40.66,32.47,48.05
2025-06-18,1,8,2025-06-18 18:23:00,5,第22回新東通信杯 BTS福島開場14周年記念,3,3827,今泉 徹,3,51,52,0,0,0.17,3.7,11.46,28.13,4.46,19.15,42.55,47.62,58.33,36.11,54.63
2025-06-18,1,8,2025-06-18 18:23:00,5,第22回新東通信杯 BTS福島開場14周年記念,4,5182,宮崎 安奈,3,27,47.4,0,0,0.16,5.26,29.59,52.04,2.61,11.11,11.11,28.57,45.24,39.29,58.93
2025-06-18,1,8,2025-06-18 18:23:00,5,第22回新東通信杯 BTS福島開場14周年記念,5,5141,大澤 風葵,1,24,51,0,0,0.12,6.29,50,66.13,6.08,47.86,59.29,24.32,41.89,43.24,58.56
2025-06-18,1,8,2025-06-18 18:23:00,5,第22回新東通信杯 BTS福島開場14周年記念,6,3550,都築 正治,3,53,54.4,0,0,0.15,4.9,31.71,43.9,5.42,42.11,47.37,31.07,46.6,20.59,36.27
2025-06-18,1,9,2025-06-18 18:54:00,5,第22回新東通信杯 BTS福島開場14周年記念,1,4201,佐竹 友樹,3,42,52,0,0,0.16,4.89,30.84,46.73,5.24,30.43,47.83,38.14,54.24,28.7,41.67
2025-06-18,1,9,2025-06-18 18:54:00,5,第22回新東通信杯 BTS福島開場14周年記念,2,4874,池田 奈津美,3,31,50.6,0,0,0.15,4.91,32.89,48.68,0,0,0,33.33,55.56,38.05,54.87
2025-06-18,1,9,2025-06-18 18:54:00,5,第22回新東通信杯 BTS福島開場14周年記念,3,4420,津久井 拓也,2,37,52,0,0,0.16,5.64,39.84,59.35,5.84,43.66,58.45,19.7,43.94,33.33,44.76
2025-06-18,1,9,2025-06-18 18:54:00,5,第22回新東通信杯 BTS福島開場14周年記念,4,4659,木下 翔太,1,34,53.3,0,0,0.14,6.69,41.98,67.18,6.54,60.71,64.29,24.39,43.9,27.19,45.61
2025-06-18,1,9,2025-06-18 18:54:00,5,第22回新東通信杯 BTS福島開場14周年記念,5,4360,庄司 孝輔,3,40,52.2,0,0,0.19,4.84,33.33,41.27,3.28,11.11,22.22,27.96,48.39,30.7,46.49
2025-06-18,1,9,2025-06-18 18:54:00,5,第22回新東通信杯 BTS福島開場14周年記念,6,4654,篠田 優也,1,39,52.6,1,0,0.12,6.4,43.18,68.18,6.61,50,72.22,25,47.5,33.33,51.35
2025-06-18,1,10,2025-06-18 19:25:00,5,第22回新東通信杯 BTS福島開場14周年記念,1,4218,吉川 喜継,1,43,52,0,0,0.15,6.19,42.64,65.89,5.53,33.33,53.33,30.43,43.48,39.09,52.73
2025-06-18,1,10,2025-06-18 19:25:00,5,第22回新東通信杯 BTS福島開場14周年記念,2,4240,今井 裕梨,2,41,44.5,0,0,0.17,6.3,49.06,65.09,6.13,46.43,57.14,38.78,56.12,37.61,55.96
2025-06-18,1,10,2025-06-18 19:25:00,5,第22回新東通信杯 BTS福島開場14周年記念,3,4114,深澤 達徳,2,44,51.5,1,0,0.17,5.73,34.58,60.75,5.17,30.43,54.35,31.13,38.68,41.59,59.29
2025-06-18,1,10,2025-06-18 19:25:00,5,第22回新東通信杯 BTS福島開場14周年記念,4,5082,一色 凌雅,3,26,56.6,0,0,0.21,5.26,36.84,56.84,4.37,21.05,31.58,25.3,44.58,19.61,37.25
2025-06-18,1,10,2025-06-18 19:25:00,5,第22回新東通信杯 BTS福島開場14周年記念,5,3957,大谷 直弘,3,47,52.6,0,0,0.19,4.86,28.75,45,5.13,24.44,46.67,29.03,46.24,37.39,60.87
2025-06-18,1,10,2025-06-18 19:25:00,5,第22回新東通信杯 BTS福島開場14周年記念,6,4544,松田 大志郎,1,37,52,0,0,0.15,7.12,53.51,71.05,7.08,55,70,33.33,56.57,34.55,51.82
2025-06-18,1,11,2025-06-18 19:58:00,5,第22回新東通信杯 BTS福島開場14周年記念,1,4136,江夏 満,1,44,52.2,0,0,0.14,6.63,46.39,72.16,7.25,67.5,75,39.13,56.52,26.6,44.68
2025-06-18,1,11,2025-06-18 19:58:00,5,第22回新東通信杯 BTS福島開場14周年記念,2,4549,小林 文彦,2,36,52,1,0,0.18,5.51,31,56,5.91,36.36,63.64,37.61,53.85,31.82,52.73
2025-06-18,1,11,2025-06-18 19:58:00,5,第22回新東通信杯 BTS福島開場14周年記念,3,4680,後藤 美翼,3,35,47,0,0,0.2,4.94,29.03,46.77,5.45,36.36,54.55,11.29,17.74,35.78,47.71
2025-06-18,1,11,2025-06-18 19:58:00,5,第22回新東通信杯 BTS福島開場14周年記念,4,4908,上田 龍星,1,29,52,0,0,0.13,6.71,50,64.91,7.65,69.23,80.77,33.33,50,30.7,47.37
2025-06-18,1,11,2025-06-18 19:58:00,5,第22回新東通信杯 BTS福島開場14周年記念,5,4973,栗原 直也,3,32,52,0,0,0.19,4.92,23.81,50,4.5,12.5,25,25.88,42.35,34.51,49.56
2025-06-18,1,11,2025-06-18 19:58:00,5,第22回新東通信杯 BTS福島開場14周年記念,6,4120,柘植 政浩,2,43,51.5,0,0,0.15,5.45,32,56,6,50,58.33,23.6,35.96,25,35.23
2025-06-18,1,12,2025-06-18 20:30:00,5,第22回新東通信杯 BTS福島開場14周年記念,1,5141,大澤 風葵,1,24,51,0,0,0.12,6.29,50,66.13,6.08,47.86,59.29,24.32,41.89,43.24,58.56
2025-06-18,1,12,2025-06-18 20:30:00,5,第22回新東通信杯 BTS福島開場14周年記念,2,4694,高田 綾,4,40,45.5,0,0,0.2,4.33,22.95,39.34,0,0,0,28.07,41.23,23.3,48.54
2025-06-18,1,12,2025-06-18 20:30:00,5,第22回新東通信杯 BTS福島開場14周年記念,3,4594,谷川 祐一,1,43,52,0,0,0.14,5.92,42.11,59.65,5.63,37.04,48.15,43.12,55.96,34.91,54.72
2025-06-18,1,12,2025-06-18 20:30:00,5,第22回新東通信杯 BTS福島開場14周年記念,4,4381,田路 朋史,2,40,52,0,0,0.16,6.23,43.12,63.3,6.86,52.38,76.19,28.09,39.33,37.86,53.4
2025-06-18,1,12,2025-06-18 20:30:00,5,第22回新東通信杯 BTS福島開場14周年記念,5,4700,金子 和之,1,38,52,0,0,0.14,6.38,45.08,68.03,6.37,42.11,68.42,15.28,33.33,32.46,43.86
2025-06-18,1,12,2025-06-18 20:30:00,5,第22回新東通信杯 BTS福島開場14周年記念,6,4725,佐竹 太一,3,38,52,1,0,0.19,4.97,25.64,47.01,4.33,16.67,50,35.48,63.44,18.81,38.61
2025-06-18,4,1,2025-06-18 11:53:00,5,第44回日本モーターボート選手会会長賞,1,3105,内山 文典,3,61,52.4,0,0,0.17,5.13,32.04,50.49,5.77,34.04,57.45,14.29,28.57,0,0
2025-06-18,4,1,2025-06-18 11:53:00,5,第44回日本モーターボート選手会会長賞,2,5321,一色 颯輝,3,23,54.5,0,0,0.18,4.7,29.03,43.01,3.89,26.32,42.11,0,0,25,50
2025-06-18,4,1,2025-06-18 11:53:00,5,第44回日本モーターボート選手会会長賞,3,4558,宮野 仁,3,35,52.9,1,0,0.2,4.29,18.45,36.89,0,0,0,33.33,33.33,0,0
2025-06-18,4,1,2025-06-18 11:53:00,5,第44回日本モーターボート選手会会長賞,4,4898,菊地 敬介,4,33,56.4,0,0,0.18,4.31,13.85,33.85,3.84,22.58,25.81,0,0,16.67,16.67
2025-06-18,4,1,2025-06-18 11:53:00,5,第44回日本モーターボート選手会会長賞,5,5341,山道 諄也,4,23,54.9,0,0,0.17,1.3,0,0,1.21,0,0,28.57,71.43,0,0
2025-06-18,4,1,2025-06-18 11:53:00,5,第44回日本モーターボート選手会会長賞,6,4851,関 浩哉,1,30,50.5,0,0,0.14,7.76,52.63,80,7.31,50,65.38,50,50,0,0
2025-06-18,4,2,2025-06-18 12:22:00,5,第44回日本モーターボート選手会会長賞,1,3415,松井 繁,1,55,51.5,0,0,0.13,7.01,45.31,67.19,7.71,42.86,71.43,0,0,0,0
2025-06-18,4,2,2025-06-18 12:22:00,5,第44回日本モーターボート選手会会長賞,2,5076,石原 光,3,29,53.6,0,0,0.2,4.88,25,39.77,3.23,0,23.08,0,0,0,0
2025-06-18,4,2,2025-06-18 12:22:00,5,第44回日本モーターボート選手会会長賞,3,5201,村上 宗太郎,3,22,52,1,0,0.16,4.8,32.56,44.19,5.13,34.04,46.81,16.67,16.67,20,40
2025-06-18,4,2,2025-06-18 12:22:00,5,第44回日本モーターボート選手会会長賞,4,5175,島崎 丈一朗,3,21,52.3,0,0,0.2,3.34,10.81,24.32,4.28,21.74,36.96,0,0,16.67,50
2025-06-18,4,2,2025-06-18 12:22:00,5,第44回日本モーターボート選手会会長賞,5,3642,大塚 浩二,3,53,52,0,0,0.17,4.08,20.24,33.33,4.14,19.05,33.33,0,0,28.57,28.57
2025-06-18,4,2,2025-06-18 12:22:00,5,第44回日本モーターボート選手会会長賞,6,3901,松田 憲幸,3,48,52,0,0,0.2,4.26,22.09,34.88,0,0,0,0,0,0,0
2025-06-18,4,3,2025-06-18 12:52:00,5,第44回日本モーターボート選手会会長賞,1,5044,渡邉 健,3,26,56.4,0,0,0.19,5.58,39.56,54.95,4.66,31.43,37.14,0,0,0,0
2025-06-18,4,3,2025-06-18 12:52:00,5,第44回日本モーターボート選手会会長賞,2,4238,毒島 誠,1,41,52,1,0,0.12,7.88,54.84,74.19,8.35,64.71,64.71,0,0,28.57,71.43
2025-06-18,4,3,2025-06-18 12:52:00,5,第44回日本モーターボート選手会会長賞,3,4382,高山 智至,3,40,54.9,0,0,0.15,4.42,16.88,41.56,0,0,0,0,0,50,83.33
2025-06-18,4,3,2025-06-18 12:52:00,5,第44回日本モーターボート選手会会長賞,4,4152,深水 慎一郎,2,45,52,0,0,0.17,5.32,35.11,52.13,5.39,29.58,50.7,0,0,0,0
2025-06-18,4,3,2025-06-18 12:52:00,5,第44回日本モーターボート選手会会長賞,5,4524,深谷 知博,1,37,52,0,0,0.11,7.02,46.85,63.96,6.5,29.17,50,16.67,50,0,0
2025-06-18,4,3,2025-06-18 12:52:00,5,第44回日本モーターボート選手会会長賞,6,4840,鈴木 秀茉,3,33,52,0,0,0.18,4.82,32.08,46.23,4.68,29.27,43.9,0,0,57.14,71.43
2025-06-18,4,4,2025-06-18 13:22:00,5,第44回日本モーターボート選手会会長賞,1,3790,佐口 達也,3,52,52.7,0,0,0.15,4.04,25.49,31.37,4.65,30,45,0,0,0,0
2025-06-18,4,4,2025-06-18 13:22:00,5,第44回日本モーターボート選手会会長賞,2,3783,瓜生 正義,1,49,52,0,0,0.12,6.91,48.35,61.54,7,55.56,55.56,0,0,28.57,57.14
2025-06-18,4,4,2025-06-18 13:22:00,5,第44回日本モーターボート選手会会長賞,3,5244,黒田 剛,3,24,52,0,0,0.16,3.72,17.95,28.21,0,0,0,0,0,28.57,42.86
2025-06-18,4,4,2025-06-18 13:22:00,5,第44回日本モーターボート選手会会長賞,4,3075,中村 裕将,3,62,53.9,0,0,0.15,4.76,21.28,43.62,4.89,33.33,33.33,0,0,42.86,57.14
2025-06-18,4,4,2025-06-18 13:22:00,5,第44回日本モーターボート選手会会長賞,5,3956,横澤 剛治,1,47,55.2,0,0,0.15,6.38,43.16,63.16,0,0,0,28.57,28.57,0,0
2025-06-18,4,4,2025-06-18 13:22:00,5,第44回日本モーターボート選手会会長賞,6,4435,服部 達哉,2,39,55.5,0,0,0.16,5.11,28.7,50.93,5.19,25.93,51.85,0,0,50,87.5
2025-06-18,4,5,2025-06-18 13:53:00,5,第44回日本モーターボート選手会会長賞,1,4684,楠原 翔太,3,34,52.6,0,0,0.15,5.24,35.63,48.28,4.04,19.23,30.77,0,33.33,14.29,42.86
2025-06-18,4,5,2025-06-18 13:53:00,5,第44回日本モーターボート選手会会長賞,2,5269,山口 晃朋,3,24,52.1,0,0,0.16,5.14,28.93,48.76,4,21.43,35.71,33.33,33.33,0,0
2025-06-18,4,5,2025-06-18 13:53:00,5,第44回日本モーターボート選手会会長賞,3,4438,森作 雄大,2,38,52.2,1,0,0.13,5.6,40.63,56.25,5.4,38.57,51.43,14.29,28.57,0,0
2025-06-18,4,5,2025-06-18 13:53:00,5,第44回日本モーターボート選手会会長賞,4,4266,長田 頼宗,1,39,52,0,0,0.14,6.47,44.92,60.17,6.86,54.08,66.33,0,0,0,0
2025-06-18,4,5,2025-06-18 13:53:00,5,第44回日本モーターボート選手会会長賞,5,4262,馬場 貴也,1,41,52.6,0,0,0.12,7.05,44.76,59.05,7.11,38.89,50,14.29,42.86,42.86,71.43
2025-06-18,4,5,2025-06-18 13:53:00,5,第44回日本モーターボート選手会会長賞,6,5394,福西 広太郎,4,23,52,0,0,,1.33,0,0,0,0,0,0,0,0,0
2025-06-18,4,6,2025-06-18 14:24:00,5,第44回日本モーターボート選手会会長賞,1,4396,大田 直弥,3,38,52,0,0,0.19,5.13,28.83,47.75,5.91,45.45,63.64,0,0,0,0
2025-06-18,4,6,2025-06-18 14:24:00,5,第44回日本モーターボート選手会会長賞,2,3686,鳥居塚 孝博,2,50,51,0,0,0.13,5.76,36.36,60,6.45,45.45,72.73,28.57,42.86,50,66.67
2025-06-18,4,6,2025-06-18 14:24:00,5,第44回日本モーターボート選手会会長賞,3,4851,関 浩哉,1,30,50.5,0,0,0.14,7.76,52.63,80,7.31,50,65.38,50,50,0,0
2025-06-18,4,6,2025-06-18 14:24:00,5,第44回日本モーターボート選手会会長賞,4,5073,上原 健次郎,3,29,52,0,0,0.16,5.5,31.52,57.61,5.1,30,55,0,0,0,50
2025-06-18,4,6,2025-06-18 14:24:00,5,第44回日本モーターボート選手会会長賞,5,5175,島崎 丈一朗,3,21,52.3,0,0,0.2,3.34,10.81,24.32,4.28,21.74,36.96,0,0,16.67,50
2025-06-18,4,6,2025-06-18 14:24:00,5,第44回日本モーターボート選手会会長賞,6,3942,寺田 祥,1,46,53.6,0,0,0.15,6.22,32.95,53.41,5.11,11.11,44.44,28.57,42.86,0,0
2025-06-18,4,7,2025-06-18 14:56:00,5,第44回日本モーターボート選手会会長賞,1,4669,井上 茂,3,40,52.6,0,0,0.18,4.77,23.26,43.02,0,0,0,0,0,50,50
2025-06-18,4,7,2025-06-18 14:56:00,5,第44回日本モーターボート選手会会長賞,2,4467,渡邉 俊介,3,38,50.5,0,0,0.13,5.66,36.04,59.46,5.14,28.57,57.14,0,0,0,0
2025-06-18,4,7,2025-06-18 14:56:00,5,第44回日本モーターボート選手会会長賞,3,3415,松井 繁,1,55,51.5,0,0,0.13,7.01,45.31,67.19,7.71,42.86,71.43,0,0,0,0
2025-06-18,4,7,2025-06-18 14:56:00,5,第44回日本モーターボート選手会会長賞,4,4666,日笠 勝弘,3,41,51.5,0,0,0.15,4.13,20.54,33.04,3.22,11.11,11.11,42.86,57.14,100,100
2025-06-18,4,7,2025-06-18 14:56:00,5,第44回日本モーターボート選手会会長賞,5,4362,土屋 智則,1,40,52.7,0,0,0.13,7.46,50,69.84,8.68,63.16,89.47,0,0,0,0
2025-06-18,4,7,2025-06-18 14:56:00,5,第44回日本モーターボート選手会会長賞,6,4558,宮野 仁,3,35,52.9,1,0,0.2,4.29,18.45,36.89,0,0,0,33.33,33.33,0,0
2025-06-18,4,8,2025-06-18 15:29:00,5,第44回日本モーターボート選手会会長賞,1,4152,深水 慎一郎,2,45,52,0,0,0.17,5.32,35.11,52.13,5.39,29.58,50.7,0,0,0,0
2025-06-18,4,8,2025-06-18 15:29:00,5,第44回日本モーターボート選手会会長賞,2,5244,黒田 剛,3,24,52,0,0,0.16,3.72,17.95,28.21,0,0,0,0,0,28.57,42.86
2025-06-18,4,8,2025-06-18 15:29:00,5,第44回日本モーターボート選手会会長賞,3,3642,大塚 浩二,3,53,52,0,0,0.17,4.08,20.24,33.33,4.14,19.05,33.33,0,0,28.57,28.57
2025-06-18,4,8,2025-06-18 15:29:00,5,第44回日本モーターボート選手会会長賞,4,4418,茅原 悠紀,1,37,52.5,0,0,0.12,8.71,66.67,86.99,8.94,62.5,81.25,14.29,42.86,28.57,57.14
2025-06-18,4,8,2025-06-18 15:29:00,5,第44回日本モーターボート選手会会長賞,5,4329,小松 卓司,3,41,51.5,0,0,0.16,3.71,13.33,31.11,5.32,28.95,57.89,0,0,0,0
2025-06-18,4,8,2025-06-18 15:29:00,5,第44回日本モーターボート選手会会長賞,6,5341,山道 諄也,4,23,54.9,0,0,0.17,1.3,0,0,1.21,0,0,28.57,71.43,0,0
2025-06-18,4,9,2025-06-18 16:03:00,5,第44回日本モーターボート選手会会長賞,1,5089,前田 翔,2,25,52,0,0,0.15,6.37,43.42,65.79,6,36.36,72.73,28.57,71.43,0,0
2025-06-18,4,9,2025-06-18 16:03:00,5,第44回日本モーターボート選手会会長賞,2,3956,横澤 剛治,1,47,55.2,0,0,0.15,6.38,43.16,63.16,0,0,0,28.57,28.57,0,0
2025-06-18,4,9,2025-06-18 16:03:00,5,第44回日本モーターボート選手会会長賞,3,4898,菊地 敬介,4,33,56.4,0,0,0.18,4.31,13.85,33.85,3.84,22.58,25.81,0,0,16.67,16.67
2025-06-18,4,9,2025-06-18 16:03:00,5,第44回日本モーターボート選手会会長賞,4,3901,松田 憲幸,3,48,52,0,0,0.2,4.26,22.09,34.88,0,0,0,0,0,0,0
2025-06-18,4,9,2025-06-18 16:03:00,5,第44回日本モーターボート選手会会長賞,5,5269,山口 晃朋,3,24,52.1,0,0,0.16,5.14,28.93,48.76,4,21.43,35.71,33.33,33.33,0,0
2025-06-18,4,9,2025-06-18 16:03:00,5,第44回日本モーターボート選手会会長賞,6,4238,毒島 誠,1,41,52,1,0,0.12,7.88,54.84,74.19,8.35,64.71,64.71,0,0,28.57,71.43
2025-06-18,4,10,2025-06-18 16:36:00,5,第44回日本モーターボート選手会会長賞,1,5234,塚越 海斗,2,26,52,0,0,0.16,5.52,40,52,5.28,33.33,55.56,0,0,0,0
2025-06-18,4,10,2025-06-18 16:36:00,5,第44回日本モーターボート選手会会長賞,2,5201,村上 宗太郎,3,22,52,1,0,0.16,4.8,32.56,44.19,5.13,34.04,46.81,16.67,16.67,20,40
2025-06-18,4,10,2025-06-18 16:36:00,5,第44回日本モーターボート選手会会長賞,3,4524,深谷 知博,1,37,52,0,0,0.11,7.02,46.85,63.96,6.5,29.17,50,16.67,50,0,0
2025-06-18,4,10,2025-06-18 16:36:00,5,第44回日本モーターボート選手会会長賞,4,4262,馬場 貴也,1,41,52.6,0,0,0.12,7.05,44.76,59.05,7.11,38.89,50,14.29,42.86,42.86,71.43
2025-06-18,4,10,2025-06-18 16:36:00,5,第44回日本モーターボート選手会会長賞,5,3790,佐口 達也,3,52,52.7,0,0,0.15,4.04,25.49,31.37,4.65,30,45,0,0,0,0
2025-06-18,4,10,2025-06-18 16:36:00,5,第44回日本モーターボート選手会会長賞,6,5073,上原 健次郎,3,29,52,0,0,0.16,5.5,31.52,57.61,5.1,30,55,0,0,0,50
2025-06-18,4,11,2025-06-18 17:08:00,5,第44回日本モーターボート選手会会長賞,1,4362,土屋 智則,1,40,52.7,0,0,0.13,7.46,50,69.84,8.68,63.16,89.47,0,0,0,0
2025-06-18,4,11,2025-06-18 17:08:00,5,第44回日本モーターボート選手会会長賞,2,4438,森作 雄大,2,38,52.2,1,0,0.13,5.6,40.63,56.25,5.4,38.57,51.43,14.29,28.57,0,0
2025-06-18,4,11,2025-06-18 17:08:00,5,第44回日本モーターボート選手会会長賞,3,4840,鈴木 秀茉,3,33,52,0,0,0.18,4.82,32.08,46.23,4.68,29.27,43.9,0,0,57.14,71.43
2025-06-18,4,11,2025-06-18 17:08:00,5,第44回日本モーターボート選手会会長賞,4,3783,瓜生 正義,1,49,52,0,0,0.12,6.91,48.35,61.54,7,55.56,55.56,0,0,28.57,57.14
2025-06-18,4,11,2025-06-18 17:08:00,5,第44回日本モーターボート選手会会長賞,5,5321,一色 颯輝,3,23,54.5,0,0,0.18,4.7,29.03,43.01,3.89,26.32,42.11,0,0,25,50
2025-06-18,4,11,2025-06-18 17:08:00,5,第44回日本モーターボート選手会会長賞,6,3686,鳥居塚 孝博,2,50,51,0,0,0.13,5.76,36.36,60,6.45,45.45,72.73,28.57,42.86,50,66.67
2025-06-18,4,12,2025-06-18 17:40:00,5,第44回日本モーターボート選手会会長賞,1,4418,茅原 悠紀,1,37,52.5,0,0,0.12,8.71,66.67,86.99,8.94,62.5,81.25,14.29,42.86,28.57,57.14
2025-06-18,4,12,2025-06-18 17:40:00,5,第44回日本モーターボート選手会会長賞,2,4669,井上 茂,3,40,52.6,0,0,0.18,4.77,23.26,43.02,0,0,0,0,0,50,50
2025-06-18,4,12,2025-06-18 17:40:00,5,第44回日本モーターボート選手会会長賞,3,3942,寺田 祥,1,46,53.6,0,0,0.15,6.22,32.95,53.41,5.11,11.11,44.44,28.57,42.86,0,0
2025-06-18,4,12,2025-06-18 17:40:00,5,第44回日本モーターボート選手会会長賞,4,4435,服部 達哉,2,39,55.5,0,0,0.16,5.11,28.7,50.93,5.19,25.93,51.85,0,0,50,87.5
2025-06-18,4,12,2025-06-18 17:40:00,5,第44回日本モーターボート選手会会長賞,5,4266,長田 頼宗,1,39,52,0,0,0.14,6.47,44.92,60.17,6.86,54.08,66.33,0,0,0,0
2025-06-18,4,12,2025-06-18 17:40:00,5,第44回日本モーターボート選手会会長賞,6,4382,高山 智至,3,40,54.9,0,0,0.15,4.42,16.88,41.56,0,0,0,0,0,50,83.33
2025-06-18,5,1,2025-06-18 12:26:00,4,第12回イースタンヤング,1,5075,中島 秀治,1,29,52.3,0,0,0.16,6.67,47.06,66.67,6.4,50,60,24.44,51.11,32.35,64.71
2025-06-18,5,1,2025-06-18 12:26:00,4,第12回イースタンヤング,2,4984,森下 愛梨,3,28,49.8,0,0,0.21,5.35,29.46,50,2.89,0,11.11,38.46,53.85,33.33,46.15
2025-06-18,5,1,2025-06-18 12:26:00,4,第12回イースタンヤング,3,5216,長谷川 晴哉,3,25,52.2,0,0,0.18,6.2,48.31,66.29,4.45,26.19,40.48,28.3,45.28,20.51,35.9
2025-06-18,5,1,2025-06-18 12:26:00,4,第12回イースタンヤング,4,4960,黒野 元基,1,29,52,0,0,0.16,6.34,45.28,62.26,7.68,64.29,78.57,25,44.44,58.33,77.08
2025-06-18,5,1,2025-06-18 12:26:00,4,第12回イースタンヤング,5,5256,中山 翔太,2,21,51,0,0,0.15,6.32,46.15,65.93,5.05,30.77,46.15,21.28,48.94,32.61,60.87
2025-06-18,5,1,2025-06-18 12:26:00,4,第12回イースタンヤング,6,5066,鈴木 孝明,3,26,52.5,0,0,0.18,5.55,38.82,51.76,6.35,46.15,61.54,21.57,31.37,30.23,37.21
2025-06-18,5,2,2025-06-18 12:56:00,4,第12回イースタンヤング,1,5010,宇留田 翔平,2,28,52.9,0,0,0.15,5.71,39.29,53.57,4.06,12.5,31.25,37.25,49.02,41.67,58.33
2025-06-18,5,2,2025-06-18 12:56:00,4,第12回イースタンヤング,2,5038,金田 智博,2,27,52,0,0,0.16,5.63,34.19,56.41,6.35,35.29,70.59,32.61,47.83,44.68,63.83
2025-06-18,5,2,2025-06-18 12:56:00,4,第12回イースタンヤング,3,5220,青木 蓮,2,24,52,0,0,0.16,6.24,47.97,62.6,5.6,29.17,62.5,48.65,62.16,34.78,45.65
2025-06-18,5,2,2025-06-18 12:56:00,4,第12回イースタンヤング,4,5229,吉川 晴人,3,22,53.8,0,0,0.16,6.01,44,60.8,4.41,18.18,31.82,36.36,56.36,43.9,70.73
2025-06-18,5,2,2025-06-18 12:56:00,4,第12回イースタンヤング,5,4989,石原 翼,2,28,51.5,0,0,0.14,6.63,57.95,71.59,7.14,62.16,70.27,50,65.91,30.95,42.86
2025-06-18,5,2,2025-06-18 12:56:00,4,第12回イースタンヤング,6,5137,川原 涼,3,25,53.1,1,0,0.16,5.54,38,52,4.67,29.17,45.83,41.82,61.82,42.22,64.44
2025-06-18,5,3,2025-06-18 13:31:00,4,第12回イースタンヤング,1,5002,上田 健太,2,29,52,0,0,0.16,6.25,49.41,65.88,5.94,50,60.42,48.94,59.57,44.19,51.16
2025-06-18,5,3,2025-06-18 13:31:00,4,第12回イースタンヤング,2,5004,河野 主樹,2,29,52,1,0,0.13,4.61,24.19,43.55,4.71,29.41,47.06,35.29,49.02,22.22,37.04
2025-06-18,5,3,2025-06-18 13:31:00,4,第12回イースタンヤング,3,5091,為本 智也,2,24,52.2,0,0,0.14,5.4,38.95,53.68,6.06,50,50,37.74,52.83,30.56,44.44
2025-06-18,5,3,2025-06-18 13:31:00,4,第12回イースタンヤング,4,5226,藤田 俊祐,1,23,52,0,0,0.16,5.89,42.75,56.49,5.99,44.97,61.74,41.82,54.55,42.22,55.56
2025-06-18,5,3,2025-06-18 13:31:00,4,第12回イースタンヤング,5,5042,畑田 汰一,1,26,52,0,0,0.12,7.06,53.85,70.09,6.4,40,70,26.67,33.33,33.33,50
2025-06-18,5,3,2025-06-18 13:31:00,4,第12回イースタンヤング,6,5279,石渡 翔一郎,3,22,53.6,0,0,0.14,5.16,30.91,52.73,4.66,28.13,46.88,27.66,42.55,54.35,65.22
2025-06-18,5,4,2025-06-18 14:05:00,4,第12回イースタンヤング,1,5115,香川 颯太,3,25,52,1,0,0.15,6.06,46.72,61.48,5.94,33.33,61.11,50,69.23,39.13,52.17
2025-06-18,5,4,2025-06-18 14:05:00,4,第12回イースタンヤング,2,5213,湯淺 紀香,3,26,46.5,0,0,0.18,5.51,39,56,4.35,23.53,35.29,39.53,58.14,26.32,42.11
2025-06-18,5,4,2025-06-18 14:05:00,4,第12回イースタンヤング,3,5069,山崎 小葉音,2,24,43.5,0,0,0.13,5.05,32.35,50,0,0,0,25.64,43.59,34.09,52.27
2025-06-18,5,4,2025-06-18 14:05:00,4,第12回イースタンヤング,4,5132,中野 希一,2,26,52.3,0,0,0.15,6.3,47.54,64.75,5.9,45,65,40.43,51.06,45,57.5
2025-06-18,5,4,2025-06-18 14:05:00,4,第12回イースタンヤング,5,5197,中野 仁照,1,23,52.7,0,0,0.13,6.31,42.45,62.26,0,0,0,40.91,61.36,33.33,46.67
2025-06-18,5,4,2025-06-18 14:05:00,4,第12回イースタンヤング,6,5005,石田 貴洋,2,29,52,1,0,0.12,4.78,25,43.75,5.33,22.22,55.56,50,68.75,33.33,45.24
2025-06-18,5,5,2025-06-18 14:41:00,4,第12回イースタンヤング,1,5087,佐藤 航,2,25,52.9,0,0,0.19,5.96,44.23,59.62,5.56,40.74,48.15,51.11,60,33.33,45.83
2025-06-18,5,5,2025-06-18 14:41:00,4,第12回イースタンヤング,2,5256,中山 翔太,2,21,51,0,0,0.15,6.32,46.15,65.93,5.05,30.77,46.15,21.28,48.94,32.61,60.87
2025-06-18,5,5,2025-06-18 14:41:00,4,第12回イースタンヤング,3,4967,中村 魁生,2,26,52,0,0,0.13,6.13,42.31,62.5,5.04,34.78,43.48,34.09,50,34.09,47.73
2025-06-18,5,5,2025-06-18 14:41:00,4,第12回イースタンヤング,4,5036,福田 翔吾,3,27,52.6,1,0,0.16,4.71,30,43.33,0,0,0,20.51,33.33,28.57,54.76
2025-06-18,5,5,2025-06-18 14:41:00,4,第12回イースタンヤング,5,5357,田中 瀬里奈,4,20,55,0,0,0.24,1.57,1.3,2.6,0,0,0,20,37.14,20.51,41.03
2025-06-18,5,5,2025-06-18 14:41:00,4,第12回イースタンヤング,6,5216,長谷川 晴哉,3,25,52.2,0,0,0.18,6.2,48.31,66.29,4.45,26.19,40.48,28.3,45.28,20.51,35.9
2025-06-18,5,6,2025-06-18 15:10:00,4,第12回イースタンヤング,1,4960,黒野 元基,1,29,52,0,0,0.16,6.34,45.28,62.26,7.68,64.29,78.57,25,44.44,58.33,77.08
2025-06-18,5,6,2025-06-18 15:10:00,4,第12回イースタンヤング,2,5066,鈴木 孝明,3,26,52.5,0,0,0.18,5.55,38.82,51.76,6.35,46.15,61.54,21.57,31.37,30.23,37.21
2025-06-18,5,6,2025-06-18 15:10:00,4,第12回イースタンヤング,3,5137,川原 涼,3,25,53.1,1,0,0.16,5.54,38,52,4.67,29.17,45.83,41.82,61.82,42.22,64.44
2025-06-18,5,6,2025-06-18 15:10:00,4,第12回イースタンヤング,4,5075,中島 秀治,1,29,52.3,0,0,0.16,6.67,47.06,66.67,6.4,50,60,24.44,51.11,32.35,64.71
2025-06-18,5,6,2025-06-18 15:10:00,4,第12回イースタンヤング,5,5038,金田 智博,2,27,52,0,0,0.16,5.63,34.19,56.41,6.35,35.29,70.59,32.61,47.83,44.68,63.83
2025-06-18,5,6,2025-06-18 15:10:00,4,第12回イースタンヤング,6,5220,青木 蓮,2,24,52,0,0,0.16,6.24,47.97,62.6,5.6,29.17,62.5,48.65,62.16,34.78,45.65
2025-06-18,5,7,2025-06-18 15:43:00,4,第12回イースタンヤング,1,5226,藤田 俊祐,1,23,52,0,0,0.16,5.89,42.75,56.49,5.99,44.97,61.74,41.82,54.55,42.22,55.56
2025-06-18,5,7,2025-06-18 15:43:00,4,第12回イースタンヤング,2,5042,畑田 汰一,1,26,52,0,0,0.12,7.06,53.85,70.09,6.4,40,70,26.67,33.33,33.33,50
2025-06-18,5,7,2025-06-18 15:43:00,4,第12回イースタンヤング,3,5229,吉川 晴人,3,22,53.8,0,0,0.16,6.01,44,60.8,4.41,18.18,31.82,36.36,56.36,43.9,70.73
2025-06-18,5,7,2025-06-18 15:43:00,4,第12回イースタンヤング,4,5010,宇留田 翔平,2,28,52.9,0,0,0.15,5.71,39.29,53.57,4.06,12.5,31.25,37.25,49.02,41.67,58.33
2025-06-18,5,7,2025-06-18 15:43:00,4,第12回イースタンヤング,5,4984,森下 愛梨,3,28,49.8,0,0,0.21,5.35,29.46,50,2.89,0,11.11,38.46,53.85,33.33,46.15
2025-06-18,5,7,2025-06-18 15:43:00,4,第12回イースタンヤング,6,5091,為本 智也,2,24,52.2,0,0,0.14,5.4,38.95,53.68,6.06,50,50,37.74,52.83,30.56,44.44
2025-06-18,5,8,2025-06-18 16:18:00,4,第12回イースタンヤング,1,5132,中野 希一,2,26,52.3,0,0,0.15,6.3,47.54,64.75,5.9,45,65,40.43,51.06,45,57.5
2025-06-18,5,8,2025-06-18 16:18:00,4,第12回イースタンヤング,2,4989,石原 翼,2,28,51.5,0,0,0.14,6.63,57.95,71.59,7.14,62.16,70.27,50,65.91,30.95,42.86
2025-06-18,5,8,2025-06-18 16:18:00,4,第12回イースタンヤング,3,5279,石渡 翔一郎,3,22,53.6,0,0,0.14,5.16,30.91,52.73,4.66,28.13,46.88,27.66,42.55,54.35,65.22
2025-06-18,5,8,2025-06-18 16:18:00,4,第12回イースタンヤング,4,5115,香川 颯太,3,25,52,1,0,0.15,6.06,46.72,61.48,5.94,33.33,61.11,50,69.23,39.13,52.17
2025-06-18,5,8,2025-06-18 16:18:00,4,第12回イースタンヤング,5,5004,河野 主樹,2,29,52,1,0,0.13,4.61,24.19,43.55,4.71,29.41,47.06,35.29,49.02,22.22,37.04
2025-06-18,5,8,2025-06-18 16:18:00,4,第12回イースタンヤング,6,5005,石田 貴洋,2,29,52,1,0,0.12,4.78,25,43.75,5.33,22.22,55.56,50,68.75,33.33,45.24
2025-06-18,5,9,2025-06-18 16:46:00,4,第12回イースタンヤング,1,4967,中村 魁生,2,26,52,0,0,0.13,6.13,42.31,62.5,5.04,34.78,43.48,34.09,50,34.09,47.73
2025-06-18,5,9,2025-06-18 16:46:00,4,第12回イースタンヤング,2,5197,中野 仁照,1,23,52.7,0,0,0.13,6.31,42.45,62.26,0,0,0,40.91,61.36,33.33,46.67
2025-06-18,5,9,2025-06-18 16:46:00,4,第12回イースタンヤング,3,5036,福田 翔吾,3,27,52.6,1,0,0.16,4.71,30,43.33,0,0,0,20.51,33.33,28.57,54.76
2025-06-18,5,9,2025-06-18 16:46:00,4,第12回イースタンヤング,4,5357,田中 瀬里奈,4,20,55,0,0,0.24,1.57,1.3,2.6,0,0,0,20,37.14,20.51,41.03
2025-06-18,5,9,2025-06-18 16:46:00,4,第12回イースタンヤング,5,5069,山崎 小葉音,2,24,43.5,0,0,0.13,5.05,32.35,50,0,0,0,25.64,43.59,34.09,52.27
2025-06-18,5,9,2025-06-18 16:46:00,4,第12回イースタンヤング,6,5213,湯淺 紀香,3,26,46.5,0,0,0.18,5.51,39,56,4.35,23.53,35.29,39.53,58.14,26.32,42.11
2025-06-18,5,10,2025-06-18 17:16:00,4,第12回イースタンヤング,1,5034,若林 義人,1,27,55,0,0,0.13,6.16,41.51,58.49,5.51,40,53.33,33.96,49.06,36.17,59.57
2025-06-18,5,10,2025-06-18 17:16:00,4,第12回イースタンヤング,2,5068,前田 滉,1,25,51.5,0,0,0.15,6.82,51.56,66.41,6.55,41.38,79.31,28.57,35.71,37.78,51.11
2025-06-18,5,10,2025-06-18 17:16:00,4,第12回イースタンヤング,3,4983,前田 篤哉,1,28,52,0,0,0.16,5.84,39.82,59.29,6.96,53.57,82.14,34.55,52.73,31.82,36.36
2025-06-18,5,10,2025-06-18 17:16:00,4,第12回イースタンヤング,4,4856,豊田 健士郎,1,29,52,0,0,0.14,6.57,46.46,59.06,6.88,50,64.71,28.95,52.63,39.13,43.48
2025-06-18,5,10,2025-06-18 17:16:00,4,第12回イースタンヤング,5,5088,高憧 四季,3,25,44.5,0,0,0.16,6.75,48.11,68.87,5.21,26.32,47.37,36.54,53.85,42.11,68.42
2025-06-18,5,10,2025-06-18 17:16:00,4,第12回イースタンヤング,6,5185,加藤 優弥,2,25,52.3,1,0,0.16,5.28,33.33,50.83,5.33,33.33,46.67,38.3,59.57,38.3,63.83
2025-06-18,5,11,2025-06-18 17:48:00,4,第12回イースタンヤング,1,5017,澤田 尚也,1,26,52,0,0,0.15,6.63,48.03,63.78,4.86,14.29,57.14,42.22,62.22,22.73,34.09
2025-06-18,5,11,2025-06-18 17:48:00,4,第12回イースタンヤング,2,5205,刑部 亜里紗,2,28,47,1,0,0.16,5.41,38.71,50.54,5.95,36.84,52.63,36.67,53.33,37.21,55.81
2025-06-18,5,11,2025-06-18 17:48:00,4,第12回イースタンヤング,3,5267,石本 裕武,2,24,52,1,0,0.13,6.63,57.01,65.42,7.43,71.43,71.43,32.08,50.94,32.61,50
2025-06-18,5,11,2025-06-18 17:48:00,4,第12回イースタンヤング,4,4930,佐藤 悠,2,29,52,0,0,0.14,6.02,41.18,57.84,5.76,40,60,64.81,81.48,44.68,61.7
2025-06-18,5,11,2025-06-18 17:48:00,4,第12回イースタンヤング,5,4962,畑 竜生,3,28,52,0,0,0.15,5.15,28.57,50.89,6.4,48,64,43.48,58.7,38.64,52.27
2025-06-18,5,11,2025-06-18 17:48:00,4,第12回イースタンヤング,6,5002,上田 健太,2,29,52,0,0,0.16,6.25,49.41,65.88,5.94,50,60.42,48.94,59.57,44.19,51.16
2025-06-18,5,12,2025-06-18 18:20:00,4,第12回イースタンヤング,1,4939,宮之原 輝紀,1,27,51,0,0,0.14,7.3,62.28,75.44,7.19,58.21,70.15,29.41,38.24,33.33,58.33
2025-06-18,5,12,2025-06-18 18:20:00,4,第12回イースタンヤング,2,4914,吉田 裕平,1,28,52,0,0,0.13,7.75,56.88,75.23,6.79,42.11,73.68,58.7,71.74,56.52,65.22
2025-06-18,5,12,2025-06-18 18:20:00,4,第12回イースタンヤング,3,4910,中村 泰平,3,29,52,0,0,0.17,5.93,35,62.5,4.33,33.33,33.33,40.91,56.82,29.17,54.17
2025-06-18,5,12,2025-06-18 18:20:00,4,第12回イースタンヤング,4,4934,佐々木 翔斗,2,28,52.4,0,0,0.16,5.74,38.37,55.81,5.6,40,53.33,46.81,61.7,44.74,65.79
2025-06-18,5,12,2025-06-18 18:20:00,4,第12回イースタンヤング,5,4959,井上 忠政,1,29,52,0,0,0.15,6.71,41.05,58.95,5.9,40,50,26.09,52.17,37.78,60
2025-06-18,5,12,2025-06-18 18:20:00,4,第12回イースタンヤング,6,5087,佐藤 航,2,25,52.9,0,0,0.19,5.96,44.23,59.62,5.56,40.74,48.15,51.11,60,33.33,45.83
2025-06-18,6,1,2025-06-18 11:23:00,4,オールレディース 静岡クラウンメロン杯,1,4244,鈴木 成美,3,38,45,0,0,0.13,5.12,32.35,50,4.42,24.62,40,45.65,60.87,37.18,51.92
2025-06-18,6,1,2025-06-18 11:23:00,4,オールレディース 静岡クラウンメロン杯,2,3932,池田 浩美,3,49,51.1,0,0,0.18,4.73,33.96,46.23,4.89,31.58,47.37,15.38,43.59,35.03,50.96
2025-06-18,6,1,2025-06-18 11:23:00,4,オールレディース 静岡クラウンメロン杯,3,3518,倉田 郁美,3,57,48.4,0,0,0.19,4.49,23.08,36.92,3.62,7.69,26.92,30,50,39.61,58.44
2025-06-18,6,1,2025-06-18 11:23:00,4,オールレディース 静岡クラウンメロン杯,4,4775,千葉 真弥,3,31,47,0,0,0.19,4.71,22.73,45.45,4.78,22.22,44.44,55.81,69.77,37.09,53.64
2025-06-18,6,1,2025-06-18 11:23:00,4,オールレディース 静岡クラウンメロン杯,5,4246,喜多 那由夏,3,43,48,0,0,0.17,3.72,15.22,29.35,4.73,29.55,44.32,44.44,61.11,37.75,58.28
2025-06-18,6,1,2025-06-18 11:23:00,4,オールレディース 静岡クラウンメロン杯,6,4730,土屋 実沙希,3,36,47,0,0,0.18,5.09,34.62,51.28,5.48,30.85,58.51,47.06,68.63,38.71,61.29
2025-06-18,6,2,2025-06-18 11:49:00,4,オールレディース 静岡クラウンメロン杯,1,5296,永田 楽,3,22,46.5,0,0,0.2,3.55,20.2,27.27,1.25,0,0,29.79,46.81,39.01,56.74
2025-06-18,6,2,2025-06-18 11:49:00,4,オールレディース 静岡クラウンメロン杯,2,3334,角 ひとみ,3,56,45.5,0,0,0.19,5.06,33,50,0,0,0,25,38.89,35.29,52.94
2025-06-18,6,2,2025-06-18 11:49:00,4,オールレディース 静岡クラウンメロン杯,3,5156,坂野 さくら,3,28,47.6,1,0,0.17,5.18,32.67,51.49,3.22,5.56,27.78,53.85,78.85,35.1,56.95
2025-06-18,6,2,2025-06-18 11:49:00,4,オールレディース 静岡クラウンメロン杯,4,5140,吉田 彩乃,3,24,47.1,0,0,0.21,3.76,15.28,27.78,3.13,10.14,20.29,41.03,48.72,36.25,53.13
2025-06-18,6,2,2025-06-18 11:49:00,4,オールレディース 静岡クラウンメロン杯,5,4927,関野 文,1,31,45,0,0,0.17,5.86,40.19,57.94,5.79,31.58,63.16,42.5,65,33.33,49.02
2025-06-18,6,2,2025-06-18 11:49:00,4,オールレディース 静岡クラウンメロン杯,6,4071,古賀 千晶,3,44,45.5,0,0,0.17,4.97,32,45.33,5.47,29.41,55.88,40.91,54.55,34.19,54.19
2025-06-18,6,3,2025-06-18 12:20:00,4,オールレディース 静岡クラウンメロン杯,1,3802,森岡 まき,3,51,47.4,0,0,0.17,4.4,26.47,41.18,5.4,40,60,32.43,56.76,43.05,59.6
2025-06-18,6,3,2025-06-18 12:20:00,4,オールレディース 静岡クラウンメロン杯,2,3778,安達 美帆,3,49,47,0,0,0.21,3.61,14.52,29.03,2.44,0,11.11,47.37,63.16,35.53,51.32
2025-06-18,6,3,2025-06-18 12:20:00,4,オールレディース 静岡クラウンメロン杯,3,3474,松瀬 弘美,2,54,46,0,0,0.16,5.44,31.96,54.64,5.05,28.7,53.04,29.73,43.24,34.62,49.36
2025-06-18,6,3,2025-06-18 12:20:00,4,オールレディース 静岡クラウンメロン杯,4,5346,中村 紋夕梨,4,21,46,0,0,0.22,1.66,2.13,4.26,1,0,0,31.71,51.22,37.01,46.75
2025-06-18,6,3,2025-06-18 12:20:00,4,オールレディース 静岡クラウンメロン杯,5,5334,樫葉 新心,3,20,45.5,0,0,0.22,2.66,3.96,12.87,1.87,0,0,35.71,54.76,32.28,46.84
2025-06-18,6,3,2025-06-18 12:20:00,4,オールレディース 静岡クラウンメロン杯,6,4843,深尾 巴恵,3,32,47.4,0,0,0.17,5.31,32.5,50,4.56,22.22,44.44,25.64,41.03,41.67,60.26
2025-06-18,6,4,2025-06-18 12:50:00,4,オールレディース 静岡クラウンメロン杯,1,4473,藤堂 里香,2,37,45,1,0,0.15,6.12,51.19,63.1,4.3,20,40,50,72,37.42,52.9
2025-06-18,6,4,2025-06-18 12:50:00,4,オールレディース 静岡クラウンメロン杯,2,5171,清水 未唯,3,24,56.4,0,0,0.16,3.51,12.82,25.64,2.38,0,12.5,33.33,38.89,35.48,58.71
2025-06-18,6,4,2025-06-18 12:50:00,4,オールレディース 静岡クラウンメロン杯,3,5305,伊藤 栞,4,22,55.6,0,0,0.18,1.53,0,1.37,1.35,0,0,64,68,36.13,53.55
2025-06-18,6,4,2025-06-18 12:50:00,4,オールレディース 静岡クラウンメロン杯,4,5362,中嶋 世奈,4,18,50,0,0,0.26,1.68,1.54,6.15,1.28,0,0,35.9,48.72,37.5,51.32
2025-06-18,6,4,2025-06-18 12:50:00,4,オールレディース 静岡クラウンメロン杯,5,3580,水口 由紀,3,52,48.3,0,0,0.18,4.61,20.73,40.24,4.55,36.36,36.36,20.69,41.38,32.03,48.37
2025-06-18,6,4,2025-06-18 12:50:00,4,オールレディース 静岡クラウンメロン杯,6,3509,池 千夏,3,53,50.5,0,0,0.15,4.23,22.81,36.84,3.75,12.5,37.5,36.84,55.26,36.31,56.05
2025-06-18,6,5,2025-06-18 13:18:00,4,オールレディース 静岡クラウンメロン杯,1,5003,来田 衣織,3,29,51.2,0,0,0.19,3.96,18.89,33.33,2.67,11.11,22.22,30.77,53.85,43.14,62.09
2025-06-18,6,5,2025-06-18 13:18:00,4,オールレディース 静岡クラウンメロン杯,2,4372,原田 佑実,2,37,46.5,1,0,0.17,5.29,34.07,49.45,4.78,22.22,44.44,45,65,33.99,52.29
2025-06-18,6,5,2025-06-18 13:18:00,4,オールレディース 静岡クラウンメロン杯,3,4244,鈴木 成美,3,38,45,0,0,0.13,5.12,32.35,50,4.42,24.62,40,45.65,60.87,37.18,51.92
2025-06-18,6,5,2025-06-18 13:18:00,4,オールレディース 静岡クラウンメロン杯,4,4642,松尾 夏海,2,33,46,0,0,0.15,6.27,50,62.24,6.95,57.89,68.42,33.33,56.41,34.46,47.3
2025-06-18,6,5,2025-06-18 13:18:00,4,オールレディース 静岡クラウンメロン杯,5,5151,山下 奈緒,3,30,47.4,0,0,0.21,4.23,17.28,32.1,2.5,0,0,46,68,34.18,55.7
2025-06-18,6,5,2025-06-18 13:18:00,4,オールレディース 静岡クラウンメロン杯,6,3932,池田 浩美,3,49,51.1,0,0,0.18,4.73,33.96,46.23,4.89,31.58,47.37,15.38,43.59,35.03,50.96
2025-06-18,6,6,2025-06-18 13:50:00,4,オールレディース 静岡クラウンメロン杯,1,4689,豊田 結,4,31,50.6,0,0,0.16,5.66,41.89,54.05,0,0,0,39.47,44.74,35.17,48.97
2025-06-18,6,6,2025-06-18 13:50:00,4,オールレディース 静岡クラウンメロン杯,2,5296,永田 楽,3,22,46.5,0,0,0.2,3.55,20.2,27.27,1.25,0,0,29.79,46.81,39.01,56.74
2025-06-18,6,6,2025-06-18 13:50:00,4,オールレディース 静岡クラウンメロン杯,3,4891,寺島 美里,2,35,46.5,0,0,0.15,5.31,35,52.5,3.87,18.42,31.58,35,55,36.13,50.97
2025-06-18,6,6,2025-06-18 13:50:00,4,オールレディース 静岡クラウンメロン杯,4,5327,西田 和加,4,21,49.7,0,0,0.26,1.13,0,1.79,1,0,0,33.33,45.45,34.62,51.28
2025-06-18,6,6,2025-06-18 13:50:00,4,オールレディース 静岡クラウンメロン杯,5,3518,倉田 郁美,3,57,48.4,0,0,0.19,4.49,23.08,36.92,3.62,7.69,26.92,30,50,39.61,58.44
2025-06-18,6,6,2025-06-18 13:50:00,4,オールレディース 静岡クラウンメロン杯,6,3999,大瀧 明日香,1,45,46.5,0,0,0.17,6.52,44.23,65.38,6.57,48.57,65.71,17.95,41.03,30.67,46
2025-06-18,6,7,2025-06-18 14:22:00,4,オールレディース 静岡クラウンメロン杯,1,5291,三嶌 こころ,3,23,49.5,0,0,0.2,2.42,6.12,13.27,2.89,0,22.22,38.1,52.38,35.53,49.34
2025-06-18,6,7,2025-06-18 14:22:00,4,オールレディース 静岡クラウンメロン杯,2,4730,土屋 実沙希,3,36,47,0,0,0.18,5.09,34.62,51.28,5.48,30.85,58.51,47.06,68.63,38.71,61.29
2025-06-18,6,7,2025-06-18 14:22:00,4,オールレディース 静岡クラウンメロン杯,3,4183,宇野 弥生,2,39,48.2,0,0,0.13,6.45,51.97,60.63,5.22,36.11,41.67,53.85,64.1,26.92,39.1
2025-06-18,6,7,2025-06-18 14:22:00,4,オールレディース 静岡クラウンメロン杯,4,3778,安達 美帆,3,49,47,0,0,0.21,3.61,14.52,29.03,2.44,0,11.11,47.37,63.16,35.53,51.32
2025-06-18,6,7,2025-06-18 14:22:00,4,オールレディース 静岡クラウンメロン杯,5,5156,坂野 さくら,3,28,47.6,1,0,0.17,5.18,32.67,51.49,3.22,5.56,27.78,53.85,78.85,35.1,56.95
2025-06-18,6,7,2025-06-18 14:22:00,4,オールレディース 静岡クラウンメロン杯,6,5346,中村 紋夕梨,4,21,46,0,0,0.22,1.66,2.13,4.26,1,0,0,31.71,51.22,37.01,46.75
2025-06-18,6,8,2025-06-18 14:54:00,4,オールレディース 静岡クラウンメロン杯,1,4478,櫻本 あゆみ,2,37,47.1,0,0,0.15,5.97,43.81,56.19,4.54,15.38,46.15,44.19,65.12,30.46,45.7
2025-06-18,6,8,2025-06-18 14:54:00,4,オールレディース 静岡クラウンメロン杯,2,4246,喜多 那由夏,3,43,48,0,0,0.17,3.72,15.22,29.35,4.73,29.55,44.32,44.44,61.11,37.75,58.28
2025-06-18,6,8,2025-06-18 14:54:00,4,オールレディース 静岡クラウンメロン杯,3,3509,池 千夏,3,53,50.5,0,0,0.15,4.23,22.81,36.84,3.75,12.5,37.5,36.84,55.26,36.31,56.05
2025-06-18,6,8,2025-06-18 14:54:00,4,オールレディース 静岡クラウンメロン杯,4,4927,関野 文,1,31,45,0,0,0.17,5.86,40.19,57.94,5.79,31.58,63.16,42.5,65,33.33,49.02
2025-06-18,6,8,2025-06-18 14:54:00,4,オールレディース 静岡クラウンメロン杯,5,3802,森岡 まき,3,51,47.4,0,0,0.17,4.4,26.47,41.18,5.4,40,60,32.43,56.76,43.05,59.6
2025-06-18,6,8,2025-06-18 14:54:00,4,オールレディース 静岡クラウンメロン杯,6,5362,中嶋 世奈,4,18,50,0,0,0.26,1.68,1.54,6.15,1.28,0,0,35.9,48.72,37.5,51.32
2025-06-18,6,9,2025-06-18 15:21:00,4,オールレディース 静岡クラウンメロン杯,1,4775,千葉 真弥,3,31,47,0,0,0.19,4.71,22.73,45.45,4.78,22.22,44.44,55.81,69.77,37.09,53.64
2025-06-18,6,9,2025-06-18 15:21:00,4,オールレディース 静岡クラウンメロン杯,2,4071,古賀 千晶,3,44,45.5,0,0,0.17,4.97,32,45.33,5.47,29.41,55.88,40.91,54.55,34.19,54.19
2025-06-18,6,9,2025-06-18 15:21:00,4,オールレディース 静岡クラウンメロン杯,3,5334,樫葉 新心,3,20,45.5,0,0,0.22,2.66,3.96,12.87,1.87,0,0,35.71,54.76,32.28,46.84
2025-06-18,6,9,2025-06-18 15:21:00,4,オールレディース 静岡クラウンメロン杯,4,5305,伊藤 栞,4,22,55.6,0,0,0.18,1.53,0,1.37,1.35,0,0,64,68,36.13,53.55
2025-06-18,6,9,2025-06-18 15:21:00,4,オールレディース 静岡クラウンメロン杯,5,5171,清水 未唯,3,24,56.4,0,0,0.16,3.51,12.82,25.64,2.38,0,12.5,33.33,38.89,35.48,58.71
2025-06-18,6,9,2025-06-18 15:21:00,4,オールレディース 静岡クラウンメロン杯,6,4372,原田 佑実,2,37,46.5,1,0,0.17,5.29,34.07,49.45,4.78,22.22,44.44,45,65,33.99,52.29
2025-06-18,6,10,2025-06-18 15:58:00,4,オールレディース 静岡クラウンメロン杯,1,4843,深尾 巴恵,3,32,47.4,0,0,0.17,5.31,32.5,50,4.56,22.22,44.44,25.64,41.03,41.67,60.26
2025-06-18,6,10,2025-06-18 15:58:00,4,オールレディース 静岡クラウンメロン杯,2,4473,藤堂 里香,2,37,45,1,0,0.15,6.12,51.19,63.1,4.3,20,40,50,72,37.42,52.9
2025-06-18,6,10,2025-06-18 15:58:00,4,オールレディース 静岡クラウンメロン杯,3,4642,松尾 夏海,2,33,46,0,0,0.15,6.27,50,62.24,6.95,57.89,68.42,33.33,56.41,34.46,47.3
2025-06-18,6,10,2025-06-18 15:58:00,4,オールレディース 静岡クラウンメロン杯,4,5291,三嶌 こころ,3,23,49.5,0,0,0.2,2.42,6.12,13.27,2.89,0,22.22,38.1,52.38,35.53,49.34
2025-06-18,6,10,2025-06-18 15:58:00,4,オールレディース 静岡クラウンメロン杯,5,4891,寺島 美里,2,35,46.5,0,0,0.15,5.31,35,52.5,3.87,18.42,31.58,35,55,36.13,50.97
2025-06-18,6,10,2025-06-18 15:58:00,4,オールレディース 静岡クラウンメロン杯,6,3334,角 ひとみ,3,56,45.5,0,0,0.19,5.06,33,50,0,0,0,25,38.89,35.29,52.94
2025-06-18,6,11,2025-06-18 16:34:00,4,オールレディース 静岡クラウンメロン杯,1,3999,大瀧 明日香,1,45,46.5,0,0,0.17,6.52,44.23,65.38,6.57,48.57,65.71,17.95,41.03,30.67,46
2025-06-18,6,11,2025-06-18 16:34:00,4,オールレディース 静岡クラウンメロン杯,2,4689,豊田 結,4,31,50.6,0,0,0.16,5.66,41.89,54.05,0,0,0,39.47,44.74,35.17,48.97
2025-06-18,6,11,2025-06-18 16:34:00,4,オールレディース 静岡クラウンメロン杯,3,5140,吉田 彩乃,3,24,47.1,0,0,0.21,3.76,15.28,27.78,3.13,10.14,20.29,41.03,48.72,36.25,53.13
2025-06-18,6,11,2025-06-18 16:34:00,4,オールレディース 静岡クラウンメロン杯,4,3474,松瀬 弘美,2,54,46,0,0,0.16,5.44,31.96,54.64,5.05,28.7,53.04,29.73,43.24,34.62,49.36
2025-06-18,6,11,2025-06-18 16:34:00,4,オールレディース 静岡クラウンメロン杯,5,4183,宇野 弥生,2,39,48.2,0,0,0.13,6.45,51.97,60.63,5.22,36.11,41.67,53.85,64.1,26.92,39.1
2025-06-18,6,11,2025-06-18 16:34:00,4,オールレディース 静岡クラウンメロン杯,6,4478,櫻本 あゆみ,2,37,47.1,0,0,0.15,5.97,43.81,56.19,4.54,15.38,46.15,44.19,65.12,30.46,45.7
2025-06-18,6,12,2025-06-18 17:06:00,4,オールレディース 静岡クラウンメロン杯,1,4373,若狭 奈美子,2,36,46.5,0,0,0.17,6.4,45.63,69.9,3.78,11.11,33.33,46,64,43.42,57.89
2025-06-18,6,12,2025-06-18 17:06:00,4,オールレディース 静岡クラウンメロン杯,2,4611,今井 美亜,2,34,48.2,0,0,0.14,6.55,47.83,61.96,6.38,44.83,51.72,38.46,53.85,32.67,52
2025-06-18,6,12,2025-06-18 17:06:00,4,オールレディース 静岡クラウンメロン杯,3,4289,落合 直子,2,40,47.1,0,0,0.14,5.54,39,54,6.22,55.56,66.67,43.18,50,30.88,47.06
2025-06-18,6,12,2025-06-18 17:06:00,4,オールレディース 静岡クラウンメロン杯,4,4117,廣中 智紗衣,2,44,46,0,0,0.19,6.39,42.22,65.56,6.1,31.03,68.97,40.54,56.76,38.16,54.61
2025-06-18,6,12,2025-06-18 17:06:00,4,オールレディース 静岡クラウンメロン杯,5,4464,山下 友貴,3,39,43.5,0,0,0.18,4.9,23.94,45.07,5.27,34.69,46.94,41.3,50,34.64,46.41
2025-06-18,6,12,2025-06-18 17:06:00,4,オールレディース 静岡クラウンメロン杯,6,5193,米丸 乃絵,3,23,46,0,0,0.2,6.01,44.44,64.2,0,0,0,40.54,56.76,37.66,50
2025-06-18,8,1,2025-06-18 10:19:00,4,マスターズリーグ第2戦マンスリーBOATRACE杯,1,3983,須藤 博倫,1,47,52,0,0,0.15,6.8,51.3,66.09,6.2,53.33,66.67,37.5,57.24,33.19,49.36
2025-06-18,8,1,2025-06-18 10:19:00,4,マスターズリーグ第2戦マンスリーBOATRACE杯,2,3945,橋口 真樹,3,49,52,0,0,0.18,3.71,15.56,33.33,5.01,32.84,49.25,37.14,51.43,32.69,44.71
2025-06-18,8,1,2025-06-18 10:19:00,4,マスターズリーグ第2戦マンスリーBOATRACE杯,3,3563,堤 昇,2,55,53.4,0,0,0.15,5.44,35.25,55.4,5.96,45.28,60.38,29.41,48.53,30.93,49.58
2025-06-18,8,1,2025-06-18 10:19:00,4,マスターズリーグ第2戦マンスリーBOATRACE杯,4,4023,柴田 友和,3,47,51.5,0,0,0.15,4.59,18.56,40.21,4.33,25,33.33,37.24,51.72,31.53,46.85
2025-06-18,8,1,2025-06-18 10:19:00,4,マスターズリーグ第2戦マンスリーBOATRACE杯,5,4082,濱崎 誠,4,45,52,0,0,0.14,4.95,32.14,46.43,0,0,0,34.31,54.01,37.82,58.4
2025-06-18,8,1,2025-06-18 10:19:00,4,マスターズリーグ第2戦マンスリーBOATRACE杯,6,3635,石田 政吾,2,54,52.2,0,0,0.16,5.48,38.94,55.75,6.33,51.11,71.11,30.43,43.48,33.04,48.26
2025-06-18,8,2,2025-06-18 10:47:00,4,マスターズリーグ第2戦マンスリーBOATRACE杯,1,3701,大西 隆洋,3,52,57.4,0,0,0.15,4.12,20.21,31.91,2.5,0,0,34.04,51.06,27.4,44.23
2025-06-18,8,2,2025-06-18 10:47:00,4,マスターズリーグ第2戦マンスリーBOATRACE杯,2,3966,作間 章,1,45,52.6,0,0,0.16,5.95,41.84,61.7,5.56,31.25,50,30.22,46.76,31.56,48.44
2025-06-18,8,2,2025-06-18 10:47:00,4,マスターズリーグ第2戦マンスリーBOATRACE杯,3,3775,泉 啓文,3,50,59.1,0,0,0.17,4.39,25.96,35.58,3.45,6.9,20.69,36.17,53.19,33.33,46.01
2025-06-18,8,2,2025-06-18 10:47:00,4,マスターズリーグ第2戦マンスリーBOATRACE杯,4,3566,川添 英正,3,55,52.1,0,0,0.19,4.62,21,42,4.61,29.03,38.71,24.66,39.73,39.01,57.85
2025-06-18,8,2,2025-06-18 10:47:00,4,マスターズリーグ第2戦マンスリーBOATRACE杯,5,3439,大平 誉史明,3,55,52,0,0,0.16,5.53,38.74,53.15,6.34,46.88,56.25,38.13,51.08,37.24,55.23
2025-06-18,8,2,2025-06-18 10:47:00,4,マスターズリーグ第2戦マンスリーBOATRACE杯,6,3489,大場 敏,2,58,53,0,0,0.15,5.7,32.28,59.06,6.35,41.94,64.52,38.3,58.16,34.1,46.08
2025-06-18,8,3,2025-06-18 11:17:00,4,マスターズリーグ第2戦マンスリーBOATRACE杯,1,3519,冨田 秀幸,3,57,52,0,0,0.15,4.56,24.8,39.2,4.91,32.35,47.06,43.17,59.71,31.74,50
2025-06-18,8,3,2025-06-18 11:17:00,4,マスターズリーグ第2戦マンスリーBOATRACE杯,2,3582,吉川 昭男,1,52,52.3,0,0,0.17,6,44.09,55.91,5.86,50,54.55,37.59,52.63,34.5,53.28
2025-06-18,8,3,2025-06-18 11:17:00,4,マスターズリーグ第2戦マンスリーBOATRACE杯,3,3930,岸本 隆,3,49,54.8,0,0,0.15,5.64,41.67,52.78,7.33,66.67,66.67,36.3,50.37,39.11,51.56
2025-06-18,8,3,2025-06-18 11:17:00,4,マスターズリーグ第2戦マンスリーBOATRACE杯,4,3711,江本 真治,2,50,52.8,0,0,0.16,5.71,38.46,53.85,6.56,52.94,70.59,36.03,50.74,24.26,39.6
2025-06-18,8,3,2025-06-18 11:17:00,4,マスターズリーグ第2戦マンスリーBOATRACE杯,5,3517,高橋 勲,3,57,55.5,0,0,0.15,5.77,39.67,57.85,0,0,0,30.53,48.85,35.06,51.52
2025-06-18,8,3,2025-06-18 11:17:00,4,マスターズリーグ第2戦マンスリーBOATRACE杯,6,4061,萩原 秀人,1,46,53.1,0,0,0.15,7.4,57.48,77.95,7.52,51.61,77.42,30.83,47.37,34.58,52.8
2025-06-18,8,4,2025-06-18 11:47:00,4,マスターズリーグ第2戦マンスリーBOATRACE杯,1,3297,藤丸 光一,3,58,50.5,0,0,0.18,5.08,27.59,49.14,5,28.57,57.14,47.18,57.75,38.53,56.28
2025-06-18,8,4,2025-06-18 11:47:00,4,マスターズリーグ第2戦マンスリーBOATRACE杯,2,3952,中澤 和志,1,48,52.3,0,0,0.13,7.03,51.56,72.66,7.17,50,75,42.14,56.43,38.79,56.03
2025-06-18,8,4,2025-06-18 11:47:00,4,マスターズリーグ第2戦マンスリーBOATRACE杯,3,3467,森 弘行,3,56,53.1,0,0,0.18,3.52,15.94,26.09,4.91,27.27,45.45,42.22,57.78,33.33,51.8
2025-06-18,8,4,2025-06-18 11:47:00,4,マスターズリーグ第2戦マンスリーBOATRACE杯,4,3717,立間 充宏,2,50,55.4,0,0,0.14,5.47,41.18,54.41,6.34,48.57,62.86,29.41,44.12,35.32,51.49
2025-06-18,8,4,2025-06-18 11:47:00,4,マスターズリーグ第2戦マンスリーBOATRACE杯,5,3909,佐々木 康幸,1,51,54.7,0,0,0.12,6.35,46.09,56.25,8.06,68.75,87.5,40,58.57,37.07,51.29
2025-06-18,8,4,2025-06-18 11:47:00,4,マスターズリーグ第2戦マンスリーBOATRACE杯,6,3567,吉岡 誠,3,54,55.9,0,0,0.13,3.75,16.67,29.17,4.05,22.73,36.36,34.69,48.3,37.25,55.47
2025-06-18,8,5,2025-06-18 12:18:00,4,マスターズリーグ第2戦マンスリーBOATRACE杯,1,3516,吉原 聖人,3,57,52,0,0,0.16,4.25,21.74,36.96,5.15,30.77,53.85,35.61,59.85,32.86,53.52
2025-06-18,8,5,2025-06-18 12:18:00,4,マスターズリーグ第2戦マンスリーBOATRACE杯,2,3436,柏野 幸二,2,56,51,0,0,0.13,5.7,32.22,53.33,5.4,32,60,35.29,50,31.53,53.15
2025-06-18,8,5,2025-06-18 12:18:00,4,マスターズリーグ第2戦マンスリーBOATRACE杯,3,3505,山田 竜一,2,54,52.1,0,0,0.14,5.38,35.2,55.2,5.24,24.14,48.28,30.43,51.45,34.69,55.51
2025-06-18,8,5,2025-06-18 12:18:00,4,マスターズリーグ第2戦マンスリーBOATRACE杯,4,4007,榮田 将彦,3,46,51.5,0,0,0.14,4.62,25.88,38.82,4.29,28.57,28.57,30.77,48.25,31.86,52.45
2025-06-18,8,5,2025-06-18 12:18:00,4,マスターズリーグ第2戦マンスリーBOATRACE杯,5,3503,堂原 洋史,3,55,52.4,0,0,0.18,4.45,18.56,39.18,3.11,5.56,11.11,36,46.67,36.64,51.72
2025-06-18,8,5,2025-06-18 12:18:00,4,マスターズリーグ第2戦マンスリーBOATRACE杯,6,3557,太田 和美,1,52,53.4,0,0,0.14,6.68,47.93,67.77,6.83,50,61.11,30.77,46.85,29.46,45.54
2025-06-18,8,6,2025-06-18 12:45:00,4,マスターズリーグ第2戦マンスリーBOATRACE杯,1,3563,堤 昇,2,55,53.4,0,0,0.15,5.44,35.25,55.4,5.96,45.28,60.38,29.41,48.53,30.93,49.58
2025-06-18,8,6,2025-06-18 12:45:00,4,マスターズリーグ第2戦マンスリーBOATRACE杯,2,3072,西田 靖,3,63,52.3,0,0,0.15,4.63,30.12,42.17,4.67,40,40,29.27,56.91,37.02,51.06
2025-06-18,8,6,2025-06-18 12:45:00,4,マスターズリーグ第2戦マンスリーBOATRACE杯,3,4084,杉山 正樹,1,45,53.2,0,0,0.15,6.53,46.4,62.4,6.96,52.85,68.29,35.33,53.33,32.9,52.81
2025-06-18,8,6,2025-06-18 12:45:00,4,マスターズリーグ第2戦マンスリーBOATRACE杯,4,3832,下田 哲也,3,50,54.9,0,0,0.16,4.35,22.45,33.67,4.75,31.25,37.5,46.32,62.5,32.27,49.55
2025-06-18,8,6,2025-06-18 12:45:00,4,マスターズリーグ第2戦マンスリーBOATRACE杯,5,3775,泉 啓文,3,50,59.1,0,0,0.17,4.39,25.96,35.58,3.45,6.9,20.69,36.17,53.19,33.33,46.01
2025-06-18,8,6,2025-06-18 12:45:00,4,マスターズリーグ第2戦マンスリーBOATRACE杯,6,4102,益田 啓司,1,46,52,0,0,0.13,6.26,46.08,58.82,7,65,70,37.09,54.97,35.91,49.55
2025-06-18,8,7,2025-06-18 13:14:00,4,マスターズリーグ第2戦マンスリーBOATRACE杯,1,3439,大平 誉史明,3,55,52,0,0,0.16,5.53,38.74,53.15,6.34,46.88,56.25,38.13,51.08,37.24,55.23
2025-06-18,8,7,2025-06-18 13:14:00,4,マスターズリーグ第2戦マンスリーBOATRACE杯,2,3719,辻 栄蔵,1,50,52,0,0,0.15,7.16,53.51,71.05,7.17,56.67,73.33,42.31,60.9,34.42,50.23
2025-06-18,8,7,2025-06-18 13:14:00,4,マスターズリーグ第2戦マンスリーBOATRACE杯,3,3568,木村 光宏,3,54,54.5,0,0,0.17,3.81,14.29,27.14,4.77,22.73,45.45,30.3,43.18,31.17,51.08
2025-06-18,8,7,2025-06-18 13:14:00,4,マスターズリーグ第2戦マンスリーBOATRACE杯,4,3769,佐竹 恒彦,2,51,52,1,0,0.15,5.49,36.9,53.57,4.87,26.67,46.67,36.99,57.53,30.19,47.17
2025-06-18,8,7,2025-06-18 13:14:00,4,マスターズリーグ第2戦マンスリーBOATRACE杯,5,3176,長谷川 巌,3,61,52,0,0,0.18,4.32,24.44,37.78,4.76,20.59,38.24,45.45,67.13,32.34,51.91
2025-06-18,8,7,2025-06-18 13:14:00,4,マスターズリーグ第2戦マンスリーBOATRACE杯,6,3662,大庭 元明,2,55,56.1,0,0,0.15,5.75,41.74,56.52,5.63,37.5,62.5,32.19,46.58,33.33,48.29
2025-06-18,8,8,2025-06-18 13:44:00,4,マスターズリーグ第2戦マンスリーBOATRACE杯,1,3517,高橋 勲,3,57,55.5,0,0,0.15,5.77,39.67,57.85,0,0,0,30.53,48.85,31.31,53.27
2025-06-18,8,8,2025-06-18 13:44:00,4,マスターズリーグ第2戦マンスリーBOATRACE杯,2,3635,石田 政吾,2,54,52.2,0,0,0.16,5.48,38.94,55.75,6.33,51.11,71.11,30.43,43.48,33.04,48.26
2025-06-18,8,8,2025-06-18 13:44:00,4,マスターズリーグ第2戦マンスリーBOATRACE杯,3,3701,大西 隆洋,3,52,57.4,0,0,0.15,4.12,20.21,31.91,2.5,0,0,34.04,51.06,27.4,44.23
2025-06-18,8,8,2025-06-18 13:44:00,4,マスターズリーグ第2戦マンスリーBOATRACE杯,4,3445,加藤 高史,3,55,52.2,0,0,0.18,4.97,27.14,50,6.89,55.56,66.67,36.57,52.24,35.27,51.34
2025-06-18,8,8,2025-06-18 13:44:00,4,マスターズリーグ第2戦マンスリーBOATRACE杯,5,3554,仲口 博崇,1,52,51.5,0,0,0.18,6.29,47.06,62.5,6.69,52.27,72.73,46.58,72.6,27.78,44.44
2025-06-18,8,8,2025-06-18 13:44:00,4,マスターズリーグ第2戦マンスリーBOATRACE杯,6,3663,木山 和幸,3,55,51,0,0,0.16,5.2,32.33,48.87,5.17,33.33,50,38.62,53.1,48.75,66.25
2025-06-18,8,9,2025-06-18 14:16:00,4,マスターズリーグ第2戦マンスリーBOATRACE杯,1,3566,川添 英正,3,55,52,0,0,0.19,4.62,21,42,4.61,29.03,38.71,24.66,39.73,39.01,57.85
2025-06-18,8,9,2025-06-18 14:16:00,4,マスターズリーグ第2戦マンスリーBOATRACE杯,2,3567,吉岡 誠,3,54,55.4,0,0,0.13,3.75,16.67,29.17,4.05,22.73,36.36,34.69,48.3,37.25,55.47
2025-06-18,8,9,2025-06-18 14:16:00,4,マスターズリーグ第2戦マンスリーBOATRACE杯,3,3983,須藤 博倫,1,47,51,0,0,0.15,6.8,51.3,66.09,6.2,53.33,66.67,37.5,57.24,33.19,49.36
2025-06-18,8,9,2025-06-18 14:16:00,4,マスターズリーグ第2戦マンスリーBOATRACE杯,4,3912,川原 正明,2,51,52,0,0,0.14,5.59,44.07,55.08,0,0,0,33.57,52.14,40.35,57.89
2025-06-18,8,9,2025-06-18 14:16:00,4,マスターズリーグ第2戦マンスリーBOATRACE杯,5,3930,岸本 隆,3,49,54.4,0,0,0.15,5.64,41.67,52.78,7.33,66.67,66.67,36.3,50.37,39.11,51.56
2025-06-18,8,9,2025-06-18 14:16:00,4,マスターズリーグ第2戦マンスリーBOATRACE杯,6,3505,山田 竜一,2,54,52.1,0,0,0.14,5.38,35.2,55.2,5.24,24.14,48.28,30.43,51.45,34.69,55.51
2025-06-18,8,10,2025-06-18 14:50:00,4,マスターズリーグ第2戦マンスリーBOATRACE杯,1,3582,吉川 昭男,1,52,52.3,0,0,0.17,6,44.09,55.91,5.86,50,54.55,37.59,52.63,34.5,53.28
2025-06-18,8,10,2025-06-18 14:50:00,4,マスターズリーグ第2戦マンスリーBOATRACE杯,2,4082,濱崎 誠,4,45,52,0,0,0.14,4.95,32.14,46.43,0,0,0,34.31,54.01,37.82,58.4
2025-06-18,8,10,2025-06-18 14:50:00,4,マスターズリーグ第2戦マンスリーBOATRACE杯,3,3489,大場 敏,2,58,53,0,0,0.15,5.7,32.28,59.06,6.35,41.94,64.52,38.3,58.16,34.1,46.08
2025-06-18,8,10,2025-06-18 14:50:00,4,マスターズリーグ第2戦マンスリーBOATRACE杯,4,3072,西田 靖,3,63,52.3,0,0,0.15,4.63,30.12,42.17,4.67,40,40,29.27,56.91,37.02,51.06
2025-06-18,8,10,2025-06-18 14:50:00,4,マスターズリーグ第2戦マンスリーBOATRACE杯,5,3516,吉原 聖人,3,57,52,0,0,0.16,4.25,21.74,36.96,5.15,30.77,53.85,35.61,59.85,32.86,53.52
2025-06-18,8,10,2025-06-18 14:50:00,4,マスターズリーグ第2戦マンスリーBOATRACE杯,6,3717,立間 充宏,2,50,55.4,0,0,0.14,5.47,41.18,54.41,6.34,48.57,62.86,29.41,44.12,35.32,51.49
2025-06-18,8,11,2025-06-18 15:24:00,4,マスターズリーグ第2戦マンスリーBOATRACE杯,1,3909,佐々木 康幸,1,51,54.7,0,0,0.12,6.35,46.09,56.25,8.06,68.75,87.5,40,58.57,37.07,51.29
2025-06-18,8,11,2025-06-18 15:24:00,4,マスターズリーグ第2戦マンスリーBOATRACE杯,2,3769,佐竹 恒彦,2,51,52,1,0,0.15,5.49,36.9,53.57,4.87,26.67,46.67,36.99,57.53,30.19,47.17
2025-06-18,8,11,2025-06-18 15:24:00,4,マスターズリーグ第2戦マンスリーBOATRACE杯,3,3920,正木 聖賢,3,50,54.9,0,0,0.15,5.02,30,44,0,0,0,35.42,51.39,34.6,46.41
2025-06-18,8,11,2025-06-18 15:24:00,4,マスターズリーグ第2戦マンスリーBOATRACE杯,4,3436,柏野 幸二,2,56,51,0,0,0.13,5.7,32.22,53.33,5.4,32,60,35.29,50,31.53,53.15
2025-06-18,8,11,2025-06-18 15:24:00,4,マスターズリーグ第2戦マンスリーBOATRACE杯,5,3832,下田 哲也,3,50,54.9,0,0,0.16,4.35,22.45,33.67,4.75,31.25,37.5,46.32,62.5,32.27,49.55
2025-06-18,8,11,2025-06-18 15:24:00,4,マスターズリーグ第2戦マンスリーBOATRACE杯,6,3966,作間 章,1,45,52.6,0,0,0.16,5.95,41.84,61.7,5.56,31.25,50,30.22,46.76,31.56,48.44
2025-06-18,8,12,2025-06-18 16:02:00,4,マスターズリーグ第2戦マンスリーBOATRACE杯,1,3554,仲口 博崇,1,52,51.5,0,0,0.18,6.29,47.06,62.5,6.69,52.27,72.73,46.58,72.6,27.78,44.44
2025-06-18,8,12,2025-06-18 16:02:00,4,マスターズリーグ第2戦マンスリーBOATRACE杯,2,3557,太田 和美,1,52,53.4,0,0,0.14,6.68,47.93,67.77,6.83,50,61.11,30.77,46.85,29.46,45.54
2025-06-18,8,12,2025-06-18 16:02:00,4,マスターズリーグ第2戦マンスリーBOATRACE杯,3,3952,中澤 和志,1,48,52.3,0,0,0.13,7.03,51.56,72.66,7.17,50,75,42.14,56.43,38.79,56.03
2025-06-18,8,12,2025-06-18 16:02:00,4,マスターズリーグ第2戦マンスリーBOATRACE杯,4,4061,萩原 秀人,1,46,53.1,0,0,0.15,7.4,57.48,77.95,7.52,51.61,77.42,30.83,47.37,34.58,52.8
2025-06-18,8,12,2025-06-18 16:02:00,4,マスターズリーグ第2戦マンスリーBOATRACE杯,5,3719,辻 栄蔵,1,50,52,0,0,0.15,7.16,53.51,71.05,7.17,56.67,73.33,42.31,60.9,34.42,50.23
2025-06-18,8,12,2025-06-18 16:02:00,4,マスターズリーグ第2戦マンスリーBOATRACE杯,6,4084,杉山 正樹,1,45,53.2,0,0,0.15,6.53,46.4,62.4,6.96,52.85,68.29,35.33,53.33,32.9,52.81
2025-06-18,9,1,2025-06-18 10:30:00,5,日本財団会長杯争奪戦,1,5217,藤原 碧生,1,25,52,0,0,0.13,7.02,52.78,74.07,0,0,0,29.13,42.72,46.43,67.86
2025-06-18,9,1,2025-06-18 10:30:00,5,日本財団会長杯争奪戦,2,4203,小倉 康典,3,42,51,0,0,0.16,4.13,20.93,32.56,5.81,42.86,57.14,52.31,73.85,21.59,31.82
2025-06-18,9,1,2025-06-18 10:30:00,5,日本財団会長杯争奪戦,3,4251,川崎 誠志,3,42,52,0,0,0.2,4.53,24.14,39.66,3.36,9.09,21.21,35.23,48.86,29.13,48.54
2025-06-18,9,1,2025-06-18 10:30:00,5,日本財団会長杯争奪戦,4,4068,幸田 智裕,3,45,53.4,0,0,0.18,5.16,29.41,49.02,4.37,23.91,36.96,32.74,47.79,36.05,54.65
2025-06-18,9,1,2025-06-18 10:30:00,5,日本財団会長杯争奪戦,5,4332,村上 彰一,3,41,54.7,0,0,0.15,4.56,24,44,3.57,14.29,28.57,33.33,50,32.35,45.1
2025-06-18,9,1,2025-06-18 10:30:00,5,日本財団会長杯争奪戦,6,4164,岩永 節也,3,43,52,0,0,0.17,3.71,12.87,24.75,0,0,0,45.98,65.52,31.63,50
2025-06-18,9,2,2025-06-18 10:58:00,5,日本財団会長杯争奪戦,1,4181,花本 夏樹,3,41,52.5,0,0,0.17,4.27,19.83,36.36,4.52,21.85,36.97,23.81,40.95,19.74,31.58
2025-06-18,9,2,2025-06-18 10:58:00,5,日本財団会長杯争奪戦,2,4727,安部 慎一,3,37,53.7,0,0,0.14,4.41,27.06,38.82,0,0,0,27.08,41.67,35.56,46.67
2025-06-18,9,2,2025-06-18 10:58:00,5,日本財団会長杯争奪戦,3,3652,森下 勇,3,51,54.2,0,0,0.19,3.79,18.39,25.29,2.87,6.67,13.33,19.77,29.07,45.07,57.75
2025-06-18,9,2,2025-06-18 10:58:00,5,日本財団会長杯争奪戦,4,5259,野田 昇吾,3,31,56.4,0,0,0.17,2.99,8.79,20.88,1.3,0,0,50,63.51,29.21,42.7
2025-06-18,9,2,2025-06-18 10:58:00,5,日本財団会長杯争奪戦,5,5127,沼田 大都,3,28,51.5,0,0,0.19,4.92,25.71,49.52,3.31,8.47,22.03,30.59,47.06,28.85,50.96
2025-06-18,9,2,2025-06-18 10:58:00,5,日本財団会長杯争奪戦,6,5419,櫻井 隼,4,19,52,0,0,,1.42,0,0,0,0,0,28,52,32.69,48.08
2025-06-18,9,3,2025-06-18 11:27:00,5,日本財団会長杯争奪戦,1,4691,水原 慎,3,42,50.5,0,0,0.16,4.77,23.42,45.95,0,0,0,35.48,53.76,31.13,46.23
2025-06-18,9,3,2025-06-18 11:27:00,5,日本財団会長杯争奪戦,2,5330,安河内 鈴之介,3,21,51.5,0,0,0.16,4.92,29.17,46.67,0,0,0,33.01,49.51,28.13,45.83
2025-06-18,9,3,2025-06-18 11:27:00,5,日本財団会長杯争奪戦,3,4610,佐藤 大佑,2,34,53.9,0,0,0.16,5.81,45.26,55.47,6.26,48.15,55.56,40.57,61.32,27.55,48.98
2025-06-18,9,3,2025-06-18 11:27:00,5,日本財団会長杯争奪戦,4,4491,田中 堅,3,38,52,0,0,0.17,4.4,19.1,33.71,4.87,21.74,43.48,37.63,52.69,34.31,56.86
2025-06-18,9,3,2025-06-18 11:27:00,5,日本財団会長杯争奪戦,5,3542,清水 紀克,4,56,55.6,0,0,0.22,4.07,25.3,36.14,4.57,23.81,47.62,46.73,59.81,30.77,45.19
2025-06-18,9,3,2025-06-18 11:27:00,5,日本財団会長杯争奪戦,6,3422,服部 幸男,1,54,54.2,0,0,0.15,6.2,46.79,55.05,5.76,42.86,47.62,40.48,58.33,24.71,34.12
2025-06-18,9,4,2025-06-18 11:55:00,5,日本財団会長杯争奪戦,1,4213,重富 伸也,3,40,53.3,0,0,0.2,4.98,32,45,4.88,37.5,37.5,39.09,53.64,19.15,29.79
2025-06-18,9,4,2025-06-18 11:55:00,5,日本財団会長杯争奪戦,2,4953,尾上 雅也,1,30,52.4,0,0,0.15,6.45,48.53,64.71,0,0,0,30.53,57.89,29.7,47.52
2025-06-18,9,4,2025-06-18 11:55:00,5,日本財団会長杯争奪戦,3,3963,原田 秀弥,3,46,55.4,0,0,0.16,5.91,43.69,62.14,6.18,36.36,54.55,37.63,63.44,51.61,67.74
2025-06-18,9,4,2025-06-18 11:55:00,5,日本財団会長杯争奪戦,4,4485,楠原 正剛,2,39,53.5,0,0,0.15,5.56,37.5,50,0,0,0,45.87,64.22,25.58,47.67
2025-06-18,9,4,2025-06-18 11:55:00,5,日本財団会長杯争奪戦,5,5065,伊久間 陽優,3,26,52.1,0,0,0.16,4.86,28.4,50.62,1.89,0,11.11,29,48,29.81,50
2025-06-18,9,4,2025-06-18 11:55:00,5,日本財団会長杯争奪戦,6,4933,板橋 侑我,2,29,52.5,0,0,0.16,7.11,56.82,73.48,0,0,0,30.09,50.44,37.78,58.89
2025-06-18,9,5,2025-06-18 12:23:00,5,日本財団会長杯争奪戦,1,4545,岡村 慶太,1,37,54.1,0,0,0.14,6.36,43.59,65.81,6.94,55.56,66.67,38.46,57.14,33.33,50.98
2025-06-18,9,5,2025-06-18 12:23:00,5,日本財団会長杯争奪戦,2,4592,小林 孝弘,3,44,51,0,0,0.16,4.65,25,47.92,3.36,9.09,18.18,44.93,63.77,34.65,51.49
2025-06-18,9,5,2025-06-18 12:23:00,5,日本財団会長杯争奪戦,3,4186,小川 時光,3,44,54.7,1,0,0.17,3.15,12.77,21.28,4.67,33.33,44.44,43.21,65.43,30.69,47.52
2025-06-18,9,5,2025-06-18 12:23:00,5,日本財団会長杯争奪戦,4,5130,上野 拓馬,3,27,52.8,0,0,0.18,3.87,17.7,29.2,4.59,24.71,41.76,35.65,46.96,29.29,44.44
2025-06-18,9,5,2025-06-18 12:23:00,5,日本財団会長杯争奪戦,5,4815,伏島 祐介,3,34,53.3,0,0,0.18,4.94,30.12,49.4,4.96,30.77,46.15,30.12,49.4,46.91,64.2
2025-06-18,9,5,2025-06-18 12:23:00,5,日本財団会長杯争奪戦,6,5402,塚越 陸斗,4,22,54.1,0,0,,1.44,0,0,0,0,0,35.42,52.08,14.81,27.78
2025-06-18,9,6,2025-06-18 12:53:00,5,日本財団会長杯争奪戦,1,4339,平瀬 城啓,3,41,55.4,0,0,0.17,4.04,16.82,33.64,3.61,11.11,33.33,38.14,47.46,38.16,47.37
2025-06-18,9,6,2025-06-18 12:53:00,5,日本財団会長杯争奪戦,2,5100,栗原 一馬,3,28,54.5,0,0,0.16,3.3,20.45,25,4.57,42.86,42.86,26.88,34.41,31.25,51.25
2025-06-18,9,6,2025-06-18 12:53:00,5,日本財団会長杯争奪戦,3,4436,渋谷 明憲,1,39,52.6,0,0,0.15,5.96,44.25,61.95,6.15,46.34,65.85,44.09,63.44,29.52,47.62
2025-06-18,9,6,2025-06-18 12:53:00,5,日本財団会長杯争奪戦,4,3583,齋藤 智裕,3,52,58.4,0,0,0.16,3.38,10,22.5,2.22,0,0,31,49,35.48,51.61
2025-06-18,9,6,2025-06-18 12:53:00,5,日本財団会長杯争奪戦,5,4251,川崎 誠志,3,42,52,0,0,0.2,4.53,24.14,39.66,3.36,9.09,21.21,35.23,48.86,29.13,48.54
2025-06-18,9,6,2025-06-18 12:53:00,5,日本財団会長杯争奪戦,6,4370,山口 達也,1,38,52.4,0,0,0.15,6.65,53.28,60.66,6.05,50,54.55,50,61.46,27.27,44.16
2025-06-18,9,7,2025-06-18 13:23:00,5,日本財団会長杯争奪戦,1,4332,村上 彰一,3,41,54.7,0,0,0.15,4.56,24,44,3.57,14.29,28.57,33.33,50,32.35,45.1
2025-06-18,9,7,2025-06-18 13:23:00,5,日本財団会長杯争奪戦,2,4109,谷津 幸宏,2,45,52.8,0,0,0.12,6.53,46.67,65.83,5,25,50,45.95,68.92,37.14,53.33
2025-06-18,9,7,2025-06-18 13:23:00,5,日本財団会長杯争奪戦,3,3542,清水 紀克,4,56,55.6,0,0,0.22,4.07,25.3,36.14,4.57,23.81,47.62,46.73,59.81,30.77,45.19
2025-06-18,9,7,2025-06-18 13:23:00,5,日本財団会長杯争奪戦,4,4066,東本 勝利,1,45,52.5,0,0,0.15,6.36,42.37,69.49,6.44,50,65.48,38.46,53.85,29.47,41.05
2025-06-18,9,7,2025-06-18 13:23:00,5,日本財団会長杯争奪戦,5,3652,森下 勇,3,51,54.2,0,0,0.19,3.79,18.39,25.29,2.87,6.67,13.33,19.77,29.07,45.07,57.75
2025-06-18,9,7,2025-06-18 13:23:00,5,日本財団会長杯争奪戦,6,4207,松下 一也,2,42,53.9,0,0,0.13,6.31,49.57,66.96,6.09,46.3,55.56,37.25,55.88,35.71,57.14
2025-06-18,9,8,2025-06-18 13:56:00,5,日本財団会長杯争奪戦,1,3963,原田 秀弥,3,46,55.4,0,0,0.16,5.91,43.69,62.14,6.18,36.36,54.55,37.63,63.44,51.61,67.74
2025-06-18,9,8,2025-06-18 13:56:00,5,日本財団会長杯争奪戦,2,5259,野田 昇吾,3,31,56.4,0,0,0.17,2.99,8.79,20.88,1.3,0,0,50,63.51,29.21,42.7
2025-06-18,9,8,2025-06-18 13:56:00,5,日本財団会長杯争奪戦,3,3995,重野 哲之,1,46,52.5,0,0,0.12,6.73,48.75,66.25,7.21,50,75,38.32,56.07,35.64,56.44
2025-06-18,9,8,2025-06-18 13:56:00,5,日本財団会長杯争奪戦,4,4876,梅木 敬太,3,30,52.7,0,0,0.18,4.75,27.72,44.55,4.44,31.25,43.75,23.68,32.89,35.24,52.38
2025-06-18,9,8,2025-06-18 13:56:00,5,日本財団会長杯争奪戦,5,4203,小倉 康典,3,42,51,0,0,0.16,4.13,20.93,32.56,5.81,42.86,57.14,52.31,73.85,21.59,31.82
2025-06-18,9,8,2025-06-18 13:56:00,5,日本財団会長杯争奪戦,6,4610,佐藤 大佑,2,34,53.9,0,0,0.16,5.81,45.26,55.47,6.26,48.15,55.56,40.57,61.32,27.55,48.98
2025-06-18,9,9,2025-06-18 14:31:00,5,日本財団会長杯争奪戦,1,5095,小原 聡将,2,31,52,0,0,0.14,5.71,39.05,57.14,5.06,37.5,50,37.78,50,41.76,59.34
2025-06-18,9,9,2025-06-18 14:31:00,5,日本財団会長杯争奪戦,2,4491,田中 堅,3,38,52,0,0,0.17,4.4,19.1,33.71,4.87,21.74,43.48,37.63,52.69,34.31,56.86
2025-06-18,9,9,2025-06-18 14:31:00,5,日本財団会長杯争奪戦,3,4933,板橋 侑我,2,29,52.5,0,0,0.16,7.11,56.82,73.48,0,0,0,30.09,50.44,37.78,58.89
2025-06-18,9,9,2025-06-18 14:31:00,5,日本財団会長杯争奪戦,4,4596,葛原 大陽,1,42,53.2,0,0,0.15,6.47,42.98,71.07,6.56,56.25,62.5,18.29,26.83,36.11,51.85
2025-06-18,9,9,2025-06-18 14:31:00,5,日本財団会長杯争奪戦,5,4181,花本 夏樹,3,41,52.5,0,0,0.17,4.27,19.83,36.36,4.52,21.85,36.97,23.81,40.95,19.74,31.58
2025-06-18,9,9,2025-06-18 14:31:00,5,日本財団会長杯争奪戦,6,4186,小川 時光,3,44,54.7,1,0,0.17,3.15,12.77,21.28,4.67,33.33,44.44,43.21,65.43,30.69,47.52
2025-06-18,9,10,2025-06-18 15:06:00,5,日本財団会長杯争奪戦,1,4485,楠原 正剛,2,39,53.4,0,0,0.15,5.56,37.5,50,0,0,0,45.87,64.22,25.58,47.67
2025-06-18,9,10,2025-06-18 15:06:00,5,日本財団会長杯争奪戦,2,4164,岩永 節也,3,43,51.5,0,0,0.17,3.71,12.87,24.75,0,0,0,45.98,65.52,31.63,50
2025-06-18,9,10,2025-06-18 15:06:00,5,日本財団会長杯争奪戦,3,4188,久田 敏之,1,44,52,0,0,0.14,7.2,52.67,72.52,7.45,55,70,29.51,45.9,28.24,44.71
2025-06-18,9,10,2025-06-18 15:06:00,5,日本財団会長杯争奪戦,4,4592,小林 孝弘,3,44,50.5,0,0,0.16,4.65,25,47.92,3.36,9.09,18.18,44.93,63.77,34.65,51.49
2025-06-18,9,10,2025-06-18 15:06:00,5,日本財団会長杯争奪戦,5,4727,安部 慎一,3,37,53.4,0,0,0.14,4.41,27.06,38.82,0,0,0,27.08,41.67,35.56,46.67
2025-06-18,9,10,2025-06-18 15:06:00,5,日本財団会長杯争奪戦,6,4436,渋谷 明憲,1,39,52,0,0,0.15,5.96,44.25,61.95,6.15,46.34,65.85,44.09,63.44,29.52,47.62
2025-06-18,9,11,2025-06-18 15:40:00,5,日本財団会長杯争奪戦,1,3576,白水 勝也,1,52,52.1,0,0,0.16,6.37,46.49,70.18,6.16,42.11,57.89,33.33,47.44,31.52,44.57
2025-06-18,9,11,2025-06-18 15:40:00,5,日本財団会長杯争奪戦,2,4207,松下 一也,2,42,53.9,0,0,0.13,6.31,49.57,66.96,6.09,46.3,55.56,37.25,55.88,35.71,57.14
2025-06-18,9,11,2025-06-18 15:40:00,5,日本財団会長杯争奪戦,3,4815,伏島 祐介,3,34,53.3,0,0,0.18,4.94,30.12,49.4,4.96,30.77,46.15,30.12,49.4,46.91,64.2
2025-06-18,9,11,2025-06-18 15:40:00,5,日本財団会長杯争奪戦,4,4263,武重 雄介,2,41,54.6,0,0,0.16,6.29,45.3,65.81,6.3,50,50,36.28,62.83,38.68,50
2025-06-18,9,11,2025-06-18 15:40:00,5,日本財団会長杯争奪戦,5,4691,水原 慎,3,42,50.5,0,0,0.16,4.77,23.42,45.95,0,0,0,35.48,53.76,31.13,46.23
2025-06-18,9,11,2025-06-18 15:40:00,5,日本財団会長杯争奪戦,6,4953,尾上 雅也,1,30,52.4,0,0,0.15,6.45,48.53,64.71,0,0,0,30.53,57.89,29.7,47.52
2025-06-18,9,12,2025-06-18 16:15:00,5,日本財団会長杯争奪戦,1,3995,重野 哲之,1,46,52.5,0,0,0.12,6.73,48.75,66.25,7.21,50,75,38.32,56.07,35.64,56.44
2025-06-18,9,12,2025-06-18 16:15:00,5,日本財団会長杯争奪戦,2,4370,山口 達也,1,38,52.4,0,0,0.15,6.65,53.28,60.66,6.05,50,54.55,50,61.46,27.27,44.16
2025-06-18,9,12,2025-06-18 16:15:00,5,日本財団会長杯争奪戦,3,3422,服部 幸男,1,54,54.2,0,0,0.15,6.2,46.79,55.05,5.76,42.86,47.62,40.48,58.33,24.71,34.12
2025-06-18,9,12,2025-06-18 16:15:00,5,日本財団会長杯争奪戦,4,4545,岡村 慶太,1,37,54.1,0,0,0.14,6.36,43.59,65.81,6.94,55.56,66.67,38.46,57.14,33.33,50.98
2025-06-18,9,12,2025-06-18 16:15:00,5,日本財団会長杯争奪戦,5,5217,藤原 碧生,1,25,52,0,0,0.13,7.02,52.78,74.07,0,0,0,29.13,42.72,46.43,67.86
2025-06-18,9,12,2025-06-18 16:15:00,5,日本財団会長杯争奪戦,6,4066,東本 勝利,1,45,52.5,0,0,0.15,6.36,42.37,69.49,6.44,50,65.48,38.46,53.85,29.47,41.05
2025-06-18,10,1,2025-06-18 08:32:00,5,福井ユナイテッド杯,1,4013,中島 孝平,1,45,52,0,0,0.12,7.3,53.4,66.99,7.44,56.64,77.88,24.66,32.88,34.72,51.39
2025-06-18,10,1,2025-06-18 08:32:00,5,福井ユナイテッド杯,2,4813,宮内 直哉,3,35,52.2,0,0,0.18,4.01,24.14,35.63,4.89,33.33,50,31.94,48.61,33.33,46.38
2025-06-18,10,1,2025-06-18 08:32:00,5,福井ユナイテッド杯,3,4327,加藤 翔,3,42,52.2,0,0,0.2,4.03,18,33,3.88,12.5,41.67,28,38.67,37.14,54.29
2025-06-18,10,1,2025-06-18 08:32:00,5,福井ユナイテッド杯,4,4879,山崎 鉄平,3,30,52.6,0,0,0.16,5.38,36.05,48.84,0,0,0,35.14,45.95,40,53.33
2025-06-18,10,1,2025-06-18 08:32:00,5,福井ユナイテッド杯,5,4078,渡辺 史之,3,46,51.5,0,0,0.18,3.42,15.56,24.44,3.57,14.29,28.57,36.99,50.68,42.65,61.76
2025-06-18,10,1,2025-06-18 08:32:00,5,福井ユナイテッド杯,6,4919,吉田 翔悟,3,34,52.5,0,0,0.14,5,31.17,48.05,4.57,23.81,47.62,20,36,27.03,44.59
2025-06-18,10,2,2025-06-18 08:58:00,5,福井ユナイテッド杯,1,4604,岩瀬 裕亮,1,37,53,0,0,0.14,7.24,50,75.78,6.46,42.31,57.69,38.03,59.15,16.22,41.89
2025-06-18,10,2,2025-06-18 08:58:00,5,福井ユナイテッド杯,2,4760,山崎 郡,1,35,52,0,0,0.13,7.26,50,68.18,7.81,56.25,75,30.77,51.28,40.28,54.17
2025-06-18,10,2,2025-06-18 08:58:00,5,福井ユナイテッド杯,3,5247,大森 翼,3,23,52.1,0,0,0.19,3.94,12.63,34.74,2.98,9.09,18.18,34.78,55.07,23.94,45.07
2025-06-18,10,2,2025-06-18 08:58:00,5,福井ユナイテッド杯,4,4465,大西 賢,3,38,52,0,0,0.17,3.85,15.79,29.47,0,0,0,30.16,44.44,35.71,50
2025-06-18,10,2,2025-06-18 08:58:00,5,福井ユナイテッド杯,5,5128,坪井 爽佑,4,28,58.6,0,0,0.17,3.27,16.33,22.45,4.07,26.67,33.33,31.43,51.43,31.51,50.68
2025-06-18,10,2,2025-06-18 08:58:00,5,福井ユナイテッド杯,6,3699,富永 正人,3,52,53,0,0,0.17,4.57,30.56,44.44,4.94,28.57,54.29,35.14,54.05,27.94,45.59
2025-06-18,10,3,2025-06-18 09:24:00,5,福井ユナイテッド杯,1,4290,稲田 浩二,1,40,52.2,0,0,0.12,7.18,48.09,67.18,7.47,55.56,71.11,25.97,48.05,44,54.67
2025-06-18,10,3,2025-06-18 09:24:00,5,福井ユナイテッド杯,2,5208,屋良 龍紀,3,27,51,0,0,0.14,4.16,18.63,35.29,5.57,28.57,57.14,40.91,56.06,36.11,55.56
2025-06-18,10,3,2025-06-18 09:24:00,5,福井ユナイテッド杯,3,4276,鈴木 勝博,2,42,52.3,0,0,0.13,6.76,55.37,66.94,7.1,50,70,30.14,45.21,33.78,47.3
2025-06-18,10,3,2025-06-18 09:24:00,5,福井ユナイテッド杯,4,4219,本岡 勝利,3,43,54.2,0,0,0.19,4.03,18.26,35.65,4.33,16.67,33.33,29.17,47.22,32.89,50
2025-06-18,10,3,2025-06-18 09:24:00,5,福井ユナイテッド杯,5,4692,酒井 俊弘,3,41,52,1,0,0.16,4.2,22.22,32.1,5.52,41.94,55.65,40.85,59.15,27.14,44.29
2025-06-18,10,3,2025-06-18 09:24:00,5,福井ユナイテッド杯,6,5110,杉山 喜一,3,25,52,0,0,0.17,5.35,31.19,51.38,3.94,16.67,22.22,29.87,45.45,29.85,53.73
2025-06-18,10,4,2025-06-18 09:50:00,5,福井ユナイテッド杯,1,3158,島川 光男,1,60,53.2,0,0,0.15,5.57,40.74,51.85,6.29,50,68.42,30.14,39.73,34.29,50
2025-06-18,10,4,2025-06-18 09:50:00,5,福井ユナイテッド杯,2,3940,飯山 泰,2,47,52.5,0,0,0.15,6.38,44.12,63.97,7.2,62.5,75,29.73,47.3,25.33,44
2025-06-18,10,4,2025-06-18 09:50:00,5,福井ユナイテッド杯,3,4047,吉永 浩則,3,45,53.6,0,0,0.15,3.49,14.29,27.14,4.55,10,50,42.03,62.32,44.44,63.89
2025-06-18,10,4,2025-06-18 09:50:00,5,福井ユナイテッド杯,4,4623,中北 将史,3,40,53.9,0,0,0.16,4.39,21.3,38.89,4.16,20.93,34.88,23.68,36.84,36.36,50
2025-06-18,10,4,2025-06-18 09:50:00,5,福井ユナイテッド杯,5,5405,竹内 来,4,20,52,0,0,,1.12,0,0,0,0,0,33.33,52,46.58,60.27
2025-06-18,10,4,2025-06-18 09:50:00,5,福井ユナイテッド杯,6,3779,原田 幸哉,1,49,52.4,0,0,0.12,7.23,50.39,65.35,7.78,44.44,55.56,29.73,40.54,27.4,42.47
2025-06-18,10,5,2025-06-18 10:18:00,5,福井ユナイテッド杯,1,4327,加藤 翔,3,42,52.2,0,0,0.2,4.03,18,33,3.88,12.5,41.67,28,38.67,37.14,54.29
2025-06-18,10,5,2025-06-18 10:18:00,5,福井ユナイテッド杯,2,4887,富澤 祐作,2,38,55,0,0,0.12,5.59,42.55,55.32,5.44,38.18,54.55,36,50.67,41.89,60.81
2025-06-18,10,5,2025-06-18 10:18:00,5,福井ユナイテッド杯,3,4143,浦田 晃嗣,3,43,56.5,0,0,0.14,4.77,30,43,4.63,18.75,31.25,32.47,49.35,20,41.43
2025-06-18,10,5,2025-06-18 10:18:00,5,福井ユナイテッド杯,4,3388,今垣 光太郎,1,55,52.2,0,0,0.18,6.96,46,65,8.23,73.88,82.84,13.85,30.77,27.27,36.36
2025-06-18,10,5,2025-06-18 10:18:00,5,福井ユナイテッド杯,5,4978,山田 和佐,3,31,53.5,0,0,0.17,3.82,16.13,32.26,3.04,17.39,26.09,45.33,61.33,22.54,36.62
2025-06-18,10,5,2025-06-18 10:18:00,5,福井ユナイテッド杯,6,4067,永井 源,1,45,52.9,0,0,0.17,6.24,48.95,63.64,6.5,50,70,27.5,45,37.88,59.09
2025-06-18,10,6,2025-06-18 10:48:00,5,福井ユナイテッド杯,1,3589,西村 勝,3,51,55.6,0,0,0.16,4.25,20,37.5,5.24,37.84,45.95,31.71,45.12,43.94,62.12
2025-06-18,10,6,2025-06-18 10:48:00,5,福井ユナイテッド杯,2,4078,渡辺 史之,3,46,51.5,0,0,0.18,3.42,15.56,24.44,3.57,14.29,28.57,36.99,50.68,42.65,61.76
2025-06-18,10,6,2025-06-18 10:48:00,5,福井ユナイテッド杯,3,3987,後藤 正宗,2,47,52.9,1,0,0.14,5.77,42.11,54.89,5.25,35.29,45.1,40,65.71,35.82,58.21
2025-06-18,10,6,2025-06-18 10:48:00,5,福井ユナイテッド杯,4,4682,大上 卓人,1,34,52.2,0,0,0.15,7.17,51.45,72.46,6.69,51.43,68.57,32.39,39.44,50.72,69.57
2025-06-18,10,6,2025-06-18 10:48:00,5,福井ユナイテッド杯,5,3776,横井 健太,3,50,54.9,0,0,0.18,3.71,14.14,26.26,3.72,15.38,25.64,44.29,62.86,21.33,37.33
2025-06-18,10,6,2025-06-18 10:48:00,5,福井ユナイテッド杯,6,3211,北川 敏弘,3,63,54,0,0,0.17,3.81,14.81,29.63,2.67,0,0,32.43,45.95,31.94,43.06
2025-06-18,10,7,2025-06-18 11:20:00,5,福井ユナイテッド杯,1,4465,大西 賢,3,38,52,0,0,0.17,3.85,15.79,29.47,0,0,0,30.16,44.44,35.71,50
2025-06-18,10,7,2025-06-18 11:20:00,5,福井ユナイテッド杯,2,5319,近藤 颯斗,3,24,52,0,0,0.21,4.01,21.3,33.33,1.48,0,4,34.72,48.61,27.63,43.42
2025-06-18,10,7,2025-06-18 11:20:00,5,福井ユナイテッド杯,3,3992,関口 智久,2,46,54.6,0,0,0.15,5.16,29.29,44.44,5.64,42.86,50,33.33,48.61,38.89,54.17
2025-06-18,10,7,2025-06-18 11:20:00,5,福井ユナイテッド杯,4,5208,屋良 龍紀,3,27,51,0,0,0.14,4.16,18.63,35.29,5.57,28.57,57.14,40.91,56.06,36.11,55.56
2025-06-18,10,7,2025-06-18 11:20:00,5,福井ユナイテッド杯,5,5275,松田 淳平,3,23,52.1,0,0,0.16,4.77,26.67,42.22,3.54,7.69,26.92,24.32,40.54,36,49.33
2025-06-18,10,7,2025-06-18 11:20:00,5,福井ユナイテッド杯,6,4445,宮地 元輝,1,38,55.7,0,0,0.12,7.26,47.01,65.81,7.06,33.33,55.56,39.19,64.86,29.09,45.45
2025-06-18,10,8,2025-06-18 11:52:00,5,福井ユナイテッド杯,1,4872,山下 流心,3,32,53.6,0,0,0.16,4.29,20.93,37.21,4.33,13.33,40,31.33,49.4,23.29,47.95
2025-06-18,10,8,2025-06-18 11:52:00,5,福井ユナイテッド杯,2,5247,大森 翼,3,23,52.1,0,0,0.19,3.94,12.63,34.74,2.98,9.09,18.18,34.78,55.07,23.94,45.07
2025-06-18,10,8,2025-06-18 11:52:00,5,福井ユナイテッド杯,3,4581,吉村 誠,2,35,52,0,0,0.14,6.21,44.35,66.96,5.74,42.86,52.38,32.39,52.11,37.66,54.55
2025-06-18,10,8,2025-06-18 11:52:00,5,福井ユナイテッド杯,4,4822,百武 翔,2,32,52,0,0,0.17,5.79,40.48,56.35,3.75,12.5,12.5,28.77,42.47,49.3,60.56
2025-06-18,10,8,2025-06-18 11:52:00,5,福井ユナイテッド杯,5,5318,河内 一馬,4,24,54.4,0,0,0.19,2.5,1.83,11.93,1.74,3.7,3.7,24.69,44.44,25.4,46.03
2025-06-18,10,8,2025-06-18 11:52:00,5,福井ユナイテッド杯,6,4047,吉永 浩則,3,45,53.6,0,0,0.15,3.49,14.29,27.14,4.55,10,50,42.03,62.32,44.44,63.89
2025-06-18,10,9,2025-06-18 12:24:00,5,福井ユナイテッド杯,1,4988,牟田 奨太,3,28,55.9,0,0,0.14,4.19,29.21,37.08,5.43,39.13,47.83,49.33,65.33,26.67,46.67
2025-06-18,10,9,2025-06-18 12:24:00,5,福井ユナイテッド杯,2,5128,坪井 爽佑,4,28,58.2,0,0,0.17,3.27,16.33,22.45,4.07,26.67,33.33,31.43,51.43,31.51,50.68
2025-06-18,10,9,2025-06-18 12:24:00,5,福井ユナイテッド杯,3,4887,富澤 祐作,2,38,54.5,0,0,0.12,5.59,42.55,55.32,5.44,38.18,54.55,36,50.67,41.89,60.81
2025-06-18,10,9,2025-06-18 12:24:00,5,福井ユナイテッド杯,4,3158,島川 光男,1,60,52.2,0,0,0.15,5.57,40.74,51.85,6.29,50,68.42,30.14,39.73,34.29,50
2025-06-18,10,9,2025-06-18 12:24:00,5,福井ユナイテッド杯,5,4276,鈴木 勝博,2,42,52,0,0,0.13,6.76,55.37,66.94,7.1,50,70,30.14,45.21,33.78,47.3
2025-06-18,10,9,2025-06-18 12:24:00,5,福井ユナイテッド杯,6,4092,岡部 大輔,3,44,52,0,0,0.15,5.34,36.7,51.38,6.6,51.06,68.09,31.08,54.05,29.58,43.66
2025-06-18,10,10,2025-06-18 12:58:00,5,福井ユナイテッド杯,1,4879,山崎 鉄平,3,30,52.6,0,0,0.16,5.38,36.05,48.84,0,0,0,35.14,45.95,40,53.33
2025-06-18,10,10,2025-06-18 12:58:00,5,福井ユナイテッド杯,2,4067,永井 源,1,45,52.9,0,0,0.17,6.24,48.95,63.64,6.5,50,70,27.5,45,37.88,59.09
2025-06-18,10,10,2025-06-18 12:58:00,5,福井ユナイテッド杯,3,3699,富永 正人,3,52,53,0,0,0.17,4.57,30.56,44.44,4.94,28.57,54.29,35.14,54.05,27.94,45.59
2025-06-18,10,10,2025-06-18 12:58:00,5,福井ユナイテッド杯,4,3987,後藤 正宗,2,47,52.9,1,0,0.14,5.77,42.11,54.89,5.25,35.29,45.1,40,65.71,35.82,58.21
2025-06-18,10,10,2025-06-18 12:58:00,5,福井ユナイテッド杯,5,3940,飯山 泰,2,47,52.5,0,0,0.15,6.38,44.12,63.97,7.2,62.5,75,29.73,47.3,25.33,44
2025-06-18,10,10,2025-06-18 12:58:00,5,福井ユナイテッド杯,6,4219,本岡 勝利,3,43,54.2,0,0,0.19,4.03,18.26,35.65,4.33,16.67,33.33,29.17,47.22,32.89,50
2025-06-18,10,11,2025-06-18 13:35:00,5,福井ユナイテッド杯,1,4623,中北 将史,3,40,53.9,0,0,0.16,4.39,21.3,38.89,4.16,20.93,34.88,23.68,36.84,36.36,50
2025-06-18,10,11,2025-06-18 13:35:00,5,福井ユナイテッド杯,2,3992,関口 智久,2,46,54.6,0,0,0.15,5.16,29.29,44.44,5.64,42.86,50,33.33,48.61,38.89,54.17
2025-06-18,10,11,2025-06-18 13:35:00,5,福井ユナイテッド杯,3,5110,杉山 喜一,3,25,52,0,0,0.17,5.35,31.19,51.38,3.94,16.67,22.22,29.87,45.45,29.85,53.73
2025-06-18,10,11,2025-06-18 13:35:00,5,福井ユナイテッド杯,4,4604,岩瀬 裕亮,1,37,53,0,0,0.14,7.24,50,75.78,6.46,42.31,57.69,38.03,59.15,16.22,41.89
2025-06-18,10,11,2025-06-18 13:35:00,5,福井ユナイテッド杯,5,4813,宮内 直哉,3,35,52.2,0,0,0.18,4.01,24.14,35.63,4.89,33.33,50,31.94,48.61,33.33,46.38
2025-06-18,10,11,2025-06-18 13:35:00,5,福井ユナイテッド杯,6,4682,大上 卓人,1,34,52.2,0,0,0.15,7.17,51.45,72.46,6.69,51.43,68.57,32.39,39.44,50.72,69.57
2025-06-18,10,12,2025-06-18 14:10:00,5,福井ユナイテッド杯,1,3388,今垣 光太郎,1,55,52.2,0,0,0.18,6.96,46,65,8.23,73.88,82.84,13.85,30.77,27.27,36.36
2025-06-18,10,12,2025-06-18 14:10:00,5,福井ユナイテッド杯,2,4445,宮地 元輝,1,38,55.7,0,0,0.12,7.26,47.01,65.81,7.06,33.33,55.56,39.19,64.86,29.09,45.45
2025-06-18,10,12,2025-06-18 14:10:00,5,福井ユナイテッド杯,3,3779,原田 幸哉,1,49,52.4,0,0,0.12,7.23,50.39,65.35,7.78,44.44,55.56,29.73,40.54,27.4,42.47
2025-06-18,10,12,2025-06-18 14:10:00,5,福井ユナイテッド杯,4,4013,中島 孝平,1,45,52,0,0,0.12,7.3,53.4,66.99,7.44,56.64,77.88,24.66,32.88,34.72,51.39
2025-06-18,10,12,2025-06-18 14:10:00,5,福井ユナイテッド杯,5,4290,稲田 浩二,1,40,52.2,0,0,0.12,7.18,48.09,67.18,7.47,55.56,71.11,25.97,48.05,44,54.67
2025-06-18,10,12,2025-06-18 14:10:00,5,福井ユナイテッド杯,6,4760,山崎 郡,1,35,52,0,0,0.13,7.26,50,68.18,7.81,56.25,75,30.77,51.28,40.28,54.17
2025-06-18,12,1,2025-06-18 15:16:00,5,日本財団会長旗争奪第39回住之江王冠競走,1,3904,森 貴洋,2,47,52.7,0,0,0.16,5.33,33.98,53.4,6.4,50.53,71.58,20,27.5,23.81,40.48
2025-06-18,12,1,2025-06-18 15:16:00,5,日本財団会長旗争奪第39回住之江王冠競走,2,3304,烏野 賢太,3,57,52,0,0,0.16,5.94,38.18,59.09,5.52,34.48,44.83,15.38,43.59,32.56,44.19
2025-06-18,12,1,2025-06-18 15:16:00,5,日本財団会長旗争奪第39回住之江王冠競走,3,3834,細川 明人,3,50,54.3,0,0,0.17,3.81,26.47,32.35,4.74,32.26,51.61,41.46,51.22,52.94,70.59
2025-06-18,12,1,2025-06-18 15:16:00,5,日本財団会長旗争奪第39回住之江王冠競走,4,3564,桑原 啓,3,55,52.4,1,0,0.15,4.57,26.09,38.26,4.48,25.93,40.74,36.36,56.82,17.14,22.86
2025-06-18,12,1,2025-06-18 15:16:00,5,日本財団会長旗争奪第39回住之江王冠競走,5,3986,沖島 広和,3,47,55,0,0,0.19,4.95,28.85,46.15,5.48,32,52,43.9,51.22,24.49,42.86
2025-06-18,12,1,2025-06-18 15:16:00,5,日本財団会長旗争奪第39回住之江王冠競走,6,5300,横田 海人,4,22,52,0,0,0.17,2.47,10.47,13.95,0,0,0,25.71,34.29,38.46,57.69
2025-06-18,12,2,2025-06-18 15:47:00,5,日本財団会長旗争奪第39回住之江王冠競走,1,4505,島田 賢人,1,37,52.9,0,0,0.14,6.24,43.62,65.96,5.4,30,40,33.33,58.33,32.35,44.12
2025-06-18,12,2,2025-06-18 15:47:00,5,日本財団会長旗争奪第39回住之江王冠競走,2,3981,今坂 晃広,3,47,53.3,0,0,0.18,4.38,24.42,40.7,2.88,12,16,17.95,25.64,37.04,48.15
2025-06-18,12,2,2025-06-18 15:47:00,5,日本財団会長旗争奪第39回住之江王冠競走,3,4693,松下 誉士,3,41,52.5,0,0,0.17,4.3,20.51,35.9,3.27,13.33,26.67,57.14,68.57,47.62,57.14
2025-06-18,12,2,2025-06-18 15:47:00,5,日本財団会長旗争奪第39回住之江王冠競走,4,3948,大町 利克,3,49,52.6,0,0,0.19,4.31,21.84,36.78,4.08,15.38,38.46,28.95,55.26,26.47,41.18
2025-06-18,12,2,2025-06-18 15:47:00,5,日本財団会長旗争奪第39回住之江王冠競走,5,3584,佐々木 英樹,3,52,53.1,0,0,0.18,4.69,29.29,41.41,4.7,40,40,14.63,46.34,47.06,64.71
2025-06-18,12,2,2025-06-18 15:47:00,5,日本財団会長旗争奪第39回住之江王冠競走,6,5282,中本 大樹,4,22,53.9,0,0,0.16,4.08,22.08,32.47,2.93,14.29,21.43,29.73,45.95,34.21,44.74
2025-06-18,12,3,2025-06-18 16:11:00,5,日本財団会長旗争奪第39回住之江王冠競走,1,4095,福来 剛,1,44,52,0,0,0.14,6.87,47.17,60.38,6.19,48.15,51.85,13.95,25.58,22.5,45
2025-06-18,12,3,2025-06-18 16:11:00,5,日本財団会長旗争奪第39回住之江王冠競走,2,5114,小林 孝彰,3,25,52.6,0,0,0.16,5.89,39.56,57.14,3.75,8.33,16.67,32.43,48.65,40.63,59.38
2025-06-18,12,3,2025-06-18 16:11:00,5,日本財団会長旗争奪第39回住之江王冠競走,3,4359,横川 聖志,3,40,55.1,0,0,0.14,4.84,27.55,41.84,4.17,16.67,33.33,55.56,72.22,29.41,44.12
2025-06-18,12,3,2025-06-18 16:11:00,5,日本財団会長旗争奪第39回住之江王冠競走,4,4486,野村 誠,2,39,51.5,1,0,0.16,5.97,44.04,66.06,0,0,0,30.77,46.15,33.33,48.72
2025-06-18,12,3,2025-06-18 16:11:00,5,日本財団会長旗争奪第39回住之江王冠競走,5,3889,須藤 隆雄,3,50,55,0,0,0.15,3.94,21.95,29.27,4.54,26.92,38.46,29.41,50,35.48,54.84
2025-06-18,12,3,2025-06-18 16:11:00,5,日本財団会長旗争奪第39回住之江王冠競走,6,4679,植田 太一,2,35,56.2,0,0,0.15,5.3,34.29,49.52,5.19,37.5,50,29.27,60.98,51.43,65.71
2025-06-18,12,4,2025-06-18 16:42:00,5,日本財団会長旗争奪第39回住之江王冠競走,1,4350,篠崎 元志,1,39,52,0,0,0.13,7.29,51.18,68.5,7.2,47.73,56.82,32.56,44.19,34.38,62.5
2025-06-18,12,4,2025-06-18 16:42:00,5,日本財団会長旗争奪第39回住之江王冠競走,2,5139,大場 恒季,2,24,52.1,0,0,0.14,6.32,41.94,66.13,6.03,44.83,65.52,43.9,58.54,34.88,44.19
2025-06-18,12,4,2025-06-18 16:42:00,5,日本財団会長旗争奪第39回住之江王冠競走,3,4163,山崎 裕司,3,43,52.1,0,0,0.17,5.76,33.91,61.74,5.13,20,40,29.27,41.46,32.56,46.51
2025-06-18,12,4,2025-06-18 16:42:00,5,日本財団会長旗争奪第39回住之江王冠競走,4,5298,水谷 理人,2,22,52,0,0,0.15,4.86,28.57,42.86,2.69,6.25,18.75,26.19,45.24,24.24,57.58
2025-06-18,12,4,2025-06-18 16:42:00,5,日本財団会長旗争奪第39回住之江王冠競走,5,3964,宮地 博士,3,46,52,0,0,0.2,4.13,18.75,32.29,3.17,5.56,27.78,39.47,50,11.76,32.35
2025-06-18,12,4,2025-06-18 16:42:00,5,日本財団会長旗争奪第39回住之江王冠競走,6,5271,杉山 太陽,3,23,51.5,0,0,0.15,3.15,11.39,22.78,0,0,0,13.16,26.32,37.14,54.29
2025-06-18,12,5,2025-06-18 17:12:00,5,日本財団会長旗争奪第39回住之江王冠競走,1,4293,鈴木 智啓,2,39,57.7,0,0,0.17,5.87,43.36,57.34,4.11,15.79,36.84,33.33,41.03,54.29,65.71
2025-06-18,12,5,2025-06-18 17:12:00,5,日本財団会長旗争奪第39回住之江王冠競走,2,4495,森 晋太郎,3,38,53.9,0,0,0.16,4.8,29.21,39.33,4,11.11,33.33,51.35,62.16,31.43,51.43
2025-06-18,12,5,2025-06-18 17:12:00,5,日本財団会長旗争奪第39回住之江王冠競走,3,4077,品田 直樹,3,46,52,0,0,0.18,4.77,25.45,47.27,4.13,31.25,43.75,27.91,41.86,16.67,30.56
2025-06-18,12,5,2025-06-18 17:12:00,5,日本財団会長旗争奪第39回住之江王冠競走,4,3807,岡部 哲,3,50,51,0,0,0.17,4.43,22.34,36.17,0,0,0,37.21,53.49,43.24,67.57
2025-06-18,12,5,2025-06-18 17:12:00,5,日本財団会長旗争奪第39回住之江王冠競走,5,3843,上之 晃弘,3,48,53.2,0,0,0.16,4.84,27.18,42.72,4.53,25,45,30.95,35.71,28.57,50
2025-06-18,12,5,2025-06-18 17:12:00,5,日本財団会長旗争奪第39回住之江王冠競走,6,4685,島村 隆幸,1,34,51.5,1,0,0.12,6.81,44.79,64.58,6.77,44.23,55.77,20,50,38.1,52.38
2025-06-18,12,6,2025-06-18 17:35:00,5,日本財団会長旗争奪第39回住之江王冠競走,1,3918,深井 利寿,1,50,51.5,0,0,0.14,5.76,32.69,48.08,6.48,48.39,64.52,43.9,53.66,35,52.5
2025-06-18,12,6,2025-06-18 17:35:00,5,日本財団会長旗争奪第39回住之江王冠競走,2,3986,沖島 広和,3,47,55,0,0,0.19,4.95,28.85,46.15,5.48,32,52,43.9,51.22,24.49,42.86
2025-06-18,12,6,2025-06-18 17:35:00,5,日本財団会長旗争奪第39回住之江王冠競走,3,3564,桑原 啓,3,55,52.4,1,0,0.15,4.57,26.09,38.26,4.48,25.93,40.74,36.36,56.82,17.14,22.86
2025-06-18,12,6,2025-06-18 17:35:00,5,日本財団会長旗争奪第39回住之江王冠競走,4,3788,一宮 稔弘,4,53,52,0,0,0.11,5.4,34.21,54.39,6.16,37.5,71.88,17.95,35.9,48.65,64.86
2025-06-18,12,6,2025-06-18 17:35:00,5,日本財団会長旗争奪第39回住之江王冠競走,5,5280,廣瀬 凜,3,22,52,0,0,0.23,5.03,24.17,49.17,3.47,15.79,36.84,12.82,23.08,44.44,58.33
2025-06-18,12,6,2025-06-18 17:35:00,5,日本財団会長旗争奪第39回住之江王冠競走,6,4719,上條 暢嵩,1,31,52,0,0,0.13,7.01,47.97,61.79,7.36,57.14,70.24,40.48,47.62,20,40
2025-06-18,12,7,2025-06-18 18:04:00,5,日本財団会長旗争奪第39回住之江王冠競走,1,4907,小池 修平,1,30,52,0,0,0.14,7.04,58.47,64.41,6.94,52.29,70.64,30.23,48.84,31.43,48.57
2025-06-18,12,7,2025-06-18 18:04:00,5,日本財団会長旗争奪第39回住之江王冠競走,2,4523,中村 辰也,2,37,52.4,1,0,0.13,5.69,37.61,52.29,5.62,38.1,61.9,42.86,60,31.43,51.43
2025-06-18,12,7,2025-06-18 18:04:00,5,日本財団会長旗争奪第39回住之江王冠競走,3,3922,菅沼 佳昭,3,49,51,0,0,0.17,3.73,14.81,29.63,3.47,20,26.67,18.6,34.88,44.74,60.53
2025-06-18,12,7,2025-06-18 18:04:00,5,日本財団会長旗争奪第39回住之江王冠競走,4,4145,小澤 学,3,43,52,0,0,0.25,3.64,9.2,25.29,2.81,0,12.5,14.63,26.83,15.38,20.51
2025-06-18,12,7,2025-06-18 18:04:00,5,日本財団会長旗争奪第39回住之江王冠競走,5,3990,芹澤 克彦,3,46,51.5,0,0,0.15,5.29,35.51,45.79,5.04,29.63,44.44,29.55,31.82,23.33,40
2025-06-18,12,7,2025-06-18 18:04:00,5,日本財団会長旗争奪第39回住之江王冠競走,6,5331,佐藤 永梧,3,21,55.3,0,0,0.12,3.39,21.57,23.53,0,0,0,33.33,63.89,43.24,62.16
2025-06-18,12,8,2025-06-18 18:33:00,5,日本財団会長旗争奪第39回住之江王冠競走,1,5050,木下 雄介,2,30,52.3,1,0,0.15,5.46,34.51,54.87,4.8,32,48,26.32,44.74,19.44,36.11
2025-06-18,12,8,2025-06-18 18:33:00,5,日本財団会長旗争奪第39回住之江王冠競走,2,4460,後藤 翔之,2,39,54.8,0,0,0.14,6.44,48.15,65.93,7.48,61.9,76.19,42.86,59.52,22.22,33.33
2025-06-18,12,8,2025-06-18 18:33:00,5,日本財団会長旗争奪第39回住之江王冠競走,3,4664,東口 晃,3,41,53,0,0,0.2,3.9,19.78,35.16,3.15,0,23.08,32.5,40,30,52.5
2025-06-18,12,8,2025-06-18 18:33:00,5,日本財団会長旗争奪第39回住之江王冠競走,4,3834,細川 明人,3,50,54.3,0,0,0.17,3.81,26.47,32.35,4.74,32.26,51.61,41.46,51.22,52.94,70.59
2025-06-18,12,8,2025-06-18 18:33:00,5,日本財団会長旗争奪第39回住之江王冠競走,5,5114,小林 孝彰,3,25,52.6,0,0,0.16,5.89,39.56,57.14,3.75,8.33,16.67,32.43,48.65,40.63,59.38
2025-06-18,12,8,2025-06-18 18:33:00,5,日本財団会長旗争奪第39回住之江王冠競走,6,4269,杉山 裕也,1,39,52,0,0,0.14,6.78,49.19,70.97,6.8,60,70,32.43,45.95,31.71,43.9
2025-06-18,12,9,2025-06-18 19:04:00,5,日本財団会長旗争奪第39回住之江王冠競走,1,4679,植田 太一,2,35,56.2,0,0,0.15,5.3,34.29,49.52,5.19,37.5,50,29.27,60.98,51.43,65.71
2025-06-18,12,9,2025-06-18 19:04:00,5,日本財団会長旗争奪第39回住之江王冠競走,2,4293,鈴木 智啓,2,39,57.7,0,0,0.17,5.87,43.36,57.34,4.11,15.79,36.84,33.33,41.03,54.29,65.71
2025-06-18,12,9,2025-06-18 19:04:00,5,日本財団会長旗争奪第39回住之江王冠競走,3,5298,水谷 理人,2,22,52,0,0,0.15,4.86,28.57,42.86,2.69,6.25,18.75,26.19,45.24,24.24,57.58
2025-06-18,12,9,2025-06-18 19:04:00,5,日本財団会長旗争奪第39回住之江王冠競走,4,4359,横川 聖志,3,40,55.1,0,0,0.14,4.84,27.55,41.84,4.17,16.67,33.33,55.56,72.22,29.41,44.12
2025-06-18,12,9,2025-06-18 19:04:00,5,日本財団会長旗争奪第39回住之江王冠競走,5,3304,烏野 賢太,3,57,52,0,0,0.16,5.94,38.18,59.09,5.52,34.48,44.83,15.38,43.59,32.56,44.19
2025-06-18,12,9,2025-06-18 19:04:00,5,日本財団会長旗争奪第39回住之江王冠競走,6,4077,品田 直樹,3,46,52,0,0,0.18,4.77,25.45,47.27,4.13,31.25,43.75,27.91,41.86,16.67,30.56
2025-06-18,12,10,2025-06-18 19:36:00,5,日本財団会長旗争奪第39回住之江王冠競走,1,4685,島村 隆幸,1,34,51.5,1,0,0.12,6.81,44.79,64.58,6.77,44.23,55.77,20,50,38.1,52.38
2025-06-18,12,10,2025-06-18 19:36:00,5,日本財団会長旗争奪第39回住之江王冠競走,2,4350,篠崎 元志,1,39,52,0,0,0.13,7.29,51.18,68.5,7.2,47.73,56.82,32.56,44.19,34.38,62.5
2025-06-18,12,10,2025-06-18 19:36:00,5,日本財団会長旗争奪第39回住之江王冠競走,3,4486,野村 誠,2,39,51.5,1,0,0.16,5.97,44.04,66.06,0,0,0,30.77,46.15,33.33,48.72
2025-06-18,12,10,2025-06-18 19:36:00,5,日本財団会長旗争奪第39回住之江王冠競走,4,3918,深井 利寿,1,50,51.5,0,0,0.14,5.76,32.69,48.08,6.48,48.39,64.52,43.9,53.66,35,52.5
2025-06-18,12,10,2025-06-18 19:36:00,5,日本財団会長旗争奪第39回住之江王冠競走,5,4095,福来 剛,1,44,52,0,0,0.14,6.87,47.17,60.38,6.19,48.15,51.85,13.95,25.58,22.5,45
2025-06-18,12,10,2025-06-18 19:36:00,5,日本財団会長旗争奪第39回住之江王冠競走,6,5139,大場 恒季,2,24,52.1,0,0,0.14,6.32,41.94,66.13,6.03,44.83,65.52,43.9,58.54,34.88,44.19
2025-06-18,12,11,2025-06-18 20:07:00,5,日本財団会長旗争奪第39回住之江王冠競走,1,4719,上條 暢嵩,1,31,52,0,0,0.13,7.01,47.97,61.79,7.36,57.14,70.24,40.48,47.62,20,40
2025-06-18,12,11,2025-06-18 20:07:00,5,日本財団会長旗争奪第39回住之江王冠競走,2,4907,小池 修平,1,30,52,0,0,0.14,7.04,58.47,64.41,6.94,52.29,70.64,30.23,48.84,31.43,48.57
2025-06-18,12,11,2025-06-18 20:07:00,5,日本財団会長旗争奪第39回住之江王冠競走,3,3788,一宮 稔弘,4,53,52,0,0,0.11,5.4,34.21,54.39,6.16,37.5,71.88,17.95,35.9,48.65,64.86
2025-06-18,12,11,2025-06-18 20:07:00,5,日本財団会長旗争奪第39回住之江王冠競走,4,4163,山崎 裕司,3,43,51.5,0,0,0.17,5.76,33.91,61.74,5.13,20,40,29.27,41.46,32.56,46.51
2025-06-18,12,11,2025-06-18 20:07:00,5,日本財団会長旗争奪第39回住之江王冠競走,5,4505,島田 賢人,1,37,53.4,0,0,0.14,6.24,43.62,65.96,5.4,30,40,33.33,58.33,32.35,44.12
2025-06-18,12,11,2025-06-18 20:07:00,5,日本財団会長旗争奪第39回住之江王冠競走,6,4523,中村 辰也,2,37,52.2,1,0,0.13,5.69,37.61,52.29,5.62,38.1,61.9,42.86,60,31.43,51.43
2025-06-18,12,12,2025-06-18 20:38:00,5,日本財団会長旗争奪第39回住之江王冠競走,1,4269,杉山 裕也,1,39,52,0,0,0.14,6.78,49.19,70.97,6.8,60,70,32.43,45.95,31.71,43.9
2025-06-18,12,12,2025-06-18 20:38:00,5,日本財団会長旗争奪第39回住之江王冠競走,2,3990,芹澤 克彦,3,46,51.5,0,0,0.15,5.29,35.51,45.79,5.04,29.63,44.44,29.55,31.82,23.33,40
2025-06-18,12,12,2025-06-18 20:38:00,5,日本財団会長旗争奪第39回住之江王冠競走,3,3948,大町 利克,3,49,52.6,0,0,0.19,4.31,21.84,36.78,4.08,15.38,38.46,28.95,55.26,26.47,41.18
2025-06-18,12,12,2025-06-18 20:38:00,5,日本財団会長旗争奪第39回住之江王冠競走,4,4693,松下 誉士,3,41,52.5,0,0,0.17,4.3,20.51,35.9,3.27,13.33,26.67,57.14,68.57,47.62,57.14
2025-06-18,12,12,2025-06-18 20:38:00,5,日本財団会長旗争奪第39回住之江王冠競走,5,4495,森 晋太郎,3,38,53.9,0,0,0.16,4.8,29.21,39.33,4,11.11,33.33,51.35,62.16,31.43,51.43
2025-06-18,12,12,2025-06-18 20:38:00,5,日本財団会長旗争奪第39回住之江王冠競走,6,5050,木下 雄介,2,30,52.3,1,0,0.15,5.46,34.51,54.87,4.8,32,48,26.32,44.74,19.44,36.11
2025-06-18,13,1,2025-06-18 10:39:00,5,スポーツニッポン杯争奪伊丹市施行72周年記念競走,1,4277,金田 大輔,3,41,52,0,0,0.16,4.9,32.53,42.17,3.93,25.93,33.33,38.71,51.61,42.62,63.93
2025-06-18,13,1,2025-06-18 10:39:00,5,スポーツニッポン杯争奪伊丹市施行72周年記念競走,2,4811,向井田 佑紀,3,36,51,0,0,0.16,4.75,22.32,43.75,5.14,24.14,48.28,33.85,55.38,49.18,65.57
2025-06-18,13,1,2025-06-18 10:39:00,5,スポーツニッポン杯争奪伊丹市施行72周年記念競走,3,4483,北野 輝季,1,36,52.5,0,0,0.14,6.99,57.94,71.03,4.67,22.22,22.22,19.35,35.48,25.42,35.59
2025-06-18,13,1,2025-06-18 10:39:00,5,スポーツニッポン杯争奪伊丹市施行72周年記念競走,4,5264,登 みひ果,3,25,45.5,0,0,0.19,4.18,22.77,32.67,3.11,12.28,19.3,24.24,40.91,32.26,48.39
2025-06-18,13,1,2025-06-18 10:39:00,5,スポーツニッポン杯争奪伊丹市施行72周年記念競走,5,4521,小池 公生,3,38,52,0,0,0.19,5.84,36.46,62.5,4.25,12.5,37.5,22.58,40.32,33.33,51.67
2025-06-18,13,1,2025-06-18 10:39:00,5,スポーツニッポン杯争奪伊丹市施行72周年記念競走,6,5416,龍田 真白,4,19,44.5,0,0,,1.07,0,0,0,0,0,35.94,54.69,35.94,57.81
2025-06-18,13,2,2025-06-18 11:09:00,5,スポーツニッポン杯争奪伊丹市施行72周年記念競走,1,3551,藤田 美代,3,53,44.5,0,0,0.18,4.31,19.67,39.34,5.3,20,60,31.82,50,17.24,37.93
2025-06-18,13,2,2025-06-18 11:09:00,5,スポーツニッポン杯争奪伊丹市施行72周年記念競走,2,3934,鋤柄 貴俊,3,48,53.4,0,0,0.15,4.44,24.53,41.51,5.7,30,50,31.34,50.75,45.9,63.93
2025-06-18,13,2,2025-06-18 11:09:00,5,スポーツニッポン杯争奪伊丹市施行72周年記念競走,3,4055,吉田 俊彦,1,46,53.2,0,0,0.14,6.22,43.41,54.26,6.94,55,67.5,32.84,58.21,35.38,47.69
2025-06-18,13,2,2025-06-18 11:09:00,5,スポーツニッポン杯争奪伊丹市施行72周年記念競走,4,4099,吉永 則雄,1,46,52,0,0,0.16,6.27,47.58,66.94,5.52,29.63,48.15,40.91,56.06,30.16,46.03
2025-06-18,13,2,2025-06-18 11:09:00,5,スポーツニッポン杯争奪伊丹市施行72周年記念競走,5,4557,松尾 光広,3,35,55.5,0,0,0.19,5.04,33.33,48.72,4.13,12.5,43.75,38.46,53.85,26.98,53.97
2025-06-18,13,2,2025-06-18 11:09:00,5,スポーツニッポン杯争奪伊丹市施行72周年記念競走,6,5399,長野 未来,4,23,45,0,0,,1.13,0,0,0,0,0,43.08,64.62,40.98,59.02
2025-06-18,13,3,2025-06-18 11:33:00,5,スポーツニッポン杯争奪伊丹市施行72周年記念競走,1,5240,高橋 龍治,3,25,54.9,0,0,0.17,3.84,18.18,30.68,0,0,0,18.87,41.51,33.33,46.67
2025-06-18,13,3,2025-06-18 11:33:00,5,スポーツニッポン杯争奪伊丹市施行72周年記念競走,2,3590,濱野谷 憲吾,2,51,53.3,0,0,0.13,7.37,60.75,72.9,7.51,60,74.29,38.1,50.79,28.57,44.44
2025-06-18,13,3,2025-06-18 11:33:00,5,スポーツニッポン杯争奪伊丹市施行72周年記念競走,3,3070,山室 展弘,3,64,52.5,0,0,0.17,4.94,23.53,52.94,5.88,41.18,52.94,27.27,43.94,46.77,53.23
2025-06-18,13,3,2025-06-18 11:33:00,5,スポーツニッポン杯争奪伊丹市施行72周年記念競走,4,4440,萩原 知哉,3,38,53.6,0,0,0.17,4.34,19.19,33.33,4.21,16.67,37.5,41.54,60,29.82,36.84
2025-06-18,13,3,2025-06-18 11:33:00,5,スポーツニッポン杯争奪伊丹市施行72周年記念競走,5,4278,藤岡 俊介,1,41,51.5,0,0,0.12,6.47,45,60.83,7.02,56.92,66.15,34.43,49.18,15,35
2025-06-18,13,3,2025-06-18 11:33:00,5,スポーツニッポン杯争奪伊丹市施行72周年記念競走,6,3434,松尾 宣邦,3,56,51,0,0,0.16,5,31.58,44.74,0,0,0,23.44,35.94,38.33,46.67
2025-06-18,13,4,2025-06-18 12:03:00,5,スポーツニッポン杯争奪伊丹市施行72周年記念競走,1,4918,川島 拓郎,3,36,52.3,0,0,0.16,4.94,31.34,46.27,5.57,42.86,57.14,38.98,54.24,23.33,38.33
2025-06-18,13,4,2025-06-18 12:03:00,5,スポーツニッポン杯争奪伊丹市施行72周年記念競走,2,4383,竹田 吉行,2,40,52,0,0,0.15,5.7,38.58,51.97,4.58,21.05,31.58,50.79,63.49,22.95,45.9
2025-06-18,13,4,2025-06-18 12:03:00,5,スポーツニッポン杯争奪伊丹市施行72周年記念競走,3,4105,松下 直也,2,45,51.5,0,0,0.17,5.5,32.56,57.36,5.88,38.05,63.72,34.92,57.14,22.03,40.68
2025-06-18,13,4,2025-06-18 12:03:00,5,スポーツニッポン杯争奪伊丹市施行72周年記念競走,4,3687,花田 和明,3,55,52.3,1,0,0.18,5.29,32.63,52.63,4.69,18.75,43.75,42.86,66.67,25.81,48.39
2025-06-18,13,4,2025-06-18 12:03:00,5,スポーツニッポン杯争奪伊丹市施行72周年記念競走,5,4477,篠崎 仁志,1,37,54,0,0,0.14,6.82,45.6,64.8,5.97,23.53,47.06,40,61.54,41.27,52.38
2025-06-18,13,4,2025-06-18 12:03:00,5,スポーツニッポン杯争奪伊丹市施行72周年記念競走,6,4243,西村 歩,3,39,47.9,0,0,0.17,5.4,32.97,52.75,5.03,34.38,50,32.81,46.88,30,43.33
2025-06-18,13,5,2025-06-18 12:34:00,5,スポーツニッポン杯争奪伊丹市施行72周年記念競走,1,5203,神里 琴音,3,21,44.5,0,0,0.15,4.32,20,41.11,3.67,11.11,33.33,50,64.06,40,51.67
2025-06-18,13,5,2025-06-18 12:34:00,5,スポーツニッポン杯争奪伊丹市施行72周年記念競走,2,4139,丹下 健,3,44,53.1,1,0,0.16,4.54,28.13,41.67,4.14,21.43,35.71,52.31,67.69,30.51,50.85
2025-06-18,13,5,2025-06-18 12:34:00,5,スポーツニッポン杯争奪伊丹市施行72周年記念競走,3,3841,佐々木 和伸,2,49,53.9,0,0,0.19,6.16,43.97,68.97,3.75,12.5,37.5,44.44,63.49,33.33,46.67
2025-06-18,13,5,2025-06-18 12:34:00,5,スポーツニッポン杯争奪伊丹市施行72周年記念競走,4,4811,向井田 佑紀,3,36,51,0,0,0.16,4.75,22.32,43.75,5.14,24.14,48.28,33.85,55.38,49.18,65.57
2025-06-18,13,5,2025-06-18 12:34:00,5,スポーツニッポン杯争奪伊丹市施行72周年記念競走,5,4342,谷野 錬志,1,40,52.8,0,0,0.13,6.14,44.07,57.63,6.62,61.9,71.43,28.36,37.31,44.07,55.93
2025-06-18,13,5,2025-06-18 12:34:00,5,スポーツニッポン杯争奪伊丹市施行72周年記念競走,6,5178,成貞 琳平,3,28,53.2,0,0,0.17,3.68,11.49,29.89,1.53,0,6.67,30.16,39.68,32.79,52.46
2025-06-18,13,6,2025-06-18 13:03:00,5,スポーツニッポン杯争奪伊丹市施行72周年記念競走,1,4886,入海 馨,1,29,52.8,0,0,0.15,6.62,45.95,61.26,7.05,66.67,71.43,42.19,59.38,40.98,63.93
2025-06-18,13,6,2025-06-18 13:03:00,5,スポーツニッポン杯争奪伊丹市施行72周年記念競走,2,4058,野末 智一,3,46,51.5,0,0,0.2,5.4,34.96,56.91,4.1,19.05,42.86,3.92,19.61,21.67,36.67
2025-06-18,13,6,2025-06-18 13:03:00,5,スポーツニッポン杯争奪伊丹市施行72周年記念競走,3,4521,小池 公生,3,38,52,0,0,0.19,5.84,36.46,62.5,4.25,12.5,37.5,22.58,40.32,33.33,51.67
2025-06-18,13,6,2025-06-18 13:03:00,5,スポーツニッポン杯争奪伊丹市施行72周年記念競走,4,4928,栗城 匠,1,30,52,0,0,0.16,6.76,50.41,70.25,5.53,26.67,56.67,53.03,62.12,31.67,41.67
2025-06-18,13,6,2025-06-18 13:03:00,5,スポーツニッポン杯争奪伊丹市施行72周年記念競走,5,3934,鋤柄 貴俊,3,48,53.3,0,0,0.15,4.44,24.53,41.51,5.7,30,50,31.34,50.75,45.9,63.93
2025-06-18,13,6,2025-06-18 13:03:00,5,スポーツニッポン杯争奪伊丹市施行72周年記念競走,6,5418,堀内 亜海,4,19,52.4,0,0,,1,0,0,0,0,0,15.63,28.13,30.16,44.44
2025-06-18,13,7,2025-06-18 13:38:00,5,スポーツニッポン杯争奪伊丹市施行72周年記念競走,1,5223,森清 友翔,3,24,53.4,0,0,0.19,4.15,23.47,34.69,2.88,12.5,12.5,26.98,49.21,33.9,47.46
2025-06-18,13,7,2025-06-18 13:38:00,5,スポーツニッポン杯争奪伊丹市施行72周年記念競走,2,5264,登 みひ果,3,25,45.5,0,0,0.19,4.18,22.77,32.67,3.11,12.28,19.3,24.24,40.91,32.26,48.39
2025-06-18,13,7,2025-06-18 13:38:00,5,スポーツニッポン杯争奪伊丹市施行72周年記念競走,3,4000,松本 博昭,2,48,54.8,0,0,0.17,5.84,35.46,59.57,6.41,40.74,66.67,30.16,47.62,28.57,53.57
2025-06-18,13,7,2025-06-18 13:38:00,5,スポーツニッポン杯争奪伊丹市施行72周年記念競走,4,4943,八木 治樹,3,34,52.8,0,0,0.14,4.43,20.69,39.66,4.53,23.53,41.18,19.7,31.82,39.34,54.1
2025-06-18,13,7,2025-06-18 13:38:00,5,スポーツニッポン杯争奪伊丹市施行72周年記念競走,5,4551,三川 昂暁,2,36,53,0,0,0.15,5.32,30.21,54.17,4.14,28.57,28.57,33.33,44.44,33.33,45
2025-06-18,13,7,2025-06-18 13:38:00,5,スポーツニッポン杯争奪伊丹市施行72周年記念競走,6,4713,白神 優,1,34,53,0,0,0.13,6.79,53.78,68.07,6.44,48.15,62.96,20.63,49.21,28.57,47.62
2025-06-18,13,8,2025-06-18 14:13:00,5,スポーツニッポン杯争奪伊丹市施行72周年記念競走,1,4472,尾嶋 一広,1,38,53.5,1,0,0.14,6.99,57.46,71.64,6.37,44.78,63.43,23.73,38.98,15.25,33.9
2025-06-18,13,8,2025-06-18 14:13:00,5,スポーツニッポン杯争奪伊丹市施行72周年記念競走,2,4516,野口 勝弘,1,38,50.5,0,0,0.15,6.36,43.7,64.71,6.74,57.89,73.68,37.5,48.44,30.77,48.08
2025-06-18,13,8,2025-06-18 14:13:00,5,スポーツニッポン杯争奪伊丹市施行72周年記念競走,3,4834,浜本 裕己,3,37,51,0,0,0.18,4.7,27.12,43.22,4.78,31.25,40.63,23.81,44.44,25.4,39.68
2025-06-18,13,8,2025-06-18 14:13:00,5,スポーツニッポン杯争奪伊丹市施行72周年記念競走,4,5240,高橋 龍治,3,25,54.9,0,0,0.17,3.84,18.18,30.68,0,0,0,18.87,41.51,33.33,46.67
2025-06-18,13,8,2025-06-18 14:13:00,5,スポーツニッポン杯争奪伊丹市施行72周年記念競走,5,4383,竹田 吉行,2,40,52,0,0,0.15,5.7,38.58,51.97,4.58,21.05,31.58,50.79,63.49,22.95,45.9
2025-06-18,13,8,2025-06-18 14:13:00,5,スポーツニッポン杯争奪伊丹市施行72周年記念競走,6,5399,長野 未来,4,23,45,0,0,,1.13,0,0,0,0,0,43.08,64.62,40.98,59.02
2025-06-18,13,9,2025-06-18 14:45:00,5,スポーツニッポン杯争奪伊丹市施行72周年記念競走,1,3590,濱野谷 憲吾,2,51,53.3,0,0,0.13,7.37,60.75,72.9,7.51,60,74.29,38.1,50.79,28.57,44.44
2025-06-18,13,9,2025-06-18 14:45:00,5,スポーツニッポン杯争奪伊丹市施行72周年記念競走,2,4342,谷野 錬志,1,40,52.8,0,0,0.13,6.14,44.07,57.63,6.62,61.9,71.43,28.36,37.31,44.07,55.93
2025-06-18,13,9,2025-06-18 14:45:00,5,スポーツニッポン杯争奪伊丹市施行72周年記念競走,3,4111,奥田 誠,3,44,55.1,0,0,0.19,5.01,28.45,49.14,5.44,32,56,41.27,52.38,24.14,39.66
2025-06-18,13,9,2025-06-18 14:45:00,5,スポーツニッポン杯争奪伊丹市施行72周年記念競走,4,4105,松下 直也,2,45,51.5,0,0,0.17,5.5,32.56,57.36,5.88,38.05,63.72,34.92,57.14,22.03,40.68
2025-06-18,13,9,2025-06-18 14:45:00,5,スポーツニッポン杯争奪伊丹市施行72周年記念競走,5,3551,藤田 美代,3,53,44.5,0,0,0.18,4.31,19.67,39.34,5.3,20,60,31.82,50,17.24,37.93
2025-06-18,13,9,2025-06-18 14:45:00,5,スポーツニッポン杯争奪伊丹市施行72周年記念競走,6,5416,龍田 真白,4,19,44.5,0,0,,1.07,0,0,0,0,0,35.94,54.69,35.94,57.81
2025-06-18,13,10,2025-06-18 15:14:00,5,スポーツニッポン杯争奪伊丹市施行72周年記念競走,1,4019,笠原 亮,1,45,52.4,0,0,0.17,7.06,46.91,66.67,8.71,88.24,94.12,32.81,59.38,37.93,58.62
2025-06-18,13,10,2025-06-18 15:14:00,5,スポーツニッポン杯争奪伊丹市施行72周年記念競走,2,3687,花田 和明,3,55,52.3,1,0,0.18,5.29,32.63,52.63,4.69,18.75,43.75,42.86,66.67,25.81,48.39
2025-06-18,13,10,2025-06-18 15:14:00,5,スポーツニッポン杯争奪伊丹市施行72周年記念競走,3,3434,松尾 宣邦,3,56,51,0,0,0.16,5,31.58,44.74,0,0,0,23.44,35.94,38.33,46.67
2025-06-18,13,10,2025-06-18 15:14:00,5,スポーツニッポン杯争奪伊丹市施行72周年記念競走,4,4733,赤井 睦,2,36,47.6,0,0,0.15,5.27,32.05,53.85,6.91,63.64,81.82,36.51,57.14,34.43,54.1
2025-06-18,13,10,2025-06-18 15:14:00,5,スポーツニッポン杯争奪伊丹市施行72周年記念競走,5,4886,入海 馨,1,29,52.8,0,0,0.15,6.62,45.95,61.26,7.05,66.67,71.43,42.19,59.38,40.98,63.93
2025-06-18,13,10,2025-06-18 15:14:00,5,スポーツニッポン杯争奪伊丹市施行72周年記念競走,6,4055,吉田 俊彦,1,46,53.2,0,0,0.14,6.22,43.41,54.26,6.94,55,67.5,32.84,58.21,35.38,47.69
2025-06-18,13,11,2025-06-18 15:51:00,5,スポーツニッポン杯争奪伊丹市施行72周年記念競走,1,4278,藤岡 俊介,1,41,51.5,0,0,0.12,6.47,45,60.83,7.02,56.92,66.15,34.43,49.18,15,35
2025-06-18,13,11,2025-06-18 15:51:00,5,スポーツニッポン杯争奪伊丹市施行72周年記念競走,2,4483,北野 輝季,1,36,52.5,0,0,0.14,6.99,57.94,71.03,4.67,22.22,22.22,19.35,35.48,25.42,35.59
2025-06-18,13,11,2025-06-18 15:51:00,5,スポーツニッポン杯争奪伊丹市施行72周年記念競走,3,4557,松尾 光広,3,35,55.5,0,0,0.19,5.04,33.33,48.72,4.13,12.5,43.75,38.46,53.85,26.98,53.97
2025-06-18,13,11,2025-06-18 15:51:00,5,スポーツニッポン杯争奪伊丹市施行72周年記念競走,4,4477,篠崎 仁志,1,37,54,0,0,0.14,6.82,45.6,64.8,5.97,23.53,47.06,40,61.54,41.27,52.38
2025-06-18,13,11,2025-06-18 15:51:00,5,スポーツニッポン杯争奪伊丹市施行72周年記念競走,5,4139,丹下 健,3,44,53.1,1,0,0.16,4.54,28.13,41.67,4.14,21.43,35.71,52.31,67.69,30.51,50.85
2025-06-18,13,11,2025-06-18 15:51:00,5,スポーツニッポン杯争奪伊丹市施行72周年記念競走,6,4000,松本 博昭,2,48,54.8,0,0,0.17,5.84,35.46,59.57,6.41,40.74,66.67,30.16,47.62,28.57,53.57
2025-06-18,13,12,2025-06-18 16:25:00,5,スポーツニッポン杯争奪伊丹市施行72周年記念競走,1,4928,栗城 匠,1,30,52,0,0,0.16,6.76,50.41,70.25,5.53,26.67,56.67,53.03,62.12,31.67,41.67
2025-06-18,13,12,2025-06-18 16:25:00,5,スポーツニッポン杯争奪伊丹市施行72周年記念競走,2,4099,吉永 則雄,1,46,52,0,0,0.16,6.27,47.58,66.94,5.52,29.63,48.15,40.91,56.06,30.16,46.03
2025-06-18,13,12,2025-06-18 16:25:00,5,スポーツニッポン杯争奪伊丹市施行72周年記念競走,3,4551,三川 昂暁,2,36,53,0,0,0.15,5.32,30.21,54.17,4.14,28.57,28.57,33.33,44.44,33.33,45
2025-06-18,13,12,2025-06-18 16:25:00,5,スポーツニッポン杯争奪伊丹市施行72周年記念競走,4,4918,川島 拓郎,3,36,52.3,0,0,0.16,4.94,31.34,46.27,5.57,42.86,57.14,38.98,54.24,23.33,38.33
2025-06-18,13,12,2025-06-18 16:25:00,5,スポーツニッポン杯争奪伊丹市施行72周年記念競走,5,4516,野口 勝弘,1,38,50.5,0,0,0.15,6.36,43.7,64.71,6.74,57.89,73.68,37.5,48.44,30.77,48.08
2025-06-18,13,12,2025-06-18 16:25:00,5,スポーツニッポン杯争奪伊丹市施行72周年記念競走,6,3841,佐々木 和伸,2,49,53.9,0,0,0.19,6.16,43.97,68.97,3.75,12.5,37.5,44.44,63.49,33.33,46.67
2025-06-18,14,1,2025-06-18 08:40:00,5,第10回サッポロビールカップ競走,1,4371,西山 貴浩,1,38,52,0,0,0.13,6.66,37.36,58.24,9.13,87.5,100,24.39,36.59,38.89,55.56
2025-06-18,14,1,2025-06-18 08:40:00,5,第10回サッポロビールカップ競走,2,3226,浦田 信義,3,59,52,0,0,0.18,4.13,19.35,32.26,4.94,33.33,50,41.86,53.49,36.36,54.55
2025-06-18,14,1,2025-06-18 08:40:00,5,第10回サッポロビールカップ競走,3,4355,小川 広大,3,41,58.8,0,0,0.18,3.6,16.84,25.26,4.44,12.5,37.5,45,65,25.64,46.15
2025-06-18,14,1,2025-06-18 08:40:00,5,第10回サッポロビールカップ競走,4,5332,村松 遥輝,3,21,52.2,0,0,0.17,3.26,12.15,22.43,0,0,0,39.02,53.66,39.39,57.58
2025-06-18,14,1,2025-06-18 08:40:00,5,第10回サッポロビールカップ競走,5,5000,岡本 翔太郎,3,30,52,0,0,0.14,4.49,18.81,42.57,3.97,14.29,37.14,35.71,66.67,23.33,40
2025-06-18,14,1,2025-06-18 08:40:00,5,第10回サッポロビールカップ競走,6,5401,谷 海夏人,4,22,52.2,0,0,,1.63,0,0,0,0,0,35.29,55.88,37.5,47.5
2025-06-18,14,2,2025-06-18 09:06:00,5,第10回サッポロビールカップ競走,1,3313,本吉 正樹,3,59,53.6,0,0,0.18,3.67,12.62,25.24,0,0,0,53.13,56.25,22.58,29.03
2025-06-18,14,2,2025-06-18 09:06:00,5,第10回サッポロビールカップ競走,2,3333,丸尾 義孝,2,57,52,0,0,0.15,5.33,36.36,54.55,6.6,50,67.91,33.33,43.59,28.13,43.75
2025-06-18,14,2,2025-06-18 09:06:00,5,第10回サッポロビールカップ競走,3,3772,一柳 和孝,2,51,53.2,0,0,0.15,5.2,32.35,49.02,0,0,0,26.32,42.11,44.74,68.42
2025-06-18,14,2,2025-06-18 09:06:00,5,第10回サッポロビールカップ競走,4,4232,笠 雅雄,4,41,58.7,0,0,0.21,4.2,24.07,35.19,2.86,4.76,14.29,29.03,54.84,27.59,41.38
2025-06-18,14,2,2025-06-18 09:06:00,5,第10回サッポロビールカップ競走,5,4031,飯島 誠,3,46,53.2,0,0,0.19,4.6,20.69,42.53,3.83,16.67,33.33,31.25,43.75,16.67,30.56
2025-06-18,14,2,2025-06-18 09:06:00,5,第10回サッポロビールカップ競走,6,4020,川上 清人,3,45,61.4,0,0,0.16,4.22,22.37,38.16,5.06,37.5,56.25,38.46,61.54,58.06,77.42
2025-06-18,14,3,2025-06-18 09:32:00,5,第10回サッポロビールカップ競走,1,4459,片岡 雅裕,1,39,52.2,0,0,0.12,6.86,45.86,61.65,6.38,34.62,57.69,17.65,26.47,40,60
2025-06-18,14,3,2025-06-18 09:32:00,5,第10回サッポロビールカップ競走,2,4676,後藤 隼之,3,37,55.1,0,0,0.16,5.13,27.88,49.04,4.83,26.09,43.48,37.5,62.5,35.14,56.76
2025-06-18,14,3,2025-06-18 09:32:00,5,第10回サッポロビールカップ競走,3,3578,塩田 雄一,3,52,51.5,0,0,0.19,4.37,25.26,36.84,4.6,25.71,42.86,50,60.71,19.44,44.44
2025-06-18,14,3,2025-06-18 09:32:00,5,第10回サッポロビールカップ競走,4,4216,星 栄爾,2,40,53,0,0,0.15,5.5,31.21,56.74,5,35.29,47.06,12.9,32.26,21.43,38.1
2025-06-18,14,3,2025-06-18 09:32:00,5,第10回サッポロビールカップ競走,5,3761,山本 光雄,3,53,52.6,1,0,0.16,4.99,26.76,46.48,4.31,23.08,35.9,16.67,30,40,62.5
2025-06-18,14,3,2025-06-18 09:32:00,5,第10回サッポロビールカップ競走,6,5404,内田 壮,4,21,53.3,0,0,,1.14,0,0,0,0,0,39.02,51.22,29.27,36.59
2025-06-18,14,4,2025-06-18 09:58:00,5,第10回サッポロビールカップ競走,1,4503,上野 真之介,1,37,52,0,0,0.11,7.74,60,75.2,0,0,0,20.69,37.93,26.32,44.74
2025-06-18,14,4,2025-06-18 09:58:00,5,第10回サッポロビールカップ競走,2,4917,岩橋 裕馬,3,36,52.3,0,0,0.16,4.39,18.07,38.55,3.95,22.73,27.27,41.18,67.65,26.19,45.24
2025-06-18,14,4,2025-06-18 09:58:00,5,第10回サッポロビールカップ競走,3,4121,富永 修一,2,43,52,0,0,0.14,5.85,35.38,58.46,0,0,0,24.24,42.42,20,37.14
2025-06-18,14,4,2025-06-18 09:58:00,5,第10回サッポロビールカップ競走,4,4619,伏田 裕隆,3,42,52,0,0,0.18,4.89,30,47.78,0,0,0,28.95,47.37,35.29,50
2025-06-18,14,4,2025-06-18 09:58:00,5,第10回サッポロビールカップ競走,5,4462,夏山 亮平,3,39,56.6,1,0,0.15,4.75,31.87,48.35,6.63,51.85,66.67,32.14,35.71,26.83,34.15
2025-06-18,14,4,2025-06-18 09:58:00,5,第10回サッポロビールカップ競走,6,3372,加藤 雅之,3,58,52.2,0,0,0.21,3.48,6.49,23.38,3.57,17.39,34.78,32.5,45,44.12,50
2025-06-18,14,5,2025-06-18 10:25:00,5,第10回サッポロビールカップ競走,1,4638,小林 遼太,3,34,52.7,0,0,0.19,4.99,30,49,4.53,17.65,41.18,26.47,50,39.39,51.52
2025-06-18,14,5,2025-06-18 10:25:00,5,第10回サッポロビールカップ競走,2,4252,松下 哲也,3,42,51.5,0,0,0.16,4.26,24.39,37.8,5.13,33.33,40,40,56.67,18.92,43.24
2025-06-18,14,5,2025-06-18 10:25:00,5,第10回サッポロビールカップ競走,3,3224,栗山 繁洋,3,60,53,0,0,0.17,4.09,23.81,34.29,4.88,29.41,52.94,28.13,46.88,37.5,43.75
2025-06-18,14,5,2025-06-18 10:25:00,5,第10回サッポロビールカップ競走,4,4543,重木 輝彦,1,37,51.5,0,0,0.16,6.94,53.01,73.49,6.72,52,76,39.02,51.22,22.5,40
2025-06-18,14,5,2025-06-18 10:25:00,5,第10回サッポロビールカップ競走,5,4390,松本 弓雄,3,39,52,1,0,0.16,3.96,16.48,34.07,4.27,19.83,42.15,35.48,48.39,25.58,27.91
2025-06-18,14,5,2025-06-18 10:25:00,5,第10回サッポロビールカップ競走,6,3965,北中 元樹,2,46,56.6,0,0,0.15,5.73,38.83,59.22,5.43,33.33,50,33.33,57.14,47.06,64.71
2025-06-18,14,6,2025-06-18 10:55:00,5,第10回サッポロビールカップ競走,1,5157,市川 健太,3,27,54.3,0,0,0.16,5.51,35.14,52.7,3.68,10.53,21.05,33.33,51.28,34.29,60
2025-06-18,14,6,2025-06-18 10:55:00,5,第10回サッポロビールカップ競走,2,4118,宇佐見 淳,2,44,52,0,0,0.14,6.04,46.6,59.22,6.07,42.86,67.86,27.59,34.48,36.59,58.54
2025-06-18,14,6,2025-06-18 10:55:00,5,第10回サッポロビールカップ競走,3,4650,中山 雄太,1,40,52.2,0,0,0.14,6.11,41.18,59.56,6.67,33.33,88.89,25.71,48.57,24.14,44.83
2025-06-18,14,6,2025-06-18 10:55:00,5,第10回サッポロビールカップ競走,4,4368,山口 隆史,3,39,52.4,0,0,0.17,4.5,22.32,39.29,3.94,23.53,35.29,25.64,38.46,12.5,25
2025-06-18,14,6,2025-06-18 10:55:00,5,第10回サッポロビールカップ競走,5,3313,本吉 正樹,3,59,53.6,0,0,0.18,3.67,12.62,25.24,0,0,0,53.13,56.25,22.58,29.03
2025-06-18,14,6,2025-06-18 10:55:00,5,第10回サッポロビールカップ競走,6,3226,浦田 信義,3,59,52,0,0,0.18,4.13,19.35,32.26,4.94,33.33,50,41.86,53.49,36.36,54.55
2025-06-18,14,7,2025-06-18 11:26:00,5,第10回サッポロビールカップ競走,1,4474,渡辺 崇,3,37,55.5,1,0,0.17,5.18,34,48,5.04,29.63,44.44,56.41,64.1,37.5,60
2025-06-18,14,7,2025-06-18 11:26:00,5,第10回サッポロビールカップ競走,2,4425,大井 清貴,3,39,54.9,0,0,0.18,4.74,28.26,47.83,5,16.67,50,33.33,47.62,42.42,51.52
2025-06-18,14,7,2025-06-18 11:26:00,5,第10回サッポロビールカップ競走,3,4757,山田 祐也,1,35,52.8,0,0,0.14,6.29,42.48,58.41,6.96,54.7,71.79,37.5,46.88,32.5,50
2025-06-18,14,7,2025-06-18 11:26:00,5,第10回サッポロビールカップ競走,4,3882,新田 智彰,2,51,53.8,0,0,0.16,5.46,40.3,53.73,6.25,50,62.5,12.5,34.38,23.81,38.1
2025-06-18,14,7,2025-06-18 11:26:00,5,第10回サッポロビールカップ競走,5,5404,内田 壮,4,21,53.3,0,0,,1.14,0,0,0,0,0,39.02,51.22,29.27,36.59
2025-06-18,14,7,2025-06-18 11:26:00,5,第10回サッポロビールカップ競走,6,4232,笠 雅雄,4,41,58.7,0,0,0.21,4.2,24.07,35.19,2.86,4.76,14.29,29.03,54.84,27.59,41.38
2025-06-18,14,8,2025-06-18 11:58:00,5,第10回サッポロビールカップ競走,1,5000,岡本 翔太郎,3,30,52,0,0,0.14,4.49,18.81,42.57,3.97,14.29,37.14,35.71,66.67,23.33,40
2025-06-18,14,8,2025-06-18 11:58:00,5,第10回サッポロビールカップ競走,2,4031,飯島 誠,3,46,53.2,0,0,0.19,4.6,20.69,42.53,3.83,16.67,33.33,31.25,43.75,16.67,30.56
2025-06-18,14,8,2025-06-18 11:58:00,5,第10回サッポロビールカップ競走,3,3442,宮武 英司,3,55,54.6,0,0,0.17,4.97,27.96,45.16,5.76,33.33,54.55,40,62.5,28.13,56.25
2025-06-18,14,8,2025-06-18 11:58:00,5,第10回サッポロビールカップ競走,4,4883,岡部 大輝,2,29,52.4,0,0,0.14,4.88,30.85,46.81,7.06,62.5,75,42.11,60.53,35.48,48.39
2025-06-18,14,8,2025-06-18 11:58:00,5,第10回サッポロビールカップ競走,5,4121,富永 修一,2,43,52,0,0,0.14,5.85,35.38,58.46,0,0,0,24.24,42.42,20,37.14
2025-06-18,14,8,2025-06-18 11:58:00,5,第10回サッポロビールカップ競走,6,5006,久保原 秀人,3,28,53.8,0,0,0.16,4.43,25.29,36.78,2.2,0,0,22.58,38.71,31.43,48.57
2025-06-18,14,9,2025-06-18 12:31:00,5,第10回サッポロビールカップ競走,1,4394,永嶋 裕一,3,39,52,0,0,0.15,4.96,27.66,46.81,5.58,30.77,65.38,28.13,43.75,33.33,50
2025-06-18,14,9,2025-06-18 12:31:00,5,第10回サッポロビールカップ競走,2,4356,長岡 良也,2,41,52,0,0,0.15,6.66,50.96,69.23,5.67,38.89,50,31.25,62.5,55.88,76.47
2025-06-18,14,9,2025-06-18 12:31:00,5,第10回サッポロビールカップ競走,3,4390,松本 弓雄,3,39,52,1,0,0.16,3.96,16.48,34.07,4.27,19.83,42.15,35.48,48.39,25.58,27.91
2025-06-18,14,9,2025-06-18 12:31:00,5,第10回サッポロビールカップ競走,4,3772,一柳 和孝,2,51,53.2,0,0,0.15,5.2,32.35,49.02,0,0,0,26.32,42.11,44.74,68.42
2025-06-18,14,9,2025-06-18 12:31:00,5,第10回サッポロビールカップ競走,5,4676,後藤 隼之,3,37,55.1,0,0,0.16,5.13,27.88,49.04,4.83,26.09,43.48,37.5,62.5,35.14,56.76
2025-06-18,14,9,2025-06-18 12:31:00,5,第10回サッポロビールカップ競走,6,4917,岩橋 裕馬,3,36,52.3,0,0,0.16,4.39,18.07,38.55,3.95,22.73,27.27,41.18,67.65,26.19,45.24
2025-06-18,14,10,2025-06-18 13:05:00,5,第10回サッポロビールカップ競走,1,4650,中山 雄太,1,40,52.2,0,0,0.14,6.11,41.18,59.56,6.67,33.33,88.89,25.71,48.57,24.14,44.83
2025-06-18,14,10,2025-06-18 13:05:00,5,第10回サッポロビールカップ競走,2,3761,山本 光雄,3,53,52.6,1,0,0.16,4.99,26.76,46.48,4.31,23.08,35.9,16.67,30,40,62.5
2025-06-18,14,10,2025-06-18 13:05:00,5,第10回サッポロビールカップ競走,3,3372,加藤 雅之,3,58,52.2,0,0,0.21,3.48,6.49,23.38,3.57,17.39,34.78,32.5,45,44.12,50
2025-06-18,14,10,2025-06-18 13:05:00,5,第10回サッポロビールカップ競走,4,3333,丸尾 義孝,2,57,52,0,0,0.15,5.33,36.36,54.55,6.6,50,67.91,33.33,43.59,28.13,43.75
2025-06-18,14,10,2025-06-18 13:05:00,5,第10回サッポロビールカップ競走,5,4511,中岡 健人,3,36,55.6,0,0,0.15,3.48,16.13,29.03,4.18,18.42,36.84,31.03,37.93,33.33,44.44
2025-06-18,14,10,2025-06-18 13:05:00,5,第10回サッポロビールカップ競走,6,4355,小川 広大,3,41,58.8,0,0,0.18,3.6,16.84,25.26,4.44,12.5,37.5,45,65,25.64,46.15
2025-06-18,14,11,2025-06-18 13:40:00,5,第10回サッポロビールカップ競走,1,4543,重木 輝彦,1,37,51.5,0,0,0.16,6.94,53.01,73.49,6.72,52,76,39.02,51.22,22.5,40
2025-06-18,14,11,2025-06-18 13:40:00,5,第10回サッポロビールカップ競走,2,3532,柴田 光,1,53,51.5,0,0,0.15,7.23,58.46,80,6.13,41.67,58.33,34.38,50,24.24,51.52
2025-06-18,14,11,2025-06-18 13:40:00,5,第10回サッポロビールカップ競走,3,3882,新田 智彰,2,51,53.6,0,0,0.16,5.46,40.3,53.73,6.25,50,62.5,12.5,34.38,23.81,38.1
2025-06-18,14,11,2025-06-18 13:40:00,5,第10回サッポロビールカップ競走,4,4371,西山 貴浩,1,38,52.4,0,0,0.13,6.66,37.36,58.24,9.13,87.5,100,24.39,36.59,38.89,55.56
2025-06-18,14,11,2025-06-18 13:40:00,5,第10回サッポロビールカップ競走,5,4368,山口 隆史,3,39,52.5,0,0,0.17,4.5,22.32,39.29,3.94,23.53,35.29,25.64,38.46,12.5,25
2025-06-18,14,11,2025-06-18 13:40:00,5,第10回サッポロビールカップ競走,6,3578,塩田 雄一,3,52,51.5,0,0,0.19,4.37,25.26,36.84,4.6,25.71,42.86,50,60.71,19.44,44.44
2025-06-18,14,12,2025-06-18 14:17:00,5,第10回サッポロビールカップ競走,1,4757,山田 祐也,1,35,52.8,0,0,0.14,6.29,42.48,58.41,6.96,54.7,71.79,37.5,46.88,32.5,50
2025-06-18,14,12,2025-06-18 14:17:00,5,第10回サッポロビールカップ競走,2,3965,北中 元樹,2,46,56.6,0,0,0.15,5.73,38.83,59.22,5.43,33.33,50,33.33,57.14,47.06,64.71
2025-06-18,14,12,2025-06-18 14:17:00,5,第10回サッポロビールカップ競走,3,4883,岡部 大輝,2,29,52.4,0,0,0.14,4.88,30.85,46.81,7.06,62.5,75,42.11,60.53,35.48,48.39
2025-06-18,14,12,2025-06-18 14:17:00,5,第10回サッポロビールカップ競走,4,4459,片岡 雅裕,1,39,52.2,0,0,0.12,6.86,45.86,61.65,6.38,34.62,57.69,17.65,26.47,40,60
2025-06-18,14,12,2025-06-18 14:17:00,5,第10回サッポロビールカップ競走,5,4118,宇佐見 淳,2,44,52,0,0,0.14,6.04,46.6,59.22,6.07,42.86,67.86,27.59,34.48,36.59,58.54
2025-06-18,14,12,2025-06-18 14:17:00,5,第10回サッポロビールカップ競走,6,4619,伏田 裕隆,3,42,52,0,0,0.18,4.89,30,47.78,0,0,0,28.95,47.37,35.29,50
2025-06-18,15,1,2025-06-18 15:25:00,5,デイリースポーツカップ,1,3660,長谷川 親王,3,55,56.9,1,0,0.2,3.63,15.09,29.25,4.57,21.95,40.24,30.64,47.98,25.87,47.26
2025-06-18,15,1,2025-06-18 15:25:00,5,デイリースポーツカップ,2,4861,田中 宏樹,3,37,52,0,0,0.17,5.61,38.89,54.63,5.3,40,50,40.85,62.8,27.59,44.33
2025-06-18,15,1,2025-06-18 15:25:00,5,デイリースポーツカップ,3,5253,藤井 太雅,3,22,53.5,0,0,0.17,4.13,15.66,34.94,5.6,30,50,32.42,48.9,34.48,50.86
2025-06-18,15,1,2025-06-18 15:25:00,5,デイリースポーツカップ,4,4247,齊藤 優,3,43,53.6,0,0,0.16,5.29,31.91,48.94,6.18,37.5,65,30.77,52.66,26.32,43.54
2025-06-18,15,1,2025-06-18 15:25:00,5,デイリースポーツカップ,5,4270,岸本 雄貴,3,43,62.2,0,0,0.17,4.32,21.79,37.18,5,27.27,45.45,43.6,59.88,41.59,58.41
2025-06-18,15,1,2025-06-18 15:25:00,5,デイリースポーツカップ,6,3441,土屋 太朗,3,55,52.5,0,0,0.2,5.23,27.03,51.35,0,0,0,28.16,43.1,33.03,48.87
2025-06-18,15,2,2025-06-18 15:53:00,5,デイリースポーツカップ,1,3587,武田 信一,4,52,59,0,0,0.17,4.61,28.81,40.68,4.05,27.27,40.91,46.34,64.02,29.86,46.45
2025-06-18,15,2,2025-06-18 15:53:00,5,デイリースポーツカップ,2,4552,杉山 勝匡,3,36,52,0,0,0.13,5.75,41.51,57.55,6.8,60,60,41.57,57.3,40.71,57.52
2025-06-18,15,2,2025-06-18 15:53:00,5,デイリースポーツカップ,3,4034,西原 明生,3,46,54.4,0,0,0.18,4.6,21.65,42.27,3.98,18.82,34.12,30.98,48.91,41.52,60.71
2025-06-18,15,2,2025-06-18 15:53:00,5,デイリースポーツカップ,4,4837,酒井 陽祐,3,36,51.5,0,0,0.16,3.99,23.08,32.05,4.79,32.14,46.43,34.62,52.2,23.9,39.51
2025-06-18,15,2,2025-06-18 15:53:00,5,デイリースポーツカップ,5,4336,松田 竜馬,2,41,53.7,0,0,0.14,5.07,32.35,48.04,5.42,41.67,50,34.1,50.29,38.26,58.26
2025-06-18,15,2,2025-06-18 15:53:00,5,デイリースポーツカップ,6,4096,石橋 道友,1,43,52,1,0,0.12,6.71,50.47,66.36,6.48,48,56,28,49.14,31.39,45.74
2025-06-18,15,3,2025-06-18 16:22:00,5,デイリースポーツカップ,1,3631,田添 康介,3,55,51,1,0,0.17,4.64,29.73,40.54,5.03,31.03,44.83,30,47.78,28.84,44.19
2025-06-18,15,3,2025-06-18 16:22:00,5,デイリースポーツカップ,2,4752,西尾 亮輔,3,37,52,0,0,0.16,4.35,21.88,41.67,0,0,0,40,58.92,33.33,52.51
2025-06-18,15,3,2025-06-18 16:22:00,5,デイリースポーツカップ,3,4257,古川 健,3,41,52,0,0,0.15,5.27,34.09,47.73,4.9,30,45,30.23,45.93,38.36,53.02
2025-06-18,15,3,2025-06-18 16:22:00,5,デイリースポーツカップ,4,3989,熊本 英一,3,46,59.3,0,0,0.2,3.99,21.35,34.83,3.2,10,20,39.44,53.89,39.3,53.71
2025-06-18,15,3,2025-06-18 16:22:00,5,デイリースポーツカップ,5,4365,盛本 真輔,2,39,52,0,0,0.19,4.85,31.3,44.27,4.83,29.17,37.5,32.95,55.11,28.3,43.87
2025-06-18,15,3,2025-06-18 16:22:00,5,デイリースポーツカップ,6,4122,安東 幸治,1,43,55.4,0,0,0.17,5.6,38.05,55.75,6.33,42.86,66.67,47.7,62.64,31.92,47.42
2025-06-18,15,4,2025-06-18 16:52:00,5,デイリースポーツカップ,1,3377,塚田 修二,3,57,54.2,0,0,0.18,4.57,22.86,45.71,4.45,9.09,36.36,29.35,45.11,37.28,50.44
2025-06-18,15,4,2025-06-18 16:52:00,5,デイリースポーツカップ,2,5212,西川 拓利,3,26,53.7,0,0,0.17,4.3,20.59,38.24,3.32,13.64,27.27,31.84,50.84,35.24,47.58
2025-06-18,15,4,2025-06-18 16:52:00,5,デイリースポーツカップ,3,3414,加瀬 智宏,3,55,54.2,0,0,0.15,4.63,27.71,37.35,2.4,0,0,32.39,47.73,34.91,46.12
2025-06-18,15,4,2025-06-18 16:52:00,5,デイリースポーツカップ,4,5309,森 雄利,4,20,52.2,0,0,0.16,1.35,0,1.22,1.2,0,0,51.18,65.29,26.09,43
2025-06-18,15,4,2025-06-18 16:52:00,5,デイリースポーツカップ,5,4025,山本 隆幸,2,47,52,0,0,0.17,6.31,44.27,61.83,5.81,40.63,53.13,30.22,49.45,31.42,43.36
2025-06-18,15,4,2025-06-18 16:52:00,5,デイリースポーツカップ,6,4256,渡辺 浩司,1,41,52,0,0,0.12,7.09,55.4,70.5,6.1,40,55,30.22,46.7,37.1,52.94
2025-06-18,15,5,2025-06-18 17:19:00,5,デイリースポーツカップ,1,4821,妻鳥 晋也,3,33,55.2,0,0,0.18,5.2,31.19,55.96,5.05,30.21,46.88,33.52,51.96,33.04,50
2025-06-18,15,5,2025-06-18 17:19:00,5,デイリースポーツカップ,2,4895,門間 雄大,3,34,53.5,0,0,0.16,4.95,21.98,50.55,5.67,33.33,55.56,36.99,49.71,33.33,52.89
2025-06-18,15,5,2025-06-18 17:19:00,5,デイリースポーツカップ,3,3448,高山 秀雄,3,55,52.8,0,0,0.19,4.65,19.15,48.94,3.38,7.69,30.77,33.69,49.2,30.41,51.15
2025-06-18,15,5,2025-06-18 17:19:00,5,デイリースポーツカップ,4,4294,古賀 繁輝,1,38,56.6,0,0,0.14,5.93,40,50,0,0,0,26.22,40.85,33.19,47.79
2025-06-18,15,5,2025-06-18 17:19:00,5,デイリースポーツカップ,5,5338,香月 大輝,4,24,52,0,0,0.21,2.43,5.62,11.24,4.33,33.33,33.33,28.11,41.62,32.14,49.11
2025-06-18,15,5,2025-06-18 17:19:00,5,デイリースポーツカップ,6,4230,濱崎 直矢,1,42,53.5,1,0,0.14,7.12,53.42,71.23,0,0,0,24.7,42.77,34.82,52.68
2025-06-18,15,6,2025-06-18 17:46:00,5,デイリースポーツカップ,1,3955,眞田 英二,2,48,52.6,0,0,0.18,5.35,33.67,51.02,5.31,31.43,51.43,28.48,38.79,31.31,53.27
2025-06-18,15,6,2025-06-18 17:46:00,5,デイリースポーツカップ,2,4461,安田 吉宏,3,39,57.4,1,0,0.16,4.07,18.67,34.67,0,0,0,26.62,38.96,38.86,62.45
2025-06-18,15,6,2025-06-18 17:46:00,5,デイリースポーツカップ,3,4532,秋元 哲,1,36,51.5,0,0,0.14,7.11,46.88,76.04,6.91,51.52,72.73,25.52,48.28,36.07,51.6
2025-06-18,15,6,2025-06-18 17:46:00,5,デイリースポーツカップ,4,4776,竹田 和哉,1,31,52.3,0,0,0.16,6.5,42.72,62.14,6.51,46.72,64.75,25.73,39.18,40.28,58.8
2025-06-18,15,6,2025-06-18 17:46:00,5,デイリースポーツカップ,5,4861,田中 宏樹,3,37,52,0,0,0.17,5.61,38.89,54.63,5.3,40,50,40.85,62.8,27.59,44.33
2025-06-18,15,6,2025-06-18 17:46:00,5,デイリースポーツカップ,6,3680,森林 太,3,52,54.5,0,0,0.2,4.93,27.88,45.19,4.64,26,36,34.32,51.48,27.57,47.66
2025-06-18,15,7,2025-06-18 18:13:00,5,デイリースポーツカップ,1,3838,伊藤 啓三,2,49,52,0,0,0.14,5.83,37.01,56.69,0,0,0,26.62,40.91,31.28,41.41
2025-06-18,15,7,2025-06-18 18:13:00,5,デイリースポーツカップ,2,5253,藤井 太雅,3,22,53.5,0,0,0.17,4.13,15.66,34.94,5.6,30,50,32.42,48.9,34.48,50.86
2025-06-18,15,7,2025-06-18 18:13:00,5,デイリースポーツカップ,3,4772,石丸 海渡,1,31,54.4,0,0,0.11,6.1,42.86,55.71,6.54,50.41,65.04,26.74,44.19,26.87,42.29
2025-06-18,15,7,2025-06-18 18:13:00,5,デイリースポーツカップ,4,3587,武田 信一,4,52,59,0,0,0.17,4.61,28.81,40.68,4.05,27.27,40.91,46.34,64.02,29.86,46.45
2025-06-18,15,7,2025-06-18 18:13:00,5,デイリースポーツカップ,5,3989,熊本 英一,3,46,59.3,0,0,0.2,3.99,21.35,34.83,3.2,10,20,39.44,53.89,39.3,53.71
2025-06-18,15,7,2025-06-18 18:13:00,5,デイリースポーツカップ,6,4553,坪口 竜也,1,36,51.5,0,0,0.15,6.52,48.6,69.16,5.6,30.95,64.29,32.39,53.41,32.43,51.35
2025-06-18,15,8,2025-06-18 18:43:00,5,デイリースポーツカップ,1,4734,安河内 将,1,35,51.5,0,0,0.15,6.5,41.88,61.54,5.78,40.63,56.25,30.99,51.46,28.64,47.89
2025-06-18,15,8,2025-06-18 18:43:00,5,デイリースポーツカップ,2,4336,松田 竜馬,2,41,53.7,0,0,0.14,5.07,32.35,48.04,5.42,41.67,50,34.1,50.29,38.26,58.26
2025-06-18,15,8,2025-06-18 18:43:00,5,デイリースポーツカップ,3,4270,岸本 雄貴,3,43,62.2,0,0,0.17,4.32,21.79,37.18,5,27.27,45.45,43.6,59.88,41.59,58.41
2025-06-18,15,8,2025-06-18 18:43:00,5,デイリースポーツカップ,4,4888,金児 隆太,2,37,52,1,0,0.16,5.89,38.81,59.7,5.64,36.36,63.64,27.12,46.33,29.95,44.24
2025-06-18,15,8,2025-06-18 18:43:00,5,デイリースポーツカップ,5,4257,古川 健,3,41,52,0,0,0.15,5.27,34.09,47.73,4.9,30,45,30.23,45.93,38.36,53.02
2025-06-18,15,8,2025-06-18 18:43:00,5,デイリースポーツカップ,6,5309,森 雄利,4,20,52.2,0,0,0.16,1.35,0,1.22,1.2,0,0,51.18,65.29,26.09,43
2025-06-18,15,9,2025-06-18 19:14:00,5,デイリースポーツカップ,1,4122,安東 幸治,1,43,55.4,0,0,0.17,5.6,38.05,55.75,6.33,42.86,66.67,47.7,62.64,31.92,47.42
2025-06-18,15,9,2025-06-18 19:14:00,5,デイリースポーツカップ,2,4839,四宮 与寛,2,34,51.5,0,0,0.13,6.49,49.19,67.74,6.84,46.88,68.75,29.63,47.09,38.16,57.89
2025-06-18,15,9,2025-06-18 19:14:00,5,デイリースポーツカップ,3,4895,門間 雄大,3,34,53.5,0,0,0.16,4.95,21.98,50.55,5.67,33.33,55.56,36.99,49.71,33.33,52.89
2025-06-18,15,9,2025-06-18 19:14:00,5,デイリースポーツカップ,4,4708,半田 尚也,3,36,53.9,0,0,0.19,4.69,22.77,47.52,4.33,21.21,39.39,37.43,54.97,34.51,52.21
2025-06-18,15,9,2025-06-18 19:14:00,5,デイリースポーツカップ,5,4552,杉山 勝匡,3,36,52,0,0,0.13,5.75,41.51,57.55,6.8,60,60,41.57,57.3,40.71,57.52
2025-06-18,15,9,2025-06-18 19:14:00,5,デイリースポーツカップ,6,3414,加瀬 智宏,3,55,54.2,0,0,0.15,4.63,27.71,37.35,2.4,0,0,32.39,47.73,34.91,46.12
2025-06-18,15,10,2025-06-18 19:47:00,5,デイリースポーツカップ,1,4294,古賀 繁輝,1,38,56.6,0,0,0.14,5.93,40,50,0,0,0,26.22,40.85,33.19,47.79
2025-06-18,15,10,2025-06-18 19:47:00,5,デイリースポーツカップ,2,4025,山本 隆幸,2,47,52,0,0,0.17,6.31,44.27,61.83,5.81,40.63,53.13,30.22,49.45,31.42,43.36
2025-06-18,15,10,2025-06-18 19:47:00,5,デイリースポーツカップ,3,3955,眞田 英二,2,48,52.6,0,0,0.18,5.35,33.67,51.02,5.31,31.43,51.43,28.48,38.79,31.31,53.27
2025-06-18,15,10,2025-06-18 19:47:00,5,デイリースポーツカップ,4,4752,西尾 亮輔,3,37,52,0,0,0.16,4.35,21.88,41.67,0,0,0,40,58.92,33.33,52.51
2025-06-18,15,10,2025-06-18 19:47:00,5,デイリースポーツカップ,5,4060,島田 一生,3,46,54.3,0,0,0.16,4.85,29.35,47.83,5.05,35,45,39.77,50.57,38.77,53.3
2025-06-18,15,10,2025-06-18 19:47:00,5,デイリースポーツカップ,6,4034,西原 明生,3,46,54.4,0,0,0.18,4.6,21.65,42.27,3.98,18.82,34.12,30.98,48.91,41.52,60.71
2025-06-18,15,11,2025-06-18 20:16:00,5,デイリースポーツカップ,1,4776,竹田 和哉,1,31,52.3,0,0,0.16,6.5,42.72,62.14,6.51,46.72,64.75,25.73,39.18,40.28,58.8
2025-06-18,15,11,2025-06-18 20:16:00,5,デイリースポーツカップ,2,4553,坪口 竜也,1,36,51.5,0,0,0.15,6.52,48.6,69.16,5.6,30.95,64.29,32.39,53.41,32.43,51.35
2025-06-18,15,11,2025-06-18 20:16:00,5,デイリースポーツカップ,3,4365,盛本 真輔,2,39,52,0,0,0.19,4.85,31.3,44.27,4.83,29.17,37.5,32.95,55.11,28.3,43.87
2025-06-18,15,11,2025-06-18 20:16:00,5,デイリースポーツカップ,4,3377,塚田 修二,3,57,54.2,0,0,0.18,4.57,22.86,45.71,4.45,9.09,36.36,29.35,45.11,37.28,50.44
2025-06-18,15,11,2025-06-18 20:16:00,5,デイリースポーツカップ,5,4247,齊藤 優,3,43,53.6,0,0,0.16,5.29,31.91,48.94,6.18,37.5,65,30.77,52.66,26.32,43.54
2025-06-18,15,11,2025-06-18 20:16:00,5,デイリースポーツカップ,6,3448,高山 秀雄,3,55,52.8,0,0,0.19,4.65,19.15,48.94,3.38,7.69,30.77,33.69,49.2,30.41,51.15
2025-06-18,15,12,2025-06-18 20:45:00,5,デイリースポーツカップ,1,4772,石丸 海渡,1,31,54.4,0,0,0.11,6.1,42.86,55.71,6.54,50.41,65.04,26.74,44.19,26.87,42.29
2025-06-18,15,12,2025-06-18 20:45:00,5,デイリースポーツカップ,2,4230,濱崎 直矢,1,42,52.7,1,0,0.14,7.12,53.42,71.23,0,0,0,24.7,42.77,34.82,52.68
2025-06-18,15,12,2025-06-18 20:45:00,5,デイリースポーツカップ,3,4256,渡辺 浩司,1,41,51.5,0,0,0.12,7.09,55.4,70.5,6.1,40,55,30.22,46.7,37.1,52.94
2025-06-18,15,12,2025-06-18 20:45:00,5,デイリースポーツカップ,4,4096,石橋 道友,1,43,52,1,0,0.12,6.71,50.47,66.36,6.48,48,56,28,49.14,31.39,45.74
2025-06-18,15,12,2025-06-18 20:45:00,5,デイリースポーツカップ,5,4734,安河内 将,1,35,51,0,0,0.15,6.5,41.88,61.54,5.78,40.63,56.25,30.99,51.46,28.64,47.89
2025-06-18,15,12,2025-06-18 20:45:00,5,デイリースポーツカップ,6,4532,秋元 哲,1,36,51,0,0,0.14,7.11,46.88,76.04,6.91,51.52,72.73,25.52,48.28,36.07,51.6
2025-06-18,16,1,2025-06-18 10:46:00,4,第24回シモデンカップ,1,4259,真庭 明志,2,41,52,0,0,0.14,5.41,38.03,52.11,5.82,43.64,58.18,31.97,45.9,32.41,45.37
2025-06-18,16,1,2025-06-18 10:46:00,4,第24回シモデンカップ,2,4506,稗田 聖也,3,37,52.3,0,0,0.13,5.83,42.86,62.86,5.06,32,50,28.32,41.59,23.15,41.67
2025-06-18,16,1,2025-06-18 10:46:00,4,第24回シモデンカップ,3,4410,井上 大輔,3,39,52,0,0,0.16,4.93,32.18,44.83,5.32,34.55,48.18,34.21,45.61,23.85,37.61
2025-06-18,16,1,2025-06-18 10:46:00,4,第24回シモデンカップ,4,3527,中嶋 誠一郎,3,54,52,0,0,0.17,5.36,29.91,53.27,6,45.45,59.09,31.86,46.02,42.06,63.55
2025-06-18,16,1,2025-06-18 10:46:00,4,第24回シモデンカップ,5,4006,小野 勇作,3,47,51,0,0,0.17,4.54,29.67,42.86,5.33,33.33,33.33,28.7,48.7,39.81,59.26
2025-06-18,16,1,2025-06-18 10:46:00,4,第24回シモデンカップ,6,4625,渡邊 裕貴,3,39,52,0,0,0.15,4.41,25.96,40.38,4.62,31.03,41.38,40.35,57.89,31.19,52.29
2025-06-18,16,2,2025-06-18 11:16:00,4,第24回シモデンカップ,1,4133,高橋 正男,2,44,52.4,0,0,0.16,6.09,38.46,62.5,6.06,45.45,57.58,39.13,61.74,40.19,57.01
2025-06-18,16,2,2025-06-18 11:16:00,4,第24回シモデンカップ,2,5081,篠原 飛翔,3,26,52.4,0,0,0.17,5.33,30.14,50.68,4.05,15,35,31.62,41.88,25.23,47.66
2025-06-18,16,2,2025-06-18 11:16:00,4,第24回シモデンカップ,3,4644,山田 亮太,2,46,52,0,0,0.17,5.18,32.35,50.98,6.46,43.59,71.79,41.74,58.26,40.37,53.21
2025-06-18,16,2,2025-06-18 11:16:00,4,第24回シモデンカップ,4,3809,吉田 光,3,50,52.3,1,0,0.16,4.63,21.92,42.47,5.11,44.44,55.56,33.33,47.01,33.02,46.23
2025-06-18,16,2,2025-06-18 11:16:00,4,第24回シモデンカップ,5,3773,津留 浩一郎,3,51,55.1,0,0,0.16,5.57,40.22,52.17,5.46,34.15,58.54,43.75,60.71,34.91,49.06
2025-06-18,16,2,2025-06-18 11:16:00,4,第24回シモデンカップ,6,4171,榎 幸司,2,42,52,0,0,0.17,6.71,46.77,72.58,5.8,33.9,52.54,31.67,56.67,31.13,52.83
2025-06-18,16,3,2025-06-18 11:43:00,4,第24回シモデンカップ,1,3961,谷村 一哉,2,46,53.5,0,0,0.15,6.23,38.02,57.02,6.11,34.21,60.53,34.45,52.1,35.78,46.79
2025-06-18,16,3,2025-06-18 11:43:00,4,第24回シモデンカップ,2,4950,高岡 竜也,2,32,52,0,0,0.15,4.9,34.91,44.34,5.09,27.27,54.55,27.87,43.44,29.36,42.2
2025-06-18,16,3,2025-06-18 11:43:00,4,第24回シモデンカップ,3,4376,藤田 靖弘,3,41,52.3,0,0,0.16,5.58,36.54,54.81,5.66,46.88,50,32.76,52.59,29.13,53.4
2025-06-18,16,3,2025-06-18 11:43:00,4,第24回シモデンカップ,4,4253,西川 真人,3,42,55.4,0,0,0.18,3.95,18,30,4.74,27.66,46.81,53.98,71.68,33.94,54.13
2025-06-18,16,3,2025-06-18 11:43:00,4,第24回シモデンカップ,5,4397,西村 拓也,1,38,52.5,0,0,0.13,7.08,48.61,70.83,7.81,46.15,65.38,29.2,45.13,44.44,60.19
2025-06-18,16,3,2025-06-18 11:43:00,4,第24回シモデンカップ,6,4735,角山 雄哉,3,34,53.4,0,0,0.17,4.56,27.91,39.53,5.13,30,53.33,33.33,53.51,29.63,39.81
2025-06-18,16,4,2025-06-18 12:15:00,4,第24回シモデンカップ,1,4168,石野 貴之,1,43,52.4,0,0,0.15,6.56,53.04,64.35,5.79,21.43,42.86,34.71,52.89,39.45,54.13
2025-06-18,16,4,2025-06-18 12:15:00,4,第24回シモデンカップ,2,3712,淺香 文武,3,50,54.9,0,0,0.14,5,28.57,51.65,6,40,70,44.64,58.93,40.91,52.73
2025-06-18,16,4,2025-06-18 12:15:00,4,第24回シモデンカップ,3,3315,広瀬 聖仁,3,59,53,0,0,0.16,5.25,27,56,6.2,70,70,38.66,53.78,30.91,49.09
2025-06-18,16,4,2025-06-18 12:15:00,4,第24回シモデンカップ,4,5150,坂本 雄紀,2,30,51.5,0,0,0.15,5.98,40.19,62.62,5.67,33.33,55.56,46.02,61.95,47.17,55.66
2025-06-18,16,4,2025-06-18 12:15:00,4,第24回シモデンカップ,5,4189,川上 剛,2,44,54.2,0,0,0.15,6.33,45.03,65.56,6.2,43.18,63.64,43.36,61.06,39.05,56.19
2025-06-18,16,4,2025-06-18 12:15:00,4,第24回シモデンカップ,6,4890,石川 諒,3,36,52.3,0,0,0.13,5.1,33.33,46.15,5.07,28.57,46.43,34.75,56.78,39.81,56.48
2025-06-18,16,5,2025-06-18 12:49:00,4,第24回シモデンカップ,1,4500,山田 康二,1,37,53,0,0,0.14,7.52,52.94,68.07,7.59,51.72,68.97,31.15,45.08,40,60
2025-06-18,16,5,2025-06-18 12:49:00,4,第24回シモデンカップ,2,4603,谷川 将太,3,37,52.3,1,0,0.14,5.59,39.32,55.56,5.32,36.84,57.89,27.19,42.98,25.93,42.59
2025-06-18,16,5,2025-06-18 12:49:00,4,第24回シモデンカップ,3,4640,山ノ内 雅人,1,34,52.2,0,0,0.14,5.64,35.24,57.14,5.72,41.38,58.62,39.5,54.62,31.13,50
2025-06-18,16,5,2025-06-18 12:49:00,4,第24回シモデンカップ,4,3685,荒井 輝年,2,51,55,0,0,0.16,5.44,36.46,52.08,5.71,42.72,54.37,34.45,50.42,39.09,50.91
2025-06-18,16,5,2025-06-18 12:49:00,4,第24回シモデンカップ,5,5023,久永 祥平,3,30,52.1,0,0,0.16,5.12,30.14,50.68,3.56,11.11,22.22,33.33,55,39.62,60.38
2025-06-18,16,5,2025-06-18 12:49:00,4,第24回シモデンカップ,6,4444,桐生 順平,1,38,52,0,0,0.15,7.96,61.06,77.88,8.03,62.86,74.29,42.98,57.89,37.74,67.92
2025-06-18,16,6,2025-06-18 13:29:00,4,第24回シモデンカップ,1,4205,山口 剛,1,42,52.5,0,0,0.12,7.5,58.26,71.3,7.55,65,70,37.7,54.1,34.23,48.65
2025-06-18,16,6,2025-06-18 13:29:00,4,第24回シモデンカップ,2,4625,渡邊 裕貴,3,39,52,0,0,0.15,4.41,25.96,40.38,4.62,31.03,41.38,40.35,57.89,31.19,52.29
2025-06-18,16,6,2025-06-18 13:29:00,4,第24回シモデンカップ,3,3880,浅見 宗孝,3,52,53.7,0,0,0.16,4.48,22.89,43.37,0,0,0,35.14,51.35,28.7,44.44
2025-06-18,16,6,2025-06-18 13:29:00,4,第24回シモデンカップ,4,4824,松井 洪弥,1,32,52,0,0,0.14,6.27,37.5,58.04,6.1,33.33,56.67,29.75,46.28,36.79,56.6
2025-06-18,16,6,2025-06-18 13:29:00,4,第24回シモデンカップ,5,5187,小坂 風太,3,25,55.1,0,0,0.16,4.37,20.54,39.29,4.9,30,50,31.15,50.82,33.96,44.34
2025-06-18,16,6,2025-06-18 13:29:00,4,第24回シモデンカップ,6,3941,池田 浩二,1,47,52,0,0,0.11,7.69,53.06,74.49,7.69,57.69,69.23,40.87,58.26,33.94,54.13
2025-06-18,16,7,2025-06-18 14:03:00,4,第24回シモデンカップ,1,3960,菊地 孝平,1,46,52.6,0,0,0.11,7.73,60.82,80.41,7.31,46.15,53.85,41.59,53.1,35.78,57.8
2025-06-18,16,7,2025-06-18 14:03:00,4,第24回シモデンカップ,2,4735,角山 雄哉,3,34,53.4,0,0,0.17,4.56,27.91,39.53,5.13,30,53.33,33.33,53.51,29.63,39.81
2025-06-18,16,7,2025-06-18 14:03:00,4,第24回シモデンカップ,3,5037,田頭 虎親,2,27,52,0,0,0.16,4.76,25.4,46.03,6.28,44.83,68.97,40.52,59.48,35.14,56.76
2025-06-18,16,7,2025-06-18 14:03:00,4,第24回シモデンカップ,4,3482,金子 猛志,3,54,56.5,0,0,0.15,5.08,30.3,48.48,0,0,0,38.98,59.32,30.48,47.62
2025-06-18,16,7,2025-06-18 14:03:00,4,第24回シモデンカップ,5,3527,中嶋 誠一郎,3,54,52,0,0,0.17,5.36,29.91,53.27,6,45.45,59.09,31.86,46.02,42.06,63.55
2025-06-18,16,7,2025-06-18 14:03:00,4,第24回シモデンカップ,6,4166,吉田 拡郎,1,43,52,0,0,0.11,6.83,48.62,63.3,7.01,55.96,75.23,43.8,58.68,40,53.33
2025-06-18,16,8,2025-06-18 14:37:00,4,第24回シモデンカップ,1,4686,丸野 一樹,1,33,52.5,0,0,0.14,7.26,51.89,65.09,0,0,0,33.62,48.28,32.43,47.75
2025-06-18,16,8,2025-06-18 14:37:00,4,第24回シモデンカップ,2,4890,石川 諒,3,36,52.3,0,0,0.13,5.1,33.33,46.15,5.07,28.57,46.43,34.75,56.78,39.81,56.48
2025-06-18,16,8,2025-06-18 14:37:00,4,第24回シモデンカップ,3,4171,榎 幸司,2,42,52,0,0,0.17,6.71,46.77,72.58,5.8,33.9,52.54,31.67,56.67,31.13,52.83
2025-06-18,16,8,2025-06-18 14:37:00,4,第24回シモデンカップ,4,4410,井上 大輔,3,39,52,0,0,0.16,4.93,32.18,44.83,5.32,34.55,48.18,34.21,45.61,23.85,37.61
2025-06-18,16,8,2025-06-18 14:37:00,4,第24回シモデンカップ,5,4403,木下 大將,3,40,52,0,0,0.14,5.9,44.3,62.03,5.48,40,50,28.81,46.61,25.45,40
2025-06-18,16,8,2025-06-18 14:37:00,4,第24回シモデンカップ,6,3929,杢野 誓良,3,49,52.1,0,0,0.15,5.34,28.77,52.05,5.18,35.29,52.94,44.25,64.6,27.27,40
2025-06-18,16,9,2025-06-18 15:04:00,4,第24回シモデンカップ,1,3685,荒井 輝年,2,51,55,0,0,0.16,5.44,36.46,52.08,5.71,42.72,54.37,34.45,50.42,39.09,50.91
2025-06-18,16,9,2025-06-18 15:04:00,4,第24回シモデンカップ,2,4253,西川 真人,3,42,55.4,0,0,0.18,3.95,18,30,4.74,27.66,46.81,53.98,71.68,33.94,54.13
2025-06-18,16,9,2025-06-18 15:04:00,4,第24回シモデンカップ,3,5150,坂本 雄紀,2,30,51.5,0,0,0.15,5.98,40.19,62.62,5.67,33.33,55.56,46.02,61.95,47.17,55.66
2025-06-18,16,9,2025-06-18 15:04:00,4,第24回シモデンカップ,4,3773,津留 浩一郎,3,51,55.1,0,0,0.16,5.57,40.22,52.17,5.46,34.15,58.54,43.75,60.71,34.91,49.06
2025-06-18,16,9,2025-06-18 15:04:00,4,第24回シモデンカップ,5,4723,寺島 吉彦,2,39,50.5,0,0,0.15,4.88,30.39,51.96,5.3,40,50,26.61,36.7,30.56,47.22
2025-06-18,16,9,2025-06-18 15:04:00,4,第24回シモデンカップ,6,4506,稗田 聖也,3,37,52.3,0,0,0.13,5.83,42.86,62.86,5.06,32,50,28.32,41.59,23.15,41.67
2025-06-18,16,10,2025-06-18 15:38:00,4,第24回シモデンカップ,1,4444,桐生 順平,1,38,52,0,0,0.15,7.96,61.06,77.88,8.03,62.86,74.29,42.98,57.89,37.74,67.92
2025-06-18,16,10,2025-06-18 15:38:00,4,第24回シモデンカップ,2,4397,西村 拓也,1,38,52.5,0,0,0.13,7.08,48.61,70.83,7.81,46.15,65.38,29.2,45.13,44.44,60.19
2025-06-18,16,10,2025-06-18 15:38:00,4,第24回シモデンカップ,3,4205,山口 剛,1,42,52.5,0,0,0.12,7.5,58.26,71.3,7.55,65,70,37.7,54.1,34.23,48.65
2025-06-18,16,10,2025-06-18 15:38:00,4,第24回シモデンカップ,4,4168,石野 貴之,1,43,52.4,0,0,0.15,6.56,53.04,64.35,5.79,21.43,42.86,34.71,52.89,39.45,54.13
2025-06-18,16,10,2025-06-18 15:38:00,4,第24回シモデンカップ,5,5081,篠原 飛翔,3,26,52.4,0,0,0.17,5.33,30.14,50.68,4.05,15,35,31.62,41.88,25.23,47.66
2025-06-18,16,10,2025-06-18 15:38:00,4,第24回シモデンカップ,6,4259,真庭 明志,2,41,52,0,0,0.14,5.41,38.03,52.11,5.82,43.64,58.18,31.97,45.9,32.41,45.37
2025-06-18,16,11,2025-06-18 16:09:00,4,第24回シモデンカップ,1,3941,池田 浩二,1,47,52,0,0,0.11,7.69,53.06,74.49,7.69,57.69,69.23,40.87,58.26,33.94,54.13
2025-06-18,16,11,2025-06-18 16:09:00,4,第24回シモデンカップ,2,4189,川上 剛,2,44,54.2,0,0,0.15,6.33,45.03,65.56,6.2,43.18,63.64,43.36,61.06,39.05,56.19
2025-06-18,16,11,2025-06-18 16:09:00,4,第24回シモデンカップ,3,4500,山田 康二,1,37,53,0,0,0.14,7.52,52.94,68.07,7.59,51.72,68.97,31.15,45.08,40,60
2025-06-18,16,11,2025-06-18 16:09:00,4,第24回シモデンカップ,4,3960,菊地 孝平,1,46,52.6,0,0,0.11,7.73,60.82,80.41,7.31,46.15,53.85,41.59,53.1,35.78,57.8
2025-06-18,16,11,2025-06-18 16:09:00,4,第24回シモデンカップ,5,4950,高岡 竜也,2,32,52,0,0,0.15,4.9,34.91,44.34,5.09,27.27,54.55,27.87,43.44,29.36,42.2
2025-06-18,16,11,2025-06-18 16:09:00,4,第24回シモデンカップ,6,4133,高橋 正男,2,44,52.4,0,0,0.16,6.09,38.46,62.5,6.06,45.45,57.58,39.13,61.74,40.19,57.01
2025-06-18,16,12,2025-06-18 16:50:00,4,第24回シモデンカップ,1,4166,吉田 拡郎,1,43,52,0,0,0.11,6.83,48.62,63.3,7.01,55.96,75.23,43.8,58.68,40,53.33
2025-06-18,16,12,2025-06-18 16:50:00,4,第24回シモデンカップ,2,4824,松井 洪弥,1,32,52,0,0,0.14,6.27,37.5,58.04,6.1,33.33,56.67,29.75,46.28,36.79,56.6
2025-06-18,16,12,2025-06-18 16:50:00,4,第24回シモデンカップ,3,4686,丸野 一樹,1,33,52.5,0,0,0.14,7.26,51.89,65.09,0,0,0,33.62,48.28,32.43,47.75
2025-06-18,16,12,2025-06-18 16:50:00,4,第24回シモデンカップ,4,4640,山ノ内 雅人,1,34,52.2,0,0,0.14,5.64,35.24,57.14,5.72,41.38,58.62,39.5,54.62,31.13,50
2025-06-18,16,12,2025-06-18 16:50:00,4,第24回シモデンカップ,5,3712,淺香 文武,3,50,54.9,0,0,0.14,5,28.57,51.65,6,40,70,44.64,58.93,40.91,52.73
2025-06-18,16,12,2025-06-18 16:50:00,4,第24回シモデンカップ,6,3961,谷村 一哉,2,46,53.5,0,0,0.15,6.23,38.02,57.02,6.11,34.21,60.53,34.45,52.1,35.78,46.79
2025-06-18,21,1,2025-06-18 08:48:00,4,第12回ウエスタンヤング,1,5126,山下 大輝,2,28,52,0,0,0.14,6.25,47.22,62.04,2.33,0,0,23.53,50,24.24,36.36
2025-06-18,21,1,2025-06-18 08:48:00,4,第12回ウエスタンヤング,2,5172,田村 慶,3,24,52,1,0,0.18,5.44,33.33,55.13,4.6,40,40,45.95,59.46,32.43,48.65
2025-06-18,21,1,2025-06-18 08:48:00,4,第12回ウエスタンヤング,3,5105,富田 恕生,3,26,52.2,0,0,0.16,5.03,33.7,52.17,5.21,32.76,53.45,20,34.29,29.41,50
2025-06-18,21,1,2025-06-18 08:48:00,4,第12回ウエスタンヤング,4,5055,眞鳥 章太,2,29,53.3,0,0,0.15,5.91,41.41,55.47,4.8,25.71,42.86,22.22,44.44,52.63,63.16
2025-06-18,21,1,2025-06-18 08:48:00,4,第12回ウエスタンヤング,5,5009,大賀 龍之介,3,28,55,0,0,0.15,5.39,39.47,52.63,4.45,27.27,36.36,25.81,51.61,32.14,75
2025-06-18,21,1,2025-06-18 08:48:00,4,第12回ウエスタンヤング,6,5060,数原 魁,3,28,52,0,0,0.17,5.47,31.82,56.82,4.53,26.32,42.11,44.74,60.53,26.47,50
2025-06-18,21,2,2025-06-18 09:17:00,4,第12回ウエスタンヤング,1,5181,森 智哉,3,27,52,1,0,0.16,5.08,31.36,50.85,4.1,20,20,25.64,35.9,25,41.67
2025-06-18,21,2,2025-06-18 09:17:00,4,第12回ウエスタンヤング,2,5163,清水 愛海,1,25,46.5,1,0,0.16,6.24,37.5,57.5,5.53,29.41,64.71,60,74.29,36.84,60.53
2025-06-18,21,2,2025-06-18 09:17:00,4,第12回ウエスタンヤング,3,5161,登玉 隼百,2,26,53.3,0,0,0.13,6.1,48.08,65.38,3.78,33.33,33.33,29.73,48.65,48.57,65.71
2025-06-18,21,2,2025-06-18 09:17:00,4,第12回ウエスタンヤング,4,4938,小芦 るり華,3,27,49,0,0,0.17,6.52,43.33,65.56,4.06,18.75,25,36.84,55.26,38.89,61.11
2025-06-18,21,2,2025-06-18 09:17:00,4,第12回ウエスタンヤング,5,5014,梶山 涼斗,3,27,52.5,0,0,0.13,4.84,26.74,43.02,4.72,16.67,44.44,53.57,67.86,32.14,57.14
2025-06-18,21,2,2025-06-18 09:17:00,4,第12回ウエスタンヤング,6,5145,島川 海輝,1,22,53.1,0,1,0.15,5.52,36.07,53.28,4.09,18.18,36.36,51.72,65.52,38.89,61.11
2025-06-18,21,3,2025-06-18 09:43:00,4,第12回ウエスタンヤング,1,5241,門田 栞,3,24,48.8,0,0,0.16,4.74,28.16,46.6,3.83,16.67,33.33,51.72,72.41,33.33,40.74
2025-06-18,21,3,2025-06-18 09:43:00,4,第12回ウエスタンヤング,2,5015,高橋 竜矢,1,27,52,0,0,0.13,6.89,54.63,70.37,7.45,72.73,72.73,57.69,76.92,41.67,58.33
2025-06-18,21,3,2025-06-18 09:43:00,4,第12回ウエスタンヤング,3,5222,津田 陸翔,3,24,52.2,0,0,0.16,5.39,31.82,50,3.22,5.56,16.67,35.14,59.46,30.56,44.44
2025-06-18,21,3,2025-06-18 09:43:00,4,第12回ウエスタンヤング,4,4931,木谷 賢太,1,29,52.4,0,0,0.15,5.86,34.75,57.63,7.45,54.55,81.82,59.38,75,23.08,38.46
2025-06-18,21,3,2025-06-18 09:43:00,4,第12回ウエスタンヤング,5,5058,前原 大道,2,28,52,0,0,0.18,6.84,50,75.4,6.56,55.56,55.56,21.62,29.73,29.73,48.65
2025-06-18,21,3,2025-06-18 09:43:00,4,第12回ウエスタンヤング,6,5012,加倉 侑征,3,27,52.3,0,0,0.16,6.04,42.61,61.74,5.83,41.3,58.7,51.35,62.16,42.86,51.43
2025-06-18,21,4,2025-06-18 10:09:00,4,第12回ウエスタンヤング,1,4884,勝浦 真帆,2,29,47.9,1,0,0.13,6.25,48.46,63.85,4.23,22.58,32.26,42.86,71.43,33.33,50
2025-06-18,21,4,2025-06-18 10:09:00,4,第12回ウエスタンヤング,2,5053,山口 広樹,3,29,53.8,0,0,0.18,5.45,32.95,55.68,4.15,20,35,36.67,60,31.03,37.93
2025-06-18,21,4,2025-06-18 10:09:00,4,第12回ウエスタンヤング,3,5158,宮脇 遼太,2,27,52.2,1,0,0.16,6.11,42.36,60.42,5.24,35.29,52.94,62.07,86.21,53.33,76.67
2025-06-18,21,4,2025-06-18 10:09:00,4,第12回ウエスタンヤング,4,5093,浦野 海,3,23,52.2,0,0,0.18,5.54,27.63,55.26,5.51,36.75,54.82,34.48,48.28,25,38.89
2025-06-18,21,4,2025-06-18 10:09:00,4,第12回ウエスタンヤング,5,5142,常住 蓮,1,24,51,0,0,0.16,7.19,52.52,71.94,6.59,50,71.88,41.94,64.52,40,60
2025-06-18,21,4,2025-06-18 10:09:00,4,第12回ウエスタンヤング,6,5134,大原 祥昌,3,25,53.1,1,0,0.13,5.5,35.92,53.4,5.23,38.46,53.85,56.67,76.67,55.26,73.68
2025-06-18,21,5,2025-06-18 10:36:00,4,第12回ウエスタンヤング,1,5109,川崎 智稔,3,25,51,0,0,0.15,5.09,30.51,53.39,4.63,12.5,50,27.03,56.76,28.57,32.14
2025-06-18,21,5,2025-06-18 10:36:00,4,第12回ウエスタンヤング,2,4981,牧山 敦也,2,28,52,0,0,0.15,5.52,37.89,50.53,5.36,34,48,38.89,63.89,34.29,40
2025-06-18,21,5,2025-06-18 10:36:00,4,第12回ウエスタンヤング,3,5018,竹下 大樹,2,26,53.7,0,0,0.16,6.1,42.54,64.18,5.33,25.64,58.97,40.54,48.65,32.14,53.57
2025-06-18,21,5,2025-06-18 10:36:00,4,第12回ウエスタンヤング,4,5136,濱野 斗馬,2,25,52,1,0,0.13,6.45,45.99,66.42,4.95,21.05,36.84,27.78,44.44,57.14,75
2025-06-18,21,5,2025-06-18 10:36:00,4,第12回ウエスタンヤング,5,5188,武井 莉里佳,3,24,44.5,0,0,0.2,5.13,27.94,44.12,5.1,30,30,30.56,44.44,44.83,58.62
2025-06-18,21,5,2025-06-18 10:36:00,4,第12回ウエスタンヤング,6,4980,佐々木 完太,1,29,52,0,0,0.15,6.59,45,63,6.63,43.33,60,28.95,52.63,36.84,63.16
2025-06-18,21,6,2025-06-18 11:05:00,4,第12回ウエスタンヤング,1,5206,梅原 祥平,3,27,52.6,0,0,0.14,4.91,27.43,46.02,6.78,55.56,55.56,34.38,50,38.89,61.11
2025-06-18,21,6,2025-06-18 11:05:00,4,第12回ウエスタンヤング,2,5029,中 亮太,2,28,53.4,0,0,0.12,6.2,52.69,64.52,6.69,54.17,68.75,30.56,41.67,25,39.29
2025-06-18,21,6,2025-06-18 11:05:00,4,第12回ウエスタンヤング,3,4991,宗行 治哉,2,27,51.5,0,0,0.18,5.8,31.31,56.57,5.84,28,64,24.24,33.33,31.25,50
2025-06-18,21,6,2025-06-18 11:05:00,4,第12回ウエスタンヤング,4,5189,藤原 早菜,3,24,45.5,1,0,0.21,4.78,25.81,44.09,2.86,3.57,17.86,24.14,41.38,51.28,69.23
2025-06-18,21,6,2025-06-18 11:05:00,4,第12回ウエスタンヤング,5,5172,田村 慶,3,24,52,1,0,0.18,5.44,33.33,55.13,4.6,40,40,45.95,59.46,32.43,48.65
2025-06-18,21,6,2025-06-18 11:05:00,4,第12回ウエスタンヤング,6,4985,井本 昌也,1,28,52,0,0,0.14,6.83,54.01,71.53,7.21,73.68,73.68,32.14,50,24.14,34.48
2025-06-18,21,7,2025-06-18 11:35:00,4,第12回ウエスタンヤング,1,5105,富田 恕生,3,26,52.2,0,0,0.16,5.03,33.7,52.17,5.21,32.76,53.45,20,34.29,29.41,50
2025-06-18,21,7,2025-06-18 11:35:00,4,第12回ウエスタンヤング,2,4857,加藤 翔馬,2,28,55.2,0,0,0.18,6.95,59.14,75.27,6.1,48.28,62.07,43.24,59.46,42.86,67.86
2025-06-18,21,7,2025-06-18 11:35:00,4,第12回ウエスタンヤング,3,5224,西岡 顕心,1,23,52.2,0,0,0.16,6.64,46.02,71.68,0,0,0,44.83,62.07,34.78,69.57
2025-06-18,21,7,2025-06-18 11:35:00,4,第12回ウエスタンヤング,4,5222,津田 陸翔,3,24,52.2,0,0,0.16,5.39,31.82,50,3.22,5.56,16.67,35.14,59.46,30.56,44.44
2025-06-18,21,7,2025-06-18 11:35:00,4,第12回ウエスタンヤング,5,5163,清水 愛海,1,25,46.5,1,0,0.16,6.24,37.5,57.5,5.53,29.41,64.71,60,74.29,36.84,60.53
2025-06-18,21,7,2025-06-18 11:35:00,4,第12回ウエスタンヤング,6,5083,柳瀬 幹太,3,26,52.6,1,0,0.14,4.63,30.19,42.45,4.92,30.77,42.31,41.67,55.56,31.03,58.62
2025-06-18,21,8,2025-06-18 12:06:00,4,第12回ウエスタンヤング,1,4938,小芦 るり華,3,27,49,0,0,0.17,6.52,43.33,65.56,4.06,18.75,25,36.84,55.26,38.89,61.11
2025-06-18,21,8,2025-06-18 12:06:00,4,第12回ウエスタンヤング,2,4931,木谷 賢太,1,29,52.4,0,0,0.15,5.86,34.75,57.63,7.45,54.55,81.82,59.38,75,23.08,38.46
2025-06-18,21,8,2025-06-18 12:06:00,4,第12回ウエスタンヤング,3,5043,中村 日向,1,26,52,0,0,0.15,7.28,61.86,73.73,0,0,0,41.38,51.72,32.35,44.12
2025-06-18,21,8,2025-06-18 12:06:00,4,第12回ウエスタンヤング,4,5092,篠原 晟弥,3,24,52,0,0,0.15,4.9,33.71,46.07,3.79,20.83,33.33,29.73,48.65,36.11,44.44
2025-06-18,21,8,2025-06-18 12:06:00,4,第12回ウエスタンヤング,5,5134,大原 祥昌,3,25,53.1,1,0,0.13,5.5,35.92,53.4,5.23,38.46,53.85,56.67,76.67,55.26,73.68
2025-06-18,21,8,2025-06-18 12:06:00,4,第12回ウエスタンヤング,6,5104,山田 丈,2,26,52.1,0,0,0.18,6.32,44,65.6,6.42,47.17,64.15,31.43,37.14,51.35,56.76
2025-06-18,21,9,2025-06-18 12:39:00,4,第12回ウエスタンヤング,1,5032,谷口 知優,3,27,52.2,0,0,0.15,5.22,32.61,46.74,4.63,25.93,44.44,27.59,44.83,27.03,40.54
2025-06-18,21,9,2025-06-18 12:39:00,4,第12回ウエスタンヤング,2,4963,實森 美祐,1,28,46,0,0,0.14,7.08,53.77,67.92,0,0,0,37.5,68.75,27.59,34.48
2025-06-18,21,9,2025-06-18 12:39:00,4,第12回ウエスタンヤング,3,5014,梶山 涼斗,3,27,52.5,0,0,0.13,4.84,26.74,43.02,4.72,16.67,44.44,53.57,67.86,32.14,57.14
2025-06-18,21,9,2025-06-18 12:39:00,4,第12回ウエスタンヤング,4,5188,武井 莉里佳,3,24,44.5,0,0,0.2,5.13,27.94,44.12,5.1,30,30,30.56,44.44,44.83,58.62
2025-06-18,21,9,2025-06-18 12:39:00,4,第12回ウエスタンヤング,5,5126,山下 大輝,2,28,52,0,0,0.14,6.25,47.22,62.04,2.33,0,0,23.53,50,24.24,36.36
2025-06-18,21,9,2025-06-18 12:39:00,4,第12回ウエスタンヤング,6,5158,宮脇 遼太,2,27,52.2,1,0,0.16,6.11,42.36,60.42,5.24,35.29,52.94,62.07,86.21,53.33,76.67
2025-06-18,21,10,2025-06-18 13:11:00,4,第12回ウエスタンヤング,1,5161,登玉 隼百,2,26,53.3,0,0,0.13,6.1,48.08,65.38,3.78,33.33,33.33,29.73,48.65,48.57,65.71
2025-06-18,21,10,2025-06-18 13:11:00,4,第12回ウエスタンヤング,2,5060,数原 魁,3,28,52,0,0,0.17,5.47,31.82,56.82,4.53,26.32,42.11,44.74,60.53,26.47,50
2025-06-18,21,10,2025-06-18 13:11:00,4,第12回ウエスタンヤング,3,5015,高橋 竜矢,1,27,52,0,0,0.13,6.89,54.63,70.37,7.45,72.73,72.73,57.69,76.92,41.67,58.33
2025-06-18,21,10,2025-06-18 13:11:00,4,第12回ウエスタンヤング,4,4884,勝浦 真帆,2,29,47.9,1,0,0.13,6.25,48.46,63.85,4.23,22.58,32.26,42.86,71.43,33.33,50
2025-06-18,21,10,2025-06-18 13:11:00,4,第12回ウエスタンヤング,5,5029,中 亮太,2,28,53.4,0,0,0.12,6.2,52.69,64.52,6.69,54.17,68.75,30.56,41.67,25,39.29
2025-06-18,21,10,2025-06-18 13:11:00,4,第12回ウエスタンヤング,6,5027,重冨 勇哉,3,28,55.1,1,0,0.17,4.92,32.77,44.54,0,0,0,63.16,84.21,55.56,70.37
2025-06-18,21,11,2025-06-18 13:47:00,4,第12回ウエスタンヤング,1,5224,西岡 顕心,1,23,52.2,0,0,0.16,6.64,46.02,71.68,0,0,0,44.83,62.07,34.78,69.57
2025-06-18,21,11,2025-06-18 13:47:00,4,第12回ウエスタンヤング,2,5129,山口 真喜子,2,28,47.6,1,0,0.16,6.09,42.06,61.11,3.31,23.08,23.08,31.43,51.43,31.03,37.93
2025-06-18,21,11,2025-06-18 13:47:00,4,第12回ウエスタンヤング,3,5276,大島 隆乃介,3,23,51.5,0,0,0.16,5.61,41.51,55.66,2.77,8.86,18.99,35.9,48.72,29.73,59.46
2025-06-18,21,11,2025-06-18 13:47:00,4,第12回ウエスタンヤング,4,4981,牧山 敦也,2,28,52,0,0,0.15,5.52,37.89,50.53,5.36,34,48,38.89,63.89,34.29,40
2025-06-18,21,11,2025-06-18 13:47:00,4,第12回ウエスタンヤング,5,5093,浦野 海,3,23,52.2,0,0,0.18,5.54,27.63,55.26,5.51,36.75,54.82,34.48,48.28,25,38.89
2025-06-18,21,11,2025-06-18 13:47:00,4,第12回ウエスタンヤング,6,5257,西丸 侑太朗,2,21,52.3,0,0,0.15,6.24,42.15,65.29,4.06,17.65,35.29,25,38.89,27.78,47.22
2025-06-18,21,12,2025-06-18 14:28:00,4,第12回ウエスタンヤング,1,5142,常住 蓮,1,24,51,0,0,0.16,7.19,52.52,71.94,6.59,50,71.88,41.94,64.52,40,60
2025-06-18,21,12,2025-06-18 14:28:00,4,第12回ウエスタンヤング,2,4966,田川 大貴,2,27,53.8,0,0,0.14,5.48,37.23,54.26,4.72,27.78,44.44,29.73,59.46,45.95,64.86
2025-06-18,21,12,2025-06-18 14:28:00,4,第12回ウエスタンヤング,3,5145,島川 海輝,1,22,53.1,0,1,0.15,5.52,36.07,53.28,4.09,18.18,36.36,51.72,65.52,38.89,61.11
2025-06-18,21,12,2025-06-18 14:28:00,4,第12回ウエスタンヤング,4,5111,三村 岳人,2,25,51.5,2,0,0.13,6,43.81,64.76,5.41,37.04,59.26,50,63.64,39.39,42.42
2025-06-18,21,12,2025-06-18 14:28:00,4,第12回ウエスタンヤング,5,4857,加藤 翔馬,2,28,55.2,0,0,0.18,6.95,59.14,75.27,6.1,48.28,62.07,43.24,59.46,42.86,67.86
2025-06-18,21,12,2025-06-18 14:28:00,4,第12回ウエスタンヤング,6,5016,宮田 龍馬,2,27,52,0,0,0.15,6.5,45.35,68.6,5.53,42.11,52.63,33.33,41.67,37.14,45.71
