race_date,stadium_number,race_number,race_closed_at,race_grade_number,race_title,boat_number,racer_number,racer_name,racer_class_number,racer_age,racer_weight,racer_flying_count,racer_late_count,racer_average_start_timing,racer_national_top_1_percent,racer_national_top_2_percent,racer_national_top_3_percent,racer_local_top_1_percent,racer_local_top_2_percent,racer_local_top_3_percent,racer_assigned_motor_top_2_percent,racer_assigned_motor_top_3_percent,racer_assigned_boat_top_2_percent,racer_assigned_boat_top_3_percent
2026-02-04,3,1,2026-02-04 11:12:00,5,第14回ボートレース研究ファン感謝祭,1,3857,阿波 勝哉,3,52,55.2,0,0,0.2,4.85,25.26,43.16,0,0,0,33.53,49.1,28,46
2026-02-04,3,1,2026-02-04 11:12:00,5,第14回ボートレース研究ファン感謝祭,2,4973,栗原 直也,2,33,52,0,0,0.18,5.02,27.47,50.55,5.03,30.3,51.52,26.67,46.67,24.2,46.5
2026-02-04,3,1,2026-02-04 11:12:00,5,第14回ボートレース研究ファン感謝祭,3,4200,早川 尚人,3,43,55.2,0,0,0.17,4.26,22.62,32.14,4.33,22.22,44.44,29.52,43.98,29.86,52.78
2026-02-04,3,1,2026-02-04 11:12:00,5,第14回ボートレース研究ファン感謝祭,4,4474,渡辺 崇,3,38,55.3,0,0,0.19,5.15,29.21,50.56,6.48,52.17,69.57,27.49,39.18,39.64,59.17
2026-02-04,3,1,2026-02-04 11:12:00,5,第14回ボートレース研究ファン感謝祭,5,5385,鈴木 柊介,4,21,56.1,0,0,0.16,2.39,5.26,12.28,2.88,12.5,25,37.5,58.93,29.01,46.3
2026-02-04,3,1,2026-02-04 11:12:00,5,第14回ボートレース研究ファン感謝祭,6,5014,梶山 涼斗,3,28,52,0,0,0.13,4.95,25.33,45.33,6.15,40,70,32.73,46.06,39.66,52.87
2026-02-04,3,2,2026-02-04 11:40:00,5,第14回ボートレース研究ファン感謝祭,1,5282,中本 大樹,3,22,53.9,0,0,0.17,4.35,16.88,38.96,4.4,20,40,27.91,44.19,42.42,56.36
2026-02-04,3,2,2026-02-04 11:40:00,5,第14回ボートレース研究ファン感謝祭,2,5243,三馬 崇史,2,25,53.3,1,0,0.14,4.9,29.11,46.84,4.06,25.71,28.57,31.06,50.93,22.83,40.94
2026-02-04,3,2,2026-02-04 11:40:00,5,第14回ボートレース研究ファン感謝祭,3,4486,野村 誠,3,39,52,0,0,0.17,5.06,39.44,49.3,6.41,43.14,72.55,28.67,43.33,36.13,52.9
2026-02-04,3,2,2026-02-04 11:40:00,5,第14回ボートレース研究ファン感謝祭,4,4197,渥美 卓郎,3,43,54.1,0,0,0.18,3.65,10,26.25,3.46,10.42,27.08,26.32,40.79,27.08,50.69
2026-02-04,3,2,2026-02-04 11:40:00,5,第14回ボートレース研究ファン感謝祭,5,5114,小林 孝彰,2,26,52.9,0,0,0.16,5.34,37.21,50.39,7.43,57.14,71.43,32.93,45.51,42.07,54.88
2026-02-04,3,2,2026-02-04 11:40:00,5,第14回ボートレース研究ファン感謝祭,6,5023,久永 祥平,3,30,51,1,0,0.15,5.89,41.38,63.22,5.94,44.21,61.05,25.97,39.61,40.61,52.73
2026-02-04,3,3,2026-02-04 12:05:00,5,第14回ボートレース研究ファン感謝祭,1,3581,加木 郁,3,53,52.2,0,0,0.19,3.93,17.14,30,4.75,29.17,41.67,23.45,39.31,35.91,51.38
2026-02-04,3,3,2026-02-04 12:05:00,5,第14回ボートレース研究ファン感謝祭,2,5010,宇留田 翔平,2,28,54.3,0,0,0.15,5.87,41.8,59.02,4.56,22.22,44.44,40.36,56.63,30.14,48.63
2026-02-04,3,3,2026-02-04 12:05:00,5,第14回ボートレース研究ファン感謝祭,3,4603,谷川 将太,3,38,54,0,0,0.17,5.13,28.97,47.66,5.71,29.17,62.5,25.5,38.26,41.03,57.05
2026-02-04,3,3,2026-02-04 12:05:00,5,第14回ボートレース研究ファン感謝祭,4,4981,牧山 敦也,3,29,52,1,0,0.17,4.88,25.68,50,5.59,35.29,58.82,28.66,49.39,33.74,47.85
2026-02-04,3,3,2026-02-04 12:05:00,5,第14回ボートレース研究ファン感謝祭,5,4551,三川 昂暁,2,37,53.9,1,0,0.18,6.24,42.99,68.22,7,50,100,32.93,47.31,36.02,54.66
2026-02-04,3,3,2026-02-04 12:05:00,5,第14回ボートレース研究ファン感謝祭,6,5239,上野 俊樹,3,25,50.5,0,0,0.16,5,28.92,50.6,4.88,20.83,50,26.67,42.67,31.71,46.95
2026-02-04,3,4,2026-02-04 12:30:00,5,第14回ボートレース研究ファン感謝祭,1,4231,鈴木 裕隆,2,42,55.3,0,0,0.17,5.18,28.57,52.04,6,40.91,59.09,42.86,57.74,23.61,45.83
2026-02-04,3,4,2026-02-04 12:30:00,5,第14回ボートレース研究ファン感謝祭,2,5082,一色 凌雅,3,27,57.3,0,0,0.2,5.18,31.18,53.76,5.02,26.19,47.62,26.35,50.68,30.14,50
2026-02-04,3,4,2026-02-04 12:30:00,5,第14回ボートレース研究ファン感謝祭,3,3548,室田 泰史,2,55,53.4,0,0,0.12,5.9,40.71,59.29,7,52.78,77.78,34.57,56.79,31.17,45.45
2026-02-04,3,4,2026-02-04 12:30:00,5,第14回ボートレース研究ファン感謝祭,4,4458,抹香 雄三,3,40,53.4,1,0,0.14,5.14,34.88,47.67,5.68,34,56,32.93,48.5,30.43,44.72
2026-02-04,3,4,2026-02-04 12:30:00,5,第14回ボートレース研究ファン感謝祭,5,5364,金子 怜央,4,26,53,0,0,0.18,1.7,4,4,1.56,0,3.7,44.97,60.36,32.2,47.46
2026-02-04,3,4,2026-02-04 12:30:00,5,第14回ボートレース研究ファン感謝祭,6,5355,萩原 丈太朗,3,21,55,0,0,0.19,1.76,1.69,5.08,0,0,0,37.2,51.83,24,43.33
2026-02-04,3,5,2026-02-04 12:58:00,5,第14回ボートレース研究ファン感謝祭,1,5137,川原 涼,3,25,53.1,0,0,0.17,5.16,30.16,50.79,4.88,32,40,25.48,40.76,29.63,43.7
2026-02-04,3,5,2026-02-04 12:58:00,5,第14回ボートレース研究ファン感謝祭,2,4122,安東 幸治,2,44,54.7,0,0,0.16,5.69,36.04,54.05,5.72,44.83,62.07,47.24,62.58,35.71,50.6
2026-02-04,3,5,2026-02-04 12:58:00,5,第14回ボートレース研究ファン感謝祭,3,3602,奥平 拓也,3,55,52.7,1,0,0.18,4.65,24.64,44.93,5.37,35.56,48.89,40.63,56.25,39.16,56.02
2026-02-04,3,5,2026-02-04 12:58:00,5,第14回ボートレース研究ファン感謝祭,4,4649,和田 操拓,2,41,52,0,0,0.12,4.89,25.96,41.35,5.89,34.04,48.94,28.86,48.32,32.16,44.44
2026-02-04,3,5,2026-02-04 12:58:00,5,第14回ボートレース研究ファン感謝祭,5,4677,片橋 幸貴,4,37,53.1,0,0,0.2,6.58,45.76,71.19,7.29,53.85,71.15,45.61,67.84,35.95,54.9
2026-02-04,3,5,2026-02-04 12:58:00,5,第14回ボートレース研究ファン感謝祭,6,3857,阿波 勝哉,3,52,55.2,0,0,0.2,4.85,25.26,43.16,0,0,0,33.53,49.1,28,46
2026-02-04,3,6,2026-02-04 13:23:00,5,第14回ボートレース研究ファン感謝祭,1,3796,長野 道臣,3,52,53.7,0,0,0.16,5.01,35.82,50.75,5.54,42.86,54.29,31.06,50.93,35.22,54.09
2026-02-04,3,6,2026-02-04 13:23:00,5,第14回ボートレース研究ファン感謝祭,2,4200,早川 尚人,3,43,55.2,0,0,0.17,4.26,22.62,32.14,4.33,22.22,44.44,29.52,43.98,29.86,52.78
2026-02-04,3,6,2026-02-04 13:23:00,5,第14回ボートレース研究ファン感謝祭,3,4197,渥美 卓郎,3,43,54.1,0,0,0.18,3.65,10,26.25,3.46,10.42,27.08,26.32,40.79,27.08,50.69
2026-02-04,3,6,2026-02-04 13:23:00,5,第14回ボートレース研究ファン感謝祭,4,4813,宮内 直哉,3,36,52.1,0,0,0.18,3.65,15.49,26.76,4.25,23.08,36.54,39.29,62.5,36.47,58.24
2026-02-04,3,6,2026-02-04 13:23:00,5,第14回ボートレース研究ファン感謝祭,5,5023,久永 祥平,3,30,51,1,0,0.15,5.89,41.38,63.22,5.94,44.21,61.05,25.97,39.61,40.61,52.73
2026-02-04,3,6,2026-02-04 13:23:00,5,第14回ボートレース研究ファン感謝祭,6,3499,市川 哲也,2,57,51.5,0,0,0.13,6.43,47.87,67.02,6.04,36.73,59.18,31.71,50.61,24.83,47.59
2026-02-04,3,7,2026-02-04 13:49:00,5,第14回ボートレース研究ファン感謝祭,1,4619,伏田 裕隆,2,43,52,0,0,0.16,5.04,29.41,48.53,5.41,35.23,50,31.14,49.1,36.36,57.75
2026-02-04,3,7,2026-02-04 13:49:00,5,第14回ボートレース研究ファン感謝祭,2,5114,小林 孝彰,2,26,52.9,0,0,0.16,5.34,37.21,50.39,7.43,57.14,71.43,32.93,45.51,42.07,54.88
2026-02-04,3,7,2026-02-04 13:49:00,5,第14回ボートレース研究ファン感謝祭,3,4082,濱崎 誠,3,46,52,0,0,0.15,4.69,25.97,40.26,6.28,50,61.11,39.63,60.37,38.51,52.03
2026-02-04,3,7,2026-02-04 13:49:00,5,第14回ボートレース研究ファン感謝祭,4,4603,谷川 将太,3,38,54,0,0,0.17,5.13,28.97,47.66,5.71,29.17,62.5,25.5,38.26,41.03,57.05
2026-02-04,3,7,2026-02-04 13:49:00,5,第14回ボートレース研究ファン感謝祭,5,3581,加木 郁,3,53,52.2,0,0,0.19,3.93,17.14,30,4.75,29.17,41.67,23.45,39.31,35.91,51.38
2026-02-04,3,7,2026-02-04 13:49:00,5,第14回ボートレース研究ファン感謝祭,6,5385,鈴木 柊介,4,21,56.1,0,0,0.16,2.39,5.26,12.28,2.88,12.5,25,37.5,58.93,29.01,46.3
2026-02-04,3,8,2026-02-04 14:14:00,5,第14回ボートレース研究ファン感謝祭,1,5355,萩原 丈太朗,3,21,55,0,0,0.19,1.76,1.69,5.08,0,0,0,37.2,51.83,24,43.33
2026-02-04,3,8,2026-02-04 14:14:00,5,第14回ボートレース研究ファン感謝祭,2,4486,野村 誠,3,39,52,0,0,0.17,5.06,39.44,49.3,6.41,43.14,72.55,28.67,43.33,36.13,52.9
2026-02-04,3,8,2026-02-04 14:14:00,5,第14回ボートレース研究ファン感謝祭,3,5239,上野 俊樹,3,25,50.5,0,0,0.16,5,28.92,50.6,4.88,20.83,50,26.67,42.67,31.71,46.95
2026-02-04,3,8,2026-02-04 14:14:00,5,第14回ボートレース研究ファン感謝祭,4,4973,栗原 直也,2,33,52,0,0,0.18,5.02,27.47,50.55,5.03,30.3,51.52,26.67,46.67,24.2,46.5
2026-02-04,3,8,2026-02-04 14:14:00,5,第14回ボートレース研究ファン感謝祭,5,4981,牧山 敦也,3,29,52,1,0,0.17,4.88,25.68,50,5.59,35.29,58.82,28.66,49.39,33.74,47.85
2026-02-04,3,8,2026-02-04 14:14:00,5,第14回ボートレース研究ファン感謝祭,6,5082,一色 凌雅,3,27,57.3,0,0,0.2,5.18,31.18,53.76,5.02,26.19,47.62,26.35,50.68,30.14,50
2026-02-04,3,9,2026-02-04 14:41:00,5,第14回ボートレース研究ファン感謝祭,1,3602,奥平 拓也,3,55,52.7,1,0,0.18,4.65,24.64,44.93,5.37,35.56,48.89,40.63,56.25,39.16,56.02
2026-02-04,3,9,2026-02-04 14:41:00,5,第14回ボートレース研究ファン感謝祭,2,4649,和田 操拓,2,41,52,0,0,0.12,4.89,25.96,41.35,5.89,34.04,48.94,28.86,48.32,32.16,44.44
2026-02-04,3,9,2026-02-04 14:41:00,5,第14回ボートレース研究ファン感謝祭,3,4458,抹香 雄三,3,40,53.4,1,0,0.14,5.14,34.88,47.67,5.68,34,56,32.93,48.5,30.43,44.72
2026-02-04,3,9,2026-02-04 14:41:00,5,第14回ボートレース研究ファン感謝祭,4,5364,金子 怜央,4,26,53,0,0,0.18,1.7,4,4,1.56,0,3.7,44.97,60.36,32.2,47.46
2026-02-04,3,9,2026-02-04 14:41:00,5,第14回ボートレース研究ファン感謝祭,5,5010,宇留田 翔平,2,28,54.3,0,0,0.15,5.87,41.8,59.02,4.56,22.22,44.44,40.36,56.63,30.14,48.63
2026-02-04,3,9,2026-02-04 14:41:00,5,第14回ボートレース研究ファン感謝祭,6,5282,中本 大樹,3,22,53.9,0,0,0.17,4.35,16.88,38.96,4.4,20,40,27.91,44.19,42.42,56.36
2026-02-04,3,10,2026-02-04 15:11:00,5,第14回ボートレース研究ファン感謝祭,1,5014,梶山 涼斗,3,28,52,0,0,0.13,4.95,25.33,45.33,6.15,40,70,32.73,46.06,39.66,52.87
2026-02-04,3,10,2026-02-04 15:11:00,5,第14回ボートレース研究ファン感謝祭,2,4551,三川 昂暁,2,37,53.9,1,0,0.18,6.24,42.99,68.22,7,50,100,32.93,47.31,36.02,54.66
2026-02-04,3,10,2026-02-04 15:11:00,5,第14回ボートレース研究ファン感謝祭,3,4813,宮内 直哉,3,36,52.1,0,0,0.18,3.65,15.49,26.76,4.25,23.08,36.54,39.29,62.5,36.47,58.24
2026-02-04,3,10,2026-02-04 15:11:00,5,第14回ボートレース研究ファン感謝祭,4,3548,室田 泰史,2,55,53.4,0,0,0.12,5.9,40.71,59.29,7,52.78,77.78,34.57,56.79,31.17,45.45
2026-02-04,3,10,2026-02-04 15:11:00,5,第14回ボートレース研究ファン感謝祭,5,4122,安東 幸治,2,44,54.7,0,0,0.16,5.69,36.04,54.05,5.72,44.83,62.07,47.24,62.58,35.71,50.6
2026-02-04,3,10,2026-02-04 15:11:00,5,第14回ボートレース研究ファン感謝祭,6,5137,川原 涼,3,25,53.1,0,0,0.17,5.16,30.16,50.79,4.88,32,40,25.48,40.76,29.63,43.7
2026-02-04,3,11,2026-02-04 15:42:00,5,第14回ボートレース研究ファン感謝祭,1,3499,市川 哲也,2,57,51.5,0,0,0.13,6.43,47.87,67.02,6.04,36.73,59.18,31.71,50.61,24.83,47.59
2026-02-04,3,11,2026-02-04 15:42:00,5,第14回ボートレース研究ファン感謝祭,2,4677,片橋 幸貴,4,37,53.1,0,0,0.2,6.58,45.76,71.19,7.29,53.85,71.15,45.61,67.84,35.95,54.9
2026-02-04,3,11,2026-02-04 15:42:00,5,第14回ボートレース研究ファン感謝祭,3,4474,渡辺 崇,3,38,55.3,0,0,0.19,5.15,29.21,50.56,6.48,52.17,69.57,27.49,39.18,39.64,59.17
2026-02-04,3,11,2026-02-04 15:42:00,5,第14回ボートレース研究ファン感謝祭,4,4082,濱崎 誠,3,46,52,0,0,0.15,4.69,25.97,40.26,6.28,50,61.11,39.63,60.37,38.51,52.03
2026-02-04,3,11,2026-02-04 15:42:00,5,第14回ボートレース研究ファン感謝祭,5,5243,三馬 崇史,2,25,53.3,1,0,0.14,4.9,29.11,46.84,4.06,25.71,28.57,31.06,50.93,22.83,40.94
2026-02-04,3,11,2026-02-04 15:42:00,5,第14回ボートレース研究ファン感謝祭,6,4231,鈴木 裕隆,2,42,55.3,0,0,0.17,5.18,28.57,52.04,6,40.91,59.09,42.86,57.74,23.61,45.83
2026-02-04,3,12,2026-02-04 16:15:00,5,第14回ボートレース研究ファン感謝祭,1,3303,渡辺 豊,3,58,52.8,0,0,0.2,5.14,30.36,51.79,6.09,41.38,66.38,33.14,49.7,39.76,56.63
2026-02-04,3,12,2026-02-04 16:15:00,5,第14回ボートレース研究ファン感謝祭,2,4077,品田 直樹,3,47,51.5,0,0,0.18,4.94,28.42,44.21,5.36,34.68,53.23,54.55,70.78,26.76,44.37
2026-02-04,3,12,2026-02-04 16:15:00,5,第14回ボートレース研究ファン感謝祭,3,5158,宮脇 遼太,2,27,52.1,0,0,0.17,6.16,42.24,58.62,5.49,37.84,51.35,30.12,48.8,36.94,49.68
2026-02-04,3,12,2026-02-04 16:15:00,5,第14回ボートレース研究ファン感謝祭,4,4633,森 智也,2,36,52.3,0,0,0.15,5.67,32.05,56.41,0,0,0,44.44,54.32,44.83,62.07
2026-02-04,3,12,2026-02-04 16:15:00,5,第14回ボートレース研究ファン感謝祭,5,4619,伏田 裕隆,2,43,52,0,0,0.16,5.04,29.41,48.53,5.41,35.23,50,31.14,49.1,36.36,57.75
2026-02-04,3,12,2026-02-04 16:15:00,5,第14回ボートレース研究ファン感謝祭,6,3796,長野 道臣,3,52,53.7,0,0,0.16,5.01,35.82,50.75,5.54,42.86,54.29,31.06,50.93,35.22,54.09
2026-02-04,4,1,2026-02-04 10:45:00,5,BTSオラレ上越開設14周年記念第63回東中杯,1,5046,松山 裕基,3,31,53.5,0,0,0.16,4.55,22.97,43.24,3.06,11.11,22.22,36.59,58.54,28.7,50
2026-02-04,4,1,2026-02-04 10:45:00,5,BTSオラレ上越開設14周年記念第63回東中杯,2,5247,大森 翼,3,23,52.1,0,0,0.16,4.14,15.91,44.32,3.5,18.75,31.25,30,49.09,39.47,51.75
2026-02-04,4,1,2026-02-04 10:45:00,5,BTSオラレ上越開設14周年記念第63回東中杯,3,4233,亀山 雅幸,2,42,52,0,0,0.18,5.56,35,63,5.45,42.5,50,35.83,49.17,31.36,47.46
2026-02-04,4,1,2026-02-04 10:45:00,5,BTSオラレ上越開設14周年記念第63回東中杯,4,5331,佐藤 永梧,3,22,54.6,0,0,0.15,3.96,22.39,31.34,2.8,9.76,19.51,23.85,36.7,22,34
2026-02-04,4,1,2026-02-04 10:45:00,5,BTSオラレ上越開設14周年記念第63回東中杯,5,3731,高濱 芳久,3,52,53.1,0,0,0.18,4.61,28.42,43.16,4.8,40,40,38.52,50,21.78,39.6
2026-02-04,4,1,2026-02-04 10:45:00,5,BTSオラレ上越開設14周年記念第63回東中杯,6,4150,山田 雄太,3,43,56.4,0,0,0.15,5.52,37.23,56.38,6.13,43.33,63.33,48.85,61.83,37.9,55.65
2026-02-04,4,2,2026-02-04 11:12:00,5,BTSオラレ上越開設14周年記念第63回東中杯,1,3982,福田 理,3,48,55.1,0,0,0.15,4.18,21.52,34.18,4,16.67,33.33,37.8,50.39,39.13,57.39
2026-02-04,4,2,2026-02-04 11:12:00,5,BTSオラレ上越開設14周年記念第63回東中杯,2,4526,池田 雄祐,2,37,52,0,0,0.15,5.54,37.37,52.53,5.94,41.18,70.59,31.03,48.28,36.61,48.21
2026-02-04,4,2,2026-02-04 11:12:00,5,BTSオラレ上越開設14周年記念第63回東中杯,3,5130,上野 拓馬,3,28,52.9,0,0,0.16,3.99,16.88,36.36,3.76,12,28,34.4,53.6,37.86,51.46
2026-02-04,4,2,2026-02-04 11:12:00,5,BTSオラレ上越開設14周年記念第63回東中杯,4,4146,柳橋 宏紀,3,44,53.4,0,0,0.16,5.77,38.95,58.95,5.71,28.57,57.14,28.7,56.52,31.67,40.83
2026-02-04,4,2,2026-02-04 11:12:00,5,BTSオラレ上越開設14周年記念第63回東中杯,5,5368,宮崎 心之介,4,23,52,0,0,0.21,3.73,17.33,33.33,3.4,13.33,20,38.05,52.21,25.2,39.84
2026-02-04,4,2,2026-02-04 11:12:00,5,BTSオラレ上越開設14周年記念第63回東中杯,6,4587,木田 峰由季,2,35,53.4,0,0,0.15,6.02,47.96,59.18,6.5,50,66.67,43.9,60.16,34.86,53.21
2026-02-04,4,3,2026-02-04 11:41:00,5,BTSオラレ上越開設14周年記念第63回東中杯,1,4740,齋藤 達希,3,33,52.6,0,0,0.17,5.06,33.33,48.81,3.83,0,33.33,51.59,67.46,38.4,55.2
2026-02-04,4,3,2026-02-04 11:41:00,5,BTSオラレ上越開設14周年記念第63回東中杯,2,4995,田邉 亮蔵,3,34,54.2,0,0,0.18,4.57,22.62,39.29,4.98,25.58,48.84,36.59,51.22,27.43,43.36
2026-02-04,4,3,2026-02-04 11:41:00,5,BTSオラレ上越開設14周年記念第63回東中杯,3,4156,浜野 孝志,2,44,56.7,1,0,0.14,5.91,40.98,59.84,5.47,47.06,47.06,33.61,50.42,28.89,42.22
2026-02-04,4,3,2026-02-04 11:41:00,5,BTSオラレ上越開設14周年記念第63回東中杯,4,3814,金子 貴志,3,49,51,0,0,0.17,4.49,25,35.53,4.63,25,37.5,33.61,47.06,40.31,54.26
2026-02-04,4,3,2026-02-04 11:41:00,5,BTSオラレ上越開設14周年記念第63回東中杯,5,4737,竹井 貴史,2,34,52.6,0,0,0.16,7.28,60.34,75.86,7.3,65,70,38.58,58.27,35,52.5
2026-02-04,4,3,2026-02-04 11:41:00,5,BTSオラレ上越開設14周年記念第63回東中杯,6,5377,鳥居塚 嶺王,3,21,49,1,0,0.15,3.6,16.98,28.3,2.5,0,0,38.93,49.62,33.04,51.3
2026-02-04,4,4,2026-02-04 12:09:00,5,BTSオラレ上越開設14周年記念第63回東中杯,1,5071,野見山 拓己,3,31,52.2,0,0,0.12,5.43,34.57,53.09,5.47,41.18,47.06,30.97,47.79,38.74,56.76
2026-02-04,4,4,2026-02-04 12:09:00,5,BTSオラレ上越開設14周年記念第63回東中杯,2,5178,成貞 琳平,3,29,53.2,0,0,0.2,4.23,22.58,37.63,0,0,0,40,56.15,32.14,50.89
2026-02-04,4,4,2026-02-04 12:09:00,5,BTSオラレ上越開設14周年記念第63回東中杯,3,4377,濱本 優一,1,41,50.5,0,0,0.15,6.95,55.08,74.58,5.71,42.86,61.9,36.64,56.49,32.17,46.09
2026-02-04,4,4,2026-02-04 12:09:00,5,BTSオラレ上越開設14周年記念第63回東中杯,4,5304,井田 涼介,4,22,59.8,1,0,0.17,1.8,2.27,4.55,1.33,0,0,29.2,42.48,35.16,56.25
2026-02-04,4,4,2026-02-04 12:09:00,5,BTSオラレ上越開設14周年記念第63回東中杯,5,4723,寺島 吉彦,3,40,50,0,0,0.18,4.7,28.4,45.68,3.26,8.7,30.43,37.8,55.12,34.38,53.13
2026-02-04,4,4,2026-02-04 12:09:00,5,BTSオラレ上越開設14周年記念第63回東中杯,6,4172,森定 晃史,2,43,52,0,0,0.15,5.94,44.64,61.61,4.55,18.18,27.27,41.41,58.59,40.94,61.42
2026-02-04,4,5,2026-02-04 12:37:00,5,BTSオラレ上越開設14周年記念第63回東中杯,1,4207,松下 一也,2,43,54.4,0,0,0.12,6.16,45.54,64.36,6.75,52.78,66.67,32.74,50.44,24.76,40
2026-02-04,4,5,2026-02-04 12:37:00,5,BTSオラレ上越開設14周年記念第63回東中杯,2,3664,鈴木 賢一,3,55,56.5,0,0,0.17,4.68,24.32,44.59,4.39,33.33,38.89,36.89,53.28,43.33,55.83
2026-02-04,4,5,2026-02-04 12:37:00,5,BTSオラレ上越開設14周年記念第63回東中杯,3,3566,川添 英正,3,55,52.4,0,0,0.18,5.09,30.23,51.16,4.5,27.78,33.33,40,57.6,18.69,38.32
2026-02-04,4,5,2026-02-04 12:37:00,5,BTSオラレ上越開設14周年記念第63回東中杯,4,3246,星野 政彦,4,61,54,0,0,0.16,3.75,16.67,25,0,0,0,36.15,56.15,40.48,64.29
2026-02-04,4,5,2026-02-04 12:37:00,5,BTSオラレ上越開設14周年記念第63回東中杯,5,3340,池田 雷太,3,60,52.5,0,0,0.19,4.15,21.18,30.59,4.93,30.99,42.25,26.6,48.94,35.85,54.72
2026-02-04,4,5,2026-02-04 12:37:00,5,BTSオラレ上越開設14周年記念第63回東中杯,6,4872,山下 流心,3,32,54.9,0,0,0.16,4.92,29.07,44.19,3,0,16.67,26.92,41.35,31.31,45.45
2026-02-04,4,6,2026-02-04 13:06:00,5,BTSオラレ上越開設14周年記念第63回東中杯,1,4728,山口 亮,3,38,53.6,0,0,0.18,4.52,32.31,41.54,5.98,46.51,65.12,29.36,43.12,34.26,46.3
2026-02-04,4,6,2026-02-04 13:06:00,5,BTSオラレ上越開設14周年記念第63回東中杯,2,3984,坂口 周,2,48,53.3,0,0,0.17,6.63,45.05,65.77,6.44,50,66.67,39.68,57.14,30.65,45.97
2026-02-04,4,6,2026-02-04 13:06:00,5,BTSオラレ上越開設14周年記念第63回東中杯,3,5368,宮崎 心之介,4,23,52,0,0,0.21,3.73,17.33,33.33,3.4,13.33,20,38.05,52.21,25.2,39.84
2026-02-04,4,6,2026-02-04 13:06:00,5,BTSオラレ上越開設14周年記念第63回東中杯,4,5046,松山 裕基,3,31,53.5,0,0,0.16,4.55,22.97,43.24,3.06,11.11,22.22,36.59,58.54,28.7,50
2026-02-04,4,6,2026-02-04 13:06:00,5,BTSオラレ上越開設14周年記念第63回東中杯,5,4376,藤田 靖弘,2,41,52,0,0,0.16,5.68,39.32,55.56,5.29,38.1,57.14,45.26,66.42,39.45,52.29
2026-02-04,4,6,2026-02-04 13:06:00,5,BTSオラレ上越開設14周年記念第63回東中杯,6,3653,品川 賢次,3,52,53,0,0,0.18,3.5,25,25,5,31.03,37.93,26.61,44.04,29.73,48.65
2026-02-04,4,7,2026-02-04 13:36:00,5,BTSオラレ上越開設14周年記念第63回東中杯,1,4675,井手 良太,3,38,52,0,0,0.13,5.09,30.3,51.52,5.73,33.33,60,45.08,60.66,28.57,46.43
2026-02-04,4,7,2026-02-04 13:36:00,5,BTSオラレ上越開設14周年記念第63回東中杯,2,4146,柳橋 宏紀,3,44,53.4,0,0,0.16,5.77,38.95,58.95,5.71,28.57,57.14,28.7,56.52,31.67,40.83
2026-02-04,4,7,2026-02-04 13:36:00,5,BTSオラレ上越開設14周年記念第63回東中杯,3,5247,大森 翼,3,23,52.1,0,0,0.16,4.14,15.91,44.32,3.5,18.75,31.25,30,49.09,39.47,51.75
2026-02-04,4,7,2026-02-04 13:36:00,5,BTSオラレ上越開設14周年記念第63回東中杯,4,5377,鳥居塚 嶺王,3,21,49,1,0,0.15,3.6,16.98,28.3,2.5,0,0,38.93,49.62,33.04,51.3
2026-02-04,4,7,2026-02-04 13:36:00,5,BTSオラレ上越開設14周年記念第63回東中杯,5,5242,高山 弘斗,3,25,55.1,0,0,0.17,4,20,36,2.31,6.25,6.25,36.51,56.35,37.17,54.87
2026-02-04,4,7,2026-02-04 13:36:00,5,BTSオラレ上越開設14周年記念第63回東中杯,6,4926,吉川 貴仁,1,32,52.3,0,0,0.14,7.84,70.15,83.58,5.84,36.84,47.37,39.84,62.5,28.3,48.11
2026-02-04,4,8,2026-02-04 14:06:00,5,BTSオラレ上越開設14周年記念第63回東中杯,1,4156,浜野 孝志,2,44,56.7,1,0,0.14,5.91,40.98,59.84,5.47,47.06,47.06,33.61,50.42,28.89,42.22
2026-02-04,4,8,2026-02-04 14:06:00,5,BTSオラレ上越開設14周年記念第63回東中杯,2,3731,高濱 芳久,3,52,53.1,0,0,0.18,4.61,28.42,43.16,4.8,40,40,38.52,50,21.78,39.6
2026-02-04,4,8,2026-02-04 14:06:00,5,BTSオラレ上越開設14周年記念第63回東中杯,3,5178,成貞 琳平,3,29,53.2,0,0,0.2,4.23,22.58,37.63,0,0,0,40,56.15,32.14,50.89
2026-02-04,4,8,2026-02-04 14:06:00,5,BTSオラレ上越開設14周年記念第63回東中杯,4,4366,前沢 丈史,1,40,55,0,0,0.15,6.7,49.22,71.88,6.22,40,61.82,42.62,64.75,30.63,44.14
2026-02-04,4,8,2026-02-04 14:06:00,5,BTSオラレ上越開設14周年記念第63回東中杯,5,3987,後藤 正宗,3,47,53.2,0,0,0.15,5.67,39,57,4.14,14.29,42.86,38.84,59.5,17.65,34.31
2026-02-04,4,8,2026-02-04 14:06:00,5,BTSオラレ上越開設14周年記念第63回東中杯,6,4876,梅木 敬太,3,31,52.1,0,0,0.18,4.82,32.22,44.44,0,0,0,28.32,45.13,29.91,52.14
2026-02-04,4,9,2026-02-04 14:38:00,5,BTSオラレ上越開設14周年記念第63回東中杯,1,4995,田邉 亮蔵,3,34,54.2,0,0,0.18,4.57,22.62,39.29,4.98,25.58,48.84,36.59,51.22,27.43,43.36
2026-02-04,4,9,2026-02-04 14:38:00,5,BTSオラレ上越開設14周年記念第63回東中杯,2,4587,木田 峰由季,2,35,53.4,0,0,0.15,6.02,47.96,59.18,6.5,50,66.67,43.9,60.16,34.86,53.21
2026-02-04,4,9,2026-02-04 14:38:00,5,BTSオラレ上越開設14周年記念第63回東中杯,3,4150,山田 雄太,3,43,56.4,0,0,0.15,5.52,37.23,56.38,6.13,43.33,63.33,48.85,61.83,37.9,55.65
2026-02-04,4,9,2026-02-04 14:38:00,5,BTSオラレ上越開設14周年記念第63回東中杯,4,4172,森定 晃史,2,43,52,0,0,0.15,5.94,44.64,61.61,4.55,18.18,27.27,41.41,58.59,40.94,61.42
2026-02-04,4,9,2026-02-04 14:38:00,5,BTSオラレ上越開設14周年記念第63回東中杯,5,3566,川添 英正,3,55,52.4,0,0,0.18,5.09,30.23,51.16,4.5,27.78,33.33,40,57.6,18.69,38.32
2026-02-04,4,9,2026-02-04 14:38:00,5,BTSオラレ上越開設14周年記念第63回東中杯,6,3896,上田 洋平,3,49,51,0,0,0.17,5.18,27.71,49.4,4.5,12.5,50,34.68,45.16,40.34,53.78
2026-02-04,4,10,2026-02-04 15:11:00,5,BTSオラレ上越開設14周年記念第63回東中杯,1,4233,亀山 雅幸,2,42,52.1,0,0,0.18,5.56,35,63,5.45,42.5,50,35.83,49.17,31.36,47.46
2026-02-04,4,10,2026-02-04 15:11:00,5,BTSオラレ上越開設14周年記念第63回東中杯,2,4693,松下 誉士,3,41,53.2,0,0,0.2,4.42,20.27,39.19,4.35,29.41,29.41,38.06,59.7,30.25,46.22
2026-02-04,4,10,2026-02-04 15:11:00,5,BTSオラレ上越開設14周年記念第63回東中杯,3,4872,山下 流心,3,32,54.7,0,0,0.16,4.92,29.07,44.19,3,0,16.67,26.92,41.35,31.31,45.45
2026-02-04,4,10,2026-02-04 15:11:00,5,BTSオラレ上越開設14周年記念第63回東中杯,4,4740,齋藤 達希,3,33,52.3,0,0,0.17,5.06,33.33,48.81,3.83,0,33.33,51.59,67.46,38.4,55.2
2026-02-04,4,10,2026-02-04 15:11:00,5,BTSオラレ上越開設14周年記念第63回東中杯,5,4526,池田 雄祐,2,37,51.5,0,0,0.15,5.54,37.37,52.53,5.94,41.18,70.59,31.03,48.28,36.61,48.21
2026-02-04,4,10,2026-02-04 15:11:00,5,BTSオラレ上越開設14周年記念第63回東中杯,6,4723,寺島 吉彦,3,40,50,0,0,0.18,4.7,28.4,45.68,3.26,8.7,30.43,37.8,55.12,34.38,53.13
2026-02-04,4,11,2026-02-04 15:45:00,5,BTSオラレ上越開設14周年記念第63回東中杯,1,4376,藤田 靖弘,2,41,52,0,0,0.16,5.68,39.32,55.56,5.29,38.1,57.14,45.26,66.42,39.45,52.29
2026-02-04,4,11,2026-02-04 15:45:00,5,BTSオラレ上越開設14周年記念第63回東中杯,2,4675,井手 良太,3,38,52,0,0,0.13,5.09,30.3,51.52,5.73,33.33,60,45.08,60.66,28.57,46.43
2026-02-04,4,11,2026-02-04 15:45:00,5,BTSオラレ上越開設14周年記念第63回東中杯,3,5071,野見山 拓己,3,31,52.2,0,0,0.12,5.43,34.57,53.09,5.47,41.18,47.06,30.97,47.79,38.74,56.76
2026-02-04,4,11,2026-02-04 15:45:00,5,BTSオラレ上越開設14周年記念第63回東中杯,4,3920,正木 聖賢,2,51,55.3,1,0,0.15,5,28.4,48.15,5.1,20,50,37.1,54.84,36.75,56.41
2026-02-04,4,11,2026-02-04 15:45:00,5,BTSオラレ上越開設14周年記念第63回東中杯,5,3982,福田 理,3,48,55.1,0,0,0.15,4.18,21.52,34.18,4,16.67,33.33,37.8,50.39,39.13,57.39
2026-02-04,4,11,2026-02-04 15:45:00,5,BTSオラレ上越開設14周年記念第63回東中杯,6,3664,鈴木 賢一,3,55,56.5,0,0,0.17,4.68,24.32,44.59,4.39,33.33,38.89,36.89,53.28,43.33,55.83
2026-02-04,4,12,2026-02-04 16:20:00,5,BTSオラレ上越開設14周年記念第63回東中杯,1,4366,前沢 丈史,1,40,55,0,0,0.15,6.7,49.22,71.88,6.22,40,61.82,42.62,64.75,30.63,44.14
2026-02-04,4,12,2026-02-04 16:20:00,5,BTSオラレ上越開設14周年記念第63回東中杯,2,4207,松下 一也,2,43,54.4,0,0,0.12,6.16,45.54,64.36,6.75,52.78,66.67,32.74,50.44,24.76,40
2026-02-04,4,12,2026-02-04 16:20:00,5,BTSオラレ上越開設14周年記念第63回東中杯,3,4926,吉川 貴仁,1,32,52.3,0,0,0.14,7.84,70.15,83.58,5.84,36.84,47.37,39.84,62.5,28.3,48.11
2026-02-04,4,12,2026-02-04 16:20:00,5,BTSオラレ上越開設14周年記念第63回東中杯,4,4737,竹井 貴史,2,34,52.6,0,0,0.16,7.28,60.34,75.86,7.3,65,70,38.58,58.27,35,52.5
2026-02-04,4,12,2026-02-04 16:20:00,5,BTSオラレ上越開設14周年記念第63回東中杯,5,4377,濱本 優一,1,41,50.5,0,0,0.15,6.95,55.08,74.58,5.71,42.86,61.9,36.64,56.49,32.17,46.09
2026-02-04,4,12,2026-02-04 16:20:00,5,BTSオラレ上越開設14周年記念第63回東中杯,6,3984,坂口 周,2,48,53.3,0,0,0.17,6.63,45.05,65.77,6.44,50,66.67,39.68,57.14,30.65,45.97
2026-02-04,6,1,2026-02-04 10:55:00,5,ヴィーナスシリーズ マンスリーBOATRACE杯,1,4317,木村 紗友希,3,41,47,0,0,0.16,3.98,21.69,32.53,4.82,26.67,46.67,37.37,57.07,27.69,50.77
2026-02-04,6,1,2026-02-04 10:55:00,5,ヴィーナスシリーズ マンスリーBOATRACE杯,2,4071,古賀 千晶,3,45,46.5,0,0,0.19,3.84,12.73,40,4.64,21.21,42.42,37.56,57.87,44.78,64.18
2026-02-04,6,1,2026-02-04 10:55:00,5,ヴィーナスシリーズ マンスリーBOATRACE杯,3,4965,福岡 泉水,3,28,50.9,1,0,0.19,4.3,23.68,39.47,4.91,36.36,54.55,41.49,61.17,29.23,46.15
2026-02-04,6,1,2026-02-04 10:55:00,5,ヴィーナスシリーズ マンスリーBOATRACE杯,4,5370,日隈 茜,4,23,47.4,1,0,0.18,1.23,0,0,0,0,0,47.4,62.5,39.13,62.32
2026-02-04,6,1,2026-02-04 10:55:00,5,ヴィーナスシリーズ マンスリーBOATRACE杯,5,4400,加藤 奈月,3,37,54.5,0,0,0.19,4.2,17.65,36.47,0,0,0,37.69,58.79,28.79,51.52
2026-02-04,6,1,2026-02-04 10:55:00,5,ヴィーナスシリーズ マンスリーBOATRACE杯,6,5148,松本 怜,3,31,47.3,0,0,0.19,4.22,22.22,37.78,3.83,16.67,27.78,35.42,52.6,31.34,46.27
2026-02-04,6,2,2026-02-04 11:21:00,5,ヴィーナスシリーズ マンスリーBOATRACE杯,1,5140,吉田 彩乃,3,25,47.7,0,0,0.19,4.4,23.6,40.45,4.29,21.82,32.73,32.6,53.04,52.31,64.62
2026-02-04,6,2,2026-02-04 11:21:00,5,ヴィーナスシリーズ マンスリーBOATRACE杯,2,3932,池田 浩美,3,49,51.2,0,0,0.18,4.37,29.33,36,3.53,20.93,27.91,44.08,64.93,34.33,56.72
2026-02-04,6,2,2026-02-04 11:21:00,5,ヴィーナスシリーズ マンスリーBOATRACE杯,3,5144,中尾 彩香,3,24,47,0,0,0.17,4.91,34.44,46.67,3.83,25,25,35.53,51.78,16.07,30.36
2026-02-04,6,2,2026-02-04 11:21:00,5,ヴィーナスシリーズ マンスリーBOATRACE杯,4,5045,平川 香織,2,25,47,0,0,0.22,5.87,41.79,61.19,4.58,21.05,47.37,30.64,44.51,37.29,62.71
2026-02-04,6,2,2026-02-04 11:21:00,5,ヴィーナスシリーズ マンスリーBOATRACE杯,5,5296,永田 楽,3,23,46,0,0,0.19,4.1,20.69,33.33,5.11,36.84,47.37,28.13,47.4,28.57,47.14
2026-02-04,6,2,2026-02-04 11:21:00,5,ヴィーナスシリーズ マンスリーBOATRACE杯,6,4478,櫻本 あゆみ,2,37,47.9,0,0,0.15,5.93,38.74,60.36,6.16,47.37,63.16,25.47,38.68,29.85,52.24
2026-02-04,6,3,2026-02-04 11:50:00,5,ヴィーナスシリーズ マンスリーBOATRACE杯,1,4936,戸敷 晃美,2,29,47.4,1,0,0.17,5.73,41.67,57.41,5.65,41.18,47.06,39.68,57.14,27.42,46.77
2026-02-04,6,3,2026-02-04 11:50:00,5,ヴィーナスシリーズ マンスリーBOATRACE杯,2,3474,松瀬 弘美,3,55,46,0,0,0.17,4.68,28.75,46.25,4.83,26.83,45.12,32.49,45.69,28.79,46.97
2026-02-04,6,3,2026-02-04 11:50:00,5,ヴィーナスシリーズ マンスリーBOATRACE杯,3,5108,柴田 愛梨,4,26,46.5,0,0,0.31,1.74,0,2.86,0,0,0,38.12,55.45,32.39,53.52
2026-02-04,6,3,2026-02-04 11:50:00,5,ヴィーナスシリーズ マンスリーBOATRACE杯,4,5361,植竹 玲奈,4,19,49.2,0,0,0.19,2.44,3.17,12.7,0,0,0,30.16,46.56,31.88,47.83
2026-02-04,6,3,2026-02-04 11:50:00,5,ヴィーナスシリーズ マンスリーBOATRACE杯,5,5205,刑部 亜里紗,2,28,48.1,0,0,0.19,5.8,40.98,55.74,5.83,42.06,54.21,31.25,46.88,41.43,51.43
2026-02-04,6,3,2026-02-04 11:50:00,5,ヴィーナスシリーズ マンスリーBOATRACE杯,6,5117,冨名腰 桃奈,3,25,47.7,0,0,0.18,3.38,14.06,25,0,0,0,33.16,48.13,26.87,40.3
2026-02-04,6,4,2026-02-04 12:23:00,5,ヴィーナスシリーズ マンスリーBOATRACE杯,1,4984,森下 愛梨,2,29,49.2,0,0,0.19,5.7,31.25,57.81,5.26,33.33,55.56,35,54.5,32.26,40.32
2026-02-04,6,4,2026-02-04 12:23:00,5,ヴィーナスシリーズ マンスリーBOATRACE杯,2,5314,中曽 瑠華,4,25,50.8,0,0,0.18,2.58,6.49,15.58,1.07,0,0,38.07,57.87,31.94,41.67
2026-02-04,6,4,2026-02-04 12:23:00,5,ヴィーナスシリーズ マンスリーBOATRACE杯,3,4224,大橋 栄里佳,2,43,48.4,0,0,0.18,4.98,30.3,42.42,0,0,0,31.38,49.47,25,38.24
2026-02-04,6,4,2026-02-04 12:23:00,5,ヴィーナスシリーズ マンスリーBOATRACE杯,4,4246,喜多 那由夏,3,43,47.6,0,0,0.18,3.93,19.59,35.05,4.98,33.33,45.1,34.31,51.96,40.85,59.15
2026-02-04,6,4,2026-02-04 12:23:00,5,ヴィーナスシリーズ マンスリーBOATRACE杯,5,5380,野田 亜湖,4,21,52.1,0,0,0.3,1.07,0,0,0,0,0,35.57,52.06,37.14,50
2026-02-04,6,4,2026-02-04 12:23:00,5,ヴィーナスシリーズ マンスリーBOATRACE杯,6,4765,野田部 宏子,3,35,50.8,1,0,0.12,4.7,27.96,41.94,2.33,0,11.11,31.79,49.67,38.57,50
2026-02-04,6,5,2026-02-04 12:54:00,5,ヴィーナスシリーズ マンスリーBOATRACE杯,1,4738,清埜 翔子,2,34,47,0,0,0.16,5.59,38.89,54.76,6.21,39.29,53.57,35.44,53.88,18.46,40
2026-02-04,6,5,2026-02-04 12:54:00,5,ヴィーナスシリーズ マンスリーBOATRACE杯,2,4965,福岡 泉水,3,28,50.9,1,0,0.19,4.3,23.68,39.47,4.91,36.36,54.55,41.49,61.17,29.23,46.15
2026-02-04,6,5,2026-02-04 12:54:00,5,ヴィーナスシリーズ マンスリーBOATRACE杯,3,5248,本田 愛,3,23,47.7,1,0,0.22,4.14,19.77,41.86,3.52,12.5,26.56,36.87,50.51,32.86,45.71
2026-02-04,6,5,2026-02-04 12:54:00,5,ヴィーナスシリーズ マンスリーBOATRACE杯,4,3518,倉田 郁美,3,57,49.7,0,0,0.18,3.7,14.75,27.87,4.03,14.29,34.29,37.89,61.58,41.18,63.24
2026-02-04,6,5,2026-02-04 12:54:00,5,ヴィーナスシリーズ マンスリーBOATRACE杯,5,5370,日隈 茜,4,23,47.4,1,0,0.18,1.23,0,0,0,0,0,47.4,62.5,39.13,62.32
2026-02-04,6,5,2026-02-04 12:54:00,5,ヴィーナスシリーズ マンスリーBOATRACE杯,6,5072,吉田 杏美,4,31,47.2,0,0,0.22,2.4,6.98,9.3,0,0,0,37.11,54.64,34.25,46.58
2026-02-04,6,6,2026-02-04 13:27:00,5,ヴィーナスシリーズ マンスリーBOATRACE杯,1,5326,三嶌 さらら,3,22,47,0,0,0.17,3.62,12.5,21.43,1.6,0,0,34.16,53.47,41.67,58.33
2026-02-04,6,6,2026-02-04 13:27:00,5,ヴィーナスシリーズ マンスリーBOATRACE杯,2,5296,永田 楽,3,23,46,0,0,0.19,4.1,20.69,33.33,5.11,36.84,47.37,28.13,47.4,28.57,47.14
2026-02-04,6,6,2026-02-04 13:27:00,5,ヴィーナスシリーズ マンスリーBOATRACE杯,3,5079,大石 真央,3,27,45,0,0,0.17,3.91,19.51,32.93,3.83,13.89,36.11,44.02,56.94,30.88,45.59
2026-02-04,6,6,2026-02-04 13:27:00,5,ヴィーナスシリーズ マンスリーBOATRACE杯,4,4071,古賀 千晶,3,45,46.5,0,0,0.19,3.84,12.73,40,4.64,21.21,42.42,37.56,57.87,44.78,64.18
2026-02-04,6,6,2026-02-04 13:27:00,5,ヴィーナスシリーズ マンスリーBOATRACE杯,5,4689,豊田 結,2,32,51.5,0,0,0.15,5.16,34.31,48.04,6.5,45.45,68.18,32.99,45.88,30,55.71
2026-02-04,6,6,2026-02-04 13:27:00,5,ヴィーナスシリーズ マンスリーBOATRACE杯,6,3900,香川 素子,1,49,47.2,0,0,0.16,6.14,42.74,63.71,5.18,11.76,41.18,47.89,62.44,30,50
2026-02-04,6,7,2026-02-04 14:00:00,5,ヴィーナスシリーズ マンスリーBOATRACE杯,1,5052,赤井 星璃菜,4,30,49.3,0,0,0.14,3.72,18.6,30.23,0,0,0,31.67,42.78,30.88,52.94
2026-02-04,6,7,2026-02-04 14:00:00,5,ヴィーナスシリーズ マンスリーBOATRACE杯,2,5148,松本 怜,3,31,47.3,0,0,0.19,4.22,22.22,37.78,3.83,16.67,27.78,35.42,52.6,31.34,46.27
2026-02-04,6,7,2026-02-04 14:00:00,5,ヴィーナスシリーズ マンスリーBOATRACE杯,3,4317,木村 紗友希,3,41,47,0,0,0.16,3.98,21.69,32.53,4.82,26.67,46.67,37.37,57.07,27.69,50.77
2026-02-04,6,7,2026-02-04 14:00:00,5,ヴィーナスシリーズ マンスリーBOATRACE杯,4,4611,今井 美亜,2,35,47,0,0,0.14,6.24,47.41,56.9,6.78,56.76,59.46,37.2,54.11,42.86,61.43
2026-02-04,6,7,2026-02-04 14:00:00,5,ヴィーナスシリーズ マンスリーBOATRACE杯,5,5361,植竹 玲奈,4,19,49.2,0,0,0.19,2.44,3.17,12.7,0,0,0,30.16,46.56,31.88,47.83
2026-02-04,6,7,2026-02-04 14:00:00,5,ヴィーナスシリーズ マンスリーBOATRACE杯,6,4730,土屋 実沙希,2,36,47,1,0,0.17,4.65,26.58,43.04,5.51,32.39,59.15,27.68,48.02,38.81,52.24
2026-02-04,6,8,2026-02-04 14:35:00,5,ヴィーナスシリーズ マンスリーBOATRACE杯,1,5019,柴田 百恵,2,26,44.5,1,0,0.16,5.09,32.63,50.53,4.83,28.13,46.88,35.46,49.65,27.54,46.38
2026-02-04,6,8,2026-02-04 14:35:00,5,ヴィーナスシリーズ マンスリーBOATRACE杯,2,4678,水野 望美,3,37,46.5,0,0,0.17,5.14,29.87,48.05,5.54,32.61,45.65,28.9,47.4,26.47,51.47
2026-02-04,6,8,2026-02-04 14:35:00,5,ヴィーナスシリーズ マンスリーBOATRACE杯,3,5314,中曽 瑠華,4,25,50.8,0,0,0.18,2.58,6.49,15.58,1.07,0,0,38.07,57.87,31.94,41.67
2026-02-04,6,8,2026-02-04 14:35:00,5,ヴィーナスシリーズ マンスリーBOATRACE杯,4,4984,森下 愛梨,2,29,49.2,0,0,0.19,5.7,31.25,57.81,5.26,33.33,55.56,35,54.5,32.26,40.32
2026-02-04,6,8,2026-02-04 14:35:00,5,ヴィーナスシリーズ マンスリーBOATRACE杯,5,5144,中尾 彩香,3,24,47,0,0,0.17,4.91,34.44,46.67,3.83,25,25,35.53,51.78,16.07,30.36
2026-02-04,6,8,2026-02-04 14:35:00,5,ヴィーナスシリーズ マンスリーBOATRACE杯,6,5108,柴田 愛梨,4,26,46.5,0,0,0.31,1.74,0,2.86,0,0,0,38.12,55.45,32.39,53.52
2026-02-04,6,9,2026-02-04 15:03:00,5,ヴィーナスシリーズ マンスリーBOATRACE杯,1,5045,平川 香織,2,25,47,0,0,0.22,5.87,41.79,61.19,4.58,21.05,47.37,30.64,44.51,37.29,62.71
2026-02-04,6,9,2026-02-04 15:03:00,5,ヴィーナスシリーズ マンスリーBOATRACE杯,2,5072,吉田 杏美,4,31,47.2,0,0,0.22,2.4,6.98,9.3,0,0,0,37.11,54.64,34.25,46.58
2026-02-04,6,9,2026-02-04 15:03:00,5,ヴィーナスシリーズ マンスリーBOATRACE杯,3,4400,加藤 奈月,3,37,54.5,0,0,0.19,4.2,17.65,36.47,0,0,0,37.69,58.79,28.79,51.52
2026-02-04,6,9,2026-02-04 15:03:00,5,ヴィーナスシリーズ マンスリーBOATRACE杯,4,4936,戸敷 晃美,2,29,47.4,1,0,0.17,5.73,41.67,57.41,5.65,41.18,47.06,39.68,57.14,27.42,46.77
2026-02-04,6,9,2026-02-04 15:03:00,5,ヴィーナスシリーズ マンスリーBOATRACE杯,5,5140,吉田 彩乃,3,25,47.7,0,0,0.19,4.4,23.6,40.45,4.29,21.82,32.73,32.6,53.04,52.31,64.62
2026-02-04,6,9,2026-02-04 15:03:00,5,ヴィーナスシリーズ マンスリーBOATRACE杯,6,5380,野田 亜湖,4,21,52.1,0,0,0.3,1.07,0,0,0,0,0,35.57,52.06,37.14,50
2026-02-04,6,10,2026-02-04 15:32:00,5,ヴィーナスシリーズ マンスリーBOATRACE杯,1,3518,倉田 郁美,3,57,49.7,0,0,0.18,3.7,14.75,27.87,4.03,14.29,34.29,37.89,61.58,41.18,63.24
2026-02-04,6,10,2026-02-04 15:32:00,5,ヴィーナスシリーズ マンスリーBOATRACE杯,2,3900,香川 素子,1,49,47.2,0,0,0.16,6.14,42.74,63.71,5.18,11.76,41.18,47.89,62.44,47.95,61.64
2026-02-04,6,10,2026-02-04 15:32:00,5,ヴィーナスシリーズ マンスリーBOATRACE杯,3,5326,三嶌 さらら,3,22,47,0,0,0.17,3.62,12.5,21.43,1.6,0,0,34.16,53.47,41.67,58.33
2026-02-04,6,10,2026-02-04 15:32:00,5,ヴィーナスシリーズ マンスリーBOATRACE杯,4,4478,櫻本 あゆみ,2,37,47.9,0,0,0.15,5.93,38.74,60.36,6.16,47.37,63.16,25.47,38.68,29.85,52.24
2026-02-04,6,10,2026-02-04 15:32:00,5,ヴィーナスシリーズ マンスリーBOATRACE杯,5,3474,松瀬 弘美,3,55,46,0,0,0.17,4.68,28.75,46.25,4.83,26.83,45.12,32.49,45.69,28.79,46.97
2026-02-04,6,10,2026-02-04 15:32:00,5,ヴィーナスシリーズ マンスリーBOATRACE杯,6,3932,池田 浩美,3,49,51.2,0,0,0.18,4.37,29.33,36,3.53,20.93,27.91,44.08,64.93,34.33,56.72
2026-02-04,6,11,2026-02-04 16:00:00,5,ヴィーナスシリーズ マンスリーBOATRACE杯,1,4611,今井 美亜,2,35,47,0,0,0.14,6.24,47.41,56.9,6.78,56.76,59.46,37.2,54.11,42.86,61.43
2026-02-04,6,11,2026-02-04 16:00:00,5,ヴィーナスシリーズ マンスリーBOATRACE杯,2,5248,本田 愛,3,23,47.7,1,0,0.22,4.14,19.77,41.86,3.52,12.5,26.56,36.87,50.51,32.86,45.71
2026-02-04,6,11,2026-02-04 16:00:00,5,ヴィーナスシリーズ マンスリーBOATRACE杯,3,5205,刑部 亜里紗,2,28,48.1,0,0,0.19,5.8,40.98,55.74,5.83,42.06,54.21,31.25,46.88,41.43,51.43
2026-02-04,6,11,2026-02-04 16:00:00,5,ヴィーナスシリーズ マンスリーBOATRACE杯,4,5079,大石 真央,3,27,45,0,0,0.17,3.91,19.51,32.93,3.83,13.89,36.11,44.02,56.94,30.88,45.59
2026-02-04,6,11,2026-02-04 16:00:00,5,ヴィーナスシリーズ マンスリーBOATRACE杯,5,4224,大橋 栄里佳,2,43,48.4,0,0,0.18,4.98,30.3,42.42,0,0,0,31.38,49.47,25,38.24
2026-02-04,6,11,2026-02-04 16:00:00,5,ヴィーナスシリーズ マンスリーBOATRACE杯,6,5052,赤井 星璃菜,4,30,49.3,0,0,0.14,3.72,18.6,30.23,0,0,0,31.67,42.78,30.88,52.94
2026-02-04,6,12,2026-02-04 16:37:00,5,ヴィーナスシリーズ マンスリーBOATRACE杯,1,4456,鎌倉 涼,1,36,45,0,0,0.17,7.08,56.6,69.81,7.04,46.15,61.54,34.81,52.49,31.82,48.48
2026-02-04,6,12,2026-02-04 16:37:00,5,ヴィーナスシリーズ マンスリーBOATRACE杯,2,4289,落合 直子,2,41,47.3,0,0,0.14,5.59,36.52,55.65,7.07,51.72,75.86,39.6,57.92,34.78,52.17
2026-02-04,6,12,2026-02-04 16:37:00,5,ヴィーナスシリーズ マンスリーBOATRACE杯,3,5174,川井 萌,4,24,45,0,0,0.15,0,0,0,6.12,42.73,60.91,32.98,49.47,25,32.35
2026-02-04,6,12,2026-02-04 16:37:00,5,ヴィーナスシリーズ マンスリーBOATRACE杯,4,5198,奥村 明日香,3,24,44.5,0,0,0.21,4.45,23.6,35.96,3.44,11.11,22.22,37.5,52.72,39.13,60.87
2026-02-04,6,12,2026-02-04 16:37:00,5,ヴィーナスシリーズ マンスリーBOATRACE杯,5,5230,石原 凪紗,4,22,45,0,0,0.16,3.03,12.12,12.12,0,0,0,49.32,64.25,38.81,53.73
2026-02-04,6,12,2026-02-04 16:37:00,5,ヴィーナスシリーズ マンスリーBOATRACE杯,6,5173,谷口 佳蓮,3,24,47,0,0,0.15,4.65,29.55,40.91,0,0,0,30.48,44.92,26.87,49.25
2026-02-04,7,1,2026-02-04 15:23:00,5,ラグーナテンボス杯争奪戦,1,3880,浅見 宗孝,3,53,55,0,0,0.18,4.85,29.29,44.44,4.76,35.29,47.06,33.33,50,39.47,60.53
2026-02-04,7,1,2026-02-04 15:23:00,5,ラグーナテンボス杯争奪戦,2,5312,川辺 郭人,3,25,53.7,0,0,0.17,2.85,10.23,15.91,0,0,0,37.38,57.01,28.57,50.48
2026-02-04,7,1,2026-02-04 15:23:00,5,ラグーナテンボス杯争奪戦,3,4390,松本 弓雄,3,39,52.7,0,0,0.21,3.62,14.44,24.44,0,0,0,47,70,33.33,52.38
2026-02-04,7,1,2026-02-04 15:23:00,5,ラグーナテンボス杯争奪戦,4,4700,金子 和之,2,38,52.6,0,0,0.14,6.41,50.63,67.09,6.16,31.58,63.16,40.43,55.32,28.71,51.49
2026-02-04,7,1,2026-02-04 15:23:00,5,ラグーナテンボス杯争奪戦,5,3458,東 健介,3,59,53.8,1,0,0.16,4.04,17.11,28.95,6.2,40,50,30.71,47.86,27.93,45.95
2026-02-04,7,1,2026-02-04 15:23:00,5,ラグーナテンボス杯争奪戦,6,5427,港 理樹,4,23,52.1,0,0,,2.45,2.38,9.52,0,0,0,29.17,44.79,46.3,62.96
2026-02-04,7,2,2026-02-04 15:50:00,5,ラグーナテンボス杯争奪戦,1,3772,一柳 和孝,3,51,53.5,0,0,0.15,5.53,32.88,58.9,4.6,30,40,40.4,57.58,40.91,56.36
2026-02-04,7,2,2026-02-04 15:50:00,5,ラグーナテンボス杯争奪戦,2,5073,上原 健次郎,2,30,52.3,0,0,0.16,5.4,30.85,56.38,5.56,44.44,55.56,32.8,50.4,20.73,29.27
2026-02-04,7,2,2026-02-04 15:50:00,5,ラグーナテンボス杯争奪戦,3,5285,若林 麗,3,26,52.3,0,0,0.17,3.35,12.37,22.68,2.36,0,12.12,35.51,50,31.82,54.55
2026-02-04,7,2,2026-02-04 15:50:00,5,ラグーナテンボス杯争奪戦,4,4648,木村 亮太,3,41,52,1,0,0.15,4.91,26.97,47.19,5.15,30,45,41.53,53.39,32.69,50.96
2026-02-04,7,2,2026-02-04 15:50:00,5,ラグーナテンボス杯争奪戦,5,3582,吉川 昭男,2,53,53,0,0,0.15,5.74,43.07,57.66,6.44,55.88,70.59,36.22,55.91,34.26,51.85
2026-02-04,7,2,2026-02-04 15:50:00,5,ラグーナテンボス杯争奪戦,6,4216,星 栄爾,3,40,54,0,0,0.14,5.43,37.68,52.17,4.17,20.69,37.93,37.88,49.24,32.61,47.83
2026-02-04,7,3,2026-02-04 16:17:00,5,ラグーナテンボス杯争奪戦,1,3454,井川 大作,3,54,56,0,0,0.15,5.42,31.96,56.7,5.67,44.44,66.67,39.22,52.94,35.96,57.89
2026-02-04,7,3,2026-02-04 16:17:00,5,ラグーナテンボス杯争奪戦,2,4466,南 佑典,2,39,51,1,0,0.16,5.89,36.04,60.36,5.1,29.03,45.16,30.56,52.78,29.55,43.18
2026-02-04,7,3,2026-02-04 16:17:00,5,ラグーナテンボス杯争奪戦,3,3313,本吉 正樹,3,60,53.8,0,0,0.19,4.22,22.08,31.17,3,0,16.67,31.91,50.35,33.61,52.46
2026-02-04,7,3,2026-02-04 16:17:00,5,ラグーナテンボス杯争奪戦,4,5150,坂本 雄紀,2,31,52,0,0,0.15,6.3,43.52,67.59,6.47,41.18,64.71,40.32,58.87,43.65,59.52
2026-02-04,7,3,2026-02-04 16:17:00,5,ラグーナテンボス杯争奪戦,5,3827,今泉 徹,3,52,52,0,0,0.17,3.91,15.12,33.72,4.93,29.63,48.15,45.19,63.46,31.68,44.55
2026-02-04,7,3,2026-02-04 16:17:00,5,ラグーナテンボス杯争奪戦,6,4796,春園 功太,2,34,52,0,0,0.13,6.29,46.79,62.39,4.78,22.22,44.44,35.07,52.24,22.22,43.21
2026-02-04,7,4,2026-02-04 16:42:00,5,ラグーナテンボス杯争奪戦,1,3455,谷本 幸司,3,54,52,0,0,0.18,5.31,31.91,47.87,3.96,22.22,33.33,40.3,60.45,26.88,45.16
2026-02-04,7,4,2026-02-04 16:42:00,5,ラグーナテンボス杯争奪戦,2,4523,中村 辰也,2,37,52.9,0,0,0.14,5.54,38.78,58.16,5,30.77,53.85,44.79,57.29,34.31,58.82
2026-02-04,7,4,2026-02-04 16:42:00,5,ラグーナテンボス杯争奪戦,3,4540,相原 利章,2,38,52,0,0,0.12,5.31,26.74,52.33,5.28,40,48,29.37,46.83,34.78,46.09
2026-02-04,7,4,2026-02-04 16:42:00,5,ラグーナテンボス杯争奪戦,4,4527,高野 心吾,3,37,52,0,0,0.17,3.95,20.24,35.71,3.63,16.67,20.83,40.19,59.81,31.15,53.28
2026-02-04,7,4,2026-02-04 16:42:00,5,ラグーナテンボス杯争奪戦,5,4236,松村 敏,1,42,52.7,0,0,0.11,7.37,55.63,82.39,7.36,45.45,90.91,37.1,48.39,46.4,67.2
2026-02-04,7,4,2026-02-04 16:42:00,5,ラグーナテンボス杯争奪戦,6,5393,藤原 駿,4,24,57.6,0,0,0.22,1.41,0,1.72,1.25,0,0,37.69,50,39.29,60.71
2026-02-04,7,5,2026-02-04 17:10:00,5,ラグーナテンボス杯争奪戦,1,5252,荒木 颯斗,2,23,52,0,0,0.15,5.83,37.93,60.92,4.04,14.81,44.44,35.4,55.75,39.56,52.75
2026-02-04,7,5,2026-02-04 17:10:00,5,ラグーナテンボス杯争奪戦,2,5379,廣部 大明,4,21,52,0,0,0.2,2.13,1.59,9.52,0,0,0,50.53,64.21,33.61,47.9
2026-02-04,7,5,2026-02-04 17:10:00,5,ラグーナテンボス杯争奪戦,3,4430,永田 秀二,2,40,55.3,0,0,0.17,5.9,39.68,57.14,5.73,40.91,54.55,30.37,52.59,31.3,50.43
2026-02-04,7,5,2026-02-04 17:10:00,5,ラグーナテンボス杯争奪戦,4,5353,草川 壮良,3,21,52,0,0,0.18,2.72,7.35,14.71,1.88,0,0,29.82,42.11,37.14,48.57
2026-02-04,7,5,2026-02-04 17:10:00,5,ラグーナテンボス杯争奪戦,5,3875,廣中 良一,3,49,52,0,0,0.17,3.74,20.69,28.74,4.88,29.41,41.18,38.02,52.07,42.19,62.5
2026-02-04,7,5,2026-02-04 17:10:00,5,ラグーナテンボス杯争奪戦,6,4581,吉村 誠,1,36,52,0,0,0.14,6.12,42.96,59.15,6.94,56.25,62.5,45.1,66.67,35.83,55
2026-02-04,7,6,2026-02-04 17:37:00,5,ラグーナテンボス杯争奪戦,1,4012,中村 有裕,2,46,56.1,0,0,0.15,5.92,42.37,59.32,6.1,52.38,61.9,31.03,50,20.22,43.82
2026-02-04,7,6,2026-02-04 17:37:00,5,ラグーナテンボス杯争奪戦,2,4381,田路 朋史,2,41,52.1,0,0,0.17,6.3,47.37,63.91,6.8,40,70,44.9,59.18,23.85,37.61
2026-02-04,7,6,2026-02-04 17:37:00,5,ラグーナテンボス杯争奪戦,3,4988,牟田 奨太,3,28,55.3,0,0,0.16,3.52,22,29,5.53,42.5,52.5,36.08,53.61,30.77,45.3
2026-02-04,7,6,2026-02-04 17:37:00,5,ラグーナテンボス杯争奪戦,4,5290,坂本 一真,3,24,51.5,0,0,0.19,3.39,13.33,26.67,3.63,12.5,12.5,30.99,46.48,37.5,56.73
2026-02-04,7,6,2026-02-04 17:37:00,5,ラグーナテンボス杯争奪戦,5,4553,坪口 竜也,2,36,52,0,0,0.14,6.12,43.43,64.65,3.88,25,25,33.33,49.24,28.33,45
2026-02-04,7,6,2026-02-04 17:37:00,5,ラグーナテンボス杯争奪戦,6,5400,高村 諒,4,23,52.4,0,0,0.2,1.63,1.49,2.99,0,0,0,38.6,54.39,38.26,61.74
2026-02-04,7,7,2026-02-04 18:04:00,5,ラグーナテンボス杯争奪戦,1,4515,藤田 浩人,2,39,53,0,0,0.17,5.92,41.35,58.65,6.44,44.44,72.22,35.34,45.69,41.86,61.24
2026-02-04,7,7,2026-02-04 18:04:00,5,ラグーナテンボス杯争奪戦,2,3797,岩井 繁,3,52,57.3,0,0,0.19,3.91,15.46,34.02,4.33,22.22,33.33,30.99,52.11,30,43
2026-02-04,7,7,2026-02-04 18:04:00,5,ラグーナテンボス杯争奪戦,3,4315,山崎 昂介,3,41,52.2,0,0,0.19,4.47,21.59,39.77,3,20,20,44.79,58.33,35.16,53.13
2026-02-04,7,7,2026-02-04 18:04:00,5,ラグーナテンボス杯争奪戦,4,4653,小野 達哉,1,40,52,0,0,0.14,6.63,52.38,71.43,6,50,58.33,39.66,57.76,29.82,48.25
2026-02-04,7,7,2026-02-04 18:04:00,5,ラグーナテンボス杯争奪戦,5,4429,豊田 泰洋,3,40,57.1,1,0,0.17,3.94,15.6,33.94,4,16.67,16.67,34.45,56.3,42.28,60.16
2026-02-04,7,7,2026-02-04 18:04:00,5,ラグーナテンボス杯争奪戦,6,5312,川辺 郭人,3,25,53.7,0,0,0.17,2.85,10.23,15.91,0,0,0,37.38,57.01,28.57,50.48
2026-02-04,7,8,2026-02-04 18:33:00,5,ラグーナテンボス杯争奪戦,1,3313,本吉 正樹,3,60,53.8,0,0,0.19,4.22,22.08,31.17,3,0,16.67,31.91,50.35,33.61,52.46
2026-02-04,7,8,2026-02-04 18:33:00,5,ラグーナテンボス杯争奪戦,2,5035,櫻井 優,3,27,52.5,0,0,0.17,5.2,32.99,52.58,5,33.33,50,43,67,32.69,49.04
2026-02-04,7,8,2026-02-04 18:33:00,5,ラグーナテンボス杯争奪戦,3,3772,一柳 和孝,3,51,53.5,0,0,0.15,5.53,32.88,58.9,4.6,30,40,40.4,57.58,40.91,56.36
2026-02-04,7,8,2026-02-04 18:33:00,5,ラグーナテンボス杯争奪戦,4,4390,松本 弓雄,3,39,52.7,0,0,0.21,3.62,14.44,24.44,0,0,0,47,70,33.33,52.38
2026-02-04,7,8,2026-02-04 18:33:00,5,ラグーナテンボス杯争奪戦,5,3820,樫葉 次郎,3,53,60.2,0,0,0.17,3.13,11.76,19.12,0,0,0,47,60,31.07,46.6
2026-02-04,7,8,2026-02-04 18:33:00,5,ラグーナテンボス杯争奪戦,6,3684,清水 攻二,2,51,52,0,0,0.17,5.93,40.91,60,5.52,28.57,57.14,36.44,54.24,30.68,42.05
2026-02-04,7,9,2026-02-04 19:04:00,5,ラグーナテンボス杯争奪戦,1,5150,坂本 雄紀,2,31,51.5,0,0,0.15,6.3,43.52,67.59,6.47,41.18,64.71,40.32,58.87,43.65,59.52
2026-02-04,7,9,2026-02-04 19:04:00,5,ラグーナテンボス杯争奪戦,2,4581,吉村 誠,1,36,51.5,0,0,0.14,6.12,42.96,59.15,6.94,56.25,62.5,45.1,66.67,35.83,55
2026-02-04,7,9,2026-02-04 19:04:00,5,ラグーナテンボス杯争奪戦,3,3582,吉川 昭男,2,53,53,0,0,0.15,5.74,43.07,57.66,6.44,55.88,70.59,36.22,55.91,34.26,51.85
2026-02-04,7,9,2026-02-04 19:04:00,5,ラグーナテンボス杯争奪戦,4,4236,松村 敏,1,42,52.3,0,0,0.11,7.37,55.63,82.39,7.36,45.45,90.91,37.1,48.39,46.4,67.2
2026-02-04,7,9,2026-02-04 19:04:00,5,ラグーナテンボス杯争奪戦,5,4523,中村 辰也,2,37,52.9,0,0,0.14,5.54,38.78,58.16,5,30.77,53.85,44.79,57.29,34.31,58.82
2026-02-04,7,9,2026-02-04 19:04:00,5,ラグーナテンボス杯争奪戦,6,3880,浅見 宗孝,3,53,55,0,0,0.18,4.85,29.29,44.44,4.76,35.29,47.06,33.33,50,39.47,60.53
2026-02-04,7,10,2026-02-04 19:36:00,5,ラグーナテンボス杯争奪戦,1,4796,春園 功太,2,34,52,0,0,0.13,6.29,46.79,62.39,4.78,22.22,44.44,35.07,52.24,22.22,43.21
2026-02-04,7,10,2026-02-04 19:36:00,5,ラグーナテンボス杯争奪戦,2,4012,中村 有裕,2,46,56.1,0,0,0.15,5.92,42.37,59.32,6.1,52.38,61.9,31.03,50,20.22,43.82
2026-02-04,7,10,2026-02-04 19:36:00,5,ラグーナテンボス杯争奪戦,3,4700,金子 和之,2,38,52.6,0,0,0.14,6.41,50.63,67.09,6.16,31.58,63.16,40.43,55.32,28.71,51.49
2026-02-04,7,10,2026-02-04 19:36:00,5,ラグーナテンボス杯争奪戦,4,4430,永田 秀二,2,40,55.3,0,0,0.17,5.9,39.68,57.14,5.73,40.91,54.55,30.37,52.59,31.3,50.43
2026-02-04,7,10,2026-02-04 19:36:00,5,ラグーナテンボス杯争奪戦,5,5073,上原 健次郎,2,30,52.3,0,0,0.16,5.4,30.85,56.38,5.56,44.44,55.56,32.8,50.4,20.73,29.27
2026-02-04,7,10,2026-02-04 19:36:00,5,ラグーナテンボス杯争奪戦,6,3455,谷本 幸司,3,54,52,0,0,0.18,5.31,31.91,47.87,3.96,22.22,33.33,40.3,60.45,26.88,45.16
2026-02-04,7,11,2026-02-04 20:07:00,5,ラグーナテンボス杯争奪戦,1,4653,小野 達哉,1,40,52,0,0,0.14,6.63,52.38,71.43,6,50,58.33,39.66,57.76,29.82,48.25
2026-02-04,7,11,2026-02-04 20:07:00,5,ラグーナテンボス杯争奪戦,2,4515,藤田 浩人,2,39,53,0,0,0.17,5.92,41.35,58.65,6.44,44.44,72.22,35.34,45.69,41.86,61.24
2026-02-04,7,11,2026-02-04 20:07:00,5,ラグーナテンボス杯争奪戦,3,4553,坪口 竜也,2,36,51.5,0,0,0.14,6.12,43.43,64.65,3.88,25,25,33.33,49.24,28.33,45
2026-02-04,7,11,2026-02-04 20:07:00,5,ラグーナテンボス杯争奪戦,4,4540,相原 利章,2,38,52,0,0,0.12,5.31,26.74,52.33,5.28,40,48,29.37,46.83,34.78,46.09
2026-02-04,7,11,2026-02-04 20:07:00,5,ラグーナテンボス杯争奪戦,5,4466,南 佑典,2,39,51,1,0,0.16,5.89,36.04,60.36,5.1,29.03,45.16,30.56,52.78,29.55,43.18
2026-02-04,7,11,2026-02-04 20:07:00,5,ラグーナテンボス杯争奪戦,6,5252,荒木 颯斗,2,23,52,0,0,0.15,5.83,37.93,60.92,4.04,14.81,44.44,35.4,55.75,39.56,52.75
2026-02-04,7,12,2026-02-04 20:38:00,5,ラグーナテンボス杯争奪戦,1,4381,田路 朋史,2,41,52.1,0,0,0.17,6.3,47.37,63.91,6.8,40,70,44.9,59.18,23.85,37.61
2026-02-04,7,12,2026-02-04 20:38:00,5,ラグーナテンボス杯争奪戦,2,3875,廣中 良一,3,49,52,0,0,0.17,3.74,20.69,28.74,4.88,29.41,41.18,38.02,52.07,42.19,62.5
2026-02-04,7,12,2026-02-04 20:38:00,5,ラグーナテンボス杯争奪戦,3,3454,井川 大作,3,54,56,0,0,0.15,5.42,31.96,56.7,5.67,44.44,66.67,39.22,52.94,35.96,57.89
2026-02-04,7,12,2026-02-04 20:38:00,5,ラグーナテンボス杯争奪戦,4,3797,岩井 繁,3,52,57.3,0,0,0.19,3.91,15.46,34.02,4.33,22.22,33.33,30.99,52.11,30,43
2026-02-04,7,12,2026-02-04 20:38:00,5,ラグーナテンボス杯争奪戦,5,3684,清水 攻二,2,51,52,0,0,0.17,5.93,40.91,60,5.52,28.57,57.14,36.44,54.24,30.68,42.05
2026-02-04,7,12,2026-02-04 20:38:00,5,ラグーナテンボス杯争奪戦,6,4527,高野 心吾,3,37,52,0,0,0.17,3.95,20.24,35.71,3.63,16.67,20.83,40.19,59.81,31.15,53.28
2026-02-04,11,1,2026-02-04 10:31:00,5,にっぽん未来プロジェクト競走inびわこ,1,5272,松田 真実,3,24,47.1,1,0,0.18,3.71,20.48,32.53,3.33,22.22,27.78,35.57,47.94,37.37,50.53
2026-02-04,11,1,2026-02-04 10:31:00,5,にっぽん未来プロジェクト競走inびわこ,2,3606,川北 浩貴,3,54,52,0,0,0.18,5.47,32.53,57.83,6.01,43.45,60.69,32.91,48.73,22.84,33.95
2026-02-04,11,1,2026-02-04 10:31:00,5,にっぽん未来プロジェクト競走inびわこ,3,3105,内山 文典,3,62,53.4,0,0,0.16,4.43,18.99,43.04,5.43,28.57,57.14,26.42,41.51,40,56.22
2026-02-04,11,1,2026-02-04 10:31:00,5,にっぽん未来プロジェクト競走inびわこ,4,3372,加藤 雅之,3,59,53,0,0,0.21,3.31,10.17,25.42,3.04,0,16.67,36.32,57.71,33.33,47.37
2026-02-04,11,1,2026-02-04 10:31:00,5,にっぽん未来プロジェクト競走inびわこ,5,4779,伊倉 光,3,40,52,0,0,0.16,5.03,27.27,48.48,4.73,13.33,40,35.08,48.17,33.33,51.67
2026-02-04,11,1,2026-02-04 10:31:00,5,にっぽん未来プロジェクト競走inびわこ,6,4681,太田 潮,3,35,54.3,0,0,0.17,4.12,19.18,31.51,4.94,29.41,47.06,24.03,37.01,32.2,51.41
2026-02-04,11,2,2026-02-04 10:58:00,5,にっぽん未来プロジェクト競走inびわこ,1,4112,大久保 信一郎,3,45,52,0,0,0.18,5.72,38.46,58.97,5.2,40,50,31.1,44.51,36.41,53.26
2026-02-04,11,2,2026-02-04 10:58:00,5,にっぽん未来プロジェクト競走inびわこ,2,4966,田川 大貴,2,28,53.8,0,0,0.14,5.35,40,48.57,6,30,80,34.52,52.79,30.56,46.67
2026-02-04,11,2,2026-02-04 10:58:00,5,にっぽん未来プロジェクト競走inびわこ,3,4336,松田 竜馬,3,42,54.9,0,0,0.15,5.21,33.33,49.49,5.22,11.11,33.33,37.04,56.61,36.65,51.31
2026-02-04,11,2,2026-02-04 10:58:00,5,にっぽん未来プロジェクト競走inびわこ,4,4789,古賀 智之,2,36,53.3,0,0,0.17,5.65,43.06,61.11,4.73,27.27,45.45,30.51,42.94,25.45,39.39
2026-02-04,11,2,2026-02-04 10:58:00,5,にっぽん未来プロジェクト競走inびわこ,5,3475,橋本 久和,3,55,52,0,0,0.19,5.28,35.37,53.66,0,0,0,27.33,38.51,25.3,40.36
2026-02-04,11,2,2026-02-04 10:58:00,5,にっぽん未来プロジェクト競走inびわこ,6,4308,河村 了,1,42,52,0,0,0.16,6.55,43.48,69.57,6.07,40,70,41.3,56.52,35.75,50.84
2026-02-04,11,3,2026-02-04 11:28:00,5,にっぽん未来プロジェクト競走inびわこ,1,4487,三原 司,3,39,52.4,0,0,0.18,4.38,25,34.62,4.9,28.57,52.38,28.74,43.1,29.21,43.82
2026-02-04,11,3,2026-02-04 11:28:00,5,にっぽん未来プロジェクト競走inびわこ,2,3965,北中 元樹,2,46,52.8,0,0,0.17,6.26,48.48,63.64,5.94,46.27,60.45,41.94,56.68,23.78,43.29
2026-02-04,11,3,2026-02-04 11:28:00,5,にっぽん未来プロジェクト競走inびわこ,3,3605,中村 守成,3,54,52.6,0,0,0.18,4.54,25.64,37.18,5.38,42.86,52.38,32.11,54.74,32.58,49.44
2026-02-04,11,3,2026-02-04 11:28:00,5,にっぽん未来プロジェクト競走inびわこ,4,3584,佐々木 英樹,3,52,54,0,0,0.17,5.06,28.24,49.41,5.35,37.84,51.35,28.16,42.53,27.84,47.16
2026-02-04,11,3,2026-02-04 11:28:00,5,にっぽん未来プロジェクト競走inびわこ,5,4607,鶴田 勇雄,2,36,53,0,0,0.18,5.37,33.04,53.91,6.67,55.56,66.67,44.12,58.4,38.42,50.53
2026-02-04,11,3,2026-02-04 11:28:00,5,にっぽん未来プロジェクト競走inびわこ,6,5410,今泉 澪,4,20,49.8,0,0,0.21,1.6,2.99,4.48,0,0,0,34.97,52.15,29.21,47.19
2026-02-04,11,4,2026-02-04 11:58:00,5,にっぽん未来プロジェクト競走inびわこ,1,3161,古場 輝義,3,65,53.5,0,0,0.18,5.22,31.33,56.63,5.64,45.45,54.55,26.52,40.15,36.81,52.75
2026-02-04,11,4,2026-02-04 11:58:00,5,にっぽん未来プロジェクト競走inびわこ,2,4718,北川 太一,2,33,52,0,0,0.15,5.84,39.6,56.44,6.16,42.11,68.42,44.64,62.23,34.78,50
2026-02-04,11,4,2026-02-04 11:58:00,5,にっぽん未来プロジェクト競走inびわこ,3,3773,津留 浩一郎,3,51,56.9,0,0,0.15,4.15,22.78,39.24,4.82,39.29,42.86,30.6,48.09,34.68,49.71
2026-02-04,11,4,2026-02-04 11:58:00,5,にっぽん未来プロジェクト競走inびわこ,4,4513,河野 真也,2,36,53.1,1,0,0.18,5.65,38.24,54.9,6.6,50,70,34.55,51.31,38.5,55.08
2026-02-04,11,4,2026-02-04 11:58:00,5,にっぽん未来プロジェクト競走inびわこ,5,4261,岡 祐臣,1,41,56.2,0,0,0.16,6.01,39.83,62.71,5.36,36.36,63.64,38.62,57.67,27.87,45.9
2026-02-04,11,4,2026-02-04 11:58:00,5,にっぽん未来プロジェクト競走inびわこ,6,4081,樋口 範政,3,47,56.3,0,0,0.19,3.85,12.5,34.09,0,0,0,29.9,50,39.89,56.91
2026-02-04,11,5,2026-02-04 12:29:00,5,にっぽん未来プロジェクト競走inびわこ,1,4240,今井 裕梨,2,41,45,1,0,0.16,5.87,45.45,62.63,6.19,45.16,64.52,37.44,54.87,35.68,53.51
2026-02-04,11,5,2026-02-04 12:29:00,5,にっぽん未来プロジェクト競走inびわこ,2,4720,西澤 日花里,3,31,46.5,0,0,0.19,3.7,10.45,32.84,5.72,38.89,66.67,29.41,47.06,34.83,46.63
2026-02-04,11,5,2026-02-04 12:29:00,5,にっぽん未来プロジェクト競走inびわこ,3,4893,渡邉 真奈美,3,35,47.1,0,0,0.17,5.06,33.85,50.77,3.33,16.67,33.33,45.22,59.13,31.43,52.57
2026-02-04,11,5,2026-02-04 12:29:00,5,にっぽん未来プロジェクト競走inびわこ,4,5195,北村 寧々,3,24,47.5,1,0,0.14,5.56,30.88,55.88,3.88,12.5,25,33.73,46.99,35.33,55.43
2026-02-04,11,5,2026-02-04 12:29:00,5,にっぽん未来プロジェクト競走inびわこ,5,5272,松田 真実,3,24,47.1,1,0,0.18,3.71,20.48,32.53,3.33,22.22,27.78,35.57,47.94,37.37,50.53
2026-02-04,11,5,2026-02-04 12:29:00,5,にっぽん未来プロジェクト競走inびわこ,6,5283,植木 美帆,3,21,48.3,1,0,0.17,3,7.14,21.43,0,0,0,34.09,47.73,31.87,53.85
2026-02-04,11,6,2026-02-04 13:01:00,5,にっぽん未来プロジェクト競走inびわこ,1,5110,杉山 喜一,3,26,52,0,0,0.15,5.21,25.96,51.92,5.48,33.33,48.15,30.86,50,30.56,45.56
2026-02-04,11,6,2026-02-04 13:01:00,5,にっぽん未来プロジェクト競走inびわこ,2,5226,藤田 俊祐,2,23,52.1,0,0,0.15,6.11,47.56,58.54,6.78,55.56,66.67,28.48,43.64,28.96,42.62
2026-02-04,11,6,2026-02-04 13:01:00,5,にっぽん未来プロジェクト競走inびわこ,3,5261,岡 暢祐,3,27,52,0,0,0.19,4.35,20,36,4.11,21.05,26.32,42.86,59.91,40.32,54.84
2026-02-04,11,6,2026-02-04 13:01:00,5,にっぽん未来プロジェクト競走inびわこ,4,4624,高田 明,1,40,50.5,1,0,0.17,6.82,56.14,71.93,7.64,72.73,90.91,41.63,60.18,34.05,45.95
2026-02-04,11,6,2026-02-04 13:01:00,5,にっぽん未来プロジェクト競走inびわこ,5,3439,大平 誉史明,2,56,52,0,0,0.15,6.3,42.17,61.45,5.32,33.93,50,38.59,55.98,39.56,56.59
2026-02-04,11,6,2026-02-04 13:01:00,5,にっぽん未来プロジェクト競走inびわこ,6,4382,高山 智至,3,41,55.8,1,0,0.16,4.32,16.3,42.39,3.99,14.66,34.48,41.84,59.41,29.31,54.6
2026-02-04,11,7,2026-02-04 13:33:00,5,にっぽん未来プロジェクト競走inびわこ,1,4368,山口 隆史,3,40,55.4,0,0,0.19,3.47,10.61,24.24,4.89,27.78,50,32.97,47.03,37.37,56.32
2026-02-04,11,7,2026-02-04 13:33:00,5,にっぽん未来プロジェクト競走inびわこ,2,3584,佐々木 英樹,3,52,54,0,0,0.17,5.06,28.24,49.41,5.35,37.84,51.35,28.16,42.53,27.84,47.16
2026-02-04,11,7,2026-02-04 13:33:00,5,にっぽん未来プロジェクト競走inびわこ,3,5002,上田 健太,2,29,51.5,0,0,0.15,5.8,34.07,59.34,6.17,43.33,66.67,48.48,62.77,26.54,46.3
2026-02-04,11,7,2026-02-04 13:33:00,5,にっぽん未来プロジェクト競走inびわこ,4,4630,岩永 雅人,2,39,52.4,1,0,0.16,5.34,37.25,54.9,6.43,45.24,73.81,31.14,44.91,33.71,48
2026-02-04,11,7,2026-02-04 13:33:00,5,にっぽん未来プロジェクト競走inびわこ,5,3606,川北 浩貴,3,54,52,0,0,0.18,5.47,32.53,57.83,6.01,43.45,60.69,32.91,48.73,22.84,33.95
2026-02-04,11,7,2026-02-04 13:33:00,5,にっぽん未来プロジェクト競走inびわこ,6,4336,松田 竜馬,3,42,54.9,0,0,0.15,5.21,33.33,49.49,5.22,11.11,33.33,37.04,56.61,36.65,51.31
2026-02-04,11,8,2026-02-04 14:05:00,5,にっぽん未来プロジェクト競走inびわこ,1,3475,橋本 久和,3,55,52,0,0,0.19,5.28,35.37,53.66,0,0,0,27.33,38.51,25.3,40.36
2026-02-04,11,8,2026-02-04 14:05:00,5,にっぽん未来プロジェクト競走inびわこ,2,4436,渋谷 明憲,2,39,52.1,0,0,0.15,6.35,47.12,68.27,5.53,42.11,68.42,28.42,39.34,32.4,48.04
2026-02-04,11,8,2026-02-04 14:05:00,5,にっぽん未来プロジェクト競走inびわこ,3,4779,伊倉 光,3,40,52,0,0,0.16,5.03,27.27,48.48,4.73,13.33,40,35.08,48.17,33.33,51.67
2026-02-04,11,8,2026-02-04 14:05:00,5,にっぽん未来プロジェクト競走inびわこ,4,4879,山崎 鉄平,3,31,52.4,0,0,0.16,4.53,29.55,37.5,5.14,42.86,57.14,36.31,50.28,50,65.63
2026-02-04,11,8,2026-02-04 14:05:00,5,にっぽん未来プロジェクト競走inびわこ,5,3965,北中 元樹,2,46,52.8,0,0,0.17,6.26,48.48,63.64,5.94,46.27,60.45,41.94,56.68,23.78,43.29
2026-02-04,11,8,2026-02-04 14:05:00,5,にっぽん未来プロジェクト競走inびわこ,6,5346,中村 紋夕梨,4,22,47,0,0,0.19,2.5,5,13.33,0,0,0,34.72,58.03,31.32,50
2026-02-04,11,9,2026-02-04 14:40:00,5,にっぽん未来プロジェクト競走inびわこ,1,4789,古賀 智之,2,36,53.3,0,0,0.17,5.65,43.06,61.11,4.73,27.27,45.45,30.51,42.94,25.45,39.39
2026-02-04,11,9,2026-02-04 14:40:00,5,にっぽん未来プロジェクト競走inびわこ,2,4081,樋口 範政,3,47,56.3,0,0,0.19,3.85,12.5,34.09,0,0,0,29.9,50,39.89,56.91
2026-02-04,11,9,2026-02-04 14:40:00,5,にっぽん未来プロジェクト競走inびわこ,3,4607,鶴田 勇雄,2,36,53,0,0,0.18,5.37,33.04,53.91,6.67,55.56,66.67,44.12,58.4,38.42,50.53
2026-02-04,11,9,2026-02-04 14:40:00,5,にっぽん未来プロジェクト競走inびわこ,4,5074,大澤 誠也,3,30,55.5,0,0,0.17,4.68,27.42,43.55,4.28,17.24,34.48,37.81,58.71,35.91,50.28
2026-02-04,11,9,2026-02-04 14:40:00,5,にっぽん未来プロジェクト競走inびわこ,5,4720,西澤 日花里,3,31,46.5,0,0,0.19,3.7,10.45,32.84,5.72,38.89,66.67,29.41,47.06,34.83,46.63
2026-02-04,11,9,2026-02-04 14:40:00,5,にっぽん未来プロジェクト競走inびわこ,6,4560,庄司 樹良々,2,35,53.6,0,0,0.15,5.97,39.78,60.22,5.55,31.03,55.17,25.15,43.27,34.46,53.11
2026-02-04,11,10,2026-02-04 15:08:00,5,にっぽん未来プロジェクト競走inびわこ,1,4513,河野 真也,2,36,52.3,1,0,0.18,5.65,38.24,54.9,6.6,50,70,34.55,51.31,38.5,55.08
2026-02-04,11,10,2026-02-04 15:08:00,5,にっぽん未来プロジェクト競走inびわこ,2,5195,北村 寧々,3,24,47,1,0,0.14,5.56,30.88,55.88,3.88,12.5,25,33.73,46.99,35.33,55.43
2026-02-04,11,10,2026-02-04 15:08:00,5,にっぽん未来プロジェクト競走inびわこ,3,4681,太田 潮,3,35,54.3,0,0,0.17,4.12,19.18,31.51,4.94,29.41,47.06,24.03,37.01,32.2,51.41
2026-02-04,11,10,2026-02-04 15:08:00,5,にっぽん未来プロジェクト競走inびわこ,4,5226,藤田 俊祐,2,23,52,0,0,0.15,6.11,47.56,58.54,6.78,55.56,66.67,28.48,43.64,28.96,42.62
2026-02-04,11,10,2026-02-04 15:08:00,5,にっぽん未来プロジェクト競走inびわこ,5,5301,岩下 巧斗,3,23,51.5,0,0,0.16,4.22,21.05,35.53,0,0,0,39.45,58.72,27.75,44.51
2026-02-04,11,10,2026-02-04 15:08:00,5,にっぽん未来プロジェクト競走inびわこ,6,5093,浦野 海,2,23,52.3,1,0,0.17,5.15,34.95,46.6,6.73,54.55,63.64,29.12,50.55,36.51,54.5
2026-02-04,11,11,2026-02-04 15:40:00,5,にっぽん未来プロジェクト競走inびわこ,1,4630,岩永 雅人,2,39,52.4,1,0,0.16,5.34,37.25,54.9,6.43,45.24,73.81,31.14,44.91,33.71,48
2026-02-04,11,11,2026-02-04 15:40:00,5,にっぽん未来プロジェクト競走inびわこ,2,3439,大平 誉史明,2,56,52,0,0,0.15,6.3,42.17,61.45,5.32,33.93,50,38.59,55.98,39.56,56.59
2026-02-04,11,11,2026-02-04 15:40:00,5,にっぽん未来プロジェクト競走inびわこ,3,4487,三原 司,3,39,52.4,0,0,0.18,4.38,25,34.62,4.9,28.57,52.38,28.74,43.1,29.21,43.82
2026-02-04,11,11,2026-02-04 15:40:00,5,にっぽん未来プロジェクト競走inびわこ,4,4966,田川 大貴,2,28,53.8,0,0,0.14,5.35,40,48.57,6,30,80,34.52,52.79,30.56,46.67
2026-02-04,11,11,2026-02-04 15:40:00,5,にっぽん未来プロジェクト競走inびわこ,5,4893,渡邉 真奈美,3,35,47.1,0,0,0.17,5.06,33.85,50.77,3.33,16.67,33.33,45.22,59.13,31.43,52.57
2026-02-04,11,11,2026-02-04 15:40:00,5,にっぽん未来プロジェクト競走inびわこ,6,4718,北川 太一,2,33,52,0,0,0.15,5.84,39.6,56.44,6.16,42.11,68.42,44.64,62.23,34.78,50
2026-02-04,11,12,2026-02-04 16:13:00,5,にっぽん未来プロジェクト競走inびわこ,1,4624,高田 明,1,40,50.5,1,0,0.17,6.82,56.14,71.93,7.64,72.73,90.91,41.63,60.18,34.05,45.95
2026-02-04,11,12,2026-02-04 16:13:00,5,にっぽん未来プロジェクト競走inびわこ,2,4308,河村 了,1,42,52,0,0,0.16,6.55,43.48,69.57,6.07,40,70,41.3,56.52,35.75,50.84
2026-02-04,11,12,2026-02-04 16:13:00,5,にっぽん未来プロジェクト競走inびわこ,3,4261,岡 祐臣,1,41,56.2,0,0,0.16,6.01,39.83,62.71,5.36,36.36,63.64,38.62,57.67,27.87,45.9
2026-02-04,11,12,2026-02-04 16:13:00,5,にっぽん未来プロジェクト競走inびわこ,4,4436,渋谷 明憲,2,39,52.1,0,0,0.15,6.35,47.12,68.27,5.53,42.11,68.42,28.42,39.34,32.4,48.04
2026-02-04,11,12,2026-02-04 16:13:00,5,にっぽん未来プロジェクト競走inびわこ,5,4240,今井 裕梨,2,41,45,1,0,0.16,5.87,45.45,62.63,6.19,45.16,64.52,37.44,54.87,35.68,53.51
2026-02-04,11,12,2026-02-04 16:13:00,5,にっぽん未来プロジェクト競走inびわこ,6,5002,上田 健太,2,29,51.5,0,0,0.15,5.8,34.07,59.34,6.17,43.33,66.67,48.48,62.77,26.54,46.3
2026-02-04,12,1,2026-02-04 15:17:00,2,第69回近畿地区選手権競走,1,4659,木下 翔太,1,34,52.8,0,0,0.14,6.82,44.83,68.97,6.77,47.37,72.63,28.95,48.42,35.79,50
2026-02-04,12,1,2026-02-04 15:17:00,2,第69回近畿地区選手権競走,2,4826,井上 一輝,1,31,51.5,0,0,0.13,6.98,54.55,67.42,6.66,42.27,74.23,32.62,55.08,35.36,46.41
2026-02-04,12,1,2026-02-04 15:17:00,2,第69回近畿地区選手権競走,3,4446,和田 兼輔,1,39,52,0,0,0.13,7.25,59.06,77.95,7,56.41,74.36,36.02,55.38,45.28,62.89
2026-02-04,12,1,2026-02-04 15:17:00,2,第69回近畿地区選手権競走,4,4356,長岡 良也,1,41,52,1,0,0.15,6.4,47.32,66.07,6.53,46.67,70,35.64,48.94,34.72,59.07
2026-02-04,12,1,2026-02-04 15:17:00,2,第69回近畿地区選手権競走,5,4832,権藤 俊光,1,39,52,0,0,0.15,7.04,51.96,73.53,7.01,57.32,75.61,36.17,54.26,34.91,48.52
2026-02-04,12,1,2026-02-04 15:17:00,2,第69回近畿地区選手権競走,6,5017,澤田 尚也,1,27,52.4,0,0,0.13,6.58,48.42,58.95,6.22,44.44,44.44,37.23,52.66,39.38,54.38
2026-02-04,12,2,2026-02-04 15:48:00,2,第69回近畿地区選手権競走,1,5016,宮田 龍馬,1,27,52,0,0,0.14,6.72,50.93,67.59,6.84,54.05,70.27,34.05,56.76,34.52,48.22
2026-02-04,12,2,2026-02-04 15:48:00,2,第69回近畿地区選手権競走,2,4397,西村 拓也,1,39,52,0,0,0.14,6.34,38.79,55.17,6.9,45.9,66.39,37.36,57.14,30.56,42.78
2026-02-04,12,2,2026-02-04 15:48:00,2,第69回近畿地区選手権競走,3,4760,山崎 郡,1,36,52,0,0,0.14,7.36,54.96,66.41,7.03,48.84,65.12,38.51,55.75,37.5,49.48
2026-02-04,12,2,2026-02-04 15:48:00,2,第69回近畿地区選手権競走,4,4908,上田 龍星,1,30,52,1,0,0.14,6.83,48.51,64.36,6.21,39.8,63.27,38.17,52.69,37.71,53.14
2026-02-04,12,2,2026-02-04 15:48:00,2,第69回近畿地区選手権競走,5,4055,吉田 俊彦,1,47,52.6,0,0,0.15,5.88,41.32,56.2,5.78,36.11,50,37.43,50.27,35.75,51.4
2026-02-04,12,2,2026-02-04 15:48:00,2,第69回近畿地区選手権競走,6,3388,今垣 光太郎,1,56,52.2,0,0,0.15,7.14,49.37,64.56,8.3,80,80,30.05,44.56,30.86,44.57
2026-02-04,12,3,2026-02-04 16:21:00,2,第69回近畿地区選手権競走,1,4002,古結 宏,1,48,52.4,0,0,0.15,6.31,45.54,64.36,6.58,52.63,73.68,35.26,57.37,29.71,49.14
2026-02-04,12,3,2026-02-04 16:21:00,2,第69回近畿地区選手権競走,2,3557,太田 和美,1,53,53.3,0,0,0.15,6.8,51.11,65.19,6.89,51.11,66.67,33.14,46.86,35.23,52.27
2026-02-04,12,3,2026-02-04 16:21:00,2,第69回近畿地区選手権競走,3,5088,高憧 四季,1,26,44.5,0,0,0.16,7.06,58.78,70.23,7.67,64.29,76.19,33.87,50,29.82,49.71
2026-02-04,12,3,2026-02-04 16:21:00,2,第69回近畿地区選手権競走,4,4828,松山 将吾,1,31,51.5,0,0,0.13,5.84,37.8,59.76,6.62,47.62,61.9,33.15,48.31,38.55,50.84
2026-02-04,12,3,2026-02-04 16:21:00,2,第69回近畿地区選手権競走,5,4907,小池 修平,1,30,52,0,0,0.13,7.2,54.84,72.04,6.68,51.89,68.87,35.03,42.94,37.5,53.41
2026-02-04,12,3,2026-02-04 16:21:00,2,第69回近畿地区選手権競走,6,4290,稲田 浩二,1,41,52.1,0,0,0.13,6.49,48.05,58.44,6.7,45.45,54.55,47.51,60.77,29.94,42.51
2026-02-04,12,4,2026-02-04 16:55:00,2,第69回近畿地区選手権競走,1,4427,秦 英悟,1,40,52,0,0,0.14,6.48,40.26,57.14,6.21,40.43,57.45,36.36,53.48,36.69,52.07
2026-02-04,12,4,2026-02-04 16:55:00,2,第69回近畿地区選手権競走,2,5267,石本 裕武,1,25,51,0,0,0.15,6.46,48,64.8,6.23,47.58,60.48,44.09,60.75,35.91,53.59
2026-02-04,12,4,2026-02-04 16:55:00,2,第69回近畿地区選手権競走,3,4278,藤岡 俊介,1,42,49.5,0,0,0.12,6.85,50,72.22,6.62,44.83,63.79,36.02,57.53,35.93,54.49
2026-02-04,12,4,2026-02-04 16:55:00,2,第69回近畿地区選手権競走,4,4391,松田 祐季,1,39,51.5,0,0,0.17,6.45,48.45,59.79,7.16,42.11,78.95,31.94,45.03,30.23,51.16
2026-02-04,12,4,2026-02-04 16:55:00,2,第69回近畿地区選手権競走,5,4044,湯川 浩司,1,46,51.5,0,0,0.13,6.51,42.86,57.98,6.63,49,61,46.93,67.04,31.07,46.89
2026-02-04,12,4,2026-02-04 16:55:00,2,第69回近畿地区選手権競走,6,4137,君島 秀三,1,45,52.2,0,0,0.14,6.53,51.92,68.27,5.78,34.38,62.5,30.41,42.78,31.89,49.19
2026-02-04,12,5,2026-02-04 17:19:00,2,第69回近畿地区選手権競走,1,4448,青木 玄太,1,38,52,0,0,0.17,7,55.34,68.93,6,50,70,35.83,47.06,33.33,46.88
2026-02-04,12,5,2026-02-04 17:19:00,2,第69回近畿地区選手権競走,2,4512,高野 哲史,1,36,52,0,0,0.16,6.94,51.15,70.99,6.87,53.33,70,41.62,54.34,38.12,58.01
2026-02-04,12,5,2026-02-04 17:19:00,2,第69回近畿地区選手権競走,3,3997,北村 征嗣,1,46,52.8,0,0,0.16,6.77,48.87,72.93,5.88,39.74,61.54,35.75,55.87,42.36,58.33
2026-02-04,12,5,2026-02-04 17:19:00,2,第69回近畿地区選手権競走,4,4719,上條 暢嵩,1,32,52,0,0,0.13,7.42,45,65,7.83,63.12,76.6,40.91,55.68,32.57,50.29
2026-02-04,12,5,2026-02-04 17:19:00,2,第69回近畿地区選手権競走,5,4543,重木 輝彦,1,38,52,0,0,0.17,6.35,46.6,66.02,6.67,48.15,77.78,34.9,50,32.65,47.45
2026-02-04,12,5,2026-02-04 17:19:00,2,第69回近畿地区選手権競走,6,4959,井上 忠政,1,29,52,0,0,0.15,6.89,50.4,62.4,6.43,45.38,64.62,30.21,49.48,29.78,46.63
2026-02-04,12,6,2026-02-04 17:46:00,2,第69回近畿地区選手権競走,1,4502,遠藤 エミ,1,37,45,0,0,0.14,7.79,61.39,76.24,5.14,7.14,21.43,28.95,47.37,34.78,55.98
2026-02-04,12,6,2026-02-04 17:46:00,2,第69回近畿地区選手権競走,2,3556,田中 信一郎,1,53,53.4,0,0,0.14,6.69,50.98,71.57,5.9,37.96,53.7,40.45,58.43,35.45,53.97
2026-02-04,12,6,2026-02-04 17:46:00,2,第69回近畿地区選手権競走,3,4295,小坂 尚哉,1,39,53,0,0,0.15,6.66,47.75,69.37,6.19,40.63,62.5,21.69,37.57,31.75,50.26
2026-02-04,12,6,2026-02-04 17:46:00,2,第69回近畿地区選手権競走,4,3721,守田 俊介,1,50,53.2,0,0,0.12,6.64,46.74,59.78,0,0,0,32.09,47.06,41.61,55.28
2026-02-04,12,6,2026-02-04 17:46:00,2,第69回近畿地区選手権競走,5,4826,井上 一輝,1,31,51.5,0,0,0.13,6.98,54.55,67.42,6.66,42.27,74.23,32.62,55.08,35.36,46.41
2026-02-04,12,6,2026-02-04 17:46:00,2,第69回近畿地区選手権競走,6,4384,鶴本 崇文,1,40,52.1,0,0,0.18,6.66,47.54,73.77,6.28,50,68,40,62.22,33.7,49.72
2026-02-04,12,7,2026-02-04 18:13:00,2,第69回近畿地区選手権競走,1,4311,岡村 仁,1,41,55,0,0,0.14,6.58,50,68.75,6.64,50,71,30.77,48.72,31.09,46.11
2026-02-04,12,7,2026-02-04 18:13:00,2,第69回近畿地区選手権競走,2,4832,権藤 俊光,1,39,52,0,0,0.15,7.04,51.96,73.53,7.01,57.32,75.61,36.17,54.26,34.91,48.52
2026-02-04,12,7,2026-02-04 18:13:00,2,第69回近畿地区選手権競走,3,4013,中島 孝平,1,46,52,0,0,0.13,7.14,49.59,68.6,6.6,28.89,51.11,31.12,50,31.91,48.4
2026-02-04,12,7,2026-02-04 18:13:00,2,第69回近畿地区選手権競走,4,4025,山本 隆幸,1,48,52.3,0,0,0.17,6.6,52,68.8,6.19,42.86,57.14,41.94,61.29,38.01,53.8
2026-02-04,12,7,2026-02-04 18:13:00,2,第69回近畿地区選手権競走,5,5088,高憧 四季,1,26,44.5,0,0,0.16,7.06,58.78,70.23,7.67,64.29,76.19,33.87,50,29.82,49.71
2026-02-04,12,7,2026-02-04 18:13:00,2,第69回近畿地区選手権競走,6,4218,吉川 喜継,1,44,52,0,0,0.15,7.07,60,77.6,7.29,50,73.53,38.89,56.11,40.11,57.06
2026-02-04,12,8,2026-02-04 18:43:00,2,第69回近畿地区選手権競走,1,4907,小池 修平,1,30,52,0,0,0.13,7.2,54.84,72.04,6.68,51.89,68.87,35.03,42.94,37.5,53.41
2026-02-04,12,8,2026-02-04 18:43:00,2,第69回近畿地区選手権競走,2,5126,山下 大輝,1,29,52,0,0,0.15,5.99,44.79,59.38,5.97,40,56.67,43.68,57.47,37.85,51.98
2026-02-04,12,8,2026-02-04 18:43:00,2,第69回近畿地区選手権競走,3,3388,今垣 光太郎,1,56,52.2,0,0,0.15,7.14,49.37,64.56,8.3,80,80,30.05,44.56,29.89,44.83
2026-02-04,12,8,2026-02-04 18:43:00,2,第69回近畿地区選手権競走,4,4427,秦 英悟,1,40,52,0,0,0.14,6.48,40.26,57.14,6.21,40.43,57.45,36.36,53.48,36.69,52.07
2026-02-04,12,8,2026-02-04 18:43:00,2,第69回近畿地区選手権競走,5,4659,木下 翔太,1,34,52.8,0,0,0.14,6.82,44.83,68.97,6.77,47.37,72.63,28.95,48.42,35.79,50
2026-02-04,12,8,2026-02-04 18:43:00,2,第69回近畿地区選手権競走,6,4743,木村 仁紀,1,33,53.1,0,0,0.15,6.84,50.39,74.02,6.54,46.43,60.71,33.68,51.3,32.98,48.69
2026-02-04,12,9,2026-02-04 19:14:00,2,第69回近畿地区選手権競走,1,4877,鈴谷 一平,1,31,54.7,1,0,0.13,6.42,50.94,65.09,6.92,58.33,75,36.56,54.84,33.33,51.72
2026-02-04,12,9,2026-02-04 19:14:00,2,第69回近畿地区選手権競走,2,4760,山崎 郡,1,36,52,0,0,0.14,7.36,54.96,66.41,7.03,48.84,65.12,38.51,55.75,37.5,49.48
2026-02-04,12,9,2026-02-04 19:14:00,2,第69回近畿地区選手権競走,3,3557,太田 和美,1,53,53.3,0,0,0.15,6.8,51.11,65.19,6.89,51.11,66.67,33.14,46.86,35.23,52.27
2026-02-04,12,9,2026-02-04 19:14:00,2,第69回近畿地区選手権競走,4,4857,加藤 翔馬,1,28,54.4,0,0,0.16,6.1,45.1,60.78,7,64.29,78.57,32.28,50.26,34.78,56.52
2026-02-04,12,9,2026-02-04 19:14:00,2,第69回近畿地区選手権競走,5,4448,青木 玄太,1,38,52,0,0,0.17,7,55.34,68.93,6,50,70,35.83,47.06,33.33,46.88
2026-02-04,12,9,2026-02-04 19:14:00,2,第69回近畿地区選手権競走,6,5221,竹間 隆晟,1,25,53,0,0,0.15,6.22,44.44,60.68,5.79,40.74,59.26,34.54,48.97,40,53.53
2026-02-04,12,10,2026-02-04 19:47:00,2,第69回近畿地区選手権競走,1,4044,湯川 浩司,1,46,51.5,0,0,0.13,6.51,42.86,57.98,6.63,49,61,46.93,67.04,31.07,46.89
2026-02-04,12,10,2026-02-04 19:47:00,2,第69回近畿地区選手権競走,2,4290,稲田 浩二,1,41,52.1,0,0,0.13,6.49,48.05,58.44,6.7,45.45,54.55,47.51,60.77,29.94,42.51
2026-02-04,12,10,2026-02-04 19:47:00,2,第69回近畿地区選手権競走,3,4959,井上 忠政,1,29,52,0,0,0.15,6.89,50.4,62.4,6.43,45.38,64.62,30.21,49.48,29.78,46.63
2026-02-04,12,10,2026-02-04 19:47:00,2,第69回近畿地区選手権競走,4,4472,尾嶋 一広,1,38,54.2,0,0,0.16,6.56,48.55,69.57,7.14,64.29,82.14,33.52,49.43,32.99,45.36
2026-02-04,12,10,2026-02-04 19:47:00,2,第69回近畿地区選手権競走,5,4502,遠藤 エミ,1,37,45,0,0,0.14,7.79,61.39,76.24,5.14,7.14,21.43,28.95,47.37,34.78,55.98
2026-02-04,12,10,2026-02-04 19:47:00,2,第69回近畿地区選手権競走,6,4397,西村 拓也,1,39,52,0,0,0.14,6.34,38.79,55.17,6.9,45.9,66.39,37.36,57.14,30.56,42.78
2026-02-04,12,11,2026-02-04 20:16:00,2,第69回近畿地区選手権競走,1,4013,中島 孝平,1,46,52,0,0,0.13,7.14,49.59,68.6,6.6,28.89,51.11,31.12,50,31.91,48.4
2026-02-04,12,11,2026-02-04 20:16:00,2,第69回近畿地区選手権競走,2,4278,藤岡 俊介,1,42,49.5,0,0,0.12,6.85,50,72.22,6.62,44.83,63.79,36.02,57.53,35.93,54.49
2026-02-04,12,11,2026-02-04 20:16:00,2,第69回近畿地区選手権競走,3,3721,守田 俊介,1,50,53.2,0,0,0.12,6.64,46.74,59.78,0,0,0,32.09,47.06,41.61,55.28
2026-02-04,12,11,2026-02-04 20:16:00,2,第69回近畿地区選手権競走,4,5017,澤田 尚也,1,27,52.4,0,0,0.13,6.58,48.42,58.95,6.22,44.44,44.44,37.23,52.66,39.38,54.38
2026-02-04,12,11,2026-02-04 20:16:00,2,第69回近畿地区選手権競走,5,4719,上條 暢嵩,1,32,52,0,0,0.13,7.42,45,65,7.83,63.12,76.6,40.91,55.68,32.57,50.29
2026-02-04,12,11,2026-02-04 20:16:00,2,第69回近畿地区選手権競走,6,4908,上田 龍星,1,30,52,1,0,0.14,6.83,48.51,64.36,6.21,39.8,63.27,38.17,52.69,37.71,53.14
2026-02-04,12,12,2026-02-04 20:45:00,2,第69回近畿地区選手権競走,1,4262,馬場 貴也,1,41,52.7,0,0,0.14,7.4,50.94,64.15,8.53,62.5,71.88,31.12,47.96,40.33,59.12
2026-02-04,12,12,2026-02-04 20:45:00,2,第69回近畿地区選手権競走,2,3415,松井 繁,1,56,51.5,0,0,0.14,6.67,32.99,58.76,7.08,50,70.59,28.95,48.42,36.11,55.56
2026-02-04,12,12,2026-02-04 20:45:00,2,第69回近畿地区選手権競走,3,3854,吉川 元浩,1,53,51.5,1,0,0.13,6.38,41.44,62.16,6.11,37.84,45.95,41.24,55.93,40.85,62.8
2026-02-04,12,12,2026-02-04 20:45:00,2,第69回近畿地区選手権競走,4,4168,石野 貴之,1,43,52,0,0,0.13,6.4,49.09,59.09,6.65,49.14,62.93,33.33,53.13,43.1,56.32
2026-02-04,12,12,2026-02-04 20:45:00,2,第69回近畿地区選手権競走,5,4061,萩原 秀人,1,46,53,0,0,0.13,6.74,41.23,65.79,6.49,37.25,60.78,34.43,53.55,30.69,46.56
2026-02-04,12,12,2026-02-04 20:45:00,2,第69回近畿地区選手権競走,6,4686,丸野 一樹,1,34,52.2,0,0,0.15,6.72,36.67,57.78,6.31,28.57,48.98,41.48,56.25,36.84,55.79
2026-02-04,14,1,2026-02-04 08:47:00,2,第69回四国地区選手権競走,1,5043,中村 日向,1,27,52,0,0,0.13,6.2,43.48,57.97,6.06,43.75,50,29.94,49.15,36.11,52.22
2026-02-04,14,1,2026-02-04 08:47:00,2,第69回四国地区選手権競走,2,4260,中越 博紀,2,41,52.5,1,0,0.16,5.92,43.36,58.41,6.04,38.46,61.54,37.08,54.49,36.17,54.79
2026-02-04,14,1,2026-02-04 08:47:00,2,第69回四国地区選手権競走,3,4583,古田 祐貴,2,36,52,0,0,0.14,5.88,36.5,58.39,5.85,30,65,37.85,55.93,29.7,56.97
2026-02-04,14,1,2026-02-04 08:47:00,2,第69回四国地区選手権競走,4,3333,丸尾 義孝,2,57,52,0,0,0.14,6.09,40.58,63.04,6.74,50,71.7,31.22,44.44,30.81,45.35
2026-02-04,14,1,2026-02-04 08:47:00,2,第69回四国地区選手権競走,5,4359,横川 聖志,2,41,55.8,0,0,0.13,5.52,41.11,54.44,6.22,44.76,66.67,39.31,56.65,39.41,50.59
2026-02-04,14,1,2026-02-04 08:47:00,2,第69回四国地区選手権競走,6,5136,濱野 斗馬,2,26,52.4,0,0,0.16,6.13,42.11,60.9,6.78,43.24,67.57,38.55,58.1,29.45,46.01
2026-02-04,14,2,2026-02-04 09:13:00,2,第69回四国地区選手権競走,1,3232,山川 美由紀,2,59,47,0,0,0.16,5.65,30.95,59.52,7.37,52.63,84.21,28.32,45.09,38.51,54.6
2026-02-04,14,2,2026-02-04 09:13:00,2,第69回四国地区選手権競走,2,5199,垂水 悠,3,23,54.8,0,0,0.14,5.19,27.85,50.63,5.09,30.71,50.39,40,56.97,30.51,46.89
2026-02-04,14,2,2026-02-04 09:13:00,2,第69回四国地区選手権競走,3,5224,西岡 顕心,1,24,52,0,0,0.15,7.06,51.82,72.26,5.68,42.11,57.89,28.73,48.62,36.63,55.81
2026-02-04,14,2,2026-02-04 09:13:00,2,第69回四国地区選手権競走,4,4733,赤井 睦,3,36,47.7,0,0,0.15,4.88,26.51,44.58,5.24,33.33,50.98,38.98,57.63,34.25,53.59
2026-02-04,14,2,2026-02-04 09:13:00,2,第69回四国地区選手権競走,5,4452,松尾 祭,2,38,52,0,0,0.17,5.84,40.52,57.76,6.51,48.65,64.86,30.06,39.88,32.95,45.09
2026-02-04,14,2,2026-02-04 09:13:00,2,第69回四国地区選手権競走,6,3611,岩崎 芳美,2,53,47,0,0,0.14,5.49,37.17,52.21,6.02,40,61.82,38.51,56.32,38.2,55.06
2026-02-04,14,3,2026-02-04 09:39:00,2,第69回四国地区選手権競走,1,4732,堀本 和也,1,36,53.9,0,0,0.11,6.29,46.04,63.31,6.06,41.74,60.87,29.41,52.94,36.11,53.33
2026-02-04,14,3,2026-02-04 09:39:00,2,第69回四国地区選手権競走,2,3849,中岡 正彦,1,48,51.5,1,0,0.12,7.62,65.44,80.15,6,47.62,57.14,44.51,57.8,30.77,49.7
2026-02-04,14,3,2026-02-04 09:39:00,2,第69回四国地区選手権競走,3,4030,森高 一真,1,47,50,0,0,0.14,6.3,33.33,53.19,7.08,41.67,66.67,36.05,52.33,40.91,58.52
2026-02-04,14,3,2026-02-04 09:39:00,2,第69回四国地区選手権競走,4,3470,新田 芳美,3,56,47.3,0,0,0.17,5.09,26.58,50.63,4.64,23.73,44.07,31.98,51.16,37.5,56.25
2026-02-04,14,3,2026-02-04 09:39:00,2,第69回四国地区選手権競走,5,5281,井上 遥妃,1,22,46.5,1,0,0.14,6.83,52.17,73.91,5.16,33.33,49.02,36.02,50,31.49,45.86
2026-02-04,14,3,2026-02-04 09:39:00,2,第69回四国地区選手権競走,6,3788,一宮 稔弘,2,54,52,0,0,0.12,5.8,42.5,57.5,6.82,52.63,69.74,42.86,60.71,27.81,43.85
2026-02-04,14,4,2026-02-04 10:05:00,2,第69回四国地区選手権競走,1,4596,葛原 大陽,1,42,52,0,0,0.14,6.48,46.09,71.3,6.38,47.79,66.18,35.26,50.53,34.09,52.84
2026-02-04,14,4,2026-02-04 10:05:00,2,第69回四国地区選手権競走,2,3907,村越 篤,2,47,52.9,0,0,0.17,5.54,38.79,57.76,5.09,18.18,63.64,34.59,51.89,34.64,54.75
2026-02-04,14,4,2026-02-04 10:05:00,2,第69回四国地区選手権競走,3,4383,竹田 吉行,2,40,52.3,0,0,0.16,5.69,37.86,58.25,5.91,39.69,58.02,33.95,54.94,36.26,49.71
2026-02-04,14,4,2026-02-04 10:05:00,2,第69回四国地区選手権競走,4,4714,喜多須 杏奈,3,35,48.6,1,0,0.17,5.05,29.52,49.52,5.3,31.82,57.58,38.8,58.47,38.98,56.5
2026-02-04,14,4,2026-02-04 10:05:00,2,第69回四国地区選手権競走,5,4812,西野 雄貴,1,36,52,0,0,0.13,7.07,57.81,71.88,7.24,59.78,69.57,30.81,47.57,32.14,47.02
2026-02-04,14,4,2026-02-04 10:05:00,2,第69回四国地区選手権競走,6,4348,宮崎 奨,2,40,52,0,0,0.16,5.98,39.52,62.9,6.25,45,72.5,40.35,54.97,34.24,48.37
2026-02-04,14,5,2026-02-04 10:34:00,2,第69回四国地区選手権競走,1,3743,林 美憲,1,51,52.2,0,0,0.15,6.5,51.18,66.14,6.64,50.26,67.88,34.09,48.86,32.93,52.69
2026-02-04,14,5,2026-02-04 10:34:00,2,第69回四国地区選手権競走,2,4772,石丸 海渡,1,32,57.6,0,0,0.11,6.7,51.82,72.73,8.43,57.14,100,30.64,48.55,38.76,54.49
2026-02-04,14,5,2026-02-04 10:34:00,2,第69回四国地区選手権競走,3,5136,濱野 斗馬,2,26,52.4,0,0,0.16,6.13,42.11,60.9,6.78,43.24,67.57,38.55,58.1,29.45,46.01
2026-02-04,14,5,2026-02-04 10:34:00,2,第69回四国地区選手権競走,4,4260,中越 博紀,2,41,52.5,1,0,0.16,5.92,43.36,58.41,6.04,38.46,61.54,37.08,54.49,36.17,54.79
2026-02-04,14,5,2026-02-04 10:34:00,2,第69回四国地区選手権競走,5,4704,河野 大,2,37,52,0,0,0.14,6.38,43.28,59.7,6.54,48.42,67.37,43.17,60.11,34.27,52.81
2026-02-04,14,5,2026-02-04 10:34:00,2,第69回四国地区選手権競走,6,5218,山田 理央,2,25,46.5,0,0,0.15,6.24,44.95,65.14,5.53,44.12,55.88,34.3,54.65,30.81,48.65
2026-02-04,14,6,2026-02-04 11:11:00,2,第69回四国地区選手権競走,1,4733,赤井 睦,3,36,47.7,0,0,0.15,4.88,26.51,44.58,5.24,33.33,50.98,38.98,57.63,34.25,53.59
2026-02-04,14,6,2026-02-04 11:11:00,2,第69回四国地区選手権競走,2,4642,松尾 夏海,1,34,46.5,0,0,0.16,6.09,44.66,58.25,6.76,51.72,68.97,28.33,43.33,30.23,51.74
2026-02-04,14,6,2026-02-04 11:11:00,2,第69回四国地区選手権競走,3,3908,重成 一人,1,47,54.3,1,0,0.14,7.01,52.48,65.25,5.5,22.22,44.44,35.14,50.81,33.14,49.14
2026-02-04,14,6,2026-02-04 11:11:00,2,第69回四国地区選手権競走,4,5199,垂水 悠,3,23,54.8,0,0,0.14,5.19,27.85,50.63,5.09,30.71,50.39,40,56.97,30.51,46.89
2026-02-04,14,6,2026-02-04 11:11:00,2,第69回四国地区選手権競走,5,4450,平高 奈菜,2,38,46,1,0,0.15,5.81,43.69,59.22,6.68,52.63,73.68,34.81,49.72,36.9,56.55
2026-02-04,14,6,2026-02-04 11:11:00,2,第69回四国地区選手権競走,6,4583,古田 祐貴,2,36,52,0,0,0.14,5.88,36.5,58.39,5.85,30,65,37.85,55.93,29.7,56.97
2026-02-04,14,7,2026-02-04 11:45:00,2,第69回四国地区選手権競走,1,3333,丸尾 義孝,2,57,52,0,0,0.14,6.09,40.58,63.04,6.74,50,71.7,31.22,44.44,30.81,45.35
2026-02-04,14,7,2026-02-04 11:45:00,2,第69回四国地区選手権競走,2,3470,新田 芳美,3,56,47.3,0,0,0.17,5.09,26.58,50.63,4.64,23.73,44.07,31.98,51.16,37.5,56.25
2026-02-04,14,7,2026-02-04 11:45:00,2,第69回四国地区選手権競走,3,4452,松尾 祭,2,38,52,0,0,0.17,5.84,40.52,57.76,6.51,48.65,64.86,30.06,39.88,32.95,45.09
2026-02-04,14,7,2026-02-04 11:45:00,2,第69回四国地区選手権競走,4,5043,中村 日向,1,27,52,0,0,0.13,6.2,43.48,57.97,6.06,43.75,50,29.94,49.15,36.11,52.22
2026-02-04,14,7,2026-02-04 11:45:00,2,第69回四国地区選手権競走,5,3841,佐々木 和伸,2,49,53.6,0,0,0.16,6.02,46.09,61.72,5.77,39.52,58.06,29.88,46.95,40.78,61.45
2026-02-04,14,7,2026-02-04 11:45:00,2,第69回四国地区選手権競走,6,4732,堀本 和也,1,36,53.9,0,0,0.11,6.29,46.04,63.31,6.06,41.74,60.87,29.41,52.94,36.11,53.33
2026-02-04,14,8,2026-02-04 12:15:00,2,第69回四国地区選手権競走,1,4714,喜多須 杏奈,3,35,48.6,1,0,0.17,5.05,29.52,49.52,5.3,31.82,57.58,38.8,58.47,38.98,56.5
2026-02-04,14,8,2026-02-04 12:15:00,2,第69回四国地区選手権競走,2,5281,井上 遥妃,1,22,46.5,1,0,0.14,6.83,52.17,73.91,5.16,33.33,49.02,36.02,50,31.49,45.86
2026-02-04,14,8,2026-02-04 12:15:00,2,第69回四国地区選手権競走,3,4359,横川 聖志,2,41,55.8,0,0,0.13,5.52,41.11,54.44,6.22,44.76,66.67,39.31,56.65,39.41,50.59
2026-02-04,14,8,2026-02-04 12:15:00,2,第69回四国地区選手権競走,4,3232,山川 美由紀,2,59,47,0,0,0.16,5.65,30.95,59.52,7.37,52.63,84.21,28.32,45.09,38.51,54.6
2026-02-04,14,8,2026-02-04 12:15:00,2,第69回四国地区選手権競走,5,3907,村越 篤,2,47,52.9,0,0,0.17,5.54,38.79,57.76,5.09,18.18,63.64,34.59,51.89,34.64,54.75
2026-02-04,14,8,2026-02-04 12:15:00,2,第69回四国地区選手権競走,6,4030,森高 一真,1,47,50,0,0,0.14,6.3,33.33,53.19,7.08,41.67,66.67,36.05,52.33,40.91,58.52
2026-02-04,14,9,2026-02-04 12:48:00,2,第69回四国地区選手権競走,1,5224,西岡 顕心,1,24,52,0,0,0.15,7.06,51.82,72.26,5.68,42.11,57.89,28.73,48.62,36.63,55.81
2026-02-04,14,9,2026-02-04 12:48:00,2,第69回四国地区選手権競走,2,4704,河野 大,2,37,52,0,0,0.14,6.38,43.28,59.7,6.54,48.42,67.37,43.17,60.11,34.27,52.81
2026-02-04,14,9,2026-02-04 12:48:00,2,第69回四国地区選手権競走,3,4596,葛原 大陽,1,42,52,0,0,0.14,6.48,46.09,71.3,6.38,47.79,66.18,35.26,50.53,34.09,52.84
2026-02-04,14,9,2026-02-04 12:48:00,2,第69回四国地区選手権競走,4,3849,中岡 正彦,1,48,51.5,1,0,0.12,7.62,65.44,80.15,6,47.62,57.14,44.51,57.8,30.77,49.7
2026-02-04,14,9,2026-02-04 12:48:00,2,第69回四国地区選手権競走,5,4383,竹田 吉行,2,40,52.3,0,0,0.16,5.69,37.86,58.25,5.91,39.69,58.02,33.95,54.94,36.26,49.71
2026-02-04,14,9,2026-02-04 12:48:00,2,第69回四国地区選手権競走,6,4772,石丸 海渡,1,32,57.6,0,0,0.11,6.7,51.82,72.73,8.43,57.14,100,30.64,48.55,38.76,54.49
2026-02-04,14,10,2026-02-04 13:20:00,2,第69回四国地区選手権競走,1,4571,菅 章哉,1,37,52.1,0,0,0.15,6.85,48.48,54.55,7.52,63.29,72.15,33.91,53.45,30.94,46.41
2026-02-04,14,10,2026-02-04 13:20:00,2,第69回四国地区選手権競走,2,4852,川原 祐明,1,31,52,0,0,0.15,6.71,48.85,71.76,5.9,40,60,33.9,51.98,31.67,48.89
2026-02-04,14,10,2026-02-04 13:20:00,2,第69回四国地区選手権競走,3,5278,田中 駿兵,1,23,52,0,0,0.14,6.82,56.06,72.73,6.32,45.3,64.96,38.67,50.28,37.43,50.88
2026-02-04,14,10,2026-02-04 13:20:00,2,第69回四国地区選手権競走,4,3837,秋山 広一,2,50,52.1,1,0,0.15,5.97,42.59,63.89,8.14,71.43,85.71,35.96,50.56,43.86,61.4
2026-02-04,14,10,2026-02-04 13:20:00,2,第69回四国地区選手権競走,5,4931,木谷 賢太,1,30,52.2,0,0,0.14,6.64,48.84,69.77,6.5,30,80,37.7,60.66,31.32,46.15
2026-02-04,14,10,2026-02-04 13:20:00,2,第69回四国地区選手権競走,6,5298,水谷 理人,2,23,51.5,1,0,0.15,6.67,46.97,75,2.88,25,25,27.98,48.21,35.84,49.13
2026-02-04,14,11,2026-02-04 13:53:00,2,第69回四国地区選手権競走,1,3541,三嶌 誠司,1,57,52.4,0,0,0.16,5.64,33.09,57.35,5.72,32.61,54.35,53.7,66.67,34.68,52.02
2026-02-04,14,11,2026-02-04 13:53:00,2,第69回四国地区選手権競走,2,5257,西丸 侑太朗,1,21,52.4,0,0,0.15,6.23,42.61,65.22,6.3,50,70,39.16,51.81,40.88,62.43
2026-02-04,14,11,2026-02-04 13:53:00,2,第69回四国地区選手権競走,3,4028,田村 隆信,1,47,54.1,0,0,0.15,6.2,41.13,54.84,6.37,45.05,57.66,27.13,45.74,32.14,56.55
2026-02-04,14,11,2026-02-04 13:53:00,2,第69回四国地区選手権競走,4,4739,中村 晃朋,1,34,51,1,0,0.14,6.61,46,66,7.28,58.49,71.7,44.44,56.14,32.39,51.14
2026-02-04,14,11,2026-02-04 13:53:00,2,第69回四国地区選手権競走,5,3304,烏野 賢太,2,58,52,0,0,0.17,6.19,47.58,62.1,6.08,40.83,60,31.33,48.19,33.9,54.8
2026-02-04,14,11,2026-02-04 13:53:00,2,第69回四国地区選手権競走,6,4437,中田 元泰,1,39,52.6,0,0,0.16,6.08,49.31,59.72,5.9,30,70,29.94,47.46,34.46,46.89
2026-02-04,14,12,2026-02-04 14:30:00,2,第69回四国地区選手権競走,1,4757,山田 祐也,1,36,52.1,0,0,0.13,6.48,43.85,64.62,7.15,56.69,72.44,38.89,48.77,34.68,52.02
2026-02-04,14,12,2026-02-04 14:30:00,2,第69回四国地区選手権競走,2,4459,片岡 雅裕,1,39,52.1,0,0,0.12,6.3,39.55,52.24,7.5,44.44,88.89,37.06,51.18,35.8,51.14
2026-02-04,14,12,2026-02-04 14:30:00,2,第69回四国地区選手権競走,3,4823,中村 桃佳,1,32,45,0,0,0.15,5.85,39.22,57.84,6,50,60,39.43,57.71,41.95,58.62
2026-02-04,14,12,2026-02-04 14:30:00,2,第69回四国地区選手権競走,4,4776,竹田 和哉,1,32,52.4,0,0,0.15,6.93,52.17,71.74,6.18,46.15,61.54,30.11,44.89,32.54,48.52
2026-02-04,14,12,2026-02-04 14:30:00,2,第69回四国地区選手権競走,5,4063,市橋 卓士,1,46,53.4,0,0,0.13,6.22,46.26,64.63,6.33,44.66,65.05,48.81,70.83,37.8,51.22
2026-02-04,14,12,2026-02-04 14:30:00,2,第69回四国地区選手権競走,6,4052,興津 藍,2,44,50,0,0,0.16,6.24,45.8,60.31,5.93,42.37,60.17,34.04,54.26,32.5,46.25
2026-02-04,15,1,2026-02-04 15:19:00,5,にっぽん未来プロジェクト競走inまるがめ,1,3704,本部 めぐみ,3,52,47.6,1,0,0.22,3.43,11.11,24.07,2.53,0,13.33,37.63,58.06,30.65,44.35
2026-02-04,15,1,2026-02-04 15:19:00,5,にっぽん未来プロジェクト競走inまるがめ,2,4103,山崎 善庸,3,46,53.1,0,0,0.23,3.97,17.14,31.43,4.4,35,35,22.22,45.68,32.28,51.18
2026-02-04,15,1,2026-02-04 15:19:00,5,にっぽん未来プロジェクト競走inまるがめ,3,4323,山田 佑樹,3,39,57.5,0,0,0.16,4.06,20,36.92,5.15,42.31,50,34.07,54.95,39.06,52.34
2026-02-04,15,1,2026-02-04 15:19:00,5,にっぽん未来プロジェクト競走inまるがめ,4,5027,重冨 勇哉,3,29,55,0,0,0.17,4.63,26.55,42.48,4.45,27.27,36.36,36.73,50,28.81,38.98
2026-02-04,15,1,2026-02-04 15:19:00,5,にっぽん未来プロジェクト競走inまるがめ,5,5398,鐘ヶ江 真司,3,24,52.1,0,0,0.18,2.62,3.03,19.7,0,0,0,42.86,47.25,28.23,42.74
2026-02-04,15,1,2026-02-04 15:19:00,5,にっぽん未来プロジェクト競走inまるがめ,6,3617,竹田 広樹,3,52,52.9,0,0,0.18,3.85,24.39,29.27,4.19,25,31.25,26.37,39.56,33.86,51.18
2026-02-04,15,2,2026-02-04 15:43:00,5,にっぽん未来プロジェクト競走inまるがめ,1,5013,山下 夏鈴,3,28,44.5,0,0,0.17,5.35,35.79,52.63,0,0,0,48.91,67.39,27.64,47.97
2026-02-04,15,2,2026-02-04 15:43:00,5,にっぽん未来プロジェクト競走inまるがめ,2,5251,沼田 七華,4,23,52.4,0,0,0.19,2.47,2.13,12.77,0,0,0,26.8,42.27,28.1,50.41
2026-02-04,15,2,2026-02-04 15:43:00,5,にっぽん未来プロジェクト競走inまるがめ,3,4588,田中 京介,2,34,54.7,0,0,0.15,5.69,38.21,56.91,3.11,11.11,33.33,28.87,43.3,31.5,49.61
2026-02-04,15,2,2026-02-04 15:43:00,5,にっぽん未来プロジェクト競走inまるがめ,4,4911,片岡 大地,3,29,52,0,0,0.14,5.37,27.14,55.71,4.33,0,50,27.27,40.91,26.45,37.19
2026-02-04,15,2,2026-02-04 15:43:00,5,にっぽん未来プロジェクト競走inまるがめ,5,4529,嶋 義信,3,37,54.3,0,0,0.15,6.08,36.67,65.56,5.29,33.33,46.38,22.22,40.28,28.8,49.6
2026-02-04,15,2,2026-02-04 15:43:00,5,にっぽん未来プロジェクト競走inまるがめ,6,3863,海老澤 泰行,3,51,55.2,1,0,0.18,4.56,23.46,40.74,3.67,0,33.33,29.59,46.94,30.65,47.58
2026-02-04,15,3,2026-02-04 16:07:00,5,にっぽん未来プロジェクト競走inまるがめ,1,4202,浮田 圭浩,3,43,54.8,0,0,0.18,4.43,24.47,38.3,4.91,18.18,54.55,22.35,38.82,15.7,31.4
2026-02-04,15,3,2026-02-04 16:07:00,5,にっぽん未来プロジェクト競走inまるがめ,2,4656,大崎 翔,3,38,53.2,0,0,0.14,5.7,39.13,52.17,4.75,18.75,43.75,44.09,58.06,42.74,59.68
2026-02-04,15,3,2026-02-04 16:07:00,5,にっぽん未来プロジェクト競走inまるがめ,3,4105,松下 直也,3,46,53.6,0,0,0.17,5.41,34.23,52.25,6.17,37.5,66.67,27.84,42.27,31.62,50.43
2026-02-04,15,3,2026-02-04 16:07:00,5,にっぽん未来プロジェクト競走inまるがめ,4,4695,尾崎 雄二,3,40,52.5,0,0,0.16,5.01,29.49,47.44,5.57,32.43,56.76,26.19,44.05,33.86,52.76
2026-02-04,15,3,2026-02-04 16:07:00,5,にっぽん未来プロジェクト競走inまるがめ,5,5387,戸田 海咲音,4,19,53.1,0,0,0.19,1.62,0,1.92,0,0,0,24.68,37.66,32.81,47.66
2026-02-04,15,3,2026-02-04 16:07:00,5,にっぽん未来プロジェクト競走inまるがめ,6,4009,小林 一樹,2,46,55.9,0,0,0.13,5.42,30.11,50.54,5.86,38.1,57.14,25.61,42.68,33.33,51.59
2026-02-04,15,4,2026-02-04 16:33:00,5,にっぽん未来プロジェクト競走inまるがめ,1,4631,新井 英孝,3,38,52,0,0,0.15,4.86,29.87,48.05,0,0,0,22.22,44.44,40.16,58.27
2026-02-04,15,4,2026-02-04 16:33:00,5,にっぽん未来プロジェクト競走inまるがめ,2,3627,井上 恵一,2,56,53.3,0,0,0.18,5.62,39.51,54.32,4.94,31.25,50,37.78,58.89,43.55,57.26
2026-02-04,15,4,2026-02-04 16:33:00,5,にっぽん未来プロジェクト競走inまるがめ,3,4473,藤堂 里香,2,38,45.5,1,0,0.17,4.83,34.48,46.55,0,0,0,35.48,58.06,35.61,55.3
2026-02-04,15,4,2026-02-04 16:33:00,5,にっぽん未来プロジェクト競走inまるがめ,4,5037,田頭 虎親,3,27,52,0,0,0.19,4.97,30.65,51.61,5.82,40.57,58.49,35.71,48.98,27.64,42.28
2026-02-04,15,4,2026-02-04 16:33:00,5,にっぽん未来プロジェクト競走inまるがめ,5,3663,木山 和幸,2,56,51,0,0,0.16,5.3,33.67,55.1,5.29,35.29,58.82,53.93,67.42,28.69,53.28
2026-02-04,15,4,2026-02-04 16:33:00,5,にっぽん未来プロジェクト競走inまるがめ,6,5426,甲斐 貴大,4,23,53.4,0,0,,1.12,0,0,0,0,0,30.43,39.13,31.45,41.94
2026-02-04,15,5,2026-02-04 17:01:00,5,にっぽん未来プロジェクト競走inまるがめ,1,4271,川崎 公靖,3,43,52,0,0,0.16,5.28,34.38,56.25,4.73,26.67,46.67,23.17,50,38.66,57.14
2026-02-04,15,5,2026-02-04 17:01:00,5,にっぽん未来プロジェクト競走inまるがめ,2,3381,滝沢 芳行,3,57,52.1,0,0,0.15,5.16,33.33,45.68,4.56,22.22,33.33,41.67,60.42,39.39,54.55
2026-02-04,15,5,2026-02-04 17:01:00,5,にっぽん未来プロジェクト競走inまるがめ,3,4934,佐々木 翔斗,2,29,53.3,0,0,0.15,5.97,42.73,64.55,5.47,31.58,47.37,20.73,35.37,38.17,53.44
2026-02-04,15,5,2026-02-04 17:01:00,5,にっぽん未来プロジェクト競走inまるがめ,4,3988,古川 誠之,2,47,54.8,0,0,0.15,5.61,38.1,57.14,5.76,42.86,52.38,56.18,73.03,39.23,63.85
2026-02-04,15,5,2026-02-04 17:01:00,5,にっぽん未来プロジェクト競走inまるがめ,5,5409,宮本 琉正,4,20,53.2,0,0,0.17,1.59,0,3.13,0.88,0,0,27.84,42.27,40.91,57.58
2026-02-04,15,5,2026-02-04 17:01:00,5,にっぽん未来プロジェクト競走inまるがめ,6,4314,青木 幸太郎,2,41,52,0,0,0.14,6.14,45.92,63.27,5.73,54.55,63.64,27.16,45.68,28.57,40.48
2026-02-04,15,6,2026-02-04 17:28:00,5,にっぽん未来プロジェクト競走inまるがめ,1,3412,鈴木 博,2,56,52.5,0,0,0.16,6.34,45.38,67.23,5.54,37.14,54.29,38.14,56.7,36.92,52.31
2026-02-04,15,6,2026-02-04 17:28:00,5,にっぽん未来プロジェクト競走inまるがめ,2,3704,本部 めぐみ,3,52,47.6,1,0,0.22,3.43,11.11,24.07,2.53,0,13.33,37.63,58.06,30.65,44.35
2026-02-04,15,6,2026-02-04 17:28:00,5,にっぽん未来プロジェクト競走inまるがめ,3,4220,深川 和仁,3,44,52.2,0,0,0.17,4.92,30.56,43.06,4.92,32.91,45.57,23.38,31.17,25.62,42.15
2026-02-04,15,6,2026-02-04 17:28:00,5,にっぽん未来プロジェクト競走inまるがめ,4,3921,川村 正輝,3,51,51,0,0,0.2,3.85,16.44,32.88,3.44,11.11,22.22,37.74,61.32,21.85,37.82
2026-02-04,15,6,2026-02-04 17:28:00,5,にっぽん未来プロジェクト競走inまるがめ,5,3833,中辻 博訓,1,51,52.3,0,0,0.13,6.76,55.26,68.42,6.18,44.12,67.65,31.52,44.57,32.03,47.66
2026-02-04,15,6,2026-02-04 17:28:00,5,にっぽん未来プロジェクト競走inまるがめ,6,3915,繁野谷 圭介,2,51,52,0,0,0.17,6.02,39.05,64.76,5.6,40,40,24.73,37.63,43.94,61.36
2026-02-04,15,7,2026-02-04 17:55:00,5,にっぽん未来プロジェクト競走inまるがめ,1,3349,吉田 一郎,2,58,52,0,0,0.16,5.8,36.44,53.39,6.67,33.33,66.67,44.68,65.96,40.15,56.82
2026-02-04,15,7,2026-02-04 17:55:00,5,にっぽん未来プロジェクト競走inまるがめ,2,4462,夏山 亮平,3,39,56,0,0,0.15,5.04,29.33,48,4.29,28.57,28.57,36.56,46.24,41.73,58.27
2026-02-04,15,7,2026-02-04 17:55:00,5,にっぽん未来プロジェクト競走inまるがめ,3,5013,山下 夏鈴,3,28,44.5,0,0,0.17,5.35,35.79,52.63,0,0,0,48.91,67.39,27.64,47.97
2026-02-04,15,7,2026-02-04 17:55:00,5,にっぽん未来プロジェクト競走inまるがめ,4,4873,蒲原 健太,2,32,52.1,0,0,0.18,4.95,27.59,48.28,5.59,37.93,58.62,50,64.77,30.65,50
2026-02-04,15,7,2026-02-04 17:55:00,5,にっぽん未来プロジェクト競走inまるがめ,5,4276,鈴木 勝博,2,42,52.1,0,0,0.15,5.53,38.24,50.98,7.53,58.82,76.47,24.14,34.48,27.64,47.97
2026-02-04,15,7,2026-02-04 17:55:00,5,にっぽん未来プロジェクト競走inまるがめ,6,5027,重冨 勇哉,3,29,55,0,0,0.17,4.63,26.55,42.48,4.45,27.27,36.36,36.73,50,28.81,38.98
2026-02-04,15,8,2026-02-04 18:23:00,5,にっぽん未来プロジェクト競走inまるがめ,1,3951,石川 吉鎬,2,49,55.9,1,0,0.18,5.34,30.53,50.53,5.45,40,65,19.28,34.94,37.59,57.89
2026-02-04,15,8,2026-02-04 18:23:00,5,にっぽん未来プロジェクト競走inまるがめ,2,3876,中辻 崇人,1,48,53.2,0,0,0.13,7.48,64.71,76.47,7.46,65.22,80.43,40.43,54.26,27.42,44.35
2026-02-04,15,8,2026-02-04 18:23:00,5,にっぽん未来プロジェクト競走inまるがめ,3,4103,山崎 善庸,3,46,53.1,0,0,0.23,3.97,17.14,31.43,4.4,35,35,22.22,45.68,32.28,51.18
2026-02-04,15,8,2026-02-04 18:23:00,5,にっぽん未来プロジェクト競走inまるがめ,4,4401,小林 泰,2,41,53.4,0,0,0.14,5.3,34.41,48.39,4.3,20,40,24.18,38.46,25.6,50.4
2026-02-04,15,8,2026-02-04 18:23:00,5,にっぽん未来プロジェクト競走inまるがめ,5,5251,沼田 七華,4,23,52.4,0,0,0.19,2.47,2.13,12.77,0,0,0,26.8,42.27,28.1,50.41
2026-02-04,15,8,2026-02-04 18:23:00,5,にっぽん未来プロジェクト競走inまるがめ,6,5387,戸田 海咲音,4,19,53.1,0,0,0.19,1.62,0,1.92,0,0,0,24.68,37.66,32.81,47.66
2026-02-04,15,9,2026-02-04 18:54:00,5,にっぽん未来プロジェクト競走inまるがめ,1,3663,木山 和幸,2,56,51,0,0,0.16,5.3,33.67,55.1,5.29,35.29,58.82,53.93,67.42,28.69,53.28
2026-02-04,15,9,2026-02-04 18:54:00,5,にっぽん未来プロジェクト競走inまるがめ,2,4588,田中 京介,2,34,54.7,0,0,0.15,5.69,38.21,56.91,3.11,11.11,33.33,28.87,43.3,31.5,49.61
2026-02-04,15,9,2026-02-04 18:54:00,5,にっぽん未来プロジェクト競走inまるがめ,3,3617,竹田 広樹,3,52,52.9,0,0,0.18,3.85,24.39,29.27,4.19,25,31.25,26.37,39.56,33.86,51.18
2026-02-04,15,9,2026-02-04 18:54:00,5,にっぽん未来プロジェクト競走inまるがめ,4,4117,廣中 智紗衣,1,44,46,1,0,0.2,5.9,40.24,65.85,6.71,57.14,76.19,19.28,39.76,38.76,52.71
2026-02-04,15,9,2026-02-04 18:54:00,5,にっぽん未来プロジェクト競走inまるがめ,5,4105,松下 直也,3,46,53.6,0,0,0.17,5.41,34.23,52.25,6.17,37.5,66.67,27.84,42.27,31.62,50.43
2026-02-04,15,9,2026-02-04 18:54:00,5,にっぽん未来プロジェクト競走inまるがめ,6,5409,宮本 琉正,4,20,53.2,0,0,0.17,1.59,0,3.13,0.88,0,0,27.84,42.27,40.91,57.58
2026-02-04,15,10,2026-02-04 19:25:00,5,にっぽん未来プロジェクト競走inまるがめ,1,4934,佐々木 翔斗,2,29,53.3,0,0,0.15,5.97,42.73,64.55,5.47,31.58,47.37,20.73,35.37,38.17,53.44
2026-02-04,15,10,2026-02-04 19:25:00,5,にっぽん未来プロジェクト競走inまるがめ,2,4695,尾崎 雄二,3,40,52.5,0,0,0.16,5.01,29.49,47.44,5.57,32.43,56.76,26.19,44.05,33.86,52.76
2026-02-04,15,10,2026-02-04 19:25:00,5,にっぽん未来プロジェクト競走inまるがめ,3,3833,中辻 博訓,1,51,52.3,0,0,0.13,6.76,55.26,68.42,6.18,44.12,67.65,31.52,44.57,32.03,47.66
2026-02-04,15,10,2026-02-04 19:25:00,5,にっぽん未来プロジェクト競走inまるがめ,4,5398,鐘ヶ江 真司,3,24,52.1,0,0,0.18,2.62,3.03,19.7,0,0,0,42.86,47.25,28.23,42.74
2026-02-04,15,10,2026-02-04 19:25:00,5,にっぽん未来プロジェクト競走inまるがめ,5,5037,田頭 虎親,3,27,52,0,0,0.19,4.97,30.65,51.61,5.82,40.57,58.49,35.71,48.98,27.64,42.28
2026-02-04,15,10,2026-02-04 19:25:00,5,にっぽん未来プロジェクト競走inまるがめ,6,4627,藤原 菜希,2,39,47,0,0,0.15,5.9,41.58,62.38,6.57,47.62,71.43,47.78,65.56,34.88,48.84
2026-02-04,15,11,2026-02-04 19:58:00,5,にっぽん未来プロジェクト競走inまるがめ,1,4276,鈴木 勝博,2,42,52.1,0,0,0.15,5.53,38.24,50.98,7.53,58.82,76.47,24.14,34.48,27.64,47.97
2026-02-04,15,11,2026-02-04 19:58:00,5,にっぽん未来プロジェクト競走inまるがめ,2,4314,青木 幸太郎,2,41,52,0,0,0.14,6.14,45.92,63.27,5.73,54.55,63.64,27.16,45.68,28.57,40.48
2026-02-04,15,11,2026-02-04 19:58:00,5,にっぽん未来プロジェクト競走inまるがめ,3,3915,繁野谷 圭介,2,51,52,0,0,0.17,6.02,39.05,64.76,5.6,40,40,24.73,37.63,43.94,61.36
2026-02-04,15,11,2026-02-04 19:58:00,5,にっぽん未来プロジェクト競走inまるがめ,4,4656,大崎 翔,3,38,53.2,0,0,0.14,5.7,39.13,52.17,4.75,18.75,43.75,44.09,58.06,42.74,59.68
2026-02-04,15,11,2026-02-04 19:58:00,5,にっぽん未来プロジェクト競走inまるがめ,5,4473,藤堂 里香,2,38,45.5,1,0,0.17,4.83,34.48,46.55,0,0,0,35.48,58.06,35.61,55.3
2026-02-04,15,11,2026-02-04 19:58:00,5,にっぽん未来プロジェクト競走inまるがめ,6,4911,片岡 大地,3,29,52,0,0,0.14,5.37,27.14,55.71,4.33,0,50,27.27,40.91,26.45,37.19
2026-02-04,15,12,2026-02-04 20:30:00,5,にっぽん未来プロジェクト競走inまるがめ,1,3876,中辻 崇人,1,48,53.2,0,0,0.13,7.48,64.71,76.47,7.46,65.22,80.43,40.43,54.26,27.42,44.35
2026-02-04,15,12,2026-02-04 20:30:00,5,にっぽん未来プロジェクト競走inまるがめ,2,3349,吉田 一郎,2,58,52,0,0,0.16,5.8,36.44,53.39,6.67,33.33,66.67,44.68,65.96,40.15,56.82
2026-02-04,15,12,2026-02-04 20:30:00,5,にっぽん未来プロジェクト競走inまるがめ,3,3412,鈴木 博,2,56,52.5,0,0,0.16,6.34,45.38,67.23,5.54,37.14,54.29,38.14,56.7,36.92,52.31
2026-02-04,15,12,2026-02-04 20:30:00,5,にっぽん未来プロジェクト競走inまるがめ,4,3627,井上 恵一,2,56,53.3,0,0,0.18,5.62,39.51,54.32,4.94,31.25,50,37.78,58.89,43.55,57.26
2026-02-04,15,12,2026-02-04 20:30:00,5,にっぽん未来プロジェクト競走inまるがめ,5,4202,浮田 圭浩,3,43,54.8,0,0,0.18,4.43,24.47,38.3,4.91,18.18,54.55,22.35,38.82,15.7,31.4
2026-02-04,15,12,2026-02-04 20:30:00,5,にっぽん未来プロジェクト競走inまるがめ,6,3988,古川 誠之,2,47,54.8,0,0,0.15,5.61,38.1,57.14,5.76,42.86,52.38,56.18,73.03,39.23,63.85
2026-02-04,17,1,2026-02-04 10:17:00,5,第15回やまだ屋「桐葉菓」杯,1,4215,吉島 祥之,2,41,53,0,0,0.15,6.03,40.17,60.68,7.09,54.55,72.73,33.77,46.75,24.62,35.38
2026-02-04,17,1,2026-02-04 10:17:00,5,第15回やまだ屋「桐葉菓」杯,2,4416,三宅 健太,3,39,52.9,0,0,0.17,5.14,28.41,50,5.24,32.35,52.94,24.68,40.26,36.36,44.16
2026-02-04,17,1,2026-02-04 10:17:00,5,第15回やまだ屋「桐葉菓」杯,3,3828,明石 正之,3,52,52,0,0,0.17,5.04,29.11,45.57,5.3,35.14,45.95,20.83,36.11,40,52.94
2026-02-04,17,1,2026-02-04 10:17:00,5,第15回やまだ屋「桐葉菓」杯,4,4393,田中 孝明,3,39,57.1,0,0,0.19,4.47,18.92,36.49,3.2,0,20,38.75,48.75,34.94,48.19
2026-02-04,17,1,2026-02-04 10:17:00,5,第15回やまだ屋「桐葉菓」杯,5,3950,石川 哲秀,3,49,55.6,0,0,0.16,3.56,14.06,29.69,4.64,28.57,50,51.9,68.35,31.76,54.12
2026-02-04,17,1,2026-02-04 10:17:00,5,第15回やまだ屋「桐葉菓」杯,6,5180,藤本 紗弥香,4,28,46,0,0,0.18,2.57,10.71,17.86,5.13,50,50,45.33,58.67,23.61,34.72
2026-02-04,17,2,2026-02-04 10:42:00,5,第15回やまだ屋「桐葉菓」杯,1,4533,峰重 侑治,4,37,50.5,0,0,0.17,5.12,29.85,41.79,6.23,46.67,70,28.13,45.31,32.53,44.58
2026-02-04,17,2,2026-02-04 10:42:00,5,第15回やまだ屋「桐葉菓」杯,2,3293,宮内 由紀英,3,60,51.5,0,0,0.2,4.15,18.06,40.28,3,0,14.29,40.79,59.21,38.67,52
2026-02-04,17,2,2026-02-04 10:42:00,5,第15回やまだ屋「桐葉菓」杯,3,4017,向井 美鈴,2,46,45.5,0,0,0.17,5.14,32.89,46.05,5.32,36.84,52.63,38.16,57.89,42.86,60
2026-02-04,17,2,2026-02-04 10:42:00,5,第15回やまだ屋「桐葉菓」杯,4,5022,伊藤 尚汰,3,31,50,1,0,0.16,3.68,16.98,26.42,5.33,33.33,44.44,55,70,31.4,48.84
2026-02-04,17,2,2026-02-04 10:42:00,5,第15回やまだ屋「桐葉菓」杯,5,4363,大野 芳顕,2,40,53.3,0,0,0.15,5.84,36.21,60.34,6.44,44.44,66.67,31.58,43.42,49.37,63.29
2026-02-04,17,2,2026-02-04 10:42:00,5,第15回やまだ屋「桐葉菓」杯,6,3973,崎 利仁,3,49,53.5,0,0,0.19,4.51,18.89,40,3.31,12.5,25,31.17,42.86,38.37,56.98
2026-02-04,17,3,2026-02-04 11:06:00,5,第15回やまだ屋「桐葉菓」杯,1,3930,岸本 隆,3,49,55.1,0,0,0.15,5.5,33.01,56.31,4.15,26.92,34.62,39.76,55.42,28,52
2026-02-04,17,3,2026-02-04 11:06:00,5,第15回やまだ屋「桐葉菓」杯,2,4987,島倉 都,3,28,48.8,0,0,0.17,4.35,21.33,38.67,4.44,33.33,33.33,43.37,57.83,31.17,41.56
2026-02-04,17,3,2026-02-04 11:06:00,5,第15回やまだ屋「桐葉菓」杯,3,4076,杉田 篤光,2,47,52.1,0,0,0.2,5.49,33.96,54.72,6,50,60,36.36,54.55,31.82,51.14
2026-02-04,17,3,2026-02-04 11:06:00,5,第15回やまだ屋「桐葉菓」杯,4,4957,竹之内 極,3,30,53.9,0,0,0.17,4.88,27.37,46.32,6.11,55.56,66.67,33.33,58.67,31.76,48.24
2026-02-04,17,3,2026-02-04 11:06:00,5,第15回やまだ屋「桐葉菓」杯,5,5375,庄島 潤成,4,22,54.5,0,0,0.22,2.08,0,4.62,0,0,0,37.5,48.75,24.29,37.14
2026-02-04,17,3,2026-02-04 11:06:00,5,第15回やまだ屋「桐葉菓」杯,6,4319,三宅 潤,2,40,53,1,0,0.17,5.73,41.07,57.14,6.3,45,65,34.62,51.28,41.67,56.94
2026-02-04,17,4,2026-02-04 11:35:00,5,第15回やまだ屋「桐葉菓」杯,1,4229,市川 美宏,3,42,53.3,0,0,0.18,3.91,16.67,30.3,5,22.22,55.56,22.22,44.44,21.54,44.62
2026-02-04,17,4,2026-02-04 11:35:00,5,第15回やまだ屋「桐葉菓」杯,2,3874,山本 寛久,1,49,52.4,1,0,0.15,6.08,45.83,65.28,6.31,44.83,58.62,32.91,53.16,36.14,56.63
2026-02-04,17,4,2026-02-04 11:35:00,5,第15回やまだ屋「桐葉菓」杯,3,4027,松江 秀徳,3,48,52,0,0,0.16,5.26,29.07,50,5.26,36.84,42.11,33.78,48.65,35.44,49.37
2026-02-04,17,4,2026-02-04 11:35:00,5,第15回やまだ屋「桐葉菓」杯,4,3406,中里 英夫,2,57,52.7,1,0,0.17,5.75,36.45,59.81,0,0,0,21.54,33.85,33.33,58.73
2026-02-04,17,4,2026-02-04 11:35:00,5,第15回やまだ屋「桐葉菓」杯,5,4059,入澤 友治,2,46,52,0,0,0.15,5.45,39.77,54.55,4.78,32.5,42.5,23.29,42.47,24.32,44.59
2026-02-04,17,4,2026-02-04 11:35:00,5,第15回やまだ屋「桐葉菓」杯,6,5391,出穂 和鼓,4,18,52.4,1,0,0.16,1.9,2.5,2.5,1.12,0,0,25.71,44.29,27.59,49.43
2026-02-04,17,5,2026-02-04 12:05:00,5,第15回やまだ屋「桐葉菓」杯,1,4372,原田 佑実,2,38,46.5,0,0,0.17,5.38,32.39,54.93,5,44.44,55.56,33.33,53.62,38.16,56.58
2026-02-04,17,5,2026-02-04 12:05:00,5,第15回やまだ屋「桐葉菓」杯,2,3233,小畑 実成,3,59,53.1,0,0,0.17,4.54,17.07,43.9,4.95,25.64,48.72,35.06,57.14,32.35,48.53
2026-02-04,17,5,2026-02-04 12:05:00,5,第15回やまだ屋「桐葉菓」杯,3,3459,中野 和裕,3,59,53.7,1,0,0.17,3.59,11.48,24.59,3.17,5.56,22.22,35.9,51.28,35.37,45.12
2026-02-04,17,5,2026-02-04 12:05:00,5,第15回やまだ屋「桐葉菓」杯,4,3867,松浦 勝,3,50,54.5,0,0,0.16,4.09,20.45,34.09,5.22,33.33,44.44,31.58,43.42,43.02,60.47
2026-02-04,17,5,2026-02-04 12:05:00,5,第15回やまだ屋「桐葉菓」杯,5,5092,篠原 晟弥,2,25,52,0,0,0.12,6.18,44.94,64.04,5.5,30,60,43.24,52.7,36.9,64.29
2026-02-04,17,5,2026-02-04 12:05:00,5,第15回やまだ屋「桐葉菓」杯,6,5000,岡本 翔太郎,3,31,52,0,0,0.13,4.52,23.38,38.96,5.04,30.77,42.31,36.36,50.65,21.62,36.49
2026-02-04,17,6,2026-02-04 12:33:00,5,第15回やまだ屋「桐葉菓」杯,1,4189,川上 剛,2,44,52,0,0,0.15,6.59,48.41,69.05,5.1,30,52.5,33.78,52.7,22.39,37.31
2026-02-04,17,6,2026-02-04 12:33:00,5,第15回やまだ屋「桐葉菓」杯,2,3950,石川 哲秀,3,49,55.6,0,0,0.16,3.56,14.06,29.69,4.64,28.57,50,51.9,68.35,31.76,54.12
2026-02-04,17,6,2026-02-04 12:33:00,5,第15回やまだ屋「桐葉菓」杯,3,3528,笠野 友紀恵,3,54,46.5,0,0,0.19,4.16,16.13,35.48,2.5,0,10,24.29,41.43,38.89,55.56
2026-02-04,17,6,2026-02-04 12:33:00,5,第15回やまだ屋「桐葉菓」杯,4,4241,大串 重幸,2,41,52.1,0,0,0.15,5.43,39.18,55.67,6.5,40,70,39.73,58.9,35.82,58.21
2026-02-04,17,6,2026-02-04 12:33:00,5,第15回やまだ屋「桐葉菓」杯,5,4226,村田 浩司,3,43,54,0,0,0.17,4.84,29.63,43.21,5.33,33.33,66.67,38.96,62.34,30.43,46.38
2026-02-04,17,6,2026-02-04 12:33:00,5,第15回やまだ屋「桐葉菓」杯,6,5060,数原 魁,3,28,52,0,0,0.17,5.47,36.54,56.73,6.28,44.44,66.67,45,67.5,39.24,56.96
2026-02-04,17,7,2026-02-04 12:57:00,5,第15回やまだ屋「桐葉菓」杯,1,3742,宮地 秀祈,3,51,52,0,0,0.18,4.45,23.88,43.28,4.21,14.29,42.86,30.88,51.47,33.33,55.07
2026-02-04,17,7,2026-02-04 12:57:00,5,第15回やまだ屋「桐葉菓」杯,2,5180,藤本 紗弥香,4,28,46,0,0,0.18,2.57,10.71,17.86,5.13,50,50,45.33,58.67,23.61,34.72
2026-02-04,17,7,2026-02-04 12:57:00,5,第15回やまだ屋「桐葉菓」杯,3,3973,崎 利仁,3,49,53.5,0,0,0.19,4.51,18.89,40,3.31,12.5,25,31.17,42.86,38.37,56.98
2026-02-04,17,7,2026-02-04 12:57:00,5,第15回やまだ屋「桐葉菓」杯,4,3641,一瀬 明,2,54,52,0,0,0.16,6.08,42.15,58.68,7,60,60,25,48.61,37.21,60.47
2026-02-04,17,7,2026-02-04 12:57:00,5,第15回やまだ屋「桐葉菓」杯,5,4697,國弘 翔平,3,39,49,0,0,0.18,4.08,22.37,31.58,4.07,29.63,37.04,31.51,43.84,21.62,39.19
2026-02-04,17,7,2026-02-04 12:57:00,5,第15回やまだ屋「桐葉菓」杯,6,3811,石田 章央,2,50,54.2,0,0,0.15,5.78,46.32,54.74,6.52,47.62,66.67,41.77,58.23,36.51,61.9
2026-02-04,17,8,2026-02-04 13:26:00,5,第15回やまだ屋「桐葉菓」杯,1,3282,池本 輝明,3,58,51.5,0,0,0.2,4,13.16,32.89,4.69,24.69,41.98,39.73,57.53,35.23,57.95
2026-02-04,17,8,2026-02-04 13:26:00,5,第15回やまだ屋「桐葉菓」杯,2,4705,吉川 勇作,3,37,54.5,0,0,0.16,4.08,26.15,33.85,4.26,36.84,36.84,31.34,49.25,28.57,35.71
2026-02-04,17,8,2026-02-04 13:26:00,5,第15回やまだ屋「桐葉菓」杯,3,4416,三宅 健太,3,39,52.9,0,0,0.17,5.14,28.41,50,5.24,32.35,52.94,24.68,40.26,36.36,44.16
2026-02-04,17,8,2026-02-04 13:26:00,5,第15回やまだ屋「桐葉菓」杯,4,5375,庄島 潤成,4,22,54.5,0,0,0.22,2.08,0,4.62,0,0,0,37.5,48.75,24.29,37.14
2026-02-04,17,8,2026-02-04 13:26:00,5,第15回やまだ屋「桐葉菓」杯,5,5320,岩崎 麗子,3,24,49,0,0,0.17,2.85,8.33,15,2.33,11.11,11.11,18.33,38.33,21.67,41.67
2026-02-04,17,8,2026-02-04 13:26:00,5,第15回やまだ屋「桐葉菓」杯,6,3293,宮内 由紀英,3,60,51.5,0,0,0.2,4.15,18.06,40.28,3,0,14.29,40.79,59.21,38.67,52
2026-02-04,17,9,2026-02-04 13:51:00,5,第15回やまだ屋「桐葉菓」杯,1,5325,澁川 夏,3,22,52,1,0,0.16,4.3,16.33,34.69,4,33.33,33.33,30.38,43.04,35.63,52.87
2026-02-04,17,9,2026-02-04 13:51:00,5,第15回やまだ屋「桐葉菓」杯,2,4771,下寺 秀和,1,32,53.6,0,0,0.15,6.65,50.52,63.92,6.7,49.07,71.3,17.46,28.57,28.36,52.24
2026-02-04,17,9,2026-02-04 13:51:00,5,第15回やまだ屋「桐葉菓」杯,3,4533,峰重 侑治,4,37,50.5,0,0,0.17,5.12,29.85,41.79,6.23,46.67,70,28.13,45.31,32.53,44.58
2026-02-04,17,9,2026-02-04 13:51:00,5,第15回やまだ屋「桐葉菓」杯,4,4987,島倉 都,3,28,48.8,0,0,0.17,4.35,21.33,38.67,4.44,33.33,33.33,43.37,57.83,31.17,41.56
2026-02-04,17,9,2026-02-04 13:51:00,5,第15回やまだ屋「桐葉菓」杯,5,3406,中里 英夫,2,57,52.7,1,0,0.17,5.75,36.45,59.81,0,0,0,21.54,33.85,33.33,58.73
2026-02-04,17,9,2026-02-04 13:51:00,5,第15回やまだ屋「桐葉菓」杯,6,4393,田中 孝明,3,39,57.1,0,0,0.19,4.47,18.92,36.49,3.2,0,20,38.75,48.75,34.94,48.19
2026-02-04,17,10,2026-02-04 14:26:00,5,第15回やまだ屋「桐葉菓」杯,1,3867,松浦 勝,3,50,54.5,0,0,0.16,4.09,20.45,34.09,5.22,33.33,44.44,31.58,43.42,43.02,60.47
2026-02-04,17,10,2026-02-04 14:26:00,5,第15回やまだ屋「桐葉菓」杯,2,4286,平田 さやか,2,41,48.7,0,0,0.15,5.5,32.17,52.17,5.39,38.89,44.44,37.33,53.33,41.89,58.11
2026-02-04,17,10,2026-02-04 14:26:00,5,第15回やまだ屋「桐葉菓」杯,3,4363,大野 芳顕,2,40,53.3,0,0,0.15,5.84,36.21,60.34,6.44,44.44,66.67,31.58,43.42,49.37,63.29
2026-02-04,17,10,2026-02-04 14:26:00,5,第15回やまだ屋「桐葉菓」杯,4,3828,明石 正之,3,52,52,0,0,0.17,5.04,29.11,45.57,5.3,35.14,45.95,20.83,36.11,40,52.94
2026-02-04,17,10,2026-02-04 14:26:00,5,第15回やまだ屋「桐葉菓」杯,5,3930,岸本 隆,3,49,55.1,0,0,0.15,5.5,33.01,56.31,4.15,26.92,34.62,39.76,55.42,28,52
2026-02-04,17,10,2026-02-04 14:26:00,5,第15回やまだ屋「桐葉菓」杯,6,4027,松江 秀徳,3,48,52,0,0,0.16,5.26,29.07,50,5.26,36.84,42.11,33.78,48.65,35.44,49.37
2026-02-04,17,11,2026-02-04 15:01:00,5,第15回やまだ屋「桐葉菓」杯,1,5092,篠原 晟弥,2,25,52,0,0,0.12,6.18,44.94,64.04,5.5,30,60,43.24,52.7,36.9,64.29
2026-02-04,17,11,2026-02-04 15:01:00,5,第15回やまだ屋「桐葉菓」杯,2,4215,吉島 祥之,2,41,53,0,0,0.15,6.03,40.17,60.68,7.09,54.55,72.73,33.77,46.75,24.62,35.38
2026-02-04,17,11,2026-02-04 15:01:00,5,第15回やまだ屋「桐葉菓」杯,3,4319,三宅 潤,2,40,53,1,0,0.17,5.73,41.07,57.14,6.3,45,65,34.62,51.28,41.67,56.94
2026-02-04,17,11,2026-02-04 15:01:00,5,第15回やまだ屋「桐葉菓」杯,4,4229,市川 美宏,3,42,53.3,0,0,0.18,3.91,16.67,30.3,5,22.22,55.56,22.22,44.44,21.54,44.62
2026-02-04,17,11,2026-02-04 15:01:00,5,第15回やまだ屋「桐葉菓」杯,5,4017,向井 美鈴,2,46,45.5,0,0,0.17,5.14,32.89,46.05,5.32,36.84,52.63,38.16,57.89,42.86,60
2026-02-04,17,11,2026-02-04 15:01:00,5,第15回やまだ屋「桐葉菓」杯,6,4241,大串 重幸,2,41,52.1,0,0,0.15,5.43,39.18,55.67,6.5,40,70,39.73,58.9,35.82,58.21
2026-02-04,17,12,2026-02-04 15:37:00,5,第15回やまだ屋「桐葉菓」杯,1,3641,一瀬 明,2,54,51,0,0,0.16,6.08,42.15,58.68,7,60,60,25,48.61,37.21,60.47
2026-02-04,17,12,2026-02-04 15:37:00,5,第15回やまだ屋「桐葉菓」杯,2,4372,原田 佑実,2,38,46.5,0,0,0.17,5.38,32.39,54.93,5,44.44,55.56,33.33,53.62,38.16,56.58
2026-02-04,17,12,2026-02-04 15:37:00,5,第15回やまだ屋「桐葉菓」杯,3,3874,山本 寛久,1,49,52,1,0,0.15,6.08,45.83,65.28,6.31,44.83,58.62,32.91,53.16,36.14,56.63
2026-02-04,17,12,2026-02-04 15:37:00,5,第15回やまだ屋「桐葉菓」杯,4,4189,川上 剛,2,44,51.5,0,0,0.15,6.59,48.41,69.05,5.1,30,52.5,33.78,52.7,22.39,37.31
2026-02-04,17,12,2026-02-04 15:37:00,5,第15回やまだ屋「桐葉菓」杯,5,5022,伊藤 尚汰,3,31,49.5,1,0,0.16,3.68,16.98,26.42,5.33,33.33,44.44,55,70,31.4,48.84
2026-02-04,17,12,2026-02-04 15:37:00,5,第15回やまだ屋「桐葉菓」杯,6,4076,杉田 篤光,2,47,52.1,0,0,0.2,5.49,33.96,54.72,6,50,60,36.36,54.55,31.82,51.14
2026-02-04,18,1,2026-02-04 08:35:00,5,スポーツ報知杯争奪戦,1,4817,渡邉 翼,2,34,49,0,0,0.13,6.24,46.59,64.77,5.43,35.71,52.38,34.76,49.39,36.92,47.69
2026-02-04,18,1,2026-02-04 08:35:00,5,スポーツ報知杯争奪戦,2,3107,平岡 重典,3,62,52,0,0,0.16,4.05,12.73,32.73,4.13,26.67,40,30.97,47.1,41.27,55.56
2026-02-04,18,1,2026-02-04 08:35:00,5,スポーツ報知杯争奪戦,3,4425,大井 清貴,3,40,53.1,1,0,0.16,4.66,20,47.14,5,16.28,51.16,42.17,63.25,31.75,49.21
2026-02-04,18,1,2026-02-04 08:35:00,5,スポーツ報知杯争奪戦,4,4836,大谷 健太,4,37,52.2,0,0,0.2,4.54,26.39,36.11,4.59,11.76,41.18,21.64,35.82,33.33,46.03
2026-02-04,18,1,2026-02-04 08:35:00,5,スポーツ報知杯争奪戦,5,4978,山田 和佐,3,31,52.8,0,0,0.17,4.8,22.34,46.81,2.14,0,0,29.65,47.67,39.66,56.9
2026-02-04,18,1,2026-02-04 08:35:00,5,スポーツ報知杯争奪戦,6,5386,米玉利 大悟,3,20,54.4,1,0,0.17,2.77,4.69,17.19,1.6,0,0,26.43,42.14,32.2,50.85
2026-02-04,18,2,2026-02-04 09:01:00,5,スポーツ報知杯争奪戦,1,5075,中島 秀治,2,30,52.6,0,0,0.17,6.47,43.9,67.48,6.55,36.36,63.64,40.99,55.28,36.92,46.15
2026-02-04,18,2,2026-02-04 09:01:00,5,スポーツ報知杯争奪戦,2,3661,柳瀬 興志,3,56,58.4,0,0,0.16,5.38,29.06,55.56,5.54,31.25,56.25,37.04,60.49,25.42,44.07
2026-02-04,18,2,2026-02-04 09:01:00,5,スポーツ報知杯争奪戦,3,3703,鳥飼 眞,2,52,50,0,0,0.17,5.55,35.06,54.55,6.33,41.67,63.89,37.2,55.49,26.67,43.33
2026-02-04,18,2,2026-02-04 09:01:00,5,スポーツ報知杯争奪戦,4,4672,守屋 大地,3,39,52,0,0,0.18,4.36,23.29,42.47,4.11,18.42,42.11,32.95,47.98,27.87,47.54
2026-02-04,18,2,2026-02-04 09:01:00,5,スポーツ報知杯争奪戦,5,4039,村上 功祐,2,47,56,0,0,0.15,5.18,31.33,49.4,5.71,42.86,57.14,22.7,39.26,45.16,59.68
2026-02-04,18,2,2026-02-04 09:01:00,5,スポーツ報知杯争奪戦,6,4691,水原 慎,3,42,51,0,0,0.16,4.71,25,44.74,0,0,0,30.51,54.24,42.62,65.57
2026-02-04,18,3,2026-02-04 09:27:00,5,スポーツ報知杯争奪戦,1,5066,鈴木 孝明,2,27,53,0,0,0.17,6.21,43.62,65.96,4.7,20,40,27.22,42.6,38.46,64.62
2026-02-04,18,3,2026-02-04 09:27:00,5,スポーツ報知杯争奪戦,2,3928,林 恵祐,3,50,59,0,0,0.17,3.51,15.38,25.27,2.82,5.88,11.76,25.15,42.69,33.87,48.39
2026-02-04,18,3,2026-02-04 09:27:00,5,スポーツ報知杯争奪戦,3,3872,岡田 憲行,3,49,53.5,0,0,0.2,5.79,37.72,58.77,5.53,41.18,58.82,29.52,45.18,35,48.33
2026-02-04,18,3,2026-02-04 09:27:00,5,スポーツ報知杯争奪戦,4,4644,山田 亮太,2,46,52,0,0,0.15,6.68,54.05,66.22,5.33,25,58.33,49.14,64,25.4,47.62
2026-02-04,18,3,2026-02-04 09:27:00,5,スポーツ報知杯争奪戦,5,4747,山戸 信二,3,40,52,1,0,0.17,4.31,25.88,36.47,0,0,0,39.09,53.81,39.68,52.38
2026-02-04,18,3,2026-02-04 09:27:00,5,スポーツ報知杯争奪戦,6,4303,牧原 崇,3,42,52.7,0,0,0.17,5.34,34.04,47.87,3.43,0,14.29,39.08,56.32,37.7,49.18
2026-02-04,18,4,2026-02-04 09:53:00,5,スポーツ報知杯争奪戦,1,4171,榎 幸司,2,43,52.7,0,0,0.17,6.21,42.5,60.83,6.71,52.38,71.43,24.68,42.21,38.71,61.29
2026-02-04,18,4,2026-02-04 09:53:00,5,スポーツ報知杯争奪戦,2,3713,伊藤 誠二,2,51,53.4,0,0,0.14,5.67,36.05,54.65,6.89,55.56,66.67,26.53,45.58,39.06,59.38
2026-02-04,18,4,2026-02-04 09:53:00,5,スポーツ報知杯争奪戦,3,3577,向所 浩二,3,53,60.3,0,0,0.15,4.02,21.05,28.07,0,0,0,36.72,55.93,22.22,49.21
2026-02-04,18,4,2026-02-04 09:53:00,5,スポーツ報知杯争奪戦,4,4866,橋本 英一,3,35,53.9,0,0,0.16,5,26.42,54.72,5.12,38.46,46.15,22.07,42.07,33.87,48.39
2026-02-04,18,4,2026-02-04 09:53:00,5,スポーツ報知杯争奪戦,5,4558,宮野 仁,3,36,54.9,0,0,0.23,3.26,15.09,24.53,3.32,14.29,21.43,40.45,60.67,34.38,57.81
2026-02-04,18,4,2026-02-04 09:53:00,5,スポーツ報知杯争奪戦,6,4778,堤 啓輔,3,40,52,0,0,0.17,5.51,40.85,53.52,0,0,0,23.03,41.45,43.33,58.33
2026-02-04,18,5,2026-02-04 10:20:00,5,スポーツ報知杯争奪戦,1,4247,齊藤 優,3,43,53.7,0,0,0.16,5.14,31.87,43.96,4.94,29.41,41.18,31.52,52.17,44.26,63.93
2026-02-04,18,5,2026-02-04 10:20:00,5,スポーツ報知杯争奪戦,2,4305,金子 拓矢,1,42,53.1,0,0,0.15,7.78,66.33,80.61,6.53,47.06,70.59,27.78,41.36,30.77,44.23
2026-02-04,18,5,2026-02-04 10:20:00,5,スポーツ報知杯争奪戦,3,3747,國崎 良春,3,50,52.3,0,0,0.17,5.47,37.65,58.82,5.38,24.14,51.72,27.54,38.92,34.92,50.79
2026-02-04,18,5,2026-02-04 10:20:00,5,スポーツ報知杯争奪戦,4,4615,板倉 敦史,3,45,53.3,0,0,0.18,4.18,18.46,38.46,5.11,22.22,55.56,42.2,58.38,36.67,53.33
2026-02-04,18,5,2026-02-04 10:20:00,5,スポーツ報知杯争奪戦,5,4989,石原 翼,2,28,52,0,0,0.13,5.68,35.56,62.22,0,0,0,38.01,54.97,32.26,51.61
2026-02-04,18,5,2026-02-04 10:20:00,5,スポーツ報知杯争奪戦,6,5206,梅原 祥平,3,28,52.3,0,0,0.14,3.61,22.22,27.78,4.65,20,40,38.04,54.6,27.87,42.62
2026-02-04,18,6,2026-02-04 10:49:00,5,スポーツ報知杯争奪戦,1,3471,赤峰 和也,3,56,52.7,0,0,0.17,4.06,12.31,32.31,3.69,6.25,21.88,48.65,65.41,33.85,46.15
2026-02-04,18,6,2026-02-04 10:49:00,5,スポーツ報知杯争奪戦,2,3831,安藤 裕貴,3,51,52.7,0,0,0.15,5.29,39.68,52.38,0,0,0,30.25,50.62,33.87,48.39
2026-02-04,18,6,2026-02-04 10:49:00,5,スポーツ報知杯争奪戦,3,5386,米玉利 大悟,3,20,54.4,1,0,0.17,2.77,4.69,17.19,1.6,0,0,26.43,42.14,32.2,50.85
2026-02-04,18,6,2026-02-04 10:49:00,5,スポーツ報知杯争奪戦,4,3918,深井 利寿,2,51,52,0,0,0.18,5.88,40.38,60.58,6.95,50,75,41.38,52.87,21.43,30.36
2026-02-04,18,6,2026-02-04 10:49:00,5,スポーツ報知杯争奪戦,5,4128,川口 貴久,3,45,55.7,0,0,0.17,4.74,22.35,44.71,3.56,22.22,33.33,34.43,51.37,29.31,43.1
2026-02-04,18,6,2026-02-04 10:49:00,5,スポーツ報知杯争奪戦,6,5081,篠原 飛翔,2,27,52.9,0,0,0.18,5.82,37.72,60.53,6,40,60,32.69,48.72,37.74,52.83
2026-02-04,18,7,2026-02-04 11:19:00,5,スポーツ報知杯争奪戦,1,3461,渡邊 哲也,3,59,57.7,0,0,0.24,3.12,11.63,20.93,4.7,20,40,25.85,42.18,34.38,48.44
2026-02-04,18,7,2026-02-04 11:19:00,5,スポーツ報知杯争奪戦,2,5141,大澤 風葵,2,25,52,0,0,0.12,6.1,51.61,64.52,7.1,60,80,45.45,58.18,43.33,63.33
2026-02-04,18,7,2026-02-04 11:19:00,5,スポーツ報知杯争奪戦,3,4672,守屋 大地,3,39,52,0,0,0.18,4.36,23.29,42.47,4.11,18.42,42.11,32.95,47.98,27.87,47.54
2026-02-04,18,7,2026-02-04 11:19:00,5,スポーツ報知杯争奪戦,4,4979,中野 夢斗,2,29,52.3,0,0,0.16,5.21,32.86,55.71,4.13,25,37.5,44.77,58.14,27.12,50.85
2026-02-04,18,7,2026-02-04 11:19:00,5,スポーツ報知杯争奪戦,5,4204,柴田 大輔,3,43,51.5,0,0,0.2,5.41,36.49,55.41,0,0,0,20.41,31.97,25,37.5
2026-02-04,18,7,2026-02-04 11:19:00,5,スポーツ報知杯争奪戦,6,5372,上岡 巧汰,4,23,52.7,0,0,0.17,1.97,1.69,5.08,0,0,0,46.37,64.8,28.33,51.67
2026-02-04,18,8,2026-02-04 11:54:00,5,スポーツ報知杯争奪戦,1,3577,向所 浩二,3,53,60.3,0,0,0.15,4.02,21.05,28.07,0,0,0,36.72,55.93,22.22,49.21
2026-02-04,18,8,2026-02-04 11:54:00,5,スポーツ報知杯争奪戦,2,4303,牧原 崇,3,42,52.7,0,0,0.17,5.34,34.04,47.87,3.43,0,14.29,39.08,56.32,37.7,49.18
2026-02-04,18,8,2026-02-04 11:54:00,5,スポーツ報知杯争奪戦,3,3107,平岡 重典,3,62,52,0,0,0.16,4.05,12.73,32.73,4.13,26.67,40,30.97,47.1,41.27,55.56
2026-02-04,18,8,2026-02-04 11:54:00,5,スポーツ報知杯争奪戦,4,4544,松田 大志郎,1,38,52,0,0,0.16,7.94,68.12,81.88,0,0,0,35.67,50.88,32.26,46.77
2026-02-04,18,8,2026-02-04 11:54:00,5,スポーツ報知杯争奪戦,5,4158,木場 雄二郎,3,44,55.6,0,0,0.17,5.34,35.06,55.84,5.2,32.61,50,19.05,28.57,26.53,40.82
2026-02-04,18,8,2026-02-04 11:54:00,5,スポーツ報知杯争奪戦,6,5401,谷 海夏人,4,23,52.2,1,0,0.2,2.18,5.88,9.8,0,0,0,37.91,52.75,20.63,41.27
2026-02-04,18,9,2026-02-04 12:27:00,5,スポーツ報知杯争奪戦,1,4085,荻野 裕介,3,46,53.2,0,0,0.2,5.18,24.24,51.52,5.92,41.67,66.67,23.13,39.55,50,59.38
2026-02-04,18,9,2026-02-04 12:27:00,5,スポーツ報知杯争奪戦,2,4778,堤 啓輔,3,40,52,0,0,0.17,5.51,40.85,53.52,0,0,0,23.03,41.45,43.33,58.33
2026-02-04,18,9,2026-02-04 12:27:00,5,スポーツ報知杯争奪戦,3,5066,鈴木 孝明,2,27,53,0,0,0.17,6.21,43.62,65.96,4.7,20,40,27.22,42.6,38.46,64.62
2026-02-04,18,9,2026-02-04 12:27:00,5,スポーツ報知杯争奪戦,4,4425,大井 清貴,3,40,53.1,1,0,0.16,4.66,20,47.14,5,16.28,51.16,42.17,63.25,31.75,49.21
2026-02-04,18,9,2026-02-04 12:27:00,5,スポーツ報知杯争奪戦,5,3544,豊田 訓靖,4,57,52.7,0,0,0.21,3.4,17.33,22.67,0,0,0,29.88,48.17,24.19,40.32
2026-02-04,18,9,2026-02-04 12:27:00,5,スポーツ報知杯争奪戦,6,3703,鳥飼 眞,2,52,50,0,0,0.17,5.55,35.06,54.55,6.33,41.67,63.89,37.2,55.49,26.67,43.33
2026-02-04,18,10,2026-02-04 12:59:00,5,スポーツ報知杯争奪戦,1,4836,大谷 健太,4,37,52.2,0,0,0.2,4.54,26.39,36.11,4.59,11.76,41.18,21.64,35.82,33.33,46.03
2026-02-04,18,10,2026-02-04 12:59:00,5,スポーツ報知杯争奪戦,2,4558,宮野 仁,3,36,54.9,0,0,0.23,3.26,15.09,24.53,3.32,14.29,21.43,40.45,60.67,34.38,57.81
2026-02-04,18,10,2026-02-04 12:59:00,5,スポーツ報知杯争奪戦,3,5081,篠原 飛翔,2,27,52.9,0,0,0.18,5.82,37.72,60.53,6,40,60,32.69,48.72,37.74,52.83
2026-02-04,18,10,2026-02-04 12:59:00,5,スポーツ報知杯争奪戦,4,3661,柳瀬 興志,3,56,58.4,0,0,0.16,5.38,29.06,55.56,5.54,31.25,56.25,37.04,60.49,25.42,44.07
2026-02-04,18,10,2026-02-04 12:59:00,5,スポーツ報知杯争奪戦,5,4247,齊藤 優,3,43,53.7,0,0,0.16,5.14,31.87,43.96,4.94,29.41,41.18,31.52,52.17,44.26,63.93
2026-02-04,18,10,2026-02-04 12:59:00,5,スポーツ報知杯争奪戦,6,4644,山田 亮太,2,46,52,0,0,0.15,6.68,54.05,66.22,5.33,25,58.33,49.14,64,25.4,47.62
2026-02-04,18,11,2026-02-04 13:31:00,5,スポーツ報知杯争奪戦,1,4978,山田 和佐,3,31,52.8,0,0,0.17,4.8,22.34,46.81,2.14,0,0,29.65,47.67,39.66,56.9
2026-02-04,18,11,2026-02-04 13:31:00,5,スポーツ報知杯争奪戦,2,4128,川口 貴久,3,45,55.7,0,0,0.17,4.74,22.35,44.71,3.56,22.22,33.33,34.43,51.37,29.31,43.1
2026-02-04,18,11,2026-02-04 13:31:00,5,スポーツ報知杯争奪戦,3,4039,村上 功祐,2,47,56,0,0,0.15,5.18,31.33,49.4,5.71,42.86,57.14,22.7,39.26,45.16,59.68
2026-02-04,18,11,2026-02-04 13:31:00,5,スポーツ報知杯争奪戦,4,5206,梅原 祥平,3,28,52.3,0,0,0.14,3.61,22.22,27.78,4.65,20,40,38.04,54.6,27.87,42.62
2026-02-04,18,11,2026-02-04 13:31:00,5,スポーツ報知杯争奪戦,5,3713,伊藤 誠二,2,51,53.4,0,0,0.14,5.67,36.05,54.65,6.89,55.56,66.67,26.53,45.58,39.06,59.38
2026-02-04,18,11,2026-02-04 13:31:00,5,スポーツ報知杯争奪戦,6,3928,林 恵祐,3,50,59,0,0,0.17,3.51,15.38,25.27,2.82,5.88,11.76,25.15,42.69,33.87,48.39
2026-02-04,18,12,2026-02-04 14:13:00,5,スポーツ報知杯争奪戦,1,4544,松田 大志郎,1,38,52.4,0,0,0.16,7.94,68.12,81.88,0,0,0,35.67,50.88,32.26,46.77
2026-02-04,18,12,2026-02-04 14:13:00,5,スポーツ報知杯争奪戦,2,4817,渡邉 翼,2,34,49,0,0,0.13,6.24,46.59,64.77,5.43,35.71,52.38,34.76,49.39,36.92,47.69
2026-02-04,18,12,2026-02-04 14:13:00,5,スポーツ報知杯争奪戦,3,3918,深井 利寿,2,51,51.5,0,0,0.18,5.88,40.38,60.58,6.95,50,75,41.38,52.87,21.43,30.36
2026-02-04,18,12,2026-02-04 14:13:00,5,スポーツ報知杯争奪戦,4,4305,金子 拓矢,1,42,52.7,0,0,0.15,7.78,66.33,80.61,6.53,47.06,70.59,27.78,41.36,30.77,44.23
2026-02-04,18,12,2026-02-04 14:13:00,5,スポーツ報知杯争奪戦,5,4171,榎 幸司,2,43,52.9,0,0,0.17,6.21,42.5,60.83,6.71,52.38,71.43,24.68,42.21,38.71,61.29
2026-02-04,18,12,2026-02-04 14:13:00,5,スポーツ報知杯争奪戦,6,5141,大澤 風葵,2,25,51,0,0,0.12,6.1,51.61,64.52,7.1,60,80,45.45,58.18,43.33,63.33
2026-02-04,23,1,2026-02-04 10:38:00,2,第72回九州地区選手権,1,4734,安河内 将,1,36,52,0,0,0.15,7.19,53.7,69.44,6.94,51.52,73.74,40.26,57.14,28.27,39.79
2026-02-04,23,1,2026-02-04 10:38:00,2,第72回九州地区選手権,2,5018,竹下 大樹,1,26,52,0,0,0.16,6.4,49.34,65.79,5.62,38.46,53.85,32.84,55.22,34.04,55.85
2026-02-04,23,1,2026-02-04 10:38:00,2,第72回九州地区選手権,3,4477,篠崎 仁志,1,38,54.3,0,0,0.13,6.77,45.67,65.35,5.88,25,50,17.65,33.33,31.05,45.26
2026-02-04,23,1,2026-02-04 10:38:00,2,第72回九州地区選手権,4,4102,益田 啓司,1,46,52,0,0,0.15,6.41,48.36,65.57,7.71,58.06,87.1,32.43,55.41,31.69,45.9
2026-02-04,23,1,2026-02-04 10:38:00,2,第72回九州地区選手権,5,4447,深川 麻奈美,1,39,48.8,1,0,0.15,5.61,37.23,55.32,5.48,37.93,51.72,27.27,47.27,38.02,55.73
2026-02-04,23,1,2026-02-04 10:38:00,2,第72回九州地区選手権,6,4287,今井 貴士,1,41,56.2,1,0,0.17,5.78,42.61,53.04,7.95,65,80,23.61,41.67,38.71,56.99
2026-02-04,23,2,2026-02-04 11:09:00,2,第72回九州地区選手権,1,3265,今村 暢孝,1,61,52,1,0,0.14,6.28,46.99,66.27,6.61,53.06,73.47,33.87,45.16,33.85,47.69
2026-02-04,23,2,2026-02-04 11:09:00,2,第72回九州地区選手権,2,4531,武富 智亮,2,37,52.1,0,0,0.16,6.39,49.15,63.56,6.26,46.07,62.92,43.08,64.62,43.01,62.18
2026-02-04,23,2,2026-02-04 11:09:00,2,第72回九州地区選手権,3,4556,竹井 奈美,1,36,47,0,0,0.15,6.94,54.12,76.47,7,55.56,77.78,27.87,54.1,32.99,52.58
2026-02-04,23,2,2026-02-04 11:09:00,2,第72回九州地区選手権,4,4932,新開 航,1,29,51.5,0,0,0.15,7.22,50.35,67.38,5.67,33.33,50,41.56,58.44,40.96,59.57
2026-02-04,23,2,2026-02-04 11:09:00,2,第72回九州地区選手権,5,3473,石川 真二,1,55,52.2,1,0,0.13,6.53,50.71,67.14,6.23,46.15,61.54,42.03,63.77,28.72,47.69
2026-02-04,23,2,2026-02-04 11:09:00,2,第72回九州地区選手権,6,4351,里岡 右貴,1,39,52.1,0,0,0.14,6.8,51.52,70.45,5.75,37.5,56.25,30.56,47.22,29.55,40.34
2026-02-04,23,3,2026-02-04 11:38:00,2,第72回九州地区選手権,1,4121,富永 修一,1,44,52.1,0,0,0.13,5.94,37.72,61.4,6.06,45.16,58.06,33.33,47.62,28.8,42.93
2026-02-04,23,3,2026-02-04 11:38:00,2,第72回九州地区選手権,2,3779,原田 幸哉,1,50,52.7,0,0,0.1,6.83,44.95,55.96,5.56,25,37.5,31.75,49.21,28.96,46.99
2026-02-04,23,3,2026-02-04 11:38:00,2,第72回九州地区選手権,3,4566,塩田 北斗,1,38,52,0,0,0.14,6.66,40.15,59.12,3.5,0,25,36.36,53.03,43.41,60.44
2026-02-04,23,3,2026-02-04 11:38:00,2,第72回九州地区選手権,4,4096,石橋 道友,1,44,52.8,1,0,0.15,6.71,54.63,72.22,6.65,55,75,26.32,47.37,38.04,53.26
2026-02-04,23,3,2026-02-04 11:38:00,2,第72回九州地区選手権,5,4545,岡村 慶太,1,37,53.7,0,0,0.14,6.6,47.93,66.94,6.9,58.62,75.86,28.57,49.35,29.19,46.49
2026-02-04,23,3,2026-02-04 11:38:00,2,第72回九州地区選手権,6,5026,安河内 健,1,30,54.7,1,0,0.15,6.57,51.77,63.83,6.55,51.18,66.14,46.15,60,31.02,43.32
2026-02-04,23,4,2026-02-04 12:07:00,2,第72回九州地区選手権,1,4294,古賀 繁輝,1,39,55,0,0,0.14,7.09,59.4,74.44,6.84,52.38,69.84,51.56,73.44,53.89,70.98
2026-02-04,23,4,2026-02-04 12:07:00,2,第72回九州地区選手権,2,4350,篠崎 元志,1,39,52,0,1,0.14,7.38,50.37,65.93,7.91,65.22,73.91,32.81,46.88,28.09,48.31
2026-02-04,23,4,2026-02-04 12:07:00,2,第72回九州地区選手権,3,4174,赤坂 俊輔,1,43,52,0,0,0.16,6.42,43.66,67.61,7.17,50,76.09,29.58,46.48,37.7,51.91
2026-02-04,23,4,2026-02-04 12:07:00,2,第72回九州地区選手権,4,4590,渡邉 優美,1,33,48,0,0,0.16,7.13,50.89,75,7.39,60.71,82.14,29.58,50.7,29.05,46.93
2026-02-04,23,4,2026-02-04 12:07:00,2,第72回九州地区選手権,5,4364,池永 太,1,40,52,0,0,0.14,6.98,56.94,74.31,6.49,45.95,62.16,37.1,45.16,30.41,45.36
2026-02-04,23,4,2026-02-04 12:07:00,2,第72回九州地区選手権,6,4736,高倉 和士,1,34,53.3,1,0,0.12,6.95,57.36,68.99,6.1,40,70,26.15,46.15,34.72,49.74
2026-02-04,23,5,2026-02-04 12:38:00,2,第72回九州地区選手権,1,3783,瓜生 正義,1,49,52.5,0,0,0.15,7.13,45.22,63.48,7.33,55.56,66.67,40.63,54.69,40.78,55.31
2026-02-04,23,5,2026-02-04 12:38:00,2,第72回九州地区選手権,2,4503,上野 真之介,1,37,52,0,0,0.12,7.21,51.47,69.85,7.72,62.71,82.2,33.85,53.85,42.86,57.14
2026-02-04,23,5,2026-02-04 12:38:00,2,第72回九州地区選手権,3,4352,下條 雄太郎,1,39,52,2,0,0.14,6.56,49.59,65.85,6.62,48.72,66.67,53.57,69.64,33.69,54.01
2026-02-04,23,5,2026-02-04 12:38:00,2,第72回九州地区選手権,4,4949,横田 貴満,1,33,50.5,0,0,0.15,6.52,48.15,66.67,5.81,34.26,59.26,37.5,51.39,36.65,52.88
2026-02-04,23,5,2026-02-04 12:38:00,2,第72回九州地区選手権,5,4522,古澤 光紀,1,38,52.8,0,0,0.15,5.72,40.43,57.45,6.87,50,73.33,37.5,51.56,26.7,42.61
2026-02-04,23,5,2026-02-04 12:38:00,2,第72回九州地区選手権,6,4433,川野 芽唯,1,39,47,0,0,0.19,6.91,49.61,72.44,6.17,47.83,60.87,42.86,71.43,40.31,60.73
2026-02-04,23,6,2026-02-04 13:10:00,2,第72回九州地区選手権,1,4320,峰 竜太,1,40,52,0,0,0.14,7.85,53.27,73.83,7.87,68.35,83.54,26.23,39.34,33.33,53.03
2026-02-04,23,6,2026-02-04 13:10:00,2,第72回九州地区選手権,2,4679,植田 太一,1,36,57.4,0,0,0.16,5.85,40.52,56.9,4.04,16.67,33.33,50,60.94,32.63,50
2026-02-04,23,6,2026-02-04 13:10:00,2,第72回九州地区選手権,3,4530,小野 生奈,1,37,47,0,0,0.15,7.01,56.8,69.6,7,57.69,61.54,38.1,53.97,39.77,53.98
2026-02-04,23,6,2026-02-04 13:10:00,2,第72回九州地区選手権,4,4447,深川 麻奈美,1,39,48.8,1,0,0.15,5.61,37.23,55.32,5.48,37.93,51.72,27.27,47.27,38.02,55.73
2026-02-04,23,6,2026-02-04 13:10:00,2,第72回九州地区選手権,5,4288,永田 啓二,1,41,52.4,0,0,0.13,6.94,56.49,72.08,7.23,65.71,77.14,26.98,34.92,29.03,42.47
2026-02-04,23,6,2026-02-04 13:10:00,2,第72回九州地区選手権,6,4485,楠原 正剛,2,39,52.9,1,0,0.14,5.11,34.91,51.89,4.55,30,50,27.12,44.07,28.42,45.26
2026-02-04,23,7,2026-02-04 13:43:00,2,第72回九州地区選手権,1,5193,米丸 乃絵,1,24,47,0,0,0.14,6.48,47.01,71.64,5.64,36.36,63.64,54.55,66.67,34.17,50.25
2026-02-04,23,7,2026-02-04 13:43:00,2,第72回九州地区選手権,2,3473,石川 真二,1,55,52.2,1,0,0.13,6.53,50.71,67.14,6.23,46.15,61.54,42.03,63.77,28.72,47.69
2026-02-04,23,7,2026-02-04 13:43:00,2,第72回九州地区選手権,3,4351,里岡 右貴,1,39,52.1,0,0,0.14,6.8,51.52,70.45,5.75,37.5,56.25,30.56,47.22,29.55,40.34
2026-02-04,23,7,2026-02-04 13:43:00,2,第72回九州地区選手権,4,4193,郷原 章平,1,44,52,0,0,0.17,6.38,47.52,64.54,6.79,52.63,73.68,30.43,42.03,30.53,46.32
2026-02-04,23,7,2026-02-04 13:43:00,2,第72回九州地区選手権,5,4445,宮地 元輝,1,39,53.5,0,0,0.11,6.91,35.83,55.83,7.53,59.57,75.53,29.03,46.77,35.45,50.26
2026-02-04,23,7,2026-02-04 13:43:00,2,第72回九州地区選手権,6,4155,長野 壮志郎,1,45,55.3,0,0,0.16,6.17,44.44,62.63,7.06,66.67,66.67,26.76,50.7,35.08,51.31
2026-02-04,23,8,2026-02-04 14:16:00,2,第72回九州地区選手権,1,4102,益田 啓司,1,46,52,0,0,0.15,6.41,48.36,65.57,7.71,58.06,87.1,32.43,55.41,27.51,44.97
2026-02-04,23,8,2026-02-04 14:16:00,2,第72回九州地区選手権,2,4364,池永 太,1,40,52,0,0,0.14,6.98,56.94,74.31,6.49,45.95,62.16,37.1,45.16,30.41,45.36
2026-02-04,23,8,2026-02-04 14:16:00,2,第72回九州地区選手権,3,4994,山本 梨菜,1,27,47,0,0,0.16,6.34,43.69,67.96,4.13,0,50,50,63.64,38.02,55.21
2026-02-04,23,8,2026-02-04 14:16:00,2,第72回九州地区選手権,4,4256,渡辺 浩司,1,42,52,0,0,0.13,6.73,45.13,64.6,6.7,59.26,70.37,35.29,48.53,36.67,51.67
2026-02-04,23,8,2026-02-04 14:16:00,2,第72回九州地区選手権,5,4096,石橋 道友,1,44,52.8,1,0,0.15,6.71,54.63,72.22,6.65,55,75,26.32,47.37,38.04,53.26
2026-02-04,23,8,2026-02-04 14:16:00,2,第72回九州地区選手権,6,4556,竹井 奈美,1,36,47,0,0,0.15,6.94,54.12,76.47,7,55.56,77.78,27.87,54.1,32.99,52.58
2026-02-04,23,9,2026-02-04 14:51:00,2,第72回九州地区選手権,1,3623,深川 真二,1,51,50.5,0,0,0.14,7.56,68.29,80.49,7.99,68.22,78.5,26.32,43.42,28.27,46.6
2026-02-04,23,9,2026-02-04 14:51:00,2,第72回九州地区選手権,2,4545,岡村 慶太,1,37,53.9,0,0,0.14,6.6,47.93,66.94,6.9,58.62,75.86,28.57,49.35,29.19,46.49
2026-02-04,23,9,2026-02-04 14:51:00,2,第72回九州地区選手権,3,4938,小芦 るり華,1,28,47,0,0,0.15,6.7,50,70.54,6.43,50.98,64.71,40,63.64,34.97,52.46
2026-02-04,23,9,2026-02-04 14:51:00,2,第72回九州地区選手権,4,4433,川野 芽唯,1,39,47,0,0,0.19,6.91,49.61,72.44,6.17,47.83,60.87,42.86,71.43,40.31,60.73
2026-02-04,23,9,2026-02-04 14:51:00,2,第72回九州地区選手権,5,4949,横田 貴満,1,33,49.5,0,0,0.15,6.52,48.15,66.67,5.81,34.26,59.26,37.5,51.39,36.65,52.88
2026-02-04,23,9,2026-02-04 14:51:00,2,第72回九州地区選手権,6,4477,篠崎 仁志,1,38,54.5,0,0,0.13,6.77,45.67,65.35,5.88,25,50,17.65,33.33,31.05,45.26
2026-02-04,23,10,2026-02-04 15:27:00,2,第72回九州地区選手権,1,4932,新開 航,1,29,51.5,0,0,0.15,7.22,50.35,67.38,5.67,33.33,50,41.56,58.44,40.96,59.57
2026-02-04,23,10,2026-02-04 15:27:00,2,第72回九州地区選手権,2,4566,塩田 北斗,1,38,52,0,0,0.14,6.66,40.15,59.12,3.5,0,25,36.36,53.03,43.41,60.44
2026-02-04,23,10,2026-02-04 15:27:00,2,第72回九州地区選手権,3,3779,原田 幸哉,1,50,52.7,0,0,0.1,6.83,44.95,55.96,5.56,25,37.5,31.75,49.21,28.96,46.99
2026-02-04,23,10,2026-02-04 15:27:00,2,第72回九州地区選手権,4,4320,峰 竜太,1,40,52,0,0,0.14,7.85,53.27,73.83,7.87,68.35,83.54,26.23,39.34,33.33,53.03
2026-02-04,23,10,2026-02-04 15:27:00,2,第72回九州地区選手権,5,4503,上野 真之介,1,37,52,0,0,0.12,7.21,51.47,69.85,7.72,62.71,82.2,33.85,53.85,42.86,57.14
2026-02-04,23,10,2026-02-04 15:27:00,2,第72回九州地区選手権,6,5018,竹下 大樹,1,26,52,0,0,0.16,6.4,49.34,65.79,5.62,38.46,53.85,32.84,55.22,34.04,55.85
2026-02-04,23,11,2026-02-04 16:04:00,2,第72回九州地区選手権,1,4445,宮地 元輝,1,39,53.5,0,0,0.11,6.91,35.83,55.83,7.53,59.57,75.53,29.03,46.77,35.45,50.26
2026-02-04,23,11,2026-02-04 16:04:00,2,第72回九州地区選手権,2,4352,下條 雄太郎,1,39,52,2,0,0.14,6.56,49.59,65.85,6.62,48.72,66.67,53.57,69.64,33.69,54.01
2026-02-04,23,11,2026-02-04 16:04:00,2,第72回九州地区選手権,3,4350,篠崎 元志,1,39,52,0,1,0.14,7.38,50.37,65.93,7.91,65.22,73.91,32.81,46.88,28.09,48.31
2026-02-04,23,11,2026-02-04 16:04:00,2,第72回九州地区選手権,4,4531,武富 智亮,2,37,52.1,0,0,0.16,6.39,49.15,63.56,6.26,46.07,62.92,43.08,64.62,43.01,62.18
2026-02-04,23,11,2026-02-04 16:04:00,2,第72回九州地区選手権,5,4734,安河内 将,1,36,52,0,0,0.15,7.19,53.7,69.44,6.94,51.52,73.74,40.26,57.14,28.27,39.79
2026-02-04,23,11,2026-02-04 16:04:00,2,第72回九州地区選手権,6,4294,古賀 繁輝,1,39,55,0,0,0.14,7.09,59.4,74.44,6.84,52.38,69.84,51.56,73.44,53.89,70.98
2026-02-04,23,12,2026-02-04 16:45:00,2,第72回九州地区選手権,1,4848,仲谷 颯仁,1,31,52,1,0,0.15,6.92,45.38,59.23,7,57.14,71.43,25.81,33.87,31.94,46.6
2026-02-04,23,12,2026-02-04 16:45:00,2,第72回九州地区選手権,2,5142,常住 蓮,1,25,51,1,0,0.12,7.28,56.52,77.54,7.59,60.48,80.24,47.3,63.51,35.29,52.41
2026-02-04,23,12,2026-02-04 16:45:00,2,第72回九州地区選手権,3,5084,末永 和也,1,26,52.4,0,0,0.13,7.71,52.38,72.22,7.44,60.18,76.99,39.13,57.97,40.74,58.2
2026-02-04,23,12,2026-02-04 16:45:00,2,第72回九州地区選手権,4,4371,西山 貴浩,1,38,52.1,0,0,0.13,6.31,29.2,45.13,7.59,59.09,72.73,38.24,48.53,38.6,56.73
2026-02-04,23,12,2026-02-04 16:45:00,2,第72回九州地区選手権,5,5121,定松 勇樹,1,24,52.4,0,0,0.14,7.53,61.24,75.19,7.28,56.79,77.78,35.38,60,36.56,48.92
2026-02-04,23,12,2026-02-04 16:45:00,2,第72回九州地区選手権,6,4136,江夏 満,1,45,52.3,1,0,0.16,7.06,56.25,79.46,6.41,52.94,64.71,30.14,45.21,33.86,51.85
