race_date,stadium_number,race_number,race_closed_at,race_grade_number,race_title,boat_number,racer_number,racer_name,racer_class_number,racer_age,racer_weight,racer_flying_count,racer_late_count,racer_average_start_timing,racer_national_top_1_percent,racer_national_top_2_percent,racer_national_top_3_percent,racer_local_top_1_percent,racer_local_top_2_percent,racer_local_top_3_percent,racer_assigned_motor_top_2_percent,racer_assigned_motor_top_3_percent,racer_assigned_boat_top_2_percent,racer_assigned_boat_top_3_percent
2026-10-08,1,1,2026-10-08 15:26:00,5,第8回日本一しょうゆ杯,1,3973,崎 利仁,3,50,53.1,0,0,0.21,4.59,22.77,42.57,5,29.69,44.53,31.15,46.45,34.04,54.26
2026-10-08,1,1,2026-10-08 15:26:00,5,第8回日本一しょうゆ杯,2,3294,野中 義生,3,61,52.7,1,0,0.17,4.34,20,45.71,4.61,16.67,44.44,32.06,54.07,37.75,53.43
2026-10-08,1,1,2026-10-08 15:26:00,5,第8回日本一しょうゆ杯,3,4110,小澤 和也,3,46,54.7,1,0,0.18,3.71,14.67,30.67,3.96,25,32.14,39.08,58.05,33.65,52.88
2026-10-08,1,1,2026-10-08 15:26:00,5,第8回日本一しょうゆ杯,4,4245,高橋 直哉,3,44,52.3,0,0,0.19,4.65,24.18,41.76,4.36,20,40,43.17,57.38,29.03,50.54
2026-10-08,1,1,2026-10-08 15:26:00,5,第8回日本一しょうゆ杯,5,5364,金子 怜央,3,26,52.5,1,0,0.17,2.05,2.38,8.33,2.48,3.85,11.54,30.37,46.07,39.18,57.22
2026-10-08,1,1,2026-10-08 15:26:00,5,第8回日本一しょうゆ杯,6,3385,渡邉 睦広,2,57,52,0,0,0.16,5.44,35.51,53.27,5.35,35.29,52.94,28.65,47.92,46.39,61.86
2026-10-08,1,2,2026-10-08 15:55:00,5,第8回日本一しょうゆ杯,1,3656,伯母 芳恒,3,52,54.2,1,0,0.19,4.66,25,42.65,5.94,41.94,64.52,32.26,51.08,32.18,49.01
2026-10-08,1,2,2026-10-08 15:55:00,5,第8回日本一しょうゆ杯,2,4803,飯田 庄吾,3,32,57.6,0,0,0.19,4.07,21.74,33.33,0,0,0,28.95,47.37,32.84,50
2026-10-08,1,2,2026-10-08 15:55:00,5,第8回日本一しょうゆ杯,3,5049,松井 友汰,2,31,53.3,1,0,0.19,6.27,45.33,65.33,7.67,66.67,88.89,27.87,44.26,38.12,50.5
2026-10-08,1,2,2026-10-08 15:55:00,5,第8回日本一しょうゆ杯,4,5379,廣部 大明,3,22,52.9,0,0,0.2,3.2,10.98,18.29,0,0,0,27.22,48.1,35.15,47.52
2026-10-08,1,2,2026-10-08 15:55:00,5,第8回日本一しょうゆ杯,5,5046,松山 裕基,3,32,53.3,1,0,0.17,3.69,13.24,29.41,4.17,22.22,33.33,35.68,49.3,28.65,39.77
2026-10-08,1,2,2026-10-08 15:55:00,5,第8回日本一しょうゆ杯,6,3800,牧 宏次,2,52,52.6,0,0,0.16,5.63,33.72,53.49,5.74,41.94,58.06,35.64,50.99,27.89,46.84
2026-10-08,1,3,2026-10-08 16:22:00,5,第8回日本一しょうゆ杯,1,3947,寺本 昇平,3,50,50,0,0,0.19,4.49,22.58,37.63,5.13,29.7,50.5,37.5,53.8,34,53
2026-10-08,1,3,2026-10-08 16:22:00,5,第8回日本一しょうゆ杯,2,4151,下河 誉史,3,44,53.8,0,0,0.19,5.06,29.55,53.41,5,36.84,47.37,48.8,69.28,38.66,57.73
2026-10-08,1,3,2026-10-08 16:22:00,5,第8回日本一しょうゆ杯,3,3875,廣中 良一,3,49,51,0,0,0.18,4.61,27.17,43.48,0,0,0,40,52.12,37.3,57.84
2026-10-08,1,3,2026-10-08 16:22:00,5,第8回日本一しょうゆ杯,4,4093,吉田 宗弘,3,45,51,1,0,0.19,4.64,24.66,42.47,3.7,18.52,22.22,31.22,49.27,27.89,50.53
2026-10-08,1,3,2026-10-08 16:22:00,5,第8回日本一しょうゆ杯,5,4155,長野 壮志郎,2,45,55,0,0,0.16,5.86,43.81,60,6.2,60,60,34.45,51.67,33.33,49.02
2026-10-08,1,3,2026-10-08 16:22:00,5,第8回日本一しょうゆ杯,6,4528,黒井 達矢,1,38,52,0,0,0.17,6.43,40.96,55.42,6.69,53.85,71.79,34.47,52.43,40.21,53.09
2026-10-08,1,4,2026-10-08 16:48:00,5,第8回日本一しょうゆ杯,1,3848,川上 聡介,3,49,56.3,0,0,0.15,4.58,27.5,40,4.42,22.58,41.94,35.32,59.63,29.44,50.76
2026-10-08,1,4,2026-10-08 16:48:00,5,第8回日本一しょうゆ杯,2,3546,中里 昌志,3,57,52,0,0,0.19,4.8,26.6,45.74,4.78,22.22,44.44,40.54,56.22,29.17,46.35
2026-10-08,1,4,2026-10-08 16:48:00,5,第8回日本一しょうゆ杯,3,4143,浦田 晃嗣,3,45,55.9,0,0,0.16,4.05,21.05,33.68,0,0,0,34.22,52,38.02,58.33
2026-10-08,1,4,2026-10-08 16:48:00,5,第8回日本一しょうゆ杯,4,5187,小坂 風太,4,26,56.7,1,0,0.21,3.06,5.63,25.35,6.1,40,60,39.89,60.11,31,53
2026-10-08,1,4,2026-10-08 16:48:00,5,第8回日本一しょうゆ杯,5,4051,清水 敦揮,2,45,54.9,0,0,0.17,6.79,50.65,71.43,5.33,33.33,55.56,51.4,70.39,25.15,42.94
2026-10-08,1,4,2026-10-08 16:48:00,5,第8回日本一しょうゆ杯,6,4294,古賀 繁輝,1,40,54.9,0,0,0.14,6.82,52.81,75.28,4.32,15.79,31.58,39.42,54.74,38.28,50.72
2026-10-08,1,5,2026-10-08 17:17:00,5,第8回日本一しょうゆ杯,1,4871,菊池 宏志,3,34,52.5,1,0,0.17,3.64,16.44,30.14,4.67,11.11,44.44,35.68,53.99,39.06,58.85
2026-10-08,1,5,2026-10-08 17:17:00,5,第8回日本一しょうゆ杯,2,5234,塚越 海斗,1,28,52.2,0,0,0.15,6.53,51.16,65.89,6.69,50.66,73.03,30.39,50.49,35.78,51.47
2026-10-08,1,5,2026-10-08 17:17:00,5,第8回日本一しょうゆ杯,3,3550,都築 正治,3,55,53,0,0,0.16,5.18,35.04,51.28,5.67,45.24,54.76,34.67,50.75,31.38,46.28
2026-10-08,1,5,2026-10-08 17:17:00,5,第8回日本一しょうゆ杯,4,4637,中田 友也,2,36,56.5,0,0,0.18,5.63,37.1,50,5.05,28.57,47.62,30.3,46.46,36.13,49.74
2026-10-08,1,5,2026-10-08 17:17:00,5,第8回日本一しょうゆ杯,5,4303,牧原 崇,3,43,52.1,0,0,0.18,4.84,22.06,48.53,4.29,11.76,41.18,37.8,60.98,33.33,47.47
2026-10-08,1,5,2026-10-08 17:17:00,5,第8回日本一しょうゆ杯,6,4110,小澤 和也,3,46,54.7,1,0,0.18,3.71,14.67,30.67,3.96,25,32.14,39.08,58.05,33.65,52.88
2026-10-08,1,6,2026-10-08 17:48:00,5,第8回日本一しょうゆ杯,1,4506,稗田 聖也,1,38,52.1,0,0,0.14,6.24,46.23,63.21,5.35,36.96,56.52,33.33,46.86,34.72,52.33
2026-10-08,1,6,2026-10-08 17:48:00,5,第8回日本一しょうゆ杯,2,3973,崎 利仁,3,50,53.1,0,0,0.21,4.59,22.77,42.57,5,29.69,44.53,31.15,46.45,34.04,54.26
2026-10-08,1,6,2026-10-08 17:48:00,5,第8回日本一しょうゆ杯,3,3596,河上 年昭,3,57,54.9,1,0,0.17,4.24,16.67,36.36,5.18,28.57,53.57,45.68,62.35,32.84,46.27
2026-10-08,1,6,2026-10-08 17:48:00,5,第8回日本一しょうゆ杯,4,3656,伯母 芳恒,3,52,54.2,1,0,0.19,4.66,25,42.65,5.94,41.94,64.52,32.26,51.08,32.18,49.01
2026-10-08,1,6,2026-10-08 17:48:00,5,第8回日本一しょうゆ杯,5,4393,田中 孝明,3,40,57.2,0,0,0.2,4.08,16.9,26.76,3.87,13.04,30.43,33.67,47.96,41.03,59.49
2026-10-08,1,6,2026-10-08 17:48:00,5,第8回日本一しょうゆ杯,6,5455,澁澤 周羽,4,20,52.1,0,0,,1.54,0,4.05,1.69,0,6.25,31.48,48.61,33.33,53.33
2026-10-08,1,7,2026-10-08 18:17:00,5,第8回日本一しょうゆ杯,1,3968,茶谷 信次,2,50,52.2,0,0,0.18,5.52,36.9,55.95,5.79,34.48,58.62,26.26,43.02,35.71,49.49
2026-10-08,1,7,2026-10-08 18:17:00,5,第8回日本一しょうゆ杯,2,4837,酒井 陽祐,3,37,52,0,0,0.16,5,34.88,50,4.71,28.57,42.86,28.5,43.48,31.79,47.18
2026-10-08,1,7,2026-10-08 18:17:00,5,第8回日本一しょうゆ杯,3,4581,吉村 誠,1,37,52,2,0,0.14,6.25,45.45,63.64,7,55.56,66.67,31.73,49.04,31.98,48.22
2026-10-08,1,7,2026-10-08 18:17:00,5,第8回日本一しょうゆ杯,4,3875,廣中 良一,3,49,51,0,0,0.18,4.61,27.17,43.48,0,0,0,40,52.12,37.3,57.84
2026-10-08,1,7,2026-10-08 18:17:00,5,第8回日本一しょうゆ杯,5,4803,飯田 庄吾,3,32,57.6,0,0,0.19,4.07,21.74,33.33,0,0,0,28.95,47.37,32.84,50
2026-10-08,1,7,2026-10-08 18:17:00,5,第8回日本一しょうゆ杯,6,3652,森下 勇,3,53,54.5,0,0,0.19,3.62,13.16,27.63,4.15,19.54,35.63,38.89,61.81,25.44,40.24
2026-10-08,1,8,2026-10-08 18:48:00,5,第8回日本一しょうゆ杯,1,4155,長野 壮志郎,2,45,55,0,0,0.16,5.86,43.81,60,6.2,60,60,34.45,51.67,33.33,49.02
2026-10-08,1,8,2026-10-08 18:48:00,5,第8回日本一しょうゆ杯,2,3635,石田 政吾,3,55,52,0,0,0.17,5.1,32.93,53.66,5.39,39.47,55.26,40.51,56.92,34.2,56.48
2026-10-08,1,8,2026-10-08 18:48:00,5,第8回日本一しょうゆ杯,3,5046,松山 裕基,3,32,53.3,1,0,0.17,3.69,13.24,29.41,4.17,22.22,33.33,35.68,49.3,28.65,39.77
2026-10-08,1,8,2026-10-08 18:48:00,5,第8回日本一しょうゆ杯,4,5364,金子 怜央,3,26,52.5,1,0,0.17,2.05,2.38,8.33,2.48,3.85,11.54,30.37,46.07,39.18,57.22
2026-10-08,1,8,2026-10-08 18:48:00,5,第8回日本一しょうゆ杯,5,3612,馬袋 義則,1,54,52.7,0,0,0.14,6.92,55.73,70.99,7.8,73.33,86.67,27.08,38.19,38.78,60.2
2026-10-08,1,8,2026-10-08 18:48:00,5,第8回日本一しょうゆ杯,6,4143,浦田 晃嗣,3,45,55.9,0,0,0.16,4.05,21.05,33.68,0,0,0,34.22,52,38.02,58.33
2026-10-08,1,9,2026-10-08 19:16:00,5,第8回日本一しょうゆ杯,1,3532,柴田 光,4,54,52.7,2,0,0.15,5.81,40,57.14,6.5,48.25,65.73,39.08,60.34,31.55,47.06
2026-10-08,1,9,2026-10-08 19:16:00,5,第8回日本一しょうゆ杯,2,4528,黒井 達矢,1,38,52,0,0,0.17,6.43,40.96,55.42,6.69,53.85,71.79,34.47,52.43,40.21,53.09
2026-10-08,1,9,2026-10-08 19:16:00,5,第8回日本一しょうゆ杯,3,4886,入海 馨,2,30,53.6,0,0,0.14,6.84,47.25,69.23,6.47,36.84,57.89,42.58,60.29,40,51.67
2026-10-08,1,9,2026-10-08 19:16:00,5,第8回日本一しょうゆ杯,4,5049,松井 友汰,2,31,53.3,1,0,0.19,6.27,45.33,65.33,7.67,66.67,88.89,27.87,44.26,38.12,50.5
2026-10-08,1,9,2026-10-08 19:16:00,5,第8回日本一しょうゆ杯,5,3294,野中 義生,3,61,52.7,1,0,0.17,4.34,20,45.71,4.61,16.67,44.44,32.06,54.07,37.75,53.43
2026-10-08,1,9,2026-10-08 19:16:00,5,第8回日本一しょうゆ杯,6,3577,向所 浩二,3,53,58.2,0,0,0.17,4.39,20,36.47,4,25,25,36.26,46.7,32.18,49.5
2026-10-08,1,10,2026-10-08 19:48:00,5,第8回日本一しょうゆ杯,1,5311,小林 京平,3,28,52,0,0,0.18,5.57,37.5,53.13,4.11,22.22,33.33,44.44,64.81,43.65,59.39
2026-10-08,1,10,2026-10-08 19:48:00,5,第8回日本一しょうゆ杯,2,4294,古賀 繁輝,1,40,54.9,0,0,0.14,6.82,52.81,75.28,4.32,15.79,31.58,39.42,54.74,38.28,50.72
2026-10-08,1,10,2026-10-08 19:48:00,5,第8回日本一しょうゆ杯,3,4142,平野 和明,2,45,53.6,0,0,0.18,5.59,30.56,59.26,0,0,0,36.18,49.75,38.05,55.12
2026-10-08,1,10,2026-10-08 19:48:00,5,第8回日本一しょうゆ杯,4,3385,渡邉 睦広,2,57,52,0,0,0.16,5.44,35.51,53.27,5.35,35.29,52.94,28.65,47.92,46.39,61.86
2026-10-08,1,10,2026-10-08 19:48:00,5,第8回日本一しょうゆ杯,5,3947,寺本 昇平,3,50,50,0,0,0.19,4.49,22.58,37.63,5.13,29.7,50.5,37.5,53.8,34,53
2026-10-08,1,10,2026-10-08 19:48:00,5,第8回日本一しょうゆ杯,6,3550,都築 正治,3,55,53,0,0,0.16,5.18,35.04,51.28,5.67,45.24,54.76,34.67,50.75,31.38,46.28
2026-10-08,1,11,2026-10-08 20:17:00,5,第8回日本一しょうゆ杯,1,4950,高岡 竜也,1,33,52.1,0,0,0.16,6.1,47.83,60.87,6.55,54.55,63.64,41.62,60.12,38.61,56.93
2026-10-08,1,11,2026-10-08 20:17:00,5,第8回日本一しょうゆ杯,2,4637,中田 友也,2,36,56.5,0,0,0.18,5.63,37.1,50,5.05,28.57,47.62,30.3,46.46,36.13,49.74
2026-10-08,1,11,2026-10-08 20:17:00,5,第8回日本一しょうゆ杯,3,4506,稗田 聖也,1,38,52.1,0,0,0.14,6.24,46.23,63.21,5.35,36.96,56.52,33.33,46.86,34.72,52.33
2026-10-08,1,11,2026-10-08 20:17:00,5,第8回日本一しょうゆ杯,4,4550,石岡 将太,2,37,55.9,0,0,0.16,4.77,23.23,44.44,4.97,32.69,48.08,42.58,56.13,34.15,49.76
2026-10-08,1,11,2026-10-08 20:17:00,5,第8回日本一しょうゆ杯,5,4093,吉田 宗弘,3,45,51,1,0,0.19,4.64,24.66,42.47,3.7,18.52,22.22,31.22,49.27,27.89,50.53
2026-10-08,1,11,2026-10-08 20:17:00,5,第8回日本一しょうゆ杯,6,5379,廣部 大明,3,22,52.9,0,0,0.2,3.2,10.98,18.29,0,0,0,27.22,48.1,35.15,47.52
2026-10-08,1,12,2026-10-08 20:45:00,5,第8回日本一しょうゆ杯,1,5234,塚越 海斗,1,28,52.2,0,0,0.15,6.53,51.16,65.89,6.69,50.66,73.03,30.39,50.49,35.78,51.47
2026-10-08,1,12,2026-10-08 20:45:00,5,第8回日本一しょうゆ杯,2,4051,清水 敦揮,2,45,54.9,0,0,0.17,6.79,50.65,71.43,5.33,33.33,55.56,51.4,70.39,25.15,42.94
2026-10-08,1,12,2026-10-08 20:45:00,5,第8回日本一しょうゆ杯,3,3800,牧 宏次,2,52,52.6,0,0,0.16,5.63,33.72,53.49,5.74,41.94,58.06,35.64,50.99,27.89,46.84
2026-10-08,1,12,2026-10-08 20:45:00,5,第8回日本一しょうゆ杯,4,3635,石田 政吾,3,55,52,0,0,0.17,5.1,32.93,53.66,5.39,39.47,55.26,40.51,56.92,34.2,56.48
2026-10-08,1,12,2026-10-08 20:45:00,5,第8回日本一しょうゆ杯,5,4581,吉村 誠,1,37,52,2,0,0.14,6.25,45.45,63.64,7,55.56,66.67,31.73,49.04,31.98,48.22
2026-10-08,1,12,2026-10-08 20:45:00,5,第8回日本一しょうゆ杯,6,4151,下河 誉史,3,44,53.8,0,0,0.19,5.06,29.55,53.41,5,36.84,47.37,48.8,69.28,38.66,57.73
2026-10-08,3,1,2026-10-08 11:14:00,4,オールレディース 江戸川女王決定戦KIRINCUP,1,4283,石井 裕美,3,42,50.2,0,0,0.17,4.14,7.89,39.47,6.04,39.29,62.5,26.58,46.84,37.33,56
2026-10-08,3,1,2026-10-08 11:14:00,4,オールレディース 江戸川女王決定戦KIRINCUP,2,5327,西田 和加,4,22,47.6,1,0,0.19,1.92,1.89,5.66,1.2,0,0,50.63,69.62,34.21,47.37
2026-10-08,3,1,2026-10-08 11:14:00,4,オールレディース 江戸川女王決定戦KIRINCUP,3,4882,瀧川 千依,4,30,48,0,0,0.24,4.09,23.53,29.41,4.2,30,40,35.9,51.28,37.21,54.65
2026-10-08,3,1,2026-10-08 11:14:00,4,オールレディース 江戸川女王決定戦KIRINCUP,4,5365,石村 日奈那,3,25,46.5,1,0,0.19,3.18,13.92,20.25,1.44,0,0,43.9,54.88,38.27,45.68
2026-10-08,3,1,2026-10-08 11:14:00,4,オールレディース 江戸川女王決定戦KIRINCUP,5,5213,湯淺 紀香,3,27,47.1,0,0,0.2,5.45,39.39,53.54,4.56,11.11,44.44,35.71,53.57,38.1,54.76
2026-10-08,3,1,2026-10-08 11:14:00,4,オールレディース 江戸川女王決定戦KIRINCUP,6,4275,菅野 はやか,3,44,50.5,0,0,0.22,3.84,20.9,29.85,3.4,0,26.67,40.24,51.22,32.89,46.05
2026-10-08,3,2,2026-10-08 11:41:00,4,オールレディース 江戸川女王決定戦KIRINCUP,1,5361,植竹 玲奈,3,19,48.3,0,0,0.23,3.13,8.97,20.51,0,0,0,35,46.25,39.24,55.7
2026-10-08,3,2,2026-10-08 11:41:00,4,オールレディース 江戸川女王決定戦KIRINCUP,2,4897,深見 亜由美,3,34,45.5,0,0,0.21,3.99,14.29,37.66,5.3,40,50,41.03,65.38,32.14,51.19
2026-10-08,3,2,2026-10-08 11:41:00,4,オールレディース 江戸川女王決定戦KIRINCUP,3,3932,池田 浩美,3,50,51.6,0,0,0.17,5.14,37.5,51.39,5.73,46.67,46.67,36.9,46.43,50,65
2026-10-08,3,2,2026-10-08 11:41:00,4,オールレディース 江戸川女王決定戦KIRINCUP,4,5358,増本 杏珠,4,21,48.1,0,0,0.21,3.07,8.33,19.05,0,0,0,40.79,55.26,29.27,48.78
2026-10-08,3,2,2026-10-08 11:41:00,4,オールレディース 江戸川女王決定戦KIRINCUP,5,4680,後藤 美翼,2,36,47,0,0,0.21,5.67,36.29,58.87,6.71,45.83,79.17,27.38,38.1,33.33,50.62
2026-10-08,3,2,2026-10-08 11:41:00,4,オールレディース 江戸川女王決定戦KIRINCUP,6,5390,高橋 涼夏,4,19,47.5,1,0,0.17,2.98,10.2,20.41,1.38,0,0,49.3,63.38,29.76,40.48
2026-10-08,3,3,2026-10-08 12:08:00,4,オールレディース 江戸川女王決定戦KIRINCUP,1,4843,深尾 巴恵,3,34,47,1,0,0.16,3.63,14.29,28.57,4.87,26.67,46.67,43.02,63.95,28.4,38.27
2026-10-08,3,3,2026-10-08 12:08:00,4,オールレディース 江戸川女王決定戦KIRINCUP,2,3355,橋谷田 佳織,4,58,39.5,0,0,0.26,3.44,12.5,25,0,0,0,44.3,62.03,36.25,56.25
2026-10-08,3,3,2026-10-08 12:08:00,4,オールレディース 江戸川女王決定戦KIRINCUP,3,5153,佐藤 ほのか,3,30,47.4,1,0,0.16,3.48,8.33,27.38,5.07,26.87,47.76,35.8,53.09,35.62,43.84
2026-10-08,3,3,2026-10-08 12:08:00,4,オールレディース 江戸川女王決定戦KIRINCUP,4,3528,笠野 友紀恵,3,55,48,0,0,0.2,4.06,19.51,28.05,6.33,33.33,77.78,32.94,62.35,31.03,52.87
2026-10-08,3,3,2026-10-08 12:08:00,4,オールレディース 江戸川女王決定戦KIRINCUP,5,4050,田口 節子,1,45,47,0,0,0.15,7.8,62.96,80.56,0,0,0,45.45,67.05,36.59,57.32
2026-10-08,3,3,2026-10-08 12:08:00,4,オールレディース 江戸川女王決定戦KIRINCUP,6,5447,岡本 亜子,4,24,49.8,0,0,,1.08,0,0,0,0,0,30.86,44.44,45.12,58.54
2026-10-08,3,4,2026-10-08 12:35:00,4,オールレディース 江戸川女王決定戦KIRINCUP,1,4941,孫崎 百世,3,37,47,0,0,0.21,4.64,30.86,40.74,2.6,20,20,28.75,40,35.29,51.76
2026-10-08,3,4,2026-10-08 12:35:00,4,オールレディース 江戸川女王決定戦KIRINCUP,2,4478,櫻本 あゆみ,1,38,48.4,0,0,0.16,6,43.48,55.43,5.95,31.58,57.89,30.38,41.77,33.73,49.4
2026-10-08,3,4,2026-10-08 12:35:00,4,オールレディース 江戸川女王決定戦KIRINCUP,3,4940,白石 有美,4,28,51.9,0,0,0.18,4.18,19.18,39.73,4.66,28.13,43.75,36.14,53.01,29.63,44.44
2026-10-08,3,4,2026-10-08 12:35:00,4,オールレディース 江戸川女王決定戦KIRINCUP,4,5418,堀内 亜海,4,20,55.5,1,0,0.2,1.08,0,0,0,0,0,28.05,45.12,41.46,60.98
2026-10-08,3,4,2026-10-08 12:35:00,4,オールレディース 江戸川女王決定戦KIRINCUP,5,4347,魚谷 香織,2,41,46.5,0,0,0.18,6.47,50.55,65.93,7.11,55.56,88.89,38.37,58.14,40.7,60.47
2026-10-08,3,4,2026-10-08 12:35:00,4,オールレディース 江戸川女王決定戦KIRINCUP,6,5314,中曽 瑠華,3,26,51,0,0,0.19,3.18,8.75,23.75,2.74,0,16.13,37.8,56.1,38.27,54.32
2026-10-08,3,5,2026-10-08 13:02:00,4,オールレディース 江戸川女王決定戦KIRINCUP,1,5327,西田 和加,4,22,47.6,1,0,0.19,1.92,1.89,5.66,1.2,0,0,50.63,69.62,34.21,47.37
2026-10-08,3,5,2026-10-08 13:02:00,4,オールレディース 江戸川女王決定戦KIRINCUP,2,4627,藤原 菜希,2,40,47,0,0,0.15,6.39,47.5,63.75,8.07,72.41,86.21,30.59,47.06,44.58,56.63
2026-10-08,3,5,2026-10-08 13:02:00,4,オールレディース 江戸川女王決定戦KIRINCUP,3,4924,中北 涼,3,33,47.9,0,0,0.17,4.72,22.22,42.42,3.33,0,22.22,36.59,48.78,31.33,45.78
2026-10-08,3,5,2026-10-08 13:02:00,4,オールレディース 江戸川女王決定戦KIRINCUP,4,3435,寺田 千恵,2,57,46,0,0,0.15,6.72,46.96,67.83,8,66.67,91.67,30.86,45.68,34.15,52.44
2026-10-08,3,5,2026-10-08 13:02:00,4,オールレディース 江戸川女王決定戦KIRINCUP,5,4414,大澤 真菜,3,40,46,0,0,0.19,3.67,19.18,31.51,3.95,15.79,31.58,45.88,68.24,36.67,48.89
2026-10-08,3,5,2026-10-08 13:02:00,4,オールレディース 江戸川女王決定戦KIRINCUP,6,5117,冨名腰 桃奈,3,26,45.5,0,0,0.19,5.32,34.78,52.17,0,0,0,36.78,55.17,32.95,45.45
2026-10-08,3,6,2026-10-08 13:29:00,4,オールレディース 江戸川女王決定戦KIRINCUP,1,5358,増本 杏珠,4,21,48.1,0,0,0.21,3.07,8.33,19.05,0,0,0,40.79,55.26,29.27,48.78
2026-10-08,3,6,2026-10-08 13:29:00,4,オールレディース 江戸川女王決定戦KIRINCUP,2,5129,山口 真喜子,2,29,46.5,0,0,0.17,5.9,40.32,61.29,7,44.44,77.78,46.59,65.91,43.37,59.04
2026-10-08,3,6,2026-10-08 13:29:00,4,オールレディース 江戸川女王決定戦KIRINCUP,3,5320,岩崎 麗子,3,25,47.4,0,0,0.18,3.99,20.27,28.38,2.89,11.11,11.11,49.37,68.35,29.73,44.59
2026-10-08,3,6,2026-10-08 13:29:00,4,オールレディース 江戸川女王決定戦KIRINCUP,4,4246,喜多 那由夏,3,44,47.3,0,0,0.18,3.99,17.65,36.47,2.83,16.67,16.67,28.75,42.5,34.83,49.44
2026-10-08,3,6,2026-10-08 13:29:00,4,オールレディース 江戸川女王決定戦KIRINCUP,5,4208,三浦 永理,1,43,47,0,0,0.15,7.32,60.63,79.53,7.75,62.5,75,31.33,49.4,33.73,48.19
2026-10-08,3,6,2026-10-08 13:29:00,4,オールレディース 江戸川女王決定戦KIRINCUP,6,5365,石村 日奈那,3,25,46.5,1,0,0.19,3.18,13.92,20.25,1.44,0,0,43.9,54.88,38.27,45.68
2026-10-08,3,7,2026-10-08 13:56:00,4,オールレディース 江戸川女王決定戦KIRINCUP,1,3994,小野 桜,3,47,46,0,0,0.18,4.52,20,40,5.45,32.26,58.06,41.67,51.19,34.57,53.09
2026-10-08,3,7,2026-10-08 13:56:00,4,オールレディース 江戸川女王決定戦KIRINCUP,2,4965,福岡 泉水,3,29,50.8,1,0,0.19,4.38,20.88,37.36,0,0,0,29.27,48.78,28.74,49.43
2026-10-08,3,7,2026-10-08 13:56:00,4,オールレディース 江戸川女王決定戦KIRINCUP,3,3528,笠野 友紀恵,3,55,48,0,0,0.2,4.06,19.51,28.05,6.33,33.33,77.78,32.94,62.35,31.03,52.87
2026-10-08,3,7,2026-10-08 13:56:00,4,オールレディース 江戸川女王決定戦KIRINCUP,4,4286,平田 さやか,2,42,47.7,0,0,0.15,6.13,43.94,65.15,6.34,46.48,67.61,40.51,62.03,37.5,62.5
2026-10-08,3,7,2026-10-08 13:56:00,4,オールレディース 江戸川女王決定戦KIRINCUP,5,4897,深見 亜由美,3,34,45.5,0,0,0.21,3.99,14.29,37.66,5.3,40,50,41.03,65.38,32.14,51.19
2026-10-08,3,7,2026-10-08 13:56:00,4,オールレディース 江戸川女王決定戦KIRINCUP,6,5454,谷島 咲希,4,20,47.5,0,0,,1.44,1.47,1.47,0,0,0,40.24,56.1,29.73,48.65
2026-10-08,3,8,2026-10-08 14:24:00,4,オールレディース 江戸川女王決定戦KIRINCUP,1,4974,安井 瑞紀,2,33,47,1,0,0.18,5.36,38.14,47.46,5.68,24,64,36.47,51.76,28.92,45.78
2026-10-08,3,8,2026-10-08 14:24:00,4,オールレディース 江戸川女王決定戦KIRINCUP,2,4941,孫崎 百世,3,37,47,0,0,0.21,4.64,30.86,40.74,2.6,20,20,28.75,40,35.29,51.76
2026-10-08,3,8,2026-10-08 14:24:00,4,オールレディース 江戸川女王決定戦KIRINCUP,3,4275,菅野 はやか,3,44,50.5,0,0,0.22,3.84,20.9,29.85,3.4,0,26.67,40.24,51.22,32.89,46.05
2026-10-08,3,8,2026-10-08 14:24:00,4,オールレディース 江戸川女王決定戦KIRINCUP,4,5390,高橋 涼夏,4,19,47.5,1,0,0.17,2.98,10.2,20.41,1.38,0,0,49.3,63.38,29.76,40.48
2026-10-08,3,8,2026-10-08 14:24:00,4,オールレディース 江戸川女王決定戦KIRINCUP,5,3357,福島 陽子,3,57,48.2,0,0,0.19,3.83,11.24,33.71,4.38,20.83,41.67,34.94,50.6,39.02,57.32
2026-10-08,3,8,2026-10-08 14:24:00,4,オールレディース 江戸川女王決定戦KIRINCUP,6,4450,平高 奈菜,2,39,47.1,1,0,0.16,6.78,50,73.28,0,0,0,31.03,49.43,35.96,53.93
2026-10-08,3,9,2026-10-08 14:52:00,4,オールレディース 江戸川女王決定戦KIRINCUP,1,3611,岩崎 芳美,2,54,47.5,0,0,0.14,6.13,40.95,62.86,6.8,40,70,37.8,62.2,48.86,60.23
2026-10-08,3,9,2026-10-08 14:52:00,4,オールレディース 江戸川女王決定戦KIRINCUP,2,5117,冨名腰 桃奈,3,26,45.5,0,0,0.19,5.32,34.78,52.17,0,0,0,36.78,55.17,32.95,45.45
2026-10-08,3,9,2026-10-08 14:52:00,4,オールレディース 江戸川女王決定戦KIRINCUP,3,4690,高石 梨菜,4,32,48,0,0,,5.33,34.92,52.38,0,0,0,28.24,34.12,44.71,64.71
2026-10-08,3,9,2026-10-08 14:52:00,4,オールレディース 江戸川女王決定戦KIRINCUP,4,4843,深尾 巴恵,3,34,47,1,0,0.16,3.63,14.29,28.57,4.87,26.67,46.67,43.02,63.95,28.4,38.27
2026-10-08,3,9,2026-10-08 14:52:00,4,オールレディース 江戸川女王決定戦KIRINCUP,5,4940,白石 有美,4,28,51.9,0,0,0.18,4.18,19.18,39.73,4.66,28.13,43.75,36.14,53.01,29.63,44.44
2026-10-08,3,9,2026-10-08 14:52:00,4,オールレディース 江戸川女王決定戦KIRINCUP,6,3618,海野 ゆかり,1,52,45.5,0,0,0.19,6.32,45.31,61.72,0,0,0,45.98,63.22,37.21,60.47
2026-10-08,3,10,2026-10-08 15:22:00,4,オールレディース 江戸川女王決定戦KIRINCUP,1,4347,魚谷 香織,2,41,46.5,0,0,0.18,6.47,50.55,65.93,7.11,55.56,88.89,38.37,58.14,40.7,60.47
2026-10-08,3,10,2026-10-08 15:22:00,4,オールレディース 江戸川女王決定戦KIRINCUP,2,5361,植竹 玲奈,3,19,48.3,0,0,0.23,3.13,8.97,20.51,0,0,0,35,46.25,39.24,55.7
2026-10-08,3,10,2026-10-08 15:22:00,4,オールレディース 江戸川女王決定戦KIRINCUP,3,5213,湯淺 紀香,3,27,47.1,0,0,0.2,5.45,39.39,53.54,4.56,11.11,44.44,35.71,53.57,38.1,54.76
2026-10-08,3,10,2026-10-08 15:22:00,4,オールレディース 江戸川女王決定戦KIRINCUP,4,3604,武藤 綾子,3,56,47.7,0,0,0.19,4.51,21.05,42.11,4.92,30.77,46.15,29.89,48.28,38.1,53.57
2026-10-08,3,10,2026-10-08 15:22:00,4,オールレディース 江戸川女王決定戦KIRINCUP,5,4246,喜多 那由夏,3,44,47.3,0,0,0.18,3.99,17.65,36.47,2.83,16.67,16.67,28.75,42.5,34.83,49.44
2026-10-08,3,10,2026-10-08 15:22:00,4,オールレディース 江戸川女王決定戦KIRINCUP,6,4050,田口 節子,1,45,47,0,0,0.15,7.8,62.96,80.56,0,0,0,45.45,67.05,36.59,57.32
2026-10-08,3,11,2026-10-08 15:53:00,4,オールレディース 江戸川女王決定戦KIRINCUP,1,4478,櫻本 あゆみ,1,38,48.4,0,0,0.16,6,43.48,55.43,5.95,31.58,57.89,30.38,41.77,33.73,49.4
2026-10-08,3,11,2026-10-08 15:53:00,4,オールレディース 江戸川女王決定戦KIRINCUP,2,3994,小野 桜,3,47,46,0,0,0.18,4.52,20,40,5.45,32.26,58.06,41.67,51.19,34.57,53.09
2026-10-08,3,11,2026-10-08 15:53:00,4,オールレディース 江戸川女王決定戦KIRINCUP,3,5129,山口 真喜子,2,29,46.5,0,0,0.17,5.9,40.32,61.29,7,44.44,77.78,46.59,65.91,43.37,59.04
2026-10-08,3,11,2026-10-08 15:53:00,4,オールレディース 江戸川女王決定戦KIRINCUP,4,3355,橋谷田 佳織,4,58,39.5,0,0,0.26,3.44,12.5,25,0,0,0,44.3,62.03,36.25,56.25
2026-10-08,3,11,2026-10-08 15:53:00,4,オールレディース 江戸川女王決定戦KIRINCUP,5,4283,石井 裕美,3,42,50.2,0,0,0.17,4.14,7.89,39.47,6.04,39.29,62.5,26.58,46.84,37.33,56
2026-10-08,3,11,2026-10-08 15:53:00,4,オールレディース 江戸川女王決定戦KIRINCUP,6,3932,池田 浩美,3,50,51.6,0,0,0.17,5.14,37.5,51.39,5.73,46.67,46.67,36.9,46.43,50,65
2026-10-08,3,12,2026-10-08 16:25:00,4,オールレディース 江戸川女王決定戦KIRINCUP,1,4208,三浦 永理,1,43,47,0,0,0.15,7.32,60.63,79.53,7.75,62.5,75,31.33,49.4,33.73,48.19
2026-10-08,3,12,2026-10-08 16:25:00,4,オールレディース 江戸川女王決定戦KIRINCUP,2,4891,寺島 美里,3,36,46.5,1,0,0.16,5.15,32.1,48.15,6.31,44.44,72.22,39.08,58.62,32.94,58.82
2026-10-08,3,12,2026-10-08 16:25:00,4,オールレディース 江戸川女王決定戦KIRINCUP,3,4680,後藤 美翼,2,36,47,0,0,0.21,5.67,36.29,58.87,6.71,45.83,79.17,27.38,38.1,33.33,50.62
2026-10-08,3,12,2026-10-08 16:25:00,4,オールレディース 江戸川女王決定戦KIRINCUP,4,5151,山下 奈緒,3,31,47,0,0,0.23,3.92,19.18,31.51,5.18,33.33,36.36,31.33,46.99,39.47,52.63
2026-10-08,3,12,2026-10-08 16:25:00,4,オールレディース 江戸川女王決定戦KIRINCUP,5,4974,安井 瑞紀,2,33,47,1,0,0.18,5.36,38.14,47.46,5.68,24,64,36.47,51.76,28.92,45.78
2026-10-08,3,12,2026-10-08 16:25:00,4,オールレディース 江戸川女王決定戦KIRINCUP,6,4924,中北 涼,3,33,47.9,0,0,0.17,4.72,22.22,42.42,3.33,0,22.22,36.59,48.78,31.33,45.78
2026-10-08,5,1,2026-10-08 10:41:00,5,第10回ドコモSMTBネット銀行賞,1,5385,鈴木 柊介,3,21,54.7,0,0,0.14,2.57,4.41,17.65,1.24,0,0,36.7,54.13,31.03,44.83
2026-10-08,5,1,2026-10-08 10:41:00,5,第10回ドコモSMTBネット銀行賞,2,5272,松田 真実,3,25,47,0,0,0.19,5.04,31.63,46.94,2,4.17,8.33,39.2,56,33.9,50
2026-10-08,5,1,2026-10-08 10:41:00,5,第10回ドコモSMTBネット銀行賞,3,3660,長谷川 親王,3,57,57.1,0,0,0.19,3.74,11.9,30.95,0,0,0,37.07,55.17,25.83,40.83
2026-10-08,5,1,2026-10-08 10:41:00,5,第10回ドコモSMTBネット銀行賞,4,5387,戸田 海咲音,4,20,51.1,0,0,0.2,1.65,0,3.23,0,0,0,40.19,52.34,28.13,38.54
2026-10-08,5,1,2026-10-08 10:41:00,5,第10回ドコモSMTBネット銀行賞,5,5461,板頭 里緒,4,19,49.9,1,0,,1.13,0,0,0,0,0,51.61,70.97,23.36,39.25
2026-10-08,5,1,2026-10-08 10:41:00,5,第10回ドコモSMTBネット銀行賞,6,4318,桑原 将光,2,42,52.1,1,0,0.16,5.24,23.53,55.29,5.46,28.85,59.62,28.89,40,35.09,47.37
2026-10-08,5,2,2026-10-08 11:11:00,5,第10回ドコモSMTBネット銀行賞,1,4650,中山 雄太,4,42,52.1,0,0,0.13,3.8,21.95,24.39,6.53,47.37,63.16,24.18,39.56,30,42.73
2026-10-08,5,2,2026-10-08 11:11:00,5,第10回ドコモSMTBネット銀行賞,2,4889,後藤 盛也,3,37,52,2,0,0.13,3.94,22.22,33.33,5.55,35,50,36.28,50.44,31.03,45.69
2026-10-08,5,2,2026-10-08 11:11:00,5,第10回ドコモSMTBネット銀行賞,3,4990,田中 博子,4,29,47,0,0,0.21,3.67,15.69,27.45,0,0,0,29.82,45.61,30.21,51.04
2026-10-08,5,2,2026-10-08 11:11:00,5,第10回ドコモSMTBネット銀行賞,4,3857,阿波 勝哉,3,53,52.5,0,0,0.21,4.94,28.89,46.67,4.2,18.42,34.21,33.05,45.76,31.25,53.57
2026-10-08,5,2,2026-10-08 11:11:00,5,第10回ドコモSMTBネット銀行賞,5,4163,山崎 裕司,2,44,52.2,0,0,0.16,5.76,36.75,60.68,5.86,42.86,57.14,31.3,52.17,32.74,56.64
2026-10-08,5,2,2026-10-08 11:11:00,5,第10回ドコモSMTBネット銀行賞,6,4529,嶋 義信,1,38,53.6,0,0,0.14,5.88,41.75,57.28,0,0,0,40.83,59.17,33.33,51.75
2026-10-08,5,3,2026-10-08 11:40:00,5,第10回ドコモSMTBネット銀行賞,1,4911,片岡 大地,2,30,52.4,1,0,0.14,4.46,26.76,42.25,4.26,22.86,31.43,42.7,58.43,31.3,53.04
2026-10-08,5,3,2026-10-08 11:40:00,5,第10回ドコモSMTBネット銀行賞,2,4725,佐竹 太一,3,40,52.8,0,0,0.18,4.87,22.11,46.32,6.3,45,65,40.5,63.64,35.59,55.93
2026-10-08,5,3,2026-10-08 11:40:00,5,第10回ドコモSMTBネット銀行賞,3,3680,森林 太,3,53,54.4,0,0,0.22,4.61,25.71,39.05,0,0,0,25.93,45.37,36.61,53.57
2026-10-08,5,3,2026-10-08 11:40:00,5,第10回ドコモSMTBネット銀行賞,4,4732,堀本 和也,2,37,54.8,0,0,0.12,7.19,59.13,77.39,5.55,36.36,72.73,36.27,57.84,34.78,53.91
2026-10-08,5,3,2026-10-08 11:40:00,5,第10回ドコモSMTBネット銀行賞,5,4618,乃村 康友,3,43,54.6,1,0,0.17,5.34,38.36,56.16,4.15,17.65,29.41,37.27,55.45,26.17,45.79
2026-10-08,5,3,2026-10-08 11:40:00,5,第10回ドコモSMTBネット銀行賞,6,4914,吉田 裕平,1,29,52,1,0,0.12,7.49,55,70,7.53,64.71,76.47,35.29,51.26,31.3,50.43
2026-10-08,5,4,2026-10-08 12:12:00,5,第10回ドコモSMTBネット銀行賞,1,5125,高井 雄基,2,30,51.5,1,0,0.17,4.93,25.51,45.92,4.66,25.71,45.71,25,42.86,20,31.76
2026-10-08,5,4,2026-10-08 12:12:00,5,第10回ドコモSMTBネット銀行賞,2,4293,鈴木 智啓,3,41,58.7,0,0,0.18,5.05,27.66,50,5.89,39.29,67.86,36.45,51.4,27.55,47.96
2026-10-08,5,4,2026-10-08 12:12:00,5,第10回ドコモSMTBネット銀行賞,3,3105,内山 文典,3,63,52.3,0,0,0.19,5.08,32.05,50,4.91,34.29,45.71,42.48,58.41,34.55,47.27
2026-10-08,5,4,2026-10-08 12:12:00,5,第10回ドコモSMTBネット銀行賞,4,4469,土山 卓也,2,39,55.3,0,0,0.17,5.35,32.29,52.08,4.91,31.82,40.91,29.63,45.37,33.04,53.04
2026-10-08,5,4,2026-10-08 12:12:00,5,第10回ドコモSMTBネット銀行賞,5,3870,寺嶋 雄,3,50,52,0,0,0.18,4,17.89,28.42,3.33,11.11,18.52,34.26,51.85,42.74,60.68
2026-10-08,5,4,2026-10-08 12:12:00,5,第10回ドコモSMTBネット銀行賞,6,3567,吉岡 誠,3,56,55.2,0,0,0.18,3.11,19.3,22.81,3.38,12.5,12.5,47.9,70.59,20.79,41.58
2026-10-08,5,5,2026-10-08 12:39:00,5,第10回ドコモSMTBネット銀行賞,1,4876,梅木 敬太,3,32,53.5,0,0,0.17,4.89,30.39,48.04,5.25,33.33,52.78,36.45,52.34,23.76,36.63
2026-10-08,5,5,2026-10-08 12:39:00,5,第10回ドコモSMTBネット銀行賞,2,4988,牟田 奨太,3,29,54.9,0,0,0.15,4.2,27.27,37.88,4.41,28.57,34.69,31.78,48.6,33.62,46.55
2026-10-08,5,5,2026-10-08 12:39:00,5,第10回ドコモSMTBネット銀行賞,3,4824,松井 洪弥,2,33,52,0,0,0.12,6.36,53.64,61.82,5.12,35.29,41.18,33.91,49.57,40.91,53.64
2026-10-08,5,5,2026-10-08 12:39:00,5,第10回ドコモSMTBネット銀行賞,4,3757,畑 和宏,2,54,52.9,0,0,0.16,5.56,39.51,58.02,6.5,50,70,34.15,52.85,37.17,57.52
2026-10-08,5,5,2026-10-08 12:39:00,5,第10回ドコモSMTBネット銀行賞,5,3684,清水 攻二,2,52,52,0,0,0.18,5.36,31.03,56.32,6.86,42.86,71.43,38.84,52.07,29.79,48.94
2026-10-08,5,5,2026-10-08 12:39:00,5,第10回ドコモSMTBネット銀行賞,6,5029,中 亮太,1,29,52.3,0,0,0.14,6.93,53.85,70.94,0,0,0,38.1,51.43,31.09,49.58
2026-10-08,5,6,2026-10-08 13:10:00,5,第10回ドコモSMTBネット銀行賞,1,3655,本橋 克洋,3,52,52.3,1,0,0.17,4.67,22.09,46.51,5.88,38.1,59.52,27.43,43.36,18.97,29.31
2026-10-08,5,6,2026-10-08 13:10:00,5,第10回ドコモSMTBネット銀行賞,2,4636,赤池 修平,3,36,52.1,0,0,0.18,3.89,19.74,36.84,0,0,0,38.71,58.87,37.93,57.76
2026-10-08,5,6,2026-10-08 13:10:00,5,第10回ドコモSMTBネット銀行賞,3,5334,樫葉 新心,3,22,46,1,0,0.18,3.04,5.41,20.27,2.25,0,25,38.89,58.33,33.62,48.28
2026-10-08,5,6,2026-10-08 13:10:00,5,第10回ドコモSMTBネット銀行賞,4,5439,志賀 美優,4,21,48.4,0,0,0.21,1.47,0,4.17,2.14,0,14.29,30.53,50.53,33.91,53.91
2026-10-08,5,6,2026-10-08 13:10:00,5,第10回ドコモSMTBネット銀行賞,5,5406,小畑 楓夏,4,22,51.4,1,0,0.17,1.54,1.64,3.28,0,0,0,45.38,57.98,38.94,55.75
2026-10-08,5,6,2026-10-08 13:10:00,5,第10回ドコモSMTBネット銀行賞,6,3876,中辻 崇人,1,49,52.3,0,0,0.15,7.16,59.68,75.81,0,0,0,36.36,51.82,35.9,47.01
2026-10-08,5,7,2026-10-08 13:43:00,5,第10回ドコモSMTBネット銀行賞,1,4274,長畑 友輔,3,44,52,0,0,0.16,4.67,28.24,43.53,4.75,29.51,47.54,27.88,56.73,38.24,51.96
2026-10-08,5,7,2026-10-08 13:43:00,5,第10回ドコモSMTBネット銀行賞,2,3976,内田 圭,3,49,52,0,0,0.17,3.74,21.95,29.27,4.12,23.53,35.29,38.61,47.52,21.11,38.89
2026-10-08,5,7,2026-10-08 13:43:00,5,第10回ドコモSMTBネット銀行賞,3,5272,松田 真実,3,25,47,0,0,0.19,5.04,31.63,46.94,2,4.17,8.33,39.2,56,33.9,50
2026-10-08,5,7,2026-10-08 13:43:00,5,第10回ドコモSMTBネット銀行賞,4,4703,森永 隆,1,38,51,0,0,0.16,6.64,55.83,67.5,0,0,0,29.36,47.71,29.73,40.54
2026-10-08,5,7,2026-10-08 13:43:00,5,第10回ドコモSMTBネット銀行賞,5,3660,長谷川 親王,3,57,57.1,0,0,0.19,3.74,11.9,30.95,0,0,0,37.07,55.17,25.83,40.83
2026-10-08,5,7,2026-10-08 13:43:00,5,第10回ドコモSMTBネット銀行賞,6,5034,若林 義人,1,28,53.1,0,0,0.12,6.29,47.06,63.97,6.6,56.6,64.15,31.37,48.04,32.48,55.56
2026-10-08,5,8,2026-10-08 14:14:00,5,第10回ドコモSMTBネット銀行賞,1,3857,阿波 勝哉,3,53,52.5,0,0,0.21,4.94,28.89,46.67,4.2,18.42,34.21,33.05,45.76,31.25,53.57
2026-10-08,5,8,2026-10-08 14:14:00,5,第10回ドコモSMTBネット銀行賞,2,3567,吉岡 誠,3,56,55.2,0,0,0.18,3.11,19.3,22.81,3.38,12.5,12.5,47.9,70.59,20.79,41.58
2026-10-08,5,8,2026-10-08 14:14:00,5,第10回ドコモSMTBネット銀行賞,3,4318,桑原 将光,2,42,52.1,1,0,0.16,5.24,23.53,55.29,5.46,28.85,59.62,28.89,40,35.09,47.37
2026-10-08,5,8,2026-10-08 14:14:00,5,第10回ドコモSMTBネット銀行賞,4,5385,鈴木 柊介,3,21,54.7,0,0,0.14,2.57,4.41,17.65,1.24,0,0,36.7,54.13,31.03,44.83
2026-10-08,5,8,2026-10-08 14:14:00,5,第10回ドコモSMTBネット銀行賞,5,3680,森林 太,3,53,54.4,0,0,0.22,4.61,25.71,39.05,0,0,0,25.93,45.37,36.61,53.57
2026-10-08,5,8,2026-10-08 14:14:00,5,第10回ドコモSMTBネット銀行賞,6,4794,和田 拓也,1,36,52,0,0,0.13,6.92,55.41,68.92,7.3,54.05,75.68,28.44,43.12,41.59,53.1
2026-10-08,5,9,2026-10-08 14:46:00,5,第10回ドコモSMTBネット銀行賞,1,4233,亀山 雅幸,2,43,52,0,0,0.17,5.97,44.34,61.32,6.28,45,68.33,40.59,58.42,27.37,57.89
2026-10-08,5,9,2026-10-08 14:46:00,5,第10回ドコモSMTBネット銀行賞,2,4618,乃村 康友,3,43,54.6,1,0,0.17,5.34,38.36,56.16,4.15,17.65,29.41,37.27,55.45,26.17,45.79
2026-10-08,5,9,2026-10-08 14:46:00,5,第10回ドコモSMTBネット銀行賞,3,3777,樋口 亮,2,51,52,2,0,0.17,5.01,29.67,47.25,0,0,0,39.64,57.66,28.16,41.75
2026-10-08,5,9,2026-10-08 14:46:00,5,第10回ドコモSMTBネット銀行賞,4,4876,梅木 敬太,3,32,53.5,0,0,0.17,4.89,30.39,48.04,5.25,33.33,52.78,36.45,52.34,23.76,36.63
2026-10-08,5,9,2026-10-08 14:46:00,5,第10回ドコモSMTBネット銀行賞,5,4293,鈴木 智啓,3,41,58.7,0,0,0.18,5.05,27.66,50,5.89,39.29,67.86,36.45,51.4,27.55,47.96
2026-10-08,5,9,2026-10-08 14:46:00,5,第10回ドコモSMTBネット銀行賞,6,5410,今泉 澪,4,21,47,1,0,0.16,1.61,0,3.03,1.43,0,0,37.9,45.97,46.09,64.35
2026-10-08,5,10,2026-10-08 15:15:00,5,第10回ドコモSMTBネット銀行賞,1,5029,中 亮太,1,29,52.3,0,0,0.14,6.93,53.85,70.94,0,0,0,38.1,51.43,31.09,49.58
2026-10-08,5,10,2026-10-08 15:15:00,5,第10回ドコモSMTBネット銀行賞,2,3684,清水 攻二,2,52,52,0,0,0.18,5.36,31.03,56.32,6.86,42.86,71.43,38.84,52.07,29.79,48.94
2026-10-08,5,10,2026-10-08 15:15:00,5,第10回ドコモSMTBネット銀行賞,3,3876,中辻 崇人,1,49,52.3,0,0,0.15,7.16,59.68,75.81,0,0,0,36.36,51.82,35.9,47.01
2026-10-08,5,10,2026-10-08 15:15:00,5,第10回ドコモSMTBネット銀行賞,4,3105,内山 文典,3,63,52.3,0,0,0.19,5.08,32.05,50,4.91,34.29,45.71,42.48,58.41,34.55,47.27
2026-10-08,5,10,2026-10-08 15:15:00,5,第10回ドコモSMTBネット銀行賞,5,4889,後藤 盛也,3,37,52,2,0,0.13,3.94,22.22,33.33,5.55,35,50,36.28,50.44,31.03,45.69
2026-10-08,5,10,2026-10-08 15:15:00,5,第10回ドコモSMTBネット銀行賞,6,3655,本橋 克洋,3,52,52.3,1,0,0.17,4.67,22.09,46.51,5.88,38.1,59.52,27.43,43.36,18.97,29.31
2026-10-08,5,11,2026-10-08 15:50:00,5,第10回ドコモSMTBネット銀行賞,1,4914,吉田 裕平,1,29,52,1,0,0.12,7.49,55,70,7.53,64.71,76.47,35.29,51.26,31.3,50.43
2026-10-08,5,11,2026-10-08 15:50:00,5,第10回ドコモSMTBネット銀行賞,2,4163,山崎 裕司,2,44,52.2,0,0,0.16,5.76,36.75,60.68,5.86,42.86,57.14,31.3,52.17,32.74,56.64
2026-10-08,5,11,2026-10-08 15:50:00,5,第10回ドコモSMTBネット銀行賞,3,4469,土山 卓也,2,39,55.3,0,0,0.17,5.35,32.29,52.08,4.91,31.82,40.91,29.63,45.37,33.04,53.04
2026-10-08,5,11,2026-10-08 15:50:00,5,第10回ドコモSMTBネット銀行賞,4,4824,松井 洪弥,2,33,52,0,0,0.12,6.36,53.64,61.82,5.12,35.29,41.18,33.91,49.57,40.91,53.64
2026-10-08,5,11,2026-10-08 15:50:00,5,第10回ドコモSMTBネット銀行賞,5,4725,佐竹 太一,3,40,52.8,0,0,0.18,4.87,22.11,46.32,6.3,45,65,40.5,63.64,35.59,55.93
2026-10-08,5,11,2026-10-08 15:50:00,5,第10回ドコモSMTBネット銀行賞,6,4274,長畑 友輔,3,44,52,0,0,0.16,4.67,28.24,43.53,4.75,29.51,47.54,27.88,56.73,38.24,51.96
2026-10-08,5,12,2026-10-08 16:28:00,5,第10回ドコモSMTBネット銀行賞,1,5034,若林 義人,1,28,53.1,0,0,0.12,6.29,47.06,63.97,6.6,56.6,64.15,31.37,48.04,32.48,55.56
2026-10-08,5,12,2026-10-08 16:28:00,5,第10回ドコモSMTBネット銀行賞,2,4529,嶋 義信,1,38,53.6,0,0,0.14,5.88,41.75,57.28,0,0,0,40.83,59.17,33.33,51.75
2026-10-08,5,12,2026-10-08 16:28:00,5,第10回ドコモSMTBネット銀行賞,3,4732,堀本 和也,2,37,54.8,0,0,0.12,7.19,59.13,77.39,5.55,36.36,72.73,36.27,57.84,34.78,53.91
2026-10-08,5,12,2026-10-08 16:28:00,5,第10回ドコモSMTBネット銀行賞,4,4794,和田 拓也,1,36,52,0,0,0.13,6.92,55.41,68.92,7.3,54.05,75.68,28.44,43.12,41.59,53.1
2026-10-08,5,12,2026-10-08 16:28:00,5,第10回ドコモSMTBネット銀行賞,5,3757,畑 和宏,2,54,52.9,0,0,0.16,5.56,39.51,58.02,6.5,50,70,34.15,52.85,37.17,57.52
2026-10-08,5,12,2026-10-08 16:28:00,5,第10回ドコモSMTBネット銀行賞,6,4703,森永 隆,1,38,51,0,0,0.16,6.64,55.83,67.5,0,0,0,29.36,47.71,29.73,40.54
2026-10-08,7,1,2026-10-08 15:18:00,5,幸田町長杯争奪 秋の美味 筆柿レース,1,3643,米田 隆弘,3,54,52.8,0,0,0.18,5.06,26.92,47.44,5.3,30,50,35.14,43.24,32.26,45.16
2026-10-08,7,1,2026-10-08 15:18:00,5,幸田町長杯争奪 秋の美味 筆柿レース,2,3867,松浦 勝,3,51,56.6,0,0,0.18,2.76,7.06,17.65,4.49,26.42,41.51,15.15,33.33,11.76,26.47
2026-10-08,7,1,2026-10-08 15:18:00,5,幸田町長杯争奪 秋の美味 筆柿レース,3,4710,福田 宗平,2,36,52.1,0,0,0.14,5.88,39.5,63.03,6.19,50,65.38,12.9,32.26,50,72.5
2026-10-08,7,1,2026-10-08 15:18:00,5,幸田町長杯争奪 秋の美味 筆柿レース,4,3523,寳田 亮治,3,57,52.3,0,0,0.2,4.63,23.61,47.22,4.73,45.45,45.45,45.95,56.76,37.84,51.35
2026-10-08,7,1,2026-10-08 15:18:00,5,幸田町長杯争奪 秋の美味 筆柿レース,5,3653,品川 賢次,4,53,54.8,1,0,0.2,3.85,10.77,29.23,3.47,5.88,23.53,29.73,40.54,40.63,56.25
2026-10-08,7,1,2026-10-08 15:18:00,5,幸田町長杯争奪 秋の美味 筆柿レース,6,3935,岩津 徹郎,3,49,53.8,0,0,0.17,5.63,39.78,58.06,0,0,0,30.56,50,39.47,57.89
2026-10-08,7,2,2026-10-08 15:45:00,5,幸田町長杯争奪 秋の美味 筆柿レース,1,3662,大庭 元明,3,56,56.6,0,0,0.16,5.27,35.56,51.11,6.85,65,70,17.39,21.74,35.29,55.88
2026-10-08,7,2,2026-10-08 15:45:00,5,幸田町長杯争奪 秋の美味 筆柿レース,2,4263,武重 雄介,3,42,55.3,0,0,0.18,5.2,29.27,50,0,0,0,46.15,79.49,16.22,24.32
2026-10-08,7,2,2026-10-08 15:45:00,5,幸田町長杯争奪 秋の美味 筆柿レース,3,3467,森 弘行,3,58,52,0,0,0.2,4.52,23.53,44.71,3.38,12.5,31.25,47.37,63.16,22.22,41.67
2026-10-08,7,2,2026-10-08 15:45:00,5,幸田町長杯争奪 秋の美味 筆柿レース,4,5467,野村 羽玖,4,19,51,0,0,,2.95,7.81,18.75,0,0,0,19.23,30.77,48.72,56.41
2026-10-08,7,2,2026-10-08 15:45:00,5,幸田町長杯争奪 秋の美味 筆柿レース,5,3568,木村 光宏,3,55,54.4,0,0,0.17,4.01,21.35,35.96,4.08,30.77,38.46,30.56,38.89,23.33,50
2026-10-08,7,2,2026-10-08 15:45:00,5,幸田町長杯争奪 秋の美味 筆柿レース,6,4199,北川 潤二,1,44,57,0,0,0.15,6.3,45.6,63.2,5.92,38.66,61.34,4,8,42.11,63.16
2026-10-08,7,3,2026-10-08 16:09:00,5,幸田町長杯争奪 秋の美味 筆柿レース,1,3517,高橋 勲,3,58,56.6,0,0,0.16,5.74,44.55,55.45,5.53,26.67,60,26.47,44.12,24.32,37.84
2026-10-08,7,3,2026-10-08 16:09:00,5,幸田町長杯争奪 秋の美味 筆柿レース,2,4258,関根 彰人,3,42,52.5,0,0,0.18,4.84,33.71,46.07,4.89,31.58,47.37,31.43,45.71,11.76,23.53
2026-10-08,7,3,2026-10-08 16:09:00,5,幸田町長杯争奪 秋の美味 筆柿レース,3,3779,原田 幸哉,1,50,52,1,0,0.12,6.46,37.86,53.4,5.62,25.64,43.59,29.27,58.54,26.92,38.46
2026-10-08,7,3,2026-10-08 16:09:00,5,幸田町長杯争奪 秋の美味 筆柿レース,4,3277,齋藤 勇,3,60,52,0,0,0.18,4.86,28.92,44.58,4.15,25,37.5,10.53,15.79,30.56,44.44
2026-10-08,7,3,2026-10-08 16:09:00,5,幸田町長杯争奪 秋の美味 筆柿レース,5,4630,岩永 雅人,2,39,52.4,0,0,0.19,5.09,32,48,5.79,36.78,62.07,36.84,50,27.78,38.89
2026-10-08,7,3,2026-10-08 16:09:00,5,幸田町長杯争奪 秋の美味 筆柿レース,6,5425,西山 育,4,24,55.3,1,0,0.27,1.57,1.49,2.99,1.3,0,0,35.14,51.35,23.33,36.67
2026-10-08,7,4,2026-10-08 16:35:00,5,幸田町長杯争奪 秋の美味 筆柿レース,1,3804,中渡 修作,3,52,52,0,0,0.16,5.08,32.38,47.62,4.92,24,40,50,63.89,4.35,21.74
2026-10-08,7,4,2026-10-08 16:35:00,5,幸田町長杯争奪 秋の美味 筆柿レース,2,4074,柳沢 一,1,45,51.5,0,0,0.13,6.38,44.26,65.57,6.75,53.47,63.37,11.54,26.92,39.47,60.53
2026-10-08,7,4,2026-10-08 16:35:00,5,幸田町長杯争奪 秋の美味 筆柿レース,3,3769,佐竹 恒彦,2,53,52,0,0,0.17,5.15,29.17,44.79,6.11,53.57,71.43,38.46,56.41,11.43,22.86
2026-10-08,7,4,2026-10-08 16:35:00,5,幸田町長杯争奪 秋の美味 筆柿レース,4,5206,梅原 祥平,3,29,52.5,1,0,0.15,4.43,18.18,38.96,4.74,31.58,42.11,36.11,61.11,33.33,58.33
2026-10-08,7,4,2026-10-08 16:35:00,5,幸田町長杯争奪 秋の美味 筆柿レース,5,3352,小川 晃司,3,58,50.5,0,0,0.17,4.38,15.15,40.4,3.9,0,50,34.38,50,35.14,54.05
2026-10-08,7,4,2026-10-08 16:35:00,5,幸田町長杯争奪 秋の美味 筆柿レース,6,2878,富山 弘幸,3,68,53.7,0,0,0.17,5.48,32.93,58.54,4.77,23.08,38.46,38.89,66.67,38.46,56.41
2026-10-08,7,5,2026-10-08 17:01:00,5,幸田町長杯争奪 秋の美味 筆柿レース,1,3475,橋本 久和,3,56,52.8,0,0,0.19,5.2,33.73,43.37,6,50,64.29,37.84,51.35,34.21,52.63
2026-10-08,7,5,2026-10-08 17:01:00,5,幸田町長杯争奪 秋の美味 筆柿レース,2,3523,寳田 亮治,3,57,52.3,0,0,0.2,4.63,23.61,47.22,4.73,45.45,45.45,45.95,56.76,37.84,51.35
2026-10-08,7,5,2026-10-08 17:01:00,5,幸田町長杯争奪 秋の美味 筆柿レース,3,3941,池田 浩二,1,48,52,1,0,0.12,7.68,47.01,67.52,8.56,70.97,87.1,19.35,29.03,16.67,30
2026-10-08,7,5,2026-10-08 17:01:00,5,幸田町長杯争奪 秋の美味 筆柿レース,4,4180,上野 秀和,2,43,53.6,0,0,0.17,5.38,29.91,52.14,5.48,33.33,48.15,27.78,41.67,11.43,22.86
2026-10-08,7,5,2026-10-08 17:01:00,5,幸田町長杯争奪 秋の美味 筆柿レース,5,3664,鈴木 賢一,3,56,53.7,0,0,0.17,4.77,31.17,42.86,4.7,25,43.18,24,52,25.93,62.96
2026-10-08,7,5,2026-10-08 17:01:00,5,幸田町長杯争奪 秋の美味 筆柿レース,6,3843,上之 晃弘,3,50,54,0,0,0.16,4.23,20.65,33.7,7,50,75,43.59,69.23,34.38,46.88
2026-10-08,7,6,2026-10-08 17:27:00,5,幸田町長杯争奪 秋の美味 筆柿レース,1,4134,杉山 貴博,2,46,53.1,0,0,0.16,5.92,45.37,61.11,5.87,45.28,58.49,18.92,45.95,37.14,51.43
2026-10-08,7,6,2026-10-08 17:27:00,5,幸田町長杯争奪 秋の美味 筆柿レース,2,3808,秋田 健太郎,3,51,57.7,0,0,0.17,3.91,20,31.43,3.81,25,31.25,8.7,30.43,42.86,68.57
2026-10-08,7,6,2026-10-08 17:27:00,5,幸田町長杯争奪 秋の美味 筆柿レース,3,4370,山口 達也,1,40,52.4,0,0,0.14,6.74,53.33,65.71,6.56,41.67,58.33,20,36,21.21,30.3
2026-10-08,7,6,2026-10-08 17:27:00,5,幸田町長杯争奪 秋の美味 筆柿レース,4,3867,松浦 勝,3,51,56.6,0,0,0.18,2.76,7.06,17.65,4.49,26.42,41.51,15.15,33.33,11.76,26.47
2026-10-08,7,6,2026-10-08 17:27:00,5,幸田町長杯争奪 秋の美味 筆柿レース,5,3852,澤 大介,3,54,51.5,0,0,0.21,5.05,28.57,44.76,4.92,28,48,22.22,40.74,36.11,52.78
2026-10-08,7,6,2026-10-08 17:27:00,5,幸田町長杯争奪 秋の美味 筆柿レース,6,4232,笠 雅雄,3,43,52.7,0,0,0.17,5.8,40.66,57.14,0,0,0,27.91,58.14,32.35,41.18
2026-10-08,7,7,2026-10-08 17:55:00,5,幸田町長杯争奪 秋の美味 筆柿レース,1,4704,河野 大,1,38,51.5,0,0,0.14,6.25,41.54,58.46,6.29,41.94,51.61,28.57,42.86,39.39,54.55
2026-10-08,7,7,2026-10-08 17:55:00,5,幸田町長杯争奪 秋の美味 筆柿レース,2,3568,木村 光宏,3,55,54.4,0,0,0.17,4.01,21.35,35.96,4.08,30.77,38.46,30.56,38.89,23.33,50
2026-10-08,7,7,2026-10-08 17:55:00,5,幸田町長杯争奪 秋の美味 筆柿レース,3,5032,谷口 知優,2,28,52.4,0,0,0.16,4.97,31.36,46.61,4.5,30,40,39.47,50,18.52,29.63
2026-10-08,7,7,2026-10-08 17:55:00,5,幸田町長杯争奪 秋の美味 筆柿レース,4,3935,岩津 徹郎,3,49,53.8,0,0,0.17,5.63,39.78,58.06,0,0,0,30.56,50,39.47,57.89
2026-10-08,7,7,2026-10-08 17:55:00,5,幸田町長杯争奪 秋の美味 筆柿レース,5,4325,新出 浩司,3,43,52,0,0,0.19,4.55,19.32,44.32,4.63,16.67,46.67,17.65,44.12,15.15,33.33
2026-10-08,7,7,2026-10-08 17:55:00,5,幸田町長杯争奪 秋の美味 筆柿レース,6,5425,西山 育,4,24,55.3,1,0,0.27,1.57,1.49,2.99,1.3,0,0,35.14,51.35,23.33,36.67
2026-10-08,7,8,2026-10-08 18:25:00,5,幸田町長杯争奪 秋の美味 筆柿レース,1,4361,柳生 泰二,1,41,52,1,0,0.14,7.3,56.25,70.54,7.14,37.93,58.62,21.21,36.36,34.88,46.51
2026-10-08,7,8,2026-10-08 18:25:00,5,幸田町長杯争奪 秋の美味 筆柿レース,2,5206,梅原 祥平,3,29,52.5,1,0,0.15,4.43,18.18,38.96,4.74,31.58,42.11,36.11,61.11,33.33,58.33
2026-10-08,7,8,2026-10-08 18:25:00,5,幸田町長杯争奪 秋の美味 筆柿レース,3,4383,竹田 吉行,2,41,52.2,1,0,0.17,5.08,32.29,47.92,4.9,20,50,32.35,50,3.23,16.13
2026-10-08,7,8,2026-10-08 18:25:00,5,幸田町長杯争奪 秋の美味 筆柿レース,4,3653,品川 賢次,4,53,54.8,1,0,0.2,3.85,10.77,29.23,3.47,5.88,23.53,29.73,40.54,40.63,56.25
2026-10-08,7,8,2026-10-08 18:25:00,5,幸田町長杯争奪 秋の美味 筆柿レース,5,5263,花田 凱成,3,28,51.5,0,0,0.17,3.75,12.66,30.38,0,0,0,20.83,33.33,62.16,72.97
2026-10-08,7,8,2026-10-08 18:25:00,5,幸田町長杯争奪 秋の美味 筆柿レース,6,4470,平田 健之佑,2,39,52,0,0,0.15,6.51,51.43,65.71,6.33,51.16,58.14,36.84,60.53,35.56,55.56
2026-10-08,7,9,2026-10-08 18:55:00,5,幸田町長杯争奪 秋の美味 筆柿レース,1,4710,福田 宗平,2,36,52.1,0,0,0.14,5.88,39.5,63.03,6.19,50,65.38,12.9,32.26,50,72.5
2026-10-08,7,9,2026-10-08 18:55:00,5,幸田町長杯争奪 秋の美味 筆柿レース,2,4199,北川 潤二,1,44,57,0,0,0.15,6.3,45.6,63.2,5.92,38.66,61.34,4,8,42.11,63.16
2026-10-08,7,9,2026-10-08 18:55:00,5,幸田町長杯争奪 秋の美味 筆柿レース,3,3517,高橋 勲,3,58,56.6,0,0,0.16,5.74,44.55,55.45,5.53,26.67,60,26.47,44.12,24.32,37.84
2026-10-08,7,9,2026-10-08 18:55:00,5,幸田町長杯争奪 秋の美味 筆柿レース,4,3664,鈴木 賢一,3,56,53.7,0,0,0.17,4.77,31.17,42.86,4.7,25,43.18,24,52,25.93,62.96
2026-10-08,7,9,2026-10-08 18:55:00,5,幸田町長杯争奪 秋の美味 筆柿レース,5,4906,鈴木 雅希,2,31,52.5,0,0,0.18,5.79,37.86,59.22,6.24,46.34,70.73,20,44,35.14,54.05
2026-10-08,7,9,2026-10-08 18:55:00,5,幸田町長杯争奪 秋の美味 筆柿レース,6,3352,小川 晃司,3,58,50.5,0,0,0.17,4.38,15.15,40.4,3.9,0,50,34.38,50,35.14,54.05
2026-10-08,7,10,2026-10-08 19:23:00,5,幸田町長杯争奪 秋の美味 筆柿レース,1,4370,山口 達也,1,40,52.4,0,0,0.14,6.74,53.33,65.71,6.56,41.67,58.33,20,36,21.21,30.3
2026-10-08,7,10,2026-10-08 19:23:00,5,幸田町長杯争奪 秋の美味 筆柿レース,2,5229,吉川 晴人,2,23,56.5,1,0,0.17,4.99,28.57,44.9,5.07,35.71,42.86,30.56,52.78,29.73,40.54
2026-10-08,7,10,2026-10-08 19:23:00,5,幸田町長杯争奪 秋の美味 筆柿レース,3,3475,橋本 久和,3,56,52.8,0,0,0.19,5.2,33.73,43.37,6,50,64.29,37.84,51.35,34.21,52.63
2026-10-08,7,10,2026-10-08 19:23:00,5,幸田町長杯争奪 秋の美味 筆柿レース,4,3467,森 弘行,3,58,52,0,0,0.2,4.52,23.53,44.71,3.38,12.5,31.25,47.37,63.16,22.22,41.67
2026-10-08,7,10,2026-10-08 19:23:00,5,幸田町長杯争奪 秋の美味 筆柿レース,5,3277,齋藤 勇,3,60,52,0,0,0.18,4.86,28.92,44.58,4.15,25,37.5,10.53,15.79,30.56,44.44
2026-10-08,7,10,2026-10-08 19:23:00,5,幸田町長杯争奪 秋の美味 筆柿レース,6,3769,佐竹 恒彦,2,53,52,0,0,0.17,5.15,29.17,44.79,6.11,53.57,71.43,38.46,56.41,11.43,22.86
2026-10-08,7,11,2026-10-08 20:03:00,5,幸田町長杯争奪 秋の美味 筆柿レース,1,3941,池田 浩二,1,48,52,1,0,0.12,7.68,47.01,67.52,8.56,70.97,87.1,19.35,29.03,16.67,30
2026-10-08,7,11,2026-10-08 20:03:00,5,幸田町長杯争奪 秋の美味 筆柿レース,2,4630,岩永 雅人,2,39,52.4,0,0,0.19,5.09,32,48,5.79,36.78,62.07,36.84,50,27.78,38.89
2026-10-08,7,11,2026-10-08 20:03:00,5,幸田町長杯争奪 秋の美味 筆柿レース,3,3804,中渡 修作,3,52,52,0,0,0.16,5.08,32.38,47.62,4.92,24,40,50,63.89,4.35,21.74
2026-10-08,7,11,2026-10-08 20:03:00,5,幸田町長杯争奪 秋の美味 筆柿レース,4,4704,河野 大,1,38,51.5,0,0,0.14,6.25,41.54,58.46,6.29,41.94,51.61,28.57,42.86,39.39,54.55
2026-10-08,7,11,2026-10-08 20:03:00,5,幸田町長杯争奪 秋の美味 筆柿レース,5,4134,杉山 貴博,2,46,53.1,0,0,0.16,5.92,45.37,61.11,5.87,45.28,58.49,18.92,45.95,37.14,51.43
2026-10-08,7,11,2026-10-08 20:03:00,5,幸田町長杯争奪 秋の美味 筆柿レース,6,4263,武重 雄介,3,42,55.3,0,0,0.18,5.2,29.27,50,0,0,0,46.15,79.49,16.22,24.32
2026-10-08,7,12,2026-10-08 20:31:00,5,幸田町長杯争奪 秋の美味 筆柿レース,1,3779,原田 幸哉,1,50,52,1,0,0.12,6.46,37.86,53.4,5.62,25.64,43.59,29.27,58.54,26.92,38.46
2026-10-08,7,12,2026-10-08 20:31:00,5,幸田町長杯争奪 秋の美味 筆柿レース,2,4361,柳生 泰二,1,41,52,1,0,0.14,7.3,56.25,70.54,7.14,37.93,58.62,21.21,36.36,34.88,46.51
2026-10-08,7,12,2026-10-08 20:31:00,5,幸田町長杯争奪 秋の美味 筆柿レース,3,3843,上之 晃弘,3,50,54,0,0,0.16,4.23,20.65,33.7,7,50,75,43.59,69.23,34.38,46.88
2026-10-08,7,12,2026-10-08 20:31:00,5,幸田町長杯争奪 秋の美味 筆柿レース,4,4074,柳沢 一,1,45,51.5,0,0,0.13,6.38,44.26,65.57,6.75,53.47,63.37,11.54,26.92,39.47,60.53
2026-10-08,7,12,2026-10-08 20:31:00,5,幸田町長杯争奪 秋の美味 筆柿レース,5,4232,笠 雅雄,3,43,52.7,0,0,0.17,5.8,40.66,57.14,0,0,0,27.91,58.14,32.35,41.18
2026-10-08,7,12,2026-10-08 20:31:00,5,幸田町長杯争奪 秋の美味 筆柿レース,6,5032,谷口 知優,2,28,52.4,0,0,0.16,4.97,31.36,46.61,4.5,30,40,39.47,50,18.52,29.63
2026-10-08,8,1,2026-10-08 10:19:00,5,生誕25周年記念トコタンカップ,1,3436,柏野 幸二,2,57,51,1,0,0.13,5.78,38.75,63.75,5.06,16.67,50,0,0,36.84,59.65
2026-10-08,8,1,2026-10-08 10:19:00,5,生誕25周年記念トコタンカップ,2,4552,杉山 勝匡,3,37,51.5,1,0,0.14,3.87,22.86,35.71,5.79,36.36,51.52,0,0,33.87,56.45
2026-10-08,8,1,2026-10-08 10:19:00,5,生誕25周年記念トコタンカップ,3,4785,木幡 純也,3,38,52.1,0,0,0.2,4.22,19.23,35.9,4.19,16.67,35.71,0,0,39.06,56.25
2026-10-08,8,1,2026-10-08 10:19:00,5,生誕25周年記念トコタンカップ,4,5436,市川 瑚幸,4,21,46.5,0,0,0.22,1.53,0,2.63,1.15,0,0,0,0,34.38,53.13
2026-10-08,8,1,2026-10-08 10:19:00,5,生誕25周年記念トコタンカップ,5,3544,豊田 訓靖,3,57,52.1,0,0,0.2,3.99,15.66,32.53,3.67,26.67,33.33,0,0,33.33,43.86
2026-10-08,8,1,2026-10-08 10:19:00,5,生誕25周年記念トコタンカップ,6,4103,山崎 善庸,3,47,53.2,0,0,0.23,3.61,5.88,29.41,3.71,14.29,28.57,0,0,36.36,48.48
2026-10-08,8,2,2026-10-08 10:47:00,5,生誕25周年記念トコタンカップ,1,3458,東 健介,3,59,54,1,0,0.16,3.41,13.33,17.33,3.75,25,25,0,0,30.91,58.18
2026-10-08,8,2,2026-10-08 10:47:00,5,生誕25周年記念トコタンカップ,2,4792,杉村 賢也,3,36,52,0,0,0.15,4.57,19.05,45.24,5.56,22.22,66.67,0,0,40,52.31
2026-10-08,8,2,2026-10-08 10:47:00,5,生誕25周年記念トコタンカップ,3,3659,藤生 雄人,2,52,52.3,1,0,0.17,5.38,31.76,54.12,6.02,46.51,62.79,0,0,33.33,46.67
2026-10-08,8,2,2026-10-08 10:47:00,5,生誕25周年記念トコタンカップ,4,4306,畔柳 俊吾,3,42,50.5,0,0,0.21,4.62,23,41,5.3,26.09,56.52,0,0,40.68,49.15
2026-10-08,8,2,2026-10-08 10:47:00,5,生誕25周年記念トコタンカップ,5,5341,山道 諄也,3,25,53.1,1,0,0.18,3.62,18.18,27.27,2,2.94,5.88,0,0,34.43,49.18
2026-10-08,8,2,2026-10-08 10:47:00,5,生誕25周年記念トコタンカップ,6,4295,小坂 尚哉,1,40,52,0,0,0.14,7.53,61.9,83.33,6.68,54.55,70.45,0,0,27.69,35.38
2026-10-08,8,3,2026-10-08 11:18:00,5,生誕25周年記念トコタンカップ,1,3474,松瀬 弘美,3,56,45.5,0,0,0.19,4.6,25.49,43.14,5.09,39.13,47.83,0,0,30,48.33
2026-10-08,8,3,2026-10-08 11:18:00,5,生誕25周年記念トコタンカップ,2,4439,近藤 友宝,3,40,54.7,1,0,0.17,3.86,14.29,31.75,4.18,17.86,39.29,0,0,37.1,58.06
2026-10-08,8,3,2026-10-08 11:18:00,5,生誕25周年記念トコタンカップ,3,3933,山地 正樹,3,50,52,0,0,0.17,6.18,46.3,62.96,4.92,32,52,0,0,44.64,55.36
2026-10-08,8,3,2026-10-08 11:18:00,5,生誕25周年記念トコタンカップ,4,3841,佐々木 和伸,2,50,53.9,0,0,0.16,6.29,46.88,66.41,5.24,35.29,58.82,0,0,36.36,56.06
2026-10-08,8,3,2026-10-08 11:18:00,5,生誕25周年記念トコタンカップ,5,4624,高田 明,1,41,52,2,0,0.17,6.11,45.1,58.82,5.91,45.45,45.45,0,0,17.39,32.61
2026-10-08,8,3,2026-10-08 11:18:00,5,生誕25周年記念トコタンカップ,6,5331,佐藤 永梧,3,22,54.3,0,0,0.15,5.11,30.38,48.1,3.29,22.86,22.86,0,0,28.85,42.31
2026-10-08,8,4,2026-10-08 11:46:00,5,生誕25周年記念トコタンカップ,1,4369,丹下 将,2,40,55.6,1,0,0.16,5.44,34.48,56.03,6.48,45.16,67.74,0,0,37.5,50
2026-10-08,8,4,2026-10-08 11:46:00,5,生誕25周年記念トコタンカップ,2,4105,松下 直也,3,47,53,0,0,0.19,5.52,36.14,57.83,6.41,48.15,77.78,0,0,31.58,45.61
2026-10-08,8,4,2026-10-08 11:46:00,5,生誕25周年記念トコタンカップ,3,5355,萩原 丈太朗,3,21,54.8,0,0,0.17,2.64,10.71,14.29,0,0,0,0,0,31.03,51.72
2026-10-08,8,4,2026-10-08 11:46:00,5,生誕25周年記念トコタンカップ,4,4236,松村 敏,1,43,53.6,1,0,0.11,7.58,66.34,85.15,6.43,52.38,66.67,0,0,27.27,47.27
2026-10-08,8,4,2026-10-08 11:46:00,5,生誕25周年記念トコタンカップ,5,5415,阿部 未侑,4,20,49.9,0,0,0.24,2,0,7.14,1,0,0,0,0,39.29,51.79
2026-10-08,8,4,2026-10-08 11:46:00,5,生誕25周年記念トコタンカップ,6,3761,山本 光雄,3,54,52.4,0,0,0.17,5.03,31.17,48.05,5.8,36,60,0,0,32.76,41.38
2026-10-08,8,5,2026-10-08 12:17:00,5,生誕25周年記念トコタンカップ,1,4137,君島 秀三,1,46,52,0,0,0.14,6.64,48.33,71.67,8.71,71.43,85.71,0,0,41.51,67.92
2026-10-08,8,5,2026-10-08 12:17:00,5,生誕25周年記念トコタンカップ,2,4207,松下 一也,1,43,53.7,1,0,0.13,5.68,45.05,56.04,7.86,69.05,83.33,0,0,35.71,48.21
2026-10-08,8,5,2026-10-08 12:17:00,5,生誕25周年記念トコタンカップ,3,3929,杢野 誓良,3,50,52,0,0,0.16,4.56,22.77,40.59,4.32,20.51,35.9,0,0,45,60
2026-10-08,8,5,2026-10-08 12:17:00,5,生誕25周年記念トコタンカップ,4,5013,山下 夏鈴,3,29,47,1,0,0.17,5.59,38.55,49.4,4.83,27.59,37.93,0,0,32.08,43.4
2026-10-08,8,5,2026-10-08 12:17:00,5,生誕25周年記念トコタンカップ,5,3502,渡邉 英児,2,57,52.1,0,0,0.16,5.87,39.82,62.83,5.9,44,62,0,0,18,46
2026-10-08,8,5,2026-10-08 12:17:00,5,生誕25周年記念トコタンカップ,6,5436,市川 瑚幸,4,21,46.5,0,0,0.22,1.53,0,2.63,1.15,0,0,0,0,34.38,53.13
2026-10-08,8,6,2026-10-08 12:45:00,5,生誕25周年記念トコタンカップ,1,4460,後藤 翔之,2,40,55,0,0,0.14,6.36,49.49,66.67,4.22,16.67,16.67,0,0,40.98,60.66
2026-10-08,8,6,2026-10-08 12:45:00,5,生誕25周年記念トコタンカップ,2,4288,永田 啓二,1,42,52.1,0,0,0.12,7.39,63.21,75.47,7.36,61.7,78.72,0,0,31.75,46.03
2026-10-08,8,6,2026-10-08 12:45:00,5,生誕25周年記念トコタンカップ,3,3814,金子 貴志,3,50,50.5,0,0,0.2,4.75,23.58,46.23,5.68,36.36,59.09,0,0,37.93,62.07
2026-10-08,8,6,2026-10-08 12:45:00,5,生誕25周年記念トコタンカップ,4,4103,山崎 善庸,3,47,53.2,0,0,0.23,3.61,5.88,29.41,3.71,14.29,28.57,0,0,36.36,48.48
2026-10-08,8,6,2026-10-08 12:45:00,5,生誕25周年記念トコタンカップ,5,5190,大月 遊雅,3,25,51.5,1,0,0.18,4.16,16.44,41.1,4.52,22.22,37.04,0,0,35.71,51.79
2026-10-08,8,6,2026-10-08 12:45:00,5,生誕25周年記念トコタンカップ,6,4296,岡崎 恭裕,2,39,51.5,0,0,0.14,6.66,49.3,70.42,7,41.18,70.59,0,0,46.55,63.79
2026-10-08,8,7,2026-10-08 13:14:00,5,生誕25周年記念トコタンカップ,1,4202,浮田 圭浩,3,44,53.9,0,0,0.19,4.6,20,42.35,5.1,34.48,48.28,0,0,15.79,33.33
2026-10-08,8,7,2026-10-08 13:14:00,5,生誕25周年記念トコタンカップ,2,3642,大塚 浩二,3,55,52.4,0,0,0.2,4.4,17.05,36.36,4.55,22.73,36.36,0,0,25.93,40.74
2026-10-08,8,7,2026-10-08 13:14:00,5,生誕25周年記念トコタンカップ,3,4447,深川 麻奈美,3,39,47.8,0,0,0.19,6.33,46.55,64.66,5.6,33.33,40,0,0,38.1,63.49
2026-10-08,8,7,2026-10-08 13:14:00,5,生誕25周年記念トコタンカップ,4,4063,市橋 卓士,1,47,52.5,0,0,0.14,6.21,41.32,61.16,6.6,52,64,0,0,46.15,67.31
2026-10-08,8,7,2026-10-08 13:14:00,5,生誕25周年記念トコタンカップ,5,4430,永田 秀二,2,40,55.7,0,0,0.17,5.93,38.68,63.21,6,28.57,71.43,0,0,50,63.33
2026-10-08,8,7,2026-10-08 13:14:00,5,生誕25周年記念トコタンカップ,6,3544,豊田 訓靖,3,57,52.1,0,0,0.2,3.99,15.66,32.53,3.67,26.67,33.33,0,0,33.33,43.86
2026-10-08,8,8,2026-10-08 13:41:00,5,生誕25周年記念トコタンカップ,1,5239,上野 俊樹,3,26,51.5,1,0,0.17,5.9,40.3,65.67,5.14,0,71.43,0,0,38.6,52.63
2026-10-08,8,8,2026-10-08 13:41:00,5,生誕25周年記念トコタンカップ,2,4589,塩崎 桐加,3,34,49.3,0,0,0.17,5.88,35.29,63.73,4.79,31.58,52.63,0,0,37.1,61.29
2026-10-08,8,8,2026-10-08 13:41:00,5,生誕25周年記念トコタンカップ,3,4117,廣中 智紗衣,2,45,46.5,1,0,0.22,6.15,45.98,68.97,6.44,55.56,66.67,0,0,27.59,39.66
2026-10-08,8,8,2026-10-08 13:41:00,5,生誕25周年記念トコタンカップ,4,4295,小坂 尚哉,1,40,52,0,0,0.14,7.53,61.9,83.33,6.68,54.55,70.45,0,0,27.69,35.38
2026-10-08,8,8,2026-10-08 13:41:00,5,生誕25周年記念トコタンカップ,5,4439,近藤 友宝,3,40,54.7,1,0,0.17,3.86,14.29,31.75,4.18,17.86,39.29,0,0,37.1,58.06
2026-10-08,8,8,2026-10-08 13:41:00,5,生誕25周年記念トコタンカップ,6,5465,直江 健成,4,19,54,1,0,,1.12,0,0,0,0,0,0,0,37.29,62.71
2026-10-08,8,9,2026-10-08 14:09:00,5,生誕25周年記念トコタンカップ,1,5321,一色 颯輝,3,24,53.4,1,0,0.2,4.95,32,46.67,3.92,20,34,0,0,27.59,50
2026-10-08,8,9,2026-10-08 14:09:00,5,生誕25周年記念トコタンカップ,2,3436,柏野 幸二,2,57,51,1,0,0.13,5.78,38.75,63.75,5.06,16.67,50,0,0,36.84,59.65
2026-10-08,8,9,2026-10-08 14:09:00,5,生誕25周年記念トコタンカップ,3,3474,松瀬 弘美,3,56,45.5,0,0,0.19,4.6,25.49,43.14,5.09,39.13,47.83,0,0,30,48.33
2026-10-08,8,9,2026-10-08 14:09:00,5,生誕25周年記念トコタンカップ,4,4792,杉村 賢也,3,36,52,0,0,0.15,4.57,19.05,45.24,5.56,22.22,66.67,0,0,40,52.31
2026-10-08,8,9,2026-10-08 14:09:00,5,生誕25周年記念トコタンカップ,5,4236,松村 敏,1,43,53.6,1,0,0.11,7.58,66.34,85.15,6.43,52.38,66.67,0,0,27.27,47.27
2026-10-08,8,9,2026-10-08 14:09:00,5,生誕25周年記念トコタンカップ,6,4706,三浦 洋次朗,2,37,50.5,1,0,0.17,5.57,43.16,54.74,6.02,37.5,64.58,0,0,21.05,35.09
2026-10-08,8,10,2026-10-08 14:42:00,5,生誕25周年記念トコタンカップ,1,3841,佐々木 和伸,2,50,53.9,0,0,0.16,6.29,46.88,66.41,5.24,35.29,58.82,0,0,36.36,56.06
2026-10-08,8,10,2026-10-08 14:42:00,5,生誕25周年記念トコタンカップ,2,5355,萩原 丈太朗,3,21,54.8,0,0,0.17,2.64,10.71,14.29,0,0,0,0,0,31.03,51.72
2026-10-08,8,10,2026-10-08 14:42:00,5,生誕25周年記念トコタンカップ,3,4288,永田 啓二,1,42,52.1,0,0,0.12,7.39,63.21,75.47,7.36,61.7,78.72,0,0,31.75,46.03
2026-10-08,8,10,2026-10-08 14:42:00,5,生誕25周年記念トコタンカップ,4,3458,東 健介,3,59,54,1,0,0.16,3.41,13.33,17.33,3.75,25,25,0,0,30.91,58.18
2026-10-08,8,10,2026-10-08 14:42:00,5,生誕25周年記念トコタンカップ,5,4137,君島 秀三,1,46,52,0,0,0.14,6.64,48.33,71.67,8.71,71.43,85.71,0,0,41.51,67.92
2026-10-08,8,10,2026-10-08 14:42:00,5,生誕25周年記念トコタンカップ,6,4785,木幡 純也,3,38,52.1,0,0,0.2,4.22,19.23,35.9,4.19,16.67,35.71,0,0,39.06,56.25
2026-10-08,8,11,2026-10-08 15:13:00,5,生誕25周年記念トコタンカップ,1,4624,高田 明,1,41,52,2,0,0.17,6.11,45.1,58.82,5.91,45.45,45.45,0,0,17.39,32.61
2026-10-08,8,11,2026-10-08 15:13:00,5,生誕25周年記念トコタンカップ,2,4447,深川 麻奈美,3,39,47.8,0,0,0.19,6.33,46.55,64.66,5.6,33.33,40,0,0,38.1,63.49
2026-10-08,8,11,2026-10-08 15:13:00,5,生誕25周年記念トコタンカップ,3,4296,岡崎 恭裕,2,39,51.5,0,0,0.14,6.66,49.3,70.42,7,41.18,70.59,0,0,46.55,63.79
2026-10-08,8,11,2026-10-08 15:13:00,5,生誕25周年記念トコタンカップ,4,3659,藤生 雄人,2,52,52.3,1,0,0.17,5.38,31.76,54.12,6.02,46.51,62.79,0,0,33.33,46.67
2026-10-08,8,11,2026-10-08 15:13:00,5,生誕25周年記念トコタンカップ,5,4105,松下 直也,3,47,53,0,0,0.19,5.52,36.14,57.83,6.41,48.15,77.78,0,0,31.58,45.61
2026-10-08,8,11,2026-10-08 15:13:00,5,生誕25周年記念トコタンカップ,6,4207,松下 一也,1,43,53.7,1,0,0.13,5.68,45.05,56.04,7.86,69.05,83.33,0,0,35.71,48.21
2026-10-08,8,12,2026-10-08 15:58:00,5,生誕25周年記念トコタンカップ,1,4063,市橋 卓士,1,47,52.5,0,0,0.14,6.21,41.32,61.16,6.6,52,64,0,0,46.15,67.31
2026-10-08,8,12,2026-10-08 15:58:00,5,生誕25周年記念トコタンカップ,2,3933,山地 正樹,3,50,52,0,0,0.17,6.18,46.3,62.96,4.92,32,52,0,0,44.64,55.36
2026-10-08,8,12,2026-10-08 15:58:00,5,生誕25周年記念トコタンカップ,3,4460,後藤 翔之,2,40,55,0,0,0.14,6.36,49.49,66.67,4.22,16.67,16.67,0,0,40.98,60.66
2026-10-08,8,12,2026-10-08 15:58:00,5,生誕25周年記念トコタンカップ,4,4369,丹下 将,2,40,55.6,1,0,0.16,5.44,34.48,56.03,6.48,45.16,67.74,0,0,37.5,50
2026-10-08,8,12,2026-10-08 15:58:00,5,生誕25周年記念トコタンカップ,5,4117,廣中 智紗衣,2,45,46.5,1,0,0.22,6.15,45.98,68.97,6.44,55.56,66.67,0,0,27.59,39.66
2026-10-08,8,12,2026-10-08 15:58:00,5,生誕25周年記念トコタンカップ,6,5013,山下 夏鈴,3,29,47,1,0,0.17,5.59,38.55,49.4,4.83,27.59,37.93,0,0,32.08,43.4
2026-10-08,10,1,2026-10-08 10:36:00,2,開設73周年記念 北陸艇王決戦,1,4262,馬場 貴也,1,42,52.6,0,0,0.14,7.81,56.45,72.58,7.72,58.62,75.86,32.09,39.55,41.35,54.14
2026-10-08,10,1,2026-10-08 10:36:00,2,開設73周年記念 北陸艇王決戦,2,4415,下出 卓矢,1,39,52.5,1,0,0.14,5.61,38.71,51.61,6.6,52.07,64.5,37.68,53.62,36.36,55.24
2026-10-08,10,1,2026-10-08 10:36:00,2,開設73周年記念 北陸艇王決戦,3,4028,田村 隆信,1,48,56.6,0,0,0.15,5.44,34.04,51.06,0,0,0,30.14,45.21,33.33,46.67
2026-10-08,10,1,2026-10-08 10:36:00,2,開設73周年記念 北陸艇王決戦,4,4030,森高 一真,1,48,50.5,0,0,0.14,6.56,34.91,53.77,4.63,12.5,25,33.79,53.1,32.59,50.37
2026-10-08,10,1,2026-10-08 10:36:00,2,開設73周年記念 北陸艇王決戦,5,4910,中村 泰平,1,30,52,0,0,0.15,6.92,55.56,67.52,7.17,54.29,80,26.62,44.6,35.38,51.54
2026-10-08,10,1,2026-10-08 10:36:00,2,開設73周年記念 北陸艇王決戦,6,4932,新開 航,1,30,52,0,0,0.15,7.68,56.6,71.7,7.73,81.82,81.82,31.21,48.41,38.57,60
2026-10-08,10,2,2026-10-08 11:04:00,2,開設73周年記念 北陸艇王決戦,1,4587,木田 峰由季,1,35,51.5,1,0,0.17,5.82,44.44,57.58,6,45.45,59.85,38.41,56.52,24.22,45.31
2026-10-08,10,2,2026-10-08 11:04:00,2,開設73周年記念 北陸艇王決戦,2,4524,深谷 知博,1,38,52,1,0,0.11,6.63,38.55,57.83,6.44,37.5,62.5,34.65,52.76,34.06,50
2026-10-08,10,2,2026-10-08 11:04:00,2,開設73周年記念 北陸艇王決戦,3,4688,永井 彪也,1,33,52,0,0,0.13,6.92,51.67,68.33,6.79,48.84,69.77,33.81,54.68,34.81,56.3
2026-10-08,10,2,2026-10-08 11:04:00,2,開設73周年記念 北陸艇王決戦,4,4757,山田 祐也,1,37,52.3,0,0,0.15,6.67,48.67,61.95,4.6,20,40,31.78,49.61,31.62,52.94
2026-10-08,10,2,2026-10-08 11:04:00,2,開設73周年記念 北陸艇王決戦,5,4237,大峯 豊,1,42,52,0,0,0.14,7.57,55.75,76.11,6.88,52,64,37.5,51.47,41.38,58.62
2026-10-08,10,2,2026-10-08 11:04:00,2,開設73周年記念 北陸艇王決戦,6,4573,佐藤 翼,1,38,52.3,1,0,0.13,6.83,43.21,51.85,6.35,29.41,47.06,42.74,60.48,33.33,43.75
2026-10-08,10,3,2026-10-08 11:32:00,2,開設73周年記念 北陸艇王決戦,1,4544,松田 大志郎,1,38,52.1,1,0,0.16,7.42,58.7,69.57,8.04,71.43,82.14,37.5,58.59,34.81,50.37
2026-10-08,10,3,2026-10-08 11:32:00,2,開設73周年記念 北陸艇王決戦,2,4856,豊田 健士郎,1,30,52,0,0,0.14,7.49,62.88,76.52,7.31,56.25,68.75,29.85,45.52,35.97,51.8
2026-10-08,10,3,2026-10-08 11:32:00,2,開設73周年記念 北陸艇王決戦,3,4061,萩原 秀人,1,47,52.5,0,0,0.14,7.64,62.62,75.7,7.46,57.39,80.11,37.12,53.79,35.25,54.68
2026-10-08,10,3,2026-10-08 11:32:00,2,開設73周年記念 北陸艇王決戦,4,4857,加藤 翔馬,1,29,54.7,0,0,0.16,7.13,53.91,73.91,7.9,60,90,39.26,57.78,37.9,53.23
2026-10-08,10,3,2026-10-08 11:32:00,2,開設73周年記念 北陸艇王決戦,5,4448,青木 玄太,1,39,52.2,0,0,0.16,6.82,50.43,70.94,6.95,50,70,33.09,46.76,40.32,61.29
2026-10-08,10,3,2026-10-08 11:32:00,2,開設73周年記念 北陸艇王決戦,6,3590,濱野谷 憲吾,1,52,54.3,0,0,0.14,7.18,50.89,65.18,3.85,7.69,23.08,36.43,56.43,36.43,50
2026-10-08,10,4,2026-10-08 12:01:00,2,開設73周年記念 北陸艇王決戦,1,4504,前田 将太,1,38,53.9,0,0,0.15,6.98,52.68,72.32,7.75,75,75,37.58,49.66,32.09,50
2026-10-08,10,4,2026-10-08 12:01:00,2,開設73周年記念 北陸艇王決戦,2,4847,佐藤 隆太郎,1,32,52,0,0,0.16,7.03,48.11,65.09,7.93,66.67,81.48,31.13,45.7,41.8,55.74
2026-10-08,10,4,2026-10-08 12:01:00,2,開設73周年記念 北陸艇王決戦,3,3737,上平 真二,1,52,52.1,0,0,0.17,6.85,50.56,73.03,6.77,48.72,71.79,34.07,57.78,32.56,51.16
2026-10-08,10,4,2026-10-08 12:01:00,2,開設73周年記念 北陸艇王決戦,4,5142,常住 蓮,1,25,51.5,1,0,0.15,7.15,51.75,69.3,6.3,44.44,62.96,36.73,55.1,37.16,57.43
2026-10-08,10,4,2026-10-08 12:01:00,2,開設73周年記念 北陸艇王決戦,5,4044,湯川 浩司,1,47,52,0,0,0.14,6.42,38.46,64.1,7.04,43.48,60.87,36.76,50,41.94,54.84
2026-10-08,10,4,2026-10-08 12:01:00,2,開設73周年記念 北陸艇王決戦,6,3388,今垣 光太郎,1,57,52,1,0,0.16,6.39,41.33,64,7.39,61.02,76.27,38.17,52.67,32.17,51.05
2026-10-08,10,5,2026-10-08 12:30:00,2,開設73周年記念 北陸艇王決戦,1,4932,新開 航,1,30,52,0,0,0.15,7.68,56.6,71.7,7.73,81.82,81.82,31.21,48.41,38.57,60
2026-10-08,10,5,2026-10-08 12:30:00,2,開設73周年記念 北陸艇王決戦,2,5043,中村 日向,1,27,52,0,0,0.13,7.24,61.61,75.89,6.65,58.82,73.53,38.64,55.3,32.86,55.71
2026-10-08,10,5,2026-10-08 12:30:00,2,開設73周年記念 北陸艇王決戦,3,4826,井上 一輝,1,32,52,0,0,0.13,6.77,50,66.98,7.05,54.05,67.57,33.56,48.63,28.37,43.97
2026-10-08,10,5,2026-10-08 12:30:00,2,開設73周年記念 北陸艇王決戦,4,4604,岩瀬 裕亮,1,38,52.3,0,0,0.14,7.43,54.62,70.59,7.8,60,88,32.21,46.98,32.86,47.86
2026-10-08,10,5,2026-10-08 12:30:00,2,開設73周年記念 北陸艇王決戦,5,4415,下出 卓矢,1,39,52.5,1,0,0.14,5.61,38.71,51.61,6.6,52.07,64.5,37.68,53.62,36.36,55.24
2026-10-08,10,5,2026-10-08 12:30:00,2,開設73周年記念 北陸艇王決戦,6,4024,井口 佳典,1,49,52.1,0,0,0.16,7.01,45.79,62.62,6.87,54.35,65.22,32.61,50,31.72,51.03
2026-10-08,10,6,2026-10-08 12:59:00,2,開設73周年記念 北陸艇王決戦,1,4573,佐藤 翼,1,38,52.3,1,0,0.13,6.83,43.21,51.85,6.35,29.41,47.06,42.74,60.48,33.33,43.75
2026-10-08,10,6,2026-10-08 12:59:00,2,開設73周年記念 北陸艇王決戦,2,4910,中村 泰平,1,30,52,0,0,0.15,6.92,55.56,67.52,7.17,54.29,80,26.62,44.6,35.38,51.54
2026-10-08,10,6,2026-10-08 12:59:00,2,開設73周年記念 北陸艇王決戦,3,4682,大上 卓人,1,36,52,0,0,0.14,7.17,49.11,66.96,7.54,53.85,76.92,31.33,50,38.93,48.09
2026-10-08,10,6,2026-10-08 12:59:00,2,開設73周年記念 北陸艇王決戦,4,4446,和田 兼輔,1,39,52,1,0,0.13,6.69,45.92,66.33,6.71,42.86,57.14,41.01,56.12,33.59,55.73
2026-10-08,10,6,2026-10-08 12:59:00,2,開設73周年記念 北陸艇王決戦,5,4524,深谷 知博,1,38,52,1,0,0.11,6.63,38.55,57.83,6.44,37.5,62.5,34.65,52.76,34.06,50
2026-10-08,10,6,2026-10-08 12:59:00,2,開設73周年記念 北陸艇王決戦,6,4262,馬場 貴也,1,42,52.6,0,0,0.14,7.81,56.45,72.58,7.72,58.62,75.86,32.09,39.55,41.35,54.14
2026-10-08,10,7,2026-10-08 13:29:00,2,開設73周年記念 北陸艇王決戦,1,3590,濱野谷 憲吾,1,52,54.3,0,0,0.14,7.18,50.89,65.18,3.85,7.69,23.08,36.43,56.43,36.43,50
2026-10-08,10,7,2026-10-08 13:29:00,2,開設73周年記念 北陸艇王決戦,2,4237,大峯 豊,1,42,52,0,0,0.14,7.57,55.75,76.11,6.88,52,64,37.5,51.47,41.38,58.62
2026-10-08,10,7,2026-10-08 13:29:00,2,開設73周年記念 北陸艇王決戦,3,4337,平本 真之,1,42,55,0,0,0.13,7.14,43.64,67.27,7.63,70.37,77.78,35.1,54.3,32.87,50.35
2026-10-08,10,7,2026-10-08 13:29:00,2,開設73周年記念 北陸艇王決戦,4,4028,田村 隆信,1,48,56.6,0,0,0.15,5.44,34.04,51.06,0,0,0,30.14,45.21,33.33,46.67
2026-10-08,10,7,2026-10-08 13:29:00,2,開設73周年記念 北陸艇王決戦,5,4857,加藤 翔馬,1,29,54.7,0,0,0.16,7.13,53.91,73.91,7.9,60,90,39.26,57.78,37.9,53.23
2026-10-08,10,7,2026-10-08 13:29:00,2,開設73周年記念 北陸艇王決戦,6,4587,木田 峰由季,1,35,51.5,1,0,0.17,5.82,44.44,57.58,6,45.45,59.85,38.41,56.52,24.22,45.31
2026-10-08,10,8,2026-10-08 14:00:00,2,開設73周年記念 北陸艇王決戦,1,3388,今垣 光太郎,1,57,52,1,0,0.16,6.39,41.33,64,7.39,61.02,76.27,38.17,52.67,32.17,51.05
2026-10-08,10,8,2026-10-08 14:00:00,2,開設73周年記念 北陸艇王決戦,2,4448,青木 玄太,1,39,52.2,0,0,0.16,6.82,50.43,70.94,6.95,50,70,33.09,46.76,40.32,61.29
2026-10-08,10,8,2026-10-08 14:00:00,2,開設73周年記念 北陸艇王決戦,3,4030,森高 一真,1,48,50.5,0,0,0.14,6.56,34.91,53.77,4.63,12.5,25,33.79,53.1,32.59,50.37
2026-10-08,10,8,2026-10-08 14:00:00,2,開設73周年記念 北陸艇王決戦,4,4688,永井 彪也,1,33,52,0,0,0.13,6.92,51.67,68.33,6.79,48.84,69.77,33.81,54.68,34.81,56.3
2026-10-08,10,8,2026-10-08 14:00:00,2,開設73周年記念 北陸艇王決戦,5,4847,佐藤 隆太郎,1,32,52,0,0,0.16,7.03,48.11,65.09,7.93,66.67,81.48,31.13,45.7,41.8,55.74
2026-10-08,10,8,2026-10-08 14:00:00,2,開設73周年記念 北陸艇王決戦,6,4544,松田 大志郎,1,38,52.1,1,0,0.16,7.42,58.7,69.57,8.04,71.43,82.14,37.5,58.59,34.81,50.37
2026-10-08,10,9,2026-10-08 14:32:00,2,開設73周年記念 北陸艇王決戦,1,4024,井口 佳典,1,49,52.1,0,0,0.16,7.01,45.79,62.62,6.87,54.35,65.22,32.61,50,31.72,51.03
2026-10-08,10,9,2026-10-08 14:32:00,2,開設73周年記念 北陸艇王決戦,2,4044,湯川 浩司,1,47,52,0,0,0.14,6.42,38.46,64.1,7.04,43.48,60.87,36.76,50,41.94,54.84
2026-10-08,10,9,2026-10-08 14:32:00,2,開設73周年記念 北陸艇王決戦,3,4757,山田 祐也,1,37,52.3,0,0,0.15,6.67,48.67,61.95,4.6,20,40,31.78,49.61,31.62,52.94
2026-10-08,10,9,2026-10-08 14:32:00,2,開設73周年記念 北陸艇王決戦,4,4061,萩原 秀人,1,47,52.5,0,0,0.14,7.64,62.62,75.7,7.46,57.39,80.11,37.12,53.79,35.25,54.68
2026-10-08,10,9,2026-10-08 14:32:00,2,開設73周年記念 北陸艇王決戦,5,5043,中村 日向,1,27,52,0,0,0.13,7.24,61.61,75.89,6.65,58.82,73.53,38.64,55.3,32.86,55.71
2026-10-08,10,9,2026-10-08 14:32:00,2,開設73周年記念 北陸艇王決戦,6,4504,前田 将太,1,38,53.9,0,0,0.15,6.98,52.68,72.32,7.75,75,75,37.58,49.66,32.09,50
2026-10-08,10,10,2026-10-08 15:07:00,2,開設73周年記念 北陸艇王決戦,1,5084,末永 和也,1,27,52,0,0,0.13,7,53.57,71.43,7.36,54.55,81.82,34.31,48.18,30.94,44.6
2026-10-08,10,10,2026-10-08 15:07:00,2,開設73周年記念 北陸艇王決戦,2,4013,中島 孝平,1,46,52,0,0,0.14,7.32,50.98,68.63,7.59,64.04,79.82,28.78,41.01,33.33,48.15
2026-10-08,10,10,2026-10-08 15:07:00,2,開設73周年記念 北陸艇王決戦,3,4075,中野 次郎,1,45,53.8,0,0,0.13,6.35,37.37,56.57,7.12,56,64,39.39,59.09,28.87,43.66
2026-10-08,10,10,2026-10-08 15:07:00,2,開設73周年記念 北陸艇王決戦,4,4566,塩田 北斗,1,38,53.2,1,0,0.14,6.75,45.98,63.22,7.15,55,75,37.12,55.3,33.07,51.18
2026-10-08,10,10,2026-10-08 15:07:00,2,開設73周年記念 北陸艇王決戦,5,4848,仲谷 颯仁,1,32,52,0,0,0.15,7.71,56.25,75.89,6.56,44.12,61.76,42.75,61.83,26.96,46.96
2026-10-08,10,10,2026-10-08 15:07:00,2,開設73周年記念 北陸艇王決戦,6,4188,久田 敏之,1,45,52,0,0,0.12,7.96,63.39,79.46,7.88,68.42,80.7,47.2,63.2,34.65,50.39
2026-10-08,10,11,2026-10-08 15:43:00,2,開設73周年記念 北陸艇王決戦,1,4547,中田 竜太,1,38,51.5,0,0,0.16,7.05,49.5,65.35,7.63,63.16,78.95,34.07,51.11,31.62,47.79
2026-10-08,10,11,2026-10-08 15:43:00,2,開設73周年記念 北陸艇王決戦,2,4019,笠原 亮,1,46,52.2,0,0,0.17,7.31,59.81,75.7,6.5,56.25,68.75,36.62,55.63,31.76,45.27
2026-10-08,10,11,2026-10-08 15:43:00,2,開設73周年記念 北陸艇王決戦,3,4719,上條 暢嵩,1,32,51.5,0,0,0.14,7.38,45,62,7.77,65.38,73.08,33.33,47.1,32.58,46.21
2026-10-08,10,11,2026-10-08 15:43:00,2,開設73周年記念 北陸艇王決戦,4,3897,白井 英治,1,49,53.1,0,0,0.13,7.67,48.42,66.32,7.06,50,68.75,25.78,39.84,26.43,42.86
2026-10-08,10,11,2026-10-08 15:43:00,2,開設73周年記念 北陸艇王決戦,5,4532,秋元 哲,1,37,51.5,1,0,0.13,6.89,58.02,71.6,7.35,61.29,80.65,35.66,54.55,38.41,53.62
2026-10-08,10,11,2026-10-08 15:43:00,2,開設73周年記念 北陸艇王決戦,6,4391,松田 祐季,1,40,52,0,0,0.15,7.05,54.62,69.23,7.07,54.32,71.6,43.97,59.57,28.77,44.52
2026-10-08,10,12,2026-10-08 16:20:00,2,開設73周年記念 北陸艇王決戦,1,4238,毒島 誠,1,42,53,0,0,0.15,7.84,60.23,78.41,7.67,61.11,66.67,26.87,49.25,34.03,45.83
2026-10-08,10,12,2026-10-08 16:20:00,2,開設73周年記念 北陸艇王決戦,2,4477,篠崎 仁志,1,38,53.5,0,0,0.13,7.03,41.49,63.83,5.19,37.5,43.75,32.12,59.12,32.62,48.23
2026-10-08,10,12,2026-10-08 16:20:00,2,開設73周年記念 北陸艇王決戦,3,4500,山田 康二,1,38,53.2,1,0,0.13,8.02,61,76,0,0,0,31.47,46.15,30.08,50.38
2026-10-08,10,12,2026-10-08 16:20:00,2,開設73周年記念 北陸艇王決戦,4,3716,石渡 鉄兵,1,51,53.6,0,0,0.12,6.74,41.49,60.64,6.89,55.56,66.67,32.43,45.95,40.16,51.97
2026-10-08,10,12,2026-10-08 16:20:00,2,開設73周年記念 北陸艇王決戦,5,4832,権藤 俊光,1,39,52,0,0,0.14,6.81,50,70.34,7.88,60,80,40.77,59.23,36.23,57.97
2026-10-08,10,12,2026-10-08 16:20:00,2,開設73周年記念 北陸艇王決戦,6,4290,稲田 浩二,1,41,52,0,0,0.12,6.94,49.09,67.27,7.04,52.83,64.15,42.22,62.96,36.88,54.61
2026-10-08,11,1,2026-10-08 10:31:00,5,第3回浪乃音酒造杯,1,4588,田中 京介,2,35,54.9,0,0,0.15,5.45,38.14,56.78,5.86,42.86,64.29,45.9,59.02,28.28,50.51
2026-10-08,11,1,2026-10-08 10:31:00,5,第3回浪乃音酒造杯,2,4090,中村 尊,4,46,54.6,0,0,0.16,5.99,44.94,57.3,5.54,41.46,56.1,26.53,41.84,28.57,40.82
2026-10-08,11,1,2026-10-08 10:31:00,5,第3回浪乃音酒造杯,3,4489,岩川 仁士,3,40,53.7,0,0,0.15,4.9,25.74,46.53,4.65,18.92,51.35,34.55,48.18,29.09,40
2026-10-08,11,1,2026-10-08 10:31:00,5,第3回浪乃音酒造杯,4,4146,柳橋 宏紀,2,44,52.8,0,0,0.14,4.7,24.73,38.71,5.28,33.33,53.06,39.45,55.96,28.28,46.46
2026-10-08,11,1,2026-10-08 10:31:00,5,第3回浪乃音酒造杯,5,4564,山本 景士郎,3,38,52.9,0,0,0.19,4.28,18.81,36.63,0,0,0,27.45,42.16,20.2,39.39
2026-10-08,11,1,2026-10-08 10:31:00,5,第3回浪乃音酒造杯,6,5403,藤山 湧太,4,22,52,0,0,0.2,3.08,9.62,21.15,1.29,0,0,38.6,51.75,29.09,45.45
2026-10-08,11,2,2026-10-08 10:59:00,5,第3回浪乃音酒造杯,1,4066,東本 勝利,2,46,53.3,0,0,0.18,6.25,45.71,65.71,7.4,70,90,27.52,40.37,22.22,42.42
2026-10-08,11,2,2026-10-08 10:59:00,5,第3回浪乃音酒造杯,2,3370,坪内 実,3,59,52,1,0,0.18,3.89,21.54,38.46,3.4,11.63,27.91,45.76,70.34,21.88,39.58
2026-10-08,11,2,2026-10-08 10:59:00,5,第3回浪乃音酒造杯,3,3315,広瀬 聖仁,3,61,52.5,0,0,0.16,4.12,17.95,33.33,6.9,50,90,29.91,46.73,45.16,55.65
2026-10-08,11,2,2026-10-08 10:59:00,5,第3回浪乃音酒造杯,4,4905,土井 祥伍,3,31,54.1,0,0,0.21,4.73,26.53,43.88,5.21,36.36,42.42,44.17,57.5,31.53,45.05
2026-10-08,11,2,2026-10-08 10:59:00,5,第3回浪乃音酒造杯,5,3850,小川 知行,3,54,52.4,0,0,0.14,4.46,23.16,40,5.1,30,50,31.3,53.91,31.86,48.67
2026-10-08,11,2,2026-10-08 10:59:00,5,第3回浪乃音酒造杯,6,5382,山下 心一,3,21,52,0,0,0.17,2.02,1.14,7.95,0,0,0,31.9,39.66,36.28,53.1
2026-10-08,11,3,2026-10-08 11:27:00,5,第3回浪乃音酒造杯,1,4033,伊藤 将吉,2,48,52.4,0,0,0.15,6.17,45.63,64.08,5.63,42.5,52.5,38.39,58.04,26,42
2026-10-08,11,3,2026-10-08 11:27:00,5,第3回浪乃音酒造杯,2,4603,谷川 将太,3,38,52.3,0,0,0.16,6.2,47.73,69.32,3.87,13.33,33.33,13.46,33.65,11.46,30.21
2026-10-08,11,3,2026-10-08 11:27:00,5,第3回浪乃音酒造杯,3,3889,須藤 隆雄,3,51,54.8,0,0,0.18,3.63,17.14,24.29,3.28,16.67,22.22,36.36,47.27,40.17,52.99
2026-10-08,11,3,2026-10-08 11:27:00,5,第3回浪乃音酒造杯,4,3627,井上 恵一,2,57,54,1,0,0.18,4.13,25.3,36.14,5.71,44.74,63.16,36.84,51.75,21.43,37.76
2026-10-08,11,3,2026-10-08 11:27:00,5,第3回浪乃音酒造杯,5,4382,高山 智至,3,41,53.1,0,0,0.19,4.5,19.61,38.24,4.17,15.24,34.76,29.81,43.27,45.45,70.25
2026-10-08,11,3,2026-10-08 11:27:00,5,第3回浪乃音酒造杯,6,5430,鳥本 智史,4,22,52,1,0,0.18,1.39,0,2.63,0.71,0,0,46.67,56.67,39.17,56.67
2026-10-08,11,4,2026-10-08 11:54:00,5,第3回浪乃音酒造杯,1,4189,川上 剛,1,45,54.6,1,0,0.16,5.5,31.73,50.96,6.03,48.39,67.74,29.06,43.59,37.07,58.62
2026-10-08,11,4,2026-10-08 11:54:00,5,第3回浪乃音酒造杯,2,3629,浅見 昌克,2,56,51,0,0,0.14,5.5,33.33,56.67,6.1,42.86,66.67,31.9,51.72,9.9,19.8
2026-10-08,11,4,2026-10-08 11:54:00,5,第3回浪乃音酒造杯,3,4740,齋藤 達希,3,34,53.1,0,0,0.17,4.34,22.35,38.82,3.2,15,20,27,42,29.91,47.01
2026-10-08,11,4,2026-10-08 11:54:00,5,第3回浪乃音酒造杯,4,5400,高村 諒,4,24,52,0,0,0.18,2.72,5.88,12.94,1.63,1.33,2.67,42.24,59.48,28.57,43.81
2026-10-08,11,4,2026-10-08 11:54:00,5,第3回浪乃音酒造杯,5,4079,出畑 孝典,2,47,52,0,0,0.19,5.97,42.42,60.61,5.84,45.16,58.06,26.19,46.43,39.17,50.83
2026-10-08,11,4,2026-10-08 11:54:00,5,第3回浪乃音酒造杯,6,4340,土性 雅也,4,42,53.2,0,0,,3.6,16.67,30,3.81,18.75,37.5,28.57,44.64,43.33,57.5
2026-10-08,11,5,2026-10-08 12:20:00,5,第3回浪乃音酒造杯,1,3966,作間 章,1,47,53.6,0,0,0.17,6.42,46.61,66.95,5.73,32.43,48.65,27.1,39.25,41.03,57.26
2026-10-08,11,5,2026-10-08 12:20:00,5,第3回浪乃音酒造杯,2,3233,小畑 実成,3,59,52.3,1,0,0.16,4.52,24,34.67,5.44,25,56.25,36.84,58.77,41.38,56.03
2026-10-08,11,5,2026-10-08 12:20:00,5,第3回浪乃音酒造杯,3,3922,菅沼 佳昭,3,51,52,0,0,0.19,3.77,16.67,26.67,3.33,9.52,21.43,28.04,41.12,35.65,52.17
2026-10-08,11,5,2026-10-08 12:20:00,5,第3回浪乃音酒造杯,4,4375,照屋 厚仁,2,42,52,0,0,0.17,5.62,35.71,55.36,6.16,46.51,65.12,43.86,60.53,38.6,57.89
2026-10-08,11,5,2026-10-08 12:20:00,5,第3回浪乃音酒造杯,5,3805,高橋 英之,3,52,54.1,0,0,0.14,5.33,31.52,53.26,5.07,29.63,51.85,36.52,59.13,22.68,38.14
2026-10-08,11,5,2026-10-08 12:20:00,5,第3回浪乃音酒造杯,6,5463,出口 飛龍,4,19,53.3,0,0,,1.28,0,0,0,0,0,28.7,46.09,37.29,51.69
2026-10-08,11,6,2026-10-08 12:48:00,5,第3回浪乃音酒造杯,1,5126,山下 大輝,1,30,52,0,0,0.15,6.83,54.17,72.92,6.26,50,63.16,37.29,55.93,31.3,47.83
2026-10-08,11,6,2026-10-08 12:48:00,5,第3回浪乃音酒造杯,2,3850,小川 知行,3,54,52.4,0,0,0.14,4.46,23.16,40,5.1,30,50,31.3,53.91,31.86,48.67
2026-10-08,11,6,2026-10-08 12:48:00,5,第3回浪乃音酒造杯,3,3719,辻 栄蔵,1,51,52.4,1,0,0.15,6.61,43.43,59.6,5.31,12.5,31.25,28.3,48.11,37.07,51.72
2026-10-08,11,6,2026-10-08 12:48:00,5,第3回浪乃音酒造杯,4,5403,藤山 湧太,4,22,52,0,0,0.2,3.08,9.62,21.15,1.29,0,0,38.6,51.75,29.09,45.45
2026-10-08,11,6,2026-10-08 12:48:00,5,第3回浪乃音酒造杯,5,4489,岩川 仁士,3,40,53.7,0,0,0.15,4.9,25.74,46.53,4.65,18.92,51.35,34.55,48.18,29.09,40
2026-10-08,11,6,2026-10-08 12:48:00,5,第3回浪乃音酒造杯,6,5147,田中 勇輔,3,32,51,2,0,0.14,4.23,18.75,35.42,0,0,0,38.18,62.73,42.98,55.26
2026-10-08,11,7,2026-10-08 13:16:00,5,第3回浪乃音酒造杯,1,4241,大串 重幸,2,41,52,0,0,0.17,5.64,38.14,52.58,6.44,55.56,66.67,30.7,49.12,28.95,45.61
2026-10-08,11,7,2026-10-08 13:16:00,5,第3回浪乃音酒造杯,2,4564,山本 景士郎,3,38,52.9,0,0,0.19,4.28,18.81,36.63,0,0,0,27.45,42.16,20.2,39.39
2026-10-08,11,7,2026-10-08 13:16:00,5,第3回浪乃音酒造杯,3,4090,中村 尊,4,46,54.6,0,0,0.16,5.99,44.94,57.3,5.54,41.46,56.1,26.53,41.84,28.57,40.82
2026-10-08,11,7,2026-10-08 13:16:00,5,第3回浪乃音酒造杯,4,3315,広瀬 聖仁,3,61,52.5,0,0,0.16,4.12,17.95,33.33,6.9,50,90,29.91,46.73,45.16,55.65
2026-10-08,11,7,2026-10-08 13:16:00,5,第3回浪乃音酒造杯,5,3889,須藤 隆雄,3,51,54.8,0,0,0.18,3.63,17.14,24.29,3.28,16.67,22.22,36.36,47.27,40.17,52.99
2026-10-08,11,7,2026-10-08 13:16:00,5,第3回浪乃音酒造杯,6,5127,沼田 大都,3,29,51,1,0,0.22,4.35,16.84,42.11,4.67,30,50,40.18,54.46,38.02,52.89
2026-10-08,11,8,2026-10-08 13:46:00,5,第3回浪乃音酒造杯,1,5400,高村 諒,4,24,52,0,0,0.18,2.72,5.88,12.94,1.63,1.33,2.67,42.24,59.48,28.57,43.81
2026-10-08,11,8,2026-10-08 13:46:00,5,第3回浪乃音酒造杯,2,4740,齋藤 達希,3,34,53.1,0,0,0.17,4.34,22.35,38.82,3.2,15,20,27,42,29.91,47.01
2026-10-08,11,8,2026-10-08 13:46:00,5,第3回浪乃音酒造杯,3,5382,山下 心一,3,21,52,0,0,0.17,2.02,1.14,7.95,0,0,0,31.9,39.66,36.28,53.1
2026-10-08,11,8,2026-10-08 13:46:00,5,第3回浪乃音酒造杯,4,3339,泉 具巳,3,61,55.1,0,0,0.17,4.58,30.3,40.91,4.74,33.33,40.74,41.28,57.8,36.07,54.92
2026-10-08,11,8,2026-10-08 13:46:00,5,第3回浪乃音酒造杯,5,3627,井上 恵一,2,57,54,1,0,0.18,4.13,25.3,36.14,5.71,44.74,63.16,36.84,51.75,21.43,37.76
2026-10-08,11,8,2026-10-08 13:46:00,5,第3回浪乃音酒造杯,6,4641,磯村 匠,3,35,52,2,0,0.19,3.45,12.9,22.58,5.9,38.71,61.29,30.48,53.33,30.09,47.79
2026-10-08,11,9,2026-10-08 14:17:00,5,第3回浪乃音酒造杯,1,4146,柳橋 宏紀,2,44,52.8,0,0,0.14,4.7,24.73,38.71,5.28,33.33,53.06,39.45,55.96,28.28,46.46
2026-10-08,11,9,2026-10-08 14:17:00,5,第3回浪乃音酒造杯,2,3922,菅沼 佳昭,3,51,52,0,0,0.19,3.77,16.67,26.67,3.33,9.52,21.43,28.04,41.12,35.65,52.17
2026-10-08,11,9,2026-10-08 14:17:00,5,第3回浪乃音酒造杯,3,3370,坪内 実,3,59,52,1,0,0.18,3.89,21.54,38.46,3.4,11.63,27.91,45.76,70.34,21.88,39.58
2026-10-08,11,9,2026-10-08 14:17:00,5,第3回浪乃音酒造杯,4,4079,出畑 孝典,2,47,52,0,0,0.19,5.97,42.42,60.61,5.84,45.16,58.06,26.19,46.43,39.17,50.83
2026-10-08,11,9,2026-10-08 14:17:00,5,第3回浪乃音酒造杯,5,3233,小畑 実成,3,59,52.3,1,0,0.16,4.52,24,34.67,5.44,25,56.25,36.84,58.77,41.38,56.03
2026-10-08,11,9,2026-10-08 14:17:00,5,第3回浪乃音酒造杯,6,5430,鳥本 智史,4,22,52,1,0,0.18,1.39,0,2.63,0.71,0,0,46.67,56.67,39.17,56.67
2026-10-08,11,10,2026-10-08 14:49:00,5,第3回浪乃音酒造杯,1,4375,照屋 厚仁,2,42,52,0,0,0.17,5.62,35.71,55.36,6.16,46.51,65.12,43.86,60.53,38.6,57.89
2026-10-08,11,10,2026-10-08 14:49:00,5,第3回浪乃音酒造杯,2,5126,山下 大輝,1,30,52,0,0,0.15,6.83,54.17,72.92,6.26,50,63.16,37.29,55.93,31.3,47.83
2026-10-08,11,10,2026-10-08 14:49:00,5,第3回浪乃音酒造杯,3,4189,川上 剛,1,45,54.6,1,0,0.16,5.5,31.73,50.96,6.03,48.39,67.74,29.06,43.59,37.07,58.62
2026-10-08,11,10,2026-10-08 14:49:00,5,第3回浪乃音酒造杯,4,4588,田中 京介,2,35,54.9,0,0,0.15,5.45,38.14,56.78,5.86,42.86,64.29,45.9,59.02,28.28,50.51
2026-10-08,11,10,2026-10-08 14:49:00,5,第3回浪乃音酒造杯,5,4905,土井 祥伍,3,31,54.1,0,0,0.21,4.73,26.53,43.88,5.21,36.36,42.42,44.17,57.5,31.53,45.05
2026-10-08,11,10,2026-10-08 14:49:00,5,第3回浪乃音酒造杯,6,4033,伊藤 将吉,2,48,52.4,0,0,0.15,6.17,45.63,64.08,5.63,42.5,52.5,38.39,58.04,26,42
2026-10-08,11,11,2026-10-08 15:30:00,5,第3回浪乃音酒造杯,1,3719,辻 栄蔵,1,51,52.4,1,0,0.15,6.61,43.43,59.6,5.31,12.5,31.25,28.3,48.11,37.07,51.72
2026-10-08,11,11,2026-10-08 15:30:00,5,第3回浪乃音酒造杯,2,3966,作間 章,1,47,53.6,0,0,0.17,6.42,46.61,66.95,5.73,32.43,48.65,27.1,39.25,41.03,57.26
2026-10-08,11,11,2026-10-08 15:30:00,5,第3回浪乃音酒造杯,3,4241,大串 重幸,2,41,52,0,0,0.17,5.64,38.14,52.58,6.44,55.56,66.67,30.7,49.12,28.95,45.61
2026-10-08,11,11,2026-10-08 15:30:00,5,第3回浪乃音酒造杯,4,4603,谷川 将太,3,38,52.3,0,0,0.16,6.2,47.73,69.32,3.87,13.33,33.33,13.46,33.65,11.46,30.21
2026-10-08,11,11,2026-10-08 15:30:00,5,第3回浪乃音酒造杯,5,4066,東本 勝利,2,46,53.3,0,0,0.18,6.25,45.71,65.71,7.4,70,90,27.52,40.37,22.22,42.42
2026-10-08,11,11,2026-10-08 15:30:00,5,第3回浪乃音酒造杯,6,3629,浅見 昌克,2,56,51,0,0,0.14,5.5,33.33,56.67,6.1,42.86,66.67,31.9,51.72,9.9,19.8
2026-10-08,11,12,2026-10-08 16:06:00,5,第3回浪乃音酒造杯,1,4743,木村 仁紀,1,34,52.3,0,0,0.14,6.39,41.8,63.11,6.55,46.74,65.22,43.36,57.52,34.43,62.3
2026-10-08,11,12,2026-10-08 16:06:00,5,第3回浪乃音酒造杯,2,4305,金子 拓矢,1,43,52.6,0,0,0.15,7.01,54.44,66.67,7.31,55.56,75,31.9,49.14,30.36,46.43
2026-10-08,11,12,2026-10-08 16:06:00,5,第3回浪乃音酒造杯,3,3300,川崎 智幸,2,59,54.7,1,0,0.16,5.89,43.43,58.59,6.56,22.22,55.56,25.23,38.32,31.03,47.41
2026-10-08,11,12,2026-10-08 16:06:00,5,第3回浪乃音酒造杯,4,4649,和田 操拓,3,42,52.2,0,0,0.13,5.85,40.35,58.77,5.57,36.08,55.06,36.75,55.56,28.3,41.51
2026-10-08,11,12,2026-10-08 16:06:00,5,第3回浪乃音酒造杯,5,4437,中田 元泰,2,40,53.3,0,0,0.16,6.16,44.83,62.07,7.33,61.9,80.95,25.89,43.75,36,57
2026-10-08,11,12,2026-10-08 16:06:00,5,第3回浪乃音酒造杯,6,5242,高山 弘斗,3,26,52,1,0,0.18,3.27,12.5,28.13,4.3,20,30,29.09,50,46.61,71.19
2026-10-08,14,1,2026-10-08 08:35:00,5,松茂町ほか二町ボートレース事業組合開設58周年記念,1,4607,鶴田 勇雄,2,37,52.5,0,0,0.18,5.79,38.98,59.32,6.03,35.29,67.65,26.14,37.5,36.08,55.67
2026-10-08,14,1,2026-10-08 08:35:00,5,松茂町ほか二町ボートレース事業組合開設58周年記念,2,3519,冨田 秀幸,3,58,52,1,0,0.16,3.85,15.38,29.23,4.59,29.41,35.29,48.98,58.16,39.58,60.42
2026-10-08,14,1,2026-10-08 08:35:00,5,松茂町ほか二町ボートレース事業組合開設58周年記念,3,3992,関口 智久,3,47,54.2,1,0,0.14,4.94,27.94,48.53,6.15,38.46,69.23,34.07,47.25,36.56,55.91
2026-10-08,14,1,2026-10-08 08:35:00,5,松茂町ほか二町ボートレース事業組合開設58周年記念,4,3690,河合 三弘,3,56,52.2,0,0,0.19,4.57,27.88,42.31,0,0,0,31.25,51.04,37.78,50
2026-10-08,14,1,2026-10-08 08:35:00,5,松茂町ほか二町ボートレース事業組合開設58周年記念,5,4390,松本 弓雄,3,40,52.4,0,0,0.2,4.07,17.82,38.61,4.49,21.92,42.47,29.17,39.58,34.02,53.61
2026-10-08,14,1,2026-10-08 08:35:00,5,松茂町ほか二町ボートレース事業組合開設58周年記念,6,4563,齋藤 真之,3,38,53.2,0,0,0.16,4.09,21.43,37.14,3.33,22.22,22.22,40.86,55.91,32.99,53.61
2026-10-08,14,2,2026-10-08 09:04:00,5,松茂町ほか二町ボートレース事業組合開設58周年記念,1,4875,大塚 康雅,3,32,51.5,0,0,0.18,5.27,36.08,48.45,2.4,0,20,41.76,60.44,30.43,46.74
2026-10-08,14,2,2026-10-08 09:04:00,5,松茂町ほか二町ボートレース事業組合開設58周年記念,2,4600,井内 将太郎,1,41,52.6,1,0,0.12,6.14,46.91,60.49,5.11,31.58,52.63,32.22,48.89,43.48,57.61
2026-10-08,14,2,2026-10-08 09:04:00,5,松茂町ほか二町ボートレース事業組合開設58周年記念,3,3981,今坂 晃広,3,49,53.1,0,0,0.18,4.34,22.77,36.63,4.29,28.57,42.86,34.07,56.04,31.91,44.68
2026-10-08,14,2,2026-10-08 09:04:00,5,松茂町ほか二町ボートレース事業組合開設58周年記念,4,5044,渡邉 健,3,27,58.5,0,0,0.14,3.48,10.94,28.13,4.63,25.93,40.74,40.2,52.94,32.29,43.75
2026-10-08,14,2,2026-10-08 09:04:00,5,松茂町ほか二町ボートレース事業組合開設58周年記念,5,3963,原田 秀弥,2,47,52.4,0,0,0.17,5.94,39.29,63.39,5.03,24.14,48.28,35.35,48.48,29.47,49.47
2026-10-08,14,2,2026-10-08 09:04:00,5,松茂町ほか二町ボートレース事業組合開設58周年記念,6,4173,岡谷 健吾,3,44,55.7,0,0,0.17,5.09,30.1,47.57,4.96,32,40,47.52,65.35,31.96,37.11
2026-10-08,14,3,2026-10-08 09:30:00,5,松茂町ほか二町ボートレース事業組合開設58周年記念,1,4934,佐々木 翔斗,2,30,53.4,0,0,0.17,5.66,37.23,56.38,2.6,0,20,36,47,28.13,41.67
2026-10-08,14,3,2026-10-08 09:30:00,5,松茂町ほか二町ボートレース事業組合開設58周年記念,2,4100,松田 隆司,3,47,52.5,0,0,0.16,4.59,27.37,46.32,5.24,41.18,58.82,32.98,50,29.79,42.55
2026-10-08,14,3,2026-10-08 09:30:00,5,松茂町ほか二町ボートレース事業組合開設58周年記念,3,5219,森口 和紀,3,26,51.5,1,0,0.2,5.7,41.58,53.47,4.72,31.03,41.38,31.91,50,47.25,57.14
2026-10-08,14,3,2026-10-08 09:30:00,5,松茂町ほか二町ボートレース事業組合開設58周年記念,4,3911,鈴木 猛,3,52,52.9,0,0,0.17,4.97,30.28,44.95,4.5,20,30,38.78,50,34.04,50
2026-10-08,14,3,2026-10-08 09:30:00,5,松茂町ほか二町ボートレース事業組合開設58周年記念,5,4381,田路 朋史,2,42,52,0,0,0.17,5.84,42.16,56.86,5.5,40.91,52.27,34.02,48.45,42.39,54.35
2026-10-08,14,3,2026-10-08 09:30:00,5,松茂町ほか二町ボートレース事業組合開設58周年記念,6,5133,堀越 雄貴,3,27,51,1,0,0.22,5.34,32.81,51.56,0,0,0,20.22,39.33,40,55.79
2026-10-08,14,4,2026-10-08 09:56:00,5,松茂町ほか二町ボートレース事業組合開設58周年記念,1,4761,山田 晃大,2,36,52.4,0,0,0.14,5.81,38.18,55.45,4.56,25,31.25,36.46,57.29,49.46,67.74
2026-10-08,14,4,2026-10-08 09:56:00,5,松茂町ほか二町ボートレース事業組合開設58周年記念,2,4691,水原 慎,3,43,51,0,0,0.17,4.32,26.32,42.11,4.85,28.18,44.55,36.08,54.64,47.92,62.5
2026-10-08,14,4,2026-10-08 09:56:00,5,松茂町ほか二町ボートレース事業組合開設58周年記念,3,4953,尾上 雅也,1,31,52.2,0,0,0.16,6.63,50.41,66.94,5.38,29.17,50,34.69,51.02,33.68,51.58
2026-10-08,14,4,2026-10-08 09:56:00,5,松茂町ほか二町ボートレース事業組合開設58周年記念,4,4323,山田 佑樹,3,39,55.7,0,0,0.17,6.17,50.51,66.67,4.86,39.29,42.86,41.84,53.06,22.34,44.68
2026-10-08,14,4,2026-10-08 09:56:00,5,松茂町ほか二町ボートレース事業組合開設58周年記念,5,4020,川上 清人,3,46,64,0,0,0.18,3.37,15.19,24.05,3.59,23.53,23.53,37.36,52.75,31.63,47.96
2026-10-08,14,4,2026-10-08 09:56:00,5,松茂町ほか二町ボートレース事業組合開設58周年記念,6,5468,山口 隼人,4,19,52,0,0,,1.28,0,0,0,0,0,34.86,55.96,43.75,62.5
2026-10-08,14,5,2026-10-08 10:27:00,5,松茂町ほか二町ボートレース事業組合開設58周年記念,1,4301,関 裕也,3,43,53.4,0,0,0.2,4.61,28.38,43.24,4.75,12.5,62.5,44.95,56.88,43.82,65.17
2026-10-08,14,5,2026-10-08 10:27:00,5,松茂町ほか二町ボートレース事業組合開設58周年記念,2,3831,安藤 裕貴,3,52,53,0,0,0.15,4.41,21.98,37.36,3.83,33.33,33.33,33.96,52.83,39.8,60.2
2026-10-08,14,5,2026-10-08 10:27:00,5,松茂町ほか二町ボートレース事業組合開設58周年記念,3,4793,金子 萌,2,36,52,0,0,0.14,6.61,50.44,64.6,7.04,51.85,70.37,39.22,57.84,36.26,50.55
2026-10-08,14,5,2026-10-08 10:27:00,5,松茂町ほか二町ボートレース事業組合開設58周年記念,4,5348,小林 甘寧,3,22,52.7,0,0,0.16,6,42.42,64.65,2.42,6.45,12.9,36.84,52.63,29.35,40.22
2026-10-08,14,5,2026-10-08 10:27:00,5,松茂町ほか二町ボートレース事業組合開設58周年記念,5,4089,妹尾 忠幸,2,46,53.7,0,0,0.16,6.53,42.42,71.72,6.46,45.83,75,34.02,50.52,29.29,49.49
2026-10-08,14,5,2026-10-08 10:27:00,5,松茂町ほか二町ボートレース事業組合開設58周年記念,6,4614,石倉 洋行,1,46,52.9,1,0,0.13,7.37,60.19,82.52,8.5,62.5,100,34.04,48.94,25.26,43.16
2026-10-08,14,6,2026-10-08 10:55:00,5,松茂町ほか二町ボートレース事業組合開設58周年記念,1,5044,渡邉 健,3,27,58.5,0,0,0.14,3.48,10.94,28.13,4.63,25.93,40.74,40.2,52.94,32.29,43.75
2026-10-08,14,6,2026-10-08 10:55:00,5,松茂町ほか二町ボートレース事業組合開設58周年記念,2,3838,伊藤 啓三,3,51,52.6,0,0,0.16,5.2,29.9,52.58,5.63,37.04,59.26,34.69,51.02,30.53,50.53
2026-10-08,14,6,2026-10-08 10:55:00,5,松茂町ほか二町ボートレース事業組合開設58周年記念,3,4769,馬場 剛,1,34,51.5,0,0,0.12,6.63,48.08,66.35,4.53,29.41,41.18,44.44,53.33,35.42,57.29
2026-10-08,14,6,2026-10-08 10:55:00,5,松茂町ほか二町ボートレース事業組合開設58周年記念,4,3982,福田 理,3,49,55.4,0,0,0.18,4.7,26.19,41.67,4.88,32.35,50,35.16,52.75,31.91,46.81
2026-10-08,14,6,2026-10-08 10:55:00,5,松茂町ほか二町ボートレース事業組合開設58周年記念,5,4513,河野 真也,2,37,52,0,0,0.2,6.2,43.8,66.12,3.33,16.67,16.67,34.62,51.92,37.63,52.69
2026-10-08,14,6,2026-10-08 10:55:00,5,松茂町ほか二町ボートレース事業組合開設58周年記念,6,5452,上馬場 風依,4,20,52,1,0,,1.16,0,0,0,0,0,56.25,76.04,31.91,52.13
2026-10-08,14,7,2026-10-08 11:23:00,5,松茂町ほか二町ボートレース事業組合開設58周年記念,1,4917,岩橋 裕馬,3,38,52,0,0,0.17,5.34,36.71,48.1,3.88,6.25,31.25,36.56,48.39,31.58,49.47
2026-10-08,14,7,2026-10-08 11:23:00,5,松茂町ほか二町ボートレース事業組合開設58周年記念,2,3981,今坂 晃広,3,49,53.1,0,0,0.18,4.34,22.77,36.63,4.29,28.57,42.86,34.07,56.04,31.91,44.68
2026-10-08,14,7,2026-10-08 11:23:00,5,松茂町ほか二町ボートレース事業組合開設58周年記念,3,4607,鶴田 勇雄,2,37,52.5,0,0,0.18,5.79,38.98,59.32,6.03,35.29,67.65,26.14,37.5,36.08,55.67
2026-10-08,14,7,2026-10-08 11:23:00,5,松茂町ほか二町ボートレース事業組合開設58周年記念,4,5278,田中 駿兵,1,24,52,1,0,0.14,7.02,56.67,71.11,6.47,47.22,65.97,33.7,52.17,36.84,60
2026-10-08,14,7,2026-10-08 11:23:00,5,松茂町ほか二町ボートレース事業組合開設58周年記念,5,3519,冨田 秀幸,3,58,52,1,0,0.16,3.85,15.38,29.23,4.59,29.41,35.29,48.98,58.16,39.58,60.42
2026-10-08,14,7,2026-10-08 11:23:00,5,松茂町ほか二町ボートレース事業組合開設58周年記念,6,5219,森口 和紀,3,26,51.5,1,0,0.2,5.7,41.58,53.47,4.72,31.03,41.38,31.91,50,47.25,57.14
2026-10-08,14,8,2026-10-08 11:51:00,5,松茂町ほか二町ボートレース事業組合開設58周年記念,1,4390,松本 弓雄,3,40,52.4,0,0,0.2,4.07,17.82,38.61,4.49,21.92,42.47,29.17,39.58,34.02,53.61
2026-10-08,14,8,2026-10-08 11:51:00,5,松茂町ほか二町ボートレース事業組合開設58周年記念,2,4016,西川 新太郎,3,46,54.9,0,0,0.16,5.33,28.72,47.87,4.85,34.62,46.15,33.01,59.22,32.65,52.04
2026-10-08,14,8,2026-10-08 11:51:00,5,松茂町ほか二町ボートレース事業組合開設58周年記念,3,4691,水原 慎,3,43,51,0,0,0.17,4.32,26.32,42.11,4.85,28.18,44.55,36.08,54.64,47.92,62.5
2026-10-08,14,8,2026-10-08 11:51:00,5,松茂町ほか二町ボートレース事業組合開設58周年記念,4,5133,堀越 雄貴,3,27,51,1,0,0.22,5.34,32.81,51.56,0,0,0,20.22,39.33,40,55.79
2026-10-08,14,8,2026-10-08 11:51:00,5,松茂町ほか二町ボートレース事業組合開設58周年記念,5,4269,杉山 裕也,2,41,52.7,0,0,0.15,7.24,61.16,78.51,7.6,66.67,86.67,40,63,34.04,43.62
2026-10-08,14,8,2026-10-08 11:51:00,5,松茂町ほか二町ボートレース事業組合開設58周年記念,6,3992,関口 智久,3,47,54.2,1,0,0.14,4.94,27.94,48.53,6.15,38.46,69.23,34.07,47.25,36.56,55.91
2026-10-08,14,9,2026-10-08 12:25:00,5,松茂町ほか二町ボートレース事業組合開設58周年記念,1,4111,奥田 誠,2,46,53.7,0,0,0.16,5.46,37.27,56.36,5.37,34.88,51.16,38.71,53.76,27.17,41.3
2026-10-08,14,9,2026-10-08 12:25:00,5,松茂町ほか二町ボートレース事業組合開設58周年記念,2,3772,一柳 和孝,3,52,53,0,0,0.16,4.75,22.22,43.21,5.41,35.29,64.71,25.27,48.35,37.5,52.08
2026-10-08,14,9,2026-10-08 12:25:00,5,松茂町ほか二町ボートレース事業組合開設58周年記念,3,5348,小林 甘寧,3,22,52.7,0,0,0.16,6,42.42,64.65,2.42,6.45,12.9,36.84,52.63,29.35,40.22
2026-10-08,14,9,2026-10-08 12:25:00,5,松茂町ほか二町ボートレース事業組合開設58周年記念,4,4020,川上 清人,3,46,64,0,0,0.18,3.37,15.19,24.05,3.59,23.53,23.53,37.36,52.75,31.63,47.96
2026-10-08,14,9,2026-10-08 12:25:00,5,松茂町ほか二町ボートレース事業組合開設58周年記念,5,3911,鈴木 猛,3,52,52.9,0,0,0.17,4.97,30.28,44.95,4.5,20,30,38.78,50,34.04,50
2026-10-08,14,9,2026-10-08 12:25:00,5,松茂町ほか二町ボートレース事業組合開設58周年記念,6,5460,早川 理稀,4,20,53.6,1,0,,1.68,2.35,5.88,0,0,0,21.35,41.57,38.71,53.76
2026-10-08,14,10,2026-10-08 13:07:00,5,松茂町ほか二町ボートレース事業組合開設58周年記念,1,3963,原田 秀弥,2,47,52.4,0,0,0.17,5.94,39.29,63.39,5.03,24.14,48.28,35.35,48.48,29.47,49.47
2026-10-08,14,10,2026-10-08 13:07:00,5,松茂町ほか二町ボートレース事業組合開設58周年記念,2,4323,山田 佑樹,3,39,55.7,0,0,0.17,6.17,50.51,66.67,4.86,39.29,42.86,41.84,53.06,22.34,44.68
2026-10-08,14,10,2026-10-08 13:07:00,5,松茂町ほか二町ボートレース事業組合開設58周年記念,3,4614,石倉 洋行,1,46,52.9,1,0,0.13,7.37,60.19,82.52,8.5,62.5,100,34.04,48.94,25.26,43.16
2026-10-08,14,10,2026-10-08 13:07:00,5,松茂町ほか二町ボートレース事業組合開設58周年記念,4,3838,伊藤 啓三,3,51,52.6,0,0,0.16,5.2,29.9,52.58,5.63,37.04,59.26,34.69,51.02,30.53,50.53
2026-10-08,14,10,2026-10-08 13:07:00,5,松茂町ほか二町ボートレース事業組合開設58周年記念,5,4769,馬場 剛,1,34,51.5,0,0,0.12,6.63,48.08,66.35,4.53,29.41,41.18,44.44,53.33,35.42,57.29
2026-10-08,14,10,2026-10-08 13:07:00,5,松茂町ほか二町ボートレース事業組合開設58周年記念,6,4793,金子 萌,2,36,52,0,0,0.14,6.61,50.44,64.6,7.04,51.85,70.37,39.22,57.84,36.26,50.55
2026-10-08,14,11,2026-10-08 13:36:00,5,松茂町ほか二町ボートレース事業組合開設58周年記念,1,4173,岡谷 健吾,3,44,55.7,0,0,0.17,5.09,30.1,47.57,4.96,32,40,47.52,65.35,31.96,37.11
2026-10-08,14,11,2026-10-08 13:36:00,5,松茂町ほか二町ボートレース事業組合開設58周年記念,2,4381,田路 朋史,2,42,52,0,0,0.17,5.84,42.16,56.86,5.5,40.91,52.27,34.02,48.45,42.39,54.35
2026-10-08,14,11,2026-10-08 13:36:00,5,松茂町ほか二町ボートレース事業組合開設58周年記念,3,4089,妹尾 忠幸,2,46,53.7,0,0,0.16,6.53,42.42,71.72,6.46,45.83,75,34.02,50.52,29.29,49.49
2026-10-08,14,11,2026-10-08 13:36:00,5,松茂町ほか二町ボートレース事業組合開設58周年記念,4,4875,大塚 康雅,3,32,51.5,0,0,0.18,5.27,36.08,48.45,2.4,0,20,41.76,60.44,30.43,46.74
2026-10-08,14,11,2026-10-08 13:36:00,5,松茂町ほか二町ボートレース事業組合開設58周年記念,5,3831,安藤 裕貴,3,52,53,0,0,0.15,4.41,21.98,37.36,3.83,33.33,33.33,33.96,52.83,39.8,60.2
2026-10-08,14,11,2026-10-08 13:36:00,5,松茂町ほか二町ボートレース事業組合開設58周年記念,6,4100,松田 隆司,3,47,52.5,0,0,0.16,4.59,27.37,46.32,5.24,41.18,58.82,32.98,50,29.79,42.55
2026-10-08,14,12,2026-10-08 14:11:00,5,松茂町ほか二町ボートレース事業組合開設58周年記念,1,5278,田中 駿兵,1,24,52,1,0,0.14,7.02,56.67,71.11,6.47,47.22,65.97,33.7,52.17,36.84,60
2026-10-08,14,12,2026-10-08 14:11:00,5,松茂町ほか二町ボートレース事業組合開設58周年記念,2,4953,尾上 雅也,1,31,52.2,0,0,0.16,6.63,50.41,66.94,5.38,29.17,50,34.69,51.02,33.68,51.58
2026-10-08,14,12,2026-10-08 14:11:00,5,松茂町ほか二町ボートレース事業組合開設58周年記念,3,4513,河野 真也,2,37,52,0,0,0.2,6.2,43.8,66.12,3.33,16.67,16.67,34.62,51.92,37.63,52.69
2026-10-08,14,12,2026-10-08 14:11:00,5,松茂町ほか二町ボートレース事業組合開設58周年記念,4,4600,井内 将太郎,1,41,52.6,1,0,0.12,6.14,46.91,60.49,5.11,31.58,52.63,32.22,48.89,43.48,57.61
2026-10-08,14,12,2026-10-08 14:11:00,5,松茂町ほか二町ボートレース事業組合開設58周年記念,5,4917,岩橋 裕馬,3,38,52,0,0,0.17,5.34,36.71,48.1,3.88,6.25,31.25,36.56,48.39,31.58,49.47
2026-10-08,14,12,2026-10-08 14:11:00,5,松茂町ほか二町ボートレース事業組合開設58周年記念,6,4301,関 裕也,3,43,53.4,0,0,0.2,4.61,28.38,43.24,4.75,12.5,62.5,44.95,56.88,43.82,65.17
2026-10-08,16,1,2026-10-08 10:53:00,5,デイリースポーツ杯,1,5081,篠原 飛翔,2,27,52.5,0,0,0.17,5.31,33.33,49.02,5.32,31.58,57.89,33.63,53.81,30.15,49.75
2026-10-08,16,1,2026-10-08 10:53:00,5,デイリースポーツ杯,2,3839,川合 理司,3,51,64.2,1,0,0.19,2.21,5,8.75,4.44,33.33,33.33,22.97,44.02,35.75,47.34
2026-10-08,16,1,2026-10-08 10:53:00,5,デイリースポーツ杯,3,3812,山崎 聖司,3,50,52,0,0,0.18,4.04,13.75,38.75,0,0,0,37.05,47.32,39.9,54.68
2026-10-08,16,1,2026-10-08 10:53:00,5,デイリースポーツ杯,4,3748,小黒 竜吾,3,51,56.5,1,0,0.16,4.15,13.43,31.34,5,44.44,44.44,42.27,58.64,31.86,48.53
2026-10-08,16,1,2026-10-08 10:53:00,5,デイリースポーツ杯,5,4485,楠原 正剛,3,40,54.9,1,0,0.16,4.86,27.47,46.15,5.28,36.07,49.18,28.64,45.45,34.63,51.71
2026-10-08,16,1,2026-10-08 10:53:00,5,デイリースポーツ杯,6,4580,長谷川 雅和,3,37,52,0,0,0.17,5.7,38.1,55.95,5.71,42.28,53.66,23.56,44.71,29.08,44.39
2026-10-08,16,2,2026-10-08 11:21:00,5,デイリースポーツ杯,1,4277,金田 大輔,3,43,51,0,0,0.16,4.74,30.43,45.65,5.03,30.88,45.59,31.7,46.43,33.66,46.83
2026-10-08,16,2,2026-10-08 11:21:00,5,デイリースポーツ杯,2,3953,志道 吉和,4,50,52.1,0,0,0.2,3.7,18.92,27.03,4.38,25,25,35.96,54.39,31.79,46.67
2026-10-08,16,2,2026-10-08 11:21:00,5,デイリースポーツ杯,3,4572,渡部 悟,3,38,56.5,0,0,0.16,5.14,32.41,50.93,6.32,50,59.09,31.56,47.56,38.5,58.5
2026-10-08,16,2,2026-10-08 11:21:00,5,デイリースポーツ杯,4,2538,高橋 二朗,3,77,52.2,0,0,0.21,3.1,4.44,13.33,3,0,0,28.14,45.02,28.21,47.18
2026-10-08,16,2,2026-10-08 11:21:00,5,デイリースポーツ杯,5,4872,山下 流心,3,33,53,1,0,0.18,4.31,22.22,35.8,5.64,38.46,53.85,42.15,60.54,32.83,47.98
2026-10-08,16,2,2026-10-08 11:21:00,5,デイリースポーツ杯,6,3906,飯山 晃三,3,48,60.7,1,0,0.21,3.58,18.82,29.41,3.81,24.32,32.43,33.33,49.12,35.82,57.71
2026-10-08,16,3,2026-10-08 11:49:00,5,デイリースポーツ杯,1,4879,山崎 鉄平,3,31,52.1,0,0,0.17,5.03,29.7,52.48,5.48,33.33,47.62,38.94,55.31,26.32,42.11
2026-10-08,16,3,2026-10-08 11:49:00,5,デイリースポーツ杯,2,3542,清水 紀克,3,58,55.6,1,0,0.19,4.07,18.48,38.04,4.11,26.32,36.84,35.71,50.89,29.8,41.41
2026-10-08,16,3,2026-10-08 11:49:00,5,デイリースポーツ杯,3,3746,岡瀬 正人,2,51,52,0,0,0.18,5.77,36.52,56.52,5.94,42.93,59.24,37.61,52.21,29.21,48.51
2026-10-08,16,3,2026-10-08 11:49:00,5,デイリースポーツ杯,4,5095,小原 聡将,2,32,52,0,0,0.15,5.95,33.33,57.14,5.77,38.71,58.06,38.46,58.82,28.5,47.5
2026-10-08,16,3,2026-10-08 11:49:00,5,デイリースポーツ杯,5,5426,甲斐 貴大,4,24,52.6,1,0,0.2,2.31,2.94,17.65,2.14,0,0,40.81,58.74,30.05,46.8
2026-10-08,16,3,2026-10-08 11:49:00,5,デイリースポーツ杯,6,4003,表 憲一,3,48,53.6,0,0,0.18,5.35,32.61,52.17,6.33,33.33,44.44,34.23,52.25,29.29,46.46
2026-10-08,16,4,2026-10-08 12:23:00,5,デイリースポーツ杯,1,5223,森清 友翔,3,25,52.9,0,0,0.16,5.14,29.52,48.57,2.85,7.69,7.69,27.43,46.46,33.98,53.88
2026-10-08,16,4,2026-10-08 12:23:00,5,デイリースポーツ杯,2,4128,川口 貴久,3,46,54.8,1,0,0.14,4.94,27.78,47.22,4.25,18.75,37.5,47.32,65.63,31.07,46.12
2026-10-08,16,4,2026-10-08 12:23:00,5,デイリースポーツ杯,3,3934,鋤柄 貴俊,3,49,52.4,0,0,0.17,5.33,29.51,53.28,4.47,20.59,41.18,35.38,55.19,31.37,46.08
2026-10-08,16,4,2026-10-08 12:23:00,5,デイリースポーツ杯,4,4302,西野 翔太,1,43,52,0,0,0.15,6.62,52.14,70.94,6.11,47.37,60.53,32.59,46.88,39.22,60.29
2026-10-08,16,4,2026-10-08 12:23:00,5,デイリースポーツ杯,5,4348,宮崎 奨,2,41,54.1,0,0,0.17,6.12,46.3,63.89,6.15,40,60,47.53,64.57,33.33,51.24
2026-10-08,16,4,2026-10-08 12:23:00,5,デイリースポーツ杯,6,3893,汐崎 正則,3,50,52.1,0,0,0.17,5.58,38.89,55.56,4.1,20,30,25.87,40.3,29.23,44.1
2026-10-08,16,5,2026-10-08 12:54:00,5,デイリースポーツ杯,1,3075,中村 裕将,3,64,56,0,0,0.13,4.88,32.93,41.46,4.11,33.33,33.33,33.78,50.45,34.72,54.4
2026-10-08,16,5,2026-10-08 12:54:00,5,デイリースポーツ杯,2,3945,橋口 真樹,3,50,51.5,0,0,0.21,4.45,20.27,40.54,5.07,25,46.43,32.02,47.37,41.67,56.86
2026-10-08,16,5,2026-10-08 12:54:00,5,デイリースポーツ杯,3,4538,笠置 博之,1,36,52.2,1,0,0.15,5.26,36.84,52.63,4.93,25,50,39.82,55.66,30.05,50.25
2026-10-08,16,5,2026-10-08 12:54:00,5,デイリースポーツ杯,4,4006,小野 勇作,3,48,51.5,0,0,0.17,5.18,31.31,50.51,5.27,31.82,50,34.5,50.66,25.65,43.46
2026-10-08,16,5,2026-10-08 12:54:00,5,デイリースポーツ杯,5,5070,中島 航,3,32,53.2,0,0,0.22,4.44,23.17,42.68,2.56,0,11.11,34.5,59.39,40.2,53.92
2026-10-08,16,5,2026-10-08 12:54:00,5,デイリースポーツ杯,6,4958,溝口 海義也,1,31,54.5,0,0,0.13,6.43,43.08,68.46,6.36,47.17,64.15,34.82,52.68,33.33,51.96
2026-10-08,16,6,2026-10-08 13:24:00,5,デイリースポーツ杯,1,5235,岩田 凌,4,27,53.4,0,0,0.17,3.78,12.33,28.77,2.22,5.56,11.11,34.68,48.65,36.63,51.49
2026-10-08,16,6,2026-10-08 13:24:00,5,デイリースポーツ杯,2,5096,上原 崚,2,31,52,0,0,0.16,6.05,37.84,59.46,5.56,22.22,52.78,28.77,44.29,25.79,41.05
2026-10-08,16,6,2026-10-08 13:24:00,5,デイリースポーツ杯,3,3839,川合 理司,3,51,64.2,1,0,0.19,2.21,5,8.75,4.44,33.33,33.33,22.97,44.02,35.75,47.34
2026-10-08,16,6,2026-10-08 13:24:00,5,デイリースポーツ杯,4,4277,金田 大輔,3,43,51,0,0,0.16,4.74,30.43,45.65,5.03,30.88,45.59,31.7,46.43,33.66,46.83
2026-10-08,16,6,2026-10-08 13:24:00,5,デイリースポーツ杯,5,4583,古田 祐貴,3,37,52,1,0,0.15,5.41,34.29,55.24,5.57,28.57,57.14,29.07,43.17,29.76,42.44
2026-10-08,16,6,2026-10-08 13:24:00,5,デイリースポーツ杯,6,4644,山田 亮太,1,47,52.2,0,0,0.14,6.67,50,72.13,5.51,30.77,58.97,25.33,36.89,32.85,46.86
2026-10-08,16,7,2026-10-08 13:54:00,5,デイリースポーツ杯,1,3589,西村 勝,3,53,54.7,1,0,0.16,4.34,26.76,42.25,6,50,60,30.97,42.48,27.32,41.75
2026-10-08,16,7,2026-10-08 13:54:00,5,デイリースポーツ杯,2,3860,松本 浩貴,3,53,52.6,0,0,0.2,3.83,15.12,31.4,4.29,22.58,35.48,28.19,49.34,39.11,53.47
2026-10-08,16,7,2026-10-08 13:54:00,5,デイリースポーツ杯,3,4058,野末 智一,1,47,52,0,0,0.19,5.92,41.67,59.09,5.6,32.5,57.5,35.59,50,37.25,48.53
2026-10-08,16,7,2026-10-08 13:54:00,5,デイリースポーツ杯,4,4572,渡部 悟,3,38,56.5,0,0,0.16,5.14,32.41,50.93,6.32,50,59.09,31.56,47.56,38.5,58.5
2026-10-08,16,7,2026-10-08 13:54:00,5,デイリースポーツ杯,5,3812,山崎 聖司,3,50,52,0,0,0.18,4.04,13.75,38.75,0,0,0,37.05,47.32,39.9,54.68
2026-10-08,16,7,2026-10-08 13:54:00,5,デイリースポーツ杯,6,4930,佐藤 悠,2,30,52.5,1,0,0.16,6.14,41.88,65.81,6.27,45.45,72.73,36.32,51.12,22.73,40.4
2026-10-08,16,8,2026-10-08 14:22:00,5,デイリースポーツ杯,1,4485,楠原 正剛,3,40,54.9,1,0,0.16,4.86,27.47,46.15,5.28,36.07,49.18,28.64,45.45,34.63,51.71
2026-10-08,16,8,2026-10-08 14:22:00,5,デイリースポーツ杯,2,4879,山崎 鉄平,3,31,52.1,0,0,0.17,5.03,29.7,52.48,5.48,33.33,47.62,38.94,55.31,26.32,42.11
2026-10-08,16,8,2026-10-08 14:22:00,5,デイリースポーツ杯,3,2538,高橋 二朗,3,77,52.2,0,0,0.21,3.1,4.44,13.33,3,0,0,28.14,45.02,28.21,47.18
2026-10-08,16,8,2026-10-08 14:22:00,5,デイリースポーツ杯,4,3893,汐崎 正則,3,50,52.1,0,0,0.17,5.58,38.89,55.56,4.1,20,30,25.87,40.3,29.23,44.1
2026-10-08,16,8,2026-10-08 14:22:00,5,デイリースポーツ杯,5,4553,坪口 竜也,2,37,52.6,0,0,0.16,5.66,37,56,7.33,52.38,85.71,32.3,48.23,37.81,53.73
2026-10-08,16,8,2026-10-08 14:22:00,5,デイリースポーツ杯,6,3257,田頭 実,1,59,51.5,1,0,0.13,6.93,56.98,67.44,6.67,56.67,73.33,44.2,62.95,32.2,48.78
2026-10-08,16,9,2026-10-08 14:59:00,5,デイリースポーツ杯,1,4259,真庭 明志,2,42,52,0,0,0.15,5.7,36.07,58.2,4.95,35.9,43.59,36.44,52.89,37.75,56.86
2026-10-08,16,9,2026-10-08 14:59:00,5,デイリースポーツ杯,2,5070,中島 航,3,32,53.2,0,0,0.22,4.44,23.17,42.68,2.56,0,11.11,34.5,59.39,40.2,53.92
2026-10-08,16,9,2026-10-08 14:59:00,5,デイリースポーツ杯,3,3953,志道 吉和,4,50,52.1,0,0,0.2,3.7,18.92,27.03,4.38,25,25,35.96,54.39,31.79,46.67
2026-10-08,16,9,2026-10-08 14:59:00,5,デイリースポーツ杯,4,3934,鋤柄 貴俊,3,49,52.4,0,0,0.17,5.33,29.51,53.28,4.47,20.59,41.18,35.38,55.19,31.37,46.08
2026-10-08,16,9,2026-10-08 14:59:00,5,デイリースポーツ杯,5,4276,鈴木 勝博,2,43,53,0,0,0.16,6.34,48.94,64.89,5.81,38.89,61.11,28.44,46.22,47.76,62.69
2026-10-08,16,9,2026-10-08 14:59:00,5,デイリースポーツ杯,6,5426,甲斐 貴大,4,24,52.6,1,0,0.2,2.31,2.94,17.65,2.14,0,0,40.81,58.74,30.05,46.8
2026-10-08,16,10,2026-10-08 15:39:00,5,デイリースポーツ杯,1,4583,古田 祐貴,3,37,52,1,0,0.15,5.41,34.29,55.24,5.57,28.57,57.14,29.07,43.17,29.76,42.44
2026-10-08,16,10,2026-10-08 15:39:00,5,デイリースポーツ杯,2,4538,笠置 博之,1,36,52.2,1,0,0.15,5.26,36.84,52.63,4.93,25,50,39.82,55.66,30.05,50.25
2026-10-08,16,10,2026-10-08 15:39:00,5,デイリースポーツ杯,3,3542,清水 紀克,3,58,55.6,1,0,0.19,4.07,18.48,38.04,4.11,26.32,36.84,35.71,50.89,29.8,41.41
2026-10-08,16,10,2026-10-08 15:39:00,5,デイリースポーツ杯,4,5081,篠原 飛翔,2,27,52.5,0,0,0.17,5.31,33.33,49.02,5.32,31.58,57.89,33.63,53.81,30.15,49.75
2026-10-08,16,10,2026-10-08 15:39:00,5,デイリースポーツ杯,5,4095,福来 剛,1,45,52,2,0,0.13,6.98,56.6,72.64,6.69,52.38,61.9,37.55,51.09,34.63,56.1
2026-10-08,16,10,2026-10-08 15:39:00,5,デイリースポーツ杯,6,4128,川口 貴久,3,46,54.8,1,0,0.14,4.94,27.78,47.22,4.25,18.75,37.5,47.32,65.63,31.07,46.12
2026-10-08,16,11,2026-10-08 16:15:00,5,デイリースポーツ杯,1,4058,野末 智一,1,47,52,0,0,0.19,5.92,41.67,59.09,5.6,32.5,57.5,35.59,50,37.25,48.53
2026-10-08,16,11,2026-10-08 16:15:00,5,デイリースポーツ杯,2,4958,溝口 海義也,1,31,54.5,0,0,0.13,6.43,43.08,68.46,6.36,47.17,64.15,34.82,52.68,33.33,51.96
2026-10-08,16,11,2026-10-08 16:15:00,5,デイリースポーツ杯,3,5096,上原 崚,2,31,52,0,0,0.16,6.05,37.84,59.46,5.56,22.22,52.78,28.77,44.29,25.79,41.05
2026-10-08,16,11,2026-10-08 16:15:00,5,デイリースポーツ杯,4,4348,宮崎 奨,2,41,54.1,0,0,0.17,6.12,46.3,63.89,6.15,40,60,47.53,64.57,33.33,51.24
2026-10-08,16,11,2026-10-08 16:15:00,5,デイリースポーツ杯,5,4003,表 憲一,3,48,53.6,0,0,0.18,5.35,32.61,52.17,6.33,33.33,44.44,34.23,52.25,29.29,46.46
2026-10-08,16,11,2026-10-08 16:15:00,5,デイリースポーツ杯,6,3873,別府 昌樹,3,50,54.4,0,0,0.21,5.32,34.04,53.19,5.33,32.56,46.51,34.72,50.46,33.82,48.31
2026-10-08,16,12,2026-10-08 16:50:00,5,デイリースポーツ杯,1,4302,西野 翔太,1,43,52,0,0,0.15,6.62,52.14,70.94,6.11,47.37,60.53,32.59,46.88,39.22,60.29
2026-10-08,16,12,2026-10-08 16:50:00,5,デイリースポーツ杯,2,3746,岡瀬 正人,2,51,52,0,0,0.18,5.77,36.52,56.52,5.94,42.93,59.24,37.61,52.21,29.21,48.51
2026-10-08,16,12,2026-10-08 16:50:00,5,デイリースポーツ杯,3,4644,山田 亮太,1,47,52.2,0,0,0.14,6.67,50,72.13,5.51,30.77,58.97,25.33,36.89,32.85,46.86
2026-10-08,16,12,2026-10-08 16:50:00,5,デイリースポーツ杯,4,4930,佐藤 悠,2,30,52.5,1,0,0.16,6.14,41.88,65.81,6.27,45.45,72.73,36.32,51.12,22.73,40.4
2026-10-08,16,12,2026-10-08 16:50:00,5,デイリースポーツ杯,5,3075,中村 裕将,3,64,56,0,0,0.13,4.88,32.93,41.46,4.11,33.33,33.33,33.78,50.45,34.72,54.4
2026-10-08,16,12,2026-10-08 16:50:00,5,デイリースポーツ杯,6,4553,坪口 竜也,2,37,52.6,0,0,0.16,5.66,37,56,7.33,52.38,85.71,32.3,48.23,37.81,53.73
2026-10-08,20,1,2026-10-08 18:08:00,5,MNBR若松4thかっぱくん杯,1,4197,渥美 卓郎,3,44,53.2,0,0,0.19,3.67,13.79,28.74,3.7,18.52,25.93,30.65,44.72,32,49.33
2026-10-08,20,1,2026-10-08 18:08:00,5,MNBR若松4thかっぱくん杯,2,5301,岩下 巧斗,3,23,52,0,0,0.15,5.37,36.26,48.35,3.8,20,40,27.27,41.18,42.86,61.43
2026-10-08,20,1,2026-10-08 18:08:00,5,MNBR若松4thかっぱくん杯,3,5131,江藤 敦宏,3,27,52,0,0,0.18,3.77,14.86,27.03,3.81,11.63,30.23,36.65,51.31,42.19,53.13
2026-10-08,20,1,2026-10-08 18:08:00,5,MNBR若松4thかっぱくん杯,4,3892,草場 康幸,3,50,52.7,0,0,0.17,5.05,32.65,45.92,4.5,31.25,43.75,32.6,48.62,40.85,63.38
2026-10-08,20,1,2026-10-08 18:08:00,5,MNBR若松4thかっぱくん杯,5,4496,内堀 学,1,39,52.8,1,0,0.16,6.53,49.51,69.9,5.64,45.45,54.55,26.06,41.21,36.92,55.38
2026-10-08,20,1,2026-10-08 18:08:00,5,MNBR若松4thかっぱくん杯,6,5276,大島 隆乃介,3,24,52,0,0,0.17,4.96,26.6,48.94,3.9,25,35,43.02,61.45,43.84,60.27
2026-10-08,20,2,2026-10-08 18:34:00,5,MNBR若松4thかっぱくん杯,1,3949,今出 晋二,3,50,56.2,1,0,0.18,3.65,13.51,31.08,4.57,26.09,39.13,35.53,52.79,22.39,34.33
2026-10-08,20,2,2026-10-08 18:34:00,5,MNBR若松4thかっぱくん杯,2,3419,栗原 謙治,4,56,56,0,0,0.22,1.92,0,5.41,4.12,23.53,23.53,39.27,60.73,48.65,58.11
2026-10-08,20,2,2026-10-08 18:34:00,5,MNBR若松4thかっぱくん杯,3,5367,赤松 咲香,4,24,50.5,1,0,0.19,1.55,0,1.96,1.67,0,0,33.33,50.25,31.88,56.52
2026-10-08,20,2,2026-10-08 18:34:00,5,MNBR若松4thかっぱくん杯,4,4158,木場 雄二郎,3,45,55.8,0,0,0.16,4.82,26.47,46.08,3.76,18.18,33.33,35.58,52.4,38.82,54.12
2026-10-08,20,2,2026-10-08 18:34:00,5,MNBR若松4thかっぱくん杯,5,4748,渡邉 雄朗,1,40,52,1,0,0.16,6.19,43.18,67.05,6.89,55.56,77.78,39.47,59.47,21.67,38.33
2026-10-08,20,2,2026-10-08 18:34:00,5,MNBR若松4thかっぱくん杯,6,4736,高倉 和士,1,35,52.8,0,0,0.14,7.14,57.52,74.34,7.06,53.7,72.22,31.98,52.79,33.72,55.81
2026-10-08,20,3,2026-10-08 19:03:00,5,MNBR若松4thかっぱくん杯,1,4376,藤田 靖弘,2,42,52.4,0,0,0.15,5.95,45.05,62.16,5.67,33.33,61.9,26.14,44.32,38.67,57.33
2026-10-08,20,3,2026-10-08 19:03:00,5,MNBR若松4thかっぱくん杯,2,4900,中田 夕貴,3,34,46.5,0,1,0.19,5.11,33.33,48.15,6,46.15,61.54,35.5,50,17.39,24.64
2026-10-08,20,3,2026-10-08 19:03:00,5,MNBR若松4thかっぱくん杯,3,5027,重冨 勇哉,3,30,52.5,0,0,0.2,5.02,31.91,44.68,5.21,42.11,47.37,30.85,46.81,22.67,41.33
2026-10-08,20,3,2026-10-08 19:03:00,5,MNBR若松4thかっぱくん杯,4,4648,木村 亮太,3,42,52,0,0,0.17,5.52,35.21,59.15,4.54,34.62,42.31,30.46,43.15,32.88,41.1
2026-10-08,20,3,2026-10-08 19:03:00,5,MNBR若松4thかっぱくん杯,5,4388,是澤 孝宏,2,41,52,0,0,0.17,6.31,46.02,62.83,6.5,50,66.67,30.37,47.64,39.39,54.55
2026-10-08,20,3,2026-10-08 19:03:00,5,MNBR若松4thかっぱくん杯,6,3574,大神 康司,1,54,53,0,0,0.16,6.06,43.69,62.14,6.55,53.85,68.13,33.16,48.95,18.75,34.38
2026-10-08,20,4,2026-10-08 19:30:00,5,MNBR若松4thかっぱくん杯,1,4123,細川 裕子,1,44,47,1,0,0.19,6.56,47.66,68.22,7.48,52.17,91.3,29.02,47.15,20.59,32.35
2026-10-08,20,4,2026-10-08 19:30:00,5,MNBR若松4thかっぱくん杯,2,5240,高橋 龍治,3,26,53.2,0,0,0.17,3.78,19.23,26.92,3,0,37.5,40.32,54.3,30.14,50.68
2026-10-08,20,4,2026-10-08 19:30:00,5,MNBR若松4thかっぱくん杯,3,5037,田頭 虎親,3,28,52,0,0,0.18,6,44.94,59.55,5.72,27.59,58.62,43.07,58.42,37.5,55
2026-10-08,20,4,2026-10-08 19:30:00,5,MNBR若松4thかっぱくん杯,4,4992,廣瀬 篤哉,3,29,55.8,0,0,0.16,4.68,31.17,41.56,4.57,35.71,35.71,38.1,54.5,39.06,48.44
2026-10-08,20,4,2026-10-08 19:30:00,5,MNBR若松4thかっぱくん杯,5,4261,岡 祐臣,2,42,54.3,0,0,0.16,6.28,46.02,63.72,7.75,60,95,52.22,69.44,24.19,40.32
2026-10-08,20,4,2026-10-08 19:30:00,5,MNBR若松4thかっぱくん杯,6,4677,片橋 幸貴,1,38,52.3,0,0,0.15,5.85,41.18,58.82,6.57,48.57,60,25.79,45.79,35.8,48.15
2026-10-08,20,5,2026-10-08 19:56:00,5,MNBR若松4thかっぱくん杯,1,4025,山本 隆幸,1,49,52.2,0,0,0.18,6.7,54.79,67.12,6.43,47.62,71.43,34.64,48.6,31.08,37.84
2026-10-08,20,5,2026-10-08 19:56:00,5,MNBR若松4thかっぱくん杯,2,3905,天野 友和,2,49,52,0,0,0.16,6.07,37.17,66.37,5.71,29.41,58.82,36.45,56.65,30.38,50.63
2026-10-08,20,5,2026-10-08 19:56:00,5,MNBR若松4thかっぱくん杯,3,5395,日高 龍之介,3,25,52,0,0,0.19,3.66,17.86,26.79,0.8,0,0,30.48,45.45,39.73,50.68
2026-10-08,20,5,2026-10-08 19:56:00,5,MNBR若松4thかっぱくん杯,4,4842,山下 昂大,2,34,53.4,1,0,0.16,5.44,34.12,48.24,5.36,35.71,50,28.21,45.64,39.74,60.26
2026-10-08,20,5,2026-10-08 19:56:00,5,MNBR若松4thかっぱくん杯,5,4778,堤 啓輔,3,40,52.2,1,0,0.16,5.35,35.29,52.94,5.67,45.83,54.17,30.1,41.26,28.38,47.3
2026-10-08,20,5,2026-10-08 19:56:00,5,MNBR若松4thかっぱくん杯,6,4919,吉田 翔悟,3,35,52,1,0,0.18,4.4,24,36,5.92,44,60,32.61,46.74,33.77,55.84
2026-10-08,20,6,2026-10-08 20:25:00,5,MNBR若松4thかっぱくん杯,1,4451,松崎 祐太郎,2,38,52,0,0,0.16,6.34,47.25,67.03,5.94,41.46,60.98,36.9,54.55,24.36,37.18
2026-10-08,20,6,2026-10-08 20:25:00,5,MNBR若松4thかっぱくん杯,2,5209,小野 京平,3,28,54.7,0,0,0.21,3.88,14.93,34.33,2.79,0,7.14,35.91,51.93,35.06,61.04
2026-10-08,20,6,2026-10-08 20:25:00,5,MNBR若松4thかっぱくん杯,3,3892,草場 康幸,3,50,52.7,0,0,0.17,5.05,32.65,45.92,4.5,31.25,43.75,32.6,48.62,40.85,63.38
2026-10-08,20,6,2026-10-08 20:25:00,5,MNBR若松4thかっぱくん杯,4,3579,中里 優子,3,53,47.6,0,0,0.2,4.94,29.85,44.78,4.42,25,37.5,34.69,49.49,46.67,61.67
2026-10-08,20,6,2026-10-08 20:25:00,5,MNBR若松4thかっぱくん杯,5,4287,今井 貴士,2,42,55.1,0,0,0.17,6.34,45.38,63.87,6.66,51.65,65.93,38.42,56.65,25,47.22
2026-10-08,20,6,2026-10-08 20:25:00,5,MNBR若松4thかっぱくん杯,6,3721,守田 俊介,1,51,52.7,0,0,0.13,6.9,51.69,60.17,6.07,37.04,48.15,37.98,53.85,39.68,49.21
2026-10-08,20,7,2026-10-08 20:53:00,5,MNBR若松4thかっぱくん杯,1,4181,花本 夏樹,3,43,53.1,0,0,0.21,3.54,10.42,27.08,4.97,29.03,48.39,37.5,58.5,32.1,53.09
2026-10-08,20,7,2026-10-08 20:53:00,5,MNBR若松4thかっぱくん杯,2,5131,江藤 敦宏,3,27,52,0,0,0.18,3.77,14.86,27.03,3.81,11.63,30.23,36.65,51.31,42.19,53.13
2026-10-08,20,7,2026-10-08 20:53:00,5,MNBR若松4thかっぱくん杯,3,3578,塩田 雄一,3,53,52,0,0,0.18,3.77,13.33,23.33,4.56,27.78,44.44,33.5,51.5,28.05,53.66
2026-10-08,20,7,2026-10-08 20:53:00,5,MNBR若松4thかっぱくん杯,4,5380,野田 亜湖,4,22,50,0,0,0.28,1.24,0,0,1.33,0,0,29.27,51.71,27.91,46.51
2026-10-08,20,7,2026-10-08 20:53:00,5,MNBR若松4thかっぱくん杯,5,4964,土屋 南,2,29,47,0,0,0.15,6.57,45.87,68.81,0,0,0,36.76,57.84,22.81,35.09
2026-10-08,20,7,2026-10-08 20:53:00,5,MNBR若松4thかっぱくん杯,6,3776,横井 健太,3,51,57.4,0,0,0.2,3.13,8.89,23.33,1.71,0,0,21.69,43.37,23.29,43.84
2026-10-08,20,8,2026-10-08 21:17:00,5,MNBR若松4thかっぱくん杯,1,4695,尾崎 雄二,2,41,52,0,0,0.15,4.99,30.3,47.47,4.63,22.86,40,32.84,54.41,35.71,55.71
2026-10-08,20,8,2026-10-08 21:17:00,5,MNBR若松4thかっぱくん杯,2,4496,内堀 学,1,39,52.8,1,0,0.16,6.53,49.51,69.9,5.64,45.45,54.55,26.06,41.21,36.92,55.38
2026-10-08,20,8,2026-10-08 21:17:00,5,MNBR若松4thかっぱくん杯,3,5148,松本 怜,3,32,47,1,0,0.18,4.77,24.56,42.11,4.02,25.86,34.48,27.17,38.04,45.12,62.2
2026-10-08,20,8,2026-10-08 21:17:00,5,MNBR若松4thかっぱくん杯,4,3340,池田 雷太,3,61,52.7,0,0,0.18,3.82,17.78,28.89,5.56,33.33,55.56,31.38,42.55,23.38,35.06
2026-10-08,20,8,2026-10-08 21:17:00,5,MNBR若松4thかっぱくん杯,5,3566,川添 英正,3,56,52.9,0,0,0.19,4.24,19.32,34.09,4.89,30.19,50.94,32.29,47.92,30.95,41.67
2026-10-08,20,8,2026-10-08 21:17:00,5,MNBR若松4thかっぱくん杯,6,3910,松下 知幸,3,52,52,0,0,0.17,4.14,17.95,33.33,3.97,25,28.13,35.53,54.82,20,44.29
2026-10-08,20,9,2026-10-08 21:41:00,5,MNBR若松4thかっぱくん杯,1,5276,大島 隆乃介,3,24,52,0,0,0.17,4.96,26.6,48.94,3.9,25,35,43.02,61.45,43.84,60.27
2026-10-08,20,9,2026-10-08 21:41:00,5,MNBR若松4thかっぱくん杯,2,5037,田頭 虎親,3,28,52,0,0,0.18,6,44.94,59.55,5.72,27.59,58.62,43.07,58.42,37.5,55
2026-10-08,20,9,2026-10-08 21:41:00,5,MNBR若松4thかっぱくん杯,3,4748,渡邉 雄朗,1,40,52,1,0,0.16,6.19,43.18,67.05,6.89,55.56,77.78,39.47,59.47,21.67,38.33
2026-10-08,20,9,2026-10-08 21:41:00,5,MNBR若松4thかっぱくん杯,4,3574,大神 康司,1,54,53,0,0,0.16,6.06,43.69,62.14,6.55,53.85,68.13,33.16,48.95,18.75,34.38
2026-10-08,20,9,2026-10-08 21:41:00,5,MNBR若松4thかっぱくん杯,5,5301,岩下 巧斗,3,23,52,0,0,0.15,5.37,36.26,48.35,3.8,20,40,27.27,41.18,42.86,61.43
2026-10-08,20,9,2026-10-08 21:41:00,5,MNBR若松4thかっぱくん杯,6,5240,高橋 龍治,3,26,53.2,0,0,0.17,3.78,19.23,26.92,3,0,37.5,40.32,54.3,30.14,50.68
2026-10-08,20,10,2026-10-08 22:05:00,5,MNBR若松4thかっぱくん杯,1,4736,高倉 和士,1,35,52.8,0,0,0.14,7.14,57.52,74.34,7.06,53.7,72.22,31.98,52.79,33.72,55.81
2026-10-08,20,10,2026-10-08 22:05:00,5,MNBR若松4thかっぱくん杯,2,4677,片橋 幸貴,1,38,52.3,0,0,0.15,5.85,41.18,58.82,6.57,48.57,60,25.79,45.79,35.8,48.15
2026-10-08,20,10,2026-10-08 22:05:00,5,MNBR若松4thかっぱくん杯,3,4025,山本 隆幸,1,49,52.2,0,0,0.18,6.7,54.79,67.12,6.43,47.62,71.43,34.64,48.6,31.08,37.84
2026-10-08,20,10,2026-10-08 22:05:00,5,MNBR若松4thかっぱくん杯,4,4900,中田 夕貴,3,34,46.5,0,1,0.19,5.11,33.33,48.15,6,46.15,61.54,35.5,50,17.39,24.64
2026-10-08,20,10,2026-10-08 22:05:00,5,MNBR若松4thかっぱくん杯,5,4123,細川 裕子,1,44,47,1,0,0.19,6.56,47.66,68.22,7.48,52.17,91.3,29.02,47.15,20.59,32.35
2026-10-08,20,10,2026-10-08 22:05:00,5,MNBR若松4thかっぱくん杯,6,5027,重冨 勇哉,3,30,52.5,0,0,0.2,5.02,31.91,44.68,5.21,42.11,47.37,30.85,46.81,22.67,41.33
2026-10-08,20,11,2026-10-08 22:30:00,5,MNBR若松4thかっぱくん杯,1,3721,守田 俊介,1,51,52.7,0,0,0.13,6.9,51.69,60.17,6.07,37.04,48.15,37.98,53.85,39.68,49.21
2026-10-08,20,11,2026-10-08 22:30:00,5,MNBR若松4thかっぱくん杯,2,4261,岡 祐臣,2,42,54.3,0,0,0.16,6.28,46.02,63.72,7.75,60,95,52.22,69.44,24.19,40.32
2026-10-08,20,11,2026-10-08 22:30:00,5,MNBR若松4thかっぱくん杯,3,4451,松崎 祐太郎,2,38,52,0,0,0.16,6.34,47.25,67.03,5.94,41.46,60.98,36.9,54.55,24.36,37.18
2026-10-08,20,11,2026-10-08 22:30:00,5,MNBR若松4thかっぱくん杯,4,4388,是澤 孝宏,2,41,52,0,0,0.17,6.31,46.02,62.83,6.5,50,66.67,30.37,47.64,39.39,54.55
2026-10-08,20,11,2026-10-08 22:30:00,5,MNBR若松4thかっぱくん杯,5,3905,天野 友和,2,49,52,0,0,0.16,6.07,37.17,66.37,5.71,29.41,58.82,36.45,56.65,30.38,50.63
2026-10-08,20,11,2026-10-08 22:30:00,5,MNBR若松4thかっぱくん杯,6,4376,藤田 靖弘,2,42,52.4,0,0,0.15,5.95,45.05,62.16,5.67,33.33,61.9,26.14,44.32,38.67,57.33
2026-10-08,20,12,2026-10-08 22:54:00,5,MNBR若松4thかっぱくん杯,1,4287,今井 貴士,2,42,55.1,0,0,0.17,6.34,45.38,63.87,6.66,51.65,65.93,38.42,56.65,25,47.22
2026-10-08,20,12,2026-10-08 22:54:00,5,MNBR若松4thかっぱくん杯,2,4919,吉田 翔悟,3,35,52,1,0,0.18,4.4,24,36,5.92,44,60,32.61,46.74,33.77,55.84
2026-10-08,20,12,2026-10-08 22:54:00,5,MNBR若松4thかっぱくん杯,3,4648,木村 亮太,3,42,52,0,0,0.17,5.52,35.21,59.15,4.54,34.62,42.31,30.46,43.15,32.88,41.1
2026-10-08,20,12,2026-10-08 22:54:00,5,MNBR若松4thかっぱくん杯,4,3949,今出 晋二,3,50,56.2,1,0,0.18,3.65,13.51,31.08,4.57,26.09,39.13,35.53,52.79,22.39,34.33
2026-10-08,20,12,2026-10-08 22:54:00,5,MNBR若松4thかっぱくん杯,5,4992,廣瀬 篤哉,3,29,55.8,0,0,0.16,4.68,31.17,41.56,4.57,35.71,35.71,38.1,54.5,39.06,48.44
2026-10-08,20,12,2026-10-08 22:54:00,5,MNBR若松4thかっぱくん杯,6,5209,小野 京平,3,28,54.7,0,0,0.21,3.88,14.93,34.33,2.79,0,7.14,35.91,51.93,35.06,61.04
2026-10-08,23,1,2026-10-08 08:47:00,5,第17回虹の松原カップ,1,4053,芦澤 望,2,48,55.7,1,0,0.16,5.4,33.33,55.56,0,0,0,45.45,81.82,28.24,41.98
2026-10-08,23,1,2026-10-08 08:47:00,5,第17回虹の松原カップ,2,5071,野見山 拓己,3,32,52.9,1,0,0.13,4.67,22.78,44.3,4.6,20,40,44.44,55.56,21.43,36.51
2026-10-08,23,1,2026-10-08 08:47:00,5,第17回虹の松原カップ,3,5347,井澤 聖奈,4,23,46,0,0,0.21,1.81,1.49,4.48,0,0,0,23.08,46.15,33.82,49.26
2026-10-08,23,1,2026-10-08 08:47:00,5,第17回虹の松原カップ,4,3809,吉田 光,3,51,52,1,0,0.19,4.6,15.48,45.24,4.94,25.69,44.04,22.22,33.33,33.85,52.31
2026-10-08,23,1,2026-10-08 08:47:00,5,第17回虹の松原カップ,5,5428,古園井 綾南,4,24,49.2,1,0,0.19,1,0,0,1.11,0,0,6.25,25,32.85,57.66
2026-10-08,23,1,2026-10-08 08:47:00,5,第17回虹の松原カップ,6,4438,森作 雄大,3,40,53.2,0,0,0.13,5.26,35.78,44.95,6.83,56.52,69.57,22.22,22.22,28.35,42.52
2026-10-08,23,2,2026-10-08 09:13:00,5,第17回虹の松原カップ,1,4584,村岡 賢人,1,36,52.5,1,0,0.12,6.81,47.66,68.22,7.8,60,90,44.44,44.44,29.63,48.89
2026-10-08,23,2,2026-10-08 09:13:00,5,第17回虹の松原カップ,2,4045,佐々木 裕美,3,47,47.7,0,0,0.17,4.84,31.58,43.16,6.25,62.5,62.5,11.76,11.76,28.57,45.11
2026-10-08,23,2,2026-10-08 09:13:00,5,第17回虹の松原カップ,3,4676,後藤 隼之,2,38,56,1,0,0.17,5.03,24.44,52.22,4.8,30,60,50,50,33.85,46.15
2026-10-08,23,2,2026-10-08 09:13:00,5,第17回虹の松原カップ,4,3617,竹田 広樹,3,53,53.1,1,0,0.19,3.64,18.75,27.5,4.28,24.6,33.33,50,70,32.81,55.47
2026-10-08,23,2,2026-10-08 09:13:00,5,第17回虹の松原カップ,5,4440,萩原 知哉,3,40,53.2,0,0,0.17,4.33,25,36.25,4.2,30,30,33.33,55.56,30.47,44.53
2026-10-08,23,2,2026-10-08 09:13:00,5,第17回虹の松原カップ,6,4527,高野 心吾,3,38,52,0,0,0.17,4.61,26.97,42.7,3.95,15.79,36.84,62.5,62.5,30.51,45.76
2026-10-08,23,3,2026-10-08 09:39:00,5,第17回虹の松原カップ,1,4356,長岡 良也,2,42,52,0,0,0.18,6.21,43.93,68.22,5.61,27.78,50,20,40,22.58,37.1
2026-10-08,23,3,2026-10-08 09:39:00,5,第17回虹の松原カップ,2,5107,松本 真広,3,27,50,1,0,0.16,3.98,11.67,35,2.89,0,22.22,44.44,55.56,31.58,48.12
2026-10-08,23,3,2026-10-08 09:39:00,5,第17回虹の松原カップ,3,3967,鈴木 茂高,3,47,57.3,1,0,0.19,4.15,20,38.75,2.86,14.29,14.29,28.57,57.14,37.3,50.79
2026-10-08,23,3,2026-10-08 09:39:00,5,第17回虹の松原カップ,4,5053,山口 広樹,3,30,53.8,1,0,0.17,3.76,18.99,31.65,0,0,0,33.33,44.44,28.46,41.54
2026-10-08,23,3,2026-10-08 09:39:00,5,第17回虹の松原カップ,5,4464,山下 友貴,1,40,44,1,0,0.19,6.05,44.32,64.77,5.1,24.14,58.62,22.22,44.44,24.81,41.86
2026-10-08,23,3,2026-10-08 09:39:00,5,第17回虹の松原カップ,6,5048,眞鳥 康太,3,32,53.1,0,0,0.21,4.89,30,47.14,3,10,10,66.67,100,32.61,39.86
2026-10-08,23,4,2026-10-08 10:05:00,5,第17回虹の松原カップ,1,4257,古川 健,3,42,52,0,0,0.16,5.2,34.15,51.22,5.72,32,60,38.46,53.85,23.48,36.36
2026-10-08,23,4,2026-10-08 10:05:00,5,第17回虹の松原カップ,2,4949,横田 貴満,2,33,49.5,0,0,0.16,6.39,45.45,63.64,5.71,31.34,56.72,33.33,55.56,34.4,51.2
2026-10-08,23,4,2026-10-08 10:05:00,5,第17回虹の松原カップ,3,3900,香川 素子,2,49,47.7,1,0,0.18,5.8,39.29,57.14,5.71,32.26,58.06,22.22,66.67,24.24,42.42
2026-10-08,23,4,2026-10-08 10:05:00,5,第17回虹の松原カップ,4,3463,乙津 康志,3,59,52,0,0,0.19,4.05,19.28,39.76,0,0,0,25,41.67,31.2,51.2
2026-10-08,23,4,2026-10-08 10:05:00,5,第17回虹の松原カップ,5,4264,長尾 章平,1,41,53.5,1,0,0.16,5.94,40.2,59.8,6.38,48.89,68.89,55.56,66.67,27.13,48.06
2026-10-08,23,4,2026-10-08 10:05:00,5,第17回虹の松原カップ,6,5462,山浦 槙,4,19,48.5,0,0,,1.61,0,1.75,1.82,0,0,22.22,33.33,21.05,31.58
2026-10-08,23,5,2026-10-08 10:34:00,5,第17回虹の松原カップ,1,3576,白水 勝也,1,53,52.4,1,0,0.17,6.08,42.86,66.67,6.42,44.19,72.09,0,0,33.86,45.67
2026-10-08,23,5,2026-10-08 10:34:00,5,第17回虹の松原カップ,2,3614,谷 勝幸,3,53,54.5,0,0,0.17,4.44,22.81,37.72,4,30,30,63.64,81.82,40.63,53.91
2026-10-08,23,5,2026-10-08 10:34:00,5,第17回虹の松原カップ,3,4092,岡部 大輔,3,45,52,0,0,0.16,5.19,30.95,47.62,5.52,36.97,53.78,33.33,66.67,39.53,54.26
2026-10-08,23,5,2026-10-08 10:34:00,5,第17回虹の松原カップ,4,3539,金子 順一,3,58,52.1,0,0,0.19,4.25,20,37.89,4.53,23.53,41.18,0,0,32.8,42.4
2026-10-08,23,5,2026-10-08 10:34:00,5,第17回虹の松原カップ,5,5230,石原 凪紗,3,23,46.5,0,0,0.2,4.83,28.44,44.04,4.22,16.67,27.78,33.33,55.56,30.3,46.97
2026-10-08,23,5,2026-10-08 10:34:00,5,第17回虹の松原カップ,6,4035,杉江 浩明,3,47,52,0,0,0.21,3.55,19.8,32.67,5.03,40,46.67,22.22,22.22,33.59,47.66
2026-10-08,23,6,2026-10-08 11:08:00,5,第17回虹の松原カップ,1,4943,八木 治樹,3,35,53.5,0,0,0.15,4.57,25.3,39.76,6,40,80,25,37.5,34.88,52.71
2026-10-08,23,6,2026-10-08 11:08:00,5,第17回虹の松原カップ,2,4434,田中 辰彦,2,40,53.8,1,0,0.16,6.01,45.05,59.46,6.42,47.37,63.16,12.5,12.5,43.48,53.62
2026-10-08,23,6,2026-10-08 11:08:00,5,第17回虹の松原カップ,3,3944,山口 裕二,1,47,52.3,1,0,0.17,5.84,43.21,59.26,6.57,50,64.29,36.36,72.73,34.62,50
2026-10-08,23,6,2026-10-08 11:08:00,5,第17回虹の松原カップ,4,4565,西村 豪洋,3,38,53.6,0,0,0.18,4.24,18,36,3.71,7.14,32.14,50,50,37.78,60
2026-10-08,23,6,2026-10-08 11:08:00,5,第17回虹の松原カップ,5,3617,竹田 広樹,3,53,53.1,1,0,0.19,3.64,18.75,27.5,4.28,24.6,33.33,50,70,32.81,55.47
2026-10-08,23,6,2026-10-08 11:08:00,5,第17回虹の松原カップ,6,5428,古園井 綾南,4,24,49.2,1,0,0.19,1,0,0,1.11,0,0,6.25,25,32.85,57.66
2026-10-08,23,7,2026-10-08 11:38:00,5,第17回虹の松原カップ,1,3967,鈴木 茂高,3,47,57.3,1,0,0.19,4.15,20,38.75,2.86,14.29,14.29,28.57,57.14,37.3,50.79
2026-10-08,23,7,2026-10-08 11:38:00,5,第17回虹の松原カップ,2,4015,前野 竜一,2,46,58.6,1,0,0.16,5.67,33.04,59.13,5.89,37.84,56.76,0,0,36.15,58.46
2026-10-08,23,7,2026-10-08 11:38:00,5,第17回虹の松原カップ,3,3499,市川 哲也,1,58,52,1,0,0.15,5.56,35.23,57.95,5.58,36.84,47.37,33.33,55.56,36.51,57.94
2026-10-08,23,7,2026-10-08 11:38:00,5,第17回虹の松原カップ,4,5389,恵良 琴美,3,19,43.5,0,0,0.19,2.58,3.96,17.82,1.3,0,0,0,0,32.33,54.14
2026-10-08,23,7,2026-10-08 11:38:00,5,第17回虹の松原カップ,5,5071,野見山 拓己,3,32,52.9,1,0,0.13,4.67,22.78,44.3,4.6,20,40,44.44,55.56,21.43,36.51
2026-10-08,23,7,2026-10-08 11:38:00,5,第17回虹の松原カップ,6,4045,佐々木 裕美,3,47,47.7,0,0,0.17,4.84,31.58,43.16,6.25,62.5,62.5,11.76,11.76,28.57,45.11
2026-10-08,23,8,2026-10-08 12:06:00,5,第17回虹の松原カップ,1,5124,上瀧 絢也,3,30,52.8,0,0,0.17,3.92,21.52,34.18,4.2,20.35,36.28,11.11,22.22,29.23,48.46
2026-10-08,23,8,2026-10-08 12:06:00,5,第17回虹の松原カップ,2,4438,森作 雄大,3,40,53.2,0,0,0.13,5.26,35.78,44.95,6.83,56.52,69.57,22.22,22.22,28.35,42.52
2026-10-08,23,8,2026-10-08 12:06:00,5,第17回虹の松原カップ,3,4527,高野 心吾,3,38,52,0,0,0.17,4.61,26.97,42.7,3.95,15.79,36.84,62.5,62.5,30.51,45.76
2026-10-08,23,8,2026-10-08 12:06:00,5,第17回虹の松原カップ,4,4449,中嶋 達也,3,39,51.5,0,0,0.16,3.92,20.62,32.99,3.38,6.25,25,22.22,22.22,27.86,47.14
2026-10-08,23,8,2026-10-08 12:06:00,5,第17回虹の松原カップ,5,3554,仲口 博崇,1,54,52.4,0,0,0.18,6.46,52.99,69.4,7.61,61.11,77.78,7.14,28.57,34.71,49.59
2026-10-08,23,8,2026-10-08 12:06:00,5,第17回虹の松原カップ,6,5053,山口 広樹,3,30,53.8,1,0,0.17,3.76,18.99,31.65,0,0,0,33.33,44.44,28.46,41.54
2026-10-08,23,9,2026-10-08 12:42:00,5,第17回虹の松原カップ,1,4440,萩原 知哉,3,40,53.2,0,0,0.17,4.33,25,36.25,4.2,30,30,33.33,55.56,30.47,44.53
2026-10-08,23,9,2026-10-08 12:42:00,5,第17回虹の松原カップ,2,4342,谷野 錬志,2,42,54.1,0,0,0.15,6.87,48.78,70.73,0,0,0,50,60,35.61,55.3
2026-10-08,23,9,2026-10-08 12:42:00,5,第17回虹の松原カップ,3,5107,松本 真広,3,27,50,1,0,0.16,3.98,11.67,35,2.89,0,22.22,44.44,55.56,31.58,48.12
2026-10-08,23,9,2026-10-08 12:42:00,5,第17回虹の松原カップ,4,3747,國崎 良春,2,51,52.6,0,0,0.16,5.68,38.54,59.38,4.19,23.81,33.33,50,80,33.59,53.91
2026-10-08,23,9,2026-10-08 12:42:00,5,第17回虹の松原カップ,5,4257,古川 健,3,42,52,0,0,0.16,5.2,34.15,51.22,5.72,32,60,38.46,53.85,23.48,36.36
2026-10-08,23,9,2026-10-08 12:42:00,5,第17回虹の松原カップ,6,3614,谷 勝幸,3,53,54.5,0,0,0.17,4.44,22.81,37.72,4,30,30,63.64,81.82,40.63,53.91
2026-10-08,23,10,2026-10-08 13:18:00,5,第17回虹の松原カップ,1,3463,乙津 康志,3,59,52,0,0,0.19,4.05,19.28,39.76,0,0,0,25,41.67,31.2,51.2
2026-10-08,23,10,2026-10-08 13:18:00,5,第17回虹の松原カップ,2,3717,立間 充宏,2,51,56,0,0,0.18,5.63,37.21,52.33,5.43,40,57.14,29.41,41.18,37.01,55.12
2026-10-08,23,10,2026-10-08 13:18:00,5,第17回虹の松原カップ,3,3539,金子 順一,3,58,52.1,0,0,0.19,4.25,20,37.89,4.53,23.53,41.18,0,0,32.8,42.4
2026-10-08,23,10,2026-10-08 13:18:00,5,第17回虹の松原カップ,4,4356,長岡 良也,2,42,52,0,0,0.18,6.21,43.93,68.22,5.61,27.78,50,20,40,22.58,37.1
2026-10-08,23,10,2026-10-08 13:18:00,5,第17回虹の松原カップ,5,4943,八木 治樹,3,35,53.5,0,0,0.15,4.57,25.3,39.76,6,40,80,25,37.5,34.88,52.71
2026-10-08,23,10,2026-10-08 13:18:00,5,第17回虹の松原カップ,6,4676,後藤 隼之,2,38,56,1,0,0.17,5.03,24.44,52.22,4.8,30,60,50,50,33.85,46.15
2026-10-08,23,11,2026-10-08 13:50:00,5,第17回虹の松原カップ,1,4949,横田 貴満,2,33,49.5,0,0,0.16,6.39,45.45,63.64,5.71,31.34,56.72,33.33,55.56,34.4,51.2
2026-10-08,23,11,2026-10-08 13:50:00,5,第17回虹の松原カップ,2,4464,山下 友貴,1,40,44,1,0,0.19,6.05,44.32,64.77,5.1,24.14,58.62,22.22,44.44,24.81,41.86
2026-10-08,23,11,2026-10-08 13:50:00,5,第17回虹の松原カップ,3,4053,芦澤 望,2,48,55.7,1,0,0.16,5.4,33.33,55.56,0,0,0,45.45,81.82,28.24,41.98
2026-10-08,23,11,2026-10-08 13:50:00,5,第17回虹の松原カップ,4,4669,井上 茂,3,41,53.1,0,0,0.16,4.28,16.13,36.56,3.63,12.5,30,25,50,27.61,51.49
2026-10-08,23,11,2026-10-08 13:50:00,5,第17回虹の松原カップ,5,4434,田中 辰彦,2,40,53.8,1,0,0.16,6.01,45.05,59.46,6.42,47.37,63.16,12.5,12.5,43.48,53.62
2026-10-08,23,11,2026-10-08 13:50:00,5,第17回虹の松原カップ,6,4092,岡部 大輔,3,45,52,0,0,0.16,5.19,30.95,47.62,5.52,36.97,53.78,33.33,66.67,39.53,54.26
2026-10-08,23,12,2026-10-08 14:28:00,5,第17回虹の松原カップ,1,3554,仲口 博崇,1,54,52.4,0,0,0.18,6.46,52.99,69.4,7.61,61.11,77.78,7.14,28.57,34.71,49.59
2026-10-08,23,12,2026-10-08 14:28:00,5,第17回虹の松原カップ,2,3499,市川 哲也,1,58,52,1,0,0.15,5.56,35.23,57.95,5.58,36.84,47.37,33.33,55.56,36.51,57.94
2026-10-08,23,12,2026-10-08 14:28:00,5,第17回虹の松原カップ,3,4264,長尾 章平,1,41,53.5,1,0,0.16,5.94,40.2,59.8,6.38,48.89,68.89,55.56,66.67,27.13,48.06
2026-10-08,23,12,2026-10-08 14:28:00,5,第17回虹の松原カップ,4,3576,白水 勝也,1,53,52.4,1,0,0.17,6.08,42.86,66.67,6.42,44.19,72.09,0,0,33.86,45.67
2026-10-08,23,12,2026-10-08 14:28:00,5,第17回虹の松原カップ,5,4584,村岡 賢人,1,36,52.5,1,0,0.12,6.81,47.66,68.22,7.8,60,90,44.44,44.44,29.63,48.89
2026-10-08,23,12,2026-10-08 14:28:00,5,第17回虹の松原カップ,6,3944,山口 裕二,1,47,52.3,1,0,0.17,5.84,43.21,59.26,6.57,50,64.29,36.36,72.73,34.62,50
2026-10-08,24,1,2026-10-08 15:20:00,5,日本モーターボート選手会会長杯,1,3730,塩崎 優司,3,54,52.6,0,0,0.17,3.8,15.05,29.03,4.85,30.77,46.15,33.77,41.56,35.53,56.58
2026-10-08,24,1,2026-10-08 15:20:00,5,日本モーターボート選手会会長杯,2,4004,山本 浩輔,3,48,52,0,0,0.18,5.15,31.76,45.88,4.93,25.58,47.29,22.54,35.21,31.17,41.56
2026-10-08,24,1,2026-10-08 15:20:00,5,日本モーターボート選手会会長杯,3,3692,竹腰 正樹,3,55,52,0,0,0.18,5.39,34.96,54.47,4.92,35.14,45.95,24.66,45.21,26.09,43.48
2026-10-08,24,1,2026-10-08 15:20:00,5,日本モーターボート選手会会長杯,4,4693,松下 誉士,3,42,51.5,0,0,0.19,4.34,26.04,38.54,3.47,15.79,21.05,37.04,51.85,26.76,43.66
2026-10-08,24,1,2026-10-08 15:20:00,5,日本モーターボート選手会会長杯,5,3535,渡 修平,3,54,52.2,0,0,0.2,3.95,17.57,32.43,4.07,22.22,35.56,33.78,51.35,22.39,47.76
2026-10-08,24,1,2026-10-08 15:20:00,5,日本モーターボート選手会会長杯,6,5261,岡 暢祐,3,28,52,0,0,0.18,4.5,22.62,38.1,3.81,18.75,31.25,27.63,40.79,25,39.71
2026-10-08,24,2,2026-10-08 15:48:00,5,日本モーターボート選手会会長杯,1,5177,松井 貫太,3,30,51.5,0,0,0.2,4.68,22.81,41.23,3.32,13.64,22.73,34.15,51.22,36.49,51.35
2026-10-08,24,2,2026-10-08 15:48:00,5,日本モーターボート選手会会長杯,2,3871,池田 紫乃,3,50,44.5,1,0,0.18,3.27,14.29,22.45,4.62,33.33,40.23,34.57,48.15,36.84,55.26
2026-10-08,24,2,2026-10-08 15:48:00,5,日本モーターボート選手会会長杯,3,5344,谷口 丞,3,23,52,1,0,0.15,5.58,33.71,55.06,1.83,0,16.67,34.09,55.68,30.88,47.06
2026-10-08,24,2,2026-10-08 15:48:00,5,日本モーターボート選手会会長杯,4,4894,原村 拓也,3,35,52,0,0,0.19,4.71,24.24,40.4,4.71,23.81,38.1,31.71,47.56,33.82,51.47
2026-10-08,24,2,2026-10-08 15:48:00,5,日本モーターボート選手会会長杯,5,3303,渡辺 豊,3,59,53.4,0,0,0.2,4.36,20.75,34.91,5.95,31.82,54.55,32.89,51.32,27.27,44.16
2026-10-08,24,2,2026-10-08 15:48:00,5,日本モーターボート選手会会長杯,6,4007,榮田 将彦,3,47,51.5,0,0,0.14,4.9,29.79,47.87,4.31,30.77,38.46,50.6,67.47,17.46,26.98
2026-10-08,24,3,2026-10-08 16:17:00,5,日本モーターボート選手会会長杯,1,3950,石川 哲秀,3,50,56,0,0,0.15,3.79,19.7,30.3,3.76,23.81,33.33,34.67,45.33,31.17,55.84
2026-10-08,24,3,2026-10-08 16:17:00,5,日本モーターボート選手会会長杯,2,3302,谷川 里江,3,59,46,0,0,0.18,5.54,38.03,59.15,5.67,22.22,66.67,24.32,44.59,19.05,38.1
2026-10-08,24,3,2026-10-08 16:17:00,5,日本モーターボート選手会会長杯,3,3282,池本 輝明,3,59,52,0,0,0.19,4.53,21.28,40.43,4.62,25.86,36.21,44.74,59.21,28.36,55.22
2026-10-08,24,3,2026-10-08 16:17:00,5,日本モーターボート選手会会長杯,4,4874,池田 奈津美,3,32,52.1,1,0,0.15,4.74,24.36,48.72,4.67,28.57,42.86,33.8,49.3,36.84,50
2026-10-08,24,3,2026-10-08 16:17:00,5,日本モーターボート選手会会長杯,5,4156,浜野 孝志,2,45,56.1,1,0,0.17,5.52,33.33,54.05,4.95,20,55,48.05,66.23,30.14,47.95
2026-10-08,24,3,2026-10-08 16:17:00,5,日本モーターボート選手会会長杯,6,4760,山崎 郡,1,36,52,0,0,0.14,7.51,55.74,68.03,5.1,23.81,42.86,30.12,57.83,20.9,44.78
2026-10-08,24,4,2026-10-08 16:42:00,5,日本モーターボート選手会会長杯,1,4043,桐本 康臣,2,47,53.1,0,0,0.17,5.81,40.17,61.54,6.08,42.31,57.69,39.53,54.65,36.36,58.44
2026-10-08,24,4,2026-10-08 16:42:00,5,日本モーターボート選手会会長杯,2,5285,若林 麗,3,27,52,0,0,0.19,3.42,10.45,23.88,5.33,44.44,44.44,38.36,46.58,35.06,45.45
2026-10-08,24,4,2026-10-08 16:42:00,5,日本モーターボート選手会会長杯,3,4064,原田 篤志,1,46,52,0,0,0.17,6.59,50.36,67.63,6.63,52.5,72.5,34.25,56.16,26.47,39.71
2026-10-08,24,4,2026-10-08 16:42:00,5,日本モーターボート選手会会長杯,4,5338,香月 大輝,3,26,52,0,0,0.16,4.66,21.25,42.5,2.42,6.45,12.9,41.98,54.32,25.81,33.87
2026-10-08,24,4,2026-10-08 16:42:00,5,日本モーターボート選手会会長杯,5,4737,竹井 貴史,1,35,52.7,1,0,0.16,6.78,52.38,72.38,7.51,59.57,80.85,39.51,50.62,35.71,50
2026-10-08,24,4,2026-10-08 16:42:00,5,日本モーターボート選手会会長杯,6,5343,小林 礼央,3,24,52,0,0,0.16,4.28,19.59,40.21,3.19,14.81,18.52,45,66.25,38.67,56
2026-10-08,24,5,2026-10-08 17:09:00,5,日本モーターボート選手会会長杯,1,4409,坂元 浩仁,1,40,52.8,1,0,0.15,6.16,42.06,57.01,5.67,40.48,47.62,25,38.89,23.53,35.29
2026-10-08,24,5,2026-10-08 17:09:00,5,日本モーターボート選手会会長杯,2,4012,中村 有裕,2,47,54.3,0,0,0.16,6.3,46.74,61.96,4.18,23.53,41.18,32.18,50.57,28.95,38.16
2026-10-08,24,5,2026-10-08 17:09:00,5,日本モーターボート選手会会長杯,3,3637,齋藤 和政,3,55,52.7,0,0,0.18,3.43,13.33,22.67,3.95,10.53,36.84,42.22,56.67,35.53,55.26
2026-10-08,24,5,2026-10-08 17:09:00,5,日本モーターボート選手会会長杯,4,5144,中尾 彩香,3,25,47.1,0,0,0.17,4.45,22.73,42.05,3.27,4.55,22.73,34.57,46.91,29.33,50.67
2026-10-08,24,5,2026-10-08 17:09:00,5,日本モーターボート選手会会長杯,5,5193,米丸 乃絵,1,25,47.1,0,0,0.16,6.84,52.69,62.37,6.09,40,65.71,28.21,43.59,36,50.67
2026-10-08,24,5,2026-10-08 17:09:00,5,日本モーターボート選手会会長杯,6,5397,寺田 夢生,4,24,46,1,0,0.18,1.44,0,3.17,1.38,0,0,29.49,47.44,26.47,47.06
2026-10-08,24,6,2026-10-08 17:34:00,5,日本モーターボート選手会会長杯,1,4739,中村 晃朋,1,34,50.5,1,0,0.15,6.65,52.76,70.08,8.29,85.71,85.71,30.38,48.1,28.17,40.85
2026-10-08,24,6,2026-10-08 17:34:00,5,日本モーターボート選手会会長杯,2,3535,渡 修平,3,54,52.2,0,0,0.2,3.95,17.57,32.43,4.07,22.22,35.56,33.78,51.35,22.39,47.76
2026-10-08,24,6,2026-10-08 17:34:00,5,日本モーターボート選手会会長杯,3,4640,山ノ内 雅人,2,35,52.1,1,0,0.14,5.8,38.52,59.84,6.47,46.88,62.5,28.92,50.6,36,57.33
2026-10-08,24,6,2026-10-08 17:34:00,5,日本モーターボート選手会会長杯,4,4145,小澤 学,3,44,52.2,0,0,0.26,4.14,17.39,32.61,1.83,0,0,37.93,55.17,32.39,46.48
2026-10-08,24,6,2026-10-08 17:34:00,5,日本モーターボート選手会会長杯,5,4324,海野 康志郎,1,38,56.6,0,0,0.13,7.02,51.97,70.08,9,71.43,92.86,32.05,61.54,16.39,27.87
2026-10-08,24,6,2026-10-08 17:34:00,5,日本モーターボート選手会会長杯,6,4632,長尾 京志郎,3,37,53.8,0,0,0.2,4.72,26.88,48.39,4.04,17.02,34.04,16.44,31.51,31.17,46.75
2026-10-08,24,7,2026-10-08 18:02:00,5,日本モーターボート選手会会長杯,1,4159,向後 龍一,2,45,51.5,0,0,0.17,6.56,49.57,66.67,5.79,45.24,57.14,43.75,63.75,38.24,61.76
2026-10-08,24,7,2026-10-08 18:02:00,5,日本モーターボート選手会会長杯,2,3303,渡辺 豊,3,59,53.4,0,0,0.2,4.36,20.75,34.91,5.95,31.82,54.55,32.89,51.32,27.27,44.16
2026-10-08,24,7,2026-10-08 18:02:00,5,日本モーターボート選手会会長杯,3,4574,東 潤樹,2,38,53.1,0,0,0.17,5.41,36.21,50.86,4.87,30.43,43.48,39.77,55.68,31.88,46.38
2026-10-08,24,7,2026-10-08 18:02:00,5,日本モーターボート選手会会長杯,4,4888,金児 隆太,3,39,52,0,0,0.19,6.1,47.73,59.09,4.42,26.92,30.77,43.24,59.46,22.22,34.92
2026-10-08,24,7,2026-10-08 18:02:00,5,日本モーターボート選手会会長杯,5,3692,竹腰 正樹,3,55,52,0,0,0.18,5.39,34.96,54.47,4.92,35.14,45.95,24.66,45.21,26.09,43.48
2026-10-08,24,7,2026-10-08 18:02:00,5,日本モーターボート選手会会長杯,6,5459,田中 きら,4,20,44,0,0,,1.06,0,0,0,0,0,30.77,51.28,28.57,40
2026-10-08,24,8,2026-10-08 18:41:00,5,日本モーターボート選手会会長杯,1,3928,林 恵祐,3,50,59.1,1,0,0.18,3.64,11.9,28.57,2.77,7.69,7.69,26.83,40.24,40.79,56.58
2026-10-08,24,8,2026-10-08 18:41:00,5,日本モーターボート選手会会長杯,2,5246,楠 将太郎,2,24,52,0,0,0.17,5.06,35.29,45.88,6.29,41.18,64.71,29.87,46.75,32.89,53.95
2026-10-08,24,8,2026-10-08 18:41:00,5,日本モーターボート選手会会長杯,3,5175,島崎 丈一朗,3,22,53,0,0,0.18,4.59,17.81,46.58,1.2,0,0,41.03,61.54,37.84,63.51
2026-10-08,24,8,2026-10-08 18:41:00,5,日本モーターボート選手会会長杯,4,4656,大崎 翔,2,39,53.8,0,0,0.16,4.91,31.58,47.37,5,25,42.86,28.57,45.45,31.17,49.35
2026-10-08,24,8,2026-10-08 18:41:00,5,日本モーターボート選手会会長杯,5,5458,田中 大輝,4,20,52.3,0,0,,1.62,3.08,4.62,0,0,0,28.57,47.25,42.67,58.67
2026-10-08,24,8,2026-10-08 18:41:00,5,日本モーターボート選手会会長杯,6,3661,柳瀬 興志,2,57,57.9,0,0,0.18,4.35,24.04,35.58,4.95,26.32,47.37,33.33,40,29.87,45.45
2026-10-08,24,9,2026-10-08 19:10:00,5,日本モーターボート選手会会長杯,1,5193,米丸 乃絵,1,25,47.1,0,0,0.16,6.84,52.69,62.37,6.09,40,65.71,28.21,43.59,36,50.67
2026-10-08,24,9,2026-10-08 19:10:00,5,日本モーターボート選手会会長杯,2,4043,桐本 康臣,2,47,53.1,0,0,0.17,5.81,40.17,61.54,6.08,42.31,57.69,39.53,54.65,36.36,58.44
2026-10-08,24,9,2026-10-08 19:10:00,5,日本モーターボート選手会会長杯,3,3730,塩崎 優司,3,54,52.6,0,0,0.17,3.8,15.05,29.03,4.85,30.77,46.15,33.77,41.56,35.53,56.58
2026-10-08,24,9,2026-10-08 19:10:00,5,日本モーターボート選手会会長杯,4,5343,小林 礼央,3,24,52,0,0,0.16,4.28,19.59,40.21,3.19,14.81,18.52,45,66.25,38.67,56
2026-10-08,24,9,2026-10-08 19:10:00,5,日本モーターボート選手会会長杯,5,5177,松井 貫太,3,30,51.5,0,0,0.2,4.68,22.81,41.23,3.32,13.64,22.73,34.15,51.22,36.49,51.35
2026-10-08,24,9,2026-10-08 19:10:00,5,日本モーターボート選手会会長杯,6,3302,谷川 里江,3,59,46,0,0,0.18,5.54,38.03,59.15,5.67,22.22,66.67,24.32,44.59,19.05,38.1
2026-10-08,24,10,2026-10-08 19:39:00,5,日本モーターボート選手会会長杯,1,4156,浜野 孝志,2,45,56.1,1,0,0.17,5.52,33.33,54.05,4.95,20,55,48.05,66.23,30.14,47.95
2026-10-08,24,10,2026-10-08 19:39:00,5,日本モーターボート選手会会長杯,2,4739,中村 晃朋,1,34,50.5,1,0,0.15,6.65,52.76,70.08,8.29,85.71,85.71,30.38,48.1,28.17,40.85
2026-10-08,24,10,2026-10-08 19:39:00,5,日本モーターボート選手会会長杯,3,4737,竹井 貴史,1,35,52.7,1,0,0.16,6.78,52.38,72.38,7.51,59.57,80.85,39.51,50.62,35.71,50
2026-10-08,24,10,2026-10-08 19:39:00,5,日本モーターボート選手会会長杯,4,4409,坂元 浩仁,1,40,52.8,1,0,0.15,6.16,42.06,57.01,5.67,40.48,47.62,25,38.89,23.53,35.29
2026-10-08,24,10,2026-10-08 19:39:00,5,日本モーターボート選手会会長杯,5,4004,山本 浩輔,3,48,52,0,0,0.18,5.15,31.76,45.88,4.93,25.58,47.29,22.54,35.21,31.17,41.56
2026-10-08,24,10,2026-10-08 19:39:00,5,日本モーターボート選手会会長杯,6,5344,谷口 丞,3,23,52,1,0,0.15,5.58,33.71,55.06,1.83,0,16.67,34.09,55.68,30.88,47.06
2026-10-08,24,11,2026-10-08 20:10:00,5,日本モーターボート選手会会長杯,1,4324,海野 康志郎,1,38,56.6,0,0,0.13,7.02,51.97,70.08,9,71.43,92.86,32.05,61.54,16.39,27.87
2026-10-08,24,11,2026-10-08 20:10:00,5,日本モーターボート選手会会長杯,2,4159,向後 龍一,2,45,51.5,0,0,0.17,6.56,49.57,66.67,5.79,45.24,57.14,43.75,63.75,38.24,61.76
2026-10-08,24,11,2026-10-08 20:10:00,5,日本モーターボート選手会会長杯,3,4760,山崎 郡,1,36,52,0,0,0.14,7.51,55.74,68.03,5.1,23.81,42.86,30.12,57.83,20.9,44.78
2026-10-08,24,11,2026-10-08 20:10:00,5,日本モーターボート選手会会長杯,4,4640,山ノ内 雅人,2,35,52.1,1,0,0.14,5.8,38.52,59.84,6.47,46.88,62.5,28.92,50.6,36,57.33
2026-10-08,24,11,2026-10-08 20:10:00,5,日本モーターボート選手会会長杯,5,4064,原田 篤志,1,46,52,0,0,0.17,6.59,50.36,67.63,6.63,52.5,72.5,34.25,56.16,26.47,39.71
2026-10-08,24,11,2026-10-08 20:10:00,5,日本モーターボート選手会会長杯,6,4012,中村 有裕,2,47,54.3,0,0,0.16,6.3,46.74,61.96,4.18,23.53,41.18,32.18,50.57,28.95,38.16
2026-10-08,24,12,2026-10-08 20:38:00,5,日本モーターボート選手会会長杯,1,4656,大崎 翔,2,39,53.8,0,0,0.16,4.91,31.58,47.37,5,25,42.86,28.57,45.45,31.17,49.35
2026-10-08,24,12,2026-10-08 20:38:00,5,日本モーターボート選手会会長杯,2,4894,原村 拓也,3,35,52,0,0,0.19,4.71,24.24,40.4,4.71,23.81,38.1,31.71,47.56,33.82,51.47
2026-10-08,24,12,2026-10-08 20:38:00,5,日本モーターボート選手会会長杯,3,4874,池田 奈津美,3,32,52.1,1,0,0.15,4.74,24.36,48.72,4.67,28.57,42.86,33.8,49.3,36.84,50
2026-10-08,24,12,2026-10-08 20:38:00,5,日本モーターボート選手会会長杯,4,5285,若林 麗,3,27,52,0,0,0.19,3.42,10.45,23.88,5.33,44.44,44.44,38.36,46.58,35.06,45.45
2026-10-08,24,12,2026-10-08 20:38:00,5,日本モーターボート選手会会長杯,5,4888,金児 隆太,3,39,52,0,0,0.19,6.1,47.73,59.09,4.42,26.92,30.77,43.24,59.46,22.22,34.92
2026-10-08,24,12,2026-10-08 20:38:00,5,日本モーターボート選手会会長杯,6,4145,小澤 学,3,44,52.2,0,0,0.26,4.14,17.39,32.61,1.83,0,0,37.93,55.17,32.39,46.48
