race_date,stadium_number,race_number,race_closed_at,race_grade_number,race_title,boat_number,racer_number,racer_name,racer_class_number,racer_age,racer_weight,racer_flying_count,racer_late_count,racer_average_start_timing,racer_national_top_1_percent,racer_national_top_2_percent,racer_national_top_3_percent,racer_local_top_1_percent,racer_local_top_2_percent,racer_local_top_3_percent,racer_assigned_motor_top_2_percent,racer_assigned_motor_top_3_percent,racer_assigned_boat_top_2_percent,racer_assigned_boat_top_3_percent
2026-07-15,1,1,2026-07-15 15:23:00,5,第48回デイリースポーツ杯,1,5377,鳥居塚 嶺王,3,22,50,0,0,0.18,4.09,19.77,36.05,3,9.38,21.88,32.3,49.07,30.99,46.48
2026-07-15,1,1,2026-07-15 15:23:00,5,第48回デイリースポーツ杯,2,4345,西舘 健,2,41,55.1,0,0,0.15,5.74,43.43,55.56,4.79,31.03,41.38,42.37,55.08,33.78,48.65
2026-07-15,1,1,2026-07-15 15:23:00,5,第48回デイリースポーツ杯,3,5308,藤森 拓海,3,21,53.6,0,0,0.17,4.48,22.73,38.64,0,0,0,43.69,54.37,33.1,47.18
2026-07-15,1,1,2026-07-15 15:23:00,5,第48回デイリースポーツ杯,4,4638,小林 遼太,3,35,52,0,0,0.18,5.32,34.04,56.38,3.92,23.08,26.92,45.69,63.79,30.07,45.45
2026-07-15,1,1,2026-07-15 15:23:00,5,第48回デイリースポーツ杯,5,3293,宮内 由紀英,3,60,52,0,0,0.2,3.33,9.21,22.37,4.21,10.53,42.11,39.1,59.4,29.58,54.93
2026-07-15,1,1,2026-07-15 15:23:00,5,第48回デイリースポーツ杯,6,5439,志賀 美優,4,20,49.1,0,0,0.21,1.49,1.49,2.99,0,0,0,27.78,39.68,23.4,38.3
2026-07-15,1,2,2026-07-15 15:49:00,5,第48回デイリースポーツ杯,1,4246,喜多 那由夏,3,44,47.3,0,0,0.18,4.52,24.72,43.82,6.2,30,70,35.56,54.07,29.86,45.14
2026-07-15,1,2,2026-07-15 15:49:00,5,第48回デイリースポーツ杯,2,4711,前出 達吉,2,36,51.5,0,0,0.16,6.23,44.09,68.82,5.63,37.5,62.5,30.34,48.28,37.58,59.73
2026-07-15,1,2,2026-07-15 15:49:00,5,第48回デイリースポーツ杯,3,4424,松尾 昂明,2,41,52,0,0,0.16,5.7,38.66,54.62,6.65,52.94,64.71,20.39,34.95,30.41,53.38
2026-07-15,1,2,2026-07-15 15:49:00,5,第48回デイリースポーツ杯,4,4876,梅木 敬太,3,31,53,0,0,0.17,4.63,27.08,40.63,0,0,0,43.75,62.5,32.88,53.42
2026-07-15,1,2,2026-07-15 15:49:00,5,第48回デイリースポーツ杯,5,4888,金児 隆太,3,38,52.4,0,0,0.19,4.96,31.58,43.42,5.38,32.5,51.67,31.17,52.6,26.39,43.06
2026-07-15,1,2,2026-07-15 15:49:00,5,第48回デイリースポーツ杯,6,4393,田中 孝明,3,40,57.3,0,0,0.2,4.24,18.29,31.71,3.6,6.67,26.67,36.6,51.63,25.85,43.54
2026-07-15,1,3,2026-07-15 16:13:00,5,第48回デイリースポーツ杯,1,4023,柴田 友和,3,48,52,0,0,0.17,3.93,19.28,32.53,4.3,15,35,36,49.33,36.05,55.78
2026-07-15,1,3,2026-07-15 16:13:00,5,第48回デイリースポーツ杯,2,5057,上田 紗奈,3,30,46,0,0,0.16,5.89,45.83,56.25,4.22,22.22,33.33,30.65,54.03,42.76,55.86
2026-07-15,1,3,2026-07-15 16:13:00,5,第48回デイリースポーツ杯,3,4846,佐藤 駿介,3,32,52,0,0,0.17,4.48,25,42.05,4.31,18.75,37.5,42.16,56.86,33.33,47.22
2026-07-15,1,3,2026-07-15 16:13:00,5,第48回デイリースポーツ杯,4,5432,安藤 瑠希,3,21,52,0,0,0.17,2.8,5.71,17.14,2.78,0,11.11,44.44,65.74,26.57,41.96
2026-07-15,1,3,2026-07-15 16:13:00,5,第48回デイリースポーツ杯,5,3505,山田 竜一,2,55,52.6,0,0,0.14,5.45,34.48,54.02,6.45,55,65,36.81,50.69,39.04,54.79
2026-07-15,1,3,2026-07-15 16:13:00,5,第48回デイリースポーツ杯,6,4230,濱崎 直矢,2,43,53.6,0,0,0.16,6.95,55.7,69.62,6.76,52.38,66.67,47.37,70.18,26.57,41.96
2026-07-15,1,4,2026-07-15 16:40:00,5,第48回デイリースポーツ杯,1,3776,横井 健太,3,51,56.8,0,0,0.2,3.35,10.71,19.05,3.94,5.56,22.22,46.72,60.58,37.14,55
2026-07-15,1,4,2026-07-15 16:40:00,5,第48回デイリースポーツ杯,2,4663,籾山 佳岳,4,43,51.5,1,0,0.16,5.43,32.76,53.45,5.31,31.03,51.72,37.75,51.66,25.37,42.54
2026-07-15,1,4,2026-07-15 16:40:00,5,第48回デイリースポーツ杯,3,5285,若林 麗,3,27,52,0,0,0.19,3.75,17.5,28.75,2.24,3.92,13.73,34.15,47.97,32.62,48.94
2026-07-15,1,4,2026-07-15 16:40:00,5,第48回デイリースポーツ杯,4,3502,渡邉 英児,2,57,52.5,0,0,0.16,6.01,42.05,67.05,3.75,25,25,32.26,48.39,33.57,53.57
2026-07-15,1,4,2026-07-15 16:40:00,5,第48回デイリースポーツ杯,5,4778,堤 啓輔,3,40,52,0,0,0.16,5.28,32.43,52.7,5,29.17,54.17,32.17,52.45,42.36,61.81
2026-07-15,1,4,2026-07-15 16:40:00,5,第48回デイリースポーツ杯,6,4760,山崎 郡,1,36,51.5,0,0,0.14,7.28,47.76,69.4,7.33,54.35,69.57,27.66,51.06,40.56,58.04
2026-07-15,1,5,2026-07-15 17:09:00,5,第48回デイリースポーツ杯,1,4874,池田 奈津美,3,32,52.5,0,0,0.15,5.25,30.68,55.68,4.22,22.22,44.44,43.2,63.2,27.54,43.48
2026-07-15,1,5,2026-07-15 17:09:00,5,第48回デイリースポーツ杯,2,3303,渡辺 豊,3,58,53.3,0,0,0.2,4.59,22.73,41.82,5.02,33.33,50,31.94,50.69,30.61,46.94
2026-07-15,1,5,2026-07-15 17:09:00,5,第48回デイリースポーツ杯,3,5211,高井 駿弥,3,27,50,0,0,0.17,4.05,13.25,36.14,3.13,12.5,25,32.03,46.09,37.86,50.71
2026-07-15,1,5,2026-07-15 17:09:00,5,第48回デイリースポーツ杯,4,4389,伊藤 喜智,2,40,52,0,0,0.18,5.72,32.56,63.95,5.23,25.71,65.71,39.37,60.63,29.79,47.52
2026-07-15,1,5,2026-07-15 17:09:00,5,第48回デイリースポーツ杯,5,5439,志賀 美優,4,20,49.1,0,0,0.21,1.49,1.49,2.99,0,0,0,27.78,39.68,23.4,38.3
2026-07-15,1,5,2026-07-15 17:09:00,5,第48回デイリースポーツ杯,6,4614,石倉 洋行,1,46,52.2,1,0,0.13,6.9,52.48,72.28,4.27,18.18,36.36,37.76,49.65,39.04,51.37
2026-07-15,1,6,2026-07-15 17:37:00,5,第48回デイリースポーツ杯,1,4108,吉村 正明,1,46,51.5,0,0,0.14,6.41,46.91,64.2,0,0,0,50.81,67.74,42.25,54.93
2026-07-15,1,6,2026-07-15 17:37:00,5,第48回デイリースポーツ杯,2,3591,後藤 孝義,3,57,52.2,0,0,0.21,3.08,9.72,19.44,3.33,13.33,20,31.01,44.96,31.47,47.55
2026-07-15,1,6,2026-07-15 17:37:00,5,第48回デイリースポーツ杯,3,4487,三原 司,3,40,52,0,0,0.18,4.78,25,43.75,3.84,19.35,32.26,39.74,61.54,34.27,47.55
2026-07-15,1,6,2026-07-15 17:37:00,5,第48回デイリースポーツ杯,4,4246,喜多 那由夏,3,44,47.3,0,0,0.18,4.52,24.72,43.82,6.2,30,70,35.56,54.07,29.86,45.14
2026-07-15,1,6,2026-07-15 17:37:00,5,第48回デイリースポーツ杯,5,5377,鳥居塚 嶺王,3,22,50,0,0,0.18,4.09,19.77,36.05,3,9.38,21.88,32.3,49.07,30.99,46.48
2026-07-15,1,6,2026-07-15 17:37:00,5,第48回デイリースポーツ杯,6,5288,尾道 佳諭,3,26,52.2,0,0,0.17,4.18,17.54,33.33,1.31,0,0,35.04,49.64,32.87,49.65
2026-07-15,1,7,2026-07-15 18:05:00,5,第48回デイリースポーツ杯,1,4706,三浦 洋次朗,2,37,51,1,0,0.17,5.86,42.24,56.03,5.04,22.22,44.44,25.42,48.31,29.14,45.03
2026-07-15,1,7,2026-07-15 18:05:00,5,第48回デイリースポーツ杯,2,5156,坂野 さくら,3,29,46.5,0,0,0.17,4.65,23.17,46.34,5.67,44.44,55.56,38.57,54.29,20.77,36.15
2026-07-15,1,7,2026-07-15 18:05:00,5,第48回デイリースポーツ杯,3,4734,安河内 将,1,36,51.5,0,0,0.14,6.71,52.54,71.19,0,0,0,43.94,56.82,32.87,50.35
2026-07-15,1,7,2026-07-15 18:05:00,5,第48回デイリースポーツ杯,4,3293,宮内 由紀英,3,60,52,0,0,0.2,3.33,9.21,22.37,4.21,10.53,42.11,39.1,59.4,29.58,54.93
2026-07-15,1,7,2026-07-15 18:05:00,5,第48回デイリースポーツ杯,5,5432,安藤 瑠希,3,21,52,0,0,0.17,2.8,5.71,17.14,2.78,0,11.11,44.44,65.74,26.57,41.96
2026-07-15,1,7,2026-07-15 18:05:00,5,第48回デイリースポーツ杯,6,4035,杉江 浩明,3,47,51.5,0,0,0.21,4.01,25,37.5,2.52,7.41,11.11,46.61,61.02,37.58,61.74
2026-07-15,1,8,2026-07-15 18:37:00,5,第48回デイリースポーツ杯,1,3502,渡邉 英児,2,57,52.5,0,0,0.16,6.01,42.05,67.05,3.75,25,25,32.26,48.39,33.57,53.57
2026-07-15,1,8,2026-07-15 18:37:00,5,第48回デイリースポーツ杯,2,5308,藤森 拓海,3,21,53.6,0,0,0.17,4.48,22.73,38.64,0,0,0,43.69,54.37,33.1,47.18
2026-07-15,1,8,2026-07-15 18:37:00,5,第48回デイリースポーツ杯,3,4888,金児 隆太,3,38,52.4,0,0,0.19,4.96,31.58,43.42,5.38,32.5,51.67,31.17,52.6,26.39,43.06
2026-07-15,1,8,2026-07-15 18:37:00,5,第48回デイリースポーツ杯,4,5347,井澤 聖奈,4,22,45.5,0,0,0.21,1.64,0,3.45,1.39,0,0,33.56,54.11,32.19,44.52
2026-07-15,1,8,2026-07-15 18:37:00,5,第48回デイリースポーツ杯,5,3811,石田 章央,1,50,53.4,0,0,0.16,6.44,50.81,65.32,6.16,44,68,33.09,52.21,32.64,48.61
2026-07-15,1,8,2026-07-15 18:37:00,5,第48回デイリースポーツ杯,6,4791,黒澤 めぐみ,3,36,47.2,0,0,0.2,5.41,30.91,55.45,5.3,43.33,43.33,33.12,51.95,30.37,48.89
2026-07-15,1,9,2026-07-15 19:06:00,5,第48回デイリースポーツ杯,1,4876,梅木 敬太,3,31,53,0,0,0.17,4.63,27.08,40.63,0,0,0,43.75,62.5,32.88,53.42
2026-07-15,1,9,2026-07-15 19:06:00,5,第48回デイリースポーツ杯,2,4614,石倉 洋行,1,46,52.2,1,0,0.13,6.9,52.48,72.28,4.27,18.18,36.36,37.76,49.65,39.04,51.37
2026-07-15,1,9,2026-07-15 19:06:00,5,第48回デイリースポーツ杯,3,3776,横井 健太,3,51,56.8,0,0,0.2,3.35,10.71,19.05,3.94,5.56,22.22,46.72,60.58,37.14,55
2026-07-15,1,9,2026-07-15 19:06:00,5,第48回デイリースポーツ杯,4,4225,土屋 千明,2,44,46,0,0,0.15,6.42,44.62,66.15,6.31,44.26,67.21,36.31,63.69,41.1,58.9
2026-07-15,1,9,2026-07-15 19:06:00,5,第48回デイリースポーツ杯,5,3963,原田 秀弥,2,47,52.6,0,0,0.17,5.77,36.54,61.54,5.38,27.59,62.07,41.18,59.66,28.97,41.38
2026-07-15,1,9,2026-07-15 19:06:00,5,第48回デイリースポーツ杯,6,3641,一瀬 明,1,55,52.1,0,0,0.17,6.25,42.34,63.06,5.93,35,62.5,30.61,48.98,29.37,46.85
2026-07-15,1,10,2026-07-15 19:39:00,5,第48回デイリースポーツ杯,1,3505,山田 竜一,2,55,52.6,0,0,0.14,5.45,34.48,54.02,6.45,55,65,36.81,50.69,39.04,54.79
2026-07-15,1,10,2026-07-15 19:39:00,5,第48回デイリースポーツ杯,2,4760,山崎 郡,1,36,51.5,0,0,0.14,7.28,47.76,69.4,7.33,54.35,69.57,27.66,51.06,40.56,58.04
2026-07-15,1,10,2026-07-15 19:39:00,5,第48回デイリースポーツ杯,3,4393,田中 孝明,3,40,57.3,0,0,0.2,4.24,18.29,31.71,3.6,6.67,26.67,36.6,51.63,25.85,43.54
2026-07-15,1,10,2026-07-15 19:39:00,5,第48回デイリースポーツ杯,4,4874,池田 奈津美,3,32,52.5,0,0,0.15,5.25,30.68,55.68,4.22,22.22,44.44,43.2,63.2,27.54,43.48
2026-07-15,1,10,2026-07-15 19:39:00,5,第48回デイリースポーツ杯,5,3813,佐藤 大介,1,50,52.4,0,0,0.16,6.87,51.89,74.53,7.14,57.14,71.43,39.52,58.68,40.69,52.41
2026-07-15,1,10,2026-07-15 19:39:00,5,第48回デイリースポーツ杯,6,4345,西舘 健,2,41,55.1,0,0,0.15,5.74,43.43,55.56,4.79,31.03,41.38,42.37,55.08,33.78,48.65
2026-07-15,1,11,2026-07-15 20:09:00,5,第48回デイリースポーツ杯,1,5150,坂本 雄紀,1,31,52,1,0,0.14,6.27,48.08,64.42,6.02,46.62,62.41,38.62,57.93,32.65,48.3
2026-07-15,1,11,2026-07-15 20:09:00,5,第48回デイリースポーツ杯,2,4108,吉村 正明,1,46,51.5,0,0,0.14,6.41,46.91,64.2,0,0,0,50.81,67.74,42.25,54.93
2026-07-15,1,11,2026-07-15 20:09:00,5,第48回デイリースポーツ杯,3,5057,上田 紗奈,3,30,46,0,0,0.16,5.89,45.83,56.25,4.22,22.22,33.33,30.65,54.03,42.76,55.86
2026-07-15,1,11,2026-07-15 20:09:00,5,第48回デイリースポーツ杯,4,4124,池田 雄一,2,44,52.9,0,0,0.16,6.1,39.78,64.52,5.97,42.11,60.53,38.41,55.8,40.41,60.96
2026-07-15,1,11,2026-07-15 20:09:00,5,第48回デイリースポーツ杯,5,4663,籾山 佳岳,4,43,51.5,1,0,0.16,5.43,32.76,53.45,5.31,31.03,51.72,37.75,51.66,25.37,42.54
2026-07-15,1,11,2026-07-15 20:09:00,5,第48回デイリースポーツ杯,6,4424,松尾 昂明,2,41,52,0,0,0.16,5.7,38.66,54.62,6.65,52.94,64.71,20.39,34.95,30.41,53.38
2026-07-15,1,12,2026-07-15 20:38:00,5,第48回デイリースポーツ杯,1,4734,安河内 将,1,36,51,0,0,0.14,6.71,52.54,71.19,0,0,0,43.94,56.82,32.87,50.35
2026-07-15,1,12,2026-07-15 20:38:00,5,第48回デイリースポーツ杯,2,3811,石田 章央,1,50,52.8,0,0,0.16,6.44,50.81,65.32,6.16,44,68,33.09,52.21,32.64,48.61
2026-07-15,1,12,2026-07-15 20:38:00,5,第48回デイリースポーツ杯,3,4389,伊藤 喜智,2,40,52,0,0,0.18,5.72,32.56,63.95,5.23,25.71,65.71,39.37,60.63,29.79,47.52
2026-07-15,1,12,2026-07-15 20:38:00,5,第48回デイリースポーツ杯,4,4778,堤 啓輔,3,40,50.5,0,0,0.16,5.28,32.43,52.7,5,29.17,54.17,32.17,52.45,42.36,61.81
2026-07-15,1,12,2026-07-15 20:38:00,5,第48回デイリースポーツ杯,5,4711,前出 達吉,2,36,51.5,0,0,0.16,6.23,44.09,68.82,5.63,37.5,62.5,30.34,48.28,37.58,59.73
2026-07-15,1,12,2026-07-15 20:38:00,5,第48回デイリースポーツ杯,6,4846,佐藤 駿介,3,32,52,0,0,0.17,4.48,25,42.05,4.31,18.75,37.5,42.16,56.86,33.33,47.22
2026-07-15,3,1,2026-07-15 11:14:00,5,第26回関東日刊紙ボートレース記者クラブ杯,1,4211,村田 敦,3,43,57.3,0,0,0.15,3.86,17.2,35.48,4.52,22.67,45.33,32.26,45.16,36.36,57.58
2026-07-15,3,1,2026-07-15 11:14:00,5,第26回関東日刊紙ボートレース記者クラブ杯,2,3790,佐口 達也,3,54,53.3,0,0,0.2,4.61,25,41.67,4.75,26.76,36.62,48.48,63.64,23.08,34.62
2026-07-15,3,1,2026-07-15 11:14:00,5,第26回関東日刊紙ボートレース記者クラブ杯,3,4197,渥美 卓郎,3,44,55.5,0,0,0.19,3.78,18.6,27.91,3.31,9.09,25.45,33.33,44.44,25,56.25
2026-07-15,3,1,2026-07-15 11:14:00,5,第26回関東日刊紙ボートレース記者クラブ杯,4,5411,木下 虎之輔,4,20,55.7,0,0,0.19,1.98,1.54,4.62,1.65,0,0,25,37.5,37.5,53.13
2026-07-15,3,1,2026-07-15 11:14:00,5,第26回関東日刊紙ボートレース記者クラブ杯,5,4563,齋藤 真之,3,38,53.7,0,0,0.16,3.8,20,30,3.95,15.91,31.82,30.3,51.52,36.36,51.52
2026-07-15,3,1,2026-07-15 11:14:00,5,第26回関東日刊紙ボートレース記者クラブ杯,6,5394,福西 広太郎,3,24,52,0,0,0.18,2.78,3.41,18.18,1.82,0,5.88,43.75,56.25,36.11,44.44
2026-07-15,3,2,2026-07-15 11:47:00,5,第26回関東日刊紙ボートレース記者クラブ杯,1,5170,佐藤 太亮,3,25,51,0,0,0.15,5.06,27.16,53.09,4.29,29.41,41.18,50,65.63,31.03,51.72
2026-07-15,3,2,2026-07-15 11:47:00,5,第26回関東日刊紙ボートレース記者クラブ杯,2,5186,遠藤 圭吾,3,26,52.6,0,0,0.19,4.65,29.58,42.25,4.4,20,40,44.12,61.76,24.14,41.38
2026-07-15,3,2,2026-07-15 11:47:00,5,第26回関東日刊紙ボートレース記者クラブ杯,3,5049,松井 友汰,2,31,53.2,1,0,0.19,5.98,43.55,61.29,6.23,38.71,64.52,25.93,62.96,56.76,70.27
2026-07-15,3,2,2026-07-15 11:47:00,5,第26回関東日刊紙ボートレース記者クラブ杯,4,4879,山崎 鉄平,3,31,52,0,0,0.17,4.84,30.67,48,4.78,24.32,35.14,35.29,58.82,41.94,58.06
2026-07-15,3,2,2026-07-15 11:47:00,5,第26回関東日刊紙ボートレース記者クラブ杯,5,4740,齋藤 達希,3,34,52.7,0,0,0.17,4.6,23.81,44.05,0,0,0,37.93,51.72,32.14,60.71
2026-07-15,3,2,2026-07-15 11:47:00,5,第26回関東日刊紙ボートレース記者クラブ杯,6,5427,港 理樹,3,24,52.3,0,0,0.22,2.75,1.25,13.75,3.11,11.11,22.22,53.13,78.13,24.14,31.03
2026-07-15,3,3,2026-07-15 12:23:00,5,第26回関東日刊紙ボートレース記者クラブ杯,1,5169,堀本 翔太,4,25,48.5,0,0,0.19,3.69,11.54,26.92,5.07,28.57,42.86,20.69,37.93,20,43.33
2026-07-15,3,3,2026-07-15 12:23:00,5,第26回関東日刊紙ボートレース記者クラブ杯,2,4277,金田 大輔,3,43,51.5,0,0,0.16,4.74,30,42.86,5.49,45.71,51.43,48.28,62.07,34.29,57.14
2026-07-15,3,3,2026-07-15 12:23:00,5,第26回関東日刊紙ボートレース記者クラブ杯,3,5315,浅井 翼,4,25,52.4,0,0,0.21,2.25,6.94,11.11,2.49,8.45,15.49,40.63,53.13,41.67,63.89
2026-07-15,3,3,2026-07-15 12:23:00,5,第26回関東日刊紙ボートレース記者クラブ杯,4,5031,渡辺 空依,3,28,52,0,0,0.18,4.61,25.32,43.04,4.06,18.75,37.5,29.41,38.24,41.18,61.76
2026-07-15,3,3,2026-07-15 12:23:00,5,第26回関東日刊紙ボートレース記者クラブ杯,5,4460,後藤 翔之,2,40,56,0,0,0.14,5.92,40.22,61.96,0,0,0,30,40,42.86,54.29
2026-07-15,3,3,2026-07-15 12:23:00,5,第26回関東日刊紙ボートレース記者クラブ杯,6,4769,馬場 剛,1,34,52.4,0,0,0.12,6.78,48.67,69.03,6.63,50.52,62.89,47.06,64.71,24.24,42.42
2026-07-15,3,4,2026-07-15 12:48:00,5,第26回関東日刊紙ボートレース記者クラブ杯,1,4089,妹尾 忠幸,2,45,54.7,0,0,0.16,6.04,39.22,62.75,6.43,43.48,65.22,23.53,38.24,41.18,50
2026-07-15,3,4,2026-07-15 12:48:00,5,第26回関東日刊紙ボートレース記者クラブ杯,2,4420,津久井 拓也,2,38,52.7,0,0,0.16,5.78,35.83,55.83,5.7,34.92,50.79,48.28,72.41,43.75,56.25
2026-07-15,3,4,2026-07-15 12:48:00,5,第26回関東日刊紙ボートレース記者クラブ杯,3,4176,樋口 喜彦,4,43,54,0,0,0.18,3.16,12.5,21.88,5,30,60,20.59,35.29,38.24,47.06
2026-07-15,3,4,2026-07-15 12:48:00,5,第26回関東日刊紙ボートレース記者クラブ杯,4,4752,西尾 亮輔,3,38,52.1,0,0,0.18,4.23,21.69,34.94,4.36,18.64,40.68,41.38,51.72,35.29,52.94
2026-07-15,3,4,2026-07-15 12:48:00,5,第26回関東日刊紙ボートレース記者クラブ杯,5,5177,松井 貫太,3,30,51.5,0,0,0.2,4.28,17.24,39.66,4.57,18.92,40.54,32.26,51.61,17.24,27.59
2026-07-15,3,4,2026-07-15 12:48:00,5,第26回関東日刊紙ボートレース記者クラブ杯,6,5369,岡崎 凪汰,3,24,52.3,0,0,0.17,3.26,12.86,21.43,0,0,0,38.71,58.06,28.13,50
2026-07-15,3,5,2026-07-15 13:18:00,5,第26回関東日刊紙ボートレース記者クラブ杯,1,4054,福嶋 智之,3,48,52.9,0,0,0.16,4.59,29.07,41.86,0,0,0,37.14,60,19.44,50
2026-07-15,3,5,2026-07-15 13:18:00,5,第26回関東日刊紙ボートレース記者クラブ杯,2,3313,本吉 正樹,3,60,54.1,0,0,0.18,4.31,24.42,33.72,4.94,28,48,33.33,45.45,44.44,62.96
2026-07-15,3,5,2026-07-15 13:18:00,5,第26回関東日刊紙ボートレース記者クラブ杯,3,3319,山崎 義明,2,59,52.2,0,0,0.16,5.48,38,59,6.63,46.88,71.88,30.3,42.42,37.5,53.13
2026-07-15,3,5,2026-07-15 13:18:00,5,第26回関東日刊紙ボートレース記者クラブ杯,4,5394,福西 広太郎,3,24,52,0,0,0.18,2.78,3.41,18.18,1.82,0,5.88,43.75,56.25,36.11,44.44
2026-07-15,3,5,2026-07-15 13:18:00,5,第26回関東日刊紙ボートレース記者クラブ杯,5,3202,三品 隆浩,3,61,52.6,0,0,0.2,4.2,23.86,31.82,5.52,38.58,54.33,30.3,39.39,34.38,50
2026-07-15,3,5,2026-07-15 13:18:00,5,第26回関東日刊紙ボートレース記者クラブ杯,6,4352,下條 雄太郎,1,40,52,0,0,0.15,6.09,39.62,50.94,6.24,44,72,42.86,54.29,34.38,43.75
2026-07-15,3,6,2026-07-15 13:43:00,5,第26回関東日刊紙ボートレース記者クラブ杯,1,5273,山下 拓巳,3,24,52,0,0,0.17,3.75,16.49,29.9,2.96,11.11,18.52,25,46.43,41.67,58.33
2026-07-15,3,6,2026-07-15 13:43:00,5,第26回関東日刊紙ボートレース記者クラブ杯,2,5026,安河内 健,1,30,55.6,0,0,0.16,6.13,45.65,63.04,6,44.44,55.56,45.16,67.74,40,62.86
2026-07-15,3,6,2026-07-15 13:43:00,5,第26回関東日刊紙ボートレース記者クラブ杯,3,4740,齋藤 達希,3,34,52.7,0,0,0.17,4.6,23.81,44.05,0,0,0,37.93,51.72,32.14,60.71
2026-07-15,3,6,2026-07-15 13:43:00,5,第26回関東日刊紙ボートレース記者クラブ杯,4,5082,一色 凌雅,3,27,56.6,0,0,0.18,5.18,32.67,53.47,5.07,28.57,50,48.57,68.57,45.71,60
2026-07-15,3,6,2026-07-15 13:43:00,5,第26回関東日刊紙ボートレース記者クラブ杯,5,3790,佐口 達也,3,54,53.3,0,0,0.2,4.61,25,41.67,4.75,26.76,36.62,48.48,63.64,23.08,34.62
2026-07-15,3,6,2026-07-15 13:43:00,5,第26回関東日刊紙ボートレース記者クラブ杯,6,4305,金子 拓矢,1,42,52.9,0,0,0.15,7.04,52.44,71.95,0,0,0,13.33,30,31.43,45.71
2026-07-15,3,7,2026-07-15 14:08:00,5,第26回関東日刊紙ボートレース記者クラブ杯,1,4122,安東 幸治,2,44,55.2,0,0,0.17,5.56,35.54,55.37,5.77,45.71,60,24.24,42.42,29.73,40.54
2026-07-15,3,7,2026-07-15 14:08:00,5,第26回関東日刊紙ボートレース記者クラブ杯,2,4562,阪本 勇介,3,38,54.3,0,0,0.19,4.91,25.51,44.9,0,0,0,42.86,62.86,24.32,40.54
2026-07-15,3,7,2026-07-15 14:08:00,5,第26回関東日刊紙ボートレース記者クラブ杯,3,5170,佐藤 太亮,3,25,51,0,0,0.15,5.06,27.16,53.09,4.29,29.41,41.18,50,65.63,31.03,51.72
2026-07-15,3,7,2026-07-15 14:08:00,5,第26回関東日刊紙ボートレース記者クラブ杯,4,5433,米本 圭佑,4,21,51,0,0,0.24,1.86,1.59,4.76,2.8,0,20,40,48.57,20.59,38.24
2026-07-15,3,7,2026-07-15 14:08:00,5,第26回関東日刊紙ボートレース記者クラブ杯,5,4787,椎名 豊,1,37,52.6,0,0,0.14,7.56,67.29,78.5,8.1,70,80,25.93,44.44,27.27,45.45
2026-07-15,3,7,2026-07-15 14:08:00,5,第26回関東日刊紙ボートレース記者クラブ杯,6,5411,木下 虎之輔,4,20,55.7,0,0,0.19,1.98,1.54,4.62,1.65,0,0,25,37.5,37.5,53.13
2026-07-15,3,8,2026-07-15 14:33:00,5,第26回関東日刊紙ボートレース記者クラブ杯,1,5109,川崎 智稔,3,26,52.1,0,0,0.15,5.05,29.73,50.45,4.86,35.71,35.71,29.03,38.71,53.13,62.5
2026-07-15,3,8,2026-07-15 14:33:00,5,第26回関東日刊紙ボートレース記者クラブ杯,2,3647,伊藤 雄二,3,53,51,0,0,0.18,3.09,8.7,21.74,4.55,21.28,44.68,52.63,60.53,40.63,59.38
2026-07-15,3,8,2026-07-15 14:33:00,5,第26回関東日刊紙ボートレース記者クラブ杯,3,4064,原田 篤志,1,46,52,0,0,0.17,6.48,46.36,68.18,6.95,53.85,74.36,39.39,57.58,30.3,39.39
2026-07-15,3,8,2026-07-15 14:33:00,5,第26回関東日刊紙ボートレース記者クラブ杯,4,5427,港 理樹,3,24,52.3,0,0,0.22,2.75,1.25,13.75,3.11,11.11,22.22,53.13,78.13,24.14,31.03
2026-07-15,3,8,2026-07-15 14:33:00,5,第26回関東日刊紙ボートレース記者クラブ杯,5,4197,渥美 卓郎,3,44,55.5,0,0,0.19,3.78,18.6,27.91,3.31,9.09,25.45,33.33,44.44,25,56.25
2026-07-15,3,8,2026-07-15 14:33:00,5,第26回関東日刊紙ボートレース記者クラブ杯,6,5315,浅井 翼,4,25,52.4,0,0,0.21,2.25,6.94,11.11,2.49,8.45,15.49,40.63,53.13,41.67,63.89
2026-07-15,3,9,2026-07-15 14:58:00,5,第26回関東日刊紙ボートレース記者クラブ杯,1,5049,松井 友汰,2,31,53.2,1,0,0.19,5.98,43.55,61.29,6.23,38.71,64.52,25.93,62.96,56.76,70.27
2026-07-15,3,9,2026-07-15 14:58:00,5,第26回関東日刊紙ボートレース記者クラブ杯,2,5177,松井 貫太,3,30,51.5,0,0,0.2,4.28,17.24,39.66,4.57,18.92,40.54,32.26,51.61,17.24,27.59
2026-07-15,3,9,2026-07-15 14:58:00,5,第26回関東日刊紙ボートレース記者クラブ杯,3,4563,齋藤 真之,3,38,53.7,0,0,0.16,3.8,20,30,3.95,15.91,31.82,30.3,51.52,36.36,51.52
2026-07-15,3,9,2026-07-15 14:58:00,5,第26回関東日刊紙ボートレース記者クラブ杯,4,3888,山本 英志,2,51,51,0,0,0.14,6.17,44,61.6,5.88,34.74,56.84,41.94,48.39,31.43,57.14
2026-07-15,3,9,2026-07-15 14:58:00,5,第26回関東日刊紙ボートレース記者クラブ杯,5,3313,本吉 正樹,3,60,54.1,0,0,0.18,4.31,24.42,33.72,4.94,28,48,33.33,45.45,44.44,62.96
2026-07-15,3,9,2026-07-15 14:58:00,5,第26回関東日刊紙ボートレース記者クラブ杯,6,5349,宮崎 奏磨,4,22,52.7,1,0,0.19,1.28,0,0,1.1,0,0,38.24,61.76,23.08,38.46
2026-07-15,3,10,2026-07-15 15:23:00,5,第26回関東日刊紙ボートレース記者クラブ杯,1,4305,金子 拓矢,1,42,52.9,0,0,0.15,7.04,52.44,71.95,0,0,0,13.33,30,31.43,45.71
2026-07-15,3,10,2026-07-15 15:23:00,5,第26回関東日刊紙ボートレース記者クラブ杯,2,5133,堀越 雄貴,3,26,52.3,1,0,0.22,5.92,36.9,60.71,5.19,34.62,48.08,28.57,45.71,46.43,64.29
2026-07-15,3,10,2026-07-15 15:23:00,5,第26回関東日刊紙ボートレース記者クラブ杯,3,5369,岡崎 凪汰,3,24,52.3,0,0,0.17,3.26,12.86,21.43,0,0,0,38.71,58.06,28.13,50
2026-07-15,3,10,2026-07-15 15:23:00,5,第26回関東日刊紙ボートレース記者クラブ杯,4,4277,金田 大輔,3,43,51.5,0,0,0.16,4.74,30,42.86,5.49,45.71,51.43,48.28,62.07,34.29,57.14
2026-07-15,3,10,2026-07-15 15:23:00,5,第26回関東日刊紙ボートレース記者クラブ杯,5,5186,遠藤 圭吾,3,26,52.6,0,0,0.19,4.65,29.58,42.25,4.4,20,40,44.12,61.76,24.14,41.38
2026-07-15,3,10,2026-07-15 15:23:00,5,第26回関東日刊紙ボートレース記者クラブ杯,6,5345,牧村 俊輝,3,23,52.9,0,0,0.2,3.32,8.91,19.8,2.12,1.75,3.51,31.25,59.38,36.36,54.55
2026-07-15,3,11,2026-07-15 15:53:00,5,第26回関東日刊紙ボートレース記者クラブ杯,1,4769,馬場 剛,1,34,52.4,0,0,0.12,6.78,48.67,69.03,6.63,50.52,62.89,47.06,64.71,24.24,42.42
2026-07-15,3,11,2026-07-15 15:53:00,5,第26回関東日刊紙ボートレース記者クラブ杯,2,4787,椎名 豊,1,37,52.6,0,0,0.14,7.56,67.29,78.5,8.1,70,80,25.93,44.44,27.27,45.45
2026-07-15,3,11,2026-07-15 15:53:00,5,第26回関東日刊紙ボートレース記者クラブ杯,3,4879,山崎 鉄平,3,31,52,0,0,0.17,4.84,30.67,48,4.78,24.32,35.14,35.29,58.82,41.94,58.06
2026-07-15,3,11,2026-07-15 15:53:00,5,第26回関東日刊紙ボートレース記者クラブ杯,4,3319,山崎 義明,2,59,52.2,0,0,0.16,5.48,38,59,6.63,46.88,71.88,30.3,42.42,37.5,53.13
2026-07-15,3,11,2026-07-15 15:53:00,5,第26回関東日刊紙ボートレース記者クラブ杯,5,5026,安河内 健,1,30,55.6,0,0,0.16,6.13,45.65,63.04,6,44.44,55.56,45.16,67.74,40,62.86
2026-07-15,3,11,2026-07-15 15:53:00,5,第26回関東日刊紙ボートレース記者クラブ杯,6,4089,妹尾 忠幸,2,45,54.7,0,0,0.16,6.04,39.22,62.75,6.43,43.48,65.22,23.53,38.24,41.18,50
2026-07-15,3,12,2026-07-15 16:25:00,5,第26回関東日刊紙ボートレース記者クラブ杯,1,4352,下條 雄太郎,1,40,52,0,0,0.15,6.09,39.62,50.94,6.24,44,72,42.86,54.29,34.38,43.75
2026-07-15,3,12,2026-07-15 16:25:00,5,第26回関東日刊紙ボートレース記者クラブ杯,2,4460,後藤 翔之,2,40,56,0,0,0.14,5.92,40.22,61.96,0,0,0,30,40,42.86,54.29
2026-07-15,3,12,2026-07-15 16:25:00,5,第26回関東日刊紙ボートレース記者クラブ杯,3,5082,一色 凌雅,3,27,56.6,0,0,0.18,5.18,32.67,53.47,5.07,28.57,50,48.57,68.57,45.71,60
2026-07-15,3,12,2026-07-15 16:25:00,5,第26回関東日刊紙ボートレース記者クラブ杯,4,4064,原田 篤志,1,46,52,0,0,0.17,6.48,46.36,68.18,6.95,53.85,74.36,39.39,57.58,30.3,39.39
2026-07-15,3,12,2026-07-15 16:25:00,5,第26回関東日刊紙ボートレース記者クラブ杯,5,4420,津久井 拓也,2,38,52.7,0,0,0.16,5.78,35.83,55.83,5.7,34.92,50.79,48.28,72.41,43.75,56.25
2026-07-15,3,12,2026-07-15 16:25:00,5,第26回関東日刊紙ボートレース記者クラブ杯,6,4122,安東 幸治,2,44,55.2,0,0,0.17,5.56,35.54,55.37,5.77,45.71,60,24.24,42.42,29.73,40.54
2026-07-15,5,1,2026-07-15 11:35:00,5,BOATRACE振興会会長賞,1,3891,谷口 健一,3,50,53.8,0,0,0.18,3.54,14.74,24.21,2.86,7.14,14.29,48.98,67.35,35,58.33
2026-07-15,5,1,2026-07-15 11:35:00,5,BOATRACE振興会会長賞,2,5140,吉田 彩乃,3,25,46.5,0,0,0.18,5,27.78,48.61,4.6,20,50,22.81,36.84,36.84,59.65
2026-07-15,5,1,2026-07-15 11:35:00,5,BOATRACE振興会会長賞,3,5201,村上 宗太郎,4,23,52.1,0,0,0.21,5.24,36.73,48.98,4.94,35.19,42.59,20.75,33.96,32.08,47.17
2026-07-15,5,1,2026-07-15 11:35:00,5,BOATRACE振興会会長賞,4,5178,成貞 琳平,3,30,53.8,0,0,0.19,4.12,18.81,34.65,3.1,8.16,20.41,28,44,34.48,56.9
2026-07-15,5,1,2026-07-15 11:35:00,5,BOATRACE振興会会長賞,5,3812,山崎 聖司,3,50,51.5,0,0,0.18,4,12.31,36.92,4.14,16.95,40.68,40.82,53.06,32.73,40
2026-07-15,5,1,2026-07-15 11:35:00,5,BOATRACE振興会会長賞,6,3746,岡瀬 正人,2,51,51.5,0,0,0.18,5.64,36.07,55.74,5.67,33.33,66.67,38.46,61.54,35.14,43.24
2026-07-15,5,2,2026-07-15 12:04:00,5,BOATRACE振興会会長賞,1,4651,佐藤 大騎,3,41,52,0,0,0.18,3.72,13.16,25,5.1,25.64,46.15,15.69,31.37,30,46.67
2026-07-15,5,2,2026-07-15 12:04:00,5,BOATRACE振興会会長賞,2,4660,宇田川 信一,3,35,52,0,0,0.19,4.22,23.29,36.99,3.63,12.5,20.83,18.18,36.36,25,36.67
2026-07-15,5,2,2026-07-15 12:04:00,5,BOATRACE振興会会長賞,3,4781,西舘 果里,4,39,50.6,1,0,0.18,4.3,29.63,33.33,3.67,8.33,27.78,40,56,40.68,61.02
2026-07-15,5,2,2026-07-15 12:04:00,5,BOATRACE振興会会長賞,4,4514,上條 嘉嗣,1,36,52.2,0,0,0.19,6.88,58.14,72.87,6.75,62.5,68.75,32.73,52.73,30.36,42.86
2026-07-15,5,2,2026-07-15 12:04:00,5,BOATRACE振興会会長賞,5,4886,入海 馨,2,30,52,0,0,0.14,6.02,34.41,56.99,6.3,40,80,33.93,51.79,28.95,50
2026-07-15,5,2,2026-07-15 12:04:00,5,BOATRACE振興会会長賞,6,5061,中村 駿平,3,29,52.5,1,0,0.18,2.99,8.96,19.4,4.19,23.81,42.86,31.48,53.7,43.1,60.34
2026-07-15,5,3,2026-07-15 12:34:00,5,BOATRACE振興会会長賞,1,4905,土井 祥伍,3,31,53.5,0,0,0.21,4.57,22.67,38.67,3.96,29.63,33.33,36.73,53.06,37.74,52.83
2026-07-15,5,3,2026-07-15 12:34:00,5,BOATRACE振興会会長賞,2,4415,下出 卓矢,1,39,55.2,0,0,0.14,6.03,46.81,55.32,7.26,48.15,81.48,31.58,43.86,43.59,66.67
2026-07-15,5,3,2026-07-15 12:34:00,5,BOATRACE振興会会長賞,3,3455,谷本 幸司,3,55,52,0,0,0.17,4.99,31.48,48.15,5.43,33.33,38.1,26.79,37.5,28.81,45.76
2026-07-15,5,3,2026-07-15 12:34:00,5,BOATRACE振興会会長賞,4,4428,有賀 達也,2,40,52,0,0,0.14,6.08,42.71,55.21,5.98,42.5,52.5,33.96,50.94,38.6,54.39
2026-07-15,5,3,2026-07-15 12:34:00,5,BOATRACE振興会会長賞,5,5044,渡邉 健,3,27,57.6,0,0,0.14,4.35,24.64,40.58,5.41,37.7,52.46,17.31,36.54,36.84,52.63
2026-07-15,5,3,2026-07-15 12:34:00,5,BOATRACE振興会会長賞,6,4854,大橋 由珠,4,31,44.5,1,0,0.18,3.88,17.65,31.37,5,25,37.5,39.66,63.79,34.92,49.21
2026-07-15,5,4,2026-07-15 13:03:00,5,BOATRACE振興会会長賞,1,5179,藤本 元輝,3,29,52.3,0,0,0.2,3.97,21.05,39.47,3.58,15.38,30.77,35.09,56.14,28.57,50
2026-07-15,5,4,2026-07-15 13:03:00,5,BOATRACE振興会会長賞,2,4380,鈴木 峻佑,3,41,52.9,0,0,0.17,4.88,29.55,39.77,4.49,25.71,31.43,26.42,43.4,25.42,45.76
2026-07-15,5,4,2026-07-15 13:03:00,5,BOATRACE振興会会長賞,3,4746,大豆生田 蒼,3,31,46,0,0,0.2,5.58,33.8,54.93,5.86,42.86,52.38,25.93,42.59,35.29,55.88
2026-07-15,5,4,2026-07-15 13:03:00,5,BOATRACE振興会会長賞,4,4405,南野 利騰,3,41,52,0,0,0.16,4.53,18.6,39.53,2.69,0,15.38,40.68,52.54,37.7,52.46
2026-07-15,5,4,2026-07-15 13:03:00,5,BOATRACE振興会会長賞,5,4743,木村 仁紀,1,33,52.6,0,0,0.14,6.18,36.92,59.23,6.95,57.89,81.58,26.53,40.82,33.9,47.46
2026-07-15,5,4,2026-07-15 13:03:00,5,BOATRACE振興会会長賞,6,4850,野中 一平,2,31,52.2,0,0,0.11,5.98,36.89,53.28,6.26,48.39,61.29,40,60,33.33,56.67
2026-07-15,5,5,2026-07-15 13:36:00,5,BOATRACE振興会会長賞,1,3822,平尾 崇典,1,53,49.5,0,0,0.15,6.24,43.16,57.89,5.78,32.61,50,29.09,47.27,30.36,39.29
2026-07-15,5,5,2026-07-15 13:36:00,5,BOATRACE振興会会長賞,2,4837,酒井 陽祐,3,37,51,0,0,0.16,4.77,31.17,48.05,3.94,29.41,35.29,41.38,56.9,21.43,42.86
2026-07-15,5,5,2026-07-15 13:36:00,5,BOATRACE振興会会長賞,3,4977,馬野 耀,2,32,52.7,0,0,0.16,6.08,38.16,64.47,6.17,50,50,32.14,55.36,43.64,56.36
2026-07-15,5,5,2026-07-15 13:36:00,5,BOATRACE振興会会長賞,4,3891,谷口 健一,3,50,53.8,0,0,0.18,3.54,14.74,24.21,2.86,7.14,14.29,48.98,67.35,35,58.33
2026-07-15,5,5,2026-07-15 13:36:00,5,BOATRACE振興会会長賞,5,5096,上原 崚,2,31,52,0,0,0.16,6.05,34.69,59.18,6.02,45.13,58.41,33.33,52.08,38.89,57.41
2026-07-15,5,5,2026-07-15 13:36:00,5,BOATRACE振興会会長賞,6,5185,加藤 優弥,3,26,52,1,0,0.13,5.1,32.56,48.84,5.58,31.58,60.53,23.21,41.07,27.78,50
2026-07-15,5,6,2026-07-15 14:04:00,5,BOATRACE振興会会長賞,1,4836,大谷 健太,3,37,52,0,0,0.17,5.19,29.33,52,4.89,26.67,42.22,28.07,45.61,44.64,62.5
2026-07-15,5,6,2026-07-15 14:04:00,5,BOATRACE振興会会長賞,2,4039,村上 功祐,3,47,55.5,0,0,0.15,5.44,40,54.55,4.91,31.11,46.67,28.3,47.17,53.57,67.86
2026-07-15,5,6,2026-07-15 14:04:00,5,BOATRACE振興会会長賞,3,4191,赤羽 克也,1,44,52,0,0,0.16,6.27,49.48,63.92,6.34,48.78,70.73,39.22,68.63,33.9,42.37
2026-07-15,5,6,2026-07-15 14:04:00,5,BOATRACE振興会会長賞,4,5061,中村 駿平,3,29,52.5,1,0,0.18,2.99,8.96,19.4,4.19,23.81,42.86,31.48,53.7,43.1,60.34
2026-07-15,5,6,2026-07-15 14:04:00,5,BOATRACE振興会会長賞,5,5140,吉田 彩乃,3,25,46.5,0,0,0.18,5,27.78,48.61,4.6,20,50,22.81,36.84,36.84,59.65
2026-07-15,5,6,2026-07-15 14:04:00,5,BOATRACE振興会会長賞,6,5126,山下 大輝,1,29,52,0,0,0.15,6.83,51.85,70.37,6.2,45,55,33.33,40.74,39.66,62.07
2026-07-15,5,7,2026-07-15 14:35:00,5,BOATRACE振興会会長賞,1,4175,川尻 泰輔,2,43,56.5,0,0,0.14,5.77,45.12,57.32,5.87,42.86,60.32,35.19,50,42.37,61.02
2026-07-15,5,7,2026-07-15 14:35:00,5,BOATRACE振興会会長賞,2,3812,山崎 聖司,3,50,51.5,0,0,0.18,4,12.31,36.92,4.14,16.95,40.68,40.82,53.06,32.73,40
2026-07-15,5,7,2026-07-15 14:35:00,5,BOATRACE振興会会長賞,3,4901,出口 舞有子,3,33,46,0,0,0.17,5.36,27.87,57.38,4.94,27.78,44.44,39.06,60.94,31.03,51.72
2026-07-15,5,7,2026-07-15 14:35:00,5,BOATRACE振興会会長賞,4,4137,君島 秀三,1,45,52,0,0,0.14,6.61,48,68.8,6.4,48,68,39.62,52.83,22.22,53.7
2026-07-15,5,7,2026-07-15 14:35:00,5,BOATRACE振興会会長賞,5,4651,佐藤 大騎,3,41,52,0,0,0.18,3.72,13.16,25,5.1,25.64,46.15,15.69,31.37,30,46.67
2026-07-15,5,7,2026-07-15 14:35:00,5,BOATRACE振興会会長賞,6,4660,宇田川 信一,3,35,52,0,0,0.19,4.22,23.29,36.99,3.63,12.5,20.83,18.18,36.36,25,36.67
2026-07-15,5,8,2026-07-15 15:07:00,5,BOATRACE振興会会長賞,1,4809,外崎 悟,1,37,52,0,0,0.16,5.71,32.5,52.5,5.6,45,50,26.42,45.28,37.29,50.85
2026-07-15,5,8,2026-07-15 15:07:00,5,BOATRACE振興会会長賞,2,4422,永井 亮次,3,37,52.5,0,0,0.18,4.16,23.38,36.36,4.92,31.58,52.63,35.19,48.15,37.7,54.1
2026-07-15,5,8,2026-07-15 15:07:00,5,BOATRACE振興会会長賞,3,4533,峰重 侑治,3,37,50,0,0,0.18,4.34,16,40,5.18,29.41,41.18,40.35,59.65,44.07,54.24
2026-07-15,5,8,2026-07-15 15:07:00,5,BOATRACE振興会会長賞,4,4761,山田 晃大,2,36,52.3,0,0,0.14,5.65,31.36,52.54,0,0,0,33.33,49.12,30.51,50.85
2026-07-15,5,8,2026-07-15 15:07:00,5,BOATRACE振興会会長賞,5,4891,寺島 美里,3,36,46.5,0,0,0.16,4.99,25.71,41.43,5.17,33.73,48.19,32.14,50,32.76,43.1
2026-07-15,5,8,2026-07-15 15:07:00,5,BOATRACE振興会会長賞,6,5178,成貞 琳平,3,30,53.8,0,0,0.19,4.12,18.81,34.65,3.1,8.16,20.41,28,44,34.48,56.9
2026-07-15,5,9,2026-07-15 15:42:00,5,BOATRACE振興会会長賞,1,4793,金子 萌,2,36,52,0,0,0.14,6.71,50.43,70.09,5.26,42.11,52.63,31.91,42.55,23.64,34.55
2026-07-15,5,9,2026-07-15 15:42:00,5,BOATRACE振興会会長賞,2,5044,渡邉 健,3,27,57.6,0,0,0.14,4.35,24.64,40.58,5.41,37.7,52.46,17.31,36.54,36.84,52.63
2026-07-15,5,9,2026-07-15 15:42:00,5,BOATRACE振興会会長賞,3,4819,蜂須 瑞生,2,35,46,1,0,0.17,5.07,29.29,47.47,6.9,55.17,72.41,23.21,35.71,21.05,40.35
2026-07-15,5,9,2026-07-15 15:42:00,5,BOATRACE振興会会長賞,4,4905,土井 祥伍,3,31,53.5,0,0,0.21,4.57,22.67,38.67,3.96,29.63,33.33,36.73,53.06,37.74,52.83
2026-07-15,5,9,2026-07-15 15:42:00,5,BOATRACE振興会会長賞,5,4837,酒井 陽祐,3,37,51,0,0,0.16,4.77,31.17,48.05,3.94,29.41,35.29,41.38,56.9,21.43,42.86
2026-07-15,5,9,2026-07-15 15:42:00,5,BOATRACE振興会会長賞,6,4405,南野 利騰,3,41,52,0,0,0.16,4.53,18.6,39.53,2.69,0,15.38,40.68,52.54,37.7,52.46
2026-07-15,5,10,2026-07-15 16:12:00,5,BOATRACE振興会会長賞,1,4850,野中 一平,2,31,52.2,0,0,0.11,5.98,36.89,53.28,6.26,48.39,61.29,40,60,33.33,56.67
2026-07-15,5,10,2026-07-15 16:12:00,5,BOATRACE振興会会長賞,2,5096,上原 崚,2,31,52,0,0,0.16,6.05,34.69,59.18,6.02,45.13,58.41,33.33,52.08,40.32,50
2026-07-15,5,10,2026-07-15 16:12:00,5,BOATRACE振興会会長賞,3,4514,上條 嘉嗣,1,36,52.2,0,0,0.19,6.88,58.14,72.87,6.75,62.5,68.75,32.73,52.73,30.36,42.86
2026-07-15,5,10,2026-07-15 16:12:00,5,BOATRACE振興会会長賞,4,4191,赤羽 克也,1,44,52,0,0,0.16,6.27,49.48,63.92,6.34,48.78,70.73,39.22,68.63,33.9,42.37
2026-07-15,5,10,2026-07-15 16:12:00,5,BOATRACE振興会会長賞,5,4415,下出 卓矢,1,39,55.2,0,0,0.14,6.03,46.81,55.32,7.26,48.15,81.48,31.58,43.86,43.59,66.67
2026-07-15,5,10,2026-07-15 16:12:00,5,BOATRACE振興会会長賞,6,4836,大谷 健太,3,37,52,0,0,0.17,5.19,29.33,52,4.89,26.67,42.22,28.07,45.61,44.64,62.5
2026-07-15,5,11,2026-07-15 16:48:00,5,BOATRACE振興会会長賞,1,3746,岡瀬 正人,2,51,51.5,0,0,0.18,5.64,36.07,55.74,5.67,33.33,66.67,38.46,61.54,35.14,43.24
2026-07-15,5,11,2026-07-15 16:48:00,5,BOATRACE振興会会長賞,2,4743,木村 仁紀,1,33,52.6,0,0,0.14,6.18,36.92,59.23,6.95,57.89,81.58,26.53,40.82,33.9,47.46
2026-07-15,5,11,2026-07-15 16:48:00,5,BOATRACE振興会会長賞,3,4137,君島 秀三,1,45,52,0,0,0.14,6.61,48,68.8,6.4,48,68,39.62,52.83,22.22,53.7
2026-07-15,5,11,2026-07-15 16:48:00,5,BOATRACE振興会会長賞,4,4977,馬野 耀,2,32,52.7,0,0,0.16,6.08,38.16,64.47,6.17,50,50,32.14,55.36,43.64,56.36
2026-07-15,5,11,2026-07-15 16:48:00,5,BOATRACE振興会会長賞,5,4039,村上 功祐,3,47,55.5,0,0,0.15,5.44,40,54.55,4.91,31.11,46.67,28.3,47.17,53.57,67.86
2026-07-15,5,11,2026-07-15 16:48:00,5,BOATRACE振興会会長賞,6,5179,藤本 元輝,3,29,52.3,0,0,0.2,3.97,21.05,39.47,3.58,15.38,30.77,35.09,56.14,28.57,50
2026-07-15,5,12,2026-07-15 17:20:00,5,BOATRACE振興会会長賞,1,5126,山下 大輝,1,29,52,0,0,0.15,6.83,51.85,70.37,6.2,45,55,33.33,40.74,39.66,62.07
2026-07-15,5,12,2026-07-15 17:20:00,5,BOATRACE振興会会長賞,2,4886,入海 馨,2,30,52,0,0,0.14,6.02,34.41,56.99,6.3,40,80,33.93,51.79,28.95,50
2026-07-15,5,12,2026-07-15 17:20:00,5,BOATRACE振興会会長賞,3,4428,有賀 達也,2,40,52,0,0,0.14,6.08,42.71,55.21,5.98,42.5,52.5,33.96,50.94,38.6,54.39
2026-07-15,5,12,2026-07-15 17:20:00,5,BOATRACE振興会会長賞,4,4901,出口 舞有子,3,33,46,0,0,0.17,5.36,27.87,57.38,4.94,27.78,44.44,39.06,60.94,31.03,51.72
2026-07-15,5,12,2026-07-15 17:20:00,5,BOATRACE振興会会長賞,5,4380,鈴木 峻佑,3,41,52.9,0,0,0.17,4.88,29.55,39.77,4.49,25.71,31.43,26.42,43.4,25.42,45.76
2026-07-15,5,12,2026-07-15 17:20:00,5,BOATRACE振興会会長賞,6,3822,平尾 崇典,1,53,49.5,0,0,0.15,6.24,43.16,57.89,5.78,32.61,50,29.09,47.27,30.36,39.29
2026-07-15,6,1,2026-07-15 11:33:00,5,男女W優勝戦 シーラック バリ勝男クン。カップ,1,4443,津田 裕絵,3,39,49.8,0,0,0.19,5.7,39.17,58.33,4.85,23.08,42.31,31.03,44.83,29.65,45.35
2026-07-15,6,1,2026-07-15 11:33:00,5,男女W優勝戦 シーラック バリ勝男クン。カップ,2,3994,小野 桜,3,47,46.5,0,0,0.18,4.92,26.44,47.13,5.5,31.82,54.55,29.63,50,34.86,53.14
2026-07-15,6,1,2026-07-15 11:33:00,5,男女W優勝戦 シーラック バリ勝男クン。カップ,3,5287,滝沢 織寧,3,26,47.2,1,0,0.16,3.5,11.76,25,2.24,0,5.88,39.68,53.97,24.18,45.75
2026-07-15,6,1,2026-07-15 11:33:00,5,男女W優勝戦 シーラック バリ勝男クン。カップ,4,4286,平田 さやか,2,42,47.6,0,0,0.15,6.08,43.31,62.2,5.03,25,44.44,40.35,68.42,35.63,50
2026-07-15,6,1,2026-07-15 11:33:00,5,男女W優勝戦 シーラック バリ勝男クン。カップ,5,4893,渡邉 真奈美,3,35,46.5,0,0,0.16,5.1,28.92,43.37,3.76,5.88,29.41,30.51,42.37,39.2,60.23
2026-07-15,6,1,2026-07-15 11:33:00,5,男女W優勝戦 シーラック バリ勝男クン。カップ,6,5291,三嶌 こころ,3,25,48.5,0,0,0.23,4.07,20.54,35.71,4.21,21.05,42.11,42.62,57.38,36.78,52.87
2026-07-15,6,2,2026-07-15 11:58:00,5,男女W優勝戦 シーラック バリ勝男クン。カップ,1,4796,春園 功太,1,34,52,0,0,0.15,6.46,51.38,67.89,6.55,48.48,75.76,30.51,44.07,34.48,50.57
2026-07-15,6,2,2026-07-15 11:58:00,5,男女W優勝戦 シーラック バリ勝男クン。カップ,2,3814,金子 貴志,3,50,51,0,0,0.2,5.04,27.96,48.39,5.13,40,46.67,35.09,50.88,31.82,43.75
2026-07-15,6,2,2026-07-15 11:58:00,5,男女W優勝戦 シーラック バリ勝男クン。カップ,3,4623,中北 将史,3,41,52.9,0,0,0.16,4.73,27.18,41.75,4.05,15,40,31.15,42.62,27.17,42.2
2026-07-15,6,2,2026-07-15 11:58:00,5,男女W優勝戦 シーラック バリ勝男クン。カップ,4,5378,鈴木 結平太,4,22,51,1,0,0.21,1.74,1.39,5.56,1.54,0,2.86,16.67,29.17,30.94,46.41
2026-07-15,6,2,2026-07-15 11:58:00,5,男女W優勝戦 シーラック バリ勝男クン。カップ,5,4146,柳橋 宏紀,2,44,52.9,0,0,0.14,5.48,30.69,56.44,7.3,60,80,41.67,53.33,28.39,40.65
2026-07-15,6,2,2026-07-15 11:58:00,5,男女W優勝戦 シーラック バリ勝男クン。カップ,6,3156,金子 良昭,3,61,53.8,0,0,0.17,4.52,25.61,41.46,5.13,35.58,47.12,50,68.33,30.86,45.14
2026-07-15,6,3,2026-07-15 12:26:00,5,男女W優勝戦 シーラック バリ勝男クン。カップ,1,4134,杉山 貴博,2,46,52.1,0,0,0.16,5.49,35.23,55.68,5.73,36.36,54.55,48.39,72.58,37.14,50.86
2026-07-15,6,3,2026-07-15 12:26:00,5,男女W優勝戦 シーラック バリ勝男クン。カップ,2,4649,和田 操拓,3,42,52,0,0,0.13,5.61,40.34,57.14,5.37,28.95,50,27.27,38.18,31.33,49.4
2026-07-15,6,3,2026-07-15 12:26:00,5,男女W優勝戦 シーラック バリ勝男クン。カップ,3,4209,藤田 竜弘,2,43,55.6,0,0,0.18,5.67,32.94,56.47,5.55,35.62,54.79,35.48,59.68,30.06,47.98
2026-07-15,6,3,2026-07-15 12:26:00,5,男女W優勝戦 シーラック バリ勝男クン。カップ,4,5354,渡邊 雄斗,3,21,51.5,0,0,0.19,3.94,19.12,33.82,1.67,0,0,23.73,35.59,37.78,60
2026-07-15,6,3,2026-07-15 12:26:00,5,男女W優勝戦 シーラック バリ勝男クン。カップ,5,4898,菊地 敬介,3,34,55,0,0,0.16,4.44,24.59,42.62,3.64,7.14,14.29,34.43,47.54,25.85,41.5
2026-07-15,6,3,2026-07-15 12:26:00,5,男女W優勝戦 シーラック バリ勝男クン。カップ,6,5130,上野 拓馬,3,28,52.6,0,0,0.18,4.76,18.81,44.55,4.53,31.58,47.37,48.39,66.13,30.3,47.27
2026-07-15,6,4,2026-07-15 12:52:00,5,男女W優勝戦 シーラック バリ勝男クン。カップ,1,5174,川井 萌,4,24,46.5,0,0,0.19,5.32,26.76,50.7,6.16,42.97,60.16,33.33,42.11,36.57,51.43
2026-07-15,6,4,2026-07-15 12:52:00,5,男女W優勝戦 シーラック バリ勝男クン。カップ,2,3518,倉田 郁美,3,58,48.4,0,0,0.19,4.47,24.68,41.56,4.57,24.07,40.74,31.48,53.7,37.57,52.6
2026-07-15,6,4,2026-07-15 12:52:00,5,男女W優勝戦 シーラック バリ勝男クン。カップ,3,5155,内山 七海,2,29,44.5,0,0,0.15,6.17,45.19,66.35,0,0,0,38.33,51.67,37.85,50.85
2026-07-15,6,4,2026-07-15 12:52:00,5,男女W優勝戦 シーラック バリ勝男クン。カップ,4,3474,松瀬 弘美,3,56,46,0,0,0.19,4.38,24.77,39.45,4.86,27.72,45.54,25.86,46.55,28.57,44.64
2026-07-15,6,4,2026-07-15 12:52:00,5,男女W優勝戦 シーラック バリ勝男クン。カップ,5,4400,加藤 奈月,3,37,54.2,0,0,0.18,4.17,16.88,33.77,3.56,11.11,22.22,52.54,64.41,28.4,44.97
2026-07-15,6,4,2026-07-15 12:52:00,5,男女W優勝戦 シーラック バリ勝男クン。カップ,6,4300,加藤 綾,3,43,49.5,0,0,0.18,5.18,30.21,53.13,0,0,0,29.82,45.61,36.57,53.71
2026-07-15,6,5,2026-07-15 13:18:00,5,男女W優勝戦 シーラック バリ勝男クン。カップ,1,4317,木村 紗友希,3,41,47.2,0,0,0.18,4.4,29.55,36.36,4.58,27.42,43.55,46.15,64.62,40.45,55.62
2026-07-15,6,5,2026-07-15 13:18:00,5,男女W優勝戦 シーラック バリ勝男クン。カップ,2,5146,野田 彩加,2,23,50.2,0,0,0.16,5.65,36.49,56.76,0,0,0,47.62,69.84,35.88,52.94
2026-07-15,6,5,2026-07-15 13:18:00,5,男女W優勝戦 シーラック バリ勝男クン。カップ,3,4893,渡邉 真奈美,3,35,46.5,0,0,0.16,5.1,28.92,43.37,3.76,5.88,29.41,30.51,42.37,39.2,60.23
2026-07-15,6,5,2026-07-15 13:18:00,5,男女W優勝戦 シーラック バリ勝男クン。カップ,4,4689,豊田 結,3,32,53,0,0,0.16,5.36,33.72,55.81,5.97,39.39,60.61,45,70,38.2,51.69
2026-07-15,6,5,2026-07-15 13:18:00,5,男女W優勝戦 シーラック バリ勝男クン。カップ,5,5248,本田 愛,3,24,47.2,0,0,0.2,4.55,22.08,46.75,3.96,18.07,33.73,29.82,43.86,33.92,53.8
2026-07-15,6,5,2026-07-15 13:18:00,5,男女W優勝戦 シーラック バリ勝男クン。カップ,6,5287,滝沢 織寧,3,26,47.2,1,0,0.16,3.5,11.76,25,2.24,0,5.88,39.68,53.97,24.18,45.75
2026-07-15,6,6,2026-07-15 13:48:00,5,男女W優勝戦 シーラック バリ勝男クン。カップ,1,4195,前川 守嗣,3,44,55.9,0,0,0.16,5.34,36.71,50.63,5,40,50,35,61.67,28.57,44.72
2026-07-15,6,6,2026-07-15 13:48:00,5,男女W優勝戦 シーラック バリ勝男クン。カップ,2,3156,金子 良昭,3,61,53.8,0,0,0.17,4.52,25.61,41.46,5.13,35.58,47.12,50,68.33,30.86,45.14
2026-07-15,6,6,2026-07-15 13:48:00,5,男女W優勝戦 シーラック バリ勝男クン。カップ,3,4981,牧山 敦也,3,29,52,0,0,0.18,4.97,20.25,53.16,0,0,0,29.09,41.82,32.95,45.66
2026-07-15,6,6,2026-07-15 13:48:00,5,男女W優勝戦 シーラック バリ勝男クン。カップ,4,4073,大橋 純一郎,1,45,52.2,0,0,0.15,6.67,57.8,66.06,5.98,37.61,64.96,42.86,61.43,32.2,53.11
2026-07-15,6,6,2026-07-15 13:48:00,5,男女W優勝戦 シーラック バリ勝男クン。カップ,5,4623,中北 将史,3,41,52.9,0,0,0.16,4.73,27.18,41.75,4.05,15,40,31.15,42.62,27.17,42.2
2026-07-15,6,6,2026-07-15 13:48:00,5,男女W優勝戦 シーラック バリ勝男クン。カップ,6,3635,石田 政吾,3,55,52.1,0,0,0.17,4.19,23.29,41.1,6.07,43.33,56.67,33.9,54.24,29.34,50.3
2026-07-15,6,7,2026-07-15 14:31:00,5,男女W優勝戦 シーラック バリ勝男クン。カップ,1,4146,柳橋 宏紀,2,44,52.9,0,0,0.14,5.48,30.69,56.44,7.3,60,80,41.67,53.33,28.39,40.65
2026-07-15,6,7,2026-07-15 14:31:00,5,男女W優勝戦 シーラック バリ勝男クン。カップ,2,4898,菊地 敬介,3,34,55,0,0,0.16,4.44,24.59,42.62,3.64,7.14,14.29,34.43,47.54,25.85,41.5
2026-07-15,6,7,2026-07-15 14:31:00,5,男女W優勝戦 シーラック バリ勝男クン。カップ,3,3814,金子 貴志,3,50,51,0,0,0.2,5.04,27.96,48.39,5.13,40,46.67,35.09,50.88,31.82,43.75
2026-07-15,6,7,2026-07-15 14:31:00,5,男女W優勝戦 シーラック バリ勝男クン。カップ,4,4209,藤田 竜弘,2,43,55.6,0,0,0.18,5.67,32.94,56.47,5.55,35.62,54.79,35.48,59.68,30.06,47.98
2026-07-15,6,7,2026-07-15 14:31:00,5,男女W優勝戦 シーラック バリ勝男クン。カップ,5,4491,田中 堅,3,39,52.4,0,0,0.2,4.32,23.08,37.36,6,18.18,81.82,30.51,50.85,38.86,58.29
2026-07-15,6,7,2026-07-15 14:31:00,5,男女W優勝戦 シーラック バリ勝男クン。カップ,6,5378,鈴木 結平太,4,22,51,1,0,0.21,1.74,1.39,5.56,1.54,0,2.86,16.67,29.17,30.94,46.41
2026-07-15,6,8,2026-07-15 15:02:00,5,男女W優勝戦 シーラック バリ勝男クン。カップ,1,4286,平田 さやか,2,42,47.6,0,0,0.15,6.08,43.31,62.2,5.03,25,44.44,40.35,68.42,35.63,50
2026-07-15,6,8,2026-07-15 15:02:00,5,男女W優勝戦 シーラック バリ勝男クン。カップ,2,5204,宇恵 有香,4,29,46,0,0,0.18,4.14,15.94,40.58,3.56,11.11,22.22,30.36,55.36,36.57,55.43
2026-07-15,6,8,2026-07-15 15:02:00,5,男女W優勝戦 シーラック バリ勝男クン。カップ,3,4400,加藤 奈月,3,37,54.2,0,0,0.18,4.17,16.88,33.77,3.56,11.11,22.22,52.54,64.41,28.4,44.97
2026-07-15,6,8,2026-07-15 15:02:00,5,男女W優勝戦 シーラック バリ勝男クン。カップ,4,3994,小野 桜,3,47,46.5,0,0,0.18,4.92,26.44,47.13,5.5,31.82,54.55,29.63,50,34.86,53.14
2026-07-15,6,8,2026-07-15 15:02:00,5,男女W優勝戦 シーラック バリ勝男クン。カップ,5,4443,津田 裕絵,3,39,49.8,0,0,0.19,5.7,39.17,58.33,4.85,23.08,42.31,31.03,44.83,29.65,45.35
2026-07-15,6,8,2026-07-15 15:02:00,5,男女W優勝戦 シーラック バリ勝男クン。カップ,6,5155,内山 七海,2,29,44.5,0,0,0.15,6.17,45.19,66.35,0,0,0,38.33,51.67,37.85,50.85
2026-07-15,6,9,2026-07-15 15:37:00,5,男女W優勝戦 シーラック バリ勝男クン。カップ,1,5291,三嶌 こころ,3,25,48.5,0,0,0.23,4.07,20.54,35.71,4.21,21.05,42.11,42.62,57.38,36.78,52.87
2026-07-15,6,9,2026-07-15 15:37:00,5,男女W優勝戦 シーラック バリ勝男クン。カップ,2,4317,木村 紗友希,3,41,47.2,0,0,0.18,4.4,29.55,36.36,4.58,27.42,43.55,46.15,64.62,40.45,55.62
2026-07-15,6,9,2026-07-15 15:37:00,5,男女W優勝戦 シーラック バリ勝男クン。カップ,3,5174,川井 萌,4,24,46.5,0,0,0.19,5.32,26.76,50.7,6.16,42.97,60.16,33.33,42.11,36.57,51.43
2026-07-15,6,9,2026-07-15 15:37:00,5,男女W優勝戦 シーラック バリ勝男クン。カップ,4,5248,本田 愛,3,24,47.2,0,0,0.2,4.55,22.08,46.75,3.96,18.07,33.73,29.82,43.86,33.92,53.8
2026-07-15,6,9,2026-07-15 15:37:00,5,男女W優勝戦 シーラック バリ勝男クン。カップ,5,5146,野田 彩加,2,23,50.2,0,0,0.16,5.65,36.49,56.76,0,0,0,47.62,69.84,35.88,52.94
2026-07-15,6,9,2026-07-15 15:37:00,5,男女W優勝戦 シーラック バリ勝男クン。カップ,6,3518,倉田 郁美,3,58,48.4,0,0,0.19,4.47,24.68,41.56,4.57,24.07,40.74,31.48,53.7,37.57,52.6
2026-07-15,6,10,2026-07-15 16:11:00,5,男女W優勝戦 シーラック バリ勝男クン。カップ,1,5130,上野 拓馬,3,28,52.6,0,0,0.18,4.76,18.81,44.55,4.53,31.58,47.37,48.39,66.13,30.3,47.27
2026-07-15,6,10,2026-07-15 16:11:00,5,男女W優勝戦 シーラック バリ勝男クン。カップ,2,4134,杉山 貴博,2,46,52.1,0,0,0.16,5.49,35.23,55.68,5.73,36.36,54.55,48.39,72.58,37.14,50.86
2026-07-15,6,10,2026-07-15 16:11:00,5,男女W優勝戦 シーラック バリ勝男クン。カップ,3,4073,大橋 純一郎,1,45,52.2,0,0,0.15,6.67,57.8,66.06,5.98,37.61,64.96,42.86,61.43,32.2,53.11
2026-07-15,6,10,2026-07-15 16:11:00,5,男女W優勝戦 シーラック バリ勝男クン。カップ,4,4981,牧山 敦也,3,29,52,0,0,0.18,4.97,20.25,53.16,0,0,0,29.09,41.82,32.95,45.66
2026-07-15,6,10,2026-07-15 16:11:00,5,男女W優勝戦 シーラック バリ勝男クン。カップ,5,4195,前川 守嗣,3,44,55.9,0,0,0.16,5.34,36.71,50.63,5,40,50,35,61.67,28.57,44.72
2026-07-15,6,10,2026-07-15 16:11:00,5,男女W優勝戦 シーラック バリ勝男クン。カップ,6,4796,春園 功太,1,34,52,0,0,0.15,6.46,51.38,67.89,6.55,48.48,75.76,30.51,44.07,34.48,50.57
2026-07-15,6,11,2026-07-15 16:38:00,5,男女W優勝戦 シーラック バリ勝男クン。カップ,1,4688,永井 彪也,1,33,52.8,0,0,0.13,6.99,55.36,67.86,5.41,29.41,41.18,46.43,62.5,28.98,49.43
2026-07-15,6,11,2026-07-15 16:38:00,5,男女W優勝戦 シーラック バリ勝男クン。カップ,2,4335,若林 将,1,42,52.6,0,0,0.12,7.14,53.54,75.76,6.87,47.83,82.61,40,53.33,39.77,51.7
2026-07-15,6,11,2026-07-15 16:38:00,5,男女W優勝戦 シーラック バリ勝男クン。カップ,3,4193,郷原 章平,2,44,52,0,0,0.15,5.76,38.05,53.1,6.63,52.63,73.68,46.27,59.7,24.22,45.34
2026-07-15,6,11,2026-07-15 16:38:00,5,男女W優勝戦 シーラック バリ勝男クン。カップ,4,4822,百武 翔,2,33,52,0,0,0.17,5.86,43.81,60,5.41,37.93,55.17,37.5,55.36,32.37,49.71
2026-07-15,6,11,2026-07-15 16:38:00,5,男女W優勝戦 シーラック バリ勝男クン。カップ,5,4218,吉川 喜継,1,44,52,0,0,0.15,6.43,51.96,69.61,6.95,63.16,78.95,43.33,58.33,26.22,45.12
2026-07-15,6,11,2026-07-15 16:38:00,5,男女W優勝戦 シーラック バリ勝男クン。カップ,6,3659,藤生 雄人,2,51,54,0,0,0.17,5.63,36.51,60.32,5.34,37.5,50,33.33,47.37,26.51,42.17
2026-07-15,6,12,2026-07-15 17:07:00,5,男女W優勝戦 シーラック バリ勝男クン。カップ,1,4464,山下 友貴,1,40,43.5,0,0,0.19,5.88,37.25,62.75,5.64,32.2,59.32,39.29,50,36.21,51.15
2026-07-15,6,12,2026-07-15 17:07:00,5,男女W優勝戦 シーラック バリ勝男クン。カップ,2,4190,長嶋 万記,4,45,48.5,0,0,0.16,6.59,43.24,64.86,6.46,42.62,63.93,28.57,50.79,20.28,41.26
2026-07-15,6,12,2026-07-15 17:07:00,5,男女W優勝戦 シーラック バリ勝男クン。カップ,3,4433,川野 芽唯,1,40,47,0,0,0.17,6.88,53.08,67.69,6.71,29.41,64.71,36.67,58.33,36.36,48.3
2026-07-15,6,12,2026-07-15 17:07:00,5,男女W優勝戦 シーラック バリ勝男クン。カップ,4,4017,向井 美鈴,3,46,44.5,0,0,0.2,5.49,33.64,54.21,5.77,34.62,46.15,32.08,43.4,24.07,42.59
2026-07-15,6,12,2026-07-15 17:07:00,5,男女W優勝戦 シーラック バリ勝男クン。カップ,5,4589,塩崎 桐加,3,34,49.7,0,0,0.17,5.08,27.37,48.42,6.8,40,70,35.48,53.23,37.93,56.9
2026-07-15,6,12,2026-07-15 17:07:00,5,男女W優勝戦 シーラック バリ勝男クン。カップ,6,5189,藤原 早菜,2,25,44.5,0,0,0.2,5.38,32.5,54.17,4,11.11,11.11,49.18,63.93,34.1,49.13
2026-07-15,7,1,2026-07-15 15:20:00,3,モーターボート大賞,1,4269,杉山 裕也,2,40,52,0,0,0.15,6.63,51.02,65.31,6.8,50,69.44,35.36,50.95,37.6,53.49
2026-07-15,7,1,2026-07-15 15:20:00,3,モーターボート大賞,2,4027,松江 秀徳,2,48,52.7,1,0,0.16,6.01,41.18,60,5.76,32,56,26.88,43.13,42.19,53.13
2026-07-15,7,1,2026-07-15 15:20:00,3,モーターボート大賞,3,4757,山田 祐也,1,37,52.6,0,0,0.15,6.81,47.62,60.95,6.22,22.22,33.33,36.94,52.25,37.13,60.34
2026-07-15,7,1,2026-07-15 15:20:00,3,モーターボート大賞,4,4109,谷津 幸宏,2,46,52.1,1,0,0.13,5.62,33.33,57.5,5.73,37.84,56.76,36.16,52.03,29.86,45.02
2026-07-15,7,1,2026-07-15 15:20:00,3,モーターボート大賞,5,3717,立間 充宏,2,51,54.8,0,0,0.18,5.43,30.12,48.19,0,0,0,34.38,56.6,37.56,57.75
2026-07-15,7,1,2026-07-15 15:20:00,3,モーターボート大賞,6,4539,金子 賢志,1,35,52,0,0,0.13,6.65,48.67,61.06,6.94,50,77.78,28.24,41.57,39.59,55.51
2026-07-15,7,2,2026-07-15 15:47:00,3,モーターボート大賞,1,3685,荒井 輝年,2,52,54.2,1,0,0.15,5.92,43.88,58.16,5.48,38.71,54.84,34.52,52.31,31.17,45.89
2026-07-15,7,2,2026-07-15 15:47:00,3,モーターボート大賞,2,4261,岡 祐臣,2,42,53.8,0,0,0.16,6.36,47.01,64.96,7.44,52,72,36.73,51.84,34.48,51.72
2026-07-15,7,2,2026-07-15 15:47:00,3,モーターボート大賞,3,4903,吉田 凌太朗,1,32,51.5,1,0,0.15,6.17,45.1,57.84,7.22,58.54,78.05,36.92,55.77,33.62,57.87
2026-07-15,7,2,2026-07-15 15:47:00,3,モーターボート大賞,4,4437,中田 元泰,2,40,52.8,0,0,0.16,6.04,47.62,60.95,0,0,0,31.75,49.64,29.94,40.11
2026-07-15,7,2,2026-07-15 15:47:00,3,モーターボート大賞,5,4276,鈴木 勝博,2,43,52,0,0,0.16,5.77,41.84,58.16,6.18,42.7,60.67,27.11,43.37,34.18,53.06
2026-07-15,7,2,2026-07-15 15:47:00,3,モーターボート大賞,6,3415,松井 繁,1,56,51.5,0,0,0.14,7.23,46.09,64.35,6.75,39.29,64.29,34.83,51.69,32.62,47.06
2026-07-15,7,3,2026-07-15 16:15:00,3,モーターボート大賞,1,3978,齊藤 仁,2,49,51,1,0,0.16,5.89,33.91,56.52,7.28,56,84,35.83,55.51,40.08,58.68
2026-07-15,7,3,2026-07-15 16:15:00,3,モーターボート大賞,2,3995,重野 哲之,2,47,53,0,0,0.11,6.49,50.57,70.11,6.3,50,70,28.39,41.94,35.29,48.42
2026-07-15,7,3,2026-07-15 16:15:00,3,モーターボート大賞,3,3499,市川 哲也,1,57,51.5,1,0,0.15,5.8,38.24,57.84,6.22,50,61.11,28.68,43.41,34,47.5
2026-07-15,7,3,2026-07-15 16:15:00,3,モーターボート大賞,4,3719,辻 栄蔵,1,51,52,0,0,0.15,6.98,47.9,70.59,8.63,81.48,85.19,44.86,65.42,30.88,43.14
2026-07-15,7,3,2026-07-15 16:15:00,3,モーターボート大賞,5,3946,赤岩 善生,1,50,53.2,0,0,0.15,7.02,49.02,69.61,7.24,57.39,76.52,39.91,56.42,31.53,47.29
2026-07-15,7,3,2026-07-15 16:15:00,3,モーターボート大賞,6,4430,永田 秀二,2,40,55,0,0,0.17,5.93,37.72,60.53,5.72,40.63,53.13,31.62,49.63,34.22,53.33
2026-07-15,7,4,2026-07-15 16:44:00,3,モーターボート大賞,1,4042,丸岡 正典,2,46,52,1,0,0.17,6.56,46.15,65.81,6.91,54.55,72.73,33.1,54.14,34.4,50
2026-07-15,7,4,2026-07-15 16:44:00,3,モーターボート大賞,2,4148,枝尾 賢,2,44,52.1,0,0,0.14,6.05,41.07,58.93,5.52,32,60,34.71,52.92,35.12,54.55
2026-07-15,7,4,2026-07-15 16:44:00,3,モーターボート大賞,3,4759,今泉 友吾,1,36,52.1,0,0,0.16,7.09,47.52,72.28,6.22,22.22,50,39.29,58.93,29.59,43.2
2026-07-15,7,4,2026-07-15 16:44:00,3,モーターボート大賞,4,3783,瓜生 正義,1,50,52,0,0,0.15,6.66,40,57.6,7.13,50,62.5,28.81,42.37,37.25,51.96
2026-07-15,7,4,2026-07-15 16:44:00,3,モーターボート大賞,5,3422,服部 幸男,2,55,54.1,0,0,0.14,6.1,43.55,55.65,7.07,60,66.67,40.53,54.63,31.28,48.6
2026-07-15,7,4,2026-07-15 16:44:00,3,モーターボート大賞,6,4715,村上 遼,1,34,52,0,0,0.15,6.29,39.68,65.08,6.84,52,66,24.34,39.47,31.47,47.41
2026-07-15,7,5,2026-07-15 17:13:00,3,モーターボート大賞,1,4342,谷野 錬志,2,41,53.6,0,0,0.15,6.12,37.21,54.65,7.34,57.45,74.47,42.86,57.64,31.5,44.5
2026-07-15,7,5,2026-07-15 17:13:00,3,モーターボート大賞,2,3874,山本 寛久,2,50,52,0,0,0.17,6.65,48.44,67.19,6.25,45,60,41.46,57.56,32.11,51.38
2026-07-15,7,5,2026-07-15 17:13:00,3,モーターボート大賞,3,4012,中村 有裕,2,46,56.1,0,0,0.16,6.18,46.67,60,6.55,61.29,67.74,30.61,45.41,36.55,56.22
2026-07-15,7,5,2026-07-15 17:13:00,3,モーターボート大賞,4,4027,松江 秀徳,2,48,52.7,1,0,0.16,6.01,41.18,60,5.76,32,56,26.88,43.13,42.19,53.13
2026-07-15,7,5,2026-07-15 17:13:00,3,モーターボート大賞,5,3941,池田 浩二,1,48,52,0,0,0.12,7.82,49.56,69.91,8.74,73.81,89.29,36.15,57.28,33.03,50
2026-07-15,7,5,2026-07-15 17:13:00,3,モーターボート大賞,6,4831,羽野 直也,1,31,54.6,0,0,0.15,7.1,50,65,0,0,0,31.18,47.67,31.44,43.23
2026-07-15,7,6,2026-07-15 17:42:00,3,モーターボート大賞,1,4437,中田 元泰,2,40,52.8,0,0,0.16,6.04,47.62,60.95,0,0,0,31.75,49.64,29.94,40.11
2026-07-15,7,6,2026-07-15 17:42:00,3,モーターボート大賞,2,4757,山田 祐也,1,37,52.6,0,0,0.15,6.81,47.62,60.95,6.22,22.22,33.33,36.94,52.25,37.13,60.34
2026-07-15,7,6,2026-07-15 17:42:00,3,モーターボート大賞,3,4296,岡崎 恭裕,2,39,51.5,0,0,0.14,6.81,53.13,68.75,7.7,70.37,74.07,34.34,51.85,29.03,48.39
2026-07-15,7,6,2026-07-15 17:42:00,3,モーターボート大賞,4,3931,黒崎 竜也,2,50,51,0,0,0.15,5.86,39.76,57.83,5.52,38.71,51.61,41.46,56.1,36.32,54.25
2026-07-15,7,6,2026-07-15 17:42:00,3,モーターボート大賞,5,3711,江本 真治,2,51,53.2,1,0,0.15,6.17,42.22,68.15,6.13,50,62.5,42.11,59.92,34.48,53.45
2026-07-15,7,6,2026-07-15 17:42:00,3,モーターボート大賞,6,4324,海野 康志郎,1,38,55.2,0,0,0.13,7.3,56.82,67.42,8.78,77.78,88.89,37.8,54.47,31.82,46.97
2026-07-15,7,7,2026-07-15 18:12:00,3,モーターボート大賞,1,4604,岩瀬 裕亮,1,38,52,0,0,0.14,7.35,54.14,69.17,7.57,60,72.31,46.97,62.12,33.05,50.42
2026-07-15,7,7,2026-07-15 18:12:00,3,モーターボート大賞,2,3978,齊藤 仁,2,49,51,1,0,0.16,5.89,33.91,56.52,7.28,56,84,35.83,55.51,40.08,58.68
2026-07-15,7,7,2026-07-15 18:12:00,3,モーターボート大賞,3,4847,佐藤 隆太郎,1,32,52,0,0,0.16,7.06,50,71.25,8.29,71.43,85.71,35.94,51.95,30.95,46.67
2026-07-15,7,7,2026-07-15 18:12:00,3,モーターボート大賞,4,3685,荒井 輝年,2,52,54.2,1,0,0.15,5.92,43.88,58.16,5.48,38.71,54.84,34.52,52.31,31.17,45.89
2026-07-15,7,7,2026-07-15 18:12:00,3,モーターボート大賞,5,4561,藤山 翔大,2,35,52,1,0,0.18,6.25,48.18,61.82,4.58,26.32,36.84,39.61,54.11,37.44,58.45
2026-07-15,7,7,2026-07-15 18:12:00,3,モーターボート大賞,6,3779,原田 幸哉,1,50,52,1,0,0.12,6.47,36.44,50.85,6.13,30,50,37.21,51.94,34.82,48.21
2026-07-15,7,8,2026-07-15 18:42:00,3,モーターボート大賞,1,4505,島田 賢人,1,38,52,0,0,0.16,6.48,46.75,66.23,6.42,52.63,68.42,34.15,54.47,43.48,60.43
2026-07-15,7,8,2026-07-15 18:42:00,3,モーターボート大賞,2,4276,鈴木 勝博,2,43,52,0,0,0.16,5.77,41.84,58.16,6.18,42.7,60.67,27.11,43.37,34.18,53.06
2026-07-15,7,8,2026-07-15 18:42:00,3,モーターボート大賞,3,4430,永田 秀二,2,40,55,0,0,0.17,5.93,37.72,60.53,5.72,40.63,53.13,31.62,49.63,34.22,53.33
2026-07-15,7,8,2026-07-15 18:42:00,3,モーターボート大賞,4,4030,森高 一真,1,48,50.5,0,0,0.14,6.97,40,60,7.22,50,66.67,40.09,56.03,33.74,51.03
2026-07-15,7,8,2026-07-15 18:42:00,3,モーターボート大賞,5,4109,谷津 幸宏,2,46,52.1,1,0,0.13,5.62,33.33,57.5,5.73,37.84,56.76,36.16,52.03,29.86,45.02
2026-07-15,7,8,2026-07-15 18:42:00,3,モーターボート大賞,6,4477,篠崎 仁志,1,38,53.6,0,0,0.13,7.26,47.62,69.52,6.5,45,60,45.54,58.42,36.44,57.2
2026-07-15,7,9,2026-07-15 19:12:00,3,モーターボート大賞,1,3983,須藤 博倫,1,48,52,0,0,0.15,6.94,50.44,75.22,6.24,36.96,65.22,40.28,61.61,36.77,54.26
2026-07-15,7,9,2026-07-15 19:12:00,3,モーターボート大賞,2,3717,立間 充宏,2,51,54.8,0,0,0.18,5.43,30.12,48.19,0,0,0,34.38,56.6,37.56,57.75
2026-07-15,7,9,2026-07-15 19:12:00,3,モーターボート大賞,3,3946,赤岩 善生,1,50,53.2,0,0,0.15,7.02,49.02,69.61,7.24,57.39,76.52,39.91,56.42,31.53,47.29
2026-07-15,7,9,2026-07-15 19:12:00,3,モーターボート大賞,4,3415,松井 繁,1,56,51.5,0,0,0.14,7.23,46.09,64.35,6.75,39.29,64.29,34.83,51.69,32.62,47.06
2026-07-15,7,9,2026-07-15 19:12:00,3,モーターボート大賞,5,4227,安達 裕樹,2,43,52.2,1,0,0.16,6.18,37.04,56.48,6.13,42.11,52.63,31.77,44.27,30.09,47.35
2026-07-15,7,9,2026-07-15 19:12:00,3,モーターボート大賞,6,4055,吉田 俊彦,2,48,52.2,0,0,0.15,6.76,51.85,67.41,7.33,51.85,85.19,33.46,48.87,33.91,49.36
2026-07-15,7,10,2026-07-15 19:42:00,3,モーターボート大賞,1,3783,瓜生 正義,1,50,52,0,0,0.15,6.66,40,57.6,7.13,50,62.5,28.81,42.37,37.25,51.96
2026-07-15,7,10,2026-07-15 19:42:00,3,モーターボート大賞,2,4903,吉田 凌太朗,1,32,51.5,1,0,0.15,6.17,45.1,57.84,7.22,58.54,78.05,36.92,55.77,33.62,57.87
2026-07-15,7,10,2026-07-15 19:42:00,3,モーターボート大賞,3,4168,石野 貴之,1,44,52.3,1,0,0.14,7,47.47,64.65,7,60,65,30.45,46.5,34.98,59.26
2026-07-15,7,10,2026-07-15 19:42:00,3,モーターボート大賞,4,4290,稲田 浩二,1,41,51.5,0,0,0.12,6.87,45.24,69.05,7.25,53.13,71.88,30.25,40.34,30.69,42.57
2026-07-15,7,10,2026-07-15 19:42:00,3,モーターボート大賞,5,4269,杉山 裕也,2,40,52,0,0,0.15,6.63,51.02,65.31,6.8,50,69.44,35.36,50.95,37.6,53.49
2026-07-15,7,10,2026-07-15 19:42:00,3,モーターボート大賞,6,3874,山本 寛久,2,50,52,0,0,0.17,6.65,48.44,67.19,6.25,45,60,41.46,57.56,32.11,51.38
2026-07-15,7,11,2026-07-15 20:13:00,3,モーターボート大賞,1,3719,辻 栄蔵,1,51,52,0,0,0.15,6.98,47.9,70.59,8.63,81.48,85.19,44.86,65.42,30.88,43.14
2026-07-15,7,11,2026-07-15 20:13:00,3,モーターボート大賞,2,3941,池田 浩二,1,48,52,0,0,0.12,7.82,49.56,69.91,8.74,73.81,89.29,36.15,57.28,33.03,50
2026-07-15,7,11,2026-07-15 20:13:00,3,モーターボート大賞,3,4040,廣瀬 将亨,2,47,54.8,0,0,0.15,5.98,43.24,57.66,5.78,34.78,65.22,29.25,43.48,29.78,43.26
2026-07-15,7,11,2026-07-15 20:13:00,3,モーターボート大賞,4,3721,守田 俊介,1,50,52,0,0,0.13,6.46,41.35,54.81,6.89,33.33,50,39.22,53.45,36.6,54.47
2026-07-15,7,11,2026-07-15 20:13:00,3,モーターボート大賞,5,4604,岩瀬 裕亮,1,38,52,0,0,0.14,7.35,54.14,69.17,7.57,60,72.31,46.97,62.12,33.05,50.42
2026-07-15,7,11,2026-07-15 20:13:00,3,モーターボート大賞,6,3931,黒崎 竜也,2,50,50.5,0,0,0.15,5.86,39.76,57.83,5.52,38.71,51.61,41.46,56.1,36.32,54.25
2026-07-15,7,12,2026-07-15 20:45:00,3,モーターボート大賞,1,4320,峰 竜太,1,41,52,0,0,0.13,8.18,50.63,74.68,9.26,70.37,96.3,26.47,42.65,34.16,52.67
2026-07-15,7,12,2026-07-15 20:45:00,3,モーターボート大賞,2,4856,豊田 健士郎,1,30,52,0,0,0.14,6.94,49.18,68.03,6.36,44,56,34.59,51.88,41.53,59.32
2026-07-15,7,12,2026-07-15 20:45:00,3,モーターボート大賞,3,4324,海野 康志郎,1,38,55.2,0,0,0.13,7.3,56.82,67.42,8.78,77.78,88.89,37.8,54.47,31.82,46.97
2026-07-15,7,12,2026-07-15 20:45:00,3,モーターボート大賞,4,4643,近江 翔吾,2,33,52,0,0,0.13,7.01,56.32,71.26,5.75,37.5,50,23.31,39.26,35.53,54.39
2026-07-15,7,12,2026-07-15 20:45:00,3,モーターボート大賞,5,4831,羽野 直也,1,31,54.6,0,0,0.15,7.1,50,65,0,0,0,31.18,47.67,31.44,43.23
2026-07-15,7,12,2026-07-15 20:45:00,3,モーターボート大賞,6,4645,上村 純一,1,46,52.1,0,0,0.14,6.4,44.35,59.13,7.17,65.52,79.31,35.89,55.75,30.28,47.71
2026-07-15,8,1,2026-07-15 10:40:00,5,知多娘。常滑セラ杯,1,4434,田中 辰彦,2,40,53.3,0,0,0.16,6.16,46.94,61.22,6.28,44.44,66.67,30.99,45.03,54.55,72.73
2026-07-15,8,1,2026-07-15 10:40:00,5,知多娘。常滑セラ杯,2,4181,花本 夏樹,3,42,53.7,0,0,0.21,3.62,11.7,28.72,3.77,7.69,30.77,29.12,47.25,21.43,57.14
2026-07-15,8,1,2026-07-15 10:40:00,5,知多娘。常滑セラ杯,3,5309,森 雄利,3,21,52.2,1,0,0.14,3.38,15.38,24.36,0,0,0,34.1,54.34,50,70
2026-07-15,8,1,2026-07-15 10:40:00,5,知多娘。常滑セラ杯,4,4273,佐藤 旭,3,44,53.3,0,0,0.19,4.98,30,47.78,4.78,32.43,40.54,45.99,60.96,27.27,45.45
2026-07-15,8,1,2026-07-15 10:40:00,5,知多娘。常滑セラ杯,5,3722,西村 秀樹,3,56,52.4,0,0,0.19,2.95,5.13,15.38,1.2,0,0,32,48,72.73,90.91
2026-07-15,8,1,2026-07-15 10:40:00,5,知多娘。常滑セラ杯,6,5456,今村 天次朗,4,20,51.5,0,0,,1.89,0,0,0,0,0,27.88,46.67,66.67,66.67
2026-07-15,8,2,2026-07-15 11:08:00,5,知多娘。常滑セラ杯,1,3602,奥平 拓也,3,56,52.4,0,0,0.21,4.16,16.47,40,5.38,29.17,50,29.89,51.15,0,11.11
2026-07-15,8,2,2026-07-15 11:08:00,5,知多娘。常滑セラ杯,2,4549,小林 文彦,2,37,52,0,0,0.19,6.37,43.82,67.42,5.35,26.92,57.69,34.41,54.84,40,50
2026-07-15,8,2,2026-07-15 11:08:00,5,知多娘。常滑セラ杯,3,4116,川田 正人,3,45,52,1,0,0.18,4.51,13.75,45,5.59,36.36,59.09,34.46,49.15,0,0
2026-07-15,8,2,2026-07-15 11:08:00,5,知多娘。常滑セラ杯,4,5245,倉富 大誠,3,24,52.4,0,0,0.18,5.23,32.1,50.62,3.36,13.64,22.73,32.62,52.41,40,50
2026-07-15,8,2,2026-07-15 11:08:00,5,知多娘。常滑セラ杯,5,5050,木下 雄介,2,31,52,0,0,0.17,5.55,38.16,53.95,5.85,41.03,58.97,33.86,55.56,11.11,11.11
2026-07-15,8,2,2026-07-15 11:08:00,5,知多娘。常滑セラ杯,6,3752,宇土 泰就,3,55,57.5,0,0,0.17,4.31,18.89,36.67,4.38,23.08,46.15,44.44,62.78,20,30
2026-07-15,8,3,2026-07-15 11:38:00,5,知多娘。常滑セラ杯,1,3315,広瀬 聖仁,3,60,52.6,0,0,0.16,4.41,24.29,34.29,5.01,26.47,48.53,31.82,47.73,30,50
2026-07-15,8,3,2026-07-15 11:38:00,5,知多娘。常滑セラ杯,2,3911,鈴木 猛,3,52,53.5,0,0,0.17,5.32,33.63,47.79,4.63,19.51,36.59,33.15,46.63,60,80
2026-07-15,8,3,2026-07-15 11:38:00,5,知多娘。常滑セラ杯,3,3715,倉尾 大介,2,51,53.9,0,0,0.17,5.63,36,61.33,6.21,45.83,75,28.13,43.13,20,40
2026-07-15,8,3,2026-07-15 11:38:00,5,知多娘。常滑セラ杯,4,5292,佐藤 右京,3,24,54.8,0,0,0.23,4.31,21.11,40,3.2,3.33,26.67,41.81,60.45,10,30
2026-07-15,8,3,2026-07-15 11:38:00,5,知多娘。常滑セラ杯,5,4910,中村 泰平,1,30,52,0,0,0.15,6.76,55.1,66.33,6.51,46.67,60,39.66,55.75,57.14,64.29
2026-07-15,8,3,2026-07-15 11:38:00,5,知多娘。常滑セラ杯,6,3731,高濱 芳久,3,53,52.2,0,0,0.19,4.91,25.64,52.56,0,0,0,35.87,52.17,20,20
2026-07-15,8,4,2026-07-15 12:07:00,5,知多娘。常滑セラ杯,1,4129,宇野 博之,3,46,55.1,0,0,0.18,3.92,16.67,32.05,6.06,31.25,68.75,27.32,49.18,20,20
2026-07-15,8,4,2026-07-15 12:07:00,5,知多娘。常滑セラ杯,2,4824,松井 洪弥,2,33,52,0,0,0.12,5.65,38.05,50.44,6.49,45.76,61.02,35.06,45.98,10,20
2026-07-15,8,4,2026-07-15 12:07:00,5,知多娘。常滑セラ杯,3,5386,米玉利 大悟,3,20,52.4,0,0,0.19,3.11,10.13,21.52,1.38,0,7.69,34.48,52.3,30,60
2026-07-15,8,4,2026-07-15 12:07:00,5,知多娘。常滑セラ杯,4,5103,芝田 京介,4,28,53.1,0,0,0.2,3.54,17.86,25,0,0,0,38.46,55.49,50,77.27
2026-07-15,8,4,2026-07-15 12:07:00,5,知多娘。常滑セラ杯,5,3576,白水 勝也,1,53,52,0,0,0.17,6.62,47.57,75.73,6.25,50,62.5,31.49,45.86,45.45,72.73
2026-07-15,8,4,2026-07-15 12:07:00,5,知多娘。常滑セラ杯,6,3859,多羅尾 達之,3,53,51,0,0,0.15,4.14,23.26,36.05,3.33,4.76,19.05,34.46,51.41,18.18,45.45
2026-07-15,8,5,2026-07-15 12:43:00,5,知多娘。常滑セラ杯,1,4104,木下 陽介,3,46,56.6,0,0,0.15,3.42,15.07,26.03,4.6,26.67,43.33,38.8,54.64,22.22,44.44
2026-07-15,8,5,2026-07-15 12:43:00,5,知多娘。常滑セラ杯,2,3769,佐竹 恒彦,2,52,52,0,0,0.17,5.67,39.24,53.16,5.19,33.33,48.15,26.25,41.88,55.56,77.78
2026-07-15,8,5,2026-07-15 12:43:00,5,知多娘。常滑セラ杯,3,4877,鈴谷 一平,1,31,55.1,0,0,0.14,6.02,43.56,57.43,6.17,50,66.67,39.31,51.45,72.73,81.82
2026-07-15,8,5,2026-07-15 12:43:00,5,知多娘。常滑セラ杯,4,5456,今村 天次朗,4,20,51.5,0,0,,1.89,0,0,0,0,0,27.88,46.67,66.67,66.67
2026-07-15,8,5,2026-07-15 12:43:00,5,知多娘。常滑セラ杯,5,4298,宮下 元胤,2,43,52.8,0,0,0.16,6.07,42.74,64.52,6.07,47.83,60.87,29.35,44.57,18.18,27.27
2026-07-15,8,5,2026-07-15 12:43:00,5,知多娘。常滑セラ杯,6,4022,待鳥 雄紀,3,46,55.6,0,0,0.16,4.41,21.95,41.46,5.62,40.54,54.05,30.23,47.09,54.55,90.91
2026-07-15,8,6,2026-07-15 13:12:00,5,知多娘。常滑セラ杯,1,4472,尾嶋 一広,1,39,55.3,0,0,0.16,6.23,41.23,58.77,5.4,30,60,36.93,52.27,22.22,22.22
2026-07-15,8,6,2026-07-15 13:12:00,5,知多娘。常滑セラ杯,2,4665,加藤 啓太,3,42,52,0,0,0.17,4.07,16.28,33.72,4.63,25.93,37.04,34.29,52,53.85,76.92
2026-07-15,8,6,2026-07-15 13:12:00,5,知多娘。常滑セラ杯,3,4340,土性 雅也,4,41,53.1,0,0,,3.94,25,31.25,2.69,15.38,15.38,31.55,47.59,20,40
2026-07-15,8,6,2026-07-15 13:12:00,5,知多娘。常滑セラ杯,4,3722,西村 秀樹,3,56,52.4,0,0,0.19,2.95,5.13,15.38,1.2,0,0,32,48,72.73,90.91
2026-07-15,8,6,2026-07-15 13:12:00,5,知多娘。常滑セラ杯,5,3630,黒田 誠司,3,56,54,0,0,0.17,3.97,17.74,29.03,3.78,17.39,26.09,33.7,52.17,0,11.11
2026-07-15,8,6,2026-07-15 13:12:00,5,知多娘。常滑セラ杯,6,3158,島川 光男,2,61,52.3,0,0,0.15,6.14,42.39,61.96,5.28,31.25,53.13,38.67,56.91,30,60
2026-07-15,8,7,2026-07-15 13:44:00,5,知多娘。常滑セラ杯,1,3637,齋藤 和政,3,55,53.1,0,0,0.18,4.1,20.73,36.59,4.47,22.86,44.29,41.3,55.43,0,0
2026-07-15,8,7,2026-07-15 13:44:00,5,知多娘。常滑セラ杯,2,5292,佐藤 右京,3,24,54.8,0,0,0.23,4.31,21.11,40,3.2,3.33,26.67,41.81,60.45,10,30
2026-07-15,8,7,2026-07-15 13:44:00,5,知多娘。常滑セラ杯,3,4434,田中 辰彦,2,40,53.3,0,0,0.16,6.16,46.94,61.22,6.28,44.44,66.67,30.99,45.03,54.55,72.73
2026-07-15,8,7,2026-07-15 13:44:00,5,知多娘。常滑セラ杯,4,3752,宇土 泰就,3,55,57.5,0,0,0.17,4.31,18.89,36.67,4.38,23.08,46.15,44.44,62.78,20,30
2026-07-15,8,7,2026-07-15 13:44:00,5,知多娘。常滑セラ杯,5,3743,林 美憲,1,51,52.4,0,0,0.15,5.13,37.25,48.04,6.42,47.37,63.16,33.15,49.46,41.67,50
2026-07-15,8,7,2026-07-15 13:44:00,5,知多娘。常滑セラ杯,6,4094,中島 真二,3,45,52.9,0,0,0.18,4.99,34.15,46.34,4,12.5,37.5,30.48,47.59,80,90
2026-07-15,8,8,2026-07-15 14:12:00,5,知多娘。常滑セラ杯,1,3896,上田 洋平,3,49,52,0,0,0.16,5.09,28.21,52.56,5.39,33.33,51.52,47.62,65.08,11.11,33.33
2026-07-15,8,8,2026-07-15 14:12:00,5,知多娘。常滑セラ杯,2,4488,小山 勉,1,40,52.6,0,0,0.17,6.9,54.78,73.91,6.14,47.62,61.9,35.56,57.78,0,0
2026-07-15,8,8,2026-07-15 14:12:00,5,知多娘。常滑セラ杯,3,4181,花本 夏樹,3,42,53.7,0,0,0.21,3.62,11.7,28.72,3.77,7.69,30.77,29.12,47.25,21.43,57.14
2026-07-15,8,8,2026-07-15 14:12:00,5,知多娘。常滑セラ杯,4,3911,鈴木 猛,3,52,53.5,0,0,0.17,5.32,33.63,47.79,4.63,19.51,36.59,33.15,46.63,60,80
2026-07-15,8,8,2026-07-15 14:12:00,5,知多娘。常滑セラ杯,5,4549,小林 文彦,2,37,52,0,0,0.19,6.37,43.82,67.42,5.35,26.92,57.69,34.41,54.84,40,50
2026-07-15,8,8,2026-07-15 14:12:00,5,知多娘。常滑セラ杯,6,4943,八木 治樹,3,35,53.7,0,0,0.15,4.36,17.81,32.88,4.39,14.29,42.86,34.22,50.27,20,40
2026-07-15,8,9,2026-07-15 14:41:00,5,知多娘。常滑セラ杯,1,5050,木下 雄介,2,31,52,0,0,0.17,5.55,38.16,53.95,5.85,41.03,58.97,33.86,55.56,11.11,11.11
2026-07-15,8,9,2026-07-15 14:41:00,5,知多娘。常滑セラ杯,2,3731,高濱 芳久,3,53,52.2,0,0,0.19,4.91,25.64,52.56,0,0,0,35.87,52.17,20,20
2026-07-15,8,9,2026-07-15 14:41:00,5,知多娘。常滑セラ杯,3,4463,三苫 晃幸,2,40,53.1,0,0,0.15,6.4,48.35,69.23,4.53,20,40,31.82,50,0,0
2026-07-15,8,9,2026-07-15 14:41:00,5,知多娘。常滑セラ杯,4,4129,宇野 博之,3,46,55.1,0,0,0.18,3.92,16.67,32.05,6.06,31.25,68.75,27.32,49.18,20,20
2026-07-15,8,9,2026-07-15 14:41:00,5,知多娘。常滑セラ杯,5,5309,森 雄利,3,21,52.2,1,0,0.14,3.38,15.38,24.36,0,0,0,34.1,54.34,50,70
2026-07-15,8,9,2026-07-15 14:41:00,5,知多娘。常滑セラ杯,6,4318,桑原 将光,2,41,52,1,0,0.16,5.23,26.67,57.78,5,12.5,50,29.14,44.57,36.36,63.64
2026-07-15,8,10,2026-07-15 15:12:00,5,知多娘。常滑セラ杯,1,4824,松井 洪弥,2,33,51.5,0,0,0.12,5.65,38.05,50.44,6.49,45.76,61.02,35.06,45.98,10,20
2026-07-15,8,10,2026-07-15 15:12:00,5,知多娘。常滑セラ杯,2,3315,広瀬 聖仁,3,60,52.3,0,0,0.16,4.41,24.29,34.29,5.01,26.47,48.53,31.82,47.73,30,50
2026-07-15,8,10,2026-07-15 15:12:00,5,知多娘。常滑セラ杯,3,4022,待鳥 雄紀,3,46,55.1,0,0,0.16,4.41,21.95,41.46,5.62,40.54,54.05,30.23,47.09,54.55,90.91
2026-07-15,8,10,2026-07-15 15:12:00,5,知多娘。常滑セラ杯,4,3349,吉田 一郎,1,58,52,0,0,0.17,6.66,50.56,75.28,6.82,58.82,70.59,42.78,55.08,31.25,37.5
2026-07-15,8,10,2026-07-15 15:12:00,5,知多娘。常滑セラ杯,5,3602,奥平 拓也,3,56,52.2,0,0,0.21,4.16,16.47,40,5.38,29.17,50,29.89,51.15,0,11.11
2026-07-15,8,10,2026-07-15 15:12:00,5,知多娘。常滑セラ杯,6,4902,山川 雄大,3,33,52.2,0,0,0.2,4.79,31.11,47.78,3.2,13.33,26.67,31.84,48.6,40,50
2026-07-15,8,11,2026-07-15 15:44:00,5,知多娘。常滑セラ杯,1,4298,宮下 元胤,2,43,52.8,0,0,0.16,6.07,42.74,64.52,6.07,47.83,60.87,29.35,44.57,18.18,27.27
2026-07-15,8,11,2026-07-15 15:44:00,5,知多娘。常滑セラ杯,2,4116,川田 正人,3,45,52,1,0,0.18,4.51,13.75,45,5.59,36.36,59.09,34.46,49.15,0,0
2026-07-15,8,11,2026-07-15 15:44:00,5,知多娘。常滑セラ杯,3,3859,多羅尾 達之,3,53,51,0,0,0.15,4.14,23.26,36.05,3.33,4.76,19.05,34.46,51.41,18.18,45.45
2026-07-15,8,11,2026-07-15 15:44:00,5,知多娘。常滑セラ杯,4,3158,島川 光男,2,61,52.3,0,0,0.15,6.14,42.39,61.96,5.28,31.25,53.13,38.67,56.91,30,60
2026-07-15,8,11,2026-07-15 15:44:00,5,知多娘。常滑セラ杯,5,3715,倉尾 大介,2,51,53.9,0,0,0.17,5.63,36,61.33,6.21,45.83,75,28.13,43.13,20,40
2026-07-15,8,11,2026-07-15 15:44:00,5,知多娘。常滑セラ杯,6,4273,佐藤 旭,3,44,53.3,0,0,0.19,4.98,30,47.78,4.78,32.43,40.54,45.99,60.96,27.27,45.45
2026-07-15,8,12,2026-07-15 16:19:00,5,知多娘。常滑セラ杯,1,4910,中村 泰平,1,30,52,0,0,0.15,6.76,55.1,66.33,6.51,46.67,60,39.66,55.75,57.14,64.29
2026-07-15,8,12,2026-07-15 16:19:00,5,知多娘。常滑セラ杯,2,3576,白水 勝也,1,53,52,0,0,0.17,6.62,47.57,75.73,6.25,50,62.5,31.49,45.86,45.45,72.73
2026-07-15,8,12,2026-07-15 16:19:00,5,知多娘。常滑セラ杯,3,3743,林 美憲,1,51,52.4,0,0,0.15,5.13,37.25,48.04,6.42,47.37,63.16,33.15,49.46,41.67,50
2026-07-15,8,12,2026-07-15 16:19:00,5,知多娘。常滑セラ杯,4,4472,尾嶋 一広,1,39,55.3,0,0,0.16,6.23,41.23,58.77,5.4,30,60,36.93,52.27,22.22,22.22
2026-07-15,8,12,2026-07-15 16:19:00,5,知多娘。常滑セラ杯,5,4488,小山 勉,1,40,52.6,0,0,0.17,6.9,54.78,73.91,6.14,47.62,61.9,35.56,57.78,0,0
2026-07-15,8,12,2026-07-15 16:19:00,5,知多娘。常滑セラ杯,6,4877,鈴谷 一平,1,31,55.1,0,0,0.14,6.02,43.56,57.43,6.17,50,66.67,39.31,51.45,72.73,81.82
2026-07-15,12,1,2026-07-15 15:17:00,5,サンケイスポーツ旗争奪第69回GSS競走,1,3442,宮武 英司,3,56,54.5,0,0,0.16,4.61,21.21,45.45,4.73,24.24,45.45,24.62,50.77,46.55,55.17
2026-07-15,12,1,2026-07-15 15:17:00,5,サンケイスポーツ旗争奪第69回GSS競走,2,4173,岡谷 健吾,3,43,56.3,0,0,0.17,5.16,33.7,50,4.9,30,40,35.48,58.06,25.93,40.74
2026-07-15,12,1,2026-07-15 15:17:00,5,サンケイスポーツ旗争奪第69回GSS競走,3,5105,富田 恕生,3,27,52.3,0,0,0.18,4.32,21.74,39.13,7,66.67,77.78,33.87,62.9,38.98,49.15
2026-07-15,12,1,2026-07-15 15:17:00,5,サンケイスポーツ旗争奪第69回GSS競走,4,4834,浜本 裕己,2,38,51.5,0,0,0.15,5.58,37.21,55.04,5.01,28.57,41.67,25.81,40.32,27.87,36.07
2026-07-15,12,1,2026-07-15 15:17:00,5,サンケイスポーツ旗争奪第69回GSS競走,5,4306,畔柳 俊吾,3,42,52,0,0,0.21,4.96,26.51,46.99,4.87,29.03,45.16,44.26,57.38,40.32,62.9
2026-07-15,12,1,2026-07-15 15:17:00,5,サンケイスポーツ旗争奪第69回GSS競走,6,5470,坂口 諒宗,4,17,52.5,1,0,,1.27,0,0,0,0,0,41.27,61.9,32.81,57.81
2026-07-15,12,2,2026-07-15 15:41:00,5,サンケイスポーツ旗争奪第69回GSS競走,1,2538,高橋 二朗,3,77,52,0,0,0.21,3.31,5.49,19.78,3.71,14.29,28.57,37.88,50,45.28,66.04
2026-07-15,12,2,2026-07-15 15:41:00,5,サンケイスポーツ旗争奪第69回GSS競走,2,4228,吉田 慎二郎,2,43,55.1,1,0,0.17,6.28,47.46,66.1,5.16,36.36,56.82,27.42,43.55,37.1,53.23
2026-07-15,12,2,2026-07-15 15:41:00,5,サンケイスポーツ旗争奪第69回GSS競走,3,3741,松尾 基成,3,52,56.2,0,0,0.17,3.74,17.07,25.61,3.95,27.27,36.36,23.33,43.33,30.91,49.09
2026-07-15,12,2,2026-07-15 15:41:00,5,サンケイスポーツ旗争奪第69回GSS競走,4,5383,中村 楓,3,21,52.4,0,0,0.17,2.2,0,4.62,0,0,0,32.26,50,35.71,44.64
2026-07-15,12,2,2026-07-15 15:41:00,5,サンケイスポーツ旗争奪第69回GSS競走,5,5067,山田 真聖,3,27,57.3,0,0,0.16,5.38,33.8,56.34,3.67,16.67,16.67,20,38.57,48.33,68.33
2026-07-15,12,2,2026-07-15 15:41:00,5,サンケイスポーツ旗争奪第69回GSS競走,6,4669,井上 茂,3,41,52.7,0,0,0.16,4.78,25.56,45.56,3.29,14.29,14.29,20.29,33.33,37.5,58.33
2026-07-15,12,3,2026-07-15 16:07:00,5,サンケイスポーツ旗争奪第69回GSS競走,1,3550,都築 正治,3,55,52,0,0,0.16,5.62,41.18,54.62,4.6,26.67,40,21.88,35.94,39.58,66.67
2026-07-15,12,3,2026-07-15 16:07:00,5,サンケイスポーツ旗争奪第69回GSS競走,2,3478,嶋田 貴支,3,55,52,0,0,0.17,5.14,27.38,51.19,4.89,26.32,42.11,33.85,49.23,34.55,49.09
2026-07-15,12,3,2026-07-15 16:07:00,5,サンケイスポーツ旗争奪第69回GSS競走,3,4417,服部 剛,3,39,52,0,0,0.2,5.64,38.57,60,5,33.33,55.56,17.74,37.1,31.75,50.79
2026-07-15,12,3,2026-07-15 16:07:00,5,サンケイスポーツ旗争奪第69回GSS競走,4,4659,木下 翔太,1,35,52.2,0,0,0.15,7.28,48.72,71.79,6.67,45.61,69.3,36.51,50.79,36.07,49.18
2026-07-15,12,3,2026-07-15 16:07:00,5,サンケイスポーツ旗争奪第69回GSS競走,5,5420,吉原 快誓,4,20,52.1,0,0,0.17,2.09,0,8.62,0,0,0,39.06,51.56,37.29,52.54
2026-07-15,12,3,2026-07-15 16:07:00,5,サンケイスポーツ旗争奪第69回GSS競走,6,4619,伏田 裕隆,3,43,52,0,0,0.17,4.99,32.73,43.64,4.81,28.13,43.75,31.34,47.76,25.42,42.37
2026-07-15,12,4,2026-07-15 16:32:00,5,サンケイスポーツ旗争奪第69回GSS競走,1,5022,伊藤 尚汰,3,31,50,0,0,0.18,4.34,27.91,36.05,3.82,17.65,17.65,23.81,41.27,27.87,49.18
2026-07-15,12,4,2026-07-15 16:32:00,5,サンケイスポーツ旗争奪第69回GSS競走,2,4960,黒野 元基,1,30,52,0,0,0.14,7.71,64.6,78.76,6,37.5,65.63,34.92,49.21,29.51,44.26
2026-07-15,12,4,2026-07-15 16:32:00,5,サンケイスポーツ旗争奪第69回GSS競走,3,5262,鈴木 章司,3,28,52.2,1,0,0.19,4.34,20.55,39.73,4.22,11.11,44.44,46.97,60.61,32.2,44.07
2026-07-15,12,4,2026-07-15 16:32:00,5,サンケイスポーツ旗争奪第69回GSS競走,4,3826,村田 修次,2,53,52.2,0,0,0.15,6.3,45.3,68.38,9,88.89,100,19.4,31.34,43.48,52.17
2026-07-15,12,4,2026-07-15 16:32:00,5,サンケイスポーツ旗争奪第69回GSS競走,5,3161,古場 輝義,3,66,52,0,0,0.19,5.19,36.47,54.12,5.94,41.43,62.86,37.29,54.24,19.7,37.88
2026-07-15,12,4,2026-07-15 16:32:00,5,サンケイスポーツ旗争奪第69回GSS競走,6,3680,森林 太,3,53,54.2,0,0,0.22,4.33,21.5,33.64,4.48,18.52,37.04,33.87,58.06,33.33,53.7
2026-07-15,12,5,2026-07-15 17:01:00,5,サンケイスポーツ旗争奪第69回GSS競走,1,4718,北川 太一,2,33,52.1,1,0,0.14,6.59,53.33,73.33,5.55,36.36,45.45,49.15,66.1,33.33,50.88
2026-07-15,12,5,2026-07-15 17:01:00,5,サンケイスポーツ旗争奪第69回GSS競走,2,5379,廣部 大明,3,22,52.4,0,0,0.2,3.33,7.25,23.19,1.14,0,0,13.24,32.35,34.62,51.92
2026-07-15,12,5,2026-07-15 17:01:00,5,サンケイスポーツ旗争奪第69回GSS競走,3,5338,香月 大輝,3,25,52,0,0,0.16,4.35,22.22,40.74,0,0,0,31.34,44.78,32.79,39.34
2026-07-15,12,5,2026-07-15 17:01:00,5,サンケイスポーツ旗争奪第69回GSS競走,4,5396,近藤 来希,4,24,50.5,0,0,0.2,1.96,3.57,5.36,1.88,0,12.5,20.9,41.79,41.07,57.14
2026-07-15,12,5,2026-07-15 17:01:00,5,サンケイスポーツ旗争奪第69回GSS競走,5,4896,花本 剛,3,34,59,1,0,0.18,3.68,15.15,30.3,4.75,18.75,56.25,35.94,51.56,27.69,50.77
2026-07-15,12,5,2026-07-15 17:01:00,5,サンケイスポーツ旗争奪第69回GSS競走,6,4002,古結 宏,1,48,52.5,0,0,0.14,6.69,48.31,68.64,6.5,46.43,71.43,32.26,40.32,32.14,51.79
2026-07-15,12,6,2026-07-15 17:34:00,5,サンケイスポーツ旗争奪第69回GSS競走,1,4306,畔柳 俊吾,3,42,52,0,0,0.21,4.96,26.51,46.99,4.87,29.03,45.16,44.26,57.38,40.32,62.9
2026-07-15,12,6,2026-07-15 17:34:00,5,サンケイスポーツ旗争奪第69回GSS競走,2,4074,柳沢 一,1,45,52,0,0,0.13,6.51,49.59,66.67,6.5,50,61.54,49.21,66.67,33.93,50
2026-07-15,12,6,2026-07-15 17:34:00,5,サンケイスポーツ旗争奪第69回GSS競走,3,3340,池田 雷太,3,61,53.3,0,0,0.18,4.34,23.66,34.41,4.17,16.67,33.33,47.76,59.7,37.29,49.15
2026-07-15,12,6,2026-07-15 17:34:00,5,サンケイスポーツ旗争奪第69回GSS競走,4,4057,松井 賢治,2,47,52,0,0,0.15,5.91,45.16,59.68,6.1,50,60,45,65,20.9,35.82
2026-07-15,12,6,2026-07-15 17:34:00,5,サンケイスポーツ旗争奪第69回GSS競走,5,4567,上村 慎太郎,3,38,52,0,0,0.23,4.35,17.28,37.04,2.81,6.25,25,39.39,65.15,29.51,45.9
2026-07-15,12,6,2026-07-15 17:34:00,5,サンケイスポーツ旗争奪第69回GSS競走,6,5383,中村 楓,3,21,52.4,0,0,0.17,2.2,0,4.62,0,0,0,32.26,50,35.71,44.64
2026-07-15,12,7,2026-07-15 17:58:00,5,サンケイスポーツ旗争奪第69回GSS競走,1,5067,山田 真聖,3,27,57.3,0,0,0.16,5.38,33.8,56.34,3.67,16.67,16.67,20,38.57,48.33,68.33
2026-07-15,12,7,2026-07-15 17:58:00,5,サンケイスポーツ旗争奪第69回GSS競走,2,4677,片橋 幸貴,1,38,53.8,0,0,0.15,6.1,43.82,66.29,7.33,33.33,100,30.65,43.55,32.14,48.21
2026-07-15,12,7,2026-07-15 17:58:00,5,サンケイスポーツ旗争奪第69回GSS競走,3,4470,平田 健之佑,2,39,52.1,0,0,0.15,6.44,45.98,70.11,5.8,50,60,44.44,66.67,27.12,38.98
2026-07-15,12,7,2026-07-15 17:58:00,5,サンケイスポーツ旗争奪第69回GSS競走,4,3297,藤丸 光一,3,59,50,0,0,0.21,4.37,17.24,39.08,4.2,30,30,43.08,67.69,25.81,40.32
2026-07-15,12,7,2026-07-15 17:58:00,5,サンケイスポーツ旗争奪第69回GSS競走,5,4173,岡谷 健吾,3,43,56.3,0,0,0.17,5.16,33.7,50,4.9,30,40,35.48,58.06,25.93,40.74
2026-07-15,12,7,2026-07-15 17:58:00,5,サンケイスポーツ旗争奪第69回GSS競走,6,3478,嶋田 貴支,3,55,52,0,0,0.17,5.14,27.38,51.19,4.89,26.32,42.11,33.85,49.23,34.55,49.09
2026-07-15,12,8,2026-07-15 18:29:00,5,サンケイスポーツ旗争奪第69回GSS競走,1,4739,中村 晃朋,1,34,51,0,0,0.15,6.51,52.04,65.31,7.12,58.82,76.47,37.88,50,32.76,48.28
2026-07-15,12,8,2026-07-15 18:29:00,5,サンケイスポーツ旗争奪第69回GSS競走,2,3617,竹田 広樹,3,53,52.4,1,0,0.19,3.96,20.9,32.84,3.27,20,33.33,26.56,35.94,32.14,57.14
2026-07-15,12,8,2026-07-15 18:29:00,5,サンケイスポーツ旗争奪第69回GSS競走,3,3680,森林 太,3,53,54.2,0,0,0.22,4.33,21.5,33.64,4.48,18.52,37.04,33.87,58.06,33.33,53.7
2026-07-15,12,8,2026-07-15 18:29:00,5,サンケイスポーツ旗争奪第69回GSS競走,4,3550,都築 正治,3,55,52,0,0,0.16,5.62,41.18,54.62,4.6,26.67,40,21.88,35.94,39.58,66.67
2026-07-15,12,8,2026-07-15 18:29:00,5,サンケイスポーツ旗争奪第69回GSS競走,5,3885,久田 武,2,52,52.1,0,0,0.17,5.38,33.71,53.93,4.56,22.22,55.56,36.92,63.08,34.55,60
2026-07-15,12,8,2026-07-15 18:29:00,5,サンケイスポーツ旗争奪第69回GSS競走,6,5105,富田 恕生,3,27,52.3,0,0,0.18,4.32,21.74,39.13,7,66.67,77.78,33.87,62.9,38.98,49.15
2026-07-15,12,9,2026-07-15 18:55:00,5,サンケイスポーツ旗争奪第69回GSS競走,1,4417,服部 剛,3,39,52,0,0,0.2,5.64,38.57,60,5,33.33,55.56,17.74,37.1,31.75,50.79
2026-07-15,12,9,2026-07-15 18:55:00,5,サンケイスポーツ旗争奪第69回GSS競走,2,4834,浜本 裕己,2,38,51.5,0,0,0.15,5.58,37.21,55.04,5.01,28.57,41.67,25.81,40.32,27.87,36.07
2026-07-15,12,9,2026-07-15 18:55:00,5,サンケイスポーツ旗争奪第69回GSS競走,3,4669,井上 茂,3,41,52.7,0,0,0.16,4.78,25.56,45.56,3.29,14.29,14.29,20.29,33.33,37.5,58.33
2026-07-15,12,9,2026-07-15 18:55:00,5,サンケイスポーツ旗争奪第69回GSS競走,4,3873,別府 昌樹,3,50,55,0,0,0.21,4.22,17.65,31.37,5.89,46.43,53.57,42.19,59.38,26.23,40.98
2026-07-15,12,9,2026-07-15 18:55:00,5,サンケイスポーツ旗争奪第69回GSS競走,5,4295,小坂 尚哉,1,39,52.4,0,0,0.14,7.18,53.97,76.19,6.24,39.02,58.54,28.57,39.68,24.39,41.46
2026-07-15,12,9,2026-07-15 18:55:00,5,サンケイスポーツ旗争奪第69回GSS競走,6,5262,鈴木 章司,3,28,52.2,1,0,0.19,4.34,20.55,39.73,4.22,11.11,44.44,46.97,60.61,32.2,44.07
2026-07-15,12,10,2026-07-15 19:25:00,5,サンケイスポーツ旗争奪第69回GSS競走,1,3826,村田 修次,2,53,52.2,0,0,0.15,6.3,45.3,68.38,9,88.89,100,19.4,31.34,43.48,52.17
2026-07-15,12,10,2026-07-15 19:25:00,5,サンケイスポーツ旗争奪第69回GSS競走,2,4619,伏田 裕隆,3,43,52,0,0,0.17,4.99,32.73,43.64,4.81,28.13,43.75,31.34,47.76,25.42,42.37
2026-07-15,12,10,2026-07-15 19:25:00,5,サンケイスポーツ旗争奪第69回GSS競走,3,4155,長野 壮志郎,2,45,55.3,0,0,0.16,6.15,46.02,63.72,6.83,66.67,75,31.34,40.3,32.79,47.54
2026-07-15,12,10,2026-07-15 19:25:00,5,サンケイスポーツ旗争奪第69回GSS競走,4,4294,古賀 繁輝,1,39,56.5,0,0,0.14,5.74,38.46,54.81,0,0,0,26.98,39.68,33.93,50
2026-07-15,12,10,2026-07-15 19:25:00,5,サンケイスポーツ旗争奪第69回GSS競走,5,3442,宮武 英司,3,56,54.5,0,0,0.16,4.61,21.21,45.45,4.73,24.24,45.45,24.62,50.77,46.55,55.17
2026-07-15,12,10,2026-07-15 19:25:00,5,サンケイスポーツ旗争奪第69回GSS競走,6,4228,吉田 慎二郎,2,43,55.1,1,0,0.17,6.28,47.46,66.1,5.16,36.36,56.82,27.42,43.55,37.1,53.23
2026-07-15,12,11,2026-07-15 20:03:00,5,サンケイスポーツ旗争奪第69回GSS競走,1,3997,北村 征嗣,1,47,52.5,0,0,0.16,6.22,41.54,62.31,5.74,38.14,56.7,8.77,19.3,39.66,55.17
2026-07-15,12,11,2026-07-15 20:03:00,5,サンケイスポーツ旗争奪第69回GSS競走,2,5134,大原 祥昌,2,26,53.3,0,0,0.15,5.7,44.32,56.82,6.13,37.5,75,38.81,64.18,42.86,58.93
2026-07-15,12,11,2026-07-15 20:03:00,5,サンケイスポーツ旗争奪第69回GSS競走,3,4906,鈴木 雅希,2,31,52.8,0,0,0.18,5.45,36.23,53.62,4.86,28.57,50,27.69,36.92,37.7,55.74
2026-07-15,12,11,2026-07-15 20:03:00,5,サンケイスポーツ旗争奪第69回GSS競走,4,5269,山口 晃朋,2,25,52,0,0,0.16,5.73,39.24,51.9,5.64,36.36,36.36,45.31,68.75,45.45,58.18
2026-07-15,12,11,2026-07-15 20:03:00,5,サンケイスポーツ旗争奪第69回GSS競走,5,4718,北川 太一,2,33,52.1,1,0,0.14,6.59,53.33,73.33,5.55,36.36,45.45,49.15,66.1,33.33,50.88
2026-07-15,12,11,2026-07-15 20:03:00,5,サンケイスポーツ旗争奪第69回GSS競走,6,4470,平田 健之佑,2,39,52.1,0,0,0.15,6.44,45.98,70.11,5.8,50,60,44.44,66.67,27.12,38.98
2026-07-15,12,12,2026-07-15 20:31:00,5,サンケイスポーツ旗争奪第69回GSS競走,1,4659,木下 翔太,1,35,52.2,0,0,0.15,7.28,48.72,71.79,6.67,45.61,69.3,36.51,50.79,36.07,49.18
2026-07-15,12,12,2026-07-15 20:31:00,5,サンケイスポーツ旗争奪第69回GSS競走,2,4002,古結 宏,1,48,52.5,0,0,0.14,6.69,48.31,68.64,6.5,46.43,71.43,32.26,40.32,32.14,51.79
2026-07-15,12,12,2026-07-15 20:31:00,5,サンケイスポーツ旗争奪第69回GSS競走,3,4074,柳沢 一,1,45,52,0,0,0.13,6.51,49.59,66.67,6.5,50,61.54,49.21,66.67,33.93,50
2026-07-15,12,12,2026-07-15 20:31:00,5,サンケイスポーツ旗争奪第69回GSS競走,4,4677,片橋 幸貴,1,38,53.8,0,0,0.15,6.1,43.82,66.29,7.33,33.33,100,30.65,43.55,32.14,48.21
2026-07-15,12,12,2026-07-15 20:31:00,5,サンケイスポーツ旗争奪第69回GSS競走,5,4739,中村 晃朋,1,34,51,0,0,0.15,6.51,52.04,65.31,7.12,58.82,76.47,37.88,50,32.76,48.28
2026-07-15,12,12,2026-07-15 20:31:00,5,サンケイスポーツ旗争奪第69回GSS競走,6,4960,黒野 元基,1,30,52,0,0,0.14,7.71,64.6,78.76,6,37.5,65.63,34.92,49.21,29.51,44.26
2026-07-15,13,1,2026-07-15 10:35:00,4,オールレディース競走 あまがさきピンクルカップ,1,5264,登 みひ果,3,26,44.5,1,0,0.15,4.92,25,46.3,4.31,21.56,36.53,12.9,40.32,27.59,55.17
2026-07-15,13,1,2026-07-15 10:35:00,4,オールレディース競走 あまがさきピンクルカップ,2,3509,池 千夏,3,54,49.9,0,0,0.15,3.43,11.11,26.39,2.71,0,11.76,20.41,32.65,38.33,63.33
2026-07-15,13,1,2026-07-15 10:35:00,4,オールレディース競走 あまがさきピンクルカップ,3,3604,武藤 綾子,3,55,47.8,0,0,0.19,4.17,14.81,38.27,4.28,17.24,34.48,43.28,59.7,25,37.5
2026-07-15,13,1,2026-07-15 10:35:00,4,オールレディース競走 あまがさきピンクルカップ,4,4275,菅野 はやか,3,43,51.7,0,0,0.22,2.98,7.58,19.7,1.67,0,0,35.71,46.43,34.55,58.18
2026-07-15,13,1,2026-07-15 10:35:00,4,オールレディース競走 あまがさきピンクルカップ,5,4414,大澤 真菜,3,39,45.5,0,0,0.19,4.21,29.58,35.21,3.11,0,22.22,43.28,61.19,47.62,69.84
2026-07-15,13,1,2026-07-15 10:35:00,4,オールレディース競走 あまがさきピンクルカップ,6,5442,池田 美優,4,19,46.5,0,0,0.2,1.57,1.96,3.92,0,0,0,36.67,58.33,12.5,28.57
2026-07-15,13,2,2026-07-15 11:03:00,4,オールレディース競走 あまがさきピンクルカップ,1,5148,松本 怜,3,32,45.5,0,0,0.18,5.57,33.73,55.42,4.38,0,50,18.46,35.38,32.2,44.07
2026-07-15,13,2,2026-07-15 11:03:00,4,オールレディース競走 あまがさきピンクルカップ,2,5241,門田 栞,3,26,47.4,0,0,0.18,5.16,30.21,50,5.44,33.33,55.56,34.38,53.13,40.68,54.24
2026-07-15,13,2,2026-07-15 11:03:00,4,オールレディース競走 あまがさきピンクルカップ,3,4990,田中 博子,4,29,47,0,0,0.21,3.32,12.9,16.13,1.5,0,0,23.64,50.91,22.03,47.46
2026-07-15,13,2,2026-07-15 11:03:00,4,オールレディース競走 あまがさきピンクルカップ,4,4546,浜田 亜理沙,3,38,47,0,0,0.17,6.95,55.56,72.84,6.88,58.33,70.83,37.88,50,40,51.67
2026-07-15,13,2,2026-07-15 11:03:00,4,オールレディース競走 あまがさきピンクルカップ,5,4208,三浦 永理,1,43,46.5,0,0,0.15,7.09,56,74.4,0,0,0,22.58,37.1,34.48,58.62
2026-07-15,13,2,2026-07-15 11:03:00,4,オールレディース競走 あまがさきピンクルカップ,6,5440,薗頭 心,4,20,47,0,0,0.19,1.78,5.45,5.45,1.09,0,0,35.59,50.85,32.76,65.52
2026-07-15,13,3,2026-07-15 11:32:00,4,オールレディース競走 あまがさきピンクルカップ,1,3778,安達 美帆,3,50,47.1,0,0,0.22,2.75,11.32,16.98,3.83,20.69,31.03,33.33,50.72,22.41,37.93
2026-07-15,13,3,2026-07-15 11:32:00,4,オールレディース競走 あまがさきピンクルカップ,2,4347,魚谷 香織,2,41,45,0,0,0.18,5.89,40,57.89,0,0,0,38.98,57.63,23.81,36.51
2026-07-15,13,3,2026-07-15 11:32:00,4,オールレディース競走 あまがさきピンクルカップ,3,3845,中谷 朋子,2,49,45,0,0,0.21,5.3,32.43,54.05,0,0,0,45,56.67,31.67,55
2026-07-15,13,3,2026-07-15 11:32:00,4,オールレディース競走 あまがさきピンクルカップ,4,4733,赤井 睦,3,37,47.2,0,0,0.15,5.07,33.33,47.83,5.84,53.13,59.38,40.63,60.94,32.76,37.93
2026-07-15,13,3,2026-07-15 11:32:00,4,オールレディース競走 あまがさきピンクルカップ,5,3470,新田 芳美,3,56,47,0,0,0.17,5.36,29.41,49.41,2.4,0,0,31.67,50,46.55,58.62
2026-07-15,13,3,2026-07-15 11:32:00,4,オールレディース競走 あまがさきピンクルカップ,6,4534,坂 咲友理,3,36,45.5,0,0,0.21,4.34,22.06,39.71,3.89,22.22,44.44,46.15,61.54,36.51,53.97
2026-07-15,13,4,2026-07-15 12:01:00,4,オールレディース競走 あまがさきピンクルカップ,1,4408,仁科 さやか,3,40,47.8,0,0,0.19,3.32,17.57,22.97,0,0,0,36.36,53.03,34.43,54.1
2026-07-15,13,4,2026-07-15 12:01:00,4,オールレディース競走 あまがさきピンクルカップ,2,5069,山崎 小葉音,3,25,44,0,0,0.17,4.75,25.88,48.24,4.61,27.27,42.42,16.95,33.9,19.67,40.98
2026-07-15,13,4,2026-07-15 12:01:00,4,オールレディース競走 あまがさきピンクルカップ,3,4224,大橋 栄里佳,3,44,47.8,1,0,0.2,5.53,35.59,57.63,5.79,46.43,60.71,36.51,53.97,45.31,54.69
2026-07-15,13,4,2026-07-15 12:01:00,4,オールレディース競走 あまがさきピンクルカップ,4,4590,渡邉 優美,1,33,47.5,1,0,0.14,6.5,40.94,59.06,4.17,0,16.67,34.48,44.83,33.33,46.03
2026-07-15,13,4,2026-07-15 12:01:00,4,オールレディース競走 あまがさきピンクルカップ,5,5437,中澤 里桜,4,21,51.4,1,0,0.23,1.38,2.22,2.22,0,0,0,34.38,48.44,28.13,39.06
2026-07-15,13,4,2026-07-15 12:01:00,4,オールレディース競走 あまがさきピンクルカップ,6,5324,畑田 希咲,3,23,47.3,0,0,0.21,2.37,1.96,7.84,1.8,4.44,6.67,29.82,49.12,30.65,43.55
2026-07-15,13,5,2026-07-15 12:30:00,4,オールレディース競走 あまがさきピンクルカップ,1,4450,平高 奈菜,2,39,47,0,0,0.16,6.27,44,60,6.08,44.74,65.79,25.86,37.93,28.13,48.44
2026-07-15,13,5,2026-07-15 12:30:00,4,オールレディース競走 あまがさきピンクルカップ,2,5320,岩崎 麗子,3,24,48.2,0,0,0.18,3.25,12.99,20.78,0,0,0,36.92,56.92,27.87,50.82
2026-07-15,13,5,2026-07-15 12:30:00,4,オールレディース競走 あまがさきピンクルカップ,3,4642,松尾 夏海,2,34,46.5,0,0,0.16,7.03,56.03,74.14,5.89,48.15,59.26,30.51,47.46,25.81,40.32
2026-07-15,13,5,2026-07-15 12:30:00,4,オールレディース競走 あまがさきピンクルカップ,4,4965,福岡 泉水,3,28,50.8,0,0,0.19,4.53,21.84,42.53,4.47,27,39,26.32,38.6,44.44,57.14
2026-07-15,13,5,2026-07-15 12:30:00,4,オールレディース競走 あまがさきピンクルカップ,5,5200,筒井 美琴,4,24,48.4,0,0,0.2,2.12,0,0,2,0,0,36.92,52.31,40.35,63.16
2026-07-15,13,5,2026-07-15 12:30:00,4,オールレディース競走 あまがさきピンクルカップ,6,5250,嶋田 有里,3,24,45,0,0,0.19,4.68,21.88,42.71,0,0,0,24.59,45.9,12.77,19.15
2026-07-15,13,6,2026-07-15 12:59:00,4,オールレディース競走 あまがさきピンクルカップ,1,3604,武藤 綾子,3,55,47.8,0,0,0.19,4.17,14.81,38.27,4.28,17.24,34.48,43.28,59.7,25,37.5
2026-07-15,13,6,2026-07-15 12:59:00,4,オールレディース競走 あまがさきピンクルカップ,2,3435,寺田 千恵,2,57,45.5,0,0,0.15,6.66,46.9,65.49,7.13,48.39,80.65,25.42,45.76,45.61,50.88
2026-07-15,13,6,2026-07-15 12:59:00,4,オールレディース競走 あまがさきピンクルカップ,3,3932,池田 浩美,3,50,51,0,0,0.17,4.69,32,41.33,3.1,20,20,39.34,52.46,28.57,46.03
2026-07-15,13,6,2026-07-15 12:59:00,4,オールレディース競走 あまがさきピンクルカップ,4,4123,細川 裕子,1,44,46.5,0,0,0.19,6.64,48.48,71.97,7.02,56.1,80.49,45.16,66.13,35.09,49.12
2026-07-15,13,6,2026-07-15 12:59:00,4,オールレディース競走 あまがさきピンクルカップ,5,5148,松本 怜,3,32,45.5,0,0,0.18,5.57,33.73,55.42,4.38,0,50,18.46,35.38,32.2,44.07
2026-07-15,13,6,2026-07-15 12:59:00,4,オールレディース競走 あまがさきピンクルカップ,6,4243,西村 歩,3,40,48.3,1,0,0.18,5.54,38.54,57.29,5.04,32.08,50.94,37.88,53.03,46.03,61.9
2026-07-15,13,7,2026-07-15 13:33:00,4,オールレディース競走 あまがさきピンクルカップ,1,4744,伊藤 玲奈,3,33,46.5,0,0,0.23,4.3,20.29,34.78,4.71,28.57,50,18.75,39.06,30.51,49.15
2026-07-15,13,7,2026-07-15 13:33:00,4,オールレディース競走 あまがさきピンクルカップ,2,3611,岩崎 芳美,2,53,48.1,0,0,0.14,6.12,40.86,61.29,5.76,33.33,61.9,35.09,43.86,42.37,49.15
2026-07-15,13,7,2026-07-15 13:33:00,4,オールレディース競走 あまがさきピンクルカップ,3,5078,山川 波乙,3,28,46.5,0,0,0.19,4.72,28.74,47.13,3.5,0,50,36.07,54.1,38.33,53.33
2026-07-15,13,7,2026-07-15 13:33:00,4,オールレディース競走 あまがさきピンクルカップ,4,5241,門田 栞,3,26,47.4,0,0,0.18,5.16,30.21,50,5.44,33.33,55.56,34.38,53.13,40.68,54.24
2026-07-15,13,7,2026-07-15 13:33:00,4,オールレディース競走 あまがさきピンクルカップ,5,4456,鎌倉 涼,1,37,45,1,0,0.16,6.52,41.05,58.95,7.29,57.14,71.43,53.33,66.67,34.48,53.45
2026-07-15,13,7,2026-07-15 13:33:00,4,オールレディース競走 あまがさきピンクルカップ,6,4071,古賀 千晶,3,45,46,0,0,0.17,4.74,28.57,38.96,4.53,29.49,39.74,30,58.33,30.51,50.85
2026-07-15,13,8,2026-07-15 14:07:00,4,オールレディース競走 あまがさきピンクルカップ,1,4117,廣中 智紗衣,2,45,46,0,0,0.22,5.96,46.15,64.96,7.41,63.64,81.82,18.6,23.26,19.05,42.86
2026-07-15,13,8,2026-07-15 14:07:00,4,オールレディース競走 あまがさきピンクルカップ,2,5340,樋江井 舞,3,24,46,0,0,0.16,4.04,19.35,37.63,1.89,0,0,21.88,35.94,45.61,64.91
2026-07-15,13,8,2026-07-15 14:07:00,4,オールレディース競走 あまがさきピンクルカップ,3,5265,大廣 咲季,3,26,46.5,0,0,0.15,3.71,13.95,32.56,4.7,40,40,19.67,36.07,31.67,48.33
2026-07-15,13,8,2026-07-15 14:07:00,4,オールレディース競走 あまがさきピンクルカップ,4,5437,中澤 里桜,4,21,51.4,1,0,0.23,1.38,2.22,2.22,0,0,0,34.38,48.44,28.13,39.06
2026-07-15,13,8,2026-07-15 14:07:00,4,オールレディース競走 あまがさきピンクルカップ,5,3845,中谷 朋子,2,49,45,0,0,0.21,5.3,32.43,54.05,0,0,0,45,56.67,31.67,55
2026-07-15,13,8,2026-07-15 14:07:00,4,オールレディース競走 あまがさきピンクルカップ,6,4530,小野 生奈,1,37,46.5,0,0,0.15,7.27,57.14,69.23,5.44,28,48,23.64,38.18,31.75,42.86
2026-07-15,13,9,2026-07-15 14:42:00,4,オールレディース競走 あまがさきピンクルカップ,1,4347,魚谷 香織,2,41,45,0,0,0.18,5.89,40,57.89,0,0,0,38.98,57.63,23.81,36.51
2026-07-15,13,9,2026-07-15 14:42:00,4,オールレディース競走 あまがさきピンクルカップ,2,4804,高田 ひかる,1,31,47,0,0,0.19,6.5,46.67,59.05,0,0,0,40.68,59.32,35.09,57.89
2026-07-15,13,9,2026-07-15 14:42:00,4,オールレディース競走 あまがさきピンクルカップ,3,4275,菅野 はやか,3,43,51.7,0,0,0.22,2.98,7.58,19.7,1.67,0,0,35.71,46.43,34.55,58.18
2026-07-15,13,9,2026-07-15 14:42:00,4,オールレディース競走 あまがさきピンクルカップ,4,5069,山崎 小葉音,3,25,44,0,0,0.17,4.75,25.88,48.24,4.61,27.27,42.42,16.95,33.9,19.67,40.98
2026-07-15,13,9,2026-07-15 14:42:00,4,オールレディース競走 あまがさきピンクルカップ,5,4450,平高 奈菜,2,39,47,0,0,0.16,6.27,44,60,6.08,44.74,65.79,25.86,37.93,28.13,48.44
2026-07-15,13,9,2026-07-15 14:42:00,4,オールレディース競走 あまがさきピンクルカップ,6,4990,田中 博子,4,29,47,0,0,0.21,3.32,12.9,16.13,1.5,0,0,23.64,50.91,22.03,47.46
2026-07-15,13,10,2026-07-15 15:18:00,4,オールレディース競走 あまがさきピンクルカップ,1,5326,三嶌 さらら,3,22,47,0,0,0.19,5.08,30.58,44.63,2.88,11.76,20.59,48.48,65.15,22.22,36.51
2026-07-15,13,10,2026-07-15 15:18:00,4,オールレディース競走 あまがさきピンクルカップ,2,4208,三浦 永理,1,43,46.5,0,0,0.15,7.09,56,74.4,0,0,0,22.58,37.1,34.48,58.62
2026-07-15,13,10,2026-07-15 15:18:00,4,オールレディース競走 あまがさきピンクルカップ,3,3470,新田 芳美,3,56,47,0,0,0.17,5.36,29.41,49.41,2.4,0,0,31.67,50,46.55,58.62
2026-07-15,13,10,2026-07-15 15:18:00,4,オールレディース競走 あまがさきピンクルカップ,4,3509,池 千夏,3,54,49.5,0,0,0.15,3.43,11.11,26.39,2.71,0,11.76,20.41,32.65,38.33,63.33
2026-07-15,13,10,2026-07-15 15:18:00,4,オールレディース競走 あまがさきピンクルカップ,5,3435,寺田 千恵,2,57,45.5,0,0,0.15,6.66,46.9,65.49,7.13,48.39,80.65,25.42,45.76,45.61,50.88
2026-07-15,13,10,2026-07-15 15:18:00,4,オールレディース競走 あまがさきピンクルカップ,6,4965,福岡 泉水,3,28,51,0,0,0.19,4.53,21.84,42.53,4.47,27,39,26.32,38.6,44.44,57.14
2026-07-15,13,11,2026-07-15 15:57:00,4,オールレディース競走 あまがさきピンクルカップ,1,4123,細川 裕子,1,44,46.5,0,0,0.19,6.64,48.48,71.97,7.02,56.1,80.49,45.16,66.13,35.09,49.12
2026-07-15,13,11,2026-07-15 15:57:00,4,オールレディース競走 あまがさきピンクルカップ,2,5264,登 みひ果,3,26,44.5,1,0,0.15,4.92,25,46.3,4.31,21.56,36.53,12.9,40.32,27.59,55.17
2026-07-15,13,11,2026-07-15 15:57:00,4,オールレディース競走 あまがさきピンクルカップ,3,5250,嶋田 有里,3,24,45,0,0,0.19,4.68,21.88,42.71,0,0,0,24.59,45.9,12.77,19.15
2026-07-15,13,11,2026-07-15 15:57:00,4,オールレディース競走 あまがさきピンクルカップ,4,4419,原 加央理,2,38,45.5,0,0,0.16,5.83,38.27,60.49,5.27,33.33,50,39.34,49.18,29.31,48.28
2026-07-15,13,11,2026-07-15 15:57:00,4,オールレディース競走 あまがさきピンクルカップ,5,4224,大橋 栄里佳,3,44,47.8,1,0,0.2,5.53,35.59,57.63,5.79,46.43,60.71,36.51,53.97,45.31,54.69
2026-07-15,13,11,2026-07-15 15:57:00,4,オールレディース競走 あまがさきピンクルカップ,6,5078,山川 波乙,3,28,46.5,0,0,0.19,4.72,28.74,47.13,3.5,0,50,36.07,54.1,38.33,53.33
2026-07-15,13,12,2026-07-15 16:35:00,4,オールレディース競走 あまがさきピンクルカップ,1,4590,渡邉 優美,1,33,47.5,1,0,0.14,6.5,40.94,59.06,4.17,0,16.67,34.48,44.83,33.33,46.03
2026-07-15,13,12,2026-07-15 16:35:00,4,オールレディース競走 あまがさきピンクルカップ,2,4243,西村 歩,3,40,48.3,1,0,0.18,5.54,38.54,57.29,5.04,32.08,50.94,37.88,53.03,46.03,61.9
2026-07-15,13,12,2026-07-15 16:35:00,4,オールレディース競走 あまがさきピンクルカップ,3,4546,浜田 亜理沙,3,38,47,0,0,0.17,6.95,55.56,72.84,6.88,58.33,70.83,37.88,50,40,51.67
2026-07-15,13,12,2026-07-15 16:35:00,4,オールレディース競走 あまがさきピンクルカップ,4,4071,古賀 千晶,3,45,46,0,0,0.17,4.74,28.57,38.96,4.53,29.49,39.74,30,58.33,30.51,50.85
2026-07-15,13,12,2026-07-15 16:35:00,4,オールレディース競走 あまがさきピンクルカップ,5,4733,赤井 睦,3,37,47.2,0,0,0.15,5.07,33.33,47.83,5.84,53.13,59.38,40.63,60.94,32.76,37.93
2026-07-15,13,12,2026-07-15 16:35:00,4,オールレディース競走 あまがさきピンクルカップ,6,4642,松尾 夏海,2,34,46.5,0,0,0.16,7.03,56.03,74.14,5.89,48.15,59.26,30.51,47.46,25.81,40.32
2026-07-15,17,1,2026-07-15 10:43:00,5,ばんえい十勝杯,1,4133,高橋 正男,2,46,52,0,0,0.17,6.48,55.43,65.22,5.62,42.86,52.38,43.78,57.3,28.4,49.7
2026-07-15,17,1,2026-07-15 10:43:00,5,ばんえい十勝杯,2,3054,北川 幸典,3,63,52,1,0,0.19,5.51,31.87,58.24,5.74,40.48,55.95,31.93,51.2,31.98,47.67
2026-07-15,17,1,2026-07-15 10:43:00,5,ばんえい十勝杯,3,5071,野見山 拓己,3,31,52.2,1,0,0.13,4.38,21.79,42.31,0,0,0,32.39,47.73,31.91,52.13
2026-07-15,17,1,2026-07-15 10:43:00,5,ばんえい十勝杯,4,4006,小野 勇作,3,48,51,0,0,0.17,4.96,29.29,46.46,5.31,39.58,52.08,45.86,62.98,28.43,44.16
2026-07-15,17,1,2026-07-15 10:43:00,5,ばんえい十勝杯,5,3701,大西 隆洋,3,53,55,0,0,0.16,4.26,18.18,36.36,3.14,0,14.29,28.18,40.88,34.38,49.48
2026-07-15,17,1,2026-07-15 10:43:00,5,ばんえい十勝杯,6,3730,塩崎 優司,3,54,52.3,0,0,0.17,4.88,31.4,47.67,0,0,0,27.07,41.99,33.54,51.83
2026-07-15,17,2,2026-07-15 11:15:00,5,ばんえい十勝杯,1,4257,古川 健,3,42,52,0,0,0.16,4.58,25,40.91,5.42,35.82,49.25,29.89,54.02,31.71,48.29
2026-07-15,17,2,2026-07-15 11:15:00,5,ばんえい十勝杯,2,3981,今坂 晃広,3,48,53.8,0,0,0.18,3.9,17.59,29.63,4.08,23.08,26.92,26.62,40.91,24.62,38.46
2026-07-15,17,2,2026-07-15 11:15:00,5,ばんえい十勝杯,3,5348,小林 甘寧,3,22,52,0,0,0.16,5.05,33.75,48.75,3.23,15.94,24.64,35.71,48.35,40.21,55.67
2026-07-15,17,2,2026-07-15 11:15:00,5,ばんえい十勝杯,4,4252,松下 哲也,3,43,51.5,0,0,0.19,4.36,18.82,40,4.19,18.52,29.63,25.14,34.64,34.17,51.26
2026-07-15,17,2,2026-07-15 11:15:00,5,ばんえい十勝杯,5,4425,大井 清貴,3,40,54.7,0,0,0.19,4.65,21.52,44.3,4.06,27.78,33.33,25,43.42,27.59,44.83
2026-07-15,17,2,2026-07-15 11:15:00,5,ばんえい十勝杯,6,3745,橋本 年光,3,51,52,0,0,0.19,5.08,27.91,50,5.88,46.88,53.13,30.81,41.08,34.57,50.53
2026-07-15,17,3,2026-07-15 11:43:00,5,ばんえい十勝杯,1,4293,鈴木 智啓,3,40,59.1,0,0,0.18,5.04,29.91,51.4,5.03,24.14,55.17,36.47,54.12,36.78,50.57
2026-07-15,17,3,2026-07-15 11:43:00,5,ばんえい十勝杯,2,3703,鳥飼 眞,2,52,50.5,0,0,0.18,6.1,45.22,62.61,6.16,42.11,63.16,24.85,38.46,32.82,47.18
2026-07-15,17,3,2026-07-15 11:43:00,5,ばんえい十勝杯,3,4515,藤田 浩人,2,40,53,0,0,0.17,6.13,41.09,64.34,6.41,44.44,62.96,27.89,46.94,27.92,44.16
2026-07-15,17,3,2026-07-15 11:43:00,5,ばんえい十勝杯,4,4748,渡邉 雄朗,1,40,52,1,0,0.16,6.33,43.62,65.96,6,45.45,63.64,34.76,51.87,35.78,57.84
2026-07-15,17,3,2026-07-15 11:43:00,5,ばんえい十勝杯,5,5398,鐘ヶ江 真司,3,24,52.4,0,0,0.19,4.22,21.3,33.33,0,0,0,32.57,52.57,36.84,49.47
2026-07-15,17,3,2026-07-15 11:43:00,5,ばんえい十勝杯,6,4068,幸田 智裕,3,46,52.3,0,0,0.17,4.95,23.23,52.53,4.39,27.78,44.44,31.63,48.98,36.07,56.28
2026-07-15,17,4,2026-07-15 12:14:00,5,ばんえい十勝杯,1,3934,鋤柄 貴俊,3,49,52,0,0,0.17,4.99,25.62,49.59,4.72,27.78,44.44,33.33,53.33,25,45.27
2026-07-15,17,4,2026-07-15 12:14:00,5,ばんえい十勝杯,2,4772,石丸 海渡,1,33,53.8,0,0,0.11,6.75,51.92,68.27,7.7,65,80,24.84,42.86,27.78,47.22
2026-07-15,17,4,2026-07-15 12:14:00,5,ばんえい十勝杯,3,4058,野末 智一,1,47,52,0,0,0.19,6.05,43.51,61.83,5.17,27.78,55.56,41.45,51.81,38.46,50.3
2026-07-15,17,4,2026-07-15 12:14:00,5,ばんえい十勝杯,4,5144,中尾 彩香,3,25,47,0,0,0.17,5.2,33.67,54.08,5,22.22,66.67,32.75,47.37,34.94,57.83
2026-07-15,17,4,2026-07-15 12:14:00,5,ばんえい十勝杯,5,4509,平見 真彦,2,37,53.4,0,0,0.18,5.72,35.53,59.21,4.69,25.64,48.72,32.98,47.64,30.06,45.66
2026-07-15,17,4,2026-07-15 12:14:00,5,ばんえい十勝杯,6,4666,日笠 勝弘,3,42,52,0,0,0.16,3.93,21.62,32.43,4.19,22.22,33.33,34.05,54.05,36.36,54.04
2026-07-15,17,5,2026-07-15 12:41:00,5,ばんえい十勝杯,1,4313,西村 美智子,2,42,49.9,0,0,0.15,5.18,35.16,47.25,6,30,60,41.05,58.42,26.49,45.03
2026-07-15,17,5,2026-07-15 12:41:00,5,ばんえい十勝杯,2,5317,長尾 萌加,3,25,46,0,0,0.17,4.76,22.33,44.66,5,5.56,44.44,32.54,47.93,33.68,55.44
2026-07-15,17,5,2026-07-15 12:41:00,5,ばんえい十勝杯,3,5358,増本 杏珠,4,20,49,0,0,0.21,2.5,4.17,12.5,2.33,0,0,39.13,54.89,32.67,46.53
2026-07-15,17,5,2026-07-15 12:41:00,5,ばんえい十勝杯,4,4853,前原 哉,3,31,45,0,0,0.22,4.76,23.61,44.44,4.17,20,31.43,35.6,56.02,27.46,49.3
2026-07-15,17,5,2026-07-15 12:41:00,5,ばんえい十勝杯,5,4387,平山 智加,1,41,46.5,0,0,0.15,6.7,46.46,68.5,6.43,40,60,37.84,56.76,31.16,47.74
2026-07-15,17,5,2026-07-15 12:41:00,5,ばんえい十勝杯,6,5389,恵良 琴美,3,19,43.5,0,0,0.19,2.18,0,8.82,1.46,4.17,4.17,32.24,46.99,23.88,46.27
2026-07-15,17,6,2026-07-15 13:23:00,5,ばんえい十勝杯,1,4840,鈴木 秀茉,3,34,52,0,0,0.16,5.06,33.33,51.96,0,0,0,37.06,54.82,34.9,51.04
2026-07-15,17,6,2026-07-15 13:23:00,5,ばんえい十勝杯,2,4574,東 潤樹,2,37,52.6,0,0,0.17,5.37,33.33,56.57,5.25,35,46.67,42.86,55.95,32.45,50.53
2026-07-15,17,6,2026-07-15 13:23:00,5,ばんえい十勝杯,3,3730,塩崎 優司,3,54,52.3,0,0,0.17,4.88,31.4,47.67,0,0,0,27.07,41.99,33.54,51.83
2026-07-15,17,6,2026-07-15 13:23:00,5,ばんえい十勝杯,4,4184,渡邊 雄一郎,1,40,52.2,0,0,0.17,7.02,52.43,73.79,5.6,40,45,34.55,47.88,28.47,40.28
2026-07-15,17,6,2026-07-15 13:23:00,5,ばんえい十勝杯,5,3910,松下 知幸,3,52,51.5,0,0,0.17,4.13,19.78,30.77,4.25,15,42.5,28.57,50,33.85,51.56
2026-07-15,17,6,2026-07-15 13:23:00,5,ばんえい十勝杯,6,5405,竹内 来,3,22,51.5,0,0,0.19,2.3,1.59,12.7,0,0,0,36.42,54.34,37.85,55.37
2026-07-15,17,7,2026-07-15 13:58:00,5,ばんえい十勝杯,1,5071,野見山 拓己,3,31,52.2,1,0,0.13,4.38,21.79,42.31,0,0,0,32.39,47.73,31.91,52.13
2026-07-15,17,7,2026-07-15 13:58:00,5,ばんえい十勝杯,2,4527,高野 心吾,3,38,51.5,0,0,0.17,4.53,24.05,41.77,0,0,0,26.62,42.21,48.26,61.69
2026-07-15,17,7,2026-07-15 13:58:00,5,ばんえい十勝杯,3,4776,竹田 和哉,1,32,52,0,0,0.16,6.82,47.66,70.31,6.11,35.71,67.86,34.07,52.75,41.67,51.11
2026-07-15,17,7,2026-07-15 13:58:00,5,ばんえい十勝杯,4,3981,今坂 晃広,3,48,53.8,0,0,0.18,3.9,17.59,29.63,4.08,23.08,26.92,26.62,40.91,24.62,38.46
2026-07-15,17,7,2026-07-15 13:58:00,5,ばんえい十勝杯,5,4015,前野 竜一,2,46,57.6,0,0,0.16,5.99,38.26,60.87,6.13,38.71,67.74,48.98,65.82,39.89,57.38
2026-07-15,17,7,2026-07-15 13:58:00,5,ばんえい十勝杯,6,4811,向井田 佑紀,3,37,51,0,0,0.16,4.88,27.62,45.71,5.24,31.73,46.15,34.76,50.27,29.61,49.51
2026-07-15,17,8,2026-07-15 14:29:00,5,ばんえい十勝杯,1,4006,小野 勇作,3,48,51,0,0,0.17,4.96,29.29,46.46,5.31,39.58,52.08,45.86,62.98,28.43,44.16
2026-07-15,17,8,2026-07-15 14:29:00,5,ばんえい十勝杯,2,4140,梶野 学志,2,45,52.7,1,0,0.15,6.2,48.96,64.58,7.33,63.33,76.67,42.41,60.73,38.24,51.76
2026-07-15,17,8,2026-07-15 14:29:00,5,ばんえい十勝杯,3,4826,井上 一輝,1,32,52,0,0,0.13,6.92,47.57,69.9,8,68.97,82.76,37.95,56.92,32.98,45.55
2026-07-15,17,8,2026-07-15 14:29:00,5,ばんえい十勝杯,4,4293,鈴木 智啓,3,40,59.1,0,0,0.18,5.04,29.91,51.4,5.03,24.14,55.17,36.47,54.12,36.78,50.57
2026-07-15,17,8,2026-07-15 14:29:00,5,ばんえい十勝杯,5,4257,古川 健,3,42,52,0,0,0.16,4.58,25,40.91,5.42,35.82,49.25,29.89,54.02,31.71,48.29
2026-07-15,17,8,2026-07-15 14:29:00,5,ばんえい十勝杯,6,5446,長嶺 真李愛,4,24,52.4,0,0,,1.3,0,0,0,0,0,39.9,60.1,26.24,44.68
2026-07-15,17,9,2026-07-15 14:56:00,5,ばんえい十勝杯,1,4425,大井 清貴,3,40,54.7,0,0,0.19,4.65,21.52,44.3,4.06,27.78,33.33,25,43.42,27.59,44.83
2026-07-15,17,9,2026-07-15 14:56:00,5,ばんえい十勝杯,2,4509,平見 真彦,2,37,53.4,0,0,0.18,5.72,35.53,59.21,4.69,25.64,48.72,32.98,47.64,30.06,45.66
2026-07-15,17,9,2026-07-15 14:56:00,5,ばんえい十勝杯,3,3701,大西 隆洋,3,53,55,0,0,0.16,4.26,18.18,36.36,3.14,0,14.29,28.18,40.88,34.38,49.48
2026-07-15,17,9,2026-07-15 14:56:00,5,ばんえい十勝杯,4,4068,幸田 智裕,3,46,52.3,0,0,0.17,4.95,23.23,52.53,4.39,27.78,44.44,31.63,48.98,36.07,56.28
2026-07-15,17,9,2026-07-15 14:56:00,5,ばんえい十勝杯,5,5300,横田 海人,3,23,52,0,0,0.18,2.07,4.71,8.24,0,0,0,27.91,46.51,31.71,48.78
2026-07-15,17,9,2026-07-15 14:56:00,5,ばんえい十勝杯,6,3265,今村 暢孝,2,61,52,1,0,0.15,6.05,43.37,61.45,6.35,44.44,68.52,26.8,39.22,40.76,53.26
2026-07-15,17,10,2026-07-15 15:33:00,5,ばんえい十勝杯,1,4150,山田 雄太,2,44,55.8,0,0,0.15,5.88,44.12,59.8,4.7,20,50,33.52,51.4,27.41,49.63
2026-07-15,17,10,2026-07-15 15:33:00,5,ばんえい十勝杯,2,3745,橋本 年光,3,51,52,0,0,0.19,5.08,27.91,50,5.88,46.88,53.13,30.81,41.08,34.57,50.53
2026-07-15,17,10,2026-07-15 15:33:00,5,ばんえい十勝杯,3,5317,長尾 萌加,3,25,45.5,0,0,0.17,4.76,22.33,44.66,5,5.56,44.44,32.54,47.93,33.68,55.44
2026-07-15,17,10,2026-07-15 15:33:00,5,ばんえい十勝杯,4,3703,鳥飼 眞,2,52,50.5,0,0,0.18,6.1,45.22,62.61,6.16,42.11,63.16,24.85,38.46,32.82,47.18
2026-07-15,17,10,2026-07-15 15:33:00,5,ばんえい十勝杯,5,3934,鋤柄 貴俊,3,49,52,0,0,0.17,4.99,25.62,49.59,4.72,27.78,44.44,33.33,53.33,25,45.27
2026-07-15,17,10,2026-07-15 15:33:00,5,ばんえい十勝杯,6,3054,北川 幸典,3,63,52,1,0,0.19,5.51,31.87,58.24,5.74,40.48,55.95,31.93,51.2,31.98,47.67
2026-07-15,17,11,2026-07-15 16:05:00,5,ばんえい十勝杯,1,4058,野末 智一,1,47,52,0,0,0.19,6.05,43.51,61.83,5.17,27.78,55.56,41.45,51.81,38.46,50.3
2026-07-15,17,11,2026-07-15 16:05:00,5,ばんえい十勝杯,2,4252,松下 哲也,3,43,51.5,0,0,0.19,4.36,18.82,40,4.19,18.52,29.63,25.14,34.64,34.17,51.26
2026-07-15,17,11,2026-07-15 16:05:00,5,ばんえい十勝杯,3,4313,西村 美智子,2,42,49.9,0,0,0.15,5.18,35.16,47.25,6,30,60,41.05,58.42,26.49,45.03
2026-07-15,17,11,2026-07-15 16:05:00,5,ばんえい十勝杯,4,4574,東 潤樹,2,37,52.6,0,0,0.17,5.37,33.33,56.57,5.25,35,46.67,42.86,55.95,32.45,50.53
2026-07-15,17,11,2026-07-15 16:05:00,5,ばんえい十勝杯,5,4133,高橋 正男,2,46,52,0,0,0.17,6.48,55.43,65.22,5.62,42.86,52.38,43.78,57.3,28.4,49.7
2026-07-15,17,11,2026-07-15 16:05:00,5,ばんえい十勝杯,6,4515,藤田 浩人,2,40,53,0,0,0.17,6.13,41.09,64.34,6.41,44.44,62.96,27.89,46.94,27.92,44.16
2026-07-15,17,12,2026-07-15 16:52:00,5,ばんえい十勝杯,1,4184,渡邊 雄一郎,1,40,52.2,0,0,0.17,7.02,52.43,73.79,5.6,40,45,34.55,47.88,28.47,40.28
2026-07-15,17,12,2026-07-15 16:52:00,5,ばんえい十勝杯,2,4387,平山 智加,1,41,46.5,0,0,0.15,6.7,46.46,68.5,6.43,40,60,37.84,56.76,31.16,47.74
2026-07-15,17,12,2026-07-15 16:52:00,5,ばんえい十勝杯,3,4748,渡邉 雄朗,1,40,52,1,0,0.16,6.33,43.62,65.96,6,45.45,63.64,34.76,51.87,35.78,57.84
2026-07-15,17,12,2026-07-15 16:52:00,5,ばんえい十勝杯,4,4772,石丸 海渡,1,33,53.8,0,0,0.11,6.75,51.92,68.27,7.7,65,80,24.84,42.86,27.78,47.22
2026-07-15,17,12,2026-07-15 16:52:00,5,ばんえい十勝杯,5,4776,竹田 和哉,1,32,52,0,0,0.16,6.82,47.66,70.31,6.11,35.71,67.86,34.07,52.75,41.67,51.11
2026-07-15,17,12,2026-07-15 16:52:00,5,ばんえい十勝杯,6,4826,井上 一輝,1,32,52,0,0,0.13,6.92,47.57,69.9,8,68.97,82.76,37.95,56.92,32.98,45.55
2026-07-15,18,1,2026-07-15 08:46:00,5,日本モーターボート選手会会長賞,1,4754,松尾 充,2,37,52,0,0,0.15,6.31,42.64,58.14,6,45.45,54.55,30.36,41.07,39.02,53.66
2026-07-15,18,1,2026-07-15 08:46:00,5,日本モーターボート選手会会長賞,2,3350,藤本 佳史,3,58,52.8,0,0,0.17,4.84,30.21,44.79,5.49,33.33,54.76,23.53,37.25,23.81,42.26
2026-07-15,18,1,2026-07-15 08:46:00,5,日本モーターボート選手会会長賞,3,4693,松下 誉士,3,42,53,0,0,0.19,4.1,22.33,33.98,4.17,11.11,33.33,36.23,63.77,44.85,58.79
2026-07-15,18,1,2026-07-15 08:46:00,5,日本モーターボート選手会会長賞,4,3904,森 貴洋,3,49,54.3,0,0,0.18,4.88,32.43,48.65,6.29,47.62,66.67,28.57,39.29,34.16,54.66
2026-07-15,18,1,2026-07-15 08:46:00,5,日本モーターボート選手会会長賞,5,4113,木村 浩士,3,45,56.9,0,0,0.18,4.62,22.62,40.48,3.88,12.5,31.25,32.14,55.36,36.09,49.7
2026-07-15,18,1,2026-07-15 08:46:00,5,日本モーターボート選手会会長賞,6,5407,中岡 駿,3,21,52,0,0,0.19,2.31,4.6,11.49,1.54,7.69,7.69,25,33.33,44.31,59.28
2026-07-15,18,2,2026-07-15 09:12:00,5,日本モーターボート選手会会長賞,1,3966,作間 章,1,46,54.4,0,0,0.17,6.7,46.55,68.97,6.81,52.38,80.95,37.7,59.02,26.35,43.11
2026-07-15,18,2,2026-07-15 09:12:00,5,日本モーターボート選手会会長賞,2,4303,牧原 崇,3,43,52,0,0,0.18,4.87,23.68,51.32,4.71,17.65,41.18,34.85,57.58,41.72,52.15
2026-07-15,18,2,2026-07-15 09:12:00,5,日本モーターボート選手会会長賞,3,3747,國崎 良春,2,51,52,0,0,0.16,5.4,37.35,57.83,5.34,26.32,52.63,28.07,45.61,24.39,39.63
2026-07-15,18,2,2026-07-15 09:12:00,5,日本モーターボート選手会会長賞,4,4423,坂口 貴彦,3,37,54,0,0,0.17,5.99,40.2,61.76,4.54,25,42.86,41.27,53.97,24.24,38.18
2026-07-15,18,2,2026-07-15 09:12:00,5,日本モーターボート選手会会長賞,5,4427,秦 英悟,1,40,52,0,0,0.14,6.72,48.72,60.68,7.52,61.9,76.19,41.67,52.08,37.65,59.41
2026-07-15,18,2,2026-07-15 09:12:00,5,日本モーターボート選手会会長賞,6,5172,田村 慶,3,25,52,0,0,0.19,4.7,27.27,41.56,2.69,3.85,15.38,37.7,54.1,33.94,51.52
2026-07-15,18,3,2026-07-15 09:38:00,5,日本モーターボート選手会会長賞,1,5023,久永 祥平,2,31,52,0,0,0.16,5.88,35,61.25,6.8,40,100,24.44,44.44,34.71,58.24
2026-07-15,18,3,2026-07-15 09:38:00,5,日本モーターボート選手会会長賞,2,4047,吉永 浩則,3,46,53.4,1,0,0.18,3.87,20,34.67,4.57,22.86,40,34.38,54.69,28.22,43.56
2026-07-15,18,3,2026-07-15 09:38:00,5,日本モーターボート選手会会長賞,3,4139,丹下 健,3,45,53.8,0,0,0.19,4.08,22.78,37.97,3.92,15.38,46.15,18.97,36.21,36.31,50.6
2026-07-15,18,3,2026-07-15 09:38:00,5,日本モーターボート選手会会長賞,4,4019,笠原 亮,1,46,52.3,0,0,0.17,7,52.54,65.25,6.75,37.5,75,21.88,40.63,33.14,49.7
2026-07-15,18,3,2026-07-15 09:38:00,5,日本モーターボート選手会会長賞,5,3841,佐々木 和伸,2,50,53.9,0,0,0.16,6.19,44.64,65.18,0,0,0,34.62,57.69,34.16,55.9
2026-07-15,18,3,2026-07-15 09:38:00,5,日本モーターボート選手会会長賞,6,3352,小川 晃司,3,58,51.5,0,0,0.17,4.24,8.6,39.78,4.81,23.08,46.15,29.51,40.98,29.45,50.31
2026-07-15,18,4,2026-07-15 10:04:00,5,日本モーターボート選手会会長賞,1,4852,川原 祐明,1,31,52,0,0,0.15,7.38,57.14,78.2,5.92,33.33,62.5,31.15,44.26,24.85,43.79
2026-07-15,18,4,2026-07-15 10:04:00,5,日本モーターボート選手会会長賞,2,4890,石川 諒,2,37,52,0,0,0.14,5.91,37.93,63.22,5.44,38.46,55.77,28.33,50,31.29,50.92
2026-07-15,18,4,2026-07-15 10:04:00,5,日本モーターボート選手会会長賞,3,3233,小畑 実成,3,59,53.3,1,0,0.16,4.39,22.73,36.36,4.25,25,37.5,33.33,50,28.82,45.88
2026-07-15,18,4,2026-07-15 10:04:00,5,日本モーターボート選手会会長賞,4,3742,宮地 秀祈,3,52,52,0,0,0.18,4.9,29.11,40.51,4.62,23.08,53.85,31.67,43.33,31.18,48.24
2026-07-15,18,4,2026-07-15 10:04:00,5,日本モーターボート選手会会長賞,5,4281,大澤 大夢,3,42,52,0,0,0.17,4.91,29.89,47.13,5.27,34.62,53.85,55.38,72.31,30.99,46.2
2026-07-15,18,4,2026-07-15 10:04:00,5,日本モーターボート選手会会長賞,6,5393,藤原 駿,4,25,54.9,0,0,0.23,1.51,0,1.25,1.32,0,0,30,51.67,33.33,49.09
2026-07-15,18,5,2026-07-15 10:30:00,5,日本モーターボート選手会会長賞,1,4446,和田 兼輔,1,39,52,0,0,0.13,6.92,50.98,68.63,7.29,62.5,79.17,26.79,42.86,29.09,43.03
2026-07-15,18,5,2026-07-15 10:30:00,5,日本モーターボート選手会会長賞,2,3838,伊藤 啓三,3,51,52,0,0,0.16,5.35,30.95,55.95,5.5,30,56.67,18.37,32.65,39.02,58.54
2026-07-15,18,5,2026-07-15 10:30:00,5,日本モーターボート選手会会長賞,3,3489,大場 敏,2,59,53.3,0,0,0.16,5.76,39.52,56.45,6.3,50,70,40,49.23,32.1,44.44
2026-07-15,18,5,2026-07-15 10:30:00,5,日本モーターボート選手会会長賞,4,4041,小林 基樹,3,47,53,0,0,0.21,3.75,16,28,3.25,16.67,25,21.57,35.29,42.01,59.76
2026-07-15,18,5,2026-07-15 10:30:00,5,日本モーターボート選手会会長賞,5,4486,野村 誠,2,40,52.7,0,0,0.18,5.85,40.95,58.1,6.54,50,70.83,30.77,48.08,32.75,45.61
2026-07-15,18,5,2026-07-15 10:30:00,5,日本モーターボート選手会会長賞,6,5453,久保 翔耶,4,20,52,0,0,,1.94,5.71,8.57,0,0,0,29.51,49.18,31.71,53.66
2026-07-15,18,6,2026-07-15 10:59:00,5,日本モーターボート選手会会長賞,1,3973,崎 利仁,3,49,54,0,0,0.21,4.31,22.55,37.25,3.88,25,31.25,54.1,68.85,31.18,45.29
2026-07-15,18,6,2026-07-15 10:59:00,5,日本モーターボート選手会会長賞,2,4287,今井 貴士,2,41,56.6,0,0,0.17,6.47,44.57,68.48,6.15,33.33,51.28,23.73,42.37,33.73,60.24
2026-07-15,18,6,2026-07-15 10:59:00,5,日本モーターボート選手会会長賞,3,5172,田村 慶,3,25,52,0,0,0.19,4.7,27.27,41.56,2.69,3.85,15.38,37.7,54.1,33.94,51.52
2026-07-15,18,6,2026-07-15 10:59:00,5,日本モーターボート選手会会長賞,4,4010,越智 照浩,3,46,56.3,0,0,0.17,4.47,20.25,36.71,4.22,11.11,44.44,42.62,49.18,36.59,56.71
2026-07-15,18,6,2026-07-15 10:59:00,5,日本モーターボート選手会会長賞,5,4754,松尾 充,2,37,52,0,0,0.15,6.31,42.64,58.14,6,45.45,54.55,30.36,41.07,39.02,53.66
2026-07-15,18,6,2026-07-15 10:59:00,5,日本モーターボート選手会会長賞,6,5463,出口 飛龍,4,19,53,0,0,,1.05,0,0,0,0,0,26.23,40.98,29.52,42.77
2026-07-15,18,7,2026-07-15 11:30:00,5,日本モーターボート選手会会長賞,1,4274,長畑 友輔,3,43,52.3,0,0,0.16,4.53,24.47,41.49,3.83,16.67,33.33,36.92,50.77,28.24,42.94
2026-07-15,18,7,2026-07-15 11:30:00,5,日本モーターボート選手会会長賞,2,3841,佐々木 和伸,2,50,53.9,0,0,0.16,6.19,44.64,65.18,0,0,0,34.62,57.69,34.16,55.9
2026-07-15,18,7,2026-07-15 11:30:00,5,日本モーターボート選手会会長賞,3,4485,楠原 正剛,3,40,54.9,1,0,0.16,5.08,30.19,48.11,5.27,27.27,63.64,29.51,39.34,31.33,49.4
2026-07-15,18,7,2026-07-15 11:30:00,5,日本モーターボート選手会会長賞,4,5407,中岡 駿,3,21,52,0,0,0.19,2.31,4.6,11.49,1.54,7.69,7.69,25,33.33,44.31,59.28
2026-07-15,18,7,2026-07-15 11:30:00,5,日本モーターボート選手会会長賞,5,4303,牧原 崇,3,43,52,0,0,0.18,4.87,23.68,51.32,4.71,17.65,41.18,34.85,57.58,41.72,52.15
2026-07-15,18,7,2026-07-15 11:30:00,5,日本モーターボート選手会会長賞,6,4066,東本 勝利,2,46,53.1,0,0,0.18,6.13,39.62,66.04,5.7,30,60,37.68,53.62,31.36,47.34
2026-07-15,18,8,2026-07-15 12:02:00,5,日本モーターボート選手会会長賞,1,4423,坂口 貴彦,3,37,54,0,0,0.17,5.99,40.2,61.76,4.54,25,42.86,41.27,53.97,24.24,38.18
2026-07-15,18,8,2026-07-15 12:02:00,5,日本モーターボート選手会会長賞,2,3928,林 恵祐,3,50,61.2,0,0,0.18,3.81,16.48,31.87,2.96,11.11,14.81,44.78,59.7,36.14,53.61
2026-07-15,18,8,2026-07-15 12:02:00,5,日本モーターボート選手会会長賞,3,4144,石塚 久也,2,44,52,0,0,0.18,6.5,45.37,69.44,6.27,46.94,67.35,35.82,49.25,25.75,48.5
2026-07-15,18,8,2026-07-15 12:02:00,5,日本モーターボート選手会会長賞,4,3350,藤本 佳史,3,58,52.8,0,0,0.17,4.84,30.21,44.79,5.49,33.33,54.76,23.53,37.25,23.81,42.26
2026-07-15,18,8,2026-07-15 12:02:00,5,日本モーターボート選手会会長賞,5,3439,大平 誉史明,1,56,51,0,0,0.16,6,43.4,59.43,0,0,0,27.94,51.47,35.76,55.76
2026-07-15,18,8,2026-07-15 12:02:00,5,日本モーターボート選手会会長賞,6,5364,金子 怜央,3,26,52.5,0,0,0.17,2.6,4.49,13.48,0,0,0,18.33,36.67,35.33,56.89
2026-07-15,18,9,2026-07-15 12:33:00,5,日本モーターボート選手会会長賞,1,4486,野村 誠,2,40,52,0,0,0.18,5.85,40.95,58.1,6.54,50,70.83,30.77,48.08,32.75,45.61
2026-07-15,18,9,2026-07-15 12:33:00,5,日本モーターボート選手会会長賞,2,4281,大澤 大夢,3,42,52,0,0,0.17,4.91,29.89,47.13,5.27,34.62,53.85,55.38,72.31,30.99,46.2
2026-07-15,18,9,2026-07-15 12:33:00,5,日本モーターボート選手会会長賞,3,4427,秦 英悟,1,40,51.5,0,0,0.14,6.72,48.72,60.68,7.52,61.9,76.19,41.67,52.08,37.65,59.41
2026-07-15,18,9,2026-07-15 12:33:00,5,日本モーターボート選手会会長賞,4,4693,松下 誉士,3,42,53,0,0,0.19,4.1,22.33,33.98,4.17,11.11,33.33,36.23,63.77,44.85,58.79
2026-07-15,18,9,2026-07-15 12:33:00,5,日本モーターボート選手会会長賞,5,5023,久永 祥平,2,31,51.5,0,0,0.16,5.88,35,61.25,6.8,40,100,24.44,44.44,34.71,58.24
2026-07-15,18,9,2026-07-15 12:33:00,5,日本モーターボート選手会会長賞,6,5434,藤田 康生,3,21,50.5,0,0,0.16,3.05,10.17,20.34,0,0,0,17.78,42.22,40.74,56.79
2026-07-15,18,10,2026-07-15 13:06:00,5,日本モーターボート選手会会長賞,1,4113,木村 浩士,3,45,56.9,0,0,0.18,4.62,22.62,40.48,3.88,12.5,31.25,32.14,55.36,36.09,49.7
2026-07-15,18,10,2026-07-15 13:06:00,5,日本モーターボート選手会会長賞,2,4041,小林 基樹,3,47,53,0,0,0.21,3.75,16,28,3.25,16.67,25,21.57,35.29,42.01,59.76
2026-07-15,18,10,2026-07-15 13:06:00,5,日本モーターボート選手会会長賞,3,4278,藤岡 俊介,1,43,51.5,0,0,0.13,7.02,56.91,69.11,5.69,42.31,53.85,32.26,51.61,31.95,49.7
2026-07-15,18,10,2026-07-15 13:06:00,5,日本モーターボート選手会会長賞,4,5393,藤原 駿,4,25,54.9,0,0,0.23,1.51,0,1.25,1.32,0,0,30,51.67,33.33,49.09
2026-07-15,18,10,2026-07-15 13:06:00,5,日本モーターボート選手会会長賞,5,3385,渡邉 睦広,2,57,51.5,0,0,0.16,5.59,39.81,57.41,6.5,54.55,63.64,30.91,54.55,30.12,45.78
2026-07-15,18,10,2026-07-15 13:06:00,5,日本モーターボート選手会会長賞,6,3747,國崎 良春,2,51,52,0,0,0.16,5.4,37.35,57.83,5.34,26.32,52.63,28.07,45.61,24.39,39.63
2026-07-15,18,11,2026-07-15 13:39:00,5,日本モーターボート選手会会長賞,1,4890,石川 諒,2,37,52,0,0,0.14,5.91,37.93,63.22,5.44,38.46,55.77,28.33,50,31.29,50.92
2026-07-15,18,11,2026-07-15 13:39:00,5,日本モーターボート選手会会長賞,2,3904,森 貴洋,3,49,54.3,0,0,0.18,4.88,32.43,48.65,6.29,47.62,66.67,28.57,39.29,34.16,54.66
2026-07-15,18,11,2026-07-15 13:39:00,5,日本モーターボート選手会会長賞,3,5328,井上 慧人,3,22,53.9,0,0,0.19,4.06,15.58,35.06,2.03,5.26,7.89,40,50.91,36.09,49.7
2026-07-15,18,11,2026-07-15 13:39:00,5,日本モーターボート選手会会長賞,4,3973,崎 利仁,3,49,54,0,0,0.21,4.31,22.55,37.25,3.88,25,31.25,54.1,68.85,31.18,45.29
2026-07-15,18,11,2026-07-15 13:39:00,5,日本モーターボート選手会会長賞,5,3966,作間 章,1,46,54.4,0,0,0.17,6.7,46.55,68.97,6.81,52.38,80.95,37.7,59.02,26.35,43.11
2026-07-15,18,11,2026-07-15 13:39:00,5,日本モーターボート選手会会長賞,6,3838,伊藤 啓三,3,51,52,0,0,0.16,5.35,30.95,55.95,5.5,30,56.67,18.37,32.65,39.02,58.54
2026-07-15,18,12,2026-07-15 14:13:00,5,日本モーターボート選手会会長賞,1,4019,笠原 亮,1,46,52.3,0,0,0.17,7,52.54,65.25,6.75,37.5,75,21.88,40.63,33.14,49.7
2026-07-15,18,12,2026-07-15 14:13:00,5,日本モーターボート選手会会長賞,2,3439,大平 誉史明,1,56,51,0,0,0.16,6,43.4,59.43,0,0,0,27.94,51.47,35.76,55.76
2026-07-15,18,12,2026-07-15 14:13:00,5,日本モーターボート選手会会長賞,3,4066,東本 勝利,2,46,53.1,0,0,0.18,6.13,39.62,66.04,5.7,30,60,37.68,53.62,31.36,47.34
2026-07-15,18,12,2026-07-15 14:13:00,5,日本モーターボート選手会会長賞,4,4446,和田 兼輔,1,39,52,0,0,0.13,6.92,50.98,68.63,7.29,62.5,79.17,26.79,42.86,29.09,43.03
2026-07-15,18,12,2026-07-15 14:13:00,5,日本モーターボート選手会会長賞,5,4852,川原 祐明,1,31,52,0,0,0.15,7.38,57.14,78.2,5.92,33.33,62.5,31.15,44.26,24.85,43.79
2026-07-15,18,12,2026-07-15 14:13:00,5,日本モーターボート選手会会長賞,6,4287,今井 貴士,2,41,56.6,0,0,0.17,6.47,44.57,68.48,6.15,33.33,51.28,23.73,42.37,33.73,60.24
2026-07-15,21,1,2026-07-15 08:32:00,5,モーニングレース誕生祭,1,4172,森定 晃史,2,43,52,0,0,0.17,6.19,43.55,66.13,6.5,44.44,77.78,43.33,53.33,37.5,57.81
2026-07-15,21,1,2026-07-15 08:32:00,5,モーニングレース誕生祭,2,4569,中澤 宏奈,3,38,47,0,0,0.17,4.85,32.35,44.12,0,0,0,25.81,37.1,26.92,38.46
2026-07-15,21,1,2026-07-15 08:32:00,5,モーニングレース誕生祭,3,3539,金子 順一,3,58,52,0,0,0.19,4.45,24,40,3.21,7.14,23.81,29.51,47.54,34,48
2026-07-15,21,1,2026-07-15 08:32:00,5,モーニングレース誕生祭,4,4615,板倉 敦史,3,46,53.1,0,0,0.19,4.41,23.17,36.59,4.26,18.52,37.04,40.98,52.46,26.67,45
2026-07-15,21,1,2026-07-15 08:32:00,5,モーニングレース誕生祭,5,4727,安部 慎一,3,38,52.6,0,0,0.16,3.82,13.43,34.33,4.88,32.35,47.06,24.56,42.11,31.03,43.1
2026-07-15,21,1,2026-07-15 08:32:00,5,モーニングレース誕生祭,6,5464,宮田 栞,4,19,48.9,0,0,,1.25,0,0,0,0,0,28.13,46.88,24.53,50.94
2026-07-15,21,2,2026-07-15 08:58:00,5,モーニングレース誕生祭,1,4469,土山 卓也,2,39,53.6,0,0,0.17,5.89,42.11,56.84,0,0,0,24.53,47.17,20.29,30.43
2026-07-15,21,2,2026-07-15 08:58:00,5,モーニングレース誕生祭,2,4835,橋本 明,3,38,52.7,0,0,0.15,5.21,28.42,51.58,4.66,26,44,28.57,44.64,12.9,32.26
2026-07-15,21,2,2026-07-15 08:58:00,5,モーニングレース誕生祭,3,3990,芹澤 克彦,3,47,52.6,0,0,0.14,4.92,27.27,43.43,0,0,0,42.86,58.93,30.16,52.38
2026-07-15,21,2,2026-07-15 08:58:00,5,モーニングレース誕生祭,4,4762,藤原 啓史朗,1,36,51.5,0,0,0.13,7.23,52.14,71.79,7.83,61.11,77.78,29.31,51.72,47.69,72.31
2026-07-15,21,2,2026-07-15 08:58:00,5,モーニングレース誕生祭,5,3825,宮嵜 隆太郎,3,53,60.7,0,0,0.12,3.35,18.46,23.08,3.93,22.5,35,18.97,43.1,35.94,56.25
2026-07-15,21,2,2026-07-15 08:58:00,5,モーニングレース誕生祭,6,3805,高橋 英之,3,52,52.3,0,0,0.14,5.29,34.78,52.17,6.62,53.85,73.08,36.67,58.33,32.69,46.15
2026-07-15,21,3,2026-07-15 09:24:00,5,モーニングレース誕生祭,1,4911,片岡 大地,2,30,52,1,0,0.14,5.18,26.58,56.96,2.2,0,20,35.94,54.69,30.19,45.28
2026-07-15,21,3,2026-07-15 09:24:00,5,モーニングレース誕生祭,2,4007,榮田 将彦,3,47,51.5,0,0,0.14,4.53,23.08,43.96,4.38,24.32,40.54,38.1,57.14,30.91,45.45
2026-07-15,21,3,2026-07-15 09:24:00,5,モーニングレース誕生祭,3,3942,寺田 祥,1,47,53.9,0,0,0.14,7.02,55.91,69.89,8.28,72.22,77.78,34.85,66.67,39.68,58.73
2026-07-15,21,3,2026-07-15 09:24:00,5,モーニングレース誕生祭,4,4555,富永 大一,3,36,52.8,0,0,0.18,5.12,31.58,50,5.07,34.48,55.17,18.33,40,36.51,49.21
2026-07-15,21,3,2026-07-15 09:24:00,5,モーニングレース誕生祭,5,4413,水摩 敦,2,40,51.5,0,0,0.18,5.89,37.19,64.46,4.9,31.03,44.83,18.37,32.65,33.33,50
2026-07-15,21,3,2026-07-15 09:24:00,5,モーニングレース誕生祭,6,5334,樫葉 新心,3,22,45.5,1,0,0.18,2.92,6.45,20.43,2.2,0,0,22.03,32.2,34.48,50
2026-07-15,21,4,2026-07-15 09:50:00,5,モーニングレース誕生祭,1,4704,河野 大,1,38,52,0,0,0.14,6.55,47.33,64.89,6.87,56.67,73.33,16.67,23.33,41.07,57.14
2026-07-15,21,4,2026-07-15 09:50:00,5,モーニングレース誕生祭,2,3708,岡部 貴司,3,52,54.8,0,0,0.16,5.28,30.38,50.63,4.53,20,40,34.85,51.52,28.07,49.12
2026-07-15,21,4,2026-07-15 09:50:00,5,モーニングレース誕生祭,3,5258,仲本 舜,3,21,52,0,0,0.15,4.39,24.05,34.18,4.06,23.53,35.29,46.77,62.9,33.33,50
2026-07-15,21,4,2026-07-15 09:50:00,5,モーニングレース誕生祭,4,4954,内山 峻輔,3,31,53.9,1,0,0.19,4.29,20.55,35.62,0,0,0,22.64,39.62,34.55,47.27
2026-07-15,21,4,2026-07-15 09:50:00,5,モーニングレース誕生祭,5,3965,北中 元樹,1,47,53.6,0,0,0.17,6,44.74,59.65,5.31,26.92,65.38,36.51,60.32,33.33,50
2026-07-15,21,4,2026-07-15 09:50:00,5,モーニングレース誕生祭,6,4033,伊藤 将吉,2,47,52.7,0,0,0.15,5.98,47.62,59.05,7.2,60,80,24.59,42.62,36.92,46.15
2026-07-15,21,5,2026-07-15 10:16:00,5,モーニングレース誕生祭,1,4823,中村 桃佳,2,33,45.5,1,0,0.13,7.25,55.24,75.24,6.33,33.33,66.67,34,42,31.48,44.44
2026-07-15,21,5,2026-07-15 10:16:00,5,モーニングレース誕生祭,2,3551,藤田 美代,3,54,45,0,0,0.2,3.33,14.29,20,3.89,17.14,34.29,38.1,53.97,22.64,28.3
2026-07-15,21,5,2026-07-15 10:16:00,5,モーニングレース誕生祭,3,4349,犬童 千秋,3,40,49.7,1,0,0.15,4.54,25.29,39.08,4.43,25.71,40,38.89,55.56,36.07,47.54
2026-07-15,21,5,2026-07-15 10:16:00,5,モーニングレース誕生祭,4,3645,淺田 千亜希,4,53,46.5,1,0,0.15,5.18,38.64,50,5.58,47.37,57.89,18.87,32.08,40,56.36
2026-07-15,21,5,2026-07-15 10:16:00,5,モーニングレース誕生祭,5,5464,宮田 栞,4,19,48.9,0,0,,1.25,0,0,0,0,0,28.13,46.88,24.53,50.94
2026-07-15,21,5,2026-07-15 10:16:00,5,モーニングレース誕生祭,6,3993,永井 聖美,3,47,46,0,0,0.16,5.6,35.96,57.3,0,0,0,29.51,52.46,30.19,43.4
2026-07-15,21,6,2026-07-15 10:46:00,5,モーニングレース誕生祭,1,3828,明石 正之,3,52,52,0,0,0.16,5.43,33.33,53.57,5.52,33.33,48.15,43.75,70.31,31.15,47.54
2026-07-15,21,6,2026-07-15 10:46:00,5,モーニングレース誕生祭,2,3833,中辻 博訓,2,51,52.5,0,0,0.13,6.22,46.15,64.62,4.43,14.29,14.29,29.51,36.07,39.68,57.14
2026-07-15,21,6,2026-07-15 10:46:00,5,モーニングレース誕生祭,3,4835,橋本 明,3,38,52.7,0,0,0.15,5.21,28.42,51.58,4.66,26,44,28.57,44.64,12.9,32.26
2026-07-15,21,6,2026-07-15 10:46:00,5,モーニングレース誕生祭,4,3539,金子 順一,3,58,52,0,0,0.19,4.45,24,40,3.21,7.14,23.81,29.51,47.54,34,48
2026-07-15,21,6,2026-07-15 10:46:00,5,モーニングレース誕生祭,5,4512,高野 哲史,1,37,52.1,0,0,0.15,6.9,54.4,68,0,0,0,24.19,45.16,15.63,31.25
2026-07-15,21,6,2026-07-15 10:46:00,5,モーニングレース誕生祭,6,4452,松尾 祭,2,38,52,0,0,0.17,5.07,33.04,45.54,6.53,58.82,70.59,31.82,54.55,47.54,63.93
2026-07-15,21,7,2026-07-15 11:17:00,5,モーニングレース誕生祭,1,3825,宮嵜 隆太郎,3,53,60.7,0,0,0.12,3.35,18.46,23.08,3.93,22.5,35,18.97,43.1,35.94,56.25
2026-07-15,21,7,2026-07-15 11:17:00,5,モーニングレース誕生祭,2,5102,原田 雄次,3,28,52,0,0,0.2,4.81,27.85,49.37,4.53,26.47,41.18,27.54,46.38,37.5,51.56
2026-07-15,21,7,2026-07-15 11:17:00,5,モーニングレース誕生祭,3,4034,西原 明生,3,47,54.4,0,0,0.22,3.68,15.48,26.19,4.04,17.39,34.78,46.15,61.54,25.42,40.68
2026-07-15,21,7,2026-07-15 11:17:00,5,モーニングレース誕生祭,4,3663,木山 和幸,3,56,51,0,0,0.18,5.41,36.84,53.51,5.07,30.95,50,26.79,41.07,32.26,53.23
2026-07-15,21,7,2026-07-15 11:17:00,5,モーニングレース誕生祭,5,4007,榮田 将彦,3,47,51.5,0,0,0.14,4.53,23.08,43.96,4.38,24.32,40.54,38.1,57.14,30.91,45.45
2026-07-15,21,7,2026-07-15 11:17:00,5,モーニングレース誕生祭,6,4569,中澤 宏奈,3,38,47,0,0,0.17,4.85,32.35,44.12,0,0,0,25.81,37.1,26.92,38.46
2026-07-15,21,8,2026-07-15 11:47:00,5,モーニングレース誕生祭,1,4727,安部 慎一,3,38,52.6,0,0,0.16,3.82,13.43,34.33,4.88,32.35,47.06,24.56,42.11,31.03,43.1
2026-07-15,21,8,2026-07-15 11:47:00,5,モーニングレース誕生祭,2,4954,内山 峻輔,3,31,53.9,1,0,0.19,4.29,20.55,35.62,0,0,0,22.64,39.62,34.55,47.27
2026-07-15,21,8,2026-07-15 11:47:00,5,モーニングレース誕生祭,3,3556,田中 信一郎,1,53,53.7,0,0,0.14,6.88,50.91,70,6.5,50,71.43,43.48,63.04,33.33,44.44
2026-07-15,21,8,2026-07-15 11:47:00,5,モーニングレース誕生祭,4,4904,松本 一毅,3,31,52.1,0,0,0.17,5.26,33.62,50,5.07,27.59,44.83,18.52,29.63,37.04,59.26
2026-07-15,21,8,2026-07-15 11:47:00,5,モーニングレース誕生祭,5,5344,谷口 丞,3,23,52,0,0,0.15,5.05,29.55,46.59,2.13,0,12.5,33.96,45.28,30,41.67
2026-07-15,21,8,2026-07-15 11:47:00,5,モーニングレース誕生祭,6,4043,桐本 康臣,2,46,53.8,0,0,0.17,5.83,40.78,60.19,5.29,29.41,52.94,50,57.58,49.09,69.09
2026-07-15,21,9,2026-07-15 12:19:00,5,モーニングレース誕生祭,1,4000,松本 博昭,2,49,55.4,0,0,0.17,6.11,44.7,59.09,5.57,28.57,42.86,36.67,53.33,35.85,54.72
2026-07-15,21,9,2026-07-15 12:19:00,5,モーニングレース誕生祭,2,5334,樫葉 新心,3,22,45.5,1,0,0.18,2.92,6.45,20.43,2.2,0,0,22.03,32.2,34.48,50
2026-07-15,21,9,2026-07-15 12:19:00,5,モーニングレース誕生祭,3,3645,淺田 千亜希,4,53,46.5,1,0,0.15,5.18,38.64,50,5.58,47.37,57.89,18.87,32.08,40,56.36
2026-07-15,21,9,2026-07-15 12:19:00,5,モーニングレース誕生祭,4,3708,岡部 貴司,3,52,54.6,0,0,0.16,5.28,30.38,50.63,4.53,20,40,34.85,51.52,28.07,49.12
2026-07-15,21,9,2026-07-15 12:19:00,5,モーニングレース誕生祭,5,5047,國分 将太郎,3,32,52.4,0,0,0.17,5.68,33.33,57.47,7.14,57.14,71.43,28.57,41.27,42.62,52.46
2026-07-15,21,9,2026-07-15 12:19:00,5,モーニングレース誕生祭,6,4762,藤原 啓史朗,1,36,50.5,0,0,0.13,7.23,52.14,71.79,7.83,61.11,77.78,29.31,51.72,47.69,72.31
2026-07-15,21,10,2026-07-15 12:50:00,5,モーニングレース誕生祭,1,4156,浜野 孝志,2,45,57.5,0,0,0.17,5.16,26.74,48.84,6.33,50,62.5,40.68,59.32,23.08,50
2026-07-15,21,10,2026-07-15 12:50:00,5,モーニングレース誕生祭,2,4512,高野 哲史,1,37,52.1,0,0,0.15,6.9,54.4,68,0,0,0,24.19,45.16,15.63,31.25
2026-07-15,21,10,2026-07-15 12:50:00,5,モーニングレース誕生祭,3,3955,眞田 英二,4,49,52.1,0,0,0.19,4.98,29.21,50.56,4.79,26.32,42.11,52.31,67.69,40.35,66.67
2026-07-15,21,10,2026-07-15 12:50:00,5,モーニングレース誕生祭,4,4349,犬童 千秋,3,40,49.7,1,0,0.15,4.54,25.29,39.08,4.43,25.71,40,38.89,55.56,36.07,47.54
2026-07-15,21,10,2026-07-15 12:50:00,5,モーニングレース誕生祭,5,4172,森定 晃史,2,43,52,0,0,0.17,6.19,43.55,66.13,6.5,44.44,77.78,43.33,53.33,37.5,57.81
2026-07-15,21,10,2026-07-15 12:50:00,5,モーニングレース誕生祭,6,4413,水摩 敦,2,40,51.5,0,0,0.18,5.89,37.19,64.46,4.9,31.03,44.83,18.37,32.65,33.33,50
2026-07-15,21,11,2026-07-15 13:24:00,5,モーニングレース誕生祭,1,4702,三浦 敬太,1,39,52.3,0,0,0.14,6.19,47.14,62.86,7.24,58.62,72.41,50,70.37,30,41.67
2026-07-15,21,11,2026-07-15 13:24:00,5,モーニングレース誕生祭,2,4615,板倉 敦史,3,46,53.1,0,0,0.19,4.41,23.17,36.59,4.26,18.52,37.04,40.98,52.46,26.67,45
2026-07-15,21,11,2026-07-15 13:24:00,5,モーニングレース誕生祭,3,4033,伊藤 将吉,2,47,52.7,0,0,0.15,5.98,47.62,59.05,7.2,60,80,24.59,42.62,36.92,46.15
2026-07-15,21,11,2026-07-15 13:24:00,5,モーニングレース誕生祭,4,4452,松尾 祭,2,38,52,0,0,0.17,5.07,33.04,45.54,6.53,58.82,70.59,31.82,54.55,47.54,63.93
2026-07-15,21,11,2026-07-15 13:24:00,5,モーニングレース誕生祭,5,3990,芹澤 克彦,3,47,52.6,0,0,0.14,4.92,27.27,43.43,0,0,0,42.86,58.93,30.16,52.38
2026-07-15,21,11,2026-07-15 13:24:00,5,モーニングレース誕生祭,6,3942,寺田 祥,1,47,53.9,0,0,0.14,7.02,55.91,69.89,8.28,72.22,77.78,34.85,66.67,39.68,58.73
2026-07-15,21,12,2026-07-15 14:00:00,5,モーニングレース誕生祭,1,3556,田中 信一郎,1,53,53.7,0,0,0.14,6.88,50.91,70,6.5,50,71.43,43.48,63.04,33.33,44.44
2026-07-15,21,12,2026-07-15 14:00:00,5,モーニングレース誕生祭,2,4034,西原 明生,3,47,54.4,0,0,0.22,3.68,15.48,26.19,4.04,17.39,34.78,46.15,61.54,25.42,40.68
2026-07-15,21,12,2026-07-15 14:00:00,5,モーニングレース誕生祭,3,4823,中村 桃佳,2,33,45.5,1,0,0.13,7.25,55.24,75.24,6.33,33.33,66.67,34,42,31.48,44.44
2026-07-15,21,12,2026-07-15 14:00:00,5,モーニングレース誕生祭,4,3965,北中 元樹,1,47,53.6,0,0,0.17,6,44.74,59.65,5.31,26.92,65.38,36.51,60.32,33.33,50
2026-07-15,21,12,2026-07-15 14:00:00,5,モーニングレース誕生祭,5,4469,土山 卓也,2,39,53.6,0,0,0.17,5.89,42.11,56.84,0,0,0,24.53,47.17,20.29,30.43
2026-07-15,21,12,2026-07-15 14:00:00,5,モーニングレース誕生祭,6,3833,中辻 博訓,2,51,52.5,0,0,0.13,6.22,46.15,64.62,4.43,14.29,14.29,29.51,36.07,39.68,57.14
2026-07-15,22,1,2026-07-15 12:16:00,5,山笠特選!BOAT RACE振興会会長賞,1,4506,稗田 聖也,1,38,52.2,0,0,0.14,6.24,48.72,65.38,5.47,38.36,52.05,23.33,45,42.86,53.97
2026-07-15,22,1,2026-07-15 12:16:00,5,山笠特選!BOAT RACE振興会会長賞,2,4395,下河 雅史,3,40,52,0,0,0.18,5.41,35.87,52.17,5.24,30,53.75,39.74,52.56,25.37,43.28
2026-07-15,22,1,2026-07-15 12:16:00,5,山笠特選!BOAT RACE振興会会長賞,3,5237,永松 良教,4,26,53.5,0,0,0.16,4.68,27.5,45,4.81,29.85,52.24,28.57,53.25,31.88,50.72
2026-07-15,22,1,2026-07-15 12:16:00,5,山笠特選!BOAT RACE振興会会長賞,4,5209,小野 京平,3,28,54.6,0,0,0.21,3.53,10.53,24.56,3.33,6.67,23.33,25,40.48,26.98,41.27
2026-07-15,22,1,2026-07-15 12:16:00,5,山笠特選!BOAT RACE振興会会長賞,5,5337,出畑 孝成,3,20,53.5,0,0,0.2,4.47,23.6,41.57,3.38,16,27,25.3,40.96,35.71,51.43
2026-07-15,22,1,2026-07-15 12:16:00,5,山笠特選!BOAT RACE振興会会長賞,6,5409,宮本 琉正,4,21,54.2,0,0,0.16,2.09,1.85,7.41,1.27,0,0,43.02,56.98,37.68,49.28
2026-07-15,22,2,2026-07-15 12:44:00,5,山笠特選!BOAT RACE振興会会長賞,1,5239,上野 俊樹,3,26,51,0,0,0.17,5.12,26.32,46.05,3.78,15.94,26.09,39.51,53.09,30.99,53.52
2026-07-15,22,2,2026-07-15 12:44:00,5,山笠特選!BOAT RACE振興会会長賞,2,4314,青木 幸太郎,2,42,52,0,0,0.16,5.51,36.96,56.52,6.9,60,75,39.19,59.46,34.33,47.76
2026-07-15,22,2,2026-07-15 12:44:00,5,山笠特選!BOAT RACE振興会会長賞,3,4588,田中 京介,2,35,54.4,0,0,0.15,5.33,37.14,55.24,5.05,31.15,50.82,38.04,56.52,28.99,44.93
2026-07-15,22,2,2026-07-15 12:44:00,5,山笠特選!BOAT RACE振興会会長賞,4,4551,三川 昂暁,2,37,53.7,0,0,0.17,5.87,43.88,61.22,6.71,50,75,35.71,59.52,36.76,63.24
2026-07-15,22,2,2026-07-15 12:44:00,5,山笠特選!BOAT RACE振興会会長賞,5,5053,山口 広樹,3,30,53.4,1,0,0.17,3.72,18.52,31.48,5.13,26.09,52.17,16.22,35.14,30.88,48.53
2026-07-15,22,2,2026-07-15 12:44:00,5,山笠特選!BOAT RACE振興会会長賞,6,5392,安武 一也,4,25,52,0,0,0.19,1.47,0,0,1.5,0,0,27.16,40.74,15.15,37.88
2026-07-15,22,3,2026-07-15 13:13:00,5,山笠特選!BOAT RACE振興会会長賞,1,4474,渡辺 崇,3,38,55,0,0,0.19,5.55,39.08,52.87,4.84,31.58,42.11,29,46,18.84,33.33
2026-07-15,22,3,2026-07-15 13:13:00,5,山笠特選!BOAT RACE振興会会長賞,2,5101,表 健太,3,29,54.5,0,0,0.19,3.48,8,26,3.39,7.14,28.57,35.62,52.05,43.06,58.33
2026-07-15,22,3,2026-07-15 13:13:00,5,山笠特選!BOAT RACE振興会会長賞,3,4403,木下 大將,2,41,52.2,0,0,0.15,6.15,44.79,63.54,6,42.5,60,32.22,44.44,40,57.14
2026-07-15,22,3,2026-07-15 13:13:00,5,山笠特選!BOAT RACE振興会会長賞,4,4329,小松 卓司,3,42,52,0,0,0.18,4.94,24.1,49.4,5.08,31.25,50,30.68,46.59,43.28,62.69
2026-07-15,22,3,2026-07-15 13:13:00,5,山笠特選!BOAT RACE振興会会長賞,5,5152,丸山 祐也,3,30,51,0,0,0.23,3.57,11.11,23.81,4.4,20,40,28.17,39.44,37.04,50
2026-07-15,22,3,2026-07-15 13:13:00,5,山笠特選!BOAT RACE振興会会長賞,6,5284,嘉手苅 徹哉,4,27,52,0,0,0.18,3.55,12.68,28.17,2.94,11.11,19.44,29.21,50.56,36.76,51.47
2026-07-15,22,4,2026-07-15 13:45:00,5,山笠特選!BOAT RACE振興会会長賞,1,4861,田中 宏樹,2,38,52.9,0,0,0.17,5.45,34.09,54.55,4.59,18.75,37.5,27.63,43.42,30.43,43.48
2026-07-15,22,4,2026-07-15 13:45:00,5,山笠特選!BOAT RACE振興会会長賞,2,4952,吉武 真也,3,32,52,0,0,0.19,4.6,23.29,38.36,3.76,9.09,30.3,23.08,33.85,24.64,34.78
2026-07-15,22,4,2026-07-15 13:45:00,5,山笠特選!BOAT RACE振興会会長賞,3,4679,植田 太一,2,36,57.5,0,0,0.16,5.85,42.74,58.87,5.64,39.73,56.16,21.43,41.43,18.84,40.58
2026-07-15,22,4,2026-07-15 13:45:00,5,山笠特選!BOAT RACE振興会会長賞,4,5210,藤井 公人,2,27,55.1,0,0,0.15,5.54,42.27,53.61,5.47,36.84,60.53,35.29,54.12,33.82,57.35
2026-07-15,22,4,2026-07-15 13:45:00,5,山笠特選!BOAT RACE振興会会長賞,5,5263,花田 凱成,3,27,52,0,0,0.17,4.23,19.75,39.51,4.55,26.32,39.47,24.68,44.16,39.13,56.52
2026-07-15,22,4,2026-07-15 13:45:00,5,山笠特選!BOAT RACE振興会会長賞,6,5382,山下 心一,3,21,52,0,0,0.17,2.29,3.23,9.68,2.77,9.68,19.35,33.73,48.19,32.84,47.76
2026-07-15,22,5,2026-07-15 14:19:00,5,山笠特選!BOAT RACE振興会会長賞,1,4789,古賀 智之,2,36,52.8,0,0,0.16,5.74,38.39,57.14,5.82,45.45,63.64,35.82,50.75,53.23,75.81
2026-07-15,22,5,2026-07-15 14:19:00,5,山笠特選!BOAT RACE振興会会長賞,2,4330,奈須 啓太,2,42,52.1,0,0,0.12,6.19,44.04,66.06,6.35,48.48,60.61,23.29,43.84,40.3,50.75
2026-07-15,22,5,2026-07-15 14:19:00,5,山笠特選!BOAT RACE振興会会長賞,3,5138,村本 大成,3,26,53.5,0,0,0.19,3.86,12.5,35.71,3.26,8.2,24.59,24.36,35.9,24.64,42.03
2026-07-15,22,5,2026-07-15 14:19:00,5,山笠特選!BOAT RACE振興会会長賞,4,4232,笠 雅雄,3,43,52,0,0,0.17,6.21,43.68,63.22,2.44,11.11,11.11,33.73,48.19,45.07,60.56
2026-07-15,22,5,2026-07-15 14:19:00,5,山笠特選!BOAT RACE振興会会長賞,5,4522,古澤 光紀,2,38,53.2,0,0,0.15,5.96,44.14,57.66,6.06,49.11,61.61,50.6,65.06,45.07,64.79
2026-07-15,22,5,2026-07-15 14:19:00,5,山笠特選!BOAT RACE振興会会長賞,6,5337,出畑 孝成,3,20,53.5,0,0,0.2,4.47,23.6,41.57,3.38,16,27,25.3,40.96,35.71,51.43
2026-07-15,22,6,2026-07-15 14:46:00,5,山笠特選!BOAT RACE振興会会長賞,1,4204,柴田 大輔,3,43,52,0,0,0.19,5.12,31.33,42.17,5.26,35.9,53.85,12.96,27.78,39.71,54.41
2026-07-15,22,6,2026-07-15 14:46:00,5,山笠特選!BOAT RACE振興会会長賞,2,5053,山口 広樹,3,30,53.4,1,0,0.17,3.72,18.52,31.48,5.13,26.09,52.17,16.22,35.14,30.88,48.53
2026-07-15,22,6,2026-07-15 14:46:00,5,山笠特選!BOAT RACE振興会会長賞,3,5209,小野 京平,3,28,54.6,0,0,0.21,3.53,10.53,24.56,3.33,6.67,23.33,25,40.48,26.98,41.27
2026-07-15,22,6,2026-07-15 14:46:00,5,山笠特選!BOAT RACE振興会会長賞,4,4151,下河 誉史,3,43,53.4,0,0,0.19,4.36,21.62,37.84,5.6,35,65,34.29,48.57,13.89,33.33
2026-07-15,22,6,2026-07-15 14:46:00,5,山笠特選!BOAT RACE振興会会長賞,5,4236,松村 敏,1,42,52.5,0,0,0.11,7.2,59.48,75.86,7.31,60,76.47,26.58,40.51,14.29,28.57
2026-07-15,22,6,2026-07-15 14:46:00,5,山笠特選!BOAT RACE振興会会長賞,6,5240,高橋 龍治,3,26,54.3,0,0,0.17,5.33,38.89,52.78,3.79,20.75,32.08,18.46,36.92,27.94,47.06
2026-07-15,22,7,2026-07-15 15:14:00,5,山笠特選!BOAT RACE振興会会長賞,1,5351,齊藤 廉,3,21,52,0,0,0.16,4.81,33.33,44.09,2.92,11.32,18.87,33.68,48.42,36.23,59.42
2026-07-15,22,7,2026-07-15 15:14:00,5,山笠特選!BOAT RACE振興会会長賞,2,4632,長尾 京志郎,3,37,52,0,0,0.2,5.05,32.14,57.14,5.21,27.08,52.08,19.4,35.82,45.07,63.38
2026-07-15,22,7,2026-07-15 15:14:00,5,山笠特選!BOAT RACE振興会会長賞,3,5152,丸山 祐也,3,30,51,0,0,0.23,3.57,11.11,23.81,4.4,20,40,28.17,39.44,37.04,50
2026-07-15,22,7,2026-07-15 15:14:00,5,山笠特選!BOAT RACE振興会会長賞,4,5392,安武 一也,4,25,52,0,0,0.19,1.47,0,0,1.5,0,0,27.16,40.74,15.15,37.88
2026-07-15,22,7,2026-07-15 15:14:00,5,山笠特選!BOAT RACE振興会会長賞,5,5409,宮本 琉正,4,21,54.2,0,0,0.16,2.09,1.85,7.41,1.27,0,0,43.02,56.98,37.68,49.28
2026-07-15,22,7,2026-07-15 15:14:00,5,山笠特選!BOAT RACE振興会会長賞,6,4864,小川 日紀太,3,36,52.1,1,0,0.17,4.54,22.06,39.71,5.29,34.69,51.02,30.12,45.78,31.34,53.73
2026-07-15,22,8,2026-07-15 15:45:00,5,山笠特選!BOAT RACE振興会会長賞,1,4551,三川 昂暁,2,37,53.7,0,0,0.17,5.87,43.88,61.22,6.71,50,75,35.71,59.52,36.76,63.24
2026-07-15,22,8,2026-07-15 15:45:00,5,山笠特選!BOAT RACE振興会会長賞,2,5284,嘉手苅 徹哉,4,27,52,0,0,0.18,3.55,12.68,28.17,2.94,11.11,19.44,29.21,50.56,36.76,51.47
2026-07-15,22,8,2026-07-15 15:45:00,5,山笠特選!BOAT RACE振興会会長賞,3,4684,楠原 翔太,3,35,52.1,0,0,0.17,5.38,29.52,54.29,5.67,38.36,56.16,21.05,34.21,21.13,36.62
2026-07-15,22,8,2026-07-15 15:45:00,5,山笠特選!BOAT RACE振興会会長賞,4,5382,山下 心一,3,21,52,0,0,0.17,2.29,3.23,9.68,2.77,9.68,19.35,33.73,48.19,32.84,47.76
2026-07-15,22,8,2026-07-15 15:45:00,5,山笠特選!BOAT RACE振興会会長賞,5,5101,表 健太,3,29,54.5,0,0,0.19,3.48,8,26,3.39,7.14,28.57,35.62,52.05,43.06,58.33
2026-07-15,22,8,2026-07-15 15:45:00,5,山笠特選!BOAT RACE振興会会長賞,6,5237,永松 良教,4,26,53.5,0,0,0.16,4.68,27.5,45,4.81,29.85,52.24,28.57,53.25,31.88,50.72
2026-07-15,22,9,2026-07-15 16:20:00,5,山笠特選!BOAT RACE振興会会長賞,1,4588,田中 京介,2,35,54.4,0,0,0.15,5.33,37.14,55.24,5.05,31.15,50.82,38.04,56.52,28.99,44.93
2026-07-15,22,9,2026-07-15 16:20:00,5,山笠特選!BOAT RACE振興会会長賞,2,4329,小松 卓司,3,42,52,0,0,0.18,4.94,24.1,49.4,5.08,31.25,50,30.68,46.59,43.28,62.69
2026-07-15,22,9,2026-07-15 16:20:00,5,山笠特選!BOAT RACE振興会会長賞,3,4232,笠 雅雄,3,43,52,0,0,0.17,6.21,43.68,63.22,2.44,11.11,11.11,33.73,48.19,45.07,60.56
2026-07-15,22,9,2026-07-15 16:20:00,5,山笠特選!BOAT RACE振興会会長賞,4,4789,古賀 智之,2,36,52.8,0,0,0.16,5.74,38.39,57.14,5.82,45.45,63.64,35.82,50.75,53.23,75.81
2026-07-15,22,9,2026-07-15 16:20:00,5,山笠特選!BOAT RACE振興会会長賞,5,4861,田中 宏樹,2,38,52.9,0,0,0.17,5.45,34.09,54.55,4.59,18.75,37.5,27.63,43.42,30.43,43.48
2026-07-15,22,9,2026-07-15 16:20:00,5,山笠特選!BOAT RACE振興会会長賞,6,4679,植田 太一,2,36,57.5,0,0,0.16,5.85,42.74,58.87,5.64,39.73,56.16,21.43,41.43,18.84,40.58
2026-07-15,22,10,2026-07-15 16:54:00,5,山笠特選!BOAT RACE振興会会長賞,1,4151,下河 誉史,3,43,53.4,0,0,0.19,4.36,21.62,37.84,5.6,35,65,34.29,48.57,13.89,33.33
2026-07-15,22,10,2026-07-15 16:54:00,5,山笠特選!BOAT RACE振興会会長賞,2,5210,藤井 公人,2,27,55.1,0,0,0.15,5.54,42.27,53.61,5.47,36.84,60.53,35.29,54.12,33.82,57.35
2026-07-15,22,10,2026-07-15 16:54:00,5,山笠特選!BOAT RACE振興会会長賞,3,5239,上野 俊樹,3,26,51,0,0,0.17,5.12,26.32,46.05,3.78,15.94,26.09,39.51,53.09,30.99,53.52
2026-07-15,22,10,2026-07-15 16:54:00,5,山笠特選!BOAT RACE振興会会長賞,4,4403,木下 大將,2,41,52.2,0,0,0.15,6.15,44.79,63.54,6,42.5,60,32.22,44.44,40,57.14
2026-07-15,22,10,2026-07-15 16:54:00,5,山笠特選!BOAT RACE振興会会長賞,5,4395,下河 雅史,3,40,52,0,0,0.18,5.41,35.87,52.17,5.24,30,53.75,39.74,52.56,25.37,43.28
2026-07-15,22,10,2026-07-15 16:54:00,5,山笠特選!BOAT RACE振興会会長賞,6,4330,奈須 啓太,2,42,52.1,0,0,0.12,6.19,44.04,66.06,6.35,48.48,60.61,23.29,43.84,40.3,50.75
2026-07-15,22,11,2026-07-15 17:28:00,5,山笠特選!BOAT RACE振興会会長賞,1,4236,松村 敏,1,42,52.5,0,0,0.11,7.2,59.48,75.86,7.31,60,76.47,26.58,40.51,14.29,28.57
2026-07-15,22,11,2026-07-15 17:28:00,5,山笠特選!BOAT RACE振興会会長賞,2,4506,稗田 聖也,1,38,52.2,0,0,0.14,6.24,48.72,65.38,5.47,38.36,52.05,23.33,45,42.86,53.97
2026-07-15,22,11,2026-07-15 17:28:00,5,山笠特選!BOAT RACE振興会会長賞,3,4522,古澤 光紀,2,38,53.2,0,0,0.15,5.96,44.14,57.66,6.06,49.11,61.61,50.6,65.06,45.07,64.79
2026-07-15,22,11,2026-07-15 17:28:00,5,山笠特選!BOAT RACE振興会会長賞,4,4474,渡辺 崇,3,38,55,0,0,0.19,5.55,39.08,52.87,4.84,31.58,42.11,29,46,18.84,33.33
2026-07-15,22,11,2026-07-15 17:28:00,5,山笠特選!BOAT RACE振興会会長賞,5,4314,青木 幸太郎,2,42,52,0,0,0.16,5.51,36.96,56.52,6.9,60,75,39.19,59.46,34.33,47.76
2026-07-15,22,11,2026-07-15 17:28:00,5,山笠特選!BOAT RACE振興会会長賞,6,5351,齊藤 廉,3,21,52,0,0,0.16,4.81,33.33,44.09,2.92,11.32,18.87,33.68,48.42,36.23,59.42
2026-07-15,22,12,2026-07-15 18:00:00,5,山笠特選!BOAT RACE振興会会長賞,1,4351,里岡 右貴,1,40,52,1,0,0.13,6.9,51.47,71.32,7.13,56.18,71.91,27.59,39.08,36.36,48.48
2026-07-15,22,12,2026-07-15 18:00:00,5,山笠特選!BOAT RACE振興会会長賞,2,4256,渡辺 浩司,1,42,52,0,0,0.13,7.44,53.85,83.76,7.27,56.43,77.14,25.4,36.51,27.4,42.47
2026-07-15,22,12,2026-07-15 18:00:00,5,山笠特選!BOAT RACE振興会会長賞,3,4504,前田 将太,1,38,53,0,0,0.15,6.52,45.92,62.24,7.04,55.77,69.23,23.08,43.59,33.33,50
2026-07-15,22,12,2026-07-15 18:00:00,5,山笠特選!BOAT RACE振興会会長賞,4,4288,永田 啓二,1,41,52,0,0,0.12,7.58,60.53,78.95,6.98,55.42,73.49,30.99,49.3,30.56,44.44
2026-07-15,22,12,2026-07-15 18:00:00,5,山笠特選!BOAT RACE振興会会長賞,5,4958,溝口 海義也,1,31,53.4,0,0,0.13,6.33,41.13,64.52,5.67,34.78,60.87,22.34,41.49,36.36,53.03
2026-07-15,22,12,2026-07-15 18:00:00,5,山笠特選!BOAT RACE振興会会長賞,6,4736,高倉 和士,1,35,52.1,0,0,0.14,7.15,56.86,75.49,6.08,42.37,55.93,34.48,47.13,32.86,52.86
2026-07-15,23,1,2026-07-15 08:39:00,5,スポーツ報知杯,1,4381,田路 朋史,2,41,52,0,0,0.17,5.18,32.18,47.13,5.73,36.36,54.55,33.51,49.48,23.75,43.75
2026-07-15,23,1,2026-07-15 08:39:00,5,スポーツ報知杯,2,4439,近藤 友宝,3,39,54.6,1,0,0.17,4.13,21.18,36.47,4.16,20,32,40.78,52.51,37.8,45.12
2026-07-15,23,1,2026-07-15 08:39:00,5,スポーツ報知杯,3,4220,深川 和仁,3,44,53.1,0,0,0.18,4.96,33.33,40,3.57,28.57,42.86,46.96,65.19,22.89,40.96
2026-07-15,23,1,2026-07-15 08:39:00,5,スポーツ報知杯,4,5419,櫻井 隼,3,20,52,0,0,0.24,2,0,5.36,0,0,0,36.75,48.8,36.49,52.7
2026-07-15,23,1,2026-07-15 08:39:00,5,スポーツ報知杯,5,4251,川崎 誠志,3,43,52,0,0,0.21,4.39,19.57,42.39,4.06,22.22,38.89,33.33,48.23,17.81,30.14
2026-07-15,23,1,2026-07-15 08:39:00,5,スポーツ報知杯,6,4724,吉田 祐貴,3,40,54.1,0,0,0.18,3.32,7.14,25,3.17,9.43,22.64,33.88,47.54,38.55,60.24
2026-07-15,23,2,2026-07-15 09:05:00,5,スポーツ報知杯,1,4348,宮崎 奨,2,40,53.3,0,0,0.17,5.85,42.99,58.88,7.09,54.55,81.82,32.79,47.54,46.38,59.42
2026-07-15,23,2,2026-07-15 09:05:00,5,スポーツ報知杯,2,3953,志道 吉和,4,49,52,0,0,0.2,3.53,21.88,28.13,4.47,23.53,50,30.77,44.87,34.57,54.32
2026-07-15,23,2,2026-07-15 09:05:00,5,スポーツ報知杯,3,4523,中村 辰也,2,38,52.6,0,0,0.15,5.54,34.83,59.55,6.12,30.77,61.54,31.21,49.13,31.71,46.34
2026-07-15,23,2,2026-07-15 09:05:00,5,スポーツ報知杯,4,4583,古田 祐貴,3,36,51.5,0,0,0.15,5.24,32.04,48.54,5.07,31.03,51.72,24.6,38.89,29.69,45.31
2026-07-15,23,2,2026-07-15 09:05:00,5,スポーツ報知杯,5,3434,松尾 宣邦,3,57,52.7,0,0,0.18,4.32,23.16,38.95,4.68,26.32,42.11,39.36,54.26,32.88,50.68
2026-07-15,23,2,2026-07-15 09:05:00,5,スポーツ報知杯,6,4105,松下 直也,3,46,53.2,0,0,0.19,5.19,29.79,54.26,3.5,0,33.33,31.52,51.09,25,50
2026-07-15,23,3,2026-07-15 09:31:00,5,スポーツ報知杯,1,4520,高倉 孝太,2,39,51,0,0,0.13,5.8,38.89,54.44,0,0,0,33.14,53.71,46.38,57.97
2026-07-15,23,3,2026-07-15 09:31:00,5,スポーツ報知杯,2,5020,宮村 勇哉,3,34,53.3,0,0,0.18,4.65,24.69,45.68,5.64,45.45,50,24.63,43.28,30.49,45.12
2026-07-15,23,3,2026-07-15 09:31:00,5,スポーツ報知杯,3,4798,浜先 真範,1,33,52.5,0,0,0.13,6.26,41.74,59.13,7.17,50,72.22,33.33,50.28,42.17,51.81
2026-07-15,23,3,2026-07-15 09:31:00,5,スポーツ報知杯,4,3268,森 竜也,3,61,52,0,0,0.17,4.5,28.41,36.36,5.21,42.86,50,36.22,48.98,37.18,58.97
2026-07-15,23,3,2026-07-15 09:31:00,5,スポーツ報知杯,5,4969,町田 洸希,3,35,52.3,0,0,0.18,4.52,20.73,46.34,4.97,18.92,48.65,38.1,55.95,27.63,40.79
2026-07-15,23,3,2026-07-15 09:31:00,5,スポーツ報知杯,6,5312,川辺 郭人,3,25,52.8,1,0,0.17,3.91,15.22,31.52,2.77,6.42,17.43,30.95,47.02,30.86,51.85
2026-07-15,23,4,2026-07-15 09:57:00,5,スポーツ報知杯,1,4154,森安 弘雅,3,46,53.5,0,0,0.2,5.18,35.44,53.16,4.8,30,50,40.43,58.51,37.5,50
2026-07-15,23,4,2026-07-15 09:57:00,5,スポーツ報知杯,2,4511,中岡 健人,3,37,57.1,0,0,0.18,5.02,23.6,53.93,3.96,13.04,30.43,46.55,66.67,35.14,55.41
2026-07-15,23,4,2026-07-15 09:57:00,5,スポーツ報知杯,3,5038,金田 智博,2,28,52,0,0,0.16,6.3,47.71,61.47,5.2,35,60,30.69,50.79,37.84,54.05
2026-07-15,23,4,2026-07-15 09:57:00,5,スポーツ報知杯,4,4270,岸本 雄貴,3,44,54.2,0,0,0.18,4.72,26.87,44.78,1.2,0,0,33.16,50.26,33.33,45.98
2026-07-15,23,4,2026-07-15 09:57:00,5,スポーツ報知杯,5,5029,中 亮太,1,29,52.3,0,0,0.14,7.07,57.94,71.96,7.05,57.89,78.95,37.77,52.66,42.68,59.76
2026-07-15,23,4,2026-07-15 09:57:00,5,スポーツ報知杯,6,4817,渡邉 翼,1,35,51,0,0,0.15,6.33,48.24,65.88,4.81,33.33,51.85,29.78,50.56,25,46.59
2026-07-15,23,5,2026-07-15 10:23:00,5,スポーツ報知杯,1,4710,福田 宗平,2,36,52,0,0,0.14,5.57,38.18,52.73,5.5,45,50,36.9,57.22,39.24,56.96
2026-07-15,23,5,2026-07-15 10:23:00,5,スポーツ報知杯,2,4390,松本 弓雄,3,40,53,0,0,0.2,4.35,20,40,4.25,25,25,39.89,56.74,18.52,29.63
2026-07-15,23,5,2026-07-15 10:23:00,5,スポーツ報知杯,3,4458,抹香 雄三,3,40,53,0,0,0.15,5.33,30,50,3.88,12,36,37.3,55.14,30,53.75
2026-07-15,23,5,2026-07-15 10:23:00,5,スポーツ報知杯,4,4220,深川 和仁,3,44,53.1,0,0,0.18,4.96,33.33,40,3.57,28.57,42.86,46.96,65.19,22.89,40.96
2026-07-15,23,5,2026-07-15 10:23:00,5,スポーツ報知杯,5,4439,近藤 友宝,3,39,54.6,1,0,0.17,4.13,21.18,36.47,4.16,20,32,40.78,52.51,37.8,45.12
2026-07-15,23,5,2026-07-15 10:23:00,5,スポーツ報知杯,6,4394,永嶋 裕一,2,40,53.9,0,0,0.15,6.02,40.66,64.84,4.71,28.57,42.86,37.97,54.01,39.47,67.11
2026-07-15,23,6,2026-07-15 10:52:00,5,スポーツ報知杯,1,4379,桑島 和宏,2,41,55.5,0,0,0.16,6.09,38.14,61.86,0,0,0,32.83,48.48,37.04,54.32
2026-07-15,23,6,2026-07-15 10:52:00,5,スポーツ報知杯,2,3434,松尾 宣邦,3,57,52.7,0,0,0.18,4.32,23.16,38.95,4.68,26.32,42.11,39.36,54.26,32.88,50.68
2026-07-15,23,6,2026-07-15 10:52:00,5,スポーツ報知杯,3,3974,深山 祐二,3,49,52,0,0,0.16,4.31,25,38.1,4.14,19.54,36.78,32.95,48.55,48.57,60
2026-07-15,23,6,2026-07-15 10:52:00,5,スポーツ報知杯,4,5143,常盤 海心,3,25,53.4,0,0,0.19,3.96,19.23,37.5,3.03,3.45,20.69,34.12,54.71,39.73,47.95
2026-07-15,23,6,2026-07-15 10:52:00,5,スポーツ報知杯,5,4381,田路 朋史,2,41,52,0,0,0.17,5.18,32.18,47.13,5.73,36.36,54.55,33.51,49.48,23.75,43.75
2026-07-15,23,6,2026-07-15 10:52:00,5,スポーツ報知杯,6,5419,櫻井 隼,3,20,52,0,0,0.24,2,0,5.36,0,0,0,36.75,48.8,36.49,52.7
2026-07-15,23,7,2026-07-15 11:22:00,5,スポーツ報知杯,1,3892,草場 康幸,3,50,52.8,0,0,0.17,5.06,27.91,51.16,5.71,35.96,60.67,38.15,56.65,39.71,58.82
2026-07-15,23,7,2026-07-15 11:22:00,5,スポーツ報知杯,2,4583,古田 祐貴,3,36,51.5,0,0,0.15,5.24,32.04,48.54,5.07,31.03,51.72,24.6,38.89,29.69,45.31
2026-07-15,23,7,2026-07-15 11:22:00,5,スポーツ報知杯,3,5176,石倉 拓美,4,33,53.5,0,0,0.17,1.91,6.06,6.06,2.69,7.69,15.38,37.5,52.72,28.24,44.71
2026-07-15,23,7,2026-07-15 11:22:00,5,スポーツ報知杯,4,3953,志道 吉和,4,49,52,0,0,0.2,3.53,21.88,28.13,4.47,23.53,50,30.77,44.87,34.57,54.32
2026-07-15,23,7,2026-07-15 11:22:00,5,スポーツ報知杯,5,4520,高倉 孝太,2,39,51,0,0,0.13,5.8,38.89,54.44,0,0,0,33.14,53.71,46.38,57.97
2026-07-15,23,7,2026-07-15 11:22:00,5,スポーツ報知杯,6,5469,今泉 博人,4,17,54.7,0,0,,1.36,0,0,1.5,0,0,23.33,43.33,27.06,43.53
2026-07-15,23,8,2026-07-15 11:53:00,5,スポーツ報知杯,1,4724,吉田 祐貴,3,40,54.1,0,0,0.18,3.32,7.14,25,3.17,9.43,22.64,33.88,47.54,38.55,60.24
2026-07-15,23,8,2026-07-15 11:53:00,5,スポーツ報知杯,2,3268,森 竜也,3,61,52,0,0,0.17,4.5,28.41,36.36,5.21,42.86,50,36.22,48.98,37.18,58.97
2026-07-15,23,8,2026-07-15 11:53:00,5,スポーツ報知杯,3,4969,町田 洸希,3,35,52.7,0,0,0.18,4.52,20.73,46.34,4.97,18.92,48.65,38.1,55.95,27.63,40.79
2026-07-15,23,8,2026-07-15 11:53:00,5,スポーツ報知杯,4,4817,渡邉 翼,1,35,50.5,0,0,0.15,6.33,48.24,65.88,4.81,33.33,51.85,29.78,50.56,25,46.59
2026-07-15,23,8,2026-07-15 11:53:00,5,スポーツ報知杯,5,4511,中岡 健人,3,37,57.3,0,0,0.18,5.02,23.6,53.93,3.96,13.04,30.43,46.55,66.67,35.14,55.41
2026-07-15,23,8,2026-07-15 11:53:00,5,スポーツ報知杯,6,5448,福田 柊人,4,23,50.5,0,0,,1.14,0,0,0,0,0,30.46,48.73,16,25.33
2026-07-15,23,9,2026-07-15 12:24:00,5,スポーツ報知杯,1,4270,岸本 雄貴,3,44,54.2,0,0,0.18,4.72,26.87,44.78,1.2,0,0,33.16,50.26,33.33,45.98
2026-07-15,23,9,2026-07-15 12:24:00,5,スポーツ報知杯,2,4105,松下 直也,3,46,53.2,0,0,0.19,5.19,29.79,54.26,3.5,0,33.33,31.52,51.09,25,50
2026-07-15,23,9,2026-07-15 12:24:00,5,スポーツ報知杯,3,4251,川崎 誠志,3,43,52,0,0,0.21,4.39,19.57,42.39,4.06,22.22,38.89,33.33,48.23,17.81,30.14
2026-07-15,23,9,2026-07-15 12:24:00,5,スポーツ報知杯,4,4394,永嶋 裕一,2,40,53.9,0,0,0.15,6.02,40.66,64.84,4.71,28.57,42.86,37.97,54.01,39.47,67.11
2026-07-15,23,9,2026-07-15 12:24:00,5,スポーツ報知杯,5,4458,抹香 雄三,3,40,53,0,0,0.15,5.33,30,50,3.88,12,36,37.3,55.14,30,53.75
2026-07-15,23,9,2026-07-15 12:24:00,5,スポーツ報知杯,6,5038,金田 智博,2,28,52,0,0,0.16,6.3,47.71,61.47,5.2,35,60,30.69,50.79,37.84,54.05
2026-07-15,23,10,2026-07-15 12:55:00,5,スポーツ報知杯,1,5029,中 亮太,1,29,52.3,0,0,0.14,7.07,57.94,71.96,7.05,57.89,78.95,37.77,52.66,42.68,59.76
2026-07-15,23,10,2026-07-15 12:55:00,5,スポーツ報知杯,2,4348,宮崎 奨,2,40,53.3,0,0,0.17,5.85,42.99,58.88,7.09,54.55,81.82,32.79,47.54,46.38,59.42
2026-07-15,23,10,2026-07-15 12:55:00,5,スポーツ報知杯,3,5143,常盤 海心,3,25,53.4,0,0,0.19,3.96,19.23,37.5,3.03,3.45,20.69,34.12,54.71,39.73,47.95
2026-07-15,23,10,2026-07-15 12:55:00,5,スポーツ報知杯,4,4798,浜先 真範,1,33,52.5,0,0,0.13,6.26,41.74,59.13,7.17,50,72.22,33.33,50.28,42.17,51.81
2026-07-15,23,10,2026-07-15 12:55:00,5,スポーツ報知杯,5,4154,森安 弘雅,3,46,53.5,0,0,0.2,5.18,35.44,53.16,4.8,30,50,40.43,58.51,37.5,50
2026-07-15,23,10,2026-07-15 12:55:00,5,スポーツ報知杯,6,3974,深山 祐二,3,49,52,0,0,0.16,4.31,25,38.1,4.14,19.54,36.78,32.95,48.55,48.57,60
2026-07-15,23,11,2026-07-15 13:28:00,5,スポーツ報知杯,1,4523,中村 辰也,2,38,52.6,0,0,0.15,5.54,34.83,59.55,6.12,30.77,61.54,31.21,49.13,31.71,46.34
2026-07-15,23,11,2026-07-15 13:28:00,5,スポーツ報知杯,2,4710,福田 宗平,2,36,52,0,0,0.14,5.57,38.18,52.73,5.5,45,50,36.9,57.22,39.24,56.96
2026-07-15,23,11,2026-07-15 13:28:00,5,スポーツ報知杯,3,4379,桑島 和宏,2,41,55.5,0,0,0.16,6.09,38.14,61.86,0,0,0,32.83,48.48,37.04,54.32
2026-07-15,23,11,2026-07-15 13:28:00,5,スポーツ報知杯,4,3892,草場 康幸,3,50,52.8,0,0,0.17,5.06,27.91,51.16,5.71,35.96,60.67,38.15,56.65,39.71,58.82
2026-07-15,23,11,2026-07-15 13:28:00,5,スポーツ報知杯,5,5020,宮村 勇哉,3,34,53.3,0,0,0.18,4.65,24.69,45.68,5.64,45.45,50,24.63,43.28,30.49,45.12
2026-07-15,23,11,2026-07-15 13:28:00,5,スポーツ報知杯,6,4390,松本 弓雄,3,40,53,0,0,0.2,4.35,20,40,4.25,25,25,39.89,56.74,18.52,29.63
2026-07-15,23,12,2026-07-15 14:02:00,5,スポーツ報知杯,1,4503,上野 真之介,1,38,52,0,0,0.11,7.87,59.09,74.55,7.67,62.33,78.77,43.32,59.89,14.29,34.29
2026-07-15,23,12,2026-07-15 14:02:00,5,スポーツ報知杯,2,4398,船岡 洋一郎,1,39,52.3,0,0,0.14,6.28,45.45,58.18,6.8,46.67,66.67,46.53,60.89,36.49,58.11
2026-07-15,23,12,2026-07-15 14:02:00,5,スポーツ報知杯,3,4397,西村 拓也,1,39,52,0,0,0.13,7.21,55.86,74.77,6.31,31.03,58.62,33.51,48.4,40.96,56.63
2026-07-15,23,12,2026-07-15 14:02:00,5,スポーツ報知杯,4,4496,内堀 学,1,39,52,0,0,0.16,6.71,53.39,70.34,5.11,36.84,57.89,32.24,52.46,32.39,57.75
2026-07-15,23,12,2026-07-15 14:02:00,5,スポーツ報知杯,5,4808,松尾 拓,2,37,51,0,0,0.16,5.82,37.36,54.95,5.82,29.41,47.06,37.43,53.63,31.03,51.72
2026-07-15,23,12,2026-07-15 14:02:00,5,スポーツ報知杯,6,3961,谷村 一哉,1,47,53.4,0,0,0.17,6.65,45.8,70.23,5.95,42.11,63.16,36.92,51.28,23.88,34.33
2026-07-15,24,1,2026-07-15 17:41:00,5,ミッドナイトボートレースin大村 5,1,5048,眞鳥 康太,3,32,52.1,0,0,0.21,4.01,17.91,34.33,4.47,25.33,41.33,41.67,61.11,36,40
2026-07-15,24,1,2026-07-15 17:41:00,5,ミッドナイトボートレースin大村 5,2,4866,橋本 英一,3,36,53.1,0,0,0.17,3.93,15.71,32.86,4.17,17.39,39.13,40,48.57,29.03,54.84
2026-07-15,24,1,2026-07-15 17:41:00,5,ミッドナイトボートレースin大村 5,3,4495,森 晋太郎,4,39,52.5,0,0,0.14,5.43,34.04,55.32,5.43,39.13,43.48,50,68.75,40,56.67
2026-07-15,24,1,2026-07-15 17:41:00,5,ミッドナイトボートレースin大村 5,4,3956,横澤 剛治,2,49,56,0,0,0.17,6.3,42.27,59.79,6.38,37.5,75,18.75,43.75,19.05,23.81
2026-07-15,24,1,2026-07-15 17:41:00,5,ミッドナイトボートレースin大村 5,5,5311,小林 京平,3,28,52.2,0,0,0.18,5,29.49,46.15,3.19,6.45,25.81,25,46.88,29.03,45.16
2026-07-15,24,1,2026-07-15 17:41:00,5,ミッドナイトボートレースin大村 5,6,3740,大澤 普司,1,52,52.1,0,0,0.18,6.2,42.19,60.16,6.36,45.45,63.64,27.27,39.39,30,50
2026-07-15,24,2,2026-07-15 18:08:00,5,ミッドナイトボートレースin大村 5,1,4004,山本 浩輔,3,48,52,0,0,0.18,4.88,27.71,43.37,4.79,25,45.19,19.35,25.81,37.93,44.83
2026-07-15,24,2,2026-07-15 18:08:00,5,ミッドナイトボートレースin大村 5,2,5033,藤原 孝斗,3,28,52.4,0,0,0.18,4.32,28,36,1.83,0,0,12.12,33.33,32.26,51.61
2026-07-15,24,2,2026-07-15 18:08:00,5,ミッドナイトボートレースin大村 5,3,4945,上村 宏太,3,34,54,0,0,0.18,4.08,14.94,33.33,3.67,22.22,22.22,22.22,36.11,34.48,51.72
2026-07-15,24,2,2026-07-15 18:08:00,5,ミッドナイトボートレースin大村 5,4,3441,土屋 太朗,3,56,52,0,0,0.18,4.67,24,42,0,0,0,29.41,50,36.84,42.11
2026-07-15,24,2,2026-07-15 18:08:00,5,ミッドナイトボートレースin大村 5,5,3918,深井 利寿,1,51,51.5,0,0,0.18,6.65,46.9,70.8,6.57,28.57,71.43,28.57,42.86,40,43.33
2026-07-15,24,2,2026-07-15 18:08:00,5,ミッドナイトボートレースin大村 5,6,4215,吉島 祥之,2,41,52.5,0,0,0.16,5.38,32.38,53.33,5.44,29.41,52.94,36.36,48.48,17.86,42.86
2026-07-15,24,3,2026-07-15 18:34:00,5,ミッドナイトボートレースin大村 5,1,3544,豊田 訓靖,3,57,52.3,0,0,0.2,3.64,13.48,29.21,0,0,0,27.27,54.55,32.26,58.06
2026-07-15,24,3,2026-07-15 18:34:00,5,ミッドナイトボートレースin大村 5,2,5207,高山 敬悟,3,28,52.5,1,0,0.16,5.38,39.33,50.56,5.13,33.33,46.67,32.35,50,40,56.67
2026-07-15,24,3,2026-07-15 18:34:00,5,ミッドナイトボートレースin大村 5,3,5343,小林 礼央,3,23,52.1,0,0,0.16,3.69,16.88,27.27,2.67,4.76,9.52,0,11.11,22.58,41.94
2026-07-15,24,3,2026-07-15 18:34:00,5,ミッドナイトボートレースin大村 5,4,4196,田中 太一郎,3,44,52.5,0,0,0.17,3.73,18.95,28.42,4.77,30.19,43.4,9.38,12.5,15.79,47.37
2026-07-15,24,3,2026-07-15 18:34:00,5,ミッドナイトボートレースin大村 5,5,4259,真庭 明志,2,42,51.5,0,0,0.15,5.47,34.85,56.82,5.96,42.31,62.18,42.86,54.29,34.48,51.72
2026-07-15,24,3,2026-07-15 18:34:00,5,ミッドナイトボートレースin大村 5,6,4644,山田 亮太,1,47,52,0,0,0.14,6.53,47.62,69.05,7.05,61.9,76.19,44.83,62.07,30,43.33
2026-07-15,24,4,2026-07-15 19:03:00,5,ミッドナイトボートレースin大村 5,1,3939,渡辺 真至,4,48,52.6,0,0,0.14,5.51,40.54,54.05,5.83,44.44,55.56,35.29,58.82,32.26,51.61
2026-07-15,24,4,2026-07-15 19:03:00,5,ミッドナイトボートレースin大村 5,2,4560,庄司 樹良々,2,35,52.4,1,0,0.15,5.86,35.16,61.54,4.92,23.08,46.15,24.14,37.93,38.71,64.52
2026-07-15,24,4,2026-07-15 19:03:00,5,ミッドナイトボートレースin大村 5,3,4545,岡村 慶太,1,38,53.1,0,0,0.15,7.2,59.82,74.11,8.04,60.71,89.29,16.67,23.33,37.93,55.17
2026-07-15,24,4,2026-07-15 19:03:00,5,ミッドナイトボートレースin大村 5,4,4254,川島 圭司,2,43,52,0,0,0.15,5.34,29.55,54.55,5.8,40,66.67,25.71,42.86,30,46.67
2026-07-15,24,4,2026-07-15 19:03:00,5,ミッドナイトボートレースin大村 5,5,4626,伊藤 紘章,3,40,52,0,0,0.22,4.26,21.92,38.36,4.04,28.57,35.71,42.86,60,50,63.33
2026-07-15,24,4,2026-07-15 19:03:00,5,ミッドナイトボートレースin大村 5,6,3211,北川 敏弘,3,64,52.6,0,0,0.18,4.26,17.39,31.88,3.75,17.86,28.57,47.22,77.78,17.86,35.71
2026-07-15,24,5,2026-07-15 19:30:00,5,ミッドナイトボートレースin大村 5,1,4067,永井 源,2,46,52,0,0,0.17,6.22,43.75,64.84,7.88,87.5,87.5,32.26,58.06,37.93,68.97
2026-07-15,24,5,2026-07-15 19:30:00,5,ミッドナイトボートレースin大村 5,2,5381,有山 望,3,21,50.5,1,0,0.17,3.65,10.59,24.71,0,0,0,29.03,58.06,35.48,51.61
2026-07-15,24,5,2026-07-15 19:30:00,5,ミッドナイトボートレースin大村 5,3,5385,鈴木 柊介,3,21,55.1,0,0,0.14,2.58,5.63,14.08,0,0,0,51.52,63.64,50,66.67
2026-07-15,24,5,2026-07-15 19:30:00,5,ミッドナイトボートレースin大村 5,4,4180,上野 秀和,2,43,53.3,0,0,0.17,5.32,31.25,52.08,4,25,37.5,25,34.38,24.14,37.93
2026-07-15,24,5,2026-07-15 19:30:00,5,ミッドナイトボートレースin大村 5,5,3623,深川 真二,1,52,51,0,0,0.14,7.56,63.64,79.09,8.02,73.58,83.02,20.69,27.59,46.67,56.67
2026-07-15,24,5,2026-07-15 19:30:00,5,ミッドナイトボートレースin大村 5,6,3967,鈴木 茂高,3,46,56,1,0,0.19,4.75,30,43.75,5.57,57.14,57.14,40.63,50,40,63.33
2026-07-15,24,6,2026-07-15 19:56:00,5,ミッドナイトボートレースin大村 5,1,3467,森 弘行,3,57,52,0,0,0.2,3.96,12.33,36.99,3.64,10.71,35.71,47.06,61.76,40,53.33
2026-07-15,24,6,2026-07-15 19:56:00,5,ミッドナイトボートレースin大村 5,2,3740,大澤 普司,1,52,52.1,0,0,0.18,6.2,42.19,60.16,6.36,45.45,63.64,27.27,39.39,30,50
2026-07-15,24,6,2026-07-15 19:56:00,5,ミッドナイトボートレースin大村 5,3,4872,山下 流心,3,33,52.7,1,0,0.18,4.37,26.13,38.74,3.82,5.88,29.41,29.03,38.71,36.67,46.67
2026-07-15,24,6,2026-07-15 19:56:00,5,ミッドナイトボートレースin大村 5,4,4797,中山 将,1,34,53.7,0,0,0.13,6.84,52.94,76.47,6.93,46.67,73.33,27.27,51.52,37.93,65.52
2026-07-15,24,6,2026-07-15 19:56:00,5,ミッドナイトボートレースin大村 5,5,4674,池田 剛規,3,38,52.1,0,0,0.15,5.13,30.48,47.62,5.97,43.59,64.1,36.36,51.52,22.58,32.26
2026-07-15,24,6,2026-07-15 19:56:00,5,ミッドナイトボートレースin大村 5,6,4161,黒柳 浩孝,3,44,53.7,0,0,0.16,5.25,31.97,50.82,5.8,46.67,53.33,45.45,63.64,29.03,48.39
2026-07-15,24,7,2026-07-15 20:25:00,5,ミッドナイトボートレースin大村 5,1,4786,佐藤 博亮,1,38,52.9,0,0,0.14,6.63,54.76,69.05,6.41,51.85,70.37,22.58,41.94,36.67,43.33
2026-07-15,24,7,2026-07-15 20:25:00,5,ミッドナイトボートレースin大村 5,2,4466,南 佑典,2,39,51,0,0,0.19,5.95,41.58,60.4,4.5,25,50,40,45.71,30,46.67
2026-07-15,24,7,2026-07-15 20:25:00,5,ミッドナイトボートレースin大村 5,3,5271,杉山 太陽,3,24,51.5,0,0,0.19,4.04,17.57,33.78,3.42,8.33,25,51.43,68.57,41.38,51.72
2026-07-15,24,7,2026-07-15 20:25:00,5,ミッドナイトボートレースin大村 5,4,5048,眞鳥 康太,3,32,52.1,0,0,0.21,4.01,17.91,34.33,4.47,25.33,41.33,41.67,61.11,36,40
2026-07-15,24,7,2026-07-15 20:25:00,5,ミッドナイトボートレースin大村 5,5,5063,大塚 雅治,3,28,52.6,0,0,0.21,4.46,18.57,40,4.9,30,40,54.29,77.14,23.33,40
2026-07-15,24,7,2026-07-15 20:25:00,5,ミッドナイトボートレースin大村 5,6,5426,甲斐 貴大,4,24,53,0,0,0.2,1.85,2.7,8.11,1.38,0,0,42.86,62.86,12.9,25.81
2026-07-15,24,8,2026-07-15 20:59:00,5,ミッドナイトボートレースin大村 5,1,3956,横澤 剛治,2,49,56,0,0,0.17,6.3,42.27,59.79,6.38,37.5,75,18.75,43.75,19.05,23.81
2026-07-15,24,8,2026-07-15 20:59:00,5,ミッドナイトボートレースin大村 5,2,4644,山田 亮太,1,47,52,0,0,0.14,6.53,47.62,69.05,7.05,61.9,76.19,44.83,62.07,30,43.33
2026-07-15,24,8,2026-07-15 20:59:00,5,ミッドナイトボートレースin大村 5,3,4440,萩原 知哉,3,39,52.9,0,0,0.17,4.89,27.06,41.18,3.88,12.5,31.25,24.24,39.39,40,53.33
2026-07-15,24,8,2026-07-15 20:59:00,5,ミッドナイトボートレースin大村 5,4,4004,山本 浩輔,3,48,52,0,0,0.18,4.88,27.71,43.37,4.79,25,45.19,19.35,25.81,37.93,44.83
2026-07-15,24,8,2026-07-15 20:59:00,5,ミッドナイトボートレースin大村 5,5,5325,澁川 夏,3,23,52,0,0,0.17,5.83,39.58,63.54,4,0,33.33,21.21,33.33,44.44,55.56
2026-07-15,24,8,2026-07-15 20:59:00,5,ミッドナイトボートレースin大村 5,6,4179,広次 修,2,43,52,0,0,0.15,5.42,34.02,55.67,5,18.75,31.25,18.75,43.75,26.67,36.67
2026-07-15,24,9,2026-07-15 21:25:00,5,ミッドナイトボートレースin大村 5,1,4259,真庭 明志,2,42,51.5,0,0,0.15,5.47,34.85,56.82,5.96,42.31,62.18,42.86,54.29,34.48,51.72
2026-07-15,24,9,2026-07-15 21:25:00,5,ミッドナイトボートレースin大村 5,2,4962,畑 竜生,2,29,52,0,0,0.17,5.16,30,50,3,16.67,16.67,31.25,40.63,46.67,60
2026-07-15,24,9,2026-07-15 21:25:00,5,ミッドナイトボートレースin大村 5,3,4866,橋本 英一,3,36,53.1,0,0,0.17,3.93,15.71,32.86,4.17,17.39,39.13,40,48.57,29.03,54.84
2026-07-15,24,9,2026-07-15 21:25:00,5,ミッドナイトボートレースin大村 5,4,4545,岡村 慶太,1,38,53.1,0,0,0.15,7.2,59.82,74.11,8.04,60.71,89.29,16.67,23.33,37.93,55.17
2026-07-15,24,9,2026-07-15 21:25:00,5,ミッドナイトボートレースin大村 5,5,4945,上村 宏太,3,34,54,0,0,0.18,4.08,14.94,33.33,3.67,22.22,22.22,22.22,36.11,34.48,51.72
2026-07-15,24,9,2026-07-15 21:25:00,5,ミッドナイトボートレースin大村 5,6,5385,鈴木 柊介,3,21,55.1,0,0,0.14,2.58,5.63,14.08,0,0,0,51.52,63.64,50,66.67
2026-07-15,24,10,2026-07-15 21:51:00,5,ミッドナイトボートレースin大村 5,1,4254,川島 圭司,2,43,52,0,0,0.15,5.34,29.55,54.55,5.8,40,66.67,25.71,42.86,30,46.67
2026-07-15,24,10,2026-07-15 21:51:00,5,ミッドナイトボートレースin大村 5,2,5311,小林 京平,3,28,52.2,0,0,0.18,5,29.49,46.15,3.19,6.45,25.81,25,46.88,29.03,45.16
2026-07-15,24,10,2026-07-15 21:51:00,5,ミッドナイトボートレースin大村 5,3,3623,深川 真二,1,52,51,0,0,0.14,7.56,63.64,79.09,8.02,73.58,83.02,20.69,27.59,46.67,56.67
2026-07-15,24,10,2026-07-15 21:51:00,5,ミッドナイトボートレースin大村 5,4,3544,豊田 訓靖,3,57,52.3,0,0,0.2,3.64,13.48,29.21,0,0,0,27.27,54.55,32.26,58.06
2026-07-15,24,10,2026-07-15 21:51:00,5,ミッドナイトボートレースin大村 5,5,4575,戸塚 邦好,2,37,52,0,0,0.16,6.28,44.79,62.5,6.39,50,61.11,26.67,40,50,73.33
2026-07-15,24,10,2026-07-15 21:51:00,5,ミッドナイトボートレースin大村 5,6,3441,土屋 太朗,3,56,52,0,0,0.18,4.67,24,42,0,0,0,29.41,50,36.84,42.11
2026-07-15,24,11,2026-07-15 22:16:00,5,ミッドナイトボートレースin大村 5,1,3918,深井 利寿,1,51,51.5,0,0,0.18,6.65,46.9,70.8,6.57,28.57,71.43,28.57,42.86,40,43.33
2026-07-15,24,11,2026-07-15 22:16:00,5,ミッドナイトボートレースin大村 5,2,4872,山下 流心,3,33,52.7,1,0,0.18,4.37,26.13,38.74,3.82,5.88,29.41,29.03,38.71,36.67,46.67
2026-07-15,24,11,2026-07-15 22:16:00,5,ミッドナイトボートレースin大村 5,3,4560,庄司 樹良々,2,35,52.4,1,0,0.15,5.86,35.16,61.54,4.92,23.08,46.15,24.14,37.93,38.71,64.52
2026-07-15,24,11,2026-07-15 22:16:00,5,ミッドナイトボートレースin大村 5,4,4067,永井 源,2,46,52,0,0,0.17,6.22,43.75,64.84,7.88,87.5,87.5,32.26,58.06,37.93,68.97
2026-07-15,24,11,2026-07-15 22:16:00,5,ミッドナイトボートレースin大村 5,5,4495,森 晋太郎,4,39,52.5,0,0,0.14,5.43,34.04,55.32,5.43,39.13,43.48,50,68.75,40,56.67
2026-07-15,24,11,2026-07-15 22:16:00,5,ミッドナイトボートレースin大村 5,6,4196,田中 太一郎,3,44,52.5,0,0,0.17,3.73,18.95,28.42,4.77,30.19,43.4,9.38,12.5,15.79,47.37
2026-07-15,24,12,2026-07-15 22:41:00,5,ミッドナイトボートレースin大村 5,1,4797,中山 将,1,34,53.7,0,0,0.13,6.84,52.94,76.47,6.93,46.67,73.33,27.27,51.52,37.93,65.52
2026-07-15,24,12,2026-07-15 22:41:00,5,ミッドナイトボートレースin大村 5,2,5063,大塚 雅治,3,28,52.6,0,0,0.21,4.46,18.57,40,4.9,30,40,54.29,77.14,23.33,40
2026-07-15,24,12,2026-07-15 22:41:00,5,ミッドナイトボートレースin大村 5,3,4626,伊藤 紘章,3,40,52,0,0,0.22,4.26,21.92,38.36,4.04,28.57,35.71,42.86,60,50,63.33
2026-07-15,24,12,2026-07-15 22:41:00,5,ミッドナイトボートレースin大村 5,4,4786,佐藤 博亮,1,38,52.9,0,0,0.14,6.63,54.76,69.05,6.41,51.85,70.37,22.58,41.94,36.67,43.33
2026-07-15,24,12,2026-07-15 22:41:00,5,ミッドナイトボートレースin大村 5,5,5343,小林 礼央,3,23,52.1,0,0,0.16,3.69,16.88,27.27,2.67,4.76,9.52,0,11.11,22.58,41.94
2026-07-15,24,12,2026-07-15 22:41:00,5,ミッドナイトボートレースin大村 5,6,4180,上野 秀和,2,43,53.3,0,0,0.17,5.32,31.25,52.08,4,25,37.5,25,34.38,24.14,37.93
