race_date,stadium_number,race_number,race_closed_at,race_grade_number,race_title,boat_number,racer_number,racer_name,racer_class_number,racer_age,racer_weight,racer_flying_count,racer_late_count,racer_average_start_timing,racer_national_top_1_percent,racer_national_top_2_percent,racer_national_top_3_percent,racer_local_top_1_percent,racer_local_top_2_percent,racer_local_top_3_percent,racer_assigned_motor_top_2_percent,racer_assigned_motor_top_3_percent,racer_assigned_boat_top_2_percent,racer_assigned_boat_top_3_percent
2026-03-01,1,1,2026-03-01 15:20:00,5,にっぽん未来プロジェクト競走in桐生,1,4638,小林 遼太,3,35,52.4,0,0,0.19,4.84,24.42,44.19,3.29,17.65,17.65,35.29,38.24,29.82,38.6
2026-03-01,1,1,2026-03-01 15:20:00,5,にっぽん未来プロジェクト競走in桐生,2,3893,汐崎 正則,3,49,52.6,0,0,0.16,4.26,23.4,37.23,5.22,22.22,55.56,35.9,48.72,33.33,45.61
2026-03-01,1,1,2026-03-01 15:20:00,5,にっぽん未来プロジェクト競走in桐生,3,4271,川崎 公靖,3,43,52.6,0,0,0.16,4.8,29.27,47.56,5,28.57,50,29.55,47.73,19.05,26.98
2026-03-01,1,1,2026-03-01 15:20:00,5,にっぽん未来プロジェクト競走in桐生,4,4608,荒井 翔伍,2,36,53,0,0,0.16,6.09,38.96,62.34,6.39,45.16,67.74,30.95,40.48,30.16,47.62
2026-03-01,1,1,2026-03-01 15:20:00,5,にっぽん未来プロジェクト競走in桐生,5,3224,栗山 繁洋,3,60,52.9,0,0,0.19,4.04,20.25,39.24,0,0,0,42,60,48.33,68.33
2026-03-01,1,1,2026-03-01 15:20:00,5,にっぽん未来プロジェクト競走in桐生,6,5394,福西 広太郎,3,24,52,0,0,0.2,2.73,7.59,20.25,1.67,5.56,5.56,37.84,59.46,42.37,62.71
2026-03-01,1,2,2026-03-01 15:49:00,5,にっぽん未来プロジェクト競走in桐生,1,5258,仲本 舜,3,20,52.3,0,0,0.17,4.6,22.09,37.21,2,0,0,33.33,60,40.35,57.89
2026-03-01,1,2,2026-03-01 15:49:00,5,にっぽん未来プロジェクト競走in桐生,2,3712,淺香 文武,3,51,54.4,0,0,0.15,4.49,28,38.67,4.68,26.47,41.18,25,47.5,35.09,54.39
2026-03-01,1,2,2026-03-01 15:49:00,5,にっぽん未来プロジェクト競走in桐生,3,3838,伊藤 啓三,3,50,52.4,0,0,0.14,4.84,32,46.67,5.4,25,55,40,53.33,42.31,55.77
2026-03-01,1,2,2026-03-01 15:49:00,5,にっぽん未来プロジェクト競走in桐生,4,4257,古川 健,3,42,52,0,0,0.16,4.6,28,37.33,0,0,0,46.34,68.29,40,67.69
2026-03-01,1,2,2026-03-01 15:49:00,5,にっぽん未来プロジェクト競走in桐生,5,4233,亀山 雅幸,2,42,52,0,0,0.18,5.69,36.21,64.66,5.69,35.78,60.55,35.85,54.72,24.14,44.83
2026-03-01,1,2,2026-03-01 15:49:00,5,にっぽん未来プロジェクト競走in桐生,6,3814,金子 貴志,3,49,52,0,0,0.17,4.53,25.3,36.14,4.25,16.67,25,34,46,27.42,40.32
2026-03-01,1,3,2026-03-01 16:20:00,5,にっぽん未来プロジェクト競走in桐生,1,3790,佐口 達也,3,53,52.2,0,0,0.2,3.83,12.5,34.72,4.82,24.32,47.3,50,76.32,48.28,63.79
2026-03-01,1,3,2026-03-01 16:20:00,5,にっぽん未来プロジェクト競走in桐生,2,3477,近藤 稔也,3,55,53.4,0,0,0.19,3.93,11.49,29.89,4.2,20,40,44.44,57.78,24.44,40
2026-03-01,1,3,2026-03-01 16:20:00,5,にっぽん未来プロジェクト競走in桐生,3,3983,須藤 博倫,2,48,51.5,0,0,0.14,5.74,32.06,49.62,5.28,33.33,44.44,36.96,43.48,49.18,63.93
2026-03-01,1,3,2026-03-01 16:20:00,5,にっぽん未来プロジェクト競走in桐生,4,5364,金子 怜央,4,26,52.4,0,0,0.18,1.82,3.57,5.36,1.83,4.17,4.17,35.14,45.95,53.45,68.97
2026-03-01,1,3,2026-03-01 16:20:00,5,にっぽん未来プロジェクト競走in桐生,5,3843,上之 晃弘,3,49,55,0,0,0.16,4.53,23.91,44.57,4.56,22.22,44.44,42.42,57.58,23.73,49.15
2026-03-01,1,3,2026-03-01 16:20:00,5,にっぽん未来プロジェクト競走in桐生,6,3590,濱野谷 憲吾,1,52,54,0,0,0.14,7.02,50,68.38,0,0,0,27.78,47.22,28.57,41.07
2026-03-01,1,4,2026-03-01 16:49:00,5,にっぽん未来プロジェクト競走in桐生,1,4489,岩川 仁士,3,39,53.6,0,0,0.15,5.73,36.36,56.82,0,0,0,45.71,74.29,19.3,38.6
2026-03-01,1,4,2026-03-01 16:49:00,5,にっぽん未来プロジェクト競走in桐生,2,3286,坂東 満,3,57,52,0,0,0.15,4.35,25.81,43.55,5.18,35.29,47.06,38.46,53.85,15.56,24.44
2026-03-01,1,4,2026-03-01 16:49:00,5,にっぽん未来プロジェクト競走in桐生,3,3484,芝田 浩治,2,54,52.2,0,0,0.16,6.04,45.31,62.5,6.2,50,70,30.95,38.1,41.67,65
2026-03-01,1,4,2026-03-01 16:49:00,5,にっぽん未来プロジェクト競走in桐生,4,3713,伊藤 誠二,2,51,52.8,0,0,0.14,5.77,36.46,56.25,5.89,33.33,66.67,34.15,56.1,34.55,52.73
2026-03-01,1,4,2026-03-01 16:49:00,5,にっぽん未来プロジェクト競走in桐生,5,5422,真田 聖也,4,24,52.6,0,0,,1.63,0,0,0,0,0,47.22,61.11,54.1,70.49
2026-03-01,1,4,2026-03-01 16:49:00,5,にっぽん未来プロジェクト競走in桐生,6,5354,渡邊 雄斗,4,21,52,0,0,0.22,2.38,6.33,8.86,2,0,0,26.67,31.11,34.48,55.17
2026-03-01,1,5,2026-03-01 17:16:00,5,にっぽん未来プロジェクト競走in桐生,1,4506,稗田 聖也,3,37,52.4,0,0,0.14,6.66,54.21,70.09,4.63,29.63,48.15,39.53,48.84,32.73,43.64
2026-03-01,1,5,2026-03-01 17:16:00,5,にっぽん未来プロジェクト競走in桐生,2,4218,吉川 喜継,1,44,52,0,0,0.15,7.03,59.03,75.69,5.81,45.24,59.52,28.57,52.38,33.87,51.61
2026-03-01,1,5,2026-03-01 17:16:00,5,にっぽん未来プロジェクト競走in桐生,3,4182,吉田 和仁,3,42,56.3,0,0,0.18,5.19,32.65,52.04,0,0,0,54.35,63.04,36.21,46.55
2026-03-01,1,5,2026-03-01 17:16:00,5,にっぽん未来プロジェクト競走in桐生,4,4404,岸蔭 亮,3,40,53.2,0,0,0.18,3.89,21,33,4.8,37.14,45.71,47.62,52.38,24.49,44.9
2026-03-01,1,5,2026-03-01 17:16:00,5,にっぽん未来プロジェクト競走in桐生,5,4514,上條 嘉嗣,1,36,52.3,1,0,0.18,6.64,51.59,66.67,7.13,60,80,40.43,63.83,42.62,60.66
2026-03-01,1,5,2026-03-01 17:16:00,5,にっぽん未来プロジェクト競走in桐生,6,4352,下條 雄太郎,1,39,52,2,0,0.14,6.2,42.24,57.76,5.33,11.11,44.44,24.32,43.24,24.49,36.73
2026-03-01,1,6,2026-03-01 17:44:00,5,にっぽん未来プロジェクト競走in桐生,1,4424,松尾 昂明,2,40,52.4,0,0,0.16,5.97,40.6,60.9,7.57,71.43,71.43,55,65,25.42,45.76
2026-03-01,1,6,2026-03-01 17:44:00,5,にっぽん未来プロジェクト競走in桐生,2,4271,川崎 公靖,3,43,52.6,0,0,0.16,4.8,29.27,47.56,5,28.57,50,29.55,47.73,19.05,26.98
2026-03-01,1,6,2026-03-01 17:44:00,5,にっぽん未来プロジェクト競走in桐生,3,4257,古川 健,3,42,52,0,0,0.16,4.6,28,37.33,0,0,0,46.34,68.29,40,67.69
2026-03-01,1,6,2026-03-01 17:44:00,5,にっぽん未来プロジェクト競走in桐生,4,3814,金子 貴志,3,49,52,0,0,0.17,4.53,25.3,36.14,4.25,16.67,25,34,46,27.42,40.32
2026-03-01,1,6,2026-03-01 17:44:00,5,にっぽん未来プロジェクト競走in桐生,5,3893,汐崎 正則,3,49,52.6,0,0,0.16,4.26,23.4,37.23,5.22,22.22,55.56,35.9,48.72,33.33,45.61
2026-03-01,1,6,2026-03-01 17:44:00,5,にっぽん未来プロジェクト競走in桐生,6,5433,米本 圭佑,4,21,52,1,0,,1.95,2.33,4.65,2.5,0,12.5,49.06,64.15,34,54
2026-03-01,1,7,2026-03-01 18:10:00,5,にっぽん未来プロジェクト競走in桐生,1,4608,荒井 翔伍,2,36,53,0,0,0.16,6.09,38.96,62.34,6.39,45.16,67.74,30.95,40.48,30.16,47.62
2026-03-01,1,7,2026-03-01 18:10:00,5,にっぽん未来プロジェクト競走in桐生,2,3224,栗山 繁洋,3,60,52.9,0,0,0.19,4.04,20.25,39.24,0,0,0,42,60,48.33,68.33
2026-03-01,1,7,2026-03-01 18:10:00,5,にっぽん未来プロジェクト競走in桐生,3,4002,古結 宏,1,48,52.2,0,0,0.15,6.39,45.76,66.1,6.07,31.03,55.17,39.47,60.53,31.03,50
2026-03-01,1,7,2026-03-01 18:10:00,5,にっぽん未来プロジェクト競走in桐生,4,3712,淺香 文武,3,51,54.4,0,0,0.15,4.49,28,38.67,4.68,26.47,41.18,25,47.5,35.09,54.39
2026-03-01,1,7,2026-03-01 18:10:00,5,にっぽん未来プロジェクト競走in桐生,5,5364,金子 怜央,4,26,52.4,0,0,0.18,1.82,3.57,5.36,1.83,4.17,4.17,35.14,45.95,53.45,68.97
2026-03-01,1,7,2026-03-01 18:10:00,5,にっぽん未来プロジェクト競走in桐生,6,3477,近藤 稔也,3,55,53.4,0,0,0.19,3.93,11.49,29.89,4.2,20,40,44.44,57.78,24.44,40
2026-03-01,1,8,2026-03-01 18:45:00,5,にっぽん未来プロジェクト競走in桐生,1,3484,芝田 浩治,2,54,52.2,0,0,0.16,6.04,45.31,62.5,6.2,50,70,30.95,38.1,41.67,65
2026-03-01,1,8,2026-03-01 18:45:00,5,にっぽん未来プロジェクト競走in桐生,2,3843,上之 晃弘,3,49,55,0,0,0.16,4.53,23.91,44.57,4.56,22.22,44.44,42.42,57.58,23.73,49.15
2026-03-01,1,8,2026-03-01 18:45:00,5,にっぽん未来プロジェクト競走in桐生,3,4664,東口 晃,3,42,53.2,0,0,0.17,4.31,26.92,38.46,3.82,11.76,41.18,23.08,43.59,35.85,49.06
2026-03-01,1,8,2026-03-01 18:45:00,5,にっぽん未来プロジェクト競走in桐生,4,3838,伊藤 啓三,3,50,52.4,0,0,0.14,4.84,32,46.67,5.4,25,55,40,53.33,42.31,55.77
2026-03-01,1,8,2026-03-01 18:45:00,5,にっぽん未来プロジェクト競走in桐生,5,3983,須藤 博倫,2,48,51.5,0,0,0.14,5.74,32.06,49.62,5.28,33.33,44.44,36.96,43.48,49.18,63.93
2026-03-01,1,8,2026-03-01 18:45:00,5,にっぽん未来プロジェクト競走in桐生,6,3286,坂東 満,3,57,52,0,0,0.15,4.35,25.81,43.55,5.18,35.29,47.06,38.46,53.85,15.56,24.44
2026-03-01,1,9,2026-03-01 19:18:00,5,にっぽん未来プロジェクト競走in桐生,1,5007,近藤 雄一郎,3,29,53.9,0,0,0.16,5.27,31.78,52.34,4.75,31.25,37.5,44,56,27.87,37.7
2026-03-01,1,9,2026-03-01 19:18:00,5,にっぽん未来プロジェクト競走in桐生,2,4404,岸蔭 亮,3,40,53.2,0,0,0.18,3.89,21,33,4.8,37.14,45.71,47.62,52.38,24.49,44.9
2026-03-01,1,9,2026-03-01 19:18:00,5,にっぽん未来プロジェクト競走in桐生,3,4113,木村 浩士,3,45,55.2,0,0,0.19,5.2,33.33,50,5.26,26.47,52.94,56.41,64.1,34.48,50
2026-03-01,1,9,2026-03-01 19:18:00,5,にっぽん未来プロジェクト競走in桐生,4,4182,吉田 和仁,3,42,56.3,0,0,0.18,5.19,32.65,52.04,0,0,0,54.35,63.04,36.21,46.55
2026-03-01,1,9,2026-03-01 19:18:00,5,にっぽん未来プロジェクト競走in桐生,5,5394,福西 広太郎,3,24,52,0,0,0.2,2.73,7.59,20.25,1.67,5.56,5.56,37.84,59.46,42.37,62.71
2026-03-01,1,9,2026-03-01 19:18:00,5,にっぽん未来プロジェクト競走in桐生,6,5422,真田 聖也,4,24,52.6,0,0,,1.63,0,0,0,0,0,47.22,61.11,54.1,70.49
2026-03-01,1,10,2026-03-01 19:50:00,5,にっぽん未来プロジェクト競走in桐生,1,4352,下條 雄太郎,1,39,52,2,0,0.14,6.2,42.24,57.76,5.33,11.11,44.44,24.32,43.24,24.49,36.73
2026-03-01,1,10,2026-03-01 19:50:00,5,にっぽん未来プロジェクト競走in桐生,2,4233,亀山 雅幸,2,42,52,0,0,0.18,5.69,36.21,64.66,5.69,35.78,60.55,35.85,54.72,24.14,44.83
2026-03-01,1,10,2026-03-01 19:50:00,5,にっぽん未来プロジェクト競走in桐生,3,3713,伊藤 誠二,2,51,52.8,0,0,0.14,5.77,36.46,56.25,5.89,33.33,66.67,34.15,56.1,34.55,52.73
2026-03-01,1,10,2026-03-01 19:50:00,5,にっぽん未来プロジェクト競走in桐生,4,5258,仲本 舜,3,20,52.3,0,0,0.17,4.6,22.09,37.21,2,0,0,33.33,60,40.35,57.89
2026-03-01,1,10,2026-03-01 19:50:00,5,にっぽん未来プロジェクト競走in桐生,5,4218,吉川 喜継,1,44,52,0,0,0.15,7.03,59.03,75.69,5.81,45.24,59.52,28.57,52.38,33.87,51.61
2026-03-01,1,10,2026-03-01 19:50:00,5,にっぽん未来プロジェクト競走in桐生,6,3790,佐口 達也,3,53,52.2,0,0,0.2,3.83,12.5,34.72,4.82,24.32,47.3,50,76.32,48.28,63.79
2026-03-01,1,11,2026-03-01 20:17:00,5,にっぽん未来プロジェクト競走in桐生,1,3590,濱野谷 憲吾,1,52,54,0,0,0.14,7.02,50,68.38,0,0,0,27.78,47.22,28.57,41.07
2026-03-01,1,11,2026-03-01 20:17:00,5,にっぽん未来プロジェクト競走in桐生,2,4514,上條 嘉嗣,1,36,52.3,1,0,0.18,6.64,51.59,66.67,7.13,60,80,40.43,63.83,42.62,60.66
2026-03-01,1,11,2026-03-01 20:17:00,5,にっぽん未来プロジェクト競走in桐生,3,4506,稗田 聖也,3,37,52.4,0,0,0.14,6.66,54.21,70.09,4.63,29.63,48.15,39.53,48.84,32.73,43.64
2026-03-01,1,11,2026-03-01 20:17:00,5,にっぽん未来プロジェクト競走in桐生,4,4002,古結 宏,1,48,52.2,0,0,0.15,6.39,45.76,66.1,6.07,31.03,55.17,39.47,60.53,31.03,50
2026-03-01,1,11,2026-03-01 20:17:00,5,にっぽん未来プロジェクト競走in桐生,5,4489,岩川 仁士,3,39,53.6,0,0,0.15,5.73,36.36,56.82,0,0,0,45.71,74.29,19.3,38.6
2026-03-01,1,11,2026-03-01 20:17:00,5,にっぽん未来プロジェクト競走in桐生,6,4424,松尾 昂明,2,40,52.4,0,0,0.16,5.97,40.6,60.9,7.57,71.43,71.43,55,65,25.42,45.76
2026-03-01,1,12,2026-03-01 20:45:00,5,にっぽん未来プロジェクト競走in桐生,1,3719,辻 栄蔵,1,50,52,0,0,0.15,6.66,41.05,64.21,6.17,22.22,50,46.51,62.79,31.03,55.17
2026-03-01,1,12,2026-03-01 20:45:00,5,にっぽん未来プロジェクト競走in桐生,2,3960,菊地 孝平,1,47,53.8,0,0,0.11,6.75,50.44,61.95,8.25,75,90,36.36,68.18,23.73,37.29
2026-03-01,1,12,2026-03-01 20:45:00,5,にっぽん未来プロジェクト競走in桐生,3,4199,北川 潤二,2,43,56.5,0,0,0.14,6.66,47.65,69.8,5.45,36.36,63.64,39.39,57.58,34.55,61.82
2026-03-01,1,12,2026-03-01 20:45:00,5,にっぽん未来プロジェクト競走in桐生,4,3984,坂口 周,2,48,52.9,0,0,0.17,6.52,45.16,63.71,5.9,37.93,58.62,36.17,48.94,48.28,67.24
2026-03-01,1,12,2026-03-01 20:45:00,5,にっぽん未来プロジェクト競走in桐生,5,4949,横田 貴満,1,33,50,0,0,0.15,6.4,44.2,66.67,6,40,70,36.11,50,27.87,44.26
2026-03-01,1,12,2026-03-01 20:45:00,5,にっぽん未来プロジェクト競走in桐生,6,3747,國崎 良春,3,50,52.2,0,0,0.17,5.45,37.23,58.51,4.92,29.17,58.33,30,52.5,25.93,37.04
2026-03-01,2,1,2026-03-01 10:47:00,5,戸田巧者Nо.1決定戦,1,3860,松本 浩貴,3,52,52.2,0,0,0.19,3.79,17.39,28.26,4.06,14.58,33.33,52.94,63.24,35.9,50.43
2026-03-01,2,1,2026-03-01 10:47:00,5,戸田巧者Nо.1決定戦,2,5044,渡邉 健,3,26,58.9,0,0,0.14,4.76,30.21,41.67,6.52,47.62,71.43,36.03,51.47,35.29,49.58
2026-03-01,2,1,2026-03-01 10:47:00,5,戸田巧者Nо.1決定戦,3,4639,雑賀 勇貴,3,35,54,0,0,0.16,4.45,27.17,35.87,5.15,35,55,37.69,55.38,40.98,60.66
2026-03-01,2,1,2026-03-01 10:47:00,5,戸田巧者Nо.1決定戦,4,4564,山本 景士郎,3,38,52.9,0,0,0.2,4.27,22.89,39.76,0,0,0,30.43,48.7,23.28,39.66
2026-03-01,2,1,2026-03-01 10:47:00,5,戸田巧者Nо.1決定戦,5,4085,荻野 裕介,3,46,52.4,0,0,0.2,5.38,28.57,54.76,5.25,50,50,22,45,30.77,50.43
2026-03-01,2,1,2026-03-01 10:47:00,5,戸田巧者Nо.1決定戦,6,5183,中野 孝二,3,27,53.8,0,0,0.16,4.8,29.41,48.24,4.25,17.86,35.71,31.82,43.18,31.4,47.93
2026-03-01,2,2,2026-03-01 11:16:00,5,戸田巧者Nо.1決定戦,1,3637,齋藤 和政,3,55,52.3,0,0,0.18,3.92,22.35,34.12,3.5,16.67,25,30.63,45.05,36.21,50
2026-03-01,2,2,2026-03-01 11:16:00,5,戸田巧者Nо.1決定戦,2,4191,赤羽 克也,2,44,52.7,0,0,0.17,6.14,42.86,63.39,6.1,51.04,63.54,35.83,50.83,30.91,43.64
2026-03-01,2,2,2026-03-01 11:16:00,5,戸田巧者Nо.1決定戦,3,3947,寺本 昇平,3,50,50,0,0,0.17,4.71,20,47.62,5.72,28.13,56.25,35.77,48.18,32.5,53.33
2026-03-01,2,2,2026-03-01 11:16:00,5,戸田巧者Nо.1決定戦,4,5368,宮崎 心之介,4,23,52,1,0,0.21,3.72,18.29,32.93,2.89,14.29,25.71,43.24,62.16,31.15,48.36
2026-03-01,2,2,2026-03-01 11:16:00,5,戸田巧者Nо.1決定戦,5,3161,古場 輝義,3,65,53.3,0,0,0.18,5.22,34.04,56.38,5.79,41.67,58.33,41.67,61.36,38.02,46.28
2026-03-01,2,2,2026-03-01 11:16:00,5,戸田巧者Nо.1決定戦,6,3662,大庭 元明,3,56,55.6,0,0,0.16,5.63,42.5,57.5,5.21,31.58,52.63,24.74,43.3,40.16,56.56
2026-03-01,2,3,2026-03-01 11:45:00,5,戸田巧者Nо.1決定戦,1,4549,小林 文彦,3,37,52,0,0,0.19,5.21,30.1,54.37,5.29,42.86,42.86,38.52,54.81,30.17,47.41
2026-03-01,2,3,2026-03-01 11:45:00,5,戸田巧者Nо.1決定戦,2,3850,小川 知行,3,53,53.3,0,0,0.15,5.13,33.03,50.46,5.13,41.94,48.39,39.69,55.73,25,37.5
2026-03-01,2,3,2026-03-01 11:45:00,5,戸田巧者Nо.1決定戦,3,3895,堀本 裕也,3,49,50.5,0,0,0.18,4.03,23.73,35.59,0,0,0,36.96,53.62,37.5,53.33
2026-03-01,2,3,2026-03-01 11:45:00,5,戸田巧者Nо.1決定戦,4,3933,山地 正樹,3,49,54.4,0,0,0.18,5.07,29.79,43.62,3.52,15.15,27.27,21.7,41.51,30.7,50
2026-03-01,2,3,2026-03-01 11:45:00,5,戸田巧者Nо.1決定戦,5,3714,梶原 正,3,51,55.5,0,0,0.15,4.57,20.69,40.23,5.07,14.29,57.14,41.83,62.75,25,47.41
2026-03-01,2,3,2026-03-01 11:45:00,5,戸田巧者Nо.1決定戦,6,5049,松井 友汰,2,31,54.2,2,0,0.16,5.78,35.4,61.06,6.47,43.75,68.75,32.56,48.06,37.19,56.2
2026-03-01,2,4,2026-03-01 12:14:00,5,戸田巧者Nо.1決定戦,1,5077,滝沢 崚,4,28,52.3,0,0,0.2,4.39,18.18,38.64,3.92,15,35,27.87,45.08,27.5,40
2026-03-01,2,4,2026-03-01 12:14:00,5,戸田巧者Nо.1決定戦,2,3717,立間 充宏,3,51,54.7,0,0,0.15,5.82,38.96,58.44,6.71,47.06,76.47,23.64,44.55,34.15,47.15
2026-03-01,2,4,2026-03-01 12:14:00,5,戸田巧者Nо.1決定戦,3,3615,横田 茂,3,53,52,0,0,0.16,4.61,31.11,42.22,5.38,43.75,62.5,22.52,36.94,29.46,43.75
2026-03-01,2,4,2026-03-01 12:14:00,5,戸田巧者Nо.1決定戦,4,4462,夏山 亮平,3,39,56.1,0,0,0.15,5.14,31.76,49.41,3.95,21.05,42.11,19.81,33.02,29.2,42.48
2026-03-01,2,4,2026-03-01 12:14:00,5,戸田巧者Nо.1決定戦,5,3548,室田 泰史,2,56,53.2,0,0,0.12,5.78,39.23,59.23,6.31,38.46,69.23,39.37,59.84,33.62,52.59
2026-03-01,2,4,2026-03-01 12:14:00,5,戸田巧者Nо.1決定戦,6,4211,村田 敦,3,42,59.5,0,0,0.13,3.4,8.33,29.76,4.32,14.29,35.71,35.14,52.25,32.14,50
2026-03-01,2,5,2026-03-01 12:44:00,5,戸田巧者Nо.1決定戦,1,4930,佐藤 悠,2,30,52.6,1,0,0.14,5.63,35.51,57.01,5.39,38.89,55.56,29.92,50.39,31.09,56.3
2026-03-01,2,5,2026-03-01 12:44:00,5,戸田巧者Nо.1決定戦,2,3929,杢野 誓良,3,50,52,0,0,0.16,4.51,23.86,38.64,5.79,33.33,54.55,34.48,51.72,30.77,44.44
2026-03-01,2,5,2026-03-01 12:44:00,5,戸田巧者Nо.1決定戦,3,5246,楠 将太郎,3,24,52,0,0,0.19,5.26,35.35,53.54,5.47,37.5,53.13,35.04,50.43,41.18,57.98
2026-03-01,2,5,2026-03-01 12:44:00,5,戸田巧者Nо.1決定戦,4,3641,一瀬 明,2,54,52,0,0,0.16,6.14,42.86,59.29,6.5,50,75,39.84,62.6,40.87,55.65
2026-03-01,2,5,2026-03-01 12:44:00,5,戸田巧者Nо.1決定戦,5,5044,渡邉 健,3,26,58.9,0,0,0.14,4.76,30.21,41.67,6.52,47.62,71.43,36.03,51.47,35.29,49.58
2026-03-01,2,5,2026-03-01 12:44:00,5,戸田巧者Nо.1決定戦,6,4564,山本 景士郎,3,38,52.9,0,0,0.2,4.27,22.89,39.76,0,0,0,30.43,48.7,23.28,39.66
2026-03-01,2,6,2026-03-01 13:14:00,5,戸田巧者Nо.1決定戦,1,3988,古川 誠之,2,47,55.9,0,0,0.15,5.59,38.71,55.65,6.14,50,64.29,35.34,55.64,26.13,45.95
2026-03-01,2,6,2026-03-01 13:14:00,5,戸田巧者Nо.1決定戦,2,4846,佐藤 駿介,3,32,52,0,0,0.17,3.47,14.77,28.41,4.58,35.48,41.94,41.67,56.82,42.28,52.85
2026-03-01,2,6,2026-03-01 13:14:00,5,戸田巧者Nо.1決定戦,3,5368,宮崎 心之介,4,23,52,1,0,0.21,3.72,18.29,32.93,2.89,14.29,25.71,43.24,62.16,31.15,48.36
2026-03-01,2,6,2026-03-01 13:14:00,5,戸田巧者Nо.1決定戦,4,4840,鈴木 秀茉,3,34,52.1,0,0,0.16,4.93,35.71,46.43,5.17,33.33,44.44,22.69,42.02,33.88,45.45
2026-03-01,2,6,2026-03-01 13:14:00,5,戸田巧者Nо.1決定戦,5,4066,東本 勝利,1,46,53.8,0,0,0.15,5.74,33.65,59.62,6.39,44.74,73.68,27.78,39.68,38.21,59.35
2026-03-01,2,6,2026-03-01 13:14:00,5,戸田巧者Nо.1決定戦,6,5411,木下 虎之輔,4,20,57.1,0,0,0.19,1.68,0,2.94,0,0,0,43.59,63.25,33.9,52.54
2026-03-01,2,7,2026-03-01 13:45:00,5,戸田巧者Nо.1決定戦,1,4295,小坂 尚哉,1,39,53.2,0,0,0.15,6.73,48.84,68.99,7.13,60.53,76.32,36.64,48.09,31.53,55.86
2026-03-01,2,7,2026-03-01 13:45:00,5,戸田巧者Nо.1決定戦,2,4209,藤田 竜弘,3,43,58.4,0,0,0.17,5.56,34.26,53.7,4.83,29.27,48.78,34.15,47.97,29.73,50.45
2026-03-01,2,7,2026-03-01 13:45:00,5,戸田巧者Nо.1決定戦,3,3860,松本 浩貴,3,52,52.2,0,0,0.19,3.79,17.39,28.26,4.06,14.58,33.33,52.94,63.24,35.9,50.43
2026-03-01,2,7,2026-03-01 13:45:00,5,戸田巧者Nо.1決定戦,4,3947,寺本 昇平,3,50,50,0,0,0.17,4.71,20,47.62,5.72,28.13,56.25,35.77,48.18,32.5,53.33
2026-03-01,2,7,2026-03-01 13:45:00,5,戸田巧者Nо.1決定戦,5,3850,小川 知行,3,53,53.3,0,0,0.15,5.13,33.03,50.46,5.13,41.94,48.39,39.69,55.73,25,37.5
2026-03-01,2,7,2026-03-01 13:45:00,5,戸田巧者Nо.1決定戦,6,5427,港 理樹,4,23,52,0,0,,2.26,1.72,8.62,0,0,0,35.24,52.38,36.36,61.98
2026-03-01,2,8,2026-03-01 14:16:00,5,戸田巧者Nо.1決定戦,1,3161,古場 輝義,3,65,53.3,0,0,0.18,5.22,34.04,56.38,5.79,41.67,58.33,41.67,61.36,38.02,46.28
2026-03-01,2,8,2026-03-01 14:16:00,5,戸田巧者Nо.1決定戦,2,3662,大庭 元明,3,56,55.6,0,0,0.16,5.63,42.5,57.5,5.21,31.58,52.63,24.74,43.3,40.16,56.56
2026-03-01,2,8,2026-03-01 14:16:00,5,戸田巧者Nо.1決定戦,3,4462,夏山 亮平,3,39,56.1,0,0,0.15,5.14,31.76,49.41,3.95,21.05,42.11,19.81,33.02,29.2,42.48
2026-03-01,2,8,2026-03-01 14:16:00,5,戸田巧者Nо.1決定戦,4,4085,荻野 裕介,3,46,52.4,0,0,0.2,5.38,28.57,54.76,5.25,50,50,22,45,30.77,50.43
2026-03-01,2,8,2026-03-01 14:16:00,5,戸田巧者Nо.1決定戦,5,4457,神田 達也,3,40,53,0,0,0.17,4.95,25,50,4.69,30.77,30.77,46.15,60.14,31.36,48.31
2026-03-01,2,8,2026-03-01 14:16:00,5,戸田巧者Nо.1決定戦,6,4526,池田 雄祐,2,37,51.5,2,0,0.15,5.67,39.47,53.51,5.54,45.83,62.5,41.01,53.96,29.31,46.55
2026-03-01,2,9,2026-03-01 14:48:00,5,戸田巧者Nо.1決定戦,1,3548,室田 泰史,2,56,53.2,0,0,0.12,5.78,39.23,59.23,6.31,38.46,69.23,39.37,59.84,33.62,52.59
2026-03-01,2,9,2026-03-01 14:48:00,5,戸田巧者Nо.1決定戦,2,5183,中野 孝二,3,27,53.8,0,0,0.16,4.8,29.41,48.24,4.25,17.86,35.71,31.82,43.18,31.4,47.93
2026-03-01,2,9,2026-03-01 14:48:00,5,戸田巧者Nо.1決定戦,3,3933,山地 正樹,3,49,54.4,0,0,0.18,5.07,29.79,43.62,3.52,15.15,27.27,21.7,41.51,30.7,50
2026-03-01,2,9,2026-03-01 14:48:00,5,戸田巧者Nо.1決定戦,4,3839,川合 理司,3,50,62.9,0,0,0.16,3.59,12.15,28.97,4.29,23.53,35.29,34.07,57.78,22.94,40.37
2026-03-01,2,9,2026-03-01 14:48:00,5,戸田巧者Nо.1決定戦,5,3717,立間 充宏,3,51,54.7,0,0,0.15,5.82,38.96,58.44,6.71,47.06,76.47,23.64,44.55,34.15,47.15
2026-03-01,2,9,2026-03-01 14:48:00,5,戸田巧者Nо.1決定戦,6,4639,雑賀 勇貴,3,35,54,0,0,0.16,4.45,27.17,35.87,5.15,35,55,37.69,55.38,40.98,60.66
2026-03-01,2,10,2026-03-01 15:21:00,5,戸田巧者Nо.1決定戦,1,3714,梶原 正,3,51,55.5,0,0,0.15,4.57,20.69,40.23,5.07,14.29,57.14,41.83,62.75,25,47.41
2026-03-01,2,10,2026-03-01 15:21:00,5,戸田巧者Nо.1決定戦,2,3615,横田 茂,3,53,52,0,0,0.16,4.61,31.11,42.22,5.38,43.75,62.5,22.52,36.94,29.46,43.75
2026-03-01,2,10,2026-03-01 15:21:00,5,戸田巧者Nо.1決定戦,3,4930,佐藤 悠,2,30,52.6,1,0,0.14,5.63,35.51,57.01,5.39,38.89,55.56,29.92,50.39,31.09,56.3
2026-03-01,2,10,2026-03-01 15:21:00,5,戸田巧者Nо.1決定戦,4,4066,東本 勝利,1,46,53.8,0,0,0.15,5.74,33.65,59.62,6.39,44.74,73.68,27.78,39.68,38.21,59.35
2026-03-01,2,10,2026-03-01 15:21:00,5,戸田巧者Nо.1決定戦,5,3929,杢野 誓良,3,50,52,0,0,0.16,4.51,23.86,38.64,5.79,33.33,54.55,34.48,51.72,30.77,44.44
2026-03-01,2,10,2026-03-01 15:21:00,5,戸田巧者Nо.1決定戦,6,3988,古川 誠之,2,47,55.9,0,0,0.15,5.59,38.71,55.65,6.14,50,64.29,35.34,55.64,26.13,45.95
2026-03-01,2,11,2026-03-01 15:55:00,5,戸田巧者Nо.1決定戦,1,3641,一瀬 明,2,54,52,0,0,0.16,6.14,42.86,59.29,6.5,50,75,39.84,62.6,40.87,55.65
2026-03-01,2,11,2026-03-01 15:55:00,5,戸田巧者Nо.1決定戦,2,3895,堀本 裕也,3,49,50.5,0,0,0.18,4.03,23.73,35.59,0,0,0,36.96,53.62,37.5,53.33
2026-03-01,2,11,2026-03-01 15:55:00,5,戸田巧者Nо.1決定戦,3,4295,小坂 尚哉,1,39,53.2,0,0,0.15,6.73,48.84,68.99,7.13,60.53,76.32,36.64,48.09,31.53,55.86
2026-03-01,2,11,2026-03-01 15:55:00,5,戸田巧者Nо.1決定戦,4,3637,齋藤 和政,3,55,52.3,0,0,0.18,3.92,22.35,34.12,3.5,16.67,25,30.63,45.05,36.21,50
2026-03-01,2,11,2026-03-01 15:55:00,5,戸田巧者Nо.1決定戦,5,4549,小林 文彦,3,37,52,0,0,0.19,5.21,30.1,54.37,5.29,42.86,42.86,38.52,54.81,30.17,47.41
2026-03-01,2,11,2026-03-01 15:55:00,5,戸田巧者Nо.1決定戦,6,4191,赤羽 克也,2,44,52.7,0,0,0.17,6.14,42.86,63.39,6.1,51.04,63.54,35.83,50.83,30.91,43.64
2026-03-01,2,12,2026-03-01 16:30:00,5,戸田巧者Nо.1決定戦,1,4230,濱崎 直矢,1,42,52.1,1,0,0.14,6.67,53.42,67.12,5.79,39.68,57.14,25.78,38.28,27.27,46.28
2026-03-01,2,12,2026-03-01 16:30:00,5,戸田巧者Nо.1決定戦,2,5005,石田 貴洋,3,29,52,0,0,0.15,6.2,44.33,61.86,5.23,31.25,48.96,32.56,51.16,25.86,47.41
2026-03-01,2,12,2026-03-01 16:30:00,5,戸田巧者Nо.1決定戦,3,4150,山田 雄太,3,43,56.9,0,0,0.15,5.63,38.61,57.43,6.17,54.17,62.5,33.59,48.44,34.43,50
2026-03-01,2,12,2026-03-01 16:30:00,5,戸田巧者Nо.1決定戦,4,4545,岡村 慶太,1,38,53.9,0,0,0.14,6.62,47.83,67.83,6.66,54.55,65.91,29.46,42.86,41.13,51.61
2026-03-01,2,12,2026-03-01 16:30:00,5,戸田巧者Nо.1決定戦,5,5166,仲道 大輔,2,25,52,1,0,0.2,6.11,35.24,64.76,6.16,40,68,24.53,41.51,31.67,50
2026-03-01,2,12,2026-03-01 16:30:00,5,戸田巧者Nо.1決定戦,6,4351,里岡 右貴,1,39,52,0,0,0.14,6.97,54.07,71.11,6.26,32.35,70.59,43.08,62.31,30.7,44.74
2026-03-01,3,1,2026-03-01 11:14:00,5,第24回日本モーターボート選手会会長賞,1,4086,寺本 重宣,2,45,50,0,0,0.14,5.67,38.46,59.34,5.72,34.33,56.72,24.85,40.61,33.7,48.62
2026-03-01,3,1,2026-03-01 11:14:00,5,第24回日本モーターボート選手会会長賞,2,5351,齊藤 廉,3,21,53.6,0,0,0.15,4.34,25,37.5,0,0,0,40.76,57.07,31.36,50.89
2026-03-01,3,1,2026-03-01 11:14:00,5,第24回日本モーターボート選手会会長賞,3,4978,山田 和佐,3,31,53.3,0,0,0.17,4.88,23.21,49.11,4.5,37.5,37.5,52.98,70.83,34.5,51.46
2026-03-01,3,1,2026-03-01 11:14:00,5,第24回日本モーターボート選手会会長賞,4,5371,早川 颯太,4,23,52,0,0,0.21,1.52,1.56,1.56,1.5,2.78,2.78,43.55,56.45,40.67,56.46
2026-03-01,3,1,2026-03-01 11:14:00,5,第24回日本モーターボート選手会会長賞,5,3708,岡部 貴司,3,51,54,1,0,0.15,4.87,27.45,43.14,6.18,40,56,39.04,58.82,32.32,52.53
2026-03-01,3,1,2026-03-01 11:14:00,5,第24回日本モーターボート選手会会長賞,6,3866,木山 誠一,3,50,53.6,0,0,0.13,4.58,25.76,40.91,0,0,0,43.72,58.47,40.61,53.94
2026-03-01,3,2,2026-03-01 11:41:00,5,第24回日本モーターボート選手会会長賞,1,4380,鈴木 峻佑,3,41,52.6,0,0,0.17,4.29,23.4,35.11,4,25,43.75,33.51,53.19,42.11,55.26
2026-03-01,3,2,2026-03-01 11:41:00,5,第24回日本モーターボート選手会会長賞,2,3527,中嶋 誠一郎,3,55,53.5,0,0,0.16,5.08,32.08,48.11,5.32,28.57,46.43,44.26,58.47,37.91,58.29
2026-03-01,3,2,2026-03-01 11:41:00,5,第24回日本モーターボート選手会会長賞,3,4718,北川 太一,2,33,52.1,0,0,0.15,6.12,45,60.83,6.18,35.29,55.88,25,49.39,35.8,55.11
2026-03-01,3,2,2026-03-01 11:41:00,5,第24回日本モーターボート選手会会長賞,4,5321,一色 颯輝,4,24,54.1,0,0,0.19,5.28,39.44,50.7,4.82,29.41,35.29,33.88,47.54,34.05,51.35
2026-03-01,3,2,2026-03-01 11:41:00,5,第24回日本モーターボート選手会会長賞,5,4485,楠原 正剛,2,39,54.7,1,0,0.14,5.36,37.04,54.63,7.26,59.26,81.48,39.27,57.07,31.55,43.85
2026-03-01,3,2,2026-03-01 11:41:00,5,第24回日本モーターボート選手会会長賞,6,4245,高橋 直哉,3,44,53.7,0,0,0.19,4.31,21.57,38.24,5.1,31.37,47.06,29.83,49.72,34.44,50.56
2026-03-01,3,3,2026-03-01 12:08:00,5,第24回日本モーターボート選手会会長賞,1,4100,松田 隆司,3,47,53.6,0,0,0.17,5.25,33.64,49.09,4.78,33.33,37.04,26.42,40.88,31.68,51.55
2026-03-01,3,3,2026-03-01 12:08:00,5,第24回日本モーターボート選手会会長賞,2,4894,原村 拓也,3,34,52.2,0,0,0.22,4.64,24.78,46.9,4.76,35.29,41.18,31.69,48.09,31.61,49.74
2026-03-01,3,3,2026-03-01 12:08:00,5,第24回日本モーターボート選手会会長賞,3,5179,藤本 元輝,3,28,52.9,1,0,0.15,3.91,23.68,34.21,0,0,0,30.94,51.93,29.47,43.16
2026-03-01,3,3,2026-03-01 12:08:00,5,第24回日本モーターボート選手会会長賞,4,5137,川原 涼,3,26,53.7,0,0,0.17,5.09,30,51.25,4.94,31.25,43.75,29.24,45.03,29.94,46.89
2026-03-01,3,3,2026-03-01 12:08:00,5,第24回日本モーターボート選手会会長賞,5,4363,大野 芳顕,2,41,52,0,0,0.15,5.95,38.81,61.19,6.26,37.04,66.67,32.98,47.12,30.56,50.56
2026-03-01,3,3,2026-03-01 12:08:00,5,第24回日本モーターボート選手会会長賞,6,4724,吉田 祐貴,4,40,53.9,0,0,0.2,3.46,10.17,23.73,5.78,22.22,66.67,26.51,45.18,36.59,51.83
2026-03-01,3,4,2026-03-01 12:35:00,5,第24回日本モーターボート選手会会長賞,1,4068,幸田 智裕,3,45,53.7,0,0,0.16,4.49,18.39,43.68,5.98,43.75,58.33,33.7,50,36.08,56.7
2026-03-01,3,4,2026-03-01 12:35:00,5,第24回日本モーターボート選手会会長賞,2,4189,川上 剛,2,44,52.9,0,0,0.15,6.72,49.31,70.14,5.56,33.33,44.44,35.75,51.81,32.54,48.52
2026-03-01,3,4,2026-03-01 12:35:00,5,第24回日本モーターボート選手会会長賞,3,3619,長谷川 充,3,52,52,0,0,0.18,4.9,29.79,41.49,5.19,32.56,46.51,33.86,51.32,32.8,49.21
2026-03-01,3,4,2026-03-01 12:35:00,5,第24回日本モーターボート選手会会長賞,4,4219,本岡 勝利,3,44,53,0,0,0.16,3.98,14.29,29.67,3.71,14.29,28.57,27.65,45.29,35.2,53.07
2026-03-01,3,4,2026-03-01 12:35:00,5,第24回日本モーターボート選手会会長賞,5,5338,香月 大輝,3,25,52.1,0,0,0.18,3.31,10.23,23.86,2.44,11.11,11.11,31.67,51.11,44.33,62.89
2026-03-01,3,4,2026-03-01 12:35:00,5,第24回日本モーターボート選手会会長賞,6,4583,古田 祐貴,2,36,52,1,0,0.14,5.63,34.97,53.85,6.09,40,61.43,45.7,67.74,35.2,50.51
2026-03-01,3,5,2026-03-01 13:02:00,5,第24回日本モーターボート選手会会長賞,1,3690,河合 三弘,3,55,53.2,0,0,0.18,4.46,24.75,37.62,5.47,38.89,47.22,33.7,46.96,36.26,52.75
2026-03-01,3,5,2026-03-01 13:02:00,5,第24回日本モーターボート選手会会長賞,2,5244,黒田 剛,3,25,52,0,0,0.14,3.65,10.26,26.92,3.72,12,32,39.13,54.89,32.43,47.03
2026-03-01,3,5,2026-03-01 13:02:00,5,第24回日本モーターボート選手会会長賞,3,4384,鶴本 崇文,1,40,53,0,0,0.18,6.52,44.78,70.9,6.23,46.15,61.54,35.11,51.06,33.15,45.65
2026-03-01,3,5,2026-03-01 13:02:00,5,第24回日本モーターボート選手会会長賞,4,5302,秋末 秦悟,3,23,53,0,0,0.19,3.79,17.07,30.49,0,0,0,39.34,56.83,37.37,55.26
2026-03-01,3,5,2026-03-01 13:02:00,5,第24回日本モーターボート選手会会長賞,5,4989,石原 翼,2,28,52,0,0,0.13,5.73,37.86,62.14,5.67,33.33,44.44,37.7,50.79,35.29,51.87
2026-03-01,3,5,2026-03-01 13:02:00,5,第24回日本モーターボート選手会会長賞,6,3708,岡部 貴司,3,51,54,1,0,0.15,4.87,27.45,43.14,6.18,40,56,39.04,58.82,32.32,52.53
2026-03-01,3,6,2026-03-01 13:29:00,5,第24回日本モーターボート選手会会長賞,1,5122,相馬 翔,4,24,53.4,0,0,0.18,4.54,29.51,45.9,4.43,30.43,34.78,35.87,52.72,32.26,44.62
2026-03-01,3,6,2026-03-01 13:29:00,5,第24回日本モーターボート選手会会長賞,2,5323,香川 陽太,3,22,59.6,0,0,0.16,3.67,18.52,33.33,2.58,10.53,10.53,38.04,59.24,32.32,49.49
2026-03-01,3,6,2026-03-01 13:29:00,5,第24回日本モーターボート選手会会長賞,3,4059,入澤 友治,2,46,52,0,0,0.15,5.57,40.74,54.63,7.44,77.78,77.78,34.07,49.45,32.39,48.3
2026-03-01,3,6,2026-03-01 13:29:00,5,第24回日本モーターボート選手会会長賞,4,5353,草川 壮良,3,21,52.4,0,0,0.18,3.14,10,18.57,0,0,0,32.98,48.4,39.79,53.4
2026-03-01,3,6,2026-03-01 13:29:00,5,第24回日本モーターボート選手会会長賞,5,4335,若林 将,1,42,52.8,0,0,0.12,6.93,49.63,72.59,6.88,49.33,68,41.71,54.29,38.55,51.81
2026-03-01,3,6,2026-03-01 13:29:00,5,第24回日本モーターボート選手会会長賞,6,4023,柴田 友和,3,48,51.5,0,0,0.18,4.15,21.79,34.62,4.86,23.26,44.19,37.3,51.35,40.32,58.06
2026-03-01,3,7,2026-03-01 13:56:00,5,第24回日本モーターボート選手会会長賞,1,4201,佐竹 友樹,3,43,52.6,0,0,0.16,4.09,19.15,36.17,4.3,20.93,34.88,38.74,58.64,39.43,56
2026-03-01,3,7,2026-03-01 13:56:00,5,第24回日本モーターボート選手会会長賞,2,4665,加藤 啓太,3,42,52,0,0,0.18,4.43,20,39,4.89,27.78,44.44,31.75,48.68,36.07,50.27
2026-03-01,3,7,2026-03-01 13:56:00,5,第24回日本モーターボート選手会会長賞,3,4928,栗城 匠,1,30,52.3,0,0,0.14,6.67,50.51,65.66,7.08,54.65,74.42,30.32,50.53,37.36,53.3
2026-03-01,3,7,2026-03-01 13:56:00,5,第24回日本モーターボート選手会会長賞,4,4894,原村 拓也,3,34,52.2,0,0,0.22,4.64,24.78,46.9,4.76,35.29,41.18,31.69,48.09,31.61,49.74
2026-03-01,3,7,2026-03-01 13:56:00,5,第24回日本モーターボート選手会会長賞,5,5371,早川 颯太,4,23,52,0,0,0.21,1.52,1.56,1.56,1.5,2.78,2.78,43.55,56.45,40.67,56.46
2026-03-01,3,7,2026-03-01 13:56:00,5,第24回日本モーターボート選手会会長賞,6,3527,中嶋 誠一郎,3,55,53.5,0,0,0.16,5.08,32.08,48.11,5.32,28.57,46.43,44.26,58.47,37.91,58.29
2026-03-01,3,8,2026-03-01 14:24:00,5,第24回日本モーターボート選手会会長賞,1,4431,石塚 裕介,3,39,52,0,0,0.16,4.83,25.97,42.86,5.4,35,45,34.27,56.74,37.64,52.25
2026-03-01,3,8,2026-03-01 14:24:00,5,第24回日本モーターボート選手会会長賞,2,4245,高橋 直哉,3,44,53.7,0,0,0.19,4.31,21.57,38.24,5.1,31.37,47.06,29.83,49.72,34.44,50.56
2026-03-01,3,8,2026-03-01 14:24:00,5,第24回日本モーターボート選手会会長賞,3,4086,寺本 重宣,2,45,50,0,0,0.14,5.67,38.46,59.34,5.72,34.33,56.72,24.85,40.61,33.7,48.62
2026-03-01,3,8,2026-03-01 14:24:00,5,第24回日本モーターボート選手会会長賞,4,4100,松田 隆司,3,47,53.6,0,0,0.17,5.25,33.64,49.09,4.78,33.33,37.04,26.42,40.88,31.68,51.55
2026-03-01,3,8,2026-03-01 14:24:00,5,第24回日本モーターボート選手会会長賞,5,4068,幸田 智裕,3,45,53.7,0,0,0.16,4.49,18.39,43.68,5.98,43.75,58.33,33.7,50,36.08,56.7
2026-03-01,3,8,2026-03-01 14:24:00,5,第24回日本モーターボート選手会会長賞,6,5002,上田 健太,2,30,52,0,0,0.15,5.95,36.94,60.36,6.71,57.14,64.29,48.02,62.71,35.59,53.11
2026-03-01,3,9,2026-03-01 14:52:00,5,第24回日本モーターボート選手会会長賞,1,5016,宮田 龍馬,1,27,52,0,0,0.14,6.63,47.24,65.35,7.07,55.56,77.78,39.89,63.39,42.02,56.91
2026-03-01,3,9,2026-03-01 14:52:00,5,第24回日本モーターボート選手会会長賞,2,3807,岡部 哲,3,51,51,0,0,0.18,3.86,19.57,31.52,4.9,30.77,41.03,35.36,56.35,37.04,51.32
2026-03-01,3,9,2026-03-01 14:52:00,5,第24回日本モーターボート選手会会長賞,3,3690,河合 三弘,3,55,53.2,0,0,0.18,4.46,24.75,37.62,5.47,38.89,47.22,33.7,46.96,36.26,52.75
2026-03-01,3,9,2026-03-01 14:52:00,5,第24回日本モーターボート選手会会長賞,4,4380,鈴木 峻佑,3,41,52.6,0,0,0.17,4.29,23.4,35.11,4,25,43.75,33.51,53.19,42.11,55.26
2026-03-01,3,9,2026-03-01 14:52:00,5,第24回日本モーターボート選手会会長賞,5,4241,大串 重幸,2,41,52.1,0,0,0.15,5.46,37.93,55.17,4,12.5,25,32.78,55,37.82,58.03
2026-03-01,3,9,2026-03-01 14:52:00,5,第24回日本モーターボート選手会会長賞,6,5179,藤本 元輝,3,28,52.9,1,0,0.15,3.91,23.68,34.21,0,0,0,30.94,51.93,29.47,43.16
2026-03-01,3,10,2026-03-01 15:22:00,5,第24回日本モーターボート選手会会長賞,1,4363,大野 芳顕,2,41,52,0,0,0.15,5.95,38.81,61.19,6.26,37.04,66.67,32.98,47.12,30.56,50.56
2026-03-01,3,10,2026-03-01 15:22:00,5,第24回日本モーターボート選手会会長賞,2,5321,一色 颯輝,4,24,54.1,0,0,0.19,5.28,39.44,50.7,4.82,29.41,35.29,33.88,47.54,34.05,51.35
2026-03-01,3,10,2026-03-01 15:22:00,5,第24回日本モーターボート選手会会長賞,3,5120,山本 稔太朗,3,24,52,0,0,0.16,5.58,41.76,59.34,5.2,50,60,32.46,48.69,40.86,54.84
2026-03-01,3,10,2026-03-01 15:22:00,5,第24回日本モーターボート選手会会長賞,4,4335,若林 将,1,42,52.8,0,0,0.12,6.93,49.63,72.59,6.88,49.33,68,41.71,54.29,38.55,51.81
2026-03-01,3,10,2026-03-01 15:22:00,5,第24回日本モーターボート選手会会長賞,5,5244,黒田 剛,3,25,52,0,0,0.14,3.65,10.26,26.92,3.72,12,32,39.13,54.89,32.43,47.03
2026-03-01,3,10,2026-03-01 15:22:00,5,第24回日本モーターボート選手会会長賞,6,4219,本岡 勝利,3,44,53,0,0,0.16,3.98,14.29,29.67,3.71,14.29,28.57,27.65,45.29,35.2,53.07
2026-03-01,3,11,2026-03-01 15:53:00,5,第24回日本モーターボート選手会会長賞,1,4485,楠原 正剛,2,39,54.7,1,0,0.14,5.36,37.04,54.63,7.26,59.26,81.48,39.27,57.07,31.55,43.85
2026-03-01,3,11,2026-03-01 15:53:00,5,第24回日本モーターボート選手会会長賞,2,4201,佐竹 友樹,3,43,52.6,0,0,0.16,4.09,19.15,36.17,4.3,20.93,34.88,38.74,58.64,39.43,56
2026-03-01,3,11,2026-03-01 15:53:00,5,第24回日本モーターボート選手会会長賞,3,4583,古田 祐貴,2,36,52,1,0,0.14,5.63,34.97,53.85,6.09,40,61.43,45.7,67.74,35.2,50.51
2026-03-01,3,11,2026-03-01 15:53:00,5,第24回日本モーターボート選手会会長賞,4,5122,相馬 翔,4,24,53.4,0,0,0.18,4.54,29.51,45.9,4.43,30.43,34.78,35.87,52.72,32.26,44.62
2026-03-01,3,11,2026-03-01 15:53:00,5,第24回日本モーターボート選手会会長賞,5,4384,鶴本 崇文,1,40,53,0,0,0.18,6.52,44.78,70.9,6.23,46.15,61.54,35.11,51.06,33.15,45.65
2026-03-01,3,11,2026-03-01 15:53:00,5,第24回日本モーターボート選手会会長賞,6,4978,山田 和佐,3,31,53.3,0,0,0.17,4.88,23.21,49.11,4.5,37.5,37.5,52.98,70.83,34.5,51.46
2026-03-01,3,12,2026-03-01 16:25:00,5,第24回日本モーターボート選手会会長賞,1,4928,栗城 匠,1,30,52.3,0,0,0.14,6.67,50.51,65.66,7.08,54.65,74.42,30.32,50.53,37.36,53.3
2026-03-01,3,12,2026-03-01 16:25:00,5,第24回日本モーターボート選手会会長賞,2,5338,香月 大輝,3,25,52.1,0,0,0.18,3.31,10.23,23.86,2.44,11.11,11.11,31.67,51.11,44.33,62.89
2026-03-01,3,12,2026-03-01 16:25:00,5,第24回日本モーターボート選手会会長賞,3,4989,石原 翼,2,28,52,0,0,0.13,5.73,37.86,62.14,5.67,33.33,44.44,37.7,50.79,35.29,51.87
2026-03-01,3,12,2026-03-01 16:25:00,5,第24回日本モーターボート選手会会長賞,4,4023,柴田 友和,3,48,51.5,0,0,0.18,4.15,21.79,34.62,4.86,23.26,44.19,37.3,51.35,40.32,58.06
2026-03-01,3,12,2026-03-01 16:25:00,5,第24回日本モーターボート選手会会長賞,5,4718,北川 太一,2,33,52.1,0,0,0.15,6.12,45,60.83,6.18,35.29,55.88,25,49.39,35.8,55.11
2026-03-01,3,12,2026-03-01 16:25:00,5,第24回日本モーターボート選手会会長賞,6,5137,川原 涼,3,26,53.7,0,0,0.17,5.09,30,51.25,4.94,31.25,43.75,29.24,45.03,29.94,46.89
2026-03-01,6,1,2026-03-01 11:29:00,5,高塚清一記念 第8回 名人集合 マクール杯,1,3502,渡邉 英児,3,56,52.3,0,0,0.18,5.55,36.49,54.05,5.97,41.84,60.2,32.72,48.15,30.34,48.31
2026-03-01,6,1,2026-03-01 11:29:00,5,高塚清一記念 第8回 名人集合 マクール杯,2,3581,加木 郁,3,53,52,0,0,0.19,3.91,16.67,25.76,5.5,37.5,37.5,37.68,54.59,33.7,48.91
2026-03-01,6,1,2026-03-01 11:29:00,5,高塚清一記念 第8回 名人集合 マクール杯,3,4035,杉江 浩明,3,47,52,0,0,0.2,4.08,22.78,32.91,3.21,14.29,21.43,35.94,51.15,38.04,52.17
2026-03-01,6,1,2026-03-01 11:29:00,5,高塚清一記念 第8回 名人集合 マクール杯,4,3973,崎 利仁,3,49,54,0,0,0.19,4.43,19.32,37.5,3.86,13.64,40.91,21.71,40.13,28.72,46.81
2026-03-01,6,1,2026-03-01 11:29:00,5,高塚清一記念 第8回 名人集合 マクール杯,5,3444,香月 大介,3,56,53.3,0,0,0.18,3.38,12.5,20,4.29,28.57,28.57,39.83,56.71,34.12,61.18
2026-03-01,6,1,2026-03-01 11:29:00,5,高塚清一記念 第8回 名人集合 マクール杯,6,3775,泉 啓文,3,51,58.7,1,0,0.17,4.38,20.99,38.27,4.11,33.33,33.33,24.46,39.67,36.36,47.73
2026-03-01,6,2,2026-03-01 11:54:00,5,高塚清一記念 第8回 名人集合 マクール杯,1,3075,中村 裕将,3,63,55.3,0,0,0.13,4.34,25,36.25,5.09,27.27,45.45,31.31,44.86,28.24,52.94
2026-03-01,6,2,2026-03-01 11:54:00,5,高塚清一記念 第8回 名人集合 マクール杯,2,3878,胡本 悟志,3,48,51.5,0,0,0.18,4.45,23.68,38.16,0,0,0,34.6,53.08,28.09,47.19
2026-03-01,6,2,2026-03-01 11:54:00,5,高塚清一記念 第8回 名人集合 マクール杯,3,3432,宮迫 暢彦,3,57,52.8,1,0,0.16,4.59,32.39,45.07,6.41,52.94,64.71,46.09,66.67,34.41,54.84
2026-03-01,6,2,2026-03-01 11:54:00,5,高塚清一記念 第8回 名人集合 マクール杯,4,3550,都築 正治,2,54,53,0,0,0.16,4.9,30.95,45.24,5.65,40,50,33.02,47.64,38.75,57.5
2026-03-01,6,2,2026-03-01 11:54:00,5,高塚清一記念 第8回 名人集合 マクール杯,5,3642,大塚 浩二,3,54,52.2,1,0,0.17,3.69,16.95,23.73,4.22,18.37,36.73,40.58,60.39,30.43,41.3
2026-03-01,6,2,2026-03-01 11:54:00,5,高塚清一記念 第8回 名人集合 マクール杯,6,3256,三角 哲男,2,58,52.2,0,0,0.14,6.17,46.51,63.95,6.67,47.62,71.43,40,57.21,29.07,46.51
2026-03-01,6,3,2026-03-01 12:23:00,5,高塚清一記念 第8回 名人集合 マクール杯,1,3934,鋤柄 貴俊,3,48,53.1,0,0,0.17,5.04,27.4,47.95,3.63,0,25,35.51,51.87,42.22,57.78
2026-03-01,6,3,2026-03-01 12:23:00,5,高塚清一記念 第8回 名人集合 マクール杯,2,3769,佐竹 恒彦,3,52,52,0,0,0.19,5.11,25,52.27,5.68,31.82,59.09,44.35,58.58,34.07,49.45
2026-03-01,6,3,2026-03-01 12:23:00,5,高塚清一記念 第8回 名人集合 マクール杯,3,4076,杉田 篤光,2,47,52.2,0,0,0.2,5.46,34.58,54.21,5.06,32.81,40.63,49.8,64.94,29.41,50.59
2026-03-01,6,3,2026-03-01 12:23:00,5,高塚清一記念 第8回 名人集合 マクール杯,4,3834,細川 明人,3,51,55.2,0,0,0.21,3.88,17.33,29.33,0,0,0,32.02,50.74,33.33,49.46
2026-03-01,6,3,2026-03-01 12:23:00,5,高塚清一記念 第8回 名人集合 マクール杯,5,3507,藤井 徹,3,54,52.1,0,0,0.2,4.54,25.37,38.81,3.85,15,30,34.38,53.13,39.13,50
2026-03-01,6,3,2026-03-01 12:23:00,5,高塚清一記念 第8回 名人集合 マクール杯,6,3576,白水 勝也,1,53,52,0,0,0.17,6.53,45,71.67,6.45,36.36,72.73,46.94,62.86,34.15,42.68
2026-03-01,6,4,2026-03-01 12:54:00,5,高塚清一記念 第8回 名人集合 マクール杯,1,3340,池田 雷太,3,60,53.4,0,0,0.19,4.51,25,34.78,4.81,22.22,51.85,45.76,61.86,32.94,54.12
2026-03-01,6,4,2026-03-01 12:54:00,5,高塚清一記念 第8回 名人集合 マクール杯,2,3439,大平 誉史明,2,56,51.5,0,0,0.15,6.39,42.7,65.17,6.88,55,67.5,35.81,58.6,33.33,54.02
2026-03-01,6,4,2026-03-01 12:54:00,5,高塚清一記念 第8回 名人集合 マクール杯,3,4033,伊藤 将吉,1,47,53,0,0,0.13,6.46,50,67,6.37,46.51,66.28,25.38,45.69,29.27,48.78
2026-03-01,6,4,2026-03-01 12:54:00,5,高塚清一記念 第8回 名人集合 マクール杯,4,3523,寳田 亮治,3,57,52.5,0,0,0.19,4.33,25.76,37.88,4.95,30,50,33.48,51.5,49.44,69.66
2026-03-01,6,4,2026-03-01 12:54:00,5,高塚清一記念 第8回 名人集合 マクール杯,5,3458,東 健介,3,59,54.4,1,0,0.16,4.18,18.33,30,7,50,62.5,33.94,49.77,31.03,47.13
2026-03-01,6,4,2026-03-01 12:54:00,5,高塚清一記念 第8回 名人集合 マクール杯,6,3793,高橋 真吾,3,53,58.9,1,0,0.17,4.95,35.71,45.24,2.83,16.67,16.67,37.1,53.85,30.38,53.16
2026-03-01,6,5,2026-03-01 13:23:00,5,高塚清一記念 第8回 名人集合 マクール杯,1,3784,中島 友和,3,49,52.3,0,0,0.16,5.1,34.33,52.24,5.45,30,60,36.28,52.09,27.91,40.7
2026-03-01,6,5,2026-03-01 13:23:00,5,高塚清一記念 第8回 名人集合 マクール杯,2,3940,飯山 泰,1,48,52.3,0,0,0.15,6.49,48.28,62.93,7.18,45.45,81.82,32.41,48.61,30,48.89
2026-03-01,6,5,2026-03-01 13:23:00,5,高塚清一記念 第8回 名人集合 マクール杯,3,3685,荒井 輝年,3,52,55.3,0,0,0.16,5.71,42.11,56.58,7,54.55,72.73,30.37,46.26,31.76,45.88
2026-03-01,6,5,2026-03-01 13:23:00,5,高塚清一記念 第8回 名人集合 マクール杯,4,3544,豊田 訓靖,4,57,52.8,0,0,0.21,3.36,16.22,21.62,4.23,22.81,35.09,36.32,51.42,40.7,52.33
2026-03-01,6,5,2026-03-01 13:23:00,5,高塚清一記念 第8回 名人集合 マクール杯,5,3957,大谷 直弘,3,48,52.9,0,0,0.19,5.1,27.96,49.46,5.59,32.43,54.05,38.07,57.34,32.22,46.67
2026-03-01,6,5,2026-03-01 13:23:00,5,高塚清一記念 第8回 名人集合 マクール杯,6,3251,平石 和男,2,59,51.5,0,0,0.19,5.45,35.59,51.69,4.93,20,53.33,29.77,45.12,35.29,45.88
2026-03-01,6,6,2026-03-01 14:04:00,5,高塚清一記念 第8回 名人集合 マクール杯,1,3434,松尾 宣邦,3,57,53.9,0,0,0.17,5.21,33.33,48.72,3.78,14.63,31.71,36.7,57.34,38.37,56.98
2026-03-01,6,6,2026-03-01 14:04:00,5,高塚清一記念 第8回 名人集合 マクール杯,2,3740,大澤 普司,1,51,55.3,0,0,0.16,6.44,50.53,65.26,6.65,64.71,70.59,28.06,46.94,34.07,42.86
2026-03-01,6,6,2026-03-01 14:04:00,5,高塚清一記念 第8回 名人集合 マクール杯,3,3075,中村 裕将,3,63,55.3,0,0,0.13,4.34,25,36.25,5.09,27.27,45.45,31.31,44.86,28.24,52.94
2026-03-01,6,6,2026-03-01 14:04:00,5,高塚清一記念 第8回 名人集合 マクール杯,4,3517,高橋 勲,2,58,58.3,0,0,0.15,4.49,22.86,48.57,6.16,47.37,57.89,30.84,45.33,41.3,50
2026-03-01,6,6,2026-03-01 14:04:00,5,高塚清一記念 第8回 名人集合 マクール杯,5,3502,渡邉 英児,3,56,52.3,0,0,0.18,5.55,36.49,54.05,5.97,41.84,60.2,32.72,48.15,30.34,48.31
2026-03-01,6,6,2026-03-01 14:04:00,5,高塚清一記念 第8回 名人集合 マクール杯,6,3974,深山 祐二,3,49,52.2,0,0,0.15,4.23,21.15,42.31,0,0,0,31.16,46.23,42.86,58.33
2026-03-01,6,7,2026-03-01 14:35:00,5,高塚清一記念 第8回 名人集合 マクール杯,1,3973,崎 利仁,3,49,54,0,0,0.19,4.43,19.32,37.5,3.86,13.64,40.91,21.71,40.13,28.72,46.81
2026-03-01,6,7,2026-03-01 14:35:00,5,高塚清一記念 第8回 名人集合 マクール杯,2,3507,藤井 徹,3,54,52.1,0,0,0.2,4.54,25.37,38.81,3.85,15,30,34.38,53.13,39.13,50
2026-03-01,6,7,2026-03-01 14:35:00,5,高塚清一記念 第8回 名人集合 マクール杯,3,3744,徳増 秀樹,1,51,53.5,0,0,0.13,6.07,44.66,58.25,6.58,53.1,66.37,39.57,56.52,31.11,46.67
2026-03-01,6,7,2026-03-01 14:35:00,5,高塚清一記念 第8回 名人集合 マクール杯,4,3436,柏野 幸二,2,56,51,1,0,0.12,5.46,34.94,50.6,5.43,26.09,56.52,31.84,46.19,30.59,50.59
2026-03-01,6,7,2026-03-01 14:35:00,5,高塚清一記念 第8回 名人集合 マクール杯,5,3851,森田 昭彦,3,53,55.8,0,0,0.17,2.41,5.17,10.34,2.63,12.5,18.75,28.13,46.88,32.56,44.19
2026-03-01,6,7,2026-03-01 14:35:00,5,高塚清一記念 第8回 名人集合 マクール杯,6,3606,川北 浩貴,3,54,52.1,0,0,0.18,5.58,33.98,59.22,4.68,27.27,50,43.6,58.29,33.71,55.06
2026-03-01,6,8,2026-03-01 15:06:00,5,高塚清一記念 第8回 名人集合 マクール杯,1,3909,佐々木 康幸,1,52,54.9,0,0,0.11,6.69,52.58,67.01,7.03,57.55,72.64,33.94,49.54,38.64,59.09
2026-03-01,6,8,2026-03-01 15:06:00,5,高塚清一記念 第8回 名人集合 マクール杯,2,3463,乙津 康志,3,58,52,0,0,0.2,4.74,21.11,43.33,3.91,12.5,28.13,32.6,51.38,34.57,54.32
2026-03-01,6,8,2026-03-01 15:06:00,5,高塚清一記念 第8回 名人集合 マクール杯,3,3353,前田 光昭,4,57,52.4,1,0,0.17,3.91,15.56,35.56,3.5,25,25,35.45,54.55,32.98,46.81
2026-03-01,6,8,2026-03-01 15:06:00,5,高塚清一記念 第8回 名人集合 マクール杯,4,3769,佐竹 恒彦,3,52,52,0,0,0.19,5.11,25,52.27,5.68,31.82,59.09,44.35,58.58,34.07,49.45
2026-03-01,6,8,2026-03-01 15:06:00,5,高塚清一記念 第8回 名人集合 マクール杯,5,3439,大平 誉史明,2,56,51.5,0,0,0.15,6.39,42.7,65.17,6.88,55,67.5,35.81,58.6,33.33,54.02
2026-03-01,6,8,2026-03-01 15:06:00,5,高塚清一記念 第8回 名人集合 マクール杯,6,3581,加木 郁,3,53,52,0,0,0.19,3.91,16.67,25.76,5.5,37.5,37.5,37.68,54.59,33.7,48.91
2026-03-01,6,9,2026-03-01 15:34:00,5,高塚清一記念 第8回 名人集合 マクール杯,1,3550,都築 正治,2,54,53,0,0,0.16,4.9,30.95,45.24,5.65,40,50,33.02,47.64,38.75,57.5
2026-03-01,6,9,2026-03-01 15:34:00,5,高塚清一記念 第8回 名人集合 マクール杯,2,3775,泉 啓文,3,51,58.7,1,0,0.17,4.38,20.99,38.27,4.11,33.33,33.33,24.46,39.67,36.36,47.73
2026-03-01,6,9,2026-03-01 15:34:00,5,高塚清一記念 第8回 名人集合 マクール杯,3,3904,森 貴洋,4,48,54.3,0,0,0.18,5.02,32.69,44.23,4.44,22.22,44.44,24.53,42.14,32.94,48.24
2026-03-01,6,9,2026-03-01 15:34:00,5,高塚清一記念 第8回 名人集合 マクール杯,4,3987,後藤 正宗,3,47,53.6,0,0,0.15,6.01,41.9,61.9,5.55,33.72,55.81,38.36,60.27,28.24,42.35
2026-03-01,6,9,2026-03-01 15:34:00,5,高塚清一記念 第8回 名人集合 マクール杯,5,3940,飯山 泰,1,48,52.3,0,0,0.15,6.49,48.28,62.93,7.18,45.45,81.82,32.41,48.61,30,48.89
2026-03-01,6,9,2026-03-01 15:34:00,5,高塚清一記念 第8回 名人集合 マクール杯,6,3523,寳田 亮治,3,57,52.5,0,0,0.19,4.33,25.76,37.88,4.95,30,50,33.48,51.5,49.44,69.66
2026-03-01,6,10,2026-03-01 16:01:00,5,高塚清一記念 第8回 名人集合 マクール杯,1,3918,深井 利寿,2,51,51,0,0,0.18,6.23,46.73,65.42,6.11,38.89,66.67,34.84,54.3,42.53,63.22
2026-03-01,6,10,2026-03-01 16:01:00,5,高塚清一記念 第8回 名人集合 マクール杯,2,3642,大塚 浩二,3,54,52.2,1,0,0.17,3.69,16.95,23.73,4.22,18.37,36.73,40.58,60.39,30.43,41.3
2026-03-01,6,10,2026-03-01 16:01:00,5,高塚清一記念 第8回 名人集合 マクール杯,3,3576,白水 勝也,1,53,52,0,0,0.17,6.53,45,71.67,6.45,36.36,72.73,46.94,62.86,34.15,42.68
2026-03-01,6,10,2026-03-01 16:01:00,5,高塚清一記念 第8回 名人集合 マクール杯,4,3793,高橋 真吾,3,53,58.9,1,0,0.17,4.95,35.71,45.24,2.83,16.67,16.67,37.1,53.85,30.38,53.16
2026-03-01,6,10,2026-03-01 16:01:00,5,高塚清一記念 第8回 名人集合 マクール杯,5,4035,杉江 浩明,3,47,52,0,0,0.2,4.08,22.78,32.91,3.21,14.29,21.43,35.94,51.15,38.04,52.17
2026-03-01,6,10,2026-03-01 16:01:00,5,高塚清一記念 第8回 名人集合 マクール杯,6,3685,荒井 輝年,3,52,55.3,0,0,0.16,5.71,42.11,56.58,7,54.55,72.73,30.37,46.26,31.76,45.88
2026-03-01,6,11,2026-03-01 16:32:00,5,高塚清一記念 第8回 名人集合 マクール杯,1,4076,杉田 篤光,2,47,52.2,0,0,0.2,5.46,34.58,54.21,5.06,32.81,40.63,49.8,64.94,29.41,50.59
2026-03-01,6,11,2026-03-01 16:32:00,5,高塚清一記念 第8回 名人集合 マクール杯,2,3974,深山 祐二,3,49,52.2,0,0,0.15,4.23,21.15,42.31,0,0,0,31.16,46.23,42.86,58.33
2026-03-01,6,11,2026-03-01 16:32:00,5,高塚清一記念 第8回 名人集合 マクール杯,3,3878,胡本 悟志,3,48,51.5,0,0,0.18,4.45,23.68,38.16,0,0,0,34.6,53.08,28.09,47.19
2026-03-01,6,11,2026-03-01 16:32:00,5,高塚清一記念 第8回 名人集合 マクール杯,4,4036,金田 諭,1,47,52,0,0,0.16,5.85,41.98,59.26,5.53,36.84,57.89,32,44,31.87,51.65
2026-03-01,6,11,2026-03-01 16:32:00,5,高塚清一記念 第8回 名人集合 マクール杯,5,3340,池田 雷太,3,60,53.4,0,0,0.19,4.51,25,34.78,4.81,22.22,51.85,45.76,61.86,32.94,54.12
2026-03-01,6,11,2026-03-01 16:32:00,5,高塚清一記念 第8回 名人集合 マクール杯,6,3436,柏野 幸二,2,56,51,1,0,0.12,5.46,34.94,50.6,5.43,26.09,56.52,31.84,46.19,30.59,50.59
2026-03-01,6,12,2026-03-01 16:59:00,5,高塚清一記念 第8回 名人集合 マクール杯,1,3744,徳増 秀樹,1,51,53.2,0,0,0.13,6.07,44.66,58.25,6.58,53.1,66.37,39.57,56.52,31.11,46.67
2026-03-01,6,12,2026-03-01 16:59:00,5,高塚清一記念 第8回 名人集合 マクール杯,2,3256,三角 哲男,2,58,51.5,0,0,0.14,6.17,46.51,63.95,6.67,47.62,71.43,40,57.21,29.07,46.51
2026-03-01,6,12,2026-03-01 16:59:00,5,高塚清一記念 第8回 名人集合 マクール杯,3,3251,平石 和男,2,59,51,0,0,0.19,5.45,35.59,51.69,4.93,20,53.33,29.77,45.12,35.29,45.88
2026-03-01,6,12,2026-03-01 16:59:00,5,高塚清一記念 第8回 名人集合 マクール杯,4,3909,佐々木 康幸,1,52,54.7,0,0,0.11,6.69,52.58,67.01,7.03,57.55,72.64,33.94,49.54,38.64,59.09
2026-03-01,6,12,2026-03-01 16:59:00,5,高塚清一記念 第8回 名人集合 マクール杯,5,4033,伊藤 将吉,1,47,53,0,0,0.13,6.46,50,67,6.37,46.51,66.28,25.38,45.69,29.27,48.78
2026-03-01,6,12,2026-03-01 16:59:00,5,高塚清一記念 第8回 名人集合 マクール杯,6,3740,大澤 普司,1,51,55.9,0,0,0.16,6.44,50.53,65.26,6.65,64.71,70.59,28.06,46.94,34.07,42.86
2026-03-01,7,1,2026-03-01 15:25:00,5,愛知バス杯争奪 ABCツアーカップ,1,3448,高山 秀雄,3,56,52.7,0,0,0.19,4.29,19.23,43.59,0,0,0,41.46,56.91,32.79,53.28
2026-03-01,7,1,2026-03-01 15:25:00,5,愛知バス杯争奪 ABCツアーカップ,2,4332,村上 彰一,3,42,56.8,0,0,0.19,4.14,16.9,40.85,5,22.22,44.44,32.54,50.3,34.85,56.06
2026-03-01,7,1,2026-03-01 15:25:00,5,愛知バス杯争奪 ABCツアーカップ,3,3891,谷口 健一,3,50,54.1,0,0,0.18,3.12,8.6,21.51,4.35,25.45,38.18,42.98,68.6,43.62,63.76
2026-03-01,7,1,2026-03-01 15:25:00,5,愛知バス杯争奪 ABCツアーカップ,4,5052,赤井 星璃菜,4,30,49.4,0,0,0.14,4.08,22.64,35.85,0,0,0,34.81,54.07,25.24,45.63
2026-03-01,7,1,2026-03-01 15:25:00,5,愛知バス杯争奪 ABCツアーカップ,5,4274,長畑 友輔,3,43,52.3,0,0,0.16,4.72,26.67,50.67,3.75,12.5,25,29.06,46.15,37.41,55.1
2026-03-01,7,1,2026-03-01 15:25:00,5,愛知バス杯争奪 ABCツアーカップ,6,5366,塩嶋 泰空,4,24,54.6,1,0,0.19,1.21,0,0,0,0,0,40.65,60.65,27.19,45.61
2026-03-01,7,2,2026-03-01 15:52:00,5,愛知バス杯争奪 ABCツアーカップ,1,4421,森作 広大,3,37,55,0,0,0.17,3.58,12.12,30.3,3.31,3.13,21.88,42.66,56.64,32.11,43.12
2026-03-01,7,2,2026-03-01 15:52:00,5,愛知バス杯争奪 ABCツアーカップ,2,3589,西村 勝,3,52,55.2,0,0,0.16,3.98,18.75,37.5,3.76,17.65,29.41,43.22,57.63,40,57.86
2026-03-01,7,2,2026-03-01 15:52:00,5,愛知バス杯争奪 ABCツアーカップ,3,5182,宮崎 安奈,3,27,46.5,0,0,0.14,4.81,30.85,44.68,4.14,25,28.57,34.12,53.53,27.43,41.59
2026-03-01,7,2,2026-03-01 15:52:00,5,愛知バス杯争奪 ABCツアーカップ,4,4709,岡村 将也,2,36,54.8,0,0,0.16,5.66,39.05,58.1,4.91,18.18,45.45,37.88,56.06,29.77,45.8
2026-03-01,7,2,2026-03-01 15:52:00,5,愛知バス杯争奪 ABCツアーカップ,5,4887,富澤 祐作,3,39,54.1,0,0,0.15,5.22,35.05,51.55,4.18,22.73,36.36,34.21,44.74,32,47
2026-03-01,7,2,2026-03-01 15:52:00,5,愛知バス杯争奪 ABCツアーカップ,6,3268,森 竜也,3,60,52.7,0,0,0.17,4.37,20.88,36.26,4.19,16.67,33.33,30.72,47.71,41.41,58.59
2026-03-01,7,3,2026-03-01 16:17:00,5,愛知バス杯争奪 ABCツアーカップ,1,3297,藤丸 光一,3,59,50,1,0,0.18,4.51,25,34.72,6.67,55.56,66.67,32.91,46.84,44.67,64.67
2026-03-01,7,3,2026-03-01 16:17:00,5,愛知バス杯争奪 ABCツアーカップ,2,4518,大須賀 友,2,39,52,0,0,0.18,6.53,50,70.9,6.69,50.82,73.77,46.83,69.84,38.71,62.1
2026-03-01,7,3,2026-03-01 16:17:00,5,愛知バス杯争奪 ABCツアーカップ,3,3535,渡 修平,3,53,52.3,0,0,0.18,3.68,17.57,27.03,4.93,28.57,42.86,29.69,45.31,21.31,36.07
2026-03-01,7,3,2026-03-01 16:17:00,5,愛知バス杯争奪 ABCツアーカップ,4,4569,中澤 宏奈,4,37,47,0,0,,4.6,34.62,42.31,5.63,37.5,56.25,47.41,61.21,31.75,48.41
2026-03-01,7,3,2026-03-01 16:17:00,5,愛知バス杯争奪 ABCツアーカップ,5,5076,石原 光,3,29,53.8,0,0,0.16,5,29.33,53.33,3.79,14.71,26.47,40.28,52.08,31.11,44.44
2026-03-01,7,3,2026-03-01 16:17:00,5,愛知バス杯争奪 ABCツアーカップ,6,4727,安部 慎一,3,38,53,0,0,0.14,4.65,30.61,43.88,0,0,0,34.13,51.59,32.5,43.33
2026-03-01,7,4,2026-03-01 16:44:00,5,愛知バス杯争奪 ABCツアーカップ,1,4669,井上 茂,3,40,52.7,0,0,0.17,4.45,20.55,39.73,5.12,23.53,41.18,32.87,46.15,34.35,56.49
2026-03-01,7,4,2026-03-01 16:44:00,5,愛知バス杯争奪 ABCツアーカップ,2,4623,中北 将史,3,41,53.2,0,0,0.14,5.13,29.73,47.75,4.26,21.05,31.58,31.94,49.31,32.11,43.12
2026-03-01,7,4,2026-03-01 16:44:00,5,愛知バス杯争奪 ABCツアーカップ,3,5189,藤原 早菜,2,25,45.5,0,0,0.19,6.06,40,60.91,4.44,18.75,43.75,40.68,51.69,35.29,59.56
2026-03-01,7,4,2026-03-01 16:44:00,5,愛知バス杯争奪 ABCツアーカップ,4,3748,小黒 竜吾,3,50,55.1,0,0,0.17,4.51,22.33,42.72,3.84,9.68,38.71,35.33,52.67,29.31,41.38
2026-03-01,7,4,2026-03-01 16:44:00,5,愛知バス杯争奪 ABCツアーカップ,5,4788,小池 哲也,2,36,53.5,0,0,0.15,6.29,43.66,68.31,6.5,41.67,75,38.41,50,27.62,39.05
2026-03-01,7,4,2026-03-01 16:44:00,5,愛知バス杯争奪 ABCツアーカップ,6,4410,井上 大輔,3,39,52,0,0,0.16,5.69,37.36,54.95,4.55,36.36,40.91,33.73,48.19,30.09,46.02
2026-03-01,7,5,2026-03-01 17:11:00,5,愛知バス杯争奪 ABCツアーカップ,1,3992,関口 智久,3,47,53.4,0,0,0.13,5.21,29.89,51.72,7.3,50,70,30.61,51.02,37.76,48.25
2026-03-01,7,5,2026-03-01 17:11:00,5,愛知バス杯争奪 ABCツアーカップ,2,4131,原 豊土,2,45,55.2,0,0,0.17,5.73,42.86,60.71,5.21,33.33,54.17,36.54,54.49,27.03,44.14
2026-03-01,7,5,2026-03-01 17:11:00,5,愛知バス杯争奪 ABCツアーカップ,3,4274,長畑 友輔,3,43,52.3,0,0,0.16,4.72,26.67,50.67,3.75,12.5,25,29.06,46.15,37.41,55.1
2026-03-01,7,5,2026-03-01 17:11:00,5,愛知バス杯争奪 ABCツアーカップ,4,5124,上瀧 絢也,4,29,52.8,0,0,0.18,4.21,17.14,38.57,0,0,0,32.12,53.94,30.51,42.37
2026-03-01,7,5,2026-03-01 17:11:00,5,愛知バス杯争奪 ABCツアーカップ,5,5365,石村 日奈那,3,24,47,0,0,0.21,2.39,3.13,9.38,1.8,10,10,33.33,50,28.79,48.48
2026-03-01,7,5,2026-03-01 17:11:00,5,愛知バス杯争奪 ABCツアーカップ,6,4124,池田 雄一,1,43,52.8,0,0,0.17,6.26,45.61,66.67,5.71,35.71,50,31.43,50.71,40,56.92
2026-03-01,7,6,2026-03-01 17:38:00,5,愛知バス杯争奪 ABCツアーカップ,1,3579,中里 優子,3,53,47.8,1,0,0.16,3.85,19.12,29.41,5.67,33.33,66.67,36.77,53.55,33.06,57.26
2026-03-01,7,6,2026-03-01 17:38:00,5,愛知バス杯争奪 ABCツアーカップ,2,4040,廣瀬 将亨,2,47,56.7,0,0,0.15,5.85,39.71,57.35,5.55,36.36,63.64,35.03,50.32,31.07,50.49
2026-03-01,7,6,2026-03-01 17:38:00,5,愛知バス杯争奪 ABCツアーカップ,3,4785,木幡 純也,3,38,52,0,0,0.18,4.69,26.37,41.76,4.67,16.67,44.44,42.07,60,34.43,48.36
2026-03-01,7,6,2026-03-01 17:38:00,5,愛知バス杯争奪 ABCツアーカップ,4,5366,塩嶋 泰空,4,24,54.6,1,0,0.19,1.21,0,0,0,0,0,40.65,60.65,27.19,45.61
2026-03-01,7,6,2026-03-01 17:38:00,5,愛知バス杯争奪 ABCツアーカップ,5,3874,山本 寛久,1,49,52.3,1,0,0.15,6.04,45.56,61.11,6,42.86,71.43,30,46,41.91,53.68
2026-03-01,7,6,2026-03-01 17:38:00,5,愛知バス杯争奪 ABCツアーカップ,6,4077,品田 直樹,3,47,52.1,0,0,0.18,5.23,30.63,49.55,0,0,0,36.05,53.74,28.33,45.83
2026-03-01,7,7,2026-03-01 18:05:00,5,愛知バス杯争奪 ABCツアーカップ,1,4053,芦澤 望,2,48,56.5,0,0,0.15,6.06,41.73,61.42,5.4,31.43,51.43,42.03,61.59,39.37,55.12
2026-03-01,7,7,2026-03-01 18:05:00,5,愛知バス杯争奪 ABCツアーカップ,2,3297,藤丸 光一,3,59,50,1,0,0.18,4.51,25,34.72,6.67,55.56,66.67,32.91,46.84,44.67,64.67
2026-03-01,7,7,2026-03-01 18:05:00,5,愛知バス杯争奪 ABCツアーカップ,3,4470,平田 健之佑,1,38,52.2,1,0,0.14,6.19,45.22,67.83,6.65,55,60,37.58,51.01,31.25,45.54
2026-03-01,7,7,2026-03-01 18:05:00,5,愛知バス杯争奪 ABCツアーカップ,4,4332,村上 彰一,3,42,56.8,0,0,0.19,4.14,16.9,40.85,5,22.22,44.44,32.54,50.3,34.85,56.06
2026-03-01,7,7,2026-03-01 18:05:00,5,愛知バス杯争奪 ABCツアーカップ,5,4421,森作 広大,3,37,55,0,0,0.17,3.58,12.12,30.3,3.31,3.13,21.88,42.66,56.64,32.11,43.12
2026-03-01,7,7,2026-03-01 18:05:00,5,愛知バス杯争奪 ABCツアーカップ,6,5156,坂野 さくら,3,29,47,0,0,0.19,4.74,25.71,47.62,4.67,22.22,44.44,36.26,53.8,27.27,47.27
2026-03-01,7,8,2026-03-01 18:32:00,5,愛知バス杯争奪 ABCツアーカップ,1,4022,待鳥 雄紀,3,45,55.5,0,0,0.17,3.69,16.92,26.15,5.9,46.67,60,39.17,61.67,24.17,33.33
2026-03-01,7,8,2026-03-01 18:32:00,5,愛知バス杯争奪 ABCツアーカップ,2,4084,杉山 正樹,1,46,52,0,0,0.16,6.56,44.29,60.71,6.83,58.33,66.67,33.33,49.06,34.59,54.14
2026-03-01,7,8,2026-03-01 18:32:00,5,愛知バス杯争奪 ABCツアーカップ,3,3448,高山 秀雄,3,56,52.7,0,0,0.19,4.29,19.23,43.59,0,0,0,41.46,56.91,32.79,53.28
2026-03-01,7,8,2026-03-01 18:32:00,5,愛知バス杯争奪 ABCツアーカップ,4,4669,井上 茂,3,40,52.7,0,0,0.17,4.45,20.55,39.73,5.12,23.53,41.18,32.87,46.15,34.35,56.49
2026-03-01,7,8,2026-03-01 18:32:00,5,愛知バス杯争奪 ABCツアーカップ,5,3692,竹腰 正樹,2,54,52,1,0,0.13,4.18,19.18,39.73,5.06,31.25,56.25,40.52,57.76,28.37,48.94
2026-03-01,7,8,2026-03-01 18:32:00,5,愛知バス杯争奪 ABCツアーカップ,6,4569,中澤 宏奈,4,37,47,0,0,,4.6,34.62,42.31,5.63,37.5,56.25,47.41,61.21,31.75,48.41
2026-03-01,7,9,2026-03-01 19:11:00,5,愛知バス杯争奪 ABCツアーカップ,1,4934,佐々木 翔斗,2,29,53.9,0,0,0.15,6.04,44.53,65.63,6.06,50,66.67,34.72,52.08,38.89,59.72
2026-03-01,7,9,2026-03-01 19:11:00,5,愛知バス杯争奪 ABCツアーカップ,2,4727,安部 慎一,3,38,52.7,0,0,0.14,4.65,30.61,43.88,0,0,0,34.13,51.59,32.5,43.33
2026-03-01,7,9,2026-03-01 19:11:00,5,愛知バス杯争奪 ABCツアーカップ,3,3268,森 竜也,3,60,52.7,0,0,0.17,4.37,20.88,36.26,4.19,16.67,33.33,30.72,47.71,41.41,58.59
2026-03-01,7,9,2026-03-01 19:11:00,5,愛知バス杯争奪 ABCツアーカップ,4,4623,中北 将史,3,41,53,0,0,0.14,5.13,29.73,47.75,4.26,21.05,31.58,31.94,49.31,32.11,43.12
2026-03-01,7,9,2026-03-01 19:11:00,5,愛知バス杯争奪 ABCツアーカップ,5,3891,谷口 健一,3,50,54.1,0,0,0.18,3.12,8.6,21.51,4.35,25.45,38.18,42.98,68.6,43.62,63.76
2026-03-01,7,9,2026-03-01 19:11:00,5,愛知バス杯争奪 ABCツアーカップ,6,4044,湯川 浩司,1,46,52.2,0,0,0.13,6.63,42.65,59.56,5.56,33.33,33.33,42.74,56.41,31.88,47.83
2026-03-01,7,10,2026-03-01 19:44:00,5,愛知バス杯争奪 ABCツアーカップ,1,4483,北野 輝季,1,37,52.4,0,0,0.14,6.77,46.09,64.35,7.54,58.7,69.57,44.92,59.32,33.33,50.41
2026-03-01,7,10,2026-03-01 19:44:00,5,愛知バス杯争奪 ABCツアーカップ,2,5076,石原 光,3,29,53.8,0,0,0.16,5,29.33,53.33,3.79,14.71,26.47,40.28,52.08,31.11,44.44
2026-03-01,7,10,2026-03-01 19:44:00,5,愛知バス杯争奪 ABCツアーカップ,3,4791,黒澤 めぐみ,2,36,47.1,1,0,0.17,5.2,38.67,48,5.75,42.86,60.71,40.5,59.5,33.09,50.74
2026-03-01,7,10,2026-03-01 19:44:00,5,愛知バス杯争奪 ABCツアーカップ,4,4131,原 豊土,2,45,55.2,0,0,0.17,5.73,42.86,60.71,5.21,33.33,54.17,36.54,54.49,27.03,44.14
2026-03-01,7,10,2026-03-01 19:44:00,5,愛知バス杯争奪 ABCツアーカップ,5,4410,井上 大輔,3,39,52,0,0,0.16,5.69,37.36,54.95,4.55,36.36,40.91,33.73,48.19,30.09,46.02
2026-03-01,7,10,2026-03-01 19:44:00,5,愛知バス杯争奪 ABCツアーカップ,6,3989,熊本 英一,3,47,55.7,0,0,0.22,3.99,19.44,34.72,3,11.76,17.65,37.8,56.69,44.83,66.21
2026-03-01,7,11,2026-03-01 20:12:00,5,愛知バス杯争奪 ABCツアーカップ,1,4470,平田 健之佑,1,38,52.2,1,0,0.14,6.19,45.22,67.83,6.65,55,60,37.58,51.01,31.25,45.54
2026-03-01,7,11,2026-03-01 20:12:00,5,愛知バス杯争奪 ABCツアーカップ,2,4887,富澤 祐作,3,39,54.1,0,0,0.15,5.22,35.05,51.55,4.18,22.73,36.36,34.21,44.74,32,47
2026-03-01,7,11,2026-03-01 20:12:00,5,愛知バス杯争奪 ABCツアーカップ,3,3992,関口 智久,3,47,53.4,0,0,0.13,5.21,29.89,51.72,7.3,50,70,30.61,51.02,37.76,48.25
2026-03-01,7,11,2026-03-01 20:12:00,5,愛知バス杯争奪 ABCツアーカップ,4,4518,大須賀 友,2,39,52,0,0,0.18,6.53,50,70.9,6.69,50.82,73.77,46.83,69.84,38.71,62.1
2026-03-01,7,11,2026-03-01 20:12:00,5,愛知バス杯争奪 ABCツアーカップ,5,4040,廣瀬 将亨,2,47,56.7,0,0,0.15,5.85,39.71,57.35,5.55,36.36,63.64,35.03,50.32,31.07,50.49
2026-03-01,7,11,2026-03-01 20:12:00,5,愛知バス杯争奪 ABCツアーカップ,6,5189,藤原 早菜,2,25,45.5,0,0,0.19,6.06,40,60.91,4.44,18.75,43.75,40.68,51.69,48.68,63.82
2026-03-01,7,12,2026-03-01 20:41:00,5,愛知バス杯争奪 ABCツアーカップ,1,4084,杉山 正樹,1,46,52,0,0,0.16,6.56,44.29,60.71,6.83,58.33,66.67,33.33,49.06,34.59,54.14
2026-03-01,7,12,2026-03-01 20:41:00,5,愛知バス杯争奪 ABCツアーカップ,2,4077,品田 直樹,3,47,52.1,0,0,0.18,5.23,30.63,49.55,0,0,0,36.05,53.74,28.33,45.83
2026-03-01,7,12,2026-03-01 20:41:00,5,愛知バス杯争奪 ABCツアーカップ,3,4124,池田 雄一,1,43,52.8,0,0,0.17,6.26,45.61,66.67,5.71,35.71,50,31.43,50.71,40,56.92
2026-03-01,7,12,2026-03-01 20:41:00,5,愛知バス杯争奪 ABCツアーカップ,4,4053,芦澤 望,2,48,56.5,0,0,0.15,6.06,41.73,61.42,5.4,31.43,51.43,42.03,61.59,39.37,55.12
2026-03-01,7,12,2026-03-01 20:41:00,5,愛知バス杯争奪 ABCツアーカップ,5,3589,西村 勝,3,52,55.2,0,0,0.16,3.98,18.75,37.5,3.76,17.65,29.41,43.22,57.63,40,57.86
2026-03-01,7,12,2026-03-01 20:41:00,5,愛知バス杯争奪 ABCツアーカップ,6,4788,小池 哲也,2,36,53.5,0,0,0.15,6.29,43.66,68.31,6.5,41.67,75,38.41,50,27.62,39.05
2026-03-01,8,1,2026-03-01 10:18:00,5,日刊スポーツ杯争奪第35回マリンキング決定戦,1,4659,木下 翔太,1,34,52.9,0,0,0.14,6.86,44.36,68.42,8.11,55.56,100,35.48,45.16,30,52.67
2026-03-01,8,1,2026-03-01 10:18:00,5,日刊スポーツ杯争奪第35回マリンキング決定戦,2,4405,南野 利騰,3,40,53.2,0,0,0.16,3.95,12.66,31.65,3.64,21.43,35.71,36,52,32.91,48.73
2026-03-01,8,1,2026-03-01 10:18:00,5,日刊スポーツ杯争奪第35回マリンキング決定戦,3,4195,前川 守嗣,3,44,58.7,0,0,0.17,5.1,27.78,47.22,5.12,29.41,47.06,26.87,46.27,37.42,56.13
2026-03-01,8,1,2026-03-01 10:18:00,5,日刊スポーツ杯争奪第35回マリンキング決定戦,4,4875,大塚 康雅,3,31,50.5,0,0,0.18,4.8,26.32,46.05,3.17,16.67,16.67,39.39,57.58,28.77,45.89
2026-03-01,8,1,2026-03-01 10:18:00,5,日刊スポーツ杯争奪第35回マリンキング決定戦,5,4635,峰重 力也,3,36,52.9,0,0,0.15,5.18,36.59,47.56,4.46,23.08,30.77,36.92,53.85,34.9,51.01
2026-03-01,8,1,2026-03-01 10:18:00,5,日刊スポーツ杯争奪第35回マリンキング決定戦,6,4626,伊藤 紘章,3,39,52,0,0,0.23,4.76,28.75,47.5,4.76,30.43,45.65,28.79,51.52,31.29,46.26
2026-03-01,8,2,2026-03-01 10:44:00,5,日刊スポーツ杯争奪第35回マリンキング決定戦,1,4547,中田 竜太,1,37,51.5,0,0,0.15,6.31,36.94,53.15,7.1,61.9,76.19,36.62,59.15,45.91,64.78
2026-03-01,8,2,2026-03-01 10:44:00,5,日刊スポーツ杯争奪第35回マリンキング決定戦,2,4419,原 加央理,3,38,45.5,0,0,0.16,5.36,37.5,55,0,0,0,40.91,65.15,38.69,54.74
2026-03-01,8,2,2026-03-01 10:44:00,5,日刊スポーツ杯争奪第35回マリンキング決定戦,3,3842,星野 太郎,3,49,52.9,0,0,0.18,4.88,28.95,43.42,5.23,31.82,50,30.99,46.48,35.14,52.03
2026-03-01,8,2,2026-03-01 10:44:00,5,日刊スポーツ杯争奪第35回マリンキング決定戦,4,5273,山下 拓巳,3,24,52,0,0,0.18,4.21,20.41,36.73,3.69,18.75,31.25,35.21,52.11,43.54,59.18
2026-03-01,8,2,2026-03-01 10:44:00,5,日刊スポーツ杯争奪第35回マリンキング決定戦,5,4174,赤坂 俊輔,1,43,52,0,0,0.16,6.38,41.98,68.7,0,0,0,30.88,47.06,34.4,53.6
2026-03-01,8,2,2026-03-01 10:44:00,5,日刊スポーツ杯争奪第35回マリンキング決定戦,6,5430,鳥本 智史,4,21,51.5,0,0,,1.68,2.7,5.41,0,0,0,25.71,42.86,27.66,49.65
2026-03-01,8,3,2026-03-01 11:11:00,5,日刊スポーツ杯争奪第35回マリンキング決定戦,1,3551,藤田 美代,3,54,45,0,0,0.18,3.67,16.67,29.17,4.88,35.29,41.18,28.79,43.94,40.74,59.88
2026-03-01,8,3,2026-03-01 11:11:00,5,日刊スポーツ杯争奪第35回マリンキング決定戦,2,3207,田村 美和,3,60,51.2,0,0,0.17,3.58,10.61,18.18,0,0,0,32.14,51.79,32.86,45.71
2026-03-01,8,3,2026-03-01 11:11:00,5,日刊スポーツ杯争奪第35回マリンキング決定戦,3,4283,石井 裕美,3,42,50.5,0,0,0.17,4.57,18.52,38.27,3.84,10.53,26.32,29.85,50.75,34.03,56.25
2026-03-01,8,3,2026-03-01 11:11:00,5,日刊スポーツ杯争奪第35回マリンキング決定戦,4,5440,薗頭 心,4,20,47,0,0,,1.13,0,0,0,0,0,42.19,67.19,35.42,45.83
2026-03-01,8,3,2026-03-01 11:11:00,5,日刊スポーツ杯争奪第35回マリンキング決定戦,5,4987,島倉 都,3,28,49.1,0,0,0.17,4.21,20.24,35.71,2.5,0,16.67,34.29,52.86,38.78,48.98
2026-03-01,8,3,2026-03-01 11:11:00,5,日刊スポーツ杯争奪第35回マリンキング決定戦,6,5297,南 彩寧,3,23,49.7,0,0,0.2,2.69,8.43,15.66,0,0,0,10.53,26.32,34.27,49.65
2026-03-01,8,4,2026-03-01 11:39:00,5,日刊スポーツ杯争奪第35回マリンキング決定戦,1,3319,山崎 義明,3,59,52,0,0,0.17,4.96,24.18,50.55,5.56,22.22,55.56,23.81,55.56,32,54
2026-03-01,8,4,2026-03-01 11:39:00,5,日刊スポーツ杯争奪第35回マリンキング決定戦,2,3994,小野 桜,3,47,46.5,0,0,0.2,5.33,33.33,53.33,6.19,40.74,62.96,35.62,57.53,32.69,49.36
2026-03-01,8,4,2026-03-01 11:39:00,5,日刊スポーツ杯争奪第35回マリンキング決定戦,3,5257,西丸 侑太朗,1,21,53.2,0,0,0.15,6.54,47.15,68.29,6.38,54.17,66.67,44.29,57.14,30.16,42.86
2026-03-01,8,4,2026-03-01 11:39:00,5,日刊スポーツ杯争奪第35回マリンキング決定戦,4,5128,坪井 爽佑,3,29,52,1,0,0.18,4.61,30.3,45.45,3.59,22.22,29.63,45.45,62.12,30.41,43.24
2026-03-01,8,4,2026-03-01 11:39:00,5,日刊スポーツ杯争奪第35回マリンキング決定戦,5,3441,土屋 太朗,3,56,52.1,0,0,0.2,4.93,26.97,53.93,5,23.81,52.38,19.3,40.35,22.31,43.85
2026-03-01,8,4,2026-03-01 11:39:00,5,日刊スポーツ杯争奪第35回マリンキング決定戦,6,4207,松下 一也,2,43,52.9,1,0,0.12,6,43.59,61.54,7.48,63.64,81.82,58.73,73.02,33.8,52.82
2026-03-01,8,5,2026-03-01 12:11:00,5,日刊スポーツ杯争奪第35回マリンキング決定戦,1,4842,山下 昂大,2,33,53.3,0,0,0.17,5.95,43.64,60.91,6.21,42.86,71.43,42.86,52.38,32.68,50.33
2026-03-01,8,5,2026-03-01 12:11:00,5,日刊スポーツ杯争奪第35回マリンキング決定戦,2,4496,内堀 学,2,38,52,0,0,0.18,6.96,61.48,72.59,3,0,33.33,52.31,67.69,33.33,45.65
2026-03-01,8,5,2026-03-01 12:11:00,5,日刊スポーツ杯争奪第35回マリンキング決定戦,3,4491,田中 堅,3,39,51,0,0,0.19,4.39,18.29,36.59,5.5,25,62.5,39.68,53.97,36.84,51.13
2026-03-01,8,5,2026-03-01 12:11:00,5,日刊スポーツ杯争奪第35回マリンキング決定戦,4,4948,木場 悠介,3,33,52,0,0,0.14,5.31,36.9,52.38,0,0,0,26.76,42.25,40.65,58.71
2026-03-01,8,5,2026-03-01 12:11:00,5,日刊スポーツ杯争奪第35回マリンキング決定戦,5,4119,泥谷 一毅,2,44,53,1,0,0.17,5.38,28.43,50.98,6.08,32.5,62.5,25,45.83,29.17,51.39
2026-03-01,8,5,2026-03-01 12:11:00,5,日刊スポーツ杯争奪第35回マリンキング決定戦,6,5344,谷口 丞,3,22,52,1,0,0.16,3.63,14.1,32.05,1.96,3.7,7.41,40.63,57.81,38.31,57.79
2026-03-01,8,6,2026-03-01 12:48:00,5,日刊スポーツ杯争奪第35回マリンキング決定戦,1,4516,野口 勝弘,2,39,50,0,0,0.16,6.13,43.06,65.28,5.86,32.76,58.62,42.19,51.56,28.13,43.75
2026-03-01,8,6,2026-03-01 12:48:00,5,日刊スポーツ杯争奪第35回マリンキング決定戦,2,4365,盛本 真輔,3,40,52,0,0,0.17,5.67,41.35,58.65,4.67,19.44,44.44,25.68,39.19,25.44,38.6
2026-03-01,8,6,2026-03-01 12:48:00,5,日刊スポーツ杯争奪第35回マリンキング決定戦,3,5033,藤原 孝斗,3,28,54.2,0,0,0.19,3.99,14.29,28.57,4.31,24.14,37.93,38.81,59.7,37.24,51.03
2026-03-01,8,6,2026-03-01 12:48:00,5,日刊スポーツ杯争奪第35回マリンキング決定戦,4,4252,松下 哲也,3,42,51.5,0,0,0.18,4.55,21.28,41.49,4.55,27.27,40.91,40.26,53.25,36.18,48.68
2026-03-01,8,6,2026-03-01 12:48:00,5,日刊スポーツ杯争奪第35回マリンキング決定戦,5,4376,藤田 靖弘,2,41,52.8,0,0,0.16,5.79,41.35,56.39,6.15,44.68,63.83,16,32,30.5,44.68
2026-03-01,8,6,2026-03-01 12:48:00,5,日刊スポーツ杯争奪第35回マリンキング決定戦,6,3783,瓜生 正義,1,49,52.7,0,0,0.15,6.53,35,55,7.47,47.06,76.47,24.53,39.62,29.75,50.63
2026-03-01,8,7,2026-03-01 13:19:00,5,日刊スポーツ杯争奪第35回マリンキング決定戦,1,4417,服部 剛,3,39,52.1,0,0,0.21,4.63,24.39,42.68,4.67,26.67,53.33,41.54,56.92,29.5,48.2
2026-03-01,8,7,2026-03-01 13:19:00,5,日刊スポーツ杯争奪第35回マリンキング決定戦,2,4815,伏島 祐介,2,35,53,0,0,0.18,5,29.63,49.38,5.4,33.33,60,32,48,31.03,48.28
2026-03-01,8,7,2026-03-01 13:19:00,5,日刊スポーツ杯争奪第35回マリンキング決定戦,3,5297,南 彩寧,3,23,49.7,0,0,0.2,2.69,8.43,15.66,0,0,0,10.53,26.32,34.27,49.65
2026-03-01,8,7,2026-03-01 13:19:00,5,日刊スポーツ杯争奪第35回マリンキング決定戦,4,4711,前出 達吉,3,36,52,0,0,0.16,5.51,40.59,54.46,6.29,52.38,66.67,44.12,61.76,36.49,55.41
2026-03-01,8,7,2026-03-01 13:19:00,5,日刊スポーツ杯争奪第35回マリンキング決定戦,5,5430,鳥本 智史,4,21,51.5,0,0,,1.68,2.7,5.41,0,0,0,25.71,42.86,27.66,49.65
2026-03-01,8,7,2026-03-01 13:19:00,5,日刊スポーツ杯争奪第35回マリンキング決定戦,6,4686,丸野 一樹,1,34,52.9,0,0,0.15,6.54,35.78,55.05,6.77,61.54,69.23,22.03,37.29,35.03,50.96
2026-03-01,8,8,2026-03-01 13:49:00,5,日刊スポーツ杯争奪第35回マリンキング決定戦,1,4987,島倉 都,3,28,49.1,0,0,0.17,4.21,20.24,35.71,2.5,0,16.67,34.29,52.86,38.78,48.98
2026-03-01,8,8,2026-03-01 13:49:00,5,日刊スポーツ杯争奪第35回マリンキング決定戦,2,4331,三好 勇人,2,42,53.9,0,0,0.15,5.78,35.56,57.78,6.7,60,70,6.9,24.14,36.42,51.23
2026-03-01,8,8,2026-03-01 13:49:00,5,日刊スポーツ杯争奪第35回マリンキング決定戦,3,4875,大塚 康雅,3,31,50.5,0,0,0.18,4.8,26.32,46.05,3.17,16.67,16.67,39.39,57.58,28.77,45.89
2026-03-01,8,8,2026-03-01 13:49:00,5,日刊スポーツ杯争奪第35回マリンキング決定戦,4,5010,宇留田 翔平,2,28,53.1,0,0,0.15,5.74,38.57,57.14,6,38.71,58.06,29.31,46.55,31.13,47.68
2026-03-01,8,8,2026-03-01 13:49:00,5,日刊スポーツ杯争奪第35回マリンキング決定戦,5,3551,藤田 美代,3,54,45,0,0,0.18,3.67,16.67,29.17,4.88,35.29,41.18,28.79,43.94,40.74,59.88
2026-03-01,8,8,2026-03-01 13:49:00,5,日刊スポーツ杯争奪第35回マリンキング決定戦,6,5273,山下 拓巳,3,24,52,0,0,0.18,4.21,20.41,36.73,3.69,18.75,31.25,35.21,52.11,43.54,59.18
2026-03-01,8,9,2026-03-01 14:20:00,5,日刊スポーツ杯争奪第35回マリンキング決定戦,1,4119,泥谷 一毅,2,44,53,1,0,0.17,5.38,28.43,50.98,6.08,32.5,62.5,25,45.83,29.17,51.39
2026-03-01,8,9,2026-03-01 14:20:00,5,日刊スポーツ杯争奪第35回マリンキング決定戦,2,4626,伊藤 紘章,3,39,52,0,0,0.23,4.76,28.75,47.5,4.76,30.43,45.65,28.79,51.52,31.29,46.26
2026-03-01,8,9,2026-03-01 14:20:00,5,日刊スポーツ杯争奪第35回マリンキング決定戦,3,3441,土屋 太朗,3,56,52.1,0,0,0.2,4.93,26.97,53.93,5,23.81,52.38,19.3,40.35,22.31,43.85
2026-03-01,8,9,2026-03-01 14:20:00,5,日刊スポーツ杯争奪第35回マリンキング決定戦,4,3207,田村 美和,3,60,51.2,0,0,0.17,3.58,10.61,18.18,0,0,0,32.14,51.79,32.86,45.71
2026-03-01,8,9,2026-03-01 14:20:00,5,日刊スポーツ杯争奪第35回マリンキング決定戦,5,5128,坪井 爽佑,3,29,52,1,0,0.18,4.61,30.3,45.45,3.59,22.22,29.63,45.45,62.12,30.41,43.24
2026-03-01,8,9,2026-03-01 14:20:00,5,日刊スポーツ杯争奪第35回マリンキング決定戦,6,5440,薗頭 心,4,20,47,0,0,,1.13,0,0,0,0,0,42.19,67.19,35.42,45.83
2026-03-01,8,10,2026-03-01 14:58:00,5,日刊スポーツ杯争奪第35回マリンキング決定戦,1,4207,松下 一也,2,43,52.9,1,0,0.12,6,43.59,61.54,7.48,63.64,81.82,58.73,73.02,33.8,52.82
2026-03-01,8,10,2026-03-01 14:58:00,5,日刊スポーツ杯争奪第35回マリンキング決定戦,2,4516,野口 勝弘,2,39,50,0,0,0.16,6.13,43.06,65.28,5.86,32.76,58.62,42.19,51.56,28.13,43.75
2026-03-01,8,10,2026-03-01 14:58:00,5,日刊スポーツ杯争奪第35回マリンキング決定戦,3,4365,盛本 真輔,3,40,52,0,0,0.17,5.67,41.35,58.65,4.67,19.44,44.44,25.68,39.19,25.44,38.6
2026-03-01,8,10,2026-03-01 14:58:00,5,日刊スポーツ杯争奪第35回マリンキング決定戦,4,4419,原 加央理,3,38,45.5,0,0,0.16,5.36,37.5,55,0,0,0,40.91,65.15,38.69,54.74
2026-03-01,8,10,2026-03-01 14:58:00,5,日刊スポーツ杯争奪第35回マリンキング決定戦,5,4842,山下 昂大,2,33,53.3,0,0,0.17,5.95,43.64,60.91,6.21,42.86,71.43,42.86,52.38,32.68,50.33
2026-03-01,8,10,2026-03-01 14:58:00,5,日刊スポーツ杯争奪第35回マリンキング決定戦,6,3994,小野 桜,3,47,46.5,0,0,0.2,5.33,33.33,53.33,6.19,40.74,62.96,35.62,57.53,32.69,49.36
2026-03-01,8,11,2026-03-01 15:30:00,5,日刊スポーツ杯争奪第35回マリンキング決定戦,1,4686,丸野 一樹,1,34,52.9,0,0,0.15,6.54,35.78,55.05,6.77,61.54,69.23,22.03,37.29,35.03,50.96
2026-03-01,8,11,2026-03-01 15:30:00,5,日刊スポーツ杯争奪第35回マリンキング決定戦,2,4547,中田 竜太,1,37,51.5,0,0,0.15,6.31,36.94,53.15,7.1,61.9,76.19,36.62,59.15,45.91,64.78
2026-03-01,8,11,2026-03-01 15:30:00,5,日刊スポーツ杯争奪第35回マリンキング決定戦,3,4174,赤坂 俊輔,1,43,51.5,0,0,0.16,6.38,41.98,68.7,0,0,0,30.88,47.06,34.4,53.6
2026-03-01,8,11,2026-03-01 15:30:00,5,日刊スポーツ杯争奪第35回マリンキング決定戦,4,5257,西丸 侑太朗,1,21,54,0,0,0.15,6.54,47.15,68.29,6.38,54.17,66.67,44.29,57.14,30.16,42.86
2026-03-01,8,11,2026-03-01 15:30:00,5,日刊スポーツ杯争奪第35回マリンキング決定戦,5,4496,内堀 学,2,38,51.5,0,0,0.18,6.96,61.48,72.59,3,0,33.33,52.31,67.69,33.33,45.65
2026-03-01,8,11,2026-03-01 15:30:00,5,日刊スポーツ杯争奪第35回マリンキング決定戦,6,3319,山崎 義明,3,59,51.5,0,0,0.17,4.96,24.18,50.55,5.56,22.22,55.56,23.81,55.56,32,54
2026-03-01,8,12,2026-03-01 16:05:00,5,日刊スポーツ杯争奪第35回マリンキング決定戦,1,3783,瓜生 正義,1,49,52.7,0,0,0.15,6.53,35,55,7.47,47.06,76.47,24.53,39.62,29.75,50.63
2026-03-01,8,12,2026-03-01 16:05:00,5,日刊スポーツ杯争奪第35回マリンキング決定戦,2,4659,木下 翔太,1,34,52.9,0,0,0.14,6.86,44.36,68.42,8.11,55.56,100,35.48,45.16,30,52.67
2026-03-01,8,12,2026-03-01 16:05:00,5,日刊スポーツ杯争奪第35回マリンキング決定戦,3,4711,前出 達吉,3,36,52,0,0,0.16,5.51,40.59,54.46,6.29,52.38,66.67,44.12,61.76,36.49,55.41
2026-03-01,8,12,2026-03-01 16:05:00,5,日刊スポーツ杯争奪第35回マリンキング決定戦,4,3842,星野 太郎,3,49,52.9,0,0,0.18,4.88,28.95,43.42,5.23,31.82,50,30.99,46.48,35.14,52.03
2026-03-01,8,12,2026-03-01 16:05:00,5,日刊スポーツ杯争奪第35回マリンキング決定戦,5,4331,三好 勇人,2,42,53.9,0,0,0.15,5.78,35.56,57.78,6.7,60,70,6.9,24.14,36.42,51.23
2026-03-01,8,12,2026-03-01 16:05:00,5,日刊スポーツ杯争奪第35回マリンキング決定戦,6,4417,服部 剛,3,39,52.1,0,0,0.21,4.63,24.39,42.68,4.67,26.67,53.33,41.54,56.92,29.5,48.2
2026-03-01,14,1,2026-03-01 10:50:00,2,第2回スピードクイーンメモリアル,1,4433,川野 芽唯,1,39,47,0,0,0.19,6.75,47.83,68.7,5.95,36.84,63.16,38.34,56.48,39.18,54.12
2026-03-01,14,1,2026-03-01 10:50:00,2,第2回スピードクイーンメモリアル,2,4936,戸敷 晃美,2,29,47.3,1,0,0.17,5.96,42.98,59.65,4.21,21.43,35.71,37.62,51.49,31.87,50.55
2026-03-01,14,1,2026-03-01 10:50:00,2,第2回スピードクイーンメモリアル,3,4825,倉持 莉々,1,32,47.8,1,0,0.12,6.16,44.3,58.23,0,0,0,31.67,50.56,30.96,46.19
2026-03-01,14,1,2026-03-01 10:50:00,2,第2回スピードクイーンメモリアル,4,5264,登 みひ果,3,26,44.5,0,0,0.16,4.92,23.66,51.61,0,0,0,32.84,50.75,36.56,54.84
2026-03-01,14,1,2026-03-01 10:50:00,2,第2回スピードクイーンメモリアル,5,5057,上田 紗奈,3,29,45.5,0,0,0.16,4.94,31.4,46.51,5,38.46,46.15,31.34,47.26,33.68,52.63
2026-03-01,14,1,2026-03-01 10:50:00,2,第2回スピードクイーンメモリアル,6,4117,廣中 智紗衣,1,45,46,1,0,0.2,5.61,37.5,61.54,6.72,50,72.22,37.11,57.73,32.28,48.1
2026-03-01,14,2,2026-03-01 11:17:00,2,第2回スピードクイーンメモリアル,1,5129,山口 真喜子,2,28,47.6,1,0,0.18,5.08,30.56,50,1,0,0,34.72,51.3,33.7,52.17
2026-03-01,14,2,2026-03-01 11:17:00,2,第2回スピードクイーンメモリアル,2,4473,藤堂 里香,2,38,45.5,1,0,0.17,4.87,31.88,47.83,5,33.33,44.44,36.32,56.32,35.11,54.79
2026-03-01,14,2,2026-03-01 11:17:00,2,第2回スピードクイーンメモリアル,3,4017,向井 美鈴,2,46,46,0,0,0.17,5.34,33.33,50,0,0,0,35.42,53.13,35,49.44
2026-03-01,14,2,2026-03-01 11:17:00,2,第2回スピードクイーンメモリアル,4,4050,田口 節子,1,45,47,0,0,0.14,7.02,57.84,69.61,8.67,88.89,88.89,28.98,44.89,35.98,51.85
2026-03-01,14,2,2026-03-01 11:17:00,2,第2回スピードクイーンメモリアル,5,3611,岩崎 芳美,2,53,47,0,0,0.14,5.23,31.73,49.04,5.94,37.5,59.38,42.71,60.42,33.85,47.92
2026-03-01,14,2,2026-03-01 11:17:00,2,第2回スピードクイーンメモリアル,6,4823,中村 桃佳,1,33,45.5,0,0,0.15,5.8,39.58,56.25,5.95,42.11,52.63,41.8,55.56,41.58,63.16
2026-03-01,14,3,2026-03-01 11:44:00,2,第2回スピードクイーンメモリアル,1,4123,細川 裕子,1,44,47,0,0,0.19,6.5,45.71,66.67,6.11,50,55.56,30.85,47.34,33.14,48.57
2026-03-01,14,3,2026-03-01 11:44:00,2,第2回スピードクイーンメモリアル,2,5188,武井 莉里佳,2,25,46,1,0,0.17,5.37,35.35,50.51,6.86,57.14,57.14,29.21,51.98,33.7,49.46
2026-03-01,14,3,2026-03-01 11:44:00,2,第2回スピードクイーンメモリアル,3,3435,寺田 千恵,1,56,45.5,0,0,0.16,6.28,43.01,63.44,4.22,22.22,22.22,32.97,49.45,33.33,57.38
2026-03-01,14,3,2026-03-01 11:44:00,2,第2回スピードクイーンメモリアル,4,5277,井上 未都,3,23,46,0,0,0.15,5.21,31,52,3.53,23.53,23.53,28.34,37.43,32.45,44.68
2026-03-01,14,3,2026-03-01 11:44:00,2,第2回スピードクイーンメモリアル,5,4900,中田 夕貴,2,33,47.2,1,0,0.18,5.78,41.67,56.67,4.75,30,50,28.65,44.94,37.43,54.55
2026-03-01,14,3,2026-03-01 11:44:00,2,第2回スピードクイーンメモリアル,6,4589,塩崎 桐加,2,33,48.3,1,0,0.15,4.84,32.76,41.38,6.23,38.46,61.54,35.48,55.38,35.48,47.31
2026-03-01,14,4,2026-03-01 12:13:00,2,第2回スピードクイーンメモリアル,1,4938,小芦 るり華,1,28,46.5,0,0,0.15,6.69,48.18,67.27,6.24,42.86,66.67,40,53.14,33.51,53.93
2026-03-01,14,4,2026-03-01 12:13:00,2,第2回スピードクイーンメモリアル,2,4947,間庭 菜摘,3,33,47.2,0,0,0.19,4.85,23,44,5.73,27.27,63.64,31.86,45.1,29.79,51.6
2026-03-01,14,4,2026-03-01 12:13:00,2,第2回スピードクイーンメモリアル,3,4450,平高 奈菜,2,38,46.5,1,0,0.15,6,44.79,60.42,6.33,48.15,66.67,33.82,53.92,32.95,52.84
2026-03-01,14,4,2026-03-01 12:13:00,2,第2回スピードクイーンメモリアル,4,3900,香川 素子,1,49,47,0,0,0.16,6.05,42.48,63.72,6,44.83,58.62,39.13,57.07,40.31,55.5
2026-03-01,14,4,2026-03-01 12:13:00,2,第2回スピードクイーンメモリアル,5,4738,清埜 翔子,2,34,46.5,0,0,0.16,5.57,38.76,55.81,0,0,0,37.31,52.33,40,55
2026-03-01,14,4,2026-03-01 12:13:00,2,第2回スピードクイーンメモリアル,6,4556,竹井 奈美,1,36,47,1,0,0.15,6.75,52.5,72.5,6.55,54.55,72.73,37.77,54.79,35.98,53.44
2026-03-01,14,5,2026-03-01 12:42:00,2,第2回スピードクイーンメモリアル,1,3618,海野 ゆかり,1,52,45.5,0,0,0.16,6.15,45.16,60.48,6.25,30,70,29.61,45.81,36.96,55.43
2026-03-01,14,5,2026-03-01 12:42:00,2,第2回スピードクイーンメモリアル,2,5205,刑部 亜里紗,2,28,47.8,0,0,0.19,5.66,39.47,55.26,0,0,0,40.59,51.18,44.13,60.89
2026-03-01,14,5,2026-03-01 12:42:00,2,第2回スピードクイーンメモリアル,3,4286,平田 さやか,2,41,48,0,0,0.15,5.61,35.04,54.74,5.53,40,60,31.75,49.74,37.85,51.98
2026-03-01,14,5,2026-03-01 12:42:00,2,第2回スピードクイーンメモリアル,4,4627,藤原 菜希,2,39,47,1,0,0.15,6.06,45,63.33,6,50,60,35.83,51.87,33.51,54.59
2026-03-01,14,5,2026-03-01 12:42:00,2,第2回スピードクイーンメモリアル,5,5193,米丸 乃絵,1,24,46.5,0,0,0.14,6.53,45.9,70.49,5.5,31.25,56.25,28.25,48.02,41.62,58.92
2026-03-01,14,5,2026-03-01 12:42:00,2,第2回スピードクイーンメモリアル,6,4482,守屋 美穂,1,37,45.5,1,0,0.16,6.43,44.12,59.56,8.4,75,85,31.18,47.85,31.09,48.7
2026-03-01,14,6,2026-03-01 13:11:00,2,第2回スピードクイーンメモリアル,1,3999,大瀧 明日香,1,46,45.5,0,0,0.15,5.84,40.48,58.73,7.36,54.55,90.91,33.15,54.49,29.33,47.6
2026-03-01,14,6,2026-03-01 13:11:00,2,第2回スピードクイーンメモリアル,2,4611,今井 美亜,2,35,47.4,0,0,0.14,6.35,47.79,60.18,5.38,37.5,43.75,35.12,50.73,31.4,42.44
2026-03-01,14,6,2026-03-01 13:11:00,2,第2回スピードクイーンメモリアル,3,5281,井上 遥妃,1,22,46,1,0,0.14,6.72,48.42,70.53,5.45,35,51.67,38.92,52.97,32.46,50.79
2026-03-01,14,6,2026-03-01 13:11:00,2,第2回スピードクイーンメモリアル,4,4891,寺島 美里,3,36,47,0,0,0.15,4.56,22.35,41.18,4.8,40,40,38.02,59.38,32,48.5
2026-03-01,14,6,2026-03-01 13:11:00,2,第2回スピードクイーンメモリアル,5,4936,戸敷 晃美,2,29,47.3,1,0,0.17,5.96,42.98,59.65,4.21,21.43,35.71,37.62,51.49,31.87,50.55
2026-03-01,14,6,2026-03-01 13:11:00,2,第2回スピードクイーンメモリアル,6,4519,清水 沙樹,2,39,44.5,1,0,0.15,5.46,40.63,51.04,8.3,70,80,36.73,48.47,33.15,48.07
2026-03-01,14,7,2026-03-01 13:41:00,2,第2回スピードクイーンメモリアル,1,3611,岩崎 芳美,2,53,47,0,0,0.14,5.23,31.73,49.04,5.94,37.5,59.38,42.71,60.42,33.85,47.92
2026-03-01,14,7,2026-03-01 13:41:00,2,第2回スピードクイーンメモリアル,2,4964,土屋 南,4,29,47,0,0,0.2,5.87,40.98,60.66,1,0,0,39.08,56.32,36.41,46.74
2026-03-01,14,7,2026-03-01 13:41:00,2,第2回スピードクイーンメモリアル,3,4546,浜田 亜理沙,1,37,47.2,0,0,0.16,6.36,44.44,55.56,7.89,73.68,89.47,35.48,54.3,34.22,53.48
2026-03-01,14,7,2026-03-01 13:41:00,2,第2回スピードクイーンメモリアル,4,4117,廣中 智紗衣,1,45,46,1,0,0.2,5.61,37.5,61.54,6.72,50,72.22,37.11,57.73,32.28,48.1
2026-03-01,14,7,2026-03-01 13:41:00,2,第2回スピードクイーンメモリアル,5,4208,三浦 永理,1,43,47,0,0,0.15,6.29,39.09,60.91,5.25,31.25,56.25,36.76,51.35,31.63,46.43
2026-03-01,14,7,2026-03-01 13:41:00,2,第2回スピードクイーンメモリアル,6,5174,川井 萌,4,24,45.5,1,0,0.15,7.33,55.56,66.67,4,14.29,14.29,34.18,48.98,29.41,44.12
2026-03-01,14,8,2026-03-01 14:11:00,2,第2回スピードクイーンメモリアル,1,4387,平山 智加,1,40,46,0,0,0.15,6.66,50.39,68.99,0,0,0,33.33,47.4,36.17,53.19
2026-03-01,14,8,2026-03-01 14:11:00,2,第2回スピードクイーンメモリアル,2,4746,大豆生田 蒼,2,31,47.1,1,0,0.16,5.34,31.51,53.42,4.39,22.22,38.89,34.33,50.75,29.95,44.92
2026-03-01,14,8,2026-03-01 14:11:00,2,第2回スピードクイーンメモリアル,3,5264,登 みひ果,3,26,44.5,0,0,0.16,4.92,23.66,51.61,0,0,0,32.84,50.75,36.56,54.84
2026-03-01,14,8,2026-03-01 14:11:00,2,第2回スピードクイーンメモリアル,4,4823,中村 桃佳,1,33,45.5,0,0,0.15,5.8,39.58,56.25,5.95,42.11,52.63,41.8,55.56,41.58,63.16
2026-03-01,14,8,2026-03-01 14:11:00,2,第2回スピードクイーンメモリアル,5,4938,小芦 るり華,1,28,46.5,0,0,0.15,6.69,48.18,67.27,6.24,42.86,66.67,40,53.14,33.51,53.93
2026-03-01,14,8,2026-03-01 14:11:00,2,第2回スピードクイーンメモリアル,6,4733,赤井 睦,3,36,47.2,1,0,0.15,4.83,25.61,42.68,5.2,31.67,48.33,30.81,45.41,32.11,47.37
2026-03-01,14,9,2026-03-01 14:42:00,2,第2回スピードクイーンメモリアル,1,5088,高憧 四季,1,26,45,0,0,0.16,6.96,56.67,68,6.42,42.31,65.38,29.53,49.22,37.97,54.01
2026-03-01,14,9,2026-03-01 14:42:00,2,第2回スピードクイーンメモリアル,2,4961,西橋 奈未,1,29,47.2,0,0,0.15,6.72,49.53,65.42,6.75,65,65,28.95,48.95,35.71,48.9
2026-03-01,14,9,2026-03-01 14:42:00,2,第2回スピードクイーンメモリアル,3,5163,清水 愛海,1,26,46,1,0,0.17,6.5,50.46,67.89,6,54.55,54.55,36.87,59.6,34.69,52.55
2026-03-01,14,9,2026-03-01 14:42:00,2,第2回スピードクイーンメモリアル,4,4450,平高 奈菜,2,38,46.5,1,0,0.15,6,44.79,60.42,6.33,48.15,66.67,33.82,53.92,32.95,52.84
2026-03-01,14,9,2026-03-01 14:42:00,2,第2回スピードクイーンメモリアル,5,4473,藤堂 里香,2,38,45.5,1,0,0.17,4.87,31.88,47.83,5,33.33,44.44,36.32,56.32,35.11,54.79
2026-03-01,14,9,2026-03-01 14:42:00,2,第2回スピードクイーンメモリアル,6,4825,倉持 莉々,1,32,47.8,1,0,0.12,6.16,44.3,58.23,0,0,0,31.67,50.56,30.96,46.19
2026-03-01,14,10,2026-03-01 15:15:00,2,第2回スピードクイーンメモリアル,1,3900,香川 素子,1,49,47,0,0,0.16,6.05,42.48,63.72,6,44.83,58.62,39.13,57.07,40.31,55.5
2026-03-01,14,10,2026-03-01 15:15:00,2,第2回スピードクイーンメモリアル,2,4050,田口 節子,1,45,47,0,0,0.14,7.02,57.84,69.61,8.67,88.89,88.89,28.98,44.89,35.98,51.85
2026-03-01,14,10,2026-03-01 15:15:00,2,第2回スピードクイーンメモリアル,3,4627,藤原 菜希,2,39,47,1,0,0.15,6.06,45,63.33,6,50,60,35.83,51.87,33.51,54.59
2026-03-01,14,10,2026-03-01 15:15:00,2,第2回スピードクイーンメモリアル,4,5281,井上 遥妃,1,22,46,1,0,0.14,6.72,48.42,70.53,5.45,35,51.67,38.92,52.97,32.46,50.79
2026-03-01,14,10,2026-03-01 15:15:00,2,第2回スピードクイーンメモリアル,5,4433,川野 芽唯,1,39,47,0,0,0.19,6.75,47.83,68.7,5.95,36.84,63.16,38.34,56.48,39.18,54.12
2026-03-01,14,10,2026-03-01 15:15:00,2,第2回スピードクイーンメモリアル,6,4123,細川 裕子,1,44,47,0,0,0.19,6.5,45.71,66.67,6.11,50,55.56,30.85,47.34,33.14,48.57
2026-03-01,14,11,2026-03-01 15:50:00,2,第2回スピードクイーンメモリアル,1,4738,清埜 翔子,2,34,46.5,0,0,0.16,5.57,38.76,55.81,0,0,0,37.31,52.33,40,55
2026-03-01,14,11,2026-03-01 15:50:00,2,第2回スピードクイーンメモリアル,2,4546,浜田 亜理沙,1,37,47.2,0,0,0.16,6.36,44.44,55.56,7.89,73.68,89.47,35.48,54.3,34.22,53.48
2026-03-01,14,11,2026-03-01 15:50:00,2,第2回スピードクイーンメモリアル,3,5205,刑部 亜里紗,2,28,47.8,0,0,0.19,5.66,39.47,55.26,0,0,0,40.59,51.18,44.13,60.89
2026-03-01,14,11,2026-03-01 15:50:00,2,第2回スピードクイーンメモリアル,4,5188,武井 莉里佳,2,25,46,1,0,0.17,5.37,35.35,50.51,6.86,57.14,57.14,29.21,51.98,29.28,54.7
2026-03-01,14,11,2026-03-01 15:50:00,2,第2回スピードクイーンメモリアル,5,3999,大瀧 明日香,1,46,45.5,0,0,0.15,5.84,40.48,58.73,7.36,54.55,90.91,33.15,54.49,29.33,47.6
2026-03-01,14,11,2026-03-01 15:50:00,2,第2回スピードクイーンメモリアル,6,5129,山口 真喜子,2,28,47.6,1,0,0.18,5.08,30.56,50,1,0,0,34.72,51.3,33.7,52.17
2026-03-01,14,12,2026-03-01 16:30:00,2,第2回スピードクイーンメモリアル,1,4845,前田 紗希,1,33,47,0,0,0.15,6.84,56.25,67.5,6.7,50,70,42.08,59.56,36.02,49.46
2026-03-01,14,12,2026-03-01 16:30:00,2,第2回スピードクイーンメモリアル,2,4456,鎌倉 涼,1,36,45,0,0,0.17,6.95,56.48,70.37,7.5,65,85,45,56.67,39.57,59.36
2026-03-01,14,12,2026-03-01 16:30:00,2,第2回スピードクイーンメモリアル,3,4530,小野 生奈,1,37,46.5,0,0,0.15,6.79,53.04,66.96,5.45,31.82,50,35.2,49.49,36.93,56.25
2026-03-01,14,12,2026-03-01 16:30:00,2,第2回スピードクイーンメモリアル,4,4502,遠藤 エミ,1,38,45,1,0,0.14,7.53,57.14,73.95,8.4,75,95,48.59,70.62,28.13,44.79
2026-03-01,14,12,2026-03-01 16:30:00,2,第2回スピードクイーンメモリアル,5,4590,渡邉 優美,1,33,47.6,0,0,0.16,7.09,49.55,73.87,6.09,45.45,63.64,37.7,55.74,38.17,57.53
2026-03-01,14,12,2026-03-01 16:30:00,2,第2回スピードクイーンメモリアル,6,4240,今井 裕梨,2,41,45,1,0,0.16,5.95,46.79,64.22,6.58,50,66.67,55.29,67.65,41.05,57.89
2026-03-01,18,1,2026-03-01 08:35:00,5,日本財団会長杯争奪戦,1,4684,楠原 翔太,2,35,53.1,1,0,0.14,5.54,32.91,58.23,5.29,23.53,52.94,33.66,52.97,32.91,46.84
2026-03-01,18,1,2026-03-01 08:35:00,5,日本財団会長杯争奪戦,2,5263,花田 凱成,3,27,52,0,0,0.18,4.31,20.75,39.62,3.58,0,33.33,27.04,43.37,28,41.33
2026-03-01,18,1,2026-03-01 08:35:00,5,日本財団会長杯争奪戦,3,4251,川崎 誠志,3,43,52,0,0,0.2,4.63,26.92,42.31,4.62,26.92,42.31,34.21,48.95,45,55
2026-03-01,18,1,2026-03-01 08:35:00,5,日本財団会長杯争奪戦,4,4625,渡邊 裕貴,3,39,52.3,0,0,0.16,4.28,25.88,35.29,0,0,0,38.43,53.24,36.59,47.56
2026-03-01,18,1,2026-03-01 08:35:00,5,日本財団会長杯争奪戦,5,4563,齋藤 真之,3,38,53.6,0,0,0.18,3.95,20.99,29.63,4.33,22.22,33.33,43.96,58.94,39.47,68.42
2026-03-01,18,1,2026-03-01 08:35:00,5,日本財団会長杯争奪戦,6,5393,藤原 駿,4,24,56.8,0,0,0.22,1.51,0,1.64,1,0,0,38.1,60.85,32.91,48.1
2026-03-01,18,2,2026-03-01 09:01:00,5,日本財団会長杯争奪戦,1,4451,松崎 祐太郎,1,38,52,0,0,0.16,5.98,40.94,60.63,7.2,80,80,30.81,49.19,29.49,44.87
2026-03-01,18,2,2026-03-01 09:01:00,5,日本財団会長杯争奪戦,2,4172,森定 晃史,2,43,52.2,0,0,0.15,6.05,46.51,63.57,6.11,36.84,57.89,48.53,64.22,32.93,43.9
2026-03-01,18,2,2026-03-01 09:01:00,5,日本財団会長杯争奪戦,3,5127,沼田 大都,3,29,52,1,0,0.2,4.41,20.25,41.77,0,0,0,36.92,54.36,38.75,58.75
2026-03-01,18,2,2026-03-01 09:01:00,5,日本財団会長杯争奪戦,4,3875,廣中 良一,3,49,52,0,0,0.17,3.96,24.71,31.76,4.75,28.57,42.86,29.1,45.5,36.84,48.68
2026-03-01,18,2,2026-03-01 09:01:00,5,日本財団会長杯争奪戦,5,4515,藤田 浩人,2,39,52.8,0,0,0.17,6,41.6,59.2,6.73,36.36,72.73,31.98,49.42,38.96,55.84
2026-03-01,18,2,2026-03-01 09:01:00,5,日本財団会長杯争奪戦,6,3543,福田 雅一,3,57,54.3,0,0,0.17,5.23,34.07,50.55,5.79,39.39,63.64,24.38,41.88,28.4,39.51
2026-03-01,18,3,2026-03-01 09:27:00,5,日本財団会長杯争奪戦,1,4973,栗原 直也,2,33,52.1,0,0,0.18,5.06,29.63,50,3.61,27.78,33.33,28.49,40.32,33.33,51.85
2026-03-01,18,3,2026-03-01 09:27:00,5,日本財団会長杯争奪戦,2,3741,松尾 基成,3,51,55.9,0,0,0.19,3.4,11.36,25,3.87,19.35,29.03,25.68,42.62,37.5,52.5
2026-03-01,18,3,2026-03-01 09:27:00,5,日本財団会長杯争奪戦,3,4138,中井 俊祐,3,45,51.5,0,0,0.17,4.26,21.59,36.36,6.22,44.44,55.56,36.62,54.93,27.94,44.12
2026-03-01,18,3,2026-03-01 09:27:00,5,日本財団会長杯争奪戦,4,4760,山崎 郡,1,36,52,0,0,0.14,7.35,54.36,65.1,7.78,55.56,83.33,35.26,52.11,37.18,53.85
2026-03-01,18,3,2026-03-01 09:27:00,5,日本財団会長杯争奪戦,5,4729,佐藤 謙史朗,4,37,54,0,0,0.2,3.92,16.98,24.53,0,0,0,44.57,58.15,33.73,56.63
2026-03-01,18,3,2026-03-01 09:27:00,5,日本財団会長杯争奪戦,6,5111,三村 岳人,4,26,52,0,0,0.19,4.86,33.33,46.67,5.3,30,65,50,64.43,41.03,61.54
2026-03-01,18,4,2026-03-01 09:53:00,5,日本財団会長杯争奪戦,1,3422,服部 幸男,1,55,54.8,0,0,0.15,6.27,48.25,58.77,6.82,54.55,81.82,36.65,51.31,37.18,52.56
2026-03-01,18,4,2026-03-01 09:53:00,5,日本財団会長杯争奪戦,2,4962,畑 竜生,2,29,52,1,0,0.15,6.17,40.78,66.99,3.6,10,30,27.42,47.31,30.86,48.15
2026-03-01,18,4,2026-03-01 09:53:00,5,日本財団会長杯争奪戦,3,3558,山本 浩次,3,53,52,0,0,0.14,4.65,24.24,42.42,4.42,19.23,42.31,31.28,49.23,34.62,48.72
2026-03-01,18,4,2026-03-01 09:53:00,5,日本財団会長杯争奪戦,4,4232,笠 雅雄,3,42,53.5,0,0,0.2,4.17,19.51,36.59,0,0,0,41.67,56.67,35,53.75
2026-03-01,18,4,2026-03-01 09:53:00,5,日本財団会長杯争奪戦,5,4461,安田 吉宏,3,39,57.2,0,0,0.17,4.42,18.48,40.22,4.53,17.65,41.18,37.77,54.26,33.33,43.59
2026-03-01,18,4,2026-03-01 09:53:00,5,日本財団会長杯争奪戦,6,5426,甲斐 貴大,4,23,53.9,0,0,,1.12,0,0,0,0,0,31.12,53.57,25.97,50.65
2026-03-01,18,5,2026-03-01 10:23:00,5,日本財団会長杯争奪戦,1,4905,土井 祥伍,3,31,53.6,1,0,0.18,4.27,23.29,34.25,6.33,33.33,83.33,32.16,49.25,39.02,58.54
2026-03-01,18,5,2026-03-01 10:23:00,5,日本財団会長杯争奪戦,2,3554,仲口 博崇,1,53,52.3,0,0,0.18,6.69,54,72,7.72,61.11,77.78,34.95,51.94,29.11,46.84
2026-03-01,18,5,2026-03-01 10:23:00,5,日本財団会長杯争奪戦,3,3853,岩崎 正哉,3,53,53.9,0,0,0.19,5.29,33.61,47.9,0,0,0,35.84,49.71,43.24,58.11
2026-03-01,18,5,2026-03-01 10:23:00,5,日本財団会長杯争奪戦,4,4782,浜崎 準也,3,39,52.5,0,0,0.18,4.19,23.08,36.54,5.65,38.46,50,41.08,62.7,34.94,49.4
2026-03-01,18,5,2026-03-01 10:23:00,5,日本財団会長杯争奪戦,5,4684,楠原 翔太,2,35,53.1,1,0,0.14,5.54,32.91,58.23,5.29,23.53,52.94,33.66,52.97,32.91,46.84
2026-03-01,18,5,2026-03-01 10:23:00,5,日本財団会長杯争奪戦,6,3519,冨田 秀幸,3,57,52.1,0,0,0.15,4.36,16.47,38.82,4,25,25,38.78,57.65,29.11,44.3
2026-03-01,18,6,2026-03-01 10:55:00,5,日本財団会長杯争奪戦,1,3660,長谷川 親王,3,56,57.7,1,0,0.21,3.14,6.49,20.78,2.72,5.56,11.11,32.98,49.21,34.18,49.37
2026-03-01,18,6,2026-03-01 10:55:00,5,日本財団会長杯争奪戦,2,3543,福田 雅一,3,57,54.3,0,0,0.17,5.23,34.07,50.55,5.79,39.39,63.64,24.38,41.88,28.4,39.51
2026-03-01,18,6,2026-03-01 10:55:00,5,日本財団会長杯争奪戦,3,4960,黒野 元基,1,29,51.5,0,0,0.14,7.21,61.42,74.8,0,0,0,37.5,52.5,32.5,58.75
2026-03-01,18,6,2026-03-01 10:55:00,5,日本財団会長杯争奪戦,4,5284,嘉手苅 徹哉,4,27,52.6,0,0,0.16,2.48,7.41,11.11,1.65,0,2.5,37.02,53.85,32.89,43.42
2026-03-01,18,6,2026-03-01 10:55:00,5,日本財団会長杯争奪戦,5,4625,渡邊 裕貴,3,39,52.3,0,0,0.16,4.28,25.88,35.29,0,0,0,38.43,53.24,36.59,47.56
2026-03-01,18,6,2026-03-01 10:55:00,5,日本財団会長杯争奪戦,6,4704,河野 大,2,37,52,0,0,0.14,6.39,42.96,60.74,6.31,38.46,61.54,46.07,64.92,28.75,51.25
2026-03-01,18,7,2026-03-01 11:25:00,5,日本財団会長杯争奪戦,1,4563,齋藤 真之,3,38,53.6,0,0,0.18,3.95,20.99,29.63,4.33,22.22,33.33,43.96,58.94,39.47,68.42
2026-03-01,18,7,2026-03-01 11:25:00,5,日本財団会長杯争奪戦,2,4515,藤田 浩人,2,39,52.8,0,0,0.17,6,41.6,59.2,6.73,36.36,72.73,31.98,49.42,38.96,55.84
2026-03-01,18,7,2026-03-01 11:25:00,5,日本財団会長杯争奪戦,3,3583,齋藤 智裕,3,53,57.4,0,0,0.18,3.65,17.65,26.47,3.17,16.67,16.67,22.62,41.07,37.97,51.9
2026-03-01,18,7,2026-03-01 11:25:00,5,日本財団会長杯争奪戦,4,4580,長谷川 雅和,3,36,52,0,0,0.15,5.6,38.21,56.91,3.57,14.29,28.57,32.86,51.17,42.86,53.25
2026-03-01,18,7,2026-03-01 11:25:00,5,日本財団会長杯争奪戦,5,3614,谷 勝幸,3,53,54.8,0,0,0.16,4.39,28.72,39.36,4.11,17.86,32.14,30.21,46.88,26.51,51.81
2026-03-01,18,7,2026-03-01 11:25:00,5,日本財団会長杯争奪戦,6,4475,末永 祐輝,2,38,52.9,0,0,0.15,6.65,49.56,71.68,6.63,54.9,72.55,34.2,52.85,40.51,64.56
2026-03-01,18,8,2026-03-01 11:58:00,5,日本財団会長杯争奪戦,1,4097,貫地谷 直人,3,44,56.3,0,0,0.2,3.82,12.33,31.51,0,0,0,33.17,49.27,26.58,44.3
2026-03-01,18,8,2026-03-01 11:58:00,5,日本財団会長杯争奪戦,2,4461,安田 吉宏,3,39,57.2,0,0,0.17,4.42,18.48,40.22,4.53,17.65,41.18,37.77,54.26,33.33,43.59
2026-03-01,18,8,2026-03-01 11:58:00,5,日本財団会長杯争奪戦,3,5111,三村 岳人,4,26,52,0,0,0.19,4.86,33.33,46.67,5.3,30,65,50,64.43,41.03,61.54
2026-03-01,18,8,2026-03-01 11:58:00,5,日本財団会長杯争奪戦,4,4737,竹井 貴史,2,34,52.7,0,0,0.16,7.29,59.54,76.34,6.8,51.22,70.73,43.54,60.29,29.63,41.98
2026-03-01,18,8,2026-03-01 11:58:00,5,日本財団会長杯争奪戦,5,4451,松崎 祐太郎,1,38,52,0,0,0.16,5.98,40.94,60.63,7.2,80,80,30.81,49.19,29.49,44.87
2026-03-01,18,8,2026-03-01 11:58:00,5,日本財団会長杯争奪戦,6,4251,川崎 誠志,3,43,52,0,0,0.2,4.63,26.92,42.31,4.62,26.92,42.31,34.21,48.95,45,55
2026-03-01,18,9,2026-03-01 12:31:00,5,日本財団会長杯争奪戦,1,4172,森定 晃史,2,43,52.2,0,0,0.15,6.05,46.51,63.57,6.11,36.84,57.89,48.53,64.22,32.93,43.9
2026-03-01,18,9,2026-03-01 12:31:00,5,日本財団会長杯争奪戦,2,4232,笠 雅雄,3,42,53.5,0,0,0.2,4.17,19.51,36.59,0,0,0,41.67,56.67,35,53.75
2026-03-01,18,9,2026-03-01 12:31:00,5,日本財団会長杯争奪戦,3,3284,渡邊 伸太郎,3,58,52.4,0,0,0.19,4.81,29.21,43.82,5.56,37.5,56.25,35.94,55.21,32.91,43.04
2026-03-01,18,9,2026-03-01 12:31:00,5,日本財団会長杯争奪戦,4,4299,中島 浩哉,3,43,54.7,0,0,0.14,4.42,21.79,41.03,4.27,26.67,33.33,44.04,54.4,38.46,56.41
2026-03-01,18,9,2026-03-01 12:31:00,5,日本財団会長杯争奪戦,5,5393,藤原 駿,4,24,56.8,0,0,0.22,1.51,0,1.64,1,0,0,38.1,60.85,32.91,48.1
2026-03-01,18,9,2026-03-01 12:31:00,5,日本財団会長杯争奪戦,6,3554,仲口 博崇,1,53,52.3,0,0,0.18,6.69,54,72,7.72,61.11,77.78,34.95,51.94,29.11,46.84
2026-03-01,18,10,2026-03-01 13:05:00,5,日本財団会長杯争奪戦,1,5131,江藤 敦宏,3,26,52.1,0,0,0.18,3.35,10.14,23.19,3.4,10,30,39.27,57.07,30.86,49.38
2026-03-01,18,10,2026-03-01 13:05:00,5,日本財団会長杯争奪戦,2,5284,嘉手苅 徹哉,4,27,52.6,0,0,0.16,2.48,7.41,11.11,1.65,0,2.5,37.02,53.85,32.89,43.42
2026-03-01,18,10,2026-03-01 13:05:00,5,日本財団会長杯争奪戦,3,3349,吉田 一郎,2,58,52,0,0,0.16,6.02,39.42,57.66,5.82,39.47,52.63,40.53,57.89,19.18,45.21
2026-03-01,18,10,2026-03-01 13:05:00,5,日本財団会長杯争奪戦,4,4905,土井 祥伍,3,31,53.6,1,0,0.18,4.27,23.29,34.25,6.33,33.33,83.33,32.16,49.25,39.02,58.54
2026-03-01,18,10,2026-03-01 13:05:00,5,日本財団会長杯争奪戦,5,3875,廣中 良一,3,49,52,0,0,0.17,3.96,24.71,31.76,4.75,28.57,42.86,29.1,45.5,36.84,48.68
2026-03-01,18,10,2026-03-01 13:05:00,5,日本財団会長杯争奪戦,6,4760,山崎 郡,1,36,52,0,0,0.14,7.35,54.36,65.1,7.78,55.56,83.33,35.26,52.11,37.18,53.85
2026-03-01,18,11,2026-03-01 13:37:00,5,日本財団会長杯争奪戦,1,4729,佐藤 謙史朗,4,37,54.8,0,0,0.2,3.92,16.98,24.53,0,0,0,44.57,58.15,33.73,56.63
2026-03-01,18,11,2026-03-01 13:37:00,5,日本財団会長杯争奪戦,2,4782,浜崎 準也,3,39,52.5,0,0,0.18,4.19,23.08,36.54,5.65,38.46,50,41.08,62.7,34.94,49.4
2026-03-01,18,11,2026-03-01 13:37:00,5,日本財団会長杯争奪戦,3,3663,木山 和幸,2,56,51,1,0,0.16,5.35,33.9,55.93,4.47,21.05,44.74,42.19,57.29,24.39,40.24
2026-03-01,18,11,2026-03-01 13:37:00,5,日本財団会長杯争奪戦,4,4962,畑 竜生,2,29,52,1,0,0.15,6.17,40.78,66.99,3.6,10,30,27.42,47.31,30.86,48.15
2026-03-01,18,11,2026-03-01 13:37:00,5,日本財団会長杯争奪戦,5,5263,花田 凱成,3,27,52,0,0,0.18,4.31,20.75,39.62,3.58,0,33.33,27.04,43.37,28,41.33
2026-03-01,18,11,2026-03-01 13:37:00,5,日本財団会長杯争奪戦,6,5127,沼田 大都,3,29,51.5,1,0,0.2,4.41,20.25,41.77,0,0,0,36.92,54.36,38.75,58.75
2026-03-01,18,12,2026-03-01 14:18:00,5,日本財団会長杯争奪戦,1,4960,黒野 元基,1,29,51.5,0,0,0.14,7.21,61.42,74.8,0,0,0,37.5,52.5,32.5,58.75
2026-03-01,18,12,2026-03-01 14:18:00,5,日本財団会長杯争奪戦,2,4475,末永 祐輝,2,38,52.9,0,0,0.15,6.65,49.56,71.68,6.63,54.9,72.55,34.2,52.85,40.51,64.56
2026-03-01,18,12,2026-03-01 14:18:00,5,日本財団会長杯争奪戦,3,3519,冨田 秀幸,3,57,52.1,0,0,0.15,4.36,16.47,38.82,4,25,25,38.78,57.65,29.11,44.3
2026-03-01,18,12,2026-03-01 14:18:00,5,日本財団会長杯争奪戦,4,4973,栗原 直也,2,33,52.1,0,0,0.18,5.06,29.63,50,3.61,27.78,33.33,28.49,40.32,33.33,51.85
2026-03-01,18,12,2026-03-01 14:18:00,5,日本財団会長杯争奪戦,5,3558,山本 浩次,3,53,52,0,0,0.14,4.65,24.24,42.42,4.42,19.23,42.31,31.28,49.23,34.62,48.72
2026-03-01,18,12,2026-03-01 14:18:00,5,日本財団会長杯争奪戦,6,4737,竹井 貴史,2,34,52.7,0,0,0.16,7.29,59.54,76.34,6.8,51.22,70.73,43.54,60.29,29.63,41.98
2026-03-01,19,1,2026-03-01 15:21:00,4,長府製作所杯,1,4871,菊池 宏志,3,33,52,0,0,0.17,4.28,22.06,39.71,4.65,18.52,41.98,41.86,60.93,30.46,49.75
2026-03-01,19,1,2026-03-01 15:21:00,4,長府製作所杯,2,5090,生方 靖亜,3,25,52.8,0,0,0.16,5.46,33.33,54.44,0,0,0,29.06,46.31,25.25,36.36
2026-03-01,19,1,2026-03-01 15:21:00,4,長府製作所杯,3,4821,妻鳥 晋也,3,34,55.6,0,0,0.18,5.08,34.48,50.57,5.47,29.41,52.94,37.38,53.88,31.68,46.53
2026-03-01,19,1,2026-03-01 15:21:00,4,長府製作所杯,4,3907,村越 篤,2,48,53.5,0,0,0.17,5.48,36.21,56.03,5.85,41.18,64.71,34.17,51.76,33.5,52.5
2026-03-01,19,1,2026-03-01 15:21:00,4,長府製作所杯,5,4889,後藤 盛也,3,37,52,0,0,0.15,4.82,34.78,43.48,4.89,27.78,33.33,41.55,57.49,41.12,56.85
2026-03-01,19,1,2026-03-01 15:21:00,4,長府製作所杯,6,5082,一色 凌雅,3,27,57.7,0,0,0.2,5.17,30.56,53.7,0,0,0,33.67,46.94,30.2,47.52
2026-03-01,19,2,2026-03-01 15:45:00,4,長府製作所杯,1,4204,柴田 大輔,3,43,51.5,0,0,0.2,5.26,35.16,52.75,5.2,46.67,46.67,36.57,50.46,26.67,42.56
2026-03-01,19,2,2026-03-01 15:45:00,4,長府製作所杯,2,4486,野村 誠,3,39,52.6,0,0,0.17,5.08,38.37,48.84,0,0,0,33.5,49.75,31.68,49.5
2026-03-01,19,2,2026-03-01 15:45:00,4,長府製作所杯,3,5289,佃 來紀,3,25,52.2,0,0,0.16,4.75,31.17,48.05,4.76,35.29,47.06,40.29,52.91,40.7,56.28
2026-03-01,19,2,2026-03-01 15:45:00,4,長府製作所杯,4,3955,眞田 英二,3,48,52,0,0,0.17,4.89,21.74,43.48,6.11,44.44,55.56,37.02,55.29,33.83,46.77
2026-03-01,19,2,2026-03-01 15:45:00,4,長府製作所杯,5,4226,村田 浩司,3,43,53.4,0,0,0.17,4.77,28.89,42.22,4,25.81,35.48,42.78,64.43,26.5,43
2026-03-01,19,2,2026-03-01 15:45:00,4,長府製作所杯,6,4880,澤崎 雄哉,3,30,52.5,0,0,0.17,4.73,25,46.88,5.71,28.57,57.14,33.33,46.86,30.5,45.5
2026-03-01,19,3,2026-03-01 16:11:00,4,長府製作所杯,1,5134,大原 祥昌,3,26,52.8,0,0,0.15,5.51,35.43,55.91,3.67,26.67,33.33,31.28,55.92,28.86,45.27
2026-03-01,19,3,2026-03-01 16:11:00,4,長府製作所杯,2,4979,中野 夢斗,2,29,52.3,0,0,0.16,5.32,32.22,55.56,0,0,0,34,54,33.5,47
2026-03-01,19,3,2026-03-01 16:11:00,4,長府製作所杯,3,5239,上野 俊樹,3,25,51.5,0,0,0.16,5.04,28.28,49.49,4.92,33.33,50,33.51,50.79,22.34,41.62
2026-03-01,19,3,2026-03-01 16:11:00,4,長府製作所杯,4,4260,中越 博紀,2,41,52.6,1,0,0.16,5.73,42.59,53.7,5.87,45.65,60.87,34.67,50.75,46,64
2026-03-01,19,3,2026-03-01 16:11:00,4,長府製作所杯,5,4360,庄司 孝輔,3,41,52.3,0,0,0.18,5.7,35.29,58.82,4.88,37.5,43.75,31.07,50,33,52
2026-03-01,19,3,2026-03-01 16:11:00,4,長府製作所杯,6,4350,篠崎 元志,1,39,52,0,1,0.14,7.15,48.41,61.11,6.94,38.89,55.56,31.44,51.55,36.82,50.25
2026-03-01,19,4,2026-03-01 16:38:00,4,長府製作所杯,1,5018,竹下 大樹,1,27,52.3,0,0,0.16,6.34,48,63.33,5.57,42.86,57.14,37.31,48.26,43.43,58.59
2026-03-01,19,4,2026-03-01 16:38:00,4,長府製作所杯,2,4497,桑原 悠,1,38,52.3,0,0,0.14,6.01,37.63,58.06,4.88,12.5,62.5,32.71,51.4,32.66,53.27
2026-03-01,19,4,2026-03-01 16:38:00,4,長府製作所杯,3,3771,折下 寛法,3,51,52,0,0,0.16,5.28,29.79,56.38,5.38,37.5,50,29.41,46.57,22.61,37.19
2026-03-01,19,4,2026-03-01 16:38:00,4,長府製作所杯,4,5307,富永 夏哉人,3,22,51.5,0,0,0.2,4.98,29.07,51.16,0,0,0,38.39,56.87,34.34,53.54
2026-03-01,19,4,2026-03-01 16:38:00,4,長府製作所杯,5,4463,三苫 晃幸,3,39,52.8,0,0,0.17,5.48,34.4,54.4,6,40,46.67,36.06,58.65,34.34,53.03
2026-03-01,19,4,2026-03-01 16:38:00,4,長府製作所杯,6,5121,定松 勇樹,1,24,52.4,0,0,0.14,7.54,61.27,73.94,6.77,37.14,60,37.2,52.17,31.66,55.28
2026-03-01,19,5,2026-03-01 17:06:00,4,長府製作所杯,1,4118,宇佐見 淳,1,44,52,0,0,0.14,6.5,48.48,65.91,7.19,43.75,81.25,50,68.69,25.89,43.65
2026-03-01,19,5,2026-03-01 17:06:00,4,長府製作所杯,2,3054,北川 幸典,3,63,55.1,1,0,0.16,4.5,25,46.15,4.04,13.04,34.78,30.3,48.48,35.27,52.17
2026-03-01,19,5,2026-03-01 17:06:00,4,長府製作所杯,3,4215,吉島 祥之,2,41,52.5,0,0,0.15,5.92,38.52,60,6.33,50,50,35.47,53.69,33.33,50.51
2026-03-01,19,5,2026-03-01 17:06:00,4,長府製作所杯,4,4821,妻鳥 晋也,3,34,55.6,0,0,0.18,5.08,34.48,50.57,5.47,29.41,52.94,37.38,53.88,31.68,46.53
2026-03-01,19,5,2026-03-01 17:06:00,4,長府製作所杯,5,3897,白井 英治,1,49,53.1,0,0,0.13,6.63,32,58,7.94,67.95,84.62,27.98,46.11,26.5,43.5
2026-03-01,19,5,2026-03-01 17:06:00,4,長府製作所杯,6,5210,藤井 公人,4,27,54.6,0,0,0.16,4.97,26.6,48.94,4.58,31.58,47.37,32.2,44.88,36.59,57.07
2026-03-01,19,6,2026-03-01 17:32:00,4,長府製作所杯,1,4061,萩原 秀人,1,46,52,0,0,0.13,6.73,40.91,65.15,0,0,0,36.5,53,34.34,52.53
2026-03-01,19,6,2026-03-01 17:32:00,4,長府製作所杯,2,5110,杉山 喜一,3,26,51.5,0,0,0.15,5.32,27.19,54.39,4.79,21.05,36.84,33.01,52.91,36.68,52.26
2026-03-01,19,6,2026-03-01 17:32:00,4,長府製作所杯,3,4348,宮崎 奨,2,40,53.5,0,0,0.16,5.91,36.21,60.34,6.31,38.46,76.92,32.21,45.67,38.19,54.27
2026-03-01,19,6,2026-03-01 17:32:00,4,長府製作所杯,4,5223,森清 友翔,3,24,52.4,0,0,0.17,4.56,26.92,42.31,4.76,32,48,42.06,54.21,45.5,64
2026-03-01,19,6,2026-03-01 17:32:00,4,長府製作所杯,5,5004,河野 主樹,3,29,52,0,0,0.16,5.1,28.74,48.28,5,20,50,36.62,53.99,38.19,53.27
2026-03-01,19,6,2026-03-01 17:32:00,4,長府製作所杯,6,4486,野村 誠,3,39,52.6,0,0,0.17,5.08,38.37,48.84,0,0,0,33.5,49.75,31.68,49.5
2026-03-01,19,7,2026-03-01 18:00:00,4,長府製作所杯,1,4553,坪口 竜也,2,36,52,0,0,0.14,6.31,46,68,5.4,50,50,26.63,42.39,37.93,57.64
2026-03-01,19,7,2026-03-01 18:00:00,4,長府製作所杯,2,4587,木田 峰由季,2,35,53.2,0,0,0.15,6.21,50.44,61.95,0,0,0,27.42,43.55,35.35,49.49
2026-03-01,19,7,2026-03-01 18:00:00,4,長府製作所杯,3,4435,服部 達哉,3,39,52.9,0,0,0.19,5.33,33.33,53.57,6.36,50,64.29,38.14,55.67,44.5,61
2026-03-01,19,7,2026-03-01 18:00:00,4,長府製作所杯,4,4360,庄司 孝輔,3,41,52.3,0,0,0.18,5.7,35.29,58.82,4.88,37.5,43.75,31.07,50,33,52
2026-03-01,19,7,2026-03-01 18:00:00,4,長府製作所杯,5,3955,眞田 英二,3,48,52,0,0,0.17,4.89,21.74,43.48,6.11,44.44,55.56,37.02,55.29,33.83,46.77
2026-03-01,19,7,2026-03-01 18:00:00,4,長府製作所杯,6,4719,上條 暢嵩,1,32,52,0,0,0.13,7.27,44.07,61.86,7.82,58.82,64.71,28.43,52.45,31.19,52.97
2026-03-01,19,8,2026-03-01 18:26:00,4,長府製作所杯,1,4619,伏田 裕隆,2,43,52.4,0,0,0.16,4.92,29.41,44.71,4.86,35.71,42.86,41.31,56.34,37.88,54.04
2026-03-01,19,8,2026-03-01 18:26:00,4,長府製作所杯,2,5307,富永 夏哉人,3,22,51.5,0,0,0.2,4.98,29.07,51.16,0,0,0,38.39,56.87,34.34,53.54
2026-03-01,19,8,2026-03-01 18:26:00,4,長府製作所杯,3,3907,村越 篤,2,48,53.5,0,0,0.17,5.48,36.21,56.03,5.85,41.18,64.71,34.17,51.76,33.5,52.5
2026-03-01,19,8,2026-03-01 18:26:00,4,長府製作所杯,4,3771,折下 寛法,3,51,52,0,0,0.16,5.28,29.79,56.38,5.38,37.5,50,29.41,46.57,22.61,37.19
2026-03-01,19,8,2026-03-01 18:26:00,4,長府製作所杯,5,5239,上野 俊樹,3,25,51.5,0,0,0.16,5.04,28.28,49.49,4.92,33.33,50,33.51,50.79,22.34,41.62
2026-03-01,19,8,2026-03-01 18:26:00,4,長府製作所杯,6,5090,生方 靖亜,3,25,52.8,0,0,0.16,5.46,33.33,54.44,0,0,0,29.06,46.31,25.25,36.36
2026-03-01,19,9,2026-03-01 18:59:00,4,長府製作所杯,1,5121,定松 勇樹,1,24,52.4,0,0,0.14,7.54,61.27,73.94,6.77,37.14,60,37.2,52.17,31.66,55.28
2026-03-01,19,9,2026-03-01 18:59:00,4,長府製作所杯,2,4889,後藤 盛也,3,37,52,0,0,0.15,4.82,34.78,43.48,4.89,27.78,33.33,41.55,57.49,41.12,56.85
2026-03-01,19,9,2026-03-01 18:59:00,4,長府製作所杯,3,5018,竹下 大樹,1,27,52.3,0,0,0.16,6.34,48,63.33,5.57,42.86,57.14,37.31,48.26,43.43,58.59
2026-03-01,19,9,2026-03-01 18:59:00,4,長府製作所杯,4,5289,佃 來紀,3,25,52.2,0,0,0.16,4.75,31.17,48.05,4.76,35.29,47.06,40.29,52.91,40.7,56.28
2026-03-01,19,9,2026-03-01 18:59:00,4,長府製作所杯,5,4979,中野 夢斗,2,29,52.3,0,0,0.16,5.32,32.22,55.56,0,0,0,34,54,33.5,47
2026-03-01,19,9,2026-03-01 18:59:00,4,長府製作所杯,6,4118,宇佐見 淳,1,44,52,0,0,0.14,6.5,48.48,65.91,7.19,43.75,81.25,50,68.69,25.89,43.65
2026-03-01,19,10,2026-03-01 19:38:00,4,長府製作所杯,1,4350,篠崎 元志,1,39,52,0,1,0.14,7.15,48.41,61.11,6.94,38.89,55.56,31.44,51.55,36.82,50.25
2026-03-01,19,10,2026-03-01 19:38:00,4,長府製作所杯,2,3897,白井 英治,1,49,53,0,0,0.13,6.63,32,58,7.94,67.95,84.62,27.98,46.11,26.5,43.5
2026-03-01,19,10,2026-03-01 19:38:00,4,長府製作所杯,3,5223,森清 友翔,3,24,52.7,0,0,0.17,4.56,26.92,42.31,4.76,32,48,42.06,54.21,45.5,64
2026-03-01,19,10,2026-03-01 19:38:00,4,長府製作所杯,4,4348,宮崎 奨,2,40,54,0,0,0.16,5.91,36.21,60.34,6.31,38.46,76.92,32.21,45.67,38.19,54.27
2026-03-01,19,10,2026-03-01 19:38:00,4,長府製作所杯,5,4497,桑原 悠,1,38,52,0,0,0.14,6.01,37.63,58.06,4.88,12.5,62.5,32.71,51.4,32.66,53.27
2026-03-01,19,10,2026-03-01 19:38:00,4,長府製作所杯,6,5134,大原 祥昌,3,26,53.1,0,0,0.15,5.51,35.43,55.91,3.67,26.67,33.33,31.28,55.92,28.86,45.27
2026-03-01,19,11,2026-03-01 20:07:00,4,長府製作所杯,1,4719,上條 暢嵩,1,32,52,0,0,0.13,7.27,44.07,61.86,7.82,58.82,64.71,28.43,52.45,31.19,52.97
2026-03-01,19,11,2026-03-01 20:07:00,4,長府製作所杯,2,4463,三苫 晃幸,3,39,52.8,0,0,0.17,5.48,34.4,54.4,6,40,46.67,36.06,58.65,34.34,53.03
2026-03-01,19,11,2026-03-01 20:07:00,4,長府製作所杯,3,4061,萩原 秀人,1,46,52,0,0,0.13,6.73,40.91,65.15,0,0,0,36.5,53,34.34,52.53
2026-03-01,19,11,2026-03-01 20:07:00,4,長府製作所杯,4,4553,坪口 竜也,2,36,52,0,0,0.14,6.31,46,68,5.4,50,50,26.63,42.39,37.93,57.64
2026-03-01,19,11,2026-03-01 20:07:00,4,長府製作所杯,5,3054,北川 幸典,3,63,55.1,1,0,0.16,4.5,25,46.15,4.04,13.04,34.78,30.3,48.48,35.27,52.17
2026-03-01,19,11,2026-03-01 20:07:00,4,長府製作所杯,6,4204,柴田 大輔,3,43,51.5,0,0,0.2,5.26,35.16,52.75,5.2,46.67,46.67,36.57,50.46,26.67,42.56
2026-03-01,19,12,2026-03-01 20:36:00,4,長府製作所杯,1,4260,中越 博紀,2,41,52.6,1,0,0.16,5.73,42.59,53.7,5.87,45.65,60.87,34.67,50.75,46,64
2026-03-01,19,12,2026-03-01 20:36:00,4,長府製作所杯,2,4226,村田 浩司,3,43,53.4,0,0,0.17,4.77,28.89,42.22,4,25.81,35.48,42.78,64.43,26.5,43
2026-03-01,19,12,2026-03-01 20:36:00,4,長府製作所杯,3,4587,木田 峰由季,2,35,53.2,0,0,0.15,6.21,50.44,61.95,0,0,0,27.42,43.55,35.35,49.49
2026-03-01,19,12,2026-03-01 20:36:00,4,長府製作所杯,4,5004,河野 主樹,3,29,52,0,0,0.16,5.1,28.74,48.28,5,20,50,36.62,53.99,38.19,53.27
2026-03-01,19,12,2026-03-01 20:36:00,4,長府製作所杯,5,5110,杉山 喜一,3,26,51.5,0,0,0.15,5.32,27.19,54.39,4.79,21.05,36.84,33.01,52.91,36.68,52.26
2026-03-01,19,12,2026-03-01 20:36:00,4,長府製作所杯,6,4215,吉島 祥之,2,41,52.5,0,0,0.15,5.92,38.52,60,6.33,50,50,35.47,53.69,33.33,50.51
2026-03-01,20,1,2026-03-01 17:22:00,5,ミッドナイトレース西部ボートレース記者クラブ杯,1,4346,前田 健太郎,3,40,56.1,0,0,0.17,4.65,29.63,41.98,3.76,20.69,34.48,42.31,59.62,28.22,45.4
2026-03-01,20,1,2026-03-01 17:22:00,5,ミッドナイトレース西部ボートレース記者クラブ杯,2,3949,今出 晋二,3,49,56,1,0,0.19,3.19,7.25,20.29,4.4,20,40,34.85,54.55,39.88,54.6
2026-03-01,20,1,2026-03-01 17:22:00,5,ミッドナイトレース西部ボートレース記者クラブ杯,3,5105,富田 恕生,3,27,52.2,0,0,0.18,4.94,27.14,48.57,5.24,36.59,51.22,61.54,76.92,34.57,53.09
2026-03-01,20,1,2026-03-01 17:22:00,5,ミッドナイトレース西部ボートレース記者クラブ杯,4,4876,梅木 敬太,3,31,52.9,0,0,0.18,4.66,29.89,41.38,5.13,37.5,43.75,34,50,33.99,51.63
2026-03-01,20,1,2026-03-01 17:22:00,5,ミッドナイトレース西部ボートレース記者クラブ杯,5,4203,小倉 康典,3,43,52,0,0,0.15,4.25,20.9,40.3,4.5,16.67,50,37.04,50,28.19,44.97
2026-03-01,20,1,2026-03-01 17:22:00,5,ミッドナイトレース西部ボートレース記者クラブ杯,6,3935,岩津 徹郎,3,48,55.6,0,0,0.17,5.27,30.36,55.36,6.06,50,61.11,24.53,39.62,25.97,40.91
2026-03-01,20,2,2026-03-01 17:50:00,5,ミッドナイトレース西部ボートレース記者クラブ杯,1,5027,重冨 勇哉,3,29,52.7,0,0,0.17,4.81,25.96,45.19,4.22,22.22,33.33,22.92,43.75,33.12,56.69
2026-03-01,20,2,2026-03-01 17:50:00,5,ミッドナイトレース西部ボートレース記者クラブ杯,2,4390,松本 弓雄,3,39,52.6,0,0,0.21,4.24,19.23,33.33,4,18.52,25.93,37.04,53.7,36.97,52.73
2026-03-01,20,2,2026-03-01 17:50:00,5,ミッドナイトレース西部ボートレース記者クラブ杯,3,3226,浦田 信義,3,60,52.3,1,0,0.18,5.23,35.37,51.22,4.68,32.14,46.43,38.89,59.26,38.65,53.99
2026-03-01,20,2,2026-03-01 17:50:00,5,ミッドナイトレース西部ボートレース記者クラブ杯,4,4511,中岡 健人,3,36,55.9,0,0,0.17,4.75,22.5,47.5,3.05,21.05,21.05,39.22,47.06,35.9,54.49
2026-03-01,20,2,2026-03-01 17:50:00,5,ミッドナイトレース西部ボートレース記者クラブ杯,5,5081,篠原 飛翔,2,27,53.1,0,0,0.18,6.01,39.64,63.06,5.51,31.43,62.86,32.69,63.46,30.82,50.31
2026-03-01,20,2,2026-03-01 17:50:00,5,ミッドナイトレース西部ボートレース記者クラブ杯,6,3623,深川 真二,1,51,51,0,0,0.14,7.25,60.71,76.79,6.72,48,56,26,38,44.94,67.72
2026-03-01,20,3,2026-03-01 18:14:00,5,ミッドナイトレース西部ボートレース記者クラブ杯,1,5107,松本 真広,3,27,50,0,0,0.17,5.05,38.33,46.67,3.83,16.67,33.33,45.1,56.86,33.75,48.13
2026-03-01,20,3,2026-03-01 18:14:00,5,ミッドナイトレース西部ボートレース記者クラブ杯,2,4095,福来 剛,1,44,52,0,0,0.13,7.32,57,75,0,0,0,36.67,53.33,33.95,54.32
2026-03-01,20,3,2026-03-01 18:14:00,5,ミッドナイトレース西部ボートレース記者クラブ杯,3,5106,山崎 祥,3,27,52,0,0,0.19,5.72,34.33,56.72,4.14,14.29,28.57,26.32,42.11,35.03,50.32
2026-03-01,20,3,2026-03-01 18:14:00,5,ミッドナイトレース西部ボートレース記者クラブ杯,4,4951,新田 洋一,3,32,54.4,0,0,0.14,5.18,29.17,52.78,5.19,18.75,62.5,21.05,38.6,35,45
2026-03-01,20,3,2026-03-01 18:14:00,5,ミッドナイトレース西部ボートレース記者クラブ杯,5,4607,鶴田 勇雄,2,36,53.1,0,0,0.18,5.55,33.91,57.39,6.17,36.67,66.67,33.33,54.17,30.77,51.28
2026-03-01,20,3,2026-03-01 18:14:00,5,ミッドナイトレース西部ボートレース記者クラブ杯,6,5431,得山 大輝,4,21,52,0,0,,1.31,0,0,0,0,0,26.32,55.26,32.69,51.92
2026-03-01,20,4,2026-03-01 18:38:00,5,ミッドナイトレース西部ボートレース記者クラブ杯,1,4896,花本 剛,3,34,57.8,0,0,0.19,4.45,21.95,41.46,3.78,22.22,22.22,30.19,54.72,47.1,60
2026-03-01,20,4,2026-03-01 18:38:00,5,ミッドナイトレース西部ボートレース記者クラブ杯,2,3757,畑 和宏,3,54,52.5,0,0,0.15,5.77,36.9,61.9,0,0,0,30,56.67,25.17,40.56
2026-03-01,20,4,2026-03-01 18:38:00,5,ミッドナイトレース西部ボートレース記者クラブ杯,3,3965,北中 元樹,2,46,53.4,0,0,0.17,6.56,52.04,70.41,5.13,26.67,46.67,25.58,37.21,34.97,47.24
2026-03-01,20,4,2026-03-01 18:38:00,5,ミッドナイトレース西部ボートレース記者クラブ杯,4,4329,小松 卓司,3,42,51.5,0,0,0.16,4.31,21.79,38.46,4.85,29.41,38.24,41.51,62.26,36.13,49.68
2026-03-01,20,4,2026-03-01 18:38:00,5,ミッドナイトレース西部ボートレース記者クラブ杯,5,3306,武田 正紀,3,58,54.7,0,0,0.16,4.08,15,30,4.43,28.57,42.86,20.75,35.85,22.82,36.91
2026-03-01,20,4,2026-03-01 18:38:00,5,ミッドナイトレース西部ボートレース記者クラブ杯,6,4028,田村 隆信,1,47,56.8,0,0,0.15,6.5,43.56,58.42,6.75,50,75,24.49,40.82,25.81,43.87
2026-03-01,20,5,2026-03-01 19:04:00,5,ミッドナイトレース西部ボートレース記者クラブ杯,1,4278,藤岡 俊介,1,42,50.5,0,0,0.12,6.83,50.82,68.85,0,0,0,31.48,46.3,27.39,42.04
2026-03-01,20,5,2026-03-01 19:04:00,5,ミッドナイトレース西部ボートレース記者クラブ杯,2,3777,樋口 亮,2,50,52.1,0,0,0.17,6.23,45.3,59.83,6.03,35.29,58.82,36.36,49.09,32.47,48.05
2026-03-01,20,5,2026-03-01 19:04:00,5,ミッドナイトレース西部ボートレース記者クラブ杯,3,3722,西村 秀樹,3,55,52.4,0,0,0.17,3.56,16.9,30.99,3.75,11.54,28.85,28.3,41.51,29.14,46.36
2026-03-01,20,5,2026-03-01 19:04:00,5,ミッドナイトレース西部ボートレース記者クラブ杯,4,4761,山田 晃大,2,36,52.6,0,0,0.13,5.48,37.62,53.47,5.25,25,50,34.55,50.91,29.09,44.85
2026-03-01,20,5,2026-03-01 19:04:00,5,ミッドナイトレース西部ボートレース記者クラブ杯,5,5352,西岡 蒼志,3,21,54.8,0,0,0.15,4.53,24.24,37.88,3.78,11.11,11.11,35.59,57.63,35.67,54.78
2026-03-01,20,5,2026-03-01 19:04:00,5,ミッドナイトレース西部ボートレース記者クラブ杯,6,5401,谷 海夏人,4,23,52.2,1,0,0.2,2.52,7.69,15.38,1.38,0,0,36.96,52.17,32.24,49.34
2026-03-01,20,6,2026-03-01 19:31:00,5,ミッドナイトレース西部ボートレース記者クラブ杯,1,3497,後藤 浩,3,57,52.9,0,0,0.17,5.41,35,55,4.7,35,40,35.19,53.7,24.36,42.31
2026-03-01,20,6,2026-03-01 19:31:00,5,ミッドナイトレース西部ボートレース記者クラブ杯,2,4876,梅木 敬太,3,31,52.9,0,0,0.18,4.66,29.89,41.38,5.13,37.5,43.75,34,50,33.99,51.63
2026-03-01,20,6,2026-03-01 19:31:00,5,ミッドナイトレース西部ボートレース記者クラブ杯,3,4446,和田 兼輔,1,39,52,0,0,0.13,7.18,57.38,75.41,0,0,0,29.03,46.77,38.56,54.25
2026-03-01,20,6,2026-03-01 19:31:00,5,ミッドナイトレース西部ボートレース記者クラブ杯,4,5312,川辺 郭人,3,25,53.3,0,0,0.17,3.27,13.7,20.55,2.1,4.76,9.52,17.78,33.33,27.95,46.58
2026-03-01,20,6,2026-03-01 19:31:00,5,ミッドナイトレース西部ボートレース記者クラブ杯,5,4171,榎 幸司,2,43,52.7,0,0,0.17,6.2,43.36,63.72,6.29,42.86,67.35,31.48,46.3,35.54,53.01
2026-03-01,20,6,2026-03-01 19:31:00,5,ミッドナイトレース西部ボートレース記者クラブ杯,6,4509,平見 真彦,3,37,53.7,0,0,0.18,5.88,35.42,61.46,5.95,38.1,61.9,35.09,54.39,34.55,53.33
2026-03-01,20,7,2026-03-01 19:56:00,5,ミッドナイトレース西部ボートレース記者クラブ杯,1,4991,宗行 治哉,2,28,52,0,0,0.18,6.2,42.17,63.86,5.79,41.18,64.71,16.33,46.94,16.67,32.64
2026-03-01,20,7,2026-03-01 19:56:00,5,ミッドナイトレース西部ボートレース記者クラブ杯,2,4238,毒島 誠,4,42,53.4,0,0,0.16,8.45,63.75,82.5,6.28,16.67,44.44,32.14,50,36.42,55.56
2026-03-01,20,7,2026-03-01 19:56:00,5,ミッドナイトレース西部ボートレース記者クラブ杯,3,3901,松田 憲幸,3,48,52.3,0,0,0.2,0,0,0,6.5,43.75,68.75,40.74,61.11,30.72,45.1
2026-03-01,20,7,2026-03-01 19:56:00,5,ミッドナイトレース西部ボートレース記者クラブ杯,4,4902,山川 雄大,3,32,52,1,0,0.17,5.11,35.96,53.93,4.33,33.33,33.33,23.53,43.14,40.59,54.12
2026-03-01,20,7,2026-03-01 19:56:00,5,ミッドナイトレース西部ボートレース記者クラブ杯,5,4390,松本 弓雄,3,39,52.6,0,0,0.21,4.24,19.23,33.33,4,18.52,25.93,37.04,53.7,36.97,52.73
2026-03-01,20,7,2026-03-01 19:56:00,5,ミッドナイトレース西部ボートレース記者クラブ杯,6,4469,土山 卓也,2,39,54.1,0,0,0.16,5.74,39.08,56.32,0,0,0,43.4,64.15,40.76,57.96
2026-03-01,20,8,2026-03-01 20:25:00,5,ミッドナイトレース西部ボートレース記者クラブ杯,1,4366,前沢 丈史,1,40,55.6,0,0,0.15,6.74,47.11,72.73,6.7,55,75,45.28,66.04,26.92,47.44
2026-03-01,20,8,2026-03-01 20:25:00,5,ミッドナイトレース西部ボートレース記者クラブ杯,2,4203,小倉 康典,3,43,52,0,0,0.15,4.25,20.9,40.3,4.5,16.67,50,37.04,50,28.19,44.97
2026-03-01,20,8,2026-03-01 20:25:00,5,ミッドナイトレース西部ボートレース記者クラブ杯,3,4511,中岡 健人,3,36,55.9,0,0,0.17,4.75,22.5,47.5,3.05,21.05,21.05,39.22,47.06,35.9,54.49
2026-03-01,20,8,2026-03-01 20:25:00,5,ミッドナイトレース西部ボートレース記者クラブ杯,4,4552,杉山 勝匡,3,37,52,0,0,0.15,5.42,36.56,53.76,4.91,30.43,39.13,22.22,35.56,33.53,52.1
2026-03-01,20,8,2026-03-01 20:25:00,5,ミッドナイトレース西部ボートレース記者クラブ杯,5,5106,山崎 祥,3,27,52,0,0,0.19,5.72,34.33,56.72,4.14,14.29,28.57,26.32,42.11,35.03,50.32
2026-03-01,20,8,2026-03-01 20:25:00,5,ミッドナイトレース西部ボートレース記者クラブ杯,6,4693,松下 誉士,3,41,52.6,0,0,0.2,4.1,17.72,36.71,3.67,22.22,33.33,46.15,57.69,21.92,41.78
2026-03-01,20,9,2026-03-01 20:58:00,5,ミッドナイトレース西部ボートレース記者クラブ杯,1,5039,倉田 茂将,2,27,56.7,1,0,0.15,4.77,33.33,42.11,3.77,15.38,23.08,24.14,41.38,30.12,47.59
2026-03-01,20,9,2026-03-01 20:58:00,5,ミッドナイトレース西部ボートレース記者クラブ杯,2,5098,大江 純,3,30,52.8,0,0,0.16,4.91,24.05,50.63,3.68,16,28,28,36,38.36,53.46
2026-03-01,20,9,2026-03-01 20:58:00,5,ミッドナイトレース西部ボートレース記者クラブ杯,3,4607,鶴田 勇雄,2,36,53.1,0,0,0.18,5.55,33.91,57.39,6.17,36.67,66.67,33.33,54.17,30.77,51.28
2026-03-01,20,9,2026-03-01 20:58:00,5,ミッドナイトレース西部ボートレース記者クラブ杯,4,5027,重冨 勇哉,3,29,52.7,0,0,0.17,4.81,25.96,45.19,4.22,22.22,33.33,22.92,43.75,33.12,56.69
2026-03-01,20,9,2026-03-01 20:58:00,5,ミッドナイトレース西部ボートレース記者クラブ杯,5,3949,今出 晋二,3,49,56,1,0,0.19,3.19,7.25,20.29,4.4,20,40,34.85,54.55,39.88,54.6
2026-03-01,20,9,2026-03-01 20:58:00,5,ミッドナイトレース西部ボートレース記者クラブ杯,6,4899,占部 一真,3,34,52,0,0,0.15,4.37,23.94,39.44,4.32,22.58,35.48,35.19,42.59,34.87,51.32
2026-03-01,20,10,2026-03-01 21:24:00,5,ミッドナイトレース西部ボートレース記者クラブ杯,1,4142,平野 和明,2,44,53.8,0,0,0.17,5.26,28.77,54.79,6.25,45,65,27.45,45.1,33.33,44.03
2026-03-01,20,10,2026-03-01 21:24:00,5,ミッドナイトレース西部ボートレース記者クラブ杯,2,5081,篠原 飛翔,2,27,53.1,0,0,0.18,6.01,39.64,63.06,5.51,31.43,62.86,32.69,63.46,30.82,50.31
2026-03-01,20,10,2026-03-01 21:24:00,5,ミッドナイトレース西部ボートレース記者クラブ杯,3,4951,新田 洋一,3,32,54.4,0,0,0.14,5.18,29.17,52.78,5.19,18.75,62.5,21.05,38.6,35,45
2026-03-01,20,10,2026-03-01 21:24:00,5,ミッドナイトレース西部ボートレース記者クラブ杯,4,5105,富田 恕生,3,27,52.2,0,0,0.18,4.94,27.14,48.57,5.24,36.59,51.22,61.54,76.92,34.57,53.09
2026-03-01,20,10,2026-03-01 21:24:00,5,ミッドナイトレース西部ボートレース記者クラブ杯,5,3757,畑 和宏,3,54,52.5,0,0,0.15,5.77,36.9,61.9,0,0,0,30,56.67,25.17,40.56
2026-03-01,20,10,2026-03-01 21:24:00,5,ミッドナイトレース西部ボートレース記者クラブ杯,6,3777,樋口 亮,2,50,52.1,0,0,0.17,6.23,45.3,59.83,6.03,35.29,58.82,36.36,49.09,32.47,48.05
2026-03-01,20,11,2026-03-01 21:51:00,5,ミッドナイトレース西部ボートレース記者クラブ杯,1,4171,榎 幸司,2,43,52.7,0,0,0.17,6.2,43.36,63.72,6.29,42.86,67.35,31.48,46.3,35.54,53.01
2026-03-01,20,11,2026-03-01 21:51:00,5,ミッドナイトレース西部ボートレース記者クラブ杯,2,3935,岩津 徹郎,3,48,55.6,0,0,0.17,5.27,30.36,55.36,6.06,50,61.11,24.53,39.62,25.97,40.91
2026-03-01,20,11,2026-03-01 21:51:00,5,ミッドナイトレース西部ボートレース記者クラブ杯,3,4761,山田 晃大,2,36,52.6,0,0,0.13,5.48,37.62,53.47,5.25,25,50,34.55,50.91,29.09,44.85
2026-03-01,20,11,2026-03-01 21:51:00,5,ミッドナイトレース西部ボートレース記者クラブ杯,4,3226,浦田 信義,3,60,52.3,1,0,0.18,5.23,35.37,51.22,4.68,32.14,46.43,38.89,59.26,38.65,53.99
2026-03-01,20,11,2026-03-01 21:51:00,5,ミッドナイトレース西部ボートレース記者クラブ杯,5,5107,松本 真広,3,27,50,0,0,0.17,5.05,38.33,46.67,3.83,16.67,33.33,45.1,56.86,33.75,48.13
2026-03-01,20,11,2026-03-01 21:51:00,5,ミッドナイトレース西部ボートレース記者クラブ杯,6,3965,北中 元樹,2,46,53.4,0,0,0.17,6.56,52.04,70.41,5.13,26.67,46.67,25.58,37.21,34.97,47.24
2026-03-01,20,12,2026-03-01 22:18:00,5,ミッドナイトレース西部ボートレース記者クラブ杯,1,4238,毒島 誠,4,42,52.8,0,0,0.16,8.45,63.75,82.5,6.28,16.67,44.44,32.14,50,36.42,55.56
2026-03-01,20,12,2026-03-01 22:18:00,5,ミッドナイトレース西部ボートレース記者クラブ杯,2,3623,深川 真二,1,51,51,0,0,0.14,7.25,60.71,76.79,6.72,48,56,26,38,44.94,67.72
2026-03-01,20,12,2026-03-01 22:18:00,5,ミッドナイトレース西部ボートレース記者クラブ杯,3,4028,田村 隆信,1,47,56.6,0,0,0.15,6.5,43.56,58.42,6.75,50,75,24.49,40.82,25.81,43.87
2026-03-01,20,12,2026-03-01 22:18:00,5,ミッドナイトレース西部ボートレース記者クラブ杯,4,4278,藤岡 俊介,1,42,50,0,0,0.12,6.83,50.82,68.85,0,0,0,31.48,46.3,27.39,42.04
2026-03-01,20,12,2026-03-01 22:18:00,5,ミッドナイトレース西部ボートレース記者クラブ杯,5,4095,福来 剛,1,44,52,0,0,0.13,7.32,57,75,0,0,0,36.67,53.33,33.95,54.32
2026-03-01,20,12,2026-03-01 22:18:00,5,ミッドナイトレース西部ボートレース記者クラブ杯,6,4446,和田 兼輔,1,39,52,0,0,0.13,7.18,57.38,75.41,0,0,0,29.03,46.77,38.56,54.25
2026-03-01,21,1,2026-03-01 08:47:00,5,BTS勝山開設32周年記念,1,3703,鳥飼 眞,2,52,50,0,0,0.17,5.31,32.1,51.85,5.44,37.29,52.54,36.15,54.93,34.57,52.66
2026-03-01,21,1,2026-03-01 08:47:00,5,BTS勝山開設32周年記念,2,4047,吉永 浩則,3,46,53.7,0,0,0.17,4.19,23.29,36.99,2.89,0,0,37.79,54.84,29.95,47.72
2026-03-01,21,1,2026-03-01 08:47:00,5,BTS勝山開設32周年記念,3,4641,磯村 匠,3,34,51.5,0,0,0.18,4.88,25,50,0,0,0,30.58,50.49,34.31,54.41
2026-03-01,21,1,2026-03-01 08:47:00,5,BTS勝山開設32周年記念,4,5109,川崎 智稔,3,26,52,0,0,0.14,4.77,25.64,44.87,3.56,11.11,33.33,32.11,45.41,41.94,58.06
2026-03-01,21,1,2026-03-01 08:47:00,5,BTS勝山開設32周年記念,5,4499,滝川 真由子,3,38,46.5,1,0,0.19,5.35,36.23,49.28,6.5,60,70,22.6,36.72,40.28,52.61
2026-03-01,21,1,2026-03-01 08:47:00,5,BTS勝山開設32周年記念,6,3804,中渡 修作,3,51,54,0,0,0.17,5.02,33.33,47.62,4.42,28.95,43.42,31.67,52.04,37.21,51.63
2026-03-01,21,2,2026-03-01 09:13:00,5,BTS勝山開設32周年記念,1,3482,金子 猛志,2,55,59.2,0,0,0.16,4.75,27.45,42.16,3.81,6.25,37.5,35.75,48.42,34.62,48.56
2026-03-01,21,2,2026-03-01 09:13:00,5,BTS勝山開設32周年記念,2,5335,森 陽多,3,21,47.4,0,0,0.18,2.48,9.52,15.87,2.67,11.11,11.11,40.98,61.75,32.99,53.61
2026-03-01,21,2,2026-03-01 09:13:00,5,BTS勝山開設32周年記念,3,3362,間嶋 仁志,3,56,54.9,0,0,0.19,5.84,47.67,59.3,5.44,38.89,55.56,28.95,45.79,34.13,50.96
2026-03-01,21,2,2026-03-01 09:13:00,5,BTS勝山開設32周年記念,4,3813,佐藤 大介,1,50,52.3,0,0,0.17,6.18,41.57,61.8,6.42,52.63,63.16,33.18,52.34,37.98,55.77
2026-03-01,21,2,2026-03-01 09:13:00,5,BTS勝山開設32周年記念,5,4368,山口 隆史,3,40,54.5,0,0,0.19,3.51,13.33,24,3.81,18.6,27.91,42.6,60.36,31,45
2026-03-01,21,2,2026-03-01 09:13:00,5,BTS勝山開設32周年記念,6,4374,永田 義紘,3,41,51,0,0,0.16,4.99,28.57,53.57,4.31,18.75,37.5,33.66,49.27,37.31,57.21
2026-03-01,21,3,2026-03-01 09:39:00,5,BTS勝山開設32周年記念,1,4259,真庭 明志,2,42,52,0,0,0.15,5.56,38,57,5.3,40.54,51.35,32.84,45.1,21.93,39.04
2026-03-01,21,3,2026-03-01 09:39:00,5,BTS勝山開設32周年記念,2,5274,城間 盛渚,3,24,52.2,0,1,0.19,5.03,30.85,45.74,3.5,16.67,20.83,31.82,51.52,38.07,54.31
2026-03-01,21,3,2026-03-01 09:39:00,5,BTS勝山開設32周年記念,3,4804,高田 ひかる,1,31,46,1,0,0.17,6.66,49.47,67.37,5.4,40,40,24.44,38.33,33,48.28
2026-03-01,21,3,2026-03-01 09:39:00,5,BTS勝山開設32周年記念,4,4173,岡谷 健吾,3,43,54.8,0,0,0.18,4.44,29.76,40.48,4.86,28.57,48.57,29.38,44.08,36.45,55.14
2026-03-01,21,3,2026-03-01 09:39:00,5,BTS勝山開設32周年記念,5,5054,佐々木 大河,2,30,52.8,0,0,0.14,6.24,46.88,63.54,5.95,42.11,63.16,34.76,52.38,39.6,58.91
2026-03-01,21,3,2026-03-01 09:39:00,5,BTS勝山開設32周年記念,6,5398,鐘ヶ江 真司,3,24,52.2,0,0,0.18,2.68,4.23,15.49,2.96,3.57,21.43,36.61,54.46,37.67,53.49
2026-03-01,21,4,2026-03-01 10:05:00,5,BTS勝山開設32周年記念,1,4297,山田 哲也,1,43,52,0,0,0.12,6.33,46,61,8.88,88.24,94.12,36.15,48.36,26.37,46.15
2026-03-01,21,4,2026-03-01 10:05:00,5,BTS勝山開設32周年記念,2,3892,草場 康幸,3,50,54.3,0,0,0.15,4.86,25.71,47.14,6,42.11,57.89,42.7,62.7,30.6,44.26
2026-03-01,21,4,2026-03-01 10:05:00,5,BTS勝山開設32周年記念,3,4145,小澤 学,3,44,54.9,0,0,0.25,3.87,9.21,30.26,4,8.7,30.43,44.39,61.22,28.57,42.29
2026-03-01,21,4,2026-03-01 10:05:00,5,BTS勝山開設32周年記念,4,5036,福田 翔吾,3,27,52,0,0,0.19,5.34,40.86,48.39,0,0,0,29.02,43.52,26.78,46.99
2026-03-01,21,4,2026-03-01 10:05:00,5,BTS勝山開設32周年記念,5,4952,吉武 真也,3,32,53.8,0,0,0.16,3.89,13.21,28.3,0,0,0,31.28,46.45,25.97,49.72
2026-03-01,21,4,2026-03-01 10:05:00,5,BTS勝山開設32周年記念,6,5406,小畑 楓夏,4,21,53.8,0,0,0.24,1.31,0,2.04,1.12,0,0,33.49,53.02,31.47,49.24
2026-03-01,21,5,2026-03-01 10:36:00,5,BTS勝山開設32周年記念,1,4264,長尾 章平,1,41,52.6,0,0,0.15,6.82,49.59,67.77,6.42,57.89,68.42,42.65,59.24,43.96,60.87
2026-03-01,21,5,2026-03-01 10:36:00,5,BTS勝山開設32周年記念,2,3922,菅沼 佳昭,3,50,51.5,0,0,0.19,4.34,24.42,38.37,4.94,31.25,43.75,34.63,49.76,39.81,51.39
2026-03-01,21,5,2026-03-01 10:36:00,5,BTS勝山開設32周年記念,3,5092,篠原 晟弥,2,25,52,0,0,0.12,6.17,45.1,63.73,5.03,31.58,52.63,30.94,49.78,37.88,54.55
2026-03-01,21,5,2026-03-01 10:36:00,5,BTS勝山開設32周年記念,4,4641,磯村 匠,3,34,51.5,0,0,0.18,4.88,25,50,0,0,0,30.58,50.49,34.31,54.41
2026-03-01,21,5,2026-03-01 10:36:00,5,BTS勝山開設32周年記念,5,4661,中島 昂章,3,34,52.2,0,0,0.19,5.72,34.78,65.22,0,0,0,47.85,61.29,33.17,56.44
2026-03-01,21,5,2026-03-01 10:36:00,5,BTS勝山開設32周年記念,6,4225,土屋 千明,2,43,46.5,0,0,0.17,5.89,43.06,61.11,0,0,0,34.58,54.21,30.46,48.22
2026-03-01,21,6,2026-03-01 11:07:00,5,BTS勝山開設32周年記念,1,3362,間嶋 仁志,3,56,54.9,0,0,0.19,5.84,47.67,59.3,5.44,38.89,55.56,28.95,45.79,34.13,50.96
2026-03-01,21,6,2026-03-01 11:07:00,5,BTS勝山開設32周年記念,2,5102,原田 雄次,3,28,52.3,1,0,0.18,5.03,37.08,47.19,4.76,28,44,26.09,47.28,32.14,43.37
2026-03-01,21,6,2026-03-01 11:07:00,5,BTS勝山開設32周年記念,3,4536,喜井 つかさ,2,36,47,0,0,0.17,6.51,48.04,69.61,5.27,27.27,50,34.62,53.37,37.06,58.38
2026-03-01,21,6,2026-03-01 11:07:00,5,BTS勝山開設32周年記念,4,4423,坂口 貴彦,3,36,54.6,0,0,0.17,4.51,26.19,40.48,5.45,37.93,55.17,39.25,56.07,36.92,51.79
2026-03-01,21,6,2026-03-01 11:07:00,5,BTS勝山開設32周年記念,5,4047,吉永 浩則,3,46,53.7,0,0,0.17,4.19,23.29,36.99,2.89,0,0,37.79,54.84,29.95,47.72
2026-03-01,21,6,2026-03-01 11:07:00,5,BTS勝山開設32周年記念,6,4055,吉田 俊彦,1,47,52.2,0,0,0.15,5.74,38.46,52.99,0,0,0,49.19,65.95,31.61,47.67
2026-03-01,21,7,2026-03-01 11:37:00,5,BTS勝山開設32周年記念,1,4368,山口 隆史,3,40,54.5,0,0,0.19,3.51,13.33,24,3.81,18.6,27.91,42.6,60.36,31,45
2026-03-01,21,7,2026-03-01 11:37:00,5,BTS勝山開設32周年記念,2,2538,高橋 二朗,3,76,52.2,0,0,0.21,3.79,12.9,24.19,0,0,0,35.64,55.32,40.31,59.69
2026-03-01,21,7,2026-03-01 11:37:00,5,BTS勝山開設32周年記念,3,3392,小森 信雄,3,60,52.8,0,0,0.18,4.6,25.4,42.86,4.38,0,50,43.65,59.12,32.69,46.15
2026-03-01,21,7,2026-03-01 11:37:00,5,BTS勝山開設32周年記念,4,4499,滝川 真由子,3,38,46.5,1,0,0.19,5.35,36.23,49.28,6.5,60,70,22.6,36.72,40.28,52.61
2026-03-01,21,7,2026-03-01 11:37:00,5,BTS勝山開設32周年記念,5,5398,鐘ヶ江 真司,3,24,52.2,0,0,0.18,2.68,4.23,15.49,2.96,3.57,21.43,36.61,54.46,37.67,53.49
2026-03-01,21,7,2026-03-01 11:37:00,5,BTS勝山開設32周年記念,6,4918,川島 拓郎,3,37,53,0,0,0.15,5.4,29.27,56.1,4.53,23.53,41.18,40.19,57.89,33.33,51.79
2026-03-01,21,8,2026-03-01 12:07:00,5,BTS勝山開設32周年記念,1,5109,川崎 智稔,3,26,52,0,0,0.14,4.77,25.64,44.87,3.56,11.11,33.33,32.11,45.41,41.94,58.06
2026-03-01,21,8,2026-03-01 12:07:00,5,BTS勝山開設32周年記念,2,3942,寺田 祥,1,47,54.1,0,0,0.15,6.62,43.88,62.24,6.75,37.5,50,40.23,57.47,33.83,47.26
2026-03-01,21,8,2026-03-01 12:07:00,5,BTS勝山開設32周年記念,3,5036,福田 翔吾,3,27,52,0,0,0.19,5.34,40.86,48.39,0,0,0,29.02,43.52,26.78,46.99
2026-03-01,21,8,2026-03-01 12:07:00,5,BTS勝山開設32周年記念,4,5219,森口 和紀,4,25,52.4,0,0,0.17,4.48,25.93,38.89,4.06,23.53,31.37,36.68,54.27,32.83,49.49
2026-03-01,21,8,2026-03-01 12:07:00,5,BTS勝山開設32周年記念,5,3981,今坂 晃広,3,48,53.4,0,0,0.2,4.32,18.99,36.71,4,12.5,25,33.64,50.23,36.27,48.53
2026-03-01,21,8,2026-03-01 12:07:00,5,BTS勝山開設32周年記念,6,4243,西村 歩,2,40,48,1,0,0.15,5.36,38.82,51.76,6,40.74,62.96,48.11,68.65,35.38,54.36
2026-03-01,21,9,2026-03-01 12:40:00,5,BTS勝山開設32周年記念,1,4227,安達 裕樹,2,43,52,0,0,0.15,5.81,35.96,51.69,6.43,42.86,57.14,39.08,54.6,38.14,52.09
2026-03-01,21,9,2026-03-01 12:40:00,5,BTS勝山開設32周年記念,2,4882,瀧川 千依,3,30,46.5,1,0,0.2,4.38,17.31,36.54,4.17,16.67,16.67,17.74,32.8,26.38,39.88
2026-03-01,21,9,2026-03-01 12:40:00,5,BTS勝山開設32周年記念,3,3482,金子 猛志,2,55,59.4,0,0,0.16,4.75,27.45,42.16,3.81,6.25,37.5,35.75,48.42,34.62,48.56
2026-03-01,21,9,2026-03-01 12:40:00,5,BTS勝山開設32周年記念,4,5274,城間 盛渚,3,24,52,0,1,0.19,5.03,30.85,45.74,3.5,16.67,20.83,31.82,51.52,38.07,54.31
2026-03-01,21,9,2026-03-01 12:40:00,5,BTS勝山開設32周年記念,5,4248,岡本 大,3,43,53.6,0,0,0.16,3.47,12.5,26.39,4.73,26.67,43.33,36.54,56.25,27.96,44.09
2026-03-01,21,9,2026-03-01 12:40:00,5,BTS勝山開設32周年記念,6,5092,篠原 晟弥,2,25,51.5,0,0,0.12,6.17,45.1,63.73,5.03,31.58,52.63,30.94,49.78,37.88,54.55
2026-03-01,21,10,2026-03-01 13:16:00,5,BTS勝山開設32周年記念,1,4173,岡谷 健吾,3,43,54.8,0,0,0.18,4.44,29.76,40.48,4.86,28.57,48.57,29.38,44.08,36.45,55.14
2026-03-01,21,10,2026-03-01 13:16:00,5,BTS勝山開設32周年記念,2,3703,鳥飼 眞,2,52,50,0,0,0.17,5.31,32.1,51.85,5.44,37.29,52.54,36.15,54.93,34.57,52.66
2026-03-01,21,10,2026-03-01 13:16:00,5,BTS勝山開設32周年記念,3,4766,石井 孝之,3,35,55.5,0,0,0.17,4.88,31.25,43.75,5.46,38.46,53.85,35.81,49.3,38.83,57.77
2026-03-01,21,10,2026-03-01 13:16:00,5,BTS勝山開設32周年記念,4,4661,中島 昂章,3,34,52.2,0,0,0.19,5.72,34.78,65.22,0,0,0,47.85,61.29,33.17,56.44
2026-03-01,21,10,2026-03-01 13:16:00,5,BTS勝山開設32周年記念,5,4145,小澤 学,3,44,54.9,0,0,0.25,3.87,9.21,30.26,4,8.7,30.43,44.39,61.22,28.57,42.29
2026-03-01,21,10,2026-03-01 13:16:00,5,BTS勝山開設32周年記念,6,4536,喜井 つかさ,2,36,47,0,0,0.17,6.51,48.04,69.61,5.27,27.27,50,34.62,53.37,37.06,58.38
2026-03-01,21,11,2026-03-01 13:51:00,5,BTS勝山開設32周年記念,1,4039,村上 功祐,2,47,56.5,0,0,0.15,4.86,28.24,45.88,7.33,66.67,66.67,35.84,50.44,35.15,50
2026-03-01,21,11,2026-03-01 13:51:00,5,BTS勝山開設32周年記念,2,4423,坂口 貴彦,3,36,54.6,0,0,0.17,4.51,26.19,40.48,5.45,37.93,55.17,39.25,56.07,36.92,51.79
2026-03-01,21,11,2026-03-01 13:51:00,5,BTS勝山開設32周年記念,3,4225,土屋 千明,2,43,46.5,0,0,0.17,5.89,43.06,61.11,0,0,0,34.58,54.21,30.46,48.22
2026-03-01,21,11,2026-03-01 13:51:00,5,BTS勝山開設32周年記念,4,4918,川島 拓郎,3,37,53,0,0,0.15,5.4,29.27,56.1,4.53,23.53,41.18,40.19,57.89,33.33,51.79
2026-03-01,21,11,2026-03-01 13:51:00,5,BTS勝山開設32周年記念,5,3892,草場 康幸,3,50,54.3,0,0,0.15,4.86,25.71,47.14,6,42.11,57.89,42.7,62.7,30.6,44.26
2026-03-01,21,11,2026-03-01 13:51:00,5,BTS勝山開設32周年記念,6,5054,佐々木 大河,2,30,52.8,0,0,0.14,6.24,46.88,63.54,5.95,42.11,63.16,34.76,52.38,39.6,58.91
2026-03-01,21,12,2026-03-01 14:28:00,5,BTS勝山開設32周年記念,1,3942,寺田 祥,1,47,54.1,0,0,0.15,6.62,43.88,62.24,6.75,37.5,50,40.23,57.47,33.83,47.26
2026-03-01,21,12,2026-03-01 14:28:00,5,BTS勝山開設32周年記念,2,3813,佐藤 大介,1,50,52.3,0,0,0.17,6.18,41.57,61.8,6.42,52.63,63.16,33.18,52.34,37.98,55.77
2026-03-01,21,12,2026-03-01 14:28:00,5,BTS勝山開設32周年記念,3,4055,吉田 俊彦,1,47,52.2,0,0,0.15,5.74,38.46,52.99,0,0,0,49.19,65.95,31.61,47.67
2026-03-01,21,12,2026-03-01 14:28:00,5,BTS勝山開設32周年記念,4,4264,長尾 章平,1,41,52.6,0,0,0.15,6.82,49.59,67.77,6.42,57.89,68.42,42.65,59.24,43.96,60.87
2026-03-01,21,12,2026-03-01 14:28:00,5,BTS勝山開設32周年記念,5,4297,山田 哲也,1,43,52,0,0,0.12,6.33,46,61,8.88,88.24,94.12,36.15,48.36,26.37,46.15
2026-03-01,21,12,2026-03-01 14:28:00,5,BTS勝山開設32周年記念,6,4804,高田 ひかる,1,31,46,1,0,0.17,6.66,49.47,67.37,5.4,40,40,24.44,38.33,33,48.28
2026-03-01,22,1,2026-03-01 11:03:00,5,ニッカン・コム杯,1,5055,眞鳥 章太,2,30,53.4,1,0,0.15,5.78,38.06,56.72,4.85,20.59,50,0,22.22,0,0
2026-03-01,22,1,2026-03-01 11:03:00,5,ニッカン・コム杯,2,5254,羽田 妃希,3,23,46.5,0,0,0.17,4.04,20.27,35.14,2.08,0,0,0,0,0,0
2026-03-01,22,1,2026-03-01 11:03:00,5,ニッカン・コム杯,3,4054,福嶋 智之,3,47,53.4,0,0,0.16,4.41,26.92,39.42,4,22.22,33.33,11.11,22.22,11.11,33.33
2026-03-01,22,1,2026-03-01 11:03:00,5,ニッカン・コム杯,4,5392,安武 一也,4,25,52,0,0,0.2,1.42,2.82,2.82,1.25,0,0,33.33,44.44,0,0
2026-03-01,22,1,2026-03-01 11:03:00,5,ニッカン・コム杯,5,4803,飯田 庄吾,3,32,55.2,0,0,0.19,3.79,13.04,28.26,4.44,15.79,43.86,70,90,72.73,72.73
2026-03-01,22,1,2026-03-01 11:03:00,5,ニッカン・コム杯,6,5409,宮本 琉正,4,20,55.9,0,0,0.17,1.62,0,4.11,1.28,0,0,0,0,0,0
2026-03-01,22,2,2026-03-01 11:33:00,5,ニッカン・コム杯,1,4343,村岡 賢,3,41,53.4,0,0,0.18,4.34,18.39,39.08,4.89,27.78,50,0,22.22,54.55,72.73
2026-03-01,22,2,2026-03-01 11:33:00,5,ニッカン・コム杯,2,4139,丹下 健,3,45,54.5,0,0,0.17,4.71,29,44,4.11,33.33,33.33,0,0,25,75
2026-03-01,22,2,2026-03-01 11:33:00,5,ニッカン・コム杯,3,4395,下河 雅史,3,39,54.6,0,0,0.18,4.64,25.2,43.09,5.13,26.09,52.17,0,0,0,0
2026-03-01,22,2,2026-03-01 11:33:00,5,ニッカン・コム杯,4,5375,庄島 潤成,4,22,54.9,0,0,0.22,2.47,4.05,10.81,1.44,0,0,54.55,72.73,33.33,44.44
2026-03-01,22,2,2026-03-01 11:33:00,5,ニッカン・コム杯,5,3518,倉田 郁美,3,57,49.1,0,0,0.18,4.39,24.64,37.68,3.6,10,30,0,0,70,70
2026-03-01,22,2,2026-03-01 11:33:00,5,ニッカン・コム杯,6,4811,向井田 佑紀,3,36,51,0,0,0.16,4.54,21.36,39.81,5,44.44,55.56,0,0,0,22.22
2026-03-01,22,3,2026-03-01 12:03:00,5,ニッカン・コム杯,1,4567,上村 慎太郎,3,38,52,0,0,0.22,3.8,16.67,33.33,4.16,18.42,28.95,40,50,0,0
2026-03-01,22,3,2026-03-01 12:03:00,5,ニッカン・コム杯,2,4890,石川 諒,3,37,52.4,0,0,0.13,5.62,37.14,59.05,5.29,38.1,47.62,22.22,44.44,0,0
2026-03-01,22,3,2026-03-01 12:03:00,5,ニッカン・コム杯,3,4771,下寺 秀和,1,33,53,0,0,0.15,6.67,51.28,64.96,0,0,0,40,70,20,30
2026-03-01,22,3,2026-03-01 12:03:00,5,ニッカン・コム杯,4,5249,三木 晴斗,3,23,52.3,0,0,0.16,4.96,30.1,50.49,4,10,30,0,0,0,0
2026-03-01,22,3,2026-03-01 12:03:00,5,ニッカン・コム杯,5,5086,本村 大,3,26,53.6,0,0,0.19,3.62,16.49,26.8,3.86,17.24,34.48,0,0,0,0
2026-03-01,22,3,2026-03-01 12:03:00,5,ニッカン・コム杯,6,3932,池田 浩美,3,49,51.5,0,0,0.18,4.7,31.25,42.19,5.1,30,50,0,0,40,50
2026-03-01,22,4,2026-03-01 12:33:00,5,ニッカン・コム杯,1,4981,牧山 敦也,3,29,52.4,1,0,0.17,4.83,26.67,48.89,3.8,6.67,33.33,0,0,0,0
2026-03-01,22,4,2026-03-01 12:33:00,5,ニッカン・コム杯,2,5300,横田 海人,3,23,52,0,0,0.18,2.32,6.35,9.52,2.38,0,12.5,0,0,0,0
2026-03-01,22,4,2026-03-01 12:33:00,5,ニッカン・コム杯,3,3361,岡部 浩,3,56,52,0,0,0.19,3.99,21.18,30.59,0,0,0,20,30,0,0
2026-03-01,22,4,2026-03-01 12:33:00,5,ニッカン・コム杯,4,3334,角 ひとみ,2,57,45.5,0,0,0.2,5.6,38.32,60.75,5.65,40,50,0,0,0,0
2026-03-01,22,4,2026-03-01 12:33:00,5,ニッカン・コム杯,5,5374,木山 大聖,3,22,50,0,0,0.17,2.38,4.17,11.11,2.67,11.11,11.11,0,0,0,0
2026-03-01,22,4,2026-03-01 12:33:00,5,ニッカン・コム杯,6,4477,篠崎 仁志,1,38,55,0,0,0.13,6.88,47.69,65.38,7.9,68.32,83.17,0,0,0,0
2026-03-01,22,5,2026-03-01 13:00:00,5,ニッカン・コム杯,1,3567,吉岡 誠,3,55,55.3,1,0,0.18,4.24,23.81,33.33,3.08,8.33,25,0,0,0,0
2026-03-01,22,5,2026-03-01 13:00:00,5,ニッカン・コム杯,2,5067,山田 真聖,3,27,58.3,0,0,0.14,4.86,27.78,42.22,3.13,12.5,16.67,25,25,0,0
2026-03-01,22,5,2026-03-01 13:00:00,5,ニッカン・コム杯,3,3542,清水 紀克,3,57,55.2,0,0,0.19,3.84,18.18,31.17,5.4,30,70,0,0,0,0
2026-03-01,22,5,2026-03-01 13:00:00,5,ニッカン・コム杯,4,5073,上原 健次郎,2,30,52.7,0,0,0.16,5.47,32.61,55.43,5.2,30,50,30,60,0,0
2026-03-01,22,5,2026-03-01 13:00:00,5,ニッカン・コム杯,5,5392,安武 一也,4,25,52,0,0,0.2,1.42,2.82,2.82,1.25,0,0,33.33,44.44,0,0
2026-03-01,22,5,2026-03-01 13:00:00,5,ニッカン・コム杯,6,3304,烏野 賢太,2,58,52,0,0,0.17,6.28,45.83,63.33,0,0,0,36.36,63.64,0,0
2026-03-01,22,6,2026-03-01 13:27:00,5,ニッカン・コム杯,1,3986,沖島 広和,3,47,55.1,0,0,0.18,5.02,29.76,48.81,5.25,25,53.57,33.33,44.44,30,50
2026-03-01,22,6,2026-03-01 13:27:00,5,ニッカン・コム杯,2,4400,加藤 奈月,3,37,54.6,0,0,0.19,4.2,18.07,38.55,0,0,0,0,0,0,0
2026-03-01,22,6,2026-03-01 13:27:00,5,ニッカン・コム杯,3,4430,永田 秀二,2,40,55,0,0,0.17,6.21,43.75,60.94,4.25,25,37.5,11.11,22.22,11.11,22.22
2026-03-01,22,6,2026-03-01 13:27:00,5,ニッカン・コム杯,4,5254,羽田 妃希,3,23,46.5,0,0,0.17,4.04,20.27,35.14,2.08,0,0,0,0,0,0
2026-03-01,22,6,2026-03-01 13:27:00,5,ニッカン・コム杯,5,5375,庄島 潤成,4,22,54.9,0,0,0.22,2.47,4.05,10.81,1.44,0,0,54.55,72.73,33.33,44.44
2026-03-01,22,6,2026-03-01 13:27:00,5,ニッカン・コム杯,6,5068,前田 滉,1,25,50.5,1,0,0.15,7.15,50.81,67.74,0,0,0,11.11,66.67,45.45,90.91
2026-03-01,22,7,2026-03-01 13:55:00,5,ニッカン・コム杯,1,4692,酒井 俊弘,3,42,52,0,0,0.15,5.27,37.89,50.53,3,16.67,16.67,0,0,25,25
2026-03-01,22,7,2026-03-01 13:55:00,5,ニッカン・コム杯,2,3518,倉田 郁美,3,57,49.1,0,0,0.18,4.39,24.64,37.68,3.6,10,30,0,0,70,70
2026-03-01,22,7,2026-03-01 13:55:00,5,ニッカン・コム杯,3,4817,渡邉 翼,2,34,49.5,0,0,0.13,6.04,44.12,61.76,5.91,36.36,63.64,0,0,45.45,54.55
2026-03-01,22,7,2026-03-01 13:55:00,5,ニッカン・コム杯,4,4769,馬場 剛,2,33,52,0,0,0.12,6.15,44.17,62.5,5.24,28,56,0,0,0,0
2026-03-01,22,7,2026-03-01 13:55:00,5,ニッカン・コム杯,5,4567,上村 慎太郎,3,38,52,0,0,0.22,3.8,16.67,33.33,4.16,18.42,28.95,40,50,0,0
2026-03-01,22,7,2026-03-01 13:55:00,5,ニッカン・コム杯,6,4803,飯田 庄吾,3,32,55.2,0,0,0.19,3.79,13.04,28.26,4.44,15.79,43.86,70,90,72.73,72.73
2026-03-01,22,8,2026-03-01 14:23:00,5,ニッカン・コム杯,1,4873,蒲原 健太,2,32,52.2,0,0,0.18,4.7,25.71,44.76,5.55,27.27,54.55,72.73,90.91,0,0
2026-03-01,22,8,2026-03-01 14:23:00,5,ニッカン・コム杯,2,3932,池田 浩美,3,49,51.5,0,0,0.18,4.7,31.25,42.19,5.1,30,50,0,0,40,50
2026-03-01,22,8,2026-03-01 14:23:00,5,ニッカン・コム杯,3,5308,藤森 拓海,3,21,52.8,0,0,0.19,3.78,18.29,31.71,1.88,0,0,50,70,0,0
2026-03-01,22,8,2026-03-01 14:23:00,5,ニッカン・コム杯,4,5055,眞鳥 章太,2,30,53.4,1,0,0.15,5.78,38.06,56.72,4.85,20.59,50,0,22.22,0,0
2026-03-01,22,8,2026-03-01 14:23:00,5,ニッカン・コム杯,5,4981,牧山 敦也,3,29,52.4,1,0,0.17,4.83,26.67,48.89,3.8,6.67,33.33,0,0,0,0
2026-03-01,22,8,2026-03-01 14:23:00,5,ニッカン・コム杯,6,4139,丹下 健,3,45,54.5,0,0,0.17,4.71,29,44,4.11,33.33,33.33,0,0,25,75
2026-03-01,22,9,2026-03-01 14:54:00,5,ニッカン・コム杯,1,4183,宇野 弥生,2,39,47.1,0,0,0.13,5.13,35.9,47.86,5,38.89,44.44,0,0,0,0
2026-03-01,22,9,2026-03-01 14:54:00,5,ニッカン・コム杯,2,4054,福嶋 智之,3,47,53.4,0,0,0.16,4.41,26.92,39.42,4,22.22,33.33,11.11,22.22,11.11,33.33
2026-03-01,22,9,2026-03-01 14:54:00,5,ニッカン・コム杯,3,4811,向井田 佑紀,3,36,51,0,0,0.16,4.54,21.36,39.81,5,44.44,55.56,0,0,11.11,66.67
2026-03-01,22,9,2026-03-01 14:54:00,5,ニッカン・コム杯,4,4890,石川 諒,3,37,52.4,0,0,0.13,5.62,37.14,59.05,5.29,38.1,47.62,22.22,44.44,0,0
2026-03-01,22,9,2026-03-01 14:54:00,5,ニッカン・コム杯,5,5300,横田 海人,3,23,52,0,0,0.18,2.32,6.35,9.52,2.38,0,12.5,0,0,0,0
2026-03-01,22,9,2026-03-01 14:54:00,5,ニッカン・コム杯,6,4932,新開 航,1,30,52,0,0,0.15,7.27,48.09,70.23,7.87,71.79,79.49,40,60,0,0
2026-03-01,22,10,2026-03-01 15:22:00,5,ニッカン・コム杯,1,5038,金田 智博,2,27,52,0,0,0.17,6.51,50,66.22,0,0,0,20,50,0,0
2026-03-01,22,10,2026-03-01 15:22:00,5,ニッカン・コム杯,2,4343,村岡 賢,3,41,53.4,0,0,0.18,4.34,18.39,39.08,4.89,27.78,50,0,22.22,54.55,72.73
2026-03-01,22,10,2026-03-01 15:22:00,5,ニッカン・コム杯,3,5086,本村 大,3,26,53.6,0,0,0.19,3.62,16.49,26.8,3.86,17.24,34.48,0,0,0,0
2026-03-01,22,10,2026-03-01 15:22:00,5,ニッカン・コム杯,4,4477,篠崎 仁志,1,38,55,0,0,0.13,6.88,47.69,65.38,7.9,68.32,83.17,0,0,0,0
2026-03-01,22,10,2026-03-01 15:22:00,5,ニッカン・コム杯,5,4680,後藤 美翼,3,36,46.5,0,0,0.19,5.37,30.85,55.32,5.56,22.22,22.22,0,0,0,0
2026-03-01,22,10,2026-03-01 15:22:00,5,ニッカン・コム杯,6,4430,永田 秀二,2,40,55,0,0,0.17,6.21,43.75,60.94,4.25,25,37.5,11.11,22.22,11.11,22.22
2026-03-01,22,11,2026-03-01 15:57:00,5,ニッカン・コム杯,1,4287,今井 貴士,1,41,55.7,1,0,0.17,5.72,38.93,51.91,6.74,53.85,66.67,0,0,0,0
2026-03-01,22,11,2026-03-01 15:57:00,5,ニッカン・コム杯,2,5068,前田 滉,1,25,50.5,1,0,0.15,7.15,50.81,67.74,0,0,0,11.11,66.67,45.45,90.91
2026-03-01,22,11,2026-03-01 15:57:00,5,ニッカン・コム杯,3,5073,上原 健次郎,2,30,52.7,0,0,0.16,5.47,32.61,55.43,5.2,30,50,30,60,0,0
2026-03-01,22,11,2026-03-01 15:57:00,5,ニッカン・コム杯,4,3361,岡部 浩,3,56,52,0,0,0.19,3.99,21.18,30.59,0,0,0,20,30,0,0
2026-03-01,22,11,2026-03-01 15:57:00,5,ニッカン・コム杯,5,4817,渡邉 翼,2,34,49.5,0,0,0.13,6.04,44.12,61.76,5.91,36.36,63.64,0,0,45.45,54.55
2026-03-01,22,11,2026-03-01 15:57:00,5,ニッカン・コム杯,6,4484,稲生 夏季,3,35,50,1,0,0.19,4.96,25.81,49.46,3.8,10,30,45.45,90.91,36.36,54.55
2026-03-01,22,12,2026-03-01 16:28:00,5,ニッカン・コム杯,1,4771,下寺 秀和,1,33,53,0,0,0.15,6.67,51.28,64.96,0,0,0,40,70,20,30
2026-03-01,22,12,2026-03-01 16:28:00,5,ニッカン・コム杯,2,3334,角 ひとみ,2,57,45.5,0,0,0.2,5.6,38.32,60.75,5.65,40,50,0,0,0,0
2026-03-01,22,12,2026-03-01 16:28:00,5,ニッカン・コム杯,3,3986,沖島 広和,3,47,55.1,0,0,0.18,5.02,29.76,48.81,5.25,25,53.57,33.33,44.44,30,50
2026-03-01,22,12,2026-03-01 16:28:00,5,ニッカン・コム杯,4,3304,烏野 賢太,2,58,52,0,0,0.17,6.28,45.83,63.33,0,0,0,36.36,63.64,0,0
2026-03-01,22,12,2026-03-01 16:28:00,5,ニッカン・コム杯,5,4873,蒲原 健太,2,32,52.2,0,0,0.18,4.7,25.71,44.76,5.55,27.27,54.55,72.73,90.91,0,0
2026-03-01,22,12,2026-03-01 16:28:00,5,ニッカン・コム杯,6,4769,馬場 剛,2,33,52,0,0,0.12,6.15,44.17,62.5,5.24,28,56,0,0,0,0
2026-03-01,24,1,2026-03-01 15:19:00,5,RS第4戦 スカパー!・JLC杯 オール進入固定,1,5285,若林 麗,3,26,52,0,0,0.17,3.74,16.85,30.34,0,0,0,44.37,62.68,31.54,50.34
2026-03-01,24,1,2026-03-01 15:19:00,5,RS第4戦 スカパー!・JLC杯 オール進入固定,2,5369,岡崎 凪汰,3,23,52,0,0,0.18,3.24,16.67,23.61,1.88,4.65,9.3,40.14,56.34,29.86,47.22
2026-03-01,24,1,2026-03-01 15:19:00,5,RS第4戦 スカパー!・JLC杯 オール進入固定,3,5240,高橋 龍治,3,25,53.5,0,0,0.17,5.13,34.44,50,3.57,14.29,28.57,33.57,50.35,33.77,48.34
2026-03-01,24,1,2026-03-01 15:19:00,5,RS第4戦 スカパー!・JLC杯 オール進入固定,4,5355,萩原 丈太朗,3,21,55.3,0,0,0.19,1.85,2.67,6.67,0,0,0,33.77,45.7,34.23,46.98
2026-03-01,24,1,2026-03-01 15:19:00,5,RS第4戦 スカパー!・JLC杯 オール進入固定,5,5417,小柳 勝希,4,20,51.5,0,0,0.18,2.66,6.56,14.75,1.11,0,0,30.72,49.67,29.8,45.7
2026-03-01,24,1,2026-03-01 15:19:00,5,RS第4戦 スカパー!・JLC杯 オール進入固定,6,5292,佐藤 右京,3,24,54.9,0,0,0.19,3.81,17.05,30.68,2,0,10,24.68,41.56,24.06,42.86
2026-03-01,24,2,2026-03-01 15:42:00,5,RS第4戦 スカパー!・JLC杯 オール進入固定,1,5154,村松 栄太,3,29,52.1,0,0,0.19,4.27,18.75,35.42,5.67,33.33,55.56,45.65,61.59,33.56,53.02
2026-03-01,24,2,2026-03-01 15:42:00,5,RS第4戦 スカパー!・JLC杯 オール進入固定,2,5261,岡 暢祐,3,28,52.2,0,0,0.19,4.38,20.24,36.9,3.63,17.86,28.57,23.81,42.18,35.33,50.67
2026-03-01,24,2,2026-03-01 15:42:00,5,RS第4戦 スカパー!・JLC杯 オール進入固定,3,5206,梅原 祥平,3,28,52,0,0,0.14,3.29,17.65,26.47,5.92,37.5,66.67,25.5,46.98,32.64,51.39
2026-03-01,24,2,2026-03-01 15:42:00,5,RS第4戦 スカパー!・JLC杯 オール進入固定,4,5345,牧村 俊輝,3,22,52.8,0,0,0.2,2.28,2.94,5.88,0,0,0,37.58,55.76,34.87,46.05
2026-03-01,24,2,2026-03-01 15:42:00,5,RS第4戦 スカパー!・JLC杯 オール進入固定,5,5350,網代 良芽,3,21,52.3,0,0,0.18,4.11,20.88,37.36,0,0,0,35.85,52.2,23.18,44.37
2026-03-01,24,2,2026-03-01 15:42:00,5,RS第4戦 スカパー!・JLC杯 オール進入固定,6,5276,大島 隆乃介,3,23,51.5,0,0,0.16,4.74,23.47,42.86,3.67,6.67,26.67,25.79,45.91,27.4,40.41
2026-03-01,24,3,2026-03-01 16:07:00,5,RS第4戦 スカパー!・JLC杯 オール進入固定,1,5236,小宮 涼雅,3,27,52,0,0,0.19,3.89,18.56,38.14,1.86,0,14.29,30.41,45.27,26.32,44.08
2026-03-01,24,3,2026-03-01 16:07:00,5,RS第4戦 スカパー!・JLC杯 オール進入固定,2,5136,濱野 斗馬,2,26,53.2,0,0,0.16,6.19,42.76,60.69,5.38,38.46,46.15,38.46,54.55,33.33,58.16
2026-03-01,24,3,2026-03-01 16:07:00,5,RS第4戦 スカパー!・JLC杯 オール進入固定,3,5311,小林 京平,3,27,52,0,0,0.17,5.22,30.48,52.38,2.45,0,13.64,30.2,48.99,36.13,49.68
2026-03-01,24,3,2026-03-01 16:07:00,5,RS第4戦 スカパー!・JLC杯 オール進入固定,4,5301,岩下 巧斗,3,23,52,0,0,0.16,4.4,22.99,36.78,4.25,12.5,50,36.88,51.88,34.51,48.59
2026-03-01,24,3,2026-03-01 16:07:00,5,RS第4戦 スカパー!・JLC杯 オール進入固定,5,5207,高山 敬悟,3,28,52.7,0,0,0.15,4.67,26.56,42.19,3,0,33.33,28.92,42.77,29.49,44.87
2026-03-01,24,3,2026-03-01 16:07:00,5,RS第4戦 スカパー!・JLC杯 オール進入固定,6,5209,小野 京平,4,28,55.9,0,0,0.23,3.31,6.12,22.45,2.59,4.55,22.73,27.15,40.4,33.33,47.33
2026-03-01,24,4,2026-03-01 16:35:00,5,RS第4戦 スカパー!・JLC杯 オール進入固定,1,5299,西丸 敦基,3,23,52,0,0,0.17,5.15,34.55,49.09,0,0,0,31.36,45.56,29.22,51.95
2026-03-01,24,4,2026-03-01 16:35:00,5,RS第4戦 スカパー!・JLC杯 オール進入固定,2,5114,小林 孝彰,2,26,52.8,0,0,0.16,5.28,34.97,51.05,0,0,0,39.44,57.04,28.39,43.23
2026-03-01,24,4,2026-03-01 16:35:00,5,RS第4戦 スカパー!・JLC杯 オール進入固定,3,5266,石田 勇斗,3,25,53,0,0,0.17,4.52,27.91,38.37,0,0,0,42.86,56.46,27.63,40.79
2026-03-01,24,4,2026-03-01 16:35:00,5,RS第4戦 スカパー!・JLC杯 オール進入固定,4,5089,前田 翔,1,25,52,0,0,0.16,6.96,55,75.71,6.89,55.56,77.78,25.81,52.9,30.26,46.05
2026-03-01,24,4,2026-03-01 16:35:00,5,RS第4戦 スカパー!・JLC杯 オール進入固定,5,5372,上岡 巧汰,4,23,52.2,0,0,0.17,1.92,1.61,4.84,1.42,0,0,27.63,44.74,31.85,47.13
2026-03-01,24,4,2026-03-01 16:35:00,5,RS第4戦 スカパー!・JLC杯 オール進入固定,6,5395,日高 龍之介,4,24,52.1,0,0,0.23,2.04,5.8,8.7,1.11,0,0,34.78,51.55,36.49,54.05
2026-03-01,24,5,2026-03-01 17:01:00,5,RS第4戦 スカパー!・JLC杯 オール進入固定,1,5152,丸山 祐也,3,30,50.5,0,0,0.21,4.57,25.68,36.49,3.88,16,24,29.68,47.1,30.32,47.1
2026-03-01,24,5,2026-03-01 17:01:00,5,RS第4戦 スカパー!・JLC杯 オール進入固定,2,5125,高井 雄基,2,29,52.5,1,0,0.17,5.79,39.6,54.46,5.79,42.86,64.29,22.76,38.62,35.66,57.34
2026-03-01,24,5,2026-03-01 17:01:00,5,RS第4戦 スカパー!・JLC杯 オール進入固定,3,5309,森 雄利,4,21,52.3,0,0,0.16,2.33,5.56,9.72,1.47,0,2.86,36.6,51.63,30.72,50.33
2026-03-01,24,5,2026-03-01 17:01:00,5,RS第4戦 スカパー!・JLC杯 オール進入固定,4,5212,西川 拓利,3,27,52.5,0,0,0.14,5.83,40,57,3.2,20,20,31.68,47.2,36,58.67
2026-03-01,24,5,2026-03-01 17:01:00,5,RS第4戦 スカパー!・JLC杯 オール進入固定,5,5196,鰐部 太空海,1,24,52.8,0,0,0.16,7.37,57.94,78.57,5.41,41.18,52.94,41.72,58.94,35.81,48.65
2026-03-01,24,5,2026-03-01 17:01:00,5,RS第4戦 スカパー!・JLC杯 オール進入固定,6,5190,大月 遊雅,3,25,52.5,0,0,0.18,4.79,29.17,48.61,0,0,0,33.33,50.31,34.48,51.72
2026-03-01,24,6,2026-03-01 17:27:00,5,RS第4戦 スカパー!・JLC杯 オール進入固定,1,5270,小玉 啓太,3,24,52.9,0,0,0.17,4.59,25.56,44.44,4.52,26.19,40.48,33.11,52.32,35.06,51.3
2026-03-01,24,6,2026-03-01 17:27:00,5,RS第4戦 スカパー!・JLC杯 オール進入固定,2,5139,大場 恒季,2,25,52,0,0,0.14,6.37,46.73,61.68,0,0,0,29.11,41.77,32.41,44.83
2026-03-01,24,6,2026-03-01 17:27:00,5,RS第4戦 スカパー!・JLC杯 オール進入固定,3,5336,瀬川 大地,3,20,53.9,0,0,0.19,2.59,8.93,14.29,1.27,0,0,34.67,50.67,28.1,49.02
2026-03-01,24,6,2026-03-01 17:27:00,5,RS第4戦 スカパー!・JLC杯 オール進入固定,4,5126,山下 大輝,1,29,52,1,0,0.15,6.07,45.22,60,7.28,72.22,77.78,37.5,53.95,29.61,43.42
2026-03-01,24,6,2026-03-01 17:27:00,5,RS第4戦 スカパー!・JLC杯 オール進入固定,5,5337,出畑 孝成,3,19,53.3,0,0,0.18,4.3,22.97,36.49,2.08,3.85,7.69,30.07,47.06,30.34,44.14
2026-03-01,24,6,2026-03-01 17:27:00,5,RS第4戦 スカパー!・JLC杯 オール進入固定,6,5294,豊田 祥生,3,24,50.5,0,0,0.17,3.73,14.74,26.32,2.69,6.25,12.5,26.92,41.03,35.67,58.6
2026-03-01,24,7,2026-03-01 17:55:00,5,RS第4戦 スカパー!・JLC杯 オール進入固定,1,5290,坂本 一真,3,24,51.5,0,0,0.19,3.58,14.95,27.1,1.57,0,0,39.86,66.43,29.53,45.64
2026-03-01,24,7,2026-03-01 17:55:00,5,RS第4戦 スカパー!・JLC杯 オール進入固定,2,5160,藤森 陸斗,2,27,53.1,0,0,0.15,5.36,35.96,50,4.5,31.25,43.75,22.82,42.28,35.06,57.79
2026-03-01,24,7,2026-03-01 17:55:00,5,RS第4戦 スカパー!・JLC杯 オール進入固定,3,5154,村松 栄太,3,29,52.1,0,0,0.19,4.27,18.75,35.42,5.67,33.33,55.56,45.65,61.59,33.56,53.02
2026-03-01,24,7,2026-03-01 17:55:00,5,RS第4戦 スカパー!・JLC杯 オール進入固定,4,5034,若林 義人,1,28,54.1,0,0,0.14,6.22,48.68,60.53,7.61,50,72.22,29.22,43.51,34.19,52.26
2026-03-01,24,7,2026-03-01 17:55:00,5,RS第4戦 スカパー!・JLC杯 オール進入固定,5,5388,佐野 優都,3,19,52,0,0,0.15,4.58,21.43,41.67,0,0,0,31.1,45.73,32.45,50.99
2026-03-01,24,7,2026-03-01 17:55:00,5,RS第4戦 スカパー!・JLC杯 オール進入固定,6,5417,小柳 勝希,4,20,51.5,0,0,0.18,2.66,6.56,14.75,1.11,0,0,30.72,49.67,29.8,45.7
2026-03-01,24,8,2026-03-01 18:20:00,5,RS第4戦 スカパー!・JLC杯 オール進入固定,1,5141,大澤 風葵,2,25,52,0,0,0.12,6.39,52.21,68.14,7.22,44.44,77.78,34.9,53.69,21.99,39.72
2026-03-01,24,8,2026-03-01 18:20:00,5,RS第4戦 スカパー!・JLC杯 オール進入固定,2,5286,坂井 滉哉,3,26,50.5,0,0,0.15,4.22,24.69,38.27,2.59,7.41,11.11,26.58,39.24,26.67,42.67
2026-03-01,24,8,2026-03-01 18:20:00,5,RS第4戦 スカパー!・JLC杯 オール進入固定,3,5220,青木 蓮,1,25,51,0,0,0.14,6,42.07,59.31,4.3,20,30,27.33,44.67,35.62,50
2026-03-01,24,8,2026-03-01 18:20:00,5,RS第4戦 スカパー!・JLC杯 オール進入固定,4,5206,梅原 祥平,3,28,52,0,0,0.14,3.29,17.65,26.47,5.92,37.5,66.67,25.5,46.98,32.64,51.39
2026-03-01,24,8,2026-03-01 18:20:00,5,RS第4戦 スカパー!・JLC杯 オール進入固定,5,5240,高橋 龍治,3,25,53.5,0,0,0.17,5.13,34.44,50,3.57,14.29,28.57,33.57,50.35,33.77,48.34
2026-03-01,24,8,2026-03-01 18:20:00,5,RS第4戦 スカパー!・JLC杯 オール進入固定,6,5207,高山 敬悟,3,28,52.7,0,0,0.15,4.67,26.56,42.19,3,0,33.33,28.92,42.77,29.49,44.87
2026-03-01,24,9,2026-03-01 18:52:00,5,RS第4戦 スカパー!・JLC杯 オール進入固定,1,5278,田中 駿兵,1,23,52,0,0,0.14,6.88,54.33,72.44,5.71,28.57,57.14,39.24,56.96,34.78,55.8
2026-03-01,24,9,2026-03-01 18:52:00,5,RS第4戦 スカパー!・JLC杯 オール進入固定,2,5266,石田 勇斗,3,25,53,0,0,0.17,4.52,27.91,38.37,0,0,0,42.86,56.46,27.63,40.79
2026-03-01,24,9,2026-03-01 18:52:00,5,RS第4戦 スカパー!・JLC杯 オール進入固定,3,5350,網代 良芽,3,21,52.3,0,0,0.18,4.11,20.88,37.36,0,0,0,35.85,52.2,23.18,44.37
2026-03-01,24,9,2026-03-01 18:52:00,5,RS第4戦 スカパー!・JLC杯 オール進入固定,4,5236,小宮 涼雅,3,27,52,0,0,0.19,3.89,18.56,38.14,1.86,0,14.29,30.41,45.27,26.32,44.08
2026-03-01,24,9,2026-03-01 18:52:00,5,RS第4戦 スカパー!・JLC杯 オール進入固定,5,5356,長谷川 暖,3,21,51,1,0,0.14,4.95,34.09,51.14,0,0,0,34.78,48.45,29.94,45.86
2026-03-01,24,9,2026-03-01 18:52:00,5,RS第4戦 スカパー!・JLC杯 オール進入固定,6,5125,高井 雄基,2,29,52.5,1,0,0.17,5.79,39.6,54.46,5.79,42.86,64.29,22.76,38.62,35.66,57.34
2026-03-01,24,10,2026-03-01 19:25:00,5,RS第4戦 スカパー!・JLC杯 オール進入固定,1,5089,前田 翔,1,25,52,0,0,0.16,6.96,55,75.71,6.89,55.56,77.78,25.81,52.9,30.26,46.05
2026-03-01,24,10,2026-03-01 19:25:00,5,RS第4戦 スカパー!・JLC杯 オール進入固定,2,5158,宮脇 遼太,2,28,52.7,0,0,0.17,6.38,45.31,61.72,6,50,50,26.58,46.84,24.84,40.52
2026-03-01,24,10,2026-03-01 19:25:00,5,RS第4戦 スカパー!・JLC杯 オール進入固定,3,5285,若林 麗,3,26,52,0,0,0.17,3.74,16.85,30.34,0,0,0,44.37,62.68,31.54,50.34
2026-03-01,24,10,2026-03-01 19:25:00,5,RS第4戦 スカパー!・JLC杯 オール進入固定,4,5136,濱野 斗馬,2,26,53.2,0,0,0.16,6.19,42.76,60.69,5.38,38.46,46.15,38.46,54.55,33.33,58.16
2026-03-01,24,10,2026-03-01 19:25:00,5,RS第4戦 スカパー!・JLC杯 オール進入固定,5,5276,大島 隆乃介,3,23,51.5,0,0,0.16,4.74,23.47,42.86,3.67,6.67,26.67,25.79,45.91,27.4,40.41
2026-03-01,24,10,2026-03-01 19:25:00,5,RS第4戦 スカパー!・JLC杯 オール進入固定,6,5212,西川 拓利,3,27,52.5,0,0,0.14,5.83,40,57,3.2,20,20,31.68,47.2,36,58.67
2026-03-01,24,11,2026-03-01 20:01:00,5,RS第4戦 スカパー!・JLC杯 オール進入固定,1,5034,若林 義人,1,28,54.1,0,0,0.14,6.22,48.68,60.53,7.61,50,72.22,29.22,43.51,34.19,52.26
2026-03-01,24,11,2026-03-01 20:01:00,5,RS第4戦 スカパー!・JLC杯 オール進入固定,2,5355,萩原 丈太朗,3,21,55.3,0,0,0.19,1.85,2.67,6.67,0,0,0,33.77,45.7,34.23,46.98
2026-03-01,24,11,2026-03-01 20:01:00,5,RS第4戦 スカパー!・JLC杯 オール進入固定,3,5152,丸山 祐也,3,30,50.5,0,0,0.21,4.57,25.68,36.49,3.88,16,24,29.68,47.1,36.67,50
2026-03-01,24,11,2026-03-01 20:01:00,5,RS第4戦 スカパー!・JLC杯 オール進入固定,4,5139,大場 恒季,2,25,52,0,0,0.14,6.37,46.73,61.68,0,0,0,29.11,41.77,32.41,44.83
2026-03-01,24,11,2026-03-01 20:01:00,5,RS第4戦 スカパー!・JLC杯 オール進入固定,5,5261,岡 暢祐,3,28,52.2,0,0,0.19,4.38,20.24,36.9,3.63,17.86,28.57,23.81,42.18,35.33,50.67
2026-03-01,24,11,2026-03-01 20:01:00,5,RS第4戦 スカパー!・JLC杯 オール進入固定,6,5114,小林 孝彰,2,26,52.8,0,0,0.16,5.28,34.97,51.05,0,0,0,39.44,57.04,28.39,43.23
2026-03-01,24,12,2026-03-01 20:31:00,5,RS第4戦 スカパー!・JLC杯 オール進入固定,1,5160,藤森 陸斗,2,27,53.5,0,0,0.15,5.36,35.96,50,4.5,31.25,43.75,22.82,42.28,35.06,57.79
2026-03-01,24,12,2026-03-01 20:31:00,5,RS第4戦 スカパー!・JLC杯 オール進入固定,2,5336,瀬川 大地,3,20,53.9,0,0,0.19,2.59,8.93,14.29,1.27,0,0,34.67,50.67,36.84,54.61
2026-03-01,24,12,2026-03-01 20:31:00,5,RS第4戦 スカパー!・JLC杯 オール進入固定,3,5209,小野 京平,4,28,56.1,0,0,0.23,3.31,6.12,22.45,2.59,4.55,22.73,27.15,40.4,33.33,47.33
2026-03-01,24,12,2026-03-01 20:31:00,5,RS第4戦 スカパー!・JLC杯 オール進入固定,4,5196,鰐部 太空海,1,24,53,0,0,0.16,7.37,57.94,78.57,5.41,41.18,52.94,41.72,58.94,35.81,48.65
2026-03-01,24,12,2026-03-01 20:31:00,5,RS第4戦 スカパー!・JLC杯 オール進入固定,5,5345,牧村 俊輝,3,22,53.2,0,0,0.2,2.28,2.94,5.88,0,0,0,37.58,55.76,34.87,46.05
2026-03-01,24,12,2026-03-01 20:31:00,5,RS第4戦 スカパー!・JLC杯 オール進入固定,6,5372,上岡 巧汰,4,23,52,0,0,0.17,1.92,1.61,4.84,1.42,0,0,27.63,44.74,31.85,47.13
