race_date,stadium_number,race_number,race_closed_at,race_grade_number,race_title,boat_number,racer_number,racer_name,racer_class_number,racer_age,racer_weight,racer_flying_count,racer_late_count,racer_average_start_timing,racer_national_top_1_percent,racer_national_top_2_percent,racer_national_top_3_percent,racer_local_top_1_percent,racer_local_top_2_percent,racer_local_top_3_percent,racer_assigned_motor_top_2_percent,racer_assigned_motor_top_3_percent,racer_assigned_boat_top_2_percent,racer_assigned_boat_top_3_percent
2026-05-17,2,1,2026-05-17 10:47:00,5,第42回日本モーターボート選手会カップ,1,3392,小森 信雄,3,60,51.5,0,0,0.18,4.41,19.54,36.78,4.32,16,44,37.36,58.24,34.57,51.85
2026-05-17,2,1,2026-05-17 10:47:00,5,第42回日本モーターボート選手会カップ,2,4181,花本 夏樹,3,42,53.5,0,0,0.19,3.99,18.06,34.72,3.92,15.38,34.62,26.8,39.22,34.57,54.32
2026-05-17,2,1,2026-05-17 10:47:00,5,第42回日本モーターボート選手会カップ,3,3564,桑原 啓,3,56,52.7,0,0,0.18,4.25,24.3,40.19,5.42,39.39,48.48,28.93,50.94,19.59,35.14
2026-05-17,2,1,2026-05-17 10:47:00,5,第42回日本モーターボート選手会カップ,4,4035,杉江 浩明,3,47,51.5,0,0,0.2,4.05,24.07,33.33,3.55,22.58,29.03,37.08,50,26.62,37.66
2026-05-17,2,1,2026-05-17 10:47:00,5,第42回日本モーターボート選手会カップ,5,3776,横井 健太,3,50,56.4,0,0,0.17,3.57,13.33,18.67,2.87,0,6.67,28.4,43.21,33.54,50.93
2026-05-17,2,1,2026-05-17 10:47:00,5,第42回日本モーターボート選手会カップ,6,5371,早川 颯太,4,23,51.5,0,0,0.21,1.7,2.86,2.86,1.83,0,16.67,34.86,52.57,24.53,42.14
2026-05-17,2,2,2026-05-17 11:16:00,5,第42回日本モーターボート選手会カップ,1,5144,中尾 彩香,3,24,47.1,0,0,0.17,5.24,36.63,53.47,0,0,0,30.3,49.7,42.07,54.88
2026-05-17,2,2,2026-05-17 11:16:00,5,第42回日本モーターボート選手会カップ,2,4875,大塚 康雅,3,31,51,0,0,0.18,5.11,28.89,47.78,4.13,12.5,37.5,29.76,47.62,46.45,67.74
2026-05-17,2,2,2026-05-17 11:16:00,5,第42回日本モーターボート選手会カップ,3,4059,入澤 友治,2,47,52.2,1,0,0.15,4.92,33.33,47.86,4.93,33.33,40,28.29,46.71,31.29,49.69
2026-05-17,2,2,2026-05-17 11:16:00,5,第42回日本モーターボート選手会カップ,4,3422,服部 幸男,1,55,54.5,0,0,0.15,6.09,44.14,56.76,5.94,52.94,58.82,26.92,45.51,28.48,48.73
2026-05-17,2,2,2026-05-17 11:16:00,5,第42回日本モーターボート選手会カップ,5,5399,長野 未来,4,24,44.5,0,0,0.23,1.74,0,7.69,1,0,0,37.74,55.35,31.41,48.72
2026-05-17,2,2,2026-05-17 11:16:00,5,第42回日本モーターボート選手会カップ,6,5066,鈴木 孝明,2,27,52,0,0,0.17,6.66,51.3,69.57,5.28,34.48,55.17,34.81,48.07,41.57,54.82
2026-05-17,2,3,2026-05-17 11:45:00,5,第42回日本モーターボート選手会カップ,1,4892,柴田 直哉,3,35,52.7,0,0,0.18,5.13,34.52,47.62,5.14,28.57,57.14,39.78,55.38,31.33,50.6
2026-05-17,2,3,2026-05-17 11:45:00,5,第42回日本モーターボート選手会カップ,2,4050,田口 節子,1,45,46.5,0,0,0.14,6.78,47.71,67.89,6.74,42.11,57.89,21.9,40.15,34.15,47.56
2026-05-17,2,3,2026-05-17 11:45:00,5,第42回日本モーターボート選手会カップ,3,4047,吉永 浩則,3,46,53.5,1,0,0.17,4.03,21.35,35.96,0,0,0,35.98,59.26,32.12,47.88
2026-05-17,2,3,2026-05-17 11:45:00,5,第42回日本モーターボート選手会カップ,4,3602,奥平 拓也,3,56,52.2,0,0,0.18,4.05,12.5,40.63,4.25,15,40,45.3,56.35,33.33,50
2026-05-17,2,3,2026-05-17 11:45:00,5,第42回日本モーターボート選手会カップ,5,3679,飯島 昌弘,1,53,52,0,0,0.14,6.16,41.28,63.3,6.45,46.48,67.61,33.89,52.22,28.75,48.75
2026-05-17,2,3,2026-05-17 11:45:00,5,第42回日本モーターボート選手会カップ,6,4403,木下 大將,2,41,52.6,0,0,0.16,6.06,45.1,60.78,7.4,70,90,30.82,50.31,39.02,57.93
2026-05-17,2,4,2026-05-17 12:14:00,5,第42回日本モーターボート選手会カップ,1,4692,酒井 俊弘,3,42,52.9,1,0,0.15,5.2,37.86,48.54,0,0,0,32.45,47.68,32.14,46.43
2026-05-17,2,4,2026-05-17 12:14:00,5,第42回日本モーターボート選手会カップ,2,4823,中村 桃佳,1,33,45.5,0,0,0.15,6.5,47.83,65.22,0,0,0,38.1,57.74,41.32,58.68
2026-05-17,2,4,2026-05-17 12:14:00,5,第42回日本モーターボート選手会カップ,3,4960,黒野 元基,1,29,51.5,0,0,0.14,7.66,67.92,77.36,6.43,42.86,61.9,40.66,53.3,35.71,53.9
2026-05-17,2,4,2026-05-17 12:14:00,5,第42回日本モーターボート選手会カップ,4,4175,川尻 泰輔,3,43,55.4,0,0,0.17,6.12,46.53,64.36,5.58,33.8,59.15,26.62,44.81,36.31,54.17
2026-05-17,2,4,2026-05-17 12:14:00,5,第42回日本モーターボート選手会カップ,5,3704,本部 めぐみ,3,52,46,0,0,0.22,3.51,12.7,25.4,3.67,22.22,22.22,30.72,47.06,31.98,45.35
2026-05-17,2,4,2026-05-17 12:14:00,5,第42回日本モーターボート選手会カップ,6,5405,竹内 来,4,21,52,0,0,0.19,2.21,2.78,9.72,2,0,16.67,35.33,50,25.52,37.93
2026-05-17,2,5,2026-05-17 12:44:00,5,第42回日本モーターボート選手会カップ,1,4214,林 祐介,2,41,55.3,0,0,0.17,5.41,36,55,4.69,23.08,23.08,28.66,47.13,35.98,59.15
2026-05-17,2,5,2026-05-17 12:44:00,5,第42回日本モーターボート選手会カップ,2,4863,三浦 裕貴,3,37,54,0,0,0.15,4.97,24.05,53.16,4.8,24,52,29.14,42.29,36.75,53.01
2026-05-17,2,5,2026-05-17 12:44:00,5,第42回日本モーターボート選手会カップ,3,3685,荒井 輝年,3,52,54.1,0,0,0.16,5.56,38.24,52.94,4.78,33.33,44.44,43.62,57.45,34.76,51.22
2026-05-17,2,5,2026-05-17 12:44:00,5,第42回日本モーターボート選手会カップ,4,4090,中村 尊,1,45,54.8,0,0,0.13,5.4,35.82,53.73,5.53,37.63,53.76,38.37,53.49,38.46,60.95
2026-05-17,2,5,2026-05-17 12:44:00,5,第42回日本モーターボート選手会カップ,5,5371,早川 颯太,4,23,51.5,0,0,0.21,1.7,2.86,2.86,1.83,0,16.67,34.86,52.57,24.53,42.14
2026-05-17,2,5,2026-05-17 12:44:00,5,第42回日本モーターボート選手会カップ,6,3831,安藤 裕貴,3,51,52.5,0,0,0.15,4.52,31.25,41.67,3.6,6.67,20,31.48,48.77,26.88,46.25
2026-05-17,2,6,2026-05-17 13:14:00,5,第42回日本モーターボート選手会カップ,1,3776,横井 健太,3,50,56.4,0,0,0.17,3.57,13.33,18.67,2.87,0,6.67,28.4,43.21,33.54,50.93
2026-05-17,2,6,2026-05-17 13:14:00,5,第42回日本モーターボート選手会カップ,2,3811,石田 章央,2,50,52.5,0,0,0.15,6.24,50.42,62.18,6.78,56.52,69.57,45.45,64.14,27.56,46.15
2026-05-17,2,6,2026-05-17 13:14:00,5,第42回日本モーターボート選手会カップ,3,4787,椎名 豊,1,37,52.2,0,0,0.13,6.78,52.94,68.63,6.41,25.93,51.85,40.11,54.8,33.95,48.15
2026-05-17,2,6,2026-05-17 13:14:00,5,第42回日本モーターボート選手会カップ,4,5399,長野 未来,4,24,44.5,0,0,0.23,1.74,0,7.69,1,0,0,37.74,55.35,31.41,48.72
2026-05-17,2,6,2026-05-17 13:14:00,5,第42回日本モーターボート選手会カップ,5,4761,山田 晃大,2,36,52.7,0,0,0.13,5.62,37.6,54.4,6,40,60,39.89,57.38,37.06,50
2026-05-17,2,6,2026-05-17 13:14:00,5,第42回日本モーターボート選手会カップ,6,4909,薮内 瑞希,3,30,44.5,1,0,0.15,5.46,36.96,50,5.71,23.53,52.94,31.82,46.59,40.61,58.18
2026-05-17,2,7,2026-05-17 13:45:00,5,第42回日本モーターボート選手会カップ,1,3679,飯島 昌弘,1,53,52,0,0,0.14,6.16,41.28,63.3,6.45,46.48,67.61,33.89,52.22,28.75,48.75
2026-05-17,2,7,2026-05-17 13:45:00,5,第42回日本モーターボート選手会カップ,2,4803,飯田 庄吾,3,32,55.3,0,0,0.19,3.81,15.48,27.38,3.75,25,25,40.1,60.91,32.54,47.93
2026-05-17,2,7,2026-05-17 13:45:00,5,第42回日本モーターボート選手会カップ,3,4103,山崎 善庸,3,46,52.5,0,0,0.23,3.85,18.67,29.33,4.36,18,36,36.84,56.58,36.6,55.56
2026-05-17,2,7,2026-05-17 13:45:00,5,第42回日本モーターボート選手会カップ,4,3392,小森 信雄,3,60,51.5,0,0,0.18,4.41,19.54,36.78,4.32,16,44,37.36,58.24,34.57,51.85
2026-05-17,2,7,2026-05-17 13:45:00,5,第42回日本モーターボート選手会カップ,5,4632,長尾 京志郎,3,37,52.6,0,0,0.18,4.79,28.79,48.48,6,28.57,71.43,38.64,56.25,31.25,45
2026-05-17,2,7,2026-05-17 13:45:00,5,第42回日本モーターボート選手会カップ,6,4656,大崎 翔,3,38,56,0,0,0.14,5.66,39.77,53.41,4.87,25.81,48.39,39.01,59.89,31.36,43.2
2026-05-17,2,8,2026-05-17 14:16:00,5,第42回日本モーターボート選手会カップ,1,4819,蜂須 瑞生,2,34,46.5,0,0,0.16,5.56,32.43,59.46,5.43,26.09,52.17,37.64,53.93,39.52,51.5
2026-05-17,2,8,2026-05-17 14:16:00,5,第42回日本モーターボート選手会カップ,2,3740,大澤 普司,1,52,53.2,0,0,0.16,6.29,46.77,62.1,5.88,38.46,61.54,41.67,59.9,34.71,49.41
2026-05-17,2,8,2026-05-17 14:16:00,5,第42回日本モーターボート選手会カップ,3,4175,川尻 泰輔,3,43,55.4,0,0,0.17,6.12,46.53,64.36,5.58,33.8,59.15,26.62,44.81,36.31,54.17
2026-05-17,2,8,2026-05-17 14:16:00,5,第42回日本モーターボート選手会カップ,4,4053,芦澤 望,2,48,56.3,1,0,0.15,6.16,45.13,63.72,6.66,44.83,68.97,34.43,50.27,34.91,53.25
2026-05-17,2,8,2026-05-17 14:16:00,5,第42回日本モーターボート選手会カップ,5,4875,大塚 康雅,3,31,51,0,0,0.18,5.11,28.89,47.78,4.13,12.5,37.5,29.76,47.62,46.45,67.74
2026-05-17,2,8,2026-05-17 14:16:00,5,第42回日本モーターボート選手会カップ,6,4035,杉江 浩明,3,47,51.5,0,0,0.2,4.05,24.07,33.33,3.55,22.58,29.03,37.08,50,26.62,37.66
2026-05-17,2,9,2026-05-17 14:48:00,5,第42回日本モーターボート選手会カップ,1,4061,萩原 秀人,1,47,53.2,0,0,0.13,7.06,50.7,70.42,7.1,50,80,31.17,49.35,30.86,50
2026-05-17,2,9,2026-05-17 14:48:00,5,第42回日本モーターボート選手会カップ,2,5066,鈴木 孝明,2,27,52,0,0,0.17,6.66,51.3,69.57,5.28,34.48,55.17,34.81,48.07,41.57,54.82
2026-05-17,2,9,2026-05-17 14:48:00,5,第42回日本モーターボート選手会カップ,3,4403,木下 大將,2,41,52.6,0,0,0.16,6.06,45.1,60.78,7.4,70,90,30.82,50.31,39.02,57.93
2026-05-17,2,9,2026-05-17 14:48:00,5,第42回日本モーターボート選手会カップ,4,4181,花本 夏樹,3,42,53.5,0,0,0.19,3.99,18.06,34.72,3.92,15.38,34.62,26.8,39.22,34.57,54.32
2026-05-17,2,9,2026-05-17 14:48:00,5,第42回日本モーターボート選手会カップ,5,4863,三浦 裕貴,3,37,54,0,0,0.15,4.97,24.05,53.16,4.8,24,52,29.14,42.29,36.75,53.01
2026-05-17,2,9,2026-05-17 14:48:00,5,第42回日本モーターボート選手会カップ,6,4823,中村 桃佳,1,33,45.5,0,0,0.15,6.5,47.83,65.22,0,0,0,38.1,57.74,41.32,58.68
2026-05-17,2,10,2026-05-17 15:21:00,5,第42回日本モーターボート選手会カップ,1,4787,椎名 豊,1,37,52.2,0,0,0.13,6.78,52.94,68.63,6.41,25.93,51.85,40.11,54.8,33.95,48.15
2026-05-17,2,10,2026-05-17 15:21:00,5,第42回日本モーターボート選手会カップ,2,5144,中尾 彩香,3,24,47.1,0,0,0.17,5.24,36.63,53.47,0,0,0,30.3,49.7,42.07,54.88
2026-05-17,2,10,2026-05-17 15:21:00,5,第42回日本モーターボート選手会カップ,3,3965,北中 元樹,2,46,52.2,0,0,0.17,6.49,52.78,69.44,5.76,47.06,52.94,33.51,52.43,31.52,49.09
2026-05-17,2,10,2026-05-17 15:21:00,5,第42回日本モーターボート選手会カップ,4,5405,竹内 来,4,21,52,0,0,0.19,2.21,2.78,9.72,2,0,16.67,35.33,50,25.52,37.93
2026-05-17,2,10,2026-05-17 15:21:00,5,第42回日本モーターボート選手会カップ,5,4214,林 祐介,2,41,55.3,0,0,0.17,5.41,36,55,4.69,23.08,23.08,28.66,47.13,35.98,59.15
2026-05-17,2,10,2026-05-17 15:21:00,5,第42回日本モーターボート選手会カップ,6,4050,田口 節子,1,45,46.5,0,0,0.14,6.78,47.71,67.89,6.74,42.11,57.89,21.9,40.15,34.15,47.56
2026-05-17,2,11,2026-05-17 15:55:00,5,第42回日本モーターボート選手会カップ,1,3422,服部 幸男,1,55,54.5,0,0,0.15,6.09,44.14,56.76,5.94,52.94,58.82,26.92,45.51,28.48,48.73
2026-05-17,2,11,2026-05-17 15:55:00,5,第42回日本モーターボート選手会カップ,2,4090,中村 尊,1,45,54.8,0,0,0.13,5.4,35.82,53.73,5.53,37.63,53.76,38.37,53.49,38.46,60.95
2026-05-17,2,11,2026-05-17 15:55:00,5,第42回日本モーターボート選手会カップ,3,3233,小畑 実成,3,59,53.8,0,0,0.17,4.66,23.91,42.39,0,0,0,38.2,50.56,29.38,46.88
2026-05-17,2,11,2026-05-17 15:55:00,5,第42回日本モーターボート選手会カップ,4,4803,飯田 庄吾,3,32,55.3,0,0,0.19,3.81,15.48,27.38,3.75,25,25,40.1,60.91,32.54,47.93
2026-05-17,2,11,2026-05-17 15:55:00,5,第42回日本モーターボート選手会カップ,5,3439,大平 誉史明,2,56,51,0,0,0.15,6.25,44.86,64.49,5.91,54.55,59.09,39.44,56.67,34.55,47.27
2026-05-17,2,11,2026-05-17 15:55:00,5,第42回日本モーターボート選手会カップ,6,5218,山田 理央,2,25,46.5,0,0,0.15,6.56,46.51,65.89,0,0,0,40.43,60.11,37.13,52.69
2026-05-17,2,12,2026-05-17 16:30:00,5,第42回日本モーターボート選手会カップ,1,4960,黒野 元基,1,29,51,0,0,0.14,7.66,67.92,77.36,6.43,42.86,61.9,40.66,53.3,35.71,53.9
2026-05-17,2,12,2026-05-17 16:30:00,5,第42回日本モーターボート選手会カップ,2,4047,吉永 浩則,3,46,53.2,1,0,0.17,4.03,21.35,35.96,0,0,0,35.98,59.26,32.12,47.88
2026-05-17,2,12,2026-05-17 16:30:00,5,第42回日本モーターボート選手会カップ,3,3740,大澤 普司,1,52,53,0,0,0.16,6.29,46.77,62.1,5.88,38.46,61.54,41.67,59.9,34.71,49.41
2026-05-17,2,12,2026-05-17 16:30:00,5,第42回日本モーターボート選手会カップ,4,4059,入澤 友治,2,47,52,1,0,0.15,4.92,33.33,47.86,4.93,33.33,40,28.29,46.71,31.29,49.69
2026-05-17,2,12,2026-05-17 16:30:00,5,第42回日本モーターボート選手会カップ,5,3564,桑原 啓,3,56,52.3,0,0,0.18,4.25,24.3,40.19,5.42,39.39,48.48,28.93,50.94,19.59,35.14
2026-05-17,2,12,2026-05-17 16:30:00,5,第42回日本モーターボート選手会カップ,6,3811,石田 章央,2,50,52,0,0,0.15,6.24,50.42,62.18,6.78,56.52,69.57,45.45,64.14,27.56,46.15
2026-05-17,6,1,2026-05-17 11:33:00,5,日伯友好記念 ブラジル杯,1,4740,齋藤 達希,3,34,53.2,0,0,0.17,4.89,28.57,47.62,5.02,32.31,46.15,5.56,27.78,31.25,45.14
2026-05-17,6,1,2026-05-17 11:33:00,5,日伯友好記念 ブラジル杯,2,3503,堂原 洋史,3,56,51.5,0,0,0.16,3.94,15.91,27.27,5.2,30,40,21.43,21.43,34.31,57.66
2026-05-17,6,1,2026-05-17 11:33:00,5,日伯友好記念 ブラジル杯,3,4197,渥美 卓郎,3,44,54.3,0,0,0.18,3.96,17,32,5.13,35.29,50.59,7.69,15.38,29.08,46.1
2026-05-17,6,1,2026-05-17 11:33:00,5,日伯友好記念 ブラジル杯,4,4664,東口 晃,3,42,52.1,0,0,0.17,4.32,22.22,37.04,3.07,7.14,25,11.11,16.67,21.85,38.66
2026-05-17,6,1,2026-05-17 11:33:00,5,日伯友好記念 ブラジル杯,5,4204,柴田 大輔,3,43,52.1,0,0,0.2,4.98,31.25,44.79,4.44,24,44,34.48,51.72,28.46,49.23
2026-05-17,6,1,2026-05-17 11:33:00,5,日伯友好記念 ブラジル杯,6,5152,丸山 祐也,3,30,50,0,0,0.21,4.25,21.13,32.39,4.07,11.11,37.04,18.75,25,41.01,55.4
2026-05-17,6,2,2026-05-17 11:58:00,5,日伯友好記念 ブラジル杯,1,4327,加藤 翔,3,42,52,0,0,0.18,3.92,17.89,35.79,5.25,36.47,47.06,38.46,50,26.32,41.35
2026-05-17,6,2,2026-05-17 11:58:00,5,日伯友好記念 ブラジル杯,2,3944,山口 裕二,2,47,52,1,0,0.17,6.24,45.61,63.16,5.53,36.84,50,17.65,47.06,20.18,41.28
2026-05-17,6,2,2026-05-17 11:58:00,5,日伯友好記念 ブラジル杯,3,4681,太田 潮,3,35,52,0,0,0.17,4.01,18.52,38.27,4.5,22.22,38.89,22.22,33.33,34.51,46.48
2026-05-17,6,2,2026-05-17 11:58:00,5,日伯友好記念 ブラジル杯,4,4888,金児 隆太,3,38,52,0,0,0.21,5.07,29.89,47.13,5.63,37.14,54.29,25,41.67,36.76,54.41
2026-05-17,6,2,2026-05-17 11:58:00,5,日伯友好記念 ブラジル杯,5,4278,藤岡 俊介,1,42,51.5,0,0,0.12,6.71,51.16,65.12,7.86,71.43,100,32,44,27.41,40
2026-05-17,6,2,2026-05-17 11:58:00,5,日伯友好記念 ブラジル杯,6,3853,岩崎 正哉,3,53,54.1,0,0,0.19,5.83,39.6,58.42,5.68,31.58,57.89,16.67,22.22,33.83,51.13
2026-05-17,6,3,2026-05-17 12:29:00,5,日伯友好記念 ブラジル杯,1,3441,土屋 太朗,3,56,52,0,0,0.2,4.83,27.18,46.6,4.8,24,52,53.33,60,35.66,51.75
2026-05-17,6,3,2026-05-17 12:29:00,5,日伯友好記念 ブラジル杯,2,5322,根岸 真優,4,24,44.5,0,0,0.22,2.53,6.85,15.07,0,0,0,31.58,68.42,37.76,53.85
2026-05-17,6,3,2026-05-17 12:29:00,5,日伯友好記念 ブラジル杯,3,3826,村田 修次,2,52,52.2,0,0,0.15,6.34,44.76,66.67,6.6,56.67,66.67,11.11,22.22,36.11,47.92
2026-05-17,6,3,2026-05-17 12:29:00,5,日伯友好記念 ブラジル杯,4,4243,西村 歩,2,40,48.6,0,0,0.15,5.35,37.86,52.43,6.18,36.36,63.64,22.22,25.93,29.2,54.01
2026-05-17,6,3,2026-05-17 12:29:00,5,日伯友好記念 ブラジル杯,5,5455,澁澤 周羽,4,20,52.8,0,0,,1.25,0,0,0,0,0,33.33,60,27.27,43.8
2026-05-17,6,3,2026-05-17 12:29:00,5,日伯友好記念 ブラジル杯,6,4959,井上 忠政,1,30,52.1,0,0,0.15,7.24,54.17,67.5,7,52.38,80.95,37.93,75.86,28.99,42.03
2026-05-17,6,4,2026-05-17 12:55:00,5,日伯友好記念 ブラジル杯,1,3435,寺田 千恵,1,57,45.5,0,0,0.16,6.05,37.93,55.17,6.93,44.83,65.52,12,36,34.31,51.09
2026-05-17,6,4,2026-05-17 12:55:00,5,日伯友好記念 ブラジル杯,2,3955,眞田 英二,3,49,52,0,0,0.17,4.91,26.32,49.12,5.48,43.48,47.83,24,44,24.35,45.22
2026-05-17,6,4,2026-05-17 12:55:00,5,日伯友好記念 ブラジル杯,3,4098,赤澤 文香,3,44,47.7,0,0,0.2,4.9,30.14,42.47,3.83,16.67,41.67,37.04,74.07,38.46,58.74
2026-05-17,6,4,2026-05-17 12:55:00,5,日伯友好記念 ブラジル杯,4,3838,伊藤 啓三,3,50,52.7,0,0,0.14,5.43,39.66,55.17,6.38,56.25,68.75,21.05,26.32,24.11,37.5
2026-05-17,6,4,2026-05-17 12:55:00,5,日伯友好記念 ブラジル杯,5,4487,三原 司,3,40,52.2,0,0,0.18,4.81,27.66,44.68,4.55,20.69,44.83,12,48,28.79,48.48
2026-05-17,6,4,2026-05-17 12:55:00,5,日伯友好記念 ブラジル杯,6,4229,市川 美宏,3,43,52.6,0,0,0.18,3.67,12.79,32.56,3.86,13.79,34.48,18.52,33.33,26.09,45.65
2026-05-17,6,5,2026-05-17 13:21:00,5,日伯友好記念 ブラジル杯,1,4246,喜多 那由夏,3,44,47.3,0,0,0.18,4.14,17.53,35.05,5.02,31.67,45,0,18.75,26.72,40.46
2026-05-17,6,5,2026-05-17 13:21:00,5,日伯友好記念 ブラジル杯,2,4172,森定 晃史,2,43,51.5,0,0,0.15,6.17,45.69,65.52,6.22,33.33,77.78,21.05,31.58,37.24,48.97
2026-05-17,6,5,2026-05-17 13:21:00,5,日伯友好記念 ブラジル杯,3,4133,高橋 正男,1,45,52.5,0,0,0.15,6.18,49.02,63.73,5,40,60,12.5,29.17,34.56,51.47
2026-05-17,6,5,2026-05-17 13:21:00,5,日伯友好記念 ブラジル杯,4,4911,片岡 大地,3,30,52,0,0,0.14,5.61,30.21,60.42,5.15,23.08,46.15,28,40,27.05,48.36
2026-05-17,6,5,2026-05-17 13:21:00,5,日伯友好記念 ブラジル杯,5,5091,為本 智也,3,25,52.5,0,0,0.15,6.17,46.38,60.87,5.1,30,50,6.67,20,28.33,41.67
2026-05-17,6,5,2026-05-17 13:21:00,5,日伯友好記念 ブラジル杯,6,5100,栗原 一馬,3,29,55.6,0,0,0.18,4.49,27.54,42.03,3.69,15.38,30.77,19.23,38.46,40,56.55
2026-05-17,6,6,2026-05-17 13:52:00,5,日伯友好記念 ブラジル杯,1,4204,柴田 大輔,3,43,52.1,0,0,0.2,4.98,31.25,44.79,4.44,24,44,34.48,51.72,28.46,49.23
2026-05-17,6,6,2026-05-17 13:52:00,5,日伯友好記念 ブラジル杯,2,5304,井田 涼介,4,23,60,0,0,0.17,2.16,3.64,10.91,0,0,0,30,45,35.77,56.2
2026-05-17,6,6,2026-05-17 13:52:00,5,日伯友好記念 ブラジル杯,3,4518,大須賀 友,2,39,52,0,0,0.18,6.86,55.45,70.91,5.83,44.44,61.11,29.17,37.5,27.91,42.64
2026-05-17,6,6,2026-05-17 13:52:00,5,日伯友好記念 ブラジル杯,4,3572,安田 政彦,2,54,52.7,0,0,0.2,4.81,24.79,41.88,4.33,22.22,33.33,33.33,62.96,27.54,38.41
2026-05-17,6,6,2026-05-17 13:52:00,5,日伯友好記念 ブラジル杯,5,4327,加藤 翔,3,42,52,0,0,0.18,3.92,17.89,35.79,5.25,36.47,47.06,38.46,50,26.32,41.35
2026-05-17,6,6,2026-05-17 13:52:00,5,日伯友好記念 ブラジル杯,6,4570,前田 聖文,1,38,52.3,0,0,0.15,6.59,48.94,70.21,8.3,80,100,29.63,44.44,33.33,48.61
2026-05-17,6,7,2026-05-17 14:25:00,5,日伯友好記念 ブラジル杯,1,3503,堂原 洋史,3,56,51.5,0,0,0.16,3.94,15.91,27.27,5.2,30,40,21.43,21.43,34.31,57.66
2026-05-17,6,7,2026-05-17 14:25:00,5,日伯友好記念 ブラジル杯,2,4845,前田 紗希,1,33,47,0,0,0.15,7.33,62.89,72.16,6.11,22.22,55.56,28,44,28.89,45.93
2026-05-17,6,7,2026-05-17 14:25:00,5,日伯友好記念 ブラジル杯,3,4625,渡邊 裕貴,3,40,52.4,0,0,0.16,4.7,29.21,40.45,4.87,32.35,47.06,29.63,44.44,40,52.14
2026-05-17,6,7,2026-05-17 14:25:00,5,日伯友好記念 ブラジル杯,4,5073,上原 健次郎,2,30,52.4,0,0,0.16,5.58,34.31,52.94,0,0,0,26.92,46.15,29.5,42.45
2026-05-17,6,7,2026-05-17 14:25:00,5,日伯友好記念 ブラジル杯,5,4681,太田 潮,3,35,52,0,0,0.17,4.01,18.52,38.27,4.5,22.22,38.89,22.22,33.33,34.51,46.48
2026-05-17,6,7,2026-05-17 14:25:00,5,日伯友好記念 ブラジル杯,6,5213,湯淺 紀香,2,27,47,0,0,0.18,5.03,30,44,0,0,0,27.78,33.33,26.89,48.74
2026-05-17,6,8,2026-05-17 14:59:00,5,日伯友好記念 ブラジル杯,1,4834,浜本 裕己,2,38,52,0,0,0.14,5.7,34.65,56.69,5.65,40,60,12.5,31.25,28.91,52.34
2026-05-17,6,8,2026-05-17 14:59:00,5,日伯友好記念 ブラジル杯,2,3778,安達 美帆,3,50,47.6,0,0,0.21,3.13,15,21.67,2,0,11.11,18.18,36.36,33.8,51.41
2026-05-17,6,8,2026-05-17 14:59:00,5,日伯友好記念 ブラジル杯,3,4487,三原 司,3,40,52.2,0,0,0.18,4.81,27.66,44.68,4.55,20.69,44.83,12,48,28.79,48.48
2026-05-17,6,8,2026-05-17 14:59:00,5,日伯友好記念 ブラジル杯,4,4537,渡邉 和将,1,36,51,0,0,0.14,6.74,47.97,65.04,7.13,50,62.5,36.84,68.42,27.91,42.64
2026-05-17,6,8,2026-05-17 14:59:00,5,日伯友好記念 ブラジル杯,5,4197,渥美 卓郎,3,44,54.3,0,0,0.18,3.96,17,32,5.13,35.29,50.59,7.69,15.38,29.08,46.1
2026-05-17,6,8,2026-05-17 14:59:00,5,日伯友好記念 ブラジル杯,6,5455,澁澤 周羽,4,20,52.8,0,0,,1.25,0,0,0,0,0,33.33,60,27.27,43.8
2026-05-17,6,9,2026-05-17 15:26:00,5,日伯友好記念 ブラジル杯,1,4171,榎 幸司,2,43,51.5,0,0,0.17,6.2,43.55,62.9,7,50,62.5,36,48,38.03,57.75
2026-05-17,6,9,2026-05-17 15:26:00,5,日伯友好記念 ブラジル杯,2,4278,藤岡 俊介,1,42,51,0,0,0.12,6.71,51.16,65.12,7.86,71.43,100,32,44,27.41,40
2026-05-17,6,9,2026-05-17 15:26:00,5,日伯友好記念 ブラジル杯,3,4246,喜多 那由夏,3,44,47.8,0,0,0.18,4.14,17.53,35.05,5.02,31.67,45,0,18.75,26.72,40.46
2026-05-17,6,9,2026-05-17 15:26:00,5,日伯友好記念 ブラジル杯,4,5152,丸山 祐也,3,30,50,0,0,0.21,4.25,21.13,32.39,4.07,11.11,37.04,18.75,25,41.01,55.4
2026-05-17,6,9,2026-05-17 15:26:00,5,日伯友好記念 ブラジル杯,5,3412,鈴木 博,2,56,52.6,0,0,0.16,6.58,50.39,70.87,7.6,70,70,16.67,33.33,31.43,50
2026-05-17,6,9,2026-05-17 15:26:00,5,日伯友好記念 ブラジル杯,6,3955,眞田 英二,3,49,52,0,0,0.17,4.91,26.32,49.12,5.48,43.48,47.83,24,44,24.35,45.22
2026-05-17,6,10,2026-05-17 15:57:00,5,日伯友好記念 ブラジル杯,1,3944,山口 裕二,2,47,52,1,0,0.17,6.24,45.61,63.16,5.53,36.84,50,17.65,47.06,20.18,41.28
2026-05-17,6,10,2026-05-17 15:57:00,5,日伯友好記念 ブラジル杯,2,4229,市川 美宏,3,43,52.6,0,0,0.18,3.67,12.79,32.56,3.86,13.79,34.48,18.52,33.33,26.09,45.65
2026-05-17,6,10,2026-05-17 15:57:00,5,日伯友好記念 ブラジル杯,3,4959,井上 忠政,1,30,52.1,0,0,0.15,7.24,54.17,67.5,7,52.38,80.95,37.93,75.86,28.99,42.03
2026-05-17,6,10,2026-05-17 15:57:00,5,日伯友好記念 ブラジル杯,4,4133,高橋 正男,1,45,52.5,0,0,0.15,6.18,49.02,63.73,5,40,60,12.5,29.17,34.56,51.47
2026-05-17,6,10,2026-05-17 15:57:00,5,日伯友好記念 ブラジル杯,5,4740,齋藤 達希,3,34,53.2,0,0,0.17,4.89,28.57,47.62,5.02,32.31,46.15,5.56,27.78,31.25,45.14
2026-05-17,6,10,2026-05-17 15:57:00,5,日伯友好記念 ブラジル杯,6,3572,安田 政彦,2,54,52.7,0,0,0.2,4.81,24.79,41.88,4.33,22.22,33.33,33.33,62.96,27.54,38.41
2026-05-17,6,11,2026-05-17 16:26:00,5,日伯友好記念 ブラジル杯,1,3826,村田 修次,2,52,52.2,0,0,0.15,6.34,44.76,66.67,6.6,56.67,66.67,11.11,22.22,36.11,47.92
2026-05-17,6,11,2026-05-17 16:26:00,5,日伯友好記念 ブラジル杯,2,3838,伊藤 啓三,3,50,52.7,0,0,0.14,5.43,39.66,55.17,6.38,56.25,68.75,21.05,26.32,24.11,37.5
2026-05-17,6,11,2026-05-17 16:26:00,5,日伯友好記念 ブラジル杯,3,4570,前田 聖文,1,38,52.3,0,0,0.15,6.59,48.94,70.21,8.3,80,100,29.63,44.44,33.33,48.61
2026-05-17,6,11,2026-05-17 16:26:00,5,日伯友好記念 ブラジル杯,4,3853,岩崎 正哉,3,53,54.1,0,0,0.19,5.83,39.6,58.42,5.68,31.58,57.89,16.67,22.22,33.83,51.13
2026-05-17,6,11,2026-05-17 16:26:00,5,日伯友好記念 ブラジル杯,5,4845,前田 紗希,1,33,47,0,0,0.15,7.33,62.89,72.16,6.11,22.22,55.56,28,44,28.89,45.93
2026-05-17,6,11,2026-05-17 16:26:00,5,日伯友好記念 ブラジル杯,6,4172,森定 晃史,2,43,51.5,0,0,0.15,6.17,45.69,65.52,6.22,33.33,77.78,21.05,31.58,37.24,48.97
2026-05-17,6,12,2026-05-17 16:58:00,5,日伯友好記念 ブラジル杯,1,4537,渡邉 和将,1,36,51,0,0,0.14,6.74,47.97,65.04,7.13,50,62.5,36.84,68.42,27.91,42.64
2026-05-17,6,12,2026-05-17 16:58:00,5,日伯友好記念 ブラジル杯,2,5091,為本 智也,3,25,52.5,0,0,0.15,6.17,46.38,60.87,5.1,30,50,6.67,20,28.33,41.67
2026-05-17,6,12,2026-05-17 16:58:00,5,日伯友好記念 ブラジル杯,3,4243,西村 歩,2,40,48.6,0,0,0.15,5.35,37.86,52.43,6.18,36.36,63.64,22.22,25.93,29.2,54.01
2026-05-17,6,12,2026-05-17 16:58:00,5,日伯友好記念 ブラジル杯,4,3435,寺田 千恵,1,57,45.5,0,0,0.16,6.05,37.93,55.17,6.93,44.83,65.52,12,36,34.31,51.09
2026-05-17,6,12,2026-05-17 16:58:00,5,日伯友好記念 ブラジル杯,5,4888,金児 隆太,3,38,52,0,0,0.21,5.07,29.89,47.13,5.63,37.14,54.29,25,41.67,36.76,54.41
2026-05-17,6,12,2026-05-17 16:58:00,5,日伯友好記念 ブラジル杯,6,4518,大須賀 友,2,39,52,0,0,0.18,6.86,55.45,70.91,5.83,44.44,61.11,29.17,37.5,27.91,42.64
2026-05-17,7,1,2026-05-17 15:29:00,5,VS第3戦 ムーンライトプリンセス決定戦,1,4678,水野 望美,3,37,46,0,0,0.17,5.62,36.47,55.29,5.66,37.29,54.24,24.11,43.97,36.27,55.96
2026-05-17,7,1,2026-05-17 15:29:00,5,VS第3戦 ムーンライトプリンセス決定戦,2,3604,武藤 綾子,3,55,47.4,0,0,0.2,4.35,19.39,36.73,5.37,21.05,52.63,25.24,40.78,26.01,41.62
2026-05-17,7,1,2026-05-17 15:29:00,5,VS第3戦 ムーンライトプリンセス決定戦,3,4987,島倉 都,3,29,49,0,0,0.17,3.93,18.75,27.5,3.17,0,22.22,24.53,47.17,27.44,43.9
2026-05-17,7,1,2026-05-17 15:29:00,5,VS第3戦 ムーンライトプリンセス決定戦,4,5180,藤本 紗弥香,4,28,47.4,0,0,0.18,2.69,13.89,22.22,0,0,0,29.03,46.08,37.84,55.14
2026-05-17,7,1,2026-05-17 15:29:00,5,VS第3戦 ムーンライトプリンセス決定戦,5,5347,井澤 聖奈,4,22,47,0,0,0.21,1.88,0,5.88,1.5,0,5.26,36.76,52.45,36.69,50.3
2026-05-17,7,1,2026-05-17 15:29:00,5,VS第3戦 ムーンライトプリンセス決定戦,6,4844,村上 奈穂,3,33,49.7,0,0,0.17,4.96,31.19,45.87,5,33.33,44.44,31.19,50,39.74,55.63
2026-05-17,7,2,2026-05-17 16:00:00,5,VS第3戦 ムーンライトプリンセス決定戦,1,4878,西岡 育未,3,31,47.1,0,0,0.17,4.41,19.23,42.31,0,0,0,36.68,50.75,31.03,42.76
2026-05-17,7,2,2026-05-17 16:00:00,5,VS第3戦 ムーンライトプリンセス決定戦,2,5184,飯塚 響,4,26,46,0,0,0.21,3.11,11.43,20,1.38,0,0,31.28,47.39,34.92,48.68
2026-05-17,7,2,2026-05-17 16:00:00,5,VS第3戦 ムーンライトプリンセス決定戦,3,5346,中村 紋夕梨,4,22,47,0,0,0.19,2.53,1.47,14.71,1.26,0,0,25.68,43.24,30.64,45.66
2026-05-17,7,2,2026-05-17 16:00:00,5,VS第3戦 ムーンライトプリンセス決定戦,4,4974,安井 瑞紀,1,33,47.1,0,0,0.14,5.72,39.36,58.51,3.5,0,50,30.37,46.6,28.42,48.63
2026-05-17,7,2,2026-05-17 16:00:00,5,VS第3戦 ムーンライトプリンセス決定戦,5,5272,松田 真実,3,24,47.3,0,0,0.18,4.28,27.63,36.84,3,18.42,21.05,33.03,48.87,29.53,42.28
2026-05-17,7,2,2026-05-17 16:00:00,5,VS第3戦 ムーンライトプリンセス決定戦,6,5287,滝沢 織寧,3,26,47.1,0,0,0.17,3.63,12.05,27.71,2.41,0,17.65,19.63,41.12,39.11,54.95
2026-05-17,7,3,2026-05-17 16:33:00,5,VS第3戦 ムーンライトプリンセス決定戦,1,4891,寺島 美里,3,36,47,0,0,0.15,4.86,24.42,39.53,2.86,14.29,14.29,25.58,41.09,29.87,43.51
2026-05-17,7,3,2026-05-17 16:33:00,5,VS第3戦 ムーンライトプリンセス決定戦,2,5340,樋江井 舞,3,24,46,0,0,0.18,3.88,14.29,34.52,2.79,11.63,16.28,35.27,55.56,26.49,39.07
2026-05-17,7,3,2026-05-17 16:33:00,5,VS第3戦 ムーンライトプリンセス決定戦,3,3528,笠野 友紀恵,3,55,47.5,0,0,0.19,3.99,13.48,31.46,3.55,11.9,26.19,34.05,55.17,29.48,46.24
2026-05-17,7,3,2026-05-17 16:33:00,5,VS第3戦 ムーンライトプリンセス決定戦,4,5306,河内 悠利杏,3,22,47.5,0,0,0.22,2.69,5.77,17.31,1.68,0,5.41,36.84,52.63,33.51,53.51
2026-05-17,7,3,2026-05-17 16:33:00,5,VS第3戦 ムーンライトプリンセス決定戦,5,4689,豊田 結,2,32,51.9,0,0,0.15,5.24,32.97,51.65,6.41,48.65,59.46,35.8,51.23,39.04,59.89
2026-05-17,7,3,2026-05-17 16:33:00,5,VS第3戦 ムーンライトプリンセス決定戦,6,4473,藤堂 里香,2,38,45.5,0,0,0.17,5.09,31.43,48.57,4.11,26.32,36.84,34.13,52.88,34.07,58.79
2026-05-17,7,4,2026-05-17 17:06:00,5,VS第3戦 ムーンライトプリンセス決定戦,1,5079,大石 真央,3,28,45,0,0,0.17,4.63,25.96,46.15,4.26,18.52,37.04,27.61,43.56,41.62,59.39
2026-05-17,7,4,2026-05-17 17:06:00,5,VS第3戦 ムーンライトプリンセス決定戦,2,4117,廣中 智紗衣,1,45,46.5,0,0,0.2,5.94,44.55,62.38,5.31,28.13,53.13,31.78,50.47,36.46,54.14
2026-05-17,7,4,2026-05-17 17:06:00,5,VS第3戦 ムーンライトプリンセス決定戦,3,4385,鈴木 祐美子,3,40,49.4,0,0,0.22,3.86,14.29,30.95,3.71,17.65,29.41,32.99,48.45,24.84,37.91
2026-05-17,7,4,2026-05-17 17:06:00,5,VS第3戦 ムーンライトプリンセス決定戦,4,5305,伊藤 栞,3,23,55.5,0,0,0.16,2.33,5.06,11.39,1.81,2.08,6.25,30.88,44.85,31.06,47.83
2026-05-17,7,4,2026-05-17 17:06:00,5,VS第3戦 ムーンライトプリンセス決定戦,5,4286,平田 さやか,2,41,47.7,0,0,0.15,5.71,36.92,56.15,5.69,37.93,51.72,36.56,52.15,29.21,43.26
2026-05-17,7,4,2026-05-17 17:06:00,5,VS第3戦 ムーンライトプリンセス決定戦,6,4897,深見 亜由美,4,34,45,0,0,0.2,3.61,11.83,23.66,4.84,24,48,21.3,38.89,25.42,44.07
2026-05-17,7,5,2026-05-17 17:30:00,5,VS第3戦 ムーンライトプリンセス決定戦,1,3580,水口 由紀,3,53,49,0,0,0.19,3.92,20,34.12,3.26,14.71,17.65,25.2,40.65,36.36,55.61
2026-05-17,7,5,2026-05-17 17:30:00,5,VS第3戦 ムーンライトプリンセス決定戦,2,4844,村上 奈穂,3,33,49.7,0,0,0.17,4.96,31.19,45.87,5,33.33,44.44,31.19,50,39.74,55.63
2026-05-17,7,5,2026-05-17 17:30:00,5,VS第3戦 ムーンライトプリンセス決定戦,3,4372,原田 佑実,2,38,46.5,0,0,0.17,5.73,38.27,59.26,5.81,38.1,52.38,24.65,38.73,36.99,57.23
2026-05-17,7,5,2026-05-17 17:30:00,5,VS第3戦 ムーンライトプリンセス決定戦,4,5347,井澤 聖奈,4,22,47,0,0,0.21,1.88,0,5.88,1.5,0,5.26,36.76,52.45,36.69,50.3
2026-05-17,7,5,2026-05-17 17:30:00,5,VS第3戦 ムーンライトプリンセス決定戦,5,4536,喜井 つかさ,2,36,47.1,0,0,0.17,6.1,40.34,64.71,5.5,36.67,50,30.66,49.53,31.84,45.27
2026-05-17,7,5,2026-05-17 17:30:00,5,VS第3戦 ムーンライトプリンセス決定戦,6,4901,出口 舞有子,4,33,46,0,0,0.19,4.38,22.22,38.89,3.56,14.81,29.63,30.24,42.44,38.38,55.14
2026-05-17,7,6,2026-05-17 17:57:00,5,VS第3戦 ムーンライトプリンセス決定戦,1,5230,石原 凪紗,4,22,45.5,0,0,0.16,4.57,30.43,39.13,3.92,22.22,38.89,30,45,29.33,38
2026-05-17,7,6,2026-05-17 17:57:00,5,VS第3戦 ムーンライトプリンセス決定戦,2,5180,藤本 紗弥香,4,28,47.4,0,0,0.18,2.69,13.89,22.22,0,0,0,29.03,46.08,37.84,55.14
2026-05-17,7,6,2026-05-17 17:57:00,5,VS第3戦 ムーンライトプリンセス決定戦,3,4419,原 加央理,3,38,45,0,0,0.16,5.87,42.17,61.45,4.89,44.44,44.44,24.21,38.95,27.15,45.03
2026-05-17,7,6,2026-05-17 17:57:00,5,VS第3戦 ムーンライトプリンセス決定戦,4,4994,山本 梨菜,1,28,47,0,0,0.16,6.33,47.92,66.67,0,0,0,27.78,38.1,37.62,56.93
2026-05-17,7,6,2026-05-17 17:57:00,5,VS第3戦 ムーンライトプリンセス決定戦,5,5184,飯塚 響,4,26,46,0,0,0.21,3.11,11.43,20,1.38,0,0,31.28,47.39,34.92,48.68
2026-05-17,7,6,2026-05-17 17:57:00,5,VS第3戦 ムーンライトプリンセス決定戦,6,4373,若狭 奈美子,1,37,47,1,0,0.18,6.32,43.8,67.77,0,0,0,32.73,48.64,21.99,40.43
2026-05-17,7,7,2026-05-17 18:21:00,5,VS第3戦 ムーンライトプリンセス決定戦,1,4791,黒澤 めぐみ,2,36,47,0,0,0.17,5.18,33.33,50.57,5.44,36.11,55.56,22.76,38.21,32.12,43.03
2026-05-17,7,7,2026-05-17 18:21:00,5,VS第3戦 ムーンライトプリンセス決定戦,2,5346,中村 紋夕梨,4,22,47,0,0,0.19,2.53,1.47,14.71,1.26,0,0,25.68,43.24,30.64,45.66
2026-05-17,7,7,2026-05-17 18:21:00,5,VS第3戦 ムーンライトプリンセス決定戦,3,5287,滝沢 織寧,3,26,47.1,0,0,0.17,3.63,12.05,27.71,2.41,0,17.65,19.63,41.12,39.11,54.95
2026-05-17,7,7,2026-05-17 18:21:00,5,VS第3戦 ムーンライトプリンセス決定戦,4,4473,藤堂 里香,2,38,45.5,0,0,0.17,5.09,31.43,48.57,4.11,26.32,36.84,34.13,52.88,34.07,58.79
2026-05-17,7,7,2026-05-17 18:21:00,5,VS第3戦 ムーンライトプリンセス決定戦,5,5296,永田 楽,3,23,47,0,0,0.19,3.35,16.46,22.78,3.65,18.92,32.43,30.8,53.16,32,53.71
2026-05-17,7,7,2026-05-17 18:21:00,5,VS第3戦 ムーンライトプリンセス決定戦,6,4987,島倉 都,3,29,49,0,0,0.17,3.93,18.75,27.5,3.17,0,22.22,24.53,47.17,27.44,43.9
2026-05-17,7,8,2026-05-17 18:47:00,5,VS第3戦 ムーンライトプリンセス決定戦,1,5192,中尾 優香,2,24,48,0,0,0.16,4.63,28.26,43.48,0,0,0,36.54,50.48,29.17,48.61
2026-05-17,7,8,2026-05-17 18:47:00,5,VS第3戦 ムーンライトプリンセス決定戦,2,5306,河内 悠利杏,3,22,47.5,0,0,0.22,2.69,5.77,17.31,1.68,0,5.41,36.84,52.63,33.51,53.51
2026-05-17,7,8,2026-05-17 18:47:00,5,VS第3戦 ムーンライトプリンセス決定戦,3,5305,伊藤 栞,3,23,55.5,0,0,0.16,2.33,5.06,11.39,1.81,2.08,6.25,30.88,44.85,31.06,47.83
2026-05-17,7,8,2026-05-17 18:47:00,5,VS第3戦 ムーンライトプリンセス決定戦,4,4678,水野 望美,3,37,46,0,0,0.17,5.62,36.47,55.29,5.66,37.29,54.24,24.11,43.97,36.27,55.96
2026-05-17,7,8,2026-05-17 18:47:00,5,VS第3戦 ムーンライトプリンセス決定戦,5,4974,安井 瑞紀,1,33,47.1,0,0,0.14,5.72,39.36,58.51,3.5,0,50,30.37,46.6,28.42,48.63
2026-05-17,7,8,2026-05-17 18:47:00,5,VS第3戦 ムーンライトプリンセス決定戦,6,5442,池田 美優,4,19,46.5,0,0,,1.16,0,0,0,0,0,26.12,42.54,32.74,53.57
2026-05-17,7,9,2026-05-17 19:16:00,5,VS第3戦 ムーンライトプリンセス決定戦,1,5272,松田 真実,3,24,47.3,0,0,0.18,4.28,27.63,36.84,3,18.42,21.05,33.03,48.87,29.53,42.28
2026-05-17,7,9,2026-05-17 19:16:00,5,VS第3戦 ムーンライトプリンセス決定戦,2,4385,鈴木 祐美子,3,40,49.4,0,0,0.22,3.86,14.29,30.95,3.71,17.65,29.41,32.99,48.45,24.84,37.91
2026-05-17,7,9,2026-05-17 19:16:00,5,VS第3戦 ムーンライトプリンセス決定戦,3,3604,武藤 綾子,3,55,47.4,0,0,0.2,4.35,19.39,36.73,5.37,21.05,52.63,25.24,40.78,26.01,41.62
2026-05-17,7,9,2026-05-17 19:16:00,5,VS第3戦 ムーンライトプリンセス決定戦,4,4117,廣中 智紗衣,1,45,46.5,0,0,0.2,5.94,44.55,62.38,5.31,28.13,53.13,31.78,50.47,36.46,54.14
2026-05-17,7,9,2026-05-17 19:16:00,5,VS第3戦 ムーンライトプリンセス決定戦,5,4744,伊藤 玲奈,3,33,46.5,0,0,0.22,4.16,14.93,37.31,5.53,26.32,63.16,32.98,50.53,30.36,50.6
2026-05-17,7,9,2026-05-17 19:16:00,5,VS第3戦 ムーンライトプリンセス決定戦,6,3528,笠野 友紀恵,3,55,47.5,0,0,0.19,3.99,13.48,31.46,3.55,11.9,26.19,34.05,55.17,29.48,46.24
2026-05-17,7,10,2026-05-17 19:43:00,5,VS第3戦 ムーンライトプリンセス決定戦,1,4689,豊田 結,2,32,51.9,0,0,0.15,5.24,32.97,51.65,6.41,48.65,59.46,35.8,51.23,39.04,59.89
2026-05-17,7,10,2026-05-17 19:43:00,5,VS第3戦 ムーンライトプリンセス決定戦,2,4286,平田 さやか,2,41,47.7,0,0,0.15,5.71,36.92,56.15,5.69,37.93,51.72,36.56,52.15,29.21,43.26
2026-05-17,7,10,2026-05-17 19:43:00,5,VS第3戦 ムーンライトプリンセス決定戦,3,4994,山本 梨菜,1,28,47,0,0,0.16,6.33,47.92,66.67,0,0,0,27.78,38.1,37.62,56.93
2026-05-17,7,10,2026-05-17 19:43:00,5,VS第3戦 ムーンライトプリンセス決定戦,4,4372,原田 佑実,2,38,46.5,0,0,0.17,5.73,38.27,59.26,5.81,38.1,52.38,24.65,38.73,36.99,57.23
2026-05-17,7,10,2026-05-17 19:43:00,5,VS第3戦 ムーンライトプリンセス決定戦,5,5340,樋江井 舞,3,24,46,0,0,0.18,3.88,14.29,34.52,2.79,11.63,16.28,35.27,55.56,26.49,39.07
2026-05-17,7,10,2026-05-17 19:43:00,5,VS第3戦 ムーンライトプリンセス決定戦,6,4878,西岡 育未,3,31,47.1,0,0,0.17,4.41,19.23,42.31,0,0,0,36.68,50.75,31.03,42.76
2026-05-17,7,11,2026-05-17 20:09:00,5,VS第3戦 ムーンライトプリンセス決定戦,1,4373,若狭 奈美子,1,37,47,1,0,0.18,6.32,43.8,67.77,0,0,0,32.73,48.64,21.99,40.43
2026-05-17,7,11,2026-05-17 20:09:00,5,VS第3戦 ムーンライトプリンセス決定戦,2,4536,喜井 つかさ,2,36,47.1,0,0,0.17,6.1,40.34,64.71,5.5,36.67,50,30.66,49.53,31.84,45.27
2026-05-17,7,11,2026-05-17 20:09:00,5,VS第3戦 ムーンライトプリンセス決定戦,3,5079,大石 真央,3,28,45,0,0,0.17,4.63,25.96,46.15,4.26,18.52,37.04,27.61,43.56,41.62,59.39
2026-05-17,7,11,2026-05-17 20:09:00,5,VS第3戦 ムーンライトプリンセス決定戦,4,4791,黒澤 めぐみ,2,36,47,0,0,0.17,5.18,33.33,50.57,5.44,36.11,55.56,22.76,38.21,32.12,43.03
2026-05-17,7,11,2026-05-17 20:09:00,5,VS第3戦 ムーンライトプリンセス決定戦,5,5192,中尾 優香,2,24,48,0,0,0.16,4.63,28.26,43.48,0,0,0,36.54,50.48,29.17,48.61
2026-05-17,7,11,2026-05-17 20:09:00,5,VS第3戦 ムーンライトプリンセス決定戦,6,4891,寺島 美里,3,36,47,0,0,0.15,4.86,24.42,39.53,2.86,14.29,14.29,25.58,41.09,29.87,43.51
2026-05-17,7,12,2026-05-17 20:38:00,5,VS第3戦 ムーンライトプリンセス決定戦,1,4964,土屋 南,4,29,47,0,0,0.2,5.32,32.63,48.42,0,0,0,31.58,53.68,34.36,52.15
2026-05-17,7,12,2026-05-17 20:38:00,5,VS第3戦 ムーンライトプリンセス決定戦,2,5189,藤原 早菜,2,25,45,0,0,0.19,5.43,32.56,52.71,4.5,17.86,46.43,34.2,54.98,29.76,44.64
2026-05-17,7,12,2026-05-17 20:38:00,5,VS第3戦 ムーンライトプリンセス決定戦,3,4984,森下 愛梨,2,29,50.3,0,0,0.19,5.08,28.21,48.72,4.71,23.81,33.33,33.62,50.66,35.11,60.64
2026-05-17,7,12,2026-05-17 20:38:00,5,VS第3戦 ムーンライトプリンセス決定戦,4,3999,大瀧 明日香,1,46,46,0,0,0.15,5.92,39.83,58.47,7.03,53.33,76.67,32.35,48.04,37.5,53.13
2026-05-17,7,12,2026-05-17 20:38:00,5,VS第3戦 ムーンライトプリンセス決定戦,5,4775,千葉 真弥,2,32,47,0,0,0.15,6.21,43.21,62.96,6.27,54.55,63.64,32.34,51.06,24.32,41.89
2026-05-17,7,12,2026-05-17 20:38:00,5,VS第3戦 ムーンライトプリンセス決定戦,6,5013,山下 夏鈴,3,28,44.5,0,0,0.17,5.36,35.51,52.34,5,30.77,50,23.42,37.84,26.43,37.86
2026-05-17,10,1,2026-05-17 08:32:00,5,道の駅みくに・ふれあいパーク三里浜杯,1,4199,北川 潤二,2,43,55.9,0,0,0.14,6.56,48.28,67.59,6.11,55.56,55.56,25.58,41.86,42.86,54.29
2026-05-17,10,1,2026-05-17 08:32:00,5,道の駅みくに・ふれあいパーク三里浜杯,2,5035,櫻井 優,3,28,52.3,0,0,0.17,5.74,38.54,57.29,0,0,0,10.81,29.73,46.51,55.81
2026-05-17,10,1,2026-05-17 08:32:00,5,道の駅みくに・ふれあいパーク三里浜杯,3,3577,向所 浩二,3,53,58.8,0,0,0.15,4.55,22.62,36.9,5.26,34.88,55.81,19.44,38.89,30.56,38.89
2026-05-17,10,1,2026-05-17 08:32:00,5,道の駅みくに・ふれあいパーク三里浜杯,4,5247,大森 翼,3,24,52,0,0,0.16,4.55,21.88,43.75,3.53,14.81,28.4,45,70,26.32,34.21
2026-05-17,10,1,2026-05-17 08:32:00,5,道の駅みくに・ふれあいパーク三里浜杯,5,4283,石井 裕美,3,42,49.8,0,0,0.17,4.06,12.82,35.9,0,0,0,13.33,23.33,27.03,59.46
2026-05-17,10,1,2026-05-17 08:32:00,5,道の駅みくに・ふれあいパーク三里浜杯,6,3885,久田 武,3,52,52.1,0,0,0.18,5.48,35.87,54.35,4.44,22.22,44.44,32.43,43.24,21.95,31.71
2026-05-17,10,2,2026-05-17 08:58:00,5,道の駅みくに・ふれあいパーク三里浜杯,1,4140,梶野 学志,1,45,52.1,0,0,0.15,6.03,46.32,61.05,8,63.64,90.91,15.63,50,27.5,45
2026-05-17,10,2,2026-05-17 08:58:00,5,道の駅みくに・ふれあいパーク三里浜杯,2,4163,山崎 裕司,2,44,53.2,0,0,0.17,5.63,40,52.73,4.86,28.57,57.14,29.41,41.18,31.43,57.14
2026-05-17,10,2,2026-05-17 08:58:00,5,道の駅みくに・ふれあいパーク三里浜杯,3,4723,寺島 吉彦,3,40,50,0,0,0.18,5.09,36.59,45.12,5.38,38.1,47.62,17.65,20.59,32.56,48.84
2026-05-17,10,2,2026-05-17 08:58:00,5,道の駅みくに・ふれあいパーク三里浜杯,4,4603,谷川 将太,3,38,53.2,0,0,0.17,4.89,28.57,41.67,0,0,0,16.13,35.48,33.33,43.59
2026-05-17,10,2,2026-05-17 08:58:00,5,道の駅みくに・ふれあいパーク三里浜杯,5,5435,中西 月輝,4,21,49.7,0,0,,1.27,0,0,0,0,0,21.21,42.42,41.67,72.22
2026-05-17,10,2,2026-05-17 08:58:00,5,道の駅みくに・ふれあいパーク三里浜杯,6,3635,石田 政吾,3,55,52.2,0,0,0.16,4.42,30.77,41.03,5.49,39.39,54.55,31.43,60,48.65,62.16
2026-05-17,10,3,2026-05-17 09:24:00,5,道の駅みくに・ふれあいパーク三里浜杯,1,3848,川上 聡介,2,48,56,0,0,0.14,4.69,31.09,46.22,0,0,0,36.36,48.48,47.62,57.14
2026-05-17,10,3,2026-05-17 09:24:00,5,道の駅みくに・ふれあいパーク三里浜杯,2,4676,後藤 隼之,3,38,55.6,0,0,0.15,5.34,30.85,52.13,5.64,36,52,32.43,40.54,27.03,54.05
2026-05-17,10,3,2026-05-17 09:24:00,5,道の駅みくに・ふれあいパーク三里浜杯,3,4942,柴田 朋哉,2,35,53.7,0,0,0.14,4.96,27.96,50.54,6,33.33,66.67,30.3,45.45,37.04,55.56
2026-05-17,10,3,2026-05-17 09:24:00,5,道の駅みくに・ふれあいパーク三里浜杯,4,4393,田中 孝明,3,40,57.1,0,0,0.19,4.17,18.07,33.73,3.67,8.33,16.67,40,42.5,40,52.5
2026-05-17,10,3,2026-05-17 09:24:00,5,道の駅みくに・ふれあいパーク三里浜杯,5,5314,中曽 瑠華,4,25,51.7,0,0,0.18,3.53,14.86,25.68,1.38,0,0,20.59,44.12,48.65,62.16
2026-05-17,10,3,2026-05-17 09:24:00,5,道の駅みくに・ふれあいパーク三里浜杯,6,4275,菅野 はやか,4,43,51.9,0,0,0.19,3.66,14.29,28.57,3.22,16.67,27.78,38.24,47.06,42.11,57.89
2026-05-17,10,4,2026-05-17 09:50:00,5,道の駅みくに・ふれあいパーク三里浜杯,1,4207,松下 一也,2,43,52.9,0,0,0.12,6.13,47.25,62.64,0,0,0,14.71,35.29,27.03,48.65
2026-05-17,10,4,2026-05-17 09:50:00,5,道の駅みくに・ふれあいパーク三里浜杯,2,4251,川崎 誠志,3,43,52,0,0,0.2,4.53,24.04,41.35,4.47,28.13,40.63,20.93,41.86,47.83,47.83
2026-05-17,10,4,2026-05-17 09:50:00,5,道の駅みくに・ふれあいパーク三里浜杯,3,4336,松田 竜馬,3,42,53.1,0,0,0.15,4.95,29.55,45.45,5.4,37.21,53.49,36.84,47.37,20.83,37.5
2026-05-17,10,4,2026-05-17 09:50:00,5,道の駅みくに・ふれあいパーク三里浜杯,4,3629,浅見 昌克,2,56,52,0,0,0.14,6.17,40.34,63.03,5.62,36.17,57.45,33.33,55.56,25.71,51.43
2026-05-17,10,4,2026-05-17 09:50:00,5,道の駅みくに・ふれあいパーク三里浜杯,5,5456,今村 天次朗,4,19,52,0,0,,2.14,0,0,0,0,0,58.97,82.05,30.23,53.49
2026-05-17,10,4,2026-05-17 09:50:00,5,道の駅みくに・ふれあいパーク三里浜杯,6,4825,倉持 莉々,1,32,47.3,0,0,0.12,6.62,45.16,63.44,6.75,60,70,38.24,55.88,38.71,48.39
2026-05-17,10,5,2026-05-17 10:18:00,5,道の駅みくに・ふれあいパーク三里浜杯,1,4004,山本 浩輔,3,48,52.2,0,0,0.19,5.22,30.28,52.29,0,0,0,43.59,64.1,25.71,37.14
2026-05-17,10,5,2026-05-17 10:18:00,5,道の駅みくに・ふれあいパーク三里浜杯,2,4443,津田 裕絵,2,39,49.9,0,0,0.19,5.45,33.88,54.55,5.72,37.93,62.07,16.28,23.26,30.23,46.51
2026-05-17,10,5,2026-05-17 10:18:00,5,道の駅みくに・ふれあいパーク三里浜杯,3,3933,山地 正樹,3,49,52,0,0,0.18,5.18,34.58,50.47,4.44,16.67,33.33,20.59,38.24,37.04,55.56
2026-05-17,10,5,2026-05-17 10:18:00,5,道の駅みくに・ふれあいパーク三里浜杯,4,4003,表 憲一,3,48,53.3,0,0,0.16,5.47,37.5,55.68,5.57,32.03,57.03,25,43.75,30.56,47.22
2026-05-17,10,5,2026-05-17 10:18:00,5,道の駅みくに・ふれあいパーク三里浜杯,5,5126,山下 大輝,1,29,52,0,0,0.15,6.63,50.54,66.67,7.59,66.67,85.19,44.74,68.42,45.45,63.64
2026-05-17,10,5,2026-05-17 10:18:00,5,道の駅みくに・ふれあいパーク三里浜杯,6,4512,高野 哲史,1,37,52,0,0,0.16,6.57,48.03,62.2,6.72,51.06,68.09,40.43,55.32,21.95,31.71
2026-05-17,10,6,2026-05-17 10:45:00,5,道の駅みくに・ふれあいパーク三里浜杯,1,4283,石井 裕美,3,42,49.8,0,0,0.17,4.06,12.82,35.9,0,0,0,13.33,23.33,27.03,59.46
2026-05-17,10,6,2026-05-17 10:45:00,5,道の駅みくに・ふれあいパーク三里浜杯,2,4180,上野 秀和,3,43,53.5,0,0,0.17,5.77,37.23,57.45,4.16,24,32,28.57,42.86,30.56,55.56
2026-05-17,10,6,2026-05-17 10:45:00,5,道の駅みくに・ふれあいパーク三里浜杯,3,4374,永田 義紘,3,42,52,0,0,0.16,4.38,23.17,37.8,5.17,16.67,50,45,55,26.83,43.9
2026-05-17,10,6,2026-05-17 10:45:00,5,道の駅みくに・ふれあいパーク三里浜杯,4,4348,宮崎 奨,2,40,53.7,0,0,0.16,5.59,33.33,57.58,7.21,50,79.41,34.15,46.34,37.14,57.14
2026-05-17,10,6,2026-05-17 10:45:00,5,道の駅みくに・ふれあいパーク三里浜杯,5,4659,木下 翔太,1,35,53,0,0,0.14,7.11,47.9,72.27,6.22,34.69,57.14,34.29,51.43,33.33,52.78
2026-05-17,10,6,2026-05-17 10:45:00,5,道の駅みくに・ふれあいパーク三里浜杯,6,3946,赤岩 善生,1,50,54.6,0,0,0.15,7.28,52.48,73.27,7.05,57.89,78.95,41.86,53.49,29.73,43.24
2026-05-17,10,7,2026-05-17 11:19:00,5,道の駅みくに・ふれあいパーク三里浜杯,1,4275,菅野 はやか,4,43,51.9,0,0,0.19,3.66,14.29,28.57,3.22,16.67,27.78,38.24,47.06,42.11,57.89
2026-05-17,10,7,2026-05-17 11:19:00,5,道の駅みくに・ふれあいパーク三里浜杯,2,4413,水摩 敦,2,39,52,0,0,0.18,5.81,34.62,63.85,6.82,46.43,71.43,30.56,52.78,43.18,56.82
2026-05-17,10,7,2026-05-17 11:19:00,5,道の駅みくに・ふれあいパーク三里浜杯,3,4339,平瀬 城啓,3,41,54.9,0,0,0.17,3.97,17.78,33.33,4.19,24.1,33.73,41.67,61.11,33.33,50
2026-05-17,10,7,2026-05-17 11:19:00,5,道の駅みくに・ふれあいパーク三里浜杯,4,3436,柏野 幸二,2,57,51,0,0,0.12,5.61,31.52,56.52,5.89,44.74,63.16,32.61,43.48,26.47,47.06
2026-05-17,10,7,2026-05-17 11:19:00,5,道の駅みくに・ふれあいパーク三里浜杯,5,5035,櫻井 優,3,28,52.3,0,0,0.17,5.74,38.54,57.29,0,0,0,10.81,29.73,46.51,55.81
2026-05-17,10,7,2026-05-17 11:19:00,5,道の駅みくに・ふれあいパーク三里浜杯,6,4502,遠藤 エミ,1,38,44.5,0,0,0.14,6.68,41.11,62.22,6.5,40,60,41.67,55.56,47.22,63.89
2026-05-17,10,8,2026-05-17 11:48:00,5,道の駅みくに・ふれあいパーク三里浜杯,1,3885,久田 武,3,52,52,0,0,0.18,5.48,35.87,54.35,4.44,22.22,44.44,32.43,43.24,21.95,31.71
2026-05-17,10,8,2026-05-17 11:48:00,5,道の駅みくに・ふれあいパーク三里浜杯,2,5083,柳瀬 幹太,3,27,52,0,0,0.15,4.9,30.99,49.3,2.11,0,0,15.15,30.3,32.35,47.06
2026-05-17,10,8,2026-05-17 11:48:00,5,道の駅みくに・ふれあいパーク三里浜杯,3,3635,石田 政吾,3,55,52.1,0,0,0.16,4.42,30.77,41.03,5.49,39.39,54.55,31.43,60,48.65,62.16
2026-05-17,10,8,2026-05-17 11:48:00,5,道の駅みくに・ふれあいパーク三里浜杯,4,3994,小野 桜,3,47,47,0,0,0.2,5.23,33.33,51.43,5.1,20,60,34.21,57.89,13.95,32.56
2026-05-17,10,8,2026-05-17 11:48:00,5,道の駅みくに・ふれあいパーク三里浜杯,5,4336,松田 竜馬,3,42,52.5,0,0,0.15,4.95,29.55,45.45,5.4,37.21,53.49,36.84,47.37,20.83,37.5
2026-05-17,10,8,2026-05-17 11:48:00,5,道の駅みくに・ふれあいパーク三里浜杯,6,5435,中西 月輝,4,21,50.2,0,0,,1.27,0,0,0,0,0,21.21,42.42,41.67,72.22
2026-05-17,10,9,2026-05-17 12:19:00,5,道の駅みくに・ふれあいパーク三里浜杯,1,5314,中曽 瑠華,4,25,51.7,0,0,0.18,3.53,14.86,25.68,1.38,0,0,20.59,44.12,48.65,62.16
2026-05-17,10,9,2026-05-17 12:19:00,5,道の駅みくに・ふれあいパーク三里浜杯,2,4638,小林 遼太,3,35,52.4,0,0,0.19,5.04,30.61,52.04,6.27,45.45,59.09,22.22,46.67,47.37,63.16
2026-05-17,10,9,2026-05-17 12:19:00,5,道の駅みくに・ふれあいパーク三里浜杯,3,4131,原 豊土,2,45,55.1,0,0,0.17,6.63,52.86,68.57,5.12,41.18,47.06,41.03,61.54,27.91,46.51
2026-05-17,10,9,2026-05-17 12:19:00,5,道の駅みくに・ふれあいパーク三里浜杯,4,4163,山崎 裕司,2,44,53.2,0,0,0.17,5.63,40,52.73,4.86,28.57,57.14,29.41,41.18,31.43,57.14
2026-05-17,10,9,2026-05-17 12:19:00,5,道の駅みくに・ふれあいパーク三里浜杯,5,4384,鶴本 崇文,1,40,53.3,0,0,0.18,6.26,43.22,68.64,6.2,44,64,32.5,57.5,29.73,54.05
2026-05-17,10,9,2026-05-17 12:19:00,5,道の駅みくに・ふれあいパーク三里浜杯,6,5456,今村 天次朗,4,19,52,0,0,,2.14,0,0,0,0,0,58.97,82.05,30.23,53.49
2026-05-17,10,10,2026-05-17 12:52:00,5,道の駅みくに・ふれあいパーク三里浜杯,1,4512,高野 哲史,1,37,52,0,0,0.16,6.57,48.03,62.2,6.72,51.06,68.09,40.43,55.32,21.95,31.71
2026-05-17,10,10,2026-05-17 12:52:00,5,道の駅みくに・ふれあいパーク三里浜杯,2,4659,木下 翔太,1,35,53,0,0,0.14,7.11,47.9,72.27,6.22,34.69,57.14,34.29,51.43,33.33,52.78
2026-05-17,10,10,2026-05-17 12:52:00,5,道の駅みくに・ふれあいパーク三里浜杯,3,4603,谷川 将太,3,38,53.2,0,0,0.17,4.89,28.57,41.67,0,0,0,16.13,35.48,33.33,43.59
2026-05-17,10,10,2026-05-17 12:52:00,5,道の駅みくに・ふれあいパーク三里浜杯,4,3577,向所 浩二,3,53,58.8,0,0,0.15,4.55,22.62,36.9,5.26,34.88,55.81,19.44,38.89,30.56,38.89
2026-05-17,10,10,2026-05-17 12:52:00,5,道の駅みくに・ふれあいパーク三里浜杯,5,4207,松下 一也,2,43,52.9,0,0,0.12,6.13,47.25,62.64,0,0,0,14.71,35.29,27.03,48.65
2026-05-17,10,10,2026-05-17 12:52:00,5,道の駅みくに・ふれあいパーク三里浜杯,6,4676,後藤 隼之,3,38,55.6,0,0,0.15,5.34,30.85,52.13,5.64,36,52,32.43,40.54,27.03,54.05
2026-05-17,10,11,2026-05-17 13:27:00,5,道の駅みくに・ふれあいパーク三里浜杯,1,4502,遠藤 エミ,1,38,44.5,0,0,0.14,6.68,41.11,62.22,6.5,40,60,41.67,55.56,47.22,63.89
2026-05-17,10,11,2026-05-17 13:27:00,5,道の駅みくに・ふれあいパーク三里浜杯,2,4825,倉持 莉々,1,32,47.3,0,0,0.12,6.62,45.16,63.44,6.75,60,70,38.24,55.88,38.71,48.39
2026-05-17,10,11,2026-05-17 13:27:00,5,道の駅みくに・ふれあいパーク三里浜杯,3,4348,宮崎 奨,2,40,53.7,0,0,0.16,5.59,33.33,57.58,7.21,50,79.41,34.15,46.34,37.14,57.14
2026-05-17,10,11,2026-05-17 13:27:00,5,道の駅みくに・ふれあいパーク三里浜杯,4,4199,北川 潤二,2,43,55.9,0,0,0.14,6.56,48.28,67.59,6.11,55.56,55.56,25.58,41.86,42.86,54.29
2026-05-17,10,11,2026-05-17 13:27:00,5,道の駅みくに・ふれあいパーク三里浜杯,5,4443,津田 裕絵,2,39,49.9,0,0,0.19,5.45,33.88,54.55,5.72,37.93,62.07,16.28,23.26,30.23,46.51
2026-05-17,10,11,2026-05-17 13:27:00,5,道の駅みくに・ふれあいパーク三里浜杯,6,3848,川上 聡介,2,48,56,0,0,0.14,4.69,31.09,46.22,0,0,0,36.36,48.48,47.62,57.14
2026-05-17,10,12,2026-05-17 14:04:00,5,道の駅みくに・ふれあいパーク三里浜杯,1,3946,赤岩 善生,1,50,54.6,0,0,0.15,7.28,52.48,73.27,7.05,57.89,78.95,41.86,53.49,29.73,43.24
2026-05-17,10,12,2026-05-17 14:04:00,5,道の駅みくに・ふれあいパーク三里浜杯,2,5126,山下 大輝,1,29,52,0,0,0.15,6.63,50.54,66.67,7.59,66.67,85.19,44.74,68.42,45.45,63.64
2026-05-17,10,12,2026-05-17 14:04:00,5,道の駅みくに・ふれあいパーク三里浜杯,3,3436,柏野 幸二,2,57,51,0,0,0.12,5.61,31.52,56.52,5.89,44.74,63.16,32.61,43.48,26.47,47.06
2026-05-17,10,12,2026-05-17 14:04:00,5,道の駅みくに・ふれあいパーク三里浜杯,4,3933,山地 正樹,3,49,52,0,0,0.18,5.18,34.58,50.47,4.44,16.67,33.33,20.59,38.24,37.04,55.56
2026-05-17,10,12,2026-05-17 14:04:00,5,道の駅みくに・ふれあいパーク三里浜杯,5,4140,梶野 学志,1,45,52.1,0,0,0.15,6.03,46.32,61.05,8,63.64,90.91,15.63,50,27.5,45
2026-05-17,10,12,2026-05-17 14:04:00,5,道の駅みくに・ふれあいパーク三里浜杯,6,4251,川崎 誠志,3,43,52,0,0,0.2,4.53,24.04,41.35,4.47,28.13,40.63,20.93,41.86,31.82,45.45
2026-05-17,13,1,,,,1,,,,,,,,,,,,,,,,,,
2026-05-17,13,1,,,,2,,,,,,,,,,,,,,,,,,
2026-05-17,13,1,,,,3,,,,,,,,,,,,,,,,,,
2026-05-17,13,1,,,,4,,,,,,,,,,,,,,,,,,
2026-05-17,13,1,,,,5,,,,,,,,,,,,,,,,,,
2026-05-17,13,1,,,,6,,,,,,,,,,,,,,,,,,
2026-05-17,13,2,,,,1,,,,,,,,,,,,,,,,,,
2026-05-17,13,2,,,,2,,,,,,,,,,,,,,,,,,
2026-05-17,13,2,,,,3,,,,,,,,,,,,,,,,,,
2026-05-17,13,2,,,,4,,,,,,,,,,,,,,,,,,
2026-05-17,13,2,,,,5,,,,,,,,,,,,,,,,,,
2026-05-17,13,2,,,,6,,,,,,,,,,,,,,,,,,
2026-05-17,13,3,,,,1,,,,,,,,,,,,,,,,,,
2026-05-17,13,3,,,,2,,,,,,,,,,,,,,,,,,
2026-05-17,13,3,,,,3,,,,,,,,,,,,,,,,,,
2026-05-17,13,3,,,,4,,,,,,,,,,,,,,,,,,
2026-05-17,13,3,,,,5,,,,,,,,,,,,,,,,,,
2026-05-17,13,3,,,,6,,,,,,,,,,,,,,,,,,
2026-05-17,13,4,,,,1,,,,,,,,,,,,,,,,,,
2026-05-17,13,4,,,,2,,,,,,,,,,,,,,,,,,
2026-05-17,13,4,,,,3,,,,,,,,,,,,,,,,,,
2026-05-17,13,4,,,,4,,,,,,,,,,,,,,,,,,
2026-05-17,13,4,,,,5,,,,,,,,,,,,,,,,,,
2026-05-17,13,4,,,,6,,,,,,,,,,,,,,,,,,
2026-05-17,13,5,,,,1,,,,,,,,,,,,,,,,,,
2026-05-17,13,5,,,,2,,,,,,,,,,,,,,,,,,
2026-05-17,13,5,,,,3,,,,,,,,,,,,,,,,,,
2026-05-17,13,5,,,,4,,,,,,,,,,,,,,,,,,
2026-05-17,13,5,,,,5,,,,,,,,,,,,,,,,,,
2026-05-17,13,5,,,,6,,,,,,,,,,,,,,,,,,
2026-05-17,13,6,,,,1,,,,,,,,,,,,,,,,,,
2026-05-17,13,6,,,,2,,,,,,,,,,,,,,,,,,
2026-05-17,13,6,,,,3,,,,,,,,,,,,,,,,,,
2026-05-17,13,6,,,,4,,,,,,,,,,,,,,,,,,
2026-05-17,13,6,,,,5,,,,,,,,,,,,,,,,,,
2026-05-17,13,6,,,,6,,,,,,,,,,,,,,,,,,
2026-05-17,13,7,,,,1,,,,,,,,,,,,,,,,,,
2026-05-17,13,7,,,,2,,,,,,,,,,,,,,,,,,
2026-05-17,13,7,,,,3,,,,,,,,,,,,,,,,,,
2026-05-17,13,7,,,,4,,,,,,,,,,,,,,,,,,
2026-05-17,13,7,,,,5,,,,,,,,,,,,,,,,,,
2026-05-17,13,7,,,,6,,,,,,,,,,,,,,,,,,
2026-05-17,13,8,,,,1,,,,,,,,,,,,,,,,,,
2026-05-17,13,8,,,,2,,,,,,,,,,,,,,,,,,
2026-05-17,13,8,,,,3,,,,,,,,,,,,,,,,,,
2026-05-17,13,8,,,,4,,,,,,,,,,,,,,,,,,
2026-05-17,13,8,,,,5,,,,,,,,,,,,,,,,,,
2026-05-17,13,8,,,,6,,,,,,,,,,,,,,,,,,
2026-05-17,13,9,,,,1,,,,,,,,,,,,,,,,,,
2026-05-17,13,9,,,,2,,,,,,,,,,,,,,,,,,
2026-05-17,13,9,,,,3,,,,,,,,,,,,,,,,,,
2026-05-17,13,9,,,,4,,,,,,,,,,,,,,,,,,
2026-05-17,13,9,,,,5,,,,,,,,,,,,,,,,,,
2026-05-17,13,9,,,,6,,,,,,,,,,,,,,,,,,
2026-05-17,13,10,,,,1,,,,,,,,,,,,,,,,,,
2026-05-17,13,10,,,,2,,,,,,,,,,,,,,,,,,
2026-05-17,13,10,,,,3,,,,,,,,,,,,,,,,,,
2026-05-17,13,10,,,,4,,,,,,,,,,,,,,,,,,
2026-05-17,13,10,,,,5,,,,,,,,,,,,,,,,,,
2026-05-17,13,10,,,,6,,,,,,,,,,,,,,,,,,
2026-05-17,13,11,,,,1,,,,,,,,,,,,,,,,,,
2026-05-17,13,11,,,,2,,,,,,,,,,,,,,,,,,
2026-05-17,13,11,,,,3,,,,,,,,,,,,,,,,,,
2026-05-17,13,11,,,,4,,,,,,,,,,,,,,,,,,
2026-05-17,13,11,,,,5,,,,,,,,,,,,,,,,,,
2026-05-17,13,11,,,,6,,,,,,,,,,,,,,,,,,
2026-05-17,13,12,,,,1,,,,,,,,,,,,,,,,,,
2026-05-17,13,12,,,,2,,,,,,,,,,,,,,,,,,
2026-05-17,13,12,,,,3,,,,,,,,,,,,,,,,,,
2026-05-17,13,12,,,,4,,,,,,,,,,,,,,,,,,
2026-05-17,13,12,,,,5,,,,,,,,,,,,,,,,,,
2026-05-17,13,12,,,,6,,,,,,,,,,,,,,,,,,
2026-05-17,14,1,2026-05-17 08:44:00,5,スマホのアプリ「Novil★ラボ!」杯競走,1,3613,角谷 健吾,1,53,52,0,0,0.15,6.06,47.06,61.34,5.88,50,50,18.75,31.25,25,43.75
2026-05-17,14,1,2026-05-17 08:44:00,5,スマホのアプリ「Novil★ラボ!」杯競走,2,3293,宮内 由紀英,3,60,52,0,0,0.2,3.8,11.84,32.89,4.25,12.5,37.5,38.89,55.56,6.67,33.33
2026-05-17,14,1,2026-05-17 08:44:00,5,スマホのアプリ「Novil★ラボ!」杯競走,3,3477,近藤 稔也,3,55,52.8,0,0,0.19,4.01,12.9,33.33,4.8,27.87,45.9,20,20,40,52
2026-05-17,14,1,2026-05-17 08:44:00,5,スマホのアプリ「Novil★ラボ!」杯競走,4,3953,志道 吉和,3,49,53,0,0,0.2,3.24,11.76,20.59,3.53,6.67,33.33,35.29,41.18,42.86,60.71
2026-05-17,14,1,2026-05-17 08:44:00,5,スマホのアプリ「Novil★ラボ!」杯競走,5,4957,竹之内 極,3,30,55,0,0,0.17,5.53,34.02,56.7,5.75,50,62.5,69.23,73.08,37.5,37.5
2026-05-17,14,1,2026-05-17 08:44:00,5,スマホのアプリ「Novil★ラボ!」杯競走,6,3475,橋本 久和,3,55,52.2,0,0,0.19,5.67,37.23,53.19,0,0,0,42.86,50,14.29,35.71
2026-05-17,14,2,2026-05-17 09:10:00,5,スマホのアプリ「Novil★ラボ!」杯競走,1,4890,石川 諒,3,37,52,0,0,0.13,5.82,36.17,63.83,5.2,28.57,45.71,37.04,37.04,14.29,35.71
2026-05-17,14,2,2026-05-17 09:10:00,5,スマホのアプリ「Novil★ラボ!」杯競走,2,4793,金子 萌,2,36,52,0,0,0.14,6.23,46.9,65.49,6.35,41.18,64.71,30.77,42.31,35.71,50
2026-05-17,14,2,2026-05-17 09:10:00,5,スマホのアプリ「Novil★ラボ!」杯競走,3,4702,三浦 敬太,1,38,52,0,0,0.14,6.05,49.02,59.8,6.29,42.86,71.43,22.22,51.85,32,48
2026-05-17,14,2,2026-05-17 09:10:00,5,スマホのアプリ「Novil★ラボ!」杯競走,4,5388,佐野 優都,3,19,52.2,0,0,0.15,4.27,21.65,37.11,4.29,22.03,42.37,20,44,82.35,88.24
2026-05-17,14,2,2026-05-17 09:10:00,5,スマホのアプリ「Novil★ラボ!」杯競走,5,3715,倉尾 大介,2,51,53.6,0,0,0.15,5.31,28.4,53.09,0,0,0,33.33,44.44,23.08,38.46
2026-05-17,14,2,2026-05-17 09:10:00,5,スマホのアプリ「Novil★ラボ!」杯競走,6,4143,浦田 晃嗣,3,44,55.5,0,0,0.16,4.01,17.28,35.8,7.38,62.5,75,31.25,56.25,47.06,64.71
2026-05-17,14,3,2026-05-17 09:38:00,5,スマホのアプリ「Novil★ラボ!」杯競走,1,4015,前野 竜一,2,46,57.9,0,0,0.16,6.14,40.52,64.66,5.5,32.35,61.76,37.5,43.75,29.03,54.84
2026-05-17,14,3,2026-05-17 09:38:00,5,スマホのアプリ「Novil★ラボ!」杯競走,2,4871,菊池 宏志,3,33,52,0,0,0.17,4.71,26.74,44.19,4.57,23.81,42.86,10.71,14.29,22.73,36.36
2026-05-17,14,3,2026-05-17 09:38:00,5,スマホのアプリ「Novil★ラボ!」杯競走,3,3909,佐々木 康幸,1,52,54.3,0,0,0.11,6.65,50.44,66.37,6.39,55.56,55.56,29.41,47.06,43.75,56.25
2026-05-17,14,3,2026-05-17 09:38:00,5,スマホのアプリ「Novil★ラボ!」杯競走,4,4572,渡部 悟,2,37,55.3,0,0,0.14,5.21,33.64,49.53,6.94,58.82,82.35,15.79,36.84,26.67,33.33
2026-05-17,14,3,2026-05-17 09:38:00,5,スマホのアプリ「Novil★ラボ!」杯競走,5,5041,荒牧 凪沙,3,27,52,0,0,0.16,4.54,23.88,37.31,5.4,40,40,25,45,18.52,33.33
2026-05-17,14,3,2026-05-17 09:38:00,5,スマホのアプリ「Novil★ラボ!」杯競走,6,3790,佐口 達也,3,53,52,0,0,0.2,4.64,23.16,45.26,0,0,0,29.17,50,58.82,64.71
2026-05-17,14,4,2026-05-17 10:04:00,5,スマホのアプリ「Novil★ラボ!」杯競走,1,4295,小坂 尚哉,1,39,52,0,0,0.15,7.07,53.66,75.61,7.27,46.67,73.33,25.93,48.15,29.17,41.67
2026-05-17,14,4,2026-05-17 10:04:00,5,スマホのアプリ「Novil★ラボ!」杯競走,2,3459,中野 和裕,3,59,53.4,0,0,0.17,3.67,12.35,27.16,3,0,14.29,25.93,51.85,33.33,56.67
2026-05-17,14,4,2026-05-17 10:04:00,5,スマホのアプリ「Novil★ラボ!」杯競走,3,4506,稗田 聖也,3,38,52.1,0,0,0.14,6.65,56.04,69.23,7.21,57.89,78.95,66.67,66.67,18.75,37.5
2026-05-17,14,4,2026-05-17 10:04:00,5,スマホのアプリ「Novil★ラボ!」杯競走,4,5033,藤原 孝斗,3,28,53.5,0,0,0.19,4.49,24.68,36.36,3.38,25,25,6.25,50,43.33,50
2026-05-17,14,4,2026-05-17 10:04:00,5,スマホのアプリ「Novil★ラボ!」杯競走,5,4973,栗原 直也,2,33,52,1,0,0.18,5.02,32.17,45.22,6,38.46,69.23,11.54,15.38,41.18,47.06
2026-05-17,14,4,2026-05-17 10:04:00,5,スマホのアプリ「Novil★ラボ!」杯競走,6,3489,大場 敏,2,59,53.1,0,0,0.16,5.79,36.89,56.56,5.95,44.74,65.79,25,32.14,31.82,45.45
2026-05-17,14,5,2026-05-17 10:30:00,5,スマホのアプリ「Novil★ラボ!」杯競走,1,4179,広次 修,3,43,52,0,0,0.16,5.82,37.62,61.39,4.91,30.43,52.17,21.43,39.29,37.04,59.26
2026-05-17,14,5,2026-05-17 10:30:00,5,スマホのアプリ「Novil★ラボ!」杯競走,2,5219,森口 和紀,4,25,52,0,0,0.17,4.75,31.94,44.44,3.79,15.79,31.58,46.43,60.71,20,33.33
2026-05-17,14,5,2026-05-17 10:30:00,5,スマホのアプリ「Novil★ラボ!」杯競走,3,4660,宇田川 信一,4,34,52,0,0,0.22,4.05,22.5,32.5,4.75,25,50,29.63,51.85,33.33,50
2026-05-17,14,5,2026-05-17 10:30:00,5,スマホのアプリ「Novil★ラボ!」杯競走,4,4532,秋元 哲,1,37,51.5,1,0,0.13,7.23,58.59,73.44,7,63.64,63.64,40,56,29.41,64.71
2026-05-17,14,5,2026-05-17 10:30:00,5,スマホのアプリ「Novil★ラボ!」杯競走,5,3814,金子 貴志,3,50,51,0,0,0.17,5.01,31.91,47.87,5,22.73,40.91,18.75,50,12.5,56.25
2026-05-17,14,5,2026-05-17 10:30:00,5,スマホのアプリ「Novil★ラボ!」杯競走,6,4052,興津 藍,2,45,50,0,0,0.16,5.88,37.82,59.66,5.96,41.3,60.14,55.56,77.78,23.53,47.06
2026-05-17,14,6,2026-05-17 10:59:00,5,スマホのアプリ「Novil★ラボ!」杯競走,1,5172,田村 慶,3,25,52.3,0,0,0.2,4.68,24.32,39.19,5.49,34.67,53.33,15.38,38.46,38.46,57.69
2026-05-17,14,6,2026-05-17 10:59:00,5,スマホのアプリ「Novil★ラボ!」杯競走,2,4648,木村 亮太,3,42,52,0,0,0.15,4.4,24.39,37.8,4.35,26.09,34.78,42.31,65.38,40,46.67
2026-05-17,14,6,2026-05-17 10:59:00,5,スマホのアプリ「Novil★ラボ!」杯競走,3,3747,國崎 良春,3,51,52,0,0,0.17,5.38,36.36,59.09,5.75,38.6,59.65,18.75,25,46.43,64.29
2026-05-17,14,6,2026-05-17 10:59:00,5,スマホのアプリ「Novil★ラボ!」杯競走,4,3664,鈴木 賢一,3,56,54.2,0,0,0.17,4.64,23.08,48.35,5.1,20,50,38.46,61.54,43.33,63.33
2026-05-17,14,6,2026-05-17 10:59:00,5,スマホのアプリ「Novil★ラボ!」杯競走,5,4381,田路 朋史,2,41,52,0,0,0.17,5.57,37.5,52.88,5.48,39.39,54.55,23.08,42.31,16,20
2026-05-17,14,6,2026-05-17 10:59:00,5,スマホのアプリ「Novil★ラボ!」杯競走,6,3742,宮地 秀祈,3,51,52,0,0,0.18,4.52,24.05,40.51,5.11,44.44,55.56,46.43,57.14,40.74,62.96
2026-05-17,14,7,2026-05-17 11:29:00,5,スマホのアプリ「Novil★ラボ!」杯競走,1,5041,荒牧 凪沙,3,27,52,0,0,0.16,4.54,23.88,37.31,5.4,40,40,25,45,18.52,33.33
2026-05-17,14,7,2026-05-17 11:29:00,5,スマホのアプリ「Novil★ラボ!」杯競走,2,3647,伊藤 雄二,3,53,50,0,0,0.19,3.5,11.76,28.43,3.8,20,40,25.93,40.74,6.67,6.67
2026-05-17,14,7,2026-05-17 11:29:00,5,スマホのアプリ「Novil★ラボ!」杯競走,3,4957,竹之内 極,3,30,55,0,0,0.17,5.53,34.02,56.7,5.75,50,62.5,69.23,73.08,37.5,37.5
2026-05-17,14,7,2026-05-17 11:29:00,5,スマホのアプリ「Novil★ラボ!」杯競走,4,3692,竹腰 正樹,2,55,52,0,0,0.13,4.53,22.34,45.74,5.86,57.14,57.14,54.55,68.18,40.91,59.09
2026-05-17,14,7,2026-05-17 11:29:00,5,スマホのアプリ「Novil★ラボ!」杯競走,5,3956,横澤 剛治,1,48,55.8,0,0,0.15,6.13,42.57,57.43,6.21,34.88,55.81,35.71,60.71,19.23,38.46
2026-05-17,14,7,2026-05-17 11:29:00,5,スマホのアプリ「Novil★ラボ!」杯競走,6,4702,三浦 敬太,1,38,52,0,0,0.14,6.05,49.02,59.8,6.29,42.86,71.43,22.22,51.85,32,48
2026-05-17,14,8,2026-05-17 12:00:00,5,スマホのアプリ「Novil★ラボ!」杯競走,1,4506,稗田 聖也,3,38,52.1,0,0,0.14,6.65,56.04,69.23,7.21,57.89,78.95,66.67,66.67,18.75,37.5
2026-05-17,14,8,2026-05-17 12:00:00,5,スマホのアプリ「Novil★ラボ!」杯競走,2,4055,吉田 俊彦,1,47,52,0,0,0.15,5.98,39.71,55.88,5.85,44.44,51.85,68.75,81.25,16.67,33.33
2026-05-17,14,8,2026-05-17 12:00:00,5,スマホのアプリ「Novil★ラボ!」杯競走,3,4031,飯島 誠,3,47,52.1,0,0,0.17,4.68,29.03,44.09,3.55,10,30,13.33,26.67,16.13,29.03
2026-05-17,14,8,2026-05-17 12:00:00,5,スマホのアプリ「Novil★ラボ!」杯競走,4,4143,浦田 晃嗣,3,44,55.5,0,0,0.16,4.01,17.28,35.8,7.38,62.5,75,31.25,56.25,47.06,64.71
2026-05-17,14,8,2026-05-17 12:00:00,5,スマホのアプリ「Novil★ラボ!」杯競走,5,3613,角谷 健吾,1,53,52,0,0,0.15,6.06,47.06,61.34,5.88,50,50,18.75,31.25,25,43.75
2026-05-17,14,8,2026-05-17 12:00:00,5,スマホのアプリ「Novil★ラボ!」杯競走,6,4871,菊池 宏志,3,33,52,0,0,0.17,4.71,26.74,44.19,4.57,23.81,42.86,10.71,14.29,22.73,36.36
2026-05-17,14,9,2026-05-17 12:35:00,5,スマホのアプリ「Novil★ラボ!」杯競走,1,3953,志道 吉和,3,49,53,0,0,0.2,3.24,11.76,20.59,3.53,6.67,33.33,35.29,41.18,42.86,60.71
2026-05-17,14,9,2026-05-17 12:35:00,5,スマホのアプリ「Novil★ラボ!」杯競走,2,4903,吉田 凌太朗,1,32,51.5,0,0,0.15,6.8,52.94,69.61,6.05,42.11,63.16,23.53,64.71,20.83,33.33
2026-05-17,14,9,2026-05-17 12:35:00,5,スマホのアプリ「Novil★ラボ!」杯競走,3,4973,栗原 直也,2,33,52,1,0,0.18,5.02,32.17,45.22,6,38.46,69.23,11.54,15.38,41.18,47.06
2026-05-17,14,9,2026-05-17 12:35:00,5,スマホのアプリ「Novil★ラボ!」杯競走,4,4015,前野 竜一,2,46,57.9,0,0,0.16,6.14,40.52,64.66,5.5,32.35,61.76,37.5,43.75,29.03,54.84
2026-05-17,14,9,2026-05-17 12:35:00,5,スマホのアプリ「Novil★ラボ!」杯競走,5,5388,佐野 優都,3,19,52.2,0,0,0.15,4.27,21.65,37.11,4.29,22.03,42.37,20,44,82.35,88.24
2026-05-17,14,9,2026-05-17 12:35:00,5,スマホのアプリ「Novil★ラボ!」杯競走,6,5219,森口 和紀,4,25,52,0,0,0.17,4.75,31.94,44.44,3.79,15.79,31.58,46.43,60.71,20,33.33
2026-05-17,14,10,2026-05-17 13:07:00,5,スマホのアプリ「Novil★ラボ!」杯競走,1,4415,下出 卓矢,2,39,55,0,0,0.13,6.41,52.43,60.19,5.63,33.33,51.85,13.33,33.33,31.25,56.25
2026-05-17,14,10,2026-05-17 13:07:00,5,スマホのアプリ「Novil★ラボ!」杯競走,2,4572,渡部 悟,2,37,55.3,0,0,0.14,5.21,33.64,49.53,6.94,58.82,82.35,15.79,36.84,26.67,33.33
2026-05-17,14,10,2026-05-17 13:07:00,5,スマホのアプリ「Novil★ラボ!」杯競走,3,4532,秋元 哲,1,37,51.5,1,0,0.13,7.23,58.59,73.44,7,63.64,63.64,40,56,29.41,64.71
2026-05-17,14,10,2026-05-17 13:07:00,5,スマホのアプリ「Novil★ラボ!」杯競走,4,3742,宮地 秀祈,3,51,52,0,0,0.18,4.52,24.05,40.51,5.11,44.44,55.56,46.43,57.14,40.74,62.96
2026-05-17,14,10,2026-05-17 13:07:00,5,スマホのアプリ「Novil★ラボ!」杯競走,5,3459,中野 和裕,3,59,53.4,0,0,0.17,3.67,12.35,27.16,3,0,14.29,25.93,51.85,33.33,56.67
2026-05-17,14,10,2026-05-17 13:07:00,5,スマホのアプリ「Novil★ラボ!」杯競走,6,3293,宮内 由紀英,3,60,52,0,0,0.2,3.8,11.84,32.89,4.25,12.5,37.5,38.89,55.56,6.67,33.33
2026-05-17,14,11,2026-05-17 13:39:00,5,スマホのアプリ「Novil★ラボ!」杯競走,1,4381,田路 朋史,2,41,51.5,0,0,0.17,5.57,37.5,52.88,5.48,39.39,54.55,23.08,42.31,16,20
2026-05-17,14,11,2026-05-17 13:39:00,5,スマホのアプリ「Novil★ラボ!」杯競走,2,3956,横澤 剛治,1,48,55.7,0,0,0.15,6.13,42.57,57.43,6.21,34.88,55.81,35.71,60.71,19.23,38.46
2026-05-17,14,11,2026-05-17 13:39:00,5,スマホのアプリ「Novil★ラボ!」杯競走,3,4793,金子 萌,2,36,52,0,0,0.14,6.23,46.9,65.49,6.35,41.18,64.71,30.77,42.31,35.71,50
2026-05-17,14,11,2026-05-17 13:39:00,5,スマホのアプリ「Novil★ラボ!」杯競走,4,4179,広次 修,3,43,51.5,0,0,0.16,5.82,37.62,61.39,4.91,30.43,52.17,21.43,39.29,37.04,59.26
2026-05-17,14,11,2026-05-17 13:39:00,5,スマホのアプリ「Novil★ラボ!」杯競走,5,4295,小坂 尚哉,1,39,51.5,0,0,0.15,7.07,53.66,75.61,7.27,46.67,73.33,25.93,48.15,29.17,41.67
2026-05-17,14,11,2026-05-17 13:39:00,5,スマホのアプリ「Novil★ラボ!」杯競走,6,5002,上田 健太,2,30,52.2,0,0,0.15,5.91,40.37,62.39,5.19,25,56.25,43.48,52.17,26.92,30.77
2026-05-17,14,12,2026-05-17 14:14:00,5,スマホのアプリ「Novil★ラボ!」杯競走,1,3909,佐々木 康幸,1,52,54.3,0,0,0.11,6.65,50.44,66.37,6.39,55.56,55.56,29.41,47.06,43.75,56.25
2026-05-17,14,12,2026-05-17 14:14:00,5,スマホのアプリ「Novil★ラボ!」杯競走,2,3692,竹腰 正樹,2,55,52,0,0,0.13,4.53,22.34,45.74,5.86,57.14,57.14,54.55,68.18,40.91,59.09
2026-05-17,14,12,2026-05-17 14:14:00,5,スマホのアプリ「Novil★ラボ!」杯競走,3,3489,大場 敏,2,59,53.1,0,0,0.16,5.79,36.89,56.56,5.95,44.74,65.79,25,32.14,31.82,45.45
2026-05-17,14,12,2026-05-17 14:14:00,5,スマホのアプリ「Novil★ラボ!」杯競走,4,5172,田村 慶,3,25,52.3,0,0,0.2,4.68,24.32,39.19,5.49,34.67,53.33,15.38,38.46,38.46,57.69
2026-05-17,14,12,2026-05-17 14:14:00,5,スマホのアプリ「Novil★ラボ!」杯競走,5,4890,石川 諒,3,37,52,0,0,0.13,5.82,36.17,63.83,5.2,28.57,45.71,37.04,37.04,14.29,35.71
2026-05-17,14,12,2026-05-17 14:14:00,5,スマホのアプリ「Novil★ラボ!」杯競走,6,4055,吉田 俊彦,1,47,52,0,0,0.15,5.98,39.71,55.88,5.85,44.44,51.85,68.75,81.25,16.67,33.33
2026-05-17,15,1,2026-05-17 15:30:00,5,ふじむら杯,1,3568,木村 光宏,3,55,53.1,0,0,0.17,4.21,23.33,38.89,5.27,31.37,55.88,39.07,53.64,34.2,47.67
2026-05-17,15,1,2026-05-17 15:30:00,5,ふじむら杯,2,3224,栗山 繁洋,3,61,51.5,0,0,0.19,3.69,12.82,29.49,4.33,22.22,33.33,38.51,56.52,27.66,46.81
2026-05-17,15,1,2026-05-17 15:30:00,5,ふじむら杯,3,4390,松本 弓雄,3,40,52.1,0,0,0.21,4.41,20.59,37.25,4.75,25,50,36.97,52.73,47.59,63.64
2026-05-17,15,1,2026-05-17 15:30:00,5,ふじむら杯,4,5268,山本 幸也,3,25,55.6,0,0,0.23,3.77,19.18,28.77,1.85,0,7.69,39.19,56.76,38.97,53.85
2026-05-17,15,1,2026-05-17 15:30:00,5,ふじむら杯,5,5044,渡邉 健,3,27,56.8,0,0,0.14,4.32,25.29,39.08,5.31,38.46,53.85,26.58,38.61,36.92,50.77
2026-05-17,15,1,2026-05-17 15:30:00,5,ふじむら杯,6,3880,浅見 宗孝,3,53,54.7,1,0,0.18,4.49,23.16,38.95,0,0,0,45.58,62.59,19.66,38.76
2026-05-17,15,2,2026-05-17 16:10:00,5,ふじむら杯,1,3741,松尾 基成,3,52,56,0,0,0.19,3.53,16.48,25.27,3.56,18.75,25,38.55,56.63,30,44.74
2026-05-17,15,2,2026-05-17 16:10:00,5,ふじむら杯,2,4092,岡部 大輔,3,45,52.1,0,0,0.14,4.95,29.35,45.65,5.73,27.27,72.73,38.06,47.74,29.32,42.41
2026-05-17,15,2,2026-05-17 16:10:00,5,ふじむら杯,3,5141,大澤 風葵,2,25,52.4,0,0,0.12,6.76,57.78,73.33,0,0,0,35.67,58.6,40.4,57.58
2026-05-17,15,2,2026-05-17 16:10:00,5,ふじむら杯,4,3411,池上 隆行,3,56,51,0,0,0.18,3.7,11.24,26.97,4.8,20,20,38.61,51.27,29.17,48.96
2026-05-17,15,2,2026-05-17 16:10:00,5,ふじむら杯,5,3300,川崎 智幸,1,59,53.3,0,0,0.15,5.74,40,57.5,6.5,50,65,24.84,38.22,29.79,39.89
2026-05-17,15,2,2026-05-17 16:10:00,5,ふじむら杯,6,5453,久保 翔耶,4,20,52,0,0,,0,0,0,0,0,0,29.94,49.04,32.79,48.63
2026-05-17,15,3,2026-05-17 16:37:00,5,ふじむら杯,1,4557,松尾 光広,3,36,52.6,0,0,0.17,4.11,15.38,38.46,5,50,50,36.42,53.09,36.55,54.31
2026-05-17,15,3,2026-05-17 16:37:00,5,ふじむら杯,2,3297,藤丸 光一,3,59,50.5,0,0,0.18,4.46,20.29,42.03,4.82,31.82,50,29.41,45.29,28.04,50.26
2026-05-17,15,3,2026-05-17 16:37:00,5,ふじむら杯,3,5032,谷口 知優,3,28,52,0,0,0.15,5.41,33.02,54.72,5.57,35.8,54.32,37.5,52.5,26.88,39.78
2026-05-17,15,3,2026-05-17 16:37:00,5,ふじむら杯,4,3859,多羅尾 達之,3,52,50.5,0,0,0.15,4.46,28.17,40.85,3.78,16.67,27.78,28.31,46.99,42.86,64.55
2026-05-17,15,3,2026-05-17 16:37:00,5,ふじむら杯,5,3612,馬袋 義則,1,53,52.5,0,0,0.13,6.42,51.13,66.92,6.18,45.45,63.64,29.75,48.73,28.65,44.32
2026-05-17,15,3,2026-05-17 16:37:00,5,ふじむら杯,6,5054,佐々木 大河,2,30,52,0,0,0.14,6.33,44.44,68.69,5.44,44.44,55.56,45.22,61.78,35.53,52.79
2026-05-17,15,4,2026-05-17 17:13:00,5,ふじむら杯,1,4567,上村 慎太郎,3,38,51.5,0,0,0.22,4.01,12.33,34.25,0,0,0,41.18,62.75,34.02,48.97
2026-05-17,15,4,2026-05-17 17:13:00,5,ふじむら杯,2,3771,折下 寛法,3,52,51,0,0,0.16,5.16,31.03,51.72,5.79,36.84,57.89,53.9,73.38,28.04,42.86
2026-05-17,15,4,2026-05-17 17:13:00,5,ふじむら杯,3,4177,萬 正嗣,3,43,57.3,0,0,0.17,4.5,24.36,42.31,2.2,0,20,34.15,49.39,32.69,50.64
2026-05-17,15,4,2026-05-17 17:13:00,5,ふじむら杯,4,3554,仲口 博崇,1,53,52.2,0,0,0.18,6.58,51.82,70.8,6.45,60,70,26.45,43.87,43.39,59.79
2026-05-17,15,4,2026-05-17 17:13:00,5,ふじむら杯,5,3304,烏野 賢太,2,58,52,0,0,0.17,6.31,41.54,66.92,5.73,35,48.33,36.71,55.06,43.81,60.82
2026-05-17,15,4,2026-05-17 17:13:00,5,ふじむら杯,6,4368,山口 隆史,3,40,53,0,0,0.19,3.75,14.77,27.27,5.35,45,55,36.48,55.35,37.63,49.48
2026-05-17,15,5,2026-05-17 17:37:00,5,ふじむら杯,1,3906,飯山 晃三,3,48,59.6,0,0,0.18,4.31,27.1,41.12,4.44,29.63,48.15,44.81,64.94,37.44,51.28
2026-05-17,15,5,2026-05-17 17:37:00,5,ふじむら杯,2,4872,山下 流心,3,33,52.4,0,0,0.16,4.43,24.53,38.68,5.2,23.33,50,30.38,46.2,33.68,49.74
2026-05-17,15,5,2026-05-17 17:37:00,5,ふじむら杯,3,5166,仲道 大輔,2,26,52,0,0,0.2,6.24,39.08,66.67,4.88,37.5,50,26.92,42.31,25.95,43.24
2026-05-17,15,5,2026-05-17 17:37:00,5,ふじむら杯,4,5392,安武 一也,4,25,51.5,0,0,0.2,1.51,1.35,1.35,0,0,0,47.02,64.9,35.94,52.6
2026-05-17,15,5,2026-05-17 17:37:00,5,ふじむら杯,5,3557,太田 和美,1,53,53.1,0,0,0.15,6.86,51.75,68.53,7.95,73.68,89.47,32.3,44.72,29.12,48.35
2026-05-17,15,5,2026-05-17 17:37:00,5,ふじむら杯,6,4041,小林 基樹,4,46,52.7,0,0,0.22,4.49,21.62,37.84,3.9,24.14,34.48,29.22,40.26,27.96,41.4
2026-05-17,15,6,2026-05-17 18:04:00,5,ふじむら杯,1,3550,都築 正治,2,54,52.2,0,0,0.16,5.49,39.17,52.5,4,20,26.67,28.19,46.31,35.42,52.6
2026-05-17,15,6,2026-05-17 18:04:00,5,ふじむら杯,2,4538,笠置 博之,2,35,54,0,0,0.14,6.39,50.85,62.71,6.42,47.37,68.42,26.62,40.26,24.73,39.56
2026-05-17,15,6,2026-05-17 18:04:00,5,ふじむら杯,3,5044,渡邉 健,3,27,56.8,0,0,0.14,4.32,25.29,39.08,5.31,38.46,53.85,26.58,38.61,36.92,50.77
2026-05-17,15,6,2026-05-17 18:04:00,5,ふじむら杯,4,3809,吉田 光,3,50,51,0,0,0.17,4.15,13.85,40,3.05,5.26,15.79,38.51,63.51,31.72,50
2026-05-17,15,6,2026-05-17 18:04:00,5,ふじむら杯,5,4697,國弘 翔平,3,39,49.5,0,0,0.18,4.2,22.73,34.09,2.83,0,33.33,40.52,58.82,28.09,42.13
2026-05-17,15,6,2026-05-17 18:04:00,5,ふじむら杯,6,4002,古結 宏,1,48,52.6,0,0,0.15,6.51,46.09,63.48,7.37,63.16,68.42,27.27,47.88,30.81,44.32
2026-05-17,15,7,2026-05-17 18:28:00,5,ふじむら杯,1,4092,岡部 大輔,3,45,52.1,0,0,0.14,4.95,29.35,45.65,5.73,27.27,72.73,38.06,47.74,29.32,42.41
2026-05-17,15,7,2026-05-17 18:28:00,5,ふじむら杯,2,4324,海野 康志郎,1,38,55.1,0,0,0.14,7.54,60,69.6,7.5,54.17,72.92,25.33,40.67,38.69,58.29
2026-05-17,15,7,2026-05-17 18:28:00,5,ふじむら杯,3,3880,浅見 宗孝,3,53,54.7,1,0,0.18,4.49,23.16,38.95,0,0,0,45.58,62.59,19.66,38.76
2026-05-17,15,7,2026-05-17 18:28:00,5,ふじむら杯,4,4174,赤坂 俊輔,1,43,52,0,0,0.16,6.31,41.18,65.44,6.16,40.54,59.46,36.67,52,34.57,51.6
2026-05-17,15,7,2026-05-17 18:28:00,5,ふじむら杯,5,5154,村松 栄太,3,29,52.9,0,0,0.19,4.77,22.64,44.34,3.96,17.86,32.14,38.65,53.37,28.8,45.11
2026-05-17,15,7,2026-05-17 18:28:00,5,ふじむら杯,6,3641,一瀬 明,2,54,52,0,0,0.16,6.56,47.41,66.38,6.11,52.63,63.16,37.75,52.98,36.98,55.21
2026-05-17,15,8,2026-05-17 18:54:00,5,ふじむら杯,1,4931,木谷 賢太,1,30,52,0,0,0.14,6.81,45.83,76.67,6.74,48.15,68.52,44.16,59.74,32.09,51.34
2026-05-17,15,8,2026-05-17 18:54:00,5,ふじむら杯,2,3251,平石 和男,2,59,51,0,0,0.19,5.72,39.53,58.14,5.82,40,55.56,37.65,61.11,44.74,61.58
2026-05-17,15,8,2026-05-17 18:54:00,5,ふじむら杯,3,3411,池上 隆行,3,56,51,0,0,0.18,3.7,11.24,26.97,4.8,20,20,38.61,51.27,29.17,48.96
2026-05-17,15,8,2026-05-17 18:54:00,5,ふじむら杯,4,5139,大場 恒季,2,25,52,0,0,0.14,6.39,46.15,60.58,0,0,0,28.95,44.08,33.33,44.62
2026-05-17,15,8,2026-05-17 18:54:00,5,ふじむら杯,5,3859,多羅尾 達之,3,52,50.5,0,0,0.15,4.46,28.17,40.85,3.78,16.67,27.78,28.31,46.99,42.86,64.55
2026-05-17,15,8,2026-05-17 18:54:00,5,ふじむら杯,6,5268,山本 幸也,3,25,55.6,0,0,0.23,3.77,19.18,28.77,1.85,0,7.69,39.19,56.76,38.97,53.85
2026-05-17,15,9,2026-05-17 19:23:00,5,ふじむら杯,1,5141,大澤 風葵,2,25,52.4,0,0,0.12,6.76,57.78,73.33,0,0,0,35.67,58.6,40.4,57.58
2026-05-17,15,9,2026-05-17 19:23:00,5,ふじむら杯,2,4259,真庭 明志,2,42,52,0,0,0.15,5.75,40.15,59.09,5.48,29.55,47.73,46.2,61.39,32.46,53.93
2026-05-17,15,9,2026-05-17 19:23:00,5,ふじむら杯,3,4967,中村 魁生,1,27,51.5,0,0,0.12,6.81,50,69.32,5.67,38.89,55.56,28.57,43.51,30,48.42
2026-05-17,15,9,2026-05-17 19:23:00,5,ふじむら杯,4,3297,藤丸 光一,3,59,50.5,0,0,0.18,4.46,20.29,42.03,4.82,31.82,50,29.41,45.29,28.04,50.26
2026-05-17,15,9,2026-05-17 19:23:00,5,ふじむら杯,5,4567,上村 慎太郎,3,38,51.5,0,0,0.22,4.01,12.33,34.25,0,0,0,41.18,62.75,34.02,48.97
2026-05-17,15,9,2026-05-17 19:23:00,5,ふじむら杯,6,3224,栗山 繁洋,3,61,51.5,0,0,0.19,3.69,12.82,29.49,4.33,22.22,33.33,38.51,56.52,27.66,46.81
2026-05-17,15,10,2026-05-17 19:50:00,5,ふじむら杯,1,4437,中田 元泰,1,39,53.3,0,0,0.16,5.81,44.25,56.64,6.16,46.94,59.86,23.9,43.4,39.29,54.59
2026-05-17,15,10,2026-05-17 19:50:00,5,ふじむら杯,2,4817,渡邉 翼,2,35,50.5,0,0,0.13,6.52,50,68.27,4.62,15.38,46.15,35.19,55.56,36.84,54.21
2026-05-17,15,10,2026-05-17 19:50:00,5,ふじむら杯,3,5054,佐々木 大河,2,30,52,0,0,0.14,6.33,44.44,68.69,5.44,44.44,55.56,45.22,61.78,35.53,52.79
2026-05-17,15,10,2026-05-17 19:50:00,5,ふじむら杯,4,3550,都築 正治,2,54,52.2,0,0,0.16,5.49,39.17,52.5,4,20,26.67,28.19,46.31,35.42,52.6
2026-05-17,15,10,2026-05-17 19:50:00,5,ふじむら杯,5,4368,山口 隆史,3,40,53,0,0,0.19,3.75,14.77,27.27,5.35,45,55,36.48,55.35,37.63,49.48
2026-05-17,15,10,2026-05-17 19:50:00,5,ふじむら杯,6,4872,山下 流心,3,33,52.4,0,0,0.16,4.43,24.53,38.68,5.2,23.33,50,30.38,46.2,33.68,49.74
2026-05-17,15,11,2026-05-17 20:16:00,5,ふじむら杯,1,4174,赤坂 俊輔,1,43,52,0,0,0.16,6.31,41.18,65.44,6.16,40.54,59.46,36.67,52,34.57,51.6
2026-05-17,15,11,2026-05-17 20:16:00,5,ふじむら杯,2,3612,馬袋 義則,1,53,52.5,0,0,0.13,6.42,51.13,66.92,6.18,45.45,63.64,29.75,48.73,28.65,44.32
2026-05-17,15,11,2026-05-17 20:16:00,5,ふじむら杯,3,3304,烏野 賢太,2,58,52,0,0,0.17,6.31,41.54,66.92,5.73,35,48.33,36.71,55.06,43.81,60.82
2026-05-17,15,11,2026-05-17 20:16:00,5,ふじむら杯,4,3568,木村 光宏,3,55,53.1,0,0,0.17,4.21,23.33,38.89,5.27,31.37,55.88,39.07,53.64,34.2,47.67
2026-05-17,15,11,2026-05-17 20:16:00,5,ふじむら杯,5,5166,仲道 大輔,2,26,52,0,0,0.2,6.24,39.08,66.67,4.88,37.5,50,26.92,42.31,25.95,43.24
2026-05-17,15,11,2026-05-17 20:16:00,5,ふじむら杯,6,4538,笠置 博之,2,35,54,0,0,0.14,6.39,50.85,62.71,6.42,47.37,68.42,26.62,40.26,24.73,39.56
2026-05-17,15,12,2026-05-17 20:45:00,5,ふじむら杯,1,4324,海野 康志郎,1,38,55.1,0,0,0.14,7.54,60,69.6,7.5,54.17,72.92,25.33,40.67,38.69,58.29
2026-05-17,15,12,2026-05-17 20:45:00,5,ふじむら杯,2,3557,太田 和美,1,53,53.1,0,0,0.15,6.86,51.75,68.53,7.95,73.68,89.47,32.3,44.72,29.12,48.35
2026-05-17,15,12,2026-05-17 20:45:00,5,ふじむら杯,3,3554,仲口 博崇,1,53,52.2,0,0,0.18,6.58,51.82,70.8,6.45,60,70,26.45,43.87,43.39,59.79
2026-05-17,15,12,2026-05-17 20:45:00,5,ふじむら杯,4,4002,古結 宏,1,48,52.6,0,0,0.15,6.51,46.09,63.48,7.37,63.16,68.42,27.27,47.88,30.81,44.32
2026-05-17,15,12,2026-05-17 20:45:00,5,ふじむら杯,5,4931,木谷 賢太,1,30,52,0,0,0.14,6.81,45.83,76.67,6.74,48.15,68.52,44.16,59.74,32.09,51.34
2026-05-17,15,12,2026-05-17 20:45:00,5,ふじむら杯,6,3300,川崎 智幸,1,59,53.3,0,0,0.15,5.74,40,57.5,6.5,50,65,24.84,38.22,29.79,39.89
2026-05-17,17,1,2026-05-17 10:52:00,5,サントリー杯,1,4513,河野 真也,2,37,52,0,0,0.18,5.59,40.91,54.55,3.5,10,30,25.78,46.09,40.67,56
2026-05-17,17,1,2026-05-17 10:52:00,5,サントリー杯,2,4458,抹香 雄三,3,40,52.8,0,0,0.14,5.45,33.33,52.38,4.59,30.86,39.51,32.48,49.68,34.48,51.72
2026-05-17,17,1,2026-05-17 10:52:00,5,サントリー杯,3,3801,五反田 忍,4,52,49.5,0,0,0.17,4.96,38.81,52.24,4.97,33.33,46.67,42.48,60.13,38.97,55.15
2026-05-17,17,1,2026-05-17 10:52:00,5,サントリー杯,4,3497,後藤 浩,3,57,52,0,0,0.17,5.09,34.07,48.35,5.25,12.5,62.5,36.03,55.15,35.06,59.74
2026-05-17,17,1,2026-05-17 10:52:00,5,サントリー杯,5,5134,大原 祥昌,3,26,53.2,0,0,0.15,5.93,41.24,59.79,5.57,35.45,58.2,42.48,61.44,29.11,45.57
2026-05-17,17,1,2026-05-17 10:52:00,5,サントリー杯,6,5276,大島 隆乃介,3,24,52,0,0,0.16,4.79,22.02,43.12,2.78,0,22.22,34.21,47.37,31.48,47.53
2026-05-17,17,2,2026-05-17 11:17:00,5,サントリー杯,1,4271,川崎 公靖,3,44,52,0,0,0.16,4.35,25,38.39,5.08,33.33,52.78,34.53,47.48,40.4,52.98
2026-05-17,17,2,2026-05-17 11:17:00,5,サントリー杯,2,3869,井芹 大志,3,50,53.9,0,0,0.17,3.87,18.42,34.21,4.45,24.14,44.83,30.3,53.79,22.32,35.71
2026-05-17,17,2,2026-05-17 11:17:00,5,サントリー杯,3,4257,古川 健,3,42,52,0,0,0.16,4.42,23.53,37.65,5.6,38.6,52.63,26.62,43.88,38.89,50.79
2026-05-17,17,2,2026-05-17 11:17:00,5,サントリー杯,4,3875,廣中 良一,3,49,52,0,0,0.17,4.28,25,37,0,0,0,30.15,44.85,29.01,46.56
2026-05-17,17,2,2026-05-17 11:17:00,5,サントリー杯,5,5076,石原 光,3,30,54.2,0,0,0.16,5.4,36.36,54.55,6.3,45,55,24.43,42.75,32.92,55.28
2026-05-17,17,2,2026-05-17 11:17:00,5,サントリー杯,6,4663,籾山 佳岳,4,43,51.5,0,0,0.16,5.62,38.1,57.14,5.4,40,60,35.42,51.39,42.86,60.71
2026-05-17,17,3,2026-05-17 11:42:00,5,サントリー杯,1,4489,岩川 仁士,3,39,53.3,0,0,0.15,5.31,33.98,50.49,6.11,42.11,68.42,23.08,35.38,27.42,48.39
2026-05-17,17,3,2026-05-17 11:42:00,5,サントリー杯,2,4516,野口 勝弘,2,39,50.5,0,0,0.16,6.47,48.82,66.14,7.26,51.06,78.72,23.08,39.32,28.21,46.15
2026-05-17,17,3,2026-05-17 11:42:00,5,サントリー杯,3,4531,武富 智亮,2,37,52,0,0,0.16,6.31,42.37,65.25,6.74,54.84,64.52,26.36,41.09,23.42,36.94
2026-05-17,17,3,2026-05-17 11:42:00,5,サントリー杯,4,4043,桐本 康臣,2,46,53.2,0,0,0.15,5.93,40,62,5.63,34.29,57.14,44.9,59.18,28.47,45.99
2026-05-17,17,3,2026-05-17 11:42:00,5,サントリー杯,5,4094,中島 真二,3,45,52,0,0,0.17,4.49,27.16,39.51,4,14.81,33.33,43.23,62.58,40.85,56.1
2026-05-17,17,3,2026-05-17 11:42:00,5,サントリー杯,6,4543,重木 輝彦,1,38,52,1,0,0.17,6.91,51.22,69.11,6.47,58.82,64.71,45.52,63.45,27.69,46.92
2026-05-17,17,4,2026-05-17 12:17:00,5,サントリー杯,1,3306,武田 正紀,3,58,54,0,0,0.16,4.24,19.51,37.8,3.88,12.5,25,25.53,39.01,28,46.4
2026-05-17,17,4,2026-05-17 12:17:00,5,サントリー杯,2,3350,藤本 佳史,2,58,53.2,0,0,0.15,4.93,29.31,48.28,3.18,5.88,23.53,32.58,46.97,33.33,49.09
2026-05-17,17,4,2026-05-17 12:17:00,5,サントリー杯,3,3804,中渡 修作,3,52,52.3,0,0,0.17,5.02,30.28,49.54,3.78,18.92,27.03,30.88,48.53,37.5,50.78
2026-05-17,17,4,2026-05-17 12:17:00,5,サントリー杯,4,4560,庄司 樹良々,2,35,52,0,0,0.15,5.97,41.53,61.02,5.8,40,65,35.8,50.62,29.86,48.61
2026-05-17,17,4,2026-05-17 12:17:00,5,サントリー杯,5,3663,木山 和幸,2,56,50.5,0,0,0.16,5.59,36.84,57.89,5.61,38.68,57.55,24.39,39.02,34.72,58.33
2026-05-17,17,4,2026-05-17 12:17:00,5,サントリー杯,6,5452,上馬場 風依,4,20,51.5,0,0,,0,0,0,0,0,0,23.66,41.22,34.01,42.86
2026-05-17,17,5,2026-05-17 12:50:00,5,サントリー杯,1,5193,米丸 乃絵,1,24,46.5,0,0,0.14,6.7,45.45,68.94,6.09,41.86,60.47,39.74,50,36.11,56.25
2026-05-17,17,5,2026-05-17 12:50:00,5,サントリー杯,2,5251,沼田 七華,4,23,51.9,0,0,0.19,2.24,2.44,7.32,2.24,2.7,5.41,25.85,34.69,36.62,52.82
2026-05-17,17,5,2026-05-17 12:50:00,5,サントリー杯,3,5295,田上 凜,3,24,46.5,0,0,0.2,5.04,30.11,46.24,3,0,16.67,37.66,59.74,32.85,48.91
2026-05-17,17,5,2026-05-17 12:50:00,5,サントリー杯,4,5250,嶋田 有里,3,23,45,0,0,0.2,4.03,15.73,33.71,4.71,28.57,57.14,24.59,40.16,25.69,38.53
2026-05-17,17,5,2026-05-17 12:50:00,5,サントリー杯,5,4456,鎌倉 涼,1,37,45.5,0,0,0.17,7.08,48.81,64.29,5.8,46.67,56.67,34.23,53.02,37.32,46.48
2026-05-17,17,5,2026-05-17 12:50:00,5,サントリー杯,6,4874,池田 奈津美,3,32,51.4,0,0,0.14,4.61,22.22,45.56,3.69,18.75,37.5,50,68.59,47.37,62.5
2026-05-17,17,6,2026-05-17 13:25:00,5,サントリー杯,1,4382,高山 智至,3,41,53,0,0,0.16,5.13,24.36,50,5.73,45.45,54.55,22.22,40.17,39.33,50.67
2026-05-17,17,6,2026-05-17 13:25:00,5,サントリー杯,2,5134,大原 祥昌,3,26,53.2,0,0,0.15,5.93,41.24,59.79,5.57,35.45,58.2,42.48,61.44,29.11,45.57
2026-05-17,17,6,2026-05-17 13:25:00,5,サントリー杯,3,4118,宇佐見 淳,1,45,52.1,0,0,0.14,5.91,42.14,59.29,6.07,39.29,60.71,43.15,57.53,38.32,55.69
2026-05-17,17,6,2026-05-17 13:25:00,5,サントリー杯,4,3813,佐藤 大介,1,50,52,0,0,0.17,6.57,48.12,67.67,5.1,10,70,34.31,45.99,32.93,50.3
2026-05-17,17,6,2026-05-17 13:25:00,5,サントリー杯,5,3878,胡本 悟志,3,48,51,0,0,0.18,4.58,26.03,38.36,4.25,25,41.67,24.6,43.65,33.54,48.73
2026-05-17,17,6,2026-05-17 13:25:00,5,サントリー杯,6,5413,宮城 那菜,4,20,47.7,0,0,0.17,1.88,4.11,6.85,0,0,0,32.88,43.15,35.76,50.91
2026-05-17,17,7,2026-05-17 14:01:00,5,サントリー杯,1,3801,五反田 忍,4,52,49.5,0,0,0.17,4.96,38.81,52.24,4.97,33.33,46.67,42.48,60.13,38.97,55.15
2026-05-17,17,7,2026-05-17 14:01:00,5,サントリー杯,2,4581,吉村 誠,1,36,52,0,0,0.14,6.13,44.88,59.84,6.72,50,72.22,33.78,55.41,32.08,51.57
2026-05-17,17,7,2026-05-17 14:01:00,5,サントリー杯,3,4951,新田 洋一,3,32,53.5,0,0,0.14,4.95,26.6,48.94,6.04,45.59,64.71,35.29,53.68,31.58,40.79
2026-05-17,17,7,2026-05-17 14:01:00,5,サントリー杯,4,3869,井芹 大志,3,50,53.9,0,0,0.17,3.87,18.42,34.21,4.45,24.14,44.83,30.3,53.79,22.32,35.71
2026-05-17,17,7,2026-05-17 14:01:00,5,サントリー杯,5,3773,津留 浩一郎,3,52,55.4,0,0,0.15,4.01,18.99,36.71,4.22,33.33,33.33,39.74,58.97,30.12,50.6
2026-05-17,17,7,2026-05-17 14:01:00,5,サントリー杯,6,4036,金田 諭,1,47,52,0,0,0.16,6.47,45.87,71.56,6.4,50,60,31.61,52.26,38.85,56.05
2026-05-17,17,8,2026-05-17 14:34:00,5,サントリー杯,1,4397,西村 拓也,1,39,52.1,0,0,0.14,7.21,51.3,70.43,5.22,33.33,44.44,42.31,57.69,25,39.06
2026-05-17,17,8,2026-05-17 14:34:00,5,サントリー杯,2,4270,岸本 雄貴,3,44,55.5,0,0,0.17,4.57,26.67,42.67,3.89,22.22,33.33,37.33,54.67,34.23,51.01
2026-05-17,17,8,2026-05-17 14:34:00,5,サントリー杯,3,5076,石原 光,3,30,54.2,0,0,0.16,5.4,36.36,54.55,6.3,45,55,24.43,42.75,32.92,55.28
2026-05-17,17,8,2026-05-17 14:34:00,5,サントリー杯,4,4531,武富 智亮,2,37,52,0,0,0.16,6.31,42.37,65.25,6.74,54.84,64.52,26.36,41.09,23.42,36.94
2026-05-17,17,8,2026-05-17 14:34:00,5,サントリー杯,5,5452,上馬場 風依,4,20,51.5,0,0,,0,0,0,0,0,0,23.66,41.22,34.01,42.86
2026-05-17,17,8,2026-05-17 14:34:00,5,サントリー杯,6,4458,抹香 雄三,3,40,52.8,0,0,0.14,5.45,33.33,52.38,4.59,30.86,39.51,32.48,49.68,34.48,51.72
2026-05-17,17,9,2026-05-17 15:08:00,5,サントリー杯,1,3663,木山 和幸,2,56,50,0,0,0.16,5.59,36.84,57.89,5.61,38.68,57.55,24.39,39.02,34.72,58.33
2026-05-17,17,9,2026-05-17 15:08:00,5,サントリー杯,2,5276,大島 隆乃介,3,24,51.5,0,0,0.16,4.79,22.02,43.12,2.78,0,22.22,34.21,47.37,31.48,47.53
2026-05-17,17,9,2026-05-17 15:08:00,5,サントリー杯,3,5250,嶋田 有里,3,23,45,0,0,0.2,4.03,15.73,33.71,4.71,28.57,57.14,24.59,40.16,25.69,38.53
2026-05-17,17,9,2026-05-17 15:08:00,5,サントリー杯,4,4094,中島 真二,3,45,52.4,0,0,0.17,4.49,27.16,39.51,4,14.81,33.33,43.23,62.58,40.85,56.1
2026-05-17,17,9,2026-05-17 15:08:00,5,サントリー杯,5,5348,小林 甘寧,3,22,52,0,0,0.19,4.31,23.53,38.24,2.68,10.17,15.25,42.45,53.96,27.45,43.14
2026-05-17,17,9,2026-05-17 15:08:00,5,サントリー杯,6,3875,廣中 良一,3,49,51.5,0,0,0.17,4.28,25,37,0,0,0,30.15,44.85,29.01,46.56
2026-05-17,17,10,2026-05-17 15:44:00,5,サントリー杯,1,3497,後藤 浩,3,57,52,0,0,0.17,5.09,34.07,48.35,5.25,12.5,62.5,36.03,55.15,35.06,59.74
2026-05-17,17,10,2026-05-17 15:44:00,5,サントリー杯,2,3805,高橋 英之,2,51,52.6,0,0,0.13,5.08,30.23,51.16,5.79,33.33,58.33,27.27,48.48,33.81,50.36
2026-05-17,17,10,2026-05-17 15:44:00,5,サントリー杯,3,4516,野口 勝弘,2,39,50.5,0,0,0.16,6.47,48.82,66.14,7.26,51.06,78.72,23.08,39.32,28.21,46.15
2026-05-17,17,10,2026-05-17 15:44:00,5,サントリー杯,4,5251,沼田 七華,4,23,51.9,0,0,0.19,2.24,2.44,7.32,2.24,2.7,5.41,25.85,34.69,36.62,52.82
2026-05-17,17,10,2026-05-17 15:44:00,5,サントリー杯,5,4271,川崎 公靖,3,44,52,0,0,0.16,4.35,25,38.39,5.08,33.33,52.78,34.53,47.48,40.4,52.98
2026-05-17,17,10,2026-05-17 15:44:00,5,サントリー杯,6,3804,中渡 修作,3,52,52.3,0,0,0.17,5.02,30.28,49.54,3.78,18.92,27.03,30.88,48.53,37.5,50.78
2026-05-17,17,11,2026-05-17 16:16:00,5,サントリー杯,1,4118,宇佐見 淳,1,45,52.1,0,0,0.14,5.91,42.14,59.29,6.07,39.29,60.71,43.15,57.53,38.32,55.69
2026-05-17,17,11,2026-05-17 16:16:00,5,サントリー杯,2,4456,鎌倉 涼,1,37,45.5,0,0,0.17,7.08,48.81,64.29,5.8,46.67,56.67,34.23,53.02,37.32,46.48
2026-05-17,17,11,2026-05-17 16:16:00,5,サントリー杯,3,4543,重木 輝彦,1,38,52,1,0,0.17,6.91,51.22,69.11,6.47,58.82,64.71,45.52,63.45,27.69,46.92
2026-05-17,17,11,2026-05-17 16:16:00,5,サントリー杯,4,3784,中島 友和,3,49,52.7,0,0,0.16,4.81,27.91,48.84,5.9,28.57,66.67,22.69,42.02,40,59.31
2026-05-17,17,11,2026-05-17 16:16:00,5,サントリー杯,5,4513,河野 真也,2,37,52,0,0,0.18,5.59,40.91,54.55,3.5,10,30,25.78,46.09,40.67,56
2026-05-17,17,11,2026-05-17 16:16:00,5,サントリー杯,6,3350,藤本 佳史,2,58,53.2,0,0,0.15,4.93,29.31,48.28,3.18,5.88,23.53,32.58,46.97,33.33,49.09
2026-05-17,17,12,2026-05-17 16:53:00,5,サントリー杯,1,3813,佐藤 大介,1,50,52,0,0,0.17,6.57,48.12,67.67,5.1,10,70,34.31,45.99,32.93,50.3
2026-05-17,17,12,2026-05-17 16:53:00,5,サントリー杯,2,4043,桐本 康臣,2,46,53.2,0,0,0.15,5.93,40,62,5.63,34.29,57.14,44.9,59.18,28.47,45.99
2026-05-17,17,12,2026-05-17 16:53:00,5,サントリー杯,3,4560,庄司 樹良々,2,35,52,0,0,0.15,5.97,41.53,61.02,5.8,40,65,35.8,50.62,29.86,48.61
2026-05-17,17,12,2026-05-17 16:53:00,5,サントリー杯,4,4397,西村 拓也,1,39,52.1,0,0,0.14,7.21,51.3,70.43,5.22,33.33,44.44,42.31,57.69,25,39.06
2026-05-17,17,12,2026-05-17 16:53:00,5,サントリー杯,5,5295,田上 凜,3,24,46.5,0,0,0.2,5.04,30.11,46.24,3,0,16.67,37.66,59.74,32.85,48.91
2026-05-17,17,12,2026-05-17 16:53:00,5,サントリー杯,6,4581,吉村 誠,1,36,52,0,0,0.14,6.13,44.88,59.84,6.72,50,72.22,33.78,55.41,32.08,51.57
2026-05-17,19,1,2026-05-17 15:24:00,5,ルーキーシリーズ第10戦スカパー!JLC杯争奪,1,5325,澁川 夏,3,22,52,0,0,0.16,5.07,27.37,50.53,4.78,22.22,44.44,0,0,0,0
2026-05-17,19,1,2026-05-17 15:24:00,5,ルーキーシリーズ第10戦スカパー!JLC杯争奪,2,5133,堀越 雄貴,3,26,51.5,0,0,0.16,5.58,32.05,57.69,0,0,0,33.33,33.33,0,33.33
2026-05-17,19,1,2026-05-17 15:24:00,5,ルーキーシリーズ第10戦スカパー!JLC杯争奪,3,5034,若林 義人,1,28,53.8,0,0,0.14,6.7,52.63,64.66,6.71,54.84,64.52,0,0,0,37.5
2026-05-17,19,1,2026-05-17 15:24:00,5,ルーキーシリーズ第10戦スカパー!JLC杯争奪,4,5377,鳥居塚 嶺王,3,22,50,0,0,0.15,3.55,13.75,30,0,0,0,33.33,33.33,66.67,77.78
2026-05-17,19,1,2026-05-17 15:24:00,5,ルーキーシリーズ第10戦スカパー!JLC杯争奪,5,5343,小林 礼央,3,23,52,0,0,0.19,3.56,12.94,25.88,2.15,7.69,7.69,0,0,0,0
2026-05-17,19,1,2026-05-17 15:24:00,5,ルーキーシリーズ第10戦スカパー!JLC杯争奪,6,5375,庄島 潤成,4,22,53.8,0,0,0.22,2.54,5.13,15.38,1.67,0,5.88,30,50,33.33,33.33
2026-05-17,19,2,2026-05-17 15:54:00,5,ルーキーシリーズ第10戦スカパー!JLC杯争奪,1,5137,川原 涼,3,26,52.7,0,0,0.17,5.31,34.74,55.79,0,0,0,0,0,77.78,88.89
2026-05-17,19,2,2026-05-17 15:54:00,5,ルーキーシリーズ第10戦スカパー!JLC杯争奪,2,5263,花田 凱成,3,27,52,0,0,0.18,4.57,25.56,45.56,2.56,5.56,5.56,30,70,11.11,11.11
2026-05-17,19,2,2026-05-17 15:54:00,5,ルーキーシリーズ第10戦スカパー!JLC杯争奪,3,5190,大月 遊雅,3,25,52.3,0,0,0.18,4.36,22.73,39.77,0,0,0,0,0,11.11,33.33
2026-05-17,19,2,2026-05-17 15:54:00,5,ルーキーシリーズ第10戦スカパー!JLC杯争奪,4,5313,鈴木 唯央,3,25,53.3,0,0,0.18,4.64,23.58,42.45,0,0,0,22.22,55.56,0,0
2026-05-17,19,2,2026-05-17 15:54:00,5,ルーキーシリーズ第10戦スカパー!JLC杯争奪,5,5220,青木 蓮,1,25,51.5,0,0,0.14,6.04,41.61,62.04,0,0,0,0,0,33.33,33.33
2026-05-17,19,2,2026-05-17 15:54:00,5,ルーキーシリーズ第10戦スカパー!JLC杯争奪,6,5404,内田 壮,4,22,53.7,0,0,0.24,2.15,2.99,11.94,1.56,0,0,0,0,33.33,44.44
2026-05-17,19,3,2026-05-17 16:28:00,5,ルーキーシリーズ第10戦スカパー!JLC杯争奪,1,5114,小林 孝彰,2,26,52,0,0,0.16,5.37,36.75,51.28,6.27,36.36,72.73,11.11,22.22,0,0
2026-05-17,19,3,2026-05-17 16:28:00,5,ルーキーシリーズ第10戦スカパー!JLC杯争奪,2,5266,石田 勇斗,3,25,52.4,0,0,0.17,4.76,26.92,43.27,0,0,0,0,0,0,0
2026-05-17,19,3,2026-05-17 16:28:00,5,ルーキーシリーズ第10戦スカパー!JLC杯争奪,3,5336,瀬川 大地,3,20,53.5,0,0,0.19,3.1,9.89,19.78,2.09,5.94,8.91,60,70,0,0
2026-05-17,19,3,2026-05-17 16:28:00,5,ルーキーシリーズ第10戦スカパー!JLC杯争奪,4,5178,成貞 琳平,3,29,54,0,0,0.2,4.25,22.86,39.05,2.6,6.67,13.33,0,11.11,0,0
2026-05-17,19,3,2026-05-17 16:28:00,5,ルーキーシリーズ第10戦スカパー!JLC杯争奪,5,5018,竹下 大樹,1,27,53.2,0,0,0.16,6.45,43.8,66.42,5.56,27.78,61.11,60,60,11.11,22.22
2026-05-17,19,3,2026-05-17 16:28:00,5,ルーキーシリーズ第10戦スカパー!JLC杯争奪,6,5244,黒田 剛,3,25,52,1,0,0.14,4.28,20.73,37.8,2.86,14.29,14.29,44.44,44.44,0,0
2026-05-17,19,4,2026-05-17 17:00:00,5,ルーキーシリーズ第10戦スカパー!JLC杯争奪,1,5222,津田 陸翔,2,25,52.6,0,0,0.16,6.51,50.98,67.65,5.5,38.89,44.44,36.36,45.45,44.44,55.56
2026-05-17,19,4,2026-05-17 17:00:00,5,ルーキーシリーズ第10戦スカパー!JLC杯争奪,2,5271,杉山 太陽,3,24,52,0,0,0.17,3.6,14.71,29.41,3.08,15.38,30.77,0,0,0,0
2026-05-17,19,4,2026-05-17 17:00:00,5,ルーキーシリーズ第10戦スカパー!JLC杯争奪,3,5185,加藤 優弥,3,26,52.6,0,0,0.15,5.13,31.73,48.08,5.5,40,60,0,0,0,0
2026-05-17,19,4,2026-05-17 17:00:00,5,ルーキーシリーズ第10戦スカパー!JLC杯争奪,4,5328,井上 慧人,3,22,54.2,0,0,0.18,3.97,16.67,34.85,2.88,6.25,12.5,30,70,60,60
2026-05-17,19,4,2026-05-17 17:00:00,5,ルーキーシリーズ第10戦スカパー!JLC杯争奪,5,5201,村上 宗太郎,3,23,52.2,0,0,0.22,4.67,22.22,33.33,5.91,45.45,72.73,0,0,0,0
2026-05-17,19,4,2026-05-17 17:00:00,5,ルーキーシリーズ第10戦スカパー!JLC杯争奪,6,5145,島川 海輝,2,23,52,0,0,0.15,5.76,42.11,52.63,5.78,42.45,56.12,0,0,0,0
2026-05-17,19,5,2026-05-17 17:24:00,5,ルーキーシリーズ第10戦スカパー!JLC杯争奪,1,5330,安河内 鈴之介,2,22,52,0,0,0.15,6.23,46.55,59.48,4.33,26.67,40,11.11,22.22,55.56,66.67
2026-05-17,19,5,2026-05-17 17:24:00,5,ルーキーシリーズ第10戦スカパー!JLC杯争奪,2,5351,齊藤 廉,3,21,52,0,0,0.15,4.46,27.27,39.39,2.92,8.33,25,36.36,54.55,22.22,55.56
2026-05-17,19,5,2026-05-17 17:24:00,5,ルーキーシリーズ第10戦スカパー!JLC杯争奪,3,5127,沼田 大都,3,29,50.5,0,0,0.2,4.42,21.92,43.84,4.48,28.57,33.33,0,0,0,0
2026-05-17,19,5,2026-05-17 17:24:00,5,ルーキーシリーズ第10戦スカパー!JLC杯争奪,4,5270,小玉 啓太,3,25,52.7,0,0,0.17,4.54,25.56,44.44,3.46,7.69,19.23,0,0,11.11,22.22
2026-05-17,19,5,2026-05-17 17:24:00,5,ルーキーシリーズ第10戦スカパー!JLC杯争奪,5,5221,竹間 隆晟,1,25,52.2,0,0,0.15,6.5,46.15,64.34,7.39,55.56,83.33,0,33.33,22.22,55.56
2026-05-17,19,5,2026-05-17 17:24:00,5,ルーキーシリーズ第10戦スカパー!JLC杯争奪,6,5382,山下 心一,3,21,52,0,0,0.16,2.55,4.48,11.94,2.45,0,18.18,0,0,0,0
2026-05-17,19,6,2026-05-17 17:50:00,5,ルーキーシリーズ第10戦スカパー!JLC杯争奪,1,5275,松田 淳平,2,24,52.1,0,0,0.15,6.61,51.69,68.64,3.13,12.5,25,0,0,11.11,55.56
2026-05-17,19,6,2026-05-17 17:50:00,5,ルーキーシリーズ第10戦スカパー!JLC杯争奪,2,5214,田中 宏典,3,26,53.8,0,0,0.16,4.84,29.29,41.41,4.71,20,42.22,22.22,55.56,0,22.22
2026-05-17,19,6,2026-05-17 17:50:00,5,ルーキーシリーズ第10戦スカパー!JLC杯争奪,3,5212,西川 拓利,3,27,52.1,0,0,0.14,6.04,43.69,60.19,5.77,31.82,63.64,11.11,55.56,44.44,55.56
2026-05-17,19,6,2026-05-17 17:50:00,5,ルーキーシリーズ第10戦スカパー!JLC杯争奪,4,5187,小坂 風太,3,25,57.5,0,0,0.18,2.2,0,13.33,0,0,0,0,22.22,0,0
2026-05-17,19,6,2026-05-17 17:50:00,5,ルーキーシリーズ第10戦スカパー!JLC杯争奪,5,5263,花田 凱成,3,27,52,0,0,0.18,4.57,25.56,45.56,2.56,5.56,5.56,30,70,11.11,11.11
2026-05-17,19,6,2026-05-17 17:50:00,5,ルーキーシリーズ第10戦スカパー!JLC杯争奪,6,5132,中野 希一,1,27,52,0,0,0.13,7.2,61.67,76.67,4.9,10,50,0,0,22.22,77.78
2026-05-17,19,7,2026-05-17 18:14:00,5,ルーキーシリーズ第10戦スカパー!JLC杯争奪,1,5216,長谷川 晴哉,2,26,52.3,0,0,0.15,6.36,43.7,68.07,6.09,36.36,63.64,0,0,0,0
2026-05-17,19,7,2026-05-17 18:14:00,5,ルーキーシリーズ第10戦スカパー!JLC杯争奪,2,5377,鳥居塚 嶺王,3,22,50,0,0,0.15,3.55,13.75,30,0,0,0,33.33,33.33,66.67,77.78
2026-05-17,19,7,2026-05-17 18:14:00,5,ルーキーシリーズ第10戦スカパー!JLC杯争奪,3,5016,宮田 龍馬,1,28,52,0,0,0.14,6.71,45.69,68.97,5.35,34.78,47.83,11.11,33.33,44.44,44.44
2026-05-17,19,7,2026-05-17 18:14:00,5,ルーキーシリーズ第10戦スカパー!JLC杯争奪,4,5332,村松 遥輝,3,22,52.1,1,0,0.16,4.39,26,37,4.44,44.44,44.44,0,0,0,11.11
2026-05-17,19,7,2026-05-17 18:14:00,5,ルーキーシリーズ第10戦スカパー!JLC杯争奪,5,5282,中本 大樹,3,23,53.8,0,0,0.17,5.1,27.18,53.4,3.22,11.11,22.22,33.33,44.44,0,0
2026-05-17,19,7,2026-05-17 18:14:00,5,ルーキーシリーズ第10戦スカパー!JLC杯争奪,6,5336,瀬川 大地,3,20,53.5,0,0,0.19,3.1,9.89,19.78,2.09,5.94,8.91,60,70,0,0
2026-05-17,19,8,2026-05-17 18:40:00,5,ルーキーシリーズ第10戦スカパー!JLC杯争奪,1,5131,江藤 敦宏,3,27,52.4,0,0,0.18,3.89,17.28,29.63,2.57,4.76,4.76,0,0,0,0
2026-05-17,19,8,2026-05-17 18:40:00,5,ルーキーシリーズ第10戦スカパー!JLC杯争奪,2,5130,上野 拓馬,3,28,52.3,0,0,0.16,4.61,16.83,43.56,2.9,10,20,0,37.5,0,0
2026-05-17,19,8,2026-05-17 18:40:00,5,ルーキーシリーズ第10戦スカパー!JLC杯争奪,3,5176,石倉 拓美,4,32,53.9,0,0,0.21,2.7,5.41,13.51,2.46,10.71,17.86,0,0,25,50
2026-05-17,19,8,2026-05-17 18:40:00,5,ルーキーシリーズ第10戦スカパー!JLC杯争奪,4,5012,加倉 侑征,2,28,52.1,0,0,0.12,5.4,35.79,53.68,5.13,26.67,46.67,0,0,0,0
2026-05-17,19,8,2026-05-17 18:40:00,5,ルーキーシリーズ第10戦スカパー!JLC杯争奪,5,5273,山下 拓巳,3,24,52,0,0,0.18,4.07,19.39,36.73,0,0,0,11.11,11.11,0,0
2026-05-17,19,8,2026-05-17 18:40:00,5,ルーキーシリーズ第10戦スカパー!JLC杯争奪,6,5125,高井 雄基,2,29,52.7,1,0,0.17,5.57,38.2,53.93,6.44,55.56,55.56,55.56,66.67,66.67,88.89
2026-05-17,19,9,2026-05-17 19:09:00,5,ルーキーシリーズ第10戦スカパー!JLC杯争奪,1,5018,竹下 大樹,1,27,53.6,0,0,0.16,6.45,43.8,66.42,5.56,27.78,61.11,60,60,11.11,22.22
2026-05-17,19,9,2026-05-17 19:09:00,5,ルーキーシリーズ第10戦スカパー!JLC杯争奪,2,5330,安河内 鈴之介,2,22,50.5,0,0,0.15,6.23,46.55,59.48,4.33,26.67,40,11.11,22.22,55.56,66.67
2026-05-17,19,9,2026-05-17 19:09:00,5,ルーキーシリーズ第10戦スカパー!JLC杯争奪,3,5222,津田 陸翔,2,25,52,0,0,0.16,6.51,50.98,67.65,5.5,38.89,44.44,36.36,45.45,44.44,55.56
2026-05-17,19,9,2026-05-17 19:09:00,5,ルーキーシリーズ第10戦スカパー!JLC杯争奪,4,5034,若林 義人,1,28,54,0,0,0.14,6.7,52.63,64.66,6.71,54.84,64.52,0,0,0,37.5
2026-05-17,19,9,2026-05-17 19:09:00,5,ルーキーシリーズ第10戦スカパー!JLC杯争奪,5,5266,石田 勇斗,3,25,52.6,0,0,0.17,4.76,26.92,43.27,0,0,0,0,0,0,0
2026-05-17,19,9,2026-05-17 19:09:00,5,ルーキーシリーズ第10戦スカパー!JLC杯争奪,6,5137,川原 涼,3,26,52,0,0,0.17,5.31,34.74,55.79,0,0,0,0,0,77.78,88.89
2026-05-17,19,10,2026-05-17 19:36:00,5,ルーキーシリーズ第10戦スカパー!JLC杯争奪,1,5220,青木 蓮,1,25,51.5,0,0,0.14,6.04,41.61,62.04,0,0,0,0,0,33.33,33.33
2026-05-17,19,10,2026-05-17 19:36:00,5,ルーキーシリーズ第10戦スカパー!JLC杯争奪,2,5114,小林 孝彰,2,26,52,0,0,0.16,5.37,36.75,51.28,6.27,36.36,72.73,11.11,22.22,0,0
2026-05-17,19,10,2026-05-17 19:36:00,5,ルーキーシリーズ第10戦スカパー!JLC杯争奪,3,5275,松田 淳平,2,24,52.1,0,0,0.15,6.61,51.69,68.64,3.13,12.5,25,0,0,11.11,55.56
2026-05-17,19,10,2026-05-17 19:36:00,5,ルーキーシリーズ第10戦スカパー!JLC杯争奪,4,5185,加藤 優弥,3,26,52.6,0,0,0.15,5.13,31.73,48.08,5.5,40,60,0,0,0,0
2026-05-17,19,10,2026-05-17 19:36:00,5,ルーキーシリーズ第10戦スカパー!JLC杯争奪,5,5133,堀越 雄貴,3,26,51.5,0,0,0.16,5.58,32.05,57.69,0,0,0,33.33,33.33,0,33.33
2026-05-17,19,10,2026-05-17 19:36:00,5,ルーキーシリーズ第10戦スカパー!JLC杯争奪,6,5190,大月 遊雅,3,25,52.3,0,0,0.18,4.36,22.73,39.77,0,0,0,0,0,11.11,33.33
2026-05-17,19,11,2026-05-17 20:02:00,5,ルーキーシリーズ第10戦スカパー!JLC杯争奪,1,5145,島川 海輝,2,23,52,0,0,0.15,5.76,42.11,52.63,5.78,42.45,56.12,0,0,0,0
2026-05-17,19,11,2026-05-17 20:02:00,5,ルーキーシリーズ第10戦スカパー!JLC杯争奪,2,5221,竹間 隆晟,1,25,52.2,0,0,0.15,6.5,46.15,64.34,7.39,55.56,83.33,0,33.33,22.22,55.56
2026-05-17,19,11,2026-05-17 20:02:00,5,ルーキーシリーズ第10戦スカパー!JLC杯争奪,3,5132,中野 希一,1,27,52,0,0,0.13,7.2,61.67,76.67,4.9,10,50,0,0,22.22,77.78
2026-05-17,19,11,2026-05-17 20:02:00,5,ルーキーシリーズ第10戦スカパー!JLC杯争奪,4,5216,長谷川 晴哉,2,26,52.3,0,0,0.15,6.36,43.7,68.07,6.09,36.36,63.64,0,0,0,0
2026-05-17,19,11,2026-05-17 20:02:00,5,ルーキーシリーズ第10戦スカパー!JLC杯争奪,5,5016,宮田 龍馬,1,28,52,0,0,0.14,6.71,45.69,68.97,5.35,34.78,47.83,11.11,33.33,44.44,44.44
2026-05-17,19,11,2026-05-17 20:02:00,5,ルーキーシリーズ第10戦スカパー!JLC杯争奪,6,5325,澁川 夏,3,22,52,0,0,0.16,5.07,27.37,50.53,4.78,22.22,44.44,0,0,0,0
2026-05-17,19,12,2026-05-17 20:31:00,5,ルーキーシリーズ第10戦スカパー!JLC杯争奪,1,5012,加倉 侑征,2,28,52.1,0,0,0.12,5.4,35.79,53.68,5.13,26.67,46.67,0,0,0,0
2026-05-17,19,12,2026-05-17 20:31:00,5,ルーキーシリーズ第10戦スカパー!JLC杯争奪,2,5282,中本 大樹,3,23,53.8,0,0,0.17,5.1,27.18,53.4,3.22,11.11,22.22,33.33,44.44,0,0
2026-05-17,19,12,2026-05-17 20:31:00,5,ルーキーシリーズ第10戦スカパー!JLC杯争奪,3,5131,江藤 敦宏,3,27,52.4,0,0,0.18,3.89,17.28,29.63,2.57,4.76,4.76,0,0,0,0
2026-05-17,19,12,2026-05-17 20:31:00,5,ルーキーシリーズ第10戦スカパー!JLC杯争奪,4,5201,村上 宗太郎,3,23,52.2,0,0,0.22,4.67,22.22,33.33,5.91,45.45,72.73,0,0,0,0
2026-05-17,19,12,2026-05-17 20:31:00,5,ルーキーシリーズ第10戦スカパー!JLC杯争奪,5,5214,田中 宏典,3,26,53.8,0,0,0.16,4.84,29.29,41.41,4.71,20,42.22,22.22,55.56,0,22.22
2026-05-17,19,12,2026-05-17 20:31:00,5,ルーキーシリーズ第10戦スカパー!JLC杯争奪,6,5127,沼田 大都,3,29,50.5,0,0,0.2,4.42,21.92,43.84,4.48,28.57,33.33,0,0,0,0
2026-05-17,20,1,2026-05-17 17:41:00,5,MNBR若松1stマンスリーBOATRACE杯,1,4416,三宅 健太,3,39,52,0,0,0.17,5.25,30.36,48.21,5.93,46.67,66.67,32.99,52.58,33.64,48.6
2026-05-17,20,1,2026-05-17 17:41:00,5,MNBR若松1stマンスリーBOATRACE杯,2,4085,荻野 裕介,3,46,52.2,0,0,0.2,5.13,28.36,53.73,3.94,11.11,38.89,39.42,57.69,30.05,49.74
2026-05-17,20,1,2026-05-17 17:41:00,5,MNBR若松1stマンスリーBOATRACE杯,3,4880,澤崎 雄哉,3,31,52.4,0,0,0.17,5.36,35.9,56.41,4.75,25,50,26.8,42.27,28.04,44.86
2026-05-17,20,1,2026-05-17 17:41:00,5,MNBR若松1stマンスリーBOATRACE杯,4,5020,宮村 勇哉,3,34,53.8,0,0,0.15,4.4,23.33,38.33,2.63,12.5,25,27.96,47.31,37.33,52.53
2026-05-17,20,1,2026-05-17 17:41:00,5,MNBR若松1stマンスリーBOATRACE杯,5,3976,内田 圭,3,49,52,0,0,0.18,3.79,19.54,28.74,3.55,20.69,27.59,34.34,56.57,31.4,44.44
2026-05-17,20,1,2026-05-17 17:41:00,5,MNBR若松1stマンスリーBOATRACE杯,6,4491,田中 堅,3,39,52,0,0,0.19,4.38,21.35,35.96,4.69,6.25,50,28.42,42.11,32.86,49.3
2026-05-17,20,2,2026-05-17 18:08:00,5,MNBR若松1stマンスリーBOATRACE杯,1,4442,松竹 大輔,3,39,52,0,0,0.15,5.79,43.43,52.53,5.43,42.86,57.14,27.27,47.47,27.36,45.77
2026-05-17,20,2,2026-05-17 18:08:00,5,MNBR若松1stマンスリーBOATRACE杯,2,4927,関野 文,2,32,44,0,0,0.16,5.55,34.96,55.28,5.09,31.25,40.63,37.38,57.01,33.17,49.52
2026-05-17,20,2,2026-05-17 18:08:00,5,MNBR若松1stマンスリーBOATRACE杯,3,3893,汐崎 正則,3,50,52,0,0,0.16,4.43,22.22,38.89,5.6,40,60,34.34,53.54,30.1,50
2026-05-17,20,2,2026-05-17 18:08:00,5,MNBR若松1stマンスリーBOATRACE杯,4,3797,岩井 繁,3,52,59.1,0,0,0.19,3.79,15.84,29.7,4.36,17.86,32.14,24.51,37.25,27.67,41.75
2026-05-17,20,2,2026-05-17 18:08:00,5,MNBR若松1stマンスリーBOATRACE杯,5,5163,清水 愛海,1,26,45.5,0,0,0.17,6.16,45.56,63.33,5.94,38.89,61.11,20.21,44.68,29.33,45.67
2026-05-17,20,2,2026-05-17 18:08:00,5,MNBR若松1stマンスリーBOATRACE杯,6,4023,柴田 友和,3,48,52,0,0,0.18,4.16,23.6,35.96,4.85,30,50,38,52,29.9,46.39
2026-05-17,20,3,2026-05-17 18:34:00,5,MNBR若松1stマンスリーBOATRACE杯,1,4027,松江 秀徳,3,48,52.4,0,0,0.16,5.59,34.88,53.49,5.53,36.84,47.37,42.16,64.71,32.51,48.77
2026-05-17,20,3,2026-05-17 18:34:00,5,MNBR若松1stマンスリーBOATRACE杯,2,3807,岡部 哲,3,51,51,0,0,0.18,4.6,26.61,43.12,0,0,0,46.15,63.46,36.19,51.9
2026-05-17,20,3,2026-05-17 18:34:00,5,MNBR若松1stマンスリーBOATRACE杯,3,4568,廣瀬 真也,2,38,51.5,0,0,0.16,5.36,34.38,52.08,6.62,57.69,76.92,33.33,48.39,31.43,51.9
2026-05-17,20,3,2026-05-17 18:34:00,5,MNBR若松1stマンスリーBOATRACE杯,4,5129,山口 真喜子,2,29,47.7,0,0,0.18,5.82,36.73,58.16,4.57,19.05,28.57,40.78,64.08,41.98,58.02
2026-05-17,20,3,2026-05-17 18:34:00,5,MNBR若松1stマンスリーBOATRACE杯,5,5158,宮脇 遼太,2,28,52,0,0,0.17,6.77,53.77,66.98,6.41,48.65,62.16,36.19,53.33,38.92,58.13
2026-05-17,20,3,2026-05-17 18:34:00,5,MNBR若松1stマンスリーBOATRACE杯,6,4423,坂口 貴彦,3,37,53.8,0,0,0.17,5.05,31,49,5.57,28.57,57.14,41.18,53.92,34.31,55.39
2026-05-17,20,4,2026-05-17 19:03:00,5,MNBR若松1stマンスリーBOATRACE杯,1,3605,中村 守成,3,54,52.9,0,0,0.18,4.18,23.08,30.77,3.14,0,28.57,51.55,70.1,35.26,52.56
2026-05-17,20,4,2026-05-17 19:03:00,5,MNBR若松1stマンスリーBOATRACE杯,2,4535,北山 康介,1,36,53.5,0,0,0.14,6.06,41.56,63.64,5.06,37.5,43.75,34.58,45.79,34.58,54.21
2026-05-17,20,4,2026-05-17 19:03:00,5,MNBR若松1stマンスリーBOATRACE杯,3,5031,渡辺 空依,3,28,53.3,0,0,0.2,4.58,22.22,45.56,4.25,21.82,36.36,31.18,46.24,36.45,51.4
2026-05-17,20,4,2026-05-17 19:03:00,5,MNBR若松1stマンスリーBOATRACE杯,4,4503,上野 真之介,1,38,52,0,0,0.12,7.7,61.82,70,8.02,65.12,81.4,33.33,55.56,29.19,46.41
2026-05-17,20,4,2026-05-17 19:03:00,5,MNBR若松1stマンスリーBOATRACE杯,5,3406,中里 英夫,2,57,52.6,0,0,0.17,5.18,31,52,5.67,33.33,50,42.71,58.33,29.21,46.53
2026-05-17,20,4,2026-05-17 19:03:00,5,MNBR若松1stマンスリーBOATRACE杯,6,5416,龍田 真白,4,20,45.5,0,0,0.19,2.84,10.14,15.94,0,0,0,33,45,32.2,52.2
2026-05-17,20,5,2026-05-17 19:30:00,5,MNBR若松1stマンスリーBOATRACE杯,1,5142,常住 蓮,1,25,51,0,0,0.12,7.42,59.62,75.96,5.45,36.36,45.45,31.25,45.83,34.3,49.76
2026-05-17,20,5,2026-05-17 19:30:00,5,MNBR若松1stマンスリーBOATRACE杯,2,4514,上條 嘉嗣,1,36,52,0,0,0.18,6.54,51.22,68.29,8.33,77.78,88.89,36.79,52.83,46.3,67.13
2026-05-17,20,5,2026-05-17 19:30:00,5,MNBR若松1stマンスリーBOATRACE杯,3,4268,和合 俊介,3,40,61,0,0,0.15,2.89,3.28,22.95,4.11,18.52,29.63,49.46,67.74,32.87,46.3
2026-05-17,20,5,2026-05-17 19:30:00,5,MNBR若松1stマンスリーBOATRACE杯,4,4233,亀山 雅幸,2,42,52,0,0,0.18,5.99,40.98,65.57,6.36,45.45,72.73,34.95,57.28,28.57,45.41
2026-05-17,20,5,2026-05-17 19:30:00,5,MNBR若松1stマンスリーBOATRACE杯,5,4680,後藤 美翼,3,36,47,0,0,0.19,5.77,39.74,57.69,0,0,0,25.27,39.56,31.34,49.77
2026-05-17,20,5,2026-05-17 19:30:00,5,MNBR若松1stマンスリーBOATRACE杯,6,5358,増本 杏珠,3,20,48.6,0,0,0.17,2.8,3.33,16.67,2.48,4.35,8.7,34.91,45.28,41.67,57.35
2026-05-17,20,6,2026-05-17 19:56:00,5,MNBR若松1stマンスリーBOATRACE杯,1,4553,坪口 竜也,2,37,52.6,0,0,0.14,6.12,41.51,65.09,7,42.86,85.71,29.29,49.49,34.98,54.68
2026-05-17,20,6,2026-05-17 19:56:00,5,MNBR若松1stマンスリーBOATRACE杯,2,5151,山下 奈緒,3,31,47,0,0,0.21,4.5,19.79,37.5,4.28,16.67,33.33,24.24,42.42,32.86,50.95
2026-05-17,20,6,2026-05-17 19:56:00,5,MNBR若松1stマンスリーBOATRACE杯,3,4425,大井 清貴,3,40,53.8,0,0,0.16,4.7,19.48,48.05,0,0,0,34.95,50.49,32.68,52.2
2026-05-17,20,6,2026-05-17 19:56:00,5,MNBR若松1stマンスリーBOATRACE杯,4,4491,田中 堅,3,39,52,0,0,0.19,4.38,21.35,35.96,4.69,6.25,50,28.42,42.11,32.86,49.3
2026-05-17,20,6,2026-05-17 19:56:00,5,MNBR若松1stマンスリーBOATRACE杯,5,3978,齊藤 仁,1,48,51.5,0,0,0.13,5.98,38.95,54.74,7.41,52.94,64.71,32.99,48.45,35.48,52.07
2026-05-17,20,6,2026-05-17 19:56:00,5,MNBR若松1stマンスリーBOATRACE杯,6,4488,小山 勉,1,39,52,0,0,0.19,6.7,50,72.81,6.14,42.86,71.43,37.62,64.36,39.52,54.76
2026-05-17,20,7,2026-05-17 20:25:00,5,MNBR若松1stマンスリーBOATRACE杯,1,4142,平野 和明,2,45,52,0,0,0.17,5.58,31.36,56.78,6.23,40,66.67,26.04,42.71,36.89,50.49
2026-05-17,20,7,2026-05-17 20:25:00,5,MNBR若松1stマンスリーBOATRACE杯,2,4232,笠 雅雄,3,42,51.5,0,0,0.2,5.62,37.11,56.7,4.05,19.05,38.1,28.85,38.46,36.41,55.34
2026-05-17,20,7,2026-05-17 20:25:00,5,MNBR若松1stマンスリーBOATRACE杯,3,4023,柴田 友和,3,48,52,0,0,0.18,4.16,23.6,35.96,4.85,30,50,38,52,29.9,46.39
2026-05-17,20,7,2026-05-17 20:25:00,5,MNBR若松1stマンスリーBOATRACE杯,4,4467,渡邉 俊介,2,39,50.5,0,0,0.13,6.63,47.15,73.17,7.2,60,70,24.18,42.86,32.67,50
2026-05-17,20,7,2026-05-17 20:25:00,5,MNBR若松1stマンスリーBOATRACE杯,5,4804,高田 ひかる,1,31,47,0,0,0.17,6.58,49.53,61.68,5.6,30,60,36.27,50,40.95,56.19
2026-05-17,20,7,2026-05-17 20:25:00,5,MNBR若松1stマンスリーBOATRACE杯,6,3458,東 健介,3,59,54.4,0,0,0.16,4.36,18.06,34.72,3.29,8.57,20,34.65,52.48,27.59,43.35
2026-05-17,20,8,2026-05-17 21:00:00,5,MNBR若松1stマンスリーBOATRACE杯,1,5158,宮脇 遼太,2,28,52,0,0,0.17,6.77,53.77,66.98,6.41,48.65,62.16,36.19,53.33,38.92,58.13
2026-05-17,20,8,2026-05-17 21:00:00,5,MNBR若松1stマンスリーBOATRACE杯,2,4009,小林 一樹,2,47,56,0,0,0.13,5.71,33.72,58.14,6.09,39.13,69.57,28.42,34.74,35.44,54.37
2026-05-17,20,8,2026-05-17 21:00:00,5,MNBR若松1stマンスリーBOATRACE杯,3,4540,相原 利章,2,38,51,1,0,0.12,5.61,35.92,56.31,5.61,28.57,57.14,28.57,47.62,34.74,52.58
2026-05-17,20,8,2026-05-17 21:00:00,5,MNBR若松1stマンスリーBOATRACE杯,4,4164,岩永 節也,3,44,52.7,0,0,0.19,4.24,20.48,40.96,3.4,12,32,29.9,49.48,30.58,44.66
2026-05-17,20,8,2026-05-17 21:00:00,5,MNBR若松1stマンスリーBOATRACE杯,5,4158,木場 雄二郎,3,44,54.6,0,0,0.17,4.81,28.92,45.78,3.5,16.67,29.17,27.36,52.83,32.2,46.83
2026-05-17,20,8,2026-05-17 21:00:00,5,MNBR若松1stマンスリーBOATRACE杯,6,4085,荻野 裕介,3,46,52.2,0,0,0.2,5.13,28.36,53.73,3.94,11.11,38.89,39.42,57.69,30.05,49.74
2026-05-17,20,9,2026-05-17 21:28:00,5,MNBR若松1stマンスリーBOATRACE杯,1,4927,関野 文,2,32,44,0,0,0.16,5.55,34.96,55.28,5.09,31.25,40.63,37.38,57.01,33.17,49.52
2026-05-17,20,9,2026-05-17 21:28:00,5,MNBR若松1stマンスリーBOATRACE杯,2,4416,三宅 健太,3,39,52,0,0,0.17,5.25,30.36,48.21,5.93,46.67,66.67,32.99,52.58,33.64,48.6
2026-05-17,20,9,2026-05-17 21:28:00,5,MNBR若松1stマンスリーBOATRACE杯,3,4503,上野 真之介,1,38,52,0,0,0.12,7.7,61.82,70,8.02,65.12,81.4,33.33,55.56,29.19,46.41
2026-05-17,20,9,2026-05-17 21:28:00,5,MNBR若松1stマンスリーBOATRACE杯,4,4651,佐藤 大騎,3,41,52,0,0,0.16,3.81,16.33,27.55,3.13,20,26.67,38.04,51.09,37.62,56.44
2026-05-17,20,9,2026-05-17 21:28:00,5,MNBR若松1stマンスリーBOATRACE杯,5,4027,松江 秀徳,3,48,52.4,0,0,0.16,5.59,34.88,53.49,5.53,36.84,47.37,42.16,64.71,32.51,48.77
2026-05-17,20,9,2026-05-17 21:28:00,5,MNBR若松1stマンスリーBOATRACE杯,6,4521,小池 公生,1,39,52,0,0,0.17,4.7,26.21,39.81,4.1,16.67,26.67,42.27,56.7,37.96,52.31
2026-05-17,20,10,2026-05-17 21:57:00,5,MNBR若松1stマンスリーBOATRACE杯,1,5163,清水 愛海,1,26,45.5,0,0,0.17,6.16,45.56,63.33,5.94,38.89,61.11,20.21,44.68,29.33,45.67
2026-05-17,20,10,2026-05-17 21:57:00,5,MNBR若松1stマンスリーBOATRACE杯,2,3976,内田 圭,3,49,52,0,0,0.18,3.79,19.54,28.74,3.55,20.69,27.59,34.34,56.57,31.4,44.44
2026-05-17,20,10,2026-05-17 21:57:00,5,MNBR若松1stマンスリーBOATRACE杯,3,4528,黒井 達矢,1,37,52,0,0,0.15,6.37,41.75,68.93,6.5,41.67,75,32.11,44.04,27.75,44.98
2026-05-17,20,10,2026-05-17 21:57:00,5,MNBR若松1stマンスリーBOATRACE杯,4,3605,中村 守成,3,54,52.9,0,0,0.18,4.18,23.08,30.77,3.14,0,28.57,51.55,70.1,35.26,52.56
2026-05-17,20,10,2026-05-17 21:57:00,5,MNBR若松1stマンスリーBOATRACE杯,5,4233,亀山 雅幸,2,42,52,0,0,0.18,5.99,40.98,65.57,6.36,45.45,72.73,34.95,57.28,28.57,45.41
2026-05-17,20,10,2026-05-17 21:57:00,5,MNBR若松1stマンスリーBOATRACE杯,6,4568,廣瀬 真也,2,38,51.5,0,0,0.16,5.36,34.38,52.08,6.62,57.69,76.92,33.33,48.39,31.43,51.9
2026-05-17,20,11,2026-05-17 22:27:00,5,MNBR若松1stマンスリーBOATRACE杯,1,4535,北山 康介,1,36,53.5,0,0,0.14,6.06,41.56,63.64,5.06,37.5,43.75,34.58,45.79,34.58,54.21
2026-05-17,20,11,2026-05-17 22:27:00,5,MNBR若松1stマンスリーBOATRACE杯,2,4553,坪口 竜也,2,37,52.6,0,0,0.14,6.12,41.51,65.09,7,42.86,85.71,29.29,49.49,34.98,54.68
2026-05-17,20,11,2026-05-17 22:27:00,5,MNBR若松1stマンスリーBOATRACE杯,3,3797,岩井 繁,3,52,59.1,0,0,0.19,3.79,15.84,29.7,4.36,17.86,32.14,24.51,37.25,27.67,41.75
2026-05-17,20,11,2026-05-17 22:27:00,5,MNBR若松1stマンスリーBOATRACE杯,4,5142,常住 蓮,1,25,51,0,0,0.12,7.42,59.62,75.96,5.45,36.36,45.45,31.25,45.83,34.3,49.76
2026-05-17,20,11,2026-05-17 22:27:00,5,MNBR若松1stマンスリーBOATRACE杯,5,4880,澤崎 雄哉,3,31,52.4,0,0,0.17,5.36,35.9,56.41,4.75,25,50,26.8,42.27,28.04,44.86
2026-05-17,20,11,2026-05-17 22:27:00,5,MNBR若松1stマンスリーBOATRACE杯,6,5129,山口 真喜子,2,29,47.7,0,0,0.18,5.82,36.73,58.16,4.57,19.05,28.57,40.78,64.08,41.98,58.02
2026-05-17,20,12,2026-05-17 22:54:00,5,MNBR若松1stマンスリーBOATRACE杯,1,3978,齊藤 仁,1,48,51.5,0,0,0.13,5.98,38.95,54.74,7.41,52.94,64.71,32.99,48.45,35.48,52.07
2026-05-17,20,12,2026-05-17 22:54:00,5,MNBR若松1stマンスリーBOATRACE杯,2,3893,汐崎 正則,3,50,52,0,0,0.16,4.43,22.22,38.89,5.6,40,60,34.34,53.54,30.1,50
2026-05-17,20,12,2026-05-17 22:54:00,5,MNBR若松1stマンスリーBOATRACE杯,3,3406,中里 英夫,2,57,52.6,0,0,0.17,5.18,31,52,5.67,33.33,50,42.71,58.33,29.21,46.53
2026-05-17,20,12,2026-05-17 22:54:00,5,MNBR若松1stマンスリーBOATRACE杯,4,4514,上條 嘉嗣,1,36,52,0,0,0.18,6.54,51.22,68.29,8.33,77.78,88.89,36.79,52.83,46.3,67.13
2026-05-17,20,12,2026-05-17 22:54:00,5,MNBR若松1stマンスリーBOATRACE杯,5,4142,平野 和明,2,45,52,0,0,0.17,5.58,31.36,56.78,6.23,40,66.67,26.04,42.71,36.89,50.49
2026-05-17,20,12,2026-05-17 22:54:00,5,MNBR若松1stマンスリーBOATRACE杯,6,5020,宮村 勇哉,3,34,53.8,0,0,0.15,4.4,23.33,38.33,2.63,12.5,25,27.96,47.31,37.33,52.53
2026-05-17,21,1,2026-05-17 10:40:00,2,読売新聞社杯全日本王座決定戦開設74周年記念,1,5267,石本 裕武,1,25,52,0,0,0.15,6.69,48.48,68.18,7.2,60,70,40,53.33,55,60
2026-05-17,21,1,2026-05-17 10:40:00,2,読売新聞社杯全日本王座決定戦開設74周年記念,2,4939,宮之原 輝紀,1,28,52,0,0,0.14,6.76,49.5,60.4,6.78,44.44,66.67,36.84,63.16,42.11,68.42
2026-05-17,21,1,2026-05-17 10:40:00,2,読売新聞社杯全日本王座決定戦開設74周年記念,3,4772,石丸 海渡,1,32,56.1,0,0,0.11,6.4,50.41,65.04,7.57,60,82.86,22.22,44.44,39.29,53.57
2026-05-17,21,1,2026-05-17 10:40:00,2,読売新聞社杯全日本王座決定戦開設74周年記念,4,4544,松田 大志郎,1,38,52,1,0,0.16,7.75,63.77,79.71,7.74,61.43,80,40.74,55.56,35,50
2026-05-17,21,1,2026-05-17 10:40:00,2,読売新聞社杯全日本王座決定戦開設74周年記念,5,3783,瓜生 正義,1,50,52,0,0,0.15,6.9,44.35,64.35,7.18,59.15,70.42,30,35,52.94,70.59
2026-05-17,21,1,2026-05-17 10:40:00,2,読売新聞社杯全日本王座決定戦開設74周年記念,6,4886,入海 馨,1,30,52.3,0,0,0.14,6.02,32.38,54.29,7,43.75,50,16.67,33.33,19.23,34.62
2026-05-17,21,2,2026-05-17 11:09:00,2,読売新聞社杯全日本王座決定戦開設74周年記念,1,4682,大上 卓人,1,35,52,0,0,0.14,7.44,54.46,69.31,0,0,0,30.77,57.69,65,85
2026-05-17,21,2,2026-05-17 11:09:00,2,読売新聞社杯全日本王座決定戦開設74周年記念,2,4932,新開 航,1,30,52,0,0,0.15,7.58,54.95,75.68,7.44,56.79,79.01,15.38,34.62,61.11,72.22
2026-05-17,21,2,2026-05-17 11:09:00,2,読売新聞社杯全日本王座決定戦開設74周年記念,3,4030,森高 一真,1,47,50.5,0,0,0.14,6.8,37.84,58.56,6.31,41.38,55.17,50,65,100,100
2026-05-17,21,2,2026-05-17 11:09:00,2,読売新聞社杯全日本王座決定戦開設74周年記念,4,3941,池田 浩二,1,48,52,0,0,0.13,8.15,60.19,76.85,8.06,58.82,64.71,57.89,78.95,30.77,46.15
2026-05-17,21,2,2026-05-17 11:09:00,2,読売新聞社杯全日本王座決定戦開設74周年記念,5,4539,金子 賢志,1,35,52,0,0,0.14,6.61,48.74,62.18,7.43,71.43,71.43,33.33,50,26.32,52.63
2026-05-17,21,2,2026-05-17 11:09:00,2,読売新聞社杯全日本王座決定戦開設74周年記念,6,4504,前田 将太,1,38,54,0,0,0.14,6.05,39.76,53.01,6.77,45.45,59.09,35,45,24,36
2026-05-17,21,3,2026-05-17 11:38:00,2,読売新聞社杯全日本王座決定戦開設74周年記念,1,4760,山崎 郡,1,36,52,0,0,0.14,7.35,50,71.32,4.78,11.11,22.22,52.63,57.89,47.37,63.16
2026-05-17,21,3,2026-05-17 11:38:00,2,読売新聞社杯全日本王座決定戦開設74周年記念,2,5217,藤原 碧生,1,26,52.4,0,0,0.16,6.82,43.96,69.23,7.44,63.41,80.49,25.93,51.85,41.38,62.07
2026-05-17,21,3,2026-05-17 11:38:00,2,読売新聞社杯全日本王座決定戦開設74周年記念,3,4953,尾上 雅也,1,31,52,0,0,0.14,6.8,55.88,69.61,6.25,50,62.5,48,68,40,52
2026-05-17,21,3,2026-05-17 11:38:00,2,読売新聞社杯全日本王座決定戦開設74周年記念,4,3779,原田 幸哉,1,50,52.2,1,0,0.1,6.35,35.79,49.47,6.56,33.33,66.67,42.11,47.37,52.63,78.95
2026-05-17,21,3,2026-05-17 11:38:00,2,読売新聞社杯全日本王座決定戦開設74周年記念,5,4566,塩田 北斗,1,38,53.4,1,0,0.14,6.37,37.5,53.85,6.88,50,68.75,80,95,17.39,34.78
2026-05-17,21,3,2026-05-17 11:38:00,2,読売新聞社杯全日本王座決定戦開設74周年記念,6,4371,西山 貴浩,1,39,52.4,0,0,0.13,7.49,51.16,66.28,8.09,68.57,80,41.67,58.33,31.58,73.68
2026-05-17,21,4,2026-05-17 12:08:00,2,読売新聞社杯全日本王座決定戦開設74周年記念,1,3388,今垣 光太郎,1,56,52.1,1,0,0.15,6.81,50,63.95,6.45,54.55,63.64,29.41,52.94,36.84,57.89
2026-05-17,21,4,2026-05-17 12:08:00,2,読売新聞社杯全日本王座決定戦開設74周年記念,2,4444,桐生 順平,1,39,52,0,0,0.14,7.07,43.68,65.52,6,22.22,44.44,31.58,52.63,52.63,68.42
2026-05-17,21,4,2026-05-17 12:08:00,2,読売新聞社杯全日本王座決定戦開設74周年記念,3,4290,稲田 浩二,1,41,52,0,0,0.13,6.95,47.5,69.17,7.7,70,85,42.11,57.89,25,55
2026-05-17,21,4,2026-05-17 12:08:00,2,読売新聞社杯全日本王座決定戦開設74周年記念,4,4579,中嶋 健一郎,1,36,52.2,0,0,0.16,6.21,39.25,62.62,6.04,50,58.33,40,55,38.89,55.56
2026-05-17,21,4,2026-05-17 12:08:00,2,読売新聞社杯全日本王座決定戦開設74周年記念,5,3897,白井 英治,1,49,53.4,0,0,0.13,7.54,50.94,69.81,6.89,44.44,55.56,44,60,38.89,44.44
2026-05-17,21,4,2026-05-17 12:08:00,2,読売新聞社杯全日本王座決定戦開設74周年記念,6,4736,高倉 和士,1,34,52.2,0,0,0.12,6.51,50.48,68.57,6.97,56.06,68.18,22.22,33.33,13.04,26.09
2026-05-17,21,5,2026-05-17 12:40:00,2,読売新聞社杯全日本王座決定戦開設74周年記念,1,4445,宮地 元輝,1,39,54.4,0,0,0.11,6.77,41.07,58.04,6.18,35.71,50,27.78,44.44,33.33,33.33
2026-05-17,21,5,2026-05-17 12:40:00,2,読売新聞社杯全日本王座決定戦開設74周年記念,2,4477,篠崎 仁志,1,38,52,0,0,0.13,7.51,54.39,73.68,6.7,45.65,69.57,27.78,61.11,50,61.11
2026-05-17,21,5,2026-05-17 12:40:00,2,読売新聞社杯全日本王座決定戦開設74周年記念,3,3854,吉川 元浩,1,53,51.5,0,0,0.13,6.76,44.94,62.92,0,0,0,15.38,30.77,41.38,48.28
2026-05-17,21,5,2026-05-17 12:40:00,2,読売新聞社杯全日本王座決定戦開設74周年記念,4,4320,峰 竜太,1,41,52,0,0,0.14,7.88,53.33,74.44,8.33,63.89,80.56,38.89,66.67,36.84,52.63
2026-05-17,21,5,2026-05-17 12:40:00,2,読売新聞社杯全日本王座決定戦開設74周年記念,5,4544,松田 大志郎,1,38,52,1,0,0.16,7.75,63.77,79.71,7.74,61.43,80,40.74,55.56,35,50
2026-05-17,21,5,2026-05-17 12:40:00,2,読売新聞社杯全日本王座決定戦開設74周年記念,6,4719,上條 暢嵩,1,32,52,0,0,0.13,7.31,47.11,66.94,6.83,44.83,62.07,33.33,50,55,85
2026-05-17,21,6,2026-05-17 13:13:00,2,読売新聞社杯全日本王座決定戦開設74周年記念,1,4914,吉田 裕平,1,29,52,0,0,0.11,7.19,52.38,65.71,8.13,62.5,75,38.1,52.38,12.5,37.5
2026-05-17,21,6,2026-05-17 13:13:00,2,読売新聞社杯全日本王座決定戦開設74周年記念,2,5121,定松 勇樹,1,25,52.7,0,0,0.14,8.11,66.39,77.87,7.23,48.57,74.29,29.41,41.18,55.56,66.67
2026-05-17,21,6,2026-05-17 13:13:00,2,読売新聞社杯全日本王座決定戦開設74周年記念,3,5267,石本 裕武,1,25,52,0,0,0.15,6.69,48.48,68.18,7.2,60,70,40,53.33,55,60
2026-05-17,21,6,2026-05-17 13:13:00,2,読売新聞社杯全日本王座決定戦開設74周年記念,4,4497,桑原 悠,1,38,52.2,0,0,0.14,7.07,54.44,66.67,6.05,36.84,52.63,27.78,50,57.14,71.43
2026-05-17,21,6,2026-05-17 13:13:00,2,読売新聞社杯全日本王座決定戦開設74周年記念,5,4262,馬場 貴也,1,42,52.9,0,0,0.14,7.2,47.83,67.83,6.44,44.44,55.56,26.67,60,35,50
2026-05-17,21,6,2026-05-17 13:13:00,2,読売新聞社杯全日本王座決定戦開設74周年記念,6,4573,佐藤 翼,1,37,52,1,0,0.13,6.68,40.74,60.19,0,0,0,47.37,57.89,52.63,52.63
2026-05-17,21,7,2026-05-17 13:47:00,2,読売新聞社杯全日本王座決定戦開設74周年記念,1,4686,丸野 一樹,1,34,53,0,0,0.15,6.82,44.55,60,5.58,33.33,41.67,60,70,27.78,50
2026-05-17,21,7,2026-05-17 13:47:00,2,読売新聞社杯全日本王座決定戦開設74周年記念,2,3941,池田 浩二,1,48,52,0,0,0.13,8.15,60.19,76.85,8.06,58.82,64.71,57.89,78.95,30.77,46.15
2026-05-17,21,7,2026-05-17 13:47:00,2,読売新聞社杯全日本王座決定戦開設74周年記念,3,4886,入海 馨,1,30,52.3,0,0,0.14,6.02,32.38,54.29,7,43.75,50,16.67,33.33,19.23,34.62
2026-05-17,21,7,2026-05-17 13:47:00,2,読売新聞社杯全日本王座決定戦開設74周年記念,4,4494,河合 佑樹,1,39,52,1,0,0.13,6.88,49,64,6.15,45,55,16,24,26.32,36.84
2026-05-17,21,7,2026-05-17 13:47:00,2,読売新聞社杯全日本王座決定戦開設74周年記念,5,5217,藤原 碧生,1,26,52.4,0,0,0.16,6.82,43.96,69.23,7.44,63.41,80.49,25.93,51.85,41.38,62.07
2026-05-17,21,7,2026-05-17 13:47:00,2,読売新聞社杯全日本王座決定戦開設74周年記念,6,4205,山口 剛,1,43,52.2,0,0,0.12,7.81,56.98,72.09,6.71,33.33,75,50,61.11,44.44,61.11
2026-05-17,21,8,2026-05-17 14:19:00,2,読売新聞社杯全日本王座決定戦開設74周年記念,1,3783,瓜生 正義,1,50,52,0,0,0.15,6.9,44.35,64.35,7.18,59.15,70.42,30,35,52.94,70.59
2026-05-17,21,8,2026-05-17 14:19:00,2,読売新聞社杯全日本王座決定戦開設74周年記念,2,4579,中嶋 健一郎,1,36,52.2,0,0,0.16,6.21,39.25,62.62,6.04,50,58.33,40,55,38.89,55.56
2026-05-17,21,8,2026-05-17 14:19:00,2,読売新聞社杯全日本王座決定戦開設74周年記念,3,4371,西山 貴浩,1,39,52.4,0,0,0.13,7.49,51.16,66.28,8.09,68.57,80,41.67,58.33,31.58,73.68
2026-05-17,21,8,2026-05-17 14:19:00,2,読売新聞社杯全日本王座決定戦開設74周年記念,4,3590,濱野谷 憲吾,1,52,54.1,0,0,0.14,6.45,42.86,60,6.44,22.22,66.67,65,80,20.83,41.67
2026-05-17,21,8,2026-05-17 14:19:00,2,読売新聞社杯全日本王座決定戦開設74周年記念,5,4030,森高 一真,1,47,50.5,0,0,0.14,6.8,37.84,58.56,6.31,41.38,55.17,50,65,100,100
2026-05-17,21,8,2026-05-17 14:19:00,2,読売新聞社杯全日本王座決定戦開設74周年記念,6,4980,佐々木 完太,1,29,52,0,0,0.15,7.07,53.23,65.32,6.75,50,64.71,25.93,37.04,11.54,46.15
2026-05-17,21,9,2026-05-17 14:53:00,2,読売新聞社杯全日本王座決定戦開設74周年記念,1,4013,中島 孝平,1,46,52.2,0,0,0.13,6.87,46.09,61.74,6.78,22.22,55.56,38.89,72.22,22.22,44.44
2026-05-17,21,9,2026-05-17 14:53:00,2,読売新聞社杯全日本王座決定戦開設74周年記念,2,3897,白井 英治,1,49,53.4,0,0,0.13,7.54,50.94,69.81,6.89,44.44,55.56,44,60,38.89,44.44
2026-05-17,21,9,2026-05-17 14:53:00,2,読売新聞社杯全日本王座決定戦開設74周年記念,3,4682,大上 卓人,1,35,52,0,0,0.14,7.44,54.46,69.31,0,0,0,30.77,57.69,65,85
2026-05-17,21,9,2026-05-17 14:53:00,2,読売新聞社杯全日本王座決定戦開設74周年記念,4,3721,守田 俊介,1,50,52,0,0,0.12,6.33,44.33,59.79,4.5,25,25,36.84,52.63,42.11,47.37
2026-05-17,21,9,2026-05-17 14:53:00,2,読売新聞社杯全日本王座決定戦開設74周年記念,5,3960,菊地 孝平,1,47,52.2,0,0,0.11,6.72,42.99,57.01,7.22,44.44,55.56,33.33,38.89,80,90
2026-05-17,21,9,2026-05-17 14:53:00,2,読売新聞社杯全日本王座決定戦開設74周年記念,6,4848,仲谷 颯仁,1,31,52,0,0,0.15,7.23,51.14,64.77,7.34,54.72,66.04,17.39,39.13,22.22,38.89
2026-05-17,21,10,2026-05-17 15:28:00,2,読売新聞社杯全日本王座決定戦開設74周年記念,1,4168,石野 貴之,1,43,52.1,0,0,0.13,6.92,50.46,66.06,5.72,34.48,65.52,35.29,58.82,46.67,56.67
2026-05-17,21,10,2026-05-17 15:28:00,2,読売新聞社杯全日本王座決定戦開設74周年記念,2,4953,尾上 雅也,1,31,52,0,0,0.14,6.8,55.88,69.61,6.25,50,62.5,48,68,40,52
2026-05-17,21,10,2026-05-17 15:28:00,2,読売新聞社杯全日本王座決定戦開設74周年記念,3,4344,新田 雄史,1,41,52.4,0,0,0.12,7.62,49,73,7.11,52.63,57.89,76.19,80.95,33.33,44.44
2026-05-17,21,10,2026-05-17 15:28:00,2,読売新聞社杯全日本王座決定戦開設74周年記念,4,3719,辻 栄蔵,1,51,52.6,0,0,0.15,7.11,48.54,70.87,5,40,40,52.63,68.42,23.53,41.18
2026-05-17,21,10,2026-05-17 15:28:00,2,読売新聞社杯全日本王座決定戦開設74周年記念,5,5084,末永 和也,1,27,52,0,0,0.13,7.21,50,65.18,6.33,40,60,47.37,68.42,27.78,38.89
2026-05-17,21,10,2026-05-17 15:28:00,2,読売新聞社杯全日本王座決定戦開設74周年記念,6,4337,平本 真之,1,42,53.3,0,0,0.13,7.64,54.1,73.77,7.63,62.5,75,26.32,47.37,19.23,50
2026-05-17,21,11,2026-05-17 16:04:00,2,読売新聞社杯全日本王座決定戦開設74周年記念,1,4262,馬場 貴也,1,42,52.9,0,0,0.14,7.2,47.83,67.83,6.44,44.44,55.56,26.67,60,35,50
2026-05-17,21,11,2026-05-17 16:04:00,2,読売新聞社杯全日本王座決定戦開設74周年記念,2,4586,磯部 誠,1,35,53.1,0,0,0.12,7.19,54.74,65.26,5.93,40,40,52.94,76.47,53.57,78.57
2026-05-17,21,11,2026-05-17 16:04:00,2,読売新聞社杯全日本王座決定戦開設74周年記念,3,3388,今垣 光太郎,1,56,52.1,1,0,0.15,6.81,50,63.95,6.45,54.55,63.64,29.41,52.94,36.84,57.89
2026-05-17,21,11,2026-05-17 16:04:00,2,読売新聞社杯全日本王座決定戦開設74周年記念,4,4772,石丸 海渡,1,32,56.1,0,0,0.11,6.4,50.41,65.04,7.57,60,82.86,22.22,44.44,39.29,53.57
2026-05-17,21,11,2026-05-17 16:04:00,2,読売新聞社杯全日本王座決定戦開設74周年記念,5,4831,羽野 直也,1,31,53.8,0,0,0.15,7.22,49.45,68.13,6.94,50.63,69.62,47.37,57.89,22.22,38.89
2026-05-17,21,11,2026-05-17 16:04:00,2,読売新聞社杯全日本王座決定戦開設74周年記念,6,4539,金子 賢志,1,35,52,0,0,0.14,6.61,48.74,62.18,7.43,71.43,71.43,33.33,50,26.32,52.63
2026-05-17,21,12,2026-05-17 16:42:00,2,読売新聞社杯全日本王座決定戦開設74周年記念,1,4320,峰 竜太,1,41,52,0,0,0.14,7.88,53.33,74.44,8.33,63.89,80.56,38.89,66.67,36.84,52.63
2026-05-17,21,12,2026-05-17 16:42:00,2,読売新聞社杯全日本王座決定戦開設74周年記念,2,4497,桑原 悠,1,38,52.6,0,0,0.14,7.07,54.44,66.67,6.05,36.84,52.63,27.78,50,57.14,71.43
2026-05-17,21,12,2026-05-17 16:42:00,2,読売新聞社杯全日本王座決定戦開設74周年記念,3,4504,前田 将太,1,38,54.2,0,0,0.14,6.05,39.76,53.01,6.77,45.45,59.09,35,45,24,36
2026-05-17,21,12,2026-05-17 16:42:00,2,読売新聞社杯全日本王座決定戦開設74周年記念,4,4524,深谷 知博,1,38,51.5,1,0,0.12,6.85,42.98,60.53,5.56,22.22,33.33,41.38,51.72,20,40
2026-05-17,21,12,2026-05-17 16:42:00,2,読売新聞社杯全日本王座決定戦開設74周年記念,5,4851,関 浩哉,1,31,49.5,0,0,0.14,7.66,56.04,69.23,5.33,33.33,33.33,45,55,32.14,35.71
2026-05-17,21,12,2026-05-17 16:42:00,2,読売新聞社杯全日本王座決定戦開設74周年記念,6,4290,稲田 浩二,1,41,52.3,0,0,0.13,6.95,47.5,69.17,7.7,70,85,42.11,57.89,25,55
