race_date,stadium_number,race_number,race_closed_at,race_grade_number,race_title,boat_number,racer_number,racer_name,racer_class_number,racer_age,racer_weight,racer_flying_count,racer_late_count,racer_average_start_timing,racer_national_top_1_percent,racer_national_top_2_percent,racer_national_top_3_percent,racer_local_top_1_percent,racer_local_top_2_percent,racer_local_top_3_percent,racer_assigned_motor_top_2_percent,racer_assigned_motor_top_3_percent,racer_assigned_boat_top_2_percent,racer_assigned_boat_top_3_percent
2026-03-23,2,1,2026-03-23 10:47:00,5,第7回埼玉新聞社杯,1,4562,阪本 勇介,3,38,53.5,0,0,0.18,4.07,11.11,28.89,0,0,0,41.61,62.11,32,48
2026-03-23,2,1,2026-03-23 10:47:00,5,第7回埼玉新聞社杯,2,4393,田中 孝明,3,39,58,0,0,0.19,4.31,17.86,33.33,3,16.67,16.67,42.95,61.54,50,70.49
2026-03-23,2,1,2026-03-23 10:47:00,5,第7回埼玉新聞社杯,3,4779,伊倉 光,3,40,52,0,0,0.16,5.45,31.76,54.12,3.45,18.18,27.27,30.08,47.97,31.78,48.06
2026-03-23,2,1,2026-03-23 10:47:00,5,第7回埼玉新聞社杯,4,5323,香川 陽太,3,23,59.7,0,0,0.16,3.67,18.6,34.88,0,0,0,51.39,63.19,35.34,49.62
2026-03-23,2,1,2026-03-23 10:47:00,5,第7回埼玉新聞社杯,5,3718,伊達 正利,3,51,54.8,0,0,0.17,4.47,26.32,42.11,5.32,31.58,42.11,44,58.67,32.81,44.53
2026-03-23,2,1,2026-03-23 10:47:00,5,第7回埼玉新聞社杯,6,5367,赤松 咲香,4,24,50.8,1,0,0.17,1.86,4.65,6.98,0,0,0,33.79,49.66,22.58,38.71
2026-03-23,2,2,2026-03-23 11:16:00,5,第7回埼玉新聞社杯,1,3659,藤生 雄人,3,51,54,0,0,0.17,5.76,40.82,61.22,5,32.61,47.83,31.62,51.47,35.29,53.68
2026-03-23,2,2,2026-03-23 11:16:00,5,第7回埼玉新聞社杯,2,5035,櫻井 優,3,28,52.4,0,0,0.17,5.39,35.48,54.84,5.62,39.68,50.79,25.23,41.44,33.86,51.97
2026-03-23,2,2,2026-03-23 11:16:00,5,第7回埼玉新聞社杯,3,4520,高倉 孝太,3,38,51.5,0,0,0.15,6.34,47.42,65.98,7.43,71.43,85.71,30.41,43.24,27.74,38.69
2026-03-23,2,2,2026-03-23 11:16:00,5,第7回埼玉新聞社杯,4,4394,永嶋 裕一,2,39,52.4,0,0,0.14,5.85,40,58.95,0,0,0,27.78,41.67,30.53,45.04
2026-03-23,2,2,2026-03-23 11:16:00,5,第7回埼玉新聞社杯,5,3814,金子 貴志,3,50,52,0,0,0.17,4.59,26.74,40.7,4.5,18.75,50,30.58,51.24,40.32,56.45
2026-03-23,2,2,2026-03-23 11:16:00,5,第7回埼玉新聞社杯,6,4121,富永 修一,1,44,52.3,0,0,0.13,5.9,37.39,58.26,6.79,45.45,69.7,31.85,46.67,29.23,43.08
2026-03-23,2,3,2026-03-23 11:45:00,5,第7回埼玉新聞社杯,1,3653,品川 賢次,3,52,53.7,0,0,0.18,4.12,11.54,38.46,3,0,23.53,25.95,42.75,35.07,47.01
2026-03-23,2,3,2026-03-23 11:45:00,5,第7回埼玉新聞社杯,2,4231,鈴木 裕隆,2,42,55.5,0,0,0.17,5.44,29.91,57.26,5.75,37.5,62.5,34.72,50,34.09,52.27
2026-03-23,2,3,2026-03-23 11:45:00,5,第7回埼玉新聞社杯,3,3313,本吉 正樹,3,60,54.9,0,0,0.19,4.4,24.71,35.29,2.8,6.67,13.33,34.53,48.92,40,59.23
2026-03-23,2,3,2026-03-23 11:45:00,5,第7回埼玉新聞社杯,4,4931,木谷 賢太,1,30,52,0,0,0.14,6.59,45.9,71.31,6.28,36,68,22.05,42.52,33.58,57.66
2026-03-23,2,3,2026-03-23 11:45:00,5,第7回埼玉新聞社杯,5,4899,占部 一真,3,34,52.1,0,0,0.15,4.21,21.25,36.25,3.46,15.38,30.77,36.62,56.34,28.24,48.09
2026-03-23,2,3,2026-03-23 11:45:00,5,第7回埼玉新聞社杯,6,3156,金子 良昭,3,61,53.4,0,0,0.16,4.13,22.58,33.87,3.33,4.76,28.57,30.22,45.32,46.77,61.29
2026-03-23,2,4,2026-03-23 12:14:00,5,第7回埼玉新聞社杯,1,3455,谷本 幸司,3,54,52,0,0,0.18,5.17,30.23,46.51,5.2,33.33,46.67,24.56,43.86,33.08,51.54
2026-03-23,2,4,2026-03-23 12:14:00,5,第7回埼玉新聞社杯,2,2878,富山 弘幸,3,67,53.6,0,0,0.17,5.28,34.78,52.17,7.33,55.56,88.89,24.8,38.4,30.71,43.31
2026-03-23,2,4,2026-03-23 12:14:00,5,第7回埼玉新聞社杯,3,3541,三嶌 誠司,1,57,53.2,0,0,0.16,5.87,34.82,58.93,5.95,28.57,52.38,42.57,61.49,42.86,61.9
2026-03-23,2,4,2026-03-23 12:14:00,5,第7回埼玉新聞社杯,4,4409,坂元 浩仁,2,40,53.5,0,0,0.14,6.69,50,71.05,7.21,57.89,73.68,37.31,52.99,31.34,50
2026-03-23,2,4,2026-03-23 12:14:00,5,第7回埼玉新聞社杯,5,3107,平岡 重典,3,62,52,0,0,0.16,4.38,16.67,36.67,5.13,20,46.67,33.8,56.34,28.35,45.67
2026-03-23,2,4,2026-03-23 12:14:00,5,第7回埼玉新聞社杯,6,3319,山崎 義明,3,59,51.5,0,0,0.17,4.92,24.73,49.46,4.92,23.61,51.39,35.29,53.68,32.31,50.77
2026-03-23,2,5,2026-03-23 12:44:00,5,第7回埼玉新聞社杯,1,3300,川崎 智幸,1,58,53.5,0,0,0.15,5.57,38.68,50.94,4.75,25,37.5,29.93,51.82,31.54,48.46
2026-03-23,2,5,2026-03-23 12:44:00,5,第7回埼玉新聞社杯,2,4134,杉山 貴博,2,45,54.7,1,0,0.16,6.47,53,68,7.09,55.88,73.53,40.5,59.5,27.82,48.12
2026-03-23,2,5,2026-03-23 12:44:00,5,第7回埼玉新聞社杯,3,4258,関根 彰人,3,42,52.9,0,0,0.15,4.78,31.33,42.17,4.92,28.24,44.71,33.33,48.06,29.69,45.31
2026-03-23,2,5,2026-03-23 12:44:00,5,第7回埼玉新聞社杯,4,4218,吉川 喜継,1,44,52,1,0,0.15,6.9,57.25,75.36,6,45.45,65.91,36.96,54.35,40.48,57.14
2026-03-23,2,5,2026-03-23 12:44:00,5,第7回埼玉新聞社杯,5,4144,石塚 久也,2,44,52,0,0,0.19,5.99,44.35,61.74,6.91,54.87,69.91,43.26,59.57,32.35,46.32
2026-03-23,2,5,2026-03-23 12:44:00,5,第7回埼玉新聞社杯,6,5123,福山 恵里奈,3,29,48.6,0,0,0.16,4.41,22.09,39.53,4.78,33.33,55.56,41.13,59.68,21.97,37.12
2026-03-23,2,6,2026-03-23 13:14:00,5,第7回埼玉新聞社杯,1,4329,小松 卓司,3,42,51.5,0,0,0.16,4.49,22.47,41.57,4.94,31.25,43.75,38.85,55.4,37.88,59.09
2026-03-23,2,6,2026-03-23 13:14:00,5,第7回埼玉新聞社杯,2,4469,土山 卓也,2,39,54.5,0,0,0.16,5.88,41.24,58.76,2.67,0,33.33,41.33,61.33,33.58,51.49
2026-03-23,2,6,2026-03-23 13:14:00,5,第7回埼玉新聞社杯,3,5095,小原 聡将,2,31,52.4,1,0,0.14,5.78,35.11,61.7,4.65,23.08,46.15,32.14,43.57,36.64,58.78
2026-03-23,2,6,2026-03-23 13:14:00,5,第7回埼玉新聞社杯,4,4562,阪本 勇介,3,38,53.5,0,0,0.18,4.07,11.11,28.89,0,0,0,41.61,62.11,32,48
2026-03-23,2,6,2026-03-23 13:14:00,5,第7回埼玉新聞社杯,5,5028,原田 才一郎,1,29,52,1,0,0.16,6.1,41.98,58.02,6.57,45.71,65.71,32.86,60,40.8,54.4
2026-03-23,2,6,2026-03-23 13:14:00,5,第7回埼玉新聞社杯,6,5103,芝田 京介,3,27,53.2,2,0,0.16,3.91,16.22,32.43,3.98,24.14,32.76,42.86,55.1,29.92,48.03
2026-03-23,2,7,2026-03-23 13:45:00,5,第7回埼玉新聞社杯,1,4568,廣瀬 真也,2,38,52,0,0,0.16,5.4,37.5,53.41,6.31,53.85,61.54,28.03,46.21,27.34,44.53
2026-03-23,2,7,2026-03-23 13:45:00,5,第7回埼玉新聞社杯,2,4128,川口 貴久,3,46,55.2,0,0,0.17,5.19,30,50,5.03,25.81,48.39,41.35,52.63,31.78,51.16
2026-03-23,2,7,2026-03-23 13:45:00,5,第7回埼玉新聞社杯,3,4010,越智 照浩,3,46,56.6,0,0,0.18,3.89,13.7,28.77,5,33.33,50,33.33,46.81,32.06,45.8
2026-03-23,2,7,2026-03-23 13:45:00,5,第7回埼玉新聞社杯,4,3653,品川 賢次,3,52,53.7,0,0,0.18,4.12,11.54,38.46,3,0,23.53,25.95,42.75,35.07,47.01
2026-03-23,2,7,2026-03-23 13:45:00,5,第7回埼玉新聞社杯,5,5191,飛田 江己,1,24,52,0,0,0.13,6.32,42.5,60.83,6.55,50,64.29,31.01,47.29,27.91,45.74
2026-03-23,2,7,2026-03-23 13:45:00,5,第7回埼玉新聞社杯,6,5413,宮城 那菜,4,20,47.5,0,0,0.17,1.63,1.79,3.57,0,0,0,32.74,48.67,31.54,46.15
2026-03-23,2,8,2026-03-23 14:16:00,5,第7回埼玉新聞社杯,1,4779,伊倉 光,3,40,52,0,0,0.16,5.45,31.76,54.12,3.45,18.18,27.27,30.08,47.97,31.78,48.06
2026-03-23,2,8,2026-03-23 14:16:00,5,第7回埼玉新聞社杯,2,5006,久保原 秀人,3,29,53.7,0,0,0.17,3.34,11.27,25.35,2.86,9.09,18.18,36.54,48.08,41.94,58.06
2026-03-23,2,8,2026-03-23 14:16:00,5,第7回埼玉新聞社杯,3,3611,岩崎 芳美,2,53,47.1,0,0,0.14,5.33,33,49,0,0,0,36.99,54.11,31.06,54.55
2026-03-23,2,8,2026-03-23 14:16:00,5,第7回埼玉新聞社杯,4,3659,藤生 雄人,3,51,54,0,0,0.17,5.76,40.82,61.22,5,32.61,47.83,31.62,51.47,35.29,53.68
2026-03-23,2,8,2026-03-23 14:16:00,5,第7回埼玉新聞社杯,5,3542,清水 紀克,3,57,56.1,0,0,0.19,4.42,23.61,40.28,3.5,8.33,16.67,40.85,64.08,29.37,47.62
2026-03-23,2,8,2026-03-23 14:16:00,5,第7回埼玉新聞社杯,6,3556,田中 信一郎,1,53,54,0,0,0.14,6.91,54.21,72.9,5.75,41.67,50,38.57,50,37.98,47.29
2026-03-23,2,9,2026-03-23 14:48:00,5,第7回埼玉新聞社杯,1,4409,坂元 浩仁,2,40,53.5,0,0,0.14,6.69,50,71.05,7.21,57.89,73.68,37.31,52.99,31.34,50
2026-03-23,2,9,2026-03-23 14:48:00,5,第7回埼玉新聞社杯,2,4520,高倉 孝太,3,38,51.5,0,0,0.15,6.34,47.42,65.98,7.43,71.43,85.71,30.41,43.24,27.74,38.69
2026-03-23,2,9,2026-03-23 14:48:00,5,第7回埼玉新聞社杯,3,3455,谷本 幸司,3,54,52,0,0,0.18,5.17,30.23,46.51,5.2,33.33,46.67,24.56,43.86,33.08,51.54
2026-03-23,2,9,2026-03-23 14:48:00,5,第7回埼玉新聞社杯,4,4393,田中 孝明,3,39,58,0,0,0.19,4.31,17.86,33.33,3,16.67,16.67,42.95,61.54,50,70.49
2026-03-23,2,9,2026-03-23 14:48:00,5,第7回埼玉新聞社杯,5,4134,杉山 貴博,2,45,54.7,1,0,0.16,6.47,53,68,7.09,55.88,73.53,40.5,59.5,27.82,48.12
2026-03-23,2,9,2026-03-23 14:48:00,5,第7回埼玉新聞社杯,6,5165,小林 愛実,3,25,46.5,0,0,0.17,5.11,30.77,47.25,5.05,15.79,47.37,40.29,55.4,33.08,52.31
2026-03-23,2,10,2026-03-23 15:21:00,5,第7回埼玉新聞社杯,1,3319,山崎 義明,3,59,51.5,0,0,0.17,4.92,24.73,49.46,4.92,23.61,51.39,35.29,53.68,32.31,50.77
2026-03-23,2,10,2026-03-23 15:21:00,5,第7回埼玉新聞社杯,2,5028,原田 才一郎,1,29,52,1,0,0.16,6.1,41.98,58.02,6.57,45.71,65.71,32.86,60,40.8,54.4
2026-03-23,2,10,2026-03-23 15:21:00,5,第7回埼玉新聞社杯,3,4931,木谷 賢太,1,30,52.1,0,0,0.14,6.59,45.9,71.31,6.28,36,68,22.05,42.52,33.58,57.66
2026-03-23,2,10,2026-03-23 15:21:00,5,第7回埼玉新聞社杯,4,3541,三嶌 誠司,1,57,53.5,0,0,0.16,5.87,34.82,58.93,5.95,28.57,52.38,42.57,61.49,42.86,61.9
2026-03-23,2,10,2026-03-23 15:21:00,5,第7回埼玉新聞社杯,5,4469,土山 卓也,2,39,54.4,0,0,0.16,5.88,41.24,58.76,2.67,0,33.33,41.33,61.33,33.58,51.49
2026-03-23,2,10,2026-03-23 15:21:00,5,第7回埼玉新聞社杯,6,3300,川崎 智幸,1,58,53.4,0,0,0.15,5.57,38.68,50.94,4.75,25,37.5,29.93,51.82,31.54,48.46
2026-03-23,2,11,2026-03-23 15:55:00,5,第7回埼玉新聞社杯,1,4121,富永 修一,1,44,52.3,0,0,0.13,5.9,37.39,58.26,6.79,45.45,69.7,31.85,46.67,29.23,43.08
2026-03-23,2,11,2026-03-23 15:55:00,5,第7回埼玉新聞社杯,2,5191,飛田 江己,1,24,52,0,0,0.13,6.32,42.5,60.83,6.55,50,64.29,31.01,47.29,27.91,45.74
2026-03-23,2,11,2026-03-23 15:55:00,5,第7回埼玉新聞社杯,3,4394,永嶋 裕一,2,39,52.4,0,0,0.14,5.85,40,58.95,0,0,0,27.78,41.67,30.53,45.04
2026-03-23,2,11,2026-03-23 15:55:00,5,第7回埼玉新聞社杯,4,5095,小原 聡将,2,31,52.4,1,0,0.14,5.78,35.11,61.7,4.65,23.08,46.15,32.14,43.57,36.64,58.78
2026-03-23,2,11,2026-03-23 15:55:00,5,第7回埼玉新聞社杯,5,2878,富山 弘幸,3,67,53.6,0,0,0.17,5.28,34.78,52.17,7.33,55.56,88.89,24.8,38.4,30.71,43.31
2026-03-23,2,11,2026-03-23 15:55:00,5,第7回埼玉新聞社杯,6,4568,廣瀬 真也,2,38,52,0,0,0.16,5.4,37.5,53.41,6.31,53.85,61.54,28.03,46.21,27.34,44.53
2026-03-23,2,12,2026-03-23 16:30:00,5,第7回埼玉新聞社杯,1,3556,田中 信一郎,1,53,54,0,0,0.14,6.91,54.21,72.9,5.75,41.67,50,38.57,50,37.98,47.29
2026-03-23,2,12,2026-03-23 16:30:00,5,第7回埼玉新聞社杯,2,4144,石塚 久也,2,44,52,0,0,0.19,5.99,44.35,61.74,6.91,54.87,69.91,43.26,59.57,32.35,46.32
2026-03-23,2,12,2026-03-23 16:30:00,5,第7回埼玉新聞社杯,3,4218,吉川 喜継,1,44,52,1,0,0.15,6.9,57.25,75.36,6,45.45,65.91,36.96,54.35,40.48,57.14
2026-03-23,2,12,2026-03-23 16:30:00,5,第7回埼玉新聞社杯,4,3611,岩崎 芳美,2,53,47.1,0,0,0.14,5.33,33,49,0,0,0,36.99,54.11,31.06,54.55
2026-03-23,2,12,2026-03-23 16:30:00,5,第7回埼玉新聞社杯,5,4231,鈴木 裕隆,2,42,55.5,0,0,0.17,5.44,29.91,57.26,5.75,37.5,62.5,34.72,50,34.09,52.27
2026-03-23,2,12,2026-03-23 16:30:00,5,第7回埼玉新聞社杯,6,4329,小松 卓司,3,42,51.5,0,0,0.16,4.49,22.47,41.57,4.94,31.25,43.75,38.85,55.4,37.88,59.09
2026-03-23,5,1,2026-03-23 11:20:00,5,男女W優勝戦第2回ファイティングボートガイド杯,1,4082,濱崎 誠,3,46,52,0,0,0.15,5.36,36.47,48.24,0,0,0,31.75,47.62,39.01,53.81
2026-03-23,5,1,2026-03-23 11:20:00,5,男女W優勝戦第2回ファイティングボートガイド杯,2,3502,渡邉 英児,3,56,52.6,0,0,0.18,5.62,37.66,54.55,4.69,18.75,50,31.63,44.9,29.91,44.39
2026-03-23,5,1,2026-03-23 11:20:00,5,男女W優勝戦第2回ファイティングボートガイド杯,3,4496,内堀 学,2,38,52,0,0,0.18,7.04,62.4,72.8,6.34,43.9,68.29,36.14,52.61,37.78,58.22
2026-03-23,5,1,2026-03-23 11:20:00,5,男女W優勝戦第2回ファイティングボートガイド杯,4,5186,遠藤 圭吾,3,25,52.2,1,1,0.17,3.83,20.75,30.19,4.07,22.22,25.93,56.31,70.27,33.49,47.71
2026-03-23,5,1,2026-03-23 11:20:00,5,男女W優勝戦第2回ファイティングボートガイド杯,5,3889,須藤 隆雄,3,51,55.2,0,0,0.15,4.02,15.91,34.09,5.58,37.5,50,33.17,54.33,35.02,50.23
2026-03-23,5,1,2026-03-23 11:20:00,5,男女W優勝戦第2回ファイティングボートガイド杯,6,3306,武田 正紀,3,58,53.7,0,0,0.16,4.17,17.14,32.86,4.33,14.81,25.93,30.04,47.64,32.11,49.08
2026-03-23,5,2,2026-03-23 11:49:00,5,男女W優勝戦第2回ファイティングボートガイド杯,1,5140,吉田 彩乃,3,25,47,0,0,0.19,4.66,25.97,44.16,0,0,0,31.14,45.61,33.75,49.38
2026-03-23,5,2,2026-03-23 11:49:00,5,男女W優勝戦第2回ファイティングボートガイド杯,2,4825,倉持 莉々,1,32,47,1,0,0.12,6.11,40,58.89,6.35,52.38,63.49,33.47,51.05,41.74,51.83
2026-03-23,5,2,2026-03-23 11:49:00,5,男女W優勝戦第2回ファイティングボートガイド杯,3,4098,赤澤 文香,3,43,47.3,0,0,0.2,4.68,26.15,40,6.4,40,60,44.44,65.48,32.14,50.89
2026-03-23,5,2,2026-03-23 11:49:00,5,男女W優勝戦第2回ファイティングボートガイド杯,4,5373,諏訪 玲奈,4,23,47.7,0,0,0.24,2.23,0,9.09,0,0,0,40.79,57.02,35.75,54.75
2026-03-23,5,2,2026-03-23 11:49:00,5,男女W優勝戦第2回ファイティングボートガイド杯,5,5346,中村 紋夕梨,4,22,46.5,0,0,0.19,2.43,4.41,10.29,1.89,2.86,8.57,48,62.5,32.43,49.1
2026-03-23,5,2,2026-03-23 11:49:00,5,男女W優勝戦第2回ファイティングボートガイド杯,6,3579,中里 優子,3,53,47.9,1,0,0.16,4.32,22.67,38.67,4.96,28.89,44.44,32.91,47.86,36.89,50.67
2026-03-23,5,3,2026-03-23 12:27:00,5,男女W優勝戦第2回ファイティングボートガイド杯,1,3681,山谷 央,3,52,52,0,0,0.15,5.09,23.64,47.27,5.25,27.5,52.5,34.27,45.16,33.19,51.09
2026-03-23,5,3,2026-03-23 12:27:00,5,男女W優勝戦第2回ファイティングボートガイド杯,2,4928,栗城 匠,1,30,52.1,0,0,0.14,6.4,46.6,61.17,6.63,50,71.05,40.31,58.16,33.33,53.88
2026-03-23,5,3,2026-03-23 12:27:00,5,男女W優勝戦第2回ファイティングボートガイド杯,3,4766,石井 孝之,3,35,54.9,0,0,0.17,4.98,32.76,46.55,4.83,27.78,44.44,43.65,57.87,33.33,50
2026-03-23,5,3,2026-03-23 12:27:00,5,男女W優勝戦第2回ファイティングボートガイド杯,4,4033,伊藤 将吉,1,47,52,0,0,0.13,6.58,52.54,68.64,6.77,53.33,70,43.2,58.25,30.48,46.52
2026-03-23,5,3,2026-03-23 12:27:00,5,男女W優勝戦第2回ファイティングボートガイド杯,5,5394,福西 広太郎,3,24,52,0,0,0.2,3.04,8.86,22.78,3.14,0,14.29,25.44,39.05,30.05,47.54
2026-03-23,5,3,2026-03-23 12:27:00,5,男女W優勝戦第2回ファイティングボートガイド杯,6,4992,廣瀬 篤哉,3,28,55.4,0,0,0.16,4.46,29.59,38.78,4.2,20,30,35.56,54.81,31.31,45.45
2026-03-23,5,4,2026-03-23 12:56:00,5,男女W優勝戦第2回ファイティングボートガイド杯,1,5314,中曽 瑠華,4,25,51.8,0,0,0.18,3.03,10.29,20.59,2.08,7.69,11.54,38.5,57.5,35.45,55.45
2026-03-23,5,4,2026-03-23 12:56:00,5,男女W優勝戦第2回ファイティングボートガイド杯,2,4373,若狭 奈美子,1,37,47,0,0,0.18,6.25,44.17,67.5,3.88,12.5,25,33.74,48.97,34.13,50.48
2026-03-23,5,4,2026-03-23 12:56:00,5,男女W優勝戦第2回ファイティングボートガイド杯,3,4854,大橋 由珠,4,31,44,0,0,0.18,4.55,25,40.91,0,0,0,29.02,45.98,30.29,49.52
2026-03-23,5,4,2026-03-23 12:56:00,5,男女W優勝戦第2回ファイティングボートガイド杯,4,3993,永井 聖美,2,47,47,0,0,0.17,5,26.51,53.01,5.82,41.18,64.71,40.08,59.92,32.43,55.41
2026-03-23,5,4,2026-03-23 12:56:00,5,男女W優勝戦第2回ファイティングボートガイド杯,5,5390,高橋 涼夏,4,18,47,1,0,0.15,1.76,1.69,5.08,1,0,0,38.38,53.54,35.75,52.04
2026-03-23,5,4,2026-03-23 12:56:00,5,男女W優勝戦第2回ファイティングボートガイド杯,6,5069,山崎 小葉音,3,25,44,0,0,0.15,4.22,25.49,41.18,3,14.29,28.57,28.1,45.24,39.9,56.99
2026-03-23,5,5,2026-03-23 13:27:00,5,男女W優勝戦第2回ファイティングボートガイド杯,1,5050,木下 雄介,2,31,52.6,1,0,0.16,5.96,40.24,62.2,6.22,44.44,77.78,30.43,48.7,42.27,56.36
2026-03-23,5,5,2026-03-23 13:27:00,5,男女W優勝戦第2回ファイティングボートガイド杯,2,4118,宇佐見 淳,1,45,52,0,0,0.14,6.15,45.04,61.07,7.07,43.33,80,33.33,52.03,43.17,60.35
2026-03-23,5,5,2026-03-23 13:27:00,5,男女W優勝戦第2回ファイティングボートガイド杯,3,3306,武田 正紀,3,58,53.7,0,0,0.16,4.17,17.14,32.86,4.33,14.81,25.93,30.04,47.64,32.11,49.08
2026-03-23,5,5,2026-03-23 13:27:00,5,男女W優勝戦第2回ファイティングボートガイド杯,4,5232,樅山 拓馬,3,28,52.1,1,0,0.14,5.09,32.76,50,3.74,26.32,26.32,42.31,61.15,36.45,56.65
2026-03-23,5,5,2026-03-23 13:27:00,5,男女W優勝戦第2回ファイティングボートガイド杯,5,5017,澤田 尚也,1,27,52.2,0,0,0.13,5.94,36.46,46.88,8.38,75,100,28.7,44.78,30.8,50
2026-03-23,5,5,2026-03-23 13:27:00,5,男女W優勝戦第2回ファイティングボートガイド杯,6,5424,熊倉 幹太,4,23,53.1,1,0,,1.38,2.38,2.38,1.5,0,0,40.77,58.37,30.73,44.95
2026-03-23,5,6,2026-03-23 14:00:00,5,男女W優勝戦第2回ファイティングボートガイド杯,1,4335,若林 将,1,42,53.1,0,0,0.12,7.07,52.14,73.5,7.41,53.57,78.57,27.43,47.79,30.22,42.86
2026-03-23,5,6,2026-03-23 14:00:00,5,男女W優勝戦第2回ファイティングボートガイド杯,2,5186,遠藤 圭吾,3,25,52.2,1,1,0.17,3.83,20.75,30.19,4.07,22.22,25.93,56.31,70.27,33.49,47.71
2026-03-23,5,6,2026-03-23 14:00:00,5,男女W優勝戦第2回ファイティングボートガイド杯,3,4962,畑 竜生,2,29,52,1,0,0.15,5.89,35.65,62.61,6.42,48.48,63.64,31.58,42.98,34.23,50.9
2026-03-23,5,6,2026-03-23 14:00:00,5,男女W優勝戦第2回ファイティングボートガイド杯,4,4082,濱崎 誠,3,46,52,0,0,0.15,5.36,36.47,48.24,0,0,0,31.75,47.62,39.01,53.81
2026-03-23,5,6,2026-03-23 14:00:00,5,男女W優勝戦第2回ファイティングボートガイド杯,5,4857,加藤 翔馬,1,28,53.7,0,0,0.16,6.84,51.56,73.44,0,0,0,36.92,56.92,37.05,56.7
2026-03-23,5,6,2026-03-23 14:00:00,5,男女W優勝戦第2回ファイティングボートガイド杯,6,4461,安田 吉宏,3,39,57,0,0,0.17,4.13,15.73,38.2,4.61,27.78,44.44,43.27,57.31,41.7,57.85
2026-03-23,5,7,2026-03-23 14:40:00,5,男女W優勝戦第2回ファイティングボートガイド杯,1,4123,細川 裕子,1,44,47,0,0,0.19,6.52,45.16,66.94,0,0,0,30.35,46.27,36.82,55.91
2026-03-23,5,7,2026-03-23 14:40:00,5,男女W優勝戦第2回ファイティングボートガイド杯,2,4927,関野 文,2,32,45.5,0,0,0.16,5.56,32.79,53.28,4.78,33.33,44.44,30.67,51.11,36.87,47.98
2026-03-23,5,7,2026-03-23 14:40:00,5,男女W優勝戦第2回ファイティングボートガイド杯,3,3175,渡辺 千草,3,62,48.1,0,0,0.16,4.53,22.22,40.74,5.55,35.71,60.71,32.07,48.1,38.25,54.84
2026-03-23,5,7,2026-03-23 14:40:00,5,男女W優勝戦第2回ファイティングボートガイド杯,4,3207,田村 美和,3,60,51.4,0,0,0.17,3.48,11.94,17.91,4.65,30.77,38.46,24.53,45.28,31.58,47.85
2026-03-23,5,7,2026-03-23 14:40:00,5,男女W優勝戦第2回ファイティングボートガイド杯,5,3579,中里 優子,3,53,47.9,1,0,0.16,4.32,22.67,38.67,4.96,28.89,44.44,32.91,47.86,36.89,50.67
2026-03-23,5,7,2026-03-23 14:40:00,5,男女W優勝戦第2回ファイティングボートガイド杯,6,4678,水野 望美,3,37,46.5,0,0,0.17,5.37,32.18,49.43,4.76,29.41,47.06,43.33,60.83,31.08,45.95
2026-03-23,5,8,2026-03-23 15:09:00,5,男女W優勝戦第2回ファイティングボートガイド杯,1,4283,石井 裕美,3,42,49.6,0,0,0.17,4.24,13.92,34.18,3.94,14.71,32.35,30.11,43.01,35.71,54.46
2026-03-23,5,8,2026-03-23 15:09:00,5,男女W優勝戦第2回ファイティングボートガイド杯,2,5045,平川 香織,2,25,47,0,0,0.22,5.8,37.88,58.33,5.77,42.31,50,34.31,48.95,33.93,51.79
2026-03-23,5,8,2026-03-23 15:09:00,5,男女W優勝戦第2回ファイティングボートガイド杯,3,5088,高憧 四季,1,26,44.5,0,0,0.16,7.01,57.86,67.86,6.37,47.37,63.16,33.33,50.67,37.72,57.89
2026-03-23,5,8,2026-03-23 15:09:00,5,男女W優勝戦第2回ファイティングボートガイド杯,4,4854,大橋 由珠,4,31,44,0,0,0.18,4.55,25,40.91,0,0,0,29.02,45.98,30.29,49.52
2026-03-23,5,8,2026-03-23 15:09:00,5,男女W優勝戦第2回ファイティングボートガイド杯,5,4246,喜多 那由夏,3,43,48.3,0,0,0.18,4.15,19.59,38.14,4.5,33.33,33.33,37.05,56.18,36.87,47.49
2026-03-23,5,8,2026-03-23 15:09:00,5,男女W優勝戦第2回ファイティングボートガイド杯,6,5390,高橋 涼夏,4,18,47,1,0,0.15,1.76,1.69,5.08,1,0,0,38.38,53.54,35.75,52.04
2026-03-23,5,9,2026-03-23 15:38:00,5,男女W優勝戦第2回ファイティングボートガイド杯,1,4928,栗城 匠,1,30,52.1,0,0,0.14,6.4,46.6,61.17,6.63,50,71.05,40.31,58.16,33.33,53.88
2026-03-23,5,9,2026-03-23 15:38:00,5,男女W優勝戦第2回ファイティングボートガイド杯,2,4033,伊藤 将吉,1,47,52,0,0,0.13,6.58,52.54,68.64,6.77,53.33,70,43.2,58.25,30.48,46.52
2026-03-23,5,9,2026-03-23 15:38:00,5,男女W優勝戦第2回ファイティングボートガイド杯,3,5232,樅山 拓馬,3,28,52.1,1,0,0.14,5.09,32.76,50,3.74,26.32,26.32,42.31,61.15,36.45,56.65
2026-03-23,5,9,2026-03-23 15:38:00,5,男女W優勝戦第2回ファイティングボートガイド杯,4,3484,芝田 浩治,2,54,52,0,0,0.16,5.97,45.69,60.34,8.13,75,87.5,36.1,54.36,34.82,50.89
2026-03-23,5,9,2026-03-23 15:38:00,5,男女W優勝戦第2回ファイティングボートガイド杯,5,3502,渡邉 英児,3,56,52.6,0,0,0.18,5.62,37.66,54.55,4.69,18.75,50,31.63,44.9,29.91,44.39
2026-03-23,5,9,2026-03-23 15:38:00,5,男女W優勝戦第2回ファイティングボートガイド杯,6,4538,笠置 博之,2,35,52.2,0,0,0.14,6.24,46.94,60.2,5.97,51.61,58.06,52.76,68.34,34.38,51.79
2026-03-23,5,10,2026-03-23 16:12:00,5,男女W優勝戦第2回ファイティングボートガイド杯,1,4117,廣中 智紗衣,1,45,46,1,0,0.2,5.7,39.09,62.73,5.57,30.61,63.27,29.32,48.59,35.43,53.81
2026-03-23,5,10,2026-03-23 16:12:00,5,男女W優勝戦第2回ファイティングボートガイド杯,2,4589,塩崎 桐加,2,33,48.1,1,0,0.15,4.23,23.21,33.93,5.9,40,66.67,38.42,55.67,35.6,52.36
2026-03-23,5,10,2026-03-23 16:12:00,5,男女W優勝戦第2回ファイティングボートガイド杯,3,3993,永井 聖美,2,47,47,0,0,0.17,5,26.51,53.01,5.82,41.18,64.71,40.08,59.92,32.43,55.41
2026-03-23,5,10,2026-03-23 16:12:00,5,男女W優勝戦第2回ファイティングボートガイド杯,4,4373,若狭 奈美子,1,37,47,0,0,0.18,6.25,44.17,67.5,3.88,12.5,25,33.74,48.97,34.13,50.48
2026-03-23,5,10,2026-03-23 16:12:00,5,男女W優勝戦第2回ファイティングボートガイド杯,5,4098,赤澤 文香,3,43,47.3,0,0,0.2,4.68,26.15,40,6.4,40,60,44.44,65.48,32.14,50.89
2026-03-23,5,10,2026-03-23 16:12:00,5,男女W優勝戦第2回ファイティングボートガイド杯,6,5399,長野 未来,4,23,45.5,0,0,0.23,1.75,0,9.23,1.75,0,12.5,39.45,61.01,34.23,49.1
2026-03-23,5,11,2026-03-23 16:44:00,5,男女W優勝戦第2回ファイティングボートガイド杯,1,5017,澤田 尚也,1,27,52.2,0,0,0.13,5.94,36.46,46.88,8.38,75,100,28.7,44.78,30.8,50
2026-03-23,5,11,2026-03-23 16:44:00,5,男女W優勝戦第2回ファイティングボートガイド杯,2,4857,加藤 翔馬,1,28,53.7,0,0,0.16,6.84,51.56,73.44,0,0,0,36.92,56.92,37.05,56.7
2026-03-23,5,11,2026-03-23 16:44:00,5,男女W優勝戦第2回ファイティングボートガイド杯,3,4335,若林 将,1,42,53.1,0,0,0.12,7.07,52.14,73.5,7.41,53.57,78.57,27.43,47.79,30.22,42.86
2026-03-23,5,11,2026-03-23 16:44:00,5,男女W優勝戦第2回ファイティングボートガイド杯,4,4992,廣瀬 篤哉,3,28,55.4,0,0,0.16,4.46,29.59,38.78,4.2,20,30,35.56,54.81,31.31,45.45
2026-03-23,5,11,2026-03-23 16:44:00,5,男女W優勝戦第2回ファイティングボートガイド杯,5,4766,石井 孝之,3,35,54.9,0,0,0.17,4.98,32.76,46.55,4.83,27.78,44.44,43.65,57.87,33.33,50
2026-03-23,5,11,2026-03-23 16:44:00,5,男女W優勝戦第2回ファイティングボートガイド杯,6,4118,宇佐見 淳,1,45,52,0,0,0.14,6.15,45.04,61.07,7.07,43.33,80,33.33,52.03,43.17,60.35
2026-03-23,5,12,2026-03-23 17:17:00,5,男女W優勝戦第2回ファイティングボートガイド杯,1,5088,高憧 四季,1,26,44.5,0,0,0.16,7.01,57.86,67.86,6.37,47.37,63.16,33.33,50.67,37.72,57.89
2026-03-23,5,12,2026-03-23 17:17:00,5,男女W優勝戦第2回ファイティングボートガイド杯,2,4246,喜多 那由夏,3,43,48.3,0,0,0.18,4.15,19.59,38.14,4.5,33.33,33.33,37.05,56.18,36.87,47.49
2026-03-23,5,12,2026-03-23 17:17:00,5,男女W優勝戦第2回ファイティングボートガイド杯,3,5140,吉田 彩乃,3,25,47,0,0,0.19,4.66,25.97,44.16,0,0,0,31.14,45.61,33.75,49.38
2026-03-23,5,12,2026-03-23 17:17:00,5,男女W優勝戦第2回ファイティングボートガイド杯,4,4123,細川 裕子,1,44,47,0,0,0.19,6.52,45.16,66.94,0,0,0,30.35,46.27,36.82,55.91
2026-03-23,5,12,2026-03-23 17:17:00,5,男女W優勝戦第2回ファイティングボートガイド杯,5,4825,倉持 莉々,1,32,47,1,0,0.12,6.11,40,58.89,6.35,52.38,63.49,33.47,51.05,41.74,51.83
2026-03-23,5,12,2026-03-23 17:17:00,5,男女W優勝戦第2回ファイティングボートガイド杯,6,4927,関野 文,2,32,45.5,0,0,0.16,5.56,32.79,53.28,4.78,33.33,44.44,30.67,51.11,36.87,47.98
2026-03-23,6,1,2026-03-23 11:24:00,4,第39回 中日カップ,1,3475,橋本 久和,3,55,52.1,0,0,0.19,5.47,34.12,54.12,5.91,36.36,59.09,35.68,55.51,33.66,51.49
2026-03-23,6,1,2026-03-23 11:24:00,4,第39回 中日カップ,2,4299,中島 浩哉,3,43,55,0,0,0.14,4.6,23.17,43.9,3.59,17.65,23.53,37.72,56.14,45.1,56.86
2026-03-23,6,1,2026-03-23 11:24:00,4,第39回 中日カップ,3,4411,沢田 昭宏,2,40,53,0,0,0.16,5.62,37.86,52.43,4.6,26.67,40,26,43.5,28.3,43.4
2026-03-23,6,1,2026-03-23 11:24:00,4,第39回 中日カップ,4,4084,杉山 正樹,1,46,52.3,0,0,0.16,6.76,47.76,65.67,8.05,80,85,33.05,49.58,33.33,43.81
2026-03-23,6,1,2026-03-23 11:24:00,4,第39回 中日カップ,5,4672,守屋 大地,3,39,52,0,0,0.18,4.72,26.74,45.35,4.14,42.86,42.86,26.79,46.41,31.58,52.63
2026-03-23,6,1,2026-03-23 11:24:00,4,第39回 中日カップ,6,4363,大野 芳顕,2,41,53,0,0,0.15,5.99,40.3,61.19,8.1,70,90,49.26,65.07,44.66,60.19
2026-03-23,6,2,2026-03-23 11:56:00,4,第39回 中日カップ,1,3828,明石 正之,3,52,52,0,0,0.17,5.37,34.88,52.33,4.58,25,41.67,27.31,45.83,31.73,55.77
2026-03-23,6,2,2026-03-23 11:56:00,4,第39回 中日カップ,2,3997,北村 征嗣,1,46,52,0,0,0.16,6.77,49.65,72.34,7.36,63.64,77.27,47.17,63.02,35.64,54.46
2026-03-23,6,2,2026-03-23 11:56:00,4,第39回 中日カップ,3,4362,土屋 智則,1,41,53,0,0,0.13,6.52,39.73,67.12,9.18,90.91,100,27.21,43.38,35.42,50
2026-03-23,6,2,2026-03-23 11:56:00,4,第39回 中日カップ,4,5002,上田 健太,2,30,52,1,0,0.15,5.9,39.05,60.95,6.48,48.15,70.37,35.47,53.42,30.19,48.11
2026-03-23,6,2,2026-03-23 11:56:00,4,第39回 中日カップ,5,3656,伯母 芳恒,3,52,54.9,0,0,0.16,5.18,30.95,53.57,4.7,30,40,25.81,41.94,31.43,46.67
2026-03-23,6,2,2026-03-23 11:56:00,4,第39回 中日カップ,6,4216,星 栄爾,3,40,54.6,0,0,0.14,5.19,31.58,48.25,5.89,41.46,58.54,33.19,51.68,39,51
2026-03-23,6,3,2026-03-23 12:21:00,4,第39回 中日カップ,1,5044,渡邉 健,3,26,58.7,0,0,0.14,4.75,28.13,42.71,4.79,31.58,36.84,32.11,46.33,38.61,58.42
2026-03-23,6,3,2026-03-23 12:21:00,4,第39回 中日カップ,2,5029,中 亮太,2,28,52.8,1,0,0.13,6.11,43.81,56.19,3.5,33.33,33.33,34.48,50,33.66,43.56
2026-03-23,6,3,2026-03-23 12:21:00,4,第39回 中日カップ,3,5110,杉山 喜一,3,26,51.5,0,0,0.15,4.99,22.73,48.18,5.11,29.76,48.81,39.91,56.58,41,58
2026-03-23,6,3,2026-03-23 12:21:00,4,第39回 中日カップ,4,4910,中村 泰平,1,30,52,1,0,0.15,6.92,57.02,68.42,6.54,61.54,69.23,31.19,46.79,32.08,50
2026-03-23,6,3,2026-03-23 12:21:00,4,第39回 中日カップ,5,5098,大江 純,3,30,52.1,0,0,0.16,4.97,24.72,50.56,4.33,25,33.33,43.72,58.44,37.86,60.19
2026-03-23,6,3,2026-03-23 12:21:00,4,第39回 中日カップ,6,4066,東本 勝利,1,46,52.5,0,0,0.15,6.04,38.1,64.76,6.35,50,61.54,31.36,46.61,32.38,54.29
2026-03-23,6,4,2026-03-23 12:50:00,4,第39回 中日カップ,1,3898,平田 忠則,1,49,53.9,1,0,0.14,6.81,50,70.21,7.41,62.96,81.48,44.9,61.22,30.21,48.96
2026-03-23,6,4,2026-03-23 12:50:00,4,第39回 中日カップ,2,4982,中村 将隆,3,29,54,0,0,0.17,5.32,34.57,55.56,3,5.88,11.76,35.86,52.32,35.71,56.12
2026-03-23,6,4,2026-03-23 12:50:00,4,第39回 中日カップ,3,4498,宮本 夏樹,3,38,54.7,0,0,0.17,5.59,41.18,52.94,4.19,25,25,46.21,67.05,29.52,43.81
2026-03-23,6,4,2026-03-23 12:50:00,4,第39回 中日カップ,4,4442,松竹 大輔,3,39,52,0,0,0.15,4.96,31,46,5.76,41.18,61.76,39.5,60.92,47.06,66.67
2026-03-23,6,4,2026-03-23 12:50:00,4,第39回 中日カップ,5,5105,富田 恕生,3,27,52.9,0,0,0.18,4.9,25.64,48.72,3.31,18.75,31.25,45.56,60.62,33.01,47.57
2026-03-23,6,4,2026-03-23 12:50:00,4,第39回 中日カップ,6,5199,垂水 悠,3,24,54,0,0,0.14,5.1,25.35,47.89,4.56,33.33,44.44,34.55,47.73,37,51
2026-03-23,6,5,2026-03-23 13:20:00,4,第39回 中日カップ,1,4432,黄金井 力良,3,40,53.9,0,0,0.15,5.18,28.44,50.46,5,26.67,46.67,36.55,52.1,33.33,52.94
2026-03-23,6,5,2026-03-23 13:20:00,4,第39回 中日カップ,2,4769,馬場 剛,2,33,52,0,0,0.12,6.25,44.64,62.5,5.62,42.86,61.9,34.75,50,32.61,46.74
2026-03-23,6,5,2026-03-23 13:20:00,4,第39回 中日カップ,3,5303,土井 歩夢,3,22,52,1,0,0.17,5.69,35.29,56.47,4.35,19.23,34.62,32.66,51.61,40.2,50
2026-03-23,6,5,2026-03-23 13:20:00,4,第39回 中日カップ,4,3475,橋本 久和,3,55,52.1,0,0,0.19,5.47,34.12,54.12,5.91,36.36,59.09,35.68,55.51,33.66,51.49
2026-03-23,6,5,2026-03-23 13:20:00,4,第39回 中日カップ,5,4685,島村 隆幸,1,35,51.5,0,0,0.15,7.42,61.82,79.09,6.42,36.84,68.42,32.34,53.23,32.38,46.67
2026-03-23,6,5,2026-03-23 13:20:00,4,第39回 中日カップ,6,4199,北川 潤二,2,43,55.8,0,0,0.14,6.61,48.2,68.35,6.57,42.86,71.43,35.02,51.05,37.5,56.73
2026-03-23,6,6,2026-03-23 13:52:00,4,第39回 中日カップ,1,4299,中島 浩哉,3,43,55,0,0,0.14,4.6,23.17,43.9,3.59,17.65,23.53,37.72,56.14,45.1,56.86
2026-03-23,6,6,2026-03-23 13:52:00,4,第39回 中日カップ,2,5047,國分 将太郎,3,32,54.3,0,0,0.2,4.44,21.13,42.25,5.22,27.78,61.11,35.74,51.49,30.84,41.12
2026-03-23,6,6,2026-03-23 13:52:00,4,第39回 中日カップ,3,4796,春園 功太,2,34,52,0,0,0.13,6.72,56.36,69.09,6.73,54.55,77.27,33.88,48.76,43.52,63.89
2026-03-23,6,6,2026-03-23 13:52:00,4,第39回 中日カップ,4,4436,渋谷 明憲,2,39,52.4,0,0,0.15,6.37,48.33,67.5,5,27.27,45.45,35,55.42,35.29,51.96
2026-03-23,6,6,2026-03-23 13:52:00,4,第39回 中日カップ,5,4710,福田 宗平,1,36,52,0,0,0.14,6.04,43.22,63.56,6.37,54.29,68.57,25.39,35.75,31.43,43.81
2026-03-23,6,6,2026-03-23 13:52:00,4,第39回 中日カップ,6,4933,板橋 侑我,1,29,52.7,1,0,0.13,6.7,45.65,66.3,6.27,48.05,61.04,33.48,51.34,34.31,45.1
2026-03-23,6,7,2026-03-23 14:22:00,4,第39回 中日カップ,1,4109,谷津 幸宏,1,45,52.5,0,0,0.13,5.84,40,59.2,6.05,40,60,34.44,50.62,29,47
2026-03-23,6,7,2026-03-23 14:22:00,4,第39回 中日カップ,2,4216,星 栄爾,3,40,54.6,0,0,0.14,5.19,31.58,48.25,5.89,41.46,58.54,33.19,51.68,39,51
2026-03-23,6,7,2026-03-23 14:22:00,4,第39回 中日カップ,3,5070,中島 航,3,31,53.2,1,0,0.18,4.36,21.88,37.5,3.89,21.05,31.58,31.43,45.71,37.14,56.19
2026-03-23,6,7,2026-03-23 14:22:00,4,第39回 中日カップ,4,5029,中 亮太,2,28,52.8,1,0,0.13,6.11,43.81,56.19,3.5,33.33,33.33,34.48,50,33.66,43.56
2026-03-23,6,7,2026-03-23 14:22:00,4,第39回 中日カップ,5,4581,吉村 誠,1,36,52,0,0,0.14,6.22,45.26,59.12,5.42,34.12,52.94,29.24,43.27,34.34,47.47
2026-03-23,6,7,2026-03-23 14:22:00,4,第39回 中日カップ,6,4411,沢田 昭宏,2,40,53,0,0,0.16,5.62,37.86,52.43,4.6,26.67,40,26,43.5,28.3,43.4
2026-03-23,6,8,2026-03-23 14:59:00,4,第39回 中日カップ,1,4084,杉山 正樹,1,46,52.3,0,0,0.16,6.76,47.76,65.67,8.05,80,85,33.05,49.58,33.33,43.81
2026-03-23,6,8,2026-03-23 14:59:00,4,第39回 中日カップ,2,5199,垂水 悠,3,24,54,0,0,0.14,5.1,25.35,47.89,4.56,33.33,44.44,34.55,47.73,37,51
2026-03-23,6,8,2026-03-23 14:59:00,4,第39回 中日カップ,3,5098,大江 純,3,30,52.1,0,0,0.16,4.97,24.72,50.56,4.33,25,33.33,43.72,58.44,37.86,60.19
2026-03-23,6,8,2026-03-23 14:59:00,4,第39回 中日カップ,4,4824,松井 洪弥,1,33,52.1,0,0,0.12,6.47,47.01,60.68,6.44,33.33,55.56,32.92,47.74,40.63,59.38
2026-03-23,6,8,2026-03-23 14:59:00,4,第39回 中日カップ,5,4638,小林 遼太,3,35,52.3,0,0,0.19,4.65,22.73,44.32,5.3,40,60,37.97,56.12,33.98,55.34
2026-03-23,6,8,2026-03-23 14:59:00,4,第39回 中日カップ,6,4727,安部 慎一,3,38,52.7,1,0,0.14,4.69,30,45.56,4.86,28.57,39.29,42,59.2,31.25,53.13
2026-03-23,6,9,2026-03-23 15:32:00,4,第39回 中日カップ,1,5010,宇留田 翔平,2,29,53.4,0,0,0.15,5.44,36.84,52.63,6.24,47.62,61.9,35.53,57.02,32.08,55.66
2026-03-23,6,9,2026-03-23 15:32:00,4,第39回 中日カップ,2,5002,上田 健太,2,30,52,1,0,0.15,5.9,39.05,60.95,6.48,48.15,70.37,35.47,53.42,30.19,48.11
2026-03-23,6,9,2026-03-23 15:32:00,4,第39回 中日カップ,3,4273,佐藤 旭,3,43,52.7,0,0,0.18,4.96,27.47,49.45,5.35,31.48,55.56,38.98,61.02,38.61,54.46
2026-03-23,6,9,2026-03-23 15:32:00,4,第39回 中日カップ,4,5110,杉山 喜一,3,26,51.5,0,0,0.15,4.99,22.73,48.18,5.11,29.76,48.81,39.91,56.58,41,58
2026-03-23,6,9,2026-03-23 15:32:00,4,第39回 中日カップ,5,3898,平田 忠則,1,49,53.9,1,0,0.14,6.81,50,70.21,7.41,62.96,81.48,44.9,61.22,30.21,48.96
2026-03-23,6,9,2026-03-23 15:32:00,4,第39回 中日カップ,6,4685,島村 隆幸,1,35,51.5,0,0,0.15,7.42,61.82,79.09,6.42,36.84,68.42,32.34,53.23,32.38,46.67
2026-03-23,6,10,2026-03-23 16:04:00,4,第39回 中日カップ,1,4769,馬場 剛,2,33,52,0,0,0.12,6.25,44.64,62.5,5.62,42.86,61.9,34.75,50,32.61,46.74
2026-03-23,6,10,2026-03-23 16:04:00,4,第39回 中日カップ,2,4363,大野 芳顕,2,41,53,0,0,0.15,5.99,40.3,61.19,8.1,70,90,49.26,65.07,44.66,60.19
2026-03-23,6,10,2026-03-23 16:04:00,4,第39回 中日カップ,3,4710,福田 宗平,1,36,52,0,0,0.14,6.04,43.22,63.56,6.37,54.29,68.57,25.39,35.75,31.43,43.81
2026-03-23,6,10,2026-03-23 16:04:00,4,第39回 中日カップ,4,4982,中村 将隆,3,29,54,0,0,0.17,5.32,34.57,55.56,3,5.88,11.76,35.86,52.32,35.71,56.12
2026-03-23,6,10,2026-03-23 16:04:00,4,第39回 中日カップ,5,3828,明石 正之,3,52,52,0,0,0.17,5.37,34.88,52.33,4.58,25,41.67,27.31,45.83,31.73,55.77
2026-03-23,6,10,2026-03-23 16:04:00,4,第39回 中日カップ,6,4910,中村 泰平,1,30,52,1,0,0.15,6.92,57.02,68.42,6.54,61.54,69.23,31.19,46.79,32.08,50
2026-03-23,6,11,2026-03-23 16:34:00,4,第39回 中日カップ,1,4796,春園 功太,2,34,52,0,0,0.13,6.72,56.36,69.09,6.73,54.55,77.27,33.88,48.76,43.52,63.89
2026-03-23,6,11,2026-03-23 16:34:00,4,第39回 中日カップ,2,4066,東本 勝利,1,46,52.5,0,0,0.15,6.04,38.1,64.76,6.35,50,61.54,31.36,46.61,32.38,54.29
2026-03-23,6,11,2026-03-23 16:34:00,4,第39回 中日カップ,3,5105,富田 恕生,3,27,52.9,0,0,0.18,4.9,25.64,48.72,3.31,18.75,31.25,45.56,60.62,33.01,47.57
2026-03-23,6,11,2026-03-23 16:34:00,4,第39回 中日カップ,4,4432,黄金井 力良,3,40,53.9,0,0,0.15,5.18,28.44,50.46,5,26.67,46.67,36.55,52.1,33.33,52.94
2026-03-23,6,11,2026-03-23 16:34:00,4,第39回 中日カップ,5,4109,谷津 幸宏,1,45,52.5,0,0,0.13,5.84,40,59.2,6.05,40,60,34.44,50.62,29,47
2026-03-23,6,11,2026-03-23 16:34:00,4,第39回 中日カップ,6,3997,北村 征嗣,1,46,52,0,0,0.16,6.77,49.65,72.34,7.36,63.64,77.27,47.17,63.02,35.64,54.46
2026-03-23,6,12,2026-03-23 17:06:00,4,第39回 中日カップ,1,4581,吉村 誠,1,36,52,0,0,0.14,6.22,45.26,59.12,5.42,34.12,52.94,29.24,43.27,34.34,47.47
2026-03-23,6,12,2026-03-23 17:06:00,4,第39回 中日カップ,2,4199,北川 潤二,2,43,56.3,0,0,0.14,6.61,48.2,68.35,6.57,42.86,71.43,35.02,51.05,37.5,56.73
2026-03-23,6,12,2026-03-23 17:06:00,4,第39回 中日カップ,3,4442,松竹 大輔,3,39,52.1,0,0,0.15,4.96,31,46,5.76,41.18,61.76,39.5,60.92,47.06,66.67
2026-03-23,6,12,2026-03-23 17:06:00,4,第39回 中日カップ,4,4362,土屋 智則,1,41,53.1,0,0,0.13,6.52,39.73,67.12,9.18,90.91,100,27.21,43.38,35.42,50
2026-03-23,6,12,2026-03-23 17:06:00,4,第39回 中日カップ,5,4436,渋谷 明憲,2,39,52,0,0,0.15,6.37,48.33,67.5,5,27.27,45.45,35,55.42,35.29,51.96
2026-03-23,6,12,2026-03-23 17:06:00,4,第39回 中日カップ,6,4824,松井 洪弥,1,33,52,0,0,0.12,6.47,47.01,60.68,6.44,33.33,55.56,32.92,47.74,40.63,59.38
2026-03-23,8,1,2026-03-23 10:18:00,5,第28回日本財団会長杯争奪戦競走,1,4501,樋口 由加里,2,38,45.5,0,0,0.14,4.99,30.51,44.07,5.67,38.89,50,32.47,45.45,38.51,56.9
2026-03-23,8,1,2026-03-23 10:18:00,5,第28回日本財団会長杯争奪戦競走,2,4909,薮内 瑞希,3,30,44.5,0,0,0.15,5.13,32.58,44.94,6.22,38.89,61.11,34.94,56.63,37.35,52.41
2026-03-23,8,1,2026-03-23 10:18:00,5,第28回日本財団会長杯争奪戦競走,3,5324,畑田 希咲,4,22,47.7,1,0,0.23,2.21,5.17,5.17,1.11,0,0,22.86,30,31.01,46.2
2026-03-23,8,1,2026-03-23 10:18:00,5,第28回日本財団会長杯争奪戦競走,4,4478,櫻本 あゆみ,2,38,47.9,0,0,0.15,6.34,44.35,69.57,6.59,47.06,76.47,26.32,42.11,36.88,54.38
2026-03-23,8,1,2026-03-23 10:18:00,5,第28回日本財団会長杯争奪戦競走,5,5389,恵良 琴美,4,18,44,1,0,0.17,2.22,5.8,13.04,0,0,0,23.08,38.46,36.59,56.1
2026-03-23,8,1,2026-03-23 10:18:00,5,第28回日本財団会長杯争奪戦競走,6,5173,谷口 佳蓮,3,24,47,0,0,0.15,4.95,32.14,45.24,4.83,28.57,48.57,34.21,50,25.19,36.64
2026-03-23,8,2,2026-03-23 10:45:00,5,第28回日本財団会長杯争奪戦競走,1,4105,松下 直也,3,46,51.5,0,0,0.17,5.25,29.66,52.54,6.13,50,75,31.33,46.99,30.95,47.62
2026-03-23,8,2,2026-03-23 10:45:00,5,第28回日本財団会長杯争奪戦競走,2,3489,大場 敏,2,59,53.1,0,0,0.16,5.78,35.48,61.29,6.29,41.18,64.71,40.79,55.26,28.28,44.83
2026-03-23,8,2,2026-03-23 10:45:00,5,第28回日本財団会長杯争奪戦競走,3,4151,下河 誉史,3,43,55.2,0,0,0.19,5.39,34.91,53.77,4.1,20,30,38.89,61.11,32.9,48.39
2026-03-23,8,2,2026-03-23 10:45:00,5,第28回日本財団会長杯争奪戦競走,4,4887,富澤 祐作,3,39,53.3,0,0,0.15,5.34,35.96,52.81,8,66.67,83.33,25.33,44,30.95,45.83
2026-03-23,8,2,2026-03-23 10:45:00,5,第28回日本財団会長杯争奪戦競走,5,4062,後藤 陽介,3,46,56.4,0,0,0.18,4,20.18,34.86,5.32,32.97,47.25,40,58.67,22.06,43.38
2026-03-23,8,2,2026-03-23 10:45:00,5,第28回日本財団会長杯争奪戦競走,6,3562,山下 和彦,2,56,52,0,0,0.16,5.76,43.14,57.84,4.75,25,50,43.9,57.32,35.12,54.17
2026-03-23,8,3,2026-03-23 11:13:00,5,第28回日本財団会長杯争奪戦競走,1,3282,池本 輝明,3,59,52,0,0,0.2,4.15,18.28,32.26,5.25,31.25,43.75,22.78,34.18,38.24,57.06
2026-03-23,8,3,2026-03-23 11:13:00,5,第28回日本財団会長杯争奪戦競走,2,4439,近藤 友宝,3,39,52.9,0,0,0.17,3.84,19.28,30.12,3.18,5.88,29.41,27.71,39.76,29.81,46.58
2026-03-23,8,3,2026-03-23 11:13:00,5,第28回日本財団会長杯争奪戦競走,3,4743,木村 仁紀,1,33,52.4,0,0,0.15,6.96,50.74,76.47,7.14,57.14,71.43,17.65,36.76,36.59,48.17
2026-03-23,8,3,2026-03-23 11:13:00,5,第28回日本財団会長杯争奪戦競走,4,5063,大塚 雅治,3,28,52.2,1,0,0.17,3.99,17.65,35.29,0,0,0,32.93,53.66,34.32,50.89
2026-03-23,8,3,2026-03-23 11:13:00,5,第28回日本財団会長杯争奪戦競走,5,5161,登玉 隼百,2,26,53.3,1,0,0.13,5.94,44.21,61.05,6.57,57.14,85.71,61.73,72.84,39.63,55.49
2026-03-23,8,3,2026-03-23 11:13:00,5,第28回日本財団会長杯争奪戦競走,6,4625,渡邊 裕貴,3,40,52.1,0,0,0.16,4.46,26.83,39.02,5.29,28.57,42.86,26.51,42.17,26.12,42.54
2026-03-23,8,4,2026-03-23 11:41:00,5,第28回日本財団会長杯争奪戦競走,1,4594,谷川 祐一,2,44,52.7,1,0,0.15,5.27,30.59,52.94,5.84,38.71,54.84,43.24,62.16,36.84,50.88
2026-03-23,8,4,2026-03-23 11:41:00,5,第28回日本財団会長杯争奪戦競走,2,4676,後藤 隼之,3,37,56.1,0,0,0.15,5.64,33.73,56.63,5.4,30,55,27.03,41.89,28.66,48.41
2026-03-23,8,4,2026-03-23 11:41:00,5,第28回日本財団会長杯争奪戦競走,3,3596,河上 年昭,3,56,53,0,0,0.17,3.85,13.43,29.85,4.86,35.71,35.71,25.32,43.04,33.53,49.71
2026-03-23,8,4,2026-03-23 11:41:00,5,第28回日本財団会長杯争奪戦競走,4,3226,浦田 信義,3,60,52,1,0,0.18,5.04,34.07,48.35,4.52,14.81,44.44,42.68,56.1,38.1,55.95
2026-03-23,8,4,2026-03-23 11:41:00,5,第28回日本財団会長杯争奪戦競走,5,4528,黒井 達矢,1,37,52.3,1,0,0.15,6.55,47.57,66.99,6.73,53.33,66.67,39.44,53.52,39.26,58.28
2026-03-23,8,4,2026-03-23 11:41:00,5,第28回日本財団会長杯争奪戦競走,6,5100,栗原 一馬,3,29,55.7,0,0,0.18,4.04,21.05,31.58,4,26.67,26.67,40.26,58.44,34.21,52.63
2026-03-23,8,5,2026-03-23 12:18:00,5,第28回日本財団会長杯争奪戦競走,1,4892,柴田 直哉,3,35,53.7,0,0,0.18,4.65,25,40.28,4.86,32.14,46.43,12.16,25.68,29.19,50.31
2026-03-23,8,5,2026-03-23 12:18:00,5,第28回日本財団会長杯争奪戦競走,2,5292,佐藤 右京,3,24,55.6,0,0,0.19,3.82,15.19,31.65,3.27,4.55,31.82,12.12,28.79,31.71,48.17
2026-03-23,8,5,2026-03-23 12:18:00,5,第28回日本財団会長杯争奪戦競走,3,5230,石原 凪紗,4,22,44.5,0,0,0.16,4.13,21.74,30.43,2.88,12,16,42.5,58.75,30.13,44.23
2026-03-23,8,5,2026-03-23 12:18:00,5,第28回日本財団会長杯争奪戦競走,4,4653,小野 達哉,1,40,52,0,0,0.14,6.99,55.65,75.65,5.84,43.18,56.82,35.37,54.88,31.45,45.91
2026-03-23,8,5,2026-03-23 12:18:00,5,第28回日本財団会長杯争奪戦競走,5,4355,小川 広大,3,42,61.5,0,0,0.2,2.64,3.9,14.29,4.47,29.41,41.18,43.9,56.1,28.57,45.45
2026-03-23,8,5,2026-03-23 12:18:00,5,第28回日本財団会長杯争奪戦競走,6,5125,高井 雄基,2,29,52.3,1,0,0.17,5.86,41.3,56.52,5.63,36.11,59.26,25,38.75,35.4,47.2
2026-03-23,8,6,2026-03-23 12:48:00,5,第28回日本財団会長杯争奪戦競走,1,4792,杉村 賢也,2,35,52,0,0,0.16,5.43,35.14,47.3,0,0,0,15.58,33.77,39.62,58.49
2026-03-23,8,6,2026-03-23 12:48:00,5,第28回日本財団会長杯争奪戦競走,2,4062,後藤 陽介,3,46,56.4,0,0,0.18,4,20.18,34.86,5.32,32.97,47.25,40,58.67,22.06,43.38
2026-03-23,8,6,2026-03-23 12:48:00,5,第28回日本財団会長杯争奪戦競走,3,5107,松本 真広,3,27,50.5,0,0,0.17,5,35.71,47.14,0,0,0,37.93,54.02,33.73,49.11
2026-03-23,8,6,2026-03-23 12:48:00,5,第28回日本財団会長杯争奪戦競走,4,5173,谷口 佳蓮,3,24,47,0,0,0.15,4.95,32.14,45.24,4.83,28.57,48.57,34.21,50,25.19,36.64
2026-03-23,8,6,2026-03-23 12:48:00,5,第28回日本財団会長杯争奪戦競走,5,3804,中渡 修作,3,51,53.4,0,0,0.17,5.17,35.11,51.06,3,7.14,7.14,32.53,49.4,36.77,54.84
2026-03-23,8,6,2026-03-23 12:48:00,5,第28回日本財団会長杯争奪戦競走,6,3967,鈴木 茂高,3,46,56.7,0,0,0.18,4.05,21.05,27.63,4.46,27.08,39.58,40,53.75,32.34,53.29
2026-03-23,8,7,2026-03-23 13:17:00,5,第28回日本財団会長杯争奪戦競走,1,3257,田頭 実,2,58,52,1,0,0.13,6.42,51.52,65.15,0,0,0,27.71,50.6,35.4,45.34
2026-03-23,8,7,2026-03-23 13:17:00,5,第28回日本財団会長杯争奪戦競走,2,4625,渡邊 裕貴,3,40,52.1,0,0,0.16,4.46,26.83,39.02,5.29,28.57,42.86,26.51,42.17,26.12,42.54
2026-03-23,8,7,2026-03-23 13:17:00,5,第28回日本財団会長杯争奪戦競走,3,5063,大塚 雅治,3,28,52.2,1,0,0.17,3.99,17.65,35.29,0,0,0,32.93,53.66,34.32,50.89
2026-03-23,8,7,2026-03-23 13:17:00,5,第28回日本財団会長杯争奪戦競走,4,4750,井上 尚悟,3,38,52,0,0,0.18,4.99,30.38,48.1,4.29,28.57,38.1,30.77,50,26.75,43.95
2026-03-23,8,7,2026-03-23 13:17:00,5,第28回日本財団会長杯争奪戦競走,5,4501,樋口 由加里,2,38,45.5,0,0,0.14,4.99,30.51,44.07,5.67,38.89,50,32.47,45.45,38.51,56.9
2026-03-23,8,7,2026-03-23 13:17:00,5,第28回日本財団会長杯争奪戦競走,6,4909,薮内 瑞希,3,30,44.5,0,0,0.15,5.13,32.58,44.94,6.22,38.89,61.11,34.94,56.63,37.35,52.41
2026-03-23,8,8,2026-03-23 13:49:00,5,第28回日本財団会長杯争奪戦競走,1,5161,登玉 隼百,2,26,53.3,1,0,0.13,5.94,44.21,61.05,6.57,57.14,85.71,61.73,72.84,39.63,55.49
2026-03-23,8,8,2026-03-23 13:49:00,5,第28回日本財団会長杯争奪戦競走,2,3562,山下 和彦,2,56,52,0,0,0.16,5.76,43.14,57.84,4.75,25,50,43.9,57.32,35.12,54.17
2026-03-23,8,8,2026-03-23 13:49:00,5,第28回日本財団会長杯争奪戦競走,3,3226,浦田 信義,3,60,52,1,0,0.18,5.04,34.07,48.35,4.52,14.81,44.44,42.68,56.1,38.1,55.95
2026-03-23,8,8,2026-03-23 13:49:00,5,第28回日本財団会長杯争奪戦競走,4,4151,下河 誉史,3,43,55.2,0,0,0.19,5.39,34.91,53.77,4.1,20,30,38.89,61.11,32.9,48.39
2026-03-23,8,8,2026-03-23 13:49:00,5,第28回日本財団会長杯争奪戦競走,5,4594,谷川 祐一,2,44,52.7,1,0,0.15,5.27,30.59,52.94,5.84,38.71,54.84,43.24,62.16,36.84,50.88
2026-03-23,8,8,2026-03-23 13:49:00,5,第28回日本財団会長杯争奪戦競走,6,5389,恵良 琴美,4,18,44,1,0,0.17,2.22,5.8,13.04,0,0,0,23.08,38.46,36.59,56.1
2026-03-23,8,9,2026-03-23 14:21:00,5,第28回日本財団会長杯争奪戦競走,1,4653,小野 達哉,1,40,52,0,0,0.14,6.99,55.65,75.65,5.84,43.18,56.82,35.37,54.88,31.45,45.91
2026-03-23,8,9,2026-03-23 14:21:00,5,第28回日本財団会長杯争奪戦競走,2,5125,高井 雄基,2,29,52.3,1,0,0.17,5.86,41.3,56.52,5.63,36.11,59.26,25,38.75,35.4,47.2
2026-03-23,8,9,2026-03-23 14:21:00,5,第28回日本財団会長杯争奪戦競走,3,4887,富澤 祐作,3,39,53.3,0,0,0.15,5.34,35.96,52.81,8,66.67,83.33,25.33,44,30.95,45.83
2026-03-23,8,9,2026-03-23 14:21:00,5,第28回日本財団会長杯争奪戦競走,4,4743,木村 仁紀,1,33,52.4,0,0,0.15,6.96,50.74,76.47,7.14,57.14,71.43,17.65,36.76,36.59,48.17
2026-03-23,8,9,2026-03-23 14:21:00,5,第28回日本財団会長杯争奪戦競走,5,4110,小澤 和也,3,45,56.8,0,0,0.17,4.51,28.57,42.86,5.14,28.57,57.14,52.94,69.41,31.01,44.94
2026-03-23,8,9,2026-03-23 14:21:00,5,第28回日本財団会長杯争奪戦競走,6,4478,櫻本 あゆみ,2,38,47.9,0,0,0.15,6.34,44.35,69.57,6.59,47.06,76.47,26.32,42.11,36.88,54.38
2026-03-23,8,10,2026-03-23 14:47:00,5,第28回日本財団会長杯争奪戦競走,1,4528,黒井 達矢,1,37,52.3,1,0,0.15,6.55,47.57,66.99,6.73,53.33,66.67,39.44,53.52,32.18,46.55
2026-03-23,8,10,2026-03-23 14:47:00,5,第28回日本財団会長杯争奪戦競走,2,5107,松本 真広,3,27,50.5,0,0,0.17,5,35.71,47.14,0,0,0,37.93,54.02,33.73,49.11
2026-03-23,8,10,2026-03-23 14:47:00,5,第28回日本財団会長杯争奪戦競走,3,3967,鈴木 茂高,3,46,56.7,0,0,0.18,4.05,21.05,27.63,4.46,27.08,39.58,40,53.75,32.34,53.29
2026-03-23,8,10,2026-03-23 14:47:00,5,第28回日本財団会長杯争奪戦競走,4,4105,松下 直也,3,46,51.5,0,0,0.17,5.25,29.66,52.54,6.13,50,75,31.33,46.99,30.95,47.62
2026-03-23,8,10,2026-03-23 14:47:00,5,第28回日本財団会長杯争奪戦競走,5,3282,池本 輝明,3,59,52,0,0,0.2,4.15,18.28,32.26,5.25,31.25,43.75,22.78,34.18,38.24,57.06
2026-03-23,8,10,2026-03-23 14:47:00,5,第28回日本財団会長杯争奪戦競走,6,5230,石原 凪紗,4,22,44.5,0,0,0.16,4.13,21.74,30.43,2.88,12,16,42.5,58.75,30.13,44.23
2026-03-23,8,11,2026-03-23 15:16:00,5,第28回日本財団会長杯争奪戦競走,1,5100,栗原 一馬,3,29,55.7,0,0,0.18,4.04,21.05,31.58,4,26.67,26.67,40.26,58.44,34.21,52.63
2026-03-23,8,11,2026-03-23 15:16:00,5,第28回日本財団会長杯争奪戦競走,2,3257,田頭 実,2,58,52,1,0,0.13,6.42,51.52,65.15,0,0,0,27.71,50.6,35.4,45.34
2026-03-23,8,11,2026-03-23 15:16:00,5,第28回日本財団会長杯争奪戦競走,3,4439,近藤 友宝,3,39,52.9,0,0,0.17,3.84,19.28,30.12,3.18,5.88,29.41,27.71,39.76,29.81,46.58
2026-03-23,8,11,2026-03-23 15:16:00,5,第28回日本財団会長杯争奪戦競走,4,3489,大場 敏,2,59,53.1,0,0,0.16,5.78,35.48,61.29,6.29,41.18,64.71,40.79,55.26,28.28,44.83
2026-03-23,8,11,2026-03-23 15:16:00,5,第28回日本財団会長杯争奪戦競走,5,4676,後藤 隼之,3,37,56.1,0,0,0.15,5.64,33.73,56.63,5.4,30,55,27.03,41.89,28.66,48.41
2026-03-23,8,11,2026-03-23 15:16:00,5,第28回日本財団会長杯争奪戦競走,6,4892,柴田 直哉,3,35,53.7,0,0,0.18,4.65,25,40.28,4.86,32.14,46.43,12.16,25.68,29.19,50.31
2026-03-23,8,12,2026-03-23 16:01:00,5,第28回日本財団会長杯争奪戦競走,1,4823,中村 桃佳,1,33,45.5,0,0,0.15,5.8,38.14,55.67,6.44,44.44,55.56,56.32,68.97,47.02,65.48
2026-03-23,8,12,2026-03-23 16:01:00,5,第28回日本財団会長杯争奪戦競走,2,5051,松本 純平,1,30,52.6,0,0,0.16,6.36,43.93,67.29,5.86,39.29,53.57,38.82,50.59,32.08,53.46
2026-03-23,8,12,2026-03-23 16:01:00,5,第28回日本財団会長杯争奪戦競走,3,4074,柳沢 一,1,44,51.5,0,0,0.13,6.38,41.75,58.25,6.53,50.68,68.49,26.47,52.94,37.89,57.14
2026-03-23,8,12,2026-03-23 16:01:00,5,第28回日本財団会長杯争奪戦競走,4,3654,武田 光史,1,52,52.8,0,0,0.15,5.73,41.86,52.33,5.65,35.29,52.94,27.03,40.54,27.04,47.8
2026-03-23,8,12,2026-03-23 16:01:00,5,第28回日本財団会長杯争奪戦競走,5,3612,馬袋 義則,1,53,52.2,0,0,0.13,6.23,48.31,64.41,6.52,56.52,65.22,31.25,47.5,32.48,47.13
2026-03-23,8,12,2026-03-23 16:01:00,5,第28回日本財団会長杯争奪戦競走,6,4012,中村 有裕,2,46,55.6,1,0,0.15,5.69,41.49,54.26,5.75,31.25,56.25,32.91,49.37,38.55,50.6
2026-03-23,12,1,2026-03-23 15:17:00,5,サンテレビ杯争奪ボートの時間!ご視聴ありがとう競走,1,4874,池田 奈津美,3,32,52.1,0,0,0.14,4.58,24.68,42.86,5.03,33.33,43.33,0,0,0,0
2026-03-23,12,1,2026-03-23 15:17:00,5,サンテレビ杯争奪ボートの時間!ご視聴ありがとう競走,2,4390,松本 弓雄,3,39,52.6,0,0,0.21,4.51,21.05,37.89,2,0,10,0,0,0,0
2026-03-23,12,1,2026-03-23 15:17:00,5,サンテレビ杯争奪ボートの時間!ご視聴ありがとう競走,3,3516,吉原 聖人,3,58,51,1,0,0.17,3.5,14.1,24.36,4.31,23.08,30.77,0,0,0,0
2026-03-23,12,1,2026-03-23 15:17:00,5,サンテレビ杯争奪ボートの時間!ご視聴ありがとう競走,4,4618,乃村 康友,3,43,54,0,0,0.17,4.81,24.42,48.84,5.38,37.5,43.75,0,0,0,0
2026-03-23,12,1,2026-03-23 15:17:00,5,サンテレビ杯争奪ボートの時間!ご視聴ありがとう競走,5,5431,得山 大輝,4,21,51.5,0,0,,1.35,0,0,0,0,0,0,0,0,0
2026-03-23,12,1,2026-03-23 15:17:00,5,サンテレビ杯争奪ボートの時間!ご視聴ありがとう競走,6,3349,吉田 一郎,2,58,52,0,0,0.16,6.04,41.04,59.7,5.1,32.26,45.16,0,0,0,0
2026-03-23,12,2,2026-03-23 15:41:00,5,サンテレビ杯争奪ボートの時間!ご視聴ありがとう競走,1,3340,池田 雷太,3,60,52.4,0,0,0.19,4.54,24.75,35.64,3.38,6.25,18.75,0,0,0,0
2026-03-23,12,2,2026-03-23 15:41:00,5,サンテレビ杯争奪ボートの時間!ご視聴ありがとう競走,2,4119,泥谷 一毅,2,44,52.5,1,0,0.17,5.33,28.87,50.52,6,44.44,66.67,0,0,0,0
2026-03-23,12,2,2026-03-23 15:41:00,5,サンテレビ杯争奪ボートの時間!ご視聴ありがとう競走,3,4720,西澤 日花里,3,31,47.2,0,0,0.19,4.27,15.48,40.48,5.31,23.08,53.85,0,0,0,0
2026-03-23,12,2,2026-03-23 15:41:00,5,サンテレビ杯争奪ボートの時間!ご視聴ありがとう競走,4,4872,山下 流心,3,33,54.6,0,0,0.16,4.47,24.3,38.32,0,0,0,0,0,0,0
2026-03-23,12,2,2026-03-23 15:41:00,5,サンテレビ杯争奪ボートの時間!ご視聴ありがとう競走,5,5348,小林 甘寧,3,22,52.8,0,0,0.19,3.75,19.4,32.84,4.22,22.22,44.44,0,0,0,0
2026-03-23,12,2,2026-03-23 15:41:00,5,サンテレビ杯争奪ボートの時間!ご視聴ありがとう競走,6,3983,須藤 博倫,2,48,51.5,0,0,0.14,6.09,37.8,57.48,5.95,35.14,45.95,0,0,0,0
2026-03-23,12,3,2026-03-23 16:06:00,5,サンテレビ杯争奪ボートの時間!ご視聴ありがとう競走,1,3915,繁野谷 圭介,2,51,52,0,0,0.17,5.89,39.66,61.21,5.47,41.67,53.33,0,0,0,0
2026-03-23,12,3,2026-03-23 16:06:00,5,サンテレビ杯争奪ボートの時間!ご視聴ありがとう競走,2,4290,稲田 浩二,1,41,52,0,0,0.13,6.88,47.83,64.13,6.88,43.9,58.54,0,0,0,0
2026-03-23,12,3,2026-03-23 16:06:00,5,サンテレビ杯争奪ボートの時間!ご視聴ありがとう競走,3,3910,松下 知幸,3,52,52,0,0,0.16,4.16,19.15,34.04,3.4,13.33,26.67,0,0,0,0
2026-03-23,12,3,2026-03-23 16:06:00,5,サンテレビ杯争奪ボートの時間!ご視聴ありがとう競走,4,3289,高橋 淳美,3,62,45,0,0,0.2,3.76,15.15,21.21,3.92,12.24,30.61,0,0,0,0
2026-03-23,12,3,2026-03-23 16:06:00,5,サンテレビ杯争奪ボートの時間!ご視聴ありがとう競走,5,4731,間野 兼礼,3,36,53,1,0,0.15,5.26,37.5,53.75,4.4,20,40,0,0,0,0
2026-03-23,12,3,2026-03-23 16:06:00,5,サンテレビ杯争奪ボートの時間!ご視聴ありがとう競走,6,5439,志賀 美優,4,20,48.1,1,0,,1.45,1.82,3.64,0,0,0,0,0,0,0
2026-03-23,12,4,2026-03-23 16:36:00,5,サンテレビ杯争奪ボートの時間!ご視聴ありがとう競走,1,5277,井上 未都,3,23,46.5,0,0,0.15,5.29,28.57,54.29,0,0,0,0,0,0,0
2026-03-23,12,4,2026-03-23 16:36:00,5,サンテレビ杯争奪ボートの時間!ご視聴ありがとう競走,2,4897,深見 亜由美,4,34,45,0,0,0.2,3.9,14.61,29.21,0,0,0,0,0,0,0
2026-03-23,12,4,2026-03-23 16:36:00,5,サンテレビ杯争奪ボートの時間!ご視聴ありがとう競走,3,4524,深谷 知博,1,37,52,0,0,0.12,6.83,40.32,58.06,7.22,48.78,58.54,0,0,0,0
2026-03-23,12,4,2026-03-23 16:36:00,5,サンテレビ杯争奪ボートの時間!ご視聴ありがとう競走,4,3333,丸尾 義孝,2,57,52,0,0,0.14,6.12,41.86,61.24,5,25,55,0,0,0,0
2026-03-23,12,4,2026-03-23 16:36:00,5,サンテレビ杯争奪ボートの時間!ご視聴ありがとう競走,5,4191,赤羽 克也,2,44,53.8,0,0,0.17,6.17,46.36,62.73,6,42.86,57.14,0,0,0,0
2026-03-23,12,4,2026-03-23 16:36:00,5,サンテレビ杯争奪ボートの時間!ご視聴ありがとう競走,6,3699,富永 正人,3,53,52.2,1,0,0.17,4.2,19.51,35.37,5.2,40,46.67,0,0,0,0
2026-03-23,12,5,2026-03-23 17:01:00,5,サンテレビ杯争奪ボートの時間!ご視聴ありがとう競走,1,4306,畔柳 俊吾,2,42,52.1,1,0,0.17,4.65,19.3,45.61,4.87,26.09,47.83,0,0,0,0
2026-03-23,12,5,2026-03-23 17:01:00,5,サンテレビ杯争奪ボートの時間!ご視聴ありがとう競走,2,3587,武田 信一,3,52,60,0,0,0.17,4.14,18.02,31.53,3.73,27.27,31.82,0,0,0,0
2026-03-23,12,5,2026-03-23 17:01:00,5,サンテレビ杯争奪ボートの時間!ご視聴ありがとう競走,3,3771,折下 寛法,3,52,52.1,0,0,0.16,5.31,31.63,56.12,5.54,34.62,53.85,0,0,0,0
2026-03-23,12,5,2026-03-23 17:01:00,5,サンテレビ杯争奪ボートの時間!ご視聴ありがとう競走,4,5147,田中 勇輔,4,32,52,0,0,0.16,4.01,19.51,34.15,0,0,0,0,0,0,0
2026-03-23,12,5,2026-03-23 17:01:00,5,サンテレビ杯争奪ボートの時間!ご視聴ありがとう競走,5,3963,原田 秀弥,3,47,53.8,0,0,0.16,5.79,37.62,58.42,6.05,45.61,61.4,0,0,0,0
2026-03-23,12,5,2026-03-23 17:01:00,5,サンテレビ杯争奪ボートの時間!ご視聴ありがとう競走,6,4433,川野 芽唯,1,39,47,0,0,0.19,6.74,46.61,66.95,4.63,0,62.5,0,0,0,0
2026-03-23,12,6,2026-03-23 17:29:00,5,サンテレビ杯争奪ボートの時間!ご視聴ありがとう競走,1,3635,石田 政吾,3,55,52.9,0,0,0.16,4.82,38.14,46.39,4.55,22.58,41.94,0,0,0,0
2026-03-23,12,6,2026-03-23 17:29:00,5,サンテレビ杯争奪ボートの時間!ご視聴ありがとう競走,2,5203,神里 琴音,3,21,43.5,0,0,0.15,4.33,25,41,0,0,0,0,0,0,0
2026-03-23,12,6,2026-03-23 17:29:00,5,サンテレビ杯争奪ボートの時間!ご視聴ありがとう競走,3,4886,入海 馨,1,30,52.7,0,0,0.14,6.61,41.53,63.56,7.57,50,71.43,0,0,0,0
2026-03-23,12,6,2026-03-23 17:29:00,5,サンテレビ杯争奪ボートの時間!ご視聴ありがとう競走,4,5109,川崎 智稔,3,26,51.5,0,0,0.14,4.95,27.27,46.46,5.3,30,50,0,0,0,0
2026-03-23,12,6,2026-03-23 17:29:00,5,サンテレビ杯争奪ボートの時間!ご視聴ありがとう競走,5,4579,中嶋 健一郎,1,36,52.4,0,0,0.16,5.95,36.21,58.62,6.69,50,68.75,0,0,0,0
2026-03-23,12,6,2026-03-23 17:29:00,5,サンテレビ杯争奪ボートの時間!ご視聴ありがとう競走,6,4430,永田 秀二,2,40,55.6,0,0,0.17,6.15,43.2,60.8,5.91,43.48,56.52,0,0,0,0
2026-03-23,12,7,2026-03-23 17:57:00,5,サンテレビ杯争奪ボートの時間!ご視聴ありがとう競走,1,4731,間野 兼礼,3,36,53,1,0,0.15,5.26,37.5,53.75,4.4,20,40,0,0,0,0
2026-03-23,12,7,2026-03-23 17:57:00,5,サンテレビ杯争奪ボートの時間!ご視聴ありがとう競走,2,4619,伏田 裕隆,2,43,52,0,0,0.16,4.79,28.57,43.96,4.75,29.17,41.67,0,0,0,0
2026-03-23,12,7,2026-03-23 17:57:00,5,サンテレビ杯争奪ボートの時間!ご視聴ありがとう競走,3,4061,萩原 秀人,1,46,52.6,0,0,0.13,6.91,46.72,69.34,6.5,36.67,60,0,0,0,0
2026-03-23,12,7,2026-03-23 17:57:00,5,サンテレビ杯争奪ボートの時間!ご視聴ありがとう競走,4,4390,松本 弓雄,3,39,52.6,0,0,0.21,4.51,21.05,37.89,2,0,10,0,0,0,0
2026-03-23,12,7,2026-03-23 17:57:00,5,サンテレビ杯争奪ボートの時間!ご視聴ありがとう競走,5,3951,石川 吉鎬,2,49,56.2,1,0,0.18,5.31,31,52,5.47,36.99,53.42,0,0,0,0
2026-03-23,12,7,2026-03-23 17:57:00,5,サンテレビ杯争奪ボートの時間!ご視聴ありがとう競走,6,5348,小林 甘寧,3,22,52.8,0,0,0.19,3.75,19.4,32.84,4.22,22.22,44.44,0,0,0,0
2026-03-23,12,8,2026-03-23 18:25:00,5,サンテレビ杯争奪ボートの時間!ご視聴ありがとう競走,1,4171,榎 幸司,2,43,52.8,0,0,0.17,6.28,43.75,64.06,6.45,52.27,59.09,0,0,0,0
2026-03-23,12,8,2026-03-23 18:25:00,5,サンテレビ杯争奪ボートの時間!ご視聴ありがとう競走,2,4266,長田 頼宗,1,40,52.1,0,0,0.14,6.42,40.71,56.64,6.82,38.46,56.41,0,0,0,0
2026-03-23,12,8,2026-03-23 18:25:00,5,サンテレビ杯争奪ボートの時間!ご視聴ありがとう競走,3,3699,富永 正人,3,53,52.2,1,0,0.17,4.2,19.51,35.37,5.2,40,46.67,0,0,0,0
2026-03-23,12,8,2026-03-23 18:25:00,5,サンテレビ杯争奪ボートの時間!ご視聴ありがとう競走,4,5350,網代 良芽,3,22,52,0,0,0.18,4.28,19.15,38.3,2.41,5.88,5.88,0,0,0,0
2026-03-23,12,8,2026-03-23 18:25:00,5,サンテレビ杯争奪ボートの時間!ご視聴ありがとう競走,5,3983,須藤 博倫,2,48,51.5,0,0,0.14,6.09,37.8,57.48,5.95,35.14,45.95,0,0,0,0
2026-03-23,12,8,2026-03-23 18:25:00,5,サンテレビ杯争奪ボートの時間!ご視聴ありがとう競走,6,5431,得山 大輝,4,21,51.5,0,0,,1.35,0,0,0,0,0,0,0,0,0
2026-03-23,12,9,2026-03-23 18:54:00,5,サンテレビ杯争奪ボートの時間!ご視聴ありがとう競走,1,3333,丸尾 義孝,2,57,52,0,0,0.14,6.12,41.86,61.24,5,25,55,0,0,0,0
2026-03-23,12,9,2026-03-23 18:54:00,5,サンテレビ杯争奪ボートの時間!ご視聴ありがとう競走,2,4720,西澤 日花里,3,31,47.2,0,0,0.19,4.27,15.48,40.48,5.31,23.08,53.85,0,0,0,0
2026-03-23,12,9,2026-03-23 18:54:00,5,サンテレビ杯争奪ボートの時間!ご視聴ありがとう競走,3,4229,市川 美宏,3,42,53.2,0,0,0.18,3.58,13.16,28.95,4.42,21.05,36.84,0,0,0,0
2026-03-23,12,9,2026-03-23 18:54:00,5,サンテレビ杯争奪ボートの時間!ご視聴ありがとう競走,4,3915,繁野谷 圭介,2,51,52,0,0,0.17,5.89,39.66,61.21,5.47,41.67,53.33,0,0,0,0
2026-03-23,12,9,2026-03-23 18:54:00,5,サンテレビ杯争奪ボートの時間!ご視聴ありがとう競走,5,4306,畔柳 俊吾,2,42,52.1,1,0,0.17,4.65,19.3,45.61,4.87,26.09,47.83,0,0,0,0
2026-03-23,12,9,2026-03-23 18:54:00,5,サンテレビ杯争奪ボートの時間!ご視聴ありがとう競走,6,5246,楠 将太郎,3,24,52,0,0,0.19,5.3,36.11,53.7,3.24,17.65,23.53,0,0,0,0
2026-03-23,12,10,2026-03-23 19:24:00,5,サンテレビ杯争奪ボートの時間!ご視聴ありがとう競走,1,4776,竹田 和哉,1,32,53,0,0,0.15,6.8,52.85,68.29,3.5,16.67,33.33,0,0,0,0
2026-03-23,12,10,2026-03-23 19:24:00,5,サンテレビ杯争奪ボートの時間!ご視聴ありがとう競走,2,3349,吉田 一郎,2,58,52,0,0,0.16,6.04,41.04,59.7,5.1,32.26,45.16,0,0,0,0
2026-03-23,12,10,2026-03-23 19:24:00,5,サンテレビ杯争奪ボートの時間!ご視聴ありがとう競走,3,3963,原田 秀弥,3,47,53.8,0,0,0.16,5.79,37.62,58.42,6.05,45.61,61.4,0,0,0,0
2026-03-23,12,10,2026-03-23 19:24:00,5,サンテレビ杯争奪ボートの時間!ご視聴ありがとう競走,4,4119,泥谷 一毅,2,44,52.5,1,0,0.17,5.33,28.87,50.52,6,44.44,66.67,0,0,0,0
2026-03-23,12,10,2026-03-23 19:24:00,5,サンテレビ杯争奪ボートの時間!ご視聴ありがとう競走,5,3910,松下 知幸,3,52,52,0,0,0.16,4.16,19.15,34.04,3.4,13.33,26.67,0,0,0,0
2026-03-23,12,10,2026-03-23 19:24:00,5,サンテレビ杯争奪ボートの時間!ご視聴ありがとう競走,6,5109,川崎 智稔,3,26,51.5,0,0,0.14,4.95,27.27,46.46,5.3,30,50,0,0,0,0
2026-03-23,12,11,2026-03-23 19:57:00,5,サンテレビ杯争奪ボートの時間!ご視聴ありがとう競走,1,4579,中嶋 健一郎,1,36,52.4,0,0,0.16,5.95,36.21,58.62,6.69,50,68.75,0,0,0,0
2026-03-23,12,11,2026-03-23 19:57:00,5,サンテレビ杯争奪ボートの時間!ご視聴ありがとう競走,2,4191,赤羽 克也,2,44,53.8,0,0,0.17,6.17,46.36,62.73,6,42.86,57.14,0,0,0,0
2026-03-23,12,11,2026-03-23 19:57:00,5,サンテレビ杯争奪ボートの時間!ご視聴ありがとう競走,3,3984,坂口 周,2,48,53.2,0,0,0.17,6.55,45.31,64.06,5.73,36.67,46.67,0,0,0,0
2026-03-23,12,11,2026-03-23 19:57:00,5,サンテレビ杯争奪ボートの時間!ご視聴ありがとう競走,4,3587,武田 信一,3,52,60,0,0,0.17,4.14,18.02,31.53,3.73,27.27,31.82,0,0,0,0
2026-03-23,12,11,2026-03-23 19:57:00,5,サンテレビ杯争奪ボートの時間!ご視聴ありがとう競走,5,4619,伏田 裕隆,2,43,52,0,0,0.16,4.79,28.57,43.96,4.75,29.17,41.67,0,0,0,0
2026-03-23,12,11,2026-03-23 19:57:00,5,サンテレビ杯争奪ボートの時間!ご視聴ありがとう競走,6,3837,秋山 広一,2,50,52,1,0,0.15,6.03,41.57,61.8,0,0,0,0,0,0,0
2026-03-23,12,12,2026-03-23 20:30:00,5,サンテレビ杯争奪ボートの時間!ご視聴ありがとう競走,1,4061,萩原 秀人,1,46,52.6,0,0,0.13,6.91,46.72,69.34,6.5,36.67,60,0,0,0,0
2026-03-23,12,12,2026-03-23 20:30:00,5,サンテレビ杯争奪ボートの時間!ご視聴ありがとう競走,2,4524,深谷 知博,1,37,52,0,0,0.12,6.83,40.32,58.06,7.22,48.78,58.54,0,0,0,0
2026-03-23,12,12,2026-03-23 20:30:00,5,サンテレビ杯争奪ボートの時間!ご視聴ありがとう競走,3,4433,川野 芽唯,1,39,47,0,0,0.19,6.74,46.61,66.95,4.63,0,62.5,0,0,0,0
2026-03-23,12,12,2026-03-23 20:30:00,5,サンテレビ杯争奪ボートの時間!ご視聴ありがとう競走,4,4290,稲田 浩二,1,41,52,0,0,0.13,6.88,47.83,64.13,6.88,43.9,58.54,0,0,0,0
2026-03-23,12,12,2026-03-23 20:30:00,5,サンテレビ杯争奪ボートの時間!ご視聴ありがとう競走,5,4266,長田 頼宗,1,40,52.1,0,0,0.14,6.42,40.71,56.64,6.82,38.46,56.41,0,0,0,0
2026-03-23,12,12,2026-03-23 20:30:00,5,サンテレビ杯争奪ボートの時間!ご視聴ありがとう競走,6,4886,入海 馨,1,30,52.7,0,0,0.14,6.61,41.53,63.56,7.57,50,71.43,0,0,0,0
2026-03-23,13,1,2026-03-23 10:41:00,5,BTS鳥取開設14周年記念鳥取市長杯,1,3964,宮地 博士,3,47,52.6,0,0,0.21,4.33,17.05,39.77,3.67,11.11,33.33,39.25,60.75,29.7,44.55
2026-03-23,13,1,2026-03-23 10:41:00,5,BTS鳥取開設14周年記念鳥取市長杯,2,3463,乙津 康志,3,58,52,0,0,0.2,4.9,22.12,47.12,4.89,22.22,55.56,39.62,53.3,32.49,51.27
2026-03-23,13,1,2026-03-23 10:41:00,5,BTS鳥取開設14周年記念鳥取市長杯,3,4069,山本 修一,1,45,53,0,0,0.18,6.26,45.9,68.85,0,0,0,32.37,53.14,42.36,58.13
2026-03-23,13,1,2026-03-23 10:41:00,5,BTS鳥取開設14周年記念鳥取市長杯,4,3353,前田 光昭,4,57,52.3,1,0,0.17,3.54,12.96,29.63,4,22.22,33.33,37.5,58.33,34.98,50.25
2026-03-23,13,1,2026-03-23 10:41:00,5,BTS鳥取開設14周年記念鳥取市長杯,5,5071,野見山 拓己,3,31,52.9,0,0,0.12,5.26,31.76,48.24,6.07,42.86,60.71,37.02,50.48,38.97,55.38
2026-03-23,13,1,2026-03-23 10:41:00,5,BTS鳥取開設14周年記念鳥取市長杯,6,5393,藤原 駿,4,24,55.9,0,0,0.22,1.52,0,1.41,0,0,0,36.07,52.97,35,52.5
2026-03-23,13,2,2026-03-23 11:10:00,5,BTS鳥取開設14周年記念鳥取市長杯,1,5009,大賀 龍之介,3,29,54.2,0,0,0.16,5.14,35.77,48.78,0,0,0,33.82,53.14,37.17,51.31
2026-03-23,13,2,2026-03-23 11:10:00,5,BTS鳥取開設14周年記念鳥取市長杯,2,4681,太田 潮,3,35,53.3,0,0,0.17,4.05,21.69,33.73,4.65,29.41,47.06,33.96,49.53,37.19,54.27
2026-03-23,13,2,2026-03-23 11:10:00,5,BTS鳥取開設14周年記念鳥取市長杯,3,3909,佐々木 康幸,1,52,55.1,0,0,0.11,6.78,53.91,67.83,7.05,47.37,73.68,33.82,53.14,30.1,44.66
2026-03-23,13,2,2026-03-23 11:10:00,5,BTS鳥取開設14周年記念鳥取市長杯,4,5065,伊久間 陽優,3,27,52.6,0,0,0.12,6.03,51.09,60.87,0,0,0,36.92,55.14,40.2,54.77
2026-03-23,13,2,2026-03-23 11:10:00,5,BTS鳥取開設14周年記念鳥取市長杯,5,4705,吉川 勇作,3,37,54.5,0,0,0.16,4.19,28.57,36.9,4,27.78,38.89,30.52,49.77,34.8,50.98
2026-03-23,13,2,2026-03-23 11:10:00,5,BTS鳥取開設14周年記念鳥取市長杯,6,3663,木山 和幸,2,56,51,1,0,0.16,5.19,33.33,52.5,4.06,14.29,34.29,44.44,63.43,32.49,51.78
2026-03-23,13,3,2026-03-23 11:39:00,5,BTS鳥取開設14周年記念鳥取市長杯,1,5046,松山 裕基,3,32,53.5,1,0,0.16,4.2,18.89,36.67,4.44,24,36,30.62,41.63,31.34,46.27
2026-03-23,13,3,2026-03-23 11:39:00,5,BTS鳥取開設14周年記念鳥取市長杯,2,4193,郷原 章平,1,44,52,0,0,0.17,6.07,41.41,60.16,5.29,35.29,52.94,30.7,45.58,34.65,55.94
2026-03-23,13,3,2026-03-23 11:39:00,5,BTS鳥取開設14周年記念鳥取市長杯,3,4022,待鳥 雄紀,3,46,55,0,0,0.17,3.97,20.9,31.34,4.71,23.53,41.18,32.08,46.7,26.63,42.71
2026-03-23,13,3,2026-03-23 11:39:00,5,BTS鳥取開設14周年記念鳥取市長杯,4,3024,西島 義則,1,64,52.4,2,0,0.15,6.65,56.45,68.55,6.95,54.55,72.73,39.81,56.02,43.43,58.08
2026-03-23,13,3,2026-03-23 11:39:00,5,BTS鳥取開設14周年記念鳥取市長杯,5,4253,西川 真人,3,42,55.5,0,0,0.18,4.11,15.46,34.02,4.17,19.05,28.57,39.19,59.01,39.2,52.26
2026-03-23,13,3,2026-03-23 11:39:00,5,BTS鳥取開設14周年記念鳥取市長杯,6,3339,泉 具巳,3,60,55.1,0,0,0.17,4.4,28.72,38.3,4.51,20.93,41.86,44.5,63.76,43.43,58.08
2026-03-23,13,4,2026-03-23 12:11:00,5,BTS鳥取開設14周年記念鳥取市長杯,1,3852,澤 大介,3,53,51.5,1,0,0.16,4.19,25.37,32.84,4.71,20,42.86,32.04,43.69,36.76,54.05
2026-03-23,13,4,2026-03-23 12:11:00,5,BTS鳥取開設14周年記念鳥取市長杯,2,4737,竹井 貴史,2,34,52.6,0,0,0.16,7.41,60.98,77.24,7.06,64.71,64.71,30.7,39.53,37.44,55.9
2026-03-23,13,4,2026-03-23 12:11:00,5,BTS鳥取開設14周年記念鳥取市長杯,3,4305,金子 拓矢,1,42,53.3,1,0,0.15,7.79,65.49,82.3,6.57,52.17,65.22,36.82,58.64,40.31,57.07
2026-03-23,13,4,2026-03-23 12:11:00,5,BTS鳥取開設14周年記念鳥取市長杯,4,4583,古田 祐貴,2,36,52.1,1,0,0.14,5.33,32.09,50,5.35,25,45,33.49,49.53,34.63,50.24
2026-03-23,13,4,2026-03-23 12:11:00,5,BTS鳥取開設14周年記念鳥取市長杯,5,5242,高山 弘斗,3,25,56,0,0,0.17,3.78,18.07,31.33,1,0,0,31.28,47.87,33.67,53.57
2026-03-23,13,4,2026-03-23 12:11:00,5,BTS鳥取開設14周年記念鳥取市長杯,6,5157,市川 健太,3,28,53.7,1,0,0.16,4.54,21.98,38.46,4.54,23.08,46.15,29.91,50.47,34.33,49.25
2026-03-23,13,5,2026-03-23 12:37:00,5,BTS鳥取開設14周年記念鳥取市長杯,1,4136,江夏 満,1,45,52.2,1,0,0.16,6.78,48.72,75.21,0,0,0,38.14,53.02,43.84,59.61
2026-03-23,13,5,2026-03-23 12:37:00,5,BTS鳥取開設14周年記念鳥取市長杯,2,5288,尾道 佳諭,3,26,53.6,1,0,0.16,3.89,21.33,30.67,0,0,0,30.81,45.5,41.75,58.25
2026-03-23,13,5,2026-03-23 12:37:00,5,BTS鳥取開設14周年記念鳥取市長杯,3,3406,中里 英夫,2,57,52.2,1,0,0.17,5.34,32.38,53.33,3.4,20,20,40.28,61.11,37.31,62.19
2026-03-23,13,5,2026-03-23 12:37:00,5,BTS鳥取開設14周年記念鳥取市長杯,4,3544,豊田 訓靖,4,57,52.5,0,0,0.21,3.46,16.67,22.62,0,0,0,33.02,50.23,35.03,51.78
2026-03-23,13,5,2026-03-23 12:37:00,5,BTS鳥取開設14周年記念鳥取市長杯,5,4214,林 祐介,2,41,55.6,0,0,0.17,5.25,32.94,52.94,5.22,33.33,55.56,32.86,47.42,34.15,49.27
2026-03-23,13,5,2026-03-23 12:37:00,5,BTS鳥取開設14周年記念鳥取市長杯,6,5339,石井 伸長,3,25,50.5,1,0,0.16,4.72,26.39,45.83,0,0,0,38.25,54.38,35.71,51.53
2026-03-23,13,6,2026-03-23 13:07:00,5,BTS鳥取開設14周年記念鳥取市長杯,1,3907,村越 篤,2,48,53.6,0,0,0.17,5.19,34.62,50,6.64,45.45,72.73,44.65,64.19,30.5,50
2026-03-23,13,6,2026-03-23 13:07:00,5,BTS鳥取開設14周年記念鳥取市長杯,2,3643,米田 隆弘,3,53,53.4,0,0,0.17,5.12,27.55,47.96,5.44,38.46,51.28,36.27,54.41,35.68,53.27
2026-03-23,13,6,2026-03-23 13:07:00,5,BTS鳥取開設14周年記念鳥取市長杯,3,5009,大賀 龍之介,3,29,54.2,0,0,0.16,5.14,35.77,48.78,0,0,0,33.82,53.14,37.17,51.31
2026-03-23,13,6,2026-03-23 13:07:00,5,BTS鳥取開設14周年記念鳥取市長杯,4,4099,吉永 則雄,1,47,52,0,0,0.17,6.4,44.25,67.26,6.5,43.18,68.18,36.11,56.02,37.19,55.28
2026-03-23,13,6,2026-03-23 13:07:00,5,BTS鳥取開設14周年記念鳥取市長杯,5,3293,宮内 由紀英,3,60,52.5,0,0,0.2,3.78,12.16,32.43,3.63,0,25,33.97,50.72,37.31,51.74
2026-03-23,13,6,2026-03-23 13:07:00,5,BTS鳥取開設14周年記念鳥取市長杯,6,3796,長野 道臣,3,52,54.2,0,0,0.16,5.51,38.75,57.5,6.16,52.63,57.89,39.45,59.63,32.84,51.74
2026-03-23,13,7,2026-03-23 13:42:00,5,BTS鳥取開設14周年記念鳥取市長杯,1,4253,西川 真人,3,42,55.5,0,0,0.18,4.11,15.46,34.02,4.17,19.05,28.57,39.19,59.01,39.2,52.26
2026-03-23,13,7,2026-03-23 13:42:00,5,BTS鳥取開設14周年記念鳥取市長杯,2,3663,木山 和幸,2,56,51,1,0,0.16,5.19,33.33,52.5,4.06,14.29,34.29,44.44,63.43,32.49,51.78
2026-03-23,13,7,2026-03-23 13:42:00,5,BTS鳥取開設14周年記念鳥取市長杯,3,4957,竹之内 極,3,30,55.2,0,0,0.17,5.08,27.45,50,4.13,25,50,38.89,54.63,32.68,51.71
2026-03-23,13,7,2026-03-23 13:42:00,5,BTS鳥取開設14周年記念鳥取市長杯,4,5393,藤原 駿,4,24,55.9,0,0,0.22,1.52,0,1.41,0,0,0,36.07,52.97,35,52.5
2026-03-23,13,7,2026-03-23 13:42:00,5,BTS鳥取開設14周年記念鳥取市長杯,5,4526,池田 雄祐,2,37,51,2,0,0.15,5.83,43.97,54.31,6,40,63.33,37.33,54.84,36.13,57.07
2026-03-23,13,7,2026-03-23 13:42:00,5,BTS鳥取開設14周年記念鳥取市長杯,6,4295,小坂 尚哉,1,39,52.6,0,0,0.15,6.67,49.61,67.44,7.04,56.25,72.32,36.97,49.76,40.59,57.92
2026-03-23,13,8,2026-03-23 14:09:00,5,BTS鳥取開設14周年記念鳥取市長杯,1,4213,重富 伸也,3,41,52.6,0,0,0.15,4.67,29.89,37.93,0,0,0,31.19,45.41,35.71,53.06
2026-03-23,13,8,2026-03-23 14:09:00,5,BTS鳥取開設14周年記念鳥取市長杯,2,4633,森 智也,2,36,52.1,0,0,0.15,5.75,35.85,57.55,5.24,25,53.75,34.62,47.12,32.85,48.79
2026-03-23,13,8,2026-03-23 14:09:00,5,BTS鳥取開設14周年記念鳥取市長杯,3,5071,野見山 拓己,3,31,52.9,0,0,0.12,5.26,31.76,48.24,6.07,42.86,60.71,37.02,50.48,38.97,55.38
2026-03-23,13,8,2026-03-23 14:09:00,5,BTS鳥取開設14周年記念鳥取市長杯,4,3630,黒田 誠司,4,56,54.1,0,0,0.17,3.72,12.96,24.07,3.86,14.29,14.29,33.95,49.77,36.55,54.82
2026-03-23,13,8,2026-03-23 14:09:00,5,BTS鳥取開設14周年記念鳥取市長杯,5,4305,金子 拓矢,1,42,53.3,1,0,0.15,7.79,65.49,82.3,6.57,52.17,65.22,36.82,58.64,40.31,57.07
2026-03-23,13,8,2026-03-23 14:09:00,5,BTS鳥取開設14周年記念鳥取市長杯,6,4156,浜野 孝志,2,45,57.9,1,0,0.14,5.94,41.23,61.4,3.38,12.5,25,30.23,51.16,34.2,58.03
2026-03-23,13,9,2026-03-23 14:38:00,5,BTS鳥取開設14周年記念鳥取市長杯,1,4583,古田 祐貴,2,36,52.1,1,0,0.14,5.33,32.09,50,5.35,25,45,33.49,49.53,34.63,50.24
2026-03-23,13,9,2026-03-23 14:38:00,5,BTS鳥取開設14周年記念鳥取市長杯,2,4214,林 祐介,2,41,55.6,0,0,0.17,5.25,32.94,52.94,5.22,33.33,55.56,32.86,47.42,34.15,49.27
2026-03-23,13,9,2026-03-23 14:38:00,5,BTS鳥取開設14周年記念鳥取市長杯,3,3353,前田 光昭,4,57,52.3,1,0,0.17,3.54,12.96,29.63,4,22.22,33.33,37.5,58.33,34.98,50.25
2026-03-23,13,9,2026-03-23 14:38:00,5,BTS鳥取開設14周年記念鳥取市長杯,4,5046,松山 裕基,3,32,53.5,1,0,0.16,4.2,18.89,36.67,4.44,24,36,30.62,41.63,31.34,46.27
2026-03-23,13,9,2026-03-23 14:38:00,5,BTS鳥取開設14周年記念鳥取市長杯,5,4835,橋本 明,3,37,53,0,0,0.15,4.71,18.09,45.74,0,0,0,42.33,57.21,32.04,44.17
2026-03-23,13,9,2026-03-23 14:38:00,5,BTS鳥取開設14周年記念鳥取市長杯,6,3909,佐々木 康幸,1,52,55.1,0,0,0.11,6.78,53.91,67.83,7.05,47.37,73.68,33.82,53.14,30.1,44.66
2026-03-23,13,10,2026-03-23 15:04:00,5,BTS鳥取開設14周年記念鳥取市長杯,1,4424,松尾 昂明,2,40,52,0,0,0.16,6.12,42.65,63.24,5.78,33.33,50,39.72,50.93,34.83,51.24
2026-03-23,13,10,2026-03-23 15:04:00,5,BTS鳥取開設14周年記念鳥取市長杯,2,4069,山本 修一,1,45,52.7,0,0,0.18,6.26,45.9,68.85,0,0,0,32.37,53.14,42.36,58.13
2026-03-23,13,10,2026-03-23 15:04:00,5,BTS鳥取開設14周年記念鳥取市長杯,3,4705,吉川 勇作,3,37,54.3,0,0,0.16,4.19,28.57,36.9,4,27.78,38.89,30.52,49.77,34.8,50.98
2026-03-23,13,10,2026-03-23 15:04:00,5,BTS鳥取開設14周年記念鳥取市長杯,4,4022,待鳥 雄紀,3,46,55,0,0,0.17,3.97,20.9,31.34,4.71,23.53,41.18,32.08,46.7,26.63,42.71
2026-03-23,13,10,2026-03-23 15:04:00,5,BTS鳥取開設14周年記念鳥取市長杯,5,5288,尾道 佳諭,3,26,53.8,1,0,0.16,3.89,21.33,30.67,0,0,0,30.81,45.5,41.75,58.25
2026-03-23,13,10,2026-03-23 15:04:00,5,BTS鳥取開設14周年記念鳥取市長杯,6,4099,吉永 則雄,1,47,52,0,0,0.17,6.4,44.25,67.26,6.5,43.18,68.18,36.11,56.02,37.19,55.28
2026-03-23,13,11,2026-03-23 15:36:00,5,BTS鳥取開設14周年記念鳥取市長杯,1,3406,中里 英夫,2,57,52.2,1,0,0.17,5.34,32.38,53.33,3.4,20,20,40.28,61.11,37.31,62.19
2026-03-23,13,11,2026-03-23 15:36:00,5,BTS鳥取開設14周年記念鳥取市長杯,2,4295,小坂 尚哉,1,39,52.6,0,0,0.15,6.67,49.61,67.44,7.04,56.25,72.32,36.97,49.76,40.59,57.92
2026-03-23,13,11,2026-03-23 15:36:00,5,BTS鳥取開設14周年記念鳥取市長杯,3,3293,宮内 由紀英,3,60,52.5,0,0,0.2,3.78,12.16,32.43,3.63,0,25,33.97,50.72,37.31,51.74
2026-03-23,13,11,2026-03-23 15:36:00,5,BTS鳥取開設14周年記念鳥取市長杯,4,4681,太田 潮,3,35,53.3,0,0,0.17,4.05,21.69,33.73,4.65,29.41,47.06,33.96,49.53,37.19,54.27
2026-03-23,13,11,2026-03-23 15:36:00,5,BTS鳥取開設14周年記念鳥取市長杯,5,4737,竹井 貴史,2,34,52.6,0,0,0.16,7.41,60.98,77.24,7.06,64.71,64.71,30.7,39.53,37.44,55.9
2026-03-23,13,11,2026-03-23 15:36:00,5,BTS鳥取開設14周年記念鳥取市長杯,6,4193,郷原 章平,1,44,52,0,0,0.17,6.07,41.41,60.16,5.29,35.29,52.94,30.7,45.58,34.65,55.94
2026-03-23,13,12,2026-03-23 16:10:00,5,BTS鳥取開設14周年記念鳥取市長杯,1,3024,西島 義則,1,64,52.4,2,0,0.15,6.65,56.45,68.55,6.95,54.55,72.73,39.81,56.02,43.43,58.08
2026-03-23,13,12,2026-03-23 16:10:00,5,BTS鳥取開設14周年記念鳥取市長杯,2,5242,高山 弘斗,3,25,56,0,0,0.17,3.78,18.07,31.33,1,0,0,31.28,47.87,33.67,53.57
2026-03-23,13,12,2026-03-23 16:10:00,5,BTS鳥取開設14周年記念鳥取市長杯,3,3907,村越 篤,2,48,53.6,0,0,0.17,5.19,34.62,50,6.64,45.45,72.73,44.65,64.19,30.5,50
2026-03-23,13,12,2026-03-23 16:10:00,5,BTS鳥取開設14周年記念鳥取市長杯,4,4633,森 智也,2,36,52.1,0,0,0.15,5.75,35.85,57.55,5.24,25,53.75,34.62,47.12,32.85,48.79
2026-03-23,13,12,2026-03-23 16:10:00,5,BTS鳥取開設14周年記念鳥取市長杯,5,4136,江夏 満,1,45,52.2,1,0,0.16,6.78,48.72,75.21,0,0,0,38.14,53.02,43.84,59.61
2026-03-23,13,12,2026-03-23 16:10:00,5,BTS鳥取開設14周年記念鳥取市長杯,6,5065,伊久間 陽優,3,27,52.6,0,0,0.12,6.03,51.09,60.87,0,0,0,36.92,55.14,40.2,54.77
2026-03-23,14,1,2026-03-23 08:47:00,5,鳴門巧者決定戦競走,1,4674,池田 剛規,2,38,52,0,0,0.15,5.41,31.25,53.57,5.64,39.39,54.55,53.55,65.03,36.59,53.66
2026-03-23,14,1,2026-03-23 08:47:00,5,鳴門巧者決定戦競走,2,4952,吉武 真也,3,32,52,0,0,0.16,3.77,11.29,27.42,4,22.22,33.33,38.46,58.65,39.11,57.92
2026-03-23,14,1,2026-03-23 08:47:00,5,鳴門巧者決定戦競走,3,3211,北川 敏弘,3,64,54.4,1,0,0.18,3.98,18.03,27.87,3.75,12.5,12.5,30.62,46.41,41.71,60.3
2026-03-23,14,1,2026-03-23 08:47:00,5,鳴門巧者決定戦競走,4,4004,山本 浩輔,3,48,52,0,0,0.19,5.31,30.56,51.85,5.21,31.58,57.89,48.44,70.31,36.65,50.26
2026-03-23,14,1,2026-03-23 08:47:00,5,鳴門巧者決定戦競走,5,3660,長谷川 親王,3,56,57.4,1,0,0.21,2.93,2.99,16.42,3.57,14.29,25.71,36.79,48.58,28.72,43.59
2026-03-23,14,1,2026-03-23 08:47:00,5,鳴門巧者決定戦競走,6,4167,片岡 秀樹,3,43,54.5,1,0,0.16,4.29,19.78,40.66,5,28.28,51.52,29.38,51.66,34.65,53.96
2026-03-23,14,2,2026-03-23 09:13:00,5,鳴門巧者決定戦競走,1,3931,黒崎 竜也,3,49,51,1,0,0.16,5.53,37.04,56.79,5.47,29.41,35.29,31.1,50.72,29.63,47.22
2026-03-23,14,2,2026-03-23 09:13:00,5,鳴門巧者決定戦競走,2,3503,堂原 洋史,3,56,51.5,0,0,0.16,4.67,27.71,40.96,3.88,12.5,37.5,36.2,52.04,29.12,48.35
2026-03-23,14,2,2026-03-23 09:13:00,5,鳴門巧者決定戦競走,3,4406,幸野 史明,3,40,52,0,0,0.16,4.3,26.97,39.33,4.9,30,45,41.67,56.86,35.75,55.56
2026-03-23,14,2,2026-03-23 09:13:00,5,鳴門巧者決定戦競走,4,3992,関口 智久,3,47,53.2,0,0,0.13,5.1,29.59,50,6.13,37.5,75,42.03,59.42,35.29,53.92
2026-03-23,14,2,2026-03-23 09:13:00,5,鳴門巧者決定戦競走,5,3569,増田 進,3,54,52,0,0,0.18,4.36,21.18,37.65,3.6,20,30,37.75,55.39,29.12,54.4
2026-03-23,14,2,2026-03-23 09:13:00,5,鳴門巧者決定戦競走,6,4839,四宮 与寛,2,35,52,0,0,0.12,4.75,33.33,45,5.99,45.65,63.04,41.88,54.97,35.32,46.77
2026-03-23,14,3,2026-03-23 09:39:00,5,鳴門巧者決定戦競走,1,4467,渡邉 俊介,2,39,51,0,0,0.13,6.42,47.01,67.52,4.94,33.33,55.56,45.13,58.46,38.54,54.63
2026-03-23,14,3,2026-03-23 09:39:00,5,鳴門巧者決定戦競走,2,4106,坂井 康嗣,3,46,52,0,0,0.19,2.94,10,22.86,0,0,0,31.5,48,31.86,50
2026-03-23,14,3,2026-03-23 09:39:00,5,鳴門巧者決定戦競走,3,4754,松尾 充,1,37,51,0,0,0.15,5.77,42.86,48.21,6.24,47.06,58.82,33.51,53.61,35.47,55.17
2026-03-23,14,3,2026-03-23 09:39:00,5,鳴門巧者決定戦競走,4,4729,佐藤 謙史朗,4,37,54.3,0,0,0.2,4.06,16.67,29.17,7.07,57.14,78.57,37.44,52.22,32.99,46.91
2026-03-23,14,3,2026-03-23 09:39:00,5,鳴門巧者決定戦競走,5,4196,田中 太一郎,3,44,52.8,0,0,0.17,4.38,24.49,40.82,5,42.86,42.86,33.65,50.48,36.04,49.75
2026-03-23,14,3,2026-03-23 09:39:00,5,鳴門巧者決定戦競走,6,4383,竹田 吉行,2,40,52,0,0,0.16,5.84,35.11,60.64,5.86,37.86,57.14,36.7,53.19,31.68,44.06
2026-03-23,14,4,2026-03-23 10:05:00,5,鳴門巧者決定戦競走,1,4122,安東 幸治,2,44,54.2,0,0,0.16,5.81,35.66,56.59,6.13,37.5,68.75,33.49,52.83,32.09,47.91
2026-03-23,14,4,2026-03-23 10:05:00,5,鳴門巧者決定戦競走,2,4903,吉田 凌太朗,1,32,52,1,0,0.15,7.24,59.05,74.29,6.38,50,62.5,38.19,57.29,29.61,46.6
2026-03-23,14,4,2026-03-23 10:05:00,5,鳴門巧者決定戦競走,3,4811,向井田 佑紀,3,36,51.5,0,0,0.16,4.6,24.53,39.62,4.65,29.41,44.12,28.28,48.48,26.9,43.15
2026-03-23,14,4,2026-03-23 10:05:00,5,鳴門巧者決定戦競走,4,4703,森永 隆,2,38,52,1,0,0.14,6.31,45.56,62.22,8,66.67,96.3,42.93,59.6,30.05,45.81
2026-03-23,14,4,2026-03-23 10:05:00,5,鳴門巧者決定戦競走,5,4863,三浦 裕貴,3,37,55.5,0,0,0.15,4.43,21.67,45,5.67,33.33,33.33,33.01,49.28,30.85,42.55
2026-03-23,14,4,2026-03-23 10:05:00,5,鳴門巧者決定戦競走,6,3507,藤井 徹,3,54,52,0,0,0.2,4.47,25,37.5,5.34,37.5,56.25,32.63,48.42,28.82,45.88
2026-03-23,14,5,2026-03-23 10:32:00,5,鳴門巧者決定戦競走,1,4695,尾崎 雄二,3,40,53.3,0,0,0.16,5.33,35.23,51.14,4.64,27.27,45.45,36.02,49.76,35.1,49.04
2026-03-23,14,5,2026-03-23 10:32:00,5,鳴門巧者決定戦競走,2,3473,石川 真二,1,55,52.4,1,0,0.13,6.31,47.27,61.82,6.5,47.37,60.53,37,51.5,34.95,51.94
2026-03-23,14,5,2026-03-23 10:32:00,5,鳴門巧者決定戦競走,3,4644,山田 亮太,2,46,52,0,0,0.15,6.38,51.19,65.48,5.33,33.33,66.67,29.02,50.78,26.7,39.32
2026-03-23,14,5,2026-03-23 10:32:00,5,鳴門巧者決定戦競走,4,3315,広瀬 聖仁,3,60,53.3,1,0,0.18,4.78,22.45,46.94,0,0,0,31.43,50,39.8,55.22
2026-03-23,14,5,2026-03-23 10:32:00,5,鳴門巧者決定戦競走,5,4202,浮田 圭浩,3,43,54.9,1,0,0.18,4.58,29.9,40.21,4.39,13.64,40.91,36.36,56.46,28.09,43.26
2026-03-23,14,5,2026-03-23 10:32:00,5,鳴門巧者決定戦競走,6,3662,大庭 元明,3,56,56,1,0,0.16,5.55,40.57,56.6,5.98,40,60,29.53,44.56,27.57,42.16
2026-03-23,14,6,2026-03-23 11:01:00,5,鳴門巧者決定戦競走,1,4406,幸野 史明,3,40,52,0,0,0.16,4.3,26.97,39.33,4.9,30,45,41.67,56.86,35.75,55.56
2026-03-23,14,6,2026-03-23 11:01:00,5,鳴門巧者決定戦競走,2,5229,吉川 晴人,2,23,56,1,0,0.15,5.54,32.58,51.69,6,48.28,58.62,36.54,50.96,34.67,46.23
2026-03-23,14,6,2026-03-23 11:01:00,5,鳴門巧者決定戦競走,3,4004,山本 浩輔,3,48,52,0,0,0.19,5.31,30.56,51.85,5.21,31.58,57.89,48.44,70.31,36.65,50.26
2026-03-23,14,6,2026-03-23 11:01:00,5,鳴門巧者決定戦競走,4,4952,吉武 真也,3,32,52,0,0,0.16,3.77,11.29,27.42,4,22.22,33.33,38.46,58.65,39.11,57.92
2026-03-23,14,6,2026-03-23 11:01:00,5,鳴門巧者決定戦競走,5,4420,津久井 拓也,2,38,52.1,0,0,0.16,5.75,38.71,58.06,5.5,41.67,54.17,37.38,60.28,31.61,47.13
2026-03-23,14,6,2026-03-23 11:01:00,5,鳴門巧者決定戦競走,6,4184,渡邊 雄一郎,1,39,52.1,0,0,0.16,7.32,58.51,78.72,7.08,54.17,70.83,38.07,51.38,37.17,57.59
2026-03-23,14,7,2026-03-23 11:31:00,5,鳴門巧者決定戦競走,1,3211,北川 敏弘,3,64,54.4,1,0,0.18,3.98,18.03,27.87,3.75,12.5,12.5,30.62,46.41,41.71,60.3
2026-03-23,14,7,2026-03-23 11:31:00,5,鳴門巧者決定戦競走,2,4196,田中 太一郎,3,44,52.8,0,0,0.17,4.38,24.49,40.82,5,42.86,42.86,33.65,50.48,36.04,49.75
2026-03-23,14,7,2026-03-23 11:31:00,5,鳴門巧者決定戦競走,3,4729,佐藤 謙史朗,4,37,54.3,0,0,0.2,4.06,16.67,29.17,7.07,57.14,78.57,37.44,52.22,32.99,46.91
2026-03-23,14,7,2026-03-23 11:31:00,5,鳴門巧者決定戦競走,4,4637,中田 友也,2,35,56.9,1,0,0.16,5.52,37.35,54.22,0,0,0,36.82,55.72,41.12,55.33
2026-03-23,14,7,2026-03-23 11:31:00,5,鳴門巧者決定戦競走,5,4203,小倉 康典,3,43,50.5,0,0,0.15,4,18.92,36.49,0,0,0,30.96,48.73,34.67,49.75
2026-03-23,14,7,2026-03-23 11:31:00,5,鳴門巧者決定戦競走,6,4674,池田 剛規,2,38,52,0,0,0.15,5.41,31.25,53.57,5.64,39.39,54.55,53.55,65.03,36.59,53.66
2026-03-23,14,8,2026-03-23 12:07:00,5,鳴門巧者決定戦競走,1,3507,藤井 徹,3,54,52.1,0,0,0.2,4.47,25,37.5,5.34,37.5,56.25,32.63,48.42,28.82,45.88
2026-03-23,14,8,2026-03-23 12:07:00,5,鳴門巧者決定戦競走,2,4811,向井田 佑紀,3,36,51,0,0,0.16,4.6,24.53,39.62,4.65,29.41,44.12,28.28,48.48,26.9,43.15
2026-03-23,14,8,2026-03-23 12:07:00,5,鳴門巧者決定戦競走,3,3992,関口 智久,3,47,53.3,0,0,0.13,5.1,29.59,50,6.13,37.5,75,42.03,59.42,35.29,53.92
2026-03-23,14,8,2026-03-23 12:07:00,5,鳴門巧者決定戦競走,4,4383,竹田 吉行,2,40,51.5,0,0,0.16,5.84,35.11,60.64,5.86,37.86,57.14,36.7,53.19,31.68,44.06
2026-03-23,14,8,2026-03-23 12:07:00,5,鳴門巧者決定戦競走,5,4641,磯村 匠,3,34,52,0,0,0.18,4.88,26.39,50,0,0,0,34.16,53.47,32.08,47.17
2026-03-23,14,8,2026-03-23 12:07:00,5,鳴門巧者決定戦競走,6,3931,黒崎 竜也,3,49,50.5,1,0,0.16,5.53,37.04,56.79,5.47,29.41,35.29,31.1,50.72,29.63,47.22
2026-03-23,14,9,2026-03-23 12:39:00,5,鳴門巧者決定戦競走,1,3315,広瀬 聖仁,3,60,53.3,1,0,0.18,4.78,22.45,46.94,0,0,0,31.43,50,39.8,55.22
2026-03-23,14,9,2026-03-23 12:39:00,5,鳴門巧者決定戦競走,2,4863,三浦 裕貴,3,37,55.5,0,0,0.15,4.43,21.67,45,5.67,33.33,33.33,33.01,49.28,30.85,42.55
2026-03-23,14,9,2026-03-23 12:39:00,5,鳴門巧者決定戦競走,3,4202,浮田 圭浩,3,43,54.9,1,0,0.18,4.58,29.9,40.21,4.39,13.64,40.91,36.36,56.46,28.09,43.26
2026-03-23,14,9,2026-03-23 12:39:00,5,鳴門巧者決定戦競走,4,4106,坂井 康嗣,3,46,52,0,0,0.19,2.94,10,22.86,0,0,0,31.5,48,31.86,50
2026-03-23,14,9,2026-03-23 12:39:00,5,鳴門巧者決定戦競走,5,3503,堂原 洋史,3,56,51.5,0,0,0.16,4.67,27.71,40.96,3.88,12.5,37.5,36.2,52.04,29.12,48.35
2026-03-23,14,9,2026-03-23 12:39:00,5,鳴門巧者決定戦競走,6,4122,安東 幸治,2,44,54.2,0,0,0.16,5.81,35.66,56.59,6.13,37.5,68.75,33.49,52.83,32.09,47.91
2026-03-23,14,10,2026-03-23 13:09:00,5,鳴門巧者決定戦競走,1,4420,津久井 拓也,2,38,52.1,0,0,0.16,5.75,38.71,58.06,5.5,41.67,54.17,37.38,60.28,31.61,47.13
2026-03-23,14,10,2026-03-23 13:09:00,5,鳴門巧者決定戦競走,2,4184,渡邊 雄一郎,1,39,52.1,0,0,0.16,7.32,58.51,78.72,7.08,54.17,70.83,38.07,51.38,37.17,57.59
2026-03-23,14,10,2026-03-23 13:09:00,5,鳴門巧者決定戦競走,3,4703,森永 隆,2,38,52,1,0,0.14,6.31,45.56,62.22,8,66.67,96.3,42.93,59.6,30.05,45.81
2026-03-23,14,10,2026-03-23 13:09:00,5,鳴門巧者決定戦競走,4,4754,松尾 充,1,37,51,0,0,0.15,5.77,42.86,48.21,6.24,47.06,58.82,33.51,53.61,35.47,55.17
2026-03-23,14,10,2026-03-23 13:09:00,5,鳴門巧者決定戦競走,5,3473,石川 真二,1,55,52.4,1,0,0.13,6.31,47.27,61.82,6.5,47.37,60.53,37,51.5,34.95,51.94
2026-03-23,14,10,2026-03-23 13:09:00,5,鳴門巧者決定戦競走,6,4467,渡邉 俊介,2,39,51,0,0,0.13,6.42,47.01,67.52,4.94,33.33,55.56,45.13,58.46,38.54,54.63
2026-03-23,14,11,2026-03-23 13:44:00,5,鳴門巧者決定戦競走,1,4839,四宮 与寛,2,35,52,0,0,0.12,4.75,33.33,45,5.99,45.65,63.04,41.88,54.97,35.32,46.77
2026-03-23,14,11,2026-03-23 13:44:00,5,鳴門巧者決定戦競走,2,4695,尾崎 雄二,3,40,53.3,0,0,0.16,5.33,35.23,51.14,4.64,27.27,45.45,36.02,49.76,35.1,49.04
2026-03-23,14,11,2026-03-23 13:44:00,5,鳴門巧者決定戦競走,3,4637,中田 友也,2,35,56.9,1,0,0.16,5.52,37.35,54.22,0,0,0,36.82,55.72,41.12,55.33
2026-03-23,14,11,2026-03-23 13:44:00,5,鳴門巧者決定戦競走,4,4644,山田 亮太,2,46,52,0,0,0.15,6.38,51.19,65.48,5.33,33.33,66.67,29.02,50.78,26.7,39.32
2026-03-23,14,11,2026-03-23 13:44:00,5,鳴門巧者決定戦競走,5,5229,吉川 晴人,2,23,56,1,0,0.15,5.54,32.58,51.69,6,48.28,58.62,36.54,50.96,34.67,46.23
2026-03-23,14,11,2026-03-23 13:44:00,5,鳴門巧者決定戦競走,6,4903,吉田 凌太朗,1,32,52,1,0,0.15,7.24,59.05,74.29,6.38,50,62.5,38.19,57.29,29.61,46.6
2026-03-23,14,12,2026-03-23 14:27:00,5,鳴門巧者決定戦競走,1,4688,永井 彪也,1,33,52.3,0,0,0.13,6.13,37.11,54.64,6.65,58.82,58.82,35.61,55.61,40.28,54.5
2026-03-23,14,12,2026-03-23 14:27:00,5,鳴門巧者決定戦競走,2,4111,奥田 誠,3,45,52.9,0,0,0.17,4.96,29,48,5,30.3,45.45,38.38,55.56,43.08,60
2026-03-23,14,12,2026-03-23 14:27:00,5,鳴門巧者決定戦競走,3,4645,上村 純一,1,45,52,0,0,0.13,6.15,42.27,53.61,0,0,0,42.16,53.51,34.17,54.27
2026-03-23,14,12,2026-03-23 14:27:00,5,鳴門巧者決定戦競走,4,4488,小山 勉,1,39,52,0,0,0.19,6.19,43.4,64.15,6.5,37.5,68.75,27.86,46.77,27.27,43.32
2026-03-23,14,12,2026-03-23 14:27:00,5,鳴門巧者決定戦競走,5,3841,佐々木 和伸,2,49,53.9,0,0,0.16,5.92,41.24,57.73,5.67,37.88,55.3,31.19,49.01,42.36,58.62
2026-03-23,14,12,2026-03-23 14:27:00,5,鳴門巧者決定戦競走,6,4677,片橋 幸貴,4,37,53.4,0,0,0.2,6.68,45.21,72.6,7.2,45,90,37.88,51.52,35.38,54.25
2026-03-23,15,1,2026-03-23 15:18:00,5,丸亀市観光協会杯,1,3606,川北 浩貴,3,54,52,0,0,0.18,5.63,35.71,59.82,6.2,48,64,41.18,54.62,38.41,57.62
2026-03-23,15,1,2026-03-23 15:18:00,5,丸亀市観光協会杯,2,3572,安田 政彦,2,54,52.5,0,0,0.2,4.87,25.83,40.83,5.43,34.04,48.94,33.04,50.43,37.84,53.38
2026-03-23,15,1,2026-03-23 15:18:00,5,丸亀市観光協会杯,3,5032,谷口 知優,3,28,52,0,0,0.15,5.53,30.68,59.09,5.51,32.79,52.46,32.14,44.64,25.17,42.86
2026-03-23,15,1,2026-03-23 15:18:00,5,丸亀市観光協会杯,4,4138,中井 俊祐,3,45,51.5,0,0,0.17,4.19,21.52,34.18,5.89,36.84,57.89,32.2,50.85,35.48,56.13
2026-03-23,15,1,2026-03-23 15:18:00,5,丸亀市観光協会杯,5,4640,山ノ内 雅人,2,35,52,0,0,0.15,6.08,41.73,64.57,7.86,57.14,85.71,34.48,46.55,27.52,38.93
2026-03-23,15,1,2026-03-23 15:18:00,5,丸亀市観光協会杯,6,4533,峰重 侑治,4,37,50.5,1,0,0.17,5.11,29.11,44.3,5.39,36.36,54.55,27.12,41.53,33.78,45.27
2026-03-23,15,2,2026-03-23 15:48:00,5,丸亀市観光協会杯,1,5359,佐藤 世那,3,20,53.6,1,0,0.16,4.47,22.22,41.67,0,0,0,23.89,46.9,39.87,56.86
2026-03-23,15,2,2026-03-23 15:48:00,5,丸亀市観光協会杯,2,5102,原田 雄次,3,28,52,1,0,0.18,4.93,35.71,45.92,5.88,39.39,66.67,36.75,54.7,34.44,47.68
2026-03-23,15,2,2026-03-23 15:48:00,5,丸亀市観光協会杯,3,4376,藤田 靖弘,2,41,52.6,0,0,0.16,5.63,38.28,55.47,4.55,20.69,44.83,25.64,42.74,20.83,35.42
2026-03-23,15,2,2026-03-23 15:48:00,5,丸亀市観光協会杯,4,4268,和合 俊介,3,40,58.9,1,0,0.15,3.08,6.06,22.73,3.1,20,20,30.83,45,30.61,47.62
2026-03-23,15,2,2026-03-23 15:48:00,5,丸亀市観光協会杯,5,4137,君島 秀三,1,45,52.5,0,0,0.14,6.65,53.1,69.03,0,0,0,39.5,52.94,30,40.67
2026-03-23,15,2,2026-03-23 15:48:00,5,丸亀市観光協会杯,6,4421,森作 広大,3,37,55.1,1,0,0.17,3.71,11.76,30.88,5,36.36,45.45,36.84,56.14,33.33,50
2026-03-23,15,3,2026-03-23 16:17:00,5,丸亀市観光協会杯,1,5249,三木 晴斗,3,23,52,0,0,0.16,5.38,33.67,56.12,3.81,19.05,33.33,38.6,60.53,31.33,49.33
2026-03-23,15,3,2026-03-23 16:17:00,5,丸亀市観光協会杯,2,4511,中岡 健人,3,36,56.2,0,0,0.17,4.67,20.88,47.25,4.35,21.57,39.22,25,43.33,29.73,47.97
2026-03-23,15,3,2026-03-23 16:17:00,5,丸亀市観光協会杯,3,4398,船岡 洋一郎,1,39,52.1,0,0,0.14,6.64,46.56,64.89,7.52,61.9,80.95,19.27,31.19,28.48,43.71
2026-03-23,15,3,2026-03-23 16:17:00,5,丸亀市観光協会杯,4,4925,森 悠稀,2,33,52.7,1,0,0.12,5.61,35,51,5.73,39.39,54.55,30.17,43.97,24.29,40.71
2026-03-23,15,3,2026-03-23 16:17:00,5,丸亀市観光協会杯,5,5031,渡辺 空依,3,28,52.7,0,0,0.2,4.28,19.1,39.33,3.76,8,28,26.61,43.12,42.76,59.21
2026-03-23,15,3,2026-03-23 16:17:00,5,丸亀市観光協会杯,6,3787,天野 誠,3,54,52.7,1,0,0.18,3.76,11.27,28.17,4.57,26.09,47.83,23.68,40.35,41.18,59.48
2026-03-23,15,4,2026-03-23 16:46:00,5,丸亀市観光協会杯,1,4116,川田 正人,3,45,52,1,0,0.17,5.14,34.04,47.87,3.42,15.79,26.32,29.03,53.23,26.97,42.11
2026-03-23,15,4,2026-03-23 16:46:00,5,丸亀市観光協会杯,2,4608,荒井 翔伍,2,36,54.2,0,0,0.16,5.97,41.1,61.64,5.91,45.45,54.55,41.88,59.83,36.36,49.35
2026-03-23,15,4,2026-03-23 16:46:00,5,丸亀市観光協会杯,3,4942,柴田 朋哉,2,35,54.5,1,0,0.14,5.22,30.77,55.13,0,0,0,42.02,53.78,37.04,52.78
2026-03-23,15,4,2026-03-23 16:46:00,5,丸亀市観光協会杯,4,3583,齋藤 智裕,3,53,57.1,0,0,0.18,3.74,18.03,29.51,3.13,12.5,25,54.78,70.43,37.91,50.98
2026-03-23,15,4,2026-03-23 16:46:00,5,丸亀市観光協会杯,5,4064,原田 篤志,1,46,51.5,1,0,0.16,6.84,50,70.75,6.74,39.13,82.61,37.93,59.48,34.42,57.14
2026-03-23,15,4,2026-03-23 16:46:00,5,丸亀市観光協会杯,6,4988,牟田 奨太,3,28,53.4,0,0,0.16,3.86,25.25,35.35,2.33,0,16.67,38.46,58.97,26.57,51.05
2026-03-23,15,5,2026-03-23 17:15:00,5,丸亀市観光協会杯,1,4514,上條 嘉嗣,1,36,52,1,0,0.18,6.86,51.75,71.05,6.65,52.94,64.71,54.78,72.17,23.81,43.54
2026-03-23,15,5,2026-03-23 17:15:00,5,丸亀市観光協会杯,2,3998,冨成 謙児,3,46,52.3,0,0,0.17,4.6,26.44,42.53,3.87,16.67,26.67,43.48,58.26,28.77,39.73
2026-03-23,15,5,2026-03-23 17:15:00,5,丸亀市観光協会杯,3,5012,加倉 侑征,2,28,52,0,0,0.12,5.2,30.11,50.54,4,22.22,33.33,49.57,65.81,36.18,50.66
2026-03-23,15,5,2026-03-23 17:15:00,5,丸亀市観光協会杯,4,4360,庄司 孝輔,3,41,52.5,0,0,0.18,5.67,36.36,56.57,6,50,60,40.5,47.11,32.19,50.68
2026-03-23,15,5,2026-03-23 17:15:00,5,丸亀市観光協会杯,5,4948,木場 悠介,3,33,52.3,0,0,0.14,5.26,34.48,52.87,5.39,28.57,57.14,29.09,46.36,30.2,44.97
2026-03-23,15,5,2026-03-23 17:15:00,5,丸亀市観光協会杯,6,4497,桑原 悠,1,38,52.1,0,0,0.14,6.33,38.64,62.5,7.94,70.59,82.35,25.71,45.71,39.22,56.86
2026-03-23,15,6,2026-03-23 17:44:00,5,丸亀市観光協会杯,1,4254,川島 圭司,2,42,52,2,0,0.13,5.29,31.86,45.13,5.77,36.36,59.09,45.22,59.13,32.47,46.75
2026-03-23,15,6,2026-03-23 17:44:00,5,丸亀市観光協会杯,2,4836,大谷 健太,4,37,52.1,0,0,0.2,4.95,29.73,43.24,4.95,27.27,59.09,39.66,56.9,44.44,62.75
2026-03-23,15,6,2026-03-23 17:44:00,5,丸亀市観光協会杯,3,4724,吉田 祐貴,4,40,55.1,1,0,0.2,3.28,9.23,21.54,0,0,0,21.93,46.49,28.67,48
2026-03-23,15,6,2026-03-23 17:44:00,5,丸亀市観光協会杯,4,4428,有賀 達也,1,40,52,1,0,0.14,6.47,47.27,63.64,0,0,0,28.7,51.3,34.23,55.7
2026-03-23,15,6,2026-03-23 17:44:00,5,丸亀市観光協会杯,5,3564,桑原 啓,3,55,53.3,0,0,0.18,4.6,27,43,5.14,42.86,42.86,27.19,37.72,36.67,52
2026-03-23,15,6,2026-03-23 17:44:00,5,丸亀市観光協会杯,6,4540,相原 利章,2,38,52,0,0,0.12,5.02,27.27,48.86,0,0,0,37.61,52.99,40.13,57.89
2026-03-23,15,7,2026-03-23 18:11:00,5,丸亀市観光協会杯,1,4715,村上 遼,1,33,52,2,0,0.12,6.42,42.73,66.36,3.86,14.29,14.29,26.09,37.39,37.91,52.29
2026-03-23,15,7,2026-03-23 18:11:00,5,丸亀市観光協会杯,2,4336,松田 竜馬,3,42,53.8,0,0,0.15,5.11,33.65,46.15,5.3,40,50,35.04,54.7,31.47,46.85
2026-03-23,15,7,2026-03-23 18:11:00,5,丸亀市観光協会杯,3,4374,永田 義紘,3,41,52,0,0,0.16,4.85,26.88,50.54,0,0,0,29.66,50,36.6,54.25
2026-03-23,15,7,2026-03-23 18:11:00,5,丸亀市観光協会杯,4,4834,浜本 裕己,2,38,51.5,0,0,0.14,6.08,39.32,62.39,4.36,18.18,36.36,18.97,34.48,30.46,48.34
2026-03-23,15,7,2026-03-23 18:11:00,5,丸亀市観光協会杯,5,5257,西丸 侑太朗,1,21,52,0,0,0.15,6.36,42.42,65.91,5.84,36.45,59.81,42.98,58.77,28.57,46.94
2026-03-23,15,7,2026-03-23 18:11:00,5,丸亀市観光協会杯,6,5395,日高 龍之介,4,24,52.2,0,0,0.23,2.41,7.94,12.7,1.88,0,12.5,45.69,62.93,31.33,42.67
2026-03-23,15,8,2026-03-23 18:39:00,5,丸亀市観光協会杯,1,4988,牟田 奨太,3,28,53.4,0,0,0.16,3.86,25.25,35.35,2.33,0,16.67,38.46,58.97,26.57,51.05
2026-03-23,15,8,2026-03-23 18:39:00,5,丸亀市観光協会杯,2,4137,君島 秀三,1,45,52.5,0,0,0.14,6.65,53.1,69.03,0,0,0,39.5,52.94,30,40.67
2026-03-23,15,8,2026-03-23 18:39:00,5,丸亀市観光協会杯,3,4138,中井 俊祐,3,45,51.5,0,0,0.17,4.19,21.52,34.18,5.89,36.84,57.89,32.2,50.85,35.48,56.13
2026-03-23,15,8,2026-03-23 18:39:00,5,丸亀市観光協会杯,4,4398,船岡 洋一郎,1,39,52.1,0,0,0.14,6.64,46.56,64.89,7.52,61.9,80.95,19.27,31.19,28.48,43.71
2026-03-23,15,8,2026-03-23 18:39:00,5,丸亀市観光協会杯,5,4608,荒井 翔伍,2,36,54.2,0,0,0.16,5.97,41.1,61.64,5.91,45.45,54.55,41.88,59.83,36.36,49.35
2026-03-23,15,8,2026-03-23 18:39:00,5,丸亀市観光協会杯,6,3606,川北 浩貴,3,54,52,0,0,0.18,5.63,35.71,59.82,6.2,48,64,41.18,54.62,38.41,57.62
2026-03-23,15,9,2026-03-23 19:09:00,5,丸亀市観光協会杯,1,4064,原田 篤志,1,46,51.5,1,0,0.16,6.84,50,70.75,6.74,39.13,82.61,37.93,59.48,34.42,57.14
2026-03-23,15,9,2026-03-23 19:09:00,5,丸亀市観光協会杯,2,4514,上條 嘉嗣,1,36,52,1,0,0.18,6.86,51.75,71.05,6.65,52.94,64.71,54.78,72.17,23.81,43.54
2026-03-23,15,9,2026-03-23 19:09:00,5,丸亀市観光協会杯,3,4497,桑原 悠,1,38,52.1,0,0,0.14,6.33,38.64,62.5,7.94,70.59,82.35,25.71,45.71,39.22,56.86
2026-03-23,15,9,2026-03-23 19:09:00,5,丸亀市観光協会杯,4,5032,谷口 知優,3,28,52,0,0,0.15,5.53,30.68,59.09,5.51,32.79,52.46,32.14,44.64,25.17,42.86
2026-03-23,15,9,2026-03-23 19:09:00,5,丸亀市観光協会杯,5,5102,原田 雄次,3,28,52,1,0,0.18,4.93,35.71,45.92,5.88,39.39,66.67,36.75,54.7,34.44,47.68
2026-03-23,15,9,2026-03-23 19:09:00,5,丸亀市観光協会杯,6,5249,三木 晴斗,3,23,52,0,0,0.16,5.38,33.67,56.12,3.81,19.05,33.33,38.6,60.53,31.33,49.33
2026-03-23,15,10,2026-03-23 19:40:00,5,丸亀市観光協会杯,1,4540,相原 利章,2,38,52,0,0,0.12,5.02,27.27,48.86,0,0,0,37.61,52.99,40.13,57.89
2026-03-23,15,10,2026-03-23 19:40:00,5,丸亀市観光協会杯,2,4715,村上 遼,1,33,52,2,0,0.12,6.42,42.73,66.36,3.86,14.29,14.29,26.09,37.39,37.91,52.29
2026-03-23,15,10,2026-03-23 19:40:00,5,丸亀市観光協会杯,3,4925,森 悠稀,2,33,52.7,1,0,0.12,5.61,35,51,5.73,39.39,54.55,30.17,43.97,24.29,40.71
2026-03-23,15,10,2026-03-23 19:40:00,5,丸亀市観光協会杯,4,5012,加倉 侑征,2,28,52,0,0,0.12,5.2,30.11,50.54,4,22.22,33.33,49.57,65.81,36.18,50.66
2026-03-23,15,10,2026-03-23 19:40:00,5,丸亀市観光協会杯,5,4836,大谷 健太,4,37,52.1,0,0,0.2,4.95,29.73,43.24,4.95,27.27,59.09,39.66,56.9,44.44,62.75
2026-03-23,15,10,2026-03-23 19:40:00,5,丸亀市観光協会杯,6,4116,川田 正人,3,45,52,1,0,0.17,5.14,34.04,47.87,3.42,15.79,26.32,29.03,53.23,26.97,42.11
2026-03-23,15,11,2026-03-23 20:10:00,5,丸亀市観光協会杯,1,5257,西丸 侑太朗,1,21,52,0,0,0.15,6.36,42.42,65.91,5.84,36.45,59.81,42.98,58.77,28.57,46.94
2026-03-23,15,11,2026-03-23 20:10:00,5,丸亀市観光協会杯,2,4640,山ノ内 雅人,2,35,52,0,0,0.15,6.08,41.73,64.57,7.86,57.14,85.71,34.48,46.55,27.52,38.93
2026-03-23,15,11,2026-03-23 20:10:00,5,丸亀市観光協会杯,3,4360,庄司 孝輔,3,41,52.5,0,0,0.18,5.67,36.36,56.57,6,50,60,40.5,47.11,32.19,50.68
2026-03-23,15,11,2026-03-23 20:10:00,5,丸亀市観光協会杯,4,4376,藤田 靖弘,2,41,52.6,0,0,0.16,5.63,38.28,55.47,4.55,20.69,44.83,25.64,42.74,20.83,35.42
2026-03-23,15,11,2026-03-23 20:10:00,5,丸亀市観光協会杯,5,3572,安田 政彦,2,54,52.5,0,0,0.2,4.87,25.83,40.83,5.43,34.04,48.94,33.04,50.43,37.84,53.38
2026-03-23,15,11,2026-03-23 20:10:00,5,丸亀市観光協会杯,6,4254,川島 圭司,2,42,52,2,0,0.13,5.29,31.86,45.13,5.77,36.36,59.09,45.22,59.13,32.47,46.75
2026-03-23,15,12,2026-03-23 20:40:00,5,丸亀市観光協会杯,1,4428,有賀 達也,1,40,52,1,0,0.14,6.47,47.27,63.64,0,0,0,28.7,51.3,34.23,55.7
2026-03-23,15,12,2026-03-23 20:40:00,5,丸亀市観光協会杯,2,4942,柴田 朋哉,2,35,54.5,1,0,0.14,5.22,30.77,55.13,0,0,0,42.02,53.78,37.04,52.78
2026-03-23,15,12,2026-03-23 20:40:00,5,丸亀市観光協会杯,3,4834,浜本 裕己,2,38,51.5,0,0,0.14,6.08,39.32,62.39,4.36,18.18,36.36,18.97,34.48,30.46,48.34
2026-03-23,15,12,2026-03-23 20:40:00,5,丸亀市観光協会杯,4,5359,佐藤 世那,3,20,53.6,1,0,0.16,4.47,22.22,41.67,0,0,0,23.89,46.9,39.87,56.86
2026-03-23,15,12,2026-03-23 20:40:00,5,丸亀市観光協会杯,5,4725,佐竹 太一,3,39,53,0,0,0.21,5.55,37.11,50.52,4.77,27.27,36.36,26.72,39.66,27.21,51.02
2026-03-23,15,12,2026-03-23 20:40:00,5,丸亀市観光協会杯,6,4346,前田 健太郎,3,40,55.4,0,0,0.17,4.5,27.78,40,4.28,27.78,38.89,46.96,69.57,31.25,52.08
2026-03-23,16,1,2026-03-23 10:57:00,5,スポーツ報知杯〜第6回児島巧者決定戦〜,1,3775,泉 啓文,3,51,57.8,1,0,0.17,4.27,20,36.67,4.48,21.43,38.1,32.5,57.5,29.17,45.83
2026-03-23,16,1,2026-03-23 10:57:00,5,スポーツ報知杯〜第6回児島巧者決定戦〜,2,4407,鹿島 敏弘,3,40,53.3,0,0,0.18,4.72,25.25,44.44,4.8,30,45,24.69,40.74,32.43,50
2026-03-23,16,1,2026-03-23 10:57:00,5,スポーツ報知杯〜第6回児島巧者決定戦〜,3,4875,大塚 康雅,3,31,50.5,0,0,0.18,5.03,28.21,47.44,5.33,33.33,44.44,22.22,44.44,27.63,42.11
2026-03-23,16,1,2026-03-23 10:57:00,5,スポーツ報知杯〜第6回児島巧者決定戦〜,4,5273,山下 拓巳,3,24,52,0,0,0.18,4.2,20,36,4,11.11,44.44,25.93,56.79,35.62,54.79
2026-03-23,16,1,2026-03-23 10:57:00,5,スポーツ報知杯〜第6回児島巧者決定戦〜,5,4020,川上 清人,3,46,63.3,0,0,0.2,3.94,21.51,36.56,4.54,18.92,43.24,22.5,45,25,38.16
2026-03-23,16,1,2026-03-23 10:57:00,5,スポーツ報知杯〜第6回児島巧者決定戦〜,6,5363,山本 凱立,4,26,52,1,0,0.19,1.51,1.89,3.77,1.13,0,0,28.75,47.5,28.57,48.57
2026-03-23,16,2,2026-03-23 11:29:00,5,スポーツ報知杯〜第6回児島巧者決定戦〜,1,3752,宇土 泰就,3,54,56.1,0,0,0.16,3.42,14.81,27.16,4.44,33.33,44.44,35.44,54.43,29.11,45.57
2026-03-23,16,2,2026-03-23 11:29:00,5,スポーツ報知杯〜第6回児島巧者決定戦〜,2,3882,新田 智彰,3,52,52.9,0,0,0.17,5.2,29.41,54.9,5.9,50,55,38.75,52.5,37.18,51.28
2026-03-23,16,2,2026-03-23 11:29:00,5,スポーツ報知杯〜第6回児島巧者決定戦〜,3,3652,森下 勇,3,52,54.2,0,0,0.18,3.71,14.29,28.57,0,0,0,39.24,53.16,24.66,46.58
2026-03-23,16,2,2026-03-23 11:29:00,5,スポーツ報知杯〜第6回児島巧者決定戦〜,4,3578,塩田 雄一,3,53,51,1,0,0.19,4.05,19.7,34.85,5.08,36,48,46.91,61.73,28.95,47.37
2026-03-23,16,2,2026-03-23 11:29:00,5,スポーツ報知杯〜第6回児島巧者決定戦〜,5,3793,高橋 真吾,3,53,57.7,1,0,0.17,4.67,30.77,42.31,5,33.33,44.44,29.87,48.05,24.32,28.38
2026-03-23,16,2,2026-03-23 11:29:00,5,スポーツ報知杯〜第6回児島巧者決定戦〜,6,4391,松田 祐季,1,39,52,0,0,0.17,6.46,47.62,57.14,8.17,66.67,88.89,30.49,47.56,26.67,41.33
2026-03-23,16,3,2026-03-23 12:01:00,5,スポーツ報知杯〜第6回児島巧者決定戦〜,1,4000,松本 博昭,2,49,54.8,0,0,0.17,6.07,40.5,61.16,5.88,37.5,50,14.49,27.54,32.43,44.59
2026-03-23,16,3,2026-03-23 12:01:00,5,スポーツ報知杯〜第6回児島巧者決定戦〜,2,4195,前川 守嗣,3,44,57.3,0,0,0.17,5.06,27.55,45.92,6.03,46.67,60,28.21,47.44,26.03,43.84
2026-03-23,16,3,2026-03-23 12:01:00,5,スポーツ報知杯〜第6回児島巧者決定戦〜,3,3772,一柳 和孝,3,51,53.1,0,0,0.15,5.52,32.94,56.47,6,47.37,57.89,30.12,48.19,34.72,48.61
2026-03-23,16,3,2026-03-23 12:01:00,5,スポーツ報知杯〜第6回児島巧者決定戦〜,4,3885,久田 武,3,52,52.3,0,0,0.18,5.52,36.28,55.75,5.9,48.28,62.07,31.65,53.16,23.44,42.19
2026-03-23,16,3,2026-03-23 12:01:00,5,スポーツ報知杯〜第6回児島巧者決定戦〜,5,3722,西村 秀樹,3,55,52.7,0,0,0.17,3.4,15,27.5,4.59,25.64,43.59,38.75,56.25,24.64,36.23
2026-03-23,16,3,2026-03-23 12:01:00,5,スポーツ報知杯〜第6回児島巧者決定戦〜,6,3834,細川 明人,3,51,55,0,0,0.21,4.01,18.82,29.41,4.5,31.82,36.36,26.51,48.19,40.54,55.41
2026-03-23,16,4,2026-03-23 12:30:00,5,スポーツ報知杯〜第6回児島巧者決定戦〜,1,5096,上原 崚,2,30,52,1,0,0.13,5.45,35.85,47.17,5.47,29.41,47.06,34.21,44.74,37.31,56.72
2026-03-23,16,4,2026-03-23 12:30:00,5,スポーツ報知杯〜第6回児島巧者決定戦〜,2,3508,久富 政弘,3,54,53.2,0,0,0.19,5.2,28.09,51.69,6.1,50,60,44.16,58.44,45.33,72
2026-03-23,16,4,2026-03-23 12:30:00,5,スポーツ報知杯〜第6回児島巧者決定戦〜,3,4661,中島 昂章,3,34,52.2,0,0,0.19,5.68,34.92,66.67,3.4,20,20,29.27,40.24,26.53,51.02
2026-03-23,16,4,2026-03-23 12:30:00,5,スポーツ報知杯〜第6回児島巧者決定戦〜,4,4664,東口 晃,3,42,52.2,0,0,0.17,3.95,20.45,31.82,3.67,11.11,33.33,19.74,35.53,25,37.5
2026-03-23,16,4,2026-03-23 12:30:00,5,スポーツ報知杯〜第6回児島巧者決定戦〜,5,4713,白神 優,1,35,52,0,0,0.13,6.94,50.34,73.83,7.03,50,67.91,25,43.75,19.18,30.14
2026-03-23,16,4,2026-03-23 12:30:00,5,スポーツ報知杯〜第6回児島巧者決定戦〜,6,5407,中岡 駿,4,21,53.3,0,0,0.22,2.44,3.51,15.79,0,0,0,22.97,28.38,31.58,51.32
2026-03-23,16,5,2026-03-23 12:57:00,5,スポーツ報知杯〜第6回児島巧者決定戦〜,1,4649,和田 操拓,2,41,52,0,0,0.12,4.79,23.14,41.32,0,0,0,40.26,48.05,50,70.27
2026-03-23,16,5,2026-03-23 12:57:00,5,スポーツ報知杯〜第6回児島巧者決定戦〜,2,3605,中村 守成,3,54,52.8,0,0,0.18,4.32,21.52,32.91,4.78,33.33,44.44,29.63,41.98,35.06,53.25
2026-03-23,16,5,2026-03-23 12:57:00,5,スポーツ報知杯〜第6回児島巧者決定戦〜,3,3584,佐々木 英樹,3,53,54.2,0,0,0.17,4.95,27.17,43.48,4.56,33.33,33.33,53.16,68.35,35.14,52.7
2026-03-23,16,5,2026-03-23 12:57:00,5,スポーツ報知杯〜第6回児島巧者決定戦〜,4,3714,梶原 正,3,51,55.4,0,0,0.15,4.7,23.08,40.66,4.28,16.67,33.33,36.25,52.5,35.14,60.81
2026-03-23,16,5,2026-03-23 12:57:00,5,スポーツ報知杯〜第6回児島巧者決定戦〜,5,5077,滝沢 崚,4,28,52,0,0,0.2,4.27,19.61,37.25,0,0,0,26.25,40,27.4,41.1
2026-03-23,16,5,2026-03-23 12:57:00,5,スポーツ報知杯〜第6回児島巧者決定戦〜,6,4174,赤坂 俊輔,1,43,52.1,0,0,0.16,6.42,41.46,67.48,6.5,50,75,23.68,34.21,18.03,36.07
2026-03-23,16,6,2026-03-23 13:25:00,5,スポーツ報知杯〜第6回児島巧者決定戦〜,1,3434,松尾 宣邦,3,57,53.3,0,0,0.17,4.93,31.03,44.83,5.3,40,40,43.75,60,31.51,49.32
2026-03-23,16,6,2026-03-23 13:25:00,5,スポーツ報知杯〜第6回児島巧者決定戦〜,2,4020,川上 清人,3,46,63.3,0,0,0.2,3.94,21.51,36.56,4.54,18.92,43.24,22.5,45,25,38.16
2026-03-23,16,6,2026-03-23 13:25:00,5,スポーツ報知杯〜第6回児島巧者決定戦〜,3,4449,中嶋 達也,3,38,52.6,1,0,0.16,4.23,25.68,36.49,4.41,29.41,41.18,25.64,44.87,40.54,55.41
2026-03-23,16,6,2026-03-23 13:25:00,5,スポーツ報知杯〜第6回児島巧者決定戦〜,4,5309,森 雄利,4,21,52,0,0,0.16,2.64,10.14,15.94,1.5,0,4.17,32.1,44.44,33.33,49.33
2026-03-23,16,6,2026-03-23 13:25:00,5,スポーツ報知杯〜第6回児島巧者決定戦〜,5,3582,吉川 昭男,2,53,52.7,0,0,0.15,5.9,43.33,59.17,0,0,0,42.11,53.95,43.84,61.64
2026-03-23,16,6,2026-03-23 13:25:00,5,スポーツ報知杯〜第6回児島巧者決定戦〜,6,4798,浜先 真範,1,32,52.3,0,0,0.13,6.3,41.13,59.68,0,0,0,30.12,49.4,17.11,35.53
2026-03-23,16,7,2026-03-23 13:59:00,5,スポーツ報知杯〜第6回児島巧者決定戦〜,1,4219,本岡 勝利,3,44,53.8,0,0,0.16,4.05,14.29,30.77,3.77,16.67,30,37.8,53.66,39.47,50
2026-03-23,16,7,2026-03-23 13:59:00,5,スポーツ報知杯〜第6回児島巧者決定戦〜,2,3793,高橋 真吾,3,53,57.7,1,0,0.17,4.67,30.77,42.31,5,33.33,44.44,29.87,48.05,24.32,28.38
2026-03-23,16,7,2026-03-23 13:59:00,5,スポーツ報知杯〜第6回児島巧者決定戦〜,3,3797,岩井 繁,3,52,59.3,0,0,0.19,4.08,21.59,34.09,4.03,17.24,44.83,22.37,42.11,48.57,61.43
2026-03-23,16,7,2026-03-23 13:59:00,5,スポーツ報知杯〜第6回児島巧者決定戦〜,4,4875,大塚 康雅,3,31,50.5,0,0,0.18,5.03,28.21,47.44,5.33,33.33,44.44,22.22,44.44,27.63,42.11
2026-03-23,16,7,2026-03-23 13:59:00,5,スポーツ報知杯〜第6回児島巧者決定戦〜,5,4969,町田 洸希,3,34,52,0,0,0.16,4.9,24.64,49.28,5.7,40,50,19.48,38.96,34.62,50
2026-03-23,16,7,2026-03-23 13:59:00,5,スポーツ報知杯〜第6回児島巧者決定戦〜,6,3557,太田 和美,1,53,54.1,0,0,0.15,6.71,48.34,66.89,7.6,70,80,46.25,62.5,35.06,50.65
2026-03-23,16,8,2026-03-23 14:35:00,5,スポーツ報知杯〜第6回児島巧者決定戦〜,1,5275,松田 淳平,2,24,52,0,0,0.15,6.48,49.02,67.65,6.09,63.64,63.64,35.71,52.86,34.67,53.33
2026-03-23,16,8,2026-03-23 14:35:00,5,スポーツ報知杯〜第6回児島巧者決定戦〜,2,3722,西村 秀樹,3,55,52.7,0,0,0.17,3.4,15,27.5,4.59,25.64,43.59,38.75,56.25,24.64,36.23
2026-03-23,16,8,2026-03-23 14:35:00,5,スポーツ報知杯〜第6回児島巧者決定戦〜,3,4407,鹿島 敏弘,3,40,53.3,0,0,0.18,4.72,25.25,44.44,4.8,30,45,24.69,40.74,32.43,50
2026-03-23,16,8,2026-03-23 14:35:00,5,スポーツ報知杯〜第6回児島巧者決定戦〜,4,4979,中野 夢斗,2,29,52.5,0,0,0.16,5.14,29.35,50,5.43,35.71,53.57,35.9,48.72,34.72,48.61
2026-03-23,16,8,2026-03-23 14:35:00,5,スポーツ報知杯〜第6回児島巧者決定戦〜,5,3882,新田 智彰,3,52,52.9,0,0,0.17,5.2,29.41,54.9,5.9,50,55,38.75,52.5,37.18,51.28
2026-03-23,16,8,2026-03-23 14:35:00,5,スポーツ報知杯〜第6回児島巧者決定戦〜,6,4431,石塚 裕介,3,40,52,1,0,0.16,4.88,26.47,45.59,5.44,33.33,33.33,32.05,44.87,36.84,50
2026-03-23,16,9,2026-03-23 15:08:00,5,スポーツ報知杯〜第6回児島巧者決定戦〜,1,3627,井上 恵一,2,56,55.4,0,0,0.18,5.41,35.87,51.09,5.67,40,46.67,40.79,57.89,42.47,57.53
2026-03-23,16,9,2026-03-23 15:08:00,5,スポーツ報知杯〜第6回児島巧者決定戦〜,2,3652,森下 勇,3,52,54.2,0,0,0.18,3.71,14.29,28.57,0,0,0,39.24,53.16,24.66,46.58
2026-03-23,16,9,2026-03-23 15:08:00,5,スポーツ報知杯〜第6回児島巧者決定戦〜,3,3775,泉 啓文,3,51,57.8,1,0,0.17,4.27,20,36.67,4.48,21.43,38.1,32.5,57.5,29.17,45.83
2026-03-23,16,9,2026-03-23 15:08:00,5,スポーツ報知杯〜第6回児島巧者決定戦〜,4,3772,一柳 和孝,3,51,53.1,0,0,0.15,5.52,32.94,56.47,6,47.37,57.89,30.12,48.19,34.72,48.61
2026-03-23,16,9,2026-03-23 15:08:00,5,スポーツ報知杯〜第6回児島巧者決定戦〜,5,4661,中島 昂章,3,34,52.2,0,0,0.19,5.68,34.92,66.67,3.4,20,20,29.27,40.24,26.53,51.02
2026-03-23,16,9,2026-03-23 15:08:00,5,スポーツ報知杯〜第6回児島巧者決定戦〜,6,4161,黒柳 浩孝,2,44,54.7,0,0,0.16,5.37,33.33,50,5.72,31.03,51.72,26.25,46.25,29.73,48.65
2026-03-23,16,10,2026-03-23 15:44:00,5,スポーツ報知杯〜第6回児島巧者決定戦〜,1,4798,浜先 真範,1,32,52.3,0,0,0.13,6.3,41.13,59.68,0,0,0,30.12,49.4,28.57,48.05
2026-03-23,16,10,2026-03-23 15:44:00,5,スポーツ報知杯〜第6回児島巧者決定戦〜,2,4174,赤坂 俊輔,1,43,52.1,0,0,0.16,6.42,41.46,67.48,6.5,50,75,23.68,34.21,18.03,36.07
2026-03-23,16,10,2026-03-23 15:44:00,5,スポーツ報知杯〜第6回児島巧者決定戦〜,3,4000,松本 博昭,2,49,54.8,0,0,0.17,6.07,40.5,61.16,5.88,37.5,50,14.49,27.54,32.43,44.59
2026-03-23,16,10,2026-03-23 15:44:00,5,スポーツ報知杯〜第6回児島巧者決定戦〜,4,3584,佐々木 英樹,3,53,54.2,0,0,0.17,4.95,27.17,43.48,4.56,33.33,33.33,53.16,68.35,35.14,52.7
2026-03-23,16,10,2026-03-23 15:44:00,5,スポーツ報知杯〜第6回児島巧者決定戦〜,5,3508,久富 政弘,3,54,53.2,0,0,0.19,5.2,28.09,51.69,6.1,50,60,44.16,58.44,45.33,72
2026-03-23,16,10,2026-03-23 15:44:00,5,スポーツ報知杯〜第6回児島巧者決定戦〜,6,3752,宇土 泰就,3,54,56.1,0,0,0.16,3.42,14.81,27.16,4.44,33.33,44.44,35.44,54.43,29.11,45.57
2026-03-23,16,11,2026-03-23 16:15:00,5,スポーツ報知杯〜第6回児島巧者決定戦〜,1,4391,松田 祐季,1,39,52,0,0,0.17,6.46,47.62,57.14,8.17,66.67,88.89,30.49,47.56,26.67,41.33
2026-03-23,16,11,2026-03-23 16:15:00,5,スポーツ報知杯〜第6回児島巧者決定戦〜,2,3582,吉川 昭男,2,53,52.7,0,0,0.15,5.9,43.33,59.17,0,0,0,42.11,53.95,43.84,61.64
2026-03-23,16,11,2026-03-23 16:15:00,5,スポーツ報知杯〜第6回児島巧者決定戦〜,3,3885,久田 武,3,52,52.3,0,0,0.18,5.52,36.28,55.75,5.9,48.28,62.07,31.65,53.16,23.44,42.19
2026-03-23,16,11,2026-03-23 16:15:00,5,スポーツ報知杯〜第6回児島巧者決定戦〜,4,5096,上原 崚,2,30,52,1,0,0.13,5.45,35.85,47.17,5.47,29.41,47.06,34.21,44.74,37.31,56.72
2026-03-23,16,11,2026-03-23 16:15:00,5,スポーツ報知杯〜第6回児島巧者決定戦〜,5,3605,中村 守成,3,54,52.8,0,0,0.18,4.32,21.52,32.91,4.78,33.33,44.44,29.63,41.98,35.06,53.25
2026-03-23,16,11,2026-03-23 16:15:00,5,スポーツ報知杯〜第6回児島巧者決定戦〜,6,4219,本岡 勝利,3,44,53.8,0,0,0.16,4.05,14.29,30.77,3.77,16.67,30,37.8,53.66,39.47,50
2026-03-23,16,12,2026-03-23 16:49:00,5,スポーツ報知杯〜第6回児島巧者決定戦〜,1,3557,太田 和美,1,53,54.1,0,0,0.15,6.71,48.34,66.89,7.6,70,80,46.25,62.5,35.06,50.65
2026-03-23,16,12,2026-03-23 16:49:00,5,スポーツ報知杯〜第6回児島巧者決定戦〜,2,5275,松田 淳平,2,24,52,0,0,0.15,6.48,49.02,67.65,6.09,63.64,63.64,35.71,52.86,34.67,53.33
2026-03-23,16,12,2026-03-23 16:49:00,5,スポーツ報知杯〜第6回児島巧者決定戦〜,3,4713,白神 優,1,35,52,0,0,0.13,6.94,50.34,73.83,7.03,50,67.91,25,43.75,19.18,30.14
2026-03-23,16,12,2026-03-23 16:49:00,5,スポーツ報知杯〜第6回児島巧者決定戦〜,4,4649,和田 操拓,2,41,52,0,0,0.12,4.79,23.14,41.32,0,0,0,40.26,48.05,50,70.27
2026-03-23,16,12,2026-03-23 16:49:00,5,スポーツ報知杯〜第6回児島巧者決定戦〜,5,4195,前川 守嗣,3,44,57.3,0,0,0.17,5.06,27.55,45.92,6.03,46.67,60,28.21,47.44,26.03,43.84
2026-03-23,16,12,2026-03-23 16:49:00,5,スポーツ報知杯〜第6回児島巧者決定戦〜,6,3434,松尾 宣邦,3,57,53.3,0,0,0.17,4.93,31.03,44.83,5.3,40,40,43.75,60,31.51,49.32
2026-03-23,18,1,2026-03-23 08:35:00,5,サンケイスポーツ杯争奪戦,1,4189,川上 剛,2,44,53.9,0,0,0.15,6.66,47.55,67.83,6.62,51.72,75.86,30.37,51.31,41.94,62.37
2026-03-23,18,1,2026-03-23 08:35:00,5,サンケイスポーツ杯争奪戦,2,5057,上田 紗奈,3,29,45.5,0,0,0.16,5.29,35.63,49.43,5.63,50,50,42.23,55.83,48.42,70.53
2026-03-23,18,1,2026-03-23 08:35:00,5,サンケイスポーツ杯争奪戦,3,5177,松井 貫太,3,29,52,0,0,0.2,4.24,20.25,35.44,4.93,35.71,46.43,29.05,48.1,26.88,43.01
2026-03-23,18,1,2026-03-23 08:35:00,5,サンケイスポーツ杯争奪戦,4,4711,前出 達吉,3,36,51.5,0,0,0.16,5.94,44.44,62.04,5.11,33.33,55.56,29.3,50.7,35.48,53.76
2026-03-23,18,1,2026-03-23 08:35:00,5,サンケイスポーツ杯争奪戦,5,4271,川崎 公靖,3,43,53,0,0,0.16,4.66,27.27,45.45,4.05,22.73,36.36,42.99,55.14,21.88,42.71
2026-03-23,18,1,2026-03-23 08:35:00,5,サンケイスポーツ杯争奪戦,6,3808,秋田 健太郎,3,51,60.6,0,0,0.16,3.76,12.5,26.25,3.4,6.67,33.33,36.49,54.03,27.37,50.53
2026-03-23,18,2,2026-03-23 09:01:00,5,サンケイスポーツ杯争奪戦,1,4342,谷野 錬志,1,41,52.1,1,0,0.14,6.37,48.51,63.37,6.54,46.15,69.23,31.77,47.4,29.35,38.04
2026-03-23,18,2,2026-03-23 09:01:00,5,サンケイスポーツ杯争奪戦,2,5106,山崎 祥,3,27,51,0,0,0.19,5.64,32.47,54.55,5.22,26.92,51.28,43.84,57.64,30.43,41.3
2026-03-23,18,2,2026-03-23 09:01:00,5,サンケイスポーツ杯争奪戦,3,5193,米丸 乃絵,1,24,47,1,0,0.14,6.64,45.45,70.25,6.36,54.55,63.64,44.13,60.09,34.38,46.88
2026-03-23,18,2,2026-03-23 09:01:00,5,サンケイスポーツ杯争奪戦,4,4842,山下 昂大,2,33,52.7,0,0,0.17,5.89,45.05,57.66,5.88,44.12,58.82,33.51,50,33.68,53.68
2026-03-23,18,2,2026-03-23 09:01:00,5,サンケイスポーツ杯争奪戦,5,3990,芹澤 克彦,3,47,52.2,0,0,0.15,4.61,24.71,36.47,0,0,0,34.91,52.83,23.16,36.84
2026-03-23,18,2,2026-03-23 09:01:00,5,サンケイスポーツ杯争奪戦,6,3878,胡本 悟志,3,48,51.5,0,0,0.18,4.35,22.22,37.04,4.93,35,42.5,44.35,60.43,20.65,33.7
2026-03-23,18,3,2026-03-23 09:27:00,5,サンケイスポーツ杯争奪戦,1,5018,竹下 大樹,1,27,52.9,0,0,0.16,6.35,46.53,64.58,7.32,64.52,77.42,35.58,49.04,29.35,47.83
2026-03-23,18,3,2026-03-23 09:27:00,5,サンケイスポーツ杯争奪戦,2,3930,岸本 隆,3,50,55.3,0,0,0.15,5.63,35.24,58.1,6.21,52.63,63.16,33.68,50.78,41.49,53.19
2026-03-23,18,3,2026-03-23 09:27:00,5,サンケイスポーツ杯争奪戦,3,3812,山崎 聖司,3,50,51.5,1,0,0.16,4.2,18.56,42.27,0,0,0,38.73,59.31,30.43,47.83
2026-03-23,18,3,2026-03-23 09:27:00,5,サンケイスポーツ杯争奪戦,4,3445,加藤 高史,2,56,52.9,0,0,0.18,5.3,27.59,50.57,0,0,0,33.02,49.53,35.11,46.81
2026-03-23,18,3,2026-03-23 09:27:00,5,サンケイスポーツ杯争奪戦,5,4086,寺本 重宣,2,45,50,0,0,0.14,6.04,43.96,63.74,0,0,0,31.48,50,39.13,56.52
2026-03-23,18,3,2026-03-23 09:27:00,5,サンケイスポーツ杯争奪戦,6,5295,田上 凜,3,23,47,0,0,0.2,4.29,20.59,38.24,3.37,10.53,26.32,33.64,50,36.56,48.39
2026-03-23,18,4,2026-03-23 09:53:00,5,サンケイスポーツ杯争奪戦,1,3576,白水 勝也,1,53,52,0,0,0.17,6.62,45.99,72.26,6.33,47.5,75,36.41,56.22,31.11,43.33
2026-03-23,18,4,2026-03-23 09:53:00,5,サンケイスポーツ杯争奪戦,2,4773,中川 りな,2,32,49.2,0,0,0.19,5.67,37.9,58.87,5.09,27.27,45.45,32.37,51.69,36.17,54.26
2026-03-23,18,4,2026-03-23 09:53:00,5,サンケイスポーツ杯争奪戦,3,5266,石田 勇斗,3,25,52.8,0,0,0.17,4.45,26.09,36.96,2.67,0,16.67,44.74,59.21,24.73,40.86
2026-03-23,18,4,2026-03-23 09:53:00,5,サンケイスポーツ杯争奪戦,4,4325,新出 浩司,3,42,52,1,0,0.14,4.22,13.04,36.23,5.13,31.25,43.75,33.04,53.13,31.46,47.19
2026-03-23,18,4,2026-03-23 09:53:00,5,サンケイスポーツ杯争奪戦,5,3411,池上 隆行,3,56,51.5,0,0,0.18,3.92,15.29,31.76,3.67,11.11,33.33,47.81,63.6,43.01,55.91
2026-03-23,18,4,2026-03-23 09:53:00,5,サンケイスポーツ杯争奪戦,6,4313,西村 美智子,4,41,47.8,0,0,0.14,6.27,45.88,63.53,0,0,0,31.44,47.94,23.4,47.87
2026-03-23,18,5,2026-03-23 10:20:00,5,サンケイスポーツ杯争奪戦,1,5057,上田 紗奈,3,29,45.5,0,0,0.16,5.29,35.63,49.43,5.63,50,50,42.23,55.83,48.42,70.53
2026-03-23,18,5,2026-03-23 10:20:00,5,サンケイスポーツ杯争奪戦,2,3514,山一 鉄也,2,58,52,0,0,0.16,5.74,38.18,52.73,6.83,55.56,61.11,22.09,41.86,22.11,36.84
2026-03-23,18,5,2026-03-23 10:20:00,5,サンケイスポーツ杯争奪戦,3,4983,前田 篤哉,1,29,52,0,0,0.17,7.13,56.39,72.93,6.25,60,65,36.52,53.04,41.05,55.79
2026-03-23,18,5,2026-03-23 10:20:00,5,サンケイスポーツ杯争奪戦,4,3505,山田 竜一,3,54,52.1,0,0,0.14,5.53,33.63,53.1,0,0,0,38.81,57.99,34.41,49.46
2026-03-23,18,5,2026-03-23 10:20:00,5,サンケイスポーツ杯争奪戦,5,4415,下出 卓矢,2,39,55.8,1,0,0.13,6.38,48.94,61.7,6.6,50,80,22.47,39.33,28.72,50
2026-03-23,18,5,2026-03-23 10:20:00,5,サンケイスポーツ杯争奪戦,6,4323,山田 佑樹,3,39,56.7,0,0,0.16,4.66,30.38,44.3,3.95,22.73,31.82,28.57,45.32,22.58,39.78
2026-03-23,18,6,2026-03-23 10:49:00,5,サンケイスポーツ杯争奪戦,1,4114,深澤 達徳,3,45,52,0,0,0.21,4.48,15.94,44.93,4.44,18.75,37.5,34.74,54.93,30.53,52.63
2026-03-23,18,6,2026-03-23 10:49:00,5,サンケイスポーツ杯争奪戦,2,4314,青木 幸太郎,2,41,51.5,1,0,0.14,5.79,39.82,57.52,6.45,45,70,34.96,51.33,31.58,49.47
2026-03-23,18,6,2026-03-23 10:49:00,5,サンケイスポーツ杯争奪戦,3,3808,秋田 健太郎,3,51,60.6,0,0,0.16,3.76,12.5,26.25,3.4,6.67,33.33,36.49,54.03,27.37,50.53
2026-03-23,18,6,2026-03-23 10:49:00,5,サンケイスポーツ杯争奪戦,4,4945,上村 宏太,3,34,53.1,0,0,0.19,4.61,24.47,42.55,5.5,37.5,50,47.64,66.04,39.8,50
2026-03-23,18,6,2026-03-23 10:49:00,5,サンケイスポーツ杯争奪戦,5,4984,森下 愛梨,2,29,49.5,1,0,0.19,5.54,33.82,54.41,4,17.65,29.41,40.81,55.16,34.04,48.94
2026-03-23,18,6,2026-03-23 10:49:00,5,サンケイスポーツ杯争奪戦,6,4036,金田 諭,1,47,52,0,0,0.16,6.04,44.55,61.39,6.35,45,70,36.97,52.52,37.36,59.34
2026-03-23,18,7,2026-03-23 11:18:00,5,サンケイスポーツ杯争奪戦,1,3990,芹澤 克彦,3,47,52.2,0,0,0.15,4.61,24.71,36.47,0,0,0,34.91,52.83,23.16,36.84
2026-03-23,18,7,2026-03-23 11:18:00,5,サンケイスポーツ杯争奪戦,2,4578,藤山 雅弘,1,36,52,1,0,0.15,5.33,42.03,47.83,5.36,28.57,42.86,36.36,58.37,38.3,60.64
2026-03-23,18,7,2026-03-23 11:18:00,5,サンケイスポーツ杯争奪戦,3,5295,田上 凜,3,23,47,0,0,0.2,4.29,20.59,38.24,3.37,10.53,26.32,33.64,50,36.08,63.92
2026-03-23,18,7,2026-03-23 11:18:00,5,サンケイスポーツ杯争奪戦,4,5177,松井 貫太,3,29,52,0,0,0.2,4.24,20.25,35.44,4.93,35.71,46.43,29.05,48.1,26.88,43.01
2026-03-23,18,7,2026-03-23 11:18:00,5,サンケイスポーツ杯争奪戦,5,4327,加藤 翔,3,42,52.1,0,0,0.18,4.15,20.43,36.56,4.11,15.79,36.84,28.95,43.16,36.96,56.52
2026-03-23,18,7,2026-03-23 11:18:00,5,サンケイスポーツ杯争奪戦,6,4950,高岡 竜也,2,32,52,0,0,0.17,6.65,50,68,5.56,37.5,52.27,27.91,47.67,32.97,49.45
2026-03-23,18,8,2026-03-23 11:51:00,5,サンケイスポーツ杯争奪戦,1,3411,池上 隆行,3,56,51.5,0,0,0.18,3.92,15.29,31.76,3.67,11.11,33.33,47.81,63.6,43.01,55.91
2026-03-23,18,8,2026-03-23 11:51:00,5,サンケイスポーツ杯争奪戦,2,4603,谷川 将太,3,38,52.6,1,0,0.17,4.99,28.7,45.37,5.61,33.33,55.56,35.62,53.65,29.55,52.27
2026-03-23,18,8,2026-03-23 11:51:00,5,サンケイスポーツ杯争奪戦,3,3445,加藤 高史,2,56,52.9,0,0,0.18,5.3,27.59,50.57,0,0,0,33.02,49.53,35.11,46.81
2026-03-23,18,8,2026-03-23 11:51:00,5,サンケイスポーツ杯争奪戦,4,5193,米丸 乃絵,1,24,47,1,0,0.14,6.64,45.45,70.25,6.36,54.55,63.64,44.13,60.09,34.38,46.88
2026-03-23,18,8,2026-03-23 11:51:00,5,サンケイスポーツ杯争奪戦,5,4711,前出 達吉,3,36,51.5,0,0,0.16,5.94,44.44,62.04,5.11,33.33,55.56,29.3,50.7,35.48,53.76
2026-03-23,18,8,2026-03-23 11:51:00,5,サンケイスポーツ杯争奪戦,6,5362,中嶋 世奈,4,19,49.4,1,0,0.18,1.76,0,4.08,0,0,0,34.13,50.48,30.11,41.94
2026-03-23,18,9,2026-03-23 12:25:00,5,サンケイスポーツ杯争奪戦,1,4086,寺本 重宣,2,45,50,0,0,0.14,6.04,43.96,63.74,0,0,0,31.48,50,39.13,56.52
2026-03-23,18,9,2026-03-23 12:25:00,5,サンケイスポーツ杯争奪戦,2,4271,川崎 公靖,3,43,53,0,0,0.16,4.66,27.27,45.45,4.05,22.73,36.36,42.99,55.14,21.88,42.71
2026-03-23,18,9,2026-03-23 12:25:00,5,サンケイスポーツ杯争奪戦,3,4342,谷野 錬志,1,41,52.1,1,0,0.14,6.37,48.51,63.37,6.54,46.15,69.23,31.77,47.4,29.35,38.04
2026-03-23,18,9,2026-03-23 12:25:00,5,サンケイスポーツ杯争奪戦,4,5326,三嶌 さらら,3,22,47.2,0,0,0.17,4.4,22.11,33.68,2.5,0,0,49.77,64.65,31.58,45.26
2026-03-23,18,9,2026-03-23 12:25:00,5,サンケイスポーツ杯争奪戦,5,4325,新出 浩司,3,42,52,1,0,0.14,4.22,13.04,36.23,5.13,31.25,43.75,33.04,53.13,31.46,47.19
2026-03-23,18,9,2026-03-23 12:25:00,5,サンケイスポーツ杯争奪戦,6,3514,山一 鉄也,2,58,52,0,0,0.16,5.74,38.18,52.73,6.83,55.56,61.11,22.09,41.86,22.11,36.84
2026-03-23,18,10,2026-03-23 13:00:00,5,サンケイスポーツ杯争奪戦,1,4943,八木 治樹,3,35,52.8,0,0,0.14,4.09,20.31,34.38,0,0,0,41.31,56.81,41.94,62.37
2026-03-23,18,10,2026-03-23 13:00:00,5,サンケイスポーツ杯争奪戦,2,4036,金田 諭,1,47,52,0,0,0.16,6.04,44.55,61.39,6.35,45,70,36.97,52.52,37.36,59.34
2026-03-23,18,10,2026-03-23 13:00:00,5,サンケイスポーツ杯争奪戦,3,3505,山田 竜一,3,54,52.1,0,0,0.14,5.53,33.63,53.1,0,0,0,38.81,57.99,34.41,49.46
2026-03-23,18,10,2026-03-23 13:00:00,5,サンケイスポーツ杯争奪戦,4,3812,山崎 聖司,3,50,51.5,1,0,0.16,4.2,18.56,42.27,0,0,0,38.73,59.31,30.43,47.83
2026-03-23,18,10,2026-03-23 13:00:00,5,サンケイスポーツ杯争奪戦,5,4773,中川 りな,2,32,49.2,0,0,0.19,5.67,37.9,58.87,5.09,27.27,45.45,32.37,51.69,36.17,54.26
2026-03-23,18,10,2026-03-23 13:00:00,5,サンケイスポーツ杯争奪戦,6,5106,山崎 祥,3,27,51,0,0,0.19,5.64,32.47,54.55,5.22,26.92,51.28,43.84,57.64,30.43,41.3
2026-03-23,18,11,2026-03-23 13:35:00,5,サンケイスポーツ杯争奪戦,1,4327,加藤 翔,3,42,52.1,0,0,0.18,4.15,20.43,36.56,4.11,15.79,36.84,28.95,43.16,36.96,56.52
2026-03-23,18,11,2026-03-23 13:35:00,5,サンケイスポーツ杯争奪戦,2,3878,胡本 悟志,3,48,51.5,0,0,0.18,4.35,22.22,37.04,4.93,35,42.5,44.35,60.43,20.65,33.7
2026-03-23,18,11,2026-03-23 13:35:00,5,サンケイスポーツ杯争奪戦,3,4984,森下 愛梨,2,29,49.5,1,0,0.19,5.54,33.82,54.41,4,17.65,29.41,40.81,55.16,34.04,48.94
2026-03-23,18,11,2026-03-23 13:35:00,5,サンケイスポーツ杯争奪戦,4,3576,白水 勝也,1,53,52,0,0,0.17,6.62,45.99,72.26,6.33,47.5,75,36.41,56.22,31.11,43.33
2026-03-23,18,11,2026-03-23 13:35:00,5,サンケイスポーツ杯争奪戦,5,4189,川上 剛,2,44,53.9,0,0,0.15,6.66,47.55,67.83,6.62,51.72,75.86,30.37,51.31,41.94,62.37
2026-03-23,18,11,2026-03-23 13:35:00,5,サンケイスポーツ杯争奪戦,6,3930,岸本 隆,3,50,55.3,0,0,0.15,5.63,35.24,58.1,6.21,52.63,63.16,33.68,50.78,41.49,53.19
2026-03-23,18,12,2026-03-23 14:14:00,5,サンケイスポーツ杯争奪戦,1,4983,前田 篤哉,1,29,52,0,0,0.17,7.13,56.39,72.93,6.25,60,65,36.52,53.04,41.05,55.79
2026-03-23,18,12,2026-03-23 14:14:00,5,サンケイスポーツ杯争奪戦,2,4313,西村 美智子,4,41,47.8,0,0,0.14,6.27,45.88,63.53,0,0,0,31.44,47.94,23.4,47.87
2026-03-23,18,12,2026-03-23 14:14:00,5,サンケイスポーツ杯争奪戦,3,5018,竹下 大樹,1,27,53.2,0,0,0.16,6.35,46.53,64.58,7.32,64.52,77.42,35.58,49.04,29.35,47.83
2026-03-23,18,12,2026-03-23 14:14:00,5,サンケイスポーツ杯争奪戦,4,4950,高岡 竜也,2,32,52,0,0,0.17,6.65,50,68,5.56,37.5,52.27,27.91,47.67,32.97,49.45
2026-03-23,18,12,2026-03-23 14:14:00,5,サンケイスポーツ杯争奪戦,5,4603,谷川 将太,3,38,52.5,1,0,0.17,4.99,28.7,45.37,5.61,33.33,55.56,35.62,53.65,29.55,52.27
2026-03-23,18,12,2026-03-23 14:14:00,5,サンケイスポーツ杯争奪戦,6,4314,青木 幸太郎,2,41,51.5,1,0,0.14,5.79,39.82,57.52,6.45,45,70,34.96,51.33,31.58,49.47
2026-03-23,19,1,2026-03-23 15:27:00,5,巌流本舗杯,1,4108,吉村 正明,3,46,51.5,0,0,0.15,6.08,44.25,59.29,5.69,41.67,55.56,27.41,42.64,33.18,53.27
2026-03-23,19,1,2026-03-23 15:27:00,5,巌流本舗杯,2,3392,小森 信雄,3,60,52,0,0,0.18,4.58,23.94,40.85,2.11,0,11.11,29.28,47.75,33.65,48.82
2026-03-23,19,1,2026-03-23 15:27:00,5,巌流本舗杯,3,4556,竹井 奈美,1,36,47,1,0,0.15,6.68,51.65,70.33,6.59,52.94,70.59,30,53.18,45.83,62.5
2026-03-23,19,1,2026-03-23 15:27:00,5,巌流本舗杯,4,3696,白井 友晴,3,53,53.1,0,0,0.19,5,23.81,47.62,0,0,0,32.59,51.34,35.98,52.8
2026-03-23,19,1,2026-03-23 15:27:00,5,巌流本舗杯,5,4234,野相 弘司,3,42,55.6,0,0,0.17,5,25.58,47.67,5.44,38.89,55.56,29.56,47.29,35.68,51.17
2026-03-23,19,1,2026-03-23 15:27:00,5,巌流本舗杯,6,5410,今泉 澪,4,20,50,0,0,0.21,1.71,2.67,5.33,0,0,0,32.44,46.22,46.54,65.44
2026-03-23,19,2,2026-03-23 15:54:00,5,巌流本舗杯,1,4876,梅木 敬太,3,31,53.3,0,0,0.18,4.68,30.93,41.24,3.88,12.5,18.75,34.12,54.5,32.42,47.95
2026-03-23,19,2,2026-03-23 15:54:00,5,巌流本舗杯,2,3535,渡 修平,3,53,52,0,0,0.18,3.62,18.84,27.54,4.57,28.57,57.14,33.95,50.7,34.1,57.14
2026-03-23,19,2,2026-03-23 15:54:00,5,巌流本舗杯,3,3523,寳田 亮治,3,57,52,0,0,0.19,4.29,24.29,38.57,4.85,23.4,42.55,38.71,53.92,33.81,52.38
2026-03-23,19,2,2026-03-23 15:54:00,5,巌流本舗杯,4,3546,中里 昌志,3,56,52,0,0,0.19,4.42,18.18,43.18,0,0,0,29.91,47.66,38.07,52.75
2026-03-23,19,2,2026-03-23 15:54:00,5,巌流本舗杯,5,5397,寺田 夢生,4,24,48.3,0,0,0.2,1.25,0,1.39,1.17,0,0,31.28,46.92,29.61,47.57
2026-03-23,19,2,2026-03-23 15:54:00,5,巌流本舗杯,6,4652,酒見 峻介,2,40,52,1,1,0.16,4.68,29.55,43.18,6.71,53.57,75,32.39,49.3,33.8,51.85
2026-03-23,19,3,2026-03-23 16:21:00,5,巌流本舗杯,1,4365,盛本 真輔,3,40,52,0,0,0.17,5.71,42.42,57.58,0,0,0,33.49,49.76,34.74,52.58
2026-03-23,19,3,2026-03-23 16:21:00,5,巌流本舗杯,2,4274,長畑 友輔,3,43,52.1,0,0,0.16,4.42,23.88,44.78,4.87,26.67,53.33,42.18,63.03,30.39,46.57
2026-03-23,19,3,2026-03-23 16:21:00,5,巌流本舗杯,3,4601,森野 正弘,2,41,53.4,0,0,0.14,6.6,49.62,66.17,6.72,47.89,63.38,31.53,55.86,30.28,48.62
2026-03-23,19,3,2026-03-23 16:21:00,5,巌流本舗杯,4,4140,梶野 学志,1,45,52.7,0,0,0.15,5.72,42.22,53.33,4.63,25,37.5,29.94,45.2,34.88,48.37
2026-03-23,19,3,2026-03-23 16:21:00,5,巌流本舗杯,5,4016,西川 新太郎,3,46,55.3,0,0,0.15,5.09,31.65,49.37,0,0,0,40.26,58.87,31.1,46.89
2026-03-23,19,3,2026-03-23 16:21:00,5,巌流本舗杯,6,5360,高木 茉白,3,19,47.4,1,0,0.18,3.4,9.41,27.06,0,0,0,29.91,47.2,35.51,47.2
2026-03-23,19,4,2026-03-23 16:52:00,5,巌流本舗杯,1,4951,新田 洋一,3,32,53.8,0,0,0.14,5.33,31.71,53.66,5.71,33.33,57.14,32.58,46.15,32.08,47.17
2026-03-23,19,4,2026-03-23 16:52:00,5,巌流本舗杯,2,4402,乙藤 智史,2,41,54.4,0,0,0.17,5.32,38.1,52.38,6.03,46.88,59.38,41.44,57.21,44.24,61.75
2026-03-23,19,4,2026-03-23 16:52:00,5,巌流本舗杯,3,4315,山崎 昂介,3,41,52.5,0,0,0.19,4.9,30.12,43.37,4.92,32,44,33.01,48.06,35.98,52.8
2026-03-23,19,4,2026-03-23 16:52:00,5,巌流本舗杯,4,5342,原村 百那,4,24,47.3,0,0,0.19,1.86,1.32,5.26,1.58,1.61,4.84,40.99,54.05,34.56,51.61
2026-03-23,19,4,2026-03-23 16:52:00,5,巌流本舗杯,5,4736,高倉 和士,1,34,52,1,0,0.12,6.59,51.46,62.14,7,56,64,42.99,58.88,36.15,50.23
2026-03-23,19,4,2026-03-23 16:52:00,5,巌流本舗杯,6,5254,羽田 妃希,3,23,47,0,0,0.17,3.9,15.94,28.99,3,0,16.67,29.69,51.09,32.21,49.52
2026-03-23,19,5,2026-03-23 17:22:00,5,巌流本舗杯,1,4017,向井 美鈴,2,46,45.5,0,0,0.17,5.27,32.17,48.7,5.3,33.33,46.97,35.02,52.07,35.07,52.61
2026-03-23,19,5,2026-03-23 17:22:00,5,巌流本舗杯,2,4129,宇野 博之,3,45,54.5,0,0,0.18,4.07,17.05,31.82,4.95,40,50,35.32,48.62,32.09,51.63
2026-03-23,19,5,2026-03-23 17:22:00,5,巌流本舗杯,3,4181,花本 夏樹,3,42,53.4,1,0,0.19,4.26,20.55,38.36,0,0,0,37.5,54.17,31.48,44.91
2026-03-23,19,5,2026-03-23 17:22:00,5,巌流本舗杯,4,4092,岡部 大輔,3,45,52,0,0,0.14,5.28,30.99,52.11,6.38,62.5,75,35.29,53.85,36.36,56.36
2026-03-23,19,5,2026-03-23 17:22:00,5,巌流本舗杯,5,5410,今泉 澪,4,20,50,0,0,0.21,1.71,2.67,5.33,0,0,0,32.44,46.22,46.54,65.44
2026-03-23,19,5,2026-03-23 17:22:00,5,巌流本舗杯,6,3961,谷村 一哉,2,47,53.5,0,0,0.16,6.52,43.55,69.35,7.08,57.78,73.33,33.02,52.09,30.05,48.36
2026-03-23,19,6,2026-03-23 17:51:00,5,巌流本舗杯,1,4697,國弘 翔平,3,39,50,0,0,0.18,4.19,22.47,33.71,5.79,47.37,47.37,36.89,58.22,32.09,52.56
2026-03-23,19,6,2026-03-23 17:51:00,5,巌流本舗杯,2,3523,寳田 亮治,3,57,52,0,0,0.19,4.29,24.29,38.57,4.85,23.4,42.55,38.71,53.92,33.81,52.38
2026-03-23,19,6,2026-03-23 17:51:00,5,巌流本舗杯,3,3833,中辻 博訓,1,51,52.5,0,0,0.13,6.14,45.86,62.41,5.42,42.11,47.37,38.01,56.56,33.49,48.62
2026-03-23,19,6,2026-03-23 17:51:00,5,巌流本舗杯,4,3535,渡 修平,3,53,52,0,0,0.18,3.62,18.84,27.54,4.57,28.57,57.14,33.95,50.7,34.1,57.14
2026-03-23,19,6,2026-03-23 17:51:00,5,巌流本舗杯,5,5391,出穂 和鼓,4,18,54.2,1,0,0.16,1.88,0,2.08,1.77,0,2.33,36.52,53.48,41.4,58.14
2026-03-23,19,6,2026-03-23 17:51:00,5,巌流本舗杯,6,3686,鳥居塚 孝博,2,51,50.5,1,0,0.14,5.67,35.16,56.25,0,0,0,40.83,56.42,35.07,49.76
2026-03-23,19,7,2026-03-23 18:18:00,5,巌流本舗杯,1,4652,酒見 峻介,2,40,52,1,1,0.16,4.68,29.55,43.18,6.71,53.57,75,32.39,49.3,33.8,51.85
2026-03-23,19,7,2026-03-23 18:18:00,5,巌流本舗杯,2,3696,白井 友晴,3,53,53.1,0,0,0.19,5,23.81,47.62,0,0,0,32.59,51.34,35.98,52.8
2026-03-23,19,7,2026-03-23 18:18:00,5,巌流本舗杯,3,3392,小森 信雄,3,60,52,0,0,0.18,4.58,23.94,40.85,2.11,0,11.11,29.28,47.75,33.65,48.82
2026-03-23,19,7,2026-03-23 18:18:00,5,巌流本舗杯,4,4600,井内 将太郎,2,41,52.9,0,0,0.13,6.51,49.06,68.87,5.62,42.86,57.14,31.94,51.85,33.49,52.56
2026-03-23,19,7,2026-03-23 18:18:00,5,巌流本舗杯,5,4532,秋元 哲,1,37,51.5,0,0,0.13,7.12,55.81,69.77,6.18,41.18,58.82,33.64,54.38,42.06,58.41
2026-03-23,19,7,2026-03-23 18:18:00,5,巌流本舗杯,6,5397,寺田 夢生,4,24,48.3,0,0,0.2,1.25,0,1.39,1.17,0,0,31.28,46.92,29.61,47.57
2026-03-23,19,8,2026-03-23 18:46:00,5,巌流本舗杯,1,4601,森野 正弘,2,41,53.4,0,0,0.14,6.6,49.62,66.17,6.72,47.89,63.38,31.53,55.86,30.28,48.62
2026-03-23,19,8,2026-03-23 18:46:00,5,巌流本舗杯,2,3546,中里 昌志,3,56,52,0,0,0.19,4.42,18.18,43.18,0,0,0,29.91,47.66,38.07,52.75
2026-03-23,19,8,2026-03-23 18:46:00,5,巌流本舗杯,3,4016,西川 新太郎,3,46,55.3,0,0,0.15,5.09,31.65,49.37,0,0,0,40.26,58.87,31.1,46.89
2026-03-23,19,8,2026-03-23 18:46:00,5,巌流本舗杯,4,4876,梅木 敬太,3,31,53.3,0,0,0.18,4.68,30.93,41.24,3.88,12.5,18.75,34.12,54.5,32.42,47.95
2026-03-23,19,8,2026-03-23 18:46:00,5,巌流本舗杯,5,4484,稲生 夏季,3,35,49.8,1,0,0.19,5,27.59,48.28,4.89,22.22,38.89,39.34,56.87,33.95,53.02
2026-03-23,19,8,2026-03-23 18:46:00,5,巌流本舗杯,6,4966,田川 大貴,2,28,54.1,1,0,0.14,5.28,38.83,46.6,5.71,29.41,64.71,42.42,55.41,38.25,54.84
2026-03-23,19,9,2026-03-23 19:16:00,5,巌流本舗杯,1,3961,谷村 一哉,2,47,53.5,0,0,0.16,6.52,43.55,69.35,7.08,57.78,73.33,33.02,52.09,30.05,48.36
2026-03-23,19,9,2026-03-23 19:16:00,5,巌流本舗杯,2,4234,野相 弘司,3,42,55.6,0,0,0.17,5,25.58,47.67,5.44,38.89,55.56,29.56,47.29,35.68,51.17
2026-03-23,19,9,2026-03-23 19:16:00,5,巌流本舗杯,3,4274,長畑 友輔,3,43,52.1,0,0,0.16,4.42,23.88,44.78,4.87,26.67,53.33,42.18,63.03,30.39,46.57
2026-03-23,19,9,2026-03-23 19:16:00,5,巌流本舗杯,4,4315,山崎 昂介,3,41,52.5,0,0,0.19,4.9,30.12,43.37,4.92,32,44,33.01,48.06,35.98,52.8
2026-03-23,19,9,2026-03-23 19:16:00,5,巌流本舗杯,5,4129,宇野 博之,3,45,54.5,0,0,0.18,4.07,17.05,31.82,4.95,40,50,35.32,48.62,32.09,51.63
2026-03-23,19,9,2026-03-23 19:16:00,5,巌流本舗杯,6,4556,竹井 奈美,1,36,47,1,0,0.15,6.68,51.65,70.33,6.59,52.94,70.59,30,53.18,45.83,62.5
2026-03-23,19,10,2026-03-23 19:48:00,5,巌流本舗杯,1,4736,高倉 和士,1,34,52,1,0,0.12,6.59,51.46,62.14,7,56,64,42.99,58.88,36.15,50.23
2026-03-23,19,10,2026-03-23 19:48:00,5,巌流本舗杯,2,4140,梶野 学志,1,45,52.7,0,0,0.15,5.72,42.22,53.33,4.63,25,37.5,29.94,45.2,34.88,48.37
2026-03-23,19,10,2026-03-23 19:48:00,5,巌流本舗杯,3,4092,岡部 大輔,3,45,52,0,0,0.14,5.28,30.99,52.11,6.38,62.5,75,35.29,53.85,36.36,56.36
2026-03-23,19,10,2026-03-23 19:48:00,5,巌流本舗杯,4,3833,中辻 博訓,1,51,52.5,0,0,0.13,6.14,45.86,62.41,5.42,42.11,47.37,38.01,56.56,33.49,48.62
2026-03-23,19,10,2026-03-23 19:48:00,5,巌流本舗杯,5,4365,盛本 真輔,3,40,52,0,0,0.17,5.71,42.42,57.58,0,0,0,33.49,49.76,34.74,52.58
2026-03-23,19,10,2026-03-23 19:48:00,5,巌流本舗杯,6,4402,乙藤 智史,2,41,54.4,0,0,0.17,5.32,38.1,52.38,6.03,46.88,59.38,41.44,57.21,44.24,61.75
2026-03-23,19,11,2026-03-23 20:16:00,5,巌流本舗杯,1,4600,井内 将太郎,2,41,52.9,0,0,0.13,6.51,49.06,68.87,5.62,42.86,57.14,31.94,51.85,33.49,52.56
2026-03-23,19,11,2026-03-23 20:16:00,5,巌流本舗杯,2,4532,秋元 哲,1,37,51.5,0,0,0.13,7.12,55.81,69.77,6.18,41.18,58.82,33.64,54.38,42.06,58.41
2026-03-23,19,11,2026-03-23 20:16:00,5,巌流本舗杯,3,4697,國弘 翔平,3,39,50,0,0,0.18,4.19,22.47,33.71,5.79,47.37,47.37,36.89,58.22,32.09,52.56
2026-03-23,19,11,2026-03-23 20:16:00,5,巌流本舗杯,4,4951,新田 洋一,3,32,53.8,0,0,0.14,5.33,31.71,53.66,5.71,33.33,57.14,32.58,46.15,32.08,47.17
2026-03-23,19,11,2026-03-23 20:16:00,5,巌流本舗杯,5,4017,向井 美鈴,2,46,45.5,0,0,0.17,5.27,32.17,48.7,5.3,33.33,46.97,35.02,52.07,35.07,52.61
2026-03-23,19,11,2026-03-23 20:16:00,5,巌流本舗杯,6,4108,吉村 正明,3,46,51.5,0,0,0.15,6.08,44.25,59.29,5.69,41.67,55.56,27.41,42.64,33.18,53.27
2026-03-23,19,12,2026-03-23 20:45:00,5,巌流本舗杯,1,3942,寺田 祥,1,47,54.3,0,0,0.15,6.83,48.18,65.45,7.62,60.38,76.42,31.75,45.97,41.2,56.94
2026-03-23,19,12,2026-03-23 20:45:00,5,巌流本舗杯,2,4545,岡村 慶太,1,38,53.1,0,0,0.14,6.73,48.78,70.73,5.27,36.36,54.55,50.23,69.3,38.46,57.92
2026-03-23,19,12,2026-03-23 20:45:00,5,巌流本舗杯,3,4785,木幡 純也,3,38,52,0,0,0.18,4.89,27.71,46.99,3.3,10,10,39.74,55.02,29.06,46.31
2026-03-23,19,12,2026-03-23 20:45:00,5,巌流本舗杯,4,3251,平石 和男,2,59,51,0,0,0.19,5.41,35.29,51.47,5.91,43.48,47.83,35.43,54.26,38.07,52.29
2026-03-23,19,12,2026-03-23 20:45:00,5,巌流本舗杯,5,3448,高山 秀雄,3,56,52.1,0,0,0.19,4.15,17.81,38.36,4.38,8.33,37.5,40.69,56.86,33.79,55.71
2026-03-23,19,12,2026-03-23 20:45:00,5,巌流本舗杯,6,4797,中山 将,2,34,54.3,0,0,0.15,6.45,50,65.48,5.7,36.67,46.67,34.26,49.54,36.89,54.37
2026-03-23,20,1,2026-03-23 15:20:00,5,サンケイスポーツ杯,1,4332,村上 彰一,3,42,55,0,0,0.19,4.34,19.74,43.42,4.58,33.33,45.83,37.14,44.29,29.41,45.88
2026-03-23,20,1,2026-03-23 15:20:00,5,サンケイスポーツ杯,2,4177,萬 正嗣,3,43,54.9,0,0,0.17,4.64,27.87,45.9,5.86,57.14,57.14,46.58,67.12,27.65,44.71
2026-03-23,20,1,2026-03-23 15:20:00,5,サンケイスポーツ杯,3,4890,石川 諒,3,37,52.2,0,0,0.13,5.67,35.56,60,4.6,20,40,20.34,32.2,28.24,44.71
2026-03-23,20,1,2026-03-23 15:20:00,5,サンケイスポーツ杯,4,3305,小野 信樹,3,58,52.7,0,0,0.17,4.28,28.21,37.18,3.66,14.63,26.83,40.98,55.74,30.64,44.51
2026-03-23,20,1,2026-03-23 15:20:00,5,サンケイスポーツ杯,5,5153,佐藤 ほのか,3,29,47.5,0,0,0.17,4.3,24.69,35.8,3,11.11,22.22,31.94,44.44,34.13,49.7
2026-03-23,20,1,2026-03-23 15:20:00,5,サンケイスポーツ杯,6,5372,上岡 巧汰,4,23,52,0,0,0.17,2.09,1.89,5.66,1.6,0,5,30.16,38.1,32.94,48.24
2026-03-23,20,2,2026-03-23 15:46:00,5,サンケイスポーツ杯,1,5154,村松 栄太,3,29,52.2,0,0,0.19,4.55,20.62,40.21,5,23.08,46.15,30.43,39.13,38.95,52.91
2026-03-23,20,2,2026-03-23 15:46:00,5,サンケイスポーツ杯,2,4557,松尾 光広,3,36,55.9,1,0,0.17,4.35,20.99,39.51,0,0,0,36.51,53.97,40.85,55.49
2026-03-23,20,2,2026-03-23 15:46:00,5,サンケイスポーツ杯,3,5128,坪井 爽佑,3,29,52.1,1,0,0.18,4.45,27.27,45.45,0,0,0,21.43,34.29,25.97,42.54
2026-03-23,20,2,2026-03-23 15:46:00,5,サンケイスポーツ杯,4,3989,熊本 英一,3,47,56.2,0,0,0.22,3.87,16.9,30.99,4.43,19.05,38.1,32.31,52.31,42.05,58.52
2026-03-23,20,2,2026-03-23 15:46:00,5,サンケイスポーツ杯,5,5013,山下 夏鈴,3,28,44.5,0,0,0.17,5.51,39.32,52.99,4.44,22.22,44.44,25.71,44.29,29.14,48
2026-03-23,20,2,2026-03-23 15:46:00,5,サンケイスポーツ杯,6,5370,日隈 茜,4,24,48.1,1,0,0.18,1.19,0,0,1.04,0,0,40.28,52.78,37.79,52.33
2026-03-23,20,3,2026-03-23 16:13:00,5,サンケイスポーツ杯,1,4200,早川 尚人,3,43,55,0,0,0.17,4.19,23,33,4.94,23.53,41.18,30.16,46.03,33.53,52.94
2026-03-23,20,3,2026-03-23 16:13:00,5,サンケイスポーツ杯,2,5155,内山 七海,3,29,45,0,0,0.16,5.73,41.25,61.25,4,16.67,41.67,46.03,66.67,30.72,52.41
2026-03-23,20,3,2026-03-23 16:13:00,5,サンケイスポーツ杯,3,4154,森安 弘雅,3,45,53.6,1,0,0.17,4.92,28.92,48.19,5.89,40.74,66.67,26.23,44.26,44.12,55.88
2026-03-23,20,3,2026-03-23 16:13:00,5,サンケイスポーツ杯,4,3680,森林 太,3,52,54.2,0,0,0.19,4.59,26.44,37.93,4.85,25.64,48.72,27.69,36.92,34.57,54.32
2026-03-23,20,3,2026-03-23 16:13:00,5,サンケイスポーツ杯,5,4112,大久保 信一郎,3,45,52,0,0,0.18,6.08,43.68,64.37,4.56,25,56.25,32.35,38.24,40.11,54.4
2026-03-23,20,3,2026-03-23 16:13:00,5,サンケイスポーツ杯,6,3820,樫葉 次郎,3,53,60.7,0,0,0.17,3.17,10.94,18.75,3.48,9.09,24.24,32.89,51.32,35.47,52.91
2026-03-23,20,4,2026-03-23 16:42:00,5,サンケイスポーツ杯,1,4506,稗田 聖也,3,37,52.7,0,0,0.14,6.89,56.84,73.68,5,42.31,46.15,31.43,44.29,31.67,49.44
2026-03-23,20,4,2026-03-23 16:42:00,5,サンケイスポーツ杯,2,3995,重野 哲之,1,46,52.2,0,0,0.12,6.34,42.42,65.66,6.23,38.46,69.23,24.62,38.46,21.62,41.22
2026-03-23,20,4,2026-03-23 16:42:00,5,サンケイスポーツ杯,3,4813,宮内 直哉,3,36,52,0,0,0.18,3.65,16.67,26.19,0,0,0,21.67,51.67,34.08,53.07
2026-03-23,20,4,2026-03-23 16:42:00,5,サンケイスポーツ杯,4,5365,石村 日奈那,3,24,47,0,0,0.21,2.1,3.33,8.33,0,0,0,20.75,41.51,34.13,53.89
2026-03-23,20,4,2026-03-23 16:42:00,5,サンケイスポーツ杯,5,5074,大澤 誠也,3,30,55.4,1,0,0.17,4.62,26.6,41.49,0,0,0,30.43,52.17,35.87,50.54
2026-03-23,20,4,2026-03-23 16:42:00,5,サンケイスポーツ杯,6,5291,三嶌 こころ,3,24,50.2,1,0,0.19,3.49,12.66,26.58,1.22,0,0,29.41,50,35.63,49.43
2026-03-23,20,5,2026-03-23 17:08:00,5,サンケイスポーツ杯,1,4052,興津 藍,2,44,50.5,0,0,0.16,6.12,42.4,60.8,9.5,100,100,32.31,50.77,33.89,51.11
2026-03-23,20,5,2026-03-23 17:08:00,5,サンケイスポーツ杯,2,3888,山本 英志,2,51,50.5,0,0,0.15,5.51,36.79,51.89,5.75,50,50,55,73.33,35.47,54.65
2026-03-23,20,5,2026-03-23 17:08:00,5,サンケイスポーツ杯,3,4068,幸田 智裕,3,45,53.2,0,0,0.16,4.51,16.46,46.84,0,0,0,35.14,58.11,34.95,53.76
2026-03-23,20,5,2026-03-23 17:08:00,5,サンケイスポーツ杯,4,4079,出畑 孝典,2,47,52,1,0,0.16,5.67,37.5,58.33,6.27,51.22,65.85,25.37,41.79,37.79,56.4
2026-03-23,20,5,2026-03-23 17:08:00,5,サンケイスポーツ杯,5,4332,村上 彰一,3,42,55,0,0,0.19,4.34,19.74,43.42,4.58,33.33,45.83,37.14,44.29,29.41,45.88
2026-03-23,20,5,2026-03-23 17:08:00,5,サンケイスポーツ杯,6,5442,池田 美優,4,19,46.5,1,0,,1.21,0,0,0,0,0,35.62,50.68,35.06,53.45
2026-03-23,20,6,2026-03-23 17:37:00,5,サンケイスポーツ杯,1,5256,中山 翔太,1,22,52.1,1,0,0.13,7.23,56.44,74.26,6.55,54.55,72.73,25.37,41.79,34.29,49.14
2026-03-23,20,6,2026-03-23 17:37:00,5,サンケイスポーツ杯,2,4173,岡谷 健吾,3,43,55.4,0,0,0.18,4.57,29.47,43.16,4.89,22.22,55.56,29.69,50,37.06,52.94
2026-03-23,20,6,2026-03-23 17:37:00,5,サンケイスポーツ杯,3,5154,村松 栄太,3,29,52.2,0,0,0.19,4.55,20.62,40.21,5,23.08,46.15,30.43,39.13,38.95,52.91
2026-03-23,20,6,2026-03-23 17:37:00,5,サンケイスポーツ杯,4,3631,田添 康介,3,56,56.3,0,1,0.15,3.21,4.17,25,4.13,17.39,26.09,35.62,56.16,26.82,43.58
2026-03-23,20,6,2026-03-23 17:37:00,5,サンケイスポーツ杯,5,4817,渡邉 翼,2,34,50,0,0,0.13,5.99,42.55,61.7,3.79,7.14,35.71,29.51,44.26,33.72,50.58
2026-03-23,20,6,2026-03-23 17:37:00,5,サンケイスポーツ杯,6,5128,坪井 爽佑,3,29,52.1,1,0,0.18,4.45,27.27,45.45,0,0,0,21.43,34.29,25.97,42.54
2026-03-23,20,7,2026-03-23 18:04:00,5,サンケイスポーツ杯,1,4561,藤山 翔大,2,35,52,0,0,0.19,6.1,48.45,59.79,7,57.14,71.43,39.71,54.41,27.44,42.68
2026-03-23,20,7,2026-03-23 18:04:00,5,サンケイスポーツ杯,2,5067,山田 真聖,3,27,58.5,0,0,0.14,4.93,28.57,45.24,2,0,0,44.93,65.22,32.94,52.94
2026-03-23,20,7,2026-03-23 18:04:00,5,サンケイスポーツ杯,3,4112,大久保 信一郎,3,45,52,0,0,0.18,6.08,43.68,64.37,4.56,25,56.25,32.35,38.24,40.11,54.4
2026-03-23,20,7,2026-03-23 18:04:00,5,サンケイスポーツ杯,4,5013,山下 夏鈴,3,28,44.5,0,0,0.17,5.51,39.32,52.99,4.44,22.22,44.44,25.71,44.29,29.14,48
2026-03-23,20,7,2026-03-23 18:04:00,5,サンケイスポーツ杯,5,5372,上岡 巧汰,4,23,52,0,0,0.17,2.09,1.89,5.66,1.6,0,5,30.16,38.1,32.94,48.24
2026-03-23,20,7,2026-03-23 18:04:00,5,サンケイスポーツ杯,6,5058,前原 大道,1,29,52,1,0,0.14,7.36,55.24,78.1,6.56,51.85,74.07,33.8,50.7,27.27,43.03
2026-03-23,20,8,2026-03-23 18:32:00,5,サンケイスポーツ杯,1,4298,宮下 元胤,1,43,52.1,0,0,0.17,6.37,45,69,6.87,60.87,73.91,26.39,38.89,28.18,44.75
2026-03-23,20,8,2026-03-23 18:32:00,5,サンケイスポーツ杯,2,3989,熊本 英一,3,47,56.2,0,0,0.22,3.87,16.9,30.99,4.43,19.05,38.1,32.31,52.31,42.05,58.52
2026-03-23,20,8,2026-03-23 18:32:00,5,サンケイスポーツ杯,3,5074,大澤 誠也,3,30,55.4,1,0,0.17,4.62,26.6,41.49,0,0,0,30.43,52.17,35.87,50.54
2026-03-23,20,8,2026-03-23 18:32:00,5,サンケイスポーツ杯,4,5153,佐藤 ほのか,3,29,47.5,0,0,0.17,4.3,24.69,35.8,3,11.11,22.22,31.94,44.44,34.13,49.7
2026-03-23,20,8,2026-03-23 18:32:00,5,サンケイスポーツ杯,5,4557,松尾 光広,3,36,55.9,1,0,0.17,4.35,20.99,39.51,0,0,0,36.51,53.97,40.85,55.49
2026-03-23,20,8,2026-03-23 18:32:00,5,サンケイスポーツ杯,6,5365,石村 日奈那,3,24,47,0,0,0.21,2.1,3.33,8.33,0,0,0,20.75,41.51,34.13,53.89
2026-03-23,20,9,2026-03-23 19:02:00,5,サンケイスポーツ杯,1,4015,前野 竜一,2,46,57.6,0,0,0.16,6.3,43.22,65.25,5,20,45,33.82,55.88,25.58,40.7
2026-03-23,20,9,2026-03-23 19:02:00,5,サンケイスポーツ杯,2,4813,宮内 直哉,3,36,52,0,0,0.18,3.65,16.67,26.19,0,0,0,21.67,51.67,34.08,53.07
2026-03-23,20,9,2026-03-23 19:02:00,5,サンケイスポーツ杯,3,4177,萬 正嗣,3,43,54.9,0,0,0.17,4.64,27.87,45.9,5.86,57.14,57.14,46.58,67.12,27.65,44.71
2026-03-23,20,9,2026-03-23 19:02:00,5,サンケイスポーツ杯,4,5291,三嶌 こころ,3,24,50.2,1,0,0.19,3.49,12.66,26.58,1.22,0,0,29.41,50,35.63,49.43
2026-03-23,20,9,2026-03-23 19:02:00,5,サンケイスポーツ杯,5,4154,森安 弘雅,3,45,53.6,1,0,0.17,4.92,28.92,48.19,5.89,40.74,66.67,26.23,44.26,44.12,55.88
2026-03-23,20,9,2026-03-23 19:02:00,5,サンケイスポーツ杯,6,5155,内山 七海,3,29,45,0,0,0.16,5.73,41.25,61.25,4,16.67,41.67,46.03,66.67,30.72,52.41
2026-03-23,20,10,2026-03-23 19:32:00,5,サンケイスポーツ杯,1,4817,渡邉 翼,2,34,50,0,0,0.13,5.99,42.55,61.7,3.79,7.14,35.71,29.51,44.26,33.72,50.58
2026-03-23,20,10,2026-03-23 19:32:00,5,サンケイスポーツ杯,2,4052,興津 藍,2,44,50.5,0,0,0.16,6.12,42.4,60.8,9.5,100,100,32.31,50.77,33.89,51.11
2026-03-23,20,10,2026-03-23 19:32:00,5,サンケイスポーツ杯,3,3680,森林 太,3,52,54.2,0,0,0.19,4.59,26.44,37.93,4.85,25.64,48.72,27.69,36.92,34.57,54.32
2026-03-23,20,10,2026-03-23 19:32:00,5,サンケイスポーツ杯,4,3995,重野 哲之,1,46,52.2,0,0,0.12,6.34,42.42,65.66,6.23,38.46,69.23,24.62,38.46,21.62,41.22
2026-03-23,20,10,2026-03-23 19:32:00,5,サンケイスポーツ杯,5,4200,早川 尚人,3,43,55,0,0,0.17,4.19,23,33,4.94,23.53,41.18,30.16,46.03,33.53,52.94
2026-03-23,20,10,2026-03-23 19:32:00,5,サンケイスポーツ杯,6,5256,中山 翔太,1,22,52.1,1,0,0.13,7.23,56.44,74.26,6.55,54.55,72.73,25.37,41.79,34.29,49.14
2026-03-23,20,11,2026-03-23 20:04:00,5,サンケイスポーツ杯,1,5058,前原 大道,1,29,52,1,0,0.14,7.36,55.24,78.1,6.56,51.85,74.07,33.8,50.7,27.27,43.03
2026-03-23,20,11,2026-03-23 20:04:00,5,サンケイスポーツ杯,2,4561,藤山 翔大,2,35,52,0,0,0.19,6.1,48.45,59.79,7,57.14,71.43,39.71,54.41,27.44,42.68
2026-03-23,20,11,2026-03-23 20:04:00,5,サンケイスポーツ杯,3,4298,宮下 元胤,1,43,52.1,0,0,0.17,6.37,45,69,6.87,60.87,73.91,26.39,38.89,28.18,44.75
2026-03-23,20,11,2026-03-23 20:04:00,5,サンケイスポーツ杯,4,4173,岡谷 健吾,3,43,55.4,0,0,0.18,4.57,29.47,43.16,4.89,22.22,55.56,29.69,50,37.06,52.94
2026-03-23,20,11,2026-03-23 20:04:00,5,サンケイスポーツ杯,5,3888,山本 英志,2,51,50.5,0,0,0.15,5.51,36.79,51.89,5.75,50,50,55,73.33,35.47,54.65
2026-03-23,20,11,2026-03-23 20:04:00,5,サンケイスポーツ杯,6,4506,稗田 聖也,3,37,52.7,0,0,0.14,6.89,56.84,73.68,5,42.31,46.15,31.43,44.29,31.67,49.44
2026-03-23,20,12,2026-03-23 20:35:00,5,サンケイスポーツ杯,1,4397,西村 拓也,1,39,52,0,0,0.14,6.51,40.83,56.67,8.11,66.67,88.89,35.14,52.7,23.81,37.5
2026-03-23,20,12,2026-03-23 20:35:00,5,サンケイスポーツ杯,2,4852,川原 祐明,1,31,52,0,0,0.15,7.31,56.3,78.15,0,0,0,36.36,53.03,45.56,68.64
2026-03-23,20,12,2026-03-23 20:35:00,5,サンケイスポーツ杯,3,5218,山田 理央,2,25,47,0,0,0.15,6.08,41.75,61.17,5.88,37.5,62.5,38.46,52.31,24.86,42.94
2026-03-23,20,12,2026-03-23 20:35:00,5,サンケイスポーツ杯,4,4787,椎名 豊,1,37,52.2,1,0,0.13,6.85,48.42,65.26,8,71.43,85.71,40,54.29,38.24,55.29
2026-03-23,20,12,2026-03-23 20:35:00,5,サンケイスポーツ杯,5,4302,西野 翔太,2,42,52.3,0,0,0.13,6.87,59.5,71.07,6.24,52,64,32.84,56.72,37.64,53.37
2026-03-23,20,12,2026-03-23 20:35:00,5,サンケイスポーツ杯,6,3826,村田 修次,2,52,52,1,0,0.15,5.89,35.37,59.76,6.56,43.75,68.75,32.31,52.31,33.52,54.55
2026-03-23,22,1,2026-03-23 12:04:00,5,九州プロレス杯,1,4256,渡辺 浩司,1,42,52.2,0,0,0.13,7,51.43,73.33,7.29,57.14,75.63,33.33,61.9,11.11,44.44
2026-03-23,22,1,2026-03-23 12:04:00,5,九州プロレス杯,2,3539,金子 順一,3,58,52.3,0,0,0.18,3.38,13.68,25.26,3.03,6.06,12.12,60,76,35,50
2026-03-23,22,1,2026-03-23 12:04:00,5,九州プロレス杯,3,4035,杉江 浩明,3,47,51.5,0,0,0.2,4.23,24.24,35.35,3.8,0,40,45.45,77.27,39.13,60.87
2026-03-23,22,1,2026-03-23 12:04:00,5,九州プロレス杯,4,3467,森 弘行,3,57,52.9,0,0,0.17,3.45,12,28,4.6,15,50,23.53,41.18,50,57.14
2026-03-23,22,1,2026-03-23 12:04:00,5,九州プロレス杯,5,3825,宮嵜 隆太郎,3,52,59.9,0,0,0.13,3.37,16.44,21.92,3.86,13.79,31.03,18.75,25,10,20
2026-03-23,22,1,2026-03-23 12:04:00,5,九州プロレス杯,6,5406,小畑 楓夏,4,21,52.2,0,0,0.24,1.33,0,2.99,1.11,0,0,21.05,31.58,31.58,42.11
2026-03-23,22,2,2026-03-23 12:33:00,5,九州プロレス杯,1,4045,佐々木 裕美,3,46,48,0,0,0.16,4.33,26.32,36.84,6,54.55,54.55,11.11,27.78,70,80
2026-03-23,22,2,2026-03-23 12:33:00,5,九州プロレス杯,2,3581,加木 郁,3,53,52.4,0,0,0.19,4.19,15.66,33.73,5.09,25,50,47.62,61.9,66.67,66.67
2026-03-23,22,2,2026-03-23 12:33:00,5,九州プロレス杯,3,5286,坂井 滉哉,3,26,51.5,0,0,0.15,4.31,25.97,37.66,4.1,18,34,22.22,38.89,46.15,61.54
2026-03-23,22,2,2026-03-23 12:33:00,5,九州プロレス杯,4,4551,三川 昂暁,2,37,53.3,1,0,0.18,6.11,41.75,66.99,6.83,49.28,76.81,42.11,47.37,45,65
2026-03-23,22,2,2026-03-23 12:33:00,5,九州プロレス杯,5,5019,柴田 百恵,2,26,45,1,0,0.16,4.94,31.4,46.51,0,0,0,35,55,27.27,54.55
2026-03-23,22,2,2026-03-23 12:33:00,5,九州プロレス杯,6,4735,角山 雄哉,3,35,54.3,0,0,0.15,4.94,33.71,43.82,4.11,22.22,33.33,45.45,77.27,36.36,59.09
2026-03-23,22,3,2026-03-23 13:02:00,5,九州プロレス杯,1,3233,小畑 実成,3,59,53.9,0,0,0.17,4.63,22.22,43.43,0,0,0,28.57,52.38,58.33,75
2026-03-23,22,3,2026-03-23 13:02:00,5,九州プロレス杯,2,3072,西田 靖,3,64,53.1,1,0,0.15,4.47,28.77,42.47,4.11,21.43,39.29,16.67,22.22,30.43,47.83
2026-03-23,22,3,2026-03-23 13:02:00,5,九州プロレス杯,3,4351,里岡 右貴,1,40,52,0,0,0.14,6.98,54.29,71.43,6.94,53.16,69.62,26.32,36.84,5.88,17.65
2026-03-23,22,3,2026-03-23 13:02:00,5,九州プロレス杯,4,3432,宮迫 暢彦,3,57,52.9,1,0,0.16,4.64,32.1,46.91,8,75,100,31.58,68.42,63.64,77.27
2026-03-23,22,3,2026-03-23 13:02:00,5,九州プロレス杯,5,4879,山崎 鉄平,3,31,52,1,0,0.16,4.83,32.56,40.7,4.93,31.03,44.83,10,35,30,50
2026-03-23,22,3,2026-03-23 13:02:00,5,九州プロレス杯,6,5416,龍田 真白,4,20,46.5,0,0,0.19,3.05,14.52,17.74,0,0,0,23.53,41.18,22.22,38.89
2026-03-23,22,4,2026-03-23 13:30:00,5,九州プロレス杯,1,3685,荒井 輝年,3,52,56.4,0,0,0.16,5.51,38.37,53.49,5.82,36.36,59.09,31.58,42.11,10,30
2026-03-23,22,4,2026-03-23 13:30:00,5,九州プロレス杯,2,4804,高田 ひかる,1,31,46,1,0,0.17,6.73,51.33,67.26,0,0,0,11.11,22.22,40.91,59.09
2026-03-23,22,4,2026-03-23 13:30:00,5,九州プロレス杯,3,3617,竹田 広樹,3,52,52.6,0,0,0.18,4.12,26.88,34.41,4.03,22.22,30.56,57.89,57.89,16.67,22.22
2026-03-23,22,4,2026-03-23 13:30:00,5,九州プロレス杯,4,5083,柳瀬 幹太,3,27,53.5,1,0,0.15,4.75,27.5,46.25,4.33,22.22,33.33,5.88,11.76,25,56.25
2026-03-23,22,4,2026-03-23 13:30:00,5,九州プロレス杯,5,4790,柳内 敬太,2,36,52,0,0,0.16,6.2,47.66,59.81,6.5,50,65,28.57,47.62,30,50
2026-03-23,22,4,2026-03-23 13:30:00,5,九州プロレス杯,6,4356,長岡 良也,1,42,52,2,0,0.15,6.03,44.44,59.6,6.5,45.45,63.64,40,65,30,45
2026-03-23,22,5,2026-03-23 13:57:00,5,九州プロレス杯,1,4220,深川 和仁,3,44,53.5,0,0,0.17,4.87,28.57,42.86,4.06,18.75,25,54.55,72.73,47.62,80.95
2026-03-23,22,5,2026-03-23 13:57:00,5,九州プロレス杯,2,4919,吉田 翔悟,3,35,52.1,1,0,0.14,3.89,15.09,37.74,5,28.57,57.14,38.1,47.62,20,40
2026-03-23,22,5,2026-03-23 13:57:00,5,九州プロレス杯,3,4475,末永 祐輝,2,38,52.8,0,0,0.15,6.51,47.22,72.22,6.33,46.67,53.33,27.78,50,57.14,71.43
2026-03-23,22,5,2026-03-23 13:57:00,5,九州プロレス杯,4,4889,後藤 盛也,3,37,52,0,0,0.15,5.13,38.71,48.39,0,0,0,35.29,41.18,0,11.11
2026-03-23,22,5,2026-03-23 13:57:00,5,九州プロレス杯,5,5406,小畑 楓夏,4,21,52.2,0,0,0.24,1.33,0,2.99,1.11,0,0,21.05,31.58,31.58,42.11
2026-03-23,22,5,2026-03-23 13:57:00,5,九州プロレス杯,6,4357,田中 和也,1,41,52.8,0,0,0.16,6.89,54.39,70.18,6.2,36,68,26.32,42.11,13.33,40
2026-03-23,22,6,2026-03-23 14:25:00,5,九州プロレス杯,1,3825,宮嵜 隆太郎,3,52,59.9,0,0,0.13,3.37,16.44,21.92,3.86,13.79,31.03,18.75,25,10,20
2026-03-23,22,6,2026-03-23 14:25:00,5,九州プロレス杯,2,3710,吉永 泰弘,3,51,56.7,0,0,0.17,4.47,25.56,37.78,4.25,15,40,58.33,58.33,31.25,56.25
2026-03-23,22,6,2026-03-23 14:25:00,5,九州プロレス杯,3,4516,野口 勝弘,2,39,50.5,0,0,0.16,6.11,41.48,65.19,5.55,36.36,63.64,21.05,42.11,47.37,57.89
2026-03-23,22,6,2026-03-23 14:25:00,5,九州プロレス杯,4,3581,加木 郁,3,53,52.4,0,0,0.19,4.19,15.66,33.73,5.09,25,50,47.62,61.9,66.67,66.67
2026-03-23,22,6,2026-03-23 14:25:00,5,九州プロレス杯,5,4241,大串 重幸,2,41,52.4,0,0,0.15,5.51,37.61,58.72,6.14,47.62,66.67,40,60,52.63,68.42
2026-03-23,22,6,2026-03-23 14:25:00,5,九州プロレス杯,6,4965,福岡 泉水,3,28,51.1,1,0,0.19,4.81,27.4,45.21,0,0,0,26.67,46.67,0,0
2026-03-23,22,7,2026-03-23 14:54:00,5,九州プロレス杯,1,4006,小野 勇作,3,47,52,0,0,0.17,5.04,36.26,50.55,6,44.44,66.67,26.32,52.63,26.32,42.11
2026-03-23,22,7,2026-03-23 14:54:00,5,九州プロレス杯,2,3432,宮迫 暢彦,3,57,52.9,1,0,0.16,4.64,32.1,46.91,8,75,100,31.58,68.42,63.64,77.27
2026-03-23,22,7,2026-03-23 14:54:00,5,九州プロレス杯,3,3912,川原 正明,2,52,52,1,0,0.14,5.32,33.68,45.26,0,0,0,38.1,52.38,18.18,27.27
2026-03-23,22,7,2026-03-23 14:54:00,5,九州プロレス杯,4,4035,杉江 浩明,3,47,51.5,0,0,0.2,4.23,24.24,35.35,3.8,0,40,45.45,77.27,39.13,60.87
2026-03-23,22,7,2026-03-23 14:54:00,5,九州プロレス杯,5,4045,佐々木 裕美,3,46,48,0,0,0.16,4.33,26.32,36.84,6,54.55,54.55,11.11,27.78,70,80
2026-03-23,22,7,2026-03-23 14:54:00,5,九州プロレス杯,6,3783,瓜生 正義,1,50,52.4,0,0,0.15,6.4,33.94,55.05,7.37,55.26,73.68,11.76,11.76,27.27,54.55
2026-03-23,22,8,2026-03-23 15:25:00,5,九州プロレス杯,1,4289,落合 直子,2,41,47,0,0,0.14,5.77,38.46,60,6.44,33.33,66.67,42.86,57.14,50,63.64
2026-03-23,22,8,2026-03-23 15:25:00,5,九州プロレス杯,2,5019,柴田 百恵,2,26,45,1,0,0.16,4.94,31.4,46.51,0,0,0,35,55,27.27,54.55
2026-03-23,22,8,2026-03-23 15:25:00,5,九州プロレス杯,3,3072,西田 靖,3,64,53.1,1,0,0.15,4.47,28.77,42.47,4.11,21.43,39.29,16.67,22.22,30.43,47.83
2026-03-23,22,8,2026-03-23 15:25:00,5,九州プロレス杯,4,3617,竹田 広樹,3,52,52.6,0,0,0.18,4.12,26.88,34.41,4.03,22.22,30.56,57.89,57.89,16.67,22.22
2026-03-23,22,8,2026-03-23 15:25:00,5,九州プロレス杯,5,3539,金子 順一,3,58,52.3,0,0,0.18,3.38,13.68,25.26,3.03,6.06,12.12,60,76,35,50
2026-03-23,22,8,2026-03-23 15:25:00,5,九州プロレス杯,6,4297,山田 哲也,1,43,52,0,0,0.12,6.53,50.83,64.17,0,0,0,30,40,18.18,18.18
2026-03-23,22,9,2026-03-23 15:52:00,5,九州プロレス杯,1,4142,平野 和明,2,45,52.6,0,0,0.17,5.4,28.89,57.78,4.76,23.91,45.65,45,50,22.22,33.33
2026-03-23,22,9,2026-03-23 15:52:00,5,九州プロレス杯,2,4790,柳内 敬太,2,36,52,0,0,0.16,6.2,47.66,59.81,6.5,50,65,28.57,47.62,30,50
2026-03-23,22,9,2026-03-23 15:52:00,5,九州プロレス杯,3,4256,渡辺 浩司,1,42,52.2,0,0,0.13,7,51.43,73.33,7.29,57.14,75.63,33.33,61.9,11.11,44.44
2026-03-23,22,9,2026-03-23 15:52:00,5,九州プロレス杯,4,5127,沼田 大都,3,29,51,1,0,0.2,4.55,22.67,46.67,4.05,15,35,40,50,40,65
2026-03-23,22,9,2026-03-23 15:52:00,5,九州プロレス杯,5,4995,田邉 亮蔵,3,34,54.3,0,0,0.18,4.81,25.26,44.21,5.4,40,60,19.05,52.38,33.33,50
2026-03-23,22,9,2026-03-23 15:52:00,5,九州プロレス杯,6,5286,坂井 滉哉,3,26,51.5,0,0,0.15,4.31,25.97,37.66,4.1,18,34,22.22,38.89,46.15,61.54
2026-03-23,22,10,2026-03-23 16:25:00,5,九州プロレス杯,1,4413,水摩 敦,2,39,52,0,0,0.18,5.99,39.55,62.69,6.69,54.17,66.67,20,40,45.45,81.82
2026-03-23,22,10,2026-03-23 16:25:00,5,九州プロレス杯,2,4357,田中 和也,1,41,52.8,0,0,0.16,6.89,54.39,70.18,6.2,36,68,26.32,42.11,13.33,40
2026-03-23,22,10,2026-03-23 16:25:00,5,九州プロレス杯,3,4735,角山 雄哉,3,35,54.3,0,0,0.15,4.94,33.71,43.82,4.11,22.22,33.33,45.45,77.27,36.36,59.09
2026-03-23,22,10,2026-03-23 16:25:00,5,九州プロレス杯,4,3233,小畑 実成,3,59,53.9,0,0,0.17,4.63,22.22,43.43,0,0,0,28.57,52.38,58.33,75
2026-03-23,22,10,2026-03-23 16:25:00,5,九州プロレス杯,5,3710,吉永 泰弘,3,51,56.7,0,0,0.17,4.47,25.56,37.78,4.25,15,40,58.33,58.33,31.25,56.25
2026-03-23,22,10,2026-03-23 16:25:00,5,九州プロレス杯,6,4804,高田 ひかる,1,31,46,1,0,0.17,6.73,51.33,67.26,0,0,0,11.11,22.22,40.91,59.09
2026-03-23,22,11,2026-03-23 16:55:00,5,九州プロレス杯,1,4786,佐藤 博亮,1,37,52.8,0,0,0.13,6.85,55.4,70.5,5.97,42.11,52.63,30,50,6.25,31.25
2026-03-23,22,11,2026-03-23 16:55:00,5,九州プロレス杯,2,3893,汐崎 正則,3,49,53.4,0,0,0.16,4.06,19.54,34.48,0,0,0,15.79,26.32,47.62,66.67
2026-03-23,22,11,2026-03-23 16:55:00,5,九州プロレス杯,3,4241,大串 重幸,2,41,52.4,0,0,0.15,5.51,37.61,58.72,6.14,47.62,66.67,40,60,52.63,68.42
2026-03-23,22,11,2026-03-23 16:55:00,5,九州プロレス杯,4,4464,山下 友貴,3,39,44,0,0,0.2,5.98,41.57,62.92,0,0,0,57.14,80.95,52.63,63.16
2026-03-23,22,11,2026-03-23 16:55:00,5,九州プロレス杯,5,3912,川原 正明,2,52,52,1,0,0.14,5.32,33.68,45.26,0,0,0,38.1,52.38,18.18,27.27
2026-03-23,22,11,2026-03-23 16:55:00,5,九州プロレス杯,6,4551,三川 昂暁,2,37,53.8,1,0,0.18,6.11,41.75,66.99,6.83,49.28,76.81,42.11,47.37,45,65
2026-03-23,22,12,2026-03-23 17:25:00,5,九州プロレス杯,1,4351,里岡 右貴,1,40,52,0,0,0.14,6.98,54.29,71.43,6.94,53.16,69.62,26.32,36.84,5.88,17.65
2026-03-23,22,12,2026-03-23 17:25:00,5,九州プロレス杯,2,3783,瓜生 正義,1,50,52.4,0,0,0.15,6.4,33.94,55.05,7.37,55.26,73.68,11.76,11.76,27.27,54.55
2026-03-23,22,12,2026-03-23 17:25:00,5,九州プロレス杯,3,4289,落合 直子,2,41,47,0,0,0.14,5.77,38.46,60,6.44,33.33,66.67,42.86,57.14,50,63.64
2026-03-23,22,12,2026-03-23 17:25:00,5,九州プロレス杯,4,4356,長岡 良也,1,42,52,2,0,0.15,6.03,44.44,59.6,6.5,45.45,63.64,40,65,30,45
2026-03-23,22,12,2026-03-23 17:25:00,5,九州プロレス杯,5,4516,野口 勝弘,2,39,50.5,0,0,0.16,6.11,41.48,65.19,5.55,36.36,63.64,21.05,42.11,47.37,57.89
2026-03-23,22,12,2026-03-23 17:25:00,5,九州プロレス杯,6,4475,末永 祐輝,2,38,52.8,0,0,0.15,6.51,47.22,72.22,6.33,46.67,53.33,27.78,50,57.14,71.43
