race_date,stadium_number,race_number,race_closed_at,race_grade_number,race_title,boat_number,racer_number,racer_name,racer_class_number,racer_age,racer_weight,racer_flying_count,racer_late_count,racer_average_start_timing,racer_national_top_1_percent,racer_national_top_2_percent,racer_national_top_3_percent,racer_local_top_1_percent,racer_local_top_2_percent,racer_local_top_3_percent,racer_assigned_motor_top_2_percent,racer_assigned_motor_top_3_percent,racer_assigned_boat_top_2_percent,racer_assigned_boat_top_3_percent
2026-02-02,2,1,2026-02-02 10:47:00,5,ボートピア栗橋カップ開設16周年記念,1,4129,宇野 博之,3,45,54.7,0,0,0.18,3.9,18.37,30.61,4.38,31.25,31.25,36,50,35.78,51.38
2026-02-02,2,1,2026-02-02 10:47:00,5,ボートピア栗橋カップ開設16周年記念,2,4638,小林 遼太,3,35,53.6,0,0,0.19,4.93,28.09,43.82,5.35,26.09,52.17,36.84,52.63,31.13,51.89
2026-02-02,2,1,2026-02-02 10:47:00,5,ボートピア栗橋カップ開設16周年記念,3,3277,齋藤 勇,3,59,52.1,0,0,0.17,4.53,27.84,41.24,0,0,0,35.71,59.82,28.57,43.88
2026-02-02,2,1,2026-02-02 10:47:00,5,ボートピア栗橋カップ開設16周年記念,4,5134,大原 祥昌,3,26,53.4,0,0,0.15,5.39,34.43,55.74,0,0,0,16.05,25.93,39.25,53.27
2026-02-02,2,1,2026-02-02 10:47:00,5,ボートピア栗橋カップ開設16周年記念,5,4665,加藤 啓太,3,42,52,0,0,0.18,4.18,18.45,32.04,4.04,16,32,37.3,55.56,39.25,50.47
2026-02-02,2,1,2026-02-02 10:47:00,5,ボートピア栗橋カップ開設16周年記念,6,4211,村田 敦,3,42,60.6,0,0,0.13,3.63,11.27,32.39,4.57,14.29,38.1,25.56,44.44,51.43,73.33
2026-02-02,2,2,2026-02-02 11:16:00,5,ボートピア栗橋カップ開設16周年記念,1,5300,横田 海人,3,23,52,0,0,0.18,2.52,8.22,13.7,1.25,0,0,36.94,53.15,26.73,50.5
2026-02-02,2,2,2026-02-02 11:16:00,5,ボートピア栗橋カップ開設16周年記念,2,4702,三浦 敬太,1,38,52,0,0,0.14,6.63,52.85,68.29,6.38,46.15,53.85,26.8,42.27,35.45,45.45
2026-02-02,2,2,2026-02-02 11:16:00,5,ボートピア栗橋カップ開設16周年記念,3,4889,後藤 盛也,3,37,52,0,0,0.15,4.55,30.77,39.74,5.56,40.74,51.85,28.85,43.27,28,44
2026-02-02,2,2,2026-02-02 11:16:00,5,ボートピア栗橋カップ開設16周年記念,4,4068,幸田 智裕,3,45,53.9,0,0,0.16,4.53,21.36,43.69,4.38,18.75,43.75,36.19,52.38,25.47,36.79
2026-02-02,2,2,2026-02-02 11:16:00,5,ボートピア栗橋カップ開設16周年記念,5,3334,角 ひとみ,2,57,45.5,0,0,0.2,5.62,37.14,60.95,0,0,0,30.91,52.73,35.65,56.52
2026-02-02,2,2,2026-02-02 11:16:00,5,ボートピア栗橋カップ開設16周年記念,6,5340,樋江井 舞,3,24,45,0,0,0.18,3.42,11.88,22.77,3.11,22.22,22.22,42.86,55.64,32.11,50.46
2026-02-02,2,3,2026-02-02 11:45:00,5,ボートピア栗橋カップ開設16周年記念,1,4992,廣瀬 篤哉,3,28,55.6,0,0,0.16,4.22,27,34,3.86,17.86,28.57,39.83,63.56,28.3,46.23
2026-02-02,2,3,2026-02-02 11:45:00,5,ボートピア栗橋カップ開設16周年記念,2,4388,是澤 孝宏,2,40,52,0,0,0.18,6.12,39.57,65.47,6.63,62.5,62.5,32.76,46.55,47.17,58.49
2026-02-02,2,3,2026-02-02 11:45:00,5,ボートピア栗橋カップ開設16周年記念,3,3801,五反田 忍,4,52,50.4,0,0,0.17,4.43,34.69,38.78,4.73,40,46.67,24.44,32.22,30,46
2026-02-02,2,3,2026-02-02 11:45:00,5,ボートピア栗橋カップ開設16周年記念,4,5160,藤森 陸斗,2,27,52.3,0,0,0.15,5.04,30.7,47.37,4.83,33.33,33.33,34.21,62.28,30.93,49.48
2026-02-02,2,3,2026-02-02 11:45:00,5,ボートピア栗橋カップ開設16周年記念,5,4897,深見 亜由美,4,34,45,0,0,0.2,4.33,20.51,38.46,0,0,0,35.45,51.82,27.84,49.48
2026-02-02,2,3,2026-02-02 11:45:00,5,ボートピア栗橋カップ開設16周年記念,6,5246,楠 将太郎,3,24,52,0,0,0.19,5.16,33.68,51.58,5.28,33.33,50.88,41.82,62.73,30.39,48.04
2026-02-02,2,4,2026-02-02 12:14:00,5,ボートピア栗橋カップ開設16周年記念,1,3963,原田 秀弥,3,46,55.3,0,0,0.16,5.44,35.85,52.83,5.31,34.62,57.69,41.6,56.8,32.04,48.54
2026-02-02,2,4,2026-02-02 12:14:00,5,ボートピア栗橋カップ開設16周年記念,2,4254,川島 圭司,2,42,52,0,0,0.13,5.58,36.61,50.89,5.82,36.36,63.64,35.54,51.24,40.74,61.11
2026-02-02,2,4,2026-02-02 12:14:00,5,ボートピア栗橋カップ開設16周年記念,3,4079,出畑 孝典,2,47,52,1,0,0.16,5.9,43.9,58.54,6.42,41.67,66.67,40,59.17,41.96,57.14
2026-02-02,2,4,2026-02-02 12:14:00,5,ボートピア栗橋カップ開設16周年記念,4,4811,向井田 佑紀,3,36,50.5,0,0,0.16,4.71,25.23,42.99,2.17,0,0,42.48,57.52,33.33,47.62
2026-02-02,2,4,2026-02-02 12:14:00,5,ボートピア栗橋カップ開設16周年記念,5,4201,佐竹 友樹,3,43,53.1,0,0,0.16,3.41,14.63,24.39,5.68,38.71,54.84,32.74,51.33,34.58,45.79
2026-02-02,2,4,2026-02-02 12:14:00,5,ボートピア栗橋カップ開設16周年記念,6,3489,大場 敏,2,58,52.3,0,0,0.16,5.79,37.76,59.44,6.03,37.5,62.5,35.71,53.06,30.63,55.86
2026-02-02,2,5,2026-02-02 12:44:00,5,ボートピア栗橋カップ開設16周年記念,1,4761,山田 晃大,2,36,52.3,0,0,0.13,5.52,36.36,53.72,6.88,50,75,31.53,51.35,30.48,50.48
2026-02-02,2,5,2026-02-02 12:44:00,5,ボートピア栗橋カップ開設16周年記念,2,5302,秋末 秦悟,3,23,52,0,0,0.19,3.8,16.67,30.95,0,0,0,29.63,49.07,31.73,45.19
2026-02-02,2,5,2026-02-02 12:44:00,5,ボートピア栗橋カップ開設16周年記念,3,4060,島田 一生,3,46,55.3,1,0,0.17,5.16,36.52,52.17,4.55,22.73,40.91,33.05,43.22,32.71,45.79
2026-02-02,2,5,2026-02-02 12:44:00,5,ボートピア栗橋カップ開設16周年記念,4,4163,山崎 裕司,2,44,53,0,0,0.17,5.81,39.29,58.57,3.22,11.11,11.11,27,39,35.96,56.14
2026-02-02,2,5,2026-02-02 12:44:00,5,ボートピア栗橋カップ開設16周年記念,5,3569,増田 進,3,54,52,0,0,0.18,4.17,19.63,32.71,3.93,6.67,33.33,52.71,63.57,39.62,49.06
2026-02-02,2,5,2026-02-02 12:44:00,5,ボートピア栗橋カップ開設16周年記念,6,4129,宇野 博之,3,45,54.7,0,0,0.18,3.9,18.37,30.61,4.38,31.25,31.25,36,50,35.78,51.38
2026-02-02,2,6,2026-02-02 13:14:00,5,ボートピア栗橋カップ開設16周年記念,1,4665,加藤 啓太,3,42,52,0,0,0.18,4.18,18.45,32.04,4.04,16,32,37.3,55.56,39.25,50.47
2026-02-02,2,6,2026-02-02 13:14:00,5,ボートピア栗橋カップ開設16周年記念,2,5031,渡辺 空依,3,28,53.2,0,0,0.2,4.08,16.16,35.35,0,0,0,41.67,61.46,22.12,39.42
2026-02-02,2,6,2026-02-02 13:14:00,5,ボートピア栗橋カップ開設16周年記念,3,3905,天野 友和,2,48,52,0,0,0.15,6.07,42.11,63.16,5.67,29.63,66.67,22.58,41.94,37.72,60.53
2026-02-02,2,6,2026-02-02 13:14:00,5,ボートピア栗橋カップ開設16周年記念,4,4889,後藤 盛也,3,37,52,0,0,0.15,4.55,30.77,39.74,5.56,40.74,51.85,28.85,43.27,28,44
2026-02-02,2,6,2026-02-02 13:14:00,5,ボートピア栗橋カップ開設16周年記念,5,3277,齋藤 勇,3,59,52.1,0,0,0.17,4.53,27.84,41.24,0,0,0,35.71,59.82,28.57,43.88
2026-02-02,2,6,2026-02-02 13:14:00,5,ボートピア栗橋カップ開設16周年記念,6,4640,山ノ内 雅人,2,34,52,0,0,0.15,6.06,43.26,63.12,6,29.17,58.33,19.19,38.38,27.88,45.19
2026-02-02,2,7,2026-02-02 13:45:00,5,ボートピア栗橋カップ開設16周年記念,1,3334,角 ひとみ,2,57,45.5,0,0,0.2,5.62,37.14,60.95,0,0,0,30.91,52.73,35.65,56.52
2026-02-02,2,7,2026-02-02 13:45:00,5,ボートピア栗橋カップ開設16周年記念,2,4897,深見 亜由美,4,34,45,0,0,0.2,4.33,20.51,38.46,0,0,0,35.45,51.82,27.84,49.48
2026-02-02,2,7,2026-02-02 13:45:00,5,ボートピア栗橋カップ開設16周年記念,3,4874,池田 奈津美,3,32,51.5,0,0,0.14,4.31,17.14,38.57,5.1,20,60,29.25,42.45,40.57,57.55
2026-02-02,2,7,2026-02-02 13:45:00,5,ボートピア栗橋カップ開設16周年記念,4,3580,水口 由紀,3,53,48.9,0,0,0.19,4.41,22.73,35.23,5.68,27.27,63.64,43.52,52.78,35.51,51.4
2026-02-02,2,7,2026-02-02 13:45:00,5,ボートピア栗橋カップ開設16周年記念,5,3801,五反田 忍,4,52,50.4,0,0,0.17,4.43,34.69,38.78,4.73,40,46.67,24.44,32.22,30,46
2026-02-02,2,7,2026-02-02 13:45:00,5,ボートピア栗橋カップ開設16周年記念,6,3289,高橋 淳美,3,62,45,0,0,0.2,3,2.33,11.63,2.6,0,0,25.74,43.56,27.45,51.96
2026-02-02,2,8,2026-02-02 14:16:00,5,ボートピア栗橋カップ開設16周年記念,1,4211,村田 敦,3,42,60.6,0,0,0.13,3.63,11.27,32.39,4.57,14.29,38.1,25.56,44.44,51.43,73.33
2026-02-02,2,8,2026-02-02 14:16:00,5,ボートピア栗橋カップ開設16周年記念,2,3489,大場 敏,2,58,52.3,0,0,0.16,5.79,37.76,59.44,6.03,37.5,62.5,35.71,53.06,30.63,55.86
2026-02-02,2,8,2026-02-02 14:16:00,5,ボートピア栗橋カップ開設16周年記念,3,5134,大原 祥昌,3,26,53.4,0,0,0.15,5.39,34.43,55.74,0,0,0,16.05,25.93,39.25,53.27
2026-02-02,2,8,2026-02-02 14:16:00,5,ボートピア栗橋カップ開設16周年記念,4,4254,川島 圭司,2,42,52,0,0,0.13,5.58,36.61,50.89,5.82,36.36,63.64,35.54,51.24,40.74,61.11
2026-02-02,2,8,2026-02-02 14:16:00,5,ボートピア栗橋カップ開設16周年記念,5,5340,樋江井 舞,3,24,45,0,0,0.18,3.42,11.88,22.77,3.11,22.22,22.22,42.86,55.64,32.11,50.46
2026-02-02,2,8,2026-02-02 14:16:00,5,ボートピア栗橋カップ開設16周年記念,6,5300,横田 海人,3,23,52,0,0,0.18,2.52,8.22,13.7,1.25,0,0,36.94,53.15,26.73,50.5
2026-02-02,2,9,2026-02-02 14:48:00,5,ボートピア栗橋カップ開設16周年記念,1,5042,畑田 汰一,1,27,52.3,1,0,0.12,6.65,45.04,67.18,6.46,50.88,63.16,40.82,59.18,31.73,55.77
2026-02-02,2,9,2026-02-02 14:48:00,5,ボートピア栗橋カップ開設16周年記念,2,4163,山崎 裕司,2,44,53,0,0,0.17,5.81,39.29,58.57,3.22,11.11,11.11,27,39,35.96,56.14
2026-02-02,2,9,2026-02-02 14:48:00,5,ボートピア栗橋カップ開設16周年記念,3,4811,向井田 佑紀,3,36,50.5,0,0,0.16,4.71,25.23,42.99,2.17,0,0,42.48,57.52,33.33,47.62
2026-02-02,2,9,2026-02-02 14:48:00,5,ボートピア栗橋カップ開設16周年記念,4,4702,三浦 敬太,1,38,52,0,0,0.14,6.63,52.85,68.29,6.38,46.15,53.85,26.8,42.27,35.45,45.45
2026-02-02,2,9,2026-02-02 14:48:00,5,ボートピア栗橋カップ開設16周年記念,5,4638,小林 遼太,3,35,53.6,0,0,0.19,4.93,28.09,43.82,5.35,26.09,52.17,36.84,52.63,31.13,51.89
2026-02-02,2,9,2026-02-02 14:48:00,5,ボートピア栗橋カップ開設16周年記念,6,4992,廣瀬 篤哉,3,28,55.6,0,0,0.16,4.22,27,34,3.86,17.86,28.57,39.83,63.56,28.3,46.23
2026-02-02,2,10,2026-02-02 15:21:00,5,ボートピア栗橋カップ開設16周年記念,1,5246,楠 将太郎,3,24,52,0,0,0.19,5.16,33.68,51.58,5.28,33.33,50.88,41.82,62.73,30.39,48.04
2026-02-02,2,10,2026-02-02 15:21:00,5,ボートピア栗橋カップ開設16周年記念,2,4201,佐竹 友樹,3,43,53.1,0,0,0.16,3.41,14.63,24.39,5.68,38.71,54.84,32.74,51.33,34.58,45.79
2026-02-02,2,10,2026-02-02 15:21:00,5,ボートピア栗橋カップ開設16周年記念,3,5160,藤森 陸斗,2,27,52.3,0,0,0.15,5.04,30.7,47.37,4.83,33.33,33.33,34.21,62.28,30.93,49.48
2026-02-02,2,10,2026-02-02 15:21:00,5,ボートピア栗橋カップ開設16周年記念,4,3905,天野 友和,2,48,52,0,0,0.15,6.07,42.11,63.16,5.67,29.63,66.67,22.58,41.94,37.72,60.53
2026-02-02,2,10,2026-02-02 15:21:00,5,ボートピア栗橋カップ開設16周年記念,5,5031,渡辺 空依,3,28,53.2,0,0,0.2,4.08,16.16,35.35,0,0,0,41.67,61.46,26.36,44.55
2026-02-02,2,10,2026-02-02 15:21:00,5,ボートピア栗橋カップ開設16周年記念,6,4761,山田 晃大,2,36,52.3,0,0,0.13,5.52,36.36,53.72,6.88,50,75,31.53,51.35,30.48,50.48
2026-02-02,2,11,2026-02-02 15:55:00,5,ボートピア栗橋カップ開設16周年記念,1,4640,山ノ内 雅人,2,34,52,0,0,0.15,6.06,43.26,63.12,6,29.17,58.33,19.19,38.38,27.88,45.19
2026-02-02,2,11,2026-02-02 15:55:00,5,ボートピア栗橋カップ開設16周年記念,2,3569,増田 進,3,54,52,0,0,0.18,4.17,19.63,32.71,3.93,6.67,33.33,52.71,63.57,39.62,49.06
2026-02-02,2,11,2026-02-02 15:55:00,5,ボートピア栗橋カップ開設16周年記念,3,3580,水口 由紀,3,53,48.9,0,0,0.19,4.41,22.73,35.23,5.68,27.27,63.64,43.52,52.78,35.51,51.4
2026-02-02,2,11,2026-02-02 15:55:00,5,ボートピア栗橋カップ開設16周年記念,4,4079,出畑 孝典,2,47,52,1,0,0.16,5.9,43.9,58.54,6.42,41.67,66.67,40,59.17,41.96,57.14
2026-02-02,2,11,2026-02-02 15:55:00,5,ボートピア栗橋カップ開設16周年記念,5,4388,是澤 孝宏,2,40,52,0,0,0.18,6.12,39.57,65.47,6.63,62.5,62.5,32.76,46.55,47.17,58.49
2026-02-02,2,11,2026-02-02 15:55:00,5,ボートピア栗橋カップ開設16周年記念,6,3963,原田 秀弥,3,46,55.3,0,0,0.16,5.44,35.85,52.83,5.31,34.62,57.69,41.6,56.8,32.04,48.54
2026-02-02,2,12,2026-02-02 16:30:00,5,ボートピア栗橋カップ開設16周年記念,1,4335,若林 将,1,42,52.1,0,0,0.12,6.77,48.12,69.92,5.96,32.14,60.71,36.13,52.94,39.62,49.06
2026-02-02,2,12,2026-02-02 16:30:00,5,ボートピア栗橋カップ開設16周年記念,2,4532,秋元 哲,1,37,52,0,0,0.13,7.04,57.25,71.76,6.89,51.4,71.03,41.38,59.48,25.49,45.1
2026-02-02,2,12,2026-02-02 16:30:00,5,ボートピア栗橋カップ開設16周年記念,3,4928,栗城 匠,1,30,52.1,0,0,0.14,6.74,50.48,68.57,7.31,53.85,76.92,38.97,60.29,27.27,47.47
2026-02-02,2,12,2026-02-02 16:30:00,5,ボートピア栗橋カップ開設16周年記念,4,5087,佐藤 航,2,26,52.4,0,0,0.15,6.39,45.79,68.22,5.64,32,60,28.32,51.33,27.93,48.65
2026-02-02,2,12,2026-02-02 16:30:00,5,ボートピア栗橋カップ開設16周年記念,5,5112,砂長 知輝,1,26,52,0,0,0.14,6.5,49.61,63.78,6.98,57.61,65.22,44.27,62.6,33.33,51.35
2026-02-02,2,12,2026-02-02 16:30:00,5,ボートピア栗橋カップ開設16周年記念,6,5191,飛田 江己,1,24,52,0,0,0.13,6.6,46.62,66.22,6.55,51.02,63.95,26.55,37.17,38.32,58.88
2026-02-02,3,1,2026-02-02 10:59:00,5,第14回ボートレース研究ファン感謝祭,1,3602,奥平 拓也,3,55,52.1,1,0,0.18,4.65,24.64,44.93,5.37,35.56,48.89,40.63,56.25,39.16,56.02
2026-02-02,3,1,2026-02-02 10:59:00,5,第14回ボートレース研究ファン感謝祭,2,4200,早川 尚人,3,43,54.1,0,0,0.17,4.26,22.62,32.14,4.33,22.22,44.44,29.52,43.98,29.86,52.78
2026-02-02,3,1,2026-02-02 10:59:00,5,第14回ボートレース研究ファン感謝祭,3,5014,梶山 涼斗,3,28,52.1,0,0,0.13,4.95,25.33,45.33,6.15,40,70,32.73,46.06,39.66,52.87
2026-02-02,3,1,2026-02-02 10:59:00,5,第14回ボートレース研究ファン感謝祭,4,4813,宮内 直哉,3,36,52.2,0,0,0.18,3.65,15.49,26.76,4.25,23.08,36.54,39.29,62.5,36.47,58.24
2026-02-02,3,1,2026-02-02 10:59:00,5,第14回ボートレース研究ファン感謝祭,5,5385,鈴木 柊介,4,21,56.1,0,0,0.16,2.39,5.26,12.28,2.88,12.5,25,37.5,58.93,29.01,46.3
2026-02-02,3,1,2026-02-02 10:59:00,5,第14回ボートレース研究ファン感謝祭,6,4677,片橋 幸貴,4,37,52.5,0,0,0.2,6.58,45.76,71.19,7.29,53.85,71.15,45.61,67.84,35.95,54.9
2026-02-02,3,2,2026-02-02 11:25:00,5,第14回ボートレース研究ファン感謝祭,1,3581,加木 郁,3,53,52.4,0,0,0.19,3.93,17.14,30,4.75,29.17,41.67,23.45,39.31,35.91,51.38
2026-02-02,3,2,2026-02-02 11:25:00,5,第14回ボートレース研究ファン感謝祭,2,3796,長野 道臣,3,52,53.9,0,0,0.16,5.01,35.82,50.75,5.54,42.86,54.29,31.06,50.93,35.22,54.09
2026-02-02,3,2,2026-02-02 11:25:00,5,第14回ボートレース研究ファン感謝祭,3,4551,三川 昂暁,2,37,53.9,1,0,0.18,6.24,42.99,68.22,7,50,100,32.93,47.31,36.02,54.66
2026-02-02,3,2,2026-02-02 11:25:00,5,第14回ボートレース研究ファン感謝祭,4,5082,一色 凌雅,3,27,58,0,0,0.2,5.18,31.18,53.76,5.02,26.19,47.62,26.35,50.68,30.14,50
2026-02-02,3,2,2026-02-02 11:25:00,5,第14回ボートレース研究ファン感謝祭,5,5364,金子 怜央,4,26,52,0,0,0.18,1.7,4,4,1.56,0,3.7,44.97,60.36,32.2,47.46
2026-02-02,3,2,2026-02-02 11:25:00,5,第14回ボートレース研究ファン感謝祭,6,4475,末永 祐輝,2,38,53.2,0,0,0.15,6.75,50.5,73.27,6.55,45.45,72.73,30.49,54.27,29.94,46.11
2026-02-02,3,3,2026-02-02 11:54:00,5,第14回ボートレース研究ファン感謝祭,1,3857,阿波 勝哉,3,52,54.5,0,0,0.2,4.85,25.26,43.16,0,0,0,33.53,49.1,28,46
2026-02-02,3,3,2026-02-02 11:54:00,5,第14回ボートレース研究ファン感謝祭,2,5137,川原 涼,3,25,53.3,0,0,0.17,5.16,30.16,50.79,4.88,32,40,25.48,40.76,29.63,43.7
2026-02-02,3,3,2026-02-02 11:54:00,5,第14回ボートレース研究ファン感謝祭,3,4231,鈴木 裕隆,2,42,55.3,0,0,0.17,5.18,28.57,52.04,6,40.91,59.09,42.86,57.74,23.61,45.83
2026-02-02,3,3,2026-02-02 11:54:00,5,第14回ボートレース研究ファン感謝祭,4,4122,安東 幸治,2,44,53.9,0,0,0.16,5.69,36.04,54.05,5.72,44.83,62.07,47.24,62.58,35.71,50.6
2026-02-02,3,3,2026-02-02 11:54:00,5,第14回ボートレース研究ファン感謝祭,5,5282,中本 大樹,3,22,52.8,0,0,0.17,4.35,16.88,38.96,4.4,20,40,27.91,44.19,42.42,56.36
2026-02-02,3,3,2026-02-02 11:54:00,5,第14回ボートレース研究ファン感謝祭,6,5023,久永 祥平,3,30,50.5,0,0,0.15,5.89,41.38,63.22,5.94,44.21,61.05,25.97,39.61,40.61,52.73
2026-02-02,3,4,2026-02-02 12:20:00,5,第14回ボートレース研究ファン感謝祭,1,4474,渡辺 崇,3,38,55.5,0,0,0.19,5.15,29.21,50.56,6.48,52.17,69.57,27.49,39.18,39.64,59.17
2026-02-02,3,4,2026-02-02 12:20:00,5,第14回ボートレース研究ファン感謝祭,2,5010,宇留田 翔平,2,28,53.4,0,0,0.15,5.87,41.8,59.02,4.56,22.22,44.44,40.36,56.63,30.14,48.63
2026-02-02,3,4,2026-02-02 12:20:00,5,第14回ボートレース研究ファン感謝祭,3,3548,室田 泰史,2,55,53.4,0,0,0.12,5.9,40.71,59.29,7,52.78,77.78,34.57,56.79,31.17,45.45
2026-02-02,3,4,2026-02-02 12:20:00,5,第14回ボートレース研究ファン感謝祭,4,4603,谷川 将太,3,38,53.3,0,0,0.17,5.13,28.97,47.66,5.71,29.17,62.5,25.5,38.26,41.03,57.05
2026-02-02,3,4,2026-02-02 12:20:00,5,第14回ボートレース研究ファン感謝祭,5,4197,渥美 卓郎,3,43,54.6,0,0,0.18,3.65,10,26.25,3.46,10.42,27.08,26.32,40.79,27.08,50.69
2026-02-02,3,4,2026-02-02 12:20:00,5,第14回ボートレース研究ファン感謝祭,6,4486,野村 誠,3,39,52.4,0,0,0.17,5.06,39.44,49.3,6.41,43.14,72.55,28.67,43.33,36.13,52.9
2026-02-02,3,5,2026-02-02 12:46:00,5,第14回ボートレース研究ファン感謝祭,1,3303,渡辺 豊,3,58,52.6,0,0,0.2,5.14,30.36,51.79,6.09,41.38,66.38,33.14,49.7,39.76,56.63
2026-02-02,3,5,2026-02-02 12:46:00,5,第14回ボートレース研究ファン感謝祭,2,3499,市川 哲也,2,57,51.5,0,0,0.13,6.43,47.87,67.02,6.04,36.73,59.18,31.71,50.61,24.83,47.59
2026-02-02,3,5,2026-02-02 12:46:00,5,第14回ボートレース研究ファン感謝祭,3,4981,牧山 敦也,3,29,52,1,0,0.17,4.88,25.68,50,5.59,35.29,58.82,28.66,49.39,36.6,52.29
2026-02-02,3,5,2026-02-02 12:46:00,5,第14回ボートレース研究ファン感謝祭,4,5385,鈴木 柊介,4,21,56.1,0,0,0.16,2.39,5.26,12.28,2.88,12.5,25,37.5,58.93,29.01,46.3
2026-02-02,3,5,2026-02-02 12:46:00,5,第14回ボートレース研究ファン感謝祭,5,4649,和田 操拓,2,41,52,0,0,0.12,4.89,25.96,41.35,5.89,34.04,48.94,28.86,48.32,32.16,44.44
2026-02-02,3,5,2026-02-02 12:46:00,5,第14回ボートレース研究ファン感謝祭,6,4082,濱崎 誠,3,46,52,0,0,0.15,4.69,25.97,40.26,6.28,50,61.11,39.63,60.37,38.51,52.03
2026-02-02,3,6,2026-02-02 13:18:00,5,第14回ボートレース研究ファン感謝祭,1,4458,抹香 雄三,3,40,53.1,1,0,0.14,5.14,34.88,47.67,5.68,34,56,32.93,48.5,30.43,44.72
2026-02-02,3,6,2026-02-02 13:18:00,5,第14回ボートレース研究ファン感謝祭,2,5050,木下 雄介,2,30,52.3,1,0,0.16,5.96,39.58,63.54,0,0,0,34.76,50.61,30.25,51.23
2026-02-02,3,6,2026-02-02 13:18:00,5,第14回ボートレース研究ファン感謝祭,3,4619,伏田 裕隆,2,43,52,0,0,0.16,5.04,29.41,48.53,5.41,35.23,50,31.14,49.1,36.36,57.75
2026-02-02,3,6,2026-02-02 13:18:00,5,第14回ボートレース研究ファン感謝祭,4,4735,角山 雄哉,3,35,53.3,0,0,0.15,5.16,37.04,45.68,5.83,36.67,63.33,29.56,49.69,42.33,58.73
2026-02-02,3,6,2026-02-02 13:18:00,5,第14回ボートレース研究ファン感謝祭,5,4077,品田 直樹,3,47,52,0,0,0.18,4.94,28.42,44.21,5.36,34.68,53.23,54.55,70.78,26.76,44.37
2026-02-02,3,6,2026-02-02 13:18:00,5,第14回ボートレース研究ファン感謝祭,6,4200,早川 尚人,3,43,54.1,0,0,0.17,4.26,22.62,32.14,4.33,22.22,44.44,29.52,43.98,29.86,52.78
2026-02-02,3,7,2026-02-02 13:46:00,5,第14回ボートレース研究ファン感謝祭,1,5114,小林 孝彰,2,26,52.7,0,0,0.16,5.34,37.21,50.39,7.43,57.14,71.43,32.93,45.51,42.07,54.88
2026-02-02,3,7,2026-02-02 13:46:00,5,第14回ボートレース研究ファン感謝祭,2,4813,宮内 直哉,3,36,52.2,0,0,0.18,3.65,15.49,26.76,4.25,23.08,36.54,39.29,62.5,36.47,58.24
2026-02-02,3,7,2026-02-02 13:46:00,5,第14回ボートレース研究ファン感謝祭,3,5158,宮脇 遼太,2,27,52,0,0,0.17,6.16,42.24,58.62,5.49,37.84,51.35,30.12,48.8,36.94,49.68
2026-02-02,3,7,2026-02-02 13:46:00,5,第14回ボートレース研究ファン感謝祭,4,5355,萩原 丈太朗,3,21,55,0,0,0.19,1.76,1.69,5.08,0,0,0,37.2,51.83,24,43.33
2026-02-02,3,7,2026-02-02 13:46:00,5,第14回ボートレース研究ファン感謝祭,5,5023,久永 祥平,3,30,50.5,0,0,0.15,5.89,41.38,63.22,5.94,44.21,61.05,25.97,39.61,40.61,52.73
2026-02-02,3,7,2026-02-02 13:46:00,5,第14回ボートレース研究ファン感謝祭,6,3931,黒崎 竜也,3,49,51,0,0,0.16,5.34,33.82,55.88,4.29,21.43,42.86,37.8,55.49,30.3,47.27
2026-02-02,3,8,2026-02-02 14:13:00,5,第14回ボートレース研究ファン感謝祭,1,5011,高木 圭大,3,28,53,0,0,0.18,3.69,15.28,30.56,3.86,0,42.86,26.62,40.91,32.75,45.03
2026-02-02,3,8,2026-02-02 14:13:00,5,第14回ボートレース研究ファン感謝祭,2,5239,上野 俊樹,3,25,51,0,0,0.16,5,28.92,50.6,4.88,20.83,50,26.67,42.67,31.71,46.95
2026-02-02,3,8,2026-02-02 14:13:00,5,第14回ボートレース研究ファン感謝祭,3,4475,末永 祐輝,2,38,53.2,0,0,0.15,6.75,50.5,73.27,6.55,45.45,72.73,30.49,54.27,29.94,46.11
2026-02-02,3,8,2026-02-02 14:13:00,5,第14回ボートレース研究ファン感謝祭,4,5282,中本 大樹,3,22,52.8,0,0,0.17,4.35,16.88,38.96,4.4,20,40,27.91,44.19,42.42,56.36
2026-02-02,3,8,2026-02-02 14:13:00,5,第14回ボートレース研究ファン感謝祭,5,4474,渡辺 崇,3,38,55.5,0,0,0.19,5.15,29.21,50.56,6.48,52.17,69.57,27.49,39.18,39.64,59.17
2026-02-02,3,8,2026-02-02 14:13:00,5,第14回ボートレース研究ファン感謝祭,6,4633,森 智也,2,36,52,0,0,0.15,5.67,32.05,56.41,0,0,0,44.44,54.32,44.83,62.07
2026-02-02,3,9,2026-02-02 14:40:00,5,第14回ボートレース研究ファン感謝祭,1,4231,鈴木 裕隆,2,42,55.3,0,0,0.17,5.18,28.57,52.04,6,40.91,59.09,42.86,57.74,23.61,45.83
2026-02-02,3,9,2026-02-02 14:40:00,5,第14回ボートレース研究ファン感謝祭,2,5014,梶山 涼斗,3,28,52.1,0,0,0.13,4.95,25.33,45.33,6.15,40,70,32.73,46.06,39.66,52.87
2026-02-02,3,9,2026-02-02 14:40:00,5,第14回ボートレース研究ファン感謝祭,3,4973,栗原 直也,2,33,52,0,0,0.18,5.02,27.47,50.55,5.03,30.3,51.52,26.67,46.67,24.2,46.5
2026-02-02,3,9,2026-02-02 14:40:00,5,第14回ボートレース研究ファン感謝祭,4,5364,金子 怜央,4,26,52,0,0,0.18,1.7,4,4,1.56,0,3.7,44.97,60.36,32.2,47.46
2026-02-02,3,9,2026-02-02 14:40:00,5,第14回ボートレース研究ファン感謝祭,5,3499,市川 哲也,2,57,51.5,0,0,0.13,6.43,47.87,67.02,6.04,36.73,59.18,31.71,50.61,24.83,47.59
2026-02-02,3,9,2026-02-02 14:40:00,5,第14回ボートレース研究ファン感謝祭,6,4197,渥美 卓郎,3,43,54.6,0,0,0.18,3.65,10,26.25,3.46,10.42,27.08,26.32,40.79,27.08,50.69
2026-02-02,3,10,2026-02-02 15:11:00,5,第14回ボートレース研究ファン感謝祭,1,4551,三川 昂暁,2,37,53.9,1,0,0.18,6.24,42.99,68.22,7,50,100,32.93,47.31,36.02,54.66
2026-02-02,3,10,2026-02-02 15:11:00,5,第14回ボートレース研究ファン感謝祭,2,4619,伏田 裕隆,2,43,52,0,0,0.16,5.04,29.41,48.53,5.41,35.23,50,31.14,49.1,36.36,57.75
2026-02-02,3,10,2026-02-02 15:11:00,5,第14回ボートレース研究ファン感謝祭,3,5243,三馬 崇史,2,25,54.5,1,0,0.14,4.9,29.11,46.84,4.06,25.71,28.57,31.06,50.93,22.83,40.94
2026-02-02,3,10,2026-02-02 15:11:00,5,第14回ボートレース研究ファン感謝祭,4,3303,渡辺 豊,3,58,52.6,0,0,0.2,5.14,30.36,51.79,6.09,41.38,66.38,33.14,49.7,39.76,56.63
2026-02-02,3,10,2026-02-02 15:11:00,5,第14回ボートレース研究ファン感謝祭,5,5137,川原 涼,3,25,53.3,0,0,0.17,5.16,30.16,50.79,4.88,32,40,25.48,40.76,29.63,43.7
2026-02-02,3,10,2026-02-02 15:11:00,5,第14回ボートレース研究ファン感謝祭,6,4603,谷川 将太,3,38,53.3,0,0,0.17,5.13,28.97,47.66,5.71,29.17,62.5,25.5,38.26,41.03,57.05
2026-02-02,3,11,2026-02-02 15:42:00,5,第14回ボートレース研究ファン感謝祭,1,4122,安東 幸治,2,44,53.9,0,0,0.16,5.69,36.04,54.05,5.72,44.83,62.07,47.24,62.58,35.71,50.6
2026-02-02,3,11,2026-02-02 15:42:00,5,第14回ボートレース研究ファン感謝祭,2,5355,萩原 丈太朗,3,21,55,0,0,0.19,1.76,1.69,5.08,0,0,0,37.2,51.83,24,43.33
2026-02-02,3,11,2026-02-02 15:42:00,5,第14回ボートレース研究ファン感謝祭,3,4735,角山 雄哉,3,35,53.3,0,0,0.15,5.16,37.04,45.68,5.83,36.67,63.33,29.56,49.69,34.55,53.94
2026-02-02,3,11,2026-02-02 15:42:00,5,第14回ボートレース研究ファン感謝祭,4,4677,片橋 幸貴,4,37,52.5,0,0,0.2,6.58,45.76,71.19,7.29,53.85,71.15,45.61,67.84,35.95,54.9
2026-02-02,3,11,2026-02-02 15:42:00,5,第14回ボートレース研究ファン感謝祭,5,5010,宇留田 翔平,2,28,53.4,0,0,0.15,5.87,41.8,59.02,4.56,22.22,44.44,40.36,56.63,30.14,48.63
2026-02-02,3,11,2026-02-02 15:42:00,5,第14回ボートレース研究ファン感謝祭,6,4649,和田 操拓,2,41,52,0,0,0.12,4.89,25.96,41.35,5.89,34.04,48.94,28.86,48.32,32.16,44.44
2026-02-02,3,12,2026-02-02 16:15:00,5,第14回ボートレース研究ファン感謝祭,1,3548,室田 泰史,2,55,53.4,0,0,0.12,5.9,40.71,59.29,7,52.78,77.78,34.57,56.79,31.17,45.45
2026-02-02,3,12,2026-02-02 16:15:00,5,第14回ボートレース研究ファン感謝祭,2,3581,加木 郁,3,53,52.4,0,0,0.19,3.93,17.14,30,4.75,29.17,41.67,23.45,39.31,35.91,51.38
2026-02-02,3,12,2026-02-02 16:15:00,5,第14回ボートレース研究ファン感謝祭,3,5050,木下 雄介,2,30,52.3,1,0,0.16,5.96,39.58,63.54,0,0,0,34.76,50.61,30.25,51.23
2026-02-02,3,12,2026-02-02 16:15:00,5,第14回ボートレース研究ファン感謝祭,4,3857,阿波 勝哉,3,52,54.5,0,0,0.2,4.85,25.26,43.16,0,0,0,33.53,49.1,28,46
2026-02-02,3,12,2026-02-02 16:15:00,5,第14回ボートレース研究ファン感謝祭,5,4633,森 智也,2,36,52,0,0,0.15,5.67,32.05,56.41,0,0,0,44.44,54.32,44.83,62.07
2026-02-02,3,12,2026-02-02 16:15:00,5,第14回ボートレース研究ファン感謝祭,6,4981,牧山 敦也,3,29,52,1,0,0.17,4.88,25.68,50,5.59,35.29,58.82,28.66,49.39,35.76,49.7
2026-02-02,6,1,2026-02-02 10:55:00,5,ヴィーナスシリーズ マンスリーBOATRACE杯,1,5140,吉田 彩乃,3,25,47.3,0,0,0.19,4.4,23.6,40.45,4.29,21.82,32.73,32.6,53.04,52.31,64.62
2026-02-02,6,1,2026-02-02 10:55:00,5,ヴィーナスシリーズ マンスリーBOATRACE杯,2,4400,加藤 奈月,3,37,54.5,0,0,0.19,4.2,17.65,36.47,0,0,0,37.69,58.79,28.79,51.52
2026-02-02,6,1,2026-02-02 10:55:00,5,ヴィーナスシリーズ マンスリーBOATRACE杯,3,5148,松本 怜,3,31,47,0,0,0.19,4.22,22.22,37.78,3.83,16.67,27.78,35.42,52.6,31.34,46.27
2026-02-02,6,1,2026-02-02 10:55:00,5,ヴィーナスシリーズ マンスリーBOATRACE杯,4,4317,木村 紗友希,3,41,47,0,0,0.16,3.98,21.69,32.53,4.82,26.67,46.67,37.37,57.07,27.69,50.77
2026-02-02,6,1,2026-02-02 10:55:00,5,ヴィーナスシリーズ マンスリーBOATRACE杯,5,5361,植竹 玲奈,4,19,49.5,0,0,0.19,2.44,3.17,12.7,0,0,0,30.16,46.56,31.88,47.83
2026-02-02,6,1,2026-02-02 10:55:00,5,ヴィーナスシリーズ マンスリーBOATRACE杯,6,4071,古賀 千晶,3,45,46.5,0,0,0.19,3.84,12.73,40,4.64,21.21,42.42,37.56,57.87,44.78,64.18
2026-02-02,6,2,2026-02-02 11:21:00,5,ヴィーナスシリーズ マンスリーBOATRACE杯,1,4854,大橋 由珠,4,30,45,0,0,0.18,5.39,32.14,53.57,0,0,0,32.16,49.25,39.39,53.03
2026-02-02,6,2,2026-02-02 11:21:00,5,ヴィーナスシリーズ マンスリーBOATRACE杯,2,4730,土屋 実沙希,2,36,47.6,0,0,0.17,4.65,26.58,43.04,5.51,32.39,59.15,27.68,48.02,38.81,52.24
2026-02-02,6,2,2026-02-02 11:21:00,5,ヴィーナスシリーズ マンスリーBOATRACE杯,3,3474,松瀬 弘美,3,55,45.5,0,0,0.17,4.68,28.75,46.25,4.83,26.83,45.12,32.49,45.69,28.79,46.97
2026-02-02,6,2,2026-02-02 11:21:00,5,ヴィーナスシリーズ マンスリーBOATRACE杯,4,4965,福岡 泉水,3,28,51.2,1,0,0.19,4.3,23.68,39.47,4.91,36.36,54.55,41.49,61.17,29.23,46.15
2026-02-02,6,2,2026-02-02 11:21:00,5,ヴィーナスシリーズ マンスリーBOATRACE杯,5,5045,平川 香織,2,25,46.5,0,0,0.22,5.87,41.79,61.19,4.58,21.05,47.37,30.64,44.51,37.29,62.71
2026-02-02,6,2,2026-02-02 11:21:00,5,ヴィーナスシリーズ マンスリーBOATRACE杯,6,5052,赤井 星璃菜,4,30,49.9,0,0,0.14,3.72,18.6,30.23,0,0,0,31.67,42.78,30.88,52.94
2026-02-02,6,3,2026-02-02 11:50:00,5,ヴィーナスシリーズ マンスリーBOATRACE杯,1,5335,森 陽多,3,21,47.6,0,0,0.18,2.73,11.76,18.82,0,0,0,35.64,57.45,31.34,50.75
2026-02-02,6,3,2026-02-02 11:50:00,5,ヴィーナスシリーズ マンスリーBOATRACE杯,2,5019,柴田 百恵,2,26,44,1,0,0.16,5.09,32.63,50.53,4.83,28.13,46.88,35.46,49.65,27.54,46.38
2026-02-02,6,3,2026-02-02 11:50:00,5,ヴィーナスシリーズ マンスリーBOATRACE杯,3,3900,香川 素子,1,49,47.4,0,0,0.16,6.14,42.74,63.71,5.18,11.76,41.18,47.89,62.44,30,50
2026-02-02,6,3,2026-02-02 11:50:00,5,ヴィーナスシリーズ マンスリーBOATRACE杯,4,5248,本田 愛,3,23,47.2,1,0,0.22,4.14,19.77,41.86,3.52,12.5,26.56,36.87,50.51,32.86,45.71
2026-02-02,6,3,2026-02-02 11:50:00,5,ヴィーナスシリーズ マンスリーBOATRACE杯,5,5314,中曽 瑠華,4,25,51.3,0,0,0.18,2.58,6.49,15.58,1.07,0,0,38.07,57.87,31.94,41.67
2026-02-02,6,3,2026-02-02 11:50:00,5,ヴィーナスシリーズ マンスリーBOATRACE杯,6,5108,柴田 愛梨,4,26,46,0,0,0.31,1.74,0,2.86,0,0,0,38.12,55.45,32.39,53.52
2026-02-02,6,4,2026-02-02 12:23:00,5,ヴィーナスシリーズ マンスリーBOATRACE杯,1,5326,三嶌 さらら,3,22,47,0,0,0.17,3.62,12.5,21.43,1.6,0,0,34.16,53.47,31.88,47.83
2026-02-02,6,4,2026-02-02 12:23:00,5,ヴィーナスシリーズ マンスリーBOATRACE杯,2,4984,森下 愛梨,2,29,48.9,0,0,0.19,5.7,31.25,57.81,5.26,33.33,55.56,35,54.5,32.26,40.32
2026-02-02,6,4,2026-02-02 12:23:00,5,ヴィーナスシリーズ マンスリーBOATRACE杯,3,4611,今井 美亜,2,35,47,0,0,0.14,6.24,47.41,56.9,6.78,56.76,59.46,37.2,54.11,42.86,61.43
2026-02-02,6,4,2026-02-02 12:23:00,5,ヴィーナスシリーズ マンスリーBOATRACE杯,4,3518,倉田 郁美,3,57,49.3,0,0,0.18,3.7,14.75,27.87,4.03,14.29,34.29,37.89,61.58,41.18,63.24
2026-02-02,6,4,2026-02-02 12:23:00,5,ヴィーナスシリーズ マンスリーBOATRACE杯,5,4765,野田部 宏子,3,35,50.3,0,0,0.12,4.7,27.96,41.94,2.33,0,11.11,31.79,49.67,38.57,50
2026-02-02,6,4,2026-02-02 12:23:00,5,ヴィーナスシリーズ マンスリーBOATRACE杯,6,5380,野田 亜湖,4,21,52.3,0,0,0.3,1.07,0,0,0,0,0,35.57,52.06,37.14,50
2026-02-02,6,5,2026-02-02 12:54:00,5,ヴィーナスシリーズ マンスリーBOATRACE杯,1,5205,刑部 亜里紗,2,28,47.8,0,0,0.19,5.8,40.98,55.74,5.83,42.06,54.21,31.25,46.88,41.43,51.43
2026-02-02,6,5,2026-02-02 12:54:00,5,ヴィーナスシリーズ マンスリーBOATRACE杯,2,5230,石原 凪紗,4,22,45.5,0,0,0.16,3.03,12.12,12.12,0,0,0,49.32,64.25,38.81,53.73
2026-02-02,6,5,2026-02-02 12:54:00,5,ヴィーナスシリーズ マンスリーBOATRACE杯,3,5198,奥村 明日香,3,24,45,0,0,0.21,4.45,23.6,35.96,3.44,11.11,22.22,37.5,52.72,39.13,60.87
2026-02-02,6,5,2026-02-02 12:54:00,5,ヴィーナスシリーズ マンスリーBOATRACE杯,4,4678,水野 望美,3,37,46.5,0,0,0.17,5.14,29.87,48.05,5.54,32.61,45.65,28.9,47.4,26.47,51.47
2026-02-02,6,5,2026-02-02 12:54:00,5,ヴィーナスシリーズ マンスリーBOATRACE杯,5,5174,川井 萌,4,24,46,0,0,0.15,0,0,0,6.12,42.73,60.91,32.98,49.47,25,32.35
2026-02-02,6,5,2026-02-02 12:54:00,5,ヴィーナスシリーズ マンスリーBOATRACE杯,6,5173,谷口 佳蓮,3,24,47,0,0,0.15,4.65,29.55,40.91,0,0,0,30.48,44.92,26.87,49.25
2026-02-02,6,6,2026-02-02 13:27:00,5,ヴィーナスシリーズ マンスリーBOATRACE杯,1,5144,中尾 彩香,3,24,47,0,0,0.17,4.91,34.44,46.67,3.83,25,25,35.53,51.78,16.07,30.36
2026-02-02,6,6,2026-02-02 13:27:00,5,ヴィーナスシリーズ マンスリーBOATRACE杯,2,4289,落合 直子,2,41,47,0,0,0.14,5.59,36.52,55.65,7.07,51.72,75.86,39.6,57.92,34.78,52.17
2026-02-02,6,6,2026-02-02 13:27:00,5,ヴィーナスシリーズ マンスリーBOATRACE杯,3,5072,吉田 杏美,4,31,47,0,0,0.22,2.4,6.98,9.3,0,0,0,37.11,54.64,34.25,46.58
2026-02-02,6,6,2026-02-02 13:27:00,5,ヴィーナスシリーズ マンスリーBOATRACE杯,4,4071,古賀 千晶,3,45,46.5,0,0,0.19,3.84,12.73,40,4.64,21.21,42.42,37.56,57.87,44.78,64.18
2026-02-02,6,6,2026-02-02 13:27:00,5,ヴィーナスシリーズ マンスリーBOATRACE杯,5,3932,池田 浩美,3,49,50.8,0,0,0.18,4.37,29.33,36,3.53,20.93,27.91,44.08,64.93,34.33,56.72
2026-02-02,6,6,2026-02-02 13:27:00,5,ヴィーナスシリーズ マンスリーBOATRACE杯,6,4689,豊田 結,2,32,50.5,0,0,0.15,5.16,34.31,48.04,6.5,45.45,68.18,32.99,45.88,30,55.71
2026-02-02,6,7,2026-02-02 14:00:00,5,ヴィーナスシリーズ マンスリーBOATRACE杯,1,5117,冨名腰 桃奈,3,25,47.7,0,0,0.18,3.38,14.06,25,0,0,0,33.16,48.13,26.87,40.3
2026-02-02,6,7,2026-02-02 14:00:00,5,ヴィーナスシリーズ マンスリーBOATRACE杯,2,4317,木村 紗友希,3,41,47,0,0,0.16,3.98,21.69,32.53,4.82,26.67,46.67,37.37,57.07,27.69,50.77
2026-02-02,6,7,2026-02-02 14:00:00,5,ヴィーナスシリーズ マンスリーBOATRACE杯,3,4478,櫻本 あゆみ,2,37,48.9,0,0,0.15,5.93,38.74,60.36,6.16,47.37,63.16,25.47,38.68,29.85,52.24
2026-02-02,6,7,2026-02-02 14:00:00,5,ヴィーナスシリーズ マンスリーBOATRACE杯,4,5153,佐藤 ほのか,3,29,47.4,0,0,0.17,3.81,11.83,29.03,0,0,0,34.04,47.87,33.33,63.77
2026-02-02,6,7,2026-02-02 14:00:00,5,ヴィーナスシリーズ マンスリーBOATRACE杯,5,4854,大橋 由珠,4,30,45,0,0,0.18,5.39,32.14,53.57,0,0,0,32.16,49.25,39.39,53.03
2026-02-02,6,7,2026-02-02 14:00:00,5,ヴィーナスシリーズ マンスリーBOATRACE杯,6,5019,柴田 百恵,2,26,44,1,0,0.16,5.09,32.63,50.53,4.83,28.13,46.88,35.46,49.65,27.54,46.38
2026-02-02,6,8,2026-02-02 14:35:00,5,ヴィーナスシリーズ マンスリーBOATRACE杯,1,3518,倉田 郁美,3,57,49.3,0,0,0.18,3.7,14.75,27.87,4.03,14.29,34.29,37.89,61.58,41.18,63.24
2026-02-02,6,8,2026-02-02 14:35:00,5,ヴィーナスシリーズ マンスリーBOATRACE杯,2,4738,清埜 翔子,2,34,47,0,0,0.16,5.59,38.89,54.76,6.21,39.29,53.57,35.44,53.88,18.46,40
2026-02-02,6,8,2026-02-02 14:35:00,5,ヴィーナスシリーズ マンスリーBOATRACE杯,3,4456,鎌倉 涼,1,36,45,0,0,0.17,7.08,56.6,69.81,7.04,46.15,61.54,34.81,52.49,31.82,48.48
2026-02-02,6,8,2026-02-02 14:35:00,5,ヴィーナスシリーズ マンスリーBOATRACE杯,4,5296,永田 楽,3,23,46,0,0,0.19,4.1,20.69,33.33,5.11,36.84,47.37,28.13,47.4,28.57,47.14
2026-02-02,6,8,2026-02-02 14:35:00,5,ヴィーナスシリーズ マンスリーBOATRACE杯,5,4400,加藤 奈月,3,37,54.5,0,0,0.19,4.2,17.65,36.47,0,0,0,37.69,58.79,28.79,51.52
2026-02-02,6,8,2026-02-02 14:35:00,5,ヴィーナスシリーズ マンスリーBOATRACE杯,6,4246,喜多 那由夏,3,43,47.2,0,0,0.18,3.93,19.59,35.05,4.98,33.33,45.1,34.31,51.96,40.85,59.15
2026-02-02,6,9,2026-02-02 15:03:00,5,ヴィーナスシリーズ マンスリーBOATRACE杯,1,4611,今井 美亜,2,35,47,0,0,0.14,6.24,47.41,56.9,6.78,56.76,59.46,37.2,54.11,42.86,61.43
2026-02-02,6,9,2026-02-02 15:03:00,5,ヴィーナスシリーズ マンスリーBOATRACE杯,2,4965,福岡 泉水,3,28,51.2,1,0,0.19,4.3,23.68,39.47,4.91,36.36,54.55,41.49,61.17,29.23,46.15
2026-02-02,6,9,2026-02-02 15:03:00,5,ヴィーナスシリーズ マンスリーBOATRACE杯,3,5314,中曽 瑠華,4,25,51.3,0,0,0.18,2.58,6.49,15.58,1.07,0,0,38.07,57.87,31.94,41.67
2026-02-02,6,9,2026-02-02 15:03:00,5,ヴィーナスシリーズ マンスリーBOATRACE杯,4,5205,刑部 亜里紗,2,28,47.8,0,0,0.19,5.8,40.98,55.74,5.83,42.06,54.21,31.25,46.88,41.43,51.43
2026-02-02,6,9,2026-02-02 15:03:00,5,ヴィーナスシリーズ マンスリーBOATRACE杯,5,5370,日隈 茜,4,23,47.9,1,0,0.18,1.23,0,0,0,0,0,47.4,62.5,39.13,62.32
2026-02-02,6,9,2026-02-02 15:03:00,5,ヴィーナスシリーズ マンスリーBOATRACE杯,6,5079,大石 真央,3,27,45,0,0,0.17,3.91,19.51,32.93,3.83,13.89,36.11,44.02,56.94,30.88,45.59
2026-02-02,6,10,2026-02-02 15:33:00,5,ヴィーナスシリーズ マンスリーBOATRACE杯,1,4730,土屋 実沙希,2,36,47.6,0,0,0.17,4.65,26.58,43.04,5.51,32.39,59.15,27.68,48.02,38.81,52.24
2026-02-02,6,10,2026-02-02 15:33:00,5,ヴィーナスシリーズ マンスリーBOATRACE杯,2,5144,中尾 彩香,3,24,47,0,0,0.17,4.91,34.44,46.67,3.83,25,25,35.53,51.78,16.07,30.36
2026-02-02,6,10,2026-02-02 15:33:00,5,ヴィーナスシリーズ マンスリーBOATRACE杯,3,4984,森下 愛梨,2,29,49.1,0,0,0.19,5.7,31.25,57.81,5.26,33.33,55.56,35,54.5,32.26,40.32
2026-02-02,6,10,2026-02-02 15:33:00,5,ヴィーナスシリーズ マンスリーBOATRACE杯,4,3900,香川 素子,1,49,47.8,0,0,0.16,6.14,42.74,63.71,5.18,11.76,41.18,47.89,62.44,30,50
2026-02-02,6,10,2026-02-02 15:33:00,5,ヴィーナスシリーズ マンスリーBOATRACE杯,5,5230,石原 凪紗,4,22,45.5,0,0,0.16,3.03,12.12,12.12,0,0,0,49.32,64.25,38.81,53.73
2026-02-02,6,10,2026-02-02 15:33:00,5,ヴィーナスシリーズ マンスリーBOATRACE杯,6,5148,松本 怜,3,31,47,0,0,0.19,4.22,22.22,37.78,3.83,16.67,27.78,35.42,52.6,31.34,46.27
2026-02-02,6,11,2026-02-02 16:00:00,5,ヴィーナスシリーズ マンスリーBOATRACE杯,1,5174,川井 萌,4,24,46,0,0,0.15,0,0,0,6.12,42.73,60.91,32.98,49.47,25,32.35
2026-02-02,6,11,2026-02-02 16:00:00,5,ヴィーナスシリーズ マンスリーBOATRACE杯,2,4478,櫻本 あゆみ,2,37,48.9,0,0,0.15,5.93,38.74,60.36,6.16,47.37,63.16,25.47,38.68,29.85,52.24
2026-02-02,6,11,2026-02-02 16:00:00,5,ヴィーナスシリーズ マンスリーBOATRACE杯,3,4689,豊田 結,2,32,50.5,0,0,0.15,5.16,34.31,48.04,6.5,45.45,68.18,32.99,45.88,30,55.71
2026-02-02,6,11,2026-02-02 16:00:00,5,ヴィーナスシリーズ マンスリーBOATRACE杯,4,5108,柴田 愛梨,4,26,46,0,0,0.31,1.74,0,2.86,0,0,0,38.12,55.45,32.39,53.52
2026-02-02,6,11,2026-02-02 16:00:00,5,ヴィーナスシリーズ マンスリーBOATRACE杯,5,5052,赤井 星璃菜,4,30,49.9,0,0,0.14,3.72,18.6,30.23,0,0,0,31.67,42.78,30.88,52.94
2026-02-02,6,11,2026-02-02 16:00:00,5,ヴィーナスシリーズ マンスリーBOATRACE杯,6,4936,戸敷 晃美,2,29,47.3,1,0,0.17,5.73,41.67,57.41,5.65,41.18,47.06,39.68,57.14,27.42,46.77
2026-02-02,6,12,2026-02-02 16:37:00,5,ヴィーナスシリーズ マンスリーBOATRACE杯,1,4456,鎌倉 涼,1,36,45,0,0,0.17,7.08,56.6,69.81,7.04,46.15,61.54,34.81,52.49,31.82,48.48
2026-02-02,6,12,2026-02-02 16:37:00,5,ヴィーナスシリーズ マンスリーBOATRACE杯,2,3474,松瀬 弘美,3,55,45.5,0,0,0.17,4.68,28.75,46.25,4.83,26.83,45.12,32.49,45.69,28.79,46.97
2026-02-02,6,12,2026-02-02 16:37:00,5,ヴィーナスシリーズ マンスリーBOATRACE杯,3,4289,落合 直子,2,41,47,0,0,0.14,5.59,36.52,55.65,7.07,51.72,75.86,39.6,57.92,34.78,52.17
2026-02-02,6,12,2026-02-02 16:37:00,5,ヴィーナスシリーズ マンスリーBOATRACE杯,4,4224,大橋 栄里佳,2,43,48.3,0,0,0.18,4.98,30.3,42.42,0,0,0,31.38,49.47,25,38.24
2026-02-02,6,12,2026-02-02 16:37:00,5,ヴィーナスシリーズ マンスリーBOATRACE杯,5,5248,本田 愛,3,23,47.2,1,0,0.22,4.14,19.77,41.86,3.52,12.5,26.56,36.87,50.51,32.86,45.71
2026-02-02,6,12,2026-02-02 16:37:00,5,ヴィーナスシリーズ マンスリーBOATRACE杯,6,4765,野田部 宏子,3,35,50.3,0,0,0.12,4.7,27.96,41.94,2.33,0,11.11,31.79,49.67,38.57,50
2026-02-02,7,1,2026-02-02 15:23:00,5,ラグーナテンボス杯争奪戦,1,3454,井川 大作,3,54,54.9,0,0,0.15,5.42,31.96,56.7,5.67,44.44,66.67,39.22,52.94,35.96,57.89
2026-02-02,7,1,2026-02-02 15:23:00,5,ラグーナテンボス杯争奪戦,2,3820,樫葉 次郎,3,53,60.1,0,0,0.17,3.13,11.76,19.12,0,0,0,47,60,31.07,46.6
2026-02-02,7,1,2026-02-02 15:23:00,5,ラグーナテンボス杯争奪戦,3,4429,豊田 泰洋,3,40,57.1,1,0,0.17,3.94,15.6,33.94,4,16.67,16.67,34.45,56.3,42.28,60.16
2026-02-02,7,1,2026-02-02 15:23:00,5,ラグーナテンボス杯争奪戦,4,5312,川辺 郭人,3,25,52.6,0,0,0.17,2.85,10.23,15.91,0,0,0,37.38,57.01,28.57,50.48
2026-02-02,7,1,2026-02-02 15:23:00,5,ラグーナテンボス杯争奪戦,5,5400,高村 諒,4,23,52.4,0,0,0.2,1.63,1.49,2.99,0,0,0,38.6,54.39,38.26,61.74
2026-02-02,7,1,2026-02-02 15:23:00,5,ラグーナテンボス杯争奪戦,6,3797,岩井 繁,3,52,58.2,0,0,0.19,3.91,15.46,34.02,4.33,22.22,33.33,30.99,52.11,30,43
2026-02-02,7,2,2026-02-02 15:48:00,5,ラグーナテンボス杯争奪戦,1,4648,木村 亮太,3,41,52,1,0,0.15,4.91,26.97,47.19,5.15,30,45,41.53,53.39,32.69,50.96
2026-02-02,7,2,2026-02-02 15:48:00,5,ラグーナテンボス杯争奪戦,2,3684,清水 攻二,2,51,52.7,0,0,0.17,5.93,40.91,60,5.52,28.57,57.14,36.44,54.24,30.68,42.05
2026-02-02,7,2,2026-02-02 15:48:00,5,ラグーナテンボス杯争奪戦,3,4139,丹下 健,3,45,54.1,0,0,0.17,4.76,27.18,46.6,5.65,40.32,53.23,32.35,49.26,21.15,36.54
2026-02-02,7,2,2026-02-02 15:48:00,5,ラグーナテンボス杯争奪戦,4,5035,櫻井 優,3,27,52.6,0,0,0.17,5.2,32.99,52.58,5,33.33,50,43,67,32.69,49.04
2026-02-02,7,2,2026-02-02 15:48:00,5,ラグーナテンボス杯争奪戦,5,5427,港 理樹,4,23,52.3,0,0,,2.45,2.38,9.52,0,0,0,29.17,44.79,46.3,62.96
2026-02-02,7,2,2026-02-02 15:48:00,5,ラグーナテンボス杯争奪戦,6,4012,中村 有裕,2,46,56.8,0,0,0.15,5.92,42.37,59.32,6.1,52.38,61.9,31.03,50,20.22,43.82
2026-02-02,7,3,2026-02-02 16:17:00,5,ラグーナテンボス杯争奪戦,1,3313,本吉 正樹,3,60,54.4,0,0,0.19,4.22,22.08,31.17,3,0,16.67,31.91,50.35,33.61,52.46
2026-02-02,7,3,2026-02-02 16:17:00,5,ラグーナテンボス杯争奪戦,2,4527,高野 心吾,3,37,52,0,0,0.17,3.95,20.24,35.71,3.63,16.67,20.83,40.19,59.81,31.15,53.28
2026-02-02,7,3,2026-02-02 16:17:00,5,ラグーナテンボス杯争奪戦,3,5285,若林 麗,3,26,52,0,0,0.17,3.35,12.37,22.68,2.36,0,12.12,35.51,50,31.82,54.55
2026-02-02,7,3,2026-02-02 16:17:00,5,ラグーナテンボス杯争奪戦,4,4553,坪口 竜也,2,36,51.5,0,0,0.14,6.12,43.43,64.65,3.88,25,25,33.33,49.24,28.33,45
2026-02-02,7,3,2026-02-02 16:17:00,5,ラグーナテンボス杯争奪戦,5,5073,上原 健次郎,2,30,52.5,0,0,0.16,5.4,30.85,56.38,5.56,44.44,55.56,32.8,50.4,20.73,29.27
2026-02-02,7,3,2026-02-02 16:17:00,5,ラグーナテンボス杯争奪戦,6,3772,一柳 和孝,3,51,53.6,0,0,0.15,5.53,32.88,58.9,4.6,30,40,40.4,57.58,40.91,56.36
2026-02-02,7,4,2026-02-02 16:42:00,5,ラグーナテンボス杯争奪戦,1,3827,今泉 徹,3,52,52.1,0,0,0.17,3.91,15.12,33.72,4.93,29.63,48.15,45.19,63.46,31.68,44.55
2026-02-02,7,4,2026-02-02 16:42:00,5,ラグーナテンボス杯争奪戦,2,4390,松本 弓雄,3,39,52.3,0,0,0.21,3.62,14.44,24.44,0,0,0,47,70,33.33,52.38
2026-02-02,7,4,2026-02-02 16:42:00,5,ラグーナテンボス杯争奪戦,3,3880,浅見 宗孝,3,53,55.8,0,0,0.18,4.85,29.29,44.44,4.76,35.29,47.06,33.33,50,39.47,60.53
2026-02-02,7,4,2026-02-02 16:42:00,5,ラグーナテンボス杯争奪戦,4,4381,田路 朋史,2,41,52,0,0,0.17,6.3,47.37,63.91,6.8,40,70,44.9,59.18,27.66,47.87
2026-02-02,7,4,2026-02-02 16:42:00,5,ラグーナテンボス杯争奪戦,5,5353,草川 壮良,3,21,52.3,0,0,0.18,2.72,7.35,14.71,1.88,0,0,29.82,42.11,37.14,48.57
2026-02-02,7,4,2026-02-02 16:42:00,5,ラグーナテンボス杯争奪戦,6,4796,春園 功太,2,34,52,0,0,0.13,6.29,46.79,62.39,4.78,22.22,44.44,35.07,52.24,22.22,43.21
2026-02-02,7,5,2026-02-02 17:10:00,5,ラグーナテンボス杯争奪戦,1,4216,星 栄爾,3,40,54.3,0,0,0.14,5.43,37.68,52.17,4.17,20.69,37.93,37.88,49.24,32.61,47.83
2026-02-02,7,5,2026-02-02 17:10:00,5,ラグーナテンボス杯争奪戦,2,3875,廣中 良一,3,49,52,0,0,0.17,3.74,20.69,28.74,4.88,29.41,41.18,38.02,52.07,42.19,62.5
2026-02-02,7,5,2026-02-02 17:10:00,5,ラグーナテンボス杯争奪戦,3,4700,金子 和之,2,38,52.7,0,0,0.14,6.41,50.63,67.09,6.16,31.58,63.16,40.43,55.32,28.71,51.49
2026-02-02,7,5,2026-02-02 17:10:00,5,ラグーナテンボス杯争奪戦,4,5379,廣部 大明,4,21,52,0,0,0.2,2.13,1.59,9.52,0,0,0,50.53,64.21,33.61,47.9
2026-02-02,7,5,2026-02-02 17:10:00,5,ラグーナテンボス杯争奪戦,5,3582,吉川 昭男,2,53,52.7,0,0,0.15,5.74,43.07,57.66,6.44,55.88,70.59,36.22,55.91,34.26,51.85
2026-02-02,7,5,2026-02-02 17:10:00,5,ラグーナテンボス杯争奪戦,6,3458,東 健介,3,59,54,1,0,0.16,4.04,17.11,28.95,6.2,40,50,30.71,47.86,29.79,50
2026-02-02,7,6,2026-02-02 17:38:00,5,ラグーナテンボス杯争奪戦,1,4988,牟田 奨太,3,28,55,0,0,0.16,3.52,22,29,5.53,42.5,52.5,36.08,53.61,30.77,45.3
2026-02-02,7,6,2026-02-02 17:38:00,5,ラグーナテンボス杯争奪戦,2,4540,相原 利章,2,38,52.2,0,0,0.12,5.31,26.74,52.33,5.28,40,48,29.37,46.83,34.78,46.09
2026-02-02,7,6,2026-02-02 17:38:00,5,ラグーナテンボス杯争奪戦,3,5150,坂本 雄紀,2,31,52,0,0,0.15,6.3,43.52,67.59,6.47,41.18,64.71,40.32,58.87,29.63,43.21
2026-02-02,7,6,2026-02-02 17:38:00,5,ラグーナテンボス杯争奪戦,4,5400,高村 諒,4,23,52.4,0,0,0.2,1.63,1.49,2.99,0,0,0,38.6,54.39,38.26,61.74
2026-02-02,7,6,2026-02-02 17:38:00,5,ラグーナテンボス杯争奪戦,5,4653,小野 達哉,1,40,52,0,0,0.14,6.63,52.38,71.43,6,50,58.33,39.66,57.76,29.82,48.25
2026-02-02,7,6,2026-02-02 17:38:00,5,ラグーナテンボス杯争奪戦,6,4315,山崎 昂介,3,41,52.9,0,0,0.19,4.47,21.59,39.77,3,20,20,44.79,58.33,35.16,53.13
2026-02-02,7,7,2026-02-02 18:06:00,5,ラグーナテンボス杯争奪戦,1,4515,藤田 浩人,2,39,53.4,0,0,0.17,5.92,41.35,58.65,6.44,44.44,72.22,35.34,45.69,41.86,61.24
2026-02-02,7,7,2026-02-02 18:06:00,5,ラグーナテンボス杯争奪戦,2,3797,岩井 繁,3,52,58.2,0,0,0.19,3.91,15.46,34.02,4.33,22.22,33.33,30.99,52.11,30,43
2026-02-02,7,7,2026-02-02 18:06:00,5,ラグーナテンボス杯争奪戦,3,4236,松村 敏,1,42,52.9,0,0,0.11,7.37,55.63,82.39,7.36,45.45,90.91,37.1,48.39,46.4,67.2
2026-02-02,7,7,2026-02-02 18:06:00,5,ラグーナテンボス杯争奪戦,4,4523,中村 辰也,2,37,52.8,0,0,0.14,5.54,38.78,58.16,5,30.77,53.85,44.79,57.29,34.31,58.82
2026-02-02,7,7,2026-02-02 18:06:00,5,ラグーナテンボス杯争奪戦,5,5285,若林 麗,3,26,52,0,0,0.17,3.35,12.37,22.68,2.36,0,12.12,35.51,50,31.82,54.55
2026-02-02,7,7,2026-02-02 18:06:00,5,ラグーナテンボス杯争奪戦,6,5427,港 理樹,4,23,52.3,0,0,,2.45,2.38,9.52,0,0,0,29.17,44.79,46.3,62.96
2026-02-02,7,8,2026-02-02 18:34:00,5,ラグーナテンボス杯争奪戦,1,3684,清水 攻二,2,51,52.7,0,0,0.17,5.93,40.91,60,5.52,28.57,57.14,36.44,54.24,30.68,42.05
2026-02-02,7,8,2026-02-02 18:34:00,5,ラグーナテンボス杯争奪戦,2,4581,吉村 誠,1,36,52,0,0,0.14,6.12,42.96,59.15,6.94,56.25,62.5,45.1,66.67,35.83,55
2026-02-02,7,8,2026-02-02 18:34:00,5,ラグーナテンボス杯争奪戦,3,4527,高野 心吾,3,37,52,0,0,0.17,3.95,20.24,35.71,3.63,16.67,20.83,40.19,59.81,31.15,53.28
2026-02-02,7,8,2026-02-02 18:34:00,5,ラグーナテンボス杯争奪戦,4,3454,井川 大作,3,54,54.9,0,0,0.15,5.42,31.96,56.7,5.67,44.44,66.67,39.22,52.94,35.96,57.89
2026-02-02,7,8,2026-02-02 18:34:00,5,ラグーナテンボス杯争奪戦,5,4466,南 佑典,2,39,51,1,0,0.16,5.89,36.04,60.36,5.1,29.03,45.16,30.56,52.78,29.55,43.18
2026-02-02,7,8,2026-02-02 18:34:00,5,ラグーナテンボス杯争奪戦,6,5393,藤原 駿,4,24,57,0,0,0.22,1.41,0,1.72,1.25,0,0,37.69,50,39.29,60.71
2026-02-02,7,9,2026-02-02 19:04:00,5,ラグーナテンボス杯争奪戦,1,4381,田路 朋史,2,41,52,0,0,0.17,6.3,47.37,63.91,6.8,40,70,44.9,59.18,27.66,47.87
2026-02-02,7,9,2026-02-02 19:04:00,5,ラグーナテンボス杯争奪戦,2,4429,豊田 泰洋,3,40,57.1,1,0,0.17,3.94,15.6,33.94,4,16.67,16.67,34.45,56.3,42.28,60.16
2026-02-02,7,9,2026-02-02 19:04:00,5,ラグーナテンボス杯争奪戦,3,4648,木村 亮太,3,41,52,1,0,0.15,4.91,26.97,47.19,5.15,30,45,41.53,53.39,32.69,50.96
2026-02-02,7,9,2026-02-02 19:04:00,5,ラグーナテンボス杯争奪戦,4,3582,吉川 昭男,2,53,52.7,0,0,0.15,5.74,43.07,57.66,6.44,55.88,70.59,36.22,55.91,34.26,51.85
2026-02-02,7,9,2026-02-02 19:04:00,5,ラグーナテンボス杯争奪戦,5,5252,荒木 颯斗,2,23,52,0,0,0.15,5.83,37.93,60.92,4.04,14.81,44.44,35.4,55.75,29.47,38.95
2026-02-02,7,9,2026-02-02 19:04:00,5,ラグーナテンボス杯争奪戦,6,5290,坂本 一真,3,24,51.5,0,0,0.19,3.39,13.33,26.67,3.63,12.5,12.5,30.99,46.48,37.5,56.73
2026-02-02,7,10,2026-02-02 19:35:00,5,ラグーナテンボス杯争奪戦,1,4653,小野 達哉,1,40,52,0,0,0.14,6.63,52.38,71.43,6,50,58.33,39.66,57.76,29.82,48.25
2026-02-02,7,10,2026-02-02 19:35:00,5,ラグーナテンボス杯争奪戦,2,3455,谷本 幸司,3,54,52,0,0,0.18,5.31,31.91,47.87,3.96,22.22,33.33,40.3,60.45,26.88,45.16
2026-02-02,7,10,2026-02-02 19:35:00,5,ラグーナテンボス杯争奪戦,3,4012,中村 有裕,2,46,56.8,0,0,0.15,5.92,42.37,59.32,6.1,52.38,61.9,31.03,50,20.22,43.82
2026-02-02,7,10,2026-02-02 19:35:00,5,ラグーナテンボス杯争奪戦,4,3827,今泉 徹,3,52,52.1,0,0,0.17,3.91,15.12,33.72,4.93,29.63,48.15,45.19,63.46,31.68,44.55
2026-02-02,7,10,2026-02-02 19:35:00,5,ラグーナテンボス杯争奪戦,5,4430,永田 秀二,2,40,55.1,0,0,0.17,5.9,39.68,57.14,5.73,40.91,54.55,30.37,52.59,31.3,50.43
2026-02-02,7,10,2026-02-02 19:35:00,5,ラグーナテンボス杯争奪戦,6,4700,金子 和之,2,38,52.7,0,0,0.14,6.41,50.63,67.09,6.16,31.58,63.16,40.43,55.32,28.71,51.49
2026-02-02,7,11,2026-02-02 20:06:00,5,ラグーナテンボス杯争奪戦,1,4236,松村 敏,1,42,52.9,0,0,0.11,7.37,55.63,82.39,7.36,45.45,90.91,37.1,48.39,46.4,67.2
2026-02-02,7,11,2026-02-02 20:06:00,5,ラグーナテンボス杯争奪戦,2,4796,春園 功太,2,34,52,0,0,0.13,6.29,46.79,62.39,4.78,22.22,44.44,35.07,52.24,22.22,43.21
2026-02-02,7,11,2026-02-02 20:06:00,5,ラグーナテンボス杯争奪戦,3,5073,上原 健次郎,2,30,52.5,0,0,0.16,5.4,30.85,56.38,5.56,44.44,55.56,32.8,50.4,20.73,29.27
2026-02-02,7,11,2026-02-02 20:06:00,5,ラグーナテンボス杯争奪戦,4,4216,星 栄爾,3,40,54.3,0,0,0.14,5.43,37.68,52.17,4.17,20.69,37.93,37.88,49.24,32.61,47.83
2026-02-02,7,11,2026-02-02 20:06:00,5,ラグーナテンボス杯争奪戦,5,5035,櫻井 優,3,27,52.6,0,0,0.17,5.2,32.99,52.58,5,33.33,50,43,67,32.69,49.04
2026-02-02,7,11,2026-02-02 20:06:00,5,ラグーナテンボス杯争奪戦,6,4540,相原 利章,2,38,52.2,0,0,0.12,5.31,26.74,52.33,5.28,40,48,29.37,46.83,34.78,46.09
2026-02-02,7,12,2026-02-02 20:38:00,5,ラグーナテンボス杯争奪戦,1,4581,吉村 誠,1,36,52,0,0,0.14,6.12,42.96,59.15,6.94,56.25,62.5,45.1,66.67,35.83,55
2026-02-02,7,12,2026-02-02 20:38:00,5,ラグーナテンボス杯争奪戦,2,4553,坪口 竜也,2,36,51.5,0,0,0.14,6.12,43.43,64.65,3.88,25,25,33.33,49.24,28.33,45
2026-02-02,7,12,2026-02-02 20:38:00,5,ラグーナテンボス杯争奪戦,3,4390,松本 弓雄,3,39,52.3,0,0,0.21,3.62,14.44,24.44,0,0,0,47,70,33.33,52.38
2026-02-02,7,12,2026-02-02 20:38:00,5,ラグーナテンボス杯争奪戦,4,5150,坂本 雄紀,2,31,52,0,0,0.15,6.3,43.52,67.59,6.47,41.18,64.71,40.32,58.87,29.63,43.21
2026-02-02,7,12,2026-02-02 20:38:00,5,ラグーナテンボス杯争奪戦,5,3875,廣中 良一,3,49,52,0,0,0.17,3.74,20.69,28.74,4.88,29.41,41.18,38.02,52.07,42.19,62.5
2026-02-02,7,12,2026-02-02 20:38:00,5,ラグーナテンボス杯争奪戦,6,4523,中村 辰也,2,37,52.8,0,0,0.14,5.54,38.78,58.16,5,30.77,53.85,44.79,57.29,34.31,58.82
2026-02-02,10,1,2026-02-02 08:35:00,5,SODA杯,1,4191,赤羽 克也,2,44,52.4,0,0,0.17,6.22,45.16,64.52,5.45,36.36,54.55,37.61,51.77,28.57,46.88
2026-02-02,10,1,2026-02-02 08:35:00,5,SODA杯,2,3986,沖島 広和,3,47,56.3,0,0,0.18,5.1,29.67,50.55,5.27,36.36,45.45,38.39,52.23,36.99,55.25
2026-02-02,10,1,2026-02-02 08:35:00,5,SODA杯,3,5009,大賀 龍之介,3,28,54.5,0,0,0.16,4.96,35.14,46.85,4.92,32.43,45.95,38.86,55.9,33.33,52.11
2026-02-02,10,1,2026-02-02 08:35:00,5,SODA杯,4,5235,岩田 凌,4,27,55,0,0,0.18,3.16,12.24,18.37,2.18,8.82,8.82,30.18,45.05,29.72,49.06
2026-02-02,10,1,2026-02-02 08:35:00,5,SODA杯,5,3891,谷口 健一,3,50,54.8,0,0,0.18,3.38,13.21,25.47,3.6,14.52,22.58,33.95,56.28,36.53,50.68
2026-02-02,10,1,2026-02-02 08:35:00,5,SODA杯,6,4106,坂井 康嗣,3,46,52,0,0,0.19,3.29,12.2,24.39,2.38,7.69,7.69,32.41,50.46,37.05,50.89
2026-02-02,10,2,2026-02-02 09:01:00,5,SODA杯,1,4058,野末 智一,2,46,51,0,0,0.19,6.02,41.94,66.94,5.25,50,58.33,43.84,56.16,31.25,51.34
2026-02-02,10,2,2026-02-02 09:01:00,5,SODA杯,2,4469,土山 卓也,2,39,54.9,0,0,0.16,5.73,37.17,58.41,5.71,31.25,55.47,32.31,48.03,31.73,45.67
2026-02-02,10,2,2026-02-02 09:01:00,5,SODA杯,3,3616,中村 真,3,52,53.3,0,0,0.16,5.59,35.42,57.29,5,29.41,52.94,32.11,51.83,31.84,53.36
2026-02-02,10,2,2026-02-02 09:01:00,5,SODA杯,4,4837,酒井 陽祐,3,36,52.1,0,0,0.15,4.9,27.84,47.42,3.6,0,24,47.6,68.27,38.5,53.52
2026-02-02,10,2,2026-02-02 09:01:00,5,SODA杯,5,5091,為本 智也,3,25,52.7,1,0,0.15,5.68,36.59,59.76,6.12,42.86,63.27,33.19,48.03,38.33,55.51
2026-02-02,10,2,2026-02-02 09:01:00,5,SODA杯,6,5348,小林 甘寧,3,22,53,0,0,0.19,3.87,21.43,32.86,0,0,0,41.48,58.08,36.04,51.8
2026-02-02,10,3,2026-02-02 09:27:00,5,SODA杯,1,3445,加藤 高史,2,56,52.5,0,0,0.18,5.7,32.89,56.58,4.82,18.18,45.45,36.87,54.38,32.51,47.78
2026-02-02,10,3,2026-02-02 09:27:00,5,SODA杯,2,5065,伊久間 陽優,3,27,52,0,0,0.12,5.52,44.57,53.26,5.2,40,60,31.78,52.8,31.05,45.66
2026-02-02,10,3,2026-02-02 09:27:00,5,SODA杯,3,3484,芝田 浩治,2,54,52.2,0,0,0.16,5.75,40.77,60,6.45,60,70,33.79,48.4,27.36,41.29
2026-02-02,10,3,2026-02-02 09:27:00,5,SODA杯,4,4177,萬 正嗣,3,43,57.9,0,0,0.17,4.51,23.08,44.62,4.21,25,37.5,34.23,53.15,32.23,49.29
2026-02-02,10,3,2026-02-02 09:27:00,5,SODA杯,5,3156,金子 良昭,3,61,53.4,0,0,0.16,3.75,16.9,26.76,4.52,17.39,39.13,33.64,48.18,33.78,48.65
2026-02-02,10,3,2026-02-02 09:27:00,5,SODA杯,6,5323,香川 陽太,3,22,59.3,0,0,0.16,3.79,23.08,33.33,2.29,0,7.14,33.96,54.25,37.17,51.33
2026-02-02,10,4,2026-02-02 09:53:00,5,SODA杯,1,4652,酒見 峻介,2,40,52.3,1,0,0.16,4.92,29.2,51.33,6.1,47.62,66.67,30.6,48.28,24.64,39.13
2026-02-02,10,4,2026-02-02 09:53:00,5,SODA杯,2,3543,福田 雅一,3,57,54.8,0,0,0.17,5.31,33.68,51.58,5.39,38.89,50,33.82,50.49,33.93,50
2026-02-02,10,4,2026-02-02 09:53:00,5,SODA杯,3,4258,関根 彰人,3,42,52.8,0,0,0.15,4.88,30.21,41.67,5.12,29.41,47.06,36,52,33.8,52.31
2026-02-02,10,4,2026-02-02 09:53:00,5,SODA杯,4,4110,小澤 和也,3,45,55.5,0,0,0.17,4.53,29.41,45.88,4.17,16.67,38.89,31.39,48.88,34.35,48.26
2026-02-02,10,4,2026-02-02 09:53:00,5,SODA杯,5,4049,荒川 健太,2,45,56.3,0,0,0.17,6.05,36.09,60.15,6.04,39.29,46.43,36.4,55.26,35.87,50.67
2026-02-02,10,4,2026-02-02 09:53:00,5,SODA杯,6,5280,廣瀬 凜,2,23,51.5,0,0,0.17,6.4,47.06,66.67,5.52,32.26,54.84,35.62,52.79,36.1,48.78
2026-02-02,10,5,2026-02-02 10:21:00,5,SODA杯,1,4270,岸本 雄貴,3,43,56.8,0,0,0.17,4.28,26,39,2.88,6.25,18.75,32.38,49.05,30.14,47.85
2026-02-02,10,5,2026-02-02 10:21:00,5,SODA杯,2,4835,橋本 明,3,37,53.1,0,0,0.15,4.55,15.69,43.14,5,42.86,42.86,40.45,55.45,33.92,55.51
2026-02-02,10,5,2026-02-02 10:21:00,5,SODA杯,3,5176,石倉 拓美,4,32,53.8,0,0,0.21,2.91,9.3,16.28,0,0,0,29.41,45.1,24,47.5
2026-02-02,10,5,2026-02-02 10:21:00,5,SODA杯,4,4379,桑島 和宏,1,41,55.4,0,0,0.16,5.88,41.41,58.59,6.44,33.33,66.67,35.48,51.15,29.49,46.08
2026-02-02,10,5,2026-02-02 10:21:00,5,SODA杯,5,5036,福田 翔吾,3,27,52,0,0,0.19,4.88,35.96,43.86,0,0,0,38.83,60.68,39.64,58.11
2026-02-02,10,5,2026-02-02 10:21:00,5,SODA杯,6,5095,小原 聡将,2,31,52.2,0,0,0.14,6,34.88,65.12,5.79,36.84,57.89,35.14,51.35,37.61,55.5
2026-02-02,10,6,2026-02-02 10:52:00,5,SODA杯,1,4106,坂井 康嗣,3,46,52,0,0,0.19,3.29,12.2,24.39,2.38,7.69,7.69,32.41,50.46,37.05,50.89
2026-02-02,10,6,2026-02-02 10:52:00,5,SODA杯,2,4883,岡部 大輝,3,30,52.1,0,0,0.17,5.64,40.7,52.33,5.31,24.14,55.17,33.48,56.65,34.42,50.23
2026-02-02,10,6,2026-02-02 10:52:00,5,SODA杯,3,4834,浜本 裕己,2,38,50,0,0,0.14,5.9,37.61,57.26,3.63,12.5,37.5,33.79,54.34,32.08,47.64
2026-02-02,10,6,2026-02-02 10:52:00,5,SODA杯,4,5139,大場 恒季,2,25,52,0,0,0.14,6.22,43.81,60,6.68,46.43,71.43,33.33,52.63,26.11,42.78
2026-02-02,10,6,2026-02-02 10:52:00,5,SODA杯,5,5299,西丸 敦基,3,23,52.2,0,0,0.17,4.89,30.97,46.02,2,12.5,12.5,34.58,51.67,27.66,42.55
2026-02-02,10,6,2026-02-02 10:52:00,5,SODA杯,6,4661,中島 昂章,3,34,52,0,0,0.19,4.71,23.64,47.27,5,27.27,45.45,37.5,51.79,36.49,50.9
2026-02-02,10,7,2026-02-02 11:23:00,5,SODA杯,1,5323,香川 陽太,3,22,59.3,0,0,0.16,3.79,23.08,33.33,2.29,0,7.14,33.96,54.25,37.17,51.33
2026-02-02,10,7,2026-02-02 11:23:00,5,SODA杯,2,5047,國分 将太郎,3,31,53.4,0,0,0.2,4.38,23.53,38.82,0,0,0,31.25,50.96,28.79,46.46
2026-02-02,10,7,2026-02-02 11:23:00,5,SODA杯,3,4161,黒柳 浩孝,2,44,54.1,0,0,0.16,5.52,36.26,52.75,5.14,28.57,42.86,36.04,48.2,31.84,48.43
2026-02-02,10,7,2026-02-02 11:23:00,5,SODA杯,4,4896,花本 剛,3,34,57.8,0,0,0.19,4.14,20.56,36.45,3,0,21.43,28.37,45.58,33.94,50.68
2026-02-02,10,7,2026-02-02 11:23:00,5,SODA杯,5,3616,中村 真,3,52,53.3,0,0,0.16,5.59,35.42,57.29,5,29.41,52.94,32.11,51.83,31.84,53.36
2026-02-02,10,7,2026-02-02 11:23:00,5,SODA杯,6,4688,永井 彪也,1,33,53,0,0,0.13,6.16,36.04,54.95,6.04,36,56,40.55,50.69,28.23,45.93
2026-02-02,10,8,2026-02-02 11:54:00,5,SODA杯,1,3891,谷口 健一,3,50,55.7,0,0,0.18,3.38,13.21,25.47,3.6,14.52,22.58,33.95,56.28,36.53,50.68
2026-02-02,10,8,2026-02-02 11:54:00,5,SODA杯,2,4177,萬 正嗣,3,43,58.1,0,0,0.17,4.51,23.08,44.62,4.21,25,37.5,34.23,53.15,32.23,49.29
2026-02-02,10,8,2026-02-02 11:54:00,5,SODA杯,3,4440,萩原 知哉,3,39,53.7,0,0,0.17,4.4,16.13,37.63,2.67,0,13.33,38.43,52.31,37.17,56.64
2026-02-02,10,8,2026-02-02 11:54:00,5,SODA杯,4,5091,為本 智也,3,25,52.4,1,0,0.15,5.68,36.59,59.76,6.12,42.86,63.27,33.19,48.03,38.33,55.51
2026-02-02,10,8,2026-02-02 11:54:00,5,SODA杯,5,4258,関根 彰人,3,42,52.1,0,0,0.15,4.88,30.21,41.67,5.12,29.41,47.06,36,52,33.8,52.31
2026-02-02,10,8,2026-02-02 11:54:00,5,SODA杯,6,5407,中岡 駿,4,21,52.9,0,0,0.22,1.83,1.72,8.62,0,0,0,31.16,44.72,41.92,62.01
2026-02-02,10,9,2026-02-02 12:27:00,5,SODA杯,1,3156,金子 良昭,3,61,53.4,0,0,0.16,3.75,16.9,26.76,4.52,17.39,39.13,33.64,48.18,33.78,48.65
2026-02-02,10,9,2026-02-02 12:27:00,5,SODA杯,2,4837,酒井 陽祐,3,36,52.1,0,0,0.15,4.9,27.84,47.42,3.6,0,24,47.6,68.27,38.5,53.52
2026-02-02,10,9,2026-02-02 12:27:00,5,SODA杯,3,5036,福田 翔吾,3,27,52,0,0,0.19,4.88,35.96,43.86,0,0,0,38.83,60.68,39.64,58.11
2026-02-02,10,9,2026-02-02 12:27:00,5,SODA杯,4,3591,後藤 孝義,4,57,52,0,0,0.17,3.39,15.69,25.49,1.57,0,0,38.25,51.61,27.01,40.28
2026-02-02,10,9,2026-02-02 12:27:00,5,SODA杯,5,4210,松村 康太,2,42,52.3,0,0,0.17,5.63,34.29,59.05,6.27,41.84,63.83,39.37,62.9,28.77,48.11
2026-02-02,10,9,2026-02-02 12:27:00,5,SODA杯,6,4652,酒見 峻介,2,40,52.3,1,0,0.16,4.92,29.2,51.33,6.1,47.62,66.67,30.6,48.28,24.64,39.13
2026-02-02,10,10,2026-02-02 13:03:00,5,SODA杯,1,5280,廣瀬 凜,2,23,51.5,0,0,0.17,6.4,47.06,66.67,5.52,32.26,54.84,35.62,52.79,36.1,48.78
2026-02-02,10,10,2026-02-02 13:03:00,5,SODA杯,2,5299,西丸 敦基,3,23,52.2,0,0,0.17,4.89,30.97,46.02,2,12.5,12.5,34.58,51.67,27.66,42.55
2026-02-02,10,10,2026-02-02 13:03:00,5,SODA杯,3,4379,桑島 和宏,1,41,55.4,0,0,0.16,5.88,41.41,58.59,6.44,33.33,66.67,35.48,51.15,32.16,50.22
2026-02-02,10,10,2026-02-02 13:03:00,5,SODA杯,4,4058,野末 智一,2,46,51,0,0,0.19,6.02,41.94,66.94,5.25,50,58.33,43.84,56.16,31.25,51.34
2026-02-02,10,10,2026-02-02 13:03:00,5,SODA杯,5,3484,芝田 浩治,2,54,52.2,0,0,0.16,5.75,40.77,60,6.45,60,70,33.79,48.4,27.36,41.29
2026-02-02,10,10,2026-02-02 13:03:00,5,SODA杯,6,3986,沖島 広和,3,47,56.3,0,0,0.18,5.1,29.67,50.55,5.27,36.36,45.45,38.39,52.23,36.99,55.25
2026-02-02,10,11,2026-02-02 13:36:00,5,SODA杯,1,5095,小原 聡将,2,31,52.2,0,0,0.14,6,34.88,65.12,5.79,36.84,57.89,35.14,51.35,37.61,55.5
2026-02-02,10,11,2026-02-02 13:36:00,5,SODA杯,2,4191,赤羽 克也,2,44,52.4,0,0,0.17,6.22,45.16,64.52,5.45,36.36,54.55,37.61,51.77,28.57,46.88
2026-02-02,10,11,2026-02-02 13:36:00,5,SODA杯,3,4883,岡部 大輝,3,30,52.1,0,0,0.17,5.64,40.7,52.33,5.31,24.14,55.17,33.48,56.65,34.42,50.23
2026-02-02,10,11,2026-02-02 13:36:00,5,SODA杯,4,4469,土山 卓也,2,39,54.9,0,0,0.16,5.73,37.17,58.41,5.71,31.25,55.47,32.31,48.03,31.73,45.67
2026-02-02,10,11,2026-02-02 13:36:00,5,SODA杯,5,3543,福田 雅一,3,57,54.8,0,0,0.17,5.31,33.68,51.58,5.39,38.89,50,33.82,50.49,33.93,50
2026-02-02,10,11,2026-02-02 13:36:00,5,SODA杯,6,5065,伊久間 陽優,3,27,52,0,0,0.12,5.52,44.57,53.26,5.2,40,60,31.78,52.8,31.05,45.66
2026-02-02,10,12,2026-02-02 14:13:00,5,SODA杯,1,4688,永井 彪也,1,33,53,0,0,0.13,6.16,36.04,54.95,6.04,36,56,40.55,50.69,28.23,45.93
2026-02-02,10,12,2026-02-02 14:13:00,5,SODA杯,2,4049,荒川 健太,2,45,56.3,0,0,0.17,6.05,36.09,60.15,6.04,39.29,46.43,36.4,55.26,35.87,50.67
2026-02-02,10,12,2026-02-02 14:13:00,5,SODA杯,3,5139,大場 恒季,2,25,52,0,0,0.14,6.22,43.81,60,6.68,46.43,71.43,33.33,52.63,26.11,42.78
2026-02-02,10,12,2026-02-02 14:13:00,5,SODA杯,4,5009,大賀 龍之介,3,28,54.5,0,0,0.16,4.96,35.14,46.85,4.92,32.43,45.95,38.86,55.9,33.33,52.11
2026-02-02,10,12,2026-02-02 14:13:00,5,SODA杯,5,5047,國分 将太郎,3,31,53.4,0,0,0.2,4.38,23.53,38.82,0,0,0,31.25,50.96,28.79,46.46
2026-02-02,10,12,2026-02-02 14:13:00,5,SODA杯,6,4835,橋本 明,3,37,53.1,0,0,0.15,4.55,15.69,43.14,5,42.86,42.86,40.45,55.45,33.92,55.51
2026-02-02,13,1,2026-02-02 10:33:00,5,ニッカングローリー賞競走〜まくってちょ〜うだい〜,1,4365,盛本 真輔,3,40,52,0,0,0.17,5.4,35.45,56.36,5.28,32.91,53.16,28.05,42.07,33.75,46.25
2026-02-02,13,1,2026-02-02 10:33:00,5,ニッカングローリー賞競走〜まくってちょ〜うだい〜,2,3718,伊達 正利,3,50,54.6,0,0,0.17,4.08,24.51,34.31,3.67,33.33,33.33,30.99,50.88,34.62,48.72
2026-02-02,13,1,2026-02-02 10:33:00,5,ニッカングローリー賞競走〜まくってちょ〜うだい〜,3,4183,宇野 弥生,2,39,47,0,0,0.13,4.97,34.58,45.79,6.36,54.55,63.64,25.93,42.59,29.75,45.57
2026-02-02,13,1,2026-02-02 10:33:00,5,ニッカングローリー賞競走〜まくってちょ〜うだい〜,4,3604,武藤 綾子,3,55,48.9,0,0,0.2,4.19,22.62,30.95,4,10.53,26.32,30,43.53,29.49,46.15
2026-02-02,13,1,2026-02-02 10:33:00,5,ニッカングローリー賞競走〜まくってちょ〜うだい〜,5,4031,飯島 誠,3,47,52.8,0,0,0.17,4.85,30.93,47.42,3.5,6.25,25,41.72,60.12,31.21,42.68
2026-02-02,13,1,2026-02-02 10:33:00,5,ニッカングローリー賞競走〜まくってちょ〜うだい〜,6,5061,中村 駿平,3,28,52.2,0,0,0.15,4.02,22.22,32.22,3.88,29.41,35.29,37.5,51.79,29.22,44.81
2026-02-02,13,2,2026-02-02 11:05:00,5,ニッカングローリー賞競走〜まくってちょ〜うだい〜,1,4843,深尾 巴恵,4,33,47,0,0,0.13,5.11,29.03,50,0,0,0,33.33,48.81,39.74,63.46
2026-02-02,13,2,2026-02-02 11:05:00,5,ニッカングローリー賞競走〜まくってちょ〜うだい〜,2,5107,松本 真広,3,26,50,0,0,0.17,4.89,31.43,42.86,2.89,0,22.22,31.9,52.15,37.04,51.85
2026-02-02,13,2,2026-02-02 11:05:00,5,ニッカングローリー賞競走〜まくってちょ〜うだい〜,3,3878,胡本 悟志,3,48,52,0,0,0.18,4.37,21.95,37.8,3.56,12,20,27.71,48.19,40.13,54.14
2026-02-02,13,2,2026-02-02 11:05:00,5,ニッカングローリー賞競走〜まくってちょ〜うだい〜,4,4610,佐藤 大佑,2,35,53.5,0,0,0.16,6.05,45.83,57.5,4.13,12.5,25,25.31,39.51,39.74,58.33
2026-02-02,13,2,2026-02-02 11:05:00,5,ニッカングローリー賞競走〜まくってちょ〜うだい〜,5,4442,松竹 大輔,3,39,52.3,0,0,0.15,4.39,21.51,40.86,4.47,23.53,29.41,40.12,54.65,24.68,42.86
2026-02-02,13,2,2026-02-02 11:05:00,5,ニッカングローリー賞競走〜まくってちょ〜うだい〜,6,5213,湯淺 紀香,2,27,47,1,0,0.18,5.25,35.58,51.92,4.06,22.22,44.44,26.54,48.15,32.69,48.72
2026-02-02,13,3,2026-02-02 11:32:00,5,ニッカングローリー賞競走〜まくってちょ〜うだい〜,1,4043,桐本 康臣,2,46,53,1,0,0.15,5.67,33.61,58.82,6.44,43.75,68.75,46.2,63.92,44.3,63.29
2026-02-02,13,3,2026-02-02 11:32:00,5,ニッカングローリー賞競走〜まくってちょ〜うだい〜,2,4902,山川 雄大,3,32,52,0,0,0.17,4.87,33.91,51.3,4.9,31.17,50.65,32.16,51.46,35,56.25
2026-02-02,13,3,2026-02-02 11:32:00,5,ニッカングローリー賞競走〜まくってちょ〜うだい〜,3,4419,原 加央理,3,38,46,0,0,0.16,5.3,37.08,53.93,4.7,30,45,36.75,59.04,35.85,50.31
2026-02-02,13,3,2026-02-02 11:32:00,5,ニッカングローリー賞競走〜まくってちょ〜うだい〜,4,2538,高橋 二朗,3,76,52,0,0,0.21,3.7,10.81,28.38,2.47,6.67,6.67,34.12,47.06,35,53.13
2026-02-02,13,3,2026-02-02 11:32:00,5,ニッカングローリー賞競走〜まくってちょ〜うだい〜,5,3546,中里 昌志,3,56,52,0,0,0.19,4.3,20.69,36.78,4,11.76,29.41,39.16,56.63,32.26,49.68
2026-02-02,13,3,2026-02-02 11:32:00,5,ニッカングローリー賞競走〜まくってちょ〜うだい〜,6,4042,丸岡 正典,2,46,52.3,0,0,0.2,6.18,42.34,57.66,5.22,22.22,33.33,26.88,50,42.04,52.23
2026-02-02,13,4,2026-02-02 12:00:00,5,ニッカングローリー賞競走〜まくってちょ〜うだい〜,1,4281,大澤 大夢,3,42,53.4,0,0,0.14,4.98,25.88,44.71,3.81,18.75,31.25,34.13,46.71,20.69,33.79
2026-02-02,13,4,2026-02-02 12:00:00,5,ニッカングローリー賞競走〜まくってちょ〜うだい〜,2,4930,佐藤 悠,2,30,52.5,1,0,0.14,5.49,34.51,58.41,6.32,47.37,68.42,35.19,51.23,35.9,53.85
2026-02-02,13,4,2026-02-02 12:00:00,5,ニッカングローリー賞競走〜まくってちょ〜うだい〜,3,4327,加藤 翔,3,42,52.2,0,0,0.18,4.26,21.05,37.72,0,0,0,39.88,59.52,48.72,64.1
2026-02-02,13,4,2026-02-02 12:00:00,5,ニッカングローリー賞競走〜まくってちょ〜うだい〜,4,5350,網代 良芽,3,21,52.4,0,0,0.18,3.89,19.1,32.58,2.5,1.67,15,22.56,35.98,29.3,48.41
2026-02-02,13,4,2026-02-02 12:00:00,5,ニッカングローリー賞競走〜まくってちょ〜うだい〜,5,3752,宇土 泰就,3,54,56.9,0,0,0.16,3.73,20.24,30.95,3.88,12.5,37.5,22.22,36.6,35.03,50.96
2026-02-02,13,4,2026-02-02 12:00:00,5,ニッカングローリー賞競走〜まくってちょ〜うだい〜,6,4184,渡邊 雄一郎,1,39,52,0,0,0.16,6.9,54.44,75.56,6.1,35,67.5,37.13,50.3,36.94,54.78
2026-02-02,13,5,2026-02-02 12:32:00,5,ニッカングローリー賞競走〜まくってちょ〜うだい〜,1,4561,藤山 翔大,2,34,52,0,0,0.19,5.81,44.44,53.7,6.13,50,56.25,37.72,53.29,40.4,52.98
2026-02-02,13,5,2026-02-02 12:32:00,5,ニッカングローリー賞競走〜まくってちょ〜うだい〜,2,4404,岸蔭 亮,3,40,52.3,0,0,0.18,3.68,20.62,30.93,4.41,22.22,44.44,37.65,58.82,29.03,44.52
2026-02-02,13,5,2026-02-02 12:32:00,5,ニッカングローリー賞競走〜まくってちょ〜うだい〜,3,4066,東本 勝利,1,46,53.2,0,0,0.15,5.78,33.64,60.91,8.3,80,90,40.35,62.57,24.67,42
2026-02-02,13,5,2026-02-02 12:32:00,5,ニッカングローリー賞競走〜まくってちょ〜うだい〜,4,4864,小川 日紀太,3,36,52.5,1,0,0.14,4.5,25,38.1,0,0,0,37.35,52.41,26,41.33
2026-02-02,13,5,2026-02-02 12:32:00,5,ニッカングローリー賞競走〜まくってちょ〜うだい〜,5,5069,山崎 小葉音,3,25,43.5,0,0,0.15,4.73,31.37,39.22,4.64,32,36,42.51,55.69,27.74,46.45
2026-02-02,13,5,2026-02-02 12:32:00,5,ニッカングローリー賞競走〜まくってちょ〜うだい〜,6,4357,田中 和也,1,41,52.2,0,0,0.16,6.71,51.2,68.8,7.28,60,76,32.54,46.15,40.25,56.6
2026-02-02,13,6,2026-02-02 13:02:00,5,ニッカングローリー賞競走〜まくってちょ〜うだい〜,1,4144,石塚 久也,2,44,52,0,0,0.19,5.85,43.4,60.38,6.33,47.62,71.43,25.63,40,26.8,47.06
2026-02-02,13,6,2026-02-02 13:02:00,5,ニッカングローリー賞競走〜まくってちょ〜うだい〜,2,4423,坂口 貴彦,3,36,54.4,0,0,0.17,5.01,31.53,46.85,4.53,15.79,52.63,29.88,43.29,33.12,52.6
2026-02-02,13,6,2026-02-02 13:02:00,5,ニッカングローリー賞競走〜まくってちょ〜うだい〜,3,4031,飯島 誠,3,47,52.8,0,0,0.17,4.85,30.93,47.42,3.5,6.25,25,41.72,60.12,31.21,42.68
2026-02-02,13,6,2026-02-02 13:02:00,5,ニッカングローリー賞競走〜まくってちょ〜うだい〜,4,4415,下出 卓矢,2,39,53.9,1,0,0.13,5.87,39.68,55.56,6.42,44.44,58.33,38.6,62.57,29.22,44.81
2026-02-02,13,6,2026-02-02 13:02:00,5,ニッカングローリー賞競走〜まくってちょ〜うだい〜,5,4506,稗田 聖也,3,37,52.6,0,0,0.14,6.26,49.21,65.08,5.85,45,60,42.42,61.21,29.75,49.37
2026-02-02,13,6,2026-02-02 13:02:00,5,ニッカングローリー賞競走〜まくってちょ〜うだい〜,6,5413,宮城 那菜,4,20,48.6,0,0,0.17,1.65,1.82,3.64,0,0,0,44.05,55.95,27.74,49.03
2026-02-02,13,7,2026-02-02 13:35:00,5,ニッカングローリー賞競走〜まくってちょ〜うだい〜,1,4496,内堀 学,2,38,52,0,0,0.18,6.62,55.88,69.12,6,50,70,36.53,52.69,34.62,50.64
2026-02-02,13,7,2026-02-02 13:35:00,5,ニッカングローリー賞競走〜まくってちょ〜うだい〜,2,3546,中里 昌志,3,56,52,0,0,0.19,4.3,20.69,36.78,4,11.76,29.41,39.16,56.63,32.26,49.68
2026-02-02,13,7,2026-02-02 13:35:00,5,ニッカングローリー賞競走〜まくってちょ〜うだい〜,3,4442,松竹 大輔,3,39,52.3,0,0,0.15,4.39,21.51,40.86,4.47,23.53,29.41,40.12,54.65,24.68,42.86
2026-02-02,13,7,2026-02-02 13:35:00,5,ニッカングローリー賞競走〜まくってちょ〜うだい〜,4,4538,笠置 博之,2,35,52.8,0,0,0.14,6.02,47.62,55.24,5.91,54.55,54.55,29.94,50.3,29.09,46.06
2026-02-02,13,7,2026-02-02 13:35:00,5,ニッカングローリー賞競走〜まくってちょ〜うだい〜,5,4094,中島 真二,3,44,52.4,0,0,0.17,4.25,18.68,38.46,3.67,16.67,25,34.91,53.25,20.14,38.89
2026-02-02,13,7,2026-02-02 13:35:00,5,ニッカングローリー賞競走〜まくってちょ〜うだい〜,6,5200,筒井 美琴,4,23,47.2,0,0,0.2,2.38,2,8,0,0,0,34.16,45.96,31.17,50
2026-02-02,13,8,2026-02-02 14:11:00,5,ニッカングローリー賞競走〜まくってちょ〜うだい〜,1,4819,蜂須 瑞生,2,34,47,0,0,0.16,6.29,44.68,69.15,7.6,60,80,39.63,51.83,33.77,44.81
2026-02-02,13,8,2026-02-02 14:11:00,5,ニッカングローリー賞競走〜まくってちょ〜うだい〜,2,3604,武藤 綾子,3,55,48.9,0,0,0.2,4.19,22.62,30.95,4,10.53,26.32,30,43.53,29.49,46.15
2026-02-02,13,8,2026-02-02 14:11:00,5,ニッカングローリー賞競走〜まくってちょ〜うだい〜,3,3912,川原 正明,2,52,52,1,0,0.14,5.68,38.98,53.39,3.89,11.11,33.33,31.1,51.22,41.77,53.16
2026-02-02,13,8,2026-02-02 14:11:00,5,ニッカングローリー賞競走〜まくってちょ〜うだい〜,4,4902,山川 雄大,3,32,52,0,0,0.17,4.87,33.91,51.3,4.9,31.17,50.65,32.16,51.46,35,56.25
2026-02-02,13,8,2026-02-02 14:11:00,5,ニッカングローリー賞競走〜まくってちょ〜うだい〜,5,4327,加藤 翔,3,42,52.2,0,0,0.18,4.26,21.05,37.72,0,0,0,39.88,59.52,48.72,64.1
2026-02-02,13,8,2026-02-02 14:11:00,5,ニッカングローリー賞競走〜まくってちょ〜うだい〜,6,5107,松本 真広,3,26,50,0,0,0.17,4.89,31.43,42.86,2.89,0,22.22,31.9,52.15,37.04,51.85
2026-02-02,13,9,2026-02-02 14:46:00,5,ニッカングローリー賞競走〜まくってちょ〜うだい〜,1,3572,安田 政彦,2,54,52.7,0,0,0.2,5.19,29.91,46.73,5.42,30.77,56.92,23.33,39.33,27.92,42.21
2026-02-02,13,9,2026-02-02 14:46:00,5,ニッカングローリー賞競走〜まくってちょ〜うだい〜,2,3176,長谷川 巌,3,61,52,1,0,0.18,4.57,25,39.58,5.22,25,43.75,47.31,67.07,19.33,38.67
2026-02-02,13,9,2026-02-02 14:46:00,5,ニッカングローリー賞競走〜まくってちょ〜うだい〜,3,5213,湯淺 紀香,2,27,47,1,0,0.18,5.25,35.58,51.92,4.06,22.22,44.44,26.54,48.15,32.69,48.72
2026-02-02,13,9,2026-02-02 14:46:00,5,ニッカングローリー賞競走〜まくってちょ〜うだい〜,4,4419,原 加央理,3,38,46,0,0,0.16,5.3,37.08,53.93,4.7,30,45,36.75,59.04,35.85,50.31
2026-02-02,13,9,2026-02-02 14:46:00,5,ニッカングローリー賞競走〜まくってちょ〜うだい〜,5,3718,伊達 正利,3,50,54.6,0,0,0.17,4.08,24.51,34.31,3.67,33.33,33.33,30.99,50.88,34.62,48.72
2026-02-02,13,9,2026-02-02 14:46:00,5,ニッカングローリー賞競走〜まくってちょ〜うだい〜,6,4404,岸蔭 亮,3,40,52.3,0,0,0.18,3.68,20.62,30.93,4.41,22.22,44.44,37.65,58.82,29.03,44.52
2026-02-02,13,10,2026-02-02 15:16:00,5,ニッカングローリー賞競走〜まくってちょ〜うだい〜,1,4610,佐藤 大佑,2,35,53.5,0,0,0.16,6.05,45.83,57.5,4.13,12.5,25,25.31,39.51,39.74,58.33
2026-02-02,13,10,2026-02-02 15:16:00,5,ニッカングローリー賞競走〜まくってちょ〜うだい〜,2,4506,稗田 聖也,3,37,52.6,0,0,0.14,6.26,49.21,65.08,5.85,45,60,42.42,61.21,29.75,49.37
2026-02-02,13,10,2026-02-02 15:16:00,5,ニッカングローリー賞競走〜まくってちょ〜うだい〜,3,4043,桐本 康臣,2,46,53,1,0,0.15,5.67,33.61,58.82,6.44,43.75,68.75,46.2,63.92,44.3,63.29
2026-02-02,13,10,2026-02-02 15:16:00,5,ニッカングローリー賞競走〜まくってちょ〜うだい〜,4,4183,宇野 弥生,2,39,47,0,0,0.13,4.97,34.58,45.79,6.36,54.55,63.64,25.93,42.59,29.75,45.57
2026-02-02,13,10,2026-02-02 15:16:00,5,ニッカングローリー賞競走〜まくってちょ〜うだい〜,5,4561,藤山 翔大,2,34,52,0,0,0.19,5.81,44.44,53.7,6.13,50,56.25,37.72,53.29,40.4,52.98
2026-02-02,13,10,2026-02-02 15:16:00,5,ニッカングローリー賞競走〜まくってちょ〜うだい〜,6,4281,大澤 大夢,3,42,53.4,0,0,0.14,4.98,25.88,44.71,3.81,18.75,31.25,34.13,46.71,20.69,33.79
2026-02-02,13,11,2026-02-02 15:46:00,5,ニッカングローリー賞競走〜まくってちょ〜うだい〜,1,4415,下出 卓矢,2,39,53.9,1,0,0.13,5.87,39.68,55.56,6.42,44.44,58.33,38.6,62.57,29.22,44.81
2026-02-02,13,11,2026-02-02 15:46:00,5,ニッカングローリー賞競走〜まくってちょ〜うだい〜,2,4496,内堀 学,2,38,52,0,0,0.18,6.62,55.88,69.12,6,50,70,36.53,52.69,34.62,50.64
2026-02-02,13,11,2026-02-02 15:46:00,5,ニッカングローリー賞競走〜まくってちょ〜うだい〜,3,4357,田中 和也,1,41,52.2,0,0,0.16,6.71,51.2,68.8,7.28,60,76,32.54,46.15,40.25,56.6
2026-02-02,13,11,2026-02-02 15:46:00,5,ニッカングローリー賞競走〜まくってちょ〜うだい〜,4,4930,佐藤 悠,2,30,52.5,1,0,0.14,5.49,34.51,58.41,6.32,47.37,68.42,35.19,51.23,35.9,53.85
2026-02-02,13,11,2026-02-02 15:46:00,5,ニッカングローリー賞競走〜まくってちょ〜うだい〜,5,4843,深尾 巴恵,4,33,47,0,0,0.13,5.11,29.03,50,0,0,0,33.33,48.81,39.74,63.46
2026-02-02,13,11,2026-02-02 15:46:00,5,ニッカングローリー賞競走〜まくってちょ〜うだい〜,6,4365,盛本 真輔,3,40,52,0,0,0.17,5.4,35.45,56.36,5.28,32.91,53.16,28.05,42.07,33.75,46.25
2026-02-02,13,12,2026-02-02 16:23:00,5,ニッカングローリー賞競走〜まくってちょ〜うだい〜,1,4184,渡邊 雄一郎,1,39,51.5,0,0,0.16,6.9,54.44,75.56,6.1,35,67.5,37.13,50.3,36.94,54.78
2026-02-02,13,12,2026-02-02 16:23:00,5,ニッカングローリー賞競走〜まくってちょ〜うだい〜,2,4538,笠置 博之,2,35,52.9,0,0,0.14,6.02,47.62,55.24,5.91,54.55,54.55,29.94,50.3,29.09,46.06
2026-02-02,13,12,2026-02-02 16:23:00,5,ニッカングローリー賞競走〜まくってちょ〜うだい〜,3,4042,丸岡 正典,2,46,52.2,0,0,0.2,6.18,42.34,57.66,5.22,22.22,33.33,26.88,50,42.04,52.23
2026-02-02,13,12,2026-02-02 16:23:00,5,ニッカングローリー賞競走〜まくってちょ〜うだい〜,4,4819,蜂須 瑞生,2,34,46.5,0,0,0.16,6.29,44.68,69.15,7.6,60,80,39.63,51.83,33.77,44.81
2026-02-02,13,12,2026-02-02 16:23:00,5,ニッカングローリー賞競走〜まくってちょ〜うだい〜,5,4144,石塚 久也,2,44,51.5,0,0,0.19,5.85,43.4,60.38,6.33,47.62,71.43,25.63,40,26.8,47.06
2026-02-02,13,12,2026-02-02 16:23:00,5,ニッカングローリー賞競走〜まくってちょ〜うだい〜,6,4066,東本 勝利,1,46,53,0,0,0.15,5.78,33.64,60.91,8.3,80,90,40.35,62.57,24.67,42
2026-02-02,14,1,2026-02-02 08:47:00,2,第69回四国地区選手権競走,1,4732,堀本 和也,1,36,53.5,0,0,0.11,6.29,46.04,63.31,6.06,41.74,60.87,29.41,52.94,36.11,53.33
2026-02-02,14,1,2026-02-02 08:47:00,2,第69回四国地区選手権競走,2,4733,赤井 睦,3,36,47.3,0,0,0.15,4.88,26.51,44.58,5.24,33.33,50.98,38.98,57.63,34.25,53.59
2026-02-02,14,1,2026-02-02 08:47:00,2,第69回四国地区選手権競走,3,5043,中村 日向,1,27,52,0,0,0.13,6.2,43.48,57.97,6.06,43.75,50,29.94,49.15,36.11,52.22
2026-02-02,14,1,2026-02-02 08:47:00,2,第69回四国地区選手権競走,4,3907,村越 篤,2,47,53.6,0,0,0.17,5.54,38.79,57.76,5.09,18.18,63.64,34.59,51.89,34.64,54.75
2026-02-02,14,1,2026-02-02 08:47:00,2,第69回四国地区選手権競走,5,4452,松尾 祭,2,38,52.2,0,0,0.17,5.84,40.52,57.76,6.51,48.65,64.86,30.06,39.88,32.95,45.09
2026-02-02,14,1,2026-02-02 08:47:00,2,第69回四国地区選手権競走,6,4583,古田 祐貴,2,36,52,0,0,0.14,5.88,36.5,58.39,5.85,30,65,37.85,55.93,29.7,56.97
2026-02-02,14,2,2026-02-02 09:13:00,2,第69回四国地区選手権競走,1,3470,新田 芳美,3,56,46.5,0,0,0.17,5.09,26.58,50.63,4.64,23.73,44.07,31.98,51.16,37.5,56.25
2026-02-02,14,2,2026-02-02 09:13:00,2,第69回四国地区選手権競走,2,4437,中田 元泰,1,39,53,0,0,0.16,6.08,49.31,59.72,5.9,30,70,29.94,47.46,34.46,46.89
2026-02-02,14,2,2026-02-02 09:13:00,2,第69回四国地区選手権競走,3,5257,西丸 侑太朗,1,21,52,0,0,0.15,6.23,42.61,65.22,6.3,50,70,39.16,51.81,40.88,62.43
2026-02-02,14,2,2026-02-02 09:13:00,2,第69回四国地区選手権競走,4,4383,竹田 吉行,2,40,52,0,0,0.16,5.69,37.86,58.25,5.91,39.69,58.02,33.95,54.94,36.26,49.71
2026-02-02,14,2,2026-02-02 09:13:00,2,第69回四国地区選手権競走,5,3849,中岡 正彦,1,48,52,1,0,0.12,7.62,65.44,80.15,6,47.62,57.14,44.51,57.8,30.77,49.7
2026-02-02,14,2,2026-02-02 09:13:00,2,第69回四国地区選手権競走,6,4852,川原 祐明,1,31,52,0,0,0.15,6.71,48.85,71.76,5.9,40,60,33.9,51.98,31.67,48.89
2026-02-02,14,3,2026-02-02 09:39:00,2,第69回四国地区選手権競走,1,5199,垂水 悠,3,23,54.8,0,0,0.14,5.19,27.85,50.63,5.09,30.71,50.39,40,56.97,30.51,46.89
2026-02-02,14,3,2026-02-02 09:39:00,2,第69回四国地区選手権競走,2,4823,中村 桃佳,1,32,45,0,0,0.15,5.85,39.22,57.84,6,50,60,39.43,57.71,41.95,58.62
2026-02-02,14,3,2026-02-02 09:39:00,2,第69回四国地区選手権競走,3,4812,西野 雄貴,1,36,52,0,0,0.13,7.07,57.81,71.88,7.24,59.78,69.57,30.81,47.57,32.14,47.02
2026-02-02,14,3,2026-02-02 09:39:00,2,第69回四国地区選手権競走,4,4359,横川 聖志,2,41,55.3,0,0,0.13,5.52,41.11,54.44,6.22,44.76,66.67,39.31,56.65,39.41,50.59
2026-02-02,14,3,2026-02-02 09:39:00,2,第69回四国地区選手権競走,5,4348,宮崎 奨,2,40,52.4,0,0,0.16,5.98,39.52,62.9,6.25,45,72.5,40.35,54.97,34.24,48.37
2026-02-02,14,3,2026-02-02 09:39:00,2,第69回四国地区選手権競走,6,4772,石丸 海渡,1,32,57.6,0,0,0.11,6.7,51.82,72.73,8.43,57.14,100,30.64,48.55,38.76,54.49
2026-02-02,14,4,2026-02-02 10:05:00,2,第69回四国地区選手権競走,1,4739,中村 晃朋,1,34,51.5,1,0,0.14,6.61,46,66,7.28,58.49,71.7,44.44,56.14,32.39,51.14
2026-02-02,14,4,2026-02-02 10:05:00,2,第69回四国地区選手権競走,2,5224,西岡 顕心,1,24,51.5,0,0,0.15,7.06,51.82,72.26,5.68,42.11,57.89,28.73,48.62,36.63,55.81
2026-02-02,14,4,2026-02-02 10:05:00,2,第69回四国地区選手権競走,3,4260,中越 博紀,2,41,52.6,1,0,0.16,5.92,43.36,58.41,6.04,38.46,61.54,37.08,54.49,36.17,54.79
2026-02-02,14,4,2026-02-02 10:05:00,2,第69回四国地区選手権競走,4,4571,菅 章哉,1,37,52.3,0,0,0.15,6.85,48.48,54.55,7.52,63.29,72.15,33.91,53.45,30.94,46.41
2026-02-02,14,4,2026-02-02 10:05:00,2,第69回四国地区選手権競走,5,3841,佐々木 和伸,2,49,53.4,0,0,0.16,6.02,46.09,61.72,5.77,39.52,58.06,29.88,46.95,40.78,61.45
2026-02-02,14,4,2026-02-02 10:05:00,2,第69回四国地区選手権競走,6,3333,丸尾 義孝,2,57,52.2,0,0,0.14,6.09,40.58,63.04,6.74,50,71.7,31.22,44.44,30.81,45.35
2026-02-02,14,5,2026-02-02 10:34:00,2,第69回四国地区選手権競走,1,3908,重成 一人,1,47,54.1,1,0,0.14,7.01,52.48,65.25,5.5,22.22,44.44,35.14,50.81,33.14,49.14
2026-02-02,14,5,2026-02-02 10:34:00,2,第69回四国地区選手権競走,2,4776,竹田 和哉,1,32,52.2,0,0,0.15,6.93,52.17,71.74,6.18,46.15,61.54,30.11,44.89,32.54,48.52
2026-02-02,14,5,2026-02-02 10:34:00,2,第69回四国地区選手権競走,3,5298,水谷 理人,2,23,52,1,0,0.15,6.67,46.97,75,2.88,25,25,27.98,48.21,35.84,49.13
2026-02-02,14,5,2026-02-02 10:34:00,2,第69回四国地区選手権競走,4,4596,葛原 大陽,1,42,52,0,0,0.14,6.48,46.09,71.3,6.38,47.79,66.18,35.26,50.53,34.09,52.84
2026-02-02,14,5,2026-02-02 10:34:00,2,第69回四国地区選手権競走,5,4733,赤井 睦,3,36,47.3,0,0,0.15,4.88,26.51,44.58,5.24,33.33,50.98,38.98,57.63,34.25,53.59
2026-02-02,14,5,2026-02-02 10:34:00,2,第69回四国地区選手権競走,6,3743,林 美憲,1,51,52.2,0,0,0.15,6.5,51.18,66.14,6.64,50.26,67.88,34.09,48.86,32.93,52.69
2026-02-02,14,6,2026-02-02 11:11:00,2,第69回四国地区選手権競走,1,4383,竹田 吉行,2,40,52,0,0,0.16,5.69,37.86,58.25,5.91,39.69,58.02,33.95,54.94,36.26,49.71
2026-02-02,14,6,2026-02-02 11:11:00,2,第69回四国地区選手権競走,2,4028,田村 隆信,1,47,53.9,0,0,0.15,6.2,41.13,54.84,6.37,45.05,57.66,27.13,45.74,32.14,56.55
2026-02-02,14,6,2026-02-02 11:11:00,2,第69回四国地区選手権競走,3,4714,喜多須 杏奈,3,35,48.3,1,0,0.17,5.05,29.52,49.52,5.3,31.82,57.58,38.8,58.47,38.98,56.5
2026-02-02,14,6,2026-02-02 11:11:00,2,第69回四国地区選手権競走,4,4459,片岡 雅裕,1,39,52.5,0,0,0.12,6.3,39.55,52.24,7.5,44.44,88.89,37.06,51.18,35.8,51.14
2026-02-02,14,6,2026-02-02 11:11:00,2,第69回四国地区選手権競走,5,4063,市橋 卓士,1,46,53.3,0,0,0.13,6.22,46.26,64.63,6.33,44.66,65.05,48.81,70.83,37.8,51.22
2026-02-02,14,6,2026-02-02 11:11:00,2,第69回四国地区選手権競走,6,3232,山川 美由紀,2,59,47,0,0,0.16,5.65,30.95,59.52,7.37,52.63,84.21,28.32,45.09,38.51,54.6
2026-02-02,14,7,2026-02-02 11:45:00,2,第69回四国地区選手権競走,1,3907,村越 篤,2,47,53.6,0,0,0.17,5.54,38.79,57.76,5.09,18.18,63.64,34.59,51.89,34.64,54.75
2026-02-02,14,7,2026-02-02 11:45:00,2,第69回四国地区選手権競走,2,3849,中岡 正彦,1,48,52,1,0,0.12,7.62,65.44,80.15,6,47.62,57.14,44.51,57.8,30.77,49.7
2026-02-02,14,7,2026-02-02 11:45:00,2,第69回四国地区選手権競走,3,4642,松尾 夏海,1,34,46.5,0,0,0.16,6.09,44.66,58.25,6.76,51.72,68.97,28.33,43.33,30.23,51.74
2026-02-02,14,7,2026-02-02 11:45:00,2,第69回四国地区選手権競走,4,5278,田中 駿兵,1,23,51.5,0,0,0.14,6.82,56.06,72.73,6.32,45.3,64.96,38.67,50.28,37.43,50.88
2026-02-02,14,7,2026-02-02 11:45:00,2,第69回四国地区選手権競走,5,5199,垂水 悠,3,23,54.8,0,0,0.14,5.19,27.85,50.63,5.09,30.71,50.39,40,56.97,30.51,46.89
2026-02-02,14,7,2026-02-02 11:45:00,2,第69回四国地区選手権競走,6,4704,河野 大,2,37,52,0,0,0.14,6.38,43.28,59.7,6.54,48.42,67.37,43.17,60.11,34.27,52.81
2026-02-02,14,8,2026-02-02 12:15:00,2,第69回四国地区選手権競走,1,5043,中村 日向,1,27,52,0,0,0.13,6.2,43.48,57.97,6.06,43.75,50,29.94,49.15,36.11,52.22
2026-02-02,14,8,2026-02-02 12:15:00,2,第69回四国地区選手権競走,2,3541,三嶌 誠司,1,57,52.1,0,0,0.16,5.64,33.09,57.35,5.72,32.61,54.35,53.7,66.67,34.68,52.02
2026-02-02,14,8,2026-02-02 12:15:00,2,第69回四国地区選手権競走,3,4359,横川 聖志,2,41,55.3,0,0,0.13,5.52,41.11,54.44,6.22,44.76,66.67,39.31,56.65,39.41,50.59
2026-02-02,14,8,2026-02-02 12:15:00,2,第69回四国地区選手権競走,4,4052,興津 藍,2,44,50.5,0,0,0.16,6.24,45.8,60.31,5.93,42.37,60.17,34.04,54.26,32.5,46.25
2026-02-02,14,8,2026-02-02 12:15:00,2,第69回四国地区選手権競走,5,5224,西岡 顕心,1,24,51.5,0,0,0.15,7.06,51.82,72.26,5.68,42.11,57.89,28.73,48.62,36.63,55.81
2026-02-02,14,8,2026-02-02 12:15:00,2,第69回四国地区選手権競走,6,5257,西丸 侑太朗,1,21,52,0,0,0.15,6.23,42.61,65.22,6.3,50,70,39.16,51.81,40.88,62.43
2026-02-02,14,9,2026-02-02 12:48:00,2,第69回四国地区選手権競走,1,4812,西野 雄貴,1,36,52,0,0,0.13,7.07,57.81,71.88,7.24,59.78,69.57,30.81,47.57,32.14,47.02
2026-02-02,14,9,2026-02-02 12:48:00,2,第69回四国地区選手権競走,2,4452,松尾 祭,2,38,52.2,0,0,0.17,5.84,40.52,57.76,6.51,48.65,64.86,30.06,39.88,32.95,45.09
2026-02-02,14,9,2026-02-02 12:48:00,2,第69回四国地区選手権競走,3,4030,森高 一真,1,47,50,0,0,0.14,6.3,33.33,53.19,7.08,41.67,66.67,36.05,52.33,40.91,58.52
2026-02-02,14,9,2026-02-02 12:48:00,2,第69回四国地区選手権競走,4,3470,新田 芳美,3,56,46.5,0,0,0.17,5.09,26.58,50.63,4.64,23.73,44.07,31.98,51.16,37.5,56.25
2026-02-02,14,9,2026-02-02 12:48:00,2,第69回四国地区選手権競走,5,4739,中村 晃朋,1,34,51.5,1,0,0.14,6.61,46,66,7.28,58.49,71.7,44.44,56.14,32.39,51.14
2026-02-02,14,9,2026-02-02 12:48:00,2,第69回四国地区選手権競走,6,4776,竹田 和哉,1,32,52.2,0,0,0.15,6.93,52.17,71.74,6.18,46.15,61.54,30.11,44.89,32.54,48.52
2026-02-02,14,10,2026-02-02 13:20:00,2,第69回四国地区選手権競走,1,3837,秋山 広一,2,50,52,1,0,0.15,5.97,42.59,63.89,8.14,71.43,85.71,35.96,50.56,43.86,61.4
2026-02-02,14,10,2026-02-02 13:20:00,2,第69回四国地区選手権競走,2,4714,喜多須 杏奈,3,35,48.3,1,0,0.17,5.05,29.52,49.52,5.3,31.82,57.58,38.8,58.47,38.98,56.5
2026-02-02,14,10,2026-02-02 13:20:00,2,第69回四国地区選手権競走,3,3908,重成 一人,1,47,54.1,1,0,0.14,7.01,52.48,65.25,5.5,22.22,44.44,35.14,50.81,33.14,49.14
2026-02-02,14,10,2026-02-02 13:20:00,2,第69回四国地区選手権競走,4,4772,石丸 海渡,1,32,57.6,0,0,0.11,6.7,51.82,72.73,8.43,57.14,100,30.64,48.55,38.76,54.49
2026-02-02,14,10,2026-02-02 13:20:00,2,第69回四国地区選手権競走,5,4571,菅 章哉,1,37,52.3,0,0,0.15,6.85,48.48,54.55,7.52,63.29,72.15,33.91,53.45,30.94,46.41
2026-02-02,14,10,2026-02-02 13:20:00,2,第69回四国地区選手権競走,6,3304,烏野 賢太,2,58,52,0,0,0.17,6.19,47.58,62.1,6.08,40.83,60,31.33,48.19,33.9,54.8
2026-02-02,14,11,2026-02-02 13:53:00,2,第69回四国地区選手権競走,1,4757,山田 祐也,1,36,52,0,0,0.13,6.48,43.85,64.62,7.15,56.69,72.44,38.89,48.77,34.68,52.02
2026-02-02,14,11,2026-02-02 13:53:00,2,第69回四国地区選手権競走,2,5136,濱野 斗馬,2,26,52,0,0,0.16,6.13,42.11,60.9,6.78,43.24,67.57,38.55,58.1,30.43,41.61
2026-02-02,14,11,2026-02-02 13:53:00,2,第69回四国地区選手権競走,3,4931,木谷 賢太,1,30,52.6,0,0,0.14,6.64,48.84,69.77,6.5,30,80,37.7,60.66,31.32,46.15
2026-02-02,14,11,2026-02-02 13:53:00,2,第69回四国地区選手権競走,4,4852,川原 祐明,1,31,52,0,0,0.15,6.71,48.85,71.76,5.9,40,60,33.9,51.98,31.67,48.89
2026-02-02,14,11,2026-02-02 13:53:00,2,第69回四国地区選手権競走,5,4459,片岡 雅裕,1,39,52.5,0,0,0.12,6.3,39.55,52.24,7.5,44.44,88.89,37.06,51.18,35.8,51.14
2026-02-02,14,11,2026-02-02 13:53:00,2,第69回四国地区選手権競走,6,3788,一宮 稔弘,2,54,52,0,0,0.12,5.8,42.5,57.5,6.82,52.63,69.74,42.86,60.71,40.83,56.8
2026-02-02,14,12,2026-02-02 14:30:00,2,第69回四国地区選手権競走,1,4450,平高 奈菜,2,38,47,1,0,0.15,5.81,43.69,59.22,6.68,52.63,73.68,34.81,49.72,36.9,56.55
2026-02-02,14,12,2026-02-02 14:30:00,2,第69回四国地区選手権競走,2,5281,井上 遥妃,1,22,46,1,0,0.14,6.83,52.17,73.91,5.16,33.33,49.02,36.02,50,31.49,45.86
2026-02-02,14,12,2026-02-02 14:30:00,2,第69回四国地区選手権競走,3,3611,岩崎 芳美,2,53,47.2,0,0,0.14,5.49,37.17,52.21,6.02,40,61.82,38.51,56.32,38.2,55.06
2026-02-02,14,12,2026-02-02 14:30:00,2,第69回四国地区選手権競走,4,4823,中村 桃佳,1,32,45,0,0,0.15,5.85,39.22,57.84,6,50,60,39.43,57.71,41.95,58.62
2026-02-02,14,12,2026-02-02 14:30:00,2,第69回四国地区選手権競走,5,4642,松尾 夏海,1,34,46.5,0,0,0.16,6.09,44.66,58.25,6.76,51.72,68.97,28.33,43.33,30.23,51.74
2026-02-02,14,12,2026-02-02 14:30:00,2,第69回四国地区選手権競走,6,5218,山田 理央,2,25,46.5,0,0,0.15,6.24,44.95,65.14,5.53,44.12,55.88,34.3,54.65,30.81,48.65
2026-02-02,15,1,2026-02-02 15:18:00,5,にっぽん未来プロジェクト競走inまるがめ,1,4220,深川 和仁,3,44,52.7,0,0,0.17,4.92,30.56,43.06,4.92,32.91,45.57,23.38,31.17,25.62,42.15
2026-02-02,15,1,2026-02-02 15:18:00,5,にっぽん未来プロジェクト競走inまるがめ,2,3617,竹田 広樹,3,52,52.9,0,0,0.18,3.85,24.39,29.27,4.19,25,31.25,26.37,39.56,33.86,51.18
2026-02-02,15,1,2026-02-02 15:18:00,5,にっぽん未来プロジェクト競走inまるがめ,3,4202,浮田 圭浩,3,43,54.3,0,0,0.18,4.43,24.47,38.3,4.91,18.18,54.55,22.35,38.82,15.7,31.4
2026-02-02,15,1,2026-02-02 15:18:00,5,にっぽん未来プロジェクト競走inまるがめ,4,3704,本部 めぐみ,3,52,47,1,0,0.22,3.43,11.11,24.07,2.53,0,13.33,37.63,58.06,30.65,44.35
2026-02-02,15,1,2026-02-02 15:18:00,5,にっぽん未来プロジェクト競走inまるがめ,5,5409,宮本 琉正,4,20,55.1,0,0,0.17,1.59,0,3.13,0.88,0,0,27.84,42.27,40.91,57.58
2026-02-02,15,1,2026-02-02 15:18:00,5,にっぽん未来プロジェクト競走inまるがめ,6,4103,山崎 善庸,3,46,53.2,0,0,0.23,3.97,17.14,31.43,4.4,35,35,22.22,45.68,32.28,51.18
2026-02-02,15,2,2026-02-02 15:43:00,5,にっぽん未来プロジェクト競走inまるがめ,1,3921,川村 正輝,3,51,51,0,0,0.2,3.85,16.44,32.88,3.44,11.11,22.22,37.74,61.32,21.85,37.82
2026-02-02,15,2,2026-02-02 15:43:00,5,にっぽん未来プロジェクト競走inまるがめ,2,4529,嶋 義信,3,37,53.2,0,0,0.15,6.08,36.67,65.56,5.29,33.33,46.38,22.22,40.28,28.8,49.6
2026-02-02,15,2,2026-02-02 15:43:00,5,にっぽん未来プロジェクト競走inまるがめ,3,4401,小林 泰,2,41,53.5,0,0,0.14,5.3,34.41,48.39,4.3,20,40,24.18,38.46,25.6,50.4
2026-02-02,15,2,2026-02-02 15:43:00,5,にっぽん未来プロジェクト競走inまるがめ,4,4271,川崎 公靖,3,43,52.3,0,0,0.16,5.28,34.38,56.25,4.73,26.67,46.67,23.17,50,38.66,57.14
2026-02-02,15,2,2026-02-02 15:43:00,5,にっぽん未来プロジェクト競走inまるがめ,5,5398,鐘ヶ江 真司,3,24,52.3,0,0,0.18,2.62,3.03,19.7,0,0,0,42.86,47.25,28.23,42.74
2026-02-02,15,2,2026-02-02 15:43:00,5,にっぽん未来プロジェクト競走inまるがめ,6,3349,吉田 一郎,2,58,52,0,0,0.16,5.8,36.44,53.39,6.67,33.33,66.67,44.68,65.96,40.15,56.82
2026-02-02,15,3,2026-02-02 16:07:00,5,にっぽん未来プロジェクト競走inまるがめ,1,3863,海老澤 泰行,3,51,55.6,1,0,0.18,4.56,23.46,40.74,3.67,0,33.33,29.59,46.94,30.65,47.58
2026-02-02,15,3,2026-02-02 16:07:00,5,にっぽん未来プロジェクト競走inまるがめ,2,3412,鈴木 博,2,56,52.4,0,0,0.16,6.34,45.38,67.23,5.54,37.14,54.29,38.14,56.7,36.92,52.31
2026-02-02,15,3,2026-02-02 16:07:00,5,にっぽん未来プロジェクト競走inまるがめ,3,5027,重冨 勇哉,3,29,54.9,0,0,0.17,4.63,26.55,42.48,4.45,27.27,36.36,36.73,50,28.81,38.98
2026-02-02,15,3,2026-02-02 16:07:00,5,にっぽん未来プロジェクト競走inまるがめ,4,4105,松下 直也,3,46,52.9,0,0,0.17,5.41,34.23,52.25,6.17,37.5,66.67,27.84,42.27,31.62,50.43
2026-02-02,15,3,2026-02-02 16:07:00,5,にっぽん未来プロジェクト競走inまるがめ,5,3915,繁野谷 圭介,2,51,52,0,0,0.17,6.02,39.05,64.76,5.6,40,40,24.73,37.63,43.94,61.36
2026-02-02,15,3,2026-02-02 16:07:00,5,にっぽん未来プロジェクト競走inまるがめ,6,5426,甲斐 貴大,4,23,53.9,0,0,,1.12,0,0,0,0,0,30.43,39.13,31.45,41.94
2026-02-02,15,4,2026-02-02 16:33:00,5,にっぽん未来プロジェクト競走inまるがめ,1,4323,山田 佑樹,3,39,57.2,0,0,0.16,4.06,20,36.92,5.15,42.31,50,34.07,54.95,39.06,52.34
2026-02-02,15,4,2026-02-02 16:33:00,5,にっぽん未来プロジェクト競走inまるがめ,2,4911,片岡 大地,3,29,52,0,0,0.14,5.37,27.14,55.71,4.33,0,50,27.27,40.91,26.45,37.19
2026-02-02,15,4,2026-02-02 16:33:00,5,にっぽん未来プロジェクト競走inまるがめ,3,5251,沼田 七華,4,23,53,0,0,0.19,2.47,2.13,12.77,0,0,0,26.8,42.27,28.1,50.41
2026-02-02,15,4,2026-02-02 16:33:00,5,にっぽん未来プロジェクト競走inまるがめ,4,4276,鈴木 勝博,2,42,52.4,0,0,0.15,5.53,38.24,50.98,7.53,58.82,76.47,24.14,34.48,27.64,47.97
2026-02-02,15,4,2026-02-02 16:33:00,5,にっぽん未来プロジェクト競走inまるがめ,5,4588,田中 京介,2,34,54.6,0,0,0.15,5.69,38.21,56.91,3.11,11.11,33.33,28.87,43.3,31.5,49.61
2026-02-02,15,4,2026-02-02 16:33:00,5,にっぽん未来プロジェクト競走inまるがめ,6,4873,蒲原 健太,2,32,52.1,0,0,0.18,4.95,27.59,48.28,5.59,37.93,58.62,50,64.77,30.65,50
2026-02-02,15,5,2026-02-02 17:02:00,5,にっぽん未来プロジェクト競走inまるがめ,1,4656,大崎 翔,3,38,53.7,0,0,0.14,5.7,39.13,52.17,4.75,18.75,43.75,44.09,58.06,42.74,59.68
2026-02-02,15,5,2026-02-02 17:02:00,5,にっぽん未来プロジェクト競走inまるがめ,2,4627,藤原 菜希,2,39,47.1,0,0,0.15,5.9,41.58,62.38,6.57,47.62,71.43,47.78,65.56,34.88,48.84
2026-02-02,15,5,2026-02-02 17:02:00,5,にっぽん未来プロジェクト競走inまるがめ,3,3988,古川 誠之,2,47,55.4,0,0,0.15,5.61,38.1,57.14,5.76,42.86,52.38,56.18,73.03,39.23,63.85
2026-02-02,15,5,2026-02-02 17:02:00,5,にっぽん未来プロジェクト競走inまるがめ,4,3381,滝沢 芳行,3,57,52.2,0,0,0.15,5.16,33.33,45.68,4.56,22.22,33.33,41.67,60.42,39.39,54.55
2026-02-02,15,5,2026-02-02 17:02:00,5,にっぽん未来プロジェクト競走inまるがめ,5,4314,青木 幸太郎,2,41,52,0,0,0.14,6.14,45.92,63.27,5.73,54.55,63.64,27.16,45.68,27.64,43.9
2026-02-02,15,5,2026-02-02 17:02:00,5,にっぽん未来プロジェクト競走inまるがめ,6,4695,尾崎 雄二,3,40,53.4,0,0,0.16,5.01,29.49,47.44,5.57,32.43,56.76,26.19,44.05,33.86,52.76
2026-02-02,15,6,2026-02-02 17:30:00,5,にっぽん未来プロジェクト競走inまるがめ,1,3627,井上 恵一,2,56,52.9,0,0,0.18,5.62,39.51,54.32,4.94,31.25,50,37.78,58.89,43.55,57.26
2026-02-02,15,6,2026-02-02 17:30:00,5,にっぽん未来プロジェクト競走inまるがめ,2,5013,山下 夏鈴,3,28,44,0,0,0.17,5.35,35.79,52.63,0,0,0,48.91,67.39,27.64,47.97
2026-02-02,15,6,2026-02-02 17:30:00,5,にっぽん未来プロジェクト競走inまるがめ,3,4009,小林 一樹,2,46,55.9,0,0,0.13,5.42,30.11,50.54,5.86,38.1,57.14,25.61,42.68,33.33,51.59
2026-02-02,15,6,2026-02-02 17:30:00,5,にっぽん未来プロジェクト競走inまるがめ,4,3833,中辻 博訓,1,51,52.8,0,0,0.13,6.76,55.26,68.42,6.18,44.12,67.65,31.52,44.57,32.03,47.66
2026-02-02,15,6,2026-02-02 17:30:00,5,にっぽん未来プロジェクト競走inまるがめ,5,4103,山崎 善庸,3,46,53.2,0,0,0.23,3.97,17.14,31.43,4.4,35,35,22.22,45.68,32.28,51.18
2026-02-02,15,6,2026-02-02 17:30:00,5,にっぽん未来プロジェクト競走inまるがめ,6,4462,夏山 亮平,3,39,55.2,0,0,0.15,5.04,29.33,48,4.29,28.57,28.57,36.56,46.24,41.73,58.27
2026-02-02,15,7,2026-02-02 17:58:00,5,にっぽん未来プロジェクト競走inまるがめ,1,4401,小林 泰,2,41,53.5,0,0,0.14,5.3,34.41,48.39,4.3,20,40,24.18,38.46,25.6,50.4
2026-02-02,15,7,2026-02-02 17:58:00,5,にっぽん未来プロジェクト競走inまるがめ,2,4202,浮田 圭浩,3,43,54.3,0,0,0.18,4.43,24.47,38.3,4.91,18.18,54.55,22.35,38.82,15.7,31.4
2026-02-02,15,7,2026-02-02 17:58:00,5,にっぽん未来プロジェクト競走inまるがめ,3,5037,田頭 虎親,3,27,51.5,0,0,0.19,4.97,30.65,51.61,5.82,40.57,58.49,35.71,48.98,27.64,42.28
2026-02-02,15,7,2026-02-02 17:58:00,5,にっぽん未来プロジェクト競走inまるがめ,4,3876,中辻 崇人,1,48,52.6,0,0,0.13,7.48,64.71,76.47,7.46,65.22,80.43,40.43,54.26,27.42,44.35
2026-02-02,15,7,2026-02-02 17:58:00,5,にっぽん未来プロジェクト競走inまるがめ,5,5387,戸田 海咲音,4,19,53.8,0,0,0.19,1.62,0,1.92,0,0,0,24.68,37.66,32.81,47.66
2026-02-02,15,7,2026-02-02 17:58:00,5,にっぽん未来プロジェクト競走inまるがめ,6,3951,石川 吉鎬,2,49,55.9,1,0,0.18,5.34,30.53,50.53,5.45,40,65,19.28,34.94,37.59,57.89
2026-02-02,15,8,2026-02-02 18:26:00,5,にっぽん未来プロジェクト競走inまるがめ,1,4117,廣中 智紗衣,1,44,46,1,0,0.2,5.9,40.24,65.85,6.71,57.14,76.19,19.28,39.76,38.76,52.71
2026-02-02,15,8,2026-02-02 18:26:00,5,にっぽん未来プロジェクト競走inまるがめ,2,3663,木山 和幸,2,56,50.5,0,0,0.16,5.3,33.67,55.1,5.29,35.29,58.82,53.93,67.42,28.69,53.28
2026-02-02,15,8,2026-02-02 18:26:00,5,にっぽん未来プロジェクト競走inまるがめ,3,4631,新井 英孝,3,38,52.3,0,0,0.15,4.86,29.87,48.05,0,0,0,22.22,44.44,40.16,58.27
2026-02-02,15,8,2026-02-02 18:26:00,5,にっぽん未来プロジェクト競走inまるがめ,4,3349,吉田 一郎,2,58,52,0,0,0.16,5.8,36.44,53.39,6.67,33.33,66.67,44.68,65.96,40.15,56.82
2026-02-02,15,8,2026-02-02 18:26:00,5,にっぽん未来プロジェクト競走inまるがめ,5,5027,重冨 勇哉,3,29,54.9,0,0,0.17,4.63,26.55,42.48,4.45,27.27,36.36,36.73,50,28.81,38.98
2026-02-02,15,8,2026-02-02 18:26:00,5,にっぽん未来プロジェクト競走inまるがめ,6,5409,宮本 琉正,4,20,55.1,0,0,0.17,1.59,0,3.13,0.88,0,0,27.84,42.27,40.91,57.58
2026-02-02,15,9,2026-02-02 18:55:00,5,にっぽん未来プロジェクト競走inまるがめ,1,3915,繁野谷 圭介,2,51,52,0,0,0.17,6.02,39.05,64.76,5.6,40,40,24.73,37.63,43.94,61.36
2026-02-02,15,9,2026-02-02 18:55:00,5,にっぽん未来プロジェクト競走inまるがめ,2,4276,鈴木 勝博,2,42,52.4,0,0,0.15,5.53,38.24,50.98,7.53,58.82,76.47,24.14,34.48,27.64,47.97
2026-02-02,15,9,2026-02-02 18:55:00,5,にっぽん未来プロジェクト競走inまるがめ,3,4695,尾崎 雄二,3,40,53.4,0,0,0.16,5.01,29.49,47.44,5.57,32.43,56.76,26.19,44.05,33.86,52.76
2026-02-02,15,9,2026-02-02 18:55:00,5,にっぽん未来プロジェクト競走inまるがめ,4,5398,鐘ヶ江 真司,3,24,52.3,0,0,0.18,2.62,3.03,19.7,0,0,0,42.86,47.25,28.23,42.74
2026-02-02,15,9,2026-02-02 18:55:00,5,にっぽん未来プロジェクト競走inまるがめ,5,3617,竹田 広樹,3,52,52.9,0,0,0.18,3.85,24.39,29.27,4.19,25,31.25,26.37,39.56,33.86,51.18
2026-02-02,15,9,2026-02-02 18:55:00,5,にっぽん未来プロジェクト競走inまるがめ,6,4473,藤堂 里香,2,38,46,1,0,0.17,4.83,34.48,46.55,0,0,0,35.48,58.06,35.61,55.3
2026-02-02,15,10,2026-02-02 19:25:00,5,にっぽん未来プロジェクト競走inまるがめ,1,3988,古川 誠之,2,47,55.4,0,0,0.15,5.61,38.1,57.14,5.76,42.86,52.38,56.18,73.03,39.23,63.85
2026-02-02,15,10,2026-02-02 19:25:00,5,にっぽん未来プロジェクト競走inまるがめ,2,4934,佐々木 翔斗,2,29,53.9,0,0,0.15,5.97,42.73,64.55,5.47,31.58,47.37,20.73,35.37,38.17,53.44
2026-02-02,15,10,2026-02-02 19:25:00,5,にっぽん未来プロジェクト競走inまるがめ,3,3627,井上 恵一,2,56,52.9,0,0,0.18,5.62,39.51,54.32,4.94,31.25,50,37.78,58.89,43.55,57.26
2026-02-02,15,10,2026-02-02 19:25:00,5,にっぽん未来プロジェクト競走inまるがめ,4,4220,深川 和仁,3,44,52.7,0,0,0.17,4.92,30.56,43.06,4.92,32.91,45.57,23.38,31.17,25.62,42.15
2026-02-02,15,10,2026-02-02 19:25:00,5,にっぽん未来プロジェクト競走inまるがめ,5,4911,片岡 大地,3,29,52,0,0,0.14,5.37,27.14,55.71,4.33,0,50,27.27,40.91,26.45,37.19
2026-02-02,15,10,2026-02-02 19:25:00,5,にっぽん未来プロジェクト競走inまるがめ,6,4271,川崎 公靖,3,43,52.3,0,0,0.16,5.28,34.38,56.25,4.73,26.67,46.67,23.17,50,38.66,57.14
2026-02-02,15,11,2026-02-02 19:57:00,5,にっぽん未来プロジェクト競走inまるがめ,1,4588,田中 京介,2,34,54.6,0,0,0.15,5.69,38.21,56.91,3.11,11.11,33.33,28.87,43.3,31.5,49.61
2026-02-02,15,11,2026-02-02 19:57:00,5,にっぽん未来プロジェクト競走inまるがめ,2,3951,石川 吉鎬,2,49,55.9,1,0,0.18,5.34,30.53,50.53,5.45,40,65,19.28,34.94,37.59,57.89
2026-02-02,15,11,2026-02-02 19:57:00,5,にっぽん未来プロジェクト競走inまるがめ,3,4627,藤原 菜希,2,39,47.1,0,0,0.15,5.9,41.58,62.38,6.57,47.62,71.43,47.78,65.56,34.88,48.84
2026-02-02,15,11,2026-02-02 19:57:00,5,にっぽん未来プロジェクト競走inまるがめ,4,4529,嶋 義信,3,37,53.2,0,0,0.15,6.08,36.67,65.56,5.29,33.33,46.38,22.22,40.28,28.8,49.6
2026-02-02,15,11,2026-02-02 19:57:00,5,にっぽん未来プロジェクト競走inまるがめ,5,4009,小林 一樹,2,46,55.9,0,0,0.13,5.42,30.11,50.54,5.86,38.1,57.14,25.61,42.68,33.33,51.59
2026-02-02,15,11,2026-02-02 19:57:00,5,にっぽん未来プロジェクト競走inまるがめ,6,4105,松下 直也,3,46,52.9,0,0,0.17,5.41,34.23,52.25,6.17,37.5,66.67,27.84,42.27,31.62,50.43
2026-02-02,15,12,2026-02-02 20:31:00,5,にっぽん未来プロジェクト競走inまるがめ,1,3876,中辻 崇人,1,48,52.6,0,0,0.13,7.48,64.71,76.47,7.46,65.22,80.43,40.43,54.26,27.42,44.35
2026-02-02,15,12,2026-02-02 20:31:00,5,にっぽん未来プロジェクト競走inまるがめ,2,3833,中辻 博訓,1,51,52.8,0,0,0.13,6.76,55.26,68.42,6.18,44.12,67.65,31.52,44.57,32.03,47.66
2026-02-02,15,12,2026-02-02 20:31:00,5,にっぽん未来プロジェクト競走inまるがめ,3,4117,廣中 智紗衣,1,44,46,1,0,0.2,5.9,40.24,65.85,6.71,57.14,76.19,19.28,39.76,38.76,52.71
2026-02-02,15,12,2026-02-02 20:31:00,5,にっぽん未来プロジェクト競走inまるがめ,4,4314,青木 幸太郎,2,41,52,0,0,0.14,6.14,45.92,63.27,5.73,54.55,63.64,27.16,45.68,28.57,40.48
2026-02-02,15,12,2026-02-02 20:31:00,5,にっぽん未来プロジェクト競走inまるがめ,5,4873,蒲原 健太,2,32,52.1,0,0,0.18,4.95,27.59,48.28,5.59,37.93,58.62,50,64.77,30.65,50
2026-02-02,15,12,2026-02-02 20:31:00,5,にっぽん未来プロジェクト競走inまるがめ,6,3412,鈴木 博,2,56,52.4,0,0,0.16,6.34,45.38,67.23,5.54,37.14,54.29,38.14,56.7,36.92,52.31
2026-02-02,16,1,2026-02-02 10:49:00,5,第14回住信SBIネット銀行賞,1,4424,松尾 昂明,2,40,52,0,0,0.16,5.94,40.71,60,6.33,42.5,55,50,63.16,55.56,63.89
2026-02-02,16,1,2026-02-02 10:49:00,5,第14回住信SBIネット銀行賞,2,3934,鋤柄 貴俊,3,48,52.3,0,0,0.17,5.43,33.01,57.28,4.24,20,36,12.2,29.27,27.27,39.39
2026-02-02,16,1,2026-02-02 10:49:00,5,第14回住信SBIネット銀行賞,3,3527,中嶋 誠一郎,3,55,52.7,0,0,0.16,4.97,31.78,46.73,4.22,11.11,38.89,38.1,52.38,41.67,72.22
2026-02-02,16,1,2026-02-02 10:49:00,5,第14回住信SBIネット銀行賞,4,5429,吉川 颯汰,4,22,58.3,0,0,,1.23,0,0,0,0,0,22.86,31.43,48.65,70.27
2026-02-02,16,1,2026-02-02 10:49:00,5,第14回住信SBIネット銀行賞,5,5214,田中 宏典,3,26,52.2,0,0,0.16,5.12,26.67,50,5.74,42.11,57.89,45,62.5,35.48,45.16
2026-02-02,16,1,2026-02-02 10:49:00,5,第14回住信SBIネット銀行賞,6,3643,米田 隆弘,3,53,53.6,0,0,0.17,4.85,23.4,47.87,5.07,28.99,44.93,36.11,50,33.33,42.42
2026-02-02,16,2,2026-02-02 11:14:00,5,第14回住信SBIネット銀行賞,1,3787,天野 誠,3,54,52,1,0,0.18,3.53,10.87,27.17,4.67,27.91,41.86,22.22,38.89,42.11,60.53
2026-02-02,16,2,2026-02-02 11:14:00,5,第14回住信SBIネット銀行賞,2,4104,木下 陽介,3,46,55.4,0,0,0.14,4.91,32.63,46.32,5.57,42.86,57.14,35,55,19.44,33.33
2026-02-02,16,2,2026-02-02 11:14:00,5,第14回住信SBIネット銀行賞,3,4010,越智 照浩,3,46,56.2,0,0,0.18,3.48,8.22,26.03,5.14,27.27,50,25,52.78,26.32,34.21
2026-02-02,16,2,2026-02-02 11:14:00,5,第14回住信SBIネット銀行賞,4,5064,品川 二千翔,2,27,52,0,0,0.16,5.55,34.86,53.21,5.31,27.08,56.25,35.14,64.86,40,54.29
2026-02-02,16,2,2026-02-02 11:14:00,5,第14回住信SBIネット銀行賞,5,5395,日高 龍之介,4,24,52,0,0,0.23,1.86,3.17,6.35,0,0,0,39.39,60.61,20.59,44.12
2026-02-02,16,2,2026-02-02 11:14:00,5,第14回住信SBIネット銀行賞,6,4815,伏島 祐介,2,35,52.6,0,0,0.18,4.84,26.32,46.05,5,36.36,63.64,17.65,50,28.21,48.72
2026-02-02,16,3,2026-02-02 11:41:00,5,第14回住信SBIネット銀行賞,1,4639,雑賀 勇貴,3,35,53.5,0,0,0.16,4.25,25,33.7,4.17,22.22,38.89,26.32,39.47,33.33,41.67
2026-02-02,16,3,2026-02-02 11:41:00,5,第14回住信SBIネット銀行賞,2,4785,木幡 純也,3,38,52.1,0,0,0.18,4.55,23.26,38.37,4.11,11.11,29.63,24.39,36.59,30.56,47.22
2026-02-02,16,3,2026-02-02 11:41:00,5,第14回住信SBIネット銀行賞,3,5086,本村 大,3,26,52,0,0,0.19,3.65,13.95,26.74,4.27,23.08,42.31,36.11,50,33.33,41.67
2026-02-02,16,3,2026-02-02 11:41:00,5,第14回住信SBIネット銀行賞,4,3873,別府 昌樹,2,49,53.3,2,0,0.16,4.73,31.67,43.33,5.97,40.63,56.25,55.26,73.68,31.43,42.86
2026-02-02,16,3,2026-02-02 11:41:00,5,第14回住信SBIネット銀行賞,5,3629,浅見 昌克,2,56,52,0,0,0.14,5.95,42.42,59.09,5.75,40,60,65.71,80,21.88,53.13
2026-02-02,16,3,2026-02-02 11:41:00,5,第14回住信SBIネット銀行賞,6,4460,後藤 翔之,2,39,54.6,0,0,0.14,6.18,42.86,60.9,6,50,62.5,27.91,41.86,33.33,43.59
2026-02-02,16,4,2026-02-02 12:06:00,5,第14回住信SBIネット銀行賞,1,3983,須藤 博倫,2,48,52,0,0,0.14,5.83,33.59,51.56,5.68,36.84,57.89,30.56,47.22,43.24,59.46
2026-02-02,16,4,2026-02-02 12:06:00,5,第14回住信SBIネット銀行賞,2,4943,八木 治樹,3,34,52.6,0,0,0.14,3.92,19.7,33.33,4.78,33.33,44.44,22.5,32.5,18.92,24.32
2026-02-02,16,4,2026-02-02 12:06:00,5,第14回住信SBIネット銀行賞,3,4268,和合 俊介,3,40,60.6,0,0,0.15,3.46,12.5,27.5,4.21,28.57,35.71,32.43,43.24,50,62.5
2026-02-02,16,4,2026-02-02 12:06:00,5,第14回住信SBIネット銀行賞,4,4608,荒井 翔伍,2,36,53,0,0,0.16,6.04,37.5,60,5.78,33.33,61.11,22.86,48.57,29.73,43.24
2026-02-02,16,4,2026-02-02 12:06:00,5,第14回住信SBIネット銀行賞,5,5307,富永 夏哉人,3,22,50.5,0,0,0.2,5.18,31.11,52.22,2.28,4,16,41.18,58.82,36.11,58.33
2026-02-02,16,4,2026-02-02 12:06:00,5,第14回住信SBIネット銀行賞,6,4099,吉永 則雄,1,47,52.8,0,0,0.17,6.63,50,69.64,4,11.11,44.44,40,62.86,37.93,51.72
2026-02-02,16,5,2026-02-02 12:36:00,5,第14回住信SBIネット銀行賞,1,4991,宗行 治哉,2,28,52,0,0,0.18,5.82,38.05,55.75,6.89,44.44,66.67,47.37,57.89,32.35,58.82
2026-02-02,16,5,2026-02-02 12:36:00,5,第14回住信SBIネット銀行賞,2,4846,佐藤 駿介,3,32,52,0,0,0.17,3.36,13.95,26.74,4.48,33.33,40.74,55.88,64.71,22.58,41.94
2026-02-02,16,5,2026-02-02 12:36:00,5,第14回住信SBIネット銀行賞,3,4006,小野 勇作,3,47,51,0,0,0.17,5.19,29.73,52.7,3.67,8.33,25,30.56,50,27.78,52.78
2026-02-02,16,5,2026-02-02 12:36:00,5,第14回住信SBIネット銀行賞,4,4894,原村 拓也,3,34,52,0,0,0.22,4.27,20.54,41.07,5.1,28,46,29.73,43.24,30.56,47.22
2026-02-02,16,5,2026-02-02 12:36:00,5,第14回住信SBIネット銀行賞,5,4710,福田 宗平,1,36,52,0,0,0.14,6.3,44.27,70.99,6.63,48.84,72.09,17.5,32.5,44.44,58.33
2026-02-02,16,5,2026-02-02 12:36:00,5,第14回住信SBIネット銀行賞,6,4133,高橋 正男,1,45,52.4,1,0,0.15,5.92,38.97,63.97,6.06,42.42,57.58,31.58,50,27.78,38.89
2026-02-02,16,6,2026-02-02 13:08:00,5,第14回住信SBIネット銀行賞,1,4199,北川 潤二,2,43,55.3,0,0,0.14,6.51,46,68,8,70,90,30.77,48.72,20.83,37.5
2026-02-02,16,6,2026-02-02 13:08:00,5,第14回住信SBIネット銀行賞,2,3251,平石 和男,2,59,51,0,0,0.19,5.34,31.34,52.99,6.26,36.84,47.37,35.14,56.76,32.35,44.12
2026-02-02,16,6,2026-02-02 13:08:00,5,第14回住信SBIネット銀行賞,3,4330,奈須 啓太,2,42,51.5,0,0,0.13,5.71,38.61,59.41,4.2,10,40,33.33,51.28,41.18,64.71
2026-02-02,16,6,2026-02-02 13:08:00,5,第14回住信SBIネット銀行賞,4,5343,小林 礼央,3,23,51,0,0,0.19,3.84,15.46,37.11,2.4,6.67,13.33,52.78,69.44,41.94,61.29
2026-02-02,16,6,2026-02-02 13:08:00,5,第14回住信SBIネット銀行賞,5,3527,中嶋 誠一郎,3,55,52.7,0,0,0.16,4.97,31.78,46.73,4.22,11.11,38.89,38.1,52.38,41.67,72.22
2026-02-02,16,6,2026-02-02 13:08:00,5,第14回住信SBIネット銀行賞,6,5443,西村 仁吾,4,18,52.7,0,0,,1.41,0,0,0,0,0,22.5,35,19.44,36.11
2026-02-02,16,7,2026-02-02 13:49:00,5,第14回住信SBIネット銀行賞,1,4706,三浦 洋次朗,2,37,50.5,0,0,0.17,5.78,38.71,58.06,5.82,27.27,63.64,54.05,67.57,22.86,48.57
2026-02-02,16,7,2026-02-02 13:49:00,5,第14回住信SBIネット銀行賞,2,5351,齊藤 廉,3,21,52,0,0,0.15,3.79,17.07,28.05,2,0,0,37.14,51.43,30.56,47.22
2026-02-02,16,7,2026-02-02 13:49:00,5,第14回住信SBIネット銀行賞,3,3961,谷村 一哉,2,47,53.4,0,0,0.16,7.26,51.61,83.87,5.38,28.13,53.13,41.94,74.19,30.56,38.89
2026-02-02,16,7,2026-02-02 13:49:00,5,第14回住信SBIネット銀行賞,4,5369,岡崎 凪汰,3,23,52,0,0,0.18,3,13.64,21.21,2.38,6.25,12.5,29.27,56.1,33.33,53.33
2026-02-02,16,7,2026-02-02 13:49:00,5,第14回住信SBIネット銀行賞,5,3643,米田 隆弘,3,53,53.6,0,0,0.17,4.85,23.4,47.87,5.07,28.99,44.93,36.11,50,33.33,42.42
2026-02-02,16,7,2026-02-02 13:49:00,5,第14回住信SBIネット銀行賞,6,4409,坂元 浩仁,2,39,53.5,0,0,0.14,6.45,48.12,66.17,5.65,40,60,38.89,55.56,25.71,37.14
2026-02-02,16,8,2026-02-02 14:27:00,5,第14回住信SBIネット銀行賞,1,4958,溝口 海義也,2,30,54.6,0,0,0.14,6.05,39.53,59.69,6,41.94,58.06,37.14,54.29,30,50
2026-02-02,16,8,2026-02-02 14:27:00,5,第14回住信SBIネット銀行賞,2,5240,高橋 龍治,3,25,54,0,0,0.17,4.74,29.76,44.05,3.22,11.11,22.22,31.58,55.26,27.78,52.78
2026-02-02,16,8,2026-02-02 14:27:00,5,第14回住信SBIネット銀行賞,3,3934,鋤柄 貴俊,3,48,52.3,0,0,0.17,5.43,33.01,57.28,4.24,20,36,12.2,29.27,27.27,39.39
2026-02-02,16,8,2026-02-02 14:27:00,5,第14回住信SBIネット銀行賞,4,4460,後藤 翔之,2,39,54.6,0,0,0.14,6.18,42.86,60.9,6,50,62.5,27.91,41.86,33.33,43.59
2026-02-02,16,8,2026-02-02 14:27:00,5,第14回住信SBIネット銀行賞,5,4815,伏島 祐介,2,35,52.6,0,0,0.18,4.84,26.32,46.05,5,36.36,63.64,17.65,50,28.21,48.72
2026-02-02,16,8,2026-02-02 14:27:00,5,第14回住信SBIネット銀行賞,6,5420,吉原 快誓,4,19,52,1,0,0.21,1.42,0,0,0,0,0,23.08,34.62,57.14,65.71
2026-02-02,16,9,2026-02-02 15:01:00,5,第14回住信SBIネット銀行賞,1,4608,荒井 翔伍,2,36,53,0,0,0.16,6.04,37.5,60,5.78,33.33,61.11,22.86,48.57,29.73,43.24
2026-02-02,16,9,2026-02-02 15:01:00,5,第14回住信SBIネット銀行賞,2,5214,田中 宏典,3,26,52.2,0,0,0.16,5.12,26.67,50,5.74,42.11,57.89,45,62.5,35.48,45.16
2026-02-02,16,9,2026-02-02 15:01:00,5,第14回住信SBIネット銀行賞,3,4944,田代 達也,3,34,52,0,0,0.15,4.4,22.77,41.58,0,0,0,30.56,50,28.21,33.33
2026-02-02,16,9,2026-02-02 15:01:00,5,第14回住信SBIネット銀行賞,4,3746,岡瀬 正人,2,50,51.5,0,0,0.17,5.41,32.12,54.01,6.09,44.85,61.03,23.08,38.46,34.38,37.5
2026-02-02,16,9,2026-02-02 15:01:00,5,第14回住信SBIネット銀行賞,5,3873,別府 昌樹,2,49,53.3,2,0,0.16,4.73,31.67,43.33,5.97,40.63,56.25,55.26,73.68,31.43,42.86
2026-02-02,16,9,2026-02-02 15:01:00,5,第14回住信SBIネット銀行賞,6,5064,品川 二千翔,2,27,52,0,0,0.16,5.55,34.86,53.21,5.31,27.08,56.25,35.14,64.86,40,54.29
2026-02-02,16,10,2026-02-02 15:37:00,5,第14回住信SBIネット銀行賞,1,4133,高橋 正男,1,45,52.4,1,0,0.15,5.92,38.97,63.97,6.06,42.42,57.58,31.58,50,27.78,38.89
2026-02-02,16,10,2026-02-02 15:37:00,5,第14回住信SBIネット銀行賞,2,4991,宗行 治哉,2,28,52,0,0,0.18,5.82,38.05,55.75,6.89,44.44,66.67,47.37,57.89,32.35,58.82
2026-02-02,16,10,2026-02-02 15:37:00,5,第14回住信SBIネット銀行賞,3,3629,浅見 昌克,2,56,52,0,0,0.14,5.95,42.42,59.09,5.75,40,60,65.71,80,21.88,53.13
2026-02-02,16,10,2026-02-02 15:37:00,5,第14回住信SBIネット銀行賞,4,4199,北川 潤二,2,43,55.3,0,0,0.14,6.51,46,68,8,70,90,30.77,48.72,20.83,37.5
2026-02-02,16,10,2026-02-02 15:37:00,5,第14回住信SBIネット銀行賞,5,4785,木幡 純也,3,38,52.1,0,0,0.18,4.55,23.26,38.37,4.11,11.11,29.63,24.39,36.59,30.56,47.22
2026-02-02,16,10,2026-02-02 15:37:00,5,第14回住信SBIネット銀行賞,6,4424,松尾 昂明,2,40,52,0,0,0.16,5.94,40.71,60,6.33,42.5,55,50,63.16,55.56,63.89
2026-02-02,16,11,2026-02-02 16:10:00,5,第14回住信SBIネット銀行賞,1,4099,吉永 則雄,1,47,52.8,0,0,0.17,6.63,50,69.64,4,11.11,44.44,40,62.86,37.93,51.72
2026-02-02,16,11,2026-02-02 16:10:00,5,第14回住信SBIネット銀行賞,2,4710,福田 宗平,1,36,52,0,0,0.14,6.3,44.27,70.99,6.63,48.84,72.09,17.5,32.5,44.44,58.33
2026-02-02,16,11,2026-02-02 16:10:00,5,第14回住信SBIネット銀行賞,3,4706,三浦 洋次朗,2,37,50.5,0,0,0.17,5.78,38.71,58.06,5.82,27.27,63.64,54.05,67.57,22.86,48.57
2026-02-02,16,11,2026-02-02 16:10:00,5,第14回住信SBIネット銀行賞,4,4006,小野 勇作,3,47,51,0,0,0.17,5.19,29.73,52.7,3.67,8.33,25,30.56,50,27.78,52.78
2026-02-02,16,11,2026-02-02 16:10:00,5,第14回住信SBIネット銀行賞,5,4639,雑賀 勇貴,3,35,53.5,0,0,0.16,4.25,25,33.7,4.17,22.22,38.89,26.32,39.47,33.33,41.67
2026-02-02,16,11,2026-02-02 16:10:00,5,第14回住信SBIネット銀行賞,6,5343,小林 礼央,3,23,51,0,0,0.19,3.84,15.46,37.11,2.4,6.67,13.33,52.78,69.44,35.14,51.35
2026-02-02,16,12,2026-02-02 16:50:00,5,第14回住信SBIネット銀行賞,1,4409,坂元 浩仁,2,39,53.3,0,0,0.14,6.45,48.12,66.17,5.65,40,60,38.89,55.56,15.79,34.21
2026-02-02,16,12,2026-02-02 16:50:00,5,第14回住信SBIネット銀行賞,2,4958,溝口 海義也,2,30,54.3,0,0,0.14,6.05,39.53,59.69,6,41.94,58.06,37.14,54.29,30,50
2026-02-02,16,12,2026-02-02 16:50:00,5,第14回住信SBIネット銀行賞,3,4894,原村 拓也,3,34,51.5,0,0,0.22,4.27,20.54,41.07,5.1,28,46,29.73,43.24,30.56,47.22
2026-02-02,16,12,2026-02-02 16:50:00,5,第14回住信SBIネット銀行賞,4,5086,本村 大,3,26,52,0,0,0.19,3.65,13.95,26.74,4.27,23.08,42.31,36.11,50,33.33,41.67
2026-02-02,16,12,2026-02-02 16:50:00,5,第14回住信SBIネット銀行賞,5,3251,平石 和男,2,59,51,0,0,0.19,5.34,31.34,52.99,6.26,36.84,47.37,35.14,56.76,32.35,44.12
2026-02-02,16,12,2026-02-02 16:50:00,5,第14回住信SBIネット銀行賞,6,4330,奈須 啓太,2,42,51.5,0,0,0.13,5.71,38.61,59.41,4.2,10,40,33.33,51.28,41.18,64.71
2026-02-02,19,1,2026-02-02 15:20:00,2,第69回中国地区選手権競走,1,4601,森野 正弘,2,41,52,0,0,0.14,6.58,49.25,70.15,6.74,50,64.52,33.92,50.88,32.97,53.3
2026-02-02,19,1,2026-02-02 15:20:00,2,第69回中国地区選手権競走,2,4069,山本 修一,1,45,53,0,0,0.18,6.46,48.08,68.27,6.81,51.85,74.07,32.45,50.53,32.24,54.64
2026-02-02,19,1,2026-02-02 15:20:00,2,第69回中国地区選手権競走,3,4434,田中 辰彦,1,39,52.5,0,0,0.16,6.38,47.66,68.75,5.29,21.05,52.63,39.55,57.63,31.11,45
2026-02-02,19,1,2026-02-02 15:20:00,2,第69回中国地区選手権競走,4,4584,村岡 賢人,1,36,52.2,0,0,0.12,6.99,53.72,77.69,6.92,48,68,41.57,58.43,34.25,51.93
2026-02-02,19,1,2026-02-02 15:20:00,2,第69回中国地区選手権競走,5,4443,津田 裕絵,2,39,49.2,0,0,0.19,5.67,36.54,57.69,5.44,33.33,59.26,33.33,51.98,32.97,50.55
2026-02-02,19,1,2026-02-02 15:20:00,2,第69回中国地区選手権競走,6,4537,渡邉 和将,1,35,51,0,0,0.14,6.66,46.56,67.94,8,68.75,68.75,32.98,47.34,35.36,54.14
2026-02-02,19,2,2026-02-02 15:52:00,2,第69回中国地区選手権競走,1,4501,樋口 由加里,2,38,45.5,0,0,0.14,5.29,32.35,49.26,5.55,45.45,54.55,34.64,47.49,34.25,50.83
2026-02-02,19,2,2026-02-02 15:52:00,2,第69回中国地区選手権競走,2,4051,清水 敦揮,1,44,52.3,0,0,0.17,6.56,46.94,72.45,6.21,34.88,67.44,28.11,50.81,36.31,55.31
2026-02-02,19,2,2026-02-02 15:52:00,2,第69回中国地区選手権競走,3,5015,高橋 竜矢,1,27,51.5,0,0,0.13,6.68,46.73,70.09,6.65,41.18,64.71,38.12,54.14,36.46,51.38
2026-02-02,19,2,2026-02-02 15:52:00,2,第69回中国地区選手権競走,4,4064,原田 篤志,1,46,52,1,0,0.16,7.05,54.14,75.94,6.6,49.61,63.57,36.65,54.97,30.6,43.72
2026-02-02,19,2,2026-02-02 15:52:00,2,第69回中国地区選手権競走,5,5058,前原 大道,1,29,52.7,1,0,0.14,7.17,54.93,75.35,6.8,45.71,65.71,37.43,58.1,45.05,64.29
2026-02-02,19,2,2026-02-02 15:52:00,2,第69回中国地区選手権競走,6,4974,安井 瑞紀,1,32,47,1,0,0.14,5.93,40.74,62.04,5.62,35.9,56.41,33.94,52.12,36.46,51.93
2026-02-02,19,3,2026-02-02 16:25:00,2,第69回中国地区選手権競走,1,4985,井本 昌也,1,28,52,0,0,0.14,6.72,51.13,67.67,6.95,55.56,70.71,32.28,51.85,37.78,52.78
2026-02-02,19,3,2026-02-02 16:25:00,2,第69回中国地区選手権競走,2,3300,川崎 智幸,1,58,53.6,0,0,0.15,5.9,45.22,53.04,5.7,30,60,34.62,55.49,36.31,56.42
2026-02-02,19,3,2026-02-02 16:25:00,2,第69回中国地区選手権競走,3,5189,藤原 早菜,2,25,45.5,0,0,0.19,6.05,37.36,63.74,6.3,40.74,66.67,29.59,48.52,28.73,43.65
2026-02-02,19,3,2026-02-02 16:25:00,2,第69回中国地区選手権競走,4,4324,海野 康志郎,1,38,56.2,0,0,0.14,7.47,56.21,69.82,7.07,52.63,72.93,35.52,46.45,44.2,60.77
2026-02-02,19,3,2026-02-02 16:25:00,2,第69回中国地区選手権競走,5,4713,白神 優,1,35,52,0,0,0.13,6.96,52.82,75.35,8,69.57,95.65,30.57,54.92,28.33,42.78
2026-02-02,19,3,2026-02-02 16:25:00,2,第69回中国地区選手権競走,6,4011,堀之内 紀代子,1,46,46.5,1,0,0.15,5.62,40.48,52.38,0,0,0,41.44,53.59,31.84,49.16
2026-02-02,19,4,2026-02-02 16:53:00,2,第69回中国地区選手権競走,1,4239,竹田 辰也,1,41,52.3,0,0,0.14,6.72,53.96,67.63,6.6,48.35,70.33,42.33,55.03,38.67,59.12
2026-02-02,19,4,2026-02-02 16:53:00,2,第69回中国地区選手権競走,2,4089,妹尾 忠幸,2,45,53.9,0,0,0.15,6.06,37.59,64.54,6.62,50,69.23,32.99,48.97,30.94,48.07
2026-02-02,19,4,2026-02-02 16:53:00,2,第69回中国地区選手権競走,3,4798,浜先 真範,1,32,52,0,0,0.13,6.5,43.36,66.37,6.88,53.85,65.38,32.46,45.55,35.91,49.17
2026-02-02,19,4,2026-02-02 16:53:00,2,第69回中国地区選手権競走,4,3822,平尾 崇典,1,53,49.5,0,0,0.16,6.76,52,67.2,6,50,50,34.9,49.48,30.94,45.86
2026-02-02,19,4,2026-02-02 16:53:00,2,第69回中国地区選手権競走,5,4014,片岡 恵里,2,46,47,0,0,0.18,5.64,36.45,57.01,5.43,35.82,53.73,45.45,68.18,33.52,49.45
2026-02-02,19,4,2026-02-02 16:53:00,2,第69回中国地区選手権競走,6,4886,入海 馨,1,29,53.2,0,0,0.14,7.37,54.47,72.36,6.57,45.95,54.05,44.15,63.83,32.42,56.04
2026-02-02,19,5,2026-02-02 17:20:00,2,第69回中国地区選手権競走,1,4584,村岡 賢人,1,36,52.2,0,0,0.12,6.99,53.72,77.69,6.92,48,68,41.57,58.43,34.25,51.93
2026-02-02,19,5,2026-02-02 17:20:00,2,第69回中国地区選手権競走,2,4537,渡邉 和将,1,35,51,0,0,0.14,6.66,46.56,67.94,8,68.75,68.75,32.98,47.34,35.36,54.14
2026-02-02,19,5,2026-02-02 17:20:00,2,第69回中国地区選手権競走,3,4443,津田 裕絵,2,39,49.2,0,0,0.19,5.67,36.54,57.69,5.44,33.33,59.26,33.33,51.98,32.97,50.55
2026-02-02,19,5,2026-02-02 17:20:00,2,第69回中国地区選手権競走,4,4482,守屋 美穂,1,37,45,0,0,0.16,6.46,42.54,58.21,6.07,44.83,58.62,36.63,51.74,38.12,53.04
2026-02-02,19,5,2026-02-02 17:20:00,2,第69回中国地区選手権競走,5,3618,海野 ゆかり,1,52,45.5,0,0,0.16,6.32,45.24,63.49,5.67,36.11,50,41.62,57.3,33.71,51.12
2026-02-02,19,5,2026-02-02 17:20:00,2,第69回中国地区選手権競走,6,4292,麻生 慎介,1,40,52,1,0,0.14,6.33,43.9,68.29,4.75,12.5,31.25,43.43,58.86,34.46,53.67
2026-02-02,19,6,2026-02-02 17:47:00,2,第69回中国地区選手権競走,1,4064,原田 篤志,1,46,52,1,0,0.16,7.05,54.14,75.94,6.6,49.61,63.57,36.65,54.97,30.6,43.72
2026-02-02,19,6,2026-02-02 17:47:00,2,第69回中国地区選手権競走,2,4974,安井 瑞紀,1,32,47,1,0,0.14,5.93,40.74,62.04,5.62,35.9,56.41,33.94,52.12,36.46,51.93
2026-02-02,19,6,2026-02-02 17:47:00,2,第69回中国地区選手権競走,3,5058,前原 大道,1,29,52.7,1,0,0.14,7.17,54.93,75.35,6.8,45.71,65.71,37.43,58.1,45.05,64.29
2026-02-02,19,6,2026-02-02 17:47:00,2,第69回中国地区選手権競走,4,4601,森野 正弘,2,41,52,0,0,0.14,6.58,49.25,70.15,6.74,50,64.52,33.92,50.88,32.97,53.3
2026-02-02,19,6,2026-02-02 17:47:00,2,第69回中国地区選手権競走,5,4434,田中 辰彦,1,39,52.5,0,0,0.16,6.38,47.66,68.75,5.29,21.05,52.63,39.55,57.63,31.11,45
2026-02-02,19,6,2026-02-02 17:47:00,2,第69回中国地区選手権競走,6,4373,若狭 奈美子,1,37,46.5,0,0,0.18,6.29,44.54,68.91,6.7,55,70,32.98,52.66,35.91,54.7
2026-02-02,19,7,2026-02-02 18:15:00,2,第69回中国地区選手権競走,1,4324,海野 康志郎,1,38,56.2,0,0,0.14,7.47,56.21,69.82,7.07,52.63,72.93,35.52,46.45,44.2,60.77
2026-02-02,19,7,2026-02-02 18:15:00,2,第69回中国地区選手権競走,2,4011,堀之内 紀代子,1,46,46.5,1,0,0.15,5.62,40.48,52.38,0,0,0,41.44,53.59,31.84,49.16
2026-02-02,19,7,2026-02-02 18:15:00,2,第69回中国地区選手権競走,3,4713,白神 優,1,35,52,0,0,0.13,6.96,52.82,75.35,8,69.57,95.65,30.57,54.92,28.33,42.78
2026-02-02,19,7,2026-02-02 18:15:00,2,第69回中国地区選手権競走,4,5163,清水 愛海,1,26,46,1,0,0.17,6.56,51.92,68.27,6.49,48.1,63.29,31.95,49.7,33.7,45.86
2026-02-02,19,7,2026-02-02 18:15:00,2,第69回中国地区選手権競走,5,5015,高橋 竜矢,1,27,51.5,0,0,0.13,6.68,46.73,70.09,6.65,41.18,64.71,38.12,54.14,36.46,51.38
2026-02-02,19,7,2026-02-02 18:15:00,2,第69回中国地区選手権競走,6,4069,山本 修一,1,45,53,0,0,0.18,6.46,48.08,68.27,6.81,51.85,74.07,32.45,50.53,32.24,54.64
2026-02-02,19,8,2026-02-02 18:43:00,2,第69回中国地区選手権競走,1,3822,平尾 崇典,1,53,49.5,0,0,0.16,6.76,52,67.2,6,50,50,34.9,49.48,30.94,45.86
2026-02-02,19,8,2026-02-02 18:43:00,2,第69回中国地区選手権競走,2,4886,入海 馨,1,29,53.2,0,0,0.14,7.37,54.47,72.36,6.57,45.95,54.05,44.15,63.83,32.42,56.04
2026-02-02,19,8,2026-02-02 18:43:00,2,第69回中国地区選手権競走,3,4051,清水 敦揮,1,44,52.3,0,0,0.17,6.56,46.94,72.45,6.21,34.88,67.44,28.11,50.81,36.31,55.31
2026-02-02,19,8,2026-02-02 18:43:00,2,第69回中国地区選手権競走,4,4985,井本 昌也,1,28,52,0,0,0.14,6.72,51.13,67.67,6.95,55.56,70.71,32.28,51.85,37.78,52.78
2026-02-02,19,8,2026-02-02 18:43:00,2,第69回中国地区選手権競走,5,3300,川崎 智幸,1,58,53.6,0,0,0.15,5.9,45.22,53.04,5.7,30,60,34.62,55.49,36.31,56.42
2026-02-02,19,8,2026-02-02 18:43:00,2,第69回中国地区選手権競走,6,4798,浜先 真範,1,32,52,0,0,0.13,6.5,43.36,66.37,6.88,53.85,65.38,32.46,45.55,35.91,49.17
2026-02-02,19,9,2026-02-02 19:14:00,2,第69回中国地区選手権競走,1,4418,茅原 悠紀,1,38,52,0,0,0.12,7.95,54.31,78.45,7.61,56.52,73.91,28.65,43.23,33.52,49.72
2026-02-02,19,9,2026-02-02 19:14:00,2,第69回中国地区選手権競走,2,3897,白井 英治,1,49,52.6,0,0,0.13,6.95,36.63,60.4,7.94,69.57,84.06,30.16,49.74,37.02,51.93
2026-02-02,19,9,2026-02-02 19:14:00,2,第69回中国地区選手権競走,3,5217,藤原 碧生,1,25,52,0,0,0.16,6.56,46.39,70.1,7.24,66.67,76.19,32.78,46.11,45.9,64.48
2026-02-02,19,9,2026-02-02 19:14:00,2,第69回中国地区選手権競走,4,4682,大上 卓人,1,35,52,0,0,0.14,6.4,35.77,53.66,7.06,48.48,60.61,36.11,48.33,36.52,51.12
2026-02-02,19,9,2026-02-02 19:14:00,2,第69回中国地区選手権競走,5,3737,上平 真二,1,52,52.1,0,0,0.18,6.8,48.11,66.04,7.67,62.5,87.5,32.5,49.38,35.56,50
2026-02-02,19,9,2026-02-02 19:14:00,2,第69回中国地区選手権競走,6,4205,山口 剛,1,43,52.4,1,0,0.12,7.04,43.86,62.28,7.25,50,62.5,33.14,49.14,36.41,57.61
2026-02-02,19,10,2026-02-02 19:45:00,2,第69回中国地区選手権競走,1,4264,長尾 章平,1,41,52.3,0,0,0.15,6.37,47.48,64.03,6.74,50.68,69.86,50,68.02,31.87,49.45
2026-02-02,19,10,2026-02-02 19:45:00,2,第69回中国地区選手権競走,2,3942,寺田 祥,1,47,53.4,0,0,0.15,7.22,53.6,68.8,7.64,62.24,76.53,35.6,57.59,37.57,54.14
2026-02-02,19,10,2026-02-02 19:45:00,2,第69回中国地区選手権競走,3,4963,實森 美祐,1,29,45,0,0,0.15,6.25,43.9,58.54,0,0,0,33.52,48.9,32.6,51.38
2026-02-02,19,10,2026-02-02 19:45:00,2,第69回中国地区選手権競走,4,4471,新田 泰章,1,38,52.8,0,0,0.15,7.11,54.55,76.52,6.79,54.17,75,43.09,57.46,34.97,54.64
2026-02-02,19,10,2026-02-02 19:45:00,2,第69回中国地区選手権競走,5,4166,吉田 拡郎,1,43,52.6,0,0,0.12,7.09,44.53,63.28,7.21,47.37,63.16,29.05,45.25,43.89,57.22
2026-02-02,19,10,2026-02-02 19:45:00,2,第69回中国地区選手権競走,6,4050,田口 節子,1,45,47,0,0,0.14,7.12,62,72,6.97,54.05,67.57,36.27,55.44,33.52,51.4
2026-02-02,19,11,2026-02-02 20:16:00,2,第69回中国地区選手権競走,1,4361,柳生 泰二,1,41,51.5,0,0,0.15,7.43,57.8,76.15,7.91,63.06,85.59,33.84,48.48,39.23,55.8
2026-02-02,19,11,2026-02-02 20:16:00,2,第69回中国地区選手権競走,2,4980,佐々木 完太,1,29,52,0,0,0.15,7.24,55.12,68.5,7.03,51.9,65.82,32.07,47.28,32.78,48.33
2026-02-02,19,11,2026-02-02 20:16:00,2,第69回中国地区選手権競走,3,3711,江本 真治,2,51,52.6,0,0,0.15,5.99,42.47,60.27,6.7,50.6,63.86,38.98,55.37,33.15,51.12
2026-02-02,19,11,2026-02-02 20:16:00,2,第69回中国地区選手権競走,4,4370,山口 達也,1,39,54.9,1,0,0.14,7.22,55.63,73.24,0,0,0,30.53,45.26,39.78,54.7
2026-02-02,19,11,2026-02-02 20:16:00,2,第69回中国地区選手権競走,5,3562,山下 和彦,2,56,52,0,0,0.16,5.81,41.59,58.41,5.45,45.45,45.45,30.46,42.13,36.31,48.6
2026-02-02,19,11,2026-02-02 20:16:00,2,第69回中国地区選手権競走,6,4398,船岡 洋一郎,1,38,52,0,0,0.14,7.06,55.94,72.73,6.35,45.16,70.97,36.02,54.84,36.46,52.49
2026-02-02,19,12,2026-02-02 20:45:00,2,第69回中国地区選手権競走,1,4482,守屋 美穂,1,37,45,0,0,0.16,6.46,42.54,58.21,6.07,44.83,58.62,36.63,51.74,38.12,53.04
2026-02-02,19,12,2026-02-02 20:45:00,2,第69回中国地区選手権競走,2,3618,海野 ゆかり,1,52,45.5,0,0,0.16,6.32,45.24,63.49,5.67,36.11,50,41.62,57.3,33.71,51.12
2026-02-02,19,12,2026-02-02 20:45:00,2,第69回中国地区選手権競走,3,4014,片岡 恵里,2,46,47,0,0,0.18,5.64,36.45,57.01,5.43,35.82,53.73,45.45,68.18,33.52,49.45
2026-02-02,19,12,2026-02-02 20:45:00,2,第69回中国地区選手権競走,4,4373,若狭 奈美子,1,37,46.5,0,0,0.18,6.29,44.54,68.91,6.7,55,70,32.98,52.66,35.91,54.7
2026-02-02,19,12,2026-02-02 20:45:00,2,第69回中国地区選手権競走,5,5189,藤原 早菜,2,25,45.5,0,0,0.19,6.05,37.36,63.74,6.3,40.74,66.67,29.59,48.52,28.73,43.65
2026-02-02,19,12,2026-02-02 20:45:00,2,第69回中国地区選手権競走,6,5163,清水 愛海,1,26,46,1,0,0.17,6.56,51.92,68.27,6.49,48.1,63.29,31.95,49.7,33.7,45.86
2026-02-02,23,1,2026-02-02 10:38:00,2,第72回九州地区選手権,1,4679,植田 太一,1,36,56.3,0,0,0.16,5.85,40.52,56.9,4.04,16.67,33.33,50,60.94,32.63,50
2026-02-02,23,1,2026-02-02 10:38:00,2,第72回九州地区選手権,2,5121,定松 勇樹,1,24,52.4,0,0,0.14,7.53,61.24,75.19,7.28,56.79,77.78,35.38,60,36.56,48.92
2026-02-02,23,1,2026-02-02 10:38:00,2,第72回九州地区選手権,3,4545,岡村 慶太,1,37,53.6,0,0,0.14,6.6,47.93,66.94,6.9,58.62,75.86,28.57,49.35,29.19,46.49
2026-02-02,23,1,2026-02-02 10:38:00,2,第72回九州地区選手権,4,4447,深川 麻奈美,1,39,48.6,1,0,0.15,5.61,37.23,55.32,5.48,37.93,51.72,27.27,47.27,38.02,55.73
2026-02-02,23,1,2026-02-02 10:38:00,2,第72回九州地区選手権,5,5018,竹下 大樹,1,26,52,0,0,0.16,6.4,49.34,65.79,5.62,38.46,53.85,32.84,55.22,34.04,55.85
2026-02-02,23,1,2026-02-02 10:38:00,2,第72回九州地区選手権,6,4287,今井 貴士,1,41,56.6,1,0,0.17,5.78,42.61,53.04,7.95,65,80,23.61,41.67,38.71,56.99
2026-02-02,23,2,2026-02-02 11:07:00,2,第72回九州地区選手権,1,4556,竹井 奈美,1,36,47,0,0,0.15,6.94,54.12,76.47,7,55.56,77.78,27.87,54.1,32.99,52.58
2026-02-02,23,2,2026-02-02 11:07:00,2,第72回九州地区選手権,2,4932,新開 航,1,29,51.5,0,0,0.15,7.22,50.35,67.38,5.67,33.33,50,41.56,58.44,40.96,59.57
2026-02-02,23,2,2026-02-02 11:07:00,2,第72回九州地区選手権,3,4102,益田 啓司,1,46,52,0,0,0.15,6.41,48.36,65.57,7.71,58.06,87.1,32.43,55.41,31.69,45.9
2026-02-02,23,2,2026-02-02 11:07:00,2,第72回九州地区選手権,4,4566,塩田 北斗,1,38,52,0,0,0.14,6.66,40.15,59.12,3.5,0,25,36.36,53.03,43.41,60.44
2026-02-02,23,2,2026-02-02 11:07:00,2,第72回九州地区選手権,5,3779,原田 幸哉,1,50,53.5,0,0,0.1,6.83,44.95,55.96,5.56,25,37.5,31.75,49.21,28.96,46.99
2026-02-02,23,2,2026-02-02 11:07:00,2,第72回九州地区選手権,6,4736,高倉 和士,1,34,52.8,1,0,0.12,6.95,57.36,68.99,6.1,40,70,26.15,46.15,34.72,49.74
2026-02-02,23,3,2026-02-02 11:37:00,2,第72回九州地区選手権,1,4136,江夏 満,1,45,53,1,0,0.16,7.06,56.25,79.46,6.41,52.94,64.71,30.14,45.21,33.86,51.85
2026-02-02,23,3,2026-02-02 11:37:00,2,第72回九州地区選手権,2,4256,渡辺 浩司,1,42,52,0,0,0.13,6.73,45.13,64.6,6.7,59.26,70.37,35.29,48.53,36.67,51.67
2026-02-02,23,3,2026-02-02 11:37:00,2,第72回九州地区選手権,3,4848,仲谷 颯仁,1,31,52.1,1,0,0.15,6.92,45.38,59.23,7,57.14,71.43,25.81,33.87,31.94,46.6
2026-02-02,23,3,2026-02-02 11:37:00,2,第72回九州地区選手権,4,4351,里岡 右貴,1,39,52,0,0,0.14,6.8,51.52,70.45,5.75,37.5,56.25,30.56,47.22,29.55,40.34
2026-02-02,23,3,2026-02-02 11:37:00,2,第72回九州地区選手権,5,4477,篠崎 仁志,1,38,53.6,0,0,0.13,6.77,45.67,65.35,5.88,25,50,17.65,33.33,31.05,45.26
2026-02-02,23,3,2026-02-02 11:37:00,2,第72回九州地区選手権,6,3783,瓜生 正義,1,49,52.1,0,0,0.15,7.13,45.22,63.48,7.33,55.56,66.67,40.63,54.69,40.78,55.31
2026-02-02,23,4,2026-02-02 12:07:00,2,第72回九州地区選手権,1,4938,小芦 るり華,1,28,47,0,0,0.15,6.7,50,70.54,6.43,50.98,64.71,40,63.64,34.97,52.46
2026-02-02,23,4,2026-02-02 12:07:00,2,第72回九州地区選手権,2,4949,横田 貴満,1,33,50,0,0,0.15,6.52,48.15,66.67,5.81,34.26,59.26,37.5,51.39,36.65,52.88
2026-02-02,23,4,2026-02-02 12:07:00,2,第72回九州地区選手権,3,4371,西山 貴浩,1,38,52,0,0,0.13,6.31,29.2,45.13,7.59,59.09,72.73,38.24,48.53,38.6,56.73
2026-02-02,23,4,2026-02-02 12:07:00,2,第72回九州地区選手権,4,4503,上野 真之介,1,37,52,0,0,0.12,7.21,51.47,69.85,7.72,62.71,82.2,33.85,53.85,42.86,57.14
2026-02-02,23,4,2026-02-02 12:07:00,2,第72回九州地区選手権,5,4288,永田 啓二,1,41,52.1,0,0,0.13,6.94,56.49,72.08,7.23,65.71,77.14,26.98,34.92,29.03,42.47
2026-02-02,23,4,2026-02-02 12:07:00,2,第72回九州地区選手権,6,4096,石橋 道友,1,44,53.2,1,0,0.15,6.71,54.63,72.22,6.65,55,75,26.32,47.37,38.04,53.26
2026-02-02,23,5,2026-02-02 12:38:00,2,第72回九州地区選手権,1,4352,下條 雄太郎,1,39,52,2,0,0.14,6.56,49.59,65.85,6.62,48.72,66.67,53.57,69.64,33.69,54.01
2026-02-02,23,5,2026-02-02 12:38:00,2,第72回九州地区選手権,2,4296,岡崎 恭裕,1,39,51.5,0,0,0.13,6.76,49.56,67.26,7.23,61.29,77.42,32.84,44.78,30.26,47.69
2026-02-02,23,5,2026-02-02 12:38:00,2,第72回九州地区選手権,3,4294,古賀 繁輝,1,39,54.9,0,0,0.14,7.09,59.4,74.44,6.84,52.38,69.84,51.56,73.44,53.89,70.98
2026-02-02,23,5,2026-02-02 12:38:00,2,第72回九州地区選手権,4,3265,今村 暢孝,1,61,52,1,0,0.14,6.28,46.99,66.27,6.61,53.06,73.47,33.87,45.16,33.85,47.69
2026-02-02,23,5,2026-02-02 12:38:00,2,第72回九州地区選手権,5,4994,山本 梨菜,1,27,47,0,0,0.16,6.34,43.69,67.96,4.13,0,50,50,63.64,38.02,55.21
2026-02-02,23,5,2026-02-02 12:38:00,2,第72回九州地区選手権,6,5084,末永 和也,1,26,52.6,0,0,0.13,7.71,52.38,72.22,7.44,60.18,76.99,39.13,57.97,40.74,58.2
2026-02-02,23,6,2026-02-02 13:10:00,2,第72回九州地区選手権,1,4174,赤坂 俊輔,1,43,52,0,0,0.16,6.42,43.66,67.61,7.17,50,76.09,29.58,46.48,37.7,51.91
2026-02-02,23,6,2026-02-02 13:10:00,2,第72回九州地区選手権,2,4364,池永 太,1,40,52.2,0,0,0.14,6.98,56.94,74.31,6.49,45.95,62.16,37.1,45.16,30.41,45.36
2026-02-02,23,6,2026-02-02 13:10:00,2,第72回九州地区選手権,3,4531,武富 智亮,2,37,52.2,0,0,0.16,6.39,49.15,63.56,6.26,46.07,62.92,43.08,64.62,43.01,62.18
2026-02-02,23,6,2026-02-02 13:10:00,2,第72回九州地区選手権,4,4734,安河内 将,1,36,52,0,0,0.15,7.19,53.7,69.44,6.94,51.52,73.74,40.26,57.14,28.27,39.79
2026-02-02,23,6,2026-02-02 13:10:00,2,第72回九州地区選手権,5,5193,米丸 乃絵,1,24,47,0,0,0.14,6.48,47.01,71.64,5.64,36.36,63.64,54.55,66.67,38.46,55.38
2026-02-02,23,6,2026-02-02 13:10:00,2,第72回九州地区選手権,6,4447,深川 麻奈美,1,39,48.6,1,0,0.15,5.61,37.23,55.32,5.48,37.93,51.72,27.27,47.27,38.02,55.73
2026-02-02,23,7,2026-02-02 13:43:00,2,第72回九州地区選手権,1,4351,里岡 右貴,1,39,51.5,0,0,0.14,6.8,51.52,70.45,5.75,37.5,56.25,30.56,47.22,29.55,40.34
2026-02-02,23,7,2026-02-02 13:43:00,2,第72回九州地区選手権,2,3473,石川 真二,1,55,52.3,1,0,0.13,6.53,50.71,67.14,6.23,46.15,61.54,42.03,63.77,28.72,47.69
2026-02-02,23,7,2026-02-02 13:43:00,2,第72回九州地区選手権,3,5121,定松 勇樹,1,24,52,0,0,0.14,7.53,61.24,75.19,7.28,56.79,77.78,35.38,60,36.56,48.92
2026-02-02,23,7,2026-02-02 13:43:00,2,第72回九州地区選手権,4,4556,竹井 奈美,1,36,46.5,0,0,0.15,6.94,54.12,76.47,7,55.56,77.78,27.87,54.1,32.99,52.58
2026-02-02,23,7,2026-02-02 13:43:00,2,第72回九州地区選手権,5,5142,常住 蓮,1,25,51.5,1,0,0.12,7.28,56.52,77.54,7.59,60.48,80.24,47.3,63.51,35.29,52.41
2026-02-02,23,7,2026-02-02 13:43:00,2,第72回九州地区選手権,6,4433,川野 芽唯,1,39,47,0,0,0.19,6.91,49.61,72.44,6.17,47.83,60.87,42.86,71.43,40.31,60.73
2026-02-02,23,8,2026-02-02 14:17:00,2,第72回九州地区選手権,1,5018,竹下 大樹,1,26,52,0,0,0.16,6.4,49.34,65.79,5.62,38.46,53.85,32.84,55.22,34.04,55.85
2026-02-02,23,8,2026-02-02 14:17:00,2,第72回九州地区選手権,2,4102,益田 啓司,1,46,52,0,0,0.15,6.41,48.36,65.57,7.71,58.06,87.1,32.43,55.41,31.69,45.9
2026-02-02,23,8,2026-02-02 14:17:00,2,第72回九州地区選手権,3,4485,楠原 正剛,2,39,52.9,0,0,0.14,5.11,34.91,51.89,4.55,30,50,27.12,44.07,28.42,45.26
2026-02-02,23,8,2026-02-02 14:17:00,2,第72回九州地区選手権,4,3623,深川 真二,1,51,51,0,0,0.14,7.56,68.29,80.49,7.99,68.22,78.5,26.32,43.42,28.27,46.6
2026-02-02,23,8,2026-02-02 14:17:00,2,第72回九州地区選手権,5,4350,篠崎 元志,1,39,52,0,1,0.14,7.38,50.37,65.93,7.91,65.22,73.91,32.81,46.88,28.09,48.31
2026-02-02,23,8,2026-02-02 14:17:00,2,第72回九州地区選手権,6,4949,横田 貴満,1,33,50,0,0,0.15,6.52,48.15,66.67,5.81,34.26,59.26,37.5,51.39,36.65,52.88
2026-02-02,23,9,2026-02-02 14:51:00,2,第72回九州地区選手権,1,4932,新開 航,1,29,51.5,0,0,0.15,7.22,50.35,67.38,5.67,33.33,50,41.56,58.44,40.96,59.57
2026-02-02,23,9,2026-02-02 14:51:00,2,第72回九州地区選手権,2,4288,永田 啓二,1,41,52.1,0,0,0.13,6.94,56.49,72.08,7.23,65.71,77.14,26.98,34.92,29.03,42.47
2026-02-02,23,9,2026-02-02 14:51:00,2,第72回九州地区選手権,3,5026,安河内 健,1,30,54.5,1,0,0.15,6.57,51.77,63.83,6.55,51.18,66.14,46.15,60,31.02,43.32
2026-02-02,23,9,2026-02-02 14:51:00,2,第72回九州地区選手権,4,4136,江夏 満,1,45,53,1,0,0.16,7.06,56.25,79.46,6.41,52.94,64.71,30.14,45.21,33.86,51.85
2026-02-02,23,9,2026-02-02 14:51:00,2,第72回九州地区選手権,5,4121,富永 修一,1,44,52.1,0,0,0.13,5.94,37.72,61.4,6.06,45.16,58.06,33.33,47.62,28.8,42.93
2026-02-02,23,9,2026-02-02 14:51:00,2,第72回九州地区選手権,6,4445,宮地 元輝,1,39,53.8,0,0,0.11,6.91,35.83,55.83,7.53,59.57,75.53,29.03,46.77,35.45,50.26
2026-02-02,23,10,2026-02-02 15:28:00,2,第72回九州地区選手権,1,4503,上野 真之介,1,37,52,0,0,0.12,7.21,51.47,69.85,7.72,62.71,82.2,33.85,53.85,42.86,57.14
2026-02-02,23,10,2026-02-02 15:28:00,2,第72回九州地区選手権,2,3779,原田 幸哉,1,50,53.5,0,0,0.1,6.83,44.95,55.96,5.56,25,37.5,31.75,49.21,28.96,46.99
2026-02-02,23,10,2026-02-02 15:28:00,2,第72回九州地区選手権,3,4477,篠崎 仁志,1,38,53.6,0,0,0.13,6.77,45.67,65.35,5.88,25,50,17.65,33.33,31.05,45.26
2026-02-02,23,10,2026-02-02 15:28:00,2,第72回九州地区選手権,4,4352,下條 雄太郎,1,39,52,2,0,0.14,6.56,49.59,65.85,6.62,48.72,66.67,53.57,69.64,33.69,54.01
2026-02-02,23,10,2026-02-02 15:28:00,2,第72回九州地区選手権,5,4530,小野 生奈,1,37,47,0,0,0.15,7.01,56.8,69.6,7,57.69,61.54,38.1,53.97,39.77,53.98
2026-02-02,23,10,2026-02-02 15:28:00,2,第72回九州地区選手権,6,4364,池永 太,1,40,52.2,0,0,0.14,6.98,56.94,74.31,6.49,45.95,62.16,37.1,45.16,30.41,45.36
2026-02-02,23,11,2026-02-02 16:05:00,2,第72回九州地区選手権,1,4848,仲谷 颯仁,1,31,52.1,1,0,0.15,6.92,45.38,59.23,7,57.14,71.43,25.81,33.87,31.94,46.6
2026-02-02,23,11,2026-02-02 16:05:00,2,第72回九州地区選手権,2,4522,古澤 光紀,1,38,52.6,0,0,0.15,5.72,40.43,57.45,6.87,50,73.33,37.5,51.56,26.7,42.61
2026-02-02,23,11,2026-02-02 16:05:00,2,第72回九州地区選手権,3,4566,塩田 北斗,1,38,52,0,0,0.14,6.66,40.15,59.12,3.5,0,25,36.36,53.03,43.41,60.44
2026-02-02,23,11,2026-02-02 16:05:00,2,第72回九州地区選手権,4,5193,米丸 乃絵,1,24,47,0,0,0.14,6.48,47.01,71.64,5.64,36.36,63.64,54.55,66.67,38.46,55.38
2026-02-02,23,11,2026-02-02 16:05:00,2,第72回九州地区選手権,5,4294,古賀 繁輝,1,39,54.9,0,0,0.14,7.09,59.4,74.44,6.84,52.38,69.84,51.56,73.44,53.89,70.98
2026-02-02,23,11,2026-02-02 16:05:00,2,第72回九州地区選手権,6,4155,長野 壮志郎,1,45,54.5,0,0,0.16,6.17,44.44,62.63,7.06,66.67,66.67,26.76,50.7,35.08,51.31
2026-02-02,23,12,2026-02-02 16:45:00,2,第72回九州地区選手権,1,4371,西山 貴浩,1,38,52,0,0,0.13,6.31,29.2,45.13,7.59,59.09,72.73,38.24,48.53,38.6,56.73
2026-02-02,23,12,2026-02-02 16:45:00,2,第72回九州地区選手権,2,4734,安河内 将,1,36,52,0,0,0.15,7.19,53.7,69.44,6.94,51.52,73.74,40.26,57.14,28.27,39.79
2026-02-02,23,12,2026-02-02 16:45:00,2,第72回九州地区選手権,3,4433,川野 芽唯,1,39,47,0,0,0.19,6.91,49.61,72.44,6.17,47.83,60.87,42.86,71.43,40.31,60.73
2026-02-02,23,12,2026-02-02 16:45:00,2,第72回九州地区選手権,4,4590,渡邉 優美,1,33,47.8,0,0,0.16,7.13,50.89,75,7.39,60.71,82.14,29.58,50.7,29.05,46.93
2026-02-02,23,12,2026-02-02 16:45:00,2,第72回九州地区選手権,5,4193,郷原 章平,1,44,52,0,0,0.17,6.38,47.52,64.54,6.79,52.63,73.68,30.43,42.03,30.53,46.32
2026-02-02,23,12,2026-02-02 16:45:00,2,第72回九州地区選手権,6,4320,峰 竜太,1,40,52,0,0,0.14,7.85,53.27,73.83,7.87,68.35,83.54,26.23,39.34,33.33,53.03
