race_date,stadium_number,race_number,race_closed_at,race_grade_number,race_title,boat_number,racer_number,racer_name,racer_class_number,racer_age,racer_weight,racer_flying_count,racer_late_count,racer_average_start_timing,racer_national_top_1_percent,racer_national_top_2_percent,racer_national_top_3_percent,racer_local_top_1_percent,racer_local_top_2_percent,racer_local_top_3_percent,racer_assigned_motor_top_2_percent,racer_assigned_motor_top_3_percent,racer_assigned_boat_top_2_percent,racer_assigned_boat_top_3_percent
2026-05-02,1,1,2026-05-02 15:48:00,5,第53回上毛新聞社杯,1,3827,今泉 徹,3,52,52,0,0,0.17,4.01,15.29,32.94,4.33,16.5,39.81,40,55.29,39.18,55.67
2026-05-02,1,1,2026-05-02 15:48:00,5,第53回上毛新聞社杯,2,5283,植木 美帆,3,22,47,0,0,0.17,2.06,2.86,2.86,2.72,5.56,16.67,36.05,55.81,36,51
2026-05-02,1,1,2026-05-02 15:48:00,5,第53回上毛新聞社杯,3,3482,金子 猛志,2,55,56.3,0,0,0.16,4.96,28.32,47.79,5.36,29.31,48.28,29.41,39.22,41.05,54.74
2026-05-02,1,1,2026-05-02 15:48:00,5,第53回上毛新聞社杯,4,5377,鳥居塚 嶺王,3,22,50,0,0,0.15,3.71,15.28,31.94,3.13,10.71,23.21,35.29,52.94,41.41,51.52
2026-05-02,1,1,2026-05-02 15:48:00,5,第53回上毛新聞社杯,5,3293,宮内 由紀英,3,60,52.2,0,0,0.2,3.82,13.24,32.35,4.64,18.18,45.45,37.8,54.88,43.3,59.79
2026-05-02,1,1,2026-05-02 15:48:00,5,第53回上毛新聞社杯,6,4539,金子 賢志,1,35,52,0,0,0.14,6.57,48.21,61.61,6.76,55.12,67.72,32.14,48.81,35.35,50.51
2026-05-02,1,2,2026-05-02 16:12:00,5,第53回上毛新聞社杯,1,3947,寺本 昇平,3,50,50,0,0,0.17,4.33,16.67,40,5.35,30.67,53.33,41.77,62.03,36.84,51.58
2026-05-02,1,2,2026-05-02 16:12:00,5,第53回上毛新聞社杯,2,5100,栗原 一馬,3,29,54.8,0,0,0.18,4.32,25,38.33,3.92,26,32,34.69,48.98,36.73,62.24
2026-05-02,1,2,2026-05-02 16:12:00,5,第53回上毛新聞社杯,3,4819,蜂須 瑞生,2,34,47,0,0,0.16,5.55,33.98,58.25,6.16,45.1,68.63,29.73,52.7,34.74,49.47
2026-05-02,1,2,2026-05-02 16:12:00,5,第53回上毛新聞社杯,4,3655,本橋 克洋,2,52,53.3,0,0,0.17,5.26,29.57,53.91,6.03,40.54,63.06,31.76,50.59,30,46
2026-05-02,1,2,2026-05-02 16:12:00,5,第53回上毛新聞社杯,5,5361,植竹 玲奈,4,19,49.1,0,0,0.19,2.58,4.55,12.12,0,0,0,40.51,54.43,46.08,58.82
2026-05-02,1,2,2026-05-02 16:12:00,5,第53回上毛新聞社杯,6,3740,大澤 普司,1,51,53.3,0,0,0.16,6.29,47.41,62.07,6.35,46.23,63.21,49.33,73.33,26.8,43.3
2026-05-02,1,3,2026-05-02 16:34:00,5,第53回上毛新聞社杯,1,3973,崎 利仁,3,49,52.1,0,0,0.19,3.93,20.45,29.55,4.73,26.73,39.6,44.78,61.19,44.09,58.06
2026-05-02,1,3,2026-05-02 16:34:00,5,第53回上毛新聞社杯,2,5216,長谷川 晴哉,2,26,52.3,0,0,0.15,6.45,44.55,69.09,6.3,45.45,64.2,36.36,58.44,31.31,41.41
2026-05-02,1,3,2026-05-02 16:34:00,5,第53回上毛新聞社杯,3,5234,塚越 海斗,2,27,52.2,0,0,0.16,6.84,52.1,73.11,6.5,48.7,71.3,34.04,52.13,35.42,55.21
2026-05-02,1,3,2026-05-02 16:34:00,5,第53回上毛新聞社杯,4,4188,久田 敏之,1,45,52,0,0,0.13,7.81,60.64,80.85,7.47,58.82,81.37,28.57,46.43,30.3,42.42
2026-05-02,1,3,2026-05-02 16:34:00,5,第53回上毛新聞社杯,5,3441,土屋 太朗,3,56,52,0,0,0.2,4.93,28.42,48.42,5.43,31.33,54.22,22.73,37.88,30.85,44.68
2026-05-02,1,3,2026-05-02 16:34:00,5,第53回上毛新聞社杯,6,4987,島倉 都,3,29,49,0,0,0.17,4.03,19.44,29.17,4.43,30.36,39.29,32.99,56.7,34.41,50.54
2026-05-02,1,4,2026-05-02 16:56:00,5,第53回上毛新聞社杯,1,3790,佐口 達也,3,53,52,0,0,0.2,4.59,21.84,44.83,5,26.51,50.6,46.97,59.09,42.42,63.64
2026-05-02,1,4,2026-05-02 16:56:00,5,第53回上毛新聞社杯,2,4645,上村 純一,1,45,52,0,0,0.13,6.24,43.18,54.55,6.13,41.3,65.22,29.41,48.24,29.47,46.32
2026-05-02,1,4,2026-05-02 16:56:00,5,第53回上毛新聞社杯,3,3406,中里 英夫,2,57,52.8,0,0,0.17,5.2,29.67,52.75,5.46,40.23,58.62,32.61,51.09,40,57
2026-05-02,1,4,2026-05-02 16:56:00,5,第53回上毛新聞社杯,4,4177,萬 正嗣,3,43,55.3,0,0,0.17,4.39,21.74,40.58,6.05,37.93,58.62,35.62,52.05,30.3,46.46
2026-05-02,1,4,2026-05-02 16:56:00,5,第53回上毛新聞社杯,5,5320,岩崎 麗子,3,24,47.8,0,0,0.17,2.79,7.79,15.58,2.71,6.67,11.11,32.95,46.59,36.36,56.57
2026-05-02,1,4,2026-05-02 16:56:00,5,第53回上毛新聞社杯,6,4851,関 浩哉,1,31,49,0,0,0.14,7.45,51.81,66.27,7.65,59.62,79.81,32.53,46.99,30.43,47.83
2026-05-02,1,5,2026-05-02 17:18:00,5,第53回上毛新聞社杯,1,3699,富永 正人,3,53,52,0,0,0.17,4.2,20,35.38,5.17,31.48,48.15,35.05,47.42,45.26,62.11
2026-05-02,1,5,2026-05-02 17:18:00,5,第53回上毛新聞社杯,2,3475,橋本 久和,3,55,52,0,0,0.19,5.55,34.88,51.16,5.99,41.58,61.39,43.75,58.75,32.63,57.89
2026-05-02,1,5,2026-05-02 17:18:00,5,第53回上毛新聞社杯,3,4238,毒島 誠,4,42,52,0,0,0.16,8.44,67.42,85.39,9.07,82.89,94.74,33.33,48.15,43.75,63.54
2026-05-02,1,5,2026-05-02 17:18:00,5,第53回上毛新聞社杯,4,4809,外崎 悟,2,37,52,0,0,0.17,6.3,44.74,60.53,5.84,47.37,57.89,30,51.25,32.67,44.55
2026-05-02,1,5,2026-05-02 17:18:00,5,第53回上毛新聞社杯,5,5306,河内 悠利杏,3,22,47.2,0,0,0.22,2.72,6.25,18.75,2.52,3.7,12.96,28.95,48.68,39.78,60.22
2026-05-02,1,5,2026-05-02 17:18:00,5,第53回上毛新聞社杯,6,4305,金子 拓矢,1,42,52,0,0,0.15,7.27,59.43,77.36,6.56,49.49,68.69,45.68,55.56,29.41,47.06
2026-05-02,1,6,2026-05-02 17:40:00,5,第53回上毛新聞社杯,1,4787,椎名 豊,1,37,52,0,0,0.13,6.71,52.63,67.37,7.42,61.54,76.07,25.3,55.42,38.78,53.06
2026-05-02,1,6,2026-05-02 17:40:00,5,第53回上毛新聞社杯,2,4887,富澤 祐作,3,39,53.4,0,0,0.15,5.21,38.46,46.15,6.25,49.47,61.05,36.36,53.54,36,57
2026-05-02,1,6,2026-05-02 17:40:00,5,第53回上毛新聞社杯,3,5108,柴田 愛梨,4,27,47.6,0,0,0.31,2.59,6.12,10.2,1.5,0,5.56,53.33,66.67,39.8,57.14
2026-05-02,1,6,2026-05-02 17:40:00,5,第53回上毛新聞社杯,4,3827,今泉 徹,3,52,52,0,0,0.17,4.01,15.29,32.94,4.33,16.5,39.81,40,55.29,39.18,55.67
2026-05-02,1,6,2026-05-02 17:40:00,5,第53回上毛新聞社杯,5,3889,須藤 隆雄,3,51,53.6,0,0,0.15,3.81,18.82,32.94,4.45,22.11,36.84,40.48,60.71,33.66,52.48
2026-05-02,1,6,2026-05-02 17:40:00,5,第53回上毛新聞社杯,6,5455,澁澤 周羽,4,19,52.7,0,0,,0,0,0,0,0,0,32.81,46.88,28.13,44.79
2026-05-02,1,7,2026-05-02 18:02:00,5,第53回上毛新聞社杯,1,3655,本橋 克洋,2,52,53.3,0,0,0.17,5.26,29.57,53.91,6.03,40.54,63.06,31.76,50.59,30,46
2026-05-02,1,7,2026-05-02 18:02:00,5,第53回上毛新聞社杯,2,3973,崎 利仁,3,49,52.1,0,0,0.19,3.93,20.45,29.55,4.73,26.73,39.6,44.78,61.19,44.09,58.06
2026-05-02,1,7,2026-05-02 18:02:00,5,第53回上毛新聞社杯,3,4539,金子 賢志,1,35,52,0,0,0.14,6.57,48.21,61.61,6.76,55.12,67.72,32.14,48.81,35.35,50.51
2026-05-02,1,7,2026-05-02 18:02:00,5,第53回上毛新聞社杯,4,4128,川口 貴久,3,46,54.7,0,0,0.17,5.4,32.14,50,5.02,31.11,46.67,34.57,51.85,32.26,49.46
2026-05-02,1,7,2026-05-02 18:02:00,5,第53回上毛新聞社杯,5,5390,高橋 涼夏,4,18,47.5,0,0,0.15,1.74,3.45,3.45,1.49,0,0,42.86,68.25,36.73,53.06
2026-05-02,1,7,2026-05-02 18:02:00,5,第53回上毛新聞社杯,6,4486,野村 誠,3,39,52,0,0,0.17,5.42,41.89,52.7,5.39,39.33,50.56,26.87,35.82,35.35,53.54
2026-05-02,1,8,2026-05-02 18:25:00,5,第53回上毛新聞社杯,1,5150,坂本 雄紀,2,31,52.4,0,0,0.15,6.81,52.73,70.91,5.96,45.97,61.29,42.42,59.09,46.74,60.87
2026-05-02,1,8,2026-05-02 18:25:00,5,第53回上毛新聞社杯,2,4888,金児 隆太,3,38,52,0,0,0.21,4.85,27.5,43.75,5.24,30.97,49.56,37.65,50.59,42.86,60.2
2026-05-02,1,8,2026-05-02 18:25:00,5,第53回上毛新聞社杯,3,4987,島倉 都,3,29,49,0,0,0.17,4.03,19.44,29.17,4.43,30.36,39.29,32.99,56.7,34.41,50.54
2026-05-02,1,8,2026-05-02 18:25:00,5,第53回上毛新聞社杯,4,5100,栗原 一馬,3,29,54.8,0,0,0.18,4.32,25,38.33,3.92,26,32,34.69,48.98,36.73,62.24
2026-05-02,1,8,2026-05-02 18:25:00,5,第53回上毛新聞社杯,5,3159,江口 晃生,1,61,52.5,0,0,0.16,6.64,50,69.32,7.27,58.59,75.78,40.23,64.37,43.75,60.42
2026-05-02,1,8,2026-05-02 18:25:00,5,第53回上毛新聞社杯,6,5283,植木 美帆,3,22,47,0,0,0.17,2.06,2.86,2.86,2.72,5.56,16.67,36.05,55.81,36,51
2026-05-02,1,9,2026-05-02 18:54:00,5,第53回上毛新聞社杯,1,4177,萬 正嗣,3,43,55.3,0,0,0.17,4.39,21.74,40.58,6.05,37.93,58.62,35.62,52.05,30.3,46.46
2026-05-02,1,9,2026-05-02 18:54:00,5,第53回上毛新聞社杯,2,4362,土屋 智則,1,41,51.5,0,0,0.13,6.81,50,70.59,7.61,59.79,77.32,30.67,49.33,39.6,58.42
2026-05-02,1,9,2026-05-02 18:54:00,5,第53回上毛新聞社杯,3,4809,外崎 悟,2,37,52,0,0,0.17,6.3,44.74,60.53,5.84,47.37,57.89,30,51.25,32.67,44.55
2026-05-02,1,9,2026-05-02 18:54:00,5,第53回上毛新聞社杯,4,3293,宮内 由紀英,3,60,52.2,0,0,0.2,3.82,13.24,32.35,4.64,18.18,45.45,37.8,54.88,43.3,59.79
2026-05-02,1,9,2026-05-02 18:54:00,5,第53回上毛新聞社杯,5,3532,柴田 光,1,54,52,0,0,0.15,5.69,36.11,50,6.64,49.59,67.77,31.46,55.06,31.25,50
2026-05-02,1,9,2026-05-02 18:54:00,5,第53回上毛新聞社杯,6,3686,鳥居塚 孝博,2,51,51.5,0,0,0.14,6.01,39.64,62.16,6.37,40.16,72.13,57.69,73.08,32.65,57.14
2026-05-02,1,10,2026-05-02 19:24:00,5,第53回上毛新聞社杯,1,3482,金子 猛志,2,55,56.3,0,0,0.16,4.96,28.32,47.79,5.36,29.31,48.28,29.41,39.22,41.05,54.74
2026-05-02,1,10,2026-05-02 19:24:00,5,第53回上毛新聞社杯,2,4851,関 浩哉,1,31,49,0,0,0.14,7.45,51.81,66.27,7.65,59.62,79.81,32.53,46.99,30.43,47.83
2026-05-02,1,10,2026-05-02 19:24:00,5,第53回上毛新聞社杯,3,4407,鹿島 敏弘,3,40,52.4,0,0,0.18,5.24,29.07,52.33,5.06,30,50,41.05,64.21,26.26,43.43
2026-05-02,1,10,2026-05-02 19:24:00,5,第53回上毛新聞社杯,4,3740,大澤 普司,1,51,53.3,0,0,0.16,6.29,47.41,62.07,6.35,46.23,63.21,49.33,73.33,26.8,43.3
2026-05-02,1,10,2026-05-02 19:24:00,5,第53回上毛新聞社杯,5,5216,長谷川 晴哉,2,26,52.3,0,0,0.15,6.45,44.55,69.09,6.3,45.45,64.2,36.36,58.44,31.31,41.41
2026-05-02,1,10,2026-05-02 19:24:00,5,第53回上毛新聞社杯,6,4491,田中 堅,3,39,51,0,0,0.19,4.25,18.75,32.5,4.9,31.07,41.75,42.86,57.14,37.62,55.45
2026-05-02,1,11,2026-05-02 19:57:00,5,第53回上毛新聞社杯,1,4188,久田 敏之,1,45,52,0,0,0.13,7.81,60.64,80.85,7.47,58.82,81.37,28.57,46.43,30.3,42.42
2026-05-02,1,11,2026-05-02 19:57:00,5,第53回上毛新聞社杯,2,3679,飯島 昌弘,1,53,52,0,0,0.14,6.09,40,62,5.89,42.86,54.29,46.27,59.7,27.37,51.58
2026-05-02,1,11,2026-05-02 19:57:00,5,第53回上毛新聞社杯,3,4420,津久井 拓也,2,38,52,0,0,0.16,5.87,39.34,62.3,5.89,44.44,62.7,38.04,57.61,36.08,56.7
2026-05-02,1,11,2026-05-02 19:57:00,5,第53回上毛新聞社杯,4,3790,佐口 達也,3,53,52,0,0,0.2,4.59,21.84,44.83,5,26.51,50.6,46.97,59.09,42.42,63.64
2026-05-02,1,11,2026-05-02 19:57:00,5,第53回上毛新聞社杯,5,3699,富永 正人,3,53,52,0,0,0.17,4.2,20,35.38,5.17,31.48,48.15,35.05,47.42,45.26,62.11
2026-05-02,1,11,2026-05-02 19:57:00,5,第53回上毛新聞社杯,6,4819,蜂須 瑞生,2,34,47,0,0,0.16,5.55,33.98,58.25,6.16,45.1,68.63,29.73,52.7,34.74,49.47
2026-05-02,1,12,2026-05-02 20:30:00,5,第53回上毛新聞社杯,1,4238,毒島 誠,4,42,52,0,0,0.16,8.44,67.42,85.39,9.07,82.89,94.74,33.33,48.15,43.75,63.54
2026-05-02,1,12,2026-05-02 20:30:00,5,第53回上毛新聞社杯,2,4787,椎名 豊,1,37,52,0,0,0.13,6.71,52.63,67.37,7.42,61.54,76.07,25.3,55.42,38.78,53.06
2026-05-02,1,12,2026-05-02 20:30:00,5,第53回上毛新聞社杯,3,4645,上村 純一,1,45,52,0,0,0.13,6.24,43.18,54.55,6.13,41.3,65.22,29.41,48.24,29.47,46.32
2026-05-02,1,12,2026-05-02 20:30:00,5,第53回上毛新聞社杯,4,5150,坂本 雄紀,2,31,52.4,0,0,0.15,6.81,52.73,70.91,5.96,45.97,61.29,42.42,59.09,46.74,60.87
2026-05-02,1,12,2026-05-02 20:30:00,5,第53回上毛新聞社杯,5,4128,川口 貴久,3,46,54.7,0,0,0.17,5.4,32.14,50,5.02,31.11,46.67,34.57,51.85,32.26,49.46
2026-05-02,1,12,2026-05-02 20:30:00,5,第53回上毛新聞社杯,6,5234,塚越 海斗,2,27,52.2,0,0,0.16,6.84,52.1,73.11,6.5,48.7,71.3,34.04,52.13,35.42,55.21
2026-05-02,2,1,2026-05-02 10:47:00,5,第37回ウインビーカップ,1,3381,滝沢 芳行,3,57,52.2,0,0,0.15,5.31,36.9,48.81,5.71,39.09,56.36,40.23,52.3,37.89,60.25
2026-05-02,2,1,2026-05-02 10:47:00,5,第37回ウインビーカップ,2,5327,西田 和加,4,22,47.9,0,0,0.22,1.74,1.35,2.7,1.13,0,0,40,55.76,36.13,56.77
2026-05-02,2,1,2026-05-02 10:47:00,5,第37回ウインビーカップ,3,4191,赤羽 克也,2,44,55.6,0,0,0.17,6.53,51.11,66.67,6.03,50.48,61.9,30.67,50.67,31.21,50.96
2026-05-02,2,1,2026-05-02 10:47:00,5,第37回ウインビーカップ,4,5051,松本 純平,1,31,53.5,0,0,0.16,6.45,44.44,64.65,6.7,49.07,70.37,31.14,46.11,37.27,50.31
2026-05-02,2,1,2026-05-02 10:47:00,5,第37回ウインビーカップ,5,3546,中里 昌志,3,57,52,0,0,0.19,4.14,10.84,42.17,5.06,30.77,46.15,39.29,54.17,38.61,50.63
2026-05-02,2,1,2026-05-02 10:47:00,5,第37回ウインビーカップ,6,5045,平川 香織,2,25,46.5,0,0,0.22,5.95,38.05,61.06,5.7,36.62,59.15,29.56,46.54,33.33,49.06
2026-05-02,2,2,2026-05-02 11:16:00,5,第37回ウインビーカップ,1,5360,高木 茉白,3,19,47.1,0,0,0.18,3.36,9.09,25.97,2.43,5,11.67,41.01,57.3,41.1,60.12
2026-05-02,2,2,2026-05-02 11:16:00,5,第37回ウインビーカップ,2,3952,中澤 和志,1,49,52,0,0,0.15,6.73,47.12,64.42,7.26,52.46,70.49,29.37,45.45,31.68,49.07
2026-05-02,2,2,2026-05-02 11:16:00,5,第37回ウインビーカップ,3,3880,浅見 宗孝,3,53,55.6,0,0,0.18,4.65,23.86,40.91,4.16,21.05,36.84,33.74,48.47,38.13,54.38
2026-05-02,2,2,2026-05-02 11:16:00,5,第37回ウインビーカップ,4,5220,青木 蓮,1,25,52,0,0,0.14,6.02,42.19,60.16,6.44,49.61,62.2,37.06,54.55,47.26,66.44
2026-05-02,2,2,2026-05-02 11:16:00,5,第37回ウインビーカップ,5,3412,鈴木 博,2,56,52.5,0,0,0.16,6.53,49.15,70.34,6.65,49.56,70.8,32.76,48.85,33.13,51.88
2026-05-02,2,2,2026-05-02 11:16:00,5,第37回ウインビーカップ,6,3647,伊藤 雄二,3,53,50.5,0,0,0.19,3.48,11.83,29.03,4.52,17.46,38.1,30.81,44.77,38.04,60.12
2026-05-02,2,3,2026-05-02 11:45:00,5,第37回ウインビーカップ,1,3503,堂原 洋史,3,56,51.5,0,0,0.16,4.08,17.5,30,4.03,21.05,34.21,39.08,60.92,35.71,50.65
2026-05-02,2,3,2026-05-02 11:45:00,5,第37回ウインビーカップ,2,3629,浅見 昌克,2,56,51.5,0,0,0.14,6.11,40.37,61.47,5.4,36,56,38.55,54.82,35.71,57.79
2026-05-02,2,3,2026-05-02 11:45:00,5,第37回ウインビーカップ,3,3596,河上 年昭,3,56,53.8,0,0,0.17,3.64,13.33,22.67,4.76,17.78,37.78,35.93,53.89,40.38,59.62
2026-05-02,2,3,2026-05-02 11:45:00,5,第37回ウインビーカップ,4,4547,中田 竜太,1,38,52,0,0,0.15,6.72,40.82,64.29,7.01,48.57,65.71,34.64,58.1,40.38,53.21
2026-05-02,2,3,2026-05-02 11:45:00,5,第37回ウインビーカップ,5,5191,飛田 江己,1,24,52,0,0,0.13,6.67,47.93,69.42,6.51,49.09,64.24,33.33,47.37,36.42,55.63
2026-05-02,2,3,2026-05-02 11:45:00,5,第37回ウインビーカップ,6,5287,滝沢 織寧,3,26,46.5,0,0,0.17,3.64,13.51,27.03,3.63,10.99,28.57,30.77,45.51,32.05,45.51
2026-05-02,2,4,2026-05-02 12:14:00,5,第37回ウインビーカップ,1,5357,田中 瀬里奈,4,21,52.5,0,0,0.19,1.57,1.64,1.64,1.64,0,1.43,29.68,43.23,33.76,50.32
2026-05-02,2,4,2026-05-02 12:14:00,5,第37回ウインビーカップ,2,4528,黒井 達矢,1,37,52,0,0,0.15,6.38,42.55,69.15,6.78,50,67.02,38.36,57.23,32.1,50
2026-05-02,2,4,2026-05-02 12:14:00,5,第37回ウインビーカップ,3,3251,平石 和男,2,59,51,0,0,0.19,5.63,40,56.67,5.71,33.01,60.19,26.53,43.54,37.27,48.45
2026-05-02,2,4,2026-05-02 12:14:00,5,第37回ウインビーカップ,4,5246,楠 将太郎,3,24,52,0,0,0.19,5.61,39.81,58.33,5.49,39.51,53.09,45.5,65.08,40.49,57.06
2026-05-02,2,4,2026-05-02 12:14:00,5,第37回ウインビーカップ,5,5112,砂長 知輝,1,26,52,0,0,0.14,6.83,47.27,66.36,7.13,57.8,68.81,30.92,48.03,30.82,42.14
2026-05-02,2,4,2026-05-02 12:14:00,5,第37回ウインビーカップ,6,5466,成田 華音,4,19,52,0,0,,0,0,0,0,0,0,33.33,56.36,36.42,51.85
2026-05-02,2,5,2026-05-02 12:44:00,5,第37回ウインビーカップ,1,5087,佐藤 航,2,26,52.3,0,0,0.15,7.22,59.79,74.23,5.97,41.79,62.69,38.01,55.56,30.63,46.25
2026-05-02,2,5,2026-05-02 12:44:00,5,第37回ウインビーカップ,2,5259,野田 昇吾,3,32,56.5,0,0,0.15,3.16,12.9,16.13,3.19,10.81,21.62,30.61,47.62,35.9,53.21
2026-05-02,2,5,2026-05-02 12:44:00,5,第37回ウインビーカップ,3,5147,田中 勇輔,4,32,51.5,0,0,0.16,4.44,30,40,3.92,15.38,30.77,41.11,52.78,32.47,50.65
2026-05-02,2,5,2026-05-02 12:44:00,5,第37回ウインビーカップ,4,4573,佐藤 翼,1,37,52.5,0,0,0.13,6.95,42.42,62.63,7.86,53.03,81.82,41.34,61.45,31.37,50.98
2026-05-02,2,5,2026-05-02 12:44:00,5,第37回ウインビーカップ,5,4836,大谷 健太,4,37,52,0,0,0.2,5.19,32.84,46.27,4.74,28.21,38.46,30.3,50.3,42.58,54.84
2026-05-02,2,5,2026-05-02 12:44:00,5,第37回ウインビーカップ,6,5327,西田 和加,4,22,47.9,0,0,0.22,1.74,1.35,2.7,1.13,0,0,40,55.76,36.13,56.77
2026-05-02,2,6,2026-05-02 13:14:00,5,第37回ウインビーカップ,1,3992,関口 智久,3,47,53.3,0,0,0.13,5.36,35,48.75,5.48,37.08,49.44,35.68,47.03,30.26,48.68
2026-05-02,2,6,2026-05-02 13:14:00,5,第37回ウインビーカップ,2,4144,石塚 久也,2,44,52,0,0,0.19,6.48,47.62,67.62,6.97,55.28,70.73,32.39,47.18,36.48,54.09
2026-05-02,2,6,2026-05-02 13:14:00,5,第37回ウインビーカップ,3,4109,谷津 幸宏,1,46,52.7,0,0,0.13,5.81,36.97,57.98,5.79,45,54,39.68,60.85,39.63,53.66
2026-05-02,2,6,2026-05-02 13:14:00,5,第37回ウインビーカップ,4,5132,中野 希一,1,27,52,0,0,0.13,7.23,63.06,77.48,6.85,55.56,73.02,37.33,54.67,29.81,47.2
2026-05-02,2,6,2026-05-02 13:14:00,5,第37回ウインビーカップ,5,3306,武田 正紀,3,58,54.6,0,0,0.16,4.22,17.81,36.99,4.85,21.59,46.59,45.93,56.98,33.55,51.32
2026-05-02,2,6,2026-05-02 13:14:00,5,第37回ウインビーカップ,6,5454,谷島 咲希,4,19,47,0,0,,0,0,0,0,0,0,35.03,54.8,42.68,61.15
2026-05-02,2,7,2026-05-02 13:45:00,5,第37回ウインビーカップ,1,5042,畑田 汰一,1,27,52,0,0,0.12,6.45,40,62.5,6.4,49.59,62.81,37.28,49.11,32.9,45.81
2026-05-02,2,7,2026-05-02 13:45:00,5,第37回ウインビーカップ,2,3497,後藤 浩,3,57,52.1,0,0,0.17,5.1,34.15,50,5.68,39.13,57.97,32.57,49.71,31.29,47.24
2026-05-02,2,7,2026-05-02 13:45:00,5,第37回ウインビーカップ,3,5167,小川 竜太朗,3,25,52,0,0,0.17,5.37,35.37,52.44,4.73,21.33,40,37.74,53.46,32.52,45.4
2026-05-02,2,7,2026-05-02 13:45:00,5,第37回ウインビーカップ,4,5360,高木 茉白,3,19,47.1,0,0,0.18,3.36,9.09,25.97,2.43,5,11.67,41.01,57.3,41.1,60.12
2026-05-02,2,7,2026-05-02 13:45:00,5,第37回ウインビーカップ,5,3664,鈴木 賢一,3,56,56.6,0,0,0.17,4.68,22.62,50,5.65,40.28,51.39,42.16,61.08,32.3,47.2
2026-05-02,2,7,2026-05-02 13:45:00,5,第37回ウインビーカップ,6,5005,石田 貴洋,3,29,52,0,0,0.15,6.85,54.67,68,5.41,33.65,50.96,39.31,58.38,34.84,49.03
2026-05-02,2,8,2026-05-02 14:16:00,5,第37回ウインビーカップ,1,3880,浅見 宗孝,3,53,55.6,0,0,0.18,4.65,23.86,40.91,4.16,21.05,36.84,33.74,48.47,38.13,54.38
2026-05-02,2,8,2026-05-02 14:16:00,5,第37回ウインビーカップ,2,4532,秋元 哲,1,37,52.2,0,0,0.13,7.21,57.02,72.73,7,53.23,72.58,27.85,48.1,34.59,51.57
2026-05-02,2,8,2026-05-02 14:16:00,5,第37回ウインビーカップ,3,4186,小川 時光,3,45,55,0,0,0.17,3.74,18.46,30.77,4.88,29.27,43.9,39.05,55.62,32.69,50.64
2026-05-02,2,8,2026-05-02 14:16:00,5,第37回ウインビーカップ,4,3546,中里 昌志,3,57,52,0,0,0.19,4.14,10.84,42.17,5.06,30.77,46.15,39.29,54.17,38.61,50.63
2026-05-02,2,8,2026-05-02 14:16:00,5,第37回ウインビーカップ,5,4547,中田 竜太,1,38,52,0,0,0.15,6.72,40.82,64.29,7.01,48.57,65.71,34.64,58.1,40.38,53.21
2026-05-02,2,8,2026-05-02 14:16:00,5,第37回ウインビーカップ,6,4738,清埜 翔子,2,34,47,0,0,0.16,5.71,38.66,53.78,5.69,44.29,60,34.12,53.53,32.92,57.76
2026-05-02,2,9,2026-05-02 14:48:00,5,第37回ウインビーカップ,1,3251,平石 和男,2,59,50.5,0,0,0.19,5.63,40,56.67,5.71,33.01,60.19,26.53,43.54,37.27,48.45
2026-05-02,2,9,2026-05-02 14:48:00,5,第37回ウインビーカップ,2,5322,根岸 真優,4,24,44,0,0,0.22,2.39,6.25,12.5,1.91,4.71,7.06,38.46,50.89,44.79,59.51
2026-05-02,2,9,2026-05-02 14:48:00,5,第37回ウインビーカップ,3,5220,青木 蓮,1,25,51.5,0,0,0.14,6.02,42.19,60.16,6.44,49.61,62.2,37.06,54.55,47.26,66.44
2026-05-02,2,9,2026-05-02 14:48:00,5,第37回ウインビーカップ,4,3503,堂原 洋史,3,56,50.5,0,0,0.16,4.08,17.5,30,4.03,21.05,34.21,39.08,60.92,35.71,50.65
2026-05-02,2,9,2026-05-02 14:48:00,5,第37回ウインビーカップ,5,4444,桐生 順平,1,39,52,0,0,0.14,6.97,39.74,64.1,8.37,65.77,81.98,41.9,56.42,39.24,57.59
2026-05-02,2,9,2026-05-02 14:48:00,5,第37回ウインビーカップ,6,4159,向後 龍一,2,44,50.5,0,0,0.15,5.72,39.82,58.41,6.05,48.21,58.93,34.73,55.69,33.97,46.15
2026-05-02,2,10,2026-05-02 15:21:00,5,第37回ウインビーカップ,1,4191,赤羽 克也,2,44,55.6,0,0,0.17,6.53,51.11,66.67,6.03,50.48,61.9,30.67,50.67,31.21,50.96
2026-05-02,2,10,2026-05-02 15:21:00,5,第37回ウインビーカップ,2,5246,楠 将太郎,3,24,52,0,0,0.19,5.61,39.81,58.33,5.49,39.51,53.09,45.5,65.08,40.49,57.06
2026-05-02,2,10,2026-05-02 15:21:00,5,第37回ウインビーカップ,3,5132,中野 希一,1,27,52,0,0,0.13,7.23,63.06,77.48,6.85,55.56,73.02,37.33,54.67,29.81,47.2
2026-05-02,2,10,2026-05-02 15:21:00,5,第37回ウインビーカップ,4,5191,飛田 江己,1,24,52,0,0,0.13,6.67,47.93,69.42,6.51,49.09,64.24,33.33,47.37,29.41,43.79
2026-05-02,2,10,2026-05-02 15:21:00,5,第37回ウインビーカップ,5,3983,須藤 博倫,2,48,52,0,0,0.14,6.37,43,66,6.61,50.43,68.38,38.29,55.43,33.56,51.37
2026-05-02,2,10,2026-05-02 15:21:00,5,第37回ウインビーカップ,6,4432,黄金井 力良,3,40,53.7,0,0,0.15,5.38,31.31,55.56,5.3,26.09,60.87,33.94,47.88,33.12,49.35
2026-05-02,2,11,2026-05-02 15:55:00,5,第37回ウインビーカップ,1,4528,黒井 達矢,1,37,52,0,0,0.15,6.38,42.55,69.15,6.78,50,67.02,38.36,57.23,32.1,50
2026-05-02,2,11,2026-05-02 15:55:00,5,第37回ウインビーカップ,2,3381,滝沢 芳行,3,57,52.2,0,0,0.15,5.31,36.9,48.81,5.71,39.09,56.36,40.23,52.3,37.89,60.25
2026-05-02,2,11,2026-05-02 15:55:00,5,第37回ウインビーカップ,3,3647,伊藤 雄二,3,53,50.5,0,0,0.19,3.48,11.83,29.03,4.52,17.46,38.1,30.81,44.77,38.04,60.12
2026-05-02,2,11,2026-05-02 15:55:00,5,第37回ウインビーカップ,4,5042,畑田 汰一,1,27,52,0,0,0.12,6.45,40,62.5,6.4,49.59,62.81,37.28,49.11,32.9,45.81
2026-05-02,2,11,2026-05-02 15:55:00,5,第37回ウインビーカップ,5,5087,佐藤 航,2,26,52.3,0,0,0.15,7.22,59.79,74.23,5.97,41.79,62.69,38.01,55.56,30.63,46.25
2026-05-02,2,11,2026-05-02 15:55:00,5,第37回ウインビーカップ,6,4144,石塚 久也,2,44,52,0,0,0.19,6.48,47.62,67.62,6.97,55.28,70.73,32.39,47.18,36.48,54.09
2026-05-02,2,12,2026-05-02 16:30:00,5,第37回ウインビーカップ,1,4573,佐藤 翼,1,37,52.5,0,0,0.13,6.95,42.42,62.63,7.86,53.03,81.82,41.34,61.45,31.37,50.98
2026-05-02,2,12,2026-05-02 16:30:00,5,第37回ウインビーカップ,2,4700,金子 和之,2,39,52.2,0,0,0.14,6.02,42.31,62.5,6.05,45.45,60.91,33.33,48.23,35.62,49.32
2026-05-02,2,12,2026-05-02 16:30:00,5,第37回ウインビーカップ,3,4532,秋元 哲,1,37,52.2,0,0,0.13,7.21,57.02,72.73,7,53.23,72.58,27.85,48.1,34.59,51.57
2026-05-02,2,12,2026-05-02 16:30:00,5,第37回ウインビーカップ,4,3497,後藤 浩,3,57,52.1,0,0,0.17,5.1,34.15,50,5.68,39.13,57.97,32.57,49.71,31.29,47.24
2026-05-02,2,12,2026-05-02 16:30:00,5,第37回ウインビーカップ,5,3992,関口 智久,3,47,53.3,0,0,0.13,5.36,35,48.75,5.48,37.08,49.44,35.68,47.03,30.26,48.68
2026-05-02,2,12,2026-05-02 16:30:00,5,第37回ウインビーカップ,6,3629,浅見 昌克,2,56,51.5,0,0,0.14,6.11,40.37,61.47,5.4,36,56,38.55,54.82,35.71,57.79
2026-05-02,5,1,2026-05-02 12:02:00,5,第33回多摩川さつき杯,1,3377,塚田 修二,3,58,53.6,0,0,0.18,3.81,17.81,31.51,4.27,19.61,41.18,0,0,0,0
2026-05-02,5,1,2026-05-02 12:02:00,5,第33回多摩川さつき杯,2,2538,高橋 二朗,3,77,52,0,0,0.21,3.46,6.9,21.84,3.83,15.09,26.42,54.55,72.73,20,60
2026-05-02,5,1,2026-05-02 12:02:00,5,第33回多摩川さつき杯,3,3256,三角 哲男,2,59,52.4,0,0,0.14,6.36,46.15,67.31,6.71,52.33,68.6,0,0,0,0
2026-05-02,5,1,2026-05-02 12:02:00,5,第33回多摩川さつき杯,4,4863,三浦 裕貴,3,37,52.3,0,0,0.15,4.93,26.09,50.72,5.6,32,56,44.44,55.56,40,50
2026-05-02,5,1,2026-05-02 12:02:00,5,第33回多摩川さつき杯,5,5133,堀越 雄貴,3,26,51.5,0,0,0.16,5.14,30.59,50.59,4.44,23.53,44.12,30,40,22.22,55.56
2026-05-02,5,1,2026-05-02 12:02:00,5,第33回多摩川さつき杯,6,5415,阿部 未侑,4,20,53.3,0,0,0.25,1.3,0,1.43,1.09,0,0,50,60,44.44,44.44
2026-05-02,5,2,2026-05-02 12:34:00,5,第33回多摩川さつき杯,1,4906,鈴木 雅希,3,31,52.3,0,0,0.14,5.84,40,64.71,6.07,48.33,63.33,0,0,0,0
2026-05-02,5,2,2026-05-02 12:34:00,5,第33回多摩川さつき杯,2,4676,後藤 隼之,3,38,55,0,0,0.15,5.66,35,57,5.66,39.62,52.83,0,0,22.22,22.22
2026-05-02,5,2,2026-05-02 12:34:00,5,第33回多摩川さつき杯,3,5201,村上 宗太郎,3,23,52,0,0,0.22,5.39,34.78,52.17,5.02,37.78,46.67,50,80,16.67,33.33
2026-05-02,5,2,2026-05-02 12:34:00,5,第33回多摩川さつき杯,4,4891,寺島 美里,3,36,47,0,0,0.15,4.86,23.4,42.55,5.49,37.84,54.05,0,0,30,40
2026-05-02,5,2,2026-05-02 12:34:00,5,第33回多摩川さつき杯,5,4928,栗城 匠,1,30,52.5,0,0,0.14,6.59,49.06,63.21,6.63,50,70.83,60,80,11.11,44.44
2026-05-02,5,2,2026-05-02 12:34:00,5,第33回多摩川さつき杯,6,4335,若林 将,1,42,52.4,0,0,0.12,7.29,54.55,79.34,7.17,50.79,76.19,0,0,25,25
2026-05-02,5,3,2026-05-02 13:04:00,5,第33回多摩川さつき杯,1,3771,折下 寛法,3,52,52,0,0,0.16,5.3,32.65,55.1,5.21,26.32,47.37,30,60,12.5,12.5
2026-05-02,5,3,2026-05-02 13:04:00,5,第33回多摩川さつき杯,2,3859,多羅尾 達之,3,52,51,0,0,0.15,4.72,29.58,43.66,4.32,27.66,42.55,0,0,0,0
2026-05-02,5,3,2026-05-02 13:04:00,5,第33回多摩川さつき杯,3,3072,西田 靖,3,64,53.1,0,0,0.15,4.17,21.95,37.8,4.06,29.03,35.48,40,50,0,0
2026-05-02,5,3,2026-05-02 13:04:00,5,第33回多摩川さつき杯,4,4114,深澤 達徳,3,45,52,0,0,0.21,4.98,23.81,50.79,5.67,36.36,58.18,36.36,81.82,0,0
2026-05-02,5,3,2026-05-02 13:04:00,5,第33回多摩川さつき杯,5,4086,寺本 重宣,2,45,50,0,0,0.14,6.22,43.93,64.49,6.28,41.51,66.04,70,90,22.22,55.56
2026-05-02,5,3,2026-05-02 13:04:00,5,第33回多摩川さつき杯,6,4496,内堀 学,2,38,52,0,0,0.18,6.91,60.61,70.45,6.24,43.14,64.71,44.44,44.44,0,0
2026-05-02,5,4,2026-05-02 13:34:00,5,第33回多摩川さつき杯,1,4627,藤原 菜希,2,40,47.9,0,0,0.15,6.3,48.6,63.55,6.68,49.12,68.42,36.36,45.45,60,80
2026-05-02,5,4,2026-05-02 13:34:00,5,第33回多摩川さつき杯,2,3812,山崎 聖司,3,50,51.5,0,0,0.16,4.4,21.11,43.33,4.1,16,42,0,0,12.5,12.5
2026-05-02,5,4,2026-05-02 13:34:00,5,第33回多摩川さつき杯,3,3226,浦田 信義,3,60,52.5,0,0,0.18,4.98,31.71,46.34,3.88,5.88,41.18,40,40,22.22,33.33
2026-05-02,5,4,2026-05-02 13:34:00,5,第33回多摩川さつき杯,4,4085,荻野 裕介,3,46,52,0,0,0.2,4.99,25.37,49.25,4.05,18.18,36.36,33.33,44.44,0,0
2026-05-02,5,4,2026-05-02 13:34:00,5,第33回多摩川さつき杯,5,4818,伏見 俊介,4,34,56.2,0,0,0.11,3.87,34.78,34.78,5.26,40.74,48.15,27.27,63.64,11.11,33.33
2026-05-02,5,4,2026-05-02 13:34:00,5,第33回多摩川さつき杯,6,5096,上原 崚,2,30,52,0,0,0.13,5.64,36.45,53.27,5.92,43.69,57.28,0,0,11.11,11.11
2026-05-02,5,5,2026-05-02 14:03:00,5,第33回多摩川さつき杯,1,2538,高橋 二朗,3,77,52,0,0,0.21,3.46,6.9,21.84,3.83,15.09,26.42,54.55,72.73,20,60
2026-05-02,5,5,2026-05-02 14:03:00,5,第33回多摩川さつき杯,2,4134,杉山 貴博,2,45,52.6,0,0,0.16,5.98,44.44,62.04,6.16,40.43,68.09,40,60,0,0
2026-05-02,5,5,2026-05-02 14:03:00,5,第33回多摩川さつき杯,3,4460,後藤 翔之,2,40,54.7,0,0,0.14,6.09,40.34,61.34,6.09,41.18,64.71,0,0,40,50
2026-05-02,5,5,2026-05-02 14:03:00,5,第33回多摩川さつき杯,4,4286,平田 さやか,2,41,48,0,0,0.15,5.56,34.75,53.9,6.24,42.42,60.61,33.33,44.44,66.67,88.89
2026-05-02,5,5,2026-05-02 14:03:00,5,第33回多摩川さつき杯,5,5228,若林 樹蘭,4,23,52.2,0,0,0.16,6.13,41.18,61.76,5.67,33.33,44.44,0,0,0,0
2026-05-02,5,5,2026-05-02 14:03:00,5,第33回多摩川さつき杯,6,5044,渡邉 健,3,27,58.7,0,0,0.14,4.52,26.83,41.46,6,43.4,60.38,33.33,55.56,0,0
2026-05-02,5,6,2026-05-02 14:36:00,5,第33回多摩川さつき杯,1,5314,中曽 瑠華,4,25,50,0,0,0.18,3.34,11.76,23.53,2.23,8.33,13.33,0,0,11.11,33.33
2026-05-02,5,6,2026-05-02 14:36:00,5,第33回多摩川さつき杯,2,4891,寺島 美里,3,36,47,0,0,0.15,4.86,23.4,42.55,5.49,37.84,54.05,0,0,30,40
2026-05-02,5,6,2026-05-02 14:36:00,5,第33回多摩川さつき杯,3,4117,廣中 智紗衣,1,45,45.5,0,0,0.2,5.86,41.28,63.3,5.81,35.59,64.41,22.22,33.33,0,0
2026-05-02,5,6,2026-05-02 14:36:00,5,第33回多摩川さつき杯,4,4791,黒澤 めぐみ,2,36,47,0,0,0.17,5.15,33.72,50,4.85,32.08,47.17,66.67,88.89,0,0
2026-05-02,5,6,2026-05-02 14:36:00,5,第33回多摩川さつき杯,5,5415,阿部 未侑,4,20,53.3,0,0,0.25,1.3,0,1.43,1.09,0,0,50,60,44.44,44.44
2026-05-02,5,6,2026-05-02 14:36:00,5,第33回多摩川さつき杯,6,5436,市川 瑚幸,4,20,47,0,0,,1.08,0,0,0.86,0,0,0,0,11.11,33.33
2026-05-02,5,7,2026-05-02 15:06:00,5,第33回多摩川さつき杯,1,3792,田中 豪,2,53,52.7,0,0,0.15,6.62,52.17,71.74,5.98,45,65,36.36,81.82,0,0
2026-05-02,5,7,2026-05-02 15:06:00,5,第33回多摩川さつき杯,2,4297,山田 哲也,1,43,52,0,0,0.12,6.45,46.77,62.9,7.15,56.25,75,0,0,0,0
2026-05-02,5,7,2026-05-02 15:06:00,5,第33回多摩川さつき杯,3,3859,多羅尾 達之,3,52,51,0,0,0.15,4.72,29.58,43.66,4.32,27.66,42.55,0,0,0,0
2026-05-02,5,7,2026-05-02 15:06:00,5,第33回多摩川さつき杯,4,3377,塚田 修二,3,58,53.6,0,0,0.18,3.81,17.81,31.51,4.27,19.61,41.18,0,0,0,0
2026-05-02,5,7,2026-05-02 15:06:00,5,第33回多摩川さつき杯,5,5190,大月 遊雅,3,25,52.2,0,0,0.18,4.47,22.47,42.7,4.59,27.59,44.83,44.44,44.44,50,60
2026-05-02,5,7,2026-05-02 15:06:00,5,第33回多摩川さつき杯,6,5331,佐藤 永梧,3,22,55.3,0,0,0.15,4.1,24.39,34.15,4,26.03,32.88,44.44,66.67,40,60
2026-05-02,5,8,2026-05-02 15:40:00,5,第33回多摩川さつき杯,1,3072,西田 靖,3,64,53.1,0,0,0.15,4.17,21.95,37.8,4.06,29.03,35.48,40,50,0,0
2026-05-02,5,8,2026-05-02 15:40:00,5,第33回多摩川さつき杯,2,3226,浦田 信義,3,60,52.5,0,0,0.18,4.98,31.71,46.34,3.88,5.88,41.18,40,40,22.22,33.33
2026-05-02,5,8,2026-05-02 15:40:00,5,第33回多摩川さつき杯,3,4676,後藤 隼之,3,38,55,0,0,0.15,5.66,35,57,5.66,39.62,52.83,0,0,22.22,22.22
2026-05-02,5,8,2026-05-02 15:40:00,5,第33回多摩川さつき杯,4,4818,伏見 俊介,4,34,56.2,0,0,0.11,3.87,34.78,34.78,5.26,40.74,48.15,27.27,63.64,11.11,33.33
2026-05-02,5,8,2026-05-02 15:40:00,5,第33回多摩川さつき杯,5,5433,米本 圭佑,4,21,51,0,0,,1.8,1.82,3.64,1.22,0,0,0,0,50,60
2026-05-02,5,8,2026-05-02 15:40:00,5,第33回多摩川さつき杯,6,4792,杉村 賢也,2,36,52,0,0,0.16,5.24,30.68,47.73,5.19,38.3,48.94,0,0,44.44,44.44
2026-05-02,5,9,2026-05-02 16:13:00,5,第33回多摩川さつき杯,1,5228,若林 樹蘭,4,23,52.2,0,0,0.16,6.13,41.18,61.76,5.67,33.33,44.44,0,0,0,0
2026-05-02,5,9,2026-05-02 16:13:00,5,第33回多摩川さつき杯,2,4086,寺本 重宣,2,45,50,0,0,0.14,6.22,43.93,64.49,6.28,41.51,66.04,70,90,22.22,55.56
2026-05-02,5,9,2026-05-02 16:13:00,5,第33回多摩川さつき杯,3,4286,平田 さやか,2,41,48,0,0,0.15,5.56,34.75,53.9,6.24,42.42,60.61,33.33,44.44,66.67,88.89
2026-05-02,5,9,2026-05-02 16:13:00,5,第33回多摩川さつき杯,4,5096,上原 崚,2,30,52,0,0,0.13,5.64,36.45,53.27,5.92,43.69,57.28,0,0,11.11,11.11
2026-05-02,5,9,2026-05-02 16:13:00,5,第33回多摩川さつき杯,5,4627,藤原 菜希,2,40,47.9,0,0,0.15,6.3,48.6,63.55,6.68,49.12,68.42,36.36,45.45,60,80
2026-05-02,5,9,2026-05-02 16:13:00,5,第33回多摩川さつき杯,6,4863,三浦 裕貴,3,37,52.3,0,0,0.15,4.93,26.09,50.72,5.6,32,56,44.44,55.56,40,50
2026-05-02,5,10,2026-05-02 16:45:00,5,第33回多摩川さつき杯,1,4496,内堀 学,2,38,52,0,0,0.18,6.91,60.61,70.45,6.24,43.14,64.71,44.44,44.44,0,0
2026-05-02,5,10,2026-05-02 16:45:00,5,第33回多摩川さつき杯,2,5133,堀越 雄貴,3,26,51.5,0,0,0.16,5.14,30.59,50.59,4.44,23.53,44.12,30,40,22.22,55.56
2026-05-02,5,10,2026-05-02 16:45:00,5,第33回多摩川さつき杯,3,4928,栗城 匠,1,30,52.5,0,0,0.14,6.59,49.06,63.21,6.63,50,70.83,60,80,11.11,44.44
2026-05-02,5,10,2026-05-02 16:45:00,5,第33回多摩川さつき杯,4,4460,後藤 翔之,2,40,54.7,0,0,0.14,6.09,40.34,61.34,6.09,41.18,64.71,0,0,40,50
2026-05-02,5,10,2026-05-02 16:45:00,5,第33回多摩川さつき杯,5,4134,杉山 貴博,2,45,52.6,0,0,0.16,5.98,44.44,62.04,6.16,40.43,68.09,40,60,0,0
2026-05-02,5,10,2026-05-02 16:45:00,5,第33回多摩川さつき杯,6,4117,廣中 智紗衣,1,45,45.5,0,0,0.2,5.86,41.28,63.3,5.81,35.59,64.41,22.22,33.33,0,0
2026-05-02,5,11,2026-05-02 17:13:00,5,第33回多摩川さつき杯,1,4335,若林 将,1,42,52.4,0,0,0.12,7.29,54.55,79.34,7.17,50.79,76.19,0,0,25,25
2026-05-02,5,11,2026-05-02 17:13:00,5,第33回多摩川さつき杯,2,4085,荻野 裕介,3,46,52,0,0,0.2,4.99,25.37,49.25,4.05,18.18,36.36,33.33,44.44,0,0
2026-05-02,5,11,2026-05-02 17:13:00,5,第33回多摩川さつき杯,3,4114,深澤 達徳,3,45,52,0,0,0.21,4.98,23.81,50.79,5.67,36.36,58.18,36.36,81.82,0,0
2026-05-02,5,11,2026-05-02 17:13:00,5,第33回多摩川さつき杯,4,3256,三角 哲男,2,59,52.4,0,0,0.14,6.36,46.15,67.31,6.71,52.33,68.6,0,0,0,0
2026-05-02,5,11,2026-05-02 17:13:00,5,第33回多摩川さつき杯,5,4297,山田 哲也,1,43,52,0,0,0.12,6.45,46.77,62.9,7.15,56.25,75,0,0,0,0
2026-05-02,5,11,2026-05-02 17:13:00,5,第33回多摩川さつき杯,6,3792,田中 豪,2,53,52.7,0,0,0.15,6.62,52.17,71.74,5.98,45,65,36.36,81.82,0,0
2026-05-02,5,12,2026-05-02 17:42:00,5,第33回多摩川さつき杯,1,4759,今泉 友吾,1,36,51.5,0,0,0.15,6.64,41.3,64.13,7.08,54.24,72.88,80,90,0,0
2026-05-02,5,12,2026-05-02 17:42:00,5,第33回多摩川さつき杯,2,4688,永井 彪也,1,33,52.4,0,0,0.13,6.34,43.88,57.14,7.29,49.21,73.02,0,0,44.44,55.56
2026-05-02,5,12,2026-05-02 17:42:00,5,第33回多摩川さつき杯,3,4266,長田 頼宗,1,40,52,0,0,0.14,6.43,41.03,56.41,6.65,49.02,62.75,0,0,33.33,50
2026-05-02,5,12,2026-05-02 17:42:00,5,第33回多摩川さつき杯,4,4075,中野 次郎,1,44,54.1,0,0,0.13,6.38,42.4,60.8,7.1,53.13,72.92,40,50,0,0
2026-05-02,5,12,2026-05-02 17:42:00,5,第33回多摩川さつき杯,5,4847,佐藤 隆太郎,1,31,52,0,0,0.13,6.34,41.46,59.76,6.64,45.76,72.88,50,60,12.5,12.5
2026-05-02,5,12,2026-05-02 17:42:00,5,第33回多摩川さつき杯,6,4095,福来 剛,1,44,52,0,0,0.13,7.25,60.45,75.37,6.92,50,72.22,0,0,0,0
2026-05-02,7,1,2026-05-02 15:25:00,5,中日スポーツ賞 第55回竹島弁天杯,1,4035,杉江 浩明,3,47,51.5,0,0,0.2,4.09,24.24,33.33,4.62,21.62,37.84,36.6,52.29,34.83,58.43
2026-05-02,7,1,2026-05-02 15:25:00,5,中日スポーツ賞 第55回竹島弁天杯,2,3455,谷本 幸司,3,55,52,0,0,0.18,5.09,32.32,45.45,4.38,24.32,40.54,39.64,56.8,34.08,48.04
2026-05-02,7,1,2026-05-02 15:25:00,5,中日スポーツ賞 第55回竹島弁天杯,3,4483,北野 輝季,1,37,52.8,0,0,0.14,6.8,51.61,64.52,7.68,62.71,72.88,41.3,53.26,38.29,53.14
2026-05-02,7,1,2026-05-02 15:25:00,5,中日スポーツ賞 第55回竹島弁天杯,4,5318,河内 一馬,3,25,54.2,0,0,0.18,3.53,14.94,28.74,2.47,3.92,9.8,41.4,58.6,32.69,44.23
2026-05-02,7,1,2026-05-02 15:25:00,5,中日スポーツ賞 第55回竹島弁天杯,5,5061,中村 駿平,3,28,52.1,0,0,0.15,3.36,14.86,27.03,3.88,21.95,29.27,35.18,53.77,33.14,48.84
2026-05-02,7,1,2026-05-02 15:25:00,5,中日スポーツ賞 第55回竹島弁天杯,6,5137,川原 涼,3,26,52.9,0,0,0.17,5.53,38.37,60.47,4.45,19.35,43.55,32.67,49.01,34.94,52.41
2026-05-02,7,2,2026-05-02 15:57:00,5,中日スポーツ賞 第55回竹島弁天杯,1,3776,横井 健太,3,50,56.9,0,0,0.17,3.64,15.15,18.18,3.44,12.5,25,35,51.82,35.04,50.36
2026-05-02,7,2,2026-05-02 15:57:00,5,中日スポーツ賞 第55回竹島弁天杯,2,4960,黒野 元基,1,29,52,0,0,0.14,7.6,67.71,75,7.11,60,68.89,41.24,59.89,34.59,47.17
2026-05-02,7,2,2026-05-02 15:57:00,5,中日スポーツ賞 第55回竹島弁天杯,3,4989,石原 翼,2,28,52,0,0,0.13,6.05,44.23,63.46,5.86,33.33,66.67,33.18,49.29,45.51,61.8
2026-05-02,7,2,2026-05-02 15:57:00,5,中日スポーツ賞 第55回竹島弁天杯,4,3934,鋤柄 貴俊,3,49,52,0,0,0.17,4.78,25.77,42.27,5.45,34.21,55.26,32.89,51.56,46.91,60.82
2026-05-02,7,2,2026-05-02 15:57:00,5,中日スポーツ賞 第55回竹島弁天杯,5,3718,伊達 正利,3,51,55.1,0,0,0.17,4.73,27.06,44.71,3.15,7.69,17.95,37.76,54.08,36.47,54.71
2026-05-02,7,2,2026-05-02 15:57:00,5,中日スポーツ賞 第55回竹島弁天杯,6,3945,橋口 真樹,3,50,52,0,0,0.2,4.22,20.51,34.62,3.7,26.67,33.33,41.98,66.67,33.96,55.35
2026-05-02,7,3,2026-05-02 16:26:00,5,中日スポーツ賞 第55回竹島弁天杯,1,5262,鈴木 章司,3,28,52.5,0,0,0.2,4.77,27.03,48.65,3.36,9.09,21.82,47.77,61.15,38.86,58.55
2026-05-02,7,3,2026-05-02 16:26:00,5,中日スポーツ賞 第55回竹島弁天杯,2,4914,吉田 裕平,1,29,52,0,0,0.11,7.06,51.06,62.77,7.1,56.9,77.59,29.2,51.33,37.28,58.58
2026-05-02,7,3,2026-05-02 16:26:00,5,中日スポーツ賞 第55回竹島弁天杯,3,4681,太田 潮,3,35,51,0,0,0.17,4.07,19.44,38.89,4.38,37.5,37.5,27.2,43.2,39.2,56.25
2026-05-02,7,3,2026-05-02 16:26:00,5,中日スポーツ賞 第55回竹島弁天杯,4,5441,鈴木 雄登,4,20,50,0,0,,3.85,17.72,29.11,2.78,11.11,22.22,49.09,68.48,37.74,53.46
2026-05-02,7,3,2026-05-02 16:26:00,5,中日スポーツ賞 第55回竹島弁天杯,5,5319,近藤 颯斗,3,24,52,0,0,0.13,5.05,30.3,48.48,4.3,29.63,38.89,32.49,48.73,36.78,55.17
2026-05-02,7,3,2026-05-02 16:26:00,5,中日スポーツ賞 第55回竹島弁天杯,6,3713,伊藤 誠二,2,51,52.4,1,0,0.14,6.44,49.07,66.67,6.47,50.98,62.75,35.27,56.7,32.03,43.79
2026-05-02,7,4,2026-05-02 16:53:00,5,中日スポーツ賞 第55回竹島弁天杯,1,3967,鈴木 茂高,3,46,56.3,0,0,0.18,4.84,32,40,4.79,25,42.86,37.69,51.26,40.88,61.33
2026-05-02,7,4,2026-05-02 16:53:00,5,中日スポーツ賞 第55回竹島弁天杯,2,5127,沼田 大都,3,29,51,0,0,0.2,4.47,23.44,43.75,5.44,25.93,59.26,44.3,57.59,35.71,49.29
2026-05-02,7,4,2026-05-02 16:53:00,5,中日スポーツ賞 第55回竹島弁天杯,3,3550,都築 正治,2,54,51.5,0,0,0.16,5.39,38.18,51.82,6.62,51.28,66.67,40.12,55.56,34.2,50.26
2026-05-02,7,4,2026-05-02 16:53:00,5,中日スポーツ賞 第55回竹島弁天杯,4,5039,倉田 茂将,2,27,56.1,0,0,0.15,4.61,29.87,42.86,4.19,20.83,36.11,28.85,46.63,42.02,60.64
2026-05-02,7,4,2026-05-02 16:53:00,5,中日スポーツ賞 第55回竹島弁天杯,5,5345,牧村 俊輝,3,22,52,0,0,0.2,2.92,5.81,13.95,2.11,4.44,8.89,31.32,47.8,31.94,45.83
2026-05-02,7,4,2026-05-02 16:53:00,5,中日スポーツ賞 第55回竹島弁天杯,6,5068,前田 滉,1,26,51,0,0,0.15,7.05,45.88,60,7.4,61.04,74.03,48,62.67,36.13,52.36
2026-05-02,7,5,2026-05-02 17:22:00,5,中日スポーツ賞 第55回竹島弁天杯,1,4442,松竹 大輔,3,39,52.3,0,0,0.15,5.65,41.57,50.56,5.23,35.42,47.92,35.56,51.67,38.3,54.61
2026-05-02,7,5,2026-05-02 17:22:00,5,中日スポーツ賞 第55回竹島弁天杯,2,4067,永井 源,1,46,52.7,0,0,0.17,6.03,40,62.86,6.08,46.07,58.43,41.71,58.79,28.48,45.03
2026-05-02,7,5,2026-05-02 17:22:00,5,中日スポーツ賞 第55回竹島弁天杯,3,4306,畔柳 俊吾,2,42,52,0,0,0.17,4.56,21.92,42.47,4.52,19.05,38.1,33.18,49.29,30.82,51.57
2026-05-02,7,5,2026-05-02 17:22:00,5,中日スポーツ賞 第55回竹島弁天杯,4,4229,市川 美宏,3,43,53.1,0,0,0.18,3.82,12.99,35.06,4.03,15.79,34.21,34.08,52.51,34.44,50.56
2026-05-02,7,5,2026-05-02 17:22:00,5,中日スポーツ賞 第55回竹島弁天杯,5,3839,川合 理司,3,50,62.3,0,0,0.16,3.76,12.79,30.23,2.97,10,16.67,31.37,50.98,37.3,57.84
2026-05-02,7,5,2026-05-02 17:22:00,5,中日スポーツ賞 第55回竹島弁天杯,6,4604,岩瀬 裕亮,1,37,52,0,0,0.15,7.08,46.79,65.14,7.58,56.6,71.7,36.27,54.4,33.71,54.29
2026-05-02,7,6,2026-05-02 17:51:00,5,中日スポーツ賞 第55回竹島弁天杯,1,3642,大塚 浩二,3,54,52,0,0,0.17,3.82,15.79,26.32,3.73,13.64,22.73,37.29,51.41,32.53,53.01
2026-05-02,7,6,2026-05-02 17:51:00,5,中日スポーツ賞 第55回竹島弁天杯,2,4516,野口 勝弘,2,39,50.5,0,0,0.16,6.52,50,66.38,6.19,45.05,62.16,31.53,49.75,30.43,48.91
2026-05-02,7,6,2026-05-02 17:51:00,5,中日スポーツ賞 第55回竹島弁天杯,3,3718,伊達 正利,3,51,55.1,0,0,0.17,4.73,27.06,44.71,3.15,7.69,17.95,37.76,54.08,36.47,54.71
2026-05-02,7,6,2026-05-02 17:51:00,5,中日スポーツ賞 第55回竹島弁天杯,4,4293,鈴木 智啓,2,40,58.5,0,0,0.15,4.48,23.96,38.54,5.63,39.13,54.35,36.04,55.84,30.43,42.75
2026-05-02,7,6,2026-05-02 17:51:00,5,中日スポーツ賞 第55回竹島弁天杯,5,5211,高井 駿弥,3,27,50,0,0,0.18,4.56,20.99,43.21,4.04,16,32,32.97,54.4,35.63,59.77
2026-05-02,7,6,2026-05-02 17:51:00,5,中日スポーツ賞 第55回竹島弁天杯,6,3941,池田 浩二,1,48,52.1,0,0,0.13,7.99,55.67,74.23,8.62,69.86,87.67,38.46,55.13,35.23,47.67
2026-05-02,7,7,2026-05-02 18:18:00,5,中日スポーツ賞 第55回竹島弁天杯,1,3988,古川 誠之,2,47,53.3,0,0,0.15,5.74,41.75,56.31,6.11,44.04,66.06,38.96,52.6,34.48,52.87
2026-05-02,7,7,2026-05-02 18:18:00,5,中日スポーツ賞 第55回竹島弁天杯,2,3776,横井 健太,3,50,56.9,0,0,0.17,3.64,15.15,18.18,3.44,12.5,25,35,51.82,35.04,50.36
2026-05-02,7,7,2026-05-02 18:18:00,5,中日スポーツ賞 第55回竹島弁天杯,3,4910,中村 泰平,1,30,49,0,0,0.15,6.33,47.06,60,7.32,59.32,83.05,38.18,58.18,28.22,45.4
2026-05-02,7,7,2026-05-02 18:18:00,5,中日スポーツ賞 第55回竹島弁天杯,4,4786,佐藤 博亮,1,38,52.5,0,0,0.13,6.81,55.37,69.42,5.84,41.38,53.45,31.15,46.45,41.95,59.2
2026-05-02,7,7,2026-05-02 18:18:00,5,中日スポーツ賞 第55回竹島弁天杯,5,5082,一色 凌雅,3,27,57.8,0,0,0.2,4.91,25.53,51.06,4.79,30,45.56,29.84,45.03,33.33,48.43
2026-05-02,7,7,2026-05-02 18:18:00,5,中日スポーツ賞 第55回竹島弁天杯,6,5318,河内 一馬,3,25,54.2,0,0,0.18,3.53,14.94,28.74,2.47,3.92,9.8,41.4,58.6,32.69,44.23
2026-05-02,7,8,2026-05-02 18:46:00,5,中日スポーツ賞 第55回竹島弁天杯,1,4409,坂元 浩仁,2,40,53.5,0,0,0.14,7.13,58.16,75.51,6.91,46.91,77.78,40.22,54.19,33.33,52.29
2026-05-02,7,8,2026-05-02 18:46:00,5,中日スポーツ賞 第55回竹島弁天杯,2,3945,橋口 真樹,3,50,52,0,0,0.2,4.22,20.51,34.62,3.7,26.67,33.33,41.98,66.67,33.96,55.35
2026-05-02,7,8,2026-05-02 18:46:00,5,中日スポーツ賞 第55回竹島弁天杯,3,4074,柳沢 一,1,45,52,0,0,0.13,6.34,43.62,61.7,6.76,52.56,61.54,36.98,53.13,36.67,52.22
2026-05-02,7,8,2026-05-02 18:46:00,5,中日スポーツ賞 第55回竹島弁天杯,4,5345,牧村 俊輝,3,22,52,0,0,0.2,2.92,5.81,13.95,2.11,4.44,8.89,31.32,47.8,31.94,45.83
2026-05-02,7,8,2026-05-02 18:46:00,5,中日スポーツ賞 第55回竹島弁天杯,5,4084,杉山 正樹,1,46,52.2,0,0,0.16,6.9,51.2,64.8,6.88,60,68,31.41,49.74,39.77,60.23
2026-05-02,7,8,2026-05-02 18:46:00,5,中日スポーツ賞 第55回竹島弁天杯,6,5061,中村 駿平,3,28,52.1,0,0,0.15,3.36,14.86,27.03,3.88,21.95,29.27,35.18,53.77,33.14,48.84
2026-05-02,7,9,2026-05-02 19:16:00,5,中日スポーツ賞 第55回竹島弁天杯,1,4483,北野 輝季,1,37,52.8,0,0,0.14,6.8,51.61,64.52,7.68,62.71,72.88,41.3,53.26,38.29,53.14
2026-05-02,7,9,2026-05-02 19:16:00,5,中日スポーツ賞 第55回竹島弁天杯,2,3934,鋤柄 貴俊,3,49,52,0,0,0.17,4.78,25.77,42.27,5.45,34.21,55.26,32.89,51.56,46.91,60.82
2026-05-02,7,9,2026-05-02 19:16:00,5,中日スポーツ賞 第55回竹島弁天杯,3,5039,倉田 茂将,2,27,56.1,0,0,0.15,4.61,29.87,42.86,4.19,20.83,36.11,28.85,46.63,42.02,60.64
2026-05-02,7,9,2026-05-02 19:16:00,5,中日スポーツ賞 第55回竹島弁天杯,4,4527,高野 心吾,3,37,51.5,0,0,0.17,4.06,21.13,36.62,3.76,18.18,27.27,35.27,56.7,38.79,59.39
2026-05-02,7,9,2026-05-02 19:16:00,5,中日スポーツ賞 第55回竹島弁天杯,5,4914,吉田 裕平,1,29,52,0,0,0.11,7.06,51.06,62.77,7.1,56.9,77.59,29.2,51.33,37.28,58.58
2026-05-02,7,9,2026-05-02 19:16:00,5,中日スポーツ賞 第55回竹島弁天杯,6,4306,畔柳 俊吾,2,42,52,0,0,0.17,4.56,21.92,42.47,4.52,19.05,38.1,33.18,49.29,30.82,51.57
2026-05-02,7,10,2026-05-02 19:48:00,5,中日スポーツ賞 第55回竹島弁天杯,1,4850,野中 一平,1,31,52,0,0,0.12,6.06,39.09,57.27,7.58,66.67,80,30.77,42.05,35.96,61.24
2026-05-02,7,10,2026-05-02 19:48:00,5,中日スポーツ賞 第55回竹島弁天杯,2,5137,川原 涼,3,26,52.3,0,0,0.17,5.53,38.37,60.47,4.45,19.35,43.55,32.67,49.01,34.94,52.41
2026-05-02,7,10,2026-05-02 19:48:00,5,中日スポーツ賞 第55回竹島弁天杯,3,5068,前田 滉,1,26,51,0,0,0.15,7.05,45.88,60,7.4,61.04,74.03,48,62.67,36.13,52.36
2026-05-02,7,10,2026-05-02 19:48:00,5,中日スポーツ賞 第55回竹島弁天杯,4,3327,野長瀬 正孝,2,58,51.5,0,0,0.16,5.96,42.73,57.27,6.28,37.93,65.52,36.51,50.26,31.41,44.5
2026-05-02,7,10,2026-05-02 19:48:00,5,中日スポーツ賞 第55回竹島弁天杯,5,4516,野口 勝弘,2,39,50.5,0,0,0.16,6.52,50,66.38,6.19,45.05,62.16,31.53,49.75,30.43,48.91
2026-05-02,7,10,2026-05-02 19:48:00,5,中日スポーツ賞 第55回竹島弁天杯,6,5319,近藤 颯斗,3,24,52,0,0,0.13,5.05,30.3,48.48,4.3,29.63,38.89,32.49,48.73,36.78,55.17
2026-05-02,7,11,2026-05-02 20:16:00,5,中日スポーツ賞 第55回竹島弁天杯,1,4067,永井 源,1,46,52.7,0,0,0.17,6.03,40,62.86,6.08,46.07,58.43,41.71,58.79,28.48,45.03
2026-05-02,7,11,2026-05-02 20:16:00,5,中日スポーツ賞 第55回竹島弁天杯,2,4035,杉江 浩明,3,47,51.5,0,0,0.2,4.09,24.24,33.33,4.62,21.62,37.84,36.6,52.29,34.83,58.43
2026-05-02,7,11,2026-05-02 20:16:00,5,中日スポーツ賞 第55回竹島弁天杯,3,3941,池田 浩二,1,48,52.1,0,0,0.13,7.99,55.67,74.23,8.62,69.86,87.67,38.46,55.13,35.23,47.67
2026-05-02,7,11,2026-05-02 20:16:00,5,中日スポーツ賞 第55回竹島弁天杯,4,3550,都築 正治,2,54,51.5,0,0,0.16,5.39,38.18,51.82,6.62,51.28,66.67,40.12,55.56,34.2,50.26
2026-05-02,7,11,2026-05-02 20:16:00,5,中日スポーツ賞 第55回竹島弁天杯,5,4786,佐藤 博亮,1,38,52.5,0,0,0.13,6.81,55.37,69.42,5.84,41.38,53.45,31.15,46.45,41.95,59.2
2026-05-02,7,11,2026-05-02 20:16:00,5,中日スポーツ賞 第55回竹島弁天杯,6,5441,鈴木 雄登,4,20,50,0,0,,3.85,17.72,29.11,2.78,11.11,22.22,49.09,68.48,37.74,53.46
2026-05-02,7,12,2026-05-02 20:45:00,5,中日スポーツ賞 第55回竹島弁天杯,1,4074,柳沢 一,1,45,52,0,0,0.13,6.34,43.62,61.7,6.76,52.56,61.54,36.98,53.13,36.67,52.22
2026-05-02,7,12,2026-05-02 20:45:00,5,中日スポーツ賞 第55回竹島弁天杯,2,3988,古川 誠之,2,47,53.3,0,0,0.15,5.74,41.75,56.31,6.11,44.04,66.06,38.96,52.6,34.48,52.87
2026-05-02,7,12,2026-05-02 20:45:00,5,中日スポーツ賞 第55回竹島弁天杯,3,5127,沼田 大都,3,29,51,0,0,0.2,4.47,23.44,43.75,5.44,25.93,59.26,44.3,57.59,35.71,49.29
2026-05-02,7,12,2026-05-02 20:45:00,5,中日スポーツ賞 第55回竹島弁天杯,4,4604,岩瀬 裕亮,1,37,52,0,0,0.15,7.08,46.79,65.14,7.58,56.6,71.7,36.27,54.4,33.71,54.29
2026-05-02,7,12,2026-05-02 20:45:00,5,中日スポーツ賞 第55回竹島弁天杯,5,4293,鈴木 智啓,2,40,58.5,0,0,0.15,4.48,23.96,38.54,5.63,39.13,54.35,36.04,55.84,30.43,42.75
2026-05-02,7,12,2026-05-02 20:45:00,5,中日スポーツ賞 第55回竹島弁天杯,6,4960,黒野 元基,1,29,52,0,0,0.14,7.6,67.71,75,7.11,60,68.89,41.24,59.89,34.59,47.17
2026-05-02,9,1,2026-05-02 10:28:00,5,スポーツニッポンパール賞競走,1,4156,浜野 孝志,2,45,56.7,0,0,0.14,5.66,37.27,58.18,5.83,43.06,59.72,44.19,58.14,30.19,47.17
2026-05-02,9,1,2026-05-02 10:28:00,5,スポーツニッポンパール賞競走,2,4618,乃村 康友,3,43,53.3,0,0,0.17,4.94,25.29,50.57,5.3,35.56,53.33,24.14,51.72,46.94,67.35
2026-05-02,9,1,2026-05-02 10:28:00,5,スポーツニッポンパール賞競走,3,5266,石田 勇斗,3,25,52.8,0,0,0.17,4.93,30.19,46.23,3.31,20,22.86,44.44,57.41,31.25,50
2026-05-02,9,1,2026-05-02 10:28:00,5,スポーツニッポンパール賞競走,4,3852,澤 大介,3,53,52,0,0,0.16,4.06,21.54,30.77,5.19,30.23,48.84,44.07,62.71,31.11,40
2026-05-02,9,1,2026-05-02 10:28:00,5,スポーツニッポンパール賞競走,5,5098,大江 純,3,30,52.2,0,0,0.16,5.21,28.28,51.52,3,20,20,22.73,42.42,40,60
2026-05-02,9,1,2026-05-02 10:28:00,5,スポーツニッポンパール賞競走,6,5430,鳥本 智史,4,22,52,0,0,,1.62,2.94,4.41,2.2,8,12,34.69,51.02,47.27,65.45
2026-05-02,9,2,2026-05-02 10:57:00,5,スポーツニッポンパール賞競走,1,3712,淺香 文武,3,51,54.3,0,0,0.15,4.53,26.74,40.7,5.19,34.26,52.78,24.49,32.65,49.06,67.92
2026-05-02,9,2,2026-05-02 10:57:00,5,スポーツニッポンパール賞競走,2,4081,樋口 範政,3,47,54.1,0,0,0.19,4.16,17.86,34.82,4.69,25,43.75,35.29,43.14,30.19,41.51
2026-05-02,9,2,2026-05-02 10:57:00,5,スポーツニッポンパール賞競走,3,3831,安藤 裕貴,3,51,52.8,0,0,0.15,4.83,34.69,46.94,5.5,40,50,40.98,67.21,29.79,46.81
2026-05-02,9,2,2026-05-02 10:57:00,5,スポーツニッポンパール賞競走,4,4227,安達 裕樹,2,43,52,0,0,0.15,6.21,41.98,60.31,6.3,40,71.25,40,60,32.65,57.14
2026-05-02,9,2,2026-05-02 10:57:00,5,スポーツニッポンパール賞競走,5,4466,南 佑典,2,39,51,0,0,0.16,5.72,38.2,57.3,5.71,36.54,56.73,42,50,40.91,65.15
2026-05-02,9,2,2026-05-02 10:57:00,5,スポーツニッポンパール賞競走,6,5425,西山 育,4,23,56,0,0,,1.09,0,0,1,0,0,38.98,57.63,35.71,51.79
2026-05-02,9,3,2026-05-02 11:25:00,5,スポーツニッポンパール賞競走,1,5354,渡邊 雄斗,4,21,51.5,0,0,0.22,3.03,13.92,17.72,2.23,7.58,9.09,20.69,31.03,45.16,64.52
2026-05-02,9,3,2026-05-02 11:25:00,5,スポーツニッポンパール賞競走,2,3268,森 竜也,3,60,52.8,0,0,0.17,4.26,20.21,34.04,4.68,32.26,41.94,26.67,48.89,33.33,43.48
2026-05-02,9,3,2026-05-02 11:25:00,5,スポーツニッポンパール賞競走,3,4796,春園 功太,2,34,52.4,0,0,0.13,6.48,52.25,65.77,6.84,54.13,69.72,38.46,50,31.58,40.35
2026-05-02,9,3,2026-05-02 11:25:00,5,スポーツニッポンパール賞競走,4,4856,豊田 健士郎,1,30,52,0,0,0.14,6.86,47.86,65.71,7.49,62.76,73.1,44.83,62.07,53.7,66.67
2026-05-02,9,3,2026-05-02 11:25:00,5,スポーツニッポンパール賞競走,5,3630,黒田 誠司,4,56,53.4,0,0,0.17,3.59,12.12,24.24,3.06,12.5,18.75,34.38,60.94,51.35,64.86
2026-05-02,9,3,2026-05-02 11:25:00,5,スポーツニッポンパール賞競走,6,4073,大橋 純一郎,2,45,52.1,0,0,0.17,6.33,47.69,65.38,6.33,37.5,70.83,43.33,56.67,34.55,47.27
2026-05-02,9,4,2026-05-02 11:53:00,5,スポーツニッポンパール賞競走,1,3842,星野 太郎,3,49,52.3,0,0,0.18,4.46,24.36,38.46,5.19,34.02,52.58,40.82,61.22,30.77,35.9
2026-05-02,9,4,2026-05-02 11:53:00,5,スポーツニッポンパール賞競走,2,4209,藤田 竜弘,3,43,57.6,0,0,0.17,5.64,34.58,57.94,5.82,35.9,56.41,38.33,53.33,36.54,50
2026-05-02,9,4,2026-05-02 11:53:00,5,スポーツニッポンパール賞競走,3,5256,中山 翔太,1,22,51.5,0,0,0.13,7.05,57,71,6.26,42.97,60.94,27.91,41.86,41.3,54.35
2026-05-02,9,4,2026-05-02 11:53:00,5,スポーツニッポンパール賞競走,4,5075,中島 秀治,2,30,53.4,0,0,0.17,6.11,39.69,63.36,5.97,46.67,66.67,50,56.52,32.08,50.94
2026-05-02,9,4,2026-05-02 11:53:00,5,スポーツニッポンパール賞競走,5,4625,渡邊 裕貴,3,40,53.1,0,0,0.16,4.76,30.93,43.3,4.53,30.23,41.86,35.19,48.15,36.36,52.73
2026-05-02,9,4,2026-05-02 11:53:00,5,スポーツニッポンパール賞競走,6,4808,松尾 拓,1,37,52,0,0,0.16,5.51,30.3,50.51,6.67,48.95,69.93,28.89,33.33,37.31,53.73
2026-05-02,9,5,2026-05-02 12:21:00,5,スポーツニッポンパール賞競走,1,5275,松田 淳平,2,24,52,0,0,0.15,6.57,51.16,68.22,4.5,23.68,36.84,42,54,30.51,49.15
2026-05-02,9,5,2026-05-02 12:21:00,5,スポーツニッポンパール賞競走,2,3591,後藤 孝義,4,57,52.3,0,0,0.17,3.51,14.93,25.37,3.38,25,25,22.92,43.75,36,56
2026-05-02,9,5,2026-05-02 12:21:00,5,スポーツニッポンパール賞競走,3,4182,吉田 和仁,3,42,54.9,0,0,0.18,5,30.1,45.63,5,23.08,50,22.45,44.9,35.42,56.25
2026-05-02,9,5,2026-05-02 12:21:00,5,スポーツニッポンパール賞競走,4,5383,中村 楓,4,21,52.6,0,0,0.17,2.07,1.19,5.95,1.55,3.03,4.55,33.96,54.72,36.36,49.09
2026-05-02,9,5,2026-05-02 12:21:00,5,スポーツニッポンパール賞競走,5,3392,小森 信雄,3,60,52,0,0,0.18,4.41,21.51,37.63,4.39,22.03,40.68,29.17,50,35.71,50
2026-05-02,9,5,2026-05-02 12:21:00,5,スポーツニッポンパール賞競走,6,5323,香川 陽太,3,23,58,0,0,0.16,4.39,26.79,41.07,1.4,0,0,37.88,54.55,42.31,61.54
2026-05-02,9,6,2026-05-02 12:49:00,5,スポーツニッポンパール賞競走,1,4623,中北 将史,3,41,52,0,0,0.14,4.62,24.56,40.35,4.59,24.07,37.04,33.96,64.15,43.1,67.24
2026-05-02,9,6,2026-05-02 12:49:00,5,スポーツニッポンパール賞競走,2,3984,坂口 周,2,48,53.1,0,0,0.17,6.86,47.79,71.32,7.15,60.22,72.04,30.61,44.9,31.91,51.06
2026-05-02,9,6,2026-05-02 12:49:00,5,スポーツニッポンパール賞競走,3,4626,伊藤 紘章,3,40,52,0,0,0.23,4.69,25.97,46.75,5.74,42.11,63.16,47.27,70.91,42.59,62.96
2026-05-02,9,6,2026-05-02 12:49:00,5,スポーツニッポンパール賞競走,4,4181,花本 夏樹,3,42,53,0,0,0.19,4.09,18.75,37.5,4.59,23.76,39.6,40.38,50,27.27,43.64
2026-05-02,9,6,2026-05-02 12:49:00,5,スポーツニッポンパール賞競走,5,5430,鳥本 智史,4,22,52,0,0,,1.62,2.94,4.41,2.2,8,12,34.69,51.02,47.27,65.45
2026-05-02,9,6,2026-05-02 12:49:00,5,スポーツニッポンパール賞競走,6,4344,新田 雄史,1,41,53.1,0,0,0.12,7.54,47.83,69.57,7.95,65.74,81.48,42.86,57.14,27.91,48.84
2026-05-02,9,7,2026-05-02 13:20:00,5,スポーツニッポンパール賞競走,1,5130,上野 拓馬,3,28,52.2,0,0,0.16,4.48,16.83,40.59,4.77,25.81,43.01,46.51,65.12,38.98,59.32
2026-05-02,9,7,2026-05-02 13:20:00,5,スポーツニッポンパール賞競走,2,5245,倉富 大誠,3,24,52.1,0,0,0.17,4.3,20.73,39.02,3.4,0,20,40,62.22,59.57,78.72
2026-05-02,9,7,2026-05-02 13:20:00,5,スポーツニッポンパール賞競走,3,4073,大橋 純一郎,2,45,52.1,0,0,0.17,6.33,47.69,65.38,6.33,37.5,70.83,43.33,56.67,34.55,47.27
2026-05-02,9,7,2026-05-02 13:20:00,5,スポーツニッポンパール賞競走,4,5098,大江 純,3,30,52.2,0,0,0.16,5.21,28.28,51.52,3,20,20,22.73,42.42,40,60
2026-05-02,9,7,2026-05-02 13:20:00,5,スポーツニッポンパール賞競走,5,4579,中嶋 健一郎,1,36,52,0,0,0.16,6.13,37.4,61.79,6.67,46.15,70,48.08,73.08,29.09,45.45
2026-05-02,9,7,2026-05-02 13:20:00,5,スポーツニッポンパール賞競走,6,4227,安達 裕樹,2,43,52,0,0,0.15,6.21,41.98,60.31,6.3,40,71.25,40,60,32.65,57.14
2026-05-02,9,8,2026-05-02 13:53:00,5,スポーツニッポンパール賞競走,1,4209,藤田 竜弘,3,43,57.6,0,0,0.17,5.64,34.58,57.94,5.82,35.9,56.41,38.33,53.33,36.54,50
2026-05-02,9,8,2026-05-02 13:53:00,5,スポーツニッポンパール賞競走,2,4261,岡 祐臣,1,42,54,0,0,0.16,6.06,39.85,60.9,6.29,43.75,64.06,35.71,52.38,35.09,54.39
2026-05-02,9,8,2026-05-02 13:53:00,5,スポーツニッポンパール賞競走,3,4081,樋口 範政,3,47,54.1,0,0,0.19,4.16,17.86,34.82,4.69,25,43.75,35.29,43.14,30.19,41.51
2026-05-02,9,8,2026-05-02 13:53:00,5,スポーツニッポンパール賞競走,4,5010,宇留田 翔平,2,29,52,0,0,0.15,5.47,37.86,54.29,5.89,42.42,56.06,30.91,47.27,39.62,50.94
2026-05-02,9,8,2026-05-02 13:53:00,5,スポーツニッポンパール賞競走,5,3968,茶谷 信次,2,49,52,0,0,0.16,5.81,31.67,62.5,5.45,34.48,51.72,43.18,72.73,27.78,42.59
2026-05-02,9,8,2026-05-02 13:53:00,5,スポーツニッポンパール賞競走,6,3852,澤 大介,3,53,52,0,0,0.16,4.06,21.54,30.77,5.19,30.23,48.84,44.07,62.71,31.11,40
2026-05-02,9,9,2026-05-02 14:25:00,5,スポーツニッポンパール賞競走,1,4466,南 佑典,2,39,51,0,0,0.16,5.72,38.2,57.3,5.71,36.54,56.73,42,50,40.91,65.15
2026-05-02,9,9,2026-05-02 14:25:00,5,スポーツニッポンパール賞競走,2,5323,香川 陽太,3,23,58,0,0,0.16,4.39,26.79,41.07,1.4,0,0,37.88,54.55,42.31,61.54
2026-05-02,9,9,2026-05-02 14:25:00,5,スポーツニッポンパール賞競走,3,4754,松尾 充,1,37,52,0,0,0.15,5.99,42.68,48.78,6.98,56.56,70.49,33.96,47.17,35,41.67
2026-05-02,9,9,2026-05-02 14:25:00,5,スポーツニッポンパール賞競走,4,5354,渡邊 雄斗,4,21,51.5,0,0,0.22,3.03,13.92,17.72,2.23,7.58,9.09,20.69,31.03,45.16,64.52
2026-05-02,9,9,2026-05-02 14:25:00,5,スポーツニッポンパール賞競走,5,5266,石田 勇斗,3,25,52.8,0,0,0.17,4.93,30.19,46.23,3.31,20,22.86,44.44,57.41,31.25,50
2026-05-02,9,9,2026-05-02 14:25:00,5,スポーツニッポンパール賞競走,6,5256,中山 翔太,1,22,51.5,0,0,0.13,7.05,57,71,6.26,42.97,60.94,27.91,41.86,41.3,54.35
2026-05-02,9,10,2026-05-02 15:01:00,5,スポーツニッポンパール賞競走,1,5075,中島 秀治,2,30,53.4,0,0,0.17,6.11,39.69,63.36,5.97,46.67,66.67,50,56.52,32.08,50.94
2026-05-02,9,10,2026-05-02 15:01:00,5,スポーツニッポンパール賞競走,2,3831,安藤 裕貴,3,51,52.8,0,0,0.15,4.83,34.69,46.94,5.5,40,50,40.98,67.21,29.79,46.81
2026-05-02,9,10,2026-05-02 15:01:00,5,スポーツニッポンパール賞競走,3,3392,小森 信雄,3,60,52,0,0,0.18,4.41,21.51,37.63,4.39,22.03,40.68,29.17,50,35.71,50
2026-05-02,9,10,2026-05-02 15:01:00,5,スポーツニッポンパール賞競走,4,4344,新田 雄史,1,41,53.1,0,0,0.12,7.54,47.83,69.57,7.95,65.74,81.48,42.86,57.14,27.91,48.84
2026-05-02,9,10,2026-05-02 15:01:00,5,スポーツニッポンパール賞競走,5,4049,荒川 健太,2,45,54.3,0,0,0.17,6.08,39.85,59.4,6.83,50.48,72.38,37.5,53.13,50,57.14
2026-05-02,9,10,2026-05-02 15:01:00,5,スポーツニッポンパール賞競走,6,4962,畑 竜生,2,29,52,0,0,0.15,5.8,34.43,61.48,5.66,32.73,57.27,21.43,37.5,45.65,56.52
2026-05-02,9,11,2026-05-02 15:37:00,5,スポーツニッポンパール賞競走,1,3984,坂口 周,2,48,52.6,0,0,0.17,6.86,47.79,71.32,7.15,60.22,72.04,30.61,44.9,31.91,51.06
2026-05-02,9,11,2026-05-02 15:37:00,5,スポーツニッポンパール賞競走,2,4824,松井 洪弥,1,33,52,0,0,0.12,6.19,44.19,56.59,6.16,44.25,57.52,34.78,67.39,39.06,62.5
2026-05-02,9,11,2026-05-02 15:37:00,5,スポーツニッポンパール賞競走,3,3687,花田 和明,3,56,53.2,0,0,0.17,5.18,33.71,48.31,5.63,33.33,54.17,36.21,56.9,27.87,42.62
2026-05-02,9,11,2026-05-02 15:37:00,5,スポーツニッポンパール賞競走,4,4808,松尾 拓,1,37,52,0,0,0.16,5.51,30.3,50.51,6.67,48.95,69.93,28.89,33.33,37.31,53.73
2026-05-02,9,11,2026-05-02 15:37:00,5,スポーツニッポンパール賞競走,5,4796,春園 功太,2,34,52,0,0,0.13,6.48,52.25,65.77,6.84,54.13,69.72,38.46,50,31.58,40.35
2026-05-02,9,11,2026-05-02 15:37:00,5,スポーツニッポンパール賞競走,6,4618,乃村 康友,3,43,54.1,0,0,0.17,4.94,25.29,50.57,5.3,35.56,53.33,24.14,51.72,46.94,67.35
2026-05-02,9,12,2026-05-02 16:15:00,5,スポーツニッポンパール賞競走,1,4856,豊田 健士郎,1,30,52,0,0,0.14,6.86,47.86,65.71,7.49,62.76,73.1,44.83,62.07,53.7,66.67
2026-05-02,9,12,2026-05-02 16:15:00,5,スポーツニッポンパール賞競走,2,4156,浜野 孝志,2,45,56.7,0,0,0.14,5.66,37.27,58.18,5.83,43.06,59.72,44.19,58.14,30.19,47.17
2026-05-02,9,12,2026-05-02 16:15:00,5,スポーツニッポンパール賞競走,3,4579,中嶋 健一郎,1,36,52,0,0,0.16,6.13,37.4,61.79,6.67,46.15,70,48.08,73.08,29.09,45.45
2026-05-02,9,12,2026-05-02 16:15:00,5,スポーツニッポンパール賞競走,4,5275,松田 淳平,2,24,52,0,0,0.15,6.57,51.16,68.22,4.5,23.68,36.84,42,54,30.51,49.15
2026-05-02,9,12,2026-05-02 16:15:00,5,スポーツニッポンパール賞競走,5,5010,宇留田 翔平,2,29,52,0,0,0.15,5.47,37.86,54.29,5.89,42.42,56.06,30.91,47.27,39.62,50.94
2026-05-02,9,12,2026-05-02 16:15:00,5,スポーツニッポンパール賞競走,6,4625,渡邊 裕貴,3,40,53.1,0,0,0.16,4.76,30.93,43.3,4.53,30.23,41.86,35.19,48.15,36.36,52.73
2026-05-02,10,1,2026-05-02 08:44:00,5,GW三国ボートフェスタ,1,4061,萩原 秀人,1,46,52.3,0,0,0.13,6.97,49.62,68.42,7.28,54.81,77.78,47.06,61.76,50,66.67
2026-05-02,10,1,2026-05-02 08:44:00,5,GW三国ボートフェスタ,2,5187,小坂 風太,3,25,56.2,0,0,0.18,2.17,0,16.67,4.7,25.9,45.32,28,56,39.29,53.57
2026-05-02,10,1,2026-05-02 08:44:00,5,GW三国ボートフェスタ,3,3814,金子 貴志,3,50,51.5,0,0,0.17,4.98,32.14,45.24,4.89,31.63,47.96,68.97,86.21,9.09,21.21
2026-05-02,10,1,2026-05-02 08:44:00,5,GW三国ボートフェスタ,4,4400,加藤 奈月,3,37,55.1,0,0,0.19,3.88,16.67,30.56,4.38,27.66,40.43,38.46,61.54,50,65.38
2026-05-02,10,1,2026-05-02 08:44:00,5,GW三国ボートフェスタ,5,3370,坪内 実,3,59,53.7,0,0,0.18,3.6,15,28.75,3.94,16.13,32.26,46.88,50,36.11,44.44
2026-05-02,10,1,2026-05-02 08:44:00,5,GW三国ボートフェスタ,6,5282,中本 大樹,3,23,52.9,0,0,0.17,5.09,26.88,52.69,3.62,13.48,29.21,51.35,70.27,41.18,52.94
2026-05-02,10,2,2026-05-02 09:10:00,5,GW三国ボートフェスタ,1,5038,金田 智博,2,28,52,0,0,0.17,6.33,48.44,65.63,6.16,46.67,61.11,38.46,57.69,32.35,50
2026-05-02,10,2,2026-05-02 09:10:00,5,GW三国ボートフェスタ,2,4391,松田 祐季,1,40,52,0,0,0.17,6.31,44.16,57.14,6.98,53.03,69.7,50,63.16,46.43,75
2026-05-02,10,2,2026-05-02 09:10:00,5,GW三国ボートフェスタ,3,3922,菅沼 佳昭,3,50,51.5,0,0,0.19,3.92,18.37,33.67,3.68,12,28,20.59,26.47,20,54.29
2026-05-02,10,2,2026-05-02 09:10:00,5,GW三国ボートフェスタ,4,4876,梅木 敬太,3,31,53.4,0,0,0.18,4.91,30.11,44.09,4.91,32.41,47.22,29.73,54.05,45.45,54.55
2026-05-02,10,2,2026-05-02 09:10:00,5,GW三国ボートフェスタ,5,5156,坂野 さくら,3,29,47,0,0,0.19,4.54,21.35,44.94,4.76,28.38,43.24,25.93,40.74,42.31,65.38
2026-05-02,10,2,2026-05-02 09:10:00,5,GW三国ボートフェスタ,6,5465,直江 健成,4,19,54.3,0,0,,0,0,0,0,0,0,42.86,53.57,28.13,40.63
2026-05-02,10,3,2026-05-02 09:36:00,5,GW三国ボートフェスタ,1,3833,中辻 博訓,1,51,53.6,0,0,0.13,6.08,44.03,64.18,6.9,52.35,72.48,35.14,51.35,43.75,65.63
2026-05-02,10,3,2026-05-02 09:36:00,5,GW三国ボートフェスタ,2,5185,加藤 優弥,3,26,53.1,0,0,0.15,5.12,30.53,48.42,5.08,28.79,49.24,41.18,55.88,25.71,45.71
2026-05-02,10,3,2026-05-02 09:36:00,5,GW三国ボートフェスタ,3,4587,木田 峰由季,2,35,54.3,0,0,0.15,6.49,54.29,61.9,6.07,44.12,59.8,25,40.63,28,48
2026-05-02,10,3,2026-05-02 09:36:00,5,GW三国ボートフェスタ,4,5251,沼田 七華,4,23,53.4,0,0,0.19,2.28,3.13,6.25,2.5,2.17,13.04,26.47,50,38.24,55.88
2026-05-02,10,3,2026-05-02 09:36:00,5,GW三国ボートフェスタ,5,4365,盛本 真輔,3,40,52.1,0,0,0.17,5.68,40.24,56.1,5.88,43.75,50,30,56.67,25.93,51.85
2026-05-02,10,3,2026-05-02 09:36:00,5,GW三国ボートフェスタ,6,5366,塩嶋 泰空,4,24,54,0,0,0.19,1.21,0,0,1.17,0,0,33.33,45.45,40,53.33
2026-05-02,10,4,2026-05-02 10:02:00,5,GW三国ボートフェスタ,1,5114,小林 孝彰,2,26,52.9,0,0,0.16,5.22,35.85,49.06,5.51,38.96,49.35,44.44,66.67,28.13,40.63
2026-05-02,10,4,2026-05-02 10:02:00,5,GW三国ボートフェスタ,2,4139,丹下 健,3,45,54.6,0,0,0.17,4.29,26.03,41.1,4.81,34.62,42.31,24.24,45.45,25.93,48.15
2026-05-02,10,4,2026-05-02 10:02:00,5,GW三国ボートフェスタ,3,5355,萩原 丈太朗,3,21,54.7,0,0,0.19,2.05,4.69,9.38,1.77,2.67,5.33,55.56,81.48,40.74,51.85
2026-05-02,10,4,2026-05-02 10:02:00,5,GW三国ボートフェスタ,4,4013,中島 孝平,1,46,52,0,0,0.13,6.7,41.9,59.05,7.41,60.64,78.72,36.36,48.48,33.33,45.45
2026-05-02,10,4,2026-05-02 10:02:00,5,GW三国ボートフェスタ,5,4176,樋口 喜彦,3,43,54.9,0,0,0.15,3.72,15.63,34.38,2.5,12.5,12.5,32.35,50,27.78,44.44
2026-05-02,10,4,2026-05-02 10:02:00,5,GW三国ボートフェスタ,6,3548,室田 泰史,2,56,53,0,0,0.12,5.53,40.68,55.93,5.85,42.37,60.17,34.38,50,41.67,62.5
2026-05-02,10,5,2026-05-02 10:30:00,5,GW三国ボートフェスタ,1,4210,松村 康太,2,43,52,0,0,0.17,5.76,33.03,61.47,6.22,41.29,63.87,33.33,51.85,29.41,50
2026-05-02,10,5,2026-05-02 10:30:00,5,GW三国ボートフェスタ,2,3620,信濃 由行,3,52,54.6,0,0,0.17,4.13,24.05,37.97,4.1,20.51,38.46,32.14,57.14,44.12,55.88
2026-05-02,10,5,2026-05-02 10:30:00,5,GW三国ボートフェスタ,3,5091,為本 智也,3,25,52.4,0,0,0.15,6.29,47.46,62.71,6.13,43.81,62.86,41.38,65.52,22.86,40
2026-05-02,10,5,2026-05-02 10:30:00,5,GW三国ボートフェスタ,4,4666,日笠 勝弘,4,42,52,0,0,0.16,4.14,20,37.14,4.5,31.25,43.75,41.38,51.72,25,47.22
2026-05-02,10,5,2026-05-02 10:30:00,5,GW三国ボートフェスタ,5,4469,土山 卓也,2,39,55,0,0,0.16,6.03,42.11,60,5.76,33.33,55.78,33.33,41.67,53.57,67.86
2026-05-02,10,5,2026-05-02 10:30:00,5,GW三国ボートフェスタ,6,4066,東本 勝利,1,46,53.2,0,0,0.15,6.07,38.24,62.75,5.72,38.89,61.11,30,46.67,50,61.54
2026-05-02,10,6,2026-05-02 11:00:00,5,GW三国ボートフェスタ,1,4520,高倉 孝太,3,39,50.5,0,0,0.15,6.28,47,63,5.4,35,55,37.93,55.17,24.24,51.52
2026-05-02,10,6,2026-05-02 11:00:00,5,GW三国ボートフェスタ,2,3439,大平 誉史明,2,56,51.5,0,0,0.15,6.46,46.94,68.37,5.39,29.55,52.27,22.22,52.78,21.88,34.38
2026-05-02,10,6,2026-05-02 11:00:00,5,GW三国ボートフェスタ,3,4400,加藤 奈月,3,37,55.1,0,0,0.19,3.88,16.67,30.56,4.38,27.66,40.43,38.46,61.54,50,65.38
2026-05-02,10,6,2026-05-02 11:00:00,5,GW三国ボートフェスタ,4,3692,竹腰 正樹,2,55,52.6,0,0,0.13,4.64,22.99,48.28,4.96,29.47,48.42,34.48,62.07,23.53,47.06
2026-05-02,10,6,2026-05-02 11:00:00,5,GW三国ボートフェスタ,5,3654,武田 光史,1,52,52.3,0,0,0.15,6.39,49.52,62.86,6.75,53.06,67.35,40.54,51.35,31.43,45.71
2026-05-02,10,6,2026-05-02 11:00:00,5,GW三国ボートフェスタ,6,4664,東口 晃,3,42,52.1,0,0,0.17,4.13,21.13,33.8,3.81,20.48,31.33,41.67,54.17,37.14,42.86
2026-05-02,10,7,2026-05-02 11:31:00,5,GW三国ボートフェスタ,1,4692,酒井 俊弘,3,42,51.5,0,0,0.15,5.15,37.23,46.81,4.81,33.94,44.95,45.16,51.61,33.33,41.67
2026-05-02,10,7,2026-05-02 11:31:00,5,GW三国ボートフェスタ,2,3388,今垣 光太郎,1,56,52.1,0,0,0.15,6.92,50,63.16,7.52,62.04,76.85,45.71,62.86,25,47.22
2026-05-02,10,7,2026-05-02 11:31:00,5,GW三国ボートフェスタ,3,4930,佐藤 悠,2,30,52.8,0,0,0.14,5.69,38.3,54.26,5.98,38.3,59.57,31.25,40.63,33.33,46.67
2026-05-02,10,7,2026-05-02 11:31:00,5,GW三国ボートフェスタ,4,3922,菅沼 佳昭,3,50,51.5,0,0,0.19,3.92,18.37,33.67,3.68,12,28,20.59,26.47,20,54.29
2026-05-02,10,7,2026-05-02 11:31:00,5,GW三国ボートフェスタ,5,5187,小坂 風太,3,25,56.2,0,0,0.18,2.17,0,16.67,4.7,25.9,45.32,28,56,39.29,53.57
2026-05-02,10,7,2026-05-02 11:31:00,5,GW三国ボートフェスタ,6,3891,谷口 健一,3,50,55.1,0,0,0.18,3.38,10.59,23.53,3.57,14.29,23.38,41.38,68.97,19.35,41.94
2026-05-02,10,8,2026-05-02 12:00:00,5,GW三国ボートフェスタ,1,3370,坪内 実,3,59,52.9,0,0,0.18,3.6,15,28.75,3.94,16.13,32.26,46.88,50,36.11,44.44
2026-05-02,10,8,2026-05-02 12:00:00,5,GW三国ボートフェスタ,2,4735,角山 雄哉,3,35,55.1,0,0,0.15,4.45,25.84,37.08,3.56,22.22,22.22,34.38,37.5,29.17,45.83
2026-05-02,10,8,2026-05-02 12:00:00,5,GW三国ボートフェスタ,3,5038,金田 智博,2,28,51.5,0,0,0.17,6.33,48.44,65.63,6.16,46.67,61.11,38.46,57.69,32.35,50
2026-05-02,10,8,2026-05-02 12:00:00,5,GW三国ボートフェスタ,4,4161,黒柳 浩孝,2,44,53.1,0,0,0.16,5.37,34.95,54.37,4.08,16.67,25,51.72,68.97,21.21,39.39
2026-05-02,10,8,2026-05-02 12:00:00,5,GW三国ボートフェスタ,5,5366,塩嶋 泰空,4,24,53.8,0,0,0.19,1.21,0,0,1.17,0,0,33.33,45.45,40,53.33
2026-05-02,10,8,2026-05-02 12:00:00,5,GW三国ボートフェスタ,6,4711,前出 達吉,3,36,50,0,0,0.16,5.96,41.05,64.21,6.06,41.94,61.29,22.22,33.33,44.44,59.26
2026-05-02,10,9,2026-05-02 12:36:00,5,GW三国ボートフェスタ,1,5156,坂野 さくら,3,29,47,0,0,0.19,4.54,21.35,44.94,4.76,28.38,43.24,25.93,40.74,42.31,65.38
2026-05-02,10,9,2026-05-02 12:36:00,5,GW三国ボートフェスタ,2,5282,中本 大樹,3,23,52.9,0,0,0.17,5.09,26.88,52.69,3.62,13.48,29.21,51.35,70.27,41.18,52.94
2026-05-02,10,9,2026-05-02 12:36:00,5,GW三国ボートフェスタ,3,4470,平田 健之佑,1,39,53.6,0,0,0.14,5.93,39.29,63.1,5.72,36,52,40.63,56.25,26.92,46.15
2026-05-02,10,9,2026-05-02 12:36:00,5,GW三国ボートフェスタ,4,4210,松村 康太,2,43,52,0,0,0.17,5.76,33.03,61.47,6.22,41.29,63.87,33.33,51.85,29.41,50
2026-05-02,10,9,2026-05-02 12:36:00,5,GW三国ボートフェスタ,5,4139,丹下 健,3,45,54.6,0,0,0.17,4.29,26.03,41.1,4.81,34.62,42.31,24.24,45.45,25.93,48.15
2026-05-02,10,9,2026-05-02 12:36:00,5,GW三国ボートフェスタ,6,4415,下出 卓矢,2,39,55.2,0,0,0.13,6.46,52.17,60.87,6.78,52.86,67.14,39.39,54.55,18.75,43.75
2026-05-02,10,10,2026-05-02 13:08:00,5,GW三国ボートフェスタ,1,4176,樋口 喜彦,3,43,54.9,0,0,0.15,3.72,15.63,34.38,2.5,12.5,12.5,32.35,50,27.78,44.44
2026-05-02,10,10,2026-05-02 13:08:00,5,GW三国ボートフェスタ,2,4469,土山 卓也,2,39,55,0,0,0.16,6.03,42.11,60,5.76,33.33,55.78,33.33,41.67,53.57,67.86
2026-05-02,10,10,2026-05-02 13:08:00,5,GW三国ボートフェスタ,3,3692,竹腰 正樹,2,55,52.6,0,0,0.13,4.64,22.99,48.28,4.96,29.47,48.42,34.48,62.07,23.53,47.06
2026-05-02,10,10,2026-05-02 13:08:00,5,GW三国ボートフェスタ,4,4298,宮下 元胤,1,43,53.4,0,0,0.17,6.23,46.3,64.81,6.24,52.38,61.9,38.89,50,29.03,41.94
2026-05-02,10,10,2026-05-02 13:08:00,5,GW三国ボートフェスタ,5,4587,木田 峰由季,2,35,54.3,0,0,0.15,6.49,54.29,61.9,6.07,44.12,59.8,25,40.63,28,48
2026-05-02,10,10,2026-05-02 13:08:00,5,GW三国ボートフェスタ,6,4876,梅木 敬太,3,31,53.4,0,0,0.18,4.91,30.11,44.09,4.91,32.41,47.22,29.73,54.05,45.45,54.55
2026-05-02,10,11,2026-05-02 13:42:00,5,GW三国ボートフェスタ,1,3814,金子 貴志,3,50,51.5,0,0,0.17,4.98,32.14,45.24,4.89,31.63,47.96,68.97,86.21,9.09,21.21
2026-05-02,10,11,2026-05-02 13:42:00,5,GW三国ボートフェスタ,2,4066,東本 勝利,1,46,53.2,0,0,0.15,6.07,38.24,62.75,5.72,38.89,61.11,30,46.67,50,61.54
2026-05-02,10,11,2026-05-02 13:42:00,5,GW三国ボートフェスタ,3,4365,盛本 真輔,3,40,52.1,0,0,0.17,5.68,40.24,56.1,5.88,43.75,50,30,56.67,25.93,51.85
2026-05-02,10,11,2026-05-02 13:42:00,5,GW三国ボートフェスタ,4,3439,大平 誉史明,2,56,51.5,0,0,0.15,6.46,46.94,68.37,5.39,29.55,52.27,22.22,52.78,21.88,34.38
2026-05-02,10,11,2026-05-02 13:42:00,5,GW三国ボートフェスタ,5,5114,小林 孝彰,2,26,52.9,0,0,0.16,5.22,35.85,49.06,5.51,38.96,49.35,44.44,66.67,28.13,40.63
2026-05-02,10,11,2026-05-02 13:42:00,5,GW三国ボートフェスタ,6,4930,佐藤 悠,2,30,52.8,0,0,0.14,5.69,38.3,54.26,5.98,38.3,59.57,31.25,40.63,33.33,46.67
2026-05-02,10,12,2026-05-02 14:18:00,5,GW三国ボートフェスタ,1,4013,中島 孝平,1,46,52,0,0,0.13,6.7,41.9,59.05,7.41,60.64,78.72,36.36,48.48,33.33,45.45
2026-05-02,10,12,2026-05-02 14:18:00,5,GW三国ボートフェスタ,2,3654,武田 光史,1,52,52.3,0,0,0.15,6.39,49.52,62.86,6.75,53.06,67.35,40.54,51.35,31.43,45.71
2026-05-02,10,12,2026-05-02 14:18:00,5,GW三国ボートフェスタ,3,3388,今垣 光太郎,1,56,52.1,0,0,0.15,6.92,50,63.16,7.52,62.04,76.85,45.71,62.86,25,47.22
2026-05-02,10,12,2026-05-02 14:18:00,5,GW三国ボートフェスタ,4,4061,萩原 秀人,1,46,52.3,0,0,0.13,6.97,49.62,68.42,7.28,54.81,77.78,47.06,61.76,50,66.67
2026-05-02,10,12,2026-05-02 14:18:00,5,GW三国ボートフェスタ,5,3833,中辻 博訓,1,51,53.6,0,0,0.13,6.08,44.03,64.18,6.9,52.35,72.48,35.14,51.35,43.75,65.63
2026-05-02,10,12,2026-05-02 14:18:00,5,GW三国ボートフェスタ,6,4391,松田 祐季,1,40,52,0,0,0.17,6.31,44.16,57.14,6.98,53.03,69.7,50,63.16,46.43,75
2026-05-02,11,1,2026-05-02 10:40:00,5,滋賀県知事杯争奪 第27回ビナちゃんカップ,1,5033,藤原 孝斗,3,28,53.2,0,0,0.19,4.44,24.39,36.59,3.78,22.22,33.33,12.5,25,0,0
2026-05-02,11,1,2026-05-02 10:40:00,5,滋賀県知事杯争奪 第27回ビナちゃんカップ,2,4761,山田 晃大,2,36,52.4,0,0,0.13,5.65,36.76,56.62,5.44,33.9,55.93,12.5,37.5,12.5,37.5
2026-05-02,11,1,2026-05-02 10:40:00,5,滋賀県知事杯争奪 第27回ビナちゃんカップ,3,4388,是澤 孝宏,2,40,52,0,0,0.18,5.97,38.46,60.84,6.38,47.52,62.41,35.71,57.14,28.57,42.86
2026-05-02,11,1,2026-05-02 10:40:00,5,滋賀県知事杯争奪 第27回ビナちゃんカップ,4,4325,新出 浩司,3,43,52.4,0,0,0.14,4.42,16.67,41.67,5.45,39.22,52.94,42.86,57.14,44.44,55.56
2026-05-02,11,1,2026-05-02 10:40:00,5,滋賀県知事杯争奪 第27回ビナちゃんカップ,5,4648,木村 亮太,3,41,52,0,0,0.15,4.44,25.33,37.33,4.89,24.32,48.65,44.44,66.67,12.5,37.5
2026-05-02,11,1,2026-05-02 10:40:00,5,滋賀県知事杯争奪 第27回ビナちゃんカップ,6,4828,松山 将吾,1,31,52,0,0,0.13,6.37,45,65,6.15,41.82,59.09,44.44,55.56,14.29,42.86
2026-05-02,11,2,2026-05-02 11:09:00,5,滋賀県知事杯争奪 第27回ビナちゃんカップ,1,4677,片橋 幸貴,4,37,53.8,0,0,0.2,6.57,45.74,72.34,5.33,36.96,52.17,14.29,14.29,37.5,56.25
2026-05-02,11,2,2026-05-02 11:09:00,5,滋賀県知事杯争奪 第27回ビナちゃんカップ,2,5115,香川 颯太,4,26,52,0,0,0.15,4.99,31.94,47.22,5.42,36.96,55.07,14.29,14.29,46.67,60
2026-05-02,11,2,2026-05-02 11:09:00,5,滋賀県知事杯争奪 第27回ビナちゃんカップ,3,4039,村上 功祐,2,47,55.7,0,0,0.15,4.84,27.59,45.69,4.68,22.73,45.45,44.44,55.56,28.57,57.14
2026-05-02,11,2,2026-05-02 11:09:00,5,滋賀県知事杯争奪 第27回ビナちゃんカップ,4,3745,橋本 年光,3,51,52.3,0,0,0.17,5.62,32.88,56.16,6.44,56.25,62.5,62.5,100,44.44,66.67
2026-05-02,11,2,2026-05-02 11:09:00,5,滋賀県知事杯争奪 第27回ビナちゃんカップ,5,5017,澤田 尚也,1,27,52.2,0,0,0.13,6.39,43.7,55.46,7.02,54.55,73.74,62.5,75,33.33,50
2026-05-02,11,2,2026-05-02 11:09:00,5,滋賀県知事杯争奪 第27回ビナちゃんカップ,6,4448,青木 玄太,1,39,52.6,0,0,0.17,6.68,49.57,64.1,7.21,52.46,78.69,26.67,73.33,38.46,61.54
2026-05-02,11,3,2026-05-02 11:40:00,5,滋賀県知事杯争奪 第27回ビナちゃんカップ,1,3915,繁野谷 圭介,2,52,52.1,0,0,0.17,5.68,36.94,57.66,5.58,38.71,45.16,44.44,55.56,16.67,16.67
2026-05-02,11,3,2026-05-02 11:40:00,5,滋賀県知事杯争奪 第27回ビナちゃんカップ,2,3885,久田 武,3,52,52.2,0,0,0.18,5.71,38.68,56.6,6.5,39.47,68.42,37.5,50,0,14.29
2026-05-02,11,3,2026-05-02 11:40:00,5,滋賀県知事杯争奪 第27回ビナちゃんカップ,3,4047,吉永 浩則,3,46,53.4,0,0,0.17,4.17,21.11,37.78,3.84,18.75,34.38,36.36,36.36,66.67,88.89
2026-05-02,11,3,2026-05-02 11:40:00,5,滋賀県知事杯争奪 第27回ビナちゃんカップ,4,4686,丸野 一樹,1,34,53.2,0,0,0.15,6.77,41.94,58.06,7.32,57.43,75.25,37.5,43.75,44.44,44.44
2026-05-02,11,3,2026-05-02 11:40:00,5,滋賀県知事杯争奪 第27回ビナちゃんカップ,5,3965,北中 元樹,2,46,52.2,0,0,0.17,6.42,49.58,69.75,6.04,47.59,62.07,40,46.67,42.86,71.43
2026-05-02,11,3,2026-05-02 11:40:00,5,滋賀県知事杯争奪 第27回ビナちゃんカップ,6,5379,廣部 大明,4,21,52,0,0,0.2,2.61,2.86,14.29,2.01,1.35,6.76,50,66.67,0,28.57
2026-05-02,11,4,2026-05-02 12:10:00,5,滋賀県知事杯争奪 第27回ビナちゃんカップ,1,4082,濱崎 誠,3,46,52,0,0,0.15,5.35,34.02,49.48,5.15,30,50,0,0,43.75,75
2026-05-02,11,4,2026-05-02 12:10:00,5,滋賀県知事杯争奪 第27回ビナちゃんカップ,2,4462,夏山 亮平,3,39,55.5,0,0,0.15,5.2,35.71,50,5.75,37.5,66.67,57.14,71.43,0,33.33
2026-05-02,11,4,2026-05-02 12:10:00,5,滋賀県知事杯争奪 第27回ビナちゃんカップ,3,4253,西川 真人,3,42,55.4,0,0,0.18,4.1,15.45,36.36,4.22,20.27,35.14,22.22,44.44,54.55,63.64
2026-05-02,11,4,2026-05-02 12:10:00,5,滋賀県知事杯争奪 第27回ビナちゃんカップ,4,3582,吉川 昭男,2,53,52.7,0,0,0.15,5.99,43.55,57.26,6.27,47.87,62.77,0,16.67,14.29,14.29
2026-05-02,11,4,2026-05-02 12:10:00,5,滋賀県知事杯争奪 第27回ビナちゃんカップ,5,3918,深井 利寿,2,51,51,0,0,0.18,6.58,50,71.01,6.93,51.94,72.87,80,80,9.09,45.45
2026-05-02,11,4,2026-05-02 12:10:00,5,滋賀県知事杯争奪 第27回ビナちゃんカップ,6,4137,君島 秀三,1,45,52,0,0,0.14,6.67,52.34,67.19,6.79,50.68,69.18,0,0,50,66.67
2026-05-02,11,5,2026-05-02 12:42:00,5,滋賀県知事杯争奪 第27回ビナちゃんカップ,1,3948,大町 利克,3,50,52.4,0,0,0.19,4.36,24.14,37.93,4.16,16,44,50,70,37.5,62.5
2026-05-02,11,5,2026-05-02 12:42:00,5,滋賀県知事杯争奪 第27回ビナちゃんカップ,2,4411,沢田 昭宏,2,40,53.6,0,0,0.16,5.78,40.32,56.45,4.79,31.58,36.84,43.75,56.25,42.86,42.86
2026-05-02,11,5,2026-05-02 12:42:00,5,滋賀県知事杯争奪 第27回ビナちゃんカップ,3,4943,八木 治樹,3,35,52.7,0,0,0.14,4.11,18.06,30.56,4.58,21.05,47.37,0,28.57,0,0
2026-05-02,11,5,2026-05-02 12:42:00,5,滋賀県知事杯争奪 第27回ビナちゃんカップ,4,4120,柘植 政浩,2,44,51,0,0,0.18,5.87,43.28,55.97,6.16,44.72,59.63,0,0,14.29,28.57
2026-05-02,11,5,2026-05-02 12:42:00,5,滋賀県知事杯争奪 第27回ビナちゃんカップ,5,3893,汐崎 正則,3,50,52.8,0,0,0.16,4.41,22.34,39.36,2.15,7.69,7.69,26.67,53.33,0,16.67
2026-05-02,11,5,2026-05-02 12:42:00,5,滋賀県知事杯争奪 第27回ビナちゃんカップ,6,4262,馬場 貴也,1,42,52.3,0,0,0.14,7.15,44.96,63.57,7.94,64.46,86.78,30.77,30.77,8.33,8.33
2026-05-02,11,6,2026-05-02 13:18:00,5,滋賀県知事杯争奪 第27回ビナちゃんカップ,1,5229,吉川 晴人,2,23,54.4,0,0,0.15,5.69,37.61,55.56,5.83,43.21,56.17,12.5,37.5,58.82,88.24
2026-05-02,11,6,2026-05-02 13:18:00,5,滋賀県知事杯争奪 第27回ビナちゃんカップ,2,4405,南野 利騰,3,40,53.6,0,0,0.16,4.05,13.79,34.48,5.55,31.82,54.55,100,100,42.86,42.86
2026-05-02,11,6,2026-05-02 13:18:00,5,滋賀県知事杯争奪 第27回ビナちゃんカップ,3,4119,泥谷 一毅,2,44,52.1,0,0,0.17,5.46,28.43,55.88,4.97,37.14,45.71,14.29,42.86,0,14.29
2026-05-02,11,6,2026-05-02 13:18:00,5,滋賀県知事杯争奪 第27回ビナちゃんカップ,4,4677,片橋 幸貴,4,37,53.8,0,0,0.2,6.57,45.74,72.34,5.33,36.96,52.17,14.29,14.29,37.5,56.25
2026-05-02,11,6,2026-05-02 13:18:00,5,滋賀県知事杯争奪 第27回ビナちゃんカップ,5,4325,新出 浩司,3,43,52.4,0,0,0.14,4.42,16.67,41.67,5.45,39.22,52.94,42.86,57.14,44.44,55.56
2026-05-02,11,6,2026-05-02 13:18:00,5,滋賀県知事杯争奪 第27回ビナちゃんカップ,6,3721,守田 俊介,1,50,52.5,0,0,0.12,6.24,42.57,56.44,8.02,72.92,85.42,66.67,88.89,22.22,44.44
2026-05-02,11,7,2026-05-02 13:48:00,5,滋賀県知事杯争奪 第27回ビナちゃんカップ,1,4648,木村 亮太,3,41,52,0,0,0.15,4.44,25.33,37.33,4.89,24.32,48.65,44.44,66.67,12.5,37.5
2026-05-02,11,7,2026-05-02 13:48:00,5,滋賀県知事杯争奪 第27回ビナちゃんカップ,2,4003,表 憲一,3,48,54.1,0,0,0.16,5.43,39.13,55.43,5.68,32.43,56.76,75,75,62.5,100
2026-05-02,11,7,2026-05-02 13:48:00,5,滋賀県知事杯争奪 第27回ビナちゃんカップ,3,3965,北中 元樹,2,46,52.2,0,0,0.17,6.42,49.58,69.75,6.04,47.59,62.07,40,46.67,42.86,71.43
2026-05-02,11,7,2026-05-02 13:48:00,5,滋賀県知事杯争奪 第27回ビナちゃんカップ,4,4448,青木 玄太,1,39,52.6,0,0,0.17,6.68,49.57,64.1,7.21,52.46,78.69,26.67,73.33,38.46,61.54
2026-05-02,11,7,2026-05-02 13:48:00,5,滋賀県知事杯争奪 第27回ビナちゃんカップ,5,3432,宮迫 暢彦,3,57,52.7,0,0,0.16,4.27,23.81,41.67,4.66,29.55,43.18,42.86,42.86,27.27,54.55
2026-05-02,11,7,2026-05-02 13:48:00,5,滋賀県知事杯争奪 第27回ビナちゃんカップ,6,4649,和田 操拓,2,41,52.3,0,0,0.12,4.75,24.6,44.44,5.67,36.96,55.07,0,0,40,40
2026-05-02,11,8,2026-05-02 14:20:00,5,滋賀県知事杯争奪 第27回ビナちゃんカップ,1,4382,高山 智至,3,41,53.2,0,0,0.16,5.05,22.89,50.6,4.17,16.67,36.51,42.86,57.14,0,0
2026-05-02,11,8,2026-05-02 14:20:00,5,滋賀県知事杯争奪 第27回ビナちゃんカップ,2,4137,君島 秀三,1,45,52,0,0,0.14,6.67,52.34,67.19,6.79,50.68,69.18,0,0,50,66.67
2026-05-02,11,8,2026-05-02 14:20:00,5,滋賀県知事杯争奪 第27回ビナちゃんカップ,3,4828,松山 将吾,1,31,52,0,0,0.13,6.37,45,65,6.15,41.82,59.09,44.44,55.56,14.29,42.86
2026-05-02,11,8,2026-05-02 14:20:00,5,滋賀県知事杯争奪 第27回ビナちゃんカップ,4,5115,香川 颯太,4,26,52,0,0,0.15,4.99,31.94,47.22,5.42,36.96,55.07,14.29,14.29,46.67,60
2026-05-02,11,8,2026-05-02 14:20:00,5,滋賀県知事杯争奪 第27回ビナちゃんカップ,5,5255,藤原 仙二,2,22,52,0,0,0.17,6.68,49.56,68.14,6.7,53.33,76.67,16.67,16.67,60,60
2026-05-02,11,8,2026-05-02 14:20:00,5,滋賀県知事杯争奪 第27回ビナちゃんカップ,6,5120,山本 稔太朗,3,25,54.5,0,0,0.16,5.2,36.78,54.02,5.05,26.32,63.16,35.71,64.29,41.18,58.82
2026-05-02,11,9,2026-05-02 14:56:00,5,滋賀県知事杯争奪 第27回ビナちゃんカップ,1,3918,深井 利寿,2,51,51,0,0,0.18,6.58,50,71.01,6.93,51.94,72.87,80,80,9.09,45.45
2026-05-02,11,9,2026-05-02 14:56:00,5,滋賀県知事杯争奪 第27回ビナちゃんカップ,2,4262,馬場 貴也,1,42,52.3,0,0,0.14,7.15,44.96,63.57,7.94,64.46,86.78,30.77,30.77,8.33,8.33
2026-05-02,11,9,2026-05-02 14:56:00,5,滋賀県知事杯争奪 第27回ビナちゃんカップ,3,3745,橋本 年光,3,51,52.3,0,0,0.17,5.62,32.88,56.16,6.44,56.25,62.5,62.5,100,44.44,66.67
2026-05-02,11,9,2026-05-02 14:56:00,5,滋賀県知事杯争奪 第27回ビナちゃんカップ,4,5050,木下 雄介,2,31,52.2,0,0,0.16,5.87,41.11,60,5.72,39.6,60.4,0,0,37.5,50
2026-05-02,11,9,2026-05-02 14:56:00,5,滋賀県知事杯争奪 第27回ビナちゃんカップ,5,5033,藤原 孝斗,3,28,53.2,0,0,0.19,4.44,24.39,36.59,3.78,22.22,33.33,12.5,25,0,0
2026-05-02,11,9,2026-05-02 14:56:00,5,滋賀県知事杯争奪 第27回ビナちゃんカップ,6,5400,高村 諒,4,23,52,0,0,0.2,1.83,1.43,4.29,1.25,0,0,33.33,50,13.33,40
2026-05-02,11,10,2026-05-02 15:27:00,5,滋賀県知事杯争奪 第27回ビナちゃんカップ,1,5017,澤田 尚也,1,27,52.2,0,0,0.13,6.39,43.7,55.46,7.02,54.55,73.74,62.5,75,33.33,50
2026-05-02,11,10,2026-05-02 15:27:00,5,滋賀県知事杯争奪 第27回ビナちゃんカップ,2,4943,八木 治樹,3,35,52.7,0,0,0.14,4.11,18.06,30.56,4.58,21.05,47.37,0,28.57,0,0
2026-05-02,11,10,2026-05-02 15:27:00,5,滋賀県知事杯争奪 第27回ビナちゃんカップ,3,5280,廣瀬 凜,2,23,52,0,0,0.17,6.88,52.1,76.47,5.46,30.97,54.84,25,50,62.5,62.5
2026-05-02,11,10,2026-05-02 15:27:00,5,滋賀県知事杯争奪 第27回ビナちゃんカップ,4,3721,守田 俊介,1,50,52.5,0,0,0.12,6.24,42.57,56.44,8.02,72.92,85.42,66.67,88.89,22.22,44.44
2026-05-02,11,10,2026-05-02 15:27:00,5,滋賀県知事杯争奪 第27回ビナちゃんカップ,5,4462,夏山 亮平,3,39,55.5,0,0,0.15,5.2,35.71,50,5.75,37.5,66.67,57.14,71.43,0,33.33
2026-05-02,11,10,2026-05-02 15:27:00,5,滋賀県知事杯争奪 第27回ビナちゃんカップ,6,4750,井上 尚悟,3,38,52,0,0,0.18,4.97,32.99,48.45,0,0,0,37.5,50,28.57,28.57
2026-05-02,11,11,2026-05-02 16:00:00,5,滋賀県知事杯争奪 第27回ビナちゃんカップ,1,4743,木村 仁紀,1,33,52.7,0,0,0.15,6.58,44.52,69.68,6.67,48.05,68.18,42.86,85.71,25,62.5
2026-05-02,11,11,2026-05-02 16:00:00,5,滋賀県知事杯争奪 第27回ビナちゃんカップ,2,3582,吉川 昭男,2,53,52.7,0,0,0.15,5.99,43.55,57.26,6.27,47.87,62.77,0,16.67,14.29,14.29
2026-05-02,11,11,2026-05-02 16:00:00,5,滋賀県知事杯争奪 第27回ビナちゃんカップ,3,3893,汐崎 正則,3,50,52.8,0,0,0.16,4.41,22.34,39.36,2.15,7.69,7.69,26.67,53.33,0,16.67
2026-05-02,11,11,2026-05-02 16:00:00,5,滋賀県知事杯争奪 第27回ビナちゃんカップ,4,4039,村上 功祐,2,47,55.7,0,0,0.15,4.84,27.59,45.69,4.68,22.73,45.45,44.44,55.56,28.57,57.14
2026-05-02,11,11,2026-05-02 16:00:00,5,滋賀県知事杯争奪 第27回ビナちゃんカップ,5,4405,南野 利騰,3,40,53.6,0,0,0.16,4.05,13.79,34.48,5.55,31.82,54.55,100,100,42.86,42.86
2026-05-02,11,11,2026-05-02 16:00:00,5,滋賀県知事杯争奪 第27回ビナちゃんカップ,6,4761,山田 晃大,2,36,52.4,0,0,0.13,5.65,36.76,56.62,5.44,33.9,55.93,12.5,37.5,12.5,37.5
2026-05-02,11,12,2026-05-02 16:36:00,5,滋賀県知事杯争奪 第27回ビナちゃんカップ,1,4686,丸野 一樹,1,34,53.2,0,0,0.15,6.77,41.94,58.06,7.32,57.43,75.25,37.5,43.75,44.44,44.44
2026-05-02,11,12,2026-05-02 16:36:00,5,滋賀県知事杯争奪 第27回ビナちゃんカップ,2,4120,柘植 政浩,2,44,50.5,0,0,0.18,5.87,43.28,55.97,6.16,44.72,59.63,0,0,14.29,28.57
2026-05-02,11,12,2026-05-02 16:36:00,5,滋賀県知事杯争奪 第27回ビナちゃんカップ,3,5255,藤原 仙二,2,22,52.6,0,0,0.17,6.68,49.56,68.14,6.7,53.33,76.67,16.67,16.67,60,60
2026-05-02,11,12,2026-05-02 16:36:00,5,滋賀県知事杯争奪 第27回ビナちゃんカップ,4,4082,濱崎 誠,3,46,51.5,0,0,0.15,5.35,34.02,49.48,5.15,30,50,0,0,43.75,75
2026-05-02,11,12,2026-05-02 16:36:00,5,滋賀県知事杯争奪 第27回ビナちゃんカップ,5,5229,吉川 晴人,2,23,54.2,0,0,0.15,5.69,37.61,55.56,5.83,43.21,56.17,12.5,37.5,58.82,88.24
2026-05-02,11,12,2026-05-02 16:36:00,5,滋賀県知事杯争奪 第27回ビナちゃんカップ,6,4003,表 憲一,3,48,54.7,0,0,0.16,5.43,39.13,55.43,5.68,32.43,56.76,75,75,62.5,100
2026-05-02,14,1,2026-05-02 08:50:00,4,オールレディース第42回渦の女王決定戦競走,1,4974,安井 瑞紀,1,32,47.4,0,0,0.14,5.52,36.46,58.33,5.34,36.59,53.66,22.22,33.33,36.36,54.55
2026-05-02,14,1,2026-05-02 08:50:00,4,オールレディース第42回渦の女王決定戦競走,2,5334,樫葉 新心,3,21,46,0,0,0.18,3.13,12.9,20.43,3,12.5,19.44,25,25,0,16.67
2026-05-02,14,1,2026-05-02 08:50:00,4,オールレディース第42回渦の女王決定戦競走,3,5204,宇恵 有香,4,29,46.5,0,0,,3.47,8.82,26.47,3.88,6.25,31.25,40,50,37.5,62.5
2026-05-02,14,1,2026-05-02 08:50:00,4,オールレディース第42回渦の女王決定戦競走,4,3289,高橋 淳美,3,62,45,0,0,0.2,3.56,16.67,27.08,3.22,11.11,22.22,50,87.5,0,0
2026-05-02,14,1,2026-05-02 08:50:00,4,オールレディース第42回渦の女王決定戦競走,5,3355,橋谷田 佳織,4,57,41,0,0,0.25,2.93,5,20,0,0,0,20,30,35.29,41.18
2026-05-02,14,1,2026-05-02 08:50:00,4,オールレディース第42回渦の女王決定戦競走,6,5380,野田 亜湖,4,21,51.3,0,0,0.3,1.22,0,0,1.33,0,0,37.5,62.5,20,40
2026-05-02,14,2,2026-05-02 09:16:00,4,オールレディース第42回渦の女王決定戦競走,1,4501,樋口 由加里,2,38,46,0,0,0.14,4.83,29.92,41.73,5.29,33.33,54.17,0,33.33,10,30
2026-05-02,14,2,2026-05-02 09:16:00,4,オールレディース第42回渦の女王決定戦競走,2,3778,安達 美帆,3,50,47,0,0,0.21,3.14,15.87,22.22,0,0,0,40,50,30,40
2026-05-02,14,2,2026-05-02 09:16:00,4,オールレディース第42回渦の女王決定戦競走,3,4246,喜多 那由夏,3,44,48.4,0,0,0.18,4.13,18.27,36.54,3.72,16.67,38.89,50,80,28.57,42.86
2026-05-02,14,2,2026-05-02 09:16:00,4,オールレディース第42回渦の女王決定戦競走,4,4478,櫻本 あゆみ,2,38,47.3,0,0,0.15,6.33,42.61,67.83,0,0,0,27.27,36.36,10,60
2026-05-02,14,2,2026-05-02 09:16:00,4,オールレディース第42回渦の女王決定戦競走,5,4878,西岡 育未,3,31,47,0,0,0.17,4.28,20.59,38.24,5.04,32.65,48.98,0,16.67,16.67,33.33
2026-05-02,14,2,2026-05-02 09:16:00,4,オールレディース第42回渦の女王決定戦競走,6,3645,淺田 千亜希,4,53,46.5,1,0,0.14,5.05,36.36,47.73,4.95,35.14,45.95,83.33,83.33,0,0
2026-05-02,14,3,2026-05-02 09:42:00,4,オールレディース第42回渦の女王決定戦競走,1,4534,坂 咲友理,3,36,45.5,0,0,0.21,3.83,21.54,30.77,0,0,0,41.18,52.94,33.33,33.33
2026-05-02,14,3,2026-05-02 09:42:00,4,オールレディース第42回渦の女王決定戦競走,2,4419,原 加央理,3,38,45.5,0,0,0.16,5.65,39.02,58.54,6.73,45.45,63.64,14.29,14.29,50,70
2026-05-02,14,3,2026-05-02 09:42:00,4,オールレディース第42回渦の女王決定戦競走,3,5305,伊藤 栞,3,22,56.5,0,0,0.16,2.18,4.05,9.46,0,0,0,0,0,55.56,77.78
2026-05-02,14,3,2026-05-02 09:42:00,4,オールレディース第42回渦の女王決定戦競走,4,4473,藤堂 里香,2,38,45.5,0,0,0.17,4.95,30.3,45.45,5.78,33.33,50,23.53,41.18,40,50
2026-05-02,14,3,2026-05-02 09:42:00,4,オールレディース第42回渦の女王決定戦競走,5,3470,新田 芳美,3,56,46.5,0,0,0.17,5.13,29.35,50,4.67,23.88,43.28,45.45,63.64,30,40
2026-05-02,14,3,2026-05-02 09:42:00,4,オールレディース第42回渦の女王決定戦競走,6,4098,赤澤 文香,3,44,47.6,0,0,0.2,4.79,27.63,38.16,3.56,11.11,33.33,45.45,72.73,25,50
2026-05-02,14,4,2026-05-02 10:08:00,4,オールレディース第42回渦の女王決定戦競走,1,5230,石原 凪紗,4,22,45.5,0,0,0.16,4.44,29.63,37.04,0,0,0,20,50,66.67,83.33
2026-05-02,14,4,2026-05-02 10:08:00,4,オールレディース第42回渦の女王決定戦競走,2,4909,薮内 瑞希,3,30,44.5,0,0,0.15,4.91,29,43,4.65,35.29,44.12,27.27,45.45,85.71,85.71
2026-05-02,14,4,2026-05-02 10:08:00,4,オールレディース第42回渦の女王決定戦競走,3,5140,吉田 彩乃,3,25,47.4,0,0,0.19,4.72,25.53,44.68,5.48,33.33,55.56,28.57,28.57,30,50
2026-05-02,14,4,2026-05-02 10:08:00,4,オールレディース第42回渦の女王決定戦競走,4,5272,松田 真実,3,24,47,0,0,0.18,4.1,25,34.52,3.39,13.04,34.78,30,40,28.57,28.57
2026-05-02,14,4,2026-05-02 10:08:00,4,オールレディース第42回渦の女王決定戦競走,5,4372,原田 佑実,2,38,46,0,0,0.17,5.83,37.5,60,4.8,35,45,42.86,71.43,16.67,33.33
2026-05-02,14,4,2026-05-02 10:08:00,4,オールレディース第42回渦の女王決定戦競走,6,5370,日隈 茜,4,24,47.1,0,0,0.18,1.3,1.52,1.52,2,10,10,20,30,14.29,42.86
2026-05-02,14,5,2026-05-02 10:34:00,4,オールレディース第42回渦の女王決定戦競走,1,4275,菅野 はやか,4,43,51.6,0,0,0.19,3.39,10.53,25,3.33,11.11,33.33,45.45,63.64,57.14,71.43
2026-05-02,14,5,2026-05-02 10:34:00,4,オールレディース第42回渦の女王決定戦競走,2,4680,後藤 美翼,3,36,47,0,0,0.19,5.65,36.36,57.95,5.5,30,50,16.67,50,50,66.67
2026-05-02,14,5,2026-05-02 10:34:00,4,オールレディース第42回渦の女王決定戦競走,3,5296,永田 楽,3,23,46.5,0,0,0.19,3.03,13.95,20.93,3.97,18.75,28.13,60,80,10,40
2026-05-02,14,5,2026-05-02 10:34:00,4,オールレディース第42回渦の女王決定戦競走,4,5367,赤松 咲香,4,24,50.4,0,0,0.17,1.91,5.66,7.55,1.7,0,3.33,70,90,16.67,50
2026-05-02,14,5,2026-05-02 10:34:00,4,オールレディース第42回渦の女王決定戦競走,5,3334,角 ひとみ,2,57,45,0,0,0.2,5.39,38.64,57.58,5.11,22.22,66.67,0,0,27.27,36.36
2026-05-02,14,5,2026-05-02 10:34:00,4,オールレディース第42回渦の女王決定戦競走,6,5204,宇恵 有香,4,29,46.5,0,0,,3.47,8.82,26.47,3.88,6.25,31.25,40,50,37.5,62.5
2026-05-02,14,6,2026-05-02 11:03:00,4,オールレディース第42回渦の女王決定戦競走,1,3932,池田 浩美,3,49,51,0,0,0.18,4.87,33.7,42.39,2.78,22.22,22.22,20,40,26.32,63.16
2026-05-02,14,6,2026-05-02 11:03:00,4,オールレディース第42回渦の女王決定戦競走,2,3289,高橋 淳美,3,62,45,0,0,0.2,3.56,16.67,27.08,3.22,11.11,22.22,50,87.5,0,0
2026-05-02,14,6,2026-05-02 11:03:00,4,オールレディース第42回渦の女王決定戦競走,3,4924,中北 涼,3,33,47.9,0,0,0.18,4.1,15.31,31.63,2.4,0,0,36.36,54.55,0,25
2026-05-02,14,6,2026-05-02 11:03:00,4,オールレディース第42回渦の女王決定戦競走,4,4045,佐々木 裕美,3,46,48.1,0,0,0.16,4.32,28.05,36.59,2.86,14.29,14.29,0,30,14.29,28.57
2026-05-02,14,6,2026-05-02 11:03:00,4,オールレディース第42回渦の女王決定戦競走,5,5069,山崎 小葉音,3,25,44,0,0,0.15,4.28,23.53,41.18,4.56,24,40,10,60,37.5,75
2026-05-02,14,6,2026-05-02 11:03:00,4,オールレディース第42回渦の女王決定戦競走,6,5418,堀内 亜海,4,20,54.8,0,0,0.22,1.13,0,0,0,0,0,57.14,71.43,36.36,72.73
2026-05-02,14,7,2026-05-02 11:34:00,4,オールレディース第42回渦の女王決定戦競走,1,5151,山下 奈緒,3,31,47,0,0,0.21,4.38,19.19,34.34,4.48,11.11,44.44,0,0,0,0
2026-05-02,14,7,2026-05-02 11:34:00,4,オールレディース第42回渦の女王決定戦競走,2,4878,西岡 育未,3,31,47,0,0,0.17,4.28,20.59,38.24,5.04,32.65,48.98,0,16.67,16.67,33.33
2026-05-02,14,7,2026-05-02 11:34:00,4,オールレディース第42回渦の女王決定戦競走,3,3900,香川 素子,1,49,47.1,0,0,0.16,6.07,42.54,65.67,6.16,40.54,59.46,50,66.67,28.57,28.57
2026-05-02,14,7,2026-05-02 11:34:00,4,オールレディース第42回渦の女王決定戦競走,4,5334,樫葉 新心,3,21,46,0,0,0.18,3.13,12.9,20.43,3,12.5,19.44,25,25,0,16.67
2026-05-02,14,7,2026-05-02 11:34:00,4,オールレディース第42回渦の女王決定戦競走,5,4534,坂 咲友理,3,36,45.5,0,0,0.21,3.83,21.54,30.77,0,0,0,41.18,52.94,33.33,33.33
2026-05-02,14,7,2026-05-02 11:34:00,4,オールレディース第42回渦の女王決定戦競走,6,3604,武藤 綾子,3,55,47.3,0,0,0.2,4.22,17.71,36.46,5.11,33.33,55.56,0,50,20,30
2026-05-02,14,8,2026-05-02 12:05:00,4,オールレディース第42回渦の女王決定戦競走,1,5272,松田 真実,3,24,47,0,0,0.18,4.1,25,34.52,3.39,13.04,34.78,30,40,28.57,28.57
2026-05-02,14,8,2026-05-02 12:05:00,4,オールレディース第42回渦の女王決定戦競走,2,4678,水野 望美,3,37,46,0,0,0.17,5.28,31.76,48.24,6.44,55.56,55.56,60,60,44.44,55.56
2026-05-02,14,8,2026-05-02 12:05:00,4,オールレディース第42回渦の女王決定戦競走,3,4501,樋口 由加里,2,38,46,0,0,0.14,4.83,29.92,41.73,5.29,33.33,54.17,0,33.33,10,30
2026-05-02,14,8,2026-05-02 12:05:00,4,オールレディース第42回渦の女王決定戦競走,4,5380,野田 亜湖,4,21,51.3,0,0,0.3,1.22,0,0,1.33,0,0,37.5,62.5,20,40
2026-05-02,14,8,2026-05-02 12:05:00,4,オールレディース第42回渦の女王決定戦競走,5,3704,本部 めぐみ,3,52,46,0,0,0.22,3.64,12.5,28.13,3.82,5.88,23.53,16.67,50,37.5,37.5
2026-05-02,14,8,2026-05-02 12:05:00,4,オールレディース第42回渦の女王決定戦競走,6,4419,原 加央理,3,38,45.5,0,0,0.16,5.65,39.02,58.54,6.73,45.45,63.64,14.29,14.29,50,70
2026-05-02,14,9,2026-05-02 12:38:00,4,オールレディース第42回渦の女王決定戦競走,1,3528,笠野 友紀恵,3,55,47.1,0,0,0.19,3.74,11.63,30.23,4.44,24,48,16.67,33.33,10,10
2026-05-02,14,9,2026-05-02 12:38:00,4,オールレディース第42回渦の女王決定戦競走,2,4473,藤堂 里香,2,38,45.5,0,0,0.17,4.95,30.3,45.45,5.78,33.33,50,23.53,41.18,40,50
2026-05-02,14,9,2026-05-02 12:38:00,4,オールレディース第42回渦の女王決定戦競走,3,5367,赤松 咲香,4,24,50.4,0,0,0.17,1.91,5.66,7.55,1.7,0,3.33,70,90,16.67,50
2026-05-02,14,9,2026-05-02 12:38:00,4,オールレディース第42回渦の女王決定戦競走,4,4246,喜多 那由夏,3,44,48.4,0,0,0.18,4.13,18.27,36.54,3.72,16.67,38.89,50,80,28.57,42.86
2026-05-02,14,9,2026-05-02 12:38:00,4,オールレディース第42回渦の女王決定戦競走,5,4283,石井 裕美,3,42,49.2,0,0,0.17,4.01,10.59,32.94,4.3,30,30,28.57,42.86,20,40
2026-05-02,14,9,2026-05-02 12:38:00,4,オールレディース第42回渦の女王決定戦競走,6,4373,若狭 奈美子,1,37,47,1,0,0.18,6.37,41.98,70.23,6.5,43.75,81.25,54.55,72.73,20,20
2026-05-02,14,10,2026-05-02 13:12:00,4,オールレディース第42回渦の女王決定戦競走,1,3334,角 ひとみ,2,57,45,0,0,0.2,5.39,38.64,57.58,5.11,22.22,66.67,0,0,27.27,36.36
2026-05-02,14,10,2026-05-02 13:12:00,4,オールレディース第42回渦の女王決定戦競走,2,4689,豊田 結,2,32,52.4,0,0,0.15,4.97,29.9,47.42,5.95,47.62,52.38,28.57,28.57,25,25
2026-05-02,14,10,2026-05-02 13:12:00,4,オールレディース第42回渦の女王決定戦競走,3,4909,薮内 瑞希,3,30,44.5,0,0,0.15,4.91,29,43,4.65,35.29,44.12,27.27,45.45,85.71,85.71
2026-05-02,14,10,2026-05-02 13:12:00,4,オールレディース第42回渦の女王決定戦競走,4,3932,池田 浩美,3,49,51,0,0,0.18,4.87,33.7,42.39,2.78,22.22,22.22,20,40,26.32,63.16
2026-05-02,14,10,2026-05-02 13:12:00,4,オールレディース第42回渦の女王決定戦競走,5,5305,伊藤 栞,3,22,56.5,0,0,0.16,2.18,4.05,9.46,0,0,0,0,0,55.56,77.78
2026-05-02,14,10,2026-05-02 13:12:00,4,オールレディース第42回渦の女王決定戦競走,6,4071,古賀 千晶,3,45,45.5,0,0,0.19,4.35,16.67,39.39,0,0,0,10,30,0,0
2026-05-02,14,11,2026-05-02 13:50:00,4,オールレディース第42回渦の女王決定戦競走,1,4372,原田 佑実,2,38,46,0,0,0.17,5.83,37.5,60,4.8,35,45,42.86,71.43,16.67,33.33
2026-05-02,14,11,2026-05-02 13:50:00,4,オールレディース第42回渦の女王決定戦競走,2,4224,大橋 栄里佳,2,44,48.3,0,0,0.18,5.26,33.33,51.28,5.43,42.86,57.14,62.5,87.5,54.55,72.73
2026-05-02,14,11,2026-05-02 13:50:00,4,オールレディース第42回渦の女王決定戦競走,3,4098,赤澤 文香,3,44,47.6,0,0,0.2,4.79,27.63,38.16,3.56,11.11,33.33,45.45,72.73,25,50
2026-05-02,14,11,2026-05-02 13:50:00,4,オールレディース第42回渦の女王決定戦競走,4,4924,中北 涼,3,33,47.9,0,0,0.18,4.1,15.31,31.63,2.4,0,0,36.36,54.55,0,25
2026-05-02,14,11,2026-05-02 13:50:00,4,オールレディース第42回渦の女王決定戦競走,5,3778,安達 美帆,3,50,47,0,0,0.21,3.14,15.87,22.22,0,0,0,40,50,30,40
2026-05-02,14,11,2026-05-02 13:50:00,4,オールレディース第42回渦の女王決定戦競走,6,5296,永田 楽,3,23,46.5,0,0,0.19,3.03,13.95,20.93,3.97,18.75,28.13,60,80,10,40
2026-05-02,14,12,2026-05-02 14:30:00,4,オールレディース第42回渦の女王決定戦競走,1,4478,櫻本 あゆみ,2,38,47.3,0,0,0.15,6.33,42.61,67.83,0,0,0,27.27,36.36,10,60
2026-05-02,14,12,2026-05-02 14:30:00,4,オールレディース第42回渦の女王決定戦競走,2,5069,山崎 小葉音,3,25,44,0,0,0.15,4.28,23.53,41.18,4.56,24,40,10,60,37.5,75
2026-05-02,14,12,2026-05-02 14:30:00,4,オールレディース第42回渦の女王決定戦競走,3,4974,安井 瑞紀,1,32,47.4,0,0,0.14,5.52,36.46,58.33,5.34,36.59,53.66,22.22,33.33,36.36,54.55
2026-05-02,14,12,2026-05-02 14:30:00,4,オールレディース第42回渦の女王決定戦競走,4,5230,石原 凪紗,4,22,45.5,0,0,0.16,4.44,29.63,37.04,0,0,0,20,50,66.67,83.33
2026-05-02,14,12,2026-05-02 14:30:00,4,オールレディース第42回渦の女王決定戦競走,5,4275,菅野 はやか,4,43,51.6,0,0,0.19,3.39,10.53,25,3.33,11.11,33.33,45.45,63.64,57.14,71.43
2026-05-02,14,12,2026-05-02 14:30:00,4,オールレディース第42回渦の女王決定戦競走,6,4678,水野 望美,3,37,46,0,0,0.17,5.28,31.76,48.24,6.44,55.56,55.56,60,60,44.44,55.56
2026-05-02,16,1,2026-05-02 10:45:00,5,第42回鷲羽杯,1,3357,福島 陽子,3,57,48.1,0,0,0.2,4.03,19.78,34.07,4.11,23.46,34.57,34.19,47.01,36.04,49.55
2026-05-02,16,1,2026-05-02 10:45:00,5,第42回鷲羽杯,2,3982,福田 理,3,48,55.6,0,0,0.15,3.65,17.05,28.41,3.99,19.54,28.74,36.7,54.13,39.62,54.72
2026-05-02,16,1,2026-05-02 10:45:00,5,第42回鷲羽杯,3,4693,松下 誉士,3,42,53,0,0,0.2,4.03,21.05,33.68,4.35,24.32,37.84,38.98,57.63,31.48,51.85
2026-05-02,16,1,2026-05-02 10:45:00,5,第42回鷲羽杯,4,5356,長谷川 暖,3,21,51.5,0,0,0.14,4.5,22.97,44.59,3.95,12.2,36.59,38.14,52.54,32.41,52.78
2026-05-02,16,1,2026-05-02 10:45:00,5,第42回鷲羽杯,5,3685,荒井 輝年,3,52,54.6,0,0,0.16,5.61,38.71,52.69,5.42,37.08,49.44,31.9,51.72,43.24,57.66
2026-05-02,16,1,2026-05-02 10:45:00,5,第42回鷲羽杯,6,4672,守屋 大地,3,40,52,0,0,0.18,4.38,20.65,35.87,4.86,28.99,46.38,35.59,54.24,37.74,53.77
2026-05-02,16,2,2026-05-02 11:19:00,5,第42回鷲羽杯,1,5317,長尾 萌加,3,25,45.5,0,0,0.18,5.09,25,50,3.87,15.96,34.04,43.48,56.52,30.91,50
2026-05-02,16,2,2026-05-02 11:19:00,5,第42回鷲羽杯,2,4054,福嶋 智之,3,48,53,0,0,0.16,4.81,34.09,44.32,4.54,25.23,40.19,47.27,66.36,37.74,50.94
2026-05-02,16,2,2026-05-02 11:19:00,5,第42回鷲羽杯,3,3933,山地 正樹,3,49,52.4,0,0,0.18,5.2,33.67,51.02,5.43,39.66,56.03,31.13,48.11,32.11,49.54
2026-05-02,16,2,2026-05-02 11:19:00,5,第42回鷲羽杯,4,5134,大原 祥昌,3,26,53.5,0,0,0.15,6.05,42.53,62.07,3.89,26.32,31.58,32.2,45.76,34.62,46.15
2026-05-02,16,2,2026-05-02 11:19:00,5,第42回鷲羽杯,5,4537,渡邉 和将,1,36,51,0,0,0.14,6.71,48.21,63.39,6.61,44.3,68.35,22.5,45.83,43.27,60.58
2026-05-02,16,2,2026-05-02 11:19:00,5,第42回鷲羽杯,6,5374,木山 大聖,3,23,50,0,0,0.17,2.61,4.05,13.51,2.52,4.76,11.9,23.97,32.23,33.33,47.62
2026-05-02,16,3,2026-05-02 11:49:00,5,第42回鷲羽杯,1,4574,東 潤樹,3,37,53.4,0,0,0.17,5.72,39.24,59.49,4.46,21.43,35.71,32.5,50,38.18,56.36
2026-05-02,16,3,2026-05-02 11:49:00,5,第42回鷲羽杯,2,5206,梅原 祥平,3,28,52,0,0,0.14,4.05,24,36,4.12,26.88,35.48,39.47,54.39,37.04,60.19
2026-05-02,16,3,2026-05-02 11:49:00,5,第42回鷲羽杯,3,4089,妹尾 忠幸,2,45,54.3,0,0,0.15,5.9,35.25,59.02,6.36,39.42,72.12,49.14,62.93,38.68,48.11
2026-05-02,16,3,2026-05-02 11:49:00,5,第42回鷲羽杯,4,5165,小林 愛実,3,26,46,0,0,0.17,4.18,22.34,34.04,4.53,23.91,36.96,39.17,58.33,36.45,58.88
2026-05-02,16,3,2026-05-02 11:49:00,5,第42回鷲羽杯,5,4474,渡辺 崇,3,38,55.3,0,0,0.19,5.49,35.16,53.85,0,0,0,30.63,50.45,35.58,50.96
2026-05-02,16,3,2026-05-02 11:49:00,5,第42回鷲羽杯,6,3822,平尾 崇典,1,53,49.5,0,0,0.16,6.68,44.3,67.09,6.97,52.75,76.92,30.63,46.85,33.03,59.63
2026-05-02,16,4,2026-05-02 12:20:00,5,第42回鷲羽杯,1,5170,佐藤 太亮,3,25,52,0,0,0.19,4.65,29.03,44.09,5.32,37.84,54.05,40.87,54.78,35.85,49.06
2026-05-02,16,4,2026-05-02 12:20:00,5,第42回鷲羽杯,2,4441,末永 由楽,2,39,52.8,0,0,0.14,6.28,40.19,68.22,6.37,45,63.33,22.22,44.44,31.73,44.23
2026-05-02,16,4,2026-05-02 12:20:00,5,第42回鷲羽杯,3,5037,田頭 虎親,3,28,52,0,0,0.19,5.49,39.02,57.32,5.36,38.18,56.36,33.93,55.36,33.33,52.78
2026-05-02,16,4,2026-05-02 12:20:00,5,第42回鷲羽杯,4,4964,土屋 南,4,29,46.5,0,0,0.2,5.27,32.94,48.24,5.92,37.5,56.25,40.18,52.68,36.54,52.88
2026-05-02,16,4,2026-05-02 12:20:00,5,第42回鷲羽杯,5,4166,吉田 拡郎,1,44,52.4,0,0,0.12,6.71,42.45,65.09,7.41,62.64,76.92,41.03,54.7,34.95,49.51
2026-05-02,16,4,2026-05-02 12:20:00,5,第42回鷲羽杯,6,4204,柴田 大輔,3,43,52,0,0,0.2,4.95,32.18,45.98,0,0,0,35.14,49.55,30.56,37.96
2026-05-02,16,5,2026-05-02 12:57:00,5,第42回鷲羽杯,1,4172,森定 晃史,2,43,51.5,0,0,0.15,6.19,44.34,66.04,6.7,51.35,74.32,37.17,60.18,46.53,60.4
2026-05-02,16,5,2026-05-02 12:57:00,5,第42回鷲羽杯,2,4097,貫地谷 直人,3,44,56,0,0,0.2,3.64,11.11,29.17,3.79,21.05,31.58,37.84,45.95,34.69,58.16
2026-05-02,16,5,2026-05-02 12:57:00,5,第42回鷲羽杯,3,4065,金田 幸子,3,46,44,0,0,0.17,4.8,36.49,44.59,5.31,35.19,53.7,32.69,48.08,44.21,58.95
2026-05-02,16,5,2026-05-02 12:57:00,5,第42回鷲羽杯,4,3908,重成 一人,1,47,56.7,0,0,0.14,6.89,49.48,63.92,7.54,61.54,76.92,32.14,41.07,32.71,49.53
2026-05-02,16,5,2026-05-02 12:57:00,5,第42回鷲羽杯,5,4864,小川 日紀太,3,36,52.5,0,0,0.14,4.26,22.41,39.66,2.38,0,15.38,25,41.38,31.82,50
2026-05-02,16,5,2026-05-02 12:57:00,5,第42回鷲羽杯,6,4584,村岡 賢人,1,36,52.8,0,0,0.12,6.56,46.32,66.32,7.09,55.73,76.34,30.17,44.83,33.33,53.15
2026-05-02,16,6,2026-05-02 13:28:00,5,第42回鷲羽杯,1,4214,林 祐介,2,41,55.9,0,0,0.17,5.29,33.33,53.33,5.58,34.29,57.14,46.02,69.03,45.71,60.95
2026-05-02,16,6,2026-05-02 13:28:00,5,第42回鷲羽杯,2,4277,金田 大輔,3,42,50.5,0,0,0.15,5.09,37.68,46.38,4.71,24.49,38.78,30.25,52.94,30.1,47.57
2026-05-02,16,6,2026-05-02 13:28:00,5,第42回鷲羽杯,3,5217,藤原 碧生,1,26,51,0,0,0.16,6.81,44.44,67.9,6.97,50,73.28,35.65,50.43,35.45,50
2026-05-02,16,6,2026-05-02 13:28:00,5,第42回鷲羽杯,4,4693,松下 誉士,3,42,53.3,0,0,0.2,4.03,21.05,33.68,4.35,24.32,37.84,38.98,57.63,31.48,51.85
2026-05-02,16,6,2026-05-02 13:28:00,5,第42回鷲羽杯,5,5111,三村 岳人,4,26,51,0,0,0.19,5.97,45.33,61.33,5.49,32.76,56.03,39.09,57.27,36.7,54.13
2026-05-02,16,6,2026-05-02 13:28:00,5,第42回鷲羽杯,6,4370,山口 達也,1,39,54.1,0,0,0.14,6.51,47.56,59.76,6.62,53.98,61.06,36.75,53.85,33.33,46.3
2026-05-02,16,7,2026-05-02 14:09:00,5,第42回鷲羽杯,1,3933,山地 正樹,3,49,52.4,0,0,0.18,5.2,33.67,51.02,5.43,39.66,56.03,31.13,48.11,32.11,49.54
2026-05-02,16,7,2026-05-02 14:09:00,5,第42回鷲羽杯,2,4762,藤原 啓史朗,1,36,50.5,0,0,0.12,6.98,48.45,69.07,7.46,58.2,76.23,41.88,58.12,33.96,49.06
2026-05-02,16,7,2026-05-02 14:09:00,5,第42回鷲羽杯,3,3949,今出 晋二,3,50,57,0,0,0.19,3.83,17.14,28.57,4.24,18.42,31.58,32.41,50,35.45,55.45
2026-05-02,16,7,2026-05-02 14:09:00,5,第42回鷲羽杯,4,4635,峰重 力也,3,36,52.3,0,0,0.15,5.66,40.85,54.93,5.37,34.92,53.97,40.95,60,41.12,66.36
2026-05-02,16,7,2026-05-02 14:09:00,5,第42回鷲羽杯,5,3982,福田 理,3,48,55.6,0,0,0.15,3.65,17.05,28.41,3.99,19.54,28.74,36.7,54.13,39.62,54.72
2026-05-02,16,7,2026-05-02 14:09:00,5,第42回鷲羽杯,6,3663,木山 和幸,2,56,50.5,0,0,0.16,5.58,36.47,58.82,4.58,24.56,38.6,34.19,47.86,33.01,49.51
2026-05-02,16,8,2026-05-02 14:45:00,5,第42回鷲羽杯,1,3874,山本 寛久,1,49,52,0,0,0.15,5.95,42.11,58.95,6.37,46,67,43.33,57.5,31.68,46.53
2026-05-02,16,8,2026-05-02 14:45:00,5,第42回鷲羽杯,2,4713,白神 優,1,35,53,0,0,0.13,6.56,44.93,68.84,7.06,51.03,69.66,30.77,46.15,31.53,53.15
2026-05-02,16,8,2026-05-02 14:45:00,5,第42回鷲羽杯,3,5356,長谷川 暖,3,21,51.5,0,0,0.14,4.5,22.97,44.59,3.95,12.2,36.59,38.14,52.54,32.41,52.78
2026-05-02,16,8,2026-05-02 14:45:00,5,第42回鷲羽杯,4,3746,岡瀬 正人,2,51,52.3,0,0,0.17,5.57,35.77,56.1,5.95,42.58,60,26.45,42.98,30.19,46.23
2026-05-02,16,8,2026-05-02 14:45:00,5,第42回鷲羽杯,5,4574,東 潤樹,3,37,53.4,0,0,0.17,5.72,39.24,59.49,4.46,21.43,35.71,32.5,50,38.18,56.36
2026-05-02,16,8,2026-05-02 14:45:00,5,第42回鷲羽杯,6,4054,福嶋 智之,3,48,53,0,0,0.16,4.81,34.09,44.32,4.54,25.23,40.19,47.27,66.36,37.74,50.94
2026-05-02,16,9,2026-05-02 15:14:00,5,第42回鷲羽杯,1,4964,土屋 南,4,29,46.5,0,0,0.2,5.27,32.94,48.24,5.92,37.5,56.25,40.18,52.68,36.54,52.88
2026-05-02,16,9,2026-05-02 15:14:00,5,第42回鷲羽杯,2,4853,前原 哉,4,31,46,0,0,0.19,3.9,19.4,31.34,4.03,23.19,30.43,39.13,56.52,34.26,52.78
2026-05-02,16,9,2026-05-02 15:14:00,5,第42回鷲羽杯,3,5165,小林 愛実,3,26,46,0,0,0.17,4.18,22.34,34.04,4.53,23.91,36.96,39.17,58.33,36.45,58.88
2026-05-02,16,9,2026-05-02 15:14:00,5,第42回鷲羽杯,4,5189,藤原 早菜,2,25,46.5,0,0,0.19,5.48,32.5,52.5,5.21,31.46,50.56,28.21,46.15,43.69,56.31
2026-05-02,16,9,2026-05-02 15:14:00,5,第42回鷲羽杯,5,5317,長尾 萌加,3,25,45.5,0,0,0.18,5.09,25,50,3.87,15.96,34.04,43.48,56.52,30.91,50
2026-05-02,16,9,2026-05-02 15:14:00,5,第42回鷲羽杯,6,5373,諏訪 玲奈,4,23,47,0,0,0.24,2.42,0,12.5,1.74,0,2.94,56.64,76.11,37.96,53.7
2026-05-02,16,10,2026-05-02 15:43:00,5,第42回鷲羽杯,1,3300,川崎 智幸,1,59,53,0,0,0.15,5.74,39.45,57.8,5.56,41.03,53.85,26.32,40.35,40.82,59.18
2026-05-02,16,10,2026-05-02 15:43:00,5,第42回鷲羽杯,2,4474,渡辺 崇,3,38,55.3,0,0,0.19,5.49,35.16,53.85,0,0,0,30.63,50.45,35.58,50.96
2026-05-02,16,10,2026-05-02 15:43:00,5,第42回鷲羽杯,3,3908,重成 一人,1,47,56.7,0,0,0.14,6.89,49.48,63.92,7.54,61.54,76.92,32.14,41.07,32.71,49.53
2026-05-02,16,10,2026-05-02 15:43:00,5,第42回鷲羽杯,4,4672,守屋 大地,3,40,52,0,0,0.18,4.38,20.65,35.87,4.86,28.99,46.38,35.59,54.24,37.74,53.77
2026-05-02,16,10,2026-05-02 15:43:00,5,第42回鷲羽杯,5,4441,末永 由楽,2,39,52.8,0,0,0.14,6.28,40.19,68.22,6.37,45,63.33,22.22,44.44,31.73,44.23
2026-05-02,16,10,2026-05-02 15:43:00,5,第42回鷲羽杯,6,5134,大原 祥昌,3,26,53.5,0,0,0.15,6.05,42.53,62.07,3.89,26.32,31.58,32.2,45.76,34.62,46.15
2026-05-02,16,11,2026-05-02 16:16:00,5,第42回鷲羽杯,1,4537,渡邉 和将,1,36,51,0,0,0.14,6.71,48.21,63.39,6.61,44.3,68.35,22.5,45.83,43.27,60.58
2026-05-02,16,11,2026-05-02 16:16:00,5,第42回鷲羽杯,2,3685,荒井 輝年,3,52,54.6,0,0,0.16,5.61,38.71,52.69,5.42,37.08,49.44,31.9,51.72,43.24,57.66
2026-05-02,16,11,2026-05-02 16:16:00,5,第42回鷲羽杯,3,4172,森定 晃史,2,43,51.5,0,0,0.15,6.19,44.34,66.04,6.7,51.35,74.32,37.17,60.18,46.53,60.4
2026-05-02,16,11,2026-05-02 16:16:00,5,第42回鷲羽杯,4,5217,藤原 碧生,1,26,51,0,0,0.16,6.81,44.44,67.9,6.97,50,73.28,35.65,50.43,35.45,50
2026-05-02,16,11,2026-05-02 16:16:00,5,第42回鷲羽杯,5,4089,妹尾 忠幸,2,45,54.3,0,0,0.15,5.9,35.25,59.02,6.36,39.42,72.12,49.14,62.93,38.68,48.11
2026-05-02,16,11,2026-05-02 16:16:00,5,第42回鷲羽杯,6,5037,田頭 虎親,3,28,52,0,0,0.19,5.49,39.02,57.32,5.36,38.18,56.36,33.93,55.36,33.33,52.78
2026-05-02,16,12,2026-05-02 16:50:00,5,第42回鷲羽杯,1,4166,吉田 拡郎,1,44,52.4,0,0,0.12,6.71,42.45,65.09,7.41,62.64,76.92,41.03,54.7,34.95,49.51
2026-05-02,16,12,2026-05-02 16:50:00,5,第42回鷲羽杯,2,3822,平尾 崇典,1,53,49.5,0,0,0.16,6.68,44.3,67.09,6.97,52.75,76.92,30.63,46.85,33.03,59.63
2026-05-02,16,12,2026-05-02 16:50:00,5,第42回鷲羽杯,3,4370,山口 達也,1,39,54.1,0,0,0.14,6.51,47.56,59.76,6.62,53.98,61.06,36.75,53.85,33.33,46.3
2026-05-02,16,12,2026-05-02 16:50:00,5,第42回鷲羽杯,4,4584,村岡 賢人,1,36,52.8,0,0,0.12,6.56,46.32,66.32,7.09,55.73,76.34,30.17,44.83,33.33,53.15
2026-05-02,16,12,2026-05-02 16:50:00,5,第42回鷲羽杯,5,4713,白神 優,1,35,53,0,0,0.13,6.56,44.93,68.84,7.06,51.03,69.66,30.77,46.15,31.53,53.15
2026-05-02,16,12,2026-05-02 16:50:00,5,第42回鷲羽杯,6,4762,藤原 啓史朗,1,36,50.5,0,0,0.12,6.98,48.45,69.07,7.46,58.2,76.23,41.88,58.12,33.96,49.06
2026-05-02,17,1,2026-05-02 10:44:00,5,第55回サンケイスポーツ若葉賞,1,4163,山崎 裕司,2,44,52.4,0,0,0.17,5.73,41.27,55.56,5.36,36.04,52.25,34.65,44.88,31.69,39.44
2026-05-02,17,1,2026-05-02 10:44:00,5,第55回サンケイスポーツ若葉賞,2,4564,山本 景士郎,3,38,52,0,0,0.2,4.81,30.39,49.02,5.67,39,59,33.08,46.62,29.63,46.3
2026-05-02,17,1,2026-05-02 10:44:00,5,第55回サンケイスポーツ若葉賞,3,4872,山下 流心,3,33,54,0,0,0.16,4.5,25.23,40.19,5.13,34.48,47.13,34.29,52.86,32.89,55.26
2026-05-02,17,1,2026-05-02 10:44:00,5,第55回サンケイスポーツ若葉賞,4,3430,角浜 修,3,58,52.2,0,0,0.17,3.98,22.58,29.03,4.66,30.69,43.56,45.14,63.19,31.85,49.63
2026-05-02,17,1,2026-05-02 10:44:00,5,第55回サンケイスポーツ若葉賞,5,4811,向井田 佑紀,3,36,51,0,0,0.16,4.48,23.64,37.27,5.34,33.68,47.37,34.15,47.97,37.18,51.92
2026-05-02,17,1,2026-05-02 10:44:00,5,第55回サンケイスポーツ若葉賞,6,5154,村松 栄太,3,29,52.1,0,0,0.19,4.72,22.02,43.12,4.23,23.33,35,34.56,55.15,39.1,47.37
2026-05-02,17,2,2026-05-02 11:12:00,5,第55回サンケイスポーツ若葉賞,1,3615,横田 茂,3,53,51,0,0,0.16,4.74,32.61,43.48,4.98,33.33,44.12,40.3,52.99,40.17,52.14
2026-05-02,17,2,2026-05-02 11:12:00,5,第55回サンケイスポーツ若葉賞,2,3920,正木 聖賢,2,51,54.6,0,0,0.15,5.1,32.65,51.02,5.57,37.97,53.16,35.94,48.44,28.57,47.9
2026-05-02,17,2,2026-05-02 11:12:00,5,第55回サンケイスポーツ若葉賞,3,4471,新田 泰章,1,39,52.2,0,0,0.15,6.99,52.21,70.59,6.63,51.89,68.87,34.33,51.49,33.78,45.95
2026-05-02,17,2,2026-05-02 11:12:00,5,第55回サンケイスポーツ若葉賞,4,3436,柏野 幸二,2,57,51,0,0,0.12,5.75,35.05,57.73,5.95,36.36,54.55,34.53,54.68,39.24,55.06
2026-05-02,17,2,2026-05-02 11:12:00,5,第55回サンケイスポーツ若葉賞,5,4410,井上 大輔,3,40,52,0,0,0.16,5.33,31.53,52.25,5.11,33.33,55.56,44.62,56.15,32.68,49.02
2026-05-02,17,2,2026-05-02 11:12:00,5,第55回サンケイスポーツ若葉賞,6,5401,谷 海夏人,4,23,52,0,0,0.2,2.67,8.62,18.97,2.08,4,8,32.28,48.03,42.96,56.34
2026-05-02,17,3,2026-05-02 11:42:00,5,第55回サンケイスポーツ若葉賞,1,4991,宗行 治哉,2,28,52,0,0,0.18,6.43,46.46,67.68,5.84,35.85,59.43,32.37,53.24,39.55,57.46
2026-05-02,17,3,2026-05-02 11:42:00,5,第55回サンケイスポーツ若葉賞,2,5222,津田 陸翔,2,25,52.4,0,0,0.16,6.31,47.41,65.52,5.72,36.72,59.32,41.67,61.81,32.33,57.14
2026-05-02,17,3,2026-05-02 11:42:00,5,第55回サンケイスポーツ若葉賞,3,4563,齋藤 真之,3,38,52.8,0,0,0.18,4.1,22.73,32.95,4.89,33.33,44.44,36.55,55.86,35.71,53.57
2026-05-02,17,3,2026-05-02 11:42:00,5,第55回サンケイスポーツ若葉賞,4,4682,大上 卓人,1,35,51.5,0,0,0.14,7,45,60.83,7.06,55.06,71.91,32.37,46.76,31.13,43.71
2026-05-02,17,3,2026-05-02 11:42:00,5,第55回サンケイスポーツ若葉賞,5,5343,小林 礼央,3,23,51.5,0,0,0.19,3.94,15.56,33.33,3.47,15.52,34.48,33.1,47.89,36.15,53.08
2026-05-02,17,3,2026-05-02 11:42:00,5,第55回サンケイスポーツ若葉賞,6,5431,得山 大輝,4,21,51.5,0,0,,1.35,0,0,1.41,0,0,42.18,53.06,39.1,56.39
2026-05-02,17,4,2026-05-02 12:13:00,5,第55回サンケイスポーツ若葉賞,1,4708,半田 尚也,3,36,54.4,0,0,0.18,4.17,15.22,31.52,4.95,26.92,50.96,29.17,43.06,37.04,54.63
2026-05-02,17,4,2026-05-02 12:13:00,5,第55回サンケイスポーツ若葉賞,2,4886,入海 馨,1,30,53.9,0,0,0.14,6.03,30.7,54.39,6.52,51.72,68.97,33.6,52,46.81,61.7
2026-05-02,17,4,2026-05-02 12:13:00,5,第55回サンケイスポーツ若葉賞,3,4434,田中 辰彦,1,40,53.3,0,0,0.16,6.14,45.79,59.81,6.13,42.31,61.54,32.35,43.38,29.49,51.28
2026-05-02,17,4,2026-05-02 12:13:00,5,第55回サンケイスポーツ若葉賞,4,4835,橋本 明,3,37,52.3,0,0,0.15,4.98,22.11,49.47,5,20,49.09,45.59,63.97,32.69,48.72
2026-05-02,17,4,2026-05-02 12:13:00,5,第55回サンケイスポーツ若葉賞,5,4302,西野 翔太,2,43,52,0,0,0.13,6.87,57.48,69.29,6.6,46.92,66.92,44.53,58.39,29.06,49.57
2026-05-02,17,4,2026-05-02 12:13:00,5,第55回サンケイスポーツ若葉賞,6,5181,森 智哉,3,28,52.2,0,0,0.17,5.12,28.57,50,3.89,22.22,33.33,30.08,46.62,36.03,55.88
2026-05-02,17,5,2026-05-02 12:47:00,5,第55回サンケイスポーツ若葉賞,1,4798,浜先 真範,1,33,52.4,0,0,0.13,6.38,42.31,61.54,7.03,52.78,68.52,28.77,52.74,40.91,55.19
2026-05-02,17,5,2026-05-02 12:47:00,5,第55回サンケイスポーツ若葉賞,2,3930,岸本 隆,3,50,54.7,0,0,0.15,5.46,34.65,54.46,4.53,30.56,38.89,31.16,53.62,35.42,59.72
2026-05-02,17,5,2026-05-02 12:47:00,5,第55回サンケイスポーツ若葉賞,3,4416,三宅 健太,3,39,52.4,0,0,0.17,5.26,28.57,48.21,5.08,29.49,48.72,48.63,67.81,29.92,46.46
2026-05-02,17,5,2026-05-02 12:47:00,5,第55回サンケイスポーツ若葉賞,4,4600,井内 将太郎,2,41,52.3,0,0,0.13,6.8,52.21,76.11,7.06,54.11,72.6,31.97,48.3,32.87,41.96
2026-05-02,17,5,2026-05-02 12:47:00,5,第55回サンケイスポーツ若葉賞,5,3054,北川 幸典,3,63,52.8,0,0,0.16,4.93,30,48.57,5.77,41.33,57.33,40.41,57.53,33.56,48.99
2026-05-02,17,5,2026-05-02 12:47:00,5,第55回サンケイスポーツ若葉賞,6,4423,坂口 貴彦,3,37,53.8,0,0,0.17,4.93,29.59,46.94,4.44,28.89,33.33,34.87,50,38.1,54.76
2026-05-02,17,6,2026-05-02 13:22:00,5,第55回サンケイスポーツ若葉賞,1,4872,山下 流心,3,33,54,0,0,0.16,4.5,25.23,40.19,5.13,34.48,47.13,34.29,52.86,32.89,55.26
2026-05-02,17,6,2026-05-02 13:22:00,5,第55回サンケイスポーツ若葉賞,2,4292,麻生 慎介,1,41,52,0,0,0.14,6.33,42.59,63.89,6.52,47.06,66.39,38.62,57.93,41.03,54.49
2026-05-02,17,6,2026-05-02 13:22:00,5,第55回サンケイスポーツ若葉賞,3,4429,豊田 泰洋,3,40,56.3,0,0,0.17,3.6,11.69,25.97,4.52,24.14,37.93,31.71,55.28,30.33,47.54
2026-05-02,17,6,2026-05-02 13:22:00,5,第55回サンケイスポーツ若葉賞,4,4683,向井田 直弥,4,35,45,0,0,0.14,4.22,31.11,35.56,4.8,30.61,40.82,44.76,60.84,34.18,52.53
2026-05-02,17,6,2026-05-02 13:22:00,5,第55回サンケイスポーツ若葉賞,5,4398,船岡 洋一郎,1,39,52.3,0,0,0.14,6.67,49.25,66.42,6.61,47.41,67.24,35,52.86,31.11,51.11
2026-05-02,17,6,2026-05-02 13:22:00,5,第55回サンケイスポーツ若葉賞,6,5372,上岡 巧汰,4,23,52.2,1,0,0.17,1.91,0,3.13,1.55,0,2.63,45.32,60.43,33.55,53.95
2026-05-02,17,7,2026-05-02 13:59:00,5,第55回サンケイスポーツ若葉賞,1,3737,上平 真二,1,52,52,0,0,0.18,6.91,46.22,68.91,6.58,43.48,63.77,37.06,58.74,38.13,56.25
2026-05-02,17,7,2026-05-02 13:59:00,5,第55回サンケイスポーツ若葉賞,2,3430,角浜 修,3,58,52.2,0,0,0.17,3.98,22.58,29.03,4.66,30.69,43.56,45.14,63.19,31.85,49.63
2026-05-02,17,7,2026-05-02 13:59:00,5,第55回サンケイスポーツ若葉賞,3,5243,三馬 崇史,2,25,53.5,0,0,0.14,4.89,27.66,44.68,5.13,34.92,49.21,29.73,51.35,39.86,57.43
2026-05-02,17,7,2026-05-02 13:59:00,5,第55回サンケイスポーツ若葉賞,4,3212,亀本 勇樹,3,64,57.7,0,0,0.17,4.54,22.99,40.23,4.57,23.08,40,30.34,45.52,41.43,56.43
2026-05-02,17,7,2026-05-02 13:59:00,5,第55回サンケイスポーツ若葉賞,5,5401,谷 海夏人,4,23,52,0,0,0.2,2.67,8.62,18.97,2.08,4,8,32.28,48.03,42.96,56.34
2026-05-02,17,7,2026-05-02 13:59:00,5,第55回サンケイスポーツ若葉賞,6,4374,永田 義紘,3,42,52,0,0,0.16,4.73,26.14,44.32,5.13,26.32,50,36.51,56.35,29.05,45.95
2026-05-02,17,8,2026-05-02 14:35:00,5,第55回サンケイスポーツ若葉賞,1,3411,池上 隆行,3,56,51,0,0,0.18,3.77,11.36,28.41,3.96,18.27,24.04,34.97,48.25,38.66,52.1
2026-05-02,17,8,2026-05-02 14:35:00,5,第55回サンケイスポーツ若葉賞,2,5154,村松 栄太,3,29,52.1,0,0,0.19,4.72,22.02,43.12,4.23,23.33,35,34.56,55.15,39.1,47.37
2026-05-02,17,8,2026-05-02 14:35:00,5,第55回サンケイスポーツ若葉賞,3,4410,井上 大輔,3,40,52,0,0,0.16,5.33,31.53,52.25,5.11,33.33,55.56,44.62,56.15,32.68,49.02
2026-05-02,17,8,2026-05-02 14:35:00,5,第55回サンケイスポーツ若葉賞,4,4205,山口 剛,1,43,53,0,0,0.12,7.69,52,69,8.03,72.73,80.68,40.97,56.94,36.24,54.36
2026-05-02,17,8,2026-05-02 14:35:00,5,第55回サンケイスポーツ若葉賞,5,5222,津田 陸翔,2,25,52.4,0,0,0.16,6.31,47.41,65.52,5.72,36.72,59.32,41.67,61.81,32.33,57.14
2026-05-02,17,8,2026-05-02 14:35:00,5,第55回サンケイスポーツ若葉賞,6,5363,山本 凱立,4,26,51,0,0,0.19,1.31,0,1.69,0.98,0,0,30.77,47.55,41.26,53.15
2026-05-02,17,9,2026-05-02 15:04:00,5,第55回サンケイスポーツ若葉賞,1,4811,向井田 佑紀,3,36,51,0,0,0.16,4.48,23.64,37.27,5.34,33.68,47.37,34.15,47.97,37.18,51.92
2026-05-02,17,9,2026-05-02 15:04:00,5,第55回サンケイスポーツ若葉賞,2,5181,森 智哉,3,28,51.5,0,0,0.17,5.12,28.57,50,3.89,22.22,33.33,30.08,46.62,36.03,55.88
2026-05-02,17,9,2026-05-02 15:04:00,5,第55回サンケイスポーツ若葉賞,3,3920,正木 聖賢,2,51,54.1,0,0,0.15,5.1,32.65,51.02,5.57,37.97,53.16,35.94,48.44,28.57,47.9
2026-05-02,17,9,2026-05-02 15:04:00,5,第55回サンケイスポーツ若葉賞,4,3719,辻 栄蔵,1,51,52,0,0,0.15,6.89,44.95,68.81,7.43,57.89,77.63,39.86,58.74,37.31,53.73
2026-05-02,17,9,2026-05-02 15:04:00,5,第55回サンケイスポーツ若葉賞,5,5431,得山 大輝,4,21,51,0,0,,1.35,0,0,1.41,0,0,42.18,53.06,39.1,56.39
2026-05-02,17,9,2026-05-02 15:04:00,5,第55回サンケイスポーツ若葉賞,6,3797,岩井 繁,3,52,57.8,0,0,0.19,3.78,16.5,29.13,4.4,20.88,38.46,32.19,52.74,30.15,44.85
2026-05-02,17,10,2026-05-02 15:36:00,5,第55回サンケイスポーツ若葉賞,1,4771,下寺 秀和,1,33,52.5,0,0,0.15,7.13,61.9,73.81,6.88,52.34,72.66,42.76,55.86,37.4,59.35
2026-05-02,17,10,2026-05-02 15:36:00,5,第55回サンケイスポーツ若葉賞,2,4600,井内 将太郎,2,41,52.3,0,0,0.13,6.8,52.21,76.11,7.06,54.11,72.6,31.97,48.3,29.01,45.04
2026-05-02,17,10,2026-05-02 15:36:00,5,第55回サンケイスポーツ若葉賞,3,3615,横田 茂,3,53,51,0,0,0.16,4.74,32.61,43.48,4.98,33.33,44.12,40.3,52.99,40.17,52.14
2026-05-02,17,10,2026-05-02 15:36:00,5,第55回サンケイスポーツ若葉賞,4,4564,山本 景士郎,3,38,52,0,0,0.2,4.81,30.39,49.02,5.67,39,59,33.08,46.62,29.63,46.3
2026-05-02,17,10,2026-05-02 15:36:00,5,第55回サンケイスポーツ若葉賞,5,4434,田中 辰彦,1,40,53.3,0,0,0.16,6.14,45.79,59.81,6.13,42.31,61.54,32.35,43.38,29.49,51.28
2026-05-02,17,10,2026-05-02 15:36:00,5,第55回サンケイスポーツ若葉賞,6,4563,齋藤 真之,3,38,52.8,0,0,0.18,4.1,22.73,32.95,4.89,33.33,44.44,36.55,55.86,35.71,53.57
2026-05-02,17,11,2026-05-02 16:05:00,5,第55回サンケイスポーツ若葉賞,1,4398,船岡 洋一郎,1,39,52.3,0,0,0.14,6.67,49.25,66.42,6.61,47.41,67.24,35,52.86,31.11,51.11
2026-05-02,17,11,2026-05-02 16:05:00,5,第55回サンケイスポーツ若葉賞,2,4471,新田 泰章,1,39,52.2,0,0,0.15,6.99,52.21,70.59,6.63,51.89,68.87,34.33,51.49,33.78,45.95
2026-05-02,17,11,2026-05-02 16:05:00,5,第55回サンケイスポーツ若葉賞,3,4163,山崎 裕司,2,44,52.4,0,0,0.17,5.73,41.27,55.56,5.36,36.04,52.25,34.65,44.88,31.69,39.44
2026-05-02,17,11,2026-05-02 16:05:00,5,第55回サンケイスポーツ若葉賞,4,4991,宗行 治哉,2,28,52,0,0,0.18,6.43,46.46,67.68,5.84,35.85,59.43,32.37,53.24,39.55,57.46
2026-05-02,17,11,2026-05-02 16:05:00,5,第55回サンケイスポーツ若葉賞,5,4416,三宅 健太,3,39,52.4,0,0,0.17,5.26,28.57,48.21,5.08,29.49,48.72,48.63,67.81,29.92,46.46
2026-05-02,17,11,2026-05-02 16:05:00,5,第55回サンケイスポーツ若葉賞,6,4886,入海 馨,1,30,53.9,0,0,0.14,6.03,30.7,54.39,6.52,51.72,68.97,33.6,52,46.81,61.7
2026-05-02,17,12,2026-05-02 16:48:00,5,第55回サンケイスポーツ若葉賞,1,4682,大上 卓人,1,35,51.5,0,0,0.14,7,45,60.83,7.06,55.06,71.91,32.37,46.76,31.13,43.71
2026-05-02,17,12,2026-05-02 16:48:00,5,第55回サンケイスポーツ若葉賞,2,4302,西野 翔太,2,43,52,0,0,0.13,6.87,57.48,69.29,6.6,46.92,66.92,44.53,58.39,29.06,49.57
2026-05-02,17,12,2026-05-02 16:48:00,5,第55回サンケイスポーツ若葉賞,3,4798,浜先 真範,1,33,52.4,0,0,0.13,6.38,42.31,61.54,7.03,52.78,68.52,28.77,52.74,40.91,55.19
2026-05-02,17,12,2026-05-02 16:48:00,5,第55回サンケイスポーツ若葉賞,4,3737,上平 真二,1,52,52,0,0,0.18,6.91,46.22,68.91,6.58,43.48,63.77,37.06,58.74,38.13,56.25
2026-05-02,17,12,2026-05-02 16:48:00,5,第55回サンケイスポーツ若葉賞,5,3436,柏野 幸二,2,57,51,0,0,0.12,5.75,35.05,57.73,5.95,36.36,54.55,34.53,54.68,39.24,55.06
2026-05-02,17,12,2026-05-02 16:48:00,5,第55回サンケイスポーツ若葉賞,6,4292,麻生 慎介,1,41,52,0,0,0.14,6.33,42.59,63.89,6.52,47.06,66.39,38.62,57.93,41.03,54.49
2026-05-02,18,1,2026-05-02 08:38:00,5,山口放送開局70周年記念KRY山口放送杯争奪戦,1,5064,品川 二千翔,2,27,52,0,0,0.16,6.27,47.32,62.5,5.68,36.36,59.09,0,0,35.78,57.8
2026-05-02,18,1,2026-05-02 08:38:00,5,山口放送開局70周年記念KRY山口放送杯争奪戦,2,4251,川崎 誠志,3,43,52,0,0,0.2,4.64,24.79,44.44,4.77,27.69,46.15,0,0,34.86,46.79
2026-05-02,18,1,2026-05-02 08:38:00,5,山口放送開局70周年記念KRY山口放送杯争奪戦,3,3458,東 健介,3,59,54,0,0,0.16,4.31,18.57,34.29,5.25,25,50,0,0,41.38,59.48
2026-05-02,18,1,2026-05-02 08:38:00,5,山口放送開局70周年記念KRY山口放送杯争奪戦,4,4368,山口 隆史,3,40,53.5,0,0,0.19,3.72,15.73,26.97,3.55,10.34,31.03,0,0,31.3,46.09
2026-05-02,18,1,2026-05-02 08:38:00,5,山口放送開局70周年記念KRY山口放送杯争奪戦,5,4179,広次 修,3,43,52,0,0,0.16,5.83,36.79,61.32,5.69,37.5,60.94,0,0,45.05,56.76
2026-05-02,18,1,2026-05-02 08:38:00,5,山口放送開局70周年記念KRY山口放送杯争奪戦,6,5423,高橋 嗣穏,4,24,51.5,0,0,,1.09,0,0,0,0,0,14.29,28.57,30.63,47.75
2026-05-02,18,2,2026-05-02 09:04:00,5,山口放送開局70周年記念KRY山口放送杯争奪戦,1,3711,江本 真治,2,51,52.8,0,0,0.15,6.05,40.41,64.38,6.37,46.15,63.46,0,0,33.93,62.5
2026-05-02,18,2,2026-05-02 09:04:00,5,山口放送開局70周年記念KRY山口放送杯争奪戦,2,4200,早川 尚人,3,43,55.1,0,0,0.17,4.36,24.04,35.58,5.15,30.77,46.15,37.5,37.5,27.59,45.69
2026-05-02,18,2,2026-05-02 09:04:00,5,山口放送開局70周年記念KRY山口放送杯争奪戦,3,4138,中井 俊祐,3,45,51.5,0,0,0.17,4.39,23.86,36.36,6,45,60,0,0,39.25,59.81
2026-05-02,18,2,2026-05-02 09:04:00,5,山口放送開局70周年記念KRY山口放送杯争奪戦,4,3976,内田 圭,3,49,52,0,0,0.18,3.88,21.74,30.43,4.52,30.77,41.54,0,0,46.85,66.67
2026-05-02,18,2,2026-05-02 09:04:00,5,山口放送開局70周年記念KRY山口放送杯争奪戦,5,5210,藤井 公人,4,27,56.3,0,0,0.16,5.42,35.92,53.4,5.82,35.29,70.59,0,16.67,30.51,46.61
2026-05-02,18,2,2026-05-02 09:04:00,5,山口放送開局70周年記念KRY山口放送杯争奪戦,6,4485,楠原 正剛,2,40,54,0,0,0.14,5.3,33.04,53.57,0,0,0,42.86,57.14,33.33,50
2026-05-02,18,3,2026-05-02 09:30:00,5,山口放送開局70周年記念KRY山口放送杯争奪戦,1,3951,石川 吉鎬,2,49,55.5,0,0,0.18,5.22,28.85,50.96,5.4,30,50,0,0,35.71,52.68
2026-05-02,18,3,2026-05-02 09:30:00,5,山口放送開局70周年記念KRY山口放送杯争奪戦,2,5172,田村 慶,3,25,52.5,0,0,0.2,4.99,28.75,45,2.88,5.88,23.53,0,0,35.04,47.01
2026-05-02,18,3,2026-05-02 09:30:00,5,山口放送開局70周年記念KRY山口放送杯争奪戦,3,5083,柳瀬 幹太,3,27,52.2,0,0,0.15,4.58,26.92,43.59,4.63,26.32,40.35,55.56,66.67,33.63,54.87
2026-05-02,18,3,2026-05-02 09:30:00,5,山口放送開局70周年記念KRY山口放送杯争奪戦,4,3581,加木 郁,3,53,52,0,0,0.19,4.37,18.63,36.27,4.71,25.26,41.05,62.5,62.5,37.72,50
2026-05-02,18,3,2026-05-02 09:30:00,5,山口放送開局70周年記念KRY山口放送杯争奪戦,5,4007,榮田 将彦,3,47,51,0,0,0.12,4.43,23.08,44.62,4.98,30.91,47.27,25,50,28.21,41.88
2026-05-02,18,3,2026-05-02 09:30:00,5,山口放送開局70周年記念KRY山口放送杯争奪戦,6,4817,渡邉 翼,2,35,50.5,0,0,0.13,6.46,48.48,68.69,5.49,35.85,52.83,40,70,32.17,54.78
2026-05-02,18,4,2026-05-02 09:56:00,5,山口放送開局70周年記念KRY山口放送杯争奪戦,1,4985,井本 昌也,1,29,51.5,0,0,0.14,6.64,44.19,62.02,6.52,51.95,62.34,40,70,36.97,54.62
2026-05-02,18,4,2026-05-02 09:56:00,5,山口放送開局70周年記念KRY山口放送杯争奪戦,2,5238,笹木 香吾,2,26,53.2,0,0,0.14,5.72,43,58,5.36,38.02,49.59,0,0,36.04,54.95
2026-05-02,18,4,2026-05-02 09:56:00,5,山口放送開局70周年記念KRY山口放送杯争奪戦,3,3587,武田 信一,3,53,58,0,0,0.17,3.99,16,30,4.17,16.67,29.17,0,0,31.58,51.75
2026-05-02,18,4,2026-05-02 09:56:00,5,山口放送開局70周年記念KRY山口放送杯争奪戦,4,4890,石川 諒,3,37,52,0,0,0.13,5.92,38.46,64.84,5.31,38.1,52.38,33.33,55.56,42.34,63.96
2026-05-02,18,4,2026-05-02 09:56:00,5,山口放送開局70周年記念KRY山口放送杯争奪戦,5,5000,岡本 翔太郎,3,31,52,0,0,0.13,4.48,24.1,38.55,5.03,31.51,49.32,0,0,33.04,54.46
2026-05-02,18,4,2026-05-02 09:56:00,5,山口放送開局70周年記念KRY山口放送杯争奪戦,6,5109,川崎 智稔,3,26,52,0,0,0.14,5.01,28.97,45.79,4.88,33.33,36.36,25,37.5,36.13,54.62
2026-05-02,18,5,2026-05-02 10:29:00,5,山口放送開局70周年記念KRY山口放送杯争奪戦,1,4319,三宅 潤,2,41,54.4,0,0,0.17,5.73,40.54,57.66,5.21,27.59,51.72,22.22,66.67,37.5,58.93
2026-05-02,18,5,2026-05-02 10:29:00,5,山口放送開局70周年記念KRY山口放送杯争奪戦,2,4368,山口 隆史,3,40,53.5,0,0,0.19,3.72,15.73,26.97,3.55,10.34,31.03,0,0,31.3,46.09
2026-05-02,18,5,2026-05-02 10:29:00,5,山口放送開局70周年記念KRY山口放送杯争奪戦,3,4710,福田 宗平,1,36,52,0,0,0.14,5.71,38.71,58.87,6,43.33,63.33,14.29,57.14,36.28,52.21
2026-05-02,18,5,2026-05-02 10:29:00,5,山口放送開局70周年記念KRY山口放送杯争奪戦,4,4406,幸野 史明,3,40,52,0,0,0.16,4.02,22.77,36.63,2.67,7.41,18.52,0,0,32.14,46.43
2026-05-02,18,5,2026-05-02 10:29:00,5,山口放送開局70周年記念KRY山口放送杯争奪戦,5,4226,村田 浩司,3,43,54.2,0,0,0.17,4.53,26.73,40.59,4.88,33.33,43.14,25,62.5,31.3,42.61
2026-05-02,18,5,2026-05-02 10:29:00,5,山口放送開局70周年記念KRY山口放送杯争奪戦,6,5403,藤山 湧太,4,22,52,0,0,0.19,1.99,0,4.35,0,0,0,0,0,38.14,51.69
2026-05-02,18,6,2026-05-02 10:59:00,5,山口放送開局70周年記念KRY山口放送杯争奪戦,1,4475,末永 祐輝,2,38,52.3,0,0,0.15,6.44,45,71.67,6.7,54.1,75.41,77.78,88.89,38.74,54.05
2026-05-02,18,6,2026-05-02 10:59:00,5,山口放送開局70周年記念KRY山口放送杯争奪戦,2,5210,藤井 公人,4,27,56.3,0,0,0.16,5.42,35.92,53.4,5.82,35.29,70.59,0,16.67,30.51,46.61
2026-05-02,18,6,2026-05-02 10:59:00,5,山口放送開局70周年記念KRY山口放送杯争奪戦,3,3661,柳瀬 興志,3,56,58.9,0,0,0.16,5.63,32.2,57.63,5.57,32.58,56.18,0,0,33.33,42.98
2026-05-02,18,6,2026-05-02 10:59:00,5,山口放送開局70周年記念KRY山口放送杯争奪戦,4,4562,阪本 勇介,3,38,53.9,0,0,0.18,4.3,13.33,34.29,5.36,21.43,57.14,0,0,38.33,53.33
2026-05-02,18,6,2026-05-02 10:59:00,5,山口放送開局70周年記念KRY山口放送杯争奪戦,5,3976,内田 圭,3,49,52,0,0,0.18,3.88,21.74,30.43,4.52,30.77,41.54,0,0,46.85,66.67
2026-05-02,18,6,2026-05-02 10:59:00,5,山口放送開局70周年記念KRY山口放送杯争奪戦,6,3684,清水 攻二,2,52,52,0,0,0.17,5.66,42.71,57.29,6.09,44.55,64.36,0,20,33.05,44.92
2026-05-02,18,7,2026-05-02 11:29:00,5,山口放送開局70周年記念KRY山口放送杯争奪戦,1,3804,中渡 修作,3,52,53.2,0,0,0.17,4.95,29.91,48.6,4.41,27.27,40.91,0,0,46.49,61.4
2026-05-02,18,7,2026-05-02 11:29:00,5,山口放送開局70周年記念KRY山口放送杯争奪戦,2,3875,廣中 良一,3,49,52,0,0,0.17,4.13,24.51,34.31,4.7,30,42.5,42.86,57.14,32.73,50
2026-05-02,18,7,2026-05-02 11:29:00,5,山口放送開局70周年記念KRY山口放送杯争奪戦,3,3581,加木 郁,3,53,52,0,0,0.19,4.37,18.63,36.27,4.71,25.26,41.05,62.5,62.5,37.72,50
2026-05-02,18,7,2026-05-02 11:29:00,5,山口放送開局70周年記念KRY山口放送杯争奪戦,4,4138,中井 俊祐,3,45,51.5,0,0,0.17,4.39,23.86,36.36,6,45,60,0,0,39.25,59.81
2026-05-02,18,7,2026-05-02 11:29:00,5,山口放送開局70周年記念KRY山口放送杯争奪戦,5,5423,高橋 嗣穏,4,24,51.5,0,0,,1.09,0,0,0,0,0,14.29,28.57,30.63,47.75
2026-05-02,18,7,2026-05-02 11:29:00,5,山口放送開局70周年記念KRY山口放送杯争奪戦,6,4251,川崎 誠志,3,43,52,0,0,0.2,4.64,24.79,44.44,4.77,27.69,46.15,0,0,34.86,46.79
2026-05-02,18,8,2026-05-02 11:59:00,5,山口放送開局70周年記念KRY山口放送杯争奪戦,1,4485,楠原 正剛,2,40,54,0,0,0.14,5.3,33.04,53.57,0,0,0,42.86,57.14,33.33,50
2026-05-02,18,8,2026-05-02 11:59:00,5,山口放送開局70周年記念KRY山口放送杯争奪戦,2,4007,榮田 将彦,3,47,51,0,0,0.12,4.43,23.08,44.62,4.98,30.91,47.27,25,50,28.21,41.88
2026-05-02,18,8,2026-05-02 11:59:00,5,山口放送開局70周年記念KRY山口放送杯争奪戦,3,3951,石川 吉鎬,2,49,55.5,0,0,0.18,5.22,28.85,50.96,5.4,30,50,0,0,35.71,52.68
2026-05-02,18,8,2026-05-02 11:59:00,5,山口放送開局70周年記念KRY山口放送杯争奪戦,4,4200,早川 尚人,3,43,55.1,0,0,0.17,4.36,24.04,35.58,5.15,30.77,46.15,37.5,37.5,27.59,45.69
2026-05-02,18,8,2026-05-02 11:59:00,5,山口放送開局70周年記念KRY山口放送杯争奪戦,5,3587,武田 信一,3,53,58,0,0,0.17,3.99,16,30,4.17,16.67,29.17,0,0,31.58,51.75
2026-05-02,18,8,2026-05-02 11:59:00,5,山口放送開局70周年記念KRY山口放送杯争奪戦,6,4890,石川 諒,3,37,52,0,0,0.13,5.92,38.46,64.84,5.31,38.1,52.38,33.33,55.56,42.34,63.96
2026-05-02,18,9,2026-05-02 12:29:00,5,山口放送開局70周年記念KRY山口放送杯争奪戦,1,4226,村田 浩司,3,43,54.2,0,0,0.17,4.53,26.73,40.59,4.88,33.33,43.14,25,62.5,31.3,42.61
2026-05-02,18,9,2026-05-02 12:29:00,5,山口放送開局70周年記念KRY山口放送杯争奪戦,2,4179,広次 修,3,43,52,0,0,0.16,5.83,36.79,61.32,5.69,37.5,60.94,0,0,45.05,56.76
2026-05-02,18,9,2026-05-02 12:29:00,5,山口放送開局70周年記念KRY山口放送杯争奪戦,3,5041,荒牧 凪沙,3,27,51.5,0,0,0.16,4.78,29.41,41.18,4.06,16.67,38.89,44.44,55.56,38.79,53.45
2026-05-02,18,9,2026-05-02 12:29:00,5,山口放送開局70周年記念KRY山口放送杯争奪戦,4,4319,三宅 潤,2,41,54.4,0,0,0.17,5.73,40.54,57.66,5.21,27.59,51.72,22.22,66.67,37.5,58.93
2026-05-02,18,9,2026-05-02 12:29:00,5,山口放送開局70周年記念KRY山口放送杯争奪戦,5,3866,木山 誠一,3,51,53.6,0,0,0.13,5.16,31.63,51.02,3.87,20,33.33,25,50,31.19,46.79
2026-05-02,18,9,2026-05-02 12:29:00,5,山口放送開局70周年記念KRY山口放送杯争奪戦,6,5238,笹木 香吾,2,26,53.2,0,0,0.14,5.72,43,58,5.36,38.02,49.59,0,0,26.79,44.64
2026-05-02,18,10,2026-05-02 13:01:00,5,山口放送開局70周年記念KRY山口放送杯争奪戦,1,5109,川崎 智稔,3,26,52,0,0,0.14,5.01,28.97,45.79,4.88,33.33,36.36,25,37.5,25.89,40.18
2026-05-02,18,10,2026-05-02 13:01:00,5,山口放送開局70周年記念KRY山口放送杯争奪戦,2,5083,柳瀬 幹太,3,27,52.2,0,0,0.15,4.58,26.92,43.59,4.63,26.32,40.35,55.56,66.67,33.63,54.87
2026-05-02,18,10,2026-05-02 13:01:00,5,山口放送開局70周年記念KRY山口放送杯争奪戦,3,3684,清水 攻二,2,52,52,0,0,0.17,5.66,42.71,57.29,6.09,44.55,64.36,0,20,33.05,44.92
2026-05-02,18,10,2026-05-02 13:01:00,5,山口放送開局70周年記念KRY山口放送杯争奪戦,4,4710,福田 宗平,1,36,52,0,0,0.14,5.71,38.71,58.87,6,43.33,63.33,14.29,57.14,36.28,52.21
2026-05-02,18,10,2026-05-02 13:01:00,5,山口放送開局70周年記念KRY山口放送杯争奪戦,5,4475,末永 祐輝,2,38,52.3,0,0,0.15,6.44,45,71.67,6.7,54.1,75.41,77.78,88.89,38.74,54.05
2026-05-02,18,10,2026-05-02 13:01:00,5,山口放送開局70周年記念KRY山口放送杯争奪戦,6,3804,中渡 修作,3,52,53.2,0,0,0.17,4.95,29.91,48.6,4.41,27.27,40.91,0,0,46.49,61.4
2026-05-02,18,11,2026-05-02 13:36:00,5,山口放送開局70周年記念KRY山口放送杯争奪戦,1,4817,渡邉 翼,2,35,50.5,0,0,0.13,6.46,48.48,68.69,5.49,35.85,52.83,40,70,32.17,54.78
2026-05-02,18,11,2026-05-02 13:36:00,5,山口放送開局70周年記念KRY山口放送杯争奪戦,2,5000,岡本 翔太郎,3,31,52,0,0,0.13,4.48,24.1,38.55,5.03,31.51,49.32,0,0,25.64,43.59
2026-05-02,18,11,2026-05-02 13:36:00,5,山口放送開局70周年記念KRY山口放送杯争奪戦,3,4406,幸野 史明,3,40,52,0,0,0.16,4.02,22.77,36.63,2.67,7.41,18.52,0,0,32.14,46.43
2026-05-02,18,11,2026-05-02 13:36:00,5,山口放送開局70周年記念KRY山口放送杯争奪戦,4,3711,江本 真治,2,51,52.8,0,0,0.15,6.05,40.41,64.38,6.37,46.15,63.46,0,0,33.93,62.5
2026-05-02,18,11,2026-05-02 13:36:00,5,山口放送開局70周年記念KRY山口放送杯争奪戦,5,4985,井本 昌也,1,29,51.5,0,0,0.14,6.64,44.19,62.02,6.52,51.95,62.34,40,70,36.97,54.62
2026-05-02,18,11,2026-05-02 13:36:00,5,山口放送開局70周年記念KRY山口放送杯争奪戦,6,5064,品川 二千翔,2,27,52,0,0,0.16,6.27,47.32,62.5,5.68,36.36,59.09,0,0,35.78,57.8
2026-05-02,18,12,2026-05-02 14:13:00,5,山口放送開局70周年記念KRY山口放送杯争奪戦,1,4324,海野 康志郎,1,38,56.4,0,0,0.14,7.29,54.68,66.91,6.44,44.44,55.56,0,0,35.96,47.37
2026-05-02,18,12,2026-05-02 14:13:00,5,山口放送開局70周年記念KRY山口放送杯争奪戦,2,4601,森野 正弘,2,41,52.2,0,0,0.14,6.59,50.78,64.84,7.13,57.47,74.71,66.67,66.67,32.73,48.18
2026-05-02,18,12,2026-05-02 14:13:00,5,山口放送開局70周年記念KRY山口放送杯争奪戦,3,4108,吉村 正明,3,46,51.5,0,0,0.15,6.31,48.08,63.46,5.7,36.07,52.46,28.57,42.86,37.84,48.65
2026-05-02,18,12,2026-05-02 14:13:00,5,山口放送開局70周年記念KRY山口放送杯争奪戦,4,4069,山本 修一,1,45,53.4,0,0,0.18,6.16,43.41,65.89,7.26,56.41,82.05,0,28.57,26.36,38.18
2026-05-02,18,12,2026-05-02 14:13:00,5,山口放送開局70周年記念KRY山口放送杯争奪戦,5,4015,前野 竜一,2,46,57.7,0,0,0.16,6.03,39.02,61.79,6.85,47.92,69.79,0,25,32.76,51.72
2026-05-02,18,12,2026-05-02 14:13:00,5,山口放送開局70周年記念KRY山口放送杯争奪戦,6,4237,大峯 豊,1,42,51.5,0,0,0.18,7.38,53.28,68.03,7.67,60.82,76.29,0,28.57,32.74,48.67
2026-05-02,19,1,2026-05-02 15:20:00,5,にっぽん未来プロジェクト競走in下関 GW特選,1,5123,福山 恵里奈,3,30,48.1,0,0,0.16,4.23,23.64,36.36,3.88,15.07,34.25,0,0,0,0
2026-05-02,19,1,2026-05-02 15:20:00,5,にっぽん未来プロジェクト競走in下関 GW特選,2,3224,栗山 繁洋,3,60,52,0,0,0.19,3.8,14.46,32.53,4.67,30.3,39.39,0,0,0,0
2026-05-02,19,1,2026-05-02 15:20:00,5,にっぽん未来プロジェクト競走in下関 GW特選,3,4009,小林 一樹,2,47,55.5,0,0,0.13,5.53,30.93,53.61,6.04,42.34,61.31,0,0,0,0
2026-05-02,19,1,2026-05-02 15:20:00,5,にっぽん未来プロジェクト競走in下関 GW特選,4,4846,佐藤 駿介,3,32,52,0,0,0.17,3.94,18.75,35.42,4.28,29.33,42.67,0,0,0,0
2026-05-02,19,1,2026-05-02 15:20:00,5,にっぽん未来プロジェクト競走in下関 GW特選,5,5027,重冨 勇哉,3,29,55,0,0,0.17,4.93,31.58,46.49,5.12,33.85,49.23,0,0,0,0
2026-05-02,19,1,2026-05-02 15:20:00,5,にっぽん未来プロジェクト競走in下関 GW特選,6,4041,小林 基樹,4,46,53.7,0,0,0.22,4.17,16.88,33.77,4.59,25.86,44.83,0,0,0,0
2026-05-02,19,2,2026-05-02 15:46:00,5,にっぽん未来プロジェクト競走in下関 GW特選,1,5067,山田 真聖,3,27,58.5,0,0,0.14,5.04,28.57,48.35,4.44,23.86,40.91,0,0,0,0
2026-05-02,19,2,2026-05-02 15:46:00,5,にっぽん未来プロジェクト競走in下関 GW特選,2,3878,胡本 悟志,3,48,51.5,0,0,0.18,4.44,24.39,36.59,4.13,18.31,33.8,0,0,0,0
2026-05-02,19,2,2026-05-02 15:46:00,5,にっぽん未来プロジェクト競走in下関 GW特選,3,5124,上瀧 絢也,4,30,52.4,0,0,0.18,4.12,15.58,35.06,0,0,0,0,0,0,0
2026-05-02,19,2,2026-05-02 15:46:00,5,にっぽん未来プロジェクト競走in下関 GW特選,4,4871,菊池 宏志,3,33,52,0,0,0.17,4.51,25.58,41.86,4.64,19.78,40.66,0,0,0,0
2026-05-02,19,2,2026-05-02 15:46:00,5,にっぽん未来プロジェクト競走in下関 GW特選,5,4425,大井 清貴,3,40,52.5,0,0,0.16,4.44,16.67,44.05,4.31,22.67,41.33,0,0,0,0
2026-05-02,19,2,2026-05-02 15:46:00,5,にっぽん未来プロジェクト競走in下関 GW特選,6,5391,出穂 和鼓,4,18,54.2,0,0,0.16,1.82,0,1.82,1.72,0,2,0,0,0,0
2026-05-02,19,3,2026-05-02 16:11:00,5,にっぽん未来プロジェクト競走in下関 GW特選,1,5336,瀬川 大地,3,20,54.7,0,0,0.19,3.03,9.89,19.78,2.07,6.52,9.78,0,0,0,0
2026-05-02,19,3,2026-05-02 16:11:00,5,にっぽん未来プロジェクト競走in下関 GW特選,2,3961,谷村 一哉,2,47,53.4,0,0,0.16,6.38,43.33,67.78,7.01,56.25,72.92,0,0,0,0
2026-05-02,19,3,2026-05-02 16:11:00,5,にっぽん未来プロジェクト競走in下関 GW特選,3,4822,百武 翔,2,33,52,0,0,0.17,5.66,38.66,58.82,5.61,41.67,52.78,0,0,0,0
2026-05-02,19,3,2026-05-02 16:11:00,5,にっぽん未来プロジェクト競走in下関 GW特選,4,4263,武重 雄介,2,41,53.2,0,0,0.16,4.67,31.76,42.35,5.74,39.33,56.18,0,0,0,0
2026-05-02,19,3,2026-05-02 16:11:00,5,にっぽん未来プロジェクト競走in下関 GW特選,5,4567,上村 慎太郎,3,38,51,0,0,0.22,4.04,16.46,35.44,4.08,19.67,40.98,0,0,0,0
2026-05-02,19,3,2026-05-02 16:11:00,5,にっぽん未来プロジェクト競走in下関 GW特選,6,4323,山田 佑樹,3,39,55.1,0,0,0.16,4.97,32.97,46.15,6.3,39.13,73.91,0,0,0,0
2026-05-02,19,4,2026-05-02 16:37:00,5,にっぽん未来プロジェクト競走in下関 GW特選,1,4264,長尾 章平,1,41,52.3,0,0,0.15,6.9,53.9,72.34,6.99,52.27,72.73,0,0,0,0
2026-05-02,19,4,2026-05-02 16:37:00,5,にっぽん未来プロジェクト競走in下関 GW特選,2,5106,山崎 祥,3,27,51.5,0,0,0.19,5.49,30.95,51.19,5.25,34.67,49.33,0,0,0,0
2026-05-02,19,4,2026-05-02 16:37:00,5,にっぽん未来プロジェクト競走in下関 GW特選,3,4950,高岡 竜也,2,32,52.2,0,0,0.17,6.67,49.58,66.39,5.65,38.3,55.32,0,0,0,0
2026-05-02,19,4,2026-05-02 16:37:00,5,にっぽん未来プロジェクト競走in下関 GW特選,4,5375,庄島 潤成,4,22,53.7,0,0,0.22,2.56,4.94,13.58,1.55,0,4.76,0,0,0,0
2026-05-02,19,4,2026-05-02 16:37:00,5,にっぽん未来プロジェクト競走in下関 GW特選,5,4521,小池 公生,1,39,52,0,0,0.17,4.67,26.09,40.87,4.2,10,30,0,0,0,0
2026-05-02,19,4,2026-05-02 16:37:00,5,にっぽん未来プロジェクト競走in下関 GW特選,6,5397,寺田 夢生,4,24,46.5,0,0,0.2,1.37,0,2.82,1.33,0,3.7,0,0,0,0
2026-05-02,19,5,2026-05-02 17:08:00,5,にっぽん未来プロジェクト競走in下関 GW特選,1,4064,原田 篤志,1,46,52,0,0,0.16,6.53,43.22,67.8,6.6,49.28,63.04,0,0,0,0
2026-05-02,19,5,2026-05-02 17:08:00,5,にっぽん未来プロジェクト競走in下関 GW特選,2,4336,松田 竜馬,3,42,53.4,0,0,0.15,4.98,32.65,42.86,7.14,57.14,71.43,0,0,0,0
2026-05-02,19,5,2026-05-02 17:08:00,5,にっぽん未来プロジェクト競走in下関 GW特選,3,3574,大神 康司,2,53,52.2,0,0,0.15,6.22,49.14,64.66,5.73,39.19,56.76,0,0,0,0
2026-05-02,19,5,2026-05-02 17:08:00,5,にっぽん未来プロジェクト競走in下関 GW特選,4,4724,吉田 祐貴,4,40,54.5,0,0,0.2,3.22,8.33,20.83,3.95,23.81,33.33,0,0,0,0
2026-05-02,19,5,2026-05-02 17:08:00,5,にっぽん未来プロジェクト競走in下関 GW特選,5,5058,前原 大道,1,29,52.8,0,0,0.14,7.32,55.75,76.11,6.84,45.45,63.64,0,0,0,0
2026-05-02,19,5,2026-05-02 17:08:00,5,にっぽん未来プロジェクト競走in下関 GW特選,6,5387,戸田 海咲音,4,20,53.9,0,0,0.19,1.62,1.37,1.37,1.42,0,0,0,0,0,0
2026-05-02,19,6,2026-05-02 17:37:00,5,にっぽん未来プロジェクト競走in下関 GW特選,1,4980,佐々木 完太,1,29,52,0,0,0.15,7.15,53.23,66.13,7.15,54.02,67.82,0,0,0,0
2026-05-02,19,6,2026-05-02 17:37:00,5,にっぽん未来プロジェクト競走in下関 GW特選,2,3473,石川 真二,1,56,52.5,0,0,0.13,6.33,49.19,65.32,6.27,53.33,60,0,0,0,0
2026-05-02,19,6,2026-05-02 17:37:00,5,にっぽん未来プロジェクト競走in下関 GW特選,3,4014,片岡 恵里,2,46,47,0,0,0.18,5.63,40.4,53.54,5.13,31.17,48.05,0,0,0,0
2026-05-02,19,6,2026-05-02 17:37:00,5,にっぽん未来プロジェクト競走in下関 GW特選,4,3224,栗山 繁洋,3,60,52,0,0,0.19,3.8,14.46,32.53,4.67,30.3,39.39,0,0,0,0
2026-05-02,19,6,2026-05-02 17:37:00,5,にっぽん未来プロジェクト競走in下関 GW特選,5,5391,出穂 和鼓,4,18,54.2,0,0,0.16,1.82,0,1.82,1.72,0,2,0,0,0,0
2026-05-02,19,6,2026-05-02 17:37:00,5,にっぽん未来プロジェクト競走in下関 GW特選,6,4271,川崎 公靖,3,44,52.2,0,0,0.16,4.39,24.04,39.42,4.64,20,48,0,0,0,0
2026-05-02,19,7,2026-05-02 18:04:00,5,にっぽん未来プロジェクト競走in下関 GW特選,1,5231,寺田 空詩,2,22,44.5,0,0,0.15,4.34,26.76,36.62,5.47,36.36,55.56,0,0,0,0
2026-05-02,19,7,2026-05-02 18:04:00,5,にっぽん未来プロジェクト競走in下関 GW特選,2,3901,松田 憲幸,3,48,52.4,0,0,0.2,4.02,20.93,37.21,4.79,28.7,47.83,0,0,0,0
2026-05-02,19,7,2026-05-02 18:04:00,5,にっぽん未来プロジェクト競走in下関 GW特選,3,4361,柳生 泰二,1,41,52,0,0,0.15,7.02,48.48,66.67,8.04,64.71,85.71,0,0,0,0
2026-05-02,19,7,2026-05-02 18:04:00,5,にっぽん未来プロジェクト競走in下関 GW特選,4,5027,重冨 勇哉,3,29,55,0,0,0.17,4.93,31.58,46.49,5.12,33.85,49.23,0,0,0,0
2026-05-02,19,7,2026-05-02 18:04:00,5,にっぽん未来プロジェクト競走in下関 GW特選,5,5026,安河内 健,1,30,56.5,0,0,0.15,6.24,48.18,60.91,7.93,66.67,86.67,0,0,0,0
2026-05-02,19,7,2026-05-02 18:04:00,5,にっぽん未来プロジェクト競走in下関 GW特選,6,4158,木場 雄二郎,3,44,54.9,0,0,0.17,5.06,31.4,50,5.23,36,50.67,0,0,0,0
2026-05-02,19,8,2026-05-02 18:32:00,5,にっぽん未来プロジェクト競走in下関 GW特選,1,5145,島川 海輝,2,23,52.4,0,0,0.15,5.82,41.46,53.66,5.84,42.97,56.25,0,0,0,0
2026-05-02,19,8,2026-05-02 18:32:00,5,にっぽん未来プロジェクト競走in下関 GW特選,2,4041,小林 基樹,4,46,53.7,0,0,0.22,4.17,16.88,33.77,4.59,25.86,44.83,0,0,0,0
2026-05-02,19,8,2026-05-02 18:32:00,5,にっぽん未来プロジェクト競走in下関 GW特選,3,4703,森永 隆,2,38,52,0,0,0.14,6.34,49.11,63.39,6.36,48,66.67,0,0,0,0
2026-05-02,19,8,2026-05-02 18:32:00,5,にっぽん未来プロジェクト競走in下関 GW特選,4,4323,山田 佑樹,3,39,55.1,0,0,0.16,4.97,32.97,46.15,6.3,39.13,73.91,0,0,0,0
2026-05-02,19,8,2026-05-02 18:32:00,5,にっぽん未来プロジェクト競走in下関 GW特選,5,5375,庄島 潤成,4,22,53.7,0,0,0.22,2.56,4.94,13.58,1.55,0,4.76,0,0,0,0
2026-05-02,19,8,2026-05-02 18:32:00,5,にっぽん未来プロジェクト競走in下関 GW特選,6,5406,小畑 楓夏,4,21,50.6,0,0,0.24,1.38,0,2.33,1.57,0,4.35,0,0,0,0
2026-05-02,19,9,2026-05-02 19:02:00,5,にっぽん未来プロジェクト競走in下関 GW特選,1,4009,小林 一樹,2,47,55.7,0,0,0.13,5.53,30.93,53.61,6.04,42.34,61.31,0,0,0,0
2026-05-02,19,9,2026-05-02 19:02:00,5,にっぽん未来プロジェクト競走in下関 GW特選,2,4950,高岡 竜也,2,32,51.5,0,0,0.17,6.67,49.58,66.39,5.65,38.3,55.32,0,0,0,0
2026-05-02,19,9,2026-05-02 19:02:00,5,にっぽん未来プロジェクト競走in下関 GW特選,3,4396,大田 直弥,2,39,53.5,0,0,0.19,4.94,28.18,46.36,5.63,37.97,56.96,0,0,0,0
2026-05-02,19,9,2026-05-02 19:02:00,5,にっぽん未来プロジェクト競走in下関 GW特選,4,3471,赤峰 和也,3,56,52.9,0,0,0.17,3.9,17.72,29.11,4,22.22,44.44,0,0,0,0
2026-05-02,19,9,2026-05-02 19:02:00,5,にっぽん未来プロジェクト競走in下関 GW特選,5,5387,戸田 海咲音,4,20,53.9,0,0,0.19,1.62,1.37,1.37,1.42,0,0,0,0,0,0
2026-05-02,19,9,2026-05-02 19:02:00,5,にっぽん未来プロジェクト競走in下関 GW特選,6,4017,向井 美鈴,2,46,45,0,0,0.17,5.41,33.04,51.3,5.29,32,46.67,0,0,0,0
2026-05-02,19,10,2026-05-02 19:32:00,5,にっぽん未来プロジェクト競走in下関 GW特選,1,4521,小池 公生,1,39,52,0,0,0.17,4.67,26.09,40.87,4.2,10,30,0,0,0,0
2026-05-02,19,10,2026-05-02 19:32:00,5,にっぽん未来プロジェクト競走in下関 GW特選,2,4822,百武 翔,2,33,52,0,0,0.17,5.66,38.66,58.82,5.61,41.67,52.78,0,0,0,0
2026-05-02,19,10,2026-05-02 19:32:00,5,にっぽん未来プロジェクト競走in下関 GW特選,3,4846,佐藤 駿介,3,32,52,0,0,0.17,3.94,18.75,35.42,4.28,29.33,42.67,0,0,0,0
2026-05-02,19,10,2026-05-02 19:32:00,5,にっぽん未来プロジェクト競走in下関 GW特選,4,4064,原田 篤志,1,46,52,0,0,0.16,6.53,43.22,67.8,6.6,49.28,63.04,0,0,0,0
2026-05-02,19,10,2026-05-02 19:32:00,5,にっぽん未来プロジェクト競走in下関 GW特選,5,4980,佐々木 完太,1,29,52,0,0,0.15,7.15,53.23,66.13,7.15,54.02,67.82,0,0,0,0
2026-05-02,19,10,2026-05-02 19:32:00,5,にっぽん未来プロジェクト競走in下関 GW特選,6,5124,上瀧 絢也,4,30,52.4,0,0,0.18,4.12,15.58,35.06,0,0,0,0,0,0,0
2026-05-02,19,11,2026-05-02 20:04:00,5,にっぽん未来プロジェクト競走in下関 GW特選,1,3473,石川 真二,1,56,52.5,0,0,0.13,6.33,49.19,65.32,6.27,53.33,60,0,0,0,0
2026-05-02,19,11,2026-05-02 20:04:00,5,にっぽん未来プロジェクト競走in下関 GW特選,2,4425,大井 清貴,3,40,52.5,0,0,0.16,4.44,16.67,44.05,4.31,22.67,41.33,0,0,0,0
2026-05-02,19,11,2026-05-02 20:04:00,5,にっぽん未来プロジェクト競走in下関 GW特選,3,4724,吉田 祐貴,4,40,54.5,0,0,0.2,3.22,8.33,20.83,3.95,23.81,33.33,0,0,0,0
2026-05-02,19,11,2026-05-02 20:04:00,5,にっぽん未来プロジェクト競走in下関 GW特選,4,4264,長尾 章平,1,41,52.3,0,0,0.15,6.9,53.9,72.34,6.99,52.27,72.73,0,0,0,0
2026-05-02,19,11,2026-05-02 20:04:00,5,にっぽん未来プロジェクト競走in下関 GW特選,5,4361,柳生 泰二,1,41,52,0,0,0.15,7.02,48.48,66.67,8.04,64.71,85.71,0,0,0,0
2026-05-02,19,11,2026-05-02 20:04:00,5,にっぽん未来プロジェクト競走in下関 GW特選,6,4263,武重 雄介,2,41,53.2,0,0,0.16,4.67,31.76,42.35,5.74,39.33,56.18,0,0,0,0
2026-05-02,19,12,2026-05-02 20:35:00,5,にっぽん未来プロジェクト競走in下関 GW特選,1,5026,安河内 健,1,30,56.5,0,0,0.15,6.24,48.18,60.91,7.93,66.67,86.67,0,0,0,0
2026-05-02,19,12,2026-05-02 20:35:00,5,にっぽん未来プロジェクト競走in下関 GW特選,2,5058,前原 大道,1,29,52.8,0,0,0.14,7.32,55.75,76.11,6.84,45.45,63.64,0,0,0,0
2026-05-02,19,12,2026-05-02 20:35:00,5,にっぽん未来プロジェクト競走in下関 GW特選,3,4871,菊池 宏志,3,33,52,0,0,0.17,4.51,25.58,41.86,4.64,19.78,40.66,0,0,0,0
2026-05-02,19,12,2026-05-02 20:35:00,5,にっぽん未来プロジェクト競走in下関 GW特選,4,5106,山崎 祥,3,27,51.5,0,0,0.19,5.49,30.95,51.19,5.25,34.67,49.33,0,0,0,0
2026-05-02,19,12,2026-05-02 20:35:00,5,にっぽん未来プロジェクト競走in下関 GW特選,5,5145,島川 海輝,2,23,52.4,0,0,0.15,5.82,41.46,53.66,5.84,42.97,56.25,0,0,0,0
2026-05-02,19,12,2026-05-02 20:35:00,5,にっぽん未来プロジェクト競走in下関 GW特選,6,3961,谷村 一哉,2,47,53.4,0,0,0.16,6.38,43.33,67.78,7.01,56.25,72.92,0,0,0,0
2026-05-02,20,1,2026-05-02 15:22:00,5,スポーツニッポン杯GW特選競走,1,4729,佐藤 謙史朗,4,37,54.7,0,0,0.2,4.09,16.18,33.82,4.94,28.57,42.86,31.76,55.29,34.16,48.02
2026-05-02,20,1,2026-05-02 15:22:00,5,スポーツニッポン杯GW特選競走,2,4697,國弘 翔平,3,39,48.5,0,0,0.18,4.3,24.05,35.44,4.47,24.44,42.22,28.41,38.64,39.47,53.68
2026-05-02,20,1,2026-05-02 15:22:00,5,スポーツニッポン杯GW特選競走,3,5102,原田 雄次,3,28,52.1,0,0,0.18,3.87,22.39,32.84,4.74,21.74,52.17,41.38,63.22,33.17,51.44
2026-05-02,20,1,2026-05-02 15:22:00,5,スポーツニッポン杯GW特選競走,4,5303,土井 歩夢,3,23,52,0,0,0.17,5.5,31.58,52.63,5.01,28.92,44.58,37.11,52.58,36.32,51.74
2026-05-02,20,1,2026-05-02 15:22:00,5,スポーツニッポン杯GW特選競走,5,5426,甲斐 貴大,4,23,52.6,0,0,,1.26,0,0,1,0,0,41.76,57.14,34.9,51.56
2026-05-02,20,1,2026-05-02 15:22:00,5,スポーツニッポン杯GW特選競走,6,3853,岩崎 正哉,3,53,52.6,0,0,0.19,5.78,39.56,58.24,5.84,41.27,55.56,26.51,45.78,31.34,49.75
2026-05-02,20,2,2026-05-02 15:50:00,5,スポーツニッポン杯GW特選競走,1,3662,大庭 元明,3,56,55.5,0,0,0.16,5.09,35.71,48.98,4.88,33.85,44.62,31.33,45.78,31.91,51.6
2026-05-02,20,2,2026-05-02 15:50:00,5,スポーツニッポン杯GW特選競走,2,4632,長尾 京志郎,3,37,52,0,0,0.18,4.95,29.82,50.88,5.15,26.83,56.1,34.52,50,31.75,46.56
2026-05-02,20,2,2026-05-02 15:50:00,5,スポーツニッポン杯GW特選競走,3,3742,宮地 秀祈,3,51,52,0,0,0.18,4.45,24.64,37.68,4.34,14.29,40,32.93,53.66,27.94,45.59
2026-05-02,20,2,2026-05-02 15:50:00,5,スポーツニッポン杯GW特選競走,4,4287,今井 貴士,1,41,55.7,0,0,0.17,5.55,34.48,50.57,6.41,50,62.12,34.41,48.39,38.97,54.87
2026-05-02,20,2,2026-05-02 15:50:00,5,スポーツニッポン杯GW特選競走,5,4364,池永 太,1,41,52.1,0,0,0.14,6.33,42.71,56.25,7.04,58.18,69.09,28.24,41.18,46.23,68.34
2026-05-02,20,2,2026-05-02 15:50:00,5,スポーツニッポン杯GW特選競走,6,4346,前田 健太郎,3,41,55.4,0,0,0.17,4.51,27.37,38.95,3.61,18.42,31.58,28.41,45.45,37.89,51.05
2026-05-02,20,3,2026-05-02 16:19:00,5,スポーツニッポン杯GW特選競走,1,5009,大賀 龍之介,3,29,52.7,0,0,0.16,5.25,36.89,50.49,4.79,42.11,47.37,35.63,55.17,31.22,45.5
2026-05-02,20,3,2026-05-02 16:19:00,5,スポーツニッポン杯GW特選競走,2,5073,上原 健次郎,2,30,52.5,0,0,0.16,5.52,32.97,53.85,6.05,42.11,68.42,31.18,47.31,38.19,54.27
2026-05-02,20,3,2026-05-02 16:19:00,5,スポーツニッポン杯GW特選競走,3,3869,井芹 大志,3,50,54.3,0,0,0.17,3.78,16.42,32.84,4.1,23.81,33.33,32.97,45.05,35.53,54.82
2026-05-02,20,3,2026-05-02 16:19:00,5,スポーツニッポン杯GW特選競走,4,4136,江夏 満,1,45,51.5,0,0,0.16,6.64,46.67,67.78,7.3,63.33,76.67,20.51,48.72,29.17,46.35
2026-05-02,20,3,2026-05-02 16:19:00,5,スポーツニッポン杯GW特選競走,5,5008,羽野 諒,3,29,52.6,0,0,0.13,4.71,27.42,40.32,4.3,20,40,39.13,65.22,32.11,51.05
2026-05-02,20,3,2026-05-02 16:19:00,5,スポーツニッポン杯GW特選競走,6,4413,水摩 敦,2,39,51.5,0,0,0.18,5.82,34.45,63.87,6.45,45.59,66.91,43.02,55.81,31.79,52.31
2026-05-02,20,4,2026-05-02 16:43:00,5,スポーツニッポン杯GW特選競走,1,5223,森清 友翔,3,25,52.5,0,0,0.17,4.71,26.21,40.78,3.53,11.76,26.47,39.29,52.38,34.55,54.45
2026-05-02,20,4,2026-05-02 16:43:00,5,スポーツニッポン杯GW特選競走,2,5207,高山 敬悟,3,28,52,0,0,0.15,4.77,29.51,42.62,4.21,29.79,34.04,33.33,48.72,31.05,45.26
2026-05-02,20,4,2026-05-02 16:43:00,5,スポーツニッポン杯GW特選競走,3,4566,塩田 北斗,1,38,53.4,0,0,0.14,6.34,35.11,53.19,7.23,55.74,67.21,49.38,70.37,31.12,47.45
2026-05-02,20,4,2026-05-02 16:43:00,5,スポーツニッポン杯GW特選競走,4,5022,伊藤 尚汰,3,31,50,0,0,0.16,4,20.63,26.98,4.68,27.27,47.73,38.46,57.14,34.67,49.25
2026-05-02,20,4,2026-05-02 16:43:00,5,スポーツニッポン杯GW特選競走,5,3898,平田 忠則,1,49,53.5,0,0,0.14,7,52.13,73.4,6.53,48.39,64.52,36.26,46.15,35.23,54.4
2026-05-02,20,4,2026-05-02 16:43:00,5,スポーツニッポン杯GW特選競走,6,4102,益田 啓司,1,47,52,0,0,0.15,6.59,52.46,63.11,7.2,64.71,74.51,42.39,64.13,38.86,57.51
2026-05-02,20,5,2026-05-02 17:15:00,5,スポーツニッポン杯GW特選競走,1,4545,岡村 慶太,1,38,53,0,0,0.14,7.13,53.45,72.41,7.63,60.91,81.82,43.16,60,30.57,47.67
2026-05-02,20,5,2026-05-02 17:15:00,5,スポーツニッポン杯GW特選競走,2,5160,藤森 陸斗,2,27,52,0,0,0.15,5.74,38.66,57.14,4.55,28.95,42.11,30.12,46.99,38,53
2026-05-02,20,5,2026-05-02 17:15:00,5,スポーツニッポン杯GW特選競走,3,3853,岩崎 正哉,3,53,52.6,0,0,0.19,5.78,39.56,58.24,5.84,41.27,55.56,26.51,45.78,31.34,49.75
2026-05-02,20,5,2026-05-02 17:15:00,5,スポーツニッポン杯GW特選競走,4,4121,富永 修一,1,44,52,0,0,0.13,5.93,39,57,4.9,27.59,44.83,31.46,51.69,34.65,52.48
2026-05-02,20,5,2026-05-02 17:15:00,5,スポーツニッポン杯GW特選競走,5,5071,野見山 拓己,3,31,52.6,0,0,0.12,4.96,26.92,47.44,4.53,23.53,47.06,36.56,50.54,36.32,52.74
2026-05-02,20,5,2026-05-02 17:15:00,5,スポーツニッポン杯GW特選競走,6,5105,富田 恕生,3,27,52.1,0,0,0.18,4.63,23.08,43.96,5.12,32.65,51.02,23.68,39.47,33.33,46.88
2026-05-02,20,6,2026-05-02 17:44:00,5,スポーツニッポン杯GW特選競走,1,4330,奈須 啓太,2,42,52,0,0,0.13,5.98,41.18,59.8,5.45,40,52.5,31.96,41.24,40.89,56.65
2026-05-02,20,6,2026-05-02 17:44:00,5,スポーツニッポン杯GW特選競走,2,5138,村本 大成,4,26,53,0,0,0.18,3.96,10.53,36.84,3.22,12.5,21.88,37.35,54.22,28.5,46
2026-05-02,20,6,2026-05-02 17:44:00,5,スポーツニッポン杯GW特選競走,3,5398,鐘ヶ江 真司,3,24,52,0,0,0.18,3.18,10.23,20.45,2.64,3.03,21.21,39.78,56.99,30,46
2026-05-02,20,6,2026-05-02 17:44:00,5,スポーツニッポン杯GW特選競走,4,5012,加倉 侑征,2,28,52,0,0,0.12,5.67,39.53,58.14,3.92,24,36,35,47,35.08,52.88
2026-05-02,20,6,2026-05-02 17:44:00,5,スポーツニッポン杯GW特選競走,5,5177,松井 貫太,3,29,52,0,0,0.2,4.04,15.31,34.69,2.33,0,0,51.81,71.08,34.52,50.25
2026-05-02,20,6,2026-05-02 17:44:00,5,スポーツニッポン杯GW特選競走,6,3783,瓜生 正義,1,50,52.4,0,0,0.15,6.82,41.51,62.26,8.62,65.38,84.62,23.75,30,32.31,53.85
2026-05-02,20,7,2026-05-02 18:11:00,5,スポーツニッポン杯GW特選競走,1,4737,竹井 貴史,2,34,52.4,0,0,0.16,7.75,65.66,83.84,7.03,54.79,72.6,26.97,46.07,36.46,55.21
2026-05-02,20,7,2026-05-02 18:11:00,5,スポーツニッポン杯GW特選競走,2,5008,羽野 諒,3,29,52.6,0,0,0.13,4.71,27.42,40.32,4.3,20,40,39.13,65.22,32.11,51.05
2026-05-02,20,7,2026-05-02 18:11:00,5,スポーツニッポン杯GW特選競走,3,3662,大庭 元明,3,56,55.5,0,0,0.16,5.09,35.71,48.98,4.88,33.85,44.62,31.33,45.78,31.91,51.6
2026-05-02,20,7,2026-05-02 18:11:00,5,スポーツニッポン杯GW特選競走,4,4350,篠崎 元志,1,40,52,0,0,0.14,7.76,61.54,72.53,7,43.24,64.86,32.53,54.22,40,55.5
2026-05-02,20,7,2026-05-02 18:11:00,5,スポーツニッポン杯GW特選競走,5,4607,鶴田 勇雄,2,37,52.3,0,0,0.18,5.42,29.06,56.41,6.05,35,67.5,32.61,56.52,36.18,51.26
2026-05-02,20,7,2026-05-02 18:11:00,5,スポーツニッポン杯GW特選競走,6,5426,甲斐 貴大,4,23,52.6,0,0,,1.26,0,0,1,0,0,41.76,57.14,34.9,51.56
2026-05-02,20,8,2026-05-02 18:39:00,5,スポーツニッポン杯GW特選競走,1,4504,前田 将太,1,38,53.5,0,0,0.14,6.15,39.73,53.42,7.52,59.15,71.83,25.64,38.46,43.5,55.5
2026-05-02,20,8,2026-05-02 18:39:00,5,スポーツニッポン杯GW特選競走,2,4614,石倉 洋行,1,46,52.8,0,0,0.14,6.2,41.67,61.46,6.13,45.16,61.29,35.63,55.17,32.5,50
2026-05-02,20,8,2026-05-02 18:39:00,5,スポーツニッポン杯GW特選競走,3,4942,柴田 朋哉,2,35,53.2,0,0,0.14,4.87,27.38,48.81,5.34,27.66,51.06,34.12,51.76,43.16,58.42
2026-05-02,20,8,2026-05-02 18:39:00,5,スポーツニッポン杯GW特選競走,4,4272,大場 広孝,3,44,55.2,0,0,0.16,4.65,24.64,37.68,5.02,30.91,54.55,29.21,39.33,32.62,48.66
2026-05-02,20,8,2026-05-02 18:39:00,5,スポーツニッポン杯GW特選競走,5,5207,高山 敬悟,3,28,52,0,0,0.15,4.77,29.51,42.62,4.21,29.79,34.04,33.33,48.72,31.05,45.26
2026-05-02,20,8,2026-05-02 18:39:00,5,スポーツニッポン杯GW特選競走,6,5053,山口 広樹,3,30,52.7,1,0,0.16,4.22,23.61,34.72,4.63,34.29,42.86,42.7,55.06,29.84,44.5
2026-05-02,20,9,2026-05-02 19:09:00,5,スポーツニッポン杯GW特選競走,1,4121,富永 修一,1,44,51,0,0,0.13,5.93,39,57,4.9,27.59,44.83,31.46,51.69,34.65,52.48
2026-05-02,20,9,2026-05-02 19:09:00,5,スポーツニッポン杯GW特選競走,2,5303,土井 歩夢,3,23,50.5,0,0,0.17,5.5,31.58,52.63,5.01,28.92,44.58,37.11,52.58,36.32,51.74
2026-05-02,20,9,2026-05-02 19:09:00,5,スポーツニッポン杯GW特選競走,3,5009,大賀 龍之介,3,29,52.9,0,0,0.16,5.25,36.89,50.49,4.79,42.11,47.37,35.63,55.17,31.22,45.5
2026-05-02,20,9,2026-05-02 19:09:00,5,スポーツニッポン杯GW特選競走,4,4403,木下 大將,2,41,52.2,0,0,0.16,5.97,44.57,59.78,6.56,50,69.44,38.3,56.38,38.19,51.76
2026-05-02,20,9,2026-05-02 19:09:00,5,スポーツニッポン杯GW特選競走,5,3742,宮地 秀祈,3,51,52,0,0,0.18,4.45,24.64,37.68,4.34,14.29,40,32.93,53.66,27.94,45.59
2026-05-02,20,9,2026-05-02 19:09:00,5,スポーツニッポン杯GW特選競走,6,4566,塩田 北斗,1,38,53.2,0,0,0.14,6.34,35.11,53.19,7.23,55.74,67.21,49.38,70.37,31.12,47.45
2026-05-02,20,10,2026-05-02 19:40:00,5,スポーツニッポン杯GW特選競走,1,4136,江夏 満,1,45,51.5,0,0,0.16,6.64,46.67,67.78,7.3,63.33,76.67,20.51,48.72,29.17,46.35
2026-05-02,20,10,2026-05-02 19:40:00,5,スポーツニッポン杯GW特選競走,2,4102,益田 啓司,1,47,52,0,0,0.15,6.59,52.46,63.11,7.2,64.71,74.51,42.39,64.13,38.86,57.51
2026-05-02,20,10,2026-05-02 19:40:00,5,スポーツニッポン杯GW特選競走,3,4545,岡村 慶太,1,38,53,0,0,0.14,7.13,53.45,72.41,7.63,60.91,81.82,43.16,60,30.57,47.67
2026-05-02,20,10,2026-05-02 19:40:00,5,スポーツニッポン杯GW特選競走,4,5102,原田 雄次,3,28,52.1,0,0,0.18,3.87,22.39,32.84,4.74,21.74,52.17,41.38,63.22,33.17,51.44
2026-05-02,20,10,2026-05-02 19:40:00,5,スポーツニッポン杯GW特選競走,5,4330,奈須 啓太,2,42,52,0,0,0.13,5.98,41.18,59.8,5.45,40,52.5,31.96,41.24,40.89,56.65
2026-05-02,20,10,2026-05-02 19:40:00,5,スポーツニッポン杯GW特選競走,6,4632,長尾 京志郎,3,37,52,0,0,0.18,4.95,29.82,50.88,5.15,26.83,56.1,34.52,50,31.75,46.56
2026-05-02,20,11,2026-05-02 20:10:00,5,スポーツニッポン杯GW特選競走,1,3898,平田 忠則,1,49,53.5,0,0,0.14,7,52.13,73.4,6.53,48.39,64.52,36.26,46.15,35.23,54.4
2026-05-02,20,11,2026-05-02 20:10:00,5,スポーツニッポン杯GW特選競走,2,4737,竹井 貴史,2,34,52.4,0,0,0.16,7.75,65.66,83.84,7.03,54.79,72.6,26.97,46.07,36.46,55.21
2026-05-02,20,11,2026-05-02 20:10:00,5,スポーツニッポン杯GW特選競走,3,4287,今井 貴士,1,41,55.7,0,0,0.17,5.55,34.48,50.57,6.41,50,62.12,34.41,48.39,38.97,54.87
2026-05-02,20,11,2026-05-02 20:10:00,5,スポーツニッポン杯GW特選競走,4,5105,富田 恕生,3,27,52.1,0,0,0.18,4.63,23.08,43.96,5.12,32.65,51.02,23.68,39.47,33.33,46.88
2026-05-02,20,11,2026-05-02 20:10:00,5,スポーツニッポン杯GW特選競走,5,5073,上原 健次郎,2,30,52.5,0,0,0.16,5.52,32.97,53.85,6.05,42.11,68.42,31.18,47.31,38.19,54.27
2026-05-02,20,11,2026-05-02 20:10:00,5,スポーツニッポン杯GW特選競走,6,4697,國弘 翔平,3,39,48.5,0,0,0.18,4.3,24.05,35.44,4.47,24.44,42.22,28.41,38.64,39.47,53.68
2026-05-02,20,12,2026-05-02 20:40:00,5,スポーツニッポン杯GW特選競走,1,4350,篠崎 元志,1,40,52,0,0,0.14,7.76,61.54,72.53,7,43.24,64.86,32.53,54.22,40,55.5
2026-05-02,20,12,2026-05-02 20:40:00,5,スポーツニッポン杯GW特選競走,2,4364,池永 太,1,41,52.1,0,0,0.14,6.33,42.71,56.25,7.04,58.18,69.09,28.24,41.18,46.23,68.34
2026-05-02,20,12,2026-05-02 20:40:00,5,スポーツニッポン杯GW特選競走,3,4413,水摩 敦,2,39,51.5,0,0,0.18,5.82,34.45,63.87,6.45,45.59,66.91,43.02,55.81,31.79,52.31
2026-05-02,20,12,2026-05-02 20:40:00,5,スポーツニッポン杯GW特選競走,4,5160,藤森 陸斗,2,27,52,0,0,0.15,5.74,38.66,57.14,4.55,28.95,42.11,30.12,46.99,38,53
2026-05-02,20,12,2026-05-02 20:40:00,5,スポーツニッポン杯GW特選競走,5,4942,柴田 朋哉,2,35,53.2,0,0,0.14,4.87,27.38,48.81,5.34,27.66,51.06,34.12,51.76,43.16,58.42
2026-05-02,20,12,2026-05-02 20:40:00,5,スポーツニッポン杯GW特選競走,6,5012,加倉 侑征,2,28,52,0,0,0.12,5.67,39.53,58.14,3.92,24,36,35,47,35.08,52.88
2026-05-02,22,1,2026-05-02 12:33:00,5,どんたく特選レース・福岡市民の祭り振興会会長杯,1,5351,齊藤 廉,3,21,52,0,0,0.15,4.36,26,38,2.64,8.89,15.56,46,56,20,28.89
2026-05-02,22,1,2026-05-02 12:33:00,5,どんたく特選レース・福岡市民の祭り振興会会長杯,2,4932,新開 航,1,30,52,0,0,0.15,7.51,52,76,7.42,63.64,74.55,47.37,68.42,48.72,71.79
2026-05-02,22,1,2026-05-02 12:33:00,5,どんたく特選レース・福岡市民の祭り振興会会長杯,3,5192,中尾 優香,2,24,47.7,0,0,0.16,4.83,30,45.56,4.11,22.22,30.56,16.22,24.32,22.86,40
2026-05-02,22,1,2026-05-02 12:33:00,5,どんたく特選レース・福岡市民の祭り振興会会長杯,4,5284,嘉手苅 徹哉,4,27,52,0,0,0.16,3,5.77,21.15,2.67,7.94,15.87,38.46,51.28,50,72.22
2026-05-02,22,1,2026-05-02 12:33:00,5,どんたく特選レース・福岡市民の祭り振興会会長杯,5,5268,山本 幸也,3,25,54.8,0,0,0.23,3.42,18.18,24.68,2.75,12.5,19.64,40.82,51.02,38.46,56.41
2026-05-02,22,1,2026-05-02 12:33:00,5,どんたく特選レース・福岡市民の祭り振興会会長杯,6,5244,黒田 剛,3,25,52,0,0,0.14,4.12,19.51,34.15,3.71,10.53,28.95,40,66,39.47,55.26
2026-05-02,22,2,2026-05-02 13:02:00,5,どんたく特選レース・福岡市民の祭り振興会会長杯,1,4023,柴田 友和,3,48,52,0,0,0.18,3.94,19.1,33.71,4.67,22.22,44.44,31.43,54.29,28.95,39.47
2026-05-02,22,2,2026-05-02 13:02:00,5,どんたく特選レース・福岡市民の祭り振興会会長杯,2,4363,大野 芳顕,2,41,53.3,0,0,0.15,5.85,40.29,59.71,5.56,32.69,57.69,38.78,55.1,26.32,52.63
2026-05-02,22,2,2026-05-02 13:02:00,5,どんたく特選レース・福岡市民の祭り振興会会長杯,3,4588,田中 京介,2,35,54.1,0,0,0.15,5.61,41.32,55.37,4.88,29.41,47.06,30.77,38.46,36.84,50
2026-05-02,22,2,2026-05-02 13:02:00,5,どんたく特選レース・福岡市民の祭り振興会会長杯,4,4487,三原 司,3,39,52.9,0,0,0.18,4.5,25.51,39.8,4.64,26.79,46.43,29.82,50.88,32.5,52.5
2026-05-02,22,2,2026-05-02 13:02:00,5,どんたく特選レース・福岡市民の祭り振興会会長杯,5,5144,中尾 彩香,3,24,47.2,0,0,0.17,5.43,39.62,55.66,4.87,28.26,45.65,28.26,47.83,22.22,33.33
2026-05-02,22,2,2026-05-02 13:02:00,5,どんたく特選レース・福岡市民の祭り振興会会長杯,6,5438,星田 夢結,4,20,49.6,0,0,,1.33,0,1.52,1.06,0,0,44.9,65.31,48.72,58.97
2026-05-02,22,3,2026-05-02 13:32:00,5,どんたく特選レース・福岡市民の祭り振興会会長杯,1,5198,奥村 明日香,3,24,44,0,0,0.21,4.86,29.2,43.36,4.52,29.63,40.74,36.96,63.04,27.78,33.33
2026-05-02,22,3,2026-05-02 13:32:00,5,どんたく特選レース・福岡市民の祭り振興会会長杯,2,4899,占部 一真,3,34,52,0,0,0.15,4.53,26.44,42.53,4.66,26.32,42.11,54,74,44.19,72.09
2026-05-02,22,3,2026-05-02 13:32:00,5,どんたく特選レース・福岡市民の祭り振興会会長杯,3,4892,柴田 直哉,3,35,52.2,0,0,0.18,4.98,32.93,45.12,5.59,38.78,53.06,35,55,15.63,18.75
2026-05-02,22,3,2026-05-02 13:32:00,5,どんたく特選レース・福岡市民の祭り振興会会長杯,4,4236,松村 敏,1,42,52.5,0,0,0.11,7.12,53.15,79.02,7.27,60,74.67,9.38,21.88,31.71,48.78
2026-05-02,22,3,2026-05-02 13:32:00,5,どんたく特選レース・福岡市民の祭り振興会会長杯,5,5158,宮脇 遼太,2,28,52.2,0,0,0.17,6.79,51.67,65.83,5.55,38.64,54.55,43.75,66.67,40,57.5
2026-05-02,22,3,2026-05-02 13:32:00,5,どんたく特選レース・福岡市民の祭り振興会会長杯,6,5392,安武 一也,4,25,52,0,0,0.2,1.45,1.35,1.35,1.38,0,0,45.83,66.67,24.44,46.67
2026-05-02,22,4,2026-05-02 14:01:00,5,どんたく特選レース・福岡市民の祭り振興会会長杯,1,5277,井上 未都,3,23,46.5,0,0,0.15,5.39,31.48,57.41,3.86,28.57,33.33,17.78,42.22,30.95,47.62
2026-05-02,22,4,2026-05-02 14:01:00,5,どんたく特選レース・福岡市民の祭り振興会会長杯,2,4522,古澤 光紀,1,38,53.3,0,0,0.15,5.84,41.74,55.65,6.17,50.49,63.11,41.86,55.81,37.04,48.15
2026-05-02,22,4,2026-05-02 14:01:00,5,どんたく特選レース・福岡市民の祭り振興会会長杯,3,4640,山ノ内 雅人,2,35,52,0,0,0.15,6.07,41.91,63.97,6.11,43.18,61.36,38.3,59.57,22.73,36.36
2026-05-02,22,4,2026-05-02 14:01:00,5,どんたく特選レース・福岡市民の祭り振興会会長杯,4,5258,仲本 舜,3,20,52.1,0,0,0.17,4.98,28.09,43.82,4.91,27.78,42.59,35.71,45.24,39.22,50.98
2026-05-02,22,4,2026-05-02 14:01:00,5,どんたく特選レース・福岡市民の祭り振興会会長杯,5,5274,城間 盛渚,3,24,52,0,0,0.19,5.16,31.18,46.24,4.79,30,46.67,42.31,69.23,41.03,61.54
2026-05-02,22,4,2026-05-02 14:01:00,5,どんたく特選レース・福岡市民の祭り振興会会長杯,6,5382,山下 心一,3,21,52,0,0,0.16,2.56,4.69,12.5,3.08,12.5,25,36.84,47.37,31.25,40.63
2026-05-02,22,5,2026-05-02 14:28:00,5,どんたく特選レース・福岡市民の祭り振興会会長杯,1,5212,西川 拓利,3,27,52,0,0,0.14,6.17,45.19,62.5,4.86,28.99,47.83,45.95,51.35,8.33,30.56
2026-05-02,22,5,2026-05-02 14:28:00,5,どんたく特選レース・福岡市民の祭り振興会会長杯,2,4424,松尾 昂明,2,40,52.2,0,0,0.16,6.11,42.11,63.91,6.35,50,67.07,30,48,39.02,56.1
2026-05-02,22,5,2026-05-02 14:28:00,5,どんたく特選レース・福岡市民の祭り振興会会長杯,3,5268,山本 幸也,3,25,54.8,0,0,0.23,3.42,18.18,24.68,2.75,12.5,19.64,40.82,51.02,38.46,56.41
2026-05-02,22,5,2026-05-02 14:28:00,5,どんたく特選レース・福岡市民の祭り振興会会長杯,4,4958,溝口 海義也,2,30,55.4,0,0,0.14,6.38,43.2,63.2,5.34,34.29,54.29,26.67,33.33,38.46,58.97
2026-05-02,22,5,2026-05-02 14:28:00,5,どんたく特選レース・福岡市民の祭り振興会会長杯,5,5409,宮本 琉正,4,20,55.4,0,0,0.17,1.76,0,5.56,1.32,0,0,30.56,50,0,11.76
2026-05-02,22,5,2026-05-02 14:28:00,5,どんたく特選レース・福岡市民の祭り振興会会長杯,6,4079,出畑 孝典,2,47,52,0,0,0.16,5.61,35.85,58.49,6.64,48.28,74.14,20.45,34.09,8.57,14.29
2026-05-02,22,6,2026-05-02 14:54:00,5,どんたく特選レース・福岡市民の祭り振興会会長杯,1,4957,竹之内 極,3,30,55.3,0,0,0.17,5.36,31.96,53.61,5.1,29.49,50,31.11,46.67,26.32,36.84
2026-05-02,22,6,2026-05-02 14:54:00,5,どんたく特選レース・福岡市民の祭り振興会会長杯,2,4679,植田 太一,1,36,56,0,0,0.16,5.52,38.17,54.96,5.56,40.32,53.23,30.91,43.64,40,57.5
2026-05-02,22,6,2026-05-02 14:54:00,5,どんたく特選レース・福岡市民の祭り振興会会長杯,3,5338,香月 大輝,3,25,52,0,0,0.18,3.67,16.82,30.84,2.14,1.72,8.62,57.5,82.5,43.59,58.97
2026-05-02,22,6,2026-05-02 14:54:00,5,どんたく特選レース・福岡市民の祭り振興会会長杯,4,4023,柴田 友和,3,48,52,0,0,0.18,3.94,19.1,33.71,4.67,22.22,44.44,31.43,54.29,28.95,39.47
2026-05-02,22,6,2026-05-02 14:54:00,5,どんたく特選レース・福岡市民の祭り振興会会長杯,5,4256,渡辺 浩司,1,42,52.2,0,0,0.13,6.94,53.91,73.91,7.29,57.69,76.15,36.17,44.68,27.03,43.24
2026-05-02,22,6,2026-05-02 14:54:00,5,どんたく特選レース・福岡市民の祭り振興会会長杯,6,5284,嘉手苅 徹哉,4,27,52,0,0,0.16,3,5.77,21.15,2.67,7.94,15.87,38.46,51.28,50,72.22
2026-05-02,22,7,2026-05-02 15:23:00,5,どんたく特選レース・福岡市民の祭り振興会会長杯,1,4684,楠原 翔太,2,35,52.5,0,0,0.14,5.19,29.03,51.61,5.68,39.68,55.56,21.43,35.71,30,35
2026-05-02,22,7,2026-05-02 15:23:00,5,どんたく特選レース・福岡市民の祭り振興会会長杯,2,4487,三原 司,3,39,52.9,0,0,0.18,4.5,25.51,39.8,4.64,26.79,46.43,29.82,50.88,32.5,52.5
2026-05-02,22,7,2026-05-02 15:23:00,5,どんたく特選レース・福岡市民の祭り振興会会長杯,3,5244,黒田 剛,3,25,52,0,0,0.14,4.12,19.51,34.15,3.71,10.53,28.95,40,66,39.47,55.26
2026-05-02,22,7,2026-05-02 15:23:00,5,どんたく特選レース・福岡市民の祭り振興会会長杯,4,4848,仲谷 颯仁,1,31,52.1,0,0,0.15,6.99,45.71,60,7.67,58.67,74.67,55.56,72.22,18.6,44.19
2026-05-02,22,7,2026-05-02 15:23:00,5,どんたく特選レース・福岡市民の祭り振興会会長杯,5,4555,富永 大一,2,36,52,0,0,0.19,5.24,32.08,55.66,4.98,27.91,47.67,34.21,57.89,45.95,54.05
2026-05-02,22,7,2026-05-02 15:23:00,5,どんたく特選レース・福岡市民の祭り振興会会長杯,6,4892,柴田 直哉,3,35,52.2,0,0,0.18,4.98,32.93,45.12,5.59,38.78,53.06,35,55,15.63,18.75
2026-05-02,22,8,2026-05-02 15:53:00,5,どんたく特選レース・福岡市民の祭り振興会会長杯,1,5018,竹下 大樹,1,27,53,0,0,0.16,6.28,42.38,63.58,6.62,49.46,66.67,35.09,45.61,50,70
2026-05-02,22,8,2026-05-02 15:53:00,5,どんたく特選レース・福岡市民の祭り振興会会長杯,2,4588,田中 京介,2,35,54.1,0,0,0.15,5.61,41.32,55.37,4.88,29.41,47.06,30.77,38.46,36.84,50
2026-05-02,22,8,2026-05-02 15:53:00,5,どんたく特選レース・福岡市民の祭り振興会会長杯,3,5158,宮脇 遼太,2,28,52.2,0,0,0.17,6.79,51.67,65.83,5.55,38.64,54.55,43.75,66.67,40,57.5
2026-05-02,22,8,2026-05-02 15:53:00,5,どんたく特選レース・福岡市民の祭り振興会会長杯,4,5351,齊藤 廉,3,21,52,0,0,0.15,4.36,26,38,2.64,8.89,15.56,46,56,20,28.89
2026-05-02,22,8,2026-05-02 15:53:00,5,どんたく特選レース・福岡市民の祭り振興会会長杯,5,5276,大島 隆乃介,3,24,51,0,0,0.16,4.92,23.08,46.15,7.2,60,70,26.09,50,13.51,32.43
2026-05-02,22,8,2026-05-02 15:53:00,5,どんたく特選レース・福岡市民の祭り振興会会長杯,6,5308,藤森 拓海,3,21,53.1,0,0,0.19,4.02,19.78,37.36,2.72,8.33,13.89,43.24,56.76,36.73,51.02
2026-05-02,22,9,2026-05-02 16:22:00,5,どんたく特選レース・福岡市民の祭り振興会会長杯,1,5192,中尾 優香,2,24,47.6,0,0,0.16,4.83,30,45.56,4.11,22.22,30.56,16.22,24.32,22.86,40
2026-05-02,22,9,2026-05-02 16:22:00,5,どんたく特選レース・福岡市民の祭り振興会会長杯,2,5144,中尾 彩香,3,24,47.2,0,0,0.17,5.43,39.62,55.66,4.87,28.26,45.65,28.26,47.83,22.22,33.33
2026-05-02,22,9,2026-05-02 16:22:00,5,どんたく特選レース・福岡市民の祭り振興会会長杯,3,4885,大山 千広,4,30,48.2,0,0,0.16,6.2,46.59,64.77,6.72,59.38,75,38.3,65.96,24.32,48.65
2026-05-02,22,9,2026-05-02 16:22:00,5,どんたく特選レース・福岡市民の祭り振興会会長杯,4,5277,井上 未都,3,23,46.5,0,0,0.15,5.39,31.48,57.41,3.86,28.57,33.33,17.78,42.22,30.95,47.62
2026-05-02,22,9,2026-05-02 16:22:00,5,どんたく特選レース・福岡市民の祭り振興会会長杯,5,5198,奥村 明日香,3,24,43.5,0,0,0.21,4.86,29.2,43.36,4.52,29.63,40.74,36.96,63.04,27.78,33.33
2026-05-02,22,9,2026-05-02 16:22:00,5,どんたく特選レース・福岡市民の祭り振興会会長杯,6,4773,中川 りな,2,32,50.2,0,0,0.19,5.72,37.88,61.36,5.85,41.77,59.49,37.5,53.57,43.9,60.98
2026-05-02,22,10,2026-05-02 16:57:00,5,どんたく特選レース・福岡市民の祭り振興会会長杯,1,5081,篠原 飛翔,2,27,52.8,0,0,0.18,6.17,44.36,63.91,6.03,45.76,57.63,39.58,52.08,45.24,64.29
2026-05-02,22,10,2026-05-02 16:57:00,5,どんたく特選レース・福岡市民の祭り振興会会長杯,2,4122,安東 幸治,2,44,53.4,0,0,0.16,5.6,33.82,55.88,5.33,35.71,47.62,44.44,55.56,34.21,50
2026-05-02,22,10,2026-05-02 16:57:00,5,どんたく特選レース・福岡市民の祭り振興会会長杯,3,4424,松尾 昂明,2,40,52.2,0,0,0.16,6.11,42.11,63.91,6.35,50,67.07,30,48,39.02,56.1
2026-05-02,22,10,2026-05-02 16:57:00,5,どんたく特選レース・福岡市民の祭り振興会会長杯,4,3747,國崎 良春,3,51,52,0,0,0.17,5.42,35.42,59.38,4.74,33.33,46.38,30.51,44.07,33.33,50
2026-05-02,22,10,2026-05-02 16:57:00,5,どんたく特選レース・福岡市民の祭り振興会会長杯,5,4679,植田 太一,1,36,56,0,0,0.16,5.52,38.17,54.96,5.56,40.32,53.23,30.91,43.64,40,57.5
2026-05-02,22,10,2026-05-02 16:57:00,5,どんたく特選レース・福岡市民の祭り振興会会長杯,6,5286,坂井 滉哉,3,26,51,0,0,0.15,4.31,25.29,36.78,4.25,20,33.33,29.79,42.55,47.06,55.88
2026-05-02,22,11,2026-05-02 17:27:00,5,どんたく特選レース・福岡市民の祭り振興会会長杯,1,4932,新開 航,1,30,52,0,0,0.15,7.51,52,76,7.42,63.64,74.55,47.37,68.42,48.72,71.79
2026-05-02,22,11,2026-05-02 17:27:00,5,どんたく特選レース・福岡市民の祭り振興会会長杯,2,4079,出畑 孝典,2,47,52,0,0,0.16,5.61,35.85,58.49,6.64,48.28,74.14,20.45,34.09,8.57,14.29
2026-05-02,22,11,2026-05-02 17:27:00,5,どんたく特選レース・福岡市民の祭り振興会会長杯,3,5092,篠原 晟弥,2,25,52,0,0,0.12,6.03,43.75,59.38,6.11,44.44,66.67,55.1,77.55,35.9,58.97
2026-05-02,22,11,2026-05-02 17:27:00,5,どんたく特選レース・福岡市民の祭り振興会会長杯,4,5338,香月 大輝,3,25,52,0,0,0.18,3.67,16.82,30.84,2.14,1.72,8.62,57.5,82.5,43.59,58.97
2026-05-02,22,11,2026-05-02 17:27:00,5,どんたく特選レース・福岡市民の祭り振興会会長杯,5,4640,山ノ内 雅人,2,35,52,0,0,0.15,6.07,41.91,63.97,6.11,43.18,61.36,38.3,59.57,22.73,36.36
2026-05-02,22,11,2026-05-02 17:27:00,5,どんたく特選レース・福岡市民の祭り振興会会長杯,6,4234,野相 弘司,3,42,55.4,0,0,0.17,5.01,27.55,46.94,5.26,31.58,52.63,36.59,48.78,21.95,39.02
2026-05-02,22,12,2026-05-02 18:00:00,5,どんたく特選レース・福岡市民の祭り振興会会長杯,1,4256,渡辺 浩司,1,42,52.2,0,0,0.13,6.94,53.91,73.91,7.29,57.69,76.15,36.17,44.68,27.03,43.24
2026-05-02,22,12,2026-05-02 18:00:00,5,どんたく特選レース・福岡市民の祭り振興会会長杯,2,4848,仲谷 颯仁,1,31,52.1,0,0,0.15,6.99,45.71,60,7.67,58.67,74.67,55.56,72.22,18.6,44.19
2026-05-02,22,12,2026-05-02 18:00:00,5,どんたく特選レース・福岡市民の祭り振興会会長杯,3,4958,溝口 海義也,2,30,55.4,0,0,0.14,6.38,43.2,63.2,5.34,34.29,54.29,26.67,33.33,38.46,58.97
2026-05-02,22,12,2026-05-02 18:00:00,5,どんたく特選レース・福岡市民の祭り振興会会長杯,4,4363,大野 芳顕,2,41,53.3,0,0,0.15,5.85,40.29,59.71,5.56,32.69,57.69,38.78,55.1,26.32,52.63
2026-05-02,22,12,2026-05-02 18:00:00,5,どんたく特選レース・福岡市民の祭り振興会会長杯,5,4236,松村 敏,1,42,52.5,0,0,0.11,7.12,53.15,79.02,7.27,60,74.67,9.38,21.88,31.71,48.78
2026-05-02,22,12,2026-05-02 18:00:00,5,どんたく特選レース・福岡市民の祭り振興会会長杯,6,4522,古澤 光紀,1,38,53.3,0,0,0.15,5.84,41.74,55.65,6.17,50.49,63.11,41.86,55.81,37.04,48.15
2026-05-02,23,1,2026-05-02 08:32:00,5,BOATRACE振興会会長賞GW唐津特選,1,4445,宮地 元輝,1,39,53.6,0,0,0.11,6.69,38.24,55.88,7.5,58.25,74.76,30.88,48.53,31.43,45.71
2026-05-02,23,1,2026-05-02 08:32:00,5,BOATRACE振興会会長賞GW唐津特選,2,4027,松江 秀徳,3,48,52.6,0,0,0.16,5.52,33.77,51.95,6.1,43.8,62.81,29.41,45.1,21.88,43.75
2026-05-02,23,1,2026-05-02 08:32:00,5,BOATRACE振興会会長賞GW唐津特選,3,4874,池田 奈津美,3,32,51.1,0,0,0.14,4.48,21.95,43.9,4.07,17.86,35.71,42.96,61.48,50,69.57
2026-05-02,23,1,2026-05-02 08:32:00,5,BOATRACE振興会会長賞GW唐津特選,4,5389,恵良 琴美,4,18,43.5,0,0,0.17,2.35,1.85,12.96,1.13,0,0,26.96,42.61,56,72
2026-05-02,23,1,2026-05-02 08:32:00,5,BOATRACE振興会会長賞GW唐津特選,5,3809,吉田 光,3,50,51,0,0,0.17,4.04,12.5,39.29,5.07,28.26,45.65,38.81,53.73,36.11,52.78
2026-05-02,23,1,2026-05-02 08:32:00,5,BOATRACE振興会会長賞GW唐津特選,6,5451,知念 伶奈,4,20,46,0,0,,0,0,0,0,0,0,33.59,48.09,36.11,63.89
2026-05-02,23,2,2026-05-02 08:58:00,5,BOATRACE振興会会長賞GW唐津特選,1,4503,上野 真之介,1,38,52,0,0,0.12,7.65,60,69,7.63,61.03,78.68,45.38,68.91,43.24,62.16
2026-05-02,23,2,2026-05-02 08:58:00,5,BOATRACE振興会会長賞GW唐津特選,2,3784,中島 友和,3,49,52.5,0,0,0.16,4.85,30.38,48.1,5.86,39.47,60.53,31.93,48.74,27.78,50
2026-05-02,23,2,2026-05-02 08:58:00,5,BOATRACE振興会会長賞GW唐津特選,3,5121,定松 勇樹,1,24,52.4,0,0,0.14,8.14,66.07,77.68,7.52,59.79,77.32,35.29,52.94,29.73,48.65
2026-05-02,23,2,2026-05-02 08:58:00,5,BOATRACE振興会会長賞GW唐津特選,4,5428,古園井 綾南,4,23,49.2,0,0,,1.11,0,0,1.31,0,0,29.1,47.01,45.16,61.29
2026-05-02,23,2,2026-05-02 08:58:00,5,BOATRACE振興会会長賞GW唐津特選,5,4947,間庭 菜摘,3,33,47,0,0,0.19,4.51,21.15,38.46,4.85,20,45,31.88,44.2,44.74,57.89
2026-05-02,23,2,2026-05-02 08:58:00,5,BOATRACE振興会会長賞GW唐津特選,6,3459,中野 和裕,3,59,53.6,0,0,0.17,3.74,12.5,29.17,4.07,23.16,34.74,31.58,45.11,42.86,53.57
2026-05-02,23,3,2026-05-02 09:24:00,5,BOATRACE振興会会長賞GW唐津特選,1,4500,山田 康二,1,38,54.2,0,0,0.12,7.35,47.66,69.16,8.29,69.47,85.26,39.39,58.33,25.93,44.44
2026-05-02,23,3,2026-05-02 09:24:00,5,BOATRACE振興会会長賞GW唐津特選,2,5307,富永 夏哉人,3,22,51.5,0,0,0.2,4.66,28.89,43.33,3.81,14.89,34.04,36.23,53.62,32.43,48.65
2026-05-02,23,3,2026-05-02 09:24:00,5,BOATRACE振興会会長賞GW唐津特選,3,4294,古賀 繁輝,1,39,54.9,0,0,0.14,6.16,43,57,6.95,53.15,68.53,32.35,54.41,28.13,46.88
2026-05-02,23,3,2026-05-02 09:24:00,5,BOATRACE振興会会長賞GW唐津特選,4,4803,飯田 庄吾,3,32,54.3,0,0,0.19,3.89,16,29.33,0,0,0,34.38,47.66,40.48,57.14
2026-05-02,23,3,2026-05-02 09:24:00,5,BOATRACE振興会会長賞GW唐津特選,5,5240,高橋 龍治,3,25,54.4,0,0,0.17,5.43,39.33,55.06,0,0,0,38.66,55.46,46.15,65.38
2026-05-02,23,3,2026-05-02 09:24:00,5,BOATRACE振興会会長賞GW唐津特選,6,5412,久保田 凪紗,4,20,43.5,0,0,0.18,1.43,0,3.45,1.31,0,0,40.15,53.03,19.44,55.56
2026-05-02,23,4,2026-05-02 09:50:00,5,BOATRACE振興会会長賞GW唐津特選,1,3564,桑原 啓,3,56,52.4,0,0,0.18,4.16,23.71,38.14,4.13,31.25,31.25,34.06,55.07,31.03,44.83
2026-05-02,23,4,2026-05-02 09:50:00,5,BOATRACE振興会会長賞GW唐津特選,2,5084,末永 和也,1,27,52,0,0,0.13,7.18,47.06,63.73,7.52,59.5,78.51,31.97,41.8,35.14,48.65
2026-05-02,23,4,2026-05-02 09:50:00,5,BOATRACE振興会会長賞GW唐津特選,3,3773,津留 浩一郎,3,51,56.6,0,0,0.15,4.09,17.14,37.14,4.88,25,50,43.7,55.46,59.26,62.96
2026-05-02,23,4,2026-05-02 09:50:00,5,BOATRACE振興会会長賞GW唐津特選,4,4994,山本 梨菜,1,28,47,0,0,0.16,6.12,44.71,62.35,4.68,24,40,28.57,47.06,45.83,54.17
2026-05-02,23,4,2026-05-02 09:50:00,5,BOATRACE振興会会長賞GW唐津特選,5,4143,浦田 晃嗣,3,44,56,0,0,0.16,4.21,19.44,38.89,4.49,22.73,39.09,29.71,47.83,41.18,64.71
2026-05-02,23,4,2026-05-02 09:50:00,5,BOATRACE振興会会長賞GW唐津特選,6,4969,町田 洸希,3,34,52,0,0,0.16,4.73,22.78,48.1,4.65,15.38,42.31,32.54,46.03,32.14,50
2026-05-02,23,5,2026-05-02 10:20:00,5,BOATRACE振興会会長賞GW唐津特選,1,4094,中島 真二,3,44,52.7,0,0,0.17,4.35,26.76,38.03,4.29,11.76,35.29,34.11,55.04,40.54,45.95
2026-05-02,23,5,2026-05-02 10:20:00,5,BOATRACE振興会会長賞GW唐津特選,2,3964,宮地 博士,3,47,52.3,0,0,0.21,4.85,24.36,47.44,4.83,20.83,41.67,46.43,60.71,22.58,32.26
2026-05-02,23,5,2026-05-02 10:20:00,5,BOATRACE振興会会長賞GW唐津特選,3,3809,吉田 光,3,50,51,0,0,0.17,4.04,12.5,39.29,5.07,28.26,45.65,38.81,53.73,36.11,52.78
2026-05-02,23,5,2026-05-02 10:20:00,5,BOATRACE振興会会長賞GW唐津特選,4,3623,深川 真二,1,51,50,0,0,0.14,7.46,60.2,76.53,7.96,66.94,75.81,51.61,67.74,40,48.57
2026-05-02,23,5,2026-05-02 10:20:00,5,BOATRACE振興会会長賞GW唐津特選,5,4515,藤田 浩人,2,39,52.4,0,0,0.17,6.09,39.66,63.79,5.91,42.28,58.54,36.15,55.38,22.22,44.44
2026-05-02,23,5,2026-05-02 10:20:00,5,BOATRACE振興会会長賞GW唐津特選,6,5417,小柳 勝希,4,20,51,0,0,0.18,3.17,5.8,20.29,2.54,2.56,17.95,36.36,47.93,40,56.67
2026-05-02,23,6,2026-05-02 10:50:00,5,BOATRACE振興会会長賞GW唐津特選,1,5121,定松 勇樹,1,24,52.4,0,0,0.14,8.14,66.07,77.68,7.52,59.79,77.32,35.29,52.94,29.73,48.65
2026-05-02,23,6,2026-05-02 10:50:00,5,BOATRACE振興会会長賞GW唐津特選,2,4006,小野 勇作,3,47,50.5,0,0,0.17,5.28,37.65,51.76,4.53,21.33,42.67,25,43.94,24.32,43.24
2026-05-02,23,6,2026-05-02 10:50:00,5,BOATRACE振興会会長賞GW唐津特選,3,5142,常住 蓮,1,25,51,0,0,0.12,7.43,59.14,75.27,7.65,60.57,80,35.94,53.13,31.43,54.29
2026-05-02,23,6,2026-05-02 10:50:00,5,BOATRACE振興会会長賞GW唐津特選,4,3617,竹田 広樹,3,52,52.3,0,0,0.18,4.23,26.92,38.46,4.58,28.7,37.04,35.82,48.51,29.41,47.06
2026-05-02,23,6,2026-05-02 10:50:00,5,BOATRACE振興会会長賞GW唐津特選,5,5451,知念 伶奈,4,20,46,0,0,,0,0,0,0,0,0,33.59,48.09,36.11,63.89
2026-05-02,23,6,2026-05-02 10:50:00,5,BOATRACE振興会会長賞GW唐津特選,6,4652,酒見 峻介,2,40,51.5,0,0,0.16,4.43,26.6,39.36,5.28,35.43,52.76,33.61,51.26,44.83,62.07
2026-05-02,23,7,2026-05-02 11:21:00,5,BOATRACE振興会会長賞GW唐津特選,1,4395,下河 雅史,3,39,54.9,0,0,0.18,5.21,32.97,49.45,5,29.41,47.06,36.09,52.63,31.43,40
2026-05-02,23,7,2026-05-02 11:21:00,5,BOATRACE振興会会長賞GW唐津特選,2,4196,田中 太一郎,3,44,52,0,0,0.17,4.25,25.27,38.46,5.29,39.25,51.4,36.8,60.8,38.89,50
2026-05-02,23,7,2026-05-02 11:21:00,5,BOATRACE振興会会長賞GW唐津特選,3,4164,岩永 節也,3,44,51.5,0,0,0.19,4.2,20.27,40.54,3.6,8.57,25.71,28.89,51.85,29.73,54.05
2026-05-02,23,7,2026-05-02 11:21:00,5,BOATRACE振興会会長賞GW唐津特選,4,4294,古賀 繁輝,1,39,54.9,0,0,0.14,6.16,43,57,6.95,53.15,68.53,32.35,54.41,28.13,46.88
2026-05-02,23,7,2026-05-02 11:21:00,5,BOATRACE振興会会長賞GW唐津特選,5,5428,古園井 綾南,4,23,49.2,0,0,,1.11,0,0,1.31,0,0,29.1,47.01,45.16,61.29
2026-05-02,23,7,2026-05-02 11:21:00,5,BOATRACE振興会会長賞GW唐津特選,6,5389,恵良 琴美,4,18,43.5,0,0,0.17,2.35,1.85,12.96,1.13,0,0,26.96,42.61,56,72
2026-05-02,23,8,2026-05-02 11:51:00,5,BOATRACE振興会会長賞GW唐津特選,1,5270,小玉 啓太,3,25,52.7,0,0,0.17,4.7,27.16,46.91,3.42,16.22,22.97,37.23,51.82,25.81,35.48
2026-05-02,23,8,2026-05-02 11:51:00,5,BOATRACE振興会会長賞GW唐津特選,2,4624,高田 明,1,41,50.5,0,0,0.17,6.38,47.52,61.39,6.43,50,68.6,40.16,52.76,41.03,58.97
2026-05-02,23,8,2026-05-02 11:51:00,5,BOATRACE振興会会長賞GW唐津特選,3,4143,浦田 晃嗣,3,44,56,0,0,0.16,4.21,19.44,38.89,4.49,22.73,39.09,29.71,47.83,41.18,64.71
2026-05-02,23,8,2026-05-02 11:51:00,5,BOATRACE振興会会長賞GW唐津特選,4,4500,山田 康二,1,38,54.2,0,0,0.12,7.35,47.66,69.16,8.29,69.47,85.26,39.39,58.33,25.93,44.44
2026-05-02,23,8,2026-05-02 11:51:00,5,BOATRACE振興会会長賞GW唐津特選,5,4874,池田 奈津美,3,32,51.1,0,0,0.14,4.48,21.95,43.9,4.07,17.86,35.71,42.96,61.48,50,69.57
2026-05-02,23,8,2026-05-02 11:51:00,5,BOATRACE振興会会長賞GW唐津特選,6,3784,中島 友和,3,49,52.5,0,0,0.16,4.85,30.38,48.1,5.86,39.47,60.53,31.93,48.74,27.78,50
2026-05-02,23,9,2026-05-02 12:25:00,5,BOATRACE振興会会長賞GW唐津特選,1,5214,田中 宏典,3,26,53.5,0,0,0.16,4.98,31.46,43.82,5.1,30.51,48.31,43.55,58.06,55.26,65.79
2026-05-02,23,9,2026-05-02 12:25:00,5,BOATRACE振興会会長賞GW唐津特選,2,3459,中野 和裕,3,59,53.6,0,0,0.17,3.74,12.5,29.17,4.07,23.16,34.74,31.58,45.11,42.86,53.57
2026-05-02,23,9,2026-05-02 12:25:00,5,BOATRACE振興会会長賞GW唐津特選,3,3998,冨成 謙児,3,46,51.5,0,0,0.17,4.39,25,36.84,5.07,33.62,50.86,30.6,50,34.48,51.72
2026-05-02,23,9,2026-05-02 12:25:00,5,BOATRACE振興会会長賞GW唐津特選,4,5412,久保田 凪紗,4,20,43.5,0,0,0.18,1.43,0,3.45,1.31,0,0,40.15,53.03,19.44,55.56
2026-05-02,23,9,2026-05-02 12:25:00,5,BOATRACE振興会会長賞GW唐津特選,5,4320,峰 竜太,1,41,52,0,0,0.14,7.74,48.75,72.5,7.82,65.91,82.95,39.53,57.36,33.33,46.67
2026-05-02,23,9,2026-05-02 12:25:00,5,BOATRACE振興会会長賞GW唐津特選,6,5462,山浦 槙,4,19,47.9,0,0,,0,0,0,0,0,0,41.73,58.27,38.24,70.59
2026-05-02,23,10,2026-05-02 12:55:00,5,BOATRACE振興会会長賞GW唐津特選,1,4947,間庭 菜摘,3,33,47,0,0,0.19,4.51,21.15,38.46,4.85,20,45,31.88,44.2,44.74,57.89
2026-05-02,23,10,2026-05-02 12:55:00,5,BOATRACE振興会会長賞GW唐津特選,2,4445,宮地 元輝,1,39,53.6,0,0,0.11,6.69,38.24,55.88,7.5,58.25,74.76,30.88,48.53,31.43,45.71
2026-05-02,23,10,2026-05-02 12:55:00,5,BOATRACE振興会会長賞GW唐津特選,3,4803,飯田 庄吾,3,32,54.3,0,0,0.19,3.89,16,29.33,0,0,0,34.38,47.66,40.48,57.14
2026-05-02,23,10,2026-05-02 12:55:00,5,BOATRACE振興会会長賞GW唐津特選,4,4094,中島 真二,3,44,52.7,0,0,0.17,4.35,26.76,38.03,4.29,11.76,35.29,34.11,55.04,40.54,45.95
2026-05-02,23,10,2026-05-02 12:55:00,5,BOATRACE振興会会長賞GW唐津特選,5,4734,安河内 将,1,36,51.5,0,0,0.15,7.26,57.89,72.63,7.07,53.39,75.42,36.57,50.75,44.83,58.62
2026-05-02,23,10,2026-05-02 12:55:00,5,BOATRACE振興会会長賞GW唐津特選,6,4006,小野 勇作,3,47,50.5,0,0,0.17,5.28,37.65,51.76,4.53,21.33,42.67,25,43.94,24.32,43.24
2026-05-02,23,11,2026-05-02 13:30:00,5,BOATRACE振興会会長賞GW唐津特選,1,5142,常住 蓮,1,25,50.5,0,0,0.12,7.43,59.14,75.27,7.65,60.57,80,35.94,53.13,31.43,54.29
2026-05-02,23,11,2026-05-02 13:30:00,5,BOATRACE振興会会長賞GW唐津特選,2,4531,武富 智亮,2,37,52,0,0,0.16,6.3,41.12,64.49,6.44,46.23,63.21,32.33,48.12,34.29,57.14
2026-05-02,23,11,2026-05-02 13:30:00,5,BOATRACE振興会会長賞GW唐津特選,3,4092,岡部 大輔,3,45,52.1,0,0,0.14,4.92,28.92,45.78,5.55,37,55,25,41.67,13.79,24.14
2026-05-02,23,11,2026-05-02 13:30:00,5,BOATRACE振興会会長賞GW唐津特選,4,5084,末永 和也,1,27,52.2,0,0,0.13,7.18,47.06,63.73,7.52,59.5,78.51,31.97,41.8,35.14,48.65
2026-05-02,23,11,2026-05-02 13:30:00,5,BOATRACE振興会会長賞GW唐津特選,5,4027,松江 秀徳,3,48,53.1,0,0,0.16,5.52,33.77,51.95,6.1,43.8,62.81,29.41,45.1,21.88,43.75
2026-05-02,23,11,2026-05-02 13:30:00,5,BOATRACE振興会会長賞GW唐津特選,6,3964,宮地 博士,3,47,53.3,0,0,0.21,4.85,24.36,47.44,4.83,20.83,41.67,46.43,60.71,22.58,32.26
2026-05-02,23,12,2026-05-02 14:07:00,5,BOATRACE振興会会長賞GW唐津特選,1,3623,深川 真二,1,51,50,0,0,0.14,7.46,60.2,76.53,7.96,66.94,75.81,51.61,67.74,40,48.57
2026-05-02,23,12,2026-05-02 14:07:00,5,BOATRACE振興会会長賞GW唐津特選,2,4969,町田 洸希,3,34,52,0,0,0.16,4.73,22.78,48.1,4.65,15.38,42.31,32.54,46.03,32.14,50
2026-05-02,23,12,2026-05-02 14:07:00,5,BOATRACE振興会会長賞GW唐津特選,3,4652,酒見 峻介,2,40,51.5,0,0,0.16,4.43,26.6,39.36,5.28,35.43,52.76,33.61,51.26,44.83,62.07
2026-05-02,23,12,2026-05-02 14:07:00,5,BOATRACE振興会会長賞GW唐津特選,4,4503,上野 真之介,1,38,52,0,0,0.12,7.65,60,69,7.63,61.03,78.68,45.38,68.91,43.24,62.16
2026-05-02,23,12,2026-05-02 14:07:00,5,BOATRACE振興会会長賞GW唐津特選,5,4395,下河 雅史,3,39,54.9,0,0,0.18,5.21,32.97,49.45,5,29.41,47.06,36.09,52.63,31.43,40
2026-05-02,23,12,2026-05-02 14:07:00,5,BOATRACE振興会会長賞GW唐津特選,6,4624,高田 明,1,41,50.5,0,0,0.17,6.38,47.52,61.39,6.43,50,68.6,40.16,52.76,41.03,58.97
