race_date,stadium_number,race_number,race_closed_at,race_grade_number,race_title,boat_number,racer_number,racer_name,racer_class_number,racer_age,racer_weight,racer_flying_count,racer_late_count,racer_average_start_timing,racer_national_top_1_percent,racer_national_top_2_percent,racer_national_top_3_percent,racer_local_top_1_percent,racer_local_top_2_percent,racer_local_top_3_percent,racer_assigned_motor_top_2_percent,racer_assigned_motor_top_3_percent,racer_assigned_boat_top_2_percent,racer_assigned_boat_top_3_percent
2026-04-29,3,1,2026-04-29 11:14:00,5,ゴールデンカップ,1,3602,奥平 拓也,3,55,52.5,1,0,0.18,4.28,16,42.67,5.33,34.02,50.52,34.12,50.24,36.79,49.06
2026-04-29,3,1,2026-04-29 11:14:00,5,ゴールデンカップ,2,5288,尾道 佳諭,3,26,53.9,1,0,0.16,3.67,20.55,27.4,3.53,20.93,30.23,30.66,52.36,31.37,47.06
2026-04-29,3,1,2026-04-29 11:14:00,5,ゴールデンカップ,3,4644,山田 亮太,2,47,52,0,0,0.15,6.21,46.96,63.48,5.42,31.67,51.67,33.93,51.79,29.41,51.18
2026-04-29,3,1,2026-04-29 11:14:00,5,ゴールデンカップ,4,5371,早川 颯太,4,23,52.6,0,0,0.21,1.67,2.86,2.86,1.61,3.92,3.92,30.96,51.27,34.78,52.66
2026-04-29,3,1,2026-04-29 11:14:00,5,ゴールデンカップ,5,5242,高山 弘斗,3,25,56.4,0,0,0.17,3.74,18.29,30.49,3.8,19.64,30.36,31.55,44.39,40,53.95
2026-04-29,3,1,2026-04-29 11:14:00,5,ゴールデンカップ,6,3340,池田 雷太,3,60,53.7,0,0,0.19,4.86,28.28,41.41,5.43,38.2,53.93,48.24,65.83,37.08,51.67
2026-04-29,3,2,2026-04-29 11:41:00,5,ゴールデンカップ,1,5070,中島 航,3,32,53.2,1,0,0.18,3.97,18.03,31.15,4.68,25.86,39.66,33.65,51.44,42.48,61.5
2026-04-29,3,2,2026-04-29 11:41:00,5,ゴールデンカップ,2,4379,桑島 和宏,1,41,56.4,0,0,0.16,5.66,37.1,54.84,6.23,44.12,60.78,45.16,58.06,39.91,55.16
2026-04-29,3,2,2026-04-29 11:41:00,5,ゴールデンカップ,3,4995,田邉 亮蔵,3,35,53.9,0,0,0.18,4.97,27.96,46.24,5.63,38.33,54.17,34.55,53.64,28.4,38.89
2026-04-29,3,2,2026-04-29 11:41:00,5,ゴールデンカップ,4,4169,多田 有佑,3,43,53.3,1,0,0.21,3.79,19.48,29.87,4.31,20.83,37.5,48.56,62.02,29.84,47.64
2026-04-29,3,2,2026-04-29 11:41:00,5,ゴールデンカップ,5,4145,小澤 学,3,44,54.2,0,0,0.25,3.85,13.64,32.95,4.36,23.29,42.47,35.16,50.68,41.78,53.78
2026-04-29,3,2,2026-04-29 11:41:00,5,ゴールデンカップ,6,4660,宇田川 信一,4,34,52.2,0,0,0.22,4.13,21.18,36.47,4.9,31.94,47.22,30.69,49.01,35.9,50.77
2026-04-29,3,3,2026-04-29 12:08:00,5,ゴールデンカップ,1,4245,高橋 直哉,3,44,53.3,0,0,0.19,4.65,26.58,44.3,5.16,32.76,48.28,31.1,45.93,35.27,52.66
2026-04-29,3,3,2026-04-29 12:08:00,5,ゴールデンカップ,2,4468,大池 佑来,1,39,51.5,0,0,0.13,6.31,37.82,57.14,6.75,47.22,59.72,35.55,57.35,35.81,52.56
2026-04-29,3,3,2026-04-29 12:08:00,5,ゴールデンカップ,3,4723,寺島 吉彦,3,40,50.5,0,0,0.18,4.49,29.67,39.56,5.95,42.71,58.33,40.19,62.62,29.78,47.11
2026-04-29,3,3,2026-04-29 12:08:00,5,ゴールデンカップ,4,3868,尾形 栄治,3,50,54.5,0,0,0.2,4.65,25.74,43.56,5.33,32.61,53.26,40.28,57.87,39.42,54.81
2026-04-29,3,3,2026-04-29 12:08:00,5,ゴールデンカップ,5,4875,大塚 康雅,3,31,51,0,0,0.18,5,27.06,45.88,5.13,32.63,48.42,26.34,41.94,38.18,52.27
2026-04-29,3,3,2026-04-29 12:08:00,5,ゴールデンカップ,6,5427,港 理樹,4,23,52.2,0,0,,2.35,1.16,9.3,0,0,0,41.67,57.41,34.93,50.24
2026-04-29,3,4,2026-04-29 12:35:00,5,ゴールデンカップ,1,5007,近藤 雄一郎,3,29,52.6,0,0,0.16,5.02,28.16,47.57,5.47,34.88,56.59,30,50,33.01,51.2
2026-04-29,3,4,2026-04-29 12:35:00,5,ゴールデンカップ,2,4880,澤崎 雄哉,3,30,52.7,0,0,0.17,5.33,36.23,56.52,5.49,34.33,53.73,28.85,46.15,39.15,54.72
2026-04-29,3,4,2026-04-29 12:35:00,5,ゴールデンカップ,3,4440,萩原 知哉,3,39,53.3,0,0,0.17,4.78,22.34,42.55,5.09,27.55,48.98,33.94,53.21,29.19,47.85
2026-04-29,3,4,2026-04-29 12:35:00,5,ゴールデンカップ,4,5292,佐藤 右京,3,24,55.9,0,0,0.19,3.86,14.29,30.95,3.51,14.47,28.95,34.27,50.7,33.18,48.82
2026-04-29,3,4,2026-04-29 12:35:00,5,ゴールデンカップ,5,4575,戸塚 邦好,1,37,52,1,0,0.13,5.91,37.5,60.23,6.51,51.16,62.79,35.48,51.61,38.73,57.84
2026-04-29,3,4,2026-04-29 12:35:00,5,ゴールデンカップ,6,5315,浅井 翼,3,25,50.5,1,0,0.17,2.67,9.38,17.19,2.69,9.84,18.03,41.78,54.93,33.19,52.4
2026-04-29,3,5,2026-04-29 13:02:00,5,ゴールデンカップ,1,3202,三品 隆浩,3,61,53,0,0,0.2,4.12,20.21,30.85,5.44,36.75,52.99,34.95,52.43,38.16,53.95
2026-04-29,3,5,2026-04-29 13:02:00,5,ゴールデンカップ,2,4366,前沢 丈史,1,40,55.3,0,0,0.15,6.85,50.35,74.83,6.9,53.09,71.6,40.65,56.07,28.18,46.41
2026-04-29,3,5,2026-04-29 13:02:00,5,ゴールデンカップ,3,4598,加藤 政彦,1,41,52.8,1,0,0.14,5.23,33.33,47.62,6.28,46.05,63.82,37.91,58.77,31.4,48.79
2026-04-29,3,5,2026-04-29 13:02:00,5,ゴールデンカップ,4,3340,池田 雷太,3,60,53.7,0,0,0.19,4.86,28.28,41.41,5.43,38.2,53.93,48.24,65.83,37.08,51.67
2026-04-29,3,5,2026-04-29 13:02:00,5,ゴールデンカップ,5,3277,齋藤 勇,3,59,52.9,0,0,0.17,4.14,18.48,34.78,4.85,28.18,43.64,31.07,49.51,37.14,50.95
2026-04-29,3,5,2026-04-29 13:02:00,5,ゴールデンカップ,6,5279,石渡 翔一郎,3,23,52.8,1,0,0.16,4.86,34.94,46.99,5.49,38.76,56.18,37.21,57.67,37.5,52.08
2026-04-29,3,6,2026-04-29 13:29:00,5,ゴールデンカップ,1,4945,上村 宏太,3,34,54.2,0,0,0.19,4.3,21.51,37.63,5.19,32.1,51.85,35.14,54.05,30.85,47.87
2026-04-29,3,6,2026-04-29 13:29:00,5,ゴールデンカップ,2,4318,桑原 将光,3,41,52.9,0,0,0.17,5.55,36.79,60.38,6.35,45.33,66,38.07,55.96,26.67,40.56
2026-04-29,3,6,2026-04-29 13:29:00,5,ゴールデンカップ,3,5063,大塚 雅治,3,28,52.7,1,0,0.17,4.49,22.54,42.25,3.62,17.95,28.21,32.71,47.66,29.8,48.99
2026-04-29,3,6,2026-04-29 13:29:00,5,ゴールデンカップ,4,3940,飯山 泰,1,48,52.4,0,0,0.15,6.32,45.77,61.27,6.1,37.93,55.17,37.04,54.17,33.5,49.5
2026-04-29,3,6,2026-04-29 13:29:00,5,ゴールデンカップ,5,4644,山田 亮太,2,47,52,0,0,0.15,6.21,46.96,63.48,5.42,31.67,51.67,33.93,51.79,29.41,51.18
2026-04-29,3,6,2026-04-29 13:29:00,5,ゴールデンカップ,6,3313,本吉 正樹,3,60,54.7,0,0,0.19,4.35,25,35.23,5,30.77,48.35,32.69,49.04,29.73,48.2
2026-04-29,3,7,2026-04-29 13:56:00,5,ゴールデンカップ,1,4723,寺島 吉彦,3,40,50.5,0,0,0.18,4.49,29.67,39.56,5.95,42.71,58.33,40.19,62.62,29.78,47.11
2026-04-29,3,7,2026-04-29 13:56:00,5,ゴールデンカップ,2,4619,伏田 裕隆,2,43,52.1,0,0,0.16,4.72,26.55,42.48,5.52,36.84,50.53,33.8,48.61,33.02,48.58
2026-04-29,3,7,2026-04-29 13:56:00,5,ゴールデンカップ,3,4379,桑島 和宏,1,41,56.4,0,0,0.16,5.66,37.1,54.84,6.23,44.12,60.78,45.16,58.06,39.91,55.16
2026-04-29,3,7,2026-04-29 13:56:00,5,ゴールデンカップ,4,5242,高山 弘斗,3,25,56.4,0,0,0.17,3.74,18.29,30.49,3.8,19.64,30.36,31.55,44.39,40,53.95
2026-04-29,3,7,2026-04-29 13:56:00,5,ゴールデンカップ,5,4258,関根 彰人,3,42,52.6,0,0,0.15,4.69,29.55,42.05,5.94,41.27,65.08,33.33,49.07,34.42,52.09
2026-04-29,3,7,2026-04-29 13:56:00,5,ゴールデンカップ,6,3303,渡辺 豊,3,58,53,0,0,0.2,5.19,30.83,50.83,6.25,43.44,68.03,36.32,49.53,40.64,57.99
2026-04-29,3,8,2026-04-29 14:24:00,5,ゴールデンカップ,1,4641,磯村 匠,3,34,52,0,0,0.18,5.01,27.78,47.78,5.36,31.91,46.81,43.41,56.59,27.73,43.64
2026-04-29,3,8,2026-04-29 14:24:00,5,ゴールデンカップ,2,4077,品田 直樹,3,47,52,0,0,0.18,5.4,32.11,52.29,5.49,35.38,55.38,29.5,53,34.74,47.89
2026-04-29,3,8,2026-04-29 14:24:00,5,ゴールデンカップ,3,4575,戸塚 邦好,1,37,52,1,0,0.13,5.91,37.5,60.23,6.51,51.16,62.79,35.48,51.61,38.73,57.84
2026-04-29,3,8,2026-04-29 14:24:00,5,ゴールデンカップ,4,4608,荒井 翔伍,2,36,53,0,0,0.16,5.97,43.59,62.82,6.55,39.62,67.92,34.58,48.6,32.84,47.55
2026-04-29,3,8,2026-04-29 14:24:00,5,ゴールデンカップ,5,4995,田邉 亮蔵,3,35,53.9,0,0,0.18,4.97,27.96,46.24,5.63,38.33,54.17,34.55,53.64,28.4,38.89
2026-04-29,3,8,2026-04-29 14:24:00,5,ゴールデンカップ,6,5427,港 理樹,4,23,52.2,0,0,,2.35,1.16,9.3,0,0,0,41.67,57.41,34.93,50.24
2026-04-29,3,9,2026-04-29 14:55:00,5,ゴールデンカップ,1,5288,尾道 佳諭,3,26,53.9,1,0,0.16,3.67,20.55,27.4,3.53,20.93,30.23,30.66,52.36,31.37,47.06
2026-04-29,3,9,2026-04-29 14:55:00,5,ゴールデンカップ,2,4748,渡邉 雄朗,1,39,52,1,0,0.13,6.68,52.17,65.22,6.71,47.1,67.74,29.27,45.37,33.94,45.87
2026-04-29,3,9,2026-04-29 14:55:00,5,ゴールデンカップ,3,3105,内山 文典,3,62,53.5,0,0,0.16,5.01,24.1,53.01,5.46,37.61,55.05,37.39,57.66,30.53,47.35
2026-04-29,3,9,2026-04-29 14:55:00,5,ゴールデンカップ,4,3517,高橋 勲,2,58,53.4,0,0,0.15,5.6,37.14,58.57,5.58,33.9,59.32,30.48,50.95,31.02,46.76
2026-04-29,3,9,2026-04-29 14:55:00,5,ゴールデンカップ,5,5279,石渡 翔一郎,3,23,52.8,1,0,0.16,4.86,34.94,46.99,5.49,38.76,56.18,37.21,57.67,37.5,52.08
2026-04-29,3,9,2026-04-29 14:55:00,5,ゴールデンカップ,6,4169,多田 有佑,3,43,53.3,1,0,0.21,3.79,19.48,29.87,4.31,20.83,37.5,48.56,62.02,29.84,47.64
2026-04-29,3,10,2026-04-29 15:24:00,5,ゴールデンカップ,1,4468,大池 佑来,1,39,51.5,0,0,0.13,6.31,37.82,57.14,6.75,47.22,59.72,35.55,57.35,35.81,52.56
2026-04-29,3,10,2026-04-29 15:24:00,5,ゴールデンカップ,2,4598,加藤 政彦,1,41,52.8,1,0,0.14,5.23,33.33,47.62,6.28,46.05,63.82,37.91,58.77,31.4,48.79
2026-04-29,3,10,2026-04-29 15:24:00,5,ゴールデンカップ,3,5095,小原 聡将,2,32,52.1,1,0,0.14,6.04,37.72,64.91,6.55,54.93,64.79,29.17,44.27,30.3,47.62
2026-04-29,3,10,2026-04-29 15:24:00,5,ゴールデンカップ,4,5070,中島 航,3,32,53.2,1,0,0.18,3.97,18.03,31.15,4.68,25.86,39.66,33.65,51.44,42.48,61.5
2026-04-29,3,10,2026-04-29 15:24:00,5,ゴールデンカップ,5,5292,佐藤 右京,3,24,55.9,0,0,0.19,3.86,14.29,30.95,3.51,14.47,28.95,34.27,50.7,33.18,48.82
2026-04-29,3,10,2026-04-29 15:24:00,5,ゴールデンカップ,6,5063,大塚 雅治,3,28,52.7,1,0,0.17,4.49,22.54,42.25,3.62,17.95,28.21,32.71,47.66,29.8,48.99
2026-04-29,3,11,2026-04-29 15:54:00,5,ゴールデンカップ,1,3940,飯山 泰,1,48,52.4,0,0,0.15,6.32,45.77,61.27,6.1,37.93,55.17,37.04,54.17,33.5,49.5
2026-04-29,3,11,2026-04-29 15:54:00,5,ゴールデンカップ,2,3277,齋藤 勇,3,59,52.9,0,0,0.17,4.14,18.48,34.78,4.85,28.18,43.64,31.07,49.51,37.14,50.95
2026-04-29,3,11,2026-04-29 15:54:00,5,ゴールデンカップ,3,3888,山本 英志,2,51,51,0,0,0.15,5.58,35.65,53.91,5.78,31.82,55.68,42.4,63.13,37.6,58.26
2026-04-29,3,11,2026-04-29 15:54:00,5,ゴールデンカップ,4,4438,森作 雄大,2,39,53.3,0,0,0.12,4.98,32.76,43.97,5.45,37.14,51.43,36.28,50.7,38.34,52.85
2026-04-29,3,11,2026-04-29 15:54:00,5,ゴールデンカップ,5,3868,尾形 栄治,3,50,54.5,0,0,0.2,4.65,25.74,43.56,5.33,32.61,53.26,40.28,57.87,39.42,54.81
2026-04-29,3,11,2026-04-29 15:54:00,5,ゴールデンカップ,6,4880,澤崎 雄哉,3,30,52.7,0,0,0.17,5.33,36.23,56.52,5.49,34.33,53.73,28.85,46.15,39.15,54.72
2026-04-29,3,12,2026-04-29 16:25:00,5,ゴールデンカップ,1,4366,前沢 丈史,1,40,55.3,0,0,0.15,6.85,50.35,74.83,6.9,53.09,71.6,40.65,56.07,28.18,46.41
2026-04-29,3,12,2026-04-29 16:25:00,5,ゴールデンカップ,2,4641,磯村 匠,3,34,52,0,0,0.18,5.01,27.78,47.78,5.36,31.91,46.81,43.41,56.59,27.73,43.64
2026-04-29,3,12,2026-04-29 16:25:00,5,ゴールデンカップ,3,5290,坂本 一真,3,24,52.1,0,0,0.19,3.65,14.56,27.18,2.71,6.33,16.46,38.12,52.91,35.29,51.13
2026-04-29,3,12,2026-04-29 16:25:00,5,ゴールデンカップ,4,4430,永田 秀二,2,40,55.6,0,0,0.17,5.83,40,58.46,6.14,41.11,57.78,26.32,41.15,34.6,50.71
2026-04-29,3,12,2026-04-29 16:25:00,5,ゴールデンカップ,5,4619,伏田 裕隆,2,43,52.1,0,0,0.16,4.72,26.55,42.48,5.52,36.84,50.53,33.8,48.61,33.02,48.58
2026-04-29,3,12,2026-04-29 16:25:00,5,ゴールデンカップ,6,4440,萩原 知哉,3,39,53.3,0,0,0.17,4.78,22.34,42.55,5.09,27.55,48.98,33.94,53.21,29.19,47.85
2026-04-29,4,1,2026-04-29 10:55:00,5,BTS黒石17周年記念ウェーブ21杯第72回報知杯,1,3502,渡邉 英児,3,56,52.5,0,0,0.18,5.76,40,57.65,5.32,40.91,54.55,32.66,49.75,33.74,48.47
2026-04-29,4,1,2026-04-29 10:55:00,5,BTS黒石17周年記念ウェーブ21杯第72回報知杯,2,5271,杉山 太陽,3,24,52,1,0,0.17,3.64,16.88,29.87,4,20,40,29.45,46.63,43.83,61.11
2026-04-29,4,1,2026-04-29 10:55:00,5,BTS黒石17周年記念ウェーブ21杯第72回報知杯,3,5157,市川 健太,3,28,54,1,0,0.16,4.48,23.53,37.65,0,0,0,32.78,51.67,36.36,61.36
2026-04-29,4,1,2026-04-29 10:55:00,5,BTS黒石17周年記念ウェーブ21杯第72回報知杯,4,4834,浜本 裕己,2,38,51.5,0,0,0.14,5.79,36.59,56.91,5,26.67,60,41.87,59.11,35.8,52.84
2026-04-29,4,1,2026-04-29 10:55:00,5,BTS黒石17周年記念ウェーブ21杯第72回報知杯,5,4093,吉田 宗弘,3,45,51,0,0,0.19,4.22,20,38.89,4.69,32.65,46.94,42.08,65.35,25.63,45
2026-04-29,4,1,2026-04-29 10:55:00,5,BTS黒石17周年記念ウェーブ21杯第72回報知杯,6,5419,櫻井 隼,4,20,52,1,0,0.22,2.17,1.67,6.67,1.73,0,0,34.8,51.96,32,47.43
2026-04-29,4,2,2026-04-29 11:24:00,5,BTS黒石17周年記念ウェーブ21杯第72回報知杯,1,3519,冨田 秀幸,3,57,52,0,0,0.15,4.49,17.53,38.14,5.45,18.18,54.55,28.17,42.96,25,44.19
2026-04-29,4,2,2026-04-29 11:24:00,5,BTS黒石17周年記念ウェーブ21杯第72回報知杯,2,5250,嶋田 有里,3,23,46,0,0,0.2,3.84,16.88,28.57,0,0,0,28.67,46,29.81,48.45
2026-04-29,4,2,2026-04-29 11:24:00,5,BTS黒石17周年記念ウェーブ21杯第72回報知杯,3,4421,森作 広大,3,37,56.1,1,0,0.17,3.57,10.39,29.87,4.44,21.95,41.46,40.1,56.44,27.81,46.15
2026-04-29,4,2,2026-04-29 11:24:00,5,BTS黒石17周年記念ウェーブ21杯第72回報知杯,4,4183,宇野 弥生,2,40,48.2,0,0,0.13,4.74,31.62,40.17,5.73,45.45,54.55,33.5,52.22,41.38,56.9
2026-04-29,4,2,2026-04-29 11:24:00,5,BTS黒石17周年記念ウェーブ21杯第72回報知杯,5,5422,真田 聖也,4,24,53.2,1,0,,1.43,0,0,1.33,0,0,36.22,51.02,26.83,42.07
2026-04-29,4,2,2026-04-29 11:24:00,5,BTS黒石17周年記念ウェーブ21杯第72回報知杯,6,4355,小川 広大,3,42,61.7,1,0,0.2,2.8,5.68,15.91,3.67,19.05,28.57,25.52,38.62,31.29,47.85
2026-04-29,4,3,2026-04-29 11:53:00,5,BTS黒石17周年記念ウェーブ21杯第72回報知杯,1,4518,大須賀 友,2,39,52.1,1,0,0.18,7.02,57.98,75.63,4.4,40,40,37.17,52.36,28.48,42.38
2026-04-29,4,3,2026-04-29 11:53:00,5,BTS黒石17周年記念ウェーブ21杯第72回報知杯,2,3463,乙津 康志,3,58,52,0,0,0.2,5.13,23.64,50.91,5.08,29.73,51.35,32.37,47.4,37.85,53.67
2026-04-29,4,3,2026-04-29 11:53:00,5,BTS黒石17周年記念ウェーブ21杯第72回報知杯,3,5313,鈴木 唯央,3,25,52,1,0,0.18,4.34,20.95,37.14,2.82,6,12,35.15,53.47,27.61,38.65
2026-04-29,4,3,2026-04-29 11:53:00,5,BTS黒石17周年記念ウェーブ21杯第72回報知杯,4,4766,石井 孝之,3,35,56,1,0,0.17,4.75,30.67,45.33,6,40,60,34,50.5,29.75,44.94
2026-04-29,4,3,2026-04-29 11:53:00,5,BTS黒石17周年記念ウェーブ21杯第72回報知杯,5,4765,野田部 宏子,3,35,53,1,0,0.12,4.91,31.4,43.02,4.62,23.08,46.15,47.85,63.64,47.88,60
2026-04-29,4,3,2026-04-29 11:53:00,5,BTS黒石17周年記念ウェーブ21杯第72回報知杯,6,5200,筒井 美琴,4,24,47,1,0,0.2,2.2,2.44,7.32,0,0,0,36.32,49.25,36.16,52.54
2026-04-29,4,4,2026-04-29 12:22:00,5,BTS黒石17周年記念ウェーブ21杯第72回報知杯,1,5281,井上 遥妃,1,23,46,1,0,0.14,6.48,49.02,62.75,0,0,0,26.12,42.54,33.33,47.02
2026-04-29,4,4,2026-04-29 12:22:00,5,BTS黒石17周年記念ウェーブ21杯第72回報知杯,2,4789,古賀 智之,2,36,52.7,0,0,0.17,5.68,39.45,56.88,0,0,0,29.58,42.96,22.08,43.51
2026-04-29,4,4,2026-04-29 12:22:00,5,BTS黒石17周年記念ウェーブ21杯第72回報知杯,3,3544,豊田 訓靖,4,57,52.3,0,0,0.21,3.47,17.78,24.44,4.58,15.79,47.37,26.71,40.41,30.18,50.3
2026-04-29,4,4,2026-04-29 12:22:00,5,BTS黒石17周年記念ウェーブ21杯第72回報知杯,4,3315,広瀬 聖仁,3,60,52.8,1,0,0.18,4.65,23.08,44.62,4.82,18.18,54.55,37.81,59.7,35.5,52.07
2026-04-29,4,4,2026-04-29 12:22:00,5,BTS黒石17周年記念ウェーブ21杯第72回報知杯,5,4408,仁科 さやか,3,40,47.8,1,0,0.18,3.49,16.95,27.12,0,0,0,31.52,45.45,36.52,55.62
2026-04-29,4,4,2026-04-29 12:22:00,5,BTS黒石17周年記念ウェーブ21杯第72回報知杯,6,5413,宮城 那菜,4,20,48.3,0,0,0.17,1.78,3.33,5,0,0,0,30.87,49.66,34.27,47.19
2026-04-29,4,5,2026-04-29 12:52:00,5,BTS黒石17周年記念ウェーブ21杯第72回報知杯,1,3995,重野 哲之,1,47,53,1,0,0.12,6.15,43.16,63.16,5.92,26.92,57.69,43.08,59.49,37.29,51.98
2026-04-29,4,5,2026-04-29 12:52:00,5,BTS黒石17周年記念ウェーブ21杯第72回報知杯,2,3793,高橋 真吾,3,53,56.9,1,0,0.17,4.39,26.79,44.64,3.28,5.56,16.67,33.33,48.33,35.54,54.82
2026-04-29,4,5,2026-04-29 12:52:00,5,BTS黒石17周年記念ウェーブ21杯第72回報知杯,3,5065,伊久間 陽優,3,27,52.6,1,0,0.12,5.86,48.48,57.58,5.56,44.44,55.56,35.47,54.68,25.32,44.3
2026-04-29,4,5,2026-04-29 12:52:00,5,BTS黒石17周年記念ウェーブ21杯第72回報知杯,4,4793,金子 萌,2,35,52,0,0,0.14,6.24,46.79,65.14,7.25,50,79.17,31.18,48.24,32.75,48.54
2026-04-29,4,5,2026-04-29 12:52:00,5,BTS黒石17周年記念ウェーブ21杯第72回報知杯,5,5271,杉山 太陽,3,24,52,1,0,0.17,3.64,16.88,29.87,4,20,40,29.45,46.63,43.83,61.11
2026-04-29,4,5,2026-04-29 12:52:00,5,BTS黒石17周年記念ウェーブ21杯第72回報知杯,6,3606,川北 浩貴,3,54,52.1,0,0,0.18,5.37,33.33,55.56,5.24,28.95,47.37,31.75,48.15,39.33,60.11
2026-04-29,4,6,2026-04-29 13:22:00,5,BTS黒石17周年記念ウェーブ21杯第72回報知杯,1,4057,松井 賢治,2,47,52.1,0,0,0.16,6,46.72,60.58,5.29,38.71,51.61,38.55,54.19,23.13,36.88
2026-04-29,4,6,2026-04-29 13:22:00,5,BTS黒石17周年記念ウェーブ21杯第72回報知杯,2,4639,雑賀 勇貴,3,35,53.4,0,0,0.16,4.43,25.26,35.79,4.8,30,50,39.29,58.16,34.78,53.8
2026-04-29,4,6,2026-04-29 13:22:00,5,BTS黒石17周年記念ウェーブ21杯第72回報知杯,3,4093,吉田 宗弘,3,45,51,0,0,0.19,4.22,20,38.89,4.69,32.65,46.94,42.08,65.35,25.63,45
2026-04-29,4,6,2026-04-29 13:22:00,5,BTS黒石17周年記念ウェーブ21杯第72回報知杯,4,4826,井上 一輝,1,31,52,1,0,0.13,6.97,50.75,67.91,6.09,36.36,72.73,34.45,50.24,34.13,48.5
2026-04-29,4,6,2026-04-29 13:22:00,5,BTS黒石17周年記念ウェーブ21杯第72回報知杯,5,5250,嶋田 有里,3,23,46,0,0,0.2,3.84,16.88,28.57,0,0,0,28.67,46,29.81,48.45
2026-04-29,4,6,2026-04-29 13:22:00,5,BTS黒石17周年記念ウェーブ21杯第72回報知杯,6,5422,真田 聖也,4,24,53.2,1,0,,1.43,0,0,1.33,0,0,36.22,51.02,26.83,42.07
2026-04-29,4,7,2026-04-29 13:53:00,5,BTS黒石17周年記念ウェーブ21杯第72回報知杯,1,5088,高憧 四季,1,26,44.5,0,0,0.16,6.84,54.11,66.44,0,0,0,41,57.5,27.14,41.43
2026-04-29,4,7,2026-04-29 13:53:00,5,BTS黒石17周年記念ウェーブ21杯第72回報知杯,2,3748,小黒 竜吾,3,50,56,0,0,0.17,4.41,20,38.95,4.03,15.63,37.5,33.33,48.09,37.72,56.29
2026-04-29,4,7,2026-04-29 13:53:00,5,BTS黒石17周年記念ウェーブ21杯第72回報知杯,3,5076,石原 光,3,30,54.2,0,0,0.16,5.43,36.14,56.63,4.08,16.67,33.33,39.39,56.06,29.82,43.86
2026-04-29,4,7,2026-04-29 13:53:00,5,BTS黒石17周年記念ウェーブ21杯第72回報知杯,4,5157,市川 健太,3,28,54,1,0,0.16,4.48,23.53,37.65,0,0,0,32.78,51.67,36.36,61.36
2026-04-29,4,7,2026-04-29 13:53:00,5,BTS黒石17周年記念ウェーブ21杯第72回報知杯,5,5419,櫻井 隼,4,20,52,1,0,0.22,2.17,1.67,6.67,1.73,0,0,34.8,51.96,32,47.43
2026-04-29,4,7,2026-04-29 13:53:00,5,BTS黒石17周年記念ウェーブ21杯第72回報知杯,6,4651,佐藤 大騎,3,41,52,1,0,0.16,4.07,19.51,31.71,5.06,33.33,44.44,37.81,52.24,33.14,48.52
2026-04-29,4,8,2026-04-29 14:24:00,5,BTS黒石17周年記念ウェーブ21杯第72回報知杯,1,4421,森作 広大,3,37,56.1,1,0,0.17,3.57,10.39,29.87,4.44,21.95,41.46,40.1,56.44,27.81,46.15
2026-04-29,4,8,2026-04-29 14:24:00,5,BTS黒石17周年記念ウェーブ21杯第72回報知杯,2,4766,石井 孝之,3,35,56,1,0,0.17,4.75,30.67,45.33,6,40,60,34,50.5,29.75,44.94
2026-04-29,4,8,2026-04-29 14:24:00,5,BTS黒石17周年記念ウェーブ21杯第72回報知杯,3,4834,浜本 裕己,2,38,51.5,0,0,0.14,5.79,36.59,56.91,5,26.67,60,41.87,59.11,35.8,52.84
2026-04-29,4,8,2026-04-29 14:24:00,5,BTS黒石17周年記念ウェーブ21杯第72回報知杯,4,4408,仁科 さやか,3,40,47.8,1,0,0.18,3.49,16.95,27.12,0,0,0,31.52,45.45,36.52,55.62
2026-04-29,4,8,2026-04-29 14:24:00,5,BTS黒石17周年記念ウェーブ21杯第72回報知杯,5,5413,宮城 那菜,4,20,48.3,0,0,0.17,1.78,3.33,5,0,0,0,30.87,49.66,34.27,47.19
2026-04-29,4,8,2026-04-29 14:24:00,5,BTS黒石17周年記念ウェーブ21杯第72回報知杯,6,4630,岩永 雅人,2,39,52,2,0,0.16,5.65,36,59,5.09,27.27,45.45,34.02,55.67,36.65,57.76
2026-04-29,4,9,2026-04-29 14:56:00,5,BTS黒石17周年記念ウェーブ21杯第72回報知杯,1,3606,川北 浩貴,3,54,52.1,0,0,0.18,5.37,33.33,55.56,5.24,28.95,47.37,31.75,48.15,39.33,60.11
2026-04-29,4,9,2026-04-29 14:56:00,5,BTS黒石17周年記念ウェーブ21杯第72回報知杯,2,4183,宇野 弥生,2,40,48.2,0,0,0.13,4.74,31.62,40.17,5.73,45.45,54.55,33.5,52.22,41.38,56.9
2026-04-29,4,9,2026-04-29 14:56:00,5,BTS黒石17周年記念ウェーブ21杯第72回報知杯,3,3315,広瀬 聖仁,3,60,52.8,1,0,0.18,4.65,23.08,44.62,4.82,18.18,54.55,37.81,59.7,35.5,52.07
2026-04-29,4,9,2026-04-29 14:56:00,5,BTS黒石17周年記念ウェーブ21杯第72回報知杯,4,5065,伊久間 陽優,3,27,52.6,1,0,0.12,5.86,48.48,57.58,5.56,44.44,55.56,35.47,54.68,25.32,44.3
2026-04-29,4,9,2026-04-29 14:56:00,5,BTS黒石17周年記念ウェーブ21杯第72回報知杯,5,3463,乙津 康志,3,58,52,0,0,0.2,5.13,23.64,50.91,5.08,29.73,51.35,32.37,47.4,37.85,53.67
2026-04-29,4,9,2026-04-29 14:56:00,5,BTS黒石17周年記念ウェーブ21杯第72回報知杯,6,3502,渡邉 英児,3,56,52.5,0,0,0.18,5.76,40,57.65,5.32,40.91,54.55,32.66,49.75,33.74,48.47
2026-04-29,4,10,2026-04-29 15:29:00,5,BTS黒石17周年記念ウェーブ21杯第72回報知杯,1,4793,金子 萌,2,35,52,0,0,0.14,6.24,46.79,65.14,7.25,50,79.17,31.18,48.24,32.75,48.54
2026-04-29,4,10,2026-04-29 15:29:00,5,BTS黒石17周年記念ウェーブ21杯第72回報知杯,2,5313,鈴木 唯央,3,25,52,1,0,0.18,4.34,20.95,37.14,2.82,6,12,35.15,53.47,27.61,38.65
2026-04-29,4,10,2026-04-29 15:29:00,5,BTS黒石17周年記念ウェーブ21杯第72回報知杯,3,4639,雑賀 勇貴,3,35,53.4,0,0,0.16,4.43,25.26,35.79,4.8,30,50,39.29,58.16,34.78,53.8
2026-04-29,4,10,2026-04-29 15:29:00,5,BTS黒石17周年記念ウェーブ21杯第72回報知杯,4,3995,重野 哲之,1,47,53,1,0,0.12,6.15,43.16,63.16,5.92,26.92,57.69,43.08,59.49,37.29,51.98
2026-04-29,4,10,2026-04-29 15:29:00,5,BTS黒石17周年記念ウェーブ21杯第72回報知杯,5,5281,井上 遥妃,1,23,46,1,0,0.14,6.48,49.02,62.75,0,0,0,26.12,42.54,33.33,47.02
2026-04-29,4,10,2026-04-29 15:29:00,5,BTS黒石17周年記念ウェーブ21杯第72回報知杯,6,4057,松井 賢治,2,47,52.1,0,0,0.16,6,46.72,60.58,5.29,38.71,51.61,38.55,54.19,23.13,36.88
2026-04-29,4,11,2026-04-29 16:03:00,5,BTS黒石17周年記念ウェーブ21杯第72回報知杯,1,4826,井上 一輝,1,31,52,1,0,0.13,6.97,50.75,67.91,6.09,36.36,72.73,34.45,50.24,34.13,48.5
2026-04-29,4,11,2026-04-29 16:03:00,5,BTS黒石17周年記念ウェーブ21杯第72回報知杯,2,5076,石原 光,3,30,54.2,0,0,0.16,5.43,36.14,56.63,4.08,16.67,33.33,39.39,56.06,29.82,43.86
2026-04-29,4,11,2026-04-29 16:03:00,5,BTS黒石17周年記念ウェーブ21杯第72回報知杯,3,4789,古賀 智之,2,36,52.7,0,0,0.17,5.68,39.45,56.88,0,0,0,29.58,42.96,22.08,43.51
2026-04-29,4,11,2026-04-29 16:03:00,5,BTS黒石17周年記念ウェーブ21杯第72回報知杯,4,5088,高憧 四季,1,26,44.5,0,0,0.16,6.84,54.11,66.44,0,0,0,41,57.5,27.14,41.43
2026-04-29,4,11,2026-04-29 16:03:00,5,BTS黒石17周年記念ウェーブ21杯第72回報知杯,5,3519,冨田 秀幸,3,57,52,0,0,0.15,4.49,17.53,38.14,5.45,18.18,54.55,28.17,42.96,25,44.19
2026-04-29,4,11,2026-04-29 16:03:00,5,BTS黒石17周年記念ウェーブ21杯第72回報知杯,6,4518,大須賀 友,2,39,52.1,1,0,0.18,7.02,57.98,75.63,4.4,40,40,37.17,52.36,28.48,42.38
2026-04-29,4,12,2026-04-29 16:38:00,5,BTS黒石17周年記念ウェーブ21杯第72回報知杯,1,4337,平本 真之,1,41,53.2,0,0,0.13,7.26,47.27,68.18,5.43,28.57,57.14,35.57,55.15,38.01,57.89
2026-04-29,4,12,2026-04-29 16:38:00,5,BTS黒石17周年記念ウェーブ21杯第72回報知杯,2,4760,山崎 郡,1,36,51.5,0,0,0.14,7.33,50.68,69.86,6,40,60,47.22,67.13,42.93,59.78
2026-04-29,4,12,2026-04-29 16:38:00,5,BTS黒石17周年記念ウェーブ21杯第72回報知杯,3,4659,木下 翔太,1,35,53.4,0,0,0.14,6.67,41.09,64.34,6.47,23.53,64.71,42.13,53.3,36.16,52.54
2026-04-29,4,12,2026-04-29 16:38:00,5,BTS黒石17周年記念ウェーブ21杯第72回報知杯,4,4342,谷野 錬志,1,41,52.3,1,0,0.14,6.11,44.17,55.83,7.29,58.82,82.35,34.47,56.8,31.74,47.9
2026-04-29,4,12,2026-04-29 16:38:00,5,BTS黒石17周年記念ウェーブ21杯第72回報知杯,5,3841,佐々木 和伸,2,49,54.1,0,0,0.16,5.76,38.04,57.61,0,0,0,46.83,65.37,39.88,57.23
2026-04-29,4,12,2026-04-29 16:38:00,5,BTS黒石17周年記念ウェーブ21杯第72回報知杯,6,4794,和田 拓也,1,35,52.1,0,0,0.13,6.7,48.48,69.7,7,50,83.33,31.18,46.47,32.5,50.63
2026-04-29,5,1,2026-04-29 12:02:00,5,第33回多摩川さつき杯,1,3812,山崎 聖司,3,50,51.5,1,0,0.16,4.4,21.11,43.33,4.1,16,42,0,0,12.5,12.5
2026-04-29,5,1,2026-04-29 12:02:00,5,第33回多摩川さつき杯,2,3792,田中 豪,2,53,52.6,0,0,0.15,6.62,52.17,71.74,5.98,45,65,36.36,81.82,0,0
2026-04-29,5,1,2026-04-29 12:02:00,5,第33回多摩川さつき杯,3,3859,多羅尾 達之,3,52,50.5,0,0,0.15,4.72,29.58,43.66,4.32,27.66,42.55,0,0,0,0
2026-04-29,5,1,2026-04-29 12:02:00,5,第33回多摩川さつき杯,4,3226,浦田 信義,3,60,52,1,0,0.18,4.98,31.71,46.34,3.88,5.88,41.18,40,40,22.22,33.33
2026-04-29,5,1,2026-04-29 12:02:00,5,第33回多摩川さつき杯,5,4117,廣中 智紗衣,1,45,46,1,0,0.2,5.86,41.28,63.3,5.81,35.59,64.41,22.22,33.33,0,0
2026-04-29,5,1,2026-04-29 12:02:00,5,第33回多摩川さつき杯,6,5190,大月 遊雅,3,25,52,0,0,0.18,4.47,22.47,42.7,4.59,27.59,44.83,44.44,44.44,50,60
2026-04-29,5,2,2026-04-29 12:34:00,5,第33回多摩川さつき杯,1,5201,村上 宗太郎,3,23,52.4,0,0,0.22,5.39,34.78,52.17,5.02,37.78,46.67,50,80,16.67,33.33
2026-04-29,5,2,2026-04-29 12:34:00,5,第33回多摩川さつき杯,2,3771,折下 寛法,3,52,51.5,0,0,0.16,5.3,32.65,55.1,5.21,26.32,47.37,30,60,12.5,12.5
2026-04-29,5,2,2026-04-29 12:34:00,5,第33回多摩川さつき杯,3,4085,荻野 裕介,3,46,52,0,0,0.2,4.99,25.37,49.25,4.05,18.18,36.36,33.33,44.44,0,0
2026-04-29,5,2,2026-04-29 12:34:00,5,第33回多摩川さつき杯,4,4134,杉山 貴博,2,45,52.3,1,0,0.16,5.98,44.44,62.04,6.16,40.43,68.09,40,60,0,0
2026-04-29,5,2,2026-04-29 12:34:00,5,第33回多摩川さつき杯,5,4335,若林 将,1,42,52.2,0,0,0.12,7.29,54.55,79.34,7.17,50.79,76.19,0,0,25,25
2026-04-29,5,2,2026-04-29 12:34:00,5,第33回多摩川さつき杯,6,5433,米本 圭佑,4,21,51,1,0,,1.8,1.82,3.64,1.22,0,0,0,0,50,60
2026-04-29,5,3,2026-04-29 13:04:00,5,第33回多摩川さつき杯,1,4863,三浦 裕貴,3,37,52.3,0,0,0.15,4.93,26.09,50.72,5.6,32,56,44.44,55.56,40,50
2026-04-29,5,3,2026-04-29 13:04:00,5,第33回多摩川さつき杯,2,4847,佐藤 隆太郎,1,31,52,0,0,0.13,6.34,41.46,59.76,6.64,45.76,72.88,50,60,12.5,12.5
2026-04-29,5,3,2026-04-29 13:04:00,5,第33回多摩川さつき杯,3,3377,塚田 修二,3,58,53.7,0,0,0.18,3.81,17.81,31.51,4.27,19.61,41.18,0,0,0,0
2026-04-29,5,3,2026-04-29 13:04:00,5,第33回多摩川さつき杯,4,4095,福来 剛,1,44,52,0,0,0.13,7.25,60.45,75.37,6.92,50,72.22,0,0,0,0
2026-04-29,5,3,2026-04-29 13:04:00,5,第33回多摩川さつき杯,5,4791,黒澤 めぐみ,2,36,46.5,1,0,0.17,5.15,33.72,50,4.85,32.08,47.17,66.67,88.89,0,0
2026-04-29,5,3,2026-04-29 13:04:00,5,第33回多摩川さつき杯,6,4818,伏見 俊介,4,34,56.4,2,0,0.11,3.87,34.78,34.78,5.26,40.74,48.15,27.27,63.64,11.11,33.33
2026-04-29,5,4,2026-04-29 13:34:00,5,第33回多摩川さつき杯,1,5314,中曽 瑠華,4,25,49.9,0,0,0.18,3.34,11.76,23.53,2.23,8.33,13.33,0,0,11.11,33.33
2026-04-29,5,4,2026-04-29 13:34:00,5,第33回多摩川さつき杯,2,3256,三角 哲男,2,59,52,0,0,0.14,6.36,46.15,67.31,6.71,52.33,68.6,0,0,0,0
2026-04-29,5,4,2026-04-29 13:34:00,5,第33回多摩川さつき杯,3,5096,上原 崚,2,30,52,1,0,0.13,5.64,36.45,53.27,5.92,43.69,57.28,0,0,11.11,11.11
2026-04-29,5,4,2026-04-29 13:34:00,5,第33回多摩川さつき杯,4,4928,栗城 匠,1,30,52.3,0,0,0.14,6.59,49.06,63.21,6.63,50,70.83,60,80,11.11,44.44
2026-04-29,5,4,2026-04-29 13:34:00,5,第33回多摩川さつき杯,5,3072,西田 靖,3,64,52.7,1,0,0.15,4.17,21.95,37.8,4.06,29.03,35.48,40,50,0,0
2026-04-29,5,4,2026-04-29 13:34:00,5,第33回多摩川さつき杯,6,5436,市川 瑚幸,4,20,46.5,0,0,,1.08,0,0,0.86,0,0,0,0,11.11,33.33
2026-04-29,5,5,2026-04-29 14:03:00,5,第33回多摩川さつき杯,1,3226,浦田 信義,3,60,52,1,0,0.18,4.98,31.71,46.34,3.88,5.88,41.18,40,40,22.22,33.33
2026-04-29,5,5,2026-04-29 14:03:00,5,第33回多摩川さつき杯,2,4286,平田 さやか,2,41,47.6,0,0,0.15,5.56,34.75,53.9,6.24,42.42,60.61,33.33,44.44,66.67,88.89
2026-04-29,5,5,2026-04-29 14:03:00,5,第33回多摩川さつき杯,3,4114,深澤 達徳,3,45,52.2,0,0,0.21,4.98,23.81,50.79,5.67,36.36,58.18,36.36,81.82,0,0
2026-04-29,5,5,2026-04-29 14:03:00,5,第33回多摩川さつき杯,4,4460,後藤 翔之,2,40,54.2,1,0,0.14,6.09,40.34,61.34,6.09,41.18,64.71,0,0,40,50
2026-04-29,5,5,2026-04-29 14:03:00,5,第33回多摩川さつき杯,5,4688,永井 彪也,1,33,52.3,0,0,0.13,6.34,43.88,57.14,7.29,49.21,73.02,0,0,44.44,55.56
2026-04-29,5,5,2026-04-29 14:03:00,5,第33回多摩川さつき杯,6,5415,阿部 未侑,4,20,52.4,2,0,0.25,1.3,0,1.43,1.09,0,0,50,60,44.44,44.44
2026-04-29,5,6,2026-04-29 14:36:00,5,第33回多摩川さつき杯,1,5133,堀越 雄貴,3,26,51.5,1,0,0.16,5.14,30.59,50.59,4.44,23.53,44.12,30,40,22.22,55.56
2026-04-29,5,6,2026-04-29 14:36:00,5,第33回多摩川さつき杯,2,4297,山田 哲也,1,43,52,1,0,0.12,6.45,46.77,62.9,7.15,56.25,75,0,0,0,0
2026-04-29,5,6,2026-04-29 14:36:00,5,第33回多摩川さつき杯,3,4086,寺本 重宣,2,45,50,0,0,0.14,6.22,43.93,64.49,6.28,41.51,66.04,70,90,22.22,55.56
2026-04-29,5,6,2026-04-29 14:36:00,5,第33回多摩川さつき杯,4,4676,後藤 隼之,3,38,54.9,0,0,0.15,5.66,35,57,5.66,39.62,52.83,0,0,22.22,22.22
2026-04-29,5,6,2026-04-29 14:36:00,5,第33回多摩川さつき杯,5,4759,今泉 友吾,1,36,52,0,0,0.15,6.64,41.3,64.13,7.08,54.24,72.88,80,90,0,0
2026-04-29,5,6,2026-04-29 14:36:00,5,第33回多摩川さつき杯,6,5433,米本 圭佑,4,21,51,1,0,,1.8,1.82,3.64,1.22,0,0,0,0,50,60
2026-04-29,5,7,2026-04-29 15:06:00,5,第33回多摩川さつき杯,1,4134,杉山 貴博,2,45,52.3,1,0,0.16,5.98,44.44,62.04,6.16,40.43,68.09,40,60,0,0
2026-04-29,5,7,2026-04-29 15:06:00,5,第33回多摩川さつき杯,2,3859,多羅尾 達之,3,52,50.5,0,0,0.15,4.72,29.58,43.66,4.32,27.66,42.55,0,0,0,0
2026-04-29,5,7,2026-04-29 15:06:00,5,第33回多摩川さつき杯,3,4075,中野 次郎,1,44,54.5,1,0,0.13,6.38,42.4,60.8,7.1,53.13,72.92,40,50,0,0
2026-04-29,5,7,2026-04-29 15:06:00,5,第33回多摩川さつき杯,4,5228,若林 樹蘭,4,23,52.1,1,0,0.16,6.13,41.18,61.76,5.67,33.33,44.44,0,0,0,0
2026-04-29,5,7,2026-04-29 15:06:00,5,第33回多摩川さつき杯,5,4818,伏見 俊介,4,34,56.4,2,0,0.11,3.87,34.78,34.78,5.26,40.74,48.15,27.27,63.64,11.11,33.33
2026-04-29,5,7,2026-04-29 15:06:00,5,第33回多摩川さつき杯,6,4792,杉村 賢也,2,36,51.5,2,0,0.16,5.24,30.68,47.73,5.19,38.3,48.94,0,0,44.44,44.44
2026-04-29,5,8,2026-04-29 15:40:00,5,第33回多摩川さつき杯,1,4095,福来 剛,1,44,52,0,0,0.13,7.25,60.45,75.37,6.92,50,72.22,0,0,0,0
2026-04-29,5,8,2026-04-29 15:40:00,5,第33回多摩川さつき杯,2,5044,渡邉 健,3,27,57.9,0,0,0.14,4.52,26.83,41.46,6,43.4,60.38,33.33,55.56,0,0
2026-04-29,5,8,2026-04-29 15:40:00,5,第33回多摩川さつき杯,3,5201,村上 宗太郎,3,23,52.4,0,0,0.22,5.39,34.78,52.17,5.02,37.78,46.67,50,80,16.67,33.33
2026-04-29,5,8,2026-04-29 15:40:00,5,第33回多摩川さつき杯,4,4117,廣中 智紗衣,1,45,46,1,0,0.2,5.86,41.28,63.3,5.81,35.59,64.41,22.22,33.33,0,0
2026-04-29,5,8,2026-04-29 15:40:00,5,第33回多摩川さつき杯,5,2538,高橋 二朗,3,77,52,0,0,0.21,3.46,6.9,21.84,3.83,15.09,26.42,54.55,72.73,20,60
2026-04-29,5,8,2026-04-29 15:40:00,5,第33回多摩川さつき杯,6,4891,寺島 美里,3,36,47,1,0,0.15,4.86,23.4,42.55,5.49,37.84,54.05,0,0,30,40
2026-04-29,5,9,2026-04-29 16:13:00,5,第33回多摩川さつき杯,1,4627,藤原 菜希,2,40,48.1,2,0,0.15,6.3,48.6,63.55,6.68,49.12,68.42,36.36,45.45,60,80
2026-04-29,5,9,2026-04-29 16:13:00,5,第33回多摩川さつき杯,2,4496,内堀 学,2,38,52,0,0,0.18,6.91,60.61,70.45,6.24,43.14,64.71,44.44,44.44,0,0
2026-04-29,5,9,2026-04-29 16:13:00,5,第33回多摩川さつき杯,3,4863,三浦 裕貴,3,37,52.3,0,0,0.15,4.93,26.09,50.72,5.6,32,56,44.44,55.56,40,50
2026-04-29,5,9,2026-04-29 16:13:00,5,第33回多摩川さつき杯,4,3771,折下 寛法,3,52,52,0,0,0.16,5.3,32.65,55.1,5.21,26.32,47.37,30,60,12.5,12.5
2026-04-29,5,9,2026-04-29 16:13:00,5,第33回多摩川さつき杯,5,3792,田中 豪,2,53,52.6,0,0,0.15,6.62,52.17,71.74,5.98,45,65,36.36,81.82,0,0
2026-04-29,5,9,2026-04-29 16:13:00,5,第33回多摩川さつき杯,6,5436,市川 瑚幸,4,20,46.5,0,0,,1.08,0,0,0.86,0,0,0,0,11.11,33.33
2026-04-29,5,10,2026-04-29 16:45:00,5,第33回多摩川さつき杯,1,4286,平田 さやか,2,41,47.6,0,0,0.15,5.56,34.75,53.9,6.24,42.42,60.61,33.33,44.44,66.67,88.89
2026-04-29,5,10,2026-04-29 16:45:00,5,第33回多摩川さつき杯,2,4086,寺本 重宣,2,45,50,0,0,0.14,6.22,43.93,64.49,6.28,41.51,66.04,70,90,22.22,55.56
2026-04-29,5,10,2026-04-29 16:45:00,5,第33回多摩川さつき杯,3,4335,若林 将,1,42,52.2,0,0,0.12,7.29,54.55,79.34,7.17,50.79,76.19,0,0,25,25
2026-04-29,5,10,2026-04-29 16:45:00,5,第33回多摩川さつき杯,4,4906,鈴木 雅希,3,31,52.6,1,0,0.14,5.84,40,64.71,6.07,48.33,63.33,0,0,0,0
2026-04-29,5,10,2026-04-29 16:45:00,5,第33回多摩川さつき杯,5,3256,三角 哲男,2,59,52,0,0,0.14,6.36,46.15,67.31,6.71,52.33,68.6,0,0,0,0
2026-04-29,5,10,2026-04-29 16:45:00,5,第33回多摩川さつき杯,6,3377,塚田 修二,3,58,53.7,0,0,0.18,3.81,17.81,31.51,4.27,19.61,41.18,0,0,0,0
2026-04-29,5,11,2026-04-29 17:13:00,5,第33回多摩川さつき杯,1,4759,今泉 友吾,1,36,52,0,0,0.15,6.64,41.3,64.13,7.08,54.24,72.88,80,90,0,0
2026-04-29,5,11,2026-04-29 17:13:00,5,第33回多摩川さつき杯,2,4791,黒澤 めぐみ,2,36,46.5,1,0,0.17,5.15,33.72,50,4.85,32.08,47.17,66.67,88.89,0,0
2026-04-29,5,11,2026-04-29 17:13:00,5,第33回多摩川さつき杯,3,4266,長田 頼宗,1,40,52,0,0,0.14,6.43,41.03,56.41,6.65,49.02,62.75,0,0,33.33,50
2026-04-29,5,11,2026-04-29 17:13:00,5,第33回多摩川さつき杯,4,5096,上原 崚,2,30,52,1,0,0.13,5.64,36.45,53.27,5.92,43.69,57.28,0,0,11.11,11.11
2026-04-29,5,11,2026-04-29 17:13:00,5,第33回多摩川さつき杯,5,5331,佐藤 永梧,3,22,54.5,0,0,0.15,4.1,24.39,34.15,4,26.03,32.88,44.44,66.67,40,60
2026-04-29,5,11,2026-04-29 17:13:00,5,第33回多摩川さつき杯,6,4114,深澤 達徳,3,45,52.2,0,0,0.21,4.98,23.81,50.79,5.67,36.36,58.18,36.36,81.82,0,0
2026-04-29,5,12,2026-04-29 17:42:00,5,第33回多摩川さつき杯,1,4075,中野 次郎,1,44,54.5,1,0,0.13,6.38,42.4,60.8,7.1,53.13,72.92,40,50,0,0
2026-04-29,5,12,2026-04-29 17:42:00,5,第33回多摩川さつき杯,2,4460,後藤 翔之,2,40,54.2,1,0,0.14,6.09,40.34,61.34,6.09,41.18,64.71,0,0,40,50
2026-04-29,5,12,2026-04-29 17:42:00,5,第33回多摩川さつき杯,3,3072,西田 靖,3,64,52.7,1,0,0.15,4.17,21.95,37.8,4.06,29.03,35.48,40,50,0,0
2026-04-29,5,12,2026-04-29 17:42:00,5,第33回多摩川さつき杯,4,4297,山田 哲也,1,43,52,1,0,0.12,6.45,46.77,62.9,7.15,56.25,75,0,0,0,0
2026-04-29,5,12,2026-04-29 17:42:00,5,第33回多摩川さつき杯,5,4847,佐藤 隆太郎,1,31,52,0,0,0.13,6.34,41.46,59.76,6.64,45.76,72.88,50,60,12.5,12.5
2026-04-29,5,12,2026-04-29 17:42:00,5,第33回多摩川さつき杯,6,4085,荻野 裕介,3,46,52,0,0,0.2,4.99,25.37,49.25,4.05,18.18,36.36,33.33,44.44,0,0
2026-04-29,6,1,2026-04-29 11:37:00,5,中日新聞東海本社杯・中日スポーツゴールドカップ,1,5269,山口 晃朋,3,25,52,1,0,0.13,5.52,38.64,50,4.86,30.3,43.18,33.33,55.56,39.39,62.12
2026-04-29,6,1,2026-04-29 11:37:00,5,中日新聞東海本社杯・中日スポーツゴールドカップ,2,3950,石川 哲秀,3,49,56.5,0,0,0.16,3.91,19.35,35.48,3.69,15.63,31.25,0,22.22,28.46,48.78
2026-04-29,6,1,2026-04-29 11:37:00,5,中日新聞東海本社杯・中日スポーツゴールドカップ,3,5340,樋江井 舞,3,24,46,0,0,0.18,3.84,13.48,31.46,3,22.22,22.22,28.57,57.14,28.18,49.09
2026-04-29,6,1,2026-04-29 11:37:00,5,中日新聞東海本社杯・中日スポーツゴールドカップ,4,5031,渡辺 空依,3,28,52.8,0,0,0.2,4.51,20.22,43.82,0,0,0,0,42.86,29.69,41.41
2026-04-29,6,1,2026-04-29 11:37:00,5,中日新聞東海本社杯・中日スポーツゴールドカップ,5,5310,土屋 蘭,3,21,45.5,0,0,0.2,4.06,14.29,34.29,2.44,0,11.11,28.57,28.57,33.33,48.06
2026-04-29,6,1,2026-04-29 11:37:00,5,中日新聞東海本社杯・中日スポーツゴールドカップ,6,4004,山本 浩輔,3,48,52.1,1,0,0.19,5.35,32.73,53.64,0,0,0,71.43,85.71,38.64,56.06
2026-04-29,6,2,2026-04-29 12:12:00,5,中日新聞東海本社杯・中日スポーツゴールドカップ,1,3696,白井 友晴,3,53,52.4,0,0,0.19,4.95,23.53,43.53,5,25,45,14.29,57.14,37.69,48.46
2026-04-29,6,2,2026-04-29 12:12:00,5,中日新聞東海本社杯・中日スポーツゴールドカップ,2,3680,森林 太,3,53,53,0,0,0.19,4.58,26.67,37.78,3.78,16.67,22.22,11.11,33.33,36.92,52.31
2026-04-29,6,2,2026-04-29 12:12:00,5,中日新聞東海本社杯・中日スポーツゴールドカップ,3,4231,鈴木 裕隆,2,42,55.9,0,0,0.17,5.28,27.87,52.46,6.19,32.26,61.29,11.11,33.33,39.23,56.92
2026-04-29,6,2,2026-04-29 12:12:00,5,中日新聞東海本社杯・中日スポーツゴールドカップ,4,4380,鈴木 峻佑,3,41,53.6,0,0,0.17,4.38,23.81,35.71,4.74,29.79,40.43,16.67,33.33,27.2,45.6
2026-04-29,6,2,2026-04-29 12:12:00,5,中日新聞東海本社杯・中日スポーツゴールドカップ,5,4228,吉田 慎二郎,2,43,55.4,0,0,0.18,5.86,39.39,60.61,5.64,40,52,21.43,35.71,37.1,54.84
2026-04-29,6,2,2026-04-29 12:12:00,5,中日新聞東海本社杯・中日スポーツゴールドカップ,6,4973,栗原 直也,2,33,52,0,0,0.18,5.03,31.9,45.69,5,22.22,44.44,12.5,12.5,33.59,50.38
2026-04-29,6,3,2026-04-29 12:41:00,5,中日新聞東海本社杯・中日スポーツゴールドカップ,1,3690,河合 三弘,3,55,53.6,0,0,0.18,4.35,22.83,40.22,5.28,36,52,0,0,27.27,40.91
2026-04-29,6,3,2026-04-29 12:41:00,5,中日新聞東海本社杯・中日スポーツゴールドカップ,2,4779,伊倉 光,3,40,52,0,0,0.16,5.14,28.57,47.62,6,38.1,52.38,0,14.29,35.04,54.7
2026-04-29,6,3,2026-04-29 12:41:00,5,中日新聞東海本社杯・中日スポーツゴールドカップ,3,4746,大豆生田 蒼,2,31,47.3,1,0,0.16,5.23,28.13,50,6.08,33.33,54.17,0,14.29,31.78,49.61
2026-04-29,6,3,2026-04-29 12:41:00,5,中日新聞東海本社杯・中日スポーツゴールドカップ,4,3963,原田 秀弥,3,47,55.1,0,0,0.16,5.78,37.72,58.77,4.14,14.29,28.57,16.67,33.33,34.4,44.8
2026-04-29,6,3,2026-04-29 12:41:00,5,中日新聞東海本社杯・中日スポーツゴールドカップ,5,4233,亀山 雅幸,2,42,52,0,0,0.18,5.94,40.18,64.29,5.35,29.73,64.86,11.11,22.22,38.17,58.02
2026-04-29,6,3,2026-04-29 12:41:00,5,中日新聞東海本社杯・中日スポーツゴールドカップ,6,4376,藤田 靖弘,2,41,52.6,0,0,0.16,5.56,39.1,52.63,5.5,41.3,47.83,53.33,66.67,36.22,49.61
2026-04-29,6,4,2026-04-29 13:08:00,5,中日新聞東海本社杯・中日スポーツゴールドカップ,1,4011,堀之内 紀代子,1,46,47,1,0,0.15,5.54,35.37,50,0,0,0,50,62.5,27.5,40.83
2026-04-29,6,4,2026-04-29 13:08:00,5,中日新聞東海本社杯・中日スポーツゴールドカップ,2,5332,村松 遥輝,3,22,52.4,1,0,0.16,4.24,22.02,37.61,3.78,18.75,28.75,37.5,50,36.36,46.21
2026-04-29,6,4,2026-04-29 13:08:00,5,中日新聞東海本社杯・中日スポーツゴールドカップ,3,3850,小川 知行,3,53,52.7,0,0,0.15,5.05,33.03,49.54,4.86,30.56,41.67,27.27,27.27,31.5,46.46
2026-04-29,6,4,2026-04-29 13:08:00,5,中日新聞東海本社杯・中日スポーツゴールドカップ,4,4844,村上 奈穂,3,33,48.7,0,0,0.17,5.03,32,46.4,3.89,5.56,38.89,0,42.86,45.52,58.21
2026-04-29,6,4,2026-04-29 13:08:00,5,中日新聞東海本社杯・中日スポーツゴールドカップ,5,4129,宇野 博之,3,46,53.8,1,0,0.18,4.12,18.56,32.99,4.8,29.41,43.14,0,16.67,30.53,54.2
2026-04-29,6,4,2026-04-29 13:08:00,5,中日新聞東海本社杯・中日スポーツゴールドカップ,6,3857,阿波 勝哉,3,53,55.2,1,0,0.2,4.69,26.21,37.86,4.44,22.22,33.33,0,11.11,41.86,65.12
2026-04-29,6,5,2026-04-29 13:37:00,5,中日新聞東海本社杯・中日スポーツゴールドカップ,1,4578,藤山 雅弘,1,36,52,1,0,0.15,5.55,44.21,54.74,0,0,0,16.67,16.67,25.23,39.64
2026-04-29,6,5,2026-04-29 13:37:00,5,中日新聞東海本社杯・中日スポーツゴールドカップ,2,3583,齋藤 智裕,3,53,56.4,0,0,0.18,3.67,14.93,28.36,3.5,15,15,33.33,33.33,33.07,48.82
2026-04-29,6,5,2026-04-29 13:37:00,5,中日新聞東海本社杯・中日スポーツゴールドカップ,3,5031,渡辺 空依,3,28,52.8,0,0,0.2,4.51,20.22,43.82,0,0,0,0,42.86,29.69,41.41
2026-04-29,6,5,2026-04-29 13:37:00,5,中日新聞東海本社杯・中日スポーツゴールドカップ,4,5341,山道 諄也,4,24,53.2,0,0,0.2,2.37,6.35,11.11,1.14,0,0,50,66.67,22.73,40
2026-04-29,6,5,2026-04-29 13:37:00,5,中日新聞東海本社杯・中日スポーツゴールドカップ,5,4568,廣瀬 真也,2,38,51.5,0,0,0.16,5.31,34.69,52.04,4.89,33.33,44.44,22.22,66.67,38.93,55.73
2026-04-29,6,5,2026-04-29 13:37:00,5,中日新聞東海本社杯・中日スポーツゴールドカップ,6,4790,柳内 敬太,2,36,52.1,0,0,0.16,6.13,45.38,63.87,6.5,45,65,33.33,50,37.21,52.71
2026-04-29,6,6,2026-04-29 14:07:00,5,中日新聞東海本社杯・中日スポーツゴールドカップ,1,4215,吉島 祥之,2,41,53.3,1,0,0.15,5.77,36.8,58.4,5.97,44.44,61.11,0,0,26.79,48.21
2026-04-29,6,6,2026-04-29 14:07:00,5,中日新聞東海本社杯・中日スポーツゴールドカップ,2,3484,芝田 浩治,2,54,52.3,1,0,0.16,5.97,45.16,60.48,6.7,60,70,18.75,37.5,40.31,51.16
2026-04-29,6,6,2026-04-29 14:07:00,5,中日新聞東海本社杯・中日スポーツゴールドカップ,3,3981,今坂 晃広,3,48,54.1,0,0,0.2,4.04,17.71,30.21,4.69,27.08,43.75,22.22,33.33,28.68,42.64
2026-04-29,6,6,2026-04-29 14:07:00,5,中日新聞東海本社杯・中日スポーツゴールドカップ,4,3882,新田 智彰,3,52,54.7,0,0,0.17,4.97,24.51,52.94,5.59,37.84,54.05,14.29,14.29,35.48,52.42
2026-04-29,6,6,2026-04-29 14:07:00,5,中日新聞東海本社杯・中日スポーツゴールドカップ,5,3950,石川 哲秀,3,49,56.5,0,0,0.16,3.91,19.35,35.48,3.69,15.63,31.25,0,22.22,28.46,48.78
2026-04-29,6,6,2026-04-29 14:07:00,5,中日新聞東海本社杯・中日スポーツゴールドカップ,6,3813,佐藤 大介,1,50,52,1,0,0.17,6.38,46.4,65.6,0,0,0,57.14,71.43,40.15,56.82
2026-04-29,6,7,2026-04-29 14:34:00,5,中日新聞東海本社杯・中日スポーツゴールドカップ,1,4523,中村 辰也,2,38,52.3,0,0,0.14,5.78,39.39,62.63,7.09,54.55,63.64,33.33,66.67,40.16,54.92
2026-04-29,6,7,2026-04-29 14:34:00,5,中日新聞東海本社杯・中日スポーツゴールドカップ,2,4380,鈴木 峻佑,3,41,53.6,0,0,0.17,4.38,23.81,35.71,4.74,29.79,40.43,16.67,33.33,27.2,45.6
2026-04-29,6,7,2026-04-29 14:34:00,5,中日新聞東海本社杯・中日スポーツゴールドカップ,3,3690,河合 三弘,3,55,53.6,0,0,0.18,4.35,22.83,40.22,5.28,36,52,0,0,27.27,40.91
2026-04-29,6,7,2026-04-29 14:34:00,5,中日新聞東海本社杯・中日スポーツゴールドカップ,4,5101,表 健太,3,29,54.7,0,0,0.19,3.91,17.54,33.33,0.67,0,0,40,50,28.23,44.35
2026-04-29,6,7,2026-04-29 14:34:00,5,中日新聞東海本社杯・中日スポーツゴールドカップ,5,5340,樋江井 舞,3,24,46,0,0,0.18,3.84,13.48,31.46,3,22.22,22.22,28.57,57.14,28.18,49.09
2026-04-29,6,7,2026-04-29 14:34:00,5,中日新聞東海本社杯・中日スポーツゴールドカップ,6,4446,和田 兼輔,1,39,52,0,0,0.13,7.07,55.07,72.46,6.22,44.44,66.67,16.67,16.67,27.27,46.28
2026-04-29,6,8,2026-04-29 15:02:00,5,中日新聞東海本社杯・中日スポーツゴールドカップ,1,4746,大豆生田 蒼,2,31,47.5,1,0,0.16,5.23,28.13,50,6.08,33.33,54.17,0,14.29,31.78,49.61
2026-04-29,6,8,2026-04-29 15:02:00,5,中日新聞東海本社杯・中日スポーツゴールドカップ,2,3681,山谷 央,3,52,52.3,0,0,0.15,4.8,22.86,41.43,5.16,29.03,51.61,0,0,26.83,40.65
2026-04-29,6,8,2026-04-29 15:02:00,5,中日新聞東海本社杯・中日スポーツゴールドカップ,3,5310,土屋 蘭,3,21,45.5,0,0,0.2,4.06,14.29,34.29,2.44,0,11.11,28.57,28.57,33.33,48.06
2026-04-29,6,8,2026-04-29 15:02:00,5,中日新聞東海本社杯・中日スポーツゴールドカップ,4,4118,宇佐見 淳,1,45,52.1,0,0,0.14,6.04,42.45,60.43,4.96,19.23,53.85,0,22.22,31.78,48.06
2026-04-29,6,8,2026-04-29 15:02:00,5,中日新聞東海本社杯・中日スポーツゴールドカップ,5,4656,大崎 翔,3,38,55.8,0,0,0.14,5.82,41.67,52.38,3.88,6.25,37.5,22.22,44.44,29.75,47.93
2026-04-29,6,8,2026-04-29 15:02:00,5,中日新聞東海本社杯・中日スポーツゴールドカップ,6,4509,平見 真彦,3,37,53.1,1,0,0.18,5.78,32.69,59.62,6.55,45,70,46.15,61.54,44.53,61.72
2026-04-29,6,9,2026-04-29 15:38:00,5,中日新聞東海本社杯・中日スポーツゴールドカップ,1,4977,馬野 耀,2,32,54.8,0,0,0.16,6.12,45.21,65.75,5.1,30,45,0,16.67,27.64,47.97
2026-04-29,6,9,2026-04-29 15:38:00,5,中日新聞東海本社杯・中日スポーツゴールドカップ,2,4004,山本 浩輔,3,48,52.1,1,0,0.19,5.35,32.73,53.64,0,0,0,71.43,85.71,38.64,56.06
2026-04-29,6,9,2026-04-29 15:38:00,5,中日新聞東海本社杯・中日スポーツゴールドカップ,3,4973,栗原 直也,2,33,52,0,0,0.18,5.03,31.9,45.69,5,22.22,44.44,12.5,12.5,33.59,50.38
2026-04-29,6,9,2026-04-29 15:38:00,5,中日新聞東海本社杯・中日スポーツゴールドカップ,4,4731,間野 兼礼,3,37,52.2,1,0,0.15,5.25,36.14,53.01,4.28,22.22,33.33,0,0,29.41,53.78
2026-04-29,6,9,2026-04-29 15:38:00,5,中日新聞東海本社杯・中日スポーツゴールドカップ,5,3850,小川 知行,3,53,52.7,0,0,0.15,5.05,33.03,49.54,4.86,30.56,41.67,27.27,27.27,31.5,46.46
2026-04-29,6,9,2026-04-29 15:38:00,5,中日新聞東海本社杯・中日スポーツゴールドカップ,6,3611,岩崎 芳美,2,53,47.8,1,0,0.14,5.65,39.22,52.94,6.26,42.86,57.14,25,50,38.58,57.48
2026-04-29,6,10,2026-04-29 16:09:00,5,中日新聞東海本社杯・中日スポーツゴールドカップ,1,4376,藤田 靖弘,2,41,52.6,0,0,0.16,5.56,39.1,52.63,5.5,41.3,47.83,53.33,66.67,36.22,49.61
2026-04-29,6,10,2026-04-29 16:09:00,5,中日新聞東海本社杯・中日スポーツゴールドカップ,2,4578,藤山 雅弘,1,36,52,1,0,0.15,5.55,44.21,54.74,0,0,0,16.67,16.67,25.23,39.64
2026-04-29,6,10,2026-04-29 16:09:00,5,中日新聞東海本社杯・中日スポーツゴールドカップ,3,3813,佐藤 大介,1,50,52,1,0,0.17,6.38,46.4,65.6,0,0,0,57.14,71.43,40.15,56.82
2026-04-29,6,10,2026-04-29 16:09:00,5,中日新聞東海本社杯・中日スポーツゴールドカップ,4,4233,亀山 雅幸,2,42,52,0,0,0.18,5.94,40.18,64.29,5.35,29.73,64.86,11.11,22.22,38.17,58.02
2026-04-29,6,10,2026-04-29 16:09:00,5,中日新聞東海本社杯・中日スポーツゴールドカップ,5,5269,山口 晃朋,3,25,52,1,0,0.13,5.52,38.64,50,4.86,30.3,43.18,33.33,55.56,39.39,62.12
2026-04-29,6,10,2026-04-29 16:09:00,5,中日新聞東海本社杯・中日スポーツゴールドカップ,6,3696,白井 友晴,3,53,52.4,0,0,0.19,4.95,23.53,43.53,5,25,45,14.29,57.14,37.69,48.46
2026-04-29,6,11,2026-04-29 16:36:00,5,中日新聞東海本社杯・中日スポーツゴールドカップ,1,4790,柳内 敬太,2,36,52.1,0,0,0.16,6.13,45.38,63.87,6.5,45,65,33.33,50,37.21,52.71
2026-04-29,6,11,2026-04-29 16:36:00,5,中日新聞東海本社杯・中日スポーツゴールドカップ,2,4011,堀之内 紀代子,1,46,47,1,0,0.15,5.54,35.37,50,0,0,0,50,62.5,27.5,40.83
2026-04-29,6,11,2026-04-29 16:36:00,5,中日新聞東海本社杯・中日スポーツゴールドカップ,3,3963,原田 秀弥,3,47,55.1,0,0,0.16,5.78,37.72,58.77,4.14,14.29,28.57,16.67,33.33,34.4,44.8
2026-04-29,6,11,2026-04-29 16:36:00,5,中日新聞東海本社杯・中日スポーツゴールドカップ,4,4231,鈴木 裕隆,2,42,55.9,0,0,0.17,5.28,27.87,52.46,6.19,32.26,61.29,11.11,33.33,39.23,56.92
2026-04-29,6,11,2026-04-29 16:36:00,5,中日新聞東海本社杯・中日スポーツゴールドカップ,5,4523,中村 辰也,2,38,52.3,0,0,0.14,5.78,39.39,62.63,7.09,54.55,63.64,33.33,66.67,40.16,54.92
2026-04-29,6,11,2026-04-29 16:36:00,5,中日新聞東海本社杯・中日スポーツゴールドカップ,6,4215,吉島 祥之,2,41,53.3,1,0,0.15,5.77,36.8,58.4,5.97,44.44,61.11,0,0,26.79,48.21
2026-04-29,6,12,2026-04-29 17:07:00,5,中日新聞東海本社杯・中日スポーツゴールドカップ,1,4446,和田 兼輔,1,39,52,0,0,0.13,7.07,55.07,72.46,6.22,44.44,66.67,16.67,16.67,27.27,46.28
2026-04-29,6,12,2026-04-29 17:07:00,5,中日新聞東海本社杯・中日スポーツゴールドカップ,2,4568,廣瀬 真也,2,38,51.5,0,0,0.16,5.31,34.69,52.04,4.89,33.33,44.44,22.22,66.67,38.93,55.73
2026-04-29,6,12,2026-04-29 17:07:00,5,中日新聞東海本社杯・中日スポーツゴールドカップ,3,3484,芝田 浩治,2,54,52.3,1,0,0.16,5.97,45.16,60.48,6.7,60,70,18.75,37.5,40.31,51.16
2026-04-29,6,12,2026-04-29 17:07:00,5,中日新聞東海本社杯・中日スポーツゴールドカップ,4,4228,吉田 慎二郎,2,43,55.4,0,0,0.18,5.86,39.39,60.61,5.64,40,52,21.43,35.71,37.1,54.84
2026-04-29,6,12,2026-04-29 17:07:00,5,中日新聞東海本社杯・中日スポーツゴールドカップ,5,4779,伊倉 光,3,40,52,0,0,0.16,5.14,28.57,47.62,6,38.1,52.38,0,14.29,35.04,54.7
2026-04-29,6,12,2026-04-29 17:07:00,5,中日新聞東海本社杯・中日スポーツゴールドカップ,6,4118,宇佐見 淳,1,45,52.1,0,0,0.14,6.04,42.45,60.43,4.96,19.23,53.85,0,22.22,31.78,48.06
2026-04-29,8,1,2026-04-29 10:23:00,5,中京スポーツ杯争奪全日本ファイターキング決定戦,1,4908,上田 龍星,1,30,52,1,0,0.14,6.74,44.44,62.04,6.75,56.25,62.5,33.02,48.11,34.67,58.79
2026-04-29,8,1,2026-04-29 10:23:00,5,中京スポーツ杯争奪全日本ファイターキング決定戦,2,4552,杉山 勝匡,3,37,52,0,0,0.15,5.32,37.86,52.43,5.83,33.33,50,20.19,39.42,33.85,48.96
2026-04-29,8,1,2026-04-29 10:23:00,5,中京スポーツ杯争奪全日本ファイターキング決定戦,3,5006,久保原 秀人,3,29,53.7,0,0,0.17,3.47,12.35,27.16,2.55,0,9.09,37.84,48.65,36.82,51.24
2026-04-29,8,1,2026-04-29 10:23:00,5,中京スポーツ杯争奪全日本ファイターキング決定戦,4,3977,山本 兼士,3,48,52.5,0,0,0.16,4.52,21.43,40.82,1.5,0,0,22.43,33.64,36.23,57
2026-04-29,8,1,2026-04-29 10:23:00,5,中京スポーツ杯争奪全日本ファイターキング決定戦,5,4705,吉川 勇作,3,37,54.1,0,0,0.16,4.02,26.37,35.16,4,8.33,41.67,26.47,47.06,36.13,53.4
2026-04-29,8,1,2026-04-29 10:23:00,5,中京スポーツ杯争奪全日本ファイターキング決定戦,6,5346,中村 紋夕梨,4,22,46,0,0,0.19,2.6,2.78,15.28,1.23,0,0,30.91,47.27,31.15,48.09
2026-04-29,8,2,2026-04-29 10:51:00,5,中京スポーツ杯争奪全日本ファイターキング決定戦,1,3441,土屋 太朗,3,56,52,0,0,0.2,4.6,25,45,4.61,21.43,46.43,33.63,49.56,28.32,46.82
2026-04-29,8,2,2026-04-29 10:51:00,5,中京スポーツ杯争奪全日本ファイターキング決定戦,2,4982,中村 将隆,3,29,54.4,0,0,0.17,5.29,35.63,55.17,0,0,0,30.19,48.11,37.11,55.15
2026-04-29,8,2,2026-04-29 10:51:00,5,中京スポーツ杯争奪全日本ファイターキング決定戦,3,5304,井田 涼介,4,23,59.8,1,0,0.17,1.94,1.92,5.77,1.38,0,0,36,49,45.27,64.68
2026-04-29,8,2,2026-04-29 10:51:00,5,中京スポーツ杯争奪全日本ファイターキング決定戦,4,4274,長畑 友輔,3,43,52,0,0,0.16,4.31,22.62,42.86,4.08,15.38,30.77,33.93,53.57,31.94,45.55
2026-04-29,8,2,2026-04-29 10:51:00,5,中京スポーツ杯争奪全日本ファイターキング決定戦,5,5312,川辺 郭人,3,25,53.2,0,0,0.17,3.62,18.39,26.44,0,0,0,28.3,45.28,31.01,48.1
2026-04-29,8,2,2026-04-29 10:51:00,5,中京スポーツ杯争奪全日本ファイターキング決定戦,6,3641,一瀬 明,2,54,52,0,0,0.16,6.25,43.33,60,5.96,41.67,54.17,28.97,43.93,30.69,44.55
2026-04-29,8,3,2026-04-29 11:17:00,5,中京スポーツ杯争奪全日本ファイターキング決定戦,1,4401,小林 泰,2,41,53.4,0,0,0.14,5.28,36,50,5.59,41.18,52.94,32.43,48.65,36.22,46.49
2026-04-29,8,3,2026-04-29 11:17:00,5,中京スポーツ杯争奪全日本ファイターキング決定戦,2,3790,佐口 達也,3,53,52,0,0,0.2,4.57,21.05,46.05,4.37,18.52,48.15,35.05,54.64,34.48,47.78
2026-04-29,8,3,2026-04-29 11:17:00,5,中京スポーツ杯争奪全日本ファイターキング決定戦,3,3827,今泉 徹,3,52,52,0,0,0.17,3.93,14.12,31.76,3.23,9.09,18.18,34.62,52.88,37.07,55.12
2026-04-29,8,3,2026-04-29 11:17:00,5,中京スポーツ杯争奪全日本ファイターキング決定戦,4,3589,西村 勝,3,52,55,0,0,0.16,4.14,22.89,38.55,4.62,30.77,30.77,29.29,48.48,37.8,53.66
2026-04-29,8,3,2026-04-29 11:17:00,5,中京スポーツ杯争奪全日本ファイターキング決定戦,5,4694,高田 綾,3,41,45.5,1,0,0.18,4.48,23.33,45,5.11,33.33,44.44,28.83,45.95,36.16,49.15
2026-04-29,8,3,2026-04-29 11:17:00,5,中京スポーツ杯争奪全日本ファイターキング決定戦,6,5349,宮崎 奏磨,4,22,53.3,0,0,0.19,1.47,1.56,3.13,1,0,0,34.58,47.66,25,43.6
2026-04-29,8,4,2026-04-29 11:47:00,5,中京スポーツ杯争奪全日本ファイターキング決定戦,1,3807,岡部 哲,3,51,51,0,0,0.18,4.3,23.23,39.39,3.93,14.29,28.57,35.58,58.65,34.22,55.08
2026-04-29,8,4,2026-04-29 11:47:00,5,中京スポーツ杯争奪全日本ファイターキング決定戦,2,4911,片岡 大地,3,30,52,0,0,0.14,5.63,27.78,60,7.33,44.44,77.78,23.85,38.53,27.12,47.46
2026-04-29,8,4,2026-04-29 11:47:00,5,中京スポーツ杯争奪全日本ファイターキング決定戦,3,4131,原 豊土,2,45,55,0,0,0.17,6.52,53.45,67.24,6.56,50,68.75,26.8,37.11,36.13,57.07
2026-04-29,8,4,2026-04-29 11:47:00,5,中京スポーツ杯争奪全日本ファイターキング決定戦,4,5036,福田 翔吾,3,28,52,0,0,0.19,5.15,36.36,46.36,5.5,37.5,62.5,34.29,52.38,33.16,56.32
2026-04-29,8,4,2026-04-29 11:47:00,5,中京スポーツ杯争奪全日本ファイターキング決定戦,5,4303,牧原 崇,3,42,52,0,0,0.17,5.42,33.33,54.44,5.78,40.63,56.25,17.44,37.21,29.02,48.19
2026-04-29,8,4,2026-04-29 11:47:00,5,中京スポーツ杯争奪全日本ファイターキング決定戦,6,5362,中嶋 世奈,4,19,48.6,1,0,0.18,1.79,0,2.94,1.59,4.55,9.09,42.74,54.7,38.19,52.76
2026-04-29,8,5,2026-04-29 12:23:00,5,中京スポーツ杯争奪全日本ファイターキング決定戦,1,4900,中田 夕貴,2,33,47.1,1,0,0.18,5.32,33.65,49.04,6.13,42.11,57.89,17.82,31.68,35.52,49.18
2026-04-29,8,5,2026-04-29 12:23:00,5,中京スポーツ杯争奪全日本ファイターキング決定戦,2,4705,吉川 勇作,3,37,54.1,0,0,0.16,4.02,26.37,35.16,4,8.33,41.67,26.47,47.06,36.13,53.4
2026-04-29,8,5,2026-04-29 12:23:00,5,中京スポーツ杯争奪全日本ファイターキング決定戦,3,4076,杉田 篤光,2,47,52.4,0,0,0.2,5.31,31.75,53.97,5.96,40,60,32.71,48.6,41.36,59.16
2026-04-29,8,5,2026-04-29 12:23:00,5,中京スポーツ杯争奪全日本ファイターキング決定戦,4,4919,吉田 翔悟,3,35,52,1,0,0.14,3.84,14.04,38.6,5.5,33.33,50,30.19,46.23,30.39,47.51
2026-04-29,8,5,2026-04-29 12:23:00,5,中京スポーツ杯争奪全日本ファイターキング決定戦,5,4976,金山 立樹,4,32,52.2,0,0,0.21,5.4,35.42,57.29,5.15,46.15,46.15,29,51,28.57,45.6
2026-04-29,8,5,2026-04-29 12:23:00,5,中京スポーツ杯争奪全日本ファイターキング決定戦,6,2878,富山 弘幸,3,67,53.5,0,0,0.17,5.19,30.61,53.06,5.52,34.78,56.52,32.65,55.1,31.21,48.41
2026-04-29,8,6,2026-04-29 12:49:00,5,中京スポーツ杯争奪全日本ファイターキング決定戦,1,4832,権藤 俊光,1,39,52,0,0,0.15,6.99,48.06,68.99,7.86,57.14,85.71,39.62,58.49,35.78,52.45
2026-04-29,8,6,2026-04-29 12:49:00,5,中京スポーツ杯争奪全日本ファイターキング決定戦,2,4273,佐藤 旭,3,43,53.7,0,0,0.18,4.99,27.08,48.96,4.82,35.71,42.86,20.65,32.61,34.65,49.5
2026-04-29,8,6,2026-04-29 12:49:00,5,中京スポーツ杯争奪全日本ファイターキング決定戦,3,3977,山本 兼士,3,48,52.5,0,0,0.16,4.52,21.43,40.82,1.5,0,0,22.43,33.64,36.23,57
2026-04-29,8,6,2026-04-29 12:49:00,5,中京スポーツ杯争奪全日本ファイターキング決定戦,4,4982,中村 将隆,3,29,54.4,0,0,0.17,5.29,35.63,55.17,0,0,0,30.19,48.11,37.11,55.15
2026-04-29,8,6,2026-04-29 12:49:00,5,中京スポーツ杯争奪全日本ファイターキング決定戦,5,5304,井田 涼介,4,23,59.8,1,0,0.17,1.94,1.92,5.77,1.38,0,0,36,49,45.27,64.68
2026-04-29,8,6,2026-04-29 12:49:00,5,中京スポーツ杯争奪全日本ファイターキング決定戦,6,4988,牟田 奨太,3,29,54.8,1,0,0.16,4.48,32.67,42.57,2.92,13.89,22.22,25.26,41.05,30.49,45.73
2026-04-29,8,7,2026-04-29 13:19:00,5,中京スポーツ杯争奪全日本ファイターキング決定戦,1,3826,村田 修次,2,52,52.1,1,0,0.15,6.12,39.78,65.59,6.5,50,72.73,23.58,39.62,32.4,47.49
2026-04-29,8,7,2026-04-29 13:19:00,5,中京スポーツ杯争奪全日本ファイターキング決定戦,2,3827,今泉 徹,3,52,52,0,0,0.17,3.93,14.12,31.76,3.23,9.09,18.18,34.62,52.88,37.07,55.12
2026-04-29,8,7,2026-04-29 13:19:00,5,中京スポーツ杯争奪全日本ファイターキング決定戦,3,4694,高田 綾,3,41,45.5,1,0,0.18,4.48,23.33,45,5.11,33.33,44.44,28.83,45.95,36.16,49.15
2026-04-29,8,7,2026-04-29 13:19:00,5,中京スポーツ杯争奪全日本ファイターキング決定戦,4,5346,中村 紋夕梨,4,22,46,0,0,0.19,2.6,2.78,15.28,1.23,0,0,30.91,47.27,31.15,48.09
2026-04-29,8,7,2026-04-29 13:19:00,5,中京スポーツ杯争奪全日本ファイターキング決定戦,5,5006,久保原 秀人,3,29,53.7,0,0,0.17,3.47,12.35,27.16,2.55,0,9.09,37.84,48.65,36.82,51.24
2026-04-29,8,7,2026-04-29 13:19:00,5,中京スポーツ杯争奪全日本ファイターキング決定戦,6,4274,長畑 友輔,3,43,52,0,0,0.16,4.31,22.62,42.86,4.08,15.38,30.77,33.93,53.57,31.94,45.55
2026-04-29,8,8,2026-04-29 13:46:00,5,中京スポーツ杯争奪全日本ファイターキング決定戦,1,4663,籾山 佳岳,4,43,52.1,0,0,0.16,0,0,0,4.71,29.41,41.18,33.33,49.52,36.16,51.41
2026-04-29,8,8,2026-04-29 13:46:00,5,中京スポーツ杯争奪全日本ファイターキング決定戦,2,3589,西村 勝,3,52,55,0,0,0.16,4.14,22.89,38.55,4.62,30.77,30.77,29.29,48.48,37.8,53.66
2026-04-29,8,8,2026-04-29 13:46:00,5,中京スポーツ杯争奪全日本ファイターキング決定戦,3,5312,川辺 郭人,3,25,53.2,0,0,0.17,3.62,18.39,26.44,0,0,0,28.3,45.28,31.01,48.1
2026-04-29,8,8,2026-04-29 13:46:00,5,中京スポーツ杯争奪全日本ファイターキング決定戦,4,4908,上田 龍星,1,30,52,1,0,0.14,6.74,44.44,62.04,6.75,56.25,62.5,33.02,48.11,34.67,58.79
2026-04-29,8,8,2026-04-29 13:46:00,5,中京スポーツ杯争奪全日本ファイターキング決定戦,5,5349,宮崎 奏磨,4,22,53.3,0,0,0.19,1.47,1.56,3.13,1,0,0,34.58,47.66,25,43.6
2026-04-29,8,8,2026-04-29 13:46:00,5,中京スポーツ杯争奪全日本ファイターキング決定戦,6,4131,原 豊土,2,45,55,0,0,0.17,6.52,53.45,67.24,6.56,50,68.75,26.8,37.11,33.89,47.22
2026-04-29,8,9,2026-04-29 14:12:00,5,中京スポーツ杯争奪全日本ファイターキング決定戦,1,3637,齋藤 和政,3,55,53.2,0,0,0.18,4.32,25.61,37.8,4.44,21.31,42.62,39.81,54.63,28.57,42.31
2026-04-29,8,9,2026-04-29 14:12:00,5,中京スポーツ杯争奪全日本ファイターキング決定戦,2,3989,熊本 英一,3,47,54.6,0,0,0.22,3.77,16.87,27.71,0,0,0,39.17,55.83,32.11,48.42
2026-04-29,8,9,2026-04-29 14:12:00,5,中京スポーツ杯争奪全日本ファイターキング決定戦,3,4976,金山 立樹,4,32,52.2,0,0,0.21,5.4,35.42,57.29,5.15,46.15,46.15,29,51,28.57,45.6
2026-04-29,8,9,2026-04-29 14:12:00,5,中京スポーツ杯争奪全日本ファイターキング決定戦,4,4552,杉山 勝匡,3,37,52,0,0,0.15,5.32,37.86,52.43,5.83,33.33,50,20.19,39.42,33.85,48.96
2026-04-29,8,9,2026-04-29 14:12:00,5,中京スポーツ杯争奪全日本ファイターキング決定戦,5,5036,福田 翔吾,3,28,52,0,0,0.19,5.15,36.36,46.36,5.5,37.5,62.5,34.29,52.38,33.16,56.32
2026-04-29,8,9,2026-04-29 14:12:00,5,中京スポーツ杯争奪全日本ファイターキング決定戦,6,5364,金子 怜央,4,26,52.3,0,0,0.18,2.41,3.95,10.53,1,0,0,43.52,59.26,40.86,59.68
2026-04-29,8,10,2026-04-29 14:44:00,5,中京スポーツ杯争奪全日本ファイターキング決定戦,1,2878,富山 弘幸,3,67,53.5,0,0,0.17,5.19,30.61,53.06,5.52,34.78,56.52,32.65,55.1,31.21,48.41
2026-04-29,8,10,2026-04-29 14:44:00,5,中京スポーツ杯争奪全日本ファイターキング決定戦,2,4832,権藤 俊光,1,39,52,0,0,0.15,6.99,48.06,68.99,7.86,57.14,85.71,39.62,58.49,35.78,52.45
2026-04-29,8,10,2026-04-29 14:44:00,5,中京スポーツ杯争奪全日本ファイターキング決定戦,3,4401,小林 泰,2,41,53.4,0,0,0.14,5.28,36,50,5.59,41.18,52.94,32.43,48.65,36.22,46.49
2026-04-29,8,10,2026-04-29 14:44:00,5,中京スポーツ杯争奪全日本ファイターキング決定戦,4,3441,土屋 太朗,3,56,52,0,0,0.2,4.6,25,45,4.61,21.43,46.43,33.63,49.56,28.32,46.82
2026-04-29,8,10,2026-04-29 14:44:00,5,中京スポーツ杯争奪全日本ファイターキング決定戦,5,4911,片岡 大地,3,30,52,0,0,0.14,5.63,27.78,60,7.33,44.44,77.78,23.85,38.53,27.12,47.46
2026-04-29,8,10,2026-04-29 14:44:00,5,中京スポーツ杯争奪全日本ファイターキング決定戦,6,4900,中田 夕貴,2,33,47.1,1,0,0.18,5.32,33.65,49.04,6.13,42.11,57.89,17.82,31.68,35.52,49.18
2026-04-29,8,11,2026-04-29 15:12:00,5,中京スポーツ杯争奪全日本ファイターキング決定戦,1,3641,一瀬 明,2,54,52,0,0,0.16,6.25,43.33,60,5.96,41.67,54.17,28.97,43.93,30.69,44.55
2026-04-29,8,11,2026-04-29 15:12:00,5,中京スポーツ杯争奪全日本ファイターキング決定戦,2,3826,村田 修次,2,52,52.1,1,0,0.15,6.12,39.78,65.59,6.5,50,72.73,23.58,39.62,32.4,47.49
2026-04-29,8,11,2026-04-29 15:12:00,5,中京スポーツ杯争奪全日本ファイターキング決定戦,3,4663,籾山 佳岳,4,43,52.1,0,0,0.16,0,0,0,4.71,29.41,41.18,33.33,49.52,36.16,51.41
2026-04-29,8,11,2026-04-29 15:12:00,5,中京スポーツ杯争奪全日本ファイターキング決定戦,4,4076,杉田 篤光,2,47,52.4,0,0,0.2,5.31,31.75,53.97,5.96,40,60,32.71,48.6,41.36,59.16
2026-04-29,8,11,2026-04-29 15:12:00,5,中京スポーツ杯争奪全日本ファイターキング決定戦,5,3790,佐口 達也,3,53,52,0,0,0.2,4.57,21.05,46.05,4.37,18.52,48.15,35.05,54.64,34.48,47.78
2026-04-29,8,11,2026-04-29 15:12:00,5,中京スポーツ杯争奪全日本ファイターキング決定戦,6,3807,岡部 哲,3,51,51,0,0,0.18,4.3,23.23,39.39,3.93,14.29,28.57,35.58,58.65,34.22,55.08
2026-04-29,8,12,2026-04-29 16:00:00,5,中京スポーツ杯争奪全日本ファイターキング決定戦,1,4719,上條 暢嵩,1,32,52,0,0,0.13,7.1,41.73,62.2,7.14,42.86,71.43,28.16,45.63,36.17,53.19
2026-04-29,8,12,2026-04-29 16:00:00,5,中京スポーツ杯争奪全日本ファイターキング決定戦,2,4561,藤山 翔大,2,35,52,0,0,0.19,6.03,44.14,58.56,7.38,65.38,73.08,27.93,47.75,33.51,51.35
2026-04-29,8,12,2026-04-29 16:00:00,5,中京スポーツ杯争奪全日本ファイターキング決定戦,3,4494,河合 佑樹,1,39,52,1,0,0.13,6.89,46.59,61.36,6.74,44.12,64.71,32.74,52.21,37.04,54.5
2026-04-29,8,12,2026-04-29 16:00:00,5,中京スポーツ杯争奪全日本ファイターキング決定戦,4,4850,野中 一平,1,31,52,0,0,0.12,6.14,40.16,59.84,5.87,38.33,56.67,38.6,54.39,30.24,46.83
2026-04-29,8,12,2026-04-29 16:00:00,5,中京スポーツ杯争奪全日本ファイターキング決定戦,5,3999,大瀧 明日香,1,46,45,0,0,0.15,5.89,39.39,56.82,5.84,38.2,56.18,26.47,42.16,33.33,51.72
2026-04-29,8,12,2026-04-29 16:00:00,5,中京スポーツ杯争奪全日本ファイターキング決定戦,6,3679,飯島 昌弘,1,53,52,1,0,0.14,6.13,38.46,64.1,6.71,42.86,85.71,36.19,57.14,34.74,47.89
2026-04-29,12,1,2026-04-29 15:19:00,5,スポニチ杯争奪第60回なにわ賞,1,4060,島田 一生,3,47,55.1,1,0,0.17,4.86,35,47.5,4.74,28.57,48.57,14.29,14.29,31.25,56.25
2026-04-29,12,1,2026-04-29 15:19:00,5,スポニチ杯争奪第60回なにわ賞,2,5300,横田 海人,3,23,52,1,0,0.18,2.37,8.64,11.11,1.67,0,11.11,21.74,43.48,25,41.67
2026-04-29,12,1,2026-04-29 15:19:00,5,スポニチ杯争奪第60回なにわ賞,3,4901,出口 舞有子,4,33,46,0,0,0.19,4.27,21.43,35.71,0,0,0,20,44,44.44,66.67
2026-04-29,12,1,2026-04-29 15:19:00,5,スポニチ杯争奪第60回なにわ賞,4,3614,谷 勝幸,3,53,54.4,0,0,0.16,4.43,24.21,35.79,5,33.33,55.56,40,40,33.33,44.44
2026-04-29,12,1,2026-04-29 15:19:00,5,スポニチ杯争奪第60回なにわ賞,5,3631,田添 康介,3,56,58.1,0,1,0.15,3.1,5,22.5,3.59,11.76,35.29,50,62.5,32,44
2026-04-29,12,1,2026-04-29 15:19:00,5,スポニチ杯争奪第60回なにわ賞,6,5440,薗頭 心,4,20,47.6,1,0,,1.45,3.23,3.23,1.11,0,0,20.83,50,32,48
2026-04-29,12,2,2026-04-29 15:46:00,5,スポニチ杯争奪第60回なにわ賞,1,4360,庄司 孝輔,3,41,52.4,0,0,0.18,5.83,36.84,62.11,4.5,13.64,45.45,50,77.78,30,45
2026-04-29,12,2,2026-04-29 15:46:00,5,スポニチ杯争奪第60回なにわ賞,2,5003,来田 衣織,3,30,47,0,0,0.17,4.77,34.65,43.56,2.65,11.54,15.38,0,0,23.81,38.1
2026-04-29,12,2,2026-04-29 15:46:00,5,スポニチ杯争奪第60回なにわ賞,3,4010,越智 照浩,3,46,57.2,0,0,0.18,3.9,13.41,29.27,5.17,33.33,50,6.25,25,30.43,47.83
2026-04-29,12,2,2026-04-29 15:46:00,5,スポニチ杯争奪第60回なにわ賞,4,4747,山戸 信二,3,40,51.5,1,0,0.17,3.7,19.75,25.93,4.08,25,41.67,66.67,66.67,31.25,43.75
2026-04-29,12,2,2026-04-29 15:46:00,5,スポニチ杯争奪第60回なにわ賞,5,4565,西村 豪洋,3,38,54.2,0,0,0.18,3.69,13.79,31.03,4.13,16.67,37.5,36.84,47.37,31.58,52.63
2026-04-29,12,2,2026-04-29 15:46:00,5,スポニチ杯争奪第60回なにわ賞,6,3717,立間 充宏,3,51,55.4,0,0,0.15,5.65,33.33,56,4.86,14.29,50,25,37.5,38.89,55.56
2026-04-29,12,3,2026-04-29 16:10:00,5,スポニチ杯争奪第60回なにわ賞,1,4965,福岡 泉水,3,28,50.8,1,0,0.19,4.84,26.47,48.53,2,0,11.11,37.5,43.75,33.33,45.83
2026-04-29,12,3,2026-04-29 16:10:00,5,スポニチ杯争奪第60回なにわ賞,2,3929,杢野 誓良,3,50,51.5,0,0,0.16,4.51,24.39,41.46,2.5,6.25,12.5,47.06,58.82,39.13,56.52
2026-04-29,12,3,2026-04-29 16:10:00,5,スポニチ杯争奪第60回なにわ賞,3,4672,守屋 大地,3,40,52,0,0,0.18,4.51,24.47,38.3,4.2,24,44,36.36,40.91,45.45,45.45
2026-04-29,12,3,2026-04-29 16:10:00,5,スポニチ杯争奪第60回なにわ賞,4,5352,西岡 蒼志,3,21,53.7,0,0,0.15,5.03,30.77,43.96,0,0,0,25,37.5,37.5,50
2026-04-29,12,3,2026-04-29 16:10:00,5,スポニチ杯争奪第60回なにわ賞,5,4675,井手 良太,3,38,52,0,0,0.13,5.72,37.68,59.42,5.32,36,52,25,50,50,56.25
2026-04-29,12,3,2026-04-29 16:10:00,5,スポニチ杯争奪第60回なにわ賞,6,4105,松下 直也,3,46,52,1,0,0.17,5.13,26.05,52.94,5.4,35,57.5,8.7,13.04,23.53,35.29
2026-04-29,12,4,2026-04-29 16:42:00,5,スポニチ杯争奪第60回なにわ賞,1,3643,米田 隆弘,3,53,53.4,0,0,0.17,5.18,30.1,48.54,0,0,0,40,80,13.64,22.73
2026-04-29,12,4,2026-04-29 16:42:00,5,スポニチ杯争奪第60回なにわ賞,2,5020,宮村 勇哉,3,34,54.2,0,1,0.15,4,16.13,32.26,4.06,31.25,31.25,62.5,81.25,18.75,18.75
2026-04-29,12,4,2026-04-29 16:42:00,5,スポニチ杯争奪第60回なにわ賞,3,3843,上之 晃弘,3,49,52.1,0,0,0.16,4.59,24.21,42.11,4.56,24,44,68.75,81.25,28.57,71.43
2026-04-29,12,4,2026-04-29 16:42:00,5,スポニチ杯争奪第60回なにわ賞,4,3975,小野寺 智洋,3,49,52,0,0,0.15,5.98,40,65,6.18,42.86,67.86,56.25,75,47.06,52.94
2026-04-29,12,4,2026-04-29 16:42:00,5,スポニチ杯争奪第60回なにわ賞,5,4052,興津 藍,2,45,50.5,0,0,0.16,5.97,40.16,60.66,4.86,42.86,42.86,33.33,50,75,87.5
2026-04-29,12,4,2026-04-29 16:42:00,5,スポニチ杯争奪第60回なにわ賞,6,3286,坂東 満,3,57,52.8,1,0,0.15,4.23,25.81,40.32,5.21,35.71,50,19.23,38.46,35.29,64.71
2026-04-29,12,5,2026-04-29 17:09:00,5,スポニチ杯争奪第60回なにわ賞,1,4067,永井 源,1,46,52.4,0,0,0.17,5.92,39.29,60.71,6.1,45,60,50,87.5,37.5,37.5
2026-04-29,12,5,2026-04-29 17:09:00,5,スポニチ杯争奪第60回なにわ賞,2,3614,谷 勝幸,3,53,54.4,0,0,0.16,4.43,24.21,35.79,5,33.33,55.56,40,40,33.33,44.44
2026-04-29,12,5,2026-04-29 17:09:00,5,スポニチ杯争奪第60回なにわ賞,3,4883,岡部 大輝,3,30,52.2,0,0,0.17,6.11,48.75,60,6.19,50,68.75,15.79,26.32,30,70
2026-04-29,12,5,2026-04-29 17:09:00,5,スポニチ杯争奪第60回なにわ賞,4,5023,久永 祥平,3,31,51.5,1,0,0.15,6.01,41.43,67.14,0,0,0,33.33,55.56,15.38,46.15
2026-04-29,12,5,2026-04-29 17:09:00,5,スポニチ杯争奪第60回なにわ賞,5,4764,小池 礼乃,3,35,47,0,0,0.18,5.18,33.33,50,6.6,40,70,20,53.33,34.62,50
2026-04-29,12,5,2026-04-29 17:09:00,5,スポニチ杯争奪第60回なにわ賞,6,4199,北川 潤二,2,43,56.8,0,0,0.14,6.57,48.03,67.76,6.13,47.37,68.42,22.22,38.89,41.67,41.67
2026-04-29,12,6,2026-04-29 17:34:00,5,スポニチ杯争奪第60回なにわ賞,1,3339,泉 具巳,3,60,54.7,0,0,0.17,4.34,29.03,38.71,4.29,28.57,42.86,20,60,17.65,41.18
2026-04-29,12,6,2026-04-29 17:34:00,5,スポニチ杯争奪第60回なにわ賞,2,4747,山戸 信二,3,40,51.5,1,0,0.17,3.7,19.75,25.93,4.08,25,41.67,66.67,66.67,31.25,43.75
2026-04-29,12,6,2026-04-29 17:34:00,5,スポニチ杯争奪第60回なにわ賞,3,4816,村松 修二,2,35,56.7,1,0,0.15,5.53,38.37,54.65,6.2,40,80,35.29,64.71,7.69,46.15
2026-04-29,12,6,2026-04-29 17:34:00,5,スポニチ杯争奪第60回なにわ賞,4,4360,庄司 孝輔,3,41,52.4,0,0,0.18,5.83,36.84,62.11,4.5,13.64,45.45,50,77.78,30,45
2026-04-29,12,6,2026-04-29 17:34:00,5,スポニチ杯争奪第60回なにわ賞,5,3752,宇土 泰就,3,54,56.9,0,0,0.16,3.6,17.07,26.83,4.24,28,36,12.5,12.5,43.75,50
2026-04-29,12,6,2026-04-29 17:34:00,5,スポニチ杯争奪第60回なにわ賞,6,4560,庄司 樹良々,2,35,52.5,1,0,0.15,5.91,39.09,60.91,5.62,34.48,51.72,33.33,38.89,14.29,14.29
2026-04-29,12,7,2026-04-29 18:02:00,5,スポニチ杯争奪第60回なにわ賞,1,4010,越智 照浩,3,46,57.2,0,0,0.18,3.9,13.41,29.27,5.17,33.33,50,6.25,25,30.43,47.83
2026-04-29,12,7,2026-04-29 18:02:00,5,スポニチ杯争奪第60回なにわ賞,2,4565,西村 豪洋,3,38,54.2,0,0,0.18,3.69,13.79,31.03,4.13,16.67,37.5,36.84,47.37,31.58,52.63
2026-04-29,12,7,2026-04-29 18:02:00,5,スポニチ杯争奪第60回なにわ賞,3,4068,幸田 智裕,3,45,53,0,0,0.16,4.6,19.15,47.87,4.14,25,32.14,55.56,77.78,8.33,25
2026-04-29,12,7,2026-04-29 18:02:00,5,スポニチ杯争奪第60回なにわ賞,4,4593,小坂 宗司,2,45,52,1,0,0.16,5.85,34.96,61.79,5.48,37.66,55.84,22.22,55.56,34.78,47.83
2026-04-29,12,7,2026-04-29 18:02:00,5,スポニチ杯争奪第60回なにわ賞,5,5300,横田 海人,3,23,52,1,0,0.18,2.37,8.64,11.11,1.67,0,11.11,21.74,43.48,25,41.67
2026-04-29,12,7,2026-04-29 18:02:00,5,スポニチ杯争奪第60回なにわ賞,6,4345,西舘 健,2,41,54,1,0,0.17,5.77,44.54,56.3,6.21,36.84,68.42,76.47,82.35,27.78,55.56
2026-04-29,12,8,2026-04-29 18:41:00,5,スポニチ杯争奪第60回なにわ賞,1,3843,上之 晃弘,3,49,52.1,0,0,0.16,4.59,24.21,42.11,4.56,24,44,68.75,81.25,28.57,71.43
2026-04-29,12,8,2026-04-29 18:41:00,5,スポニチ杯争奪第60回なにわ賞,2,4278,藤岡 俊介,1,42,51,0,0,0.12,6.74,50,65.67,6.4,40.3,58.21,18.75,37.5,29.41,58.82
2026-04-29,12,8,2026-04-29 18:41:00,5,スポニチ杯争奪第60回なにわ賞,3,4308,河村 了,1,42,51.5,0,0,0.16,6.95,48.7,77.39,7.32,63.16,78.95,33.33,61.11,31.25,43.75
2026-04-29,12,8,2026-04-29 18:41:00,5,スポニチ杯争奪第60回なにわ賞,4,3643,米田 隆弘,3,53,53.4,0,0,0.17,5.18,30.1,48.54,0,0,0,40,80,13.64,22.73
2026-04-29,12,8,2026-04-29 18:41:00,5,スポニチ杯争奪第60回なにわ賞,5,3929,杢野 誓良,3,50,51.5,0,0,0.16,4.51,24.39,41.46,2.5,6.25,12.5,47.06,58.82,39.13,56.52
2026-04-29,12,8,2026-04-29 18:41:00,5,スポニチ杯争奪第60回なにわ賞,6,4060,島田 一生,3,47,55.1,1,0,0.17,4.86,35,47.5,4.74,28.57,48.57,14.29,14.29,31.25,56.25
2026-04-29,12,9,2026-04-29 19:10:00,5,スポニチ杯争奪第60回なにわ賞,1,4764,小池 礼乃,3,35,47,0,0,0.18,5.18,33.33,50,6.6,40,70,20,53.33,34.62,50
2026-04-29,12,9,2026-04-29 19:10:00,5,スポニチ杯争奪第60回なにわ賞,2,4901,出口 舞有子,4,33,46,0,0,0.19,4.27,21.43,35.71,0,0,0,20,44,44.44,66.67
2026-04-29,12,9,2026-04-29 19:10:00,5,スポニチ杯争奪第60回なにわ賞,3,4965,福岡 泉水,3,28,50.8,1,0,0.19,4.84,26.47,48.53,2,0,11.11,37.5,43.75,33.33,45.83
2026-04-29,12,9,2026-04-29 19:10:00,5,スポニチ杯争奪第60回なにわ賞,4,5003,来田 衣織,3,30,47,0,0,0.17,4.77,34.65,43.56,2.65,11.54,15.38,0,0,23.81,38.1
2026-04-29,12,9,2026-04-29 19:10:00,5,スポニチ杯争奪第60回なにわ賞,5,4447,深川 麻奈美,1,39,49.5,1,0,0.15,5.04,34.15,47.56,6,27.78,61.11,12.5,33.33,23.53,35.29
2026-04-29,12,9,2026-04-29 19:10:00,5,スポニチ杯争奪第60回なにわ賞,6,5440,薗頭 心,4,20,47.6,1,0,,1.45,3.23,3.23,1.11,0,0,20.83,50,32,48
2026-04-29,12,10,2026-04-29 19:39:00,5,スポニチ杯争奪第60回なにわ賞,1,4675,井手 良太,3,38,52,0,0,0.13,5.72,37.68,59.42,5.32,36,52,25,50,50,56.25
2026-04-29,12,10,2026-04-29 19:39:00,5,スポニチ杯争奪第60回なにわ賞,2,4052,興津 藍,2,45,50.5,0,0,0.16,5.97,40.16,60.66,4.86,42.86,42.86,33.33,50,75,87.5
2026-04-29,12,10,2026-04-29 19:39:00,5,スポニチ杯争奪第60回なにわ賞,3,5352,西岡 蒼志,3,21,53.7,0,0,0.15,5.03,30.77,43.96,0,0,0,25,37.5,37.5,50
2026-04-29,12,10,2026-04-29 19:39:00,5,スポニチ杯争奪第60回なにわ賞,4,4816,村松 修二,2,35,56.7,1,0,0.15,5.53,38.37,54.65,6.2,40,80,35.29,64.71,7.69,46.15
2026-04-29,12,10,2026-04-29 19:39:00,5,スポニチ杯争奪第60回なにわ賞,5,4067,永井 源,1,46,52.4,0,0,0.17,5.92,39.29,60.71,6.1,45,60,50,87.5,37.5,37.5
2026-04-29,12,10,2026-04-29 19:39:00,5,スポニチ杯争奪第60回なにわ賞,6,5023,久永 祥平,3,31,51.5,1,0,0.15,6.01,41.43,67.14,0,0,0,33.33,55.56,15.38,46.15
2026-04-29,12,11,2026-04-29 20:10:00,5,スポニチ杯争奪第60回なにわ賞,1,4593,小坂 宗司,2,45,52,1,0,0.16,5.85,34.96,61.79,5.48,37.66,55.84,22.22,55.56,34.78,47.83
2026-04-29,12,11,2026-04-29 20:10:00,5,スポニチ杯争奪第60回なにわ賞,2,4068,幸田 智裕,3,45,53,0,0,0.16,4.6,19.15,47.87,4.14,25,32.14,55.56,77.78,8.33,25
2026-04-29,12,11,2026-04-29 20:10:00,5,スポニチ杯争奪第60回なにわ賞,3,3752,宇土 泰就,3,54,56.9,0,0,0.16,3.6,17.07,26.83,4.24,28,36,12.5,12.5,43.75,50
2026-04-29,12,11,2026-04-29 20:10:00,5,スポニチ杯争奪第60回なにわ賞,4,4199,北川 潤二,2,43,56.8,0,0,0.14,6.57,48.03,67.76,6.13,47.37,68.42,22.22,38.89,41.67,41.67
2026-04-29,12,11,2026-04-29 20:10:00,5,スポニチ杯争奪第60回なにわ賞,5,5020,宮村 勇哉,3,34,54.2,0,1,0.15,4,16.13,32.26,4.06,31.25,31.25,62.5,81.25,18.75,18.75
2026-04-29,12,11,2026-04-29 20:10:00,5,スポニチ杯争奪第60回なにわ賞,6,4883,岡部 大輝,3,30,52.2,0,0,0.17,6.11,48.75,60,6.19,50,68.75,15.79,26.32,30,70
2026-04-29,12,12,2026-04-29 20:38:00,5,スポニチ杯争奪第60回なにわ賞,1,4331,三好 勇人,2,42,54.2,0,0,0.15,5.57,34.65,54.46,3.22,11.11,22.22,22.22,33.33,25,50
2026-04-29,12,12,2026-04-29 20:38:00,5,スポニチ杯争奪第60回なにわ賞,2,5129,山口 真喜子,2,29,47,1,0,0.18,5.48,35.29,54.12,0,0,0,56.25,62.5,12.5,37.5
2026-04-29,12,12,2026-04-29 20:38:00,5,スポニチ杯争奪第60回なにわ賞,3,5197,中野 仁照,2,24,53,0,0,0.15,4.29,14.29,42.86,7.4,60,80,38.89,55.56,11.76,35.29
2026-04-29,12,12,2026-04-29 20:38:00,5,スポニチ杯争奪第60回なにわ賞,4,4375,照屋 厚仁,2,41,52,0,0,0.17,5.83,45.22,63.48,5.58,36.84,57.89,33.33,55.56,7.14,21.43
2026-04-29,12,12,2026-04-29 20:38:00,5,スポニチ杯争奪第60回なにわ賞,5,3872,岡田 憲行,3,50,53.4,0,0,0.2,5.97,40.38,60.58,7.56,55.56,88.89,27.27,63.64,25,41.67
2026-04-29,12,12,2026-04-29 20:38:00,5,スポニチ杯争奪第60回なにわ賞,6,4797,中山 将,2,34,54.5,1,0,0.15,6.67,52.44,71.95,6,57.14,57.14,28.57,71.43,30,40
2026-04-29,13,1,2026-04-29 10:42:00,5,デイリースポーツ杯争奪第37回ささはら賞競走,1,4918,川島 拓郎,3,37,52,0,0,0.15,5.33,29.17,54.17,5.41,35.29,52.94,54.55,72.73,10,30
2026-04-29,13,1,2026-04-29 10:42:00,5,デイリースポーツ杯争奪第37回ささはら賞競走,2,4661,中島 昂章,3,34,52.1,0,0,0.19,5.77,39.44,64.79,0,0,0,0,0,54.55,72.73
2026-04-29,13,1,2026-04-29 10:42:00,5,デイリースポーツ杯争奪第37回ささはら賞競走,3,5066,鈴木 孝明,2,27,52,0,0,0.17,6.22,43.1,65.52,6.13,40.43,65.96,25,25,0,0
2026-04-29,13,1,2026-04-29 10:42:00,5,デイリースポーツ杯争奪第37回ささはら賞競走,4,3539,金子 順一,3,58,52.2,0,0,0.18,3.62,16,30,4.33,16.67,50,40,50,0,0
2026-04-29,13,1,2026-04-29 10:42:00,5,デイリースポーツ杯争奪第37回ささはら賞競走,5,4299,中島 浩哉,3,43,55.3,0,0,0.14,4.41,20.73,40.24,3.63,18.75,25,0,0,70,80
2026-04-29,13,1,2026-04-29 10:42:00,5,デイリースポーツ杯争奪第37回ささはら賞競走,6,5347,井澤 聖奈,4,22,47,1,0,0.21,1.92,0,6.15,1.36,0,0,0,0,54.55,63.64
2026-04-29,13,2,2026-04-29 11:10:00,5,デイリースポーツ杯争奪第37回ささはら賞競走,1,4439,近藤 友宝,3,39,53.8,0,0,0.17,4.24,23.53,34.12,2.86,0,14.29,0,0,11.11,44.44
2026-04-29,13,2,2026-04-29 11:10:00,5,デイリースポーツ杯争奪第37回ささはら賞競走,2,3800,牧 宏次,3,52,52,0,0,0.15,5.53,38.96,57.14,5.72,40,52,0,0,40,40
2026-04-29,13,2,2026-04-29 11:10:00,5,デイリースポーツ杯争奪第37回ささはら賞競走,3,5004,河野 主樹,3,30,51.5,0,0,0.16,5.54,34.29,54.29,6.33,41.67,66.67,10,50,0,0
2026-04-29,13,2,2026-04-29 11:10:00,5,デイリースポーツ杯争奪第37回ささはら賞競走,4,4028,田村 隆信,1,48,57.6,0,0,0.15,6.53,47.41,58.62,5.48,29.63,37.04,30,60,40,50
2026-04-29,13,2,2026-04-29 11:10:00,5,デイリースポーツ杯争奪第37回ささはら賞競走,5,5264,登 みひ果,3,26,45.5,0,0,0.16,4.92,21.7,51.89,4.22,20.71,35,30,30,10,50
2026-04-29,13,2,2026-04-29 11:10:00,5,デイリースポーツ杯争奪第37回ささはら賞競走,6,5378,鈴木 結平太,4,21,51.5,0,0,0.24,1.85,2.38,7.14,2.11,0,0,12.5,12.5,20,50
2026-04-29,13,3,2026-04-29 11:45:00,5,デイリースポーツ杯争奪第37回ささはら賞競走,1,4241,大串 重幸,2,41,52,0,0,0.15,5.64,39.52,61.29,0,0,0,0,0,0,0
2026-04-29,13,3,2026-04-29 11:45:00,5,デイリースポーツ杯争奪第37回ささはら賞競走,2,3284,渡邊 伸太郎,3,58,52.4,0,0,0.19,5.01,31.43,44.76,4.72,33.33,41.67,70,80,20,60
2026-04-29,13,3,2026-04-29 11:45:00,5,デイリースポーツ杯争奪第37回ささはら賞競走,3,4992,廣瀬 篤哉,3,28,56,0,0,0.16,4.96,31.25,43.75,3.73,13.33,33.33,40,90,0,0
2026-04-29,13,3,2026-04-29 11:45:00,5,デイリースポーツ杯争奪第37回ささはら賞競走,4,5013,山下 夏鈴,3,28,44.5,0,0,0.17,5.35,36.21,51.72,6.1,45,65,0,0,0,0
2026-04-29,13,3,2026-04-29 11:45:00,5,デイリースポーツ杯争奪第37回ささはら賞競走,5,4248,岡本 大,3,43,54.1,0,0,0.16,3.96,15.66,36.14,4.56,22.22,55.56,0,0,0,0
2026-04-29,13,3,2026-04-29 11:45:00,5,デイリースポーツ杯争奪第37回ささはら賞競走,6,4512,高野 哲史,1,37,52,0,0,0.16,6.68,48.53,63.97,7.19,54.31,69.83,0,0,0,0
2026-04-29,13,4,2026-04-29 12:19:00,5,デイリースポーツ杯争奪第37回ささはら賞競走,1,5188,武井 莉里佳,2,25,45.5,1,0,0.17,5.84,40.19,57.94,5.09,34.91,47.17,36.36,63.64,0,0
2026-04-29,13,4,2026-04-29 12:19:00,5,デイリースポーツ杯争奪第37回ささはら賞競走,2,4514,上條 嘉嗣,1,36,52.5,1,0,0.18,6.63,51.22,70.73,6.43,43.33,70,0,0,0,0
2026-04-29,13,4,2026-04-29 12:19:00,5,デイリースポーツ杯争奪第37回ささはら賞競走,3,3757,畑 和宏,3,54,52,0,0,0.15,5.67,35.05,59.79,5.12,28,44,0,0,11.11,22.22
2026-04-29,13,4,2026-04-29 12:19:00,5,デイリースポーツ杯争奪第37回ささはら賞競走,4,5131,江藤 敦宏,3,27,52,0,0,0.18,3.77,14.46,27.71,0,0,0,30,40,0,0
2026-04-29,13,4,2026-04-29 12:19:00,5,デイリースポーツ杯争奪第37回ささはら賞競走,5,4896,花本 剛,3,34,57.4,0,0,0.19,4.23,19.78,40.66,6,36.36,72.73,11.11,33.33,0,0
2026-04-29,13,4,2026-04-29 12:19:00,5,デイリースポーツ杯争奪第37回ささはら賞競走,6,5435,中西 月輝,4,20,49.5,1,0,,1.23,0,0,0,0,0,0,0,30,60
2026-04-29,13,5,2026-04-29 12:49:00,5,デイリースポーツ杯争奪第37回ささはら賞競走,1,3627,井上 恵一,2,56,55.7,0,0,0.18,5.27,35,48,0,0,0,77.78,88.89,40,90
2026-04-29,13,5,2026-04-29 12:49:00,5,デイリースポーツ杯争奪第37回ささはら賞競走,2,3539,金子 順一,3,58,52.2,0,0,0.18,3.62,16,30,4.33,16.67,50,40,50,0,0
2026-04-29,13,5,2026-04-29 12:49:00,5,デイリースポーツ杯争奪第37回ささはら賞競走,3,4502,遠藤 エミ,1,38,44,1,0,0.14,7.22,50,69,6.88,45.83,62.5,0,0,45.45,72.73
2026-04-29,13,5,2026-04-29 12:49:00,5,デイリースポーツ杯争奪第37回ささはら賞競走,4,4150,山田 雄太,3,44,55.9,0,0,0.15,5.73,39.45,56.88,7.11,55.56,88.89,36.36,72.73,30,40
2026-04-29,13,5,2026-04-29 12:49:00,5,デイリースポーツ杯争奪第37回ささはら賞競走,5,3605,中村 守成,3,54,53.2,0,0,0.18,4.31,23.26,32.56,4.65,29.41,41.18,0,0,33.33,33.33
2026-04-29,13,5,2026-04-29 12:49:00,5,デイリースポーツ杯争奪第37回ささはら賞競走,6,4692,酒井 俊弘,3,42,52,0,0,0.15,5.07,37.23,46.81,0,0,0,54.55,63.64,11.11,33.33
2026-04-29,13,6,2026-04-29 13:20:00,5,デイリースポーツ杯争奪第37回ささはら賞競走,1,3304,烏野 賢太,2,58,51.5,0,0,0.17,6.44,46.72,67.88,5.15,30,45,0,0,0,0
2026-04-29,13,6,2026-04-29 13:20:00,5,デイリースポーツ杯争奪第37回ささはら賞競走,2,5297,南 彩寧,3,23,46,0,0,0.2,3.14,11.58,21.05,2.07,5.66,7.55,63.64,81.82,0,0
2026-04-29,13,6,2026-04-29 13:20:00,5,デイリースポーツ杯争奪第37回ささはら賞競走,3,4299,中島 浩哉,3,43,55.3,0,0,0.14,4.41,20.73,40.24,3.63,18.75,25,0,0,70,80
2026-04-29,13,6,2026-04-29 13:20:00,5,デイリースポーツ杯争奪第37回ささはら賞競走,4,4488,小山 勉,1,39,52,0,0,0.19,6.62,50,70.91,6.95,57.89,73.68,0,0,36.36,63.64
2026-04-29,13,6,2026-04-29 13:20:00,5,デイリースポーツ杯争奪第37回ささはら賞競走,5,4389,伊藤 喜智,3,40,52,0,0,0.18,5.68,35.11,56.38,4.5,22.22,50,20,30,0,0
2026-04-29,13,6,2026-04-29 13:20:00,5,デイリースポーツ杯争奪第37回ささはら賞競走,6,3635,石田 政吾,3,55,53,0,0,0.16,4.84,37.5,46.88,4.35,17.65,41.18,0,0,30,40
2026-04-29,13,7,2026-04-29 13:47:00,5,デイリースポーツ杯争奪第37回ささはら賞競走,1,4497,桑原 悠,1,38,52.3,0,0,0.14,6.55,43.56,60.4,7.44,44.44,66.67,54.55,72.73,0,0
2026-04-29,13,7,2026-04-29 13:47:00,5,デイリースポーツ杯争奪第37回ささはら賞競走,2,5264,登 みひ果,3,26,45.5,0,0,0.16,4.92,21.7,51.89,4.22,20.71,35,30,30,10,50
2026-04-29,13,7,2026-04-29 13:47:00,5,デイリースポーツ杯争奪第37回ささはら賞競走,3,4248,岡本 大,3,43,54.1,0,0,0.16,3.96,15.66,36.14,4.56,22.22,55.56,0,0,0,0
2026-04-29,13,7,2026-04-29 13:47:00,5,デイリースポーツ杯争奪第37回ささはら賞競走,4,4422,永井 亮次,3,37,53.2,0,0,0.17,4.86,33.68,47.37,4.92,26.92,50,0,0,30,40
2026-04-29,13,7,2026-04-29 13:47:00,5,デイリースポーツ杯争奪第37回ささはら賞競走,5,4661,中島 昂章,3,34,52.1,0,0,0.19,5.77,39.44,64.79,0,0,0,0,0,54.55,72.73
2026-04-29,13,7,2026-04-29 13:47:00,5,デイリースポーツ杯争奪第37回ささはら賞競走,6,5015,高橋 竜矢,1,28,51.5,0,0,0.13,6.58,50,65.31,6.89,66.67,77.78,10,30,12.5,12.5
2026-04-29,13,8,2026-04-29 14:17:00,5,デイリースポーツ杯争奪第37回ささはら賞競走,1,3333,丸尾 義孝,2,57,52.2,0,0,0.14,6.15,43.7,59.66,5.11,31.58,57.89,40,60,30,30
2026-04-29,13,8,2026-04-29 14:17:00,5,デイリースポーツ杯争奪第37回ささはら賞競走,2,5013,山下 夏鈴,3,28,44.5,0,0,0.17,5.35,36.21,51.72,6.1,45,65,0,0,0,0
2026-04-29,13,8,2026-04-29 14:17:00,5,デイリースポーツ杯争奪第37回ささはら賞競走,3,5131,江藤 敦宏,3,27,52,0,0,0.18,3.77,14.46,27.71,0,0,0,30,40,0,0
2026-04-29,13,8,2026-04-29 14:17:00,5,デイリースポーツ杯争奪第37回ささはら賞競走,4,4339,平瀬 城啓,3,41,54.7,0,0,0.17,3.99,17.05,32.95,4.29,28.57,42.86,12.5,37.5,12.5,37.5
2026-04-29,13,8,2026-04-29 14:17:00,5,デイリースポーツ杯争奪第37回ささはら賞競走,5,4917,岩橋 裕馬,3,37,52.6,0,0,0.17,4.26,18.28,30.11,4.85,26.92,44.87,0,12.5,60,80
2026-04-29,13,8,2026-04-29 14:17:00,5,デイリースポーツ杯争奪第37回ささはら賞競走,6,5143,常盤 海心,3,25,53.5,0,0,0.19,4.49,25.96,44.23,3.63,0,25,0,0,0,0
2026-04-29,13,9,2026-04-29 14:48:00,5,デイリースポーツ杯争奪第37回ささはら賞競走,1,3800,牧 宏次,3,52,52,0,0,0.15,5.53,38.96,57.14,5.72,40,52,0,0,40,40
2026-04-29,13,9,2026-04-29 14:48:00,5,デイリースポーツ杯争奪第37回ささはら賞競走,2,4123,細川 裕子,1,44,47,0,0,0.19,6.53,46.72,67.15,7.42,64.52,83.87,25,25,0,0
2026-04-29,13,9,2026-04-29 14:48:00,5,デイリースポーツ杯争奪第37回ささはら賞競走,3,4896,花本 剛,3,34,57.4,0,0,0.19,4.23,19.78,40.66,6,36.36,72.73,11.11,33.33,0,0
2026-04-29,13,9,2026-04-29 14:48:00,5,デイリースポーツ杯争奪第37回ささはら賞競走,4,4918,川島 拓郎,3,37,52,0,0,0.15,5.33,29.17,54.17,5.41,35.29,52.94,54.55,72.73,10,30
2026-04-29,13,9,2026-04-29 14:48:00,5,デイリースポーツ杯争奪第37回ささはら賞競走,5,4610,佐藤 大佑,2,35,53.6,0,0,0.16,6.59,48.82,64.57,6.11,44.44,50,0,0,40,50
2026-04-29,13,9,2026-04-29 14:48:00,5,デイリースポーツ杯争奪第37回ささはら賞競走,6,4992,廣瀬 篤哉,3,28,56,0,0,0.16,4.96,31.25,43.75,3.73,13.33,33.33,40,90,0,0
2026-04-29,13,10,2026-04-29 15:15:00,5,デイリースポーツ杯争奪第37回ささはら賞競走,1,5066,鈴木 孝明,2,27,52,0,0,0.17,6.22,43.1,65.52,6.13,40.43,65.96,25,25,0,0
2026-04-29,13,10,2026-04-29 15:15:00,5,デイリースポーツ杯争奪第37回ささはら賞競走,2,4488,小山 勉,1,39,52,0,0,0.19,6.62,50,70.91,6.95,57.89,73.68,0,0,36.36,63.64
2026-04-29,13,10,2026-04-29 15:15:00,5,デイリースポーツ杯争奪第37回ささはら賞競走,3,4150,山田 雄太,3,44,55.7,0,0,0.15,5.73,39.45,56.88,7.11,55.56,88.89,36.36,72.73,30,40
2026-04-29,13,10,2026-04-29 15:15:00,5,デイリースポーツ杯争奪第37回ささはら賞競走,4,4241,大串 重幸,2,41,52,0,0,0.15,5.64,39.52,61.29,0,0,0,0,0,0,0
2026-04-29,13,10,2026-04-29 15:15:00,5,デイリースポーツ杯争奪第37回ささはら賞競走,5,3757,畑 和宏,3,54,52.2,0,0,0.15,5.67,35.05,59.79,5.12,28,44,0,0,11.11,22.22
2026-04-29,13,10,2026-04-29 15:15:00,5,デイリースポーツ杯争奪第37回ささはら賞競走,6,4439,近藤 友宝,3,39,53.2,0,0,0.17,4.24,23.53,34.12,2.86,0,14.29,0,0,11.11,44.44
2026-04-29,13,11,2026-04-29 15:49:00,5,デイリースポーツ杯争奪第37回ささはら賞競走,1,4512,高野 哲史,1,37,52,0,0,0.16,6.68,48.53,63.97,7.19,54.31,69.83,0,0,0,0
2026-04-29,13,11,2026-04-29 15:49:00,5,デイリースポーツ杯争奪第37回ささはら賞競走,2,4497,桑原 悠,1,38,51.5,0,0,0.14,6.55,43.56,60.4,7.44,44.44,66.67,54.55,72.73,0,0
2026-04-29,13,11,2026-04-29 15:49:00,5,デイリースポーツ杯争奪第37回ささはら賞競走,3,3627,井上 恵一,2,56,54.7,0,0,0.18,5.27,35,48,0,0,0,77.78,88.89,40,90
2026-04-29,13,11,2026-04-29 15:49:00,5,デイリースポーツ杯争奪第37回ささはら賞競走,4,5004,河野 主樹,3,30,52,0,0,0.16,5.54,34.29,54.29,6.33,41.67,66.67,10,50,0,0
2026-04-29,13,11,2026-04-29 15:49:00,5,デイリースポーツ杯争奪第37回ささはら賞競走,5,5188,武井 莉里佳,2,25,45.5,1,0,0.17,5.84,40.19,57.94,5.09,34.91,47.17,36.36,63.64,0,0
2026-04-29,13,11,2026-04-29 15:49:00,5,デイリースポーツ杯争奪第37回ささはら賞競走,6,3304,烏野 賢太,2,58,52,0,0,0.17,6.44,46.72,67.88,5.15,30,45,0,0,0,0
2026-04-29,13,12,2026-04-29 16:20:00,5,デイリースポーツ杯争奪第37回ささはら賞競走,1,5015,高橋 竜矢,1,28,51,0,0,0.13,6.58,50,65.31,6.89,66.67,77.78,10,30,12.5,12.5
2026-04-29,13,12,2026-04-29 16:20:00,5,デイリースポーツ杯争奪第37回ささはら賞競走,2,3333,丸尾 義孝,2,57,52.3,0,0,0.14,6.15,43.7,59.66,5.11,31.58,57.89,40,60,30,30
2026-04-29,13,12,2026-04-29 16:20:00,5,デイリースポーツ杯争奪第37回ささはら賞競走,3,4028,田村 隆信,1,48,57.7,0,0,0.15,6.53,47.41,58.62,5.48,29.63,37.04,30,60,40,50
2026-04-29,13,12,2026-04-29 16:20:00,5,デイリースポーツ杯争奪第37回ささはら賞競走,4,4502,遠藤 エミ,1,38,43.5,1,0,0.14,7.22,50,69,6.88,45.83,62.5,0,0,45.45,72.73
2026-04-29,13,12,2026-04-29 16:20:00,5,デイリースポーツ杯争奪第37回ささはら賞競走,5,3284,渡邊 伸太郎,3,58,52.2,0,0,0.19,5.01,31.43,44.76,4.72,33.33,41.67,70,80,20,60
2026-04-29,13,12,2026-04-29 16:20:00,5,デイリースポーツ杯争奪第37回ささはら賞競走,6,4514,上條 嘉嗣,1,36,52.3,1,0,0.18,6.63,51.22,70.73,6.43,43.33,70,0,0,0,0
2026-04-29,14,1,2026-04-29 08:48:00,4,オールレディース第42回渦の女王決定戦競走,1,4878,西岡 育未,3,31,47,0,0,0.17,4.28,20.59,38.24,5.04,32.65,48.98,0,16.67,16.67,33.33
2026-04-29,14,1,2026-04-29 08:48:00,4,オールレディース第42回渦の女王決定戦競走,2,5305,伊藤 栞,3,22,57.2,0,0,0.16,2.18,4.05,9.46,0,0,0,0,0,55.56,77.78
2026-04-29,14,1,2026-04-29 08:48:00,4,オールレディース第42回渦の女王決定戦競走,3,3289,高橋 淳美,3,62,45.5,0,0,0.2,3.56,16.67,27.08,3.22,11.11,22.22,50,87.5,0,0
2026-04-29,14,1,2026-04-29 08:48:00,4,オールレディース第42回渦の女王決定戦競走,4,5367,赤松 咲香,4,24,51.2,1,0,0.17,1.91,5.66,7.55,1.7,0,3.33,70,90,16.67,50
2026-04-29,14,1,2026-04-29 08:48:00,4,オールレディース第42回渦の女王決定戦競走,5,4224,大橋 栄里佳,2,44,48.6,0,0,0.18,5.26,33.33,51.28,5.43,42.86,57.14,62.5,87.5,54.55,72.73
2026-04-29,14,1,2026-04-29 08:48:00,4,オールレディース第42回渦の女王決定戦競走,6,4924,中北 涼,3,33,48,0,0,0.18,4.1,15.31,31.63,2.4,0,0,36.36,54.55,0,25
2026-04-29,14,2,2026-04-29 09:14:00,4,オールレディース第42回渦の女王決定戦競走,1,4419,原 加央理,3,38,45.5,0,0,0.16,5.65,39.02,58.54,6.73,45.45,63.64,14.29,14.29,50,70
2026-04-29,14,2,2026-04-29 09:14:00,4,オールレディース第42回渦の女王決定戦競走,2,4689,豊田 結,2,32,52.6,0,0,0.15,4.97,29.9,47.42,5.95,47.62,52.38,28.57,28.57,25,25
2026-04-29,14,2,2026-04-29 09:14:00,4,オールレディース第42回渦の女王決定戦競走,3,3704,本部 めぐみ,3,52,46,1,0,0.22,3.64,12.5,28.13,3.82,5.88,23.53,16.67,50,37.5,37.5
2026-04-29,14,2,2026-04-29 09:14:00,4,オールレディース第42回渦の女王決定戦競走,4,4678,水野 望美,3,37,47,0,0,0.17,5.28,31.76,48.24,6.44,55.56,55.56,60,60,44.44,55.56
2026-04-29,14,2,2026-04-29 09:14:00,4,オールレディース第42回渦の女王決定戦競走,5,3604,武藤 綾子,3,55,47.7,0,0,0.2,4.22,17.71,36.46,5.11,33.33,55.56,0,50,20,30
2026-04-29,14,2,2026-04-29 09:14:00,4,オールレディース第42回渦の女王決定戦競走,6,5418,堀内 亜海,4,20,55.1,0,0,0.22,1.13,0,0,0,0,0,57.14,71.43,36.36,72.73
2026-04-29,14,3,2026-04-29 09:40:00,4,オールレディース第42回渦の女王決定戦競走,1,4373,若狭 奈美子,1,37,47,0,0,0.18,6.37,41.98,70.23,6.5,43.75,81.25,54.55,72.73,20,20
2026-04-29,14,3,2026-04-29 09:40:00,4,オールレディース第42回渦の女王決定戦競走,2,5204,宇恵 有香,4,29,46.5,0,0,,3.47,8.82,26.47,3.88,6.25,31.25,40,50,37.5,62.5
2026-04-29,14,3,2026-04-29 09:40:00,4,オールレディース第42回渦の女王決定戦競走,3,3355,橋谷田 佳織,4,57,41,0,0,0.25,2.93,5,20,0,0,0,20,30,35.29,41.18
2026-04-29,14,3,2026-04-29 09:40:00,4,オールレディース第42回渦の女王決定戦競走,4,4534,坂 咲友理,3,36,45.5,0,0,0.21,3.83,21.54,30.77,0,0,0,41.18,52.94,33.33,33.33
2026-04-29,14,3,2026-04-29 09:40:00,4,オールレディース第42回渦の女王決定戦競走,5,5296,永田 楽,3,23,46,0,0,0.19,3.03,13.95,20.93,3.97,18.75,28.13,60,80,10,40
2026-04-29,14,3,2026-04-29 09:40:00,4,オールレディース第42回渦の女王決定戦競走,6,4045,佐々木 裕美,3,46,47.6,0,0,0.16,4.32,28.05,36.59,2.86,14.29,14.29,0,30,14.29,28.57
2026-04-29,14,4,2026-04-29 10:06:00,4,オールレディース第42回渦の女王決定戦競走,1,4478,櫻本 あゆみ,2,38,48.4,0,0,0.15,6.33,42.61,67.83,0,0,0,27.27,36.36,10,60
2026-04-29,14,4,2026-04-29 10:06:00,4,オールレディース第42回渦の女王決定戦競走,2,4098,赤澤 文香,3,44,48,0,0,0.2,4.79,27.63,38.16,3.56,11.11,33.33,45.45,72.73,25,50
2026-04-29,14,4,2026-04-29 10:06:00,4,オールレディース第42回渦の女王決定戦競走,3,5151,山下 奈緒,3,31,47,0,0,0.21,4.38,19.19,34.34,4.48,11.11,44.44,0,0,0,0
2026-04-29,14,4,2026-04-29 10:06:00,4,オールレディース第42回渦の女王決定戦競走,4,3932,池田 浩美,3,49,52,0,0,0.18,4.87,33.7,42.39,2.78,22.22,22.22,20,40,26.32,63.16
2026-04-29,14,4,2026-04-29 10:06:00,4,オールレディース第42回渦の女王決定戦競走,5,4071,古賀 千晶,3,45,45.5,0,0,0.19,4.35,16.67,39.39,0,0,0,10,30,0,0
2026-04-29,14,4,2026-04-29 10:06:00,4,オールレディース第42回渦の女王決定戦競走,6,5380,野田 亜湖,4,21,51.4,0,0,0.3,1.22,0,0,1.33,0,0,37.5,62.5,20,40
2026-04-29,14,5,2026-04-29 10:32:00,4,オールレディース第42回渦の女王決定戦競走,1,5334,樫葉 新心,3,21,46,0,0,0.18,3.13,12.9,20.43,3,12.5,19.44,25,25,0,16.67
2026-04-29,14,5,2026-04-29 10:32:00,4,オールレディース第42回渦の女王決定戦競走,2,4501,樋口 由加里,2,38,45,0,0,0.14,4.83,29.92,41.73,5.29,33.33,54.17,0,33.33,10,30
2026-04-29,14,5,2026-04-29 10:32:00,4,オールレディース第42回渦の女王決定戦競走,3,3528,笠野 友紀恵,3,55,47.2,0,0,0.19,3.74,11.63,30.23,4.44,24,48,16.67,33.33,10,10
2026-04-29,14,5,2026-04-29 10:32:00,4,オールレディース第42回渦の女王決定戦競走,4,4680,後藤 美翼,3,36,47,0,0,0.19,5.65,36.36,57.95,5.5,30,50,16.67,50,50,66.67
2026-04-29,14,5,2026-04-29 10:32:00,4,オールレディース第42回渦の女王決定戦競走,5,5370,日隈 茜,4,24,47,1,0,0.18,1.3,1.52,1.52,2,10,10,20,30,14.29,42.86
2026-04-29,14,5,2026-04-29 10:32:00,4,オールレディース第42回渦の女王決定戦競走,6,5140,吉田 彩乃,3,25,47.9,0,0,0.19,4.72,25.53,44.68,5.48,33.33,55.56,28.57,28.57,30,50
2026-04-29,14,6,2026-04-29 11:02:00,4,オールレディース第42回渦の女王決定戦競走,1,3778,安達 美帆,3,50,47.1,0,0,0.21,3.14,15.87,22.22,0,0,0,40,50,30,40
2026-04-29,14,6,2026-04-29 11:02:00,4,オールレディース第42回渦の女王決定戦競走,2,4246,喜多 那由夏,3,44,48.4,0,0,0.18,4.13,18.27,36.54,3.72,16.67,38.89,50,80,28.57,42.86
2026-04-29,14,6,2026-04-29 11:02:00,4,オールレディース第42回渦の女王決定戦競走,3,4974,安井 瑞紀,1,32,47.5,1,0,0.14,5.52,36.46,58.33,5.34,36.59,53.66,22.22,33.33,36.36,54.55
2026-04-29,14,6,2026-04-29 11:02:00,4,オールレディース第42回渦の女王決定戦競走,4,5230,石原 凪紗,4,22,45.5,0,0,0.16,4.44,29.63,37.04,0,0,0,20,50,66.67,83.33
2026-04-29,14,6,2026-04-29 11:02:00,4,オールレディース第42回渦の女王決定戦競走,5,5418,堀内 亜海,4,20,55.1,0,0,0.22,1.13,0,0,0,0,0,57.14,71.43,36.36,72.73
2026-04-29,14,6,2026-04-29 11:02:00,4,オールレディース第42回渦の女王決定戦競走,6,3470,新田 芳美,3,56,46.5,0,0,0.17,5.13,29.35,50,4.67,23.88,43.28,45.45,63.64,30,40
2026-04-29,14,7,2026-04-29 11:33:00,4,オールレディース第42回渦の女王決定戦競走,1,4283,石井 裕美,3,42,50.3,1,0,0.17,4.01,10.59,32.94,4.3,30,30,28.57,42.86,20,40
2026-04-29,14,7,2026-04-29 11:33:00,4,オールレディース第42回渦の女王決定戦競走,2,5272,松田 真実,3,24,47.2,1,0,0.18,4.1,25,34.52,3.39,13.04,34.78,30,40,28.57,28.57
2026-04-29,14,7,2026-04-29 11:33:00,4,オールレディース第42回渦の女王決定戦競走,3,3900,香川 素子,1,49,47.9,1,0,0.16,6.07,42.54,65.67,6.16,40.54,59.46,50,66.67,28.57,28.57
2026-04-29,14,7,2026-04-29 11:33:00,4,オールレディース第42回渦の女王決定戦競走,4,5204,宇恵 有香,4,29,46.5,0,0,,3.47,8.82,26.47,3.88,6.25,31.25,40,50,37.5,62.5
2026-04-29,14,7,2026-04-29 11:33:00,4,オールレディース第42回渦の女王決定戦競走,5,3289,高橋 淳美,3,62,45.5,0,0,0.2,3.56,16.67,27.08,3.22,11.11,22.22,50,87.5,0,0
2026-04-29,14,7,2026-04-29 11:33:00,4,オールレディース第42回渦の女王決定戦競走,6,3645,淺田 千亜希,4,53,46.5,0,0,0.14,5.05,36.36,47.73,4.95,35.14,45.95,83.33,83.33,0,0
2026-04-29,14,8,2026-04-29 12:04:00,4,オールレディース第42回渦の女王決定戦競走,1,3355,橋谷田 佳織,4,57,41,0,0,0.25,2.93,5,20,0,0,0,20,30,35.29,41.18
2026-04-29,14,8,2026-04-29 12:04:00,4,オールレディース第42回渦の女王決定戦競走,2,3604,武藤 綾子,3,55,47.7,0,0,0.2,4.22,17.71,36.46,5.11,33.33,55.56,0,50,20,30
2026-04-29,14,8,2026-04-29 12:04:00,4,オールレディース第42回渦の女王決定戦競走,3,4275,菅野 はやか,4,43,51.8,0,0,0.19,3.39,10.53,25,3.33,11.11,33.33,45.45,63.64,57.14,71.43
2026-04-29,14,8,2026-04-29 12:04:00,4,オールレディース第42回渦の女王決定戦競走,4,4878,西岡 育未,3,31,47,0,0,0.17,4.28,20.59,38.24,5.04,32.65,48.98,0,16.67,16.67,33.33
2026-04-29,14,8,2026-04-29 12:04:00,4,オールレディース第42回渦の女王決定戦競走,5,4909,薮内 瑞希,3,30,44.5,0,0,0.15,4.91,29,43,4.65,35.29,44.12,27.27,45.45,85.71,85.71
2026-04-29,14,8,2026-04-29 12:04:00,4,オールレディース第42回渦の女王決定戦競走,6,4372,原田 佑実,2,38,46,0,0,0.17,5.83,37.5,60,4.8,35,45,42.86,71.43,16.67,33.33
2026-04-29,14,9,2026-04-29 12:38:00,4,オールレディース第42回渦の女王決定戦競走,1,4680,後藤 美翼,3,36,47,0,0,0.19,5.65,36.36,57.95,5.5,30,50,16.67,50,50,66.67
2026-04-29,14,9,2026-04-29 12:38:00,4,オールレディース第42回渦の女王決定戦競走,2,4071,古賀 千晶,3,45,45.5,0,0,0.19,4.35,16.67,39.39,0,0,0,10,30,0,0
2026-04-29,14,9,2026-04-29 12:38:00,4,オールレディース第42回渦の女王決定戦競走,3,4473,藤堂 里香,2,38,45.5,1,0,0.17,4.95,30.3,45.45,5.78,33.33,50,23.53,41.18,40,50
2026-04-29,14,9,2026-04-29 12:38:00,4,オールレディース第42回渦の女王決定戦競走,4,5296,永田 楽,3,23,46,0,0,0.19,3.03,13.95,20.93,3.97,18.75,28.13,60,80,10,40
2026-04-29,14,9,2026-04-29 12:38:00,4,オールレディース第42回渦の女王決定戦競走,5,5367,赤松 咲香,4,24,51.2,1,0,0.17,1.91,5.66,7.55,1.7,0,3.33,70,90,16.67,50
2026-04-29,14,9,2026-04-29 12:38:00,4,オールレディース第42回渦の女王決定戦競走,6,3704,本部 めぐみ,3,52,46,1,0,0.22,3.64,12.5,28.13,3.82,5.88,23.53,16.67,50,37.5,37.5
2026-04-29,14,10,2026-04-29 13:12:00,4,オールレディース第42回渦の女王決定戦競走,1,4678,水野 望美,3,37,47,0,0,0.17,5.28,31.76,48.24,6.44,55.56,55.56,60,60,44.44,55.56
2026-04-29,14,10,2026-04-29 13:12:00,4,オールレディース第42回渦の女王決定戦競走,2,3334,角 ひとみ,2,57,45.5,0,0,0.2,5.39,38.64,57.58,5.11,22.22,66.67,0,0,27.27,36.36
2026-04-29,14,10,2026-04-29 13:12:00,4,オールレディース第42回渦の女王決定戦競走,3,4924,中北 涼,3,33,48,0,0,0.18,4.1,15.31,31.63,2.4,0,0,36.36,54.55,0,25
2026-04-29,14,10,2026-04-29 13:12:00,4,オールレディース第42回渦の女王決定戦競走,4,5140,吉田 彩乃,3,25,47.9,0,0,0.19,4.72,25.53,44.68,5.48,33.33,55.56,28.57,28.57,30,50
2026-04-29,14,10,2026-04-29 13:12:00,4,オールレディース第42回渦の女王決定戦競走,5,4098,赤澤 文香,3,44,48,0,0,0.2,4.79,27.63,38.16,3.56,11.11,33.33,45.45,72.73,25,50
2026-04-29,14,10,2026-04-29 13:12:00,4,オールレディース第42回渦の女王決定戦競走,6,5069,山崎 小葉音,3,25,44,0,0,0.15,4.28,23.53,41.18,4.56,24,40,10,60,37.5,75
2026-04-29,14,11,2026-04-29 13:49:00,4,オールレディース第42回渦の女王決定戦競走,1,4224,大橋 栄里佳,2,44,48.2,0,0,0.18,5.26,33.33,51.28,5.43,42.86,57.14,62.5,87.5,54.55,72.73
2026-04-29,14,11,2026-04-29 13:49:00,4,オールレディース第42回渦の女王決定戦競走,2,3470,新田 芳美,3,56,46.5,0,0,0.17,5.13,29.35,50,4.67,23.88,43.28,45.45,63.64,30,40
2026-04-29,14,11,2026-04-29 13:49:00,4,オールレディース第42回渦の女王決定戦競走,3,4045,佐々木 裕美,3,46,47.9,0,0,0.16,4.32,28.05,36.59,2.86,14.29,14.29,0,30,14.29,28.57
2026-04-29,14,11,2026-04-29 13:49:00,4,オールレディース第42回渦の女王決定戦競走,4,4419,原 加央理,3,38,45.5,0,0,0.16,5.65,39.02,58.54,6.73,45.45,63.64,14.29,14.29,50,70
2026-04-29,14,11,2026-04-29 13:49:00,4,オールレディース第42回渦の女王決定戦競走,5,4501,樋口 由加里,2,38,44.5,0,0,0.14,4.83,29.92,41.73,5.29,33.33,54.17,0,33.33,10,30
2026-04-29,14,11,2026-04-29 13:49:00,4,オールレディース第42回渦の女王決定戦競走,6,5151,山下 奈緒,3,31,47,0,0,0.21,4.38,19.19,34.34,4.48,11.11,44.44,0,0,0,0
2026-04-29,14,12,2026-04-29 14:29:00,4,オールレディース第42回渦の女王決定戦競走,1,3900,香川 素子,1,49,47.9,1,0,0.16,6.07,42.54,65.67,6.16,40.54,59.46,50,66.67,28.57,28.57
2026-04-29,14,12,2026-04-29 14:29:00,4,オールレディース第42回渦の女王決定戦競走,2,4974,安井 瑞紀,1,32,47.5,1,0,0.14,5.52,36.46,58.33,5.34,36.59,53.66,22.22,33.33,36.36,54.55
2026-04-29,14,12,2026-04-29 14:29:00,4,オールレディース第42回渦の女王決定戦競走,3,4372,原田 佑実,2,38,46,0,0,0.17,5.83,37.5,60,4.8,35,45,42.86,71.43,16.67,33.33
2026-04-29,14,12,2026-04-29 14:29:00,4,オールレディース第42回渦の女王決定戦競走,4,4373,若狭 奈美子,1,37,47,0,0,0.18,6.37,41.98,70.23,6.5,43.75,81.25,54.55,72.73,20,20
2026-04-29,14,12,2026-04-29 14:29:00,4,オールレディース第42回渦の女王決定戦競走,5,4478,櫻本 あゆみ,2,38,48.4,0,0,0.15,6.33,42.61,67.83,0,0,0,27.27,36.36,10,60
2026-04-29,14,12,2026-04-29 14:29:00,4,オールレディース第42回渦の女王決定戦競走,6,4689,豊田 結,2,32,52.6,0,0,0.15,4.97,29.9,47.42,5.95,47.62,52.38,28.57,28.57,25,25
2026-04-29,15,1,2026-04-29 15:23:00,5,安岐真人杯争奪 瀬戸の大魔神大賞,1,4511,中岡 健人,3,37,57.3,0,0,0.17,4.6,19.32,45.45,4.33,19.67,37.7,35.66,53.85,27.37,45.25
2026-04-29,15,1,2026-04-29 15:23:00,5,安岐真人杯争奪 瀬戸の大魔神大賞,2,3701,大西 隆洋,3,53,56,1,0,0.16,3.73,18.18,25.76,4.09,22.68,31.96,27.33,44.67,32.74,51.79
2026-04-29,15,1,2026-04-29 15:23:00,5,安岐真人杯争奪 瀬戸の大魔神大賞,3,4034,西原 明生,3,47,54.1,1,0,0.18,3.67,16.05,23.46,4.27,22.73,36.36,37.5,55.56,31.61,47.13
2026-04-29,15,1,2026-04-29 15:23:00,5,安岐真人杯争奪 瀬戸の大魔神大賞,4,3910,松下 知幸,3,52,51,0,0,0.16,4.15,18.95,33.68,4.25,20.72,34.23,30.15,45.59,41.01,56.74
2026-04-29,15,1,2026-04-29 15:23:00,5,安岐真人杯争奪 瀬戸の大魔神大賞,5,3907,村越 篤,2,48,53.6,0,0,0.17,5.41,35.65,54.78,5.74,40.52,52.59,22.15,34.9,28.09,51.69
2026-04-29,15,1,2026-04-29 15:23:00,5,安岐真人杯争奪 瀬戸の大魔神大賞,6,5407,中岡 駿,4,21,52.5,0,0,0.22,2.21,1.61,12.9,1.85,2.5,10,32.12,42.34,26.11,46.11
2026-04-29,15,2,2026-04-29 15:47:00,5,安岐真人杯争奪 瀬戸の大魔神大賞,1,5326,三嶌 さらら,3,22,47.1,0,0,0.17,4.49,24.55,33.64,2.79,9.17,12.84,39.01,57.45,36.72,49.15
2026-04-29,15,2,2026-04-29 15:47:00,5,安岐真人杯争奪 瀬戸の大魔神大賞,2,5257,西丸 侑太朗,1,22,52.4,0,0,0.15,6.39,44,66,6.02,39.5,61.34,33.1,49.66,39.01,57.69
2026-04-29,15,2,2026-04-29 15:47:00,5,安岐真人杯争奪 瀬戸の大魔神大賞,3,3832,下田 哲也,3,51,57.6,0,0,0.16,3.3,13.04,21.74,4.79,27.14,47.14,25.68,42.57,30.73,43.58
2026-04-29,15,2,2026-04-29 15:47:00,5,安岐真人杯争奪 瀬戸の大魔神大賞,4,3442,宮武 英司,3,56,52.7,1,0,0.16,5.2,23.08,56.92,5.09,29.59,46.94,31.33,47.33,39.11,54.75
2026-04-29,15,2,2026-04-29 15:47:00,5,安岐真人杯争奪 瀬戸の大魔神大賞,5,4852,川原 祐明,1,31,52,0,0,0.15,7.29,54.76,77.78,6.52,43.75,67.19,25.87,39.16,25.29,42.53
2026-04-29,15,2,2026-04-29 15:47:00,5,安岐真人杯争奪 瀬戸の大魔神大賞,6,5339,石井 伸長,3,25,51,1,0,0.16,5.18,29.49,52.56,4.49,22.39,37.31,29.79,46.1,38.46,58.24
2026-04-29,15,3,2026-04-29 16:15:00,5,安岐真人杯争奪 瀬戸の大魔神大賞,1,5032,谷口 知優,3,28,52,0,0,0.15,5.43,31.48,56.48,5.45,34.25,52.05,37.5,54.17,32.02,47.19
2026-04-29,15,3,2026-04-29 16:15:00,5,安岐真人杯争奪 瀬戸の大魔神大賞,2,4348,宮崎 奨,2,40,53.4,0,0,0.16,5.76,34.86,61.47,6.04,38.6,59.65,37.14,57.14,34.83,51.69
2026-04-29,15,3,2026-04-29 16:15:00,5,安岐真人杯争奪 瀬戸の大魔神大賞,3,4772,石丸 海渡,1,32,55.6,1,0,0.11,6.3,46.9,62.83,6.95,53.64,72.73,24.31,42.36,26.4,41.57
2026-04-29,15,3,2026-04-29 16:15:00,5,安岐真人杯争奪 瀬戸の大魔神大賞,4,3578,塩田 雄一,3,53,51,1,0,0.19,3.85,18.67,34.67,4.2,21.7,36.79,24,44.67,28.65,48.31
2026-04-29,15,3,2026-04-29 16:15:00,5,安岐真人杯争奪 瀬戸の大魔神大賞,5,4459,片岡 雅裕,1,40,52,0,0,0.12,6.16,35.29,47.9,7.48,55.47,73.44,29.8,45.03,26.86,38.86
2026-04-29,15,3,2026-04-29 16:15:00,5,安岐真人杯争奪 瀬戸の大魔神大賞,6,5241,門田 栞,3,25,47,1,0,0.16,4.69,25,46.25,4.46,25,40,25.85,41.5,35.63,53.45
2026-04-29,15,4,2026-04-29 16:49:00,5,安岐真人杯争奪 瀬戸の大魔神大賞,1,4020,川上 清人,3,46,63.2,0,0,0.2,4.17,21.78,38.61,4.28,24.42,38.37,30.67,45.33,31.67,49.44
2026-04-29,15,4,2026-04-29 16:49:00,5,安岐真人杯争奪 瀬戸の大魔神大賞,2,3401,上田 隆章,3,58,52,0,0,0.23,4.46,25.26,37.89,4.59,30.43,42.03,40,53.1,32.37,48.2
2026-04-29,15,4,2026-04-29 16:49:00,5,安岐真人杯争奪 瀬戸の大魔神大賞,3,4642,松尾 夏海,1,34,46.5,0,0,0.16,6,47.22,57.41,5.76,37.1,54.84,34.29,45.71,37.93,54.6
2026-04-29,15,4,2026-04-29 16:49:00,5,安岐真人杯争奪 瀬戸の大魔神大賞,4,5265,大廣 咲季,3,26,47,0,0,0.17,3.56,15.46,28.87,3.21,12.12,25.25,24.48,48.25,37.99,54.75
2026-04-29,15,4,2026-04-29 16:49:00,5,安岐真人杯争奪 瀬戸の大魔神大賞,5,4776,竹田 和哉,1,32,52.8,0,0,0.15,6.7,49.23,66.92,6.94,51.4,68.22,36.62,59.86,32.02,51.69
2026-04-29,15,4,2026-04-29 16:49:00,5,安岐真人杯争奪 瀬戸の大魔神大賞,6,5298,水谷 理人,2,23,52,1,0,0.15,6.8,47.9,73.11,5.16,34.95,51.46,34.25,50,37.57,56.91
2026-04-29,15,5,2026-04-29 17:17:00,5,安岐真人杯争奪 瀬戸の大魔神大賞,1,4739,中村 晃朋,1,34,51,1,0,0.14,6.79,51.38,66.06,6.63,49.24,65.15,22.97,38.51,35.96,54.49
2026-04-29,15,5,2026-04-29 17:17:00,5,安岐真人杯争奪 瀬戸の大魔神大賞,2,4220,深川 和仁,3,44,52.7,0,0,0.17,5.06,30.99,42.25,4.92,31.46,43.82,32.37,53.24,39.23,58.56
2026-04-29,15,5,2026-04-29 17:17:00,5,安岐真人杯争奪 瀬戸の大魔神大賞,3,3568,木村 光宏,3,55,52.9,0,0,0.17,4.09,23.6,34.83,5.28,31.18,54.84,34.25,54.11,24.28,38.15
2026-04-29,15,5,2026-04-29 17:17:00,5,安岐真人杯争奪 瀬戸の大魔神大賞,4,5218,山田 理央,2,25,46.5,0,0,0.15,6.17,41.73,62.99,5.15,31.19,51.38,30.61,53.06,26.9,42.69
2026-04-29,15,5,2026-04-29 17:17:00,5,安岐真人杯争奪 瀬戸の大魔神大賞,5,3660,長谷川 親王,3,56,56.4,1,0,0.21,3.18,5.88,20.59,4.17,15.71,34.29,25.68,39.86,36.36,50.57
2026-04-29,15,5,2026-04-29 17:17:00,5,安岐真人杯争奪 瀬戸の大魔神大賞,6,5224,西岡 顕心,1,24,52,0,0,0.15,7.11,50,71.43,7.05,49.09,75.76,28.78,45.32,28.74,47.7
2026-04-29,15,6,2026-04-29 17:48:00,5,安岐真人杯争奪 瀬戸の大魔神大賞,1,5173,谷口 佳蓮,3,24,47,0,0,0.15,4.91,33.33,46.46,4.39,26,39,37.59,51.06,27.32,44.81
2026-04-29,15,6,2026-04-29 17:48:00,5,安岐真人杯争奪 瀬戸の大魔神大賞,2,4260,中越 博紀,2,42,52,1,0,0.16,4.78,32.98,42.55,5.29,35.42,48.96,28.38,46.62,34.46,51.41
2026-04-29,15,6,2026-04-29 17:48:00,5,安岐真人杯争奪 瀬戸の大魔神大賞,3,5291,三嶌 こころ,3,24,50.7,1,0,0.19,3.71,14.13,29.35,2.77,7.23,12.05,30.41,49.32,31.46,51.69
2026-04-29,15,6,2026-04-29 17:48:00,5,安岐真人杯争奪 瀬戸の大魔神大賞,4,4823,中村 桃佳,1,33,45,0,0,0.15,5.93,38.2,57.3,5.91,45.61,61.4,38.78,57.14,38.12,54.14
2026-04-29,15,6,2026-04-29 17:48:00,5,安岐真人杯争奪 瀬戸の大魔神大賞,5,3701,大西 隆洋,3,53,56,1,0,0.16,3.73,18.18,25.76,4.09,22.68,31.96,27.33,44.67,32.74,51.79
2026-04-29,15,6,2026-04-29 17:48:00,5,安岐真人杯争奪 瀬戸の大魔神大賞,6,5043,中村 日向,1,27,52,0,0,0.13,6.42,41.32,56.2,6.72,50.52,64.95,32.41,46.9,38.55,55.31
2026-04-29,15,7,2026-04-29 18:17:00,5,安岐真人杯争奪 瀬戸の大魔神大賞,1,5299,西丸 敦基,3,23,52.4,0,0,0.17,5.44,40.19,52.34,4.5,22.37,43.42,32.17,44.76,36.72,49.72
2026-04-29,15,7,2026-04-29 18:17:00,5,安岐真人杯争奪 瀬戸の大魔神大賞,2,3442,宮武 英司,3,56,52.7,1,0,0.16,5.2,23.08,56.92,5.09,29.59,46.94,31.33,47.33,39.11,54.75
2026-04-29,15,7,2026-04-29 18:17:00,5,安岐真人杯争奪 瀬戸の大魔神大賞,3,3478,嶋田 貴支,3,55,52.6,0,0,0.17,5.28,30.59,49.41,4.96,24.71,48.24,26.24,40.43,39.89,53.37
2026-04-29,15,7,2026-04-29 18:17:00,5,安岐真人杯争奪 瀬戸の大魔神大賞,4,3541,三嶌 誠司,1,57,52,1,0,0.16,5.76,34.71,57.85,6.84,54.95,70.27,31.54,50,29.78,52.25
2026-04-29,15,7,2026-04-29 18:17:00,5,安岐真人杯争奪 瀬戸の大魔神大賞,5,4452,松尾 祭,2,38,52,0,0,0.17,5.54,39.32,52.14,5.12,28.16,48.54,36.96,60.87,33.91,56.9
2026-04-29,15,7,2026-04-29 18:17:00,5,安岐真人杯争奪 瀬戸の大魔神大賞,6,4931,木谷 賢太,1,30,52.2,0,0,0.14,6.7,47.62,73.81,6.63,47.37,66.45,26.8,43.79,31.36,49.7
2026-04-29,15,8,2026-04-29 18:48:00,5,安岐真人杯争奪 瀬戸の大魔神大賞,1,4437,中田 元泰,1,39,53,0,0,0.16,5.93,45.61,60.53,6.21,46.72,59.85,30.61,44.22,31.69,47.54
2026-04-29,15,8,2026-04-29 18:48:00,5,安岐真人杯争奪 瀬戸の大魔神大賞,2,5136,濱野 斗馬,2,26,52.3,0,0,0.16,6.56,47.5,66.67,6.75,51.41,66.9,31.91,52.48,28,40.57
2026-04-29,15,8,2026-04-29 18:48:00,5,安岐真人杯争奪 瀬戸の大魔神大賞,3,3578,塩田 雄一,3,53,51,1,0,0.19,3.85,18.67,34.67,4.2,21.7,36.79,24,44.67,28.65,48.31
2026-04-29,15,8,2026-04-29 18:48:00,5,安岐真人杯争奪 瀬戸の大魔神大賞,4,3837,秋山 広一,2,50,52.5,1,0,0.15,6.25,42.99,63.55,6.15,42.86,63.39,34.9,51.68,39.66,57.54
2026-04-29,15,8,2026-04-29 18:48:00,5,安岐真人杯争奪 瀬戸の大魔神大賞,5,3910,松下 知幸,3,52,51,0,0,0.16,4.15,18.95,33.68,4.25,20.72,34.23,30.15,45.59,41.01,56.74
2026-04-29,15,8,2026-04-29 18:48:00,5,安岐真人杯争奪 瀬戸の大魔神大賞,6,4313,西村 美智子,4,42,47,1,0,0.14,6.26,46.08,60.78,6.51,48.65,62.16,27.41,41.48,34.07,47.25
2026-04-29,15,9,2026-04-29 19:16:00,5,安岐真人杯争奪 瀬戸の大魔神大賞,1,5298,水谷 理人,2,23,52,1,0,0.15,6.8,47.9,73.11,5.16,34.95,51.46,34.25,50,37.57,56.91
2026-04-29,15,9,2026-04-29 19:16:00,5,安岐真人杯争奪 瀬戸の大魔神大賞,2,4459,片岡 雅裕,1,40,52,0,0,0.12,6.16,35.29,47.9,7.48,55.47,73.44,29.8,45.03,26.86,38.86
2026-04-29,15,9,2026-04-29 19:16:00,5,安岐真人杯争奪 瀬戸の大魔神大賞,3,4852,川原 祐明,1,31,52,0,0,0.15,7.29,54.76,77.78,6.52,43.75,67.19,25.87,39.16,25.29,42.53
2026-04-29,15,9,2026-04-29 19:16:00,5,安岐真人杯争奪 瀬戸の大魔神大賞,4,4642,松尾 夏海,1,34,46.5,0,0,0.16,6,47.22,57.41,5.76,37.1,54.84,34.29,45.71,37.93,54.6
2026-04-29,15,9,2026-04-29 19:16:00,5,安岐真人杯争奪 瀬戸の大魔神大賞,5,4348,宮崎 奨,2,40,53.4,0,0,0.16,5.76,34.86,61.47,6.04,38.6,59.65,37.14,57.14,34.83,51.69
2026-04-29,15,9,2026-04-29 19:16:00,5,安岐真人杯争奪 瀬戸の大魔神大賞,6,4739,中村 晃朋,1,34,51,1,0,0.14,6.79,51.38,66.06,6.63,49.24,65.15,22.97,38.51,35.96,54.49
2026-04-29,15,10,2026-04-29 19:48:00,5,安岐真人杯争奪 瀬戸の大魔神大賞,1,5043,中村 日向,1,27,52,0,0,0.13,6.42,41.32,56.2,6.72,50.52,64.95,32.41,46.9,38.55,55.31
2026-04-29,15,10,2026-04-29 19:48:00,5,安岐真人杯争奪 瀬戸の大魔神大賞,2,4776,竹田 和哉,1,32,52.8,0,0,0.15,6.7,49.23,66.92,6.94,51.4,68.22,36.62,59.86,32.02,51.69
2026-04-29,15,10,2026-04-29 19:48:00,5,安岐真人杯争奪 瀬戸の大魔神大賞,3,5218,山田 理央,2,25,46.5,0,0,0.15,6.17,41.73,62.99,5.15,31.19,51.38,30.61,53.06,26.9,42.69
2026-04-29,15,10,2026-04-29 19:48:00,5,安岐真人杯争奪 瀬戸の大魔神大賞,4,4772,石丸 海渡,1,32,55.6,1,0,0.11,6.3,46.9,62.83,6.95,53.64,72.73,24.31,42.36,26.4,41.57
2026-04-29,15,10,2026-04-29 19:48:00,5,安岐真人杯争奪 瀬戸の大魔神大賞,5,5257,西丸 侑太朗,1,22,52.4,0,0,0.15,6.39,44,66,6.02,39.5,61.34,33.1,49.66,39.01,57.69
2026-04-29,15,10,2026-04-29 19:48:00,5,安岐真人杯争奪 瀬戸の大魔神大賞,6,4511,中岡 健人,3,37,57.3,0,0,0.17,4.6,19.32,45.45,4.33,19.67,37.7,35.66,53.85,27.37,45.25
2026-04-29,15,11,2026-04-29 20:17:00,5,安岐真人杯争奪 瀬戸の大魔神大賞,1,4931,木谷 賢太,1,30,52.2,0,0,0.14,6.7,47.62,73.81,6.63,47.37,66.45,26.8,43.79,31.36,49.7
2026-04-29,15,11,2026-04-29 20:17:00,5,安岐真人杯争奪 瀬戸の大魔神大賞,2,4437,中田 元泰,1,39,53,0,0,0.16,5.93,45.61,60.53,6.21,46.72,59.85,30.61,44.22,31.69,47.54
2026-04-29,15,11,2026-04-29 20:17:00,5,安岐真人杯争奪 瀬戸の大魔神大賞,3,4823,中村 桃佳,1,33,45,0,0,0.15,5.93,38.2,57.3,5.91,45.61,61.4,38.78,57.14,38.12,54.14
2026-04-29,15,11,2026-04-29 20:17:00,5,安岐真人杯争奪 瀬戸の大魔神大賞,4,5224,西岡 顕心,1,24,52,0,0,0.15,7.11,50,71.43,7.05,49.09,75.76,28.78,45.32,28.74,47.7
2026-04-29,15,11,2026-04-29 20:17:00,5,安岐真人杯争奪 瀬戸の大魔神大賞,5,4260,中越 博紀,2,42,52,1,0,0.16,4.78,32.98,42.55,5.29,35.42,48.96,28.38,46.62,34.46,51.41
2026-04-29,15,11,2026-04-29 20:17:00,5,安岐真人杯争奪 瀬戸の大魔神大賞,6,5299,西丸 敦基,3,23,52.4,0,0,0.17,5.44,40.19,52.34,4.5,22.37,43.42,32.17,44.76,36.72,49.72
2026-04-29,15,12,2026-04-29 20:45:00,5,安岐真人杯争奪 瀬戸の大魔神大賞,1,5136,濱野 斗馬,2,26,52.3,0,0,0.16,6.56,47.5,66.67,6.75,51.41,66.9,31.91,52.48,28,40.57
2026-04-29,15,12,2026-04-29 20:45:00,5,安岐真人杯争奪 瀬戸の大魔神大賞,2,3541,三嶌 誠司,1,57,52,1,0,0.16,5.76,34.71,57.85,6.84,54.95,70.27,31.54,50,29.78,52.25
2026-04-29,15,12,2026-04-29 20:45:00,5,安岐真人杯争奪 瀬戸の大魔神大賞,3,5173,谷口 佳蓮,3,24,47,0,0,0.15,4.91,33.33,46.46,4.39,26,39,37.59,51.06,27.32,44.81
2026-04-29,15,12,2026-04-29 20:45:00,5,安岐真人杯争奪 瀬戸の大魔神大賞,4,4020,川上 清人,3,46,63.2,0,0,0.2,4.17,21.78,38.61,4.28,24.42,38.37,30.67,45.33,31.67,49.44
2026-04-29,15,12,2026-04-29 20:45:00,5,安岐真人杯争奪 瀬戸の大魔神大賞,5,4220,深川 和仁,3,44,52.7,0,0,0.17,5.06,30.99,42.25,4.92,31.46,43.82,32.37,53.24,39.23,58.56
2026-04-29,15,12,2026-04-29 20:45:00,5,安岐真人杯争奪 瀬戸の大魔神大賞,6,3837,秋山 広一,2,50,52.5,1,0,0.15,6.25,42.99,63.55,6.15,42.86,63.39,34.9,51.68,39.66,57.54
2026-04-29,18,1,2026-04-29 08:32:00,5,山口放送開局70周年記念KRY山口放送杯争奪戦,1,4475,末永 祐輝,2,38,52,0,0,0.15,6.44,45,71.67,6.7,54.1,75.41,77.78,88.89,38.74,54.05
2026-04-29,18,1,2026-04-29 08:32:00,5,山口放送開局70周年記念KRY山口放送杯争奪戦,2,3804,中渡 修作,3,52,53.4,0,0,0.17,4.95,29.91,48.6,4.41,27.27,40.91,0,0,46.49,61.4
2026-04-29,18,1,2026-04-29 08:32:00,5,山口放送開局70周年記念KRY山口放送杯争奪戦,3,3587,武田 信一,3,53,59.2,0,0,0.17,3.99,16,30,4.17,16.67,29.17,0,0,31.58,51.75
2026-04-29,18,1,2026-04-29 08:32:00,5,山口放送開局70周年記念KRY山口放送杯争奪戦,4,3661,柳瀬 興志,3,56,58.2,0,0,0.16,5.63,32.2,57.63,5.57,32.58,56.18,0,0,33.33,42.98
2026-04-29,18,1,2026-04-29 08:32:00,5,山口放送開局70周年記念KRY山口放送杯争奪戦,5,4138,中井 俊祐,3,45,52.1,0,0,0.17,4.39,23.86,36.36,6,45,60,0,0,39.25,59.81
2026-04-29,18,1,2026-04-29 08:32:00,5,山口放送開局70周年記念KRY山口放送杯争奪戦,6,5404,内田 壮,4,22,53.6,1,0,0.24,2.23,2.86,11.43,2.2,0,12,0,0,31.25,43.75
2026-04-29,18,2,2026-04-29 08:58:00,5,山口放送開局70周年記念KRY山口放送杯争奪戦,1,4069,山本 修一,1,45,53.7,0,0,0.18,6.16,43.41,65.89,7.26,56.41,82.05,0,28.57,44.25,65.49
2026-04-29,18,2,2026-04-29 08:58:00,5,山口放送開局70周年記念KRY山口放送杯争奪戦,2,4890,石川 諒,3,37,52,0,0,0.13,5.92,38.46,64.84,5.31,38.1,52.38,33.33,55.56,42.34,63.96
2026-04-29,18,2,2026-04-29 08:58:00,5,山口放送開局70周年記念KRY山口放送杯争奪戦,3,3684,清水 攻二,2,52,52,1,0,0.17,5.66,42.71,57.29,6.09,44.55,64.36,0,20,33.05,44.92
2026-04-29,18,2,2026-04-29 08:58:00,5,山口放送開局70周年記念KRY山口放送杯争奪戦,4,3866,木山 誠一,3,51,53.5,0,0,0.13,5.16,31.63,51.02,3.87,20,33.33,25,50,31.19,46.79
2026-04-29,18,2,2026-04-29 08:58:00,5,山口放送開局70周年記念KRY山口放送杯争奪戦,5,4237,大峯 豊,1,42,52,0,0,0.18,7.38,53.28,68.03,7.67,60.82,76.29,0,28.57,32.74,48.67
2026-04-29,18,2,2026-04-29 08:58:00,5,山口放送開局70周年記念KRY山口放送杯争奪戦,6,5083,柳瀬 幹太,3,27,52.4,1,0,0.15,4.58,26.92,43.59,4.63,26.32,40.35,55.56,66.67,33.63,54.87
2026-04-29,18,3,2026-04-29 09:24:00,5,山口放送開局70周年記念KRY山口放送杯争奪戦,1,4817,渡邉 翼,2,35,50.5,0,0,0.13,6.46,48.48,68.69,5.49,35.85,52.83,40,70,32.17,54.78
2026-04-29,18,3,2026-04-29 09:24:00,5,山口放送開局70周年記念KRY山口放送杯争奪戦,2,5172,田村 慶,3,25,52.3,1,0,0.2,4.99,28.75,45,2.88,5.88,23.53,0,0,35.04,47.01
2026-04-29,18,3,2026-04-29 09:24:00,5,山口放送開局70周年記念KRY山口放送杯争奪戦,3,4319,三宅 潤,2,41,54.4,1,0,0.17,5.73,40.54,57.66,5.21,27.59,51.72,22.22,66.67,37.5,58.93
2026-04-29,18,3,2026-04-29 09:24:00,5,山口放送開局70周年記念KRY山口放送杯争奪戦,4,4406,幸野 史明,3,40,52,0,0,0.16,4.02,22.77,36.63,2.67,7.41,18.52,0,0,32.14,46.43
2026-04-29,18,3,2026-04-29 09:24:00,5,山口放送開局70周年記念KRY山口放送杯争奪戦,5,5403,藤山 湧太,4,22,52,1,0,0.19,1.99,0,4.35,0,0,0,0,0,38.14,51.69
2026-04-29,18,3,2026-04-29 09:24:00,5,山口放送開局70周年記念KRY山口放送杯争奪戦,6,4015,前野 竜一,2,46,57.4,0,0,0.16,6.03,39.02,61.79,6.85,47.92,69.79,0,25,32.76,51.72
2026-04-29,18,4,2026-04-29 09:50:00,5,山口放送開局70周年記念KRY山口放送杯争奪戦,1,3711,江本 真治,2,51,52.4,0,0,0.15,6.05,40.41,64.38,6.37,46.15,63.46,0,0,33.93,62.5
2026-04-29,18,4,2026-04-29 09:50:00,5,山口放送開局70周年記念KRY山口放送杯争奪戦,2,3951,石川 吉鎬,2,49,55.6,1,0,0.18,5.22,28.85,50.96,5.4,30,50,0,0,35.71,52.68
2026-04-29,18,4,2026-04-29 09:50:00,5,山口放送開局70周年記念KRY山口放送杯争奪戦,3,3458,東 健介,3,59,53.9,1,0,0.16,4.31,18.57,34.29,5.25,25,50,0,0,41.38,59.48
2026-04-29,18,4,2026-04-29 09:50:00,5,山口放送開局70周年記念KRY山口放送杯争奪戦,4,4251,川崎 誠志,3,43,52,0,0,0.2,4.64,24.79,44.44,4.77,27.69,46.15,0,0,34.86,46.79
2026-04-29,18,4,2026-04-29 09:50:00,5,山口放送開局70周年記念KRY山口放送杯争奪戦,5,4179,広次 修,3,43,52,0,0,0.16,5.83,36.79,61.32,5.69,37.5,60.94,0,0,45.05,56.76
2026-04-29,18,4,2026-04-29 09:50:00,5,山口放送開局70周年記念KRY山口放送杯争奪戦,6,5000,岡本 翔太郎,3,31,52.3,0,0,0.13,4.48,24.1,38.55,5.03,31.51,49.32,0,0,33.04,54.46
2026-04-29,18,5,2026-04-29 10:17:00,5,山口放送開局70周年記念KRY山口放送杯争奪戦,1,4138,中井 俊祐,3,45,52.1,0,0,0.17,4.39,23.86,36.36,6,45,60,0,0,39.25,59.81
2026-04-29,18,5,2026-04-29 10:17:00,5,山口放送開局70周年記念KRY山口放送杯争奪戦,2,4324,海野 康志郎,1,38,55.9,0,0,0.14,7.29,54.68,66.91,6.44,44.44,55.56,0,0,35.96,47.37
2026-04-29,18,5,2026-04-29 10:17:00,5,山口放送開局70周年記念KRY山口放送杯争奪戦,3,4562,阪本 勇介,3,38,53.2,0,0,0.18,4.3,13.33,34.29,5.36,21.43,57.14,0,0,38.33,53.33
2026-04-29,18,5,2026-04-29 10:17:00,5,山口放送開局70周年記念KRY山口放送杯争奪戦,4,4108,吉村 正明,3,46,51.5,0,0,0.15,6.31,48.08,63.46,5.7,36.07,52.46,28.57,42.86,37.84,48.65
2026-04-29,18,5,2026-04-29 10:17:00,5,山口放送開局70周年記念KRY山口放送杯争奪戦,5,3875,廣中 良一,3,49,52,0,0,0.17,4.13,24.51,34.31,4.7,30,42.5,42.86,57.14,32.73,50
2026-04-29,18,5,2026-04-29 10:17:00,5,山口放送開局70周年記念KRY山口放送杯争奪戦,6,5238,笹木 香吾,2,26,52.9,1,0,0.14,5.72,43,58,5.36,38.02,49.59,0,0,36.04,54.95
2026-04-29,18,6,2026-04-29 10:47:00,5,山口放送開局70周年記念KRY山口放送杯争奪戦,1,3804,中渡 修作,3,52,53.4,0,0,0.17,4.95,29.91,48.6,4.41,27.27,40.91,0,0,46.49,61.4
2026-04-29,18,6,2026-04-29 10:47:00,5,山口放送開局70周年記念KRY山口放送杯争奪戦,2,4226,村田 浩司,3,43,52.9,0,0,0.17,4.53,26.73,40.59,4.88,33.33,43.14,25,62.5,31.3,42.61
2026-04-29,18,6,2026-04-29 10:47:00,5,山口放送開局70周年記念KRY山口放送杯争奪戦,3,4601,森野 正弘,2,41,52.1,0,0,0.14,6.59,50.78,64.84,7.13,57.47,74.71,66.67,66.67,32.73,48.18
2026-04-29,18,6,2026-04-29 10:47:00,5,山口放送開局70周年記念KRY山口放送杯争奪戦,4,5041,荒牧 凪沙,3,27,52,1,0,0.16,4.78,29.41,41.18,4.06,16.67,38.89,44.44,55.56,38.79,53.45
2026-04-29,18,6,2026-04-29 10:47:00,5,山口放送開局70周年記念KRY山口放送杯争奪戦,5,4710,福田 宗平,1,36,52,0,0,0.14,5.71,38.71,58.87,6,43.33,63.33,14.29,57.14,36.28,52.21
2026-04-29,18,6,2026-04-29 10:47:00,5,山口放送開局70周年記念KRY山口放送杯争奪戦,6,5388,佐野 優都,3,19,52,1,0,0.15,4.42,21.5,40.19,2.63,5.26,10.53,55.56,66.67,37.84,61.26
2026-04-29,18,7,2026-04-29 11:19:00,5,山口放送開局70周年記念KRY山口放送杯争奪戦,1,5172,田村 慶,3,25,52.3,1,0,0.2,4.99,28.75,45,2.88,5.88,23.53,0,0,35.04,47.01
2026-04-29,18,7,2026-04-29 11:19:00,5,山口放送開局70周年記念KRY山口放送杯争奪戦,2,4357,田中 和也,1,41,52.6,0,0,0.16,7.17,57.85,76.03,6.7,46.67,76.67,0,0,40.18,57.14
2026-04-29,18,7,2026-04-29 11:19:00,5,山口放送開局70周年記念KRY山口放送杯争奪戦,3,4475,末永 祐輝,2,38,52,0,0,0.15,6.44,45,71.67,6.7,54.1,75.41,77.78,88.89,38.74,54.05
2026-04-29,18,7,2026-04-29 11:19:00,5,山口放送開局70周年記念KRY山口放送杯争奪戦,4,3976,内田 圭,3,49,52,0,0,0.18,3.88,21.74,30.43,4.52,30.77,41.54,0,0,46.85,66.67
2026-04-29,18,7,2026-04-29 11:19:00,5,山口放送開局70周年記念KRY山口放送杯争奪戦,5,5064,品川 二千翔,2,27,52,0,0,0.16,6.27,47.32,62.5,5.68,36.36,59.09,0,0,35.78,57.8
2026-04-29,18,7,2026-04-29 11:19:00,5,山口放送開局70周年記念KRY山口放送杯争奪戦,6,3866,木山 誠一,3,51,53.5,0,0,0.13,5.16,31.63,51.02,3.87,20,33.33,25,50,31.19,46.79
2026-04-29,18,8,2026-04-29 11:51:00,5,山口放送開局70周年記念KRY山口放送杯争奪戦,1,5109,川崎 智稔,3,26,51.5,0,0,0.14,5.01,28.97,45.79,4.88,33.33,36.36,25,37.5,36.13,54.62
2026-04-29,18,8,2026-04-29 11:51:00,5,山口放送開局70周年記念KRY山口放送杯争奪戦,2,4985,井本 昌也,1,29,52,0,0,0.14,6.64,44.19,62.02,6.52,51.95,62.34,40,70,36.97,54.62
2026-04-29,18,8,2026-04-29 11:51:00,5,山口放送開局70周年記念KRY山口放送杯争奪戦,3,5083,柳瀬 幹太,3,27,52.4,1,0,0.15,4.58,26.92,43.59,4.63,26.32,40.35,55.56,66.67,33.63,54.87
2026-04-29,18,8,2026-04-29 11:51:00,5,山口放送開局70周年記念KRY山口放送杯争奪戦,4,4485,楠原 正剛,2,40,54.1,1,0,0.14,5.3,33.04,53.57,0,0,0,42.86,57.14,33.33,50
2026-04-29,18,8,2026-04-29 11:51:00,5,山口放送開局70周年記念KRY山口放送杯争奪戦,5,5404,内田 壮,4,22,53.6,1,0,0.24,2.23,2.86,11.43,2.2,0,12,0,0,31.25,43.75
2026-04-29,18,8,2026-04-29 11:51:00,5,山口放送開局70周年記念KRY山口放送杯争奪戦,6,3458,東 健介,3,59,53.9,1,0,0.16,4.31,18.57,34.29,5.25,25,50,0,0,41.38,59.48
2026-04-29,18,9,2026-04-29 12:25:00,5,山口放送開局70周年記念KRY山口放送杯争奪戦,1,4251,川崎 誠志,3,43,52,0,0,0.2,4.64,24.79,44.44,4.77,27.69,46.15,0,0,34.86,46.79
2026-04-29,18,9,2026-04-29 12:25:00,5,山口放送開局70周年記念KRY山口放送杯争奪戦,2,3661,柳瀬 興志,3,56,58.2,0,0,0.16,5.63,32.2,57.63,5.57,32.58,56.18,0,0,33.33,42.98
2026-04-29,18,9,2026-04-29 12:25:00,5,山口放送開局70周年記念KRY山口放送杯争奪戦,3,4817,渡邉 翼,2,35,50.5,0,0,0.13,6.46,48.48,68.69,5.49,35.85,52.83,40,70,32.17,54.78
2026-04-29,18,9,2026-04-29 12:25:00,5,山口放送開局70周年記念KRY山口放送杯争奪戦,4,3875,廣中 良一,3,49,52,0,0,0.17,4.13,24.51,34.31,4.7,30,42.5,42.86,57.14,32.73,50
2026-04-29,18,9,2026-04-29 12:25:00,5,山口放送開局70周年記念KRY山口放送杯争奪戦,5,3581,加木 郁,3,53,52,0,0,0.19,4.37,18.63,36.27,4.71,25.26,41.05,62.5,62.5,37.72,50
2026-04-29,18,9,2026-04-29 12:25:00,5,山口放送開局70周年記念KRY山口放送杯争奪戦,6,4237,大峯 豊,1,42,52,0,0,0.18,7.38,53.28,68.03,7.67,60.82,76.29,0,28.57,32.74,48.67
2026-04-29,18,10,2026-04-29 12:58:00,5,山口放送開局70周年記念KRY山口放送杯争奪戦,1,4368,山口 隆史,3,40,53.2,0,0,0.19,3.72,15.73,26.97,3.55,10.34,31.03,0,0,31.3,46.09
2026-04-29,18,10,2026-04-29 12:58:00,5,山口放送開局70周年記念KRY山口放送杯争奪戦,2,4179,広次 修,3,43,52,0,0,0.16,5.83,36.79,61.32,5.69,37.5,60.94,0,0,45.05,56.76
2026-04-29,18,10,2026-04-29 12:58:00,5,山口放送開局70周年記念KRY山口放送杯争奪戦,3,4890,石川 諒,3,37,52,0,0,0.13,5.92,38.46,64.84,5.31,38.1,52.38,33.33,55.56,42.34,63.96
2026-04-29,18,10,2026-04-29 12:58:00,5,山口放送開局70周年記念KRY山口放送杯争奪戦,4,4319,三宅 潤,2,41,54.4,1,0,0.17,5.73,40.54,57.66,5.21,27.59,51.72,22.22,66.67,37.5,58.93
2026-04-29,18,10,2026-04-29 12:58:00,5,山口放送開局70周年記念KRY山口放送杯争奪戦,5,5388,佐野 優都,3,19,52,1,0,0.15,4.42,21.5,40.19,2.63,5.26,10.53,55.56,66.67,37.84,61.26
2026-04-29,18,10,2026-04-29 12:58:00,5,山口放送開局70周年記念KRY山口放送杯争奪戦,6,4324,海野 康志郎,1,38,55.9,0,0,0.14,7.29,54.68,66.91,6.44,44.44,55.56,0,0,35.96,47.37
2026-04-29,18,11,2026-04-29 13:35:00,5,山口放送開局70周年記念KRY山口放送杯争奪戦,1,4710,福田 宗平,1,36,52,0,0,0.14,5.71,38.71,58.87,6,43.33,63.33,14.29,57.14,36.28,52.21
2026-04-29,18,11,2026-04-29 13:35:00,5,山口放送開局70周年記念KRY山口放送杯争奪戦,2,4406,幸野 史明,3,40,52,0,0,0.16,4.02,22.77,36.63,2.67,7.41,18.52,0,0,32.14,46.43
2026-04-29,18,11,2026-04-29 13:35:00,5,山口放送開局70周年記念KRY山口放送杯争奪戦,3,4108,吉村 正明,3,46,51.5,0,0,0.15,6.31,48.08,63.46,5.7,36.07,52.46,28.57,42.86,37.84,48.65
2026-04-29,18,11,2026-04-29 13:35:00,5,山口放送開局70周年記念KRY山口放送杯争奪戦,4,3587,武田 信一,3,53,59.2,0,0,0.17,3.99,16,30,4.17,16.67,29.17,0,0,31.58,51.75
2026-04-29,18,11,2026-04-29 13:35:00,5,山口放送開局70周年記念KRY山口放送杯争奪戦,5,3951,石川 吉鎬,2,49,55.6,1,0,0.18,5.22,28.85,50.96,5.4,30,50,0,0,35.71,52.68
2026-04-29,18,11,2026-04-29 13:35:00,5,山口放送開局70周年記念KRY山口放送杯争奪戦,6,3684,清水 攻二,2,52,52,1,0,0.17,5.66,42.71,57.29,6.09,44.55,64.36,0,20,33.05,44.92
2026-04-29,18,12,2026-04-29 14:13:00,5,山口放送開局70周年記念KRY山口放送杯争奪戦,1,4985,井本 昌也,1,29,52,0,0,0.14,6.64,44.19,62.02,6.52,51.95,62.34,40,70,36.97,54.62
2026-04-29,18,12,2026-04-29 14:13:00,5,山口放送開局70周年記念KRY山口放送杯争奪戦,2,4015,前野 竜一,2,46,57.5,0,0,0.16,6.03,39.02,61.79,6.85,47.92,69.79,0,25,32.76,51.72
2026-04-29,18,12,2026-04-29 14:13:00,5,山口放送開局70周年記念KRY山口放送杯争奪戦,3,5000,岡本 翔太郎,3,31,52,0,0,0.13,4.48,24.1,38.55,5.03,31.51,49.32,0,0,33.04,54.46
2026-04-29,18,12,2026-04-29 14:13:00,5,山口放送開局70周年記念KRY山口放送杯争奪戦,4,5238,笹木 香吾,2,26,53,1,0,0.14,5.72,43,58,5.36,38.02,49.59,0,0,36.04,54.95
2026-04-29,18,12,2026-04-29 14:13:00,5,山口放送開局70周年記念KRY山口放送杯争奪戦,5,5041,荒牧 凪沙,3,27,51.5,1,0,0.16,4.78,29.41,41.18,4.06,16.67,38.89,44.44,55.56,38.79,53.45
2026-04-29,18,12,2026-04-29 14:13:00,5,山口放送開局70周年記念KRY山口放送杯争奪戦,6,4357,田中 和也,1,41,52.2,0,0,0.16,7.17,57.85,76.03,6.7,46.67,76.67,0,0,40.18,57.14
2026-04-29,19,1,2026-04-29 15:17:00,5,にっぽん未来プロジェクト競走in下関 GW特選,1,4871,菊池 宏志,3,33,52,0,0,0.17,4.51,25.58,41.86,4.64,19.78,40.66,0,0,0,0
2026-04-29,19,1,2026-04-29 15:17:00,5,にっぽん未来プロジェクト競走in下関 GW特選,2,4425,大井 清貴,3,40,54.1,1,0,0.16,4.44,16.67,44.05,4.31,22.67,41.33,0,0,0,0
2026-04-29,19,1,2026-04-29 15:17:00,5,にっぽん未来プロジェクト競走in下関 GW特選,3,3471,赤峰 和也,3,56,53,0,0,0.17,3.9,17.72,29.11,4,22.22,44.44,0,0,0,0
2026-04-29,19,1,2026-04-29 15:17:00,5,にっぽん未来プロジェクト競走in下関 GW特選,4,3901,松田 憲幸,3,48,52,0,0,0.2,4.02,20.93,37.21,4.79,28.7,47.83,0,0,0,0
2026-04-29,19,1,2026-04-29 15:17:00,5,にっぽん未来プロジェクト競走in下関 GW特選,5,4017,向井 美鈴,2,46,44,0,0,0.17,5.41,33.04,51.3,5.29,32,46.67,0,0,0,0
2026-04-29,19,1,2026-04-29 15:17:00,5,にっぽん未来プロジェクト競走in下関 GW特選,6,4846,佐藤 駿介,3,32,52,0,0,0.17,3.94,18.75,35.42,4.28,29.33,42.67,0,0,0,0
2026-04-29,19,2,2026-04-29 15:42:00,5,にっぽん未来プロジェクト競走in下関 GW特選,1,3878,胡本 悟志,3,48,51.5,0,0,0.18,4.44,24.39,36.59,4.13,18.31,33.8,0,0,0,0
2026-04-29,19,2,2026-04-29 15:42:00,5,にっぽん未来プロジェクト競走in下関 GW特選,2,5124,上瀧 絢也,4,30,53.1,0,0,0.18,4.12,15.58,35.06,0,0,0,0,0,0,0
2026-04-29,19,2,2026-04-29 15:42:00,5,にっぽん未来プロジェクト競走in下関 GW特選,3,5106,山崎 祥,3,27,52,0,0,0.19,5.49,30.95,51.19,5.25,34.67,49.33,0,0,0,0
2026-04-29,19,2,2026-04-29 15:42:00,5,にっぽん未来プロジェクト競走in下関 GW特選,4,4567,上村 慎太郎,3,38,52,0,0,0.22,4.04,16.46,35.44,4.08,19.67,40.98,0,0,0,0
2026-04-29,19,2,2026-04-29 15:42:00,5,にっぽん未来プロジェクト競走in下関 GW特選,5,4158,木場 雄二郎,3,44,55.8,0,0,0.17,5.06,31.4,50,5.23,36,50.67,0,0,0,0
2026-04-29,19,2,2026-04-29 15:42:00,5,にっぽん未来プロジェクト競走in下関 GW特選,6,5123,福山 恵里奈,3,30,48.4,0,0,0.16,4.23,23.64,36.36,3.88,15.07,34.25,0,0,0,0
2026-04-29,19,3,2026-04-29 16:06:00,5,にっぽん未来プロジェクト競走in下関 GW特選,1,4336,松田 竜馬,3,42,55,0,0,0.15,4.98,32.65,42.86,7.14,57.14,71.43,0,0,0,0
2026-04-29,19,3,2026-04-29 16:06:00,5,にっぽん未来プロジェクト競走in下関 GW特選,2,4822,百武 翔,2,33,52,1,0,0.17,5.66,38.66,58.82,5.61,41.67,52.78,0,0,0,0
2026-04-29,19,3,2026-04-29 16:06:00,5,にっぽん未来プロジェクト競走in下関 GW特選,3,4323,山田 佑樹,3,39,55.2,0,0,0.16,4.97,32.97,46.15,6.3,39.13,73.91,0,0,0,0
2026-04-29,19,3,2026-04-29 16:06:00,5,にっぽん未来プロジェクト競走in下関 GW特選,4,5375,庄島 潤成,4,22,53.7,0,0,0.22,2.56,4.94,13.58,1.55,0,4.76,0,0,0,0
2026-04-29,19,3,2026-04-29 16:06:00,5,にっぽん未来プロジェクト競走in下関 GW特選,5,3473,石川 真二,1,56,52.7,1,0,0.13,6.33,49.19,65.32,6.27,53.33,60,0,0,0,0
2026-04-29,19,3,2026-04-29 16:06:00,5,にっぽん未来プロジェクト競走in下関 GW特選,6,4264,長尾 章平,1,41,52.1,0,0,0.15,6.9,53.9,72.34,6.99,52.27,72.73,0,0,0,0
2026-04-29,19,4,2026-04-29 16:32:00,5,にっぽん未来プロジェクト競走in下関 GW特選,1,5027,重冨 勇哉,3,29,55,1,0,0.17,4.93,31.58,46.49,5.12,33.85,49.23,0,0,0,0
2026-04-29,19,4,2026-04-29 16:32:00,5,にっぽん未来プロジェクト競走in下関 GW特選,2,4361,柳生 泰二,1,41,52,0,0,0.15,7.02,48.48,66.67,8.04,64.71,85.71,0,0,0,0
2026-04-29,19,4,2026-04-29 16:32:00,5,にっぽん未来プロジェクト競走in下関 GW特選,3,4724,吉田 祐貴,4,40,54.4,1,0,0.2,3.22,8.33,20.83,3.95,23.81,33.33,0,0,0,0
2026-04-29,19,4,2026-04-29 16:32:00,5,にっぽん未来プロジェクト競走in下関 GW特選,4,4396,大田 直弥,2,39,52.9,0,0,0.19,4.94,28.18,46.36,5.63,37.97,56.96,0,0,0,0
2026-04-29,19,4,2026-04-29 16:32:00,5,にっぽん未来プロジェクト競走in下関 GW特選,5,4263,武重 雄介,2,41,54.5,0,0,0.16,4.67,31.76,42.35,5.74,39.33,56.18,0,0,0,0
2026-04-29,19,4,2026-04-29 16:32:00,5,にっぽん未来プロジェクト競走in下関 GW特選,6,5336,瀬川 大地,3,20,53.7,0,0,0.19,3.03,9.89,19.78,2.07,6.52,9.78,0,0,0,0
2026-04-29,19,5,2026-04-29 17:01:00,5,にっぽん未来プロジェクト競走in下関 GW特選,1,5026,安河内 健,1,30,56.8,1,0,0.15,6.24,48.18,60.91,7.93,66.67,86.67,0,0,0,0
2026-04-29,19,5,2026-04-29 17:01:00,5,にっぽん未来プロジェクト競走in下関 GW特選,2,5058,前原 大道,1,29,52,1,0,0.14,7.32,55.75,76.11,6.84,45.45,63.64,0,0,0,0
2026-04-29,19,5,2026-04-29 17:01:00,5,にっぽん未来プロジェクト競走in下関 GW特選,3,4041,小林 基樹,4,46,53.7,0,0,0.22,4.17,16.88,33.77,4.59,25.86,44.83,0,0,0,0
2026-04-29,19,5,2026-04-29 17:01:00,5,にっぽん未来プロジェクト競走in下関 GW特選,4,4064,原田 篤志,1,46,51.5,1,0,0.16,6.53,43.22,67.8,6.6,49.28,63.04,0,0,0,0
2026-04-29,19,5,2026-04-29 17:01:00,5,にっぽん未来プロジェクト競走in下関 GW特選,5,3224,栗山 繁洋,3,60,52.8,0,0,0.19,3.8,14.46,32.53,4.67,30.3,39.39,0,0,0,0
2026-04-29,19,5,2026-04-29 17:01:00,5,にっぽん未来プロジェクト競走in下関 GW特選,6,5387,戸田 海咲音,4,20,54.6,1,0,0.19,1.62,1.37,1.37,1.42,0,0,0,0,0,0
2026-04-29,19,6,2026-04-29 17:27:00,5,にっぽん未来プロジェクト競走in下関 GW特選,1,3471,赤峰 和也,3,56,52.9,0,0,0.17,3.9,17.72,29.11,4,22.22,44.44,0,0,0,0
2026-04-29,19,6,2026-04-29 17:27:00,5,にっぽん未来プロジェクト競走in下関 GW特選,2,5145,島川 海輝,2,23,52.6,0,0,0.15,5.82,41.46,53.66,5.84,42.97,56.25,0,0,0,0
2026-04-29,19,6,2026-04-29 17:27:00,5,にっぽん未来プロジェクト競走in下関 GW特選,3,4271,川崎 公靖,3,44,52,0,0,0.16,4.39,24.04,39.42,4.64,20,48,0,0,0,0
2026-04-29,19,6,2026-04-29 17:27:00,5,にっぽん未来プロジェクト競走in下関 GW特選,4,5124,上瀧 絢也,4,30,52.7,0,0,0.18,4.12,15.58,35.06,0,0,0,0,0,0,0
2026-04-29,19,6,2026-04-29 17:27:00,5,にっぽん未来プロジェクト競走in下関 GW特選,5,3574,大神 康司,2,53,52,0,0,0.15,6.22,49.14,64.66,5.73,39.19,56.76,0,0,0,0
2026-04-29,19,6,2026-04-29 17:27:00,5,にっぽん未来プロジェクト競走in下関 GW特選,6,4703,森永 隆,2,38,51.5,1,0,0.14,6.34,49.11,63.39,6.36,48,66.67,0,0,0,0
2026-04-29,19,7,2026-04-29 17:55:00,5,にっぽん未来プロジェクト競走in下関 GW特選,1,3961,谷村 一哉,2,47,53.2,0,0,0.16,6.38,43.33,67.78,7.01,56.25,72.92,0,0,0,0
2026-04-29,19,7,2026-04-29 17:55:00,5,にっぽん未来プロジェクト競走in下関 GW特選,2,4521,小池 公生,1,39,52.2,1,0,0.17,4.67,26.09,40.87,4.2,10,30,0,0,0,0
2026-04-29,19,7,2026-04-29 17:55:00,5,にっぽん未来プロジェクト競走in下関 GW特選,3,5067,山田 真聖,3,27,58.4,0,0,0.14,5.04,28.57,48.35,4.44,23.86,40.91,0,0,0,0
2026-04-29,19,7,2026-04-29 17:55:00,5,にっぽん未来プロジェクト競走in下関 GW特選,4,4000,松本 博昭,2,49,54.9,0,0,0.17,6.16,41.55,63.38,5.5,35,55,0,0,0,0
2026-04-29,19,7,2026-04-29 17:55:00,5,にっぽん未来プロジェクト競走in下関 GW特選,5,5375,庄島 潤成,4,22,53.7,0,0,0.22,2.56,4.94,13.58,1.55,0,4.76,0,0,0,0
2026-04-29,19,7,2026-04-29 17:55:00,5,にっぽん未来プロジェクト競走in下関 GW特選,6,4425,大井 清貴,3,40,54.1,1,0,0.16,4.44,16.67,44.05,4.31,22.67,41.33,0,0,0,0
2026-04-29,19,8,2026-04-29 18:25:00,5,にっぽん未来プロジェクト競走in下関 GW特選,1,4980,佐々木 完太,1,29,52,0,0,0.15,7.15,53.23,66.13,7.15,54.02,67.82,0,0,0,0
2026-04-29,19,8,2026-04-29 18:25:00,5,にっぽん未来プロジェクト競走in下関 GW特選,2,4158,木場 雄二郎,3,44,55.8,0,0,0.17,5.06,31.4,50,5.23,36,50.67,0,0,0,0
2026-04-29,19,8,2026-04-29 18:25:00,5,にっぽん未来プロジェクト競走in下関 GW特選,3,3901,松田 憲幸,3,48,52,0,0,0.2,4.02,20.93,37.21,4.79,28.7,47.83,0,0,0,0
2026-04-29,19,8,2026-04-29 18:25:00,5,にっぽん未来プロジェクト競走in下関 GW特選,4,4009,小林 一樹,2,47,55.9,0,0,0.13,5.53,30.93,53.61,6.04,42.34,61.31,0,0,0,0
2026-04-29,19,8,2026-04-29 18:25:00,5,にっぽん未来プロジェクト競走in下関 GW特選,5,4724,吉田 祐貴,4,40,54.4,1,0,0.2,3.22,8.33,20.83,3.95,23.81,33.33,0,0,0,0
2026-04-29,19,8,2026-04-29 18:25:00,5,にっぽん未来プロジェクト競走in下関 GW特選,6,5397,寺田 夢生,4,24,47.1,0,0,0.2,1.37,0,2.82,1.33,0,3.7,0,0,0,0
2026-04-29,19,9,2026-04-29 18:55:00,5,にっぽん未来プロジェクト競走in下関 GW特選,1,4014,片岡 恵里,2,46,47.1,0,0,0.18,5.63,40.4,53.54,5.13,31.17,48.05,0,0,0,0
2026-04-29,19,9,2026-04-29 18:55:00,5,にっぽん未来プロジェクト競走in下関 GW特選,2,5123,福山 恵里奈,3,30,48.4,0,0,0.16,4.23,23.64,36.36,3.88,15.07,34.25,0,0,0,0
2026-04-29,19,9,2026-04-29 18:55:00,5,にっぽん未来プロジェクト競走in下関 GW特選,3,4017,向井 美鈴,2,46,44,0,0,0.17,5.41,33.04,51.3,5.29,32,46.67,0,0,0,0
2026-04-29,19,9,2026-04-29 18:55:00,5,にっぽん未来プロジェクト競走in下関 GW特選,4,5231,寺田 空詩,2,22,45,1,0,0.15,4.34,26.76,36.62,5.47,36.36,55.56,0,0,0,0
2026-04-29,19,9,2026-04-29 18:55:00,5,にっぽん未来プロジェクト競走in下関 GW特選,5,5391,出穂 和鼓,4,18,54.1,1,0,0.16,1.82,0,1.82,1.72,0,2,0,0,0,0
2026-04-29,19,9,2026-04-29 18:55:00,5,にっぽん未来プロジェクト競走in下関 GW特選,6,5406,小畑 楓夏,4,21,51.5,0,0,0.24,1.38,0,2.33,1.57,0,4.35,0,0,0,0
2026-04-29,19,10,2026-04-29 19:23:00,5,にっぽん未来プロジェクト競走in下関 GW特選,1,3473,石川 真二,1,56,52.7,1,0,0.13,6.33,49.19,65.32,6.27,53.33,60,0,0,0,0
2026-04-29,19,10,2026-04-29 19:23:00,5,にっぽん未来プロジェクト競走in下関 GW特選,2,4846,佐藤 駿介,3,32,52,0,0,0.17,3.94,18.75,35.42,4.28,29.33,42.67,0,0,0,0
2026-04-29,19,10,2026-04-29 19:23:00,5,にっぽん未来プロジェクト競走in下関 GW特選,3,5336,瀬川 大地,3,20,53.7,0,0,0.19,3.03,9.89,19.78,2.07,6.52,9.78,0,0,0,0
2026-04-29,19,10,2026-04-29 19:23:00,5,にっぽん未来プロジェクト競走in下関 GW特選,4,5058,前原 大道,1,29,52,1,0,0.14,7.32,55.75,76.11,6.84,45.45,63.64,0,0,0,0
2026-04-29,19,10,2026-04-29 19:23:00,5,にっぽん未来プロジェクト競走in下関 GW特選,5,3878,胡本 悟志,3,48,51.5,0,0,0.18,4.44,24.39,36.59,4.13,18.31,33.8,0,0,0,0
2026-04-29,19,10,2026-04-29 19:23:00,5,にっぽん未来プロジェクト競走in下関 GW特選,6,4950,高岡 竜也,2,32,52,0,0,0.17,6.67,49.58,66.39,5.65,38.3,55.32,0,0,0,0
2026-04-29,19,11,2026-04-29 20:03:00,5,にっぽん未来プロジェクト競走in下関 GW特選,1,4263,武重 雄介,2,41,54.5,0,0,0.16,4.67,31.76,42.35,5.74,39.33,56.18,0,0,0,0
2026-04-29,19,11,2026-04-29 20:03:00,5,にっぽん未来プロジェクト競走in下関 GW特選,2,4703,森永 隆,2,38,51.5,1,0,0.14,6.34,49.11,63.39,6.36,48,66.67,0,0,0,0
2026-04-29,19,11,2026-04-29 20:03:00,5,にっぽん未来プロジェクト競走in下関 GW特選,3,4871,菊池 宏志,3,33,52,0,0,0.17,4.51,25.58,41.86,4.64,19.78,40.66,0,0,0,0
2026-04-29,19,11,2026-04-29 20:03:00,5,にっぽん未来プロジェクト競走in下関 GW特選,4,4822,百武 翔,2,33,52,1,0,0.17,5.66,38.66,58.82,5.61,41.67,52.78,0,0,0,0
2026-04-29,19,11,2026-04-29 20:03:00,5,にっぽん未来プロジェクト競走in下関 GW特選,5,5106,山崎 祥,3,27,52,0,0,0.19,5.49,30.95,51.19,5.25,34.67,49.33,0,0,0,0
2026-04-29,19,11,2026-04-29 20:03:00,5,にっぽん未来プロジェクト競走in下関 GW特選,6,4521,小池 公生,1,39,52.2,1,0,0.17,4.67,26.09,40.87,4.2,10,30,0,0,0,0
2026-04-29,19,12,2026-04-29 20:31:00,5,にっぽん未来プロジェクト競走in下関 GW特選,1,4361,柳生 泰二,1,41,52,0,0,0.15,7.02,48.48,66.67,8.04,64.71,85.71,0,0,0,0
2026-04-29,19,12,2026-04-29 20:31:00,5,にっぽん未来プロジェクト競走in下関 GW特選,2,4064,原田 篤志,1,46,51.5,1,0,0.16,6.53,43.22,67.8,6.6,49.28,63.04,0,0,0,0
2026-04-29,19,12,2026-04-29 20:31:00,5,にっぽん未来プロジェクト競走in下関 GW特選,3,4264,長尾 章平,1,41,52.1,0,0,0.15,6.9,53.9,72.34,6.99,52.27,72.73,0,0,0,0
2026-04-29,19,12,2026-04-29 20:31:00,5,にっぽん未来プロジェクト競走in下関 GW特選,4,4980,佐々木 完太,1,29,52,0,0,0.15,7.15,53.23,66.13,7.15,54.02,67.82,0,0,0,0
2026-04-29,19,12,2026-04-29 20:31:00,5,にっぽん未来プロジェクト競走in下関 GW特選,5,3961,谷村 一哉,2,47,53.2,0,0,0.16,6.38,43.33,67.78,7.01,56.25,72.92,0,0,0,0
2026-04-29,19,12,2026-04-29 20:31:00,5,にっぽん未来プロジェクト競走in下関 GW特選,6,5145,島川 海輝,2,23,52.6,0,0,0.15,5.82,41.46,53.66,5.84,42.97,56.25,0,0,0,0
2026-04-29,21,1,2026-04-29 08:40:00,5,スポーツ報知杯争奪ゴールデンウィーク特選,1,5330,安河内 鈴之介,2,22,52,0,0,0.15,6.05,42.34,56.76,5.31,32.12,52.55,22.22,33.33,22.22,22.22
2026-04-29,21,1,2026-04-29 08:40:00,5,スポーツ報知杯争奪ゴールデンウィーク特選,2,3434,松尾 宣邦,3,57,52.3,0,0,0.17,4.85,30.69,45.54,4.55,27.45,43.14,40,60,0,0
2026-04-29,21,1,2026-04-29 08:40:00,5,スポーツ報知杯争奪ゴールデンウィーク特選,3,5107,松本 真広,3,27,52,1,0,0.17,4.95,35.23,48.86,5.05,33.33,50,33.33,55.56,22.22,44.44
2026-04-29,21,1,2026-04-29 08:40:00,5,スポーツ報知杯争奪ゴールデンウィーク特選,4,4506,稗田 聖也,3,38,52.4,0,0,0.14,6.91,58.16,72.45,6.7,53.7,70.37,22.22,33.33,0,0
2026-04-29,21,1,2026-04-29 08:40:00,5,スポーツ報知杯争奪ゴールデンウィーク特選,5,4367,山口 修路,3,40,52,1,0,0.2,4.14,10.77,35.38,4.52,21.21,37.88,70,70,0,0
2026-04-29,21,1,2026-04-29 08:40:00,5,スポーツ報知杯争奪ゴールデンウィーク特選,6,3928,林 恵祐,3,50,60.7,0,0,0.17,3.48,15,29,3.37,11.11,25.93,70,80,50,60
2026-04-29,21,2,2026-04-29 09:06:00,5,スポーツ報知杯争奪ゴールデンウィーク特選,1,4513,河野 真也,2,36,52,1,0,0.18,5.51,36.56,51.61,5.56,36,56,80,100,50,80
2026-04-29,21,2,2026-04-29 09:06:00,5,スポーツ報知杯争奪ゴールデンウィーク特選,2,4463,三苫 晃幸,3,39,53.9,0,0,0.17,5.95,43.22,61.86,5.39,38.16,46.05,0,0,60,80
2026-04-29,21,2,2026-04-29 09:06:00,5,スポーツ報知杯争奪ゴールデンウィーク特選,3,4100,松田 隆司,3,47,53.6,0,0,0.17,5.08,32.97,48.35,4.21,13.79,44.83,25,37.5,11.11,33.33
2026-04-29,21,2,2026-04-29 09:06:00,5,スポーツ報知杯争奪ゴールデンウィーク特選,4,4371,西山 貴浩,1,38,52.1,0,0,0.13,6.95,39.22,55.88,7.54,54.17,70.83,50,60,0,0
2026-04-29,21,2,2026-04-29 09:06:00,5,スポーツ報知杯争奪ゴールデンウィーク特選,5,3726,桂林 寛,4,54,52.8,1,0,0.17,4.61,29.73,44.59,5.7,37.04,55.56,0,0,0,0
2026-04-29,21,2,2026-04-29 09:06:00,5,スポーツ報知杯争奪ゴールデンウィーク特選,6,4866,橋本 英一,3,36,52.7,1,0,0.16,4.26,16.22,39.19,4.67,30.3,48.48,0,37.5,72.73,90.91
2026-04-29,21,3,2026-04-29 09:32:00,5,スポーツ報知杯争奪ゴールデンウィーク特選,1,4674,池田 剛規,2,38,52.2,0,0,0.15,5.34,31.75,52.38,5.28,29.41,52.94,0,0,22.22,22.22
2026-04-29,21,3,2026-04-29 09:32:00,5,スポーツ報知杯争奪ゴールデンウィーク特選,2,3566,川添 英正,3,55,52.4,0,0,0.18,5.21,30.21,54.17,5.76,41.38,62.07,55.56,66.67,0,25
2026-04-29,21,3,2026-04-29 09:32:00,5,スポーツ報知杯争奪ゴールデンウィーク特選,3,4736,高倉 和士,1,34,52,1,0,0.12,6.59,51.92,67.31,6.8,51.79,64.29,22.22,44.44,0,0
2026-04-29,21,3,2026-04-29 09:32:00,5,スポーツ報知杯争奪ゴールデンウィーク特選,4,3352,小川 晃司,3,57,50.5,0,0,0.17,4.54,11.49,45.98,4.29,18.37,42.86,0,0,0,0
2026-04-29,21,3,2026-04-29 09:32:00,5,スポーツ報知杯争奪ゴールデンウィーク特選,5,4148,枝尾 賢,2,44,52.2,0,0,0.16,6.13,45.76,65.25,6.45,52.05,65.75,22.22,22.22,22.22,44.44
2026-04-29,21,3,2026-04-29 09:32:00,5,スポーツ報知杯争奪ゴールデンウィーク特選,6,3722,西村 秀樹,3,55,52,0,0,0.17,3.28,11.76,24.71,5.44,44.44,55.56,22.22,33.33,22.22,22.22
2026-04-29,21,4,2026-04-29 09:58:00,5,スポーツ報知杯争奪ゴールデンウィーク特選,1,4831,羽野 直也,1,31,54,1,0,0.15,6.76,38.71,62.37,6.77,46.38,68.12,0,25,30,40
2026-04-29,21,4,2026-04-29 09:58:00,5,スポーツ報知杯争奪ゴールデンウィーク特選,2,4709,岡村 将也,2,36,52.9,0,0,0.16,5.73,38.68,58.49,4.97,27.94,51.47,25,37.5,0,0
2026-04-29,21,4,2026-04-29 09:58:00,5,スポーツ報知杯争奪ゴールデンウィーク特選,3,4180,上野 秀和,3,43,54.8,0,0,0.17,6.11,39.78,62.37,5.03,22.86,42.86,22.22,22.22,40,60
2026-04-29,21,4,2026-04-29 09:58:00,5,スポーツ報知杯争奪ゴールデンウィーク特選,4,5028,原田 才一郎,1,29,52,1,0,0.16,6.52,45.45,63.64,6.35,45.1,62.75,0,0,36.36,54.55
2026-04-29,21,4,2026-04-29 09:58:00,5,スポーツ報知杯争奪ゴールデンウィーク特選,5,5263,花田 凱成,3,27,52,0,0,0.18,4.79,26.6,48.94,3.51,17.65,29.41,0,25,0,0
2026-04-29,21,4,2026-04-29 09:58:00,5,スポーツ報知杯争奪ゴールデンウィーク特選,6,5104,山田 丈,2,27,52,1,0,0.15,6.01,44.12,60.29,6.63,51.61,69.35,36.36,54.55,22.22,33.33
2026-04-29,21,5,2026-04-29 10:25:00,5,スポーツ報知杯争奪ゴールデンウィーク特選,1,4544,松田 大志郎,1,38,52,0,0,0.16,7.62,62.84,79.05,7.65,60,78.33,30,40,40,80
2026-04-29,21,5,2026-04-29 10:25:00,5,スポーツ報知杯争奪ゴールデンウィーク特選,2,4351,里岡 右貴,1,40,52,0,0,0.14,7.09,53.69,73.15,6.76,53.52,69.01,0,0,22.22,44.44
2026-04-29,21,5,2026-04-29 10:25:00,5,スポーツ報知杯争奪ゴールデンウィーク特選,3,5330,安河内 鈴之介,2,22,52,0,0,0.15,6.05,42.34,56.76,5.31,32.12,52.55,22.22,33.33,22.22,22.22
2026-04-29,21,5,2026-04-29 10:25:00,5,スポーツ報知杯争奪ゴールデンウィーク特選,4,4151,下河 誉史,3,43,55.7,0,0,0.19,5.19,32.71,50.47,5.91,40.91,61.36,42.86,42.86,0,0
2026-04-29,21,5,2026-04-29 10:25:00,5,スポーツ報知杯争奪ゴールデンウィーク特選,5,4861,田中 宏樹,3,38,52,0,0,0.18,5.7,39.22,58.82,5.31,37.5,56.25,0,0,25,37.5
2026-04-29,21,5,2026-04-29 10:25:00,5,スポーツ報知杯争奪ゴールデンウィーク特選,6,3514,山一 鉄也,2,59,52,0,0,0.16,5.61,36,52.8,6.11,44.44,57.14,22.22,44.44,0,0
2026-04-29,21,6,2026-04-29 10:53:00,5,スポーツ報知杯争奪ゴールデンウィーク特選,1,3726,桂林 寛,4,54,52.8,1,0,0.17,4.61,29.73,44.59,5.7,37.04,55.56,0,0,0,0
2026-04-29,21,6,2026-04-29 10:53:00,5,スポーツ報知杯争奪ゴールデンウィーク特選,2,5029,中 亮太,2,28,52.7,1,0,0.13,6.5,50.46,64.22,7.14,60.78,78.43,0,0,22.22,33.33
2026-04-29,21,6,2026-04-29 10:53:00,5,スポーツ報知杯争奪ゴールデンウィーク特選,3,4189,川上 剛,2,44,53.1,0,0,0.15,6.69,48.59,67.61,6.58,49.55,63.96,0,0,40,80
2026-04-29,21,6,2026-04-29 10:53:00,5,スポーツ報知杯争奪ゴールデンウィーク特選,4,4155,長野 壮志郎,1,45,55.9,0,0,0.16,6.12,45.13,61.95,6.32,45.33,65.33,33.33,55.56,22.22,44.44
2026-04-29,21,6,2026-04-29 10:53:00,5,スポーツ報知杯争奪ゴールデンウィーク特選,5,4638,小林 遼太,3,35,53.3,0,0,0.19,5,28.57,48.98,4.62,23.08,42.31,22.22,44.44,0,11.11
2026-04-29,21,6,2026-04-29 10:53:00,5,スポーツ報知杯争奪ゴールデンウィーク特選,6,4288,永田 啓二,1,41,52,0,0,0.13,7.31,58.52,76.3,6.8,55.95,67.86,22.22,22.22,25,37.5
2026-04-29,21,7,2026-04-29 11:22:00,5,スポーツ報知杯争奪ゴールデンウィーク特選,1,5219,森口 和紀,4,25,52,0,0,0.17,4.89,32.39,43.66,4.34,27.87,34.43,40,80,33.33,44.44
2026-04-29,21,7,2026-04-29 11:22:00,5,スポーツ報知杯争奪ゴールデンウィーク特選,2,4367,山口 修路,3,40,52,1,0,0.2,4.14,10.77,35.38,4.52,21.21,37.88,70,70,0,0
2026-04-29,21,7,2026-04-29 11:22:00,5,スポーツ報知杯争奪ゴールデンウィーク特選,3,5209,小野 京平,4,28,54.7,1,0,0.23,3.4,8.57,22.86,2.71,4.88,19.51,33.33,44.44,0,0
2026-04-29,21,7,2026-04-29 11:22:00,5,スポーツ報知杯争奪ゴールデンウィーク特選,4,3714,梶原 正,3,51,55.5,0,0,0.15,4.67,21.98,41.76,3.83,8.57,28.57,0,0,42.86,42.86
2026-04-29,21,7,2026-04-29 11:22:00,5,スポーツ報知杯争奪ゴールデンウィーク特選,5,4463,三苫 晃幸,3,39,53.9,0,0,0.17,5.95,43.22,61.86,5.39,38.16,46.05,0,0,60,80
2026-04-29,21,7,2026-04-29 11:22:00,5,スポーツ報知杯争奪ゴールデンウィーク特選,6,5337,出畑 孝成,3,20,53.1,0,0,0.18,4.69,25.58,44.19,2.6,9.62,17.31,55.56,77.78,0,25
2026-04-29,21,8,2026-04-29 11:55:00,5,スポーツ報知杯争奪ゴールデンウィーク特選,1,4393,田中 孝明,3,39,55.9,0,0,0.19,4.37,19.77,34.88,4.65,20.41,42.86,0,0,0,0
2026-04-29,21,8,2026-04-29 11:55:00,5,スポーツ報知杯争奪ゴールデンウィーク特選,2,4477,篠崎 仁志,1,38,53.4,0,0,0.13,7.21,48.36,68.85,6.77,45.71,71.43,22.22,33.33,70,80
2026-04-29,21,8,2026-04-29 11:55:00,5,スポーツ報知杯争奪ゴールデンウィーク特選,3,4451,松崎 祐太郎,1,38,52,0,0,0.16,6.07,42.96,61.48,5.95,35.06,57.14,80,100,0,0
2026-04-29,21,8,2026-04-29 11:55:00,5,スポーツ報知杯争奪ゴールデンウィーク特選,4,4022,待鳥 雄紀,3,46,54.8,0,0,0.17,3.83,18.75,29.69,5,33.33,40,0,0,0,37.5
2026-04-29,21,8,2026-04-29 11:55:00,5,スポーツ報知杯争奪ゴールデンウィーク特選,5,5104,山田 丈,2,27,52,1,0,0.15,6.01,44.12,60.29,6.63,51.61,69.35,36.36,54.55,22.22,33.33
2026-04-29,21,8,2026-04-29 11:55:00,5,スポーツ報知杯争奪ゴールデンウィーク特選,6,5093,浦野 海,2,24,53.6,2,0,0.17,4.69,33.33,44.09,5.33,34.15,52.85,0,11.11,55.56,77.78
2026-04-29,21,9,2026-04-29 12:29:00,5,スポーツ報知杯争奪ゴールデンウィーク特選,1,4551,三川 昂暁,2,37,53.8,1,0,0.18,6.16,45.37,65.74,4.88,32.2,44.07,22.22,22.22,33.33,55.56
2026-04-29,21,9,2026-04-29 12:29:00,5,スポーツ報知杯争奪ゴールデンウィーク特選,2,3514,山一 鉄也,2,59,52,0,0,0.16,5.61,36,52.8,6.11,44.44,57.14,22.22,44.44,0,0
2026-04-29,21,9,2026-04-29 12:29:00,5,スポーツ報知杯争奪ゴールデンウィーク特選,3,4861,田中 宏樹,3,38,52,0,0,0.18,5.7,39.22,58.82,5.31,37.5,56.25,0,0,25,37.5
2026-04-29,21,9,2026-04-29 12:29:00,5,スポーツ報知杯争奪ゴールデンウィーク特選,4,4193,郷原 章平,1,44,52,0,0,0.17,6,40.3,59.7,5.82,38.96,58.44,72.73,90.91,11.11,33.33
2026-04-29,21,9,2026-04-29 12:29:00,5,スポーツ報知杯争奪ゴールデンウィーク特選,5,5328,井上 慧人,3,22,53.7,1,0,0.18,4.04,17.14,35.71,3.2,12.96,22.22,0,0,0,0
2026-04-29,21,9,2026-04-29 12:29:00,5,スポーツ報知杯争奪ゴールデンウィーク特選,6,3352,小川 晃司,3,57,50.5,0,0,0.17,4.54,11.49,45.98,4.29,18.37,42.86,0,0,0,0
2026-04-29,21,10,2026-04-29 13:03:00,5,スポーツ報知杯争奪ゴールデンウィーク特選,1,4736,高倉 和士,1,34,52,1,0,0.12,6.59,51.92,67.31,6.8,51.79,64.29,22.22,44.44,0,0
2026-04-29,21,10,2026-04-29 13:03:00,5,スポーツ報知杯争奪ゴールデンウィーク特選,2,4544,松田 大志郎,1,38,52,0,0,0.16,7.62,62.84,79.05,7.65,60,78.33,30,40,40,80
2026-04-29,21,10,2026-04-29 13:03:00,5,スポーツ報知杯争奪ゴールデンウィーク特選,3,4506,稗田 聖也,3,38,52.4,0,0,0.14,6.91,58.16,72.45,6.7,53.7,70.37,22.22,33.33,0,0
2026-04-29,21,10,2026-04-29 13:03:00,5,スポーツ報知杯争奪ゴールデンウィーク特選,4,5029,中 亮太,2,28,52.7,1,0,0.13,6.5,50.46,64.22,7.14,60.78,78.43,0,0,22.22,33.33
2026-04-29,21,10,2026-04-29 13:03:00,5,スポーツ報知杯争奪ゴールデンウィーク特選,5,4674,池田 剛規,2,38,52.2,0,0,0.15,5.34,31.75,52.38,5.28,29.41,52.94,0,0,22.22,22.22
2026-04-29,21,10,2026-04-29 13:03:00,5,スポーツ報知杯争奪ゴールデンウィーク特選,6,4709,岡村 将也,2,36,52.9,0,0,0.16,5.73,38.68,58.49,4.97,27.94,51.47,25,37.5,0,0
2026-04-29,21,11,2026-04-29 13:39:00,5,スポーツ報知杯争奪ゴールデンウィーク特選,1,4288,永田 啓二,1,41,52.1,0,0,0.13,7.31,58.52,76.3,6.8,55.95,67.86,22.22,22.22,25,37.5
2026-04-29,21,11,2026-04-29 13:39:00,5,スポーツ報知杯争奪ゴールデンウィーク特選,2,4513,河野 真也,2,36,52,1,0,0.18,5.51,36.56,51.61,5.56,36,56,80,100,50,80
2026-04-29,21,11,2026-04-29 13:39:00,5,スポーツ報知杯争奪ゴールデンウィーク特選,3,5028,原田 才一郎,1,29,51.5,1,0,0.16,6.52,45.45,63.64,6.35,45.1,62.75,0,0,36.36,54.55
2026-04-29,21,11,2026-04-29 13:39:00,5,スポーツ報知杯争奪ゴールデンウィーク特選,4,4100,松田 隆司,3,47,53.8,0,0,0.17,5.08,32.97,48.35,4.21,13.79,44.83,25,37.5,11.11,33.33
2026-04-29,21,11,2026-04-29 13:39:00,5,スポーツ報知杯争奪ゴールデンウィーク特選,5,3566,川添 英正,3,55,52.3,0,0,0.18,5.21,30.21,54.17,5.76,41.38,62.07,55.56,66.67,0,25
2026-04-29,21,11,2026-04-29 13:39:00,5,スポーツ報知杯争奪ゴールデンウィーク特選,6,4351,里岡 右貴,1,40,52,0,0,0.14,7.09,53.69,73.15,6.76,53.52,69.01,0,0,22.22,44.44
2026-04-29,21,12,2026-04-29 14:20:00,5,スポーツ報知杯争奪ゴールデンウィーク特選,1,4371,西山 貴浩,1,38,52.1,0,0,0.13,6.95,39.22,55.88,7.54,54.17,70.83,50,60,0,0
2026-04-29,21,12,2026-04-29 14:20:00,5,スポーツ報知杯争奪ゴールデンウィーク特選,2,4148,枝尾 賢,2,44,52.2,0,0,0.16,6.13,45.76,65.25,6.45,52.05,65.75,22.22,22.22,22.22,44.44
2026-04-29,21,12,2026-04-29 14:20:00,5,スポーツ報知杯争奪ゴールデンウィーク特選,3,4831,羽野 直也,1,31,54,1,0,0.15,6.76,38.71,62.37,6.77,46.38,68.12,0,25,30,40
2026-04-29,21,12,2026-04-29 14:20:00,5,スポーツ報知杯争奪ゴールデンウィーク特選,4,4477,篠崎 仁志,1,38,53.4,0,0,0.13,7.21,48.36,68.85,6.77,45.71,71.43,22.22,33.33,70,80
2026-04-29,21,12,2026-04-29 14:20:00,5,スポーツ報知杯争奪ゴールデンウィーク特選,5,4155,長野 壮志郎,1,45,55.9,0,0,0.16,6.12,45.13,61.95,6.32,45.33,65.33,33.33,55.56,22.22,44.44
2026-04-29,21,12,2026-04-29 14:20:00,5,スポーツ報知杯争奪ゴールデンウィーク特選,6,4189,川上 剛,2,44,53.1,0,0,0.15,6.69,48.59,67.61,6.58,49.55,63.96,0,0,40,80
2026-04-29,22,1,2026-04-29 12:33:00,5,どんたく特選レース・福岡市民の祭り振興会会長杯,1,4885,大山 千広,4,30,47.2,1,0,0.16,6.2,46.59,64.77,6.72,59.38,75,38.3,65.96,24.32,48.65
2026-04-29,22,1,2026-04-29 12:33:00,5,どんたく特選レース・福岡市民の祭り振興会会長杯,2,5308,藤森 拓海,3,21,53,0,0,0.19,4.02,19.78,37.36,2.72,8.33,13.89,43.24,56.76,36.73,51.02
2026-04-29,22,1,2026-04-29 12:33:00,5,どんたく特選レース・福岡市民の祭り振興会会長杯,3,5276,大島 隆乃介,3,24,51.5,0,0,0.16,4.92,23.08,46.15,7.2,60,70,26.09,50,13.51,32.43
2026-04-29,22,1,2026-04-29 12:33:00,5,どんたく特選レース・福岡市民の祭り振興会会長杯,4,3747,國崎 良春,3,51,52,0,0,0.17,5.42,35.42,59.38,4.74,33.33,46.38,30.51,44.07,33.33,50
2026-04-29,22,1,2026-04-29 12:33:00,5,どんたく特選レース・福岡市民の祭り振興会会長杯,5,5244,黒田 剛,3,25,52,0,0,0.14,4.12,19.51,34.15,3.71,10.53,28.95,40,66,39.47,55.26
2026-04-29,22,1,2026-04-29 12:33:00,5,どんたく特選レース・福岡市民の祭り振興会会長杯,6,5382,山下 心一,3,21,52,1,0,0.16,2.56,4.69,12.5,3.08,12.5,25,36.84,47.37,31.25,40.63
2026-04-29,22,2,2026-04-29 13:01:00,5,どんたく特選レース・福岡市民の祭り振興会会長杯,1,4899,占部 一真,3,34,52,0,0,0.15,4.53,26.44,42.53,4.66,26.32,42.11,54,74,44.19,72.09
2026-04-29,22,2,2026-04-29 13:01:00,5,どんたく特選レース・福岡市民の祭り振興会会長杯,2,5351,齊藤 廉,3,21,52.1,0,0,0.15,4.36,26,38,2.64,8.89,15.56,46,56,22.22,25
2026-04-29,22,2,2026-04-29 13:01:00,5,どんたく特選レース・福岡市民の祭り振興会会長杯,3,5198,奥村 明日香,3,24,43.5,0,0,0.21,4.86,29.2,43.36,4.52,29.63,40.74,36.96,63.04,27.78,33.33
2026-04-29,22,2,2026-04-29 13:01:00,5,どんたく特選レース・福岡市民の祭り振興会会長杯,4,4932,新開 航,1,30,51.5,0,0,0.15,7.51,52,76,7.42,63.64,74.55,47.37,68.42,48.72,71.79
2026-04-29,22,2,2026-04-29 13:01:00,5,どんたく特選レース・福岡市民の祭り振興会会長杯,5,5284,嘉手苅 徹哉,4,27,52,0,0,0.16,3,5.77,21.15,2.67,7.94,15.87,38.46,51.28,50,72.22
2026-04-29,22,2,2026-04-29 13:01:00,5,どんたく特選レース・福岡市民の祭り振興会会長杯,6,5392,安武 一也,4,25,52.4,0,0,0.2,1.45,1.35,1.35,1.38,0,0,45.83,66.67,10.81,35.14
2026-04-29,22,3,2026-04-29 13:32:00,5,どんたく特選レース・福岡市民の祭り振興会会長杯,1,5258,仲本 舜,3,20,52.3,0,0,0.17,4.98,28.09,43.82,4.91,27.78,42.59,35.71,45.24,39.22,50.98
2026-04-29,22,3,2026-04-29 13:32:00,5,どんたく特選レース・福岡市民の祭り振興会会長杯,2,5268,山本 幸也,3,25,55.2,1,0,0.23,3.42,18.18,24.68,2.75,12.5,19.64,40.82,51.02,38.46,56.41
2026-04-29,22,3,2026-04-29 13:32:00,5,どんたく特選レース・福岡市民の祭り振興会会長杯,3,4848,仲谷 颯仁,1,31,52,1,0,0.15,6.99,45.71,60,7.67,58.67,74.67,55.56,72.22,18.6,44.19
2026-04-29,22,3,2026-04-29 13:32:00,5,どんたく特選レース・福岡市民の祭り振興会会長杯,4,5144,中尾 彩香,3,24,47.2,0,0,0.17,5.43,39.62,55.66,4.87,28.26,45.65,28.26,47.83,22.22,33.33
2026-04-29,22,3,2026-04-29 13:32:00,5,どんたく特選レース・福岡市民の祭り振興会会長杯,5,4684,楠原 翔太,2,35,53.5,1,0,0.14,5.19,29.03,51.61,5.68,39.68,55.56,21.43,35.71,30,35
2026-04-29,22,3,2026-04-29 13:32:00,5,どんたく特選レース・福岡市民の祭り振興会会長杯,6,5409,宮本 琉正,4,20,56.4,1,0,0.17,1.76,0,5.56,1.32,0,0,30.56,50,0,11.76
2026-04-29,22,4,2026-04-29 14:01:00,5,どんたく特選レース・福岡市民の祭り振興会会長杯,1,5338,香月 大輝,3,25,52,1,0,0.18,3.67,16.82,30.84,2.14,1.72,8.62,57.5,82.5,43.59,58.97
2026-04-29,22,4,2026-04-29 14:01:00,5,どんたく特選レース・福岡市民の祭り振興会会長杯,2,5212,西川 拓利,3,27,52,0,0,0.14,6.17,45.19,62.5,4.86,28.99,47.83,45.95,51.35,8.33,30.56
2026-04-29,22,4,2026-04-29 14:01:00,5,どんたく特選レース・福岡市民の祭り振興会会長杯,3,5081,篠原 飛翔,2,27,52.9,1,0,0.18,6.17,44.36,63.91,6.03,45.76,57.63,39.58,52.08,45.24,64.29
2026-04-29,22,4,2026-04-29 14:01:00,5,どんたく特選レース・福岡市民の祭り振興会会長杯,4,4023,柴田 友和,3,48,52,0,0,0.18,3.94,19.1,33.71,4.67,22.22,44.44,31.43,54.29,28.95,39.47
2026-04-29,22,4,2026-04-29 14:01:00,5,どんたく特選レース・福岡市民の祭り振興会会長杯,5,4957,竹之内 極,3,30,55.9,0,0,0.17,5.36,31.96,53.61,5.1,29.49,50,31.11,46.67,26.32,36.84
2026-04-29,22,4,2026-04-29 14:01:00,5,どんたく特選レース・福岡市民の祭り振興会会長杯,6,4679,植田 太一,1,36,56.6,0,0,0.16,5.52,38.17,54.96,5.56,40.32,53.23,30.91,43.64,40,57.5
2026-04-29,22,5,2026-04-29 14:27:00,5,どんたく特選レース・福岡市民の祭り振興会会長杯,1,5274,城間 盛渚,3,24,52,0,1,0.19,5.16,31.18,46.24,4.79,30,46.67,42.31,69.23,41.03,61.54
2026-04-29,22,5,2026-04-29 14:27:00,5,どんたく特選レース・福岡市民の祭り振興会会長杯,2,4079,出畑 孝典,2,47,52,1,0,0.16,5.61,35.85,58.49,6.64,48.28,74.14,20.45,34.09,8.57,14.29
2026-04-29,22,5,2026-04-29 14:27:00,5,どんたく特選レース・福岡市民の祭り振興会会長杯,3,4487,三原 司,3,39,52.5,0,0,0.18,4.5,25.51,39.8,4.64,26.79,46.43,29.82,50.88,32.5,52.5
2026-04-29,22,5,2026-04-29 14:27:00,5,どんたく特選レース・福岡市民の祭り振興会会長杯,4,4234,野相 弘司,3,42,56.2,0,0,0.17,5.01,27.55,46.94,5.26,31.58,52.63,36.59,48.78,21.95,39.02
2026-04-29,22,5,2026-04-29 14:27:00,5,どんたく特選レース・福岡市民の祭り振興会会長杯,5,5382,山下 心一,3,21,52,1,0,0.16,2.56,4.69,12.5,3.08,12.5,25,36.84,47.37,31.25,40.63
2026-04-29,22,5,2026-04-29 14:27:00,5,どんたく特選レース・福岡市民の祭り振興会会長杯,6,4256,渡辺 浩司,1,42,52,0,0,0.13,6.94,53.91,73.91,7.29,57.69,76.15,36.17,44.68,27.03,43.24
2026-04-29,22,6,2026-04-29 14:54:00,5,どんたく特選レース・福岡市民の祭り振興会会長杯,1,4555,富永 大一,2,36,52.2,0,0,0.19,5.24,32.08,55.66,4.98,27.91,47.67,34.21,57.89,45.95,54.05
2026-04-29,22,6,2026-04-29 14:54:00,5,どんたく特選レース・福岡市民の祭り振興会会長杯,2,4773,中川 りな,2,32,50.1,0,0,0.19,5.72,37.88,61.36,5.85,41.77,59.49,37.5,53.57,43.9,60.98
2026-04-29,22,6,2026-04-29 14:54:00,5,どんたく特選レース・福岡市民の祭り振興会会長杯,3,4958,溝口 海義也,2,30,54.8,0,0,0.14,6.38,43.2,63.2,5.34,34.29,54.29,26.67,33.33,38.46,58.97
2026-04-29,22,6,2026-04-29 14:54:00,5,どんたく特選レース・福岡市民の祭り振興会会長杯,4,5276,大島 隆乃介,3,24,51.5,0,0,0.16,4.92,23.08,46.15,7.2,60,70,26.09,50,13.51,32.43
2026-04-29,22,6,2026-04-29 14:54:00,5,どんたく特選レース・福岡市民の祭り振興会会長杯,5,5351,齊藤 廉,3,21,52.1,0,0,0.15,4.36,26,38,2.64,8.89,15.56,46,56,20,28.89
2026-04-29,22,6,2026-04-29 14:54:00,5,どんたく特選レース・福岡市民の祭り振興会会長杯,6,5438,星田 夢結,4,20,49.9,0,0,,1.33,0,1.52,1.06,0,0,44.9,65.31,48.72,58.97
2026-04-29,22,7,2026-04-29 15:21:00,5,どんたく特選レース・福岡市民の祭り振興会会長杯,1,5018,竹下 大樹,1,27,53,0,0,0.16,6.28,42.38,63.58,6.62,49.46,66.67,35.09,45.61,50,70
2026-04-29,22,7,2026-04-29 15:21:00,5,どんたく特選レース・福岡市民の祭り振興会会長杯,2,4122,安東 幸治,2,44,54.1,0,0,0.16,5.6,33.82,55.88,5.33,35.71,47.62,44.44,55.56,34.21,50
2026-04-29,22,7,2026-04-29 15:21:00,5,どんたく特選レース・福岡市民の祭り振興会会長杯,3,5144,中尾 彩香,3,24,47.2,0,0,0.17,5.43,39.62,55.66,4.87,28.26,45.65,28.26,47.83,22.22,33.33
2026-04-29,22,7,2026-04-29 15:21:00,5,どんたく特選レース・福岡市民の祭り振興会会長杯,4,4899,占部 一真,3,34,52,0,0,0.15,4.53,26.44,42.53,4.66,26.32,42.11,54,74,44.19,72.09
2026-04-29,22,7,2026-04-29 15:21:00,5,どんたく特選レース・福岡市民の祭り振興会会長杯,5,5308,藤森 拓海,3,21,53,0,0,0.19,4.02,19.78,37.36,2.72,8.33,13.89,43.24,56.76,36.73,51.02
2026-04-29,22,7,2026-04-29 15:21:00,5,どんたく特選レース・福岡市民の祭り振興会会長杯,6,4640,山ノ内 雅人,2,35,52,0,0,0.15,6.07,41.91,63.97,6.11,43.18,61.36,38.3,59.57,10.53,28.95
2026-04-29,22,8,2026-04-29 15:51:00,5,どんたく特選レース・福岡市民の祭り振興会会長杯,1,4236,松村 敏,1,42,53.4,0,0,0.11,7.12,53.15,79.02,7.27,60,74.67,9.38,21.88,31.71,48.78
2026-04-29,22,8,2026-04-29 15:51:00,5,どんたく特選レース・福岡市民の祭り振興会会長杯,2,5286,坂井 滉哉,3,26,51,0,0,0.15,4.31,25.29,36.78,4.25,20,33.33,29.79,42.55,47.06,55.88
2026-04-29,22,8,2026-04-29 15:51:00,5,どんたく特選レース・福岡市民の祭り振興会会長杯,3,3747,國崎 良春,3,51,52,0,0,0.17,5.42,35.42,59.38,4.74,33.33,46.38,30.51,44.07,33.33,50
2026-04-29,22,8,2026-04-29 15:51:00,5,どんたく特選レース・福岡市民の祭り振興会会長杯,4,5192,中尾 優香,2,24,47.5,1,0,0.16,4.83,30,45.56,4.11,22.22,30.56,16.22,24.32,22.86,40
2026-04-29,22,8,2026-04-29 15:51:00,5,どんたく特選レース・福岡市民の祭り振興会会長杯,5,4892,柴田 直哉,3,35,52.1,0,0,0.18,4.98,32.93,45.12,5.59,38.78,53.06,35,55,15.63,18.75
2026-04-29,22,8,2026-04-29 15:51:00,5,どんたく特選レース・福岡市民の祭り振興会会長杯,6,5081,篠原 飛翔,2,27,52.9,1,0,0.18,6.17,44.36,63.91,6.03,45.76,57.63,39.58,52.08,45.24,64.29
2026-04-29,22,9,2026-04-29 16:23:00,5,どんたく特選レース・福岡市民の祭り振興会会長杯,1,4424,松尾 昂明,2,40,51.5,0,0,0.16,6.11,42.11,63.91,6.35,50,67.07,30,48,39.02,56.1
2026-04-29,22,9,2026-04-29 16:23:00,5,どんたく特選レース・福岡市民の祭り振興会会長杯,2,5277,井上 未都,3,23,46.5,0,0,0.15,5.39,31.48,57.41,3.86,28.57,33.33,17.78,42.22,30.95,47.62
2026-04-29,22,9,2026-04-29 16:23:00,5,どんたく特選レース・福岡市民の祭り振興会会長杯,3,4588,田中 京介,2,35,54.7,0,0,0.15,5.61,41.32,55.37,4.88,29.41,47.06,30.77,38.46,36.84,50
2026-04-29,22,9,2026-04-29 16:23:00,5,どんたく特選レース・福岡市民の祭り振興会会長杯,4,4256,渡辺 浩司,1,42,52,0,0,0.13,6.94,53.91,73.91,7.29,57.69,76.15,36.17,44.68,27.03,43.24
2026-04-29,22,9,2026-04-29 16:23:00,5,どんたく特選レース・福岡市民の祭り振興会会長杯,5,5258,仲本 舜,3,20,52.3,0,0,0.17,4.98,28.09,43.82,4.91,27.78,42.59,35.71,45.24,39.22,50.98
2026-04-29,22,9,2026-04-29 16:23:00,5,どんたく特選レース・福岡市民の祭り振興会会長杯,6,5212,西川 拓利,3,27,52,0,0,0.14,6.17,45.19,62.5,4.86,28.99,47.83,45.95,51.35,8.33,30.56
2026-04-29,22,10,2026-04-29 16:56:00,5,どんたく特選レース・福岡市民の祭り振興会会長杯,1,5092,篠原 晟弥,2,25,52,1,0,0.12,6.03,43.75,59.38,6.11,44.44,66.67,55.1,77.55,35.9,58.97
2026-04-29,22,10,2026-04-29 16:56:00,5,どんたく特選レース・福岡市民の祭り振興会会長杯,2,4684,楠原 翔太,2,35,53.5,1,0,0.14,5.19,29.03,51.61,5.68,39.68,55.56,21.43,35.71,30,35
2026-04-29,22,10,2026-04-29 16:56:00,5,どんたく特選レース・福岡市民の祭り振興会会長杯,3,4957,竹之内 極,3,30,55.9,0,0,0.17,5.36,31.96,53.61,5.1,29.49,50,31.11,46.67,26.32,36.84
2026-04-29,22,10,2026-04-29 16:56:00,5,どんたく特選レース・福岡市民の祭り振興会会長杯,4,5274,城間 盛渚,3,24,52,0,1,0.19,5.16,31.18,46.24,4.79,30,46.67,42.31,69.23,41.03,61.54
2026-04-29,22,10,2026-04-29 16:56:00,5,どんたく特選レース・福岡市民の祭り振興会会長杯,5,4773,中川 りな,2,32,50.1,0,0,0.19,5.72,37.88,61.36,5.85,41.77,59.49,37.5,53.57,43.9,60.98
2026-04-29,22,10,2026-04-29 16:56:00,5,どんたく特選レース・福岡市民の祭り振興会会長杯,6,4932,新開 航,1,30,51.5,0,0,0.15,7.51,52,76,7.42,63.64,74.55,47.37,68.42,48.72,71.79
2026-04-29,22,11,2026-04-29 17:25:00,5,どんたく特選レース・福岡市民の祭り振興会会長杯,1,5158,宮脇 遼太,2,28,52.2,0,0,0.17,6.79,51.67,65.83,5.55,38.64,54.55,43.75,66.67,40,57.5
2026-04-29,22,11,2026-04-29 17:25:00,5,どんたく特選レース・福岡市民の祭り振興会会長杯,2,4363,大野 芳顕,2,41,53.9,0,0,0.15,5.85,40.29,59.71,5.56,32.69,57.69,38.78,55.1,26.32,52.63
2026-04-29,22,11,2026-04-29 17:25:00,5,どんたく特選レース・福岡市民の祭り振興会会長杯,3,4555,富永 大一,2,36,52.2,0,0,0.19,5.24,32.08,55.66,4.98,27.91,47.67,34.21,57.89,45.95,54.05
2026-04-29,22,11,2026-04-29 17:25:00,5,どんたく特選レース・福岡市民の祭り振興会会長杯,4,4885,大山 千広,4,30,47.2,1,0,0.16,6.2,46.59,64.77,6.72,59.38,75,38.3,65.96,24.32,48.65
2026-04-29,22,11,2026-04-29 17:25:00,5,どんたく特選レース・福岡市民の祭り振興会会長杯,5,4522,古澤 光紀,1,38,53.7,0,0,0.15,5.84,41.74,55.65,6.17,50.49,63.11,41.86,55.81,37.04,48.15
2026-04-29,22,11,2026-04-29 17:25:00,5,どんたく特選レース・福岡市民の祭り振興会会長杯,6,4122,安東 幸治,2,44,54.1,0,0,0.16,5.6,33.82,55.88,5.33,35.71,47.62,44.44,55.56,34.21,50
2026-04-29,22,12,2026-04-29 18:00:00,5,どんたく特選レース・福岡市民の祭り振興会会長杯,1,4848,仲谷 颯仁,1,31,52,1,0,0.15,6.99,45.71,60,7.67,58.67,74.67,55.56,72.22,18.6,44.19
2026-04-29,22,12,2026-04-29 18:00:00,5,どんたく特選レース・福岡市民の祭り振興会会長杯,2,4236,松村 敏,1,42,52.9,0,0,0.11,7.12,53.15,79.02,7.27,60,74.67,9.38,21.88,31.71,48.78
2026-04-29,22,12,2026-04-29 18:00:00,5,どんたく特選レース・福岡市民の祭り振興会会長杯,3,5018,竹下 大樹,1,27,52.8,0,0,0.16,6.28,42.38,63.58,6.62,49.46,66.67,35.09,45.61,50,70
2026-04-29,22,12,2026-04-29 18:00:00,5,どんたく特選レース・福岡市民の祭り振興会会長杯,4,4679,植田 太一,1,36,56.9,0,0,0.16,5.52,38.17,54.96,5.56,40.32,53.23,30.91,43.64,40,57.5
2026-04-29,22,12,2026-04-29 18:00:00,5,どんたく特選レース・福岡市民の祭り振興会会長杯,5,4079,出畑 孝典,2,47,51,1,0,0.16,5.61,35.85,58.49,6.64,48.28,74.14,20.45,34.09,8.57,14.29
2026-04-29,22,12,2026-04-29 18:00:00,5,どんたく特選レース・福岡市民の祭り振興会会長杯,6,4958,溝口 海義也,2,30,54.8,0,0,0.14,6.38,43.2,63.2,5.34,34.29,54.29,26.67,33.33,38.46,58.97
2026-04-29,24,1,2026-04-29 17:41:00,5,ミッドナイトボートレースin大村 1,1,3775,泉 啓文,3,51,58.3,1,0,0.17,4.42,22.22,37.04,3.8,20,24,32.14,43.37,33.84,48.99
2026-04-29,24,1,2026-04-29 17:41:00,5,ミッドナイトボートレースin大村 1,2,3265,今村 暢孝,1,61,52.2,1,0,0.14,5.97,42.31,60.26,6.67,57.58,69.7,40.3,54.23,28.49,44.69
2026-04-29,24,1,2026-04-29 17:41:00,5,ミッドナイトボートレースin大村 1,3,4259,真庭 明志,2,42,52.3,0,0,0.15,5.57,37.8,56.69,5.94,42.65,61.76,34.31,52.45,33.33,45.45
2026-04-29,24,1,2026-04-29 17:41:00,5,ミッドナイトボートレースin大村 1,4,3619,長谷川 充,3,52,52.5,0,0,0.18,4.93,29.9,43.3,0,0,0,39.13,53.62,35.15,55.94
2026-04-29,24,1,2026-04-29 17:41:00,5,ミッドナイトボートレースin大村 1,5,4232,笠 雅雄,3,42,52,0,0,0.2,5.32,35.42,51.04,0,0,0,31.6,47.17,38,59
2026-04-29,24,1,2026-04-29 17:41:00,5,ミッドナイトボートレースin大村 1,6,5236,小宮 涼雅,3,27,52,0,0,0.19,3.85,18.69,35.51,2.42,8.33,12.5,33.82,52.45,31.05,49.47
2026-04-29,24,2,2026-04-29 18:08:00,5,ミッドナイトボートレースin大村 1,1,4889,後藤 盛也,3,37,52,1,0,0.15,5.34,40.63,51.04,6.12,44.12,58.82,35.27,53.62,41.75,56.31
2026-04-29,24,2,2026-04-29 18:08:00,5,ミッドナイトボートレースin大村 1,2,3562,山下 和彦,2,56,52,0,0,0.16,5.84,45.22,59.13,5,31.25,46.88,35.5,50.5,32.11,49.47
2026-04-29,24,2,2026-04-29 18:08:00,5,ミッドナイトボートレースin大村 1,3,3703,鳥飼 眞,2,52,50,0,0,0.17,5.88,42.7,56.18,5.32,40,44,32.18,53.96,37.06,54.31
2026-04-29,24,2,2026-04-29 18:08:00,5,ミッドナイトボートレースin大村 1,4,3294,野中 義生,3,60,52.6,1,0,0.14,4.18,22.54,35.21,3.59,17.65,17.65,43.84,61.58,39.49,51.79
2026-04-29,24,2,2026-04-29 18:08:00,5,ミッドナイトボートレースin大村 1,5,3906,飯山 晃三,3,48,60.3,0,0,0.18,4.17,25,40.38,3.99,20.78,37.66,40.67,62.68,31.77,40.1
2026-04-29,24,2,2026-04-29 18:08:00,5,ミッドナイトボートレースin大村 1,6,3584,佐々木 英樹,3,53,53.9,0,0,0.17,5.03,31,47,5.4,46.67,53.33,32.84,54.9,29.83,46.96
2026-04-29,24,3,2026-04-29 18:34:00,5,ミッドナイトボートレースin大村 1,1,3912,川原 正明,2,52,52.4,1,0,0.14,5.26,33.33,44.76,5.43,57.14,57.14,43,61,37.5,53.65
2026-04-29,24,3,2026-04-29 18:34:00,5,ミッドナイトボートレースin大村 1,2,4633,森 智也,2,36,52.1,0,0,0.15,5.79,37.17,56.64,5.86,35.71,57.14,26.26,43.94,39.09,54.82
2026-04-29,24,3,2026-04-29 18:34:00,5,ミッドナイトボートレースin大村 1,3,4580,長谷川 雅和,3,36,52.8,1,0,0.15,5.25,34.21,54.39,5.29,33.33,57.14,41.12,58.88,31.19,43.56
2026-04-29,24,3,2026-04-29 18:34:00,5,ミッドナイトボートレースin大村 1,4,4146,柳橋 宏紀,3,44,52.1,0,0,0.16,5.81,37.72,59.65,0,0,0,52.66,68.12,35.75,50.26
2026-04-29,24,3,2026-04-29 18:34:00,5,ミッドナイトボートレースin大村 1,5,4983,前田 篤哉,1,29,52,0,0,0.17,6.86,51.88,69.92,7.9,60,90,36.73,59.69,34.55,57.07
2026-04-29,24,3,2026-04-29 18:34:00,5,ミッドナイトボートレースin大村 1,6,3461,渡邊 哲也,3,59,57,0,0,0.24,3.41,15.15,22.73,2.5,16.67,16.67,31.79,47.69,36.68,50.25
2026-04-29,24,4,2026-04-29 19:03:00,5,ミッドナイトボートレースin大村 1,1,4839,四宮 与寛,2,35,52,0,0,0.12,5.46,37.36,56.04,6.78,56.52,73.91,30.14,45.93,32.02,45.81
2026-04-29,24,4,2026-04-29 19:03:00,5,ミッドナイトボートレースin大村 1,2,5232,樅山 拓馬,3,28,52.1,1,0,0.14,4.81,28.57,45.45,5.33,33.33,55.56,35.12,49.27,34.18,51.02
2026-04-29,24,4,2026-04-29 19:03:00,5,ミッドナイトボートレースin大村 1,3,4174,赤坂 俊輔,1,43,52,0,0,0.16,6.32,40.91,65.15,6.33,40.46,65.65,32.32,53.03,36.32,57.71
2026-04-29,24,4,2026-04-29 19:03:00,5,ミッドナイトボートレースin大村 1,4,4954,内山 峻輔,4,31,54,0,0,,4.22,22.41,36.21,0,0,0,29.76,48.29,32.66,45.73
2026-04-29,24,4,2026-04-29 19:03:00,5,ミッドナイトボートレースin大村 1,5,3527,中嶋 誠一郎,3,55,52.8,0,0,0.16,4.87,29.7,44.55,5.44,32.71,55.14,38.61,55.45,30.3,40.91
2026-04-29,24,4,2026-04-29 19:03:00,5,ミッドナイトボートレースin大村 1,6,3516,吉原 聖人,3,58,51.5,1,0,0.17,3.7,17.14,27.14,0,0,0,42.31,58.17,28.65,43.82
2026-04-29,24,5,2026-04-29 19:30:00,5,ミッドナイトボートレースin大村 1,1,5384,八戸 琉楓,3,21,52,1,0,0.2,1.78,1.49,2.99,1.32,0,0,32.23,46.45,42.21,59.3
2026-04-29,24,5,2026-04-29 19:30:00,5,ミッドナイトボートレースin大村 1,2,3870,寺嶋 雄,3,50,52,0,0,0.17,4.34,27.17,35.87,4.71,14.29,57.14,40,53.02,39.39,55.05
2026-04-29,24,5,2026-04-29 19:30:00,5,ミッドナイトボートレースin大村 1,3,4257,古川 健,3,42,52,0,0,0.16,4.5,24.42,37.21,4.18,27.27,27.27,35.44,54.85,40.61,60.41
2026-04-29,24,5,2026-04-29 19:30:00,5,ミッドナイトボートレースin大村 1,4,4055,吉田 俊彦,1,47,52.6,0,0,0.15,5.98,40.74,56.3,5.88,11.76,35.29,28.17,47.89,37.37,55.79
2026-04-29,24,5,2026-04-29 19:30:00,5,ミッドナイトボートレースin大村 1,5,4718,北川 太一,2,33,52,1,0,0.15,6.06,44.64,61.61,6.22,48.89,64.44,45.13,63.59,34.18,52.04
2026-04-29,24,5,2026-04-29 19:30:00,5,ミッドナイトボートレースin大村 1,6,5079,大石 真央,3,28,45,0,0,0.17,4.58,27.1,44.86,4.56,22.22,33.33,32.99,47.72,33.66,50.99
2026-04-29,24,6,2026-04-29 19:56:00,5,ミッドナイトボートレースin大村 1,1,4813,宮内 直哉,3,36,52.5,0,0,0.18,3.63,16.09,24.14,2.89,5.56,22.22,28.5,40.93,32.84,49.75
2026-04-29,24,6,2026-04-29 19:56:00,5,ミッドナイトボートレースin大村 1,2,5236,小宮 涼雅,3,27,52,0,0,0.19,3.85,18.69,35.51,2.42,8.33,12.5,33.82,52.45,31.05,49.47
2026-04-29,24,6,2026-04-29 19:56:00,5,ミッドナイトボートレースin大村 1,3,4984,森下 愛梨,2,29,50.1,1,0,0.19,5.19,29.41,50,5.74,31.58,57.89,41.67,57.29,37.5,56.77
2026-04-29,24,6,2026-04-29 19:56:00,5,ミッドナイトボートレースin大村 1,4,5057,上田 紗奈,3,29,45,0,0,0.16,5.24,36.78,47.13,5.43,42.86,57.14,27.49,42.18,36.68,49.25
2026-04-29,24,6,2026-04-29 19:56:00,5,ミッドナイトボートレースin大村 1,5,4594,谷川 祐一,2,44,52,1,0,0.15,5.39,33.33,55.17,6.9,57.14,71.43,38.39,57.35,36.45,49.75
2026-04-29,24,6,2026-04-29 19:56:00,5,ミッドナイトボートレースin大村 1,6,5090,生方 靖亜,3,25,52.5,1,0,0.16,5.43,34.78,52.17,5,12.5,50,27.36,46.7,33.5,49.24
2026-04-29,24,7,2026-04-29 20:25:00,5,ミッドナイトボートレースin大村 1,1,4571,菅 章哉,1,37,52.1,0,0,0.15,6.61,46.36,51.82,7.14,64.29,71.43,38.38,54.04,28.48,44.24
2026-04-29,24,7,2026-04-29 20:25:00,5,ミッドナイトボートレースin大村 1,2,3584,佐々木 英樹,3,53,53.9,0,0,0.17,5.03,31,47,5.4,46.67,53.33,32.84,54.9,29.83,46.96
2026-04-29,24,7,2026-04-29 20:25:00,5,ミッドナイトボートレースin大村 1,3,3619,長谷川 充,3,52,52.5,0,0,0.18,4.93,29.9,43.3,0,0,0,39.13,53.62,35.15,55.94
2026-04-29,24,7,2026-04-29 20:25:00,5,ミッドナイトボートレースin大村 1,4,4979,中野 夢斗,2,29,53.3,0,0,0.16,4.97,28.7,47.83,0,0,0,41.8,56.61,37.31,57.71
2026-04-29,24,7,2026-04-29 20:25:00,5,ミッドナイトボートレースin大村 1,5,5128,坪井 爽佑,3,29,52,1,0,0.18,4.55,26.87,49.25,0,0,0,26.9,43.15,33,51
2026-04-29,24,7,2026-04-29 20:25:00,5,ミッドナイトボートレースin大村 1,6,3820,樫葉 次郎,3,54,61,1,0,0.17,3.19,10.81,20.27,3,12.5,12.5,24.76,38.1,38.27,56.63
2026-04-29,24,8,2026-04-29 20:59:00,5,ミッドナイトボートレースin大村 1,1,4431,石塚 裕介,3,40,52.3,1,0,0.16,5.1,30.99,47.89,5.67,46.67,60,30.19,49.53,38.73,55.88
2026-04-29,24,8,2026-04-29 20:59:00,5,ミッドナイトボートレースin大村 1,2,4983,前田 篤哉,1,29,52,0,0,0.17,6.86,51.88,69.92,7.9,60,90,36.73,59.69,34.55,57.07
2026-04-29,24,8,2026-04-29 20:59:00,5,ミッドナイトボートレースin大村 1,3,3775,泉 啓文,3,51,58.3,1,0,0.17,4.42,22.22,37.04,3.8,20,24,32.14,43.37,33.84,48.99
2026-04-29,24,8,2026-04-29 20:59:00,5,ミッドナイトボートレースin大村 1,4,4839,四宮 与寛,2,35,52,0,0,0.12,5.46,37.36,56.04,6.78,56.52,73.91,30.14,45.93,32.02,45.81
2026-04-29,24,8,2026-04-29 20:59:00,5,ミッドナイトボートレースin大村 1,5,4744,伊藤 玲奈,3,33,46.5,0,0,0.22,4.52,18.18,42.42,4.1,13.33,33.33,38.5,60.5,35.29,54.41
2026-04-29,24,8,2026-04-29 20:59:00,5,ミッドナイトボートレースin大村 1,6,3562,山下 和彦,2,56,52,0,0,0.16,5.84,45.22,59.13,5,31.25,46.88,35.5,50.5,32.11,49.47
2026-04-29,24,9,2026-04-29 21:25:00,5,ミッドナイトボートレースin大村 1,1,4954,内山 峻輔,4,31,54,0,0,,4.22,22.41,36.21,0,0,0,29.76,48.29,32.66,45.73
2026-04-29,24,9,2026-04-29 21:25:00,5,ミッドナイトボートレースin大村 1,2,4257,古川 健,3,42,52,0,0,0.16,4.5,24.42,37.21,4.18,27.27,27.27,35.44,54.85,40.61,60.41
2026-04-29,24,9,2026-04-29 21:25:00,5,ミッドナイトボートレースin大村 1,3,3265,今村 暢孝,1,61,52.2,1,0,0.14,5.97,42.31,60.26,6.67,57.58,69.7,40.3,54.23,28.49,44.69
2026-04-29,24,9,2026-04-29 21:25:00,5,ミッドナイトボートレースin大村 1,4,3703,鳥飼 眞,2,52,50,0,0,0.17,5.88,42.7,56.18,5.32,40,44,32.18,53.96,37.06,54.31
2026-04-29,24,9,2026-04-29 21:25:00,5,ミッドナイトボートレースin大村 1,5,3461,渡邊 哲也,3,59,57,0,0,0.24,3.41,15.15,22.73,2.5,16.67,16.67,31.79,47.69,36.68,50.25
2026-04-29,24,9,2026-04-29 21:25:00,5,ミッドナイトボートレースin大村 1,6,4718,北川 太一,2,33,52,1,0,0.15,6.06,44.64,61.61,6.22,48.89,64.44,45.13,63.59,34.18,52.04
2026-04-29,24,10,2026-04-29 21:51:00,5,ミッドナイトボートレースin大村 1,1,5055,眞鳥 章太,2,30,53.8,1,0,0.15,6.05,43.27,59.62,5.84,39.85,57.14,33.67,48.47,35.2,55.1
2026-04-29,24,10,2026-04-29 21:51:00,5,ミッドナイトボートレースin大村 1,2,4594,谷川 祐一,2,44,52,1,0,0.15,5.39,33.33,55.17,6.9,57.14,71.43,38.39,57.35,36.45,49.75
2026-04-29,24,10,2026-04-29 21:51:00,5,ミッドナイトボートレースin大村 1,3,3912,川原 正明,2,52,52.4,1,0,0.14,5.26,33.33,44.76,5.43,57.14,57.14,43,61,37.5,53.65
2026-04-29,24,10,2026-04-29 21:51:00,5,ミッドナイトボートレースin大村 1,4,3906,飯山 晃三,3,48,60.3,0,0,0.18,4.17,25,40.38,3.99,20.78,37.66,40.67,62.68,31.77,40.1
2026-04-29,24,10,2026-04-29 21:51:00,5,ミッドナイトボートレースin大村 1,5,3516,吉原 聖人,3,58,51.5,1,0,0.17,3.7,17.14,27.14,0,0,0,42.31,58.17,28.65,43.82
2026-04-29,24,10,2026-04-29 21:51:00,5,ミッドナイトボートレースin大村 1,6,4055,吉田 俊彦,1,47,52.6,0,0,0.15,5.98,40.74,56.3,5.88,11.76,35.29,28.17,47.89,37.37,55.79
2026-04-29,24,11,2026-04-29 22:16:00,5,ミッドナイトボートレースin大村 1,1,4174,赤坂 俊輔,1,43,52,0,0,0.16,6.32,40.91,65.15,6.33,40.46,65.65,32.32,53.03,36.32,57.71
2026-04-29,24,11,2026-04-29 22:16:00,5,ミッドナイトボートレースin大村 1,2,3294,野中 義生,3,60,52.6,1,0,0.14,4.18,22.54,35.21,3.59,17.65,17.65,43.84,61.58,39.49,51.79
2026-04-29,24,11,2026-04-29 22:16:00,5,ミッドナイトボートレースin大村 1,3,4633,森 智也,2,36,52.1,0,0,0.15,5.79,37.17,56.64,5.86,35.71,57.14,26.26,43.94,39.09,54.82
2026-04-29,24,11,2026-04-29 22:16:00,5,ミッドナイトボートレースin大村 1,4,4259,真庭 明志,2,42,52.3,0,0,0.15,5.57,37.8,56.69,5.94,42.65,61.76,34.31,52.45,33.33,45.45
2026-04-29,24,11,2026-04-29 22:16:00,5,ミッドナイトボートレースin大村 1,5,3870,寺嶋 雄,3,50,52,0,0,0.17,4.34,27.17,35.87,4.71,14.29,57.14,40,53.02,39.39,55.05
2026-04-29,24,11,2026-04-29 22:16:00,5,ミッドナイトボートレースin大村 1,6,4979,中野 夢斗,2,29,53.3,0,0,0.16,4.97,28.7,47.83,0,0,0,41.8,56.61,37.31,57.71
2026-04-29,24,12,2026-04-29 22:41:00,5,ミッドナイトボートレースin大村 1,1,3527,中嶋 誠一郎,3,55,52.5,0,0,0.16,4.87,29.7,44.55,5.44,32.71,55.14,38.61,55.45,30.3,40.91
2026-04-29,24,12,2026-04-29 22:41:00,5,ミッドナイトボートレースin大村 1,2,4580,長谷川 雅和,3,36,52.8,1,0,0.15,5.25,34.21,54.39,5.29,33.33,57.14,41.12,58.88,31.19,43.56
2026-04-29,24,12,2026-04-29 22:41:00,5,ミッドナイトボートレースin大村 1,3,4889,後藤 盛也,3,37,52.1,1,0,0.15,5.34,40.63,51.04,6.12,44.12,58.82,35.27,53.62,41.75,56.31
2026-04-29,24,12,2026-04-29 22:41:00,5,ミッドナイトボートレースin大村 1,4,5128,坪井 爽佑,3,29,51.5,1,0,0.18,4.55,26.87,49.25,0,0,0,26.9,43.15,33,51
2026-04-29,24,12,2026-04-29 22:41:00,5,ミッドナイトボートレースin大村 1,5,5384,八戸 琉楓,3,21,51.5,1,0,0.2,1.78,1.49,2.99,1.32,0,0,32.23,46.45,42.21,59.3
2026-04-29,24,12,2026-04-29 22:41:00,5,ミッドナイトボートレースin大村 1,6,5395,日高 龍之介,4,24,51.5,1,0,0.23,2.37,7.14,11.43,2.11,5.56,11.11,43.13,60.19,32.65,47.45
