race_date,stadium_number,race_number,race_closed_at,race_grade_number,race_title,boat_number,racer_number,racer_name,racer_class_number,racer_age,racer_weight,racer_flying_count,racer_late_count,racer_average_start_timing,racer_national_top_1_percent,racer_national_top_2_percent,racer_national_top_3_percent,racer_local_top_1_percent,racer_local_top_2_percent,racer_local_top_3_percent,racer_assigned_motor_top_2_percent,racer_assigned_motor_top_3_percent,racer_assigned_boat_top_2_percent,racer_assigned_boat_top_3_percent
2026-03-27,4,1,2026-03-27 10:57:00,5,スカパー!・第25回JLC杯ルーキーシリーズ第7戦,1,5338,香月 大輝,3,25,52,1,0,0.18,3.5,13,28,0,0,0,38.6,56.73,30.77,48.95
2026-03-27,4,1,2026-03-27 10:57:00,5,スカパー!・第25回JLC杯ルーキーシリーズ第7戦,2,5211,高井 駿弥,3,27,50,0,0,0.18,4.48,23.53,38.82,3.39,17.39,21.74,44.77,60.47,39.87,53.16
2026-03-27,4,1,2026-03-27 10:57:00,5,スカパー!・第25回JLC杯ルーキーシリーズ第7戦,3,5160,藤森 陸斗,2,27,53.4,0,0,0.15,5.48,37.6,52.8,4.62,23.81,38.1,48.31,64.04,32.1,46.91
2026-03-27,4,1,2026-03-27 10:57:00,5,スカパー!・第25回JLC杯ルーキーシリーズ第7戦,4,5290,坂本 一真,3,24,52,0,0,0.19,3.7,15.38,28.85,1.86,4.55,9.09,33.11,48.65,34,50
2026-03-27,4,1,2026-03-27 10:57:00,5,スカパー!・第25回JLC杯ルーキーシリーズ第7戦,5,5279,石渡 翔一郎,3,23,53,1,0,0.16,4.94,34.52,48.81,5.24,41.18,47.06,35.06,51.72,39.87,57.52
2026-03-27,4,1,2026-03-27 10:57:00,5,スカパー!・第25回JLC杯ルーキーシリーズ第7戦,6,5313,鈴木 唯央,3,25,52,0,0,0.18,4.35,21.3,37.04,2.61,4.88,9.76,24.63,37.31,31.41,45.51
2026-03-27,4,2,2026-03-27 11:26:00,5,スカパー!・第25回JLC杯ルーキーシリーズ第7戦,1,5167,小川 竜太朗,3,25,52,0,0,0.17,4.81,27.78,46.67,3.81,15.63,28.13,42.53,64.37,33.79,47.59
2026-03-27,4,2,2026-03-27 11:26:00,5,スカパー!・第25回JLC杯ルーキーシリーズ第7戦,2,5280,廣瀬 凜,2,23,52.4,0,0,0.17,6.78,49.56,74.34,0,0,0,46.15,62.09,33.11,49.67
2026-03-27,4,2,2026-03-27 11:26:00,5,スカパー!・第25回JLC杯ルーキーシリーズ第7戦,3,5276,大島 隆乃介,3,23,52,0,0,0.16,4.84,23.76,44.55,6.4,40,80,43.75,59.66,29.32,42.11
2026-03-27,4,2,2026-03-27 11:26:00,5,スカパー!・第25回JLC杯ルーキーシリーズ第7戦,4,5175,島崎 丈一朗,4,22,52.3,0,0,0.21,4.17,20.75,32.08,4.06,21.21,33.33,27.34,44.53,36.25,52.5
2026-03-27,4,2,2026-03-27 11:26:00,5,スカパー!・第25回JLC杯ルーキーシリーズ第7戦,5,5181,森 智哉,3,28,52.2,0,0,0.17,4.89,25.84,46.07,0,0,0,33.93,55.95,32.17,49.65
2026-03-27,4,2,2026-03-27 11:26:00,5,スカパー!・第25回JLC杯ルーキーシリーズ第7戦,6,5337,出畑 孝成,3,19,53.7,0,0,0.18,4.42,22.78,37.97,0,0,0,40.23,55.75,37.09,54.3
2026-03-27,4,3,2026-03-27 11:55:00,5,スカパー!・第25回JLC杯ルーキーシリーズ第7戦,1,5262,鈴木 章司,3,28,52.8,1,0,0.2,4.79,29.27,46.34,5.78,44.44,44.44,36.93,56.25,38,58
2026-03-27,4,3,2026-03-27 11:55:00,5,スカパー!・第25回JLC杯ルーキーシリーズ第7戦,2,5137,川原 涼,3,26,53.6,0,0,0.17,5.54,39.47,60.53,0,0,0,31.74,47.9,37.74,51.57
2026-03-27,4,3,2026-03-27 11:55:00,5,スカパー!・第25回JLC杯ルーキーシリーズ第7戦,3,5267,石本 裕武,1,25,51.5,0,0,0.15,6.35,45.27,63.51,5.97,43.75,59.38,26.09,47.83,33.33,48.3
2026-03-27,4,3,2026-03-27 11:55:00,5,スカパー!・第25回JLC杯ルーキーシリーズ第7戦,4,5384,八戸 琉楓,3,21,52.3,1,0,0.2,1.93,1.82,5.45,0,0,0,37.08,56.18,32.65,51.02
2026-03-27,4,3,2026-03-27 11:55:00,5,スカパー!・第25回JLC杯ルーキーシリーズ第7戦,5,5133,堀越 雄貴,3,26,51,1,0,0.16,4.64,24.36,43.59,4.73,26.03,46.58,35.71,50.65,35.85,54.72
2026-03-27,4,3,2026-03-27 11:55:00,5,スカパー!・第25回JLC杯ルーキーシリーズ第7戦,6,5355,萩原 丈太朗,3,21,55.5,1,0,0.19,2.04,4.94,8.64,0,0,0,35.88,55.88,39.04,55.48
2026-03-27,4,4,2026-03-27 12:24:00,5,スカパー!・第25回JLC杯ルーキーシリーズ第7戦,1,5300,横田 海人,3,23,52.2,0,0,0.18,2.57,8.7,13.04,2.38,6.25,12.5,30.92,49.34,35.62,46.58
2026-03-27,4,4,2026-03-27 12:24:00,5,スカパー!・第25回JLC杯ルーキーシリーズ第7戦,2,5331,佐藤 永梧,3,22,54.6,0,0,0.15,3.89,21.05,31.58,2.64,8.51,17.02,32.9,53.55,24.2,43.95
2026-03-27,4,4,2026-03-27 12:24:00,5,スカパー!・第25回JLC杯ルーキーシリーズ第7戦,3,5278,田中 駿兵,1,23,52,0,0,0.14,7.26,60.84,76.22,6.29,57.14,61.9,34.83,53.93,27.86,47.86
2026-03-27,4,4,2026-03-27 12:24:00,5,スカパー!・第25回JLC杯ルーキーシリーズ第7戦,4,5259,野田 昇吾,3,32,57.2,0,0,0.15,2.91,12.12,15.15,2.15,7.69,7.69,37.02,53.04,25,40.28
2026-03-27,4,4,2026-03-27 12:24:00,5,スカパー!・第25回JLC杯ルーキーシリーズ第7戦,5,5344,谷口 丞,3,22,52.5,1,0,0.16,3.97,17.98,33.71,3.43,14.29,28.57,33.93,53.57,24.37,42.86
2026-03-27,4,4,2026-03-27 12:24:00,5,スカパー!・第25回JLC杯ルーキーシリーズ第7戦,6,5396,近藤 来希,4,24,51,1,0,0.2,1.94,2.94,7.35,0,0,0,37.16,60.11,30,40.67
2026-03-27,4,5,2026-03-27 12:54:00,5,スカパー!・第25回JLC杯ルーキーシリーズ第7戦,1,5126,山下 大輝,1,29,52,1,0,0.15,6.24,46.34,61.79,5.72,44,56,30.46,45.7,45.21,57.53
2026-03-27,4,5,2026-03-27 12:54:00,5,スカパー!・第25回JLC杯ルーキーシリーズ第7戦,2,5301,岩下 巧斗,3,23,51.5,0,0,0.16,4.48,20.99,37.04,3.65,8.11,21.62,37.64,49.44,27.05,40.98
2026-03-27,4,5,2026-03-27 12:54:00,5,スカパー!・第25回JLC杯ルーキーシリーズ第7戦,3,5279,石渡 翔一郎,3,23,53,1,0,0.16,4.94,34.52,48.81,5.24,41.18,47.06,35.06,51.72,39.87,57.52
2026-03-27,4,5,2026-03-27 12:54:00,5,スカパー!・第25回JLC杯ルーキーシリーズ第7戦,4,5318,河内 一馬,3,25,54.4,0,0,0.18,2.94,10.53,20,1.54,0,0,38.98,60.45,39.86,60.14
2026-03-27,4,5,2026-03-27 12:54:00,5,スカパー!・第25回JLC杯ルーキーシリーズ第7戦,5,5170,佐藤 太亮,3,25,52,0,0,0.19,4.54,26.8,41.24,4.37,15.79,42.11,37.43,55.31,28.57,43.61
2026-03-27,4,5,2026-03-27 12:54:00,5,スカパー!・第25回JLC杯ルーキーシリーズ第7戦,6,5345,牧村 俊輝,3,22,52.1,0,0,0.2,2.4,3.75,6.25,1.33,0,0,28.06,41.01,27.08,47.22
2026-03-27,4,6,2026-03-27 13:24:00,5,スカパー!・第25回JLC杯ルーキーシリーズ第7戦,1,5244,黒田 剛,3,25,52,0,0,0.14,4.17,16.88,33.77,3.5,12.5,31.25,31.33,57.33,21.32,41.18
2026-03-27,4,6,2026-03-27 13:24:00,5,スカパー!・第25回JLC杯ルーキーシリーズ第7戦,2,5208,屋良 龍紀,3,28,52,0,0,0.15,4.26,22.37,38.16,0,0,0,34.16,49.69,33.79,48.97
2026-03-27,4,6,2026-03-27 13:24:00,5,スカパー!・第25回JLC杯ルーキーシリーズ第7戦,3,5114,小林 孝彰,2,26,52.5,0,0,0.16,5.15,35.07,48.51,0,0,0,30,47.33,27.03,42.57
2026-03-27,4,6,2026-03-27 13:24:00,5,スカパー!・第25回JLC杯ルーキーシリーズ第7戦,4,5143,常盤 海心,3,25,52.7,0,0,0.19,4.38,22.11,43.16,0,0,0,39.2,57.39,26.76,44.37
2026-03-27,4,6,2026-03-27 13:24:00,5,スカパー!・第25回JLC杯ルーキーシリーズ第7戦,5,5337,出畑 孝成,3,19,53.7,0,0,0.18,4.42,22.78,37.97,0,0,0,40.23,55.75,37.09,54.3
2026-03-27,4,6,2026-03-27 13:24:00,5,スカパー!・第25回JLC杯ルーキーシリーズ第7戦,6,5221,竹間 隆晟,1,25,52.2,0,0,0.15,6.15,44.68,59.57,7.27,63.64,72.73,36.14,50.6,30.67,46
2026-03-27,4,7,2026-03-27 13:55:00,5,スカパー!・第25回JLC杯ルーキーシリーズ第7戦,1,5137,川原 涼,3,26,53.6,0,0,0.17,5.54,39.47,60.53,0,0,0,31.74,47.9,37.74,51.57
2026-03-27,4,7,2026-03-27 13:55:00,5,スカパー!・第25回JLC杯ルーキーシリーズ第7戦,2,5289,佃 來紀,3,25,52.4,0,0,0.16,5,30.86,53.09,4.62,23.08,46.15,35.56,50.56,22.7,43.26
2026-03-27,4,7,2026-03-27 13:55:00,5,スカパー!・第25回JLC杯ルーキーシリーズ第7戦,3,5132,中野 希一,1,26,52,0,0,0.13,6.92,57.14,73.95,5.72,22.22,61.11,39.43,54.86,27.97,46.85
2026-03-27,4,7,2026-03-27 13:55:00,5,スカパー!・第25回JLC杯ルーキーシリーズ第7戦,4,5371,早川 颯太,4,23,52,0,0,0.21,1.56,2.86,2.86,1.08,0,0,37.43,52.63,28.67,48
2026-03-27,4,7,2026-03-27 13:55:00,5,スカパー!・第25回JLC杯ルーキーシリーズ第7戦,5,5158,宮脇 遼太,2,28,52.5,0,0,0.17,6.53,48.03,63.78,5.18,35.29,41.18,36.26,47.95,34.16,51.55
2026-03-27,4,7,2026-03-27 13:55:00,5,スカパー!・第25回JLC杯ルーキーシリーズ第7戦,6,5239,上野 俊樹,3,25,51,0,0,0.16,4.69,22,42,5.44,33.33,55.56,37.14,51.43,34.01,53.74
2026-03-27,4,8,2026-03-27 14:26:00,5,スカパー!・第25回JLC杯ルーキーシリーズ第7戦,1,5280,廣瀬 凜,2,23,52.4,0,0,0.17,6.78,49.56,74.34,0,0,0,46.15,62.09,33.11,49.67
2026-03-27,4,8,2026-03-27 14:26:00,5,スカパー!・第25回JLC杯ルーキーシリーズ第7戦,2,5290,坂本 一真,3,24,52,0,0,0.19,3.7,15.38,28.85,1.86,4.55,9.09,33.11,48.65,34,50
2026-03-27,4,8,2026-03-27 14:26:00,5,スカパー!・第25回JLC杯ルーキーシリーズ第7戦,3,5369,岡崎 凪汰,3,24,52.2,0,0,0.18,3.78,20.55,31.51,0,0,0,34.48,51.72,27.92,41.56
2026-03-27,4,8,2026-03-27 14:26:00,5,スカパー!・第25回JLC杯ルーキーシリーズ第7戦,4,5196,鰐部 太空海,1,24,53.4,0,0,0.16,7.38,59.38,79.69,4,25,37.5,33.33,50.33,37.11,52.83
2026-03-27,4,8,2026-03-27 14:26:00,5,スカパー!・第25回JLC杯ルーキーシリーズ第7戦,5,5223,森清 友翔,3,24,53.7,0,0,0.17,4.46,25,40.18,3.69,19.23,30.77,24.03,37.21,35.67,53.5
2026-03-27,4,8,2026-03-27 14:26:00,5,スカパー!・第25回JLC杯ルーキーシリーズ第7戦,6,5411,木下 虎之輔,4,20,55,0,0,0.19,1.85,0,2.94,1.45,0,0,33.91,51.15,36.81,50.31
2026-03-27,4,9,2026-03-27 14:58:00,5,スカパー!・第25回JLC杯ルーキーシリーズ第7戦,1,5175,島崎 丈一朗,4,22,52.3,0,0,0.21,4.17,20.75,32.08,4.06,21.21,33.33,27.34,44.53,36.25,52.5
2026-03-27,4,9,2026-03-27 14:58:00,5,スカパー!・第25回JLC杯ルーキーシリーズ第7戦,2,5216,長谷川 晴哉,2,26,52.1,0,0,0.15,6.21,46.67,60.83,6.1,30,65,48.68,66.67,36.71,59.49
2026-03-27,4,9,2026-03-27 14:58:00,5,スカパー!・第25回JLC杯ルーキーシリーズ第7戦,3,5345,牧村 俊輝,3,22,52.1,0,0,0.2,2.4,3.75,6.25,1.33,0,0,28.06,41.01,27.08,47.22
2026-03-27,4,9,2026-03-27 14:58:00,5,スカパー!・第25回JLC杯ルーキーシリーズ第7戦,4,5300,横田 海人,3,23,52.2,0,0,0.18,2.57,8.7,13.04,2.38,6.25,12.5,30.92,49.34,35.62,46.58
2026-03-27,4,9,2026-03-27 14:58:00,5,スカパー!・第25回JLC杯ルーキーシリーズ第7戦,5,5338,香月 大輝,3,25,52,1,0,0.18,3.5,13,28,0,0,0,38.6,56.73,30.77,48.95
2026-03-27,4,9,2026-03-27 14:58:00,5,スカパー!・第25回JLC杯ルーキーシリーズ第7戦,6,5267,石本 裕武,1,25,51.5,0,0,0.15,6.35,45.27,63.51,5.97,43.75,59.38,26.09,47.83,33.33,48.3
2026-03-27,4,10,2026-03-27 15:31:00,5,スカパー!・第25回JLC杯ルーキーシリーズ第7戦,1,5181,森 智哉,3,28,52.2,0,0,0.17,4.89,25.84,46.07,0,0,0,33.93,55.95,32.17,49.65
2026-03-27,4,10,2026-03-27 15:31:00,5,スカパー!・第25回JLC杯ルーキーシリーズ第7戦,2,5262,鈴木 章司,3,28,52.8,1,0,0.2,4.79,29.27,46.34,5.78,44.44,44.44,36.93,56.25,38,58
2026-03-27,4,10,2026-03-27 15:31:00,5,スカパー!・第25回JLC杯ルーキーシリーズ第7戦,3,5331,佐藤 永梧,3,22,54.6,0,0,0.15,3.89,21.05,31.58,2.64,8.51,17.02,32.9,53.55,24.2,43.95
2026-03-27,4,10,2026-03-27 15:31:00,5,スカパー!・第25回JLC杯ルーキーシリーズ第7戦,4,5208,屋良 龍紀,3,28,52,0,0,0.15,4.26,22.37,38.16,0,0,0,34.16,49.69,33.79,48.97
2026-03-27,4,10,2026-03-27 15:31:00,5,スカパー!・第25回JLC杯ルーキーシリーズ第7戦,5,5126,山下 大輝,1,29,52,1,0,0.15,6.24,46.34,61.79,5.72,44,56,30.46,45.7,45.21,57.53
2026-03-27,4,10,2026-03-27 15:31:00,5,スカパー!・第25回JLC杯ルーキーシリーズ第7戦,6,5160,藤森 陸斗,2,27,53.4,0,0,0.15,5.48,37.6,52.8,4.62,23.81,38.1,48.31,64.04,32.1,46.91
2026-03-27,4,11,2026-03-27 16:05:00,5,スカパー!・第25回JLC杯ルーキーシリーズ第7戦,1,5278,田中 駿兵,1,23,52,0,0,0.14,7.26,60.84,76.22,6.29,57.14,61.9,34.83,53.93,27.86,47.86
2026-03-27,4,11,2026-03-27 16:05:00,5,スカパー!・第25回JLC杯ルーキーシリーズ第7戦,2,5133,堀越 雄貴,3,26,51,1,0,0.16,4.64,24.36,43.59,4.73,26.03,46.58,35.71,50.65,35.85,54.72
2026-03-27,4,11,2026-03-27 16:05:00,5,スカパー!・第25回JLC杯ルーキーシリーズ第7戦,3,5289,佃 來紀,3,25,52.4,0,0,0.16,5,30.86,53.09,4.62,23.08,46.15,35.56,50.56,22.7,43.26
2026-03-27,4,11,2026-03-27 16:05:00,5,スカパー!・第25回JLC杯ルーキーシリーズ第7戦,4,5211,高井 駿弥,3,27,50,0,0,0.18,4.48,23.53,38.82,3.39,17.39,21.74,44.77,60.47,39.87,53.16
2026-03-27,4,11,2026-03-27 16:05:00,5,スカパー!・第25回JLC杯ルーキーシリーズ第7戦,5,5143,常盤 海心,3,25,52.7,0,0,0.19,4.38,22.11,43.16,0,0,0,39.2,57.39,26.76,44.37
2026-03-27,4,11,2026-03-27 16:05:00,5,スカパー!・第25回JLC杯ルーキーシリーズ第7戦,6,5166,仲道 大輔,2,25,52,1,0,0.2,6.24,37.5,66.96,7.24,58.82,70.59,31.25,45.14,29.8,49.67
2026-03-27,4,12,2026-03-27 16:40:00,5,スカパー!・第25回JLC杯ルーキーシリーズ第7戦,1,5196,鰐部 太空海,1,24,53.4,0,0,0.16,7.38,59.38,79.69,4,25,37.5,33.33,50.33,37.11,52.83
2026-03-27,4,12,2026-03-27 16:40:00,5,スカパー!・第25回JLC杯ルーキーシリーズ第7戦,2,5170,佐藤 太亮,3,25,52,0,0,0.19,4.54,26.8,41.24,4.37,15.79,42.11,37.43,55.31,28.57,43.61
2026-03-27,4,12,2026-03-27 16:40:00,5,スカパー!・第25回JLC杯ルーキーシリーズ第7戦,3,5158,宮脇 遼太,2,28,52.5,0,0,0.17,6.53,48.03,63.78,5.18,35.29,41.18,36.26,47.95,34.16,51.55
2026-03-27,4,12,2026-03-27 16:40:00,5,スカパー!・第25回JLC杯ルーキーシリーズ第7戦,4,5276,大島 隆乃介,3,23,52,0,0,0.16,4.84,23.76,44.55,6.4,40,80,43.75,59.66,29.32,42.11
2026-03-27,4,12,2026-03-27 16:40:00,5,スカパー!・第25回JLC杯ルーキーシリーズ第7戦,5,5114,小林 孝彰,2,26,52.5,0,0,0.16,5.15,35.07,48.51,0,0,0,30,47.33,27.03,42.57
2026-03-27,4,12,2026-03-27 16:40:00,5,スカパー!・第25回JLC杯ルーキーシリーズ第7戦,6,5344,谷口 丞,3,22,52.5,1,0,0.16,3.97,17.98,33.71,3.43,14.29,28.57,33.93,53.57,24.37,42.86
2026-03-27,7,1,2026-03-27 14:58:00,1,第61回ボートレースクラシック,1,4832,権藤 俊光,1,39,52,0,0,0.15,7.21,51.79,73.21,6.5,58.33,66.67,40.43,59.57,28.22,48.47
2026-03-27,7,1,2026-03-27 14:58:00,1,第61回ボートレースクラシック,2,4337,平本 真之,1,41,52.2,0,0,0.13,7.46,52.73,71.82,7.7,60.71,80.95,39.1,54.14,35.44,51.9
2026-03-27,7,1,2026-03-27 14:58:00,1,第61回ボートレースクラシック,3,4686,丸野 一樹,1,34,53.1,0,0,0.15,6.5,38.1,54.29,7,50,80,31.54,53.69,39.13,54.66
2026-03-27,7,1,2026-03-27 14:58:00,1,第61回ボートレースクラシック,4,4848,仲谷 颯仁,1,31,52,1,0,0.15,7.14,46.15,60.58,7.6,60,100,50,71.74,27.46,42.25
2026-03-27,7,1,2026-03-27 14:58:00,1,第61回ボートレースクラシック,5,4205,山口 剛,1,43,52.1,1,0,0.12,7.59,53.47,69.31,8.14,85.71,85.71,34.12,51.18,25.19,35.11
2026-03-27,7,1,2026-03-27 14:58:00,1,第61回ボートレースクラシック,6,5112,砂長 知輝,1,26,52,0,0,0.14,6.98,53.79,71.97,6.58,66.67,66.67,31.1,48.17,38.46,55.77
2026-03-27,7,2,2026-03-27 15:27:00,1,第61回ボートレースクラシック,1,3716,石渡 鉄兵,1,51,52.3,1,0,0.13,6.74,41.38,56.9,9.38,75,87.5,27.08,38.54,42.28,53.69
2026-03-27,7,2,2026-03-27 15:27:00,1,第61回ボートレースクラシック,2,4344,新田 雄史,1,41,52,0,0,0.12,7.49,48.11,66.98,7.07,50,68.18,35.42,53.65,36.62,58.45
2026-03-27,7,2,2026-03-27 15:27:00,1,第61回ボートレースクラシック,3,5068,前田 滉,1,26,51,1,0,0.15,7.01,50.42,65.55,7.29,61.76,76.47,41.6,56,33.57,53.15
2026-03-27,7,2,2026-03-27 15:27:00,1,第61回ボートレースクラシック,4,3849,中岡 正彦,1,48,52.3,1,0,0.12,7.57,63.31,76.98,7.63,75,87.5,32.89,47.65,33.73,48.8
2026-03-27,7,2,2026-03-27 15:27:00,1,第61回ボートレースクラシック,5,5084,末永 和也,1,27,52,0,0,0.13,7.49,46.43,67.86,9.13,62.5,87.5,25.74,44.55,41.25,62.5
2026-03-27,7,2,2026-03-27 15:27:00,1,第61回ボートレースクラシック,6,4500,山田 康二,1,38,53.2,0,0,0.12,7.22,49.61,65.89,7.65,70,80,28.26,43.48,40.74,61.11
2026-03-27,7,3,2026-03-27 15:56:00,1,第61回ボートレースクラシック,1,4757,山田 祐也,1,36,52.2,0,0,0.13,7.01,51.64,72.95,0,0,0,31.94,52.36,33.77,48.34
2026-03-27,7,3,2026-03-27 15:56:00,1,第61回ボートレースクラシック,2,3941,池田 浩二,1,47,52.1,0,0,0.13,8.16,57.01,74.77,8.91,78.13,92.19,30.94,47.51,34.81,48.15
2026-03-27,7,3,2026-03-27 15:56:00,1,第61回ボートレースクラシック,3,4361,柳生 泰二,1,41,52,0,0,0.15,7.32,54.76,75,6.75,35,60,33.16,51.05,32.61,49.28
2026-03-27,7,3,2026-03-27 15:56:00,1,第61回ボートレースクラシック,4,4019,笠原 亮,1,46,52,0,0,0.16,6.66,45.61,62.28,6.97,45.95,59.46,42.67,62.67,32.67,54.67
2026-03-27,7,3,2026-03-27 15:56:00,1,第61回ボートレースクラシック,5,4732,堀本 和也,1,36,52,0,0,0.11,6.37,44.26,63.93,5.81,46.88,53.13,33.54,52.44,36.52,51.3
2026-03-27,7,3,2026-03-27 15:56:00,1,第61回ボートレースクラシック,6,4445,宮地 元輝,1,39,53.9,0,0,0.11,6.8,36.52,54.78,5,37.5,50,31.55,54.55,31.01,41.09
2026-03-27,7,4,2026-03-27 16:25:00,1,第61回ボートレースクラシック,1,4370,山口 達也,1,39,55.7,1,0,0.14,7.24,55.38,70.77,6.89,50,71.43,26.56,42.19,31.62,52.14
2026-03-27,7,4,2026-03-27 16:25:00,1,第61回ボートレースクラシック,2,4851,関 浩哉,1,31,49.5,0,0,0.14,7.67,54.29,70.48,0,0,0,33.76,52.87,28.24,45.04
2026-03-27,7,4,2026-03-27 16:25:00,1,第61回ボートレースクラシック,3,4262,馬場 貴也,1,41,52.4,0,0,0.14,6.9,43.86,59.65,6.8,50,60,35.98,51.22,31.75,48.41
2026-03-27,7,4,2026-03-27 16:25:00,1,第61回ボートレースクラシック,4,4188,久田 敏之,1,44,52,0,0,0.13,7.58,59.18,76.53,6.87,63.16,65.79,33.52,49.72,33.56,58.39
2026-03-27,7,4,2026-03-27 16:25:00,1,第61回ボートレースクラシック,5,4537,渡邉 和将,1,36,51,0,0,0.14,6.83,51.3,66.09,4.96,29.17,33.33,41.03,52.56,45.45,60.61
2026-03-27,7,4,2026-03-27 16:25:00,1,第61回ボートレースクラシック,6,4371,西山 貴浩,1,38,52,0,0,0.13,6.52,32.98,46.81,6.33,33.33,33.33,38.28,55.47,39.75,60.25
2026-03-27,7,5,2026-03-27 16:55:00,1,第61回ボートレースクラシック,1,4686,丸野 一樹,1,34,53.1,0,0,0.15,6.5,38.1,54.29,7,50,80,31.54,53.69,39.13,54.66
2026-03-27,7,5,2026-03-27 16:55:00,1,第61回ボートレースクラシック,2,4907,小池 修平,1,30,52,0,0,0.13,7.04,53.85,67.31,0,0,0,25.98,44.88,36.55,53.79
2026-03-27,7,5,2026-03-27 16:55:00,1,第61回ボートレースクラシック,3,4682,大上 卓人,1,35,52,0,0,0.14,6.45,37.93,51.72,7.18,63.64,72.73,34.46,49.72,33.61,50
2026-03-27,7,5,2026-03-27 16:55:00,1,第61回ボートレースクラシック,4,4238,毒島 誠,4,42,52,0,0,0.16,8.33,63.33,81.11,8.82,81.82,90.91,46.88,60.94,40.14,57.14
2026-03-27,7,5,2026-03-27 16:55:00,1,第61回ボートレースクラシック,5,4719,上條 暢嵩,1,32,52,0,0,0.13,7.55,49.14,66.38,0,0,0,32.2,46.61,41.3,57.25
2026-03-27,7,5,2026-03-27 16:55:00,1,第61回ボートレースクラシック,6,4586,磯部 誠,1,35,52,0,0,0.12,6.89,47.27,60,7.59,58.73,77.78,26.13,42.34,38.69,61.31
2026-03-27,7,6,2026-03-27 17:25:00,1,第61回ボートレースクラシック,1,4450,平高 奈菜,2,38,46,1,0,0.15,6.16,48.11,61.32,6.64,55.56,69.44,35.57,53.02,28.48,44.37
2026-03-27,7,6,2026-03-27 17:25:00,1,第61回ボートレースクラシック,2,4500,山田 康二,1,38,53.2,0,0,0.12,7.22,49.61,65.89,7.65,70,80,28.26,43.48,40.74,61.11
2026-03-27,7,6,2026-03-27 17:25:00,1,第61回ボートレースクラシック,3,5121,定松 勇樹,1,24,52,0,0,0.14,7.86,64.34,78.32,7.65,60,70,38.93,61.07,27.42,41.13
2026-03-27,7,6,2026-03-27 17:25:00,1,第61回ボートレースクラシック,4,4832,権藤 俊光,1,39,52,0,0,0.15,7.21,51.79,73.21,6.5,58.33,66.67,40.43,59.57,28.22,48.47
2026-03-27,7,6,2026-03-27 17:25:00,1,第61回ボートレースクラシック,5,4980,佐々木 完太,1,29,52,0,0,0.15,7.12,54.39,68.42,7.2,40,80,36.31,54.17,31.01,41.09
2026-03-27,7,6,2026-03-27 17:25:00,1,第61回ボートレースクラシック,6,3897,白井 英治,1,49,52.5,0,0,0.13,6.98,40.38,63.46,8.25,72.22,83.33,40.15,66.67,36.31,56.05
2026-03-27,7,7,2026-03-27 17:56:00,1,第61回ボートレースクラシック,1,3779,原田 幸哉,1,50,52,0,0,0.1,6.36,36.08,47.42,6.14,38.1,57.14,30.91,46.67,37.58,48.48
2026-03-27,7,7,2026-03-27 17:56:00,1,第61回ボートレースクラシック,2,5112,砂長 知輝,1,26,52,0,0,0.14,6.98,53.79,71.97,6.58,66.67,66.67,31.1,48.17,38.46,55.77
2026-03-27,7,7,2026-03-27 17:56:00,1,第61回ボートレースクラシック,3,4590,渡邉 優美,1,33,48.4,0,0,0.16,6.88,46.15,70.19,7.14,51.72,72.41,29.65,45.35,30.52,50.65
2026-03-27,7,7,2026-03-27 17:56:00,1,第61回ボートレースクラシック,4,5142,常住 蓮,1,25,51.5,1,0,0.12,7.33,57.94,77.57,6.36,63.64,63.64,38.99,57.23,33.58,55.97
2026-03-27,7,7,2026-03-27 17:56:00,1,第61回ボートレースクラシック,5,3941,池田 浩二,1,47,52.1,0,0,0.13,8.16,57.01,74.77,8.91,78.13,92.19,30.94,47.51,34.81,48.15
2026-03-27,7,7,2026-03-27 17:56:00,1,第61回ボートレースクラシック,6,4030,森高 一真,1,47,50.5,0,0,0.14,6.27,32.58,53.03,6.6,50,60,38.01,55.56,34.27,55.94
2026-03-27,7,8,2026-03-27 18:27:00,1,第61回ボートレースクラシック,1,4361,柳生 泰二,1,41,52,0,0,0.15,7.32,54.76,75,6.75,35,60,33.16,51.05,32.61,49.28
2026-03-27,7,8,2026-03-27 18:27:00,1,第61回ボートレースクラシック,2,4320,峰 竜太,1,40,52,0,0,0.14,7.76,47.87,73.4,8.65,70,95,26.73,41.58,31.94,50
2026-03-27,7,8,2026-03-27 18:27:00,1,第61回ボートレースクラシック,3,4427,秦 英悟,1,40,52,0,0,0.14,6.48,40.43,56.38,7.63,68.75,81.25,32.95,43.93,29.37,46.03
2026-03-27,7,8,2026-03-27 18:27:00,1,第61回ボートレースクラシック,4,4851,関 浩哉,1,31,49.5,0,0,0.14,7.67,54.29,70.48,0,0,0,33.76,52.87,28.24,45.04
2026-03-27,7,8,2026-03-27 18:27:00,1,第61回ボートレースクラシック,5,3876,中辻 崇人,1,49,52.8,1,0,0.13,7.28,58.43,70.79,0,0,0,36.31,54.76,29.46,42.64
2026-03-27,7,8,2026-03-27 18:27:00,1,第61回ボートレースクラシック,6,4337,平本 真之,1,41,52.2,0,0,0.13,7.46,52.73,71.82,7.7,60.71,80.95,39.1,54.14,35.44,51.9
2026-03-27,7,9,2026-03-27 18:58:00,1,第61回ボートレースクラシック,1,4205,山口 剛,1,43,52.1,1,0,0.12,7.59,53.47,69.31,8.14,85.71,85.71,34.12,51.18,25.19,35.11
2026-03-27,7,9,2026-03-27 18:58:00,1,第61回ボートレースクラシック,2,4586,磯部 誠,1,35,52,0,0,0.12,6.89,47.27,60,7.59,58.73,77.78,26.13,42.34,38.69,61.31
2026-03-27,7,9,2026-03-27 18:58:00,1,第61回ボートレースクラシック,3,3721,守田 俊介,1,50,52.7,0,0,0.12,6.17,41.86,54.65,6.4,40,50,32.54,52.07,45.7,60.93
2026-03-27,7,9,2026-03-27 18:58:00,1,第61回ボートレースクラシック,4,4939,宮之原 輝紀,1,28,52,0,0,0.14,7.08,55.26,69.3,9.86,100,100,37.95,56.63,30.25,42.02
2026-03-27,7,9,2026-03-27 18:58:00,1,第61回ボートレースクラシック,5,4757,山田 祐也,1,36,52.2,0,0,0.13,7.01,51.64,72.95,0,0,0,31.94,52.36,33.77,48.34
2026-03-27,7,9,2026-03-27 18:58:00,1,第61回ボートレースクラシック,6,5068,前田 滉,1,26,51,1,0,0.15,7.01,50.42,65.55,7.29,61.76,76.47,41.6,56,33.57,53.15
2026-03-27,7,10,2026-03-27 19:30:00,1,第61回ボートレースクラシック,1,4418,茅原 悠紀,1,38,53.2,1,0,0.12,8.26,56.86,78.43,0,0,0,35.16,50.55,30.37,50.37
2026-03-27,7,10,2026-03-27 19:30:00,1,第61回ボートレースクラシック,2,3897,白井 英治,1,49,52.2,0,0,0.13,6.98,40.38,63.46,8.25,72.22,83.33,40.15,66.67,36.31,56.05
2026-03-27,7,10,2026-03-27 19:30:00,1,第61回ボートレースクラシック,3,5043,中村 日向,1,27,52,0,0,0.13,6.03,38.98,53.39,4.67,33.33,33.33,46.51,60.47,30.58,43.8
2026-03-27,7,10,2026-03-27 19:30:00,1,第61回ボートレースクラシック,4,4682,大上 卓人,1,35,51.5,0,0,0.14,6.45,37.93,51.72,7.18,63.64,72.73,34.46,49.72,33.61,50
2026-03-27,7,10,2026-03-27 19:30:00,1,第61回ボートレースクラシック,5,3415,松井 繁,1,56,52,0,0,0.14,6.86,34.86,64.22,6.45,40,70,38.46,51.54,35.96,49.12
2026-03-27,7,10,2026-03-27 19:30:00,1,第61回ボートレースクラシック,6,4230,濱崎 直矢,1,42,51.5,1,0,0.14,7.07,58.11,70.27,6.18,45.45,72.73,35.06,48.7,31.3,42.75
2026-03-27,7,11,2026-03-27 20:04:00,1,第61回ボートレースクラシック,1,4444,桐生 順平,1,39,52,0,0,0.14,7.38,46.46,66.67,6.5,50,50,48.09,61.83,35.62,54.11
2026-03-27,7,11,2026-03-27 20:04:00,1,第61回ボートレースクラシック,2,4445,宮地 元輝,1,39,53.9,0,0,0.11,6.8,36.52,54.78,5,37.5,50,31.55,54.55,31.01,41.09
2026-03-27,7,11,2026-03-27 20:04:00,1,第61回ボートレースクラシック,3,4908,上田 龍星,1,30,52,1,0,0.14,6.81,48.48,64.65,8,63.64,86.36,40.52,54.9,34.93,59.59
2026-03-27,7,11,2026-03-27 20:04:00,1,第61回ボートレースクラシック,4,4262,馬場 貴也,1,41,52.4,0,0,0.14,6.9,43.86,59.65,6.8,50,60,35.98,51.22,31.75,48.41
2026-03-27,7,11,2026-03-27 20:04:00,1,第61回ボートレースクラシック,5,3716,石渡 鉄兵,1,51,52.3,1,0,0.13,6.74,41.38,56.9,9.38,75,87.5,27.08,38.54,42.28,53.69
2026-03-27,7,11,2026-03-27 20:04:00,1,第61回ボートレースクラシック,6,5121,定松 勇樹,1,24,52,0,0,0.14,7.86,64.34,78.32,7.65,60,70,38.93,61.07,27.42,41.13
2026-03-27,7,12,2026-03-27 20:40:00,1,第61回ボートレースクラシック,1,4456,鎌倉 涼,1,36,45.5,0,0,0.17,7.12,58.49,70.75,5.39,35.48,48.39,39.6,53.02,25.97,44.81
2026-03-27,7,12,2026-03-27 20:40:00,1,第61回ボートレースクラシック,2,4762,藤原 啓史朗,1,36,51.5,0,0,0.12,6.43,37.38,58.88,0,0,0,36.63,50.58,31.65,46.04
2026-03-27,7,12,2026-03-27 20:40:00,1,第61回ボートレースクラシック,3,4719,上條 暢嵩,1,32,52,0,0,0.13,7.55,49.14,66.38,0,0,0,32.2,46.61,41.3,57.25
2026-03-27,7,12,2026-03-27 20:40:00,1,第61回ボートレースクラシック,4,3779,原田 幸哉,1,50,52,0,0,0.1,6.36,36.08,47.42,6.14,38.1,57.14,30.91,46.67,37.58,48.48
2026-03-27,7,12,2026-03-27 20:40:00,1,第61回ボートレースクラシック,5,4573,佐藤 翼,1,37,52.4,0,0,0.13,7.14,42.24,64.66,6.78,44.44,55.56,37.76,54.55,30.07,48.25
2026-03-27,7,12,2026-03-27 20:40:00,1,第61回ボートレースクラシック,6,4571,菅 章哉,1,37,52,0,0,0.15,6.96,51.69,57.63,8.09,81.82,90.91,34.9,53.02,34.62,50
2026-03-27,9,1,2026-03-27 10:30:00,5,BTS養老開設9周年記念よーたんカップ,1,4364,池永 太,1,41,52,0,0,0.14,6.72,50.85,66.1,7.75,50,87.5,29.17,50,41.67,41.67
2026-03-27,9,1,2026-03-27 10:30:00,5,BTS養老開設9周年記念よーたんカップ,2,4499,滝川 真由子,3,38,47,1,0,0.19,5.51,38.75,52.5,6.2,50,70,40.74,51.85,48.39,64.52
2026-03-27,9,1,2026-03-27 10:30:00,5,BTS養老開設9周年記念よーたんカップ,3,3745,橋本 年光,3,51,52.2,0,0,0.17,5.37,30.51,52.54,6.18,39.39,60.61,28,56,21.43,53.57
2026-03-27,9,1,2026-03-27 10:30:00,5,BTS養老開設9周年記念よーたんカップ,4,5364,金子 怜央,4,26,52,0,0,0.18,2.36,4.48,10.45,1.89,11.11,11.11,31.82,40.91,33.33,50
2026-03-27,9,1,2026-03-27 10:30:00,5,BTS養老開設9周年記念よーたんカップ,5,5354,渡邊 雄斗,4,21,52,0,0,0.22,2.65,10,13.75,2.07,7.02,7.02,39.13,56.52,30.77,57.69
2026-03-27,9,1,2026-03-27 10:30:00,5,BTS養老開設9周年記念よーたんカップ,6,4303,牧原 崇,3,42,52,0,0,0.17,5.38,30.93,53.61,4.18,27.27,36.36,33.33,57.14,50,66.67
2026-03-27,9,2,2026-03-27 11:00:00,5,BTS養老開設9周年記念よーたんカップ,1,3642,大塚 浩二,3,54,52,1,0,0.17,3.49,14.71,22.06,2.67,0,16.67,56.67,90,30.43,56.52
2026-03-27,9,2,2026-03-27 11:00:00,5,BTS養老開設9周年記念よーたんカップ,2,4764,小池 礼乃,3,35,47,0,0,0.18,5.25,33.33,51.96,0,0,0,23.08,41.03,27.27,50
2026-03-27,9,2,2026-03-27 11:00:00,5,BTS養老開設9周年記念よーたんカップ,3,3471,赤峰 和也,3,56,52.3,0,0,0.17,4.06,16.05,32.1,4.35,17.39,47.83,13.79,13.79,22.22,33.33
2026-03-27,9,2,2026-03-27 11:00:00,5,BTS養老開設9周年記念よーたんカップ,4,5195,北村 寧々,3,24,47,1,0,0.14,5.63,34.67,57.33,7.6,50,80,19.05,42.86,22.22,37.04
2026-03-27,9,2,2026-03-27 11:00:00,5,BTS養老開設9周年記念よーたんカップ,5,5430,鳥本 智史,4,22,52,0,0,,1.57,1.96,3.92,2.19,6.25,12.5,26.32,34.21,22.58,48.39
2026-03-27,9,2,2026-03-27 11:00:00,5,BTS養老開設9周年記念よーたんカップ,6,4821,妻鳥 晋也,3,34,55.2,0,0,0.18,5.19,36.08,53.61,5,42.86,42.86,42.86,57.14,60,65
2026-03-27,9,3,2026-03-27 11:30:00,5,BTS養老開設9周年記念よーたんカップ,1,3857,阿波 勝哉,3,52,55.8,0,0,0.2,4.52,21.78,36.63,4,14.29,28.57,22.86,40,15.63,34.38
2026-03-27,9,3,2026-03-27 11:30:00,5,BTS養老開設9周年記念よーたんカップ,2,3655,本橋 克洋,2,52,52.7,0,0,0.17,5.61,34.88,59.69,5.06,33.33,56.25,30.3,48.48,40.91,59.09
2026-03-27,9,3,2026-03-27 11:30:00,5,BTS養老開設9周年記念よーたんカップ,3,4587,木田 峰由季,2,35,53.8,1,0,0.15,6.28,51.75,61.4,4.76,29.41,41.18,38.1,76.19,48.39,67.74
2026-03-27,9,3,2026-03-27 11:30:00,5,BTS養老開設9周年記念よーたんカップ,4,4738,清埜 翔子,2,34,47,0,0,0.16,5.69,38.76,55.81,5.4,30,40,25.93,44.44,28.57,57.14
2026-03-27,9,3,2026-03-27 11:30:00,5,BTS養老開設9周年記念よーたんカップ,5,5382,山下 心一,3,21,52,1,0,0.16,2.47,3.45,12.07,0,0,0,16,32,23.33,53.33
2026-03-27,9,3,2026-03-27 11:30:00,5,BTS養老開設9周年記念よーたんカップ,6,5183,中野 孝二,3,27,53.7,1,0,0.16,4.62,29.89,45.98,5.12,29.49,48.72,28.13,50,21.43,46.43
2026-03-27,9,4,2026-03-27 12:00:00,5,BTS養老開設9周年記念よーたんカップ,1,5271,杉山 太陽,3,24,51.5,1,0,0.17,3.54,15.38,28.21,3.89,22.22,33.33,33.33,48.48,42.86,68.57
2026-03-27,9,4,2026-03-27 12:00:00,5,BTS養老開設9周年記念よーたんカップ,2,4169,多田 有佑,3,43,53.1,1,0,0.21,3.46,15.28,23.61,4,22.22,27.78,25,39.29,55.56,70.37
2026-03-27,9,4,2026-03-27 12:00:00,5,BTS養老開設9周年記念よーたんカップ,3,4172,森定 晃史,2,43,52.1,0,0,0.15,5.87,42.52,60.63,6.6,47.5,62.5,54.55,63.64,28.57,50
2026-03-27,9,4,2026-03-27 12:00:00,5,BTS養老開設9周年記念よーたんカップ,4,3202,三品 隆浩,3,60,53.3,0,0,0.2,4.46,23.08,36.26,2,0,0,35.71,57.14,41.38,48.28
2026-03-27,9,4,2026-03-27 12:00:00,5,BTS養老開設9周年記念よーたんカップ,5,4260,中越 博紀,2,42,52.8,1,0,0.16,5.18,37.11,48.45,5.75,50,55,17.24,31.03,25,41.67
2026-03-27,9,4,2026-03-27 12:00:00,5,BTS養老開設9周年記念よーたんカップ,6,4102,益田 啓司,1,46,52,0,0,0.15,6.56,50.45,63.96,0,0,0,18.18,22.73,45,50
2026-03-27,9,5,2026-03-27 12:29:00,5,BTS養老開設9周年記念よーたんカップ,1,4734,安河内 将,1,36,52,0,0,0.15,7.09,53.78,71.43,6.14,28.57,71.43,23.08,26.92,57.14,71.43
2026-03-27,9,5,2026-03-27 12:29:00,5,BTS養老開設9周年記念よーたんカップ,2,5111,三村 岳人,4,26,51.5,0,0,0.19,5.05,36.27,50,5.82,45.45,63.64,25,46.43,29.41,44.12
2026-03-27,9,5,2026-03-27 12:29:00,5,BTS養老開設9周年記念よーたんカップ,3,4201,佐竹 友樹,3,43,52.1,0,0,0.16,4.5,20.83,39.58,5.2,30,46.67,17.14,31.43,32.26,41.94
2026-03-27,9,5,2026-03-27 12:29:00,5,BTS養老開設9周年記念よーたんカップ,4,5130,上野 拓馬,3,28,52.3,0,0,0.16,4.25,16.84,37.89,4.77,26.55,42.94,26.09,34.78,35.29,47.06
2026-03-27,9,5,2026-03-27 12:29:00,5,BTS養老開設9周年記念よーたんカップ,5,5004,河野 主樹,3,29,52,0,0,0.16,5.34,32.65,50,7.14,45.45,81.82,39.13,52.17,24.24,39.39
2026-03-27,9,5,2026-03-27 12:29:00,5,BTS養老開設9周年記念よーたんカップ,6,4499,滝川 真由子,3,38,47,1,0,0.19,5.51,38.75,52.5,6.2,50,70,40.74,51.85,48.39,64.52
2026-03-27,9,6,2026-03-27 12:58:00,5,BTS養老開設9周年記念よーたんカップ,1,4947,間庭 菜摘,3,33,47.2,0,0,0.19,4.7,23.4,39.36,4.5,21.43,42.86,42.86,53.57,56,72
2026-03-27,9,6,2026-03-27 12:58:00,5,BTS養老開設9周年記念よーたんカップ,2,5195,北村 寧々,3,24,47,1,0,0.14,5.63,34.67,57.33,7.6,50,80,19.05,42.86,22.22,37.04
2026-03-27,9,6,2026-03-27 12:58:00,5,BTS養老開設9周年記念よーたんカップ,3,4227,安達 裕樹,2,43,52.2,0,0,0.15,5.97,38.18,55.45,6.29,39.73,71.23,28.21,48.72,25.93,37.04
2026-03-27,9,6,2026-03-27 12:58:00,5,BTS養老開設9周年記念よーたんカップ,4,4604,岩瀬 裕亮,1,37,52,0,0,0.15,6.84,41.03,60.68,7.69,59.26,75.93,41.18,76.47,29.41,47.06
2026-03-27,9,6,2026-03-27 12:58:00,5,BTS養老開設9周年記念よーたんカップ,5,5364,金子 怜央,4,26,52,0,0,0.18,2.36,4.48,10.45,1.89,11.11,11.11,31.82,40.91,33.33,50
2026-03-27,9,6,2026-03-27 12:58:00,5,BTS養老開設9周年記念よーたんカップ,6,3441,土屋 太朗,3,56,52,0,0,0.2,4.74,25.26,49.47,4.44,17.65,44.12,28,48,40,50
2026-03-27,9,7,2026-03-27 13:28:00,5,BTS養老開設9周年記念よーたんカップ,1,3745,橋本 年光,3,51,52.2,0,0,0.17,5.37,30.51,52.54,6.18,39.39,60.61,28,56,21.43,53.57
2026-03-27,9,7,2026-03-27 13:28:00,5,BTS養老開設9周年記念よーたんカップ,2,4519,清水 沙樹,2,39,45,1,0,0.15,5.46,39.58,51.04,6.45,54.55,63.64,22.22,29.63,29.41,47.06
2026-03-27,9,7,2026-03-27 13:28:00,5,BTS養老開設9周年記念よーたんカップ,3,4347,魚谷 香織,2,40,45,0,0,0.18,5.98,36.73,62.24,6.68,59.09,72.73,23.08,50,41.67,58.33
2026-03-27,9,7,2026-03-27 13:28:00,5,BTS養老開設9周年記念よーたんカップ,4,5183,中野 孝二,3,27,53.7,1,0,0.16,4.62,29.89,45.98,5.12,29.49,48.72,28.13,50,21.43,46.43
2026-03-27,9,7,2026-03-27 13:28:00,5,BTS養老開設9周年記念よーたんカップ,5,3959,坪井 康晴,1,48,52,0,0,0.14,7.23,50,65.38,6.91,43.48,65.22,22.73,36.36,26.92,46.15
2026-03-27,9,7,2026-03-27 13:28:00,5,BTS養老開設9周年記念よーたんカップ,6,5430,鳥本 智史,4,22,52,0,0,,1.57,1.96,3.92,2.19,6.25,12.5,26.32,34.21,22.58,48.39
2026-03-27,9,8,2026-03-27 13:59:00,5,BTS養老開設9周年記念よーたんカップ,1,4738,清埜 翔子,2,34,47,0,0,0.16,5.69,38.76,55.81,5.4,30,40,25.93,44.44,28.57,57.14
2026-03-27,9,8,2026-03-27 13:59:00,5,BTS養老開設9周年記念よーたんカップ,2,3202,三品 隆浩,3,60,53.3,0,0,0.2,4.46,23.08,36.26,2,0,0,35.71,57.14,41.38,48.28
2026-03-27,9,8,2026-03-27 13:59:00,5,BTS養老開設9周年記念よーたんカップ,3,3517,高橋 勲,2,58,52.2,0,0,0.15,4.64,26.42,47.17,5.77,40.91,59.09,35.48,51.61,62.96,85.19
2026-03-27,9,8,2026-03-27 13:59:00,5,BTS養老開設9周年記念よーたんカップ,4,5354,渡邊 雄斗,4,21,52,0,0,0.22,2.65,10,13.75,2.07,7.02,7.02,39.13,56.52,30.77,57.69
2026-03-27,9,8,2026-03-27 13:59:00,5,BTS養老開設9周年記念よーたんカップ,5,3548,室田 泰史,2,56,53.2,0,0,0.12,5.55,36.07,54.1,5.14,28.57,42.86,43.75,50,25,32.14
2026-03-27,9,8,2026-03-27 13:59:00,5,BTS養老開設9周年記念よーたんカップ,6,3471,赤峰 和也,3,56,52.3,0,0,0.17,4.06,16.05,32.1,4.35,17.39,47.83,13.79,13.79,22.22,33.33
2026-03-27,9,9,2026-03-27 14:30:00,5,BTS養老開設9周年記念よーたんカップ,1,4260,中越 博紀,2,42,52.7,1,0,0.16,5.18,37.11,48.45,5.75,50,55,17.24,31.03,25,41.67
2026-03-27,9,9,2026-03-27 14:30:00,5,BTS養老開設9周年記念よーたんカップ,2,3642,大塚 浩二,3,54,51.5,1,0,0.17,3.49,14.71,22.06,2.67,0,16.67,56.67,90,30.43,56.52
2026-03-27,9,9,2026-03-27 14:30:00,5,BTS養老開設9周年記念よーたんカップ,3,4380,鈴木 峻佑,3,41,52.8,0,0,0.17,4.27,21.95,32.93,2.4,0,20,20,42.5,30.3,45.45
2026-03-27,9,9,2026-03-27 14:30:00,5,BTS養老開設9周年記念よーたんカップ,4,4364,池永 太,1,41,52,0,0,0.14,6.72,50.85,66.1,7.75,50,87.5,29.17,50,41.67,41.67
2026-03-27,9,9,2026-03-27 14:30:00,5,BTS養老開設9周年記念よーたんカップ,5,3857,阿波 勝哉,3,52,54.6,0,0,0.2,4.52,21.78,36.63,4,14.29,28.57,22.86,40,15.63,34.38
2026-03-27,9,9,2026-03-27 14:30:00,5,BTS養老開設9周年記念よーたんカップ,6,3550,都築 正治,2,54,52.3,0,0,0.16,5.1,33.33,46.67,5.67,37.04,55.56,13.79,24.14,11.11,25.93
2026-03-27,9,10,2026-03-27 15:04:00,5,BTS養老開設9周年記念よーたんカップ,1,3655,本橋 克洋,2,52,52.7,0,0,0.17,5.61,34.88,59.69,5.06,33.33,56.25,30.3,48.48,40.91,59.09
2026-03-27,9,10,2026-03-27 15:04:00,5,BTS養老開設9周年記念よーたんカップ,2,4102,益田 啓司,1,46,52,0,0,0.15,6.56,50.45,63.96,0,0,0,18.18,22.73,45,50
2026-03-27,9,10,2026-03-27 15:04:00,5,BTS養老開設9周年記念よーたんカップ,3,4319,三宅 潤,2,41,54.1,1,0,0.17,5.64,40.78,54.37,4.65,30.77,42.31,41.67,50,10,10
2026-03-27,9,10,2026-03-27 15:04:00,5,BTS養老開設9周年記念よーたんカップ,4,4947,間庭 菜摘,3,33,47.2,0,0,0.19,4.7,23.4,39.36,4.5,21.43,42.86,42.86,53.57,56,72
2026-03-27,9,10,2026-03-27 15:04:00,5,BTS養老開設9周年記念よーたんカップ,5,4261,岡 祐臣,1,42,55.4,0,0,0.16,6.1,40.3,62.69,6.19,42.37,61.86,25,37.5,44.44,59.26
2026-03-27,9,10,2026-03-27 15:04:00,5,BTS養老開設9周年記念よーたんカップ,6,5111,三村 岳人,4,26,51.5,0,0,0.19,5.05,36.27,50,5.82,45.45,63.64,25,46.43,29.41,44.12
2026-03-27,9,11,2026-03-27 15:36:00,5,BTS養老開設9周年記念よーたんカップ,1,4446,和田 兼輔,1,39,52.1,0,0,0.13,7.08,56.34,72.54,6.36,42.86,57.14,36.67,46.67,37.5,58.33
2026-03-27,9,11,2026-03-27 15:36:00,5,BTS養老開設9周年記念よーたんカップ,2,4172,森定 晃史,2,43,52.1,0,0,0.15,5.87,42.52,60.63,6.6,47.5,62.5,54.55,63.64,28.57,50
2026-03-27,9,11,2026-03-27 15:36:00,5,BTS養老開設9周年記念よーたんカップ,3,4941,孫崎 百世,3,37,47,0,0,0.22,4.68,24.3,42.99,3.81,19.23,19.23,38.24,55.88,21.05,52.63
2026-03-27,9,11,2026-03-27 15:36:00,5,BTS養老開設9周年記念よーたんカップ,4,4734,安河内 将,1,36,52,0,0,0.15,7.09,53.78,71.43,6.14,28.57,71.43,23.08,26.92,57.14,71.43
2026-03-27,9,11,2026-03-27 15:36:00,5,BTS養老開設9周年記念よーたんカップ,5,3441,土屋 太朗,3,56,52,0,0,0.2,4.74,25.26,49.47,4.44,17.65,44.12,28,48,40,50
2026-03-27,9,11,2026-03-27 15:36:00,5,BTS養老開設9周年記念よーたんカップ,6,4347,魚谷 香織,2,40,45,0,0,0.18,5.98,36.73,62.24,6.68,59.09,72.73,23.08,50,41.67,58.33
2026-03-27,9,12,2026-03-27 16:15:00,5,BTS養老開設9周年記念よーたんカップ,1,3959,坪井 康晴,1,48,52,0,0,0.14,7.23,50,65.38,6.91,43.48,65.22,22.73,36.36,26.92,46.15
2026-03-27,9,12,2026-03-27 16:15:00,5,BTS養老開設9周年記念よーたんカップ,2,3517,高橋 勲,2,58,52.2,0,0,0.15,4.64,26.42,47.17,5.77,40.91,59.09,35.48,51.61,62.96,85.19
2026-03-27,9,12,2026-03-27 16:15:00,5,BTS養老開設9周年記念よーたんカップ,3,4550,石岡 将太,3,37,54.2,0,0,0.15,5.48,37.11,51.55,5.14,28.57,42.86,38.46,57.69,34.78,39.13
2026-03-27,9,12,2026-03-27 16:15:00,5,BTS養老開設9周年記念よーたんカップ,4,4587,木田 峰由季,2,35,53.8,1,0,0.15,6.28,51.75,61.4,4.76,29.41,41.18,38.1,76.19,48.39,67.74
2026-03-27,9,12,2026-03-27 16:15:00,5,BTS養老開設9周年記念よーたんカップ,5,4604,岩瀬 裕亮,1,37,52,0,0,0.15,6.84,41.03,60.68,7.69,59.26,75.93,41.18,76.47,29.41,47.06
2026-03-27,9,12,2026-03-27 16:15:00,5,BTS養老開設9周年記念よーたんカップ,6,5004,河野 主樹,3,29,52,0,0,0.16,5.34,32.65,50,7.14,45.45,81.82,39.13,52.17,24.24,39.39
2026-03-27,10,1,2026-03-27 08:47:00,4,オールレディース 三国レディースカップ,1,4961,西橋 奈未,1,29,47,0,0,0.15,6.33,42.73,61.82,6.98,55.56,66.67,7.69,15.38,7.14,35.71
2026-03-27,10,1,2026-03-27 08:47:00,4,オールレディース 三国レディースカップ,2,5144,中尾 彩香,3,24,47,0,0,0.17,5.63,41.49,58.51,5.43,42.86,52.38,44.44,77.78,14.29,35.71
2026-03-27,10,1,2026-03-27 08:47:00,4,オールレディース 三国レディースカップ,3,3580,水口 由紀,3,53,49.3,0,0,0.19,3.92,19.28,32.53,0,0,0,14.29,14.29,71.43,85.71
2026-03-27,10,1,2026-03-27 08:47:00,4,オールレディース 三国レディースカップ,4,5320,岩崎 麗子,3,24,48.6,0,0,0.17,2.91,8.57,14.29,2,0,11.11,0,0,0,0
2026-03-27,10,1,2026-03-27 08:47:00,4,オールレディース 三国レディースカップ,5,4997,濱崎 寿里矢,3,32,48.9,0,0,0.18,3.77,12.5,30.36,2.14,0,14.29,42.86,85.71,62.5,75
2026-03-27,10,1,2026-03-27 08:47:00,4,オールレディース 三国レディースカップ,6,3604,武藤 綾子,3,55,48.7,0,0,0.2,4.38,20.69,35.63,3.44,11.11,22.22,66.67,88.89,33.33,88.89
2026-03-27,10,2,2026-03-27 09:13:00,4,オールレディース 三国レディースカップ,1,4243,西村 歩,2,40,48.5,1,0,0.15,5.34,36.79,50.94,7,57.14,71.43,55.56,88.89,37.5,50
2026-03-27,10,2,2026-03-27 09:13:00,4,オールレディース 三国レディースカップ,2,4208,三浦 永理,1,43,47.1,0,0,0.15,6.27,37.04,59.26,7,60,66.67,28.57,35.71,21.43,35.71
2026-03-27,10,2,2026-03-27 09:13:00,4,オールレディース 三国レディースカップ,3,4901,出口 舞有子,4,33,46,0,0,0.19,4.21,20,35.71,0,0,0,50,50,42.86,71.43
2026-03-27,10,2,2026-03-27 09:13:00,4,オールレディース 三国レディースカップ,4,4400,加藤 奈月,3,37,54.9,0,0,0.19,4.08,17.57,35.14,4.29,26.32,36.84,88.89,100,21.43,21.43
2026-03-27,10,2,2026-03-27 09:13:00,4,オールレディース 三国レディースカップ,5,5241,門田 栞,3,25,47.4,1,0,0.16,4.87,31.43,50,2.17,0,0,21.43,50,21.43,35.71
2026-03-27,10,2,2026-03-27 09:13:00,4,オールレディース 三国レディースカップ,6,5146,野田 彩加,3,22,50.4,0,0,0.15,5.58,33.72,55.81,4.81,31.25,43.75,30,80,55.56,77.78
2026-03-27,10,3,2026-03-27 09:39:00,4,オールレディース 三国レディースカップ,1,3999,大瀧 明日香,1,46,46,0,0,0.15,5.87,39.02,56.1,5.35,35,55,12.5,25,40,50
2026-03-27,10,3,2026-03-27 09:39:00,4,オールレディース 三国レディースカップ,2,5334,樫葉 新心,3,21,46,0,0,0.18,3.33,14.29,21.98,2.6,8.57,14.29,20,60,25,50
2026-03-27,10,3,2026-03-27 09:39:00,4,オールレディース 三国レディースカップ,3,4183,宇野 弥生,2,40,48.1,0,0,0.13,4.92,33.05,44.07,4.95,36.36,50,14.29,14.29,22.22,55.56
2026-03-27,10,3,2026-03-27 09:39:00,4,オールレディース 三国レディースカップ,4,3357,福島 陽子,3,57,47.5,0,0,0.2,3.86,18.48,32.61,4.95,26.32,47.37,0,10,30,50
2026-03-27,10,3,2026-03-27 09:39:00,4,オールレディース 三国レディースカップ,5,4733,赤井 睦,3,36,47,1,0,0.15,4.87,24,41.33,0,0,0,25,37.5,0,0
2026-03-27,10,3,2026-03-27 09:39:00,4,オールレディース 三国レディースカップ,6,4924,中北 涼,3,33,47.8,0,0,0.18,4.34,17.65,35.29,0,0,0,28.57,28.57,62.5,87.5
2026-03-27,10,4,2026-03-27 10:05:00,4,オールレディース 三国レディースカップ,1,4224,大橋 栄里佳,2,44,49,0,0,0.18,5.7,38.74,55.86,6.09,54.55,54.55,25,37.5,28.57,28.57
2026-03-27,10,4,2026-03-27 10:05:00,4,オールレディース 三国レディースカップ,2,3845,中谷 朋子,3,49,45.5,0,0,0.19,5.17,28.33,53.33,6.09,36.36,45.45,21.43,42.86,50,75
2026-03-27,10,4,2026-03-27 10:05:00,4,オールレディース 三国レディースカップ,3,5327,西田 和加,4,22,48.5,0,0,0.22,1.76,1.49,2.99,0,0,0,35.71,50,42.86,71.43
2026-03-27,10,4,2026-03-27 10:05:00,4,オールレディース 三国レディースカップ,4,4530,小野 生奈,1,37,47,0,0,0.15,6.93,53.27,68.22,5.47,23.53,47.06,43.75,62.5,21.43,28.57
2026-03-27,10,4,2026-03-27 10:05:00,4,オールレディース 三国レディースカップ,5,4071,古賀 千晶,3,45,46.5,0,0,0.19,4.43,17.46,41.27,6.3,50,70,28.57,57.14,44.44,55.56
2026-03-27,10,4,2026-03-27 10:05:00,4,オールレディース 三国レディースカップ,6,4611,今井 美亜,2,35,47.9,0,0,0.14,6.32,45.05,59.46,5.87,41.94,61.29,50,62.5,0,0
2026-03-27,10,5,2026-03-27 10:33:00,4,オールレディース 三国レディースカップ,1,4878,西岡 育未,3,31,47.1,0,0,0.17,3.74,12,28,0,0,0,55.56,77.78,26.67,26.67
2026-03-27,10,5,2026-03-27 10:33:00,4,オールレディース 三国レディースカップ,2,4974,安井 瑞紀,1,32,47.3,1,0,0.14,5.45,34.12,57.65,4.5,27.78,44.44,66.67,88.89,26.67,40
2026-03-27,10,5,2026-03-27 10:33:00,4,オールレディース 三国レディースカップ,3,4964,土屋 南,4,29,46.5,0,0,0.2,5.57,36,53.33,7.45,54.55,90.91,14.29,42.86,14.29,28.57
2026-03-27,10,5,2026-03-27 10:33:00,4,オールレディース 三国レディースカップ,4,4997,濱崎 寿里矢,3,32,48.9,0,0,0.18,3.77,12.5,30.36,2.14,0,14.29,42.86,85.71,62.5,75
2026-03-27,10,5,2026-03-27 10:33:00,4,オールレディース 三国レディースカップ,5,5265,大廣 咲季,3,26,46.5,0,0,0.17,3.23,13.4,21.65,3.89,11.11,33.33,14.29,42.86,22.22,44.44
2026-03-27,10,5,2026-03-27 10:33:00,4,オールレディース 三国レディースカップ,6,4791,黒澤 めぐみ,2,36,47,1,0,0.17,5.26,37.14,48.57,4.44,22.22,22.22,44.44,55.56,14.29,57.14
2026-03-27,10,6,2026-03-27 11:03:00,4,オールレディース 三国レディースカップ,1,5306,河内 悠利杏,3,22,48.1,0,0,0.22,2.53,4.63,15.74,2.03,5.56,11.11,0,0,62.5,75
2026-03-27,10,6,2026-03-27 11:03:00,4,オールレディース 三国レディースカップ,2,5198,奥村 明日香,3,24,44.5,0,0,0.21,4.53,26.32,36.84,5,29.41,52.94,16.67,50,25,58.33
2026-03-27,10,6,2026-03-27 11:03:00,4,オールレディース 三国レディースカップ,3,3474,松瀬 弘美,3,55,46.5,0,0,0.17,4.39,25,39.77,5.17,24.14,51.72,55.56,77.78,42.86,71.43
2026-03-27,10,6,2026-03-27 11:03:00,4,オールレディース 三国レディースカップ,4,3435,寺田 千恵,1,56,46.5,0,0,0.16,6.16,42.27,58.76,8.45,72.73,100,25,25,57.14,71.43
2026-03-27,10,6,2026-03-27 11:03:00,4,オールレディース 三国レディースカップ,5,4901,出口 舞有子,4,33,46,0,0,0.19,4.21,20,35.71,0,0,0,50,50,42.86,71.43
2026-03-27,10,6,2026-03-27 11:03:00,4,オールレディース 三国レディースカップ,6,4689,豊田 結,2,32,53,0,0,0.15,4.8,29.11,43.04,8.17,66.67,100,44.44,44.44,27.27,63.64
2026-03-27,10,7,2026-03-27 11:34:00,4,オールレディース 三国レディースカップ,1,4317,木村 紗友希,3,41,48.2,0,0,0.16,4.08,24.68,35.06,4.89,44.44,44.44,50,50,0,21.43
2026-03-27,10,7,2026-03-27 11:34:00,4,オールレディース 三国レディースカップ,2,3900,香川 素子,1,49,47.3,1,0,0.16,5.92,40.54,62.16,4.82,36.36,36.36,22.22,55.56,0,0
2026-03-27,10,7,2026-03-27 11:34:00,4,オールレディース 三国レディースカップ,3,4924,中北 涼,3,33,47.8,0,0,0.18,4.34,17.65,35.29,0,0,0,28.57,28.57,62.5,87.5
2026-03-27,10,7,2026-03-27 11:34:00,4,オールレディース 三国レディースカップ,4,4536,喜井 つかさ,2,36,47,0,0,0.17,6.25,44.63,65.29,6.32,48.39,67.74,12.5,25,88.89,100
2026-03-27,10,7,2026-03-27 11:34:00,4,オールレディース 三国レディースカップ,5,5320,岩崎 麗子,3,24,48.6,0,0,0.17,2.91,8.57,14.29,2,0,11.11,0,0,0,0
2026-03-27,10,7,2026-03-27 11:34:00,4,オールレディース 三国レディースカップ,6,5156,坂野 さくら,3,29,46.5,0,0,0.19,4.64,22.22,46.46,4.52,25,40.63,57.14,71.43,50,75
2026-03-27,10,8,2026-03-27 12:06:00,4,オールレディース 三国レディースカップ,1,5194,大久保 佑香,3,24,43.5,0,0,0.15,4.19,23.23,39.39,3.33,16.67,16.67,28.57,42.86,40,40
2026-03-27,10,8,2026-03-27 12:06:00,4,オールレディース 三国レディースカップ,2,3999,大瀧 明日香,1,46,46,0,0,0.15,5.87,39.02,56.1,5.35,35,55,12.5,25,40,50
2026-03-27,10,8,2026-03-27 12:06:00,4,オールレディース 三国レディースカップ,3,3845,中谷 朋子,3,49,45.5,0,0,0.19,5.17,28.33,53.33,6.09,36.36,45.45,21.43,42.86,50,75
2026-03-27,10,8,2026-03-27 12:06:00,4,オールレディース 三国レディースカップ,4,3580,水口 由紀,3,53,49.3,0,0,0.19,3.92,19.28,32.53,0,0,0,14.29,14.29,71.43,85.71
2026-03-27,10,8,2026-03-27 12:06:00,4,オールレディース 三国レディースカップ,5,5189,藤原 早菜,2,25,46,0,0,0.19,5.82,36.84,58.77,5.21,28.57,35.71,46.67,46.67,38.46,69.23
2026-03-27,10,8,2026-03-27 12:06:00,4,オールレディース 三国レディースカップ,6,4065,金田 幸子,3,46,44,0,0,0.17,4.65,34.94,42.17,4.7,30,30,40,50,7.14,21.43
2026-03-27,10,9,2026-03-27 12:39:00,4,オールレディース 三国レディースカップ,1,4071,古賀 千晶,3,45,46.5,0,0,0.19,4.43,17.46,41.27,6.3,50,70,28.57,57.14,44.44,55.56
2026-03-27,10,9,2026-03-27 12:39:00,4,オールレディース 三国レディースカップ,2,3604,武藤 綾子,3,55,49,0,0,0.2,4.38,20.69,35.63,3.44,11.11,22.22,66.67,88.89,33.33,88.89
2026-03-27,10,9,2026-03-27 12:39:00,4,オールレディース 三国レディースカップ,3,4243,西村 歩,2,40,48.6,1,0,0.15,5.34,36.79,50.94,7,57.14,71.43,55.56,88.89,37.5,50
2026-03-27,10,9,2026-03-27 12:39:00,4,オールレディース 三国レディースカップ,4,4819,蜂須 瑞生,2,34,46.5,0,0,0.16,5.95,39,65,4.3,20,30,16.67,41.67,20,33.33
2026-03-27,10,9,2026-03-27 12:39:00,4,オールレディース 三国レディースカップ,5,5334,樫葉 新心,3,21,45.5,0,0,0.18,3.33,14.29,21.98,2.6,8.57,14.29,20,60,25,50
2026-03-27,10,9,2026-03-27 12:39:00,4,オールレディース 三国レディースカップ,6,4050,田口 節子,1,45,46.5,0,0,0.14,6.65,50.48,64.76,7.55,63.64,86.36,14.29,57.14,53.33,60
2026-03-27,10,10,2026-03-27 13:13:00,4,オールレディース 三国レディースカップ,1,4744,伊藤 玲奈,3,33,46,0,0,0.22,4.67,18.84,47.83,4.55,21.05,44.74,12.5,25,66.67,88.89
2026-03-27,10,10,2026-03-27 13:13:00,4,オールレディース 三国レディースカップ,2,4530,小野 生奈,1,37,47,0,0,0.15,6.93,53.27,68.22,5.47,23.53,47.06,43.75,62.5,21.43,28.57
2026-03-27,10,10,2026-03-27 13:13:00,4,オールレディース 三国レディースカップ,3,5146,野田 彩加,3,22,50.4,0,0,0.15,5.58,33.72,55.81,4.81,31.25,43.75,30,80,55.56,77.78
2026-03-27,10,10,2026-03-27 13:13:00,4,オールレディース 三国レディースカップ,4,4689,豊田 結,2,32,53,0,0,0.15,4.8,29.11,43.04,8.17,66.67,100,44.44,44.44,27.27,63.64
2026-03-27,10,10,2026-03-27 13:13:00,4,オールレディース 三国レディースカップ,5,4964,土屋 南,4,29,46.5,0,0,0.2,5.57,36,53.33,7.45,54.55,90.91,14.29,42.86,14.29,28.57
2026-03-27,10,10,2026-03-27 13:13:00,4,オールレディース 三国レディースカップ,6,4400,加藤 奈月,3,37,54.9,0,0,0.19,4.08,17.57,35.14,4.29,26.32,36.84,88.89,100,21.43,21.43
2026-03-27,10,11,2026-03-27 13:49:00,4,オールレディース 三国レディースカップ,1,3435,寺田 千恵,1,56,46.5,0,0,0.16,6.16,42.27,58.76,8.45,72.73,100,25,25,57.14,71.43
2026-03-27,10,11,2026-03-27 13:49:00,4,オールレディース 三国レディースカップ,2,5241,門田 栞,3,25,47.4,1,0,0.16,4.87,31.43,50,2.17,0,0,21.43,50,21.43,35.71
2026-03-27,10,11,2026-03-27 13:49:00,4,オールレディース 三国レディースカップ,3,4224,大橋 栄里佳,2,44,49,0,0,0.18,5.7,38.74,55.86,6.09,54.55,54.55,25,37.5,28.57,28.57
2026-03-27,10,11,2026-03-27 13:49:00,4,オールレディース 三国レディースカップ,4,4791,黒澤 めぐみ,2,36,47,1,0,0.17,5.26,37.14,48.57,4.44,22.22,22.22,44.44,55.56,14.29,57.14
2026-03-27,10,11,2026-03-27 13:49:00,4,オールレディース 三国レディースカップ,5,3900,香川 素子,1,49,47.3,1,0,0.16,5.92,40.54,62.16,4.82,36.36,36.36,22.22,55.56,0,0
2026-03-27,10,11,2026-03-27 13:49:00,4,オールレディース 三国レディースカップ,6,5144,中尾 彩香,3,24,47,0,0,0.17,5.63,41.49,58.51,5.43,42.86,52.38,44.44,77.78,14.29,35.71
2026-03-27,10,12,2026-03-27 14:27:00,4,オールレディース 三国レディースカップ,1,4974,安井 瑞紀,1,32,47.3,1,0,0.14,5.45,34.12,57.65,4.5,27.78,44.44,66.67,88.89,26.67,40
2026-03-27,10,12,2026-03-27 14:27:00,4,オールレディース 三国レディースカップ,2,4611,今井 美亜,2,35,47.9,0,0,0.14,6.32,45.05,59.46,5.87,41.94,61.29,50,62.5,0,0
2026-03-27,10,12,2026-03-27 14:27:00,4,オールレディース 三国レディースカップ,3,4317,木村 紗友希,3,41,48.2,0,0,0.16,4.08,24.68,35.06,4.89,44.44,44.44,50,50,0,21.43
2026-03-27,10,12,2026-03-27 14:27:00,4,オールレディース 三国レディースカップ,4,5189,藤原 早菜,2,25,46,0,0,0.19,5.82,36.84,58.77,5.21,28.57,35.71,46.67,46.67,38.46,69.23
2026-03-27,10,12,2026-03-27 14:27:00,4,オールレディース 三国レディースカップ,5,3302,谷川 里江,3,58,46.5,1,0,0.18,5.1,37.1,46.77,4.8,30,40,100,100,50,62.5
2026-03-27,10,12,2026-03-27 14:27:00,4,オールレディース 三国レディースカップ,6,4208,三浦 永理,1,43,47.1,0,0,0.15,6.27,37.04,59.26,7,60,66.67,28.57,35.71,21.43,35.71
2026-03-27,12,1,2026-03-27 15:18:00,5,サンテレビ杯争奪ボートの時間!ご視聴ありがとう競走,1,3910,松下 知幸,3,52,51.5,0,0,0.16,4.16,19.15,34.04,3.4,13.33,26.67,0,0,0,0
2026-03-27,12,1,2026-03-27 15:18:00,5,サンテレビ杯争奪ボートの時間!ご視聴ありがとう競走,2,4119,泥谷 一毅,2,44,52.6,1,0,0.17,5.33,28.87,50.52,6,44.44,66.67,0,0,0,0
2026-03-27,12,1,2026-03-27 15:18:00,5,サンテレビ杯争奪ボートの時間!ご視聴ありがとう競走,3,5203,神里 琴音,3,21,44,0,0,0.15,4.33,25,41,0,0,0,0,0,0,0
2026-03-27,12,1,2026-03-27 15:18:00,5,サンテレビ杯争奪ボートの時間!ご視聴ありがとう競走,4,5348,小林 甘寧,3,22,52.9,0,0,0.19,3.75,19.4,32.84,4.22,22.22,44.44,0,0,0,0
2026-03-27,12,1,2026-03-27 15:18:00,5,サンテレビ杯争奪ボートの時間!ご視聴ありがとう競走,5,3983,須藤 博倫,2,48,52,0,0,0.14,6.09,37.8,57.48,5.95,35.14,45.95,0,0,0,0
2026-03-27,12,1,2026-03-27 15:18:00,5,サンテレビ杯争奪ボートの時間!ご視聴ありがとう競走,6,5439,志賀 美優,4,20,49.1,1,0,,1.45,1.82,3.64,0,0,0,0,0,0,0
2026-03-27,12,2,2026-03-27 15:42:00,5,サンテレビ杯争奪ボートの時間!ご視聴ありがとう競走,1,4897,深見 亜由美,4,34,45.5,0,0,0.2,3.9,14.61,29.21,0,0,0,0,0,0,0
2026-03-27,12,2,2026-03-27 15:42:00,5,サンテレビ杯争奪ボートの時間!ご視聴ありがとう競走,2,4306,畔柳 俊吾,2,42,52,1,0,0.17,4.65,19.3,45.61,4.87,26.09,47.83,0,0,0,0
2026-03-27,12,2,2026-03-27 15:42:00,5,サンテレビ杯争奪ボートの時間!ご視聴ありがとう競走,3,4229,市川 美宏,3,42,52.7,0,0,0.18,3.58,13.16,28.95,4.42,21.05,36.84,0,0,0,0
2026-03-27,12,2,2026-03-27 15:42:00,5,サンテレビ杯争奪ボートの時間!ご視聴ありがとう競走,4,3699,富永 正人,3,53,52.2,1,0,0.17,4.2,19.51,35.37,5.2,40,46.67,0,0,0,0
2026-03-27,12,2,2026-03-27 15:42:00,5,サンテレビ杯争奪ボートの時間!ご視聴ありがとう競走,5,4619,伏田 裕隆,2,43,52,0,0,0.16,4.79,28.57,43.96,4.75,29.17,41.67,0,0,0,0
2026-03-27,12,2,2026-03-27 15:42:00,5,サンテレビ杯争奪ボートの時間!ご視聴ありがとう競走,6,5431,得山 大輝,4,21,52,0,0,,1.35,0,0,0,0,0,0,0,0,0
2026-03-27,12,3,2026-03-27 16:09:00,5,サンテレビ杯争奪ボートの時間!ご視聴ありがとう競走,1,3333,丸尾 義孝,2,57,52,0,0,0.14,6.12,41.86,61.24,5,25,55,0,0,0,0
2026-03-27,12,3,2026-03-27 16:09:00,5,サンテレビ杯争奪ボートの時間!ご視聴ありがとう競走,2,4618,乃村 康友,3,43,54.8,0,0,0.17,4.81,24.42,48.84,5.38,37.5,43.75,0,0,0,0
2026-03-27,12,3,2026-03-27 16:09:00,5,サンテレビ杯争奪ボートの時間!ご視聴ありがとう競走,3,3587,武田 信一,3,52,58.6,0,0,0.17,4.14,18.02,31.53,3.73,27.27,31.82,0,0,0,0
2026-03-27,12,3,2026-03-27 16:09:00,5,サンテレビ杯争奪ボートの時間!ご視聴ありがとう競走,4,4872,山下 流心,3,33,54.4,0,0,0.16,4.47,24.3,38.32,0,0,0,0,0,0,0
2026-03-27,12,3,2026-03-27 16:09:00,5,サンテレビ杯争奪ボートの時間!ご視聴ありがとう競走,5,3963,原田 秀弥,3,47,54.9,0,0,0.16,5.79,37.62,58.42,6.05,45.61,61.4,0,0,0,0
2026-03-27,12,3,2026-03-27 16:09:00,5,サンテレビ杯争奪ボートの時間!ご視聴ありがとう競走,6,3516,吉原 聖人,3,58,51.5,1,0,0.17,3.5,14.1,24.36,4.31,23.08,30.77,0,0,0,0
2026-03-27,12,4,2026-03-27 16:35:00,5,サンテレビ杯争奪ボートの時間!ご視聴ありがとう競走,1,5109,川崎 智稔,3,26,52,0,0,0.14,4.95,27.27,46.46,5.3,30,50,0,0,0,0
2026-03-27,12,4,2026-03-27 16:35:00,5,サンテレビ杯争奪ボートの時間!ご視聴ありがとう競走,2,3340,池田 雷太,3,60,52,0,0,0.19,4.54,24.75,35.64,3.38,6.25,18.75,0,0,0,0
2026-03-27,12,4,2026-03-27 16:35:00,5,サンテレビ杯争奪ボートの時間!ご視聴ありがとう競走,3,5246,楠 将太郎,3,24,52,0,0,0.19,5.3,36.11,53.7,3.24,17.65,23.53,0,0,0,0
2026-03-27,12,4,2026-03-27 16:35:00,5,サンテレビ杯争奪ボートの時間!ご視聴ありがとう競走,4,4430,永田 秀二,2,40,55.2,0,0,0.17,6.15,43.2,60.8,5.91,43.48,56.52,0,0,0,0
2026-03-27,12,4,2026-03-27 16:35:00,5,サンテレビ杯争奪ボートの時間!ご視聴ありがとう競走,5,4171,榎 幸司,2,43,52.5,0,0,0.17,6.28,43.75,64.06,6.45,52.27,59.09,0,0,0,0
2026-03-27,12,4,2026-03-27 16:35:00,5,サンテレビ杯争奪ボートの時間!ご視聴ありがとう競走,6,5147,田中 勇輔,4,32,52,0,0,0.16,4.01,19.51,34.15,0,0,0,0,0,0,0
2026-03-27,12,5,2026-03-27 17:02:00,5,サンテレビ杯争奪ボートの時間!ご視聴ありがとう競走,1,4579,中嶋 健一郎,1,36,52.1,0,0,0.16,5.95,36.21,58.62,6.69,50,68.75,0,0,0,0
2026-03-27,12,5,2026-03-27 17:02:00,5,サンテレビ杯争奪ボートの時間!ご視聴ありがとう競走,2,3635,石田 政吾,3,55,52.6,0,0,0.16,4.82,38.14,46.39,4.55,22.58,41.94,0,0,0,0
2026-03-27,12,5,2026-03-27 17:02:00,5,サンテレビ杯争奪ボートの時間!ご視聴ありがとう競走,3,4390,松本 弓雄,3,39,52.5,0,0,0.21,4.51,21.05,37.89,2,0,10,0,0,0,0
2026-03-27,12,5,2026-03-27 17:02:00,5,サンテレビ杯争奪ボートの時間!ご視聴ありがとう競走,4,5350,網代 良芽,3,22,52,0,0,0.18,4.28,19.15,38.3,2.41,5.88,5.88,0,0,0,0
2026-03-27,12,5,2026-03-27 17:02:00,5,サンテレビ杯争奪ボートの時間!ご視聴ありがとう競走,5,5439,志賀 美優,4,20,49.1,1,0,,1.45,1.82,3.64,0,0,0,0,0,0,0
2026-03-27,12,5,2026-03-27 17:02:00,5,サンテレビ杯争奪ボートの時間!ご視聴ありがとう競走,6,3349,吉田 一郎,2,58,52.1,0,0,0.16,6.04,41.04,59.7,5.1,32.26,45.16,0,0,0,0
2026-03-27,12,6,2026-03-27 17:28:00,5,サンテレビ杯争奪ボートの時間!ご視聴ありがとう競走,1,5277,井上 未都,3,23,46.5,0,0,0.15,5.29,28.57,54.29,0,0,0,0,0,0,0
2026-03-27,12,6,2026-03-27 17:28:00,5,サンテレビ杯争奪ボートの時間!ご視聴ありがとう競走,2,3289,高橋 淳美,3,62,45,0,0,0.2,3.76,15.15,21.21,3.92,12.24,30.61,0,0,0,0
2026-03-27,12,6,2026-03-27 17:28:00,5,サンテレビ杯争奪ボートの時間!ご視聴ありがとう競走,3,4874,池田 奈津美,3,32,51.9,0,0,0.14,4.58,24.68,42.86,5.03,33.33,43.33,0,0,0,0
2026-03-27,12,6,2026-03-27 17:28:00,5,サンテレビ杯争奪ボートの時間!ご視聴ありがとう競走,4,5203,神里 琴音,3,21,44,0,0,0.15,4.33,25,41,0,0,0,0,0,0,0
2026-03-27,12,6,2026-03-27 17:28:00,5,サンテレビ杯争奪ボートの時間!ご視聴ありがとう競走,5,4720,西澤 日花里,3,31,47.5,0,0,0.19,4.27,15.48,40.48,5.31,23.08,53.85,0,0,0,0
2026-03-27,12,6,2026-03-27 17:28:00,5,サンテレビ杯争奪ボートの時間!ご視聴ありがとう競走,6,4897,深見 亜由美,4,34,45.5,0,0,0.2,3.9,14.61,29.21,0,0,0,0,0,0,0
2026-03-27,12,7,2026-03-27 17:52:00,5,サンテレビ杯争奪ボートの時間!ご視聴ありがとう競走,1,3984,坂口 周,2,48,53.5,0,0,0.17,6.55,45.31,64.06,5.73,36.67,46.67,0,0,0,0
2026-03-27,12,7,2026-03-27 17:52:00,5,サンテレビ杯争奪ボートの時間!ご視聴ありがとう競走,2,3983,須藤 博倫,2,48,52,0,0,0.14,6.09,37.8,57.48,5.95,35.14,45.95,0,0,0,0
2026-03-27,12,7,2026-03-27 17:52:00,5,サンテレビ杯争奪ボートの時間!ご視聴ありがとう競走,3,4776,竹田 和哉,1,32,52.8,0,0,0.15,6.8,52.85,68.29,3.5,16.67,33.33,0,0,0,0
2026-03-27,12,7,2026-03-27 17:52:00,5,サンテレビ杯争奪ボートの時間!ご視聴ありがとう競走,4,4731,間野 兼礼,3,36,52.8,1,0,0.15,5.26,37.5,53.75,4.4,20,40,0,0,0,0
2026-03-27,12,7,2026-03-27 17:52:00,5,サンテレビ杯争奪ボートの時間!ご視聴ありがとう競走,5,5431,得山 大輝,4,21,52,0,0,,1.35,0,0,0,0,0,0,0,0,0
2026-03-27,12,7,2026-03-27 17:52:00,5,サンテレビ杯争奪ボートの時間!ご視聴ありがとう競走,6,5348,小林 甘寧,3,22,52.9,0,0,0.19,3.75,19.4,32.84,4.22,22.22,44.44,0,0,0,0
2026-03-27,12,8,2026-03-27 18:17:00,5,サンテレビ杯争奪ボートの時間!ご視聴ありがとう競走,1,4619,伏田 裕隆,2,43,52,0,0,0.16,4.79,28.57,43.96,4.75,29.17,41.67,0,0,0,0
2026-03-27,12,8,2026-03-27 18:17:00,5,サンテレビ杯争奪ボートの時間!ご視聴ありがとう競走,2,3915,繁野谷 圭介,2,51,52.1,0,0,0.17,5.89,39.66,61.21,5.47,41.67,53.33,0,0,0,0
2026-03-27,12,8,2026-03-27 18:17:00,5,サンテレビ杯争奪ボートの時間!ご視聴ありがとう競走,3,5147,田中 勇輔,4,32,52,0,0,0.16,4.01,19.51,34.15,0,0,0,0,0,0,0
2026-03-27,12,8,2026-03-27 18:17:00,5,サンテレビ杯争奪ボートの時間!ご視聴ありがとう競走,4,3771,折下 寛法,3,52,52,0,0,0.16,5.31,31.63,56.12,5.54,34.62,53.85,0,0,0,0
2026-03-27,12,8,2026-03-27 18:17:00,5,サンテレビ杯争奪ボートの時間!ご視聴ありがとう競走,5,3910,松下 知幸,3,52,51.5,0,0,0.16,4.16,19.15,34.04,3.4,13.33,26.67,0,0,0,0
2026-03-27,12,8,2026-03-27 18:17:00,5,サンテレビ杯争奪ボートの時間!ご視聴ありがとう競走,6,4886,入海 馨,1,30,52.6,1,0,0.14,6.61,41.53,63.56,7.57,50,71.43,0,0,0,0
2026-03-27,12,9,2026-03-27 18:48:00,5,サンテレビ杯争奪ボートの時間!ご視聴ありがとう競走,1,3951,石川 吉鎬,2,49,57,1,0,0.18,5.31,31,52,5.47,36.99,53.42,0,0,0,0
2026-03-27,12,9,2026-03-27 18:48:00,5,サンテレビ杯争奪ボートの時間!ご視聴ありがとう競走,2,3699,富永 正人,3,53,52.2,1,0,0.17,4.2,19.51,35.37,5.2,40,46.67,0,0,0,0
2026-03-27,12,9,2026-03-27 18:48:00,5,サンテレビ杯争奪ボートの時間!ご視聴ありがとう競走,3,4191,赤羽 克也,2,44,52.8,0,0,0.17,6.17,46.36,62.73,6,42.86,57.14,0,0,0,0
2026-03-27,12,9,2026-03-27 18:48:00,5,サンテレビ杯争奪ボートの時間!ご視聴ありがとう競走,4,3587,武田 信一,3,52,58.6,0,0,0.17,4.14,18.02,31.53,3.73,27.27,31.82,0,0,0,0
2026-03-27,12,9,2026-03-27 18:48:00,5,サンテレビ杯争奪ボートの時間!ご視聴ありがとう競走,5,4229,市川 美宏,3,42,52.7,0,0,0.18,3.58,13.16,28.95,4.42,21.05,36.84,0,0,0,0
2026-03-27,12,9,2026-03-27 18:48:00,5,サンテレビ杯争奪ボートの時間!ご視聴ありがとう競走,6,4390,松本 弓雄,3,39,52.5,0,0,0.21,4.51,21.05,37.89,2,0,10,0,0,0,0
2026-03-27,12,10,2026-03-27 19:20:00,5,サンテレビ杯争奪ボートの時間!ご視聴ありがとう競走,1,3963,原田 秀弥,3,47,54.9,0,0,0.16,5.79,37.62,58.42,6.05,45.61,61.4,0,0,0,0
2026-03-27,12,10,2026-03-27 19:20:00,5,サンテレビ杯争奪ボートの時間!ご視聴ありがとう競走,2,4579,中嶋 健一郎,1,36,52.1,0,0,0.16,5.95,36.21,58.62,6.69,50,68.75,0,0,0,0
2026-03-27,12,10,2026-03-27 19:20:00,5,サンテレビ杯争奪ボートの時間!ご視聴ありがとう競走,3,5277,井上 未都,3,23,46.5,0,0,0.15,5.29,28.57,54.29,0,0,0,0,0,0,0
2026-03-27,12,10,2026-03-27 19:20:00,5,サンテレビ杯争奪ボートの時間!ご視聴ありがとう競走,4,5246,楠 将太郎,3,24,52,0,0,0.19,5.3,36.11,53.7,3.24,17.65,23.53,0,0,0,0
2026-03-27,12,10,2026-03-27 19:20:00,5,サンテレビ杯争奪ボートの時間!ご視聴ありがとう競走,5,4618,乃村 康友,3,43,54.8,0,0,0.17,4.81,24.42,48.84,5.38,37.5,43.75,0,0,0,0
2026-03-27,12,10,2026-03-27 19:20:00,5,サンテレビ杯争奪ボートの時間!ご視聴ありがとう競走,6,3635,石田 政吾,3,55,52.6,0,0,0.16,4.82,38.14,46.39,4.55,22.58,41.94,0,0,0,0
2026-03-27,12,11,2026-03-27 19:54:00,5,サンテレビ杯争奪ボートの時間!ご視聴ありがとう競走,1,3349,吉田 一郎,2,58,52.1,0,0,0.16,6.04,41.04,59.7,5.1,32.26,45.16,0,0,0,0
2026-03-27,12,11,2026-03-27 19:54:00,5,サンテレビ杯争奪ボートの時間!ご視聴ありがとう競走,2,4776,竹田 和哉,1,32,52.8,0,0,0.15,6.8,52.85,68.29,3.5,16.67,33.33,0,0,0,0
2026-03-27,12,11,2026-03-27 19:54:00,5,サンテレビ杯争奪ボートの時間!ご視聴ありがとう競走,3,3984,坂口 周,2,48,53.5,0,0,0.17,6.55,45.31,64.06,5.73,36.67,46.67,0,0,0,0
2026-03-27,12,11,2026-03-27 19:54:00,5,サンテレビ杯争奪ボートの時間!ご視聴ありがとう競走,4,3333,丸尾 義孝,2,57,52,0,0,0.14,6.12,41.86,61.24,5,25,55,0,0,0,0
2026-03-27,12,11,2026-03-27 19:54:00,5,サンテレビ杯争奪ボートの時間!ご視聴ありがとう競走,5,3340,池田 雷太,3,60,52,0,0,0.19,4.54,24.75,35.64,3.38,6.25,18.75,0,0,0,0
2026-03-27,12,11,2026-03-27 19:54:00,5,サンテレビ杯争奪ボートの時間!ご視聴ありがとう競走,6,5109,川崎 智稔,3,26,52,0,0,0.14,4.95,27.27,46.46,5.3,30,50,0,0,0,0
2026-03-27,12,12,2026-03-27 20:30:00,5,サンテレビ杯争奪ボートの時間!ご視聴ありがとう競走,1,4524,深谷 知博,1,37,52,0,0,0.12,6.83,40.32,58.06,7.22,48.78,58.54,0,0,0,0
2026-03-27,12,12,2026-03-27 20:30:00,5,サンテレビ杯争奪ボートの時間!ご視聴ありがとう競走,2,4266,長田 頼宗,1,40,52,0,0,0.14,6.42,40.71,56.64,6.82,38.46,56.41,0,0,0,0
2026-03-27,12,12,2026-03-27 20:30:00,5,サンテレビ杯争奪ボートの時間!ご視聴ありがとう競走,3,3837,秋山 広一,2,50,52.4,1,0,0.15,6.03,41.57,61.8,0,0,0,0,0,0,0
2026-03-27,12,12,2026-03-27 20:30:00,5,サンテレビ杯争奪ボートの時間!ご視聴ありがとう競走,4,4433,川野 芽唯,1,39,47,0,0,0.19,6.74,46.61,66.95,4.63,0,62.5,0,0,0,0
2026-03-27,12,12,2026-03-27 20:30:00,5,サンテレビ杯争奪ボートの時間!ご視聴ありがとう競走,5,4290,稲田 浩二,1,41,52,0,0,0.13,6.88,47.83,64.13,6.88,43.9,58.54,0,0,0,0
2026-03-27,12,12,2026-03-27 20:30:00,5,サンテレビ杯争奪ボートの時間!ご視聴ありがとう競走,6,4061,萩原 秀人,1,46,52,0,0,0.13,6.91,46.72,69.34,6.5,36.67,60,0,0,0,0
2026-03-27,13,1,2026-03-27 10:40:00,5,阪神電車 ジェット・シルバー杯,1,3867,松浦 勝,3,50,57.8,0,0,0.16,3.88,17.71,31.25,0,0,0,39.01,54.26,34.91,49.53
2026-03-27,13,1,2026-03-27 10:40:00,5,阪神電車 ジェット・シルバー杯,2,5091,為本 智也,3,25,52.4,1,0,0.15,5.91,41.33,60,0,0,0,31.34,47.47,36.95,52.22
2026-03-27,13,1,2026-03-27 10:40:00,5,阪神電車 ジェット・シルバー杯,3,4543,重木 輝彦,1,38,52,0,0,0.17,6.48,45.95,65.77,6.56,48.75,65,30.14,48.86,34.76,56.67
2026-03-27,13,1,2026-03-27 10:40:00,5,阪神電車 ジェット・シルバー杯,4,4368,山口 隆史,3,40,53.5,0,0,0.19,3.65,14.29,26.37,4.47,23.53,41.18,39.91,60.99,33.33,52.94
2026-03-27,13,1,2026-03-27 10:40:00,5,阪神電車 ジェット・シルバー杯,5,4893,渡邉 真奈美,3,35,47.4,0,0,0.17,5.18,32.43,48.65,5,25,50,32.58,41.18,43.81,60
2026-03-27,13,1,2026-03-27 10:40:00,5,阪神電車 ジェット・シルバー杯,6,5400,高村 諒,4,23,52.7,0,0,0.2,1.82,1.41,5.63,0,0,0,32.56,53.95,32.08,44.34
2026-03-27,13,2,2026-03-27 11:10:00,5,阪神電車 ジェット・シルバー杯,1,4257,古川 健,3,42,52,0,0,0.16,4.45,26.44,34.48,3.57,14.29,42.86,29.73,50.9,44.12,58.82
2026-03-27,13,2,2026-03-27 11:10:00,5,阪神電車 ジェット・シルバー杯,2,4040,廣瀬 将亨,2,47,56,0,0,0.15,5.75,38.76,55.81,5.88,40.74,58.02,41.26,57.4,29.35,46.77
2026-03-27,13,2,2026-03-27 11:10:00,5,阪神電車 ジェット・シルバー杯,3,4614,石倉 洋行,1,46,53.5,1,0,0.14,6.35,43.36,64.6,0,0,0,35.43,55.61,36.13,53.4
2026-03-27,13,2,2026-03-27 11:10:00,5,阪神電車 ジェット・シルバー杯,4,3977,山本 兼士,3,48,52.9,0,0,0.16,4.63,23.58,42.45,4.12,23.53,41.18,38.16,58.33,42.18,58.77
2026-03-27,13,2,2026-03-27 11:10:00,5,阪神電車 ジェット・シルバー杯,5,4331,三好 勇人,2,42,54.9,0,0,0.15,5.78,36.56,58.06,5.64,42.86,57.14,40.27,51.58,37.2,51.21
2026-03-27,13,2,2026-03-27 11:10:00,5,阪神電車 ジェット・シルバー杯,6,5444,林 風音,4,17,52.9,0,0,,1.37,1.96,1.96,0,0,0,42.08,57.01,44.88,59.51
2026-03-27,13,3,2026-03-27 11:40:00,5,阪神電車 ジェット・シルバー杯,1,4888,金児 隆太,3,38,52.3,0,0,0.21,5.07,28.3,46.23,7.38,53.85,76.92,44.84,64.13,34.3,49.28
2026-03-27,13,3,2026-03-27 11:40:00,5,阪神電車 ジェット・シルバー杯,2,3613,角谷 健吾,1,53,51,0,0,0.15,6.37,50.41,65.85,7.76,66.67,80.95,30.23,40.93,33.66,52.97
2026-03-27,13,3,2026-03-27 11:40:00,5,阪神電車 ジェット・シルバー杯,3,3717,立間 充宏,3,51,55.1,0,0,0.15,5.36,30.77,52.56,5.38,25,62.5,30.94,46.64,31.53,50.25
2026-03-27,13,3,2026-03-27 11:40:00,5,阪神電車 ジェット・シルバー杯,4,5441,鈴木 雄登,4,20,49,0,0,,3.73,18.92,25.68,0,0,0,36.49,57.21,39.22,53.92
2026-03-27,13,3,2026-03-27 11:40:00,5,阪神電車 ジェット・シルバー杯,5,5218,山田 理央,2,25,47,0,0,0.15,6.21,43.36,61.95,0,0,0,30.23,47.91,26.34,41.95
2026-03-27,13,3,2026-03-27 11:40:00,5,阪神電車 ジェット・シルバー杯,6,4264,長尾 章平,1,41,52.7,0,0,0.15,6.94,52.17,70.29,7.9,80,90,39.29,54.91,30.84,45.33
2026-03-27,13,4,2026-03-27 12:18:00,5,阪神電車 ジェット・シルバー杯,1,3558,山本 浩次,3,53,52.8,0,0,0.14,4.55,22.5,41.25,5.85,38.46,53.85,33.64,47.73,29.61,46.12
2026-03-27,13,4,2026-03-27 12:18:00,5,阪神電車 ジェット・シルバー杯,2,4645,上村 純一,1,45,52.1,0,0,0.13,6.24,44.86,56.07,6.19,50,65.38,35.11,51.56,37.81,55.22
2026-03-27,13,4,2026-03-27 12:18:00,5,阪神電車 ジェット・シルバー杯,3,5319,近藤 颯斗,3,24,52,0,0,0.13,4.93,27.38,51.19,2.83,11.11,22.22,31.65,45.87,35.47,53.69
2026-03-27,13,4,2026-03-27 12:18:00,5,阪神電車 ジェット・シルバー杯,4,4057,松井 賢治,2,47,52.1,0,0,0.16,5.89,44.8,58.4,6.23,47.75,67.57,29.95,46.86,38.05,51.71
2026-03-27,13,4,2026-03-27 12:18:00,5,阪神電車 ジェット・シルバー杯,5,4270,岸本 雄貴,3,43,56.5,1,0,0.17,4.29,21.98,38.46,3.67,16.67,33.33,32.88,49.32,36.1,54.63
2026-03-27,13,4,2026-03-27 12:18:00,5,阪神電車 ジェット・シルバー杯,6,3334,角 ひとみ,2,57,45.5,0,0,0.2,5.68,40,60.83,5.21,33.33,51.28,37,59.03,33.96,50
2026-03-27,13,5,2026-03-27 12:50:00,5,阪神電車 ジェット・シルバー杯,1,4359,横川 聖志,2,41,55.5,0,0,0.13,5.16,34.09,46.59,4.94,25,43.75,33.03,50,41.5,57.5
2026-03-27,13,5,2026-03-27 12:50:00,5,阪神電車 ジェット・シルバー杯,2,4631,新井 英孝,3,38,52.5,1,0,0.15,4.8,31.11,45.56,0,0,0,34.42,53.49,37.02,62.02
2026-03-27,13,5,2026-03-27 12:50:00,5,阪神電車 ジェット・シルバー杯,3,4754,松尾 充,1,37,52,0,0,0.15,5.97,44.78,52.24,6.47,47.06,76.47,38.84,58.48,36.41,54.85
2026-03-27,13,5,2026-03-27 12:50:00,5,阪神電車 ジェット・シルバー杯,4,4978,山田 和佐,3,31,53.6,0,0,0.17,4.96,25.49,49.02,4.9,35,45,30,50.45,35.96,52.71
2026-03-27,13,5,2026-03-27 12:50:00,5,阪神電車 ジェット・シルバー杯,5,5400,高村 諒,4,23,52.7,0,0,0.2,1.82,1.41,5.63,0,0,0,32.56,53.95,32.08,44.34
2026-03-27,13,5,2026-03-27 12:50:00,5,阪神電車 ジェット・シルバー杯,6,3612,馬袋 義則,1,53,52.2,0,0,0.13,6.3,49.22,65.63,6.31,49.45,62.64,36.61,54.91,33.5,57.5
2026-03-27,13,6,2026-03-27 13:18:00,5,阪神電車 ジェット・シルバー杯,1,4793,金子 萌,2,35,52,0,0,0.14,6.25,46.36,63.64,5,27.27,45.45,37.44,50.68,33.8,49.3
2026-03-27,13,6,2026-03-27 13:18:00,5,阪神電車 ジェット・シルバー杯,2,4890,石川 諒,3,37,52,0,0,0.13,5.61,34.34,58.59,0,0,0,44.14,63.51,35.35,57.07
2026-03-27,13,6,2026-03-27 13:18:00,5,阪神電車 ジェット・シルバー杯,3,4034,西原 明生,3,47,54.3,1,0,0.18,3.79,16.47,27.06,3.81,18.75,31.25,38.53,52.29,33.02,51.42
2026-03-27,13,6,2026-03-27 13:18:00,5,阪神電車 ジェット・シルバー杯,4,4482,守屋 美穂,1,37,45.5,1,0,0.16,6.58,44.96,62.79,8.63,66.67,92.59,31.6,43.4,33.97,49.28
2026-03-27,13,6,2026-03-27 13:18:00,5,阪神電車 ジェット・シルバー杯,5,3804,中渡 修作,3,51,54.1,0,0,0.17,5.06,33.98,49.51,2.89,0,22.22,32.58,49.32,39.3,57.21
2026-03-27,13,6,2026-03-27 13:18:00,5,阪神電車 ジェット・シルバー杯,6,5091,為本 智也,3,25,52.4,1,0,0.15,5.91,41.33,60,0,0,0,31.34,47.47,36.95,52.22
2026-03-27,13,7,2026-03-27 13:45:00,5,阪神電車 ジェット・シルバー杯,1,4891,寺島 美里,3,36,47,0,0,0.15,4.83,23.86,43.18,6.7,50,65,33.95,50.23,33.98,50.97
2026-03-27,13,7,2026-03-27 13:45:00,5,阪神電車 ジェット・シルバー杯,2,3968,茶谷 信次,2,49,52,0,0,0.16,6.12,36.13,64.71,6.33,33.33,80,35.51,47.66,30.92,45.41
2026-03-27,13,7,2026-03-27 13:45:00,5,阪神電車 ジェット・シルバー杯,3,4709,岡村 将也,2,36,54.9,0,0,0.16,5.61,39.42,56.73,4.86,28.57,57.14,36.49,54.03,35.58,51.92
2026-03-27,13,7,2026-03-27 13:45:00,5,阪神電車 ジェット・シルバー杯,4,4826,井上 一輝,1,31,52,0,0,0.13,6.78,49.65,63.64,7.15,53.85,65.38,45.09,64.29,40.95,58.57
2026-03-27,13,7,2026-03-27 13:45:00,5,阪神電車 ジェット・シルバー杯,5,4257,古川 健,3,42,52,0,0,0.16,4.45,26.44,34.48,3.57,14.29,42.86,29.73,50.9,44.12,58.82
2026-03-27,13,7,2026-03-27 13:45:00,5,阪神電車 ジェット・シルバー杯,6,4207,松下 一也,2,43,52.3,1,0,0.12,6.27,47.2,63.2,5.92,45.95,64.86,39.55,60.45,32.37,50.72
2026-03-27,13,8,2026-03-27 14:12:00,5,阪神電車 ジェット・シルバー杯,1,4040,廣瀬 将亨,2,47,56,0,0,0.15,5.75,38.76,55.81,5.88,40.74,58.02,41.26,57.4,29.35,46.77
2026-03-27,13,8,2026-03-27 14:12:00,5,阪神電車 ジェット・シルバー杯,2,3654,武田 光史,1,52,52.1,0,0,0.15,5.81,42.27,54.64,5.76,31.03,44.83,34.11,53.74,30.29,44.71
2026-03-27,13,8,2026-03-27 14:12:00,5,阪神電車 ジェット・シルバー杯,3,4466,南 佑典,2,39,51,1,0,0.16,5.82,37.08,59.55,6.44,44.44,66.67,30.88,45.16,34.29,50
2026-03-27,13,8,2026-03-27 14:12:00,5,阪神電車 ジェット・シルバー杯,4,5248,本田 愛,3,24,47.2,1,0,0.22,4.58,21.13,46.48,3.89,10.53,42.11,31.56,45.33,37.37,52.02
2026-03-27,13,8,2026-03-27 14:12:00,5,阪神電車 ジェット・シルバー杯,5,4815,伏島 祐介,2,35,53,1,0,0.18,4.72,25.61,43.9,3.71,14.29,28.57,33.03,48.87,34.48,50.74
2026-03-27,13,8,2026-03-27 14:12:00,5,阪神電車 ジェット・シルバー杯,6,5441,鈴木 雄登,4,20,49,0,0,,3.73,18.92,25.68,0,0,0,36.49,57.21,39.22,53.92
2026-03-27,13,9,2026-03-27 14:39:00,5,阪神電車 ジェット・シルバー杯,1,5218,山田 理央,2,25,47,0,0,0.15,6.21,43.36,61.95,0,0,0,30.23,47.91,26.34,41.95
2026-03-27,13,9,2026-03-27 14:39:00,5,阪神電車 ジェット・シルバー杯,2,4893,渡邉 真奈美,3,35,47.4,0,0,0.17,5.18,32.43,48.65,5,25,50,32.58,41.18,43.81,60
2026-03-27,13,9,2026-03-27 14:39:00,5,阪神電車 ジェット・シルバー杯,3,3334,角 ひとみ,2,57,45.5,0,0,0.2,5.68,40,60.83,5.21,33.33,51.28,37,59.03,33.96,50
2026-03-27,13,9,2026-03-27 14:39:00,5,阪神電車 ジェット・シルバー杯,4,4998,中村 かなえ,4,32,47,0,0,,3.94,22.22,27.78,0,0,0,35.98,50.47,40.4,57.58
2026-03-27,13,9,2026-03-27 14:39:00,5,阪神電車 ジェット・シルバー杯,5,5340,樋江井 舞,3,24,45.5,0,0,0.18,3.74,11.96,27.17,1.89,0,0,36.07,54.34,30.43,49.76
2026-03-27,13,9,2026-03-27 14:39:00,5,阪神電車 ジェット・シルバー杯,6,4501,樋口 由加里,2,38,45.5,0,0,0.14,4.93,30.47,42.97,7.35,55,80,38.29,53.6,35.92,52.91
2026-03-27,13,10,2026-03-27 15:08:00,5,阪神電車 ジェット・シルバー杯,1,4543,重木 輝彦,1,38,51.5,0,0,0.17,6.48,45.95,65.77,6.56,48.75,65,30.14,48.86,34.76,56.67
2026-03-27,13,10,2026-03-27 15:08:00,5,阪神電車 ジェット・シルバー杯,2,3977,山本 兼士,3,48,52.8,0,0,0.16,4.63,23.58,42.45,4.12,23.53,41.18,38.16,58.33,42.18,58.77
2026-03-27,13,10,2026-03-27 15:08:00,5,阪神電車 ジェット・シルバー杯,3,4793,金子 萌,2,35,51.5,0,0,0.14,6.25,46.36,63.64,5,27.27,45.45,37.44,50.68,33.8,49.3
2026-03-27,13,10,2026-03-27 15:08:00,5,阪神電車 ジェット・シルバー杯,4,3613,角谷 健吾,1,53,51,0,0,0.15,6.37,50.41,65.85,7.76,66.67,80.95,30.23,40.93,33.66,52.97
2026-03-27,13,10,2026-03-27 15:08:00,5,阪神電車 ジェット・シルバー杯,5,4359,横川 聖志,2,41,55.3,0,0,0.13,5.16,34.09,46.59,4.94,25,43.75,33.03,50,41.5,57.5
2026-03-27,13,10,2026-03-27 15:08:00,5,阪神電車 ジェット・シルバー杯,6,5319,近藤 颯斗,3,24,52,0,0,0.13,4.93,27.38,51.19,2.83,11.11,22.22,31.65,45.87,35.47,53.69
2026-03-27,13,11,2026-03-27 15:35:00,5,阪神電車 ジェット・シルバー杯,1,4826,井上 一輝,1,31,52,0,0,0.13,6.78,49.65,63.64,7.15,53.85,65.38,45.09,64.29,40.95,58.57
2026-03-27,13,11,2026-03-27 15:35:00,5,阪神電車 ジェット・シルバー杯,2,4057,松井 賢治,2,47,52.1,0,0,0.16,5.89,44.8,58.4,6.23,47.75,67.57,29.95,46.86,38.05,51.71
2026-03-27,13,11,2026-03-27 15:35:00,5,阪神電車 ジェット・シルバー杯,3,4331,三好 勇人,2,42,54.9,0,0,0.15,5.78,36.56,58.06,5.64,42.86,57.14,40.27,51.58,37.2,51.21
2026-03-27,13,11,2026-03-27 15:35:00,5,阪神電車 ジェット・シルバー杯,4,4754,松尾 充,1,37,52,0,0,0.15,5.97,44.78,52.24,6.47,47.06,76.47,38.84,58.48,36.41,54.85
2026-03-27,13,11,2026-03-27 15:35:00,5,阪神電車 ジェット・シルバー杯,5,3717,立間 充宏,3,51,55.1,0,0,0.15,5.36,30.77,52.56,5.38,25,62.5,30.94,46.64,31.53,50.25
2026-03-27,13,11,2026-03-27 15:35:00,5,阪神電車 ジェット・シルバー杯,6,4890,石川 諒,3,37,52,0,0,0.13,5.61,34.34,58.59,0,0,0,44.14,63.51,35.35,57.07
2026-03-27,13,12,2026-03-27 16:04:00,5,阪神電車 ジェット・シルバー杯,1,4482,守屋 美穂,1,37,45.5,1,0,0.16,6.58,44.96,62.79,8.63,66.67,92.59,31.6,43.4,33.97,49.28
2026-03-27,13,12,2026-03-27 16:04:00,5,阪神電車 ジェット・シルバー杯,2,3612,馬袋 義則,1,53,52.2,0,0,0.13,6.3,49.22,65.63,6.31,49.45,62.64,36.61,54.91,33.5,57.5
2026-03-27,13,12,2026-03-27 16:04:00,5,阪神電車 ジェット・シルバー杯,3,4264,長尾 章平,1,41,52.7,0,0,0.15,6.94,52.17,70.29,7.9,80,90,39.29,54.91,30.84,45.33
2026-03-27,13,12,2026-03-27 16:04:00,5,阪神電車 ジェット・シルバー杯,4,3654,武田 光史,1,52,52.1,0,0,0.15,5.81,42.27,54.64,5.76,31.03,44.83,34.11,53.74,30.29,44.71
2026-03-27,13,12,2026-03-27 16:04:00,5,阪神電車 ジェット・シルバー杯,5,4645,上村 純一,1,45,52.1,0,0,0.13,6.24,44.86,56.07,6.19,50,65.38,35.11,51.56,37.81,55.22
2026-03-27,13,12,2026-03-27 16:04:00,5,阪神電車 ジェット・シルバー杯,6,4614,石倉 洋行,1,46,53.5,1,0,0.14,6.35,43.36,64.6,0,0,0,35.43,55.61,36.13,53.4
2026-03-27,16,1,2026-03-27 10:50:00,5,第7回児島商工会議所会頭賞,1,5205,刑部 亜里紗,2,28,49,0,0,0.19,5.6,37.39,53.91,0,0,0,39.77,48.86,29.63,44.44
2026-03-27,16,1,2026-03-27 10:50:00,5,第7回児島商工会議所会頭賞,2,3509,池 千夏,3,54,49.4,0,0,0.14,3.72,18.03,29.51,3.71,11.76,23.53,25.84,42.7,35.8,54.32
2026-03-27,16,1,2026-03-27 10:50:00,5,第7回児島商工会議所会頭賞,3,5317,長尾 萌加,3,25,45.5,0,0,0.18,4.81,20,45,3.76,15.12,32.56,46.51,65.12,32.93,51.22
2026-03-27,16,1,2026-03-27 10:50:00,5,第7回児島商工会議所会頭賞,4,4714,喜多須 杏奈,3,35,49.2,1,0,0.17,4.87,26.32,47.37,0,0,0,18.6,37.21,23.46,35.8
2026-03-27,16,1,2026-03-27 10:50:00,5,第7回児島商工会議所会頭賞,5,4414,大澤 真菜,3,39,46.5,0,0,0.17,4.04,24.66,31.51,3.11,11.11,11.11,38.2,50.56,46.99,62.65
2026-03-27,16,1,2026-03-27 10:50:00,5,第7回児島商工会議所会頭賞,6,5362,中嶋 世奈,4,19,49.7,1,0,0.18,1.78,0,5.17,1.44,0,0,45.35,55.81,30.95,48.81
2026-03-27,16,2,2026-03-27 11:20:00,5,第7回児島商工会議所会頭賞,1,4563,齋藤 真之,3,38,53.8,0,0,0.18,4.02,21.11,31.11,3.98,18.75,29.69,44.32,59.09,40,55
2026-03-27,16,2,2026-03-27 11:20:00,5,第7回児島商工会議所会頭賞,2,3568,木村 光宏,3,55,55.2,0,0,0.17,4.35,28.4,38.27,4.86,37.93,41.38,41.38,55.17,38.27,54.32
2026-03-27,16,2,2026-03-27 11:20:00,5,第7回児島商工会議所会頭賞,3,4422,永井 亮次,3,37,52.4,0,0,0.17,4.91,35.79,48.42,4.68,26.32,42.11,40.96,55.42,25.32,43.04
2026-03-27,16,2,2026-03-27 11:20:00,5,第7回児島商工会議所会頭賞,4,5177,松井 貫太,3,29,52,0,0,0.2,4.09,19.1,34.83,4.68,25,39.29,29.76,42.86,32.91,45.57
2026-03-27,16,2,2026-03-27 11:20:00,5,第7回児島商工会議所会頭賞,5,4041,小林 基樹,4,46,53,0,0,0.22,3.96,15.07,31.51,4.3,10,40,31.25,51.25,31.25,45
2026-03-27,16,2,2026-03-27 11:20:00,5,第7回児島商工会議所会頭賞,6,5388,佐野 優都,3,19,51.5,0,0,0.15,4.59,22.55,41.18,1.44,0,0,24.72,40.45,28.21,47.44
2026-03-27,16,3,2026-03-27 11:50:00,5,第7回児島商工会議所会頭賞,1,3955,眞田 英二,3,48,52,0,0,0.17,4.46,14.29,41.07,5.1,34.48,51.72,55.95,79.76,25,38.1
2026-03-27,16,3,2026-03-27 11:50:00,5,第7回児島商工会議所会頭賞,2,4288,永田 啓二,1,41,52.4,0,0,0.13,7.06,54.93,73.94,0,0,0,35.96,53.93,43.59,64.1
2026-03-27,16,3,2026-03-27 11:50:00,5,第7回児島商工会議所会頭賞,3,5000,岡本 翔太郎,3,31,52,0,0,0.13,4.41,23.26,37.21,4.16,16.13,32.26,30.59,38.82,38.75,55
2026-03-27,16,3,2026-03-27 11:50:00,5,第7回児島商工会議所会頭賞,4,5353,草川 壮良,3,21,52.2,0,0,0.18,2.93,9.72,15.28,2.04,3.7,3.7,18.82,34.12,33.33,47.62
2026-03-27,16,3,2026-03-27 11:50:00,5,第7回児島商工会議所会頭賞,5,4369,丹下 将,2,40,55.7,0,0,0.16,6.02,43.51,61.07,0,0,0,37.35,62.65,38.3,63.83
2026-03-27,16,3,2026-03-27 11:50:00,5,第7回児島商工会議所会頭賞,6,4635,峰重 力也,3,36,52.2,0,0,0.15,5.46,39.29,51.19,5.4,34.55,54.55,26.74,40.7,32.91,54.43
2026-03-27,16,4,2026-03-27 12:22:00,5,第7回児島商工会議所会頭賞,1,4105,松下 直也,3,46,52.2,0,0,0.17,5.29,30.23,53.49,5.05,18.92,48.65,33.33,49.43,25.61,41.46
2026-03-27,16,4,2026-03-27 12:22:00,5,第7回児島商工会議所会頭賞,2,4839,四宮 与寛,2,35,52.1,0,0,0.12,5.17,36.62,52.11,5.59,35.9,53.85,40,55,23.08,35.9
2026-03-27,16,4,2026-03-27 12:22:00,5,第7回児島商工会議所会頭賞,3,3746,岡瀬 正人,2,51,52,0,0,0.17,5.69,37.4,58.02,6.03,43.84,60.96,32.22,43.33,28.81,54.24
2026-03-27,16,4,2026-03-27 12:22:00,5,第7回児島商工会議所会頭賞,4,3966,作間 章,1,46,53.3,0,0,0.18,6.65,47.83,70.29,5.97,41.94,64.52,27.78,46.67,28.4,45.68
2026-03-27,16,4,2026-03-27 12:22:00,5,第7回児島商工会議所会頭賞,5,5392,安武 一也,4,25,52.4,0,0,0.2,1.49,2.63,2.63,1.71,0,0,20.48,26.51,33.78,59.46
2026-03-27,16,4,2026-03-27 12:22:00,5,第7回児島商工会議所会頭賞,6,4175,川尻 泰輔,3,43,55.1,0,0,0.17,6.04,45.16,63.44,0,0,0,44.44,58.89,25.33,42.67
2026-03-27,16,5,2026-03-27 12:52:00,5,第7回児島商工会議所会頭賞,1,5222,津田 陸翔,2,25,52.6,0,0,0.16,6.11,43.75,65.18,5.38,25,50,39.53,55.81,29.11,49.37
2026-03-27,16,5,2026-03-27 12:52:00,5,第7回児島商工会議所会頭賞,2,3945,橋口 真樹,3,50,52.1,0,0,0.2,3.79,18.31,28.17,4.68,26.32,36.84,24.71,44.71,26.19,33.33
2026-03-27,16,5,2026-03-27 12:52:00,5,第7回児島商工会議所会頭賞,3,4761,山田 晃大,2,36,52.8,0,0,0.13,5.58,37.29,54.24,7.27,54.55,81.82,42.86,66.67,28.57,45.71
2026-03-27,16,5,2026-03-27 12:52:00,5,第7回児島商工会議所会頭賞,4,3744,徳増 秀樹,1,51,53.4,0,0,0.13,6.31,47.15,60.98,5.78,44.44,44.44,34.83,52.81,35.9,60.26
2026-03-27,16,5,2026-03-27 12:52:00,5,第7回児島商工会議所会頭賞,5,4404,岸蔭 亮,3,40,52.4,0,0,0.18,3.91,19.59,31.96,4.47,35.29,47.06,21.84,43.68,44.3,56.96
2026-03-27,16,5,2026-03-27 12:52:00,5,第7回児島商工会議所会頭賞,6,5426,甲斐 貴大,4,23,54.2,0,0,,1.1,0,0,0,0,0,32.58,49.44,34.15,41.46
2026-03-27,16,6,2026-03-27 13:22:00,5,第7回児島商工会議所会頭賞,1,4643,近江 翔吾,1,33,52.3,1,0,0.14,6.11,43.3,58.76,6.71,50,68.42,26.44,40.23,34.15,46.34
2026-03-27,16,6,2026-03-27 13:22:00,5,第7回児島商工会議所会頭賞,2,4058,野末 智一,2,47,51,0,0,0.19,6.17,44.92,66.1,5.39,25.81,54.84,27.71,45.78,38.75,55
2026-03-27,16,6,2026-03-27 13:22:00,5,第7回児島商工会議所会頭賞,3,3888,山本 英志,2,51,51,0,0,0.15,5.53,36.75,52.99,5,31.03,41.38,30.23,43.02,40.51,69.62
2026-03-27,16,6,2026-03-27 13:22:00,5,第7回児島商工会議所会頭賞,4,5380,野田 亜湖,4,21,52.4,0,0,0.3,1.19,0,0,0,0,0,23.33,53.33,34.57,54.32
2026-03-27,16,6,2026-03-27 13:22:00,5,第7回児島商工会議所会頭賞,5,3664,鈴木 賢一,3,56,57.7,0,0,0.17,4.6,21.35,48.31,0,0,0,40,54.12,36.84,47.37
2026-03-27,16,6,2026-03-27 13:22:00,5,第7回児島商工会議所会頭賞,6,3566,川添 英正,3,55,52.1,0,0,0.18,5.02,26.37,51.65,6.55,45.45,81.82,43.02,65.12,40.96,55.42
2026-03-27,16,7,2026-03-27 13:53:00,5,第7回児島商工会議所会頭賞,1,5236,小宮 涼雅,3,27,52.5,0,0,0.19,3.62,17.35,32.65,3.79,7.35,30.88,31.03,50.57,31.71,51.22
2026-03-27,16,7,2026-03-27 13:53:00,5,第7回児島商工会議所会頭賞,2,4563,齋藤 真之,3,38,53.8,0,0,0.18,4.02,21.11,31.11,3.98,18.75,29.69,44.32,59.09,40,55
2026-03-27,16,7,2026-03-27 13:53:00,5,第7回児島商工会議所会頭賞,3,4451,松崎 祐太郎,1,38,52,0,0,0.16,6.07,40.91,62.12,6.91,45.45,81.82,20.25,32.91,22.22,43.06
2026-03-27,16,7,2026-03-27 13:53:00,5,第7回児島商工会議所会頭賞,4,3908,重成 一人,1,47,58,1,0,0.14,6.8,47.71,61.47,7.6,56.67,76.67,36.9,51.19,33.73,60.24
2026-03-27,16,7,2026-03-27 13:53:00,5,第7回児島商工会議所会頭賞,5,3439,大平 誉史明,2,56,51,0,0,0.15,6.28,42.73,64.55,4.46,28,38,42.05,57.95,44.3,59.49
2026-03-27,16,7,2026-03-27 13:53:00,5,第7回児島商工会議所会頭賞,6,4714,喜多須 杏奈,3,35,49.2,1,0,0.17,4.87,26.32,47.37,0,0,0,18.6,37.21,23.46,35.8
2026-03-27,16,8,2026-03-27 14:23:00,5,第7回児島商工会議所会頭賞,1,4369,丹下 将,2,40,55.7,0,0,0.16,6.02,43.51,61.07,0,0,0,37.35,62.65,38.3,63.83
2026-03-27,16,8,2026-03-27 14:23:00,5,第7回児島商工会議所会頭賞,2,5317,長尾 萌加,3,25,45.5,0,0,0.18,4.81,20,45,3.76,15.12,32.56,46.51,65.12,32.93,51.22
2026-03-27,16,8,2026-03-27 14:23:00,5,第7回児島商工会議所会頭賞,3,4794,和田 拓也,1,35,53.1,0,0,0.13,6.33,43.75,64.58,0,0,0,27.06,47.06,38.55,51.81
2026-03-27,16,8,2026-03-27 14:23:00,5,第7回児島商工会議所会頭賞,4,5388,佐野 優都,3,19,51.5,0,0,0.15,4.59,22.55,41.18,1.44,0,0,24.72,40.45,28.21,47.44
2026-03-27,16,8,2026-03-27 14:23:00,5,第7回児島商工会議所会頭賞,5,4175,川尻 泰輔,3,43,55.1,0,0,0.17,6.04,45.16,63.44,0,0,0,44.44,58.89,25.33,42.67
2026-03-27,16,8,2026-03-27 14:23:00,5,第7回児島商工会議所会頭賞,6,3920,正木 聖賢,2,51,52.9,1,0,0.15,5.4,33.71,56.18,7.15,50,75,21.18,40,33.33,52.38
2026-03-27,16,9,2026-03-27 15:02:00,5,第7回児島商工会議所会頭賞,1,4441,末永 由楽,2,39,54.3,0,0,0.14,6.51,45.9,71.31,6.39,45.05,64.86,35.23,46.59,30.95,46.43
2026-03-27,16,9,2026-03-27 15:02:00,5,第7回児島商工会議所会頭賞,2,4414,大澤 真菜,3,39,46.5,0,0,0.17,4.04,24.66,31.51,3.11,11.11,11.11,38.2,50.56,46.99,62.65
2026-03-27,16,9,2026-03-27 15:02:00,5,第7回児島商工会議所会頭賞,3,3568,木村 光宏,3,55,55.2,0,0,0.17,4.35,28.4,38.27,4.86,37.93,41.38,41.38,55.17,38.27,54.32
2026-03-27,16,9,2026-03-27 15:02:00,5,第7回児島商工会議所会頭賞,4,5000,岡本 翔太郎,3,31,52,0,0,0.13,4.41,23.26,37.21,4.16,16.13,32.26,30.59,38.82,38.75,55
2026-03-27,16,9,2026-03-27 15:02:00,5,第7回児島商工会議所会頭賞,5,4839,四宮 与寛,2,35,52.1,0,0,0.12,5.17,36.62,52.11,5.59,35.9,53.85,40,55,23.08,35.9
2026-03-27,16,9,2026-03-27 15:02:00,5,第7回児島商工会議所会頭賞,6,4159,向後 龍一,2,44,51,0,0,0.15,5.75,38.1,58.73,5.55,25.81,61.29,42.67,56,25.3,44.58
2026-03-27,16,10,2026-03-27 15:40:00,5,第7回児島商工会議所会頭賞,1,4041,小林 基樹,4,46,53,0,0,0.22,3.96,15.07,31.51,4.3,10,40,31.25,51.25,31.25,45
2026-03-27,16,10,2026-03-27 15:40:00,5,第7回児島商工会議所会頭賞,2,4761,山田 晃大,2,36,52.8,0,0,0.13,5.58,37.29,54.24,7.27,54.55,81.82,42.86,66.67,28.57,45.71
2026-03-27,16,10,2026-03-27 15:40:00,5,第7回児島商工会議所会頭賞,3,4105,松下 直也,3,46,52.2,0,0,0.17,5.29,30.23,53.49,5.05,18.92,48.65,33.33,49.43,25.61,41.46
2026-03-27,16,10,2026-03-27 15:40:00,5,第7回児島商工会議所会頭賞,4,4635,峰重 力也,3,36,52.2,0,0,0.15,5.46,39.29,51.19,5.4,34.55,54.55,26.74,40.7,32.91,54.43
2026-03-27,16,10,2026-03-27 15:40:00,5,第7回児島商工会議所会頭賞,5,5205,刑部 亜里紗,2,28,49,0,0,0.19,5.6,37.39,53.91,0,0,0,39.77,48.86,29.63,44.44
2026-03-27,16,10,2026-03-27 15:40:00,5,第7回児島商工会議所会頭賞,6,3888,山本 英志,2,51,51,0,0,0.15,5.53,36.75,52.99,5,31.03,41.38,30.23,43.02,40.51,69.62
2026-03-27,16,11,2026-03-27 16:13:00,5,第7回児島商工会議所会頭賞,1,4451,松崎 祐太郎,1,38,52,0,0,0.16,6.07,40.91,62.12,6.91,45.45,81.82,20.25,32.91,22.22,43.06
2026-03-27,16,11,2026-03-27 16:13:00,5,第7回児島商工会議所会頭賞,2,3746,岡瀬 正人,2,51,52,0,0,0.17,5.69,37.4,58.02,6.03,43.84,60.96,32.22,43.33,28.81,54.24
2026-03-27,16,11,2026-03-27 16:13:00,5,第7回児島商工会議所会頭賞,3,3955,眞田 英二,3,48,52.1,0,0,0.17,4.46,14.29,41.07,5.1,34.48,51.72,55.95,79.76,25,38.1
2026-03-27,16,11,2026-03-27 16:13:00,5,第7回児島商工会議所会頭賞,4,4422,永井 亮次,3,37,52,0,0,0.17,4.91,35.79,48.42,4.68,26.32,42.11,40.96,55.42,25.32,43.04
2026-03-27,16,11,2026-03-27 16:13:00,5,第7回児島商工会議所会頭賞,5,5222,津田 陸翔,2,25,52,0,0,0.16,6.11,43.75,65.18,5.38,25,50,39.53,55.81,29.11,49.37
2026-03-27,16,11,2026-03-27 16:13:00,5,第7回児島商工会議所会頭賞,6,4058,野末 智一,2,47,50.5,0,0,0.19,6.17,44.92,66.1,5.39,25.81,54.84,27.71,45.78,38.75,55
2026-03-27,16,12,2026-03-27 16:50:00,5,第7回児島商工会議所会頭賞,1,3908,重成 一人,1,47,58,1,0,0.14,6.8,47.71,61.47,7.6,56.67,76.67,36.9,51.19,33.73,60.24
2026-03-27,16,12,2026-03-27 16:50:00,5,第7回児島商工会議所会頭賞,2,3744,徳増 秀樹,1,51,53.4,0,0,0.13,6.31,47.15,60.98,5.78,44.44,44.44,34.83,52.81,35.9,60.26
2026-03-27,16,12,2026-03-27 16:50:00,5,第7回児島商工会議所会頭賞,3,3966,作間 章,1,46,53.3,0,0,0.18,6.65,47.83,70.29,5.97,41.94,64.52,27.78,46.67,28.4,45.68
2026-03-27,16,12,2026-03-27 16:50:00,5,第7回児島商工会議所会頭賞,4,4288,永田 啓二,1,41,52.4,0,0,0.13,7.06,54.93,73.94,0,0,0,35.96,53.93,43.59,64.1
2026-03-27,16,12,2026-03-27 16:50:00,5,第7回児島商工会議所会頭賞,5,4643,近江 翔吾,1,33,52.3,1,0,0.14,6.11,43.3,58.76,6.71,50,68.42,26.44,40.23,34.15,46.34
2026-03-27,16,12,2026-03-27 16:50:00,5,第7回児島商工会議所会頭賞,6,4794,和田 拓也,1,35,53.1,0,0,0.13,6.33,43.75,64.58,0,0,0,27.06,47.06,38.55,51.81
2026-03-27,17,1,2026-03-27 10:43:00,5,中日スポーツ賞,1,4904,松本 一毅,2,31,52,0,0,0.17,5.2,33.93,52.68,6,38.46,65.38,27.03,45.05,23.33,48.89
2026-03-27,17,1,2026-03-27 10:43:00,5,中日スポーツ賞,2,4429,豊田 泰洋,3,40,56.7,1,0,0.17,3.7,13.16,27.63,4.56,25.47,37.74,26.96,40,28.28,45.45
2026-03-27,17,1,2026-03-27 10:43:00,5,中日スポーツ賞,3,3870,寺嶋 雄,3,50,52.3,0,0,0.17,4.24,24.18,34.07,5.2,30,50,24.04,36.54,34.4,50.4
2026-03-27,17,1,2026-03-27 10:43:00,5,中日スポーツ賞,4,3377,塚田 修二,3,58,53.9,0,0,0.18,3.38,14.75,26.23,0,0,0,34.65,43.56,21.28,35.11
2026-03-27,17,1,2026-03-27 10:43:00,5,中日スポーツ賞,5,3381,滝沢 芳行,3,57,52,0,0,0.15,5.32,36.96,48.91,4.88,35.29,47.06,34.51,52.21,39.05,56.19
2026-03-27,17,1,2026-03-27 10:43:00,5,中日スポーツ賞,6,5284,嘉手苅 徹哉,4,27,52,0,0,0.16,2.57,6.38,10.64,2.39,5.56,11.11,21.15,31.73,28.28,45.45
2026-03-27,17,2,2026-03-27 11:13:00,5,中日スポーツ賞,1,4803,飯田 庄吾,3,32,56,0,0,0.19,3.83,14.77,29.55,3.32,10.53,26.32,37.29,56.78,27.71,48.19
2026-03-27,17,2,2026-03-27 11:13:00,5,中日スポーツ賞,2,4518,大須賀 友,2,39,52.1,0,0,0.18,6.98,56.67,76.67,6,35,65,46.79,66.06,38.02,55.37
2026-03-27,17,2,2026-03-27 11:13:00,5,中日スポーツ賞,3,3361,岡部 浩,3,57,52,0,0,0.19,4.13,22.35,34.12,3.56,16.67,22.22,37.4,52.03,30,52.5
2026-03-27,17,2,2026-03-27 11:13:00,5,中日スポーツ賞,4,4401,小林 泰,2,41,54.4,0,0,0.14,5.3,32.67,49.5,6.65,45.16,64.52,27.37,44.21,40.16,54.1
2026-03-27,17,2,2026-03-27 11:13:00,5,中日スポーツ賞,5,3906,飯山 晃三,3,48,60.5,0,0,0.18,4.28,27.36,41.51,4.5,37.5,37.5,35.4,54.87,32.38,47.62
2026-03-27,17,2,2026-03-27 11:13:00,5,中日スポーツ賞,6,4384,鶴本 崇文,1,40,53.2,0,0,0.18,6.54,44.8,70.4,6.6,60,70,35.78,55.96,27.78,48.89
2026-03-27,17,3,2026-03-27 11:43:00,5,中日スポーツ賞,1,3461,渡邊 哲也,3,59,57.7,0,0,0.24,3.21,12.5,19.64,2.68,5.26,10.53,38.89,50.93,30,43.08
2026-03-27,17,3,2026-03-27 11:43:00,5,中日スポーツ賞,2,4379,桑島 和宏,1,41,55.4,0,0,0.16,5.8,39.37,55.91,6.33,27.78,72.22,37.93,56.9,36.36,47.73
2026-03-27,17,3,2026-03-27 11:43:00,5,中日スポーツ賞,3,3412,鈴木 博,2,56,52.4,0,0,0.16,6.65,52.42,71.77,6.36,45.45,63.64,28.71,50.5,37.5,55.56
2026-03-27,17,3,2026-03-27 11:43:00,5,中日スポーツ賞,4,3715,倉尾 大介,2,51,53.9,0,0,0.15,5.31,24.68,51.95,4.8,20,30,18.89,38.89,40.78,60.19
2026-03-27,17,3,2026-03-27 11:43:00,5,中日スポーツ賞,5,5027,重冨 勇哉,3,29,53.7,0,0,0.17,5,29.75,47.93,4.06,17.65,35.29,17.98,38.2,29.06,41.88
2026-03-27,17,3,2026-03-27 11:43:00,5,中日スポーツ賞,6,3904,森 貴洋,4,48,53.6,0,0,0.18,5.26,37.1,48.39,5.18,36.36,63.64,24.51,40.2,37.7,54.92
2026-03-27,17,4,2026-03-27 12:14:00,5,中日スポーツ賞,1,5033,藤原 孝斗,3,28,54.2,0,0,0.19,4.04,18.82,30.59,0,0,0,46.43,58.93,27,49
2026-03-27,17,4,2026-03-27 12:14:00,5,中日スポーツ賞,2,4210,松村 康太,2,42,52.2,0,0,0.17,6,35.79,67.37,6.48,33.33,71.43,23.3,36.89,32.65,55.1
2026-03-27,17,4,2026-03-27 12:14:00,5,中日スポーツ賞,3,3726,桂林 寛,4,54,54.1,1,0,0.17,4.03,22.58,37.1,4.56,11.11,55.56,30.77,45.19,27.05,44.26
2026-03-27,17,4,2026-03-27 12:14:00,5,中日スポーツ賞,4,4917,岩橋 裕馬,3,37,52.2,0,0,0.17,4.48,20,36.84,6,40,60,35.78,47.71,27.62,46.67
2026-03-27,17,4,2026-03-27 12:14:00,5,中日スポーツ賞,5,4460,後藤 翔之,2,40,54.9,0,0,0.14,6.09,41.44,63.06,7.22,77.78,77.78,35.34,46.55,32.48,52.99
2026-03-27,17,4,2026-03-27 12:14:00,5,中日スポーツ賞,6,4570,前田 聖文,1,37,53.9,1,0,0.15,6.41,47.75,68.47,6.48,41.38,55.17,37.5,54.46,30.86,54.32
2026-03-27,17,5,2026-03-27 12:46:00,5,中日スポーツ賞,1,4233,亀山 雅幸,2,42,52,0,0,0.18,5.94,40,65.45,5.9,46.67,63.33,20.88,35.16,41.6,59.2
2026-03-27,17,5,2026-03-27 12:46:00,5,中日スポーツ賞,2,4339,平瀬 城啓,3,41,54.5,0,0,0.17,3.96,17.86,34.52,3.5,0,0,40,62.61,33.67,55.1
2026-03-27,17,5,2026-03-27 12:46:00,5,中日スポーツ賞,3,4293,鈴木 智啓,2,40,59.3,1,0,0.15,4.82,32.41,41.67,4.89,27.78,50,31.9,50.86,26.32,42.11
2026-03-27,17,5,2026-03-27 12:46:00,5,中日スポーツ賞,4,5329,金子 龍斗,3,22,50.5,1,0,0.17,4.89,31.25,47.92,3.5,25,25,23.66,47.31,30.36,50
2026-03-27,17,5,2026-03-27 12:46:00,5,中日スポーツ賞,5,3940,飯山 泰,1,48,52,0,0,0.15,6.38,47.83,62.32,7.33,55.56,66.67,38.6,51.75,39.6,54.46
2026-03-27,17,5,2026-03-27 12:46:00,5,中日スポーツ賞,6,4693,松下 誉士,3,41,52.5,0,0,0.2,3.99,16.84,34.74,0,0,0,49.15,64.41,29.17,45
2026-03-27,17,6,2026-03-27 13:11:00,5,中日スポーツ賞,1,3377,塚田 修二,3,58,53.9,0,0,0.18,3.38,14.75,26.23,0,0,0,34.65,43.56,21.28,35.11
2026-03-27,17,6,2026-03-27 13:11:00,5,中日スポーツ賞,2,5316,村松 将平,3,25,52,1,0,0.15,4.87,25,48.91,4.33,27.78,38.89,37.07,57.76,36.52,55.65
2026-03-27,17,6,2026-03-27 13:11:00,5,中日スポーツ賞,3,4553,坪口 竜也,2,36,52,0,0,0.14,6.34,45.26,68.42,6.73,45.95,78.38,52.54,71.19,30,47.27
2026-03-27,17,6,2026-03-27 13:11:00,5,中日スポーツ賞,4,4095,福来 剛,1,44,52,0,0,0.13,7.15,56.67,73.33,0,0,0,22.52,28.83,32.03,43.75
2026-03-27,17,6,2026-03-27 13:11:00,5,中日スポーツ賞,5,5041,荒牧 凪沙,3,27,52.2,1,0,0.16,5.01,32.39,43.66,6.2,40,60,35.64,54.46,32.81,48.44
2026-03-27,17,6,2026-03-27 13:11:00,5,中日スポーツ賞,6,4139,丹下 健,3,45,53.1,1,0,0.17,4.68,28.28,45.45,4.44,31.25,37.5,33.9,50,36.15,51.54
2026-03-27,17,7,2026-03-27 13:37:00,5,中日スポーツ賞,1,5172,田村 慶,3,25,53.4,1,0,0.2,4.97,29.03,46.24,4.92,38.46,38.46,20.41,37.76,34.45,50.42
2026-03-27,17,7,2026-03-27 13:37:00,5,中日スポーツ賞,2,4434,田中 辰彦,1,39,54.3,0,0,0.16,6.24,45.36,60.82,6.2,42.47,62.33,27.71,48.19,42.4,56
2026-03-27,17,7,2026-03-27 13:37:00,5,中日スポーツ賞,3,5141,大澤 風葵,2,25,51.5,1,0,0.12,6.71,56.31,72.82,7,55.56,66.67,36.11,53.7,35.45,55.45
2026-03-27,17,7,2026-03-27 13:37:00,5,中日スポーツ賞,4,3381,滝沢 芳行,3,57,52,0,0,0.15,5.32,36.96,48.91,4.88,35.29,47.06,34.51,52.21,39.05,56.19
2026-03-27,17,7,2026-03-27 13:37:00,5,中日スポーツ賞,5,4803,飯田 庄吾,3,32,56,0,0,0.19,3.83,14.77,29.55,3.32,10.53,26.32,37.29,56.78,27.71,48.19
2026-03-27,17,7,2026-03-27 13:37:00,5,中日スポーツ賞,6,4954,内山 峻輔,4,31,53.7,0,0,,4.48,23.81,38.1,0,0,0,34.78,52.17,32.26,54.84
2026-03-27,17,8,2026-03-27 14:07:00,5,中日スポーツ賞,1,4564,山本 景士郎,3,38,52.2,0,0,0.2,4.08,21.84,36.78,5.55,36.26,57.14,36.67,55,43.9,60.16
2026-03-27,17,8,2026-03-27 14:07:00,5,中日スポーツ賞,2,3906,飯山 晃三,3,48,60.5,0,0,0.18,4.28,27.36,41.51,4.5,37.5,37.5,35.4,54.87,32.38,47.62
2026-03-27,17,8,2026-03-27 14:07:00,5,中日スポーツ賞,3,4429,豊田 泰洋,3,40,56.7,1,0,0.17,3.7,13.16,27.63,4.56,25.47,37.74,26.96,40,28.28,45.45
2026-03-27,17,8,2026-03-27 14:07:00,5,中日スポーツ賞,4,3461,渡邊 哲也,3,59,57.7,0,0,0.24,3.21,12.5,19.64,2.68,5.26,10.53,38.89,50.93,30,43.08
2026-03-27,17,8,2026-03-27 14:07:00,5,中日スポーツ賞,5,3976,内田 圭,3,49,52,0,0,0.18,3.89,21.35,30.34,4.17,33.33,41.67,24.47,40.43,27.66,35.11
2026-03-27,17,8,2026-03-27 14:07:00,5,中日スポーツ賞,6,4465,大西 賢,3,39,52,1,0,0.18,4.72,25.37,46.27,3.14,14.29,28.57,34.02,62.89,33.64,42.06
2026-03-27,17,9,2026-03-27 14:49:00,5,中日スポーツ賞,1,4630,岩永 雅人,2,39,52,1,0,0.16,5.46,36.73,55.1,7.57,57.14,85.71,20.88,32.97,37,59
2026-03-27,17,9,2026-03-27 14:49:00,5,中日スポーツ賞,2,4917,岩橋 裕馬,3,37,52.2,0,0,0.17,4.48,20,36.84,6,40,60,35.78,47.71,27.62,46.67
2026-03-27,17,9,2026-03-27 14:49:00,5,中日スポーツ賞,3,3904,森 貴洋,4,48,53.6,0,0,0.18,5.26,37.1,48.39,5.18,36.36,63.64,24.51,40.2,37.7,54.92
2026-03-27,17,9,2026-03-27 14:49:00,5,中日スポーツ賞,4,4771,下寺 秀和,1,33,52,0,0,0.15,6.78,56.36,68.18,6.73,50,71.19,42.24,61.21,40.32,53.23
2026-03-27,17,9,2026-03-27 14:49:00,5,中日スポーツ賞,5,3870,寺嶋 雄,3,50,52.3,0,0,0.17,4.24,24.18,34.07,5.2,30,50,24.04,36.54,34.4,50.4
2026-03-27,17,9,2026-03-27 14:49:00,5,中日スポーツ賞,6,3361,岡部 浩,3,57,52,0,0,0.19,4.13,22.35,34.12,3.56,16.67,22.22,37.4,52.03,30,52.5
2026-03-27,17,10,2026-03-27 15:16:00,5,中日スポーツ賞,1,4293,鈴木 智啓,2,40,59.3,1,0,0.15,4.82,32.41,41.67,4.89,27.78,50,31.9,50.86,26.32,42.11
2026-03-27,17,10,2026-03-27 15:16:00,5,中日スポーツ賞,2,5027,重冨 勇哉,3,29,53.7,0,0,0.17,5,29.75,47.93,4.06,17.65,35.29,17.98,38.2,29.06,41.88
2026-03-27,17,10,2026-03-27 15:16:00,5,中日スポーツ賞,3,5284,嘉手苅 徹哉,4,27,52,0,0,0.16,2.57,6.38,10.64,2.39,5.56,11.11,21.15,31.73,28.28,45.45
2026-03-27,17,10,2026-03-27 15:16:00,5,中日スポーツ賞,4,5033,藤原 孝斗,3,28,54.2,0,0,0.19,4.04,18.82,30.59,0,0,0,46.43,58.93,27,49
2026-03-27,17,10,2026-03-27 15:16:00,5,中日スポーツ賞,5,3385,渡邉 睦広,2,57,51.5,0,0,0.17,5.44,33.71,57.3,5.05,32.43,51.35,42.5,55.83,29.91,41.12
2026-03-27,17,10,2026-03-27 15:16:00,5,中日スポーツ賞,6,4401,小林 泰,2,41,54.4,0,0,0.14,5.3,32.67,49.5,6.65,45.16,64.52,27.37,44.21,40.16,54.1
2026-03-27,17,11,2026-03-27 15:44:00,5,中日スポーツ賞,1,4460,後藤 翔之,2,40,55.2,0,0,0.14,6.09,41.44,63.06,7.22,77.78,77.78,35.34,46.55,32.48,52.99
2026-03-27,17,11,2026-03-27 15:44:00,5,中日スポーツ賞,2,4095,福来 剛,1,44,52,0,0,0.13,7.15,56.67,73.33,0,0,0,22.52,28.83,32.03,43.75
2026-03-27,17,11,2026-03-27 15:44:00,5,中日スポーツ賞,3,4904,松本 一毅,2,31,51.5,0,0,0.17,5.2,33.93,52.68,6,38.46,65.38,27.03,45.05,23.33,48.89
2026-03-27,17,11,2026-03-27 15:44:00,5,中日スポーツ賞,4,4384,鶴本 崇文,1,40,53.5,0,0,0.18,6.54,44.8,70.4,6.6,60,70,35.78,55.96,27.78,48.89
2026-03-27,17,11,2026-03-27 15:44:00,5,中日スポーツ賞,5,4233,亀山 雅幸,2,42,52,0,0,0.18,5.94,40,65.45,5.9,46.67,63.33,20.88,35.16,41.6,59.2
2026-03-27,17,11,2026-03-27 15:44:00,5,中日スポーツ賞,6,3715,倉尾 大介,2,51,53.2,0,0,0.15,5.31,24.68,51.95,4.8,20,30,18.89,38.89,40.78,60.19
2026-03-27,17,12,2026-03-27 16:33:00,5,中日スポーツ賞,1,3940,飯山 泰,1,48,52,0,0,0.15,6.38,47.83,62.32,7.33,55.56,66.67,38.6,51.75,39.6,54.46
2026-03-27,17,12,2026-03-27 16:33:00,5,中日スポーツ賞,2,5141,大澤 風葵,2,25,51.5,1,0,0.12,6.71,56.31,72.82,7,55.56,66.67,36.11,53.7,35.45,55.45
2026-03-27,17,12,2026-03-27 16:33:00,5,中日スポーツ賞,3,4570,前田 聖文,1,37,53.9,1,0,0.15,6.41,47.75,68.47,6.48,41.38,55.17,37.5,54.46,30.86,54.32
2026-03-27,17,12,2026-03-27 16:33:00,5,中日スポーツ賞,4,4518,大須賀 友,2,39,52.1,0,0,0.18,6.98,56.67,76.67,6,35,65,46.79,66.06,38.02,55.37
2026-03-27,17,12,2026-03-27 16:33:00,5,中日スポーツ賞,5,4553,坪口 竜也,2,36,52,0,0,0.14,6.34,45.26,68.42,6.73,45.95,78.38,52.54,71.19,30,47.27
2026-03-27,17,12,2026-03-27 16:33:00,5,中日スポーツ賞,6,4379,桑島 和宏,1,41,55.4,0,0,0.16,5.8,39.37,55.91,6.33,27.78,72.22,37.93,56.9,36.36,47.73
2026-03-27,19,1,2026-03-27 15:21:00,5,KRY山口放送杯争奪戦,1,3850,小川 知行,3,53,52,0,0,0.15,5.02,31.78,49.53,4.5,25,50,33.49,49.54,34.55,52.27
2026-03-27,19,1,2026-03-27 15:21:00,5,KRY山口放送杯争奪戦,2,5048,眞鳥 康太,3,31,52,0,0,0.18,4.73,26.09,42.39,4.5,16.67,50,34.08,50.22,38.22,54.67
2026-03-27,19,1,2026-03-27 15:21:00,5,KRY山口放送杯争奪戦,3,3070,山室 展弘,3,64,52,0,0,0.16,5.43,39.29,53.57,5.24,33.33,47.62,41.56,57.58,29.72,46.23
2026-03-27,19,1,2026-03-27 15:21:00,5,KRY山口放送杯争奪戦,4,4232,笠 雅雄,3,42,52.6,0,0,0.2,4.54,25.84,41.57,0,0,0,41.1,62.1,31.84,52.02
2026-03-27,19,1,2026-03-27 15:21:00,5,KRY山口放送杯争奪戦,5,4784,向井田 真紀,3,38,51.4,1,0,0.17,4.4,29.03,37.1,4.79,25,45.83,51.12,69.51,45.78,62.22
2026-03-27,19,1,2026-03-27 15:21:00,5,KRY山口放送杯争奪戦,6,4560,庄司 樹良々,2,35,53,0,0,0.15,6.09,41.38,62.93,5.23,23.08,61.54,29.24,50.42,33.03,52.29
2026-03-27,19,2,2026-03-27 15:46:00,5,KRY山口放送杯争奪戦,1,4896,花本 剛,3,34,57.5,0,0,0.19,4.32,20.62,40.21,4.31,19.35,37.1,32.61,46.96,29.47,46.38
2026-03-27,19,2,2026-03-27 15:46:00,5,KRY山口放送杯争奪戦,2,3761,山本 光雄,3,54,52.7,1,0,0.17,4.93,30.68,44.32,0,0,0,41.04,57.08,34.38,54.02
2026-03-27,19,2,2026-03-27 15:46:00,5,KRY山口放送杯争奪戦,3,3212,亀本 勇樹,3,64,57.3,0,0,0.17,4.57,21.69,39.76,3.69,19.23,23.08,30.37,45.33,39.74,58.52
2026-03-27,19,2,2026-03-27 15:46:00,5,KRY山口放送杯争奪戦,4,4196,田中 太一郎,3,44,52.1,0,0,0.17,4.33,25.23,40.19,5.5,33.33,66.67,39.91,53.07,31.63,48.84
2026-03-27,19,2,2026-03-27 15:46:00,5,KRY山口放送杯争奪戦,5,3987,後藤 正宗,3,47,53.5,0,0,0.15,6.06,43.65,61.9,4.85,25,40,37.78,53.78,34.22,56.44
2026-03-27,19,2,2026-03-27 15:46:00,5,KRY山口放送杯争奪戦,6,3842,星野 太郎,3,49,53.1,1,0,0.18,4.72,26.58,41.77,5.27,45.45,54.55,35.44,51.9,29.05,47.14
2026-03-27,19,3,2026-03-27 16:11:00,5,KRY山口放送杯争奪戦,1,4569,中澤 宏奈,4,38,47.6,0,0,,4.58,32.88,41.1,0,0,0,28.83,46.85,45.33,63.56
2026-03-27,19,3,2026-03-27 16:11:00,5,KRY山口放送杯争奪戦,2,3719,辻 栄蔵,1,51,52,0,0,0.15,6.89,42.99,67.29,6.35,45.16,58.06,34.22,50.22,36,49.78
2026-03-27,19,3,2026-03-27 16:11:00,5,KRY山口放送杯争奪戦,3,4592,小林 孝弘,3,45,52.1,1,0,0.14,4.72,25.69,44.95,4.24,22.45,38.78,32.89,53.33,33.8,50.46
2026-03-27,19,3,2026-03-27 16:11:00,5,KRY山口放送杯争奪戦,4,4301,関 裕也,3,43,53.7,1,0,0.18,4.18,20.83,40.28,4.56,32,40,43.75,60.27,33.18,52.47
2026-03-27,19,3,2026-03-27 16:11:00,5,KRY山口放送杯争奪戦,5,4523,中村 辰也,2,38,52.7,0,0,0.14,5.74,38.89,61.11,6.7,56.52,65.22,35.22,53.48,31.72,47.58
2026-03-27,19,3,2026-03-27 16:11:00,5,KRY山口放送杯争奪戦,6,3713,伊藤 誠二,2,51,52.9,0,0,0.14,6.1,43,62,7.5,62.5,75,38.53,56.71,44.25,61.95
2026-03-27,19,4,2026-03-27 16:38:00,5,KRY山口放送杯争奪戦,1,3892,草場 康幸,3,50,52.8,0,0,0.15,4.77,24.14,48.28,4.97,27.27,57.58,34.09,47.73,36.24,55.9
2026-03-27,19,4,2026-03-27 16:38:00,5,KRY山口放送杯争奪戦,2,4967,中村 魁生,1,27,51.5,1,0,0.12,6.59,47.17,64.15,5.89,36.84,52.63,36.75,57.69,40.09,56.31
2026-03-27,19,4,2026-03-27 16:38:00,5,KRY山口放送杯争奪戦,3,4513,河野 真也,2,36,52.8,1,0,0.18,6.13,44.12,59.8,5.32,32,48,36.77,52.91,30.84,46.26
2026-03-27,19,4,2026-03-27 16:38:00,5,KRY山口放送杯争奪戦,4,4300,加藤 綾,3,43,50.3,0,0,0.17,4.77,22.58,45.16,4.9,30,45,34.51,51.77,30.4,48.46
2026-03-27,19,4,2026-03-27 16:38:00,5,KRY山口放送杯争奪戦,5,5003,来田 衣織,3,29,46.5,0,0,0.17,5.01,36.73,46.94,5.63,50,50,36.91,50.64,34.68,52.25
2026-03-27,19,4,2026-03-27 16:38:00,5,KRY山口放送杯争奪戦,6,3327,野長瀬 正孝,2,58,51.5,0,0,0.16,6.05,42.74,58.87,6,50,50,28.7,47.39,33.63,50.67
2026-03-27,19,5,2026-03-27 17:08:00,5,KRY山口放送杯争奪戦,1,3740,大澤 普司,1,51,54,0,0,0.16,6.47,50,66.1,6.4,50,70,28.7,46.3,36.74,54.88
2026-03-27,19,5,2026-03-27 17:08:00,5,KRY山口放送杯争奪戦,2,5138,村本 大成,4,25,52.9,0,0,0.18,3.7,12.5,30.36,2.45,5,5,31.76,45.06,35.75,50.68
2026-03-27,19,5,2026-03-27 17:08:00,5,KRY山口放送杯争奪戦,3,4286,平田 さやか,2,41,47.6,0,0,0.15,5.57,34.59,53.38,5.96,36,68,29.41,46.15,32.88,48.4
2026-03-27,19,5,2026-03-27 17:08:00,5,KRY山口放送杯争奪戦,4,4055,吉田 俊彦,1,47,52,0,0,0.15,5.81,38.97,52.94,4.8,20,20,34.96,49.12,32.44,50.67
2026-03-27,19,5,2026-03-27 17:08:00,5,KRY山口放送杯争奪戦,5,3661,柳瀬 興志,3,56,57.2,0,0,0.16,5.48,29.91,56.41,5.67,35.56,57.78,41.59,56.64,36.07,50.23
2026-03-27,19,5,2026-03-27 17:08:00,5,KRY山口放送杯争奪戦,6,3477,近藤 稔也,3,55,52.5,0,0,0.19,4.05,13.98,32.26,3.59,17.65,23.53,39.41,55.08,32.14,52.23
2026-03-27,19,6,2026-03-27 17:33:00,5,KRY山口放送杯争奪戦,1,4196,田中 太一郎,3,44,52.1,0,0,0.17,4.33,25.23,40.19,5.5,33.33,66.67,39.91,53.07,31.63,48.84
2026-03-27,19,6,2026-03-27 17:33:00,5,KRY山口放送杯争奪戦,2,3905,天野 友和,2,48,52.2,0,0,0.15,5.97,40.94,63.78,6.69,50,69.23,36.8,55.41,36.73,51.77
2026-03-27,19,6,2026-03-27 17:33:00,5,KRY山口放送杯争奪戦,3,4584,村岡 賢人,1,36,52.6,1,0,0.12,6.79,50.41,69.92,6.97,47.06,64.71,39.29,54.02,35.14,51.8
2026-03-27,19,6,2026-03-27 17:33:00,5,KRY山口放送杯争奪戦,4,5204,宇恵 有香,4,29,46.5,0,0,,3.31,6.25,18.75,4.13,12.5,37.5,33.03,52.49,30.41,47.47
2026-03-27,19,6,2026-03-27 17:33:00,5,KRY山口放送杯争奪戦,5,5188,武井 莉里佳,2,25,45,1,0,0.17,5.66,38.89,53.7,2.17,0,0,38.36,56.16,30.14,48.86
2026-03-27,19,6,2026-03-27 17:33:00,5,KRY山口放送杯争奪戦,6,3070,山室 展弘,3,64,52,0,0,0.16,5.43,39.29,53.57,5.24,33.33,47.62,41.56,57.58,29.72,46.23
2026-03-27,19,7,2026-03-27 18:06:00,5,KRY山口放送杯争奪戦,1,4232,笠 雅雄,3,42,52.6,0,0,0.2,4.54,25.84,41.57,0,0,0,41.1,62.1,31.84,52.02
2026-03-27,19,7,2026-03-27 18:06:00,5,KRY山口放送杯争奪戦,2,4120,柘植 政浩,2,44,51.5,0,0,0.18,5.96,42.61,59.13,7.43,42.86,85.71,29.22,47.49,39.38,53.54
2026-03-27,19,7,2026-03-27 18:06:00,5,KRY山口放送杯争奪戦,3,4593,小坂 宗司,2,45,52,0,0,0.16,6.28,40.95,66.67,5.57,42.86,57.14,29.85,47.76,34.84,46.15
2026-03-27,19,7,2026-03-27 18:06:00,5,KRY山口放送杯争奪戦,4,3987,後藤 正宗,3,47,53.5,0,0,0.15,6.06,43.65,61.9,4.85,25,40,37.78,53.78,34.22,56.44
2026-03-27,19,7,2026-03-27 18:06:00,5,KRY山口放送杯争奪戦,5,4558,宮野 仁,3,36,53.7,0,0,0.23,4.22,29.85,35.82,7.43,57.14,100,33.33,53.88,43.11,58.22
2026-03-27,19,7,2026-03-27 18:06:00,5,KRY山口放送杯争奪戦,6,4812,西野 雄貴,1,36,51,0,0,0.13,6.99,52.68,69.64,6.81,53.13,65.63,31.55,47.06,37.22,52.02
2026-03-27,19,8,2026-03-27 18:37:00,5,KRY山口放送杯争奪戦,1,4396,大田 直弥,2,39,52.2,0,0,0.19,5.07,29.47,47.37,5.56,37.14,54.29,39.33,59,34.36,55.95
2026-03-27,19,8,2026-03-27 18:37:00,5,KRY山口放送杯争奪戦,2,3212,亀本 勇樹,3,64,57.3,0,0,0.17,4.57,21.69,39.76,3.69,19.23,23.08,30.37,45.33,39.74,58.52
2026-03-27,19,8,2026-03-27 18:37:00,5,KRY山口放送杯争奪戦,3,3577,向所 浩二,3,53,58,0,0,0.15,4.23,21.21,30.3,6,39.13,56.52,29.86,46.92,30.94,43.95
2026-03-27,19,8,2026-03-27 18:37:00,5,KRY山口放送杯争奪戦,4,4470,平田 健之佑,1,39,52.2,1,0,0.14,6.14,43.59,64.96,6.3,50,70,32.71,47.66,35.59,52.25
2026-03-27,19,8,2026-03-27 18:37:00,5,KRY山口放送杯争奪戦,5,4592,小林 孝弘,3,45,52.1,1,0,0.14,4.72,25.69,44.95,4.24,22.45,38.78,32.89,53.33,33.8,50.46
2026-03-27,19,8,2026-03-27 18:37:00,5,KRY山口放送杯争奪戦,6,5048,眞鳥 康太,3,31,52,0,0,0.18,4.73,26.09,42.39,4.5,16.67,50,34.08,50.22,38.22,54.67
2026-03-27,19,9,2026-03-27 19:09:00,5,KRY山口放送杯争奪戦,1,4059,入澤 友治,2,46,52.8,0,0,0.15,5.47,39.32,52.99,4.89,33.33,44.44,34.8,55.07,34.1,49.31
2026-03-27,19,9,2026-03-27 19:09:00,5,KRY山口放送杯争奪戦,2,3950,石川 哲秀,3,49,55.7,0,0,0.16,3.97,18.99,36.71,4,22.22,33.33,30.57,53.28,42.86,58.93
2026-03-27,19,9,2026-03-27 19:09:00,5,KRY山口放送杯争奪戦,3,3892,草場 康幸,3,50,52.8,0,0,0.15,4.77,24.14,48.28,4.97,27.27,57.58,34.09,47.73,36.24,55.9
2026-03-27,19,9,2026-03-27 19:09:00,5,KRY山口放送杯争奪戦,4,5264,登 みひ果,3,26,45,0,0,0.16,5.08,24.27,52.43,3.79,26.32,26.32,30.7,46.51,32.13,47.96
2026-03-27,19,9,2026-03-27 19:09:00,5,KRY山口放送杯争奪戦,5,3761,山本 光雄,3,54,52.7,1,0,0.17,4.93,30.68,44.32,0,0,0,41.04,57.08,34.38,54.02
2026-03-27,19,9,2026-03-27 19:09:00,5,KRY山口放送杯争奪戦,6,3719,辻 栄蔵,1,51,52,0,0,0.15,6.89,42.99,67.29,6.35,45.16,58.06,34.22,50.22,36,49.78
2026-03-27,19,10,2026-03-27 19:42:00,5,KRY山口放送杯争奪戦,1,4286,平田 さやか,2,41,47.6,0,0,0.15,5.57,34.59,53.38,5.96,36,68,29.41,46.15,32.88,48.4
2026-03-27,19,10,2026-03-27 19:42:00,5,KRY山口放送杯争奪戦,2,4784,向井田 真紀,3,38,51.4,1,0,0.17,4.4,29.03,37.1,4.79,25,45.83,51.12,69.51,45.78,62.22
2026-03-27,19,10,2026-03-27 19:42:00,5,KRY山口放送杯争奪戦,3,5188,武井 莉里佳,2,25,45,1,0,0.17,5.66,38.89,53.7,2.17,0,0,38.36,56.16,30.14,48.86
2026-03-27,19,10,2026-03-27 19:42:00,5,KRY山口放送杯争奪戦,4,5003,来田 衣織,3,29,46.5,0,0,0.17,5.01,36.73,46.94,5.63,50,50,36.91,50.64,34.68,52.25
2026-03-27,19,10,2026-03-27 19:42:00,5,KRY山口放送杯争奪戦,5,4569,中澤 宏奈,4,38,47.6,0,0,,4.58,32.88,41.1,0,0,0,28.83,46.85,45.33,63.56
2026-03-27,19,10,2026-03-27 19:42:00,5,KRY山口放送杯争奪戦,6,5440,薗頭 心,4,20,47.2,0,0,,1.34,2.13,2.13,0,0,0,42.26,55.23,34.21,49.12
2026-03-27,19,11,2026-03-27 20:09:00,5,KRY山口放送杯争奪戦,1,4584,村岡 賢人,1,36,52.6,1,0,0.12,6.79,50.41,69.92,6.97,47.06,64.71,39.29,54.02,35.14,51.8
2026-03-27,19,11,2026-03-27 20:09:00,5,KRY山口放送杯争奪戦,2,4560,庄司 樹良々,2,35,53,0,0,0.15,6.09,41.38,62.93,5.23,23.08,61.54,29.24,50.42,33.03,52.29
2026-03-27,19,11,2026-03-27 20:09:00,5,KRY山口放送杯争奪戦,3,3713,伊藤 誠二,2,51,52.9,0,0,0.14,6.1,43,62,7.5,62.5,75,38.53,56.71,44.25,61.95
2026-03-27,19,11,2026-03-27 20:09:00,5,KRY山口放送杯争奪戦,4,4896,花本 剛,3,34,57.5,0,0,0.19,4.32,20.62,40.21,4.31,19.35,37.1,32.61,46.96,29.47,46.38
2026-03-27,19,11,2026-03-27 20:09:00,5,KRY山口放送杯争奪戦,5,4300,加藤 綾,3,43,50.3,0,0,0.17,4.77,22.58,45.16,4.9,30,45,34.51,51.77,30.4,48.46
2026-03-27,19,11,2026-03-27 20:09:00,5,KRY山口放送杯争奪戦,6,4120,柘植 政浩,2,44,51.5,0,0,0.18,5.96,42.61,59.13,7.43,42.86,85.71,29.22,47.49,39.38,53.54
2026-03-27,19,12,2026-03-27 20:35:00,5,KRY山口放送杯争奪戦,1,4055,吉田 俊彦,1,47,52,0,0,0.15,5.81,38.97,52.94,4.8,20,20,34.96,49.12,32.44,50.67
2026-03-27,19,12,2026-03-27 20:35:00,5,KRY山口放送杯争奪戦,2,4593,小坂 宗司,2,45,52,0,0,0.16,6.28,40.95,66.67,5.57,42.86,57.14,29.85,47.76,34.84,46.15
2026-03-27,19,12,2026-03-27 20:35:00,5,KRY山口放送杯争奪戦,3,4523,中村 辰也,2,38,52.7,0,0,0.14,5.74,38.89,61.11,6.7,56.52,65.22,35.22,53.48,31.72,47.58
2026-03-27,19,12,2026-03-27 20:35:00,5,KRY山口放送杯争奪戦,4,3905,天野 友和,2,48,52.2,0,0,0.15,5.97,40.94,63.78,6.69,50,69.23,36.8,55.41,36.73,51.77
2026-03-27,19,12,2026-03-27 20:35:00,5,KRY山口放送杯争奪戦,5,4470,平田 健之佑,1,39,52.2,1,0,0.14,6.14,43.59,64.96,6.3,50,70,32.71,47.66,35.59,52.25
2026-03-27,19,12,2026-03-27 20:35:00,5,KRY山口放送杯争奪戦,6,4513,河野 真也,2,36,52.8,1,0,0.18,6.13,44.12,59.8,5.32,32,48,36.77,52.91,30.84,46.26
2026-03-27,21,1,2026-03-27 08:35:00,4,アサヒビールカップ,1,4148,枝尾 賢,2,44,52,0,0,0.16,6.24,46.49,66.67,6.54,53.97,66.67,38.63,55.36,36.7,52.75
2026-03-27,21,1,2026-03-27 08:35:00,4,アサヒビールカップ,2,4615,板倉 敦史,3,45,54.1,0,0,0.18,4.24,20.73,36.59,4.71,23.53,41.18,25.25,38.89,45.37,62.11
2026-03-27,21,1,2026-03-27 08:35:00,4,アサヒビールカップ,3,4728,山口 亮,3,38,53.3,0,0,0.18,4.27,27.16,40.74,4.95,20,60,38.46,51.28,34.58,49.53
2026-03-27,21,1,2026-03-27 08:35:00,4,アサヒビールカップ,4,3901,松田 憲幸,3,48,52.8,0,0,0.2,4.47,29.41,47.06,0,0,0,34.7,53.42,34.29,47.62
2026-03-27,21,1,2026-03-27 08:35:00,4,アサヒビールカップ,5,3690,河合 三弘,3,55,52.5,0,0,0.18,4.61,26.26,41.41,0,0,0,31.15,49.18,28.8,42.39
2026-03-27,21,1,2026-03-27 08:35:00,4,アサヒビールカップ,6,4410,井上 大輔,3,40,52,0,0,0.16,5.58,35.29,54.9,5,26.32,57.89,26.02,46.43,36.77,54.26
2026-03-27,21,2,2026-03-27 09:01:00,4,アサヒビールカップ,1,4076,杉田 篤光,2,47,52.2,0,0,0.2,5.56,34.65,55.91,6.78,38.89,77.78,33.2,53.94,36.17,51.91
2026-03-27,21,2,2026-03-27 09:01:00,4,アサヒビールカップ,2,4487,三原 司,3,39,52.8,0,0,0.18,4.27,22.68,32.99,4.72,20,44,47.09,61.65,33.63,47.79
2026-03-27,21,2,2026-03-27 09:01:00,4,アサヒビールカップ,3,4247,齊藤 優,3,43,53.8,0,0,0.16,5.5,32.61,50,5.45,36.36,50,42.16,63.73,39.07,58.6
2026-03-27,21,2,2026-03-27 09:01:00,4,アサヒビールカップ,4,3554,仲口 博崇,1,53,52.5,0,0,0.18,6.73,55.1,72.79,7.53,57.89,78.95,32.29,47.98,31.92,49.3
2026-03-27,21,2,2026-03-27 09:01:00,4,アサヒビールカップ,5,4146,柳橋 宏紀,3,44,53.1,0,0,0.16,5.75,38.79,59.48,0,0,0,42.86,58.44,36.32,54.71
2026-03-27,21,2,2026-03-27 09:01:00,4,アサヒビールカップ,6,3747,國崎 良春,3,50,52,0,0,0.17,5.56,40,60,5.79,36.84,68.42,46.38,68.12,32.08,51.89
2026-03-27,21,3,2026-03-27 09:27:00,4,アサヒビールカップ,1,4828,松山 将吾,1,31,52,0,0,0.13,6.23,43.02,62.79,6.65,40,60,27.45,47.55,36.84,57.89
2026-03-27,21,3,2026-03-27 09:27:00,4,アサヒビールカップ,2,4085,荻野 裕介,3,46,52.5,0,0,0.2,5.33,28.85,55.77,5.75,37.5,50,28.64,45.23,37.67,53.02
2026-03-27,21,3,2026-03-27 09:27:00,4,アサヒビールカップ,3,4822,百武 翔,2,33,52,0,0,0.17,5.85,37.61,60.68,5.62,33.33,57.14,37.44,54.34,25.97,39.23
2026-03-27,21,3,2026-03-27 09:27:00,4,アサヒビールカップ,4,5207,高山 敬悟,3,28,52,0,0,0.15,4.47,23.53,38.24,4.2,18.33,35,28.22,43.07,30.52,47.89
2026-03-27,21,3,2026-03-27 09:27:00,4,アサヒビールカップ,5,3874,山本 寛久,1,49,52,1,0,0.15,5.94,44.76,59.05,7.09,54.55,90.91,30.9,49.79,38.99,56.42
2026-03-27,21,3,2026-03-27 09:27:00,4,アサヒビールカップ,6,4416,三宅 健太,3,39,53.7,0,0,0.17,5.02,24.77,48.62,5.97,41.67,63.89,40.91,56.06,27.14,41.71
2026-03-27,21,4,2026-03-27 09:53:00,4,アサヒビールカップ,1,4679,植田 太一,1,36,57.3,0,0,0.16,5.6,39.66,54.31,6.6,51.16,65.12,33.05,46.44,31.48,49.07
2026-03-27,21,4,2026-03-27 09:53:00,4,アサヒビールカップ,2,5299,西丸 敦基,3,23,52.8,0,0,0.17,5.21,35.51,48.6,5.89,33.33,66.67,38.56,55.93,33.49,49.77
2026-03-27,21,4,2026-03-27 09:53:00,4,アサヒビールカップ,3,5212,西川 拓利,3,27,52.9,0,0,0.14,6.01,42.42,59.6,4.12,24.24,36.36,35.63,50.61,32.69,43.75
2026-03-27,21,4,2026-03-27 09:53:00,4,アサヒビールカップ,4,4049,荒川 健太,2,45,57.1,0,0,0.17,6.23,39.84,62.5,0,0,0,30.84,50.47,28.57,49.26
2026-03-27,21,4,2026-03-27 09:53:00,4,アサヒビールカップ,5,5016,宮田 龍馬,1,28,52,0,0,0.14,6.71,47.41,66.38,5,23.53,52.94,19.02,33.66,30.92,48.31
2026-03-27,21,4,2026-03-27 09:53:00,4,アサヒビールカップ,6,4684,楠原 翔太,2,35,53.8,1,0,0.14,5.53,32.5,57.5,5,34.15,51.22,35.5,53.68,29.69,45.31
2026-03-27,21,5,2026-03-27 10:22:00,4,アサヒビールカップ,1,4448,青木 玄太,1,39,53.6,0,0,0.17,6.58,48.11,63.21,0,0,0,34.62,53.85,39.41,51.27
2026-03-27,21,5,2026-03-27 10:22:00,4,アサヒビールカップ,2,3350,藤本 佳史,2,57,53.7,0,0,0.15,5.11,30.3,50.51,3.71,17.14,28.57,32.71,48.13,32.08,48.11
2026-03-27,21,5,2026-03-27 10:22:00,4,アサヒビールカップ,3,3690,河合 三弘,3,55,52.5,0,0,0.18,4.61,26.26,41.41,0,0,0,31.15,49.18,28.8,42.39
2026-03-27,21,5,2026-03-27 10:22:00,4,アサヒビールカップ,4,3602,奥平 拓也,3,55,52.7,1,0,0.18,4.75,21.92,50.68,5.06,27.78,55.56,34.78,54.11,35.81,55.35
2026-03-27,21,5,2026-03-27 10:22:00,4,アサヒビールカップ,5,3711,江本 真治,2,51,53.3,0,0,0.15,6,40.29,61.87,6.85,54.55,72.73,42.35,57.65,37.22,51.57
2026-03-27,21,5,2026-03-27 10:22:00,4,アサヒビールカップ,6,4366,前沢 丈史,1,40,55.1,0,0,0.15,6.84,50,73.94,0,0,0,35.12,49.59,38.46,52.14
2026-03-27,21,6,2026-03-27 10:52:00,4,アサヒビールカップ,1,4840,鈴木 秀茉,3,34,52,0,0,0.16,4.83,35.63,45.98,3.78,11.11,33.33,40.64,58.29,36.73,53.54
2026-03-27,21,6,2026-03-27 10:52:00,4,アサヒビールカップ,2,4377,濱本 優一,1,41,50.5,0,0,0.15,6.91,58.46,76.15,6.2,51.22,68.29,38.73,52.45,36.97,49.76
2026-03-27,21,6,2026-03-27 10:52:00,4,アサヒビールカップ,3,3747,國崎 良春,3,50,52,0,0,0.17,5.56,40,60,5.79,36.84,68.42,46.38,68.12,32.08,51.89
2026-03-27,21,6,2026-03-27 10:52:00,4,アサヒビールカップ,4,4388,是澤 孝宏,2,40,52,0,0,0.18,6.05,38.97,62.5,5.71,28.57,71.43,29,44.59,26.04,46.35
2026-03-27,21,6,2026-03-27 10:52:00,4,アサヒビールカップ,5,4728,山口 亮,3,38,53.3,0,0,0.18,4.27,27.16,40.74,4.95,20,60,38.46,51.28,34.58,49.53
2026-03-27,21,6,2026-03-27 10:52:00,4,アサヒビールカップ,6,3978,齊藤 仁,1,48,50.5,1,0,0.13,5.93,41.18,49.02,0,0,0,38.12,58.91,38.64,57.73
2026-03-27,21,7,2026-03-27 11:22:00,4,アサヒビールカップ,1,4487,三原 司,3,39,52.8,0,0,0.18,4.27,22.68,32.99,4.72,20,44,47.09,61.65,33.63,47.79
2026-03-27,21,7,2026-03-27 11:22:00,4,アサヒビールカップ,2,3975,小野寺 智洋,3,49,52,0,0,0.15,5.79,36.62,61.97,5.67,40.74,55.56,43.3,59.79,37.5,53.24
2026-03-27,21,7,2026-03-27 11:22:00,4,アサヒビールカップ,3,5207,高山 敬悟,3,28,52,0,0,0.15,4.47,23.53,38.24,4.2,18.33,35,28.22,43.07,30.52,47.89
2026-03-27,21,7,2026-03-27 11:22:00,4,アサヒビールカップ,4,3875,廣中 良一,3,49,52,0,0,0.17,4.14,26.6,32.98,5.17,38.89,55.56,33.48,51.93,36.36,53.11
2026-03-27,21,7,2026-03-27 11:22:00,4,アサヒビールカップ,5,4615,板倉 敦史,3,45,54.1,0,0,0.18,4.24,20.73,36.59,4.71,23.53,41.18,25.25,38.89,45.37,62.11
2026-03-27,21,7,2026-03-27 11:22:00,4,アサヒビールカップ,6,4580,長谷川 雅和,3,36,52.4,0,0,0.15,5.48,35.77,56.91,6.23,51.61,67.74,35.25,52.87,32.35,51.47
2026-03-27,21,8,2026-03-27 11:53:00,4,アサヒビールカップ,1,3161,古場 輝義,3,66,53,0,0,0.18,5.18,33.66,56.44,5.82,38.24,73.53,34.55,52.73,41.38,54.31
2026-03-27,21,8,2026-03-27 11:53:00,4,アサヒビールカップ,2,4247,齊藤 優,3,43,53.8,0,0,0.16,5.5,32.61,50,5.45,36.36,50,42.16,63.73,39.07,58.6
2026-03-27,21,8,2026-03-27 11:53:00,4,アサヒビールカップ,3,4679,植田 太一,1,36,57.3,0,0,0.16,5.6,39.66,54.31,6.6,51.16,65.12,33.05,46.44,31.48,49.07
2026-03-27,21,8,2026-03-27 11:53:00,4,アサヒビールカップ,4,4684,楠原 翔太,2,35,53.8,1,0,0.14,5.53,32.5,57.5,5,34.15,51.22,35.5,53.68,29.69,45.31
2026-03-27,21,8,2026-03-27 11:53:00,4,アサヒビールカップ,5,3901,松田 憲幸,3,48,52.8,0,0,0.2,4.47,29.41,47.06,0,0,0,34.7,53.42,34.29,47.62
2026-03-27,21,8,2026-03-27 11:53:00,4,アサヒビールカップ,6,4311,岡村 仁,1,42,53.7,0,0,0.14,6.44,47.71,65.36,7.44,55.56,77.78,26.87,40.8,31.94,45.37
2026-03-27,21,9,2026-03-27 12:27:00,4,アサヒビールカップ,1,4049,荒川 健太,2,45,57.1,0,0,0.17,6.23,39.84,62.5,0,0,0,30.84,50.47,28.57,49.26
2026-03-27,21,9,2026-03-27 12:27:00,4,アサヒビールカップ,2,4146,柳橋 宏紀,3,44,53.1,0,0,0.16,5.75,38.79,59.48,0,0,0,42.86,58.44,36.32,54.71
2026-03-27,21,9,2026-03-27 12:27:00,4,アサヒビールカップ,3,4718,北川 太一,2,33,52,0,0,0.15,6.33,44.92,65.25,4.91,18.18,54.55,28.92,46.57,33.18,57.48
2026-03-27,21,9,2026-03-27 12:27:00,4,アサヒビールカップ,4,4085,荻野 裕介,3,46,52.5,0,0,0.2,5.33,28.85,55.77,5.75,37.5,50,28.64,45.23,37.67,53.02
2026-03-27,21,9,2026-03-27 12:27:00,4,アサヒビールカップ,5,4366,前沢 丈史,1,40,55.1,0,0,0.15,6.84,50,73.94,0,0,0,35.12,49.59,38.46,52.14
2026-03-27,21,9,2026-03-27 12:27:00,4,アサヒビールカップ,6,4237,大峯 豊,1,42,52,0,0,0.18,7.24,51.16,66.67,5.29,42.86,57.14,34.8,54.63,29.47,48.79
2026-03-27,21,10,2026-03-27 13:03:00,4,アサヒビールカップ,1,4377,濱本 優一,1,41,50.5,0,0,0.15,6.91,58.46,76.15,6.2,51.22,68.29,38.73,52.45,36.97,49.76
2026-03-27,21,10,2026-03-27 13:03:00,4,アサヒビールカップ,2,4861,田中 宏樹,3,37,52,0,0,0.18,5.56,36.73,59.18,5.13,36.84,55.26,48.54,66.5,26.37,43.28
2026-03-27,21,10,2026-03-27 13:03:00,4,アサヒビールカップ,3,4148,枝尾 賢,2,44,52,0,0,0.16,6.24,46.49,66.67,6.54,53.97,66.67,38.63,55.36,36.7,52.75
2026-03-27,21,10,2026-03-27 13:03:00,4,アサヒビールカップ,4,5299,西丸 敦基,3,23,52.8,0,0,0.17,5.21,35.51,48.6,5.89,33.33,66.67,38.56,55.93,33.49,49.77
2026-03-27,21,10,2026-03-27 13:03:00,4,アサヒビールカップ,5,3304,烏野 賢太,2,58,51.5,0,0,0.17,6.45,46.4,68,6.23,48.57,65.71,31.47,44.4,34.58,54.21
2026-03-27,21,10,2026-03-27 13:03:00,4,アサヒビールカップ,6,3874,山本 寛久,1,49,52,1,0,0.15,5.94,44.76,59.05,7.09,54.55,90.91,30.9,49.79,38.99,56.42
2026-03-27,21,11,2026-03-27 13:39:00,4,アサヒビールカップ,1,4472,尾嶋 一広,1,38,55.7,0,0,0.16,6.19,41.5,63.27,6.61,44.44,72.22,31.9,47.41,32.06,44.98
2026-03-27,21,11,2026-03-27 13:39:00,4,アサヒビールカップ,2,4828,松山 将吾,1,31,52,0,0,0.13,6.23,43.02,62.79,6.65,40,60,27.45,47.55,36.84,57.89
2026-03-27,21,11,2026-03-27 13:39:00,4,アサヒビールカップ,3,4623,中北 将史,3,41,52.2,0,0,0.14,4.68,24.76,40.95,5.13,25,37.5,35.32,49.36,41.42,58.16
2026-03-27,21,11,2026-03-27 13:39:00,4,アサヒビールカップ,4,4076,杉田 篤光,2,47,52,0,0,0.2,5.56,34.65,55.91,6.78,38.89,77.78,33.2,53.94,36.17,51.91
2026-03-27,21,11,2026-03-27 13:39:00,4,アサヒビールカップ,5,3978,齊藤 仁,1,48,50.5,1,0,0.13,5.93,41.18,49.02,0,0,0,38.12,58.91,38.64,57.73
2026-03-27,21,11,2026-03-27 13:39:00,4,アサヒビールカップ,6,3350,藤本 佳史,2,57,53,0,0,0.15,5.11,30.3,50.51,3.71,17.14,28.57,32.71,48.13,32.08,48.11
2026-03-27,21,12,2026-03-27 14:15:00,4,アサヒビールカップ,1,3554,仲口 博崇,1,53,52.5,0,0,0.18,6.73,55.1,72.79,7.53,57.89,78.95,32.29,47.98,31.92,49.3
2026-03-27,21,12,2026-03-27 14:15:00,4,アサヒビールカップ,2,4388,是澤 孝宏,2,40,52,0,0,0.18,6.05,38.97,62.5,5.71,28.57,71.43,29,44.59,26.04,46.35
2026-03-27,21,12,2026-03-27 14:15:00,4,アサヒビールカップ,3,3711,江本 真治,2,51,53.3,0,0,0.15,6,40.29,61.87,6.85,54.55,72.73,42.35,57.65,37.22,51.57
2026-03-27,21,12,2026-03-27 14:15:00,4,アサヒビールカップ,4,4311,岡村 仁,1,42,53.7,0,0,0.14,6.44,47.71,65.36,7.44,55.56,77.78,26.87,40.8,31.94,45.37
2026-03-27,21,12,2026-03-27 14:15:00,4,アサヒビールカップ,5,4822,百武 翔,2,33,52,0,0,0.17,5.85,37.61,60.68,5.62,33.33,57.14,37.44,54.34,25.97,39.23
2026-03-27,21,12,2026-03-27 14:15:00,4,アサヒビールカップ,6,5016,宮田 龍馬,1,28,52,0,0,0.14,6.71,47.41,66.38,5,23.53,52.94,19.02,33.66,30.92,48.31
2026-03-27,22,1,2026-03-27 12:03:00,5,九州プロレス杯,1,4413,水摩 敦,2,39,52.2,0,0,0.18,5.99,39.55,62.69,6.69,54.17,66.67,20,40,45.45,81.82
2026-03-27,22,1,2026-03-27 12:03:00,5,九州プロレス杯,2,4995,田邉 亮蔵,3,34,54.1,0,0,0.18,4.81,25.26,44.21,5.4,40,60,19.05,52.38,33.33,50
2026-03-27,22,1,2026-03-27 12:03:00,5,九州プロレス杯,3,3539,金子 順一,3,58,52,0,0,0.18,3.38,13.68,25.26,3.03,6.06,12.12,60,76,35,50
2026-03-27,22,1,2026-03-27 12:03:00,5,九州プロレス杯,4,3233,小畑 実成,3,59,53.3,0,0,0.17,4.63,22.22,43.43,0,0,0,28.57,52.38,58.33,75
2026-03-27,22,1,2026-03-27 12:03:00,5,九州プロレス杯,5,3432,宮迫 暢彦,3,57,52.9,1,0,0.16,4.64,32.1,46.91,8,75,100,31.58,68.42,63.64,77.27
2026-03-27,22,1,2026-03-27 12:03:00,5,九州プロレス杯,6,5406,小畑 楓夏,4,21,51.5,0,0,0.24,1.33,0,2.99,1.11,0,0,21.05,31.58,31.58,42.11
2026-03-27,22,2,2026-03-27 12:33:00,5,九州プロレス杯,1,5286,坂井 滉哉,3,26,51.5,0,0,0.15,4.31,25.97,37.66,4.1,18,34,22.22,38.89,46.15,61.54
2026-03-27,22,2,2026-03-27 12:33:00,5,九州プロレス杯,2,4735,角山 雄哉,3,35,54.9,0,0,0.15,4.94,33.71,43.82,4.11,22.22,33.33,45.45,77.27,36.36,59.09
2026-03-27,22,2,2026-03-27 12:33:00,5,九州プロレス杯,3,4516,野口 勝弘,2,39,50,0,0,0.16,6.11,41.48,65.19,5.55,36.36,63.64,21.05,42.11,47.37,57.89
2026-03-27,22,2,2026-03-27 12:33:00,5,九州プロレス杯,4,3825,宮嵜 隆太郎,3,52,57.9,0,0,0.13,3.37,16.44,21.92,3.86,13.79,31.03,18.75,25,10,20
2026-03-27,22,2,2026-03-27 12:33:00,5,九州プロレス杯,5,4006,小野 勇作,3,47,51,0,0,0.17,5.04,36.26,50.55,6,44.44,66.67,26.32,52.63,26.32,42.11
2026-03-27,22,2,2026-03-27 12:33:00,5,九州プロレス杯,6,4464,山下 友貴,3,39,44,0,0,0.2,5.98,41.57,62.92,0,0,0,57.14,80.95,52.63,63.16
2026-03-27,22,3,2026-03-27 13:01:00,5,九州プロレス杯,1,3072,西田 靖,3,64,53.7,1,0,0.15,4.47,28.77,42.47,4.11,21.43,39.29,16.67,22.22,30.43,47.83
2026-03-27,22,3,2026-03-27 13:01:00,5,九州プロレス杯,2,4889,後藤 盛也,3,37,52,0,0,0.15,5.13,38.71,48.39,0,0,0,35.29,41.18,0,11.11
2026-03-27,22,3,2026-03-27 13:01:00,5,九州プロレス杯,3,4551,三川 昂暁,2,37,53.8,1,0,0.18,6.11,41.75,66.99,6.83,49.28,76.81,42.11,47.37,45,65
2026-03-27,22,3,2026-03-27 13:01:00,5,九州プロレス杯,4,4919,吉田 翔悟,3,35,52,1,0,0.14,3.89,15.09,37.74,5,28.57,57.14,38.1,47.62,20,40
2026-03-27,22,3,2026-03-27 13:01:00,5,九州プロレス杯,5,4965,福岡 泉水,3,28,51,1,0,0.19,4.81,27.4,45.21,0,0,0,26.67,46.67,0,0
2026-03-27,22,3,2026-03-27 13:01:00,5,九州プロレス杯,6,5127,沼田 大都,3,29,51,1,0,0.2,4.55,22.67,46.67,4.05,15,35,40,50,40,65
2026-03-27,22,4,2026-03-27 13:31:00,5,九州プロレス杯,1,4289,落合 直子,2,41,47.8,0,0,0.14,5.77,38.46,60,6.44,33.33,66.67,42.86,57.14,50,63.64
2026-03-27,22,4,2026-03-27 13:31:00,5,九州プロレス杯,2,3710,吉永 泰弘,3,51,55.8,0,0,0.17,4.47,25.56,37.78,4.25,15,40,58.33,58.33,31.25,56.25
2026-03-27,22,4,2026-03-27 13:31:00,5,九州プロレス杯,3,4220,深川 和仁,3,44,53.5,0,0,0.17,4.87,28.57,42.86,4.06,18.75,25,54.55,72.73,47.62,80.95
2026-03-27,22,4,2026-03-27 13:31:00,5,九州プロレス杯,4,4356,長岡 良也,1,42,52.1,2,0,0.15,6.03,44.44,59.6,6.5,45.45,63.64,40,65,30,45
2026-03-27,22,4,2026-03-27 13:31:00,5,九州プロレス杯,5,3685,荒井 輝年,3,52,56.7,0,0,0.16,5.51,38.37,53.49,5.82,36.36,59.09,31.58,42.11,10,30
2026-03-27,22,4,2026-03-27 13:31:00,5,九州プロレス杯,6,5416,龍田 真白,4,20,45.5,0,0,0.19,3.05,14.52,17.74,0,0,0,23.53,41.18,22.22,38.89
2026-03-27,22,5,2026-03-27 13:57:00,5,九州プロレス杯,1,4475,末永 祐輝,2,38,52.7,0,0,0.15,6.51,47.22,72.22,6.33,46.67,53.33,27.78,50,57.14,71.43
2026-03-27,22,5,2026-03-27 13:57:00,5,九州プロレス杯,2,4790,柳内 敬太,2,36,52.2,0,0,0.16,6.2,47.66,59.81,6.5,50,65,28.57,47.62,30,50
2026-03-27,22,5,2026-03-27 13:57:00,5,九州プロレス杯,3,3617,竹田 広樹,3,52,52.6,0,0,0.18,4.12,26.88,34.41,4.03,22.22,30.56,57.89,57.89,16.67,22.22
2026-03-27,22,5,2026-03-27 13:57:00,5,九州プロレス杯,4,4035,杉江 浩明,3,47,51.5,0,0,0.2,4.23,24.24,35.35,3.8,0,40,45.45,77.27,39.13,60.87
2026-03-27,22,5,2026-03-27 13:57:00,5,九州プロレス杯,5,5406,小畑 楓夏,4,21,51.5,0,0,0.24,1.33,0,2.99,1.11,0,0,21.05,31.58,31.58,42.11
2026-03-27,22,5,2026-03-27 13:57:00,5,九州プロレス杯,6,3912,川原 正明,2,52,52.1,1,0,0.14,5.32,33.68,45.26,0,0,0,38.1,52.38,18.18,27.27
2026-03-27,22,6,2026-03-27 14:25:00,5,九州プロレス杯,1,4804,高田 ひかる,1,31,47,1,0,0.17,6.73,51.33,67.26,0,0,0,11.11,22.22,40.91,59.09
2026-03-27,22,6,2026-03-27 14:25:00,5,九州プロレス杯,2,3432,宮迫 暢彦,3,57,52.9,1,0,0.16,4.64,32.1,46.91,8,75,100,31.58,68.42,63.64,77.27
2026-03-27,22,6,2026-03-27 14:25:00,5,九州プロレス杯,3,3825,宮嵜 隆太郎,3,52,57.9,0,0,0.13,3.37,16.44,21.92,3.86,13.79,31.03,18.75,25,10,20
2026-03-27,22,6,2026-03-27 14:25:00,5,九州プロレス杯,4,3581,加木 郁,3,53,52,0,0,0.19,4.19,15.66,33.73,5.09,25,50,47.62,61.9,66.67,66.67
2026-03-27,22,6,2026-03-27 14:25:00,5,九州プロレス杯,5,4045,佐々木 裕美,3,46,48.4,0,0,0.16,4.33,26.32,36.84,6,54.55,54.55,11.11,27.78,70,80
2026-03-27,22,6,2026-03-27 14:25:00,5,九州プロレス杯,6,4786,佐藤 博亮,1,37,52,0,0,0.13,6.85,55.4,70.5,5.97,42.11,52.63,30,50,6.25,31.25
2026-03-27,22,7,2026-03-27 14:54:00,5,九州プロレス杯,1,4142,平野 和明,2,45,53.1,0,0,0.17,5.4,28.89,57.78,4.76,23.91,45.65,45,50,22.22,33.33
2026-03-27,22,7,2026-03-27 14:54:00,5,九州プロレス杯,2,4006,小野 勇作,3,47,51,0,0,0.17,5.04,36.26,50.55,6,44.44,66.67,26.32,52.63,26.32,42.11
2026-03-27,22,7,2026-03-27 14:54:00,5,九州プロレス杯,3,3467,森 弘行,3,57,52.8,0,0,0.17,3.45,12,28,4.6,15,50,23.53,41.18,50,57.14
2026-03-27,22,7,2026-03-27 14:54:00,5,九州プロレス杯,4,3072,西田 靖,3,64,53.7,1,0,0.15,4.47,28.77,42.47,4.11,21.43,39.29,16.67,22.22,30.43,47.83
2026-03-27,22,7,2026-03-27 14:54:00,5,九州プロレス杯,5,4879,山崎 鉄平,3,31,52,1,0,0.16,4.83,32.56,40.7,4.93,31.03,44.83,10,35,30,50
2026-03-27,22,7,2026-03-27 14:54:00,5,九州プロレス杯,6,5083,柳瀬 幹太,3,27,53.6,1,0,0.15,4.75,27.5,46.25,4.33,22.22,33.33,5.88,11.76,25,56.25
2026-03-27,22,8,2026-03-27 15:24:00,5,九州プロレス杯,1,4356,長岡 良也,1,42,52.1,2,0,0.15,6.03,44.44,59.6,6.5,45.45,63.64,40,65,30,45
2026-03-27,22,8,2026-03-27 15:24:00,5,九州プロレス杯,2,3233,小畑 実成,3,59,53.3,0,0,0.17,4.63,22.22,43.43,0,0,0,28.57,52.38,58.33,75
2026-03-27,22,8,2026-03-27 15:24:00,5,九州プロレス杯,3,3893,汐崎 正則,3,49,53,0,0,0.16,4.06,19.54,34.48,0,0,0,15.79,26.32,47.62,66.67
2026-03-27,22,8,2026-03-27 15:24:00,5,九州プロレス杯,4,4965,福岡 泉水,3,28,51,1,0,0.19,4.81,27.4,45.21,0,0,0,26.67,46.67,0,0
2026-03-27,22,8,2026-03-27 15:24:00,5,九州プロレス杯,5,4735,角山 雄哉,3,35,54.9,0,0,0.15,4.94,33.71,43.82,4.11,22.22,33.33,45.45,77.27,36.36,59.09
2026-03-27,22,8,2026-03-27 15:24:00,5,九州プロレス杯,6,5019,柴田 百恵,2,26,44,1,0,0.16,4.94,31.4,46.51,0,0,0,35,55,27.27,54.55
2026-03-27,22,9,2026-03-27 15:52:00,5,九州プロレス杯,1,4516,野口 勝弘,2,39,50,0,0,0.16,6.11,41.48,65.19,5.55,36.36,63.64,21.05,42.11,47.37,57.89
2026-03-27,22,9,2026-03-27 15:52:00,5,九州プロレス杯,2,4289,落合 直子,2,41,47.8,0,0,0.14,5.77,38.46,60,6.44,33.33,66.67,42.86,57.14,50,63.64
2026-03-27,22,9,2026-03-27 15:52:00,5,九州プロレス杯,3,5127,沼田 大都,3,29,51,1,0,0.2,4.55,22.67,46.67,4.05,15,35,40,50,40,65
2026-03-27,22,9,2026-03-27 15:52:00,5,九州プロレス杯,4,3912,川原 正明,2,52,52.1,1,0,0.14,5.32,33.68,45.26,0,0,0,38.1,52.38,18.18,27.27
2026-03-27,22,9,2026-03-27 15:52:00,5,九州プロレス杯,5,4919,吉田 翔悟,3,35,52,1,0,0.14,3.89,15.09,37.74,5,28.57,57.14,38.1,47.62,20,40
2026-03-27,22,9,2026-03-27 15:52:00,5,九州プロレス杯,6,4413,水摩 敦,2,39,52.2,0,0,0.18,5.99,39.55,62.69,6.69,54.17,66.67,20,40,45.45,81.82
2026-03-27,22,10,2026-03-27 16:22:00,5,九州プロレス杯,1,4464,山下 友貴,3,39,44,0,0,0.2,5.98,41.57,62.92,0,0,0,57.14,80.95,52.63,63.16
2026-03-27,22,10,2026-03-27 16:22:00,5,九州プロレス杯,2,4475,末永 祐輝,2,38,52.7,0,0,0.15,6.51,47.22,72.22,6.33,46.67,53.33,27.78,50,57.14,71.43
2026-03-27,22,10,2026-03-27 16:22:00,5,九州プロレス杯,3,4804,高田 ひかる,1,31,47,1,0,0.17,6.73,51.33,67.26,0,0,0,11.11,22.22,40.91,59.09
2026-03-27,22,10,2026-03-27 16:22:00,5,九州プロレス杯,4,3539,金子 順一,3,58,52,0,0,0.18,3.38,13.68,25.26,3.03,6.06,12.12,60,76,35,50
2026-03-27,22,10,2026-03-27 16:22:00,5,九州プロレス杯,5,4220,深川 和仁,3,44,53.5,0,0,0.17,4.87,28.57,42.86,4.06,18.75,25,54.55,72.73,47.62,80.95
2026-03-27,22,10,2026-03-27 16:22:00,5,九州プロレス杯,6,4889,後藤 盛也,3,37,52,0,0,0.15,5.13,38.71,48.39,0,0,0,35.29,41.18,0,11.11
2026-03-27,22,11,2026-03-27 16:53:00,5,九州プロレス杯,1,4786,佐藤 博亮,1,37,52,0,0,0.13,6.85,55.4,70.5,5.97,42.11,52.63,30,50,6.25,31.25
2026-03-27,22,11,2026-03-27 16:53:00,5,九州プロレス杯,2,4142,平野 和明,2,45,53.1,0,0,0.17,5.4,28.89,57.78,4.76,23.91,45.65,45,50,22.22,33.33
2026-03-27,22,11,2026-03-27 16:53:00,5,九州プロレス杯,3,5286,坂井 滉哉,3,26,51.5,0,0,0.15,4.31,25.97,37.66,4.1,18,34,22.22,38.89,46.15,61.54
2026-03-27,22,11,2026-03-27 16:53:00,5,九州プロレス杯,4,4790,柳内 敬太,2,36,52.2,0,0,0.16,6.2,47.66,59.81,6.5,50,65,28.57,47.62,30,50
2026-03-27,22,11,2026-03-27 16:53:00,5,九州プロレス杯,5,4551,三川 昂暁,2,37,53.8,1,0,0.18,6.11,41.75,66.99,6.83,49.28,76.81,42.11,47.37,45,65
2026-03-27,22,11,2026-03-27 16:53:00,5,九州プロレス杯,6,4995,田邉 亮蔵,3,34,54.1,0,0,0.18,4.81,25.26,44.21,5.4,40,60,19.05,52.38,33.33,50
2026-03-27,22,12,2026-03-27 17:23:00,5,九州プロレス杯,1,4351,里岡 右貴,1,40,52,0,0,0.14,6.98,54.29,71.43,6.94,53.16,69.62,26.32,36.84,5.88,17.65
2026-03-27,22,12,2026-03-27 17:23:00,5,九州プロレス杯,2,4256,渡辺 浩司,1,42,52,0,0,0.13,7,51.43,73.33,7.29,57.14,75.63,33.33,61.9,11.11,44.44
2026-03-27,22,12,2026-03-27 17:23:00,5,九州プロレス杯,3,3783,瓜生 正義,1,50,52.8,0,0,0.15,6.4,33.94,55.05,7.37,55.26,73.68,11.76,11.76,27.27,54.55
2026-03-27,22,12,2026-03-27 17:23:00,5,九州プロレス杯,4,4357,田中 和也,1,41,52,0,0,0.16,6.89,54.39,70.18,6.2,36,68,26.32,42.11,13.33,40
2026-03-27,22,12,2026-03-27 17:23:00,5,九州プロレス杯,5,4297,山田 哲也,1,43,52,0,0,0.12,6.53,50.83,64.17,0,0,0,30,40,18.18,18.18
2026-03-27,22,12,2026-03-27 17:23:00,5,九州プロレス杯,6,4241,大串 重幸,2,41,52.3,0,0,0.15,5.51,37.61,58.72,6.14,47.62,66.67,40,60,52.63,68.42
