race_date,stadium_number,race_number,race_closed_at,race_grade_number,race_title,boat_number,racer_number,racer_name,racer_class_number,racer_age,racer_weight,racer_flying_count,racer_late_count,racer_average_start_timing,racer_national_top_1_percent,racer_national_top_2_percent,racer_national_top_3_percent,racer_local_top_1_percent,racer_local_top_2_percent,racer_local_top_3_percent,racer_assigned_motor_top_2_percent,racer_assigned_motor_top_3_percent,racer_assigned_boat_top_2_percent,racer_assigned_boat_top_3_percent
2026-03-16,1,1,2026-03-16 15:23:00,5,ルーキーシリーズ第6戦 みどり市議会議長杯,1,5285,若林 麗,3,26,52,0,0,0.17,3.96,21.11,32.22,2.41,4.55,15.91,24.14,39.66,27.78,40.28
2026-03-16,1,1,2026-03-16 15:23:00,5,ルーキーシリーズ第6戦 みどり市議会議長杯,2,5134,大原 祥昌,3,26,52.8,0,0,0.15,5.35,34.51,54.87,5.44,33.33,55.56,29.09,56.36,26.09,39.13
2026-03-16,1,1,2026-03-16 15:23:00,5,ルーキーシリーズ第6戦 みどり市議会議長杯,3,5355,萩原 丈太朗,3,21,55.5,0,0,0.19,1.94,5.56,8.33,0,0,0,38.1,55.56,25,39.71
2026-03-16,1,1,2026-03-16 15:23:00,5,ルーキーシリーズ第6戦 みどり市議会議長杯,4,5252,荒木 颯斗,2,23,52.5,0,0,0.15,5.85,38.32,65.42,3.78,18.52,37.04,32.69,55.77,23.08,35.38
2026-03-16,1,1,2026-03-16 15:23:00,5,ルーキーシリーズ第6戦 みどり市議会議長杯,5,5377,鳥居塚 嶺王,3,21,50,1,0,0.15,3.48,15.15,27.27,2.62,8.51,14.89,38.78,57.14,33.33,45.45
2026-03-16,1,1,2026-03-16 15:23:00,5,ルーキーシリーズ第6戦 みどり市議会議長杯,6,5328,井上 慧人,3,22,54,1,0,0.18,4.09,17.86,35.71,0,0,0,43.9,56.1,34.25,53.42
2026-03-16,1,2,2026-03-16 15:50:00,5,ルーキーシリーズ第6戦 みどり市議会議長杯,1,5307,富永 夏哉人,3,22,52.4,0,0,0.2,4.6,24.44,45.56,5.67,44.44,66.67,36.07,45.9,33.85,44.62
2026-03-16,1,2,2026-03-16 15:50:00,5,ルーキーシリーズ第6戦 みどり市議会議長杯,2,5152,丸山 祐也,3,30,50,0,0,0.21,4.57,25.68,36.49,4.14,17.24,37.93,38.89,61.11,39.13,57.97
2026-03-16,1,2,2026-03-16 15:50:00,5,ルーキーシリーズ第6戦 みどり市議会議長杯,3,5300,横田 海人,3,23,52.8,0,0,0.18,2.48,8.33,11.67,2.74,17.39,21.74,37.5,56.25,34.33,53.73
2026-03-16,1,2,2026-03-16 15:50:00,5,ルーキーシリーズ第6戦 みどり市議会議長杯,4,5234,塚越 海斗,2,27,52.6,0,0,0.16,6.64,50,69.17,6.44,50,69.23,31.25,43.75,23.44,40.63
2026-03-16,1,2,2026-03-16 15:50:00,5,ルーキーシリーズ第6戦 みどり市議会議長杯,5,5336,瀬川 大地,3,20,53.9,0,0,0.19,2.57,8.33,13.89,0,0,0,14.58,35.42,39.13,59.42
2026-03-16,1,2,2026-03-16 15:50:00,5,ルーキーシリーズ第6戦 みどり市議会議長杯,6,5143,常盤 海心,3,25,53.4,0,0,0.19,4.37,22.09,43.02,0,0,0,20.41,34.69,42.47,57.53
2026-03-16,1,3,2026-03-16 16:17:00,5,ルーキーシリーズ第6戦 みどり市議会議長杯,1,5302,秋末 秦悟,3,23,52.7,0,0,0.19,3.78,17.28,29.63,3.12,11.76,29.41,40.74,53.7,22.54,32.39
2026-03-16,1,3,2026-03-16 16:17:00,5,ルーキーシリーズ第6戦 みどり市議会議長杯,2,5240,高橋 龍治,3,25,53.6,0,0,0.17,5.37,38,54,4.68,22.73,40.91,30.51,50.85,30.88,48.53
2026-03-16,1,3,2026-03-16 16:17:00,5,ルーキーシリーズ第6戦 みどり市議会議長杯,3,5282,中本 大樹,3,22,53.5,0,0,0.17,4.47,19.39,40.82,4,14.29,28.57,30.19,37.74,43.66,63.38
2026-03-16,1,3,2026-03-16 16:17:00,5,ルーキーシリーズ第6戦 みどり市議会議長杯,4,5364,金子 怜央,4,26,52.6,0,0,0.18,2.26,5.17,10.34,2.43,5.71,11.43,37.7,47.54,30,47.14
2026-03-16,1,3,2026-03-16 16:17:00,5,ルーキーシリーズ第6戦 みどり市議会議長杯,5,5312,川辺 郭人,3,25,54.1,0,0,0.17,3.27,14.63,20.73,0,0,0,28.57,33.93,19.18,28.77
2026-03-16,1,3,2026-03-16 16:17:00,5,ルーキーシリーズ第6戦 みどり市議会議長杯,6,5166,仲道 大輔,2,25,52,1,0,0.2,6.19,36.27,65.69,6.16,42.11,57.89,33.33,46.67,35.71,52.86
2026-03-16,1,4,2026-03-16 16:45:00,5,ルーキーシリーズ第6戦 みどり市議会議長杯,1,5178,成貞 琳平,3,29,53.8,0,0,0.2,4.33,23.76,38.61,4.89,11.11,66.67,31.82,54.55,34.78,53.62
2026-03-16,1,4,2026-03-16 16:45:00,5,ルーキーシリーズ第6戦 みどり市議会議長杯,2,5294,豊田 祥生,3,24,50.5,0,0,0.17,3.81,17.02,27.66,3,22.22,22.22,40.82,59.18,35.62,47.95
2026-03-16,1,4,2026-03-16 16:45:00,5,ルーキーシリーズ第6戦 みどり市議会議長杯,3,5263,花田 凱成,3,27,52,0,0,0.18,4.45,20.83,42.71,3.33,11.11,33.33,30.51,42.37,30.56,51.39
2026-03-16,1,4,2026-03-16 16:45:00,5,ルーキーシリーズ第6戦 みどり市議会議長杯,4,5374,木山 大聖,3,22,51,0,0,0.17,2.51,4.62,12.31,0,0,0,13.51,27.03,36.92,53.85
2026-03-16,1,4,2026-03-16 16:45:00,5,ルーキーシリーズ第6戦 みどり市議会議長杯,5,5236,小宮 涼雅,3,27,52.6,0,0,0.19,3.76,19.1,34.83,4.38,25,50,21.57,37.25,38.81,56.72
2026-03-16,1,4,2026-03-16 16:45:00,5,ルーキーシリーズ第6戦 みどり市議会議長杯,6,5278,田中 駿兵,1,23,52.5,0,0,0.14,7.3,61.36,77.27,0,0,0,23.33,38.33,42.65,61.76
2026-03-16,1,5,2026-03-16 17:15:00,5,ルーキーシリーズ第6戦 みどり市議会議長杯,1,5270,小玉 啓太,3,24,53.7,0,0,0.17,5.05,32.53,50.6,3.22,0,22.22,22.95,50.82,31.51,50.68
2026-03-16,1,5,2026-03-16 17:15:00,5,ルーキーシリーズ第6戦 みどり市議会議長杯,2,5345,牧村 俊輝,3,22,52.7,0,0,0.2,2.41,4.23,7.04,1.5,0,0,28.07,42.11,26.23,40.98
2026-03-16,1,5,2026-03-16 17:15:00,5,ルーキーシリーズ第6戦 みどり市議会議長杯,3,5212,西川 拓利,3,27,53.1,0,0,0.14,5.97,41.57,58.43,5.44,34.38,53.13,37.78,48.89,37.68,60.87
2026-03-16,1,5,2026-03-16 17:15:00,5,ルーキーシリーズ第6戦 みどり市議会議長杯,4,5377,鳥居塚 嶺王,3,21,50,1,0,0.15,3.48,15.15,27.27,2.62,8.51,14.89,38.78,57.14,33.33,45.45
2026-03-16,1,5,2026-03-16 17:15:00,5,ルーキーシリーズ第6戦 みどり市議会議長杯,5,5206,梅原 祥平,3,28,52,0,0,0.14,3.12,16.67,23.81,0,0,0,37.14,54.29,26.76,46.48
2026-03-16,1,5,2026-03-16 17:15:00,5,ルーキーシリーズ第6戦 みどり市議会議長杯,6,5034,若林 義人,1,28,55.9,0,0,0.14,6.33,49.3,61.97,5.75,30,55,22,36,46.55,63.79
2026-03-16,1,6,2026-03-16 17:50:00,5,ルーキーシリーズ第6戦 みどり市議会議長杯,1,5221,竹間 隆晟,1,25,52.5,0,0,0.15,6.1,44.62,57.69,5.85,37.04,51.85,38.1,57.14,49.28,68.12
2026-03-16,1,6,2026-03-16 17:50:00,5,ルーキーシリーズ第6戦 みどり市議会議長杯,2,5131,江藤 敦宏,3,26,52.3,0,0,0.18,3.47,10.61,27.27,4.22,22.22,44.44,24.07,38.89,32.88,49.32
2026-03-16,1,6,2026-03-16 17:50:00,5,ルーキーシリーズ第6戦 みどり市議会議長杯,3,5301,岩下 巧斗,3,23,51.5,0,0,0.16,4.46,22.22,37.5,3.27,10.71,21.43,25,45.83,41.79,58.21
2026-03-16,1,6,2026-03-16 17:50:00,5,ルーキーシリーズ第6戦 みどり市議会議長杯,4,5311,小林 京平,3,28,52,1,0,0.17,5.23,29.67,52.75,0,0,0,19.64,33.93,33.33,44.93
2026-03-16,1,6,2026-03-16 17:50:00,5,ルーキーシリーズ第6戦 みどり市議会議長杯,5,5134,大原 祥昌,3,26,52.9,0,0,0.15,5.35,34.51,54.87,5.44,33.33,55.56,29.09,56.36,26.09,39.13
2026-03-16,1,6,2026-03-16 17:50:00,5,ルーキーシリーズ第6戦 みどり市議会議長杯,6,5405,竹内 来,4,21,52.3,0,0,0.19,2,3.08,4.62,0,0,0,28.57,46.03,30,40
2026-03-16,1,7,2026-03-16 18:17:00,5,ルーキーシリーズ第6戦 みどり市議会議長杯,1,5114,小林 孝彰,2,26,52.7,0,0,0.16,5.12,33.87,48.39,0,0,0,33.96,52.83,29.17,50
2026-03-16,1,7,2026-03-16 18:17:00,5,ルーキーシリーズ第6戦 みどり市議会議長杯,2,5300,横田 海人,3,23,52.8,0,0,0.18,2.48,8.33,11.67,2.74,17.39,21.74,37.5,56.25,34.33,53.73
2026-03-16,1,7,2026-03-16 18:17:00,5,ルーキーシリーズ第6戦 みどり市議会議長杯,3,5216,長谷川 晴哉,2,26,52.8,0,0,0.15,6,44.55,58.18,6.16,43.98,62.65,33.9,54.24,18.84,43.48
2026-03-16,1,7,2026-03-16 18:17:00,5,ルーキーシリーズ第6戦 みどり市議会議長杯,4,5312,川辺 郭人,3,25,54.1,0,0,0.17,3.27,14.63,20.73,0,0,0,28.57,33.93,19.18,28.77
2026-03-16,1,7,2026-03-16 18:17:00,5,ルーキーシリーズ第6戦 みどり市議会議長杯,5,5328,井上 慧人,3,22,54,1,0,0.18,4.09,17.86,35.71,0,0,0,43.9,56.1,34.25,53.42
2026-03-16,1,7,2026-03-16 18:17:00,5,ルーキーシリーズ第6戦 みどり市議会議長杯,6,5349,宮崎 奏磨,4,22,53.2,0,0,0.19,1.42,1.67,3.33,1.44,0,3.7,28.57,40.82,32.39,46.48
2026-03-16,1,8,2026-03-16 18:45:00,5,ルーキーシリーズ第6戦 みどり市議会議長杯,1,5252,荒木 颯斗,2,23,52.5,0,0,0.15,5.85,38.32,65.42,3.78,18.52,37.04,32.69,55.77,23.08,35.38
2026-03-16,1,8,2026-03-16 18:45:00,5,ルーキーシリーズ第6戦 みどり市議会議長杯,2,5313,鈴木 唯央,3,25,52.1,0,0,0.18,4.23,20.2,34.34,2.84,10.53,20,32.65,46.94,20.83,38.89
2026-03-16,1,8,2026-03-16 18:45:00,5,ルーキーシリーズ第6戦 みどり市議会議長杯,3,5302,秋末 秦悟,3,23,52.7,0,0,0.19,3.78,17.28,29.63,3.12,11.76,29.41,40.74,53.7,22.54,32.39
2026-03-16,1,8,2026-03-16 18:45:00,5,ルーキーシリーズ第6戦 みどり市議会議長杯,4,5263,花田 凱成,3,27,52,0,0,0.18,4.45,20.83,42.71,3.33,11.11,33.33,30.51,42.37,30.56,51.39
2026-03-16,1,8,2026-03-16 18:45:00,5,ルーキーシリーズ第6戦 みどり市議会議長杯,5,5217,藤原 碧生,1,25,52,0,0,0.16,6.49,42.59,63.89,7.22,48.15,74.07,21.74,41.3,30.99,46.48
2026-03-16,1,8,2026-03-16 18:45:00,5,ルーキーシリーズ第6戦 みどり市議会議長杯,6,5336,瀬川 大地,3,20,53.9,0,0,0.19,2.57,8.33,13.89,0,0,0,14.58,35.42,39.13,59.42
2026-03-16,1,9,2026-03-16 19:17:00,5,ルーキーシリーズ第6戦 みどり市議会議長杯,1,5282,中本 大樹,3,22,53.5,0,0,0.17,4.47,19.39,40.82,4,14.29,28.57,30.19,37.74,43.66,63.38
2026-03-16,1,9,2026-03-16 19:17:00,5,ルーキーシリーズ第6戦 みどり市議会議長杯,2,5039,倉田 茂将,2,27,56.1,1,0,0.15,4.74,32.35,42.65,6.75,66.67,66.67,39.29,53.57,36.62,61.97
2026-03-16,1,9,2026-03-16 19:17:00,5,ルーキーシリーズ第6戦 みどり市議会議長杯,3,5234,塚越 海斗,2,27,52.6,0,0,0.16,6.64,50,69.17,6.44,50,69.23,31.25,43.75,23.44,40.63
2026-03-16,1,9,2026-03-16 19:17:00,5,ルーキーシリーズ第6戦 みどり市議会議長杯,4,5206,梅原 祥平,3,28,52,0,0,0.14,3.12,16.67,23.81,0,0,0,37.14,54.29,26.76,46.48
2026-03-16,1,9,2026-03-16 19:17:00,5,ルーキーシリーズ第6戦 みどり市議会議長杯,5,5351,齊藤 廉,3,21,52.2,0,0,0.15,4.3,25,36.25,0,0,0,29.31,53.45,21.74,44.93
2026-03-16,1,9,2026-03-16 19:17:00,5,ルーキーシリーズ第6戦 みどり市議会議長杯,6,5236,小宮 涼雅,3,27,52.6,0,0,0.19,3.76,19.1,34.83,4.38,25,50,21.57,37.25,38.81,56.72
2026-03-16,1,10,2026-03-16 19:47:00,5,ルーキーシリーズ第6戦 みどり市議会議長杯,1,5212,西川 拓利,3,27,53.1,0,0,0.14,5.97,41.57,58.43,5.44,34.38,53.13,37.78,48.89,37.68,60.87
2026-03-16,1,10,2026-03-16 19:47:00,5,ルーキーシリーズ第6戦 みどり市議会議長杯,2,5278,田中 駿兵,1,23,52.5,0,0,0.14,7.3,61.36,77.27,0,0,0,23.33,38.33,42.65,61.76
2026-03-16,1,10,2026-03-16 19:47:00,5,ルーキーシリーズ第6戦 みどり市議会議長杯,3,5166,仲道 大輔,2,25,52,1,0,0.2,6.19,36.27,65.69,6.16,42.11,57.89,33.33,46.67,35.71,52.86
2026-03-16,1,10,2026-03-16 19:47:00,5,ルーキーシリーズ第6戦 みどり市議会議長杯,4,5307,富永 夏哉人,3,22,52.4,0,0,0.2,4.6,24.44,45.56,5.67,44.44,66.67,36.07,45.9,33.85,44.62
2026-03-16,1,10,2026-03-16 19:47:00,5,ルーキーシリーズ第6戦 みどり市議会議長杯,5,5285,若林 麗,3,26,52,0,0,0.17,3.96,21.11,32.22,2.41,4.55,15.91,24.14,39.66,27.78,40.28
2026-03-16,1,10,2026-03-16 19:47:00,5,ルーキーシリーズ第6戦 みどり市議会議長杯,6,5160,藤森 陸斗,2,27,53.7,0,0,0.15,5.55,38.26,53.04,0,0,0,37.1,59.68,37.14,54.29
2026-03-16,1,11,2026-03-16 20:15:00,5,ルーキーシリーズ第6戦 みどり市議会議長杯,1,5220,青木 蓮,1,25,51.5,0,0,0.14,6.18,43.8,62.04,5.84,45.95,56.76,34.78,52.17,34.72,52.78
2026-03-16,1,11,2026-03-16 20:15:00,5,ルーキーシリーズ第6戦 みどり市議会議長杯,2,5150,坂本 雄紀,2,31,52,0,0,0.15,6.38,49.51,67.96,5.87,45.13,61.06,42,66,47.3,62.16
2026-03-16,1,11,2026-03-16 20:15:00,5,ルーキーシリーズ第6戦 みどり市議会議長杯,3,5114,小林 孝彰,2,26,52.7,0,0,0.16,5.12,33.87,48.39,0,0,0,33.96,52.83,29.17,50
2026-03-16,1,11,2026-03-16 20:15:00,5,ルーキーシリーズ第6戦 みどり市議会議長杯,4,5270,小玉 啓太,3,24,53.7,0,0,0.17,5.05,32.53,50.6,3.22,0,22.22,22.95,50.82,31.51,50.68
2026-03-16,1,11,2026-03-16 20:15:00,5,ルーキーシリーズ第6戦 みどり市議会議長杯,5,5294,豊田 祥生,3,24,50.5,0,0,0.17,3.81,17.02,27.66,3,22.22,22.22,40.82,59.18,35.62,47.95
2026-03-16,1,11,2026-03-16 20:15:00,5,ルーキーシリーズ第6戦 みどり市議会議長杯,6,5240,高橋 龍治,3,25,53.6,0,0,0.17,5.37,38,54,4.68,22.73,40.91,30.51,50.85,30.88,48.53
2026-03-16,1,12,2026-03-16 20:45:00,5,ルーキーシリーズ第6戦 みどり市議会議長杯,1,5217,藤原 碧生,1,25,52,0,0,0.16,6.49,42.59,63.89,7.22,48.15,74.07,21.74,41.3,30.99,46.48
2026-03-16,1,12,2026-03-16 20:45:00,5,ルーキーシリーズ第6戦 みどり市議会議長杯,2,5034,若林 義人,1,28,55.9,0,0,0.14,6.33,49.3,61.97,5.75,30,55,22,36,46.55,63.79
2026-03-16,1,12,2026-03-16 20:45:00,5,ルーキーシリーズ第6戦 みどり市議会議長杯,3,5132,中野 希一,1,26,52.7,0,0,0.13,6.87,55.96,73.39,6.13,43.33,60,31.25,54.17,34.48,53.45
2026-03-16,1,12,2026-03-16 20:45:00,5,ルーキーシリーズ第6戦 みどり市議会議長杯,4,5196,鰐部 太空海,1,24,53.5,0,0,0.16,7.37,59.32,81.36,7.38,62.5,75,37.88,62.12,43.06,54.17
2026-03-16,1,12,2026-03-16 20:45:00,5,ルーキーシリーズ第6戦 みどり市議会議長杯,5,5221,竹間 隆晟,1,25,52.5,0,0,0.15,6.1,44.62,57.69,5.85,37.04,51.85,38.1,57.14,49.28,68.12
2026-03-16,1,12,2026-03-16 20:45:00,5,ルーキーシリーズ第6戦 みどり市議会議長杯,6,5216,長谷川 晴哉,2,26,52.8,0,0,0.15,6,44.55,58.18,6.16,43.98,62.65,33.9,54.24,18.84,43.48
2026-03-16,3,1,2026-03-16 11:22:00,5,新小岩ホルモン平田杯,1,4660,宇田川 信一,4,34,52,0,0,0.22,3.87,15.58,31.17,4.94,31.75,47.62,30.85,51.6,31.75,48.68
2026-03-16,3,1,2026-03-16 11:22:00,5,新小岩ホルモン平田杯,2,5209,小野 京平,4,28,55.3,0,0,0.23,3.4,6.67,23.33,0,0,0,31.96,54.64,30.21,49.48
2026-03-16,3,1,2026-03-16 11:22:00,5,新小岩ホルモン平田杯,3,5036,福田 翔吾,3,28,52.1,0,0,0.19,5.21,38.24,47.06,4.93,28.57,42.86,30.85,50.25,40,53.14
2026-03-16,3,1,2026-03-16 11:22:00,5,新小岩ホルモン平田杯,4,5371,早川 颯太,4,23,52.5,0,0,0.21,1.46,1.64,1.64,1.48,2.38,2.38,43.88,57.14,31.21,50.87
2026-03-16,3,1,2026-03-16 11:22:00,5,新小岩ホルモン平田杯,5,3401,上田 隆章,3,58,52.1,0,0,0.23,4.52,26.6,40.43,5.67,36.11,50,50.28,67.96,38.29,53.6
2026-03-16,3,1,2026-03-16 11:22:00,5,新小岩ホルモン平田杯,6,4896,花本 剛,3,34,58,0,0,0.19,4.33,21.59,39.77,3.48,8.7,26.09,37.25,56.37,32.55,50
2026-03-16,3,2,2026-03-16 11:51:00,5,新小岩ホルモン平田杯,1,4204,柴田 大輔,3,43,51.5,0,0,0.2,5.31,36.36,53.41,7.92,76.92,84.62,32.31,47.18,35.5,52
2026-03-16,3,2,2026-03-16 11:51:00,5,新小岩ホルモン平田杯,2,3934,鋤柄 貴俊,3,49,52.8,0,0,0.17,5.02,27.71,49.4,5.43,35,55,47.89,62.11,32.7,52.61
2026-03-16,3,2,2026-03-16 11:51:00,5,新小岩ホルモン平田杯,3,4440,萩原 知哉,3,39,54,0,0,0.17,4.4,16.25,37.5,5,26.97,48.31,42.78,55.61,34.07,49.45
2026-03-16,3,2,2026-03-16 11:51:00,5,新小岩ホルモン平田杯,4,4007,榮田 将彦,3,47,51,0,0,0.12,4.47,22.45,46.94,2.22,0,0,44.22,65.33,31.58,47.85
2026-03-16,3,2,2026-03-16 11:51:00,5,新小岩ホルモン平田杯,5,5081,篠原 飛翔,2,27,53,0,0,0.18,6.14,41.8,65.57,6,50,62.5,32.82,47.18,34.9,49.48
2026-03-16,3,2,2026-03-16 11:51:00,5,新小岩ホルモン平田杯,6,4261,岡 祐臣,1,41,55.4,0,0,0.16,6.08,40.8,62.4,0,0,0,37.06,51.27,43.48,61.35
2026-03-16,3,3,2026-03-16 12:17:00,5,新小岩ホルモン平田杯,1,5368,宮崎 心之介,4,24,52,1,0,0.21,4.15,25,40.28,4.86,27.27,50,34.95,50.97,37.95,57.59
2026-03-16,3,3,2026-03-16 12:17:00,5,新小岩ホルモン平田杯,2,4388,是澤 孝宏,2,40,51.5,0,0,0.18,6.09,39.37,63.78,5.91,35.71,57.14,35.42,57.81,35.75,57.49
2026-03-16,3,3,2026-03-16 12:17:00,5,新小岩ホルモン平田杯,3,4574,東 潤樹,3,37,52.1,0,0,0.17,5.35,34.38,54.17,4.41,21.88,37.5,39.51,58.05,29.21,43.07
2026-03-16,3,3,2026-03-16 12:17:00,5,新小岩ホルモン平田杯,4,5354,渡邊 雄斗,4,21,52,0,0,0.22,2.75,11.27,14.08,1.86,0,5.56,26.32,50.88,32.22,52.22
2026-03-16,3,3,2026-03-16 12:17:00,5,新小岩ホルモン平田杯,5,4437,中田 元泰,1,39,53.3,0,0,0.16,6.15,50.44,62.83,5.61,38.89,50,42.71,55.78,38.12,52.48
2026-03-16,3,3,2026-03-16 12:17:00,5,新小岩ホルモン平田杯,6,3277,齋藤 勇,3,59,52,0,0,0.17,4.18,19.79,35.42,4.85,27.72,44.55,38.5,58,40.4,58.08
2026-03-16,3,4,2026-03-16 12:43:00,5,新小岩ホルモン平田杯,1,5038,金田 智博,2,27,52,0,0,0.17,6.67,52.63,71.93,6.27,43.9,63.41,26.51,40.96,40.2,53.92
2026-03-16,3,4,2026-03-16 12:43:00,5,新小岩ホルモン平田杯,2,5247,大森 翼,3,24,52.3,0,0,0.16,4.18,18.82,41.18,1.83,0,0,34.52,51.78,38.3,55.32
2026-03-16,3,4,2026-03-16 12:43:00,5,新小岩ホルモン平田杯,3,4083,福島 勇樹,1,46,52.2,0,0,0.14,7.15,57.52,75.22,0,0,0,40.31,63.78,35.71,51.9
2026-03-16,3,4,2026-03-16 12:43:00,5,新小岩ホルモン平田杯,4,3742,宮地 秀祈,3,51,52,0,0,0.18,4.56,24.66,43.84,5,37.5,37.5,29.12,44.51,37.63,53.09
2026-03-16,3,4,2026-03-16 12:43:00,5,新小岩ホルモン平田杯,5,3075,中村 裕将,3,63,55.3,0,0,0.13,4.27,23.6,35.96,5.15,33.87,50,31.44,51.03,29.95,44.92
2026-03-16,3,4,2026-03-16 12:43:00,5,新小岩ホルモン平田杯,6,4679,植田 太一,1,36,58.9,0,0,0.16,5.58,37.74,53.77,5.48,33.33,57.14,41.62,57.36,32.66,45.23
2026-03-16,3,5,2026-03-16 13:09:00,5,新小岩ホルモン平田杯,1,5258,仲本 舜,3,20,52.3,0,0,0.17,4.96,26.58,43.04,3.13,0,12.5,34,53.5,41.12,54.82
2026-03-16,3,5,2026-03-16 13:09:00,5,新小岩ホルモン平田杯,2,3868,尾形 栄治,3,50,54,0,0,0.2,4.53,24.72,39.33,5.17,31.71,50,39.09,55.84,35.15,50.5
2026-03-16,3,5,2026-03-16 13:09:00,5,新小岩ホルモン平田杯,3,4607,鶴田 勇雄,2,36,52.6,0,0,0.18,5.56,33.6,58.4,7.75,62.5,100,27.36,41.79,33.85,51.04
2026-03-16,3,5,2026-03-16 13:09:00,5,新小岩ホルモン平田杯,4,5381,有山 望,3,21,51,1,0,0.18,2.65,4.84,11.29,0,0,0,31.58,48.42,36.6,53.61
2026-03-16,3,5,2026-03-16 13:09:00,5,新小岩ホルモン平田杯,5,4172,森定 晃史,2,43,52,0,0,0.15,5.89,43.22,61.02,5.44,32,40,38.54,52.68,41.29,58.21
2026-03-16,3,5,2026-03-16 13:09:00,5,新小岩ホルモン平田杯,6,3482,金子 猛志,2,55,57.1,0,0,0.16,4.8,27.68,42.86,5.51,35.21,54.93,34.65,51.98,34.59,51.89
2026-03-16,3,6,2026-03-16 13:35:00,5,新小岩ホルモン平田杯,1,4358,松本 庸平,3,41,52,1,0,0.2,4.23,23.94,35.21,5.1,30.95,50,37.06,57.87,33.16,48.7
2026-03-16,3,6,2026-03-16 13:35:00,5,新小岩ホルモン平田杯,2,5036,福田 翔吾,3,28,52.1,0,0,0.19,5.21,38.24,47.06,4.93,28.57,42.86,30.85,50.25,40,53.14
2026-03-16,3,6,2026-03-16 13:35:00,5,新小岩ホルモン平田杯,3,3647,伊藤 雄二,3,53,51,0,0,0.19,4.02,15.29,35.29,4.92,23.68,50,37.56,55.33,29.01,43.83
2026-03-16,3,6,2026-03-16 13:35:00,5,新小岩ホルモン平田杯,4,4075,中野 次郎,1,44,54,0,0,0.13,6.39,44,61.6,6.95,52.63,73.68,32.83,48.48,39.02,51.71
2026-03-16,3,6,2026-03-16 13:35:00,5,新小岩ホルモン平田杯,5,4550,石岡 将太,3,37,55.4,0,0,0.15,5.38,34.09,50,5.85,48.78,58.54,32.09,51.34,29.03,45.16
2026-03-16,3,6,2026-03-16 13:35:00,5,新小岩ホルモン平田杯,6,3965,北中 元樹,2,46,53.3,0,0,0.17,6.56,51.38,71.56,0,0,0,25.99,41.81,29.41,47.55
2026-03-16,3,7,2026-03-16 14:10:00,5,新小岩ホルモン平田杯,1,4491,田中 堅,3,39,52.5,0,0,0.19,4.41,19.74,36.84,6.25,45,65,42.35,57.14,35.8,51.14
2026-03-16,3,7,2026-03-16 14:10:00,5,新小岩ホルモン平田杯,2,4574,東 潤樹,3,37,52.1,0,0,0.17,5.35,34.38,54.17,4.41,21.88,37.5,39.51,58.05,29.21,43.07
2026-03-16,3,7,2026-03-16 14:10:00,5,新小岩ホルモン平田杯,3,3813,佐藤 大介,1,50,52,0,0,0.17,6.25,43.43,62.63,6.67,48.89,73.33,32.83,46.97,36.76,56.22
2026-03-16,3,7,2026-03-16 14:10:00,5,新小岩ホルモン平田杯,4,4063,市橋 卓士,1,46,56.1,0,0,0.13,6.32,46.46,63.78,0,0,0,32.8,48.68,31.31,45.96
2026-03-16,3,7,2026-03-16 14:10:00,5,新小岩ホルモン平田杯,5,3911,鈴木 猛,2,52,52.8,0,0,0.16,5.37,35.65,47.83,5.19,26.92,47.44,34.2,48.19,38.02,54.17
2026-03-16,3,7,2026-03-16 14:10:00,5,新小岩ホルモン平田杯,6,4692,酒井 俊弘,3,42,52.1,0,0,0.15,5.6,42.53,54.02,5.6,40,70,35.2,51.53,35.26,52.63
2026-03-16,3,8,2026-03-16 14:36:00,5,新小岩ホルモン平田杯,1,4564,山本 景士郎,3,38,52.5,0,0,0.2,4.09,21.79,37.18,5,37.5,43.75,30.89,45.03,34.02,49.48
2026-03-16,3,8,2026-03-16 14:36:00,5,新小岩ホルモン平田杯,2,4007,榮田 将彦,3,47,51,0,0,0.12,4.47,22.45,46.94,2.22,0,0,44.22,65.33,31.58,47.85
2026-03-16,3,8,2026-03-16 14:36:00,5,新小岩ホルモン平田杯,3,4375,照屋 厚仁,2,41,53.2,0,0,0.17,5.87,43.22,61.86,5.89,38.89,61.11,33.33,49.74,32.99,50.25
2026-03-16,3,8,2026-03-16 14:36:00,5,新小岩ホルモン平田杯,4,4926,吉川 貴仁,1,32,52.2,1,0,0.14,7.84,68.35,81.01,0,0,0,37.11,57.22,33.5,45.5
2026-03-16,3,8,2026-03-16 14:36:00,5,新小岩ホルモン平田杯,5,5371,早川 颯太,4,23,52.5,0,0,0.21,1.46,1.64,1.64,1.48,2.38,2.38,43.88,57.14,31.21,50.87
2026-03-16,3,8,2026-03-16 14:36:00,5,新小岩ホルモン平田杯,6,4441,末永 由楽,2,39,54.5,0,0,0.14,6.72,48.67,75.22,6.11,51.79,60.71,26.7,43.75,30.59,48.24
2026-03-16,3,9,2026-03-16 15:05:00,5,新小岩ホルモン平田杯,1,4535,北山 康介,1,36,53.7,0,0,0.14,6.46,50,64.81,7.67,55.56,88.89,30.69,49.74,36.55,53.81
2026-03-16,3,9,2026-03-16 15:05:00,5,新小岩ホルモン平田杯,2,3075,中村 裕将,3,63,55.3,0,0,0.13,4.27,23.6,35.96,5.15,33.87,50,31.44,51.03,29.95,44.92
2026-03-16,3,9,2026-03-16 15:05:00,5,新小岩ホルモン平田杯,3,5209,小野 京平,4,28,55.3,0,0,0.23,3.4,6.67,23.33,0,0,0,31.96,54.64,30.21,49.48
2026-03-16,3,9,2026-03-16 15:05:00,5,新小岩ホルモン平田杯,4,3934,鋤柄 貴俊,3,49,52.8,0,0,0.17,5.02,27.71,49.4,5.43,35,55,47.89,62.11,32.7,52.61
2026-03-16,3,9,2026-03-16 15:05:00,5,新小岩ホルモン平田杯,5,3256,三角 哲男,2,59,52.2,0,0,0.14,6.19,46.88,63.54,6.85,51.22,75.61,31.52,50.54,35.57,47.94
2026-03-16,3,9,2026-03-16 15:05:00,5,新小岩ホルモン平田杯,6,4451,松崎 祐太郎,1,38,52,0,0,0.16,6.02,40.98,60.66,7.53,60,93.33,30.61,47.96,39.31,53.18
2026-03-16,3,10,2026-03-16 15:31:00,5,新小岩ホルモン平田杯,1,4172,森定 晃史,2,43,52,0,0,0.15,5.89,43.22,61.02,5.44,32,40,38.54,52.68,41.29,58.21
2026-03-16,3,10,2026-03-16 15:31:00,5,新小岩ホルモン平田杯,2,4437,中田 元泰,1,39,53.3,0,0,0.16,6.15,50.44,62.83,5.61,38.89,50,42.71,55.78,38.12,52.48
2026-03-16,3,10,2026-03-16 15:31:00,5,新小岩ホルモン平田杯,3,4204,柴田 大輔,3,43,51.5,0,0,0.2,5.31,36.36,53.41,7.92,76.92,84.62,32.31,47.18,35.5,52
2026-03-16,3,10,2026-03-16 15:31:00,5,新小岩ホルモン平田杯,4,4053,芦澤 望,2,48,55.8,0,0,0.15,6.07,41.67,61.67,6.11,44.44,55.56,36.5,52,30.58,48.54
2026-03-16,3,10,2026-03-16 15:31:00,5,新小岩ホルモン平田杯,5,4896,花本 剛,3,34,58,0,0,0.19,4.33,21.59,39.77,3.48,8.7,26.09,37.25,56.37,32.55,50
2026-03-16,3,10,2026-03-16 15:31:00,5,新小岩ホルモン平田杯,6,3742,宮地 秀祈,3,51,52,0,0,0.18,4.56,24.66,43.84,5,37.5,37.5,29.12,44.51,37.63,53.09
2026-03-16,3,11,2026-03-16 15:57:00,5,新小岩ホルモン平田杯,1,4607,鶴田 勇雄,2,36,52.6,0,0,0.18,5.56,33.6,58.4,7.75,62.5,100,27.36,41.79,33.85,51.04
2026-03-16,3,11,2026-03-16 15:57:00,5,新小岩ホルモン平田杯,2,4491,田中 堅,3,39,52.5,0,0,0.19,4.41,19.74,36.84,6.25,45,65,42.35,57.14,35.8,51.14
2026-03-16,3,11,2026-03-16 15:57:00,5,新小岩ホルモン平田杯,3,4388,是澤 孝宏,2,40,51.5,0,0,0.18,6.09,39.37,63.78,5.91,35.71,57.14,35.42,57.81,35.75,57.49
2026-03-16,3,11,2026-03-16 15:57:00,5,新小岩ホルモン平田杯,4,5081,篠原 飛翔,2,27,53,0,0,0.18,6.14,41.8,65.57,6,50,62.5,32.82,47.18,34.9,49.48
2026-03-16,3,11,2026-03-16 15:57:00,5,新小岩ホルモン平田杯,5,4660,宇田川 信一,4,34,52,0,0,0.22,3.87,15.58,31.17,4.94,31.75,47.62,30.85,51.6,31.75,48.68
2026-03-16,3,11,2026-03-16 15:57:00,5,新小岩ホルモン平田杯,6,4075,中野 次郎,1,44,54,0,0,0.13,6.39,44,61.6,6.95,52.63,73.68,32.83,48.48,39.02,51.71
2026-03-16,3,12,2026-03-16 16:25:00,5,新小岩ホルモン平田杯,1,4083,福島 勇樹,1,46,52.2,0,0,0.14,7.15,57.52,75.22,0,0,0,40.31,63.78,35.71,51.9
2026-03-16,3,12,2026-03-16 16:25:00,5,新小岩ホルモン平田杯,2,4550,石岡 将太,3,37,55.4,0,0,0.15,5.38,34.09,50,5.85,48.78,58.54,32.09,51.34,29.03,45.16
2026-03-16,3,12,2026-03-16 16:25:00,5,新小岩ホルモン平田杯,3,5368,宮崎 心之介,4,24,52,1,0,0.21,4.15,25,40.28,4.86,27.27,50,34.95,50.97,37.95,57.59
2026-03-16,3,12,2026-03-16 16:25:00,5,新小岩ホルモン平田杯,4,4375,照屋 厚仁,2,41,53.2,0,0,0.17,5.87,43.22,61.86,5.89,38.89,61.11,33.33,49.74,32.99,50.25
2026-03-16,3,12,2026-03-16 16:25:00,5,新小岩ホルモン平田杯,5,4261,岡 祐臣,1,41,55.4,0,0,0.16,6.08,40.8,62.4,0,0,0,37.06,51.27,43.48,61.35
2026-03-16,3,12,2026-03-16 16:25:00,5,新小岩ホルモン平田杯,6,4063,市橋 卓士,1,46,56.1,0,0,0.13,6.32,46.46,63.78,0,0,0,32.8,48.68,31.31,45.96
2026-03-16,5,1,2026-03-16 11:11:00,5,多摩川巧者決定戦!第21回澤乃井カップ,1,3286,坂東 満,3,57,52,0,0,0.15,4.59,28.57,48.21,3.43,14.29,28.57,44.79,59.51,35.05,52.34
2026-03-16,5,1,2026-03-16 11:11:00,5,多摩川巧者決定戦!第21回澤乃井カップ,2,3591,後藤 孝義,4,57,52,0,0,0.17,3.48,16.67,25,2.47,0,13.33,32.92,48.97,37.26,56.6
2026-03-16,5,1,2026-03-16 11:11:00,5,多摩川巧者決定戦!第21回澤乃井カップ,3,4430,永田 秀二,2,40,55.8,0,0,0.17,6.22,43.97,61.21,5.81,40.43,59.57,41.07,58.48,40.22,57.07
2026-03-16,5,1,2026-03-16 11:11:00,5,多摩川巧者決定戦!第21回澤乃井カップ,4,5383,中村 楓,4,21,53.5,0,0,0.17,1.9,1.16,4.65,0,0,0,37.34,56.22,40.47,55.81
2026-03-16,5,1,2026-03-16 11:11:00,5,多摩川巧者決定戦!第21回澤乃井カップ,5,4281,大澤 大夢,3,42,53.6,0,0,0.14,5.16,32.91,51.9,5.28,30.56,58.33,26.32,45.45,31.07,46.12
2026-03-16,5,1,2026-03-16 11:11:00,5,多摩川巧者決定戦!第21回澤乃井カップ,6,4422,永井 亮次,3,37,52,0,0,0.17,4.85,35.29,47.06,4.75,28.57,50,40.83,56.88,34.58,50.47
2026-03-16,5,2,2026-03-16 11:42:00,5,多摩川巧者決定戦!第21回澤乃井カップ,1,2538,高橋 二朗,3,76,52.1,0,0,0.21,3.66,11.27,22.54,3.95,18.18,27.27,28.14,44.59,37.26,53.3
2026-03-16,5,2,2026-03-16 11:42:00,5,多摩川巧者決定戦!第21回澤乃井カップ,2,3690,河合 三弘,3,55,52.3,0,0,0.18,4.69,26.67,43.33,3.44,16,24,33.76,53.16,37.5,51.85
2026-03-16,5,2,2026-03-16 11:42:00,5,多摩川巧者決定戦!第21回澤乃井カップ,3,4339,平瀬 城啓,3,41,55.3,0,0,0.17,4.12,18.67,37.33,2.94,5.56,22.22,45.21,60.11,32.28,47.09
2026-03-16,5,2,2026-03-16 11:42:00,5,多摩川巧者決定戦!第21回澤乃井カップ,4,3619,長谷川 充,3,52,52,0,0,0.18,4.98,32.14,41.67,5.04,26.09,50,44.16,58.88,36.26,52.75
2026-03-16,5,2,2026-03-16 11:42:00,5,多摩川巧者決定戦!第21回澤乃井カップ,5,4945,上村 宏太,3,33,53.4,0,0,0.19,4.65,25.88,43.53,4.65,23.53,47.06,29.77,46.51,38.1,48.68
2026-03-16,5,2,2026-03-16 11:42:00,5,多摩川巧者決定戦!第21回澤乃井カップ,6,4227,安達 裕樹,2,43,52,0,0,0.15,5.95,39,54,5.08,27.78,50,30.11,41.48,42.86,55.71
2026-03-16,5,3,2026-03-16 12:18:00,5,多摩川巧者決定戦!第21回澤乃井カップ,1,4093,吉田 宗弘,3,45,51,0,0,0.19,4.12,19.75,38.27,4.25,21.15,36.54,33.48,48.93,33,50
2026-03-16,5,3,2026-03-16 12:18:00,5,多摩川巧者決定戦!第21回澤乃井カップ,2,4401,小林 泰,2,41,53.7,0,0,0.14,5.3,32.22,48.89,6.58,52.63,68.42,26.98,47.44,35.41,55.5
2026-03-16,5,3,2026-03-16 12:18:00,5,多摩川巧者決定戦!第21回澤乃井カップ,3,4435,服部 達哉,3,39,54.1,0,0,0.19,5.38,34.88,54.65,6.05,45.95,56.76,33.95,50.7,37.85,57.01
2026-03-16,5,3,2026-03-16 12:18:00,5,多摩川巧者決定戦!第21回澤乃井カップ,4,5441,鈴木 雄登,4,20,49.5,0,0,,3.77,21.21,28.79,0,0,0,35.42,46.67,36.36,52.15
2026-03-16,5,3,2026-03-16 12:18:00,5,多摩川巧者決定戦!第21回澤乃井カップ,5,4201,佐竹 友樹,3,43,52.7,0,0,0.16,4.59,23.08,41.03,5.71,40,54.29,43.43,62.15,34.88,52.56
2026-03-16,5,3,2026-03-16 12:18:00,5,多摩川巧者決定戦!第21回澤乃井カップ,6,4233,亀山 雅幸,2,42,52.2,0,0,0.18,5.91,39.22,65.69,6.26,46.51,65.12,31.44,47.6,30.37,45.33
2026-03-16,5,4,2026-03-16 12:48:00,5,多摩川巧者決定戦!第21回澤乃井カップ,1,4103,山崎 善庸,3,46,52.8,0,0,0.23,3.79,18.57,27.14,4.51,28.57,34.29,34.22,48.89,31.61,48.85
2026-03-16,5,4,2026-03-16 12:48:00,5,多摩川巧者決定戦!第21回澤乃井カップ,2,5004,河野 主樹,3,29,52,0,0,0.16,5.33,30.68,50,4.7,20,40,35.56,52.72,41.31,58.22
2026-03-16,5,4,2026-03-16 12:48:00,5,多摩川巧者決定戦!第21回澤乃井カップ,3,4410,井上 大輔,3,40,52,0,0,0.16,5.76,37.63,56.99,5.95,31.58,73.68,31.96,46.12,30.1,49.03
2026-03-16,5,4,2026-03-16 12:48:00,5,多摩川巧者決定戦!第21回澤乃井カップ,4,4119,泥谷 一毅,2,44,52.6,1,0,0.17,5.23,27.59,48.28,5.67,33.33,60,28.87,47.7,41.83,50.96
2026-03-16,5,4,2026-03-16 12:48:00,5,多摩川巧者決定戦!第21回澤乃井カップ,5,4560,庄司 樹良々,2,35,52.6,0,0,0.15,6.01,40.95,60.95,5.9,41.94,59.68,32.49,52.79,30.81,45.96
2026-03-16,5,4,2026-03-16 12:48:00,5,多摩川巧者決定戦!第21回澤乃井カップ,6,5091,為本 智也,3,25,52.7,1,0,0.15,5.88,41.54,61.54,2.67,0,11.11,40.08,60.33,36.69,47.34
2026-03-16,5,5,2026-03-16 13:19:00,5,多摩川巧者決定戦!第21回澤乃井カップ,1,3577,向所 浩二,3,53,57.3,0,0,0.15,3.86,17.86,25,4.11,21.05,31.58,48.42,62.63,38.16,54.59
2026-03-16,5,5,2026-03-16 13:19:00,5,多摩川巧者決定戦!第21回澤乃井カップ,2,5082,一色 凌雅,3,27,58,0,0,0.2,5.05,29.29,51.52,5.3,37.04,48.15,25.89,41.07,36.97,56.4
2026-03-16,5,5,2026-03-16 13:19:00,5,多摩川巧者決定戦!第21回澤乃井カップ,3,4472,尾嶋 一広,1,38,54.2,0,0,0.16,6.27,42.65,63.97,6.05,42.11,63.16,30.18,47.3,30.99,49.77
2026-03-16,5,5,2026-03-16 13:19:00,5,多摩川巧者決定戦!第21回澤乃井カップ,4,5076,石原 光,3,29,53.9,0,0,0.16,4.87,30.67,52,6.2,48,64,38.74,58.12,30.62,44.98
2026-03-16,5,5,2026-03-16 13:19:00,5,多摩川巧者決定戦!第21回澤乃井カップ,5,3984,坂口 周,2,48,53.1,0,0,0.17,6.68,47.01,64.96,6.22,52.78,63.89,39.04,53.48,31.84,48.6
2026-03-16,5,5,2026-03-16 13:19:00,5,多摩川巧者決定戦!第21回澤乃井カップ,6,5120,山本 稔太朗,3,24,53.2,0,0,0.16,5.31,41.33,56,4.67,27.78,38.89,28.18,44.09,32.88,50.68
2026-03-16,5,6,2026-03-16 13:45:00,5,多摩川巧者決定戦!第21回澤乃井カップ,1,4489,岩川 仁士,3,39,53.6,0,0,0.15,5.71,35.63,56.32,5.64,35.71,50,36.51,56.02,32.67,48.67
2026-03-16,5,6,2026-03-16 13:45:00,5,多摩川巧者決定戦!第21回澤乃井カップ,2,4339,平瀬 城啓,3,41,55.3,0,0,0.17,4.12,18.67,37.33,2.94,5.56,22.22,45.21,60.11,32.28,47.09
2026-03-16,5,6,2026-03-16 13:45:00,5,多摩川巧者決定戦!第21回澤乃井カップ,3,4579,中嶋 健一郎,1,36,52.4,0,0,0.16,6.07,36.45,59.81,6.3,40.74,59.26,33.48,51.3,33.49,47.85
2026-03-16,5,6,2026-03-16 13:45:00,5,多摩川巧者決定戦!第21回澤乃井カップ,4,2538,高橋 二朗,3,76,52.1,0,0,0.21,3.66,11.27,22.54,3.95,18.18,27.27,28.14,44.59,37.26,53.3
2026-03-16,5,6,2026-03-16 13:45:00,5,多摩川巧者決定戦!第21回澤乃井カップ,5,3563,堤 昇,3,56,52.6,0,0,0.16,4.71,26.67,44.44,4.81,34.62,46.15,37.45,56.97,32.86,55.4
2026-03-16,5,6,2026-03-16 13:45:00,5,多摩川巧者決定戦!第21回澤乃井カップ,6,4067,永井 源,1,45,52.1,0,0,0.17,5.66,39,55,7.47,63.16,84.21,29.47,44.74,43.06,59.72
2026-03-16,5,7,2026-03-16 14:11:00,5,多摩川巧者決定戦!第21回澤乃井カップ,1,4956,齊藤 大将,4,30,56.4,0,0,0.18,4.57,31.37,45.1,4.38,31.03,37.93,27.23,42.55,36.28,55.35
2026-03-16,5,7,2026-03-16 14:11:00,5,多摩川巧者決定戦!第21回澤乃井カップ,2,4201,佐竹 友樹,3,43,52.7,0,0,0.16,4.59,23.08,41.03,5.71,40,54.29,43.43,62.15,34.88,52.56
2026-03-16,5,7,2026-03-16 14:11:00,5,多摩川巧者決定戦!第21回澤乃井カップ,3,4945,上村 宏太,3,33,53.4,0,0,0.19,4.65,25.88,43.53,4.65,23.53,47.06,29.77,46.51,38.1,48.68
2026-03-16,5,7,2026-03-16 14:11:00,5,多摩川巧者決定戦!第21回澤乃井カップ,4,4706,三浦 洋次朗,2,37,51,0,0,0.17,5.81,38.79,56.9,6,43.18,61.36,34.65,54.39,36.87,57.6
2026-03-16,5,7,2026-03-16 14:11:00,5,多摩川巧者決定戦!第21回澤乃井カップ,5,3690,河合 三弘,3,55,52.3,0,0,0.18,4.69,26.67,43.33,3.44,16,24,33.76,53.16,37.5,51.85
2026-03-16,5,7,2026-03-16 14:11:00,5,多摩川巧者決定戦!第21回澤乃井カップ,6,4384,鶴本 崇文,1,40,52.8,0,0,0.18,6.48,43.86,69.3,5.25,28.57,64.29,38.65,59.9,33.33,50.23
2026-03-16,5,8,2026-03-16 14:44:00,5,多摩川巧者決定戦!第21回澤乃井カップ,1,4076,杉田 篤光,2,47,52.3,0,0,0.2,5.58,35.59,55.93,4.92,22.22,50,28.36,44.78,32.54,48.8
2026-03-16,5,8,2026-03-16 14:44:00,5,多摩川巧者決定戦!第21回澤乃井カップ,2,3619,長谷川 充,3,52,52,0,0,0.18,4.98,32.14,41.67,5.04,26.09,50,44.16,58.88,36.26,52.75
2026-03-16,5,8,2026-03-16 14:44:00,5,多摩川巧者決定戦!第21回澤乃井カップ,3,4103,山崎 善庸,3,46,52.8,0,0,0.23,3.79,18.57,27.14,4.51,28.57,34.29,34.22,48.89,31.61,48.85
2026-03-16,5,8,2026-03-16 14:44:00,5,多摩川巧者決定戦!第21回澤乃井カップ,4,3591,後藤 孝義,4,57,52,0,0,0.17,3.48,16.67,25,2.47,0,13.33,32.92,48.97,37.26,56.6
2026-03-16,5,8,2026-03-16 14:44:00,5,多摩川巧者決定戦!第21回澤乃井カップ,5,4410,井上 大輔,3,40,52,0,0,0.16,5.76,37.63,56.99,5.95,31.58,73.68,31.96,46.12,30.1,49.03
2026-03-16,5,8,2026-03-16 14:44:00,5,多摩川巧者決定戦!第21回澤乃井カップ,6,3842,星野 太郎,3,49,52.6,1,0,0.18,4.97,29.17,44.44,5.42,37.21,55.81,35.34,50,31.67,47.78
2026-03-16,5,9,2026-03-16 15:10:00,5,多摩川巧者決定戦!第21回澤乃井カップ,1,5091,為本 智也,3,25,52.7,1,0,0.15,5.88,41.54,61.54,2.67,0,11.11,40.08,60.33,36.69,47.34
2026-03-16,5,9,2026-03-16 15:10:00,5,多摩川巧者決定戦!第21回澤乃井カップ,2,5120,山本 稔太朗,3,24,53.2,0,0,0.16,5.31,41.33,56,4.67,27.78,38.89,28.18,44.09,32.88,50.68
2026-03-16,5,9,2026-03-16 15:10:00,5,多摩川巧者決定戦!第21回澤乃井カップ,3,4227,安達 裕樹,2,43,52,0,0,0.15,5.95,39,54,5.08,27.78,50,30.11,41.48,42.86,55.71
2026-03-16,5,9,2026-03-16 15:10:00,5,多摩川巧者決定戦!第21回澤乃井カップ,4,4422,永井 亮次,3,37,52,0,0,0.17,4.85,35.29,47.06,4.75,28.57,50,40.83,56.88,34.58,50.47
2026-03-16,5,9,2026-03-16 15:10:00,5,多摩川巧者決定戦!第21回澤乃井カップ,5,5076,石原 光,3,29,53.9,0,0,0.16,4.87,30.67,52,6.2,48,64,38.74,58.12,30.62,44.98
2026-03-16,5,9,2026-03-16 15:10:00,5,多摩川巧者決定戦!第21回澤乃井カップ,6,4093,吉田 宗弘,3,45,51,0,0,0.19,4.12,19.75,38.27,4.25,21.15,36.54,33.48,48.93,33,50
2026-03-16,5,10,2026-03-16 15:45:00,5,多摩川巧者決定戦!第21回澤乃井カップ,1,4067,永井 源,1,45,52.1,0,0,0.17,5.66,39,55,7.47,63.16,84.21,29.47,44.74,43.06,59.72
2026-03-16,5,10,2026-03-16 15:45:00,5,多摩川巧者決定戦!第21回澤乃井カップ,2,4560,庄司 樹良々,2,35,52.6,0,0,0.15,6.01,40.95,60.95,5.9,41.94,59.68,32.49,52.79,30.81,45.96
2026-03-16,5,10,2026-03-16 15:45:00,5,多摩川巧者決定戦!第21回澤乃井カップ,3,4119,泥谷 一毅,2,44,52.6,1,0,0.17,5.23,27.59,48.28,5.67,33.33,60,28.87,47.7,41.83,50.96
2026-03-16,5,10,2026-03-16 15:45:00,5,多摩川巧者決定戦!第21回澤乃井カップ,4,4435,服部 達哉,3,39,54.1,0,0,0.19,5.38,34.88,54.65,6.05,45.95,56.76,33.95,50.7,37.85,57.01
2026-03-16,5,10,2026-03-16 15:45:00,5,多摩川巧者決定戦!第21回澤乃井カップ,5,4401,小林 泰,2,41,53.7,0,0,0.14,5.3,32.22,48.89,6.58,52.63,68.42,26.98,47.44,35.41,55.5
2026-03-16,5,10,2026-03-16 15:45:00,5,多摩川巧者決定戦!第21回澤乃井カップ,6,3577,向所 浩二,3,53,57.3,0,0,0.15,3.86,17.86,25,4.11,21.05,31.58,48.42,62.63,38.16,54.59
2026-03-16,5,11,2026-03-16 16:22:00,5,多摩川巧者決定戦!第21回澤乃井カップ,1,4384,鶴本 崇文,1,40,52.8,0,0,0.18,6.48,43.86,69.3,5.25,28.57,64.29,38.65,59.9,33.33,50.23
2026-03-16,5,11,2026-03-16 16:22:00,5,多摩川巧者決定戦!第21回澤乃井カップ,2,3984,坂口 周,2,48,53.1,0,0,0.17,6.68,47.01,64.96,6.22,52.78,63.89,39.04,53.48,31.84,48.6
2026-03-16,5,11,2026-03-16 16:22:00,5,多摩川巧者決定戦!第21回澤乃井カップ,3,4706,三浦 洋次朗,2,37,51,0,0,0.17,5.81,38.79,56.9,6,43.18,61.36,34.65,54.39,36.87,57.6
2026-03-16,5,11,2026-03-16 16:22:00,5,多摩川巧者決定戦!第21回澤乃井カップ,4,4472,尾嶋 一広,1,38,54.2,0,0,0.16,6.27,42.65,63.97,6.05,42.11,63.16,30.18,47.3,30.99,49.77
2026-03-16,5,11,2026-03-16 16:22:00,5,多摩川巧者決定戦!第21回澤乃井カップ,5,5004,河野 主樹,3,29,52,0,0,0.16,5.33,30.68,50,4.7,20,40,35.56,52.72,41.31,58.22
2026-03-16,5,11,2026-03-16 16:22:00,5,多摩川巧者決定戦!第21回澤乃井カップ,6,4489,岩川 仁士,3,39,53.6,0,0,0.15,5.71,35.63,56.32,5.64,35.71,50,36.51,56.02,32.67,48.67
2026-03-16,5,12,2026-03-16 17:07:00,5,多摩川巧者決定戦!第21回澤乃井カップ,1,4675,井手 良太,3,38,51.5,0,0,0.13,5.05,28.81,52.54,4.23,23.08,38.46,54.93,69.48,31.92,47.42
2026-03-16,5,12,2026-03-16 17:07:00,5,多摩川巧者決定戦!第21回澤乃井カップ,2,4537,渡邉 和将,1,36,51.5,0,0,0.14,6.63,47.62,62.86,6.8,45,70,42.56,64.05,33.18,52.34
2026-03-16,5,12,2026-03-16 17:07:00,5,多摩川巧者決定戦!第21回澤乃井カップ,3,5060,数原 魁,3,28,52,0,0,0.17,5.63,39.25,57.94,4.25,12.5,25,42.42,60.17,36.57,57.41
2026-03-16,5,12,2026-03-16 17:07:00,5,多摩川巧者決定戦!第21回澤乃井カップ,4,4377,濱本 優一,1,41,50.5,0,0,0.15,6.84,57.5,75,4.57,28.57,42.86,51.85,67.2,30.37,49.07
2026-03-16,5,12,2026-03-16 17:07:00,5,多摩川巧者決定戦!第21回澤乃井カップ,5,4297,山田 哲也,1,43,51.5,0,0,0.12,6.49,49.09,63.64,7.18,52.63,76.32,36.79,54.92,32.32,49.49
2026-03-16,5,12,2026-03-16 17:07:00,5,多摩川巧者決定戦!第21回澤乃井カップ,6,5044,渡邉 健,3,26,58.8,0,0,0.14,4.56,26.44,39.08,5.89,43.18,56.82,40.11,57.22,31.92,47.89
2026-03-16,6,1,2026-03-16 11:32:00,5,DaiichiーTVファイティングカップ,1,3294,野中 義生,3,60,52.6,1,0,0.14,4.54,27.12,42.37,4.74,29.55,44.32,34.06,52.4,48.39,59.14
2026-03-16,6,1,2026-03-16 11:32:00,5,DaiichiーTVファイティングカップ,2,5035,櫻井 優,3,28,52.1,0,0,0.17,5.45,37.35,55.42,5.43,42.86,42.86,26.44,46.63,35.96,47.19
2026-03-16,6,1,2026-03-16 11:32:00,5,DaiichiーTVファイティングカップ,3,3233,小畑 実成,3,59,53.4,0,0,0.17,4.7,23.6,43.82,6,45.45,63.64,35.59,50.45,40.86,62.37
2026-03-16,6,1,2026-03-16 11:32:00,5,DaiichiーTVファイティングカップ,4,3976,内田 圭,3,49,52.2,0,0,0.18,4.08,23.75,33.75,5.3,40,50,28.5,47.83,27.47,51.65
2026-03-16,6,1,2026-03-16 11:32:00,5,DaiichiーTVファイティングカップ,5,4464,山下 友貴,3,39,44,0,0,0.2,5.99,43.04,62.03,5.59,32.65,57.14,32.46,52.36,32.29,54.17
2026-03-16,6,1,2026-03-16 11:32:00,5,DaiichiーTVファイティングカップ,6,5418,堀内 亜海,4,19,53.9,0,0,0.22,1.17,0,0,1.33,0,0,35.93,52.81,31.25,47.92
2026-03-16,6,2,2026-03-16 11:58:00,5,DaiichiーTVファイティングカップ,1,3616,中村 真,3,53,53.2,1,0,0.16,5.53,38.46,53.85,5.84,42.11,52.63,44.09,58.64,18.07,40.96
2026-03-16,6,2,2026-03-16 11:58:00,5,DaiichiーTVファイティングカップ,2,3800,牧 宏次,3,52,52.6,0,0,0.15,5.19,35.29,51.47,5.64,35.71,64.29,30.77,45.67,42.86,63.27
2026-03-16,6,2,2026-03-16 11:58:00,5,DaiichiーTVファイティングカップ,3,4120,柘植 政浩,2,44,51,0,0,0.18,6.16,45.28,62.26,6.5,58.33,79.17,26.7,44.5,35.87,45.65
2026-03-16,6,2,2026-03-16 11:58:00,5,DaiichiーTVファイティングカップ,4,3999,大瀧 明日香,1,46,45.5,0,0,0.15,5.94,39.29,57.14,6.11,34.21,57.89,36.24,53.71,28.72,43.62
2026-03-16,6,2,2026-03-16 11:58:00,5,DaiichiーTVファイティングカップ,5,3867,松浦 勝,3,50,55,0,0,0.16,3.92,17.05,31.82,4.29,14.29,28.57,33.8,52.31,32.18,55.17
2026-03-16,6,2,2026-03-16 11:58:00,5,DaiichiーTVファイティングカップ,6,4536,喜井 つかさ,2,36,47,0,0,0.17,6.42,46.9,68.14,6.47,55.56,63.89,32.86,47.14,30.11,40.86
2026-03-16,6,3,2026-03-16 12:23:00,5,DaiichiーTVファイティングカップ,1,4049,荒川 健太,2,45,56.5,0,0,0.17,6.15,38.46,61.54,6.14,38.1,57.14,36.87,55.3,35.48,54.84
2026-03-16,6,3,2026-03-16 12:23:00,5,DaiichiーTVファイティングカップ,2,3929,杢野 誓良,3,50,52,0,0,0.16,4.62,25.64,42.31,5.07,21.43,50,35.68,51.1,27.84,43.3
2026-03-16,6,3,2026-03-16 12:23:00,5,DaiichiーTVファイティングカップ,3,3946,赤岩 善生,1,50,55.5,1,0,0.15,7.14,48.74,70.59,7.38,68.75,75,45.45,66.4,38.14,48.45
2026-03-16,6,3,2026-03-16 12:23:00,5,DaiichiーTVファイティングカップ,4,3692,竹腰 正樹,2,54,52,1,0,0.13,4.14,19.05,38.1,4.21,16.67,37.5,35.27,52.23,25.88,32.94
2026-03-16,6,3,2026-03-16 12:23:00,5,DaiichiーTVファイティングカップ,5,4257,古川 健,3,42,52,0,0,0.16,4.51,27.27,35.06,0,0,0,36.56,53.3,32.98,58.51
2026-03-16,6,3,2026-03-16 12:23:00,5,DaiichiーTVファイティングカップ,6,5268,山本 幸也,3,25,55.2,1,0,0.23,2.98,16.95,22.03,2.67,16.67,16.67,33.33,48.48,34.02,45.36
2026-03-16,6,4,2026-03-16 12:52:00,5,DaiichiーTVファイティングカップ,1,3874,山本 寛久,1,49,52.1,1,0,0.15,6.07,45.74,60.64,6.73,45.45,77.27,35.48,57.6,20.24,33.33
2026-03-16,6,4,2026-03-16 12:52:00,5,DaiichiーTVファイティングカップ,2,4405,南野 利騰,3,40,52.6,0,0,0.16,4.01,11.25,32.5,0,0,0,39.17,55.83,32.35,50.98
2026-03-16,6,4,2026-03-16 12:52:00,5,DaiichiーTVファイティングカップ,3,3730,塩崎 優司,3,53,52.2,0,0,0.17,5.01,32.65,50,4.5,30.77,34.62,35.56,52,24.14,40.23
2026-03-16,6,4,2026-03-16 12:52:00,5,DaiichiーTVファイティングカップ,4,4764,小池 礼乃,3,35,47,0,0,0.18,5.09,30.43,50,0,0,0,30.09,45.58,29.47,44.21
2026-03-16,6,4,2026-03-16 12:52:00,5,DaiichiーTVファイティングカップ,5,3790,佐口 達也,3,53,52.1,0,0,0.2,4.27,15.15,42.42,3.74,14.29,31.43,49.62,65.27,30.53,45.26
2026-03-16,6,4,2026-03-16 12:52:00,5,DaiichiーTVファイティングカップ,6,4197,渥美 卓郎,3,43,55.6,0,0,0.18,3.78,12.5,28.41,5.13,34.21,51.32,32.48,47.86,47.31,68.82
2026-03-16,6,5,2026-03-16 13:22:00,5,DaiichiーTVファイティングカップ,1,3684,清水 攻二,2,52,52.4,1,0,0.17,5.83,46.46,58.59,5.85,44.44,55.56,32.91,51.48,37.63,51.61
2026-03-16,6,5,2026-03-16 13:22:00,5,DaiichiーTVファイティングカップ,2,3776,横井 健太,3,50,56.9,0,0,0.17,3.14,9.46,16.22,4.08,0,33.33,38.89,58.33,39.78,61.29
2026-03-16,6,5,2026-03-16 13:22:00,5,DaiichiーTVファイティングカップ,3,3159,江口 晃生,1,61,52.5,0,0,0.16,6.75,51.49,68.32,5.88,41.18,52.94,41.67,57.92,31.52,48.91
2026-03-16,6,5,2026-03-16 13:22:00,5,DaiichiーTVファイティングカップ,4,4276,鈴木 勝博,2,43,52.9,0,0,0.15,5.6,40,49.47,6.45,54.55,54.55,24.59,35.52,25.27,51.65
2026-03-16,6,5,2026-03-16 13:22:00,5,DaiichiーTVファイティングカップ,5,5418,堀内 亜海,4,19,53.9,0,0,0.22,1.17,0,0,1.33,0,0,35.93,52.81,31.25,47.92
2026-03-16,6,5,2026-03-16 13:22:00,5,DaiichiーTVファイティングカップ,6,3983,須藤 博倫,2,48,52,0,0,0.14,5.91,34.75,54.24,6.5,50,60,44.4,59.2,38.54,50
2026-03-16,6,6,2026-03-16 13:53:00,5,DaiichiーTVファイティングカップ,1,4131,原 豊土,2,45,55.1,0,0,0.17,6.04,44.9,65.31,6.06,42.86,65.08,32.47,48.05,27.84,47.42
2026-03-16,6,6,2026-03-16 13:53:00,5,DaiichiーTVファイティングカップ,2,4023,柴田 友和,3,48,52,0,0,0.18,4.09,21.43,34.29,5.71,42.86,57.14,38.33,56.83,39.56,56.04
2026-03-16,6,6,2026-03-16 13:53:00,5,DaiichiーTVファイティングカップ,3,4464,山下 友貴,3,39,44,0,0,0.2,5.99,43.04,62.03,5.59,32.65,57.14,32.46,52.36,32.29,54.17
2026-03-16,6,6,2026-03-16 13:53:00,5,DaiichiーTVファイティングカップ,4,3699,富永 正人,3,53,52,1,0,0.17,4.3,20.55,36.99,4.88,33.33,45.83,28.57,45.32,34.07,56.04
2026-03-16,6,6,2026-03-16 13:53:00,5,DaiichiーTVファイティングカップ,5,4448,青木 玄太,1,39,52.7,0,0,0.17,6.57,48.42,62.11,7.44,65.63,78.13,28.13,41.25,22.58,39.78
2026-03-16,6,6,2026-03-16 13:53:00,5,DaiichiーTVファイティングカップ,6,4403,木下 大將,2,40,52.6,0,0,0.16,6.15,50.5,60.4,0,0,0,35.34,55.17,27.08,41.67
2026-03-16,6,7,2026-03-16 14:21:00,5,DaiichiーTVファイティングカップ,1,4207,松下 一也,2,43,52.7,1,0,0.12,6.22,46.55,62.93,6.22,49.43,66.67,38.86,60.7,26.37,45.05
2026-03-16,6,7,2026-03-16 14:21:00,5,DaiichiーTVファイティングカップ,2,5268,山本 幸也,3,25,55.2,1,0,0.23,2.98,16.95,22.03,2.67,16.67,16.67,33.33,48.48,34.02,45.36
2026-03-16,6,7,2026-03-16 14:21:00,5,DaiichiーTVファイティングカップ,3,3303,渡辺 豊,3,58,54.3,0,0,0.2,5.38,33.9,53.39,5.65,35,60,33.92,49.78,45.16,60.22
2026-03-16,6,7,2026-03-16 14:21:00,5,DaiichiーTVファイティングカップ,4,4771,下寺 秀和,1,33,52.9,0,0,0.15,6.72,53.54,66.67,6.23,36.36,72.73,34.36,50.66,26.6,51.06
2026-03-16,6,7,2026-03-16 14:21:00,5,DaiichiーTVファイティングカップ,5,3233,小畑 実成,3,59,53.4,0,0,0.17,4.7,23.6,43.82,6,45.45,63.64,35.59,50.45,40.86,62.37
2026-03-16,6,7,2026-03-16 14:21:00,5,DaiichiーTVファイティングカップ,6,4120,柘植 政浩,2,44,51,0,0,0.18,6.16,45.28,62.26,6.5,58.33,79.17,26.7,44.5,35.87,45.65
2026-03-16,6,8,2026-03-16 14:59:00,5,DaiichiーTVファイティングカップ,1,5205,刑部 亜里紗,2,28,48.2,0,0,0.19,5.56,39.05,52.38,5.79,42.02,53.78,27.14,45.23,43.02,58.14
2026-03-16,6,8,2026-03-16 14:59:00,5,DaiichiーTVファイティングカップ,2,4623,中北 将史,3,41,52.4,0,0,0.14,4.79,26.04,41.67,4.55,18.18,45.45,35.96,51.75,25.3,42.17
2026-03-16,6,8,2026-03-16 14:59:00,5,DaiichiーTVファイティングカップ,3,4257,古川 健,3,42,52,0,0,0.16,4.51,27.27,35.06,0,0,0,36.56,53.3,32.98,58.51
2026-03-16,6,8,2026-03-16 14:59:00,5,DaiichiーTVファイティングカップ,4,4828,松山 将吾,1,31,52,0,0,0.13,5.88,38.16,57.89,5.76,28,52,37.17,59.29,40.86,55.91
2026-03-16,6,8,2026-03-16 14:59:00,5,DaiichiーTVファイティングカップ,5,3730,塩崎 優司,3,53,52.2,0,0,0.17,5.01,32.65,50,4.5,30.77,34.62,35.56,52,24.14,40.23
2026-03-16,6,8,2026-03-16 14:59:00,5,DaiichiーTVファイティングカップ,6,5035,櫻井 優,3,28,52.1,0,0,0.17,5.45,37.35,55.42,5.43,42.86,42.86,26.44,46.63,35.96,47.19
2026-03-16,6,9,2026-03-16 15:30:00,5,DaiichiーTVファイティングカップ,1,4276,鈴木 勝博,2,43,52.9,0,0,0.15,5.6,40,49.47,6.45,54.55,54.55,24.59,35.52,25.27,51.65
2026-03-16,6,9,2026-03-16 15:30:00,5,DaiichiーTVファイティングカップ,2,3704,本部 めぐみ,3,52,45.5,1,0,0.22,3.69,14.81,29.63,2,0,0,26.55,43.5,35.42,46.88
2026-03-16,6,9,2026-03-16 15:30:00,5,DaiichiーTVファイティングカップ,3,3294,野中 義生,3,60,52.6,1,0,0.14,4.54,27.12,42.37,4.74,29.55,44.32,34.06,52.4,48.39,59.14
2026-03-16,6,9,2026-03-16 15:30:00,5,DaiichiーTVファイティングカップ,4,4536,喜井 つかさ,2,36,47,0,0,0.17,6.42,46.9,68.14,6.47,55.56,63.89,32.86,47.14,30.11,40.86
2026-03-16,6,9,2026-03-16 15:30:00,5,DaiichiーTVファイティングカップ,5,3350,藤本 佳史,2,57,53.1,0,0,0.15,5.01,28.09,49.44,5.1,28.57,47.62,47.06,63.14,42.86,64.29
2026-03-16,6,9,2026-03-16 15:30:00,5,DaiichiーTVファイティングカップ,6,4305,金子 拓矢,1,42,52.7,1,0,0.15,7.84,66.99,81.55,5.89,33.33,55.56,33.81,45.71,35.79,52.63
2026-03-16,6,10,2026-03-16 16:03:00,5,DaiichiーTVファイティングカップ,1,3159,江口 晃生,1,61,52.5,0,0,0.16,6.75,51.49,68.32,5.88,41.18,52.94,41.67,57.92,31.52,48.91
2026-03-16,6,10,2026-03-16 16:03:00,5,DaiichiーTVファイティングカップ,2,3946,赤岩 善生,1,50,55.5,1,0,0.15,7.14,48.74,70.59,7.38,68.75,75,45.45,66.4,38.14,48.45
2026-03-16,6,10,2026-03-16 16:03:00,5,DaiichiーTVファイティングカップ,3,3692,竹腰 正樹,2,54,52,1,0,0.13,4.14,19.05,38.1,4.21,16.67,37.5,35.27,52.23,25.88,32.94
2026-03-16,6,10,2026-03-16 16:03:00,5,DaiichiーTVファイティングカップ,4,4131,原 豊土,2,45,55.1,0,0,0.17,6.04,44.9,65.31,6.06,42.86,65.08,32.47,48.05,27.84,47.42
2026-03-16,6,10,2026-03-16 16:03:00,5,DaiichiーTVファイティングカップ,5,4405,南野 利騰,3,40,52.6,0,0,0.16,4.01,11.25,32.5,0,0,0,39.17,55.83,32.35,50.98
2026-03-16,6,10,2026-03-16 16:03:00,5,DaiichiーTVファイティングカップ,6,3616,中村 真,3,53,53.2,1,0,0.16,5.53,38.46,53.85,5.84,42.11,52.63,44.09,58.64,18.07,40.96
2026-03-16,6,11,2026-03-16 16:43:00,5,DaiichiーTVファイティングカップ,1,3983,須藤 博倫,2,48,52,0,0,0.14,5.91,34.75,54.24,6.5,50,60,44.4,59.2,38.54,50
2026-03-16,6,11,2026-03-16 16:43:00,5,DaiichiーTVファイティングカップ,2,4448,青木 玄太,1,39,52.7,0,0,0.17,6.57,48.42,62.11,7.44,65.63,78.13,28.13,41.25,22.58,39.78
2026-03-16,6,11,2026-03-16 16:43:00,5,DaiichiーTVファイティングカップ,3,4207,松下 一也,2,43,52.7,1,0,0.12,6.22,46.55,62.93,6.22,49.43,66.67,38.86,60.7,26.37,45.05
2026-03-16,6,11,2026-03-16 16:43:00,5,DaiichiーTVファイティングカップ,4,4049,荒川 健太,2,45,56.5,0,0,0.17,6.15,38.46,61.54,6.14,38.1,57.14,36.87,55.3,35.48,54.84
2026-03-16,6,11,2026-03-16 16:43:00,5,DaiichiーTVファイティングカップ,5,3999,大瀧 明日香,1,46,45.5,0,0,0.15,5.94,39.29,57.14,6.11,34.21,57.89,36.24,53.71,28.72,43.62
2026-03-16,6,11,2026-03-16 16:43:00,5,DaiichiーTVファイティングカップ,6,3874,山本 寛久,1,49,52.1,1,0,0.15,6.07,45.74,60.64,6.73,45.45,77.27,35.48,57.6,20.24,33.33
2026-03-16,6,12,2026-03-16 17:10:00,5,DaiichiーTVファイティングカップ,1,4828,松山 将吾,1,31,51.5,0,0,0.13,5.88,38.16,57.89,5.76,28,52,37.17,59.29,40.86,55.91
2026-03-16,6,12,2026-03-16 17:10:00,5,DaiichiーTVファイティングカップ,2,4771,下寺 秀和,1,33,53.6,0,0,0.15,6.72,53.54,66.67,6.23,36.36,72.73,34.36,50.66,26.6,51.06
2026-03-16,6,12,2026-03-16 17:10:00,5,DaiichiーTVファイティングカップ,3,4764,小池 礼乃,3,35,47,0,0,0.18,5.09,30.43,50,0,0,0,30.09,45.58,29.47,44.21
2026-03-16,6,12,2026-03-16 17:10:00,5,DaiichiーTVファイティングカップ,4,3800,牧 宏次,3,52,52.5,0,0,0.15,5.19,35.29,51.47,5.64,35.71,64.29,30.77,45.67,42.86,63.27
2026-03-16,6,12,2026-03-16 17:10:00,5,DaiichiーTVファイティングカップ,5,4023,柴田 友和,3,48,52,0,0,0.18,4.09,21.43,34.29,5.71,42.86,57.14,38.33,56.83,39.56,56.04
2026-03-16,6,12,2026-03-16 17:10:00,5,DaiichiーTVファイティングカップ,6,3684,清水 攻二,2,52,52,1,0,0.17,5.83,46.46,58.59,5.85,44.44,55.56,32.91,51.48,37.63,51.61
2026-03-16,7,1,2026-03-16 15:17:00,5,蒲郡商工会議所会頭杯争奪 ガマゴリうどんグランプリ,1,5319,近藤 颯斗,3,24,51.5,0,0,0.13,4.78,24.32,50,3.91,25,34.09,23.66,41.98,25.76,40.91
2026-03-16,7,1,2026-03-16 15:17:00,5,蒲郡商工会議所会頭杯争奪 ガマゴリうどんグランプリ,2,5020,宮村 勇哉,3,33,53.5,0,1,0.15,3.91,16.98,32.08,3.22,0,22.22,27.91,39.53,28.35,40.94
2026-03-16,7,1,2026-03-16 15:17:00,5,蒲郡商工会議所会頭杯争奪 ガマゴリうどんグランプリ,3,4073,大橋 純一郎,2,44,52.3,0,0,0.17,6.37,48.8,67.2,5.44,27.78,38.89,24.18,42.86,46.1,60.99
2026-03-16,7,1,2026-03-16 15:17:00,5,蒲郡商工会議所会頭杯争奪 ガマゴリうどんグランプリ,4,5265,大廣 咲季,3,26,45,0,0,0.17,3.3,13.64,22.73,3,11.11,11.11,34.15,45.73,33.08,48.46
2026-03-16,7,1,2026-03-16 15:17:00,5,蒲郡商工会議所会頭杯争奪 ガマゴリうどんグランプリ,5,4349,犬童 千秋,3,40,49.4,0,0,0.14,4.48,26.23,39.34,0,0,0,18.39,41.38,29.93,45.58
2026-03-16,7,1,2026-03-16 15:17:00,5,蒲郡商工会議所会頭杯争奪 ガマゴリうどんグランプリ,6,4366,前沢 丈史,1,40,55,0,0,0.15,6.8,49.24,73.48,0,0,0,30.94,45.32,31.45,54.03
2026-03-16,7,2,2026-03-16 15:41:00,5,蒲郡商工会議所会頭杯争奪 ガマゴリうどんグランプリ,1,4152,深水 慎一郎,3,45,54.4,0,0,0.17,5.37,37.33,52,4.25,17.86,39.29,35.06,51.3,38.41,54.97
2026-03-16,7,2,2026-03-16 15:41:00,5,蒲郡商工会議所会頭杯争奪 ガマゴリうどんグランプリ,2,4183,宇野 弥生,2,40,48,0,0,0.13,4.93,33.64,44.86,6.08,42.86,55.1,36.23,54.35,31.36,41.53
2026-03-16,7,2,2026-03-16 15:41:00,5,蒲郡商工会議所会頭杯争奪 ガマゴリうどんグランプリ,3,3551,藤田 美代,3,54,45,0,0,0.18,3.61,15.63,29.69,3.89,33.33,33.33,31.29,47.24,43.14,64.05
2026-03-16,7,2,2026-03-16 15:41:00,5,蒲郡商工会議所会頭杯争奪 ガマゴリうどんグランプリ,4,4150,山田 雄太,3,43,56.6,0,0,0.15,5.75,41.18,57.65,6.86,57.14,71.43,32.22,50.56,33.6,47.2
2026-03-16,7,2,2026-03-16 15:41:00,5,蒲郡商工会議所会頭杯争奪 ガマゴリうどんグランプリ,5,4288,永田 啓二,1,41,52.7,0,0,0.13,7.02,54.2,73.28,0,0,0,30.38,50,31.06,50.76
2026-03-16,7,2,2026-03-16 15:41:00,5,蒲郡商工会議所会頭杯争奪 ガマゴリうどんグランプリ,6,4035,杉江 浩明,3,47,51.5,0,0,0.2,4.18,23.6,34.83,4.59,18.52,37.04,21.79,34.62,35.82,47.76
2026-03-16,7,3,2026-03-16 16:06:00,5,蒲郡商工会議所会頭杯争奪 ガマゴリうどんグランプリ,1,3070,山室 展弘,3,64,52,0,0,0.16,5.37,39.13,52.17,5.1,20,50,16.67,37.78,27.45,47.71
2026-03-16,7,3,2026-03-16 16:06:00,5,蒲郡商工会議所会頭杯争奪 ガマゴリうどんグランプリ,2,4509,平見 真彦,3,37,52.7,0,0,0.18,5.87,34.58,61.68,5.33,33.33,50,31.76,47.65,26.57,44.76
2026-03-16,7,3,2026-03-16 16:06:00,5,蒲郡商工会議所会頭杯争奪 ガマゴリうどんグランプリ,3,4666,日笠 勝弘,4,42,52,0,0,0.16,3.93,13.64,36.36,4.12,23.53,35.29,17.44,25.58,23.68,43.86
2026-03-16,7,3,2026-03-16 16:06:00,5,蒲郡商工会議所会頭杯争奪 ガマゴリうどんグランプリ,4,3708,岡部 貴司,3,51,54.5,1,0,0.15,4.86,25.27,42.86,0,0,0,35.47,50.58,34.04,48.23
2026-03-16,7,3,2026-03-16 16:06:00,5,蒲郡商工会議所会頭杯争奪 ガマゴリうどんグランプリ,5,3740,大澤 普司,1,51,53.7,0,0,0.16,6.41,49.06,65.09,5.32,28.57,42.86,38.76,58.14,33.33,46.08
2026-03-16,7,3,2026-03-16 16:06:00,5,蒲郡商工会議所会頭杯争奪 ガマゴリうどんグランプリ,6,4331,三好 勇人,2,42,53.7,0,0,0.15,5.81,36.14,59.04,5.86,38.1,52.38,27.34,42.97,32.14,55
2026-03-16,7,4,2026-03-16 16:32:00,5,蒲郡商工会議所会頭杯争奪 ガマゴリうどんグランプリ,1,3731,高濱 芳久,3,52,53.8,0,0,0.18,4.89,28.74,48.28,5.86,39.29,60.71,31.25,53.41,40.44,55.88
2026-03-16,7,4,2026-03-16 16:32:00,5,蒲郡商工会議所会頭杯争奪 ガマゴリうどんグランプリ,2,4567,上村 慎太郎,3,38,51.5,0,0,0.22,4.33,22.22,42.86,3,0,16.67,28.57,45.38,39.86,57.34
2026-03-16,7,4,2026-03-16 16:32:00,5,蒲郡商工会議所会頭杯争奪 ガマゴリうどんグランプリ,3,3289,高橋 淳美,3,62,46,0,0,0.2,3.83,17.39,21.74,0,0,0,34.91,51.48,28.3,35.85
2026-03-16,7,4,2026-03-16 16:32:00,5,蒲郡商工会議所会頭杯争奪 ガマゴリうどんグランプリ,4,3554,仲口 博崇,1,53,52,0,0,0.18,6.7,54.81,71.85,6.37,49.21,69.84,32.85,50.36,37.5,53.68
2026-03-16,7,4,2026-03-16 16:32:00,5,蒲郡商工会議所会頭杯争奪 ガマゴリうどんグランプリ,5,3327,野長瀬 正孝,2,58,52,0,0,0.16,5.93,42.11,57.02,5.68,31.58,57.89,35.44,52.53,39.07,58.94
2026-03-16,7,4,2026-03-16 16:32:00,5,蒲郡商工会議所会頭杯争奪 ガマゴリうどんグランプリ,6,5439,志賀 美優,4,20,47.1,1,0,,1.49,2.04,4.08,1.19,0,0,40.52,59.48,36,52
2026-03-16,7,5,2026-03-16 17:01:00,5,蒲郡商工会議所会頭杯争奪 ガマゴリうどんグランプリ,1,3713,伊藤 誠二,2,51,53,0,0,0.14,6.12,42.7,61.8,6.63,52.5,62.5,32.88,52.05,37.01,47.4
2026-03-16,7,5,2026-03-16 17:01:00,5,蒲郡商工会議所会頭杯争奪 ガマゴリうどんグランプリ,2,4349,犬童 千秋,3,40,49.4,0,0,0.14,4.48,26.23,39.34,0,0,0,18.39,41.38,29.93,45.58
2026-03-16,7,5,2026-03-16 17:01:00,5,蒲郡商工会議所会頭杯争奪 ガマゴリうどんグランプリ,3,3944,山口 裕二,2,47,52,0,0,0.17,6.73,56.45,69.35,7.05,57.89,84.21,31.37,47.71,37.38,50.47
2026-03-16,7,5,2026-03-16 17:01:00,5,蒲郡商工会議所会頭杯争奪 ガマゴリうどんグランプリ,4,4164,岩永 節也,3,44,52.4,0,0,0.19,4.69,23.73,49.15,2.75,0,12.5,38.89,51.85,30.5,45.39
2026-03-16,7,5,2026-03-16 17:01:00,5,蒲郡商工会議所会頭杯争奪 ガマゴリうどんグランプリ,5,3955,眞田 英二,3,48,51.5,0,0,0.17,4.33,10.87,39.13,0,0,0,23.6,46.07,33.97,48.72
2026-03-16,7,5,2026-03-16 17:01:00,5,蒲郡商工会議所会頭杯争奪 ガマゴリうどんグランプリ,6,4311,岡村 仁,1,42,53.9,0,0,0.14,6.26,45.07,63.38,5.92,41.67,66.67,27.54,50.72,32.84,50.75
2026-03-16,7,6,2026-03-16 17:29:00,5,蒲郡商工会議所会頭杯争奪 ガマゴリうどんグランプリ,1,3304,烏野 賢太,2,58,51.5,0,0,0.17,6.5,47.83,68.7,5.3,40,50,21.5,35.51,31.09,39.5
2026-03-16,7,6,2026-03-16 17:29:00,5,蒲郡商工会議所会頭杯争奪 ガマゴリうどんグランプリ,2,3947,寺本 昇平,3,50,50,0,0,0.17,4.33,17.98,39.33,4.9,23.33,46.67,25.29,39.08,35.25,59.71
2026-03-16,7,6,2026-03-16 17:29:00,5,蒲郡商工会議所会頭杯争奪 ガマゴリうどんグランプリ,3,5319,近藤 颯斗,3,24,51.5,0,0,0.13,4.78,24.32,50,3.91,25,34.09,23.66,41.98,25.76,40.91
2026-03-16,7,6,2026-03-16 17:29:00,5,蒲郡商工会議所会頭杯争奪 ガマゴリうどんグランプリ,4,3551,藤田 美代,3,54,45,0,0,0.18,3.61,15.63,29.69,3.89,33.33,33.33,31.29,47.24,43.14,64.05
2026-03-16,7,6,2026-03-16 17:29:00,5,蒲郡商工会議所会頭杯争奪 ガマゴリうどんグランプリ,5,3352,小川 晃司,3,57,50.5,0,0,0.17,4.52,12.68,45.07,0,0,0,33.7,52.49,38.78,56.46
2026-03-16,7,6,2026-03-16 17:29:00,5,蒲郡商工会議所会頭杯争奪 ガマゴリうどんグランプリ,6,4967,中村 魁生,1,27,51.5,1,0,0.12,6.58,46.32,64.21,5.28,44.44,55.56,32.03,51.63,33.33,59.26
2026-03-16,7,7,2026-03-16 17:59:00,5,蒲郡商工会議所会頭杯争奪 ガマゴリうどんグランプリ,1,4289,落合 直子,2,41,47,0,0,0.14,5.81,39.17,60.83,4.6,30,40,22.11,35.79,22.81,35.09
2026-03-16,7,7,2026-03-16 17:59:00,5,蒲郡商工会議所会頭杯争奪 ガマゴリうどんグランプリ,2,4618,乃村 康友,3,43,54.5,0,0,0.17,4.8,23.68,48.68,5.86,42.86,57.14,30.97,46.45,39.37,62.2
2026-03-16,7,7,2026-03-16 17:59:00,5,蒲郡商工会議所会頭杯争奪 ガマゴリうどんグランプリ,3,3940,飯山 泰,1,48,52.1,0,0,0.15,6.5,49.61,63.78,6.22,47.83,56.52,25.23,39.64,30.77,51.05
2026-03-16,7,7,2026-03-16 17:59:00,5,蒲郡商工会議所会頭杯争奪 ガマゴリうどんグランプリ,4,4057,松井 賢治,2,47,52.2,0,0,0.16,5.85,44.35,57.39,6.39,50,66.67,34.62,52.75,32.14,48.21
2026-03-16,7,7,2026-03-16 17:59:00,5,蒲郡商工会議所会頭杯争奪 ガマゴリうどんグランプリ,5,4035,杉江 浩明,3,47,51.5,0,0,0.2,4.18,23.6,34.83,4.59,18.52,37.04,21.79,34.62,35.82,47.76
2026-03-16,7,7,2026-03-16 17:59:00,5,蒲郡商工会議所会頭杯争奪 ガマゴリうどんグランプリ,6,5179,藤本 元輝,3,28,53.4,2,0,0.15,3.65,21.13,30.99,2.71,14.29,28.57,27.5,46.67,47.47,62.66
2026-03-16,7,8,2026-03-16 18:26:00,5,蒲郡商工会議所会頭杯争奪 ガマゴリうどんグランプリ,1,4519,清水 沙樹,2,39,44.5,1,0,0.15,5.34,37.21,50,3.87,26.67,26.67,23.08,39.56,36.99,55.48
2026-03-16,7,8,2026-03-16 18:26:00,5,蒲郡商工会議所会頭杯争奪 ガマゴリうどんグランプリ,2,5265,大廣 咲季,3,26,45,0,0,0.17,3.3,13.64,22.73,3,11.11,11.11,34.15,45.73,33.08,48.46
2026-03-16,7,8,2026-03-16 18:26:00,5,蒲郡商工会議所会頭杯争奪 ガマゴリうどんグランプリ,3,3708,岡部 貴司,3,51,54.5,1,0,0.15,4.86,25.27,42.86,0,0,0,35.47,50.58,34.04,48.23
2026-03-16,7,8,2026-03-16 18:26:00,5,蒲郡商工会議所会頭杯争奪 ガマゴリうどんグランプリ,4,4567,上村 慎太郎,3,38,51.5,0,0,0.22,4.33,22.22,42.86,3,0,16.67,28.57,45.38,39.86,57.34
2026-03-16,7,8,2026-03-16 18:26:00,5,蒲郡商工会議所会頭杯争奪 ガマゴリうどんグランプリ,5,3910,松下 知幸,3,52,51,0,0,0.16,4.08,17.65,32.94,5,30,50,34.16,51.55,24.8,41.6
2026-03-16,7,8,2026-03-16 18:26:00,5,蒲郡商工会議所会頭杯争奪 ガマゴリうどんグランプリ,6,4214,林 祐介,2,41,55.8,0,0,0.17,5.11,30.67,50.67,6.11,33.33,72.22,20.55,30.14,28.57,46.62
2026-03-16,7,9,2026-03-16 18:55:00,5,蒲郡商工会議所会頭杯争奪 ガマゴリうどんグランプリ,1,4366,前沢 丈史,1,40,55,0,0,0.15,6.8,49.24,73.48,0,0,0,30.94,45.32,31.45,54.03
2026-03-16,7,9,2026-03-16 18:55:00,5,蒲郡商工会議所会頭杯争奪 ガマゴリうどんグランプリ,2,3740,大澤 普司,1,51,53.7,0,0,0.16,6.41,49.06,65.09,5.32,28.57,42.86,38.76,58.14,33.33,46.08
2026-03-16,7,9,2026-03-16 18:55:00,5,蒲郡商工会議所会頭杯争奪 ガマゴリうどんグランプリ,3,3731,高濱 芳久,3,52,53.8,0,0,0.18,4.89,28.74,48.28,5.86,39.29,60.71,31.25,53.41,40.44,55.88
2026-03-16,7,9,2026-03-16 18:55:00,5,蒲郡商工会議所会頭杯争奪 ガマゴリうどんグランプリ,4,4152,深水 慎一郎,3,45,54.4,0,0,0.17,5.37,37.33,52,4.25,17.86,39.29,35.06,51.3,38.41,54.97
2026-03-16,7,9,2026-03-16 18:55:00,5,蒲郡商工会議所会頭杯争奪 ガマゴリうどんグランプリ,5,3713,伊藤 誠二,2,51,53,0,0,0.14,6.12,42.7,61.8,6.63,52.5,62.5,32.88,52.05,37.01,47.4
2026-03-16,7,9,2026-03-16 18:55:00,5,蒲郡商工会議所会頭杯争奪 ガマゴリうどんグランプリ,6,3944,山口 裕二,2,47,52,0,0,0.17,6.73,56.45,69.35,7.05,57.89,84.21,31.37,47.71,23.31,36.84
2026-03-16,7,10,2026-03-16 19:38:00,5,蒲郡商工会議所会頭杯争奪 ガマゴリうどんグランプリ,1,4311,岡村 仁,1,42,53.9,0,0,0.14,6.26,45.07,63.38,5.92,41.67,66.67,27.54,50.72,32.84,50.75
2026-03-16,7,10,2026-03-16 19:38:00,5,蒲郡商工会議所会頭杯争奪 ガマゴリうどんグランプリ,2,4288,永田 啓二,1,41,52.7,0,0,0.13,7.02,54.2,73.28,0,0,0,30.38,50,31.06,50.76
2026-03-16,7,10,2026-03-16 19:38:00,5,蒲郡商工会議所会頭杯争奪 ガマゴリうどんグランプリ,3,3554,仲口 博崇,1,53,52,0,0,0.18,6.7,54.81,71.85,6.37,49.21,69.84,32.85,50.36,37.5,53.68
2026-03-16,7,10,2026-03-16 19:38:00,5,蒲郡商工会議所会頭杯争奪 ガマゴリうどんグランプリ,4,4073,大橋 純一郎,2,44,52.3,0,0,0.17,6.37,48.8,67.2,5.44,27.78,38.89,24.18,42.86,46.1,60.99
2026-03-16,7,10,2026-03-16 19:38:00,5,蒲郡商工会議所会頭杯争奪 ガマゴリうどんグランプリ,5,4509,平見 真彦,3,37,52.7,0,0,0.18,5.87,34.58,61.68,5.33,33.33,50,31.76,47.65,26.57,44.76
2026-03-16,7,10,2026-03-16 19:38:00,5,蒲郡商工会議所会頭杯争奪 ガマゴリうどんグランプリ,6,3304,烏野 賢太,2,58,51.5,0,0,0.17,6.5,47.83,68.7,5.3,40,50,21.5,35.51,31.09,39.5
2026-03-16,7,11,2026-03-16 20:06:00,5,蒲郡商工会議所会頭杯争奪 ガマゴリうどんグランプリ,1,4967,中村 魁生,1,27,51.5,1,0,0.12,6.58,46.32,64.21,5.28,44.44,55.56,32.03,51.63,33.33,59.26
2026-03-16,7,11,2026-03-16 20:06:00,5,蒲郡商工会議所会頭杯争奪 ガマゴリうどんグランプリ,2,3327,野長瀬 正孝,2,58,52,0,0,0.16,5.93,42.11,57.02,5.68,31.58,57.89,35.44,52.53,39.07,58.94
2026-03-16,7,11,2026-03-16 20:06:00,5,蒲郡商工会議所会頭杯争奪 ガマゴリうどんグランプリ,3,4057,松井 賢治,2,47,52.2,0,0,0.16,5.85,44.35,57.39,6.39,50,66.67,34.62,52.75,32.14,48.21
2026-03-16,7,11,2026-03-16 20:06:00,5,蒲郡商工会議所会頭杯争奪 ガマゴリうどんグランプリ,4,4289,落合 直子,2,41,47,0,0,0.14,5.81,39.17,60.83,4.6,30,40,22.11,35.79,22.81,35.09
2026-03-16,7,11,2026-03-16 20:06:00,5,蒲郡商工会議所会頭杯争奪 ガマゴリうどんグランプリ,5,4183,宇野 弥生,2,40,48,0,0,0.13,4.93,33.64,44.86,6.08,42.86,55.1,36.23,54.35,31.36,41.53
2026-03-16,7,11,2026-03-16 20:06:00,5,蒲郡商工会議所会頭杯争奪 ガマゴリうどんグランプリ,6,3070,山室 展弘,3,64,52,0,0,0.16,5.37,39.13,52.17,5.1,20,50,16.67,37.78,27.45,47.71
2026-03-16,7,12,2026-03-16 20:36:00,5,蒲郡商工会議所会頭杯争奪 ガマゴリうどんグランプリ,1,3940,飯山 泰,1,48,52.1,0,0,0.15,6.5,49.61,63.78,6.22,47.83,56.52,25.23,39.64,30.77,51.05
2026-03-16,7,12,2026-03-16 20:36:00,5,蒲郡商工会議所会頭杯争奪 ガマゴリうどんグランプリ,2,4164,岩永 節也,3,44,52.4,0,0,0.19,4.69,23.73,49.15,2.75,0,12.5,38.89,51.85,30.5,45.39
2026-03-16,7,12,2026-03-16 20:36:00,5,蒲郡商工会議所会頭杯争奪 ガマゴリうどんグランプリ,3,4214,林 祐介,2,41,55.8,0,0,0.17,5.11,30.67,50.67,6.11,33.33,72.22,20.55,30.14,28.57,46.62
2026-03-16,7,12,2026-03-16 20:36:00,5,蒲郡商工会議所会頭杯争奪 ガマゴリうどんグランプリ,4,4331,三好 勇人,2,42,53.7,0,0,0.15,5.81,36.14,59.04,5.86,38.1,52.38,27.34,42.97,32.14,55
2026-03-16,7,12,2026-03-16 20:36:00,5,蒲郡商工会議所会頭杯争奪 ガマゴリうどんグランプリ,5,3289,高橋 淳美,3,62,46,0,0,0.2,3.83,17.39,21.74,0,0,0,34.91,51.48,28.3,35.85
2026-03-16,7,12,2026-03-16 20:36:00,5,蒲郡商工会議所会頭杯争奪 ガマゴリうどんグランプリ,6,3352,小川 晃司,3,57,50.5,0,0,0.17,4.52,12.68,45.07,0,0,0,33.7,52.49,38.78,56.46
2026-03-16,10,1,2026-03-16 08:47:00,5,坂井市制20周年記念,1,4762,藤原 啓史朗,1,36,51.5,0,0,0.12,6.38,37,57,6.94,48.39,67.74,0,0,0,0
2026-03-16,10,1,2026-03-16 08:47:00,5,坂井市制20周年記念,2,4944,田代 達也,3,34,53.5,1,0,0.15,4,21.11,34.44,3.52,11.11,29.63,0,0,14.29,28.57
2026-03-16,10,1,2026-03-16 08:47:00,5,坂井市制20周年記念,3,3838,伊藤 啓三,3,50,53.6,0,0,0.14,4.91,33.33,50,6.05,55,60,33.33,88.89,0,0
2026-03-16,10,1,2026-03-16 08:47:00,5,坂井市制20周年記念,4,5403,藤山 湧太,4,22,52.1,1,0,0.19,2.27,3.33,8.33,0,0,0,0,0,12.5,37.5
2026-03-16,10,1,2026-03-16 08:47:00,5,坂井市制20周年記念,5,4669,井上 茂,3,40,52.4,0,0,0.17,4.9,27.4,46.58,5,26.32,42.11,0,0,0,0
2026-03-16,10,1,2026-03-16 08:47:00,5,坂井市制20周年記念,6,5185,加藤 優弥,3,26,52.5,0,0,0.15,5.18,30.19,49.06,5.1,28.8,49.6,0,0,14.29,28.57
2026-03-16,10,2,2026-03-16 09:13:00,5,坂井市制20周年記念,1,4361,柳生 泰二,1,41,52.2,0,0,0.15,7.47,55.26,76.32,6.1,40,60,37.5,37.5,0,0
2026-03-16,10,2,2026-03-16 09:13:00,5,坂井市制20周年記念,2,4709,岡村 将也,2,36,55,0,0,0.16,5.57,39.58,56.25,5.09,27.27,36.36,62.5,75,0,0
2026-03-16,10,2,2026-03-16 09:13:00,5,坂井市制20周年記念,3,3268,森 竜也,3,60,53.5,0,0,0.17,4.56,23.08,37.36,4.28,22.22,38.89,0,0,37.5,37.5
2026-03-16,10,2,2026-03-16 09:13:00,5,坂井市制20周年記念,4,4097,貫地谷 直人,3,44,56.5,0,0,0.2,3.92,13.51,33.78,2.25,0,0,37.5,37.5,0,0
2026-03-16,10,2,2026-03-16 09:13:00,5,坂井市制20周年記念,5,5419,櫻井 隼,4,19,53.3,1,0,0.22,2.21,2.13,6.38,0,0,0,0,25,0,0
2026-03-16,10,2,2026-03-16 09:13:00,5,坂井市制20周年記念,6,3687,花田 和明,3,56,53.1,0,0,0.17,5.1,31.65,44.3,2.56,11.11,11.11,0,0,0,14.29
2026-03-16,10,3,2026-03-16 09:39:00,5,坂井市制20周年記念,1,4210,松村 康太,2,42,52,0,0,0.17,5.98,35.23,67.05,6.22,41.22,63.51,12.5,37.5,0,0
2026-03-16,10,3,2026-03-16 09:39:00,5,坂井市制20周年記念,2,5122,相馬 翔,4,24,54.6,0,0,0.18,5.02,36.54,50,0,0,0,12.5,37.5,25,37.5
2026-03-16,10,3,2026-03-16 09:39:00,5,坂井市制20周年記念,3,4337,平本 真之,1,41,53.9,0,0,0.13,7.4,49.51,69.9,7.35,60,70,0,0,0,0
2026-03-16,10,3,2026-03-16 09:39:00,5,坂井市制20周年記念,4,5289,佃 來紀,3,25,52,0,0,0.16,4.93,31.08,51.35,0,0,0,14.29,28.57,0,0
2026-03-16,10,3,2026-03-16 09:39:00,5,坂井市制20周年記念,5,5352,西岡 蒼志,3,21,54.6,0,0,0.15,4.55,25,36.84,1.25,0,0,0,0,12.5,25
2026-03-16,10,3,2026-03-16 09:39:00,5,坂井市制20周年記念,6,5279,石渡 翔一郎,3,23,53.2,1,0,0.16,4.97,35.06,50.65,4.33,16.67,33.33,0,0,12.5,37.5
2026-03-16,10,4,2026-03-16 10:05:00,5,坂井市制20周年記念,1,3788,一宮 稔弘,2,54,52.9,0,0,0.12,6.25,48.28,62.07,5.36,36.36,54.55,25,62.5,0,0
2026-03-16,10,4,2026-03-16 10:05:00,5,坂井市制20周年記念,2,5066,鈴木 孝明,2,27,53.3,0,0,0.17,6.06,40.74,62.96,5.36,36,56,37.5,50,0,0
2026-03-16,10,4,2026-03-16 10:05:00,5,坂井市制20周年記念,3,4182,吉田 和仁,3,42,56,0,0,0.18,5.18,31.58,50.53,4.05,20,30,62.5,75,25,37.5
2026-03-16,10,4,2026-03-16 10:05:00,5,坂井市制20周年記念,4,5207,高山 敬悟,3,28,53.6,0,0,0.15,4.5,24.19,38.71,0,0,0,22.22,33.33,25,37.5
2026-03-16,10,4,2026-03-16 10:05:00,5,坂井市制20周年記念,5,3849,中岡 正彦,1,48,52.1,1,0,0.12,7.61,64.39,77.27,7.53,60,86.67,0,14.29,0,0
2026-03-16,10,4,2026-03-16 10:05:00,5,坂井市制20周年記念,6,5430,鳥本 智史,4,21,52.5,0,0,,1.64,2.22,4.44,1.33,0,0,14.29,28.57,0,0
2026-03-16,10,5,2026-03-16 10:33:00,5,坂井市制20周年記念,1,3957,大谷 直弘,3,48,53.4,0,0,0.19,5.13,29.41,49.02,5.47,35.29,47.06,25,37.5,14.29,42.86
2026-03-16,10,5,2026-03-16 10:33:00,5,坂井市制20周年記念,2,3370,坪内 実,3,59,53.2,0,0,0.18,4,18.18,34.09,4.17,16.67,37.5,0,0,62.5,62.5
2026-03-16,10,5,2026-03-16 10:33:00,5,坂井市制20周年記念,3,4438,森作 雄大,2,39,53.3,0,0,0.12,5.01,33.96,43.4,5.73,46.67,53.33,22.22,55.56,0,14.29
2026-03-16,10,5,2026-03-16 10:33:00,5,坂井市制20周年記念,4,4973,栗原 直也,2,33,52,0,0,0.18,4.93,30.1,47.57,0,0,0,37.5,37.5,0,0
2026-03-16,10,5,2026-03-16 10:33:00,5,坂井市制20周年記念,5,4563,齋藤 真之,3,38,53.5,0,0,0.18,4.01,20.48,30.12,0,0,0,0,0,37.5,62.5
2026-03-16,10,5,2026-03-16 10:33:00,5,坂井市制20周年記念,6,4188,久田 敏之,1,44,52.4,0,0,0.13,7.43,56.04,74.73,7.64,64,78,0,14.29,12.5,25
2026-03-16,10,6,2026-03-16 11:04:00,5,坂井市制20周年記念,1,3519,冨田 秀幸,3,57,52.2,0,0,0.15,4.62,17.86,42.86,4.5,25,37.5,25,37.5,50,100
2026-03-16,10,6,2026-03-16 11:04:00,5,坂井市制20周年記念,2,4359,横川 聖志,2,41,56.1,0,0,0.13,5.27,35.8,49.38,5.71,42.86,57.14,14.29,14.29,37.5,37.5
2026-03-16,10,6,2026-03-16 11:04:00,5,坂井市制20周年記念,3,5130,上野 拓馬,3,28,53.8,0,0,0.16,4.23,17.05,37.5,3.85,11.54,34.62,0,0,14.29,14.29
2026-03-16,10,6,2026-03-16 11:04:00,5,坂井市制20周年記念,4,4944,田代 達也,3,34,53.5,1,0,0.15,4,21.11,34.44,3.52,11.11,29.63,0,0,14.29,28.57
2026-03-16,10,6,2026-03-16 11:04:00,5,坂井市制20周年記念,5,5244,黒田 剛,3,25,52,0,0,0.14,4.03,12.68,30.99,1.14,0,0,37.5,37.5,50,50
2026-03-16,10,6,2026-03-16 11:04:00,5,坂井市制20周年記念,6,4230,濱崎 直矢,1,42,52.6,1,0,0.14,7,56.72,70.15,7.6,60,70,0,0,37.5,50
2026-03-16,10,7,2026-03-16 11:34:00,5,坂井市制20周年記念,1,4864,小川 日紀太,3,36,52.7,1,0,0.14,4.24,22.54,35.21,4.23,22.58,38.71,22.22,44.44,0,0
2026-03-16,10,7,2026-03-16 11:34:00,5,坂井市制20周年記念,2,4908,上田 龍星,1,30,52.1,1,0,0.14,6.84,48.35,64.84,7.25,62.5,62.5,0,0,37.5,37.5
2026-03-16,10,7,2026-03-16 11:34:00,5,坂井市制20周年記念,3,5185,加藤 優弥,3,26,52.5,0,0,0.15,5.18,30.19,49.06,5.1,28.8,49.6,0,0,14.29,28.57
2026-03-16,10,7,2026-03-16 11:34:00,5,坂井市制20周年記念,4,3687,花田 和明,3,56,53.1,0,0,0.17,5.1,31.65,44.3,2.56,11.11,11.11,0,0,0,14.29
2026-03-16,10,7,2026-03-16 11:34:00,5,坂井市制20周年記念,5,5122,相馬 翔,4,24,54.6,0,0,0.18,5.02,36.54,50,0,0,0,12.5,37.5,25,37.5
2026-03-16,10,7,2026-03-16 11:34:00,5,坂井市制20周年記念,6,3968,茶谷 信次,2,49,52.1,0,0,0.16,6.02,33.93,63.39,5.73,30,60,12.5,25,12.5,25
2026-03-16,10,8,2026-03-16 12:06:00,5,坂井市制20周年記念,1,3362,間嶋 仁志,3,56,55.6,0,0,0.19,5.74,45.26,56.84,3.5,12.5,37.5,0,0,12.5,25
2026-03-16,10,8,2026-03-16 12:06:00,5,坂井市制20周年記念,2,4097,貫地谷 直人,3,44,56.5,0,0,0.2,3.92,13.51,33.78,2.25,0,0,37.5,37.5,0,0
2026-03-16,10,8,2026-03-16 12:06:00,5,坂井市制20周年記念,3,5066,鈴木 孝明,2,27,53.3,0,0,0.17,6.06,40.74,62.96,5.36,36,56,37.5,50,0,0
2026-03-16,10,8,2026-03-16 12:06:00,5,坂井市制20周年記念,4,4210,松村 康太,2,42,52,0,0,0.17,5.98,35.23,67.05,6.22,41.22,63.51,12.5,37.5,0,0
2026-03-16,10,8,2026-03-16 12:06:00,5,坂井市制20周年記念,5,4544,松田 大志郎,1,38,52.2,0,0,0.16,7.87,67.13,81.12,8.35,75,80,33.33,66.67,0,0
2026-03-16,10,8,2026-03-16 12:06:00,5,坂井市制20周年記念,6,3105,内山 文典,3,62,53.7,0,0,0.16,4.68,19.23,47.44,4.8,30,50,62.5,62.5,0,0
2026-03-16,10,9,2026-03-16 12:39:00,5,坂井市制20周年記念,1,4182,吉田 和仁,3,42,56,0,0,0.18,5.18,31.58,50.53,4.05,20,30,62.5,75,25,37.5
2026-03-16,10,9,2026-03-16 12:39:00,5,坂井市制20周年記念,2,5352,西岡 蒼志,3,21,54.6,0,0,0.15,4.55,25,36.84,1.25,0,0,0,0,12.5,25
2026-03-16,10,9,2026-03-16 12:39:00,5,坂井市制20周年記念,3,4973,栗原 直也,2,33,52,0,0,0.18,4.93,30.1,47.57,0,0,0,37.5,37.5,0,0
2026-03-16,10,9,2026-03-16 12:39:00,5,坂井市制20周年記念,4,3655,本橋 克洋,2,52,53.9,0,0,0.17,5.61,35.25,59.84,6.09,43.75,62.5,0,0,0,25
2026-03-16,10,9,2026-03-16 12:39:00,5,坂井市制20周年記念,5,5403,藤山 湧太,4,22,52.1,1,0,0.19,2.27,3.33,8.33,0,0,0,0,0,12.5,37.5
2026-03-16,10,9,2026-03-16 12:39:00,5,坂井市制20周年記念,6,3581,加木 郁,3,53,53.1,0,0,0.19,4.13,17.11,31.58,0,0,0,37.5,62.5,37.5,37.5
2026-03-16,10,10,2026-03-16 13:13:00,5,坂井市制20周年記念,1,3268,森 竜也,3,60,53.4,0,0,0.17,4.56,23.08,37.36,4.28,22.22,38.89,0,0,37.5,37.5
2026-03-16,10,10,2026-03-16 13:13:00,5,坂井市制20周年記念,2,4230,濱崎 直矢,1,42,52,1,0,0.14,7,56.72,70.15,7.6,60,70,0,0,37.5,50
2026-03-16,10,10,2026-03-16 13:13:00,5,坂井市制20周年記念,3,4669,井上 茂,3,40,53,0,0,0.17,4.9,27.4,46.58,5,26.32,42.11,0,0,0,0
2026-03-16,10,10,2026-03-16 13:13:00,5,坂井市制20周年記念,4,4438,森作 雄大,2,39,53,0,0,0.12,5.01,33.96,43.4,5.73,46.67,53.33,22.22,55.56,0,14.29
2026-03-16,10,10,2026-03-16 13:13:00,5,坂井市制20周年記念,5,3788,一宮 稔弘,2,54,52.3,0,0,0.12,6.25,48.28,62.07,5.36,36.36,54.55,25,62.5,0,0
2026-03-16,10,10,2026-03-16 13:13:00,5,坂井市制20周年記念,6,5289,佃 來紀,3,25,52,0,0,0.16,4.93,31.08,51.35,0,0,0,14.29,28.57,0,0
2026-03-16,10,11,2026-03-16 13:49:00,5,坂井市制20周年記念,1,3849,中岡 正彦,1,48,52.1,1,0,0.12,7.61,64.39,77.27,7.53,60,86.67,0,14.29,0,0
2026-03-16,10,11,2026-03-16 13:49:00,5,坂井市制20周年記念,2,3968,茶谷 信次,2,49,52.1,0,0,0.16,6.02,33.93,63.39,5.73,30,60,12.5,25,12.5,25
2026-03-16,10,11,2026-03-16 13:49:00,5,坂井市制20周年記念,3,4359,横川 聖志,2,41,56.1,0,0,0.13,5.27,35.8,49.38,5.71,42.86,57.14,14.29,14.29,37.5,37.5
2026-03-16,10,11,2026-03-16 13:49:00,5,坂井市制20周年記念,4,5279,石渡 翔一郎,3,23,53.2,1,0,0.16,4.97,35.06,50.65,4.33,16.67,33.33,0,0,12.5,37.5
2026-03-16,10,11,2026-03-16 13:49:00,5,坂井市制20周年記念,5,4709,岡村 将也,2,36,55,0,0,0.16,5.57,39.58,56.25,5.09,27.27,36.36,62.5,75,0,0
2026-03-16,10,11,2026-03-16 13:49:00,5,坂井市制20周年記念,6,3838,伊藤 啓三,3,50,53.6,0,0,0.14,4.91,33.33,50,6.05,55,60,33.33,88.89,0,0
2026-03-16,10,12,2026-03-16 14:27:00,5,坂井市制20周年記念,1,4337,平本 真之,1,41,53.9,0,0,0.13,7.4,49.51,69.9,7.35,60,70,0,0,0,0
2026-03-16,10,12,2026-03-16 14:27:00,5,坂井市制20周年記念,2,4188,久田 敏之,1,44,52.4,0,0,0.13,7.43,56.04,74.73,7.64,64,78,0,14.29,12.5,25
2026-03-16,10,12,2026-03-16 14:27:00,5,坂井市制20周年記念,3,4544,松田 大志郎,1,38,52.2,0,0,0.16,7.87,67.13,81.12,8.35,75,80,33.33,66.67,0,0
2026-03-16,10,12,2026-03-16 14:27:00,5,坂井市制20周年記念,4,4361,柳生 泰二,1,41,52.2,0,0,0.15,7.47,55.26,76.32,6.1,40,60,37.5,37.5,0,0
2026-03-16,10,12,2026-03-16 14:27:00,5,坂井市制20周年記念,5,4762,藤原 啓史朗,1,36,51.5,0,0,0.12,6.38,37,57,6.94,48.39,67.74,0,0,0,0
2026-03-16,10,12,2026-03-16 14:27:00,5,坂井市制20周年記念,6,4908,上田 龍星,1,30,52.1,1,0,0.14,6.84,48.35,64.84,7.25,62.5,62.5,0,0,37.5,37.5
2026-03-16,11,1,2026-03-16 10:30:00,5,報知新聞社杯争奪第48回びわこ王座決定戦,1,3859,多羅尾 達之,3,52,51,0,0,0.15,4.69,31.15,42.62,3.89,22.22,22.22,31.66,48.74,37.27,52.27
2026-03-16,11,1,2026-03-16 10:30:00,5,報知新聞社杯争奪第48回びわこ王座決定戦,2,4458,抹香 雄三,3,40,53.2,1,0,0.14,5.21,36,49.33,5.38,25,62.5,35.75,57.97,30.19,50.94
2026-03-16,11,1,2026-03-16 10:30:00,5,報知新聞社杯争奪第48回びわこ王座決定戦,3,3977,山本 兼士,3,48,53.5,0,0,0.16,4.69,25.51,42.86,4.29,33.33,37.5,40.73,58.87,39.05,55.24
2026-03-16,11,1,2026-03-16 10:30:00,5,報知新聞社杯争奪第48回びわこ王座決定戦,4,4677,片橋 幸貴,4,37,53.9,0,0,0.2,6.67,43.48,72.46,5.17,33.33,50,29,47.5,29.35,46.27
2026-03-16,11,1,2026-03-16 10:30:00,5,報知新聞社杯争奪第48回びわこ王座決定戦,5,4319,三宅 潤,2,41,54.1,1,0,0.17,5.68,42.11,54.74,5,40,50,35.53,53.95,34.7,53.42
2026-03-16,11,1,2026-03-16 10:30:00,5,報知新聞社杯争奪第48回びわこ王座決定戦,6,5379,廣部 大明,4,21,52.3,1,0,0.2,2.36,1.56,10.94,1.79,0,4.55,29.77,43.26,35.98,52.34
2026-03-16,11,2,2026-03-16 11:09:00,5,報知新聞社杯争奪第48回びわこ王座決定戦,1,5175,島崎 丈一朗,4,22,52.2,0,0,0.21,4.02,18.18,29.55,4.89,28.57,53.57,40.36,57.4,34.72,46.76
2026-03-16,11,2,2026-03-16 11:09:00,5,報知新聞社杯争奪第48回びわこ王座決定戦,2,3843,上之 晃弘,3,49,52.9,0,0,0.16,4.15,17.65,38.82,4.67,16.67,33.33,40.5,57.71,34.76,56.67
2026-03-16,11,2,2026-03-16 11:09:00,5,報知新聞社杯争奪第48回びわこ王座決定戦,3,4811,向井田 佑紀,3,36,51.5,0,0,0.16,4.57,24.49,38.78,4.6,20,45,37.12,55.02,38.64,56.36
2026-03-16,11,2,2026-03-16 11:09:00,5,報知新聞社杯争奪第48回びわこ王座決定戦,4,3896,上田 洋平,3,49,51,0,0,0.17,5.31,28.13,50,5.5,35,57,28.86,43.78,33.81,54.29
2026-03-16,11,2,2026-03-16 11:09:00,5,報知新聞社杯争奪第48回びわこ王座決定戦,5,4992,廣瀬 篤哉,3,28,56,0,0,0.16,4.43,29.79,37.23,4.86,34.71,42.98,29.06,45.81,29.5,49.5
2026-03-16,11,2,2026-03-16 11:09:00,5,報知新聞社杯争奪第48回びわこ王座決定戦,6,3377,塚田 修二,3,58,54.4,0,0,0.18,3.43,15.09,26.42,1.71,0,0,34.47,47.23,36.65,52.94
2026-03-16,11,3,2026-03-16 11:37:00,5,報知新聞社杯争奪第48回びわこ王座決定戦,1,4077,品田 直樹,3,47,52.1,0,0,0.18,5.07,29.13,47.57,3.89,22.22,33.33,35.47,52.71,37.98,52.4
2026-03-16,11,3,2026-03-16 11:37:00,5,報知新聞社杯争奪第48回びわこ王座決定戦,2,4034,西原 明生,3,47,54.5,1,0,0.18,3.82,16.88,27.27,4.63,18.52,40.74,30.11,47.31,31.19,50
2026-03-16,11,3,2026-03-16 11:37:00,5,報知新聞社杯争奪第48回びわこ王座決定戦,3,4191,赤羽 克也,2,44,53.5,0,0,0.17,6.13,44.55,61.39,6,38.1,57.14,29.67,49.19,32.87,50.93
2026-03-16,11,3,2026-03-16 11:37:00,5,報知新聞社杯争奪第48回びわこ王座決定戦,4,3461,渡邊 哲也,3,59,57.3,0,0,0.24,3.02,12.5,18.75,4,25,25,38.27,59.67,31.92,45.07
2026-03-16,11,3,2026-03-16 11:37:00,5,報知新聞社杯争奪第48回びわこ王座決定戦,5,5400,高村 諒,4,23,52.9,0,0,0.2,1.87,1.59,6.35,1.24,0,0,28.64,46.48,36.97,51.18
2026-03-16,11,3,2026-03-16 11:37:00,5,報知新聞社杯争奪第48回びわこ王座決定戦,6,5055,眞鳥 章太,2,30,53.6,1,0,0.15,6.03,43.09,60.16,5.43,28.57,42.86,29.56,43.84,35.51,50
2026-03-16,11,4,2026-03-16 12:04:00,5,報知新聞社杯争奪第48回びわこ王座決定戦,1,4095,福来 剛,1,44,52,0,0,0.13,7.18,57.27,73.64,4.22,11.11,22.22,41.52,56.7,39.91,56.34
2026-03-16,11,4,2026-03-16 12:04:00,5,報知新聞社杯争奪第48回びわこ王座決定戦,2,3637,齋藤 和政,3,55,52.6,0,0,0.18,4.13,23.75,36.25,4.93,24.14,48.28,29,45.5,39.63,61.29
2026-03-16,11,4,2026-03-16 12:04:00,5,報知新聞社杯争奪第48回びわこ王座決定戦,3,4902,山川 雄大,3,33,52,1,0,0.17,4.94,33.67,51.02,4.24,22.22,37.78,31.36,50.45,33.33,51.69
2026-03-16,11,4,2026-03-16 12:04:00,5,報知新聞社杯争奪第48回びわこ王座決定戦,4,3892,草場 康幸,3,50,52.7,0,0,0.15,4.85,24.05,49.37,5.26,47.37,52.63,28.57,41.96,37.79,54.38
2026-03-16,11,4,2026-03-16 12:04:00,5,報知新聞社杯争奪第48回びわこ王座決定戦,5,3548,室田 泰史,2,56,53.3,0,0,0.12,5.7,37.72,57.02,6.09,46.88,59.38,48.72,64.1,34.62,51.92
2026-03-16,11,4,2026-03-16 12:04:00,5,報知新聞社杯争奪第48回びわこ王座決定戦,6,3246,星野 政彦,4,61,54.7,1,0,0.16,3.22,10.81,16.22,4.15,15.38,23.08,36.4,53.56,32.55,50
2026-03-16,11,5,2026-03-16 12:32:00,5,報知新聞社杯争奪第48回びわこ王座決定戦,1,4036,金田 諭,1,47,52.1,0,0,0.16,6.08,45.05,61.54,7.22,56.52,78.26,30.53,46.46,36.36,54.55
2026-03-16,11,5,2026-03-16 12:32:00,5,報知新聞社杯争奪第48回びわこ王座決定戦,2,3517,高橋 勲,2,58,53.3,0,0,0.15,4.56,24.44,48.89,4.75,25,50,42.25,56.98,31.22,45.85
2026-03-16,11,5,2026-03-16 12:32:00,5,報知新聞社杯争奪第48回びわこ王座決定戦,3,4099,吉永 則雄,1,47,52.1,0,0,0.17,6.48,44.66,68.93,6.27,43.9,65.85,31.61,44.83,35.98,49.07
2026-03-16,11,5,2026-03-16 12:32:00,5,報知新聞社杯争奪第48回びわこ王座決定戦,4,4457,神田 達也,3,40,53.7,0,0,0.17,4.68,20.59,48.53,5.45,36.36,54.55,31.02,47.69,31.94,52.36
2026-03-16,11,5,2026-03-16 12:32:00,5,報知新聞社杯争奪第48回びわこ王座決定戦,5,4458,抹香 雄三,3,40,53.2,1,0,0.14,5.21,36,49.33,5.38,25,62.5,35.75,57.97,30.19,50.94
2026-03-16,11,5,2026-03-16 12:32:00,5,報知新聞社杯争奪第48回びわこ王座決定戦,6,4894,原村 拓也,3,34,52.1,0,0,0.22,4.82,25.53,51.06,0,0,0,36.56,53.3,32.72,52.07
2026-03-16,11,6,2026-03-16 12:58:00,5,報知新聞社杯争奪第48回びわこ王座決定戦,1,4500,山田 康二,1,38,53.4,0,0,0.12,7.27,49.58,64.71,7.16,58,72,31.67,50.68,36.54,51.92
2026-03-16,11,6,2026-03-16 12:58:00,5,報知新聞社杯争奪第48回びわこ王座決定戦,2,4319,三宅 潤,2,41,54.1,1,0,0.17,5.68,42.11,54.74,5,40,50,35.53,53.95,34.7,53.42
2026-03-16,11,6,2026-03-16 12:58:00,5,報知新聞社杯争奪第48回びわこ王座決定戦,3,4555,富永 大一,2,36,53.6,0,0,0.19,5.32,31.65,56.96,4.67,33.33,44.44,45.96,63.6,36.65,54.3
2026-03-16,11,6,2026-03-16 12:58:00,5,報知新聞社杯争奪第48回びわこ王座決定戦,4,4811,向井田 佑紀,3,36,51.5,0,0,0.16,4.57,24.49,38.78,4.6,20,45,37.12,55.02,38.64,56.36
2026-03-16,11,6,2026-03-16 12:58:00,5,報知新聞社杯争奪第48回びわこ王座決定戦,5,4677,片橋 幸貴,4,37,53.9,0,0,0.2,6.67,43.48,72.46,5.17,33.33,50,29,47.5,29.35,46.27
2026-03-16,11,6,2026-03-16 12:58:00,5,報知新聞社杯争奪第48回びわこ王座決定戦,6,3945,橋口 真樹,3,50,52.4,0,0,0.2,3.77,18.75,29.69,4.11,17.86,39.29,35.27,52.23,48.25,64.47
2026-03-16,11,7,2026-03-16 13:25:00,5,報知新聞社杯争奪第48回びわこ王座決定戦,1,5379,廣部 大明,4,21,52.3,1,0,0.2,2.36,1.56,10.94,1.79,0,4.55,29.77,43.26,35.98,52.34
2026-03-16,11,7,2026-03-16 13:25:00,5,報知新聞社杯争奪第48回びわこ王座決定戦,2,3461,渡邊 哲也,3,59,57.3,0,0,0.24,3.02,12.5,18.75,4,25,25,38.27,59.67,31.92,45.07
2026-03-16,11,7,2026-03-16 13:25:00,5,報知新聞社杯争奪第48回びわこ王座決定戦,3,3896,上田 洋平,3,49,51,0,0,0.17,5.31,28.13,50,5.5,35,57,28.86,43.78,33.81,54.29
2026-03-16,11,7,2026-03-16 13:25:00,5,報知新聞社杯争奪第48回びわこ王座決定戦,4,3746,岡瀬 正人,2,51,52,0,0,0.17,5.7,36.89,58.2,5.66,36,54,33.19,48.03,35.94,54.84
2026-03-16,11,7,2026-03-16 13:25:00,5,報知新聞社杯争奪第48回びわこ王座決定戦,5,4034,西原 明生,3,47,54.5,1,0,0.18,3.82,16.88,27.27,4.63,18.52,40.74,30.11,47.31,31.19,50
2026-03-16,11,7,2026-03-16 13:25:00,5,報知新聞社杯争奪第48回びわこ王座決定戦,6,4124,池田 雄一,1,43,52.6,1,0,0.17,6.26,45.3,66.67,6.28,50,66.67,32.68,45.37,31.16,55.78
2026-03-16,11,8,2026-03-16 13:59:00,5,報知新聞社杯争奪第48回びわこ王座決定戦,1,4776,竹田 和哉,1,32,52.8,0,0,0.15,6.86,53.51,69.3,7.23,42.31,69.23,40.86,57.98,31.22,48.87
2026-03-16,11,8,2026-03-16 13:59:00,5,報知新聞社杯争奪第48回びわこ王座決定戦,2,3548,室田 泰史,2,56,53.3,0,0,0.12,5.7,37.72,57.02,6.09,46.88,59.38,48.72,64.1,34.62,51.92
2026-03-16,11,8,2026-03-16 13:59:00,5,報知新聞社杯争奪第48回びわこ王座決定戦,3,4992,廣瀬 篤哉,3,28,56,0,0,0.16,4.43,29.79,37.23,4.86,34.71,42.98,29.06,45.81,29.5,49.5
2026-03-16,11,8,2026-03-16 13:59:00,5,報知新聞社杯争奪第48回びわこ王座決定戦,4,3377,塚田 修二,3,58,54.4,0,0,0.18,3.43,15.09,26.42,1.71,0,0,34.47,47.23,36.65,52.94
2026-03-16,11,8,2026-03-16 13:59:00,5,報知新聞社杯争奪第48回びわこ王座決定戦,5,3637,齋藤 和政,3,55,52.6,0,0,0.18,4.13,23.75,36.25,4.93,24.14,48.28,29,45.5,39.63,61.29
2026-03-16,11,8,2026-03-16 13:59:00,5,報知新聞社杯争奪第48回びわこ王座決定戦,6,5400,高村 諒,4,23,52.9,0,0,0.2,1.87,1.59,6.35,1.24,0,0,28.64,46.48,36.97,51.18
2026-03-16,11,9,2026-03-16 14:33:00,5,報知新聞社杯争奪第48回びわこ王座決定戦,1,5055,眞鳥 章太,2,30,53.6,1,0,0.15,6.03,43.09,60.16,5.43,28.57,42.86,29.56,43.84,35.51,50
2026-03-16,11,9,2026-03-16 14:33:00,5,報知新聞社杯争奪第48回びわこ王座決定戦,2,4293,鈴木 智啓,2,40,59.1,1,0,0.15,4.78,32,41,7,75,75,38.46,58.08,33.49,47.37
2026-03-16,11,9,2026-03-16 14:33:00,5,報知新聞社杯争奪第48回びわこ王座決定戦,3,4457,神田 達也,3,40,53.7,0,0,0.17,4.68,20.59,48.53,5.45,36.36,54.55,31.02,47.69,31.94,52.36
2026-03-16,11,9,2026-03-16 14:33:00,5,報知新聞社杯争奪第48回びわこ王座決定戦,4,3977,山本 兼士,3,48,53.5,0,0,0.16,4.69,25.51,42.86,4.29,33.33,37.5,40.73,58.87,39.05,55.24
2026-03-16,11,9,2026-03-16 14:33:00,5,報知新聞社杯争奪第48回びわこ王座決定戦,5,3892,草場 康幸,3,50,52.7,0,0,0.15,4.85,24.05,49.37,5.26,47.37,52.63,28.57,41.96,37.79,54.38
2026-03-16,11,9,2026-03-16 14:33:00,5,報知新聞社杯争奪第48回びわこ王座決定戦,6,4822,百武 翔,2,33,52,0,0,0.17,5.97,39.45,62.39,5.53,36.84,47.37,27.93,48.6,29.21,43.07
2026-03-16,11,10,2026-03-16 15:02:00,5,報知新聞社杯争奪第48回びわこ王座決定戦,1,4902,山川 雄大,3,33,52,1,0,0.17,4.94,33.67,51.02,4.24,22.22,37.78,31.36,50.45,33.33,51.69
2026-03-16,11,10,2026-03-16 15:02:00,5,報知新聞社杯争奪第48回びわこ王座決定戦,2,4077,品田 直樹,3,47,52.1,0,0,0.18,5.07,29.13,47.57,3.89,22.22,33.33,35.47,52.71,37.98,52.4
2026-03-16,11,10,2026-03-16 15:02:00,5,報知新聞社杯争奪第48回びわこ王座決定戦,3,4500,山田 康二,1,38,53.4,0,0,0.12,7.27,49.58,64.71,7.16,58,72,31.67,50.68,36.54,51.92
2026-03-16,11,10,2026-03-16 15:02:00,5,報知新聞社杯争奪第48回びわこ王座決定戦,4,4099,吉永 則雄,1,47,52.1,0,0,0.17,6.48,44.66,68.93,6.27,43.9,65.85,31.61,44.83,35.98,49.07
2026-03-16,11,10,2026-03-16 15:02:00,5,報知新聞社杯争奪第48回びわこ王座決定戦,5,3859,多羅尾 達之,3,52,51,0,0,0.15,4.69,31.15,42.62,3.89,22.22,22.22,31.66,48.74,37.27,52.27
2026-03-16,11,10,2026-03-16 15:02:00,5,報知新聞社杯争奪第48回びわこ王座決定戦,6,3843,上之 晃弘,3,49,52.9,0,0,0.16,4.15,17.65,38.82,4.67,16.67,33.33,40.5,57.71,34.76,56.67
2026-03-16,11,11,2026-03-16 15:36:00,5,報知新聞社杯争奪第48回びわこ王座決定戦,1,4191,赤羽 克也,2,44,53.5,0,0,0.17,6.13,44.55,61.39,6,38.1,57.14,29.67,49.19,32.87,50.93
2026-03-16,11,11,2026-03-16 15:36:00,5,報知新聞社杯争奪第48回びわこ王座決定戦,2,4095,福来 剛,1,44,52,0,0,0.13,7.18,57.27,73.64,4.22,11.11,22.22,41.52,56.7,39.91,56.34
2026-03-16,11,11,2026-03-16 15:36:00,5,報知新聞社杯争奪第48回びわこ王座決定戦,3,3746,岡瀬 正人,2,51,52,0,0,0.17,5.7,36.89,58.2,5.66,36,54,33.19,48.03,35.94,54.84
2026-03-16,11,11,2026-03-16 15:36:00,5,報知新聞社杯争奪第48回びわこ王座決定戦,4,5175,島崎 丈一朗,4,22,52.2,0,0,0.21,4.02,18.18,29.55,4.89,28.57,53.57,40.36,57.4,34.72,46.76
2026-03-16,11,11,2026-03-16 15:36:00,5,報知新聞社杯争奪第48回びわこ王座決定戦,5,4036,金田 諭,1,47,52.1,0,0,0.16,6.08,45.05,61.54,7.22,56.52,78.26,30.53,46.46,36.36,54.55
2026-03-16,11,11,2026-03-16 15:36:00,5,報知新聞社杯争奪第48回びわこ王座決定戦,6,4555,富永 大一,2,36,53.6,0,0,0.19,5.32,31.65,56.96,4.67,33.33,44.44,45.96,63.6,36.65,54.3
2026-03-16,11,12,2026-03-16 16:11:00,5,報知新聞社杯争奪第48回びわこ王座決定戦,1,4960,黒野 元基,1,29,52,0,0,0.14,7.54,68.75,79.46,5.93,44.44,55.56,30.92,43.96,34.84,47.51
2026-03-16,11,12,2026-03-16 16:11:00,5,報知新聞社杯争奪第48回びわこ王座決定戦,2,4743,木村 仁紀,1,33,52.3,0,0,0.15,6.91,49.61,75.59,6.6,46.9,66.9,33.81,47.14,39.73,55.25
2026-03-16,11,12,2026-03-16 16:11:00,5,報知新聞社杯争奪第48回びわこ王座決定戦,3,4549,小林 文彦,3,37,52,0,0,0.19,5.38,30.68,56.82,6,41.67,66.67,34.42,53.95,35.75,52.04
2026-03-16,11,12,2026-03-16 16:11:00,5,報知新聞社杯争奪第48回びわこ王座決定戦,4,5280,廣瀬 凜,2,23,51,0,0,0.17,6.71,48.57,73.33,5.34,29.25,53.06,35.09,52.63,35.84,49.12
2026-03-16,11,12,2026-03-16 16:11:00,5,報知新聞社杯争奪第48回びわこ王座決定戦,5,4711,前出 達吉,3,36,52,0,0,0.16,5.85,44,60,4.92,25,41.67,40.22,54.71,35.05,50.47
2026-03-16,11,12,2026-03-16 16:11:00,5,報知新聞社杯争奪第48回びわこ王座決定戦,6,3422,服部 幸男,1,55,54.2,0,0,0.15,6.04,45.22,54.78,6.82,54.55,72.73,36.57,50.93,37.62,51.9
2026-03-16,13,1,2026-03-16 10:35:00,2,尼崎市制110周年記念 尼崎センプルカップ,1,4002,古結 宏,1,48,52,0,0,0.15,6.42,46.94,64.29,7.03,55.65,74.78,32.51,46.8,33.33,52.08
2026-03-16,13,1,2026-03-16 10:35:00,2,尼崎市制110周年記念 尼崎センプルカップ,2,4324,海野 康志郎,1,38,57.3,0,0,0.14,7.39,55.88,68.38,7,60,80,36.84,53.59,35.57,51.55
2026-03-16,13,1,2026-03-16 10:35:00,2,尼崎市制110周年記念 尼崎センプルカップ,3,4739,中村 晃朋,1,34,51,1,0,0.14,6.71,48.84,68.22,6.31,46.15,61.54,30.1,38.83,36.84,55.26
2026-03-16,13,1,2026-03-16 10:35:00,2,尼崎市制110周年記念 尼崎センプルカップ,4,4205,山口 剛,1,43,52,1,0,0.12,7.53,51.61,68.82,8.8,60,80,34.69,53.57,27.84,43.3
2026-03-16,13,1,2026-03-16 10:35:00,2,尼崎市制110周年記念 尼崎センプルカップ,5,4166,吉田 拡郎,1,43,53,0,0,0.12,6.98,46.15,61.54,5.56,22.22,44.44,36.19,58.1,31.12,42.86
2026-03-16,13,1,2026-03-16 10:35:00,2,尼崎市制110周年記念 尼崎センプルカップ,6,4604,岩瀬 裕亮,1,37,52.4,0,0,0.15,6.79,40.74,60.19,5.78,33.33,50,30.69,47.03,34.2,55.44
2026-03-16,13,2,2026-03-16 11:01:00,2,尼崎市制110周年記念 尼崎センプルカップ,1,4734,安河内 将,1,36,52,0,0,0.15,7.3,56.76,74.77,6.38,37.5,75,32.83,44.44,27.46,46.63
2026-03-16,13,2,2026-03-16 11:01:00,2,尼崎市制110周年記念 尼崎センプルカップ,2,4427,秦 英悟,1,40,52,0,0,0.14,6.44,39.29,57.14,6.76,44.12,61.76,41.95,57.56,31.98,48.73
2026-03-16,13,2,2026-03-16 11:01:00,2,尼崎市制110周年記念 尼崎センプルカップ,3,4584,村岡 賢人,1,36,52.2,1,0,0.12,6.93,52.63,73.68,8.1,70,90,32.83,54.55,29.59,45.41
2026-03-16,13,2,2026-03-16 11:01:00,2,尼崎市制110周年記念 尼崎センプルカップ,4,4939,宮之原 輝紀,1,28,52.9,0,0,0.14,7.15,56.36,70.91,5.5,12.5,37.5,30.92,45.89,37.43,51.87
2026-03-16,13,2,2026-03-16 11:01:00,2,尼崎市制110周年記念 尼崎センプルカップ,5,5126,山下 大輝,1,29,52,1,0,0.15,6.32,48.25,63.16,5.45,36.5,53.28,37.98,55.29,41.21,57.69
2026-03-16,13,2,2026-03-16 11:01:00,2,尼崎市制110周年記念 尼崎センプルカップ,6,3854,吉川 元浩,1,53,51,1,0,0.13,6.71,45.45,65.66,7.48,55.21,73.96,30.14,43.54,34.72,48.19
2026-03-16,13,3,2026-03-16 11:29:00,2,尼崎市制110周年記念 尼崎センプルカップ,1,5016,宮田 龍馬,1,27,52,0,0,0.14,6.76,48.6,68.22,6.23,42.55,59.57,38.35,53.4,34.18,49.49
2026-03-16,13,3,2026-03-16 11:29:00,2,尼崎市制110周年記念 尼崎センプルカップ,2,4030,森高 一真,1,47,50,0,0,0.14,6.2,32.26,51.61,6.39,34.78,47.83,29.95,46.86,29.02,45.6
2026-03-16,13,3,2026-03-16 11:29:00,2,尼崎市制110周年記念 尼崎センプルカップ,3,3822,平尾 崇典,1,53,49.5,0,0,0.16,6.71,47.19,67.42,7.25,55.56,80.56,34.65,49.01,30.73,48.44
2026-03-16,13,3,2026-03-16 11:29:00,2,尼崎市制110周年記念 尼崎センプルカップ,4,3941,池田 浩二,1,47,52,0,0,0.13,8.19,57.58,74.75,7.95,50,63.64,39.42,55.29,43.16,57.37
2026-03-16,13,3,2026-03-16 11:29:00,2,尼崎市制110周年記念 尼崎センプルカップ,5,3952,中澤 和志,1,49,52,0,0,0.15,6.77,47.47,69.7,5.56,37.5,56.25,29.76,50.24,34.69,50
2026-03-16,13,3,2026-03-16 11:29:00,2,尼崎市制110周年記念 尼崎センプルカップ,6,4477,篠崎 仁志,1,38,54.4,0,0,0.13,7.07,50,67.54,6.2,31.11,55.56,39.9,53.2,34.9,51.04
2026-03-16,13,4,2026-03-16 11:57:00,2,尼崎市制110周年記念 尼崎センプルカップ,1,3959,坪井 康晴,1,48,52,0,0,0.14,7.33,52.13,68.09,7.33,22.22,44.44,30.24,51.71,29.59,46.43
2026-03-16,13,4,2026-03-16 11:57:00,2,尼崎市制110周年記念 尼崎センプルカップ,2,4446,和田 兼輔,1,39,52,0,0,0.13,7.21,58.65,75.19,6.25,45.95,64.86,40,61.95,41.05,55.79
2026-03-16,13,4,2026-03-16 11:57:00,2,尼崎市制110周年記念 尼崎センプルカップ,3,4370,山口 達也,1,39,55.1,1,0,0.14,7.31,56.35,72.22,5.42,34.62,42.31,25.12,38.16,42.11,58.95
2026-03-16,13,4,2026-03-16 11:57:00,2,尼崎市制110周年記念 尼崎センプルカップ,4,3978,齊藤 仁,1,48,51,1,0,0.13,6.04,43.01,51.61,5.39,22.22,27.78,37.56,56.59,38.17,57.53
2026-03-16,13,4,2026-03-16 11:57:00,2,尼崎市制110周年記念 尼崎センプルカップ,5,4573,佐藤 翼,1,37,52.1,0,0,0.13,7.13,42.06,63.55,6.79,33.33,50,32.52,49.03,36.17,53.72
2026-03-16,13,4,2026-03-16 11:57:00,2,尼崎市制110周年記念 尼崎センプルカップ,6,4350,篠崎 元志,1,40,52.3,0,1,0.14,7.4,52.59,67.24,7.09,42.86,54.29,33.82,49.51,37.17,54.45
2026-03-16,13,5,2026-03-16 12:28:00,2,尼崎市制110周年記念 尼崎センプルカップ,1,5267,石本 裕武,1,25,52,0,0,0.15,6.41,46.04,64.75,8.71,71.43,100,45.15,65.05,35.79,53.68
2026-03-16,13,5,2026-03-16 12:28:00,2,尼崎市制110周年記念 尼崎センプルカップ,2,4418,茅原 悠紀,1,38,53.2,1,0,0.12,8.19,56.38,77.66,7.97,48.39,77.42,43.81,62.86,37.97,54.01
2026-03-16,13,5,2026-03-16 12:28:00,2,尼崎市制110周年記念 尼崎センプルカップ,3,4061,萩原 秀人,1,46,52.7,0,0,0.13,6.95,47.24,69.29,6.42,26.92,46.15,40.29,60.68,29.32,45.03
2026-03-16,13,5,2026-03-16 12:28:00,2,尼崎市制110周年記念 尼崎センプルカップ,4,4266,長田 頼宗,1,40,52,0,0,0.14,6.51,41.35,57.69,8.38,50,75,33.84,53.54,35.08,52.88
2026-03-16,13,5,2026-03-16 12:28:00,2,尼崎市制110周年記念 尼崎センプルカップ,5,4524,深谷 知博,1,37,52,0,0,0.12,6.86,40.35,58.77,6.24,35.71,52.38,30.24,45.37,39.15,52.38
2026-03-16,13,5,2026-03-16 12:28:00,2,尼崎市制110周年記念 尼崎センプルカップ,6,4055,吉田 俊彦,1,47,52.8,0,0,0.15,5.86,40.94,55.12,6.71,51.64,64.75,40.1,56.04,30.96,45.69
2026-03-16,13,6,2026-03-16 13:00:00,2,尼崎市制110周年記念 尼崎センプルカップ,1,3744,徳増 秀樹,1,51,52.9,0,0,0.13,6.34,48.67,61.06,6.52,36.36,48.48,37.86,58.25,37.7,62.3
2026-03-16,13,6,2026-03-16 13:00:00,2,尼崎市制110周年記念 尼崎センプルカップ,2,4013,中島 孝平,1,46,52,0,0,0.13,7.32,50.83,67.5,6.77,34.62,57.69,30.39,49.02,36.26,56.59
2026-03-16,13,6,2026-03-16 13:00:00,2,尼崎市制110周年記念 尼崎センプルカップ,3,4886,入海 馨,1,30,52.5,0,0,0.14,6.68,43.12,65.14,7.29,64.52,77.42,40.49,51.22,36.36,53.48
2026-03-16,13,6,2026-03-16 13:00:00,2,尼崎市制110周年記念 尼崎センプルカップ,4,4237,大峯 豊,1,42,52,0,0,0.18,7.38,54.17,68.33,7.76,62.16,86.49,40.67,60.29,33.67,52.04
2026-03-16,13,6,2026-03-16 13:00:00,2,尼崎市制110周年記念 尼崎センプルカップ,5,4444,桐生 順平,1,39,52,0,0,0.14,7.19,42.86,64.84,7.69,46.15,79.49,31.66,51.76,40.51,56.92
2026-03-16,13,6,2026-03-16 13:00:00,2,尼崎市制110周年記念 尼崎センプルカップ,6,4512,高野 哲史,1,36,52,0,0,0.16,6.69,48.91,66.42,7.25,56.6,71.7,39.62,59.43,44.15,58.51
2026-03-16,13,7,2026-03-16 13:33:00,2,尼崎市制110周年記念 尼崎センプルカップ,1,3952,中澤 和志,1,49,52,0,0,0.15,6.77,47.47,69.7,5.56,37.5,56.25,29.76,50.24,34.69,50
2026-03-16,13,7,2026-03-16 13:33:00,2,尼崎市制110周年記念 尼崎センプルカップ,2,5126,山下 大輝,1,29,52,1,0,0.15,6.32,48.25,63.16,5.45,36.5,53.28,37.98,55.29,41.21,57.69
2026-03-16,13,7,2026-03-16 13:33:00,2,尼崎市制110周年記念 尼崎センプルカップ,3,5084,末永 和也,1,27,52,0,0,0.13,7.5,46.15,68.27,7.47,52.94,76.47,32.2,46.83,36.08,50
2026-03-16,13,7,2026-03-16 13:33:00,2,尼崎市制110周年記念 尼崎センプルカップ,4,4794,和田 拓也,1,35,52.2,0,0,0.13,6.48,44.83,67.82,6.96,55.45,67.33,36.23,57,35.05,51.03
2026-03-16,13,7,2026-03-16 13:33:00,2,尼崎市制110周年記念 尼崎センプルカップ,5,4205,山口 剛,1,43,52,1,0,0.12,7.53,51.61,68.82,8.8,60,80,34.69,53.57,27.84,43.3
2026-03-16,13,7,2026-03-16 13:33:00,2,尼崎市制110周年記念 尼崎センプルカップ,6,4459,片岡 雅裕,1,40,52,0,0,0.12,6.4,38.71,51.61,6.11,26.32,47.37,34.34,46.97,32.09,51.87
2026-03-16,13,8,2026-03-16 14:07:00,2,尼崎市制110周年記念 尼崎センプルカップ,1,4445,宮地 元輝,1,39,54.4,0,0,0.11,6.92,37.61,55.96,8.29,58.06,77.42,31.86,50.98,30.93,50.52
2026-03-16,13,8,2026-03-16 14:07:00,2,尼崎市制110周年記念 尼崎センプルカップ,2,4364,池永 太,1,40,52,0,0,0.14,6.83,52.63,67.54,8.17,77.78,83.33,26.21,42.23,33.16,51.81
2026-03-16,13,8,2026-03-16 14:07:00,2,尼崎市制110周年記念 尼崎センプルカップ,3,4290,稲田 浩二,1,41,52,0,0,0.13,6.95,50,65.85,7.4,57.47,72.41,33.66,49.5,34.43,58.47
2026-03-16,13,8,2026-03-16 14:07:00,2,尼崎市制110周年記念 尼崎センプルカップ,4,4269,杉山 裕也,1,40,52,1,0,0.15,6.17,42.19,65.63,5.93,50,57.14,39.42,54.81,36.9,51.87
2026-03-16,13,8,2026-03-16 14:07:00,2,尼崎市制110周年記念 尼崎センプルカップ,5,4427,秦 英悟,1,40,51.5,0,0,0.14,6.44,39.29,57.14,6.76,44.12,61.76,41.95,57.56,31.98,48.73
2026-03-16,13,8,2026-03-16 14:07:00,2,尼崎市制110周年記念 尼崎センプルカップ,6,4324,海野 康志郎,1,38,58.2,0,0,0.14,7.39,55.88,68.38,7,60,80,36.84,53.59,35.57,51.55
2026-03-16,13,9,2026-03-16 14:43:00,2,尼崎市制110周年記念 尼崎センプルカップ,1,4682,大上 卓人,1,35,52,0,0,0.14,6.38,37.04,50,7.25,56.25,68.75,33.33,49.75,33.68,48.19
2026-03-16,13,9,2026-03-16 14:43:00,2,尼崎市制110周年記念 尼崎センプルカップ,2,4350,篠崎 元志,1,40,52.3,0,1,0.14,7.4,52.59,67.24,7.09,42.86,54.29,33.82,49.51,37.17,54.45
2026-03-16,13,9,2026-03-16 14:43:00,2,尼崎市制110周年記念 尼崎センプルカップ,3,4643,近江 翔吾,1,33,52,1,0,0.14,6.07,42.05,59.09,4.63,25,37.5,30.14,44.98,43.3,59.79
2026-03-16,13,9,2026-03-16 14:43:00,2,尼崎市制110周年記念 尼崎センプルカップ,4,4959,井上 忠政,1,30,52,0,0,0.15,6.87,47.62,62.7,6,36.84,52.63,35.86,49.49,33.69,50.8
2026-03-16,13,9,2026-03-16 14:43:00,2,尼崎市制110周年記念 尼崎センプルカップ,5,4418,茅原 悠紀,1,38,53.2,1,0,0.12,8.19,56.38,77.66,7.97,48.39,77.42,43.81,62.86,37.97,54.01
2026-03-16,13,9,2026-03-16 14:43:00,2,尼崎市制110周年記念 尼崎センプルカップ,6,4278,藤岡 俊介,1,42,51.5,0,0,0.12,6.95,52.63,69.92,7.09,56.49,67.94,31,42.5,41.45,59.59
2026-03-16,13,10,2026-03-16 15:17:00,2,尼崎市制110周年記念 尼崎センプルカップ,1,4166,吉田 拡郎,1,43,53,0,0,0.12,6.98,46.15,61.54,5.56,22.22,44.44,36.19,58.1,31.12,42.86
2026-03-16,13,10,2026-03-16 15:17:00,2,尼崎市制110周年記念 尼崎センプルカップ,2,3854,吉川 元浩,1,53,51,1,0,0.13,6.71,45.45,65.66,7.48,55.21,73.96,30.14,43.54,34.72,48.19
2026-03-16,13,10,2026-03-16 15:17:00,2,尼崎市制110周年記念 尼崎センプルカップ,3,5267,石本 裕武,1,25,52,0,0,0.15,6.41,46.04,64.75,8.71,71.43,100,45.15,65.05,35.79,53.68
2026-03-16,13,10,2026-03-16 15:17:00,2,尼崎市制110周年記念 尼崎センプルカップ,4,4013,中島 孝平,1,46,52,0,0,0.13,7.32,50.83,67.5,6.77,34.62,57.69,30.39,49.02,36.26,56.59
2026-03-16,13,10,2026-03-16 15:17:00,2,尼崎市制110周年記念 尼崎センプルカップ,5,4446,和田 兼輔,1,39,52,0,0,0.13,7.21,58.65,75.19,6.25,45.95,64.86,40,61.95,41.05,55.79
2026-03-16,13,10,2026-03-16 15:17:00,2,尼崎市制110周年記念 尼崎センプルカップ,6,4030,森高 一真,1,47,50,0,0,0.14,6.2,32.26,51.61,6.39,34.78,47.83,29.95,46.86,29.02,45.6
2026-03-16,13,11,2026-03-16 15:57:00,2,尼崎市制110周年記念 尼崎センプルカップ,1,3415,松井 繁,1,56,52,0,0,0.14,6.88,34,65,6.62,30.95,54.76,33.5,49.51,36.98,51.56
2026-03-16,13,11,2026-03-16 15:57:00,2,尼崎市制110周年記念 尼崎センプルカップ,2,4266,長田 頼宗,1,40,52,0,0,0.14,6.51,41.35,57.69,8.38,50,75,33.84,53.54,35.08,52.88
2026-03-16,13,11,2026-03-16 15:57:00,2,尼崎市制110周年記念 尼崎センプルカップ,3,4604,岩瀬 裕亮,1,37,52.4,0,0,0.15,6.79,40.74,60.19,5.78,33.33,50,30.69,47.03,34.2,55.44
2026-03-16,13,11,2026-03-16 15:57:00,2,尼崎市制110周年記念 尼崎センプルカップ,4,4444,桐生 順平,1,39,52,0,0,0.14,7.19,42.86,64.84,7.69,46.15,79.49,31.66,51.76,40.51,56.92
2026-03-16,13,11,2026-03-16 15:57:00,2,尼崎市制110周年記念 尼崎センプルカップ,5,5016,宮田 龍馬,1,27,52,0,0,0.14,6.76,48.6,68.22,6.23,42.55,59.57,38.35,53.4,34.18,49.49
2026-03-16,13,11,2026-03-16 15:57:00,2,尼崎市制110周年記念 尼崎センプルカップ,6,4584,村岡 賢人,1,36,52.2,1,0,0.12,6.93,52.63,73.68,8.1,70,90,32.83,54.55,29.59,45.41
2026-03-16,13,12,2026-03-16 16:35:00,2,尼崎市制110周年記念 尼崎センプルカップ,1,3941,池田 浩二,1,47,52,0,0,0.13,8.19,57.58,74.75,7.95,50,63.64,39.42,55.29,43.16,57.37
2026-03-16,13,12,2026-03-16 16:35:00,2,尼崎市制110周年記念 尼崎センプルカップ,2,4573,佐藤 翼,1,37,52.1,0,0,0.13,7.13,42.06,63.55,6.79,33.33,50,32.52,49.03,36.17,53.72
2026-03-16,13,12,2026-03-16 16:35:00,2,尼崎市制110周年記念 尼崎センプルカップ,3,4524,深谷 知博,1,37,52,0,0,0.12,6.86,40.35,58.77,6.24,35.71,52.38,30.24,45.37,39.15,52.38
2026-03-16,13,12,2026-03-16 16:35:00,2,尼崎市制110周年記念 尼崎センプルカップ,4,4760,山崎 郡,1,36,52,0,0,0.14,7.5,55.15,69.85,8.37,71.67,83.33,45.41,62.8,31.77,44.79
2026-03-16,13,12,2026-03-16 16:35:00,2,尼崎市制110周年記念 尼崎センプルカップ,5,5084,末永 和也,1,27,52,0,0,0.13,7.5,46.15,68.27,7.47,52.94,76.47,32.2,46.83,36.08,50
2026-03-16,13,12,2026-03-16 16:35:00,2,尼崎市制110周年記念 尼崎センプルカップ,6,4886,入海 馨,1,30,52.5,0,0,0.14,6.68,43.12,65.14,7.29,64.52,77.42,40.49,51.22,36.36,53.48
2026-03-16,16,1,2026-03-16 10:50:00,5,第5回PayPay銀行賞,1,3951,石川 吉鎬,2,49,56.5,1,0,0.18,5.29,31.11,51.11,6.11,44.44,55.56,38.36,63.01,40,54.29
2026-03-16,16,1,2026-03-16 10:50:00,5,第5回PayPay銀行賞,2,5262,鈴木 章司,3,28,52.2,0,0,0.2,4.99,32.88,49.32,0,0,0,16.67,28.33,45.71,75.71
2026-03-16,16,1,2026-03-16 10:50:00,5,第5回PayPay銀行賞,3,3477,近藤 稔也,3,55,53,0,0,0.19,4.11,14.29,33.33,4.25,22.22,33.33,31.94,44.44,26.98,39.68
2026-03-16,16,1,2026-03-16 10:50:00,5,第5回PayPay銀行賞,4,5305,伊藤 栞,3,22,56,0,0,0.16,2.45,6.67,11.67,0,0,0,35.71,60,21.15,42.31
2026-03-16,16,1,2026-03-16 10:50:00,5,第5回PayPay銀行賞,5,5438,星田 夢結,4,20,49.6,0,0,,1.08,0,0,0,0,0,34.21,43.42,29.69,50
2026-03-16,16,1,2026-03-16 10:50:00,5,第5回PayPay銀行賞,6,3949,今出 晋二,3,49,55.6,1,0,0.19,3.36,10.39,22.08,4.13,16.18,30.88,28.38,40.54,16.92,29.23
2026-03-16,16,2,2026-03-16 11:21:00,5,第5回PayPay銀行賞,1,4580,長谷川 雅和,3,36,52.7,0,0,0.15,5.54,36.84,57.02,5.67,43.3,53.61,19.12,36.76,32.39,43.66
2026-03-16,16,2,2026-03-16 11:21:00,5,第5回PayPay銀行賞,2,3478,嶋田 貴支,3,55,52,0,0,0.17,5.19,28.57,48.81,5.37,26.32,63.16,53.52,70.42,21.21,25.76
2026-03-16,16,2,2026-03-16 11:21:00,5,第5回PayPay銀行賞,3,4243,西村 歩,2,40,47.8,1,0,0.15,5.42,37.5,53.13,6.05,36.36,68.18,30.14,52.05,28.33,51.67
2026-03-16,16,2,2026-03-16 11:21:00,5,第5回PayPay銀行賞,4,4317,木村 紗友希,3,41,47.4,0,0,0.16,4.21,26.47,36.76,0,0,0,34.72,47.22,38.24,57.35
2026-03-16,16,2,2026-03-16 11:21:00,5,第5回PayPay銀行賞,5,3224,栗山 繁洋,3,60,52.7,0,0,0.19,3.82,15.28,34.72,4.83,33.33,50,40.85,56.34,40.85,59.15
2026-03-16,16,2,2026-03-16 11:21:00,5,第5回PayPay銀行賞,6,5337,出畑 孝成,3,19,53.7,0,0,0.18,4.54,24.29,40,1.33,0,0,32.88,50.68,35.38,58.46
2026-03-16,16,3,2026-03-16 11:49:00,5,第5回PayPay銀行賞,1,3349,吉田 一郎,2,58,52,0,0,0.16,6.03,40.65,58.54,6.12,46.34,60.98,20,27.69,26.15,43.08
2026-03-16,16,3,2026-03-16 11:49:00,5,第5回PayPay銀行賞,2,4705,吉川 勇作,3,37,55.1,0,0,0.16,4.31,29.33,38.67,3.44,6.25,25,41.43,57.14,27.27,43.94
2026-03-16,16,3,2026-03-16 11:49:00,5,第5回PayPay銀行賞,3,4069,山本 修一,1,45,53.6,0,0,0.18,6.37,48.21,69.64,6.02,39.64,63.06,22.73,39.39,49.23,73.85
2026-03-16,16,3,2026-03-16 11:49:00,5,第5回PayPay銀行賞,4,5344,谷口 丞,3,22,52,1,0,0.16,3.78,16.46,34.18,0,0,0,27.4,47.95,36.62,57.75
2026-03-16,16,3,2026-03-16 11:49:00,5,第5回PayPay銀行賞,5,4651,佐藤 大騎,3,41,53.2,0,0,0.16,4.09,23.53,33.82,4.7,30,40,41.89,58.11,28.57,47.14
2026-03-16,16,3,2026-03-16 11:49:00,5,第5回PayPay銀行賞,6,4718,北川 太一,2,33,52,0,0,0.15,6.23,44.86,61.68,5.82,54.55,54.55,57.53,76.71,33.87,46.77
2026-03-16,16,4,2026-03-16 12:16:00,5,第5回PayPay銀行賞,1,3771,折下 寛法,3,52,51.5,0,0,0.16,5.2,30.68,55.68,6.29,42.86,71.43,23.94,56.34,34.38,51.56
2026-03-16,16,4,2026-03-16 12:16:00,5,第5回PayPay銀行賞,2,3161,古場 輝義,3,66,53.5,0,0,0.18,5.24,34.78,57.61,6.38,41.38,72.41,50,63.89,27.78,41.67
2026-03-16,16,4,2026-03-16 12:16:00,5,第5回PayPay銀行賞,3,3339,泉 具巳,3,60,55,0,0,0.17,4.21,26.19,36.9,4.39,28.57,39.29,27.03,41.89,35.29,51.47
2026-03-16,16,4,2026-03-16 12:16:00,5,第5回PayPay銀行賞,4,3915,繁野谷 圭介,2,51,52.1,0,0,0.17,5.99,40.57,63.21,5.03,32.26,45.16,40,58.57,31.82,53.03
2026-03-16,16,4,2026-03-16 12:16:00,5,第5回PayPay銀行賞,5,3875,廣中 良一,3,49,52.1,0,0,0.17,4.08,25.88,31.76,4.04,17.86,35.71,47.89,64.79,23.44,46.88
2026-03-16,16,4,2026-03-16 12:16:00,5,第5回PayPay銀行賞,6,4543,重木 輝彦,1,38,51.5,0,0,0.17,6.51,45.83,66.67,7.25,50,62.5,41.33,64,31.34,46.27
2026-03-16,16,5,2026-03-16 12:55:00,5,第5回PayPay銀行賞,1,3024,西島 義則,1,64,52.1,2,0,0.15,6.74,57.52,68.14,6.45,48.28,62.07,24.32,43.24,44.12,57.35
2026-03-16,16,5,2026-03-16 12:55:00,5,第5回PayPay銀行賞,2,5305,伊藤 栞,3,22,56,0,0,0.16,2.45,6.67,11.67,0,0,0,35.71,60,21.15,42.31
2026-03-16,16,5,2026-03-16 12:55:00,5,第5回PayPay銀行賞,3,3550,都築 正治,2,54,52,0,0,0.16,5.03,32.63,45.26,5.21,31.58,47.37,43.24,67.57,40,54.29
2026-03-16,16,5,2026-03-16 12:55:00,5,第5回PayPay銀行賞,4,5277,井上 未都,3,23,46.5,0,0,0.15,5.13,27.37,50.53,2.22,0,5.56,22.54,33.8,23.08,41.03
2026-03-16,16,5,2026-03-16 12:55:00,5,第5回PayPay銀行賞,5,4059,入澤 友治,2,46,52.8,0,0,0.15,5.62,41.67,54.63,4.2,24,40,28.17,47.89,17.91,35.82
2026-03-16,16,5,2026-03-16 12:55:00,5,第5回PayPay銀行賞,6,3761,山本 光雄,3,54,53.3,1,0,0.17,4.89,29.11,44.3,3.44,11.11,22.22,28.38,48.65,33.82,51.47
2026-03-16,16,6,2026-03-16 13:27:00,5,第5回PayPay銀行賞,1,4786,佐藤 博亮,1,37,52.3,0,0,0.13,6.85,54.69,71.09,0,0,0,32.88,49.32,29.58,38.03
2026-03-16,16,6,2026-03-16 13:27:00,5,第5回PayPay銀行賞,2,4287,今井 貴士,1,41,55.4,1,0,0.17,5.56,37.93,50,6.88,56.25,68.75,23.19,39.13,44.78,62.69
2026-03-16,16,6,2026-03-16 13:27:00,5,第5回PayPay銀行賞,3,3333,丸尾 義孝,2,57,52.2,0,0,0.14,6.18,41.53,61.86,5.39,35.71,53.57,46.67,66.67,24.19,38.71
2026-03-16,16,6,2026-03-16 13:27:00,5,第5回PayPay銀行賞,4,4416,三宅 健太,3,39,53.2,0,0,0.17,5.03,25,49,4.88,27.27,54.55,19.4,34.33,34.29,45.71
2026-03-16,16,6,2026-03-16 13:27:00,5,第5回PayPay銀行賞,5,4317,木村 紗友希,3,41,47.4,0,0,0.16,4.21,26.47,36.76,0,0,0,34.72,47.22,38.24,57.35
2026-03-16,16,6,2026-03-16 13:27:00,5,第5回PayPay銀行賞,6,5438,星田 夢結,4,20,49.6,0,0,,1.08,0,0,0,0,0,34.21,43.42,29.69,50
2026-03-16,16,7,2026-03-16 14:05:00,5,第5回PayPay銀行賞,1,4050,田口 節子,1,45,47,0,0,0.14,6.72,52.13,65.96,6.32,42.11,61.4,42.11,55.26,34.29,54.29
2026-03-16,16,7,2026-03-16 14:05:00,5,第5回PayPay銀行賞,2,4651,佐藤 大騎,3,41,53.2,0,0,0.16,4.09,23.53,33.82,4.7,30,40,41.89,58.11,28.57,47.14
2026-03-16,16,7,2026-03-16 14:05:00,5,第5回PayPay銀行賞,3,4251,川崎 誠志,3,43,52,0,0,0.2,4.67,26.47,44.12,5.3,40,50,27.27,38.96,30.56,43.06
2026-03-16,16,7,2026-03-16 14:05:00,5,第5回PayPay銀行賞,4,3477,近藤 稔也,3,55,53,0,0,0.19,4.11,14.29,33.33,4.25,22.22,33.33,31.94,44.44,26.98,39.68
2026-03-16,16,7,2026-03-16 14:05:00,5,第5回PayPay銀行賞,5,5337,出畑 孝成,3,19,53.7,0,0,0.18,4.54,24.29,40,1.33,0,0,32.88,50.68,35.38,58.46
2026-03-16,16,7,2026-03-16 14:05:00,5,第5回PayPay銀行賞,6,3900,香川 素子,1,49,47,1,0,0.16,5.93,39.6,61.39,6.42,47.37,73.68,38.67,52,34.72,48.61
2026-03-16,16,8,2026-03-16 14:38:00,5,第5回PayPay銀行賞,1,4243,西村 歩,2,40,47.8,1,0,0.15,5.42,37.5,53.13,6.05,36.36,68.18,30.14,52.05,28.33,51.67
2026-03-16,16,8,2026-03-16 14:38:00,5,第5回PayPay銀行賞,2,3224,栗山 繁洋,3,60,52.7,0,0,0.19,3.82,15.28,34.72,4.83,33.33,50,40.85,56.34,40.85,59.15
2026-03-16,16,8,2026-03-16 14:38:00,5,第5回PayPay銀行賞,3,3284,渡邊 伸太郎,3,58,52.6,0,0,0.19,4.8,29.35,43.48,3.9,10,30,23.61,47.22,26.87,40.3
2026-03-16,16,8,2026-03-16 14:38:00,5,第5回PayPay銀行賞,4,3875,廣中 良一,3,49,52.1,0,0,0.17,4.08,25.88,31.76,4.04,17.86,35.71,47.89,64.79,23.44,46.88
2026-03-16,16,8,2026-03-16 14:38:00,5,第5回PayPay銀行賞,5,5262,鈴木 章司,3,28,52.2,0,0,0.2,4.99,32.88,49.32,0,0,0,16.67,28.33,45.71,75.71
2026-03-16,16,8,2026-03-16 14:38:00,5,第5回PayPay銀行賞,6,4069,山本 修一,1,45,53.6,0,0,0.18,6.37,48.21,69.64,6.02,39.64,63.06,22.73,39.39,49.23,73.85
2026-03-16,16,9,2026-03-16 15:08:00,5,第5回PayPay銀行賞,1,3915,繁野谷 圭介,2,51,52.1,0,0,0.17,5.99,40.57,63.21,5.03,32.26,45.16,40,58.57,31.82,53.03
2026-03-16,16,9,2026-03-16 15:08:00,5,第5回PayPay銀行賞,2,4580,長谷川 雅和,3,36,52.7,0,0,0.15,5.54,36.84,57.02,5.67,43.3,53.61,19.12,36.76,32.39,43.66
2026-03-16,16,9,2026-03-16 15:08:00,5,第5回PayPay銀行賞,3,3478,嶋田 貴支,3,55,52,0,0,0.17,5.19,28.57,48.81,5.37,26.32,63.16,53.52,70.42,21.21,25.76
2026-03-16,16,9,2026-03-16 15:08:00,5,第5回PayPay銀行賞,4,3951,石川 吉鎬,2,49,56.5,1,0,0.18,5.29,31.11,51.11,6.11,44.44,55.56,38.36,63.01,40,54.29
2026-03-16,16,9,2026-03-16 15:08:00,5,第5回PayPay銀行賞,5,4705,吉川 勇作,3,37,55.1,0,0,0.16,4.31,29.33,38.67,3.44,6.25,25,41.43,57.14,27.27,43.94
2026-03-16,16,9,2026-03-16 15:08:00,5,第5回PayPay銀行賞,6,3550,都築 正治,2,54,52,0,0,0.16,5.03,32.63,45.26,5.21,31.58,47.37,43.24,67.57,40,54.29
2026-03-16,16,10,2026-03-16 15:39:00,5,第5回PayPay銀行賞,1,4543,重木 輝彦,1,38,51.5,0,0,0.17,6.51,45.83,66.67,7.25,50,62.5,41.33,64,31.34,46.27
2026-03-16,16,10,2026-03-16 15:39:00,5,第5回PayPay銀行賞,2,5277,井上 未都,3,23,46.5,0,0,0.15,5.13,27.37,50.53,2.22,0,5.56,22.54,33.8,23.08,41.03
2026-03-16,16,10,2026-03-16 15:39:00,5,第5回PayPay銀行賞,3,5344,谷口 丞,3,22,52,1,0,0.16,3.78,16.46,34.18,0,0,0,27.4,47.95,36.62,57.75
2026-03-16,16,10,2026-03-16 15:39:00,5,第5回PayPay銀行賞,4,3333,丸尾 義孝,2,57,52.2,0,0,0.14,6.18,41.53,61.86,5.39,35.71,53.57,46.67,66.67,24.19,38.71
2026-03-16,16,10,2026-03-16 15:39:00,5,第5回PayPay銀行賞,5,3349,吉田 一郎,2,58,52,0,0,0.16,6.03,40.65,58.54,6.12,46.34,60.98,20,27.69,26.15,43.08
2026-03-16,16,10,2026-03-16 15:39:00,5,第5回PayPay銀行賞,6,3771,折下 寛法,3,52,51.5,0,0,0.16,5.2,30.68,55.68,6.29,42.86,71.43,23.94,56.34,34.38,51.56
2026-03-16,16,11,2026-03-16 16:14:00,5,第5回PayPay銀行賞,1,4718,北川 太一,2,33,52,0,0,0.15,6.23,44.86,61.68,5.82,54.55,54.55,57.53,76.71,33.87,46.77
2026-03-16,16,11,2026-03-16 16:14:00,5,第5回PayPay銀行賞,2,3339,泉 具巳,3,60,55,0,0,0.17,4.21,26.19,36.9,4.39,28.57,39.29,27.03,41.89,35.29,51.47
2026-03-16,16,11,2026-03-16 16:14:00,5,第5回PayPay銀行賞,3,4050,田口 節子,1,45,47,0,0,0.14,6.72,52.13,65.96,6.32,42.11,61.4,42.11,55.26,34.29,54.29
2026-03-16,16,11,2026-03-16 16:14:00,5,第5回PayPay銀行賞,4,4287,今井 貴士,1,41,55.4,1,0,0.17,5.56,37.93,50,6.88,56.25,68.75,23.19,39.13,44.78,62.69
2026-03-16,16,11,2026-03-16 16:14:00,5,第5回PayPay銀行賞,5,4786,佐藤 博亮,1,37,52.3,0,0,0.13,6.85,54.69,71.09,0,0,0,32.88,49.32,29.58,38.03
2026-03-16,16,11,2026-03-16 16:14:00,5,第5回PayPay銀行賞,6,3024,西島 義則,1,64,52.1,2,0,0.15,6.74,57.52,68.14,6.45,48.28,62.07,24.32,43.24,44.12,57.35
2026-03-16,16,12,2026-03-16 16:50:00,5,第5回PayPay銀行賞,1,4587,木田 峰由季,2,35,52,0,0,0.15,6.12,50,58.65,6.15,48.48,66.67,40,55.71,29.03,54.84
2026-03-16,16,12,2026-03-16 16:50:00,5,第5回PayPay銀行賞,2,4772,石丸 海渡,1,32,55.3,0,0,0.11,6.63,51.92,69.23,1.75,0,0,28.79,37.88,45,56.67
2026-03-16,16,12,2026-03-16 16:50:00,5,第5回PayPay銀行賞,3,4895,門間 雄大,3,34,53.8,0,0,0.15,5.64,37.18,53.85,4.7,20,50,32.39,57.75,21.82,40
2026-03-16,16,12,2026-03-16 16:50:00,5,第5回PayPay銀行賞,4,4520,高倉 孝太,3,38,52,0,0,0.15,6.25,45.45,65.91,8.5,70,100,34.25,52.05,28.79,46.97
2026-03-16,16,12,2026-03-16 16:50:00,5,第5回PayPay銀行賞,5,4102,益田 啓司,1,46,52,0,0,0.15,6.55,50.5,63.37,6.93,51.85,70.37,22.86,35.71,35.09,54.39
2026-03-16,16,12,2026-03-16 16:50:00,5,第5回PayPay銀行賞,6,3661,柳瀬 興志,3,56,57.8,0,0,0.16,5.48,29.63,56.48,6.55,45,70,35.71,54.29,40.3,49.25
2026-03-16,19,1,2026-03-16 17:41:00,5,MNBR下関11th 日本財団会長杯,1,3602,奥平 拓也,3,55,53,1,0,0.18,4.87,23.88,52.24,4,33.33,33.33,36.32,49.06,34.47,50.49
2026-03-16,19,1,2026-03-16 17:41:00,5,MNBR下関11th 日本財団会長杯,2,3901,松田 憲幸,3,48,52.8,0,0,0.2,3.6,20,30,4.73,27.78,46.3,42.16,62.75,32.08,47.17
2026-03-16,19,1,2026-03-16 17:41:00,5,MNBR下関11th 日本財団会長杯,3,3948,大町 利克,3,50,52.9,0,0,0.19,4.32,26.76,36.62,5.18,35.29,41.18,27.18,43.08,42.11,58.85
2026-03-16,19,1,2026-03-16 17:41:00,5,MNBR下関11th 日本財団会長杯,4,3870,寺嶋 雄,3,50,52.5,0,0,0.17,4.19,23.53,32.94,5.15,38.46,46.15,35.48,54.38,34.6,51.66
2026-03-16,19,1,2026-03-16 17:41:00,5,MNBR下関11th 日本財団会長杯,5,4782,浜崎 準也,3,39,52.1,0,0,0.18,3.78,20,28.89,5.1,20,30,30.29,48.56,34.31,53.43
2026-03-16,19,1,2026-03-16 17:41:00,5,MNBR下関11th 日本財団会長杯,6,3711,江本 真治,2,51,52.4,0,0,0.15,5.91,39.39,60.61,6.75,51.09,64.13,33.33,53.43,34.31,51.47
2026-03-16,19,2,2026-03-16 18:08:00,5,MNBR下関11th 日本財団会長杯,1,4085,荻野 裕介,3,46,52.5,0,0,0.2,5.27,26.67,55.56,0,0,0,36.73,50.44,38.1,54.76
2026-03-16,19,2,2026-03-16 18:08:00,5,MNBR下関11th 日本財団会長杯,2,5283,植木 美帆,3,22,48.4,1,0,0.17,2.59,8.11,13.51,1.63,0,12.5,30.05,48.83,35.75,54.11
2026-03-16,19,2,2026-03-16 18:08:00,5,MNBR下関11th 日本財団会長杯,3,3974,深山 祐二,3,49,52.1,0,0,0.15,4.15,21.31,40.98,3.47,5.88,35.29,42.41,54.91,30.69,46.04
2026-03-16,19,2,2026-03-16 18:08:00,5,MNBR下関11th 日本財団会長杯,4,3703,鳥飼 眞,2,52,50,0,0,0.17,5.38,32.97,51.65,6.13,43.75,62.5,40.74,54.17,35.75,50.24
2026-03-16,19,2,2026-03-16 18:08:00,5,MNBR下関11th 日本財団会長杯,5,4626,伊藤 紘章,3,39,52,0,0,0.23,4.97,29.33,50.67,2.6,0,20,30.77,45.67,30.43,48.79
2026-03-16,19,2,2026-03-16 18:08:00,5,MNBR下関11th 日本財団会長杯,6,4171,榎 幸司,2,43,52.4,0,0,0.17,6.14,41.8,62.3,6.1,41.03,61.54,49.28,68.42,44.76,61.43
2026-03-16,19,3,2026-03-16 18:34:00,5,MNBR下関11th 日本財団会長杯,1,4425,大井 清貴,3,40,53.6,1,0,0.16,4.41,15.15,43.94,4.09,20.9,38.81,40.82,56.63,33.97,56.94
2026-03-16,19,3,2026-03-16 18:34:00,5,MNBR下関11th 日本財団会長杯,2,4040,廣瀬 将亨,2,47,56.1,0,0,0.15,5.89,40.16,58.2,5.32,28.57,57.14,29.77,48.84,32.68,48.29
2026-03-16,19,3,2026-03-16 18:34:00,5,MNBR下関11th 日本財団会長杯,3,5073,上原 健次郎,2,30,52.1,0,0,0.16,5.37,31.03,54.02,4.35,11.76,41.18,39.17,53.92,36.5,54
2026-03-16,19,3,2026-03-16 18:34:00,5,MNBR下関11th 日本財団会長杯,4,3891,谷口 健一,3,50,54.1,0,0,0.18,3.28,8.99,23.6,3.94,25,37.5,42.13,58.33,34.15,49.76
2026-03-16,19,3,2026-03-16 18:34:00,5,MNBR下関11th 日本財団会長杯,5,5322,根岸 真優,4,24,45.5,0,0,0.22,2.05,3.08,9.23,1.73,0,0,34.45,51.2,32.54,53.11
2026-03-16,19,3,2026-03-16 18:34:00,5,MNBR下関11th 日本財団会長杯,6,3721,守田 俊介,1,50,53.7,0,0,0.12,6.13,41.03,52.56,8.67,85.71,90.48,32.37,51.21,41.75,57.77
2026-03-16,19,4,2026-03-16 19:03:00,5,MNBR下関11th 日本財団会長杯,1,5194,大久保 佑香,3,24,43.5,0,0,0.15,4.18,21.74,39.13,4.67,22.22,33.33,28.23,44.98,41.15,57.42
2026-03-16,19,4,2026-03-16 19:03:00,5,MNBR下関11th 日本財団会長杯,2,4382,高山 智至,3,41,53.7,1,0,0.16,4.63,17.5,46.25,5,16.67,50,32.2,46.34,35.58,53.37
2026-03-16,19,4,2026-03-16 19:03:00,5,MNBR下関11th 日本財団会長杯,3,3436,柏野 幸二,2,56,50.5,1,0,0.12,5.67,36.17,54.26,6.26,47.37,57.89,34.76,50.48,33.17,50.96
2026-03-16,19,4,2026-03-16 19:03:00,5,MNBR下関11th 日本財団会長杯,4,4136,江夏 満,1,45,52.1,1,0,0.16,6.87,48.62,77.06,0,0,0,32.84,49.75,32.52,53.4
2026-03-16,19,4,2026-03-16 19:03:00,5,MNBR下関11th 日本財団会長杯,5,4793,金子 萌,2,35,52,0,0,0.14,6.17,46.15,62.5,6.36,64.29,71.43,32.5,47,31.58,50.72
2026-03-16,19,4,2026-03-16 19:03:00,5,MNBR下関11th 日本財団会長杯,6,4510,坂本 奈央,4,37,48.6,0,0,0.22,3.13,8.33,20.83,4.75,25,25,32.42,46.58,36.06,53.37
2026-03-16,19,5,2026-03-16 19:30:00,5,MNBR下関11th 日本財団会長杯,1,4761,山田 晃大,2,36,52.5,0,0,0.13,5.49,36.04,54.05,5.68,31.82,54.55,38.1,53.81,34.78,46.86
2026-03-16,19,5,2026-03-16 19:30:00,5,MNBR下関11th 日本財団会長杯,2,3777,樋口 亮,2,50,52.2,0,0,0.17,6.29,46.88,60.94,7.67,66.67,66.67,33.81,54.29,38.39,52.13
2026-03-16,19,5,2026-03-16 19:30:00,5,MNBR下関11th 日本財団会長杯,3,4630,岩永 雅人,2,39,52.6,1,0,0.16,5.46,37.36,56.04,6.68,47.37,73.68,37.16,58.72,34.13,53.37
2026-03-16,19,5,2026-03-16 19:30:00,5,MNBR下関11th 日本財団会長杯,4,3784,中島 友和,3,49,53.1,0,0,0.16,5,32.47,51.95,5.11,31.58,52.63,40.36,55.61,30.66,49.06
2026-03-16,19,5,2026-03-16 19:30:00,5,MNBR下関11th 日本財団会長杯,5,4264,長尾 章平,1,41,52.4,0,0,0.15,6.88,51.15,68.7,6.89,50.62,70.37,39.81,54.98,45.71,64.29
2026-03-16,19,5,2026-03-16 19:30:00,5,MNBR下関11th 日本財団会長杯,6,3361,岡部 浩,3,56,52,0,0,0.19,4.13,21.52,32.91,2.17,0,8.33,36.61,53.57,33.81,51.9
2026-03-16,19,6,2026-03-16 19:56:00,5,MNBR下関11th 日本財団会長杯,1,3870,寺嶋 雄,3,50,52.5,0,0,0.17,4.19,23.53,32.94,5.15,38.46,46.15,35.48,54.38,34.6,51.66
2026-03-16,19,6,2026-03-16 19:56:00,5,MNBR下関11th 日本財団会長杯,2,4596,葛原 大陽,1,42,52.5,0,0,0.14,5.95,40.59,62.38,6.31,46.15,84.62,43.2,58.25,33.33,47.62
2026-03-16,19,6,2026-03-16 19:56:00,5,MNBR下関11th 日本財団会長杯,3,4904,松本 一毅,2,31,51.5,0,0,0.17,5.21,33.96,52.83,7.44,55.56,88.89,29.74,47.69,34.93,48.33
2026-03-16,19,6,2026-03-16 19:56:00,5,MNBR下関11th 日本財団会長杯,4,3441,土屋 太朗,3,56,52.4,0,0,0.2,4.88,26.97,52.81,4.44,11.11,33.33,32.7,49.76,32.38,46.19
2026-03-16,19,6,2026-03-16 19:56:00,5,MNBR下関11th 日本財団会長杯,5,4379,桑島 和宏,1,41,55.1,0,0,0.16,5.83,39.5,56.3,4.9,30,50,35.21,53.99,38.1,52.86
2026-03-16,19,6,2026-03-16 19:56:00,5,MNBR下関11th 日本財団会長杯,6,3602,奥平 拓也,3,55,53,1,0,0.18,4.87,23.88,52.24,4,33.33,33.33,36.32,49.06,34.47,50.49
2026-03-16,19,7,2026-03-16 20:25:00,5,MNBR下関11th 日本財団会長杯,1,5027,重冨 勇哉,3,29,54.2,0,0,0.17,4.92,28.95,46.49,4.98,32.76,46.55,32.24,45.33,33.49,55.19
2026-03-16,19,7,2026-03-16 20:25:00,5,MNBR下関11th 日本財団会長杯,2,4113,木村 浩士,3,45,55.5,0,0,0.19,5.42,34.07,52.75,5,38.89,50,41.33,59.56,37.02,53.37
2026-03-16,19,7,2026-03-16 20:25:00,5,MNBR下関11th 日本財団会長杯,3,4356,長岡 良也,1,41,52,2,0,0.15,6.2,45.05,61.54,6.46,45.71,62.86,31.03,47.29,34.98,50.25
2026-03-16,19,7,2026-03-16 20:25:00,5,MNBR下関11th 日本財団会長杯,4,4494,河合 佑樹,1,39,52,1,0,0.13,6.89,46.15,59.34,10.71,85.71,100,33.49,48.33,34.95,50
2026-03-16,19,7,2026-03-16 20:25:00,5,MNBR下関11th 日本財団会長杯,5,3901,松田 憲幸,3,48,52.8,0,0,0.2,3.6,20,30,4.73,27.78,46.3,42.16,62.75,32.08,47.17
2026-03-16,19,7,2026-03-16 20:25:00,5,MNBR下関11th 日本財団会長杯,6,3948,大町 利克,3,50,52.9,0,0,0.19,4.32,26.76,36.62,5.18,35.29,41.18,27.18,43.08,42.11,58.85
2026-03-16,19,8,2026-03-16 20:56:00,5,MNBR下関11th 日本財団会長杯,1,4510,坂本 奈央,4,37,48.6,0,0,0.22,3.13,8.33,20.83,4.75,25,25,32.42,46.58,36.06,53.37
2026-03-16,19,8,2026-03-16 20:56:00,5,MNBR下関11th 日本財団会長杯,2,5198,奥村 明日香,3,24,45,0,0,0.21,4.38,23.86,34.09,4.29,28.57,28.57,38.73,56.37,37.85,57.48
2026-03-16,19,8,2026-03-16 20:56:00,5,MNBR下関11th 日本財団会長杯,3,4897,深見 亜由美,4,34,44.5,0,0,0.2,4.07,15.66,31.33,0,0,0,30.84,54.67,35.41,51.2
2026-03-16,19,8,2026-03-16 20:56:00,5,MNBR下関11th 日本財団会長杯,4,4924,中北 涼,3,33,48.3,0,0,0.18,4.37,18.99,36.71,4.44,24,36,30.49,52.02,45.5,63.03
2026-03-16,19,8,2026-03-16 20:56:00,5,MNBR下関11th 日本財団会長杯,5,4964,土屋 南,4,29,46.5,0,0,0.2,5.59,36.23,55.07,0,0,0,29.82,45.61,36.45,57.01
2026-03-16,19,8,2026-03-16 20:56:00,5,MNBR下関11th 日本財団会長杯,6,4744,伊藤 玲奈,3,33,47.2,0,0,0.22,4.75,20.63,49.21,5.12,28,60,28.51,40.72,31.88,46.86
2026-03-16,19,9,2026-03-16 21:19:00,5,MNBR下関11th 日本財団会長杯,1,3721,守田 俊介,1,50,53.7,0,0,0.12,6.13,41.03,52.56,8.67,85.71,90.48,32.37,51.21,41.75,57.77
2026-03-16,19,9,2026-03-16 21:19:00,5,MNBR下関11th 日本財団会長杯,2,4264,長尾 章平,1,41,52.4,0,0,0.15,6.88,51.15,68.7,6.89,50.62,70.37,39.81,54.98,45.71,64.29
2026-03-16,19,9,2026-03-16 21:19:00,5,MNBR下関11th 日本財団会長杯,3,3703,鳥飼 眞,2,52,50,0,0,0.17,5.38,32.97,51.65,6.13,43.75,62.5,40.74,54.17,35.75,50.24
2026-03-16,19,9,2026-03-16 21:19:00,5,MNBR下関11th 日本財団会長杯,4,3436,柏野 幸二,2,56,50.5,1,0,0.12,5.67,36.17,54.26,6.26,47.37,57.89,34.76,50.48,33.17,50.96
2026-03-16,19,9,2026-03-16 21:19:00,5,MNBR下関11th 日本財団会長杯,5,4040,廣瀬 将亨,2,47,56.1,0,0,0.15,5.89,40.16,58.2,5.32,28.57,57.14,29.77,48.84,32.68,48.29
2026-03-16,19,9,2026-03-16 21:19:00,5,MNBR下関11th 日本財団会長杯,6,5194,大久保 佑香,3,24,43.5,0,0,0.15,4.18,21.74,39.13,4.67,22.22,33.33,28.23,44.98,41.15,57.42
2026-03-16,19,10,2026-03-16 21:42:00,5,MNBR下関11th 日本財団会長杯,1,3711,江本 真治,2,51,52.4,0,0,0.15,5.91,39.39,60.61,6.75,51.09,64.13,33.33,53.43,34.31,51.47
2026-03-16,19,10,2026-03-16 21:42:00,5,MNBR下関11th 日本財団会長杯,2,4793,金子 萌,2,35,52,0,0,0.14,6.17,46.15,62.5,6.36,64.29,71.43,32.5,47,31.58,50.72
2026-03-16,19,10,2026-03-16 21:42:00,5,MNBR下関11th 日本財団会長杯,3,4136,江夏 満,1,45,52.1,1,0,0.16,6.87,48.62,77.06,0,0,0,32.84,49.75,32.52,53.4
2026-03-16,19,10,2026-03-16 21:42:00,5,MNBR下関11th 日本財団会長杯,4,4630,岩永 雅人,2,39,52.6,1,0,0.16,5.46,37.36,56.04,6.68,47.37,73.68,37.16,58.72,34.13,53.37
2026-03-16,19,10,2026-03-16 21:42:00,5,MNBR下関11th 日本財団会長杯,5,3777,樋口 亮,2,50,52.2,0,0,0.17,6.29,46.88,60.94,7.67,66.67,66.67,33.81,54.29,38.39,52.13
2026-03-16,19,10,2026-03-16 21:42:00,5,MNBR下関11th 日本財団会長杯,6,4425,大井 清貴,3,40,53.6,1,0,0.16,4.41,15.15,43.94,4.09,20.9,38.81,40.82,56.63,33.97,56.94
2026-03-16,19,11,2026-03-16 22:05:00,5,MNBR下関11th 日本財団会長杯,1,4171,榎 幸司,2,43,52.4,0,0,0.17,6.14,41.8,62.3,6.1,41.03,61.54,49.28,68.42,44.76,61.43
2026-03-16,19,11,2026-03-16 22:05:00,5,MNBR下関11th 日本財団会長杯,2,4379,桑島 和宏,1,41,55.1,0,0,0.16,5.83,39.5,56.3,4.9,30,50,35.21,53.99,38.1,52.86
2026-03-16,19,11,2026-03-16 22:05:00,5,MNBR下関11th 日本財団会長杯,3,4494,河合 佑樹,1,39,52,1,0,0.13,6.89,46.15,59.34,10.71,85.71,100,33.49,48.33,34.95,50
2026-03-16,19,11,2026-03-16 22:05:00,5,MNBR下関11th 日本財団会長杯,4,3974,深山 祐二,3,49,52.1,0,0,0.15,4.15,21.31,40.98,3.47,5.88,35.29,42.41,54.91,30.69,46.04
2026-03-16,19,11,2026-03-16 22:05:00,5,MNBR下関11th 日本財団会長杯,5,4596,葛原 大陽,1,42,52.5,0,0,0.14,5.95,40.59,62.38,6.31,46.15,84.62,43.2,58.25,33.33,47.62
2026-03-16,19,11,2026-03-16 22:05:00,5,MNBR下関11th 日本財団会長杯,6,5027,重冨 勇哉,3,29,54.2,0,0,0.17,4.92,28.95,46.49,4.98,32.76,46.55,32.24,45.33,33.49,55.19
2026-03-16,19,12,2026-03-16 22:30:00,5,MNBR下関11th 日本財団会長杯,1,4356,長岡 良也,1,41,52,2,0,0.15,6.2,45.05,61.54,6.46,45.71,62.86,31.03,47.29,34.98,50.25
2026-03-16,19,12,2026-03-16 22:30:00,5,MNBR下関11th 日本財団会長杯,2,4626,伊藤 紘章,3,39,52,0,0,0.23,4.97,29.33,50.67,2.6,0,20,30.77,45.67,30.43,48.79
2026-03-16,19,12,2026-03-16 22:30:00,5,MNBR下関11th 日本財団会長杯,3,4761,山田 晃大,2,36,52.5,0,0,0.13,5.49,36.04,54.05,5.68,31.82,54.55,38.1,53.81,34.78,46.86
2026-03-16,19,12,2026-03-16 22:30:00,5,MNBR下関11th 日本財団会長杯,4,4382,高山 智至,3,41,53.7,1,0,0.16,4.63,17.5,46.25,5,16.67,50,32.2,46.34,35.58,53.37
2026-03-16,19,12,2026-03-16 22:30:00,5,MNBR下関11th 日本財団会長杯,5,5198,奥村 明日香,3,24,45,0,0,0.21,4.38,23.86,34.09,4.29,28.57,28.57,38.73,56.37,37.85,57.48
2026-03-16,19,12,2026-03-16 22:30:00,5,MNBR下関11th 日本財団会長杯,6,5073,上原 健次郎,2,30,52.1,0,0,0.16,5.37,31.03,54.02,4.35,11.76,41.18,39.17,53.92,36.5,54
2026-03-16,21,1,2026-03-16 08:35:00,5,西スポ杯争奪芦屋カップ,1,4369,丹下 将,2,40,55.3,0,0,0.16,6.11,45.83,61.67,0,0,0,39.27,59.16,31.19,47.52
2026-03-16,21,1,2026-03-16 08:35:00,5,西スポ杯争奪芦屋カップ,2,3527,中嶋 誠一郎,3,55,53.1,0,0,0.16,5.07,33.67,47.96,5.17,30.43,56.52,31.62,50,36.59,56.59
2026-03-16,21,1,2026-03-16 08:35:00,5,西スポ杯争奪芦屋カップ,3,3928,林 恵祐,3,50,59.5,0,0,0.17,3.35,14.74,25.26,3.53,11.11,28.89,24.47,39.89,27.89,43.16
2026-03-16,21,1,2026-03-16 08:35:00,5,西スポ杯争奪芦屋カップ,4,5417,小柳 勝希,4,20,52,0,0,0.18,2.71,5.71,14.29,1.33,0,0,33.64,49.07,33.5,49.26
2026-03-16,21,1,2026-03-16 08:35:00,5,西スポ杯争奪芦屋カップ,5,3054,北川 幸典,3,63,53.9,1,0,0.16,4.92,32.65,53.06,4.67,22.22,55.56,41.34,59.22,34.95,54.85
2026-03-16,21,1,2026-03-16 08:35:00,5,西スポ杯争奪芦屋カップ,6,3587,武田 信一,3,52,59.6,0,0,0.17,4.03,15.84,30.69,4.16,21.88,34.38,24.47,38.83,32.32,43.94
2026-03-16,21,2,2026-03-16 09:03:00,5,西スポ杯争奪芦屋カップ,1,3918,深井 利寿,2,51,51,0,0,0.18,6.22,46.61,66.1,6.55,44.83,65.52,40.54,55.68,34.91,52.36
2026-03-16,21,2,2026-03-16 09:03:00,5,西スポ杯争奪芦屋カップ,2,4179,広次 修,3,43,52,0,0,0.16,5.71,35.05,57.73,6.12,40,60,38.12,50.22,41.23,57.46
2026-03-16,21,2,2026-03-16 09:03:00,5,西スポ杯争奪芦屋カップ,3,3933,山地 正樹,3,49,54.6,0,0,0.18,5.03,28.74,44.83,5.5,30,40,21.47,38.42,31.53,49.26
2026-03-16,21,2,2026-03-16 09:03:00,5,西スポ杯争奪芦屋カップ,4,4812,西野 雄貴,1,36,51.5,0,0,0.13,6.9,51.96,68.63,7.52,68,84,41.24,62.89,36,55.56
2026-03-16,21,2,2026-03-16 09:03:00,5,西スポ杯争奪芦屋カップ,5,4006,小野 勇作,3,47,50.5,0,0,0.17,5.28,38.27,54.32,4.51,29.73,35.14,35.48,56.22,32.66,46.23
2026-03-16,21,2,2026-03-16 09:03:00,5,西スポ杯争奪芦屋カップ,6,5392,安武 一也,4,25,52,0,0,0.2,1.5,2.86,2.86,1.36,2.38,2.38,30,45.45,27.18,44.62
2026-03-16,21,3,2026-03-16 09:29:00,5,西スポ杯争奪芦屋カップ,1,4348,宮崎 奨,2,40,53.3,0,0,0.16,6,36.27,62.75,6.33,66.67,66.67,34.01,53.3,40.99,53.6
2026-03-16,21,3,2026-03-16 09:29:00,5,西スポ杯争奪芦屋カップ,2,4175,川尻 泰輔,3,43,54.4,0,0,0.17,6.01,43.9,63.41,5,25,40,37.82,51.81,30.48,44.76
2026-03-16,21,3,2026-03-16 09:29:00,5,西スポ杯争奪芦屋カップ,3,4028,田村 隆信,1,47,55.9,0,0,0.15,6.49,44.25,58.41,0,0,0,29.73,42.79,35.68,50.23
2026-03-16,21,3,2026-03-16 09:29:00,5,西スポ杯争奪芦屋カップ,4,5315,浅井 翼,3,25,51.5,0,0,0.17,3.02,12.31,20,0,0,0,42.33,57.67,35.21,46.95
2026-03-16,21,3,2026-03-16 09:29:00,5,西スポ杯争奪芦屋カップ,5,4215,吉島 祥之,2,41,52.6,0,0,0.15,5.95,39.67,59.5,6.1,44.83,62.07,35.5,48.48,35.1,54.81
2026-03-16,21,3,2026-03-16 09:29:00,5,西スポ杯争奪芦屋カップ,6,5426,甲斐 貴大,4,23,54.2,0,0,,1.1,0,0,1,0,0,32.74,48.67,21.2,39.67
2026-03-16,21,4,2026-03-16 09:55:00,5,西スポ杯争奪芦屋カップ,1,4980,佐々木 完太,1,29,52,0,0,0.15,7.13,53.85,68.27,6.71,48.28,63.79,31.88,45.41,27.92,47.72
2026-03-16,21,4,2026-03-16 09:55:00,5,西スポ杯争奪芦屋カップ,2,4821,妻鳥 晋也,3,34,54.6,0,0,0.18,5.13,34.48,51.72,0,0,0,32.47,53.25,45.16,61.75
2026-03-16,21,4,2026-03-16 09:55:00,5,西スポ杯争奪芦屋カップ,3,4470,平田 健之佑,1,39,52,1,0,0.14,6.17,44.55,65.45,0,0,0,34.74,52.58,33.65,49.52
2026-03-16,21,4,2026-03-16 09:55:00,5,西スポ杯争奪芦屋カップ,4,4027,松江 秀徳,3,48,53.2,0,0,0.16,5.12,30.49,46.34,5.18,29.41,47.06,33.64,46.26,38.5,57.5
2026-03-16,21,4,2026-03-16 09:55:00,5,西スポ杯争奪芦屋カップ,5,4226,村田 浩司,3,43,52.5,0,0,0.17,4.7,30.68,39.77,4.19,22.22,30.56,43.48,59.78,31.68,51.49
2026-03-16,21,4,2026-03-16 09:55:00,5,西スポ杯争奪芦屋カップ,6,4639,雑賀 勇貴,3,35,54.1,0,0,0.16,4.5,26.74,36.05,5.79,47.37,57.89,36,49.78,37.09,55.4
2026-03-16,21,5,2026-03-16 10:26:00,5,西スポ杯争奪芦屋カップ,1,4433,川野 芽唯,1,39,47,0,0,0.19,6.65,45.37,65.74,7.51,62.16,78.38,16.92,31.28,30.1,47.57
2026-03-16,21,5,2026-03-16 10:26:00,5,西スポ杯争奪芦屋カップ,2,3801,五反田 忍,4,52,50.1,0,0,0.17,4.45,32.76,41.38,0,0,0,37.32,54.07,37.38,52.91
2026-03-16,21,5,2026-03-16 10:26:00,5,西スポ杯争奪芦屋カップ,3,4224,大橋 栄里佳,2,44,47.6,0,0,0.18,5.75,41,55,5.89,42.11,63.16,50.26,66.67,29.17,48.44
2026-03-16,21,5,2026-03-16 10:26:00,5,西スポ杯争奪芦屋カップ,4,4443,津田 裕絵,2,39,50.6,0,0,0.19,5.39,31.13,53.77,4.94,35.29,58.82,47.45,62.24,37.56,53.17
2026-03-16,21,5,2026-03-16 10:26:00,5,西スポ杯争奪芦屋カップ,5,4998,中村 かなえ,4,32,47.4,0,0,,5.22,33.33,44.44,0,0,0,39.73,57.14,27.69,47.18
2026-03-16,21,5,2026-03-16 10:26:00,5,西スポ杯争奪芦屋カップ,6,5078,山川 波乙,3,28,46.5,0,0,0.17,4.35,27.16,41.98,0,0,0,43.89,60.18,32.38,50.95
2026-03-16,21,6,2026-03-16 10:54:00,5,西スポ杯争奪芦屋カップ,1,4389,伊藤 喜智,3,40,52.1,0,0,0.18,5.79,36.47,54.12,4.65,26.47,47.06,29.28,45.05,33.64,50.23
2026-03-16,21,6,2026-03-16 10:54:00,5,西スポ杯争奪芦屋カップ,2,4523,中村 辰也,2,38,52.2,0,0,0.14,5.72,39.24,60.76,5.03,25.64,48.72,46.94,68.37,29.13,47.09
2026-03-16,21,6,2026-03-16 10:54:00,5,西スポ杯争奪芦屋カップ,3,3054,北川 幸典,3,63,53.9,1,0,0.16,4.92,32.65,53.06,4.67,22.22,55.56,41.34,59.22,34.95,54.85
2026-03-16,21,6,2026-03-16 10:54:00,5,西スポ杯争奪芦屋カップ,4,4826,井上 一輝,1,31,52.1,0,0,0.13,6.82,49.24,63.64,6.88,50,71.88,25.91,46.63,38.67,50.67
2026-03-16,21,6,2026-03-16 10:54:00,5,西スポ杯争奪芦屋カップ,5,4347,魚谷 香織,2,40,45.5,0,0,0.18,6.06,37.5,63.64,5.89,32.14,60.71,26.7,40.31,39.51,59.02
2026-03-16,21,6,2026-03-16 10:54:00,5,西スポ杯争奪芦屋カップ,6,5353,草川 壮良,3,21,52.3,0,0,0.18,3.1,11.11,17.46,0,0,0,34.82,54.02,24.74,48.42
2026-03-16,21,7,2026-03-16 11:23:00,5,西スポ杯争奪芦屋カップ,1,3866,木山 誠一,3,50,52.3,0,0,0.13,4.56,25,40.28,3.39,8.7,26.09,34.38,53.13,34,46.5
2026-03-16,21,7,2026-03-16 11:23:00,5,西スポ杯争奪芦屋カップ,2,3712,淺香 文武,3,51,54.5,0,0,0.15,4.46,24.64,39.13,0,0,0,43.9,60.49,34.85,52.53
2026-03-16,21,7,2026-03-16 11:23:00,5,西スポ杯争奪芦屋カップ,3,5115,香川 颯太,4,26,52,0,0,0.15,4.89,31.91,46.81,0,0,0,28.21,45.64,25,37.79
2026-03-16,21,7,2026-03-16 11:23:00,5,西スポ杯争奪芦屋カップ,4,5177,松井 貫太,3,29,52,0,0,0.2,4.46,22.86,38.57,3.7,12.12,27.27,32.14,51.34,38.28,54.55
2026-03-16,21,7,2026-03-16 11:23:00,5,西スポ杯争奪芦屋カップ,5,5315,浅井 翼,3,25,51.5,0,0,0.17,3.02,12.31,20,0,0,0,42.33,57.67,35.21,46.95
2026-03-16,21,7,2026-03-16 11:23:00,5,西スポ杯争奪芦屋カップ,6,5426,甲斐 貴大,4,23,54.2,0,0,,1.1,0,0,1,0,0,32.74,48.67,21.2,39.67
2026-03-16,21,8,2026-03-16 11:53:00,5,西スポ杯争奪芦屋カップ,1,3860,松本 浩貴,3,52,52.6,0,0,0.19,3.93,17.86,30.95,2.78,11.11,11.11,23.47,44.9,34.4,48.62
2026-03-16,21,8,2026-03-16 11:53:00,5,西スポ杯争奪芦屋カップ,2,3961,谷村 一哉,2,47,54.1,0,0,0.16,6.61,45.1,72.55,6.5,40,70,35.19,52.79,36.16,51.79
2026-03-16,21,8,2026-03-16 11:53:00,5,西スポ杯争奪芦屋カップ,3,4639,雑賀 勇貴,3,35,54.1,0,0,0.16,4.5,26.74,36.05,5.79,47.37,57.89,36,49.78,37.09,55.4
2026-03-16,21,8,2026-03-16 11:53:00,5,西スポ杯争奪芦屋カップ,4,4236,松村 敏,1,42,52.1,0,0,0.11,7.04,50.75,77.61,8.05,69.14,87.65,36.73,53.98,37.78,52.89
2026-03-16,21,8,2026-03-16 11:53:00,5,西スポ杯争奪芦屋カップ,5,5417,小柳 勝希,4,20,52,0,0,0.18,2.71,5.71,14.29,1.33,0,0,33.64,49.07,33.5,49.26
2026-03-16,21,8,2026-03-16 11:53:00,5,西スポ杯争奪芦屋カップ,6,4089,妹尾 忠幸,2,45,53.9,1,0,0.15,6.11,34.07,63.7,5.68,35.71,57.14,36.32,54.71,39.38,53.1
2026-03-16,21,9,2026-03-16 12:26:00,5,西スポ杯争奪芦屋カップ,1,3439,大平 誉史明,2,56,51,0,0,0.15,6.41,45,66,5,32.35,50,36.29,50.63,37.5,53.7
2026-03-16,21,9,2026-03-16 12:26:00,5,西スポ杯争奪芦屋カップ,2,4369,丹下 将,2,40,55.3,0,0,0.16,6.11,45.83,61.67,0,0,0,39.27,59.16,31.19,47.52
2026-03-16,21,9,2026-03-16 12:26:00,5,西スポ杯争奪芦屋カップ,3,3587,武田 信一,3,52,59.6,0,0,0.17,4.03,15.84,30.69,4.16,21.88,34.38,24.47,38.83,32.32,43.94
2026-03-16,21,9,2026-03-16 12:26:00,5,西スポ杯争奪芦屋カップ,4,3933,山地 正樹,3,49,54.6,0,0,0.18,5.03,28.74,44.83,5.5,30,40,21.47,38.42,31.53,49.26
2026-03-16,21,9,2026-03-16 12:26:00,5,西スポ杯争奪芦屋カップ,5,5392,安武 一也,4,25,52,0,0,0.2,1.5,2.86,2.86,1.36,2.38,2.38,30,45.45,27.18,44.62
2026-03-16,21,9,2026-03-16 12:26:00,5,西スポ杯争奪芦屋カップ,6,4224,大橋 栄里佳,2,44,47.6,0,0,0.18,5.75,41,55,5.89,42.11,63.16,50.26,66.67,29.17,48.44
2026-03-16,21,10,2026-03-16 13:03:00,5,西スポ杯争奪芦屋カップ,1,4812,西野 雄貴,1,36,51.5,0,0,0.13,6.9,51.96,68.63,7.52,68,84,41.24,62.89,36,55.56
2026-03-16,21,10,2026-03-16 13:03:00,5,西スポ杯争奪芦屋カップ,2,4433,川野 芽唯,1,39,47,0,0,0.19,6.65,45.37,65.74,7.51,62.16,78.38,16.92,31.28,30.1,47.57
2026-03-16,21,10,2026-03-16 13:03:00,5,西スポ杯争奪芦屋カップ,3,4179,広次 修,3,43,52,0,0,0.16,5.71,35.05,57.73,6.12,40,60,38.12,50.22,41.23,57.46
2026-03-16,21,10,2026-03-16 13:03:00,5,西スポ杯争奪芦屋カップ,4,4175,川尻 泰輔,3,43,54.4,0,0,0.17,6.01,43.9,63.41,5,25,40,37.82,51.81,30.48,44.76
2026-03-16,21,10,2026-03-16 13:03:00,5,西スポ杯争奪芦屋カップ,5,3801,五反田 忍,4,52,50.1,0,0,0.17,4.45,32.76,41.38,0,0,0,37.32,54.07,37.38,52.91
2026-03-16,21,10,2026-03-16 13:03:00,5,西スポ杯争奪芦屋カップ,6,4470,平田 健之佑,1,39,52,1,0,0.14,6.17,44.55,65.45,0,0,0,34.74,52.58,33.65,49.52
2026-03-16,21,11,2026-03-16 13:39:00,5,西スポ杯争奪芦屋カップ,1,4028,田村 隆信,1,47,56,0,0,0.15,6.49,44.25,58.41,0,0,0,29.73,42.79,35.68,50.23
2026-03-16,21,11,2026-03-16 13:39:00,5,西スポ杯争奪芦屋カップ,2,4980,佐々木 完太,1,29,52,0,0,0.15,7.13,53.85,68.27,6.71,48.28,63.79,31.88,45.41,27.92,47.72
2026-03-16,21,11,2026-03-16 13:39:00,5,西スポ杯争奪芦屋カップ,3,3712,淺香 文武,3,51,54.4,0,0,0.15,4.46,24.64,39.13,0,0,0,43.9,60.49,34.85,52.53
2026-03-16,21,11,2026-03-16 13:39:00,5,西スポ杯争奪芦屋カップ,4,4215,吉島 祥之,2,41,53,0,0,0.15,5.95,39.67,59.5,6.1,44.83,62.07,35.5,48.48,35.1,54.81
2026-03-16,21,11,2026-03-16 13:39:00,5,西スポ杯争奪芦屋カップ,5,4523,中村 辰也,2,38,52.4,0,0,0.14,5.72,39.24,60.76,5.03,25.64,48.72,46.94,68.37,29.13,47.09
2026-03-16,21,11,2026-03-16 13:39:00,5,西スポ杯争奪芦屋カップ,6,3866,木山 誠一,3,50,52.8,0,0,0.13,4.56,25,40.28,3.39,8.7,26.09,34.38,53.13,34,46.5
2026-03-16,21,12,2026-03-16 14:16:00,5,西スポ杯争奪芦屋カップ,1,4236,松村 敏,1,42,52.1,0,0,0.11,7.04,50.75,77.61,8.05,69.14,87.65,36.73,53.98,37.78,52.89
2026-03-16,21,12,2026-03-16 14:16:00,5,西スポ杯争奪芦屋カップ,2,3918,深井 利寿,2,51,51,0,0,0.18,6.22,46.61,66.1,6.55,44.83,65.52,40.54,55.68,34.91,52.36
2026-03-16,21,12,2026-03-16 14:16:00,5,西スポ杯争奪芦屋カップ,3,4826,井上 一輝,1,31,52.1,0,0,0.13,6.82,49.24,63.64,6.88,50,71.88,25.91,46.63,38.67,50.67
2026-03-16,21,12,2026-03-16 14:16:00,5,西スポ杯争奪芦屋カップ,4,5115,香川 颯太,4,26,52,0,0,0.15,4.89,31.91,46.81,0,0,0,28.21,45.64,25,37.79
2026-03-16,21,12,2026-03-16 14:16:00,5,西スポ杯争奪芦屋カップ,5,3961,谷村 一哉,2,47,54.1,0,0,0.16,6.61,45.1,72.55,6.5,40,70,35.19,52.79,36.16,51.79
2026-03-16,21,12,2026-03-16 14:16:00,5,西スポ杯争奪芦屋カップ,6,4821,妻鳥 晋也,3,34,54.6,0,0,0.18,5.13,34.48,51.72,0,0,0,32.47,53.25,45.16,61.75
