race_date,stadium_number,race_number,race_closed_at,race_grade_number,race_title,boat_number,racer_number,racer_name,racer_class_number,racer_age,racer_weight,racer_flying_count,racer_late_count,racer_average_start_timing,racer_national_top_1_percent,racer_national_top_2_percent,racer_national_top_3_percent,racer_local_top_1_percent,racer_local_top_2_percent,racer_local_top_3_percent,racer_assigned_motor_top_2_percent,racer_assigned_motor_top_3_percent,racer_assigned_boat_top_2_percent,racer_assigned_boat_top_3_percent
2026-09-09,1,1,2026-09-09 15:18:00,5,バスケで群馬を熱くする群馬クレインサンダーズカップ,1,3475,橋本 久和,3,56,52,0,0,0.19,5.22,35.44,43.04,5.91,41.53,59.32,35.59,49.15,34.43,46.99
2026-09-09,1,1,2026-09-09 15:18:00,5,バスケで群馬を熱くする群馬クレインサンダーズカップ,2,3305,小野 信樹,3,58,53.1,0,0,0.17,3.57,15.19,26.58,3.94,25,34.38,33.33,54.3,41.36,54.45
2026-09-09,1,1,2026-09-09 15:18:00,5,バスケで群馬を熱くする群馬クレインサンダーズカップ,3,4380,鈴木 峻佑,3,42,52.6,0,0,0.17,5,30.93,44.33,3.72,27.78,27.78,21.55,39.66,35.39,56.18
2026-09-09,1,1,2026-09-09 15:18:00,5,バスケで群馬を熱くする群馬クレインサンダーズカップ,4,3319,山崎 義明,2,59,52,0,0,0.16,5.73,38.6,62.28,5.21,35.9,46.15,36.68,61.81,41.04,53.76
2026-09-09,1,1,2026-09-09 15:18:00,5,バスケで群馬を熱くする群馬クレインサンダーズカップ,5,5107,松本 真広,3,27,51.5,1,0,0.16,3.93,8.47,33.9,4,5.56,27.78,27.54,39.13,40.91,59.09
2026-09-09,1,1,2026-09-09 15:18:00,5,バスケで群馬を熱くする群馬クレインサンダーズカップ,6,5430,鳥本 智史,4,22,51.5,1,0,0.18,1.39,0,2.63,1.33,0,0,27.65,45.29,34.46,47.46
2026-09-09,1,2,2026-09-09 15:43:00,5,バスケで群馬を熱くする群馬クレインサンダーズカップ,1,4181,花本 夏樹,3,43,52.9,0,0,0.21,3.44,6.82,23.86,4.38,14.71,41.18,34.72,53.37,39.08,59.2
2026-09-09,1,2,2026-09-09 15:43:00,5,バスケで群馬を熱くする群馬クレインサンダーズカップ,2,3681,山谷 央,3,53,52,1,0,0.15,4.82,28.79,42.42,4.68,15.79,47.37,32.28,50.79,34.66,48.86
2026-09-09,1,2,2026-09-09 15:43:00,5,バスケで群馬を熱くする群馬クレインサンダーズカップ,3,4040,廣瀬 将亨,2,47,55.8,0,0,0.15,5.83,39.45,54.13,5.57,40.82,51.02,32.43,49.19,34.97,47.54
2026-09-09,1,2,2026-09-09 15:43:00,5,バスケで群馬を熱くする群馬クレインサンダーズカップ,4,4025,山本 隆幸,1,48,52.1,0,0,0.18,6.44,46.34,63.41,6.92,53.06,71.43,32.22,45.56,43.1,59.77
2026-09-09,1,2,2026-09-09 15:43:00,5,バスケで群馬を熱くする群馬クレインサンダーズカップ,5,5048,眞鳥 康太,3,32,53,0,0,0.21,4.54,28.57,44.29,2.27,0,0,38.54,59.38,30.64,45.09
2026-09-09,1,2,2026-09-09 15:43:00,5,バスケで群馬を熱くする群馬クレインサンダーズカップ,6,4557,松尾 光広,3,36,53,0,0,0.21,3.83,16.28,31.4,4.31,26.92,34.62,33.33,51.32,41.81,61.02
2026-09-09,1,3,2026-09-09 16:09:00,5,バスケで群馬を熱くする群馬クレインサンダーズカップ,1,3277,齋藤 勇,3,60,52,0,0,0.18,4.56,22.22,38.27,4.32,12,40,26.32,37.59,38.07,60.23
2026-09-09,1,3,2026-09-09 16:09:00,5,バスケで群馬を熱くする群馬クレインサンダーズカップ,2,5122,相馬 翔,3,25,55.5,1,0,0.17,3.68,15.79,28.07,5.04,25.93,40.74,29.05,45.81,34.76,50.27
2026-09-09,1,3,2026-09-09 16:09:00,5,バスケで群馬を熱くする群馬クレインサンダーズカップ,3,4232,笠 雅雄,3,43,52.3,0,0,0.17,5.91,39.13,58.7,3.38,17.65,26.47,25.3,37.95,32.61,48.37
2026-09-09,1,3,2026-09-09 16:09:00,5,バスケで群馬を熱くする群馬クレインサンダーズカップ,4,3874,山本 寛久,2,50,52,0,0,0.17,7.11,50.96,75.96,6.3,40,70,41.58,59.47,36.41,55.43
2026-09-09,1,3,2026-09-09 16:09:00,5,バスケで群馬を熱くする群馬クレインサンダーズカップ,5,4538,笠置 博之,1,36,52.3,1,0,0.15,5.23,39.58,52.08,6.41,59.26,62.96,31.52,50,28.65,47.95
2026-09-09,1,3,2026-09-09 16:09:00,5,バスケで群馬を熱くする群馬クレインサンダーズカップ,6,4019,笠原 亮,1,46,52.1,0,0,0.17,6.98,54.29,67.62,7.95,67.5,82.5,38.13,59.38,34.25,53.59
2026-09-09,1,4,2026-09-09 16:35:00,5,バスケで群馬を熱くする群馬クレインサンダーズカップ,1,4531,武富 智亮,2,37,53.1,0,0,0.16,6.31,42.98,68.6,0,0,0,25.2,36.59,33.33,50.27
2026-09-09,1,4,2026-09-09 16:35:00,5,バスケで群馬を熱くする群馬クレインサンダーズカップ,2,4440,萩原 知哉,3,40,52.6,0,0,0.17,4.6,28.57,39.29,4.34,20.45,40.91,34.36,48.21,33.69,52.41
2026-09-09,1,4,2026-09-09 16:35:00,5,バスケで群馬を熱くする群馬クレインサンダーズカップ,3,4118,宇佐見 淳,2,45,52,0,0,0.15,5.87,39.29,63.39,6.38,51.72,62.07,50.31,67.92,31.18,47.85
2026-09-09,1,4,2026-09-09 16:35:00,5,バスケで群馬を熱くする群馬クレインサンダーズカップ,4,4044,湯川 浩司,1,46,52,0,0,0.14,6.17,32.93,54.88,6.77,45.71,54.29,27.4,45.89,38.1,52.91
2026-09-09,1,4,2026-09-09 16:35:00,5,バスケで群馬を熱くする群馬クレインサンダーズカップ,5,4195,前川 守嗣,3,44,56.3,0,0,0.16,5.19,32.88,50.68,5.33,33.33,55.56,26.17,47.65,44.38,60.11
2026-09-09,1,4,2026-09-09 16:35:00,5,バスケで群馬を熱くする群馬クレインサンダーズカップ,6,4342,谷野 錬志,2,41,52.8,0,0,0.15,6.39,37.5,60.23,7,57.89,68.42,36.09,57.4,32.42,47.25
2026-09-09,1,5,2026-09-09 17:01:00,5,バスケで群馬を熱くする群馬クレインサンダーズカップ,1,3743,林 美憲,1,51,52.1,0,0,0.15,5.41,40,51.67,6.33,11.11,55.56,33.16,46.52,30.68,46.02
2026-09-09,1,5,2026-09-09 17:01:00,5,バスケで群馬を熱くする群馬クレインサンダーズカップ,2,5070,中島 航,3,32,53.9,0,0,0.22,4.21,20.83,38.89,4.32,22.73,34.09,50,70.27,28.4,41.42
2026-09-09,1,5,2026-09-09 17:01:00,5,バスケで群馬を熱くする群馬クレインサンダーズカップ,3,4027,松江 秀徳,2,48,53.1,1,0,0.16,5.4,33.82,51.47,5.85,45,60,27.91,44.19,39.34,54.64
2026-09-09,1,5,2026-09-09 17:01:00,5,バスケで群馬を熱くする群馬クレインサンダーズカップ,4,4513,河野 真也,2,37,52.1,0,0,0.2,6,42.99,63.55,5.96,46.15,61.54,27.11,42.17,30.72,45.78
2026-09-09,1,5,2026-09-09 17:01:00,5,バスケで群馬を熱くする群馬クレインサンダーズカップ,5,5012,加倉 侑征,3,29,52.2,0,0,0.14,4.52,23.29,41.1,4.48,24.24,39.39,44.05,57.14,41.04,58.96
2026-09-09,1,5,2026-09-09 17:01:00,5,バスケで群馬を熱くする群馬クレインサンダーズカップ,6,3946,赤岩 善生,1,50,54.1,1,0,0.15,7.19,54.47,69.92,6.97,62.07,75.86,32.52,43.56,34.86,56
2026-09-09,1,6,2026-09-09 17:28:00,5,バスケで群馬を熱くする群馬クレインサンダーズカップ,1,4028,田村 隆信,1,48,56.5,0,0,0.15,5.54,34.74,50.53,0,0,0,29.07,48.26,36.42,56.07
2026-09-09,1,6,2026-09-09 17:28:00,5,バスケで群馬を熱くする群馬クレインサンダーズカップ,2,3867,松浦 勝,3,51,56,0,0,0.18,2.85,8,18.67,2.44,11.11,11.11,32.83,50.51,35.43,53.71
2026-09-09,1,6,2026-09-09 17:28:00,5,バスケで群馬を熱くする群馬クレインサンダーズカップ,3,3202,三品 隆浩,3,61,52.7,0,0,0.2,4.76,30.95,42.86,2.96,8,20,33.16,54.21,30,44.12
2026-09-09,1,6,2026-09-09 17:28:00,5,バスケで群馬を熱くする群馬クレインサンダーズカップ,4,4562,阪本 勇介,3,38,54.2,0,0,0.19,4.77,27.93,41.44,3.61,5.56,16.67,37.13,56.93,30.34,45.51
2026-09-09,1,6,2026-09-09 17:28:00,5,バスケで群馬を熱くする群馬クレインサンダーズカップ,5,4943,八木 治樹,3,35,53.4,0,0,0.15,4.48,23.29,38.36,5.31,24.14,55.17,33.98,51.46,32.8,48.92
2026-09-09,1,6,2026-09-09 17:28:00,5,バスケで群馬を熱くする群馬クレインサンダーズカップ,6,3653,品川 賢次,4,52,53.6,1,0,0.2,4.2,13.85,36.92,4.35,19.12,41.18,32.73,47.88,36,59.43
2026-09-09,1,7,2026-09-09 17:55:00,5,バスケで群馬を熱くする群馬クレインサンダーズカップ,1,5228,若林 樹蘭,2,23,52.2,1,0,0.17,5.72,35.56,54.44,5.67,33.33,50,37.43,52.94,30.43,48.37
2026-09-09,1,7,2026-09-09 17:55:00,5,バスケで群馬を熱くする群馬クレインサンダーズカップ,2,4992,廣瀬 篤哉,3,28,57.2,0,0,0.16,4.8,31.58,39.47,2.56,0,11.11,35.91,53.04,38.07,53.41
2026-09-09,1,7,2026-09-09 17:55:00,5,バスケで群馬を熱くする群馬クレインサンダーズカップ,3,3686,鳥居塚 孝博,2,51,51.5,1,0,0.15,6.21,37.8,62.2,6.39,39.69,71.76,29.63,44.97,37.63,55.38
2026-09-09,1,7,2026-09-09 17:55:00,5,バスケで群馬を熱くする群馬クレインサンダーズカップ,4,5107,松本 真広,3,27,51.5,1,0,0.16,3.93,8.47,33.9,4,5.56,27.78,27.54,39.13,40.91,59.09
2026-09-09,1,7,2026-09-09 17:55:00,5,バスケで群馬を熱くする群馬クレインサンダーズカップ,5,5122,相馬 翔,3,25,55.5,1,0,0.17,3.68,15.79,28.07,5.04,25.93,40.74,29.05,45.81,34.76,50.27
2026-09-09,1,7,2026-09-09 17:55:00,5,バスケで群馬を熱くする群馬クレインサンダーズカップ,6,5181,森 智哉,3,28,52.4,1,0,0.16,4.78,30.43,44.93,4.8,10,60,23.66,38.93,34.12,54.71
2026-09-09,1,8,2026-09-09 18:23:00,5,バスケで群馬を熱くする群馬クレインサンダーズカップ,1,4033,伊藤 将吉,2,47,52.8,0,0,0.15,5.82,42.57,56.44,6.71,58.82,61.76,37.42,56.13,33.16,50.53
2026-09-09,1,8,2026-09-09 18:23:00,5,バスケで群馬を熱くする群馬クレインサンダーズカップ,2,4195,前川 守嗣,3,44,56.3,0,0,0.16,5.19,32.88,50.68,5.33,33.33,55.56,26.17,47.65,44.38,60.11
2026-09-09,1,8,2026-09-09 18:23:00,5,バスケで群馬を熱くする群馬クレインサンダーズカップ,3,3852,澤 大介,3,54,51.5,0,0,0.21,4.79,25,42.71,4.38,31.25,31.25,34.52,52.98,32.58,47.19
2026-09-09,1,8,2026-09-09 18:23:00,5,バスケで群馬を熱くする群馬クレインサンダーズカップ,4,4919,吉田 翔悟,3,35,52,1,0,0.18,3.94,16.33,32.65,0,0,0,30.86,50.29,33.33,48.89
2026-09-09,1,8,2026-09-09 18:23:00,5,バスケで群馬を熱くする群馬クレインサンダーズカップ,5,3319,山崎 義明,2,59,52,0,0,0.16,5.73,38.6,62.28,5.21,35.9,46.15,36.68,61.81,41.04,53.76
2026-09-09,1,8,2026-09-09 18:23:00,5,バスケで群馬を熱くする群馬クレインサンダーズカップ,6,5344,谷口 丞,3,23,52,1,0,0.15,5.46,32.93,52.44,0,0,0,43.48,55.07,31.89,52.97
2026-09-09,1,9,2026-09-09 18:54:00,5,バスケで群馬を熱くする群馬クレインサンダーズカップ,1,4019,笠原 亮,1,46,52.1,0,0,0.17,6.98,54.29,67.62,7.95,67.5,82.5,38.13,59.38,34.25,53.59
2026-09-09,1,9,2026-09-09 18:54:00,5,バスケで群馬を熱くする群馬クレインサンダーズカップ,2,3874,山本 寛久,2,50,52,0,0,0.17,7.11,50.96,75.96,6.3,40,70,41.58,59.47,36.41,55.43
2026-09-09,1,9,2026-09-09 18:54:00,5,バスケで群馬を熱くする群馬クレインサンダーズカップ,3,4044,湯川 浩司,1,46,52,0,0,0.14,6.17,32.93,54.88,6.77,45.71,54.29,27.4,45.89,38.1,52.91
2026-09-09,1,9,2026-09-09 18:54:00,5,バスケで群馬を熱くする群馬クレインサンダーズカップ,4,4027,松江 秀徳,2,48,53.1,1,0,0.16,5.4,33.82,51.47,5.85,45,60,27.91,44.19,39.34,54.64
2026-09-09,1,9,2026-09-09 18:54:00,5,バスケで群馬を熱くする群馬クレインサンダーズカップ,5,3681,山谷 央,3,53,52,1,0,0.15,4.82,28.79,42.42,4.68,15.79,47.37,32.28,50.79,34.66,48.86
2026-09-09,1,9,2026-09-09 18:54:00,5,バスケで群馬を熱くする群馬クレインサンダーズカップ,6,4181,花本 夏樹,3,43,52.9,0,0,0.21,3.44,6.82,23.86,4.38,14.71,41.18,34.72,53.37,39.08,59.2
2026-09-09,1,10,2026-09-09 19:25:00,5,バスケで群馬を熱くする群馬クレインサンダーズカップ,1,3946,赤岩 善生,1,50,54.1,1,0,0.15,7.19,54.47,69.92,6.97,62.07,75.86,32.52,43.56,34.86,56
2026-09-09,1,10,2026-09-09 19:25:00,5,バスケで群馬を熱くする群馬クレインサンダーズカップ,2,4232,笠 雅雄,3,43,52.3,0,0,0.17,5.91,39.13,58.7,3.38,17.65,26.47,25.3,37.95,32.61,48.37
2026-09-09,1,10,2026-09-09 19:25:00,5,バスケで群馬を熱くする群馬クレインサンダーズカップ,3,4028,田村 隆信,1,48,56.5,0,0,0.15,5.54,34.74,50.53,0,0,0,29.07,48.26,36.42,56.07
2026-09-09,1,10,2026-09-09 19:25:00,5,バスケで群馬を熱くする群馬クレインサンダーズカップ,4,4040,廣瀬 将亨,2,47,55.8,0,0,0.15,5.83,39.45,54.13,5.57,40.82,51.02,32.43,49.19,34.97,47.54
2026-09-09,1,10,2026-09-09 19:25:00,5,バスケで群馬を熱くする群馬クレインサンダーズカップ,5,3743,林 美憲,1,51,52.1,0,0,0.15,5.41,40,51.67,6.33,11.11,55.56,33.16,46.52,30.68,46.02
2026-09-09,1,10,2026-09-09 19:25:00,5,バスケで群馬を熱くする群馬クレインサンダーズカップ,6,4531,武富 智亮,2,37,53.1,0,0,0.16,6.31,42.98,68.6,0,0,0,25.2,36.59,33.33,50.27
2026-09-09,1,11,2026-09-09 19:58:00,5,バスケで群馬を熱くする群馬クレインサンダーズカップ,1,4342,谷野 錬志,2,41,52.8,0,0,0.15,6.39,37.5,60.23,7,57.89,68.42,36.09,57.4,32.42,47.25
2026-09-09,1,11,2026-09-09 19:58:00,5,バスケで群馬を熱くする群馬クレインサンダーズカップ,2,5228,若林 樹蘭,2,23,52.2,1,0,0.17,5.72,35.56,54.44,5.67,33.33,50,37.43,52.94,30.43,48.37
2026-09-09,1,11,2026-09-09 19:58:00,5,バスケで群馬を熱くする群馬クレインサンダーズカップ,3,4513,河野 真也,2,37,52.1,0,0,0.2,6,42.99,63.55,5.96,46.15,61.54,27.11,42.17,30.72,45.78
2026-09-09,1,11,2026-09-09 19:58:00,5,バスケで群馬を熱くする群馬クレインサンダーズカップ,4,4118,宇佐見 淳,2,45,52,0,0,0.15,5.87,39.29,63.39,6.38,51.72,62.07,50.31,67.92,31.18,47.85
2026-09-09,1,11,2026-09-09 19:58:00,5,バスケで群馬を熱くする群馬クレインサンダーズカップ,5,4025,山本 隆幸,1,48,52.1,0,0,0.18,6.44,46.34,63.41,6.92,53.06,71.43,32.22,45.56,43.1,59.77
2026-09-09,1,11,2026-09-09 19:58:00,5,バスケで群馬を熱くする群馬クレインサンダーズカップ,6,3277,齋藤 勇,3,60,52,0,0,0.18,4.56,22.22,38.27,4.32,12,40,26.32,37.59,38.07,60.23
2026-09-09,1,12,2026-09-09 20:30:00,5,バスケで群馬を熱くする群馬クレインサンダーズカップ,1,4538,笠置 博之,1,36,52.3,1,0,0.15,5.23,39.58,52.08,6.41,59.26,62.96,31.52,50,28.65,47.95
2026-09-09,1,12,2026-09-09 20:30:00,5,バスケで群馬を熱くする群馬クレインサンダーズカップ,2,5048,眞鳥 康太,3,32,53,0,0,0.21,4.54,28.57,44.29,2.27,0,0,38.54,59.38,30.64,45.09
2026-09-09,1,12,2026-09-09 20:30:00,5,バスケで群馬を熱くする群馬クレインサンダーズカップ,3,4440,萩原 知哉,3,40,52.6,0,0,0.17,4.6,28.57,39.29,4.34,20.45,40.91,34.36,48.21,33.69,52.41
2026-09-09,1,12,2026-09-09 20:30:00,5,バスケで群馬を熱くする群馬クレインサンダーズカップ,4,4033,伊藤 将吉,2,47,52.8,0,0,0.15,5.82,42.57,56.44,6.71,58.82,61.76,37.42,56.13,33.16,50.53
2026-09-09,1,12,2026-09-09 20:30:00,5,バスケで群馬を熱くする群馬クレインサンダーズカップ,5,5070,中島 航,3,32,53.9,0,0,0.22,4.21,20.83,38.89,4.32,22.73,34.09,50,70.27,28.4,41.42
2026-09-09,1,12,2026-09-09 20:30:00,5,バスケで群馬を熱くする群馬クレインサンダーズカップ,6,3686,鳥居塚 孝博,2,51,51.5,1,0,0.15,6.21,37.8,62.2,6.39,39.69,71.76,29.63,44.97,37.63,55.38
2026-09-09,3,1,2026-09-09 10:30:00,5,月兎ソースカップ,1,5279,石渡 翔一郎,3,23,53.1,0,0,0.16,5.89,40,63,5.59,39.44,57.28,30.16,47.62,32.76,46.55
2026-09-09,3,1,2026-09-09 10:30:00,5,月兎ソースカップ,2,4004,山本 浩輔,3,48,52,0,0,0.18,4.89,28,44,6.29,57.14,57.14,31.75,50.79,37.1,46.77
2026-09-09,3,1,2026-09-09 10:30:00,5,月兎ソースカップ,3,4407,鹿島 敏弘,3,40,53.8,0,0,0.18,4.66,24.51,44.12,5.31,34.44,54.44,30.65,51.61,44.07,66.1
2026-09-09,3,1,2026-09-09 10:30:00,5,月兎ソースカップ,4,5053,山口 広樹,3,30,53.7,1,0,0.17,3.8,19.7,33.33,5.03,33.33,50,38.71,51.61,38.33,58.33
2026-09-09,3,1,2026-09-09 10:30:00,5,月兎ソースカップ,5,3857,阿波 勝哉,3,53,53.3,0,0,0.21,4.8,27.38,45.24,4.43,28.57,28.57,52.46,73.77,43.1,67.24
2026-09-09,3,1,2026-09-09 10:30:00,5,月兎ソースカップ,6,4583,古田 祐貴,3,37,52.2,1,0,0.15,5.56,36.46,55.21,6.04,40.26,61.04,36.21,56.9,40.32,62.9
2026-09-09,3,2,2026-09-09 10:36:00,5,月兎ソースカップ,1,4142,平野 和明,2,45,54.3,0,0,0.18,5.63,34.65,56.44,5.9,39.02,60.98,45.16,64.52,59.68,70.97
2026-09-09,3,2,2026-09-09 10:36:00,5,月兎ソースカップ,2,4427,秦 英悟,1,40,52,0,0,0.14,7.27,59.29,73.45,7.33,60,73.33,16.13,32.26,30.16,49.21
2026-09-09,3,2,2026-09-09 10:36:00,5,月兎ソースカップ,3,5138,村本 大成,3,26,52.4,0,0,0.19,3.73,12.7,34.92,4,7.69,38.46,41.38,60.34,37.5,51.56
2026-09-09,3,2,2026-09-09 10:36:00,5,月兎ソースカップ,4,5120,山本 稔太朗,3,25,54.6,1,0,0.16,4.63,26.67,41.67,5,47.06,52.94,31.75,46.03,30.36,50
2026-09-09,3,2,2026-09-09 10:36:00,5,月兎ソースカップ,5,3303,渡辺 豊,3,58,53.9,0,0,0.2,4.35,18.69,34.58,6.13,42.14,65,19.67,32.79,29.82,49.12
2026-09-09,3,2,2026-09-09 10:36:00,5,月兎ソースカップ,6,5427,港 理樹,3,24,52.4,0,0,0.22,3.05,6.02,20.48,3.06,5.56,22.22,37.1,56.45,36.92,50.77
2026-09-09,3,3,2026-09-09 10:42:00,5,月兎ソースカップ,1,4888,金児 隆太,3,38,52.1,0,0,0.19,6.01,44.87,58.97,5.81,31.25,62.5,31.75,50.79,35.94,60.94
2026-09-09,3,3,2026-09-09 10:42:00,5,月兎ソースカップ,2,5071,野見山 拓己,3,32,53.3,1,0,0.13,4.33,20.29,42.03,4.68,26.32,31.58,39.34,60.66,44.26,60.66
2026-09-09,3,3,2026-09-09 10:42:00,5,月兎ソースカップ,3,4623,中北 将史,3,41,52.4,0,0,0.16,5.01,34.65,44.55,4.31,21.88,37.5,40.32,53.23,27.87,42.62
2026-09-09,3,3,2026-09-09 10:42:00,5,月兎ソースカップ,4,3859,多羅尾 達之,3,53,51,0,0,0.15,3.99,20.73,35.37,0,0,0,29.69,50,36.84,52.63
2026-09-09,3,3,2026-09-09 10:42:00,5,月兎ソースカップ,5,4471,新田 泰章,1,39,52,0,0,0.15,6.36,47.24,62.99,6.82,51.52,78.79,36.07,57.38,33.33,51.52
2026-09-09,3,3,2026-09-09 10:42:00,5,月兎ソースカップ,6,3685,荒井 輝年,2,52,56.1,2,0,0.15,6.28,47.44,62.82,5.82,43.64,56.36,25.81,43.55,21.88,50
2026-09-09,3,4,2026-09-09 10:48:00,5,月兎ソースカップ,1,3944,山口 裕二,1,47,52,1,0,0.17,6.03,40,62.86,5.89,44.44,66.67,22.03,44.07,36.07,57.38
2026-09-09,3,4,2026-09-09 10:48:00,5,月兎ソースカップ,2,4896,花本 剛,3,34,56.3,1,0,0.18,4.15,23.53,38.24,3.69,9.38,31.25,38.71,54.84,26.23,40.98
2026-09-09,3,4,2026-09-09 10:48:00,5,月兎ソースカップ,3,4173,岡谷 健吾,3,43,56,0,0,0.17,5.39,33.67,51.02,0,0,0,27.69,36.92,25.4,34.92
2026-09-09,3,4,2026-09-09 10:48:00,5,月兎ソースカップ,4,4257,古川 健,3,42,52,0,0,0.16,5.22,34.62,52.56,5,34.04,44.68,50,69.35,24.56,36.84
2026-09-09,3,4,2026-09-09 10:48:00,5,月兎ソースカップ,5,4189,川上 剛,1,45,54.4,1,0,0.16,5.63,32.43,52.25,5.88,37.5,50,38.6,64.91,17.24,37.93
2026-09-09,3,4,2026-09-09 10:48:00,5,月兎ソースカップ,6,3256,三角 哲男,1,59,52,0,0,0.15,6.56,50.91,69.09,6.46,48,70,45.16,66.13,23.33,33.33
2026-09-09,3,5,2026-09-09 10:54:00,5,月兎ソースカップ,1,3664,鈴木 賢一,3,56,53.7,0,0,0.17,4.5,29.41,41.18,0,0,0,43.33,53.33,31.67,50
2026-09-09,3,5,2026-09-09 10:54:00,5,月兎ソースカップ,2,4452,松尾 祭,2,38,52.1,0,0,0.17,5.17,33.94,45.87,6.43,46.94,67.35,40.68,49.15,30,48.33
2026-09-09,3,5,2026-09-09 10:54:00,5,月兎ソースカップ,3,4258,関根 彰人,3,42,52.3,0,0,0.18,4.85,32.94,48.24,5.72,39.44,61.97,19.67,40.98,26.32,38.6
2026-09-09,3,5,2026-09-09 10:54:00,5,月兎ソースカップ,4,4438,森作 雄大,3,40,52.7,0,0,0.13,5.26,38.74,45.95,5.34,36,49.14,22.95,39.34,25.42,45.76
2026-09-09,3,5,2026-09-09 10:54:00,5,月兎ソースカップ,5,4179,広次 修,2,43,52,0,0,0.15,5.23,27.78,56.48,5.48,43.48,56.52,23.21,33.93,32.81,48.44
2026-09-09,3,5,2026-09-09 10:54:00,5,月兎ソースカップ,6,3839,川合 理司,3,51,64.1,1,0,0.19,2.98,9.64,20.48,4.89,27.78,52.78,36.84,54.39,35.71,42.86
2026-09-09,3,6,2026-09-09 11:00:00,5,月兎ソースカップ,1,3850,小川 知行,3,54,52,0,0,0.14,4.3,22.92,35.42,4.53,23.29,42.47,47.46,67.8,46.03,60.32
2026-09-09,3,6,2026-09-09 11:00:00,5,月兎ソースカップ,2,4640,山ノ内 雅人,2,35,52.9,1,0,0.14,5.84,37.19,61.16,7,50,66.67,32.2,40.68,26.98,42.86
2026-09-09,3,6,2026-09-09 11:00:00,5,月兎ソースカップ,3,4981,牧山 敦也,3,30,52.3,0,0,0.18,5.22,26.67,55.56,5.2,36,52,15.87,34.92,42.19,57.81
2026-09-09,3,6,2026-09-09 11:00:00,5,月兎ソースカップ,4,4598,加藤 政彦,3,42,52,0,0,0.16,6.09,47.66,59.81,6.39,48.02,64.41,43.55,66.13,45.9,59.02
2026-09-09,3,6,2026-09-09 11:00:00,5,月兎ソースカップ,5,4583,古田 祐貴,3,37,52.2,1,0,0.15,5.56,36.46,55.21,6.04,40.26,61.04,36.21,56.9,40.32,62.9
2026-09-09,3,6,2026-09-09 11:00:00,5,月兎ソースカップ,6,4418,茅原 悠紀,1,39,53.3,0,0,0.13,7.49,50.91,69.09,7.63,56.25,68.75,22.41,34.48,24.14,41.38
2026-09-09,3,7,2026-09-09 11:06:00,5,月兎ソースカップ,1,5138,村本 大成,3,26,52.4,0,0,0.19,3.73,12.7,34.92,4,7.69,38.46,41.38,60.34,37.5,51.56
2026-09-09,3,7,2026-09-09 11:06:00,5,月兎ソースカップ,2,4880,澤崎 雄哉,3,31,53.1,0,0,0.17,5.39,34.09,56.82,5.5,34.21,53.95,35.94,48.44,38.1,55.56
2026-09-09,3,7,2026-09-09 11:06:00,5,月兎ソースカップ,3,4661,中島 昂章,2,34,52.3,0,0,0.18,5.54,36.07,58.2,6.29,28.57,71.43,15.52,34.48,26.15,40
2026-09-09,3,7,2026-09-09 11:06:00,5,月兎ソースカップ,4,4004,山本 浩輔,3,48,52,0,0,0.18,4.89,28,44,6.29,57.14,57.14,31.75,50.79,37.1,46.77
2026-09-09,3,7,2026-09-09 11:06:00,5,月兎ソースカップ,5,4604,岩瀬 裕亮,1,38,52.5,0,0,0.14,7.37,53.33,67.5,7.06,37.14,74.29,40.98,65.57,35.94,45.31
2026-09-09,3,7,2026-09-09 11:06:00,5,月兎ソースカップ,6,3931,黒崎 竜也,2,50,51,1,0,0.15,6.27,42,62,4.53,29.41,47.06,40.35,54.39,29.31,51.72
2026-09-09,3,8,2026-09-09 11:12:00,5,月兎ソースカップ,1,5098,大江 純,3,30,52.9,1,0,0.15,5.09,33.7,53.26,3.5,12.5,25,31.75,50.79,27.59,37.93
2026-09-09,3,8,2026-09-09 11:12:00,5,月兎ソースカップ,2,4257,古川 健,3,42,52,0,0,0.16,5.22,34.62,52.56,5,34.04,44.68,50,69.35,24.56,36.84
2026-09-09,3,8,2026-09-09 11:12:00,5,月兎ソースカップ,3,4000,松本 博昭,2,49,54.9,0,0,0.17,5.99,40.77,62.31,5.34,31.58,44.74,28.57,41.07,40.35,52.63
2026-09-09,3,8,2026-09-09 11:12:00,5,月兎ソースカップ,4,3655,本橋 克洋,3,52,53,1,0,0.17,4.78,22.73,46.59,6.35,44.12,76.47,37.7,52.46,46.55,63.79
2026-09-09,3,8,2026-09-09 11:12:00,5,月兎ソースカップ,5,3685,荒井 輝年,2,52,56.1,2,0,0.15,6.28,47.44,62.82,5.82,43.64,56.36,25.81,43.55,21.88,50
2026-09-09,3,8,2026-09-09 11:12:00,5,月兎ソースカップ,6,5378,鈴木 結平太,4,22,51,1,0,0.21,1.67,0,3.51,1.43,0,0,37.7,50.82,28.57,46.03
2026-09-09,3,9,2026-09-09 11:18:00,5,月兎ソースカップ,1,4623,中北 将史,3,41,52.4,0,0,0.16,5.01,34.65,44.55,4.31,21.88,37.5,40.32,53.23,27.87,42.62
2026-09-09,3,9,2026-09-09 11:18:00,5,月兎ソースカップ,2,5120,山本 稔太朗,3,25,54.6,1,0,0.16,4.63,26.67,41.67,5,47.06,52.94,31.75,46.03,30.36,50
2026-09-09,3,9,2026-09-09 11:18:00,5,月兎ソースカップ,3,4179,広次 修,2,43,52,0,0,0.15,5.23,27.78,56.48,5.48,43.48,56.52,23.21,33.93,32.81,48.44
2026-09-09,3,9,2026-09-09 11:18:00,5,月兎ソースカップ,4,5087,佐藤 航,1,26,54.1,1,0,0.15,6.34,51.38,66.06,5.82,35.29,58.82,27.87,44.26,26.56,46.88
2026-09-09,3,9,2026-09-09 11:18:00,5,月兎ソースカップ,5,4407,鹿島 敏弘,3,40,53.8,0,0,0.18,4.66,24.51,44.12,5.31,34.44,54.44,30.65,51.61,44.07,66.1
2026-09-09,3,9,2026-09-09 11:18:00,5,月兎ソースカップ,6,4173,岡谷 健吾,3,43,56,0,0,0.17,5.39,33.67,51.02,0,0,0,27.69,36.92,25.4,34.92
2026-09-09,3,10,2026-09-09 11:24:00,5,月兎ソースカップ,1,4189,川上 剛,1,45,54.4,1,0,0.16,5.63,32.43,52.25,5.88,37.5,50,38.6,64.91,17.24,37.93
2026-09-09,3,10,2026-09-09 11:24:00,5,月兎ソースカップ,2,3857,阿波 勝哉,3,53,53.3,0,0,0.21,4.8,27.38,45.24,4.43,28.57,28.57,52.46,73.77,43.1,67.24
2026-09-09,3,10,2026-09-09 11:24:00,5,月兎ソースカップ,3,3956,横澤 剛治,2,49,54.9,0,0,0.17,5.88,38.83,54.37,6.67,38.89,61.11,30.16,41.27,49.21,65.08
2026-09-09,3,10,2026-09-09 11:24:00,5,月兎ソースカップ,4,5071,野見山 拓己,3,32,53.3,1,0,0.13,4.33,20.29,42.03,4.68,26.32,31.58,39.34,60.66,44.26,60.66
2026-09-09,3,10,2026-09-09 11:24:00,5,月兎ソースカップ,5,4258,関根 彰人,3,42,52.3,0,0,0.18,4.85,32.94,48.24,5.72,39.44,61.97,19.67,40.98,26.32,38.6
2026-09-09,3,10,2026-09-09 11:24:00,5,月兎ソースカップ,6,5315,浅井 翼,4,25,52,0,0,0.21,2.65,13.04,17.39,2.62,11.11,17.28,27.59,51.72,19.7,36.36
2026-09-09,3,11,2026-09-09 11:30:00,5,月兎ソースカップ,1,4418,茅原 悠紀,1,39,53.3,0,0,0.13,7.49,50.91,69.09,7.63,56.25,68.75,22.41,34.48,24.14,41.38
2026-09-09,3,11,2026-09-09 11:30:00,5,月兎ソースカップ,2,4471,新田 泰章,1,39,52,0,0,0.15,6.36,47.24,62.99,6.82,51.52,78.79,36.07,57.38,33.33,51.52
2026-09-09,3,11,2026-09-09 11:30:00,5,月兎ソースカップ,3,4438,森作 雄大,3,40,52.7,0,0,0.13,5.26,38.74,45.95,5.34,36,49.14,22.95,39.34,25.42,45.76
2026-09-09,3,11,2026-09-09 11:30:00,5,月兎ソースカップ,4,4661,中島 昂章,2,34,52.3,0,0,0.18,5.54,36.07,58.2,6.29,28.57,71.43,15.52,34.48,26.15,40
2026-09-09,3,11,2026-09-09 11:30:00,5,月兎ソースカップ,5,4427,秦 英悟,1,40,52,0,0,0.14,7.27,59.29,73.45,7.33,60,73.33,16.13,32.26,30.16,49.21
2026-09-09,3,11,2026-09-09 11:30:00,5,月兎ソースカップ,6,3944,山口 裕二,1,47,52,1,0,0.17,6.03,40,62.86,5.89,44.44,66.67,22.03,44.07,36.07,57.38
2026-09-09,3,12,2026-09-09 11:41:00,5,月兎ソースカップ,1,3256,三角 哲男,1,59,52,0,0,0.15,6.56,50.91,69.09,6.46,48,70,45.16,66.13,23.33,33.33
2026-09-09,3,12,2026-09-09 11:41:00,5,月兎ソースカップ,2,4604,岩瀬 裕亮,1,38,52.5,0,0,0.14,7.37,53.33,67.5,7.06,37.14,74.29,40.98,65.57,35.94,45.31
2026-09-09,3,12,2026-09-09 11:41:00,5,月兎ソースカップ,3,4598,加藤 政彦,3,42,52,0,0,0.16,6.09,47.66,59.81,6.39,48.02,64.41,43.55,66.13,45.9,59.02
2026-09-09,3,12,2026-09-09 11:41:00,5,月兎ソースカップ,4,4000,松本 博昭,2,49,54.9,0,0,0.17,5.99,40.77,62.31,5.34,31.58,44.74,28.57,41.07,40.35,52.63
2026-09-09,3,12,2026-09-09 11:41:00,5,月兎ソースカップ,5,4452,松尾 祭,2,38,52.1,0,0,0.17,5.17,33.94,45.87,6.43,46.94,67.35,40.68,49.15,30,48.33
2026-09-09,3,12,2026-09-09 11:41:00,5,月兎ソースカップ,6,4888,金児 隆太,3,38,52.1,0,0,0.19,6.01,44.87,58.97,5.81,31.25,62.5,31.75,50.79,35.94,60.94
2026-09-09,4,1,2026-09-09 10:55:00,5,第23回サントリーカップ ほぼ女子戦,1,5361,植竹 玲奈,3,19,47.6,0,0,0.23,2.71,5.71,15.71,2.31,4.92,9.84,37.5,46.43,31.37,49.02
2026-09-09,4,1,2026-09-09 10:55:00,5,第23回サントリーカップ ほぼ女子戦,2,3551,藤田 美代,3,54,45,0,0,0.2,3.85,18.31,26.76,3.8,20,20,40.74,57.41,16,32
2026-09-09,4,1,2026-09-09 10:55:00,5,第23回サントリーカップ ほぼ女子戦,3,4175,川尻 泰輔,2,43,55.2,0,0,0.14,5.66,43.75,53.75,4.84,31.82,43.18,22.64,37.74,27.08,37.5
2026-09-09,4,1,2026-09-09 10:55:00,5,第23回サントリーカップ ほぼ女子戦,4,4882,瀧川 千依,4,30,47.8,0,0,0.24,3.24,14.71,20.59,4.9,20,40,28.81,44.07,50,54.17
2026-09-09,4,1,2026-09-09 10:55:00,5,第23回サントリーカップ ほぼ女子戦,5,5165,小林 愛実,3,26,47.2,0,0,0.16,4.6,23.17,43.9,5.43,26.67,60,16.98,32.08,26.32,35.09
2026-09-09,4,1,2026-09-09 10:55:00,5,第23回サントリーカップ ほぼ女子戦,6,3993,永井 聖美,3,47,46,0,0,0.16,5.49,34.52,57.14,5.31,33.82,51.47,18.37,42.86,18.03,37.7
2026-09-09,4,2,2026-09-09 11:24:00,5,第23回サントリーカップ ほぼ女子戦,1,5320,岩崎 麗子,3,25,47.5,0,0,0.18,3.41,14.67,24,1.19,0,0,17.31,23.08,25.86,44.83
2026-09-09,4,2,2026-09-09 11:24:00,5,第23回サントリーカップ ほぼ女子戦,2,4275,菅野 はやか,3,43,50.7,0,0,0.22,3.37,13.56,25.42,0,0,0,28.33,45,23.08,43.59
2026-09-09,4,2,2026-09-09 11:24:00,5,第23回サントリーカップ ほぼ女子戦,3,4781,西舘 果里,4,39,50.3,1,0,0.18,3.63,22.86,25.71,4.22,22.22,33.33,24.49,38.78,23.64,38.18
2026-09-09,4,2,2026-09-09 11:24:00,5,第23回サントリーカップ ほぼ女子戦,4,4283,石井 裕美,3,42,49.4,0,0,0.17,3.82,7.35,33.82,3.33,0,16.67,33.33,47.06,47.69,56.92
2026-09-09,4,2,2026-09-09 11:24:00,5,第23回サントリーカップ ほぼ女子戦,5,4387,平山 智加,1,41,46,0,0,0.15,6.73,48.67,67.26,5.18,31.82,54.55,42.59,66.67,33.96,56.6
2026-09-09,4,2,2026-09-09 11:24:00,5,第23回サントリーカップ ほぼ女子戦,6,4414,大澤 真菜,3,39,45.5,0,0,0.19,3.9,23.88,32.84,4,30.77,34.62,14.89,31.91,33.87,54.84
2026-09-09,4,3,2026-09-09 11:53:00,5,第23回サントリーカップ ほぼ女子戦,1,3845,中谷 朋子,2,49,45.5,0,0,0.21,6.15,49.25,61.19,4.71,28.57,28.57,34.62,53.85,37.04,57.41
2026-09-09,4,3,2026-09-09 11:53:00,5,第23回サントリーカップ ほぼ女子戦,2,5003,来田 衣織,3,30,47,0,0,0.16,4.87,34.04,46.81,4.28,24,40,23.21,35.71,34.09,56.82
2026-09-09,4,3,2026-09-09 11:53:00,5,第23回サントリーカップ ほぼ女子戦,3,4525,真子 奈津実,3,38,47.2,0,0,0.14,4.69,27.94,39.71,6.09,45.45,72.73,16.67,38.89,25.53,38.3
2026-09-09,4,3,2026-09-09 11:53:00,5,第23回サントリーカップ ほぼ女子戦,4,4895,門間 雄大,2,35,53.6,1,0,0.15,4.82,22.73,47.73,5.25,23.94,53.52,17.65,25.49,38.46,53.85
2026-09-09,4,3,2026-09-09 11:53:00,5,第23回サントリーカップ ほぼ女子戦,5,4090,中村 尊,4,45,54.4,0,0,0.16,6.07,45.71,58.57,7.08,50,91.67,29.31,43.1,36.51,52.38
2026-09-09,4,3,2026-09-09 11:53:00,5,第23回サントリーカップ ほぼ女子戦,6,4854,大橋 由珠,4,31,44.5,2,0,0.18,3.94,19.15,34.04,4.76,23.53,52.94,50,65.38,29.63,50
2026-09-09,4,4,2026-09-09 12:22:00,5,第23回サントリーカップ ほぼ女子戦,1,5314,中曽 瑠華,3,25,51.5,0,0,0.19,3.11,10.13,18.99,1.91,2.94,5.88,39.29,62.5,32.76,44.83
2026-09-09,4,4,2026-09-09 12:22:00,5,第23回サントリーカップ ほぼ女子戦,2,4927,関野 文,2,32,45,0,0,0.16,6.08,42.45,64.15,5.72,44.83,58.62,30.36,50,36.73,51.02
2026-09-09,4,4,2026-09-09 12:22:00,5,第23回サントリーカップ ほぼ女子戦,3,4501,樋口 由加里,3,38,45.5,0,0,0.15,5.09,32.61,44.57,5.53,31.58,68.42,26.67,40,34.55,56.36
2026-09-09,4,4,2026-09-09 12:22:00,5,第23回サントリーカップ ほぼ女子戦,4,5213,湯淺 紀香,3,27,47,0,0,0.2,5.26,36.19,50.48,6.2,40,70,20.41,30.61,52.63,66.67
2026-09-09,4,4,2026-09-09 12:22:00,5,第23回サントリーカップ ほぼ女子戦,5,4690,高石 梨菜,4,32,48,0,0,,5.18,31.11,53.33,5.94,39.62,62.26,37.1,54.84,32.2,44.07
2026-09-09,4,4,2026-09-09 12:22:00,5,第23回サントリーカップ ほぼ女子戦,6,5357,田中 瀬里奈,4,21,53.5,0,0,0.19,1.57,0,1.47,1.38,0,0,18.52,37.04,32.56,51.16
2026-09-09,4,5,2026-09-09 12:52:00,5,第23回サントリーカップ ほぼ女子戦,1,4536,喜井 つかさ,2,36,47.1,1,0,0.16,5.81,40.38,57.69,5.91,27.27,72.73,28.89,51.11,36.67,50
2026-09-09,4,5,2026-09-09 12:52:00,5,第23回サントリーカップ ほぼ女子戦,2,5253,藤井 太雅,4,23,52.8,1,0,0.27,3.36,6.9,20.69,3.73,17.86,27.38,28.85,51.92,44.44,59.26
2026-09-09,4,5,2026-09-09 12:52:00,5,第23回サントリーカップ ほぼ女子戦,3,5370,日隈 茜,4,24,47.1,0,0,0.19,1.27,2.22,2.22,0,0,0,25.49,47.06,24.59,49.18
2026-09-09,4,5,2026-09-09 12:52:00,5,第23回サントリーカップ ほぼ女子戦,4,4998,中村 かなえ,4,33,47.6,0,0,0.14,4.71,31.75,42.86,4.83,25,41.67,30.61,48.98,38,52
2026-09-09,4,5,2026-09-09 12:52:00,5,第23回サントリーカップ ほぼ女子戦,5,4478,櫻本 あゆみ,1,38,48,0,0,0.16,5.95,41.67,55.95,6.55,51.52,69.7,33.96,54.72,36.07,52.46
2026-09-09,4,5,2026-09-09 12:52:00,5,第23回サントリーカップ ほぼ女子戦,6,4874,池田 奈津美,3,32,51.2,1,0,0.15,4.99,27.16,51.85,5.8,60,60,23.64,41.82,19.61,37.25
2026-09-09,4,6,2026-09-09 13:22:00,5,第23回サントリーカップ ほぼ女子戦,1,4893,渡邉 真奈美,3,35,47,0,0,0.16,5.16,34.09,46.59,5.32,36.36,50,44.44,51.85,29.63,46.3
2026-09-09,4,6,2026-09-09 13:22:00,5,第23回サントリーカップ ほぼ女子戦,2,5164,森田 梨湖,4,26,47,0,0,0.23,2.6,0,6.67,2.67,0,0,28.57,41.07,18.87,33.96
2026-09-09,4,6,2026-09-09 13:22:00,5,第23回サントリーカップ ほぼ女子戦,3,4844,村上 奈穂,3,33,50.5,0,0,0.18,3.91,17.39,29.35,4.5,25,43.75,42.59,59.26,23.73,33.9
2026-09-09,4,6,2026-09-09 13:22:00,5,第23回サントリーカップ ほぼ女子戦,4,4791,黒澤 めぐみ,3,36,47,0,0,0.2,5.88,37.38,63.55,6.25,45,60,29.09,49.09,40.43,59.57
2026-09-09,4,6,2026-09-09 13:22:00,5,第23回サントリーカップ ほぼ女子戦,5,4847,佐藤 隆太郎,1,32,52,0,0,0.16,6.85,46.96,66.09,7.71,62.5,78.57,31.03,55.17,36.23,57.97
2026-09-09,4,6,2026-09-09 13:22:00,5,第23回サントリーカップ ほぼ女子戦,6,5454,谷島 咲希,4,20,47.2,0,0,,1.57,1.96,1.96,0,0,0,32.79,49.18,35.56,51.11
2026-09-09,4,7,2026-09-09 13:53:00,5,第23回サントリーカップ ほぼ女子戦,1,4882,瀧川 千依,4,30,47.8,0,0,0.24,3.24,14.71,20.59,4.9,20,40,28.81,44.07,50,54.17
2026-09-09,4,7,2026-09-09 13:53:00,5,第23回サントリーカップ ほぼ女子戦,2,4941,孫崎 百世,3,37,45.5,0,0,0.21,4.61,27.78,38.89,4.4,13.33,46.67,31.25,45.83,29.17,54.17
2026-09-09,4,7,2026-09-09 13:53:00,5,第23回サントリーカップ ほぼ女子戦,3,4730,土屋 実沙希,3,37,47.4,0,0,0.17,5.38,32.1,50.62,3.89,33.33,33.33,46.03,50.79,40.98,59.02
2026-09-09,4,7,2026-09-09 13:53:00,5,第23回サントリーカップ ほぼ女子戦,4,5320,岩崎 麗子,3,25,47.5,0,0,0.18,3.41,14.67,24,1.19,0,0,17.31,23.08,25.86,44.83
2026-09-09,4,7,2026-09-09 13:53:00,5,第23回サントリーカップ ほぼ女子戦,5,4266,長田 頼宗,1,41,52,0,0,0.15,7.24,50,67.65,7.13,55.95,67.86,42.59,66.67,13.64,31.82
2026-09-09,4,7,2026-09-09 13:53:00,5,第23回サントリーカップ ほぼ女子戦,6,4283,石井 裕美,3,42,49.4,0,0,0.17,3.82,7.35,33.82,3.33,0,16.67,33.33,47.06,47.69,56.92
2026-09-09,4,8,2026-09-09 14:24:00,5,第23回サントリーカップ ほぼ女子戦,1,4525,真子 奈津実,3,38,47.2,0,0,0.14,4.69,27.94,39.71,6.09,45.45,72.73,16.67,38.89,25.53,38.3
2026-09-09,4,8,2026-09-09 14:24:00,5,第23回サントリーカップ ほぼ女子戦,2,5310,土屋 蘭,3,21,46.5,1,0,0.16,4.62,16.9,46.48,2.71,0,0,23.91,45.65,30.43,52.17
2026-09-09,4,8,2026-09-09 14:24:00,5,第23回サントリーカップ ほぼ女子戦,3,3993,永井 聖美,3,47,46,0,0,0.16,5.49,34.52,57.14,5.31,33.82,51.47,18.37,42.86,18.03,37.7
2026-09-09,4,8,2026-09-09 14:24:00,5,第23回サントリーカップ ほぼ女子戦,4,4240,今井 裕梨,2,42,44,0,0,0.15,5.5,33.98,57.28,6.25,46.43,64.29,12.5,33.33,53.85,65.38
2026-09-09,4,8,2026-09-09 14:24:00,5,第23回サントリーカップ ほぼ女子戦,5,5264,登 みひ果,3,26,44.5,1,0,0.15,5.13,31.46,46.07,6,42.86,57.14,23.53,41.18,30.23,51.16
2026-09-09,4,8,2026-09-09 14:24:00,5,第23回サントリーカップ ほぼ女子戦,6,5201,村上 宗太郎,4,23,52.2,1,0,0.21,5.35,31.33,54.22,5.68,38.64,56.82,36.84,52.63,47.46,62.71
2026-09-09,4,9,2026-09-09 14:56:00,5,第23回サントリーカップ ほぼ女子戦,1,5213,湯淺 紀香,3,27,47,0,0,0.2,5.26,36.19,50.48,6.2,40,70,20.41,30.61,52.63,66.67
2026-09-09,4,9,2026-09-09 14:56:00,5,第23回サントリーカップ ほぼ女子戦,2,4186,小川 時光,3,45,54.6,0,0,0.17,3.74,18.39,31.03,2.97,9.68,19.35,25.86,36.21,45.16,54.84
2026-09-09,4,9,2026-09-09 14:56:00,5,第23回サントリーカップ ほぼ女子戦,3,4065,金田 幸子,3,46,44,0,0,0.17,5.16,35.14,54.05,0,0,0,30.19,47.17,35.85,58.49
2026-09-09,4,9,2026-09-09 14:56:00,5,第23回サントリーカップ ほぼ女子戦,4,5361,植竹 玲奈,3,19,47.6,0,0,0.23,2.71,5.71,15.71,2.31,4.92,9.84,37.5,46.43,31.37,49.02
2026-09-09,4,9,2026-09-09 14:56:00,5,第23回サントリーカップ ほぼ女子戦,5,4289,落合 直子,2,41,47,1,0,0.13,5.8,38.27,56.79,4.58,25,50,21.28,40.43,26.92,46.15
2026-09-09,4,9,2026-09-09 14:56:00,5,第23回サントリーカップ ほぼ女子戦,6,4781,西舘 果里,4,39,50.3,1,0,0.18,3.63,22.86,25.71,4.22,22.22,33.33,24.49,38.78,23.64,38.18
2026-09-09,4,10,2026-09-09 15:29:00,5,第23回サントリーカップ ほぼ女子戦,1,4387,平山 智加,1,41,46,0,0,0.15,6.73,48.67,67.26,5.18,31.82,54.55,42.59,66.67,33.96,56.6
2026-09-09,4,10,2026-09-09 15:29:00,5,第23回サントリーカップ ほぼ女子戦,2,4090,中村 尊,4,45,54.4,0,0,0.16,6.07,45.71,58.57,7.08,50,91.67,29.31,43.1,36.51,52.38
2026-09-09,4,10,2026-09-09 15:29:00,5,第23回サントリーカップ ほぼ女子戦,3,4998,中村 かなえ,4,33,47.6,0,0,0.14,4.71,31.75,42.86,4.83,25,41.67,30.61,48.98,38,52
2026-09-09,4,10,2026-09-09 15:29:00,5,第23回サントリーカップ ほぼ女子戦,4,4175,川尻 泰輔,2,43,55.2,0,0,0.14,5.66,43.75,53.75,4.84,31.82,43.18,22.64,37.74,27.08,37.5
2026-09-09,4,10,2026-09-09 15:29:00,5,第23回サントリーカップ ほぼ女子戦,5,4927,関野 文,2,32,45,0,0,0.16,6.08,42.45,64.15,5.72,44.83,58.62,30.36,50,36.73,51.02
2026-09-09,4,10,2026-09-09 15:29:00,5,第23回サントリーカップ ほぼ女子戦,6,3845,中谷 朋子,2,49,45.5,0,0,0.21,6.15,49.25,61.19,4.71,28.57,28.57,34.62,53.85,37.04,57.41
2026-09-09,4,11,2026-09-09 16:03:00,5,第23回サントリーカップ ほぼ女子戦,1,4847,佐藤 隆太郎,1,32,52,0,0,0.16,6.85,46.96,66.09,7.71,62.5,78.57,31.03,55.17,36.23,57.97
2026-09-09,4,11,2026-09-09 16:03:00,5,第23回サントリーカップ ほぼ女子戦,2,4478,櫻本 あゆみ,1,38,48,0,0,0.16,5.95,41.67,55.95,6.55,51.52,69.7,33.96,54.72,36.07,52.46
2026-09-09,4,11,2026-09-09 16:03:00,5,第23回サントリーカップ ほぼ女子戦,3,4791,黒澤 めぐみ,3,36,47,0,0,0.2,5.88,37.38,63.55,6.25,45,60,29.09,49.09,40.43,59.57
2026-09-09,4,11,2026-09-09 16:03:00,5,第23回サントリーカップ ほぼ女子戦,4,4501,樋口 由加里,3,38,45.5,0,0,0.15,5.09,32.61,44.57,5.53,31.58,68.42,26.67,40,34.55,56.36
2026-09-09,4,11,2026-09-09 16:03:00,5,第23回サントリーカップ ほぼ女子戦,5,5003,来田 衣織,3,30,47,0,0,0.16,4.87,34.04,46.81,4.28,24,40,23.21,35.71,34.09,56.82
2026-09-09,4,11,2026-09-09 16:03:00,5,第23回サントリーカップ ほぼ女子戦,6,4536,喜井 つかさ,2,36,47.1,1,0,0.16,5.81,40.38,57.69,5.91,27.27,72.73,28.89,51.11,36.67,50
2026-09-09,4,12,2026-09-09 16:38:00,5,第23回サントリーカップ ほぼ女子戦,1,4266,長田 頼宗,1,41,51.5,0,0,0.15,7.24,50,67.65,7.13,55.95,67.86,42.59,66.67,13.64,31.82
2026-09-09,4,12,2026-09-09 16:38:00,5,第23回サントリーカップ ほぼ女子戦,2,4690,高石 梨菜,4,32,48.4,0,0,,5.18,31.11,53.33,5.94,39.62,62.26,37.1,54.84,32.2,44.07
2026-09-09,4,12,2026-09-09 16:38:00,5,第23回サントリーカップ ほぼ女子戦,3,4895,門間 雄大,2,35,53.8,1,0,0.15,4.82,22.73,47.73,5.25,23.94,53.52,17.65,25.49,38.46,53.85
2026-09-09,4,12,2026-09-09 16:38:00,5,第23回サントリーカップ ほぼ女子戦,4,4730,土屋 実沙希,3,37,47.1,0,0,0.17,5.38,32.1,50.62,3.89,33.33,33.33,46.03,50.79,40.98,59.02
2026-09-09,4,12,2026-09-09 16:38:00,5,第23回サントリーカップ ほぼ女子戦,5,5253,藤井 太雅,4,23,52.5,1,0,0.27,3.36,6.9,20.69,3.73,17.86,27.38,28.85,51.92,44.44,59.26
2026-09-09,4,12,2026-09-09 16:38:00,5,第23回サントリーカップ ほぼ女子戦,6,4893,渡邉 真奈美,3,35,46,0,0,0.16,5.16,34.09,46.59,5.32,36.36,50,44.44,51.85,29.63,46.3
2026-09-09,5,1,2026-09-09 11:03:00,5,にっぽん未来プロジェクト競走in多摩川,1,2538,高橋 二朗,3,77,52,0,0,0.21,3.27,5.56,17.78,3.76,12.86,25.71,23.71,36.08,30.21,45.83
2026-09-09,5,1,2026-09-09 11:03:00,5,にっぽん未来プロジェクト競走in多摩川,2,5103,芝田 京介,4,28,52.3,0,0,0.2,4.04,26,32,2.65,5,25,30.85,47.87,26.51,40.96
2026-09-09,5,1,2026-09-09 11:03:00,5,にっぽん未来プロジェクト競走in多摩川,3,3990,芹澤 克彦,3,47,51.5,1,0,0.14,5.07,28.28,46.46,3.38,12.5,12.5,34.57,54.32,26.51,48.19
2026-09-09,5,1,2026-09-09 11:03:00,5,にっぽん未来プロジェクト競走in多摩川,4,4656,大崎 翔,2,39,56.1,0,0,0.16,4.84,31.18,46.24,5.34,34.29,51.43,21.43,38.1,30.88,45.59
2026-09-09,5,1,2026-09-09 11:03:00,5,にっぽん未来プロジェクト競走in多摩川,5,4420,津久井 拓也,2,38,53.1,0,0,0.16,5.77,39.5,53.78,5.09,28.57,48.57,30.26,48.68,28.89,47.78
2026-09-09,5,1,2026-09-09 11:03:00,5,にっぽん未来プロジェクト競走in多摩川,6,3934,鋤柄 貴俊,3,49,53.5,0,0,0.17,5.03,23.77,48.36,3.94,17.65,29.41,32.56,48.84,28.09,48.31
2026-09-09,5,2,2026-09-09 11:32:00,5,にっぽん未来プロジェクト競走in多摩川,1,4619,伏田 裕隆,3,43,52,0,0,0.17,5.64,41.9,53.33,5.1,37.93,51.72,38.68,45.28,21.92,39.73
2026-09-09,5,2,2026-09-09 11:32:00,5,にっぽん未来プロジェクト競走in多摩川,2,3772,一柳 和孝,3,52,52.8,0,0,0.16,4.86,22.78,46.84,5.17,30.43,45.65,35.56,51.11,19.4,28.36
2026-09-09,5,2,2026-09-09 11:32:00,5,にっぽん未来プロジェクト競走in多摩川,3,4227,安達 裕樹,2,43,52.3,1,0,0.16,5.82,32.29,50,5.33,28.26,54.35,32.93,51.22,38.14,47.42
2026-09-09,5,2,2026-09-09 11:32:00,5,にっぽん未来プロジェクト競走in多摩川,4,4565,西村 豪洋,3,38,54.1,0,0,0.18,4.04,14.58,32.29,6.17,38.89,66.67,23.26,39.53,37.89,55.79
2026-09-09,5,2,2026-09-09 11:32:00,5,にっぽん未来プロジェクト競走in多摩川,5,3582,吉川 昭男,2,53,53.5,0,0,0.17,6.25,47.57,59.22,6.67,58.97,71.79,37.38,59.81,40.4,57.58
2026-09-09,5,2,2026-09-09 11:32:00,5,にっぽん未来プロジェクト競走in多摩川,6,3740,大澤 普司,1,52,52.7,0,0,0.18,6.08,40.48,61.11,5.04,21.74,47.83,31.91,48.94,32.29,51.04
2026-09-09,5,3,2026-09-09 12:01:00,5,にっぽん未来プロジェクト競走in多摩川,1,5262,鈴木 章司,3,28,52.8,1,0,0.19,4.03,17.46,31.75,3.76,8,28,42.59,61.11,34.83,46.07
2026-09-09,5,3,2026-09-09 12:01:00,5,にっぽん未来プロジェクト競走in多摩川,2,3463,乙津 康志,3,59,52,0,0,0.19,4.54,24.44,46.67,4.79,23.08,42.31,32.97,47.25,26.58,34.18
2026-09-09,5,3,2026-09-09 12:01:00,5,にっぽん未来プロジェクト競走in多摩川,3,4430,永田 秀二,2,40,55.5,0,0,0.17,5.85,37.5,60.71,5.73,39.29,58.93,32.47,49.35,30.34,51.69
2026-09-09,5,3,2026-09-09 12:01:00,5,にっぽん未来プロジェクト競走in多摩川,4,4281,大澤 大夢,3,42,52.2,0,0,0.17,5.27,30.21,51.04,4.75,25,46.15,21.05,42.11,53.54,68.69
2026-09-09,5,3,2026-09-09 12:01:00,5,にっぽん未来プロジェクト競走in多摩川,5,4376,藤田 靖弘,2,42,53.2,0,0,0.15,5.66,41.18,54.62,6.3,43.48,60.87,22.73,40.91,48,63
2026-09-09,5,3,2026-09-09 12:01:00,5,にっぽん未来プロジェクト競走in多摩川,6,3997,北村 征嗣,1,47,53.4,0,0,0.16,6.02,38.21,60.16,6.1,28.57,66.67,29.47,47.37,30.61,42.86
2026-09-09,5,4,2026-09-09 12:31:00,5,にっぽん未来プロジェクト競走in多摩川,1,3848,川上 聡介,3,49,55.7,0,0,0.15,4.46,25.61,39.02,4.91,40,48.57,28.41,43.18,35.63,56.32
2026-09-09,5,4,2026-09-09 12:31:00,5,にっぽん未来プロジェクト競走in多摩川,2,3641,一瀬 明,1,55,52,0,0,0.17,6.03,41.88,60.68,6.28,40.79,64.47,35.05,55.67,25.61,54.88
2026-09-09,5,4,2026-09-09 12:31:00,5,にっぽん未来プロジェクト競走in多摩川,3,4645,上村 純一,1,46,52.5,0,0,0.14,6.56,45.13,68.14,7.03,50,68.42,28.24,43.53,27.08,41.67
2026-09-09,5,4,2026-09-09 12:31:00,5,にっぽん未来プロジェクト競走in多摩川,4,3507,藤井 徹,3,55,52,0,0,0.2,4.3,24.66,38.36,4.1,20,30,28.87,46.39,33,55
2026-09-09,5,4,2026-09-09 12:31:00,5,にっぽん未来プロジェクト競走in多摩川,5,4140,梶野 学志,2,45,53.6,1,0,0.15,6.08,46.77,61.29,5.79,43.9,60.98,30,46.67,30.95,41.67
2026-09-09,5,4,2026-09-09 12:31:00,5,にっぽん未来プロジェクト競走in多摩川,6,3489,大場 敏,2,59,52.2,0,0,0.16,6.02,45.04,58.02,5.55,28.57,50,35.16,50.55,24.71,41.18
2026-09-09,5,5,2026-09-09 13:01:00,5,にっぽん未来プロジェクト競走in多摩川,1,4031,飯島 誠,3,48,52,0,0,0.17,4.85,28.09,46.07,3.76,14.29,26.53,38.54,52.08,37.37,48.48
2026-09-09,5,5,2026-09-09 13:01:00,5,にっぽん未来プロジェクト競走in多摩川,2,3792,田中 豪,1,53,53.2,0,0,0.16,6.07,41.98,64.2,6.17,43.9,69.51,32.56,47.67,29.9,43.3
2026-09-09,5,5,2026-09-09 13:01:00,5,にっぽん未来プロジェクト競走in多摩川,3,3713,伊藤 誠二,1,51,53.5,1,0,0.15,5.02,35.11,45.74,5.74,37.14,57.14,25.93,37.04,33.33,47.47
2026-09-09,5,5,2026-09-09 13:01:00,5,にっぽん未来プロジェクト競走in多摩川,4,3977,山本 兼士,3,49,52.3,0,0,0.18,4.3,15.63,37.5,4.75,25,44.44,21.69,36.14,25.97,61.04
2026-09-09,5,5,2026-09-09 13:01:00,5,にっぽん未来プロジェクト競走in多摩川,5,4587,木田 峰由季,1,35,53.8,1,0,0.17,5.77,43.68,55.17,5.44,29.63,59.26,21.59,37.5,28.57,42.86
2026-09-09,5,5,2026-09-09 13:01:00,5,にっぽん未来プロジェクト競走in多摩川,6,4055,吉田 俊彦,2,48,52,0,0,0.15,6.8,53.79,70.45,6.78,50,69.57,28.72,60.64,30.26,39.47
2026-09-09,5,6,2026-09-09 13:31:00,5,にっぽん未来プロジェクト競走in多摩川,1,4470,平田 健之佑,2,39,52,0,0,0.15,6.46,50,65.85,6.87,56.6,69.81,32.58,51.69,39.36,52.13
2026-09-09,5,6,2026-09-09 13:31:00,5,にっぽん未来プロジェクト競走in多摩川,2,3813,佐藤 大介,1,50,53.4,0,0,0.16,6.55,44.9,70.41,6.53,52.94,70.59,31.71,48.78,25.88,47.06
2026-09-09,5,6,2026-09-09 13:31:00,5,にっぽん未来プロジェクト競走in多摩川,3,3635,石田 政吾,3,55,52,0,0,0.17,4.86,30.23,50,3.5,0,50,29.11,40.51,41.84,64.29
2026-09-09,5,6,2026-09-09 13:31:00,5,にっぽん未来プロジェクト競走in多摩川,4,5433,米本 圭佑,4,21,51.5,0,0,0.24,2.16,2.99,7.46,1.17,0,0,37.21,54.65,34.44,55.56
2026-09-09,5,6,2026-09-09 13:31:00,5,にっぽん未来プロジェクト競走in多摩川,5,3965,北中 元樹,1,47,52.7,0,0,0.17,5.82,40.35,55.26,6.23,50,65.38,33.73,46.99,43.62,62.77
2026-09-09,5,6,2026-09-09 13:31:00,5,にっぽん未来プロジェクト競走in多摩川,6,3990,芹澤 克彦,3,47,51.5,1,0,0.14,5.07,28.28,46.46,3.38,12.5,12.5,34.57,54.32,26.51,48.19
2026-09-09,5,7,2026-09-09 14:01:00,5,にっぽん未来プロジェクト競走in多摩川,1,4656,大崎 翔,2,39,56.1,0,0,0.16,4.84,31.18,46.24,5.34,34.29,51.43,21.43,38.1,30.88,45.59
2026-09-09,5,7,2026-09-09 14:01:00,5,にっぽん未来プロジェクト競走in多摩川,2,4491,田中 堅,3,39,51,0,0,0.2,4.32,24.47,40.43,5,28.57,48.57,18.42,35.53,22.89,33.73
2026-09-09,5,7,2026-09-09 14:01:00,5,にっぽん未来プロジェクト競走in多摩川,3,4465,大西 賢,3,40,52,0,0,0.2,4.71,21.54,41.54,3.78,12.2,26.83,35.64,58.42,25,39.29
2026-09-09,5,7,2026-09-09 14:01:00,5,にっぽん未来プロジェクト競走in多摩川,4,5262,鈴木 章司,3,28,52.8,1,0,0.19,4.03,17.46,31.75,3.76,8,28,42.59,61.11,34.83,46.07
2026-09-09,5,7,2026-09-09 14:01:00,5,にっぽん未来プロジェクト競走in多摩川,5,5042,畑田 汰一,1,27,52,2,0,0.12,6.61,53.19,68.09,5.07,22.22,48.15,34.02,47.42,30.61,50
2026-09-09,5,7,2026-09-09 14:01:00,5,にっぽん未来プロジェクト競走in多摩川,6,3582,吉川 昭男,2,53,53.5,0,0,0.17,6.25,47.57,59.22,6.67,58.97,71.79,37.38,59.81,40.4,57.58
2026-09-09,5,8,2026-09-09 14:32:00,5,にっぽん未来プロジェクト競走in多摩川,1,4430,永田 秀二,2,40,55.5,0,0,0.17,5.85,37.5,60.71,5.73,39.29,58.93,32.47,49.35,30.34,51.69
2026-09-09,5,8,2026-09-09 14:32:00,5,にっぽん未来プロジェクト競走in多摩川,2,3647,伊藤 雄二,3,53,48,0,0,0.18,3.33,10.53,23.16,3.81,16.13,25.81,29.07,46.51,35.11,54.26
2026-09-09,5,8,2026-09-09 14:32:00,5,にっぽん未来プロジェクト競走in多摩川,3,4146,柳橋 宏紀,2,44,52.9,0,0,0.14,4.94,27.96,44.09,4.5,12.5,50,34.38,44.79,21.43,40.48
2026-09-09,5,8,2026-09-09 14:32:00,5,にっぽん未来プロジェクト競走in多摩川,4,3934,鋤柄 貴俊,3,49,53.5,0,0,0.17,5.03,23.77,48.36,3.94,17.65,29.41,32.56,48.84,28.09,48.31
2026-09-09,5,8,2026-09-09 14:32:00,5,にっぽん未来プロジェクト競走in多摩川,5,3947,寺本 昇平,3,50,49,0,0,0.19,4.34,20,35.56,4.4,14.29,37.14,17.81,32.88,44.9,57.14
2026-09-09,5,8,2026-09-09 14:32:00,5,にっぽん未来プロジェクト競走in多摩川,6,5449,堀井 涼平,4,23,49.5,1,0,,1.45,5.26,5.26,1,0,0,37,56,23.81,35.71
2026-09-09,5,9,2026-09-09 15:04:00,5,にっぽん未来プロジェクト競走in多摩川,1,4140,梶野 学志,2,45,53.6,1,0,0.15,6.08,46.77,61.29,5.79,43.9,60.98,30,46.67,30.95,41.67
2026-09-09,5,9,2026-09-09 15:04:00,5,にっぽん未来プロジェクト競走in多摩川,2,4210,松村 康太,2,43,53.3,0,0,0.17,5.3,27.52,50.46,5.11,26.32,47.37,48.35,69.23,39.39,56.57
2026-09-09,5,9,2026-09-09 15:04:00,5,にっぽん未来プロジェクト競走in多摩川,3,4055,吉田 俊彦,2,48,52,0,0,0.15,6.8,53.79,70.45,6.78,50,69.57,28.72,60.64,30.26,39.47
2026-09-09,5,9,2026-09-09 15:04:00,5,にっぽん未来プロジェクト競走in多摩川,4,3519,冨田 秀幸,3,58,52.1,1,0,0.16,3.91,16.22,29.73,3.98,20,35,26.67,42.22,36.46,52.08
2026-09-09,5,9,2026-09-09 15:04:00,5,にっぽん未来プロジェクト競走in多摩川,5,4227,安達 裕樹,2,43,52.3,1,0,0.16,5.82,32.29,50,5.33,28.26,54.35,32.93,51.22,38.14,47.42
2026-09-09,5,9,2026-09-09 15:04:00,5,にっぽん未来プロジェクト競走in多摩川,6,4281,大澤 大夢,3,42,52.2,0,0,0.17,5.27,30.21,51.04,4.75,25,46.15,21.05,42.11,53.54,68.69
2026-09-09,5,10,2026-09-09 15:37:00,5,にっぽん未来プロジェクト競走in多摩川,1,3965,北中 元樹,1,47,52.7,0,0,0.17,5.82,40.35,55.26,6.23,50,65.38,33.73,46.99,43.62,62.77
2026-09-09,5,10,2026-09-09 15:37:00,5,にっぽん未来プロジェクト競走in多摩川,2,3489,大場 敏,2,59,52.2,0,0,0.16,6.02,45.04,58.02,5.55,28.57,50,35.16,50.55,24.71,41.18
2026-09-09,5,10,2026-09-09 15:37:00,5,にっぽん未来プロジェクト競走in多摩川,3,3463,乙津 康志,3,59,52,0,0,0.19,4.54,24.44,46.67,4.79,23.08,42.31,32.97,47.25,26.58,34.18
2026-09-09,5,10,2026-09-09 15:37:00,5,にっぽん未来プロジェクト競走in多摩川,4,4420,津久井 拓也,2,38,53.1,0,0,0.16,5.77,39.5,53.78,5.09,28.57,48.57,30.26,48.68,28.89,47.78
2026-09-09,5,10,2026-09-09 15:37:00,5,にっぽん未来プロジェクト競走in多摩川,5,3713,伊藤 誠二,1,51,53.5,1,0,0.15,5.02,35.11,45.74,5.74,37.14,57.14,25.93,37.04,33.33,47.47
2026-09-09,5,10,2026-09-09 15:37:00,5,にっぽん未来プロジェクト競走in多摩川,6,3772,一柳 和孝,3,52,52.8,0,0,0.16,4.86,22.78,46.84,5.17,30.43,45.65,35.56,51.11,19.4,28.36
2026-09-09,5,11,2026-09-09 16:11:00,5,にっぽん未来プロジェクト競走in多摩川,1,4587,木田 峰由季,1,35,53.8,1,0,0.17,5.77,43.68,55.17,5.44,29.63,59.26,21.59,37.5,28.57,42.86
2026-09-09,5,11,2026-09-09 16:11:00,5,にっぽん未来プロジェクト競走in多摩川,2,4035,杉江 浩明,3,47,51.5,0,0,0.21,3.59,21,32,3.29,19.35,22.58,22.22,32.1,25.93,48.15
2026-09-09,5,11,2026-09-09 16:11:00,5,にっぽん未来プロジェクト競走in多摩川,3,4619,伏田 裕隆,3,43,52,0,0,0.17,5.64,41.9,53.33,5.1,37.93,51.72,38.68,45.28,21.92,39.73
2026-09-09,5,11,2026-09-09 16:11:00,5,にっぽん未来プロジェクト競走in多摩川,4,3641,一瀬 明,1,55,52,0,0,0.17,6.03,41.88,60.68,6.28,40.79,64.47,35.05,55.67,25.61,54.88
2026-09-09,5,11,2026-09-09 16:11:00,5,にっぽん未来プロジェクト競走in多摩川,5,4470,平田 健之佑,2,39,52,0,0,0.15,6.46,50,65.85,6.87,56.6,69.81,32.58,51.69,39.36,52.13
2026-09-09,5,11,2026-09-09 16:11:00,5,にっぽん未来プロジェクト競走in多摩川,6,4376,藤田 靖弘,2,42,53.2,0,0,0.15,5.66,41.18,54.62,6.3,43.48,60.87,22.73,40.91,48,63
2026-09-09,5,12,2026-09-09 16:46:00,5,にっぽん未来プロジェクト競走in多摩川,1,3792,田中 豪,1,53,53.2,0,0,0.16,6.07,41.98,64.2,6.17,43.9,69.51,32.56,47.67,29.9,43.3
2026-09-09,5,12,2026-09-09 16:46:00,5,にっぽん未来プロジェクト競走in多摩川,2,5042,畑田 汰一,1,27,52,2,0,0.12,6.61,53.19,68.09,5.07,22.22,48.15,34.02,47.42,30.61,50
2026-09-09,5,12,2026-09-09 16:46:00,5,にっぽん未来プロジェクト競走in多摩川,3,3997,北村 征嗣,1,47,53.4,0,0,0.16,6.02,38.21,60.16,6.1,28.57,66.67,29.47,47.37,30.61,42.86
2026-09-09,5,12,2026-09-09 16:46:00,5,にっぽん未来プロジェクト競走in多摩川,4,3740,大澤 普司,1,52,52.7,0,0,0.18,6.08,40.48,61.11,5.04,21.74,47.83,31.91,48.94,32.29,51.04
2026-09-09,5,12,2026-09-09 16:46:00,5,にっぽん未来プロジェクト競走in多摩川,5,3813,佐藤 大介,1,50,53.4,0,0,0.16,6.55,44.9,70.41,6.53,52.94,70.59,31.71,48.78,25.88,47.06
2026-09-09,5,12,2026-09-09 16:46:00,5,にっぽん未来プロジェクト競走in多摩川,6,4645,上村 純一,1,46,52.5,0,0,0.14,6.56,45.13,68.14,7.03,50,68.42,28.24,43.53,27.08,41.67
2026-09-09,11,1,2026-09-09 10:38:00,5,ルーキーシリーズ第16戦 スカパー!・JLC杯,1,5157,市川 健太,3,28,54.8,0,0,0.17,4.24,27.08,37.5,4.74,23.92,43.54,35.56,54.44,40.43,59.57
2026-09-09,11,1,2026-09-09 10:38:00,5,ルーキーシリーズ第16戦 スカパー!・JLC杯,2,5177,松井 貫太,3,30,51.5,0,0,0.2,4.49,20.72,38.74,2.87,8.7,13.04,27.27,46.59,22.62,44.05
2026-09-09,11,1,2026-09-09 10:38:00,5,ルーキーシリーズ第16戦 スカパー!・JLC杯,3,5329,金子 龍斗,3,22,50.5,1,0,0.16,4.64,28.81,40.68,4.04,28,32,31.11,46.67,38.95,57.89
2026-09-09,11,1,2026-09-09 10:38:00,5,ルーキーシリーズ第16戦 スカパー!・JLC杯,4,5290,坂本 一真,3,25,52.4,0,0,0.17,3.04,9.26,20.37,1.17,0,0,44.79,64.58,45.92,74.49
2026-09-09,11,1,2026-09-09 10:38:00,5,ルーキーシリーズ第16戦 スカパー!・JLC杯,5,5421,原田 朱理,4,24,52.4,0,0,0.24,1.43,1.96,3.92,1.22,0,0,30.77,47.25,36.56,51.61
2026-09-09,11,1,2026-09-09 10:38:00,5,ルーキーシリーズ第16戦 スカパー!・JLC杯,6,5343,小林 礼央,3,23,52.2,0,0,0.16,4.13,19.78,37.36,2.2,8,8,27.63,43.42,34.38,48.96
2026-09-09,11,2,2026-09-09 11:06:00,5,ルーキーシリーズ第16戦 スカパー!・JLC杯,1,5152,丸山 祐也,3,31,51,0,0,0.23,3.07,2.74,17.81,3.33,0,13.33,30,48.89,34.83,53.93
2026-09-09,11,2,2026-09-09 11:06:00,5,ルーキーシリーズ第16戦 スカパー!・JLC杯,2,5167,小川 竜太朗,3,26,52.3,0,0,0.16,5.39,34.72,52.78,4.79,31.58,42.11,22.83,36.96,30,47.78
2026-09-09,11,2,2026-09-09 11:06:00,5,ルーキーシリーズ第16戦 スカパー!・JLC杯,3,5216,長谷川 晴哉,1,26,52.8,0,0,0.17,5.91,39.34,61.48,5.17,36.67,43.33,32.26,55.91,22.22,40.74
2026-09-09,11,2,2026-09-09 11:06:00,5,ルーキーシリーズ第16戦 スカパー!・JLC杯,4,5179,藤本 元輝,3,29,52.2,0,0,0.2,4.81,31.91,46.81,4.43,25,39.29,28.41,44.32,40.63,58.33
2026-09-09,11,2,2026-09-09 11:06:00,5,ルーキーシリーズ第16戦 スカパー!・JLC杯,5,5379,廣部 大明,3,22,53,0,0,0.2,3.34,10.96,23.29,2.5,5.88,12.75,28.41,40.91,28.57,46.15
2026-09-09,11,2,2026-09-09 11:06:00,5,ルーキーシリーズ第16戦 スカパー!・JLC杯,6,5247,大森 翼,3,24,52.1,1,0,0.18,4.42,17.48,45.63,2.56,5.56,11.11,25.26,42.11,22.47,41.57
2026-09-09,11,3,2026-09-09 11:45:00,5,ルーキーシリーズ第16戦 スカパー!・JLC杯,1,5134,大原 祥昌,2,27,52.9,0,0,0.15,5.61,39.36,58.51,3.33,0,33.33,41.3,55.43,36.54,59.62
2026-09-09,11,3,2026-09-09 11:45:00,5,ルーキーシリーズ第16戦 スカパー!・JLC杯,2,5354,渡邊 雄斗,3,21,52,0,0,0.19,4.29,23.08,38.46,2.52,11.11,22.22,22.58,37.1,37.5,47.73
2026-09-09,11,3,2026-09-09 11:45:00,5,ルーキーシリーズ第16戦 スカパー!・JLC杯,3,5226,藤田 俊祐,3,24,52.3,0,0,0.16,5.8,36.67,56.67,6.43,50,64.29,45.45,58.59,30.85,45.74
2026-09-09,11,3,2026-09-09 11:45:00,5,ルーキーシリーズ第16戦 スカパー!・JLC杯,4,5246,楠 将太郎,2,24,52,0,0,0.17,5.07,34.67,49.33,3.17,16.67,16.67,29.11,43.04,47.06,60.78
2026-09-09,11,3,2026-09-09 11:45:00,5,ルーキーシリーズ第16戦 スカパー!・JLC杯,5,5460,早川 理稀,4,20,53.2,0,0,,1.56,0,4.55,1.29,0,0,31.25,39.58,38.38,51.52
2026-09-09,11,3,2026-09-09 11:45:00,5,ルーキーシリーズ第16戦 スカパー!・JLC杯,6,5268,山本 幸也,3,25,55.8,0,0,0.2,3.87,16.67,28.21,4.67,16.67,16.67,33.72,55.81,31.11,51.11
2026-09-09,11,4,2026-09-09 12:14:00,5,ルーキーシリーズ第16戦 スカパー!・JLC杯,1,5136,濱野 斗馬,1,26,54,0,0,0.14,6.13,47.58,61.29,6.5,46,66,40.66,57.14,29.07,47.67
2026-09-09,11,4,2026-09-09 12:14:00,5,ルーキーシリーズ第16戦 スカパー!・JLC杯,2,5154,村松 栄太,3,30,52.6,0,0,0.18,4.49,24.74,38.14,4.69,15.38,42.31,46.46,56.57,34.44,53.33
2026-09-09,11,4,2026-09-09 12:14:00,5,ルーキーシリーズ第16戦 スカパー!・JLC杯,3,5275,松田 淳平,1,24,52.7,1,0,0.13,6.6,51.52,65.66,4.47,23.68,39.47,37.36,61.54,29.21,40.45
2026-09-09,11,4,2026-09-09 12:14:00,5,ルーキーシリーズ第16戦 スカパー!・JLC杯,4,5368,宮崎 心之介,3,24,52.1,0,0,0.17,6.65,50.65,67.53,1.75,0,0,37.74,54.72,25.58,37.21
2026-09-09,11,4,2026-09-09 12:14:00,5,ルーキーシリーズ第16戦 スカパー!・JLC杯,5,5238,笹木 香吾,2,26,53.5,1,0,0.15,5.98,46.99,54.22,5.38,37.93,41.38,27.47,43.96,39.6,65.35
2026-09-09,11,4,2026-09-09 12:14:00,5,ルーキーシリーズ第16戦 スカパー!・JLC杯,6,5377,鳥居塚 嶺王,3,22,50.5,1,0,0.18,4.97,29.49,47.44,0,0,0,29.47,55.79,42.53,57.47
2026-09-09,11,5,2026-09-09 12:44:00,5,ルーキーシリーズ第16戦 スカパー!・JLC杯,1,5106,山崎 祥,2,27,52.2,0,0,0.19,5.49,34.83,56.18,5.71,50,57.14,29.55,47.73,40,58
2026-09-09,11,5,2026-09-09 12:44:00,5,ルーキーシリーズ第16戦 スカパー!・JLC杯,2,5186,遠藤 圭吾,3,26,52.3,0,0,0.19,4.51,27.37,41.05,4.73,27.27,45.45,38.1,52.38,9.09,25.97
2026-09-09,11,5,2026-09-09 12:44:00,5,ルーキーシリーズ第16戦 スカパー!・JLC杯,3,5221,竹間 隆晟,1,25,53.6,0,0,0.15,6.7,50.51,67.68,6.3,40,70,46.81,59.57,17.95,42.31
2026-09-09,11,5,2026-09-09 12:44:00,5,ルーキーシリーズ第16戦 スカパー!・JLC杯,4,5177,松井 貫太,3,30,51.5,0,0,0.2,4.49,20.72,38.74,2.87,8.7,13.04,27.27,46.59,22.62,44.05
2026-09-09,11,5,2026-09-09 12:44:00,5,ルーキーシリーズ第16戦 スカパー!・JLC杯,5,5376,吉田 一心,3,22,52,0,0,0.17,5.67,42.06,55.14,1.4,0,0,37.08,46.07,41.18,55.88
2026-09-09,11,5,2026-09-09 12:44:00,5,ルーキーシリーズ第16戦 スカパー!・JLC杯,6,5273,山下 拓巳,3,25,52,1,0,0.17,3.8,20.22,28.09,2.98,9.52,11.9,31.52,46.74,23.08,40.66
2026-09-09,11,6,2026-09-09 13:15:00,5,ルーキーシリーズ第16戦 スカパー!・JLC杯,1,5060,数原 魁,2,29,52,0,0,0.17,5.85,40.21,57.73,5.82,35.29,64.71,27.06,45.88,32.97,60.44
2026-09-09,11,6,2026-09-09 13:15:00,5,ルーキーシリーズ第16戦 スカパー!・JLC杯,2,5234,塚越 海斗,1,28,52.5,0,0,0.15,6.72,54.31,69.83,5.88,37.5,56.25,42.11,61.05,27.59,47.13
2026-09-09,11,6,2026-09-09 13:15:00,5,ルーキーシリーズ第16戦 スカパー!・JLC杯,3,5343,小林 礼央,3,23,52.2,0,0,0.16,4.13,19.78,37.36,2.2,8,8,27.63,43.42,34.38,48.96
2026-09-09,11,6,2026-09-09 13:15:00,5,ルーキーシリーズ第16戦 スカパー!・JLC杯,4,5303,土井 歩夢,2,23,52.2,0,0,0.19,5.98,38,62,5.57,25,57.14,32.22,51.11,31.52,40.22
2026-09-09,11,6,2026-09-09 13:15:00,5,ルーキーシリーズ第16戦 スカパー!・JLC杯,5,5421,原田 朱理,4,24,52.4,0,0,0.24,1.43,1.96,3.92,1.22,0,0,30.77,47.25,36.56,51.61
2026-09-09,11,6,2026-09-09 13:15:00,5,ルーキーシリーズ第16戦 スカパー!・JLC杯,6,5210,藤井 公人,2,27,56.6,1,0,0.15,5.69,40.21,54.64,3.67,5.56,27.78,34.07,52.75,41.41,60.61
2026-09-09,11,7,2026-09-09 13:43:00,5,ルーキーシリーズ第16戦 スカパー!・JLC杯,1,5298,水谷 理人,1,24,51.5,0,0,0.16,7.21,57.26,72.65,5.7,40,60,36.17,51.06,44.09,55.91
2026-09-09,11,7,2026-09-09 13:43:00,5,ルーキーシリーズ第16戦 スカパー!・JLC杯,2,5379,廣部 大明,3,22,53,0,0,0.2,3.34,10.96,23.29,2.5,5.88,12.75,28.41,40.91,28.57,46.15
2026-09-09,11,7,2026-09-09 13:43:00,5,ルーキーシリーズ第16戦 スカパー!・JLC杯,3,5268,山本 幸也,3,25,55.8,0,0,0.2,3.87,16.67,28.21,4.67,16.67,16.67,33.72,55.81,31.11,51.11
2026-09-09,11,7,2026-09-09 13:43:00,5,ルーキーシリーズ第16戦 スカパー!・JLC杯,4,5329,金子 龍斗,3,22,50.5,1,0,0.16,4.64,28.81,40.68,4.04,28,32,31.11,46.67,38.95,57.89
2026-09-09,11,7,2026-09-09 13:43:00,5,ルーキーシリーズ第16戦 スカパー!・JLC杯,5,5460,早川 理稀,4,20,53.2,0,0,,1.56,0,4.55,1.29,0,0,31.25,39.58,38.38,51.52
2026-09-09,11,7,2026-09-09 13:43:00,5,ルーキーシリーズ第16戦 スカパー!・JLC杯,6,5179,藤本 元輝,3,29,52.2,0,0,0.2,4.81,31.91,46.81,4.43,25,39.29,28.41,44.32,40.63,58.33
2026-09-09,11,8,2026-09-09 14:16:00,5,ルーキーシリーズ第16戦 スカパー!・JLC杯,1,5368,宮崎 心之介,3,24,52.1,0,0,0.17,6.65,50.65,67.53,1.75,0,0,37.74,54.72,25.58,37.21
2026-09-09,11,8,2026-09-09 14:16:00,5,ルーキーシリーズ第16戦 スカパー!・JLC杯,2,5276,大島 隆乃介,3,24,52,0,0,0.17,4.86,24.14,47.13,3.19,6.25,18.75,31.11,50,29.07,46.51
2026-09-09,11,8,2026-09-09 14:16:00,5,ルーキーシリーズ第16戦 スカパー!・JLC杯,3,5238,笹木 香吾,2,26,53.5,1,0,0.15,5.98,46.99,54.22,5.38,37.93,41.38,27.47,43.96,39.6,65.35
2026-09-09,11,8,2026-09-09 14:16:00,5,ルーキーシリーズ第16戦 スカパー!・JLC杯,4,5199,垂水 悠,3,24,56.3,0,0,0.11,4.83,31.82,43.18,3.88,5.88,35.29,31.18,46.24,32.61,46.74
2026-09-09,11,8,2026-09-09 14:16:00,5,ルーキーシリーズ第16戦 スカパー!・JLC杯,5,5226,藤田 俊祐,3,24,52.3,0,0,0.16,5.8,36.67,56.67,6.43,50,64.29,45.45,58.59,30.85,45.74
2026-09-09,11,8,2026-09-09 14:16:00,5,ルーキーシリーズ第16戦 スカパー!・JLC杯,6,5010,宇留田 翔平,2,29,54.3,1,0,0.14,5.75,39.81,62.14,5.59,38.46,56.41,43.48,60.87,42.39,54.35
2026-09-09,11,9,2026-09-09 14:45:00,5,ルーキーシリーズ第16戦 スカパー!・JLC杯,1,5376,吉田 一心,3,22,52,0,0,0.17,5.67,42.06,55.14,1.4,0,0,37.08,46.07,41.18,55.88
2026-09-09,11,9,2026-09-09 14:45:00,5,ルーキーシリーズ第16戦 スカパー!・JLC杯,2,5246,楠 将太郎,2,24,52,0,0,0.17,5.07,34.67,49.33,3.17,16.67,16.67,29.11,43.04,47.06,60.78
2026-09-09,11,9,2026-09-09 14:45:00,5,ルーキーシリーズ第16戦 スカパー!・JLC杯,3,5186,遠藤 圭吾,3,26,52.3,0,0,0.19,4.51,27.37,41.05,4.73,27.27,45.45,38.1,52.38,9.09,25.97
2026-09-09,11,9,2026-09-09 14:45:00,5,ルーキーシリーズ第16戦 スカパー!・JLC杯,4,5275,松田 淳平,1,24,52.7,1,0,0.13,6.6,51.52,65.66,4.47,23.68,39.47,37.36,61.54,29.21,40.45
2026-09-09,11,9,2026-09-09 14:45:00,5,ルーキーシリーズ第16戦 スカパー!・JLC杯,5,5388,佐野 優都,3,19,52,2,0,0.14,3.22,10.2,22.45,0,0,0,13.95,33.72,46.24,59.14
2026-09-09,11,9,2026-09-09 14:45:00,5,ルーキーシリーズ第16戦 スカパー!・JLC杯,6,5130,上野 拓馬,3,28,53,0,0,0.18,4.75,22.11,44.21,3.37,15.79,21.05,34.09,46.59,20.78,36.36
2026-09-09,11,10,2026-09-09 15:25:00,5,ルーキーシリーズ第16戦 スカパー!・JLC杯,1,5216,長谷川 晴哉,1,26,52.8,0,0,0.17,5.91,39.34,61.48,5.17,36.67,43.33,32.26,55.91,22.22,40.74
2026-09-09,11,10,2026-09-09 15:25:00,5,ルーキーシリーズ第16戦 スカパー!・JLC杯,2,5136,濱野 斗馬,1,26,54,0,0,0.14,6.13,47.58,61.29,6.5,46,66,40.66,57.14,29.07,47.67
2026-09-09,11,10,2026-09-09 15:25:00,5,ルーキーシリーズ第16戦 スカパー!・JLC杯,3,5157,市川 健太,3,28,54.8,0,0,0.17,4.24,27.08,37.5,4.74,23.92,43.54,35.56,54.44,40.43,59.57
2026-09-09,11,10,2026-09-09 15:25:00,5,ルーキーシリーズ第16戦 スカパー!・JLC杯,4,5106,山崎 祥,2,27,52.2,0,0,0.19,5.49,34.83,56.18,5.71,50,57.14,29.55,47.73,40,58
2026-09-09,11,10,2026-09-09 15:25:00,5,ルーキーシリーズ第16戦 スカパー!・JLC杯,5,5354,渡邊 雄斗,3,21,52,0,0,0.19,4.29,23.08,38.46,2.52,11.11,22.22,22.58,37.1,37.5,47.73
2026-09-09,11,10,2026-09-09 15:25:00,5,ルーキーシリーズ第16戦 スカパー!・JLC杯,6,5234,塚越 海斗,1,28,52.5,0,0,0.15,6.72,54.31,69.83,5.88,37.5,56.25,42.11,61.05,27.59,47.13
2026-09-09,11,11,2026-09-09 15:58:00,5,ルーキーシリーズ第16戦 スカパー!・JLC杯,1,5221,竹間 隆晟,1,25,53.6,0,0,0.15,6.7,50.51,67.68,6.3,40,70,46.81,59.57,17.95,42.31
2026-09-09,11,11,2026-09-09 15:58:00,5,ルーキーシリーズ第16戦 スカパー!・JLC杯,2,5134,大原 祥昌,2,27,52.9,0,0,0.15,5.61,39.36,58.51,3.33,0,33.33,41.3,55.43,36.54,59.62
2026-09-09,11,11,2026-09-09 15:58:00,5,ルーキーシリーズ第16戦 スカパー!・JLC杯,3,5298,水谷 理人,1,24,51.5,0,0,0.16,7.21,57.26,72.65,5.7,40,60,36.17,51.06,44.09,55.91
2026-09-09,11,11,2026-09-09 15:58:00,5,ルーキーシリーズ第16戦 スカパー!・JLC杯,4,5060,数原 魁,2,29,52,0,0,0.17,5.85,40.21,57.73,5.82,35.29,64.71,27.06,45.88,32.97,60.44
2026-09-09,11,11,2026-09-09 15:58:00,5,ルーキーシリーズ第16戦 スカパー!・JLC杯,5,5167,小川 竜太朗,3,26,52.3,0,0,0.16,5.39,34.72,52.78,4.79,31.58,42.11,22.83,36.96,30,47.78
2026-09-09,11,11,2026-09-09 15:58:00,5,ルーキーシリーズ第16戦 スカパー!・JLC杯,6,5154,村松 栄太,3,30,52.6,0,0,0.18,4.49,24.74,38.14,4.69,15.38,42.31,46.46,56.57,34.44,53.33
2026-09-09,11,12,2026-09-09 16:29:00,5,ルーキーシリーズ第16戦 スカパー!・JLC杯,1,5018,竹下 大樹,1,27,53.3,0,0,0.14,6.87,51.56,74.22,6.3,40,70,23.4,38.3,33.7,51.09
2026-09-09,11,12,2026-09-09 16:29:00,5,ルーキーシリーズ第16戦 スカパー!・JLC杯,2,5280,廣瀬 凜,1,23,51,0,0,0.16,6.93,52.07,75.21,5.74,35.52,57.92,45.45,71.72,26.88,45.16
2026-09-09,11,12,2026-09-09 16:29:00,5,ルーキーシリーズ第16戦 スカパー!・JLC杯,3,5255,藤原 仙二,1,22,52.6,1,0,0.18,6.56,47,69,6.81,52.63,73.68,25.56,36.67,32.63,52.63
2026-09-09,11,12,2026-09-09 16:29:00,5,ルーキーシリーズ第16戦 スカパー!・JLC杯,4,5222,津田 陸翔,1,25,52,1,0,0.17,6.17,46.36,63.64,4.2,10,40,33.71,48.31,39.36,55.32
2026-09-09,11,12,2026-09-09 16:29:00,5,ルーキーシリーズ第16戦 スカパー!・JLC杯,5,5212,西川 拓利,2,27,52.4,0,0,0.13,6.29,45.71,67.62,3.17,8.33,20.83,39.13,56.52,23.26,38.37
2026-09-09,11,12,2026-09-09 16:29:00,5,ルーキーシリーズ第16戦 スカパー!・JLC杯,6,5135,仲 航太,3,26,53,1,0,0.19,5.7,43.75,58.75,6,45.45,54.55,34,54,41.38,56.32
2026-09-09,13,1,2026-09-09 10:41:00,5,第25回報知ローズカップ争奪戦,1,3643,米田 隆弘,3,54,53.3,0,0,0.18,5.35,29.76,53.57,5.37,39.13,50,24.3,39.25,32.38,56.19
2026-09-09,13,1,2026-09-09 10:41:00,5,第25回報知ローズカップ争奪戦,2,3838,伊藤 啓三,3,51,52.7,0,0,0.16,5.44,33.33,56.99,5.15,30,50,43.4,66.98,17.82,32.67
2026-09-09,13,1,2026-09-09 10:41:00,5,第25回報知ローズカップ争奪戦,3,4308,河村 了,1,42,52,0,0,0.17,6.73,46.55,70.69,7.14,60.71,71.43,46.73,64.49,32.04,50.49
2026-09-09,13,1,2026-09-09 10:41:00,5,第25回報知ローズカップ争奪戦,4,3577,向所 浩二,3,53,58.5,0,0,0.17,4.34,17.11,36.84,4.87,28.89,42.22,37.04,51.85,29.81,46.15
2026-09-09,13,1,2026-09-09 10:41:00,5,第25回報知ローズカップ争奪戦,5,5372,上岡 巧汰,4,23,52.7,1,0,0.15,2.08,3.33,10,3,0,25,45.37,55.56,36.54,52.88
2026-09-09,13,1,2026-09-09 10:41:00,5,第25回報知ローズカップ争奪戦,6,2878,富山 弘幸,3,68,52.5,0,0,0.17,5.54,31.76,58.82,6.17,44.44,66.67,44.44,61.11,28.04,43.93
2026-09-09,13,2,2026-09-09 11:09:00,5,第25回報知ローズカップ争奪戦,1,3584,佐々木 英樹,3,53,52.6,0,0,0.17,4.98,33.68,50.53,5.12,32,48,20.62,29.9,29.52,40
2026-09-09,13,2,2026-09-09 11:09:00,5,第25回報知ローズカップ争奪戦,2,4079,出畑 孝典,2,47,52,0,0,0.19,6.06,41.18,61.03,5.64,18.18,72.73,35.24,45.71,23.76,45.54
2026-09-09,13,2,2026-09-09 11:09:00,5,第25回報知ローズカップ争奪戦,3,4750,井上 尚悟,3,39,52,0,0,0.16,5.32,34.44,50,4.6,20,48,30.48,44.76,29.13,48.54
2026-09-09,13,2,2026-09-09 11:09:00,5,第25回報知ローズカップ争奪戦,4,5448,福田 柊人,4,23,51,0,0,,1.14,0,0,0,0,0,27.18,40.78,43.27,59.62
2026-09-09,13,2,2026-09-09 11:09:00,5,第25回報知ローズカップ争奪戦,5,5089,前田 翔,1,26,52,0,0,0.16,7.2,57.61,77.17,7.2,53.33,86.67,40.91,50.91,29.52,44.76
2026-09-09,13,2,2026-09-09 11:09:00,5,第25回報知ローズカップ争奪戦,6,3731,高濱 芳久,3,53,52.8,0,0,0.19,4.76,25.3,49.4,4.4,28.57,34.29,27.72,49.5,32.35,50.98
2026-09-09,13,3,2026-09-09 11:35:00,5,第25回報知ローズカップ争奪戦,1,4515,藤田 浩人,2,40,53,0,0,0.17,5.53,33.88,59.5,5.36,36.36,63.64,54.81,66.35,20,41.05
2026-09-09,13,3,2026-09-09 11:35:00,5,第25回報知ローズカップ争奪戦,2,4247,齊藤 優,3,44,53.4,0,0,0.17,5.3,32.56,51.16,4.29,16.67,28.57,27.55,39.8,43.12,66.06
2026-09-09,13,3,2026-09-09 11:35:00,5,第25回報知ローズカップ争奪戦,3,3870,寺嶋 雄,3,50,51.5,0,0,0.18,4.19,18.95,30.53,4.12,14.71,29.41,33.03,50.46,37.37,56.57
2026-09-09,13,3,2026-09-09 11:35:00,5,第25回報知ローズカップ争奪戦,4,3663,木山 和幸,3,56,51,0,0,0.18,5.38,35.05,52.58,4.57,21.43,42.86,15.73,31.46,25.49,40.2
2026-09-09,13,3,2026-09-09 11:35:00,5,第25回報知ローズカップ争奪戦,5,4036,金田 諭,1,47,52,0,0,0.16,6.37,44.23,69.23,6.3,50,70,19.81,43.4,25.74,44.55
2026-09-09,13,3,2026-09-09 11:35:00,5,第25回報知ローズカップ争奪戦,6,4049,荒川 健太,2,45,56.5,0,0,0.17,6.16,41.44,63.96,5.03,34.38,37.5,30.77,50.96,40.57,63.21
2026-09-09,13,4,2026-09-09 11:59:00,5,第25回報知ローズカップ争奪戦,1,5307,富永 夏哉人,3,23,51,0,0,0.19,4.5,27.66,39.36,0,0,0,36.45,51.4,27.72,44.55
2026-09-09,13,4,2026-09-09 11:59:00,5,第25回報知ローズカップ争奪戦,2,4567,上村 慎太郎,3,38,51,0,0,0.23,4.38,17.07,36.59,3.83,33.33,33.33,21.65,37.11,37.86,55.34
2026-09-09,13,4,2026-09-09 11:59:00,5,第25回報知ローズカップ争奪戦,3,3853,岩崎 正哉,2,54,52.6,0,0,0.2,5.9,38.1,53.33,6.35,45.16,58.06,26.04,38.54,36.79,55.66
2026-09-09,13,4,2026-09-09 11:59:00,5,第25回報知ローズカップ争奪戦,4,4297,山田 哲也,1,43,52,1,0,0.11,6.3,45.1,63.73,6.69,51.72,62.07,39.81,50,34.74,47.37
2026-09-09,13,4,2026-09-09 11:59:00,5,第25回報知ローズカップ争奪戦,5,4152,深水 慎一郎,2,46,52,1,0,0.18,5.27,38.04,45.65,5.82,47.06,58.82,29.63,49.07,24.73,35.48
2026-09-09,13,4,2026-09-09 11:59:00,5,第25回報知ローズカップ争奪戦,6,4039,村上 功祐,3,47,56.6,0,0,0.15,5.84,44.23,60.58,5.26,30.43,56.52,23.4,42.55,48.57,57.14
2026-09-09,13,5,2026-09-09 12:29:00,5,第25回報知ローズカップ争奪戦,1,5339,石井 伸長,3,26,50.5,0,0,0.18,4.88,31.94,45.83,7.71,71.43,71.43,42.86,64.76,31.37,49.02
2026-09-09,13,5,2026-09-09 12:29:00,5,第25回報知ローズカップ争奪戦,2,4184,渡邊 雄一郎,1,40,52,0,0,0.17,7.2,57.78,74.44,6.52,42.62,72.13,43.81,61.9,32.08,43.4
2026-09-09,13,5,2026-09-09 12:29:00,5,第25回報知ローズカップ争奪戦,3,4729,佐藤 謙史朗,3,37,54.5,0,0,0.19,4.45,23.08,38.46,3.43,14.29,14.29,31.48,51.85,39,55
2026-09-09,13,5,2026-09-09 12:29:00,5,第25回報知ローズカップ争奪戦,4,5372,上岡 巧汰,4,23,52.7,1,0,0.15,2.08,3.33,10,3,0,25,45.37,55.56,36.54,52.88
2026-09-09,13,5,2026-09-09 12:29:00,5,第25回報知ローズカップ争奪戦,5,3574,大神 康司,1,54,52.2,0,0,0.16,6.19,47.06,63.73,4.56,31.25,37.5,22.55,44.12,29.41,51.96
2026-09-09,13,5,2026-09-09 12:29:00,5,第25回報知ローズカップ争奪戦,6,4608,荒井 翔伍,2,36,52.8,0,0,0.17,5.99,41.91,60.29,7.43,71.43,71.43,26.53,41.84,25.96,43.27
2026-09-09,13,6,2026-09-09 12:56:00,5,第25回報知ローズカップ争奪戦,1,3975,小野寺 智洋,2,49,52,0,0,0.14,5.47,34.26,50.93,5.69,27.59,58.62,17.92,33.96,30.39,42.16
2026-09-09,13,6,2026-09-09 12:56:00,5,第25回報知ローズカップ争奪戦,2,5328,井上 慧人,3,22,52.8,0,0,0.19,4.1,18.39,37.93,0,0,0,25.77,39.18,26.92,40.38
2026-09-09,13,6,2026-09-09 12:56:00,5,第25回報知ローズカップ争奪戦,3,4176,樋口 喜彦,4,43,54.1,0,0,0.18,3.35,15.79,26.32,4.27,18.18,34.55,39.81,58.33,32.04,52.43
2026-09-09,13,6,2026-09-09 12:56:00,5,第25回報知ローズカップ争奪戦,4,3984,坂口 周,1,48,53.3,0,0,0.17,6.27,40.16,64.57,6.87,52.17,73.91,20,33.68,33.96,47.17
2026-09-09,13,6,2026-09-09 12:56:00,5,第25回報知ローズカップ争奪戦,5,3643,米田 隆弘,3,54,53.3,0,0,0.18,5.35,29.76,53.57,5.37,39.13,50,24.3,39.25,32.38,56.19
2026-09-09,13,6,2026-09-09 12:56:00,5,第25回報知ローズカップ争奪戦,6,5448,福田 柊人,4,23,51,0,0,,1.14,0,0,0,0,0,27.18,40.78,43.27,59.62
2026-09-09,13,7,2026-09-09 13:27:00,5,第25回報知ローズカップ争奪戦,1,4121,富永 修一,2,44,52.4,0,0,0.14,5.87,42.17,54.22,6,36.84,63.16,25.77,39.18,36.45,51.4
2026-09-09,13,7,2026-09-09 13:27:00,5,第25回報知ローズカップ争奪戦,2,2878,富山 弘幸,3,68,52.5,0,0,0.17,5.54,31.76,58.82,6.17,44.44,66.67,44.44,61.11,28.04,43.93
2026-09-09,13,7,2026-09-09 13:27:00,5,第25回報知ローズカップ争奪戦,3,4036,金田 諭,1,47,52,0,0,0.16,6.37,44.23,69.23,6.3,50,70,19.81,43.4,25.74,44.55
2026-09-09,13,7,2026-09-09 13:27:00,5,第25回報知ローズカップ争奪戦,4,5244,黒田 剛,3,26,52,1,0,0.16,3.9,18.06,27.78,4.25,12.5,25,36.79,54.72,46.67,57.14
2026-09-09,13,7,2026-09-09 13:27:00,5,第25回報知ローズカップ争奪戦,5,4002,古結 宏,1,48,52.3,0,0,0.14,6.5,48.67,69.03,7.12,55.92,76.32,33.64,57.94,46.32,54.74
2026-09-09,13,7,2026-09-09 13:27:00,5,第25回報知ローズカップ争奪戦,6,4750,井上 尚悟,3,39,52,0,0,0.16,5.32,34.44,50,4.6,20,48,30.48,44.76,29.13,48.54
2026-09-09,13,8,2026-09-09 14:06:00,5,第25回報知ローズカップ争奪戦,1,3853,岩崎 正哉,2,54,52.6,0,0,0.2,5.9,38.1,53.33,6.35,45.16,58.06,26.04,38.54,36.79,55.66
2026-09-09,13,8,2026-09-09 14:06:00,5,第25回報知ローズカップ争奪戦,2,3731,高濱 芳久,3,53,52.8,0,0,0.19,4.76,25.3,49.4,4.4,28.57,34.29,27.72,49.5,32.35,50.98
2026-09-09,13,8,2026-09-09 14:06:00,5,第25回報知ローズカップ争奪戦,3,3548,室田 泰史,2,56,52.7,0,0,0.12,5.13,33.04,49.11,5.05,26.32,47.37,36.36,53.54,33.33,52.38
2026-09-09,13,8,2026-09-09 14:06:00,5,第25回報知ローズカップ争奪戦,4,3581,加木 郁,3,53,52.3,0,0,0.2,5.55,37.25,54.9,4.81,14.81,33.33,25.74,45.54,30.77,50.96
2026-09-09,13,8,2026-09-09 14:06:00,5,第25回報知ローズカップ争奪戦,5,4902,山川 雄大,3,33,52,0,0,0.2,4.26,28.74,40.23,4.91,32.08,49.06,39.09,56.36,33.33,47.06
2026-09-09,13,8,2026-09-09 14:06:00,5,第25回報知ローズカップ争奪戦,6,4308,河村 了,1,42,52,0,0,0.17,6.73,46.55,70.69,7.14,60.71,71.43,46.73,64.49,32.04,50.49
2026-09-09,13,9,2026-09-09 14:37:00,5,第25回報知ローズカップ争奪戦,1,4251,川崎 誠志,3,43,52,0,0,0.21,4.6,23.66,40.86,4.78,18.52,48.15,49.52,61.9,38.68,64.15
2026-09-09,13,9,2026-09-09 14:37:00,5,第25回報知ローズカップ争奪戦,2,4152,深水 慎一郎,2,46,52,1,0,0.18,5.27,38.04,45.65,5.82,47.06,58.82,29.63,49.07,24.73,35.48
2026-09-09,13,9,2026-09-09 14:37:00,5,第25回報知ローズカップ争奪戦,3,4049,荒川 健太,2,45,56.5,0,0,0.17,6.16,41.44,63.96,5.03,34.38,37.5,30.77,50.96,40.57,63.21
2026-09-09,13,9,2026-09-09 14:37:00,5,第25回報知ローズカップ争奪戦,4,3860,松本 浩貴,3,53,52.4,0,0,0.2,3.6,13.58,25.93,4.11,22.22,33.33,43.81,59.05,30.19,44.34
2026-09-09,13,9,2026-09-09 14:37:00,5,第25回報知ローズカップ争奪戦,5,3584,佐々木 英樹,3,53,52.6,0,0,0.17,4.98,33.68,50.53,5.12,32,48,20.62,29.9,29.52,40
2026-09-09,13,9,2026-09-09 14:37:00,5,第25回報知ローズカップ争奪戦,6,4184,渡邊 雄一郎,1,40,52,0,0,0.17,7.2,57.78,74.44,6.52,42.62,72.13,43.81,61.9,32.08,43.4
2026-09-09,13,10,2026-09-09 15:09:00,5,第25回報知ローズカップ争奪戦,1,3574,大神 康司,1,54,52,0,0,0.16,6.19,47.06,63.73,4.56,31.25,37.5,22.55,44.12,29.41,51.96
2026-09-09,13,10,2026-09-09 15:09:00,5,第25回報知ローズカップ争奪戦,2,4172,森定 晃史,2,43,52.3,0,0,0.17,5.94,38.74,65.77,6.7,60,70,17.44,36.05,38.83,55.34
2026-09-09,13,10,2026-09-09 15:09:00,5,第25回報知ローズカップ争奪戦,3,5089,前田 翔,1,26,52.2,0,0,0.16,7.2,57.61,77.17,7.2,53.33,86.67,40.91,50.91,29.52,44.76
2026-09-09,13,10,2026-09-09 15:09:00,5,第25回報知ローズカップ争奪戦,4,4039,村上 功祐,3,47,56.5,0,0,0.15,5.84,44.23,60.58,5.26,30.43,56.52,23.4,42.55,48.57,57.14
2026-09-09,13,10,2026-09-09 15:09:00,5,第25回報知ローズカップ争奪戦,5,4515,藤田 浩人,2,40,53.5,0,0,0.17,5.53,33.88,59.5,5.36,36.36,63.64,54.81,66.35,20,41.05
2026-09-09,13,10,2026-09-09 15:09:00,5,第25回報知ローズカップ争奪戦,6,4672,守屋 大地,3,40,52,0,0,0.18,4.44,27.84,41.24,3.79,14.29,28.57,47.62,65.71,26.73,47.52
2026-09-09,13,11,2026-09-09 15:41:00,5,第25回報知ローズカップ争奪戦,1,3984,坂口 周,1,48,53.3,0,0,0.17,6.27,40.16,64.57,6.87,52.17,73.91,20,33.68,33.96,47.17
2026-09-09,13,11,2026-09-09 15:41:00,5,第25回報知ローズカップ争奪戦,2,3663,木山 和幸,3,56,51,0,0,0.18,5.38,35.05,52.58,4.57,21.43,42.86,15.73,31.46,25.49,40.2
2026-09-09,13,11,2026-09-09 15:41:00,5,第25回報知ローズカップ争奪戦,3,4121,富永 修一,2,44,52.4,0,0,0.14,5.87,42.17,54.22,6,36.84,63.16,25.77,39.18,36.45,51.4
2026-09-09,13,11,2026-09-09 15:41:00,5,第25回報知ローズカップ争奪戦,4,3838,伊藤 啓三,3,51,52.7,0,0,0.16,5.44,33.33,56.99,5.15,30,50,43.4,66.98,17.82,32.67
2026-09-09,13,11,2026-09-09 15:41:00,5,第25回報知ローズカップ争奪戦,5,5339,石井 伸長,3,26,50.5,0,0,0.18,4.88,31.94,45.83,7.71,71.43,71.43,42.86,64.76,31.37,49.02
2026-09-09,13,11,2026-09-09 15:41:00,5,第25回報知ローズカップ争奪戦,6,4042,丸岡 正典,2,47,52.3,1,0,0.17,6.85,47.83,68.48,5.79,28.57,46.43,27.1,46.73,25.47,39.62
2026-09-09,13,12,2026-09-09 16:23:00,5,第25回報知ローズカップ争奪戦,1,4297,山田 哲也,1,43,52,1,0,0.11,6.3,45.1,63.73,6.69,51.72,62.07,39.81,50,34.74,47.37
2026-09-09,13,12,2026-09-09 16:23:00,5,第25回報知ローズカップ争奪戦,2,4002,古結 宏,1,48,52.3,0,0,0.14,6.5,48.67,69.03,7.12,55.92,76.32,33.64,57.94,46.32,54.74
2026-09-09,13,12,2026-09-09 16:23:00,5,第25回報知ローズカップ争奪戦,3,4608,荒井 翔伍,2,36,52.8,0,0,0.17,5.99,41.91,60.29,7.43,71.43,71.43,26.53,41.84,25.96,43.27
2026-09-09,13,12,2026-09-09 16:23:00,5,第25回報知ローズカップ争奪戦,4,3975,小野寺 智洋,2,49,52,0,0,0.14,5.47,34.26,50.93,5.69,27.59,58.62,17.92,33.96,30.39,42.16
2026-09-09,13,12,2026-09-09 16:23:00,5,第25回報知ローズカップ争奪戦,5,4247,齊藤 優,3,44,53.4,0,0,0.17,5.3,32.56,51.16,4.29,16.67,28.57,27.55,39.8,43.12,66.06
2026-09-09,13,12,2026-09-09 16:23:00,5,第25回報知ローズカップ争奪戦,6,4079,出畑 孝典,2,47,52,0,0,0.19,6.06,41.18,61.03,5.64,18.18,72.73,35.24,45.71,23.76,45.54
2026-09-09,14,1,2026-09-09 08:44:00,5,ヴィーナスシリーズ第12戦 マクール杯競走,1,4530,小野 生奈,1,37,46,0,0,0.15,7.23,59.22,71.84,6.13,40,53.33,13.16,32.89,41.1,53.42
2026-09-09,14,1,2026-09-09 08:44:00,5,ヴィーナスシリーズ第12戦 マクール杯競走,2,4678,水野 望美,3,37,46,1,0,0.17,4.43,23.53,38.24,6.79,52.63,68.42,29.07,44.19,25,38.24
2026-09-09,14,1,2026-09-09 08:44:00,5,ヴィーナスシリーズ第12戦 マクール杯競走,3,5342,原村 百那,4,24,47,0,0,0.17,2.64,9.84,14.75,1.18,0,0,48.57,60,44.44,59.72
2026-09-09,14,1,2026-09-09 08:44:00,5,ヴィーナスシリーズ第12戦 マクール杯競走,4,4843,深尾 巴恵,3,33,47,1,0,0.16,3.72,17.24,27.59,5.5,37.5,50,29.87,48.05,36.84,46.05
2026-09-09,14,1,2026-09-09 08:44:00,5,ヴィーナスシリーズ第12戦 マクール杯競走,5,5334,樫葉 新心,3,22,45.5,1,0,0.18,2.8,5.33,17.33,3.11,12.35,22.22,27.4,54.79,31.17,53.25
2026-09-09,14,1,2026-09-09 08:44:00,5,ヴィーナスシリーズ第12戦 マクール杯競走,6,4746,大豆生田 蒼,3,31,46.5,0,0,0.2,5.67,39.02,59.76,4.5,15.38,30.77,32.43,45.95,26.76,42.25
2026-09-09,14,2,2026-09-09 09:10:00,5,ヴィーナスシリーズ第12戦 マクール杯競走,1,5069,山崎 小葉音,3,25,44,0,0,0.17,5.01,28.26,48.91,5.33,27.78,55.56,30.26,51.32,25,40.28
2026-09-09,14,2,2026-09-09 09:10:00,5,ヴィーナスシリーズ第12戦 マクール杯競走,2,4714,喜多須 杏奈,3,35,48.3,0,0,0.17,5,27.06,48.24,5.34,29.27,57.32,35.8,48.15,29.17,38.89
2026-09-09,14,2,2026-09-09 09:10:00,5,ヴィーナスシリーズ第12戦 マクール杯競走,3,5198,奥村 明日香,3,24,46,0,0,0.2,5.54,38,52,4.06,20.37,33.33,46.07,56.18,19.72,30.99
2026-09-09,14,2,2026-09-09 09:10:00,5,ヴィーナスシリーズ第12戦 マクール杯競走,4,5056,西岡 成美,4,30,46,0,0,,4.4,24,44,5.49,32.56,55.81,30.99,45.07,32.89,50
2026-09-09,14,2,2026-09-09 09:10:00,5,ヴィーナスシリーズ第12戦 マクール杯競走,5,4611,今井 美亜,1,36,47,0,0,0.15,6.09,40.35,57.02,5.84,40,48,36.62,54.93,33.78,59.46
2026-09-09,14,2,2026-09-09 09:10:00,5,ヴィーナスシリーズ第12戦 マクール杯競走,6,5189,藤原 早菜,2,25,45,0,0,0.2,5.09,28.32,46.9,3.29,0,28.57,27.63,51.32,22.54,38.03
2026-09-09,14,3,2026-09-09 09:59:00,5,ヴィーナスシリーズ第12戦 マクール杯競走,1,4885,大山 千広,2,30,47.1,0,0,0.15,7.17,57.97,73.91,0,0,0,28,38.67,34.25,46.58
2026-09-09,14,3,2026-09-09 09:59:00,5,ヴィーナスシリーズ第12戦 マクール杯競走,2,4400,加藤 奈月,3,38,52.2,0,0,0.18,4.19,13.92,34.18,3.93,6.67,26.67,40.63,56.25,21.43,47.14
2026-09-09,14,3,2026-09-09 09:59:00,5,ヴィーナスシリーズ第12戦 マクール杯競走,3,4733,赤井 睦,3,37,47.8,0,0,0.15,5.42,37.1,53.23,5.01,27.94,45.59,24.29,45.71,33.78,54.05
2026-09-09,14,3,2026-09-09 09:59:00,5,ヴィーナスシリーズ第12戦 マクール杯競走,4,4901,出口 舞有子,3,33,46,1,0,0.17,5.73,36.36,60.23,0,0,0,25,44.12,39.19,58.11
2026-09-09,14,3,2026-09-09 09:59:00,5,ヴィーナスシリーズ第12戦 マクール杯競走,5,4845,前田 紗希,1,33,47.7,2,0,0.13,6.04,44.05,59.52,7.78,61.11,72.22,23.08,33.33,53.33,65.33
2026-09-09,14,3,2026-09-09 09:59:00,5,ヴィーナスシリーズ第12戦 マクール杯競走,6,5108,柴田 愛梨,4,27,47,0,0,0.25,3.03,10,20,0,0,0,42.11,59.21,27.4,42.47
2026-09-09,14,4,2026-09-09 10:25:00,5,ヴィーナスシリーズ第12戦 マクール杯競走,1,4372,原田 佑実,2,39,46.5,0,0,0.17,6.06,40.45,59.55,4.77,35.48,45.16,23.19,37.68,24.29,50
2026-09-09,14,4,2026-09-09 10:25:00,5,ヴィーナスシリーズ第12戦 マクール杯競走,2,4642,松尾 夏海,2,34,47,0,0,0.16,7.17,56.2,76.86,6.24,42.11,63.16,29.41,48.53,43.66,64.79
2026-09-09,14,4,2026-09-09 10:25:00,5,ヴィーナスシリーズ第12戦 マクール杯競走,3,4546,浜田 亜理沙,3,38,47,0,0,0.17,7.22,57.3,79.78,7.64,64.29,82.14,34.25,53.42,35.9,48.72
2026-09-09,14,4,2026-09-09 10:25:00,5,ヴィーナスシリーズ第12戦 マクール杯競走,4,4984,森下 愛梨,3,29,50.1,0,0,0.21,4.8,28.92,43.37,6,33.33,62.96,40.28,61.11,28.17,46.48
2026-09-09,14,4,2026-09-09 10:25:00,5,ヴィーナスシリーズ第12戦 マクール杯競走,5,4680,後藤 美翼,2,36,47,0,0,0.21,5.46,31,56,5.32,28.57,53.57,29.33,45.33,22.08,44.16
2026-09-09,14,4,2026-09-09 10:25:00,5,ヴィーナスシリーズ第12戦 マクール杯競走,6,4965,福岡 泉水,3,28,51.1,1,0,0.19,4.45,20.43,38.71,3.53,21.05,26.32,35.44,54.43,36.62,50.7
2026-09-09,14,5,2026-09-09 10:51:00,5,ヴィーナスシリーズ第12戦 マクール杯競走,1,5180,藤本 紗弥香,4,28,46.5,0,0,0.21,4.73,26.79,41.07,0,0,0,21.43,47.14,25.97,38.96
2026-09-09,14,5,2026-09-09 10:51:00,5,ヴィーナスシリーズ第12戦 マクール杯競走,2,5342,原村 百那,4,24,47,0,0,0.17,2.64,9.84,14.75,1.18,0,0,48.57,60,44.44,59.72
2026-09-09,14,5,2026-09-09 10:51:00,5,ヴィーナスシリーズ第12戦 マクール杯競走,3,4784,向井田 真紀,3,38,51.3,1,0,0.21,3.25,10,27.5,4.28,27.78,33.33,36.11,58.33,38.96,57.14
2026-09-09,14,5,2026-09-09 10:51:00,5,ヴィーナスシリーズ第12戦 マクール杯競走,4,3470,新田 芳美,3,56,47.1,0,0,0.17,5.19,26.03,46.58,4.92,27.27,46.75,23.08,34.62,30.77,48.72
2026-09-09,14,5,2026-09-09 10:51:00,5,ヴィーナスシリーズ第12戦 マクール杯競走,5,4738,清埜 翔子,2,35,46.5,1,0,0.16,5.93,39.68,59.52,7.33,44.44,55.56,23.61,38.89,38.36,47.95
2026-09-09,14,5,2026-09-09 10:51:00,5,ヴィーナスシリーズ第12戦 マクール杯競走,6,4347,魚谷 香織,2,41,46,0,0,0.18,6.06,41.57,60.67,6.55,54.55,72.73,29.73,44.59,34.67,49.33
2026-09-09,14,6,2026-09-09 11:21:00,5,ヴィーナスシリーズ第12戦 マクール杯競走,1,4720,西澤 日花里,3,32,47.5,1,0,0.2,3.38,13.64,30.3,0,0,0,40,52.86,30.67,53.33
2026-09-09,14,6,2026-09-09 11:21:00,5,ヴィーナスシリーズ第12戦 マクール杯競走,2,4450,平高 奈菜,2,39,47.1,1,0,0.16,6.63,47.37,70.53,5.94,42.86,57.14,33.77,53.25,28.21,48.72
2026-09-09,14,6,2026-09-09 11:21:00,5,ヴィーナスシリーズ第12戦 マクール杯競走,3,5195,北村 寧々,2,24,47,1,0,0.15,5.21,33.72,46.51,5.89,33.33,66.67,35.9,51.28,35.06,55.84
2026-09-09,14,6,2026-09-09 11:21:00,5,ヴィーナスシリーズ第12戦 マクール杯競走,4,4775,千葉 真弥,2,32,47,0,0,0.15,6.22,43.75,60.94,5.2,20,60,31.34,38.81,17.19,35.94
2026-09-09,14,6,2026-09-09 11:21:00,5,ヴィーナスシリーズ第12戦 マクール杯競走,5,4689,豊田 結,3,33,53.5,0,0,0.16,4.85,28.57,47.62,5.91,46.88,53.13,34.62,51.28,29.41,41.18
2026-09-09,14,6,2026-09-09 11:21:00,5,ヴィーナスシリーズ第12戦 マクール杯競走,6,5390,高橋 涼夏,4,19,47,1,0,0.17,2.81,10.34,17.24,1.43,0,0,27.71,50.6,24.68,44.16
2026-09-09,14,7,2026-09-09 11:51:00,5,ヴィーナスシリーズ第12戦 マクール杯競走,1,5153,佐藤 ほのか,3,30,47,1,0,0.16,3.4,10.11,26.97,0,0,0,22.54,43.66,38.96,55.84
2026-09-09,14,7,2026-09-09 11:51:00,5,ヴィーナスシリーズ第12戦 マクール杯競走,2,4901,出口 舞有子,3,33,46,1,0,0.17,5.73,36.36,60.23,0,0,0,25,44.12,39.19,58.11
2026-09-09,14,7,2026-09-09 11:51:00,5,ヴィーナスシリーズ第12戦 マクール杯競走,3,4714,喜多須 杏奈,3,35,48.3,0,0,0.17,5,27.06,48.24,5.34,29.27,57.32,35.8,48.15,29.17,38.89
2026-09-09,14,7,2026-09-09 11:51:00,5,ヴィーナスシリーズ第12戦 マクール杯競走,4,4627,藤原 菜希,2,40,47.4,0,0,0.15,6.56,47.46,67.8,6.83,55.56,61.11,28,40,35.9,46.15
2026-09-09,14,7,2026-09-09 11:51:00,5,ヴィーナスシリーズ第12戦 マクール杯競走,5,4530,小野 生奈,1,37,46,0,0,0.15,7.23,59.22,71.84,6.13,40,53.33,13.16,32.89,41.1,53.42
2026-09-09,14,7,2026-09-09 11:51:00,5,ヴィーナスシリーズ第12戦 マクール杯競走,6,5440,薗頭 心,4,20,47.7,0,0,0.19,1.73,5.36,5.36,2,0,0,38.24,52.94,26.58,49.37
2026-09-09,14,8,2026-09-09 12:21:00,5,ヴィーナスシリーズ第12戦 マクール杯競走,1,4900,中田 夕貴,3,33,46.5,0,1,0.19,5.05,30.59,44.71,4.46,21.43,39.29,31.94,50,28.38,45.95
2026-09-09,14,8,2026-09-09 12:21:00,5,ヴィーナスシリーズ第12戦 マクール杯競走,2,4372,原田 佑実,2,39,46.5,0,0,0.17,6.06,40.45,59.55,4.77,35.48,45.16,23.19,37.68,24.29,50
2026-09-09,14,8,2026-09-09 12:21:00,5,ヴィーナスシリーズ第12戦 マクール杯競走,3,4400,加藤 奈月,3,38,52.2,0,0,0.18,4.19,13.92,34.18,3.93,6.67,26.67,40.63,56.25,21.43,47.14
2026-09-09,14,8,2026-09-09 12:21:00,5,ヴィーナスシリーズ第12戦 マクール杯競走,4,5193,米丸 乃絵,1,25,47,0,0,0.16,6.99,54.81,65.38,6.52,36,64,38.67,52,28.77,54.79
2026-09-09,14,8,2026-09-09 12:21:00,5,ヴィーナスシリーズ第12戦 マクール杯競走,5,5198,奥村 明日香,3,24,46,0,0,0.2,5.54,38,52,4.06,20.37,33.33,46.07,56.18,19.72,30.99
2026-09-09,14,8,2026-09-09 12:21:00,5,ヴィーナスシリーズ第12戦 マクール杯競走,6,4071,古賀 千晶,3,45,46.5,1,0,0.17,4.51,29.85,34.33,6.6,60,60,29.33,42.67,20.9,32.84
2026-09-09,14,9,2026-09-09 12:52:00,5,ヴィーナスシリーズ第12戦 マクール杯競走,1,4845,前田 紗希,1,33,47.7,2,0,0.13,6.04,44.05,59.52,7.78,61.11,72.22,23.08,33.33,53.33,65.33
2026-09-09,14,9,2026-09-09 12:52:00,5,ヴィーナスシリーズ第12戦 マクール杯競走,2,4738,清埜 翔子,2,35,46.5,1,0,0.16,5.93,39.68,59.52,7.33,44.44,55.56,23.61,38.89,38.36,47.95
2026-09-09,14,9,2026-09-09 12:52:00,5,ヴィーナスシリーズ第12戦 マクール杯競走,3,4680,後藤 美翼,2,36,47,0,0,0.21,5.46,31,56,5.32,28.57,53.57,29.33,45.33,22.08,44.16
2026-09-09,14,9,2026-09-09 12:52:00,5,ヴィーナスシリーズ第12戦 マクール杯競走,4,5380,野田 亜湖,4,22,49.8,0,0,0.28,1.2,0,0,1.27,0,0,33.33,46.15,40.79,59.21
2026-09-09,14,9,2026-09-09 12:52:00,5,ヴィーナスシリーズ第12戦 マクール杯競走,5,5069,山崎 小葉音,3,25,44,0,0,0.17,5.01,28.26,48.91,5.33,27.78,55.56,30.26,51.32,25,40.28
2026-09-09,14,9,2026-09-09 12:52:00,5,ヴィーナスシリーズ第12戦 マクール杯競走,6,4843,深尾 巴恵,3,33,47,1,0,0.16,3.72,17.24,27.59,5.5,37.5,50,29.87,48.05,36.84,46.05
2026-09-09,14,10,2026-09-09 13:23:00,5,ヴィーナスシリーズ第12戦 マクール杯競走,1,4784,向井田 真紀,3,38,51.3,1,0,0.21,3.25,10,27.5,4.28,27.78,33.33,36.11,58.33,38.96,57.14
2026-09-09,14,10,2026-09-09 13:23:00,5,ヴィーナスシリーズ第12戦 マクール杯競走,2,4775,千葉 真弥,2,32,47,0,0,0.15,6.22,43.75,60.94,5.2,20,60,31.34,38.81,17.19,35.94
2026-09-09,14,10,2026-09-09 13:23:00,5,ヴィーナスシリーズ第12戦 マクール杯競走,3,5108,柴田 愛梨,4,27,47,0,0,0.25,3.03,10,20,0,0,0,42.11,59.21,27.4,42.47
2026-09-09,14,10,2026-09-09 13:23:00,5,ヴィーナスシリーズ第12戦 マクール杯競走,4,4546,浜田 亜理沙,3,38,47,0,0,0.17,7.22,57.3,79.78,7.64,64.29,82.14,34.25,53.42,35.9,48.72
2026-09-09,14,10,2026-09-09 13:23:00,5,ヴィーナスシリーズ第12戦 マクール杯競走,5,4050,田口 節子,1,45,46.5,0,0,0.15,7.75,61.32,81.13,7.61,61.11,77.78,18.31,40.85,28.77,39.73
2026-09-09,14,10,2026-09-09 13:23:00,5,ヴィーナスシリーズ第12戦 マクール杯競走,6,4878,西岡 育未,3,31,47,0,0,0.17,4.36,19.77,38.37,5.08,28.81,52.54,31.4,48.84,36.23,53.62
2026-09-09,14,11,2026-09-09 13:55:00,5,ヴィーナスシリーズ第12戦 マクール杯競走,1,5195,北村 寧々,2,24,47,1,0,0.15,5.21,33.72,46.51,5.89,33.33,66.67,35.9,51.28,35.06,55.84
2026-09-09,14,11,2026-09-09 13:55:00,5,ヴィーナスシリーズ第12戦 マクール杯競走,2,4347,魚谷 香織,2,41,46,0,0,0.18,6.06,41.57,60.67,6.55,54.55,72.73,29.73,44.59,34.67,49.33
2026-09-09,14,11,2026-09-09 13:55:00,5,ヴィーナスシリーズ第12戦 マクール杯競走,3,5189,藤原 早菜,2,25,45,0,0,0.2,5.09,28.32,46.9,3.29,0,28.57,27.63,51.32,22.54,38.03
2026-09-09,14,11,2026-09-09 13:55:00,5,ヴィーナスシリーズ第12戦 マクール杯競走,4,5153,佐藤 ほのか,3,30,47,1,0,0.16,3.4,10.11,26.97,0,0,0,22.54,43.66,38.96,55.84
2026-09-09,14,11,2026-09-09 13:55:00,5,ヴィーナスシリーズ第12戦 マクール杯競走,5,4885,大山 千広,2,30,47.1,0,0,0.15,7.17,57.97,73.91,0,0,0,28,38.67,34.25,46.58
2026-09-09,14,11,2026-09-09 13:55:00,5,ヴィーナスシリーズ第12戦 マクール杯競走,6,4642,松尾 夏海,2,34,47,0,0,0.16,7.17,56.2,76.86,6.24,42.11,63.16,29.41,48.53,43.66,64.79
2026-09-09,14,12,2026-09-09 14:28:00,5,ヴィーナスシリーズ第12戦 マクール杯競走,1,5193,米丸 乃絵,1,25,47,0,0,0.16,6.99,54.81,65.38,6.52,36,64,38.67,52,28.77,54.79
2026-09-09,14,12,2026-09-09 14:28:00,5,ヴィーナスシリーズ第12戦 マクール杯競走,2,4627,藤原 菜希,2,40,47.4,0,0,0.15,6.56,47.46,67.8,6.83,55.56,61.11,28,40,35.9,46.15
2026-09-09,14,12,2026-09-09 14:28:00,5,ヴィーナスシリーズ第12戦 マクール杯競走,3,4974,安井 瑞紀,2,33,47,1,0,0.18,5.27,36.45,47.66,5.43,37.25,52.94,32.89,47.37,32,56
2026-09-09,14,12,2026-09-09 14:28:00,5,ヴィーナスシリーズ第12戦 マクール杯競走,4,4733,赤井 睦,3,37,47.8,0,0,0.15,5.42,37.1,53.23,5.01,27.94,45.59,24.29,45.71,33.78,54.05
2026-09-09,14,12,2026-09-09 14:28:00,5,ヴィーナスシリーズ第12戦 マクール杯競走,5,5056,西岡 成美,4,30,46,0,0,,4.4,24,44,5.49,32.56,55.81,30.99,45.07,32.89,50
2026-09-09,14,12,2026-09-09 14:28:00,5,ヴィーナスシリーズ第12戦 マクール杯競走,6,4450,平高 奈菜,2,39,47.1,1,0,0.16,6.63,47.37,70.53,5.94,42.86,57.14,33.77,53.25,28.21,48.72
2026-09-09,16,1,2026-09-09 10:54:00,5,大阪スポーツ杯,1,4067,永井 源,2,46,52,0,0,0.17,6.5,49.61,68.99,0,0,0,27.04,45.92,34.59,56.22
2026-09-09,16,1,2026-09-09 10:54:00,5,大阪スポーツ杯,2,4449,中嶋 達也,3,39,51.5,0,0,0.16,3.95,21.84,32.18,4.38,25,41.67,32.2,47.8,31.91,49.47
2026-09-09,16,1,2026-09-09 10:54:00,5,大阪スポーツ杯,3,5335,森 陽多,3,21,46.5,0,0,0.18,3.1,13.24,25,2,11.11,11.11,49.5,67.33,37.5,51.09
2026-09-09,16,1,2026-09-09 10:54:00,5,大阪スポーツ杯,4,4924,中北 涼,3,33,48,0,0,0.17,4.61,22,40,4.56,27.78,38.89,33.17,49.5,32.16,47.37
2026-09-09,16,1,2026-09-09 10:54:00,5,大阪スポーツ杯,5,4410,井上 大輔,3,40,52,0,0,0.16,4.29,24.47,36.17,5.01,33.33,43.43,30.5,48,30.17,43.02
2026-09-09,16,1,2026-09-09 10:54:00,5,大阪スポーツ杯,6,5076,石原 光,3,30,54.5,0,0,0.17,4.95,32.69,46.15,3.41,13.64,27.27,35.96,50.25,32.62,50.27
2026-09-09,16,2,2026-09-09 11:23:00,5,大阪スポーツ杯,1,3866,木山 誠一,3,51,53.7,2,0,0.13,4.44,27.85,41.77,3.14,16,22,25,45.83,35.48,54.84
2026-09-09,16,2,2026-09-09 11:23:00,5,大阪スポーツ杯,2,5326,三嶌 さらら,3,22,47.2,0,0,0.19,5.02,31.15,45.08,4.04,16,36,34.67,50.25,26.01,44.51
2026-09-09,16,2,2026-09-09 11:23:00,5,大阪スポーツ杯,3,4789,古賀 智之,2,37,53.2,0,0,0.16,5.63,39.13,56.52,5.31,31.25,50,34.8,54.9,31.15,43.17
2026-09-09,16,2,2026-09-09 11:23:00,5,大阪スポーツ杯,4,4343,村岡 賢,3,41,54.1,0,0,0.17,4.19,15.79,34.74,5.03,36.36,48.48,31.77,52.6,29.67,48.9
2026-09-09,16,2,2026-09-09 11:23:00,5,大阪スポーツ杯,5,5124,上瀧 絢也,3,30,53.1,0,0,0.17,4.35,25.93,39.51,3.2,10,20,31,42.5,30.6,47.54
2026-09-09,16,2,2026-09-09 11:23:00,5,大阪スポーツ杯,6,4374,永田 義紘,3,42,52,1,0,0.15,4.33,25,32.95,4.28,20,36,24.86,38.67,38.59,52.72
2026-09-09,16,3,2026-09-09 11:49:00,5,大阪スポーツ杯,1,5286,坂井 滉哉,3,27,50.5,0,0,0.16,4.67,25.25,44.44,4.68,21.05,36.84,28.43,43.63,38.46,53.85
2026-09-09,16,3,2026-09-09 11:49:00,5,大阪スポーツ杯,2,3988,古川 誠之,2,48,54.7,0,0,0.15,6.2,38.52,66.39,5.73,45.45,54.55,35.18,53.77,32.42,51.1
2026-09-09,16,3,2026-09-09 11:49:00,5,大阪スポーツ杯,3,4436,渋谷 明憲,1,40,52.1,1,0,0.15,6.34,48.28,70.11,5.38,38.1,52.38,39.6,54.46,27.66,45.21
2026-09-09,16,3,2026-09-09 11:49:00,5,大阪スポーツ杯,4,4131,原 豊土,3,46,54.9,0,0,0.17,5.7,37.86,57.28,6.6,55,70,37.13,53.96,39.89,54.1
2026-09-09,16,3,2026-09-09 11:49:00,5,大阪スポーツ杯,5,4788,小池 哲也,2,37,53,0,0,0.16,5.4,31.19,53.21,5.94,44.23,61.54,36.36,49.49,47.25,61.54
2026-09-09,16,3,2026-09-09 11:49:00,5,大阪スポーツ杯,6,3284,渡邊 伸太郎,3,58,52.4,1,0,0.18,5.71,36.71,58.23,4,10.53,26.32,33.17,51.22,40,53.51
2026-09-09,16,4,2026-09-09 12:20:00,5,大阪スポーツ杯,1,5358,増本 杏珠,4,21,47.3,0,0,0.21,2.83,7.58,13.64,0,0,0,35.12,48.29,31.35,47.03
2026-09-09,16,4,2026-09-09 12:20:00,5,大阪スポーツ杯,2,4359,横川 聖志,2,42,56.2,1,0,0.13,5.37,35.96,53.93,5.13,31.11,53.33,36.23,62.32,35.52,53.55
2026-09-09,16,4,2026-09-09 12:20:00,5,大阪スポーツ杯,3,4460,後藤 翔之,2,40,54.5,0,0,0.14,6.07,43.27,63.46,5.69,37.93,62.07,32.51,49.75,29.59,44.97
2026-09-09,16,4,2026-09-09 12:20:00,5,大阪スポーツ杯,4,4350,篠崎 元志,1,40,52,0,0,0.13,8.09,66.67,78.95,8.75,85,95,32.45,47.87,24.71,37.65
2026-09-09,16,4,2026-09-09 12:20:00,5,大阪スポーツ杯,5,5265,大廣 咲季,3,26,46,0,0,0.15,3.77,16.3,33.7,3.65,17.39,34.78,35.45,50.79,27.84,42.61
2026-09-09,16,4,2026-09-09 12:20:00,5,大阪スポーツ杯,6,5109,川崎 智稔,3,27,52,1,0,0.15,4.65,28,47,4.45,22.73,42.42,32.67,47.03,31.32,50.55
2026-09-09,16,5,2026-09-09 12:50:00,5,大阪スポーツ杯,1,5299,西丸 敦基,2,24,52.3,0,0,0.15,6.07,44.55,59.41,5.24,36.73,51.02,38.86,58.55,22.02,35.71
2026-09-09,16,5,2026-09-09 12:50:00,5,大阪スポーツ杯,2,4314,青木 幸太郎,2,42,52.1,0,0,0.16,5.88,39.76,61.45,4.35,11.76,23.53,33.33,53.55,31.52,47.28
2026-09-09,16,5,2026-09-09 12:50:00,5,大阪スポーツ杯,3,5047,國分 将太郎,3,32,52.8,0,0,0.17,6.11,39.8,63.27,5.48,34.78,56.52,26.84,41.58,32.09,46.52
2026-09-09,16,5,2026-09-09 12:50:00,5,大阪スポーツ杯,4,4499,滝川 真由子,3,38,45.5,1,0,0.18,5,25.81,56.45,2.67,0,0,31.5,46,31.87,52.75
2026-09-09,16,5,2026-09-09 12:50:00,5,大阪スポーツ杯,5,4446,和田 兼輔,1,39,52,1,0,0.13,6.79,47.78,68.89,6.75,35,60,30.39,45.59,33.51,51.06
2026-09-09,16,5,2026-09-09 12:50:00,5,大阪スポーツ杯,6,5464,宮田 栞,4,19,49.8,0,0,,1.24,0,0,0,0,0,36.1,55.12,23.46,41.9
2026-09-09,16,6,2026-09-09 13:20:00,5,大阪スポーツ杯,1,5063,大塚 雅治,3,28,52.1,0,0,0.21,5,26.97,49.44,5.75,31.25,68.75,32.67,46.04,33.51,48.65
2026-09-09,16,6,2026-09-09 13:20:00,5,大阪スポーツ杯,2,4286,平田 さやか,2,42,47.4,0,0,0.15,6.06,43.75,64.84,0,0,0,38.5,50.5,27.33,45.93
2026-09-09,16,6,2026-09-09 13:20:00,5,大阪スポーツ杯,3,4828,松山 将吾,1,32,51.5,1,0,0.15,6.56,48.04,65.69,5.45,35,50,30.1,46.6,27.01,42.53
2026-09-09,16,6,2026-09-09 13:20:00,5,大阪スポーツ杯,4,5338,香月 大輝,3,26,52,0,0,0.16,4.5,20,40,3.56,5.56,27.78,35.92,51.46,31.35,51.35
2026-09-09,16,6,2026-09-09 13:20:00,5,大阪スポーツ杯,5,4441,末永 由楽,2,40,52.6,0,0,0.14,5.63,33.33,54.7,6.34,43.84,63.7,33.83,51.74,34.59,46.49
2026-09-09,16,6,2026-09-09 13:20:00,5,大阪スポーツ杯,6,5423,高橋 嗣穏,4,24,51,2,0,0.22,1.22,0,0,1.22,0,0,25.87,37.81,32.97,50.27
2026-09-09,16,7,2026-09-09 13:50:00,5,大阪スポーツ杯,1,4382,高山 智至,3,41,52.7,0,0,0.19,4.64,21.36,39.81,3.67,5.56,33.33,34.33,50.75,40.54,62.16
2026-09-09,16,7,2026-09-09 13:50:00,5,大阪スポーツ杯,2,4789,古賀 智之,2,37,53.2,0,0,0.16,5.63,39.13,56.52,5.31,31.25,50,34.8,54.9,31.15,43.17
2026-09-09,16,7,2026-09-09 13:50:00,5,大阪スポーツ杯,3,5076,石原 光,3,30,54.5,0,0,0.17,4.95,32.69,46.15,3.41,13.64,27.27,35.96,50.25,32.62,50.27
2026-09-09,16,7,2026-09-09 13:50:00,5,大阪スポーツ杯,4,5074,大澤 誠也,3,30,55.4,0,0,0.19,4.23,22.54,32.39,4.86,21.43,42.86,35.12,50.73,42.78,60
2026-09-09,16,7,2026-09-09 13:50:00,5,大阪スポーツ杯,5,4072,森永 淳,1,45,52,0,0,0.13,7.34,58.82,72.55,7.6,70,70,37.86,51.94,38.59,57.61
2026-09-09,16,7,2026-09-09 13:50:00,5,大阪スポーツ杯,6,4754,松尾 充,2,38,52,0,0,0.15,6.44,44,64.8,0,0,0,25.52,43.23,29.44,47.78
2026-09-09,16,8,2026-09-09 14:23:00,5,大阪スポーツ杯,1,4797,中山 将,1,34,54.8,2,0,0.13,6.04,44.44,66.67,6.38,47.62,61.9,35,51,29.88,39.63
2026-09-09,16,8,2026-09-09 14:23:00,5,大阪スポーツ杯,2,4410,井上 大輔,3,40,52,0,0,0.16,4.29,24.47,36.17,5.01,33.33,43.43,30.5,48,30.17,43.02
2026-09-09,16,8,2026-09-09 14:23:00,5,大阪スポーツ杯,3,4343,村岡 賢,3,41,54.1,0,0,0.17,4.19,15.79,34.74,5.03,36.36,48.48,31.77,52.6,29.67,48.9
2026-09-09,16,8,2026-09-09 14:23:00,5,大阪スポーツ杯,4,3988,古川 誠之,2,48,54.7,0,0,0.15,6.2,38.52,66.39,5.73,45.45,54.55,35.18,53.77,32.42,51.1
2026-09-09,16,8,2026-09-09 14:23:00,5,大阪スポーツ杯,5,4728,山口 亮,3,38,52.9,1,0,0.18,4.53,24.66,39.73,4.22,21.74,34.78,43.56,60.89,38.04,53.8
2026-09-09,16,8,2026-09-09 14:23:00,5,大阪スポーツ杯,6,5292,佐藤 右京,3,24,54,0,0,0.23,4.46,26.09,42.39,3.38,19.23,26.92,25.76,42.93,27.84,42.05
2026-09-09,16,9,2026-09-09 14:51:00,5,大阪スポーツ杯,1,4460,後藤 翔之,2,40,54.5,0,0,0.14,6.07,43.27,63.46,5.69,37.93,62.07,32.51,49.75,29.59,44.97
2026-09-09,16,9,2026-09-09 14:51:00,5,大阪スポーツ杯,2,5047,國分 将太郎,3,32,52.8,0,0,0.17,6.11,39.8,63.27,5.48,34.78,56.52,26.84,41.58,32.09,46.52
2026-09-09,16,9,2026-09-09 14:51:00,5,大阪スポーツ杯,3,5124,上瀧 絢也,3,30,53.1,0,0,0.17,4.35,25.93,39.51,3.2,10,20,31,42.5,30.6,47.54
2026-09-09,16,9,2026-09-09 14:51:00,5,大阪スポーツ杯,4,4436,渋谷 明憲,1,40,52.1,1,0,0.15,6.34,48.28,70.11,5.38,38.1,52.38,39.6,54.46,27.66,45.21
2026-09-09,16,9,2026-09-09 14:51:00,5,大阪スポーツ杯,5,4364,池永 太,1,41,52.6,0,0,0.13,6.15,43.48,55.43,7.39,60.98,80.49,39.5,58,32.95,47.73
2026-09-09,16,9,2026-09-09 14:51:00,5,大阪スポーツ杯,6,4924,中北 涼,3,33,48,0,0,0.17,4.61,22,40,4.56,27.78,38.89,33.17,49.5,32.16,47.37
2026-09-09,16,10,2026-09-09 15:28:00,5,大阪スポーツ杯,1,4499,滝川 真由子,3,38,45.5,1,0,0.18,5,25.81,56.45,2.67,0,0,31.5,46,31.87,52.75
2026-09-09,16,10,2026-09-09 15:28:00,5,大阪スポーツ杯,2,4067,永井 源,2,46,52,0,0,0.17,6.5,49.61,68.99,0,0,0,27.04,45.92,34.59,56.22
2026-09-09,16,10,2026-09-09 15:28:00,5,大阪スポーツ杯,3,4788,小池 哲也,2,37,53,0,0,0.16,5.4,31.19,53.21,5.94,44.23,61.54,36.36,49.49,47.25,61.54
2026-09-09,16,10,2026-09-09 15:28:00,5,大阪スポーツ杯,4,5109,川崎 智稔,3,27,52,1,0,0.15,4.65,28,47,4.45,22.73,42.42,32.67,47.03,31.32,50.55
2026-09-09,16,10,2026-09-09 15:28:00,5,大阪スポーツ杯,5,4030,森高 一真,1,48,50,0,0,0.14,6.76,37.84,54.95,6.78,33.33,61.11,21.93,42.78,30.94,48.62
2026-09-09,16,10,2026-09-09 15:28:00,5,大阪スポーツ杯,6,5326,三嶌 さらら,3,22,47.2,0,0,0.19,5.02,31.15,45.08,4.04,16,36,34.67,50.25,26.01,44.51
2026-09-09,16,11,2026-09-09 16:02:00,5,大阪スポーツ杯,1,4446,和田 兼輔,1,39,52,1,0,0.13,6.79,47.78,68.89,6.75,35,60,30.39,45.59,33.51,51.06
2026-09-09,16,11,2026-09-09 16:02:00,5,大阪スポーツ杯,2,4754,松尾 充,2,38,52,0,0,0.15,6.44,44,64.8,0,0,0,25.52,43.23,29.44,47.78
2026-09-09,16,11,2026-09-09 16:02:00,5,大阪スポーツ杯,3,4374,永田 義紘,3,42,52,1,0,0.15,4.33,25,32.95,4.28,20,36,24.86,38.67,38.59,52.72
2026-09-09,16,11,2026-09-09 16:02:00,5,大阪スポーツ杯,4,4828,松山 将吾,1,32,51.5,1,0,0.15,6.56,48.04,65.69,5.45,35,50,30.1,46.6,27.01,42.53
2026-09-09,16,11,2026-09-09 16:02:00,5,大阪スポーツ杯,5,4359,横川 聖志,2,42,56.2,1,0,0.13,5.37,35.96,53.93,5.13,31.11,53.33,36.23,62.32,35.52,53.55
2026-09-09,16,11,2026-09-09 16:02:00,5,大阪スポーツ杯,6,4131,原 豊土,3,46,54.9,0,0,0.17,5.7,37.86,57.28,6.6,55,70,37.13,53.96,39.89,54.1
2026-09-09,16,12,2026-09-09 16:45:00,5,大阪スポーツ杯,1,4072,森永 淳,1,45,52,0,0,0.13,7.34,58.82,72.55,7.6,70,70,37.86,51.94,38.59,57.61
2026-09-09,16,12,2026-09-09 16:45:00,5,大阪スポーツ杯,2,3284,渡邊 伸太郎,3,58,52.4,1,0,0.18,5.71,36.71,58.23,4,10.53,26.32,33.17,51.22,40,53.51
2026-09-09,16,12,2026-09-09 16:45:00,5,大阪スポーツ杯,3,4350,篠崎 元志,1,40,52,0,0,0.13,8.09,66.67,78.95,8.75,85,95,32.45,47.87,24.71,37.65
2026-09-09,16,12,2026-09-09 16:45:00,5,大阪スポーツ杯,4,4314,青木 幸太郎,2,42,52.1,0,0,0.16,5.88,39.76,61.45,4.35,11.76,23.53,33.33,53.55,31.52,47.28
2026-09-09,16,12,2026-09-09 16:45:00,5,大阪スポーツ杯,5,4797,中山 将,1,34,54.8,2,0,0.13,6.04,44.44,66.67,6.38,47.62,61.9,35,51,29.88,39.63
2026-09-09,16,12,2026-09-09 16:45:00,5,大阪スポーツ杯,6,4286,平田 さやか,2,42,47.4,0,0,0.15,6.06,43.75,64.84,0,0,0,38.5,50.5,27.33,45.93
2026-09-09,17,1,2026-09-09 10:46:00,5,BOATRACE振興会会長賞,1,4574,東 潤樹,2,37,52,0,0,0.17,5.1,34.29,46.67,5.33,35.9,47.44,35.06,56.57,27.78,52.22
2026-09-09,17,1,2026-09-09 10:46:00,5,BOATRACE振興会会長賞,2,5036,福田 翔吾,3,28,52,0,0,0.18,5.64,37.72,60.53,5.09,30.43,65.22,36.51,53.94,28.8,42.39
2026-09-09,17,1,2026-09-09 10:46:00,5,BOATRACE振興会会長賞,3,4231,鈴木 裕隆,3,43,55.4,0,0,0.17,5.4,33.91,53.04,5.55,32.26,58.06,32.02,48.25,34.35,51.3
2026-09-09,17,1,2026-09-09 10:46:00,5,BOATRACE振興会会長賞,4,4023,柴田 友和,3,49,51.5,0,0,0.17,3.79,18.52,27.16,5.25,25,50,29.91,45.09,33.07,48.43
2026-09-09,17,1,2026-09-09 10:46:00,5,BOATRACE振興会会長賞,5,3868,尾形 栄治,3,51,53.9,0,0,0.21,4.55,22.62,41.67,0,0,0,31.39,52.47,37.56,53.99
2026-09-09,17,1,2026-09-09 10:46:00,5,BOATRACE振興会会長賞,6,3748,小黒 竜吾,3,51,56.4,1,0,0.16,3.97,13.24,29.41,5.78,33.33,55.56,47.72,64.73,35.32,54.47
2026-09-09,17,2,2026-09-09 11:11:00,5,BOATRACE振興会会長賞,1,3920,正木 聖賢,3,51,52.5,0,0,0.17,4.47,29.41,35.29,5.5,35.56,51.11,38.39,54.91,29.73,50.45
2026-09-09,17,2,2026-09-09 11:11:00,5,BOATRACE振興会会長賞,2,3662,大庭 元明,3,56,56.2,0,0,0.16,4.96,33.33,44.79,6.7,60,70,36.68,58.52,34.94,50.6
2026-09-09,17,2,2026-09-09 11:11:00,5,BOATRACE振興会会長賞,3,5236,小宮 涼雅,3,27,52.4,0,0,0.17,4.55,25,43,3.8,20,34.55,29.41,42.25,33.06,49.6
2026-09-09,17,2,2026-09-09 11:11:00,5,BOATRACE振興会会長賞,4,5384,八戸 琉楓,4,21,52,0,0,0.22,1.68,1.18,3.53,1,0,0,36.4,52.19,36.89,52.46
2026-09-09,17,2,2026-09-09 11:11:00,5,BOATRACE振興会会長賞,5,5311,小林 京平,3,28,52,0,0,0.18,5.34,34.88,47.67,2.83,8.33,33.33,35.98,49.37,30.19,39.62
2026-09-09,17,2,2026-09-09 11:11:00,5,BOATRACE振興会会長賞,6,4201,佐竹 友樹,3,44,52.9,0,0,0.18,4.33,22.02,35.78,4.74,30.43,43.48,39.48,52.36,30.89,47.12
2026-09-09,17,3,2026-09-09 11:43:00,5,BOATRACE振興会会長賞,1,4134,杉山 貴博,2,46,53.1,0,0,0.16,5.69,40.18,58.93,5.65,32.5,62.5,34.09,50,33.74,49.59
2026-09-09,17,3,2026-09-09 11:43:00,5,BOATRACE振興会会長賞,2,4732,堀本 和也,2,37,53.8,0,0,0.12,7.06,56.67,75,6,40,60,39,56.02,33.95,53.02
2026-09-09,17,3,2026-09-09 11:43:00,5,BOATRACE振興会会長賞,3,4332,村上 彰一,3,42,56.2,1,0,0.19,4.26,18.06,36.11,4.45,13.64,50,39.41,52.54,28.25,45.29
2026-09-09,17,3,2026-09-09 11:43:00,5,BOATRACE振興会会長賞,4,3556,田中 信一郎,1,53,54.1,0,0,0.14,6.76,52.29,70.64,7.5,64.71,76.47,37.85,55.38,33.33,45.89
2026-09-09,17,3,2026-09-09 11:43:00,5,BOATRACE振興会会長賞,5,4570,前田 聖文,1,38,55.4,0,0,0.16,6.07,37.78,63.33,6.13,35.9,53.85,36.29,55.24,26.45,41.94
2026-09-09,17,3,2026-09-09 11:43:00,5,BOATRACE振興会会長賞,6,5452,上馬場 風依,4,20,52.5,1,0,,1.16,0,0,1.18,0,0,34.82,57.59,35.21,49.3
2026-09-09,17,4,2026-09-09 12:12:00,5,BOATRACE振興会会長賞,1,3637,齋藤 和政,3,55,53.6,0,0,0.18,3.62,15.49,26.76,2.53,5.88,11.76,33.62,51.97,31.43,52.65
2026-09-09,17,4,2026-09-09 12:12:00,5,BOATRACE振興会会長賞,2,4601,森野 正弘,1,41,55.2,0,0,0.13,7.05,58.18,73.64,6.78,36.11,69.44,37.25,57.09,31.89,47.64
2026-09-09,17,4,2026-09-09 12:12:00,5,BOATRACE振興会会長賞,3,3503,堂原 洋史,3,56,52.2,0,0,0.16,3.55,16.3,22.83,5.1,30,50,29.46,49.11,32.26,48.79
2026-09-09,17,4,2026-09-09 12:12:00,5,BOATRACE振興会会長賞,4,4839,四宮 与寛,2,36,52.2,0,0,0.15,6.21,46.28,61.16,6.38,47.62,66.67,35.27,52.7,40.64,54.34
2026-09-09,17,4,2026-09-09 12:12:00,5,BOATRACE振興会会長賞,5,4969,町田 洸希,3,35,52,0,0,0.18,4.6,22.99,44.83,5.63,36.84,52.63,33.6,49.8,29.22,41.1
2026-09-09,17,4,2026-09-09 12:12:00,5,BOATRACE振興会会長賞,6,4637,中田 友也,2,36,56.5,0,0,0.18,5.77,40.63,56.25,5.8,45,55,32.11,44.95,34.62,52.14
2026-09-09,17,5,2026-09-09 12:43:00,5,BOATRACE振興会会長賞,1,4514,上條 嘉嗣,1,36,52,0,0,0.19,6.59,54.69,68.75,6.46,48.72,66.67,38.84,55.79,35.78,51.29
2026-09-09,17,5,2026-09-09 12:43:00,5,BOATRACE振興会会長賞,2,5249,三木 晴斗,3,24,52.5,0,0,0.16,4.91,27.03,50,3.32,9.09,22.73,28.51,44.21,34.29,49.8
2026-09-09,17,5,2026-09-09 12:43:00,5,BOATRACE振興会会長賞,3,5041,荒牧 凪沙,3,27,52,1,0,0.19,4.88,29.17,44.44,5.92,37.5,58.33,40.82,57.96,35.15,52.3
2026-09-09,17,5,2026-09-09 12:43:00,5,BOATRACE振興会会長賞,4,4808,松尾 拓,2,38,51,0,0,0.16,6.4,46.85,64.86,5.17,30.56,41.67,32.61,44.78,29.13,48.7
2026-09-09,17,5,2026-09-09 12:43:00,5,BOATRACE振興会会長賞,5,4241,大串 重幸,2,41,52.1,0,0,0.17,5.8,35.64,58.42,5.85,35,60,40.8,54,29.35,48.37
2026-09-09,17,5,2026-09-09 12:43:00,5,BOATRACE振興会会長賞,6,3381,滝沢 芳行,3,58,53.8,0,0,0.15,5.17,32.18,49.43,4.67,30.56,44.44,41.63,57.94,28.85,45.67
2026-09-09,17,6,2026-09-09 13:09:00,5,BOATRACE振興会会長賞,1,5035,櫻井 優,2,28,52.1,0,0,0.17,5.45,36.79,53.77,0,0,0,27.5,45.5,37.21,56.98
2026-09-09,17,6,2026-09-09 13:09:00,5,BOATRACE振興会会長賞,2,4952,吉武 真也,3,32,53,0,0,0.19,4.21,20,35,4.75,25,50,29.8,48.48,33.89,49.79
2026-09-09,17,6,2026-09-09 13:09:00,5,BOATRACE振興会会長賞,3,4650,中山 雄太,4,42,52.5,0,0,0.13,2.92,8.33,12.5,6.27,54.55,72.73,41.8,59.02,38.36,56.9
2026-09-09,17,6,2026-09-09 13:09:00,5,BOATRACE振興会会長賞,4,3333,丸尾 義孝,1,58,52,0,0,0.15,6.5,48.21,68.75,7,54.55,72.73,30.77,47.44,31.18,52.94
2026-09-09,17,6,2026-09-09 13:09:00,5,BOATRACE振興会会長賞,5,5036,福田 翔吾,3,28,52,0,0,0.18,5.64,37.72,60.53,5.09,30.43,65.22,36.51,53.94,28.8,42.39
2026-09-09,17,6,2026-09-09 13:09:00,5,BOATRACE振興会会長賞,6,3684,清水 攻二,2,52,52.3,0,0,0.18,5.56,34.62,60.26,6.24,48,60,47.41,66.93,32.79,44.94
2026-09-09,17,7,2026-09-09 13:40:00,5,BOATRACE振興会会長賞,1,4023,柴田 友和,3,49,51.5,0,0,0.17,3.79,18.52,27.16,5.25,25,50,29.91,45.09,33.07,48.43
2026-09-09,17,7,2026-09-09 13:40:00,5,BOATRACE振興会会長賞,2,4302,西野 翔太,1,43,52.2,0,0,0.15,6.6,53.27,67.29,6.57,47.2,67.08,31.97,51.23,29.78,45.51
2026-09-09,17,7,2026-09-09 13:40:00,5,BOATRACE振興会会長賞,3,4428,有賀 達也,2,40,52.3,0,0,0.14,6.04,39.25,57.94,7,50,72.73,35.68,52.42,34.17,52.08
2026-09-09,17,7,2026-09-09 13:40:00,5,BOATRACE振興会会長賞,4,5311,小林 京平,3,28,52,0,0,0.18,5.34,34.88,47.67,2.83,8.33,33.33,35.98,49.37,30.19,39.62
2026-09-09,17,7,2026-09-09 13:40:00,5,BOATRACE振興会会長賞,5,3497,後藤 浩,3,58,52.3,0,0,0.17,4,25.61,30.49,5.61,27.78,61.11,33.94,51.58,31.34,53.46
2026-09-09,17,7,2026-09-09 13:40:00,5,BOATRACE振興会会長賞,6,5450,藤本 遼磨,4,23,51.5,0,0,,2.06,2.08,6.25,0,0,0,43.04,56.52,36.36,52.89
2026-09-09,17,8,2026-09-09 14:11:00,5,BOATRACE振興会会長賞,1,4406,幸野 史明,3,41,52,0,0,0.16,4.21,18.63,34.31,4.58,26,44,32.61,50.87,43.37,56.22
2026-09-09,17,8,2026-09-09 14:11:00,5,BOATRACE振興会会長賞,2,3748,小黒 竜吾,3,51,56.4,1,0,0.16,3.97,13.24,29.41,5.78,33.33,55.56,47.72,64.73,35.32,54.47
2026-09-09,17,8,2026-09-09 14:11:00,5,BOATRACE振興会会長賞,3,4832,権藤 俊光,1,39,52,0,0,0.14,6.72,48.36,67.21,7.6,60,80,33.33,48.78,38.96,56.63
2026-09-09,17,8,2026-09-09 14:11:00,5,BOATRACE振興会会長賞,4,4158,木場 雄二郎,3,45,55.9,0,0,0.16,4.39,21.05,40,4.31,22.39,41.79,33.19,47.23,27.59,47.13
2026-09-09,17,8,2026-09-09 14:11:00,5,BOATRACE振興会会長賞,5,5384,八戸 琉楓,4,21,52,0,0,0.22,1.68,1.18,3.53,1,0,0,36.4,52.19,36.89,52.46
2026-09-09,17,8,2026-09-09 14:11:00,5,BOATRACE振興会会長賞,6,4732,堀本 和也,2,37,53.8,0,0,0.12,7.06,56.67,75,6,40,60,39,56.02,33.95,53.02
2026-09-09,17,9,2026-09-09 14:41:00,5,BOATRACE振興会会長賞,1,4461,安田 吉宏,3,40,56.7,0,0,0.17,4.51,22.58,41.94,3.83,6.9,37.93,29.58,46.95,33.48,51.07
2026-09-09,17,9,2026-09-09 14:41:00,5,BOATRACE振興会会長賞,2,4637,中田 友也,2,36,56.5,0,0,0.18,5.77,40.63,56.25,5.8,45,55,32.11,44.95,34.62,52.14
2026-09-09,17,9,2026-09-09 14:41:00,5,BOATRACE振興会会長賞,3,4134,杉山 貴博,2,46,53.1,0,0,0.16,5.69,40.18,58.93,5.65,32.5,62.5,34.09,50,33.74,49.59
2026-09-09,17,9,2026-09-09 14:41:00,5,BOATRACE振興会会長賞,4,4201,佐竹 友樹,3,44,52.9,0,0,0.18,4.33,22.02,35.78,4.74,30.43,43.48,39.48,52.36,30.89,47.12
2026-09-09,17,9,2026-09-09 14:41:00,5,BOATRACE振興会会長賞,5,3265,今村 暢孝,2,61,52,1,0,0.15,5.98,44.05,60.71,6.55,50,70.97,32.49,50.63,35.37,54.47
2026-09-09,17,9,2026-09-09 14:41:00,5,BOATRACE振興会会長賞,6,4231,鈴木 裕隆,3,43,55.4,0,0,0.17,5.4,33.91,53.04,5.55,32.26,58.06,32.02,48.25,34.35,51.3
2026-09-09,17,10,2026-09-09 15:14:00,5,BOATRACE振興会会長賞,1,3868,尾形 栄治,3,51,53.3,0,0,0.21,4.55,22.62,41.67,0,0,0,31.39,52.47,36.04,51.27
2026-09-09,17,10,2026-09-09 15:14:00,5,BOATRACE振興会会長賞,2,4593,小坂 宗司,2,45,51.5,0,0,0.17,5.97,36.45,65.42,6.02,38,60,35.8,57.2,28.64,45.73
2026-09-09,17,10,2026-09-09 15:14:00,5,BOATRACE振興会会長賞,3,4241,大串 重幸,2,41,52.3,0,0,0.17,5.8,35.64,58.42,5.85,35,60,40.8,54,29.35,48.37
2026-09-09,17,10,2026-09-09 15:14:00,5,BOATRACE振興会会長賞,4,4332,村上 彰一,3,42,55.8,1,0,0.19,4.26,18.06,36.11,4.45,13.64,50,39.41,52.54,28.25,45.29
2026-09-09,17,10,2026-09-09 15:14:00,5,BOATRACE振興会会長賞,5,5236,小宮 涼雅,3,27,52,0,0,0.17,4.55,25,43,3.8,20,34.55,29.41,42.25,33.06,49.6
2026-09-09,17,10,2026-09-09 15:14:00,5,BOATRACE振興会会長賞,6,3503,堂原 洋史,3,56,51.5,0,0,0.16,3.55,16.3,22.83,5.1,30,50,29.46,49.11,32.26,48.79
2026-09-09,17,11,2026-09-09 15:52:00,5,BOATRACE振興会会長賞,1,4570,前田 聖文,1,38,55.4,0,0,0.16,6.07,37.78,63.33,6.13,35.9,53.85,36.29,55.24,26.45,41.94
2026-09-09,17,11,2026-09-09 15:52:00,5,BOATRACE振興会会長賞,2,4808,松尾 拓,2,38,51,0,0,0.16,6.4,46.85,64.86,5.17,30.56,41.67,32.61,44.78,29.13,48.7
2026-09-09,17,11,2026-09-09 15:52:00,5,BOATRACE振興会会長賞,3,4574,東 潤樹,2,37,52,0,0,0.17,5.1,34.29,46.67,5.33,35.9,47.44,35.06,56.57,27.78,52.22
2026-09-09,17,11,2026-09-09 15:52:00,5,BOATRACE振興会会長賞,4,5035,櫻井 優,2,28,52.1,0,0,0.17,5.45,36.79,53.77,0,0,0,27.5,45.5,37.21,56.98
2026-09-09,17,11,2026-09-09 15:52:00,5,BOATRACE振興会会長賞,5,3662,大庭 元明,3,56,56.2,0,0,0.16,4.96,33.33,44.79,6.7,60,70,36.68,58.52,34.94,50.6
2026-09-09,17,11,2026-09-09 15:52:00,5,BOATRACE振興会会長賞,6,4839,四宮 与寛,2,36,52.2,0,0,0.15,6.21,46.28,61.16,6.38,47.62,66.67,35.27,52.7,40.64,54.34
2026-09-09,17,12,2026-09-09 16:34:00,5,BOATRACE振興会会長賞,1,3556,田中 信一郎,1,53,54.1,0,0,0.14,6.76,52.29,70.64,7.5,64.71,76.47,37.85,55.38,33.33,45.89
2026-09-09,17,12,2026-09-09 16:34:00,5,BOATRACE振興会会長賞,2,3333,丸尾 義孝,1,58,52,0,0,0.15,6.5,48.21,68.75,7,54.55,72.73,30.77,47.44,31.18,52.94
2026-09-09,17,12,2026-09-09 16:34:00,5,BOATRACE振興会会長賞,3,4302,西野 翔太,1,43,52.2,0,0,0.15,6.6,53.27,67.29,6.57,47.2,67.08,31.97,51.23,29.78,45.51
2026-09-09,17,12,2026-09-09 16:34:00,5,BOATRACE振興会会長賞,4,4514,上條 嘉嗣,1,36,52,0,0,0.19,6.59,54.69,68.75,6.46,48.72,66.67,38.84,55.79,35.78,51.29
2026-09-09,17,12,2026-09-09 16:34:00,5,BOATRACE振興会会長賞,5,4601,森野 正弘,1,41,55.2,0,0,0.13,7.05,58.18,73.64,6.78,36.11,69.44,37.25,57.09,31.89,47.64
2026-09-09,17,12,2026-09-09 16:34:00,5,BOATRACE振興会会長賞,6,4832,権藤 俊光,1,39,52,0,0,0.14,6.72,48.36,67.21,7.6,60,80,33.33,48.78,38.96,56.63
2026-09-09,20,1,2026-09-09 15:20:00,5,唐十杯,1,4094,中島 真二,3,45,52,0,0,0.18,4.73,27.71,43.37,4.76,24.49,48.98,20.89,35.44,27.12,47.46
2026-09-09,20,1,2026-09-09 15:20:00,5,唐十杯,2,3539,金子 順一,3,58,52,0,0,0.19,4.53,22.68,42.27,4.94,38.89,44.44,24.16,41.57,20.37,37.04
2026-09-09,20,1,2026-09-09 15:20:00,5,唐十杯,3,3175,渡辺 千草,3,62,47.7,0,0,0.17,4.51,23.46,43.21,0,0,0,20.65,41.29,23.44,40.63
2026-09-09,20,1,2026-09-09 15:20:00,5,唐十杯,4,4396,大田 直弥,3,40,52.2,0,0,0.2,4.79,25.51,40.82,5.02,25.86,53.45,33.52,54.19,31.75,57.14
2026-09-09,20,1,2026-09-09 15:20:00,5,唐十杯,5,5014,梶山 涼斗,3,28,52.8,1,0,0.14,4.34,27.12,38.98,4.92,26.32,42.11,30.06,47.4,36.51,52.38
2026-09-09,20,1,2026-09-09 15:20:00,5,唐十杯,6,5382,山下 心一,3,21,52,0,0,0.17,1.9,1.15,6.9,2.07,3.45,13.79,40.11,59.89,32.35,55.88
2026-09-09,20,2,2026-09-09 15:48:00,5,唐十杯,1,4076,杉田 篤光,3,48,52.3,0,0,0.21,4.78,25,45,4.65,23.53,35.29,24.68,40.26,32.35,55.88
2026-09-09,20,2,2026-09-09 15:48:00,5,唐十杯,2,5316,村松 将平,3,25,52,1,0,0.15,5.2,32.89,52.63,0,0,0,32.16,49.12,35.48,50
2026-09-09,20,2,2026-09-09 15:48:00,5,唐十杯,3,4230,濱崎 直矢,2,43,54,1,0,0.16,6.2,47.37,64.47,5.68,45.45,59.09,35.98,54.5,29.41,55.88
2026-09-09,20,2,2026-09-09 15:48:00,5,唐十杯,4,3362,間嶋 仁志,3,57,52,0,0,0.19,5.1,33.67,46.94,6.27,42.31,61.54,31.61,47.13,26.15,38.46
2026-09-09,20,2,2026-09-09 15:48:00,5,唐十杯,5,4424,松尾 昂明,2,41,52,0,0,0.16,5.44,34.21,50,6.03,40.28,59.72,33.71,51.69,29.41,41.18
2026-09-09,20,2,2026-09-09 15:48:00,5,唐十杯,6,4484,稲生 夏季,3,36,49.2,0,0,0.21,4.72,21.05,43.42,6.2,40,60,34.48,48.28,34.62,53.85
2026-09-09,20,3,2026-09-09 16:13:00,5,唐十杯,1,4273,佐藤 旭,3,44,53.6,0,0,0.19,4.96,28.42,48.42,5.98,40,60,33.86,49.74,18.75,40.63
2026-09-09,20,3,2026-09-09 16:13:00,5,唐十杯,2,5033,藤原 孝斗,3,28,55.3,0,0,0.18,4.4,26.39,34.72,4,0,40,31.95,45.56,36.84,50.88
2026-09-09,20,3,2026-09-09 16:13:00,5,唐十杯,3,4518,大須賀 友,1,39,52.2,1,0,0.16,6.4,48.61,65.28,5.5,33.33,66.67,29.48,39.88,29.51,52.46
2026-09-09,20,3,2026-09-09 16:13:00,5,唐十杯,4,5219,森口 和紀,3,25,52,0,0,0.2,5.27,37.63,48.39,5.47,35.29,52.94,32.2,50.28,38.46,55.38
2026-09-09,20,3,2026-09-09 16:13:00,5,唐十杯,5,4014,片岡 恵里,2,46,47.5,1,0,0.17,5.6,38.3,55.32,5.1,25,57.69,25.99,45.76,31.25,46.88
2026-09-09,20,3,2026-09-09 16:13:00,5,唐十杯,6,5429,吉川 颯汰,4,23,54.3,0,0,0.22,1.12,0,1.96,0,0,0,29.73,48.11,26.32,40.35
2026-09-09,20,4,2026-09-09 16:41:00,5,唐十杯,1,4873,蒲原 健太,3,32,52.4,0,0,0.2,4.86,29.75,47.93,5.11,29.63,44.44,30.41,49.12,27.69,41.54
2026-09-09,20,4,2026-09-09 16:41:00,5,唐十杯,2,5263,花田 凱成,3,27,52,0,0,0.17,3.87,13.95,32.56,3.18,4.55,36.36,31.91,53.72,23.33,48.33
2026-09-09,20,4,2026-09-09 16:41:00,5,唐十杯,3,4462,夏山 亮平,3,40,58,0,0,0.15,4.66,28.36,47.76,5.82,41.18,58.82,35.39,53.37,22.73,34.85
2026-09-09,20,4,2026-09-09 16:41:00,5,唐十杯,4,4600,井内 将太郎,1,41,52,1,0,0.12,6.31,47.44,65.38,6.17,38.89,66.67,38.46,54.44,21.88,32.81
2026-09-09,20,4,2026-09-09 16:41:00,5,唐十杯,5,4529,嶋 義信,1,37,53.4,0,0,0.14,5.51,36.05,51.16,5.2,32,44,30.11,45.45,31.34,46.27
2026-09-09,20,4,2026-09-09 16:41:00,5,唐十杯,6,4009,小林 一樹,2,47,56.1,1,0,0.13,5.61,41.11,56.67,5.82,42.42,63.64,37.23,58.51,35.19,48.15
2026-09-09,20,5,2026-09-09 17:10:00,5,唐十杯,1,4816,村松 修二,2,35,55.1,0,0,0.16,5.64,38.46,57.26,6.23,45.45,59.09,28.81,40.11,26.42,49.06
2026-09-09,20,5,2026-09-09 17:10:00,5,唐十杯,2,4043,桐本 康臣,2,47,53.2,0,0,0.17,5.89,40.35,62.28,7.19,51.16,74.42,36.31,53.07,24.59,45.9
2026-09-09,20,5,2026-09-09 17:10:00,5,唐十杯,3,4891,寺島 美里,3,36,46.5,0,0,0.16,5.11,30.56,47.22,6.5,50,75,30.36,45.83,35.48,56.45
2026-09-09,20,5,2026-09-09 17:10:00,5,唐十杯,4,4357,田中 和也,1,42,52.6,0,0,0.18,6.53,50.43,68.38,7.94,76.47,82.35,34.41,53.23,20.69,43.1
2026-09-09,20,5,2026-09-09 17:10:00,5,唐十杯,5,4034,西原 明生,3,47,53.8,0,0,0.22,4.04,22.22,30,5.11,36.11,52.78,31.46,44.94,33.87,48.39
2026-09-09,20,5,2026-09-09 17:10:00,5,唐十杯,6,5468,山口 隼人,4,19,52,0,0,,1.32,0,0,0,0,0,34.59,57.84,20.34,28.81
2026-09-09,20,6,2026-09-09 17:37:00,5,唐十杯,1,4274,長畑 友輔,3,44,52,0,0,0.16,4.64,27.72,42.57,4.22,19.44,36.11,31.28,42.05,45.9,62.3
2026-09-09,20,6,2026-09-09 17:37:00,5,唐十杯,2,3388,今垣 光太郎,1,56,52.2,1,0,0.16,6.51,45.68,59.26,5.19,23.81,38.1,26.74,45.93,36.36,56.36
2026-09-09,20,6,2026-09-09 17:37:00,5,唐十杯,3,4094,中島 真二,3,45,52,0,0,0.18,4.73,27.71,43.37,4.76,24.49,48.98,20.89,35.44,27.12,47.46
2026-09-09,20,6,2026-09-09 17:37:00,5,唐十杯,4,3880,浅見 宗孝,3,53,53.9,1,0,0.19,4.15,16.67,37.18,4.22,22.22,33.33,26.67,43.64,37.93,62.07
2026-09-09,20,6,2026-09-09 17:37:00,5,唐十杯,5,4209,藤田 竜弘,2,43,54.9,0,0,0.18,6.16,39.18,61.86,4.62,20.59,38.24,34.04,51.6,32.76,46.55
2026-09-09,20,6,2026-09-09 17:37:00,5,唐十杯,6,5085,中村 栄治,2,27,52.1,0,0,0.22,5.17,33.33,46.49,5.75,25,62.5,33.33,47.95,29.51,60.66
2026-09-09,20,7,2026-09-09 18:04:00,5,唐十杯,1,4296,岡崎 恭裕,2,39,51.5,0,0,0.14,6.37,44.07,67.8,6.76,54.67,69.33,35.29,50.8,40.98,59.02
2026-09-09,20,7,2026-09-09 18:04:00,5,唐十杯,2,4085,荻野 裕介,3,46,52.3,0,0,0.2,5.33,37.5,52.5,3.92,15.38,34.62,26.16,36.05,28.57,48.21
2026-09-09,20,7,2026-09-09 18:04:00,5,唐十杯,3,5382,山下 心一,3,21,52,0,0,0.17,1.9,1.15,6.9,2.07,3.45,13.79,40.11,59.89,32.35,55.88
2026-09-09,20,7,2026-09-09 18:04:00,5,唐十杯,4,3999,大瀧 明日香,2,47,45.5,1,0,0.16,6.33,49.12,67.54,5.52,44.44,51.85,29.84,50.26,22.64,30.19
2026-09-09,20,7,2026-09-09 18:04:00,5,唐十杯,5,4076,杉田 篤光,3,48,52.3,0,0,0.21,4.78,25,45,4.65,23.53,35.29,24.68,40.26,32.35,55.88
2026-09-09,20,7,2026-09-09 18:04:00,5,唐十杯,6,4551,三川 昂暁,2,37,53.3,1,0,0.17,5.63,38.6,56.14,4.97,23.33,43.33,32.22,49.44,33.33,46.67
2026-09-09,20,8,2026-09-09 18:33:00,5,唐十杯,1,3737,上平 真二,1,52,52,0,0,0.17,6.97,49.44,73.03,7,42.86,78.57,29.94,45.51,33.96,41.51
2026-09-09,20,8,2026-09-09 18:33:00,5,唐十杯,2,4230,濱崎 直矢,2,43,54,1,0,0.16,6.2,47.37,64.47,5.68,45.45,59.09,35.98,54.5,29.41,55.88
2026-09-09,20,8,2026-09-09 18:33:00,5,唐十杯,3,4009,小林 一樹,2,47,56.1,1,0,0.13,5.61,41.11,56.67,5.82,42.42,63.64,37.23,58.51,35.19,48.15
2026-09-09,20,8,2026-09-09 18:33:00,5,唐十杯,4,5033,藤原 孝斗,3,28,55.3,0,0,0.18,4.4,26.39,34.72,4,0,40,31.95,45.56,36.84,50.88
2026-09-09,20,8,2026-09-09 18:33:00,5,唐十杯,5,5373,諏訪 玲奈,4,23,45.5,0,0,0.2,3.09,5.8,21.74,0,0,0,28.81,42.94,39.71,61.76
2026-09-09,20,8,2026-09-09 18:33:00,5,唐十杯,6,3539,金子 順一,3,58,52,0,0,0.19,4.53,22.68,42.27,4.94,38.89,44.44,24.16,41.57,20.37,37.04
2026-09-09,20,9,2026-09-09 19:04:00,5,唐十杯,1,3833,中辻 博訓,2,52,53.8,0,0,0.13,6.4,50.47,63.55,5.94,40,60,38.14,55.15,35.94,53.13
2026-09-09,20,9,2026-09-09 19:04:00,5,唐十杯,2,4204,柴田 大輔,3,44,52,0,0,0.19,5.06,29.49,42.31,5.19,31.48,51.85,33.51,54.05,15.79,24.56
2026-09-09,20,9,2026-09-09 19:04:00,5,唐十杯,3,4396,大田 直弥,3,40,52.2,0,0,0.2,4.79,25.51,40.82,5.02,25.86,53.45,33.52,54.19,31.75,57.14
2026-09-09,20,9,2026-09-09 19:04:00,5,唐十杯,4,5248,本田 愛,3,24,47,0,0,0.2,5.42,37.36,59.34,3.94,22.58,41.94,31.11,45.56,24,40
2026-09-09,20,9,2026-09-09 19:04:00,5,唐十杯,5,5468,山口 隼人,4,19,52,0,0,,1.32,0,0,0,0,0,34.59,57.84,20.34,28.81
2026-09-09,20,9,2026-09-09 19:04:00,5,唐十杯,6,4373,若狭 奈美子,1,38,47,1,0,0.17,6.25,41.18,65.69,6.21,42.11,68.42,33.15,47.75,35.82,56.72
2026-09-09,20,10,2026-09-09 19:36:00,5,唐十杯,1,4424,松尾 昂明,2,41,52,0,0,0.16,5.44,34.21,50,6.03,40.28,59.72,33.71,51.69,29.41,41.18
2026-09-09,20,10,2026-09-09 19:36:00,5,唐十杯,2,5014,梶山 涼斗,3,28,52.8,1,0,0.14,4.34,27.12,38.98,4.92,26.32,42.11,30.06,47.4,36.51,52.38
2026-09-09,20,10,2026-09-09 19:36:00,5,唐十杯,3,5085,中村 栄治,2,27,52.1,0,0,0.22,5.17,33.33,46.49,5.75,25,62.5,33.33,47.95,29.51,60.66
2026-09-09,20,10,2026-09-09 19:36:00,5,唐十杯,4,4816,村松 修二,2,35,55.1,0,0,0.16,5.64,38.46,57.26,6.23,45.45,59.09,28.81,40.11,26.42,49.06
2026-09-09,20,10,2026-09-09 19:36:00,5,唐十杯,5,4273,佐藤 旭,3,44,53.6,0,0,0.19,4.96,28.42,48.42,5.98,40,60,33.86,49.74,18.75,40.63
2026-09-09,20,10,2026-09-09 19:36:00,5,唐十杯,6,4462,夏山 亮平,3,40,58,0,0,0.15,4.66,28.36,47.76,5.82,41.18,58.82,35.39,53.37,22.73,34.85
2026-09-09,20,11,2026-09-09 20:07:00,5,唐十杯,1,4529,嶋 義信,1,37,53.4,0,0,0.14,5.51,36.05,51.16,5.2,32,44,30.11,45.45,31.34,46.27
2026-09-09,20,11,2026-09-09 20:07:00,5,唐十杯,2,3999,大瀧 明日香,2,47,45.5,1,0,0.16,6.33,49.12,67.54,5.52,44.44,51.85,29.84,50.26,22.64,30.19
2026-09-09,20,11,2026-09-09 20:07:00,5,唐十杯,3,5219,森口 和紀,3,25,52,0,0,0.2,5.27,37.63,48.39,5.47,35.29,52.94,32.2,50.28,38.46,55.38
2026-09-09,20,11,2026-09-09 20:07:00,5,唐十杯,4,4209,藤田 竜弘,2,43,54.9,0,0,0.18,6.16,39.18,61.86,4.62,20.59,38.24,34.04,51.6,32.76,46.55
2026-09-09,20,11,2026-09-09 20:07:00,5,唐十杯,5,5316,村松 将平,3,25,52,1,0,0.15,5.2,32.89,52.63,0,0,0,32.16,49.12,35.48,50
2026-09-09,20,11,2026-09-09 20:07:00,5,唐十杯,6,4043,桐本 康臣,2,47,53.2,0,0,0.17,5.89,40.35,62.28,7.19,51.16,74.42,36.31,53.07,24.59,45.9
2026-09-09,20,12,2026-09-09 20:38:00,5,唐十杯,1,3388,今垣 光太郎,1,56,52.2,1,0,0.16,6.51,45.68,59.26,5.19,23.81,38.1,26.74,45.93,36.36,56.36
2026-09-09,20,12,2026-09-09 20:38:00,5,唐十杯,2,3737,上平 真二,1,52,52,0,0,0.17,6.97,49.44,73.03,7,42.86,78.57,29.94,45.51,33.96,41.51
2026-09-09,20,12,2026-09-09 20:38:00,5,唐十杯,3,4357,田中 和也,1,42,52.6,0,0,0.18,6.53,50.43,68.38,7.94,76.47,82.35,34.41,53.23,20.69,43.1
2026-09-09,20,12,2026-09-09 20:38:00,5,唐十杯,4,4296,岡崎 恭裕,2,39,51.5,0,0,0.14,6.37,44.07,67.8,6.76,54.67,69.33,35.29,50.8,40.98,59.02
2026-09-09,20,12,2026-09-09 20:38:00,5,唐十杯,5,4518,大須賀 友,1,39,52.2,1,0,0.16,6.4,48.61,65.28,5.5,33.33,66.67,29.48,39.88,29.51,52.46
2026-09-09,20,12,2026-09-09 20:38:00,5,唐十杯,6,4600,井内 将太郎,1,41,52,1,0,0.12,6.31,47.44,65.38,6.17,38.89,66.67,38.46,54.44,21.88,32.81
2026-09-09,21,1,2026-09-09 08:32:00,5,BOATRACE振興会会長賞,1,4330,奈須 啓太,2,43,52,0,0,0.12,5.98,41.23,60.53,6.36,48.28,65.52,28.87,39.18,32,51
2026-09-09,21,1,2026-09-09 08:32:00,5,BOATRACE振興会会長賞,2,5261,岡 暢祐,3,28,52,0,0,0.18,4.36,21.43,34.29,3.29,11.76,17.65,41.11,54.44,36.84,53.68
2026-09-09,21,1,2026-09-09 08:32:00,5,BOATRACE振興会会長賞,3,4840,鈴木 秀茉,3,35,52,0,0,0.16,4.82,28.16,47.57,3.61,16.67,33.33,38.95,48.42,31.96,49.48
2026-09-09,21,1,2026-09-09 08:32:00,5,BOATRACE振興会会長賞,4,3873,別府 昌樹,3,50,54.4,0,0,0.21,4.96,27.27,48.05,5.89,37.84,56.76,36.84,49.47,33.64,46.73
2026-09-09,21,1,2026-09-09 08:32:00,5,BOATRACE振興会会長賞,5,4652,酒見 峻介,3,41,52,0,0,0.17,4.82,23.17,43.9,6.95,50,77.27,29.36,49.54,32.67,45.54
2026-09-09,21,1,2026-09-09 08:32:00,5,BOATRACE振興会会長賞,6,5447,岡本 亜子,4,24,50.2,0,0,,1.07,0,0,0,0,0,16.67,31.37,31.46,50.56
2026-09-09,21,2,2026-09-09 08:58:00,5,BOATRACE振興会会長賞,1,3837,秋山 広一,2,51,52.1,0,0,0.17,6.38,44.64,65.18,7.25,57.14,75,40,57,27,48
2026-09-09,21,2,2026-09-09 08:58:00,5,BOATRACE振興会会長賞,2,5208,屋良 龍紀,3,28,51.5,1,0,0.15,4.13,22.08,41.56,3.66,14.29,28.57,40.2,54.9,34.69,53.06
2026-09-09,21,2,2026-09-09 08:58:00,5,BOATRACE振興会会長賞,3,4521,小池 公生,3,39,51,1,0,0.21,5.33,29.9,55.67,4.51,22.45,46.94,32.97,54.95,26.44,44.83
2026-09-09,21,2,2026-09-09 08:58:00,5,BOATRACE振興会会長賞,4,4848,仲谷 颯仁,1,32,52.1,0,0,0.15,7.59,52.21,73.45,7.16,51.61,62.9,24.47,35.11,32.99,50.52
2026-09-09,21,2,2026-09-09 08:58:00,5,BOATRACE振興会会長賞,5,3357,福島 陽子,3,57,48.5,0,0,0.19,3.87,12.94,35.29,3.39,13.89,30.56,26.09,38.04,34,45
2026-09-09,21,2,2026-09-09 08:58:00,5,BOATRACE振興会会長賞,6,5457,山田 陽翔,4,20,51,0,0,,1.15,0,0,0,0,0,27.37,47.37,31.25,43.75
2026-09-09,21,3,2026-09-09 09:24:00,5,BOATRACE振興会会長賞,1,4850,野中 一平,2,31,52.7,0,0,0.11,6.38,47.54,61.48,6.14,42.86,57.14,28.57,42.86,36.27,49.02
2026-09-09,21,3,2026-09-09 09:24:00,5,BOATRACE振興会会長賞,2,4020,川上 清人,3,46,64.9,0,0,0.18,3.93,23.46,30.86,3.4,10,30,34.02,46.39,24.76,40
2026-09-09,21,3,2026-09-09 09:24:00,5,BOATRACE振興会会長賞,3,4384,鶴本 崇文,1,41,54,0,0,0.16,5.63,36.73,58.16,7.39,55.56,94.44,12.82,28.21,37.14,55.24
2026-09-09,21,3,2026-09-09 09:24:00,5,BOATRACE振興会会長賞,4,3843,上之 晃弘,3,50,53.4,0,0,0.16,4.84,29.9,41.24,4.53,18.75,50,28.16,47.57,32.22,48.89
2026-09-09,21,3,2026-09-09 09:24:00,5,BOATRACE振興会会長賞,5,4261,岡 祐臣,2,42,54.9,0,0,0.16,6,42.48,56.64,5.95,52.63,52.63,45.45,65.66,34.69,53.06
2026-09-09,21,3,2026-09-09 09:24:00,5,BOATRACE振興会会長賞,6,4744,伊藤 玲奈,3,33,47,0,0,0.23,4.55,24,38.67,2.67,0,11.11,34.65,62.38,18.75,32.29
2026-09-09,21,4,2026-09-09 09:50:00,5,BOATRACE振興会会長賞,1,4812,西野 雄貴,1,36,52,0,0,0.14,7.69,63.51,83.78,7.63,65.71,82.86,32.95,50,27.85,48.1
2026-09-09,21,4,2026-09-09 09:50:00,5,BOATRACE振興会会長賞,2,4638,小林 遼太,3,35,52,0,0,0.18,5.38,36.56,56.99,4.54,25.71,42.86,37.78,56.67,35.92,52.43
2026-09-09,21,4,2026-09-09 09:50:00,5,BOATRACE振興会会長賞,3,4966,田川 大貴,3,28,54.6,1,0,0.16,5.13,33.71,48.31,4.89,29.63,40.74,23.26,40.7,32.32,48.48
2026-09-09,21,4,2026-09-09 09:50:00,5,BOATRACE振興会会長賞,4,4991,宗行 治哉,1,29,52,0,0,0.18,6.49,43.01,63.44,5.19,23.26,51.16,48,69,31.71,50
2026-09-09,21,4,2026-09-09 09:50:00,5,BOATRACE振興会会長賞,5,5317,長尾 萌加,3,25,45.5,1,0,0.17,4.63,23.71,45.36,3.35,5.88,23.53,26.6,36.17,23.08,36.26
2026-09-09,21,4,2026-09-09 09:50:00,5,BOATRACE振興会会長賞,6,4437,中田 元泰,2,40,54.3,0,0,0.16,5.92,43.22,59.32,6.81,52.38,71.43,22.94,33.03,28.13,39.58
2026-09-09,21,5,2026-09-09 10:18:00,5,BOATRACE振興会会長賞,1,4137,君島 秀三,1,46,52.7,0,0,0.14,6.61,48.03,70.08,6.97,60.53,71.05,28.85,42.31,26.44,50.57
2026-09-09,21,5,2026-09-09 10:18:00,5,BOATRACE振興会会長賞,2,4853,前原 哉,3,31,45.5,0,0,0.22,4.41,18.48,38.04,3.39,5.56,27.78,30.93,49.48,23.08,38.46
2026-09-09,21,5,2026-09-09 10:18:00,5,BOATRACE振興会会長賞,3,4793,金子 萌,2,36,52,0,0,0.14,6.41,48.57,64.76,5.68,42.11,47.37,22.77,41.58,44.23,59.62
2026-09-09,21,5,2026-09-09 10:18:00,5,BOATRACE振興会会長賞,4,5082,一色 凌雅,3,27,57.1,1,0,0.18,5.51,35.71,57.14,4,13.33,33.33,38.54,61.46,38.78,53.06
2026-09-09,21,5,2026-09-09 10:18:00,5,BOATRACE振興会会長賞,5,5383,中村 楓,3,21,53.1,0,0,0.17,2.42,1.35,9.46,0,0,0,42.27,50.52,37.37,54.55
2026-09-09,21,5,2026-09-09 10:18:00,5,BOATRACE振興会会長賞,6,4389,伊藤 喜智,2,40,52,0,0,0.18,5.46,29.35,59.78,4.63,25.58,44.19,37.62,54.46,17.65,35.29
2026-09-09,21,6,2026-09-09 10:48:00,5,BOATRACE振興会会長賞,1,3873,別府 昌樹,3,50,54.4,0,0,0.21,4.96,27.27,48.05,5.89,37.84,56.76,36.84,49.47,33.64,46.73
2026-09-09,21,6,2026-09-09 10:48:00,5,BOATRACE振興会会長賞,2,4861,田中 宏樹,2,38,52.3,0,0,0.17,5.15,29.29,50.51,5.16,32.35,54.41,30.43,44.57,32.99,48.45
2026-09-09,21,6,2026-09-09 10:48:00,5,BOATRACE振興会会長賞,3,3473,石川 真二,1,56,52.8,0,0,0.14,6.76,55.91,69.29,6.01,43.21,64.2,40.63,60.42,40.19,59.81
2026-09-09,21,6,2026-09-09 10:48:00,5,BOATRACE振興会会長賞,4,3998,冨成 謙児,3,47,52,0,0,0.17,4.34,26.26,36.36,4.43,25,38.64,30.39,43.14,34.26,46.3
2026-09-09,21,6,2026-09-09 10:48:00,5,BOATRACE振興会会長賞,5,4443,津田 裕絵,3,40,51,0,0,0.19,5.52,39.05,54.29,5.39,38.89,55.56,40.59,59.41,40,55.24
2026-09-09,21,6,2026-09-09 10:48:00,5,BOATRACE振興会会長賞,6,5160,藤森 陸斗,2,27,52.7,0,0,0.15,5.84,42.24,57.76,5.44,33.33,58.97,25.51,45.92,37.5,56.73
2026-09-09,21,7,2026-09-09 11:18:00,5,BOATRACE振興会会長賞,1,4521,小池 公生,3,39,50.5,1,0,0.21,5.33,29.9,55.67,4.51,22.45,46.94,32.97,54.95,26.44,44.83
2026-09-09,21,7,2026-09-09 11:18:00,5,BOATRACE振興会会長賞,2,4092,岡部 大輔,3,45,52,0,0,0.16,4.81,27.5,43.75,5.11,35.71,46.43,41,66,54.9,74.51
2026-09-09,21,7,2026-09-09 11:18:00,5,BOATRACE振興会会長賞,3,4408,仁科 さやか,3,40,48.1,0,0,0.19,3.5,19.77,25.58,0,0,0,43.62,60.64,35.29,55.88
2026-09-09,21,7,2026-09-09 11:18:00,5,BOATRACE振興会会長賞,4,4840,鈴木 秀茉,3,35,52,0,0,0.16,4.82,28.16,47.57,3.61,16.67,33.33,38.95,48.42,31.96,49.48
2026-09-09,21,7,2026-09-09 11:18:00,5,BOATRACE振興会会長賞,5,4594,谷川 祐一,3,44,52,0,0,0.16,6.27,48.67,64.6,6.89,55.56,66.67,40.4,57.58,40.38,57.69
2026-09-09,21,7,2026-09-09 11:18:00,5,BOATRACE振興会会長賞,6,5469,今泉 博人,4,17,54.3,0,0,,1.59,0,2.04,0,0,0,39.8,58.16,27.27,41.41
2026-09-09,21,8,2026-09-09 11:50:00,5,BOATRACE振興会会長賞,1,4966,田川 大貴,3,28,54.6,1,0,0.16,5.13,33.71,48.31,4.89,29.63,40.74,23.26,40.7,32.32,48.48
2026-09-09,21,8,2026-09-09 11:50:00,5,BOATRACE振興会会長賞,2,4771,下寺 秀和,1,33,55,0,0,0.16,7.19,54.63,79.63,6.07,46.43,53.57,38.14,53.61,35.56,51.11
2026-09-09,21,8,2026-09-09 11:50:00,5,BOATRACE振興会会長賞,3,3509,池 千夏,3,54,49.6,0,0,0.15,3.3,7.14,24.29,2.86,13.64,18.18,25.93,43.52,37.25,48.04
2026-09-09,21,8,2026-09-09 11:50:00,5,BOATRACE振興会会長賞,4,4020,川上 清人,3,46,64.9,0,0,0.18,3.93,23.46,30.86,3.4,10,30,34.02,46.39,24.76,40
2026-09-09,21,8,2026-09-09 11:50:00,5,BOATRACE振興会会長賞,5,5143,常盤 海心,3,25,53.7,0,0,0.19,3.8,16.16,33.33,4.32,17.65,35.29,23.91,41.3,35.42,54.17
2026-09-09,21,8,2026-09-09 11:50:00,5,BOATRACE振興会会長賞,6,4675,井手 良太,2,38,51,0,0,0.14,5.75,37.5,59.72,4.38,12.5,50,33.33,50,34.31,47.06
2026-09-09,21,9,2026-09-09 12:24:00,5,BOATRACE振興会会長賞,1,4261,岡 祐臣,2,42,54.9,0,0,0.16,6,42.48,56.64,5.95,52.63,52.63,45.45,65.66,34.69,53.06
2026-09-09,21,9,2026-09-09 12:24:00,5,BOATRACE振興会会長賞,2,4652,酒見 峻介,3,41,52,0,0,0.17,4.82,23.17,43.9,6.95,50,77.27,29.36,49.54,32.67,45.54
2026-09-09,21,9,2026-09-09 12:24:00,5,BOATRACE振興会会長賞,3,4853,前原 哉,3,31,45.5,0,0,0.22,4.41,18.48,38.04,3.39,5.56,27.78,30.93,49.48,23.08,38.46
2026-09-09,21,9,2026-09-09 12:24:00,5,BOATRACE振興会会長賞,4,4437,中田 元泰,2,40,54.3,0,0,0.16,5.92,43.22,59.32,6.81,52.38,71.43,22.94,33.03,28.13,39.58
2026-09-09,21,9,2026-09-09 12:24:00,5,BOATRACE振興会会長賞,5,5208,屋良 龍紀,3,28,51.5,1,0,0.15,4.13,22.08,41.56,3.66,14.29,28.57,40.2,54.9,34.69,53.06
2026-09-09,21,9,2026-09-09 12:24:00,5,BOATRACE振興会会長賞,6,4834,浜本 裕己,2,38,51.5,1,0,0.15,5.65,38.46,55.38,4.64,24,40,41.84,57.14,32.29,52.08
2026-09-09,21,10,2026-09-09 12:58:00,5,BOATRACE振興会会長賞,1,3541,三嶌 誠司,2,58,52.3,0,0,0.17,6.27,43.69,67.96,7.82,68.18,81.82,25,44,29.41,48.04
2026-09-09,21,10,2026-09-09 12:58:00,5,BOATRACE振興会会長賞,2,3357,福島 陽子,3,57,48.5,0,0,0.19,3.87,12.94,35.29,3.39,13.89,30.56,26.09,38.04,34,45
2026-09-09,21,10,2026-09-09 12:58:00,5,BOATRACE振興会会長賞,3,5082,一色 凌雅,3,27,57.1,1,0,0.18,5.51,35.71,57.14,4,13.33,33.33,38.54,61.46,38.78,53.06
2026-09-09,21,10,2026-09-09 12:58:00,5,BOATRACE振興会会長賞,4,4850,野中 一平,2,31,52.7,0,0,0.11,6.38,47.54,61.48,6.14,42.86,57.14,28.57,42.86,36.27,49.02
2026-09-09,21,10,2026-09-09 12:58:00,5,BOATRACE振興会会長賞,5,5261,岡 暢祐,3,28,52,0,0,0.18,4.36,21.43,34.29,3.29,11.76,17.65,41.11,54.44,36.84,53.68
2026-09-09,21,10,2026-09-09 12:58:00,5,BOATRACE振興会会長賞,6,4861,田中 宏樹,2,38,52.3,0,0,0.17,5.15,29.29,50.51,5.16,32.35,54.41,30.43,44.57,32.99,48.45
2026-09-09,21,11,2026-09-09 13:34:00,5,BOATRACE振興会会長賞,1,4991,宗行 治哉,1,29,52,0,0,0.18,6.49,43.01,63.44,5.19,23.26,51.16,48,69,31.71,50
2026-09-09,21,11,2026-09-09 13:34:00,5,BOATRACE振興会会長賞,2,4594,谷川 祐一,3,44,52,0,0,0.16,6.27,48.67,64.6,6.89,55.56,66.67,40.4,57.58,40.38,57.69
2026-09-09,21,11,2026-09-09 13:34:00,5,BOATRACE振興会会長賞,3,4443,津田 裕絵,3,40,51,0,0,0.19,5.52,39.05,54.29,5.39,38.89,55.56,40.59,59.41,40,55.24
2026-09-09,21,11,2026-09-09 13:34:00,5,BOATRACE振興会会長賞,4,4330,奈須 啓太,2,43,52,0,0,0.12,5.98,41.23,60.53,6.36,48.28,65.52,28.87,39.18,32,51
2026-09-09,21,11,2026-09-09 13:34:00,5,BOATRACE振興会会長賞,5,3837,秋山 広一,2,51,52.1,0,0,0.17,6.38,44.64,65.18,7.25,57.14,75,40,57,27,48
2026-09-09,21,11,2026-09-09 13:34:00,5,BOATRACE振興会会長賞,6,4793,金子 萌,2,36,52,0,0,0.14,6.41,48.57,64.76,5.68,42.11,47.37,22.77,41.58,44.23,59.62
2026-09-09,21,12,2026-09-09 14:13:00,5,BOATRACE振興会会長賞,1,4848,仲谷 颯仁,1,32,52.1,0,0,0.15,7.59,52.21,73.45,7.16,51.61,62.9,24.47,35.11,32.99,50.52
2026-09-09,21,12,2026-09-09 14:13:00,5,BOATRACE振興会会長賞,2,3473,石川 真二,1,56,52.8,0,0,0.14,6.76,55.91,69.29,6.01,43.21,64.2,40.63,60.42,40.19,59.81
2026-09-09,21,12,2026-09-09 14:13:00,5,BOATRACE振興会会長賞,3,4137,君島 秀三,1,46,52.7,0,0,0.14,6.61,48.03,70.08,6.97,60.53,71.05,28.85,42.31,26.44,50.57
2026-09-09,21,12,2026-09-09 14:13:00,5,BOATRACE振興会会長賞,4,4384,鶴本 崇文,1,41,54,0,0,0.16,5.63,36.73,58.16,7.39,55.56,94.44,12.82,28.21,37.14,55.24
2026-09-09,21,12,2026-09-09 14:13:00,5,BOATRACE振興会会長賞,5,4812,西野 雄貴,1,36,52,0,0,0.14,7.69,63.51,83.78,7.63,65.71,82.86,32.95,50,27.85,48.1
2026-09-09,21,12,2026-09-09 14:13:00,5,BOATRACE振興会会長賞,6,4771,下寺 秀和,1,33,55,0,0,0.16,7.19,54.63,79.63,6.07,46.43,53.57,38.14,53.61,35.56,51.11
2026-09-09,24,1,2026-09-09 15:15:00,2,開設74周年記念 海の王者決定戦,1,4174,赤坂 俊輔,1,43,52,0,0,0.15,6.38,44.44,64.96,6.41,43.03,66.67,39.34,59.02,35.82,53.73
2026-09-09,24,1,2026-09-09 15:15:00,2,開設74周年記念 海の王者決定戦,2,5016,宮田 龍馬,1,28,52,0,0,0.14,6.92,45.26,73.68,7.23,57.69,73.08,28.57,42.86,37.7,55.74
2026-09-09,24,1,2026-09-09 15:15:00,2,開設74周年記念 海の王者決定戦,3,5058,前原 大道,1,29,52,1,0,0.17,6.58,48.8,64.8,7.31,46.15,84.62,31.67,48.33,32.39,53.52
2026-09-09,24,1,2026-09-09 15:15:00,2,開設74周年記念 海の王者決定戦,4,4543,重木 輝彦,1,38,52,1,0,0.17,6.64,48.11,66.04,5.23,30.77,50,30.3,51.52,39.34,57.38
2026-09-09,24,1,2026-09-09 15:15:00,2,開設74周年記念 海の王者決定戦,5,4483,北野 輝季,1,37,52.8,0,0,0.15,6.83,53.78,68.91,0,0,0,41.94,54.84,38.1,52.38
2026-09-09,24,1,2026-09-09 15:15:00,2,開設74周年記念 海の王者決定戦,6,4688,永井 彪也,1,33,52,0,0,0.13,6.99,56.41,71.79,5.48,37.04,48.15,41.27,55.56,42.65,55.88
2026-09-09,24,2,2026-09-09 15:45:00,2,開設74周年記念 海の王者決定戦,1,4096,石橋 道友,1,44,52,0,0,0.15,6.56,50.98,61.76,7.45,61.71,76.57,34.72,58.33,44.44,65.08
2026-09-09,24,2,2026-09-09 15:45:00,2,開設74周年記念 海の王者決定戦,2,5224,西岡 顕心,1,25,51.5,0,0,0.15,7.38,51.38,69.72,7.04,60,68,33.33,60.87,31.88,46.38
2026-09-09,24,2,2026-09-09 15:45:00,2,開設74周年記念 海の王者決定戦,3,4262,馬場 貴也,1,42,52.5,0,0,0.14,7.81,52,72.8,7.1,41.94,58.06,41.27,61.9,32.35,51.47
2026-09-09,24,2,2026-09-09 15:45:00,2,開設74周年記念 海の王者決定戦,4,4907,小池 修平,1,31,52,0,0,0.15,7.35,58.72,73.39,5.9,28.57,47.62,34.92,52.38,35.59,66.1
2026-09-09,24,2,2026-09-09 15:45:00,2,開設74周年記念 海の王者決定戦,5,5051,松本 純平,1,31,52,0,0,0.16,6.45,45.28,66.98,6,50,62.5,37.14,54.29,40.32,59.68
2026-09-09,24,2,2026-09-09 15:45:00,2,開設74周年記念 海の王者決定戦,6,3719,辻 栄蔵,1,51,52.1,0,0,0.15,6.7,44.76,62.86,7.31,37.5,68.75,49.23,63.08,39.68,55.56
2026-09-09,24,3,2026-09-09 16:15:00,2,開設74周年記念 海の王者決定戦,1,4704,河野 大,1,38,52,0,0,0.14,6.42,46.92,63.08,6.06,34.38,56.25,44.44,58.33,33.93,55.36
2026-09-09,24,3,2026-09-09 16:15:00,2,開設74周年記念 海の王者決定戦,2,3590,濱野谷 憲吾,1,52,54,0,0,0.14,7.13,49.57,66.09,7.48,55.56,62.96,37.7,49.18,36.67,50
2026-09-09,24,3,2026-09-09 16:15:00,2,開設74周年記念 海の王者決定戦,3,3952,中澤 和志,1,50,52,0,0,0.14,6.67,48.33,66.67,6.54,41.03,64.1,34.29,50,39.34,57.38
2026-09-09,24,3,2026-09-09 16:15:00,2,開設74周年記念 海の王者決定戦,4,4908,上田 龍星,1,31,52,0,0,0.15,6.8,44.92,68.64,8.19,62.5,68.75,32.2,57.63,32.14,53.57
2026-09-09,24,3,2026-09-09 16:15:00,2,開設74周年記念 海の王者決定戦,5,4398,船岡 洋一郎,1,39,52.3,0,0,0.14,6.68,50,63.79,7.38,37.5,62.5,31.67,40,42.86,49.21
2026-09-09,24,3,2026-09-09 16:15:00,2,開設74周年記念 海の王者決定戦,6,4371,西山 貴浩,1,39,52.4,0,0,0.13,7.08,45.92,60.2,7.31,46.88,59.38,40,51.43,39.06,53.13
2026-09-09,24,4,2026-09-09 16:50:00,2,開設74周年記念 海の王者決定戦,1,4544,松田 大志郎,1,38,52,1,0,0.16,7.61,60.19,74.76,7.65,52.94,70.59,34.33,47.76,31.58,45.61
2026-09-09,24,4,2026-09-09 16:50:00,2,開設74周年記念 海の王者決定戦,2,4084,杉山 正樹,1,46,52.4,0,0,0.16,6.46,43.55,63.71,6.96,54.35,71.74,54.55,71.21,31.43,48.57
2026-09-09,24,4,2026-09-09 16:50:00,2,開設74周年記念 海の王者決定戦,3,3983,須藤 博倫,1,48,52,0,0,0.15,6.78,49.14,71.55,7.11,57.89,68.42,29.51,45.9,32.31,49.23
2026-09-09,24,4,2026-09-09 16:50:00,2,開設74周年記念 海の王者決定戦,4,3779,原田 幸哉,1,50,52,1,0,0.12,6.66,40.21,55.67,7.43,54.35,70.65,28.79,39.39,41.94,59.68
2026-09-09,24,4,2026-09-09 16:50:00,2,開設74周年記念 海の王者決定戦,5,4335,若林 将,1,42,52,1,0,0.12,6.83,51.46,71.84,7.9,70,90,38.98,57.63,34.78,50.72
2026-09-09,24,4,2026-09-09 16:50:00,2,開設74周年記念 海の王者決定戦,6,4188,久田 敏之,1,45,52,0,0,0.12,7.88,65.18,77.68,6.45,36.36,63.64,38.03,57.75,36.62,52.11
2026-09-09,24,5,2026-09-09 17:19:00,2,開設74周年記念 海の王者決定戦,1,3909,佐々木 康幸,1,53,52.8,0,0,0.12,6.88,54.55,71.82,7.56,66.67,77.78,30.88,39.71,33.33,54.55
2026-09-09,24,5,2026-09-09 17:19:00,2,開設74周年記念 海の王者決定戦,2,4352,下條 雄太郎,1,40,52,0,0,0.15,7.45,53.85,80,7.64,63.51,75.68,31.75,47.62,45.16,58.06
2026-09-09,24,5,2026-09-09 17:19:00,2,開設74周年記念 海の王者決定戦,3,4500,山田 康二,1,38,54,0,0,0.13,7.96,57.61,73.91,7.35,58.82,70.59,38.57,55.71,37.7,50.82
2026-09-09,24,5,2026-09-09 17:19:00,2,開設74周年記念 海の王者決定戦,4,4497,桑原 悠,1,39,52.4,1,0,0.14,7.66,60.87,72.17,7.68,60.38,79.87,50,69.35,37.29,50.85
2026-09-09,24,5,2026-09-09 17:19:00,2,開設74周年記念 海の王者決定戦,5,4075,中野 次郎,1,45,54.3,0,0,0.13,6.48,40.78,58.25,6.43,41.38,62.07,36.51,55.56,32.86,61.43
2026-09-09,24,5,2026-09-09 17:19:00,2,開設74周年記念 海の王者決定戦,6,3783,瓜生 正義,1,50,52,0,0,0.15,6.84,39.52,56.45,6.55,34.09,50,35.59,54.24,31.48,51.85
2026-09-09,24,6,2026-09-09 17:46:00,2,開設74周年記念 海の王者決定戦,1,3716,石渡 鉄兵,1,51,52.3,0,0,0.12,6.99,45,65,6.58,45.83,54.17,46.27,70.15,38.03,49.3
2026-09-09,24,6,2026-09-09 17:46:00,2,開設74周年記念 海の王者決定戦,2,5028,原田 才一郎,1,29,52,0,0,0.18,7.15,57.35,73.53,7.34,55.26,73.68,28.79,43.94,37.5,57.14
2026-09-09,24,6,2026-09-09 17:46:00,2,開設74周年記念 海の王者決定戦,3,4686,丸野 一樹,1,35,52.1,0,0,0.14,7.94,55.1,74.49,6.19,26.92,42.31,35.71,51.79,37.7,57.38
2026-09-09,24,6,2026-09-09 17:46:00,2,開設74周年記念 海の王者決定戦,4,5016,宮田 龍馬,1,28,52,0,0,0.14,6.92,45.26,73.68,7.23,57.69,73.08,28.57,42.86,37.7,55.74
2026-09-09,24,6,2026-09-09 17:46:00,2,開設74周年記念 海の王者決定戦,5,5088,高憧 四季,1,26,44.5,1,0,0.15,6.59,44.19,63.57,6.5,33.33,75,34.29,52.86,38.1,57.14
2026-09-09,24,6,2026-09-09 17:46:00,2,開設74周年記念 海の王者決定戦,6,4320,峰 竜太,1,41,52,0,0,0.13,8.77,62.64,81.32,8.43,61.36,77.27,31.25,46.88,38.71,54.84
2026-09-09,24,7,2026-09-09 18:13:00,2,開設74周年記念 海の王者決定戦,1,4524,深谷 知博,1,38,52,1,0,0.11,6.69,36.62,59.15,6.52,34.78,47.83,40,55.38,32.35,51.47
2026-09-09,24,7,2026-09-09 18:13:00,2,開設74周年記念 海の王者決定戦,2,4503,上野 真之介,1,38,52,0,0,0.11,8.15,64.46,81.82,8.38,75,93.75,47.06,64.71,30.36,42.86
2026-09-09,24,7,2026-09-09 18:13:00,2,開設74周年記念 海の王者決定戦,3,4482,守屋 美穂,1,37,45.5,1,0,0.17,6.24,41.03,56.41,6.27,36.67,66.67,32.79,40.98,39.34,59.02
2026-09-09,24,7,2026-09-09 18:13:00,2,開設74周年記念 海の王者決定戦,4,4715,村上 遼,1,34,51.5,0,0,0.15,6.67,46.97,60.61,6.92,53.47,68.06,43.55,64.52,38.24,55.88
2026-09-09,24,7,2026-09-09 18:13:00,2,開設74周年記念 海の王者決定戦,5,4910,中村 泰平,1,30,51.5,0,0,0.15,7.13,59.05,72.38,4.13,12.5,25,37.5,51.56,34.38,43.75
2026-09-09,24,7,2026-09-09 18:13:00,2,開設74周年記念 海の王者決定戦,6,3822,平尾 崇典,1,53,49.5,0,0,0.15,6.54,50,62.96,7.44,60,76,36.07,42.62,31.75,41.27
2026-09-09,24,8,2026-09-09 18:43:00,2,開設74周年記念 海の王者決定戦,1,4571,菅 章哉,1,38,52,1,0,0.14,6.33,43.42,50,6.46,54.17,62.5,52.94,75,31.75,50.79
2026-09-09,24,8,2026-09-09 18:43:00,2,開設74周年記念 海の王者決定戦,2,4543,重木 輝彦,1,38,52,1,0,0.17,6.64,48.11,66.04,5.23,30.77,50,30.3,51.52,39.34,57.38
2026-09-09,24,8,2026-09-09 18:43:00,2,開設74周年記念 海の王者決定戦,3,4371,西山 貴浩,1,39,52.4,0,0,0.13,7.08,45.92,60.2,7.31,46.88,59.38,40,51.43,39.06,53.13
2026-09-09,24,8,2026-09-09 18:43:00,2,開設74周年記念 海の王者決定戦,4,4961,西橋 奈未,1,30,47,1,0,0.15,6.78,48.11,61.32,5.27,30,36.67,41.27,63.49,40,58.46
2026-09-09,24,8,2026-09-09 18:43:00,2,開設74周年記念 海の王者決定戦,5,4262,馬場 貴也,1,42,52.5,0,0,0.14,7.81,52,72.8,7.1,41.94,58.06,41.27,61.9,32.35,51.47
2026-09-09,24,8,2026-09-09 18:43:00,2,開設74周年記念 海の王者決定戦,6,5026,安河内 健,1,31,54.2,0,0,0.16,6.73,54.95,71.17,6.91,53.7,72.22,31.08,50,35.29,51.47
2026-09-09,24,9,2026-09-09 19:14:00,2,開設74周年記念 海の王者決定戦,1,3415,松井 繁,1,56,52.2,0,0,0.14,7.09,46.02,61.95,7.62,46.15,61.54,38.46,52.31,43.55,51.61
2026-09-09,24,9,2026-09-09 19:14:00,2,開設74周年記念 海の王者決定戦,2,4188,久田 敏之,1,45,52,0,0,0.12,7.88,65.18,77.68,6.45,36.36,63.64,38.03,57.75,36.62,52.11
2026-09-09,24,9,2026-09-09 19:14:00,2,開設74周年記念 海の王者決定戦,3,4096,石橋 道友,1,44,52,0,0,0.15,6.56,50.98,61.76,7.45,61.71,76.57,34.72,58.33,44.44,65.08
2026-09-09,24,9,2026-09-09 19:14:00,2,開設74周年記念 海の王者決定戦,4,4238,毒島 誠,1,42,53,0,0,0.15,7.85,64.37,80.46,7.05,40.91,59.09,35.38,46.15,31.11,53.33
2026-09-09,24,9,2026-09-09 19:14:00,2,開設74周年記念 海の王者決定戦,5,4908,上田 龍星,1,31,52,0,0,0.15,6.8,44.92,68.64,8.19,62.5,68.75,32.2,57.63,32.14,53.57
2026-09-09,24,9,2026-09-09 19:14:00,2,開設74周年記念 海の王者決定戦,6,5058,前原 大道,1,29,52,1,0,0.17,6.58,48.8,64.8,7.31,46.15,84.62,31.67,48.33,32.39,53.52
2026-09-09,24,10,2026-09-09 19:47:00,2,開設74周年記念 海の王者決定戦,1,4719,上條 暢嵩,1,32,51,0,0,0.14,7.55,48.65,67.57,7.36,42.42,60.61,30.16,46.03,35.19,44.44
2026-09-09,24,10,2026-09-09 19:47:00,2,開設74周年記念 海の王者決定戦,2,4174,赤坂 俊輔,1,43,52,0,0,0.15,6.38,44.44,64.96,6.41,43.03,66.67,39.34,59.02,35.82,53.73
2026-09-09,24,10,2026-09-09 19:47:00,2,開設74周年記念 海の王者決定戦,3,3783,瓜生 正義,1,50,51.5,0,0,0.15,6.84,39.52,56.45,6.55,34.09,50,35.59,54.24,31.48,51.85
2026-09-09,24,10,2026-09-09 19:47:00,2,開設74周年記念 海の王者決定戦,4,4494,河合 佑樹,1,39,52.1,1,0,0.15,6.89,47.13,60.92,6.75,25,50,29.69,34.38,33.82,44.12
2026-09-09,24,10,2026-09-09 19:47:00,2,開設74周年記念 海の王者決定戦,5,5224,西岡 顕心,1,25,50.5,0,0,0.15,7.38,51.38,69.72,7.04,60,68,33.33,60.87,31.88,46.38
2026-09-09,24,10,2026-09-09 19:47:00,2,開設74周年記念 海の王者決定戦,6,4084,杉山 正樹,1,46,52.9,0,0,0.16,6.46,43.55,63.71,6.96,54.35,71.74,54.55,71.21,31.43,48.57
2026-09-09,24,11,2026-09-09 20:16:00,2,開設74周年記念 海の王者決定戦,1,4907,小池 修平,1,31,52,0,0,0.15,7.35,58.72,73.39,5.9,28.57,47.62,34.92,52.38,35.59,66.1
2026-09-09,24,11,2026-09-09 20:16:00,2,開設74周年記念 海の王者決定戦,2,4320,峰 竜太,1,41,52,0,0,0.13,8.77,62.64,81.32,8.43,61.36,77.27,31.25,46.88,30.19,47.17
2026-09-09,24,11,2026-09-09 20:16:00,2,開設74周年記念 海の王者決定戦,3,5191,飛田 江己,1,25,52,1,0,0.13,7.23,56.06,75,7.43,56.76,70.27,44.83,58.62,32.2,54.24
2026-09-09,24,11,2026-09-09 20:16:00,2,開設74周年記念 海の王者決定戦,4,4500,山田 康二,1,38,54,0,0,0.13,7.96,57.61,73.91,7.35,58.82,70.59,38.57,55.71,37.7,50.82
2026-09-09,24,11,2026-09-09 20:16:00,2,開設74周年記念 海の王者決定戦,5,4960,黒野 元基,1,30,51.5,0,0,0.14,7.18,55.37,73.55,8.21,71.43,92.86,31.25,62.5,40.32,66.13
2026-09-09,24,11,2026-09-09 20:16:00,2,開設74周年記念 海の王者決定戦,6,3983,須藤 博倫,1,48,52,0,0,0.15,6.78,49.14,71.55,7.11,57.89,68.42,29.51,45.9,32.31,49.23
2026-09-09,24,12,2026-09-09 20:45:00,2,開設74周年記念 海の王者決定戦,1,4686,丸野 一樹,1,35,52.1,0,0,0.14,7.94,55.1,74.49,6.19,26.92,42.31,35.71,51.79,37.7,57.38
2026-09-09,24,12,2026-09-09 20:45:00,2,開設74周年記念 海の王者決定戦,2,3719,辻 栄蔵,1,51,52.1,0,0,0.15,6.7,44.76,62.86,7.31,37.5,68.75,49.23,63.08,39.68,55.56
2026-09-09,24,12,2026-09-09 20:45:00,2,開設74周年記念 海の王者決定戦,3,4075,中野 次郎,1,45,54.3,0,0,0.13,6.48,40.78,58.25,6.43,41.38,62.07,36.51,55.56,32.86,61.43
2026-09-09,24,12,2026-09-09 20:45:00,2,開設74周年記念 海の王者決定戦,4,3952,中澤 和志,1,50,52,0,0,0.14,6.67,48.33,66.67,6.54,41.03,64.1,34.29,50,39.34,57.38
2026-09-09,24,12,2026-09-09 20:45:00,2,開設74周年記念 海の王者決定戦,5,4503,上野 真之介,1,38,52,0,0,0.11,8.15,64.46,81.82,8.38,75,93.75,47.06,64.71,30.36,42.86
2026-09-09,24,12,2026-09-09 20:45:00,2,開設74周年記念 海の王者決定戦,6,4961,西橋 奈未,1,30,47,1,0,0.15,6.78,48.11,61.32,5.27,30,36.67,41.27,63.49,40,58.46
