race_date,stadium_number,race_number,race_closed_at,race_grade_number,race_title,boat_number,racer_number,racer_name,racer_class_number,racer_age,racer_weight,racer_flying_count,racer_late_count,racer_average_start_timing,racer_national_top_1_percent,racer_national_top_2_percent,racer_national_top_3_percent,racer_local_top_1_percent,racer_local_top_2_percent,racer_local_top_3_percent,racer_assigned_motor_top_2_percent,racer_assigned_motor_top_3_percent,racer_assigned_boat_top_2_percent,racer_assigned_boat_top_3_percent
2026-08-21,2,1,2026-08-21 10:47:00,5,ファイティングボートガイド杯,1,3664,鈴木 賢一,3,56,53.2,0,0,0.17,4.58,30.38,44.3,5.52,39.24,49.37,22.22,33.33,42.86,57.14
2026-08-21,2,1,2026-08-21 10:47:00,5,ファイティングボートガイド杯,2,4201,佐竹 友樹,3,44,52.2,0,0,0.18,4.07,17.39,32.17,5.34,32.18,48.28,11.11,22.22,62.5,75
2026-08-21,2,1,2026-08-21 10:47:00,5,ファイティングボートガイド杯,3,5131,江藤 敦宏,3,27,52.1,0,0,0.18,4.19,18.95,32.63,4.67,22.22,44.44,50,62.5,0,11.11
2026-08-21,2,1,2026-08-21 10:47:00,5,ファイティングボートガイド杯,4,5374,木山 大聖,3,23,50,0,0,0.16,3.23,10.98,24.39,0,0,0,14.29,28.57,60,70
2026-08-21,2,1,2026-08-21 10:47:00,5,ファイティングボートガイド杯,5,5405,竹内 来,3,22,52,0,0,0.19,2.24,1.39,13.89,2,0,14.29,62.5,75,38.46,61.54
2026-08-21,2,1,2026-08-21 10:47:00,5,ファイティングボートガイド杯,6,4648,木村 亮太,3,42,52.1,0,0,0.17,5.44,37.8,52.44,0,0,0,28.57,35.71,40,40
2026-08-21,2,2,2026-08-21 11:16:00,5,ファイティングボートガイド杯,1,3286,坂東 満,4,57,52,0,0,0.17,3.31,15.63,26.56,3.62,15.38,26.92,0,16.67,10,30
2026-08-21,2,2,2026-08-21 11:16:00,5,ファイティングボートガイド杯,2,5058,前原 大道,1,29,52,1,0,0.17,6.53,44.93,64.49,7.9,80,90,60,70,50,62.5
2026-08-21,2,2,2026-08-21 11:16:00,5,ファイティングボートガイド杯,3,3105,内山 文典,3,63,53,0,0,0.19,5.06,33.73,50.6,4.73,27.27,45.45,55.56,55.56,30,40
2026-08-21,2,2,2026-08-21 11:16:00,5,ファイティングボートガイド杯,4,3313,本吉 正樹,3,61,54.6,0,0,0.18,4.32,21.28,35.11,3.5,12.5,25,0,0,40,60
2026-08-21,2,2,2026-08-21 11:16:00,5,ファイティングボートガイド杯,5,4439,近藤 友宝,3,40,54.2,1,0,0.17,4.18,19.23,37.18,4.42,23.88,40.3,33.33,33.33,50,75
2026-08-21,2,2,2026-08-21 11:16:00,5,ファイティングボートガイド杯,6,4215,吉島 祥之,2,41,53.8,0,0,0.16,5.37,33.9,51.69,5.59,40.91,50,0,42.86,55.56,77.78
2026-08-21,2,3,2026-08-21 11:45:00,5,ファイティングボートガイド杯,1,5120,山本 稔太朗,3,25,53.3,1,0,0.16,5,32.35,47.06,4.89,27.78,44.44,50,62.5,75,87.5
2026-08-21,2,3,2026-08-21 11:45:00,5,ファイティングボートガイド杯,2,4540,相原 利章,2,38,52.5,1,0,0.12,5.27,30.39,51.96,4.78,25.93,40.74,60,80,55.56,66.67
2026-08-21,2,3,2026-08-21 11:45:00,5,ファイティングボートガイド杯,3,4287,今井 貴士,2,42,54.7,0,0,0.17,6.51,48.54,68.93,6.8,53.33,73.33,0,0,6.67,46.67
2026-08-21,2,3,2026-08-21 11:45:00,5,ファイティングボートガイド杯,4,5070,中島 航,3,32,53.1,0,0,0.22,4.14,20.99,35.8,3,10,10,50,80,0,0
2026-08-21,2,3,2026-08-21 11:45:00,5,ファイティングボートガイド杯,5,5430,鳥本 智史,4,22,51.5,1,0,0.18,1.35,1.96,1.96,0,0,0,57.14,71.43,0,50
2026-08-21,2,3,2026-08-21 11:45:00,5,ファイティングボートガイド杯,6,4189,川上 剛,1,45,53.2,1,0,0.16,5.65,32.5,53.33,0,0,0,42.86,71.43,0,23.53
2026-08-21,2,4,2026-08-21 12:14:00,5,ファイティングボートガイド杯,1,4782,浜崎 準也,3,39,52,1,0,0.18,4.47,19.77,39.53,4.2,20,33.33,42.86,57.14,0,0
2026-08-21,2,4,2026-08-21 12:14:00,5,ファイティングボートガイド杯,2,4942,柴田 朋哉,3,36,52.8,0,0,0.16,5.54,37.19,54.55,4.7,22.22,40.74,42.86,42.86,22.22,33.33
2026-08-21,2,4,2026-08-21 12:14:00,5,ファイティングボートガイド杯,3,3888,山本 英志,2,51,51.5,1,0,0.14,6.05,43.57,60,4.56,33.33,33.33,7.69,23.08,66.67,66.67
2026-08-21,2,4,2026-08-21 12:14:00,5,ファイティングボートガイド杯,4,4496,内堀 学,1,39,52,1,0,0.16,6.62,51.59,69.05,5.67,55.56,61.11,46.67,46.67,20,20
2026-08-21,2,4,2026-08-21 12:14:00,5,ファイティングボートガイド杯,5,3445,加藤 高史,3,56,52.5,0,0,0.18,4.85,23.53,47.06,5.76,39.66,63.79,0,44.44,28.57,57.14
2026-08-21,2,4,2026-08-21 12:14:00,5,ファイティングボートガイド杯,6,4089,妹尾 忠幸,2,45,54.4,0,0,0.16,6.18,42.11,64.04,6.71,42.86,78.57,0,0,20,20
2026-08-21,2,5,2026-08-21 12:44:00,5,ファイティングボートガイド杯,1,4551,三川 昂暁,2,37,52.8,0,0,0.17,5.66,40.91,57.27,8.3,70,80,6.25,18.75,16.67,25
2026-08-21,2,5,2026-08-21 12:44:00,5,ファイティングボートガイド杯,2,4432,黄金井 力良,3,40,54.2,0,0,0.16,5.22,27.84,54.64,5.26,23.08,61.54,33.33,55.56,28.57,42.86
2026-08-21,2,5,2026-08-21 12:44:00,5,ファイティングボートガイド杯,3,4648,木村 亮太,3,42,52.1,0,0,0.17,5.44,37.8,52.44,0,0,0,28.57,35.71,40,40
2026-08-21,2,5,2026-08-21 12:44:00,5,ファイティングボートガイド杯,4,5034,若林 義人,1,28,53.4,0,0,0.12,6.47,50,65.28,6.35,52.94,58.82,66.67,66.67,42.86,71.43
2026-08-21,2,5,2026-08-21 12:44:00,5,ファイティングボートガイド杯,5,5383,中村 楓,3,21,52,0,0,0.17,2.33,0,7.46,1.67,0,0,40,60,62.5,75
2026-08-21,2,5,2026-08-21 12:44:00,5,ファイティングボートガイド杯,6,3517,高橋 勲,3,58,53.4,0,0,0.16,5.83,42.86,58.57,5.17,30.95,45.24,0,0,100,100
2026-08-21,2,6,2026-08-21 13:14:00,5,ファイティングボートガイド杯,1,5098,大江 純,3,30,52,0,0,0.15,5.21,34.29,52.38,4.52,25.93,40.74,0,0,0,16.67
2026-08-21,2,6,2026-08-21 13:14:00,5,ファイティングボートガイド杯,2,5142,常住 蓮,1,25,51,1,0,0.15,7.19,54.03,71.77,0,0,0,66.67,66.67,0,42.86
2026-08-21,2,6,2026-08-21 13:14:00,5,ファイティングボートガイド杯,3,4379,桑島 和宏,2,42,56.2,0,0,0.16,6.12,39.23,63.85,0,0,0,0,16.67,25,33.33
2026-08-21,2,6,2026-08-21 13:14:00,5,ファイティングボートガイド杯,4,4581,吉村 誠,1,37,52,1,0,0.14,6.34,48.36,63.11,6,47.06,64.71,40,60,85.71,100
2026-08-21,2,6,2026-08-21 13:14:00,5,ファイティングボートガイド杯,5,5374,木山 大聖,3,23,50,0,0,0.16,3.23,10.98,24.39,0,0,0,14.29,28.57,60,70
2026-08-21,2,6,2026-08-21 13:14:00,5,ファイティングボートガイド杯,6,3313,本吉 正樹,3,61,54.6,0,0,0.18,4.32,21.28,35.11,3.5,12.5,25,0,0,40,60
2026-08-21,2,7,2026-08-21 13:45:00,5,ファイティングボートガイド杯,1,4191,赤羽 克也,1,45,52,0,0,0.16,6.39,50,66,5.98,49.12,60.53,40,80,23.53,52.94
2026-08-21,2,7,2026-08-21 13:45:00,5,ファイティングボートガイド杯,2,3286,坂東 満,4,57,52,0,0,0.17,3.31,15.63,26.56,3.62,15.38,26.92,0,16.67,10,30
2026-08-21,2,7,2026-08-21 13:45:00,5,ファイティングボートガイド杯,3,3294,野中 義生,3,60,53.1,1,0,0.17,4.29,19.48,41.56,4.52,29.63,33.33,57.14,71.43,44.44,55.56
2026-08-21,2,7,2026-08-21 13:45:00,5,ファイティングボートガイド杯,4,5131,江藤 敦宏,3,27,52.1,0,0,0.18,4.19,18.95,32.63,4.67,22.22,44.44,50,62.5,0,11.11
2026-08-21,2,7,2026-08-21 13:45:00,5,ファイティングボートガイド杯,5,3503,堂原 洋史,3,56,50.5,0,0,0.16,3.71,16.84,23.16,3.89,19.64,30.36,0,0,57.14,64.29
2026-08-21,2,7,2026-08-21 13:45:00,5,ファイティングボートガイド杯,6,5430,鳥本 智史,4,22,51.5,1,0,0.18,1.35,1.96,1.96,0,0,0,57.14,71.43,0,50
2026-08-21,2,8,2026-08-21 14:16:00,5,ファイティングボートガイド杯,1,4234,野相 弘司,3,42,57.5,0,0,0.17,4.81,29.63,43.21,4.69,38.46,38.46,0,16.67,40,60
2026-08-21,2,8,2026-08-21 14:16:00,5,ファイティングボートガイド杯,2,4394,永嶋 裕一,2,40,54,0,0,0.15,6.02,38.74,65.77,6.45,54.55,72.73,28.57,57.14,43.75,56.25
2026-08-21,2,8,2026-08-21 14:16:00,5,ファイティングボートガイド杯,3,4496,内堀 学,1,39,52,1,0,0.16,6.62,51.59,69.05,5.67,55.56,61.11,46.67,46.67,20,20
2026-08-21,2,8,2026-08-21 14:16:00,5,ファイティングボートガイド杯,4,5405,竹内 来,3,22,52,0,0,0.19,2.24,1.39,13.89,2,0,14.29,62.5,75,38.46,61.54
2026-08-21,2,8,2026-08-21 14:16:00,5,ファイティングボートガイド杯,5,4540,相原 利章,2,38,52.5,1,0,0.12,5.27,30.39,51.96,4.78,25.93,40.74,60,80,55.56,66.67
2026-08-21,2,8,2026-08-21 14:16:00,5,ファイティングボートガイド杯,6,4457,神田 達也,3,40,52.3,1,0,0.16,4.43,25.68,39.19,4.15,20,30,44.44,66.67,0,16.67
2026-08-21,2,9,2026-08-21 14:48:00,5,ファイティングボートガイド杯,1,3888,山本 英志,2,51,51.5,1,0,0.14,6.05,43.57,60,4.56,33.33,33.33,7.69,23.08,66.67,66.67
2026-08-21,2,9,2026-08-21 14:48:00,5,ファイティングボートガイド杯,2,4287,今井 貴士,2,42,54.7,0,0,0.17,6.51,48.54,68.93,6.8,53.33,73.33,0,0,6.67,46.67
2026-08-21,2,9,2026-08-21 14:48:00,5,ファイティングボートガイド杯,3,4439,近藤 友宝,3,40,54.2,1,0,0.17,4.18,19.23,37.18,4.42,23.88,40.3,33.33,33.33,50,75
2026-08-21,2,9,2026-08-21 14:48:00,5,ファイティングボートガイド杯,4,4201,佐竹 友樹,3,44,52.2,0,0,0.18,4.07,17.39,32.17,5.34,32.18,48.28,11.11,22.22,62.5,75
2026-08-21,2,9,2026-08-21 14:48:00,5,ファイティングボートガイド杯,5,4618,乃村 康友,3,43,53.9,1,0,0.17,5.09,32.93,54.88,5.19,31.25,56.25,35.29,58.82,11.11,22.22
2026-08-21,2,9,2026-08-21 14:48:00,5,ファイティングボートガイド杯,6,5034,若林 義人,1,28,53.4,0,0,0.12,6.47,50,65.28,6.35,52.94,58.82,66.67,66.67,42.86,71.43
2026-08-21,2,10,2026-08-21 15:21:00,5,ファイティングボートガイド杯,1,4379,桑島 和宏,2,42,56.2,0,0,0.16,6.12,39.23,63.85,0,0,0,0,16.67,25,33.33
2026-08-21,2,10,2026-08-21 15:21:00,5,ファイティングボートガイド杯,2,3105,内山 文典,3,63,53,0,0,0.19,5.06,33.73,50.6,4.73,27.27,45.45,55.56,55.56,38.46,61.54
2026-08-21,2,10,2026-08-21 15:21:00,5,ファイティングボートガイド杯,3,4189,川上 剛,1,45,53.2,1,0,0.16,5.65,32.5,53.33,0,0,0,42.86,71.43,0,23.53
2026-08-21,2,10,2026-08-21 15:21:00,5,ファイティングボートガイド杯,4,4782,浜崎 準也,3,39,52,1,0,0.18,4.47,19.77,39.53,4.2,20,33.33,42.86,57.14,0,0
2026-08-21,2,10,2026-08-21 15:21:00,5,ファイティングボートガイド杯,5,3664,鈴木 賢一,3,56,53.2,0,0,0.17,4.58,30.38,44.3,5.52,39.24,49.37,22.22,33.33,42.86,57.14
2026-08-21,2,10,2026-08-21 15:21:00,5,ファイティングボートガイド杯,6,4472,尾嶋 一広,1,39,54.6,0,0,0.16,6.52,45.08,64.75,7.58,63.64,81.82,10,20,0,0
2026-08-21,2,11,2026-08-21 15:55:00,5,ファイティングボートガイド杯,1,4581,吉村 誠,1,37,51.5,1,0,0.14,6.34,48.36,63.11,6,47.06,64.71,40,60,85.71,100
2026-08-21,2,11,2026-08-21 15:55:00,5,ファイティングボートガイド杯,2,5120,山本 稔太朗,3,25,53.9,1,0,0.16,5,32.35,47.06,4.89,27.78,44.44,50,62.5,75,87.5
2026-08-21,2,11,2026-08-21 15:55:00,5,ファイティングボートガイド杯,3,3508,久富 政弘,2,55,54.6,0,0,0.2,5.28,33.33,52.08,5,33.33,50,21.43,64.29,40,60
2026-08-21,2,11,2026-08-21 15:55:00,5,ファイティングボートガイド杯,4,5383,中村 楓,3,21,52.1,0,0,0.17,2.33,0,7.46,1.67,0,0,40,60,62.5,75
2026-08-21,2,11,2026-08-21 15:55:00,5,ファイティングボートガイド杯,5,4089,妹尾 忠幸,2,45,52.9,0,0,0.16,6.18,42.11,64.04,6.71,42.86,78.57,0,0,20,20
2026-08-21,2,11,2026-08-21 15:55:00,5,ファイティングボートガイド杯,6,5058,前原 大道,1,29,52.1,1,0,0.17,6.53,44.93,64.49,7.9,80,90,60,70,50,62.5
2026-08-21,2,12,2026-08-21 16:30:00,5,ファイティングボートガイド杯,1,5142,常住 蓮,1,25,51,1,0,0.15,7.19,54.03,71.77,0,0,0,66.67,66.67,0,42.86
2026-08-21,2,12,2026-08-21 16:30:00,5,ファイティングボートガイド杯,2,5070,中島 航,3,32,53.1,0,0,0.22,4.14,20.99,35.8,3,10,10,50,80,0,0
2026-08-21,2,12,2026-08-21 16:30:00,5,ファイティングボートガイド杯,3,4191,赤羽 克也,1,45,52,0,0,0.16,6.39,50,66,5.98,49.12,60.53,40,80,23.53,52.94
2026-08-21,2,12,2026-08-21 16:30:00,5,ファイティングボートガイド杯,4,4942,柴田 朋哉,3,36,52.8,0,0,0.16,5.54,37.19,54.55,4.7,22.22,40.74,42.86,42.86,22.22,33.33
2026-08-21,2,12,2026-08-21 16:30:00,5,ファイティングボートガイド杯,5,4066,東本 勝利,2,46,53.3,0,0,0.18,5.95,38.05,61.95,6.17,42.55,70.21,0,16.67,0,0
2026-08-21,2,12,2026-08-21 16:30:00,5,ファイティングボートガイド杯,6,4394,永嶋 裕一,2,40,54,0,0,0.15,6.02,38.74,65.77,6.45,54.55,72.73,28.57,57.14,43.75,56.25
2026-08-21,3,1,2026-08-21 11:14:00,5,第26回スカッとさわやか杯,1,4169,多田 有佑,3,44,52.8,0,0,0.23,4.07,20,28.24,4.02,17.54,33.33,46.15,65.38,31.48,46.3
2026-08-21,3,1,2026-08-21 11:14:00,5,第26回スカッとさわやか杯,2,4129,宇野 博之,3,46,56.1,0,0,0.18,3.74,15.12,30.23,4.2,25.71,31.43,16.98,33.96,25.49,35.29
2026-08-21,3,1,2026-08-21 11:14:00,5,第26回スカッとさわやか杯,3,3652,森下 勇,3,52,55.3,0,0,0.19,3.75,14.94,28.74,4.24,16,36,30.19,54.72,35.85,49.06
2026-08-21,3,1,2026-08-21 11:14:00,5,第26回スカッとさわやか杯,4,5103,芝田 京介,4,28,52.8,0,0,0.2,3.34,17.02,25.53,4,14.08,36.62,23.64,34.55,32.14,53.57
2026-08-21,3,1,2026-08-21 11:14:00,5,第26回スカッとさわやか杯,5,3812,山崎 聖司,3,50,52,0,0,0.18,4.09,14.86,39.19,4.7,25.97,46.75,46.43,57.14,38.89,55.56
2026-08-21,3,1,2026-08-21 11:14:00,5,第26回スカッとさわやか杯,6,5276,大島 隆乃介,3,24,52,0,0,0.17,4.94,24.75,48.51,5.15,25.93,55.56,23.21,42.86,31.48,50
2026-08-21,3,2,2026-08-21 11:41:00,5,第26回スカッとさわやか杯,1,4943,八木 治樹,3,35,54.5,0,0,0.15,4.32,18.52,33.33,5.21,31.03,51.72,34.55,50.91,17.86,33.93
2026-08-21,3,2,2026-08-21 11:41:00,5,第26回スカッとさわやか杯,2,4041,小林 基樹,3,47,52.8,1,0,0.21,4.16,19.35,35.48,4.44,22.22,33.33,31.48,53.7,29.17,39.58
2026-08-21,3,2,2026-08-21 11:41:00,5,第26回スカッとさわやか杯,3,4895,門間 雄大,2,35,53.2,0,0,0.15,5.07,24.47,48.94,2.75,0,12.5,26.42,45.28,50,63.46
2026-08-21,3,2,2026-08-21 11:41:00,5,第26回スカッとさわやか杯,4,4213,重富 伸也,3,42,53.7,1,0,0.16,3.76,21.35,29.21,4.7,27.27,39.39,39.62,58.49,30.77,50
2026-08-21,3,2,2026-08-21 11:41:00,5,第26回スカッとさわやか杯,5,4167,片岡 秀樹,3,44,55.6,0,0,0.16,4.21,17.86,33.33,5.36,36,60,32.08,49.06,36.54,50
2026-08-21,3,2,2026-08-21 11:41:00,5,第26回スカッとさわやか杯,6,5101,表 健太,3,29,54.8,0,0,0.19,3.13,4.41,19.12,4.1,30,30,47.37,57.89,40,56.36
2026-08-21,3,3,2026-08-21 12:08:00,5,第26回スカッとさわやか杯,1,5307,富永 夏哉人,3,23,50.5,0,0,0.19,4.67,28.3,43.4,5.56,33.33,55.56,18.97,37.93,41.51,52.83
2026-08-21,3,3,2026-08-21 12:08:00,5,第26回スカッとさわやか杯,2,5249,三木 晴斗,3,24,52.3,0,0,0.16,5.08,29.76,51.19,4.89,21.43,53.57,28.3,37.74,24.56,36.84
2026-08-21,3,3,2026-08-21 12:08:00,5,第26回スカッとさわやか杯,3,4124,池田 雄一,2,44,52.5,1,0,0.16,5.89,40.38,63.46,6.53,41.18,70.59,33.33,51.85,31.48,51.85
2026-08-21,3,3,2026-08-21 12:08:00,5,第26回スカッとさわやか杯,4,5063,大塚 雅治,3,28,52,0,0,0.21,4.6,21.59,44.32,3.73,16.67,31.25,49.12,70.18,38.89,53.7
2026-08-21,3,3,2026-08-21 12:08:00,5,第26回スカッとさわやか杯,5,4790,柳内 敬太,1,36,52,1,0,0.15,6.13,39.05,70.48,0,0,0,36.54,55.77,35.09,52.63
2026-08-21,3,3,2026-08-21 12:08:00,5,第26回スカッとさわやか杯,6,3935,岩津 徹郎,3,49,54.1,0,0,0.17,5.32,35.87,54.35,5.21,42.42,48.48,48.15,62.96,23.21,42.86
2026-08-21,3,4,2026-08-21 12:35:00,5,第26回スカッとさわやか杯,1,5329,金子 龍斗,3,22,50.5,1,0,0.16,4.93,32.86,45.71,3.88,12,32,28.85,42.31,22.22,51.85
2026-08-21,3,4,2026-08-21 12:35:00,5,第26回スカッとさわやか杯,2,5259,野田 昇吾,4,33,55.6,0,0,0.18,3.29,10.67,24,2.75,8.45,16.9,30.19,43.4,49.06,62.26
2026-08-21,3,4,2026-08-21 12:35:00,5,第26回スカッとさわやか杯,3,5065,伊久間 陽優,2,28,52.9,1,0,0.12,5.33,37.93,48.28,5.06,37.5,46.88,40.38,61.54,35.29,52.94
2026-08-21,3,4,2026-08-21 12:35:00,5,第26回スカッとさわやか杯,4,4693,松下 誉士,3,42,53.5,0,0,0.19,3.93,19.05,31.43,4.8,25.45,41.82,35.85,50.94,41.38,58.62
2026-08-21,3,4,2026-08-21 12:35:00,5,第26回スカッとさわやか杯,5,4475,末永 祐輝,1,38,53.1,0,0,0.16,5.74,34.31,60.58,6.47,42.55,72.34,29.63,40.74,27.45,39.22
2026-08-21,3,4,2026-08-21 12:35:00,5,第26回スカッとさわやか杯,6,3989,熊本 英一,3,48,59.1,0,0,0.21,4.02,20.65,33.7,3.23,13.64,22.73,38.89,57.41,30.91,54.55
2026-08-21,3,5,2026-08-21 13:02:00,5,第26回スカッとさわやか杯,1,5048,眞鳥 康太,3,32,54,0,0,0.21,4.55,25.97,42.86,5.94,48.48,66.67,41.51,50.94,32.69,48.08
2026-08-21,3,5,2026-08-21 13:02:00,5,第26回スカッとさわやか杯,2,5100,栗原 一馬,3,29,56.2,1,0,0.17,4.74,28.21,46.15,4.82,23.53,41.18,25,44.23,33.93,48.21
2026-08-21,3,5,2026-08-21 13:02:00,5,第26回スカッとさわやか杯,3,4857,加藤 翔馬,1,29,54.7,0,0,0.16,7.15,60,75.38,6.57,42.86,71.43,48.08,65.38,34.55,52.73
2026-08-21,3,5,2026-08-21 13:02:00,5,第26回スカッとさわやか杯,4,5290,坂本 一真,3,25,52,0,0,0.17,3.36,13.33,24,3.03,9.18,20.41,23.21,33.93,24.56,36.84
2026-08-21,3,5,2026-08-21 13:02:00,5,第26回スカッとさわやか杯,5,4403,木下 大將,2,41,52.5,0,0,0.15,6.5,47.41,68.97,5.65,44.12,58.82,25.93,38.89,35.85,58.49
2026-08-21,3,5,2026-08-21 13:02:00,5,第26回スカッとさわやか杯,6,5388,佐野 優都,3,19,52,2,0,0.14,3.63,15,30,4.17,16.67,38.89,23.08,48.08,31.48,50
2026-08-21,3,6,2026-08-21 13:31:00,5,第26回スカッとさわやか杯,1,5199,垂水 悠,3,24,55.6,0,0,0.11,4.77,29.47,44.21,8.09,72.73,81.82,30.36,44.64,44.44,61.11
2026-08-21,3,6,2026-08-21 13:31:00,5,第26回スカッとさわやか杯,2,3652,森下 勇,3,52,55.3,0,0,0.19,3.75,14.94,28.74,4.24,16,36,30.19,54.72,35.85,49.06
2026-08-21,3,6,2026-08-21 13:31:00,5,第26回スカッとさわやか杯,3,5253,藤井 太雅,4,23,52.5,1,0,0.27,3.15,6.25,16.67,3.42,12.12,28.79,35.85,52.83,37.5,53.57
2026-08-21,3,6,2026-08-21 13:31:00,5,第26回スカッとさわやか杯,4,5137,川原 涼,2,26,53,0,0,0.17,5.24,37.84,51.35,4.72,30.56,41.67,29.31,44.83,23.53,39.22
2026-08-21,3,6,2026-08-21 13:31:00,5,第26回スカッとさわやか杯,5,4041,小林 基樹,3,47,52.8,1,0,0.21,4.16,19.35,35.48,4.44,22.22,33.33,31.48,53.7,29.17,39.58
2026-08-21,3,6,2026-08-21 13:31:00,5,第26回スカッとさわやか杯,6,5028,原田 才一郎,1,29,52,0,0,0.18,7.21,58.21,74.63,6.47,47.37,63.16,29.63,44.44,57.69,71.15
2026-08-21,3,7,2026-08-21 13:57:00,5,第26回スカッとさわやか杯,1,5312,川辺 郭人,3,26,54.2,1,0,0.17,3.7,12.87,27.72,2.4,0,10,25.45,43.64,30.77,46.15
2026-08-21,3,7,2026-08-21 13:57:00,5,第26回スカッとさわやか杯,2,5132,中野 希一,1,27,52,1,0,0.13,6.94,57.34,72.03,6.43,45.95,67.57,45.1,66.67,33.96,60.38
2026-08-21,3,7,2026-08-21 13:57:00,5,第26回スカッとさわやか杯,3,5276,大島 隆乃介,3,24,52,0,0,0.17,4.94,24.75,48.51,5.15,25.93,55.56,23.21,42.86,31.48,50
2026-08-21,3,7,2026-08-21 13:57:00,5,第26回スカッとさわやか杯,4,4167,片岡 秀樹,3,44,55.6,0,0,0.16,4.21,17.86,33.33,5.36,36,60,32.08,49.06,36.54,50
2026-08-21,3,7,2026-08-21 13:57:00,5,第26回スカッとさわやか杯,5,3935,岩津 徹郎,3,49,54.1,0,0,0.17,5.32,35.87,54.35,5.21,42.42,48.48,48.15,62.96,23.21,42.86
2026-08-21,3,7,2026-08-21 13:57:00,5,第26回スカッとさわやか杯,6,5252,荒木 颯斗,2,23,52.1,0,0,0.14,6,41.6,60.8,5.67,30,66.67,30.36,50,48.21,64.29
2026-08-21,3,8,2026-08-21 14:24:00,5,第26回スカッとさわやか杯,1,5210,藤井 公人,2,27,55.2,0,0,0.15,5.69,44.34,54.72,4.36,20.51,41.03,39.29,57.14,24.49,42.86
2026-08-21,3,8,2026-08-21 14:24:00,5,第26回スカッとさわやか杯,2,5329,金子 龍斗,3,22,50.5,1,0,0.16,4.93,32.86,45.71,3.88,12,32,28.85,42.31,22.22,51.85
2026-08-21,3,8,2026-08-21 14:24:00,5,第26回スカッとさわやか杯,3,4118,宇佐見 淳,2,45,52,0,0,0.15,5.69,35.66,60.47,6.29,48.89,60,41.51,62.26,43.64,58.18
2026-08-21,3,8,2026-08-21 14:24:00,5,第26回スカッとさわやか杯,4,4705,吉川 勇作,3,38,54.1,1,0,0.15,2.96,11,19,4.3,18.18,31.82,22.64,37.74,32.73,52.73
2026-08-21,3,8,2026-08-21 14:24:00,5,第26回スカッとさわやか杯,5,4169,多田 有佑,3,44,52.8,0,0,0.23,4.07,20,28.24,4.02,17.54,33.33,46.15,65.38,31.48,46.3
2026-08-21,3,8,2026-08-21 14:24:00,5,第26回スカッとさわやか杯,6,5249,三木 晴斗,3,24,52.3,0,0,0.16,5.08,29.76,51.19,4.89,21.43,53.57,28.3,37.74,24.56,36.84
2026-08-21,3,9,2026-08-21 14:52:00,5,第26回スカッとさわやか杯,1,4790,柳内 敬太,1,36,52,1,0,0.15,6.13,39.05,70.48,0,0,0,36.54,55.77,35.09,52.63
2026-08-21,3,9,2026-08-21 14:52:00,5,第26回スカッとさわやか杯,2,5290,坂本 一真,3,25,52,0,0,0.17,3.36,13.33,24,3.03,9.18,20.41,23.21,33.93,24.56,36.84
2026-08-21,3,9,2026-08-21 14:52:00,5,第26回スカッとさわやか杯,3,4129,宇野 博之,3,46,56.1,0,0,0.18,3.74,15.12,30.23,4.2,25.71,31.43,16.98,33.96,25.49,35.29
2026-08-21,3,9,2026-08-21 14:52:00,5,第26回スカッとさわやか杯,4,5065,伊久間 陽優,2,28,52.9,1,0,0.12,5.33,37.93,48.28,5.06,37.5,46.88,40.38,61.54,35.29,52.94
2026-08-21,3,9,2026-08-21 14:52:00,5,第26回スカッとさわやか杯,5,5101,表 健太,3,29,54.8,0,0,0.19,3.13,4.41,19.12,4.1,30,30,47.37,57.89,40,56.36
2026-08-21,3,9,2026-08-21 14:52:00,5,第26回スカッとさわやか杯,6,5261,岡 暢祐,3,28,52.1,0,0,0.18,4.06,18.52,32.1,4.45,21.21,39.39,38,48,20.37,31.48
2026-08-21,3,10,2026-08-21 15:22:00,5,第26回スカッとさわやか杯,1,4933,板橋 侑我,2,30,53.2,0,0,0.14,6.02,34.41,51.61,6.41,47.06,61.76,23.53,45.1,22.81,43.86
2026-08-21,3,10,2026-08-21 15:22:00,5,第26回スカッとさわやか杯,2,5181,森 智哉,3,28,52.3,1,0,0.16,5.14,34.21,50,4.92,33.33,33.33,16.67,37.04,28.57,42.86
2026-08-21,3,10,2026-08-21 15:22:00,5,第26回スカッとさわやか杯,3,5063,大塚 雅治,3,28,52,0,0,0.21,4.6,21.59,44.32,3.73,16.67,31.25,49.12,70.18,38.89,53.7
2026-08-21,3,10,2026-08-21 15:22:00,5,第26回スカッとさわやか杯,4,4403,木下 大將,2,41,52.5,0,0,0.15,6.5,47.41,68.97,5.65,44.12,58.82,25.93,38.89,35.85,58.49
2026-08-21,3,10,2026-08-21 15:22:00,5,第26回スカッとさわやか杯,5,4161,黒柳 浩孝,3,44,54.6,0,0,0.16,5.35,34.96,55.28,6.14,39.84,61.79,35.29,49.02,33.33,54.9
2026-08-21,3,10,2026-08-21 15:22:00,5,第26回スカッとさわやか杯,6,5103,芝田 京介,4,28,52.8,0,0,0.2,3.34,17.02,25.53,4,14.08,36.62,23.64,34.55,32.14,53.57
2026-08-21,3,11,2026-08-21 15:53:00,5,第26回スカッとさわやか杯,1,4475,末永 祐輝,1,38,53.1,0,0,0.16,5.74,34.31,60.58,6.47,42.55,72.34,29.63,40.74,27.45,39.22
2026-08-21,3,11,2026-08-21 15:53:00,5,第26回スカッとさわやか杯,2,4124,池田 雄一,2,44,52.5,1,0,0.16,5.89,40.38,63.46,6.53,41.18,70.59,33.33,51.85,31.48,51.85
2026-08-21,3,11,2026-08-21 15:53:00,5,第26回スカッとさわやか杯,3,4943,八木 治樹,3,35,54.5,0,0,0.15,4.32,18.52,33.33,5.21,31.03,51.72,34.55,50.91,17.86,33.93
2026-08-21,3,11,2026-08-21 15:53:00,5,第26回スカッとさわやか杯,4,5199,垂水 悠,3,24,55.6,0,0,0.11,4.77,29.47,44.21,8.09,72.73,81.82,30.36,44.64,44.44,61.11
2026-08-21,3,11,2026-08-21 15:53:00,5,第26回スカッとさわやか杯,5,5048,眞鳥 康太,3,32,54,0,0,0.21,4.55,25.97,42.86,5.94,48.48,66.67,41.51,50.94,32.69,48.08
2026-08-21,3,11,2026-08-21 15:53:00,5,第26回スカッとさわやか杯,6,3715,倉尾 大介,2,51,53.9,1,0,0.17,5.5,34.15,59.76,4.86,28.57,28.57,36.54,51.92,25,46.43
2026-08-21,3,12,2026-08-21 16:27:00,5,第26回スカッとさわやか杯,1,4504,前田 将太,1,38,54.8,0,0,0.15,6.83,49.61,68.5,6.19,38.1,57.14,50,71.15,46.3,61.11
2026-08-21,3,12,2026-08-21 16:27:00,5,第26回スカッとさわやか杯,2,4028,田村 隆信,1,48,57.4,0,0,0.15,5.79,40.74,51.85,6.3,36.36,57.58,44.23,63.46,31.37,43.14
2026-08-21,3,12,2026-08-21 16:27:00,5,第26回スカッとさわやか杯,3,5028,原田 才一郎,1,29,52,0,0,0.18,7.21,58.21,74.63,6.47,47.37,63.16,29.63,44.44,57.69,71.15
2026-08-21,3,12,2026-08-21 16:27:00,5,第26回スカッとさわやか杯,4,4857,加藤 翔馬,1,29,54.7,0,0,0.16,7.15,60,75.38,6.57,42.86,71.43,48.08,65.38,34.55,52.73
2026-08-21,3,12,2026-08-21 16:27:00,5,第26回スカッとさわやか杯,5,4737,竹井 貴史,1,35,54.2,1,0,0.16,7.02,58.72,74.31,7.78,77.78,77.78,29.63,48.15,44,66
2026-08-21,3,12,2026-08-21 16:27:00,5,第26回スカッとさわやか杯,6,5132,中野 希一,1,27,52,1,0,0.13,6.94,57.34,72.03,6.43,45.95,67.57,45.1,66.67,33.96,60.38
2026-08-21,4,1,2026-08-21 11:55:00,5,auじぶん銀行賞,1,5245,倉富 大誠,3,24,52,0,0,0.18,5.32,35.63,51.72,4.23,19.23,34.62,36.67,50,38.46,64.1
2026-08-21,4,1,2026-08-21 11:55:00,5,auじぶん銀行賞,2,5138,村本 大成,3,26,52.6,0,0,0.19,3.69,12.5,34.72,0,0,0,29.73,51.35,18.18,36.36
2026-08-21,4,1,2026-08-21 11:55:00,5,auじぶん銀行賞,3,4345,西舘 健,2,41,54.4,1,0,0.15,5.5,41.12,53.27,4.64,25.45,41.82,41.18,55.88,40,55.56
2026-08-21,4,1,2026-08-21 11:55:00,5,auじぶん銀行賞,4,3339,泉 具巳,3,61,54.5,0,0,0.17,4.53,30.86,40.74,5,21.05,47.37,14.29,37.14,35.29,44.12
2026-08-21,4,1,2026-08-21 11:55:00,5,auじぶん銀行賞,5,3544,豊田 訓靖,3,57,52.2,0,0,0.2,4.05,15.96,35.11,4.75,14.29,50,36.96,52.17,41.46,60.98
2026-08-21,4,1,2026-08-21 11:55:00,5,auじぶん銀行賞,6,4545,岡村 慶太,1,38,55.1,0,0,0.15,7.26,60.68,74.36,4.78,44.44,44.44,38.3,44.68,38.1,52.38
2026-08-21,4,2,2026-08-21 12:24:00,5,auじぶん銀行賞,1,4295,小坂 尚哉,1,39,51.5,0,0,0.14,7.36,57.58,81.06,7.06,52.94,82.35,26.83,43.9,37.74,58.49
2026-08-21,4,2,2026-08-21 12:24:00,5,auじぶん銀行賞,2,3419,栗原 謙治,4,56,56.2,0,0,0.22,2.1,0,6.45,3.64,18.18,27.27,21.95,43.9,30.23,51.16
2026-08-21,4,2,2026-08-21 12:24:00,5,auじぶん銀行賞,3,4729,佐藤 謙史朗,3,37,54.7,0,0,0.19,4.31,21.18,36.47,3.64,14.29,28.57,49.09,65.45,28.21,43.59
2026-08-21,4,2,2026-08-21 12:24:00,5,auじぶん銀行賞,4,5349,宮崎 奏磨,4,22,52,1,0,0.19,1.3,0,1.32,0,0,0,25,36.11,15.79,36.84
2026-08-21,4,2,2026-08-21 12:24:00,5,auじぶん銀行賞,5,3461,渡邊 哲也,3,59,58.2,0,0,0.19,2.88,10,15,2.43,7.14,21.43,16.67,44.44,36.84,57.89
2026-08-21,4,2,2026-08-21 12:24:00,5,auじぶん銀行賞,6,4533,峰重 侑治,3,37,50,0,0,0.18,4.26,20.97,37.1,7,60,70,18.75,37.5,36.17,59.57
2026-08-21,4,3,2026-08-21 12:54:00,5,auじぶん銀行賞,1,5152,丸山 祐也,3,31,50,0,0,0.23,3.37,7.23,21.69,4.57,42.86,42.86,19.35,45.16,27.78,48.15
2026-08-21,4,3,2026-08-21 12:54:00,5,auじぶん銀行賞,2,4522,古澤 光紀,2,38,53.3,0,0,0.15,6.32,47.66,64.49,0,0,0,42.86,59.52,27.78,59.26
2026-08-21,4,3,2026-08-21 12:54:00,5,auじぶん銀行賞,3,5301,岩下 巧斗,3,23,52,0,0,0.15,5.28,32.04,48.54,3.98,13.04,26.09,17.95,25.64,35.42,52.08
2026-08-21,4,3,2026-08-21 12:54:00,5,auじぶん銀行賞,4,3277,齋藤 勇,3,59,52.2,0,0,0.18,4.49,22.22,35.56,4.56,22.22,44.44,17.5,30,43.24,51.35
2026-08-21,4,3,2026-08-21 12:54:00,5,auじぶん銀行賞,5,4075,中野 次郎,1,45,53.8,0,0,0.13,6.5,41.12,57.01,6.26,33.87,53.23,31.11,46.67,51.11,62.22
2026-08-21,4,3,2026-08-21 12:54:00,5,auじぶん銀行賞,6,4661,中島 昂章,2,34,52.3,0,0,0.18,5.49,36.3,57.78,6,44.44,66.67,21.43,39.29,33.33,43.14
2026-08-21,4,4,2026-08-21 13:24:00,5,auじぶん銀行賞,1,5178,成貞 琳平,3,30,53.2,0,0,0.19,4.05,17.43,35.78,3.17,16.67,16.67,20.51,33.33,18.75,31.25
2026-08-21,4,4,2026-08-21 13:24:00,5,auじぶん銀行賞,2,3940,飯山 泰,1,48,52,0,0,0.14,6.39,48.51,64.18,6.01,38.03,60.56,62.9,75.81,32.61,54.35
2026-08-21,4,4,2026-08-21 13:24:00,5,auじぶん銀行賞,3,5125,高井 雄基,2,30,52.3,1,0,0.17,5.03,27.1,48.6,4.5,33.33,33.33,25,36.11,24.39,26.83
2026-08-21,4,4,2026-08-21 13:24:00,5,auじぶん銀行賞,4,4779,伊倉 光,3,40,52,0,0,0.18,5.46,30.21,55.21,4.6,21.79,41.03,29.27,46.34,32.56,58.14
2026-08-21,4,4,2026-08-21 13:24:00,5,auじぶん銀行賞,5,3685,荒井 輝年,2,52,56.5,1,0,0.15,5.82,40.45,55.06,3.75,12.5,25,46.34,68.29,35.14,56.76
2026-08-21,4,4,2026-08-21 13:24:00,5,auじぶん銀行賞,6,3933,山地 正樹,3,50,52,0,0,0.17,5.94,44.35,64.35,4.85,23.53,52.94,36.96,54.35,29.73,54.05
2026-08-21,4,5,2026-08-21 13:55:00,5,auじぶん銀行賞,1,5167,小川 竜太朗,3,26,52,0,0,0.16,5.31,32.94,50.59,4.6,23.26,39.53,30.77,41.03,36.36,47.73
2026-08-21,4,5,2026-08-21 13:55:00,5,auじぶん銀行賞,2,4503,上野 真之介,1,38,52,0,0,0.11,8.11,63.49,77.78,0,0,0,30,45,45.24,61.9
2026-08-21,4,5,2026-08-21 13:55:00,5,auじぶん銀行賞,3,4944,田代 達也,3,35,53.1,0,0,0.17,3.93,16.87,31.33,4.38,21.05,35.53,20.59,35.29,33.33,53.33
2026-08-21,4,5,2026-08-21 13:55:00,5,auじぶん銀行賞,4,4917,岩橋 裕馬,3,38,52,0,0,0.17,4.43,23.33,31.11,5.25,37.5,50,22.22,41.67,25.53,44.68
2026-08-21,4,5,2026-08-21 13:55:00,5,auじぶん銀行賞,5,4886,入海 馨,2,30,52.2,0,0,0.14,6.19,35.29,58.82,5.88,52.94,52.94,27.91,46.51,53.49,67.44
2026-08-21,4,5,2026-08-21 13:55:00,5,auじぶん銀行賞,6,4095,福来 剛,1,45,52,2,0,0.13,7.06,61.16,71.9,6.65,50.88,66.67,27.91,41.86,32.65,61.22
2026-08-21,4,6,2026-08-21 14:26:00,5,auじぶん銀行賞,1,4815,伏島 祐介,3,36,52,0,0,0.2,3.32,12,22,3.72,24,32,27.91,41.86,46.81,59.57
2026-08-21,4,6,2026-08-21 14:26:00,5,auじぶん銀行賞,2,4632,長尾 京志郎,3,37,52.3,0,0,0.2,4.78,27.54,47.83,5.13,25,50,23.81,38.1,26.67,42.22
2026-08-21,4,6,2026-08-21 14:26:00,5,auじぶん銀行賞,3,3960,菊地 孝平,1,48,52,0,0,0.11,6.56,35.9,53.85,8.9,80,100,22.5,52.5,30.23,46.51
2026-08-21,4,6,2026-08-21 14:26:00,5,auじぶん銀行賞,4,3544,豊田 訓靖,3,57,52.2,0,0,0.2,4.05,15.96,35.11,4.75,14.29,50,36.96,52.17,41.46,60.98
2026-08-21,4,6,2026-08-21 14:26:00,5,auじぶん銀行賞,5,4413,水摩 敦,2,40,52,0,0,0.18,5.87,36.3,62.22,5.3,40,50,18.75,37.5,17.5,30
2026-08-21,4,6,2026-08-21 14:26:00,5,auじぶん銀行賞,6,3412,鈴木 博,1,56,53,0,0,0.16,6.59,51.64,70.49,7.38,59.38,81.25,21.43,35.71,25,45
2026-08-21,4,7,2026-08-21 14:58:00,5,auじぶん銀行賞,1,3202,三品 隆浩,3,61,52,0,0,0.2,4.32,24.21,34.74,5.27,35.42,47.92,37.14,51.43,33.33,50
2026-08-21,4,7,2026-08-21 14:58:00,5,auじぶん銀行賞,2,4545,岡村 慶太,1,38,55.1,0,0,0.15,7.26,60.68,74.36,4.78,44.44,44.44,38.3,44.68,38.1,52.38
2026-08-21,4,7,2026-08-21 14:58:00,5,auじぶん銀行賞,3,4105,松下 直也,3,46,52,0,0,0.19,5.4,33.01,57.28,5.67,44.44,66.67,34.78,52.17,35.42,54.17
2026-08-21,4,7,2026-08-21 14:58:00,5,auじぶん銀行賞,4,3461,渡邊 哲也,3,59,58.2,0,0,0.19,2.88,10,15,2.43,7.14,21.43,16.67,44.44,36.84,57.89
2026-08-21,4,7,2026-08-21 14:58:00,5,auじぶん銀行賞,5,4661,中島 昂章,2,34,52.3,0,0,0.18,5.49,36.3,57.78,6,44.44,66.67,21.43,39.29,33.33,43.14
2026-08-21,4,7,2026-08-21 14:58:00,5,auじぶん銀行賞,6,4306,畔柳 俊吾,3,42,51,0,0,0.21,4.66,24.04,43.27,5.56,32.35,55.88,15.79,28.95,22.22,40
2026-08-21,4,8,2026-08-21 15:31:00,5,auじぶん銀行賞,1,4345,西舘 健,2,41,54.4,1,0,0.15,5.5,41.12,53.27,4.64,25.45,41.82,41.18,55.88,40,55.56
2026-08-21,4,8,2026-08-21 15:31:00,5,auじぶん銀行賞,2,5349,宮崎 奏磨,4,22,52,1,0,0.19,1.3,0,1.32,0,0,0,25,36.11,15.79,36.84
2026-08-21,4,8,2026-08-21 15:31:00,5,auじぶん銀行賞,3,5178,成貞 琳平,3,30,53.2,0,0,0.19,4.05,17.43,35.78,3.17,16.67,16.67,20.51,33.33,18.75,31.25
2026-08-21,4,8,2026-08-21 15:31:00,5,auじぶん銀行賞,4,4075,中野 次郎,1,45,53.8,0,0,0.13,6.5,41.12,57.01,6.26,33.87,53.23,31.11,46.67,51.11,62.22
2026-08-21,4,8,2026-08-21 15:31:00,5,auじぶん銀行賞,5,3982,福田 理,3,48,55.3,0,0,0.18,4.13,21.11,33.33,3.57,14.29,28.57,38.3,59.57,35.71,52.38
2026-08-21,4,8,2026-08-21 15:31:00,5,auじぶん銀行賞,6,3790,佐口 達也,3,54,53.4,0,0,0.2,4.65,25.23,42.06,3.2,6.67,20,27.5,50,19.51,29.27
2026-08-21,4,9,2026-08-21 16:05:00,5,auじぶん銀行賞,1,3277,齋藤 勇,3,59,52.2,0,0,0.18,4.49,22.22,35.56,4.56,22.22,44.44,17.5,30,43.24,51.35
2026-08-21,4,9,2026-08-21 16:05:00,5,auじぶん銀行賞,2,5073,上原 健次郎,2,31,52.1,0,0,0.18,5.38,31.58,43.86,5.22,29.63,55.56,29.27,46.34,34.21,52.63
2026-08-21,4,9,2026-08-21 16:05:00,5,auじぶん銀行賞,3,3339,泉 具巳,3,61,54.5,0,0,0.17,4.53,30.86,40.74,5,21.05,47.37,14.29,37.14,35.29,44.12
2026-08-21,4,9,2026-08-21 16:05:00,5,auじぶん銀行賞,4,4944,田代 達也,3,35,53.1,0,0,0.17,3.93,16.87,31.33,4.38,21.05,35.53,20.59,35.29,33.33,53.33
2026-08-21,4,9,2026-08-21 16:05:00,5,auじぶん銀行賞,5,4295,小坂 尚哉,1,39,51.5,0,0,0.14,7.36,57.58,81.06,7.06,52.94,82.35,26.83,43.9,37.74,58.49
2026-08-21,4,9,2026-08-21 16:05:00,5,auじぶん銀行賞,6,5125,高井 雄基,2,30,52.3,1,0,0.17,5.03,27.1,48.6,4.5,33.33,33.33,25,36.11,24.39,26.83
2026-08-21,4,10,2026-08-21 16:37:00,5,auじぶん銀行賞,1,4522,古澤 光紀,2,38,53.3,0,0,0.15,6.32,47.66,64.49,0,0,0,42.86,59.52,27.78,59.26
2026-08-21,4,10,2026-08-21 16:37:00,5,auじぶん銀行賞,2,3717,立間 充宏,2,51,54.6,0,0,0.18,5.56,32.99,51.55,5,0,50,16.22,24.32,45.65,60.87
2026-08-21,4,10,2026-08-21 16:37:00,5,auじぶん銀行賞,3,4779,伊倉 光,3,40,52,0,0,0.18,5.46,30.21,55.21,4.6,21.79,41.03,29.27,46.34,32.56,58.14
2026-08-21,4,10,2026-08-21 16:37:00,5,auじぶん銀行賞,4,4503,上野 真之介,1,38,52,0,0,0.11,8.11,63.49,77.78,0,0,0,30,45,45.24,61.9
2026-08-21,4,10,2026-08-21 16:37:00,5,auじぶん銀行賞,5,5138,村本 大成,3,26,52.6,0,0,0.19,3.69,12.5,34.72,0,0,0,29.73,51.35,18.18,36.36
2026-08-21,4,10,2026-08-21 16:37:00,5,auじぶん銀行賞,6,4202,浮田 圭浩,3,44,53.7,0,0,0.19,4.29,20,41.18,4.75,25,43.75,12.5,31.25,48.84,62.79
2026-08-21,4,11,2026-08-21 17:08:00,5,auじぶん銀行賞,1,4886,入海 馨,2,30,51.5,0,0,0.14,6.19,35.29,58.82,5.88,52.94,52.94,27.91,46.51,53.49,67.44
2026-08-21,4,11,2026-08-21 17:08:00,5,auじぶん銀行賞,2,4252,松下 哲也,3,43,50,0,0,0.19,4.79,26.47,45.1,5.5,20,70,48.33,68.33,51.16,72.09
2026-08-21,4,11,2026-08-21 17:08:00,5,auじぶん銀行賞,3,3419,栗原 謙治,4,56,56,0,0,0.22,2.1,0,6.45,3.64,18.18,27.27,21.95,43.9,30.23,51.16
2026-08-21,4,11,2026-08-21 17:08:00,5,auじぶん銀行賞,4,5152,丸山 祐也,3,31,49.5,0,0,0.23,3.37,7.23,21.69,4.57,42.86,42.86,19.35,45.16,27.78,48.15
2026-08-21,4,11,2026-08-21 17:08:00,5,auじぶん銀行賞,5,3412,鈴木 博,1,56,52.4,0,0,0.16,6.59,51.64,70.49,7.38,59.38,81.25,21.43,35.71,25,45
2026-08-21,4,11,2026-08-21 17:08:00,5,auじぶん銀行賞,6,3940,飯山 泰,1,48,51,0,0,0.14,6.39,48.51,64.18,6.01,38.03,60.56,62.9,75.81,32.61,54.35
2026-08-21,4,12,2026-08-21 17:42:00,5,auじぶん銀行賞,1,3960,菊地 孝平,1,48,52,0,0,0.11,6.56,35.9,53.85,8.9,80,100,22.5,52.5,30.23,46.51
2026-08-21,4,12,2026-08-21 17:42:00,5,auじぶん銀行賞,2,3685,荒井 輝年,2,52,56.5,1,0,0.15,5.82,40.45,55.06,3.75,12.5,25,46.34,68.29,35.14,56.76
2026-08-21,4,12,2026-08-21 17:42:00,5,auじぶん銀行賞,3,4533,峰重 侑治,3,37,50,0,0,0.18,4.26,20.97,37.1,7,60,70,18.75,37.5,36.17,59.57
2026-08-21,4,12,2026-08-21 17:42:00,5,auじぶん銀行賞,4,4306,畔柳 俊吾,3,42,51,0,0,0.21,4.66,24.04,43.27,5.56,32.35,55.88,15.79,28.95,22.22,40
2026-08-21,4,12,2026-08-21 17:42:00,5,auじぶん銀行賞,5,4095,福来 剛,1,45,52,2,0,0.13,7.06,61.16,71.9,6.65,50.88,66.67,27.91,41.86,32.65,61.22
2026-08-21,4,12,2026-08-21 17:42:00,5,auじぶん銀行賞,6,5301,岩下 巧斗,3,23,52,0,0,0.15,5.28,32.04,48.54,3.98,13.04,26.09,17.95,25.64,35.42,52.08
2026-08-21,6,1,2026-08-21 11:33:00,5,デイリースポーツ杯,1,3981,今坂 晃広,3,48,53.1,0,0,0.18,3.91,18.97,31.03,4.54,28.07,42.11,17.46,38.1,35.47,51.23
2026-08-21,6,1,2026-08-21 11:33:00,5,デイリースポーツ杯,2,3825,宮嵜 隆太郎,3,53,60.1,0,0,0.12,3.36,17.33,28,0,0,0,16.36,34.55,36.82,55.72
2026-08-21,6,1,2026-08-21 11:33:00,5,デイリースポーツ杯,3,3893,汐崎 正則,3,50,53.1,0,0,0.17,5.43,34.78,53.26,4.65,25,50,23.61,36.11,28.25,43.5
2026-08-21,6,1,2026-08-21 11:33:00,5,デイリースポーツ杯,4,5269,山口 晃朋,2,25,51.5,0,0,0.16,5.85,42.86,53.85,5.04,32.52,45.4,43.02,58.14,35.9,53.85
2026-08-21,6,1,2026-08-21 11:33:00,5,デイリースポーツ杯,5,4258,関根 彰人,3,42,52.3,0,0,0.18,4.86,34.41,47.31,5.5,37.5,50,16.67,31.67,34.16,46.04
2026-08-21,6,1,2026-08-21 11:33:00,5,デイリースポーツ杯,6,4214,林 祐介,3,42,56.6,1,0,0.16,5.51,32.46,54.39,0,0,0,21.54,43.08,35.32,47.76
2026-08-21,6,2,2026-08-21 11:58:00,5,デイリースポーツ杯,1,3911,鈴木 猛,3,52,53.3,0,0,0.17,5.18,32.2,47.46,5.88,40.82,61.22,43.48,58.7,32.02,47.78
2026-08-21,6,2,2026-08-21 11:58:00,5,デイリースポーツ杯,2,4700,金子 和之,2,39,52.1,0,0,0.15,5.8,39.81,54.63,5.93,37.93,58.62,19.3,33.33,37.75,50
2026-08-21,6,2,2026-08-21 11:58:00,5,デイリースポーツ杯,3,4553,坪口 竜也,2,37,52.6,0,0,0.16,5.8,36.7,57.8,6,50,66.67,40.59,57.43,38.69,52.76
2026-08-21,6,2,2026-08-21 11:58:00,5,デイリースポーツ杯,4,5268,山本 幸也,3,25,55.4,0,0,0.2,3.67,15.29,24.71,2.31,6.25,6.25,32.65,43.88,26.97,46.63
2026-08-21,6,2,2026-08-21 11:58:00,5,デイリースポーツ杯,5,4133,高橋 正男,2,46,52.1,0,0,0.17,6.52,56.04,64.84,6.73,63.64,81.82,23.33,40,31.22,44.88
2026-08-21,6,2,2026-08-21 11:58:00,5,デイリースポーツ杯,6,4332,村上 彰一,3,42,56.7,1,0,0.19,4.36,21.84,37.93,5.56,38.89,50,32.94,49.41,36.76,52.94
2026-08-21,6,3,2026-08-21 12:29:00,5,デイリースポーツ杯,1,5053,山口 広樹,3,30,53.3,1,0,0.17,3.58,15.38,30.77,5.71,28.57,57.14,33.33,51.19,28.72,45.21
2026-08-21,6,3,2026-08-21 12:29:00,5,デイリースポーツ杯,2,5026,安河内 健,1,31,54.8,0,0,0.16,6.68,52.89,71.07,7.33,66.67,66.67,34.12,60,34.48,51.72
2026-08-21,6,3,2026-08-21 12:29:00,5,デイリースポーツ杯,3,3546,中里 昌志,3,57,52,0,0,0.19,4.43,18.37,40.82,4.73,20.9,44.78,44.16,57.14,33.83,51.74
2026-08-21,6,3,2026-08-21 12:29:00,5,デイリースポーツ杯,4,3233,小畑 実成,3,59,53.5,1,0,0.16,4.35,19.23,34.62,5.05,28.57,52.38,37.08,53.93,33.17,49.27
2026-08-21,6,3,2026-08-21 12:29:00,5,デイリースポーツ杯,5,4435,服部 達哉,2,40,54.9,0,0,0.18,5.54,36.46,54.17,4.45,20.69,41.38,14.29,30.61,34.33,50.75
2026-08-21,6,3,2026-08-21 12:29:00,5,デイリースポーツ杯,6,5315,浅井 翼,4,25,51.5,0,0,0.21,2.64,13.51,17.57,2.14,2.86,5.71,22.54,39.44,35.2,55.1
2026-08-21,6,4,2026-08-21 12:59:00,5,デイリースポーツ杯,1,4278,藤岡 俊介,1,43,51.5,0,0,0.13,6.89,56.06,70.45,7.67,73.33,86.67,23.08,38.46,37.76,52.55
2026-08-21,6,4,2026-08-21 12:59:00,5,デイリースポーツ杯,2,4197,渥美 卓郎,3,44,54,0,0,0.19,3.78,17.02,27.66,4.99,33.7,47.83,37.5,54.17,29.56,46.8
2026-08-21,6,4,2026-08-21 12:59:00,5,デイリースポーツ杯,3,3867,松浦 勝,3,51,56.6,0,0,0.18,3.02,9.76,20.73,3.8,20,26.67,22.22,38.1,38,56
2026-08-21,6,4,2026-08-21 12:59:00,5,デイリースポーツ杯,4,3642,大塚 浩二,3,55,52.1,0,0,0.2,4.05,12.82,33.33,3.9,15.52,32.76,41.24,67.01,34.2,50.78
2026-08-21,6,4,2026-08-21 12:59:00,5,デイリースポーツ杯,5,4323,山田 佑樹,3,39,55.1,0,0,0.17,5.74,44.55,57.43,6,62.5,62.5,41.76,67.03,25.93,40.74
2026-08-21,6,4,2026-08-21 12:59:00,5,デイリースポーツ杯,6,4106,坂井 康嗣,3,46,52,0,0,0.19,4.19,21.25,36.25,4.73,26.92,42.31,25.37,43.28,33.17,51.98
2026-08-21,6,5,2026-08-21 13:37:00,5,デイリースポーツ杯,1,5258,仲本 舜,3,21,52,0,0,0.15,4.13,22.22,33.33,3.76,11.76,23.53,35.56,50,27.47,45.05
2026-08-21,6,5,2026-08-21 13:37:00,5,デイリースポーツ杯,2,3583,齋藤 智裕,3,53,58.7,0,0,0.2,3.51,12.2,23.17,3.29,14.29,14.29,35.79,52.63,29.65,47.09
2026-08-21,6,5,2026-08-21 13:37:00,5,デイリースポーツ杯,3,4980,佐々木 完太,1,30,51,0,0,0.16,7.12,53.33,63.33,7.53,65.63,81.25,42.05,64.77,32.18,50
2026-08-21,6,5,2026-08-21 13:37:00,5,デイリースポーツ杯,4,3800,牧 宏次,2,52,52.1,0,0,0.16,5.79,35.16,58.24,5.82,36.84,65.79,35.23,46.59,31.55,52.43
2026-08-21,6,5,2026-08-21 13:37:00,5,デイリースポーツ杯,5,4365,盛本 真輔,2,40,52,0,0,0.18,5.76,40.4,55.56,5.53,33.33,57.78,34.12,48.24,36.89,51.94
2026-08-21,6,5,2026-08-21 13:37:00,5,デイリースポーツ杯,6,4785,木幡 純也,3,38,52,0,0,0.2,4.35,19.75,38.27,5,22.22,55.56,31.71,42.68,30.96,48.73
2026-08-21,6,6,2026-08-21 14:03:00,5,デイリースポーツ杯,1,5263,花田 凱成,3,27,52,0,0,0.17,4.11,18.56,35.05,6.43,57.14,71.43,42.86,66.33,30.89,49.21
2026-08-21,6,6,2026-08-21 14:03:00,5,デイリースポーツ杯,2,3976,内田 圭,3,49,52.3,0,0,0.17,3.42,17.58,24.18,3.84,21.05,26.32,48.39,67.74,27.57,44.32
2026-08-21,6,6,2026-08-21 14:03:00,5,デイリースポーツ杯,3,4258,関根 彰人,3,42,52.3,0,0,0.18,4.86,34.41,47.31,5.5,37.5,50,16.67,31.67,34.16,46.04
2026-08-21,6,6,2026-08-21 14:03:00,5,デイリースポーツ杯,4,3930,岸本 隆,2,50,55.2,0,0,0.16,5.11,26.21,45.63,0,0,0,18.18,27.27,28.42,43.72
2026-08-21,6,6,2026-08-21 14:03:00,5,デイリースポーツ杯,5,4465,大西 賢,3,40,52.2,0,0,0.2,4.51,22.54,36.62,5,28.57,57.14,43.48,56.52,34.34,49.49
2026-08-21,6,6,2026-08-21 14:03:00,5,デイリースポーツ杯,6,4199,北川 潤二,1,44,57.9,0,0,0.15,6.27,44.76,63.64,6.17,44.44,72.22,30.14,42.47,28.57,48.15
2026-08-21,6,7,2026-08-21 14:38:00,5,デイリースポーツ杯,1,4966,田川 大貴,3,28,54.3,1,0,0.16,4.93,32.29,44.79,4.4,40,40,29.67,45.05,24.86,45.66
2026-08-21,6,7,2026-08-21 14:38:00,5,デイリースポーツ杯,2,4979,中野 夢斗,3,30,52.9,0,0,0.17,4.74,28.7,39.81,5.23,31.82,50,29.89,45.98,25.28,44.38
2026-08-21,6,7,2026-08-21 14:38:00,5,デイリースポーツ杯,3,4057,松井 賢治,2,47,52.2,0,0,0.15,5.91,41.54,61.54,5.9,40,60,27.14,47.14,42.65,57.84
2026-08-21,6,7,2026-08-21 14:38:00,5,デイリースポーツ杯,4,4214,林 祐介,3,42,56.6,1,0,0.16,5.51,32.46,54.39,0,0,0,21.54,43.08,35.32,47.76
2026-08-21,6,7,2026-08-21 14:38:00,5,デイリースポーツ杯,5,3876,中辻 崇人,1,49,53,0,0,0.15,6.98,46.03,65.08,9.1,90,100,20.83,36.11,24.38,44.38
2026-08-21,6,7,2026-08-21 14:38:00,5,デイリースポーツ杯,6,4700,金子 和之,2,39,52.1,0,0,0.15,5.8,39.81,54.63,5.93,37.93,58.62,19.3,33.33,37.75,50
2026-08-21,6,8,2026-08-21 15:11:00,5,デイリースポーツ杯,1,4133,高橋 正男,2,46,52.1,0,0,0.17,6.52,56.04,64.84,6.73,63.64,81.82,23.33,40,31.22,44.88
2026-08-21,6,8,2026-08-21 15:11:00,5,デイリースポーツ杯,2,5071,野見山 拓己,3,32,52.5,1,0,0.13,3.97,14.49,36.23,4.1,20,30,37.76,52.04,28.18,46.96
2026-08-21,6,8,2026-08-21 15:11:00,5,デイリースポーツ杯,3,5315,浅井 翼,4,25,51.5,0,0,0.21,2.64,13.51,17.57,2.14,2.86,5.71,22.54,39.44,35.2,55.1
2026-08-21,6,8,2026-08-21 15:11:00,5,デイリースポーツ杯,4,4074,柳沢 一,1,45,52,0,0,0.13,6.54,47.73,68.18,6.5,44.44,66.67,41.05,56.84,36.27,52.45
2026-08-21,6,8,2026-08-21 15:11:00,5,デイリースポーツ杯,5,3981,今坂 晃広,3,48,53.1,0,0,0.18,3.91,18.97,31.03,4.54,28.07,42.11,17.46,38.1,35.47,51.23
2026-08-21,6,8,2026-08-21 15:11:00,5,デイリースポーツ杯,6,5466,成田 華音,4,19,52,0,0,,1.92,2.56,5.13,0,0,0,19.05,47.62,29.85,50.25
2026-08-21,6,9,2026-08-21 15:38:00,5,デイリースポーツ杯,1,4323,山田 佑樹,3,39,54.3,0,0,0.17,5.74,44.55,57.43,6,62.5,62.5,41.76,67.03,25.93,40.74
2026-08-21,6,9,2026-08-21 15:38:00,5,デイリースポーツ杯,2,4608,荒井 翔伍,2,36,54.6,0,0,0.17,5.83,38.64,59.09,5.32,27.27,54.55,41.41,60.61,37.75,51.96
2026-08-21,6,9,2026-08-21 15:38:00,5,デイリースポーツ杯,3,4435,服部 達哉,2,40,54.7,0,0,0.18,5.54,36.46,54.17,4.45,20.69,41.38,14.29,30.61,34.33,50.75
2026-08-21,6,9,2026-08-21 15:38:00,5,デイリースポーツ杯,4,4332,村上 彰一,3,42,56,1,0,0.19,4.36,21.84,37.93,5.56,38.89,50,32.94,49.41,36.76,52.94
2026-08-21,6,9,2026-08-21 15:38:00,5,デイリースポーツ杯,5,4809,外崎 悟,1,37,52,0,0,0.16,5.84,35.05,56.7,6.7,45,75,20.63,34.92,33.5,48.28
2026-08-21,6,9,2026-08-21 15:38:00,5,デイリースポーツ杯,6,3825,宮嵜 隆太郎,3,53,59.7,0,0,0.12,3.36,17.33,28,0,0,0,16.36,34.55,36.82,55.72
2026-08-21,6,10,2026-08-21 16:08:00,5,デイリースポーツ杯,1,5269,山口 晃朋,2,25,51.5,0,0,0.16,5.85,42.86,53.85,5.04,32.52,45.4,43.02,58.14,35.9,53.85
2026-08-21,6,10,2026-08-21 16:08:00,5,デイリースポーツ杯,2,4365,盛本 真輔,2,40,52,0,0,0.18,5.76,40.4,55.56,5.53,33.33,57.78,34.12,48.24,36.89,51.94
2026-08-21,6,10,2026-08-21 16:08:00,5,デイリースポーツ杯,3,4465,大西 賢,3,40,52.2,0,0,0.2,4.51,22.54,36.62,5,28.57,57.14,43.48,56.52,34.34,49.49
2026-08-21,6,10,2026-08-21 16:08:00,5,デイリースポーツ杯,4,3867,松浦 勝,3,51,56.6,0,0,0.18,3.02,9.76,20.73,3.8,20,26.67,22.22,38.1,38,56
2026-08-21,6,10,2026-08-21 16:08:00,5,デイリースポーツ杯,5,5053,山口 広樹,3,30,53.3,1,0,0.17,3.58,15.38,30.77,5.71,28.57,57.14,33.33,51.19,28.72,45.21
2026-08-21,6,10,2026-08-21 16:08:00,5,デイリースポーツ杯,6,4553,坪口 竜也,2,37,52.6,0,0,0.16,5.8,36.7,57.8,6,50,66.67,40.59,57.43,38.69,52.76
2026-08-21,6,11,2026-08-21 16:35:00,5,デイリースポーツ杯,1,4877,鈴谷 一平,1,31,54.9,0,0,0.14,6.25,46.61,61.02,6,45.45,72.73,36.67,53.33,30.85,47.26
2026-08-21,6,11,2026-08-21 16:35:00,5,デイリースポーツ杯,2,5268,山本 幸也,3,25,55.4,0,0,0.2,3.67,15.29,24.71,2.31,6.25,6.25,32.65,43.88,26.97,46.63
2026-08-21,6,11,2026-08-21 16:35:00,5,デイリースポーツ杯,3,3800,牧 宏次,2,52,52.1,0,0,0.16,5.79,35.16,58.24,5.82,36.84,65.79,35.23,46.59,31.55,52.43
2026-08-21,6,11,2026-08-21 16:35:00,5,デイリースポーツ杯,4,3546,中里 昌志,3,57,52,0,0,0.19,4.43,18.37,40.82,4.73,20.9,44.78,44.16,57.14,33.83,51.74
2026-08-21,6,11,2026-08-21 16:35:00,5,デイリースポーツ杯,5,3893,汐崎 正則,3,50,53.1,0,0,0.17,5.43,34.78,53.26,4.65,25,50,23.61,36.11,28.25,43.5
2026-08-21,6,11,2026-08-21 16:35:00,5,デイリースポーツ杯,6,3930,岸本 隆,2,50,55.2,0,0,0.16,5.11,26.21,45.63,0,0,0,18.18,27.27,28.42,43.72
2026-08-21,6,12,2026-08-21 17:06:00,5,デイリースポーツ杯,1,4074,柳沢 一,1,45,52,0,0,0.13,6.54,47.73,68.18,6.5,44.44,66.67,41.05,56.84,36.27,52.45
2026-08-21,6,12,2026-08-21 17:06:00,5,デイリースポーツ杯,2,4199,北川 潤二,1,44,57.9,0,0,0.15,6.27,44.76,63.64,6.17,44.44,72.22,30.14,42.47,28.57,48.15
2026-08-21,6,12,2026-08-21 17:06:00,5,デイリースポーツ杯,3,4278,藤岡 俊介,1,43,51.5,0,0,0.13,6.89,56.06,70.45,7.67,73.33,86.67,23.08,38.46,37.76,52.55
2026-08-21,6,12,2026-08-21 17:06:00,5,デイリースポーツ杯,4,3876,中辻 崇人,1,49,53,0,0,0.15,6.98,46.03,65.08,9.1,90,100,20.83,36.11,24.38,44.38
2026-08-21,6,12,2026-08-21 17:06:00,5,デイリースポーツ杯,5,4980,佐々木 完太,1,30,51,0,0,0.16,7.12,53.33,63.33,7.53,65.63,81.25,42.05,64.77,32.18,50
2026-08-21,6,12,2026-08-21 17:06:00,5,デイリースポーツ杯,6,5026,安河内 健,1,31,54.8,0,0,0.16,6.68,52.89,71.07,7.33,66.67,66.67,34.12,60,34.48,51.72
2026-08-21,7,1,2026-08-21 15:23:00,5,きょうも、あなたと 名鉄バス杯争奪戦,1,4752,西尾 亮輔,3,38,52,0,0,0.18,4.12,20.65,33.7,4.41,23.08,43.59,0,0,0,0
2026-08-21,7,1,2026-08-21 15:23:00,5,きょうも、あなたと 名鉄バス杯争奪戦,2,4718,北川 太一,2,33,52.8,2,0,0.14,6.06,40.74,67.9,5.66,37.93,62.07,0,0,36.36,81.82
2026-08-21,7,1,2026-08-21 15:23:00,5,きょうも、あなたと 名鉄バス杯争奪戦,3,3659,藤生 雄人,2,51,53.9,0,0,0.17,5.65,32.97,60.44,5.23,38.46,50,11.11,33.33,0,0
2026-08-21,7,1,2026-08-21 15:23:00,5,きょうも、あなたと 名鉄バス杯争奪戦,4,3535,渡 修平,3,54,51.5,0,0,0.2,4.34,26.32,40,4.92,36,44,0,0,22.22,44.44
2026-08-21,7,1,2026-08-21 15:23:00,5,きょうも、あなたと 名鉄バス杯争奪戦,5,3391,鈴木 茂正,4,61,52,0,0,,2.08,0,8.33,0,0,0,81.82,90.91,11.11,44.44
2026-08-21,7,1,2026-08-21 15:23:00,5,きょうも、あなたと 名鉄バス杯争奪戦,6,5402,塚越 陸斗,4,23,53.2,1,0,0.2,1.59,1.79,1.79,1.5,0,0,0,0,50,75
2026-08-21,7,2,2026-08-21 15:48:00,5,きょうも、あなたと 名鉄バス杯争奪戦,1,4173,岡谷 健吾,3,43,56.8,0,0,0.17,5.5,36.04,53.15,6.2,40,60,16.67,33.33,0,0
2026-08-21,7,2,2026-08-21 15:48:00,5,きょうも、あなたと 名鉄バス杯争奪戦,2,5395,日高 龍之介,3,24,52.1,0,0,0.19,2.76,8.57,17.14,0,0,0,0,0,0,0
2026-08-21,7,2,2026-08-21 15:48:00,5,きょうも、あなたと 名鉄バス杯争奪戦,3,5216,長谷川 晴哉,1,26,52.2,0,0,0.17,6.03,38.62,64.14,5.88,46.88,53.13,40,50,40,50
2026-08-21,7,2,2026-08-21 15:48:00,5,きょうも、あなたと 名鉄バス杯争奪戦,4,4054,福嶋 智之,3,48,52.9,0,0,0.16,4.69,27.55,42.86,4.73,22.73,40.91,0,0,0,0
2026-08-21,7,2,2026-08-21 15:48:00,5,きょうも、あなたと 名鉄バス杯争奪戦,5,4356,長岡 良也,2,42,52,0,0,0.18,5.71,39.56,60.44,6.33,53.33,73.33,22.22,22.22,0,0
2026-08-21,7,2,2026-08-21 15:48:00,5,きょうも、あなたと 名鉄バス杯争奪戦,6,4552,杉山 勝匡,3,37,51.5,1,0,0.14,4.45,28.57,44.05,5.67,44.44,55.56,0,0,0,0
2026-08-21,7,3,2026-08-21 16:15:00,5,きょうも、あなたと 名鉄バス杯争奪戦,1,5076,石原 光,3,30,53.8,0,0,0.17,5.03,34.68,45.97,4.26,23.91,34.78,40,50,72.73,90.91
2026-08-21,7,3,2026-08-21 16:15:00,5,きょうも、あなたと 名鉄バス杯争奪戦,2,5212,西川 拓利,2,27,52.7,0,0,0.13,6.22,44.8,65.6,0,0,0,22.22,44.44,0,0
2026-08-21,7,3,2026-08-21 16:15:00,5,きょうも、あなたと 名鉄バス杯争奪戦,3,3406,中里 英夫,3,58,52.8,0,0,0.19,5.42,34.26,52.78,5.7,30,53.33,0,0,0,0
2026-08-21,7,3,2026-08-21 16:15:00,5,きょうも、あなたと 名鉄バス杯争奪戦,4,4211,村田 敦,3,43,59.1,0,0,0.15,4.54,26.73,43.56,4.09,20.59,32.35,0,0,0,0
2026-08-21,7,3,2026-08-21 16:15:00,5,きょうも、あなたと 名鉄バス杯争奪戦,5,4097,貫地谷 直人,3,44,55.6,0,0,0.22,3.67,14.63,29.27,4.08,7.69,38.46,0,0,22.22,44.44
2026-08-21,7,3,2026-08-21 16:15:00,5,きょうも、あなたと 名鉄バス杯争奪戦,6,3952,中澤 和志,1,50,52.1,0,0,0.14,6.71,50,66.67,7.26,54.84,64.52,11.11,11.11,0,0
2026-08-21,7,4,2026-08-21 16:40:00,5,きょうも、あなたと 名鉄バス杯争奪戦,1,4006,小野 勇作,3,48,51,0,0,0.17,5,28.43,47.06,4.35,30,35,20,60,30,70
2026-08-21,7,4,2026-08-21 16:40:00,5,きょうも、あなたと 名鉄バス杯争奪戦,2,4544,松田 大志郎,1,38,52,1,0,0.16,7.59,59.05,77.14,5.92,41.67,58.33,0,0,0,0
2026-08-21,7,4,2026-08-21 16:40:00,5,きょうも、あなたと 名鉄バス杯争奪戦,3,4360,庄司 孝輔,2,41,52.5,0,0,0.18,5.67,33.33,56.67,5.36,28,60,72.73,100,16.67,33.33
2026-08-21,7,4,2026-08-21 16:40:00,5,きょうも、あなたと 名鉄バス杯争奪戦,4,5122,相馬 翔,3,25,55.9,1,0,0.17,4.13,20.97,35.48,3.31,7.69,30.77,0,0,70,80
2026-08-21,7,4,2026-08-21 16:40:00,5,きょうも、あなたと 名鉄バス杯争奪戦,5,4245,高橋 直哉,3,44,52.5,0,0,0.19,4.3,20.73,35.37,4.11,14.81,40.74,0,0,66.67,66.67
2026-08-21,7,4,2026-08-21 16:40:00,5,きょうも、あなたと 名鉄バス杯争奪戦,6,4837,酒井 陽祐,3,37,51,0,0,0.16,5.03,33.7,53.26,4.6,16.67,40.48,0,0,11.11,11.11
2026-08-21,7,5,2026-08-21 17:09:00,5,きょうも、あなたと 名鉄バス杯争奪戦,1,4976,金山 立樹,3,32,52.1,0,0,0.2,5,28.16,53.4,5.55,35,55,40,50,20,50
2026-08-21,7,5,2026-08-21 17:09:00,5,きょうも、あなたと 名鉄バス杯争奪戦,2,4562,阪本 勇介,3,38,53.8,0,0,0.19,4.82,27.27,40.91,4.05,15.79,31.58,40,60,54.55,81.82
2026-08-21,7,5,2026-08-21 17:09:00,5,きょうも、あなたと 名鉄バス杯争奪戦,3,4709,岡村 将也,2,37,55.2,1,0,0.15,5.66,36.63,56.44,4.95,27.27,40.91,0,0,0,0
2026-08-21,7,5,2026-08-21 17:09:00,5,きょうも、あなたと 名鉄バス杯争奪戦,4,5223,森清 友翔,3,25,53.5,0,0,0.16,4.77,25.81,42.74,4.52,27.59,44.83,30,70,0,0
2026-08-21,7,5,2026-08-21 17:09:00,5,きょうも、あなたと 名鉄バス杯争奪戦,5,5402,塚越 陸斗,4,23,53.2,1,0,0.2,1.59,1.79,1.79,1.5,0,0,0,0,50,75
2026-08-21,7,5,2026-08-21 17:09:00,5,きょうも、あなたと 名鉄バス杯争奪戦,6,3554,仲口 博崇,1,54,52.3,0,0,0.18,6.52,52.82,68.31,6.49,50.67,72,22.22,22.22,0,0
2026-08-21,7,6,2026-08-21 17:34:00,5,きょうも、あなたと 名鉄バス杯争奪戦,1,3385,渡邉 睦広,2,57,52,0,0,0.16,5.57,41.18,53.78,4.14,28.57,35.71,30,50,0,0
2026-08-21,7,6,2026-08-21 17:34:00,5,きょうも、あなたと 名鉄バス杯争奪戦,2,5247,大森 翼,3,24,52,0,0,0.18,4.59,20.91,47.27,0,0,0,0,0,11.11,33.33
2026-08-21,7,6,2026-08-21 17:34:00,5,きょうも、あなたと 名鉄バス杯争奪戦,3,5293,眞崎 武蔵,3,24,52,0,0,0.21,3.6,16.18,30.88,1.7,0,0,33.33,44.44,0,0
2026-08-21,7,6,2026-08-21 17:34:00,5,きょうも、あなたと 名鉄バス杯争奪戦,4,4288,永田 啓二,1,41,52.3,0,0,0.12,7.56,61.9,79.37,7.55,63.64,81.82,90.91,100,40,50
2026-08-21,7,6,2026-08-21 17:34:00,5,きょうも、あなたと 名鉄バス杯争奪戦,5,3878,胡本 悟志,3,49,52,0,0,0.17,4.41,20.93,34.88,4,0,55.56,11.11,11.11,0,0
2026-08-21,7,6,2026-08-21 17:34:00,5,きょうも、あなたと 名鉄バス杯争奪戦,6,4580,長谷川 雅和,3,37,52.6,0,0,0.17,5.63,38.46,58.24,4.31,30.77,30.77,0,0,0,0
2026-08-21,7,7,2026-08-21 18:02:00,5,きょうも、あなたと 名鉄バス杯争奪戦,1,4084,杉山 正樹,1,46,52,0,0,0.16,6.5,44.83,64.83,6.33,50,63.89,0,0,33.33,44.44
2026-08-21,7,7,2026-08-21 18:02:00,5,きょうも、あなたと 名鉄バス杯争奪戦,2,3535,渡 修平,3,54,51.5,0,0,0.2,4.34,26.32,40,4.92,36,44,0,0,22.22,44.44
2026-08-21,7,7,2026-08-21 18:02:00,5,きょうも、あなたと 名鉄バス杯争奪戦,3,4155,長野 壮志郎,2,45,55.2,0,0,0.16,6.06,44.44,62.04,5.48,33.33,52.38,0,0,0,0
2026-08-21,7,7,2026-08-21 18:02:00,5,きょうも、あなたと 名鉄バス杯争奪戦,4,5076,石原 光,3,30,53.8,0,0,0.17,5.03,34.68,45.97,4.26,23.91,34.78,40,50,72.73,90.91
2026-08-21,7,7,2026-08-21 18:02:00,5,きょうも、あなたと 名鉄バス杯争奪戦,5,5177,松井 貫太,3,30,51,0,0,0.2,4.4,19.85,39.69,3.38,15.38,15.38,33.33,33.33,0,0
2026-08-21,7,7,2026-08-21 18:02:00,5,きょうも、あなたと 名鉄バス杯争奪戦,6,5395,日高 龍之介,3,24,52.1,0,0,0.19,2.76,8.57,17.14,0,0,0,0,0,0,0
2026-08-21,7,8,2026-08-21 18:41:00,5,きょうも、あなたと 名鉄バス杯争奪戦,1,4264,長尾 章平,1,41,54.2,1,0,0.16,6.64,51.69,73.73,6.53,43.33,66.67,0,0,81.82,90.91
2026-08-21,7,8,2026-08-21 18:41:00,5,きょうも、あなたと 名鉄バス杯争奪戦,2,4356,長岡 良也,2,42,52,0,0,0.18,5.71,39.56,60.44,6.33,53.33,73.33,22.22,22.22,0,0
2026-08-21,7,8,2026-08-21 18:41:00,5,きょうも、あなたと 名鉄バス杯争奪戦,3,4752,西尾 亮輔,3,38,52,0,0,0.18,4.12,20.65,33.7,4.41,23.08,43.59,0,0,0,0
2026-08-21,7,8,2026-08-21 18:41:00,5,きょうも、あなたと 名鉄バス杯争奪戦,4,4097,貫地谷 直人,3,44,55.6,0,0,0.22,3.67,14.63,29.27,4.08,7.69,38.46,0,0,22.22,44.44
2026-08-21,7,8,2026-08-21 18:41:00,5,きょうも、あなたと 名鉄バス杯争奪戦,5,5122,相馬 翔,3,25,55.9,1,0,0.17,4.13,20.97,35.48,3.31,7.69,30.77,0,0,70,80
2026-08-21,7,8,2026-08-21 18:41:00,5,きょうも、あなたと 名鉄バス杯争奪戦,6,4053,芦澤 望,2,48,55.5,1,0,0.16,5.29,33.33,56.25,5.68,36.17,57.45,40,60,60,80
2026-08-21,7,9,2026-08-21 19:10:00,5,きょうも、あなたと 名鉄バス杯争奪戦,1,4142,平野 和明,2,45,52.7,0,0,0.18,5.65,33.33,57.72,5.22,23.64,56.36,60,80,72.73,81.82
2026-08-21,7,9,2026-08-21 19:10:00,5,きょうも、あなたと 名鉄バス杯争奪戦,2,4709,岡村 将也,2,37,55.2,1,0,0.15,5.66,36.63,56.44,4.95,27.27,40.91,0,0,0,0
2026-08-21,7,9,2026-08-21 19:10:00,5,きょうも、あなたと 名鉄バス杯争奪戦,3,4245,高橋 直哉,3,44,52.5,0,0,0.19,4.3,20.73,35.37,4.11,14.81,40.74,0,0,66.67,66.67
2026-08-21,7,9,2026-08-21 19:10:00,5,きょうも、あなたと 名鉄バス杯争奪戦,4,4173,岡谷 健吾,3,43,56.8,0,0,0.17,5.5,36.04,53.15,6.2,40,60,16.67,33.33,0,0
2026-08-21,7,9,2026-08-21 19:10:00,5,きょうも、あなたと 名鉄バス杯争奪戦,5,4718,北川 太一,2,33,52.8,2,0,0.14,6.06,40.74,67.9,5.66,37.93,62.07,0,0,36.36,81.82
2026-08-21,7,9,2026-08-21 19:10:00,5,きょうも、あなたと 名鉄バス杯争奪戦,6,3406,中里 英夫,3,58,52.8,0,0,0.19,5.42,34.26,52.78,5.7,30,53.33,0,0,0,0
2026-08-21,7,10,2026-08-21 19:39:00,5,きょうも、あなたと 名鉄バス杯争奪戦,1,3659,藤生 雄人,2,51,53.9,0,0,0.17,5.65,32.97,60.44,5.23,38.46,50,11.11,33.33,0,0
2026-08-21,7,10,2026-08-21 19:39:00,5,きょうも、あなたと 名鉄バス杯争奪戦,2,5223,森清 友翔,3,25,53.5,0,0,0.16,4.77,25.81,42.74,4.52,27.59,44.83,30,70,0,0
2026-08-21,7,10,2026-08-21 19:39:00,5,きょうも、あなたと 名鉄バス杯争奪戦,3,4574,東 潤樹,2,37,52.9,0,0,0.17,5.32,34.55,52.73,3,0,16.67,0,0,11.11,11.11
2026-08-21,7,10,2026-08-21 19:39:00,5,きょうも、あなたと 名鉄バス杯争奪戦,4,4580,長谷川 雅和,3,37,52.6,0,0,0.17,5.63,38.46,58.24,4.31,30.77,30.77,0,0,0,0
2026-08-21,7,10,2026-08-21 19:39:00,5,きょうも、あなたと 名鉄バス杯争奪戦,5,4360,庄司 孝輔,2,41,52.5,0,0,0.18,5.67,33.33,56.67,5.36,28,60,72.73,100,16.67,33.33
2026-08-21,7,10,2026-08-21 19:39:00,5,きょうも、あなたと 名鉄バス杯争奪戦,6,4054,福嶋 智之,3,48,52.9,0,0,0.16,4.69,27.55,42.86,4.73,22.73,40.91,0,0,0,0
2026-08-21,7,11,2026-08-21 20:08:00,5,きょうも、あなたと 名鉄バス杯争奪戦,1,4155,長野 壮志郎,2,45,55.1,0,0,0.16,6.06,44.44,62.04,5.48,33.33,52.38,0,0,0,0
2026-08-21,7,11,2026-08-21 20:08:00,5,きょうも、あなたと 名鉄バス杯争奪戦,2,5216,長谷川 晴哉,1,26,51.5,0,0,0.17,6.03,38.62,64.14,5.88,46.88,53.13,40,50,40,50
2026-08-21,7,11,2026-08-21 20:08:00,5,きょうも、あなたと 名鉄バス杯争奪戦,3,3385,渡邉 睦広,2,57,51,0,0,0.16,5.57,41.18,53.78,4.14,28.57,35.71,30,50,0,0
2026-08-21,7,11,2026-08-21 20:08:00,5,きょうも、あなたと 名鉄バス杯争奪戦,4,4006,小野 勇作,3,48,50.5,0,0,0.17,5,28.43,47.06,4.35,30,35,20,60,30,70
2026-08-21,7,11,2026-08-21 20:08:00,5,きょうも、あなたと 名鉄バス杯争奪戦,5,4562,阪本 勇介,3,38,53.8,0,0,0.19,4.82,27.27,40.91,4.05,15.79,31.58,40,60,54.55,81.82
2026-08-21,7,11,2026-08-21 20:08:00,5,きょうも、あなたと 名鉄バス杯争奪戦,6,5212,西川 拓利,2,27,52.5,0,0,0.13,6.22,44.8,65.6,0,0,0,22.22,44.44,0,0
2026-08-21,7,12,2026-08-21 20:38:00,5,きょうも、あなたと 名鉄バス杯争奪戦,1,4544,松田 大志郎,1,38,52,1,0,0.16,7.59,59.05,77.14,5.92,41.67,58.33,0,0,0,0
2026-08-21,7,12,2026-08-21 20:38:00,5,きょうも、あなたと 名鉄バス杯争奪戦,2,3554,仲口 博崇,1,54,52.3,0,0,0.18,6.52,52.82,68.31,6.49,50.67,72,22.22,22.22,0,0
2026-08-21,7,12,2026-08-21 20:38:00,5,きょうも、あなたと 名鉄バス杯争奪戦,3,3952,中澤 和志,1,50,52.1,0,0,0.14,6.71,50,66.67,7.26,54.84,64.52,11.11,11.11,0,0
2026-08-21,7,12,2026-08-21 20:38:00,5,きょうも、あなたと 名鉄バス杯争奪戦,4,4084,杉山 正樹,1,46,52,0,0,0.16,6.5,44.83,64.83,6.33,50,63.89,0,0,33.33,44.44
2026-08-21,7,12,2026-08-21 20:38:00,5,きょうも、あなたと 名鉄バス杯争奪戦,5,4264,長尾 章平,1,41,54.2,1,0,0.16,6.64,51.69,73.73,6.53,43.33,66.67,0,0,81.82,90.91
2026-08-21,7,12,2026-08-21 20:38:00,5,きょうも、あなたと 名鉄バス杯争奪戦,6,4288,永田 啓二,1,41,52.3,0,0,0.12,7.56,61.9,79.37,7.55,63.64,81.82,90.91,100,40,50
2026-08-21,13,1,2026-08-21 10:35:00,5,JANBARI.TV ういちの放浪記杯,1,5154,村松 栄太,3,30,52,0,0,0.18,4.72,26.21,41.75,4.7,30,40,44.05,53.57,38.2,65.17
2026-08-21,13,1,2026-08-21 10:35:00,5,JANBARI.TV ういちの放浪記杯,2,4103,山崎 善庸,3,47,53.2,0,0,0.23,3.47,6.33,27.85,4.14,0,42.86,32.61,50,34.09,52.27
2026-08-21,13,1,2026-08-21 10:35:00,5,JANBARI.TV ういちの放浪記杯,3,4848,仲谷 颯仁,1,31,52,0,0,0.15,7.64,50.49,72.82,6.86,50,57.14,40,51.76,18.29,35.37
2026-08-21,13,1,2026-08-21 10:35:00,5,JANBARI.TV ういちの放浪記杯,4,3564,桑原 啓,3,56,52.2,0,0,0.16,4.19,25.93,37.04,4.46,20.83,37.5,36.36,48.86,35.44,50.63
2026-08-21,13,1,2026-08-21 10:35:00,5,JANBARI.TV ういちの放浪記杯,5,4988,牟田 奨太,3,29,55.2,0,0,0.15,4.68,33.33,42.86,3,25,25,44.83,64.37,28.41,39.77
2026-08-21,13,1,2026-08-21 10:35:00,5,JANBARI.TV ういちの放浪記杯,6,5133,堀越 雄貴,3,27,52.3,1,0,0.22,6.06,41.03,62.82,3.63,6.25,25,46.67,67.78,32.58,44.94
2026-08-21,13,2,2026-08-21 10:59:00,5,JANBARI.TV ういちの放浪記杯,1,4301,関 裕也,3,43,53.5,0,0,0.2,4.41,23.29,41.1,6.73,27.27,90.91,46.59,63.64,28.4,45.68
2026-08-21,13,2,2026-08-21 10:59:00,5,JANBARI.TV ういちの放浪記杯,2,5011,高木 圭大,3,29,52.3,0,0,0.15,4.09,20.88,32.97,0,0,0,21.25,45,34.48,51.72
2026-08-21,13,2,2026-08-21 10:59:00,5,JANBARI.TV ういちの放浪記杯,3,3370,坪内 実,3,59,52,1,0,0.18,3.58,16.67,30.56,4.2,10,40,27.38,44.05,35.23,51.14
2026-08-21,13,2,2026-08-21 10:59:00,5,JANBARI.TV ういちの放浪記杯,4,5396,近藤 来希,4,24,51,0,0,0.2,2.32,3.03,6.06,2.02,2.04,8.16,26.44,47.13,41.11,60
2026-08-21,13,2,2026-08-21 10:59:00,5,JANBARI.TV ういちの放浪記杯,5,4329,小松 卓司,3,43,52.2,0,0,0.18,4.78,25.51,46.94,2.56,0,11.11,34.44,52.22,25.3,45.78
2026-08-21,13,2,2026-08-21 10:59:00,5,JANBARI.TV ういちの放浪記杯,6,3839,川合 理司,3,51,63.9,0,0,0.19,3.01,10,20,0,0,0,29.55,44.32,47.5,57.5
2026-08-21,13,3,2026-08-21 11:28:00,5,JANBARI.TV ういちの放浪記杯,1,4549,小林 文彦,2,37,52.2,0,0,0.19,6.32,46.24,65.59,4.91,18.18,45.45,22.37,43.42,45,48.75
2026-08-21,13,3,2026-08-21 11:28:00,5,JANBARI.TV ういちの放浪記杯,2,4702,三浦 敬太,1,39,52.1,0,0,0.14,5.95,45.24,59.52,7,44.44,77.78,35.56,52.22,28.21,38.46
2026-08-21,13,3,2026-08-21 11:28:00,5,JANBARI.TV ういちの放浪記杯,3,4327,加藤 翔,3,43,52.4,0,0,0.2,4.01,19.19,35.35,3.89,22.22,44.44,31.11,47.78,26.74,40.7
2026-08-21,13,3,2026-08-21 11:28:00,5,JANBARI.TV ういちの放浪記杯,4,3964,宮地 博士,3,47,52.1,0,0,0.2,3.88,14.29,30.77,4.73,26.67,40,21.11,43.33,20.48,36.14
2026-08-21,13,3,2026-08-21 11:28:00,5,JANBARI.TV ういちの放浪記杯,5,3550,都築 正治,3,55,54,0,0,0.16,5.71,41.09,56.59,2.89,11.11,11.11,23.19,33.33,30,44.44
2026-08-21,13,3,2026-08-21 11:28:00,5,JANBARI.TV ういちの放浪記杯,6,5350,網代 良芽,3,22,52.4,1,0,0.15,5.15,27.88,49.04,3.01,5.06,21.52,17.07,31.71,34.57,46.91
2026-08-21,13,4,2026-08-21 11:55:00,5,JANBARI.TV ういちの放浪記杯,1,4376,藤田 靖弘,2,42,53.1,0,0,0.15,5.75,42.52,56.69,5.67,28.57,66.67,25,40,34.09,62.5
2026-08-21,13,4,2026-08-21 11:55:00,5,JANBARI.TV ういちの放浪記杯,2,4839,四宮 与寛,2,36,51.5,0,0,0.15,6.13,44.96,62.02,6.16,43.75,62.5,38.37,58.14,17.91,29.85
2026-08-21,13,4,2026-08-21 11:55:00,5,JANBARI.TV ういちの放浪記杯,3,4340,土性 雅也,4,42,52.1,0,0,,3.61,19.44,27.78,4.33,11.11,44.44,25.56,41.11,23.38,35.06
2026-08-21,13,4,2026-08-21 11:55:00,5,JANBARI.TV ういちの放浪記杯,4,3596,河上 年昭,3,57,53,1,0,0.17,4.34,17.19,32.81,4.44,22.22,33.33,26.58,48.1,39.29,61.9
2026-08-21,13,4,2026-08-21 11:55:00,5,JANBARI.TV ういちの放浪記杯,5,5441,鈴木 雄登,3,20,50,1,0,0.17,3.35,8.77,26.32,2.71,0,14.29,20.99,34.57,33.33,55.17
2026-08-21,13,4,2026-08-21 11:55:00,5,JANBARI.TV ういちの放浪記杯,6,4259,真庭 明志,2,42,52.1,0,0,0.15,5.72,35.51,59.42,5.73,45.45,54.55,33.33,45.56,27.71,42.17
2026-08-21,13,5,2026-08-21 12:23:00,5,JANBARI.TV ういちの放浪記杯,1,4352,下條 雄太郎,1,40,52,0,0,0.15,7.38,60.34,75.86,5.67,33.33,44.44,26.74,50,37.93,54.02
2026-08-21,13,5,2026-08-21 12:23:00,5,JANBARI.TV ういちの放浪記杯,2,3776,横井 健太,3,51,57.3,0,0,0.2,3.42,12.9,24.73,3.84,16,24,25.61,43.9,24.36,48.72
2026-08-21,13,5,2026-08-21 12:23:00,5,JANBARI.TV ういちの放浪記杯,3,5345,牧村 俊輝,3,23,52,0,0,0.2,3.28,10.09,21.1,2.18,11.76,11.76,39.02,48.78,33.33,51.85
2026-08-21,13,5,2026-08-21 12:23:00,5,JANBARI.TV ういちの放浪記杯,4,4233,亀山 雅幸,2,43,52.2,0,0,0.17,5.99,46.34,61.79,0,0,0,18.29,34.15,26.25,38.75
2026-08-21,13,5,2026-08-21 12:23:00,5,JANBARI.TV ういちの放浪記杯,5,4103,山崎 善庸,3,47,53.2,0,0,0.23,3.47,6.33,27.85,4.14,0,42.86,32.61,50,34.09,52.27
2026-08-21,13,5,2026-08-21 12:23:00,5,JANBARI.TV ういちの放浪記杯,6,3955,眞田 英二,4,49,52.3,0,0,0.19,4.71,29.21,46.07,5.25,35,45,21.84,43.68,47.62,55.95
2026-08-21,13,6,2026-08-21 12:51:00,5,JANBARI.TV ういちの放浪記杯,1,4588,田中 京介,2,35,55.1,0,0,0.15,5.46,40.18,56.25,4,0,42.86,21.92,30.14,31.33,48.19
2026-08-21,13,6,2026-08-21 12:51:00,5,JANBARI.TV ういちの放浪記杯,2,4988,牟田 奨太,3,29,55.2,0,0,0.15,4.68,33.33,42.86,3,25,25,44.83,64.37,28.41,39.77
2026-08-21,13,6,2026-08-21 12:51:00,5,JANBARI.TV ういちの放浪記杯,3,3839,川合 理司,3,51,63.9,0,0,0.19,3.01,10,20,0,0,0,29.55,44.32,41.76,50.55
2026-08-21,13,6,2026-08-21 12:51:00,5,JANBARI.TV ういちの放浪記杯,4,4715,村上 遼,1,34,52,0,0,0.15,6.8,47.14,65.71,7.3,62.16,78.38,17.39,31.88,36.67,51.11
2026-08-21,13,6,2026-08-21 12:51:00,5,JANBARI.TV ういちの放浪記杯,5,3928,林 恵祐,3,50,59.9,0,0,0.18,3.91,15.73,33.71,4.71,14.29,57.14,37.36,52.75,44.19,53.49
2026-08-21,13,6,2026-08-21 12:51:00,5,JANBARI.TV ういちの放浪記杯,6,3572,安田 政彦,3,54,53.2,1,0,0.2,5.28,32.14,50.89,5.41,32.97,53.85,43.33,67.78,25.64,47.44
2026-08-21,13,7,2026-08-21 13:22:00,5,JANBARI.TV ういちの放浪記杯,1,4695,尾崎 雄二,2,40,52,0,0,0.15,5.34,40,51.58,4.8,40,40,52.38,64.29,40.79,59.21
2026-08-21,13,7,2026-08-21 13:22:00,5,JANBARI.TV ういちの放浪記杯,2,3564,桑原 啓,3,56,52.2,0,0,0.16,4.19,25.93,37.04,4.46,20.83,37.5,36.36,48.86,35.44,50.63
2026-08-21,13,7,2026-08-21 13:22:00,5,JANBARI.TV ういちの放浪記杯,3,3550,都築 正治,3,55,54,0,0,0.16,5.71,41.09,56.59,2.89,11.11,11.11,23.19,33.33,30,44.44
2026-08-21,13,7,2026-08-21 13:22:00,5,JANBARI.TV ういちの放浪記杯,4,4368,山口 隆史,3,40,53.7,0,0,0.2,4.33,23.08,34.62,4.12,20,36,45.78,63.86,40.74,51.85
2026-08-21,13,7,2026-08-21 13:22:00,5,JANBARI.TV ういちの放浪記杯,5,4951,新田 洋一,3,32,53.4,1,0,0.14,5.19,27.47,51.65,0,0,0,18.06,37.5,27.59,44.83
2026-08-21,13,7,2026-08-21 13:22:00,5,JANBARI.TV ういちの放浪記杯,6,5396,近藤 来希,4,24,51,0,0,0.2,2.32,3.03,6.06,2.02,2.04,8.16,26.44,47.13,41.11,60
2026-08-21,13,8,2026-08-21 14:01:00,5,JANBARI.TV ういちの放浪記杯,1,5350,網代 良芽,3,22,52.4,1,0,0.15,5.15,27.88,49.04,3.01,5.06,21.52,17.07,31.71,36.96,55.43
2026-08-21,13,8,2026-08-21 14:01:00,5,JANBARI.TV ういちの放浪記杯,2,4383,竹田 吉行,2,41,52.2,1,0,0.17,5.55,37.14,54.29,5.32,24,48,17.33,32,29.21,43.82
2026-08-21,13,8,2026-08-21 14:01:00,5,JANBARI.TV ういちの放浪記杯,3,5133,堀越 雄貴,3,27,52.3,1,0,0.22,6.06,41.03,62.82,3.63,6.25,25,46.67,67.78,32.58,44.94
2026-08-21,13,8,2026-08-21 14:01:00,5,JANBARI.TV ういちの放浪記杯,4,4327,加藤 翔,3,43,52.4,0,0,0.2,4.01,19.19,35.35,3.89,22.22,44.44,31.11,47.78,26.74,40.7
2026-08-21,13,8,2026-08-21 14:01:00,5,JANBARI.TV ういちの放浪記杯,5,5011,高木 圭大,3,29,52.3,0,0,0.15,4.09,20.88,32.97,0,0,0,21.25,45,34.48,51.72
2026-08-21,13,8,2026-08-21 14:01:00,5,JANBARI.TV ういちの放浪記杯,6,5441,鈴木 雄登,3,20,50,1,0,0.17,3.35,8.77,26.32,2.71,0,14.29,20.99,34.57,33.33,55.17
2026-08-21,13,9,2026-08-21 14:42:00,5,JANBARI.TV ういちの放浪記杯,1,4259,真庭 明志,2,42,52.1,0,0,0.15,5.72,35.51,59.42,5.73,45.45,54.55,33.33,45.56,27.71,42.17
2026-08-21,13,9,2026-08-21 14:42:00,5,JANBARI.TV ういちの放浪記杯,2,3596,河上 年昭,3,57,53,1,0,0.17,4.34,17.19,32.81,4.44,22.22,33.33,26.58,48.1,39.29,61.9
2026-08-21,13,9,2026-08-21 14:42:00,5,JANBARI.TV ういちの放浪記杯,3,3964,宮地 博士,3,47,52.1,0,0,0.2,3.88,14.29,30.77,4.73,26.67,40,21.11,43.33,20.48,36.14
2026-08-21,13,9,2026-08-21 14:42:00,5,JANBARI.TV ういちの放浪記杯,4,4329,小松 卓司,3,43,52.2,0,0,0.18,4.78,25.51,46.94,2.56,0,11.11,34.44,52.22,25.3,45.78
2026-08-21,13,9,2026-08-21 14:42:00,5,JANBARI.TV ういちの放浪記杯,5,5345,牧村 俊輝,3,23,52,0,0,0.2,3.28,10.09,21.1,2.18,11.76,11.76,39.02,48.78,33.33,51.85
2026-08-21,13,9,2026-08-21 14:42:00,5,JANBARI.TV ういちの放浪記杯,6,4233,亀山 雅幸,2,43,52.2,0,0,0.17,5.99,46.34,61.79,0,0,0,18.29,34.15,26.25,38.75
2026-08-21,13,10,2026-08-21 15:16:00,5,JANBARI.TV ういちの放浪記杯,1,4715,村上 遼,1,34,52,0,0,0.15,6.8,47.14,65.71,7.3,62.16,78.38,17.39,31.88,36.67,51.11
2026-08-21,13,10,2026-08-21 15:16:00,5,JANBARI.TV ういちの放浪記杯,2,4352,下條 雄太郎,1,40,52,0,0,0.15,7.38,60.34,75.86,5.67,33.33,44.44,26.74,50,37.93,54.02
2026-08-21,13,10,2026-08-21 15:16:00,5,JANBARI.TV ういちの放浪記杯,3,4549,小林 文彦,2,37,52.2,0,0,0.19,6.32,46.24,65.59,4.91,18.18,45.45,22.37,43.42,45,48.75
2026-08-21,13,10,2026-08-21 15:16:00,5,JANBARI.TV ういちの放浪記杯,4,4839,四宮 与寛,2,36,51.5,0,0,0.15,6.13,44.96,62.02,6.16,43.75,62.5,38.37,58.14,17.91,29.85
2026-08-21,13,10,2026-08-21 15:16:00,5,JANBARI.TV ういちの放浪記杯,5,4301,関 裕也,3,43,53.5,0,0,0.2,4.41,23.29,41.1,6.73,27.27,90.91,46.59,63.64,28.4,45.68
2026-08-21,13,10,2026-08-21 15:16:00,5,JANBARI.TV ういちの放浪記杯,6,5154,村松 栄太,3,30,52,0,0,0.18,4.72,26.21,41.75,4.7,30,40,44.05,53.57,38.2,65.17
2026-08-21,13,11,2026-08-21 15:46:00,5,JANBARI.TV ういちの放浪記杯,1,4848,仲谷 颯仁,1,31,52,0,0,0.15,7.64,50.49,72.82,6.86,50,57.14,40,51.76,18.29,35.37
2026-08-21,13,11,2026-08-21 15:46:00,5,JANBARI.TV ういちの放浪記杯,2,4695,尾崎 雄二,2,40,52,0,0,0.15,5.34,40,51.58,4.8,40,40,52.38,64.29,40.79,59.21
2026-08-21,13,11,2026-08-21 15:46:00,5,JANBARI.TV ういちの放浪記杯,3,3955,眞田 英二,4,49,52.3,0,0,0.19,4.71,29.21,46.07,5.25,35,45,21.84,43.68,47.62,55.95
2026-08-21,13,11,2026-08-21 15:46:00,5,JANBARI.TV ういちの放浪記杯,4,4702,三浦 敬太,1,39,52.1,0,0,0.14,5.95,45.24,59.52,7,44.44,77.78,35.56,52.22,28.21,38.46
2026-08-21,13,11,2026-08-21 15:46:00,5,JANBARI.TV ういちの放浪記杯,5,4376,藤田 靖弘,2,42,53.1,0,0,0.15,5.75,42.52,56.69,5.67,28.57,66.67,25,40,34.09,62.5
2026-08-21,13,11,2026-08-21 15:46:00,5,JANBARI.TV ういちの放浪記杯,6,4588,田中 京介,2,35,55.1,0,0,0.15,5.46,40.18,56.25,4,0,42.86,21.92,30.14,31.33,48.19
2026-08-21,13,12,2026-08-21 16:23:00,5,JANBARI.TV ういちの放浪記杯,1,4483,北野 輝季,1,37,52.2,0,0,0.15,6.69,52.54,66.95,5.89,42.11,47.37,37.65,60,27.5,53.75
2026-08-21,13,12,2026-08-21 16:23:00,5,JANBARI.TV ういちの放浪記杯,2,4571,菅 章哉,1,38,52,1,0,0.14,6.1,40.48,47.62,6.38,50,53.85,41.76,59.34,36.05,52.33
2026-08-21,13,12,2026-08-21 16:23:00,5,JANBARI.TV ういちの放浪記杯,3,5049,松井 友汰,2,31,53.1,1,0,0.19,6.04,42.86,64.29,5.32,48,52,43.33,54.44,42.53,52.87
2026-08-21,13,12,2026-08-21 16:23:00,5,JANBARI.TV ういちの放浪記杯,4,4043,桐本 康臣,2,46,52.9,0,0,0.17,5.85,39.39,62.63,6.63,44.44,66.67,31.52,47.83,43.9,60.98
2026-08-21,13,12,2026-08-21 16:23:00,5,JANBARI.TV ういちの放浪記杯,5,5016,宮田 龍馬,1,28,51.5,0,0,0.14,6.59,39,70,6.5,44.63,62.81,21.98,41.76,36.36,55.68
2026-08-21,13,12,2026-08-21 16:23:00,5,JANBARI.TV ういちの放浪記杯,6,5377,鳥居塚 嶺王,3,22,50,0,0,0.18,4.76,25.84,47.19,3,10,10,33.67,48.98,37.93,56.32
2026-08-21,15,1,2026-08-21 15:18:00,5,RNC杯争奪 サマーチャンピオンレース,1,5326,三嶌 さらら,3,22,47.2,0,0,0.19,5.17,32.54,46.83,3.25,14.06,18.75,35.74,49.36,53.57,75
2026-08-21,15,1,2026-08-21 15:18:00,5,RNC杯争奪 サマーチャンピオンレース,2,4154,森安 弘雅,3,46,53.2,0,0,0.2,5.19,36.27,51.96,5.04,31.39,46.72,29.68,42.01,36.36,50
2026-08-21,15,1,2026-08-21 15:18:00,5,RNC杯争奪 サマーチャンピオンレース,3,3701,大西 隆洋,3,53,55.6,0,0,0.16,4.21,15.79,36.84,4.13,22.64,32.08,35.32,50.64,26.32,36.84
2026-08-21,15,1,2026-08-21 15:18:00,5,RNC杯争奪 サマーチャンピオンレース,4,4010,越智 照浩,3,46,56.4,0,0,0.17,4.45,17.86,38.1,3.71,13.1,30.95,30.09,47.79,28.57,28.57
2026-08-21,15,1,2026-08-21 15:18:00,5,RNC杯争奪 サマーチャンピオンレース,5,3543,福田 雅一,3,57,52.9,0,0,0.16,4.93,29.82,43.86,5.83,36.46,59.38,32.56,47.44,29.17,41.67
2026-08-21,15,1,2026-08-21 15:18:00,5,RNC杯争奪 サマーチャンピオンレース,6,3832,下田 哲也,4,51,54.7,0,0,0.15,3.08,3.92,17.65,4.57,23.6,41.57,31.98,45.5,14.29,28.57
2026-08-21,15,2,2026-08-21 15:42:00,5,RNC杯争奪 サマーチャンピオンレース,1,4669,井上 茂,3,41,52.5,0,0,0.16,4.69,23.53,44.12,5.19,25,50,44.69,65.04,27.27,50
2026-08-21,15,2,2026-08-21 15:42:00,5,RNC杯争奪 サマーチャンピオンレース,2,3478,嶋田 貴支,3,55,52,0,0,0.17,5.26,31.37,52.94,5.01,24.04,49.04,39.25,56.54,29.63,48.15
2026-08-21,15,2,2026-08-21 15:42:00,5,RNC杯争奪 サマーチャンピオンレース,3,5173,谷口 佳蓮,3,24,47,1,0,0.15,5.14,35.56,46.67,4.61,29.92,40.94,40.64,60.73,50,80
2026-08-21,15,2,2026-08-21 15:42:00,5,RNC杯争奪 サマーチャンピオンレース,4,5241,門田 栞,3,26,47.3,1,0,0.18,5.26,32.65,48.98,4.68,27.56,42.52,36.79,54.72,37.04,40.74
2026-08-21,15,2,2026-08-21 15:42:00,5,RNC杯争奪 サマーチャンピオンレース,5,3265,今村 暢孝,2,61,52,1,0,0.15,6.41,49.37,68.35,5.48,38.71,61.29,34.19,54.7,28.57,42.86
2026-08-21,15,2,2026-08-21 15:42:00,5,RNC杯争奪 サマーチャンピオンレース,6,5037,田頭 虎親,3,28,52.2,0,0,0.18,5.8,46.59,59.09,5.92,41.35,60.15,33.65,57.82,66.67,75
2026-08-21,15,3,2026-08-21 16:06:00,5,RNC杯争奪 サマーチャンピオンレース,1,5291,三嶌 こころ,3,25,49.3,0,0,0.23,4.17,18.49,36.97,3.12,10.89,17.82,28.3,41.04,32,48
2026-08-21,15,3,2026-08-21 16:06:00,5,RNC杯争奪 サマーチャンピオンレース,2,3907,村越 篤,3,48,54.3,0,0,0.16,5.22,34.86,51.38,5.66,39.26,52.59,34.5,55.9,44.44,70.37
2026-08-21,15,3,2026-08-21 16:06:00,5,RNC杯争奪 サマーチャンピオンレース,3,4220,深川 和仁,3,44,52.4,0,0,0.18,4.89,31.68,40.59,4.72,29.59,40.82,32.05,44.44,28.57,42.86
2026-08-21,15,3,2026-08-21 16:06:00,5,RNC杯争奪 サマーチャンピオンレース,4,5032,谷口 知優,2,28,52.1,0,0,0.16,5.13,33.06,47.93,5.38,33.98,50.49,31.72,49.34,34.48,44.83
2026-08-21,15,3,2026-08-21 16:06:00,5,RNC杯争奪 サマーチャンピオンレース,5,3710,吉永 泰弘,3,52,55.2,0,0,0.18,4.77,26.26,44.44,4.58,22.47,41.57,33.18,48.39,33.33,50
2026-08-21,15,3,2026-08-21 16:06:00,5,RNC杯争奪 サマーチャンピオンレース,6,3975,小野寺 智洋,2,49,51,0,0,0.14,5.56,34.58,54.21,5.4,35.19,50.93,34.3,49.76,34.78,56.52
2026-08-21,15,4,2026-08-21 16:33:00,5,RNC杯争奪 サマーチャンピオンレース,1,5265,大廣 咲季,3,26,45.5,0,0,0.15,3.77,16.67,33.33,3.22,11.11,25.64,43.4,63.21,10.53,21.05
2026-08-21,15,4,2026-08-21 16:33:00,5,RNC杯争奪 サマーチャンピオンレース,2,3568,木村 光宏,3,55,52.9,0,0,0.17,4.04,21.65,36.08,5.17,30.97,53.98,34.95,51.46,33.33,53.33
2026-08-21,15,4,2026-08-21 16:33:00,5,RNC杯争奪 サマーチャンピオンレース,3,4452,松尾 祭,2,38,52,0,0,0.17,5.21,34.23,47.75,5.07,28.32,47.79,38.77,61.23,35.71,53.57
2026-08-21,15,4,2026-08-21 16:33:00,5,RNC杯争奪 サマーチャンピオンレース,4,4437,中田 元泰,2,40,52.7,0,0,0.16,6.05,46.9,60.18,6.11,46.25,60,40.29,55.34,13.04,26.09
2026-08-21,15,4,2026-08-21 16:33:00,5,RNC杯争奪 サマーチャンピオンレース,5,3908,重成 一人,1,47,54.5,0,0,0.15,5.81,38.39,56.25,6.63,44.64,66.07,29.25,42.92,29.63,37.04
2026-08-21,15,4,2026-08-21 16:33:00,5,RNC杯争奪 サマーチャンピオンレース,6,3660,長谷川 親王,3,57,56.8,0,0,0.19,3.69,13.48,28.09,3.95,14.77,30.68,37.68,55.56,22.22,44.44
2026-08-21,15,5,2026-08-21 17:01:00,5,RNC杯争奪 サマーチャンピオンレース,1,4643,近江 翔吾,2,33,52,0,0,0.13,6.81,53.19,65.96,6.68,49.12,64.91,31.9,46.98,29.63,51.85
2026-08-21,15,5,2026-08-21 17:01:00,5,RNC杯争奪 サマーチャンピオンレース,2,5257,西丸 侑太朗,1,22,52.4,0,0,0.16,6.46,45.71,61.43,6.07,41.43,60.71,36.19,50.95,26.92,57.69
2026-08-21,15,5,2026-08-21 17:01:00,5,RNC杯争奪 サマーチャンピオンレース,3,4894,原村 拓也,3,35,52,0,0,0.19,4.43,19.19,37.37,4.88,24.3,48.6,46.05,63.72,20,44
2026-08-21,15,5,2026-08-21 17:01:00,5,RNC杯争奪 サマーチャンピオンレース,4,3910,松下 知幸,3,52,51.5,0,0,0.17,4.1,18.89,32.22,4.23,20,33.33,40.57,55.19,44.83,65.52
2026-08-21,15,5,2026-08-21 17:01:00,5,RNC杯争奪 サマーチャンピオンレース,5,3837,秋山 広一,2,51,53.3,0,0,0.17,6.48,46.08,64.71,6.07,41.46,62.6,32.09,52.09,19.23,34.62
2026-08-21,15,5,2026-08-21 17:01:00,5,RNC杯争奪 サマーチャンピオンレース,6,4393,田中 孝明,3,40,56.5,0,0,0.2,4.21,19.75,30.86,6,0,100,34.51,50.88,46.67,70
2026-08-21,15,6,2026-08-21 17:27:00,5,RNC杯争奪 サマーチャンピオンレース,1,4348,宮崎 奨,2,40,53.1,0,0,0.17,5.94,43.8,60.33,6.04,40.44,59.56,35.62,51.07,25,46.43
2026-08-21,15,6,2026-08-21 17:27:00,5,RNC杯争奪 サマーチャンピオンレース,2,4313,西村 美智子,2,42,48.1,0,0,0.15,5.26,33.68,48.42,5.78,40.74,55.56,35.09,53.51,20,32
2026-08-21,15,6,2026-08-21 17:27:00,5,RNC杯争奪 サマーチャンピオンレース,3,3832,下田 哲也,4,51,54.7,0,0,0.15,3.08,3.92,17.65,4.57,23.6,41.57,31.98,45.5,14.29,28.57
2026-08-21,15,6,2026-08-21 17:27:00,5,RNC杯争奪 サマーチャンピオンレース,4,4511,中岡 健人,3,37,57.6,0,0,0.18,4.66,21.28,44.68,4.56,21.43,42.86,33.17,46.15,21.74,26.09
2026-08-21,15,6,2026-08-21 17:27:00,5,RNC杯争奪 サマーチャンピオンレース,5,4821,妻鳥 晋也,3,34,55.6,0,0,0.19,5.2,32.29,53.13,5.06,31.07,46.6,31,49.34,20,40
2026-08-21,15,6,2026-08-21 17:27:00,5,RNC杯争奪 サマーチャンピオンレース,6,5298,水谷 理人,1,24,52,0,0,0.16,7.29,57.58,72.73,5.64,41.46,56.91,41.38,59.91,31.25,43.75
2026-08-21,15,7,2026-08-21 17:55:00,5,RNC杯争奪 サマーチャンピオンレース,1,5224,西岡 顕心,1,25,51.5,0,0,0.15,7.35,51.38,68.81,7.03,49.2,75.4,50.93,68.69,18.52,22.22
2026-08-21,15,7,2026-08-21 17:55:00,5,RNC杯争奪 サマーチャンピオンレース,2,3710,吉永 泰弘,3,52,55.2,0,0,0.18,4.77,26.26,44.44,4.58,22.47,41.57,33.18,48.39,33.33,50
2026-08-21,15,7,2026-08-21 17:55:00,5,RNC杯争奪 サマーチャンピオンレース,3,3265,今村 暢孝,2,61,52,1,0,0.15,6.41,49.37,68.35,5.48,38.71,61.29,34.19,54.7,28.57,42.86
2026-08-21,15,7,2026-08-21 17:55:00,5,RNC杯争奪 サマーチャンピオンレース,4,5291,三嶌 こころ,3,25,49.3,0,0,0.23,4.17,18.49,36.97,3.12,10.89,17.82,28.3,41.04,32,48
2026-08-21,15,7,2026-08-21 17:55:00,5,RNC杯争奪 サマーチャンピオンレース,5,5037,田頭 虎親,3,28,52.2,0,0,0.18,5.8,46.59,59.09,5.92,41.35,60.15,33.65,57.82,66.67,75
2026-08-21,15,7,2026-08-21 17:55:00,5,RNC杯争奪 サマーチャンピオンレース,6,4030,森高 一真,1,48,50.5,0,0,0.14,6.92,39.83,57.63,7.15,49.56,74.34,40.09,54.84,25,45
2026-08-21,15,8,2026-08-21 18:25:00,5,RNC杯争奪 サマーチャンピオンレース,1,5241,門田 栞,3,26,47.3,1,0,0.18,5.26,32.65,48.98,4.68,27.56,42.52,36.79,54.72,37.04,40.74
2026-08-21,15,8,2026-08-21 18:25:00,5,RNC杯争奪 サマーチャンピオンレース,2,4452,松尾 祭,2,38,52,0,0,0.17,5.21,34.23,47.75,5.07,28.32,47.79,38.77,61.23,35.71,53.57
2026-08-21,15,8,2026-08-21 18:25:00,5,RNC杯争奪 サマーチャンピオンレース,3,5032,谷口 知優,2,28,52.1,0,0,0.16,5.13,33.06,47.93,5.38,33.98,50.49,31.72,49.34,34.48,44.83
2026-08-21,15,8,2026-08-21 18:25:00,5,RNC杯争奪 サマーチャンピオンレース,4,3701,大西 隆洋,3,53,55.6,0,0,0.16,4.21,15.79,36.84,4.13,22.64,32.08,35.32,50.64,26.32,36.84
2026-08-21,15,8,2026-08-21 18:25:00,5,RNC杯争奪 サマーチャンピオンレース,5,4154,森安 弘雅,3,46,53.2,0,0,0.2,5.19,36.27,51.96,5.04,31.39,46.72,29.68,42.01,36.36,50
2026-08-21,15,8,2026-08-21 18:25:00,5,RNC杯争奪 サマーチャンピオンレース,6,4669,井上 茂,3,41,52.5,0,0,0.16,4.69,23.53,44.12,5.19,25,50,44.69,65.04,27.27,50
2026-08-21,15,9,2026-08-21 18:55:00,5,RNC杯争奪 サマーチャンピオンレース,1,3975,小野寺 智洋,2,49,51,0,0,0.14,5.56,34.58,54.21,5.4,35.19,50.93,34.3,49.76,34.78,56.52
2026-08-21,15,9,2026-08-21 18:55:00,5,RNC杯争奪 サマーチャンピオンレース,2,3837,秋山 広一,2,51,53.3,0,0,0.17,6.48,46.08,64.71,6.07,41.46,62.6,32.09,52.09,19.23,34.62
2026-08-21,15,9,2026-08-21 18:55:00,5,RNC杯争奪 サマーチャンピオンレース,3,4529,嶋 義信,1,37,54.2,0,0,0.14,5.73,38.46,54.95,5.5,37.8,51.22,34.36,54.19,54.17,70.83
2026-08-21,15,9,2026-08-21 18:55:00,5,RNC杯争奪 サマーチャンピオンレース,4,3907,村越 篤,3,48,54.3,0,0,0.16,5.22,34.86,51.38,5.66,39.26,52.59,34.5,55.9,44.44,70.37
2026-08-21,15,9,2026-08-21 18:55:00,5,RNC杯争奪 サマーチャンピオンレース,5,3568,木村 光宏,3,55,52.9,0,0,0.17,4.04,21.65,36.08,5.17,30.97,53.98,34.95,51.46,33.33,53.33
2026-08-21,15,9,2026-08-21 18:55:00,5,RNC杯争奪 サマーチャンピオンレース,6,5173,谷口 佳蓮,3,24,47,1,0,0.15,5.14,35.56,46.67,4.61,29.92,40.94,40.64,60.73,50,80
2026-08-21,15,10,2026-08-21 19:23:00,5,RNC杯争奪 サマーチャンピオンレース,1,5298,水谷 理人,1,24,52,0,0,0.16,7.29,57.58,72.73,5.64,41.46,56.91,41.38,59.91,31.25,43.75
2026-08-21,15,10,2026-08-21 19:23:00,5,RNC杯争奪 サマーチャンピオンレース,2,3908,重成 一人,1,47,54.5,0,0,0.15,5.81,38.39,56.25,6.63,44.64,66.07,29.25,42.92,29.63,37.04
2026-08-21,15,10,2026-08-21 19:23:00,5,RNC杯争奪 サマーチャンピオンレース,3,4313,西村 美智子,2,42,48.1,0,0,0.15,5.26,33.68,48.42,5.78,40.74,55.56,35.09,53.51,20,32
2026-08-21,15,10,2026-08-21 19:23:00,5,RNC杯争奪 サマーチャンピオンレース,4,4220,深川 和仁,3,44,52.4,0,0,0.18,4.89,31.68,40.59,4.72,29.59,40.82,32.05,44.44,28.57,42.86
2026-08-21,15,10,2026-08-21 19:23:00,5,RNC杯争奪 サマーチャンピオンレース,5,3478,嶋田 貴支,3,55,52,0,0,0.17,5.26,31.37,52.94,5.01,24.04,49.04,39.25,56.54,29.63,48.15
2026-08-21,15,10,2026-08-21 19:23:00,5,RNC杯争奪 サマーチャンピオンレース,6,4643,近江 翔吾,2,33,52,0,0,0.13,6.81,53.19,65.96,6.68,49.12,64.91,31.9,46.98,29.63,51.85
2026-08-21,15,11,2026-08-21 20:01:00,5,RNC杯争奪 サマーチャンピオンレース,1,4030,森高 一真,1,48,50.5,0,0,0.14,6.92,39.83,57.63,7.15,49.56,74.34,40.09,54.84,25,45
2026-08-21,15,11,2026-08-21 20:01:00,5,RNC杯争奪 サマーチャンピオンレース,2,4437,中田 元泰,2,40,52.7,0,0,0.16,6.05,46.9,60.18,6.11,46.25,60,40.29,55.34,13.04,26.09
2026-08-21,15,11,2026-08-21 20:01:00,5,RNC杯争奪 サマーチャンピオンレース,3,4010,越智 照浩,3,46,56.4,0,0,0.17,4.45,17.86,38.1,3.71,13.1,30.95,30.09,47.79,28.57,28.57
2026-08-21,15,11,2026-08-21 20:01:00,5,RNC杯争奪 サマーチャンピオンレース,4,5224,西岡 顕心,1,25,51.5,0,0,0.15,7.35,51.38,68.81,7.03,49.2,75.4,50.93,68.69,18.52,22.22
2026-08-21,15,11,2026-08-21 20:01:00,5,RNC杯争奪 サマーチャンピオンレース,5,5257,西丸 侑太朗,1,22,52.4,0,0,0.16,6.46,45.71,61.43,6.07,41.43,60.71,36.19,50.95,26.92,57.69
2026-08-21,15,11,2026-08-21 20:01:00,5,RNC杯争奪 サマーチャンピオンレース,6,4348,宮崎 奨,2,40,53.1,0,0,0.17,5.94,43.8,60.33,6.04,40.44,59.56,35.62,51.07,25,46.43
2026-08-21,15,12,2026-08-21 20:31:00,5,RNC杯争奪 サマーチャンピオンレース,1,5043,中村 日向,1,27,52,0,0,0.13,7.09,55.56,68.38,6.84,52.34,66.36,35.47,55.56,21.74,39.13
2026-08-21,15,12,2026-08-21 20:31:00,5,RNC杯争奪 サマーチャンピオンレース,2,4739,中村 晃朋,1,34,50,0,0,0.15,6.83,58.72,71.56,6.55,48.95,64.34,36.97,54.03,30.77,46.15
2026-08-21,15,12,2026-08-21 20:31:00,5,RNC杯争奪 サマーチャンピオンレース,3,5299,西丸 敦基,2,23,52,0,0,0.15,5.88,41.24,56.7,4.75,27.08,44.79,42.48,58.85,46.43,60.71
2026-08-21,15,12,2026-08-21 20:31:00,5,RNC杯争奪 サマーチャンピオンレース,4,4583,古田 祐貴,3,36,52,0,0,0.15,5.43,34.62,53.85,5.59,36.14,54.22,32.11,50.46,50,71.43
2026-08-21,15,12,2026-08-21 20:31:00,5,RNC杯争奪 サマーチャンピオンレース,5,4772,石丸 海渡,1,33,54.5,0,0,0.11,7.07,56.19,73.33,6.88,53.72,71.9,32.72,48.39,52,72
2026-08-21,15,12,2026-08-21 20:31:00,5,RNC杯争奪 サマーチャンピオンレース,6,5136,濱野 斗馬,1,26,52.4,0,0,0.14,6.13,44.44,61.11,6.65,49.67,66.01,38.59,56.43,38.46,53.85
2026-08-21,16,1,2026-08-21 10:41:00,5,ヴィーナスシリーズ第10戦 第16回クラリスカップ,1,4882,瀧川 千依,4,30,47.6,0,0,0.24,2.44,4.88,9.76,0,0,0,39.46,57.84,29.81,47.83
2026-08-21,16,1,2026-08-21 10:41:00,5,ヴィーナスシリーズ第10戦 第16回クラリスカップ,2,3551,藤田 美代,3,54,44.5,0,0,0.2,3.61,16,24,4.79,35.71,42.86,34.3,54.65,25.97,44.81
2026-08-21,16,1,2026-08-21 10:41:00,5,ヴィーナスシリーズ第10戦 第16回クラリスカップ,3,5189,藤原 早菜,2,25,46,0,0,0.2,4.98,25.58,48.06,5.17,31.63,51.02,38.38,49.19,22.97,36.49
2026-08-21,16,1,2026-08-21 10:41:00,5,ヴィーナスシリーズ第10戦 第16回クラリスカップ,4,3435,寺田 千恵,2,57,45.5,0,0,0.15,6.49,44,64,6.45,50,65,29.63,46.03,42.94,59.41
2026-08-21,16,1,2026-08-21 10:41:00,5,ヴィーナスシリーズ第10戦 第16回クラリスカップ,5,5389,恵良 琴美,3,19,43.5,0,0,0.19,2.32,1.19,13.1,1.11,0,0,27.51,48.15,39.43,54.29
2026-08-21,16,1,2026-08-21 10:41:00,5,ヴィーナスシリーズ第10戦 第16回クラリスカップ,6,4853,前原 哉,3,31,44.5,0,0,0.22,4.7,21.43,42.86,4.02,21.84,31.03,33.33,50.26,28.83,42.33
2026-08-21,16,2,2026-08-21 11:09:00,5,ヴィーナスシリーズ第10戦 第16回クラリスカップ,1,5361,植竹 玲奈,3,19,47.2,0,0,0.23,2.69,5.88,14.71,0,0,0,23.84,43.6,29.94,44.59
2026-08-21,16,2,2026-08-21 11:09:00,5,ヴィーナスシリーズ第10戦 第16回クラリスカップ,2,4011,堀之内 紀代子,2,46,46.5,0,0,0.16,6.45,47.42,63.92,5.1,34.43,52.46,27.16,50,30.72,47.59
2026-08-21,16,2,2026-08-21 11:09:00,5,ヴィーナスシリーズ第10戦 第16回クラリスカップ,3,4878,西岡 育未,3,31,47,0,0,0.17,4.41,21.05,40,0,0,0,39.57,54.55,31.95,47.34
2026-08-21,16,2,2026-08-21 11:09:00,5,ヴィーナスシリーズ第10戦 第16回クラリスカップ,4,4373,若狭 奈美子,1,38,46,1,0,0.17,6.41,44.64,67.86,4.83,24.14,44.83,31.02,47.06,36,54.86
2026-08-21,16,2,2026-08-21 11:09:00,5,ヴィーナスシリーズ第10戦 第16回クラリスカップ,5,4714,喜多須 杏奈,3,35,47.7,0,0,0.17,4.68,22.35,43.53,3.75,0,37.5,46.56,65.61,33.92,59.06
2026-08-21,16,2,2026-08-21 11:09:00,5,ヴィーナスシリーズ第10戦 第16回クラリスカップ,6,4997,濱崎 寿里矢,4,33,48.8,0,0,0.18,3.07,11.9,19.05,2,0,0,36.17,51.6,34.09,49.43
2026-08-21,16,3,2026-08-21 11:39:00,5,ヴィーナスシリーズ第10戦 第16回クラリスカップ,1,4965,福岡 泉水,3,28,50.4,0,0,0.19,4.54,23.3,41.75,4.22,22.22,44.44,19.64,35.71,32.95,52.84
2026-08-21,16,3,2026-08-21 11:39:00,5,ヴィーナスシリーズ第10戦 第16回クラリスカップ,2,4536,喜井 つかさ,2,36,47,0,0,0.16,5.66,36,56,5.69,37.14,58.57,30.06,51.45,36,49.14
2026-08-21,16,3,2026-08-21 11:39:00,5,ヴィーナスシリーズ第10戦 第16回クラリスカップ,3,5314,中曽 瑠華,3,25,52,0,0,0.19,3.19,11.54,20.51,0,0,0,23.46,37.65,32.18,49.43
2026-08-21,16,3,2026-08-21 11:39:00,5,ヴィーナスシリーズ第10戦 第16回クラリスカップ,4,4964,土屋 南,2,29,46.5,0,0,0.15,6.19,41.44,61.26,5.88,36.21,55.17,44.2,61.88,22.98,40.99
2026-08-21,16,3,2026-08-21 11:39:00,5,ヴィーナスシリーズ第10戦 第16回クラリスカップ,5,5438,星田 夢結,4,21,50.1,0,0,0.22,1.61,0,2.99,1.44,0,0,28.65,43.27,30.59,50
2026-08-21,16,3,2026-08-21 11:39:00,5,ヴィーナスシリーズ第10戦 第16回クラリスカップ,6,4998,中村 かなえ,4,32,47.8,0,0,0.14,4.49,28.17,39.44,4.67,27.78,44.44,36.51,49.74,32.02,47.75
2026-08-21,16,4,2026-08-21 12:07:00,5,ヴィーナスシリーズ第10戦 第16回クラリスカップ,1,4694,高田 綾,3,41,45.5,0,0,0.2,4.53,22.35,40,3.11,22.22,22.22,29.26,41.49,34.68,50.87
2026-08-21,16,4,2026-08-21 12:07:00,5,ヴィーナスシリーズ第10戦 第16回クラリスカップ,2,4050,田口 節子,1,45,46.5,0,0,0.15,7.46,57.98,76.47,6.26,41.18,60.29,35.29,59.89,32.03,51.63
2026-08-21,16,4,2026-08-21 12:07:00,5,ヴィーナスシリーズ第10戦 第16回クラリスカップ,3,4844,村上 奈穂,3,33,49.8,0,0,0.18,4.29,22.77,35.64,5.12,30.77,50,26.7,47.16,33.53,52.6
2026-08-21,16,4,2026-08-21 12:07:00,5,ヴィーナスシリーズ第10戦 第16回クラリスカップ,4,4974,安井 瑞紀,2,33,47,1,0,0.18,5.61,40.37,54.13,5.15,30.56,54.17,38.62,50.79,30.86,51.85
2026-08-21,16,4,2026-08-21 12:07:00,5,ヴィーナスシリーズ第10戦 第16回クラリスカップ,5,3994,小野 桜,3,47,47,0,0,0.18,4.87,26.37,48.35,5.5,40,50,37.84,51.35,38.6,59.65
2026-08-21,16,4,2026-08-21 12:07:00,5,ヴィーナスシリーズ第10戦 第16回クラリスカップ,6,5322,根岸 真優,3,24,44.5,0,0,0.19,3.2,11.11,25.56,1.36,0,0,33.16,47.37,34.86,47.43
2026-08-21,16,5,2026-08-21 12:34:00,5,ヴィーナスシリーズ第10戦 第16回クラリスカップ,1,4938,小芦 るり華,1,28,47,0,0,0.14,6.53,47.37,63.91,7.44,61.11,77.78,32.6,48.07,33.55,49.03
2026-08-21,16,5,2026-08-21 12:34:00,5,ヴィーナスシリーズ第10戦 第16回クラリスカップ,2,4765,野田部 宏子,3,36,50.9,1,0,0.13,4.46,21.05,39.47,5.5,40,50,32.8,47.85,31.61,50
2026-08-21,16,5,2026-08-21 12:34:00,5,ヴィーナスシリーズ第10戦 第16回クラリスカップ,3,4225,土屋 千明,2,44,46,0,0,0.15,6.06,40.48,58.33,7.09,46.88,84.38,37.57,56.61,31.76,53.53
2026-08-21,16,5,2026-08-21 12:34:00,5,ヴィーナスシリーズ第10戦 第16回クラリスカップ,4,4720,西澤 日花里,3,32,47.6,1,0,0.2,3.65,16.22,33.78,3.89,16.22,35.14,36.13,52.36,37.21,48.84
2026-08-21,16,5,2026-08-21 12:34:00,5,ヴィーナスシリーズ第10戦 第16回クラリスカップ,5,4853,前原 哉,3,31,44.5,0,0,0.22,4.7,21.43,42.86,4.02,21.84,31.03,33.33,50.26,28.83,42.33
2026-08-21,16,5,2026-08-21 12:34:00,5,ヴィーナスシリーズ第10戦 第16回クラリスカップ,6,5387,戸田 海咲音,4,20,51.2,0,0,0.2,1.37,0,0,1.33,0,0,32.98,47.64,50,64.71
2026-08-21,16,6,2026-08-21 13:12:00,5,ヴィーナスシリーズ第10戦 第16回クラリスカップ,1,3618,海野 ゆかり,1,52,45.5,0,0,0.19,6.43,50,62.9,6.81,47.62,71.43,34.57,50.53,31.36,47.34
2026-08-21,16,6,2026-08-21 13:12:00,5,ヴィーナスシリーズ第10戦 第16回クラリスカップ,2,5193,米丸 乃絵,1,25,46.5,0,0,0.16,6.71,49.11,62.5,5.97,48.28,58.62,32.62,49.2,29.03,45.16
2026-08-21,16,6,2026-08-21 13:12:00,5,ヴィーナスシリーズ第10戦 第16回クラリスカップ,3,5317,長尾 萌加,3,25,45.5,0,0,0.17,4.59,19.47,43.36,3.74,13.18,33.33,34.36,50.26,26.92,39.74
2026-08-21,16,6,2026-08-21 13:12:00,5,ヴィーナスシリーズ第10戦 第16回クラリスカップ,4,5297,南 彩寧,3,24,49.7,0,0,0.22,3.69,17,30,2.17,5.56,11.11,25.15,42.69,27.27,43.51
2026-08-21,16,6,2026-08-21 13:12:00,5,ヴィーナスシリーズ第10戦 第16回クラリスカップ,5,4882,瀧川 千依,4,30,47.6,0,0,0.24,2.44,4.88,9.76,0,0,0,39.46,57.84,29.81,47.83
2026-08-21,16,6,2026-08-21 13:12:00,5,ヴィーナスシリーズ第10戦 第16回クラリスカップ,6,4994,山本 梨菜,2,28,47,0,0,0.16,6.41,48.8,66.4,6.1,40,60,49.47,67.02,28.95,36.84
2026-08-21,16,7,2026-08-21 13:53:00,5,ヴィーナスシリーズ第10戦 第16回クラリスカップ,1,4373,若狭 奈美子,1,38,46,1,0,0.17,6.41,44.64,67.86,4.83,24.14,44.83,31.02,47.06,36,54.86
2026-08-21,16,7,2026-08-21 13:53:00,5,ヴィーナスシリーズ第10戦 第16回クラリスカップ,2,4893,渡邉 真奈美,3,35,47,0,0,0.16,5.14,33.33,44.44,5.47,31.58,57.89,23.33,34.44,23.33,34.67
2026-08-21,16,7,2026-08-21 13:53:00,5,ヴィーナスシリーズ第10戦 第16回クラリスカップ,3,5188,武井 莉里佳,2,25,45.5,0,0,0.17,5.98,40,58.18,5.86,38.1,52.38,25.84,42.7,31.21,46.24
2026-08-21,16,7,2026-08-21 13:53:00,5,ヴィーナスシリーズ第10戦 第16回クラリスカップ,4,3551,藤田 美代,3,54,44.5,0,0,0.2,3.61,16,24,4.79,35.71,42.86,34.3,54.65,25.97,44.81
2026-08-21,16,7,2026-08-21 13:53:00,5,ヴィーナスシリーズ第10戦 第16回クラリスカップ,5,4208,三浦 永理,1,43,47,0,0,0.15,7.22,59.69,79.07,6.1,40,50,38.17,57.53,36.78,55.17
2026-08-21,16,7,2026-08-21 13:53:00,5,ヴィーナスシリーズ第10戦 第16回クラリスカップ,6,5438,星田 夢結,4,21,50.1,0,0,0.22,1.61,0,2.99,1.44,0,0,28.65,43.27,30.59,50
2026-08-21,16,8,2026-08-21 14:33:00,5,ヴィーナスシリーズ第10戦 第16回クラリスカップ,1,4525,真子 奈津実,3,38,47.2,0,0,0.14,4.53,25,38.24,3.25,12.5,18.75,32.97,47.57,29.34,43.11
2026-08-21,16,8,2026-08-21 14:33:00,5,ヴィーナスシリーズ第10戦 第16回クラリスカップ,2,5003,来田 衣織,3,30,47,0,0,0.16,4.95,35.29,47.06,0,0,0,48.92,68.28,33.14,51.74
2026-08-21,16,8,2026-08-21 14:33:00,5,ヴィーナスシリーズ第10戦 第16回クラリスカップ,3,4482,守屋 美穂,1,37,46,1,0,0.17,5.95,38.27,54.32,7.09,56.76,72.97,31.15,51.37,25.49,43.14
2026-08-21,16,8,2026-08-21 14:33:00,5,ヴィーナスシリーズ第10戦 第16回クラリスカップ,4,5189,藤原 早菜,2,25,46,0,0,0.2,4.98,25.58,48.06,5.17,31.63,51.02,38.38,49.19,22.97,36.49
2026-08-21,16,8,2026-08-21 14:33:00,5,ヴィーナスシリーズ第10戦 第16回クラリスカップ,5,4190,長嶋 万記,4,45,48.9,0,0,0.16,6.87,47.76,70.15,6.22,22.22,61.11,27.72,40.76,39.66,52.3
2026-08-21,16,8,2026-08-21 14:33:00,5,ヴィーナスシリーズ第10戦 第16回クラリスカップ,6,4878,西岡 育未,3,31,47,0,0,0.17,4.41,21.05,40,0,0,0,39.57,54.55,31.95,47.34
2026-08-21,16,9,2026-08-21 15:07:00,5,ヴィーナスシリーズ第10戦 第16回クラリスカップ,1,4825,倉持 莉々,1,32,47.5,0,0,0.14,7,53.6,72,0,0,0,32.07,48.37,34.86,56.57
2026-08-21,16,9,2026-08-21 15:07:00,5,ヴィーナスシリーズ第10戦 第16回クラリスカップ,2,5314,中曽 瑠華,3,25,52,0,0,0.19,3.19,11.54,20.51,0,0,0,23.46,37.65,32.18,49.43
2026-08-21,16,9,2026-08-21 15:07:00,5,ヴィーナスシリーズ第10戦 第16回クラリスカップ,3,4974,安井 瑞紀,2,33,47,1,0,0.18,5.61,40.37,54.13,5.15,30.56,54.17,38.62,50.79,30.86,51.85
2026-08-21,16,9,2026-08-21 15:07:00,5,ヴィーナスシリーズ第10戦 第16回クラリスカップ,4,5389,恵良 琴美,3,19,43.5,0,0,0.19,2.32,1.19,13.1,1.11,0,0,27.51,48.15,39.43,54.29
2026-08-21,16,9,2026-08-21 15:07:00,5,ヴィーナスシリーズ第10戦 第16回クラリスカップ,5,4011,堀之内 紀代子,2,46,46.5,0,0,0.16,6.45,47.42,63.92,5.1,34.43,52.46,27.16,50,30.72,47.59
2026-08-21,16,9,2026-08-21 15:07:00,5,ヴィーナスシリーズ第10戦 第16回クラリスカップ,6,5435,中西 月輝,4,21,49.7,1,0,0.22,1.33,0,0,1.38,0,0,32.46,43.46,37.36,55.17
2026-08-21,16,10,2026-08-21 15:40:00,5,ヴィーナスシリーズ第10戦 第16回クラリスカップ,1,4765,野田部 宏子,3,36,50.9,1,0,0.13,4.46,21.05,39.47,5.5,40,50,32.8,47.85,31.61,50
2026-08-21,16,10,2026-08-21 15:40:00,5,ヴィーナスシリーズ第10戦 第16回クラリスカップ,2,3435,寺田 千恵,2,57,45.5,0,0,0.15,6.49,44,64,6.45,50,65,29.63,46.03,42.94,59.41
2026-08-21,16,10,2026-08-21 15:40:00,5,ヴィーナスシリーズ第10戦 第16回クラリスカップ,3,5193,米丸 乃絵,1,25,46.5,0,0,0.16,6.71,49.11,62.5,5.97,48.28,58.62,32.62,49.2,29.03,45.16
2026-08-21,16,10,2026-08-21 15:40:00,5,ヴィーナスシリーズ第10戦 第16回クラリスカップ,4,5361,植竹 玲奈,3,19,47.2,0,0,0.23,2.69,5.88,14.71,0,0,0,23.84,43.6,29.94,44.59
2026-08-21,16,10,2026-08-21 15:40:00,5,ヴィーナスシリーズ第10戦 第16回クラリスカップ,5,4536,喜井 つかさ,2,36,47,0,0,0.16,5.66,36,56,5.69,37.14,58.57,30.06,51.45,36,49.14
2026-08-21,16,10,2026-08-21 15:40:00,5,ヴィーナスシリーズ第10戦 第16回クラリスカップ,6,5180,藤本 紗弥香,4,28,46.5,0,0,0.21,4.45,25.53,38.3,3.22,11.11,22.22,37.1,52.69,30.67,50.31
2026-08-21,16,11,2026-08-21 16:13:00,5,ヴィーナスシリーズ第10戦 第16回クラリスカップ,1,4050,田口 節子,1,45,46.5,0,0,0.15,7.46,57.98,76.47,6.26,41.18,60.29,35.29,59.89,32.03,51.63
2026-08-21,16,11,2026-08-21 16:13:00,5,ヴィーナスシリーズ第10戦 第16回クラリスカップ,2,4964,土屋 南,2,29,46.5,0,0,0.15,6.19,41.44,61.26,5.88,36.21,55.17,44.2,61.88,22.98,40.99
2026-08-21,16,11,2026-08-21 16:13:00,5,ヴィーナスシリーズ第10戦 第16回クラリスカップ,3,4208,三浦 永理,1,43,47,0,0,0.15,7.22,59.69,79.07,6.1,40,50,38.17,57.53,36.78,55.17
2026-08-21,16,11,2026-08-21 16:13:00,5,ヴィーナスシリーズ第10戦 第16回クラリスカップ,4,4997,濱崎 寿里矢,4,33,48.8,0,0,0.18,3.07,11.9,19.05,2,0,0,36.17,51.6,34.09,49.43
2026-08-21,16,11,2026-08-21 16:13:00,5,ヴィーナスシリーズ第10戦 第16回クラリスカップ,5,4994,山本 梨菜,2,28,47,0,0,0.16,6.41,48.8,66.4,6.1,40,60,49.47,67.02,28.95,36.84
2026-08-21,16,11,2026-08-21 16:13:00,5,ヴィーナスシリーズ第10戦 第16回クラリスカップ,6,4720,西澤 日花里,3,32,47.6,1,0,0.2,3.65,16.22,33.78,3.89,16.22,35.14,36.13,52.36,37.21,48.84
2026-08-21,16,12,2026-08-21 16:50:00,5,ヴィーナスシリーズ第10戦 第16回クラリスカップ,1,4482,守屋 美穂,1,37,46,1,0,0.17,5.95,38.27,54.32,7.09,56.76,72.97,31.15,51.37,25.49,43.14
2026-08-21,16,12,2026-08-21 16:50:00,5,ヴィーナスシリーズ第10戦 第16回クラリスカップ,2,4225,土屋 千明,2,44,46,0,0,0.15,6.06,40.48,58.33,7.09,46.88,84.38,37.57,56.61,31.76,53.53
2026-08-21,16,12,2026-08-21 16:50:00,5,ヴィーナスシリーズ第10戦 第16回クラリスカップ,3,3994,小野 桜,3,47,47,0,0,0.18,4.87,26.37,48.35,5.5,40,50,37.84,51.35,38.6,59.65
2026-08-21,16,12,2026-08-21 16:50:00,5,ヴィーナスシリーズ第10戦 第16回クラリスカップ,4,3618,海野 ゆかり,1,52,45.5,0,0,0.19,6.43,50,62.9,6.81,47.62,71.43,34.57,50.53,31.36,47.34
2026-08-21,16,12,2026-08-21 16:50:00,5,ヴィーナスシリーズ第10戦 第16回クラリスカップ,5,4965,福岡 泉水,3,28,50.4,0,0,0.19,4.54,23.3,41.75,4.22,22.22,44.44,19.64,35.71,32.95,52.84
2026-08-21,16,12,2026-08-21 16:50:00,5,ヴィーナスシリーズ第10戦 第16回クラリスカップ,6,5188,武井 莉里佳,2,25,45.5,0,0,0.17,5.98,40,58.18,5.86,38.1,52.38,25.84,42.7,31.21,46.24
2026-08-21,19,1,2026-08-21 15:26:00,5,日刊スポーツ杯,1,4272,大場 広孝,3,44,55.5,0,0,0.17,5.01,29.35,47.83,5.69,31.25,56.25,27.14,34.29,28.57,44.29
2026-08-21,19,1,2026-08-21 15:26:00,5,日刊スポーツ杯,2,3896,上田 洋平,3,50,52.1,0,0,0.16,4.92,24.1,54.22,5.3,30,40,36.84,56.58,47.14,58.57
2026-08-21,19,1,2026-08-21 15:26:00,5,日刊スポーツ杯,3,4992,廣瀬 篤哉,3,28,56.5,0,0,0.16,5.05,31.03,43.68,6,25,62.5,39.74,50,41.79,53.73
2026-08-21,19,1,2026-08-21 15:26:00,5,日刊スポーツ杯,4,4896,花本 剛,3,34,57,1,0,0.18,3.78,18.07,32.53,4.15,19.23,34.62,28.36,35.82,30,42.86
2026-08-21,19,1,2026-08-21 15:26:00,5,日刊スポーツ杯,5,3945,橋口 真樹,3,50,51,0,0,0.21,4.45,20.55,39.73,3.24,9.52,28.57,46.58,75.34,37.5,50
2026-08-21,19,1,2026-08-21 15:26:00,5,日刊スポーツ杯,6,5404,内田 壮,3,22,52.7,0,0,0.2,2.32,4.23,12.68,2,2.22,6.67,26.39,43.06,39.71,51.47
2026-08-21,19,2,2026-08-21 15:51:00,5,日刊スポーツ杯,1,3949,今出 晋二,3,50,55.1,1,0,0.18,4.09,20.78,35.06,3.41,0,23.53,47.14,67.14,37.14,60
2026-08-21,19,2,2026-08-21 15:51:00,5,日刊スポーツ杯,2,4007,榮田 将彦,3,47,51.5,0,0,0.14,4.51,25.24,43.69,4.98,27.66,46.81,40.32,56.45,41.43,57.14
2026-08-21,19,2,2026-08-21 15:51:00,5,日刊スポーツ杯,3,5031,渡辺 空依,3,28,52.1,0,0,0.18,4.99,28.72,50,4.47,17.65,35.29,28.79,48.48,31.43,48.57
2026-08-21,19,2,2026-08-21 15:51:00,5,日刊スポーツ杯,4,3401,上田 隆章,3,58,52.1,0,0,0.22,4.41,25.24,38.83,0,0,0,41.79,59.7,38.57,54.29
2026-08-21,19,2,2026-08-21 15:51:00,5,日刊スポーツ杯,5,4331,三好 勇人,2,42,53,0,0,0.16,6.03,42.5,57.5,6.18,39.29,64.29,22.06,44.12,26.76,46.48
2026-08-21,19,2,2026-08-21 15:51:00,5,日刊スポーツ杯,6,4957,竹之内 極,3,31,53.9,0,0,0.17,5.56,37.5,55.21,4.86,28.57,28.57,22.06,41.18,51.43,64.29
2026-08-21,19,3,2026-08-21 16:19:00,5,日刊スポーツ杯,1,5044,渡邉 健,3,27,56.9,0,0,0.14,3.73,16.44,31.51,3.5,16.67,33.33,33.82,45.59,25,44.44
2026-08-21,19,3,2026-08-21 16:19:00,5,日刊スポーツ杯,2,3711,江本 真治,2,52,52.2,1,0,0.15,6.04,41.88,64.96,6.8,50.94,66.98,25.71,38.57,25,48.53
2026-08-21,19,3,2026-08-21 16:19:00,5,日刊スポーツ杯,3,5127,沼田 大都,3,29,51,0,0,0.22,4.49,20,44.21,4.6,30,36.67,29.58,49.3,22.06,47.06
2026-08-21,19,3,2026-08-21 16:19:00,5,日刊スポーツ杯,4,4607,鶴田 勇雄,2,37,52.7,0,0,0.18,5.8,37.4,58.54,6.09,47.06,67.65,36.36,43.94,26.03,38.36
2026-08-21,19,3,2026-08-21 16:19:00,5,日刊スポーツ杯,5,4164,岩永 節也,3,44,52,0,0,0.19,3.81,12.77,31.91,2.77,9.09,13.64,25,32.14,30.56,54.17
2026-08-21,19,3,2026-08-21 16:19:00,5,日刊スポーツ杯,6,4557,松尾 光広,3,36,53.5,0,0,0.21,4.1,17.2,36.56,4.69,28.57,45.24,28.21,48.72,52.86,67.14
2026-08-21,19,4,2026-08-21 16:46:00,5,日刊スポーツ杯,1,3477,近藤 稔也,3,55,52.4,0,0,0.19,3.6,10.98,25.61,3.46,15.38,23.08,40.91,59.09,27.4,38.36
2026-08-21,19,4,2026-08-21 16:46:00,5,日刊スポーツ杯,2,5086,本村 大,3,27,50.5,1,0,0.2,3.59,15.25,27.12,3.96,20,31.11,42.42,60.61,41.18,58.82
2026-08-21,19,4,2026-08-21 16:46:00,5,日刊スポーツ杯,3,3305,小野 信樹,3,58,52.9,0,0,0.17,3.57,14.46,26.51,4.28,18.6,30.23,39.39,66.67,21.43,27.14
2026-08-21,19,4,2026-08-21 16:46:00,5,日刊スポーツ杯,4,4063,市橋 卓士,1,46,52.3,0,0,0.14,5.83,37.19,57.02,4.7,20,30,37.33,53.33,31.51,47.95
2026-08-21,19,4,2026-08-21 16:46:00,5,日刊スポーツ杯,5,4096,石橋 道友,1,44,52.9,0,0,0.15,6.5,48.67,62.83,6,30,60,22.86,32.86,18.06,26.39
2026-08-21,19,4,2026-08-21 16:46:00,5,日刊スポーツ杯,6,4973,栗原 直也,3,34,52,1,0,0.17,5.12,31.71,47.56,5.67,33.33,55.56,31.75,47.62,34.72,54.17
2026-08-21,19,5,2026-08-21 17:17:00,5,日刊スポーツ杯,1,4822,百武 翔,2,33,52,0,0,0.17,6.21,46.55,66.38,5.83,42.55,55.32,20.63,44.44,43.28,58.21
2026-08-21,19,5,2026-08-21 17:17:00,5,日刊スポーツ杯,2,3905,天野 友和,2,48,52,0,0,0.16,6.09,45.05,63.06,6.67,52.78,69.44,25.64,44.87,28.77,46.58
2026-08-21,19,5,2026-08-21 17:17:00,5,日刊スポーツ杯,3,5077,滝沢 崚,3,29,52,1,0,0.18,3.61,13.43,25.37,4.78,22.22,44.44,27.16,48.15,34.78,50.72
2026-08-21,19,5,2026-08-21 17:17:00,5,日刊スポーツ杯,4,4128,川口 貴久,3,46,55,1,0,0.14,5.26,32.47,48.05,6,0,100,25.81,35.48,27.4,41.1
2026-08-21,19,5,2026-08-21 17:17:00,5,日刊スポーツ杯,5,3107,平岡 重典,3,62,52,0,0,0.18,3.6,11.63,20.93,2.86,0,28.57,24.68,40.26,35.71,54.29
2026-08-21,19,5,2026-08-21 17:17:00,5,日刊スポーツ杯,6,3304,烏野 賢太,1,58,52,0,0,0.18,5.56,32.59,57.78,5.6,40,45,51.47,75,19.72,42.25
2026-08-21,19,6,2026-08-21 17:48:00,5,日刊スポーツ杯,1,4992,廣瀬 篤哉,3,28,56.5,0,0,0.16,5.05,31.03,43.68,6,25,62.5,39.74,50,41.79,53.73
2026-08-21,19,6,2026-08-21 17:48:00,5,日刊スポーツ杯,2,4596,葛原 大陽,2,43,52.4,1,0,0.15,5.89,37.5,60.94,6.38,42.86,80.95,57.97,65.22,30.56,43.06
2026-08-21,19,6,2026-08-21 17:48:00,5,日刊スポーツ杯,3,4370,山口 達也,1,39,52.5,0,0,0.14,6.13,44.09,53.76,7.78,55.56,66.67,25.81,33.87,24.66,41.1
2026-08-21,19,6,2026-08-21 17:48:00,5,日刊スポーツ杯,4,4016,西川 新太郎,3,46,55,0,0,0.16,5.5,33.33,54.05,5,12.5,62.5,29.58,35.21,38.24,50
2026-08-21,19,6,2026-08-21 17:48:00,5,日刊スポーツ杯,5,3968,茶谷 信次,2,50,52.6,0,0,0.18,5.34,31.03,56.32,6.39,44.44,77.78,28.95,39.47,27.94,55.88
2026-08-21,19,6,2026-08-21 17:48:00,5,日刊スポーツ杯,6,3771,折下 寛法,3,52,51,0,0,0.15,5.49,32.69,54.81,5.28,38.89,55.56,26.09,46.38,45.83,66.67
2026-08-21,19,7,2026-08-21 18:17:00,5,日刊スポーツ杯,1,4164,岩永 節也,3,44,52,0,0,0.19,3.81,12.77,31.91,2.77,9.09,13.64,25,32.14,30.56,54.17
2026-08-21,19,7,2026-08-21 18:17:00,5,日刊スポーツ杯,2,4794,和田 拓也,1,36,53.1,0,0,0.13,6.74,54.12,70.59,6.95,42.11,68.42,41.43,58.57,22.06,38.24
2026-08-21,19,7,2026-08-21 18:17:00,5,日刊スポーツ杯,3,3945,橋口 真樹,3,50,51,0,0,0.21,4.45,20.55,39.73,3.24,9.52,28.57,46.58,75.34,37.5,50
2026-08-21,19,7,2026-08-21 18:17:00,5,日刊スポーツ杯,4,3257,田頭 実,1,59,51,1,0,0.13,6.75,57.84,64.71,7.33,66.67,75,33.33,53.62,19.44,31.94
2026-08-21,19,7,2026-08-21 18:17:00,5,日刊スポーツ杯,5,3949,今出 晋二,3,50,55.1,1,0,0.18,4.09,20.78,35.06,3.41,0,23.53,47.14,67.14,37.14,60
2026-08-21,19,7,2026-08-21 18:17:00,5,日刊スポーツ杯,6,5457,山田 陽翔,4,20,50.5,0,0,,1.16,0,0,0,0,0,20,40,32.39,56.34
2026-08-21,19,8,2026-08-21 18:48:00,5,日刊スポーツ杯,1,3484,芝田 浩治,2,54,52,0,0,0.17,5.77,43.27,55.77,5.67,40.74,55.56,33.33,48.61,30,48.57
2026-08-21,19,8,2026-08-21 18:48:00,5,日刊スポーツ杯,2,4272,大場 広孝,3,44,55.5,0,0,0.17,5.01,29.35,47.83,5.69,31.25,56.25,27.14,34.29,28.57,44.29
2026-08-21,19,8,2026-08-21 18:48:00,5,日刊スポーツ杯,3,5086,本村 大,3,27,50.5,1,0,0.2,3.59,15.25,27.12,3.96,20,31.11,42.42,60.61,41.18,58.82
2026-08-21,19,8,2026-08-21 18:48:00,5,日刊スポーツ杯,4,5054,佐々木 大河,1,30,52.1,0,0,0.14,6.56,48.61,72.22,6.46,46.15,69.23,39.71,57.35,36.92,53.85
2026-08-21,19,8,2026-08-21 18:48:00,5,日刊スポーツ杯,5,5044,渡邉 健,3,27,56.9,0,0,0.14,3.73,16.44,31.51,3.5,16.67,33.33,33.82,45.59,25,44.44
2026-08-21,19,8,2026-08-21 18:48:00,5,日刊スポーツ杯,6,5031,渡辺 空依,3,28,52.1,0,0,0.18,4.99,28.72,50,4.47,17.65,35.29,28.79,48.48,31.43,48.57
2026-08-21,19,9,2026-08-21 19:16:00,5,日刊スポーツ杯,1,4171,榎 幸司,2,43,52.4,0,0,0.19,6.21,44.44,63.49,6.51,46.67,66.67,33.33,44.87,34.72,56.94
2026-08-21,19,9,2026-08-21 19:16:00,5,日刊スポーツ杯,2,3305,小野 信樹,3,58,52.9,0,0,0.17,3.57,14.46,26.51,4.28,18.6,30.23,39.39,66.67,21.43,27.14
2026-08-21,19,9,2026-08-21 19:16:00,5,日刊スポーツ杯,3,3576,白水 勝也,1,53,52,1,0,0.17,6.53,46.36,75.45,5.75,37.5,62.5,39.24,53.16,34.25,52.05
2026-08-21,19,9,2026-08-21 19:16:00,5,日刊スポーツ杯,4,4196,田中 太一郎,3,44,52.2,0,0,0.17,3.84,20,30.48,3.62,19.05,38.1,21.31,31.15,30.88,48.53
2026-08-21,19,9,2026-08-21 19:16:00,5,日刊スポーツ杯,5,5404,内田 壮,3,22,52.7,0,0,0.2,2.32,4.23,12.68,2,2.22,6.67,26.39,43.06,39.71,51.47
2026-08-21,19,9,2026-08-21 19:16:00,5,日刊スポーツ杯,6,3527,中嶋 誠一郎,3,55,52,1,0,0.17,5.48,35.64,57.43,5.96,41.67,58.33,46.84,63.29,29.58,47.89
2026-08-21,19,10,2026-08-21 19:48:00,5,日刊スポーツ杯,1,4096,石橋 道友,1,44,52.9,0,0,0.15,6.5,48.67,62.83,6,30,60,22.86,32.86,18.06,26.39
2026-08-21,19,10,2026-08-21 19:48:00,5,日刊スポーツ杯,2,4128,川口 貴久,3,46,55,1,0,0.14,5.26,32.47,48.05,6,0,100,25.81,35.48,27.4,41.1
2026-08-21,19,10,2026-08-21 19:48:00,5,日刊スポーツ杯,3,4957,竹之内 極,3,31,53.9,0,0,0.17,5.56,37.5,55.21,4.86,28.57,28.57,22.06,41.18,51.43,64.29
2026-08-21,19,10,2026-08-21 19:48:00,5,日刊スポーツ杯,4,3711,江本 真治,2,52,52.2,1,0,0.15,6.04,41.88,64.96,6.8,50.94,66.98,25.71,38.57,25,48.53
2026-08-21,19,10,2026-08-21 19:48:00,5,日刊スポーツ杯,5,4016,西川 新太郎,3,46,55,0,0,0.16,5.5,33.33,54.05,5,12.5,62.5,29.58,35.21,38.24,50
2026-08-21,19,10,2026-08-21 19:48:00,5,日刊スポーツ杯,6,3896,上田 洋平,3,50,52.1,0,0,0.16,4.92,24.1,54.22,5.3,30,40,36.84,56.58,47.14,58.57
2026-08-21,19,11,2026-08-21 20:17:00,5,日刊スポーツ杯,1,4794,和田 拓也,1,36,53.1,0,0,0.13,6.74,54.12,70.59,6.95,42.11,68.42,41.43,58.57,22.06,38.24
2026-08-21,19,11,2026-08-21 20:17:00,5,日刊スポーツ杯,2,3477,近藤 稔也,3,55,52.4,0,0,0.19,3.6,10.98,25.61,3.46,15.38,23.08,40.91,59.09,27.4,38.36
2026-08-21,19,11,2026-08-21 20:17:00,5,日刊スポーツ杯,3,3968,茶谷 信次,2,50,52.6,0,0,0.18,5.34,31.03,56.32,6.39,44.44,77.78,28.95,39.47,27.94,55.88
2026-08-21,19,11,2026-08-21 20:17:00,5,日刊スポーツ杯,4,4557,松尾 光広,3,36,53.5,0,0,0.21,4.1,17.2,36.56,4.69,28.57,45.24,28.21,48.72,52.86,67.14
2026-08-21,19,11,2026-08-21 20:17:00,5,日刊スポーツ杯,5,4822,百武 翔,2,33,52,0,0,0.17,6.21,46.55,66.38,5.83,42.55,55.32,20.63,44.44,43.28,58.21
2026-08-21,19,11,2026-08-21 20:17:00,5,日刊スポーツ杯,6,3401,上田 隆章,3,58,52.1,0,0,0.22,4.41,25.24,38.83,0,0,0,41.79,59.7,38.57,54.29
2026-08-21,19,12,2026-08-21 20:45:00,5,日刊スポーツ杯,1,3257,田頭 実,1,59,51,1,0,0.13,6.75,57.84,64.71,7.33,66.67,75,33.33,53.62,19.44,31.94
2026-08-21,19,12,2026-08-21 20:45:00,5,日刊スポーツ杯,2,4370,山口 達也,1,39,52.5,0,0,0.14,6.13,44.09,53.76,7.78,55.56,66.67,25.81,33.87,24.66,41.1
2026-08-21,19,12,2026-08-21 20:45:00,5,日刊スポーツ杯,3,4331,三好 勇人,2,42,53,0,0,0.16,6.03,42.5,57.5,6.18,39.29,64.29,22.06,44.12,26.76,46.48
2026-08-21,19,12,2026-08-21 20:45:00,5,日刊スポーツ杯,4,3905,天野 友和,2,48,52,0,0,0.16,6.09,45.05,63.06,6.67,52.78,69.44,25.64,44.87,28.77,46.58
2026-08-21,19,12,2026-08-21 20:45:00,5,日刊スポーツ杯,5,4063,市橋 卓士,1,46,52.3,0,0,0.14,5.83,37.19,57.02,4.7,20,30,37.33,53.33,31.51,47.95
2026-08-21,19,12,2026-08-21 20:45:00,5,日刊スポーツ杯,6,4607,鶴田 勇雄,2,37,52.7,0,0,0.18,5.8,37.4,58.54,6.09,47.06,67.65,36.36,43.94,26.03,38.36
2026-08-21,21,1,2026-08-21 08:32:00,5,ニッカン・コム杯,1,3853,岩崎 正哉,2,53,53.5,0,0,0.2,5.78,35.34,54.31,6.26,43.4,64.15,31.65,43.04,33.33,45.24
2026-08-21,21,1,2026-08-21 08:32:00,5,ニッカン・コム杯,2,3752,宇土 泰就,3,55,57.5,0,0,0.17,4.36,19.79,38.54,3.42,9.09,24.24,44.44,61.11,35.87,47.83
2026-08-21,21,1,2026-08-21 08:32:00,5,ニッカン・コム杯,3,4346,前田 健太郎,3,41,55,1,0,0.17,4.26,26.85,37.04,4.88,33.9,49.15,27.17,44.57,35.56,48.89
2026-08-21,21,1,2026-08-21 08:32:00,5,ニッカン・コム杯,4,5244,黒田 剛,3,25,52,1,0,0.16,4.11,19.28,32.53,2.09,0,0,44.32,53.41,32.18,45.98
2026-08-21,21,1,2026-08-21 08:32:00,5,ニッカン・コム杯,5,5209,小野 京平,3,28,55,0,0,0.21,3.61,12.68,28.17,2.73,4.08,20.41,42.39,59.78,32.97,50.55
2026-08-21,21,1,2026-08-21 08:32:00,5,ニッカン・コム杯,6,5271,杉山 太陽,3,25,52,0,0,0.19,3.99,18.18,34.34,2.31,3.85,11.54,27.71,48.19,44.44,51.85
2026-08-21,21,2,2026-08-21 08:58:00,5,ニッカン・コム杯,1,3158,島川 光男,2,61,52.6,0,0,0.15,6.17,44.12,60.78,6.42,47.44,64.1,37.78,63.33,26.58,45.57
2026-08-21,21,2,2026-08-21 08:58:00,5,ニッカン・コム杯,2,4145,小澤 学,3,44,52.9,0,0,0.26,4.05,17.35,33.67,4.13,15.63,34.38,44.59,64.86,35,56.25
2026-08-21,21,2,2026-08-21 08:58:00,5,ニッカン・コム杯,3,3804,中渡 修作,3,52,52.2,0,0,0.16,4.94,30.16,48.41,4.65,31.4,47.67,27.03,40.54,26.09,46.38
2026-08-21,21,2,2026-08-21 08:58:00,5,ニッカン・コム杯,4,3743,林 美憲,1,51,52.3,0,0,0.15,5.34,40,51.2,7.38,54.17,75,40,60,35.8,51.85
2026-08-21,21,2,2026-08-21 08:58:00,5,ニッカン・コム杯,5,5443,西村 仁吾,4,18,53.3,1,0,0.24,1.57,3.7,3.7,0.88,0,0,44.71,61.18,33.33,51.72
2026-08-21,21,2,2026-08-21 08:58:00,5,ニッカン・コム杯,6,3745,橋本 年光,3,51,52.5,0,0,0.19,5.28,29.79,54.26,5.5,31.25,59.38,37.36,56.04,35.87,53.26
2026-08-21,21,3,2026-08-21 09:24:00,5,ニッカン・コム杯,1,4578,藤山 雅弘,2,37,52.1,0,0,0.18,5.95,44.55,61.82,8,72.22,94.44,28.57,40.48,26.87,43.28
2026-08-21,21,3,2026-08-21 09:24:00,5,ニッカン・コム杯,2,3224,栗山 繁洋,3,61,52.1,0,0,0.21,3.87,18.95,29.47,4.17,18.52,35.19,14.49,28.99,34.09,52.27
2026-08-21,21,3,2026-08-21 09:24:00,5,ニッカン・コム杯,3,4364,池永 太,1,41,53.1,0,0,0.13,6.09,42.39,56.52,7.05,54.39,73.68,27.47,40.66,31.71,47.56
2026-08-21,21,3,2026-08-21 09:24:00,5,ニッカン・コム杯,4,3566,川添 英正,3,56,52.6,0,0,0.19,4.6,22.92,41.67,5.56,42,56,26.25,47.5,34.83,53.93
2026-08-21,21,3,2026-08-21 09:24:00,5,ニッカン・コム杯,5,5055,眞鳥 章太,2,30,52.9,0,0,0.16,5.79,37.5,57.29,5.58,38.46,53.85,27.27,47.47,31.4,50
2026-08-21,21,3,2026-08-21 09:24:00,5,ニッカン・コム杯,6,3892,草場 康幸,3,50,53,0,0,0.17,5.02,28.85,50,5.61,32.14,60.71,27.38,39.29,31.71,45.12
2026-08-21,21,4,2026-08-21 09:50:00,5,ニッカン・コム杯,1,4958,溝口 海義也,1,31,53.9,0,0,0.13,6.37,44.85,66.18,6.51,42.86,74.29,34.78,52.17,47.56,64.63
2026-08-21,21,4,2026-08-21 09:50:00,5,ニッカン・コム杯,2,4180,上野 秀和,2,43,53.3,0,0,0.17,5.28,30.7,50.88,4.54,19.23,36.54,28.75,37.5,34.48,51.72
2026-08-21,21,4,2026-08-21 09:50:00,5,ニッカン・コム杯,3,3602,奥平 拓也,3,56,52,0,0,0.21,4.02,16.85,34.83,4,19.23,38.46,39.77,56.82,21.25,35
2026-08-21,21,4,2026-08-21 09:50:00,5,ニッカン・コム杯,4,3773,津留 浩一郎,3,52,55.6,0,0,0.16,3.74,17.86,32.14,5,31.25,53.13,35.16,52.75,25.35,43.66
2026-08-21,21,4,2026-08-21 09:50:00,5,ニッカン・コム杯,5,3809,吉田 光,3,51,52.3,1,0,0.19,3.89,7.14,34.52,5.84,38.6,63.16,31.87,50.55,27.4,43.84
2026-08-21,21,4,2026-08-21 09:50:00,5,ニッカン・コム杯,6,3872,岡田 憲行,2,50,53.8,0,0,0.18,6.16,43.48,63.04,6.24,52,56,32.95,40.91,31.71,42.68
2026-08-21,21,5,2026-08-21 10:20:00,5,ニッカン・コム杯,1,5158,宮脇 遼太,1,28,52.8,0,0,0.16,6.61,54.7,67.52,6.14,38,62,34.44,53.33,37.23,54.26
2026-08-21,21,5,2026-08-21 10:20:00,5,ニッカン・コム杯,2,3681,山谷 央,3,53,52,1,0,0.15,4.7,25.35,38.03,5.59,36.96,56.52,29.03,49.46,38.64,60.23
2026-08-21,21,5,2026-08-21 10:20:00,5,ニッカン・コム杯,3,5343,小林 礼央,3,23,52,0,0,0.16,4,19.54,34.48,1,0,0,40.91,54.55,35.23,48.86
2026-08-21,21,5,2026-08-21 10:20:00,5,ニッカン・コム杯,4,4440,萩原 知哉,3,39,53.1,0,0,0.17,4.86,28.87,41.24,4.05,12.5,27.5,34.12,51.76,32.93,47.56
2026-08-21,21,5,2026-08-21 10:20:00,5,ニッカン・コム杯,5,3439,大平 誉史明,1,57,51.5,0,0,0.16,5.97,44.17,60.83,5,29.55,50,24.66,42.47,34.18,53.16
2026-08-21,21,5,2026-08-21 10:20:00,5,ニッカン・コム杯,6,4523,中村 辰也,2,38,52.5,0,0,0.15,5.62,35.45,60,5.02,26.42,49.06,24.42,45.35,42.55,57.45
2026-08-21,21,6,2026-08-21 10:50:00,5,ニッカン・コム杯,1,3752,宇土 泰就,3,55,57.5,0,0,0.17,4.36,19.79,38.54,3.42,9.09,24.24,44.44,61.11,35.87,47.83
2026-08-21,21,6,2026-08-21 10:50:00,5,ニッカン・コム杯,2,3841,佐々木 和伸,2,50,55,0,0,0.16,6.52,49.24,71.21,6.75,37.5,75,20,38.67,23.16,38.95
2026-08-21,21,6,2026-08-21 10:50:00,5,ニッカン・コム杯,3,3617,竹田 広樹,3,53,52,1,0,0.19,3.71,16.88,29.87,1.5,0,0,25.64,52.56,34.88,48.84
2026-08-21,21,6,2026-08-21 10:50:00,5,ニッカン・コム杯,4,4598,加藤 政彦,3,42,51.5,0,0,0.16,6.1,49.04,59.62,5.4,30,40,36.47,47.06,40.43,56.38
2026-08-21,21,6,2026-08-21 10:50:00,5,ニッカン・コム杯,5,3629,浅見 昌克,2,56,52,0,0,0.14,5.84,35.29,58.82,6.46,45.83,62.5,23.38,35.06,44.05,65.48
2026-08-21,21,6,2026-08-21 10:50:00,5,ニッカン・コム杯,6,4294,古賀 繁輝,1,40,55.8,0,0,0.14,6.21,44.44,63.25,5.79,35.71,50,35.56,53.33,30.77,47.44
2026-08-21,21,7,2026-08-21 11:21:00,5,ニッカン・コム杯,1,3224,栗山 繁洋,3,61,52.1,0,0,0.21,3.87,18.95,29.47,4.17,18.52,35.19,14.49,28.99,34.09,52.27
2026-08-21,21,7,2026-08-21 11:21:00,5,ニッカン・コム杯,2,4219,本岡 勝利,3,44,52,1,0,0.19,4.01,12.64,27.59,3.41,11.11,14.81,31.58,45.26,24,40
2026-08-21,21,7,2026-08-21 11:21:00,5,ニッカン・コム杯,3,5394,福西 広太郎,3,24,52,0,0,0.18,3.08,7.14,21.43,2.5,0,25,35.48,64.52,14.94,33.33
2026-08-21,21,7,2026-08-21 11:21:00,5,ニッカン・コム杯,4,4257,古川 健,3,42,52,0,0,0.16,4.85,30.68,45.45,4.35,20.59,38.24,47.19,65.17,20.55,31.51
2026-08-21,21,7,2026-08-21 11:21:00,5,ニッカン・コム杯,5,5244,黒田 剛,3,25,52,1,0,0.16,4.11,19.28,32.53,2.09,0,0,44.32,53.41,32.18,45.98
2026-08-21,21,7,2026-08-21 11:21:00,5,ニッカン・コム杯,6,5443,西村 仁吾,4,18,53.3,1,0,0.24,1.57,3.7,3.7,0.88,0,0,44.71,61.18,33.33,51.72
2026-08-21,21,8,2026-08-21 11:53:00,5,ニッカン・コム杯,1,3784,中島 友和,3,49,52.3,0,0,0.16,4.97,29.29,49.49,4.98,24.56,54.39,35.8,54.32,38.04,50
2026-08-21,21,8,2026-08-21 11:53:00,5,ニッカン・コム杯,2,3158,島川 光男,2,61,52.6,0,0,0.15,6.17,44.12,60.78,6.42,47.44,64.1,37.78,63.33,26.58,45.57
2026-08-21,21,8,2026-08-21 11:53:00,5,ニッカン・コム杯,3,3892,草場 康幸,3,50,53,0,0,0.17,5.02,28.85,50,5.61,32.14,60.71,27.38,39.29,31.71,45.12
2026-08-21,21,8,2026-08-21 11:53:00,5,ニッカン・コム杯,4,4346,前田 健太郎,3,41,55,1,0,0.17,4.26,26.85,37.04,4.88,33.9,49.15,27.17,44.57,35.56,48.89
2026-08-21,21,8,2026-08-21 11:53:00,5,ニッカン・コム杯,5,3303,渡辺 豊,3,58,53.1,0,0,0.2,4.16,16.96,33.93,4.39,25,33.33,17.44,31.4,36.9,47.62
2026-08-21,21,8,2026-08-21 11:53:00,5,ニッカン・コム杯,6,4025,山本 隆幸,1,48,51.5,0,0,0.18,6.79,51.72,68.97,6.74,42.11,73.68,21.11,31.11,35.56,56.67
2026-08-21,21,9,2026-08-21 12:27:00,5,ニッカン・コム杯,1,5055,眞鳥 章太,2,30,53.1,0,0,0.16,5.79,37.5,57.29,5.58,38.46,53.85,27.27,47.47,31.4,50
2026-08-21,21,9,2026-08-21 12:27:00,5,ニッカン・コム杯,2,3808,秋田 健太郎,3,51,58.1,0,0,0.17,4.34,24.1,34.94,3.86,15.91,29.55,25.27,45.05,40.45,55.06
2026-08-21,21,9,2026-08-21 12:27:00,5,ニッカン・コム杯,3,4543,重木 輝彦,1,38,52,1,0,0.17,6.58,46.55,65.52,5.97,37.93,65.52,24.29,37.14,20.78,45.45
2026-08-21,21,9,2026-08-21 12:27:00,5,ニッカン・コム杯,4,4145,小澤 学,3,44,52.4,0,0,0.26,4.05,17.35,33.67,4.13,15.63,34.38,44.59,64.86,35,56.25
2026-08-21,21,9,2026-08-21 12:27:00,5,ニッカン・コム杯,5,5384,八戸 琉楓,4,21,51.5,0,0,0.22,1.87,2.2,5.49,1.33,0,0,42.53,67.82,29.67,52.75
2026-08-21,21,9,2026-08-21 12:27:00,5,ニッカン・コム杯,6,4180,上野 秀和,2,43,53.2,0,0,0.17,5.28,30.7,50.88,4.54,19.23,36.54,28.75,37.5,34.48,51.72
2026-08-21,21,10,2026-08-21 12:57:00,5,ニッカン・コム杯,1,3251,平石 和男,2,60,50.5,0,0,0.2,5.82,37.8,62.2,6,37.04,70.37,18.07,38.55,29.41,45.88
2026-08-21,21,10,2026-08-21 12:57:00,5,ニッカン・コム杯,2,3566,川添 英正,3,56,52.6,0,0,0.19,4.6,22.92,41.67,5.56,42,56,26.25,47.5,34.83,53.93
2026-08-21,21,10,2026-08-21 12:57:00,5,ニッカン・コム杯,3,3872,岡田 憲行,2,50,53.8,0,0,0.18,6.16,43.48,63.04,6.24,52,56,32.95,40.91,31.71,42.68
2026-08-21,21,10,2026-08-21 12:57:00,5,ニッカン・コム杯,4,5209,小野 京平,3,28,55,0,0,0.21,3.61,12.68,28.17,2.73,4.08,20.41,42.39,59.78,32.97,50.55
2026-08-21,21,10,2026-08-21 12:57:00,5,ニッカン・コム杯,5,4294,古賀 繁輝,1,40,55.8,0,0,0.14,6.21,44.44,63.25,5.79,35.71,50,35.56,53.33,30.77,47.44
2026-08-21,21,10,2026-08-21 12:57:00,5,ニッカン・コム杯,6,3681,山谷 央,3,53,52,1,0,0.15,4.7,25.35,38.03,5.59,36.96,56.52,29.03,49.46,38.64,60.23
2026-08-21,21,11,2026-08-21 13:34:00,5,ニッカン・コム杯,1,3439,大平 誉史明,1,57,51.5,0,0,0.16,5.97,44.17,60.83,5,29.55,50,24.66,42.47,34.18,53.16
2026-08-21,21,11,2026-08-21 13:34:00,5,ニッカン・コム杯,2,3773,津留 浩一郎,3,52,55.6,0,0,0.16,3.74,17.86,32.14,5,31.25,53.13,35.16,52.75,25.35,43.66
2026-08-21,21,11,2026-08-21 13:34:00,5,ニッカン・コム杯,3,3853,岩崎 正哉,2,53,53.5,0,0,0.2,5.78,35.34,54.31,6.26,43.4,64.15,31.65,43.04,33.33,45.24
2026-08-21,21,11,2026-08-21 13:34:00,5,ニッカン・コム杯,4,3804,中渡 修作,3,52,52.2,0,0,0.16,4.94,30.16,48.41,4.65,31.4,47.67,27.03,40.54,26.09,46.38
2026-08-21,21,11,2026-08-21 13:34:00,5,ニッカン・コム杯,5,4364,池永 太,1,41,53.1,0,0,0.13,6.09,42.39,56.52,7.05,54.39,73.68,27.47,40.66,31.71,47.56
2026-08-21,21,11,2026-08-21 13:34:00,5,ニッカン・コム杯,6,3841,佐々木 和伸,2,50,55,0,0,0.16,6.52,49.24,71.21,6.75,37.5,75,20,38.67,23.16,38.95
2026-08-21,21,12,2026-08-21 14:12:00,5,ニッカン・コム杯,1,3743,林 美憲,1,51,52.3,0,0,0.15,5.34,40,51.2,7.38,54.17,75,40,60,35.8,51.85
2026-08-21,21,12,2026-08-21 14:12:00,5,ニッカン・コム杯,2,4257,古川 健,3,42,52,0,0,0.16,4.85,30.68,45.45,4.35,20.59,38.24,47.19,65.17,20.55,31.51
2026-08-21,21,12,2026-08-21 14:12:00,5,ニッカン・コム杯,3,4578,藤山 雅弘,2,37,52.1,0,0,0.18,5.95,44.55,61.82,8,72.22,94.44,28.57,40.48,26.87,43.28
2026-08-21,21,12,2026-08-21 14:12:00,5,ニッカン・コム杯,4,4025,山本 隆幸,1,48,51.5,0,0,0.18,6.79,51.72,68.97,6.74,42.11,73.68,21.11,31.11,35.56,56.67
2026-08-21,21,12,2026-08-21 14:12:00,5,ニッカン・コム杯,5,4523,中村 辰也,2,38,52.5,0,0,0.15,5.62,35.45,60,5.02,26.42,49.06,24.42,45.35,42.55,57.45
2026-08-21,21,12,2026-08-21 14:12:00,5,ニッカン・コム杯,6,3629,浅見 昌克,2,56,52,0,0,0.14,5.84,35.29,58.82,6.46,45.83,62.5,23.38,35.06,44.05,65.48
2026-08-21,23,1,2026-08-21 08:44:00,5,BTS三日月開設30周年記念,1,4704,河野 大,1,38,52,0,0,0.14,6.5,48.18,63.5,6.38,45.95,64.86,34.18,51.48,20.72,31.53
2026-08-21,23,1,2026-08-21 08:44:00,5,BTS三日月開設30周年記念,2,3282,池本 輝明,3,59,51,0,0,0.19,4.52,21.9,39.05,3.82,10.71,28.57,37.73,53.18,39.62,55.66
2026-08-21,23,1,2026-08-21 08:44:00,5,BTS三日月開設30周年記念,3,4564,山本 景士郎,3,38,52.2,0,0,0.19,4.68,23.21,44.64,5.34,28.57,54.29,40.95,61.43,35.85,56.6
2026-08-21,23,1,2026-08-21 08:44:00,5,BTS三日月開設30周年記念,4,3948,大町 利克,3,50,52.2,0,0,0.18,3.68,13.75,32.5,4.04,25,33.33,30.37,45.55,43.75,55.36
2026-08-21,23,1,2026-08-21 08:44:00,5,BTS三日月開設30周年記念,5,4952,吉武 真也,3,32,52.3,0,0,0.19,4.26,20.43,34.41,3.61,17.39,26.09,35.59,50,26.21,41.75
2026-08-21,23,1,2026-08-21 08:44:00,5,BTS三日月開設30周年記念,6,4723,寺島 吉彦,3,40,50.5,0,0,0.17,4.58,30.99,39.44,5.41,35.29,64.71,45.42,62.08,28.57,48.21
2026-08-21,23,2,2026-08-21 09:10:00,5,BTS三日月開設30周年記念,1,4148,枝尾 賢,2,44,52.1,0,0,0.14,6.23,40.83,61.67,5.94,47.06,47.06,39.74,52.14,24.76,44.76
2026-08-21,23,2,2026-08-21 09:10:00,5,BTS三日月開設30周年記念,2,3822,平尾 崇典,1,53,49.5,0,0,0.15,6.35,45.13,60.18,7.67,61.9,85.71,21.47,39.88,30.48,46.67
2026-08-21,23,2,2026-08-21 09:10:00,5,BTS三日月開設30周年記念,3,4232,笠 雅雄,3,43,52.7,0,0,0.17,6.08,41.75,60.19,4.59,26.47,41.18,33.63,53.36,41.96,58.04
2026-08-21,23,2,2026-08-21 09:10:00,5,BTS三日月開設30周年記念,4,4803,飯田 庄吾,3,32,57,0,0,0.19,3.88,19.44,29.17,3.11,11.11,11.11,48.64,65,36.11,56.48
2026-08-21,23,2,2026-08-21 09:10:00,5,BTS三日月開設30周年記念,5,3929,杢野 誓良,3,50,52,0,0,0.16,4.13,18.18,35.35,0,0,0,35.45,51.36,38.18,62.73
2026-08-21,23,2,2026-08-21 09:10:00,5,BTS三日月開設30周年記念,6,3831,安藤 裕貴,3,52,53.3,0,0,0.15,4.24,25.51,35.71,5.5,30,60,28.41,41.48,34.65,52.48
2026-08-21,23,3,2026-08-21 09:38:00,5,BTS三日月開設30周年記念,1,4842,山下 昂大,2,34,52.8,1,0,0.16,5.89,38.54,56.25,6.24,47.06,70.59,37.56,56.59,38.32,55.14
2026-08-21,23,3,2026-08-21 09:38:00,5,BTS三日月開設30周年記念,2,5105,富田 恕生,3,27,52.4,0,0,0.18,4.28,22.5,38.33,4.5,25,45,32.03,47.62,25.47,46.23
2026-08-21,23,3,2026-08-21 09:38:00,5,BTS三日月開設30周年記念,3,4762,藤原 啓史朗,1,36,51.5,0,0,0.13,7.31,53.28,73.77,0,0,0,32.39,50.7,23.6,41.57
2026-08-21,23,3,2026-08-21 09:38:00,5,BTS三日月開設30周年記念,4,5135,仲 航太,3,26,52.8,1,0,0.19,5.54,41.89,56.76,4.44,11.11,55.56,33.51,46.49,27.93,53.15
2026-08-21,23,3,2026-08-21 09:38:00,5,BTS三日月開設30周年記念,5,3577,向所 浩二,3,53,57.9,0,0,0.17,4.61,21.35,40.45,5.24,35.14,54.05,32.3,51.33,32.04,49.51
2026-08-21,23,3,2026-08-21 09:38:00,5,BTS三日月開設30周年記念,6,5469,今泉 博人,4,17,54,0,0,,1.6,0,2.33,1.53,0,0,29.85,46.27,39.05,49.52
2026-08-21,23,4,2026-08-21 10:04:00,5,BTS三日月開設30周年記念,1,4409,坂元 浩仁,1,40,54,1,0,0.15,6.4,50,61.32,5.75,40,60,32.88,50,37.84,56.76
2026-08-21,23,4,2026-08-21 10:04:00,5,BTS三日月開設30周年記念,2,4293,鈴木 智啓,3,41,58.1,0,0,0.18,4.91,27.73,48.74,0,0,0,31.88,45.41,26.74,39.53
2026-08-21,23,4,2026-08-21 10:04:00,5,BTS三日月開設30周年記念,3,4812,西野 雄貴,1,36,51.5,0,0,0.14,7.49,59.76,81.71,6.58,50,70.83,46.02,61.5,41.07,53.57
2026-08-21,23,4,2026-08-21 10:04:00,5,BTS三日月開設30周年記念,4,4367,山口 修路,3,40,52.3,0,0,0.23,4.4,18.52,43.21,5.17,33.33,33.33,34.7,50.23,36.28,55.75
2026-08-21,23,4,2026-08-21 10:04:00,5,BTS三日月開設30周年記念,5,4905,土井 祥伍,3,31,53.8,0,0,0.21,4.68,25,42,4.31,31.25,43.75,35.75,53.62,37.11,49.48
2026-08-21,23,4,2026-08-21 10:04:00,5,BTS三日月開設30周年記念,6,4441,末永 由楽,2,39,52.4,0,0,0.14,5.6,32.8,52,6.18,41.18,58.82,31.46,52.11,39.81,57.41
2026-08-21,23,5,2026-08-21 10:32:00,5,BTS三日月開設30周年記念,1,5104,山田 丈,2,27,52,0,0,0.16,5.77,36.67,53.33,4.92,23.08,46.15,36.02,54.98,30.63,36.94
2026-08-21,23,5,2026-08-21 10:32:00,5,BTS三日月開設30周年記念,2,4910,中村 泰平,1,30,52,0,0,0.15,6.97,56.07,71.03,7.86,75,82.14,30.43,50.72,27.03,40.54
2026-08-21,23,5,2026-08-21 10:32:00,5,BTS三日月開設30周年記念,3,3948,大町 利克,3,50,52.2,0,0,0.18,3.68,13.75,32.5,4.04,25,33.33,30.37,45.55,43.75,55.36
2026-08-21,23,5,2026-08-21 10:32:00,5,BTS三日月開設30周年記念,4,5002,上田 健太,2,30,52,0,0,0.17,5.56,34.82,57.14,5.38,37.5,50,34.31,46.57,26.6,41.49
2026-08-21,23,5,2026-08-21 10:32:00,5,BTS三日月開設30周年記念,5,3690,河合 三弘,3,55,52.6,0,0,0.19,4.77,29.36,44.95,5.65,38.46,53.85,38.35,53.4,33,54
2026-08-21,23,5,2026-08-21 10:32:00,5,BTS三日月開設30周年記念,6,4375,照屋 厚仁,2,42,51.5,0,0,0.17,5.69,37.29,56.78,5.45,41.38,58.62,40.34,54.2,25.49,41.18
2026-08-21,23,6,2026-08-21 11:01:00,5,BTS三日月開設30周年記念,1,3226,浦田 信義,3,61,52,0,0,0.19,4.29,18.07,39.76,4.92,20,44,31.44,54.64,38.24,58.82
2026-08-21,23,6,2026-08-21 11:01:00,5,BTS三日月開設30周年記念,2,4949,横田 貴満,2,33,50,0,0,0.16,5.85,36.84,55.79,5.69,30.95,57.14,36.89,53.33,35.51,50.47
2026-08-21,23,6,2026-08-21 11:01:00,5,BTS三日月開設30周年記念,3,5273,山下 拓巳,3,24,52,0,0,0.17,3.73,18.27,28.85,0,0,0,33.19,50.22,26.13,40.54
2026-08-21,23,6,2026-08-21 11:01:00,5,BTS三日月開設30周年記念,4,4430,永田 秀二,2,40,55.3,0,0,0.17,5.79,35,60.83,5.25,37.5,62.5,39.17,52.53,33.96,44.34
2026-08-21,23,6,2026-08-21 11:01:00,5,BTS三日月開設30周年記念,5,4723,寺島 吉彦,3,40,50.5,0,0,0.17,4.58,30.99,39.44,5.41,35.29,64.71,45.42,62.08,28.57,48.21
2026-08-21,23,6,2026-08-21 11:01:00,5,BTS三日月開設30周年記念,6,5036,福田 翔吾,3,28,52.2,0,0,0.18,5.3,33.91,54.78,5.26,37.04,55.56,34.74,48.83,21.3,37.04
2026-08-21,23,7,2026-08-21 11:30:00,5,BTS三日月開設30周年記念,1,3687,花田 和明,3,56,52.4,0,0,0.16,5.07,30.93,48.45,5.71,35.71,57.14,33.04,49.11,37.04,56.48
2026-08-21,23,7,2026-08-21 11:30:00,5,BTS三日月開設30周年記念,2,4610,佐藤 大佑,1,36,54,1,0,0.15,6.03,41.9,54.29,7.89,88.89,88.89,33.98,53.4,33.94,57.8
2026-08-21,23,7,2026-08-21 11:30:00,5,BTS三日月開設30周年記念,3,3929,杢野 誓良,3,50,52,0,0,0.16,4.13,18.18,35.35,0,0,0,35.45,51.36,38.18,62.73
2026-08-21,23,7,2026-08-21 11:30:00,5,BTS三日月開設30周年記念,4,3523,寳田 亮治,3,57,52.1,0,0,0.2,4.41,21.05,46.05,4.98,26.53,53.06,38.05,55.75,21.15,33.65
2026-08-21,23,7,2026-08-21 11:30:00,5,BTS三日月開設30周年記念,5,5469,今泉 博人,4,17,54,0,0,,1.6,0,2.33,1.53,0,0,29.85,46.27,39.05,49.52
2026-08-21,23,7,2026-08-21 11:30:00,5,BTS三日月開設30周年記念,6,4925,森 悠稀,2,33,52,0,0,0.16,5.93,35.78,63.3,6.71,52.94,76.47,19.68,36.17,37.04,55.56
2026-08-21,23,8,2026-08-21 12:01:00,5,BTS三日月開設30周年記念,1,4232,笠 雅雄,3,43,52.7,0,0,0.17,6.08,41.75,60.19,4.59,26.47,41.18,33.63,53.36,41.96,58.04
2026-08-21,23,8,2026-08-21 12:01:00,5,BTS三日月開設30周年記念,2,4952,吉武 真也,3,32,52.3,0,0,0.19,4.26,20.43,34.41,3.61,17.39,26.09,35.59,50,26.21,41.75
2026-08-21,23,8,2026-08-21 12:01:00,5,BTS三日月開設30周年記念,3,4367,山口 修路,3,40,52.3,0,0,0.23,4.4,18.52,43.21,5.17,33.33,33.33,34.7,50.23,36.28,55.75
2026-08-21,23,8,2026-08-21 12:01:00,5,BTS三日月開設30周年記念,4,3577,向所 浩二,3,53,57.9,0,0,0.17,4.61,21.35,40.45,5.24,35.14,54.05,32.3,51.33,32.04,49.51
2026-08-21,23,8,2026-08-21 12:01:00,5,BTS三日月開設30周年記念,5,4624,高田 明,1,41,52,1,0,0.17,6.23,45.36,59.79,6.38,48.6,68.22,40.09,59.91,27.78,40.74
2026-08-21,23,8,2026-08-21 12:01:00,5,BTS三日月開設30周年記念,6,5429,吉川 颯汰,4,23,54.6,0,0,0.22,1.14,0,1.72,1.09,0,0,35.27,55.8,27.45,48.04
2026-08-21,23,9,2026-08-21 12:32:00,5,BTS三日月開設30周年記念,1,5002,上田 健太,2,30,52,0,0,0.17,5.56,34.82,57.14,5.38,37.5,50,34.31,46.57,26.6,41.49
2026-08-21,23,9,2026-08-21 12:32:00,5,BTS三日月開設30周年記念,2,4148,枝尾 賢,2,44,52.1,0,0,0.14,6.23,40.83,61.67,5.94,47.06,47.06,39.74,52.14,24.76,44.76
2026-08-21,23,9,2026-08-21 12:32:00,5,BTS三日月開設30周年記念,3,4905,土井 祥伍,3,31,53.8,0,0,0.21,4.68,25,42,4.31,31.25,43.75,35.75,53.62,37.11,49.48
2026-08-21,23,9,2026-08-21 12:32:00,5,BTS三日月開設30周年記念,4,4864,小川 日紀太,3,36,52.4,1,0,0.17,4.49,23.08,39.56,4,20.51,35.9,38.07,55.05,36.79,55.66
2026-08-21,23,9,2026-08-21 12:32:00,5,BTS三日月開設30周年記念,5,4762,藤原 啓史朗,1,36,51.5,0,0,0.13,7.31,53.28,73.77,0,0,0,32.39,50.7,23.6,41.57
2026-08-21,23,9,2026-08-21 12:32:00,5,BTS三日月開設30周年記念,6,3459,中野 和裕,3,59,52.9,1,0,0.17,3.31,12.79,20.93,3.99,22.12,32.69,31.67,50.68,24.51,35.29
2026-08-21,23,10,2026-08-21 13:07:00,5,BTS三日月開設30周年記念,1,4949,横田 貴満,2,33,50,0,0,0.16,5.85,36.84,55.79,5.69,30.95,57.14,36.89,53.33,35.51,50.47
2026-08-21,23,10,2026-08-21 13:07:00,5,BTS三日月開設30周年記念,2,3690,河合 三弘,3,55,52.6,0,0,0.19,4.77,29.36,44.95,5.65,38.46,53.85,38.35,53.4,33,54
2026-08-21,23,10,2026-08-21 13:07:00,5,BTS三日月開設30周年記念,3,3822,平尾 崇典,1,53,49.5,0,0,0.15,6.35,45.13,60.18,7.67,61.9,85.71,21.47,39.88,30.48,46.67
2026-08-21,23,10,2026-08-21 13:07:00,5,BTS三日月開設30周年記念,4,4842,山下 昂大,2,34,52.8,1,0,0.16,5.89,38.54,56.25,6.24,47.06,70.59,37.56,56.59,38.32,55.14
2026-08-21,23,10,2026-08-21 13:07:00,5,BTS三日月開設30周年記念,5,4409,坂元 浩仁,1,40,54,1,0,0.15,6.4,50,61.32,5.75,40,60,32.88,50,37.84,56.76
2026-08-21,23,10,2026-08-21 13:07:00,5,BTS三日月開設30周年記念,6,4564,山本 景士郎,3,38,52.2,0,0,0.19,4.68,23.21,44.64,5.34,28.57,54.29,40.95,61.43,35.85,56.6
2026-08-21,23,11,2026-08-21 13:43:00,5,BTS三日月開設30周年記念,1,4910,中村 泰平,1,30,52,0,0,0.15,6.97,56.07,71.03,7.86,75,82.14,30.43,50.72,27.03,40.54
2026-08-21,23,11,2026-08-21 13:43:00,5,BTS三日月開設30周年記念,2,5135,仲 航太,3,26,52.8,1,0,0.19,5.54,41.89,56.76,4.44,11.11,55.56,33.51,46.49,27.93,53.15
2026-08-21,23,11,2026-08-21 13:43:00,5,BTS三日月開設30周年記念,3,4925,森 悠稀,2,33,52,0,0,0.16,5.93,35.78,63.3,6.71,52.94,76.47,19.68,36.17,37.04,55.56
2026-08-21,23,11,2026-08-21 13:43:00,5,BTS三日月開設30周年記念,4,4812,西野 雄貴,1,36,51.5,0,0,0.14,7.49,59.76,81.71,6.58,50,70.83,46.02,61.5,41.07,53.57
2026-08-21,23,11,2026-08-21 13:43:00,5,BTS三日月開設30周年記念,5,5273,山下 拓巳,3,24,52,0,0,0.17,3.73,18.27,28.85,0,0,0,33.19,50.22,26.13,40.54
2026-08-21,23,11,2026-08-21 13:43:00,5,BTS三日月開設30周年記念,6,4402,乙藤 智史,2,41,54.1,0,0,0.17,6.29,44.74,64.04,5.36,35.71,50,24.43,40.34,30,55.45
2026-08-21,23,12,2026-08-21 14:22:00,5,BTS三日月開設30周年記念,1,4624,高田 明,1,41,51.5,1,0,0.17,6.23,45.36,59.79,6.38,48.6,68.22,40.09,59.91,27.78,40.74
2026-08-21,23,12,2026-08-21 14:22:00,5,BTS三日月開設30周年記念,2,4375,照屋 厚仁,2,42,51.5,0,0,0.17,5.69,37.29,56.78,5.45,41.38,58.62,40.34,54.2,25.49,41.18
2026-08-21,23,12,2026-08-21 14:22:00,5,BTS三日月開設30周年記念,3,4704,河野 大,1,38,52,0,0,0.14,6.5,48.18,63.5,6.38,45.95,64.86,34.18,51.48,20.72,31.53
2026-08-21,23,12,2026-08-21 14:22:00,5,BTS三日月開設30周年記念,4,4441,末永 由楽,2,39,53,0,0,0.14,5.6,32.8,52,6.18,41.18,58.82,31.46,52.11,39.81,57.41
2026-08-21,23,12,2026-08-21 14:22:00,5,BTS三日月開設30周年記念,5,4610,佐藤 大佑,1,36,53.6,1,0,0.15,6.03,41.9,54.29,7.89,88.89,88.89,33.98,53.4,33.94,57.8
2026-08-21,23,12,2026-08-21 14:22:00,5,BTS三日月開設30周年記念,6,4430,永田 秀二,2,40,55.7,0,0,0.17,5.79,35,60.83,5.25,37.5,62.5,39.17,52.53,33.96,44.34
2026-08-21,24,1,2026-08-21 17:41:00,5,ミッドナイトボートレースin大村 7,1,4515,藤田 浩人,2,40,53.4,0,0,0.17,5.78,36.15,60,6.64,48.94,68.09,40,58.18,30.23,53.49
2026-08-21,24,1,2026-08-21 17:41:00,5,ミッドナイトボートレースin大村 7,2,4527,高野 心吾,3,38,52,0,0,0.17,4.4,24.14,39.08,4.59,23.53,41.18,36,52,45.61,66.67
2026-08-21,24,1,2026-08-21 17:41:00,5,ミッドナイトボートレースin大村 7,3,4315,山崎 昂介,3,42,52.1,0,0,0.18,5.19,32.67,44.55,5.84,42.24,61.21,42.86,60.71,23.81,47.62
2026-08-21,24,1,2026-08-21 17:41:00,5,ミッドナイトボートレースin大村 7,4,3542,清水 紀克,3,57,55.6,0,0,0.19,4.13,20.59,38.24,0,0,0,36.84,54.39,34.48,50
2026-08-21,24,1,2026-08-21 17:41:00,5,ミッドナイトボートレースin大村 7,5,4892,柴田 直哉,3,36,52,0,0,0.19,4.88,29.36,45.87,5,33.33,55.56,28.3,43.4,37.93,55.17
2026-08-21,24,1,2026-08-21 17:41:00,5,ミッドナイトボートレースin大村 7,6,4506,稗田 聖也,1,38,52,0,0,0.14,6.09,45.92,61.22,7.33,66.67,66.67,33.33,50.98,23.81,40.48
2026-08-21,24,2,2026-08-21 18:08:00,5,ミッドナイトボートレースin大村 7,1,3340,池田 雷太,3,61,52.8,0,0,0.18,4.13,22.45,33.67,2.83,0,16.67,33.33,55,29.55,47.73
2026-08-21,24,2,2026-08-21 18:08:00,5,ミッドナイトボートレースin大村 7,2,5190,大月 遊雅,3,25,52,0,0,0.18,3.89,14.94,34.48,4.44,22.22,33.33,42.11,63.16,9.3,23.26
2026-08-21,24,2,2026-08-21 18:08:00,5,ミッドナイトボートレースin大村 7,3,4735,角山 雄哉,3,35,52.5,0,0,0.16,4.82,27.66,45.74,2.91,9.09,18.18,30.77,34.62,25,40
2026-08-21,24,2,2026-08-21 18:08:00,5,ミッドナイトボートレースin大村 7,4,3747,國崎 良春,2,51,52,0,0,0.16,5.49,34.74,57.89,6.71,42.86,71.43,50.85,67.8,22.22,42.22
2026-08-21,24,2,2026-08-21 18:08:00,5,ミッドナイトボートレースin大村 7,5,4932,新開 航,1,30,51.5,0,0,0.15,7.46,54.05,70.27,7.14,50,64.29,45,68.33,32,50
2026-08-21,24,2,2026-08-21 18:08:00,5,ミッドナイトボートレースin大村 7,6,4487,三原 司,3,40,52,1,0,0.18,4.76,23.33,44.44,5.33,37.5,50,18,40,24.39,48.78
2026-08-21,24,3,2026-08-21 18:34:00,5,ミッドナイトボートレースin大村 7,1,4100,松田 隆司,3,47,52.1,0,0,0.16,4.71,28.28,47.47,5.2,34.78,52.17,18.87,30.19,42.86,64.29
2026-08-21,24,3,2026-08-21 18:34:00,5,ミッドナイトボートレースin大村 7,2,5126,山下 大輝,1,29,51.5,0,0,0.15,6.94,51.82,73.64,7.78,77.78,81.48,28.3,35.85,30,50
2026-08-21,24,3,2026-08-21 18:34:00,5,ミッドナイトボートレースin大村 7,3,5160,藤森 陸斗,2,27,52.8,0,0,0.15,5.85,39.69,61.07,5,34.62,50,28.3,35.85,27.12,42.37
2026-08-21,24,3,2026-08-21 18:34:00,5,ミッドナイトボートレースin大村 7,4,4176,樋口 喜彦,4,43,54.4,0,0,0.18,3.41,17.65,27.45,4.67,22.22,44.44,22,30,21.62,40.54
2026-08-21,24,3,2026-08-21 18:34:00,5,ミッドナイトボートレースin大村 7,5,4615,板倉 敦史,3,46,52.8,0,0,0.19,4.62,25,40.22,3.5,0,25,41.51,62.26,41.07,58.93
2026-08-21,24,3,2026-08-21 18:34:00,5,ミッドナイトボートレースin大村 7,6,4143,浦田 晃嗣,3,45,53.9,0,0,0.16,3.97,19.1,34.83,3.24,12,28,18.52,37.04,25.53,36.17
2026-08-21,24,4,2026-08-21 19:03:00,5,ミッドナイトボートレースin大村 7,1,4040,廣瀬 将亨,2,47,55,0,0,0.15,5.78,37.5,53.91,5.54,34,54,39.66,53.45,36.21,48.28
2026-08-21,24,4,2026-08-21 19:03:00,5,ミッドナイトボートレースin大村 7,2,5351,齊藤 廉,3,22,52,1,0,0.16,5.06,35.51,50.47,3.78,21.88,34.38,23.21,39.29,23.26,32.56
2026-08-21,24,4,2026-08-21 19:03:00,5,ミッドナイトボートレースin大村 7,3,4584,村岡 賢人,1,36,52,1,0,0.12,6.38,41.75,60.19,7.53,66.67,93.33,48.28,58.62,28.57,47.62
2026-08-21,24,4,2026-08-21 19:03:00,5,ミッドナイトボートレースin大村 7,4,4381,田路 朋史,2,41,52,0,0,0.17,5.38,37.08,48.31,5.5,28.57,50,33.33,47.37,13.51,16.22
2026-08-21,24,4,2026-08-21 19:03:00,5,ミッドナイトボートレースin大村 7,5,4879,山崎 鉄平,3,31,52,0,0,0.17,4.99,31.11,50,5.46,50,53.85,22,38,39.22,66.67
2026-08-21,24,4,2026-08-21 19:03:00,5,ミッドナイトボートレースin大村 7,6,4665,加藤 啓太,3,42,52,1,0,0.17,4.23,18.75,35.42,4.05,15,40,19.23,40.38,21.43,40.48
2026-08-21,24,5,2026-08-21 19:30:00,5,ミッドナイトボートレースin大村 7,1,4603,谷川 将太,3,38,52,0,0,0.16,5.93,44.32,65.91,5.62,38.13,58.13,37.93,55.17,27.91,44.19
2026-08-21,24,5,2026-08-21 19:30:00,5,ミッドナイトボートレースin大村 7,2,5102,原田 雄次,3,28,52,1,0,0.2,5.33,32.71,57.01,6.57,52.38,76.19,23.08,40.38,12.5,32.5
2026-08-21,24,5,2026-08-21 19:30:00,5,ミッドナイトボートレースin大村 7,3,5007,近藤 雄一郎,3,29,52.7,1,0,0.18,4.69,23.53,38.24,4.48,24,36,20.75,41.51,29.55,45.45
2026-08-21,24,5,2026-08-21 19:30:00,5,ミッドナイトボートレースin大村 7,4,4736,高倉 和士,1,35,52.1,0,0,0.14,7.22,58.21,76.12,5.33,22.22,33.33,29.63,44.44,44.26,55.74
2026-08-21,24,5,2026-08-21 19:30:00,5,ミッドナイトボートレースin大村 7,5,5096,上原 崚,2,31,52.3,0,0,0.16,6.24,38.6,63.16,0,0,0,42.86,55.36,28.85,46.15
2026-08-21,24,5,2026-08-21 19:30:00,5,ミッドナイトボートレースin大村 7,6,3315,広瀬 聖仁,3,60,52.7,0,0,0.16,4.4,23.53,35.29,5.42,34.62,46.15,32.14,39.29,30,52.5
2026-08-21,24,6,2026-08-21 19:56:00,5,ミッドナイトボートレースin大村 7,1,3458,東 健介,3,59,54,0,0,0.16,3.77,13.95,24.42,3.03,2.7,16.22,15.38,26.92,27.27,50
2026-08-21,24,6,2026-08-21 19:56:00,5,ミッドナイトボートレースin大村 7,2,4697,國弘 翔平,3,40,51,0,0,0.17,4.09,18.37,36.73,3.25,12.5,25,26.79,48.21,27.5,32.5
2026-08-21,24,6,2026-08-21 19:56:00,5,ミッドナイトボートレースin大村 7,3,4630,岩永 雅人,2,39,52.4,0,0,0.19,5.77,36,60,5,34.21,47.37,38.18,45.45,24.32,32.43
2026-08-21,24,6,2026-08-21 19:56:00,5,ミッドナイトボートレースin大村 7,4,3612,馬袋 義則,1,53,52.6,0,0,0.14,6.75,54.35,71.01,5.25,33.33,41.67,22.64,33.96,28.21,43.59
2026-08-21,24,6,2026-08-21 19:56:00,5,ミッドナイトボートレースin大村 7,5,5398,鐘ヶ江 真司,3,24,52,1,0,0.19,4.24,22.52,34.23,6,55.56,55.56,24.53,39.62,29.27,56.1
2026-08-21,24,6,2026-08-21 19:56:00,5,ミッドナイトボートレースin大村 7,6,3542,清水 紀克,3,57,55.6,0,0,0.19,4.13,20.59,38.24,0,0,0,36.84,54.39,34.48,50
2026-08-21,24,7,2026-08-21 20:25:00,5,ミッドナイトボートレースin大村 7,1,4174,赤坂 俊輔,1,43,52.2,0,0,0.15,6.41,42.86,64.66,6.46,42.68,67.52,46.67,66.67,29.55,43.18
2026-08-21,24,7,2026-08-21 20:25:00,5,ミッドナイトボートレースin大村 7,2,4735,角山 雄哉,3,35,52.5,0,0,0.16,4.82,27.66,45.74,2.91,9.09,18.18,30.77,34.62,25,40
2026-08-21,24,7,2026-08-21 20:25:00,5,ミッドナイトボートレースin大村 7,3,4527,高野 心吾,3,38,52,0,0,0.17,4.4,24.14,39.08,4.59,23.53,41.18,36,52,45.61,66.67
2026-08-21,24,7,2026-08-21 20:25:00,5,ミッドナイトボートレースin大村 7,4,5232,樅山 拓馬,3,29,52,0,0,0.16,5.28,31,47,4.06,16.67,27.78,18.87,33.96,14.63,24.39
2026-08-21,24,7,2026-08-21 20:25:00,5,ミッドナイトボートレースin大村 7,5,5124,上瀧 絢也,3,30,52.6,0,0,0.17,4.3,23.08,38.46,4.15,19.23,30.77,42.11,57.89,26.83,46.34
2026-08-21,24,7,2026-08-21 20:25:00,5,ミッドナイトボートレースin大村 7,6,3569,増田 進,3,55,52.1,1,0,0.18,3.96,17.53,31.96,4.39,16.67,38.89,11.32,24.53,33.33,57.89
2026-08-21,24,8,2026-08-21 20:59:00,5,ミッドナイトボートレースin大村 7,1,4077,品田 直樹,2,47,52.5,0,0,0.17,5.37,30.09,52.21,4.38,23.08,42.31,52.46,77.05,34.69,57.14
2026-08-21,24,8,2026-08-21 20:59:00,5,ミッドナイトボートレースin大村 7,2,4725,佐竹 太一,3,39,52.5,0,0,0.18,4.89,23.3,44.66,5.45,31.82,54.55,23.64,43.64,25,37.5
2026-08-21,24,8,2026-08-21 20:59:00,5,ミッドナイトボートレースin大村 7,3,4615,板倉 敦史,3,46,52.8,0,0,0.19,4.62,25,40.22,3.5,0,25,41.51,62.26,41.07,58.93
2026-08-21,24,8,2026-08-21 20:59:00,5,ミッドナイトボートレースin大村 7,4,3340,池田 雷太,3,61,53.4,0,0,0.18,4.13,22.45,33.67,2.83,0,16.67,33.33,55,29.55,47.73
2026-08-21,24,8,2026-08-21 20:59:00,5,ミッドナイトボートレースin大村 7,5,4315,山崎 昂介,3,42,52,0,0,0.18,5.19,32.67,44.55,5.84,42.24,61.21,42.86,60.71,23.81,47.62
2026-08-21,24,8,2026-08-21 20:59:00,5,ミッドナイトボートレースin大村 7,6,5126,山下 大輝,1,29,51,0,0,0.15,6.94,51.82,73.64,7.78,77.78,81.48,28.3,35.85,30,50
2026-08-21,24,9,2026-08-21 21:25:00,5,ミッドナイトボートレースin大村 7,1,4176,樋口 喜彦,4,43,54.4,0,0,0.18,3.41,17.65,27.45,4.67,22.22,44.44,22,30,21.62,40.54
2026-08-21,24,9,2026-08-21 21:25:00,5,ミッドナイトボートレースin大村 7,2,4892,柴田 直哉,3,36,52,0,0,0.19,4.88,29.36,45.87,5,33.33,55.56,28.3,43.4,37.93,55.17
2026-08-21,24,9,2026-08-21 21:25:00,5,ミッドナイトボートレースin大村 7,3,4932,新開 航,1,30,51.5,0,0,0.15,7.46,54.05,70.27,7.14,50,64.29,45,68.33,32,50
2026-08-21,24,9,2026-08-21 21:25:00,5,ミッドナイトボートレースin大村 7,4,5351,齊藤 廉,3,22,52,1,0,0.16,5.06,35.51,50.47,3.78,21.88,34.38,23.21,39.29,23.26,32.56
2026-08-21,24,9,2026-08-21 21:25:00,5,ミッドナイトボートレースin大村 7,5,5169,堀本 翔太,4,25,49.5,0,0,0.19,3.46,10,22,0,0,0,50,63.46,34.55,52.73
2026-08-21,24,9,2026-08-21 21:25:00,5,ミッドナイトボートレースin大村 7,6,4526,池田 雄祐,2,38,51,0,0,0.15,4.96,26.47,44.12,6.05,47.37,57.89,14,32,43.86,57.89
2026-08-21,24,10,2026-08-21 21:51:00,5,ミッドナイトボートレースin大村 7,1,4584,村岡 賢人,1,36,52,1,0,0.12,6.38,41.75,60.19,7.53,66.67,93.33,48.28,58.62,28.57,47.62
2026-08-21,24,10,2026-08-21 21:51:00,5,ミッドナイトボートレースin大村 7,2,4633,森 智也,2,37,52,0,0,0.17,5.39,31.62,55.56,5.71,33.33,58.33,25.93,50,21.43,40.48
2026-08-21,24,10,2026-08-21 21:51:00,5,ミッドナイトボートレースin大村 7,3,5102,原田 雄次,3,28,52,1,0,0.2,5.33,32.71,57.01,6.57,52.38,76.19,23.08,40.38,12.5,32.5
2026-08-21,24,10,2026-08-21 21:51:00,5,ミッドナイトボートレースin大村 7,4,4100,松田 隆司,3,47,52.1,0,0,0.16,4.71,28.28,47.47,5.2,34.78,52.17,18.87,30.19,42.86,64.29
2026-08-21,24,10,2026-08-21 21:51:00,5,ミッドナイトボートレースin大村 7,5,5190,大月 遊雅,3,25,52,0,0,0.18,3.89,14.94,34.48,4.44,22.22,33.33,42.11,63.16,9.3,23.26
2026-08-21,24,10,2026-08-21 21:51:00,5,ミッドナイトボートレースin大村 7,6,4363,大野 芳顕,2,41,52.6,0,0,0.17,5.23,31.67,52.5,5.74,33.33,59.26,45.45,63.64,32.76,41.38
2026-08-21,24,11,2026-08-21 22:16:00,5,ミッドナイトボートレースin大村 7,1,3612,馬袋 義則,1,53,52.6,0,0,0.14,6.75,54.35,71.01,5.25,33.33,41.67,22.64,33.96,28.21,43.59
2026-08-21,24,11,2026-08-21 22:16:00,5,ミッドナイトボートレースin大村 7,2,4506,稗田 聖也,1,38,52,0,0,0.14,6.09,45.92,61.22,7.33,66.67,66.67,33.33,50.98,23.81,40.48
2026-08-21,24,11,2026-08-21 22:16:00,5,ミッドナイトボートレースin大村 7,3,5096,上原 崚,2,31,52.3,0,0,0.16,6.24,38.6,63.16,0,0,0,42.86,55.36,28.85,46.15
2026-08-21,24,11,2026-08-21 22:16:00,5,ミッドナイトボートレースin大村 7,4,4515,藤田 浩人,2,40,53.4,0,0,0.17,5.78,36.15,60,6.64,48.94,68.09,40,58.18,30.23,53.49
2026-08-21,24,11,2026-08-21 22:16:00,5,ミッドナイトボートレースin大村 7,5,4697,國弘 翔平,3,40,51,0,0,0.17,4.09,18.37,36.73,3.25,12.5,25,26.79,48.21,27.5,32.5
2026-08-21,24,11,2026-08-21 22:16:00,5,ミッドナイトボートレースin大村 7,6,4381,田路 朋史,2,41,52,0,0,0.17,5.38,37.08,48.31,5.5,28.57,50,33.33,47.37,13.51,16.22
2026-08-21,24,12,2026-08-21 22:41:00,5,ミッドナイトボートレースin大村 7,1,4736,高倉 和士,1,35,52.1,0,0,0.14,7.22,58.21,76.12,5.33,22.22,33.33,29.63,44.44,44.26,55.74
2026-08-21,24,12,2026-08-21 22:41:00,5,ミッドナイトボートレースin大村 7,2,5160,藤森 陸斗,2,27,52.8,0,0,0.15,5.85,39.69,61.07,5,34.62,50,28.3,35.85,27.12,42.37
2026-08-21,24,12,2026-08-21 22:41:00,5,ミッドナイトボートレースin大村 7,3,4174,赤坂 俊輔,1,43,52.2,0,0,0.15,6.41,42.86,64.66,6.46,42.68,67.52,46.67,66.67,29.55,43.18
2026-08-21,24,12,2026-08-21 22:41:00,5,ミッドナイトボートレースin大村 7,4,4040,廣瀬 将亨,2,47,55,0,0,0.15,5.78,37.5,53.91,5.54,34,54,39.66,53.45,36.21,48.28
2026-08-21,24,12,2026-08-21 22:41:00,5,ミッドナイトボートレースin大村 7,5,4630,岩永 雅人,2,39,52.4,0,0,0.19,5.77,36,60,5,34.21,47.37,38.18,45.45,24.32,32.43
2026-08-21,24,12,2026-08-21 22:41:00,5,ミッドナイトボートレースin大村 7,6,3747,國崎 良春,2,51,52,0,0,0.16,5.49,34.74,57.89,6.71,42.86,71.43,50.85,67.8,22.22,42.22
